snapshot_ts,expiry,days_to_expiry,strike,option_type,bid,ask,mark_price,forward_price,index_price,implied_vol,delta,gamma,vega,open_interest,volume_24h
2026-08-20T16:38:29Z,2026-08-21,1,53000.0,C,0.266,0.2685,0.2676,72362.75,72390.47,0.9897,1.0,0.0,0.0,0.0,0.0
2026-08-20T16:38:29Z,2026-08-21,1,53000.0,P,0.0,0.0001,0.0,72359.77,72390.47,0.9897,0.0,0.0,0.0,123.7,0.0
2026-08-20T16:38:29Z,2026-08-21,1,55000.0,C,0.238,0.241,0.2399,72362.75,72390.47,0.9897,1.0,0.0,0.0,0.0,0.0
2026-08-20T16:38:29Z,2026-08-21,1,55000.0,P,0.0,0.0001,0.0,72362.75,72390.47,0.9897,0.0,0.0,0.0,93.9,2.8
2026-08-20T16:38:29Z,2026-08-21,1,56000.0,C,0.224,0.227,0.2261,72359.77,72390.47,0.9897,1.0,0.0,0.0,0.0,0.0
2026-08-20T16:38:29Z,2026-08-21,1,56000.0,P,0.0,0.0001,0.0,72359.77,72390.47,0.9897,0.0,0.0,0.0,123.0,0.0
2026-08-20T16:38:29Z,2026-08-21,1,58000.0,C,0.1965,0.1995,0.1985,72359.77,72390.47,0.9897,1.0,0.0,1e-05,0.0,0.0
2026-08-20T16:38:29Z,2026-08-21,1,58000.0,P,0.0,0.0001,0.0,72359.77,72390.47,0.9897,0.0,0.0,1e-05,538.3,150.0
2026-08-20T16:38:29Z,2026-08-21,1,59000.0,C,0.1825,0.186,0.1847,72359.77,72390.47,0.9897,1.0,0.0,6e-05,0.0,0.0
2026-08-20T16:38:29Z,2026-08-21,1,59000.0,P,0.0,0.0001,0.0,72359.77,72390.47,0.9897,0.0,0.0,6e-05,342.7,118.8
2026-08-20T16:38:29Z,2026-08-21,1,60000.0,C,0.169,0.1725,0.1708,72360.08,72390.47,0.9143000000000001,1.0,0.0,7e-05,1.0,0.0
2026-08-20T16:38:29Z,2026-08-21,1,60000.0,P,0.0,0.0001,0.0,72359.54,72390.47,0.9143000000000001,0.0,0.0,7e-05,1715.6,17.7
2026-08-20T16:38:29Z,2026-08-21,1,61000.0,C,0.156,0.158,0.157,72359.54,72390.47,0.8896,1.0,0.0,0.0003,13.5,15.2
2026-08-20T16:38:29Z,2026-08-21,1,61000.0,P,0.0,0.0001,0.0,72360.08,72390.47,0.8896,0.0,0.0,0.0003,1033.5,17.8
2026-08-20T16:38:29Z,2026-08-21,1,62000.0,C,0.142,0.144,0.1432,72360.08,72390.47,0.8895000000000001,0.99998,0.0,0.00206,60.2,1.7
2026-08-20T16:38:29Z,2026-08-21,1,62000.0,P,0.0,0.0001,0.0,72360.08,72390.47,0.8895000000000001,-2e-05,0.0,0.00206,966.1,125.0
2026-08-20T16:38:29Z,2026-08-21,1,62500.0,C,0.134,0.1375,0.1363,72359.54,72390.47,0.8895000000000001,0.99996,0.0,0.00494,0.0,0.0
2026-08-20T16:38:29Z,2026-08-21,1,62500.0,P,0.0,0.0001,0.0,72360.08,72390.47,0.8895000000000001,-4e-05,0.0,0.00494,110.3,5.0
2026-08-20T16:38:29Z,2026-08-21,1,63000.0,C,0.128,0.1305,0.1294,72360.08,72390.47,0.8664000000000001,0.99994,0.0,0.00772,268.3,0.9
2026-08-20T16:38:29Z,2026-08-21,1,63000.0,P,0.0,0.0001,0.0,72360.08,72390.47,0.8664000000000001,-6e-05,0.0,0.00772,376.9,176.4
2026-08-20T16:38:29Z,2026-08-21,1,63500.0,C,0.121,0.1235,0.1225,72359.54,72390.47,0.8664000000000001,0.99985,0.0,0.01741,178.0,0.0
2026-08-20T16:38:29Z,2026-08-21,1,63500.0,P,0.0,0.0001,0.0,72360.08,72390.47,0.8664000000000001,-0.00015,0.0,0.0174,143.6,102.6
2026-08-20T16:38:29Z,2026-08-21,1,64000.0,C,0.1145,0.1165,0.1156,72360.08,72390.47,0.8661,0.99967,0.0,0.03702,330.3,3.7
2026-08-20T16:38:29Z,2026-08-21,1,64000.0,P,0.0,0.0001,0.0,72360.08,72390.47,0.8661,-0.00033,0.0,0.03702,218.7,21.4
2026-08-20T16:38:29Z,2026-08-21,1,64500.0,C,0.1075,0.11,0.1087,72360.08,72390.47,0.8545,0.99938,0.0,0.06541,117.7,2.0
2026-08-20T16:38:29Z,2026-08-21,1,64500.0,P,0.0,0.0001,0.0,72360.08,72390.47,0.8545,-0.00062,0.0,0.06541,171.5,53.4
2026-08-20T16:38:29Z,2026-08-21,1,65000.0,C,0.1005,0.1025,0.1017,72361.4,72390.47,0.8326,0.99902,0.0,0.10026,1280.4,83.1
2026-08-20T16:38:29Z,2026-08-21,1,65000.0,P,0.0,0.0001,0.0,72361.4,72390.47,0.8326,-0.00098,0.0,0.10026,207.9,85.6
2026-08-20T16:38:29Z,2026-08-21,1,65500.0,C,0.0935,0.096,0.0948,72361.4,72390.47,0.7852,0.99885,0.0,0.11629,163.2,0.9
2026-08-20T16:38:29Z,2026-08-21,1,65500.0,P,0.0,0.0001,0.0,72360.22,72390.47,0.7852,-0.00116,0.0,0.11646,84.7,78.4
2026-08-20T16:38:29Z,2026-08-21,1,66000.0,C,0.087,0.089,0.0879,72360.22,72390.47,0.7384000000000001,0.99861,0.0,0.13745,1284.6,213.6
2026-08-20T16:38:29Z,2026-08-21,1,66000.0,P,0.0,0.0001,0.0,72360.22,72390.47,0.7384000000000001,-0.00139,0.0,0.13745,385.5,124.9
2026-08-20T16:38:29Z,2026-08-21,1,66500.0,C,0.0795,0.082,0.081,72361.4,72390.47,0.7114,0.99782,0.0,0.20743,100.0,100.0
2026-08-20T16:38:29Z,2026-08-21,1,66500.0,P,0.0,0.0001,0.0,72361.4,72390.47,0.7114,-0.00218,0.0,0.20743,98.5,119.5
2026-08-20T16:38:29Z,2026-08-21,1,67000.0,C,0.073,0.0755,0.0741,72360.22,72390.47,0.708,0.9955,1e-05,0.39893,2116.4,291.0
2026-08-20T16:38:29Z,2026-08-21,1,67000.0,P,0.0,0.0001,0.0,72361.4,72390.47,0.708,-0.0045,1e-05,0.39837,734.7,920.0
2026-08-20T16:38:29Z,2026-08-21,1,67500.0,C,0.066,0.0685,0.0672,72361.4,72390.47,0.6914,0.99219,1e-05,0.65032,150.0,150.0
2026-08-20T16:38:29Z,2026-08-21,1,67500.0,P,0.0,0.0001,0.0001,72361.4,72390.47,0.6914,-0.00781,1e-05,0.65032,91.2,100.3
2026-08-20T16:38:29Z,2026-08-21,1,68000.0,C,0.059,0.0615,0.0603,72361.4,72390.47,0.6361,0.99056,1e-05,0.76784,1820.1,757.6
2026-08-20T16:38:29Z,2026-08-21,1,68000.0,P,0.0,0.0002,0.0001,72361.4,72390.47,0.6361,-0.00944,1e-05,0.76784,699.4,792.5
2026-08-20T16:38:29Z,2026-08-21,1,68500.0,C,0.052,0.0545,0.0535,72361.4,72390.47,0.5937,0.98675,2e-05,1.03058,35.1,26.5
2026-08-20T16:38:29Z,2026-08-21,1,68500.0,P,0.0001,0.0002,0.0001,72360.22,72390.47,0.5937,-0.01327,2e-05,1.03207,93.8,98.6
2026-08-20T16:38:29Z,2026-08-21,1,69000.0,C,0.0455,0.0475,0.0466,72360.22,72390.47,0.5312,0.9842,2e-05,1.1995,915.7,870.3
2026-08-20T16:38:29Z,2026-08-21,1,69000.0,P,0.0001,0.0002,0.0001,72360.22,72390.47,0.5312,-0.0158,2e-05,1.1995,200.8,213.9
2026-08-20T16:38:29Z,2026-08-21,1,69500.0,C,0.038,0.041,0.0397,72360.22,72390.47,0.4833,0.97745,4e-05,1.62354,70.6,87.4
2026-08-20T16:38:29Z,2026-08-21,1,69500.0,P,0.0001,0.0003,0.0002,72360.22,72390.47,0.4833,-0.02255,4e-05,1.62354,403.8,524.1
2026-08-20T16:38:29Z,2026-08-21,1,70000.0,C,0.0315,0.034,0.033,72361.97,72390.47,0.4669,0.95616,7e-05,2.81126,1069.7,1188.1
2026-08-20T16:38:29Z,2026-08-21,1,70000.0,P,0.0003,0.0005,0.0004,72361.45,72390.47,0.4669,-0.04387,7e-05,2.813,519.7,796.0
2026-08-20T16:38:29Z,2026-08-21,1,70500.0,C,0.025,0.0275,0.0263,72361.97,72390.47,0.439,0.92332,0.00011,4.36098,144.6,185.2
2026-08-20T16:38:29Z,2026-08-21,1,70500.0,P,0.0005,0.0008,0.0006,72361.97,72390.47,0.439,-0.07668,0.00011,4.36098,161.8,185.5
2026-08-20T16:38:29Z,2026-08-21,1,71000.0,C,0.0185,0.0215,0.0201,72361.97,72390.47,0.4277,0.85776,0.00017,6.81503,25.2,32.1
2026-08-20T16:38:29Z,2026-08-21,1,71000.0,P,0.0011,0.0015,0.0013,72361.45,72390.47,0.4277,-0.14233,0.00017,6.8179,39.3,63.7
2026-08-20T16:38:29Z,2026-08-21,1,71500.0,C,0.0135,0.016,0.0145,72361.97,72390.47,0.42560000000000003,0.75223,0.00025,9.57987,8.5,9.8
2026-08-20T16:38:29Z,2026-08-21,1,71500.0,P,0.0023,0.0029,0.0027,72361.97,72390.47,0.42560000000000003,-0.24777,0.00025,9.57987,73.2,80.9
2026-08-20T16:38:29Z,2026-08-21,1,72000.0,C,0.0095,0.0105,0.01,72361.97,72390.47,0.4335,0.61234,0.00029,11.60198,1539.2,1864.9
2026-08-20T16:38:29Z,2026-08-21,1,72000.0,P,0.0046,0.0055,0.005,72361.45,72390.47,0.4335,-0.38781,0.00029,11.60321,26.6,34.1
2026-08-20T16:38:29Z,2026-08-21,1,72500.0,C,0.006,0.007,0.0066,72361.97,72390.47,0.4507,0.46352,0.00029,12.03376,53.5,85.7
2026-08-20T16:38:29Z,2026-08-21,1,72500.0,P,0.008,0.009,0.0085,72361.45,72390.47,0.4507,-0.53664,0.00029,12.03325,13.7,14.8
2026-08-20T16:38:29Z,2026-08-21,1,73000.0,C,0.004,0.0045,0.0044,72361.97,72390.47,0.4788,0.33433,0.00025,11.02675,86.3,96.3
2026-08-20T16:38:29Z,2026-08-21,1,73000.0,P,0.012,0.014,0.0132,72361.97,72390.47,0.4788,-0.66567,0.00025,11.02675,0.1,0.1
2026-08-20T16:38:29Z,2026-08-21,1,75000.0,C,0.0009,0.001,0.001,72361.97,72390.47,0.6115999999999999,0.08292,8e-05,4.62654,975.6,2411.0
2026-08-20T16:38:29Z,2026-08-21,1,75000.0,P,0.036,0.04,0.0374,72361.45,72390.47,0.6115999999999999,-0.91713,8e-05,4.6247,0.2,0.0
2026-08-20T16:38:29Z,2026-08-22,2,57000.0,C,0.21,0.214,0.2124,72376.31,72390.47,0.9453,0.99993,0.0,0.01408,0.1,0.0
2026-08-20T16:38:29Z,2026-08-22,2,57000.0,P,0.0,0.0001,0.0,72375.79,72390.47,0.9453,-7e-05,0.0,0.01409,6.3,0.0
2026-08-20T16:38:29Z,2026-08-22,2,58000.0,C,0.196,0.2,0.1986,72376.31,72390.47,0.9453,0.99979,0.0,0.03851,0.0,0.0
2026-08-20T16:38:29Z,2026-08-22,2,58000.0,P,0.0,0.0001,0.0,72376.31,72390.47,0.9453,-0.00021,0.0,0.03851,0.5,0.0
2026-08-20T16:38:29Z,2026-08-22,2,59000.0,C,0.1825,0.1865,0.1848,72375.79,72390.47,0.9453,0.99944,0.0,0.09621,0.0,0.0
2026-08-20T16:38:29Z,2026-08-22,2,59000.0,P,0.0,0.0001,0.0,72375.79,72390.47,0.9453,-0.00056,0.0,0.09621,16.2,1.0
2026-08-20T16:38:29Z,2026-08-22,2,60000.0,C,0.1685,0.1725,0.171,72376.31,72390.47,0.9453,0.99861,0.0,0.22033,0.1,0.0
2026-08-20T16:38:29Z,2026-08-22,2,60000.0,P,0.0,0.0001,0.0,72376.56,72390.47,0.9453,-0.00139,0.0,0.22029,10.8,0.0
2026-08-20T16:38:29Z,2026-08-22,2,61000.0,C,0.154,0.159,0.1572,72376.31,72390.47,0.9365000000000001,0.99707,0.0,0.43399,0.0,0.0
2026-08-20T16:38:29Z,2026-08-22,2,61000.0,P,0.0,0.0002,0.0001,72376.56,72390.47,0.9365000000000001,-0.00293,0.0,0.43393,5.1,1.8
2026-08-20T16:38:29Z,2026-08-22,2,62000.0,C,0.1405,0.1455,0.1435,72376.34,72390.47,0.9128000000000001,0.99477,0.0,0.73063,0.1,0.0
2026-08-20T16:38:29Z,2026-08-22,2,62000.0,P,0.0,0.0002,0.0001,72376.56,72390.47,0.9128000000000001,-0.00523,0.0,0.73054,60.3,46.9
2026-08-20T16:38:29Z,2026-08-22,2,62500.0,C,0.134,0.1385,0.1366,72376.56,72390.47,0.8829,0.99395,0.0,0.8313,0.1,0.0
2026-08-20T16:38:29Z,2026-08-22,2,62500.0,P,0.0,0.0002,0.0001,72376.34,72390.47,0.8829,-0.00605,0.0,0.83141,34.9,15.5
2026-08-20T16:38:29Z,2026-08-22,2,63000.0,C,0.127,0.1315,0.1297,72376.56,72390.47,0.8473,0.99328,0.0,0.91232,0.1,0.0
2026-08-20T16:38:29Z,2026-08-22,2,63000.0,P,0.0,0.0002,0.0001,72376.34,72390.47,0.8473,-0.00673,0.0,0.91244,65.8,25.2
2026-08-20T16:38:29Z,2026-08-22,2,63500.0,C,0.12,0.1245,0.1228,72376.34,72390.47,0.8068000000000001,0.99279,1e-05,0.97011,0.1,0.0
2026-08-20T16:38:29Z,2026-08-22,2,63500.0,P,0.0,0.0002,0.0001,72376.34,72390.47,0.8068000000000001,-0.00721,1e-05,0.97011,107.2,99.3
2026-08-20T16:38:29Z,2026-08-22,2,64000.0,C,0.1145,0.117,0.1159,72376.34,72390.47,0.7798999999999999,0.99133,1e-05,1.14139,30.1,2.5
2026-08-20T16:38:29Z,2026-08-22,2,64000.0,P,0.0001,0.0003,0.0002,72376.56,72390.47,0.7798999999999999,-0.00867,1e-05,1.14123,62.6,10.8
2026-08-20T16:38:29Z,2026-08-22,2,64500.0,C,0.1075,0.11,0.109,72376.56,72390.47,0.7437,0.99027,1e-05,1.26247,42.5,0.3
2026-08-20T16:38:29Z,2026-08-22,2,64500.0,P,0.0001,0.0003,0.0002,72376.34,72390.47,0.7437,-0.00973,1e-05,1.26265,71.7,73.8
2026-08-20T16:38:29Z,2026-08-22,2,65000.0,C,0.099,0.104,0.1021,72376.34,72390.47,0.7012,0.98957,1e-05,1.34074,0.5,0.0
2026-08-20T16:38:29Z,2026-08-22,2,65000.0,P,0.0001,0.0003,0.0002,72376.34,72390.47,0.7012,-0.01043,1e-05,1.34074,98.8,129.9
2026-08-20T16:38:29Z,2026-08-22,2,65500.0,C,0.0935,0.096,0.0952,72376.56,72390.47,0.66,0.98867,1e-05,1.44188,10.4,4.0
2026-08-20T16:38:29Z,2026-08-22,2,65500.0,P,0.0001,0.0003,0.0002,72376.34,72390.47,0.66,-0.01134,1e-05,1.44211,102.6,117.7
2026-08-20T16:38:29Z,2026-08-22,2,66000.0,C,0.087,0.0895,0.0883,72376.56,72390.47,0.6233,0.98708,1e-05,1.61543,170.0,52.4
2026-08-20T16:38:29Z,2026-08-22,2,66000.0,P,0.0001,0.0003,0.0002,72376.34,72390.47,0.6233,-0.01292,1e-05,1.61569,43.7,66.4
2026-08-20T16:38:29Z,2026-08-22,2,66500.0,C,0.08,0.0825,0.0814,72376.51,72390.47,0.5982999999999999,0.98349,1e-05,1.99457,5.3,2.3
2026-08-20T16:38:29Z,2026-08-22,2,66500.0,P,0.0002,0.0004,0.0002,72377.69,72390.47,0.5982999999999999,-0.01649,1e-05,1.99287,173.5,213.9
2026-08-20T16:38:29Z,2026-08-22,2,67000.0,C,0.073,0.0755,0.0746,72377.69,72390.47,0.5638000000000001,0.9804,2e-05,2.30855,94.2,12.8
2026-08-20T16:38:29Z,2026-08-22,2,67000.0,P,0.0002,0.0004,0.0003,72377.69,72390.47,0.5638000000000001,-0.0196,2e-05,2.30855,32.9,19.2
2026-08-20T16:38:29Z,2026-08-22,2,67500.0,C,0.0645,0.07,0.0677,72377.69,72390.47,0.5297999999999999,0.9763,2e-05,2.71074,1.5,1.5
2026-08-20T16:38:29Z,2026-08-22,2,67500.0,P,0.0002,0.0004,0.0003,72376.51,72390.47,0.5297999999999999,-0.02372,2e-05,2.71317,1.4,1.3
2026-08-20T16:38:29Z,2026-08-22,2,68000.0,C,0.059,0.062,0.0609,72376.51,72390.47,0.4972,0.97052,3e-05,3.25341,58.5,1.9
2026-08-20T16:38:29Z,2026-08-22,2,68000.0,P,0.0003,0.0005,0.0004,72377.69,72390.47,0.4972,-0.02945,3e-05,3.25046,107.1,111.6
2026-08-20T16:38:29Z,2026-08-22,2,68500.0,C,0.0525,0.0555,0.0541,72377.69,72390.47,0.4708,0.96085,4e-05,4.10752,19.2,19.6
2026-08-20T16:38:29Z,2026-08-22,2,68500.0,P,0.0004,0.0007,0.0005,72377.69,72390.47,0.4708,-0.03915,4e-05,4.10752,18.6,19.7
2026-08-20T16:38:29Z,2026-08-22,2,69000.0,C,0.0455,0.0485,0.0473,72377.69,72390.47,0.44420000000000004,0.94742,5e-05,5.20773,102.8,81.3
2026-08-20T16:38:29Z,2026-08-22,2,69000.0,P,0.0006,0.0008,0.0007,72376.51,72390.47,0.44420000000000004,-0.05264,5e-05,5.21227,38.9,42.3
2026-08-20T16:38:29Z,2026-08-22,2,69500.0,C,0.039,0.042,0.0407,72377.69,72390.47,0.4285,0.92322,7e-05,6.99044,23.9,39.4
2026-08-20T16:38:29Z,2026-08-22,2,69500.0,P,0.0009,0.0011,0.001,72376.51,72390.47,0.4285,-0.07686,7e-05,6.99599,46.0,47.7
2026-08-20T16:38:29Z,2026-08-22,2,70000.0,C,0.0325,0.036,0.0344,72376.51,72390.47,0.418,0.88603,0.0001,9.35525,84.7,78.7
2026-08-20T16:38:29Z,2026-08-22,2,70000.0,P,0.0015,0.0017,0.0016,72376.51,72390.47,0.418,-0.11397,0.0001,9.35525,130.6,146.2
2026-08-20T16:38:29Z,2026-08-22,2,70500.0,C,0.027,0.029,0.0284,72377.69,72390.47,0.4111,0.83341,0.00013,12.11646,25.6,56.9
2026-08-20T16:38:29Z,2026-08-22,2,70500.0,P,0.0023,0.0027,0.0025,72377.69,72390.47,0.4111,-0.16659,0.00013,12.11646,36.0,43.0
2026-08-20T16:38:29Z,2026-08-22,2,71000.0,C,0.0215,0.0235,0.0229,72377.69,72390.47,0.4075,0.76341,0.00016,14.96264,73.5,98.3
2026-08-20T16:38:29Z,2026-08-22,2,71000.0,P,0.0037,0.0041,0.0038,72377.69,72390.47,0.4075,-0.23659,0.00016,14.96264,36.7,40.8
2026-08-20T16:38:29Z,2026-08-22,2,71500.0,C,0.017,0.0185,0.018,72380.26,72390.47,0.4092,0.67721,0.00018,17.41087,2.5,2.9
2026-08-20T16:38:29Z,2026-08-22,2,71500.0,P,0.0055,0.0065,0.0059,72380.26,72390.47,0.4092,-0.32279,0.00018,17.41087,3.2,3.4
2026-08-20T16:38:29Z,2026-08-22,2,72000.0,C,0.013,0.0145,0.0138,72377.69,72390.47,0.4142,0.58017,0.00019,18.96032,66.5,92.7
2026-08-20T16:38:29Z,2026-08-22,2,72000.0,P,0.008,0.009,0.0086,72380.26,72390.47,0.4142,-0.41933,0.00019,18.95607,53.9,54.2
2026-08-20T16:38:29Z,2026-08-22,2,72500.0,C,0.01,0.011,0.0105,72377.69,72390.47,0.4217,0.48181,0.00019,19.33229,0.4,0.4
2026-08-20T16:38:29Z,2026-08-22,2,72500.0,P,0.0115,0.0125,0.0122,72377.69,72390.47,0.4217,-0.51819,0.00019,19.33229,0.1,0.1
2026-08-20T16:38:29Z,2026-08-22,2,73000.0,C,0.007,0.008,0.0077,72380.26,72390.47,0.43,0.38919,0.00018,18.6016,69.7,70.3
2026-08-20T16:38:29Z,2026-08-22,2,73000.0,P,0.0155,0.017,0.0164,72380.26,72390.47,0.43,-0.61081,0.00018,18.6016,10.8,10.9
2026-08-20T16:38:29Z,2026-08-22,2,73500.0,C,0.005,0.006,0.0058,72377.69,72390.47,0.4462,0.30869,0.00016,17.08223,3.9,4.0
2026-08-20T16:38:29Z,2026-08-22,2,73500.0,P,0.0195,0.0235,0.0213,72377.69,72390.47,0.4462,-0.69131,0.00016,17.08223,0.0,0.0
2026-08-20T16:38:29Z,2026-08-22,2,74000.0,C,0.004,0.0046,0.0043,72380.26,72390.47,0.46159999999999995,0.24199,0.00014,15.14862,26.2,24.8
2026-08-20T16:38:29Z,2026-08-22,2,74000.0,P,0.026,0.028,0.0268,72377.69,72390.47,0.46159999999999995,-0.75837,0.00014,15.13591,0.0,0.0
2026-08-20T16:38:29Z,2026-08-22,2,75000.0,C,0.0022,0.0027,0.0025,72377.69,72390.47,0.4999,0.14788,0.0001,11.20344,27.3,4.8
2026-08-20T16:38:29Z,2026-08-22,2,75000.0,P,0.0365,0.041,0.0388,72377.69,72390.47,0.4999,-0.85212,0.0001,11.20344,0.0,0.0
2026-08-20T16:38:29Z,2026-08-22,2,76000.0,C,0.0013,0.0017,0.0015,72377.69,72390.47,0.5425,0.09261,6e-05,8.04589,7.6,9.9
2026-08-20T16:38:29Z,2026-08-22,2,76000.0,P,0.0495,0.0535,0.0516,72380.26,72390.47,0.5425,-0.90723,6e-05,8.05659,0.0,0.0
2026-08-20T16:38:29Z,2026-08-22,2,77000.0,C,0.0008,0.0012,0.001,72376.26,72390.47,0.5896,0.06089,4e-05,5.84539,1.5,2.0
2026-08-20T16:38:29Z,2026-08-22,2,77000.0,P,0.0625,0.068,0.0649,72379.09,72390.47,0.5896,-0.93899,4e-05,5.85457,0.0,0.0
2026-08-20T16:38:29Z,2026-08-22,2,78000.0,C,0.0006,0.0009,0.0008,72376.26,72390.47,0.6481999999999999,0.04448,3e-05,4.5554,14.2,14.9
2026-08-20T16:38:29Z,2026-08-22,2,78000.0,P,0.076,0.082,0.0785,72379.09,72390.47,0.6481999999999999,-0.95543,3e-05,4.56256,0.0,0.0
2026-08-20T16:38:29Z,2026-08-22,2,80000.0,C,0.0003,0.0006,0.0005,72376.26,72390.47,0.7490000000000001,0.02442,2e-05,2.7797,29.6,30.5
2026-08-20T16:38:29Z,2026-08-22,2,80000.0,P,0.1035,0.1095,0.1058,72376.26,72390.47,0.7490000000000001,-0.97558,2e-05,2.7797,0.0,0.0
2026-08-20T16:38:29Z,2026-08-22,2,85000.0,C,0.0001,0.0003,0.0002,72379.09,72390.47,0.9922,0.00857,0.0,1.12908,11.5,11.5
2026-08-20T16:38:29Z,2026-08-22,2,85000.0,P,0.172,0.1785,0.1746,72379.09,72390.47,0.9922,-0.99143,0.0,1.12908,0.0,0.0
2026-08-20T16:38:29Z,2026-08-23,3,57000.0,C,0.21,0.2145,0.2126,72390.57,72390.47,0.875,0.99942,0.0,0.12519,0.0,0.0
2026-08-20T16:38:29Z,2026-08-23,3,57000.0,P,0.0,0.0001,0.0,72386.43,72390.47,0.875,-0.00058,0.0,0.12549,0.5,0.5
2026-08-20T16:38:29Z,2026-08-23,3,58000.0,C,0.196,0.2005,0.1988,72387.59,72390.47,0.875,0.99872,0.0,0.26074,0.0,0.0
2026-08-20T16:38:29Z,2026-08-23,3,58000.0,P,0.0,0.0001,0.0,72386.43,72390.47,0.875,-0.00129,0.0,0.26091,4.4,0.5
2026-08-20T16:38:29Z,2026-08-23,3,59000.0,C,0.182,0.1865,0.185,72386.43,72390.47,0.875,0.99732,0.0,0.50794,0.0,0.0
2026-08-20T16:38:29Z,2026-08-23,3,59000.0,P,0.0,0.0001,0.0001,72386.43,72390.47,0.875,-0.00268,0.0,0.50794,29.0,15.0
2026-08-20T16:38:29Z,2026-08-23,3,60000.0,C,0.1685,0.173,0.1713,72387.59,72390.47,0.8578,0.99546,0.0,0.81597,0.0,0.0
2026-08-20T16:38:29Z,2026-08-23,3,60000.0,P,0.0,0.0002,0.0001,72386.43,72390.47,0.8578,-0.00454,0.0,0.81643,14.6,4.9
2026-08-20T16:38:29Z,2026-08-23,3,61000.0,C,0.1545,0.159,0.1575,72387.59,72390.47,0.8037000000000001,0.99443,0.0,0.97965,0.0,0.0
2026-08-20T16:38:29Z,2026-08-23,3,61000.0,P,0.0,0.0002,0.0001,72386.43,72390.47,0.8037000000000001,-0.00557,0.0,0.98022,0.7,0.6
2026-08-20T16:38:29Z,2026-08-23,3,62000.0,C,0.1405,0.1455,0.1437,72386.43,72390.47,0.7424,0.99352,0.0,1.12022,0.0,0.0
2026-08-20T16:38:29Z,2026-08-23,3,62000.0,P,0.0001,0.0002,0.0001,72386.43,72390.47,0.7424,-0.00648,0.0,1.12022,11.0,1.1
2026-08-20T16:38:29Z,2026-08-23,3,62500.0,C,0.1335,0.1385,0.1368,72386.43,72390.47,0.7082999999999999,0.99321,0.0,1.16765,0.0,0.0
2026-08-20T16:38:29Z,2026-08-23,3,62500.0,P,0.0001,0.0002,0.0001,72386.43,72390.47,0.7082999999999999,-0.00679,0.0,1.16765,7.0,0.0
2026-08-20T16:38:29Z,2026-08-23,3,63000.0,C,0.127,0.1315,0.1299,72386.43,72390.47,0.6748000000000001,0.99283,0.0,1.22454,0.0,0.0
2026-08-20T16:38:29Z,2026-08-23,3,63000.0,P,0.0001,0.0002,0.0001,72386.43,72390.47,0.6748000000000001,-0.00717,0.0,1.22454,6.5,0.1
2026-08-20T16:38:29Z,2026-08-23,3,63500.0,C,0.12,0.1245,0.123,72386.43,72390.47,0.6551,0.99132,1e-05,1.44948,0.0,0.0
2026-08-20T16:38:29Z,2026-08-23,3,63500.0,P,0.0001,0.0003,0.0002,72386.43,72390.47,0.6551,-0.00868,1e-05,1.44948,80.1,80.1
2026-08-20T16:38:29Z,2026-08-23,3,64000.0,C,0.113,0.1175,0.1161,72386.43,72390.47,0.6232,0.99061,1e-05,1.55292,0.0,0.0
2026-08-20T16:38:29Z,2026-08-23,3,64000.0,P,0.0001,0.0003,0.0002,72386.86,72390.47,0.6232,-0.00939,1e-05,1.55266,32.6,37.3
2026-08-20T16:38:29Z,2026-08-23,3,64500.0,C,0.106,0.111,0.1091,72386.86,72390.47,0.5903,0.98991,1e-05,1.65312,2.0,0.0
2026-08-20T16:38:29Z,2026-08-23,3,64500.0,P,0.0001,0.0003,0.0002,72386.43,72390.47,0.5903,-0.01009,1e-05,1.65357,24.2,17.3
2026-08-20T16:38:29Z,2026-08-23,3,65000.0,C,0.099,0.104,0.1023,72386.86,72390.47,0.565,0.98822,1e-05,1.8914,0.0,0.0
2026-08-20T16:38:29Z,2026-08-23,3,65000.0,P,0.0001,0.0003,0.0002,72386.43,72390.47,0.565,-0.01178,1e-05,1.89192,30.4,18.5
2026-08-20T16:38:29Z,2026-08-23,3,65500.0,C,0.0935,0.096,0.0954,72386.86,72390.47,0.5409,0.98597,1e-05,2.20111,6.1,0.0
2026-08-20T16:38:29Z,2026-08-23,3,65500.0,P,0.0002,0.0003,0.0002,72386.43,72390.47,0.5409,-0.01404,1e-05,2.20173,90.8,92.1
2026-08-20T16:38:29Z,2026-08-23,3,66000.0,C,0.0855,0.0905,0.0885,72386.86,72390.47,0.5124,0.98389,1e-05,2.47801,2.5,0.5
2026-08-20T16:38:29Z,2026-08-23,3,66000.0,P,0.0002,0.0004,0.0003,72386.86,72390.47,0.5124,-0.01611,1e-05,2.47801,17.6,16.9
2026-08-20T16:38:29Z,2026-08-23,3,66500.0,C,0.08,0.0825,0.0816,72386.86,72390.47,0.4826,0.98158,2e-05,2.77898,9.7,0.6
2026-08-20T16:38:29Z,2026-08-23,3,66500.0,P,0.0002,0.0004,0.0003,72386.86,72390.47,0.4826,-0.01842,2e-05,2.77898,12.2,12.3
2026-08-20T16:38:29Z,2026-08-23,3,67000.0,C,0.073,0.0755,0.0748,72386.86,72390.47,0.4596,0.97716,2e-05,3.33501,64.3,51.8
2026-08-20T16:38:29Z,2026-08-23,3,67000.0,P,0.0003,0.0005,0.0003,72386.86,72390.47,0.4596,-0.02284,2e-05,3.33501,16.5,16.7
2026-08-20T16:38:29Z,2026-08-23,3,67500.0,C,0.066,0.069,0.0679,72386.86,72390.47,0.43060000000000004,0.97301,2e-05,3.83583,150.0,150.0
2026-08-20T16:38:29Z,2026-08-23,3,67500.0,P,0.0003,0.0005,0.0004,72386.86,72390.47,0.43060000000000004,-0.02699,2e-05,3.83583,2.7,2.6
2026-08-20T16:38:29Z,2026-08-23,3,68000.0,C,0.0595,0.062,0.0611,72386.43,72390.47,0.4129,0.9639,3e-05,4.87844,28.9,2.7
2026-08-20T16:38:29Z,2026-08-23,3,68000.0,P,0.0004,0.0007,0.0005,72386.86,72390.47,0.4129,-0.03608,3e-05,4.87698,10.8,10.3
2026-08-20T16:38:29Z,2026-08-23,3,68500.0,C,0.0525,0.0555,0.0544,72386.86,72390.47,0.39299999999999996,0.95235,4e-05,6.10869,55.5,72.3
2026-08-20T16:38:29Z,2026-08-23,3,68500.0,P,0.0006,0.0009,0.0007,72386.86,72390.47,0.39299999999999996,-0.04765,4e-05,6.10869,32.3,33.6
2026-08-20T16:38:29Z,2026-08-23,3,69000.0,C,0.046,0.049,0.0477,72386.86,72390.47,0.3786,0.93377,6e-05,7.91922,682.5,53.9
2026-08-20T16:38:29Z,2026-08-23,3,69000.0,P,0.0009,0.0011,0.0009,72386.4,72390.47,0.3786,-0.06626,6e-05,7.92195,54.5,37.8
2026-08-20T16:38:29Z,2026-08-23,3,69500.0,C,0.0395,0.0425,0.0413,72386.4,72390.47,0.37060000000000004,0.9044,7e-05,10.45263,54.8,52.7
2026-08-20T16:38:29Z,2026-08-23,3,69500.0,P,0.0014,0.0016,0.0014,72386.4,72390.47,0.37060000000000004,-0.0956,7e-05,10.45263,24.4,30.3
2026-08-20T16:38:29Z,2026-08-23,3,70000.0,C,0.0335,0.0365,0.0352,72386.72,72390.47,0.3653,0.8632,0.0001,13.48726,126.9,49.5
2026-08-20T16:38:29Z,2026-08-23,3,70000.0,P,0.0021,0.0024,0.0022,72386.4,72390.47,0.3653,-0.13683,0.0001,13.4893,25.0,45.2
2026-08-20T16:38:29Z,2026-08-23,3,70500.0,C,0.0275,0.0305,0.0294,72386.72,72390.47,0.3618,0.80888,0.00012,16.76515,53.6,53.9
2026-08-20T16:38:29Z,2026-08-23,3,70500.0,P,0.0032,0.0035,0.0033,72386.72,72390.47,0.3618,-0.19112,0.00012,16.76515,13.8,14.4
2026-08-20T16:38:29Z,2026-08-23,3,71000.0,C,0.023,0.025,0.0241,72386.72,72390.47,0.3641,0.73895,0.00015,20.00849,83.1,138.9
2026-08-20T16:38:29Z,2026-08-23,3,71000.0,P,0.0047,0.0055,0.005,72386.72,72390.47,0.3641,-0.26105,0.00015,20.00849,21.8,30.7
2026-08-20T16:38:29Z,2026-08-23,3,71500.0,C,0.0185,0.02,0.0194,72386.4,72390.47,0.3644,0.66022,0.00016,22.54967,18.9,24.3
2026-08-20T16:38:29Z,2026-08-23,3,71500.0,P,0.0065,0.0075,0.0071,72386.4,72390.47,0.3644,-0.33978,0.00016,22.54967,15.6,15.8
2026-08-20T16:38:29Z,2026-08-23,3,72000.0,C,0.0145,0.016,0.0153,72386.4,72390.47,0.3691,0.57386,0.00017,24.13567,74.3,55.4
2026-08-20T16:38:29Z,2026-08-23,3,72000.0,P,0.0095,0.0105,0.01,72386.4,72390.47,0.3691,-0.42614,0.00017,24.13567,3.2,4.9
2026-08-20T16:38:29Z,2026-08-23,3,72500.0,C,0.0115,0.0125,0.0119,72386.4,72390.47,0.37439999999999996,0.4867,0.00017,24.54409,9.9,9.9
2026-08-20T16:38:29Z,2026-08-23,3,72500.0,P,0.013,0.014,0.0135,72386.72,72390.47,0.37439999999999996,-0.51324,0.00017,24.54431,1.2,1.2
2026-08-20T16:38:29Z,2026-08-23,3,73000.0,C,0.0085,0.0095,0.0092,72386.72,72390.47,0.38159999999999994,0.40372,0.00016,23.83913,55.9,68.8
2026-08-20T16:38:29Z,2026-08-23,3,73000.0,P,0.017,0.0185,0.0177,72386.72,72390.47,0.38159999999999994,-0.59628,0.00016,23.83913,3.3,3.3
2026-08-20T16:38:29Z,2026-08-23,3,73500.0,C,0.0065,0.0075,0.0071,72386.4,72390.47,0.3922,0.32958,0.00015,22.28156,0.6,0.6
2026-08-20T16:38:29Z,2026-08-23,3,73500.0,P,0.021,0.024,0.0225,72385.69,72390.47,0.3922,-0.67052,0.00015,22.27837,0.0,0.0
2026-08-20T16:38:29Z,2026-08-23,3,74000.0,C,0.005,0.006,0.0055,72386.11,72390.47,0.40549999999999997,0.26692,0.00013,20.23638,23.4,40.7
2026-08-20T16:38:29Z,2026-08-23,3,74000.0,P,0.0265,0.0285,0.0278,72386.11,72390.47,0.40549999999999997,-0.73308,0.00013,20.23638,0.0,0.0
2026-08-20T16:38:29Z,2026-08-23,3,75000.0,C,0.0029,0.0034,0.0033,72386.11,72390.47,0.4301,0.17063,0.0001,15.61387,15.7,23.1
2026-08-20T16:38:29Z,2026-08-23,3,75000.0,P,0.037,0.043,0.0394,72386.11,72390.47,0.4301,-0.82937,0.0001,15.61387,0.0,0.0
2026-08-20T16:38:29Z,2026-08-23,3,76000.0,C,0.0018,0.0022,0.0021,72385.69,72390.47,0.4618,0.11103,7e-05,11.6521,18.4,18.7
2026-08-20T16:38:29Z,2026-08-23,3,76000.0,P,0.0495,0.0555,0.052,72386.11,72390.47,0.4618,-0.88895,7e-05,11.65427,0.0,0.0
2026-08-20T16:38:29Z,2026-08-23,3,77000.0,C,0.0012,0.0015,0.0014,72385.69,72390.47,0.4999,0.076,5e-05,8.80208,29.2,37.3
2026-08-20T16:38:29Z,2026-08-23,3,77000.0,P,0.063,0.069,0.0652,72385.69,72390.47,0.4999,-0.924,5e-05,8.80208,0.0,0.0
2026-08-20T16:38:29Z,2026-08-23,3,78000.0,C,0.0009,0.0011,0.0011,72386.11,72390.47,0.5415,0.0549,3e-05,6.8383,3.1,3.1
2026-08-20T16:38:29Z,2026-08-23,3,78000.0,P,0.0765,0.082,0.0786,72386.11,72390.47,0.5415,-0.9451,3e-05,6.8383,0.0,0.0
2026-08-20T16:38:29Z,2026-08-23,3,79000.0,C,0.0007,0.001,0.0009,72385.69,72390.47,0.5922,0.04352,3e-05,5.67991,41.8,42.0
2026-08-20T16:38:29Z,2026-08-23,3,79000.0,P,0.09,0.096,0.0922,72386.11,72390.47,0.5922,-0.95647,3e-05,5.68106,0.0,0.0
2026-08-20T16:38:29Z,2026-08-23,3,80000.0,C,0.0006,0.0009,0.0008,72385.69,72390.47,0.6435,0.0359,2e-05,4.85651,0.6,0.6
2026-08-20T16:38:29Z,2026-08-23,3,80000.0,P,0.1035,0.1095,0.1059,72386.11,72390.47,0.6435,-0.96409,2e-05,4.85747,0.0,0.0
2026-08-20T16:38:29Z,2026-08-23,3,85000.0,C,0.0003,0.0005,0.0004,72386.11,72390.47,0.8526,0.01465,1e-05,2.28444,5.4,5.4
2026-08-20T16:38:29Z,2026-08-23,3,85000.0,P,0.172,0.178,0.1746,72386.11,72390.47,0.8526,-0.98535,1e-05,2.28444,0.0,0.0
2026-08-20T16:38:29Z,2026-08-24,4,62000.0,C,0.141,0.1455,0.1438,72397.29,72390.47,0.6411,0.99293,0.0,1.42047,0.0,0.0
2026-08-20T16:38:29Z,2026-08-24,4,62000.0,P,0.0001,0.0002,0.0002,72397.29,72390.47,0.6411,-0.00707,0.0,1.42047,0.2,0.3
2026-08-20T16:38:29Z,2026-08-24,4,63000.0,C,0.127,0.1325,0.13,72397.29,72390.47,0.5932,0.99127,1e-05,1.71139,0.0,0.0
2026-08-20T16:38:29Z,2026-08-24,4,63000.0,P,0.0002,0.0003,0.0002,72397.29,72390.47,0.5932,-0.00873,1e-05,1.71139,1.4,1.4
2026-08-20T16:38:29Z,2026-08-24,4,64000.0,C,0.113,0.118,0.1162,72397.29,72390.47,0.5542,0.98795,1e-05,2.26589,0.0,0.0
2026-08-20T16:38:29Z,2026-08-24,4,64000.0,P,0.0001,0.0003,0.0002,72397.29,72390.47,0.5542,-0.01205,1e-05,2.26589,1.6,1.7
2026-08-20T16:38:29Z,2026-08-24,4,65000.0,C,0.0995,0.1045,0.1025,72397.29,72390.47,0.5036999999999999,0.98492,1e-05,2.75029,2.2,2.2
2026-08-20T16:38:29Z,2026-08-24,4,65000.0,P,0.0002,0.0004,0.0003,72397.29,72390.47,0.5036999999999999,-0.01508,1e-05,2.75029,9.0,9.6
2026-08-20T16:38:29Z,2026-08-24,4,66000.0,C,0.0855,0.0905,0.0887,72397.29,72390.47,0.4623,0.97867,2e-05,3.69716,0.0,0.0
2026-08-20T16:38:29Z,2026-08-24,4,66000.0,P,0.0003,0.0005,0.0004,72397.29,72390.47,0.4623,-0.02133,2e-05,3.69716,3.5,3.5
2026-08-20T16:38:29Z,2026-08-24,4,67000.0,C,0.072,0.077,0.0751,72397.29,72390.47,0.42479999999999996,0.96768,2e-05,5.23205,0.0,0.0
2026-08-20T16:38:29Z,2026-08-24,4,67000.0,P,0.0004,0.0007,0.0005,72396.74,72390.47,0.42479999999999996,-0.03234,2e-05,5.23367,1.2,1.2
2026-08-20T16:38:29Z,2026-08-24,4,67500.0,C,0.0655,0.0705,0.0683,72396.74,72390.47,0.408,0.959,3e-05,6.35581,0.0,0.0
2026-08-20T16:38:29Z,2026-08-24,4,67500.0,P,0.0006,0.0008,0.0007,72396.74,72390.47,0.408,-0.041,3e-05,6.35581,0.3,0.3
2026-08-20T16:38:29Z,2026-08-24,4,68000.0,C,0.058,0.0645,0.0616,72396.74,72390.47,0.3932,0.94689,4e-05,7.82284,0.0,0.0
2026-08-20T16:38:29Z,2026-08-24,4,68000.0,P,0.0008,0.001,0.0009,72396.74,72390.47,0.3932,-0.05311,4e-05,7.82284,36.1,36.1
2026-08-20T16:38:29Z,2026-08-24,4,68500.0,C,0.053,0.057,0.0551,72396.74,72390.47,0.38270000000000004,0.92882,5e-05,9.8322,0.0,0.0
2026-08-20T16:38:29Z,2026-08-24,4,68500.0,P,0.0011,0.0014,0.0012,72396.74,72390.47,0.38270000000000004,-0.07118,5e-05,9.8322,2.0,2.0
2026-08-20T16:38:29Z,2026-08-24,4,69000.0,C,0.046,0.0505,0.0486,72396.74,72390.47,0.374,0.90411,6e-05,12.30347,0.0,0.0
2026-08-20T16:38:29Z,2026-08-24,4,69000.0,P,0.0015,0.0019,0.0017,72396.74,72390.47,0.374,-0.09589,6e-05,12.30347,37.0,37.0
2026-08-20T16:38:29Z,2026-08-24,4,69500.0,C,0.0395,0.0445,0.0424,72396.74,72390.47,0.3679,0.87074,8e-05,15.23326,0.0,0.0
2026-08-20T16:38:29Z,2026-08-24,4,69500.0,P,0.0022,0.0026,0.0024,72396.74,72390.47,0.3679,-0.12926,8e-05,15.23326,1.3,1.3
2026-08-20T16:38:29Z,2026-08-24,4,70000.0,C,0.0335,0.0385,0.0365,72396.74,72390.47,0.36329999999999996,0.82798,0.0001,18.43257,0.0,0.0
2026-08-20T16:38:29Z,2026-08-24,4,70000.0,P,0.0031,0.0036,0.0034,72396.74,72390.47,0.36329999999999996,-0.17202,0.0001,18.43257,4.3,4.6
2026-08-20T16:38:29Z,2026-08-24,4,70500.0,C,0.028,0.033,0.0311,72396.74,72390.47,0.3632,0.77342,0.00011,21.76781,0.4,0.4
2026-08-20T16:38:29Z,2026-08-24,4,70500.0,P,0.0045,0.005,0.0048,72396.74,72390.47,0.3632,-0.22658,0.00011,21.76781,16.7,17.1
2026-08-20T16:38:29Z,2026-08-24,4,71000.0,C,0.0245,0.0275,0.0259,72396.74,72390.47,0.359,0.71274,0.00013,24.63591,2.1,2.1
2026-08-20T16:38:29Z,2026-08-24,4,71000.0,P,0.006,0.007,0.0066,72396.74,72390.47,0.359,-0.28726,0.00013,24.63591,1.0,1.0
2026-08-20T16:38:29Z,2026-08-24,4,71500.0,C,0.02,0.022,0.0213,72396.74,72390.47,0.3607,0.64208,0.00014,26.99187,4.1,4.1
2026-08-20T16:38:29Z,2026-08-24,4,71500.0,P,0.0085,0.0095,0.0089,72396.74,72390.47,0.3607,-0.35792,0.00014,26.99187,2.7,3.4
2026-08-20T16:38:29Z,2026-08-24,4,72000.0,C,0.0165,0.0175,0.0173,72396.68,72390.47,0.36340000000000006,0.56731,0.00015,28.42935,84.2,90.2
2026-08-20T16:38:29Z,2026-08-24,4,72000.0,P,0.0115,0.0125,0.0119,72396.68,72390.47,0.36340000000000006,-0.43269,0.00015,28.42935,2.6,2.6
2026-08-20T16:38:29Z,2026-08-24,4,72500.0,C,0.0135,0.0145,0.0141,72396.68,72390.47,0.3704,0.492,0.00015,28.83505,1.9,1.9
2026-08-20T16:38:29Z,2026-08-24,4,72500.0,P,0.0145,0.016,0.0155,72396.68,72390.47,0.3704,-0.508,0.00015,28.83505,2.6,2.6
2026-08-20T16:38:29Z,2026-08-24,4,73000.0,C,0.0105,0.0115,0.0112,72396.68,72390.47,0.3749,0.41958,0.00014,28.25281,1.1,1.1
2026-08-20T16:38:29Z,2026-08-24,4,73000.0,P,0.0185,0.02,0.0195,72396.68,72390.47,0.3749,-0.58042,0.00014,28.25281,0.0,0.0
2026-08-20T16:38:29Z,2026-08-24,4,73500.0,C,0.0085,0.009,0.0089,72396.68,72390.47,0.3822,0.353,0.00013,26.86001,0.4,0.4
2026-08-20T16:38:29Z,2026-08-24,4,73500.0,P,0.0225,0.0255,0.0241,72396.68,72390.47,0.3822,-0.647,0.00013,26.86001,0.0,0.0
2026-08-20T16:38:29Z,2026-08-24,4,74000.0,C,0.0065,0.0075,0.007,72396.68,72390.47,0.3896,0.29334,0.00012,24.87893,11.0,12.2
2026-08-20T16:38:29Z,2026-08-24,4,74000.0,P,0.0275,0.031,0.0292,72396.68,72390.47,0.3896,-0.70666,0.00012,24.87893,0.0,0.0
2026-08-20T16:38:29Z,2026-08-24,4,74500.0,C,0.005,0.006,0.0056,72396.68,72390.47,0.3982,0.24187,0.00011,22.56921,0.4,0.4
2026-08-20T16:38:29Z,2026-08-24,4,74500.0,P,0.0325,0.0365,0.0346,72396.68,72390.47,0.3982,-0.75813,0.00011,22.56921,0.0,0.0
2026-08-20T16:38:29Z,2026-08-24,4,75000.0,C,0.0041,0.0045,0.0044,72396.68,72390.47,0.4072,0.19808,9e-05,20.12218,3.9,3.9
2026-08-20T16:38:29Z,2026-08-24,4,75000.0,P,0.038,0.0425,0.0404,72396.68,72390.47,0.4072,-0.80192,9e-05,20.12218,0.0,0.0
2026-08-20T16:38:29Z,2026-08-24,4,76000.0,C,0.0026,0.0029,0.0028,72396.68,72390.47,0.4296,0.1333,7e-05,15.5598,211.5,211.5
2026-08-20T16:38:29Z,2026-08-24,4,76000.0,P,0.0505,0.0555,0.0526,72396.68,72390.47,0.4296,-0.8667,7e-05,15.5598,0.0,0.0
2026-08-20T16:38:29Z,2026-08-24,4,77000.0,C,0.0017,0.002,0.0019,72396.68,72390.47,0.4575,0.09232,5e-05,11.96351,1.6,1.6
2026-08-20T16:38:29Z,2026-08-24,4,77000.0,P,0.063,0.0685,0.0655,72387.68,72390.47,0.4575,-0.90813,5e-05,11.91839,0.0,0.0
2026-08-20T16:38:29Z,2026-08-24,4,78000.0,C,0.0012,0.0015,0.0014,72387.68,72390.47,0.4915,0.06719,4e-05,9.40328,24.8,25.0
2026-08-20T16:38:29Z,2026-08-24,4,78000.0,P,0.0765,0.082,0.0788,72387.68,72390.47,0.4915,-0.93281,4e-05,9.40328,0.0,0.0
2026-08-20T16:38:29Z,2026-08-24,4,79000.0,C,0.0009,0.0012,0.0011,72387.68,72390.47,0.5272,0.05112,3e-05,7.58801,2.1,2.8
2026-08-20T16:38:29Z,2026-08-24,4,79000.0,P,0.09,0.096,0.0923,72387.68,72390.47,0.5272,-0.94888,3e-05,7.58801,0.0,0.0
2026-08-20T16:38:29Z,2026-08-24,4,80000.0,C,0.0007,0.001,0.0009,72387.68,72390.47,0.5609000000000001,0.03943,2e-05,6.15734,236.9,236.9
2026-08-20T16:38:29Z,2026-08-24,4,80000.0,P,0.103,0.109,0.1059,72387.68,72390.47,0.5609000000000001,-0.96057,2e-05,6.15734,0.0,0.0
2026-08-20T16:38:29Z,2026-08-24,4,85000.0,C,0.0003,0.0005,0.0004,72387.68,72390.47,0.7353000000000001,0.01575,1e-05,2.85401,7.0,7.0
2026-08-20T16:38:29Z,2026-08-24,4,85000.0,P,0.172,0.1785,0.1745,72387.68,72390.47,0.7353000000000001,-0.98425,1e-05,2.85401,0.0,0.0
2026-08-20T16:38:29Z,2026-08-28,8,40000.0,C,0.447,0.449,0.448,72461.48,72390.47,0.9401999999999999,1.0,0.0,0.00223,24.1,2.7
2026-08-20T16:38:29Z,2026-08-28,8,40000.0,P,0.0,0.0001,0.0,72461.48,72390.47,0.9401999999999999,0.0,0.0,0.00223,753.7,0.0
2026-08-20T16:38:29Z,2026-08-28,8,46000.0,C,0.364,0.3665,0.3652,72461.48,72390.47,0.9401999999999999,0.99967,0.0,0.12533,1.0,0.0
2026-08-20T16:38:29Z,2026-08-28,8,46000.0,P,0.0,0.0001,0.0,72461.48,72390.47,0.9401999999999999,-0.00033,0.0,0.12533,1458.8,784.1
2026-08-20T16:38:29Z,2026-08-28,8,48000.0,C,0.3355,0.339,0.3376,72461.48,72390.47,0.9335,0.99909,0.0,0.32479,37.5,0.0
2026-08-20T16:38:29Z,2026-08-28,8,48000.0,P,0.0,0.0001,0.0,72461.48,72390.47,0.9335,-0.00091,0.0,0.32479,1461.4,70.0
2026-08-20T16:38:29Z,2026-08-28,8,50000.0,C,0.3085,0.3115,0.31,72461.48,72390.47,0.8522,0.99893,0.0,0.37433,51.0,0.0
2026-08-20T16:38:29Z,2026-08-28,8,50000.0,P,0.0,0.0001,0.0,72461.48,72390.47,0.8522,-0.00107,0.0,0.37433,2592.1,75.6
2026-08-20T16:38:29Z,2026-08-28,8,52000.0,C,0.281,0.284,0.2824,72461.48,72390.47,0.8069,0.99814,0.0,0.62294,51.0,0.0
2026-08-20T16:38:29Z,2026-08-28,8,52000.0,P,0.0,0.0001,0.0001,72461.48,72390.47,0.8069,-0.00186,0.0,0.62294,1198.0,177.9
2026-08-20T16:38:29Z,2026-08-28,8,53000.0,C,0.267,0.27,0.2687,72461.48,72390.47,0.7892,0.99742,0.0,0.83809,6.9,4.0
2026-08-20T16:38:29Z,2026-08-28,8,53000.0,P,0.0,0.0001,0.0001,72461.48,72390.47,0.7892,-0.00258,0.0,0.83809,1857.0,144.0
2026-08-20T16:38:29Z,2026-08-28,8,54000.0,C,0.2535,0.2565,0.2549,72461.48,72390.47,0.7541,0.99702,0.0,0.95288,12.0,0.2
2026-08-20T16:38:29Z,2026-08-28,8,54000.0,P,0.0,0.0002,0.0001,72461.48,72390.47,0.7541,-0.00298,0.0,0.95288,1732.4,86.5
2026-08-20T16:38:29Z,2026-08-28,8,55000.0,C,0.2395,0.2425,0.2411,72461.48,72390.47,0.7181000000000001,0.9966,0.0,1.07465,11.7,0.1
2026-08-20T16:38:29Z,2026-08-28,8,55000.0,P,0.0001,0.0002,0.0001,72461.48,72390.47,0.7181000000000001,-0.0034,0.0,1.07465,1171.7,53.2
2026-08-20T16:38:29Z,2026-08-28,8,56000.0,C,0.2255,0.229,0.2273,72461.48,72390.47,0.6918000000000001,0.99567,0.0,1.33451,63.3,0.1
2026-08-20T16:38:29Z,2026-08-28,8,56000.0,P,0.0001,0.0002,0.0001,72461.48,72390.47,0.6918000000000001,-0.00433,0.0,1.33451,1280.5,477.5
2026-08-20T16:38:29Z,2026-08-28,8,57000.0,C,0.212,0.215,0.2135,72461.48,72390.47,0.6534,0.99515,0.0,1.47533,28.5,0.1
2026-08-20T16:38:29Z,2026-08-28,8,57000.0,P,0.0001,0.0002,0.0001,72452.95,72390.47,0.6534,-0.00487,0.0,1.47984,1116.4,310.9
2026-08-20T16:38:29Z,2026-08-28,8,58000.0,C,0.198,0.2015,0.1997,72452.95,72390.47,0.6219,0.9941,0.0,1.75707,155.0,0.1
2026-08-20T16:38:29Z,2026-08-28,8,58000.0,P,0.0001,0.0003,0.0002,72452.95,72390.47,0.6219,-0.0059,0.0,1.75707,1245.7,161.2
2026-08-20T16:38:29Z,2026-08-28,8,59000.0,C,0.1845,0.1875,0.186,72452.95,72390.47,0.5837,0.99333,0.0,1.95681,214.3,0.0
2026-08-20T16:38:29Z,2026-08-28,8,59000.0,P,0.0001,0.0003,0.0002,72452.95,72390.47,0.5837,-0.00667,0.0,1.95681,1141.1,462.1
2026-08-20T16:38:29Z,2026-08-28,8,60000.0,C,0.1705,0.174,0.1723,72452.95,72390.47,0.5683,0.99022,0.0,2.73942,428.9,12.7
2026-08-20T16:38:29Z,2026-08-28,8,60000.0,P,0.0002,0.0004,0.0003,72452.95,72390.47,0.5683,-0.00978,0.0,2.73942,2357.7,1585.9
2026-08-20T16:38:29Z,2026-08-28,8,61000.0,C,0.156,0.16,0.1585,72452.95,72390.47,0.5374,0.98784,1e-05,3.3113,614.1,43.3
2026-08-20T16:38:29Z,2026-08-28,8,61000.0,P,0.0003,0.0004,0.0003,72452.95,72390.47,0.5374,-0.01216,1e-05,3.3113,1538.6,330.9
2026-08-20T16:38:29Z,2026-08-28,8,62000.0,C,0.143,0.1465,0.1448,72452.95,72390.47,0.5121,0.98383,1e-05,4.23488,842.5,21.8
2026-08-20T16:38:29Z,2026-08-28,8,62000.0,P,0.0003,0.0005,0.0004,72452.95,72390.47,0.5121,-0.01617,1e-05,4.23488,1180.7,70.1
2026-08-20T16:38:29Z,2026-08-28,8,63000.0,C,0.1285,0.133,0.1311,72452.95,72390.47,0.4799,0.97973,1e-05,5.13231,949.7,3.5
2026-08-20T16:38:29Z,2026-08-28,8,63000.0,P,0.0005,0.0006,0.0005,72452.94,72390.47,0.4799,-0.02027,1e-05,5.13259,887.6,464.8
2026-08-20T16:38:29Z,2026-08-28,8,64000.0,C,0.1155,0.1195,0.1176,72452.95,72390.47,0.46340000000000003,0.97021,1e-05,7.0906,755.1,48.7
2026-08-20T16:38:29Z,2026-08-28,8,64000.0,P,0.0007,0.0009,0.0008,72452.94,72390.47,0.46340000000000003,-0.02979,1e-05,7.09063,1093.9,336.4
2026-08-20T16:38:29Z,2026-08-28,8,65000.0,C,0.102,0.106,0.1041,72452.95,72390.47,0.4457,0.95689,2e-05,9.59727,1375.2,54.5
2026-08-20T16:38:29Z,2026-08-28,8,65000.0,P,0.0011,0.0013,0.0012,72452.95,72390.47,0.4457,-0.04311,2e-05,9.59727,2253.0,1622.8
2026-08-20T16:38:29Z,2026-08-28,8,66000.0,C,0.089,0.0925,0.0909,72452.94,72390.47,0.4274,0.93818,3e-05,12.78181,1327.7,155.5
2026-08-20T16:38:29Z,2026-08-28,8,66000.0,P,0.0016,0.0019,0.0017,72450.89,72390.47,0.4274,-0.06188,3e-05,12.79046,455.7,293.5
2026-08-20T16:38:29Z,2026-08-28,8,67000.0,C,0.076,0.0795,0.0779,72452.94,72390.47,0.41240000000000004,0.91009,4e-05,17.00856,1852.6,140.6
2026-08-20T16:38:29Z,2026-08-28,8,67000.0,P,0.0024,0.0028,0.0025,72452.94,72390.47,0.41240000000000004,-0.08991,4e-05,17.00856,420.0,466.5
2026-08-20T16:38:29Z,2026-08-28,8,68000.0,C,0.0635,0.067,0.0654,72452.94,72390.47,0.40049999999999997,0.86941,5e-05,22.24361,1550.2,233.4
2026-08-20T16:38:29Z,2026-08-28,8,68000.0,P,0.0037,0.0041,0.0039,72450.89,72390.47,0.40049999999999997,-0.13069,5e-05,22.25518,365.1,431.7
2026-08-20T16:38:29Z,2026-08-28,8,69000.0,C,0.0525,0.0545,0.0537,72452.94,72390.47,0.3911,0.8136,7e-05,28.11056,2522.2,830.7
2026-08-20T16:38:29Z,2026-08-28,8,69000.0,P,0.0055,0.0065,0.0059,72452.94,72390.47,0.3911,-0.1864,7e-05,28.11056,441.2,278.8
2026-08-20T16:38:29Z,2026-08-28,8,70000.0,C,0.042,0.0435,0.0429,72450.89,72390.47,0.3868,0.73985,8e-05,34.00895,2782.4,1940.0
2026-08-20T16:38:29Z,2026-08-28,8,70000.0,P,0.0085,0.0095,0.009,72452.94,72390.47,0.3868,-0.25998,8e-05,33.99893,265.5,125.4
2026-08-20T16:38:29Z,2026-08-28,8,71000.0,C,0.033,0.034,0.0335,72452.94,72390.47,0.3851,0.65226,9e-05,38.73328,1982.4,1726.2
2026-08-20T16:38:29Z,2026-08-28,8,71000.0,P,0.013,0.014,0.0134,72452.94,72390.47,0.3851,-0.34774,9e-05,38.73328,137.1,155.5
2026-08-20T16:38:29Z,2026-08-28,8,72000.0,C,0.0245,0.026,0.0255,72452.94,72390.47,0.3857,0.55578,0.0001,41.4077,3165.8,1291.4
2026-08-20T16:38:29Z,2026-08-28,8,72000.0,P,0.0185,0.0195,0.0191,72450.89,72390.47,0.3857,-0.44442,0.0001,41.40947,490.1,558.4
2026-08-20T16:38:29Z,2026-08-28,8,73000.0,C,0.0185,0.0195,0.019,72452.94,72390.47,0.3892,0.45801,0.0001,41.58533,2175.3,2795.3
2026-08-20T16:38:29Z,2026-08-28,8,73000.0,P,0.026,0.027,0.0265,72452.94,72390.47,0.3892,-0.54199,0.0001,41.58533,7.6,3.6
2026-08-20T16:38:29Z,2026-08-28,8,74000.0,C,0.0135,0.014,0.0139,72452.94,72390.47,0.3933,0.36585,9e-05,39.42991,2834.2,2599.8
2026-08-20T16:38:29Z,2026-08-28,8,74000.0,P,0.0345,0.036,0.0351,72452.94,72390.47,0.3933,-0.63415,9e-05,39.42991,3.4,1.9
2026-08-20T16:38:29Z,2026-08-28,8,75000.0,C,0.0095,0.0105,0.01,72452.94,72390.47,0.3994,0.28466,8e-05,35.56602,4013.5,2971.2
2026-08-20T16:38:29Z,2026-08-28,8,75000.0,P,0.0445,0.0465,0.045,72452.94,72390.47,0.3994,-0.71534,8e-05,35.56602,44.3,0.2
2026-08-20T16:38:29Z,2026-08-28,8,76000.0,C,0.0065,0.0075,0.0072,72451.16,72390.47,0.40880000000000005,0.218,7e-05,30.87323,1509.1,929.0
2026-08-20T16:38:29Z,2026-08-28,8,76000.0,P,0.054,0.058,0.0561,72450.89,72390.47,0.40880000000000005,-0.78201,7e-05,30.87202,5.4,0.0
2026-08-20T16:38:29Z,2026-08-28,8,77000.0,C,0.0049,0.0055,0.0053,72451.16,72390.47,0.4226,0.16717,6e-05,26.23982,621.1,505.1
2026-08-20T16:38:29Z,2026-08-28,8,77000.0,P,0.066,0.07,0.0681,72451.16,72390.47,0.4226,-0.83283,6e-05,26.23982,3.4,0.0
2026-08-20T16:38:29Z,2026-08-28,8,78000.0,C,0.0035,0.004,0.0038,72450.89,72390.47,0.434,0.1263,5e-05,21.73286,1701.1,374.5
2026-08-20T16:38:29Z,2026-08-28,8,78000.0,P,0.078,0.0825,0.0804,72450.89,72390.47,0.434,-0.8737,5e-05,21.73286,4.1,0.0
2026-08-20T16:38:29Z,2026-08-28,8,79000.0,C,0.0026,0.003,0.0029,72450.89,72390.47,0.4496,0.09713,4e-05,18.00763,1141.1,46.8
2026-08-20T16:38:29Z,2026-08-28,8,79000.0,P,0.091,0.0955,0.0933,72450.89,72390.47,0.4496,-0.90287,4e-05,18.00763,0.7,0.0
2026-08-20T16:38:29Z,2026-08-28,8,80000.0,C,0.0021,0.0023,0.0023,72451.16,72390.47,0.46759999999999996,0.07619,3e-05,15.0172,3115.5,1499.9
2026-08-20T16:38:29Z,2026-08-28,8,80000.0,P,0.104,0.1085,0.1064,72450.89,72390.47,0.4677,-0.92381,3e-05,15.01658,29.6,3.1
2026-08-20T16:38:29Z,2026-08-28,8,81000.0,C,0.0016,0.0019,0.0018,72451.16,72390.47,0.485,0.06003,2e-05,12.49096,1448.6,136.3
2026-08-20T16:38:29Z,2026-08-28,8,81000.0,P,0.1175,0.122,0.1197,72450.89,72390.47,0.485,-0.93998,2e-05,12.49004,0.1,0.0
2026-08-20T16:38:29Z,2026-08-28,8,82000.0,C,0.0013,0.0015,0.0014,72450.89,72390.47,0.504,0.0483,2e-05,10.51578,1506.4,32.1
2026-08-20T16:38:29Z,2026-08-28,8,82000.0,P,0.131,0.136,0.1332,72450.89,72390.47,0.504,-0.9517,2e-05,10.51578,0.5,1.0
2026-08-20T16:38:29Z,2026-08-28,8,83000.0,C,0.001,0.0014,0.0012,72451.16,72390.47,0.527,0.04052,2e-05,9.12809,616.7,145.4
2026-08-20T16:38:29Z,2026-08-28,8,83000.0,P,0.1445,0.1495,0.1468,72451.16,72390.47,0.527,-0.95948,2e-05,9.12809,0.1,0.0
2026-08-20T16:38:29Z,2026-08-28,8,84000.0,C,0.0008,0.001,0.001,72450.89,72390.47,0.5455,0.03327,1e-05,7.76774,76.1,10.2
2026-08-20T16:38:29Z,2026-08-28,8,84000.0,P,0.158,0.163,0.1604,72450.89,72390.47,0.5455,-0.96673,1e-05,7.76774,0.4,0.0
2026-08-20T16:38:29Z,2026-08-28,8,85000.0,C,0.0007,0.0009,0.0008,72450.89,72390.47,0.5614,0.02705,1e-05,6.5433,1440.0,1110.6
2026-08-20T16:38:29Z,2026-08-28,8,85000.0,P,0.1715,0.1775,0.174,72450.98,72390.47,0.5614,-0.97295,1e-05,6.5433,0.8,0.1
2026-08-20T16:38:29Z,2026-08-28,8,86000.0,C,0.0006,0.0009,0.0008,72450.98,72390.47,0.5882999999999999,0.02432,1e-05,5.9849,197.1,59.7
2026-08-20T16:38:29Z,2026-08-28,8,86000.0,P,0.1855,0.1905,0.1877,72450.98,72390.47,0.5882999999999999,-0.97568,1e-05,5.9849,0.0,0.0
2026-08-20T16:38:29Z,2026-08-28,8,88000.0,C,0.0004,0.0006,0.0005,72450.98,72390.47,0.6159,0.01627,1e-05,4.25695,193.6,7.4
2026-08-20T16:38:29Z,2026-08-28,8,88000.0,P,0.213,0.2175,0.2151,72450.98,72390.47,0.6159,-0.98373,1e-05,4.25695,0.0,0.0
2026-08-20T16:38:29Z,2026-08-28,8,90000.0,C,0.0003,0.0006,0.0004,72450.98,72390.47,0.6637000000000001,0.01353,0.0,3.63108,447.3,84.0
2026-08-20T16:38:29Z,2026-08-28,8,90000.0,P,0.2405,0.245,0.2426,72450.98,72390.47,0.6637000000000001,-0.98647,0.0,3.63108,11.1,0.0
2026-08-20T16:38:29Z,2026-08-28,8,92000.0,C,0.0002,0.0005,0.0004,72450.98,72390.47,0.7103,0.01151,0.0,3.15771,178.5,45.2
2026-08-20T16:38:29Z,2026-08-28,8,92000.0,P,0.2675,0.273,0.2702,72450.98,72390.47,0.7103,-0.98849,0.0,3.15771,0.5,0.0
2026-08-20T16:38:29Z,2026-08-28,8,94000.0,C,0.0002,0.0004,0.0003,72450.98,72390.47,0.7376999999999999,0.00851,0.0,2.42558,212.1,77.0
2026-08-20T16:38:29Z,2026-08-28,8,94000.0,P,0.2955,0.3005,0.2977,72450.72,72390.47,0.7376999999999999,-0.99149,0.0,2.42537,0.0,0.0
2026-08-20T16:38:29Z,2026-08-28,8,95000.0,C,0.0002,0.0004,0.0003,72450.98,72390.47,0.7634000000000001,0.00824,0.0,2.35711,117.8,75.6
2026-08-20T16:38:29Z,2026-08-28,8,95000.0,P,0.309,0.314,0.3115,72450.98,72390.47,0.7634000000000001,-0.99176,0.0,2.35711,0.3,0.0
2026-08-20T16:38:29Z,2026-08-28,8,96000.0,C,0.0002,0.0004,0.0003,72450.72,72390.47,0.7856000000000001,0.00777,0.0,2.24031,47.6,2.1
2026-08-20T16:38:29Z,2026-08-28,8,96000.0,P,0.323,0.328,0.3253,72450.72,72390.47,0.7856000000000001,-0.99223,0.0,2.24031,0.1,0.0
2026-08-20T16:38:29Z,2026-08-28,8,98000.0,C,0.0001,0.0003,0.0002,72450.98,72390.47,0.8006,0.00539,0.0,1.61932,217.9,60.9
2026-08-20T16:38:29Z,2026-08-28,8,98000.0,P,0.3505,0.356,0.3528,72450.98,72390.47,0.8006,-0.99461,0.0,1.61932,0.0,0.0
2026-08-20T16:38:29Z,2026-08-28,8,100000.0,C,0.0001,0.0003,0.0002,72450.98,72390.47,0.8434,0.00494,0.0,1.49854,178.1,36.9
2026-08-20T16:38:29Z,2026-08-28,8,100000.0,P,0.3775,0.3835,0.3804,72450.98,72390.47,0.8434,-0.99506,0.0,1.49854,0.5,0.0
2026-08-20T16:38:29Z,2026-08-28,8,105000.0,C,0.0001,0.0002,0.0002,72450.4,72390.47,0.9373999999999999,0.00381,0.0,1.18914,388.8,217.2
2026-08-20T16:38:29Z,2026-08-28,8,105000.0,P,0.4465,0.4535,0.4494,72450.4,72390.47,0.9373999999999999,-0.99619,0.0,1.18914,1.0,0.0
2026-08-20T16:38:29Z,2026-08-28,8,110000.0,C,0.0,0.0001,0.0001,72450.4,72390.47,1.0034999999999998,0.00253,0.0,0.82131,322.0,208.5
2026-08-20T16:38:29Z,2026-08-28,8,110000.0,P,0.515,0.5215,0.5184,72450.4,72390.47,1.0034999999999998,-0.99747,0.0,0.82131,0.2,0.0
2026-08-20T16:38:29Z,2026-09-04,15,53000.0,C,0.268,0.271,0.2694,72525.55,72390.47,0.5996,0.99623,0.0,1.63245,0.0,0.0
2026-08-20T16:38:29Z,2026-09-04,15,53000.0,P,0.0001,0.0002,0.0001,72526.32,72390.47,0.5996,-0.00377,0.0,1.63208,73.1,149.7
2026-08-20T16:38:29Z,2026-09-04,15,55000.0,C,0.2405,0.2435,0.2419,72526.32,72390.47,0.5677,0.99361,0.0,2.61097,0.0,0.0
2026-08-20T16:38:29Z,2026-09-04,15,55000.0,P,0.0002,0.0003,0.0002,72525.55,72390.47,0.5677,-0.00639,0.0,2.61155,212.5,50.3
2026-08-20T16:38:29Z,2026-09-04,15,58000.0,C,0.1995,0.2025,0.2008,72525.55,72390.47,0.521,0.98588,0.0,5.2203,0.0,0.0
2026-08-20T16:38:29Z,2026-09-04,15,58000.0,P,0.0005,0.0006,0.0005,72526.32,72390.47,0.521,-0.01411,0.0,5.21919,369.4,227.6
2026-08-20T16:38:29Z,2026-09-04,15,60000.0,C,0.172,0.1755,0.1735,72526.32,72390.47,0.4781,0.97873,1e-05,7.40901,0.4,0.0
2026-08-20T16:38:29Z,2026-09-04,15,60000.0,P,0.0007,0.0009,0.0008,72526.32,72390.47,0.4781,-0.02127,1e-05,7.40901,1035.7,524.3
2026-08-20T16:38:29Z,2026-09-04,15,61000.0,C,0.158,0.1615,0.1599,72525.55,72390.47,0.46020000000000005,0.97283,1e-05,9.10206,5.5,0.0
2026-08-20T16:38:29Z,2026-09-04,15,61000.0,P,0.0009,0.0011,0.001,72525.55,72390.47,0.46020000000000005,-0.02717,1e-05,9.10206,146.1,46.5
2026-08-20T16:38:29Z,2026-09-04,15,62000.0,C,0.1445,0.1485,0.1464,72525.55,72390.47,0.44520000000000004,0.96432,1e-05,11.40274,2.4,0.0
2026-08-20T16:38:29Z,2026-09-04,15,62000.0,P,0.0011,0.0015,0.0013,72525.55,72390.47,0.44520000000000004,-0.03568,1e-05,11.40274,815.5,673.5
2026-08-20T16:38:29Z,2026-09-04,15,63000.0,C,0.1315,0.135,0.1331,72526.32,72390.47,0.4293,0.95361,2e-05,14.10955,86.8,0.2
2026-08-20T16:38:29Z,2026-09-04,15,63000.0,P,0.0015,0.0019,0.0017,72525.55,72390.47,0.4293,-0.04641,2e-05,14.11233,1237.2,920.7
2026-08-20T16:38:29Z,2026-09-04,15,64000.0,C,0.118,0.1215,0.1198,72525.55,72390.47,0.4147,0.93909,2e-05,17.50632,265.5,2.3
2026-08-20T16:38:29Z,2026-09-04,15,64000.0,P,0.0021,0.0025,0.0023,72526.32,72390.47,0.4147,-0.06089,2e-05,17.50305,185.4,69.0
2026-08-20T16:38:29Z,2026-09-04,15,65000.0,C,0.105,0.1085,0.1068,72525.55,72390.47,0.40299999999999997,0.91892,3e-05,21.8129,299.8,20.2
2026-08-20T16:38:29Z,2026-09-04,15,65000.0,P,0.0029,0.0033,0.0031,72521.1,72390.47,0.40299999999999997,-0.08119,3e-05,21.83491,357.8,260.0
2026-08-20T16:38:29Z,2026-09-04,15,66000.0,C,0.0925,0.096,0.0942,72521.1,72390.47,0.39280000000000004,0.89199,3e-05,26.9532,462.1,20.1
2026-08-20T16:38:29Z,2026-09-04,15,66000.0,P,0.004,0.0045,0.0042,72521.1,72390.47,0.39280000000000004,-0.10801,3e-05,26.9532,138.2,17.0
2026-08-20T16:38:29Z,2026-09-04,15,67000.0,C,0.0805,0.084,0.082,72521.1,72390.47,0.3849,0.85674,4e-05,32.83412,980.7,84.8
2026-08-20T16:38:29Z,2026-09-04,15,67000.0,P,0.0055,0.0065,0.0058,72521.1,72390.47,0.3849,-0.14326,4e-05,32.83412,71.7,64.4
2026-08-20T16:38:29Z,2026-09-04,15,68000.0,C,0.0685,0.072,0.0704,72521.1,72390.47,0.37689999999999996,0.81343,5e-05,38.97231,963.0,37.2
2026-08-20T16:38:29Z,2026-09-04,15,68000.0,P,0.0075,0.0085,0.008,72525.2,72390.47,0.37689999999999996,-0.18637,5e-05,38.94851,211.3,188.6
2026-08-20T16:38:29Z,2026-09-04,15,69000.0,C,0.059,0.0605,0.0597,72521.1,72390.47,0.3739,0.75868,6e-05,45.28599,434.6,432.2
2026-08-20T16:38:29Z,2026-09-04,15,69000.0,P,0.0105,0.0115,0.0111,72521.1,72390.47,0.3739,-0.24132,6e-05,45.28599,126.3,135.4
2026-08-20T16:38:29Z,2026-09-04,15,70000.0,C,0.049,0.051,0.0498,72521.1,72390.47,0.3714,0.696,6e-05,50.79967,808.4,1209.1
2026-08-20T16:38:29Z,2026-09-04,15,70000.0,P,0.0145,0.0155,0.015,72521.1,72390.47,0.3714,-0.304,6e-05,50.79967,56.4,85.8
2026-08-20T16:38:29Z,2026-09-04,15,71000.0,C,0.04,0.0415,0.041,72521.1,72390.47,0.37020000000000003,0.62666,7e-05,54.9966,970.0,1044.0
2026-08-20T16:38:29Z,2026-09-04,15,71000.0,P,0.0195,0.0205,0.0199,72521.1,72390.47,0.37020000000000003,-0.37334,7e-05,54.9966,54.7,55.1
2026-08-20T16:38:29Z,2026-09-04,15,72000.0,C,0.0325,0.0335,0.0332,72525.2,72390.47,0.37020000000000003,0.55374,7e-05,57.41868,615.5,675.8
2026-08-20T16:38:29Z,2026-09-04,15,72000.0,P,0.0255,0.0265,0.026,72521.1,72390.47,0.37020000000000003,-0.44657,7e-05,57.42133,3.5,3.7
2026-08-20T16:38:29Z,2026-09-04,15,73000.0,C,0.026,0.027,0.0266,72521.1,72390.47,0.3711,0.4795,7e-05,57.86536,588.3,523.8
2026-08-20T16:38:29Z,2026-09-04,15,73000.0,P,0.0325,0.034,0.0331,72521.1,72390.47,0.3711,-0.5205,7e-05,57.86536,0.9,0.9
2026-08-20T16:38:29Z,2026-09-04,15,74000.0,C,0.0205,0.0215,0.021,72525.2,72390.47,0.3732,0.40828,7e-05,56.40682,712.1,1344.2
2026-08-20T16:38:29Z,2026-09-04,15,74000.0,P,0.041,0.0425,0.0414,72521.1,72390.47,0.3732,-0.59202,7e-05,56.39371,0.0,0.0
2026-08-20T16:38:29Z,2026-09-04,15,75000.0,C,0.016,0.017,0.0165,72525.2,72390.47,0.3764,0.34187,7e-05,53.33111,926.8,131.6
2026-08-20T16:38:29Z,2026-09-04,15,75000.0,P,0.05,0.052,0.0507,72518.87,72390.47,0.3764,-0.65856,7e-05,53.30129,0.1,0.1
2026-08-20T16:38:29Z,2026-09-04,15,76000.0,C,0.0125,0.013,0.0129,72520.88,72390.47,0.3809,0.28224,6e-05,49.07885,663.9,665.8
2026-08-20T16:38:29Z,2026-09-04,15,76000.0,P,0.06,0.062,0.0608,72518.87,72390.47,0.3809,-0.71789,6e-05,49.06721,0.0,0.0
2026-08-20T16:38:29Z,2026-09-04,15,78000.0,C,0.0075,0.008,0.0078,72518.87,72390.47,0.39280000000000004,0.18759,5e-05,39.10302,57.2,69.9
2026-08-20T16:38:29Z,2026-09-04,15,78000.0,P,0.081,0.0855,0.0834,72518.87,72390.47,0.39280000000000004,-0.81241,5e-05,39.10302,7.2,7.2
2026-08-20T16:38:29Z,2026-09-04,15,80000.0,C,0.0048,0.0055,0.0051,72520.88,72390.47,0.4144,0.1269,3e-05,30.21323,363.4,387.8
2026-08-20T16:38:29Z,2026-09-04,15,80000.0,P,0.106,0.11,0.1082,72518.87,72390.47,0.4144,-0.87317,3e-05,30.20087,6.5,6.5
2026-08-20T16:38:29Z,2026-09-04,15,85000.0,C,0.0018,0.0023,0.002,72518.87,72390.47,0.4714,0.05103,2e-05,15.22409,0.0,0.0
2026-08-20T16:38:29Z,2026-09-04,15,85000.0,P,0.171,0.1785,0.174,72518.87,72390.47,0.4714,-0.94897,2e-05,15.22409,0.1,0.1
2026-08-20T16:38:29Z,2026-09-11,22,60000.0,C,0.1735,0.177,0.1753,72594.72,72390.47,0.45280000000000004,0.96276,1e-05,14.37122,0.0,0.0
2026-08-20T16:38:29Z,2026-09-11,22,60000.0,P,0.0015,0.0019,0.0017,72594.48,72390.47,0.45280000000000004,-0.03725,1e-05,14.37194,26.7,26.7
2026-08-20T16:38:29Z,2026-09-11,22,64000.0,C,0.121,0.1245,0.1227,72594.48,72390.47,0.40149999999999997,0.90954,2e-05,28.81257,0.0,0.0
2026-08-20T16:38:29Z,2026-09-11,22,64000.0,P,0.004,0.0045,0.0043,72594.48,72390.47,0.40149999999999997,-0.09046,2e-05,28.8127,2.6,2.6
2026-08-20T16:38:29Z,2026-09-11,22,66000.0,C,0.0965,0.0995,0.0981,72594.48,72390.47,0.38439999999999996,0.8564,3e-05,40.02401,0.0,0.0
2026-08-20T16:38:29Z,2026-09-11,22,66000.0,P,0.0065,0.0075,0.0072,72594.48,72390.47,0.38439999999999996,-0.1436,3e-05,40.02401,1.6,1.6
2026-08-20T16:38:29Z,2026-09-11,22,67000.0,C,0.085,0.088,0.0864,72592.47,72390.47,0.3784,0.82022,4e-05,46.34406,0.0,0.0
2026-08-20T16:38:29Z,2026-09-11,22,67000.0,P,0.009,0.01,0.0094,72592.47,72390.47,0.3784,-0.17978,4e-05,46.34406,2.8,2.8
2026-08-20T16:38:29Z,2026-09-11,22,68000.0,C,0.074,0.077,0.0755,72592.47,72390.47,0.37310000000000004,0.7778,5e-05,52.63478,1.1,1.1
2026-08-20T16:38:29Z,2026-09-11,22,68000.0,P,0.012,0.0125,0.0121,72594.48,72390.47,0.37310000000000004,-0.22211,5e-05,52.62396,503.3,504.1
2026-08-20T16:38:29Z,2026-09-11,22,69000.0,C,0.0635,0.0665,0.0652,72592.47,72390.47,0.3696,0.72872,5e-05,58.58067,2.0,2.0
2026-08-20T16:38:29Z,2026-09-11,22,69000.0,P,0.0155,0.016,0.0157,72592.47,72390.47,0.3696,-0.27128,5e-05,58.58067,1.0,1.0
2026-08-20T16:38:29Z,2026-09-11,22,70000.0,C,0.0545,0.0575,0.0558,72592.47,72390.47,0.3677,0.67399,6e-05,63.6969,285.1,285.1
2026-08-20T16:38:29Z,2026-09-11,22,70000.0,P,0.0195,0.0205,0.02,72594.48,72390.47,0.3677,-0.3259,6e-05,63.68978,0.9,11.0
2026-08-20T16:38:29Z,2026-09-11,22,71000.0,C,0.046,0.048,0.0473,72592.47,72390.47,0.3666,0.61528,6e-05,67.54964,1.0,1.0
2026-08-20T16:38:29Z,2026-09-11,22,71000.0,P,0.025,0.026,0.0253,72592.47,72390.47,0.3666,-0.38472,6e-05,67.54964,0.2,0.2
2026-08-20T16:38:29Z,2026-09-11,22,72000.0,C,0.039,0.04,0.0396,72592.47,72390.47,0.3653,0.55433,6e-05,69.85985,20.1,20.1
2026-08-20T16:38:29Z,2026-09-11,22,72000.0,P,0.031,0.032,0.0314,72592.47,72390.47,0.3653,-0.44567,6e-05,69.85985,0.0,0.0
2026-08-20T16:38:29Z,2026-09-11,22,73000.0,C,0.032,0.0335,0.0329,72594.48,72390.47,0.36590000000000006,0.49282,6e-05,70.50524,0.0,0.0
2026-08-20T16:38:29Z,2026-09-11,22,73000.0,P,0.038,0.0395,0.0385,72592.47,72390.47,0.36590000000000006,-0.5073,6e-05,70.50289,0.0,0.0
2026-08-20T16:38:29Z,2026-09-11,22,74000.0,C,0.0265,0.0275,0.0271,72594.48,72390.47,0.3666,0.43243,6e-05,69.50269,1.2,1.4
2026-08-20T16:38:29Z,2026-09-11,22,74000.0,P,0.046,0.0475,0.0464,72592.47,72390.47,0.3666,-0.56769,6e-05,69.49707,0.0,0.0
2026-08-20T16:38:29Z,2026-09-11,22,75000.0,C,0.0215,0.023,0.0223,72592.47,72390.47,0.36920000000000003,0.37523,6e-05,67.03703,47.0,47.0
2026-08-20T16:38:29Z,2026-09-11,22,75000.0,P,0.054,0.0565,0.0553,72594.48,72390.47,0.36920000000000003,-0.62466,6e-05,67.04545,0.0,0.0
2026-08-20T16:38:29Z,2026-09-11,22,76000.0,C,0.0175,0.0185,0.0181,72594.48,72390.47,0.371,0.32191,5e-05,63.36786,106.8,137.8
2026-08-20T16:38:29Z,2026-09-11,22,76000.0,P,0.0635,0.067,0.065,72592.06,72390.47,0.371,-0.67822,5e-05,63.35488,0.0,0.0
2026-08-20T16:38:29Z,2026-09-11,22,78000.0,C,0.0115,0.0125,0.0119,72592.06,72390.47,0.37829999999999997,0.23148,5e-05,53.86344,422.8,422.8
2026-08-20T16:38:29Z,2026-09-11,22,78000.0,P,0.0845,0.0885,0.0863,72592.06,72390.47,0.37829999999999997,-0.76852,5e-05,53.86344,0.0,0.0
2026-08-20T16:38:29Z,2026-09-11,22,80000.0,C,0.0075,0.0085,0.0079,72592.06,72390.47,0.389,0.16389,4e-05,43.68452,522.7,523.4
2026-08-20T16:38:29Z,2026-09-11,22,80000.0,P,0.108,0.112,0.1099,72590.68,72390.47,0.389,-0.83616,4e-05,43.67511,6.8,6.8
2026-08-20T16:38:29Z,2026-09-11,22,85000.0,C,0.0029,0.0032,0.0031,72592.06,72390.47,0.4254,0.07058,2e-05,23.88391,23.5,23.5
2026-08-20T16:38:29Z,2026-09-11,22,85000.0,P,0.172,0.1765,0.174,72590.68,72390.47,0.4254,-0.92944,2e-05,23.877,0.0,0.0
2026-08-20T16:38:29Z,2026-09-25,36,30000.0,C,0.5865,0.589,0.5875,72702.39,72390.47,1.0262,0.99825,0.0,1.2727,134.0,0.0
2026-08-20T16:38:29Z,2026-09-25,36,30000.0,P,0.0001,0.0002,0.0002,72702.4,72390.47,1.0262,-0.00175,0.0,1.27269,2639.5,27.1
2026-08-20T16:38:29Z,2026-09-25,36,35000.0,C,0.5175,0.52,0.5188,72702.39,72390.47,0.8856999999999999,0.99728,0.0,1.90356,29.3,6.7
2026-08-20T16:38:29Z,2026-09-25,36,35000.0,P,0.0002,0.0003,0.0002,72702.4,72390.47,0.8856999999999999,-0.00272,0.0,1.90356,890.0,12.0
2026-08-20T16:38:29Z,2026-09-25,36,40000.0,C,0.4485,0.4515,0.4502,72702.39,72390.47,0.7818,0.99489,0.0,3.35177,34.4,0.0
2026-08-20T16:38:29Z,2026-09-25,36,40000.0,P,0.0003,0.0005,0.0004,72702.39,72390.47,0.7818,-0.00511,0.0,3.35177,2340.7,27.3
2026-08-20T16:38:29Z,2026-09-25,36,45000.0,C,0.38,0.383,0.3817,72702.39,72390.47,0.6779000000000001,0.99112,0.0,5.45919,224.8,0.0
2026-08-20T16:38:29Z,2026-09-25,36,45000.0,P,0.0005,0.0009,0.0007,72702.39,72390.47,0.6779000000000001,-0.00888,0.0,5.45919,2177.7,60.4
2026-08-20T16:38:29Z,2026-09-25,36,50000.0,C,0.312,0.315,0.3135,72702.39,72390.47,0.5935,0.98263,0.0,9.75676,30.5,0.1
2026-08-20T16:38:29Z,2026-09-25,36,50000.0,P,0.0012,0.0013,0.0012,72702.39,72390.47,0.5935,-0.01737,0.0,9.75676,3696.6,64.6
2026-08-20T16:38:29Z,2026-09-25,36,52000.0,C,0.2845,0.288,0.2863,72702.4,72390.47,0.5613,0.97717,0.0,12.30192,150.0,0.0
2026-08-20T16:38:29Z,2026-09-25,36,52000.0,P,0.0015,0.0017,0.0016,72702.39,72390.47,0.5613,-0.02283,0.0,12.30193,1302.5,29.6
2026-08-20T16:38:29Z,2026-09-25,36,54000.0,C,0.2575,0.261,0.2592,72702.4,72390.47,0.527,0.97051,1e-05,15.23986,7.4,0.0
2026-08-20T16:38:29Z,2026-09-25,36,54000.0,P,0.0019,0.0022,0.002,72702.39,72390.47,0.527,-0.02949,1e-05,15.23988,641.1,40.0
2026-08-20T16:38:29Z,2026-09-25,36,55000.0,C,0.244,0.2475,0.2458,72702.4,72390.47,0.512,0.96594,1e-05,17.16512,143.7,0.1
2026-08-20T16:38:29Z,2026-09-25,36,55000.0,P,0.0023,0.0024,0.0023,72702.39,72390.47,0.512,-0.03406,1e-05,17.16515,3003.5,621.8
2026-08-20T16:38:29Z,2026-09-25,36,56000.0,C,0.231,0.234,0.2323,72702.39,72390.47,0.4971,0.96063,1e-05,19.32691,13.4,0.0
2026-08-20T16:38:29Z,2026-09-25,36,56000.0,P,0.0026,0.0028,0.0026,72700.0,72390.47,0.4971,-0.03939,1e-05,19.33391,1496.6,789.0
2026-08-20T16:38:29Z,2026-09-25,36,58000.0,C,0.2045,0.208,0.2057,72700.0,72390.47,0.4702,0.94641,1e-05,24.75597,460.8,2.5
2026-08-20T16:38:29Z,2026-09-25,36,58000.0,P,0.0034,0.0037,0.0035,72700.0,72390.47,0.4702,-0.05359,1e-05,24.75597,1459.3,103.5
2026-08-20T16:38:29Z,2026-09-25,36,60000.0,C,0.178,0.1815,0.1798,72700.0,72390.47,0.4507,0.92419,1e-05,32.42261,838.9,21.4
2026-08-20T16:38:29Z,2026-09-25,36,60000.0,P,0.0047,0.0055,0.0051,72702.14,72390.47,0.4507,-0.07578,1e-05,32.41385,5566.3,929.2
2026-08-20T16:38:29Z,2026-09-25,36,62000.0,C,0.153,0.156,0.154,72702.14,72390.47,0.4242,0.89751,2e-05,40.59159,597.4,7.2
2026-08-20T16:38:29Z,2026-09-25,36,62000.0,P,0.0065,0.007,0.0068,72700.0,72390.47,0.4242,-0.10253,2e-05,40.60182,1128.0,342.1
2026-08-20T16:38:29Z,2026-09-25,36,64000.0,C,0.1285,0.132,0.13,72700.0,72390.47,0.4129,0.85369,2e-05,52.09113,725.7,1.9
2026-08-20T16:38:29Z,2026-09-25,36,64000.0,P,0.01,0.0105,0.0103,72700.0,72390.47,0.4129,-0.14631,2e-05,52.09113,882.8,269.4
2026-08-20T16:38:29Z,2026-09-25,36,65000.0,C,0.1165,0.12,0.1183,72700.0,72390.47,0.40549999999999997,0.82814,3e-05,57.88916,1299.5,57.7
2026-08-20T16:38:29Z,2026-09-25,36,65000.0,P,0.012,0.013,0.0124,72700.0,72390.47,0.40549999999999997,-0.17186,3e-05,57.88916,704.3,79.8
2026-08-20T16:38:29Z,2026-09-25,36,66000.0,C,0.106,0.108,0.1071,72700.0,72390.47,0.39890000000000003,0.79899,3e-05,63.79277,973.8,189.3
2026-08-20T16:38:29Z,2026-09-25,36,66000.0,P,0.0145,0.0155,0.0149,72700.0,72390.47,0.39890000000000003,-0.20101,3e-05,63.79277,960.7,533.3
2026-08-20T16:38:29Z,2026-09-25,36,68000.0,C,0.085,0.087,0.0862,72702.14,72390.47,0.3893,0.72921,4e-05,75.22598,959.1,81.2
2026-08-20T16:38:29Z,2026-09-25,36,68000.0,P,0.021,0.022,0.0215,72700.0,72390.47,0.3893,-0.27088,4e-05,75.23487,1416.0,1429.4
2026-08-20T16:38:29Z,2026-09-25,36,70000.0,C,0.067,0.0685,0.0677,72700.0,72390.47,0.3825,0.6467,4e-05,84.42967,11500.3,845.5
2026-08-20T16:38:29Z,2026-09-25,36,70000.0,P,0.03,0.031,0.0305,72702.14,72390.47,0.3825,-0.35321,4e-05,84.42432,1609.8,242.5
2026-08-20T16:38:29Z,2026-09-25,36,72000.0,C,0.0515,0.0525,0.052,72700.0,72390.47,0.3791,0.55603,5e-05,89.73317,3416.4,288.7
2026-08-20T16:38:29Z,2026-09-25,36,72000.0,P,0.0415,0.043,0.0423,72701.01,72390.47,0.3791,-0.44393,5e-05,89.73294,273.9,37.4
2026-08-20T16:38:29Z,2026-09-25,36,74000.0,C,0.0385,0.0395,0.039,72701.01,72390.47,0.3775,0.46369,5e-05,90.25407,1493.5,783.9
2026-08-20T16:38:29Z,2026-09-25,36,74000.0,P,0.0565,0.0575,0.0569,72701.01,72390.47,0.3775,-0.53631,5e-05,90.25407,110.8,6.0
2026-08-20T16:38:29Z,2026-09-25,36,75000.0,C,0.033,0.034,0.0336,72701.01,72390.47,0.3775,0.4188,5e-05,88.74597,3727.2,1789.0
2026-08-20T16:38:29Z,2026-09-25,36,75000.0,P,0.0645,0.066,0.0652,72701.01,72390.47,0.3775,-0.5812,5e-05,88.74597,2964.1,1.4
2026-08-20T16:38:29Z,2026-09-25,36,76000.0,C,0.0285,0.029,0.0288,72701.01,72390.47,0.37810000000000005,0.3758,4e-05,86.20123,3220.2,891.4
2026-08-20T16:38:29Z,2026-09-25,36,76000.0,P,0.0735,0.0755,0.0742,72700.03,72390.47,0.37810000000000005,-0.62425,4e-05,86.19695,599.6,0.0
2026-08-20T16:38:29Z,2026-09-25,36,78000.0,C,0.0205,0.0215,0.021,72701.01,72390.47,0.38020000000000004,0.2971,4e-05,78.63909,5460.1,193.5
2026-08-20T16:38:29Z,2026-09-25,36,78000.0,P,0.092,0.0955,0.0939,72701.01,72390.47,0.38020000000000004,-0.7029,4e-05,78.63909,625.2,0.1
2026-08-20T16:38:29Z,2026-09-25,36,80000.0,C,0.015,0.0155,0.0152,72701.01,72390.47,0.3843,0.23068,3e-05,69.0959,3794.9,1162.9
2026-08-20T16:38:29Z,2026-09-25,36,80000.0,P,0.1135,0.1175,0.1156,72701.01,72390.47,0.3843,-0.76932,3e-05,69.0959,648.3,52.7
2026-08-20T16:38:29Z,2026-09-25,36,82000.0,C,0.0105,0.0115,0.0111,72701.01,72390.47,0.3908,0.1776,3e-05,59.10867,3322.5,914.5
2026-08-20T16:38:29Z,2026-09-25,36,82000.0,P,0.1365,0.141,0.139,72701.01,72390.47,0.3908,-0.8224,3e-05,59.10867,194.9,1.1
2026-08-20T16:38:29Z,2026-09-25,36,84000.0,C,0.008,0.0085,0.0082,72701.01,72390.47,0.39899999999999997,0.13646,2e-05,49.68781,2353.1,860.8
2026-08-20T16:38:29Z,2026-09-25,36,84000.0,P,0.161,0.1655,0.1636,72701.01,72390.47,0.39899999999999997,-0.86354,2e-05,49.68781,34.7,0.0
2026-08-20T16:38:29Z,2026-09-25,36,85000.0,C,0.007,0.0075,0.0071,72701.01,72390.47,0.4039,0.11991,2e-05,45.42072,1293.3,305.3
2026-08-20T16:38:29Z,2026-09-25,36,85000.0,P,0.1735,0.178,0.1762,72701.01,72390.47,0.4039,-0.88009,2e-05,45.42072,453.0,0.0
2026-08-20T16:38:29Z,2026-09-25,36,86000.0,C,0.0055,0.0065,0.0061,72701.01,72390.47,0.4079,0.10489,2e-05,41.27622,873.1,65.9
2026-08-20T16:38:29Z,2026-09-25,36,86000.0,P,0.1865,0.191,0.189,72700.03,72390.47,0.4079,-0.89513,2e-05,41.27019,11.6,0.0
2026-08-20T16:38:29Z,2026-09-25,36,88000.0,C,0.0045,0.0049,0.0047,72703.22,72390.47,0.4205,0.08266,2e-05,34.61768,659.5,9.1
2026-08-20T16:38:29Z,2026-09-25,36,88000.0,P,0.2125,0.217,0.2151,72701.02,72390.47,0.4205,-0.91738,2e-05,34.60557,5.7,0.0
2026-08-20T16:38:29Z,2026-09-25,36,90000.0,C,0.0034,0.0037,0.0036,72703.22,72390.47,0.4311,0.06465,1e-05,28.68548,3724.2,1066.5
2026-08-20T16:38:29Z,2026-09-25,36,90000.0,P,0.239,0.244,0.2416,72703.22,72390.47,0.4311,-0.93535,1e-05,28.68548,586.2,3.0
2026-08-20T16:38:29Z,2026-09-25,36,92000.0,C,0.0027,0.0031,0.0029,72701.02,72390.47,0.44630000000000003,0.05277,1e-05,24.45638,488.0,0.3
2026-08-20T16:38:29Z,2026-09-25,36,92000.0,P,0.2655,0.271,0.2684,72703.22,72390.47,0.44630000000000003,-0.94721,1e-05,24.46571,4.3,0.0
2026-08-20T16:38:29Z,2026-09-25,36,94000.0,C,0.0022,0.0025,0.0024,72703.22,72390.47,0.4606,0.04336,1e-05,20.8974,162.2,15.6
2026-08-20T16:38:29Z,2026-09-25,36,94000.0,P,0.2925,0.298,0.2954,72701.02,72390.47,0.4606,-0.95666,1e-05,20.88924,1.9,0.0
2026-08-20T16:38:29Z,2026-09-25,36,95000.0,C,0.002,0.0023,0.0022,72703.22,72390.47,0.4675,0.03935,1e-05,19.31956,1857.9,18.7
2026-08-20T16:38:29Z,2026-09-25,36,95000.0,P,0.306,0.3115,0.3089,72703.22,72390.47,0.4675,-0.96065,1e-05,19.31956,147.7,0.0
2026-08-20T16:38:29Z,2026-09-25,36,96000.0,C,0.0018,0.0021,0.002,72701.02,72390.47,0.47479999999999994,0.03596,1e-05,17.94586,301.8,4.2
2026-08-20T16:38:29Z,2026-09-25,36,96000.0,P,0.3195,0.326,0.3225,72701.02,72390.47,0.47479999999999994,-0.96404,1e-05,17.94586,1.0,0.0
2026-08-20T16:38:29Z,2026-09-25,36,98000.0,C,0.0015,0.0018,0.0018,72703.22,72390.47,0.4917,0.03099,1e-05,15.87974,355.1,7.4
2026-08-20T16:38:29Z,2026-09-25,36,98000.0,P,0.347,0.3525,0.3497,72703.22,72390.47,0.4917,-0.96901,1e-05,15.87974,0.1,0.0
2026-08-20T16:38:29Z,2026-09-25,36,100000.0,C,0.0013,0.0015,0.0015,72703.22,72390.47,0.5034000000000001,0.02572,1e-05,13.59853,5155.5,2124.3
2026-08-20T16:38:29Z,2026-09-25,36,100000.0,P,0.374,0.38,0.377,72701.02,72390.47,0.5034000000000001,-0.97429,1e-05,13.59303,430.9,0.1
2026-08-20T16:38:29Z,2026-09-25,36,102000.0,C,0.0011,0.0013,0.0012,72703.22,72390.47,0.5169,0.02192,0.0,11.8864,152.5,36.7
2026-08-20T16:38:29Z,2026-09-25,36,102000.0,P,0.401,0.408,0.4043,72703.22,72390.47,0.5169,-0.97808,0.0,11.8864,0.4,0.0
2026-08-20T16:38:29Z,2026-09-25,36,105000.0,C,0.0009,0.0011,0.001,72703.22,72390.47,0.5382,0.01779,0.0,9.9591,1215.6,2.7
2026-08-20T16:38:29Z,2026-09-25,36,105000.0,P,0.4425,0.4485,0.4453,72701.02,72390.47,0.5382,-0.98221,0.0,9.95503,104.6,0.0
2026-08-20T16:38:29Z,2026-09-25,36,110000.0,C,0.0006,0.0008,0.0007,72702.61,72390.47,0.5700999999999999,0.01269,0.0,7.44752,1346.9,14.2
2026-08-20T16:38:29Z,2026-09-25,36,110000.0,P,0.5105,0.517,0.5137,72702.61,72390.47,0.5700999999999999,-0.98731,0.0,7.44752,121.0,6.0
2026-08-20T16:38:29Z,2026-09-25,36,115000.0,C,0.0003,0.0006,0.0005,72703.25,72390.47,0.5937,0.00868,0.0,5.34969,2185.1,6.6
2026-08-20T16:38:29Z,2026-09-25,36,115000.0,P,0.579,0.586,0.5823,72702.61,72390.47,0.5937,-0.99132,0.0,5.34904,94.2,2.3
2026-08-20T16:38:29Z,2026-09-25,36,120000.0,C,0.0003,0.0006,0.0004,72702.61,72390.47,0.6269,0.00695,0.0,4.39699,1137.5,6.8
2026-08-20T16:38:29Z,2026-09-25,36,120000.0,P,0.6475,0.6545,0.651,72702.61,72390.47,0.6269,-0.99305,0.0,4.39699,174.5,0.0
2026-08-20T16:38:29Z,2026-09-25,36,125000.0,C,0.0002,0.0006,0.0003,72703.25,72390.47,0.6547,0.00544,0.0,3.53977,2326.9,2.1
2026-08-20T16:38:29Z,2026-09-25,36,125000.0,P,0.716,0.7245,0.7197,72702.61,72390.47,0.6547,-0.99456,0.0,3.53935,21.8,0.0
2026-08-20T16:38:29Z,2026-09-25,36,130000.0,C,0.0002,0.0005,0.0003,72702.61,72390.47,0.6836,0.00447,0.0,2.97507,1425.7,19.0
2026-08-20T16:38:29Z,2026-09-25,36,130000.0,P,0.785,0.7925,0.7884,72702.61,72390.47,0.6836,-0.99553,0.0,2.97507,21.4,0.0
2026-08-20T16:38:29Z,2026-09-25,36,135000.0,C,0.0001,0.0004,0.0002,72702.61,72390.47,0.7033,0.0034,0.0,2.32795,279.0,7.7
2026-08-20T16:38:29Z,2026-09-25,36,135000.0,P,0.8535,0.862,0.8571,72703.25,72390.47,0.7033,-0.9966,0.0,2.32822,11.5,0.0
2026-08-20T16:38:29Z,2026-09-25,36,140000.0,C,0.0001,0.0004,0.0002,72702.61,72390.47,0.7389,0.00324,0.0,2.22798,1184.8,1.5
2026-08-20T16:38:29Z,2026-09-25,36,140000.0,P,0.922,0.931,0.9259,72702.61,72390.47,0.7389,-0.99676,0.0,2.22798,1.4,0.0
2026-08-20T16:38:29Z,2026-09-25,36,145000.0,C,0.0001,0.0003,0.0002,72703.25,72390.47,0.7729,0.00309,0.0,2.13679,492.9,6.9
2026-08-20T16:38:29Z,2026-09-25,36,145000.0,P,0.9905,1.003,0.9946,72703.25,72390.47,0.7729,-0.99691,0.0,2.13679,0.2,0.0
2026-08-20T16:38:29Z,2026-09-25,36,150000.0,C,0.0001,0.0002,0.0002,72703.25,72390.47,0.7893000000000001,0.00245,0.0,1.73354,736.3,1.4
2026-08-20T16:38:29Z,2026-09-25,36,150000.0,P,1.0565,1.0725,1.0634,72702.61,72390.47,0.7893000000000001,-0.99755,0.0,1.73335,4.5,3.8
2026-08-20T16:38:29Z,2026-09-25,36,155000.0,C,0.0001,0.0003,0.0002,72702.65,72390.47,0.8129000000000001,0.00216,0.0,1.54695,364.1,1.3
2026-08-20T16:38:29Z,2026-09-25,36,155000.0,P,1.125,1.1405,1.1321,72702.81,72390.47,0.8129000000000001,-0.99784,0.0,1.54699,0.1,0.0
2026-08-20T16:38:29Z,2026-09-25,36,160000.0,C,0.0001,0.0002,0.0002,72702.81,72390.47,0.847,0.0022,0.0,1.56994,1444.3,0.1
2026-08-20T16:38:29Z,2026-09-25,36,160000.0,P,1.1925,1.2095,1.2009,72702.81,72390.47,0.847,-0.9978,0.0,1.56994,0.6,0.0
2026-08-20T16:38:29Z,2026-09-25,36,165000.0,C,0.0,0.0003,0.0001,72702.81,72390.47,0.847,0.00152,0.0,1.11979,184.2,0.0
2026-08-20T16:38:29Z,2026-09-25,36,165000.0,P,1.2615,1.2795,1.2696,72702.81,72390.47,0.847,-0.99848,0.0,1.11979,0.0,0.0
2026-08-20T16:38:29Z,2026-09-25,36,170000.0,C,0.0,0.0003,0.0001,72702.65,72390.47,0.847,0.00104,0.0,0.79643,359.5,0.5
2026-08-20T16:38:29Z,2026-09-25,36,170000.0,P,1.33,1.3485,1.3384,72702.81,72390.47,0.847,-0.99896,0.0,0.79645,0.0,0.0
2026-08-20T16:38:29Z,2026-09-25,36,175000.0,C,0.0,0.0003,0.0,72702.81,72390.47,0.847,0.00072,0.0,0.56517,1355.7,0.5
2026-08-20T16:38:29Z,2026-09-25,36,175000.0,P,1.399,1.419,1.4071,72702.81,72390.47,0.847,-0.99928,0.0,0.56517,3.3,3.3
2026-08-20T16:38:29Z,2026-09-25,36,180000.0,C,0.0,0.0001,0.0,72702.81,72390.47,0.847,0.0005,0.0,0.40032,749.8,0.0
2026-08-20T16:38:29Z,2026-09-25,36,180000.0,P,1.4675,1.4865,1.4759,72702.81,72390.47,0.847,-0.9995,0.0,0.40032,10.5,3.2
2026-08-20T16:38:29Z,2026-09-25,36,190000.0,C,0.0,0.0001,0.0,72702.65,72390.47,0.847,0.00023,0.0,0.20006,772.5,0.0
2026-08-20T16:38:29Z,2026-09-25,36,190000.0,P,1.6045,1.626,1.6134,72702.65,72390.47,0.847,-0.99977,0.0,0.20006,0.0,0.0
2026-08-20T16:38:29Z,2026-09-25,36,200000.0,C,0.0,0.0002,0.0,72702.81,72390.47,0.847,0.00011,0.0,0.09969,1010.7,3.6
2026-08-20T16:38:29Z,2026-09-25,36,200000.0,P,1.741,1.7635,1.7509,72702.81,72390.47,0.847,-0.99989,0.0,0.09969,0.1,0.0
2026-08-20T16:38:29Z,2026-09-25,36,220000.0,C,0.0,0.0002,0.0,72702.65,72390.47,0.847,3e-05,0.0,0.02473,223.0,7.1
2026-08-20T16:38:29Z,2026-09-25,36,220000.0,P,2.0175,2.039,2.026,72702.65,72390.47,0.847,-0.99997,0.0,0.02473,1.8,0.0
2026-08-20T16:38:29Z,2026-09-25,36,240000.0,C,0.0,0.0002,0.0,72702.81,72390.47,0.847,1e-05,0.0,0.00618,212.0,8.0
2026-08-20T16:38:29Z,2026-09-25,36,240000.0,P,2.2895,2.315,2.3011,72702.81,72390.47,0.847,-0.99999,0.0,0.00618,0.0,0.0
2026-08-20T16:38:29Z,2026-09-25,36,260000.0,C,0.0,0.0002,0.0,72705.53,72390.47,0.847,0.0,0.0,0.00157,291.8,0.2
2026-08-20T16:38:29Z,2026-09-25,36,260000.0,P,2.564,2.5955,2.5762,72705.53,72390.47,0.847,-1.0,0.0,0.00157,0.0,0.0
2026-08-20T16:38:29Z,2026-09-25,36,280000.0,C,0.0,0.0002,0.0,72702.85,72390.47,0.8472,0.0,0.0,0.00041,91.7,0.0
2026-08-20T16:38:29Z,2026-09-25,36,280000.0,P,2.833,2.864,2.8513,72705.53,72390.47,0.8472,-1.0,0.0,0.00041,0.0,0.0
2026-08-20T16:38:29Z,2026-09-25,36,300000.0,C,0.0,0.0002,0.0,72702.85,72390.47,0.8499,0.0,0.0,0.00012,192.1,0.0
2026-08-20T16:38:29Z,2026-09-25,36,300000.0,P,3.1065,3.149,3.1264,72705.53,72390.47,0.8499,-1.0,0.0,0.00012,0.0,0.0
2026-08-20T16:38:29Z,2026-09-25,36,320000.0,C,0.0,0.0001,0.0,72705.53,72390.47,0.8542000000000001,0.0,0.0,4e-05,286.7,10.1
2026-08-20T16:38:29Z,2026-09-25,36,320000.0,P,3.385,3.426,3.4015,72705.53,72390.47,0.8542000000000001,-1.0,0.0,4e-05,25.1,0.0
2026-08-20T16:38:29Z,2026-10-30,71,40000.0,C,0.452,0.4545,0.4532,72984.24,72390.47,0.6451,0.98812,0.0,9.94086,0.1,0.1
2026-08-20T16:38:29Z,2026-10-30,71,40000.0,P,0.0011,0.0015,0.0013,72984.24,72390.47,0.6451,-0.01188,0.0,9.94086,71.7,0.6
2026-08-20T16:38:29Z,2026-10-30,71,45000.0,C,0.3845,0.3875,0.3856,72984.24,72390.47,0.5778,0.9788,0.0,16.33387,0.1,0.1
2026-08-20T16:38:29Z,2026-10-30,71,45000.0,P,0.002,0.0024,0.0022,72984.24,72390.47,0.5778,-0.0212,0.0,16.33387,123.8,6.0
2026-08-20T16:38:29Z,2026-10-30,71,48000.0,C,0.344,0.3475,0.3453,72987.23,72390.47,0.5409,0.96996,0.0,21.87377,0.1,0.0
2026-08-20T16:38:29Z,2026-10-30,71,48000.0,P,0.0029,0.0032,0.003,72987.23,72390.47,0.5409,-0.03004,0.0,21.87377,176.0,15.1
2026-08-20T16:38:29Z,2026-10-30,71,50000.0,C,0.3175,0.321,0.3188,72987.23,72390.47,0.521,0.96121,1e-05,26.98378,0.1,0.0
2026-08-20T16:38:29Z,2026-10-30,71,50000.0,P,0.0037,0.0041,0.0039,72987.23,72390.47,0.521,-0.03879,1e-05,26.98378,364.9,16.3
2026-08-20T16:38:29Z,2026-10-30,71,52000.0,C,0.291,0.2945,0.2926,72987.23,72390.47,0.5041,0.94946,1e-05,33.39847,0.1,0.0
2026-08-20T16:38:29Z,2026-10-30,71,52000.0,P,0.0048,0.0055,0.0051,72987.23,72390.47,0.5041,-0.05054,1e-05,33.39847,68.5,4.7
2026-08-20T16:38:29Z,2026-10-30,71,54000.0,C,0.265,0.2685,0.2666,72987.23,72390.47,0.4836,0.93608,1e-05,40.18527,0.1,0.0
2026-08-20T16:38:29Z,2026-10-30,71,54000.0,P,0.006,0.007,0.0064,72987.23,72390.47,0.4836,-0.06392,1e-05,40.18527,180.3,69.8
2026-08-20T16:38:29Z,2026-10-30,71,55000.0,C,0.252,0.2555,0.2535,72987.23,72390.47,0.47159999999999996,0.9289,1e-05,43.6323,0.1,0.0
2026-08-20T16:38:29Z,2026-10-30,71,55000.0,P,0.0065,0.0075,0.0071,72987.23,72390.47,0.47159999999999996,-0.0711,1e-05,43.6323,315.9,256.3
2026-08-20T16:38:29Z,2026-10-30,71,56000.0,C,0.239,0.243,0.2409,72987.23,72390.47,0.4648,0.91894,1e-05,48.21323,0.0,0.0
2026-08-20T16:38:29Z,2026-10-30,71,56000.0,P,0.008,0.0085,0.0082,72987.23,72390.47,0.4648,-0.08106,1e-05,48.21323,452.7,320.6
2026-08-20T16:38:29Z,2026-10-30,71,57000.0,C,0.2265,0.2305,0.2283,72987.23,72390.47,0.456,0.90871,1e-05,52.69588,0.1,0.1
2026-08-20T16:38:29Z,2026-10-30,71,57000.0,P,0.009,0.0095,0.0093,72987.23,72390.47,0.456,-0.09129,1e-05,52.69588,201.8,22.7
2026-08-20T16:38:29Z,2026-10-30,71,58000.0,C,0.214,0.218,0.2157,72987.23,72390.47,0.44670000000000004,0.89756,1e-05,57.34895,0.0,0.0
2026-08-20T16:38:29Z,2026-10-30,71,58000.0,P,0.01,0.011,0.0104,72987.23,72390.47,0.44670000000000004,-0.10244,1e-05,57.34895,160.7,25.2
2026-08-20T16:38:29Z,2026-10-30,71,59000.0,C,0.202,0.206,0.2035,72987.23,72390.47,0.4399,0.88417,1e-05,62.64479,1.1,0.0
2026-08-20T16:38:29Z,2026-10-30,71,59000.0,P,0.0115,0.0125,0.0119,72987.23,72390.47,0.4399,-0.11583,1e-05,62.64479,80.1,7.0
2026-08-20T16:38:29Z,2026-10-30,71,60000.0,C,0.19,0.194,0.1915,72987.23,72390.47,0.4334,0.86928,2e-05,68.18645,13.8,0.5
2026-08-20T16:38:29Z,2026-10-30,71,60000.0,P,0.013,0.014,0.0136,72988.06,72390.47,0.4334,-0.13071,2e-05,68.18219,1086.8,214.6
2026-08-20T16:38:29Z,2026-10-30,71,61000.0,C,0.178,0.182,0.1797,72988.06,72390.47,0.4268,0.85301,2e-05,73.85707,7.7,0.0
2026-08-20T16:38:29Z,2026-10-30,71,61000.0,P,0.015,0.016,0.0155,72988.06,72390.47,0.4268,-0.14699,2e-05,73.85707,209.4,30.1
2026-08-20T16:38:29Z,2026-10-30,71,62000.0,C,0.1665,0.1705,0.1683,72988.06,72390.47,0.42200000000000004,0.8344,2e-05,79.89281,13.5,0.0
2026-08-20T16:38:29Z,2026-10-30,71,62000.0,P,0.0175,0.0185,0.0178,72988.06,72390.47,0.42200000000000004,-0.1656,2e-05,79.89281,99.4,41.4
2026-08-20T16:38:29Z,2026-10-30,71,63000.0,C,0.1555,0.1595,0.1571,72987.23,72390.47,0.41619999999999996,0.81466,2e-05,85.80662,153.2,6.7
2026-08-20T16:38:29Z,2026-10-30,71,63000.0,P,0.02,0.021,0.0203,72988.06,72390.47,0.41619999999999996,-0.18533,2e-05,85.80282,463.0,69.0
2026-08-20T16:38:29Z,2026-10-30,71,64000.0,C,0.1455,0.1475,0.1461,72987.23,72390.47,0.4108,0.79317,2e-05,91.71153,428.2,0.0
2026-08-20T16:38:29Z,2026-10-30,71,64000.0,P,0.0225,0.0235,0.023,72988.06,72390.47,0.4108,-0.20681,2e-05,91.70786,566.6,46.6
2026-08-20T16:38:29Z,2026-10-30,71,65000.0,C,0.135,0.137,0.1357,72988.06,72390.47,0.4065,0.7696,2e-05,97.5938,440.0,2.6
2026-08-20T16:38:29Z,2026-10-30,71,65000.0,P,0.026,0.027,0.0263,72988.06,72390.47,0.4065,-0.2304,2e-05,97.5938,369.7,128.6
2026-08-20T16:38:29Z,2026-10-30,71,66000.0,C,0.125,0.127,0.1256,72988.06,72390.47,0.40270000000000006,0.74431,2e-05,103.25197,164.1,21.7
2026-08-20T16:38:29Z,2026-10-30,71,66000.0,P,0.0295,0.0305,0.0299,72988.06,72390.47,0.40270000000000006,-0.25569,2e-05,103.25197,116.1,95.4
2026-08-20T16:38:29Z,2026-10-30,71,67000.0,C,0.1155,0.117,0.1159,72988.06,72390.47,0.3992,0.71745,3e-05,108.56118,119.5,19.4
2026-08-20T16:38:29Z,2026-10-30,71,67000.0,P,0.0335,0.0345,0.0339,72988.06,72390.47,0.3992,-0.28255,3e-05,108.56118,213.0,165.3
2026-08-20T16:38:29Z,2026-10-30,71,68000.0,C,0.106,0.108,0.1066,72988.06,72390.47,0.3961,0.68913,3e-05,113.4169,52.2,2.3
2026-08-20T16:38:29Z,2026-10-30,71,68000.0,P,0.038,0.039,0.0383,72988.06,72390.47,0.3961,-0.31087,3e-05,113.4169,29.0,25.1
2026-08-20T16:38:29Z,2026-10-30,71,69000.0,C,0.0975,0.099,0.0978,72988.06,72390.47,0.3933,0.65957,3e-05,117.70866,126.1,6.7
2026-08-20T16:38:29Z,2026-10-30,71,69000.0,P,0.043,0.044,0.0432,72988.06,72390.47,0.3933,-0.34043,3e-05,117.70866,152.1,150.5
2026-08-20T16:38:29Z,2026-10-30,71,70000.0,C,0.089,0.091,0.0895,72988.49,72390.47,0.3908,0.62898,3e-05,121.34341,701.6,191.3
2026-08-20T16:38:29Z,2026-10-30,71,70000.0,P,0.048,0.0495,0.0486,72988.06,72390.47,0.3908,-0.37103,3e-05,121.34406,109.6,107.6
2026-08-20T16:38:29Z,2026-10-30,71,71000.0,C,0.081,0.083,0.0817,72988.49,72390.47,0.38880000000000003,0.59755,3e-05,124.2487,288.5,32.8
2026-08-20T16:38:29Z,2026-10-30,71,71000.0,P,0.054,0.055,0.0545,72988.49,72390.47,0.38880000000000003,-0.40245,3e-05,124.2487,3.5,4.0
2026-08-20T16:38:29Z,2026-10-30,71,72000.0,C,0.074,0.0755,0.0744,72988.49,72390.47,0.387,0.56561,3e-05,126.36146,343.5,168.3
2026-08-20T16:38:29Z,2026-10-30,71,72000.0,P,0.0605,0.0615,0.0608,72988.49,72390.47,0.387,-0.43439,3e-05,126.36146,63.5,59.4
2026-08-20T16:38:29Z,2026-10-30,71,73000.0,C,0.0675,0.0685,0.0676,72988.49,72390.47,0.3862,0.53348,3e-05,127.64653,196.5,87.1
2026-08-20T16:38:29Z,2026-10-30,71,73000.0,P,0.067,0.0685,0.0678,72988.49,72390.47,0.3862,-0.46652,3e-05,127.64653,1.0,1.0
2026-08-20T16:38:29Z,2026-10-30,71,74000.0,C,0.061,0.062,0.0612,72988.49,72390.47,0.385,0.50137,3e-05,128.09717,204.4,141.0
2026-08-20T16:38:29Z,2026-10-30,71,74000.0,P,0.074,0.0755,0.0751,72988.49,72390.47,0.385,-0.49863,3e-05,128.09717,150.3,150.0
2026-08-20T16:38:29Z,2026-10-30,71,75000.0,C,0.055,0.056,0.0553,72988.49,72390.47,0.384,0.46953,3e-05,127.72416,1063.7,1035.6
2026-08-20T16:38:29Z,2026-10-30,71,75000.0,P,0.082,0.0835,0.0829,72988.49,72390.47,0.384,-0.53047,3e-05,127.72416,18.3,12.3
2026-08-20T16:38:29Z,2026-10-30,71,76000.0,C,0.0495,0.0505,0.0499,72988.49,72390.47,0.3833,0.43821,3e-05,126.55858,192.9,152.3
2026-08-20T16:38:29Z,2026-10-30,71,76000.0,P,0.09,0.092,0.0912,72988.06,72390.47,0.3833,-0.5618,3e-05,126.55714,0.0,0.0
2026-08-20T16:38:29Z,2026-10-30,71,77000.0,C,0.0445,0.0455,0.0449,72988.49,72390.47,0.38280000000000003,0.40767,3e-05,124.65152,29.8,30.0
2026-08-20T16:38:29Z,2026-10-30,71,77000.0,P,0.0985,0.101,0.0999,72988.49,72390.47,0.38280000000000003,-0.59233,3e-05,124.65152,0.0,0.0
2026-08-20T16:38:29Z,2026-10-30,71,78000.0,C,0.04,0.041,0.0403,72988.49,72390.47,0.3825,0.37807,3e-05,122.06786,283.2,154.1
2026-08-20T16:38:29Z,2026-10-30,71,78000.0,P,0.108,0.11,0.109,72988.49,72390.47,0.3825,-0.62193,3e-05,122.06786,0.1,0.0
2026-08-20T16:38:29Z,2026-10-30,71,79000.0,C,0.0355,0.037,0.0362,72988.06,72390.47,0.3823,0.34956,3e-05,118.87815,65.5,96.4
2026-08-20T16:38:29Z,2026-10-30,71,79000.0,P,0.1175,0.1195,0.1185,72988.22,72390.47,0.3823,-0.65043,3e-05,118.87908,0.0,0.0
2026-08-20T16:38:29Z,2026-10-30,71,80000.0,C,0.032,0.033,0.0324,72988.22,72390.47,0.3826,0.32246,3e-05,115.1923,381.2,216.3
2026-08-20T16:38:29Z,2026-10-30,71,80000.0,P,0.1265,0.13,0.1285,72988.22,72390.47,0.3826,-0.67754,3e-05,115.1923,0.7,0.0
2026-08-20T16:38:29Z,2026-10-30,71,81000.0,C,0.0285,0.0295,0.029,72988.22,72390.47,0.3829,0.29665,3e-05,111.07273,1.0,1.0
2026-08-20T16:38:29Z,2026-10-30,71,81000.0,P,0.1365,0.1405,0.1388,72988.22,72390.47,0.3829,-0.70335,3e-05,111.07273,0.0,0.0
2026-08-20T16:38:29Z,2026-10-30,71,82000.0,C,0.0255,0.0265,0.0259,72988.22,72390.47,0.3836,0.2724,3e-05,106.6365,1145.7,1200.4
2026-08-20T16:38:29Z,2026-10-30,71,82000.0,P,0.147,0.1515,0.1494,72988.22,72390.47,0.3836,-0.7276,3e-05,106.6365,0.4,0.4
2026-08-20T16:38:29Z,2026-10-30,71,83000.0,C,0.0225,0.024,0.0232,72988.22,72390.47,0.3846,0.24978,3e-05,101.98736,0.0,0.0
2026-08-20T16:38:29Z,2026-10-30,71,83000.0,P,0.158,0.1625,0.1604,72988.22,72390.47,0.3846,-0.75022,3e-05,101.98736,0.0,0.0
2026-08-20T16:38:29Z,2026-10-30,71,84000.0,C,0.0205,0.0215,0.0208,72988.22,72390.47,0.3856,0.22859,2e-05,97.1648,498.1,509.6
2026-08-20T16:38:29Z,2026-10-30,71,84000.0,P,0.169,0.1735,0.1716,72988.22,72390.47,0.3856,-0.77141,2e-05,97.1648,0.5,0.0
2026-08-20T16:38:29Z,2026-10-30,71,85000.0,C,0.018,0.019,0.0186,72988.22,72390.47,0.3873,0.20926,2e-05,92.34859,850.7,834.2
2026-08-20T16:38:29Z,2026-10-30,71,85000.0,P,0.1805,0.1855,0.1832,72988.22,72390.47,0.3873,-0.79074,2e-05,92.34859,0.0,0.0
2026-08-20T16:38:29Z,2026-10-30,71,86000.0,C,0.016,0.017,0.0166,72988.22,72390.47,0.3883,0.19081,2e-05,87.36175,215.1,204.5
2026-08-20T16:38:29Z,2026-10-30,71,86000.0,P,0.192,0.197,0.1949,72988.22,72390.47,0.3883,-0.80919,2e-05,87.36175,0.1,0.0
2026-08-20T16:38:29Z,2026-10-30,71,88000.0,C,0.013,0.014,0.0135,72988.22,72390.47,0.39299999999999996,0.15976,2e-05,78.04761,59.8,42.8
2026-08-20T16:38:29Z,2026-10-30,71,88000.0,P,0.2165,0.2215,0.2191,72988.22,72390.47,0.39299999999999996,-0.84024,2e-05,78.04761,0.0,0.0
2026-08-20T16:38:29Z,2026-10-30,71,90000.0,C,0.0105,0.0115,0.0109,72988.22,72390.47,0.3975,0.13339,2e-05,69.14263,102.6,70.0
2026-08-20T16:38:29Z,2026-10-30,71,90000.0,P,0.241,0.2465,0.244,72988.59,72390.47,0.3975,-0.8666,2e-05,69.14563,0.1,0.0
2026-08-20T16:38:29Z,2026-10-30,71,92000.0,C,0.0085,0.0095,0.009,72988.59,72390.47,0.4033,0.11197,1e-05,61.14776,6.6,6.6
2026-08-20T16:38:29Z,2026-10-30,71,92000.0,P,0.2665,0.272,0.2694,72988.59,72390.47,0.4033,-0.88803,1e-05,61.14776,0.0,0.0
2026-08-20T16:38:29Z,2026-10-30,71,94000.0,C,0.007,0.008,0.0074,72988.59,72390.47,0.4093,0.09423,1e-05,53.94614,131.3,131.3
2026-08-20T16:38:29Z,2026-10-30,71,94000.0,P,0.292,0.298,0.2953,72988.59,72390.47,0.4093,-0.90577,1e-05,53.94614,0.0,0.0
2026-08-20T16:38:29Z,2026-10-30,71,95000.0,C,0.006,0.007,0.0067,72988.59,72390.47,0.4115,0.08608,1e-05,50.43827,479.6,478.2
2026-08-20T16:38:29Z,2026-10-30,71,95000.0,P,0.305,0.3105,0.3082,72988.59,72390.47,0.4115,-0.91392,1e-05,50.43827,0.1,0.0
2026-08-20T16:38:29Z,2026-10-30,71,100000.0,C,0.0042,0.0044,0.0044,72988.59,72390.47,0.4296,0.05802,1e-05,37.25719,76.5,76.6
2026-08-20T16:38:29Z,2026-10-30,71,100000.0,P,0.371,0.377,0.3745,72988.59,72390.47,0.4296,-0.94198,1e-05,37.25719,0.0,0.0
2026-08-20T16:38:29Z,2026-12-25,127,20000.0,C,0.7275,0.73,0.7285,73539.21,72390.47,0.8801000000000001,0.9972,0.0,3.71848,2.9,1.3
2026-08-20T16:38:29Z,2026-12-25,127,20000.0,P,0.0003,0.0008,0.0005,73539.11,72390.47,0.8801000000000001,-0.0028,0.0,3.7185,286.6,174.4
2026-08-20T16:38:29Z,2026-12-25,127,30000.0,C,0.5925,0.595,0.5937,73539.21,72390.47,0.7193,0.99005,0.0,11.4957,288.6,0.0
2026-08-20T16:38:29Z,2026-12-25,127,30000.0,P,0.0016,0.0017,0.0016,73539.11,72390.47,0.7193,-0.00995,0.0,11.49577,2119.7,18.8
2026-08-20T16:38:29Z,2026-12-25,127,35000.0,C,0.524,0.528,0.5267,73539.21,72390.47,0.6536,0.98304,0.0,18.22115,77.8,0.0
2026-08-20T16:38:29Z,2026-12-25,127,35000.0,P,0.0026,0.0027,0.0027,73539.21,72390.47,0.6536,-0.01696,0.0,18.22115,2395.1,50.2
2026-08-20T16:38:29Z,2026-12-25,127,40000.0,C,0.457,0.462,0.4605,73539.21,72390.47,0.5992999999999999,0.97138,0.0,28.34196,250.9,0.0
2026-08-20T16:38:29Z,2026-12-25,127,40000.0,P,0.0043,0.0045,0.0044,73539.21,72390.47,0.5992999999999999,-0.02862,0.0,28.34196,4464.9,125.9
2026-08-20T16:38:29Z,2026-12-25,127,45000.0,C,0.393,0.397,0.395,73539.21,72390.47,0.5474,0.95395,0.0,41.82868,54.3,0.0
2026-08-20T16:38:29Z,2026-12-25,127,45000.0,P,0.0065,0.007,0.0069,73539.21,72390.47,0.5474,-0.04605,0.0,41.82868,2751.9,247.1
2026-08-20T16:38:29Z,2026-12-25,127,50000.0,C,0.329,0.3335,0.331,73539.21,72390.47,0.5025,0.92668,1e-05,60.26746,260.8,0.0
2026-08-20T16:38:29Z,2026-12-25,127,50000.0,P,0.0105,0.0115,0.0109,73539.21,72390.47,0.5025,-0.07332,1e-05,60.26746,1987.5,133.5
2026-08-20T16:38:29Z,2026-12-25,127,52000.0,C,0.3045,0.3085,0.3063,73539.21,72390.47,0.4893,0.91096,1e-05,69.7828,0.1,0.0
2026-08-20T16:38:29Z,2026-12-25,127,52000.0,P,0.013,0.014,0.0134,73539.21,72390.47,0.4893,-0.08904,1e-05,69.7828,492.6,64.8
2026-08-20T16:38:29Z,2026-12-25,127,54000.0,C,0.28,0.2845,0.282,73539.32,72390.47,0.4754,0.89304,1e-05,79.82751,33.1,0.0
2026-08-20T16:38:29Z,2026-12-25,127,54000.0,P,0.0155,0.017,0.0163,73539.32,72390.47,0.4754,-0.10696,1e-05,79.82751,1817.7,3.5
2026-08-20T16:38:29Z,2026-12-25,127,55000.0,C,0.268,0.2725,0.27,73539.7,72390.47,0.469,0.88289,1e-05,85.16974,44.9,0.0
2026-08-20T16:38:29Z,2026-12-25,127,55000.0,P,0.0175,0.0185,0.0179,73539.21,72390.47,0.469,-0.11711,1e-05,85.17136,1000.2,20.3
2026-08-20T16:38:29Z,2026-12-25,127,56000.0,C,0.2565,0.2605,0.2583,73539.7,72390.47,0.4632,0.87182,1e-05,90.74405,41.5,0.0
2026-08-20T16:38:29Z,2026-12-25,127,56000.0,P,0.019,0.0205,0.0198,73539.7,72390.47,0.4632,-0.12818,1e-05,90.74405,480.5,24.2
2026-08-20T16:38:29Z,2026-12-25,127,58000.0,C,0.2335,0.2375,0.2353,73539.7,72390.47,0.4521,0.84723,1e-05,102.23407,40.3,2.0
2026-08-20T16:38:29Z,2026-12-25,127,58000.0,P,0.0235,0.0245,0.024,73539.7,72390.47,0.4521,-0.15277,1e-05,102.23407,1965.1,406.7
2026-08-20T16:38:29Z,2026-12-25,127,60000.0,C,0.2115,0.2155,0.2133,73539.7,72390.47,0.44299999999999995,0.81868,1e-05,114.18772,787.4,2.1
2026-08-20T16:38:29Z,2026-12-25,127,60000.0,P,0.0285,0.03,0.0292,73539.7,72390.47,0.44299999999999995,-0.18132,1e-05,114.18772,6604.0,194.1
2026-08-20T16:38:29Z,2026-12-25,127,62000.0,C,0.1915,0.1935,0.1923,73539.7,72390.47,0.4347,0.78658,2e-05,126.02536,247.2,89.2
2026-08-20T16:38:29Z,2026-12-25,127,62000.0,P,0.0355,0.036,0.0354,73539.7,72390.47,0.4347,-0.21342,2e-05,126.02536,1020.3,29.4
2026-08-20T16:38:29Z,2026-12-25,127,64000.0,C,0.172,0.1735,0.1724,73539.7,72390.47,0.4277,0.75094,2e-05,137.3759,414.9,92.1
2026-08-20T16:38:29Z,2026-12-25,127,64000.0,P,0.042,0.0435,0.0427,73539.7,72390.47,0.4277,-0.24906,2e-05,137.3759,326.5,31.3
2026-08-20T16:38:29Z,2026-12-25,127,65000.0,C,0.163,0.1645,0.1629,73539.7,72390.47,0.42479999999999996,0.73186,2e-05,142.72984,958.4,10.1
2026-08-20T16:38:29Z,2026-12-25,127,65000.0,P,0.046,0.0475,0.0468,73539.32,72390.47,0.42479999999999996,-0.26815,2e-05,142.73093,873.5,30.1
2026-08-20T16:38:29Z,2026-12-25,127,66000.0,C,0.1535,0.155,0.1538,73539.7,72390.47,0.4219,0.7121,2e-05,147.77003,293.6,26.2
2026-08-20T16:38:29Z,2026-12-25,127,66000.0,P,0.0505,0.052,0.0513,73539.7,72390.47,0.4219,-0.2879,2e-05,147.77003,369.3,31.7
2026-08-20T16:38:29Z,2026-12-25,127,68000.0,C,0.136,0.138,0.1365,73539.7,72390.47,0.41729999999999995,0.67058,2e-05,156.76231,927.3,25.1
2026-08-20T16:38:29Z,2026-12-25,127,68000.0,P,0.0605,0.062,0.0612,73539.7,72390.47,0.41729999999999995,-0.32942,2e-05,156.76231,472.0,27.9
2026-08-20T16:38:29Z,2026-12-25,127,70000.0,C,0.12,0.122,0.1206,73549.67,72390.47,0.41350000000000003,0.62736,2e-05,163.95018,1978.5,32.4
2026-08-20T16:38:29Z,2026-12-25,127,70000.0,P,0.0715,0.0735,0.0725,73549.67,72390.47,0.41350000000000003,-0.37264,2e-05,163.95018,1110.9,104.4
2026-08-20T16:38:29Z,2026-12-25,127,72000.0,C,0.1055,0.1075,0.1062,73549.67,72390.47,0.41100000000000003,0.58278,2e-05,169.0997,1285.0,120.4
2026-08-20T16:38:29Z,2026-12-25,127,72000.0,P,0.0845,0.086,0.0852,73539.89,72390.47,0.41100000000000003,-0.41743,2e-05,169.0966,338.6,13.5
2026-08-20T16:38:29Z,2026-12-25,127,74000.0,C,0.0925,0.094,0.0931,73539.89,72390.47,0.4089,0.53766,2e-05,172.04052,144.3,6.0
2026-08-20T16:38:29Z,2026-12-25,127,74000.0,P,0.0985,0.1,0.0993,73539.89,72390.47,0.4089,-0.46234,2e-05,172.04052,106.3,0.1
2026-08-20T16:38:29Z,2026-12-25,127,75000.0,C,0.0865,0.0875,0.087,73539.89,72390.47,0.4082,0.51533,2e-05,172.68342,1957.1,52.0
2026-08-20T16:38:29Z,2026-12-25,127,75000.0,P,0.106,0.1075,0.1069,73549.67,72390.47,0.4082,-0.48445,2e-05,172.70269,926.2,36.5
2026-08-20T16:38:29Z,2026-12-25,127,76000.0,C,0.0805,0.082,0.0813,73549.67,72390.47,0.40740000000000004,0.49339,2e-05,172.81021,474.3,66.4
2026-08-20T16:38:29Z,2026-12-25,127,76000.0,P,0.1135,0.1155,0.1147,73549.67,72390.47,0.40740000000000004,-0.50661,2e-05,172.81021,142.0,1.4
2026-08-20T16:38:29Z,2026-12-25,127,78000.0,C,0.0705,0.0715,0.0708,73549.67,72390.47,0.4065,0.45,2e-05,171.47471,856.4,28.0
2026-08-20T16:38:29Z,2026-12-25,127,78000.0,P,0.13,0.132,0.1314,73539.89,72390.47,0.4065,-0.55022,2e-05,171.43991,235.6,4.4
2026-08-20T16:38:29Z,2026-12-25,127,80000.0,C,0.061,0.0625,0.0616,73549.67,72390.47,0.4065,0.40851,2e-05,168.26899,8650.7,278.2
2026-08-20T16:38:29Z,2026-12-25,127,80000.0,P,0.148,0.1505,0.1495,73549.67,72390.47,0.4065,-0.59149,2e-05,168.26899,951.8,3.5
2026-08-20T16:38:29Z,2026-12-25,127,82000.0,C,0.053,0.054,0.0534,73539.89,72390.47,0.40630000000000005,0.36868,2e-05,163.36205,773.2,286.5
2026-08-20T16:38:29Z,2026-12-25,127,82000.0,P,0.166,0.1705,0.1684,73539.89,72390.47,0.40630000000000005,-0.63132,2e-05,163.36205,158.8,0.0
2026-08-20T16:38:29Z,2026-12-25,127,84000.0,C,0.0455,0.047,0.0462,73549.67,72390.47,0.40659999999999996,0.33179,2e-05,157.23225,737.8,140.7
2026-08-20T16:38:29Z,2026-12-25,127,84000.0,P,0.1865,0.1905,0.1883,73553.44,72390.47,0.40659999999999996,-0.66814,2e-05,157.25493,47.1,0.0
2026-08-20T16:38:29Z,2026-12-25,127,85000.0,C,0.0425,0.044,0.043,73549.7,72390.47,0.4069,0.31424,2e-05,153.73996,2286.4,195.7
2026-08-20T16:38:29Z,2026-12-25,127,85000.0,P,0.1965,0.201,0.1987,73553.44,72390.47,0.4069,-0.68569,2e-05,153.76356,547.1,0.0
2026-08-20T16:38:29Z,2026-12-25,127,86000.0,C,0.0395,0.041,0.04,73553.44,72390.47,0.4073,0.29748,2e-05,150.06305,292.1,48.9
2026-08-20T16:38:29Z,2026-12-25,127,86000.0,P,0.207,0.2115,0.2093,73553.44,72390.47,0.4073,-0.70252,2e-05,150.06305,23.4,0.0
2026-08-20T16:38:29Z,2026-12-25,127,88000.0,C,0.034,0.035,0.0347,73553.44,72390.47,0.40850000000000003,0.26601,2e-05,142.18379,2899.1,164.2
2026-08-20T16:38:29Z,2026-12-25,127,88000.0,P,0.2285,0.2335,0.2311,73553.44,72390.47,0.40850000000000003,-0.73399,2e-05,142.18379,4.2,0.0
2026-08-20T16:38:29Z,2026-12-25,127,90000.0,C,0.0295,0.0305,0.03,73553.44,72390.47,0.40990000000000004,0.23731,2e-05,133.85936,3479.3,342.9
2026-08-20T16:38:29Z,2026-12-25,127,90000.0,P,0.251,0.256,0.2537,73549.7,72390.47,0.40990000000000004,-0.76275,2e-05,133.8324,590.6,0.0
2026-08-20T16:38:29Z,2026-12-25,127,92000.0,C,0.0255,0.0265,0.026,73553.44,72390.47,0.4118,0.21152,2e-05,125.39489,273.3,13.2
2026-08-20T16:38:29Z,2026-12-25,127,92000.0,P,0.274,0.279,0.2769,73553.44,72390.47,0.4118,-0.78848,2e-05,125.39489,5.6,0.0
2026-08-20T16:38:29Z,2026-12-25,127,94000.0,C,0.022,0.0235,0.0226,73553.44,72390.47,0.4138,0.18821,2e-05,116.88787,143.6,4.0
2026-08-20T16:38:29Z,2026-12-25,127,94000.0,P,0.2975,0.303,0.3006,73553.44,72390.47,0.4138,-0.81179,2e-05,116.88787,5.3,0.0
2026-08-20T16:38:29Z,2026-12-25,127,95000.0,C,0.0205,0.0215,0.0211,73553.44,72390.47,0.415,0.17764,1e-05,112.74349,1359.9,20.5
2026-08-20T16:38:29Z,2026-12-25,127,95000.0,P,0.3095,0.3155,0.3127,73553.44,72390.47,0.415,-0.82236,1e-05,112.74349,85.9,0.0
2026-08-20T16:38:29Z,2026-12-25,127,96000.0,C,0.019,0.0205,0.0196,73553.44,72390.47,0.41590000000000005,0.16738,1e-05,108.54662,1344.4,14.5
2026-08-20T16:38:29Z,2026-12-25,127,96000.0,P,0.3215,0.3275,0.3248,73549.7,72390.47,0.41590000000000005,-0.83267,1e-05,108.51937,11.3,0.0
2026-08-20T16:38:29Z,2026-12-25,127,98000.0,C,0.0165,0.018,0.0171,73549.7,72390.47,0.41859999999999997,0.14897,1e-05,100.54736,215.8,5.1
2026-08-20T16:38:29Z,2026-12-25,127,98000.0,P,0.3465,0.352,0.3495,73553.44,72390.47,0.41859999999999997,-0.85098,1e-05,100.57406,1.2,0.0
2026-08-20T16:38:29Z,2026-12-25,127,100000.0,C,0.0145,0.0155,0.015,73549.7,72390.47,0.4216,0.13289,1e-05,93.04988,4325.7,737.6
2026-08-20T16:38:29Z,2026-12-25,127,100000.0,P,0.3715,0.3775,0.3745,73555.43,72390.47,0.4216,-0.86704,1e-05,93.08971,303.3,0.0
2026-08-20T16:38:29Z,2026-12-25,127,102000.0,C,0.0125,0.0135,0.0131,73555.43,72390.47,0.4242,0.11829,1e-05,85.79721,286.2,69.6
2026-08-20T16:38:29Z,2026-12-25,127,102000.0,P,0.3965,0.403,0.3998,73555.43,72390.47,0.4242,-0.88171,1e-05,85.79721,7.8,0.0
2026-08-20T16:38:29Z,2026-12-25,127,104000.0,C,0.011,0.012,0.0116,73555.43,72390.47,0.4279,0.106,1e-05,79.3235,86.4,3.0
2026-08-20T16:38:29Z,2026-12-25,127,104000.0,P,0.4225,0.4285,0.4255,73555.43,72390.47,0.4279,-0.894,1e-05,79.3235,0.1,0.0
2026-08-20T16:38:29Z,2026-12-25,127,105000.0,C,0.0105,0.0115,0.0109,73555.43,72390.47,0.43,0.10055,1e-05,76.34012,831.3,3.2
2026-08-20T16:38:29Z,2026-12-25,127,105000.0,P,0.435,0.4415,0.4384,73555.43,72390.47,0.43,-0.89945,1e-05,76.34012,109.4,0.0
2026-08-20T16:38:29Z,2026-12-25,127,106000.0,C,0.0095,0.0105,0.0101,73553.44,72390.47,0.43060000000000004,0.09442,1e-05,72.89532,819.8,502.2
2026-08-20T16:38:29Z,2026-12-25,127,106000.0,P,0.448,0.4545,0.4513,73553.44,72390.47,0.43060000000000004,-0.90558,1e-05,72.89532,0.2,0.0
2026-08-20T16:38:29Z,2026-12-25,127,108000.0,C,0.0085,0.0095,0.0091,73555.43,72390.47,0.4349,0.08514,1e-05,67.50045,123.0,3.6
2026-08-20T16:38:29Z,2026-12-25,127,108000.0,P,0.474,0.4805,0.4774,73553.44,72390.47,0.4349,-0.91488,1e-05,67.48884,0.1,0.0
2026-08-20T16:38:29Z,2026-12-25,127,110000.0,C,0.0075,0.0085,0.008,73555.43,72390.47,0.4385,0.07651,1e-05,62.27033,2636.6,8.8
2026-08-20T16:38:29Z,2026-12-25,127,110000.0,P,0.5,0.5065,0.5036,73553.44,72390.47,0.4385,-0.9235,1e-05,62.25933,54.2,0.0
2026-08-20T16:38:29Z,2026-12-25,127,115000.0,C,0.0055,0.0065,0.006,73555.43,72390.47,0.4472,0.0588,1e-05,50.80156,2342.4,13.5
2026-08-20T16:38:29Z,2026-12-25,127,115000.0,P,0.566,0.573,0.5695,73555.43,72390.47,0.4472,-0.9412,1e-05,50.80156,5.0,4.3
2026-08-20T16:38:29Z,2026-12-25,127,120000.0,C,0.0044,0.005,0.0047,73555.43,72390.47,0.4579,0.04651,0.0,42.17353,6031.4,13.6
2026-08-20T16:38:29Z,2026-12-25,127,120000.0,P,0.633,0.64,0.6362,73555.43,72390.47,0.4579,-0.95349,0.0,42.17353,35.7,0.0
2026-08-20T16:38:29Z,2026-12-25,127,125000.0,C,0.0034,0.0041,0.0037,73559.25,72390.47,0.4683,0.0372,0.0,35.19505,596.5,2.1
2026-08-20T16:38:29Z,2026-12-25,127,125000.0,P,0.6995,0.7145,0.7031,73559.25,72390.47,0.4683,-0.9628,0.0,35.19505,9.1,0.0
2026-08-20T16:38:29Z,2026-12-25,127,130000.0,C,0.0027,0.0034,0.003,73559.25,72390.47,0.4793,0.03033,0.0,29.75314,1583.3,2.0
2026-08-20T16:38:29Z,2026-12-25,127,130000.0,P,0.767,0.776,0.7704,73559.25,72390.47,0.4793,-0.96967,0.0,29.75314,53.5,0.0
2026-08-20T16:38:29Z,2026-12-25,127,135000.0,C,0.0022,0.0028,0.0025,73559.25,72390.47,0.4907,0.02523,0.0,25.52094,1114.9,5.0
2026-08-20T16:38:29Z,2026-12-25,127,135000.0,P,0.834,0.8425,0.8379,73559.25,72390.47,0.4907,-0.97477,0.0,25.52094,0.7,0.1
2026-08-20T16:38:29Z,2026-12-25,127,140000.0,C,0.0018,0.0024,0.0021,73555.37,72390.47,0.501,0.02101,0.0,21.87412,1463.9,12.5
2026-08-20T16:38:29Z,2026-12-25,127,140000.0,P,0.9015,0.917,0.9054,73559.25,72390.47,0.501,-0.97898,0.0,21.88322,0.2,0.0
2026-08-20T16:38:29Z,2026-12-25,127,150000.0,C,0.0013,0.0018,0.0015,73559.25,72390.47,0.5232,0.01546,0.0,16.84052,1626.3,1.4
2026-08-20T16:38:29Z,2026-12-25,127,150000.0,P,1.032,1.0575,1.0408,73555.37,72390.47,0.5232,-0.98455,0.0,16.83341,2.1,0.1
2026-08-20T16:38:29Z,2026-12-25,127,160000.0,C,0.0009,0.0014,0.0011,73559.25,72390.47,0.5418999999999999,0.01145,0.0,12.99627,1223.1,0.7
2026-08-20T16:38:29Z,2026-12-25,127,160000.0,P,1.164,1.1895,1.1764,73559.25,72390.47,0.5418999999999999,-0.98855,0.0,12.99627,0.0,0.0
2026-08-20T16:38:29Z,2026-12-25,127,170000.0,C,0.0007,0.0012,0.0009,73555.37,72390.47,0.5637,0.00921,0.0,10.74468,2378.5,1.0
2026-08-20T16:38:29Z,2026-12-25,127,170000.0,P,1.2995,1.329,1.3121,73559.25,72390.47,0.5637,-0.99079,0.0,10.74927,0.0,0.0
2026-08-20T16:38:29Z,2026-12-25,127,180000.0,C,0.0005,0.001,0.0007,73559.25,72390.47,0.5797,0.00714,0.0,8.59212,923.8,8.0
2026-08-20T16:38:29Z,2026-12-25,127,180000.0,P,1.4345,1.4685,1.4479,73555.37,72390.47,0.5797,-0.99286,0.0,8.58841,0.0,0.0
2026-08-20T16:38:29Z,2026-12-25,127,190000.0,C,0.0004,0.0008,0.0005,73559.25,72390.47,0.5904,0.00531,0.0,6.61516,992.3,0.9
2026-08-20T16:38:29Z,2026-12-25,127,190000.0,P,1.5695,1.6035,1.5836,73559.25,72390.47,0.5904,-0.99469,0.0,6.61516,0.0,0.0
2026-08-20T16:38:29Z,2026-12-25,127,200000.0,C,0.0003,0.0007,0.0005,73555.37,72390.47,0.6082,0.00449,0.0,5.68852,958.4,2.6
2026-08-20T16:38:29Z,2026-12-25,127,200000.0,P,1.705,1.7435,1.7195,73555.37,72390.47,0.6082,-0.99551,0.0,5.68852,0.0,0.0
2026-08-20T16:38:29Z,2026-12-25,127,210000.0,C,0.0002,0.0006,0.0004,73559.91,72390.47,0.6199,0.00357,0.0,4.63723,151.7,0.0
2026-08-20T16:38:29Z,2026-12-25,127,210000.0,P,1.839,1.8775,1.8552,73559.19,72390.47,0.6199,-0.99643,0.0,4.63685,0.0,0.0
2026-08-20T16:38:29Z,2026-12-25,127,220000.0,C,0.0001,0.0006,0.0003,73559.19,72390.47,0.6255,0.00264,0.0,3.53451,252.8,0.0
2026-08-20T16:38:29Z,2026-12-25,127,220000.0,P,1.974,2.014,1.991,73559.91,72390.47,0.6255,-0.99736,0.0,3.5348,0.0,0.0
2026-08-20T16:38:29Z,2026-12-25,127,230000.0,C,0.0001,0.0005,0.0002,73559.91,72390.47,0.6426999999999999,0.00239,0.0,3.22345,196.1,0.2
2026-08-20T16:38:29Z,2026-12-25,127,230000.0,P,2.109,2.154,2.127,73559.91,72390.47,0.6426999999999999,-0.99761,0.0,3.22345,0.0,0.0
2026-08-20T16:38:29Z,2026-12-25,127,240000.0,C,0.0001,0.0005,0.0002,73559.91,72390.47,0.6634,0.00232,0.0,3.14477,804.5,0.1
2026-08-20T16:38:29Z,2026-12-25,127,240000.0,P,2.244,2.2895,2.2629,73559.91,72390.47,0.6634,-0.99768,0.0,3.14477,0.0,0.0
2026-08-20T16:38:29Z,2026-12-25,127,250000.0,C,0.0,0.0003,0.0002,73559.91,72390.47,0.6781999999999999,0.0021,0.0,2.87101,1183.7,100.1
2026-08-20T16:38:29Z,2026-12-25,127,250000.0,P,2.379,2.4265,2.3988,73559.91,72390.47,0.6781999999999999,-0.9979,0.0,2.87101,10.0,0.0
2026-08-20T16:38:29Z,2027-03-26,218,35000.0,C,0.534,0.5365,0.5351,74302.2,72390.47,0.5885,0.9702,0.0,38.82075,8.5,0.3
2026-08-20T16:38:29Z,2027-03-26,218,35000.0,P,0.006,0.0065,0.0062,74302.92,72390.47,0.5885,-0.0298,0.0,38.81957,584.6,4.4
2026-08-20T16:38:29Z,2027-03-26,218,40000.0,C,0.47,0.4735,0.4713,74302.92,72390.47,0.5475,0.95315,0.0,56.17542,81.3,0.0
2026-08-20T16:38:29Z,2027-03-26,218,40000.0,P,0.009,0.0105,0.0097,74302.92,72390.47,0.5475,-0.04685,0.0,56.17542,1668.9,96.6
2026-08-20T16:38:29Z,2027-03-26,218,45000.0,C,0.4075,0.4115,0.409,74302.92,72390.47,0.5112,0.92893,0.0,77.94369,3.3,0.0
2026-08-20T16:38:29Z,2027-03-26,218,45000.0,P,0.014,0.0155,0.0147,74302.92,72390.47,0.5112,-0.07107,0.0,77.94347,263.7,22.9
2026-08-20T16:38:29Z,2027-03-26,218,50000.0,C,0.3475,0.3525,0.3495,74302.92,72390.47,0.4838,0.89383,1e-05,105.17026,20.6,0.0
2026-08-20T16:38:29Z,2027-03-26,218,50000.0,P,0.022,0.023,0.0225,74302.92,72390.47,0.4838,-0.10617,1e-05,105.17026,2103.1,14.3
2026-08-20T16:38:29Z,2027-03-26,218,52000.0,C,0.3245,0.3295,0.3266,74302.92,72390.47,0.47409999999999997,0.87655,1e-05,117.0832,5.3,0.1
2026-08-20T16:38:29Z,2027-03-26,218,52000.0,P,0.026,0.027,0.0265,74302.92,72390.47,0.47409999999999997,-0.12345,1e-05,117.0832,121.7,7.9
2026-08-20T16:38:29Z,2027-03-26,218,54000.0,C,0.3025,0.3075,0.3043,74302.92,72390.47,0.46509999999999996,0.85729,1e-05,129.37809,0.1,0.0
2026-08-20T16:38:29Z,2027-03-26,218,54000.0,P,0.0305,0.032,0.0311,74302.92,72390.47,0.46509999999999996,-0.14271,1e-05,129.37809,85.0,6.1
2026-08-20T16:38:29Z,2027-03-26,218,55000.0,C,0.2915,0.296,0.2933,74302.92,72390.47,0.4606,0.84699,1e-05,135.55814,28.6,0.1
2026-08-20T16:38:29Z,2027-03-26,218,55000.0,P,0.033,0.0345,0.0336,74302.92,72390.47,0.4606,-0.15301,1e-05,135.55814,1359.3,13.6
2026-08-20T16:38:29Z,2027-03-26,218,56000.0,C,0.2805,0.286,0.2827,74302.92,72390.47,0.457,0.83592,1e-05,141.91026,16.9,0.0
2026-08-20T16:38:29Z,2027-03-26,218,56000.0,P,0.0355,0.037,0.0364,74302.92,72390.47,0.457,-0.16408,1e-05,141.91026,109.8,0.9
2026-08-20T16:38:29Z,2027-03-26,218,58000.0,C,0.26,0.265,0.2619,74302.92,72390.47,0.4497,0.81245,1e-05,154.45917,5.1,0.0
2026-08-20T16:38:29Z,2027-03-26,218,58000.0,P,0.0415,0.0435,0.0425,74302.92,72390.47,0.4497,-0.18755,1e-05,154.45917,135.6,20.5
2026-08-20T16:38:29Z,2027-03-26,218,60000.0,C,0.2405,0.245,0.242,74302.92,72390.47,0.4436,0.78682,1e-05,166.81931,718.0,0.8
2026-08-20T16:38:29Z,2027-03-26,218,60000.0,P,0.0485,0.0505,0.0495,74309.13,72390.47,0.4436,-0.21311,1e-05,166.80083,651.9,33.6
2026-08-20T16:38:29Z,2027-03-26,218,62000.0,C,0.221,0.2255,0.223,74309.13,72390.47,0.4382,0.7594,1e-05,178.62196,42.9,0.3
2026-08-20T16:38:29Z,2027-03-26,218,62000.0,P,0.0565,0.0585,0.0575,74309.13,72390.47,0.4382,-0.2406,1e-05,178.62196,345.3,5.1
2026-08-20T16:38:29Z,2027-03-26,218,64000.0,C,0.203,0.2075,0.2049,74309.13,72390.47,0.4334,0.73025,1e-05,189.6372,135.2,0.1
2026-08-20T16:38:29Z,2027-03-26,218,64000.0,P,0.0655,0.067,0.0663,74309.13,72390.47,0.4334,-0.26975,1e-05,189.6372,139.8,7.2
2026-08-20T16:38:29Z,2027-03-26,218,65000.0,C,0.1945,0.199,0.1962,74309.13,72390.47,0.431,0.71519,1e-05,194.74691,364.2,0.3
2026-08-20T16:38:29Z,2027-03-26,218,65000.0,P,0.07,0.072,0.0711,74309.13,72390.47,0.431,-0.28481,1e-05,194.74691,648.1,194.6
2026-08-20T16:38:29Z,2027-03-26,218,66000.0,C,0.187,0.189,0.1878,74309.13,72390.47,0.429,0.69971,1e-05,199.59385,26.5,0.0
2026-08-20T16:38:29Z,2027-03-26,218,66000.0,P,0.075,0.077,0.0761,74309.13,72390.47,0.429,-0.30029,1e-05,199.59385,124.1,2.4
2026-08-20T16:38:29Z,2027-03-26,218,68000.0,C,0.171,0.173,0.1717,74309.13,72390.47,0.4252,0.668,1e-05,208.30506,97.6,1.0
2026-08-20T16:38:29Z,2027-03-26,218,68000.0,P,0.086,0.088,0.087,74309.13,72390.47,0.4252,-0.332,1e-05,208.30506,78.7,3.2
2026-08-20T16:38:29Z,2027-03-26,218,70000.0,C,0.156,0.158,0.1567,74309.13,72390.47,0.4219,0.63543,2e-05,215.59563,828.3,30.9
2026-08-20T16:38:29Z,2027-03-26,218,70000.0,P,0.0975,0.1,0.0988,74303.04,72390.47,0.4219,-0.36467,2e-05,215.59673,204.0,9.6
2026-08-20T16:38:29Z,2027-03-26,218,72000.0,C,0.142,0.144,0.1426,74309.13,72390.47,0.419,0.60232,2e-05,221.34493,96.3,0.4
2026-08-20T16:38:29Z,2027-03-26,218,72000.0,P,0.1105,0.1125,0.1117,74303.04,72390.47,0.419,-0.39778,2e-05,221.34133,140.9,3.1
2026-08-20T16:38:29Z,2027-03-26,218,74000.0,C,0.129,0.131,0.1296,74309.13,72390.47,0.4168,0.56903,2e-05,225.48021,73.4,6.4
2026-08-20T16:38:29Z,2027-03-26,218,74000.0,P,0.1245,0.1265,0.1256,74309.13,72390.47,0.4168,-0.43097,2e-05,225.48021,54.1,0.2
2026-08-20T16:38:29Z,2027-03-26,218,76000.0,C,0.117,0.118,0.1174,74309.13,72390.47,0.4143,0.53571,2e-05,227.99748,511.1,56.2
2026-08-20T16:38:29Z,2027-03-26,218,76000.0,P,0.139,0.1415,0.1403,74309.13,72390.47,0.4143,-0.46429,2e-05,227.99748,19.2,0.4
2026-08-20T16:38:29Z,2027-03-26,218,78000.0,C,0.1055,0.107,0.1063,74309.13,72390.47,0.41240000000000004,0.50281,2e-05,228.90961,526.9,38.5
2026-08-20T16:38:29Z,2027-03-26,218,78000.0,P,0.155,0.1575,0.156,74309.33,72390.47,0.41240000000000004,-0.49719,2e-05,228.91021,183.1,4.5
2026-08-20T16:38:29Z,2027-03-26,218,80000.0,C,0.0955,0.0975,0.0963,74309.33,72390.47,0.4119,0.4709,2e-05,228.30665,942.1,0.4
2026-08-20T16:38:29Z,2027-03-26,218,80000.0,P,0.1715,0.175,0.173,74309.33,72390.47,0.4119,-0.5291,2e-05,228.30665,139.2,0.0
2026-08-20T16:38:29Z,2027-03-26,218,82000.0,C,0.086,0.0875,0.0868,74309.33,72390.47,0.41009999999999996,0.43933,2e-05,226.26398,742.6,312.3
2026-08-20T16:38:29Z,2027-03-26,218,82000.0,P,0.1885,0.193,0.1904,74309.33,72390.47,0.41009999999999996,-0.56067,2e-05,226.26398,3.9,0.0
2026-08-20T16:38:29Z,2027-03-26,218,84000.0,C,0.078,0.0795,0.0787,74309.33,72390.47,0.4104,0.40967,2e-05,223.02242,268.1,2.5
2026-08-20T16:38:29Z,2027-03-26,218,84000.0,P,0.2065,0.2115,0.2092,74309.79,72390.47,0.4104,-0.59032,2e-05,223.02479,55.1,0.0
2026-08-20T16:38:29Z,2027-03-26,218,85000.0,C,0.074,0.0755,0.0748,74309.33,72390.47,0.4102,0.39514,2e-05,220.9626,94.4,2.0
2026-08-20T16:38:29Z,2027-03-26,218,85000.0,P,0.216,0.221,0.2188,74309.33,72390.47,0.4102,-0.60486,2e-05,220.9626,0.9,0.0
2026-08-20T16:38:29Z,2027-03-26,218,86000.0,C,0.07,0.072,0.071,74309.33,72390.47,0.41,0.38088,2e-05,218.6339,136.5,1.2
2026-08-20T16:38:29Z,2027-03-26,218,86000.0,P,0.2255,0.231,0.2285,74309.33,72390.47,0.41,-0.61912,2e-05,218.6339,1.8,0.0
2026-08-20T16:38:29Z,2027-03-26,218,88000.0,C,0.0635,0.065,0.0642,74309.79,72390.47,0.41,0.35356,2e-05,213.31654,74.7,0.6
2026-08-20T16:38:29Z,2027-03-26,218,88000.0,P,0.2455,0.2515,0.2485,74309.79,72390.47,0.41,-0.64644,2e-05,213.31654,4.5,0.0
2026-08-20T16:38:29Z,2027-03-26,218,90000.0,C,0.0565,0.0585,0.0578,74309.33,72390.47,0.4097,0.32734,2e-05,207.12557,469.2,111.8
2026-08-20T16:38:29Z,2027-03-26,218,90000.0,P,0.266,0.2725,0.2691,74309.79,72390.47,0.4097,-0.67266,2e-05,207.12867,14.1,0.0
2026-08-20T16:38:29Z,2027-03-26,218,92000.0,C,0.0515,0.053,0.0522,74309.33,72390.47,0.4103,0.30309,1e-05,200.43113,113.4,68.9
2026-08-20T16:38:29Z,2027-03-26,218,92000.0,P,0.287,0.294,0.2904,74309.33,72390.47,0.4103,-0.69691,1e-05,200.43113,0.6,0.0
2026-08-20T16:38:29Z,2027-03-26,218,94000.0,C,0.0465,0.048,0.0472,74309.33,72390.47,0.4108,0.28018,1e-05,193.2165,132.9,81.5
2026-08-20T16:38:29Z,2027-03-26,218,94000.0,P,0.309,0.316,0.3123,74310.46,72390.47,0.4108,-0.71981,1e-05,193.22464,9.1,0.0
2026-08-20T16:38:29Z,2027-03-26,218,95000.0,C,0.044,0.046,0.0448,74309.18,72390.47,0.41100000000000003,0.26917,1e-05,189.43365,343.8,37.4
2026-08-20T16:38:29Z,2027-03-26,218,95000.0,P,0.32,0.327,0.3233,74309.18,72390.47,0.41100000000000003,-0.73083,1e-05,189.43365,0.4,0.0
2026-08-20T16:38:29Z,2027-03-26,218,96000.0,C,0.042,0.0435,0.0426,74310.46,72390.47,0.4115,0.25881,1e-05,185.68477,155.6,67.1
2026-08-20T16:38:29Z,2027-03-26,218,96000.0,P,0.3315,0.338,0.3346,74310.46,72390.47,0.4115,-0.74119,1e-05,185.68477,1.6,0.0
2026-08-20T16:38:29Z,2027-03-26,218,98000.0,C,0.0375,0.0395,0.0386,74310.46,72390.47,0.4125,0.23899,1e-05,177.97469,81.0,50.6
2026-08-20T16:38:29Z,2027-03-26,218,98000.0,P,0.354,0.367,0.3575,74310.46,72390.47,0.4125,-0.76101,1e-05,177.97469,0.2,0.0
2026-08-20T16:38:29Z,2027-03-26,218,100000.0,C,0.034,0.036,0.0349,74310.46,72390.47,0.41340000000000005,0.22049,1e-05,170.12147,574.2,82.6
2026-08-20T16:38:29Z,2027-03-26,218,100000.0,P,0.3775,0.3845,0.3807,74309.18,72390.47,0.41340000000000005,-0.77952,1e-05,170.11146,12.1,0.0
2026-08-20T16:38:29Z,2027-03-26,218,102000.0,C,0.0305,0.0325,0.0316,74310.46,72390.47,0.4144,0.20337,1e-05,162.26247,123.7,27.8
2026-08-20T16:38:29Z,2027-03-26,218,102000.0,P,0.401,0.4085,0.4043,74310.46,72390.47,0.4144,-0.79663,1e-05,162.26247,0.1,0.0
2026-08-20T16:38:29Z,2027-03-26,218,104000.0,C,0.028,0.0295,0.0286,74310.46,72390.47,0.4156,0.18757,1e-05,154.48089,102.7,2.2
2026-08-20T16:38:29Z,2027-03-26,218,104000.0,P,0.425,0.4325,0.4283,74310.46,72390.47,0.4156,-0.81243,1e-05,154.48089,0.1,0.0
2026-08-20T16:38:29Z,2027-03-26,218,105000.0,C,0.0265,0.028,0.0273,74310.46,72390.47,0.4163,0.1802,1e-05,150.67443,200.1,3.0
2026-08-20T16:38:29Z,2027-03-26,218,105000.0,P,0.437,0.4445,0.4404,74310.46,72390.47,0.4163,-0.8198,1e-05,150.67443,0.5,0.0
2026-08-20T16:38:29Z,2027-03-26,218,106000.0,C,0.025,0.027,0.026,74310.46,72390.47,0.41700000000000004,0.1731,1e-05,146.89425,78.5,0.0
2026-08-20T16:38:29Z,2027-03-26,218,106000.0,P,0.449,0.4565,0.4526,74310.46,72390.47,0.41700000000000004,-0.8269,1e-05,146.89425,0.1,0.0
2026-08-20T16:38:29Z,2027-03-26,218,108000.0,C,0.023,0.0245,0.0237,74309.18,72390.47,0.41869999999999996,0.15992,1e-05,139.56799,57.3,0.1
2026-08-20T16:38:29Z,2027-03-26,218,108000.0,P,0.4735,0.4815,0.4772,74310.46,72390.47,0.41869999999999996,-0.84007,1e-05,139.57779,0.1,0.0
2026-08-20T16:38:29Z,2027-03-26,218,110000.0,C,0.0205,0.0225,0.0215,74310.46,72390.47,0.4199,0.1474,1e-05,132.2328,1120.4,20.8
2026-08-20T16:38:29Z,2027-03-26,218,110000.0,P,0.4985,0.5065,0.5019,74310.46,72390.47,0.4199,-0.8526,1e-05,132.2328,4.3,0.0
2026-08-20T16:38:29Z,2027-03-26,218,112000.0,C,0.019,0.0205,0.0197,74310.46,72390.47,0.42210000000000003,0.13662,1e-05,125.60642,62.6,4.1
2026-08-20T16:38:29Z,2027-03-26,218,112000.0,P,0.5235,0.5315,0.527,74310.46,72390.47,0.42210000000000003,-0.86338,1e-05,125.60642,0.1,0.0
2026-08-20T16:38:29Z,2027-03-26,218,115000.0,C,0.0165,0.0175,0.0172,74310.46,72390.47,0.4249,0.1216,1e-05,115.86169,763.1,0.3
2026-08-20T16:38:29Z,2027-03-26,218,115000.0,P,0.561,0.5695,0.5649,74310.46,72390.47,0.4249,-0.8784,1e-05,115.86169,2.2,0.0
2026-08-20T16:38:29Z,2027-03-26,218,120000.0,C,0.013,0.0145,0.0138,74310.46,72390.47,0.4293,0.10028,1e-05,100.90883,329.8,4.4
2026-08-20T16:38:29Z,2027-03-26,218,120000.0,P,0.625,0.6335,0.6287,74310.34,72390.47,0.4293,-0.89972,1e-05,100.90748,1.8,0.0
2026-08-20T16:38:29Z,2027-03-26,218,125000.0,C,0.0105,0.012,0.0113,74310.46,72390.47,0.4347,0.08354,1e-05,88.13872,124.7,5.0
2026-08-20T16:38:29Z,2027-03-26,218,125000.0,P,0.6895,0.699,0.6934,74310.34,72390.47,0.4347,-0.91646,1e-05,88.13773,0.1,0.0
2026-08-20T16:38:29Z,2027-03-26,218,130000.0,C,0.0085,0.01,0.0092,74310.46,72390.47,0.4397,0.06979,1e-05,76.86678,1122.0,32.2
2026-08-20T16:38:29Z,2027-03-26,218,130000.0,P,0.7545,0.7645,0.7588,74310.46,72390.47,0.4397,-0.93021,1e-05,76.86678,0.4,0.0
2026-08-20T16:38:29Z,2027-03-26,218,140000.0,C,0.006,0.007,0.0065,74310.46,72390.47,0.4522,0.05058,0.0,59.72704,787.9,0.0
2026-08-20T16:38:29Z,2027-03-26,218,140000.0,P,0.886,0.901,0.8907,74310.46,72390.47,0.4522,-0.94942,0.0,59.72704,0.1,0.1
2026-08-20T16:38:29Z,2027-03-26,218,150000.0,C,0.0046,0.005,0.0048,74310.46,72390.47,0.4644,0.03758,0.0,46.99565,1920.5,1.0
2026-08-20T16:38:29Z,2027-03-26,218,150000.0,P,1.007,1.042,1.0235,74309.18,72390.47,0.4644,-0.96243,0.0,46.99082,0.6,0.1
2026-08-20T16:38:29Z,2027-03-26,218,160000.0,C,0.0034,0.0035,0.0034,74310.46,72390.47,0.4727,0.02753,0.0,36.35042,863.0,0.1
2026-08-20T16:38:29Z,2027-03-26,218,160000.0,P,1.143,1.176,1.1568,74309.18,72390.47,0.4727,-0.97247,0.0,36.34651,0.0,0.0
2026-08-20T16:38:29Z,2027-03-26,218,170000.0,C,0.0026,0.0033,0.0029,74300.75,72390.47,0.49079999999999996,0.02306,0.0,31.32698,251.8,2.2
2026-08-20T16:38:29Z,2027-03-26,218,170000.0,P,1.271,1.315,1.2906,74300.75,72390.47,0.49079999999999996,-0.97694,0.0,31.32698,0.1,0.0
2026-08-20T16:38:29Z,2027-03-26,218,180000.0,C,0.002,0.0025,0.0022,74300.75,72390.47,0.49950000000000006,0.01782,0.0,25.17819,639.5,1.1
2026-08-20T16:38:29Z,2027-03-26,218,180000.0,P,1.404,1.45,1.4245,74300.75,72390.47,0.49950000000000006,-0.98218,0.0,25.17819,0.0,0.0
2026-08-20T16:38:29Z,2027-03-26,218,190000.0,C,0.0018,0.002,0.0019,74300.75,72390.47,0.5135000000000001,0.01501,0.0,21.74298,881.9,0.3
2026-08-20T16:38:29Z,2027-03-26,218,190000.0,P,1.5415,1.585,1.5588,74300.75,72390.47,0.5135000000000001,-0.98499,0.0,21.74298,0.9,0.0
2026-08-20T16:38:29Z,2027-03-26,218,200000.0,C,0.0014,0.0021,0.0016,74300.75,72390.47,0.5256000000000001,0.01265,0.0,18.75522,499.1,0.3
2026-08-20T16:38:29Z,2027-03-26,218,200000.0,P,1.6715,1.721,1.693,74300.75,72390.47,0.5256000000000001,-0.98735,0.0,18.75522,1.0,0.0
2026-08-20T16:38:29Z,2027-06-25,309,30000.0,C,0.6055,0.61,0.6074,75122.9,72390.47,0.5987,0.97396,0.0,41.76972,38.7,0.5
2026-08-20T16:38:29Z,2027-06-25,309,30000.0,P,0.006,0.0075,0.0067,75122.9,72390.47,0.5987,-0.02604,0.0,41.76972,294.8,95.5
2026-08-20T16:38:29Z,2027-06-25,309,40000.0,C,0.4815,0.4865,0.4837,75114.63,72390.47,0.5307,0.93764,0.0,84.79954,17.0,0.0
2026-08-20T16:38:29Z,2027-06-25,309,40000.0,P,0.0155,0.017,0.0162,75122.9,72390.47,0.5307,-0.06233,0.0,84.77951,1047.6,49.7
2026-08-20T16:38:29Z,2027-06-25,309,45000.0,C,0.4225,0.428,0.4249,75122.9,72390.47,0.5041,0.90945,0.0,112.68906,0.5,0.0
2026-08-20T16:38:29Z,2027-06-25,309,45000.0,P,0.0235,0.024,0.0239,75122.9,72390.47,0.5041,-0.09055,0.0,112.68906,150.0,47.3
2026-08-20T16:38:29Z,2027-06-25,309,50000.0,C,0.3665,0.3725,0.369,75122.9,72390.47,0.48219999999999996,0.87283,1e-05,143.91682,17.5,0.1
2026-08-20T16:38:29Z,2027-06-25,309,50000.0,P,0.034,0.0355,0.0346,75122.9,72390.47,0.48219999999999996,-0.12717,1e-05,143.91682,301.1,20.9
2026-08-20T16:38:29Z,2027-06-25,309,52000.0,C,0.345,0.351,0.3476,75114.63,72390.47,0.47409999999999997,0.85577,1e-05,156.86446,1.1,0.0
2026-08-20T16:38:29Z,2027-06-25,309,52000.0,P,0.039,0.0405,0.0398,75114.63,72390.47,0.47409999999999997,-0.14423,1e-05,156.86446,30.9,1.0
2026-08-20T16:38:29Z,2027-06-25,309,54000.0,C,0.324,0.33,0.3269,75122.9,72390.47,0.4673,0.83724,1e-05,169.96212,0.9,0.0
2026-08-20T16:38:29Z,2027-06-25,309,54000.0,P,0.0445,0.0465,0.0457,75114.63,72390.47,0.4673,-0.16282,1e-05,169.98622,20.7,0.6
2026-08-20T16:38:29Z,2027-06-25,309,55000.0,C,0.314,0.32,0.3167,75122.9,72390.47,0.46399999999999997,0.82744,1e-05,176.48798,2.7,0.2
2026-08-20T16:38:29Z,2027-06-25,309,55000.0,P,0.048,0.05,0.0489,75114.63,72390.47,0.46399999999999997,-0.17263,1e-05,176.51177,36.0,3.6
2026-08-20T16:38:29Z,2027-06-25,309,56000.0,C,0.304,0.31,0.3068,75112.21,72390.47,0.461,0.81717,1e-05,183.01832,3.0,0.0
2026-08-20T16:38:29Z,2027-06-25,309,56000.0,P,0.0515,0.053,0.0522,75107.57,72390.47,0.461,-0.18287,1e-05,183.03114,84.6,0.2
2026-08-20T16:38:29Z,2027-06-25,309,58000.0,C,0.284,0.2905,0.2876,75112.21,72390.47,0.45549999999999996,0.79579,1e-05,195.79561,14.1,9.0
2026-08-20T16:38:29Z,2027-06-25,309,58000.0,P,0.0585,0.0605,0.0596,75112.21,72390.47,0.45549999999999996,-0.20421,1e-05,195.79561,69.5,5.7
2026-08-20T16:38:29Z,2027-06-25,309,60000.0,C,0.266,0.2715,0.2691,75112.21,72390.47,0.45049999999999996,0.77318,1e-05,208.09509,944.8,0.1
2026-08-20T16:38:29Z,2027-06-25,309,60000.0,P,0.067,0.069,0.0677,75107.57,72390.47,0.45049999999999996,-0.22686,1e-05,208.10549,156.1,22.6
2026-08-20T16:38:29Z,2027-06-25,309,62000.0,C,0.2485,0.254,0.2513,75112.21,72390.47,0.4461,0.74946,1e-05,219.73981,118.2,9.0
2026-08-20T16:38:29Z,2027-06-25,309,62000.0,P,0.076,0.078,0.0766,75107.57,72390.47,0.4461,-0.25059,1e-05,219.7485,66.7,8.5
2026-08-20T16:38:29Z,2027-06-25,309,64000.0,C,0.2325,0.237,0.2345,75107.57,72390.47,0.4421,0.72472,1e-05,230.56795,51.0,9.2
2026-08-20T16:38:29Z,2027-06-25,309,64000.0,P,0.0855,0.0875,0.0864,75107.57,72390.47,0.4421,-0.27528,1e-05,230.56795,17.9,6.5
2026-08-20T16:38:29Z,2027-06-25,309,66000.0,C,0.217,0.22,0.2183,75107.57,72390.47,0.43829999999999997,0.69925,1e-05,240.40619,28.8,10.6
2026-08-20T16:38:29Z,2027-06-25,309,66000.0,P,0.096,0.098,0.0968,75107.57,72390.47,0.43829999999999997,-0.30075,1e-05,240.40619,37.6,4.7
2026-08-20T16:38:29Z,2027-06-25,309,68000.0,C,0.202,0.205,0.203,75107.57,72390.47,0.435,0.67312,1e-05,249.16491,11.4,0.6
2026-08-20T16:38:29Z,2027-06-25,309,68000.0,P,0.107,0.1095,0.1082,75107.57,72390.47,0.435,-0.32688,1e-05,249.16491,10.5,1.3
2026-08-20T16:38:29Z,2027-06-25,309,70000.0,C,0.1875,0.1905,0.1887,75112.21,72390.47,0.4326,0.64658,1e-05,256.73521,193.9,2.8
2026-08-20T16:38:29Z,2027-06-25,309,70000.0,P,0.1195,0.122,0.1205,75107.57,72390.47,0.4326,-0.35348,1e-05,256.73434,11.7,2.8
2026-08-20T16:38:29Z,2027-06-25,309,72000.0,C,0.174,0.177,0.1751,75112.21,72390.47,0.42979999999999996,0.6197,1e-05,263.05152,88.6,10.9
2026-08-20T16:38:29Z,2027-06-25,309,72000.0,P,0.1325,0.135,0.1335,75107.57,72390.47,0.42979999999999996,-0.38036,1e-05,263.04778,1.4,1.0
2026-08-20T16:38:29Z,2027-06-25,309,74000.0,C,0.1615,0.164,0.1625,75103.36,72390.47,0.42810000000000004,0.59267,1e-05,268.0498,18.0,0.5
2026-08-20T16:38:29Z,2027-06-25,309,74000.0,P,0.1465,0.149,0.1475,75103.36,72390.47,0.42810000000000004,-0.40733,1e-05,268.0498,0.7,0.5
2026-08-20T16:38:29Z,2027-06-25,309,76000.0,C,0.1495,0.152,0.1505,75107.33,72390.47,0.4263,0.56588,1e-05,271.76664,22.4,2.4
2026-08-20T16:38:29Z,2027-06-25,309,76000.0,P,0.161,0.1635,0.1622,75107.33,72390.47,0.4263,-0.43412,1e-05,271.76664,14.2,5.0
2026-08-20T16:38:29Z,2027-06-25,309,78000.0,C,0.138,0.141,0.1394,75103.36,72390.47,0.4249,0.53924,1e-05,274.18327,12.3,0.4
2026-08-20T16:38:29Z,2027-06-25,309,78000.0,P,0.1765,0.179,0.1777,75107.33,72390.47,0.4249,-0.4607,1e-05,274.1941,0.4,0.0
2026-08-20T16:38:29Z,2027-06-25,309,80000.0,C,0.1275,0.1305,0.129,75103.36,72390.47,0.4235,0.51299,1e-05,275.37126,76.4,4.6
2026-08-20T16:38:29Z,2027-06-25,309,80000.0,P,0.1925,0.1955,0.1939,75103.36,72390.47,0.4235,-0.48701,1e-05,275.37126,8.5,0.0
2026-08-20T16:38:29Z,2027-06-25,309,82000.0,C,0.118,0.121,0.1194,75103.36,72390.47,0.4226,0.48733,1e-05,275.37836,60.3,0.0
2026-08-20T16:38:29Z,2027-06-25,309,82000.0,P,0.209,0.213,0.2109,75107.33,72390.47,0.4226,-0.51261,1e-05,275.39411,2.2,2.0
2026-08-20T16:38:29Z,2027-06-25,309,84000.0,C,0.109,0.112,0.1103,75103.36,72390.47,0.4217,0.46223,1e-05,274.28132,12.5,9.8
2026-08-20T16:38:29Z,2027-06-25,309,84000.0,P,0.2265,0.231,0.2285,75107.33,72390.47,0.4217,-0.53772,1e-05,274.29936,0.1,0.0
2026-08-20T16:38:29Z,2027-06-25,309,85000.0,C,0.1045,0.1075,0.1061,75103.36,72390.47,0.4213,0.44993,1e-05,273.34419,141.6,68.7
2026-08-20T16:38:29Z,2027-06-25,309,85000.0,P,0.235,0.2405,0.2376,75103.36,72390.47,0.4213,-0.55007,1e-05,273.34419,6.8,0.0
2026-08-20T16:38:29Z,2027-06-25,309,86000.0,C,0.1005,0.1035,0.102,75107.33,72390.47,0.4211,0.43795,1e-05,272.19252,3.7,0.8
2026-08-20T16:38:29Z,2027-06-25,309,86000.0,P,0.2445,0.2495,0.2468,75103.36,72390.47,0.4211,-0.5621,1e-05,272.17233,0.1,0.0
2026-08-20T16:38:29Z,2027-06-25,309,88000.0,C,0.093,0.096,0.0942,75107.33,72390.47,0.4203,0.41422,1e-05,269.13718,7.3,2.0
2026-08-20T16:38:29Z,2027-06-25,309,88000.0,P,0.263,0.2685,0.2656,75107.33,72390.47,0.4203,-0.58578,1e-05,269.13718,0.1,0.0
2026-08-20T16:38:29Z,2027-06-25,309,90000.0,C,0.0855,0.0875,0.0869,75103.36,72390.47,0.41960000000000003,0.39126,1e-05,265.2181,97.1,9.5
2026-08-20T16:38:29Z,2027-06-25,309,90000.0,P,0.2825,0.288,0.285,75103.36,72390.47,0.41960000000000003,-0.60874,1e-05,265.2181,0.4,0.0
2026-08-20T16:38:29Z,2027-06-25,309,92000.0,C,0.079,0.082,0.0804,75103.36,72390.47,0.41969999999999996,0.36966,1e-05,260.67914,14.1,8.0
2026-08-20T16:38:29Z,2027-06-25,309,92000.0,P,0.3025,0.3085,0.3052,75101.92,72390.47,0.41969999999999996,-0.63036,1e-05,260.66983,0.1,0.0
2026-08-20T16:38:29Z,2027-06-25,309,94000.0,C,0.073,0.0755,0.0743,75101.92,72390.47,0.41950000000000004,0.34868,1e-05,255.44639,0.1,0.1
2026-08-20T16:38:29Z,2027-06-25,309,94000.0,P,0.323,0.329,0.3257,75101.92,72390.47,0.41950000000000004,-0.65132,1e-05,255.44639,0.0,0.0
2026-08-20T16:38:29Z,2027-06-25,309,95000.0,C,0.07,0.0725,0.0714,75103.36,72390.47,0.41950000000000004,0.33857,1e-05,252.63998,28.4,1.3
2026-08-20T16:38:29Z,2027-06-25,309,95000.0,P,0.333,0.3395,0.3362,75103.36,72390.47,0.41950000000000004,-0.66143,1e-05,252.63998,20.1,0.0
2026-08-20T16:38:29Z,2027-06-25,309,96000.0,C,0.0675,0.07,0.0687,75101.92,72390.47,0.41979999999999995,0.32891,1e-05,249.77135,0.0,0.0
2026-08-20T16:38:29Z,2027-06-25,309,96000.0,P,0.3435,0.35,0.3468,75103.36,72390.47,0.41979999999999995,-0.67107,1e-05,249.78163,0.0,0.0
2026-08-20T16:38:29Z,2027-06-25,309,98000.0,C,0.062,0.0645,0.0634,75103.36,72390.47,0.41960000000000003,0.30967,1e-05,243.53318,0.0,0.0
2026-08-20T16:38:29Z,2027-06-25,309,98000.0,P,0.365,0.372,0.3682,75101.92,72390.47,0.41960000000000003,-0.69035,1e-05,243.5225,0.0,0.0
2026-08-20T16:38:29Z,2027-06-25,309,100000.0,C,0.0575,0.06,0.0587,75103.36,72390.47,0.41979999999999995,0.2916,1e-05,237.011,137.3,27.7
2026-08-20T16:38:29Z,2027-06-25,309,100000.0,P,0.387,0.3935,0.39,75103.36,72390.47,0.41979999999999995,-0.7084,1e-05,237.011,0.8,0.7
2026-08-20T16:38:29Z,2027-06-25,309,105000.0,C,0.047,0.0495,0.0482,75101.92,72390.47,0.4203,0.25018,1e-05,219.54026,142.8,32.4
2026-08-20T16:38:29Z,2027-06-25,309,105000.0,P,0.443,0.45,0.4461,75101.92,72390.47,0.4203,-0.74982,1e-05,219.54026,0.1,0.0
2026-08-20T16:38:29Z,2027-06-25,309,110000.0,C,0.039,0.04,0.0398,75103.36,72390.47,0.4217,0.21468,1e-05,201.61667,266.2,29.8
2026-08-20T16:38:29Z,2027-06-25,309,110000.0,P,0.501,0.5085,0.5043,75101.92,72390.47,0.4217,-0.78534,1e-05,201.60493,0.3,0.0
2026-08-20T16:38:29Z,2027-06-25,309,115000.0,C,0.0325,0.0345,0.0335,75103.36,72390.47,0.4251,0.18555,1e-05,184.68808,0.4,0.4
2026-08-20T16:38:29Z,2027-06-25,309,115000.0,P,0.5605,0.569,0.5645,75101.92,72390.47,0.4251,-0.81446,1e-05,184.67644,0.0,0.0
2026-08-20T16:38:29Z,2027-06-25,309,120000.0,C,0.027,0.029,0.0279,75103.36,72390.47,0.42729999999999996,0.15958,1e-05,167.74909,217.7,20.3
2026-08-20T16:38:29Z,2027-06-25,309,120000.0,P,0.6215,0.6305,0.6256,75101.94,72390.47,0.42729999999999996,-0.84043,1e-05,167.73818,0.1,0.0
2026-08-20T16:38:29Z,2027-06-25,309,130000.0,C,0.019,0.0205,0.0198,75101.94,72390.47,0.4326,0.11895,1e-05,137.2918,705.9,55.1
2026-08-20T16:38:29Z,2027-06-25,309,130000.0,P,0.746,0.756,0.7507,75101.94,72390.47,0.4326,-0.88105,1e-05,137.2918,1.4,0.0
2026-08-20T16:38:29Z,2027-06-25,309,140000.0,C,0.014,0.015,0.0144,75101.79,72390.47,0.4386,0.08969,1e-05,111.85755,219.1,35.5
2026-08-20T16:38:29Z,2027-06-25,309,140000.0,P,0.8735,0.884,0.8784,75101.79,72390.47,0.4386,-0.91031,1e-05,111.85755,0.3,0.4
2026-08-20T16:38:29Z,2027-06-25,309,150000.0,C,0.01,0.011,0.0108,75101.79,72390.47,0.4459,0.06915,0.0,91.85305,102.9,4.5
2026-08-20T16:38:29Z,2027-06-25,309,150000.0,P,1.0,1.016,1.008,75101.79,72390.47,0.4459,-0.93086,0.0,91.85268,0.1,0.1
2026-08-20T16:38:29Z,2027-06-25,309,160000.0,C,0.0075,0.0085,0.0083,75101.79,72390.47,0.4536,0.05429,0.0,76.03579,521.7,2.7
2026-08-20T16:38:29Z,2027-06-25,309,160000.0,P,1.1215,1.163,1.1386,75101.79,72390.47,0.4536,-0.94571,0.0,76.03579,0.0,0.0
2026-08-20T16:38:29Z,2027-06-25,309,170000.0,C,0.006,0.0065,0.0064,75101.79,72390.47,0.4607,0.04302,0.0,63.13047,57.3,1.0
2026-08-20T16:38:29Z,2027-06-25,309,170000.0,P,1.249,1.295,1.2699,75101.79,72390.47,0.4607,-0.95698,0.0,63.13047,14.6,0.0
2026-08-20T16:38:29Z,2027-06-25,309,180000.0,C,0.005,0.006,0.0053,75101.94,72390.47,0.47100000000000003,0.03581,0.0,54.37448,2.5,2.5
2026-08-20T16:38:29Z,2027-06-25,309,180000.0,P,1.3815,1.4325,1.4019,75101.79,72390.47,0.47100000000000003,-0.96419,0.0,54.37392,0.0,0.0
