snapshot_ts,expiry,days_to_expiry,strike,option_type,bid,ask,mark_price,forward_price,index_price,implied_vol,delta,gamma,vega,open_interest,volume_24h
2026-09-29T20:33:18Z,2026-09-30,1,74000.0,C,0.113,0.1165,0.1146,83575.23,83565.79,0.7162000000000001,1.0,0.0,0.00018,0.0,0.0
2026-09-29T20:33:18Z,2026-09-30,1,74000.0,P,0.0,0.0001,0.0,83575.23,83565.79,0.7162000000000001,0.0,0.0,0.00018,7.7,0.0
2026-09-29T20:33:18Z,2026-09-30,1,75000.0,C,0.101,0.1045,0.1026,83575.17,83565.79,0.6606000000000001,1.0,0.0,0.00039,0.0,0.0
2026-09-29T20:33:18Z,2026-09-30,1,75000.0,P,0.0,0.0001,0.0,83575.23,83565.79,0.6606000000000001,0.0,0.0,0.00039,4.4,2.0
2026-09-29T20:33:18Z,2026-09-30,1,76000.0,C,0.089,0.0925,0.0906,83575.23,83565.79,0.6087,0.99999,0.0,0.00103,0.0,0.0
2026-09-29T20:33:18Z,2026-09-30,1,76000.0,P,0.0,0.0001,0.0,83575.17,83565.79,0.6087,-1e-05,0.0,0.00103,13.3,0.0
2026-09-29T20:33:18Z,2026-09-30,1,77000.0,C,0.077,0.0805,0.0787,83575.23,83565.79,0.6077,0.99991,0.0,0.01103,0.0,0.0
2026-09-29T20:33:18Z,2026-09-30,1,77000.0,P,0.0,0.0001,0.0,83575.23,83565.79,0.6077,-9e-05,0.0,0.01103,9.1,0.0
2026-09-29T20:33:18Z,2026-09-30,1,78000.0,C,0.065,0.069,0.0667,83575.23,83565.79,0.5816,0.99951,0.0,0.05313,0.0,0.0
2026-09-29T20:33:18Z,2026-09-30,1,78000.0,P,0.0,0.0001,0.0,83575.23,83565.79,0.5816,-0.00049,0.0,0.05313,33.3,0.2
2026-09-29T20:33:18Z,2026-09-30,1,79000.0,C,0.0525,0.057,0.0547,83575.23,83565.79,0.503,0.99905,0.0,0.0972,0.0,0.0
2026-09-29T20:33:18Z,2026-09-30,1,79000.0,P,0.0,0.0001,0.0,83575.17,83565.79,0.503,-0.00095,0.0,0.09721,68.9,4.3
2026-09-29T20:33:18Z,2026-09-30,1,80000.0,C,0.0405,0.0455,0.0428,83575.23,83565.79,0.41979999999999995,0.99806,0.0,0.1861,0.0,0.0
2026-09-29T20:33:18Z,2026-09-30,1,80000.0,P,0.0,0.0001,0.0,83575.23,83565.79,0.41979999999999995,-0.00194,0.0,0.1861,112.7,37.9
2026-09-29T20:33:18Z,2026-09-30,1,80500.0,C,0.0345,0.0395,0.0368,83575.23,83565.79,0.3728,0.99735,1e-05,0.24736,0.0,0.0
2026-09-29T20:33:18Z,2026-09-30,1,80500.0,P,0.0,0.0001,0.0,83575.23,83565.79,0.3728,-0.00265,1e-05,0.24736,4.6,4.0
2026-09-29T20:33:18Z,2026-09-30,1,81000.0,C,0.0285,0.0335,0.0308,83575.17,83565.79,0.35700000000000004,0.99248,2e-05,0.62708,0.5,0.5
2026-09-29T20:33:18Z,2026-09-30,1,81000.0,P,0.0,0.0001,0.0,83575.23,83565.79,0.35700000000000004,-0.00752,2e-05,0.627,109.8,16.1
2026-09-29T20:33:18Z,2026-09-30,1,81500.0,C,0.0225,0.0275,0.0249,83575.23,83565.79,0.34850000000000003,0.97735,5e-05,1.62526,0.0,0.0
2026-09-29T20:33:18Z,2026-09-30,1,81500.0,P,0.0,0.0001,0.0001,83575.23,83565.79,0.34850000000000003,-0.02265,5e-05,1.62526,297.4,115.4
2026-09-29T20:33:18Z,2026-09-30,1,82000.0,C,0.017,0.021,0.019,83575.17,83565.79,0.2877,0.9667,9e-05,2.24127,0.0,0.0
2026-09-29T20:33:18Z,2026-09-30,1,82000.0,P,0.0001,0.0002,0.0001,83575.17,83565.79,0.2877,-0.0333,9e-05,2.24127,473.4,88.2
2026-09-29T20:33:18Z,2026-09-30,1,82500.0,C,0.012,0.015,0.0132,83575.17,83565.79,0.2494,0.92518,0.00019,4.2694,17.3,10.0
2026-09-29T20:33:18Z,2026-09-30,1,82500.0,P,0.0002,0.0004,0.0003,83575.17,83565.79,0.2494,-0.07482,0.00019,4.2694,114.2,114.7
2026-09-29T20:33:18Z,2026-09-30,1,83000.0,C,0.006,0.0095,0.0077,83575.17,83565.79,0.2182,0.81044,0.00041,8.18767,236.0,275.8
2026-09-29T20:33:18Z,2026-09-30,1,83000.0,P,0.0007,0.001,0.0008,83575.64,83565.79,0.2182,-0.18936,0.00041,8.18258,384.1,267.9
2026-09-29T20:33:18Z,2026-09-30,1,83500.0,C,0.0032,0.0038,0.0035,83575.17,83565.79,0.21059999999999998,0.54855,0.00062,11.96481,262.1,257.9
2026-09-29T20:33:18Z,2026-09-30,1,83500.0,P,0.0023,0.0028,0.0026,83575.17,83565.79,0.21059999999999998,-0.45145,0.00062,11.96481,120.1,128.1
2026-09-29T20:33:18Z,2026-09-30,1,84000.0,C,0.0012,0.0014,0.0013,83575.17,83565.79,0.22260000000000002,0.26566,0.00049,9.90944,342.4,344.7
2026-09-29T20:33:18Z,2026-09-30,1,84000.0,P,0.0055,0.007,0.0064,83575.17,83565.79,0.22260000000000002,-0.73434,0.00049,9.90944,1013.9,506.3
2026-09-29T20:33:18Z,2026-09-30,1,84500.0,C,0.0004,0.0006,0.0005,83575.17,83565.79,0.24670000000000003,0.10946,0.00025,5.66145,181.5,156.5
2026-09-29T20:33:18Z,2026-09-30,1,84500.0,P,0.01,0.013,0.0115,83575.17,83565.79,0.24670000000000003,-0.89054,0.00025,5.66145,14.2,9.6
2026-09-29T20:33:18Z,2026-09-30,1,85000.0,C,0.0001,0.0003,0.0002,83575.17,83565.79,0.2721,0.04331,0.00011,2.77688,1033.6,669.9
2026-09-29T20:33:18Z,2026-09-30,1,85000.0,P,0.0155,0.0185,0.0172,83575.17,83565.79,0.2721,-0.95669,0.00011,2.77688,500.0,100.0
2026-09-29T20:33:18Z,2026-09-30,1,85500.0,C,0.0,0.0002,0.0001,83575.17,83565.79,0.3115,0.0219,6e-05,1.57984,392.6,107.0
2026-09-29T20:33:18Z,2026-09-30,1,85500.0,P,0.0215,0.0245,0.0231,83575.64,83565.79,0.3115,-0.97807,6e-05,1.58144,10.0,0.0
2026-09-29T20:33:18Z,2026-09-30,1,86000.0,C,0.0,0.0001,0.0001,83575.17,83565.79,0.3711,0.0168,4e-05,1.26119,438.9,233.8
2026-09-29T20:33:18Z,2026-09-30,1,86000.0,P,0.0275,0.0305,0.0291,83575.64,83565.79,0.3711,-0.98318,4e-05,1.26232,100.0,100.0
2026-09-29T20:33:18Z,2026-09-30,1,86500.0,C,0.0,0.0001,0.0,83575.17,83565.79,0.40369999999999995,0.00939,2e-05,0.76256,129.3,71.1
2026-09-29T20:33:18Z,2026-09-30,1,86500.0,P,0.0325,0.0375,0.035,83575.17,83565.79,0.40369999999999995,-0.99061,2e-05,0.76256,0.0,0.0
2026-09-29T20:33:18Z,2026-09-30,1,87000.0,C,0.0,0.0001,0.0,83575.17,83565.79,0.4058,0.00317,1e-05,0.29011,420.5,48.6
2026-09-29T20:33:18Z,2026-09-30,1,87000.0,P,0.0385,0.0435,0.041,83575.17,83565.79,0.4058,-0.99683,1e-05,0.29011,0.0,0.0
2026-09-29T20:33:18Z,2026-09-30,1,87500.0,C,0.0,0.0001,0.0,83575.17,83565.79,0.4252,0.00145,0.0,0.14315,43.8,44.7
2026-09-29T20:33:18Z,2026-09-30,1,87500.0,P,0.0445,0.0495,0.047,83575.17,83565.79,0.4252,-0.99855,0.0,0.14315,0.0,0.0
2026-09-29T20:33:18Z,2026-09-30,1,88000.0,C,0.0,0.0001,0.0,83575.64,83565.79,0.4536,0.00085,0.0,0.08795,127.8,94.5
2026-09-29T20:33:18Z,2026-09-30,1,88000.0,P,0.0505,0.0555,0.0529,83575.17,83565.79,0.4536,-0.99915,0.0,0.08785,0.0,0.0
2026-09-29T20:33:18Z,2026-09-30,1,89000.0,C,0.0,0.0001,0.0,83575.17,83565.79,0.47340000000000004,0.00012,0.0,0.01454,104.0,30.0
2026-09-29T20:33:18Z,2026-09-30,1,89000.0,P,0.0625,0.0675,0.0649,83575.17,83565.79,0.47340000000000004,-0.99988,0.0,0.01454,0.0,0.0
2026-09-29T20:33:18Z,2026-09-30,1,90000.0,C,0.0,0.0001,0.0,83575.17,83565.79,0.47700000000000004,1e-05,0.0,0.00124,3.4,0.0
2026-09-29T20:33:18Z,2026-09-30,1,90000.0,P,0.0745,0.0795,0.0769,83575.17,83565.79,0.47700000000000004,-0.99999,0.0,0.00124,0.0,0.0
2026-09-29T20:33:18Z,2026-09-30,1,91000.0,C,0.0,0.0001,0.0,83575.17,83565.79,0.5029,0.0,0.0,0.00022,0.2,0.0
2026-09-29T20:33:18Z,2026-09-30,1,91000.0,P,0.0865,0.0915,0.0888,83575.17,83565.79,0.5029,-1.0,0.0,0.00022,0.0,0.0
2026-09-29T20:33:18Z,2026-09-30,1,92000.0,C,0.0,0.0001,0.0,83575.17,83565.79,0.5088,0.0,0.0,2e-05,2.1,0.0
2026-09-29T20:33:18Z,2026-09-30,1,92000.0,P,0.098,0.103,0.1008,83575.17,83565.79,0.5088,-1.0,0.0,2e-05,0.0,0.0
2026-09-29T20:33:18Z,2026-09-30,1,93000.0,C,0.0,0.0001,0.0,83575.17,83565.79,0.5224,0.0,0.0,0.0,0.0,0.0
2026-09-29T20:33:18Z,2026-09-30,1,93000.0,P,0.11,0.115,0.1128,83575.17,83565.79,0.5224,-1.0,0.0,0.0,0.0,0.0
2026-09-29T20:33:18Z,2026-09-30,1,94000.0,C,0.0,0.0001,0.0,83575.64,83565.79,0.5593,0.0,0.0,0.0,5.0,0.0
2026-09-29T20:33:18Z,2026-09-30,1,94000.0,P,0.122,0.127,0.1247,83575.17,83565.79,0.5593,-1.0,0.0,0.0,0.0,0.0
2026-09-29T20:33:18Z,2026-10-01,2,74000.0,C,0.113,0.1165,0.1147,83586.34,83565.79,0.6823999999999999,0.99766,0.0,0.3891,0.0,0.0
2026-09-29T20:33:18Z,2026-10-01,2,74000.0,P,0.0,0.0001,0.0,83586.34,83565.79,0.6823999999999999,-0.00234,0.0,0.3891,16.0,16.0
2026-09-29T20:33:18Z,2026-10-01,2,75000.0,C,0.101,0.1045,0.1027,83586.34,83565.79,0.6146,0.99738,0.0,0.4305,0.0,0.0
2026-09-29T20:33:18Z,2026-10-01,2,75000.0,P,0.0,0.0001,0.0,83586.34,83565.79,0.6146,-0.00262,0.0,0.4305,42.2,9.0
2026-09-29T20:33:18Z,2026-10-01,2,76000.0,C,0.089,0.0925,0.0908,83586.34,83565.79,0.545,0.99713,0.0,0.46796,0.0,0.0
2026-09-29T20:33:18Z,2026-10-01,2,76000.0,P,0.0,0.0001,0.0,83586.34,83565.79,0.545,-0.00287,0.0,0.46796,5.3,5.2
2026-09-29T20:33:18Z,2026-10-01,2,77000.0,C,0.077,0.081,0.0788,83586.34,83565.79,0.47869999999999996,0.99664,0.0,0.53855,0.0,0.0
2026-09-29T20:33:18Z,2026-10-01,2,77000.0,P,0.0,0.0001,0.0,83586.34,83565.79,0.47869999999999996,-0.00336,0.0,0.53855,1.2,0.0
2026-09-29T20:33:18Z,2026-10-01,2,78000.0,C,0.065,0.069,0.0669,83585.83,83565.79,0.4169,0.99562,1e-05,0.68361,0.0,0.0
2026-09-29T20:33:18Z,2026-10-01,2,78000.0,P,0.0,0.0001,0.0,83585.83,83565.79,0.4169,-0.00438,1e-05,0.68361,6.1,2.1
2026-09-29T20:33:18Z,2026-10-01,2,79000.0,C,0.053,0.057,0.055,83585.83,83565.79,0.4133,0.9846,2e-05,2.06021,0.0,0.0
2026-09-29T20:33:18Z,2026-10-01,2,79000.0,P,0.0001,0.0002,0.0001,83585.83,83565.79,0.4133,-0.0154,2e-05,2.06021,10.2,2.2
2026-09-29T20:33:18Z,2026-10-01,2,80000.0,C,0.041,0.045,0.0431,83586.34,83565.79,0.359,0.97329,3e-05,3.28505,0.0,0.0
2026-09-29T20:33:18Z,2026-10-01,2,80000.0,P,0.0002,0.0003,0.0002,83586.34,83565.79,0.359,-0.02671,3e-05,3.28505,10.6,2.3
2026-09-29T20:33:18Z,2026-10-01,2,80500.0,C,0.0355,0.0395,0.0372,83585.83,83565.79,0.3312,0.96374,5e-05,4.2291,0.0,0.0
2026-09-29T20:33:18Z,2026-10-01,2,80500.0,P,0.0002,0.0004,0.0003,83585.83,83565.79,0.3312,-0.03626,5e-05,4.2291,19.9,16.5
2026-09-29T20:33:18Z,2026-10-01,2,81000.0,C,0.0295,0.0335,0.0315,83586.34,83565.79,0.3193,0.94034,7e-05,6.30592,0.0,0.0
2026-09-29T20:33:18Z,2026-10-01,2,81000.0,P,0.0004,0.0006,0.0005,83585.83,83565.79,0.3193,-0.05969,7e-05,6.30884,68.4,33.6
2026-09-29T20:33:18Z,2026-10-01,2,81500.0,C,0.024,0.0275,0.0258,83585.83,83565.79,0.3006,0.90845,0.0001,8.74513,0.8,0.8
2026-09-29T20:33:18Z,2026-10-01,2,81500.0,P,0.0007,0.0009,0.0008,83586.34,83565.79,0.3006,-0.0915,0.0001,8.74147,75.3,51.9
2026-09-29T20:33:18Z,2026-10-01,2,82000.0,C,0.0185,0.0225,0.0204,83586.34,83565.79,0.2875,0.8547,0.00015,12.13594,0.0,0.0
2026-09-29T20:33:18Z,2026-10-01,2,82000.0,P,0.0012,0.0015,0.0014,83586.34,83565.79,0.2875,-0.1453,0.00015,12.13594,42.2,35.7
2026-09-29T20:33:18Z,2026-10-01,2,82500.0,C,0.0135,0.0175,0.0154,83586.34,83565.79,0.28,0.77136,0.0002,16.09246,0.0,0.0
2026-09-29T20:33:18Z,2026-10-01,2,82500.0,P,0.0022,0.0025,0.0024,83586.34,83565.79,0.28,-0.22864,0.0002,16.09246,31.4,30.2
2026-09-29T20:33:18Z,2026-10-01,2,83000.0,C,0.0105,0.012,0.0111,83586.34,83565.79,0.2774,0.65827,0.00025,19.52079,21.4,6.4
2026-09-29T20:33:18Z,2026-10-01,2,83000.0,P,0.0038,0.0042,0.0041,83586.34,83565.79,0.2774,-0.34172,0.00025,19.52073,74.0,64.4
2026-09-29T20:33:18Z,2026-10-01,2,83500.0,C,0.007,0.008,0.0077,83586.34,83565.79,0.28190000000000004,0.52655,0.00027,21.16598,31.7,14.8
2026-09-29T20:33:18Z,2026-10-01,2,83500.0,P,0.006,0.007,0.0066,83586.34,83565.79,0.28190000000000004,-0.47345,0.00027,21.16598,31.2,15.7
2026-09-29T20:33:18Z,2026-10-01,2,84000.0,C,0.0048,0.0055,0.0051,83586.34,83565.79,0.28800000000000003,0.39733,0.00025,20.50653,108.1,73.1
2026-09-29T20:33:18Z,2026-10-01,2,84000.0,P,0.0095,0.0105,0.0101,83585.83,83565.79,0.28800000000000003,-0.6028,0.00025,20.50463,14.2,1.9
2026-09-29T20:33:18Z,2026-10-01,2,84500.0,C,0.0031,0.0034,0.0033,83586.34,83565.79,0.2942,0.28379,0.00022,18.01559,11.9,8.0
2026-09-29T20:33:18Z,2026-10-01,2,84500.0,P,0.0125,0.0155,0.0142,83585.83,83565.79,0.2942,-0.71632,0.00022,18.01212,6.3,0.0
2026-09-29T20:33:18Z,2026-10-01,2,85000.0,C,0.0019,0.0023,0.0021,83586.34,83565.79,0.3043,0.19578,0.00017,14.69604,56.7,39.1
2026-09-29T20:33:18Z,2026-10-01,2,85000.0,P,0.017,0.021,0.019,83585.83,83565.79,0.3043,-0.8043,0.00017,14.69192,0.5,0.5
2026-09-29T20:33:18Z,2026-10-01,2,85500.0,C,0.0013,0.0014,0.0013,83586.34,83565.79,0.31620000000000004,0.13239,0.00013,11.39093,22.0,17.8
2026-09-29T20:33:18Z,2026-10-01,2,85500.0,P,0.0225,0.0265,0.0242,83586.34,83565.79,0.31620000000000004,-0.86761,0.00013,11.39063,0.0,0.0
2026-09-29T20:33:18Z,2026-10-01,2,86000.0,C,0.0007,0.001,0.0009,83585.83,83565.79,0.33030000000000004,0.08941,9e-05,8.59227,116.2,80.4
2026-09-29T20:33:18Z,2026-10-01,2,86000.0,P,0.0275,0.032,0.0297,83586.34,83565.79,0.33030000000000004,-0.91055,9e-05,8.59568,0.0,0.0
2026-09-29T20:33:18Z,2026-10-01,2,86500.0,C,0.0005,0.0006,0.0006,83586.34,83565.79,0.34590000000000004,0.06102,7e-05,6.41788,32.9,27.9
2026-09-29T20:33:18Z,2026-10-01,2,86500.0,P,0.0335,0.0375,0.0354,83586.34,83565.79,0.34590000000000004,-0.93898,7e-05,6.41788,0.0,0.0
2026-09-29T20:33:18Z,2026-10-01,2,87000.0,C,0.0003,0.0004,0.0004,83586.34,83565.79,0.35850000000000004,0.04059,5e-05,4.63687,34.9,14.7
2026-09-29T20:33:18Z,2026-10-01,2,87000.0,P,0.039,0.0435,0.0412,83586.34,83565.79,0.35850000000000004,-0.95941,5e-05,4.63687,0.0,0.0
2026-09-29T20:33:18Z,2026-10-01,2,87500.0,C,0.0002,0.0003,0.0002,83586.34,83565.79,0.371,0.02698,3e-05,3.31247,10.0,7.6
2026-09-29T20:33:18Z,2026-10-01,2,87500.0,P,0.045,0.0495,0.0471,83586.34,83565.79,0.371,-0.97302,3e-05,3.31247,0.0,0.0
2026-09-29T20:33:18Z,2026-10-01,2,88000.0,C,0.0001,0.0003,0.0002,83585.83,83565.79,0.39020000000000005,0.01965,2e-05,2.53677,19.2,8.1
2026-09-29T20:33:18Z,2026-10-01,2,88000.0,P,0.051,0.055,0.053,83586.34,83565.79,0.39020000000000005,-0.98033,2e-05,2.53807,0.0,0.0
2026-09-29T20:33:18Z,2026-10-01,2,89000.0,C,0.0,0.0002,0.0001,83586.34,83565.79,0.4208,0.00987,1e-05,1.40157,31.0,8.2
2026-09-29T20:33:18Z,2026-10-01,2,89000.0,P,0.0625,0.067,0.0649,83586.34,83565.79,0.4208,-0.99013,1e-05,1.40157,0.0,0.0
2026-09-29T20:33:18Z,2026-10-01,2,90000.0,C,0.0,0.0001,0.0,83586.41,83565.79,0.4424,0.00449,1e-05,0.6983,62.7,0.1
2026-09-29T20:33:18Z,2026-10-01,2,90000.0,P,0.0745,0.079,0.0768,83586.41,83565.79,0.4424,-0.99551,1e-05,0.6983,0.0,0.0
2026-09-29T20:33:18Z,2026-10-01,2,91000.0,C,0.0,0.0001,0.0,83586.34,83565.79,0.45020000000000004,0.00157,0.0,0.27116,22.2,0.2
2026-09-29T20:33:18Z,2026-10-01,2,91000.0,P,0.0865,0.091,0.0887,83586.41,83565.79,0.45020000000000004,-0.99843,0.0,0.27118,0.0,0.0
2026-09-29T20:33:18Z,2026-10-01,2,92000.0,C,0.0,0.0001,0.0,83586.41,83565.79,0.4839,0.00097,0.0,0.17365,0.3,0.0
2026-09-29T20:33:18Z,2026-10-01,2,92000.0,P,0.0985,0.103,0.1007,83586.41,83565.79,0.4839,-0.99903,0.0,0.17365,0.0,0.0
2026-09-29T20:33:18Z,2026-10-01,2,93000.0,C,0.0,0.0001,0.0,83586.41,83565.79,0.519,0.00065,0.0,0.12057,0.3,0.0
2026-09-29T20:33:18Z,2026-10-01,2,93000.0,P,0.11,0.115,0.1126,83586.41,83565.79,0.519,-0.99935,0.0,0.12057,0.0,0.0
2026-09-29T20:33:18Z,2026-10-01,2,94000.0,C,0.0,0.0001,0.0,83586.41,83565.79,0.5246,0.00023,0.0,0.04616,1.0,0.0
2026-09-29T20:33:18Z,2026-10-01,2,94000.0,P,0.122,0.127,0.1246,83586.41,83565.79,0.5246,-0.99977,0.0,0.04616,0.0,0.0
2026-09-29T20:33:18Z,2026-10-01,2,95000.0,C,0.0,0.0001,0.0,83586.41,83565.79,0.5257000000000001,7e-05,0.0,0.0149,0.0,0.0
2026-09-29T20:33:18Z,2026-10-01,2,95000.0,P,0.134,0.139,0.1365,83586.34,83565.79,0.5257000000000001,-0.99993,0.0,0.01489,0.0,0.0
2026-09-29T20:33:18Z,2026-10-02,3,65000.0,C,0.221,0.2245,0.2225,83601.5,83565.79,0.7356999999999999,0.99999,0.0,0.00436,0.8,0.0
2026-09-29T20:33:18Z,2026-10-02,3,65000.0,P,0.0,0.0001,0.0,83601.44,83565.79,0.7356999999999999,-1e-05,0.0,0.00436,705.9,0.0
2026-09-29T20:33:18Z,2026-10-02,3,70000.0,C,0.161,0.1645,0.1627,83601.44,83565.79,0.7056999999999999,0.99898,0.0,0.23676,3.5,0.0
2026-09-29T20:33:18Z,2026-10-02,3,70000.0,P,0.0,0.0001,0.0,83601.44,83565.79,0.7056999999999999,-0.00102,0.0,0.23676,959.7,0.0
2026-09-29T20:33:18Z,2026-10-02,3,72000.0,C,0.137,0.1405,0.1388,83601.5,83565.79,0.6611,0.9972,0.0,0.59203,2.6,0.0
2026-09-29T20:33:18Z,2026-10-02,3,72000.0,P,0.0,0.0001,0.0,83601.44,83565.79,0.6611,-0.0028,0.0,0.59205,243.9,0.3
2026-09-29T20:33:18Z,2026-10-02,3,73000.0,C,0.125,0.129,0.1269,83601.44,83565.79,0.6071,0.99689,0.0,0.65021,0.8,0.0
2026-09-29T20:33:18Z,2026-10-02,3,73000.0,P,0.0,0.0001,0.0,83601.5,83565.79,0.6071,-0.00311,0.0,0.65019,1114.6,23.3
2026-09-29T20:33:18Z,2026-10-02,3,74000.0,C,0.113,0.117,0.1149,83601.5,83565.79,0.5526,0.99656,0.0,0.71301,1.7,0.0
2026-09-29T20:33:18Z,2026-10-02,3,74000.0,P,0.0,0.0001,0.0,83601.5,83565.79,0.5526,-0.00344,0.0,0.71301,1263.2,35.2
2026-09-29T20:33:18Z,2026-10-02,3,75000.0,C,0.101,0.105,0.103,83601.44,83565.79,0.5221,0.99455,0.0,1.07504,4.7,0.0
2026-09-29T20:33:18Z,2026-10-02,3,75000.0,P,0.0,0.0001,0.0001,83601.44,83565.79,0.5221,-0.00545,0.0,1.07504,426.5,15.4
2026-09-29T20:33:18Z,2026-10-02,3,76000.0,C,0.09,0.0925,0.0911,83601.44,83565.79,0.5036,0.98979,1e-05,1.86867,40.8,0.0
2026-09-29T20:33:18Z,2026-10-02,3,76000.0,P,0.0001,0.0002,0.0001,83601.44,83565.79,0.5036,-0.01021,1e-05,1.86867,402.2,2.7
2026-09-29T20:33:18Z,2026-10-02,3,77000.0,C,0.078,0.0805,0.0791,83601.44,83565.79,0.44770000000000004,0.98774,1e-05,2.19149,186.7,0.0
2026-09-29T20:33:18Z,2026-10-02,3,77000.0,P,0.0001,0.0002,0.0002,83601.44,83565.79,0.44770000000000004,-0.01226,1e-05,2.19149,375.4,24.2
2026-09-29T20:33:18Z,2026-10-02,3,78000.0,C,0.066,0.0685,0.0673,83601.44,83565.79,0.42710000000000004,0.97664,2e-05,3.80179,452.1,0.0
2026-09-29T20:33:18Z,2026-10-02,3,78000.0,P,0.0003,0.0004,0.0003,83601.5,83565.79,0.42710000000000004,-0.02336,2e-05,3.80163,1566.6,2.6
2026-09-29T20:33:18Z,2026-10-02,3,79000.0,C,0.054,0.057,0.0555,83601.5,83565.79,0.38939999999999997,0.96253,3e-05,5.62676,366.6,12.5
2026-09-29T20:33:18Z,2026-10-02,3,79000.0,P,0.0004,0.0006,0.0005,83601.67,83565.79,0.38939999999999997,-0.03746,3e-05,5.62614,898.2,3.3
2026-09-29T20:33:18Z,2026-10-02,3,80000.0,C,0.0425,0.0455,0.0439,83601.67,83565.79,0.3583,0.93406,5e-05,8.83003,869.0,1.0
2026-09-29T20:33:18Z,2026-10-02,3,80000.0,P,0.0008,0.0009,0.0009,83601.5,83565.79,0.3583,-0.06595,5e-05,8.83092,1406.0,120.3
2026-09-29T20:33:18Z,2026-10-02,3,81000.0,C,0.0315,0.034,0.0328,83601.5,83565.79,0.3358,0.87631,9e-05,14.07368,312.7,0.0
2026-09-29T20:33:18Z,2026-10-02,3,81000.0,P,0.0016,0.0018,0.0017,83601.5,83565.79,0.3358,-0.12369,9e-05,14.07368,233.2,27.0
2026-09-29T20:33:18Z,2026-10-02,3,81500.0,C,0.0255,0.0295,0.0276,83601.5,83565.79,0.327,0.83113,0.00011,17.35338,0.2,0.2
2026-09-29T20:33:18Z,2026-10-02,3,81500.0,P,0.0023,0.0025,0.0025,83601.5,83565.79,0.327,-0.16887,0.00011,17.35338,26.1,12.2
2026-09-29T20:33:18Z,2026-10-02,3,82000.0,C,0.021,0.0245,0.0227,83601.5,83565.79,0.3211,0.77172,0.00014,20.82473,1430.4,6.2
2026-09-29T20:33:18Z,2026-10-02,3,82000.0,P,0.0034,0.0036,0.0035,83601.5,83565.79,0.3211,-0.22828,0.00014,20.82473,1654.8,100.3
2026-09-29T20:33:18Z,2026-10-02,3,82500.0,C,0.0175,0.0195,0.0184,83601.5,83565.79,0.3214,0.69642,0.00016,24.07413,0.0,0.0
2026-09-29T20:33:18Z,2026-10-02,3,82500.0,P,0.0049,0.0055,0.0052,83601.5,83565.79,0.3214,-0.30358,0.00016,24.07413,56.3,36.0
2026-09-29T20:33:18Z,2026-10-02,3,83000.0,C,0.0135,0.015,0.0143,83601.67,83565.79,0.31579999999999997,0.61432,0.00018,26.33968,653.9,14.5
2026-09-29T20:33:18Z,2026-10-02,3,83000.0,P,0.007,0.0075,0.0071,83601.5,83565.79,0.31579999999999997,-0.38571,0.00018,26.34023,612.6,13.4
2026-09-29T20:33:18Z,2026-10-02,3,83500.0,C,0.0105,0.0115,0.0111,83601.67,83565.79,0.3197,0.52367,0.00018,27.42733,21.8,6.1
2026-09-29T20:33:18Z,2026-10-02,3,83500.0,P,0.0095,0.0105,0.0099,83601.5,83565.79,0.3197,-0.47636,0.00018,27.4274,9.6,6.0
2026-09-29T20:33:18Z,2026-10-02,3,84000.0,C,0.008,0.009,0.0084,83601.5,83565.79,0.3237,0.43448,0.00018,27.10421,807.6,72.9
2026-09-29T20:33:18Z,2026-10-02,3,84000.0,P,0.0125,0.0135,0.0132,83601.67,83565.79,0.3237,-0.56549,0.00018,27.10461,648.1,37.0
2026-09-29T20:33:18Z,2026-10-02,3,84500.0,C,0.006,0.0065,0.0063,83601.5,83565.79,0.3285,0.35143,0.00016,25.54769,34.5,26.4
2026-09-29T20:33:18Z,2026-10-02,3,84500.0,P,0.016,0.0175,0.0171,83601.5,83565.79,0.3285,-0.64857,0.00016,25.54769,4.1,8.0
2026-09-29T20:33:18Z,2026-10-02,3,85000.0,C,0.0046,0.0048,0.0047,83601.67,83565.79,0.3358,0.27897,0.00015,23.14246,1225.0,261.7
2026-09-29T20:33:18Z,2026-10-02,3,85000.0,P,0.0195,0.023,0.0214,83601.67,83565.79,0.3358,-0.72103,0.00015,23.14246,845.6,17.1
2026-09-29T20:33:18Z,2026-10-02,3,85500.0,C,0.0033,0.0037,0.0035,83601.67,83565.79,0.3443,0.21843,0.00012,20.30876,183.6,186.8
2026-09-29T20:33:18Z,2026-10-02,3,85500.0,P,0.024,0.028,0.0262,83601.67,83565.79,0.3443,-0.78157,0.00012,20.30876,0.0,0.0
2026-09-29T20:33:18Z,2026-10-02,3,86000.0,C,0.0024,0.0028,0.0026,83601.42,83565.79,0.35240000000000005,0.16859,0.0001,17.33512,1476.2,451.9
2026-09-29T20:33:18Z,2026-10-02,3,86000.0,P,0.0295,0.0325,0.0313,83601.67,83565.79,0.35240000000000005,-0.83138,0.0001,17.33689,1153.4,0.0
2026-09-29T20:33:18Z,2026-10-02,3,87000.0,C,0.0013,0.0016,0.0014,83601.42,83565.79,0.37229999999999996,0.09959,7e-05,12.05057,1055.1,324.3
2026-09-29T20:33:18Z,2026-10-02,3,87000.0,P,0.0405,0.0435,0.0421,83601.67,83565.79,0.37229999999999996,-0.90039,7e-05,12.05212,11.7,0.0
2026-09-29T20:33:18Z,2026-10-02,3,88000.0,C,0.0007,0.0009,0.0008,83601.67,83565.79,0.39130000000000004,0.05767,4e-05,7.95263,1727.5,76.3
2026-09-29T20:33:18Z,2026-10-02,3,88000.0,P,0.052,0.055,0.0534,83601.67,83565.79,0.39130000000000004,-0.94233,4e-05,7.95263,413.7,0.0
2026-09-29T20:33:18Z,2026-10-02,3,89000.0,C,0.0003,0.0005,0.0004,83601.67,83565.79,0.40159999999999996,0.03042,2e-05,4.74095,192.3,24.1
2026-09-29T20:33:18Z,2026-10-02,3,89000.0,P,0.0625,0.067,0.065,83601.67,83565.79,0.40159999999999996,-0.96958,2e-05,4.74095,4.1,0.0
2026-09-29T20:33:18Z,2026-10-02,3,90000.0,C,0.0001,0.0002,0.0002,83601.42,83565.79,0.4054,0.0142,1e-05,2.48857,859.1,34.5
2026-09-29T20:33:18Z,2026-10-02,3,90000.0,P,0.0745,0.079,0.0767,83601.67,83565.79,0.4054,-0.98579,1e-05,2.48907,3.2,0.0
2026-09-29T20:33:18Z,2026-10-02,3,92000.0,C,0.0,0.0001,0.0001,83601.42,83565.79,0.46049999999999996,0.00613,1e-05,1.19424,314.0,11.5
2026-09-29T20:33:18Z,2026-10-02,3,92000.0,P,0.098,0.103,0.1005,83601.42,83565.79,0.46049999999999996,-0.99387,1e-05,1.19424,0.0,0.0
2026-09-29T20:33:18Z,2026-10-02,3,95000.0,C,0.0,0.0001,0.0,83601.67,83565.79,0.5082,0.00122,0.0,0.27728,634.8,28.0
2026-09-29T20:33:18Z,2026-10-02,3,95000.0,P,0.134,0.139,0.1364,83601.42,83565.79,0.5082,-0.99878,0.0,0.27722,0.2,0.0
2026-09-29T20:33:18Z,2026-10-02,3,100000.0,C,0.0,0.0001,0.0,83601.67,83565.79,0.6315999999999999,0.00032,0.0,0.08036,228.8,0.0
2026-09-29T20:33:18Z,2026-10-02,3,100000.0,P,0.1935,0.199,0.1962,83601.42,83565.79,0.6315999999999999,-0.99968,0.0,0.08034,0.0,0.0
2026-09-29T20:33:18Z,2026-10-03,4,74000.0,C,0.1135,0.117,0.1151,83611.56,83565.79,0.5436,0.99005,1e-05,2.1663,0.0,0.0
2026-09-29T20:33:18Z,2026-10-03,4,74000.0,P,0.0001,0.0003,0.0002,83611.56,83565.79,0.5436,-0.00995,1e-05,2.1663,3.7,3.7
2026-09-29T20:33:18Z,2026-10-03,4,75000.0,C,0.1015,0.105,0.1032,83611.56,83565.79,0.5055,0.98705,1e-05,2.7236,0.0,0.0
2026-09-29T20:33:18Z,2026-10-03,4,75000.0,P,0.0002,0.0003,0.0002,83611.56,83565.79,0.5055,-0.01295,1e-05,2.7236,1.2,1.2
2026-09-29T20:33:18Z,2026-10-03,4,76000.0,C,0.0895,0.093,0.0913,83611.56,83565.79,0.46950000000000003,0.98239,1e-05,3.54541,0.0,0.0
2026-09-29T20:33:18Z,2026-10-03,4,76000.0,P,0.0003,0.0004,0.0003,83611.56,83565.79,0.46950000000000003,-0.01761,1e-05,3.54541,0.0,0.0
2026-09-29T20:33:18Z,2026-10-03,4,77000.0,C,0.0775,0.0815,0.0795,83611.56,83565.79,0.4329,0.97562,2e-05,4.67042,0.0,0.0
2026-09-29T20:33:18Z,2026-10-03,4,77000.0,P,0.0003,0.0005,0.0004,83611.56,83565.79,0.4329,-0.02438,2e-05,4.67042,8.1,8.1
2026-09-29T20:33:18Z,2026-10-03,4,78000.0,C,0.066,0.0695,0.0677,83611.56,83565.79,0.3979,0.96471,2e-05,6.34801,0.0,0.0
2026-09-29T20:33:18Z,2026-10-03,4,78000.0,P,0.0005,0.0006,0.0006,83611.56,83565.79,0.3979,-0.03529,2e-05,6.34801,0.0,0.0
2026-09-29T20:33:18Z,2026-10-03,4,79000.0,C,0.054,0.058,0.056,83611.56,83565.79,0.3649,0.94638,4e-05,8.89738,0.0,0.0
2026-09-29T20:33:18Z,2026-10-03,4,79000.0,P,0.0007,0.0009,0.0008,83611.56,83565.79,0.3649,-0.05362,4e-05,8.89738,0.2,0.2
2026-09-29T20:33:18Z,2026-10-03,4,80000.0,C,0.0425,0.0465,0.0447,83611.56,83565.79,0.3465,0.90698,6e-05,13.58063,0.0,0.0
2026-09-29T20:33:18Z,2026-10-03,4,80000.0,P,0.0013,0.0016,0.0015,83611.56,83565.79,0.3465,-0.09302,6e-05,13.58063,7.3,7.3
2026-09-29T20:33:18Z,2026-10-03,4,80500.0,C,0.0375,0.041,0.0392,83611.56,83565.79,0.3386,0.8778,7e-05,16.53444,0.0,0.0
2026-09-29T20:33:18Z,2026-10-03,4,80500.0,P,0.0018,0.0022,0.002,83611.56,83565.79,0.3386,-0.1222,7e-05,16.53444,0.0,0.0
2026-09-29T20:33:18Z,2026-10-03,4,81000.0,C,0.032,0.036,0.034,83611.56,83565.79,0.3331,0.83944,9e-05,19.90107,0.0,0.0
2026-09-29T20:33:18Z,2026-10-03,4,81000.0,P,0.0026,0.0029,0.0028,83611.56,83565.79,0.3331,-0.16056,9e-05,19.90107,18.3,18.3
2026-09-29T20:33:18Z,2026-10-03,4,81500.0,C,0.027,0.031,0.0291,83611.56,83565.79,0.3284,0.79221,0.00011,23.37283,0.0,0.0
2026-09-29T20:33:18Z,2026-10-03,4,81500.0,P,0.0036,0.004,0.0038,83611.56,83565.79,0.3284,-0.20779,0.00011,23.37283,3.7,3.7
2026-09-29T20:33:18Z,2026-10-03,4,82000.0,C,0.023,0.026,0.0245,83611.56,83565.79,0.3275,0.73398,0.00012,26.78177,0.0,0.0
2026-09-29T20:33:18Z,2026-10-03,4,82000.0,P,0.005,0.0055,0.0053,83611.56,83565.79,0.3275,-0.26602,0.00012,26.78177,11.4,11.4
2026-09-29T20:33:18Z,2026-10-03,4,82500.0,C,0.0195,0.021,0.0203,83611.71,83565.79,0.32539999999999997,0.66906,0.00014,29.58759,0.0,0.0
2026-09-29T20:33:18Z,2026-10-03,4,82500.0,P,0.0065,0.0075,0.007,83611.71,83565.79,0.32539999999999997,-0.33094,0.00014,29.58759,0.1,0.1
2026-09-29T20:33:18Z,2026-10-03,4,83000.0,C,0.016,0.017,0.0165,83611.71,83565.79,0.3226,0.59829,0.00015,31.56333,0.0,0.0
2026-09-29T20:33:18Z,2026-10-03,4,83000.0,P,0.009,0.0095,0.0092,83611.56,83565.79,0.3226,-0.40173,0.00015,31.56372,0.0,0.0
2026-09-29T20:33:18Z,2026-10-03,4,83500.0,C,0.013,0.014,0.0134,83611.71,83565.79,0.32770000000000005,0.52304,0.00015,32.50223,0.0,0.0
2026-09-29T20:33:18Z,2026-10-03,4,83500.0,P,0.0115,0.0125,0.0121,83611.71,83565.79,0.32770000000000005,-0.47696,0.00015,32.50223,0.2,0.2
2026-09-29T20:33:18Z,2026-10-03,4,84000.0,C,0.01,0.011,0.0107,83611.71,83565.79,0.32909999999999995,0.44901,0.00015,32.29024,35.1,35.1
2026-09-29T20:33:18Z,2026-10-03,4,84000.0,P,0.015,0.016,0.0153,83611.71,83565.79,0.32909999999999995,-0.55099,0.00015,32.29024,0.2,0.2
2026-09-29T20:33:18Z,2026-10-03,4,84500.0,C,0.008,0.0085,0.0083,83611.71,83565.79,0.3312,0.37798,0.00014,31.02159,0.0,0.0
2026-09-29T20:33:18Z,2026-10-03,4,84500.0,P,0.0185,0.02,0.019,83611.71,83565.79,0.3312,-0.62202,0.00014,31.02159,0.0,0.0
2026-09-29T20:33:18Z,2026-10-03,4,85000.0,C,0.006,0.007,0.0065,83611.71,83565.79,0.3345,0.31272,0.00013,28.89984,0.2,0.2
2026-09-29T20:33:18Z,2026-10-03,4,85000.0,P,0.0215,0.0245,0.0231,83611.71,83565.79,0.3345,-0.68728,0.00013,28.89984,0.0,0.0
2026-09-29T20:33:18Z,2026-10-03,4,85500.0,C,0.0048,0.0055,0.0051,83611.71,83565.79,0.3439,0.25832,0.00012,26.38217,0.0,0.0
2026-09-29T20:33:18Z,2026-10-03,4,85500.0,P,0.0255,0.0295,0.0277,83611.71,83565.79,0.3439,-0.74168,0.00012,26.38217,0.0,0.0
2026-09-29T20:33:18Z,2026-10-03,4,86000.0,C,0.0037,0.004,0.0039,83611.71,83565.79,0.3464,0.20724,0.0001,23.33668,8.2,8.2
2026-09-29T20:33:18Z,2026-10-03,4,86000.0,P,0.0305,0.0345,0.0325,83611.71,83565.79,0.3464,-0.79276,0.0001,23.33668,0.0,0.0
2026-09-29T20:33:18Z,2026-10-03,4,86500.0,C,0.0028,0.0032,0.003,83611.71,83565.79,0.3522,0.16586,9e-05,20.32577,5.0,5.0
2026-09-29T20:33:18Z,2026-10-03,4,86500.0,P,0.0355,0.0395,0.0375,83611.71,83565.79,0.3522,-0.83414,9e-05,20.32577,0.0,0.0
2026-09-29T20:33:18Z,2026-10-03,4,87000.0,C,0.0021,0.0024,0.0023,83611.71,83565.79,0.3582,0.13165,7e-05,17.41491,2.2,2.2
2026-09-29T20:33:18Z,2026-10-03,4,87000.0,P,0.0405,0.045,0.0428,83611.71,83565.79,0.3582,-0.86835,7e-05,17.41491,0.0,0.0
2026-09-29T20:33:18Z,2026-10-03,4,87500.0,C,0.0016,0.0019,0.0017,83611.71,83565.79,0.364,0.10354,6e-05,14.6891,0.0,0.0
2026-09-29T20:33:18Z,2026-10-03,4,87500.0,P,0.046,0.0505,0.0482,83611.71,83565.79,0.364,-0.89646,6e-05,14.6891,0.0,0.0
2026-09-29T20:33:18Z,2026-10-03,4,88000.0,C,0.0012,0.0014,0.0013,83611.71,83565.79,0.37070000000000003,0.08141,5e-05,12.29343,29.7,29.7
2026-09-29T20:33:18Z,2026-10-03,4,88000.0,P,0.0515,0.056,0.0538,83611.71,83565.79,0.37070000000000003,-0.91859,5e-05,12.29322,0.0,0.0
2026-09-29T20:33:18Z,2026-10-03,4,89000.0,C,0.0007,0.0009,0.0008,83611.71,83565.79,0.38409999999999994,0.04977,3e-05,8.3863,0.7,0.7
2026-09-29T20:33:18Z,2026-10-03,4,89000.0,P,0.063,0.0675,0.0652,83611.71,83565.79,0.38409999999999994,-0.95023,3e-05,8.38596,0.0,0.0
2026-09-29T20:33:18Z,2026-10-03,4,90000.0,C,0.0004,0.0005,0.0004,83611.71,83565.79,0.39630000000000004,0.02977,2e-05,5.51772,26.9,26.9
2026-09-29T20:33:18Z,2026-10-03,4,90000.0,P,0.0745,0.079,0.0768,83611.71,83565.79,0.39630000000000004,-0.97023,2e-05,5.51758,0.0,0.0
2026-09-29T20:33:18Z,2026-10-03,4,91000.0,C,0.0002,0.0003,0.0003,83611.71,83565.79,0.4155,0.01933,1e-05,3.83828,0.5,0.5
2026-09-29T20:33:18Z,2026-10-03,4,91000.0,P,0.0865,0.091,0.0886,83611.71,83565.79,0.4155,-0.98067,1e-05,3.83821,0.0,0.0
2026-09-29T20:33:18Z,2026-10-03,4,92000.0,C,0.0001,0.0002,0.0002,83611.71,83565.79,0.43170000000000003,0.0123,1e-05,2.60344,0.0,0.0
2026-09-29T20:33:18Z,2026-10-03,4,92000.0,P,0.098,0.103,0.1005,83611.71,83565.79,0.43170000000000003,-0.9877,1e-05,2.60338,0.0,0.0
2026-09-29T20:33:18Z,2026-10-03,4,93000.0,C,0.0001,0.0002,0.0001,83611.71,83565.79,0.4598,0.00941,1e-05,2.06277,0.1,0.1
2026-09-29T20:33:18Z,2026-10-03,4,93000.0,P,0.11,0.115,0.1124,83611.71,83565.79,0.4598,-0.99059,1e-05,2.06277,0.0,0.0
2026-09-29T20:33:18Z,2026-10-03,4,94000.0,C,0.0,0.0002,0.0001,83611.71,83565.79,0.5008,0.00886,1e-05,1.9556,0.6,0.6
2026-09-29T20:33:18Z,2026-10-03,4,94000.0,P,0.1215,0.127,0.1244,83611.71,83565.79,0.5008,-0.99114,1e-05,1.9556,0.0,0.0
2026-09-29T20:33:18Z,2026-10-09,10,65000.0,C,0.2215,0.225,0.2234,83678.6,83565.79,0.6168,0.99522,0.0,1.87403,0.7,0.0
2026-09-29T20:33:18Z,2026-10-09,10,65000.0,P,0.0001,0.0002,0.0002,83678.44,83565.79,0.6168,-0.00478,0.0,1.87412,230.6,3.1
2026-09-29T20:33:18Z,2026-10-09,10,68000.0,C,0.186,0.1895,0.1876,83678.6,83565.79,0.5468,0.99178,0.0,3.02719,0.9,0.0
2026-09-29T20:33:18Z,2026-10-09,10,68000.0,P,0.0002,0.0003,0.0002,83678.6,83565.79,0.5468,-0.00822,0.0,3.02719,716.7,260.2
2026-09-29T20:33:18Z,2026-10-09,10,70000.0,C,0.162,0.1655,0.1639,83678.44,83565.79,0.5075,0.98691,0.0,4.54083,0.0,0.0
2026-09-29T20:33:18Z,2026-10-09,10,70000.0,P,0.0003,0.0005,0.0004,83678.6,83565.79,0.5075,-0.01309,0.0,4.54073,128.3,1.1
2026-09-29T20:33:18Z,2026-10-09,10,72000.0,C,0.138,0.142,0.1401,83678.44,83565.79,0.4594,0.98066,1e-05,6.3441,0.0,0.0
2026-09-29T20:33:18Z,2026-10-09,10,72000.0,P,0.0005,0.0006,0.0005,83678.6,83565.79,0.4594,-0.01934,1e-05,6.34396,96.7,1.6
2026-09-29T20:33:18Z,2026-10-09,10,73000.0,C,0.1265,0.13,0.1283,83678.44,83565.79,0.4397,0.97514,1e-05,7.84238,0.2,0.0
2026-09-29T20:33:18Z,2026-10-09,10,73000.0,P,0.0006,0.0008,0.0007,83678.6,83565.79,0.4397,-0.02486,1e-05,7.84218,200.6,1.0
2026-09-29T20:33:18Z,2026-10-09,10,74000.0,C,0.1145,0.1185,0.1165,83678.6,83565.79,0.41759999999999997,0.96859,1e-05,9.52988,1.1,0.0
2026-09-29T20:33:18Z,2026-10-09,10,74000.0,P,0.0007,0.001,0.0008,83678.6,83565.79,0.41759999999999997,-0.03141,1e-05,9.52986,513.1,0.2
2026-09-29T20:33:18Z,2026-10-09,10,75000.0,C,0.103,0.1065,0.1048,83678.6,83565.79,0.39890000000000003,0.95869,2e-05,11.92779,0.2,0.0
2026-09-29T20:33:18Z,2026-10-09,10,75000.0,P,0.001,0.0012,0.0011,83678.6,83565.79,0.39890000000000003,-0.04131,2e-05,11.92772,1185.1,60.1
2026-09-29T20:33:18Z,2026-10-09,10,76000.0,C,0.091,0.095,0.0932,83678.6,83565.79,0.3803,0.94535,2e-05,14.9234,50.1,0.0
2026-09-29T20:33:18Z,2026-10-09,10,76000.0,P,0.0013,0.0016,0.0015,83678.6,83565.79,0.3803,-0.05465,2e-05,14.92332,910.0,104.1
2026-09-29T20:33:18Z,2026-10-09,10,77000.0,C,0.08,0.084,0.0818,83678.6,83565.79,0.3643,0.92596,3e-05,18.90013,57.9,0.0
2026-09-29T20:33:18Z,2026-10-09,10,77000.0,P,0.0018,0.0021,0.002,83678.6,83565.79,0.3643,-0.07404,3e-05,18.90015,159.8,1.8
2026-09-29T20:33:18Z,2026-10-09,10,78000.0,C,0.0685,0.0725,0.0707,83678.6,83565.79,0.3513,0.8979,4e-05,24.02451,28.3,0.0
2026-09-29T20:33:18Z,2026-10-09,10,78000.0,P,0.0026,0.003,0.0028,83678.63,83565.79,0.3513,-0.1021,4e-05,24.02406,990.2,4.7
2026-09-29T20:33:18Z,2026-10-09,10,79000.0,C,0.058,0.062,0.0599,83678.6,83565.79,0.34020000000000006,0.85924,5e-05,30.12231,14.4,0.0
2026-09-29T20:33:18Z,2026-10-09,10,79000.0,P,0.0038,0.0041,0.004,83678.6,83565.79,0.34020000000000006,-0.14076,5e-05,30.12206,374.9,131.3
2026-09-29T20:33:18Z,2026-10-09,10,80000.0,C,0.048,0.0515,0.0499,83678.6,83565.79,0.3337,0.80594,6e-05,37.06685,382.9,300.0
2026-09-29T20:33:18Z,2026-10-09,10,80000.0,P,0.0055,0.0065,0.0059,83678.6,83565.79,0.3337,-0.19407,6e-05,37.06708,956.7,309.1
2026-09-29T20:33:18Z,2026-10-09,10,81000.0,C,0.039,0.0415,0.0406,83678.63,83565.79,0.32780000000000004,0.73966,7e-05,43.76575,100.3,0.0
2026-09-29T20:33:18Z,2026-10-09,10,81000.0,P,0.008,0.009,0.0085,83678.44,83565.79,0.32780000000000004,-0.26036,7e-05,43.76694,89.5,3.7
2026-09-29T20:33:18Z,2026-10-09,10,82000.0,C,0.0315,0.033,0.0321,83678.6,83565.79,0.3234,0.66089,8e-05,49.35534,314.7,0.2
2026-09-29T20:33:18Z,2026-10-09,10,82000.0,P,0.0115,0.0125,0.0121,83678.6,83565.79,0.3234,-0.33911,8e-05,49.35534,274.0,106.3
2026-09-29T20:33:18Z,2026-10-09,10,83000.0,C,0.0245,0.0255,0.0249,83678.6,83565.79,0.3214,0.57265,9e-05,52.89721,100.5,4.6
2026-09-29T20:33:18Z,2026-10-09,10,83000.0,P,0.0165,0.017,0.0168,83678.63,83565.79,0.3214,-0.42734,9e-05,52.89716,443.4,141.2
2026-09-29T20:33:18Z,2026-10-09,10,84000.0,C,0.0185,0.0195,0.0189,83678.6,83565.79,0.32270000000000004,0.48097,9e-05,53.73052,330.3,42.8
2026-09-29T20:33:18Z,2026-10-09,10,84000.0,P,0.022,0.023,0.0228,83678.6,83565.79,0.32270000000000004,-0.51903,9e-05,53.73052,110.8,5.7
2026-09-29T20:33:18Z,2026-10-09,10,85000.0,C,0.0135,0.0145,0.0139,83678.44,83565.79,0.3222,0.39134,9e-05,51.7837,445.8,101.8
2026-09-29T20:33:18Z,2026-10-09,10,85000.0,P,0.029,0.0305,0.0297,83678.66,83565.79,0.3222,-0.60864,9e-05,51.78467,621.9,3.1
2026-09-29T20:33:18Z,2026-10-09,10,86000.0,C,0.01,0.0105,0.0101,83678.63,83565.79,0.325,0.30982,8e-05,47.55709,570.2,101.3
2026-09-29T20:33:18Z,2026-10-09,10,86000.0,P,0.0365,0.039,0.0379,83678.66,83565.79,0.325,-0.69018,8e-05,47.55727,237.6,0.0
2026-09-29T20:33:18Z,2026-10-09,10,87000.0,C,0.007,0.008,0.0074,83678.66,83565.79,0.3319,0.2416,7e-05,42.06899,916.6,226.2
2026-09-29T20:33:18Z,2026-10-09,10,87000.0,P,0.045,0.049,0.0471,83678.66,83565.79,0.3319,-0.7584,7e-05,42.06899,102.4,0.0
2026-09-29T20:33:18Z,2026-10-09,10,88000.0,C,0.005,0.0055,0.0052,83678.66,83565.79,0.3347,0.18229,6e-05,35.6628,526.4,144.5
2026-09-29T20:33:18Z,2026-10-09,10,88000.0,P,0.0545,0.059,0.0569,83678.63,83565.79,0.3347,-0.81771,6e-05,35.66258,4.6,0.0
2026-09-29T20:33:18Z,2026-10-09,10,89000.0,C,0.0036,0.0039,0.0037,83678.66,83565.79,0.3406,0.13654,5e-05,29.50432,218.7,200.0
2026-09-29T20:33:18Z,2026-10-09,10,89000.0,P,0.065,0.0695,0.0673,83678.63,83565.79,0.3406,-0.86346,5e-05,29.5041,1.0,0.0
2026-09-29T20:33:18Z,2026-10-09,10,90000.0,C,0.0025,0.0028,0.0026,83678.66,83565.79,0.3461,0.10063,4e-05,23.77225,1538.5,205.2
2026-09-29T20:33:18Z,2026-10-09,10,90000.0,P,0.076,0.0805,0.0781,83678.66,83565.79,0.3461,-0.89937,4e-05,23.77225,0.3,0.0
2026-09-29T20:33:18Z,2026-10-09,10,92000.0,C,0.0012,0.0014,0.0013,83678.66,83565.79,0.3594,0.05391,2e-05,14.76461,810.7,12.0
2026-09-29T20:33:18Z,2026-10-09,10,92000.0,P,0.0985,0.103,0.1007,83678.66,83565.79,0.3594,-0.94609,2e-05,14.76461,0.0,0.0
2026-09-29T20:33:18Z,2026-10-09,10,94000.0,C,0.0006,0.0007,0.0006,83678.66,83565.79,0.37170000000000003,0.02792,1e-05,8.6438,276.1,6.7
2026-09-29T20:33:18Z,2026-10-09,10,94000.0,P,0.1215,0.1265,0.124,83678.66,83565.79,0.37170000000000003,-0.97208,1e-05,8.6438,0.0,0.0
2026-09-29T20:33:18Z,2026-10-09,10,95000.0,C,0.0004,0.0005,0.0004,83678.66,83565.79,0.3786,0.02022,1e-05,6.58909,1061.5,344.4
2026-09-29T20:33:18Z,2026-10-09,10,95000.0,P,0.1335,0.1385,0.1357,83678.66,83565.79,0.3786,-0.97978,1e-05,6.58909,0.6,0.0
2026-09-29T20:33:18Z,2026-10-09,10,100000.0,C,0.0001,0.0002,0.0001,83678.66,83565.79,0.4378,0.00638,0.0,2.42019,167.4,5.0
2026-09-29T20:33:18Z,2026-10-09,10,100000.0,P,0.1925,0.198,0.1952,83678.66,83565.79,0.4378,-0.99362,0.0,2.42019,3.8,0.0
2026-09-29T20:33:18Z,2026-10-16,17,70000.0,C,0.1635,0.1675,0.1653,83756.49,83565.79,0.4542,0.97177,1e-05,11.51038,0.0,0.0
2026-09-29T20:33:18Z,2026-10-16,17,70000.0,P,0.001,0.0012,0.0011,83756.37,83565.79,0.4542,-0.02823,1e-05,11.51069,47.8,3.4
2026-09-29T20:33:18Z,2026-10-16,17,75000.0,C,0.1055,0.1095,0.1074,83756.49,83565.79,0.3753,0.92287,2e-05,25.7323,0.0,0.0
2026-09-29T20:33:18Z,2026-10-16,17,75000.0,P,0.0027,0.003,0.0029,83756.37,83565.79,0.3753,-0.07713,2e-05,25.73292,70.0,20.4
2026-09-29T20:33:18Z,2026-10-16,17,76000.0,C,0.0945,0.0985,0.0963,83756.96,83565.79,0.36369999999999997,0.90259,3e-05,30.63744,0.0,0.0
2026-09-29T20:33:18Z,2026-10-16,17,76000.0,P,0.0034,0.0038,0.0037,83756.96,83565.79,0.36369999999999997,-0.09741,3e-05,30.63744,591.4,501.2
2026-09-29T20:33:18Z,2026-10-16,17,78000.0,C,0.073,0.077,0.075,83756.96,83565.79,0.34619999999999995,0.84251,4e-05,42.852,0.0,0.0
2026-09-29T20:33:18Z,2026-10-16,17,78000.0,P,0.006,0.0065,0.0063,83756.96,83565.79,0.34619999999999995,-0.15749,4e-05,42.852,548.9,7.0
2026-09-29T20:33:18Z,2026-10-16,17,79000.0,C,0.0635,0.067,0.0651,83756.96,83565.79,0.34020000000000006,0.80099,5e-05,49.67095,8.6,0.0
2026-09-29T20:33:18Z,2026-10-16,17,79000.0,P,0.008,0.0085,0.0083,83765.66,83565.79,0.34020000000000006,-0.19861,5e-05,49.61576,158.6,219.1
2026-09-29T20:33:18Z,2026-10-16,17,80000.0,C,0.0545,0.057,0.0559,83756.96,83565.79,0.3372,0.75063,5e-05,56.47335,9.5,0.0
2026-09-29T20:33:18Z,2026-10-16,17,80000.0,P,0.0105,0.0115,0.011,83756.96,83565.79,0.3372,-0.24937,5e-05,56.47335,81.2,3.7
2026-09-29T20:33:18Z,2026-10-16,17,81000.0,C,0.0465,0.0485,0.0474,83756.96,83565.79,0.3345,0.69373,6e-05,62.44788,0.6,0.0
2026-09-29T20:33:18Z,2026-10-16,17,81000.0,P,0.014,0.015,0.0145,83756.96,83565.79,0.3345,-0.30627,6e-05,62.44788,4.4,0.5
2026-09-29T20:33:18Z,2026-10-16,17,82000.0,C,0.039,0.0405,0.0396,83765.66,83565.79,0.332,0.63206,6e-05,67.07394,17.9,3.6
2026-09-29T20:33:18Z,2026-10-16,17,82000.0,P,0.018,0.019,0.0186,83765.66,83565.79,0.332,-0.36794,6e-05,67.07394,57.9,0.0
2026-09-29T20:33:18Z,2026-10-16,17,83000.0,C,0.032,0.0335,0.0327,83765.66,83565.79,0.33149999999999996,0.56576,7e-05,70.03356,27.3,13.6
2026-09-29T20:33:18Z,2026-10-16,17,83000.0,P,0.023,0.024,0.0237,83756.96,83565.79,0.33149999999999996,-0.43482,7e-05,70.04331,412.9,0.1
2026-09-29T20:33:18Z,2026-10-16,17,84000.0,C,0.026,0.0275,0.0267,83756.96,83565.79,0.3312,0.49761,7e-05,70.99173,15.5,7.2
2026-09-29T20:33:18Z,2026-10-16,17,84000.0,P,0.029,0.03,0.0296,83756.96,83565.79,0.3312,-0.50239,7e-05,70.99173,77.8,0.0
2026-09-29T20:33:18Z,2026-10-16,17,85000.0,C,0.021,0.022,0.0215,83765.66,83565.79,0.3311,0.43141,7e-05,69.94834,80.3,0.9
2026-09-29T20:33:18Z,2026-10-16,17,85000.0,P,0.0355,0.037,0.0363,83765.66,83565.79,0.3311,-0.56859,7e-05,69.94834,1.8,0.0
2026-09-29T20:33:18Z,2026-10-16,17,86000.0,C,0.0165,0.0175,0.0171,83756.96,83565.79,0.3317,0.36703,6e-05,67.01227,119.7,10.6
2026-09-29T20:33:18Z,2026-10-16,17,86000.0,P,0.043,0.0445,0.0439,83756.96,83565.79,0.3317,-0.63297,6e-05,67.01227,0.0,0.0
2026-09-29T20:33:18Z,2026-10-16,17,87000.0,C,0.013,0.014,0.0135,83756.96,83565.79,0.33299999999999996,0.30799,6e-05,62.60234,176.7,43.5
2026-09-29T20:33:18Z,2026-10-16,17,87000.0,P,0.051,0.0535,0.0522,83756.96,83565.79,0.33299999999999996,-0.69201,6e-05,62.60234,16.7,0.0
2026-09-29T20:33:18Z,2026-10-16,17,88000.0,C,0.01,0.011,0.0105,83770.68,83565.79,0.3346,0.25552,5e-05,57.21219,63.1,3.8
2026-09-29T20:33:18Z,2026-10-16,17,88000.0,P,0.0595,0.063,0.0612,83770.68,83565.79,0.3346,-0.74448,5e-05,57.21219,0.0,0.0
2026-09-29T20:33:18Z,2026-10-16,17,89000.0,C,0.008,0.0085,0.0083,83770.68,83565.79,0.3395,0.2109,5e-05,51.42399,366.3,11.7
2026-09-29T20:33:18Z,2026-10-16,17,89000.0,P,0.0685,0.073,0.0709,83765.95,83565.79,0.3395,-0.78932,5e-05,51.38875,6.6,0.0
2026-09-29T20:33:18Z,2026-10-16,17,90000.0,C,0.006,0.007,0.0065,83770.68,83565.79,0.3431,0.17169,4e-05,45.32495,285.1,210.7
2026-09-29T20:33:18Z,2026-10-16,17,90000.0,P,0.079,0.083,0.081,83770.68,83565.79,0.3431,-0.82831,4e-05,45.32495,0.0,0.0
2026-09-29T20:33:18Z,2026-10-16,17,92000.0,C,0.0037,0.0041,0.0039,83770.68,83565.79,0.3506,0.11107,3e-05,33.7004,25.8,2.0
2026-09-29T20:33:18Z,2026-10-16,17,92000.0,P,0.1,0.1045,0.1023,83765.95,83565.79,0.3506,-0.88907,3e-05,33.66731,0.1,0.0
2026-09-29T20:33:18Z,2026-10-16,17,94000.0,C,0.0022,0.0025,0.0023,83765.95,83565.79,0.35969999999999996,0.07078,2e-05,24.0996,0.4,0.1
2026-09-29T20:33:18Z,2026-10-16,17,94000.0,P,0.122,0.127,0.1246,83765.95,83565.79,0.35969999999999996,-0.92922,2e-05,24.0996,0.0,0.0
2026-09-29T20:33:18Z,2026-10-16,17,95000.0,C,0.0017,0.0019,0.0018,83765.95,83565.79,0.365,0.05661,2e-05,20.25265,104.1,0.1
2026-09-29T20:33:18Z,2026-10-16,17,95000.0,P,0.1335,0.1385,0.1361,83770.68,83565.79,0.365,-0.94331,2e-05,20.27716,0.0,0.0
2026-09-29T20:33:18Z,2026-10-16,17,100000.0,C,0.0005,0.0007,0.0006,83765.95,83565.79,0.3967,0.01973,1e-05,8.51803,14.8,0.4
2026-09-29T20:33:18Z,2026-10-16,17,100000.0,P,0.192,0.197,0.1945,83770.68,83565.79,0.3967,-0.98024,1e-05,8.53026,1.0,0.0
2026-09-29T20:33:18Z,2026-10-30,31,40000.0,C,0.523,0.5245,0.5235,83941.52,83565.79,0.8554999999999999,0.9991,0.0,0.74003,0.3,0.0
2026-09-29T20:33:18Z,2026-10-30,31,40000.0,P,0.0,0.0001,0.0001,83941.52,83565.79,0.8554999999999999,-0.0009,0.0,0.74003,211.3,0.0
2026-09-29T20:33:18Z,2026-10-30,31,45000.0,C,0.4625,0.4655,0.464,83941.52,83565.79,0.7812,0.99798,0.0,1.55255,0.9,0.0
2026-09-29T20:33:18Z,2026-10-30,31,45000.0,P,0.0001,0.0002,0.0001,83941.52,83565.79,0.7812,-0.00202,0.0,1.55255,290.7,0.0
2026-09-29T20:33:18Z,2026-10-30,31,48000.0,C,0.427,0.43,0.4283,83943.19,83565.79,0.7138,0.99755,0.0,1.85084,8.5,0.0
2026-09-29T20:33:18Z,2026-10-30,31,48000.0,P,0.0001,0.0002,0.0002,83943.19,83565.79,0.7138,-0.00245,0.0,1.85084,201.0,1.8
2026-09-29T20:33:18Z,2026-10-30,31,50000.0,C,0.403,0.406,0.4046,83943.19,83565.79,0.6989,0.99617,0.0,2.76647,1.1,0.0
2026-09-29T20:33:18Z,2026-10-30,31,50000.0,P,0.0002,0.0003,0.0003,83943.19,83565.79,0.6989,-0.00383,0.0,2.76647,430.7,7.5
2026-09-29T20:33:18Z,2026-10-30,31,52000.0,C,0.3795,0.3825,0.3808,83943.19,83565.79,0.6655,0.99515,0.0,3.41329,0.1,0.0
2026-09-29T20:33:18Z,2026-10-30,31,52000.0,P,0.0002,0.0004,0.0003,83943.19,83565.79,0.6655,-0.00485,0.0,3.41329,125.5,0.0
2026-09-29T20:33:18Z,2026-10-30,31,54000.0,C,0.3555,0.3585,0.3571,83943.19,83565.79,0.6351,0.99371,0.0,4.2982,0.1,0.0
2026-09-29T20:33:18Z,2026-10-30,31,54000.0,P,0.0003,0.0005,0.0004,83943.19,83565.79,0.6351,-0.00629,0.0,4.2982,178.1,10.0
2026-09-29T20:33:18Z,2026-10-30,31,55000.0,C,0.3435,0.347,0.3452,83943.19,83565.79,0.625,0.99248,0.0,5.03574,0.1,0.0
2026-09-29T20:33:18Z,2026-10-30,31,55000.0,P,0.0004,0.0006,0.0005,83943.19,83565.79,0.625,-0.00752,0.0,5.03574,325.3,1.2
2026-09-29T20:33:18Z,2026-10-30,31,56000.0,C,0.332,0.335,0.3334,83943.19,83565.79,0.6119,0.99129,0.0,5.72813,0.5,0.0
2026-09-29T20:33:18Z,2026-10-30,31,56000.0,P,0.0005,0.0006,0.0005,83943.19,83565.79,0.6119,-0.00871,0.0,5.72813,467.3,2.0
2026-09-29T20:33:18Z,2026-10-30,31,57000.0,C,0.32,0.323,0.3215,83943.19,83565.79,0.5941,0.99038,0.0,6.25171,0.1,0.0
2026-09-29T20:33:18Z,2026-10-30,31,57000.0,P,0.0005,0.0007,0.0006,83943.19,83565.79,0.5941,-0.00962,0.0,6.25171,206.6,1.0
2026-09-29T20:33:18Z,2026-10-30,31,58000.0,C,0.308,0.3115,0.3097,83943.19,83565.79,0.5813,0.98884,0.0,7.11333,0.0,0.0
2026-09-29T20:33:18Z,2026-10-30,31,58000.0,P,0.0006,0.0008,0.0007,83943.19,83565.79,0.5813,-0.01116,0.0,7.11333,330.7,4.7
2026-09-29T20:33:18Z,2026-10-30,31,59000.0,C,0.296,0.2995,0.2979,83943.19,83565.79,0.5685,0.98708,0.0,8.07789,1.0,0.0
2026-09-29T20:33:18Z,2026-10-30,31,59000.0,P,0.0007,0.0009,0.0008,83943.19,83565.79,0.5685,-0.01292,0.0,8.07789,303.6,0.0
2026-09-29T20:33:18Z,2026-10-30,31,60000.0,C,0.2845,0.288,0.2861,83943.19,83565.79,0.5555,0.98508,0.0,9.14436,13.7,0.0
2026-09-29T20:33:18Z,2026-10-30,31,60000.0,P,0.0008,0.001,0.0009,83943.19,83565.79,0.5555,-0.01492,0.0,9.14436,1287.9,0.1
2026-09-29T20:33:18Z,2026-10-30,31,61000.0,C,0.2725,0.276,0.2743,83943.75,83565.79,0.5401,0.98316,0.0,10.14272,7.7,0.0
2026-09-29T20:33:18Z,2026-10-30,31,61000.0,P,0.0009,0.0011,0.001,83943.75,83565.79,0.5401,-0.01684,0.0,10.14272,274.2,0.0
2026-09-29T20:33:18Z,2026-10-30,31,62000.0,C,0.2605,0.2645,0.2625,83943.75,83565.79,0.5238,0.98113,0.0,11.17602,13.5,0.0
2026-09-29T20:33:18Z,2026-10-30,31,62000.0,P,0.001,0.0012,0.0011,83943.75,83565.79,0.5238,-0.01887,0.0,11.17602,1262.9,20.5
2026-09-29T20:33:18Z,2026-10-30,31,63000.0,C,0.249,0.2525,0.2507,83943.25,83565.79,0.5093,0.97851,0.0,12.47989,148.3,0.0
2026-09-29T20:33:18Z,2026-10-30,31,63000.0,P,0.0011,0.0013,0.0012,83943.75,83565.79,0.5093,-0.02149,0.0,12.47894,650.5,0.0
2026-09-29T20:33:18Z,2026-10-30,31,64000.0,C,0.237,0.241,0.239,83943.25,83565.79,0.49439999999999995,0.9756,0.0,13.89031,422.1,2.0
2026-09-29T20:33:18Z,2026-10-30,31,64000.0,P,0.0013,0.0015,0.0014,83943.75,83565.79,0.49439999999999995,-0.0244,0.0,13.88925,559.2,37.0
2026-09-29T20:33:18Z,2026-10-30,31,65000.0,C,0.2255,0.229,0.2273,83943.75,83565.79,0.4819,0.97169,1e-05,15.73036,430.4,0.0
2026-09-29T20:33:18Z,2026-10-30,31,65000.0,P,0.0015,0.0017,0.0016,83943.75,83565.79,0.4819,-0.02831,1e-05,15.73036,644.0,49.2
2026-09-29T20:33:18Z,2026-10-30,31,66000.0,C,0.2135,0.2175,0.2155,83943.75,83565.79,0.465,0.96834,1e-05,17.25471,76.9,5.0
2026-09-29T20:33:18Z,2026-10-30,31,66000.0,P,0.0016,0.0019,0.0017,83943.75,83565.79,0.465,-0.03166,1e-05,17.25471,508.1,2.0
2026-09-29T20:33:18Z,2026-10-30,31,67000.0,C,0.202,0.2055,0.2038,83943.75,83565.79,0.4522,0.96335,1e-05,19.46492,108.4,0.0
2026-09-29T20:33:18Z,2026-10-30,31,67000.0,P,0.0018,0.0021,0.002,83943.75,83565.79,0.4522,-0.03665,1e-05,19.46492,686.8,3.0
2026-09-29T20:33:18Z,2026-10-30,31,68000.0,C,0.19,0.194,0.1922,83943.75,83565.79,0.4372,0.95822,1e-05,21.65517,514.8,0.0
2026-09-29T20:33:18Z,2026-10-30,31,68000.0,P,0.0021,0.0024,0.0022,83943.75,83565.79,0.4372,-0.04178,1e-05,21.65517,1335.3,42.0
2026-09-29T20:33:18Z,2026-10-30,31,69000.0,C,0.1785,0.1825,0.1806,83943.75,83565.79,0.42369999999999997,0.95179,1e-05,24.29976,640.5,0.3
2026-09-29T20:33:18Z,2026-10-30,31,69000.0,P,0.0024,0.0027,0.0026,83943.75,83565.79,0.42369999999999997,-0.04821,1e-05,24.29976,1601.6,77.2
2026-09-29T20:33:18Z,2026-10-30,31,70000.0,C,0.167,0.171,0.1691,83943.75,83565.79,0.4127,0.94329,1e-05,27.64119,5511.2,1150.0
2026-09-29T20:33:18Z,2026-10-30,31,70000.0,P,0.0029,0.0031,0.003,83943.25,83565.79,0.4127,-0.05671,1e-05,27.64321,2083.6,76.4
2026-09-29T20:33:18Z,2026-10-30,31,71000.0,C,0.156,0.1595,0.1577,83943.75,83565.79,0.4004,0.93389,1e-05,31.16359,956.1,0.0
2026-09-29T20:33:18Z,2026-10-30,31,71000.0,P,0.0033,0.0037,0.0035,83943.75,83565.79,0.4004,-0.06611,1e-05,31.16359,807.6,5.1
2026-09-29T20:33:18Z,2026-10-30,31,72000.0,C,0.1445,0.1485,0.1464,83943.75,83565.79,0.3897,0.92209,2e-05,35.34573,993.2,0.0
2026-09-29T20:33:18Z,2026-10-30,31,72000.0,P,0.004,0.0043,0.0041,83943.75,83565.79,0.3897,-0.07791,2e-05,35.34573,1195.4,240.0
2026-09-29T20:33:18Z,2026-10-30,31,73000.0,C,0.1335,0.1375,0.1355,83943.75,83565.79,0.3834,0.90593,2e-05,40.69986,613.3,0.0
2026-09-29T20:33:18Z,2026-10-30,31,73000.0,P,0.0048,0.0055,0.0051,83944.73,83565.79,0.3834,-0.09405,2e-05,40.69496,1139.9,331.2
2026-09-29T20:33:18Z,2026-10-30,31,74000.0,C,0.1225,0.1265,0.1244,83944.73,83565.79,0.3721,0.88998,2e-05,45.61641,723.9,2.0
2026-09-29T20:33:18Z,2026-10-30,31,74000.0,P,0.0055,0.0065,0.006,83944.73,83565.79,0.3721,-0.11002,2e-05,45.61641,1035.2,82.0
2026-09-29T20:33:18Z,2026-10-30,31,75000.0,C,0.112,0.1155,0.1138,83944.73,83565.79,0.3644,0.86919,2e-05,51.53401,1167.5,2.6
2026-09-29T20:33:18Z,2026-10-30,31,75000.0,P,0.007,0.0075,0.0072,83944.73,83565.79,0.3644,-0.13081,2e-05,51.53401,1199.3,401.3
2026-09-29T20:33:18Z,2026-10-30,31,76000.0,C,0.102,0.105,0.1034,83944.73,83565.79,0.35719999999999996,0.84493,3e-05,57.81874,558.6,0.0
2026-09-29T20:33:18Z,2026-10-30,31,76000.0,P,0.0085,0.009,0.0088,83943.84,83565.79,0.35719999999999996,-0.1551,3e-05,57.82416,874.4,171.1
2026-09-29T20:33:18Z,2026-10-30,31,77000.0,C,0.092,0.0955,0.0935,83944.73,83565.79,0.3525,0.81557,3e-05,64.62317,218.5,0.1
2026-09-29T20:33:18Z,2026-10-30,31,77000.0,P,0.0105,0.011,0.0108,83944.73,83565.79,0.3525,-0.18443,3e-05,64.62317,532.9,152.9
2026-09-29T20:33:18Z,2026-10-30,31,78000.0,C,0.0825,0.0855,0.084,83944.73,83565.79,0.3489,0.78202,3e-05,71.44255,507.4,1.8
2026-09-29T20:33:18Z,2026-10-30,31,78000.0,P,0.013,0.0135,0.0132,83944.73,83565.79,0.3489,-0.21798,3e-05,71.44255,1260.5,262.9
2026-09-29T20:33:18Z,2026-10-30,31,79000.0,C,0.0735,0.0765,0.075,83943.84,83565.79,0.3452,0.74487,4e-05,77.91014,289.1,0.0
2026-09-29T20:33:18Z,2026-10-30,31,79000.0,P,0.0155,0.0165,0.0161,83944.73,83565.79,0.3452,-0.2551,4e-05,77.90552,686.4,112.2
2026-09-29T20:33:18Z,2026-10-30,31,80000.0,C,0.0665,0.068,0.0665,83944.73,83565.79,0.3428,0.70382,4e-05,83.84703,1399.4,2.2
2026-09-29T20:33:18Z,2026-10-30,31,80000.0,P,0.019,0.02,0.0195,83944.73,83565.79,0.3428,-0.29618,4e-05,83.84703,1483.9,49.0
2026-09-29T20:33:18Z,2026-10-30,31,81000.0,C,0.058,0.0595,0.0587,83944.73,83565.79,0.34149999999999997,0.65954,4e-05,88.92447,695.4,0.0
2026-09-29T20:33:18Z,2026-10-30,31,81000.0,P,0.0235,0.024,0.0236,83944.73,83565.79,0.34149999999999997,-0.34046,4e-05,88.92447,361.7,19.7
2026-09-29T20:33:18Z,2026-10-30,31,82000.0,C,0.051,0.0525,0.0516,83944.73,83565.79,0.3421,0.61277,5e-05,92.8775,1329.7,2.0
2026-09-29T20:33:18Z,2026-10-30,31,82000.0,P,0.028,0.029,0.0285,83944.73,83565.79,0.3421,-0.38723,5e-05,92.8775,291.4,163.8
2026-09-29T20:33:18Z,2026-10-30,31,83000.0,C,0.0445,0.0455,0.045,83944.73,83565.79,0.34119999999999995,0.56517,5e-05,95.47542,703.1,0.1
2026-09-29T20:33:18Z,2026-10-30,31,83000.0,P,0.0335,0.034,0.0337,83944.99,83565.79,0.34119999999999995,-0.43482,5e-05,95.47523,649.4,64.7
2026-09-29T20:33:18Z,2026-10-30,31,84000.0,C,0.0385,0.0395,0.039,83944.99,83565.79,0.341,0.517,5e-05,96.682,1278.2,10.2
2026-09-29T20:33:18Z,2026-10-30,31,84000.0,P,0.039,0.04,0.0396,83944.73,83565.79,0.341,-0.48301,5e-05,96.68183,613.6,39.3
2026-09-29T20:33:18Z,2026-10-30,31,85000.0,C,0.033,0.034,0.0336,83944.99,83565.79,0.3414,0.4692,5e-05,96.48142,2350.4,305.2
2026-09-29T20:33:18Z,2026-10-30,31,85000.0,P,0.0455,0.047,0.0462,83944.99,83565.79,0.3414,-0.5308,5e-05,96.48142,627.7,50.4
2026-09-29T20:33:18Z,2026-10-30,31,86000.0,C,0.0285,0.029,0.0289,83944.99,83565.79,0.3423,0.42267,5e-05,94.94602,1146.4,110.1
2026-09-29T20:33:18Z,2026-10-30,31,86000.0,P,0.053,0.054,0.0534,83944.99,83565.79,0.3423,-0.57733,5e-05,94.94602,175.2,0.0
2026-09-29T20:33:18Z,2026-10-30,31,87000.0,C,0.024,0.025,0.0245,83944.99,83565.79,0.3418,0.37731,5e-05,92.15693,953.5,31.9
2026-09-29T20:33:18Z,2026-10-30,31,87000.0,P,0.06,0.062,0.0609,83944.73,83565.79,0.3418,-0.6227,5e-05,92.15574,397.1,1.0
2026-09-29T20:33:18Z,2026-10-30,31,88000.0,C,0.0205,0.021,0.0209,83944.99,83565.79,0.34380000000000005,0.33537,4e-05,88.40869,1415.2,102.0
2026-09-29T20:33:18Z,2026-10-30,31,88000.0,P,0.068,0.0705,0.0692,83944.99,83565.79,0.34380000000000005,-0.66463,4e-05,88.40869,2383.0,0.0
2026-09-29T20:33:18Z,2026-10-30,31,89000.0,C,0.017,0.018,0.0175,83944.99,83565.79,0.3435,0.29476,4e-05,83.66196,658.4,14.1
2026-09-29T20:33:18Z,2026-10-30,31,89000.0,P,0.076,0.0795,0.0778,83944.99,83565.79,0.3435,-0.70524,4e-05,83.66196,11.3,0.1
2026-09-29T20:33:18Z,2026-10-30,31,90000.0,C,0.0145,0.015,0.0149,83944.99,83565.79,0.3468,0.25948,4e-05,78.59876,20423.3,604.4
2026-09-29T20:33:18Z,2026-10-30,31,90000.0,P,0.085,0.089,0.0871,83944.99,83565.79,0.3468,-0.74052,4e-05,78.59876,17.9,0.0
2026-09-29T20:33:18Z,2026-10-30,31,91000.0,C,0.012,0.013,0.0125,83944.99,83565.79,0.3478,0.22583,4e-05,72.89985,1478.1,75.2
2026-09-29T20:33:18Z,2026-10-30,31,91000.0,P,0.0945,0.0985,0.0966,83944.99,83565.79,0.3478,-0.77417,4e-05,72.89985,3.5,0.0
2026-09-29T20:33:18Z,2026-10-30,31,92000.0,C,0.01,0.011,0.0105,83944.99,83565.79,0.34990000000000004,0.19611,3e-05,67.10802,1703.4,25.9
2026-09-29T20:33:18Z,2026-10-30,31,92000.0,P,0.104,0.1085,0.1065,83944.99,83565.79,0.34990000000000004,-0.80389,3e-05,67.10802,2.6,0.0
2026-09-29T20:33:18Z,2026-10-30,31,93000.0,C,0.0085,0.009,0.0089,83944.99,83565.79,0.354,0.171,3e-05,61.61328,535.8,0.2
2026-09-29T20:33:18Z,2026-10-30,31,93000.0,P,0.1145,0.119,0.1168,83944.99,83565.79,0.354,-0.829,3e-05,61.61328,2.0,0.0
2026-09-29T20:33:18Z,2026-10-30,31,94000.0,C,0.007,0.008,0.0075,83944.99,83565.79,0.3565,0.14759,3e-05,55.94853,1017.7,1.2
2026-09-29T20:33:18Z,2026-10-30,31,94000.0,P,0.125,0.1295,0.1273,83944.99,83565.79,0.3565,-0.85241,3e-05,55.94853,0.1,0.0
2026-09-29T20:33:18Z,2026-10-30,31,95000.0,C,0.006,0.0065,0.0063,83944.78,83565.79,0.3586,0.12669,2e-05,50.40339,23350.9,2.0
2026-09-29T20:33:18Z,2026-10-30,31,95000.0,P,0.1355,0.1405,0.1379,83944.78,83565.79,0.3586,-0.87331,2e-05,50.40339,201.2,0.0
2026-09-29T20:33:18Z,2026-10-30,31,96000.0,C,0.005,0.0055,0.0053,83944.78,83565.79,0.3616,0.109,2e-05,45.31159,405.8,6.1
2026-09-29T20:33:18Z,2026-10-30,31,96000.0,P,0.1465,0.1515,0.1489,83944.78,83565.79,0.3616,-0.891,2e-05,45.31159,0.1,0.0
2026-09-29T20:33:18Z,2026-10-30,31,98000.0,C,0.0037,0.004,0.0039,83944.78,83565.79,0.3713,0.08237,2e-05,36.8639,407.5,9.3
2026-09-29T20:33:18Z,2026-10-30,31,98000.0,P,0.1685,0.174,0.1713,83944.78,83565.79,0.3713,-0.91763,2e-05,36.8639,27.0,0.0
2026-09-29T20:33:18Z,2026-10-30,31,100000.0,C,0.0027,0.003,0.0028,83944.78,83565.79,0.38079999999999997,0.06231,1e-05,29.76074,12956.7,6.6
2026-09-29T20:33:18Z,2026-10-30,31,100000.0,P,0.191,0.1965,0.1941,83944.78,83565.79,0.38079999999999997,-0.93769,1e-05,29.76074,1.3,0.0
2026-09-29T20:33:18Z,2026-10-30,31,102000.0,C,0.002,0.0023,0.0021,83944.78,83565.79,0.3911,0.04774,1e-05,24.10884,341.7,5.2
2026-09-29T20:33:18Z,2026-10-30,31,102000.0,P,0.214,0.22,0.2172,83944.98,83565.79,0.3911,-0.95226,1e-05,24.10974,0.0,0.0
2026-09-29T20:33:18Z,2026-10-30,31,104000.0,C,0.0015,0.0018,0.0016,83944.78,83565.79,0.402,0.03702,1e-05,19.62319,176.0,15.0
2026-09-29T20:33:18Z,2026-10-30,31,104000.0,P,0.2375,0.2435,0.2406,83944.78,83565.79,0.402,-0.96298,1e-05,19.62319,0.0,0.0
2026-09-29T20:33:18Z,2026-10-30,31,105000.0,C,0.0013,0.0016,0.0014,83944.78,83565.79,0.4072,0.03266,1e-05,17.70693,1194.4,0.7
2026-09-29T20:33:18Z,2026-10-30,31,105000.0,P,0.249,0.255,0.2523,83944.78,83565.79,0.4072,-0.96734,1e-05,17.70693,0.9,0.0
2026-09-29T20:33:18Z,2026-10-30,31,106000.0,C,0.0012,0.0014,0.0013,83944.98,83565.79,0.4139,0.02934,1e-05,16.20277,45.8,9.5
2026-09-29T20:33:18Z,2026-10-30,31,106000.0,P,0.261,0.267,0.264,83944.98,83565.79,0.4139,-0.97066,1e-05,16.20277,0.0,0.0
2026-09-29T20:33:18Z,2026-10-30,31,110000.0,C,0.0008,0.0009,0.0009,83944.78,83565.79,0.4388,0.01929,0.0,11.3871,1197.8,5.1
2026-09-29T20:33:18Z,2026-10-30,31,110000.0,P,0.308,0.314,0.3112,83944.78,83565.79,0.4388,-0.98071,0.0,11.3871,0.2,0.0
2026-09-29T20:33:18Z,2026-10-30,31,115000.0,C,0.0004,0.0006,0.0005,83944.78,83565.79,0.4642,0.01132,0.0,7.20179,97.2,30.1
2026-09-29T20:33:18Z,2026-10-30,31,115000.0,P,0.367,0.3735,0.3704,83944.78,83565.79,0.4642,-0.98868,0.0,7.20179,34.6,0.0
2026-09-29T20:33:18Z,2026-11-27,59,58000.0,C,0.3125,0.3165,0.3143,84302.72,83565.79,0.5129,0.97284,0.0,21.13773,1.7,0.4
2026-09-29T20:33:18Z,2026-11-27,59,58000.0,P,0.0021,0.0025,0.0023,84302.72,83565.79,0.5129,-0.02716,0.0,21.13773,268.6,5.0
2026-09-29T20:33:18Z,2026-11-27,59,60000.0,C,0.289,0.293,0.291,84302.92,83565.79,0.489,0.96678,0.0,24.97923,0.8,0.2
2026-09-29T20:33:18Z,2026-11-27,59,60000.0,P,0.0025,0.003,0.0027,84302.72,83565.79,0.489,-0.03322,0.0,24.97973,231.2,1.5
2026-09-29T20:33:18Z,2026-11-27,59,62000.0,C,0.266,0.27,0.2679,84302.92,83565.79,0.46840000000000004,0.95843,1e-05,29.99892,0.1,0.0
2026-09-29T20:33:18Z,2026-11-27,59,62000.0,P,0.0032,0.0036,0.0034,84302.92,83565.79,0.46840000000000004,-0.04157,1e-05,29.99892,346.7,2.0
2026-09-29T20:33:18Z,2026-11-27,59,64000.0,C,0.2435,0.247,0.2451,84302.72,83565.79,0.44909999999999994,0.94768,1e-05,36.08059,0.2,0.0
2026-09-29T20:33:18Z,2026-11-27,59,64000.0,P,0.004,0.0045,0.0042,84302.92,83565.79,0.44909999999999994,-0.05232,1e-05,36.07991,41.5,0.0
2026-09-29T20:33:18Z,2026-11-27,59,66000.0,C,0.221,0.2245,0.2226,84302.92,83565.79,0.4335,0.93286,1e-05,43.87272,0.1,0.0
2026-09-29T20:33:18Z,2026-11-27,59,66000.0,P,0.005,0.006,0.0055,84302.92,83565.79,0.4335,-0.06714,1e-05,43.87272,174.8,0.5
2026-09-29T20:33:18Z,2026-11-27,59,67000.0,C,0.2095,0.2135,0.2112,84302.72,83565.79,0.4215,0.9259,1e-05,47.32884,0.6,0.0
2026-09-29T20:33:18Z,2026-11-27,59,67000.0,P,0.0055,0.0065,0.006,84302.92,83565.79,0.4215,-0.0741,1e-05,47.32799,132.0,0.2
2026-09-29T20:33:18Z,2026-11-27,59,68000.0,C,0.1985,0.2025,0.2004,84302.72,83565.79,0.4169,0.91485,1e-05,52.57686,0.0,0.0
2026-09-29T20:33:18Z,2026-11-27,59,68000.0,P,0.0065,0.0075,0.007,84302.92,83565.79,0.4169,-0.08515,1e-05,52.57596,181.7,5.0
2026-09-29T20:33:18Z,2026-11-27,59,69000.0,C,0.1875,0.1915,0.1895,84302.92,83565.79,0.4103,0.90351,1e-05,57.689,0.0,0.0
2026-09-29T20:33:18Z,2026-11-27,59,69000.0,P,0.0075,0.0085,0.008,84302.92,83565.79,0.4103,-0.09649,1e-05,57.689,117.0,0.9
2026-09-29T20:33:18Z,2026-11-27,59,70000.0,C,0.177,0.181,0.1786,84302.72,83565.79,0.402,0.89175,1e-05,62.72004,3.3,0.0
2026-09-29T20:33:18Z,2026-11-27,59,70000.0,P,0.0085,0.0095,0.009,84302.92,83565.79,0.402,-0.10824,1e-05,62.71904,232.3,10.8
2026-09-29T20:33:18Z,2026-11-27,59,71000.0,C,0.1665,0.17,0.1683,84302.92,83565.79,0.39840000000000003,0.8763,2e-05,68.95482,0.2,0.0
2026-09-29T20:33:18Z,2026-11-27,59,71000.0,P,0.01,0.011,0.0105,84302.72,83565.79,0.39840000000000003,-0.1237,2e-05,68.95589,28.5,0.0
2026-09-29T20:33:18Z,2026-11-27,59,72000.0,C,0.156,0.16,0.1579,84302.7,83565.79,0.3926,0.86047,2e-05,74.93139,25.5,0.0
2026-09-29T20:33:18Z,2026-11-27,59,72000.0,P,0.0115,0.0125,0.012,84302.7,83565.79,0.3926,-0.13953,2e-05,74.93139,86.1,3.6
2026-09-29T20:33:18Z,2026-11-27,59,73000.0,C,0.146,0.1495,0.1476,84302.72,83565.79,0.38530000000000003,0.84391,2e-05,80.77931,0.6,0.0
2026-09-29T20:33:18Z,2026-11-27,59,73000.0,P,0.013,0.014,0.0135,84302.7,83565.79,0.38530000000000003,-0.15609,2e-05,80.77941,61.0,1.1
2026-09-29T20:33:18Z,2026-11-27,59,74000.0,C,0.136,0.14,0.1378,84302.7,83565.79,0.3809,0.82414,2e-05,87.25298,0.4,0.0
2026-09-29T20:33:18Z,2026-11-27,59,74000.0,P,0.015,0.016,0.0155,84302.7,83565.79,0.3809,-0.17586,2e-05,87.25298,108.0,0.6
2026-09-29T20:33:18Z,2026-11-27,59,75000.0,C,0.1265,0.13,0.1283,84302.72,83565.79,0.3782,0.8018,2e-05,93.95362,295.5,0.2
2026-09-29T20:33:18Z,2026-11-27,59,75000.0,P,0.0175,0.0185,0.018,84302.72,83565.79,0.3782,-0.1982,2e-05,93.95362,1721.0,0.0
2026-09-29T20:33:18Z,2026-11-27,59,76000.0,C,0.1175,0.121,0.119,84302.72,83565.79,0.3739,0.77866,2e-05,100.26002,27.5,0.0
2026-09-29T20:33:18Z,2026-11-27,59,76000.0,P,0.02,0.021,0.0205,84302.72,83565.79,0.3739,-0.22134,2e-05,100.26002,78.3,3.4
2026-09-29T20:33:18Z,2026-11-27,59,77000.0,C,0.1085,0.112,0.1101,84302.72,83565.79,0.3711,0.75312,3e-05,106.51218,74.1,0.1
2026-09-29T20:33:18Z,2026-11-27,59,77000.0,P,0.023,0.024,0.0235,84302.7,83565.79,0.3711,-0.24688,3e-05,106.51227,232.0,8.3
2026-09-29T20:33:18Z,2026-11-27,59,78000.0,C,0.101,0.103,0.1018,84302.7,83565.79,0.36939999999999995,0.72556,3e-05,112.47905,255.6,0.1
2026-09-29T20:33:18Z,2026-11-27,59,78000.0,P,0.0265,0.0275,0.027,84302.72,83565.79,0.36939999999999995,-0.27444,3e-05,112.47897,190.1,4.6
2026-09-29T20:33:18Z,2026-11-27,59,79000.0,C,0.093,0.0945,0.0936,84302.7,83565.79,0.36700000000000005,0.69698,3e-05,117.85259,153.0,0.1
2026-09-29T20:33:18Z,2026-11-27,59,79000.0,P,0.0305,0.031,0.0307,84302.72,83565.79,0.36700000000000005,-0.30302,3e-05,117.85252,168.9,5.9
2026-09-29T20:33:18Z,2026-11-27,59,80000.0,C,0.0855,0.087,0.086,84302.72,83565.79,0.366,0.66671,3e-05,122.68426,1146.5,0.0
2026-09-29T20:33:18Z,2026-11-27,59,80000.0,P,0.0345,0.0355,0.035,84302.7,83565.79,0.366,-0.33329,3e-05,122.68431,204.1,25.2
2026-09-29T20:33:18Z,2026-11-27,59,81000.0,C,0.078,0.0795,0.0787,84302.7,83565.79,0.3644,0.63568,3e-05,126.75288,163.1,0.1
2026-09-29T20:33:18Z,2026-11-27,59,81000.0,P,0.039,0.04,0.0395,84302.7,83565.79,0.3644,-0.36432,3e-05,126.75288,47.2,0.0
2026-09-29T20:33:18Z,2026-11-27,59,82000.0,C,0.0715,0.073,0.0719,84302.7,83565.79,0.36329999999999996,0.60379,3e-05,130.03414,150.0,1.5
2026-09-29T20:33:18Z,2026-11-27,59,82000.0,P,0.044,0.045,0.0445,84302.7,83565.79,0.36329999999999996,-0.39621,3e-05,130.03414,115.4,1.8
2026-09-29T20:33:18Z,2026-11-27,59,83000.0,C,0.065,0.066,0.0655,84302.57,83565.79,0.36310000000000003,0.57135,3e-05,132.45668,94.3,1.5
2026-09-29T20:33:18Z,2026-11-27,59,83000.0,P,0.0495,0.0505,0.0501,84302.57,83565.79,0.36310000000000003,-0.42865,3e-05,132.45668,177.3,3.9
2026-09-29T20:33:18Z,2026-11-27,59,84000.0,C,0.059,0.06,0.0596,84302.57,83565.79,0.3628,0.53878,3e-05,133.97882,82.1,0.9
2026-09-29T20:33:18Z,2026-11-27,59,84000.0,P,0.0555,0.0565,0.056,84302.7,83565.79,0.3628,-0.46121,3e-05,133.97889,63.0,50.2
2026-09-29T20:33:18Z,2026-11-27,59,85000.0,C,0.0535,0.0545,0.054,84302.7,83565.79,0.36229999999999996,0.50626,3e-05,134.59901,835.0,14.0
2026-09-29T20:33:18Z,2026-11-27,59,85000.0,P,0.062,0.063,0.0623,84302.7,83565.79,0.36229999999999996,-0.49374,3e-05,134.59901,108.8,15.0
2026-09-29T20:33:18Z,2026-11-27,59,86000.0,C,0.0485,0.0495,0.049,84302.7,83565.79,0.36310000000000003,0.47429,3e-05,134.33592,192.0,0.0
2026-09-29T20:33:18Z,2026-11-27,59,86000.0,P,0.0685,0.0695,0.0691,84302.7,83565.79,0.36310000000000003,-0.52571,3e-05,134.33592,92.1,3.2
2026-09-29T20:33:18Z,2026-11-27,59,87000.0,C,0.0435,0.0445,0.0442,84302.7,83565.79,0.3628,0.44266,3e-05,133.22249,201.7,20.0
2026-09-29T20:33:18Z,2026-11-27,59,87000.0,P,0.0755,0.077,0.0762,84302.57,83565.79,0.3628,-0.55735,3e-05,133.22208,24.3,19.5
2026-09-29T20:33:18Z,2026-11-27,59,88000.0,C,0.0395,0.04,0.04,84302.7,83565.79,0.3639,0.41223,3e-05,131.34443,1105.0,24.5
2026-09-29T20:33:18Z,2026-11-27,59,88000.0,P,0.083,0.0845,0.0838,84302.57,83565.79,0.3639,-0.58777,3e-05,131.34392,33.2,22.2
2026-09-29T20:33:18Z,2026-11-27,59,89000.0,C,0.0355,0.0365,0.036,84302.7,83565.79,0.3643,0.38249,3e-05,128.73253,507.0,71.1
2026-09-29T20:33:18Z,2026-11-27,59,89000.0,P,0.0905,0.0925,0.0917,84302.7,83565.79,0.3643,-0.61751,3e-05,128.73253,14.1,2.0
2026-09-29T20:33:18Z,2026-11-27,59,90000.0,C,0.0315,0.0325,0.0322,84302.7,83565.79,0.3639,0.35341,3e-05,125.42186,785.0,10.5
2026-09-29T20:33:18Z,2026-11-27,59,90000.0,P,0.098,0.1015,0.0997,84302.7,83565.79,0.3639,-0.64659,3e-05,125.42186,6.7,0.0
2026-09-29T20:33:18Z,2026-11-27,59,91000.0,C,0.0285,0.0295,0.029,84302.7,83565.79,0.3654,0.32651,3e-05,121.67595,208.0,10.0
2026-09-29T20:33:18Z,2026-11-27,59,91000.0,P,0.1065,0.11,0.1084,84302.7,83565.79,0.3654,-0.67349,3e-05,121.67595,0.0,0.0
2026-09-29T20:33:18Z,2026-11-27,59,92000.0,C,0.0255,0.0265,0.026,84302.7,83565.79,0.3663,0.30062,3e-05,117.43159,438.6,9.6
2026-09-29T20:33:18Z,2026-11-27,59,92000.0,P,0.1155,0.119,0.1173,84302.49,83565.79,0.3663,-0.69939,3e-05,117.4303,2.1,0.0
2026-09-29T20:33:18Z,2026-11-27,59,93000.0,C,0.0225,0.0235,0.0232,84302.57,83565.79,0.3666,0.27568,3e-05,112.72867,78.0,37.9
2026-09-29T20:33:18Z,2026-11-27,59,93000.0,P,0.1245,0.128,0.1263,84302.49,83565.79,0.3666,-0.72432,3e-05,112.72813,0.0,0.0
2026-09-29T20:33:18Z,2026-11-27,59,94000.0,C,0.0205,0.021,0.0209,84302.57,83565.79,0.369,0.25352,3e-05,108.02201,96.5,6.2
2026-09-29T20:33:18Z,2026-11-27,59,94000.0,P,0.1335,0.138,0.1359,84302.57,83565.79,0.369,-0.74648,3e-05,108.02201,3.0,0.0
2026-09-29T20:33:18Z,2026-11-27,59,95000.0,C,0.018,0.019,0.0185,84302.57,83565.79,0.3689,0.23107,2e-05,102.72618,623.8,0.0
2026-09-29T20:33:18Z,2026-11-27,59,95000.0,P,0.143,0.1475,0.1454,84302.49,83565.79,0.3689,-0.76893,2e-05,102.72559,0.1,0.0
2026-09-29T20:33:18Z,2026-11-27,59,96000.0,C,0.016,0.017,0.0166,84302.49,83565.79,0.3709,0.21159,2e-05,97.67983,218.2,3.4
2026-09-29T20:33:18Z,2026-11-27,59,96000.0,P,0.153,0.1575,0.1554,84302.49,83565.79,0.3709,-0.78841,2e-05,97.67983,0.0,0.0
2026-09-29T20:33:18Z,2026-11-27,59,97000.0,C,0.0145,0.0155,0.015,84302.57,83565.79,0.3737,0.19405,2e-05,92.75617,30.8,0.5
2026-09-29T20:33:18Z,2026-11-27,59,97000.0,P,0.163,0.168,0.1656,84302.49,83565.79,0.3737,-0.80595,2e-05,92.75558,0.0,0.0
2026-09-29T20:33:18Z,2026-11-27,59,98000.0,C,0.013,0.014,0.0135,84302.57,83565.79,0.3761,0.17753,2e-05,87.77602,699.7,8.1
2026-09-29T20:33:18Z,2026-11-27,59,98000.0,P,0.173,0.1785,0.176,84302.49,83565.79,0.3761,-0.82247,2e-05,87.77542,0.0,0.0
2026-09-29T20:33:18Z,2026-11-27,59,99000.0,C,0.0115,0.0125,0.012,84302.57,83565.79,0.377,0.16123,2e-05,82.51315,11.5,0.5
2026-09-29T20:33:18Z,2026-11-27,59,99000.0,P,0.1835,0.1885,0.1863,84302.57,83565.79,0.377,-0.83877,2e-05,82.51315,0.0,0.0
2026-09-29T20:33:18Z,2026-11-27,59,100000.0,C,0.0105,0.011,0.0108,84302.57,83565.79,0.3797,0.14744,2e-05,77.77575,450.5,12.2
2026-09-29T20:33:18Z,2026-11-27,59,100000.0,P,0.194,0.1995,0.197,84302.49,83565.79,0.3797,-0.85256,2e-05,77.77517,26.1,0.0
2026-09-29T20:33:18Z,2026-11-27,59,102000.0,C,0.0085,0.009,0.0087,84302.57,83565.79,0.38380000000000003,0.12225,2e-05,68.38948,367.3,11.2
2026-09-29T20:33:18Z,2026-11-27,59,102000.0,P,0.2155,0.221,0.2186,84302.57,83565.79,0.38380000000000003,-0.87775,2e-05,68.38948,2.0,0.0
2026-09-29T20:33:18Z,2026-11-27,59,104000.0,C,0.007,0.0075,0.007,84302.57,83565.79,0.38799999999999996,0.10126,1e-05,59.76055,16.5,0.0
2026-09-29T20:33:18Z,2026-11-27,59,104000.0,P,0.2375,0.243,0.2407,84302.57,83565.79,0.38799999999999996,-0.89874,1e-05,59.76055,0.0,0.0
2026-09-29T20:33:18Z,2026-11-27,59,105000.0,C,0.006,0.007,0.0065,84302.57,83565.79,0.3931,0.09395,1e-05,56.5684,20.2,0.0
2026-09-29T20:33:18Z,2026-11-27,59,105000.0,P,0.249,0.2545,0.252,84302.57,83565.79,0.3931,-0.90605,1e-05,56.5684,3.3,0.0
2026-09-29T20:33:18Z,2026-11-27,59,106000.0,C,0.0055,0.006,0.0058,84302.49,83565.79,0.39380000000000004,0.08472,1e-05,52.37754,29.4,0.0
2026-09-29T20:33:18Z,2026-11-27,59,106000.0,P,0.26,0.2655,0.2631,84302.82,83565.79,0.39380000000000004,-0.91528,1e-05,52.3795,0.0,0.0
2026-09-29T20:33:18Z,2026-11-27,59,108000.0,C,0.0045,0.005,0.0047,84302.43,83565.79,0.3996,0.07094,1e-05,45.77457,102.7,0.0
2026-09-29T20:33:18Z,2026-11-27,59,108000.0,P,0.2825,0.2885,0.2858,84302.82,83565.79,0.3996,-0.92905,1e-05,45.77673,0.0,0.0
2026-09-29T20:33:18Z,2026-11-27,59,110000.0,C,0.0037,0.0041,0.0039,84302.43,83565.79,0.4053,0.0595,1e-05,39.93354,256.8,7.3
2026-09-29T20:33:18Z,2026-11-27,59,110000.0,P,0.3055,0.3115,0.3087,84302.43,83565.79,0.4053,-0.9405,1e-05,39.93354,0.0,0.0
2026-09-29T20:33:18Z,2026-11-27,59,112000.0,C,0.003,0.0035,0.0032,84302.43,83565.79,0.41100000000000003,0.05003,1e-05,34.82004,8.1,0.0
2026-09-29T20:33:18Z,2026-11-27,59,112000.0,P,0.3285,0.3345,0.3318,84302.43,83565.79,0.41100000000000003,-0.94997,1e-05,34.82004,0.0,0.0
2026-09-29T20:33:18Z,2026-11-27,59,115000.0,C,0.0023,0.0027,0.0025,84302.43,83565.79,0.42119999999999996,0.03941,1e-05,28.72578,44.6,8.0
2026-09-29T20:33:18Z,2026-11-27,59,115000.0,P,0.363,0.3695,0.3667,84302.43,83565.79,0.42119999999999996,-0.96059,1e-05,28.72578,0.2,0.0
2026-09-29T20:33:18Z,2026-11-27,59,120000.0,C,0.0015,0.0019,0.0017,84302.43,83565.79,0.4375,0.02687,0.0,20.95064,118.7,4.2
2026-09-29T20:33:18Z,2026-11-27,59,120000.0,P,0.4215,0.428,0.4251,84302.75,83565.79,0.4375,-0.97312,0.0,20.9516,9.9,0.0
2026-09-29T20:33:18Z,2026-12-25,87,20000.0,C,0.763,0.7645,0.764,84641.69,83565.79,1.0977,0.9985,0.0,2.01349,5.1,0.2
2026-09-29T20:33:18Z,2026-12-25,87,20000.0,P,0.0002,0.0003,0.0003,84641.26,83565.79,1.0977,-0.0015,0.0,2.01354,933.0,0.3
2026-09-29T20:33:18Z,2026-12-25,87,30000.0,C,0.645,0.647,0.646,84641.69,83565.79,0.8489,0.9967,0.0,4.10294,300.8,0.1
2026-09-29T20:33:18Z,2026-12-25,87,30000.0,P,0.0004,0.0006,0.0005,84641.71,83565.79,0.8489,-0.0033,0.0,4.10322,2197.9,18.3
2026-09-29T20:33:18Z,2026-12-25,87,35000.0,C,0.586,0.588,0.5872,84641.82,83565.79,0.7707999999999999,0.99448,0.0,6.50864,87.9,0.1
2026-09-29T20:33:18Z,2026-12-25,87,35000.0,P,0.0006,0.0007,0.0007,84641.82,83565.79,0.7707999999999999,-0.00552,0.0,6.50864,2141.3,14.1
2026-09-29T20:33:18Z,2026-12-25,87,40000.0,C,0.5275,0.5295,0.5285,84641.82,83565.79,0.698,0.99125,0.0,9.76586,253.2,0.2
2026-09-29T20:33:18Z,2026-12-25,87,40000.0,P,0.001,0.0011,0.0011,84641.82,83565.79,0.698,-0.00875,0.0,9.76586,4953.6,0.1
2026-09-29T20:33:18Z,2026-12-25,87,45000.0,C,0.468,0.4715,0.4698,84641.82,83565.79,0.6198,0.98761,0.0,13.22697,94.5,0.1
2026-09-29T20:33:18Z,2026-12-25,87,45000.0,P,0.0013,0.0015,0.0014,84641.82,83565.79,0.6198,-0.01239,0.0,13.22697,2813.0,2.0
2026-09-29T20:33:18Z,2026-12-25,87,50000.0,C,0.4095,0.413,0.4114,84641.82,83565.79,0.5588000000000001,0.98084,0.0,19.23121,260.7,0.1
2026-09-29T20:33:18Z,2026-12-25,87,50000.0,P,0.0019,0.0022,0.0021,84641.82,83565.79,0.5588000000000001,-0.01916,0.0,19.23121,2212.0,0.1
2026-09-29T20:33:18Z,2026-12-25,87,52000.0,C,0.3865,0.39,0.3881,84641.82,83565.79,0.5378000000000001,0.97681,0.0,22.604,0.1,0.0
2026-09-29T20:33:18Z,2026-12-25,87,52000.0,P,0.0023,0.0026,0.0025,84641.82,83565.79,0.5378000000000001,-0.02319,0.0,22.604,434.7,0.0
2026-09-29T20:33:18Z,2026-12-25,87,54000.0,C,0.363,0.3665,0.365,84641.71,83565.79,0.5166,0.97214,0.0,26.36362,32.2,0.0
2026-09-29T20:33:18Z,2026-12-25,87,54000.0,P,0.0028,0.003,0.0029,84641.71,83565.79,0.5166,-0.02786,0.0,26.36362,1905.2,2.0
2026-09-29T20:33:18Z,2026-12-25,87,55000.0,C,0.3515,0.355,0.3534,84641.82,83565.79,0.5075,0.96916,0.0,28.68032,122.4,0.1
2026-09-29T20:33:18Z,2026-12-25,87,55000.0,P,0.0031,0.0033,0.0032,84641.82,83565.79,0.5075,-0.03084,0.0,28.68032,3189.3,5.0
2026-09-29T20:33:18Z,2026-12-25,87,56000.0,C,0.34,0.3435,0.3419,84641.82,83565.79,0.4964,0.96641,0.0,30.77621,42.2,0.0
2026-09-29T20:33:18Z,2026-12-25,87,56000.0,P,0.0033,0.0036,0.0035,84641.82,83565.79,0.4964,-0.03359,0.0,30.77621,520.5,0.0
2026-09-29T20:33:18Z,2026-12-25,87,58000.0,C,0.317,0.321,0.319,84641.82,83565.79,0.48009999999999997,0.95857,0.0,36.52596,40.3,0.0
2026-09-29T20:33:18Z,2026-12-25,87,58000.0,P,0.0041,0.0044,0.0043,84641.82,83565.79,0.48009999999999997,-0.04143,0.0,36.52596,1837.8,6.1
2026-09-29T20:33:18Z,2026-12-25,87,60000.0,C,0.2945,0.298,0.2964,84641.82,83565.79,0.4637,0.94921,1e-05,43.02417,784.1,5.1
2026-09-29T20:33:18Z,2026-12-25,87,60000.0,P,0.005,0.0055,0.0052,84641.82,83565.79,0.4637,-0.05079,1e-05,43.02417,6264.0,0.0
2026-09-29T20:33:18Z,2026-12-25,87,62000.0,C,0.272,0.276,0.274,84641.82,83565.79,0.44920000000000004,0.93736,1e-05,50.75755,247.1,0.0
2026-09-29T20:33:18Z,2026-12-25,87,62000.0,P,0.006,0.007,0.0065,84641.64,83565.79,0.44920000000000004,-0.06264,1e-05,50.75824,1549.4,0.0
2026-09-29T20:33:18Z,2026-12-25,87,64000.0,C,0.25,0.254,0.2519,84641.64,83565.79,0.4349,0.92314,1e-05,59.4163,404.9,0.0
2026-09-29T20:33:18Z,2026-12-25,87,64000.0,P,0.0075,0.0085,0.008,84641.64,83565.79,0.4349,-0.07686,1e-05,59.4163,390.0,0.1
2026-09-29T20:33:18Z,2026-12-25,87,65000.0,C,0.239,0.243,0.2408,84641.64,83565.79,0.4267,0.91545,1e-05,63.85433,916.8,0.0
2026-09-29T20:33:18Z,2026-12-25,87,65000.0,P,0.0085,0.009,0.0088,84641.82,83565.79,0.4267,-0.08455,1e-05,63.85357,891.7,202.0
2026-09-29T20:33:18Z,2026-12-25,87,66000.0,C,0.2285,0.232,0.2301,84641.64,83565.79,0.42119999999999996,0.90592,1e-05,69.13802,279.7,0.0
2026-09-29T20:33:18Z,2026-12-25,87,66000.0,P,0.0095,0.01,0.0098,84641.64,83565.79,0.42119999999999996,-0.09408,1e-05,69.13802,419.0,0.0
2026-09-29T20:33:18Z,2026-12-25,87,68000.0,C,0.207,0.211,0.2089,84641.64,83565.79,0.40979999999999994,0.8844,1e-05,80.26329,1023.2,0.4
2026-09-29T20:33:18Z,2026-12-25,87,68000.0,P,0.012,0.0125,0.0123,84641.64,83565.79,0.40979999999999994,-0.1156,1e-05,80.26329,696.2,4.7
2026-09-29T20:33:18Z,2026-12-25,87,70000.0,C,0.1865,0.1905,0.1885,84641.64,83565.79,0.4007,0.85798,1e-05,92.59591,1885.3,2.6
2026-09-29T20:33:18Z,2026-12-25,87,70000.0,P,0.015,0.016,0.0155,84641.64,83565.79,0.4007,-0.14202,1e-05,92.59591,2002.4,88.3
2026-09-29T20:33:18Z,2026-12-25,87,72000.0,C,0.167,0.1705,0.1688,84641.64,83565.79,0.39289999999999997,0.82678,2e-05,105.51113,1214.3,0.4
2026-09-29T20:33:18Z,2026-12-25,87,72000.0,P,0.019,0.02,0.0195,84641.82,83565.79,0.39289999999999997,-0.17321,2e-05,105.51025,887.7,104.2
2026-09-29T20:33:18Z,2026-12-25,87,74000.0,C,0.148,0.152,0.1501,84641.82,83565.79,0.38549999999999995,0.79097,2e-05,118.41175,137.9,0.0
2026-09-29T20:33:18Z,2026-12-25,87,74000.0,P,0.024,0.025,0.0243,84641.82,83565.79,0.38549999999999995,-0.20903,2e-05,118.41175,186.7,0.1
2026-09-29T20:33:18Z,2026-12-25,87,75000.0,C,0.139,0.143,0.1409,84641.82,83565.79,0.3815,0.77161,2e-05,124.60926,1924.7,0.0
2026-09-29T20:33:18Z,2026-12-25,87,75000.0,P,0.0265,0.0275,0.027,84641.64,83565.79,0.3815,-0.2284,2e-05,124.61005,1734.6,8.8
2026-09-29T20:33:18Z,2026-12-25,87,76000.0,C,0.1305,0.134,0.1325,84641.64,83565.79,0.3804,0.7499,2e-05,130.94743,480.6,0.0
2026-09-29T20:33:18Z,2026-12-25,87,76000.0,P,0.03,0.031,0.0304,84641.64,83565.79,0.3804,-0.2501,2e-05,130.94743,474.2,15.0
2026-09-29T20:33:18Z,2026-12-25,87,78000.0,C,0.1145,0.1175,0.116,84641.64,83565.79,0.3753,0.70496,2e-05,142.16027,1087.7,0.3
2026-09-29T20:33:18Z,2026-12-25,87,78000.0,P,0.037,0.038,0.0375,84641.82,83565.79,0.3753,-0.29504,2e-05,142.15968,1460.8,10.5
2026-09-29T20:33:18Z,2026-12-25,87,80000.0,C,0.1005,0.102,0.101,84641.64,83565.79,0.3726,0.65604,2e-05,151.62155,8727.2,13.0
2026-09-29T20:33:18Z,2026-12-25,87,80000.0,P,0.046,0.0465,0.0462,84641.88,83565.79,0.3726,-0.34395,2e-05,151.62098,1855.8,308.2
2026-09-29T20:33:18Z,2026-12-25,87,82000.0,C,0.087,0.088,0.0874,84641.64,83565.79,0.3704,0.60488,3e-05,158.64683,1321.7,3.3
2026-09-29T20:33:18Z,2026-12-25,87,82000.0,P,0.0555,0.057,0.0562,84641.64,83565.79,0.3704,-0.39512,3e-05,158.64683,800.9,15.0
2026-09-29T20:33:18Z,2026-12-25,87,84000.0,C,0.0745,0.0755,0.0751,84641.88,83565.79,0.369,0.55258,3e-05,162.9308,1254.2,2.0
2026-09-29T20:33:18Z,2026-12-25,87,84000.0,P,0.067,0.068,0.0676,84641.88,83565.79,0.369,-0.44742,3e-05,162.9308,149.3,4.0
2026-09-29T20:33:18Z,2026-12-25,87,85000.0,C,0.069,0.07,0.0695,84641.64,83565.79,0.3686,0.52637,3e-05,164.00094,3095.0,206.2
2026-09-29T20:33:18Z,2026-12-25,87,85000.0,P,0.0735,0.0745,0.0738,84641.88,83565.79,0.3686,-0.47362,3e-05,164.00124,556.8,0.0
2026-09-29T20:33:18Z,2026-12-25,87,86000.0,C,0.0635,0.065,0.0644,84641.88,83565.79,0.3689,0.50046,3e-05,164.36049,506.6,2.2
2026-09-29T20:33:18Z,2026-12-25,87,86000.0,P,0.08,0.081,0.0804,84641.88,83565.79,0.3689,-0.49954,3e-05,164.36049,77.2,0.4
2026-09-29T20:33:18Z,2026-12-25,87,88000.0,C,0.054,0.0555,0.0548,84641.88,83565.79,0.369,0.44955,3e-05,163.0445,3944.3,62.1
2026-09-29T20:33:18Z,2026-12-25,87,88000.0,P,0.094,0.095,0.0945,84641.88,83565.79,0.369,-0.55045,3e-05,163.0445,143.6,0.0
2026-09-29T20:33:18Z,2026-12-25,87,90000.0,C,0.046,0.047,0.0465,84641.88,83565.79,0.3693,0.4007,3e-05,159.24193,3792.3,116.7
2026-09-29T20:33:18Z,2026-12-25,87,90000.0,P,0.1095,0.1105,0.1098,84641.64,83565.79,0.3693,-0.59931,3e-05,159.24085,605.8,0.1
2026-09-29T20:33:18Z,2026-12-25,87,92000.0,C,0.039,0.0395,0.0394,84641.88,83565.79,0.37079999999999996,0.3551,2e-05,153.39657,783.3,12.8
2026-09-29T20:33:18Z,2026-12-25,87,92000.0,P,0.1245,0.128,0.1263,84641.88,83565.79,0.37079999999999996,-0.6449,2e-05,153.39657,24.6,5.0
2026-09-29T20:33:18Z,2026-12-25,87,94000.0,C,0.0325,0.0335,0.0331,84641.88,83565.79,0.3713,0.3121,2e-05,145.77365,605.0,55.0
2026-09-29T20:33:18Z,2026-12-25,87,94000.0,P,0.1425,0.1455,0.1437,84641.88,83565.79,0.3713,-0.6879,2e-05,145.77365,5.9,0.0
2026-09-29T20:33:18Z,2026-12-25,87,95000.0,C,0.03,0.031,0.0305,84641.88,83565.79,0.37270000000000003,0.29263,2e-05,141.62267,1544.9,30.0
2026-09-29T20:33:18Z,2026-12-25,87,95000.0,P,0.151,0.155,0.1528,84641.88,83565.79,0.37270000000000003,-0.70737,2e-05,141.62267,143.0,0.0
2026-09-29T20:33:18Z,2026-12-25,87,96000.0,C,0.0275,0.0285,0.028,84641.88,83565.79,0.3737,0.27382,2e-05,137.17792,1584.0,33.0
2026-09-29T20:33:18Z,2026-12-25,87,96000.0,P,0.16,0.164,0.1622,84641.64,83565.79,0.3737,-0.72619,2e-05,137.17624,50.8,0.0
2026-09-29T20:33:18Z,2026-12-25,87,98000.0,C,0.023,0.024,0.0235,84641.64,83565.79,0.37549999999999994,0.23871,2e-05,127.69955,454.1,0.0
2026-09-29T20:33:18Z,2026-12-25,87,98000.0,P,0.179,0.1835,0.1813,84641.88,83565.79,0.37549999999999994,-0.76129,2e-05,127.70132,2.8,0.2
2026-09-29T20:33:18Z,2026-12-25,87,100000.0,C,0.0195,0.02,0.0198,84641.88,83565.79,0.37829999999999997,0.20796,2e-05,118.05588,6018.5,39.0
2026-09-29T20:33:18Z,2026-12-25,87,100000.0,P,0.1995,0.2035,0.2013,84642.06,83565.79,0.37829999999999997,-0.79204,2e-05,118.05724,302.9,0.0
2026-09-29T20:33:18Z,2026-12-25,87,102000.0,C,0.0165,0.017,0.0167,84642.06,83565.79,0.38079999999999997,0.18043,2e-05,108.26962,496.9,6.0
2026-09-29T20:33:18Z,2026-12-25,87,102000.0,P,0.219,0.2245,0.2218,84642.06,83565.79,0.38079999999999997,-0.81957,2e-05,108.26962,7.8,0.0
2026-09-29T20:33:18Z,2026-12-25,87,104000.0,C,0.0135,0.0145,0.014,84642.06,83565.79,0.38299999999999995,0.15586,2e-05,98.53011,169.3,0.0
2026-09-29T20:33:18Z,2026-12-25,87,104000.0,P,0.2405,0.2455,0.2427,84642.06,83565.79,0.38299999999999995,-0.84414,2e-05,98.53011,0.3,0.0
2026-09-29T20:33:18Z,2026-12-25,87,105000.0,C,0.0125,0.0135,0.013,84642.06,83565.79,0.3857,0.14593,1e-05,94.30581,962.4,228.0
2026-09-29T20:33:18Z,2026-12-25,87,105000.0,P,0.251,0.256,0.2535,84642.06,83565.79,0.3857,-0.85407,1e-05,94.30581,107.5,0.0
2026-09-29T20:33:18Z,2026-12-25,87,106000.0,C,0.0115,0.0125,0.012,84641.88,83565.79,0.38770000000000004,0.13612,1e-05,89.95862,615.0,25.0
2026-09-29T20:33:18Z,2026-12-25,87,106000.0,P,0.261,0.267,0.2643,84641.88,83565.79,0.38770000000000004,-0.86388,1e-05,89.95862,0.2,0.0
2026-09-29T20:33:18Z,2026-12-25,87,108000.0,C,0.0095,0.0105,0.01,84642.06,83565.79,0.3892,0.11672,1e-05,80.81448,165.6,30.1
2026-09-29T20:33:18Z,2026-12-25,87,108000.0,P,0.283,0.289,0.286,84641.88,83565.79,0.3892,-0.88329,1e-05,80.81323,0.1,0.0
2026-09-29T20:33:18Z,2026-12-25,87,110000.0,C,0.008,0.009,0.0085,84642.06,83565.79,0.39280000000000004,0.10116,1e-05,72.91626,2962.8,4.0
2026-09-29T20:33:18Z,2026-12-25,87,110000.0,P,0.305,0.311,0.3081,84641.88,83565.79,0.39280000000000004,-0.89884,1e-05,72.91507,81.6,0.0
2026-09-29T20:33:18Z,2026-12-25,87,115000.0,C,0.0055,0.006,0.0059,84642.06,83565.79,0.4054,0.0729,1e-05,57.06942,2306.0,0.0
2026-09-29T20:33:18Z,2026-12-25,87,115000.0,P,0.361,0.3675,0.3646,84642.06,83565.79,0.4054,-0.9271,1e-05,57.06942,5.0,0.0
2026-09-29T20:33:18Z,2026-12-25,87,120000.0,C,0.004,0.0043,0.0042,84642.06,83565.79,0.4165,0.05256,1e-05,44.21216,5781.9,0.1
2026-09-29T20:33:18Z,2026-12-25,87,120000.0,P,0.4185,0.425,0.4219,84642.06,83565.79,0.4165,-0.94744,1e-05,44.21216,35.8,0.0
2026-09-29T20:33:18Z,2026-12-25,87,125000.0,C,0.0029,0.0032,0.0031,84642.06,83565.79,0.4296,0.03921,0.0,34.92984,516.6,0.0
2026-09-29T20:33:18Z,2026-12-25,87,125000.0,P,0.476,0.4835,0.4799,84642.06,83565.79,0.4296,-0.96079,0.0,34.92984,9.3,0.0
2026-09-29T20:33:18Z,2026-12-25,87,130000.0,C,0.0021,0.0026,0.0023,84641.94,83565.79,0.4435,0.03006,0.0,28.07607,1569.1,0.0
2026-09-29T20:33:18Z,2026-12-25,87,130000.0,P,0.534,0.542,0.5382,84641.94,83565.79,0.4435,-0.96994,0.0,28.07607,57.0,0.0
2026-09-29T20:33:18Z,2026-12-25,87,135000.0,C,0.0019,0.0021,0.0019,84641.94,83565.79,0.46140000000000003,0.02463,0.0,23.78282,1438.1,8.0
2026-09-29T20:33:18Z,2026-12-25,87,135000.0,P,0.5925,0.6005,0.5969,84641.94,83565.79,0.46140000000000003,-0.97537,0.0,23.78282,0.7,0.0
2026-09-29T20:33:18Z,2026-12-25,87,140000.0,C,0.0013,0.0017,0.0015,84642.06,83565.79,0.4727,0.01913,0.0,19.20653,1418.3,0.0
2026-09-29T20:33:18Z,2026-12-25,87,140000.0,P,0.6515,0.6595,0.6555,84641.94,83565.79,0.4727,-0.98087,0.0,19.20626,0.3,0.0
2026-09-29T20:33:18Z,2026-12-25,87,150000.0,C,0.0008,0.0012,0.001,84641.94,83565.79,0.49829999999999997,0.01261,0.0,13.43413,1715.5,0.0
2026-09-29T20:33:18Z,2026-12-25,87,150000.0,P,0.768,0.777,0.7732,84642.06,83565.79,0.49829999999999997,-0.98739,0.0,13.43432,4.4,0.0
2026-09-29T20:33:18Z,2026-12-25,87,160000.0,C,0.0005,0.0009,0.0007,84641.94,83565.79,0.5223,0.00872,0.0,9.73696,1280.8,0.1
2026-09-29T20:33:18Z,2026-12-25,87,160000.0,P,0.8855,0.8955,0.891,84641.94,83565.79,0.5223,-0.99128,0.0,9.73696,0.1,0.0
2026-09-29T20:33:18Z,2026-12-25,87,170000.0,C,0.0005,0.0007,0.0006,84642.06,83565.79,0.5552,0.00723,0.0,8.26077,2018.4,0.1
2026-09-29T20:33:18Z,2026-12-25,87,170000.0,P,1.0025,1.0155,1.0091,84641.94,83565.79,0.5552,-0.99277,0.0,8.26065,0.1,0.0
2026-09-29T20:33:18Z,2026-12-25,87,180000.0,C,0.0003,0.0006,0.0004,84641.94,83565.79,0.5745,0.00526,0.0,6.22809,934.4,0.1
2026-09-29T20:33:18Z,2026-12-25,87,180000.0,P,1.12,1.134,1.127,84642.06,83565.79,0.5745,-0.99474,0.0,6.22818,0.1,0.0
2026-09-29T20:33:18Z,2026-12-25,87,190000.0,C,0.0002,0.0005,0.0003,84641.94,83565.79,0.5932,0.00395,0.0,4.8275,1027.0,0.1
2026-09-29T20:33:18Z,2026-12-25,87,190000.0,P,1.2375,1.253,1.2451,84641.94,83565.79,0.5932,-0.99605,0.0,4.8275,0.0,0.0
2026-09-29T20:33:18Z,2026-12-25,87,200000.0,C,0.0002,0.0004,0.0003,84642.06,83565.79,0.612,0.0031,0.0,3.8774,961.3,0.0
2026-09-29T20:33:18Z,2026-12-25,87,200000.0,P,1.3555,1.3715,1.3632,84642.06,83565.79,0.612,-0.9969,0.0,3.8774,0.0,0.0
2026-09-29T20:33:18Z,2026-12-25,87,210000.0,C,0.0001,0.0004,0.0002,84641.94,83565.79,0.6309,0.00251,0.0,3.21131,162.4,0.0
2026-09-29T20:33:18Z,2026-12-25,87,210000.0,P,1.4725,1.4905,1.4813,84642.06,83565.79,0.6309,-0.99749,0.0,3.21136,0.0,0.0
2026-09-29T20:33:18Z,2026-12-25,87,220000.0,C,0.0001,0.0004,0.0002,84642.06,83565.79,0.659,0.00242,0.0,3.10394,252.8,0.0
2026-09-29T20:33:18Z,2026-12-25,87,220000.0,P,1.5895,1.6095,1.5994,84641.94,83565.79,0.659,-0.99758,0.0,3.1039,0.0,0.0
2026-09-29T20:33:18Z,2026-12-25,87,230000.0,C,0.0001,0.0003,0.0002,84641.94,83565.79,0.6762999999999999,0.00204,0.0,2.65872,190.6,0.0
2026-09-29T20:33:18Z,2026-12-25,87,230000.0,P,1.7075,1.7285,1.7175,84641.94,83565.79,0.6762999999999999,-0.99796,0.0,2.65872,0.0,0.0
2026-09-29T20:33:18Z,2026-12-25,87,240000.0,C,0.0001,0.0003,0.0002,84641.94,83565.79,0.7011,0.00197,0.0,2.57422,784.8,0.0
2026-09-29T20:33:18Z,2026-12-25,87,240000.0,P,1.824,1.847,1.8356,84641.87,83565.79,0.7011,-0.99803,0.0,2.5742,0.0,0.0
2026-09-29T20:33:18Z,2026-12-25,87,250000.0,C,0.0001,0.0002,0.0002,84641.87,83565.79,0.7245,0.0019,0.0,2.48942,1281.4,0.0
2026-09-29T20:33:18Z,2026-12-25,87,250000.0,P,1.9415,1.966,1.9538,84641.87,83565.79,0.7245,-0.9981,0.0,2.48942,10.0,0.0
2026-09-29T20:33:18Z,2027-03-26,178,35000.0,C,0.5925,0.5945,0.5934,85718.44,83565.79,0.6121,0.98961,0.0,16.47195,21.8,0.0
2026-09-29T20:33:18Z,2027-03-26,178,35000.0,P,0.0016,0.002,0.0017,85718.35,83565.79,0.6121,-0.01039,0.0,16.47202,604.9,1.6
2026-09-29T20:33:18Z,2027-03-26,178,40000.0,C,0.535,0.5375,0.5361,85718.35,83565.79,0.5672,0.9832,0.0,24.94188,82.1,0.0
2026-09-29T20:33:18Z,2027-03-26,178,40000.0,P,0.0026,0.003,0.0027,85718.35,83565.79,0.5672,-0.0168,0.0,24.94188,1911.9,8.5
2026-09-29T20:33:18Z,2027-03-26,178,45000.0,C,0.478,0.4805,0.4793,85718.35,83565.79,0.5276,0.97353,0.0,36.64646,4.8,0.0
2026-09-29T20:33:18Z,2027-03-26,178,45000.0,P,0.004,0.0045,0.0042,85718.35,83565.79,0.5276,-0.02647,0.0,36.64646,251.6,0.0
2026-09-29T20:33:18Z,2027-03-26,178,50000.0,C,0.4215,0.4255,0.4232,85718.35,83565.79,0.4926,0.95915,0.0,52.38957,21.6,0.0
2026-09-29T20:33:18Z,2027-03-26,178,50000.0,P,0.006,0.007,0.0065,85718.35,83565.79,0.4926,-0.04085,0.0,52.38957,2333.9,0.0
2026-09-29T20:33:18Z,2027-03-26,178,52000.0,C,0.399,0.4035,0.4008,85718.35,83565.79,0.4772,0.95239,0.0,59.28383,6.0,0.0
2026-09-29T20:33:18Z,2027-03-26,178,52000.0,P,0.007,0.008,0.0075,85718.35,83565.79,0.4772,-0.04761,0.0,59.28383,122.6,0.4
2026-09-29T20:33:18Z,2027-03-26,178,54000.0,C,0.377,0.3815,0.379,85718.44,83565.79,0.4668,0.94322,0.0,68.18145,0.1,0.0
2026-09-29T20:33:18Z,2027-03-26,178,54000.0,P,0.0085,0.0095,0.009,85718.35,83565.79,0.4668,-0.05678,0.0,68.18173,85.5,0.0
2026-09-29T20:33:18Z,2027-03-26,178,55000.0,C,0.366,0.3705,0.3678,85718.35,83565.79,0.4576,0.93944,0.0,71.72423,29.5,0.0
2026-09-29T20:33:18Z,2027-03-26,178,55000.0,P,0.009,0.01,0.0095,85718.35,83565.79,0.4576,-0.06056,0.0,71.72423,1263.3,0.1
2026-09-29T20:33:18Z,2027-03-26,178,56000.0,C,0.3555,0.3605,0.3572,85718.35,83565.79,0.4539,0.93361,0.0,77.03916,14.4,0.0
2026-09-29T20:33:18Z,2027-03-26,178,56000.0,P,0.01,0.011,0.0105,85718.35,83565.79,0.4539,-0.06639,0.0,77.03916,131.7,0.0
2026-09-29T20:33:18Z,2027-03-26,178,58000.0,C,0.334,0.3385,0.3359,85718.35,83565.79,0.44420000000000004,0.92163,1e-05,87.48709,4.3,0.0
2026-09-29T20:33:18Z,2027-03-26,178,58000.0,P,0.012,0.013,0.0125,85718.35,83565.79,0.44420000000000004,-0.07837,1e-05,87.48709,139.6,2.1
2026-09-29T20:33:18Z,2027-03-26,178,60000.0,C,0.313,0.318,0.3147,85718.35,83565.79,0.43310000000000004,0.90859,1e-05,98.18844,647.9,0.0
2026-09-29T20:33:18Z,2027-03-26,178,60000.0,P,0.014,0.015,0.0146,85718.35,83565.79,0.43310000000000004,-0.09141,1e-05,98.18844,817.2,2.1
2026-09-29T20:33:18Z,2027-03-26,178,62000.0,C,0.292,0.2975,0.2942,85718.35,83565.79,0.42560000000000003,0.89251,1e-05,110.54391,52.3,0.0
2026-09-29T20:33:18Z,2027-03-26,178,62000.0,P,0.017,0.018,0.0175,85718.35,83565.79,0.42560000000000003,-0.10749,1e-05,110.54391,263.9,0.0
2026-09-29T20:33:18Z,2027-03-26,178,64000.0,C,0.272,0.277,0.2739,85718.82,83565.79,0.4164,0.87522,1e-05,122.89004,137.9,0.0
2026-09-29T20:33:18Z,2027-03-26,178,64000.0,P,0.02,0.021,0.0205,85718.82,83565.79,0.4164,-0.12478,1e-05,122.89004,125.8,1.8
2026-09-29T20:33:18Z,2027-03-26,178,65000.0,C,0.262,0.267,0.2642,85718.82,83565.79,0.4138,0.86502,1e-05,129.76186,229.7,0.0
2026-09-29T20:33:18Z,2027-03-26,178,65000.0,P,0.022,0.023,0.0225,85718.82,83565.79,0.4138,-0.13498,1e-05,129.76186,891.9,11.0
2026-09-29T20:33:18Z,2027-03-26,178,66000.0,C,0.2525,0.2575,0.2545,85718.82,83565.79,0.4105,0.85459,1e-05,136.49573,23.9,0.0
2026-09-29T20:33:18Z,2027-03-26,178,66000.0,P,0.024,0.025,0.0245,85718.82,83565.79,0.4105,-0.14541,1e-05,136.49573,98.5,3.6
2026-09-29T20:33:18Z,2027-03-26,178,68000.0,C,0.2335,0.238,0.2356,85718.82,83565.79,0.4046,0.83195,1e-05,150.14183,190.9,0.0
2026-09-29T20:33:18Z,2027-03-26,178,68000.0,P,0.0285,0.0295,0.0289,85718.82,83565.79,0.4046,-0.16805,1e-05,150.14183,553.2,22.9
2026-09-29T20:33:18Z,2027-03-26,178,70000.0,C,0.2155,0.218,0.2173,85718.82,83565.79,0.3986,0.80726,1e-05,163.629,770.4,9.0
2026-09-29T20:33:18Z,2027-03-26,178,70000.0,P,0.0335,0.0345,0.034,85718.35,83565.79,0.3986,-0.19274,1e-05,163.63091,515.4,35.3
2026-09-29T20:33:18Z,2027-03-26,178,72000.0,C,0.198,0.2025,0.2,85718.82,83565.79,0.39409999999999995,0.77996,1e-05,177.00058,88.9,0.0
2026-09-29T20:33:18Z,2027-03-26,178,72000.0,P,0.0395,0.0405,0.0399,85718.35,83565.79,0.39409999999999995,-0.22005,1e-05,177.00233,187.9,2.6
2026-09-29T20:33:18Z,2027-03-26,178,74000.0,C,0.1815,0.1855,0.1833,85718.82,83565.79,0.3895,0.7508,1e-05,189.6186,66.8,0.0
2026-09-29T20:33:18Z,2027-03-26,178,74000.0,P,0.046,0.047,0.0466,85718.82,83565.79,0.3895,-0.2492,1e-05,189.6186,213.0,25.0
2026-09-29T20:33:18Z,2027-03-26,178,75000.0,C,0.1735,0.177,0.1754,85718.35,83565.79,0.38799999999999996,0.73532,1e-05,195.65799,0.0,0.0
2026-09-29T20:33:18Z,2027-03-26,178,75000.0,P,0.05,0.051,0.0503,85718.82,83565.79,0.38799999999999996,-0.26467,1e-05,195.65657,17.5,1.0
2026-09-29T20:33:18Z,2027-03-26,178,76000.0,C,0.166,0.1695,0.1676,85718.82,83565.79,0.3862,0.71954,1e-05,201.36682,541.7,0.0
2026-09-29T20:33:18Z,2027-03-26,178,76000.0,P,0.0535,0.055,0.0542,85718.82,83565.79,0.3862,-0.28046,1e-05,201.36682,611.5,16.1
2026-09-29T20:33:18Z,2027-03-26,178,78000.0,C,0.152,0.154,0.1528,85718.82,83565.79,0.3836,0.68669,2e-05,211.84314,647.6,0.0
2026-09-29T20:33:18Z,2027-03-26,178,78000.0,P,0.0625,0.0635,0.0628,85718.82,83565.79,0.3836,-0.31331,2e-05,211.84314,354.1,6.9
2026-09-29T20:33:18Z,2027-03-26,178,80000.0,C,0.138,0.14,0.1391,85718.82,83565.79,0.38159999999999994,0.65267,2e-05,220.77574,1098.8,0.0
2026-09-29T20:33:18Z,2027-03-26,178,80000.0,P,0.072,0.073,0.0724,85718.82,83565.79,0.38159999999999994,-0.34733,2e-05,220.77574,227.2,0.0
2026-09-29T20:33:18Z,2027-03-26,178,82000.0,C,0.1255,0.127,0.1263,85718.73,83565.79,0.3801,0.61786,2e-05,227.97342,1226.4,0.0
2026-09-29T20:33:18Z,2027-03-26,178,82000.0,P,0.0825,0.0835,0.0829,85718.73,83565.79,0.3801,-0.38214,2e-05,227.97342,60.4,2.0
2026-09-29T20:33:18Z,2027-03-26,178,84000.0,C,0.114,0.115,0.1145,85718.73,83565.79,0.3795,0.58272,2e-05,233.3125,290.5,4.4
2026-09-29T20:33:18Z,2027-03-26,178,84000.0,P,0.094,0.095,0.0945,85718.82,83565.79,0.3795,-0.41728,2e-05,233.31255,410.4,0.0
2026-09-29T20:33:18Z,2027-03-26,178,85000.0,C,0.108,0.1095,0.1089,85718.73,83565.79,0.379,0.56513,2e-05,235.27154,462.2,105.0
2026-09-29T20:33:18Z,2027-03-26,178,85000.0,P,0.1,0.101,0.1005,85718.73,83565.79,0.379,-0.43487,2e-05,235.27154,14.5,0.0
2026-09-29T20:33:18Z,2027-03-26,178,86000.0,C,0.103,0.1045,0.1036,85718.73,83565.79,0.3788,0.54763,2e-05,236.75549,365.3,11.8
2026-09-29T20:33:18Z,2027-03-26,178,86000.0,P,0.106,0.1075,0.1069,85718.73,83565.79,0.3788,-0.45237,2e-05,236.75549,28.4,0.0
2026-09-29T20:33:18Z,2027-03-26,178,88000.0,C,0.093,0.094,0.0936,85718.82,83565.79,0.3785,0.51295,2e-05,238.33132,119.0,4.2
2026-09-29T20:33:18Z,2027-03-26,178,88000.0,P,0.1195,0.121,0.1202,85718.82,83565.79,0.3785,-0.48705,2e-05,238.33132,63.9,0.0
2026-09-29T20:33:18Z,2027-03-26,178,90000.0,C,0.0835,0.085,0.0845,85718.73,83565.79,0.3785,0.47898,2e-05,238.12581,721.5,1.4
2026-09-29T20:33:18Z,2027-03-26,178,90000.0,P,0.1335,0.135,0.1344,85718.82,83565.79,0.3785,-0.52101,2e-05,238.12611,45.0,0.0
2026-09-29T20:33:18Z,2027-03-26,178,92000.0,C,0.0755,0.0765,0.0761,85718.73,83565.79,0.3787,0.44599,2e-05,236.26807,419.4,23.8
2026-09-29T20:33:18Z,2027-03-26,178,92000.0,P,0.1485,0.15,0.1494,85718.73,83565.79,0.3787,-0.55401,2e-05,236.26807,8.4,1.4
2026-09-29T20:33:18Z,2027-03-26,178,94000.0,C,0.068,0.069,0.0685,85718.73,83565.79,0.379,0.41417,2e-05,232.91706,183.3,0.0
2026-09-29T20:33:18Z,2027-03-26,178,94000.0,P,0.1645,0.166,0.1651,85718.73,83565.79,0.379,-0.58583,2e-05,232.91706,21.6,0.0
2026-09-29T20:33:18Z,2027-03-26,178,95000.0,C,0.0645,0.0655,0.065,85718.82,83565.79,0.37929999999999997,0.3988,2e-05,230.74303,438.0,0.2
2026-09-29T20:33:18Z,2027-03-26,178,95000.0,P,0.1715,0.1755,0.1733,85718.82,83565.79,0.37929999999999997,-0.6012,2e-05,230.74303,9.3,0.0
2026-09-29T20:33:18Z,2027-03-26,178,96000.0,C,0.061,0.062,0.0617,85718.73,83565.79,0.37979999999999997,0.38387,2e-05,228.28036,168.0,0.0
2026-09-29T20:33:18Z,2027-03-26,178,96000.0,P,0.18,0.184,0.1816,85718.73,83565.79,0.37979999999999997,-0.61613,2e-05,228.28036,4.4,0.0
2026-09-29T20:33:18Z,2027-03-26,178,98000.0,C,0.055,0.056,0.0555,85718.73,83565.79,0.38049999999999995,0.35494,2e-05,222.51355,213.0,0.0
2026-09-29T20:33:18Z,2027-03-26,178,98000.0,P,0.1965,0.2005,0.1987,85718.73,83565.79,0.38049999999999995,-0.64506,2e-05,222.51355,1.6,0.0
2026-09-29T20:33:18Z,2027-03-26,178,100000.0,C,0.049,0.0505,0.0499,85718.73,83565.79,0.38159999999999994,0.32778,2e-05,215.8772,1288.3,0.6
2026-09-29T20:33:18Z,2027-03-26,178,100000.0,P,0.214,0.219,0.2165,85718.73,83565.79,0.38159999999999994,-0.67222,2e-05,215.87697,12.7,0.0
2026-09-29T20:33:18Z,2027-03-26,178,102000.0,C,0.0445,0.0455,0.0449,85718.98,83565.79,0.3829,0.30227,2e-05,208.53207,113.8,0.1
2026-09-29T20:33:18Z,2027-03-26,178,102000.0,P,0.232,0.2375,0.2349,85718.98,83565.79,0.3829,-0.69773,2e-05,208.53207,0.1,0.0
2026-09-29T20:33:18Z,2027-03-26,178,104000.0,C,0.04,0.041,0.0405,85718.98,83565.79,0.3843,0.27846,1e-05,200.67067,136.9,0.0
2026-09-29T20:33:18Z,2027-03-26,178,104000.0,P,0.251,0.2565,0.2537,85718.98,83565.79,0.3843,-0.72154,1e-05,200.67067,0.1,0.0
2026-09-29T20:33:18Z,2027-03-26,178,105000.0,C,0.038,0.039,0.0384,85718.98,83565.79,0.38520000000000004,0.26729,1e-05,196.63662,245.0,0.0
2026-09-29T20:33:18Z,2027-03-26,178,105000.0,P,0.2605,0.266,0.2634,85718.98,83565.79,0.38520000000000004,-0.73271,1e-05,196.63662,2.4,0.0
2026-09-29T20:33:18Z,2027-03-26,178,106000.0,C,0.036,0.037,0.0365,85718.98,83565.79,0.386,0.2564,1e-05,192.48584,93.5,9.0
2026-09-29T20:33:18Z,2027-03-26,178,106000.0,P,0.2675,0.276,0.2731,85718.98,83565.79,0.386,-0.7436,1e-05,192.48584,0.1,0.0
2026-09-29T20:33:18Z,2027-03-26,178,108000.0,C,0.0325,0.0335,0.0329,85718.73,83565.79,0.38789999999999997,0.23604,1e-05,184.12748,98.0,0.0
2026-09-29T20:33:18Z,2027-03-26,178,108000.0,P,0.287,0.2955,0.2929,85718.98,83565.79,0.38789999999999997,-0.76396,1e-05,184.12944,0.1,0.0
2026-09-29T20:33:18Z,2027-03-26,178,110000.0,C,0.029,0.03,0.0296,85718.98,83565.79,0.3889,0.21646,1e-05,175.3335,1202.6,34.0
2026-09-29T20:33:18Z,2027-03-26,178,110000.0,P,0.307,0.316,0.3128,85718.98,83565.79,0.3889,-0.78354,1e-05,175.3335,5.1,0.0
2026-09-29T20:33:18Z,2027-03-26,178,112000.0,C,0.0265,0.0275,0.0269,85718.98,83565.79,0.39189999999999997,0.19991,1e-05,167.29321,99.2,0.0
2026-09-29T20:33:18Z,2027-03-26,178,112000.0,P,0.3275,0.3365,0.3335,85718.98,83565.79,0.39189999999999997,-0.80009,1e-05,167.29321,0.1,0.0
2026-09-29T20:33:18Z,2027-03-26,178,115000.0,C,0.0225,0.0235,0.023,85718.98,83565.79,0.39390000000000003,0.17551,1e-05,154.3611,695.7,0.0
2026-09-29T20:33:18Z,2027-03-26,178,115000.0,P,0.3585,0.368,0.3646,85718.98,83565.79,0.39390000000000003,-0.82449,1e-05,154.3611,3.0,0.0
2026-09-29T20:33:18Z,2027-03-26,178,120000.0,C,0.0175,0.0185,0.0183,85718.98,83565.79,0.4007,0.14357,1e-05,135.32527,836.8,0.4
2026-09-29T20:33:18Z,2027-03-26,178,120000.0,P,0.412,0.4215,0.4182,85718.73,83565.79,0.4007,-0.85644,1e-05,135.32338,9.9,0.0
2026-09-29T20:33:18Z,2027-03-26,178,125000.0,C,0.014,0.015,0.0145,85718.98,83565.79,0.40659999999999996,0.1173,1e-05,117.66115,424.1,0.2
2026-09-29T20:33:18Z,2027-03-26,178,125000.0,P,0.467,0.4765,0.4728,85718.98,83565.79,0.40659999999999996,-0.8827,1e-05,117.66115,0.1,0.0
2026-09-29T20:33:18Z,2027-03-26,178,130000.0,C,0.0115,0.012,0.0119,85718.98,83565.79,0.415,0.09775,1e-05,103.16521,1191.9,0.1
2026-09-29T20:33:18Z,2027-03-26,178,130000.0,P,0.522,0.5315,0.5285,85718.98,83565.79,0.415,-0.90225,1e-05,103.16521,0.5,0.0
2026-09-29T20:33:18Z,2027-03-26,178,140000.0,C,0.0075,0.0085,0.008,85718.98,83565.79,0.4288,0.06796,1e-05,78.44955,898.0,10.3
2026-09-29T20:33:18Z,2027-03-26,178,140000.0,P,0.6345,0.6445,0.6412,85718.98,83565.79,0.4288,-0.93204,1e-05,78.44955,10.9,0.0
2026-09-29T20:33:18Z,2027-03-26,178,150000.0,C,0.005,0.006,0.0055,85718.98,83565.79,0.4412,0.04797,0.0,59.63399,1864.9,1.9
2026-09-29T20:33:18Z,2027-03-26,178,150000.0,P,0.748,0.76,0.7554,85718.98,83565.79,0.4412,-0.95203,0.0,59.63399,0.6,0.0
2026-09-29T20:33:18Z,2027-03-26,178,160000.0,C,0.0039,0.0044,0.0042,85718.98,83565.79,0.45890000000000003,0.0367,0.0,48.01527,1034.3,0.0
2026-09-29T20:33:18Z,2027-03-26,178,160000.0,P,0.863,0.8755,0.8708,85718.98,83565.79,0.45890000000000003,-0.9633,0.0,48.01527,0.1,0.0
2026-09-29T20:33:18Z,2027-03-26,178,170000.0,C,0.003,0.0035,0.0033,85718.98,83565.79,0.47509999999999997,0.02864,0.0,39.13155,1006.2,6.8
2026-09-29T20:33:18Z,2027-03-26,178,170000.0,P,0.978,0.9905,0.9865,85718.98,83565.79,0.47509999999999997,-0.97136,0.0,39.13155,0.3,0.0
2026-09-29T20:33:18Z,2027-03-26,178,180000.0,C,0.0023,0.0029,0.0026,85718.98,83565.79,0.49,0.02274,0.0,32.25406,689.4,50.0
2026-09-29T20:33:18Z,2027-03-26,178,180000.0,P,1.092,1.116,1.1025,85718.98,83565.79,0.49,-0.97726,0.0,32.25406,0.1,0.0
2026-09-29T20:33:18Z,2027-03-26,178,190000.0,C,0.0022,0.0024,0.0022,85718.98,83565.79,0.5067,0.01894,0.0,27.63854,688.9,10.5
2026-09-29T20:33:18Z,2027-03-26,178,190000.0,P,1.2075,1.233,1.2187,85718.98,83565.79,0.5067,-0.98106,0.0,27.63854,0.9,0.0
2026-09-29T20:33:18Z,2027-03-26,178,200000.0,C,0.0018,0.002,0.0019,85718.98,83565.79,0.5236999999999999,0.01628,0.0,24.28494,483.5,1.0
2026-09-29T20:33:18Z,2027-03-26,178,200000.0,P,1.323,1.35,1.3351,85718.98,83565.79,0.5236999999999999,-0.98372,0.0,24.28494,1.0,0.0
2026-09-29T20:33:18Z,2027-06-25,269,30000.0,C,0.656,0.658,0.6572,86913.84,83565.79,0.611,0.98904,0.0,21.51607,87.2,0.0
2026-09-29T20:33:18Z,2027-06-25,269,30000.0,P,0.0021,0.0026,0.0023,86913.84,83565.79,0.611,-0.01096,0.0,21.51607,530.1,131.8
2026-09-29T20:33:18Z,2027-06-25,269,40000.0,C,0.544,0.5465,0.5453,86913.8,83565.79,0.531,0.97331,0.0,46.01587,19.1,0.0
2026-09-29T20:33:18Z,2027-06-25,269,40000.0,P,0.005,0.006,0.0055,86913.84,83565.79,0.531,-0.02669,0.0,46.0158,1250.8,60.0
2026-09-29T20:33:18Z,2027-06-25,269,45000.0,C,0.4885,0.4915,0.4902,86913.84,83565.79,0.49700000000000005,0.96057,0.0,63.48852,10.5,0.0
2026-09-29T20:33:18Z,2027-06-25,269,45000.0,P,0.0075,0.0085,0.008,86913.84,83565.79,0.49700000000000005,-0.03943,0.0,63.48852,162.6,0.0
2026-09-29T20:33:18Z,2027-06-25,269,50000.0,C,0.4345,0.4385,0.4365,86913.8,83565.79,0.4697,0.94224,0.0,86.18417,20.2,0.0
2026-09-29T20:33:18Z,2027-06-25,269,50000.0,P,0.011,0.0125,0.0117,86913.8,83565.79,0.4697,-0.05776,0.0,86.18417,342.9,0.0
2026-09-29T20:33:18Z,2027-06-25,269,52000.0,C,0.4135,0.4175,0.4152,86914.48,83565.79,0.45890000000000003,0.93346,0.0,96.2439,1.1,0.0
2026-09-29T20:33:18Z,2027-06-25,269,52000.0,P,0.013,0.014,0.0135,86914.48,83565.79,0.45890000000000003,-0.06654,0.0,96.2439,46.0,0.1
2026-09-29T20:33:18Z,2027-06-25,269,54000.0,C,0.3925,0.396,0.3944,86913.8,83565.79,0.45,0.92309,0.0,107.55553,1.0,0.0
2026-09-29T20:33:18Z,2027-06-25,269,54000.0,P,0.015,0.0165,0.0157,86914.48,83565.79,0.45,-0.07691,0.0,107.55326,50.5,0.0
2026-09-29T20:33:18Z,2027-06-25,269,55000.0,C,0.382,0.3865,0.384,86913.8,83565.79,0.445,0.9177,0.0,113.20841,3.7,0.0
2026-09-29T20:33:18Z,2027-06-25,269,55000.0,P,0.016,0.0175,0.0169,86913.8,83565.79,0.445,-0.0823,0.0,113.20841,36.9,0.0
2026-09-29T20:33:18Z,2027-06-25,269,56000.0,C,0.372,0.376,0.3739,86913.8,83565.79,0.4414,0.91155,0.0,119.49209,2.9,0.0
2026-09-29T20:33:18Z,2027-06-25,269,56000.0,P,0.0175,0.019,0.0182,86914.48,83565.79,0.4414,-0.08845,0.0,119.48969,85.5,0.1
2026-09-29T20:33:18Z,2027-06-25,269,58000.0,C,0.352,0.356,0.3539,86913.8,83565.79,0.43439999999999995,0.89832,1e-05,132.42169,13.8,0.0
2026-09-29T20:33:18Z,2027-06-25,269,58000.0,P,0.0205,0.022,0.0212,86913.8,83565.79,0.43439999999999995,-0.10168,1e-05,132.42169,100.6,0.0
2026-09-29T20:33:18Z,2027-06-25,269,60000.0,C,0.3325,0.3365,0.3344,86913.8,83565.79,0.42829999999999996,0.88347,1e-05,146.05288,969.9,0.0
2026-09-29T20:33:18Z,2027-06-25,269,60000.0,P,0.024,0.0255,0.0247,86914.48,83565.79,0.42829999999999996,-0.11653,1e-05,146.05031,242.8,0.4
2026-09-29T20:33:18Z,2027-06-25,269,62000.0,C,0.313,0.317,0.315,86913.8,83565.79,0.4208,0.86786,1e-05,159.47322,117.9,0.0
2026-09-29T20:33:18Z,2027-06-25,269,62000.0,P,0.0275,0.029,0.0284,86914.48,83565.79,0.4208,-0.13213,1e-05,159.47061,115.6,0.3
2026-09-29T20:33:18Z,2027-06-25,269,64000.0,C,0.2945,0.2975,0.2964,86914.48,83565.79,0.4155,0.85012,1e-05,173.70835,33.5,0.0
2026-09-29T20:33:18Z,2027-06-25,269,64000.0,P,0.032,0.0335,0.0328,86914.48,83565.79,0.4155,-0.14988,1e-05,173.70835,64.1,0.3
2026-09-29T20:33:18Z,2027-06-25,269,65000.0,C,0.2855,0.288,0.2874,86913.8,83565.79,0.4132,0.84061,1e-05,180.91151,9.1,0.0
2026-09-29T20:33:18Z,2027-06-25,269,65000.0,P,0.0345,0.036,0.0352,86913.8,83565.79,0.4132,-0.15939,1e-05,180.91151,45.3,0.0
2026-09-29T20:33:18Z,2027-06-25,269,66000.0,C,0.2765,0.2795,0.2784,86914.48,83565.79,0.4108,0.83083,1e-05,188.03794,25.6,0.0
2026-09-29T20:33:18Z,2027-06-25,269,66000.0,P,0.037,0.0385,0.0378,86914.48,83565.79,0.4108,-0.16917,1e-05,188.03794,66.7,0.0
2026-09-29T20:33:18Z,2027-06-25,269,68000.0,C,0.259,0.262,0.261,86914.3,83565.79,0.40659999999999996,0.81006,1e-05,202.24053,14.7,0.0
2026-09-29T20:33:18Z,2027-06-25,269,68000.0,P,0.0425,0.0445,0.0434,86914.3,83565.79,0.40659999999999996,-0.18994,1e-05,202.24053,20.6,0.8
2026-09-29T20:33:18Z,2027-06-25,269,70000.0,C,0.2425,0.245,0.2443,86914.39,83565.79,0.4031,0.78784,1e-05,216.12345,203.6,0.0
2026-09-29T20:33:18Z,2027-06-25,269,70000.0,P,0.049,0.0505,0.0497,86914.3,83565.79,0.4031,-0.21216,1e-05,216.12374,148.1,0.0
2026-09-29T20:33:18Z,2027-06-25,269,72000.0,C,0.2265,0.229,0.2283,86914.39,83565.79,0.39990000000000003,0.76437,1e-05,229.40552,87.2,0.0
2026-09-29T20:33:18Z,2027-06-25,269,72000.0,P,0.056,0.0575,0.0567,86914.3,83565.79,0.39990000000000003,-0.23563,1e-05,229.40578,54.0,0.0
2026-09-29T20:33:18Z,2027-06-25,269,74000.0,C,0.211,0.2135,0.2129,86914.3,83565.79,0.39659999999999995,0.73988,1e-05,241.84511,23.4,0.0
2026-09-29T20:33:18Z,2027-06-25,269,74000.0,P,0.0635,0.065,0.0643,86914.3,83565.79,0.39659999999999995,-0.26012,1e-05,241.84511,25.5,0.2
2026-09-29T20:33:18Z,2027-06-25,269,76000.0,C,0.1965,0.199,0.1983,86914.39,83565.79,0.3944,0.71425,1e-05,253.38541,73.2,0.0
2026-09-29T20:33:18Z,2027-06-25,269,76000.0,P,0.072,0.0735,0.0727,86914.39,83565.79,0.3944,-0.28575,1e-05,253.38541,73.7,0.1
2026-09-29T20:33:18Z,2027-06-25,269,78000.0,C,0.1825,0.185,0.1845,86914.3,83565.79,0.3924,0.68787,1e-05,263.76011,104.4,0.1
2026-09-29T20:33:18Z,2027-06-25,269,78000.0,P,0.081,0.083,0.0819,86914.39,83565.79,0.3924,-0.31213,1e-05,263.75999,106.5,0.2
2026-09-29T20:33:18Z,2027-06-25,269,80000.0,C,0.17,0.172,0.1714,86914.3,83565.79,0.3909,0.66089,1e-05,272.85251,169.8,0.0
2026-09-29T20:33:18Z,2027-06-25,269,80000.0,P,0.091,0.093,0.0919,86914.3,83565.79,0.3909,-0.33911,1e-05,272.85251,55.3,0.0
2026-09-29T20:33:18Z,2027-06-25,269,82000.0,C,0.1575,0.1595,0.1592,86914.3,83565.79,0.39,0.63354,1e-05,280.55658,70.8,0.0
2026-09-29T20:33:18Z,2027-06-25,269,82000.0,P,0.102,0.1035,0.1027,86914.39,83565.79,0.39,-0.36646,1e-05,280.55657,25.9,0.0
2026-09-29T20:33:18Z,2027-06-25,269,84000.0,C,0.146,0.148,0.1474,86914.3,83565.79,0.38799999999999996,0.60599,1e-05,286.82042,378.8,350.0
2026-09-29T20:33:18Z,2027-06-25,269,84000.0,P,0.113,0.115,0.1138,86914.39,83565.79,0.38799999999999996,-0.39401,1e-05,286.82048,367.4,350.2
2026-09-29T20:33:18Z,2027-06-25,269,85000.0,C,0.141,0.1425,0.1417,86914.3,83565.79,0.3872,0.59216,1e-05,289.40673,163.6,0.0
2026-09-29T20:33:18Z,2027-06-25,269,85000.0,P,0.119,0.121,0.1197,86914.3,83565.79,0.3872,-0.40784,1e-05,289.40673,16.5,0.1
2026-09-29T20:33:18Z,2027-06-25,269,86000.0,C,0.1355,0.137,0.1363,86914.39,83565.79,0.38670000000000004,0.57836,1e-05,291.62223,45.7,0.2
2026-09-29T20:33:18Z,2027-06-25,269,86000.0,P,0.1255,0.1275,0.1258,86914.3,83565.79,0.38670000000000004,-0.42164,1e-05,291.6221,3.1,0.2
2026-09-29T20:33:18Z,2027-06-25,269,88000.0,C,0.1255,0.127,0.1263,86914.39,83565.79,0.3865,0.55104,1e-05,294.94053,32.4,0.0
2026-09-29T20:33:18Z,2027-06-25,269,88000.0,P,0.1385,0.14,0.1388,86914.3,83565.79,0.3865,-0.44896,1e-05,294.94035,10.0,0.0
2026-09-29T20:33:18Z,2027-06-25,269,90000.0,C,0.116,0.1175,0.1167,86914.08,83565.79,0.3859,0.52395,1e-05,296.84075,769.1,0.0
2026-09-29T20:33:18Z,2027-06-25,269,90000.0,P,0.152,0.154,0.1523,86914.08,83565.79,0.3859,-0.47605,1e-05,296.84075,86.9,0.2
2026-09-29T20:33:18Z,2027-06-25,269,92000.0,C,0.107,0.1085,0.1078,86914.3,83565.79,0.38539999999999996,0.49729,1e-05,297.37049,19.4,0.0
2026-09-29T20:33:18Z,2027-06-25,269,92000.0,P,0.166,0.168,0.1663,86914.08,83565.79,0.38539999999999996,-0.50272,1e-05,297.36972,0.3,0.0
2026-09-29T20:33:18Z,2027-06-25,269,94000.0,C,0.099,0.1005,0.0997,86914.08,83565.79,0.3857,0.47148,1e-05,296.61647,29.7,0.0
2026-09-29T20:33:18Z,2027-06-25,269,94000.0,P,0.1805,0.183,0.1813,86914.08,83565.79,0.3857,-0.52852,1e-05,296.61647,0.1,0.0
2026-09-29T20:33:18Z,2027-06-25,269,95000.0,C,0.095,0.0965,0.0958,86914.3,83565.79,0.38549999999999995,0.45869,1e-05,295.78184,57.1,0.3
2026-09-29T20:33:18Z,2027-06-25,269,95000.0,P,0.188,0.1905,0.1888,86914.3,83565.79,0.38549999999999995,-0.54131,1e-05,295.78184,40.2,0.0
2026-09-29T20:33:18Z,2027-06-25,269,96000.0,C,0.0915,0.093,0.0922,86914.08,83565.79,0.386,0.44639,1e-05,294.68706,151.5,0.0
2026-09-29T20:33:18Z,2027-06-25,269,96000.0,P,0.1955,0.1985,0.1967,86914.3,83565.79,0.386,-0.55361,1e-05,294.68811,0.1,0.0
2026-09-29T20:33:18Z,2027-06-25,269,98000.0,C,0.0845,0.086,0.0852,86914.3,83565.79,0.3864,0.42208,1e-05,291.68683,118.4,0.0
2026-09-29T20:33:18Z,2027-06-25,269,98000.0,P,0.2115,0.215,0.2128,86914.08,83565.79,0.3864,-0.57792,1e-05,291.68565,0.1,0.0
2026-09-29T20:33:18Z,2027-06-25,269,100000.0,C,0.078,0.0795,0.0787,86914.3,83565.79,0.38689999999999997,0.39868,1e-05,287.73359,202.0,0.0
2026-09-29T20:33:18Z,2027-06-25,269,100000.0,P,0.228,0.2315,0.2293,86914.3,83565.79,0.38689999999999997,-0.60132,1e-05,287.73359,2.4,0.1
2026-09-29T20:33:18Z,2027-06-25,269,102000.0,C,0.072,0.0735,0.0727,86914.3,83565.79,0.3874,0.37617,1e-05,282.93439,53.1,0.0
2026-09-29T20:33:18Z,2027-06-25,269,102000.0,P,0.245,0.2495,0.2463,86914.3,83565.79,0.3874,-0.62383,1e-05,282.93439,0.0,0.0
2026-09-29T20:33:18Z,2027-06-25,269,104000.0,C,0.0665,0.068,0.0673,86914.08,83565.79,0.3882,0.35472,1e-05,277.43348,185.9,0.0
2026-09-29T20:33:18Z,2027-06-25,269,104000.0,P,0.2615,0.267,0.2638,86914.08,83565.79,0.3882,-0.64528,1e-05,277.43348,0.0,0.0
2026-09-29T20:33:18Z,2027-06-25,269,105000.0,C,0.064,0.0655,0.0647,86914.08,83565.79,0.38880000000000003,0.34451,1e-05,274.49199,163.5,0.0
2026-09-29T20:33:18Z,2027-06-25,269,105000.0,P,0.2705,0.276,0.2728,86914.08,83565.79,0.38880000000000003,-0.65549,1e-05,274.49199,2.1,0.0
2026-09-29T20:33:18Z,2027-06-25,269,106000.0,C,0.0615,0.063,0.0622,86914.3,83565.79,0.3892,0.33438,1e-05,271.36668,18.7,0.0
2026-09-29T20:33:18Z,2027-06-25,269,106000.0,P,0.279,0.2855,0.2818,86914.08,83565.79,0.3892,-0.66563,1e-05,271.36513,0.0,0.0
2026-09-29T20:33:18Z,2027-06-25,269,108000.0,C,0.057,0.058,0.0577,86913.91,83565.79,0.39030000000000004,0.3151,1e-05,264.83476,35.2,0.0
2026-09-29T20:33:18Z,2027-06-25,269,108000.0,P,0.298,0.304,0.3003,86913.91,83565.79,0.39030000000000004,-0.6849,1e-05,264.83476,0.2,0.0
2026-09-29T20:33:18Z,2027-06-25,269,110000.0,C,0.0525,0.054,0.0533,86914.08,83565.79,0.391,0.29642,1e-05,257.762,293.3,0.0
2026-09-29T20:33:18Z,2027-06-25,269,110000.0,P,0.316,0.3225,0.3189,86913.91,83565.79,0.391,-0.70358,1e-05,257.76069,5.3,0.0
2026-09-29T20:33:18Z,2027-06-25,269,112000.0,C,0.049,0.05,0.0495,86914.08,83565.79,0.39270000000000005,0.27944,1e-05,250.67817,0.0,0.0
2026-09-29T20:33:18Z,2027-06-25,269,112000.0,P,0.335,0.342,0.3381,86913.91,83565.79,0.39270000000000005,-0.72057,1e-05,250.67682,0.0,0.0
2026-09-29T20:33:18Z,2027-06-25,269,114000.0,C,0.045,0.0465,0.0459,86913.91,83565.79,0.39380000000000004,0.26295,1e-05,243.19024,6.0,0.0
2026-09-29T20:33:18Z,2027-06-25,269,114000.0,P,0.3525,0.3615,0.3575,86913.91,83565.79,0.39380000000000004,-0.73705,1e-05,243.19024,0.0,0.0
2026-09-29T20:33:18Z,2027-06-25,269,115000.0,C,0.0435,0.045,0.0442,86914.08,83565.79,0.3947,0.25531,1e-05,239.51001,149.9,0.0
2026-09-29T20:33:18Z,2027-06-25,269,115000.0,P,0.3625,0.371,0.3674,86913.91,83565.79,0.3947,-0.74469,1e-05,239.50863,1.0,0.0
2026-09-29T20:33:18Z,2027-06-25,269,116000.0,C,0.042,0.043,0.0425,86913.91,83565.79,0.395,0.24739,1e-05,235.55193,0.0,0.0
2026-09-29T20:33:18Z,2027-06-25,269,116000.0,P,0.372,0.381,0.3772,86913.91,83565.79,0.395,-0.75261,1e-05,235.55193,0.0,0.0
2026-09-29T20:33:18Z,2027-06-25,269,120000.0,C,0.036,0.0375,0.0368,86914.08,83565.79,0.3981,0.21946,1e-05,220.40066,352.3,0.0
2026-09-29T20:33:18Z,2027-06-25,269,120000.0,P,0.412,0.4215,0.4174,86914.08,83565.79,0.3981,-0.78054,1e-05,220.40066,0.9,0.0
2026-09-29T20:33:18Z,2027-06-25,269,125000.0,C,0.0305,0.0315,0.0309,86914.08,83565.79,0.40240000000000004,0.18935,1e-05,201.85129,640.0,0.0
2026-09-29T20:33:18Z,2027-06-25,269,125000.0,P,0.4635,0.4735,0.4691,86913.91,83565.79,0.40240000000000004,-0.81065,1e-05,201.84989,0.0,0.0
2026-09-29T20:33:18Z,2027-06-25,269,130000.0,C,0.0255,0.0265,0.026,86914.08,83565.79,0.4067,0.1636,1e-05,184.01463,772.7,0.0
2026-09-29T20:33:18Z,2027-06-25,269,130000.0,P,0.516,0.5265,0.5217,86914.08,83565.79,0.4067,-0.8364,1e-05,184.01463,3.9,0.0
2026-09-29T20:33:18Z,2027-06-25,269,135000.0,C,0.0215,0.0225,0.022,86913.91,83565.79,0.4111,0.14173,1e-05,167.29848,0.5,0.0
2026-09-29T20:33:18Z,2027-06-25,269,135000.0,P,0.5695,0.58,0.5753,86913.91,83565.79,0.4111,-0.85827,1e-05,167.29848,0.0,0.0
2026-09-29T20:33:18Z,2027-06-25,269,140000.0,C,0.0185,0.0195,0.019,86913.91,83565.79,0.41700000000000004,0.12421,1e-05,152.77049,378.4,0.1
2026-09-29T20:33:18Z,2027-06-25,269,140000.0,P,0.624,0.6345,0.6298,86913.69,83565.79,0.41700000000000004,-0.87579,1e-05,152.76851,3.4,0.0
2026-09-29T20:33:18Z,2027-06-25,269,150000.0,C,0.0135,0.015,0.0142,86913.69,83565.79,0.4269,0.09551,1e-05,126.48099,219.3,0.1
2026-09-29T20:33:18Z,2027-06-25,269,150000.0,P,0.7335,0.7455,0.7401,86913.91,83565.79,0.4269,-0.90449,1e-05,126.48245,1.1,0.0
2026-09-29T20:33:18Z,2027-06-25,269,160000.0,C,0.0105,0.0115,0.011,86913.69,83565.79,0.43770000000000003,0.07523,0.0,105.76651,698.4,0.0
2026-09-29T20:33:18Z,2027-06-25,269,160000.0,P,0.8445,0.8575,0.8519,86913.69,83565.79,0.43770000000000003,-0.92477,0.0,105.76651,0.2,0.0
2026-09-29T20:33:18Z,2027-06-25,269,170000.0,C,0.008,0.009,0.0085,86913.69,83565.79,0.44659999999999994,0.05936,0.0,88.04876,153.0,0.0
2026-09-29T20:33:18Z,2027-06-25,269,170000.0,P,0.9575,0.9705,0.9645,86913.69,83565.79,0.44659999999999994,-0.94064,0.0,88.04876,14.7,0.0
2026-09-29T20:33:18Z,2027-06-25,269,180000.0,C,0.0065,0.0075,0.007,86913.91,83565.79,0.45880000000000004,0.0491,0.0,75.77663,66.7,0.5
2026-09-29T20:33:18Z,2027-06-25,269,180000.0,P,1.064,1.098,1.078,86913.69,83565.79,0.45880000000000004,-0.9509,0.0,75.77564,0.0,0.0
2026-09-29T20:33:18Z,2027-06-25,269,190000.0,C,0.005,0.006,0.0055,86913.91,83565.79,0.4658,0.03939,0.0,63.43368,67.0,0.0
2026-09-29T20:33:18Z,2027-06-25,269,190000.0,P,1.1765,1.213,1.1916,86913.69,83565.79,0.4658,-0.96061,0.0,63.43281,0.6,0.0
2026-09-29T20:33:18Z,2027-06-25,269,200000.0,C,0.0044,0.0055,0.0049,86913.69,83565.79,0.4808,0.03475,0.0,57.26517,234.1,51.7
2026-09-29T20:33:18Z,2027-06-25,269,200000.0,P,1.289,1.3285,1.306,86913.91,83565.79,0.4808,-0.96525,0.0,57.26595,2.1,0.0
2026-09-29T20:33:18Z,2027-09-24,360,50000.0,C,0.447,0.452,0.4491,88036.62,83565.79,0.45659999999999995,0.9299,0.0,117.4325,1.5,0.0
2026-09-29T20:33:18Z,2027-09-24,360,50000.0,P,0.0165,0.018,0.017,88036.76,83565.79,0.45659999999999995,-0.0701,0.0,117.43208,234.7,202.6
2026-09-29T20:33:18Z,2027-09-24,360,60000.0,C,0.35,0.3545,0.3524,88036.76,83565.79,0.4252,0.86855,1e-05,186.24506,0.0,0.0
2026-09-29T20:33:18Z,2027-09-24,360,60000.0,P,0.033,0.035,0.034,88036.76,83565.79,0.4252,-0.13145,1e-05,186.24506,18.3,1.6
2026-09-29T20:33:18Z,2027-09-24,360,65000.0,C,0.3065,0.31,0.3081,88036.76,83565.79,0.4132,0.82763,1e-05,223.05141,0.5,0.0
2026-09-29T20:33:18Z,2027-09-24,360,65000.0,P,0.0455,0.0475,0.0465,88036.62,83565.79,0.4132,-0.17237,1e-05,223.05188,2.0,0.0
2026-09-29T20:33:18Z,2027-09-24,360,70000.0,C,0.266,0.2695,0.2676,88036.62,83565.79,0.40490000000000004,0.77978,1e-05,258.84097,3.4,0.0
2026-09-29T20:33:18Z,2027-09-24,360,70000.0,P,0.0615,0.064,0.0627,88036.76,83565.79,0.40490000000000004,-0.22022,1e-05,258.84063,3.1,0.0
2026-09-29T20:33:18Z,2027-09-24,360,72000.0,C,0.251,0.254,0.2524,88036.76,83565.79,0.4021,0.75912,1e-05,272.14445,0.0,0.0
2026-09-29T20:33:18Z,2027-09-24,360,72000.0,P,0.069,0.0715,0.0702,88036.76,83565.79,0.4021,-0.24088,1e-05,272.14445,1.0,0.0
2026-09-29T20:33:18Z,2027-09-24,360,74000.0,C,0.2365,0.2395,0.2381,88036.76,83565.79,0.4006,0.7375,1e-05,284.78987,1.4,0.0
2026-09-29T20:33:18Z,2027-09-24,360,74000.0,P,0.0775,0.08,0.0787,88036.76,83565.79,0.4006,-0.2625,1e-05,284.78987,25.0,25.0
2026-09-29T20:33:18Z,2027-09-24,360,76000.0,C,0.2225,0.226,0.2242,88036.62,83565.79,0.3985,0.71549,1e-05,296.36962,7.5,0.4
2026-09-29T20:33:18Z,2027-09-24,360,76000.0,P,0.086,0.089,0.0875,88036.76,83565.79,0.3985,-0.28451,1e-05,296.36941,1.0,0.5
2026-09-29T20:33:18Z,2027-09-24,360,78000.0,C,0.209,0.2125,0.211,88036.62,83565.79,0.3968,0.69297,1e-05,306.93168,11.8,0.0
2026-09-29T20:33:18Z,2027-09-24,360,78000.0,P,0.0955,0.0985,0.097,88036.76,83565.79,0.3968,-0.30703,1e-05,306.93154,0.0,0.0
2026-09-29T20:33:18Z,2027-09-24,360,80000.0,C,0.1965,0.2,0.1983,88036.76,83565.79,0.3951,0.6701,1e-05,316.36283,11.7,0.0
2026-09-29T20:33:18Z,2027-09-24,360,80000.0,P,0.1055,0.1085,0.107,88036.76,83565.79,0.3951,-0.3299,1e-05,316.36283,300.3,300.3
2026-09-29T20:33:18Z,2027-09-24,360,82000.0,C,0.1845,0.188,0.1865,88036.62,83565.79,0.3942,0.64698,1e-05,324.6161,0.2,0.2
2026-09-29T20:33:18Z,2027-09-24,360,82000.0,P,0.116,0.1195,0.1179,88036.76,83565.79,0.3942,-0.35302,1e-05,324.61612,0.8,0.3
2026-09-29T20:33:18Z,2027-09-24,360,84000.0,C,0.1735,0.176,0.1748,88036.76,83565.79,0.3922,0.62369,1e-05,331.65696,351.6,350.1
2026-09-29T20:33:18Z,2027-09-24,360,84000.0,P,0.1275,0.131,0.1289,88036.76,83565.79,0.3922,-0.37631,1e-05,331.65696,350.9,350.0
2026-09-29T20:33:18Z,2027-09-24,360,86000.0,C,0.1625,0.1655,0.1641,88036.76,83565.79,0.3914,0.60044,1e-05,337.44255,0.1,0.1
2026-09-29T20:33:18Z,2027-09-24,360,86000.0,P,0.1395,0.143,0.1409,88036.76,83565.79,0.3914,-0.39956,1e-05,337.44255,0.7,0.0
2026-09-29T20:33:18Z,2027-09-24,360,88000.0,C,0.1525,0.1555,0.1541,88036.76,83565.79,0.3911,0.57736,1e-05,341.97472,11.5,0.5
2026-09-29T20:33:18Z,2027-09-24,360,88000.0,P,0.152,0.1555,0.1536,88036.76,83565.79,0.3911,-0.42264,1e-05,341.97472,0.9,0.0
2026-09-29T20:33:18Z,2027-09-24,360,90000.0,C,0.143,0.146,0.1445,88036.62,83565.79,0.3907,0.55449,1e-05,345.29164,10.2,3.2
2026-09-29T20:33:18Z,2027-09-24,360,90000.0,P,0.1655,0.169,0.1668,88036.76,83565.79,0.3907,-0.44551,1e-05,345.292,1.0,0.0
2026-09-29T20:33:18Z,2027-09-24,360,92000.0,C,0.134,0.137,0.1355,88036.76,83565.79,0.39039999999999997,0.5319,1e-05,347.43307,1.0,0.0
2026-09-29T20:33:18Z,2027-09-24,360,92000.0,P,0.179,0.1825,0.1806,88036.76,83565.79,0.39039999999999997,-0.4681,1e-05,347.43307,0.0,0.0
2026-09-29T20:33:18Z,2027-09-24,360,94000.0,C,0.1255,0.1285,0.127,88036.52,83565.79,0.3901,0.50967,1e-05,348.44494,1.1,0.0
2026-09-29T20:33:18Z,2027-09-24,360,94000.0,P,0.192,0.197,0.1948,88036.52,83565.79,0.3901,-0.49033,1e-05,348.44494,0.0,0.0
2026-09-29T20:33:18Z,2027-09-24,360,96000.0,C,0.118,0.1205,0.1193,88036.52,83565.79,0.39039999999999997,0.48811,1e-05,348.39234,0.2,0.0
2026-09-29T20:33:18Z,2027-09-24,360,96000.0,P,0.207,0.2125,0.2097,88036.76,83565.79,0.39039999999999997,-0.51189,1e-05,348.39336,0.0,0.0
2026-09-29T20:33:18Z,2027-09-24,360,98000.0,C,0.1105,0.113,0.1118,88036.52,83565.79,0.39030000000000004,0.46686,1e-05,347.34426,0.3,0.0
2026-09-29T20:33:18Z,2027-09-24,360,98000.0,P,0.222,0.2275,0.2249,88036.52,83565.79,0.39030000000000004,-0.53314,1e-05,347.34426,0.0,0.0
2026-09-29T20:33:18Z,2027-09-24,360,100000.0,C,0.1035,0.106,0.1048,88036.52,83565.79,0.39049999999999996,0.44628,1e-05,345.3823,11.4,10.5
2026-09-29T20:33:18Z,2027-09-24,360,100000.0,P,0.237,0.2435,0.2407,88036.52,83565.79,0.39049999999999996,-0.55372,1e-05,345.3823,0.0,0.0
2026-09-29T20:33:18Z,2027-09-24,360,102000.0,C,0.097,0.0995,0.0983,88036.76,83565.79,0.3908,0.42635,1e-05,342.5909,2.1,0.0
2026-09-29T20:33:18Z,2027-09-24,360,102000.0,P,0.2535,0.26,0.2569,88036.76,83565.79,0.3908,-0.57365,1e-05,342.5909,0.0,0.0
2026-09-29T20:33:18Z,2027-09-24,360,104000.0,C,0.0905,0.0935,0.0921,88036.76,83565.79,0.3909,0.40686,1e-05,339.00433,5.1,0.0
2026-09-29T20:33:18Z,2027-09-24,360,104000.0,P,0.2695,0.277,0.2734,88036.76,83565.79,0.3909,-0.59314,1e-05,339.00433,0.0,0.0
2026-09-29T20:33:18Z,2027-09-24,360,106000.0,C,0.085,0.088,0.0865,88036.52,83565.79,0.3917,0.38849,1e-05,334.84127,0.1,0.0
2026-09-29T20:33:18Z,2027-09-24,360,106000.0,P,0.2865,0.294,0.2906,88036.52,83565.79,0.3917,-0.61151,1e-05,334.84127,0.0,0.0
2026-09-29T20:33:18Z,2027-09-24,360,108000.0,C,0.08,0.0825,0.0813,88036.76,83565.79,0.3925,0.3707,1e-05,330.07806,0.0,0.0
2026-09-29T20:33:18Z,2027-09-24,360,108000.0,P,0.304,0.312,0.308,88036.52,83565.79,0.3925,-0.6293,1e-05,330.0764,0.0,0.0
2026-09-29T20:33:18Z,2027-09-24,360,110000.0,C,0.075,0.0775,0.0763,88036.52,83565.79,0.39299999999999996,0.35343,1e-05,324.74988,200.2,200.0
2026-09-29T20:33:18Z,2027-09-24,360,110000.0,P,0.322,0.3295,0.3258,88036.52,83565.79,0.39299999999999996,-0.64657,1e-05,324.74988,0.0,0.0
2026-09-29T20:33:18Z,2027-09-24,360,112000.0,C,0.0705,0.073,0.0718,88036.52,83565.79,0.39399999999999996,0.3372,1e-05,319.10818,0.0,0.0
2026-09-29T20:33:18Z,2027-09-24,360,112000.0,P,0.34,0.348,0.344,88036.76,83565.79,0.39399999999999996,-0.66279,1e-05,319.10998,0.0,0.0
2026-09-29T20:33:18Z,2027-09-24,360,114000.0,C,0.066,0.0685,0.0673,88036.52,83565.79,0.3944,0.32112,1e-05,312.8932,0.0,0.0
2026-09-29T20:33:18Z,2027-09-24,360,114000.0,P,0.3585,0.3665,0.3622,88036.52,83565.79,0.3944,-0.67888,1e-05,312.8932,0.0,0.0
2026-09-29T20:33:18Z,2027-09-24,360,116000.0,C,0.062,0.0645,0.0633,88036.76,83565.79,0.3953,0.3061,1e-05,306.51912,0.1,0.0
2026-09-29T20:33:18Z,2027-09-24,360,116000.0,P,0.377,0.385,0.3809,88036.52,83565.79,0.3953,-0.69391,1e-05,306.5172,0.0,0.0
2026-09-29T20:33:18Z,2027-09-24,360,118000.0,C,0.0585,0.061,0.0598,88036.52,83565.79,0.3968,0.29221,1e-05,300.12821,0.1,0.0
2026-09-29T20:33:18Z,2027-09-24,360,118000.0,P,0.396,0.4045,0.4001,88036.52,83565.79,0.3968,-0.70779,1e-05,300.12821,0.0,0.0
2026-09-29T20:33:18Z,2027-09-24,360,120000.0,C,0.055,0.0575,0.0563,88036.52,83565.79,0.3978,0.27851,1e-05,293.34107,11.8,8.5
2026-09-29T20:33:18Z,2027-09-24,360,120000.0,P,0.415,0.423,0.4193,88036.52,83565.79,0.3978,-0.72149,1e-05,293.34107,0.0,0.1
2026-09-29T20:33:18Z,2027-09-24,360,125000.0,C,0.0475,0.05,0.0488,88036.76,83565.79,0.4011,0.24776,1e-05,276.30956,3.6,1.0
2026-09-29T20:33:18Z,2027-09-24,360,125000.0,P,0.464,0.473,0.4686,88036.52,83565.79,0.4011,-0.75224,1e-05,276.30752,0.0,0.0
2026-09-29T20:33:18Z,2027-09-24,360,130000.0,C,0.041,0.0435,0.0423,88036.76,83565.79,0.4042,0.22029,1e-05,258.88729,43.3,0.0
2026-09-29T20:33:18Z,2027-09-24,360,130000.0,P,0.5145,0.5235,0.519,88036.52,83565.79,0.4042,-0.77971,1e-05,258.88523,4.0,0.0
2026-09-29T20:33:18Z,2027-09-24,360,135000.0,C,0.036,0.038,0.037,88036.76,83565.79,0.408,0.19668,1e-05,242.14148,100.0,0.0
2026-09-29T20:33:18Z,2027-09-24,360,135000.0,P,0.5655,0.575,0.5705,88036.52,83565.79,0.408,-0.80332,1e-05,242.13943,0.0,0.0
2026-09-29T20:33:18Z,2027-09-24,360,140000.0,C,0.0315,0.0335,0.0325,88036.76,83565.79,0.4117,0.17594,1e-05,225.97595,6.4,0.0
2026-09-29T20:33:18Z,2027-09-24,360,140000.0,P,0.6175,0.628,0.6228,88036.76,83565.79,0.4117,-0.82406,1e-05,225.97595,0.0,0.0
2026-09-29T20:33:18Z,2027-09-24,360,150000.0,C,0.0245,0.0265,0.0255,88036.52,83565.79,0.41979999999999995,0.14216,1e-05,196.48881,23.7,0.1
2026-09-29T20:33:18Z,2027-09-24,360,150000.0,P,0.7235,0.735,0.7293,88036.52,83565.79,0.41979999999999995,-0.85784,1e-05,196.48881,0.0,0.0
2026-09-29T20:33:18Z,2027-09-24,360,160000.0,C,0.0195,0.021,0.0203,88036.52,83565.79,0.4274,0.11578,1e-05,170.39574,0.1,0.1
2026-09-29T20:33:18Z,2027-09-24,360,160000.0,P,0.831,0.844,0.8377,88036.52,83565.79,0.4274,-0.88422,1e-05,170.39574,0.0,0.0
2026-09-29T20:33:18Z,2027-09-24,360,170000.0,C,0.0155,0.0175,0.0165,88036.52,83565.79,0.43579999999999997,0.09593,0.0,148.73197,1.7,1.0
2026-09-29T20:33:18Z,2027-09-24,360,170000.0,P,0.941,0.954,0.9475,88036.52,83565.79,0.43579999999999997,-0.90407,0.0,148.73197,4.3,0.0
2026-09-29T20:33:18Z,2027-09-24,360,180000.0,C,0.013,0.0145,0.0137,88036.52,83565.79,0.4449,0.08087,0.0,130.95823,5.6,0.0
2026-09-29T20:33:18Z,2027-09-24,360,180000.0,P,1.0395,1.079,1.0583,88036.52,83565.79,0.4449,-0.91913,0.0,130.95823,0.1,0.0
2026-09-29T20:33:18Z,2027-09-24,360,190000.0,C,0.011,0.012,0.0116,88036.52,83565.79,0.4533,0.06878,0.0,115.73037,1.9,1.0
2026-09-29T20:33:18Z,2027-09-24,360,190000.0,P,1.155,1.1925,1.1698,88037.15,83565.79,0.4533,-0.93122,0.0,115.73208,0.0,0.0
2026-09-29T20:33:18Z,2027-09-24,360,200000.0,C,0.0095,0.0105,0.01,88037.15,83565.79,0.46259999999999996,0.05965,0.0,103.60677,27.2,16.6
2026-09-29T20:33:18Z,2027-09-24,360,200000.0,P,1.266,1.3055,1.2818,88037.15,83565.79,0.46259999999999996,-0.94035,0.0,103.60677,0.0,0.0
2026-09-29T20:33:18Z,2027-09-24,360,210000.0,C,0.008,0.009,0.0085,88036.52,83565.79,0.4694,0.05119,0.0,91.80704,17.2,0.0
2026-09-29T20:33:18Z,2027-09-24,360,210000.0,P,1.377,1.419,1.3939,88037.15,83565.79,0.4694,-0.94881,0.0,91.81001,0.0,0.0
2026-09-29T20:33:18Z,2027-09-24,360,220000.0,C,0.007,0.008,0.0075,88036.52,83565.79,0.4781,0.04522,0.0,83.13671,16.2,3.0
2026-09-29T20:33:18Z,2027-09-24,360,220000.0,P,1.4885,1.533,1.5065,88037.15,83565.79,0.4781,-0.95478,0.0,83.13943,0.0,0.0
