snapshot_ts,expiry,days_to_expiry,strike,option_type,bid,ask,mark_price,forward_price,index_price,implied_vol,delta,gamma,vega,open_interest,volume_24h
2026-09-21T20:19:15Z,2026-09-22,1,69000.0,C,0.204,0.2085,0.2064,86966.99,86986.78,0.8876000000000001,1.0,0.0,0.0,0.0,0.0
2026-09-21T20:19:15Z,2026-09-22,1,69000.0,P,0.0,0.0001,0.0,86966.99,86986.78,0.8876000000000001,0.0,0.0,0.0,3.0,0.0
2026-09-21T20:19:15Z,2026-09-22,1,70000.0,C,0.192,0.197,0.1949,86966.99,86986.78,0.8876000000000001,1.0,0.0,0.0,0.7,3.0
2026-09-21T20:19:15Z,2026-09-22,1,70000.0,P,0.0,0.0001,0.0,86966.99,86986.78,0.8876000000000001,0.0,0.0,0.0,0.0,0.0
2026-09-21T20:19:15Z,2026-09-22,1,71000.0,C,0.181,0.1855,0.1834,86966.99,86986.78,0.8841,1.0,0.0,0.0,0.0,0.0
2026-09-21T20:19:15Z,2026-09-22,1,71000.0,P,0.0,0.0001,0.0,86966.99,86986.78,0.8841,0.0,0.0,0.0,55.3,0.0
2026-09-21T20:19:15Z,2026-09-22,1,72000.0,C,0.1695,0.174,0.1719,86966.99,86986.78,0.8715,1.0,0.0,0.0,0.8,3.2
2026-09-21T20:19:15Z,2026-09-22,1,72000.0,P,0.0,0.0001,0.0,86966.99,86986.78,0.8715,0.0,0.0,0.0,62.8,2.3
2026-09-21T20:19:15Z,2026-09-22,1,73000.0,C,0.1575,0.1625,0.1604,86966.99,86986.78,0.8709,1.0,0.0,0.0,0.7,3.2
2026-09-21T20:19:15Z,2026-09-22,1,73000.0,P,0.0,0.0001,0.0,86966.99,86986.78,0.8709,0.0,0.0,0.0,107.5,14.0
2026-09-21T20:19:15Z,2026-09-22,1,74000.0,C,0.146,0.151,0.1489,86966.99,86986.78,0.8709,1.0,0.0,3e-05,0.8,2.4
2026-09-21T20:19:15Z,2026-09-22,1,74000.0,P,0.0,0.0001,0.0,86985.71,86986.78,0.8709,0.0,0.0,3e-05,38.9,31.3
2026-09-21T20:19:15Z,2026-09-22,1,75000.0,C,0.1345,0.1395,0.1374,86966.99,86986.78,0.8706,1.0,0.0,0.00023,0.0,1.6
2026-09-21T20:19:15Z,2026-09-22,1,75000.0,P,0.0,0.0001,0.0,86985.71,86986.78,0.8706,0.0,0.0,0.00022,10.9,7.1
2026-09-21T20:19:15Z,2026-09-22,1,75500.0,C,0.13,0.134,0.1317,86966.99,86986.78,0.8706,1.0,0.0,0.0006,0.8,1.6
2026-09-21T20:19:15Z,2026-09-22,1,75500.0,P,0.0,0.0001,0.0,86985.71,86986.78,0.8706,0.0,0.0,0.00058,12.1,12.0
2026-09-21T20:19:15Z,2026-09-22,1,76000.0,C,0.123,0.128,0.1259,86985.71,86986.78,0.8703,0.99999,0.0,0.00143,0.0,0.0
2026-09-21T20:19:15Z,2026-09-22,1,76000.0,P,0.0,0.0001,0.0,86985.71,86986.78,0.8703,-1e-05,0.0,0.00143,38.7,38.6
2026-09-21T20:19:15Z,2026-09-22,1,76500.0,C,0.1175,0.1225,0.1202,86966.99,86986.78,0.8634999999999999,0.99998,0.0,0.00305,0.0,1.4
2026-09-21T20:19:15Z,2026-09-22,1,76500.0,P,0.0,0.0001,0.0,86985.71,86986.78,0.8634999999999999,-2e-05,0.0,0.00297,20.8,11.0
2026-09-21T20:19:15Z,2026-09-22,1,77000.0,C,0.1115,0.1165,0.1144,86966.99,86986.78,0.8584999999999999,0.99995,0.0,0.00635,0.0,0.0
2026-09-21T20:19:15Z,2026-09-22,1,77000.0,P,0.0,0.0001,0.0,86985.71,86986.78,0.8584999999999999,-5e-05,0.0,0.00619,17.4,16.9
2026-09-21T20:19:15Z,2026-09-22,1,77500.0,C,0.107,0.111,0.1087,86985.71,86986.78,0.8545,0.9999,0.0,0.01274,0.0,1.4
2026-09-21T20:19:15Z,2026-09-22,1,77500.0,P,0.0,0.0001,0.0,86985.71,86986.78,0.8545,-0.0001,0.0,0.01274,18.9,15.1
2026-09-21T20:19:15Z,2026-09-22,1,78000.0,C,0.102,0.1045,0.1029,86985.71,86986.78,0.8540000000000001,0.99978,0.0,0.0266,48.5,1.5
2026-09-21T20:19:15Z,2026-09-22,1,78000.0,P,0.0,0.0001,0.0,86985.71,86986.78,0.8540000000000001,-0.00022,0.0,0.0266,47.5,34.0
2026-09-21T20:19:15Z,2026-09-22,1,78500.0,C,0.096,0.0985,0.0974,86985.71,86986.78,0.8511,0.99955,0.0,0.05155,10.9,4.2
2026-09-21T20:19:15Z,2026-09-22,1,78500.0,P,0.0,0.0002,0.0,86985.71,86986.78,0.8511,-0.00045,0.0,0.05155,124.0,17.8
2026-09-21T20:19:15Z,2026-09-22,1,79000.0,C,0.0885,0.0935,0.0918,86976.69,86986.78,0.8146,0.99942,0.0,0.06476,4.2,0.0
2026-09-21T20:19:15Z,2026-09-22,1,79000.0,P,0.0,0.0002,0.0,86985.71,86986.78,0.8146,-0.00057,0.0,0.06404,190.2,48.2
2026-09-21T20:19:15Z,2026-09-22,1,79500.0,C,0.0845,0.087,0.0859,86976.69,86986.78,0.7722,0.99932,0.0,0.07535,21.5,1.6
2026-09-21T20:19:15Z,2026-09-22,1,79500.0,P,0.0,0.0002,0.0,86985.71,86986.78,0.7722,-0.00067,0.0,0.07448,120.7,124.8
2026-09-21T20:19:15Z,2026-09-22,1,80000.0,C,0.0785,0.0815,0.0803,86976.69,86986.78,0.7347,0.99913,0.0,0.09459,41.3,7.1
2026-09-21T20:19:15Z,2026-09-22,1,80000.0,P,0.0,0.0002,0.0,86976.69,86986.78,0.7347,-0.00087,0.0,0.09459,141.9,138.0
2026-09-21T20:19:15Z,2026-09-22,1,80500.0,C,0.073,0.0755,0.0744,86985.71,86986.78,0.7082999999999999,0.99869,0.0,0.13722,42.5,10.6
2026-09-21T20:19:15Z,2026-09-22,1,80500.0,P,0.0,0.0002,0.0,86976.69,86986.78,0.7082999999999999,-0.00133,0.0,0.13887,54.1,60.4
2026-09-21T20:19:15Z,2026-09-22,1,81000.0,C,0.067,0.07,0.0686,86976.69,86986.78,0.6957,0.99756,0.0,0.24121,42.6,16.6
2026-09-21T20:19:15Z,2026-09-22,1,81000.0,P,0.0,0.0002,0.0,86976.69,86986.78,0.6957,-0.00244,0.0,0.24121,77.0,85.3
2026-09-21T20:19:15Z,2026-09-22,1,81500.0,C,0.0615,0.064,0.0631,86960.34,86986.78,0.6453,0.99714,0.0,0.27813,35.0,0.9
2026-09-21T20:19:15Z,2026-09-22,1,81500.0,P,0.0,0.0002,0.0,86976.69,86986.78,0.6453,-0.00279,0.0,0.27211,169.5,209.7
2026-09-21T20:19:15Z,2026-09-22,1,82000.0,C,0.0555,0.0585,0.0572,86960.34,86986.78,0.5916,0.99683,1e-05,0.30555,241.8,82.5
2026-09-21T20:19:15Z,2026-09-22,1,82000.0,P,0.0,0.0001,0.0,86960.34,86986.78,0.5916,-0.00317,1e-05,0.30555,403.5,410.1
2026-09-21T20:19:15Z,2026-09-22,1,82500.0,C,0.05,0.0525,0.0515,86960.34,86986.78,0.5395,0.99634,1e-05,0.34704,187.5,27.8
2026-09-21T20:19:15Z,2026-09-22,1,82500.0,P,0.0,0.0002,0.0,86960.34,86986.78,0.5394,-0.00365,1e-05,0.34654,103.5,106.2
2026-09-21T20:19:15Z,2026-09-22,1,83000.0,C,0.044,0.047,0.0458,86960.34,86986.78,0.5212,0.99302,1e-05,0.61749,290.2,116.2
2026-09-21T20:19:15Z,2026-09-22,1,83000.0,P,0.0,0.0002,0.0,86960.34,86986.78,0.5207999999999999,-0.00694,1e-05,0.61411,70.9,95.3
2026-09-21T20:19:15Z,2026-09-22,1,83500.0,C,0.0385,0.0415,0.0401,86960.34,86986.78,0.5194,0.98423,2e-05,1.2552,40.8,32.5
2026-09-21T20:19:15Z,2026-09-22,1,83500.0,P,0.0001,0.0002,0.0001,86960.34,86986.78,0.5189,-0.01568,2e-05,1.24951,96.2,143.3
2026-09-21T20:19:15Z,2026-09-22,1,84000.0,C,0.0325,0.0355,0.0344,86960.34,86986.78,0.45630000000000004,0.98154,3e-05,1.43651,58.9,47.3
2026-09-21T20:19:15Z,2026-09-22,1,84000.0,P,0.0001,0.0002,0.0001,86960.34,86986.78,0.45630000000000004,-0.01846,3e-05,1.43651,86.4,221.6
2026-09-21T20:19:15Z,2026-09-22,1,84500.0,C,0.027,0.03,0.0287,86960.34,86986.78,0.42060000000000003,0.96967,5e-05,2.18059,11.9,13.8
2026-09-21T20:19:15Z,2026-09-22,1,84500.0,P,0.0002,0.0003,0.0002,86960.34,86986.78,0.42060000000000003,-0.03033,5e-05,2.18059,53.7,82.4
2026-09-21T20:19:15Z,2026-09-22,1,85000.0,C,0.0215,0.0245,0.0231,86960.34,86986.78,0.3711,0.95443,8e-05,3.04099,119.4,107.9
2026-09-21T20:19:15Z,2026-09-22,1,85000.0,P,0.0002,0.0005,0.0002,86960.34,86986.78,0.3711,-0.04557,8e-05,3.04099,36.6,44.6
2026-09-21T20:19:15Z,2026-09-22,1,85500.0,C,0.016,0.019,0.0176,86960.34,86986.78,0.3477,0.90991,0.00015,5.16092,29.9,31.4
2026-09-21T20:19:15Z,2026-09-22,1,85500.0,P,0.0006,0.0009,0.0005,86960.34,86986.78,0.3477,-0.09009,0.00015,5.16092,39.2,41.2
2026-09-21T20:19:15Z,2026-09-22,1,86000.0,C,0.0105,0.014,0.0125,86960.34,86986.78,0.3417,0.8149,0.00025,8.48012,165.9,208.0
2026-09-21T20:19:15Z,2026-09-22,1,86000.0,P,0.0013,0.0017,0.0012,86960.34,86986.78,0.3417,-0.1851,0.00025,8.48012,24.3,27.9
2026-09-21T20:19:15Z,2026-09-22,1,86500.0,C,0.0075,0.009,0.0084,86960.34,86986.78,0.35090000000000005,0.66298,0.00033,11.59699,58.0,58.5
2026-09-21T20:19:15Z,2026-09-22,1,86500.0,P,0.0028,0.0033,0.0028,86960.34,86986.78,0.35090000000000005,-0.33702,0.00033,11.59699,44.1,47.0
2026-09-21T20:19:15Z,2026-09-22,1,87000.0,C,0.0049,0.0055,0.0053,86948.54,86986.78,0.3737,0.48543,0.00034,12.65942,167.6,208.3
2026-09-21T20:19:15Z,2026-09-22,1,87000.0,P,0.0055,0.006,0.0056,86948.54,86986.78,0.3737,-0.51457,0.00034,12.65942,20.0,21.4
2026-09-21T20:19:15Z,2026-09-22,1,88000.0,C,0.0017,0.002,0.0019,86948.54,86986.78,0.4153,0.21622,0.00022,9.3085,69.2,89.3
2026-09-21T20:19:15Z,2026-09-22,1,88000.0,P,0.0115,0.0165,0.0137,86948.54,86986.78,0.4153,-0.78378,0.00022,9.3085,0.0,0.0
2026-09-21T20:19:15Z,2026-09-22,1,89000.0,C,0.0006,0.0009,0.0008,86948.54,86986.78,0.4743,0.09051,0.00011,5.17829,87.6,109.2
2026-09-21T20:19:15Z,2026-09-22,1,89000.0,P,0.022,0.0265,0.024,86959.67,86986.78,0.4743,-0.90828,0.00011,5.23026,0.6,1.2
2026-09-21T20:19:15Z,2026-09-22,1,90000.0,C,0.0002,0.0004,0.0003,86948.54,86986.78,0.5182,0.0349,5e-05,2.44768,93.6,100.5
2026-09-21T20:19:15Z,2026-09-22,1,90000.0,P,0.033,0.038,0.035,86948.54,86986.78,0.5182,-0.9651,5e-05,2.44768,0.6,1.2
2026-09-21T20:19:15Z,2026-09-23,2,72000.0,C,0.17,0.174,0.1724,86964.95,86986.78,0.9634999999999999,0.99904,0.0,0.18041,0.0,1.6
2026-09-21T20:19:15Z,2026-09-23,2,72000.0,P,0.0,0.0002,0.0,86964.95,86986.78,0.9634999999999999,-0.00096,0.0,0.18041,16.0,15.6
2026-09-21T20:19:15Z,2026-09-23,2,73000.0,C,0.1585,0.1625,0.1609,86964.95,86986.78,0.9314,0.99853,0.0,0.26549,0.0,1.6
2026-09-21T20:19:15Z,2026-09-23,2,73000.0,P,0.0,0.0002,0.0,86964.95,86986.78,0.9314,-0.00147,0.0,0.26549,7.2,1.7
2026-09-21T20:19:15Z,2026-09-23,2,74000.0,C,0.1475,0.151,0.1494,86964.95,86986.78,0.8835999999999999,0.99808,0.0,0.33926,0.8,1.6
2026-09-21T20:19:15Z,2026-09-23,2,74000.0,P,0.0,0.0002,0.0,86964.95,86986.78,0.8835999999999999,-0.00192,0.0,0.33926,1.3,0.2
2026-09-21T20:19:15Z,2026-09-23,2,75000.0,C,0.1355,0.139,0.1379,86964.95,86986.78,0.8515999999999999,0.99702,0.0,0.50412,0.0,1.6
2026-09-21T20:19:15Z,2026-09-23,2,75000.0,P,0.0,0.0002,0.0,86964.95,86986.78,0.8515999999999999,-0.00298,0.0,0.50412,4.1,0.5
2026-09-21T20:19:15Z,2026-09-23,2,76000.0,C,0.124,0.128,0.1264,86964.95,86986.78,0.7984,0.99621,0.0,0.62617,0.0,1.4
2026-09-21T20:19:15Z,2026-09-23,2,76000.0,P,0.0,0.0002,0.0001,86964.95,86986.78,0.7984,-0.00379,0.0,0.62617,6.0,2.1
2026-09-21T20:19:15Z,2026-09-23,2,77000.0,C,0.1115,0.1165,0.115,86976.08,86986.78,0.7429000000000001,0.99524,0.0,0.76773,0.0,1.2
2026-09-21T20:19:15Z,2026-09-23,2,77000.0,P,0.0,0.0003,0.0001,86964.95,86986.78,0.7429000000000001,-0.00479,0.0,0.77302,8.3,5.9
2026-09-21T20:19:15Z,2026-09-23,2,77500.0,C,0.107,0.1105,0.1091,86958.15,86986.78,0.7314,0.99362,0.0,0.9968,0.7,1.4
2026-09-21T20:19:15Z,2026-09-23,2,77500.0,P,0.0,0.0003,0.0001,86958.15,86986.78,0.7314,-0.00638,0.0,0.9968,15.3,14.9
2026-09-21T20:19:15Z,2026-09-23,2,78000.0,C,0.101,0.105,0.1033,86958.15,86986.78,0.7225,0.99136,1e-05,1.30124,0.0,1.8
2026-09-21T20:19:15Z,2026-09-23,2,78000.0,P,0.0001,0.0003,0.0001,86958.15,86986.78,0.7225,-0.00864,1e-05,1.30124,7.1,1.6
2026-09-21T20:19:15Z,2026-09-23,2,78500.0,C,0.0955,0.099,0.0976,86958.15,86986.78,0.6847,0.99095,1e-05,1.35567,0.0,1.6
2026-09-21T20:19:15Z,2026-09-23,2,78500.0,P,0.0,0.0003,0.0001,86964.7,86986.78,0.6847,-0.00901,1e-05,1.35026,37.4,34.2
2026-09-21T20:19:15Z,2026-09-23,2,79000.0,C,0.0885,0.0935,0.0919,86958.15,86986.78,0.6545000000000001,0.98979,1e-05,1.50642,0.8,2.8
2026-09-21T20:19:15Z,2026-09-23,2,79000.0,P,0.0001,0.0003,0.0001,86958.15,86986.78,0.6545000000000001,-0.01021,1e-05,1.50642,39.8,38.9
2026-09-21T20:19:15Z,2026-09-23,2,79500.0,C,0.084,0.0875,0.0861,86958.15,86986.78,0.6189,0.98898,1e-05,1.60966,1.0,2.8
2026-09-21T20:19:15Z,2026-09-23,2,79500.0,P,0.0001,0.0003,0.0001,86964.7,86986.78,0.6189,-0.01096,1e-05,1.60276,87.2,36.1
2026-09-21T20:19:15Z,2026-09-23,2,80000.0,C,0.077,0.082,0.0804,86964.7,86986.78,0.5876,0.9876,1e-05,1.7836,0.0,0.0
2026-09-21T20:19:15Z,2026-09-23,2,80000.0,P,0.0001,0.0003,0.0002,86964.7,86986.78,0.5876,-0.0124,1e-05,1.7836,92.6,104.1
2026-09-21T20:19:15Z,2026-09-23,2,80500.0,C,0.0725,0.0765,0.0747,86958.15,86986.78,0.5718,0.98353,1e-05,2.27757,3.5,3.7
2026-09-21T20:19:15Z,2026-09-23,2,80500.0,P,0.0002,0.0004,0.0002,86958.15,86986.78,0.5718,-0.01647,1e-05,2.27757,15.8,16.6
2026-09-21T20:19:15Z,2026-09-23,2,81000.0,C,0.0665,0.0705,0.069,86958.15,86986.78,0.5521,0.97892,2e-05,2.80947,2.3,0.0
2026-09-21T20:19:15Z,2026-09-23,2,81000.0,P,0.0003,0.0004,0.0003,86958.15,86986.78,0.5521,-0.02108,2e-05,2.80947,9.0,9.9
2026-09-21T20:19:15Z,2026-09-23,2,81500.0,C,0.061,0.065,0.0633,86958.15,86986.78,0.5279,0.97385,2e-05,3.36791,4.1,2.7
2026-09-21T20:19:15Z,2026-09-23,2,81500.0,P,0.0002,0.0004,0.0003,86958.15,86986.78,0.5279,-0.02615,2e-05,3.36791,40.9,41.3
2026-09-21T20:19:15Z,2026-09-23,2,82000.0,C,0.056,0.059,0.0576,86964.7,86986.78,0.4905,0.97084,2e-05,3.68834,97.2,106.1
2026-09-21T20:19:15Z,2026-09-23,2,82000.0,P,0.0003,0.0005,0.0004,86964.7,86986.78,0.4905,-0.02916,2e-05,3.68834,15.6,15.7
2026-09-21T20:19:15Z,2026-09-23,2,82500.0,C,0.0505,0.0535,0.0519,86958.15,86986.78,0.46740000000000004,0.96239,3e-05,4.54858,5.9,5.3
2026-09-21T20:19:15Z,2026-09-23,2,82500.0,P,0.0004,0.0006,0.0004,86958.15,86986.78,0.46740000000000004,-0.03761,3e-05,4.54858,8.9,9.0
2026-09-21T20:19:15Z,2026-09-23,2,83000.0,C,0.045,0.048,0.0463,86958.15,86986.78,0.44659999999999994,0.9504,4e-05,5.68777,9.5,7.0
2026-09-21T20:19:15Z,2026-09-23,2,83000.0,P,0.0006,0.0008,0.0006,86958.15,86986.78,0.44659999999999994,-0.0496,4e-05,5.68777,21.8,23.0
2026-09-21T20:19:15Z,2026-09-23,2,83500.0,C,0.0395,0.0425,0.0407,86964.7,86986.78,0.4244,0.93504,5e-05,7.03394,16.3,13.2
2026-09-21T20:19:15Z,2026-09-23,2,83500.0,P,0.0008,0.001,0.0008,86958.33,86986.78,0.4244,-0.06531,5e-05,7.0631,66.2,70.6
2026-09-21T20:19:15Z,2026-09-23,2,84000.0,C,0.034,0.037,0.0352,86958.33,86986.78,0.4086,0.90994,7e-05,9.01687,23.0,22.8
2026-09-21T20:19:15Z,2026-09-23,2,84000.0,P,0.001,0.0014,0.0011,86958.33,86986.78,0.4086,-0.09007,7e-05,9.01755,41.1,41.5
2026-09-21T20:19:15Z,2026-09-23,2,84500.0,C,0.0285,0.032,0.0299,86958.33,86986.78,0.3958,0.87446,9e-05,11.45908,59.1,82.8
2026-09-21T20:19:15Z,2026-09-23,2,84500.0,P,0.0015,0.0019,0.0016,86958.33,86986.78,0.3958,-0.12554,9e-05,11.45908,39.0,39.0
2026-09-21T20:19:15Z,2026-09-23,2,85000.0,C,0.0235,0.027,0.0249,86958.33,86986.78,0.3874,0.82474,0.00012,14.32018,27.8,27.9
2026-09-21T20:19:15Z,2026-09-23,2,85000.0,P,0.0022,0.0027,0.0023,86958.33,86986.78,0.3874,-0.17526,0.00012,14.32018,174.3,199.8
2026-09-21T20:19:15Z,2026-09-23,2,85500.0,C,0.019,0.0225,0.0203,86958.33,86986.78,0.3832,0.75919,0.00015,17.28514,123.7,124.0
2026-09-21T20:19:15Z,2026-09-23,2,85500.0,P,0.0034,0.0039,0.0035,86958.33,86986.78,0.3832,-0.24081,0.00015,17.28514,1.5,1.5
2026-09-21T20:19:15Z,2026-09-23,2,86000.0,C,0.016,0.0175,0.0162,86958.13,86986.78,0.3831,0.67915,0.00017,19.86939,156.3,160.5
2026-09-21T20:19:15Z,2026-09-23,2,86000.0,P,0.0049,0.0055,0.0051,86958.33,86986.78,0.3831,-0.32082,0.00017,19.86857,4.0,5.4
2026-09-21T20:19:15Z,2026-09-23,2,86500.0,C,0.0125,0.0135,0.0128,86958.33,86986.78,0.3884,0.58923,0.00018,21.58503,30.1,30.1
2026-09-21T20:19:15Z,2026-09-23,2,86500.0,P,0.007,0.008,0.0074,86958.13,86986.78,0.3884,-0.4108,0.00018,21.58543,3.6,3.6
2026-09-21T20:19:15Z,2026-09-23,2,87000.0,C,0.0095,0.0105,0.0098,86958.33,86986.78,0.39189999999999997,0.49735,0.00018,22.14075,57.3,64.0
2026-09-21T20:19:15Z,2026-09-23,2,87000.0,P,0.0095,0.0105,0.0102,86958.33,86986.78,0.392,-0.50265,0.00018,22.14075,3.7,5.1
2026-09-21T20:19:15Z,2026-09-23,2,87500.0,C,0.007,0.008,0.0074,86958.13,86986.78,0.3979,0.40831,0.00018,21.55378,0.0,0.0
2026-09-21T20:19:15Z,2026-09-23,2,87500.0,P,0.013,0.014,0.0135,86958.33,86986.78,0.3979,-0.59166,0.00018,21.55428,0.0,0.0
2026-09-21T20:19:15Z,2026-09-23,2,88000.0,C,0.005,0.0055,0.0054,86958.33,86986.78,0.4014,0.32561,0.00016,19.99066,175.8,188.9
2026-09-21T20:19:15Z,2026-09-23,2,88000.0,P,0.0165,0.018,0.0173,86958.33,86986.78,0.4014,-0.67439,0.00016,19.99066,0.0,0.0
2026-09-21T20:19:15Z,2026-09-23,2,88500.0,C,0.0038,0.0042,0.0039,86958.13,86986.78,0.40659999999999996,0.25324,0.00014,17.75704,0.0,0.0
2026-09-21T20:19:15Z,2026-09-23,2,88500.0,P,0.02,0.0235,0.0216,86958.33,86986.78,0.40659999999999996,-0.74673,0.00014,17.75813,0.0,0.0
2026-09-21T20:19:15Z,2026-09-23,2,89000.0,C,0.0027,0.0029,0.0029,86958.33,86986.78,0.42100000000000004,0.19762,0.00012,15.42601,73.3,76.7
2026-09-21T20:19:15Z,2026-09-23,2,89000.0,P,0.024,0.0285,0.0263,86958.33,86986.78,0.42100000000000004,-0.80238,0.00012,15.42601,0.6,1.2
2026-09-21T20:19:15Z,2026-09-23,2,90000.0,C,0.0015,0.0018,0.0017,86958.33,86986.78,0.4506,0.11881,8e-05,11.0242,24.4,26.2
2026-09-21T20:19:15Z,2026-09-23,2,90000.0,P,0.0345,0.0395,0.0366,86963.16,86986.78,0.4506,-0.88081,8e-05,11.04961,0.0,1.4
2026-09-21T20:19:15Z,2026-09-23,2,91000.0,C,0.0008,0.0011,0.001,86963.16,86986.78,0.4832,0.07272,5e-05,7.67329,12.9,21.0
2026-09-21T20:19:15Z,2026-09-23,2,91000.0,P,0.0455,0.0495,0.0475,86963.16,86986.78,0.4832,-0.92728,5e-05,7.67329,0.6,1.2
2026-09-21T20:19:15Z,2026-09-23,2,92000.0,C,0.0005,0.0008,0.0006,86963.16,86986.78,0.519,0.04616,3e-05,5.36986,5.2,5.2
2026-09-21T20:19:15Z,2026-09-23,2,92000.0,P,0.0565,0.0615,0.0586,86963.16,86986.78,0.519,-0.95384,3e-05,5.36986,0.0,0.0
2026-09-21T20:19:15Z,2026-09-23,2,93000.0,C,0.0002,0.0005,0.0004,86963.16,86986.78,0.5565,0.03062,2e-05,3.84117,0.0,0.0
2026-09-21T20:19:15Z,2026-09-23,2,93000.0,P,0.0675,0.0735,0.0699,86963.16,86986.78,0.5565,-0.96938,2e-05,3.84117,0.0,0.0
2026-09-21T20:19:15Z,2026-09-24,3,71000.0,C,0.182,0.1855,0.1838,86981.82,86986.78,0.904,0.99709,0.0,0.63868,0.0,0.0
2026-09-21T20:19:15Z,2026-09-24,3,71000.0,P,0.0,0.0005,0.0001,86986.91,86986.78,0.904,-0.0029,0.0,0.63734,64.8,63.6
2026-09-21T20:19:15Z,2026-09-24,3,72000.0,C,0.1705,0.174,0.1723,86998.93,86986.78,0.865,0.99638,0.0,0.77711,0.0,0.0
2026-09-21T20:19:15Z,2026-09-24,3,72000.0,P,0.0,0.0005,0.0001,86986.91,86986.78,0.865,-0.00364,0.0,0.78105,9.8,9.8
2026-09-21T20:19:15Z,2026-09-24,3,73000.0,C,0.159,0.1625,0.1608,86998.93,86986.78,0.8118000000000001,0.996,0.0,0.85157,0.0,0.0
2026-09-21T20:19:15Z,2026-09-24,3,73000.0,P,0.0,0.0003,0.0001,86998.93,86986.78,0.8118000000000001,-0.004,0.0,0.85157,3.2,3.2
2026-09-21T20:19:15Z,2026-09-24,3,74000.0,C,0.1475,0.151,0.1494,86998.93,86986.78,0.7828,0.99441,0.0,1.14665,0.0,0.0
2026-09-21T20:19:15Z,2026-09-24,3,74000.0,P,0.0,0.0003,0.0001,86986.91,86986.78,0.7828,-0.00562,0.0,1.15273,13.5,7.8
2026-09-21T20:19:15Z,2026-09-24,3,75000.0,C,0.136,0.1395,0.1379,86998.93,86986.78,0.732,0.99355,0.0,1.30207,0.0,0.0
2026-09-21T20:19:15Z,2026-09-24,3,75000.0,P,0.0,0.0003,0.0001,86998.93,86986.78,0.732,-0.00645,0.0,1.30207,10.5,10.3
2026-09-21T20:19:15Z,2026-09-24,3,76000.0,C,0.1245,0.1285,0.1264,86998.93,86986.78,0.6809999999999999,0.99251,0.0,1.4856,0.0,0.0
2026-09-21T20:19:15Z,2026-09-24,3,76000.0,P,0.0001,0.0003,0.0001,86998.93,86986.78,0.6809999999999999,-0.00749,0.0,1.4856,6.8,6.7
2026-09-21T20:19:15Z,2026-09-24,3,77000.0,C,0.113,0.117,0.1149,86998.93,86986.78,0.6462,0.98972,1e-05,1.9614,0.0,0.0
2026-09-21T20:19:15Z,2026-09-24,3,77000.0,P,0.0001,0.0003,0.0002,86998.93,86986.78,0.6462,-0.01028,1e-05,1.9614,30.8,30.7
2026-09-21T20:19:15Z,2026-09-24,3,77500.0,C,0.1075,0.111,0.1092,86998.93,86986.78,0.6314,0.9876,1e-05,2.30761,0.0,0.0
2026-09-21T20:19:15Z,2026-09-24,3,77500.0,P,0.0002,0.0004,0.0002,86998.93,86986.78,0.6314,-0.0124,1e-05,2.30761,1.6,1.5
2026-09-21T20:19:15Z,2026-09-24,3,78000.0,C,0.1015,0.1055,0.1035,86998.93,86986.78,0.61,0.98587,1e-05,2.58317,0.0,0.0
2026-09-21T20:19:15Z,2026-09-24,3,78000.0,P,0.0002,0.0004,0.0003,86986.91,86986.78,0.61,-0.01423,1e-05,2.59839,1.6,1.6
2026-09-21T20:19:15Z,2026-09-24,3,78500.0,C,0.096,0.0995,0.0978,86998.93,86986.78,0.5858,0.98423,1e-05,2.83903,0.0,0.0
2026-09-21T20:19:15Z,2026-09-24,3,78500.0,P,0.0002,0.0004,0.0003,86998.93,86986.78,0.5858,-0.01577,1e-05,2.83903,2.7,5.1
2026-09-21T20:19:15Z,2026-09-24,3,79000.0,C,0.09,0.094,0.0921,86998.93,86986.78,0.5716,0.98067,1e-05,3.37749,0.0,0.0
2026-09-21T20:19:15Z,2026-09-24,3,79000.0,P,0.0002,0.0005,0.0003,86998.93,86986.78,0.5716,-0.01933,1e-05,3.37749,26.4,26.6
2026-09-21T20:19:15Z,2026-09-24,3,79500.0,C,0.0845,0.0885,0.0864,86998.93,86986.78,0.5504,0.97761,1e-05,3.82499,0.0,0.0
2026-09-21T20:19:15Z,2026-09-24,3,79500.0,P,0.0004,0.0006,0.0004,86998.93,86986.78,0.5504,-0.02239,1e-05,3.82499,3.6,3.6
2026-09-21T20:19:15Z,2026-09-24,3,80000.0,C,0.0795,0.0825,0.0809,86995.16,86986.78,0.5307,0.97353,2e-05,4.40252,9.2,9.2
2026-09-21T20:19:15Z,2026-09-24,3,80000.0,P,0.0003,0.0006,0.0004,86998.93,86986.78,0.5307,-0.02641,2e-05,4.39429,43.2,43.3
2026-09-21T20:19:15Z,2026-09-24,3,80500.0,C,0.074,0.077,0.0751,86998.93,86986.78,0.5123,0.96835,2e-05,5.10735,10.9,10.9
2026-09-21T20:19:15Z,2026-09-24,3,80500.0,P,0.0005,0.0007,0.0005,86995.16,86986.78,0.5123,-0.03172,2e-05,5.11711,0.2,0.4
2026-09-21T20:19:15Z,2026-09-24,3,81000.0,C,0.068,0.071,0.0696,86998.93,86986.78,0.4943,0.96175,2e-05,5.96639,12.4,12.4
2026-09-21T20:19:15Z,2026-09-24,3,81000.0,P,0.0006,0.0008,0.0006,86995.16,86986.78,0.4943,-0.03833,2e-05,5.97736,6.5,6.5
2026-09-21T20:19:15Z,2026-09-24,3,81500.0,C,0.062,0.066,0.064,86998.93,86986.78,0.47729999999999995,0.95323,3e-05,7.02054,3.6,3.6
2026-09-21T20:19:15Z,2026-09-24,3,81500.0,P,0.0007,0.001,0.0008,86998.93,86986.78,0.47729999999999995,-0.04677,3e-05,7.02054,26.7,27.3
2026-09-21T20:19:15Z,2026-09-24,3,82000.0,C,0.056,0.0605,0.0584,86998.93,86986.78,0.4617,0.94202,3e-05,8.32776,0.3,0.3
2026-09-21T20:19:15Z,2026-09-24,3,82000.0,P,0.0009,0.0012,0.001,86995.16,86986.78,0.4617,-0.05811,4e-05,8.3423,2.6,2.6
2026-09-21T20:19:15Z,2026-09-24,3,82500.0,C,0.0515,0.0545,0.0529,86995.16,86986.78,0.44880000000000003,0.92656,4e-05,10.00323,11.5,11.5
2026-09-21T20:19:15Z,2026-09-24,3,82500.0,P,0.0012,0.0014,0.0012,86998.93,86986.78,0.44880000000000003,-0.07328,4e-05,9.98669,2.3,2.3
2026-09-21T20:19:15Z,2026-09-24,3,83000.0,C,0.046,0.049,0.0475,86995.16,86986.78,0.4359,0.90733,5e-05,11.91662,12.6,11.9
2026-09-21T20:19:15Z,2026-09-24,3,83000.0,P,0.0015,0.0018,0.0016,86995.16,86986.78,0.4359,-0.09267,5e-05,11.91662,13.1,13.1
2026-09-21T20:19:15Z,2026-09-24,3,83500.0,C,0.04,0.044,0.0423,86995.16,86986.78,0.42590000000000006,0.88178,6e-05,14.21355,2.6,2.4
2026-09-21T20:19:15Z,2026-09-24,3,83500.0,P,0.002,0.0023,0.0021,86998.93,86986.78,0.42590000000000006,-0.11798,6e-05,14.19343,1.5,1.5
2026-09-21T20:19:15Z,2026-09-24,3,84000.0,C,0.0355,0.039,0.0372,86998.93,86986.78,0.4178,0.84953,8e-05,16.77837,2.2,1.8
2026-09-21T20:19:15Z,2026-09-24,3,84000.0,P,0.0027,0.003,0.0027,86995.16,86986.78,0.4178,-0.15077,8e-05,16.79946,41.3,45.1
2026-09-21T20:19:15Z,2026-09-24,3,84500.0,C,0.0305,0.034,0.0323,86995.16,86986.78,0.41119999999999995,0.80902,9e-05,19.54755,8.2,8.2
2026-09-21T20:19:15Z,2026-09-24,3,84500.0,P,0.0035,0.0039,0.0036,86995.16,86986.78,0.41119999999999995,-0.19098,9e-05,19.54755,0.0,0.0
2026-09-21T20:19:15Z,2026-09-24,3,85000.0,C,0.0265,0.0295,0.0278,86995.16,86986.78,0.40869999999999995,0.75946,0.00011,22.35025,11.0,10.8
2026-09-21T20:19:15Z,2026-09-24,3,85000.0,P,0.0047,0.0055,0.0049,86995.16,86986.78,0.40869999999999995,-0.24054,0.00011,22.35025,55.0,59.6
2026-09-21T20:19:15Z,2026-09-24,3,85500.0,C,0.0225,0.025,0.0236,86991.28,86986.78,0.4042,0.70367,0.00012,24.82633,0.0,0.0
2026-09-21T20:19:15Z,2026-09-24,3,85500.0,P,0.006,0.007,0.0063,86991.28,86986.78,0.4042,-0.29633,0.00012,24.82633,0.0,0.0
2026-09-21T20:19:15Z,2026-09-24,3,86000.0,C,0.0195,0.0205,0.0197,86991.28,86986.78,0.4023,0.64123,0.00013,26.83139,89.4,91.6
2026-09-21T20:19:15Z,2026-09-24,3,86000.0,P,0.008,0.009,0.0082,86991.28,86986.78,0.4023,-0.35877,0.00013,26.83139,1.5,1.5
2026-09-21T20:19:15Z,2026-09-24,3,86500.0,C,0.016,0.017,0.0164,86995.16,86986.78,0.4077,0.57396,0.00013,28.15335,26.0,26.0
2026-09-21T20:19:15Z,2026-09-24,3,86500.0,P,0.01,0.011,0.0107,86991.28,86986.78,0.4077,-0.42656,0.00013,28.15903,1.7,1.7
2026-09-21T20:19:15Z,2026-09-24,3,87000.0,C,0.013,0.014,0.0134,86991.28,86986.78,0.4071,0.50551,0.00014,28.64302,42.1,53.4
2026-09-21T20:19:15Z,2026-09-24,3,87000.0,P,0.013,0.014,0.0134,86991.28,86986.78,0.4071,-0.49449,0.00014,28.64302,0.1,0.1
2026-09-21T20:19:15Z,2026-09-24,3,87500.0,C,0.0105,0.0115,0.0109,86995.16,86986.78,0.4105,0.43887,0.00013,28.31011,0.4,0.4
2026-09-21T20:19:15Z,2026-09-24,3,87500.0,P,0.016,0.017,0.0166,86991.28,86986.78,0.4105,-0.56164,0.00013,28.30309,0.0,0.0
2026-09-21T20:19:15Z,2026-09-24,3,88000.0,C,0.0085,0.009,0.0087,86995.16,86986.78,0.41240000000000004,0.37436,0.00013,27.21447,12.4,14.5
2026-09-21T20:19:15Z,2026-09-24,3,88000.0,P,0.0195,0.0215,0.0202,86991.28,86986.78,0.41240000000000004,-0.62613,0.00013,27.20181,0.0,0.0
2026-09-21T20:19:15Z,2026-09-24,3,88500.0,C,0.0065,0.0075,0.007,86995.16,86986.78,0.4192,0.3162,0.00012,25.55004,0.0,0.0
2026-09-21T20:19:15Z,2026-09-24,3,88500.0,P,0.0235,0.026,0.0242,86991.28,86986.78,0.4192,-0.68426,0.00012,25.53313,0.4,0.4
2026-09-21T20:19:15Z,2026-09-24,3,89000.0,C,0.005,0.006,0.0057,86991.28,86986.78,0.42969999999999997,0.26567,0.00011,23.54921,54.8,25.2
2026-09-21T20:19:15Z,2026-09-24,3,89000.0,P,0.0275,0.03,0.0287,86995.16,86986.78,0.42969999999999997,-0.73392,0.00011,23.56878,0.0,0.0
2026-09-21T20:19:15Z,2026-09-24,3,90000.0,C,0.0033,0.0037,0.0035,86991.28,86986.78,0.43920000000000003,0.17884,8e-05,18.76513,34.2,5.0
2026-09-21T20:19:15Z,2026-09-24,3,90000.0,P,0.036,0.04,0.038,86991.28,86986.78,0.43920000000000003,-0.82116,8e-05,18.76513,0.0,0.0
2026-09-21T20:19:15Z,2026-09-24,3,91000.0,C,0.002,0.0025,0.0023,86991.28,86986.78,0.4631,0.12311,6e-05,14.62416,1.5,1.5
2026-09-21T20:19:15Z,2026-09-24,3,91000.0,P,0.046,0.051,0.0483,86995.16,86986.78,0.4631,-0.87666,6e-05,14.64461,0.0,0.0
2026-09-21T20:19:15Z,2026-09-24,3,92000.0,C,0.0013,0.0017,0.0016,86991.28,86986.78,0.4874,0.08514,4e-05,11.18671,1.0,1.0
2026-09-21T20:19:15Z,2026-09-24,3,92000.0,P,0.057,0.063,0.059,86991.28,86986.78,0.4874,-0.91486,4e-05,11.18671,0.0,0.0
2026-09-21T20:19:15Z,2026-09-24,3,93000.0,C,0.0009,0.0013,0.0011,86991.28,86986.78,0.5136999999999999,0.0601,3e-05,8.56488,11.2,15.2
2026-09-21T20:19:15Z,2026-09-24,3,93000.0,P,0.0675,0.072,0.0701,86999.97,86986.78,0.5136999999999999,-0.93962,3e-05,8.59718,0.0,0.0
2026-09-21T20:19:15Z,2026-09-24,3,94000.0,C,0.0006,0.0009,0.0008,86999.97,86986.78,0.5451,0.04482,2e-05,6.78454,0.0,0.0
2026-09-21T20:19:15Z,2026-09-24,3,94000.0,P,0.079,0.0835,0.0813,86999.97,86986.78,0.5451,-0.95518,2e-05,6.78454,0.0,0.0
2026-09-21T20:19:15Z,2026-09-24,3,95000.0,C,0.0004,0.0007,0.0006,86999.97,86986.78,0.5658,0.03143,2e-05,5.07794,0.0,0.0
2026-09-21T20:19:15Z,2026-09-24,3,95000.0,P,0.0905,0.0965,0.0926,86999.97,86986.78,0.5658,-0.96857,2e-05,5.07794,0.0,0.0
2026-09-21T20:19:15Z,2026-09-25,4,30000.0,C,0.6545,0.6565,0.6552,87006.2,86986.78,1.2395,1.0,0.0,0.0,135.5,1.6
2026-09-21T20:19:15Z,2026-09-25,4,30000.0,P,0.0,0.0001,0.0,86996.98,86986.78,1.2395,0.0,0.0,0.0,2959.5,0.0
2026-09-21T20:19:15Z,2026-09-25,4,35000.0,C,0.5965,0.5985,0.5977,87006.2,86986.78,1.0855,1.0,0.0,0.0,29.3,1.6
2026-09-21T20:19:15Z,2026-09-25,4,35000.0,P,0.0,0.0001,0.0,86996.98,86986.78,1.0855,0.0,0.0,0.0,1209.4,0.0
2026-09-21T20:19:15Z,2026-09-25,4,40000.0,C,0.539,0.5415,0.5402,87006.2,86986.78,1.0505,1.0,0.0,0.0,34.4,1.6
2026-09-21T20:19:15Z,2026-09-25,4,40000.0,P,0.0,0.0001,0.0,87006.2,86986.78,1.0505,0.0,0.0,0.0,2819.0,0.0
2026-09-21T20:19:15Z,2026-09-25,4,45000.0,C,0.4815,0.484,0.4827,87006.2,86986.78,1.035,1.0,0.0,0.0,164.9,1.8
2026-09-21T20:19:15Z,2026-09-25,4,45000.0,P,0.0,0.0001,0.0,87006.2,86986.78,1.035,0.0,0.0,0.0,2172.5,0.1
2026-09-21T20:19:15Z,2026-09-25,4,50000.0,C,0.424,0.4265,0.4253,87006.2,86986.78,1.0347,1.0,0.0,1e-05,30.1,0.0
2026-09-21T20:19:15Z,2026-09-25,4,50000.0,P,0.0,0.0016,0.0,87006.2,86986.78,1.0347,0.0,0.0,1e-05,3819.0,0.2
2026-09-21T20:19:15Z,2026-09-25,4,52000.0,C,0.401,0.404,0.4023,86996.98,86986.78,1.0347,1.0,0.0,6e-05,150.2,1.0
2026-09-21T20:19:15Z,2026-09-25,4,52000.0,P,0.0,0.0001,0.0,86996.98,86986.78,1.0347,0.0,0.0,6e-05,1209.3,0.0
2026-09-21T20:19:15Z,2026-09-25,4,54000.0,C,0.378,0.381,0.3793,86996.98,86986.78,1.0347,1.0,0.0,0.0004,7.2,1.6
2026-09-21T20:19:15Z,2026-09-25,4,54000.0,P,0.0,0.0005,0.0,87006.2,86986.78,1.0347,0.0,0.0,0.00039,896.5,0.0
2026-09-21T20:19:15Z,2026-09-25,4,55000.0,C,0.3665,0.3695,0.3678,86996.98,86986.78,1.0347,1.0,0.0,0.00092,105.8,1.6
2026-09-21T20:19:15Z,2026-09-25,4,55000.0,P,0.0,0.0001,0.0,87018.47,86986.78,1.0347,0.0,0.0,0.00091,3013.3,0.0
2026-09-21T20:19:15Z,2026-09-25,4,56000.0,C,0.355,0.358,0.3564,87018.47,86986.78,1.0347,0.99999,0.0,0.00203,13.4,1.8
2026-09-21T20:19:15Z,2026-09-25,4,56000.0,P,0.0,0.0001,0.0,87018.47,86986.78,1.0347,-1e-05,0.0,0.00203,1780.8,5.0
2026-09-21T20:19:15Z,2026-09-25,4,58000.0,C,0.332,0.335,0.3334,87018.47,86986.78,1.0347,0.99998,0.0,0.00885,460.5,1.4
2026-09-21T20:19:15Z,2026-09-25,4,58000.0,P,0.0,0.0001,0.0,87018.47,86986.78,1.0347,-2e-05,0.0,0.00885,1421.0,5.9
2026-09-21T20:19:15Z,2026-09-25,4,60000.0,C,0.309,0.312,0.3104,87018.47,86986.78,1.0347,0.9999,0.0,0.03266,833.6,2.6
2026-09-21T20:19:15Z,2026-09-25,4,60000.0,P,0.0,0.0002,0.0,87006.67,86986.78,1.0347,-0.0001,0.0,0.03282,5586.4,6.2
2026-09-21T20:19:15Z,2026-09-25,4,62000.0,C,0.286,0.289,0.2874,87006.67,86986.78,1.0347,0.99966,0.0,0.10422,597.2,0.0
2026-09-21T20:19:15Z,2026-09-25,4,62000.0,P,0.0,0.0002,0.0,87018.47,86986.78,1.0347,-0.00033,0.0,0.10376,1516.9,2.7
2026-09-21T20:19:15Z,2026-09-25,4,64000.0,C,0.263,0.266,0.2644,87018.47,86986.78,1.0347,0.999,0.0,0.2875,642.5,1.1
2026-09-21T20:19:15Z,2026-09-25,4,64000.0,P,0.0,0.0002,0.0,87018.47,86986.78,1.0347,-0.001,0.0,0.2875,1479.8,33.2
2026-09-21T20:19:15Z,2026-09-25,4,65000.0,C,0.2515,0.2545,0.253,87018.47,86986.78,1.0337,0.99835,0.0,0.45249,1248.5,2.4
2026-09-21T20:19:15Z,2026-09-25,4,65000.0,P,0.0,0.0001,0.0,87018.47,86986.78,1.0337,-0.00165,0.0,0.45249,1136.0,32.0
2026-09-21T20:19:15Z,2026-09-25,4,66000.0,C,0.24,0.243,0.2415,87018.47,86986.78,1.0288,0.99745,0.0,0.67302,968.1,2.0
2026-09-21T20:19:15Z,2026-09-25,4,66000.0,P,0.0,0.0002,0.0001,87018.47,86986.78,1.0288,-0.00255,0.0,0.67302,1750.1,34.4
2026-09-21T20:19:15Z,2026-09-25,4,68000.0,C,0.217,0.22,0.2186,87006.67,86986.78,0.9729000000000001,0.99585,0.0,1.04065,872.6,2.1
2026-09-21T20:19:15Z,2026-09-25,4,68000.0,P,0.0,0.0003,0.0001,87018.47,86986.78,0.9729000000000001,-0.00413,0.0,1.03688,2477.3,120.4
2026-09-21T20:19:15Z,2026-09-25,4,70000.0,C,0.1935,0.197,0.1956,87018.47,86986.78,0.8809,0.99493,0.0,1.24533,9566.2,1775.7
2026-09-21T20:19:15Z,2026-09-25,4,70000.0,P,0.0001,0.0004,0.0001,87006.67,86986.78,0.8809,-0.00509,0.0,1.25021,8153.9,1596.0
2026-09-21T20:19:15Z,2026-09-25,4,72000.0,C,0.171,0.1745,0.1727,87018.47,86986.78,0.8248000000000001,0.99159,0.0,1.94738,3283.3,257.8
2026-09-21T20:19:15Z,2026-09-25,4,72000.0,P,0.0002,0.0006,0.0002,87006.67,86986.78,0.8248000000000001,-0.00845,0.0,1.95496,2840.5,534.9
2026-09-21T20:19:15Z,2026-09-25,4,73000.0,C,0.1595,0.163,0.1612,87006.67,86986.78,0.7729,0.9909,0.0,2.08629,53.2,2.2
2026-09-21T20:19:15Z,2026-09-25,4,73000.0,P,0.0002,0.0007,0.0002,87018.47,86986.78,0.7729,-0.00905,0.0,2.07774,1636.8,108.5
2026-09-21T20:19:15Z,2026-09-25,4,74000.0,C,0.148,0.1515,0.1498,87018.47,86986.78,0.7312000000000001,0.98938,0.0,2.38903,1382.8,109.2
2026-09-21T20:19:15Z,2026-09-25,4,74000.0,P,0.0002,0.0005,0.0003,87006.67,86986.78,0.7312000000000001,-0.01068,0.0,2.39917,2161.0,94.3
2026-09-21T20:19:15Z,2026-09-25,4,75000.0,C,0.1365,0.14,0.1383,87018.47,86986.78,0.6940000000000001,0.98697,1e-05,2.8521,2913.9,62.2
2026-09-21T20:19:15Z,2026-09-25,4,75000.0,P,0.0003,0.0005,0.0003,87018.47,86986.78,0.6940000000000001,-0.01303,1e-05,2.8521,4276.4,556.1
2026-09-21T20:19:15Z,2026-09-25,4,76000.0,C,0.125,0.1285,0.1268,87006.67,86986.78,0.6418,0.98565,1e-05,3.09956,2414.7,104.7
2026-09-21T20:19:15Z,2026-09-25,4,76000.0,P,0.0002,0.0005,0.0003,87018.33,86986.78,0.6419,-0.01428,1e-05,3.08633,1449.5,106.7
2026-09-21T20:19:15Z,2026-09-25,4,77000.0,C,0.1135,0.117,0.1155,87017.02,86986.78,0.5982,0.98305,1e-05,3.57581,580.2,48.4
2026-09-21T20:19:15Z,2026-09-25,4,77000.0,P,0.0003,0.0005,0.0004,87018.33,86986.78,0.5982,-0.01694,1e-05,3.57392,1249.4,171.2
2026-09-21T20:19:15Z,2026-09-25,4,78000.0,C,0.102,0.106,0.1041,87017.02,86986.78,0.562,0.97827,1e-05,4.41772,4698.1,84.8
2026-09-21T20:19:15Z,2026-09-25,4,78000.0,P,0.0004,0.0006,0.0005,87017.02,86986.78,0.562,-0.02173,1e-05,4.41772,2419.9,119.8
2026-09-21T20:19:15Z,2026-09-25,4,79000.0,C,0.091,0.0945,0.0928,87017.02,86986.78,0.54,0.96841,2e-05,6.03925,2820.5,365.3
2026-09-21T20:19:15Z,2026-09-25,4,79000.0,P,0.0006,0.0008,0.0007,87017.02,86986.78,0.54,-0.03159,2e-05,6.03925,1858.7,2264.4
2026-09-21T20:19:15Z,2026-09-25,4,80000.0,C,0.0795,0.083,0.0815,87017.02,86986.78,0.4986,0.95993,2e-05,7.33885,6312.5,270.7
2026-09-21T20:19:15Z,2026-09-25,4,80000.0,P,0.0007,0.001,0.0008,87017.02,86986.78,0.4986,-0.04007,2e-05,7.33885,2383.4,1194.2
2026-09-21T20:19:15Z,2026-09-25,4,81000.0,C,0.0695,0.0715,0.0703,87017.02,86986.78,0.47090000000000004,0.94295,3e-05,9.73648,3511.9,73.4
2026-09-21T20:19:15Z,2026-09-25,4,81000.0,P,0.001,0.0013,0.0011,87017.02,86986.78,0.47090000000000004,-0.05705,3e-05,9.73648,781.8,490.4
2026-09-21T20:19:15Z,2026-09-25,4,82000.0,C,0.0575,0.06,0.0594,87017.02,86986.78,0.4482,0.91584,4e-05,13.13536,4402.3,2913.0
2026-09-21T20:19:15Z,2026-09-25,4,82000.0,P,0.0018,0.0019,0.0017,87017.02,86986.78,0.4482,-0.08416,4e-05,13.13536,1212.6,1410.6
2026-09-21T20:19:15Z,2026-09-25,4,83000.0,C,0.048,0.05,0.0488,87017.02,86986.78,0.42869999999999997,0.87474,6e-05,17.53123,1606.5,82.3
2026-09-21T20:19:15Z,2026-09-25,4,83000.0,P,0.0025,0.0029,0.0027,87018.33,86986.78,0.42869999999999997,-0.12518,6e-05,17.52425,904.2,746.7
2026-09-21T20:19:15Z,2026-09-25,4,84000.0,C,0.038,0.04,0.039,87018.33,86986.78,0.41700000000000004,0.81233,8e-05,22.90257,3725.4,478.5
2026-09-21T20:19:15Z,2026-09-25,4,84000.0,P,0.0041,0.0045,0.0043,87017.02,86986.78,0.41700000000000004,-0.18777,8e-05,22.90972,1094.0,1230.6
2026-09-21T20:19:15Z,2026-09-25,4,85000.0,C,0.0285,0.0315,0.0299,87018.33,86986.78,0.40630000000000005,0.72934,0.0001,28.15336,6997.8,6926.2
2026-09-21T20:19:15Z,2026-09-25,4,85000.0,P,0.0065,0.007,0.0067,87017.02,86986.78,0.40630000000000005,-0.27079,0.0001,28.15946,1292.9,1275.0
2026-09-21T20:19:15Z,2026-09-25,4,86000.0,C,0.0215,0.023,0.0221,87017.02,86986.78,0.40020000000000006,0.62558,0.00011,32.23135,2246.9,2138.9
2026-09-21T20:19:15Z,2026-09-25,4,86000.0,P,0.01,0.011,0.0104,87018.33,86986.78,0.40020000000000006,-0.37427,0.00011,32.22786,680.8,696.3
2026-09-21T20:19:15Z,2026-09-25,4,87000.0,C,0.0155,0.0165,0.0156,87015.62,86986.78,0.39880000000000004,0.50961,0.00012,33.91606,235.6,310.1
2026-09-21T20:19:15Z,2026-09-25,4,87000.0,P,0.015,0.016,0.0154,87017.13,86986.78,0.39880000000000004,-0.49021,0.00012,33.91628,108.8,100.0
2026-09-21T20:19:15Z,2026-09-25,4,88000.0,C,0.0105,0.011,0.0107,87015.62,86986.78,0.3998,0.39422,0.00011,32.72614,1571.6,759.3
2026-09-21T20:19:15Z,2026-09-25,4,88000.0,P,0.021,0.0225,0.022,87017.13,86986.78,0.3998,-0.60561,0.00011,32.73061,7.1,2.4
2026-09-21T20:19:15Z,2026-09-25,4,89000.0,C,0.0065,0.0075,0.0072,87017.13,86986.78,0.4067,0.29217,0.0001,29.21155,26.0,26.0
2026-09-21T20:19:15Z,2026-09-25,4,89000.0,P,0.0285,0.0305,0.0299,87017.13,86986.78,0.4067,-0.70783,0.0001,29.21155,0.0,0.0
2026-09-21T20:19:15Z,2026-09-25,4,90000.0,C,0.0045,0.0049,0.0047,87015.62,86986.78,0.4157,0.20902,8e-05,24.44116,8233.5,3041.0
2026-09-21T20:19:15Z,2026-09-25,4,90000.0,P,0.0365,0.0415,0.039,87015.62,86986.78,0.4157,-0.79098,8e-05,24.44116,559.0,24.2
2026-09-21T20:19:15Z,2026-09-25,4,92000.0,C,0.0019,0.0024,0.0022,87017.13,86986.78,0.4487,0.10606,5e-05,15.57602,1275.4,251.6
2026-09-21T20:19:15Z,2026-09-25,4,92000.0,P,0.057,0.062,0.0595,87015.62,86986.78,0.4487,-0.89401,5e-05,15.56806,7.6,0.0
2026-09-21T20:19:15Z,2026-09-25,4,94000.0,C,0.001,0.0013,0.0012,87015.62,86986.78,0.494,0.05762,3e-05,9.81298,921.2,345.7
2026-09-21T20:19:15Z,2026-09-25,4,94000.0,P,0.0795,0.0835,0.0814,87017.13,86986.78,0.494,-0.94234,3e-05,9.81871,1.9,0.0
2026-09-21T20:19:15Z,2026-09-25,4,95000.0,C,0.0007,0.001,0.0009,87015.62,86986.78,0.5183,0.04385,2e-05,7.89413,5054.8,561.1
2026-09-21T20:19:15Z,2026-09-25,4,95000.0,P,0.0905,0.095,0.0926,87015.62,86986.78,0.5183,-0.95615,2e-05,7.89413,147.9,1.5
2026-09-21T20:19:15Z,2026-09-25,4,96000.0,C,0.0005,0.0009,0.0007,87017.13,86986.78,0.5461,0.03482,2e-05,6.54335,2146.1,69.4
2026-09-21T20:19:15Z,2026-09-25,4,96000.0,P,0.102,0.106,0.104,87017.13,86986.78,0.5461,-0.96518,2e-05,6.54335,1.0,0.0
2026-09-21T20:19:15Z,2026-09-25,4,98000.0,C,0.0004,0.0005,0.0005,87017.13,86986.78,0.5992000000000001,0.02273,1e-05,4.5879,1159.0,51.8
2026-09-21T20:19:15Z,2026-09-25,4,98000.0,P,0.1245,0.129,0.1267,87015.62,86986.78,0.5992000000000001,-0.97729,1e-05,4.5851,0.1,0.0
2026-09-21T20:19:15Z,2026-09-25,4,100000.0,C,0.0002,0.0005,0.0004,87015.62,86986.78,0.6690999999999999,0.01812,1e-05,3.78672,7036.8,473.1
2026-09-21T20:19:15Z,2026-09-25,4,100000.0,P,0.1475,0.152,0.1496,87017.13,86986.78,0.6690999999999999,-0.98186,1e-05,3.78889,331.2,6.7
2026-09-21T20:19:15Z,2026-09-25,4,102000.0,C,0.0001,0.0003,0.0003,87018.75,86986.78,0.7045,0.01152,1e-05,2.5635,461.5,112.1
2026-09-21T20:19:15Z,2026-09-25,4,102000.0,P,0.17,0.175,0.1725,87018.75,86986.78,0.7045,-0.98848,1e-05,2.5635,6.1,0.0
2026-09-21T20:19:15Z,2026-09-25,4,105000.0,C,0.0001,0.0003,0.0002,87018.75,86986.78,0.7857999999999999,0.00803,0.0,1.87041,1547.3,121.0
2026-09-21T20:19:15Z,2026-09-25,4,105000.0,P,0.2045,0.209,0.2069,87015.44,86986.78,0.7857999999999999,-0.99198,0.0,1.86811,105.2,6.4
2026-09-21T20:19:15Z,2026-09-25,4,110000.0,C,0.0,0.0002,0.0002,87018.75,86986.78,0.9412999999999999,0.00618,0.0,1.48431,1467.8,5.3
2026-09-21T20:19:15Z,2026-09-25,4,110000.0,P,0.262,0.2665,0.2643,87018.75,86986.78,0.9412999999999999,-0.99382,0.0,1.48431,182.3,2.1
2026-09-21T20:19:15Z,2026-09-25,4,115000.0,C,0.0,0.0001,0.0001,87015.44,86986.78,1.0464,0.00373,0.0,0.94652,2153.8,2.4
2026-09-21T20:19:15Z,2026-09-25,4,115000.0,P,0.319,0.3245,0.3217,87018.75,86986.78,1.0464,-0.99626,0.0,0.94749,92.6,1.2
2026-09-21T20:19:15Z,2026-09-25,4,120000.0,C,0.0,0.0001,0.0,87018.75,86986.78,1.0796,0.00138,0.0,0.38463,1351.5,5.3
2026-09-21T20:19:15Z,2026-09-25,4,120000.0,P,0.3765,0.3815,0.3791,87018.75,86986.78,1.0796,-0.99862,0.0,0.38463,173.7,1.6
2026-09-21T20:19:15Z,2026-09-25,4,125000.0,C,0.0,0.0001,0.0,87015.44,86986.78,1.0796,0.00036,0.0,0.11195,2384.7,1.0
2026-09-21T20:19:15Z,2026-09-25,4,125000.0,P,0.434,0.4395,0.4365,87018.75,86986.78,1.0796,-0.99964,0.0,0.11209,20.4,1.0
2026-09-21T20:19:15Z,2026-09-25,4,130000.0,C,0.0,0.0001,0.0,87018.75,86986.78,1.0796,9e-05,0.0,0.02978,1509.0,0.2
2026-09-21T20:19:15Z,2026-09-25,4,130000.0,P,0.4905,0.4975,0.494,87018.75,86986.78,1.0796,-0.99991,0.0,0.02978,21.4,1.0
2026-09-21T20:19:15Z,2026-09-25,4,135000.0,C,0.0,0.0001,0.0,87018.75,86986.78,1.0796,2e-05,0.0,0.0073,493.0,0.0
2026-09-21T20:19:15Z,2026-09-25,4,135000.0,P,0.548,0.5545,0.5514,87015.44,86986.78,1.0796,-0.99998,0.0,0.00729,11.5,0.0
2026-09-21T20:19:15Z,2026-09-25,4,140000.0,C,0.0,0.0001,0.0,87018.75,86986.78,1.0796,0.0,0.0,0.00167,1208.1,0.0
2026-09-21T20:19:15Z,2026-09-25,4,140000.0,P,0.606,0.612,0.6089,87018.75,86986.78,1.0796,-1.0,0.0,0.00167,1.4,0.0
2026-09-21T20:19:15Z,2026-09-25,4,145000.0,C,0.0,0.0001,0.0,87015.44,86986.78,1.0796,0.0,0.0,0.00036,519.2,0.0
2026-09-21T20:19:15Z,2026-09-25,4,145000.0,P,0.663,0.6705,0.6664,87015.44,86986.78,1.0796,-1.0,0.0,0.00036,4.4,0.0
2026-09-21T20:19:15Z,2026-09-25,4,150000.0,C,0.0,0.0027,0.0,87015.44,86986.78,1.0796,0.0,0.0,7e-05,780.5,0.5
2026-09-21T20:19:15Z,2026-09-25,4,150000.0,P,0.7205,0.728,0.7238,87021.28,86986.78,1.0796,-1.0,0.0,7e-05,40.5,0.0
2026-09-21T20:19:15Z,2026-09-25,4,155000.0,C,0.0,0.0001,0.0,87018.78,86986.78,1.0796,0.0,0.0,1e-05,378.0,0.0
2026-09-21T20:19:15Z,2026-09-25,4,155000.0,P,0.778,0.785,0.7812,87021.28,86986.78,1.0796,-1.0,0.0,1e-05,0.1,0.0
2026-09-21T20:19:15Z,2026-09-25,4,160000.0,C,0.0,0.0001,0.0,87021.28,86986.78,1.0796,0.0,0.0,0.0,1498.4,0.0
2026-09-21T20:19:15Z,2026-09-25,4,160000.0,P,0.835,0.8425,0.8387,87021.28,86986.78,1.0796,-1.0,0.0,0.0,0.6,0.0
2026-09-21T20:19:15Z,2026-09-25,4,165000.0,C,0.0,0.0001,0.0,87021.28,86986.78,1.0796,0.0,0.0,0.0,266.6,0.0
2026-09-21T20:19:15Z,2026-09-25,4,165000.0,P,0.892,0.901,0.8961,87021.28,86986.78,1.0796,-1.0,0.0,0.0,0.0,0.0
2026-09-21T20:19:15Z,2026-09-25,4,170000.0,C,0.0,0.0001,0.0,87018.78,86986.78,1.0796,0.0,0.0,0.0,444.9,0.0
2026-09-21T20:19:15Z,2026-09-25,4,170000.0,P,0.9495,0.9605,0.9536,87021.28,86986.78,1.0796,-1.0,0.0,0.0,0.0,0.6
2026-09-21T20:19:15Z,2026-09-25,4,175000.0,C,0.0,0.0001,0.0,87021.28,86986.78,1.0796,0.0,0.0,0.0,1904.8,0.0
2026-09-21T20:19:15Z,2026-09-25,4,175000.0,P,1.006,1.0185,1.0111,87021.28,86986.78,1.0796,-1.0,0.0,0.0,0.2,0.0
2026-09-21T20:19:15Z,2026-09-25,4,180000.0,C,0.0,0.0001,0.0,87021.28,86986.78,1.0796,0.0,0.0,0.0,792.3,0.0
2026-09-21T20:19:15Z,2026-09-25,4,180000.0,P,1.064,1.076,1.0685,87021.28,86986.78,1.0796,-1.0,0.0,0.0,10.5,0.0
2026-09-21T20:19:15Z,2026-09-25,4,190000.0,C,0.0,0.0001,0.0,87018.78,86986.78,1.0796,0.0,0.0,0.0,762.1,0.0
2026-09-21T20:19:15Z,2026-09-25,4,190000.0,P,1.178,1.191,1.1834,87018.78,86986.78,1.0796,-1.0,0.0,0.0,0.0,0.0
2026-09-21T20:19:15Z,2026-09-25,4,200000.0,C,0.0,0.0001,0.0,87021.28,86986.78,1.0798,0.0,0.0,0.0,1018.5,0.0
2026-09-21T20:19:15Z,2026-09-25,4,200000.0,P,1.293,1.305,1.2984,87021.28,86986.78,1.0798,-1.0,0.0,0.0,3.2,0.0
2026-09-21T20:19:15Z,2026-09-25,4,220000.0,C,0.0,0.0001,0.0,87018.78,86986.78,1.0849,0.0,0.0,0.0,241.9,0.0
2026-09-21T20:19:15Z,2026-09-25,4,220000.0,P,1.5215,1.538,1.5282,87018.78,86986.78,1.0849,-1.0,0.0,0.0,27.7,0.0
2026-09-21T20:19:15Z,2026-09-25,4,240000.0,C,0.0,0.0001,0.0,87021.28,86986.78,1.156,0.0,0.0,0.0,211.9,0.0
2026-09-21T20:19:15Z,2026-09-25,4,240000.0,P,1.7505,1.769,1.758,87021.28,86986.78,1.156,-1.0,0.0,0.0,0.0,0.0
2026-09-21T20:19:15Z,2026-09-25,4,260000.0,C,0.0,0.0001,0.0,87021.28,86986.78,1.2309,0.0,0.0,0.0,293.3,0.0
2026-09-21T20:19:15Z,2026-09-25,4,260000.0,P,1.9795,1.999,1.9879,87021.28,86986.78,1.2309,-1.0,0.0,0.0,2.6,2.6
2026-09-21T20:19:15Z,2026-09-25,4,280000.0,C,0.0,0.0001,0.0,87018.78,86986.78,1.2987,0.0,0.0,0.0,76.1,0.0
2026-09-21T20:19:15Z,2026-09-25,4,280000.0,P,2.2085,2.2305,2.2177,87021.28,86986.78,1.2987,-1.0,0.0,0.0,0.0,0.0
2026-09-21T20:19:15Z,2026-09-25,4,300000.0,C,0.0,0.0001,0.0,87018.78,86986.78,1.3629,0.0,0.0,0.0,196.3,0.0
2026-09-21T20:19:15Z,2026-09-25,4,300000.0,P,2.439,2.46,2.4475,87021.05,86986.78,1.3629,-1.0,0.0,0.0,0.0,0.0
2026-09-21T20:19:15Z,2026-09-25,4,320000.0,C,0.0,0.0001,0.0,87021.28,86986.78,1.4009,0.0,0.0,0.0,304.6,0.0
2026-09-21T20:19:15Z,2026-09-25,4,320000.0,P,2.668,2.6915,2.6774,87021.28,86986.78,1.4009,-1.0,0.0,0.0,25.1,0.0
2026-09-21T20:19:15Z,2026-10-02,11,65000.0,C,0.2525,0.256,0.2541,87113.1,86986.78,0.7001999999999999,0.99424,0.0,2.42001,0.8,4.8
2026-09-21T20:19:15Z,2026-10-02,11,65000.0,P,0.0,0.0003,0.0002,87118.17,86986.78,0.7001999999999999,-0.00575,0.0,2.41716,706.4,263.7
2026-09-21T20:19:15Z,2026-10-02,11,70000.0,C,0.1945,0.1985,0.1969,87118.17,86986.78,0.575,0.98909,0.0,4.24654,2.6,4.6
2026-09-21T20:19:15Z,2026-10-02,11,70000.0,P,0.0003,0.0005,0.0004,87118.17,86986.78,0.575,-0.01091,0.0,4.24654,993.5,592.2
2026-09-21T20:19:15Z,2026-10-02,11,72000.0,C,0.171,0.176,0.174,87113.1,86986.78,0.531,0.9847,0.0,5.68876,2.1,4.2
2026-09-21T20:19:15Z,2026-10-02,11,72000.0,P,0.0005,0.0006,0.0005,87118.17,86986.78,0.531,-0.01528,0.0,5.68115,211.1,52.2
2026-09-21T20:19:15Z,2026-10-02,11,73000.0,C,0.1595,0.1645,0.1627,87118.17,86986.78,0.5163,0.9805,1e-05,6.99769,0.8,4.8
2026-09-21T20:19:15Z,2026-10-02,11,73000.0,P,0.0006,0.0008,0.0006,87113.1,86986.78,0.5163,-0.01953,1e-05,7.0069,1104.4,746.6
2026-09-21T20:19:15Z,2026-10-02,11,74000.0,C,0.1495,0.1535,0.1514,87113.1,86986.78,0.501,0.97522,1e-05,8.56668,1.6,4.6
2026-09-21T20:19:15Z,2026-10-02,11,74000.0,P,0.0007,0.0009,0.0008,87113.1,86986.78,0.501,-0.02478,1e-05,8.56668,1210.6,514.6
2026-09-21T20:19:15Z,2026-10-02,11,75000.0,C,0.1375,0.142,0.1401,87118.17,86986.78,0.48109999999999997,0.96977,1e-05,10.11127,4.5,3.4
2026-09-21T20:19:15Z,2026-10-02,11,75000.0,P,0.001,0.0012,0.001,87118.17,86986.78,0.48109999999999997,-0.03023,1e-05,10.11127,427.7,239.7
2026-09-21T20:19:15Z,2026-10-02,11,76000.0,C,0.127,0.131,0.1289,87118.17,86986.78,0.46590000000000004,0.96151,1e-05,12.33188,40.7,9.1
2026-09-21T20:19:15Z,2026-10-02,11,76000.0,P,0.0012,0.0015,0.0013,87118.17,86986.78,0.46590000000000004,-0.03849,1e-05,12.33188,350.4,22.4
2026-09-21T20:19:15Z,2026-10-02,11,77000.0,C,0.116,0.1195,0.1178,87118.17,86986.78,0.452,0.95052,2e-05,15.10205,186.9,13.5
2026-09-21T20:19:15Z,2026-10-02,11,77000.0,P,0.0015,0.0018,0.0016,87118.17,86986.78,0.452,-0.04948,2e-05,15.10205,233.5,134.9
2026-09-21T20:19:15Z,2026-10-02,11,78000.0,C,0.105,0.1085,0.1068,87118.17,86986.78,0.43729999999999997,0.93681,2e-05,18.3164,322.5,13.0
2026-09-21T20:19:15Z,2026-10-02,11,78000.0,P,0.002,0.0024,0.0021,87118.17,86986.78,0.43729999999999997,-0.06319,2e-05,18.3164,700.4,648.3
2026-09-21T20:19:15Z,2026-10-02,11,79000.0,C,0.094,0.098,0.096,87118.17,86986.78,0.4257,0.918,2e-05,22.36562,367.2,3.8
2026-09-21T20:19:15Z,2026-10-02,11,79000.0,P,0.0026,0.0031,0.0028,87113.1,86986.78,0.4257,-0.08212,2e-05,22.38943,170.4,120.8
2026-09-21T20:19:15Z,2026-10-02,11,80000.0,C,0.0835,0.087,0.0853,87102.07,86986.78,0.41490000000000005,0.89338,3e-05,27.14335,864.0,32.1
2026-09-21T20:19:15Z,2026-10-02,11,80000.0,P,0.0035,0.004,0.0037,87102.07,86986.78,0.41490000000000005,-0.10662,3e-05,27.14335,200.1,196.5
2026-09-21T20:19:15Z,2026-10-02,11,81000.0,C,0.073,0.0765,0.0751,87112.44,86986.78,0.406,0.86249,4e-05,32.46508,313.8,54.6
2026-09-21T20:19:15Z,2026-10-02,11,81000.0,P,0.0048,0.0055,0.0049,87112.44,86986.78,0.406,-0.13751,4e-05,32.46508,171.2,131.2
2026-09-21T20:19:15Z,2026-10-02,11,82000.0,C,0.0635,0.067,0.0653,87112.44,86986.78,0.3981,0.82382,4e-05,38.22311,1983.8,622.2
2026-09-21T20:19:15Z,2026-10-02,11,82000.0,P,0.0065,0.007,0.0066,87102.07,86986.78,0.3981,-0.17663,4e-05,38.28127,36.7,16.8
2026-09-21T20:19:15Z,2026-10-02,11,83000.0,C,0.055,0.057,0.0561,87102.07,86986.78,0.3935,0.77536,5e-05,44.2376,760.4,682.2
2026-09-21T20:19:15Z,2026-10-02,11,83000.0,P,0.009,0.0095,0.0089,87112.44,86986.78,0.3935,-0.22411,5e-05,44.18309,137.8,128.8
2026-09-21T20:19:15Z,2026-10-02,11,84000.0,C,0.0465,0.0485,0.0475,87112.44,86986.78,0.389,0.72067,6e-05,49.64583,1322.5,402.3
2026-09-21T20:19:15Z,2026-10-02,11,84000.0,P,0.0115,0.0125,0.0118,87102.07,86986.78,0.389,-0.27994,6e-05,49.69229,355.2,376.7
2026-09-21T20:19:15Z,2026-10-02,11,85000.0,C,0.0385,0.0405,0.0398,87112.44,86986.78,0.38789999999999997,0.65771,6e-05,54.24012,910.7,539.0
2026-09-21T20:19:15Z,2026-10-02,11,85000.0,P,0.015,0.016,0.0156,87112.44,86986.78,0.38789999999999997,-0.34229,6e-05,54.24012,98.4,121.7
2026-09-21T20:19:15Z,2026-10-02,11,86000.0,C,0.0325,0.0335,0.033,87102.07,86986.78,0.38799999999999996,0.58959,7e-05,57.40636,786.8,590.4
2026-09-21T20:19:15Z,2026-10-02,11,86000.0,P,0.0195,0.0205,0.0202,87102.07,86986.78,0.38799999999999996,-0.41041,7e-05,57.40636,57.4,57.6
2026-09-21T20:19:15Z,2026-10-02,11,87000.0,C,0.0265,0.027,0.0268,87102.07,86986.78,0.38630000000000003,0.5202,7e-05,58.82235,122.0,122.0
2026-09-21T20:19:15Z,2026-10-02,11,87000.0,P,0.025,0.026,0.0255,87102.07,86986.78,0.38630000000000003,-0.4798,7e-05,58.82235,0.1,0.1
2026-09-21T20:19:15Z,2026-10-02,11,88000.0,C,0.021,0.022,0.0216,87112.44,86986.78,0.38880000000000003,0.4519,7e-05,58.47616,696.0,753.1
2026-09-21T20:19:15Z,2026-10-02,11,88000.0,P,0.0315,0.032,0.0318,87102.07,86986.78,0.38880000000000003,-0.54882,7e-05,58.45634,0.0,1.6
2026-09-21T20:19:15Z,2026-10-02,11,89000.0,C,0.0165,0.0175,0.0173,87112.44,86986.78,0.3918,0.38606,7e-05,56.48566,3.6,3.6
2026-09-21T20:19:15Z,2026-10-02,11,89000.0,P,0.038,0.04,0.039,87112.44,86986.78,0.3918,-0.61394,7e-05,56.48566,0.0,0.0
2026-09-21T20:19:15Z,2026-10-02,11,90000.0,C,0.013,0.014,0.0136,87102.07,86986.78,0.3925,0.32323,6e-05,53.0171,418.5,406.3
2026-09-21T20:19:15Z,2026-10-02,11,90000.0,P,0.046,0.048,0.0467,87112.44,86986.78,0.3925,-0.67612,6e-05,53.06686,0.1,4.0
2026-09-21T20:19:15Z,2026-10-02,11,92000.0,C,0.008,0.009,0.0085,87102.07,86986.78,0.40490000000000004,0.22278,5e-05,44.02842,101.5,103.6
2026-09-21T20:19:15Z,2026-10-02,11,92000.0,P,0.0625,0.0665,0.0647,87095.56,86986.78,0.40490000000000004,-0.77755,5e-05,43.98849,0.0,0.0
2026-09-21T20:19:15Z,2026-10-02,11,95000.0,C,0.004,0.0044,0.0043,87102.02,86986.78,0.4275,0.12267,3e-05,29.99265,473.8,557.6
2026-09-21T20:19:15Z,2026-10-02,11,95000.0,P,0.093,0.099,0.0949,87095.56,86986.78,0.4275,-0.87754,3e-05,29.95477,0.2,3.4
2026-09-21T20:19:15Z,2026-10-09,18,65000.0,C,0.2535,0.2565,0.255,87179.18,86986.78,0.5864,0.99065,0.0,4.79633,0.7,1.4
2026-09-21T20:19:15Z,2026-10-09,18,65000.0,P,0.0004,0.0005,0.0004,87179.18,86986.78,0.5864,-0.00935,0.0,4.79633,119.5,108.7
2026-09-21T20:19:15Z,2026-10-09,18,68000.0,C,0.219,0.2225,0.2208,87179.18,86986.78,0.5326,0.98573,0.0,6.92237,0.9,1.8
2026-09-21T20:19:15Z,2026-10-09,18,68000.0,P,0.0006,0.0007,0.0006,87179.18,86986.78,0.5326,-0.01427,0.0,6.92237,89.9,74.7
2026-09-21T20:19:15Z,2026-10-09,18,70000.0,C,0.1965,0.1995,0.1981,87179.18,86986.78,0.5104,0.97833,1e-05,9.88817,0.0,1.6
2026-09-21T20:19:15Z,2026-10-09,18,70000.0,P,0.0009,0.0011,0.0009,87179.18,86986.78,0.5104,-0.02167,1e-05,9.88817,84.8,0.5
2026-09-21T20:19:15Z,2026-10-09,18,72000.0,C,0.174,0.177,0.1756,87179.18,86986.78,0.4803,0.96943,1e-05,13.18833,0.0,0.0
2026-09-21T20:19:15Z,2026-10-09,18,72000.0,P,0.0012,0.0015,0.0013,87179.18,86986.78,0.4803,-0.03057,1e-05,13.18833,62.0,0.2
2026-09-21T20:19:15Z,2026-10-09,18,73000.0,C,0.1625,0.166,0.1643,87189.55,86986.78,0.4656,0.96358,1e-05,15.23411,0.2,1.9
2026-09-21T20:19:15Z,2026-10-09,18,73000.0,P,0.0015,0.0017,0.0015,87178.65,86986.78,0.4656,-0.03652,1e-05,15.26648,108.1,5.4
2026-09-21T20:19:15Z,2026-10-09,18,74000.0,C,0.1515,0.155,0.1531,87172.19,86986.78,0.4508,0.95633,1e-05,17.65248,1.1,1.8
2026-09-21T20:19:15Z,2026-10-09,18,74000.0,P,0.0017,0.0021,0.0018,87179.18,86986.78,0.4508,-0.04359,1e-05,17.62859,43.3,8.1
2026-09-21T20:19:15Z,2026-10-09,18,75000.0,C,0.1405,0.1435,0.142,87172.19,86986.78,0.4389,0.9467,1e-05,20.70324,0.2,1.9
2026-09-21T20:19:15Z,2026-10-09,18,75000.0,P,0.0021,0.0025,0.0022,87178.65,86986.78,0.4389,-0.05321,1e-05,20.67901,430.0,274.0
2026-09-21T20:19:15Z,2026-10-09,18,76000.0,C,0.1295,0.1325,0.1311,87172.19,86986.78,0.4267,0.93514,2e-05,24.15221,50.1,1.9
2026-09-21T20:19:15Z,2026-10-09,18,76000.0,P,0.0028,0.003,0.0027,87172.19,86986.78,0.4267,-0.06486,2e-05,24.15221,127.9,63.3
2026-09-21T20:19:15Z,2026-10-09,18,77000.0,C,0.1185,0.122,0.1203,87172.19,86986.78,0.41600000000000004,0.92049,2e-05,28.23382,57.9,1.7
2026-09-21T20:19:15Z,2026-10-09,18,77000.0,P,0.0033,0.0037,0.0034,87178.65,86986.78,0.41600000000000004,-0.07939,2e-05,28.20355,42.1,16.7
2026-09-21T20:19:15Z,2026-10-09,18,78000.0,C,0.108,0.1115,0.1097,87172.19,86986.78,0.4068,0.902,2e-05,32.99504,28.3,5.4
2026-09-21T20:19:15Z,2026-10-09,18,78000.0,P,0.0041,0.0046,0.0043,87172.19,86986.78,0.4068,-0.098,2e-05,32.99504,27.4,10.0
2026-09-21T20:19:15Z,2026-10-09,18,79000.0,C,0.0975,0.101,0.0993,87172.19,86986.78,0.39880000000000004,0.87928,3e-05,38.32813,14.4,10.4
2026-09-21T20:19:15Z,2026-10-09,18,79000.0,P,0.005,0.006,0.0054,87172.19,86986.78,0.39880000000000004,-0.12072,3e-05,38.32813,81.0,35.0
2026-09-21T20:19:15Z,2026-10-09,18,80000.0,C,0.0875,0.091,0.0893,87172.19,86986.78,0.39280000000000004,0.85123,3e-05,44.24245,93.5,39.1
2026-09-21T20:19:15Z,2026-10-09,18,80000.0,P,0.0065,0.0075,0.0068,87172.19,86986.78,0.39280000000000004,-0.14877,3e-05,44.24245,30.8,28.3
2026-09-21T20:19:15Z,2026-10-09,18,81000.0,C,0.078,0.0815,0.0796,87172.19,86986.78,0.38670000000000004,0.81857,4e-05,50.31452,99.4,11.0
2026-09-21T20:19:15Z,2026-10-09,18,81000.0,P,0.0085,0.009,0.0086,87172.19,86986.78,0.38670000000000004,-0.18143,4e-05,50.31452,10.9,0.7
2026-09-21T20:19:15Z,2026-10-09,18,82000.0,C,0.0695,0.0715,0.0705,87172.19,86986.78,0.3826,0.78001,4e-05,56.49308,294.8,13.9
2026-09-21T20:19:15Z,2026-10-09,18,82000.0,P,0.0105,0.0115,0.011,87172.19,86986.78,0.3826,-0.21999,4e-05,56.49308,82.6,83.7
2026-09-21T20:19:15Z,2026-10-09,18,83000.0,C,0.061,0.0625,0.0619,87172.19,86986.78,0.3799,0.73611,5e-05,62.36222,92.8,35.3
2026-09-21T20:19:15Z,2026-10-09,18,83000.0,P,0.0135,0.0145,0.0138,87172.19,86986.78,0.3799,-0.26389,5e-05,62.36222,73.7,56.7
2026-09-21T20:19:15Z,2026-10-09,18,84000.0,C,0.053,0.0545,0.0539,87172.19,86986.78,0.3778,0.68781,5e-05,67.51921,291.6,442.0
2026-09-21T20:19:15Z,2026-10-09,18,84000.0,P,0.017,0.018,0.0173,87172.19,86986.78,0.3778,-0.31219,5e-05,67.51921,69.9,77.9
2026-09-21T20:19:15Z,2026-10-09,18,85000.0,C,0.0455,0.047,0.0466,87178.65,86986.78,0.3768,0.63612,5e-05,71.64846,317.8,297.0
2026-09-21T20:19:15Z,2026-10-09,18,85000.0,P,0.021,0.022,0.0215,87172.19,86986.78,0.3768,-0.36422,5e-05,71.66554,111.6,110.6
2026-09-21T20:19:15Z,2026-10-09,18,86000.0,C,0.0395,0.0405,0.0398,87172.19,86986.78,0.3759,0.58148,5e-05,74.52508,295.7,427.6
2026-09-21T20:19:15Z,2026-10-09,18,86000.0,P,0.0255,0.0265,0.0263,87170.82,86986.78,0.3759,-0.4186,5e-05,74.52683,155.2,182.4
2026-09-21T20:19:15Z,2026-10-09,18,87000.0,C,0.0335,0.0345,0.0337,87170.82,86986.78,0.3751,0.52589,6e-05,75.95662,35.1,35.1
2026-09-21T20:19:15Z,2026-10-09,18,87000.0,P,0.031,0.032,0.0317,87170.82,86986.78,0.3751,-0.47411,6e-05,75.95662,100.0,108.0
2026-09-21T20:19:15Z,2026-10-09,18,88000.0,C,0.028,0.029,0.0285,87170.82,86986.78,0.3765,0.47063,6e-05,75.91065,1102.9,1080.2
2026-09-21T20:19:15Z,2026-10-09,18,88000.0,P,0.0375,0.0385,0.0379,87170.82,86986.78,0.3765,-0.52937,6e-05,75.91065,1.0,2.8
2026-09-21T20:19:15Z,2026-10-09,18,89000.0,C,0.0235,0.0245,0.0239,87170.82,86986.78,0.3779,0.41695,5e-05,74.46172,0.1,0.1
2026-09-21T20:19:15Z,2026-10-09,18,89000.0,P,0.044,0.045,0.0448,87172.19,86986.78,0.3779,-0.58297,5e-05,74.46585,1.0,1.0
2026-09-21T20:19:15Z,2026-10-09,18,90000.0,C,0.0195,0.0205,0.0199,87170.82,86986.78,0.379,0.36561,5e-05,71.75585,776.2,1228.3
2026-09-21T20:19:15Z,2026-10-09,18,90000.0,P,0.0515,0.053,0.0522,87170.82,86986.78,0.379,-0.63439,5e-05,71.75585,0.0,1.6
2026-09-21T20:19:15Z,2026-10-09,18,92000.0,C,0.013,0.014,0.0136,87172.19,86986.78,0.3843,0.27464,5e-05,63.62318,19.7,20.9
2026-09-21T20:19:15Z,2026-10-09,18,92000.0,P,0.067,0.0705,0.0689,87170.82,86986.78,0.3843,-0.72542,5e-05,63.61506,0.0,0.0
2026-09-21T20:19:15Z,2026-10-09,18,94000.0,C,0.0085,0.0095,0.0094,87170.82,86986.78,0.39299999999999996,0.20222,4e-05,53.76994,0.2,0.2
2026-09-21T20:19:15Z,2026-10-09,18,94000.0,P,0.0855,0.0895,0.0876,87170.82,86986.78,0.39299999999999996,-0.79778,4e-05,53.76994,0.0,0.0
2026-09-21T20:19:15Z,2026-10-09,18,95000.0,C,0.007,0.008,0.0077,87170.82,86986.78,0.3958,0.17121,3e-05,48.50148,293.0,302.2
2026-09-21T20:19:15Z,2026-10-09,18,95000.0,P,0.095,0.0995,0.0974,87170.82,86986.78,0.3958,-0.82879,3e-05,48.50148,0.6,1.2
2026-09-21T20:19:15Z,2026-10-09,18,100000.0,C,0.0028,0.0033,0.0031,87170.82,86986.78,0.42560000000000003,0.07676,2e-05,27.48926,54.0,56.1
2026-09-21T20:19:15Z,2026-10-09,18,100000.0,P,0.148,0.1525,0.1502,87170.82,86986.78,0.42560000000000003,-0.92324,2e-05,27.48926,3.8,3.8
2026-09-21T20:19:15Z,2026-10-30,39,40000.0,C,0.5415,0.544,0.5426,87431.28,86986.78,0.8578,0.99839,0.0,1.47386,0.3,0.0
2026-09-21T20:19:15Z,2026-10-30,39,40000.0,P,0.0,0.0002,0.0001,87431.28,86986.78,0.8578,-0.00161,0.0,1.47386,117.8,46.3
2026-09-21T20:19:15Z,2026-10-30,39,45000.0,C,0.4845,0.487,0.4857,87431.28,86986.78,0.8068000000000001,0.99617,0.0,3.23827,0.9,1.6
2026-09-21T20:19:15Z,2026-10-30,39,45000.0,P,0.0001,0.0006,0.0003,87431.28,86986.78,0.8068000000000001,-0.00383,0.0,3.23827,284.8,78.7
2026-09-21T20:19:15Z,2026-10-30,39,48000.0,C,0.45,0.453,0.4515,87431.28,86986.78,0.7615999999999999,0.99459,0.0,4.40465,8.5,0.0
2026-09-21T20:19:15Z,2026-10-30,39,48000.0,P,0.0002,0.0006,0.0005,87431.28,86986.78,0.7615999999999999,-0.00541,0.0,4.40465,195.9,6.6
2026-09-21T20:19:15Z,2026-10-30,39,50000.0,C,0.427,0.43,0.4287,87431.28,86986.78,0.732,0.99324,0.0,5.36218,1.1,0.0
2026-09-21T20:19:15Z,2026-10-30,39,50000.0,P,0.0004,0.0008,0.0006,87431.28,86986.78,0.732,-0.00676,0.0,5.36218,436.6,8.5
2026-09-21T20:19:15Z,2026-10-30,39,52000.0,C,0.4045,0.4075,0.4059,87431.28,86986.78,0.6987000000000001,0.99188,0.0,6.30326,0.1,0.0
2026-09-21T20:19:15Z,2026-10-30,39,52000.0,P,0.0005,0.0009,0.0007,87431.28,86986.78,0.6987000000000001,-0.00812,0.0,6.30326,125.8,4.8
2026-09-21T20:19:15Z,2026-10-30,39,54000.0,C,0.3815,0.3845,0.3831,87431.28,86986.78,0.6661,0.99025,0.0,7.39876,0.1,0.0
2026-09-21T20:19:15Z,2026-10-30,39,54000.0,P,0.0007,0.001,0.0008,87431.28,86986.78,0.6661,-0.00975,0.0,7.39876,189.8,32.8
2026-09-21T20:19:15Z,2026-10-30,39,55000.0,C,0.37,0.373,0.3718,87431.28,86986.78,0.6515000000000001,0.98919,0.0,8.09949,0.1,0.0
2026-09-21T20:19:15Z,2026-10-30,39,55000.0,P,0.0007,0.001,0.0008,87431.28,86986.78,0.6515000000000001,-0.01081,0.0,8.09949,325.3,0.5
2026-09-21T20:19:15Z,2026-10-30,39,56000.0,C,0.359,0.362,0.3604,87431.28,86986.78,0.6339,0.98832,0.0,8.66447,0.5,0.0
2026-09-21T20:19:15Z,2026-10-30,39,56000.0,P,0.0008,0.0011,0.0009,87431.28,86986.78,0.6339,-0.01168,0.0,8.66447,468.2,2.5
2026-09-21T20:19:15Z,2026-10-30,39,57000.0,C,0.3475,0.3505,0.349,87431.28,86986.78,0.6177,0.98723,0.0,9.35592,0.1,0.0
2026-09-21T20:19:15Z,2026-10-30,39,57000.0,P,0.0008,0.0011,0.001,87431.28,86986.78,0.6177,-0.01277,0.0,9.35592,206.2,0.5
2026-09-21T20:19:15Z,2026-10-30,39,58000.0,C,0.336,0.339,0.3377,87428.96,86986.78,0.6045,0.98569,0.0,10.32237,0.0,0.0
2026-09-21T20:19:15Z,2026-10-30,39,58000.0,P,0.0011,0.0012,0.0011,87431.05,86986.78,0.6045,-0.0143,0.0,10.31963,335.2,4.1
2026-09-21T20:19:15Z,2026-10-30,39,59000.0,C,0.325,0.328,0.3263,87428.96,86986.78,0.5899,0.98418,0.0,11.25218,1.0,0.0
2026-09-21T20:19:15Z,2026-10-30,39,59000.0,P,0.001,0.0013,0.0012,87428.96,86986.78,0.5899,-0.01582,0.0,11.25218,102.1,0.6
2026-09-21T20:19:15Z,2026-10-30,39,60000.0,C,0.3135,0.3165,0.315,87428.96,86986.78,0.5761999999999999,0.98239,0.0,12.33396,14.4,2.0
2026-09-21T20:19:15Z,2026-10-30,39,60000.0,P,0.0011,0.0014,0.0013,87428.96,86986.78,0.5761999999999999,-0.01761,0.0,12.33396,1311.4,72.4
2026-09-21T20:19:15Z,2026-10-30,39,61000.0,C,0.302,0.305,0.3037,87428.96,86986.78,0.5653,0.97995,0.0,13.77714,7.7,0.0
2026-09-21T20:19:15Z,2026-10-30,39,61000.0,P,0.0014,0.0016,0.0014,87428.96,86986.78,0.5653,-0.02005,0.0,13.77714,273.9,7.6
2026-09-21T20:19:15Z,2026-10-30,39,62000.0,C,0.291,0.294,0.2924,87428.96,86986.78,0.5492,0.97811,0.0,14.83488,13.5,0.0
2026-09-21T20:19:15Z,2026-10-30,39,62000.0,P,0.0015,0.0017,0.0015,87428.96,86986.78,0.5492,-0.02189,0.0,14.83488,1297.0,22.5
2026-09-21T20:19:15Z,2026-10-30,39,63000.0,C,0.2795,0.2825,0.2811,87431.05,86986.78,0.5339,0.97598,0.0,16.04569,153.2,0.0
2026-09-21T20:19:15Z,2026-10-30,39,63000.0,P,0.0017,0.0019,0.0017,87428.96,86986.78,0.5339,-0.02403,0.0,16.04968,663.5,62.3
2026-09-21T20:19:15Z,2026-10-30,39,64000.0,C,0.2685,0.2715,0.2698,87431.05,86986.78,0.5201,0.9733,0.0,17.5298,416.6,0.1
2026-09-21T20:19:15Z,2026-10-30,39,64000.0,P,0.0017,0.0021,0.0018,87428.96,86986.78,0.5201,-0.02671,0.0,17.53418,586.8,188.9
2026-09-21T20:19:15Z,2026-10-30,39,65000.0,C,0.257,0.26,0.2586,87428.96,86986.78,0.5071,0.97013,0.0,19.24903,430.4,0.0
2026-09-21T20:19:15Z,2026-10-30,39,65000.0,P,0.002,0.0023,0.002,87428.96,86986.78,0.5071,-0.02987,0.0,19.24903,631.8,91.1
2026-09-21T20:19:15Z,2026-10-30,39,66000.0,C,0.246,0.249,0.2473,87428.96,86986.78,0.4932,0.9668,1e-05,21.00597,81.1,8.4
2026-09-21T20:19:15Z,2026-10-30,39,66000.0,P,0.0021,0.0025,0.0022,87428.96,86986.78,0.4932,-0.0332,1e-05,21.00597,469.2,11.4
2026-09-21T20:19:15Z,2026-10-30,39,67000.0,C,0.2345,0.238,0.2362,87428.96,86986.78,0.4818,0.96241,1e-05,23.259,108.4,0.2
2026-09-21T20:19:15Z,2026-10-30,39,67000.0,P,0.0023,0.0028,0.0025,87428.96,86986.78,0.4818,-0.03759,1e-05,23.259,628.8,1.7
2026-09-21T20:19:15Z,2026-10-30,39,68000.0,C,0.2235,0.2265,0.225,87428.96,86986.78,0.4697,0.95766,1e-05,25.61777,514.8,0.0
2026-09-21T20:19:15Z,2026-10-30,39,68000.0,P,0.0027,0.0031,0.0028,87428.96,86986.78,0.4697,-0.04234,1e-05,25.61777,1567.2,3.2
2026-09-21T20:19:15Z,2026-10-30,39,69000.0,C,0.2125,0.2155,0.214,87428.96,86986.78,0.45899999999999996,0.95184,1e-05,28.41771,649.6,0.0
2026-09-21T20:19:15Z,2026-10-30,39,69000.0,P,0.003,0.0034,0.0032,87428.96,86986.78,0.45899999999999996,-0.04816,1e-05,28.41771,892.8,563.0
2026-09-21T20:19:15Z,2026-10-30,39,70000.0,C,0.202,0.204,0.2029,87427.38,86986.78,0.4475,0.94547,1e-05,31.36583,1062.0,2.8
2026-09-21T20:19:15Z,2026-10-30,39,70000.0,P,0.0035,0.0038,0.0036,87428.96,86986.78,0.4475,-0.05451,1e-05,31.36014,1572.4,719.2
2026-09-21T20:19:15Z,2026-10-30,39,71000.0,C,0.1905,0.194,0.192,87427.38,86986.78,0.4376,0.9377,1e-05,34.82817,966.1,0.1
2026-09-21T20:19:15Z,2026-10-30,39,71000.0,P,0.0039,0.0043,0.0041,87427.38,86986.78,0.4376,-0.0623,1e-05,34.82817,683.9,10.9
2026-09-21T20:19:15Z,2026-10-30,39,72000.0,C,0.1795,0.183,0.1812,87427.38,86986.78,0.4299,0.92793,1e-05,38.97849,991.6,525.0
2026-09-21T20:19:15Z,2026-10-30,39,72000.0,P,0.0045,0.0049,0.0047,87427.38,86986.78,0.4299,-0.07207,1e-05,38.97849,1298.2,552.0
2026-09-21T20:19:15Z,2026-10-30,39,73000.0,C,0.169,0.1725,0.1704,87427.38,86986.78,0.4193,0.91813,1e-05,42.94646,609.0,0.6
2026-09-21T20:19:15Z,2026-10-30,39,73000.0,P,0.005,0.006,0.0054,87427.38,86986.78,0.4193,-0.08187,1e-05,42.94646,364.4,118.4
2026-09-21T20:19:15Z,2026-10-30,39,74000.0,C,0.1585,0.1615,0.1598,87427.38,86986.78,0.4115,0.90568,1e-05,47.72905,717.4,439.4
2026-09-21T20:19:15Z,2026-10-30,39,74000.0,P,0.006,0.0065,0.0062,87427.38,86986.78,0.4115,-0.09432,1e-05,47.72905,411.1,61.5
2026-09-21T20:19:15Z,2026-10-30,39,75000.0,C,0.148,0.1515,0.1496,87427.38,86986.78,0.40630000000000005,0.89028,2e-05,53.28438,1177.1,0.6
2026-09-21T20:19:15Z,2026-10-30,39,75000.0,P,0.007,0.008,0.0074,87427.38,86986.78,0.40630000000000005,-0.10972,2e-05,53.28438,1014.7,284.5
2026-09-21T20:19:15Z,2026-10-30,39,76000.0,C,0.1375,0.141,0.1393,87427.38,86986.78,0.3987,0.87424,2e-05,58.6895,559.8,101.3
2026-09-21T20:19:15Z,2026-10-30,39,76000.0,P,0.008,0.009,0.0086,87428.96,86986.78,0.3987,-0.12574,2e-05,58.68117,461.7,149.4
2026-09-21T20:19:15Z,2026-10-30,39,77000.0,C,0.128,0.131,0.1293,87427.38,86986.78,0.39289999999999997,0.85527,2e-05,64.6245,236.2,37.9
2026-09-21T20:19:15Z,2026-10-30,39,77000.0,P,0.0095,0.0105,0.01,87427.38,86986.78,0.39289999999999997,-0.14473,2e-05,64.6245,374.7,255.3
2026-09-21T20:19:15Z,2026-10-30,39,78000.0,C,0.118,0.1215,0.1197,87427.38,86986.78,0.3881,0.83356,2e-05,70.86904,507.9,33.4
2026-09-21T20:19:15Z,2026-10-30,39,78000.0,P,0.0115,0.0125,0.0118,87427.38,86986.78,0.3881,-0.16644,2e-05,70.86904,865.1,418.4
2026-09-21T20:19:15Z,2026-10-30,39,79000.0,C,0.1085,0.112,0.1103,87428.96,86986.78,0.3837,0.80947,2e-05,77.17171,288.5,27.4
2026-09-21T20:19:15Z,2026-10-30,39,79000.0,P,0.0135,0.0145,0.0139,87427.38,86986.78,0.3837,-0.19057,2e-05,77.18012,597.2,49.4
2026-09-21T20:19:15Z,2026-10-30,39,80000.0,C,0.1,0.102,0.1013,87427.38,86986.78,0.3801,0.78262,3e-05,83.48195,1387.1,64.6
2026-09-21T20:19:15Z,2026-10-30,39,80000.0,P,0.016,0.0165,0.0163,87427.38,86986.78,0.3801,-0.21738,3e-05,83.48195,1445.2,672.5
2026-09-21T20:19:15Z,2026-10-30,39,81000.0,C,0.0915,0.0935,0.0925,87427.38,86986.78,0.3762,0.75369,3e-05,89.50087,698.9,0.2
2026-09-21T20:19:15Z,2026-10-30,39,81000.0,P,0.0185,0.0195,0.019,87427.38,86986.78,0.3762,-0.24631,3e-05,89.50087,215.8,124.7
2026-09-21T20:19:15Z,2026-10-30,39,82000.0,C,0.0835,0.085,0.0843,87427.38,86986.78,0.3732,0.72221,3e-05,95.19715,1397.9,180.6
2026-09-21T20:19:15Z,2026-10-30,39,82000.0,P,0.0215,0.0225,0.0222,87428.59,86986.78,0.3732,-0.27775,3e-05,95.19184,56.7,71.6
2026-09-21T20:19:15Z,2026-10-30,39,83000.0,C,0.0755,0.0775,0.0764,87428.59,86986.78,0.37060000000000004,0.68868,3e-05,100.34104,508.5,627.3
2026-09-21T20:19:15Z,2026-10-30,39,83000.0,P,0.0255,0.026,0.0257,87428.59,86986.78,0.37060000000000004,-0.31132,3e-05,100.34104,107.3,31.1
2026-09-21T20:19:15Z,2026-10-30,39,84000.0,C,0.068,0.07,0.0689,87428.59,86986.78,0.3682,0.65336,4e-05,104.78231,1473.3,135.8
2026-09-21T20:19:15Z,2026-10-30,39,84000.0,P,0.029,0.0305,0.0297,87428.59,86986.78,0.3682,-0.34664,4e-05,104.78231,144.6,114.0
2026-09-21T20:19:15Z,2026-10-30,39,85000.0,C,0.0615,0.0625,0.0619,87428.59,86986.78,0.3661,0.61654,4e-05,108.39033,2631.2,1133.0
2026-09-21T20:19:15Z,2026-10-30,39,85000.0,P,0.0335,0.0345,0.0342,87428.59,86986.78,0.3661,-0.38346,4e-05,108.39033,144.6,32.3
2026-09-21T20:19:15Z,2026-10-30,39,86000.0,C,0.0555,0.0565,0.0556,87428.59,86986.78,0.366,0.57849,4e-05,111.05866,877.6,692.3
2026-09-21T20:19:15Z,2026-10-30,39,86000.0,P,0.0385,0.0395,0.0393,87428.59,86986.78,0.366,-0.42151,4e-05,111.05866,98.8,15.8
2026-09-21T20:19:15Z,2026-10-30,39,87000.0,C,0.0495,0.0505,0.0495,87428.59,86986.78,0.3642,0.5401,4e-05,112.68546,902.3,95.6
2026-09-21T20:19:15Z,2026-10-30,39,87000.0,P,0.044,0.045,0.0446,87428.59,86986.78,0.3642,-0.4599,4e-05,112.68546,38.7,23.2
2026-09-21T20:19:15Z,2026-10-30,39,88000.0,C,0.044,0.045,0.0441,87428.59,86986.78,0.3644,0.50164,4e-05,113.2571,1327.6,511.0
2026-09-21T20:19:15Z,2026-10-30,39,88000.0,P,0.05,0.051,0.0507,87428.59,86986.78,0.3644,-0.49836,4e-05,113.2571,8.1,7.1
2026-09-21T20:19:15Z,2026-10-30,39,89000.0,C,0.039,0.04,0.0392,87428.59,86986.78,0.36460000000000004,0.46363,4e-05,112.78715,696.8,94.0
2026-09-21T20:19:15Z,2026-10-30,39,89000.0,P,0.0565,0.0575,0.0572,87428.59,86986.78,0.36460000000000004,-0.53637,4e-05,112.78715,3.4,8.4
2026-09-21T20:19:15Z,2026-10-30,39,90000.0,C,0.034,0.0355,0.0346,87428.59,86986.78,0.36450000000000005,0.42633,4e-05,111.32167,15690.4,14215.5
2026-09-21T20:19:15Z,2026-10-30,39,90000.0,P,0.063,0.0645,0.064,87428.59,86986.78,0.36450000000000005,-0.57367,4e-05,111.32167,7.1,0.3
2026-09-21T20:19:15Z,2026-10-30,39,91000.0,C,0.03,0.031,0.0305,87428.59,86986.78,0.3652,0.3904,4e-05,108.95663,269.0,157.6
2026-09-21T20:19:15Z,2026-10-30,39,91000.0,P,0.07,0.0725,0.0714,87428.59,86986.78,0.3652,-0.6096,4e-05,108.95663,0.2,0.0
2026-09-21T20:19:15Z,2026-10-30,39,92000.0,C,0.0265,0.0275,0.0269,87428.59,86986.78,0.36579999999999996,0.35581,4e-05,105.77788,1590.0,479.0
2026-09-21T20:19:15Z,2026-10-30,39,92000.0,P,0.078,0.08,0.0792,87428.59,86986.78,0.36579999999999996,-0.64419,4e-05,105.77788,0.1,0.0
2026-09-21T20:19:15Z,2026-10-30,39,93000.0,C,0.023,0.024,0.0237,87428.58,86986.78,0.3676,0.32352,3e-05,101.98655,13.6,13.6
2026-09-21T20:19:15Z,2026-10-30,39,93000.0,P,0.086,0.088,0.0874,87428.58,86986.78,0.3676,-0.67648,3e-05,101.98655,0.0,0.0
2026-09-21T20:19:15Z,2026-10-30,39,94000.0,C,0.02,0.021,0.0207,87428.58,86986.78,0.3679,0.29224,3e-05,97.52876,977.9,537.1
2026-09-21T20:19:15Z,2026-10-30,39,94000.0,P,0.0935,0.097,0.0958,87428.58,86986.78,0.3679,-0.70776,3e-05,97.52876,0.1,0.0
2026-09-21T20:19:15Z,2026-10-30,39,95000.0,C,0.0175,0.0185,0.0181,87428.58,86986.78,0.36950000000000005,0.2636,3e-05,92.73823,23315.3,22689.8
2026-09-21T20:19:15Z,2026-10-30,39,95000.0,P,0.1025,0.106,0.1047,87428.58,86986.78,0.36950000000000005,-0.7364,3e-05,92.73823,0.2,0.1
2026-09-21T20:19:15Z,2026-10-30,39,96000.0,C,0.0155,0.016,0.0159,87428.58,86986.78,0.3718,0.23749,3e-05,87.74846,281.8,95.2
2026-09-21T20:19:15Z,2026-10-30,39,96000.0,P,0.111,0.116,0.1139,87428.58,86986.78,0.3718,-0.76251,3e-05,87.74846,0.1,1.2
2026-09-21T20:19:15Z,2026-10-30,39,98000.0,C,0.0115,0.012,0.0121,87428.58,86986.78,0.3757,0.19087,3e-05,77.25485,359.1,84.7
2026-09-21T20:19:15Z,2026-10-30,39,98000.0,P,0.13,0.135,0.133,87428.58,86986.78,0.3757,-0.80913,3e-05,77.25485,0.0,1.6
2026-09-21T20:19:15Z,2026-10-30,39,100000.0,C,0.009,0.0095,0.0093,87428.58,86986.78,0.3811,0.15296,2e-05,67.05842,12815.7,11052.8
2026-09-21T20:19:15Z,2026-10-30,39,100000.0,P,0.15,0.155,0.1531,87428.58,86986.78,0.3811,-0.84704,2e-05,67.05842,0.4,0.0
2026-09-21T20:19:15Z,2026-10-30,39,102000.0,C,0.007,0.0075,0.0072,87428.58,86986.78,0.38770000000000004,0.12274,2e-05,57.70032,225.6,1.2
2026-09-21T20:19:15Z,2026-10-30,39,102000.0,P,0.171,0.176,0.1739,87428.59,86986.78,0.38770000000000004,-0.87726,2e-05,57.70039,0.0,0.0
2026-09-21T20:19:15Z,2026-10-30,39,104000.0,C,0.005,0.006,0.0057,87428.58,86986.78,0.39520000000000005,0.09882,2e-05,49.39243,121.9,3.9
2026-09-21T20:19:15Z,2026-10-30,39,104000.0,P,0.1925,0.1975,0.1952,87428.58,86986.78,0.39520000000000005,-0.90118,2e-05,49.39243,0.0,0.0
2026-09-21T20:19:15Z,2026-10-30,39,105000.0,C,0.0047,0.005,0.0051,87428.58,86986.78,0.3995,0.08899,1e-05,45.71517,1141.7,24.6
2026-09-21T20:19:15Z,2026-10-30,39,105000.0,P,0.2035,0.2085,0.2061,87428.58,86986.78,0.3995,-0.91101,1e-05,45.71517,0.6,0.0
2026-09-21T20:19:15Z,2026-10-30,39,106000.0,C,0.0042,0.0046,0.0045,87428.59,86986.78,0.4036,0.08012,1e-05,42.25185,0.0,0.0
2026-09-21T20:19:15Z,2026-10-30,39,106000.0,P,0.214,0.2195,0.2169,87428.59,86986.78,0.4036,-0.91988,1e-05,42.25185,0.0,0.0
2026-09-21T20:19:15Z,2026-10-30,39,110000.0,C,0.0026,0.0031,0.0029,87428.58,86986.78,0.4213,0.05365,1e-05,30.96403,1153.4,186.8
2026-09-21T20:19:15Z,2026-10-30,39,110000.0,P,0.258,0.2635,0.2611,87428.58,86986.78,0.4213,-0.94635,1e-05,30.96403,0.0,0.0
2026-09-21T20:19:15Z,2026-11-27,67,58000.0,C,0.3405,0.3435,0.3419,87784.83,86986.78,0.5377000000000001,0.97262,0.0,23.63049,0.1,1.6
2026-09-21T20:19:15Z,2026-11-27,67,58000.0,P,0.0025,0.0029,0.0026,87784.83,86986.78,0.5377000000000001,-0.02738,0.0,23.63049,46.4,9.4
2026-09-21T20:19:15Z,2026-11-27,67,60000.0,C,0.318,0.321,0.3197,87784.91,86986.78,0.5179,0.96654,0.0,27.89749,0.2,0.0
2026-09-21T20:19:15Z,2026-11-27,67,60000.0,P,0.003,0.0034,0.0032,87785.2,86986.78,0.5179,-0.03346,0.0,27.89724,210.0,1.4
2026-09-21T20:19:15Z,2026-11-27,67,62000.0,C,0.296,0.299,0.2975,87784.93,86986.78,0.49810000000000004,0.95926,0.0,32.76702,0.0,0.0
2026-09-21T20:19:15Z,2026-11-27,67,62000.0,P,0.0036,0.0041,0.0038,87784.93,86986.78,0.49810000000000004,-0.04074,0.0,32.76702,324.2,1.6
2026-09-21T20:19:15Z,2026-11-27,67,64000.0,C,0.274,0.277,0.2756,87785.2,86986.78,0.4805,0.94987,1e-05,38.71854,0.0,0.0
2026-09-21T20:19:15Z,2026-11-27,67,64000.0,P,0.0045,0.0049,0.0047,87784.93,86986.78,0.4805,-0.05013,1e-05,38.71937,38.5,4.0
2026-09-21T20:19:15Z,2026-11-27,67,66000.0,C,0.2525,0.2555,0.254,87784.93,86986.78,0.4653,0.93769,1e-05,45.96537,0.0,0.0
2026-09-21T20:19:15Z,2026-11-27,67,66000.0,P,0.0055,0.006,0.0058,87784.93,86986.78,0.4653,-0.06231,1e-05,45.96537,161.0,5.5
2026-09-21T20:19:15Z,2026-11-27,67,67000.0,C,0.2415,0.245,0.2431,87785.2,86986.78,0.4551,0.93167,1e-05,49.37951,0.5,1.6
2026-09-21T20:19:15Z,2026-11-27,67,67000.0,P,0.006,0.007,0.0063,87784.93,86986.78,0.4551,-0.06834,1e-05,49.38052,57.1,0.1
2026-09-21T20:19:15Z,2026-11-27,67,68000.0,C,0.231,0.234,0.2324,87785.2,86986.78,0.4475,0.92401,1e-05,53.57079,0.0,0.0
2026-09-21T20:19:15Z,2026-11-27,67,68000.0,P,0.0065,0.0075,0.007,87784.93,86986.78,0.4475,-0.076,1e-05,53.57186,140.8,3.5
2026-09-21T20:19:15Z,2026-11-27,67,69000.0,C,0.2205,0.2235,0.2218,87784.93,86986.78,0.4396,0.91575,1e-05,57.91424,0.0,0.0
2026-09-21T20:19:15Z,2026-11-27,67,69000.0,P,0.0075,0.0085,0.0078,87784.93,86986.78,0.4396,-0.08425,1e-05,57.91424,80.3,2.3
2026-09-21T20:19:15Z,2026-11-27,67,70000.0,C,0.21,0.2135,0.2114,87785.2,86986.78,0.43310000000000004,0.9061,1e-05,62.78098,5.4,2.0
2026-09-21T20:19:15Z,2026-11-27,67,70000.0,P,0.0085,0.0095,0.0088,87784.93,86986.78,0.43310000000000004,-0.0939,1e-05,62.78217,240.7,52.1
2026-09-21T20:19:15Z,2026-11-27,67,71000.0,C,0.1995,0.203,0.2011,87784.93,86986.78,0.428,0.89492,1e-05,68.16323,0.1,0.0
2026-09-21T20:19:15Z,2026-11-27,67,71000.0,P,0.0095,0.0105,0.0099,87784.93,86986.78,0.428,-0.10508,1e-05,68.16323,27.3,0.5
2026-09-21T20:19:15Z,2026-11-27,67,72000.0,C,0.1895,0.193,0.191,87785.2,86986.78,0.4225,0.88286,1e-05,73.68046,25.3,0.0
2026-09-21T20:19:15Z,2026-11-27,67,72000.0,P,0.011,0.0115,0.0112,87785.2,86986.78,0.4225,-0.11714,1e-05,73.68046,69.2,1.8
2026-09-21T20:19:15Z,2026-11-27,67,73000.0,C,0.1795,0.183,0.1811,87784.93,86986.78,0.41759999999999997,0.86949,1e-05,79.47199,0.3,0.0
2026-09-21T20:19:15Z,2026-11-27,67,73000.0,P,0.012,0.013,0.0126,87785.2,86986.78,0.41759999999999997,-0.1305,1e-05,79.47069,43.4,3.3
2026-09-21T20:19:15Z,2026-11-27,67,74000.0,C,0.1695,0.173,0.1712,87785.2,86986.78,0.41200000000000003,0.85529,1e-05,85.27785,0.4,0.0
2026-09-21T20:19:15Z,2026-11-27,67,74000.0,P,0.014,0.015,0.0142,87785.2,86986.78,0.41200000000000003,-0.14471,1e-05,85.27785,58.7,4.5
2026-09-21T20:19:15Z,2026-11-27,67,75000.0,C,0.161,0.1635,0.1617,87784.93,86986.78,0.40840000000000004,0.83896,2e-05,91.54667,269.2,0.6
2026-09-21T20:19:15Z,2026-11-27,67,75000.0,P,0.0155,0.0165,0.0161,87787.98,86986.78,0.40840000000000004,-0.16099,2e-05,91.53159,699.9,113.8
2026-09-21T20:19:15Z,2026-11-27,67,76000.0,C,0.1515,0.1545,0.1523,87787.98,86986.78,0.40380000000000005,0.82195,2e-05,97.64246,27.2,12.0
2026-09-21T20:19:15Z,2026-11-27,67,76000.0,P,0.0175,0.0185,0.018,87787.98,86986.78,0.40380000000000005,-0.17805,2e-05,97.64246,59.5,5.4
2026-09-21T20:19:15Z,2026-11-27,67,77000.0,C,0.142,0.145,0.1433,87787.98,86986.78,0.4014,0.80263,2e-05,104.05937,73.4,6.2
2026-09-21T20:19:15Z,2026-11-27,67,77000.0,P,0.02,0.021,0.0205,87787.69,86986.78,0.4014,-0.19737,2e-05,104.06073,112.4,1.2
2026-09-21T20:19:15Z,2026-11-27,67,78000.0,C,0.1335,0.136,0.1344,87787.98,86986.78,0.3975,0.7828,2e-05,110.12427,255.1,22.0
2026-09-21T20:19:15Z,2026-11-27,67,78000.0,P,0.0225,0.0235,0.0229,87787.98,86986.78,0.3975,-0.2172,2e-05,110.12427,188.8,1.0
2026-09-21T20:19:15Z,2026-11-27,67,79000.0,C,0.125,0.128,0.1259,87787.69,86986.78,0.39520000000000005,0.76103,2e-05,116.20268,158.3,2.5
2026-09-21T20:19:15Z,2026-11-27,67,79000.0,P,0.0255,0.0265,0.0259,87787.98,86986.78,0.39520000000000005,-0.23896,2e-05,116.20145,167.3,0.5
2026-09-21T20:19:15Z,2026-11-27,67,80000.0,C,0.1165,0.1195,0.1176,87787.98,86986.78,0.3922,0.7385,2e-05,121.89161,1146.3,9.3
2026-09-21T20:19:15Z,2026-11-27,67,80000.0,P,0.0285,0.0295,0.0289,87787.69,86986.78,0.3922,-0.26151,2e-05,121.89275,117.3,14.3
2026-09-21T20:19:15Z,2026-11-27,67,81000.0,C,0.109,0.1115,0.1097,87787.69,86986.78,0.3901,0.71452,2e-05,127.30485,162.9,2.7
2026-09-21T20:19:15Z,2026-11-27,67,81000.0,P,0.032,0.033,0.0324,87787.69,86986.78,0.3901,-0.28548,2e-05,127.30485,46.1,8.9
2026-09-21T20:19:15Z,2026-11-27,67,82000.0,C,0.1015,0.1035,0.1021,87787.98,86986.78,0.3883,0.6895,2e-05,132.27463,164.9,5.9
2026-09-21T20:19:15Z,2026-11-27,67,82000.0,P,0.0355,0.0365,0.0362,87787.98,86986.78,0.3883,-0.3105,2e-05,132.27463,81.1,28.5
2026-09-21T20:19:15Z,2026-11-27,67,83000.0,C,0.0945,0.096,0.0948,87787.69,86986.78,0.38630000000000003,0.66371,3e-05,136.70406,88.4,4.7
2026-09-21T20:19:15Z,2026-11-27,67,83000.0,P,0.04,0.041,0.0403,87787.69,86986.78,0.38630000000000003,-0.33629,3e-05,136.70406,56.1,12.0
2026-09-21T20:19:15Z,2026-11-27,67,84000.0,C,0.0875,0.089,0.0879,87787.69,86986.78,0.3849,0.63706,3e-05,140.5628,70.5,6.2
2026-09-21T20:19:15Z,2026-11-27,67,84000.0,P,0.044,0.0455,0.0448,87787.98,86986.78,0.3849,-0.36294,3e-05,140.56227,6.5,0.2
2026-09-21T20:19:15Z,2026-11-27,67,85000.0,C,0.081,0.0825,0.0813,87787.98,86986.78,0.3837,0.60986,3e-05,143.76978,655.2,50.8
2026-09-21T20:19:15Z,2026-11-27,67,85000.0,P,0.049,0.05,0.0496,87787.98,86986.78,0.3837,-0.39014,3e-05,143.76978,26.7,0.8
2026-09-21T20:19:15Z,2026-11-27,67,86000.0,C,0.0745,0.076,0.0751,87787.98,86986.78,0.3829,0.58224,3e-05,146.28609,209.9,69.4
2026-09-21T20:19:15Z,2026-11-27,67,86000.0,P,0.054,0.055,0.0548,87787.98,86986.78,0.3829,-0.41776,3e-05,146.28609,57.7,29.6
2026-09-21T20:19:15Z,2026-11-27,67,87000.0,C,0.069,0.07,0.0693,87787.98,86986.78,0.382,0.55441,3e-05,148.08089,98.0,24.7
2026-09-21T20:19:15Z,2026-11-27,67,87000.0,P,0.0595,0.0605,0.0603,87787.69,86986.78,0.382,-0.44559,3e-05,148.08081,3.7,0.0
2026-09-21T20:19:15Z,2026-11-27,67,88000.0,C,0.0635,0.0645,0.0638,87797.5,86986.78,0.38159999999999994,0.52682,3e-05,149.15163,341.0,9.7
2026-09-21T20:19:15Z,2026-11-27,67,88000.0,P,0.0655,0.0665,0.0662,87797.5,86986.78,0.38159999999999994,-0.47318,3e-05,149.15163,30.3,36.2
2026-09-21T20:19:15Z,2026-11-27,67,89000.0,C,0.058,0.0595,0.0586,87797.5,86986.78,0.3814,0.49913,3e-05,149.48934,618.9,419.0
2026-09-21T20:19:15Z,2026-11-27,67,89000.0,P,0.0715,0.073,0.0725,87797.5,86986.78,0.3814,-0.50087,3e-05,149.48934,10.3,10.4
2026-09-21T20:19:15Z,2026-11-27,67,90000.0,C,0.0535,0.0545,0.0539,87797.5,86986.78,0.38159999999999994,0.47182,3e-05,149.11657,755.7,613.6
2026-09-21T20:19:15Z,2026-11-27,67,90000.0,P,0.078,0.0795,0.0791,87797.5,86986.78,0.38159999999999994,-0.52818,3e-05,149.11657,3.3,2.8
2026-09-21T20:19:15Z,2026-11-27,67,91000.0,C,0.049,0.05,0.0494,87797.5,86986.78,0.38170000000000004,0.44494,3e-05,148.0637,111.8,18.8
2026-09-21T20:19:15Z,2026-11-27,67,91000.0,P,0.085,0.0865,0.086,87797.5,86986.78,0.38170000000000004,-0.55506,3e-05,148.0637,0.0,0.0
2026-09-21T20:19:15Z,2026-11-27,67,92000.0,C,0.045,0.046,0.0453,87797.5,86986.78,0.382,0.4187,3e-05,146.37457,73.9,3.0
2026-09-21T20:19:15Z,2026-11-27,67,92000.0,P,0.0925,0.0935,0.0933,87797.5,86986.78,0.382,-0.5813,3e-05,146.37457,2.1,0.0
2026-09-21T20:19:15Z,2026-11-27,67,93000.0,C,0.041,0.042,0.0414,87797.5,86986.78,0.3826,0.39325,3e-05,144.1053,51.8,6.2
2026-09-21T20:19:15Z,2026-11-27,67,93000.0,P,0.0995,0.1015,0.1008,87797.5,86986.78,0.3826,-0.60675,3e-05,144.1053,2.0,0.0
2026-09-21T20:19:15Z,2026-11-27,67,94000.0,C,0.0375,0.0385,0.0379,87797.5,86986.78,0.3833,0.36865,3e-05,141.31142,82.6,3.8
2026-09-21T20:19:15Z,2026-11-27,67,94000.0,P,0.107,0.1095,0.1087,87797.5,86986.78,0.3833,-0.63135,3e-05,141.31142,3.1,0.1
2026-09-21T20:19:15Z,2026-11-27,67,95000.0,C,0.034,0.035,0.0347,87797.5,86986.78,0.38420000000000004,0.34503,3e-05,138.06381,422.0,379.5
2026-09-21T20:19:15Z,2026-11-27,67,95000.0,P,0.115,0.1175,0.1168,87797.5,86986.78,0.38420000000000004,-0.65497,3e-05,138.06381,0.1,0.1
2026-09-21T20:19:15Z,2026-11-27,67,96000.0,C,0.031,0.032,0.0316,87797.5,86986.78,0.385,0.32225,2e-05,134.39409,187.1,8.0
2026-09-21T20:19:15Z,2026-11-27,67,96000.0,P,0.1235,0.126,0.1252,87797.5,86986.78,0.385,-0.67775,2e-05,134.39409,0.0,0.0
2026-09-21T20:19:15Z,2026-11-27,67,97000.0,C,0.0285,0.0295,0.0289,87797.5,86986.78,0.38630000000000003,0.30078,2e-05,130.43814,0.9,0.9
2026-09-21T20:19:15Z,2026-11-27,67,97000.0,P,0.132,0.1345,0.1339,87797.5,86986.78,0.38630000000000003,-0.69922,2e-05,130.43814,0.0,0.0
2026-09-21T20:19:15Z,2026-11-27,67,98000.0,C,0.026,0.027,0.0264,87797.5,86986.78,0.3873,0.28017,2e-05,126.17574,386.6,40.1
2026-09-21T20:19:15Z,2026-11-27,67,98000.0,P,0.1405,0.144,0.1427,87797.5,86986.78,0.3873,-0.71983,2e-05,126.17574,0.0,0.0
2026-09-21T20:19:15Z,2026-11-27,67,99000.0,C,0.0235,0.0245,0.024,87797.5,86986.78,0.3882,0.26045,2e-05,121.65346,0.5,0.5
2026-09-21T20:19:15Z,2026-11-27,67,99000.0,P,0.149,0.1565,0.1516,87797.5,86986.78,0.3882,-0.73955,2e-05,121.65334,0.0,0.0
2026-09-21T20:19:15Z,2026-11-27,67,100000.0,C,0.0215,0.0225,0.022,87797.5,86986.78,0.39,0.24239,2e-05,117.11879,229.4,8.7
2026-09-21T20:19:15Z,2026-11-27,67,100000.0,P,0.1585,0.1625,0.161,87801.13,86986.78,0.39,-0.75753,2e-05,117.14396,0.5,0.5
2026-09-21T20:19:15Z,2026-11-27,67,102000.0,C,0.0175,0.0185,0.0183,87801.02,86986.78,0.39299999999999996,0.20898,2e-05,107.69029,357.6,246.2
2026-09-21T20:19:15Z,2026-11-27,67,102000.0,P,0.1775,0.1815,0.1801,87797.5,86986.78,0.39299999999999996,-0.79108,2e-05,107.66512,0.0,0.0
2026-09-21T20:19:15Z,2026-11-27,67,104000.0,C,0.0145,0.0155,0.0153,87797.5,86986.78,0.39659999999999995,0.17984,2e-05,98.26981,15.1,1.0
2026-09-21T20:19:15Z,2026-11-27,67,104000.0,P,0.1975,0.202,0.1998,87797.5,86986.78,0.39659999999999995,-0.82016,2e-05,98.26981,0.0,0.0
2026-09-21T20:19:15Z,2026-11-27,67,105000.0,C,0.0135,0.0145,0.0139,87797.5,86986.78,0.39759999999999995,0.1661,2e-05,93.41671,20.6,0.5
2026-09-21T20:19:15Z,2026-11-27,67,105000.0,P,0.207,0.212,0.2098,87797.5,86986.78,0.39759999999999995,-0.8339,2e-05,93.41671,0.0,0.0
2026-09-21T20:19:15Z,2026-11-27,67,106000.0,C,0.012,0.013,0.0128,87801.13,86986.78,0.40049999999999997,0.15468,2e-05,89.17308,27.1,0.1
2026-09-21T20:19:15Z,2026-11-27,67,106000.0,P,0.2175,0.222,0.2201,87801.13,86986.78,0.40049999999999997,-0.84532,2e-05,89.17308,0.0,0.0
2026-09-21T20:19:15Z,2026-11-27,67,108000.0,C,0.01,0.011,0.0107,87801.02,86986.78,0.4048,0.13302,1e-05,80.53757,97.5,13.4
2026-09-21T20:19:15Z,2026-11-27,67,108000.0,P,0.238,0.243,0.2409,87801.13,86986.78,0.4048,-0.86698,1e-05,80.53832,0.0,0.0
2026-09-21T20:19:15Z,2026-11-27,67,110000.0,C,0.0085,0.0095,0.0091,87797.5,86986.78,0.40979999999999994,0.11474,1e-05,72.61607,120.3,0.3
2026-09-21T20:19:15Z,2026-11-27,67,110000.0,P,0.2595,0.264,0.262,87797.5,86986.78,0.40979999999999994,-0.88526,1e-05,72.61607,0.0,0.0
2026-09-21T20:19:15Z,2026-11-27,67,112000.0,C,0.007,0.008,0.0077,87797.5,86986.78,0.4146,0.09894,1e-05,65.25217,0.0,0.0
2026-09-21T20:19:15Z,2026-11-27,67,112000.0,P,0.2805,0.2855,0.2834,87797.5,86986.78,0.4146,-0.90106,1e-05,65.25217,0.0,0.0
2026-09-21T20:19:15Z,2026-11-27,67,115000.0,C,0.0055,0.0065,0.0062,87797.5,86986.78,0.4238,0.08051,1e-05,55.9755,32.6,0.2
2026-09-21T20:19:15Z,2026-11-27,67,115000.0,P,0.313,0.3185,0.316,87797.5,86986.78,0.4238,-0.91949,1e-05,55.9755,0.2,1.0
2026-09-21T20:19:15Z,2026-11-27,67,120000.0,C,0.004,0.0045,0.0043,87797.5,86986.78,0.4386,0.05755,1e-05,43.20304,104.2,13.0
2026-09-21T20:19:15Z,2026-11-27,67,120000.0,P,0.368,0.3735,0.3711,87797.5,86986.78,0.4386,-0.94245,1e-05,43.20304,0.6,0.1
2026-09-21T20:19:15Z,2026-12-25,95,20000.0,C,0.7725,0.774,0.7734,88173.37,86986.78,1.0747,0.99859,0.0,2.06907,4.9,0.0
2026-09-21T20:19:15Z,2026-12-25,95,20000.0,P,0.0002,0.0003,0.0003,88169.74,86986.78,1.0747,-0.00141,0.0,2.06945,899.5,2.2
2026-09-21T20:19:15Z,2026-12-25,95,30000.0,C,0.6595,0.661,0.6603,88173.37,86986.78,0.8578,0.99641,0.0,4.82323,300.7,0.0
2026-09-21T20:19:15Z,2026-12-25,95,30000.0,P,0.0005,0.0007,0.0005,88169.74,86986.78,0.8578,-0.00359,0.0,4.82425,2148.5,1.0
2026-09-21T20:19:15Z,2026-12-25,95,35000.0,C,0.6025,0.6045,0.6039,88173.37,86986.78,0.7802,0.99423,0.0,7.36365,87.8,0.0
2026-09-21T20:19:15Z,2026-12-25,95,35000.0,P,0.0006,0.0013,0.0008,88174.79,86986.78,0.7802,-0.00577,0.0,7.36425,2442.2,1.6
2026-09-21T20:19:15Z,2026-12-25,95,40000.0,C,0.5465,0.5485,0.5476,88174.79,86986.78,0.7105,0.99105,0.0,10.8565,250.9,5.7
2026-09-21T20:19:15Z,2026-12-25,95,40000.0,P,0.001,0.0019,0.0012,88174.79,86986.78,0.7105,-0.00895,0.0,10.8565,4636.1,4.7
2026-09-21T20:19:15Z,2026-12-25,95,45000.0,C,0.49,0.492,0.4913,88174.79,86986.78,0.6437,0.98671,0.0,15.30347,94.5,0.0
2026-09-21T20:19:15Z,2026-12-25,95,45000.0,P,0.0015,0.0019,0.0017,88174.79,86986.78,0.6437,-0.01329,0.0,15.30347,2844.5,5.3
2026-09-21T20:19:15Z,2026-12-25,95,50000.0,C,0.4335,0.4365,0.4354,88174.79,86986.78,0.5872999999999999,0.97971,0.0,21.98912,260.7,0.4
2026-09-21T20:19:15Z,2026-12-25,95,50000.0,P,0.0022,0.0026,0.0025,88174.79,86986.78,0.5872999999999999,-0.02029,0.0,21.98912,2218.6,1.4
2026-09-21T20:19:15Z,2026-12-25,95,52000.0,C,0.4115,0.4145,0.4131,88174.79,86986.78,0.5658,0.97606,0.0,25.2857,0.1,0.0
2026-09-21T20:19:15Z,2026-12-25,95,52000.0,P,0.0026,0.003,0.0029,88174.79,86986.78,0.5658,-0.02394,0.0,25.2857,439.1,0.4
2026-09-21T20:19:15Z,2026-12-25,95,54000.0,C,0.389,0.392,0.3909,88173.32,86986.78,0.5459,0.97156,0.0,29.1979,32.2,1.8
2026-09-21T20:19:15Z,2026-12-25,95,54000.0,P,0.0031,0.0036,0.0034,88173.32,86986.78,0.5459,-0.02844,0.0,29.1979,1868.1,0.1
2026-09-21T20:19:15Z,2026-12-25,95,55000.0,C,0.378,0.381,0.3799,88174.79,86986.78,0.5365,0.96895,0.0,31.40445,124.9,3.0
2026-09-21T20:19:15Z,2026-12-25,95,55000.0,P,0.0034,0.0038,0.0036,88174.79,86986.78,0.5365,-0.03105,0.0,31.40445,3264.5,12.6
2026-09-21T20:19:15Z,2026-12-25,95,56000.0,C,0.367,0.37,0.3688,88174.79,86986.78,0.5268999999999999,0.96618,0.0,33.6984,42.2,1.6
2026-09-21T20:19:15Z,2026-12-25,95,56000.0,P,0.0037,0.0041,0.0039,88174.79,86986.78,0.5268999999999999,-0.03382,0.0,33.6984,520.4,1.7
2026-09-21T20:19:15Z,2026-12-25,95,58000.0,C,0.345,0.348,0.3468,88174.79,86986.78,0.5085999999999999,0.95979,0.0,38.82514,40.3,0.0
2026-09-21T20:19:15Z,2026-12-25,95,58000.0,P,0.0044,0.0048,0.0046,88174.79,86986.78,0.5085999999999999,-0.04021,0.0,38.82514,1838.5,3.1
2026-09-21T20:19:15Z,2026-12-25,95,60000.0,C,0.3235,0.3265,0.325,88174.79,86986.78,0.4913,0.95204,0.0,44.75561,787.6,1.6
2026-09-21T20:19:15Z,2026-12-25,95,60000.0,P,0.0055,0.006,0.0055,88174.79,86986.78,0.4913,-0.04796,0.0,44.75561,6245.0,27.3
2026-09-21T20:19:15Z,2026-12-25,95,62000.0,C,0.302,0.305,0.3034,88174.79,86986.78,0.47600000000000003,0.94241,1e-05,51.75151,247.1,0.0
2026-09-21T20:19:15Z,2026-12-25,95,62000.0,P,0.006,0.007,0.0066,88174.79,86986.78,0.47600000000000003,-0.05759,1e-05,51.75151,1549.4,0.6
2026-09-21T20:19:15Z,2026-12-25,95,64000.0,C,0.2805,0.284,0.282,88174.79,86986.78,0.4604,0.93124,1e-05,59.41429,404.9,0.0
2026-09-21T20:19:15Z,2026-12-25,95,64000.0,P,0.0075,0.0085,0.0078,88177.42,86986.78,0.4604,-0.06875,1e-05,59.4061,390.8,31.8
2026-09-21T20:19:15Z,2026-12-25,95,65000.0,C,0.27,0.2735,0.2716,88177.42,86986.78,0.45649999999999996,0.92353,1e-05,64.45517,919.8,0.3
2026-09-21T20:19:15Z,2026-12-25,95,65000.0,P,0.0085,0.0095,0.0088,88174.81,86986.78,0.45649999999999996,-0.07649,1e-05,64.465,807.6,1.9
2026-09-21T20:19:15Z,2026-12-25,95,66000.0,C,0.2595,0.263,0.2612,88177.42,86986.78,0.45039999999999997,0.916,1e-05,69.19604,279.7,0.1
2026-09-21T20:19:15Z,2026-12-25,95,66000.0,P,0.009,0.01,0.0097,88177.42,86986.78,0.45039999999999997,-0.084,1e-05,69.19604,426.5,6.5
2026-09-21T20:19:15Z,2026-12-25,95,68000.0,C,0.239,0.2425,0.2405,88177.42,86986.78,0.4379,0.89931,1e-05,79.12882,1031.4,0.1
2026-09-21T20:19:15Z,2026-12-25,95,68000.0,P,0.0115,0.012,0.0117,88177.42,86986.78,0.4379,-0.10069,1e-05,79.12882,655.7,82.0
2026-09-21T20:19:15Z,2026-12-25,95,70000.0,C,0.2185,0.222,0.2203,88177.42,86986.78,0.4265,0.87948,1e-05,90.02135,1897.3,26.3
2026-09-21T20:19:15Z,2026-12-25,95,70000.0,P,0.014,0.015,0.0142,88177.42,86986.78,0.4265,-0.12052,1e-05,90.02135,1416.8,131.9
2026-09-21T20:19:15Z,2026-12-25,95,72000.0,C,0.197,0.2025,0.201,88177.42,86986.78,0.4189,0.85485,1e-05,102.32638,1214.2,25.4
2026-09-21T20:19:15Z,2026-12-25,95,72000.0,P,0.017,0.018,0.0175,88174.81,86986.78,0.4189,-0.14518,1e-05,102.33838,917.8,39.8
2026-09-21T20:19:15Z,2026-12-25,95,74000.0,C,0.18,0.184,0.1822,88174.81,86986.78,0.41119999999999995,0.82696,1e-05,114.81831,138.5,0.5
2026-09-21T20:19:15Z,2026-12-25,95,74000.0,P,0.021,0.022,0.0215,88174.81,86986.78,0.41119999999999995,-0.17304,1e-05,114.81831,166.7,7.6
2026-09-21T20:19:15Z,2026-12-25,95,75000.0,C,0.1715,0.175,0.1733,88174.81,86986.78,0.40850000000000003,0.81125,1e-05,121.24767,1898.4,0.6
2026-09-21T20:19:15Z,2026-12-25,95,75000.0,P,0.0235,0.0245,0.0239,88177.42,86986.78,0.40850000000000003,-0.18871,1e-05,121.23602,1702.4,674.4
2026-09-21T20:19:15Z,2026-12-25,95,76000.0,C,0.163,0.166,0.1645,88177.42,86986.78,0.4056,0.79484,2e-05,127.53002,480.7,1.5
2026-09-21T20:19:15Z,2026-12-25,95,76000.0,P,0.026,0.027,0.0264,88177.42,86986.78,0.4056,-0.20516,2e-05,127.53002,447.9,18.2
2026-09-21T20:19:15Z,2026-12-25,95,78000.0,C,0.146,0.149,0.1475,88177.42,86986.78,0.40020000000000006,0.75933,2e-05,139.68009,1090.3,51.3
2026-09-21T20:19:15Z,2026-12-25,95,78000.0,P,0.0315,0.0325,0.0321,88174.81,86986.78,0.40020000000000006,-0.24071,2e-05,139.69026,1439.2,30.1
2026-09-21T20:19:15Z,2026-12-25,95,80000.0,C,0.13,0.133,0.1316,88177.42,86986.78,0.3961,0.72027,2e-05,150.95028,8992.8,186.9
2026-09-21T20:19:15Z,2026-12-25,95,80000.0,P,0.0385,0.0395,0.0389,88177.42,86986.78,0.3961,-0.27973,2e-05,150.95028,1646.8,478.2
2026-09-21T20:19:15Z,2026-12-25,95,82000.0,C,0.116,0.1175,0.1168,88174.81,86986.78,0.39270000000000005,0.67843,2e-05,160.76148,1327.9,34.0
2026-09-21T20:19:15Z,2026-12-25,95,82000.0,P,0.046,0.0475,0.0468,88177.42,86986.78,0.39270000000000005,-0.32152,2e-05,160.7552,782.1,581.4
2026-09-21T20:19:15Z,2026-12-25,95,84000.0,C,0.1015,0.104,0.1031,88177.42,86986.78,0.3901,0.63449,2e-05,168.71113,1441.6,7.2
2026-09-21T20:19:15Z,2026-12-25,95,84000.0,P,0.055,0.0565,0.0558,88173.34,86986.78,0.3901,-0.3656,2e-05,168.71683,127.9,51.9
2026-09-21T20:19:15Z,2026-12-25,95,85000.0,C,0.096,0.0975,0.0968,88177.35,86986.78,0.389,0.61194,2e-05,171.88741,3028.7,75.6
2026-09-21T20:19:15Z,2026-12-25,95,85000.0,P,0.06,0.0615,0.0607,88173.34,86986.78,0.389,-0.38815,2e-05,171.89082,535.8,85.8
2026-09-21T20:19:15Z,2026-12-25,95,86000.0,C,0.09,0.091,0.0906,88173.43,86986.78,0.38789999999999997,0.58907,2e-05,174.4931,504.5,270.8
2026-09-21T20:19:15Z,2026-12-25,95,86000.0,P,0.0655,0.0665,0.0659,88173.34,86986.78,0.38789999999999997,-0.41094,2e-05,174.49312,66.0,28.2
2026-09-21T20:19:15Z,2026-12-25,95,88000.0,C,0.0785,0.08,0.0792,88173.43,86986.78,0.3864,0.54313,2e-05,177.92515,3795.2,122.4
2026-09-21T20:19:15Z,2026-12-25,95,88000.0,P,0.0765,0.078,0.0772,88173.43,86986.78,0.3864,-0.45687,2e-05,177.92515,24.1,9.7
2026-09-21T20:19:15Z,2026-12-25,95,90000.0,C,0.0685,0.0695,0.0692,88173.34,86986.78,0.3864,0.4976,2e-05,178.9687,3793.1,230.6
2026-09-21T20:19:15Z,2026-12-25,95,90000.0,P,0.089,0.0905,0.0899,88173.34,86986.78,0.3864,-0.5024,2e-05,178.9687,652.4,14.0
2026-09-21T20:19:15Z,2026-12-25,95,92000.0,C,0.0595,0.0605,0.0602,88173.43,86986.78,0.38670000000000004,0.45322,2e-05,177.74012,664.7,259.5
2026-09-21T20:19:15Z,2026-12-25,95,92000.0,P,0.103,0.104,0.1036,88173.34,86986.78,0.38670000000000004,-0.54678,2e-05,177.73983,10.0,11.7
2026-09-21T20:19:15Z,2026-12-25,95,94000.0,C,0.0515,0.053,0.0523,88173.43,86986.78,0.3874,0.41058,2e-05,174.45772,434.9,11.8
2026-09-21T20:19:15Z,2026-12-25,95,94000.0,P,0.1175,0.119,0.1183,88173.43,86986.78,0.3874,-0.58942,2e-05,174.45772,5.3,0.0
2026-09-21T20:19:15Z,2026-12-25,95,95000.0,C,0.048,0.049,0.0487,88173.34,86986.78,0.38799999999999996,0.3901,2e-05,172.13669,1511.9,35.6
2026-09-21T20:19:15Z,2026-12-25,95,95000.0,P,0.125,0.1275,0.1261,88173.34,86986.78,0.38799999999999996,-0.6099,2e-05,172.13669,114.4,1.2
2026-09-21T20:19:15Z,2026-12-25,95,96000.0,C,0.0445,0.0455,0.0453,88173.34,86986.78,0.3886,0.3702,2e-05,169.41262,1543.9,38.8
2026-09-21T20:19:15Z,2026-12-25,95,96000.0,P,0.1325,0.1355,0.134,88177.35,86986.78,0.3886,-0.62972,2e-05,169.43323,30.1,6.2
2026-09-21T20:19:15Z,2026-12-25,95,98000.0,C,0.0385,0.04,0.0392,88173.34,86986.78,0.3901,0.33245,2e-05,162.94538,325.3,32.4
2026-09-21T20:19:15Z,2026-12-25,95,98000.0,P,0.149,0.152,0.1506,88173.34,86986.78,0.3901,-0.66755,2e-05,162.94538,1.4,0.2
2026-09-21T20:19:15Z,2026-12-25,95,100000.0,C,0.0335,0.0345,0.034,88173.34,86986.78,0.392,0.29756,2e-05,155.40171,5855.6,499.2
2026-09-21T20:19:15Z,2026-12-25,95,100000.0,P,0.166,0.17,0.168,88173.43,86986.78,0.392,-0.70244,2e-05,155.40229,303.1,0.6
2026-09-21T20:19:15Z,2026-12-25,95,102000.0,C,0.029,0.03,0.0294,88173.43,86986.78,0.39409999999999995,0.26558,2e-05,147.10475,455.5,43.0
2026-09-21T20:19:15Z,2026-12-25,95,102000.0,P,0.184,0.188,0.1861,88173.34,86986.78,0.39409999999999995,-0.73442,2e-05,147.10413,7.8,0.0
2026-09-21T20:19:15Z,2026-12-25,95,104000.0,C,0.025,0.026,0.0254,88173.34,86986.78,0.3961,0.23627,2e-05,138.27191,117.0,39.9
2026-09-21T20:19:15Z,2026-12-25,95,104000.0,P,0.2025,0.207,0.2049,88172.45,86986.78,0.3961,-0.76374,2e-05,138.26595,0.3,0.0
2026-09-21T20:19:15Z,2026-12-25,95,105000.0,C,0.023,0.0235,0.0236,88172.45,86986.78,0.3972,0.22262,2e-05,133.73425,933.8,14.5
2026-09-21T20:19:15Z,2026-12-25,95,105000.0,P,0.212,0.2165,0.2144,88172.45,86986.78,0.3972,-0.77738,2e-05,133.73425,109.5,0.0
2026-09-21T20:19:15Z,2026-12-25,95,106000.0,C,0.0215,0.0225,0.0219,88173.34,86986.78,0.3987,0.21001,2e-05,129.29682,610.5,79.2
2026-09-21T20:19:15Z,2026-12-25,95,106000.0,P,0.2215,0.2265,0.2241,88173.34,86986.78,0.3987,-0.78999,2e-05,129.29682,0.2,0.0
2026-09-21T20:19:15Z,2026-12-25,95,108000.0,C,0.0185,0.0195,0.019,88172.45,86986.78,0.4012,0.18633,1e-05,120.27989,210.6,53.6
2026-09-21T20:19:15Z,2026-12-25,95,108000.0,P,0.2415,0.246,0.2439,88173.34,86986.78,0.4012,-0.81366,1e-05,120.28641,0.1,0.0
2026-09-21T20:19:15Z,2026-12-25,95,110000.0,C,0.016,0.017,0.0165,88172.45,86986.78,0.4044,0.16551,1e-05,111.58227,2916.0,198.3
2026-09-21T20:19:15Z,2026-12-25,95,110000.0,P,0.2615,0.2665,0.2641,88173.34,86986.78,0.4044,-0.83448,1e-05,111.58872,82.4,0.0
2026-09-21T20:19:15Z,2026-12-25,95,115000.0,C,0.0115,0.012,0.0118,88172.45,86986.78,0.4132,0.12337,1e-05,91.50327,2356.3,116.2
2026-09-21T20:19:15Z,2026-12-25,95,115000.0,P,0.313,0.3185,0.316,88172.45,86986.78,0.4132,-0.87663,1e-05,91.50327,5.0,0.0
2026-09-21T20:19:15Z,2026-12-25,95,120000.0,C,0.008,0.009,0.0087,88172.45,86986.78,0.42469999999999997,0.09371,1e-05,75.06116,5780.8,6.9
2026-09-21T20:19:15Z,2026-12-25,95,120000.0,P,0.3665,0.3725,0.3696,88172.45,86986.78,0.42469999999999997,-0.90629,1e-05,75.06116,35.7,0.0
2026-09-21T20:19:15Z,2026-12-25,95,125000.0,C,0.006,0.007,0.0066,88172.45,86986.78,0.4378,0.07277,1e-05,62.05672,502.6,3.7
2026-09-21T20:19:15Z,2026-12-25,95,125000.0,P,0.421,0.427,0.4243,88172.45,86986.78,0.4378,-0.92723,1e-05,62.05672,9.1,0.0
2026-09-21T20:19:15Z,2026-12-25,95,130000.0,C,0.0048,0.0055,0.0053,88172.45,86986.78,0.4524,0.058,1e-05,52.03661,1560.5,2.1
2026-09-21T20:19:15Z,2026-12-25,95,130000.0,P,0.4765,0.4825,0.4796,88172.45,86986.78,0.4524,-0.942,1e-05,52.03661,57.0,3.0
2026-09-21T20:19:15Z,2026-12-25,95,135000.0,C,0.0038,0.0042,0.004,88172.69,86986.78,0.4621,0.04509,0.0,42.59396,1416.2,13.5
2026-09-21T20:19:15Z,2026-12-25,95,135000.0,P,0.532,0.5385,0.5351,88172.45,86986.78,0.4621,-0.95491,0.0,42.59301,0.7,0.0
2026-09-21T20:19:15Z,2026-12-25,95,140000.0,C,0.003,0.0034,0.0033,88178.27,86986.78,0.4758,0.03683,0.0,36.14321,1431.9,0.1
2026-09-21T20:19:15Z,2026-12-25,95,140000.0,P,0.588,0.5945,0.591,88172.45,86986.78,0.4758,-0.96319,0.0,36.12654,0.3,0.0
2026-09-21T20:19:15Z,2026-12-25,95,150000.0,C,0.002,0.0024,0.0022,88172.45,86986.78,0.5011,0.0252,0.0,26.39739,1710.1,10.7
2026-09-21T20:19:15Z,2026-12-25,95,150000.0,P,0.7,0.7075,0.7034,88173.34,86986.78,0.5011,-0.97479,0.0,26.3997,4.4,0.0
2026-09-21T20:19:15Z,2026-12-25,95,160000.0,C,0.0014,0.0018,0.0016,88177.9,86986.78,0.5254,0.01808,0.0,19.93488,1291.8,2.4
2026-09-21T20:19:15Z,2026-12-25,95,160000.0,P,0.8125,0.8205,0.8162,88177.83,86986.78,0.5254,-0.98192,0.0,19.93474,0.1,0.0
2026-09-21T20:19:15Z,2026-12-25,95,170000.0,C,0.001,0.0014,0.0012,88172.69,86986.78,0.5485,0.01345,0.0,15.47018,2394.8,0.2
2026-09-21T20:19:15Z,2026-12-25,95,170000.0,P,0.9255,0.9335,0.9292,88177.83,86986.78,0.5485,-0.98654,0.0,15.47824,0.1,0.0
2026-09-21T20:19:15Z,2026-12-25,95,180000.0,C,0.0007,0.0012,0.0009,88177.83,86986.78,0.5697,0.01025,0.0,12.21686,934.3,0.0
2026-09-21T20:19:15Z,2026-12-25,95,180000.0,P,1.036,1.048,1.0424,88172.69,86986.78,0.5697,-0.98976,0.0,12.21046,0.1,0.0
2026-09-21T20:19:15Z,2026-12-25,95,190000.0,C,0.0005,0.001,0.0008,88177.83,86986.78,0.5917,0.00821,0.0,10.06105,1027.1,0.0
2026-09-21T20:19:15Z,2026-12-25,95,190000.0,P,1.146,1.162,1.1556,88177.83,86986.78,0.5917,-0.99179,0.0,10.06105,0.0,0.0
2026-09-21T20:19:15Z,2026-12-25,95,200000.0,C,0.0004,0.0008,0.0006,88172.69,86986.78,0.6075,0.0063,0.0,7.95947,968.8,0.0
2026-09-21T20:19:15Z,2026-12-25,95,200000.0,P,1.261,1.2755,1.2689,88172.69,86986.78,0.6075,-0.9937,0.0,7.95947,0.0,0.0
2026-09-21T20:19:15Z,2026-12-25,95,210000.0,C,0.0003,0.0007,0.0005,88177.83,86986.78,0.6248,0.00507,0.0,6.56912,162.8,0.0
2026-09-21T20:19:15Z,2026-12-25,95,210000.0,P,1.374,1.396,1.3822,88172.69,86986.78,0.6248,-0.99493,0.0,6.56564,0.0,0.0
2026-09-21T20:19:15Z,2026-12-25,95,220000.0,C,0.0002,0.0006,0.0004,88172.69,86986.78,0.6446,0.00435,0.0,5.72316,256.1,0.0
2026-09-21T20:19:15Z,2026-12-25,95,220000.0,P,1.4855,1.5035,1.4955,88177.83,86986.78,0.6446,-0.99565,0.0,5.72617,0.0,0.0
2026-09-21T20:19:15Z,2026-12-25,95,230000.0,C,0.0002,0.0005,0.0003,88177.83,86986.78,0.6586,0.00353,0.0,4.75513,190.6,0.0
2026-09-21T20:19:15Z,2026-12-25,95,230000.0,P,1.5995,1.6175,1.6089,88177.83,86986.78,0.6586,-0.99647,0.0,4.75513,0.0,0.0
2026-09-21T20:19:15Z,2026-12-25,95,240000.0,C,0.0001,0.0005,0.0003,88177.83,86986.78,0.6779000000000001,0.00316,0.0,4.30513,785.7,0.0
2026-09-21T20:19:15Z,2026-12-25,95,240000.0,P,1.708,1.7395,1.7222,88177.83,86986.78,0.6779000000000001,-0.99684,0.0,4.30513,0.0,0.0
2026-09-21T20:19:15Z,2026-12-25,95,250000.0,C,0.0001,0.0003,0.0002,88178.47,86986.78,0.6828,0.00236,0.0,3.29986,1281.8,0.1
2026-09-21T20:19:15Z,2026-12-25,95,250000.0,P,1.825,1.845,1.8354,88178.47,86986.78,0.6828,-0.99764,0.0,3.29986,10.0,0.0
2026-09-21T20:19:15Z,2027-03-26,186,35000.0,C,0.6085,0.6105,0.6096,89195.81,86986.78,0.6353,0.98905,0.0,18.34634,21.8,0.0
2026-09-21T20:19:15Z,2027-03-26,186,35000.0,P,0.0018,0.0024,0.002,89200.95,86986.78,0.6353,-0.01095,0.0,18.34205,613.3,10.9
2026-09-21T20:19:15Z,2027-03-26,186,40000.0,C,0.553,0.5555,0.5547,89200.95,86986.78,0.5934,0.98246,0.0,27.54089,82.1,0.0
2026-09-21T20:19:15Z,2027-03-26,186,40000.0,P,0.003,0.0034,0.0031,89200.95,86986.78,0.5934,-0.01754,0.0,27.54089,1914.4,0.5
2026-09-21T20:19:15Z,2027-03-26,186,45000.0,C,0.4985,0.5015,0.5004,89200.95,86986.78,0.5586,0.97241,0.0,40.36199,3.3,0.0
2026-09-21T20:19:15Z,2027-03-26,186,45000.0,P,0.0045,0.005,0.0049,89201.76,86986.78,0.5586,-0.02759,0.0,40.35957,260.0,0.1
2026-09-21T20:19:15Z,2027-03-26,186,50000.0,C,0.4445,0.448,0.4463,89201.76,86986.78,0.5184000000000001,0.96004,0.0,54.75731,21.6,0.0
2026-09-21T20:19:15Z,2027-03-26,186,50000.0,P,0.0065,0.0075,0.0069,89201.76,86986.78,0.5184000000000001,-0.03996,0.0,54.75731,2451.7,0.5
2026-09-21T20:19:15Z,2027-03-26,186,52000.0,C,0.4235,0.4265,0.4251,89201.76,86986.78,0.5071,0.95291,0.0,62.51711,6.1,1.6
2026-09-21T20:19:15Z,2027-03-26,186,52000.0,P,0.0075,0.0085,0.0081,89201.76,86986.78,0.5071,-0.04709,0.0,62.51711,125.7,5.0
2026-09-21T20:19:15Z,2027-03-26,186,54000.0,C,0.4025,0.4055,0.4039,89201.19,86986.78,0.4932,0.94557,0.0,70.15731,0.1,3.4
2026-09-21T20:19:15Z,2027-03-26,186,54000.0,P,0.009,0.01,0.0093,89201.76,86986.78,0.4932,-0.05443,0.0,70.15571,92.4,0.1
2026-09-21T20:19:15Z,2027-03-26,186,55000.0,C,0.392,0.395,0.3937,89201.76,86986.78,0.4902,0.94045,0.0,75.30363,29.5,0.1
2026-09-21T20:19:15Z,2027-03-26,186,55000.0,P,0.01,0.011,0.0103,89201.76,86986.78,0.4902,-0.05955,0.0,75.30363,1266.0,17.2
2026-09-21T20:19:15Z,2027-03-26,186,56000.0,C,0.3815,0.3845,0.383,89201.76,86986.78,0.48100000000000004,0.93689,0.0,78.79496,14.4,4.0
2026-09-21T20:19:15Z,2027-03-26,186,56000.0,P,0.0105,0.0115,0.0108,89201.76,86986.78,0.48100000000000004,-0.06311,0.0,78.79496,132.0,0.0
2026-09-21T20:19:15Z,2027-03-26,186,58000.0,C,0.36,0.3645,0.3625,89201.76,86986.78,0.47200000000000003,0.92614,0.0,88.96675,4.3,0.0
2026-09-21T20:19:15Z,2027-03-26,186,58000.0,P,0.0125,0.0135,0.0128,89201.76,86986.78,0.47200000000000003,-0.07386,0.0,88.96675,142.0,0.1
2026-09-21T20:19:15Z,2027-03-26,186,60000.0,C,0.3405,0.344,0.3421,89201.76,86986.78,0.4608,0.91487,1e-05,99.06424,647.9,1.0
2026-09-21T20:19:15Z,2027-03-26,186,60000.0,P,0.0145,0.0155,0.0148,89201.76,86986.78,0.4608,-0.08513,1e-05,99.06424,808.2,11.0
2026-09-21T20:19:15Z,2027-03-26,186,62000.0,C,0.3205,0.324,0.3221,89201.76,86986.78,0.4517,0.90159,1e-05,110.29821,52.3,0.0
2026-09-21T20:19:15Z,2027-03-26,186,62000.0,P,0.017,0.018,0.0172,89201.76,86986.78,0.4517,-0.09841,1e-05,110.29821,232.8,4.2
2026-09-21T20:19:15Z,2027-03-26,186,64000.0,C,0.3,0.305,0.3026,89201.76,86986.78,0.4439,0.88635,1e-05,122.39429,137.9,0.1
2026-09-21T20:19:15Z,2027-03-26,186,64000.0,P,0.02,0.021,0.0202,89201.76,86986.78,0.4439,-0.11365,1e-05,122.39429,128.8,0.4
2026-09-21T20:19:15Z,2027-03-26,186,65000.0,C,0.291,0.2965,0.2931,89201.76,86986.78,0.4404,0.87801,1e-05,128.68221,366.7,0.0
2026-09-21T20:19:15Z,2027-03-26,186,65000.0,P,0.0215,0.0225,0.0218,89201.83,86986.78,0.4404,-0.12199,1e-05,128.68264,886.2,10.6
2026-09-21T20:19:15Z,2027-03-26,186,66000.0,C,0.2815,0.287,0.2836,89201.83,86986.78,0.43670000000000003,0.86935,1e-05,134.98189,23.9,0.0
2026-09-21T20:19:15Z,2027-03-26,186,66000.0,P,0.023,0.024,0.0235,89201.83,86986.78,0.43670000000000003,-0.13065,1e-05,134.98189,124.6,18.4
2026-09-21T20:19:15Z,2027-03-26,186,68000.0,C,0.263,0.2685,0.2651,89201.83,86986.78,0.43,0.85051,1e-05,147.92612,196.5,1.2
2026-09-21T20:19:15Z,2027-03-26,186,68000.0,P,0.027,0.028,0.0274,89201.83,86986.78,0.43,-0.14949,1e-05,147.92612,295.3,2.0
2026-09-21T20:19:15Z,2027-03-26,186,70000.0,C,0.2405,0.249,0.2471,89209.66,86986.78,0.424,0.82982,1e-05,161.03509,771.0,33.8
2026-09-21T20:19:15Z,2027-03-26,186,70000.0,P,0.0315,0.0325,0.0319,89201.83,86986.78,0.424,-0.17025,1e-05,161.06516,703.0,37.6
2026-09-21T20:19:15Z,2027-03-26,186,72000.0,C,0.2235,0.2315,0.2297,89201.83,86986.78,0.4183,0.80718,1e-05,174.12439,95.3,0.0
2026-09-21T20:19:15Z,2027-03-26,186,72000.0,P,0.0365,0.0375,0.0369,89201.83,86986.78,0.4183,-0.19282,1e-05,174.12468,162.8,0.5
2026-09-21T20:19:15Z,2027-03-26,186,74000.0,C,0.2115,0.2135,0.213,89201.83,86986.78,0.41340000000000005,0.7827,1e-05,186.94883,66.8,2.0
2026-09-21T20:19:15Z,2027-03-26,186,74000.0,P,0.042,0.043,0.0426,89201.83,86986.78,0.41340000000000005,-0.2173,1e-05,186.94872,194.5,2.2
2026-09-21T20:19:15Z,2027-03-26,186,75000.0,C,0.2035,0.2055,0.2049,89202.02,86986.78,0.4113,0.76975,1e-05,193.20697,0.0,0.0
2026-09-21T20:19:15Z,2027-03-26,186,75000.0,P,0.0455,0.0465,0.0457,89201.83,86986.78,0.4113,-0.23026,1e-05,193.2076,5.0,5.0
2026-09-21T20:19:15Z,2027-03-26,186,76000.0,C,0.1955,0.198,0.197,89201.83,86986.78,0.4093,0.75642,1e-05,199.27465,546.2,4.1
2026-09-21T20:19:15Z,2027-03-26,186,76000.0,P,0.0485,0.0495,0.049,89201.83,86986.78,0.4093,-0.24358,1e-05,199.2746,540.1,44.0
2026-09-21T20:19:15Z,2027-03-26,186,78000.0,C,0.1805,0.1825,0.1818,89201.83,86986.78,0.40590000000000004,0.72856,1e-05,210.81479,647.6,0.5
2026-09-21T20:19:15Z,2027-03-26,186,78000.0,P,0.056,0.057,0.0563,89201.83,86986.78,0.40590000000000004,-0.27144,1e-05,210.81479,331.1,1.0
2026-09-21T20:19:15Z,2027-03-26,186,80000.0,C,0.1665,0.1685,0.1675,89201.83,86986.78,0.40299999999999997,0.69939,1e-05,221.29766,1103.9,12.6
2026-09-21T20:19:15Z,2027-03-26,186,80000.0,P,0.064,0.065,0.0644,89201.83,86986.78,0.40299999999999997,-0.30061,1e-05,221.29766,225.2,1.1
2026-09-21T20:19:15Z,2027-03-26,186,82000.0,C,0.153,0.1545,0.1539,89201.83,86986.78,0.40049999999999997,0.66916,1e-05,230.52127,1275.5,134.0
2026-09-21T20:19:15Z,2027-03-26,186,82000.0,P,0.0725,0.074,0.0732,89201.56,86986.78,0.40049999999999997,-0.33084,1e-05,230.52165,28.0,1.3
2026-09-21T20:19:15Z,2027-03-26,186,84000.0,C,0.1405,0.142,0.1413,89201.56,86986.78,0.3986,0.63815,1e-05,238.31609,283.9,20.5
2026-09-21T20:19:15Z,2027-03-26,186,84000.0,P,0.082,0.0835,0.0829,89201.56,86986.78,0.3986,-0.36185,1e-05,238.31609,75.6,20.1
2026-09-21T20:19:15Z,2027-03-26,186,85000.0,C,0.1345,0.136,0.1352,89201.56,86986.78,0.3978,0.62245,2e-05,241.63705,430.2,22.3
2026-09-21T20:19:15Z,2027-03-26,186,85000.0,P,0.0875,0.0885,0.0881,89201.56,86986.78,0.3978,-0.37755,2e-05,241.63705,13.8,5.4
2026-09-21T20:19:15Z,2027-03-26,186,86000.0,C,0.1285,0.1305,0.1294,89201.56,86986.78,0.397,0.60667,2e-05,244.55962,267.1,182.0
2026-09-21T20:19:15Z,2027-03-26,186,86000.0,P,0.0925,0.094,0.0935,89201.56,86986.78,0.397,-0.39333,2e-05,244.55962,8.6,5.7
2026-09-21T20:19:15Z,2027-03-26,186,88000.0,C,0.1175,0.119,0.1184,89201.56,86986.78,0.396,0.57503,2e-05,249.18374,81.3,0.0
2026-09-21T20:19:15Z,2027-03-26,186,88000.0,P,0.104,0.1055,0.1049,89201.56,86986.78,0.396,-0.42497,2e-05,249.18374,15.4,11.5
2026-09-21T20:19:15Z,2027-03-26,186,90000.0,C,0.1075,0.109,0.1081,89201.56,86986.78,0.3953,0.54351,2e-05,252.17286,577.8,23.6
2026-09-21T20:19:15Z,2027-03-26,186,90000.0,P,0.116,0.1175,0.1171,89201.56,86986.78,0.3953,-0.45649,2e-05,252.17286,33.0,9.5
2026-09-21T20:19:15Z,2027-03-26,186,92000.0,C,0.098,0.0995,0.0987,89201.56,86986.78,0.3948,0.51236,2e-05,253.56154,276.2,2.2
2026-09-21T20:19:15Z,2027-03-26,186,92000.0,P,0.129,0.1305,0.13,89201.56,86986.78,0.3948,-0.48764,2e-05,253.56154,1.4,0.0
2026-09-21T20:19:15Z,2027-03-26,186,94000.0,C,0.089,0.0905,0.09,89201.56,86986.78,0.3948,0.48187,2e-05,253.42136,182.7,1.2
2026-09-21T20:19:15Z,2027-03-26,186,94000.0,P,0.1425,0.144,0.1438,89201.56,86986.78,0.3948,-0.51813,2e-05,253.42135,9.7,0.0
2026-09-21T20:19:15Z,2027-03-26,186,95000.0,C,0.085,0.0865,0.0859,89201.56,86986.78,0.3947,0.46687,2e-05,252.80783,432.8,178.5
2026-09-21T20:19:15Z,2027-03-26,186,95000.0,P,0.1495,0.151,0.1509,89201.56,86986.78,0.3947,-0.53313,2e-05,252.80783,0.5,0.0
2026-09-21T20:19:15Z,2027-03-26,186,96000.0,C,0.081,0.0825,0.082,89201.56,86986.78,0.3951,0.45224,2e-05,251.86352,164.0,20.4
2026-09-21T20:19:15Z,2027-03-26,186,96000.0,P,0.157,0.1585,0.1583,89209.66,86986.78,0.3951,-0.54763,2e-05,251.89612,1.6,0.0
2026-09-21T20:19:15Z,2027-03-26,186,98000.0,C,0.074,0.0755,0.0747,89209.66,86986.78,0.39520000000000005,0.42361,2e-05,249.04032,218.9,125.0
2026-09-21T20:19:15Z,2027-03-26,186,98000.0,P,0.172,0.1735,0.1733,89209.66,86986.78,0.39520000000000005,-0.57639,2e-05,249.04032,0.2,0.0
2026-09-21T20:19:15Z,2027-03-26,186,100000.0,C,0.067,0.0685,0.068,89209.66,86986.78,0.39590000000000003,0.39612,2e-05,245.05638,904.0,8.3
2026-09-21T20:19:15Z,2027-03-26,186,100000.0,P,0.1875,0.1905,0.1891,89202.16,86986.78,0.39590000000000003,-0.60399,2e-05,245.01654,12.7,0.4
2026-09-21T20:19:15Z,2027-03-26,186,102000.0,C,0.0615,0.0625,0.062,89209.66,86986.78,0.3968,0.36987,1e-05,240.08578,127.6,1.9
2026-09-21T20:19:15Z,2027-03-26,186,102000.0,P,0.2035,0.208,0.2055,89209.66,86986.78,0.3968,-0.63013,1e-05,240.08578,0.1,0.0
2026-09-21T20:19:15Z,2027-03-26,186,104000.0,C,0.056,0.057,0.0565,89209.66,86986.78,0.3978,0.34488,1e-05,234.27751,112.3,3.7
2026-09-21T20:19:15Z,2027-03-26,186,104000.0,P,0.22,0.225,0.2224,89209.66,86986.78,0.3978,-0.65512,1e-05,234.27751,0.1,0.0
2026-09-21T20:19:15Z,2027-03-26,186,105000.0,C,0.053,0.0545,0.0539,89209.66,86986.78,0.39840000000000003,0.33295,1e-05,231.12555,261.2,16.1
2026-09-21T20:19:15Z,2027-03-26,186,105000.0,P,0.229,0.2335,0.231,89209.66,86986.78,0.39840000000000003,-0.66705,1e-05,231.12555,0.5,0.0
2026-09-21T20:19:15Z,2027-03-26,186,106000.0,C,0.051,0.052,0.0514,89209.66,86986.78,0.39890000000000003,0.32122,1e-05,227.78202,77.4,0.1
2026-09-21T20:19:15Z,2027-03-26,186,106000.0,P,0.238,0.2425,0.2397,89209.66,86986.78,0.39890000000000003,-0.67878,1e-05,227.78202,0.1,0.0
2026-09-21T20:19:15Z,2027-03-26,186,108000.0,C,0.046,0.0475,0.0469,89202.16,86986.78,0.40020000000000006,0.29885,1e-05,220.71003,93.1,26.0
2026-09-21T20:19:15Z,2027-03-26,186,108000.0,P,0.255,0.2605,0.2576,89209.66,86986.78,0.40020000000000006,-0.70105,1e-05,220.76291,0.1,0.0
2026-09-21T20:19:15Z,2027-03-26,186,110000.0,C,0.042,0.0435,0.0428,89209.66,86986.78,0.4018,0.27821,1e-05,213.40725,1161.9,4.8
2026-09-21T20:19:15Z,2027-03-26,186,110000.0,P,0.273,0.279,0.276,89209.66,86986.78,0.4018,-0.72179,1e-05,213.40725,4.1,0.0
2026-09-21T20:19:15Z,2027-03-26,186,112000.0,C,0.0385,0.0395,0.0391,89209.66,86986.78,0.4033,0.25861,1e-05,205.70899,100.0,40.0
2026-09-21T20:19:15Z,2027-03-26,186,112000.0,P,0.292,0.3035,0.2946,89209.66,86986.78,0.4033,-0.74139,1e-05,205.70914,0.1,0.0
2026-09-21T20:19:15Z,2027-03-26,186,115000.0,C,0.0335,0.0345,0.0341,89209.66,86986.78,0.4056,0.23154,1e-05,193.82544,712.9,5.2
2026-09-21T20:19:15Z,2027-03-26,186,115000.0,P,0.3205,0.3265,0.3233,89217.39,86986.78,0.4056,-0.76837,1e-05,193.88486,2.2,0.0
2026-09-21T20:19:15Z,2027-03-26,186,120000.0,C,0.0265,0.028,0.0274,89217.39,86986.78,0.4106,0.19319,1e-05,174.35687,834.5,67.4
2026-09-21T20:19:15Z,2027-03-26,186,120000.0,P,0.3695,0.382,0.3727,89209.88,86986.78,0.4106,-0.80689,1e-05,174.29877,9.9,0.0
2026-09-21T20:19:15Z,2027-03-26,186,125000.0,C,0.0215,0.0225,0.0223,89217.39,86986.78,0.4165,0.16174,1e-05,155.84044,440.9,168.5
2026-09-21T20:19:15Z,2027-03-26,186,125000.0,P,0.42,0.4305,0.4236,89217.39,86986.78,0.4165,-0.83826,1e-05,155.84179,0.1,0.0
2026-09-21T20:19:15Z,2027-03-26,186,130000.0,C,0.0175,0.0185,0.0183,89217.39,86986.78,0.4228,0.13603,1e-05,138.81207,1182.4,28.6
2026-09-21T20:19:15Z,2027-03-26,186,130000.0,P,0.4715,0.4815,0.4756,89217.39,86986.78,0.4228,-0.86397,1e-05,138.81207,0.4,0.0
2026-09-21T20:19:15Z,2027-03-26,186,140000.0,C,0.012,0.013,0.0127,89217.39,86986.78,0.4363,0.09799,1e-05,109.9734,914.7,42.4
2026-09-21T20:19:15Z,2027-03-26,186,140000.0,P,0.5745,0.5935,0.5822,89217.39,86986.78,0.4363,-0.90201,1e-05,109.9734,10.9,0.0
2026-09-21T20:19:15Z,2027-03-26,186,150000.0,C,0.009,0.0095,0.0094,89217.39,86986.78,0.4526,0.07368,0.0,88.8142,1912.5,0.3
2026-09-21T20:19:15Z,2027-03-26,186,150000.0,P,0.6845,0.7005,0.691,89217.39,86986.78,0.4526,-0.92632,0.0,88.8142,0.6,0.0
2026-09-21T20:19:15Z,2027-03-26,186,160000.0,C,0.0065,0.0075,0.0071,89217.39,86986.78,0.4678,0.05649,0.0,72.26012,1042.8,0.5
2026-09-21T20:19:15Z,2027-03-26,186,160000.0,P,0.7915,0.8105,0.8008,89217.39,86986.78,0.4678,-0.94351,0.0,72.26012,0.1,0.0
2026-09-21T20:19:15Z,2027-03-26,186,170000.0,C,0.005,0.006,0.0056,89217.39,86986.78,0.48310000000000003,0.04459,0.0,59.84689,976.6,104.5
2026-09-21T20:19:15Z,2027-03-26,186,170000.0,P,0.9065,0.9225,0.9112,89217.39,86986.78,0.48310000000000003,-0.95541,0.0,59.84563,0.2,0.0
2026-09-21T20:19:15Z,2027-03-26,186,180000.0,C,0.0043,0.0049,0.0046,89217.39,86986.78,0.49979999999999997,0.03657,0.0,50.93757,659.3,0.0
2026-09-21T20:19:15Z,2027-03-26,186,180000.0,P,1.0135,1.038,1.0225,89217.39,86986.78,0.49979999999999997,-0.96343,0.0,50.93757,0.1,0.0
2026-09-21T20:19:15Z,2027-03-26,186,190000.0,C,0.0035,0.004,0.0038,89217.39,86986.78,0.5149,0.03034,0.0,43.686,662.3,9.0
2026-09-21T20:19:15Z,2027-03-26,186,190000.0,P,1.1215,1.151,1.1336,89217.39,86986.78,0.5149,-0.96966,0.0,43.68488,0.9,0.0
2026-09-21T20:19:15Z,2027-03-26,186,200000.0,C,0.003,0.0032,0.0033,89217.39,86986.78,0.53,0.02573,0.0,38.08448,495.7,15.4
2026-09-21T20:19:15Z,2027-03-26,186,200000.0,P,1.234,1.263,1.2454,89217.39,86986.78,0.53,-0.97427,0.0,38.08448,1.0,0.0
2026-09-21T20:19:15Z,2027-06-25,277,30000.0,C,0.669,0.671,0.6701,90269.34,86986.78,0.626,0.98911,0.0,22.55477,86.2,0.2
2026-09-21T20:19:15Z,2027-06-25,277,30000.0,P,0.0023,0.0027,0.0024,90269.34,86986.78,0.626,-0.01089,0.0,22.55477,348.4,7.0
2026-09-21T20:19:15Z,2027-06-25,277,40000.0,C,0.561,0.564,0.5625,90276.85,86986.78,0.5492,0.97393,0.0,47.56614,19.2,0.0
2026-09-21T20:19:15Z,2027-06-25,277,40000.0,P,0.005,0.0065,0.0057,90277.58,86986.78,0.5492,-0.02607,0.0,47.56678,1226.7,1.0
2026-09-21T20:19:15Z,2027-06-25,277,45000.0,C,0.508,0.5115,0.5098,90269.34,86986.78,0.5194,0.96129,0.0,65.91403,0.5,0.0
2026-09-21T20:19:15Z,2027-06-25,277,45000.0,P,0.008,0.009,0.0084,90269.34,86986.78,0.5194,-0.03871,0.0,65.91403,159.5,48.4
2026-09-21T20:19:15Z,2027-06-25,277,50000.0,C,0.4565,0.4595,0.4581,90269.34,86986.78,0.4926,0.94434,0.0,88.22691,17.7,2.0
2026-09-21T20:19:15Z,2027-06-25,277,50000.0,P,0.0115,0.013,0.0121,90278.27,86986.78,0.4926,-0.05564,0.0,88.20528,410.3,10.0
2026-09-21T20:19:15Z,2027-06-25,277,52000.0,C,0.437,0.439,0.438,90278.27,86986.78,0.4841,0.93575,0.0,98.73167,1.1,0.0
2026-09-21T20:19:15Z,2027-06-25,277,52000.0,P,0.0135,0.015,0.0141,90278.27,86986.78,0.4841,-0.06425,0.0,98.73167,54.7,0.7
2026-09-21T20:19:15Z,2027-06-25,277,54000.0,C,0.416,0.4195,0.4179,90278.27,86986.78,0.47450000000000003,0.92661,0.0,109.39622,1.0,0.0
2026-09-21T20:19:15Z,2027-06-25,277,54000.0,P,0.0155,0.017,0.0161,90278.27,86986.78,0.47450000000000003,-0.07339,0.0,109.39622,50.2,0.1
2026-09-21T20:19:15Z,2027-06-25,277,55000.0,C,0.407,0.4095,0.4081,90276.84,86986.78,0.4717,0.92106,0.0,115.63562,3.7,1.6
2026-09-21T20:19:15Z,2027-06-25,277,55000.0,P,0.0165,0.0185,0.0175,90278.27,86986.78,0.4717,-0.07893,0.0,115.63115,36.1,1.3
2026-09-21T20:19:15Z,2027-06-25,277,56000.0,C,0.3965,0.4005,0.3982,90276.84,86986.78,0.4668,0.91597,0.0,121.22154,3.0,0.0
2026-09-21T20:19:15Z,2027-06-25,277,56000.0,P,0.018,0.0195,0.0186,90278.27,86986.78,0.4668,-0.08403,0.0,121.21694,85.3,0.5
2026-09-21T20:19:15Z,2027-06-25,277,58000.0,C,0.3775,0.3805,0.3789,90276.84,86986.78,0.4595,0.90427,0.0,133.55424,13.8,0.0
2026-09-21T20:19:15Z,2027-06-25,277,58000.0,P,0.021,0.022,0.0215,90278.27,86986.78,0.4595,-0.09573,0.0,133.54945,100.3,1.0
2026-09-21T20:19:15Z,2027-06-25,277,60000.0,C,0.3585,0.3615,0.36,90276.84,86986.78,0.45299999999999996,0.89128,1e-05,146.50617,969.9,0.0
2026-09-21T20:19:15Z,2027-06-25,277,60000.0,P,0.024,0.0255,0.0247,90278.27,86986.78,0.45299999999999996,-0.10871,1e-05,146.50123,199.2,2.1
2026-09-21T20:19:15Z,2027-06-25,277,62000.0,C,0.34,0.3425,0.3414,90276.84,86986.78,0.4468,0.87713,1e-05,159.81287,118.0,30.0
2026-09-21T20:19:15Z,2027-06-25,277,62000.0,P,0.0275,0.029,0.0283,90278.27,86986.78,0.4468,-0.12287,1e-05,159.80769,115.3,0.0
2026-09-21T20:19:15Z,2027-06-25,277,64000.0,C,0.3215,0.325,0.3232,90278.27,86986.78,0.4407,0.86187,1e-05,173.29343,33.5,0.0
2026-09-21T20:19:15Z,2027-06-25,277,64000.0,P,0.0315,0.033,0.0323,90278.27,86986.78,0.4407,-0.13813,1e-05,173.29343,63.2,5.1
2026-09-21T20:19:15Z,2027-06-25,277,65000.0,C,0.3125,0.316,0.3143,90276.84,86986.78,0.4376,0.85381,1e-05,180.07282,4.1,0.0
2026-09-21T20:19:15Z,2027-06-25,277,65000.0,P,0.034,0.035,0.0344,90277.63,86986.78,0.4376,-0.14619,1e-05,180.07073,39.5,5.0
2026-09-21T20:19:15Z,2027-06-25,277,66000.0,C,0.304,0.307,0.3056,90277.63,86986.78,0.43520000000000003,0.84529,1e-05,186.99931,25.6,0.5
2026-09-21T20:19:15Z,2027-06-25,277,66000.0,P,0.036,0.0375,0.0367,90277.63,86986.78,0.43520000000000003,-0.15471,1e-05,186.99931,66.6,0.0
2026-09-21T20:19:15Z,2027-06-25,277,68000.0,C,0.287,0.29,0.2884,90277.63,86986.78,0.4303,0.8274,1e-05,200.77169,14.6,4.1
2026-09-21T20:19:15Z,2027-06-25,277,68000.0,P,0.041,0.0425,0.0417,90277.63,86986.78,0.4303,-0.1726,1e-05,200.77176,20.0,0.0
2026-09-21T20:19:15Z,2027-06-25,277,70000.0,C,0.27,0.274,0.2719,90278.37,86986.78,0.42619999999999997,0.80821,1e-05,214.45245,204.1,16.3
2026-09-21T20:19:15Z,2027-06-25,277,70000.0,P,0.0465,0.0485,0.0474,90277.63,86986.78,0.42619999999999997,-0.1918,1e-05,214.45482,58.8,4.6
2026-09-21T20:19:15Z,2027-06-25,277,72000.0,C,0.2545,0.257,0.2559,90278.37,86986.78,0.4224,0.78791,1e-05,227.7664,87.7,1.0
2026-09-21T20:19:15Z,2027-06-25,277,72000.0,P,0.053,0.0545,0.0535,90277.63,86986.78,0.4224,-0.2121,1e-05,227.76859,50.1,1.5
2026-09-21T20:19:15Z,2027-06-25,277,74000.0,C,0.239,0.2415,0.2405,90277.63,86986.78,0.4189,0.76658,1e-05,240.55473,24.0,6.2
2026-09-21T20:19:15Z,2027-06-25,277,74000.0,P,0.0595,0.0615,0.0603,90277.63,86986.78,0.4189,-0.23342,1e-05,240.55473,19.0,3.1
2026-09-21T20:19:15Z,2027-06-25,277,76000.0,C,0.224,0.2275,0.2258,90278.37,86986.78,0.41600000000000004,0.74427,1e-05,252.68215,73.9,0.3
2026-09-21T20:19:15Z,2027-06-25,277,76000.0,P,0.067,0.0685,0.0677,90278.37,86986.78,0.41600000000000004,-0.25573,1e-05,252.68215,73.0,3.1
2026-09-21T20:19:15Z,2027-06-25,277,78000.0,C,0.21,0.213,0.2116,90277.63,86986.78,0.4131,0.72118,1e-05,263.95149,104.4,0.2
2026-09-21T20:19:15Z,2027-06-25,277,78000.0,P,0.075,0.0765,0.0757,90278.37,86986.78,0.4131,-0.27881,1e-05,263.95013,106.3,6.0
2026-09-21T20:19:15Z,2027-06-25,277,80000.0,C,0.197,0.1995,0.1982,90277.63,86986.78,0.41100000000000003,0.69734,1e-05,274.28059,171.2,6.9
2026-09-21T20:19:15Z,2027-06-25,277,80000.0,P,0.0835,0.0855,0.0844,90277.63,86986.78,0.41100000000000003,-0.30266,1e-05,274.28059,55.3,0.3
2026-09-21T20:19:15Z,2027-06-25,277,82000.0,C,0.184,0.1865,0.1853,90277.63,86986.78,0.40869999999999995,0.67301,1e-05,283.5006,76.4,0.0
2026-09-21T20:19:15Z,2027-06-25,277,82000.0,P,0.0925,0.0945,0.0937,90277.58,86986.78,0.40869999999999995,-0.327,1e-05,283.50061,24.9,5.2
2026-09-21T20:19:15Z,2027-06-25,277,84000.0,C,0.172,0.1745,0.1733,90279.18,86986.78,0.4071,0.64826,1e-05,291.56098,29.5,0.3
2026-09-21T20:19:15Z,2027-06-25,277,84000.0,P,0.103,0.105,0.1037,90277.58,86986.78,0.4071,-0.35176,1e-05,291.56136,19.4,5.7
2026-09-21T20:19:15Z,2027-06-25,277,85000.0,C,0.166,0.1685,0.1673,90279.18,86986.78,0.4061,0.63578,1e-05,295.12828,163.4,2.1
2026-09-21T20:19:15Z,2027-06-25,277,85000.0,P,0.108,0.11,0.1089,90279.18,86986.78,0.4061,-0.36422,1e-05,295.12829,15.7,5.3
2026-09-21T20:19:15Z,2027-06-25,277,86000.0,C,0.1605,0.163,0.1617,90277.58,86986.78,0.4053,0.62324,1e-05,298.38147,39.8,1.8
2026-09-21T20:19:15Z,2027-06-25,277,86000.0,P,0.1135,0.115,0.1143,90279.18,86986.78,0.4053,-0.37675,1e-05,298.38205,2.7,2.3
2026-09-21T20:19:15Z,2027-06-25,277,88000.0,C,0.1495,0.152,0.1508,90279.18,86986.78,0.40409999999999996,0.59814,1e-05,303.93016,29.2,0.6
2026-09-21T20:19:15Z,2027-06-25,277,88000.0,P,0.1245,0.1265,0.1256,90277.58,86986.78,0.40409999999999996,-0.40188,1e-05,303.92858,9.9,5.8
2026-09-21T20:19:15Z,2027-06-25,277,90000.0,C,0.1395,0.142,0.1407,90279.18,86986.78,0.4035,0.57316,1e-05,308.17821,765.0,2.1
2026-09-21T20:19:15Z,2027-06-25,277,90000.0,P,0.1365,0.1385,0.1376,90279.18,86986.78,0.4035,-0.42684,1e-05,308.17821,52.1,1.6
2026-09-21T20:19:15Z,2027-06-25,277,92000.0,C,0.1305,0.1325,0.1313,90277.58,86986.78,0.4032,0.5484,1e-05,311.14919,16.5,0.0
2026-09-21T20:19:15Z,2027-06-25,277,92000.0,P,0.149,0.1515,0.1504,90279.18,86986.78,0.4032,-0.45158,1e-05,311.15279,0.3,0.1
2026-09-21T20:19:15Z,2027-06-25,277,94000.0,C,0.1215,0.1235,0.1225,90279.18,86986.78,0.4033,0.5241,1e-05,312.89198,27.0,0.0
2026-09-21T20:19:15Z,2027-06-25,277,94000.0,P,0.1625,0.1645,0.1637,90279.18,86986.78,0.4033,-0.4759,1e-05,312.89198,0.1,0.0
2026-09-21T20:19:15Z,2027-06-25,277,95000.0,C,0.117,0.119,0.1183,90279.18,86986.78,0.4032,0.51206,1e-05,313.32097,55.7,5.3
2026-09-21T20:19:15Z,2027-06-25,277,95000.0,P,0.169,0.1715,0.1706,90277.58,86986.78,0.4032,-0.48796,1e-05,313.3159,20.2,0.0
2026-09-21T20:19:15Z,2027-06-25,277,96000.0,C,0.113,0.115,0.1142,90279.18,86986.78,0.4033,0.50019,1e-05,313.46413,39.5,5.2
2026-09-21T20:19:15Z,2027-06-25,277,96000.0,P,0.176,0.179,0.1776,90277.58,86986.78,0.4033,-0.49983,1e-05,313.45858,0.1,0.0
2026-09-21T20:19:15Z,2027-06-25,277,98000.0,C,0.105,0.1075,0.1065,90277.58,86986.78,0.4036,0.47685,1e-05,312.93085,83.0,3.0
2026-09-21T20:19:15Z,2027-06-25,277,98000.0,P,0.1905,0.1935,0.192,90279.18,86986.78,0.4036,-0.52313,1e-05,312.93731,0.1,0.0
2026-09-21T20:19:15Z,2027-06-25,277,100000.0,C,0.0985,0.1,0.0993,90277.58,86986.78,0.40380000000000005,0.4541,1e-05,311.38134,218.4,13.9
2026-09-21T20:19:15Z,2027-06-25,277,100000.0,P,0.2055,0.2085,0.2069,90278.95,86986.78,0.40380000000000005,-0.54589,1e-05,311.38761,1.7,0.3
2026-09-21T20:19:15Z,2027-06-25,277,102000.0,C,0.0915,0.0935,0.0926,90278.95,86986.78,0.4043,0.43214,1e-05,308.918,52.9,8.2
2026-09-21T20:19:15Z,2027-06-25,277,102000.0,P,0.221,0.2245,0.2224,90278.95,86986.78,0.4043,-0.56786,1e-05,308.918,0.0,0.0
2026-09-21T20:19:15Z,2027-06-25,277,104000.0,C,0.0855,0.087,0.0864,90271.44,86986.78,0.40509999999999996,0.41089,1e-05,305.58582,185.6,188.8
2026-09-21T20:19:15Z,2027-06-25,277,104000.0,P,0.2365,0.2405,0.2384,90271.44,86986.78,0.40509999999999996,-0.58911,1e-05,305.58582,0.0,0.0
2026-09-21T20:19:15Z,2027-06-25,277,105000.0,C,0.0825,0.084,0.0834,90271.44,86986.78,0.4054,0.40057,1e-05,303.65072,163.5,9.7
2026-09-21T20:19:15Z,2027-06-25,277,105000.0,P,0.2445,0.2485,0.2465,90271.44,86986.78,0.4054,-0.59943,1e-05,303.65072,0.1,0.0
2026-09-21T20:19:15Z,2027-06-25,277,106000.0,C,0.0795,0.0815,0.0806,90278.95,86986.78,0.4058,0.39055,1e-05,301.59112,18.7,0.0
2026-09-21T20:19:15Z,2027-06-25,277,106000.0,P,0.253,0.257,0.2547,90278.95,86986.78,0.4058,-0.60945,1e-05,301.59112,0.0,0.0
2026-09-21T20:19:15Z,2027-06-25,277,108000.0,C,0.074,0.076,0.0751,90271.44,86986.78,0.4065,0.37072,1e-05,296.83256,23.8,0.4
2026-09-21T20:19:15Z,2027-06-25,277,108000.0,P,0.2695,0.2735,0.2716,90256.86,86986.78,0.4065,-0.62945,1e-05,296.73948,0.3,0.1
2026-09-21T20:19:15Z,2027-06-25,277,110000.0,C,0.069,0.071,0.0701,90278.95,86986.78,0.40740000000000004,0.35198,1e-05,291.631,294.0,44.4
2026-09-21T20:19:15Z,2027-06-25,277,110000.0,P,0.286,0.2915,0.2886,90271.44,86986.78,0.40740000000000004,-0.64811,1e-05,291.58074,5.3,2.1
2026-09-21T20:19:15Z,2027-06-25,277,112000.0,C,0.0645,0.0665,0.0655,90278.95,86986.78,0.4083,0.33399,1e-05,285.91506,0.0,0.0
2026-09-21T20:19:15Z,2027-06-25,277,112000.0,P,0.304,0.3095,0.3061,90271.44,86986.78,0.4083,-0.6661,1e-05,285.86256,0.0,0.0
2026-09-21T20:19:15Z,2027-06-25,277,114000.0,C,0.0605,0.062,0.0613,90271.44,86986.78,0.40979999999999994,0.31703,1e-05,279.86179,0.0,0.0
2026-09-21T20:19:15Z,2027-06-25,277,114000.0,P,0.322,0.327,0.3241,90271.44,86986.78,0.40979999999999994,-0.68297,1e-05,279.86179,0.0,0.0
2026-09-21T20:19:15Z,2027-06-25,277,115000.0,C,0.058,0.06,0.0592,90278.95,86986.78,0.4102,0.30877,1e-05,276.72197,64.9,9.0
2026-09-21T20:19:15Z,2027-06-25,277,115000.0,P,0.331,0.336,0.3331,90271.44,86986.78,0.4102,-0.69131,1e-05,276.66675,0.0,0.0
2026-09-21T20:19:15Z,2027-06-25,277,116000.0,C,0.056,0.058,0.057,90271.44,86986.78,0.41,0.29999,1e-05,273.16879,0.0,0.0
2026-09-21T20:19:15Z,2027-06-25,277,116000.0,P,0.339,0.3465,0.3419,90271.44,86986.78,0.41,-0.70001,1e-05,273.16879,0.0,0.0
2026-09-21T20:19:15Z,2027-06-25,277,120000.0,C,0.0495,0.05,0.0502,90278.95,86986.78,0.41340000000000005,0.27056,1e-05,260.07007,358.9,8.3
2026-09-21T20:19:15Z,2027-06-25,277,120000.0,P,0.376,0.383,0.3794,90278.95,86986.78,0.41340000000000005,-0.72944,1e-05,260.07007,0.9,0.0
2026-09-21T20:19:15Z,2027-06-25,277,125000.0,C,0.042,0.0435,0.0427,90265.46,86986.78,0.41700000000000004,0.23712,1e-05,242.62134,137.3,20.4
2026-09-21T20:19:15Z,2027-06-25,277,125000.0,P,0.424,0.433,0.4273,90265.46,86986.78,0.41700000000000004,-0.76288,1e-05,242.62134,0.0,0.0
2026-09-21T20:19:15Z,2027-06-25,277,130000.0,C,0.036,0.0375,0.0367,90271.2,86986.78,0.4213,0.20861,1e-05,225.54865,766.2,23.1
2026-09-21T20:19:15Z,2027-06-25,277,130000.0,P,0.4705,0.481,0.4767,90271.2,86986.78,0.4213,-0.79139,1e-05,225.54865,3.9,0.0
2026-09-21T20:19:15Z,2027-06-25,277,135000.0,C,0.031,0.0325,0.0317,90265.46,86986.78,0.426,0.18397,1e-05,208.976,0.1,0.1
2026-09-21T20:19:15Z,2027-06-25,277,135000.0,P,0.523,0.5415,0.5271,90265.46,86986.78,0.426,-0.81603,1e-05,208.976,0.0,0.0
2026-09-21T20:19:15Z,2027-06-25,277,140000.0,C,0.027,0.028,0.0276,90265.46,86986.78,0.4311,0.16299,1e-05,193.47156,388.3,30.6
2026-09-21T20:19:15Z,2027-06-25,277,140000.0,P,0.574,0.586,0.5783,90265.46,86986.78,0.4311,-0.83701,1e-05,193.47156,3.4,0.0
2026-09-21T20:19:15Z,2027-06-25,277,150000.0,C,0.0205,0.0215,0.0212,90265.46,86986.78,0.4413,0.12917,1e-05,165.45982,219.7,1.4
2026-09-21T20:19:15Z,2027-06-25,277,150000.0,P,0.6785,0.6995,0.6828,90271.2,86986.78,0.4413,-0.87079,1e-05,165.50131,1.1,0.0
2026-09-21T20:19:15Z,2027-06-25,277,160000.0,C,0.016,0.017,0.0167,90265.46,86986.78,0.4517,0.1039,1e-05,141.76547,580.2,31.0
2026-09-21T20:19:15Z,2027-06-25,277,160000.0,P,0.78,0.8,0.789,90265.46,86986.78,0.4517,-0.8961,1e-05,141.76547,0.2,0.0
2026-09-21T20:19:15Z,2027-06-25,277,170000.0,C,0.013,0.014,0.0136,90265.46,86986.78,0.4635,0.08575,0.0,123.06161,152.8,1.0
2026-09-21T20:19:15Z,2027-06-25,277,170000.0,P,0.892,0.916,0.8967,90265.46,86986.78,0.4635,-0.91425,0.0,123.06161,14.7,0.0
2026-09-21T20:19:15Z,2027-06-25,277,180000.0,C,0.0105,0.0115,0.0111,90271.2,86986.78,0.47340000000000004,0.07093,0.0,106.56959,67.8,40.5
2026-09-21T20:19:15Z,2027-06-25,277,180000.0,P,0.9945,1.021,1.005,90265.46,86986.78,0.47340000000000004,-0.92909,0.0,106.53866,0.0,0.0
2026-09-21T20:19:15Z,2027-06-25,277,190000.0,C,0.009,0.01,0.0094,90271.2,86986.78,0.48479999999999995,0.06024,0.0,93.88262,62.4,2.8
2026-09-21T20:19:15Z,2027-06-25,277,190000.0,P,1.102,1.132,1.114,90265.46,86986.78,0.48479999999999995,-0.93978,0.0,93.85468,0.6,0.0
2026-09-21T20:19:15Z,2027-06-25,277,200000.0,C,0.0075,0.0085,0.008,90265.46,86986.78,0.49479999999999996,0.05136,0.0,82.7706,56.6,3.9
2026-09-21T20:19:15Z,2027-06-25,277,200000.0,P,1.2105,1.2475,1.2234,90271.2,86986.78,0.49479999999999996,-0.94863,0.0,82.79581,2.1,0.0
