snapshot_ts,expiry,days_to_expiry,strike,option_type,bid,ask,mark_price,forward_price,index_price,implied_vol,delta,gamma,vega,open_interest,volume_24h
2026-07-24T17:40:32Z,2026-07-25,1,59000.0,C,0.046,0.111,0.0795,64091.47,64091.47,0.6163000000000001,0.99957,0.0,0.03978,0.0,0.0
2026-07-24T17:40:32Z,2026-07-25,1,59000.0,P,0.0,0.0001,0.0,64091.47,64091.47,0.6163000000000001,-0.00043,0.0,0.03978,65.5,1.0
2026-07-24T17:40:32Z,2026-07-25,1,60000.0,C,0.03,0.09,0.0639,64091.47,64091.47,0.5938,0.99711,1e-05,0.22918,0.1,0.0
2026-07-24T17:40:32Z,2026-07-25,1,60000.0,P,0.0,0.0001,0.0,64091.47,64091.47,0.5938,-0.00289,1e-05,0.22918,47.7,1.8
2026-07-24T17:40:32Z,2026-07-25,1,61000.0,C,0.0135,0.081,0.0483,64091.47,64091.47,0.503,0.99268,2e-05,0.52491,0.0,0.0
2026-07-24T17:40:32Z,2026-07-25,1,61000.0,P,0.0,0.0001,0.0,64091.47,64091.47,0.503,-0.00732,2e-05,0.52491,67.3,70.1
2026-07-24T17:40:32Z,2026-07-25,1,62000.0,C,0.013,0.0605,0.0327,64091.47,64091.47,0.3713,0.98671,4e-05,0.88395,0.1,0.0
2026-07-24T17:40:32Z,2026-07-25,1,62000.0,P,0.0,0.0002,0.0001,64091.47,64091.47,0.3713,-0.01329,4e-05,0.88395,55.8,48.9
2026-07-24T17:40:32Z,2026-07-25,1,63000.0,C,0.0125,0.0425,0.0174,64091.47,64091.47,0.2775,0.93781,0.00017,3.17435,0.1,0.0
2026-07-24T17:40:32Z,2026-07-25,1,63000.0,P,0.0002,0.0004,0.0003,64091.47,64091.47,0.2775,-0.06219,0.00017,3.17435,108.7,77.4
2026-07-24T17:40:32Z,2026-07-25,1,63500.0,C,0.0085,0.0115,0.0101,64091.47,64091.47,0.2402,0.83143,0.0004,6.52127,5.5,5.6
2026-07-24T17:40:32Z,2026-07-25,1,63500.0,P,0.0007,0.001,0.0009,64091.47,64091.47,0.2402,-0.16857,0.0004,6.52127,164.2,95.5
2026-07-24T17:40:32Z,2026-07-25,1,64000.0,C,0.004,0.0047,0.0043,64091.47,64091.47,0.2163,0.56658,0.0007,10.19236,43.2,55.7
2026-07-24T17:40:32Z,2026-07-25,1,64000.0,P,0.0025,0.003,0.0028,64091.47,64091.47,0.2163,-0.43342,0.0007,10.19236,245.5,201.0
2026-07-24T17:40:32Z,2026-07-25,1,64500.0,C,0.001,0.0014,0.0012,64091.47,64091.47,0.21739999999999998,0.23621,0.00055,7.98474,56.7,38.2
2026-07-24T17:40:32Z,2026-07-25,1,64500.0,P,0.0065,0.0085,0.0076,64091.47,64091.47,0.21739999999999998,-0.76379,0.00055,7.98482,145.3,130.6
2026-07-24T17:40:32Z,2026-07-25,1,65000.0,C,0.0002,0.0004,0.0003,64091.47,64091.47,0.23929999999999998,0.07353,0.00022,3.61271,42.0,104.9
2026-07-24T17:40:32Z,2026-07-25,1,65000.0,P,0.0105,0.019,0.0145,64091.47,64091.47,0.23929999999999998,-0.92647,0.00022,3.61271,43.1,24.1
2026-07-24T17:40:32Z,2026-07-25,1,65500.0,C,0.0,0.0002,0.0002,64091.47,64091.47,0.2942,0.03423,0.0001,1.96582,63.6,70.1
2026-07-24T17:40:32Z,2026-07-25,1,65500.0,P,0.017,0.027,0.0221,64091.47,64091.47,0.2942,-0.96577,0.0001,1.96582,66.5,6.3
2026-07-24T17:40:32Z,2026-07-25,1,66000.0,C,0.0,0.0001,0.0001,64091.47,64091.47,0.3368,0.01584,5e-05,1.028,173.1,224.8
2026-07-24T17:40:32Z,2026-07-25,1,66000.0,P,0.028,0.0345,0.0298,64091.47,64091.47,0.3368,-0.98416,5e-05,1.028,13.3,3.1
2026-07-24T17:40:32Z,2026-07-25,1,66500.0,C,0.0,0.0001,0.0,64091.47,64091.47,0.3825,0.0087,2e-05,0.6113,218.8,38.9
2026-07-24T17:40:32Z,2026-07-25,1,66500.0,P,0.0325,0.043,0.0376,64091.11,64091.47,0.3825,-0.99131,2e-05,0.61077,39.7,0.6
2026-07-24T17:40:32Z,2026-07-25,1,67000.0,C,0.0,0.0001,0.0,64091.47,64091.47,0.4072,0.0036,1e-05,0.279,333.5,318.3
2026-07-24T17:40:32Z,2026-07-25,1,67000.0,P,0.013,0.0835,0.0454,64091.11,64091.47,0.4072,-0.99641,1e-05,0.27874,0.2,0.0
2026-07-24T17:40:32Z,2026-07-25,1,67500.0,C,0.0,0.0001,0.0,64091.11,64091.47,0.4079,0.00086,0.0,0.07597,163.8,108.2
2026-07-24T17:40:32Z,2026-07-25,1,67500.0,P,0.0175,0.091,0.0531,64091.11,64091.47,0.4079,-0.99914,0.0,0.07597,0.0,0.0
2026-07-24T17:40:32Z,2026-07-25,1,68000.0,C,0.0,0.0001,0.0,64091.11,64091.47,0.40869999999999995,0.00018,0.0,0.01734,64.3,27.0
2026-07-24T17:40:32Z,2026-07-25,1,68000.0,P,0.025,0.0995,0.0609,64091.11,64091.47,0.40869999999999995,-0.99982,0.0,0.01734,0.0,0.0
2026-07-24T17:40:32Z,2026-07-25,1,68500.0,C,0.0,0.0001,0.0,64091.11,64091.47,0.40869999999999995,3e-05,0.0,0.00322,171.7,121.8
2026-07-24T17:40:32Z,2026-07-25,1,68500.0,P,0.063,0.107,0.0687,64091.11,64091.47,0.40869999999999995,-0.99997,0.0,0.00322,0.0,0.0
2026-07-24T17:40:32Z,2026-07-25,1,69000.0,C,0.0,0.0001,0.0,64091.11,64091.47,0.42060000000000003,1e-05,0.0,0.00087,38.0,1.5
2026-07-24T17:40:32Z,2026-07-25,1,69000.0,P,0.04,0.115,0.0765,64091.11,64091.47,0.42060000000000003,-0.99999,0.0,0.00087,0.0,0.0
2026-07-24T17:40:32Z,2026-07-25,1,70000.0,C,0.0,0.0001,0.0,64091.11,64091.47,0.4704,0.0,0.0,0.00023,72.9,30.1
2026-07-24T17:40:32Z,2026-07-25,1,70000.0,P,0.087,0.1315,0.0921,64091.11,64091.47,0.4704,-1.0,0.0,0.00023,0.0,0.0
2026-07-24T17:40:32Z,2026-07-25,1,71000.0,C,0.0,0.0001,0.0,64091.11,64091.47,0.4799,0.0,0.0,1e-05,55.8,33.6
2026-07-24T17:40:32Z,2026-07-25,1,71000.0,P,0.0705,0.1475,0.1077,64091.11,64091.47,0.4799,-1.0,0.0,1e-05,0.0,0.0
2026-07-24T17:40:32Z,2026-07-25,1,72000.0,C,0.0,0.0001,0.0,64091.11,64091.47,0.49979999999999997,0.0,0.0,0.0,6.2,0.0
2026-07-24T17:40:32Z,2026-07-25,1,72000.0,P,0.0855,0.164,0.1233,64091.11,64091.47,0.49979999999999997,-1.0,0.0,0.0,0.0,0.0
2026-07-24T17:40:32Z,2026-07-25,1,73000.0,C,0.0,0.0001,0.0,64091.11,64091.47,0.5242,0.0,0.0,0.0,1.4,0.0
2026-07-24T17:40:32Z,2026-07-25,1,73000.0,P,0.101,0.18,0.1389,64091.11,64091.47,0.5242,-1.0,0.0,0.0,0.0,0.0
2026-07-24T17:40:32Z,2026-07-25,1,74000.0,C,0.0,0.0001,0.0,64091.11,64091.47,0.5378000000000001,0.0,0.0,0.0,2.4,0.0
2026-07-24T17:40:32Z,2026-07-25,1,74000.0,P,0.1155,0.1965,0.1545,64091.11,64091.47,0.5378000000000001,-1.0,0.0,0.0,0.0,0.0
2026-07-24T17:40:32Z,2026-07-26,2,58000.0,C,0.062,0.1265,0.0952,64091.11,64091.47,0.5511,0.99709,0.0,0.37707,0.0,0.0
2026-07-24T17:40:32Z,2026-07-26,2,58000.0,P,0.0,0.0001,0.0,64091.11,64091.47,0.5511,-0.00291,0.0,0.37707,18.0,2.0
2026-07-24T17:40:32Z,2026-07-26,2,59000.0,C,0.046,0.1115,0.0796,64091.11,64091.47,0.48619999999999997,0.9952,1e-05,0.5909,0.0,0.0
2026-07-24T17:40:32Z,2026-07-26,2,59000.0,P,0.0,0.0001,0.0,64091.11,64091.47,0.48619999999999997,-0.0048,1e-05,0.5909,111.1,13.7
2026-07-24T17:40:32Z,2026-07-26,2,60000.0,C,0.0595,0.0965,0.064,64091.11,64091.47,0.4311,0.99004,1e-05,1.12562,0.0,0.0
2026-07-24T17:40:32Z,2026-07-26,2,60000.0,P,0.0,0.0001,0.0001,64091.11,64091.47,0.4311,-0.00996,1e-05,1.12562,18.9,0.1
2026-07-24T17:40:32Z,2026-07-26,2,61000.0,C,0.0145,0.081,0.0485,64091.11,64091.47,0.35359999999999997,0.98321,3e-05,1.7679,0.0,0.0
2026-07-24T17:40:32Z,2026-07-26,2,61000.0,P,0.0001,0.0002,0.0001,64091.11,64091.47,0.35359999999999997,-0.01679,3e-05,1.7679,34.8,30.4
2026-07-24T17:40:32Z,2026-07-26,2,62000.0,C,0.013,0.066,0.0331,64091.11,64091.47,0.29410000000000003,0.95684,7e-05,3.88453,0.0,0.0
2026-07-24T17:40:32Z,2026-07-26,2,62000.0,P,0.0003,0.0004,0.0003,64091.11,64091.47,0.29410000000000003,-0.04316,7e-05,3.88453,99.2,33.1
2026-07-24T17:40:32Z,2026-07-26,2,63000.0,C,0.011,0.0505,0.018,64091.11,64091.47,0.2235,0.87883,0.00021,8.53748,0.0,0.0
2026-07-24T17:40:32Z,2026-07-26,2,63000.0,P,0.0008,0.001,0.0009,64091.11,64091.47,0.2235,-0.12117,0.00021,8.53748,118.3,53.1
2026-07-24T17:40:32Z,2026-07-26,2,63500.0,C,0.0065,0.044,0.0113,64091.4,64091.47,0.2032,0.75691,0.00036,13.26911,0.1,0.1
2026-07-24T17:40:32Z,2026-07-26,2,63500.0,P,0.0017,0.0021,0.0019,64091.4,64091.47,0.2032,-0.24309,0.00036,13.26911,117.8,95.8
2026-07-24T17:40:32Z,2026-07-26,2,64000.0,C,0.0055,0.0065,0.0059,64091.4,64091.47,0.19149999999999998,0.54737,0.00049,16.79095,31.0,31.4
2026-07-24T17:40:32Z,2026-07-26,2,64000.0,P,0.0041,0.0044,0.0043,64091.4,64091.47,0.19149999999999998,-0.45263,0.00049,16.79095,62.7,46.9
2026-07-24T17:40:32Z,2026-07-26,2,64500.0,C,0.0022,0.0027,0.0025,64091.4,64091.47,0.1877,0.30652,0.00044,14.88022,54.7,62.3
2026-07-24T17:40:32Z,2026-07-26,2,64500.0,P,0.008,0.0095,0.0087,64091.4,64091.47,0.1877,-0.69348,0.00044,14.88022,8.8,6.1
2026-07-24T17:40:32Z,2026-07-26,2,65000.0,C,0.0007,0.001,0.0009,64091.4,64091.47,0.1918,0.13493,0.00027,9.20012,74.7,29.7
2026-07-24T17:40:32Z,2026-07-26,2,65000.0,P,0.0115,0.0205,0.0149,64091.4,64091.47,0.1918,-0.86507,0.00027,9.20012,12.9,11.7
2026-07-24T17:40:32Z,2026-07-26,2,65500.0,C,0.0002,0.0004,0.0003,64091.4,64091.47,0.2046,0.05484,0.00013,4.7044,59.1,46.5
2026-07-24T17:40:32Z,2026-07-26,2,65500.0,P,0.0175,0.028,0.0222,64091.4,64091.47,0.2046,-0.94516,0.00013,4.7044,21.8,0.0
2026-07-24T17:40:32Z,2026-07-26,2,66000.0,C,0.0001,0.0002,0.0002,64091.4,64091.47,0.228,0.02627,6e-05,2.5827,72.0,44.7
2026-07-24T17:40:32Z,2026-07-26,2,66000.0,P,0.028,0.034,0.0298,64091.4,64091.47,0.228,-0.97373,6e-05,2.5827,13.8,1.7
2026-07-24T17:40:32Z,2026-07-26,2,66500.0,C,0.0001,0.0002,0.0001,64091.4,64091.47,0.2588,0.01591,4e-05,1.68894,117.7,7.8
2026-07-24T17:40:32Z,2026-07-26,2,66500.0,P,0.032,0.044,0.0376,64091.4,64091.47,0.2588,-0.98409,4e-05,1.68894,0.4,0.0
2026-07-24T17:40:32Z,2026-07-26,2,67000.0,C,0.0,0.0001,0.0001,64091.4,64091.47,0.2907,0.01076,2e-05,1.20453,243.1,115.6
2026-07-24T17:40:32Z,2026-07-26,2,67000.0,P,0.013,0.0835,0.0453,64091.4,64091.47,0.2907,-0.98924,2e-05,1.20453,0.0,0.0
2026-07-24T17:40:32Z,2026-07-26,2,67500.0,C,0.0,0.0001,0.0001,64091.4,64091.47,0.33159999999999995,0.00935,2e-05,1.06529,205.9,207.0
2026-07-24T17:40:32Z,2026-07-26,2,67500.0,P,0.0175,0.091,0.0531,64091.4,64091.47,0.33159999999999995,-0.99065,2e-05,1.06529,0.0,0.0
2026-07-24T17:40:32Z,2026-07-26,2,68000.0,C,0.0,0.0001,0.0,64091.4,64091.47,0.3519,0.00567,1e-05,0.68547,82.5,67.8
2026-07-24T17:40:32Z,2026-07-26,2,68000.0,P,0.056,0.0995,0.0609,64091.4,64091.47,0.3519,-0.99433,1e-05,0.68547,0.0,0.0
2026-07-24T17:40:32Z,2026-07-26,2,68500.0,C,0.0,0.0001,0.0,64091.4,64091.47,0.3661,0.00312,1e-05,0.40135,10.0,1.6
2026-07-24T17:40:32Z,2026-07-26,2,68500.0,P,0.033,0.1075,0.0687,64091.4,64091.47,0.3661,-0.99688,1e-05,0.40135,0.0,0.0
2026-07-24T17:40:32Z,2026-07-26,2,69000.0,C,0.0,0.0001,0.0,64091.4,64091.47,0.3663,0.00121,0.0,0.16949,29.7,6.2
2026-07-24T17:40:32Z,2026-07-26,2,69000.0,P,0.0405,0.1155,0.0765,64092.08,64091.47,0.3663,-0.99879,0.0,0.16971,0.0,0.0
2026-07-24T17:40:32Z,2026-07-26,2,70000.0,C,0.0,0.0001,0.0,64092.08,64091.47,0.374,0.00019,0.0,0.03077,18.9,3.2
2026-07-24T17:40:32Z,2026-07-26,2,70000.0,P,0.055,0.132,0.0921,64092.08,64091.47,0.374,-0.99981,0.0,0.03077,0.0,0.0
2026-07-24T17:40:32Z,2026-07-26,2,71000.0,C,0.0,0.0001,0.0,64092.08,64091.47,0.4485,0.0003,0.0,0.04624,4.1,2.2
2026-07-24T17:40:32Z,2026-07-26,2,71000.0,P,0.102,0.148,0.1077,64092.08,64091.47,0.4485,-0.9997,0.0,0.04624,0.0,0.0
2026-07-24T17:40:32Z,2026-07-26,2,72000.0,C,0.0,0.0001,0.0,64092.08,64091.47,0.49770000000000003,0.00022,0.0,0.03472,4.2,2.0
2026-07-24T17:40:32Z,2026-07-26,2,72000.0,P,0.086,0.1645,0.1233,64092.08,64091.47,0.49770000000000003,-0.99978,0.0,0.03472,0.0,0.0
2026-07-24T17:40:32Z,2026-07-26,2,73000.0,C,0.0,0.0001,0.0,64092.08,64091.47,0.5199,8e-05,0.0,0.01398,30.0,1.1
2026-07-24T17:40:32Z,2026-07-26,2,73000.0,P,0.1005,0.18,0.1389,64092.08,64091.47,0.5199,-0.99992,0.0,0.01398,0.0,0.0
2026-07-24T17:40:32Z,2026-07-27,3,58000.0,C,0.093,0.0975,0.0953,64092.08,64091.47,0.4842,0.99317,1e-05,1.03134,0.0,0.0
2026-07-24T17:40:32Z,2026-07-27,3,58000.0,P,0.0,0.0001,0.0001,64092.08,64091.47,0.4842,-0.00683,1e-05,1.03134,32.4,2.3
2026-07-24T17:40:32Z,2026-07-27,3,59000.0,C,0.0775,0.082,0.0798,64092.08,64091.47,0.43270000000000003,0.98889,1e-05,1.57891,0.0,0.0
2026-07-24T17:40:32Z,2026-07-27,3,59000.0,P,0.0001,0.0002,0.0001,64092.08,64091.47,0.43270000000000003,-0.01111,1e-05,1.57891,5.1,2.1
2026-07-24T17:40:32Z,2026-07-27,3,60000.0,C,0.062,0.0665,0.0643,64092.08,64091.47,0.3832,0.98018,2e-05,2.59769,0.0,0.0
2026-07-24T17:40:32Z,2026-07-27,3,60000.0,P,0.0002,0.0003,0.0002,64092.08,64091.47,0.3832,-0.01982,2e-05,2.59769,9.3,9.0
2026-07-24T17:40:32Z,2026-07-27,3,61000.0,C,0.0465,0.0515,0.0489,64092.09,64091.47,0.3312,0.96281,5e-05,4.38962,0.0,0.0
2026-07-24T17:40:32Z,2026-07-27,3,61000.0,P,0.0003,0.0005,0.0004,64092.09,64091.47,0.3312,-0.03719,5e-05,4.38962,51.2,49.1
2026-07-24T17:40:32Z,2026-07-27,3,62000.0,C,0.0315,0.036,0.0338,64092.09,64091.47,0.2904,0.91423,0.0001,8.46911,0.0,0.0
2026-07-24T17:40:32Z,2026-07-27,3,62000.0,P,0.0008,0.0011,0.001,64092.09,64091.47,0.2904,-0.08577,0.0001,8.46911,335.9,298.1
2026-07-24T17:40:32Z,2026-07-27,3,62500.0,C,0.0225,0.0505,0.0266,64092.09,64091.47,0.2728,0.86533,0.00015,11.71699,0.0,0.0
2026-07-24T17:40:32Z,2026-07-27,3,62500.0,P,0.0014,0.0017,0.0015,64092.09,64091.47,0.2728,-0.13467,0.00015,11.71699,54.5,54.6
2026-07-24T17:40:32Z,2026-07-27,3,63000.0,C,0.0175,0.022,0.0199,64092.09,64091.47,0.258,0.7883,0.00021,15.65309,0.0,0.0
2026-07-24T17:40:32Z,2026-07-27,3,63000.0,P,0.0024,0.0028,0.0026,64092.09,64091.47,0.258,-0.2117,0.00021,15.65309,286.0,297.3
2026-07-24T17:40:32Z,2026-07-27,3,63500.0,C,0.0135,0.0145,0.0138,64092.09,64091.47,0.24670000000000003,0.67598,0.00027,19.43196,0.2,0.2
2026-07-24T17:40:32Z,2026-07-27,3,63500.0,P,0.0042,0.0046,0.0044,64092.09,64091.47,0.24670000000000003,-0.32402,0.00027,19.43196,7.5,5.9
2026-07-24T17:40:32Z,2026-07-27,3,64000.0,C,0.0085,0.0095,0.009,64092.09,64091.47,0.24100000000000002,0.53224,0.00031,21.49528,2.7,2.9
2026-07-24T17:40:32Z,2026-07-27,3,64000.0,P,0.007,0.0075,0.0073,64092.09,64091.47,0.24100000000000002,-0.46776,0.00031,21.49528,58.4,55.8
2026-07-24T17:40:32Z,2026-07-27,3,64500.0,C,0.0049,0.0055,0.0052,64092.09,64091.47,0.23440000000000003,0.3779,0.0003,20.54771,25.0,25.8
2026-07-24T17:40:32Z,2026-07-27,3,64500.0,P,0.011,0.012,0.0113,64092.09,64091.47,0.23440000000000003,-0.6221,0.0003,20.54771,42.6,16.3
2026-07-24T17:40:32Z,2026-07-27,3,65000.0,C,0.0026,0.003,0.0027,64092.09,64091.47,0.23070000000000002,0.23786,0.00025,16.72268,15.7,12.2
2026-07-24T17:40:32Z,2026-07-27,3,65000.0,P,0.0145,0.019,0.0167,64092.09,64091.47,0.23070000000000002,-0.76214,0.00025,16.72268,216.2,2.2
2026-07-24T17:40:32Z,2026-07-27,3,65500.0,C,0.0012,0.0015,0.0014,64092.09,64091.47,0.23329999999999998,0.13685,0.00017,11.84696,28.9,28.2
2026-07-24T17:40:32Z,2026-07-27,3,65500.0,P,0.019,0.0565,0.0231,64092.09,64091.47,0.23329999999999998,-0.86315,0.00017,11.84696,1.3,0.6
2026-07-24T17:40:32Z,2026-07-27,3,66000.0,C,0.0006,0.0008,0.0007,64092.09,64091.47,0.24109999999999998,0.07606,0.00011,7.73441,177.2,84.4
2026-07-24T17:40:32Z,2026-07-27,3,66000.0,P,0.028,0.0325,0.0302,64092.09,64091.47,0.24109999999999998,-0.92394,0.00011,7.73441,0.8,0.8
2026-07-24T17:40:32Z,2026-07-27,3,66500.0,C,0.0003,0.0005,0.0004,64092.09,64091.47,0.25170000000000003,0.04213,7e-05,4.85882,61.6,72.0
2026-07-24T17:40:32Z,2026-07-27,3,66500.0,P,0.006,0.076,0.0377,64092.09,64091.47,0.25170000000000003,-0.95787,7e-05,4.85882,0.0,0.0
2026-07-24T17:40:32Z,2026-07-27,3,67000.0,C,0.0001,0.0003,0.0002,64092.09,64091.47,0.2616,0.02273,4e-05,2.91656,78.7,79.1
2026-07-24T17:40:32Z,2026-07-27,3,67000.0,P,0.043,0.0475,0.0453,64092.09,64091.47,0.2616,-0.97727,4e-05,2.91656,0.0,0.0
2026-07-24T17:40:32Z,2026-07-27,3,67500.0,C,0.0001,0.0002,0.0001,64092.09,64091.47,0.2862,0.01641,3e-05,2.21082,58.5,58.2
2026-07-24T17:40:32Z,2026-07-27,3,67500.0,P,0.0185,0.0915,0.0531,64093.93,64091.47,0.2862,-0.98354,3e-05,2.2165,0.0,0.0
2026-07-24T17:40:32Z,2026-07-27,3,68000.0,C,0.0,0.0001,0.0001,64093.93,64091.47,0.3066,0.01147,2e-05,1.62375,134.4,133.6
2026-07-24T17:40:32Z,2026-07-27,3,68000.0,P,0.0585,0.063,0.0608,64093.93,64091.47,0.3066,-0.98853,2e-05,1.62375,0.0,0.0
2026-07-24T17:40:32Z,2026-07-27,3,69000.0,C,0.0,0.0001,0.0001,64093.93,64091.47,0.35850000000000004,0.00767,1e-05,1.14232,216.4,216.4
2026-07-24T17:40:32Z,2026-07-27,3,69000.0,P,0.074,0.0785,0.0764,64093.93,64091.47,0.35850000000000004,-0.99233,1e-05,1.14232,0.0,0.0
2026-07-24T17:40:32Z,2026-07-27,3,70000.0,C,0.0,0.0001,0.0001,64093.93,64091.47,0.4019,0.00489,1e-05,0.76646,56.9,21.2
2026-07-24T17:40:32Z,2026-07-27,3,70000.0,P,0.0895,0.0945,0.092,64093.93,64091.47,0.4019,-0.99511,1e-05,0.76646,0.0,0.0
2026-07-24T17:40:32Z,2026-07-27,3,71000.0,C,0.0,0.0001,0.0,64093.93,64091.47,0.4152,0.00184,0.0,0.31764,2.0,2.0
2026-07-24T17:40:32Z,2026-07-27,3,71000.0,P,0.105,0.11,0.1075,64093.93,64091.47,0.4152,-0.99816,0.0,0.31764,0.0,0.0
2026-07-24T17:40:32Z,2026-07-27,3,72000.0,C,0.0,0.0001,0.0,64093.93,64091.47,0.43799999999999994,0.00087,0.0,0.16073,1.4,0.1
2026-07-24T17:40:32Z,2026-07-27,3,72000.0,P,0.1205,0.1255,0.1231,64093.93,64091.47,0.43799999999999994,-0.99913,0.0,0.16073,0.0,0.0
2026-07-24T17:40:32Z,2026-07-27,3,73000.0,C,0.0,0.0001,0.0,64093.93,64091.47,0.4623,0.00045,0.0,0.0879,31.2,30.5
2026-07-24T17:40:32Z,2026-07-27,3,73000.0,P,0.1365,0.141,0.1387,64093.93,64091.47,0.4623,-0.99955,0.0,0.0879,0.0,0.0
2026-07-24T17:40:32Z,2026-07-28,4,57000.0,C,0.0785,0.142,0.1111,64092.09,64091.47,0.515,0.98982,1e-05,1.72273,0.0,0.0
2026-07-24T17:40:32Z,2026-07-28,4,57000.0,P,0.0001,0.0003,0.0002,64092.09,64091.47,0.515,-0.01018,1e-05,1.72273,0.0,0.0
2026-07-24T17:40:32Z,2026-07-28,4,58000.0,C,0.063,0.127,0.0956,64093.93,64091.47,0.4507,0.98795,1e-05,1.9942,0.0,0.0
2026-07-24T17:40:32Z,2026-07-28,4,58000.0,P,0.0001,0.0003,0.0002,64093.93,64091.47,0.4507,-0.01205,1e-05,1.9942,0.1,0.1
2026-07-24T17:40:32Z,2026-07-28,4,59000.0,C,0.0465,0.1115,0.0801,64093.93,64091.47,0.4175,0.97826,2e-05,3.30598,0.0,0.0
2026-07-24T17:40:32Z,2026-07-28,4,59000.0,P,0.0002,0.0004,0.0003,64093.93,64091.47,0.4175,-0.02174,2e-05,3.30598,2.1,2.1
2026-07-24T17:40:32Z,2026-07-28,4,60000.0,C,0.0305,0.0975,0.0648,64093.93,64091.47,0.3807,0.96125,3e-05,5.34336,0.0,0.0
2026-07-24T17:40:32Z,2026-07-28,4,60000.0,P,0.0005,0.0007,0.0006,64093.93,64091.47,0.3807,-0.03875,3e-05,5.34336,6.5,6.5
2026-07-24T17:40:32Z,2026-07-28,4,61000.0,C,0.045,0.0585,0.0497,64093.93,64091.47,0.3453,0.92796,6e-05,8.73278,0.0,0.0
2026-07-24T17:40:32Z,2026-07-28,4,61000.0,P,0.001,0.0012,0.0011,64093.93,64091.47,0.3453,-0.07204,6e-05,8.73278,15.4,15.4
2026-07-24T17:40:32Z,2026-07-28,4,62000.0,C,0.031,0.0505,0.0353,64093.93,64091.47,0.3171,0.85793,0.00011,14.30254,0.0,0.0
2026-07-24T17:40:32Z,2026-07-28,4,62000.0,P,0.0021,0.0024,0.0023,64093.93,64091.47,0.3171,-0.14207,0.00011,14.30254,27.7,27.7
2026-07-24T17:40:32Z,2026-07-28,4,62500.0,C,0.025,0.0325,0.0285,64093.93,64091.47,0.30579999999999996,0.80092,0.00014,17.76259,0.0,0.0
2026-07-24T17:40:32Z,2026-07-28,4,62500.0,P,0.0032,0.0036,0.0034,64093.93,64091.47,0.30579999999999996,-0.19908,0.00014,17.76259,0.2,0.2
2026-07-24T17:40:32Z,2026-07-28,4,63000.0,C,0.02,0.025,0.0224,64093.93,64091.47,0.2979,0.7247,0.00018,21.24042,0.0,0.0
2026-07-24T17:40:32Z,2026-07-28,4,63000.0,P,0.0047,0.0055,0.005,64093.93,64091.47,0.2979,-0.2753,0.00018,21.24042,4.4,4.4
2026-07-24T17:40:32Z,2026-07-28,4,63500.0,C,0.016,0.018,0.0167,64093.93,64091.47,0.2858,0.63394,0.00021,23.93757,0.2,0.2
2026-07-24T17:40:32Z,2026-07-28,4,63500.0,P,0.007,0.0075,0.0071,64093.93,64091.47,0.2858,-0.36606,0.00021,23.93757,1.2,1.3
2026-07-24T17:40:32Z,2026-07-28,4,64000.0,C,0.0115,0.0125,0.0121,64093.93,64091.47,0.2823,0.52645,0.00022,25.32598,0.2,0.2
2026-07-24T17:40:32Z,2026-07-28,4,64000.0,P,0.01,0.0105,0.0103,64093.93,64091.47,0.2823,-0.47355,0.00022,25.32598,5.3,5.6
2026-07-24T17:40:32Z,2026-07-28,4,64500.0,C,0.008,0.0085,0.0082,64093.93,64091.47,0.2762,0.41423,0.00022,24.79291,26.5,26.5
2026-07-24T17:40:32Z,2026-07-28,4,64500.0,P,0.0135,0.0145,0.0142,64093.93,64091.47,0.2762,-0.58577,0.00022,24.79291,1.1,1.2
2026-07-24T17:40:32Z,2026-07-28,4,65000.0,C,0.005,0.006,0.0055,64093.93,64091.47,0.27699999999999997,0.30969,0.0002,22.43577,175.7,243.8
2026-07-24T17:40:32Z,2026-07-28,4,65000.0,P,0.0175,0.021,0.0193,64093.93,64091.47,0.27699999999999997,-0.69031,0.0002,22.43578,162.6,162.6
2026-07-24T17:40:32Z,2026-07-28,4,65500.0,C,0.0033,0.0036,0.0034,64093.93,64091.47,0.2758,0.21802,0.00017,18.74083,16.9,16.9
2026-07-24T17:40:32Z,2026-07-28,4,65500.0,P,0.0215,0.0325,0.025,64093.93,64091.47,0.2758,-0.78198,0.00017,18.74083,0.0,0.0
2026-07-24T17:40:32Z,2026-07-28,4,66000.0,C,0.002,0.0023,0.0022,64093.93,64091.47,0.2803,0.14934,0.00013,14.79051,1.2,2.2
2026-07-24T17:40:32Z,2026-07-28,4,66000.0,P,0.01,0.036,0.0315,64094.42,64091.47,0.2803,-0.8506,0.00013,14.7947,0.0,0.0
2026-07-24T17:40:32Z,2026-07-28,4,66500.0,C,0.0012,0.0015,0.0014,64094.42,64091.47,0.2878,0.10104,0.0001,11.25051,15.0,15.1
2026-07-24T17:40:32Z,2026-07-28,4,66500.0,P,0.0335,0.0735,0.0386,64094.42,64091.47,0.2878,-0.89895,0.0001,11.25083,0.0,0.0
2026-07-24T17:40:32Z,2026-07-28,4,67000.0,C,0.0008,0.001,0.0009,64094.42,64091.47,0.29760000000000003,0.06862,7e-05,8.41245,14.0,14.0
2026-07-24T17:40:32Z,2026-07-28,4,67000.0,P,0.041,0.0515,0.0459,64094.42,64091.47,0.29760000000000003,-0.93138,7e-05,8.41245,0.0,0.0
2026-07-24T17:40:32Z,2026-07-28,4,67500.0,C,0.0005,0.0007,0.0006,64094.42,64091.47,0.3091,0.04726,5e-05,6.27236,0.4,0.4
2026-07-24T17:40:32Z,2026-07-28,4,67500.0,P,0.0195,0.0925,0.0534,64094.42,64091.47,0.3091,-0.95274,5e-05,6.27236,0.0,0.0
2026-07-24T17:40:32Z,2026-07-28,4,68000.0,C,0.0003,0.0005,0.0004,64094.42,64091.47,0.3196,0.03227,4e-05,4.59871,53.9,53.9
2026-07-24T17:40:32Z,2026-07-28,4,68000.0,P,0.0255,0.1,0.061,64094.42,64091.47,0.3196,-0.96773,4e-05,4.59871,0.0,0.0
2026-07-24T17:40:32Z,2026-07-28,4,69000.0,C,0.0002,0.0003,0.0003,64094.42,64091.47,0.3563,0.01934,2e-05,2.99413,18.2,18.2
2026-07-24T17:40:32Z,2026-07-28,4,69000.0,P,0.0705,0.1165,0.0764,64094.42,64091.47,0.3563,-0.98066,2e-05,2.99413,0.0,0.0
2026-07-24T17:40:32Z,2026-07-28,4,70000.0,C,0.0001,0.0002,0.0001,64094.42,64091.47,0.38539999999999996,0.01116,1e-05,1.86525,9.1,9.1
2026-07-24T17:40:32Z,2026-07-28,4,70000.0,P,0.056,0.133,0.0919,64094.42,64091.47,0.38539999999999996,-0.98884,1e-05,1.86525,0.0,0.0
2026-07-24T17:40:32Z,2026-07-28,4,71000.0,C,0.0001,0.0002,0.0001,64094.42,64091.47,0.4384,0.00992,1e-05,1.68394,0.0,0.0
2026-07-24T17:40:32Z,2026-07-28,4,71000.0,P,0.1015,0.149,0.1075,64094.42,64091.47,0.4384,-0.99008,1e-05,1.68394,0.0,0.0
2026-07-24T17:40:32Z,2026-07-28,4,72000.0,C,0.0,0.0001,0.0001,64094.42,64091.47,0.4693,0.00669,1e-05,1.1915,0.0,0.0
2026-07-24T17:40:32Z,2026-07-28,4,72000.0,P,0.0855,0.165,0.123,64094.42,64091.47,0.4693,-0.99331,1e-05,1.1915,0.0,0.0
2026-07-24T17:40:32Z,2026-07-28,4,73000.0,C,0.0,0.0001,0.0001,64094.42,64091.47,0.4843,0.00365,0.0,0.69517,0.0,0.0
2026-07-24T17:40:32Z,2026-07-28,4,73000.0,P,0.1005,0.1815,0.1386,64094.42,64091.47,0.4843,-0.99635,0.0,0.69517,0.0,0.0
2026-07-24T17:40:32Z,2026-07-31,7,45000.0,C,0.296,0.3155,0.2985,64145.37,64091.47,0.8665,0.99904,0.0,0.28043,0.0,0.0
2026-07-24T17:40:32Z,2026-07-31,7,45000.0,P,0.0,0.0001,0.0,64145.98,64091.47,0.8665,-0.00096,0.0,0.28036,1063.6,27.0
2026-07-24T17:40:32Z,2026-07-31,7,46000.0,C,0.2805,0.3005,0.2829,64146.21,64091.47,0.8665,0.99821,0.0,0.49444,0.0,0.0
2026-07-24T17:40:32Z,2026-07-31,7,46000.0,P,0.0,0.0001,0.0001,64145.98,64091.47,0.8665,-0.00179,0.0,0.49448,1658.6,35.0
2026-07-24T17:40:32Z,2026-07-31,7,48000.0,C,0.249,0.262,0.2518,64146.21,64091.47,0.7892,0.99733,0.0,0.70944,2.0,0.0
2026-07-24T17:40:32Z,2026-07-31,7,48000.0,P,0.0,0.0001,0.0001,64145.98,64091.47,0.7892,-0.00267,0.0,0.70951,1141.4,366.1
2026-07-24T17:40:32Z,2026-07-31,7,50000.0,C,0.2175,0.2405,0.2206,64146.21,64091.47,0.7229000000000001,0.9955,0.0,1.13441,3.4,0.0
2026-07-24T17:40:32Z,2026-07-31,7,50000.0,P,0.0001,0.0002,0.0001,64146.21,64091.47,0.7229000000000001,-0.0045,0.0,1.13441,3533.9,100.4
2026-07-24T17:40:32Z,2026-07-31,7,52000.0,C,0.1865,0.2145,0.1895,64146.21,64091.47,0.6194,0.99481,0.0,1.28985,0.5,0.0
2026-07-24T17:40:32Z,2026-07-31,7,52000.0,P,0.0001,0.0002,0.0001,64146.21,64091.47,0.6194,-0.00519,0.0,1.28985,1926.9,162.9
2026-07-24T17:40:32Z,2026-07-31,7,54000.0,C,0.1545,0.1835,0.1584,64145.98,64091.47,0.5539000000000001,0.9906,1e-05,2.17751,1.6,0.2
2026-07-24T17:40:32Z,2026-07-31,7,54000.0,P,0.0002,0.0003,0.0002,64146.21,64091.47,0.5539000000000001,-0.0094,1e-05,2.17728,2116.0,101.8
2026-07-24T17:40:32Z,2026-07-31,7,55000.0,C,0.1395,0.157,0.1429,64146.21,64091.47,0.5252,0.98659,1e-05,2.96537,11.5,0.1
2026-07-24T17:40:32Z,2026-07-31,7,55000.0,P,0.0003,0.0004,0.0003,64146.21,64091.47,0.5252,-0.01341,1e-05,2.96537,1214.2,146.4
2026-07-24T17:40:32Z,2026-07-31,7,56000.0,C,0.1245,0.1305,0.1274,64146.21,64091.47,0.4892,0.98205,1e-05,3.80817,41.3,0.1
2026-07-24T17:40:32Z,2026-07-31,7,56000.0,P,0.0004,0.0005,0.0004,64146.21,64091.47,0.4892,-0.01795,1e-05,3.80817,2494.6,219.7
2026-07-24T17:40:32Z,2026-07-31,7,57000.0,C,0.109,0.135,0.112,64146.21,64091.47,0.46140000000000003,0.97353,2e-05,5.28742,3.7,0.1
2026-07-24T17:40:32Z,2026-07-31,7,57000.0,P,0.0006,0.0007,0.0006,64145.98,64091.47,0.46140000000000003,-0.02648,2e-05,5.288,439.0,50.4
2026-07-24T17:40:32Z,2026-07-31,7,58000.0,C,0.094,0.1,0.0968,64146.21,64091.47,0.4359,0.95979,2e-05,7.46274,258.4,0.0
2026-07-24T17:40:32Z,2026-07-31,7,58000.0,P,0.0009,0.0011,0.001,64146.3,64091.47,0.4359,-0.04021,2e-05,7.46264,1857.2,382.3
2026-07-24T17:40:32Z,2026-07-31,7,59000.0,C,0.0795,0.084,0.0817,64146.21,64091.47,0.41,0.93882,3e-05,10.42981,197.0,0.1
2026-07-24T17:40:32Z,2026-07-31,7,59000.0,P,0.0014,0.0016,0.0015,64146.3,64091.47,0.41,-0.06117,3e-05,10.42948,1682.6,150.8
2026-07-24T17:40:32Z,2026-07-31,7,60000.0,C,0.065,0.069,0.067,64146.21,64091.47,0.39030000000000004,0.90316,5e-05,14.7821,1110.3,69.5
2026-07-24T17:40:32Z,2026-07-31,7,60000.0,P,0.0023,0.0026,0.0024,64146.21,64091.47,0.39030000000000004,-0.09684,5e-05,14.7821,2706.9,238.7
2026-07-24T17:40:32Z,2026-07-31,7,61000.0,C,0.051,0.055,0.053,64146.21,64091.47,0.37200000000000005,0.84865,7e-05,20.22691,939.9,1.5
2026-07-24T17:40:32Z,2026-07-31,7,61000.0,P,0.004,0.0041,0.004,64145.99,64091.47,0.37200000000000005,-0.15137,7e-05,20.22823,1443.7,499.5
2026-07-24T17:40:32Z,2026-07-31,7,62000.0,C,0.038,0.042,0.04,64146.3,64091.47,0.3553,0.76926,0.0001,26.23197,1450.4,16.6
2026-07-24T17:40:32Z,2026-07-31,7,62000.0,P,0.0065,0.007,0.0066,64145.99,64091.47,0.3553,-0.23077,0.0001,26.23379,1826.0,126.8
2026-07-24T17:40:32Z,2026-07-31,7,63000.0,C,0.028,0.0295,0.0286,64145.99,64091.47,0.34450000000000003,0.65996,0.00012,31.59871,1151.3,8.0
2026-07-24T17:40:32Z,2026-07-31,7,63000.0,P,0.0105,0.011,0.0108,64145.99,64091.47,0.34450000000000003,-0.34004,0.00012,31.59871,948.3,117.7
2026-07-24T17:40:32Z,2026-07-31,7,64000.0,C,0.0185,0.0195,0.0191,64145.99,64091.47,0.33549999999999996,0.52912,0.00014,34.31085,1013.1,52.3
2026-07-24T17:40:32Z,2026-07-31,7,64000.0,P,0.0165,0.0175,0.0169,64145.99,64091.47,0.33549999999999996,-0.47088,0.00014,34.31085,876.8,103.3
2026-07-24T17:40:32Z,2026-07-31,7,65000.0,C,0.0115,0.0125,0.012,64145.99,64091.47,0.33140000000000003,0.39183,0.00013,33.1302,2076.8,427.1
2026-07-24T17:40:32Z,2026-07-31,7,65000.0,P,0.025,0.026,0.0253,64145.99,64091.47,0.33140000000000003,-0.60817,0.00013,33.1302,597.2,193.6
2026-07-24T17:40:32Z,2026-07-31,7,66000.0,C,0.007,0.0075,0.0071,64145.99,64091.47,0.3309,0.26823,0.00012,28.41888,2065.9,658.2
2026-07-24T17:40:32Z,2026-07-31,7,66000.0,P,0.034,0.0375,0.036,64145.99,64091.47,0.3309,-0.73177,0.00012,28.41888,631.6,106.7
2026-07-24T17:40:32Z,2026-07-31,7,67000.0,C,0.0041,0.0043,0.0042,64146.3,64091.47,0.3397,0.17615,9e-05,22.32169,2146.6,544.2
2026-07-24T17:40:32Z,2026-07-31,7,67000.0,P,0.0465,0.0515,0.0487,64145.99,64091.47,0.3397,-0.82388,9e-05,22.31938,243.4,4.5
2026-07-24T17:40:32Z,2026-07-31,7,68000.0,C,0.0023,0.0026,0.0025,64145.99,64091.47,0.34869999999999995,0.11103,6e-05,16.32423,4462.0,600.9
2026-07-24T17:40:32Z,2026-07-31,7,68000.0,P,0.06,0.065,0.0626,64145.99,64091.47,0.34869999999999995,-0.88897,6e-05,16.32423,425.4,8.7
2026-07-24T17:40:32Z,2026-07-31,7,69000.0,C,0.0014,0.0015,0.0015,64145.99,64091.47,0.3626,0.0705,4e-05,11.64174,2851.4,296.2
2026-07-24T17:40:32Z,2026-07-31,7,69000.0,P,0.0745,0.08,0.0772,64145.99,64091.47,0.3626,-0.9295,4e-05,11.64174,209.9,3.4
2026-07-24T17:40:32Z,2026-07-31,7,70000.0,C,0.0009,0.001,0.0009,64145.99,64091.47,0.3779,0.04516,3e-05,8.19707,25417.1,500.2
2026-07-24T17:40:32Z,2026-07-31,7,70000.0,P,0.0875,0.096,0.0922,64145.99,64091.47,0.3779,-0.95484,3e-05,8.19707,884.7,5.2
2026-07-24T17:40:32Z,2026-07-31,7,71000.0,C,0.0006,0.0007,0.0006,64145.99,64091.47,0.3973,0.03047,2e-05,5.94385,2679.3,222.5
2026-07-24T17:40:32Z,2026-07-31,7,71000.0,P,0.103,0.1115,0.1075,64145.99,64091.47,0.3973,-0.96953,2e-05,5.94385,111.3,5.5
2026-07-24T17:40:32Z,2026-07-31,7,72000.0,C,0.0004,0.0005,0.0005,64145.99,64091.47,0.4213,0.02215,1e-05,4.55274,26253.5,125.6
2026-07-24T17:40:32Z,2026-07-31,7,72000.0,P,0.118,0.127,0.1229,64145.99,64091.47,0.4213,-0.97785,1e-05,4.55274,364.4,0.0
2026-07-24T17:40:32Z,2026-07-31,7,73000.0,C,0.0003,0.0004,0.0003,64145.99,64091.47,0.44380000000000003,0.01628,1e-05,3.50374,2069.1,146.0
2026-07-24T17:40:32Z,2026-07-31,7,73000.0,P,0.1335,0.1425,0.1384,64145.99,64091.47,0.44380000000000003,-0.98372,1e-05,3.50374,97.6,0.0
2026-07-24T17:40:32Z,2026-07-31,7,74000.0,C,0.0002,0.0003,0.0003,64146.3,64091.47,0.46399999999999997,0.01192,1e-05,2.67842,677.5,12.3
2026-07-24T17:40:32Z,2026-07-31,7,74000.0,P,0.149,0.158,0.1539,64146.3,64091.47,0.46399999999999997,-0.98808,1e-05,2.67842,130.2,0.5
2026-07-24T17:40:32Z,2026-07-31,7,75000.0,C,0.0002,0.0003,0.0002,64146.3,64091.47,0.48310000000000003,0.00879,1e-05,2.0528,4307.1,173.1
2026-07-24T17:40:32Z,2026-07-31,7,75000.0,P,0.1645,0.1735,0.1694,64145.99,64091.47,0.48310000000000003,-0.99121,1e-05,2.05242,225.4,0.0
2026-07-24T17:40:32Z,2026-07-31,7,76000.0,C,0.0001,0.0002,0.0001,64146.3,64091.47,0.5041,0.00679,0.0,1.63524,2881.2,32.0
2026-07-24T17:40:32Z,2026-07-31,7,76000.0,P,0.18,0.189,0.185,64146.3,64091.47,0.5041,-0.99321,0.0,1.63524,432.7,20.0
2026-07-24T17:40:32Z,2026-07-31,7,77000.0,C,0.0001,0.0002,0.0001,64146.3,64091.47,0.5379,0.0064,0.0,1.5516,2576.5,44.1
2026-07-24T17:40:32Z,2026-07-31,7,77000.0,P,0.1965,0.205,0.2005,64145.99,64091.47,0.5379,-0.99361,0.0,1.55134,245.0,2.0
2026-07-24T17:40:32Z,2026-07-31,7,78000.0,C,0.0,0.0001,0.0001,64145.99,64091.47,0.5451,0.00424,0.0,1.07725,1170.4,2.1
2026-07-24T17:40:32Z,2026-07-31,7,78000.0,P,0.212,0.2205,0.2161,64145.99,64091.47,0.5451,-0.99576,0.0,1.07725,444.5,0.0
2026-07-24T17:40:32Z,2026-07-31,7,79000.0,C,0.0,0.0001,0.0001,64145.99,64091.47,0.5455,0.00253,0.0,0.67578,1606.2,61.6
2026-07-24T17:40:32Z,2026-07-31,7,79000.0,P,0.2275,0.236,0.2316,64145.99,64091.47,0.5455,-0.99747,0.0,0.67578,144.3,0.0
2026-07-24T17:40:32Z,2026-07-31,7,80000.0,C,0.0,0.0001,0.0,64146.3,64091.47,0.546,0.00148,0.0,0.41536,7014.4,74.4
2026-07-24T17:40:32Z,2026-07-31,7,80000.0,P,0.243,0.2515,0.2472,64145.99,64091.47,0.546,-0.99852,0.0,0.41528,385.2,3.0
2026-07-24T17:40:32Z,2026-07-31,7,81000.0,C,0.0,0.0001,0.0,64145.99,64091.47,0.5690999999999999,0.0013,0.0,0.37005,1462.6,0.0
2026-07-24T17:40:32Z,2026-07-31,7,81000.0,P,0.2585,0.2675,0.2628,64145.99,64091.47,0.5690999999999999,-0.9987,0.0,0.37005,114.0,0.0
2026-07-24T17:40:32Z,2026-07-31,7,82000.0,C,0.0,0.0001,0.0,64145.99,64091.47,0.5766,0.00088,0.0,0.25716,3188.7,61.1
2026-07-24T17:40:32Z,2026-07-31,7,82000.0,P,0.274,0.283,0.2784,64145.99,64091.47,0.5766,-0.99912,0.0,0.25716,92.0,0.0
2026-07-24T17:40:32Z,2026-07-31,7,83000.0,C,0.0,0.0001,0.0,64145.99,64091.47,0.5766,0.00051,0.0,0.15573,1199.8,1.0
2026-07-24T17:40:32Z,2026-07-31,7,83000.0,P,0.2895,0.2985,0.2939,64145.99,64091.47,0.5766,-0.99949,0.0,0.15573,29.5,0.0
2026-07-24T17:40:32Z,2026-07-31,7,84000.0,C,0.0,0.0001,0.0,64146.56,64091.47,0.5769,0.00029,0.0,0.09334,743.5,12.2
2026-07-24T17:40:32Z,2026-07-31,7,84000.0,P,0.305,0.314,0.3095,64146.14,64091.47,0.5769,-0.99971,0.0,0.09332,30.2,0.0
2026-07-24T17:40:32Z,2026-07-31,7,85000.0,C,0.0,0.0001,0.0,64146.56,64091.47,0.5972999999999999,0.00026,0.0,0.0849,1276.2,2.8
2026-07-24T17:40:32Z,2026-07-31,7,85000.0,P,0.318,0.3315,0.3251,64146.56,64091.47,0.5972999999999999,-0.99974,0.0,0.0849,22.2,50.0
2026-07-24T17:40:32Z,2026-07-31,7,86000.0,C,0.0,0.0001,0.0,64146.14,64091.47,0.6129,0.00022,0.0,0.07086,496.4,0.0
2026-07-24T17:40:32Z,2026-07-31,7,86000.0,P,0.334,0.3475,0.3407,64146.56,64091.47,0.6129,-0.99978,0.0,0.07088,15.2,0.0
2026-07-24T17:40:32Z,2026-07-31,7,87000.0,C,0.0,0.0001,0.0,64146.14,64091.47,0.6167,0.00014,0.0,0.0466,377.4,0.0
2026-07-24T17:40:32Z,2026-07-31,7,87000.0,P,0.349,0.363,0.3563,64146.56,64091.47,0.6167,-0.99986,0.0,0.04662,8.1,0.0
2026-07-24T17:40:32Z,2026-07-31,7,88000.0,C,0.0,0.0001,0.0,64146.56,64091.47,0.6168,8e-05,0.0,0.02804,588.7,0.0
2026-07-24T17:40:32Z,2026-07-31,7,88000.0,P,0.365,0.3785,0.3719,64146.56,64091.47,0.6168,-0.99992,0.0,0.02804,2.1,0.0
2026-07-24T17:40:32Z,2026-07-31,7,89000.0,C,0.0,0.0001,0.0,64146.14,64091.47,0.637,8e-05,0.0,0.027,237.4,20.0
2026-07-24T17:40:32Z,2026-07-31,7,89000.0,P,0.3805,0.3945,0.3875,64146.56,64091.47,0.637,-0.99992,0.0,0.02701,5.9,5.0
2026-07-24T17:40:32Z,2026-07-31,7,90000.0,C,0.0,0.0001,0.0,64146.14,64091.47,0.6502,6e-05,0.0,0.02241,1314.5,40.0
2026-07-24T17:40:32Z,2026-07-31,7,90000.0,P,0.3955,0.41,0.403,64146.56,64091.47,0.6502,-0.99994,0.0,0.02241,14.9,0.0
2026-07-24T17:40:32Z,2026-07-31,7,91000.0,C,0.0,0.0001,0.0,64146.56,64091.47,0.6502,4e-05,0.0,0.0137,286.2,36.2
2026-07-24T17:40:32Z,2026-07-31,7,91000.0,P,0.411,0.4255,0.4186,64146.56,64091.47,0.6502,-0.99996,0.0,0.0137,0.2,0.0
2026-07-24T17:40:32Z,2026-07-31,7,92000.0,C,0.0,0.0001,0.0,64146.56,64091.47,0.6502,2e-05,0.0,0.00829,444.7,0.0
2026-07-24T17:40:32Z,2026-07-31,7,92000.0,P,0.4275,0.4535,0.4342,64146.56,64091.47,0.6502,-0.99998,0.0,0.00829,0.4,0.0
2026-07-24T17:40:32Z,2026-07-31,7,93000.0,C,0.0,0.0001,0.0,64146.56,64091.47,0.6502,1e-05,0.0,0.00497,106.6,0.0
2026-07-24T17:40:32Z,2026-07-31,7,93000.0,P,0.44,0.457,0.4498,64146.56,64091.47,0.6502,-0.99999,0.0,0.00497,0.5,0.0
2026-07-24T17:40:32Z,2026-07-31,7,94000.0,C,0.0,0.0001,0.0,64146.56,64091.47,0.6502,1e-05,0.0,0.00295,892.6,0.0
2026-07-24T17:40:32Z,2026-07-31,7,94000.0,P,0.4555,0.472,0.4654,64146.56,64091.47,0.6502,-0.99999,0.0,0.00295,1.3,0.0
2026-07-24T17:40:32Z,2026-07-31,7,95000.0,C,0.0,0.0001,0.0,64146.56,64091.47,0.6502,0.0,0.0,0.00173,135.8,0.0
2026-07-24T17:40:32Z,2026-07-31,7,95000.0,P,0.4715,0.488,0.481,64146.14,64091.47,0.6502,-1.0,0.0,0.00173,0.4,0.0
2026-07-24T17:40:32Z,2026-07-31,7,96000.0,C,0.0,0.0001,0.0,64146.56,64091.47,0.6502,0.0,0.0,0.00101,281.8,10.0
2026-07-24T17:40:32Z,2026-07-31,7,96000.0,P,0.4885,0.5035,0.4966,64146.59,64091.47,0.6502,-1.0,0.0,0.00101,0.1,0.0
2026-07-24T17:40:32Z,2026-07-31,7,98000.0,C,0.0,0.0001,0.0,64146.59,64091.47,0.6503,0.0,0.0,0.00033,1165.3,1.9
2026-07-24T17:40:32Z,2026-07-31,7,98000.0,P,0.519,0.5355,0.5278,64146.59,64091.47,0.6503,-1.0,0.0,0.00033,0.1,0.0
2026-07-24T17:40:32Z,2026-07-31,7,100000.0,C,0.0,0.0001,0.0,64146.59,64091.47,0.6506000000000001,0.0,0.0,0.00011,1802.6,0.0
2026-07-24T17:40:32Z,2026-07-31,7,100000.0,P,0.554,0.5645,0.5589,64146.63,64091.47,0.6506000000000001,-1.0,0.0,0.00011,99.5,0.0
2026-07-24T17:40:32Z,2026-07-31,7,102000.0,C,0.0,0.0001,0.0,64146.59,64091.47,0.6507999999999999,0.0,0.0,3e-05,460.8,27.0
2026-07-24T17:40:32Z,2026-07-31,7,102000.0,P,0.5795,0.5975,0.5901,64146.63,64091.47,0.6507999999999999,-1.0,0.0,3e-05,0.1,0.0
2026-07-24T17:40:32Z,2026-07-31,7,104000.0,C,0.0,0.0001,0.0,64146.59,64091.47,0.6509,0.0,0.0,1e-05,511.1,0.0
2026-07-24T17:40:32Z,2026-07-31,7,104000.0,P,0.6105,0.629,0.6213,64146.63,64091.47,0.6509,-1.0,0.0,1e-05,0.0,0.0
2026-07-24T17:40:32Z,2026-07-31,7,105000.0,C,0.0,0.0001,0.0,64146.59,64091.47,0.6512,0.0,0.0,1e-05,516.1,8.0
2026-07-24T17:40:32Z,2026-07-31,7,105000.0,P,0.621,0.645,0.6369,64146.59,64091.47,0.6512,-1.0,0.0,1e-05,1.1,0.0
2026-07-24T17:40:32Z,2026-07-31,7,106000.0,C,0.0,0.0001,0.0,64146.59,64091.47,0.6527,0.0,0.0,0.0,44.6,0.0
2026-07-24T17:40:32Z,2026-07-31,7,106000.0,P,0.6405,0.6605,0.6525,64146.69,64091.47,0.6527,-1.0,0.0,0.0,0.0,0.0
2026-07-24T17:40:32Z,2026-07-31,7,108000.0,C,0.0,0.0001,0.0,64146.59,64091.47,0.6612,0.0,0.0,0.0,375.1,2.1
2026-07-24T17:40:32Z,2026-07-31,7,108000.0,P,0.6695,0.6915,0.6837,64146.59,64091.47,0.6612,-1.0,0.0,0.0,0.0,0.0
2026-07-24T17:40:32Z,2026-07-31,7,110000.0,C,0.0,0.0001,0.0,64146.63,64091.47,0.6807,0.0,0.0,0.0,194.2,0.0
2026-07-24T17:40:32Z,2026-07-31,7,110000.0,P,0.707,0.721,0.7148,64146.59,64091.47,0.6807,-1.0,0.0,0.0,46.2,0.0
2026-07-24T17:40:32Z,2026-07-31,7,115000.0,C,0.0,0.0001,0.0,64146.59,64091.47,0.7275,0.0,0.0,0.0,182.3,0.0
2026-07-24T17:40:32Z,2026-07-31,7,115000.0,P,0.773,0.8015,0.7928,64146.59,64091.47,0.7275,-1.0,0.0,0.0,3.2,0.0
2026-07-24T17:40:32Z,2026-07-31,7,120000.0,C,0.0,0.0001,0.0,64146.59,64091.47,0.7720999999999999,0.0,0.0,0.0,1059.4,3.1
2026-07-24T17:40:32Z,2026-07-31,7,120000.0,P,0.851,0.8805,0.8707,64146.59,64091.47,0.7720999999999999,-1.0,0.0,0.0,3.5,0.0
2026-07-24T17:40:32Z,2026-08-07,14,53000.0,C,0.172,0.1805,0.1752,64190.19,64091.47,0.5103,0.97694,1e-05,6.76469,0.0,0.0
2026-07-24T17:40:32Z,2026-08-07,14,53000.0,P,0.0008,0.0009,0.0009,64189.93,64091.47,0.5103,-0.02306,1e-05,6.76522,46.4,2.7
2026-07-24T17:40:32Z,2026-08-07,14,55000.0,C,0.141,0.149,0.1446,64190.19,64091.47,0.46509999999999996,0.96133,1e-05,10.38668,0.0,0.0
2026-07-24T17:40:32Z,2026-08-07,14,55000.0,P,0.0013,0.0016,0.0014,64190.19,64091.47,0.46509999999999996,-0.03867,1e-05,10.38668,93.7,34.7
2026-07-24T17:40:32Z,2026-08-07,14,58000.0,C,0.098,0.102,0.1,64190.23,64091.47,0.41100000000000003,0.90624,3e-05,20.73858,0.0,0.0
2026-07-24T17:40:32Z,2026-08-07,14,58000.0,P,0.0034,0.0038,0.0036,64189.93,64091.47,0.41100000000000003,-0.09377,3e-05,20.74009,237.3,166.6
2026-07-24T17:40:32Z,2026-08-07,14,60000.0,C,0.07,0.074,0.0722,64189.93,64091.47,0.3818,0.82966,5e-05,31.39035,0.0,0.0
2026-07-24T17:40:32Z,2026-08-07,14,60000.0,P,0.0065,0.0075,0.0069,64189.93,64091.47,0.3818,-0.17034,5e-05,31.39035,1180.1,308.1
2026-07-24T17:40:32Z,2026-08-07,14,61000.0,C,0.057,0.06,0.0592,64189.93,64091.47,0.3669,0.77493,7e-05,37.16298,31.0,0.0
2026-07-24T17:40:32Z,2026-08-07,14,61000.0,P,0.009,0.01,0.0095,64189.93,64091.47,0.3669,-0.22507,7e-05,37.16298,271.4,179.5
2026-07-24T17:40:32Z,2026-08-07,14,62000.0,C,0.0465,0.048,0.0475,64189.93,64091.47,0.35810000000000003,0.70428,8e-05,42.7942,100.2,0.3
2026-07-24T17:40:32Z,2026-08-07,14,62000.0,P,0.013,0.014,0.0134,64189.93,64091.47,0.35810000000000003,-0.29572,8e-05,42.7942,351.7,3.3
2026-07-24T17:40:32Z,2026-08-07,14,63000.0,C,0.0365,0.0375,0.0369,64189.93,64091.47,0.3488,0.62233,9e-05,47.08245,24.5,0.3
2026-07-24T17:40:32Z,2026-08-07,14,63000.0,P,0.018,0.019,0.0184,64190.23,64091.47,0.3488,-0.37764,9e-05,47.08165,52.5,15.0
2026-07-24T17:40:32Z,2026-08-07,14,64000.0,C,0.027,0.028,0.0277,64190.23,64091.47,0.341,0.53109,9e-05,49.27486,71.2,5.3
2026-07-24T17:40:32Z,2026-08-07,14,64000.0,P,0.0245,0.025,0.0248,64190.23,64091.47,0.341,-0.46891,9e-05,49.27486,71.3,17.0
2026-07-24T17:40:32Z,2026-08-07,14,65000.0,C,0.0195,0.0205,0.0202,64189.93,64091.47,0.3353,0.43588,9e-05,48.78493,129.7,16.6
2026-07-24T17:40:32Z,2026-08-07,14,65000.0,P,0.032,0.033,0.0328,64189.93,64091.47,0.3353,-0.56412,9e-05,48.78493,71.6,27.1
2026-07-24T17:40:32Z,2026-08-07,14,66000.0,C,0.014,0.015,0.0143,64189.93,64091.47,0.33240000000000003,0.34408,9e-05,45.60008,163.0,63.5
2026-07-24T17:40:32Z,2026-08-07,14,66000.0,P,0.041,0.0435,0.0424,64190.23,64091.47,0.33240000000000003,-0.65589,9e-05,45.60162,58.2,1.2
2026-07-24T17:40:32Z,2026-08-07,14,67000.0,C,0.0095,0.0105,0.0099,64189.93,64091.47,0.3331,0.26295,8e-05,40.41899,480.4,225.9
2026-07-24T17:40:32Z,2026-08-07,14,67000.0,P,0.0515,0.056,0.0537,64189.93,64091.47,0.3331,-0.73705,8e-05,40.41899,41.7,7.0
2026-07-24T17:40:32Z,2026-08-07,14,68000.0,C,0.0065,0.007,0.0068,64189.93,64091.47,0.3356,0.19552,7e-05,34.21223,1129.4,418.1
2026-07-24T17:40:32Z,2026-08-07,14,68000.0,P,0.064,0.0685,0.0662,64189.93,64091.47,0.3356,-0.80448,7e-05,34.21223,0.1,0.0
2026-07-24T17:40:32Z,2026-08-07,14,69000.0,C,0.0045,0.0049,0.0047,64189.93,64091.47,0.341,0.14346,5e-05,28.03486,695.0,250.6
2026-07-24T17:40:32Z,2026-08-07,14,69000.0,P,0.0775,0.0825,0.0796,64189.93,64091.47,0.341,-0.85654,5e-05,28.03486,0.0,0.0
2026-07-24T17:40:32Z,2026-08-07,14,70000.0,C,0.0031,0.0035,0.0033,64190.23,64091.47,0.3497,0.10565,4e-05,22.62841,6631.7,220.9
2026-07-24T17:40:32Z,2026-08-07,14,70000.0,P,0.0915,0.0965,0.0938,64189.93,64091.47,0.3497,-0.89436,4e-05,22.62635,0.0,0.0
2026-07-24T17:40:32Z,2026-08-07,14,71000.0,C,0.0023,0.0026,0.0024,64189.93,64091.47,0.361,0.07893,3e-05,18.23168,829.3,9.9
2026-07-24T17:40:32Z,2026-08-07,14,71000.0,P,0.106,0.1115,0.1085,64190.23,64091.47,0.361,-0.92106,3e-05,18.23351,0.0,0.0
2026-07-24T17:40:32Z,2026-08-07,14,72000.0,C,0.0017,0.0019,0.0018,64190.1,64091.47,0.37420000000000003,0.06013,3e-05,14.78306,5589.5,166.0
2026-07-24T17:40:32Z,2026-08-07,14,72000.0,P,0.118,0.128,0.1235,64190.23,64091.47,0.37420000000000003,-0.93987,3e-05,14.78373,0.0,0.0
2026-07-24T17:40:32Z,2026-08-07,14,75000.0,C,0.0009,0.001,0.001,64190.23,64091.47,0.4232,0.03112,1e-05,8.68921,2460.0,1504.4
2026-07-24T17:40:32Z,2026-08-07,14,75000.0,P,0.163,0.1745,0.1694,64190.1,64091.47,0.4232,-0.96888,1e-05,8.68879,0.0,0.0
2026-07-24T17:40:32Z,2026-08-07,14,77000.0,C,0.0006,0.0007,0.0007,64190.23,64091.47,0.4547,0.02121,1e-05,6.30365,1005.0,655.2
2026-07-24T17:40:32Z,2026-08-07,14,77000.0,P,0.194,0.206,0.2002,64190.23,64091.47,0.4547,-0.97879,1e-05,6.30365,0.0,0.0
2026-07-24T17:40:32Z,2026-08-07,14,80000.0,C,0.0004,0.0005,0.0005,64190.1,64091.47,0.5058,0.01367,1e-05,4.33014,37.4,36.0
2026-07-24T17:40:32Z,2026-08-07,14,80000.0,P,0.24,0.252,0.2468,64190.23,64091.47,0.5058,-0.98633,1e-05,4.33035,0.0,0.0
2026-07-24T17:40:32Z,2026-08-14,21,55000.0,C,0.145,0.149,0.1471,64243.88,64091.47,0.4489,0.93449,2e-05,19.46856,0.0,0.0
2026-07-24T17:40:32Z,2026-08-14,21,55000.0,P,0.003,0.0034,0.0032,64243.88,64091.47,0.4489,-0.06551,2e-05,19.46856,5.6,4.0
2026-07-24T17:40:32Z,2026-08-14,21,58000.0,C,0.102,0.106,0.1039,64243.88,64091.47,0.4043,0.86707,3e-05,32.78491,0.0,0.0
2026-07-24T17:40:32Z,2026-08-14,21,58000.0,P,0.0065,0.007,0.0067,64243.88,64091.47,0.4043,-0.13293,3e-05,32.78491,15.5,16.1
2026-07-24T17:40:32Z,2026-08-14,21,60000.0,C,0.0755,0.079,0.0774,64243.88,64091.47,0.3801,0.78871,5e-05,44.1404,0.0,0.0
2026-07-24T17:40:32Z,2026-08-14,21,60000.0,P,0.011,0.0115,0.0113,64243.88,64091.47,0.3801,-0.21129,5e-05,44.1404,191.1,91.4
2026-07-24T17:40:32Z,2026-08-14,21,61000.0,C,0.0625,0.067,0.0653,64243.88,64091.47,0.3715,0.73606,6e-05,49.88496,0.0,0.0
2026-07-24T17:40:32Z,2026-08-14,21,61000.0,P,0.0145,0.015,0.0148,64243.88,64091.47,0.3715,-0.26394,6e-05,49.88496,0.0,0.0
2026-07-24T17:40:32Z,2026-08-14,21,62000.0,C,0.053,0.0545,0.0538,64243.88,64091.47,0.3602,0.67664,7e-05,54.81236,1.2,1.2
2026-07-24T17:40:32Z,2026-08-14,21,62000.0,P,0.0185,0.0195,0.0189,64243.88,64091.47,0.3602,-0.32336,7e-05,54.81236,28.9,8.4
2026-07-24T17:40:32Z,2026-08-14,21,63000.0,C,0.043,0.044,0.0437,64243.88,64091.47,0.3528,0.60843,7e-05,58.61985,2.2,2.1
2026-07-24T17:40:32Z,2026-08-14,21,63000.0,P,0.024,0.025,0.0243,64243.9,64091.47,0.3528,-0.39157,7e-05,58.61983,21.0,1.1
2026-07-24T17:40:32Z,2026-08-14,21,64000.0,C,0.034,0.035,0.0346,64243.9,64091.47,0.3456,0.53482,8e-05,60.65052,3.0,3.2
2026-07-24T17:40:32Z,2026-08-14,21,64000.0,P,0.0305,0.0315,0.0308,64243.9,64091.47,0.3456,-0.46518,8e-05,60.65052,22.9,4.0
2026-07-24T17:40:32Z,2026-08-14,21,65000.0,C,0.0265,0.027,0.0269,64243.9,64091.47,0.34,0.4584,8e-05,60.55123,0.4,0.4
2026-07-24T17:40:32Z,2026-08-14,21,65000.0,P,0.038,0.039,0.0386,64243.9,64091.47,0.34,-0.5416,8e-05,60.55123,15.3,15.8
2026-07-24T17:40:32Z,2026-08-14,21,66000.0,C,0.02,0.021,0.0205,64243.9,64091.47,0.337,0.38329,7e-05,58.25817,32.9,32.9
2026-07-24T17:40:32Z,2026-08-14,21,66000.0,P,0.047,0.0485,0.0478,64243.9,64091.47,0.337,-0.61671,7e-05,58.25817,2.0,0.5
2026-07-24T17:40:32Z,2026-08-14,21,67000.0,C,0.015,0.0155,0.0153,64243.9,64091.47,0.3346,0.31253,7e-05,54.02954,62.0,61.9
2026-07-24T17:40:32Z,2026-08-14,21,67000.0,P,0.0565,0.0595,0.0582,64243.9,64091.47,0.3346,-0.68747,7e-05,54.02954,0.0,0.0
2026-07-24T17:40:32Z,2026-08-14,21,68000.0,C,0.011,0.0115,0.0114,64243.9,64091.47,0.33520000000000005,0.25021,6e-05,48.51779,206.5,182.5
2026-07-24T17:40:32Z,2026-08-14,21,68000.0,P,0.068,0.072,0.0699,64243.9,64091.47,0.33520000000000005,-0.74979,6e-05,48.51779,0.0,0.0
2026-07-24T17:40:32Z,2026-08-14,21,70000.0,C,0.0055,0.0065,0.0061,64243.9,64091.47,0.3379,0.15177,5e-05,35.86156,509.5,422.5
2026-07-24T17:40:32Z,2026-08-14,21,70000.0,P,0.0935,0.0985,0.0957,64243.9,64091.47,0.3379,-0.84823,5e-05,35.86156,0.0,0.0
2026-07-24T17:40:32Z,2026-08-14,21,72000.0,C,0.0033,0.0036,0.0035,64243.9,64091.47,0.3514,0.09277,3e-05,25.34639,425.6,28.8
2026-07-24T17:40:32Z,2026-08-14,21,72000.0,P,0.1215,0.1275,0.1242,64243.9,64091.47,0.3514,-0.90723,3e-05,25.34639,0.0,0.0
2026-07-24T17:40:32Z,2026-08-14,21,75000.0,C,0.0016,0.0018,0.0017,64243.9,64091.47,0.3804,0.04768,2e-05,15.15287,208.7,213.3
2026-07-24T17:40:32Z,2026-08-14,21,75000.0,P,0.163,0.175,0.1692,64243.9,64091.47,0.3804,-0.95232,2e-05,15.15287,0.0,0.0
2026-07-24T17:40:32Z,2026-08-28,35,40000.0,C,0.3785,0.3805,0.3792,64348.25,64091.47,0.7023,0.98947,0.0,5.52308,11.6,0.0
2026-07-24T17:40:32Z,2026-08-28,35,40000.0,P,0.0007,0.001,0.0008,64348.25,64091.47,0.7023,-0.01053,0.0,5.52308,442.7,0.1
2026-07-24T17:40:32Z,2026-08-28,35,46000.0,C,0.284,0.3085,0.2869,64348.25,64091.47,0.5797,0.97557,0.0,11.35536,1.0,0.0
2026-07-24T17:40:32Z,2026-08-28,35,46000.0,P,0.0016,0.0019,0.0017,64348.02,64091.47,0.5797,-0.02443,0.0,11.35575,621.0,5.1
2026-07-24T17:40:32Z,2026-08-28,35,48000.0,C,0.254,0.259,0.2564,64348.25,64091.47,0.5445,0.96655,1e-05,14.74772,37.5,0.0
2026-07-24T17:40:32Z,2026-08-28,35,48000.0,P,0.0022,0.0025,0.0023,64348.02,64091.47,0.5445,-0.03345,1e-05,14.74826,837.4,9.0
2026-07-24T17:40:32Z,2026-08-28,35,50000.0,C,0.2235,0.229,0.2263,64348.25,64091.47,0.5139,0.95292,1e-05,19.47343,51.0,0.0
2026-07-24T17:40:32Z,2026-08-28,35,50000.0,P,0.0032,0.0033,0.0033,64347.91,64091.47,0.5139,-0.04709,1e-05,19.47464,1318.1,12.7
2026-07-24T17:40:32Z,2026-08-28,35,52000.0,C,0.1945,0.198,0.1963,64348.02,64091.47,0.4781,0.93586,1e-05,24.85931,51.0,0.0
2026-07-24T17:40:32Z,2026-08-28,35,52000.0,P,0.0042,0.0045,0.0044,64348.02,64091.47,0.4781,-0.06414,1e-05,24.85931,1064.1,8.6
2026-07-24T17:40:32Z,2026-08-28,35,53000.0,C,0.1795,0.1835,0.1816,64348.02,64091.47,0.4642,0.92351,2e-05,28.46656,5.9,0.0
2026-07-24T17:40:32Z,2026-08-28,35,53000.0,P,0.005,0.0055,0.0052,64348.02,64091.47,0.4642,-0.07649,2e-05,28.46656,192.4,4.5
2026-07-24T17:40:32Z,2026-08-28,35,54000.0,C,0.165,0.169,0.167,64348.02,64091.47,0.45020000000000004,0.90895,2e-05,32.44948,8.2,0.2
2026-07-24T17:40:32Z,2026-08-28,35,54000.0,P,0.006,0.0065,0.0062,64348.02,64091.47,0.45020000000000004,-0.09105,2e-05,32.44948,1054.5,249.1
2026-07-24T17:40:32Z,2026-08-28,35,55000.0,C,0.1505,0.1545,0.1527,64348.02,64091.47,0.43670000000000003,0.89156,2e-05,36.87037,5.8,0.1
2026-07-24T17:40:32Z,2026-08-28,35,55000.0,P,0.007,0.008,0.0074,64348.02,64091.47,0.43670000000000003,-0.10844,2e-05,36.87037,699.3,203.5
2026-07-24T17:40:32Z,2026-08-28,35,56000.0,C,0.1365,0.1405,0.1386,64348.02,64091.47,0.42310000000000003,0.87116,3e-05,41.64969,59.4,0.1
2026-07-24T17:40:32Z,2026-08-28,35,56000.0,P,0.0085,0.0095,0.0089,64348.02,64091.47,0.42310000000000003,-0.12884,3e-05,41.64969,799.7,28.2
2026-07-24T17:40:32Z,2026-08-28,35,57000.0,C,0.123,0.1265,0.1247,64348.02,64091.47,0.4078,0.84815,3e-05,46.56993,26.5,0.1
2026-07-24T17:40:32Z,2026-08-28,35,57000.0,P,0.01,0.011,0.0105,64348.02,64091.47,0.4078,-0.15185,3e-05,46.56993,640.9,28.4
2026-07-24T17:40:32Z,2026-08-28,35,58000.0,C,0.1095,0.1135,0.1116,64348.02,64091.47,0.39909999999999995,0.8177,3e-05,52.39837,164.3,0.1
2026-07-24T17:40:32Z,2026-08-28,35,58000.0,P,0.0125,0.0135,0.0129,64348.02,64091.47,0.39909999999999995,-0.1823,3e-05,52.39837,802.4,34.2
2026-07-24T17:40:32Z,2026-08-28,35,59000.0,C,0.097,0.1005,0.0987,64348.02,64091.47,0.38770000000000004,0.78426,4e-05,58.00173,414.1,0.0
2026-07-24T17:40:32Z,2026-08-28,35,59000.0,P,0.015,0.016,0.0156,64348.02,64091.47,0.38770000000000004,-0.21574,4e-05,58.00173,827.3,14.5
2026-07-24T17:40:32Z,2026-08-28,35,60000.0,C,0.0855,0.087,0.0867,64348.02,64091.47,0.38,0.74426,4e-05,63.7107,368.8,25.1
2026-07-24T17:40:32Z,2026-08-28,35,60000.0,P,0.019,0.0195,0.0191,64348.02,64091.47,0.38,-0.25574,4e-05,63.7107,1662.6,75.5
2026-07-24T17:40:32Z,2026-08-28,35,61000.0,C,0.0745,0.076,0.0751,64348.02,64091.47,0.37060000000000004,0.70032,5e-05,68.84741,586.3,0.0
2026-07-24T17:40:32Z,2026-08-28,35,61000.0,P,0.0225,0.0235,0.0231,64348.02,64091.47,0.37060000000000004,-0.29968,5e-05,68.84741,572.4,9.8
2026-07-24T17:40:32Z,2026-08-28,35,62000.0,C,0.0635,0.0655,0.0645,64347.91,64091.47,0.36369999999999997,0.65098,5e-05,73.304,896.2,47.0
2026-07-24T17:40:32Z,2026-08-28,35,62000.0,P,0.0275,0.0285,0.028,64347.91,64091.47,0.36369999999999997,-0.34902,5e-05,73.304,776.5,25.2
2026-07-24T17:40:32Z,2026-08-28,35,63000.0,C,0.054,0.0555,0.0547,64347.91,64091.47,0.35729999999999995,0.59772,5e-05,76.65085,839.4,0.1
2026-07-24T17:40:32Z,2026-08-28,35,63000.0,P,0.033,0.034,0.0337,64347.91,64091.47,0.35729999999999995,-0.40228,5e-05,76.65085,652.9,6.7
2026-07-24T17:40:32Z,2026-08-28,35,64000.0,C,0.045,0.046,0.0457,64347.91,64091.47,0.3506,0.54149,6e-05,78.60621,410.9,4.6
2026-07-24T17:40:32Z,2026-08-28,35,64000.0,P,0.04,0.041,0.0403,64347.91,64091.47,0.3506,-0.45851,6e-05,78.60621,459.7,10.4
2026-07-24T17:40:32Z,2026-08-28,35,65000.0,C,0.0375,0.038,0.0378,64347.91,64091.47,0.34619999999999995,0.48352,6e-05,78.96663,1113.3,7.2
2026-07-24T17:40:32Z,2026-08-28,35,65000.0,P,0.0475,0.0485,0.048,64347.52,64091.47,0.34619999999999995,-0.5165,6e-05,78.96597,650.9,13.5
2026-07-24T17:40:32Z,2026-08-28,35,66000.0,C,0.0305,0.0315,0.031,64347.91,64091.47,0.34299999999999997,0.42573,6e-05,77.6606,1101.8,60.9
2026-07-24T17:40:32Z,2026-08-28,35,66000.0,P,0.056,0.0575,0.0567,64347.91,64091.47,0.34299999999999997,-0.57427,6e-05,77.6606,235.5,11.5
2026-07-24T17:40:32Z,2026-08-28,35,67000.0,C,0.0245,0.0255,0.0251,64347.91,64091.47,0.3396,0.36917,6e-05,74.74494,908.5,8.0
2026-07-24T17:40:32Z,2026-08-28,35,67000.0,P,0.065,0.0675,0.0663,64347.52,64091.47,0.3396,-0.63085,6e-05,74.74304,114.3,0.1
2026-07-24T17:40:32Z,2026-08-28,35,68000.0,C,0.0195,0.0205,0.0201,64347.91,64091.47,0.3375,0.31586,5e-05,70.45718,655.7,64.8
2026-07-24T17:40:32Z,2026-08-28,35,68000.0,P,0.075,0.078,0.0769,64347.91,64091.47,0.3375,-0.68414,5e-05,70.45718,87.9,0.2
2026-07-24T17:40:32Z,2026-08-28,35,69000.0,C,0.0155,0.0165,0.0161,64347.91,64091.47,0.3372,0.26749,5e-05,65.197,614.1,62.4
2026-07-24T17:40:32Z,2026-08-28,35,69000.0,P,0.086,0.0905,0.0884,64347.91,64091.47,0.3372,-0.73251,5e-05,65.197,49.6,0.0
2026-07-24T17:40:32Z,2026-08-28,35,70000.0,C,0.0125,0.013,0.0127,64347.52,64091.47,0.3367,0.22347,4e-05,59.18489,1097.2,138.1
2026-07-24T17:40:32Z,2026-08-28,35,70000.0,P,0.0985,0.103,0.1005,64347.91,64091.47,0.3367,-0.77651,4e-05,59.18802,105.8,0.0
2026-07-24T17:40:32Z,2026-08-28,35,71000.0,C,0.01,0.0105,0.0101,64347.52,64091.47,0.33840000000000003,0.18616,4e-05,53.08671,1118.1,26.0
2026-07-24T17:40:32Z,2026-08-28,35,71000.0,P,0.111,0.116,0.1135,64347.91,64091.47,0.33840000000000003,-0.81382,4e-05,53.09004,7.6,0.0
2026-07-24T17:40:32Z,2026-08-28,35,72000.0,C,0.0075,0.0085,0.0081,64347.52,64091.47,0.341,0.15434,4e-05,47.07381,2706.2,45.4
2026-07-24T17:40:32Z,2026-08-28,35,72000.0,P,0.1245,0.13,0.127,64347.91,64091.47,0.341,-0.84564,4e-05,47.07718,86.0,0.0
2026-07-24T17:40:32Z,2026-08-28,35,73000.0,C,0.0065,0.007,0.0067,64347.91,64091.47,0.3475,0.13017,3e-05,41.94722,1367.8,34.9
2026-07-24T17:40:32Z,2026-08-28,35,73000.0,P,0.1385,0.144,0.1411,64347.91,64091.47,0.3475,-0.86983,3e-05,41.94722,4.7,0.0
2026-07-24T17:40:32Z,2026-08-28,35,74000.0,C,0.005,0.006,0.0055,64347.52,64091.47,0.3538,0.10958,3e-05,37.14949,1884.1,202.8
2026-07-24T17:40:32Z,2026-08-28,35,74000.0,P,0.1525,0.1585,0.1555,64347.52,64091.47,0.3538,-0.89042,3e-05,37.14949,3.3,0.0
2026-07-24T17:40:32Z,2026-08-28,35,75000.0,C,0.0044,0.0047,0.0045,64347.52,64091.47,0.35960000000000003,0.09201,2e-05,32.70313,2667.0,499.3
2026-07-24T17:40:32Z,2026-08-28,35,75000.0,P,0.1675,0.173,0.1701,64347.52,64091.47,0.35960000000000003,-0.90799,2e-05,32.70313,34.0,0.0
2026-07-24T17:40:32Z,2026-08-28,35,76000.0,C,0.0035,0.0038,0.0037,64347.97,64091.47,0.3649,0.07705,2e-05,28.62615,965.5,5.4
2026-07-24T17:40:32Z,2026-08-28,35,76000.0,P,0.182,0.188,0.1848,64347.52,64091.47,0.3649,-0.92295,2e-05,28.62369,5.4,0.0
2026-07-24T17:40:32Z,2026-08-28,35,77000.0,C,0.0029,0.0033,0.0031,64347.97,64091.47,0.37200000000000005,0.06552,2e-05,25.27346,226.4,2.9
2026-07-24T17:40:32Z,2026-08-28,35,77000.0,P,0.194,0.2055,0.1998,64347.52,64091.47,0.37200000000000005,-0.93449,2e-05,25.27132,3.4,0.0
2026-07-24T17:40:32Z,2026-08-28,35,78000.0,C,0.0025,0.0028,0.0027,64347.52,64091.47,0.3807,0.05672,2e-05,22.58085,1094.6,11.5
2026-07-24T17:40:32Z,2026-08-28,35,78000.0,P,0.2095,0.2215,0.2149,64347.52,64091.47,0.3807,-0.94328,2e-05,22.58085,4.1,0.0
2026-07-24T17:40:32Z,2026-08-28,35,79000.0,C,0.0021,0.0024,0.0023,64347.52,64091.47,0.38789999999999997,0.04867,1e-05,19.99561,352.7,3.9
2026-07-24T17:40:32Z,2026-08-28,35,79000.0,P,0.2245,0.236,0.23,64347.52,64091.47,0.38789999999999997,-0.95133,1e-05,19.99561,0.3,0.0
2026-07-24T17:40:32Z,2026-08-28,35,80000.0,C,0.0018,0.0021,0.002,64347.52,64091.47,0.3956,0.04211,1e-05,17.79886,1889.0,42.1
2026-07-24T17:40:32Z,2026-08-28,35,80000.0,P,0.2385,0.2515,0.2452,64347.52,64091.47,0.3956,-0.95789,1e-05,17.79886,12.8,0.0
2026-07-24T17:40:32Z,2026-08-28,35,81000.0,C,0.0017,0.0019,0.0019,64347.52,64091.47,0.4082,0.03849,1e-05,16.54596,1069.5,27.2
2026-07-24T17:40:32Z,2026-08-28,35,81000.0,P,0.2545,0.267,0.2606,64347.52,64091.47,0.4082,-0.96151,1e-05,16.54596,0.1,0.0
2026-07-24T17:40:32Z,2026-08-28,35,82000.0,C,0.0016,0.0017,0.0016,64347.52,64091.47,0.41590000000000005,0.03366,1e-05,14.82627,1487.0,62.1
2026-07-24T17:40:32Z,2026-08-28,35,82000.0,P,0.268,0.282,0.2759,64347.52,64091.47,0.41590000000000005,-0.96634,1e-05,14.82627,0.2,0.0
2026-07-24T17:40:32Z,2026-08-28,35,83000.0,C,0.0013,0.0016,0.0015,64347.52,64091.47,0.4251,0.0301,1e-05,13.51621,250.0,0.0
2026-07-24T17:40:32Z,2026-08-28,35,83000.0,P,0.2845,0.297,0.2913,64347.52,64091.47,0.4251,-0.9699,1e-05,13.51621,0.0,0.0
2026-07-24T17:40:32Z,2026-08-28,35,84000.0,C,0.0012,0.0014,0.0013,64347.52,64091.47,0.4354,0.02736,1e-05,12.48441,58.5,0.0
2026-07-24T17:40:32Z,2026-08-28,35,84000.0,P,0.3005,0.313,0.3067,64348.03,64091.47,0.4354,-0.97264,1e-05,12.48588,0.7,0.0
2026-07-24T17:40:32Z,2026-08-28,35,85000.0,C,0.001,0.0013,0.0012,64348.03,64091.47,0.441,0.02372,1e-05,11.07933,318.4,9.6
2026-07-24T17:40:32Z,2026-08-28,35,85000.0,P,0.3155,0.3285,0.3221,64348.03,64091.47,0.441,-0.97628,1e-05,11.07933,0.4,0.0
2026-07-24T17:40:32Z,2026-08-28,35,86000.0,C,0.0009,0.0012,0.0011,64348.03,64091.47,0.45,0.02148,1e-05,10.18892,165.1,0.2
2026-07-24T17:40:32Z,2026-08-28,35,86000.0,P,0.3315,0.3445,0.3375,64348.03,64091.47,0.45,-0.97852,1e-05,10.18892,0.0,0.0
2026-07-24T17:40:32Z,2026-08-28,35,88000.0,C,0.0008,0.0011,0.0009,64348.03,64091.47,0.469,0.01806,0.0,8.79492,185.5,0.3
2026-07-24T17:40:32Z,2026-08-28,35,88000.0,P,0.362,0.3755,0.3685,64348.03,64091.47,0.469,-0.98194,0.0,8.79492,0.0,0.0
2026-07-24T17:40:32Z,2026-08-28,35,90000.0,C,0.0007,0.0009,0.0007,64348.03,64091.47,0.48469999999999996,0.01486,0.0,7.44071,329.8,0.0
2026-07-24T17:40:32Z,2026-08-28,35,90000.0,P,0.391,0.4065,0.3994,64348.03,64091.47,0.48469999999999996,-0.98514,0.0,7.44071,0.5,0.0
2026-07-24T17:40:32Z,2026-08-28,35,92000.0,C,0.0005,0.0008,0.0006,64348.03,64091.47,0.5015,0.01261,0.0,6.45939,56.3,0.4
2026-07-24T17:40:32Z,2026-08-28,35,92000.0,P,0.4215,0.437,0.4304,64348.03,64091.47,0.5015,-0.98739,0.0,6.45939,1.3,0.0
2026-07-24T17:40:32Z,2026-08-28,35,94000.0,C,0.0004,0.0006,0.0005,64348.03,64091.47,0.5114,0.00994,0.0,5.2538,193.2,12.4
2026-07-24T17:40:32Z,2026-08-28,35,94000.0,P,0.4545,0.4695,0.4613,64348.49,64091.47,0.5114,-0.99006,0.0,5.25439,0.0,0.0
2026-07-24T17:40:32Z,2026-08-28,35,95000.0,C,0.0004,0.0006,0.0005,64348.03,64091.47,0.5226,0.00962,0.0,5.10313,11.6,0.0
2026-07-24T17:40:32Z,2026-08-28,35,95000.0,P,0.469,0.4845,0.4768,64348.03,64091.47,0.5226,-0.99038,0.0,5.10313,0.1,0.0
2026-07-24T17:40:32Z,2026-08-28,35,96000.0,C,0.0003,0.0006,0.0004,64348.03,64091.47,0.5263,0.00848,0.0,4.56879,23.4,0.4
2026-07-24T17:40:32Z,2026-08-28,35,96000.0,P,0.4845,0.5,0.4923,64348.03,64091.47,0.5263,-0.99152,0.0,4.56879,0.1,0.0
2026-07-24T17:40:32Z,2026-08-28,35,98000.0,C,0.0003,0.0005,0.0004,64348.03,64091.47,0.5433,0.00753,0.0,4.1153,152.8,1.9
2026-07-24T17:40:32Z,2026-08-28,35,98000.0,P,0.5135,0.5305,0.5234,64348.03,64091.47,0.5433,-0.99247,0.0,4.1153,0.0,0.0
2026-07-24T17:40:32Z,2026-08-28,35,100000.0,C,0.0002,0.0005,0.0003,64348.03,64091.47,0.5545,0.00626,0.0,3.49656,153.9,2.7
2026-07-24T17:40:32Z,2026-08-28,35,100000.0,P,0.545,0.5625,0.5544,64348.03,64091.47,0.5545,-0.99374,0.0,3.49656,0.1,0.0
2026-07-24T17:40:32Z,2026-08-28,35,105000.0,C,0.0001,0.0004,0.0002,64348.03,64091.47,0.5811999999999999,0.00406,0.0,2.37967,168.1,0.3
2026-07-24T17:40:32Z,2026-08-28,35,105000.0,P,0.6195,0.6405,0.632,64348.03,64091.47,0.5811999999999999,-0.99594,0.0,2.37967,0.0,0.0
2026-07-24T17:40:32Z,2026-08-28,35,110000.0,C,0.0001,0.0004,0.0002,64348.03,64091.47,0.6293,0.00378,0.0,2.23339,103.9,0.1
2026-07-24T17:40:32Z,2026-08-28,35,110000.0,P,0.6945,0.718,0.7097,64348.03,64091.47,0.6293,-0.99622,0.0,2.23339,0.0,0.0
2026-07-24T17:40:32Z,2026-09-25,63,30000.0,C,0.5355,0.5375,0.5366,64561.83,64091.47,0.8501000000000001,0.99069,0.0,6.69307,132.3,0.0
2026-07-24T17:40:32Z,2026-09-25,63,30000.0,P,0.0011,0.0013,0.0012,64560.84,64091.47,0.8501000000000001,-0.00931,0.0,6.69365,2336.9,21.1
2026-07-24T17:40:32Z,2026-09-25,63,35000.0,C,0.458,0.461,0.4598,64561.83,64091.47,0.7384000000000001,0.98443,0.0,10.45453,29.3,0.0
2026-07-24T17:40:32Z,2026-09-25,63,35000.0,P,0.0018,0.0019,0.0019,64561.83,64091.47,0.7384000000000001,-0.01557,0.0,10.45453,887.8,4.5
2026-07-24T17:40:32Z,2026-09-25,63,40000.0,C,0.3815,0.385,0.3834,64561.83,64091.47,0.6409,0.97359,0.0,16.36025,34.3,0.0
2026-07-24T17:40:32Z,2026-09-25,63,40000.0,P,0.0028,0.003,0.0029,64561.83,64091.47,0.6409,-0.02641,0.0,16.36031,2292.5,25.4
2026-07-24T17:40:32Z,2026-09-25,63,45000.0,C,0.3055,0.3105,0.3078,64561.83,64091.47,0.5577000000000001,0.95335,1e-05,26.08591,153.4,0.0
2026-07-24T17:40:32Z,2026-09-25,63,45000.0,P,0.0046,0.0049,0.0049,64561.83,64091.47,0.5577000000000001,-0.04665,1e-05,26.08538,1953.1,15.3
2026-07-24T17:40:32Z,2026-09-25,63,50000.0,C,0.232,0.236,0.234,64561.83,64091.47,0.4841,0.91548,1e-05,41.42784,30.5,0.0
2026-07-24T17:40:32Z,2026-09-25,63,50000.0,P,0.008,0.0085,0.0084,64561.83,64091.47,0.4841,-0.08452,1e-05,41.42802,3570.8,11.9
2026-07-24T17:40:32Z,2026-09-25,63,52000.0,C,0.203,0.2075,0.2055,64560.84,64091.47,0.4606,0.8906,2e-05,50.07758,75.0,0.0
2026-07-24T17:40:32Z,2026-09-25,63,52000.0,P,0.0105,0.0115,0.0109,64561.83,64091.47,0.4606,-0.10939,2e-05,50.0736,1077.0,18.8
2026-07-24T17:40:32Z,2026-09-25,63,54000.0,C,0.1755,0.1795,0.1776,64561.83,64091.47,0.4359,0.85992,2e-05,59.5334,7.2,0.0
2026-07-24T17:40:32Z,2026-09-25,63,54000.0,P,0.0135,0.0145,0.014,64561.83,64091.47,0.4359,-0.14008,2e-05,59.5334,366.5,28.9
2026-07-24T17:40:32Z,2026-09-25,63,55000.0,C,0.162,0.166,0.1641,64561.83,64091.47,0.42590000000000006,0.84061,2e-05,64.89108,83.9,0.2
2026-07-24T17:40:32Z,2026-09-25,63,55000.0,P,0.016,0.0165,0.0161,64561.83,64091.47,0.42590000000000006,-0.15939,2e-05,64.89112,3217.1,28.5
2026-07-24T17:40:32Z,2026-09-25,63,56000.0,C,0.149,0.153,0.1511,64561.83,64091.47,0.4168,0.81874,2e-05,70.46358,12.2,0.0
2026-07-24T17:40:32Z,2026-09-25,63,56000.0,P,0.018,0.019,0.0185,64561.83,64091.47,0.4168,-0.18126,2e-05,70.46363,977.0,58.3
2026-07-24T17:40:32Z,2026-09-25,63,58000.0,C,0.124,0.128,0.1261,64561.83,64091.47,0.4,0.76724,3e-05,81.72629,485.8,1.0
2026-07-24T17:40:32Z,2026-09-25,63,58000.0,P,0.024,0.025,0.0245,64561.83,64091.47,0.4,-0.23276,3e-05,81.72629,737.4,71.2
2026-07-24T17:40:32Z,2026-09-25,63,60000.0,C,0.1015,0.105,0.1031,64562.63,64091.47,0.38630000000000003,0.70477,3e-05,92.28505,932.8,50.0
2026-07-24T17:40:32Z,2026-09-25,63,60000.0,P,0.032,0.033,0.0325,64561.89,64091.47,0.38630000000000003,-0.29526,3e-05,92.28755,4375.2,396.1
2026-07-24T17:40:32Z,2026-09-25,63,62000.0,C,0.0815,0.0835,0.0825,64561.89,64091.47,0.375,0.63246,4e-05,100.72821,682.2,0.5
2026-07-24T17:40:32Z,2026-09-25,63,62000.0,P,0.042,0.0435,0.0429,64562.63,64091.47,0.375,-0.36751,4e-05,100.72685,973.7,73.8
2026-07-24T17:40:32Z,2026-09-25,63,64000.0,C,0.064,0.0655,0.0645,64562.63,64091.47,0.3654,0.5531,4e-05,105.71821,293.6,2.0
2026-07-24T17:40:32Z,2026-09-25,63,64000.0,P,0.055,0.0565,0.0558,64562.63,64091.47,0.3654,-0.4469,4e-05,105.71821,525.1,7.0
2026-07-24T17:40:32Z,2026-09-25,63,65000.0,C,0.056,0.0575,0.0566,64562.63,64091.47,0.3617,0.51189,4e-05,106.61713,757.6,31.1
2026-07-24T17:40:32Z,2026-09-25,63,65000.0,P,0.0625,0.064,0.0634,64562.63,64091.47,0.3617,-0.48811,4e-05,106.61713,647.7,69.3
2026-07-24T17:40:32Z,2026-09-25,63,66000.0,C,0.0485,0.05,0.0493,64562.63,64091.47,0.35840000000000005,0.47046,4e-05,106.37191,1013.4,217.4
2026-07-24T17:40:32Z,2026-09-25,63,66000.0,P,0.071,0.072,0.0716,64562.63,64091.47,0.35840000000000005,-0.52954,4e-05,106.37191,859.4,218.4
2026-07-24T17:40:32Z,2026-09-25,63,68000.0,C,0.0365,0.0375,0.037,64562.63,64091.47,0.3533,0.38922,4e-05,102.52552,807.0,21.2
2026-07-24T17:40:32Z,2026-09-25,63,68000.0,P,0.0885,0.0915,0.0902,64562.63,64091.47,0.3533,-0.61078,4e-05,102.5255,640.1,0.0
2026-07-24T17:40:32Z,2026-09-25,63,70000.0,C,0.027,0.028,0.0273,64562.63,64091.47,0.3505,0.31402,4e-05,94.85222,1995.3,86.9
2026-07-24T17:40:32Z,2026-09-25,63,70000.0,P,0.1095,0.113,0.1115,64562.63,64091.47,0.3505,-0.68598,4e-05,94.85222,1503.5,5.0
2026-07-24T17:40:32Z,2026-09-25,63,72000.0,C,0.0195,0.0205,0.02,64562.63,64091.47,0.35009999999999997,0.2484,3e-05,84.67453,2301.2,222.1
2026-07-24T17:40:32Z,2026-09-25,63,72000.0,P,0.133,0.1375,0.1352,64561.89,64091.47,0.35009999999999997,-0.75162,3e-05,84.66897,274.9,0.0
2026-07-24T17:40:32Z,2026-09-25,63,74000.0,C,0.014,0.015,0.0145,64562.63,64091.47,0.35109999999999997,0.19333,3e-05,73.3307,677.0,55.8
2026-07-24T17:40:32Z,2026-09-25,63,74000.0,P,0.158,0.163,0.1607,64561.89,64091.47,0.35109999999999997,-0.80669,3e-05,73.32486,110.7,0.0
2026-07-24T17:40:32Z,2026-09-25,63,75000.0,C,0.012,0.013,0.0124,64562.63,64091.47,0.3525,0.17017,3e-05,67.70142,2996.9,59.2
2026-07-24T17:40:32Z,2026-09-25,63,75000.0,P,0.1715,0.1765,0.1741,64562.63,64091.47,0.3525,-0.82983,3e-05,67.70142,2967.4,3.7
2026-07-24T17:40:32Z,2026-09-25,63,76000.0,C,0.01,0.0105,0.0105,64562.69,64091.47,0.3528,0.14844,2e-05,61.90622,2242.9,92.2
2026-07-24T17:40:32Z,2026-09-25,63,76000.0,P,0.185,0.1905,0.1877,64562.69,64091.47,0.3528,-0.85156,2e-05,61.90622,599.6,0.0
2026-07-24T17:40:32Z,2026-09-25,63,78000.0,C,0.0075,0.008,0.0075,64563.38,64091.47,0.3547,0.11241,2e-05,51.06296,4202.8,126.0
2026-07-24T17:40:32Z,2026-09-25,63,78000.0,P,0.213,0.218,0.2157,64563.38,64091.47,0.3547,-0.88759,2e-05,51.06296,629.3,5.0
2026-07-24T17:40:32Z,2026-09-25,63,80000.0,C,0.0055,0.006,0.0058,64563.38,64091.47,0.3626,0.08809,2e-05,42.73167,3544.0,193.6
2026-07-24T17:40:32Z,2026-09-25,63,80000.0,P,0.242,0.248,0.2449,64563.38,64091.47,0.3626,-0.91191,2e-05,42.73167,613.0,12.0
2026-07-24T17:40:32Z,2026-09-25,63,82000.0,C,0.0044,0.0047,0.0045,64562.69,64091.47,0.3724,0.07036,1e-05,36.04005,2487.1,24.8
2026-07-24T17:40:32Z,2026-09-25,63,82000.0,P,0.269,0.2805,0.2746,64563.38,64091.47,0.3724,-0.92963,1e-05,36.04412,194.1,0.0
2026-07-24T17:40:32Z,2026-09-25,63,84000.0,C,0.0035,0.0038,0.0036,64562.69,64091.47,0.38159999999999994,0.05634,1e-05,30.31227,1240.1,157.5
2026-07-24T17:40:32Z,2026-09-25,63,84000.0,P,0.299,0.3105,0.3047,64563.38,64091.47,0.38159999999999994,-0.94365,1e-05,30.31584,34.7,0.0
2026-07-24T17:40:32Z,2026-09-25,63,85000.0,C,0.0031,0.0034,0.0032,64562.69,64091.47,0.38689999999999997,0.05091,1e-05,27.97304,1224.7,5.5
2026-07-24T17:40:32Z,2026-09-25,63,85000.0,P,0.314,0.326,0.3198,64563.38,64091.47,0.38689999999999997,-0.94909,1e-05,27.97639,454.5,0.0
2026-07-24T17:40:32Z,2026-09-25,63,86000.0,C,0.0027,0.003,0.0029,64562.69,64091.47,0.3912,0.04563,1e-05,25.62664,664.7,0.0
2026-07-24T17:40:32Z,2026-09-25,63,86000.0,P,0.3285,0.3415,0.3349,64562.69,64091.47,0.3912,-0.95437,1e-05,25.62664,11.6,0.0
2026-07-24T17:40:32Z,2026-09-25,63,88000.0,C,0.0022,0.0025,0.0024,64563.38,64091.47,0.4018,0.03768,1e-05,21.94832,650.1,15.0
2026-07-24T17:40:32Z,2026-09-25,63,88000.0,P,0.357,0.3725,0.3654,64562.69,64091.47,0.4018,-0.96232,1e-05,21.94557,4.8,0.0
2026-07-24T17:40:32Z,2026-09-25,63,90000.0,C,0.0019,0.0021,0.002,64563.38,64091.47,0.41369999999999996,0.03194,1e-05,19.15926,3021.9,0.0
2026-07-24T17:40:32Z,2026-09-25,63,90000.0,P,0.389,0.4025,0.396,64563.38,64091.47,0.41369999999999996,-0.96806,1e-05,19.15926,587.5,0.0
2026-07-24T17:40:32Z,2026-09-25,63,92000.0,C,0.0015,0.0018,0.0017,64562.69,64091.47,0.4226,0.02642,1e-05,16.36415,485.0,0.0
2026-07-24T17:40:32Z,2026-09-25,63,92000.0,P,0.416,0.434,0.4266,64563.38,64091.47,0.4226,-0.97358,1e-05,16.36626,4.0,0.0
2026-07-24T17:40:32Z,2026-09-25,63,94000.0,C,0.0013,0.0016,0.0015,64563.38,64091.47,0.43479999999999996,0.02297,0.0,14.55132,165.4,0.0
2026-07-24T17:40:32Z,2026-09-25,63,94000.0,P,0.45,0.465,0.4574,64562.69,64091.47,0.43479999999999996,-0.97704,0.0,14.54944,1.3,0.0
2026-07-24T17:40:32Z,2026-09-25,63,95000.0,C,0.0012,0.0015,0.0014,64563.38,64091.47,0.44020000000000004,0.02132,0.0,13.66327,1866.1,29.8
2026-07-24T17:40:32Z,2026-09-25,63,95000.0,P,0.466,0.4795,0.4728,64563.38,64091.47,0.44020000000000004,-0.97868,0.0,13.66327,147.6,0.0
2026-07-24T17:40:32Z,2026-09-25,63,96000.0,C,0.0011,0.0014,0.0013,64562.69,64091.47,0.4451,0.0197,0.0,12.78055,306.2,2.1
2026-07-24T17:40:32Z,2026-09-25,63,96000.0,P,0.4775,0.496,0.4882,64563.41,64091.47,0.4451,-0.9803,0.0,12.78216,1.0,0.0
2026-07-24T17:40:32Z,2026-09-25,63,98000.0,C,0.0009,0.0013,0.0011,64563.56,64091.47,0.45439999999999997,0.01685,0.0,11.18558,304.4,0.2
2026-07-24T17:40:32Z,2026-09-25,63,98000.0,P,0.506,0.5265,0.519,64563.56,64091.47,0.45439999999999997,-0.98315,0.0,11.18558,0.1,0.0
2026-07-24T17:40:32Z,2026-09-25,63,100000.0,C,0.0007,0.0012,0.0009,64563.56,64091.47,0.46399999999999997,0.01461,0.0,9.89631,3606.3,8.6
2026-07-24T17:40:32Z,2026-09-25,63,100000.0,P,0.5425,0.557,0.5498,64563.41,64091.47,0.46399999999999997,-0.98539,0.0,9.89603,272.4,0.0
2026-07-24T17:40:32Z,2026-09-25,63,102000.0,C,0.0006,0.0009,0.0008,64563.56,64091.47,0.47130000000000005,0.01236,0.0,8.56684,92.0,0.0
2026-07-24T17:40:32Z,2026-09-25,63,102000.0,P,0.5685,0.5885,0.5806,64563.56,64091.47,0.47130000000000005,-0.98764,0.0,8.56684,0.4,0.0
2026-07-24T17:40:32Z,2026-09-25,63,105000.0,C,0.0005,0.0008,0.0007,64563.56,64091.47,0.4879,0.01056,0.0,7.46997,1208.3,1.0
2026-07-24T17:40:32Z,2026-09-25,63,105000.0,P,0.6205,0.6345,0.627,64563.41,64091.47,0.4879,-0.98944,0.0,7.46975,104.6,0.0
2026-07-24T17:40:32Z,2026-09-25,63,110000.0,C,0.0004,0.0006,0.0005,64563.56,64091.47,0.505,0.00728,0.0,5.39444,1313.1,15.2
2026-07-24T17:40:32Z,2026-09-25,63,110000.0,P,0.6975,0.7125,0.7042,64563.56,64091.47,0.505,-0.99272,0.0,5.39444,116.1,0.0
2026-07-24T17:40:32Z,2026-09-25,63,115000.0,C,0.0003,0.0005,0.0004,64563.56,64091.47,0.5326,0.00608,0.0,4.60294,2179.1,75.1
2026-07-24T17:40:32Z,2026-09-25,63,115000.0,P,0.7725,0.79,0.7816,64563.56,64091.47,0.5326,-0.99392,0.0,4.60294,90.3,0.0
2026-07-24T17:40:32Z,2026-09-25,63,120000.0,C,0.0002,0.0004,0.0003,64563.56,64091.47,0.5473,0.00437,0.0,3.43175,1139.6,21.0
2026-07-24T17:40:32Z,2026-09-25,63,120000.0,P,0.8515,0.868,0.859,64563.56,64091.47,0.5473,-0.99563,0.0,3.43175,172.3,0.0
2026-07-24T17:40:32Z,2026-09-25,63,125000.0,C,0.0002,0.0005,0.0003,64563.41,64091.47,0.5782,0.00415,0.0,3.27687,2329.2,15.0
2026-07-24T17:40:32Z,2026-09-25,63,125000.0,P,0.9145,1.0085,0.9364,64563.56,64091.47,0.5782,-0.99585,0.0,3.27696,22.7,0.0
2026-07-24T17:40:32Z,2026-09-25,63,130000.0,C,0.0002,0.0004,0.0002,64563.56,64091.47,0.5939,0.00324,0.0,2.62008,1432.3,0.2
2026-07-24T17:40:32Z,2026-09-25,63,130000.0,P,0.9455,1.0885,1.0138,64563.56,64091.47,0.5939,-0.99676,0.0,2.62008,21.4,0.0
2026-07-24T17:40:32Z,2026-09-25,63,135000.0,C,0.0001,0.0004,0.0002,64563.56,64091.47,0.6184000000000001,0.00296,0.0,2.41523,275.5,0.0
2026-07-24T17:40:32Z,2026-09-25,63,135000.0,P,1.0205,1.169,1.0912,64563.41,64091.47,0.6184000000000001,-0.99704,0.0,2.41516,11.5,0.0
2026-07-24T17:40:32Z,2026-09-25,63,140000.0,C,0.0001,0.0003,0.0002,64563.56,64091.47,0.6354,0.00248,0.0,2.05833,1184.5,0.0
2026-07-24T17:40:32Z,2026-09-25,63,140000.0,P,1.0955,1.249,1.1686,64563.56,64091.47,0.6354,-0.99752,0.0,2.05833,1.4,0.0
2026-07-24T17:40:32Z,2026-09-25,63,145000.0,C,0.0001,0.0003,0.0002,64563.41,64091.47,0.6606000000000001,0.00239,0.0,1.99583,495.0,0.0
2026-07-24T17:40:32Z,2026-09-25,63,145000.0,P,1.1705,1.3295,1.2461,64563.41,64091.47,0.6606000000000001,-0.99761,0.0,1.99583,0.2,0.0
2026-07-24T17:40:32Z,2026-09-25,63,150000.0,C,0.0001,0.0003,0.0002,64563.6,64091.47,0.6848000000000001,0.00232,0.0,1.93995,737.5,0.0
2026-07-24T17:40:32Z,2026-09-25,63,150000.0,P,1.245,1.4095,1.3235,64564.07,64091.47,0.6848000000000001,-0.99768,0.0,1.9401,0.7,0.0
2026-07-24T17:40:32Z,2026-09-25,63,155000.0,C,0.0001,0.0002,0.0002,64563.6,64091.47,0.7012,0.00205,0.0,1.7312,362.1,0.0
2026-07-24T17:40:32Z,2026-09-25,63,155000.0,P,1.32,1.49,1.4009,64564.07,64091.47,0.7012,-0.99795,0.0,1.73134,0.1,0.0
2026-07-24T17:40:32Z,2026-09-25,63,160000.0,C,0.0,0.0004,0.0001,64564.07,64091.47,0.7042,0.00151,0.0,1.31057,1444.3,0.0
2026-07-24T17:40:32Z,2026-09-25,63,160000.0,P,1.3945,1.5705,1.4783,64564.07,64091.47,0.7042,-0.99849,0.0,1.31057,0.6,0.0
2026-07-24T17:40:32Z,2026-09-25,63,165000.0,C,0.0,0.0002,0.0001,64564.07,64091.47,0.7042,0.00106,0.0,0.95303,192.5,0.0
2026-07-24T17:40:32Z,2026-09-25,63,165000.0,P,1.4695,1.6495,1.5557,64564.07,64091.47,0.7042,-0.99894,0.0,0.95303,0.0,0.0
2026-07-24T17:40:32Z,2026-09-25,63,170000.0,C,0.0,0.0002,0.0001,64563.6,64091.47,0.7042,0.00075,0.0,0.69219,359.5,1.0
2026-07-24T17:40:32Z,2026-09-25,63,170000.0,P,1.5445,1.7295,1.6331,64564.07,64091.47,0.7042,-0.99925,0.0,0.69225,0.0,0.0
2026-07-24T17:40:32Z,2026-09-25,63,175000.0,C,0.0,0.0002,0.0,64564.07,64091.47,0.7042,0.00053,0.0,0.50245,1355.9,1.1
2026-07-24T17:40:32Z,2026-09-25,63,175000.0,P,1.6195,1.81,1.7106,64564.07,64091.47,0.7042,-0.99947,0.0,0.50245,0.2,0.0
2026-07-24T17:40:32Z,2026-09-25,63,180000.0,C,0.0,0.0002,0.0,64564.07,64091.47,0.7084,0.00041,0.0,0.39253,748.1,1.0
2026-07-24T17:40:32Z,2026-09-25,63,180000.0,P,1.694,1.89,1.788,64564.07,64091.47,0.7084,-0.99959,0.0,0.39253,7.3,0.0
2026-07-24T17:40:32Z,2026-09-25,63,190000.0,C,0.0,0.0002,0.0,64563.6,64091.47,0.7281,0.0003,0.0,0.29842,772.5,0.0
2026-07-24T17:40:32Z,2026-09-25,63,190000.0,P,1.8435,2.05,1.9429,64563.6,64091.47,0.7281,-0.9997,0.0,0.29842,0.0,0.0
2026-07-24T17:40:32Z,2026-09-25,63,200000.0,C,0.0,0.0002,0.0,64564.07,64091.47,0.7281,0.00016,0.0,0.16416,1009.0,17.0
2026-07-24T17:40:32Z,2026-09-25,63,200000.0,P,1.9935,2.2105,2.0977,64564.07,64091.47,0.7281,-0.99984,0.0,0.16416,0.1,0.0
2026-07-24T17:40:32Z,2026-09-25,63,220000.0,C,0.0,0.0002,0.0,64563.6,64091.47,0.7281,5e-05,0.0,0.05009,232.5,0.0
2026-07-24T17:40:32Z,2026-09-25,63,220000.0,P,2.2925,2.5315,2.4075,64563.6,64091.47,0.7281,-0.99995,0.0,0.05009,1.8,0.0
2026-07-24T17:40:32Z,2026-09-25,63,240000.0,C,0.0,0.0003,0.0,64563.67,64091.47,0.7486,2e-05,0.0,0.02584,222.5,1.0
2026-07-24T17:40:32Z,2026-09-25,63,240000.0,P,2.592,2.852,2.7173,64563.67,64091.47,0.7486,-0.99998,0.0,0.02584,0.0,0.0
2026-07-24T17:40:32Z,2026-09-25,63,260000.0,C,0.0,0.0003,0.0,64563.67,64091.47,0.7883,2e-05,0.0,0.02347,293.8,0.0
2026-07-24T17:40:32Z,2026-09-25,63,260000.0,P,2.8915,3.173,3.027,64563.67,64091.47,0.7883,-0.99998,0.0,0.02347,0.0,0.0
2026-07-24T17:40:32Z,2026-09-25,63,280000.0,C,0.0,0.0001,0.0,64564.08,64091.47,0.8151,1e-05,0.0,0.01733,94.0,0.0
2026-07-24T17:40:32Z,2026-09-25,63,280000.0,P,3.1905,3.494,3.3368,64563.67,64091.47,0.8151,-0.99999,0.0,0.01732,0.0,0.0
2026-07-24T17:40:32Z,2026-09-25,63,300000.0,C,0.0,0.0001,0.0,64564.08,64091.47,0.8497,1e-05,0.0,0.01645,192.5,0.0
2026-07-24T17:40:32Z,2026-09-25,63,300000.0,P,3.49,3.815,3.6466,64563.67,64091.47,0.8497,-0.99999,0.0,0.01645,0.0,0.0
2026-07-24T17:40:32Z,2026-09-25,63,320000.0,C,0.0,0.0001,0.0,64563.67,64091.47,0.8542000000000001,1e-05,0.0,0.00837,276.6,0.0
2026-07-24T17:40:32Z,2026-09-25,63,320000.0,P,3.789,4.136,3.9564,64563.67,64091.47,0.8542000000000001,-0.99999,0.0,0.00837,25.1,0.0
2026-07-24T17:40:32Z,2026-12-25,154,30000.0,C,0.5445,0.5465,0.5455,65232.98,64091.47,0.7012,0.97351,0.0,25.96205,289.3,0.0
2026-07-24T17:40:32Z,2026-12-25,154,30000.0,P,0.005,0.006,0.0054,65232.98,64091.47,0.7012,-0.02649,0.0,25.96235,2148.5,0.5
2026-07-24T17:40:32Z,2026-12-25,154,35000.0,C,0.4705,0.4725,0.4714,65232.98,64091.47,0.6261,0.95872,0.0,37.4069,77.6,0.0
2026-07-24T17:40:32Z,2026-12-25,154,35000.0,P,0.0075,0.0085,0.008,65232.98,64091.47,0.6261,-0.04128,0.0,37.40704,2312.0,1.3
2026-07-24T17:40:32Z,2026-12-25,154,40000.0,C,0.3975,0.401,0.3992,65232.98,64091.47,0.5696,0.93427,1e-05,54.12284,250.8,0.0
2026-07-24T17:40:32Z,2026-12-25,154,40000.0,P,0.012,0.0125,0.0124,65233.0,64091.47,0.5696,-0.06573,1e-05,54.12228,4052.9,64.7
2026-07-24T17:40:32Z,2026-12-25,154,45000.0,C,0.327,0.3305,0.3286,65233.0,64091.47,0.5149,0.8995,1e-05,74.5359,54.2,0.0
2026-07-24T17:40:32Z,2026-12-25,154,45000.0,P,0.018,0.0185,0.0184,65233.0,64091.47,0.5149,-0.1005,1e-05,74.5359,2787.7,55.4
2026-07-24T17:40:32Z,2026-12-25,154,50000.0,C,0.26,0.2635,0.2619,65233.0,64091.47,0.4727,0.84627,1e-05,100.28824,260.8,0.0
2026-07-24T17:40:32Z,2026-12-25,154,50000.0,P,0.028,0.029,0.0284,65233.0,64091.47,0.4727,-0.15373,1e-05,100.28824,1748.0,128.3
2026-07-24T17:40:32Z,2026-12-25,154,52000.0,C,0.235,0.2385,0.2368,65233.0,64091.47,0.45909999999999995,0.81865,1e-05,111.56127,0.0,0.0
2026-07-24T17:40:32Z,2026-12-25,154,52000.0,P,0.0335,0.0345,0.034,65233.0,64091.47,0.45909999999999995,-0.18135,1e-05,111.56127,148.0,79.0
2026-07-24T17:40:32Z,2026-12-25,154,54000.0,C,0.211,0.2145,0.2129,65233.04,64091.47,0.4473,0.78709,2e-05,122.94545,33.0,0.0
2026-07-24T17:40:32Z,2026-12-25,154,54000.0,P,0.04,0.0415,0.0407,65233.04,64091.47,0.4473,-0.21291,2e-05,122.94545,1816.2,0.0
2026-07-24T17:40:32Z,2026-12-25,154,55000.0,C,0.1995,0.203,0.2015,65233.0,64091.47,0.4424,0.76976,2e-05,128.56751,42.8,0.0
2026-07-24T17:40:32Z,2026-12-25,154,55000.0,P,0.0435,0.0455,0.0446,65233.0,64091.47,0.4424,-0.23024,2e-05,128.56751,1036.8,9.8
2026-07-24T17:40:32Z,2026-12-25,154,56000.0,C,0.1885,0.192,0.1902,65233.0,64091.47,0.4372,0.75173,2e-05,133.97601,41.4,0.2
2026-07-24T17:40:32Z,2026-12-25,154,56000.0,P,0.048,0.0495,0.0487,65233.0,64091.47,0.4372,-0.24827,2e-05,133.97601,345.4,14.0
2026-07-24T17:40:32Z,2026-12-25,154,58000.0,C,0.167,0.1705,0.1689,65233.0,64091.47,0.4282,0.71294,2e-05,144.15741,41.8,0.0
2026-07-24T17:40:32Z,2026-12-25,154,58000.0,P,0.057,0.059,0.058,65233.0,64091.47,0.4282,-0.28706,2e-05,144.15741,2055.2,800.1
2026-07-24T17:40:32Z,2026-12-25,154,60000.0,C,0.1475,0.1505,0.1489,65233.0,64091.47,0.4199,0.67118,2e-05,153.02892,785.2,50.0
2026-07-24T17:40:32Z,2026-12-25,154,60000.0,P,0.068,0.0695,0.0687,65233.0,64091.47,0.4199,-0.32882,2e-05,153.02892,6449.3,18.9
2026-07-24T17:40:32Z,2026-12-25,154,62000.0,C,0.1295,0.1315,0.1307,65233.0,64091.47,0.41340000000000005,0.62689,2e-05,160.20602,241.1,0.3
2026-07-24T17:40:32Z,2026-12-25,154,62000.0,P,0.08,0.082,0.0811,65233.0,64091.47,0.41340000000000005,-0.37311,2e-05,160.20602,703.0,0.9
2026-07-24T17:40:32Z,2026-12-25,154,64000.0,C,0.113,0.115,0.1139,65233.0,64091.47,0.40759999999999996,0.58097,2e-05,165.33008,391.7,2.8
2026-07-24T17:40:32Z,2026-12-25,154,64000.0,P,0.094,0.0955,0.095,65233.0,64091.47,0.40759999999999996,-0.41903,2e-05,165.33008,247.0,1.3
2026-07-24T17:40:32Z,2026-12-25,154,65000.0,C,0.1055,0.107,0.1062,65233.0,64091.47,0.40509999999999996,0.55765,2e-05,167.05312,646.5,11.0
2026-07-24T17:40:32Z,2026-12-25,154,65000.0,P,0.1015,0.1035,0.1026,65233.04,64091.47,0.40509999999999996,-0.44234,2e-05,167.05317,676.7,6.4
2026-07-24T17:40:32Z,2026-12-25,154,66000.0,C,0.098,0.0995,0.0988,65233.0,64091.47,0.4029,0.53424,2e-05,168.19693,254.7,15.1
2026-07-24T17:40:32Z,2026-12-25,154,66000.0,P,0.1095,0.1115,0.1106,65233.0,64091.47,0.4029,-0.46576,2e-05,168.19693,282.4,48.1
2026-07-24T17:40:32Z,2026-12-25,154,68000.0,C,0.0845,0.086,0.0853,65233.0,64091.47,0.39899999999999997,0.48762,2e-05,168.73779,496.8,17.8
2026-07-24T17:40:32Z,2026-12-25,154,68000.0,P,0.1265,0.1285,0.1277,65233.0,64091.47,0.39899999999999997,-0.51238,2e-05,168.73779,359.3,10.6
2026-07-24T17:40:32Z,2026-12-25,154,70000.0,C,0.0725,0.074,0.0733,65233.0,64091.47,0.3958,0.44185,2e-05,167.02241,995.9,0.0
2026-07-24T17:40:32Z,2026-12-25,154,70000.0,P,0.1445,0.148,0.1464,65233.0,64091.47,0.3958,-0.55815,2e-05,167.02241,1044.8,0.7
2026-07-24T17:40:32Z,2026-12-25,154,72000.0,C,0.062,0.0635,0.0627,65233.0,64091.47,0.3933,0.3977,2e-05,163.23837,1120.4,1.9
2026-07-24T17:40:32Z,2026-12-25,154,72000.0,P,0.165,0.1685,0.1665,65233.07,64091.47,0.3933,-0.60229,2e-05,163.23873,335.4,0.0
2026-07-24T17:40:32Z,2026-12-25,154,74000.0,C,0.0525,0.054,0.0536,65233.07,64091.47,0.3914,0.35581,2e-05,157.66846,98.4,0.2
2026-07-24T17:40:32Z,2026-12-25,154,74000.0,P,0.1865,0.19,0.1879,65233.07,64091.47,0.3914,-0.64419,2e-05,157.66846,102.6,0.0
2026-07-24T17:40:32Z,2026-12-25,154,75000.0,C,0.0485,0.05,0.0494,65233.07,64091.47,0.3906,0.3358,2e-05,154.30877,1326.1,26.0
2026-07-24T17:40:32Z,2026-12-25,154,75000.0,P,0.197,0.2015,0.1991,65233.0,64091.47,0.3906,-0.66421,2e-05,154.30833,891.9,37.1
2026-07-24T17:40:32Z,2026-12-25,154,76000.0,C,0.045,0.046,0.0457,65233.0,64091.47,0.3907,0.31701,2e-05,150.73251,339.0,30.7
2026-07-24T17:40:32Z,2026-12-25,154,76000.0,P,0.2085,0.2125,0.2108,65233.0,64091.47,0.3907,-0.68299,2e-05,150.73251,141.7,0.0
2026-07-24T17:40:32Z,2026-12-25,154,78000.0,C,0.038,0.0395,0.0389,65233.0,64091.47,0.3898,0.28084,2e-05,142.65484,399.3,2.2
2026-07-24T17:40:32Z,2026-12-25,154,78000.0,P,0.2325,0.2375,0.2346,65233.07,64091.47,0.3898,-0.71916,2e-05,142.65534,234.6,0.0
2026-07-24T17:40:32Z,2026-12-25,154,80000.0,C,0.033,0.0335,0.0335,65233.0,64091.47,0.39189999999999997,0.24966,2e-05,134.37431,7686.6,631.6
2026-07-24T17:40:32Z,2026-12-25,154,80000.0,P,0.257,0.2625,0.2599,65233.0,64091.47,0.39189999999999997,-0.75034,2e-05,134.37431,952.0,19.5
2026-07-24T17:40:32Z,2026-12-25,154,82000.0,C,0.0275,0.0285,0.0285,65233.07,64091.47,0.3918,0.21979,2e-05,125.22717,471.9,30.9
2026-07-24T17:40:32Z,2026-12-25,154,82000.0,P,0.2825,0.2885,0.2855,65233.07,64091.47,0.3918,-0.78021,2e-05,125.22717,158.7,0.0
2026-07-24T17:40:32Z,2026-12-25,154,84000.0,C,0.0235,0.0245,0.0242,65233.0,64091.47,0.39189999999999997,0.19281,2e-05,115.86884,705.5,26.0
2026-07-24T17:40:32Z,2026-12-25,154,84000.0,P,0.309,0.315,0.3118,65233.0,64091.47,0.39189999999999997,-0.80719,2e-05,115.86884,47.0,0.0
2026-07-24T17:40:32Z,2026-12-25,154,85000.0,C,0.0215,0.0225,0.0223,65233.06,64091.47,0.3921,0.18054,2e-05,111.24956,2094.1,31.3
2026-07-24T17:40:32Z,2026-12-25,154,85000.0,P,0.322,0.329,0.3253,65232.99,64091.47,0.3921,-0.81946,2e-05,111.24901,548.3,27.5
2026-07-24T17:40:32Z,2026-12-25,154,86000.0,C,0.02,0.0205,0.0205,65232.99,64091.47,0.3925,0.16896,2e-05,106.66169,295.2,7.5
2026-07-24T17:40:32Z,2026-12-25,154,86000.0,P,0.3355,0.3425,0.3389,65232.99,64091.47,0.3925,-0.83104,2e-05,106.66169,23.4,0.0
2026-07-24T17:40:32Z,2026-12-25,154,88000.0,C,0.017,0.0175,0.0175,65232.99,64091.47,0.3937,0.14809,1e-05,97.82545,2444.7,27.5
2026-07-24T17:40:32Z,2026-12-25,154,88000.0,P,0.363,0.371,0.3665,65232.99,64091.47,0.3937,-0.85191,1e-05,97.82545,4.1,0.0
2026-07-24T17:40:32Z,2026-12-25,154,90000.0,C,0.0145,0.015,0.0149,65232.99,64091.47,0.3946,0.1294,1e-05,89.23421,3082.2,159.0
2026-07-24T17:40:32Z,2026-12-25,154,90000.0,P,0.3915,0.3985,0.3946,65233.06,64091.47,0.3946,-0.8706,1e-05,89.23473,590.5,0.0
2026-07-24T17:40:32Z,2026-12-25,154,92000.0,C,0.012,0.013,0.0128,65232.99,64091.47,0.3967,0.11366,1e-05,81.45408,250.4,0.9
2026-07-24T17:40:32Z,2026-12-25,154,92000.0,P,0.419,0.428,0.4231,65232.99,64091.47,0.3967,-0.88634,1e-05,81.45408,4.5,0.0
2026-07-24T17:40:32Z,2026-12-25,154,94000.0,C,0.0105,0.0115,0.011,65232.99,64091.47,0.39909999999999995,0.09995,1e-05,74.2389,112.7,1.3
2026-07-24T17:40:32Z,2026-12-25,154,94000.0,P,0.448,0.457,0.452,65232.99,64091.47,0.39909999999999995,-0.90005,1e-05,74.2389,5.2,0.0
2026-07-24T17:40:32Z,2026-12-25,154,95000.0,C,0.0095,0.0105,0.0103,65232.99,64091.47,0.4007,0.09405,1e-05,70.99397,1298.2,2.9
2026-07-24T17:40:32Z,2026-12-25,154,95000.0,P,0.463,0.471,0.4666,65232.99,64091.47,0.4007,-0.90595,1e-05,70.99397,85.9,0.0
2026-07-24T17:40:32Z,2026-12-25,154,96000.0,C,0.009,0.01,0.0096,65232.99,64091.47,0.40159999999999996,0.08806,1e-05,67.61259,309.6,12.7
2026-07-24T17:40:32Z,2026-12-25,154,96000.0,P,0.4775,0.4865,0.4812,65233.06,64091.47,0.40159999999999996,-0.91194,1e-05,67.61304,11.2,0.0
2026-07-24T17:40:32Z,2026-12-25,154,98000.0,C,0.008,0.0085,0.0085,65233.06,64091.47,0.4065,0.07903,1e-05,62.33087,206.8,13.3
2026-07-24T17:40:32Z,2026-12-25,154,98000.0,P,0.5065,0.5155,0.5108,65232.99,64091.47,0.4065,-0.92097,1e-05,62.33044,1.1,0.0
2026-07-24T17:40:32Z,2026-12-25,154,100000.0,C,0.007,0.0075,0.0075,65233.06,64091.47,0.4102,0.07044,1e-05,57.0938,3565.8,191.3
2026-07-24T17:40:32Z,2026-12-25,154,100000.0,P,0.536,0.5445,0.5405,65232.99,64091.47,0.4102,-0.92956,1e-05,57.0934,303.1,0.0
2026-07-24T17:40:32Z,2026-12-25,154,102000.0,C,0.006,0.007,0.0065,65232.99,64091.47,0.41240000000000004,0.06212,1e-05,51.79847,169.2,2.2
2026-07-24T17:40:32Z,2026-12-25,154,102000.0,P,0.5535,0.5765,0.5701,65232.99,64091.47,0.41240000000000004,-0.93788,1e-05,51.79847,7.7,0.0
2026-07-24T17:40:32Z,2026-12-25,154,104000.0,C,0.005,0.006,0.0057,65232.99,64091.47,0.4156,0.05534,1e-05,47.30448,83.7,0.0
2026-07-24T17:40:32Z,2026-12-25,154,104000.0,P,0.583,0.607,0.6,65232.99,64091.47,0.4156,-0.94466,1e-05,47.30448,0.0,0.0
2026-07-24T17:40:32Z,2026-12-25,154,105000.0,C,0.005,0.0055,0.0055,65232.99,64091.47,0.4188,0.053,1e-05,45.71357,834.0,5.6
2026-07-24T17:40:32Z,2026-12-25,154,105000.0,P,0.6085,0.622,0.6151,65232.88,64091.47,0.4188,-0.947,1e-05,45.71276,109.4,0.0
2026-07-24T17:40:32Z,2026-12-25,154,106000.0,C,0.0047,0.0055,0.0052,65233.06,64091.47,0.4202,0.05003,1e-05,43.66436,318.7,30.1
2026-07-24T17:40:32Z,2026-12-25,154,106000.0,P,0.611,0.637,0.6301,65233.06,64091.47,0.4202,-0.94997,1e-05,43.66436,0.1,0.0
2026-07-24T17:40:32Z,2026-12-25,154,108000.0,C,0.0042,0.0047,0.0046,65232.88,64091.47,0.4232,0.04462,1e-05,39.84067,122.2,2.2
2026-07-24T17:40:32Z,2026-12-25,154,108000.0,P,0.6415,0.667,0.6602,65233.06,64091.47,0.4232,-0.95537,1e-05,39.84146,0.0,0.0
2026-07-24T17:40:32Z,2026-12-25,154,110000.0,C,0.0038,0.0042,0.0041,65232.88,64091.47,0.4266,0.04008,0.0,36.52336,2641.4,11.6
2026-07-24T17:40:32Z,2026-12-25,154,110000.0,P,0.683,0.698,0.6903,65233.06,64091.47,0.4266,-0.95992,0.0,36.5241,54.1,0.0
2026-07-24T17:40:32Z,2026-12-25,154,115000.0,C,0.0028,0.0034,0.0032,65232.88,64091.47,0.43670000000000003,0.03146,0.0,29.95219,2340.2,3.8
2026-07-24T17:40:32Z,2026-12-25,154,115000.0,P,0.7455,0.7745,0.7661,65232.88,64091.47,0.43670000000000003,-0.96854,0.0,29.95219,0.6,0.0
2026-07-24T17:40:32Z,2026-12-25,154,120000.0,C,0.0022,0.0027,0.0025,65232.88,64091.47,0.44659999999999994,0.02506,0.0,24.77928,6031.4,6.5
2026-07-24T17:40:32Z,2026-12-25,154,120000.0,P,0.834,0.851,0.8421,65232.88,64091.47,0.44659999999999994,-0.97494,0.0,24.77928,35.5,0.0
2026-07-24T17:40:32Z,2026-12-25,154,125000.0,C,0.0017,0.0023,0.002,65232.88,64091.47,0.45649999999999996,0.02027,0.0,20.72347,596.0,0.0
2026-07-24T17:40:32Z,2026-12-25,154,125000.0,P,0.8935,0.9275,0.9182,65232.88,64091.47,0.45649999999999996,-0.97973,0.0,20.72347,8.4,0.0
2026-07-24T17:40:32Z,2026-12-25,154,130000.0,C,0.0014,0.0019,0.0016,65232.88,64091.47,0.4664,0.01666,0.0,17.53804,1566.3,27.2
2026-07-24T17:40:32Z,2026-12-25,154,130000.0,P,0.9865,1.008,0.9945,65232.88,64091.47,0.4664,-0.98334,0.0,17.53804,52.1,0.0
2026-07-24T17:40:32Z,2026-12-25,154,135000.0,C,0.0013,0.0016,0.0015,65232.88,64091.47,0.4796,0.01455,0.0,15.6088,1074.3,8.8
2026-07-24T17:40:32Z,2026-12-25,154,135000.0,P,1.0,1.1525,1.071,65232.88,64091.47,0.4796,-0.98545,0.0,15.6088,0.6,0.0
2026-07-24T17:40:32Z,2026-12-25,154,140000.0,C,0.0009,0.0014,0.0011,65233.06,64091.47,0.48469999999999996,0.01155,0.0,12.788,1473.8,0.4
2026-07-24T17:40:32Z,2026-12-25,154,140000.0,P,1.074,1.231,1.1473,65232.88,64091.47,0.48469999999999996,-0.98845,0.0,12.78771,0.2,0.0
2026-07-24T17:40:32Z,2026-12-25,154,150000.0,C,0.0006,0.001,0.0008,65232.88,64091.47,0.49979999999999997,0.00806,0.0,9.33241,1635.0,4.0
2026-07-24T17:40:32Z,2026-12-25,154,150000.0,P,1.2225,1.388,1.3002,65232.95,64091.47,0.49979999999999997,-0.99194,0.0,9.33241,2.0,0.0
2026-07-24T17:40:32Z,2026-12-25,154,160000.0,C,0.0005,0.0008,0.0006,65233.15,64091.47,0.5207,0.00643,0.0,7.6526,1226.9,6.2
2026-07-24T17:40:32Z,2026-12-25,154,160000.0,P,1.371,1.547,1.4534,65233.15,64091.47,0.5207,-0.99357,0.0,7.6526,0.0,0.0
2026-07-24T17:40:32Z,2026-12-25,154,170000.0,C,0.0004,0.0007,0.0005,65232.95,64091.47,0.5409,0.00532,0.0,6.46221,2384.1,16.0
2026-07-24T17:40:32Z,2026-12-25,154,170000.0,P,1.5185,1.705,1.6066,65233.15,64091.47,0.5409,-0.99468,0.0,6.46237,0.0,0.0
2026-07-24T17:40:32Z,2026-12-25,154,180000.0,C,0.0002,0.0006,0.0004,65233.15,64091.47,0.547,0.00365,0.0,4.61804,923.7,0.0
2026-07-24T17:40:32Z,2026-12-25,154,180000.0,P,1.6665,1.863,1.7597,65232.95,64091.47,0.547,-0.99635,0.0,4.61792,0.0,0.0
2026-07-24T17:40:32Z,2026-12-25,154,190000.0,C,0.0002,0.0004,0.0002,65233.15,64091.47,0.5476,0.00232,0.0,3.06377,990.5,0.0
2026-07-24T17:40:32Z,2026-12-25,154,190000.0,P,1.8145,2.0205,1.9129,65233.15,64091.47,0.5476,-0.99768,0.0,3.06377,0.0,0.0
2026-07-24T17:40:32Z,2026-12-25,154,200000.0,C,0.0001,0.0004,0.0002,65232.95,64091.47,0.5684,0.00216,0.0,2.87239,951.0,0.0
2026-07-24T17:40:32Z,2026-12-25,154,200000.0,P,1.963,2.1795,2.0661,65232.95,64091.47,0.5684,-0.99784,0.0,2.87239,0.0,0.0
2026-07-24T17:40:32Z,2026-12-25,154,210000.0,C,0.0001,0.0003,0.0002,65233.15,64091.47,0.5893999999999999,0.00208,0.0,2.77514,150.4,0.0
2026-07-24T17:40:32Z,2026-12-25,154,210000.0,P,2.111,2.339,2.2194,65232.95,64091.47,0.5893999999999999,-0.99792,0.0,2.77507,0.0,0.0
2026-07-24T17:40:32Z,2026-12-25,154,220000.0,C,0.0001,0.0003,0.0002,65232.95,64091.47,0.602,0.00176,0.0,2.39112,253.8,0.0
2026-07-24T17:40:32Z,2026-12-25,154,220000.0,P,2.259,2.4975,2.3727,65233.15,64091.47,0.602,-0.99824,0.0,2.39118,0.0,0.0
2026-07-24T17:40:32Z,2026-12-25,154,230000.0,C,0.0001,0.0003,0.0002,65233.15,64091.47,0.6211,0.00172,0.0,2.33391,195.9,10.0
2026-07-24T17:40:32Z,2026-12-25,154,230000.0,P,2.4075,2.6565,2.526,65233.15,64091.47,0.6211,-0.99828,0.0,2.33391,0.0,0.0
2026-07-24T17:40:32Z,2026-12-25,154,240000.0,C,0.0,0.0002,0.0001,65233.15,64091.47,0.623,0.00126,0.0,1.75978,874.4,0.7
2026-07-24T17:40:32Z,2026-12-25,154,240000.0,P,2.5555,2.815,2.6792,65233.15,64091.47,0.623,-0.99874,0.0,1.75978,0.0,0.0
2026-07-24T17:40:32Z,2026-12-25,154,250000.0,C,0.0,0.0002,0.0001,65233.15,64091.47,0.6275,0.00098,0.0,1.39581,1256.0,42.0
2026-07-24T17:40:32Z,2026-12-25,154,250000.0,P,2.7035,2.9735,2.8325,65233.15,64091.47,0.6275,-0.99902,0.0,1.39581,10.0,0.0
2026-07-24T17:40:32Z,2027-03-26,245,35000.0,C,0.4825,0.4855,0.4836,65873.36,64091.47,0.5856,0.94049,0.0,63.8277,4.0,0.2
2026-07-24T17:40:32Z,2027-03-26,245,35000.0,P,0.015,0.0155,0.015,65873.54,64091.47,0.5856,-0.05951,0.0,63.82745,544.2,2.2
2026-07-24T17:40:32Z,2027-03-26,245,40000.0,C,0.4135,0.416,0.4147,65873.54,64091.47,0.5397,0.9115,1e-05,86.48,79.8,15.3
2026-07-24T17:40:32Z,2027-03-26,245,40000.0,P,0.0215,0.0225,0.0219,65873.54,64091.47,0.5397,-0.0885,1e-05,86.48018,1147.7,8.9
2026-07-24T17:40:32Z,2027-03-26,245,45000.0,C,0.347,0.351,0.3486,65873.54,64091.47,0.5001,0.87192,1e-05,112.90707,3.2,0.0
2026-07-24T17:40:32Z,2027-03-26,245,45000.0,P,0.031,0.0325,0.0317,65873.54,64091.47,0.5001,-0.12808,1e-05,112.90718,151.1,6.0
2026-07-24T17:40:32Z,2027-03-26,245,50000.0,C,0.2855,0.2895,0.2873,65873.54,64091.47,0.4711,0.818,1e-05,142.48338,20.5,0.0
2026-07-24T17:40:32Z,2027-03-26,245,50000.0,P,0.0455,0.047,0.0463,65873.54,64091.47,0.4711,-0.182,1e-05,142.48329,2023.4,0.0
2026-07-24T17:40:32Z,2027-03-26,245,52000.0,C,0.2625,0.2665,0.2643,65873.54,64091.47,0.46149999999999997,0.79243,1e-05,154.35086,5.1,0.0
2026-07-24T17:40:32Z,2027-03-26,245,52000.0,P,0.053,0.0545,0.0537,65873.01,64091.47,0.46149999999999997,-0.20758,1e-05,154.35231,111.8,0.0
2026-07-24T17:40:32Z,2027-03-26,245,54000.0,C,0.2405,0.2445,0.2425,65873.54,64091.47,0.4531,0.76464,1e-05,165.85178,0.0,0.0
2026-07-24T17:40:32Z,2027-03-26,245,54000.0,P,0.0615,0.063,0.0622,65873.01,64091.47,0.4531,-0.23537,1e-05,165.85304,52.7,0.0
2026-07-24T17:40:32Z,2027-03-26,245,55000.0,C,0.23,0.234,0.2319,65873.01,64091.47,0.4493,0.74997,1e-05,171.37048,28.6,0.0
2026-07-24T17:40:32Z,2027-03-26,245,55000.0,P,0.066,0.0675,0.0669,65873.01,64091.47,0.4493,-0.25003,1e-05,171.37048,1354.1,0.1
2026-07-24T17:40:32Z,2027-03-26,245,56000.0,C,0.22,0.224,0.2216,65873.01,64091.47,0.4454,0.73488,1e-05,176.66604,16.9,0.0
2026-07-24T17:40:32Z,2027-03-26,245,56000.0,P,0.071,0.0725,0.0718,65873.01,64091.47,0.4454,-0.26512,1e-05,176.66604,80.3,0.1
2026-07-24T17:40:32Z,2027-03-26,245,58000.0,C,0.2005,0.204,0.202,65873.01,64091.47,0.4387,0.70333,1e-05,186.54183,5.1,0.0
2026-07-24T17:40:32Z,2027-03-26,245,58000.0,P,0.0815,0.0835,0.0825,65873.01,64091.47,0.4387,-0.29667,1e-05,186.54183,108.1,0.0
2026-07-24T17:40:32Z,2027-03-26,245,60000.0,C,0.1825,0.185,0.1835,65873.01,64091.47,0.43270000000000003,0.6703,2e-05,195.21626,719.3,25.0
2026-07-24T17:40:32Z,2027-03-26,245,60000.0,P,0.0935,0.095,0.0943,65873.01,64091.47,0.43270000000000003,-0.3297,2e-05,195.21626,613.6,0.0
2026-07-24T17:40:32Z,2027-03-26,245,62000.0,C,0.165,0.1675,0.1662,65873.01,64091.47,0.4274,0.63613,2e-05,202.47891,42.2,0.1
2026-07-24T17:40:32Z,2027-03-26,245,62000.0,P,0.1065,0.1085,0.1074,65873.01,64091.47,0.4274,-0.36387,2e-05,202.47891,255.1,0.0
2026-07-24T17:40:32Z,2027-03-26,245,64000.0,C,0.1495,0.1515,0.1501,65873.01,64091.47,0.4228,0.60118,2e-05,208.17086,85.4,50.0
2026-07-24T17:40:32Z,2027-03-26,245,64000.0,P,0.1205,0.1225,0.1217,65873.01,64091.47,0.4228,-0.39882,2e-05,208.17086,144.1,1.0
2026-07-24T17:40:32Z,2027-03-26,245,65000.0,C,0.1415,0.1435,0.1425,65873.01,64091.47,0.4207,0.58353,2e-05,210.39508,211.6,0.0
2026-07-24T17:40:32Z,2027-03-26,245,65000.0,P,0.1285,0.1305,0.1293,65873.01,64091.47,0.4207,-0.41647,2e-05,210.39508,663.0,1.0
2026-07-24T17:40:32Z,2027-03-26,245,66000.0,C,0.1345,0.1365,0.1352,65873.01,64091.47,0.41850000000000004,0.56579,2e-05,212.1957,18.7,0.1
2026-07-24T17:40:32Z,2027-03-26,245,66000.0,P,0.136,0.138,0.1371,65873.01,64091.47,0.41850000000000004,-0.43421,2e-05,212.1957,128.8,4.5
2026-07-24T17:40:32Z,2027-03-26,245,68000.0,C,0.1205,0.122,0.1214,65873.01,64091.47,0.4146,0.53032,2e-05,214.50614,39.6,0.0
2026-07-24T17:40:32Z,2027-03-26,245,68000.0,P,0.1525,0.1545,0.1537,65873.01,64091.47,0.4146,-0.46968,2e-05,214.50614,70.1,0.0
2026-07-24T17:40:32Z,2027-03-26,245,70000.0,C,0.108,0.1095,0.1089,65873.01,64091.47,0.41159999999999997,0.49525,2e-05,215.11245,749.7,3.0
2026-07-24T17:40:32Z,2027-03-26,245,70000.0,P,0.1695,0.1725,0.1715,65873.54,64091.47,0.41159999999999997,-0.50474,2e-05,215.11424,211.8,0.0
2026-07-24T17:40:32Z,2027-03-26,245,72000.0,C,0.0965,0.098,0.0974,65873.01,64091.47,0.40880000000000005,0.4608,2e-05,214.08829,61.1,5.0
2026-07-24T17:40:32Z,2027-03-26,245,72000.0,P,0.1885,0.1915,0.1904,65873.54,64091.47,0.40880000000000005,-0.53919,2e-05,214.09052,139.2,0.6
2026-07-24T17:40:32Z,2027-03-26,245,74000.0,C,0.086,0.0875,0.087,65872.61,64091.47,0.40630000000000005,0.42722,2e-05,211.53651,49.8,0.0
2026-07-24T17:40:32Z,2027-03-26,245,74000.0,P,0.208,0.212,0.2103,65872.61,64091.47,0.40630000000000005,-0.57278,2e-05,211.53651,55.0,0.0
2026-07-24T17:40:32Z,2027-03-26,245,76000.0,C,0.077,0.078,0.0776,65872.61,64091.47,0.4046,0.39503,2e-05,207.63617,277.5,4.0
2026-07-24T17:40:32Z,2027-03-26,245,76000.0,P,0.2285,0.233,0.2314,65872.61,64091.47,0.4046,-0.60497,2e-05,207.63617,19.2,0.0
2026-07-24T17:40:32Z,2027-03-26,245,78000.0,C,0.0685,0.0695,0.0691,65872.61,64091.47,0.4028,0.36405,2e-05,202.51004,375.4,5.0
2026-07-24T17:40:32Z,2027-03-26,245,78000.0,P,0.2505,0.255,0.2532,65872.61,64091.47,0.4028,-0.63595,2e-05,202.51004,182.7,0.3
2026-07-24T17:40:32Z,2027-03-26,245,80000.0,C,0.061,0.062,0.0616,65872.61,64091.47,0.4018,0.33498,2e-05,196.4493,913.1,0.1
2026-07-24T17:40:32Z,2027-03-26,245,80000.0,P,0.273,0.278,0.2761,65872.61,64091.47,0.4018,-0.66502,2e-05,196.4493,139.6,0.2
2026-07-24T17:40:32Z,2027-03-26,245,82000.0,C,0.0545,0.0555,0.055,65872.61,64091.47,0.40130000000000005,0.30768,2e-05,189.6158,658.6,8.2
2026-07-24T17:40:32Z,2027-03-26,245,82000.0,P,0.2965,0.302,0.2998,65872.61,64091.47,0.40130000000000005,-0.69232,2e-05,189.6158,3.8,0.0
2026-07-24T17:40:32Z,2027-03-26,245,84000.0,C,0.0485,0.0495,0.0491,65872.61,64091.47,0.401,0.28219,2e-05,182.20567,217.7,0.0
2026-07-24T17:40:32Z,2027-03-26,245,84000.0,P,0.3205,0.327,0.3242,65873.0,64091.47,0.401,-0.7178,2e-05,182.20864,55.1,0.0
2026-07-24T17:40:32Z,2027-03-26,245,85000.0,C,0.0455,0.0465,0.0461,65872.61,64091.47,0.4003,0.26956,2e-05,178.15249,45.1,0.0
2026-07-24T17:40:32Z,2027-03-26,245,85000.0,P,0.3335,0.3395,0.3365,65872.61,64091.47,0.4003,-0.73044,2e-05,178.15249,0.8,0.0
2026-07-24T17:40:32Z,2027-03-26,245,86000.0,C,0.043,0.044,0.0436,65872.61,64091.47,0.4004,0.25796,1e-05,174.20127,110.7,0.0
2026-07-24T17:40:32Z,2027-03-26,245,86000.0,P,0.346,0.3525,0.3491,65872.61,64091.47,0.4004,-0.74204,1e-05,174.20127,1.7,0.0
2026-07-24T17:40:32Z,2027-03-26,245,88000.0,C,0.038,0.0395,0.0389,65873.0,64091.47,0.4006,0.23604,1e-05,166.11506,58.4,0.0
2026-07-24T17:40:32Z,2027-03-26,245,88000.0,P,0.3715,0.378,0.3748,65873.0,64091.47,0.4006,-0.76396,1e-05,166.11506,4.4,0.0
2026-07-24T17:40:32Z,2027-03-26,245,90000.0,C,0.034,0.0355,0.0348,65872.61,64091.47,0.401,0.21575,1e-05,157.87922,506.6,0.0
2026-07-24T17:40:32Z,2027-03-26,245,90000.0,P,0.3975,0.405,0.401,65873.0,64091.47,0.401,-0.78425,1e-05,157.88239,14.0,0.0
2026-07-24T17:40:32Z,2027-03-26,245,92000.0,C,0.0305,0.0315,0.031,65871.83,64091.47,0.40130000000000005,0.19691,1e-05,149.55358,117.2,5.0
2026-07-24T17:40:32Z,2027-03-26,245,92000.0,P,0.424,0.4315,0.4277,65871.83,64091.47,0.40130000000000005,-0.80309,1e-05,149.55358,0.2,0.0
2026-07-24T17:40:32Z,2027-03-26,245,94000.0,C,0.027,0.0285,0.0278,65871.83,64091.47,0.4019,0.17975,1e-05,141.37239,123.5,0.0
2026-07-24T17:40:32Z,2027-03-26,245,94000.0,P,0.451,0.4585,0.4547,65871.83,64091.47,0.4019,-0.82025,1e-05,141.37239,9.0,0.0
2026-07-24T17:40:32Z,2027-03-26,245,95000.0,C,0.0255,0.027,0.0263,65872.61,64091.47,0.4022,0.17168,1e-05,137.31846,176.4,10.2
2026-07-24T17:40:32Z,2027-03-26,245,95000.0,P,0.464,0.473,0.4684,65872.61,64091.47,0.4022,-0.82832,1e-05,137.31846,0.6,0.0
2026-07-24T17:40:32Z,2027-03-26,245,96000.0,C,0.0245,0.0255,0.0249,65871.83,64091.47,0.4031,0.16443,1e-05,133.55613,126.4,8.0
2026-07-24T17:40:32Z,2027-03-26,245,96000.0,P,0.478,0.487,0.4823,65871.83,64091.47,0.4031,-0.83557,1e-05,133.55613,1.5,0.0
2026-07-24T17:40:32Z,2027-03-26,245,98000.0,C,0.0215,0.023,0.0223,65871.83,64091.47,0.4036,0.14986,1e-05,125.64947,95.3,0.0
2026-07-24T17:40:32Z,2027-03-26,245,98000.0,P,0.5055,0.5145,0.51,65871.83,64091.47,0.4036,-0.85014,1e-05,125.64947,0.2,0.0
2026-07-24T17:40:32Z,2027-03-26,245,100000.0,C,0.0195,0.0205,0.0201,65871.83,64091.47,0.40490000000000004,0.137,1e-05,118.26407,556.4,2.0
2026-07-24T17:40:32Z,2027-03-26,245,100000.0,P,0.5335,0.543,0.5381,65872.61,64091.47,0.40490000000000004,-0.86299,1e-05,118.27009,12.1,0.0
2026-07-24T17:40:32Z,2027-03-26,245,102000.0,C,0.0175,0.0185,0.0181,65871.83,64091.47,0.4061,0.12524,1e-05,111.1531,105.8,0.0
2026-07-24T17:40:32Z,2027-03-26,245,102000.0,P,0.562,0.571,0.5665,65871.83,64091.47,0.4061,-0.87476,1e-05,111.1531,0.0,0.0
2026-07-24T17:40:32Z,2027-03-26,245,104000.0,C,0.0155,0.017,0.0162,65871.83,64091.47,0.40659999999999996,0.11401,1e-05,104.02761,97.2,0.0
2026-07-24T17:40:32Z,2027-03-26,245,104000.0,P,0.59,0.6005,0.5949,65871.83,64091.47,0.40659999999999996,-0.88599,1e-05,104.02761,0.0,0.0
2026-07-24T17:40:32Z,2027-03-26,245,105000.0,C,0.015,0.016,0.0155,65871.83,64091.47,0.40840000000000004,0.10984,1e-05,101.29072,183.2,25.0
2026-07-24T17:40:32Z,2027-03-26,245,105000.0,P,0.604,0.6145,0.6095,65871.83,64091.47,0.40840000000000004,-0.89016,1e-05,101.29072,0.0,0.0
2026-07-24T17:40:32Z,2027-03-26,245,106000.0,C,0.014,0.015,0.0147,65871.83,64091.47,0.40850000000000003,0.10468,1e-05,97.83756,46.6,0.0
2026-07-24T17:40:32Z,2027-03-26,245,106000.0,P,0.619,0.6295,0.6238,65871.83,64091.47,0.40850000000000003,-0.89532,1e-05,97.83756,0.0,0.0
2026-07-24T17:40:32Z,2027-03-26,245,108000.0,C,0.0125,0.014,0.0132,65872.61,64091.47,0.4096,0.09561,1e-05,91.57419,57.0,0.0
2026-07-24T17:40:32Z,2027-03-26,245,108000.0,P,0.6475,0.658,0.6527,65871.83,64091.47,0.4096,-0.90439,1e-05,91.56888,0.0,0.0
2026-07-24T17:40:32Z,2027-03-26,245,110000.0,C,0.0115,0.0125,0.012,65871.83,64091.47,0.4117,0.08806,1e-05,86.16134,522.6,0.0
2026-07-24T17:40:32Z,2027-03-26,245,110000.0,P,0.6775,0.6875,0.6819,65871.83,64091.47,0.4117,-0.91194,1e-05,86.16134,1.7,0.0
2026-07-24T17:40:32Z,2027-03-26,245,112000.0,C,0.0105,0.0115,0.011,65871.83,64091.47,0.4142,0.08139,1e-05,81.21438,63.2,10.2
2026-07-24T17:40:32Z,2027-03-26,245,112000.0,P,0.7055,0.7165,0.7113,65871.77,64091.47,0.4142,-0.91861,1e-05,81.21372,0.0,0.0
2026-07-24T17:40:32Z,2027-03-26,245,115000.0,C,0.009,0.01,0.0095,65871.77,64091.47,0.4163,0.07149,1e-05,73.58168,764.1,0.0
2026-07-24T17:40:32Z,2027-03-26,245,115000.0,P,0.75,0.761,0.7553,65871.77,64091.47,0.4163,-0.92851,1e-05,73.58168,0.9,0.0
2026-07-24T17:40:32Z,2027-03-26,245,120000.0,C,0.007,0.008,0.0075,65871.77,64091.47,0.4199,0.05786,1e-05,62.43393,327.1,0.0
2026-07-24T17:40:32Z,2027-03-26,245,120000.0,P,0.803,0.836,0.8292,65871.83,64091.47,0.4199,-0.94214,1e-05,62.43425,1.0,0.0
2026-07-24T17:40:32Z,2027-03-26,245,125000.0,C,0.0055,0.007,0.0061,65871.77,64091.47,0.4255,0.04795,0.0,53.78072,120.7,0.0
2026-07-24T17:40:32Z,2027-03-26,245,125000.0,P,0.875,0.9105,0.9037,65871.77,64091.47,0.4255,-0.95205,0.0,53.78072,0.0,0.0
2026-07-24T17:40:32Z,2027-03-26,245,130000.0,C,0.0049,0.0055,0.0052,65871.77,64091.47,0.433,0.04086,0.0,47.27432,1057.0,0.1
2026-07-24T17:40:32Z,2027-03-26,245,130000.0,P,0.949,1.062,0.9787,65871.77,64091.47,0.433,-0.95914,0.0,47.27432,0.2,0.0
2026-07-24T17:40:32Z,2027-03-26,245,140000.0,C,0.0034,0.004,0.0037,65871.77,64091.47,0.445,0.02954,0.0,36.2228,756.3,0.1
2026-07-24T17:40:32Z,2027-03-26,245,140000.0,P,1.055,1.216,1.129,65871.77,64091.47,0.445,-0.97046,0.0,36.2228,0.0,0.0
2026-07-24T17:40:32Z,2027-03-26,245,150000.0,C,0.0026,0.003,0.0027,65871.77,64091.47,0.4576,0.02224,0.0,28.56009,1897.4,0.2
2026-07-24T17:40:32Z,2027-03-26,245,150000.0,P,1.201,1.371,1.2799,65871.83,64091.47,0.4576,-0.97776,0.0,28.56026,0.5,0.0
2026-07-24T17:40:32Z,2027-03-26,245,160000.0,C,0.0019,0.0023,0.002,65871.77,64091.47,0.4679,0.01678,0.0,22.47846,854.7,0.2
2026-07-24T17:40:32Z,2027-03-26,245,160000.0,P,1.3475,1.527,1.431,65871.83,64091.47,0.4679,-0.98322,0.0,22.4786,0.0,0.0
2026-07-24T17:40:32Z,2027-03-26,245,170000.0,C,0.0014,0.0018,0.0016,65871.77,64091.47,0.478,0.01296,0.0,18.0031,248.4,0.3
2026-07-24T17:40:32Z,2027-03-26,245,170000.0,P,1.494,1.6825,1.5823,65871.77,64091.47,0.478,-0.98704,0.0,18.0031,0.1,0.0
2026-07-24T17:40:32Z,2027-03-26,245,180000.0,C,0.0011,0.0014,0.0012,65871.77,64091.47,0.4861,0.00998,0.0,14.34197,643.8,2.0
2026-07-24T17:40:32Z,2027-03-26,245,180000.0,P,1.641,1.839,1.7337,65871.77,64091.47,0.4861,-0.99002,0.0,14.34197,0.0,0.0
2026-07-24T17:40:32Z,2027-03-26,245,190000.0,C,0.0009,0.0012,0.0011,65871.54,64091.47,0.5008,0.00868,0.0,12.69529,882.7,0.0
2026-07-24T17:40:32Z,2027-03-26,245,190000.0,P,1.7875,1.9955,1.8854,65871.24,64091.47,0.5008,-0.99132,0.0,12.69524,0.9,0.0
2026-07-24T17:40:32Z,2027-03-26,245,200000.0,C,0.0007,0.001,0.0008,65871.24,64091.47,0.509,0.007,0.0,10.50913,503.7,0.1
2026-07-24T17:40:32Z,2027-03-26,245,200000.0,P,1.9345,2.152,2.037,65871.24,64091.47,0.509,-0.993,0.0,10.50918,1.0,0.0
2026-07-24T17:40:32Z,2027-06-25,336,30000.0,C,0.5635,0.5675,0.5649,66611.59,64091.47,0.611,0.95098,0.0,64.84314,13.0,2.0
2026-07-24T17:40:32Z,2027-06-25,336,30000.0,P,0.0145,0.016,0.0152,66610.99,64091.47,0.611,-0.04902,0.0,64.84429,251.7,0.2
2026-07-24T17:40:32Z,2027-06-25,336,40000.0,C,0.429,0.433,0.431,66610.99,64091.47,0.5273,0.89642,1e-05,115.00003,0.1,0.0
2026-07-24T17:40:32Z,2027-06-25,336,40000.0,P,0.0305,0.0325,0.0315,66610.99,64091.47,0.5273,-0.10358,1e-05,115.0001,476.0,2.4
2026-07-24T17:40:32Z,2027-06-25,336,45000.0,C,0.367,0.371,0.3689,66611.59,64091.47,0.4971,0.8557,1e-05,145.1063,0.4,0.0
2026-07-24T17:40:32Z,2027-06-25,336,45000.0,P,0.0435,0.0455,0.0445,66610.99,64091.47,0.4971,-0.14431,1e-05,145.10795,227.5,10.3
2026-07-24T17:40:32Z,2027-06-25,336,50000.0,C,0.3095,0.3135,0.3114,66611.59,64091.47,0.4733,0.80482,1e-05,176.19793,16.9,0.0
2026-07-24T17:40:32Z,2027-06-25,336,50000.0,P,0.061,0.063,0.0621,66610.99,64091.47,0.4733,-0.19518,1e-05,176.19934,33.0,0.4
2026-07-24T17:40:32Z,2027-06-25,336,52000.0,C,0.288,0.2925,0.29,66610.99,64091.47,0.46549999999999997,0.78171,1e-05,188.27507,0.6,0.0
2026-07-24T17:40:32Z,2027-06-25,336,52000.0,P,0.0695,0.0715,0.0706,66610.99,64091.47,0.46549999999999997,-0.21829,1e-05,188.27507,18.0,0.4
2026-07-24T17:40:32Z,2027-06-25,336,54000.0,C,0.2675,0.2715,0.2695,66611.59,64091.47,0.4586,0.75716,1e-05,199.83355,0.3,0.0
2026-07-24T17:40:32Z,2027-06-25,336,54000.0,P,0.079,0.081,0.0801,66610.99,64091.47,0.4586,-0.24284,1e-05,199.8346,17.0,1.0
2026-07-24T17:40:32Z,2027-06-25,336,55000.0,C,0.258,0.2615,0.2597,66611.59,64091.47,0.4559,0.74433,1e-05,205.38077,0.2,0.0
2026-07-24T17:40:32Z,2027-06-25,336,55000.0,P,0.0845,0.086,0.0854,66610.99,64091.47,0.4559,-0.25567,1e-05,205.38164,6.3,0.8
2026-07-24T17:40:32Z,2027-06-25,336,56000.0,C,0.2485,0.252,0.25,66610.99,64091.47,0.4526,0.73133,1e-05,210.66835,2.7,0.0
2026-07-24T17:40:32Z,2027-06-25,336,56000.0,P,0.0895,0.0915,0.0907,66611.22,64091.47,0.4526,-0.26867,1e-05,210.66798,40.7,0.0
2026-07-24T17:40:32Z,2027-06-25,336,58000.0,C,0.23,0.2335,0.2315,66610.99,64091.47,0.4472,0.70445,1e-05,220.56959,4.7,0.0
2026-07-24T17:40:32Z,2027-06-25,336,58000.0,P,0.101,0.103,0.1022,66610.99,64091.47,0.4472,-0.29555,1e-05,220.56959,13.0,0.4
2026-07-24T17:40:32Z,2027-06-25,336,60000.0,C,0.2125,0.216,0.2139,66610.99,64091.47,0.4422,0.67671,1e-05,229.38479,943.0,0.0
2026-07-24T17:40:32Z,2027-06-25,336,60000.0,P,0.1135,0.1155,0.1147,66611.22,64091.47,0.4422,-0.32329,1e-05,229.38473,320.6,0.2
2026-07-24T17:40:32Z,2027-06-25,336,62000.0,C,0.196,0.199,0.1974,66610.99,64091.47,0.4379,0.64832,1e-05,236.99142,94.1,0.2
2026-07-24T17:40:32Z,2027-06-25,336,62000.0,P,0.127,0.129,0.1282,66611.22,64091.47,0.4379,-0.35168,1e-05,236.99149,15.3,4.0
2026-07-24T17:40:32Z,2027-06-25,336,64000.0,C,0.1805,0.183,0.1816,66611.22,64091.47,0.43320000000000003,0.61942,1e-05,243.30787,16.4,2.2
2026-07-24T17:40:32Z,2027-06-25,336,64000.0,P,0.1415,0.144,0.1424,66611.22,64091.47,0.43320000000000003,-0.38058,1e-05,243.30787,13.9,1.0
2026-07-24T17:40:32Z,2027-06-25,336,66000.0,C,0.166,0.1685,0.1671,66611.22,64091.47,0.42969999999999997,0.59033,1e-05,248.25143,22.9,0.1
2026-07-24T17:40:32Z,2027-06-25,336,66000.0,P,0.157,0.1595,0.1579,66611.22,64091.47,0.42969999999999997,-0.40967,1e-05,248.25143,32.1,0.1
2026-07-24T17:40:32Z,2027-06-25,336,68000.0,C,0.1525,0.1545,0.1534,66611.22,64091.47,0.42619999999999997,0.56113,1e-05,251.8142,7.9,0.3
2026-07-24T17:40:32Z,2027-06-25,336,68000.0,P,0.1735,0.176,0.1742,66611.22,64091.47,0.42619999999999997,-0.43887,1e-05,251.8142,7.7,0.0
2026-07-24T17:40:32Z,2027-06-25,336,70000.0,C,0.1395,0.142,0.1407,66610.99,64091.47,0.42340000000000005,0.53219,1e-05,253.98099,184.8,1.0
2026-07-24T17:40:32Z,2027-06-25,336,70000.0,P,0.1905,0.1935,0.1916,66611.22,64091.47,0.42340000000000005,-0.4678,1e-05,253.98169,9.1,0.0
2026-07-24T17:40:32Z,2027-06-25,336,72000.0,C,0.128,0.13,0.129,66610.99,64091.47,0.42090000000000005,0.5036,1e-05,254.80068,13.8,0.0
2026-07-24T17:40:32Z,2027-06-25,336,72000.0,P,0.208,0.212,0.2099,66611.22,64091.47,0.42090000000000005,-0.4964,1e-05,254.80154,1.3,0.1
2026-07-24T17:40:32Z,2027-06-25,336,74000.0,C,0.117,0.119,0.1181,66611.22,64091.47,0.4188,0.4756,1e-05,254.335,12.9,0.0
2026-07-24T17:40:32Z,2027-06-25,336,74000.0,P,0.227,0.2305,0.229,66611.22,64091.47,0.4188,-0.5244,1e-05,254.335,0.1,0.0
2026-07-24T17:40:32Z,2027-06-25,336,76000.0,C,0.107,0.109,0.1082,66610.99,64091.47,0.41700000000000004,0.44833,1e-05,252.67109,13.2,0.2
2026-07-24T17:40:32Z,2027-06-25,336,76000.0,P,0.247,0.2515,0.2491,66610.99,64091.47,0.41700000000000004,-0.55167,1e-05,252.67109,0.1,0.0
2026-07-24T17:40:32Z,2027-06-25,336,78000.0,C,0.098,0.1,0.099,66611.22,64091.47,0.4155,0.42196,1e-05,249.9204,8.9,0.1
2026-07-24T17:40:32Z,2027-06-25,336,78000.0,P,0.2675,0.2725,0.27,66610.99,64091.47,0.4155,-0.57805,1e-05,249.91911,0.3,0.0
2026-07-24T17:40:32Z,2027-06-25,336,80000.0,C,0.0895,0.0915,0.0905,66611.22,64091.47,0.41409999999999997,0.39639,1e-05,246.1692,60.8,0.6
2026-07-24T17:40:32Z,2027-06-25,336,80000.0,P,0.289,0.294,0.2915,66611.22,64091.47,0.41409999999999997,-0.60361,1e-05,246.1692,0.4,0.0
2026-07-24T17:40:32Z,2027-06-25,336,82000.0,C,0.0815,0.0835,0.0826,66611.22,64091.47,0.41259999999999997,0.37165,1e-05,241.50887,23.3,1.0
2026-07-24T17:40:32Z,2027-06-25,336,82000.0,P,0.311,0.3165,0.3136,66610.99,64091.47,0.41259999999999997,-0.62835,1e-05,241.50735,0.1,0.0
2026-07-24T17:40:32Z,2027-06-25,336,84000.0,C,0.0745,0.0765,0.0755,66611.22,64091.47,0.4118,0.34826,1e-05,236.14879,2.1,0.0
2026-07-24T17:40:32Z,2027-06-25,336,84000.0,P,0.3335,0.3395,0.3366,66610.99,64091.47,0.4118,-0.65175,1e-05,236.14717,0.0,0.0
2026-07-24T17:40:32Z,2027-06-25,336,85000.0,C,0.0715,0.073,0.0722,66611.22,64091.47,0.4114,0.33697,1e-05,233.22789,7.4,0.0
2026-07-24T17:40:32Z,2027-06-25,336,85000.0,P,0.345,0.351,0.3483,66611.22,64091.47,0.4114,-0.66303,1e-05,233.22789,4.5,0.0
2026-07-24T17:40:32Z,2027-06-25,336,86000.0,C,0.068,0.07,0.069,66610.99,64091.47,0.41090000000000004,0.32588,1e-05,230.13668,1.6,0.0
2026-07-24T17:40:32Z,2027-06-25,336,86000.0,P,0.357,0.3635,0.3601,66611.22,64091.47,0.41090000000000004,-0.67412,1e-05,230.13838,0.0,0.0
2026-07-24T17:40:32Z,2027-06-25,336,88000.0,C,0.062,0.064,0.063,66610.99,64091.47,0.4102,0.30459,1e-05,223.59562,2.8,0.5
2026-07-24T17:40:32Z,2027-06-25,336,88000.0,P,0.381,0.3875,0.3841,66610.99,64091.47,0.4102,-0.69541,1e-05,223.59562,0.0,0.0
2026-07-24T17:40:32Z,2027-06-25,336,90000.0,C,0.057,0.0585,0.0577,66611.22,64091.47,0.40990000000000004,0.28462,1e-05,216.70599,75.0,0.3
2026-07-24T17:40:32Z,2027-06-25,336,90000.0,P,0.4055,0.412,0.4088,66611.22,64091.47,0.40990000000000004,-0.71538,1e-05,216.70599,0.3,0.1
2026-07-24T17:40:32Z,2027-06-25,336,92000.0,C,0.052,0.0535,0.0527,66610.99,64091.47,0.40950000000000003,0.26565,1e-05,209.46722,1.0,0.0
2026-07-24T17:40:32Z,2027-06-25,336,92000.0,P,0.43,0.4385,0.4339,66611.22,64091.47,0.40950000000000003,-0.73435,1e-05,209.4691,0.0,0.0
2026-07-24T17:40:32Z,2027-06-25,336,95000.0,C,0.045,0.0465,0.0459,66610.99,64091.47,0.4086,0.23883,1e-05,198.02969,10.6,1.7
2026-07-24T17:40:32Z,2027-06-25,336,95000.0,P,0.4685,0.477,0.4721,66610.99,64091.47,0.4086,-0.76117,1e-05,198.02969,20.0,0.0
2026-07-24T17:40:32Z,2027-06-25,336,100000.0,C,0.036,0.0375,0.0369,66610.99,64091.47,0.40880000000000005,0.20035,1e-05,179.00412,59.1,6.3
2026-07-24T17:40:32Z,2027-06-25,336,100000.0,P,0.5345,0.5425,0.5381,66610.99,64091.47,0.40880000000000005,-0.79965,1e-05,179.00412,0.0,0.0
2026-07-24T17:40:32Z,2027-06-25,336,105000.0,C,0.029,0.0305,0.0298,66611.22,64091.47,0.40979999999999994,0.16812,1e-05,160.4779,47.1,33.3
2026-07-24T17:40:32Z,2027-06-25,336,105000.0,P,0.602,0.611,0.6061,66611.22,64091.47,0.40979999999999994,-0.83188,1e-05,160.4779,0.0,0.0
2026-07-24T17:40:32Z,2027-06-25,336,110000.0,C,0.023,0.0245,0.0239,66611.06,64091.47,0.41009999999999996,0.14027,1e-05,142.35023,62.6,0.0
2026-07-24T17:40:32Z,2027-06-25,336,110000.0,P,0.671,0.681,0.6753,66611.22,64091.47,0.41009999999999996,-0.85973,1e-05,142.35251,0.2,0.0
2026-07-24T17:40:32Z,2027-06-25,336,120000.0,C,0.0155,0.017,0.0163,66610.99,64091.47,0.4154,0.10055,1e-05,112.54233,47.9,0.1
2026-07-24T17:40:32Z,2027-06-25,336,120000.0,P,0.812,0.824,0.8177,66610.99,64091.47,0.4154,-0.89945,1e-05,112.54233,0.0,0.0
2026-07-24T17:40:32Z,2027-06-25,336,130000.0,C,0.0105,0.012,0.0113,66610.99,64091.47,0.4207,0.07274,1e-05,88.32638,66.9,1.5
2026-07-24T17:40:32Z,2027-06-25,336,130000.0,P,0.9565,0.97,0.9629,66610.99,64091.47,0.4207,-0.92726,1e-05,88.32638,0.0,0.0
2026-07-24T17:40:32Z,2027-06-25,336,140000.0,C,0.0075,0.009,0.0082,66610.98,64091.47,0.4289,0.05473,0.0,70.77742,106.5,0.1
2026-07-24T17:40:32Z,2027-06-25,336,140000.0,P,1.0335,1.2015,1.11,66611.22,64091.47,0.4289,-0.94527,0.0,70.77909,0.0,0.0
2026-07-24T17:40:32Z,2027-06-25,336,150000.0,C,0.0055,0.0065,0.006,66611.22,64091.47,0.4347,0.04099,0.0,56.14938,85.5,0.1
2026-07-24T17:40:32Z,2027-06-25,336,150000.0,P,1.1775,1.3535,1.2579,66610.99,64091.47,0.4347,-0.95901,0.0,56.14838,0.0,0.0
2026-07-24T17:40:32Z,2027-06-25,336,160000.0,C,0.0042,0.005,0.0046,66611.22,64091.47,0.44229999999999997,0.03185,0.0,45.66328,492.7,0.0
2026-07-24T17:40:32Z,2027-06-25,336,160000.0,P,1.322,1.506,1.4066,66611.22,64091.47,0.44229999999999997,-0.96815,0.0,45.66328,0.0,0.0
2026-07-24T17:40:32Z,2027-06-25,336,170000.0,C,0.0032,0.0039,0.0035,66611.22,64091.47,0.4493,0.02503,0.0,37.37088,7.7,7.0
2026-07-24T17:40:32Z,2027-06-25,336,170000.0,P,1.4665,1.6585,1.5557,66611.22,64091.47,0.4493,-0.97497,0.0,37.37088,0.0,0.0
