snapshot_ts,expiry,days_to_expiry,strike,option_type,bid,ask,mark_price,forward_price,index_price,implied_vol,delta,gamma,vega,open_interest,volume_24h
2026-09-02T19:17:54Z,2026-09-03,1,69000.0,C,0.1055,0.1095,0.1072,77282.53,77295.77,0.8096,0.99989,0.0,0.01283,0.0,0.0
2026-09-02T19:17:54Z,2026-09-03,1,69000.0,P,0.0,0.0001,0.0,77282.53,77295.77,0.8096,-0.00011,0.0,0.01283,22.8,0.0
2026-09-02T19:17:54Z,2026-09-03,1,70000.0,C,0.092,0.097,0.0943,77282.53,77295.77,0.8096,0.99937,0.0,0.06449,0.0,0.0
2026-09-02T19:17:54Z,2026-09-03,1,70000.0,P,0.0,0.0001,0.0,77283.22,77295.77,0.8096,-0.00063,0.0,0.06443,19.4,15.4
2026-09-02T19:17:54Z,2026-09-03,1,71000.0,C,0.079,0.084,0.0813,77282.53,77295.77,0.7988,0.99747,0.0,0.23107,0.0,0.0
2026-09-02T19:17:54Z,2026-09-03,1,71000.0,P,0.0,0.0001,0.0,77282.53,77295.77,0.7988,-0.00253,0.0,0.23107,35.0,35.2
2026-09-02T19:17:54Z,2026-09-03,1,72000.0,C,0.066,0.071,0.0684,77283.22,77295.77,0.7286,0.99486,1e-05,0.43594,0.0,0.0
2026-09-02T19:17:54Z,2026-09-03,1,72000.0,P,0.0,0.0001,0.0,77283.22,77295.77,0.7286,-0.00514,1e-05,0.43594,28.0,18.1
2026-09-02T19:17:54Z,2026-09-03,1,73000.0,C,0.053,0.058,0.0555,77283.22,77295.77,0.6313,0.99144,1e-05,0.68432,0.0,0.0
2026-09-02T19:17:54Z,2026-09-03,1,73000.0,P,0.0,0.0002,0.0001,77283.22,77295.77,0.6313,-0.00856,1e-05,0.68432,39.3,24.0
2026-09-02T19:17:54Z,2026-09-03,1,74000.0,C,0.04,0.0455,0.0427,77282.53,77295.77,0.5671,0.97835,3e-05,1.52364,0.0,0.0
2026-09-02T19:17:54Z,2026-09-03,1,74000.0,P,0.0001,0.0002,0.0002,77282.53,77295.77,0.5671,-0.02165,3e-05,1.52364,72.2,43.3
2026-09-02T19:17:54Z,2026-09-03,1,75000.0,C,0.027,0.0325,0.0298,77282.53,77295.77,0.44549999999999995,0.96213,6e-05,2.42529,0.0,0.0
2026-09-02T19:17:54Z,2026-09-03,1,75000.0,P,0.0002,0.0003,0.0003,77282.53,77295.77,0.44549999999999995,-0.03787,6e-05,2.42529,90.0,75.7
2026-09-02T19:17:54Z,2026-09-03,1,75500.0,C,0.0205,0.026,0.0235,77283.22,77295.77,0.3908,0.9425,0.0001,3.39042,0.0,0.0
2026-09-02T19:17:54Z,2026-09-03,1,75500.0,P,0.0003,0.0004,0.0004,77282.12,77295.77,0.3908,-0.05761,0.0001,3.39528,189.2,120.0
2026-09-02T19:17:54Z,2026-09-03,1,76000.0,C,0.0155,0.0195,0.0172,77273.2,77295.77,0.3345,0.90501,0.00017,4.9727,0.0,0.0
2026-09-02T19:17:54Z,2026-09-03,1,76000.0,P,0.0005,0.0007,0.0006,77273.2,77295.77,0.3345,-0.09499,0.00017,4.97255,408.5,199.2
2026-09-02T19:17:54Z,2026-09-03,1,76500.0,C,0.0095,0.013,0.0111,77273.2,77295.77,0.2829,0.82609,0.00031,7.55422,42.4,24.7
2026-09-02T19:17:54Z,2026-09-03,1,76500.0,P,0.0008,0.0011,0.001,77273.2,77295.77,0.2829,-0.1739,0.00031,7.554,72.2,43.7
2026-09-02T19:17:54Z,2026-09-03,1,77000.0,C,0.005,0.0065,0.0059,77273.2,77295.77,0.24789999999999998,0.64801,0.00051,10.92044,35.0,34.1
2026-09-02T19:17:54Z,2026-09-03,1,77000.0,P,0.0019,0.0024,0.0022,77273.2,77295.77,0.24789999999999998,-0.35198,0.00051,10.92038,93.7,53.5
2026-09-02T19:17:54Z,2026-09-03,1,77500.0,C,0.0021,0.0026,0.0024,77273.2,77295.77,0.2416,0.37679,0.00053,11.17349,68.4,36.7
2026-09-02T19:17:54Z,2026-09-03,1,77500.0,P,0.0048,0.006,0.0052,77273.2,77295.77,0.24170000000000003,-0.62321,0.00053,11.17355,204.4,129.8
2026-09-02T19:17:54Z,2026-09-03,1,78000.0,C,0.0007,0.001,0.0009,77273.2,77295.77,0.25120000000000003,0.16504,0.00034,7.30472,67.1,46.8
2026-09-02T19:17:54Z,2026-09-03,1,78000.0,P,0.008,0.0115,0.0101,77282.12,77295.77,0.25120000000000003,-0.83195,0.00034,7.39144,51.3,75.5
2026-09-02T19:17:54Z,2026-09-03,1,78500.0,C,0.0002,0.0004,0.0003,77273.2,77295.77,0.2738,0.06604,0.00016,3.77675,169.0,85.1
2026-09-02T19:17:54Z,2026-09-03,1,78500.0,P,0.0145,0.0175,0.0161,77282.12,77295.77,0.2738,-0.93253,0.00016,3.84047,7.7,0.5
2026-09-02T19:17:54Z,2026-09-03,1,79000.0,C,0.0001,0.0002,0.0001,77273.2,77295.77,0.3019,0.02761,7e-05,1.86858,95.9,110.2
2026-09-02T19:17:54Z,2026-09-03,1,79000.0,P,0.0205,0.024,0.0223,77273.2,77295.77,0.3019,-0.97239,7e-05,1.86858,6.3,0.6
2026-09-02T19:17:54Z,2026-09-03,1,79500.0,C,0.0,0.0001,0.0001,77273.2,77295.77,0.34979999999999994,0.01675,4e-05,1.22456,66.2,81.2
2026-09-02T19:17:54Z,2026-09-03,1,79500.0,P,0.027,0.0305,0.0288,77273.2,77295.77,0.34979999999999994,-0.98325,4e-05,1.22456,8.0,0.0
2026-09-02T19:17:54Z,2026-09-03,1,80000.0,C,0.0,0.0001,0.0001,77273.2,77295.77,0.3931,0.01045,2e-05,0.81492,37.2,30.2
2026-09-02T19:17:54Z,2026-09-03,1,80000.0,P,0.0325,0.038,0.0352,77273.2,77295.77,0.3931,-0.98955,2e-05,0.81492,0.0,0.0
2026-09-02T19:17:54Z,2026-09-03,1,80500.0,C,0.0,0.0001,0.0,77273.2,77295.77,0.43700000000000006,0.00713,2e-05,0.58294,92.3,60.5
2026-09-02T19:17:54Z,2026-09-03,1,80500.0,P,0.0385,0.0445,0.0417,77270.05,77295.77,0.43700000000000006,-0.99292,2e-05,0.57943,0.0,0.0
2026-09-02T19:17:54Z,2026-09-03,1,81000.0,C,0.0,0.0001,0.0,77270.05,77295.77,0.4777,0.0049,1e-05,0.41773,100.9,9.1
2026-09-02T19:17:54Z,2026-09-03,1,81000.0,P,0.045,0.051,0.0481,77270.05,77295.77,0.4777,-0.9951,1e-05,0.41773,0.0,0.0
2026-09-02T19:17:54Z,2026-09-03,1,81500.0,C,0.0,0.0001,0.0,77270.05,77295.77,0.488,0.00212,0.0,0.19697,149.2,12.0
2026-09-02T19:17:54Z,2026-09-03,1,81500.0,P,0.0515,0.0575,0.0546,77270.05,77295.77,0.488,-0.99788,0.0,0.19697,0.0,0.0
2026-09-02T19:17:54Z,2026-09-03,1,82000.0,C,0.0,0.0001,0.0,77270.05,77295.77,0.48810000000000003,0.00072,0.0,0.07295,51.9,33.2
2026-09-02T19:17:54Z,2026-09-03,1,82000.0,P,0.058,0.064,0.061,77270.05,77295.77,0.48810000000000003,-0.99928,0.0,0.07295,0.0,0.0
2026-09-02T19:17:54Z,2026-09-03,1,83000.0,C,0.0,0.0001,0.0,77270.05,77295.77,0.5041,0.0001,0.0,0.01171,13.3,1.3
2026-09-02T19:17:54Z,2026-09-03,1,83000.0,P,0.071,0.077,0.074,77273.2,77295.77,0.5041,-0.9999,0.0,0.0118,0.0,0.0
2026-09-02T19:17:54Z,2026-09-03,1,84000.0,C,0.0,0.0001,0.0,77270.05,77295.77,0.5559000000000001,4e-05,0.0,0.0051,18.4,15.0
2026-09-02T19:17:54Z,2026-09-03,1,84000.0,P,0.084,0.09,0.0869,77273.2,77295.77,0.5559000000000001,-0.99996,0.0,0.00513,0.0,0.0
2026-09-02T19:17:54Z,2026-09-03,1,85000.0,C,0.0,0.0001,0.0,77273.2,77295.77,0.5667,1e-05,0.0,0.00071,56.9,0.0
2026-09-02T19:17:54Z,2026-09-03,1,85000.0,P,0.0965,0.1025,0.0999,77273.2,77295.77,0.5667,-0.99999,0.0,0.00071,0.0,0.0
2026-09-02T19:17:54Z,2026-09-03,1,86000.0,C,0.0,0.0001,0.0,77270.05,77295.77,0.5734,0.0,0.0,7e-05,3.8,0.0
2026-09-02T19:17:54Z,2026-09-03,1,86000.0,P,0.1095,0.1155,0.1128,77270.05,77295.77,0.5734,-1.0,0.0,7e-05,0.0,0.0
2026-09-02T19:17:54Z,2026-09-03,1,87000.0,C,0.0,0.0001,0.0,77270.05,77295.77,0.595,0.0,0.0,1e-05,3.4,0.0
2026-09-02T19:17:54Z,2026-09-03,1,87000.0,P,0.1225,0.1285,0.1257,77270.05,77295.77,0.595,-1.0,0.0,1e-05,0.0,0.0
2026-09-02T19:17:54Z,2026-09-03,1,88000.0,C,0.0,0.0001,0.0,77270.05,77295.77,0.6119,0.0,0.0,0.0,13.0,0.0
2026-09-02T19:17:54Z,2026-09-03,1,88000.0,P,0.1355,0.1415,0.1387,77270.05,77295.77,0.6119,-1.0,0.0,0.0,0.0,0.0
2026-09-02T19:17:54Z,2026-09-04,2,53000.0,C,0.3125,0.316,0.3143,77284.18,77295.77,1.0183,1.0,0.0,0.0,0.0,0.0
2026-09-02T19:17:54Z,2026-09-04,2,53000.0,P,0.0,0.0001,0.0,77284.18,77295.77,1.0183,0.0,0.0,0.0,131.3,0.0
2026-09-02T19:17:54Z,2026-09-04,2,55000.0,C,0.2865,0.2905,0.2883,77284.81,77295.77,1.0063,1.0,0.0,2e-05,0.0,0.0
2026-09-02T19:17:54Z,2026-09-04,2,55000.0,P,0.0,0.0001,0.0,77284.81,77295.77,1.0063,0.0,0.0,2e-05,110.2,0.0
2026-09-02T19:17:54Z,2026-09-04,2,58000.0,C,0.2475,0.2515,0.2495,77284.81,77295.77,1.0041,1.0,0.0,0.001,0.0,0.0
2026-09-02T19:17:54Z,2026-09-04,2,58000.0,P,0.0,0.0001,0.0,77284.18,77295.77,1.0041,0.0,0.0,0.001,380.1,0.0
2026-09-02T19:17:54Z,2026-09-04,2,60000.0,C,0.2215,0.226,0.2236,77284.81,77295.77,1.0041,0.99996,0.0,0.00892,0.4,0.0
2026-09-02T19:17:54Z,2026-09-04,2,60000.0,P,0.0,0.0001,0.0,77284.18,77295.77,1.0041,-4e-05,0.0,0.00892,1087.3,0.7
2026-09-02T19:17:54Z,2026-09-04,2,61000.0,C,0.2095,0.212,0.2107,77284.81,77295.77,1.0041,0.99988,0.0,0.02344,5.5,0.0
2026-09-02T19:17:54Z,2026-09-04,2,61000.0,P,0.0,0.0001,0.0,77284.81,77295.77,1.0041,-0.00012,0.0,0.02344,156.2,0.0
2026-09-02T19:17:54Z,2026-09-04,2,62000.0,C,0.1955,0.1995,0.1978,77284.81,77295.77,1.0041,0.99969,0.0,0.05695,2.4,0.0
2026-09-02T19:17:54Z,2026-09-04,2,62000.0,P,0.0,0.0001,0.0,77284.81,77295.77,1.0041,-0.00031,0.0,0.05695,557.1,3.2
2026-09-02T19:17:54Z,2026-09-04,2,63000.0,C,0.184,0.186,0.1849,77284.18,77295.77,1.0041,0.99926,0.0,0.12839,85.8,0.0
2026-09-02T19:17:54Z,2026-09-04,2,63000.0,P,0.0,0.0001,0.0,77284.81,77295.77,1.0041,-0.00074,0.0,0.12834,743.0,0.0
2026-09-02T19:17:54Z,2026-09-04,2,64000.0,C,0.171,0.1735,0.1719,77284.81,77295.77,0.9923000000000001,0.99851,0.0,0.24326,265.0,0.0
2026-09-02T19:17:54Z,2026-09-04,2,64000.0,P,0.0,0.0001,0.0,77284.18,77295.77,0.9923000000000001,-0.00149,0.0,0.24335,250.6,31.7
2026-09-02T19:17:54Z,2026-09-04,2,65000.0,C,0.158,0.1605,0.159,77284.81,77295.77,0.9745999999999999,0.99725,0.0,0.42352,293.6,0.0
2026-09-02T19:17:54Z,2026-09-04,2,65000.0,P,0.0,0.0001,0.0001,77284.81,77295.77,0.9745999999999999,-0.00275,0.0,0.42352,417.1,10.6
2026-09-02T19:17:54Z,2026-09-04,2,66000.0,C,0.145,0.1475,0.1461,77284.81,77295.77,0.9207,0.9963,0.0,0.55237,448.3,2.0
2026-09-02T19:17:54Z,2026-09-04,2,66000.0,P,0.0,0.0001,0.0001,77284.81,77295.77,0.9207,-0.0037,0.0,0.55237,348.3,40.2
2026-09-02T19:17:54Z,2026-09-04,2,67000.0,C,0.132,0.1345,0.1332,77284.81,77295.77,0.8658,0.99501,0.0,0.72259,977.4,654.0
2026-09-02T19:17:54Z,2026-09-04,2,67000.0,P,0.0,0.0002,0.0001,77284.79,77295.77,0.8658,-0.00499,0.0,0.7226,134.0,3.1
2026-09-02T19:17:54Z,2026-09-04,2,68000.0,C,0.119,0.1215,0.1202,77284.79,77295.77,0.7855,0.9945,0.0,0.78717,841.4,504.6
2026-09-02T19:17:54Z,2026-09-04,2,68000.0,P,0.0,0.0001,0.0001,77284.81,77295.77,0.7855,-0.0055,0.0,0.78716,274.2,35.1
2026-09-02T19:17:54Z,2026-09-04,2,69000.0,C,0.1065,0.109,0.1073,77284.79,77295.77,0.7483,0.99099,1e-05,1.21656,401.2,0.0
2026-09-02T19:17:54Z,2026-09-04,2,69000.0,P,0.0001,0.0002,0.0001,77284.79,77295.77,0.7483,-0.00901,1e-05,1.21656,142.7,6.5
2026-09-02T19:17:54Z,2026-09-04,2,70000.0,C,0.093,0.096,0.0944,77284.79,77295.77,0.6822,0.98821,1e-05,1.53834,754.3,3.5
2026-09-02T19:17:54Z,2026-09-04,2,70000.0,P,0.0001,0.0002,0.0002,77284.79,77295.77,0.6822,-0.01179,1e-05,1.53834,1065.7,56.3
2026-09-02T19:17:54Z,2026-09-04,2,71000.0,C,0.0805,0.083,0.0815,77284.79,77295.77,0.5992000000000001,0.98631,1e-05,1.75068,920.3,0.1
2026-09-02T19:17:54Z,2026-09-04,2,71000.0,P,0.0001,0.0003,0.0002,77284.79,77295.77,0.5992000000000001,-0.01369,1e-05,1.75068,265.5,166.9
2026-09-02T19:17:54Z,2026-09-04,2,72000.0,C,0.0675,0.07,0.0687,77284.81,77295.77,0.5474,0.97815,2e-05,2.61013,552.5,0.0
2026-09-02T19:17:54Z,2026-09-04,2,72000.0,P,0.0002,0.0004,0.0003,77284.79,77295.77,0.5474,-0.02185,2e-05,2.61017,520.1,223.4
2026-09-02T19:17:54Z,2026-09-04,2,73000.0,C,0.0545,0.0575,0.0557,77284.79,77295.77,0.45899999999999996,0.97349,3e-05,3.0711,540.0,0.5
2026-09-02T19:17:54Z,2026-09-04,2,73000.0,P,0.0002,0.0004,0.0003,77284.79,77295.77,0.45899999999999996,-0.02651,3e-05,3.0711,789.3,18.9
2026-09-02T19:17:54Z,2026-09-04,2,74000.0,C,0.0415,0.0445,0.0429,77284.81,77295.77,0.3937,0.95701,5e-05,4.57022,794.0,5.7
2026-09-02T19:17:54Z,2026-09-04,2,74000.0,P,0.0003,0.0005,0.0005,77284.79,77295.77,0.3937,-0.04299,5e-05,4.5703,684.5,83.5
2026-09-02T19:17:54Z,2026-09-04,2,75000.0,C,0.029,0.032,0.0304,77284.81,77295.77,0.3429,0.91356,9e-05,7.88268,508.7,4.8
2026-09-02T19:17:54Z,2026-09-04,2,75000.0,P,0.0007,0.0009,0.0009,77284.79,77295.77,0.3429,-0.08644,9e-05,7.8828,905.4,182.0
2026-09-02T19:17:54Z,2026-09-04,2,75500.0,C,0.022,0.0265,0.0245,77284.79,77295.77,0.32280000000000003,0.87046,0.00013,10.55609,0.0,0.0
2026-09-02T19:17:54Z,2026-09-04,2,75500.0,P,0.0012,0.0014,0.0014,77284.79,77295.77,0.32280000000000003,-0.12954,0.00013,10.55609,0.5,0.5
2026-09-02T19:17:54Z,2026-09-04,2,76000.0,C,0.0175,0.0205,0.0188,77284.79,77295.77,0.3059,0.80417,0.00018,13.82774,178.3,1.2
2026-09-02T19:17:54Z,2026-09-04,2,76000.0,P,0.0019,0.0023,0.0022,77284.58,77295.77,0.3059,-0.19587,0.00018,13.82933,324.6,50.9
2026-09-02T19:17:54Z,2026-09-04,2,76500.0,C,0.013,0.015,0.0137,77284.58,77295.77,0.2961,0.70608,0.00023,17.23066,8.0,6.2
2026-09-02T19:17:54Z,2026-09-04,2,76500.0,P,0.0033,0.0037,0.0036,77284.58,77295.77,0.2961,-0.29392,0.00023,17.23054,85.2,20.1
2026-09-02T19:17:54Z,2026-09-04,2,77000.0,C,0.009,0.01,0.0096,77284.58,77295.77,0.2938,0.58063,0.00027,19.54749,141.0,29.3
2026-09-02T19:17:54Z,2026-09-04,2,77000.0,P,0.005,0.006,0.0059,77284.79,77295.77,0.2938,-0.41931,0.00027,19.54698,399.6,112.7
2026-09-02T19:17:54Z,2026-09-04,2,77500.0,C,0.006,0.0065,0.0063,77284.58,77295.77,0.2938,0.44558,0.00027,19.7705,166.3,145.6
2026-09-02T19:17:54Z,2026-09-04,2,77500.0,P,0.0085,0.0095,0.0091,77284.58,77295.77,0.2938,-0.55442,0.00027,19.7705,30.8,7.7
2026-09-02T19:17:54Z,2026-09-04,2,78000.0,C,0.0037,0.0041,0.0039,77284.58,77295.77,0.2968,0.31917,0.00024,17.8695,215.9,39.7
2026-09-02T19:17:54Z,2026-09-04,2,78000.0,P,0.012,0.014,0.0132,77284.58,77295.77,0.2968,-0.68083,0.00024,17.86952,498.3,75.6
2026-09-02T19:17:54Z,2026-09-04,2,78500.0,C,0.0022,0.0026,0.0024,77284.58,77295.77,0.3039,0.21669,0.00019,14.68288,66.9,47.3
2026-09-02T19:17:54Z,2026-09-04,2,78500.0,P,0.016,0.0195,0.0181,77284.58,77295.77,0.3039,-0.78331,0.00019,14.68288,25.1,0.2
2026-09-02T19:17:54Z,2026-09-04,2,79000.0,C,0.0014,0.0016,0.0015,77284.58,77295.77,0.3153,0.14336,0.00014,11.31438,242.1,36.8
2026-09-02T19:17:54Z,2026-09-04,2,79000.0,P,0.0215,0.0245,0.0237,77284.58,77295.77,0.3153,-0.85664,0.00014,11.31438,178.2,7.6
2026-09-02T19:17:54Z,2026-09-04,2,79500.0,C,0.0009,0.0011,0.001,77284.58,77295.77,0.3328,0.09658,0.0001,8.5579,53.4,68.3
2026-09-02T19:17:54Z,2026-09-04,2,79500.0,P,0.0275,0.032,0.0296,77284.58,77295.77,0.3328,-0.90342,0.0001,8.5579,0.1,0.0
2026-09-02T19:17:54Z,2026-09-04,2,80000.0,C,0.0006,0.0008,0.0007,77284.58,77295.77,0.3528,0.06673,7e-05,6.47302,1072.6,386.8
2026-09-02T19:17:54Z,2026-09-04,2,80000.0,P,0.034,0.0365,0.0358,77284.65,77295.77,0.3528,-0.93327,7e-05,6.47341,288.4,0.3
2026-09-02T19:17:54Z,2026-09-04,2,80500.0,C,0.0004,0.0006,0.0005,77284.65,77295.77,0.3749,0.04767,5e-05,4.96636,37.5,36.1
2026-09-02T19:17:54Z,2026-09-04,2,80500.0,P,0.0395,0.045,0.0421,77284.65,77295.77,0.3749,-0.95233,5e-05,4.96636,0.0,0.0
2026-09-02T19:17:54Z,2026-09-04,2,81000.0,C,0.0003,0.0005,0.0004,77284.65,77295.77,0.40020000000000006,0.03597,4e-05,3.95271,524.5,42.9
2026-09-02T19:17:54Z,2026-09-04,2,81000.0,P,0.0465,0.05,0.0484,77284.65,77295.77,0.40020000000000006,-0.96403,4e-05,3.95271,97.3,0.0
2026-09-02T19:17:54Z,2026-09-04,2,82000.0,C,0.0002,0.0003,0.0002,77284.65,77295.77,0.445,0.0206,2e-05,2.48301,6281.3,112.8
2026-09-02T19:17:54Z,2026-09-04,2,82000.0,P,0.0585,0.064,0.0612,77284.65,77295.77,0.445,-0.9794,2e-05,2.48301,3.2,0.0
2026-09-02T19:17:54Z,2026-09-04,2,83000.0,C,0.0001,0.0002,0.0001,77284.65,77295.77,0.4879,0.01244,1e-05,1.61143,125.2,32.3
2026-09-02T19:17:54Z,2026-09-04,2,83000.0,P,0.0715,0.077,0.0741,77284.65,77295.77,0.4879,-0.98756,1e-05,1.61143,2.4,0.0
2026-09-02T19:17:54Z,2026-09-04,2,84000.0,C,0.0,0.0002,0.0001,77284.65,77295.77,0.535,0.00846,1e-05,1.15117,447.2,28.4
2026-09-02T19:17:54Z,2026-09-04,2,84000.0,P,0.084,0.09,0.087,77284.65,77295.77,0.535,-0.99154,1e-05,1.15117,0.0,0.0
2026-09-02T19:17:54Z,2026-09-04,2,85000.0,C,0.0,0.0001,0.0001,77284.65,77295.77,0.5869,0.00646,1e-05,0.90814,631.4,4.5
2026-09-02T19:17:54Z,2026-09-04,2,85000.0,P,0.098,0.1015,0.0999,77284.65,77295.77,0.5869,-0.99354,1e-05,0.90814,60.0,0.0
2026-09-02T19:17:54Z,2026-09-04,2,86000.0,C,0.0,0.0001,0.0001,77284.65,77295.77,0.6319,0.00477,0.0,0.6939,357.3,3.3
2026-09-02T19:17:54Z,2026-09-04,2,86000.0,P,0.11,0.1155,0.1128,77284.65,77295.77,0.6319,-0.99523,0.0,0.6939,0.1,0.0
2026-09-02T19:17:54Z,2026-09-04,2,88000.0,C,0.0,0.0001,0.0,77284.65,77295.77,0.6603,0.00128,0.0,0.21073,134.0,0.2
2026-09-02T19:17:54Z,2026-09-04,2,88000.0,P,0.136,0.1415,0.1387,77284.58,77295.77,0.6603,-0.99872,0.0,0.21072,0.0,0.0
2026-09-02T19:17:54Z,2026-09-04,2,90000.0,C,0.0,0.0001,0.0,77284.65,77295.77,0.6857,0.00033,0.0,0.05964,331.1,0.1
2026-09-02T19:17:54Z,2026-09-04,2,90000.0,P,0.1625,0.166,0.1645,77284.65,77295.77,0.6857,-0.99967,0.0,0.05964,7.7,0.0
2026-09-02T19:17:54Z,2026-09-05,3,68000.0,C,0.118,0.123,0.1204,77294.98,77295.77,0.6647,0.99044,1e-05,1.64911,0.0,0.0
2026-09-02T19:17:54Z,2026-09-05,3,68000.0,P,0.0,0.0002,0.0002,77294.98,77295.77,0.6647,-0.00956,1e-05,1.64911,6.0,6.0
2026-09-02T19:17:54Z,2026-09-05,3,69000.0,C,0.105,0.11,0.1075,77294.98,77295.77,0.5984,0.98938,1e-05,1.80648,0.0,0.0
2026-09-02T19:17:54Z,2026-09-05,3,69000.0,P,0.0001,0.0002,0.0002,77294.6,77295.77,0.5984,-0.01062,1e-05,1.80688,2.4,0.8
2026-09-02T19:17:54Z,2026-09-05,3,70000.0,C,0.092,0.0975,0.0946,77294.98,77295.77,0.5485,0.98589,1e-05,2.31196,0.0,0.0
2026-09-02T19:17:54Z,2026-09-05,3,70000.0,P,0.0001,0.0003,0.0002,77294.98,77295.77,0.5485,-0.01411,1e-05,2.31196,11.5,0.0
2026-09-02T19:17:54Z,2026-09-05,3,71000.0,C,0.079,0.0845,0.0817,77294.6,77295.77,0.4968,0.981,1e-05,2.98297,0.0,0.0
2026-09-02T19:17:54Z,2026-09-05,3,71000.0,P,0.0002,0.0004,0.0003,77294.6,77295.77,0.4968,-0.019,1e-05,2.98297,1.1,0.5
2026-09-02T19:17:54Z,2026-09-05,3,72000.0,C,0.0665,0.0715,0.0689,77294.98,77295.77,0.4461,0.97318,2e-05,3.98828,0.0,0.0
2026-09-02T19:17:54Z,2026-09-05,3,72000.0,P,0.0003,0.0005,0.0004,77294.6,77295.77,0.4461,-0.02683,2e-05,3.98928,10.2,1.6
2026-09-02T19:17:54Z,2026-09-05,3,73000.0,C,0.0535,0.059,0.0562,77294.6,77295.77,0.4058,0.95631,4e-05,5.95539,0.0,0.0
2026-09-02T19:17:54Z,2026-09-05,3,73000.0,P,0.0005,0.0007,0.0006,77294.98,77295.77,0.4058,-0.04368,4e-05,5.95394,8.3,12.3
2026-09-02T19:17:54Z,2026-09-05,3,74000.0,C,0.042,0.046,0.0437,77294.98,77295.77,0.36810000000000004,0.92466,6e-05,9.13932,0.0,0.0
2026-09-02T19:17:54Z,2026-09-05,3,74000.0,P,0.0009,0.0011,0.001,77294.6,77295.77,0.36810000000000004,-0.07536,6e-05,9.14138,89.5,96.8
2026-09-02T19:17:54Z,2026-09-05,3,74500.0,C,0.036,0.04,0.0376,77294.98,77295.77,0.3554,0.89614,8e-05,11.60754,0.0,0.0
2026-09-02T19:17:54Z,2026-09-05,3,74500.0,P,0.0013,0.0016,0.0015,77294.98,77295.77,0.3554,-0.10386,8e-05,11.60754,4.8,4.8
2026-09-02T19:17:54Z,2026-09-05,3,75000.0,C,0.0295,0.034,0.0318,77294.98,77295.77,0.3429,0.85775,0.0001,14.47687,0.0,0.0
2026-09-02T19:17:54Z,2026-09-05,3,75000.0,P,0.0019,0.0023,0.0021,77294.98,77295.77,0.3429,-0.14225,0.0001,14.47687,14.2,14.9
2026-09-02T19:17:54Z,2026-09-05,3,75500.0,C,0.0245,0.0285,0.0262,77294.98,77295.77,0.3323,0.80598,0.00013,17.6851,0.0,0.0
2026-09-02T19:17:54Z,2026-09-05,3,75500.0,P,0.0028,0.0032,0.003,77294.98,77295.77,0.3323,-0.19402,0.00013,17.68505,26.6,7.4
2026-09-02T19:17:54Z,2026-09-05,3,76000.0,C,0.02,0.022,0.0211,77297.33,77295.77,0.32420000000000004,0.73912,0.00016,20.90722,3.7,0.2
2026-09-02T19:17:54Z,2026-09-05,3,76000.0,P,0.004,0.0045,0.0043,77297.33,77295.77,0.32420000000000004,-0.26088,0.00016,20.90737,36.9,10.5
2026-09-02T19:17:54Z,2026-09-05,3,76500.0,C,0.0155,0.0175,0.0165,77294.98,77295.77,0.3193,0.65626,0.00018,23.67346,8.1,8.2
2026-09-02T19:17:54Z,2026-09-05,3,76500.0,P,0.0055,0.0065,0.0062,77297.33,77295.77,0.3193,-0.34332,0.00018,23.66327,6.6,7.7
2026-09-02T19:17:54Z,2026-09-05,3,77000.0,C,0.012,0.013,0.0125,77297.33,77295.77,0.31670000000000004,0.56331,0.00019,25.3456,75.6,73.1
2026-09-02T19:17:54Z,2026-09-05,3,77000.0,P,0.008,0.009,0.0087,77297.33,77295.77,0.31670000000000004,-0.43669,0.00019,25.3456,14.9,15.2
2026-09-02T19:17:54Z,2026-09-05,3,77500.0,C,0.0085,0.0095,0.0092,77294.98,77295.77,0.3144,0.46488,0.0002,25.56917,29.0,26.9
2026-09-02T19:17:54Z,2026-09-05,3,77500.0,P,0.011,0.012,0.0118,77297.33,77295.77,0.3144,-0.53466,0.0002,25.57255,7.8,11.8
2026-09-02T19:17:54Z,2026-09-05,3,78000.0,C,0.006,0.007,0.0065,77297.33,77295.77,0.3136,0.36935,0.00019,24.28024,25.3,4.1
2026-09-02T19:17:54Z,2026-09-05,3,78000.0,P,0.015,0.0165,0.0157,77297.33,77295.77,0.3136,-0.63065,0.00019,24.28024,19.8,11.5
2026-09-02T19:17:54Z,2026-09-05,3,78500.0,C,0.0043,0.0048,0.0046,77294.98,77295.77,0.3175,0.28364,0.00017,21.79416,31.5,2.9
2026-09-02T19:17:54Z,2026-09-05,3,78500.0,P,0.019,0.0215,0.0202,77297.33,77295.77,0.3175,-0.71597,0.00017,21.80916,23.2,0.0
2026-09-02T19:17:54Z,2026-09-05,3,79000.0,C,0.003,0.0034,0.0032,77297.33,77295.77,0.32159999999999994,0.21171,0.00014,18.63227,16.5,12.9
2026-09-02T19:17:54Z,2026-09-05,3,79000.0,P,0.0235,0.028,0.0252,77297.33,77295.77,0.32159999999999994,-0.78829,0.00014,18.63227,0.0,0.0
2026-09-02T19:17:54Z,2026-09-05,3,79500.0,C,0.002,0.0024,0.0022,77297.33,77295.77,0.32909999999999995,0.15575,0.00011,15.38133,34.6,23.4
2026-09-02T19:17:54Z,2026-09-05,3,79500.0,P,0.0285,0.0335,0.0307,77297.33,77295.77,0.32909999999999995,-0.84425,0.00011,15.38134,0.8,0.8
2026-09-02T19:17:54Z,2026-09-05,3,80000.0,C,0.0014,0.0017,0.0015,77297.33,77295.77,0.3385,0.114,9e-05,12.41156,39.9,43.7
2026-09-02T19:17:54Z,2026-09-05,3,80000.0,P,0.034,0.0385,0.0365,77297.33,77295.77,0.3385,-0.886,9e-05,12.41152,0.0,0.0
2026-09-02T19:17:54Z,2026-09-05,3,80500.0,C,0.001,0.0012,0.0011,77298.16,77295.77,0.35090000000000005,0.08456,7e-05,9.97333,35.9,6.2
2026-09-02T19:17:54Z,2026-09-05,3,80500.0,P,0.0405,0.0455,0.0426,77298.16,77295.77,0.35090000000000005,-0.91544,7e-05,9.97349,0.0,0.0
2026-09-02T19:17:54Z,2026-09-05,3,81000.0,C,0.0007,0.0009,0.0008,77297.33,77295.77,0.365,0.06365,5e-05,8.02623,4.9,3.2
2026-09-02T19:17:54Z,2026-09-05,3,81000.0,P,0.0445,0.052,0.0488,77298.16,77295.77,0.365,-0.93631,5e-05,8.03064,0.0,0.0
2026-09-02T19:17:54Z,2026-09-05,3,81500.0,C,0.0005,0.0007,0.0006,77298.16,77295.77,0.38130000000000003,0.04929,4e-05,6.56105,60.9,61.4
2026-09-02T19:17:54Z,2026-09-05,3,81500.0,P,0.0535,0.0565,0.055,77298.16,77295.77,0.38130000000000003,-0.95071,4e-05,6.56105,10.0,10.0
2026-09-02T19:17:54Z,2026-09-05,3,82000.0,C,0.0004,0.0006,0.0005,77298.16,77295.77,0.39380000000000004,0.03712,3e-05,5.21693,200.1,43.3
2026-09-02T19:17:54Z,2026-09-05,3,82000.0,P,0.058,0.0645,0.0613,77298.16,77295.77,0.39380000000000004,-0.96288,3e-05,5.21693,0.0,0.0
2026-09-02T19:17:54Z,2026-09-05,3,83000.0,C,0.0002,0.0004,0.0003,77298.16,77295.77,0.4285,0.024,2e-05,3.63341,116.2,121.3
2026-09-02T19:17:54Z,2026-09-05,3,83000.0,P,0.071,0.077,0.0741,77298.16,77295.77,0.4285,-0.976,2e-05,3.63341,0.0,0.0
2026-09-02T19:17:54Z,2026-09-05,3,84000.0,C,0.0002,0.0003,0.0002,77298.16,77295.77,0.45659999999999995,0.01506,1e-05,2.44499,11.0,1.9
2026-09-02T19:17:54Z,2026-09-05,3,84000.0,P,0.0835,0.09,0.0869,77298.16,77295.77,0.45659999999999995,-0.98495,1e-05,2.44429,0.0,0.0
2026-09-02T19:17:54Z,2026-09-05,3,85000.0,C,0.0001,0.0003,0.0002,77298.16,77295.77,0.5018,0.01212,1e-05,2.02768,20.2,0.1
2026-09-02T19:17:54Z,2026-09-05,3,85000.0,P,0.0965,0.1025,0.0999,77298.16,77295.77,0.5018,-0.98788,1e-05,2.02768,0.0,0.0
2026-09-02T19:17:54Z,2026-09-05,3,86000.0,C,0.0001,0.0002,0.0001,77298.16,77295.77,0.5372,0.00906,1e-05,1.57368,30.6,30.7
2026-09-02T19:17:54Z,2026-09-05,3,86000.0,P,0.1085,0.116,0.1128,77298.16,77295.77,0.5372,-0.99094,1e-05,1.57368,0.0,0.0
2026-09-02T19:17:54Z,2026-09-05,3,87000.0,C,0.0,0.0002,0.0001,77298.16,77295.77,0.5799,0.00765,1e-05,1.35526,2.0,1.9
2026-09-02T19:17:54Z,2026-09-05,3,87000.0,P,0.122,0.1285,0.1257,77298.16,77295.77,0.5799,-0.99235,1e-05,1.35526,0.0,0.0
2026-09-02T19:17:54Z,2026-09-05,3,88000.0,C,0.0,0.0002,0.0001,77298.16,77295.77,0.6112,0.00581,0.0,1.06391,5.6,5.5
2026-09-02T19:17:54Z,2026-09-05,3,88000.0,P,0.135,0.1415,0.1386,77298.16,77295.77,0.6112,-0.99419,0.0,1.06391,0.0,0.0
2026-09-02T19:17:54Z,2026-09-06,4,68000.0,C,0.118,0.123,0.1205,77305.43,77295.77,0.5669,0.99006,1e-05,2.01455,0.0,0.0
2026-09-02T19:17:54Z,2026-09-06,4,68000.0,P,0.0002,0.0003,0.0002,77305.43,77295.77,0.5669,-0.00994,1e-05,2.01455,30.0,30.1
2026-09-02T19:17:54Z,2026-09-06,4,69000.0,C,0.105,0.1105,0.1077,77305.43,77295.77,0.5418,0.98462,1e-05,2.94105,0.0,0.0
2026-09-02T19:17:54Z,2026-09-06,4,69000.0,P,0.0001,0.0004,0.0003,77305.43,77295.77,0.5418,-0.01538,1e-05,2.94105,0.1,0.1
2026-09-02T19:17:54Z,2026-09-06,4,70000.0,C,0.092,0.0975,0.0948,77305.35,77295.77,0.4826,0.98282,1e-05,3.23436,0.0,0.0
2026-09-02T19:17:54Z,2026-09-06,4,70000.0,P,0.0002,0.0004,0.0003,77305.35,77295.77,0.4826,-0.01718,1e-05,3.23436,5.4,5.4
2026-09-02T19:17:54Z,2026-09-06,4,71000.0,C,0.0795,0.0845,0.0819,77305.35,77295.77,0.44020000000000004,0.97655,2e-05,4.21093,0.0,0.0
2026-09-02T19:17:54Z,2026-09-06,4,71000.0,P,0.0003,0.0005,0.0004,77305.43,77295.77,0.44020000000000004,-0.02345,2e-05,4.21073,8.1,8.1
2026-09-02T19:17:54Z,2026-09-06,4,72000.0,C,0.0665,0.072,0.0691,77305.35,77295.77,0.4,0.96618,2e-05,5.71079,0.0,0.0
2026-09-02T19:17:54Z,2026-09-06,4,72000.0,P,0.0004,0.0006,0.0005,77305.35,77295.77,0.4,-0.03382,2e-05,5.71079,0.0,0.0
2026-09-02T19:17:54Z,2026-09-06,4,73000.0,C,0.054,0.0595,0.0565,77305.43,77295.77,0.3629,0.94778,4e-05,8.1157,0.0,0.0
2026-09-02T19:17:54Z,2026-09-06,4,73000.0,P,0.0007,0.0009,0.0008,77305.35,77295.77,0.3629,-0.05222,4e-05,8.11608,1.7,1.7
2026-09-02T19:17:54Z,2026-09-06,4,74000.0,C,0.0415,0.047,0.0441,77305.43,77295.77,0.3329,0.91173,6e-05,12.16735,0.0,0.0
2026-09-02T19:17:54Z,2026-09-06,4,74000.0,P,0.0012,0.0014,0.0014,77305.43,77295.77,0.3329,-0.08827,6e-05,12.16735,3.3,3.4
2026-09-02T19:17:54Z,2026-09-06,4,74500.0,C,0.0355,0.041,0.0381,77305.43,77295.77,0.3212,0.88222,8e-05,15.00667,0.0,0.0
2026-09-02T19:17:54Z,2026-09-06,4,74500.0,P,0.0017,0.002,0.0019,77305.43,77295.77,0.3212,-0.11778,8e-05,15.00667,1.7,1.7
2026-09-02T19:17:54Z,2026-09-06,4,75000.0,C,0.0295,0.0365,0.0324,77305.38,77295.77,0.31170000000000003,0.84213,0.0001,18.3334,0.0,0.0
2026-09-02T19:17:54Z,2026-09-06,4,75000.0,P,0.0024,0.0028,0.0026,77303.04,77295.77,0.31170000000000003,-0.15811,0.0001,18.35102,15.6,15.6
2026-09-02T19:17:54Z,2026-09-06,4,75500.0,C,0.0255,0.028,0.027,77305.38,77295.77,0.3039,0.78983,0.00012,21.9178,0.0,0.0
2026-09-02T19:17:54Z,2026-09-06,4,75500.0,P,0.0034,0.0038,0.0036,77303.04,77295.77,0.3039,-0.21046,0.00012,21.93501,0.0,0.0
2026-09-02T19:17:54Z,2026-09-06,4,76000.0,C,0.0205,0.023,0.022,77305.38,77295.77,0.3015,0.72217,0.00015,25.49154,0.0,0.0
2026-09-02T19:17:54Z,2026-09-06,4,76000.0,P,0.0048,0.0055,0.0052,77303.04,77295.77,0.3015,-0.27817,0.00015,25.50607,0.0,0.0
2026-09-02T19:17:54Z,2026-09-06,4,76500.0,C,0.0165,0.018,0.0174,77303.04,77295.77,0.2933,0.64671,0.00017,28.25033,8.0,8.0
2026-09-02T19:17:54Z,2026-09-06,4,76500.0,P,0.0065,0.0075,0.007,77305.38,77295.77,0.2933,-0.3529,0.00017,28.24001,8.0,8.0
2026-09-02T19:17:54Z,2026-09-06,4,77000.0,C,0.013,0.014,0.0135,77303.04,77295.77,0.293,0.55991,0.00018,29.98211,86.8,89.0
2026-09-02T19:17:54Z,2026-09-06,4,77000.0,P,0.009,0.01,0.0096,77303.04,77295.77,0.293,-0.44009,0.00018,29.98211,16.2,16.2
2026-09-02T19:17:54Z,2026-09-06,4,77500.0,C,0.0095,0.0105,0.0103,77303.04,77295.77,0.2921,0.47042,0.00018,30.24128,55.5,55.7
2026-09-02T19:17:54Z,2026-09-06,4,77500.0,P,0.012,0.013,0.0128,77303.04,77295.77,0.2921,-0.52958,0.00018,30.24128,7.4,7.4
2026-09-02T19:17:54Z,2026-09-06,4,78000.0,C,0.007,0.008,0.0075,77305.38,77295.77,0.29100000000000004,0.38275,0.00017,29.00635,4.8,4.8
2026-09-02T19:17:54Z,2026-09-06,4,78000.0,P,0.016,0.0175,0.0165,77305.38,77295.77,0.29100000000000004,-0.61725,0.00017,29.00635,0.0,0.0
2026-09-02T19:17:54Z,2026-09-06,4,78500.0,C,0.005,0.006,0.0054,77305.38,77295.77,0.292,0.30165,0.00016,26.49537,0.6,0.6
2026-09-02T19:17:54Z,2026-09-06,4,78500.0,P,0.02,0.022,0.0209,77303.04,77295.77,0.292,-0.69872,0.00016,26.48004,0.0,0.0
2026-09-02T19:17:54Z,2026-09-06,4,79000.0,C,0.0037,0.0042,0.0039,77303.04,77295.77,0.2977,0.23355,0.00014,23.2787,12.5,12.5
2026-09-02T19:17:54Z,2026-09-06,4,79000.0,P,0.022,0.029,0.0259,77303.04,77295.77,0.2977,-0.76645,0.00014,23.27871,0.0,0.0
2026-09-02T19:17:54Z,2026-09-06,4,79500.0,C,0.0026,0.0031,0.0028,77303.04,77295.77,0.3031,0.17741,0.00011,19.76486,0.0,0.0
2026-09-02T19:17:54Z,2026-09-06,4,79500.0,P,0.0285,0.034,0.0312,77303.04,77295.77,0.3031,-0.82259,0.00011,19.76486,0.0,0.0
2026-09-02T19:17:54Z,2026-09-06,4,80000.0,C,0.0018,0.0022,0.002,77298.5,77295.77,0.3097,0.13289,9e-05,16.32553,1.5,1.5
2026-09-02T19:17:54Z,2026-09-06,4,80000.0,P,0.034,0.04,0.0369,77298.5,77295.77,0.3097,-0.86711,9e-05,16.32553,0.0,0.0
2026-09-02T19:17:54Z,2026-09-06,4,80500.0,C,0.0013,0.0016,0.0015,77298.5,77295.77,0.31829999999999997,0.10012,7e-05,13.35077,0.6,0.6
2026-09-02T19:17:54Z,2026-09-06,4,80500.0,P,0.039,0.046,0.0428,77303.04,77295.77,0.31829999999999997,-0.89955,7e-05,13.38366,0.0,0.0
2026-09-02T19:17:54Z,2026-09-06,4,81000.0,C,0.001,0.0012,0.0011,77298.5,77295.77,0.3281,0.07582,6e-05,10.84901,2.2,3.2
2026-09-02T19:17:54Z,2026-09-06,4,81000.0,P,0.045,0.052,0.0489,77298.5,77295.77,0.3281,-0.92418,6e-05,10.84901,0.0,0.0
2026-09-02T19:17:54Z,2026-09-06,4,82000.0,C,0.0005,0.0007,0.0006,77298.5,77295.77,0.3471,0.04335,3e-05,6.99059,8.0,8.0
2026-09-02T19:17:54Z,2026-09-06,4,82000.0,P,0.0575,0.0645,0.0613,77298.5,77295.77,0.3471,-0.95665,3e-05,6.99059,0.0,0.0
2026-09-02T19:17:54Z,2026-09-06,4,83000.0,C,0.0003,0.0005,0.0004,77303.04,77295.77,0.3724,0.0272,2e-05,4.76793,10.1,10.1
2026-09-02T19:17:54Z,2026-09-06,4,83000.0,P,0.071,0.077,0.074,77298.5,77295.77,0.3724,-0.9729,2e-05,4.75295,0.0,0.0
2026-09-02T19:17:54Z,2026-09-06,4,84000.0,C,0.0002,0.0003,0.0002,77303.04,77295.77,0.3957,0.01719,1e-05,3.23461,0.2,0.2
2026-09-02T19:17:54Z,2026-09-06,4,84000.0,P,0.0835,0.09,0.0868,77303.04,77295.77,0.3957,-0.98281,1e-05,3.23461,0.0,0.0
2026-09-02T19:17:54Z,2026-09-06,4,85000.0,C,0.0001,0.0003,0.0002,77298.5,77295.77,0.42460000000000003,0.0121,1e-05,2.39115,0.0,0.0
2026-09-02T19:17:54Z,2026-09-06,4,85000.0,P,0.0965,0.1025,0.0997,77303.04,77295.77,0.42460000000000003,-0.98786,1e-05,2.39888,0.0,0.0
2026-09-02T19:17:54Z,2026-09-06,4,86000.0,C,0.0001,0.0002,0.0001,77303.04,77295.77,0.4569,0.00937,1e-05,1.91395,2.3,2.3
2026-09-02T19:17:54Z,2026-09-06,4,86000.0,P,0.1085,0.116,0.1126,77298.5,77295.77,0.4569,-0.99066,1e-05,1.90796,0.0,0.0
2026-09-02T19:17:54Z,2026-09-11,9,60000.0,C,0.2225,0.2265,0.2242,77315.32,77295.77,0.6676000000000001,0.99438,0.0,1.89481,0.0,0.0
2026-09-02T19:17:54Z,2026-09-11,9,60000.0,P,0.0002,0.0003,0.0002,77317.22,77295.77,0.6676000000000001,-0.00561,0.0,1.8937,90.5,7.0
2026-09-02T19:17:54Z,2026-09-11,9,64000.0,C,0.1705,0.1745,0.1726,77317.22,77295.77,0.5522,0.98874,0.0,3.49244,0.0,0.0
2026-09-02T19:17:54Z,2026-09-11,9,64000.0,P,0.0002,0.0005,0.0003,77315.32,77295.77,0.5522,-0.01127,0.0,3.49467,78.2,0.0
2026-09-02T19:17:54Z,2026-09-11,9,65000.0,C,0.1575,0.162,0.1598,77317.22,77295.77,0.527,0.98589,1e-05,4.2453,0.0,0.0
2026-09-02T19:17:54Z,2026-09-11,9,65000.0,P,0.0003,0.0005,0.0004,77317.22,77295.77,0.527,-0.01411,1e-05,4.2453,39.3,1.9
2026-09-02T19:17:54Z,2026-09-11,9,66000.0,C,0.1445,0.149,0.1469,77317.22,77295.77,0.5015999999999999,0.98224,1e-05,5.172,0.1,0.0
2026-09-02T19:17:54Z,2026-09-11,9,66000.0,P,0.0004,0.0006,0.0005,77317.22,77295.77,0.5015999999999999,-0.01776,1e-05,5.172,265.1,113.0
2026-09-02T19:17:54Z,2026-09-11,9,67000.0,C,0.1315,0.1365,0.1341,77315.32,77295.77,0.4775,0.97716,1e-05,6.40341,0.0,0.0
2026-09-02T19:17:54Z,2026-09-11,9,67000.0,P,0.0005,0.0008,0.0006,77315.32,77295.77,0.4775,-0.02284,1e-05,6.40341,405.2,8.3
2026-09-02T19:17:54Z,2026-09-11,9,68000.0,C,0.12,0.1235,0.1213,77317.22,77295.77,0.4445,0.9728,1e-05,7.41234,1.6,0.5
2026-09-02T19:17:54Z,2026-09-11,9,68000.0,P,0.0006,0.0008,0.0007,77315.32,77295.77,0.4445,-0.02722,1e-05,7.41732,861.8,2.4
2026-09-02T19:17:54Z,2026-09-11,9,69000.0,C,0.106,0.111,0.1086,77315.32,77295.77,0.42369999999999997,0.96322,2e-05,9.51147,3.6,0.0
2026-09-02T19:17:54Z,2026-09-11,9,69000.0,P,0.0009,0.0011,0.001,77315.32,77295.77,0.42369999999999997,-0.03678,2e-05,9.51147,615.1,5.4
2026-09-02T19:17:54Z,2026-09-11,9,70000.0,C,0.0935,0.0995,0.096,77317.22,77295.77,0.40049999999999997,0.951,2e-05,11.99419,286.8,0.0
2026-09-02T19:17:54Z,2026-09-11,9,70000.0,P,0.0012,0.0014,0.0013,77315.1,77295.77,0.40049999999999997,-0.04904,2e-05,12.00247,689.8,300.9
2026-09-02T19:17:54Z,2026-09-11,9,71000.0,C,0.082,0.0855,0.0834,77314.44,77295.77,0.37829999999999997,0.93346,3e-05,15.25975,26.0,0.0
2026-09-02T19:17:54Z,2026-09-11,9,71000.0,P,0.0016,0.0019,0.0017,77315.1,77295.77,0.37829999999999997,-0.06652,3e-05,15.25649,471.8,151.2
2026-09-02T19:17:54Z,2026-09-11,9,72000.0,C,0.069,0.0735,0.0712,77315.1,77295.77,0.3607,0.90646,4e-05,19.74895,147.9,0.0
2026-09-02T19:17:54Z,2026-09-11,9,72000.0,P,0.0023,0.0026,0.0025,77315.1,77295.77,0.3607,-0.09354,4e-05,19.74895,490.1,169.1
2026-09-02T19:17:54Z,2026-09-11,9,73000.0,C,0.058,0.0615,0.0594,77315.1,77295.77,0.34509999999999996,0.86755,5e-05,25.32602,14.0,2.0
2026-09-02T19:17:54Z,2026-09-11,9,73000.0,P,0.0034,0.0038,0.0036,77314.44,77295.77,0.34509999999999996,-0.13248,5e-05,25.33037,1256.7,76.8
2026-09-02T19:17:54Z,2026-09-11,9,74000.0,C,0.047,0.0505,0.0483,77315.1,77295.77,0.3335,0.81195,7e-05,31.86926,17.8,0.3
2026-09-02T19:17:54Z,2026-09-11,9,74000.0,P,0.005,0.006,0.0054,77314.44,77295.77,0.3335,-0.1881,7e-05,31.87371,578.5,205.9
2026-09-02T19:17:54Z,2026-09-11,9,75000.0,C,0.037,0.039,0.0381,77314.44,77295.77,0.32539999999999997,0.73758,8e-05,38.51867,81.9,0.0
2026-09-02T19:17:54Z,2026-09-11,9,75000.0,P,0.0075,0.0085,0.0081,77315.1,77295.77,0.32539999999999997,-0.26237,8e-05,38.51479,838.5,172.4
2026-09-02T19:17:54Z,2026-09-11,9,76000.0,C,0.028,0.0295,0.0288,77315.1,77295.77,0.3161,0.64772,0.0001,43.87951,104.6,2.0
2026-09-02T19:17:54Z,2026-09-11,9,76000.0,P,0.0115,0.0125,0.0118,77315.1,77295.77,0.3161,-0.35228,0.0001,43.87951,170.8,12.1
2026-09-02T19:17:54Z,2026-09-11,9,77000.0,C,0.0205,0.0215,0.0211,77314.44,77295.77,0.3122,0.5435,0.00011,46.86901,131.0,9.3
2026-09-02T19:17:54Z,2026-09-11,9,77000.0,P,0.0165,0.0175,0.017,77314.44,77295.77,0.3122,-0.4565,0.00011,46.86901,428.4,256.5
2026-09-02T19:17:54Z,2026-09-11,9,78000.0,C,0.0145,0.0155,0.0149,77315.1,77295.77,0.31,0.43549,0.00011,46.53215,847.2,132.1
2026-09-02T19:17:54Z,2026-09-11,9,78000.0,P,0.023,0.0245,0.0237,77314.44,77295.77,0.31,-0.56458,0.00011,46.53039,236.1,14.9
2026-09-02T19:17:54Z,2026-09-11,9,79000.0,C,0.01,0.0105,0.0102,77315.1,77295.77,0.3115,0.33399,0.0001,43.00615,261.5,133.6
2026-09-02T19:17:54Z,2026-09-11,9,79000.0,P,0.031,0.033,0.032,77314.44,77295.77,0.3115,-0.66608,0.0001,43.00248,60.5,11.8
2026-09-02T19:17:54Z,2026-09-11,9,80000.0,C,0.007,0.0075,0.0071,77315.1,77295.77,0.3185,0.24924,8e-05,37.49632,877.7,297.9
2026-09-02T19:17:54Z,2026-09-11,9,80000.0,P,0.04,0.0435,0.0418,77314.21,77295.77,0.3185,-0.75083,8e-05,37.49033,98.0,7.4
2026-09-02T19:17:54Z,2026-09-11,9,81000.0,C,0.0045,0.0048,0.0046,77314.39,77295.77,0.3215,0.178,7e-05,30.79515,417.7,180.8
2026-09-02T19:17:54Z,2026-09-11,9,81000.0,P,0.0505,0.054,0.0523,77314.39,77295.77,0.3215,-0.822,7e-05,30.79515,30.3,0.0
2026-09-02T19:17:54Z,2026-09-11,9,82000.0,C,0.003,0.0034,0.0032,77314.21,77295.77,0.33340000000000003,0.12945,5e-05,24.92899,615.0,358.0
2026-09-02T19:17:54Z,2026-09-11,9,82000.0,P,0.0615,0.0655,0.0638,77314.21,77295.77,0.33340000000000003,-0.87055,5e-05,24.92899,15.3,8.4
2026-09-02T19:17:54Z,2026-09-11,9,83000.0,C,0.0021,0.0024,0.0023,77314.39,77295.77,0.3467,0.09472,4e-05,19.93237,284.3,93.7
2026-09-02T19:17:54Z,2026-09-11,9,83000.0,P,0.0735,0.078,0.0758,77314.39,77295.77,0.3467,-0.90528,4e-05,19.93237,0.0,0.0
2026-09-02T19:17:54Z,2026-09-11,9,84000.0,C,0.0016,0.0018,0.0017,77314.39,77295.77,0.3616,0.07043,3e-05,15.94406,371.8,77.8
2026-09-02T19:17:54Z,2026-09-11,9,84000.0,P,0.0855,0.0905,0.0881,77314.39,77295.77,0.3616,-0.92957,3e-05,15.94406,1.6,0.0
2026-09-02T19:17:54Z,2026-09-11,9,85000.0,C,0.0012,0.0014,0.0013,77314.39,77295.77,0.3782,0.05365,2e-05,12.89161,704.7,51.9
2026-09-02T19:17:54Z,2026-09-11,9,85000.0,P,0.098,0.1035,0.1007,77314.21,77295.77,0.3782,-0.94635,2e-05,12.89075,30.5,0.0
2026-09-02T19:17:54Z,2026-09-11,9,86000.0,C,0.0008,0.0011,0.001,77314.21,77295.77,0.39390000000000003,0.04111,2e-05,10.41428,259.2,14.7
2026-09-02T19:17:54Z,2026-09-11,9,86000.0,P,0.109,0.1165,0.1133,77314.21,77295.77,0.39390000000000003,-0.95889,2e-05,10.41428,0.0,0.0
2026-09-02T19:17:54Z,2026-09-11,9,88000.0,C,0.0006,0.0007,0.0006,77314.39,77295.77,0.4252,0.02504,1e-05,6.91597,522.7,14.6
2026-09-02T19:17:54Z,2026-09-11,9,88000.0,P,0.136,0.142,0.1388,77314.21,77295.77,0.4252,-0.97497,1e-05,6.91546,0.0,0.0
2026-09-02T19:17:54Z,2026-09-11,9,90000.0,C,0.0003,0.0005,0.0004,77314.39,77295.77,0.4545,0.0157,1e-05,4.65577,1579.8,105.3
2026-09-02T19:17:54Z,2026-09-11,9,90000.0,P,0.1615,0.167,0.1644,77314.21,77295.77,0.4545,-0.9843,1e-05,4.65542,0.1,0.0
2026-09-02T19:17:54Z,2026-09-11,9,95000.0,C,0.0001,0.0002,0.0001,77314.21,77295.77,0.5262,0.00585,0.0,1.96618,588.6,0.5
2026-09-02T19:17:54Z,2026-09-11,9,95000.0,P,0.226,0.232,0.2289,77314.39,77295.77,0.5262,-0.99415,0.0,1.96632,0.1,0.0
2026-09-02T19:17:54Z,2026-09-18,16,65000.0,C,0.1585,0.1635,0.161,77355.8,77295.77,0.4702,0.96734,1e-05,11.64807,0.0,0.0
2026-09-02T19:17:54Z,2026-09-18,16,65000.0,P,0.0013,0.0014,0.0013,77355.53,77295.77,0.4702,-0.03267,1e-05,11.6488,80.8,4.0
2026-09-02T19:17:54Z,2026-09-18,16,68000.0,C,0.121,0.126,0.1234,77355.53,77295.77,0.4179,0.93806,2e-05,19.48563,0.0,0.0
2026-09-02T19:17:54Z,2026-09-18,16,68000.0,P,0.0022,0.0025,0.0024,77355.53,77295.77,0.4179,-0.06194,2e-05,19.48563,27.8,1.1
2026-09-02T19:17:54Z,2026-09-18,16,69000.0,C,0.109,0.113,0.111,77355.53,77295.77,0.4025,0.92194,2e-05,23.28475,0.0,0.0
2026-09-02T19:17:54Z,2026-09-18,16,69000.0,P,0.0029,0.0032,0.003,77355.44,77295.77,0.4025,-0.07807,2e-05,23.28536,12.2,2.1
2026-09-02T19:17:54Z,2026-09-18,16,70000.0,C,0.098,0.101,0.099,77355.44,77295.77,0.3893,0.9005,3e-05,27.89907,0.0,0.0
2026-09-02T19:17:54Z,2026-09-18,16,70000.0,P,0.0037,0.0041,0.0039,77355.44,77295.77,0.3893,-0.0995,3e-05,27.89907,62.8,1.3
2026-09-02T19:17:54Z,2026-09-18,16,72000.0,C,0.074,0.078,0.0759,77355.53,77295.77,0.36560000000000004,0.8387,4e-05,39.02756,0.0,0.0
2026-09-02T19:17:54Z,2026-09-18,16,72000.0,P,0.0065,0.007,0.0066,77355.44,77295.77,0.36560000000000004,-0.1613,4e-05,39.02811,1201.5,606.6
2026-09-02T19:17:54Z,2026-09-18,16,74000.0,C,0.054,0.056,0.0551,77355.44,77295.77,0.3508,0.74186,6e-05,51.56333,23.2,0.0
2026-09-02T19:17:54Z,2026-09-18,16,74000.0,P,0.0115,0.012,0.0117,77355.53,77295.77,0.3508,-0.25814,6e-05,51.56285,179.5,2.8
2026-09-02T19:17:54Z,2026-09-18,16,75000.0,C,0.045,0.047,0.0457,77355.44,77295.77,0.34450000000000003,0.68106,6e-05,56.98018,34.7,0.4
2026-09-02T19:17:54Z,2026-09-18,16,75000.0,P,0.015,0.0155,0.0153,77355.53,77295.77,0.34450000000000003,-0.31893,6e-05,56.9798,307.5,45.8
2026-09-02T19:17:54Z,2026-09-18,16,76000.0,C,0.0365,0.038,0.0374,77355.44,77295.77,0.34,0.61298,7e-05,61.08427,18.0,4.0
2026-09-02T19:17:54Z,2026-09-18,16,76000.0,P,0.0195,0.0205,0.0198,77355.44,77295.77,0.34,-0.38702,7e-05,61.08427,174.5,62.1
2026-09-02T19:17:54Z,2026-09-18,16,77000.0,C,0.0295,0.031,0.0301,77355.44,77295.77,0.3378,0.5402,7e-05,63.331,52.9,34.8
2026-09-02T19:17:54Z,2026-09-18,16,77000.0,P,0.025,0.026,0.0255,77355.53,77295.77,0.3378,-0.45979,7e-05,63.33097,428.0,281.2
2026-09-02T19:17:54Z,2026-09-18,16,78000.0,C,0.0235,0.024,0.0238,77355.53,77295.77,0.3356,0.46604,7e-05,63.4237,84.3,30.6
2026-09-02T19:17:54Z,2026-09-18,16,78000.0,P,0.0315,0.0325,0.0321,77355.53,77295.77,0.3356,-0.53396,7e-05,63.4237,233.1,15.0
2026-09-02T19:17:54Z,2026-09-18,16,79000.0,C,0.018,0.019,0.0187,77355.44,77295.77,0.3369,0.39434,7e-05,61.40875,323.5,11.0
2026-09-02T19:17:54Z,2026-09-18,16,79000.0,P,0.039,0.041,0.0399,77355.44,77295.77,0.3369,-0.60566,7e-05,61.40868,50.4,3.9
2026-09-02T19:17:54Z,2026-09-18,16,80000.0,C,0.014,0.015,0.0144,77351.53,77295.77,0.3382,0.32715,7e-05,57.57932,359.7,23.2
2026-09-02T19:17:54Z,2026-09-18,16,80000.0,P,0.048,0.0495,0.0486,77355.36,77295.77,0.3382,-0.67259,7e-05,57.60047,51.6,0.0
2026-09-02T19:17:54Z,2026-09-18,16,81000.0,C,0.0105,0.0115,0.0112,77351.53,77295.77,0.3422,0.26838,6e-05,52.59521,194.5,6.1
2026-09-02T19:17:54Z,2026-09-18,16,81000.0,P,0.056,0.0595,0.0583,77351.53,77295.77,0.3422,-0.73162,6e-05,52.59521,17.3,0.0
2026-09-02T19:17:54Z,2026-09-18,16,82000.0,C,0.008,0.009,0.0086,77351.53,77295.77,0.3458,0.21694,5e-05,46.86167,1000.5,639.5
2026-09-02T19:17:54Z,2026-09-18,16,82000.0,P,0.0665,0.07,0.0686,77351.53,77295.77,0.3458,-0.78307,5e-05,46.86149,2.0,0.0
2026-09-02T19:17:54Z,2026-09-18,16,83000.0,C,0.006,0.007,0.0066,77351.53,77295.77,0.3517,0.17484,5e-05,41.1037,413.6,28.6
2026-09-02T19:17:54Z,2026-09-18,16,83000.0,P,0.077,0.082,0.0796,77351.53,77295.77,0.3517,-0.82516,5e-05,41.1037,0.0,0.0
2026-09-02T19:17:54Z,2026-09-18,16,84000.0,C,0.0049,0.0055,0.0051,77355.36,77295.77,0.35850000000000004,0.14067,4e-05,35.62978,84.6,4.3
2026-09-02T19:17:54Z,2026-09-18,16,84000.0,P,0.0885,0.093,0.091,77355.36,77295.77,0.35850000000000004,-0.85933,4e-05,35.62978,0.1,0.0
2026-09-02T19:17:54Z,2026-09-18,16,85000.0,C,0.0038,0.0042,0.004,77351.53,77295.77,0.3661,0.11295,3e-05,30.57538,63.6,65.6
2026-09-02T19:17:54Z,2026-09-18,16,85000.0,P,0.1005,0.1055,0.1028,77351.53,77295.77,0.3661,-0.88705,3e-05,30.57552,0.0,0.0
2026-09-02T19:17:54Z,2026-09-18,16,86000.0,C,0.003,0.0034,0.0032,77351.53,77295.77,0.375,0.09149,3e-05,26.22759,303.1,44.9
2026-09-02T19:17:54Z,2026-09-18,16,86000.0,P,0.112,0.118,0.1149,77351.53,77295.77,0.375,-0.90851,3e-05,26.22759,0.0,0.0
2026-09-02T19:17:54Z,2026-09-18,16,88000.0,C,0.0021,0.0023,0.0021,77351.53,77295.77,0.3956,0.0618,2e-05,19.45025,351.4,2.7
2026-09-02T19:17:54Z,2026-09-18,16,88000.0,P,0.137,0.1425,0.1397,77351.53,77295.77,0.3956,-0.9382,2e-05,19.45025,0.0,0.0
2026-09-02T19:17:54Z,2026-09-18,16,90000.0,C,0.0013,0.0016,0.0015,77351.53,77295.77,0.4171,0.04296,1e-05,14.56742,193.6,8.5
2026-09-02T19:17:54Z,2026-09-18,16,90000.0,P,0.1625,0.168,0.1649,77351.53,77295.77,0.4171,-0.95704,1e-05,14.56742,0.0,0.0
2026-09-02T19:17:54Z,2026-09-18,16,95000.0,C,0.0006,0.0008,0.0007,77351.53,77295.77,0.4752,0.02029,1e-05,7.81856,105.1,0.2
2026-09-02T19:17:54Z,2026-09-18,16,95000.0,P,0.226,0.232,0.2288,77346.14,77295.77,0.4752,-0.97975,1e-05,7.80625,0.0,0.0
2026-09-02T19:17:54Z,2026-09-25,23,30000.0,C,0.6115,0.6135,0.6124,77373.89,77295.77,1.238,0.99939,0.0,0.41041,134.0,0.0
2026-09-02T19:17:54Z,2026-09-25,23,30000.0,P,0.0,0.0001,0.0001,77378.99,77295.77,1.238,-0.00061,0.0,0.41016,2959.5,0.0
2026-09-02T19:17:54Z,2026-09-25,23,35000.0,C,0.547,0.549,0.5478,77373.89,77295.77,1.0761,0.99904,0.0,0.62604,29.3,0.0
2026-09-02T19:17:54Z,2026-09-25,23,35000.0,P,0.0,0.0001,0.0001,77378.99,77295.77,1.0761,-0.00096,0.0,0.6256,1172.2,0.2
2026-09-02T19:17:54Z,2026-09-25,23,40000.0,C,0.482,0.4845,0.4833,77373.89,77295.77,0.9723,0.99783,0.0,1.31351,34.4,0.0
2026-09-02T19:17:54Z,2026-09-25,23,40000.0,P,0.0001,0.0002,0.0002,77373.89,77295.77,0.9723,-0.00217,0.0,1.31351,2805.7,0.0
2026-09-02T19:17:54Z,2026-09-25,23,45000.0,C,0.417,0.4205,0.4188,77373.89,77295.77,0.862,0.99583,0.0,2.36434,224.9,0.0
2026-09-02T19:17:54Z,2026-09-25,23,45000.0,P,0.0002,0.0004,0.0003,77373.89,77295.77,0.862,-0.00417,0.0,2.36434,2183.5,0.9
2026-09-02T19:17:54Z,2026-09-25,23,50000.0,C,0.3525,0.356,0.3544,77373.89,77295.77,0.7534000000000001,0.99237,0.0,4.03983,30.4,0.0
2026-09-02T19:17:54Z,2026-09-25,23,50000.0,P,0.0004,0.0005,0.0005,77374.57,77295.77,0.7534000000000001,-0.00762,0.0,4.03933,3633.7,2.2
2026-09-02T19:17:54Z,2026-09-25,23,52000.0,C,0.3265,0.3305,0.3286,77373.74,77295.77,0.7044,0.99082,0.0,4.75429,150.2,0.0
2026-09-02T19:17:54Z,2026-09-25,23,52000.0,P,0.0004,0.0007,0.0006,77373.74,77295.77,0.7044,-0.00918,0.0,4.75429,1212.3,1.4
2026-09-02T19:17:54Z,2026-09-25,23,54000.0,C,0.3005,0.3045,0.3028,77373.74,77295.77,0.6638,0.9882,0.0,5.91847,7.4,0.0
2026-09-02T19:17:54Z,2026-09-25,23,54000.0,P,0.0006,0.0007,0.0007,77374.57,77295.77,0.6638,-0.0118,0.0,5.91766,759.9,38.2
2026-09-02T19:17:54Z,2026-09-25,23,55000.0,C,0.288,0.292,0.29,77373.74,77295.77,0.6457999999999999,0.98636,0.0,6.70803,143.7,0.0
2026-09-02T19:17:54Z,2026-09-25,23,55000.0,P,0.0007,0.0009,0.0008,77374.57,77295.77,0.6457999999999999,-0.01364,0.0,6.70711,3103.5,2.4
2026-09-02T19:17:54Z,2026-09-25,23,56000.0,C,0.275,0.279,0.2772,77374.57,77295.77,0.6253,0.98457,0.0,7.45906,13.4,0.0
2026-09-02T19:17:54Z,2026-09-25,23,56000.0,P,0.0008,0.0009,0.0009,77374.57,77295.77,0.6253,-0.01543,0.0,7.45906,1668.9,0.2
2026-09-02T19:17:54Z,2026-09-25,23,58000.0,C,0.2495,0.253,0.2515,77374.57,77295.77,0.5761999999999999,0.98147,0.0,8.72363,460.7,0.0
2026-09-02T19:17:54Z,2026-09-25,23,58000.0,P,0.0009,0.0011,0.001,77374.57,77295.77,0.5761999999999999,-0.01853,0.0,8.72363,1319.0,13.4
2026-09-02T19:17:54Z,2026-09-25,23,60000.0,C,0.2235,0.2275,0.2259,77374.57,77295.77,0.5366,0.97582,1e-05,10.92591,837.6,0.6
2026-09-02T19:17:54Z,2026-09-25,23,60000.0,P,0.0012,0.0013,0.0013,77373.74,77295.77,0.5366,-0.02419,1e-05,10.92753,4988.9,723.7
2026-09-02T19:17:54Z,2026-09-25,23,62000.0,C,0.198,0.2025,0.2003,77373.74,77295.77,0.4964,0.96841,1e-05,13.65122,597.4,0.0
2026-09-02T19:17:54Z,2026-09-25,23,62000.0,P,0.0015,0.0018,0.0016,77374.57,77295.77,0.4964,-0.03158,1e-05,13.64917,1179.6,60.0
2026-09-02T19:17:54Z,2026-09-25,23,64000.0,C,0.175,0.178,0.1751,77374.57,77295.77,0.46299999999999997,0.95612,1e-05,17.85331,669.6,18.3
2026-09-02T19:17:54Z,2026-09-25,23,64000.0,P,0.0021,0.0023,0.0022,77374.57,77295.77,0.46299999999999997,-0.04388,1e-05,17.85331,1077.8,0.4
2026-09-02T19:17:54Z,2026-09-25,23,65000.0,C,0.16,0.1655,0.1625,77374.57,77295.77,0.4456,0.94841,1e-05,20.3274,1281.2,3.5
2026-09-02T19:17:54Z,2026-09-25,23,65000.0,P,0.0024,0.0027,0.0025,77374.57,77295.77,0.4456,-0.05159,1e-05,20.3274,989.1,21.9
2026-09-02T19:17:54Z,2026-09-25,23,66000.0,C,0.148,0.153,0.15,77374.04,77295.77,0.43189999999999995,0.93765,1e-05,23.59595,970.0,1.1
2026-09-02T19:17:54Z,2026-09-25,23,66000.0,P,0.0029,0.0032,0.003,77374.04,77295.77,0.43189999999999995,-0.06235,1e-05,23.59595,1616.1,0.3
2026-09-02T19:17:54Z,2026-09-25,23,68000.0,C,0.1235,0.1275,0.1256,77374.61,77295.77,0.4054,0.9087,2e-05,31.55071,896.2,0.1
2026-09-02T19:17:54Z,2026-09-25,23,68000.0,P,0.0043,0.0046,0.0045,77374.04,77295.77,0.4054,-0.09131,2e-05,31.55355,1939.5,6.4
2026-09-02T19:17:54Z,2026-09-25,23,70000.0,C,0.1,0.104,0.1021,77374.04,77295.77,0.38280000000000003,0.86447,3e-05,41.84938,10971.6,0.0
2026-09-02T19:17:54Z,2026-09-25,23,70000.0,P,0.0065,0.007,0.0068,77374.61,77295.77,0.38280000000000003,-0.13552,3e-05,41.84612,8716.4,155.7
2026-09-02T19:17:54Z,2026-09-25,23,72000.0,C,0.078,0.082,0.0801,77374.04,77295.77,0.3655,0.79901,4e-05,53.977,3328.9,0.4
2026-09-02T19:17:54Z,2026-09-25,23,72000.0,P,0.01,0.011,0.0107,77374.61,77295.77,0.3655,-0.20097,4e-05,53.97372,1750.4,27.3
2026-09-02T19:17:54Z,2026-09-25,23,73000.0,C,0.069,0.071,0.0698,77374.61,77295.77,0.35729999999999995,0.75806,5e-05,60.02225,41.0,0.0
2026-09-02T19:17:54Z,2026-09-25,23,73000.0,P,0.013,0.0135,0.0133,77374.04,77295.77,0.35729999999999995,-0.24197,5e-05,60.02529,569.7,43.1
2026-09-02T19:17:54Z,2026-09-25,23,74000.0,C,0.0595,0.0615,0.0602,77374.04,77295.77,0.3517,0.71018,5e-05,65.78188,1513.5,3.7
2026-09-02T19:17:54Z,2026-09-25,23,74000.0,P,0.016,0.017,0.0166,77374.61,77295.77,0.3517,-0.28979,5e-05,65.77929,461.2,24.1
2026-09-02T19:17:54Z,2026-09-25,23,75000.0,C,0.0505,0.0525,0.0513,77374.04,77295.77,0.3457,0.65754,6e-05,70.62841,3353.9,151.3
2026-09-02T19:17:54Z,2026-09-25,23,75000.0,P,0.02,0.021,0.0206,77374.04,77295.77,0.3457,-0.34246,6e-05,70.62841,4488.4,327.0
2026-09-02T19:17:54Z,2026-09-25,23,76000.0,C,0.0425,0.044,0.0431,77374.61,77295.77,0.3414,0.60016,6e-05,74.25947,2878.7,14.5
2026-09-02T19:17:54Z,2026-09-25,23,76000.0,P,0.025,0.026,0.0254,77374.61,77295.77,0.3414,-0.39984,6e-05,74.25947,1049.5,10.6
2026-09-02T19:17:54Z,2026-09-25,23,77000.0,C,0.0355,0.0365,0.036,77374.04,77295.77,0.33899999999999997,0.53969,6e-05,76.30891,296.6,128.4
2026-09-02T19:17:54Z,2026-09-25,23,77000.0,P,0.0305,0.0315,0.0311,77374.61,77295.77,0.33899999999999997,-0.46028,6e-05,76.30881,701.3,14.9
2026-09-02T19:17:54Z,2026-09-25,23,78000.0,C,0.029,0.03,0.0297,77373.89,77295.77,0.3372,0.47833,6e-05,76.57546,5653.2,20.1
2026-09-02T19:17:54Z,2026-09-25,23,78000.0,P,0.037,0.038,0.0377,77373.89,77295.77,0.3372,-0.52167,6e-05,76.57546,2776.4,22.0
2026-09-02T19:17:54Z,2026-09-25,23,79000.0,C,0.024,0.025,0.0243,77373.89,77295.77,0.3369,0.41815,6e-05,75.06894,2279.5,1371.9
2026-09-02T19:17:54Z,2026-09-25,23,79000.0,P,0.0445,0.0455,0.0453,77373.89,77295.77,0.3369,-0.58185,6e-05,75.06894,1002.7,25.5
2026-09-02T19:17:54Z,2026-09-25,23,80000.0,C,0.0195,0.0205,0.0198,77373.89,77295.77,0.3382,0.36121,6e-05,71.9994,5049.6,962.2
2026-09-02T19:17:54Z,2026-09-25,23,80000.0,P,0.0525,0.0545,0.0537,77373.89,77295.77,0.3382,-0.63879,6e-05,71.9994,1000.3,0.3
2026-09-02T19:17:54Z,2026-09-25,23,81000.0,C,0.0155,0.0165,0.016,77373.89,77295.77,0.34049999999999997,0.30886,5e-05,67.70831,2344.5,440.9
2026-09-02T19:17:54Z,2026-09-25,23,81000.0,P,0.0615,0.064,0.0629,77373.89,77295.77,0.34049999999999997,-0.69114,5e-05,67.70831,446.2,0.0
2026-09-02T19:17:54Z,2026-09-25,23,82000.0,C,0.0125,0.0135,0.013,77373.99,77295.77,0.34369999999999995,0.26192,5e-05,62.58945,5018.7,44.4
2026-09-02T19:17:54Z,2026-09-25,23,82000.0,P,0.0705,0.0745,0.0728,77373.89,77295.77,0.34369999999999995,-0.73808,5e-05,62.58876,228.4,0.0
2026-09-02T19:17:54Z,2026-09-25,23,83000.0,C,0.01,0.011,0.0105,77373.89,77295.77,0.3481,0.2211,4e-05,57.08125,880.4,319.3
2026-09-02T19:17:54Z,2026-09-25,23,83000.0,P,0.081,0.0855,0.0832,77373.99,77295.77,0.3481,-0.77889,4e-05,57.08198,0.6,0.0
2026-09-02T19:17:54Z,2026-09-25,23,84000.0,C,0.008,0.009,0.0086,77373.99,77295.77,0.3538,0.1865,4e-05,51.56897,4569.1,759.7
2026-09-02T19:17:54Z,2026-09-25,23,84000.0,P,0.0915,0.0965,0.0942,77373.89,77295.77,0.3538,-0.81351,4e-05,51.56822,47.3,0.0
2026-09-02T19:17:54Z,2026-09-25,23,85000.0,C,0.0065,0.0075,0.007,77373.99,77295.77,0.35840000000000005,0.15599,3e-05,45.99908,8960.0,861.1
2026-09-02T19:17:54Z,2026-09-25,23,85000.0,P,0.103,0.108,0.1055,77373.89,77295.77,0.35840000000000005,-0.84401,3e-05,45.99835,454.4,0.0
2026-09-02T19:17:54Z,2026-09-25,23,86000.0,C,0.0055,0.006,0.0059,77373.99,77295.77,0.36729999999999996,0.13295,3e-05,41.30046,1797.5,3.0
2026-09-02T19:17:54Z,2026-09-25,23,86000.0,P,0.1145,0.12,0.1174,77373.99,77295.77,0.36729999999999996,-0.86705,3e-05,41.30046,11.7,0.0
2026-09-02T19:17:54Z,2026-09-25,23,88000.0,C,0.0039,0.0043,0.0041,77373.89,77295.77,0.3821,0.09539,2e-05,32.5875,1416.4,204.8
2026-09-02T19:17:54Z,2026-09-25,23,88000.0,P,0.1385,0.144,0.1414,77374.05,77295.77,0.3821,-0.90461,2e-05,32.58859,5.8,0.0
2026-09-02T19:17:54Z,2026-09-25,23,90000.0,C,0.003,0.0032,0.003,77374.05,77295.77,0.3998,0.07048,2e-05,25.94538,7666.1,86.3
2026-09-02T19:17:54Z,2026-09-25,23,90000.0,P,0.1625,0.169,0.1662,77374.05,77295.77,0.3998,-0.92952,2e-05,25.94538,579.9,0.0
2026-09-02T19:17:54Z,2026-09-25,23,92000.0,C,0.0021,0.0024,0.0022,77373.84,77295.77,0.41840000000000005,0.05328,1e-05,20.85436,1300.4,1.6
2026-09-02T19:17:54Z,2026-09-25,23,92000.0,P,0.187,0.194,0.1913,77374.05,77295.77,0.41840000000000005,-0.94671,1e-05,20.8553,8.0,0.0
2026-09-02T19:17:54Z,2026-09-25,23,94000.0,C,0.0016,0.002,0.0018,77374.05,77295.77,0.43920000000000003,0.0419,1e-05,17.19944,936.4,171.3
2026-09-02T19:17:54Z,2026-09-25,23,94000.0,P,0.2125,0.2195,0.2167,77374.05,77295.77,0.43920000000000003,-0.9581,1e-05,17.19944,1.9,0.0
2026-09-02T19:17:54Z,2026-09-25,23,95000.0,C,0.0015,0.0018,0.0016,77374.05,77295.77,0.4496,0.03741,1e-05,15.68658,5030.3,0.2
2026-09-02T19:17:54Z,2026-09-25,23,95000.0,P,0.2255,0.2325,0.2294,77374.05,77295.77,0.4496,-0.96259,1e-05,15.68658,147.6,0.0
2026-09-02T19:17:54Z,2026-09-25,23,96000.0,C,0.0013,0.0016,0.0014,77373.84,77295.77,0.4581,0.03301,1e-05,14.15582,1837.0,4.2
2026-09-02T19:17:54Z,2026-09-25,23,96000.0,P,0.2385,0.245,0.2421,77374.05,77295.77,0.4581,-0.96699,1e-05,14.15648,1.0,0.0
2026-09-02T19:17:54Z,2026-09-25,23,98000.0,C,0.0011,0.0013,0.0011,77373.84,77295.77,0.4755,0.02611,1e-05,11.65038,1121.7,0.9
2026-09-02T19:17:54Z,2026-09-25,23,98000.0,P,0.264,0.2705,0.2677,77374.05,77295.77,0.4755,-0.97389,1e-05,11.65093,0.1,0.0
2026-09-02T19:17:54Z,2026-09-25,23,100000.0,C,0.0009,0.0011,0.0009,77374.05,77295.77,0.49450000000000005,0.02136,1e-05,9.84209,7296.1,4.6
2026-09-02T19:17:54Z,2026-09-25,23,100000.0,P,0.29,0.2965,0.2934,77373.84,77295.77,0.49450000000000005,-0.97864,1e-05,9.84162,336.1,0.0
2026-09-02T19:17:54Z,2026-09-25,23,102000.0,C,0.0006,0.0009,0.0007,77374.05,77295.77,0.5083,0.01679,0.0,8.01814,191.2,0.0
2026-09-02T19:17:54Z,2026-09-25,23,102000.0,P,0.3155,0.322,0.319,77374.05,77295.77,0.5083,-0.98321,0.0,8.01814,0.4,0.0
2026-09-02T19:17:54Z,2026-09-25,23,105000.0,C,0.0004,0.0007,0.0005,77374.05,77295.77,0.5301,0.01215,0.0,6.06862,1537.2,0.6
2026-09-02T19:17:54Z,2026-09-25,23,105000.0,P,0.3535,0.361,0.3576,77373.84,77295.77,0.5301,-0.98785,0.0,6.06832,105.5,0.0
2026-09-02T19:17:54Z,2026-09-25,23,110000.0,C,0.0003,0.0004,0.0003,77378.32,77295.77,0.5563,0.00664,0.0,3.57523,1512.5,0.1
2026-09-02T19:17:54Z,2026-09-25,23,110000.0,P,0.417,0.425,0.422,77378.32,77295.77,0.5563,-0.99336,0.0,3.57523,215.7,0.0
2026-09-02T19:17:54Z,2026-09-25,23,115000.0,C,0.0001,0.0003,0.0002,77374.0,77295.77,0.5872999999999999,0.00411,0.0,2.33327,2158.6,0.4
2026-09-02T19:17:54Z,2026-09-25,23,115000.0,P,0.481,0.49,0.4865,77378.32,77295.77,0.5872999999999999,-0.99589,0.0,2.33576,93.7,0.0
2026-09-02T19:17:54Z,2026-09-25,23,120000.0,C,0.0001,0.0002,0.0001,77378.32,77295.77,0.6289,0.00316,0.0,1.84461,1324.8,0.0
2026-09-02T19:17:54Z,2026-09-25,23,120000.0,P,0.5455,0.5545,0.5511,77378.32,77295.77,0.6289,-0.99684,0.0,1.84461,174.5,0.0
2026-09-02T19:17:54Z,2026-09-25,23,125000.0,C,0.0001,0.0002,0.0001,77374.0,77295.77,0.6792,0.00291,0.0,1.70962,2322.5,0.0
2026-09-02T19:17:54Z,2026-09-25,23,125000.0,P,0.6105,0.619,0.6157,77378.32,77295.77,0.6792,-0.99709,0.0,1.71127,21.7,0.0
2026-09-02T19:17:54Z,2026-09-25,23,130000.0,C,0.0,0.0001,0.0001,77378.32,77295.77,0.6981999999999999,0.00184,0.0,1.13079,1451.2,1.0
2026-09-02T19:17:54Z,2026-09-25,23,130000.0,P,0.6745,0.6845,0.6802,77378.32,77295.77,0.6981999999999999,-0.99816,0.0,1.13079,21.4,0.0
2026-09-02T19:17:54Z,2026-09-25,23,135000.0,C,0.0,0.0001,0.0,77378.32,77295.77,0.7019,0.00095,0.0,0.6191,471.8,0.0
2026-09-02T19:17:54Z,2026-09-25,23,135000.0,P,0.737,0.7485,0.7448,77374.0,77295.77,0.7019,-0.99905,0.0,0.61845,11.5,0.0
2026-09-02T19:17:54Z,2026-09-25,23,140000.0,C,0.0,0.0001,0.0,77378.32,77295.77,0.7328,0.00077,0.0,0.51121,1208.8,0.0
2026-09-02T19:17:54Z,2026-09-25,23,140000.0,P,0.803,0.814,0.8094,77378.32,77295.77,0.7328,-0.99923,0.0,0.51121,1.4,0.0
2026-09-02T19:17:54Z,2026-09-25,23,145000.0,C,0.0,0.0001,0.0,77374.0,77295.77,0.7729,0.00075,0.0,0.4968,485.3,0.0
2026-09-02T19:17:54Z,2026-09-25,23,145000.0,P,0.8655,0.878,0.8741,77374.0,77295.77,0.7729,-0.99925,0.0,0.4968,0.2,0.0
2026-09-02T19:17:54Z,2026-09-25,23,150000.0,C,0.0,0.0001,0.0,77374.0,77295.77,0.8114,0.00073,0.0,0.48364,768.8,0.0
2026-09-02T19:17:54Z,2026-09-25,23,150000.0,P,0.93,0.943,0.9387,77378.32,77295.77,0.8114,-0.99927,0.0,0.48409,4.5,0.0
2026-09-02T19:17:54Z,2026-09-25,23,155000.0,C,0.0,0.0001,0.0,77374.0,77295.77,0.8133,0.00042,0.0,0.29226,378.0,0.0
2026-09-02T19:17:54Z,2026-09-25,23,155000.0,P,0.9935,1.009,1.0033,77378.32,77295.77,0.8133,-0.99958,0.0,0.29255,0.1,0.0
2026-09-02T19:17:54Z,2026-09-25,23,160000.0,C,0.0,0.0001,0.0,77377.84,77295.77,0.8188,0.00026,0.0,0.18646,1498.4,0.0
2026-09-02T19:17:54Z,2026-09-25,23,160000.0,P,1.0585,1.074,1.0679,77377.84,77295.77,0.8188,-0.99974,0.0,0.18646,0.6,0.0
2026-09-02T19:17:54Z,2026-09-25,23,165000.0,C,0.0,0.0001,0.0,77377.84,77295.77,0.8449,0.00023,0.0,0.1664,266.6,0.0
2026-09-02T19:17:54Z,2026-09-25,23,165000.0,P,1.123,1.1385,1.1325,77377.84,77295.77,0.8449,-0.99977,0.0,0.1664,0.0,0.0
2026-09-02T19:17:54Z,2026-09-25,23,170000.0,C,0.0,0.0001,0.0,77378.3,77295.77,0.8693000000000001,0.0002,0.0,0.14753,444.9,0.0
2026-09-02T19:17:54Z,2026-09-25,23,170000.0,P,1.187,1.2035,1.1971,77377.84,77295.77,0.8693000000000001,-0.9998,0.0,0.14751,0.0,0.0
2026-09-02T19:17:54Z,2026-09-25,23,175000.0,C,0.0,0.0001,0.0,77377.84,77295.77,0.89,0.00017,0.0,0.12632,1904.8,0.0
2026-09-02T19:17:54Z,2026-09-25,23,175000.0,P,1.2505,1.2675,1.2617,77377.84,77295.77,0.89,-0.99983,0.0,0.12632,3.3,0.0
2026-09-02T19:17:54Z,2026-09-25,23,180000.0,C,0.0,0.0001,0.0,77377.84,77295.77,0.9184,0.00017,0.0,0.12369,792.3,0.0
2026-09-02T19:17:54Z,2026-09-25,23,180000.0,P,1.315,1.332,1.3264,77377.84,77295.77,0.9184,-0.99983,0.0,0.12369,10.5,0.0
2026-09-02T19:17:54Z,2026-09-25,23,190000.0,C,0.0,0.0001,0.0,77378.3,77295.77,0.9386,9e-05,0.0,0.0715,762.1,0.0
2026-09-02T19:17:54Z,2026-09-25,23,190000.0,P,1.446,1.462,1.4556,77378.3,77295.77,0.9386,-0.99991,0.0,0.0715,0.0,0.0
2026-09-02T19:17:54Z,2026-09-25,23,200000.0,C,0.0,0.0001,0.0,77377.84,77295.77,0.9823999999999999,8e-05,0.0,0.06318,1018.5,0.0
2026-09-02T19:17:54Z,2026-09-25,23,200000.0,P,1.573,1.592,1.5849,77377.84,77295.77,0.9823999999999999,-0.99992,0.0,0.06318,0.1,0.0
2026-09-02T19:17:54Z,2026-09-25,23,220000.0,C,0.0,0.0001,0.0,77378.3,77295.77,1.0735999999999999,8e-05,0.0,0.05962,241.9,0.0
2026-09-02T19:17:54Z,2026-09-25,23,220000.0,P,1.8295,1.8515,1.8433,77378.3,77295.77,1.0735999999999999,-0.99992,0.0,0.05962,24.8,0.0
2026-09-02T19:17:54Z,2026-09-25,23,240000.0,C,0.0,0.0001,0.0,77377.84,77295.77,1.156,7e-05,0.0,0.05659,211.9,0.0
2026-09-02T19:17:54Z,2026-09-25,23,240000.0,P,2.0895,2.111,2.1018,77377.84,77295.77,1.156,-0.99993,0.0,0.05659,0.0,0.0
2026-09-02T19:17:54Z,2026-09-25,23,260000.0,C,0.0,0.0001,0.0,77377.84,77295.77,1.2309,7e-05,0.0,0.05395,293.3,0.0
2026-09-02T19:17:54Z,2026-09-25,23,260000.0,P,2.347,2.3705,2.3603,77377.84,77295.77,1.2309,-0.99993,0.0,0.05395,0.0,0.0
2026-09-02T19:17:54Z,2026-09-25,23,280000.0,C,0.0,0.0001,0.0,77377.82,77295.77,1.2987,7e-05,0.0,0.05106,76.1,0.0
2026-09-02T19:17:54Z,2026-09-25,23,280000.0,P,2.6005,2.629,2.6186,77380.29,77295.77,1.2987,-0.99993,0.0,0.05108,0.0,0.0
2026-09-02T19:17:54Z,2026-09-25,23,300000.0,C,0.0,0.0001,0.0,77377.82,77295.77,1.3629,6e-05,0.0,0.04953,196.3,0.0
2026-09-02T19:17:54Z,2026-09-25,23,300000.0,P,2.8615,2.8865,2.8771,77380.29,77295.77,1.3629,-0.99994,0.0,0.04955,0.0,0.0
2026-09-02T19:17:54Z,2026-09-25,23,320000.0,C,0.0,0.0001,0.0,77380.29,77295.77,1.4015,5e-05,0.0,0.03775,304.6,0.0
2026-09-02T19:17:54Z,2026-09-25,23,320000.0,P,3.117,3.146,3.1355,77380.29,77295.77,1.4015,-0.99995,0.0,0.03775,25.1,0.0
2026-09-02T19:17:54Z,2026-10-30,58,40000.0,C,0.4845,0.4875,0.4862,77753.91,77295.77,0.7190000000000001,0.99327,0.0,5.81184,0.1,0.0
2026-09-02T19:17:54Z,2026-10-30,58,40000.0,P,0.0005,0.0009,0.0007,77753.91,77295.77,0.7190000000000001,-0.00673,0.0,5.81184,76.7,0.2
2026-09-02T19:17:54Z,2026-10-30,58,45000.0,C,0.4205,0.4245,0.4224,77753.91,77295.77,0.6466,0.98805,0.0,9.6062,0.1,0.0
2026-09-02T19:17:54Z,2026-10-30,58,45000.0,P,0.001,0.0013,0.0012,77753.91,77295.77,0.6466,-0.01195,0.0,9.6062,219.6,0.0
2026-09-02T19:17:54Z,2026-10-30,58,48000.0,C,0.3825,0.387,0.3842,77753.91,77295.77,0.6043,0.98344,0.0,12.72827,0.1,0.0
2026-09-02T19:17:54Z,2026-10-30,58,48000.0,P,0.0014,0.0017,0.0015,77753.91,77295.77,0.6043,-0.01656,0.0,12.72827,191.4,3.0
2026-09-02T19:17:54Z,2026-10-30,58,50000.0,C,0.357,0.362,0.3588,77753.91,77295.77,0.5785,0.97919,0.0,15.45905,0.1,0.0
2026-09-02T19:17:54Z,2026-10-30,58,50000.0,P,0.0017,0.0021,0.0019,77753.91,77295.77,0.5785,-0.02081,0.0,15.45905,345.5,10.4
2026-09-02T19:17:54Z,2026-10-30,58,52000.0,C,0.3315,0.3365,0.3335,77753.91,77295.77,0.5493,0.97463,0.0,18.26394,0.1,0.0
2026-09-02T19:17:54Z,2026-10-30,58,52000.0,P,0.002,0.0025,0.0023,77749.04,77295.77,0.5493,-0.02539,0.0,18.27284,125.7,0.0
2026-09-02T19:17:54Z,2026-10-30,58,54000.0,C,0.306,0.3115,0.3083,77749.04,77295.77,0.5246,0.96815,0.0,22.06909,0.1,0.0
2026-09-02T19:17:54Z,2026-10-30,58,54000.0,P,0.0026,0.003,0.0028,77749.04,77295.77,0.5246,-0.03185,0.0,22.06909,189.7,0.0
2026-09-02T19:17:54Z,2026-10-30,58,55000.0,C,0.2935,0.299,0.2958,77749.04,77295.77,0.5131,0.96416,0.0,24.32022,0.1,0.0
2026-09-02T19:17:54Z,2026-10-30,58,55000.0,P,0.0029,0.0034,0.0031,77749.04,77295.77,0.5131,-0.03584,0.0,24.32022,316.2,0.0
2026-09-02T19:17:54Z,2026-10-30,58,56000.0,C,0.281,0.2865,0.2833,77749.04,77295.77,0.5012,0.95981,1e-05,26.702,0.0,0.0
2026-09-02T19:17:54Z,2026-10-30,58,56000.0,P,0.0032,0.0037,0.0035,77749.04,77295.77,0.5012,-0.04019,1e-05,26.702,463.9,0.0
2026-09-02T19:17:54Z,2026-10-30,58,57000.0,C,0.2685,0.273,0.2708,77749.04,77295.77,0.48969999999999997,0.95486,1e-05,29.33191,0.1,0.0
2026-09-02T19:17:54Z,2026-10-30,58,57000.0,P,0.0036,0.0041,0.0039,77749.04,77295.77,0.48969999999999997,-0.04514,1e-05,29.33191,207.9,0.0
2026-09-02T19:17:54Z,2026-10-30,58,58000.0,C,0.2565,0.26,0.2584,77749.04,77295.77,0.47850000000000004,0.94924,1e-05,32.22189,0.0,0.0
2026-09-02T19:17:54Z,2026-10-30,58,58000.0,P,0.0041,0.0046,0.0043,77749.04,77295.77,0.47850000000000004,-0.05076,1e-05,32.22189,325.5,1.7
2026-09-02T19:17:54Z,2026-10-30,58,59000.0,C,0.2435,0.2495,0.2462,77749.04,77295.77,0.4714,0.94158,1e-05,36.00886,1.0,0.0
2026-09-02T19:17:54Z,2026-10-30,58,59000.0,P,0.0046,0.0055,0.005,77749.04,77295.77,0.4714,-0.05842,1e-05,36.00886,79.1,1.3
2026-09-02T19:17:54Z,2026-10-30,58,60000.0,C,0.231,0.2355,0.2339,77749.04,77295.77,0.4585,0.93508,1e-05,39.10028,16.5,0.0
2026-09-02T19:17:54Z,2026-10-30,58,60000.0,P,0.005,0.006,0.0055,77749.04,77295.77,0.4585,-0.06492,1e-05,39.10028,1544.2,0.3
2026-09-02T19:17:54Z,2026-10-30,58,61000.0,C,0.22,0.2235,0.2215,77749.04,77295.77,0.4448,0.92814,1e-05,42.28902,7.7,0.0
2026-09-02T19:17:54Z,2026-10-30,58,61000.0,P,0.006,0.0065,0.0061,77749.04,77295.77,0.4448,-0.07186,1e-05,42.28902,234.2,0.0
2026-09-02T19:17:54Z,2026-10-30,58,62000.0,C,0.2075,0.2115,0.2097,77749.04,77295.77,0.4387,0.91725,1e-05,47.07495,13.5,0.0
2026-09-02T19:17:54Z,2026-10-30,58,62000.0,P,0.0065,0.0075,0.0071,77749.04,77295.77,0.4387,-0.08275,1e-05,47.07495,1195.0,43.0
2026-09-02T19:17:54Z,2026-10-30,58,63000.0,C,0.196,0.1995,0.1978,77753.78,77295.77,0.4305,0.90603,1e-05,51.75586,153.2,0.0
2026-09-02T19:17:54Z,2026-10-30,58,63000.0,P,0.0075,0.0085,0.0081,77748.76,77295.77,0.4305,-0.09403,1e-05,51.77784,517.3,9.9
2026-09-02T19:17:54Z,2026-10-30,58,64000.0,C,0.1845,0.188,0.186,77748.84,77295.77,0.4205,0.89421,1e-05,56.43219,416.8,2.0
2026-09-02T19:17:54Z,2026-10-30,58,64000.0,P,0.0085,0.0095,0.0091,77748.76,77295.77,0.4205,-0.10579,1e-05,56.43257,662.9,7.9
2026-09-02T19:17:54Z,2026-10-30,58,65000.0,C,0.173,0.176,0.1744,77748.76,77295.77,0.4122,0.88023,2e-05,61.66081,434.6,0.0
2026-09-02T19:17:54Z,2026-10-30,58,65000.0,P,0.01,0.011,0.0104,77748.76,77295.77,0.4122,-0.11977,2e-05,61.66081,535.4,1.4
2026-09-02T19:17:54Z,2026-10-30,58,66000.0,C,0.1615,0.165,0.163,77748.76,77295.77,0.4046,0.8644,2e-05,67.22223,90.1,0.0
2026-09-02T19:17:54Z,2026-10-30,58,66000.0,P,0.0115,0.012,0.0118,77748.76,77295.77,0.4046,-0.1356,2e-05,67.22223,151.2,0.7
2026-09-02T19:17:54Z,2026-10-30,58,67000.0,C,0.1505,0.1535,0.1519,77748.76,77295.77,0.3982,0.84617,2e-05,73.18355,108.4,0.0
2026-09-02T19:17:54Z,2026-10-30,58,67000.0,P,0.013,0.014,0.0136,77748.76,77295.77,0.3982,-0.15383,2e-05,73.18355,398.2,8.4
2026-09-02T19:17:54Z,2026-10-30,58,68000.0,C,0.139,0.143,0.1411,77748.76,77295.77,0.39189999999999997,0.82611,2e-05,79.24498,518.8,375.0
2026-09-02T19:17:54Z,2026-10-30,58,68000.0,P,0.015,0.016,0.0156,77748.76,77295.77,0.39189999999999997,-0.17389,2e-05,79.24498,383.3,8.3
2026-09-02T19:17:54Z,2026-10-30,58,69000.0,C,0.1285,0.1325,0.1306,77748.76,77295.77,0.386,0.80387,2e-05,85.40154,686.2,380.0
2026-09-02T19:17:54Z,2026-10-30,58,69000.0,P,0.0175,0.0185,0.018,77748.76,77295.77,0.386,-0.19613,2e-05,85.40154,264.0,9.3
2026-09-02T19:17:54Z,2026-10-30,58,70000.0,C,0.119,0.1215,0.1204,77748.76,77295.77,0.3811,0.77922,3e-05,91.57978,1102.1,0.0
2026-09-02T19:17:54Z,2026-10-30,58,70000.0,P,0.02,0.021,0.0207,77748.84,77295.77,0.3811,-0.22078,3e-05,91.5794,834.9,53.2
2026-09-02T19:17:54Z,2026-10-30,58,71000.0,C,0.1095,0.1115,0.1106,77748.76,77295.77,0.3761,0.75261,3e-05,97.54006,977.5,200.0
2026-09-02T19:17:54Z,2026-10-30,58,71000.0,P,0.023,0.024,0.0237,77748.76,77295.77,0.3761,-0.24739,3e-05,97.54006,97.6,0.1
2026-09-02T19:17:54Z,2026-10-30,58,72000.0,C,0.1,0.102,0.1012,77748.76,77295.77,0.37229999999999996,0.72363,3e-05,103.24632,468.4,0.0
2026-09-02T19:17:54Z,2026-10-30,58,72000.0,P,0.0265,0.0275,0.0272,77748.76,77295.77,0.37229999999999996,-0.27637,3e-05,103.24632,406.3,4.4
2026-09-02T19:17:54Z,2026-10-30,58,73000.0,C,0.0915,0.093,0.0923,77748.76,77295.77,0.3686,0.69282,3e-05,108.46132,635.9,200.0
2026-09-02T19:17:54Z,2026-10-30,58,73000.0,P,0.0305,0.0315,0.0312,77751.0,77295.77,0.3686,-0.30711,3e-05,108.45356,86.9,0.1
2026-09-02T19:17:54Z,2026-10-30,58,74000.0,C,0.083,0.0845,0.0837,77751.0,77295.77,0.36469999999999997,0.66053,3e-05,113.03441,252.6,0.0
2026-09-02T19:17:54Z,2026-10-30,58,74000.0,P,0.035,0.036,0.0355,77751.0,77295.77,0.36469999999999997,-0.33947,3e-05,113.03441,226.2,0.0
2026-09-02T19:17:54Z,2026-10-30,58,75000.0,C,0.075,0.0765,0.0757,77751.0,77295.77,0.3618,0.62651,3e-05,116.89943,1172.3,150.2
2026-09-02T19:17:54Z,2026-10-30,58,75000.0,P,0.0395,0.041,0.0403,77751.0,77295.77,0.3618,-0.37349,3e-05,116.89943,331.4,160.1
2026-09-02T19:17:54Z,2026-10-30,58,76000.0,C,0.0675,0.069,0.0682,77751.0,77295.77,0.35969999999999996,0.59131,3e-05,119.90443,346.6,3.3
2026-09-02T19:17:54Z,2026-10-30,58,76000.0,P,0.045,0.046,0.0457,77748.92,77295.77,0.35969999999999996,-0.40876,3e-05,119.90641,96.5,26.0
2026-09-02T19:17:54Z,2026-10-30,58,77000.0,C,0.0605,0.062,0.0612,77751.0,77295.77,0.35710000000000003,0.55541,4e-05,121.9543,88.0,5.7
2026-09-02T19:17:54Z,2026-10-30,58,77000.0,P,0.051,0.052,0.0516,77751.0,77295.77,0.35710000000000003,-0.44459,4e-05,121.9543,123.1,18.1
2026-09-02T19:17:54Z,2026-10-30,58,78000.0,C,0.0545,0.0555,0.0547,77751.0,77295.77,0.3553,0.51908,4e-05,123.00321,417.8,9.9
2026-09-02T19:17:54Z,2026-10-30,58,78000.0,P,0.0575,0.0585,0.0579,77751.0,77295.77,0.3553,-0.48092,4e-05,123.00321,414.5,4.1
2026-09-02T19:17:54Z,2026-10-30,58,79000.0,C,0.0485,0.0495,0.0489,77748.92,77295.77,0.35450000000000004,0.48284,4e-05,123.02687,169.3,32.5
2026-09-02T19:17:54Z,2026-10-30,58,79000.0,P,0.0645,0.0655,0.065,77751.0,77295.77,0.35450000000000004,-0.51709,4e-05,123.03117,349.2,15.2
2026-09-02T19:17:54Z,2026-10-30,58,80000.0,C,0.043,0.044,0.0435,77751.0,77295.77,0.354,0.44725,4e-05,122.06609,1114.0,21.6
2026-09-02T19:17:54Z,2026-10-30,58,80000.0,P,0.072,0.073,0.0725,77751.0,77295.77,0.354,-0.55275,4e-05,122.06609,531.7,9.6
2026-09-02T19:17:54Z,2026-10-30,58,81000.0,C,0.0385,0.0395,0.0387,77751.0,77295.77,0.354,0.41256,4e-05,120.17405,298.6,10.4
2026-09-02T19:17:54Z,2026-10-30,58,81000.0,P,0.08,0.081,0.0805,77751.0,77295.77,0.354,-0.58744,4e-05,120.17405,127.0,0.0
2026-09-02T19:17:54Z,2026-10-30,58,82000.0,C,0.034,0.035,0.0342,77751.0,77295.77,0.35369999999999996,0.37878,3e-05,117.41487,1178.5,47.1
2026-09-02T19:17:54Z,2026-10-30,58,82000.0,P,0.088,0.09,0.0889,77751.0,77295.77,0.35369999999999996,-0.62122,3e-05,117.41487,43.6,0.0
2026-09-02T19:17:54Z,2026-10-30,58,83000.0,C,0.03,0.031,0.0303,77751.0,77295.77,0.3544,0.34678,3e-05,113.9461,77.9,3.1
2026-09-02T19:17:54Z,2026-10-30,58,83000.0,P,0.097,0.099,0.0979,77748.58,77295.77,0.3544,-0.6533,3e-05,113.93277,4.5,0.0
2026-09-02T19:17:54Z,2026-10-30,58,84000.0,C,0.0265,0.0275,0.0269,77748.58,77295.77,0.3555,0.31652,3e-05,109.87464,1016.1,2.3
2026-09-02T19:17:54Z,2026-10-30,58,84000.0,P,0.106,0.1085,0.1073,77751.13,77295.77,0.3555,-0.6834,3e-05,109.89043,0.8,0.0
2026-09-02T19:17:54Z,2026-10-30,58,85000.0,C,0.0235,0.0245,0.0238,77748.58,77295.77,0.35710000000000003,0.28836,3e-05,105.37611,1922.6,57.8
2026-09-02T19:17:54Z,2026-10-30,58,85000.0,P,0.115,0.119,0.1171,77748.58,77295.77,0.35710000000000003,-0.71164,3e-05,105.37611,1.3,0.0
2026-09-02T19:17:54Z,2026-10-30,58,86000.0,C,0.021,0.022,0.0213,77748.58,77295.77,0.3604,0.26322,3e-05,100.75529,696.5,3.1
2026-09-02T19:17:54Z,2026-10-30,58,86000.0,P,0.1255,0.1295,0.1274,77748.58,77295.77,0.3604,-0.73678,3e-05,100.75529,13.6,0.0
2026-09-02T19:17:54Z,2026-10-30,58,87000.0,C,0.0185,0.0195,0.0188,77748.58,77295.77,0.3619,0.23863,3e-05,95.65742,111.4,0.0
2026-09-02T19:17:54Z,2026-10-30,58,87000.0,P,0.1355,0.1395,0.1378,77751.13,77295.77,0.3619,-0.7613,3e-05,95.67607,10.2,0.0
2026-09-02T19:17:54Z,2026-10-30,58,88000.0,C,0.0165,0.0175,0.0168,77748.58,77295.77,0.3654,0.21729,3e-05,90.7449,212.4,5.1
2026-09-02T19:17:54Z,2026-10-30,58,88000.0,P,0.1465,0.1505,0.1487,77748.58,77295.77,0.3654,-0.78271,3e-05,90.7449,8.1,1.0
2026-09-02T19:17:54Z,2026-10-30,58,89000.0,C,0.0145,0.0155,0.0148,77748.58,77295.77,0.3669,0.19625,2e-05,85.43182,71.4,0.3
2026-09-02T19:17:54Z,2026-10-30,58,89000.0,P,0.1575,0.1615,0.1596,77748.58,77295.77,0.3669,-0.80375,2e-05,85.43182,5.0,0.0
2026-09-02T19:17:54Z,2026-10-30,58,90000.0,C,0.013,0.014,0.0134,77748.58,77295.77,0.3711,0.1789,2e-05,80.68186,1642.8,442.5
2026-09-02T19:17:54Z,2026-10-30,58,90000.0,P,0.1685,0.173,0.1709,77748.58,77295.77,0.3711,-0.8211,2e-05,80.68186,5.6,0.0
2026-09-02T19:17:54Z,2026-10-30,58,91000.0,C,0.0115,0.0125,0.0119,77748.58,77295.77,0.3736,0.16186,2e-05,75.67213,19.4,0.4
2026-09-02T19:17:54Z,2026-10-30,58,91000.0,P,0.18,0.1845,0.1823,77748.58,77295.77,0.3736,-0.83814,2e-05,75.67213,0.2,0.0
2026-09-02T19:17:54Z,2026-10-30,58,92000.0,C,0.0105,0.011,0.0107,77748.58,77295.77,0.37770000000000004,0.14743,2e-05,71.14086,1069.9,52.2
2026-09-02T19:17:54Z,2026-10-30,58,92000.0,P,0.1915,0.1965,0.194,77748.33,77295.77,0.37770000000000004,-0.85258,2e-05,71.13935,0.0,0.0
2026-09-02T19:17:54Z,2026-10-30,58,94000.0,C,0.0085,0.009,0.0086,77748.33,77295.77,0.3851,0.12197,2e-05,62.45554,393.0,0.2
2026-09-02T19:17:54Z,2026-10-30,58,94000.0,P,0.215,0.2205,0.2176,77748.33,77295.77,0.3851,-0.87803,2e-05,62.45554,0.0,0.0
2026-09-02T19:17:54Z,2026-10-30,58,95000.0,C,0.0075,0.0085,0.0079,77748.33,77295.77,0.39039999999999997,0.1121,2e-05,58.83244,1792.9,11.6
2026-09-02T19:17:54Z,2026-10-30,58,95000.0,P,0.227,0.2325,0.2298,77748.33,77295.77,0.39039999999999997,-0.8879,2e-05,58.83244,0.4,0.0
2026-09-02T19:17:54Z,2026-10-30,58,96000.0,C,0.0065,0.0075,0.007,77748.33,77295.77,0.3918,0.10066,1e-05,54.4322,89.2,0.5
2026-09-02T19:17:54Z,2026-10-30,58,96000.0,P,0.239,0.245,0.2417,77748.33,77295.77,0.3918,-0.89934,1e-05,54.4322,0.1,0.0
2026-09-02T19:17:54Z,2026-10-30,58,98000.0,C,0.0055,0.0065,0.0059,77748.33,77295.77,0.40299999999999997,0.08582,1e-05,48.37617,281.6,1.0
2026-09-02T19:17:54Z,2026-10-30,58,98000.0,P,0.2635,0.2695,0.2664,77748.33,77295.77,0.40299999999999997,-0.91418,1e-05,48.37617,0.0,0.0
2026-09-02T19:17:54Z,2026-10-30,58,100000.0,C,0.0048,0.0055,0.0051,77748.33,77295.77,0.41409999999999997,0.07371,1e-05,43.11776,1620.0,0.5
2026-09-02T19:17:54Z,2026-10-30,58,100000.0,P,0.288,0.2935,0.2912,77748.33,77295.77,0.41409999999999997,-0.92629,1e-05,43.11776,0.3,0.0
2026-09-02T19:17:54Z,2026-10-30,58,102000.0,C,0.004,0.0044,0.0041,77748.33,77295.77,0.42,0.0612,1e-05,37.34258,181.7,0.6
2026-09-02T19:17:54Z,2026-10-30,58,102000.0,P,0.312,0.3205,0.316,77748.46,77295.77,0.42,-0.9388,1e-05,37.34322,0.0,0.0
2026-09-02T19:17:54Z,2026-10-30,58,104000.0,C,0.0034,0.0038,0.0036,77748.33,77295.77,0.4296,0.05259,1e-05,33.14106,71.8,0.0
2026-09-02T19:17:54Z,2026-10-30,58,104000.0,P,0.3355,0.346,0.3412,77748.33,77295.77,0.4296,-0.94741,1e-05,33.14106,0.0,0.0
2026-09-02T19:17:54Z,2026-10-30,58,105000.0,C,0.0031,0.0035,0.0033,77748.33,77295.77,0.4335,0.04845,1e-05,31.04369,1133.3,1.0
2026-09-02T19:17:54Z,2026-10-30,58,105000.0,P,0.351,0.357,0.3537,77748.33,77295.77,0.4335,-0.95155,1e-05,31.04369,0.0,0.0
2026-09-02T19:17:54Z,2026-10-30,58,110000.0,C,0.002,0.0025,0.0022,77748.33,77295.77,0.45409999999999995,0.03327,1e-05,22.8782,1052.1,401.0
2026-09-02T19:17:54Z,2026-10-30,58,110000.0,P,0.414,0.4215,0.417,77748.33,77295.77,0.45409999999999995,-0.96673,1e-05,22.8782,0.0,0.0
2026-09-02T19:17:54Z,2026-11-27,86,58000.0,C,0.263,0.2665,0.2649,78047.35,77295.77,0.4593,0.92595,1e-05,52.96174,0.0,0.0
2026-09-02T19:17:54Z,2026-11-27,86,58000.0,P,0.0075,0.0085,0.0081,78047.35,77295.77,0.4593,-0.07405,1e-05,52.96174,4.8,1.1
2026-09-02T19:17:54Z,2026-11-27,86,60000.0,C,0.24,0.243,0.2413,78047.48,77295.77,0.4446,0.90817,1e-05,62.2776,0.1,0.0
2026-09-02T19:17:54Z,2026-11-27,86,60000.0,P,0.0095,0.0105,0.0101,78047.35,77295.77,0.4446,-0.09184,1e-05,62.27814,9.5,4.0
2026-09-02T19:17:54Z,2026-11-27,86,62000.0,C,0.2165,0.22,0.2182,78047.48,77295.77,0.4307,0.88655,1e-05,72.62717,0.0,0.0
2026-09-02T19:17:54Z,2026-11-27,86,62000.0,P,0.012,0.013,0.0126,78047.48,77295.77,0.4307,-0.11345,1e-05,72.62717,6.0,0.1
2026-09-02T19:17:54Z,2026-11-27,86,64000.0,C,0.194,0.1975,0.1956,78047.35,77295.77,0.4165,0.86104,1e-05,83.66737,0.0,0.0
2026-09-02T19:17:54Z,2026-11-27,86,64000.0,P,0.015,0.016,0.0156,78047.48,77295.77,0.4165,-0.13896,1e-05,83.6663,20.9,8.5
2026-09-02T19:17:54Z,2026-11-27,86,66000.0,C,0.173,0.1755,0.174,78047.48,77295.77,0.4056,0.82949,2e-05,95.78925,0.0,0.0
2026-09-02T19:17:54Z,2026-11-27,86,66000.0,P,0.019,0.02,0.0197,78047.48,77295.77,0.4056,-0.17051,2e-05,95.78925,126.3,0.1
2026-09-02T19:17:54Z,2026-11-27,86,67000.0,C,0.1625,0.165,0.1637,78045.8,77295.77,0.4017,0.81113,2e-05,102.14511,0.0,0.0
2026-09-02T19:17:54Z,2026-11-27,86,67000.0,P,0.0215,0.0225,0.0222,78047.48,77295.77,0.4017,-0.18884,2e-05,102.13733,3.3,0.0
2026-09-02T19:17:54Z,2026-11-27,86,68000.0,C,0.1525,0.155,0.1534,78045.8,77295.77,0.396,0.79236,2e-05,108.16028,0.0,0.0
2026-09-02T19:17:54Z,2026-11-27,86,68000.0,P,0.024,0.025,0.0247,78047.48,77295.77,0.396,-0.20761,2e-05,108.15271,13.1,0.3
2026-09-02T19:17:54Z,2026-11-27,86,69000.0,C,0.1425,0.145,0.1436,78047.48,77295.77,0.3922,0.77153,2e-05,114.29135,0.0,0.0
2026-09-02T19:17:54Z,2026-11-27,86,69000.0,P,0.027,0.028,0.0277,78047.48,77295.77,0.3922,-0.22847,2e-05,114.29135,10.9,7.8
2026-09-02T19:17:54Z,2026-11-27,86,70000.0,C,0.1335,0.1355,0.1343,78045.8,77295.77,0.3898,0.74889,2e-05,120.33794,2.1,0.0
2026-09-02T19:17:54Z,2026-11-27,86,70000.0,P,0.0305,0.0315,0.0312,78047.48,77295.77,0.3898,-0.25107,2e-05,120.33132,29.7,0.0
2026-09-02T19:17:54Z,2026-11-27,86,71000.0,C,0.124,0.1265,0.1251,78047.48,77295.77,0.3857,0.72583,2e-05,125.87646,0.1,0.0
2026-09-02T19:17:54Z,2026-11-27,86,71000.0,P,0.034,0.0355,0.0348,78047.48,77295.77,0.3857,-0.27417,2e-05,125.87646,4.5,0.1
2026-09-02T19:17:54Z,2026-11-27,86,72000.0,C,0.1155,0.1175,0.1163,78045.8,77295.77,0.38280000000000003,0.70117,2e-05,131.12462,0.0,0.0
2026-09-02T19:17:54Z,2026-11-27,86,72000.0,P,0.0385,0.0395,0.0388,78045.8,77295.77,0.38280000000000003,-0.29883,2e-05,131.12462,7.2,1.7
2026-09-02T19:17:54Z,2026-11-27,86,73000.0,C,0.107,0.1095,0.108,78047.48,77295.77,0.38060000000000005,0.67545,3e-05,135.90107,0.0,0.0
2026-09-02T19:17:54Z,2026-11-27,86,73000.0,P,0.0425,0.044,0.0433,78045.8,77295.77,0.38060000000000005,-0.32459,3e-05,135.90537,17.1,0.1
2026-09-02T19:17:54Z,2026-11-27,86,74000.0,C,0.0995,0.1015,0.1,78045.8,77295.77,0.3786,0.6488,3e-05,140.11007,0.0,0.0
2026-09-02T19:17:54Z,2026-11-27,86,74000.0,P,0.0475,0.0485,0.0482,78045.8,77295.77,0.3786,-0.3512,3e-05,140.11007,21.6,20.1
2026-09-02T19:17:54Z,2026-11-27,86,75000.0,C,0.092,0.094,0.0924,78045.8,77295.77,0.3765,0.62155,3e-05,143.66847,260.1,259.0
2026-09-02T19:17:54Z,2026-11-27,86,75000.0,P,0.053,0.054,0.0533,78045.12,77295.77,0.3765,-0.37847,3e-05,143.66934,281.7,259.1
2026-09-02T19:17:54Z,2026-11-27,86,76000.0,C,0.085,0.086,0.0853,78045.12,77295.77,0.3753,0.59367,3e-05,146.54447,7.1,0.2
2026-09-02T19:17:54Z,2026-11-27,86,76000.0,P,0.0585,0.0595,0.0591,78045.8,77295.77,0.3753,-0.40631,3e-05,146.54408,39.4,7.3
2026-09-02T19:17:54Z,2026-11-27,86,77000.0,C,0.078,0.0795,0.0786,78045.8,77295.77,0.374,0.56554,3e-05,148.68111,2.9,1.2
2026-09-02T19:17:54Z,2026-11-27,86,77000.0,P,0.0645,0.0655,0.0651,78045.12,77295.77,0.374,-0.43448,3e-05,148.68099,26.4,15.4
2026-09-02T19:17:54Z,2026-11-27,86,78000.0,C,0.072,0.073,0.0722,78045.8,77295.77,0.3729,0.53725,3e-05,150.06228,34.8,1.5
2026-09-02T19:17:54Z,2026-11-27,86,78000.0,P,0.071,0.072,0.0716,78045.8,77295.77,0.3729,-0.46275,3e-05,150.06228,56.4,4.9
2026-09-02T19:17:54Z,2026-11-27,86,79000.0,C,0.066,0.067,0.0663,78045.12,77295.77,0.37229999999999996,0.50903,3e-05,150.67986,48.2,8.6
2026-09-02T19:17:54Z,2026-11-27,86,79000.0,P,0.078,0.079,0.0785,78045.8,77295.77,0.37229999999999996,-0.49095,3e-05,150.68101,75.2,8.3
2026-09-02T19:17:54Z,2026-11-27,86,80000.0,C,0.0605,0.0615,0.0608,78045.8,77295.77,0.37170000000000003,0.48106,3e-05,150.54994,720.0,28.1
2026-09-02T19:17:54Z,2026-11-27,86,80000.0,P,0.085,0.086,0.0858,78045.12,77295.77,0.37170000000000003,-0.51896,3e-05,150.54828,44.2,3.6
2026-09-02T19:17:54Z,2026-11-27,86,81000.0,C,0.055,0.0565,0.0556,78045.12,77295.77,0.3715,0.45355,3e-05,149.6958,3.1,1.5
2026-09-02T19:17:54Z,2026-11-27,86,81000.0,P,0.0925,0.094,0.0935,78045.12,77295.77,0.3715,-0.54645,3e-05,149.6958,3.2,3.5
2026-09-02T19:17:54Z,2026-11-27,86,82000.0,C,0.0505,0.0515,0.0509,78045.8,77295.77,0.3714,0.42662,3e-05,148.16294,18.8,0.0
2026-09-02T19:17:54Z,2026-11-27,86,82000.0,P,0.1005,0.102,0.1015,78045.8,77295.77,0.3714,-0.57338,3e-05,148.16294,20.4,1.0
2026-09-02T19:17:54Z,2026-11-27,86,83000.0,C,0.046,0.047,0.0465,78045.12,77295.77,0.37170000000000003,0.40048,3e-05,146.00424,3.9,0.0
2026-09-02T19:17:54Z,2026-11-27,86,83000.0,P,0.109,0.1105,0.11,78045.12,77295.77,0.37170000000000003,-0.59952,3e-05,146.00424,12.5,4.9
2026-09-02T19:17:54Z,2026-11-27,86,84000.0,C,0.042,0.043,0.0424,78045.12,77295.77,0.37170000000000003,0.37499,3e-05,143.2565,15.5,0.1
2026-09-02T19:17:54Z,2026-11-27,86,84000.0,P,0.1175,0.1195,0.1187,78045.12,77295.77,0.37170000000000003,-0.62501,3e-05,143.25658,0.6,0.0
2026-09-02T19:17:54Z,2026-11-27,86,85000.0,C,0.038,0.0395,0.0387,78045.12,77295.77,0.3726,0.3508,3e-05,140.0504,128.1,11.5
2026-09-02T19:17:54Z,2026-11-27,86,85000.0,P,0.1265,0.129,0.1278,78045.12,77295.77,0.3726,-0.6492,3e-05,140.0504,4.6,0.0
2026-09-02T19:17:54Z,2026-11-27,86,86000.0,C,0.035,0.036,0.0353,78045.12,77295.77,0.3729,0.32728,3e-05,136.36228,2.1,0.0
2026-09-02T19:17:54Z,2026-11-27,86,86000.0,P,0.136,0.138,0.1372,78045.12,77295.77,0.3729,-0.67272,3e-05,136.36228,1.4,0.1
2026-09-02T19:17:54Z,2026-11-27,86,87000.0,C,0.0315,0.033,0.0323,78045.12,77295.77,0.37450000000000006,0.30553,2e-05,132.43518,3.1,0.0
2026-09-02T19:17:54Z,2026-11-27,86,87000.0,P,0.145,0.148,0.147,78045.42,77295.77,0.37450000000000006,-0.69446,2e-05,132.43712,2.0,2.0
2026-09-02T19:17:54Z,2026-11-27,86,88000.0,C,0.029,0.03,0.0293,78045.12,77295.77,0.37479999999999997,0.28398,2e-05,128.04276,18.8,16.1
2026-09-02T19:17:54Z,2026-11-27,86,88000.0,P,0.1545,0.1585,0.1568,78045.42,77295.77,0.37479999999999997,-0.71601,2e-05,128.0448,0.0,0.0
2026-09-02T19:17:54Z,2026-11-27,86,89000.0,C,0.0265,0.0275,0.0268,78045.12,77295.77,0.3766,0.26453,2e-05,123.6337,24.8,0.0
2026-09-02T19:17:54Z,2026-11-27,86,89000.0,P,0.1645,0.169,0.1672,78045.12,77295.77,0.3766,-0.73547,2e-05,123.6337,0.0,0.0
2026-09-02T19:17:54Z,2026-11-27,86,90000.0,C,0.024,0.025,0.0243,78045.12,77295.77,0.37729999999999997,0.2454,2e-05,118.86931,26.9,5.0
2026-09-02T19:17:54Z,2026-11-27,86,90000.0,P,0.175,0.1795,0.1775,78045.12,77295.77,0.37729999999999997,-0.7546,2e-05,118.86931,0.3,0.1
2026-09-02T19:17:54Z,2026-11-27,86,91000.0,C,0.022,0.023,0.0223,78045.12,77295.77,0.3795,0.22844,2e-05,114.27957,12.6,1.2
2026-09-02T19:17:54Z,2026-11-27,86,91000.0,P,0.186,0.19,0.1883,78045.12,77295.77,0.3795,-0.77156,2e-05,114.27957,0.0,0.0
2026-09-02T19:17:54Z,2026-11-27,86,92000.0,C,0.02,0.021,0.0203,78045.12,77295.77,0.3809,0.21183,2e-05,109.43764,8.5,1.3
2026-09-02T19:17:54Z,2026-11-27,86,92000.0,P,0.1965,0.201,0.1991,78045.42,77295.77,0.3809,-0.78816,2e-05,109.43989,2.1,0.0
2026-09-02T19:17:54Z,2026-11-27,86,93000.0,C,0.0185,0.0195,0.0188,78045.12,77295.77,0.3845,0.19802,2e-05,105.13454,7.0,0.1
2026-09-02T19:17:54Z,2026-11-27,86,93000.0,P,0.2075,0.2125,0.2105,78045.08,77295.77,0.3845,-0.80198,2e-05,105.13476,0.0,0.0
2026-09-02T19:17:54Z,2026-11-27,86,94000.0,C,0.017,0.0175,0.0173,78045.33,77295.77,0.3872,0.18438,2e-05,100.6345,48.2,0.3
2026-09-02T19:17:54Z,2026-11-27,86,94000.0,P,0.219,0.2235,0.2218,78045.08,77295.77,0.3872,-0.81563,2e-05,100.63225,0.0,0.0
2026-09-02T19:17:54Z,2026-11-27,86,96000.0,C,0.014,0.015,0.0144,78045.08,77295.77,0.3896,0.1578,2e-05,91.09124,11.5,0.5
2026-09-02T19:17:54Z,2026-11-27,86,96000.0,P,0.241,0.2465,0.2444,78045.08,77295.77,0.3896,-0.8422,2e-05,91.09124,0.0,0.0
2026-09-02T19:17:54Z,2026-11-27,86,98000.0,C,0.012,0.013,0.0124,78045.33,77295.77,0.39659999999999995,0.13789,1e-05,83.22236,27.3,1.7
2026-09-02T19:17:54Z,2026-11-27,86,98000.0,P,0.265,0.27,0.2681,78045.08,77295.77,0.39659999999999995,-0.86212,1e-05,83.22058,0.0,0.0
2026-09-02T19:17:54Z,2026-11-27,86,100000.0,C,0.01,0.011,0.0104,78045.33,77295.77,0.4003,0.11853,1e-05,74.92003,54.7,0.3
2026-09-02T19:17:54Z,2026-11-27,86,100000.0,P,0.289,0.294,0.2917,78045.08,77295.77,0.4003,-0.88147,1e-05,74.91833,0.0,0.0
2026-09-02T19:17:54Z,2026-11-27,86,102000.0,C,0.0085,0.0095,0.0089,78045.33,77295.77,0.40590000000000004,0.10309,1e-05,67.78745,33.7,1.2
2026-09-02T19:17:54Z,2026-11-27,86,102000.0,P,0.313,0.318,0.3158,78045.08,77295.77,0.40590000000000004,-0.89692,1e-05,67.78584,0.0,0.0
2026-09-02T19:17:54Z,2026-11-27,86,104000.0,C,0.0075,0.0085,0.0079,78045.33,77295.77,0.4147,0.09179,1e-05,62.25107,5.4,0.2
2026-09-02T19:17:54Z,2026-11-27,86,104000.0,P,0.3375,0.343,0.3405,78045.33,77295.77,0.4147,-0.90821,1e-05,62.25107,0.0,0.0
2026-09-02T19:17:54Z,2026-11-27,86,105000.0,C,0.007,0.008,0.0074,78045.33,77295.77,0.4183,0.08631,1e-05,59.4639,6.8,0.5
2026-09-02T19:17:54Z,2026-11-27,86,105000.0,P,0.3495,0.355,0.3528,78045.33,77295.77,0.4183,-0.91369,1e-05,59.4639,0.0,0.0
2026-09-02T19:17:54Z,2026-11-27,86,106000.0,C,0.0065,0.0075,0.0069,78045.08,77295.77,0.4214,0.08091,1e-05,56.64955,14.0,0.0
2026-09-02T19:17:54Z,2026-11-27,86,106000.0,P,0.362,0.3675,0.3651,78045.08,77295.77,0.4214,-0.91909,1e-05,56.64955,0.0,0.0
2026-09-02T19:17:54Z,2026-11-27,86,108000.0,C,0.0055,0.0065,0.0059,78045.33,77295.77,0.4257,0.07033,1e-05,50.90961,11.7,0.1
2026-09-02T19:17:54Z,2026-11-27,86,108000.0,P,0.3865,0.3925,0.3897,78045.08,77295.77,0.4257,-0.92967,1e-05,50.90829,0.0,0.0
2026-09-02T19:17:54Z,2026-11-27,86,110000.0,C,0.005,0.0055,0.0054,78045.33,77295.77,0.4355,0.06396,1e-05,47.30357,2.8,0.2
2026-09-02T19:17:54Z,2026-11-27,86,110000.0,P,0.4065,0.42,0.4149,78045.33,77295.77,0.4355,-0.93604,1e-05,47.30357,0.0,0.0
2026-09-02T19:17:54Z,2026-11-27,86,115000.0,C,0.0038,0.0043,0.004,78045.33,77295.77,0.4511,0.04784,1e-05,37.6148,25.7,0.3
2026-09-02T19:17:54Z,2026-11-27,86,115000.0,P,0.4695,0.4815,0.4775,78045.33,77295.77,0.4511,-0.95216,1e-05,37.6148,0.0,0.0
2026-09-02T19:17:54Z,2026-11-27,86,120000.0,C,0.0029,0.0033,0.0031,78045.33,77295.77,0.4673,0.03683,0.0,30.43416,36.0,1.3
2026-09-02T19:17:54Z,2026-11-27,86,120000.0,P,0.5325,0.5465,0.5406,78045.33,77295.77,0.4673,-0.96317,0.0,30.43416,0.0,0.0
2026-09-02T19:17:54Z,2026-12-25,114,20000.0,C,0.7445,0.746,0.7453,78339.99,77295.77,0.9843999999999999,0.99712,0.0,3.85063,4.2,0.0
2026-09-02T19:17:54Z,2026-12-25,114,20000.0,P,0.0005,0.0006,0.0006,78340.24,77295.77,0.9843999999999999,-0.00288,0.0,3.85058,535.4,15.0
2026-09-02T19:17:54Z,2026-12-25,114,30000.0,C,0.6175,0.619,0.6182,78339.99,77295.77,0.7691,0.9929,0.0,8.61706,300.6,0.0
2026-09-02T19:17:54Z,2026-12-25,114,30000.0,P,0.001,0.0015,0.0011,78340.24,77295.77,0.7691,-0.0071,0.0,8.61693,2134.5,0.6
2026-09-02T19:17:54Z,2026-12-25,114,35000.0,C,0.554,0.556,0.555,78339.99,77295.77,0.6986,0.98817,0.0,13.47423,87.8,10.3
2026-09-02T19:17:54Z,2026-12-25,114,35000.0,P,0.0016,0.0021,0.0018,78339.99,77295.77,0.6986,-0.01183,0.0,13.47423,2376.8,10.9
2026-09-02T19:17:54Z,2026-12-25,114,40000.0,C,0.491,0.493,0.4921,78339.99,77295.77,0.6325,0.98133,0.0,19.95594,250.9,0.0
2026-09-02T19:17:54Z,2026-12-25,114,40000.0,P,0.0025,0.0029,0.0027,78339.99,77295.77,0.6325,-0.01867,0.0,19.95594,4492.1,11.5
2026-09-02T19:17:54Z,2026-12-25,114,45000.0,C,0.4275,0.4305,0.4295,78339.99,77295.77,0.569,0.97165,0.0,28.36472,54.3,0.0
2026-09-02T19:17:54Z,2026-12-25,114,45000.0,P,0.0037,0.0041,0.0039,78339.99,77295.77,0.569,-0.02835,0.0,28.36472,2842.4,3.8
2026-09-02T19:17:54Z,2026-12-25,114,50000.0,C,0.365,0.3705,0.3676,78339.99,77295.77,0.5173,0.9555,0.0,41.04485,260.7,0.0
2026-09-02T19:17:54Z,2026-12-25,114,50000.0,P,0.0055,0.0065,0.0059,78339.99,77295.77,0.5173,-0.0445,0.0,41.04485,2160.1,1.1
2026-09-02T19:17:54Z,2026-12-25,114,52000.0,C,0.3405,0.3475,0.3434,78339.99,77295.77,0.501,0.94592,1e-05,47.95925,0.1,0.0
2026-09-02T19:17:54Z,2026-12-25,114,52000.0,P,0.007,0.0075,0.0071,78339.99,77295.77,0.501,-0.05408,1e-05,47.95925,541.4,0.1
2026-09-02T19:17:54Z,2026-12-25,114,54000.0,C,0.316,0.3235,0.3192,78339.84,77295.77,0.4828,0.93529,1e-05,55.20364,33.1,0.0
2026-09-02T19:17:54Z,2026-12-25,114,54000.0,P,0.008,0.009,0.0085,78340.24,77295.77,0.4828,-0.0647,1e-05,55.20215,1855.4,0.0
2026-09-02T19:17:54Z,2026-12-25,114,55000.0,C,0.305,0.309,0.3071,78339.99,77295.77,0.47369999999999995,0.92936,1e-05,59.07322,44.9,0.0
2026-09-02T19:17:54Z,2026-12-25,114,55000.0,P,0.009,0.0095,0.0092,78339.99,77295.77,0.47369999999999995,-0.07064,1e-05,59.07322,2667.4,0.1
2026-09-02T19:17:54Z,2026-12-25,114,56000.0,C,0.294,0.2965,0.2952,78339.99,77295.77,0.4654,0.92267,1e-05,63.30559,41.5,0.0
2026-09-02T19:17:54Z,2026-12-25,114,56000.0,P,0.0095,0.0105,0.0101,78339.99,77295.77,0.4654,-0.07733,1e-05,63.30559,508.8,25.0
2026-09-02T19:17:54Z,2026-12-25,114,58000.0,C,0.2695,0.2735,0.2717,78339.99,77295.77,0.4501,0.9071,1e-05,72.6382,40.3,0.0
2026-09-02T19:17:54Z,2026-12-25,114,58000.0,P,0.012,0.0125,0.0121,78339.99,77295.77,0.4501,-0.0929,1e-05,72.6382,1832.4,4.5
2026-09-02T19:17:54Z,2026-12-25,114,60000.0,C,0.247,0.2505,0.249,78339.99,77295.77,0.43810000000000004,0.88759,1e-05,83.44092,787.4,4.0
2026-09-02T19:17:54Z,2026-12-25,114,60000.0,P,0.0145,0.0155,0.0148,78339.99,77295.77,0.43810000000000004,-0.11241,1e-05,83.44092,6313.8,4.1
2026-09-02T19:17:54Z,2026-12-25,114,62000.0,C,0.2245,0.2285,0.2267,78339.99,77295.77,0.4267,0.86478,1e-05,94.96895,247.1,1.0
2026-09-02T19:17:54Z,2026-12-25,114,62000.0,P,0.0175,0.0185,0.0181,78339.99,77295.77,0.4267,-0.13522,1e-05,94.96895,1539.2,20.0
2026-09-02T19:17:54Z,2026-12-25,114,64000.0,C,0.203,0.207,0.2052,78339.99,77295.77,0.4165,0.83807,1e-05,107.13963,405.2,0.0
2026-09-02T19:17:54Z,2026-12-25,114,64000.0,P,0.0215,0.0225,0.0222,78339.99,77295.77,0.4165,-0.16193,1e-05,107.13963,350.2,1.0
2026-09-02T19:17:54Z,2026-12-25,114,65000.0,C,0.1925,0.1965,0.1949,78339.99,77295.77,0.4129,0.82271,1e-05,113.55459,944.0,4.1
2026-09-02T19:17:54Z,2026-12-25,114,65000.0,P,0.024,0.025,0.0247,78340.24,77295.77,0.4129,-0.17729,1e-05,113.5535,829.5,8.5
2026-09-02T19:17:54Z,2026-12-25,114,66000.0,C,0.1825,0.187,0.1847,78339.99,77295.77,0.4083,0.8069,2e-05,119.74469,279.9,0.0
2026-09-02T19:17:54Z,2026-12-25,114,66000.0,P,0.0265,0.0275,0.0272,78339.84,77295.77,0.4083,-0.1931,2e-05,119.74452,350.4,39.2
2026-09-02T19:17:54Z,2026-12-25,114,68000.0,C,0.1645,0.1665,0.1652,78339.99,77295.77,0.4012,0.77171,2e-05,132.11123,1033.6,0.0
2026-09-02T19:17:54Z,2026-12-25,114,68000.0,P,0.0325,0.0335,0.0332,78339.84,77295.77,0.4012,-0.22829,2e-05,132.1113,554.8,9.1
2026-09-02T19:17:54Z,2026-12-25,114,70000.0,C,0.146,0.148,0.1468,78339.73,77295.77,0.395,0.73275,2e-05,143.72069,1930.1,1.0
2026-09-02T19:17:54Z,2026-12-25,114,70000.0,P,0.04,0.041,0.0404,78339.99,77295.77,0.39490000000000003,-0.26725,2e-05,143.71957,1508.6,26.8
2026-09-02T19:17:54Z,2026-12-25,114,72000.0,C,0.129,0.1305,0.1298,78339.99,77295.77,0.39039999999999997,0.69022,2e-05,154.09071,1271.0,0.0
2026-09-02T19:17:54Z,2026-12-25,114,72000.0,P,0.0485,0.0495,0.0489,78340.24,77295.77,0.39039999999999997,-0.30977,2e-05,154.09008,606.1,3.3
2026-09-02T19:17:54Z,2026-12-25,114,74000.0,C,0.113,0.1155,0.1142,78340.24,77295.77,0.3871,0.64503,2e-05,162.65262,138.9,1.0
2026-09-02T19:17:54Z,2026-12-25,114,74000.0,P,0.058,0.0595,0.0588,78340.24,77295.77,0.3871,-0.35497,2e-05,162.65262,161.7,8.9
2026-09-02T19:17:54Z,2026-12-25,114,75000.0,C,0.106,0.108,0.1069,78340.24,77295.77,0.3858,0.62176,2e-05,166.11938,1881.8,255.0
2026-09-02T19:17:54Z,2026-12-25,114,75000.0,P,0.0635,0.0645,0.0642,78339.99,77295.77,0.3858,-0.37825,2e-05,166.11961,1208.5,255.1
2026-09-02T19:17:54Z,2026-12-25,114,76000.0,C,0.0995,0.1005,0.0999,78339.99,77295.77,0.38439999999999996,0.59818,2e-05,168.99602,411.2,0.0
2026-09-02T19:17:54Z,2026-12-25,114,76000.0,P,0.0695,0.0705,0.07,78339.99,77295.77,0.38439999999999996,-0.40182,2e-05,168.99602,215.8,1.4
2026-09-02T19:17:54Z,2026-12-25,114,78000.0,C,0.0865,0.088,0.087,78339.99,77295.77,0.38280000000000003,0.55058,2e-05,172.89877,1073.1,2.0
2026-09-02T19:17:54Z,2026-12-25,114,78000.0,P,0.082,0.083,0.0827,78339.52,77295.77,0.38280000000000003,-0.44943,2e-05,172.89784,1403.2,0.2
2026-09-02T19:17:54Z,2026-12-25,114,80000.0,C,0.0755,0.076,0.0757,78339.47,77295.77,0.3829,0.50341,2e-05,174.29334,8707.5,90.3
2026-09-02T19:17:54Z,2026-12-25,114,80000.0,P,0.096,0.097,0.0969,78339.47,77295.77,0.3829,-0.49659,2e-05,174.29334,1227.9,3.0
2026-09-02T19:17:54Z,2026-12-25,114,82000.0,C,0.065,0.066,0.0652,78339.52,77295.77,0.3811,0.45677,2e-05,173.27549,1216.0,6.2
2026-09-02T19:17:54Z,2026-12-25,114,82000.0,P,0.111,0.1125,0.112,78339.52,77295.77,0.3811,-0.54323,2e-05,173.27549,181.7,4.2
2026-09-02T19:17:54Z,2026-12-25,114,84000.0,C,0.0555,0.057,0.0562,78339.47,77295.77,0.3809,0.41207,2e-05,170.04907,1329.3,13.1
2026-09-02T19:17:54Z,2026-12-25,114,84000.0,P,0.1275,0.129,0.1284,78339.47,77295.77,0.3809,-0.58793,2e-05,170.04907,67.7,17.8
2026-09-02T19:17:54Z,2026-12-25,114,85000.0,C,0.0515,0.053,0.0521,78339.52,77295.77,0.381,0.39058,2e-05,167.70196,2187.4,6.1
2026-09-02T19:17:54Z,2026-12-25,114,85000.0,P,0.1355,0.1385,0.1371,78339.47,77295.77,0.381,-0.60942,2e-05,167.70172,512.3,0.0
2026-09-02T19:17:54Z,2026-12-25,114,86000.0,C,0.048,0.049,0.0483,78339.47,77295.77,0.3812,0.36976,2e-05,164.92646,319.5,0.0
2026-09-02T19:17:54Z,2026-12-25,114,86000.0,P,0.1445,0.1475,0.1461,78339.47,77295.77,0.3812,-0.63024,2e-05,164.92646,47.4,0.0
2026-09-02T19:17:54Z,2026-12-25,114,88000.0,C,0.041,0.042,0.0415,78339.47,77295.77,0.3821,0.33031,2e-05,158.28385,3410.0,12.0
2026-09-02T19:17:54Z,2026-12-25,114,88000.0,P,0.1625,0.166,0.1648,78339.47,77295.77,0.3821,-0.66969,2e-05,158.28385,4.5,0.0
2026-09-02T19:17:54Z,2026-12-25,114,90000.0,C,0.035,0.036,0.0357,78339.47,77295.77,0.384,0.29429,2e-05,150.58075,3953.1,9.8
2026-09-02T19:17:54Z,2026-12-25,114,90000.0,P,0.1825,0.186,0.1845,78339.52,77295.77,0.384,-0.7057,2e-05,150.58109,649.1,0.1
2026-09-02T19:17:54Z,2026-12-25,114,92000.0,C,0.03,0.0315,0.0308,78339.47,77295.77,0.3865,0.26173,2e-05,142.20121,351.6,1.5
2026-09-02T19:17:54Z,2026-12-25,114,92000.0,P,0.2025,0.207,0.2051,78339.47,77295.77,0.3865,-0.73827,2e-05,142.20121,6.6,0.0
2026-09-02T19:17:54Z,2026-12-25,114,94000.0,C,0.026,0.027,0.0264,78339.47,77295.77,0.3886,0.23193,2e-05,133.28401,403.5,0.0
2026-09-02T19:17:54Z,2026-12-25,114,94000.0,P,0.224,0.229,0.2263,78339.47,77295.77,0.3886,-0.76807,2e-05,133.28401,5.3,0.0
2026-09-02T19:17:54Z,2026-12-25,114,95000.0,C,0.024,0.025,0.0247,78339.47,77295.77,0.3909,0.21904,2e-05,129.04044,1440.3,1.5
2026-09-02T19:17:54Z,2026-12-25,114,95000.0,P,0.235,0.24,0.2374,78339.85,77295.77,0.3909,-0.78095,2e-05,129.04261,109.9,0.1
2026-09-02T19:17:54Z,2026-12-25,114,96000.0,C,0.0225,0.0235,0.0229,78339.85,77295.77,0.39159999999999995,0.20564,2e-05,124.36627,1467.1,0.5
2026-09-02T19:17:54Z,2026-12-25,114,96000.0,P,0.2455,0.2515,0.2483,78339.47,77295.77,0.39159999999999995,-0.79437,2e-05,124.3634,23.9,0.0
2026-09-02T19:17:54Z,2026-12-25,114,98000.0,C,0.0195,0.0205,0.0199,78339.47,77295.77,0.3953,0.1826,2e-05,115.67716,307.3,0.0
2026-09-02T19:17:54Z,2026-12-25,114,98000.0,P,0.268,0.274,0.2708,78339.85,77295.77,0.3953,-0.8174,2e-05,115.68002,1.2,0.0
2026-09-02T19:17:54Z,2026-12-25,114,100000.0,C,0.017,0.018,0.0174,78339.47,77295.77,0.3996,0.16258,1e-05,107.41857,6009.2,0.3
2026-09-02T19:17:54Z,2026-12-25,114,100000.0,P,0.291,0.2965,0.2939,78339.85,77295.77,0.3996,-0.83742,1e-05,107.42139,303.3,0.0
2026-09-02T19:17:54Z,2026-12-25,114,102000.0,C,0.015,0.016,0.0154,78339.85,77295.77,0.40509999999999996,0.14568,1e-05,99.8937,384.6,0.0
2026-09-02T19:17:54Z,2026-12-25,114,102000.0,P,0.3145,0.3205,0.3174,78339.85,77295.77,0.40509999999999996,-0.85432,1e-05,99.8937,7.8,0.0
2026-09-02T19:17:54Z,2026-12-25,114,104000.0,C,0.013,0.014,0.0134,78339.85,77295.77,0.40850000000000003,0.12927,1e-05,92.06373,89.7,0.4
2026-09-02T19:17:54Z,2026-12-25,114,104000.0,P,0.338,0.3445,0.3409,78339.85,77295.77,0.40850000000000003,-0.87073,1e-05,92.06373,0.1,0.0
2026-09-02T19:17:54Z,2026-12-25,114,105000.0,C,0.012,0.013,0.0126,78339.85,77295.77,0.4113,0.12255,1e-05,88.70317,904.2,0.1
2026-09-02T19:17:54Z,2026-12-25,114,105000.0,P,0.35,0.3565,0.3529,78339.85,77295.77,0.4113,-0.87745,1e-05,88.70317,109.4,0.0
2026-09-02T19:17:54Z,2026-12-25,114,106000.0,C,0.0115,0.0125,0.0119,78339.47,77295.77,0.4138,0.11606,1e-05,85.35862,745.7,0.2
2026-09-02T19:17:54Z,2026-12-25,114,106000.0,P,0.362,0.3685,0.365,78339.47,77295.77,0.4138,-0.88394,1e-05,85.35862,0.2,0.0
2026-09-02T19:17:54Z,2026-12-25,114,108000.0,C,0.01,0.011,0.0104,78339.85,77295.77,0.4171,0.10314,1e-05,78.42431,146.3,2.3
2026-09-02T19:17:54Z,2026-12-25,114,108000.0,P,0.3865,0.3915,0.389,78339.74,77295.77,0.4171,-0.89686,1e-05,78.42418,0.1,0.0
2026-09-02T19:17:54Z,2026-12-25,114,110000.0,C,0.009,0.01,0.0094,78339.88,77295.77,0.4236,0.09367,1e-05,73.07981,2752.0,0.5
2026-09-02T19:17:54Z,2026-12-25,114,110000.0,P,0.41,0.4175,0.4136,78339.74,77295.77,0.4236,-0.90633,1e-05,73.07895,55.7,0.0
2026-09-02T19:17:54Z,2026-12-25,114,115000.0,C,0.007,0.0075,0.0072,78339.85,77295.77,0.4362,0.07266,1e-05,60.36859,2331.9,0.4
2026-09-02T19:17:54Z,2026-12-25,114,115000.0,P,0.4715,0.479,0.4751,78339.88,77295.77,0.4362,-0.92734,1e-05,60.36916,5.0,0.0
2026-09-02T19:17:54Z,2026-12-25,114,120000.0,C,0.005,0.006,0.0056,78339.88,77295.77,0.4487,0.05717,1e-05,50.10809,5821.7,2.0
2026-09-02T19:17:54Z,2026-12-25,114,120000.0,P,0.5265,0.5435,0.5374,78339.88,77295.77,0.4487,-0.94283,1e-05,50.10809,35.7,0.0
2026-09-02T19:17:54Z,2026-12-25,114,125000.0,C,0.0043,0.0048,0.0045,78339.88,77295.77,0.46340000000000003,0.04659,0.0,42.58468,579.4,0.1
2026-09-02T19:17:54Z,2026-12-25,114,125000.0,P,0.5905,0.6055,0.6002,78339.88,77295.77,0.46340000000000003,-0.95341,0.0,42.58468,9.1,0.0
2026-09-02T19:17:54Z,2026-12-25,114,130000.0,C,0.0035,0.004,0.0037,78339.88,77295.77,0.47729999999999995,0.03841,0.0,36.42559,1556.4,0.0
2026-09-02T19:17:54Z,2026-12-25,114,130000.0,P,0.652,0.669,0.6632,78339.88,77295.77,0.47729999999999995,-0.96159,0.0,36.42559,54.0,0.0
2026-09-02T19:17:54Z,2026-12-25,114,135000.0,C,0.0029,0.0034,0.0031,78339.88,77295.77,0.4913,0.03221,0.0,31.52571,1357.3,0.0
2026-09-02T19:17:54Z,2026-12-25,114,135000.0,P,0.718,0.733,0.7264,78339.88,77295.77,0.4913,-0.96779,0.0,31.52571,0.7,0.0
2026-09-02T19:17:54Z,2026-12-25,114,140000.0,C,0.0025,0.0029,0.0027,78339.74,77295.77,0.5043,0.02719,0.0,27.38994,1424.0,0.0
2026-09-02T19:17:54Z,2026-12-25,114,140000.0,P,0.7815,0.797,0.7898,78339.88,77295.77,0.5043,-0.97281,0.0,27.39032,0.4,0.0
2026-09-02T19:17:54Z,2026-12-25,114,150000.0,C,0.0018,0.0022,0.002,78339.88,77295.77,0.5296,0.02011,0.0,21.24949,1687.8,0.2
2026-09-02T19:17:54Z,2026-12-25,114,150000.0,P,0.9035,0.9255,0.9167,78339.74,77295.77,0.5296,-0.97989,0.0,21.24919,4.0,0.2
2026-09-02T19:17:54Z,2026-12-25,114,160000.0,C,0.0013,0.0018,0.0015,78339.88,77295.77,0.5539999999999999,0.01552,0.0,17.03597,1286.9,0.0
2026-09-02T19:17:54Z,2026-12-25,114,160000.0,P,1.0335,1.052,1.0439,78339.88,77295.77,0.5539999999999999,-0.98448,0.0,17.03597,0.1,0.0
2026-09-02T19:17:54Z,2026-12-25,114,170000.0,C,0.001,0.0014,0.0012,78339.74,77295.77,0.5729,0.01175,0.0,13.39993,2394.1,2.0
2026-09-02T19:17:54Z,2026-12-25,114,170000.0,P,1.156,1.179,1.1712,78337.79,77295.77,0.5729,-0.98825,0.0,13.39736,0.1,0.0
2026-09-02T19:17:54Z,2026-12-25,114,180000.0,C,0.0007,0.0012,0.0009,78337.79,77295.77,0.5911,0.00917,0.0,10.78978,934.5,0.0
2026-09-02T19:17:54Z,2026-12-25,114,180000.0,P,1.2865,1.308,1.2986,78339.88,77295.77,0.5911,-0.99083,0.0,10.79213,0.1,0.0
2026-09-02T19:17:54Z,2026-12-25,114,190000.0,C,0.0007,0.001,0.0008,78337.79,77295.77,0.6103999999999999,0.0075,0.0,9.04916,1026.7,0.0
2026-09-02T19:17:54Z,2026-12-25,114,190000.0,P,1.4135,1.435,1.4261,78337.79,77295.77,0.6103999999999999,-0.9925,0.0,9.04916,0.0,0.0
2026-09-02T19:17:54Z,2026-12-25,114,200000.0,C,0.0005,0.0009,0.0007,78339.88,77295.77,0.6302,0.00637,0.0,7.83108,969.3,0.0
2026-09-02T19:17:54Z,2026-12-25,114,200000.0,P,1.533,1.563,1.5536,78339.88,77295.77,0.6302,-0.99363,0.0,7.83108,0.0,0.0
2026-09-02T19:17:54Z,2026-12-25,114,210000.0,C,0.0003,0.0007,0.0004,78337.79,77295.77,0.6325999999999999,0.00442,0.0,5.65584,162.2,0.0
2026-09-02T19:17:54Z,2026-12-25,114,210000.0,P,1.667,1.6955,1.6811,78339.88,77295.77,0.6325999999999999,-0.99558,0.0,5.65711,0.0,0.0
2026-09-02T19:17:54Z,2026-12-25,114,220000.0,C,0.0002,0.0006,0.0004,78339.88,77295.77,0.6456000000000001,0.0036,0.0,4.70771,254.0,0.0
2026-09-02T19:17:54Z,2026-12-25,114,220000.0,P,1.7855,1.8235,1.8086,78337.79,77295.77,0.6456000000000001,-0.9964,0.0,4.70665,0.0,0.0
2026-09-02T19:17:54Z,2026-12-25,114,230000.0,C,0.0002,0.0006,0.0003,78337.79,77295.77,0.6674,0.00339,0.0,4.46295,190.5,0.0
2026-09-02T19:17:54Z,2026-12-25,114,230000.0,P,1.913,1.9525,1.9363,78337.79,77295.77,0.6674,-0.99661,0.0,4.46295,0.0,0.0
2026-09-02T19:17:54Z,2026-12-25,114,240000.0,C,0.0001,0.0005,0.0002,78337.79,77295.77,0.6687000000000001,0.00243,0.0,3.31006,785.2,0.0
2026-09-02T19:17:54Z,2026-12-25,114,240000.0,P,2.047,2.077,2.0638,78337.79,77295.77,0.6687000000000001,-0.99757,0.0,3.31006,0.0,0.0
2026-09-02T19:17:54Z,2026-12-25,114,250000.0,C,0.0001,0.0004,0.0002,78337.79,77295.77,0.6862999999999999,0.00225,0.0,3.08475,1280.3,0.0
2026-09-02T19:17:54Z,2026-12-25,114,250000.0,P,2.174,2.2055,2.1915,78337.79,77295.77,0.6862999999999999,-0.99775,0.0,3.08475,10.0,0.0
2026-09-02T19:17:54Z,2027-03-26,205,35000.0,C,0.5605,0.5635,0.562,79259.68,77295.77,0.5893,0.98093,0.0,27.58264,17.4,2.7
2026-09-02T19:17:54Z,2027-03-26,205,35000.0,P,0.0033,0.0038,0.0036,79257.61,77295.77,0.5893,-0.01907,0.0,27.58531,622.0,3.3
2026-09-02T19:17:54Z,2027-03-26,205,40000.0,C,0.499,0.503,0.5009,79257.61,77295.77,0.545,0.96995,0.0,40.42257,81.3,0.0
2026-09-02T19:17:54Z,2027-03-26,205,40000.0,P,0.0055,0.006,0.0055,79257.61,77295.77,0.545,-0.03005,0.0,40.42257,1849.9,15.0
2026-09-02T19:17:54Z,2027-03-26,205,45000.0,C,0.4375,0.4445,0.441,79257.61,77295.77,0.5117,0.95246,0.0,58.76843,3.3,0.0
2026-09-02T19:17:54Z,2027-03-26,205,45000.0,P,0.008,0.0095,0.0088,79257.61,77295.77,0.5117,-0.04754,0.0,58.76843,263.4,19.2
2026-09-02T19:17:54Z,2027-03-26,205,50000.0,C,0.381,0.3855,0.3825,79257.61,77295.77,0.4797,0.9282,0.0,81.23307,21.6,0.0
2026-09-02T19:17:54Z,2027-03-26,205,50000.0,P,0.0125,0.014,0.0133,79257.61,77295.77,0.4797,-0.0718,0.0,81.23307,2458.2,0.0
2026-09-02T19:17:54Z,2027-03-26,205,52000.0,C,0.358,0.3625,0.3598,79257.61,77295.77,0.46950000000000003,0.91543,1e-05,91.97179,5.3,0.0
2026-09-02T19:17:54Z,2027-03-26,205,52000.0,P,0.015,0.0165,0.0158,79257.61,77295.77,0.46950000000000003,-0.08457,1e-05,91.97179,123.8,0.0
2026-09-02T19:17:54Z,2027-03-26,205,54000.0,C,0.3355,0.34,0.3375,79259.68,77295.77,0.46049999999999996,0.90069,1e-05,103.59905,0.1,0.0
2026-09-02T19:17:54Z,2027-03-26,205,54000.0,P,0.018,0.0195,0.0188,79257.61,77295.77,0.46049999999999996,-0.09932,1e-05,103.60643,84.0,0.0
2026-09-02T19:17:54Z,2027-03-26,205,55000.0,C,0.3245,0.3275,0.3267,79257.61,77295.77,0.4569,0.89239,1e-05,109.8136,28.6,0.0
2026-09-02T19:17:54Z,2027-03-26,205,55000.0,P,0.02,0.021,0.0206,79257.61,77295.77,0.4569,-0.10761,1e-05,109.8136,1256.1,1.7
2026-09-02T19:17:54Z,2027-03-26,205,56000.0,C,0.3135,0.319,0.3156,79257.61,77295.77,0.4507,0.8846,1e-05,115.44678,16.9,0.0
2026-09-02T19:17:54Z,2027-03-26,205,56000.0,P,0.0215,0.0225,0.0221,79257.61,77295.77,0.4507,-0.1154,1e-05,115.44678,120.7,0.0
2026-09-02T19:17:54Z,2027-03-26,205,58000.0,C,0.292,0.2975,0.2941,79257.61,77295.77,0.4413,0.8666,1e-05,127.76601,4.3,0.0
2026-09-02T19:17:54Z,2027-03-26,205,58000.0,P,0.025,0.0265,0.0259,79257.61,77295.77,0.4413,-0.1334,1e-05,127.76601,134.9,0.0
2026-09-02T19:17:54Z,2027-03-26,205,60000.0,C,0.2715,0.2745,0.2734,79257.61,77295.77,0.4338,0.84603,1e-05,140.75493,649.0,0.0
2026-09-02T19:17:54Z,2027-03-26,205,60000.0,P,0.03,0.031,0.0304,79257.61,77295.77,0.4338,-0.15397,1e-05,140.75493,802.2,1.0
2026-09-02T19:17:54Z,2027-03-26,205,62000.0,C,0.2515,0.255,0.2536,79257.61,77295.77,0.4279,0.823,1e-05,154.04361,60.7,0.0
2026-09-02T19:17:54Z,2027-03-26,205,62000.0,P,0.035,0.0365,0.0358,79257.61,77295.77,0.4279,-0.177,1e-05,154.04361,260.1,0.0
2026-09-02T19:17:54Z,2027-03-26,205,64000.0,C,0.2335,0.2355,0.2345,79257.61,77295.77,0.42229999999999995,0.79799,1e-05,167.09906,137.8,6.0
2026-09-02T19:17:54Z,2027-03-26,205,64000.0,P,0.041,0.0425,0.0419,79257.61,77295.77,0.42229999999999995,-0.20201,1e-05,167.09906,126.0,0.0
2026-09-02T19:17:54Z,2027-03-26,205,65000.0,C,0.224,0.2265,0.2251,79257.61,77295.77,0.4194,0.78484,1e-05,173.42852,366.9,0.0
2026-09-02T19:17:54Z,2027-03-26,205,65000.0,P,0.0445,0.046,0.0452,79257.61,77295.77,0.4194,-0.21516,1e-05,173.42852,879.5,5.2
2026-09-02T19:17:54Z,2027-03-26,205,66000.0,C,0.215,0.2175,0.2162,79257.61,77295.77,0.4175,0.77095,1e-05,179.73675,23.8,0.0
2026-09-02T19:17:54Z,2027-03-26,205,66000.0,P,0.048,0.0495,0.0489,79257.61,77295.77,0.4175,-0.22905,1e-05,179.73675,115.2,1.5
2026-09-02T19:17:54Z,2027-03-26,205,68000.0,C,0.1975,0.2005,0.1988,79257.61,77295.77,0.4131,0.74217,1e-05,191.61238,196.5,0.0
2026-09-02T19:17:54Z,2027-03-26,205,68000.0,P,0.056,0.0575,0.0567,79257.61,77295.77,0.4131,-0.25783,1e-05,191.61238,290.8,3.5
2026-09-02T19:17:54Z,2027-03-26,205,70000.0,C,0.181,0.1835,0.1822,79257.61,77295.77,0.4092,0.7118,1e-05,202.49416,797.8,0.0
2026-09-02T19:17:54Z,2027-03-26,205,70000.0,P,0.0645,0.066,0.0654,79259.68,77295.77,0.4092,-0.28817,1e-05,202.4898,772.2,10.0
2026-09-02T19:17:54Z,2027-03-26,205,72000.0,C,0.1655,0.168,0.1667,79257.61,77295.77,0.4061,0.68008,1e-05,212.1477,95.2,0.0
2026-09-02T19:17:54Z,2027-03-26,205,72000.0,P,0.0745,0.076,0.0751,79259.68,77295.77,0.4061,-0.31989,1e-05,212.14471,159.0,2.9
2026-09-02T19:17:54Z,2027-03-26,205,74000.0,C,0.151,0.1535,0.1522,79257.61,77295.77,0.4036,0.64738,2e-05,220.34965,76.8,0.1
2026-09-02T19:17:54Z,2027-03-26,205,74000.0,P,0.085,0.0865,0.0859,79257.61,77295.77,0.4036,-0.35262,2e-05,220.34965,199.3,44.0
2026-09-02T19:17:54Z,2027-03-26,205,76000.0,C,0.138,0.14,0.1386,79257.61,77295.77,0.4012,0.61406,2e-05,226.95019,530.4,0.0
2026-09-02T19:17:54Z,2027-03-26,205,76000.0,P,0.0965,0.0985,0.0975,79257.61,77295.77,0.4012,-0.38594,2e-05,226.95019,179.6,11.0
2026-09-02T19:17:54Z,2027-03-26,205,78000.0,C,0.1255,0.1265,0.126,79257.61,77295.77,0.3996,0.58044,2e-05,231.86268,569.3,15.0
2026-09-02T19:17:54Z,2027-03-26,205,78000.0,P,0.1095,0.111,0.1102,79257.61,77295.77,0.3996,-0.41956,2e-05,231.86268,243.7,0.0
2026-09-02T19:17:54Z,2027-03-26,205,80000.0,C,0.114,0.1155,0.1146,79257.61,77295.77,0.39899999999999997,0.54701,2e-05,235.04543,1061.6,0.0
2026-09-02T19:17:54Z,2027-03-26,205,80000.0,P,0.123,0.125,0.124,79257.61,77295.77,0.39899999999999997,-0.45299,2e-05,235.04543,214.5,0.0
2026-09-02T19:17:54Z,2027-03-26,205,82000.0,C,0.103,0.105,0.104,79257.61,77295.77,0.3981,0.51389,2e-05,236.54732,1121.2,24.2
2026-09-02T19:17:54Z,2027-03-26,205,82000.0,P,0.1375,0.1395,0.1386,79257.61,77295.77,0.3981,-0.48611,2e-05,236.54732,6.2,0.0
2026-09-02T19:17:54Z,2027-03-26,205,84000.0,C,0.0935,0.0955,0.0944,79257.61,77295.77,0.3983,0.48174,2e-05,236.44278,263.2,1.6
2026-09-02T19:17:54Z,2027-03-26,205,84000.0,P,0.153,0.155,0.1543,79259.68,77295.77,0.3983,-0.51823,2e-05,236.4499,55.2,0.0
2026-09-02T19:17:54Z,2027-03-26,205,85000.0,C,0.089,0.091,0.09,79257.61,77295.77,0.39840000000000003,0.46597,2e-05,235.82903,345.7,1.6
2026-09-02T19:17:54Z,2027-03-26,205,85000.0,P,0.161,0.1635,0.1624,79257.58,77295.77,0.39840000000000003,-0.53403,2e-05,235.82893,2.2,0.0
2026-09-02T19:17:54Z,2027-03-26,205,86000.0,C,0.085,0.0865,0.0857,79257.61,77295.77,0.3986,0.45047,2e-05,234.86443,141.6,0.0
2026-09-02T19:17:54Z,2027-03-26,205,86000.0,P,0.169,0.172,0.1707,79257.59,77295.77,0.3986,-0.54953,2e-05,234.86433,1.7,0.0
2026-09-02T19:17:54Z,2027-03-26,205,88000.0,C,0.0765,0.0785,0.0777,79257.58,77295.77,0.39899999999999997,0.42038,2e-05,231.96105,77.0,0.0
2026-09-02T19:17:54Z,2027-03-26,205,88000.0,P,0.1865,0.1895,0.188,79259.68,77295.77,0.39899999999999997,-0.57959,2e-05,231.97139,4.7,0.0
2026-09-02T19:17:54Z,2027-03-26,205,90000.0,C,0.0695,0.0715,0.0703,79257.58,77295.77,0.3994,0.39138,2e-05,227.86292,554.0,10.7
2026-09-02T19:17:54Z,2027-03-26,205,90000.0,P,0.2035,0.2075,0.2058,79259.68,77295.77,0.3993,-0.60859,2e-05,227.87428,14.1,0.0
2026-09-02T19:17:54Z,2027-03-26,205,92000.0,C,0.063,0.065,0.0637,79257.58,77295.77,0.4003,0.36403,2e-05,222.80666,270.0,0.0
2026-09-02T19:17:54Z,2027-03-26,205,92000.0,P,0.222,0.2265,0.2245,79257.61,77295.77,0.4003,-0.63597,2e-05,222.80616,0.6,0.0
2026-09-02T19:17:54Z,2027-03-26,205,94000.0,C,0.057,0.059,0.0578,79257.61,77295.77,0.40130000000000005,0.33807,2e-05,216.91433,166.2,0.0
2026-09-02T19:17:54Z,2027-03-26,205,94000.0,P,0.2405,0.246,0.2438,79257.61,77295.77,0.40130000000000005,-0.66193,2e-05,216.91433,9.1,0.0
2026-09-02T19:17:54Z,2027-03-26,205,95000.0,C,0.054,0.056,0.0551,79257.58,77295.77,0.4023,0.32601,2e-05,213.80713,545.1,0.1
2026-09-02T19:17:54Z,2027-03-26,205,95000.0,P,0.251,0.2555,0.2537,79257.58,77295.77,0.4023,-0.67399,2e-05,213.80713,0.4,0.0
2026-09-02T19:17:54Z,2027-03-26,205,96000.0,C,0.0515,0.0535,0.0524,79256.97,77295.77,0.4025,0.31367,1e-05,210.37812,140.0,0.1
2026-09-02T19:17:54Z,2027-03-26,205,96000.0,P,0.2605,0.266,0.2636,79256.97,77295.77,0.4025,-0.68633,1e-05,210.37812,1.6,0.0
2026-09-02T19:17:54Z,2027-03-26,205,98000.0,C,0.0465,0.0485,0.0477,79256.97,77295.77,0.4044,0.29123,1e-05,203.48992,114.0,0.0
2026-09-02T19:17:54Z,2027-03-26,205,98000.0,P,0.281,0.287,0.2841,79256.97,77295.77,0.4044,-0.70877,1e-05,203.48992,0.2,0.0
2026-09-02T19:17:54Z,2027-03-26,205,100000.0,C,0.0425,0.0445,0.0433,79256.97,77295.77,0.4058,0.26982,1e-05,196.10245,668.9,0.1
2026-09-02T19:17:54Z,2027-03-26,205,100000.0,P,0.302,0.308,0.305,79257.58,77295.77,0.4058,-0.73017,1e-05,196.10701,12.3,0.0
2026-09-02T19:17:54Z,2027-03-26,205,102000.0,C,0.0385,0.0405,0.0393,79256.97,77295.77,0.4073,0.24983,1e-05,188.46497,127.5,0.1
2026-09-02T19:17:54Z,2027-03-26,205,102000.0,P,0.3225,0.3295,0.3262,79256.97,77295.77,0.4073,-0.75017,1e-05,188.46497,0.1,0.0
2026-09-02T19:17:54Z,2027-03-26,205,104000.0,C,0.035,0.037,0.0358,79256.97,77295.77,0.4092,0.23155,1e-05,180.82781,115.2,0.0
2026-09-02T19:17:54Z,2027-03-26,205,104000.0,P,0.345,0.3515,0.348,79256.97,77295.77,0.4092,-0.76845,1e-05,180.82781,0.1,0.0
2026-09-02T19:17:54Z,2027-03-26,205,105000.0,C,0.0335,0.0355,0.0343,79256.97,77295.77,0.4107,0.22328,1e-05,177.163,162.4,0.0
2026-09-02T19:17:54Z,2027-03-26,205,105000.0,P,0.356,0.3625,0.3591,79256.97,77295.77,0.4107,-0.77672,1e-05,177.163,0.5,0.0
2026-09-02T19:17:54Z,2027-03-26,205,106000.0,C,0.032,0.034,0.0328,79256.97,77295.77,0.4119,0.21512,1e-05,173.40894,79.2,0.0
2026-09-02T19:17:54Z,2027-03-26,205,106000.0,P,0.3665,0.3735,0.3702,79256.97,77295.77,0.4119,-0.78488,1e-05,173.40894,0.1,0.0
2026-09-02T19:17:54Z,2027-03-26,205,108000.0,C,0.029,0.031,0.0299,79257.58,77295.77,0.41359999999999997,0.1992,1e-05,165.69849,68.4,0.0
2026-09-02T19:17:54Z,2027-03-26,205,108000.0,P,0.3885,0.396,0.3925,79256.97,77295.77,0.41359999999999997,-0.80081,1e-05,165.69373,0.1,0.0
2026-09-02T19:17:54Z,2027-03-26,205,110000.0,C,0.0265,0.0285,0.0275,79256.97,77295.77,0.4163,0.18509,1e-05,158.41687,1134.0,0.0
2026-09-02T19:17:54Z,2027-03-26,205,110000.0,P,0.412,0.419,0.4153,79256.97,77295.77,0.4163,-0.81491,1e-05,158.41687,4.1,0.0
2026-09-02T19:17:54Z,2027-03-26,205,112000.0,C,0.0245,0.026,0.0253,79257.31,77295.77,0.4193,0.17236,1e-05,151.4651,67.3,0.0
2026-09-02T19:17:54Z,2027-03-26,205,112000.0,P,0.4345,0.442,0.4384,79257.31,77295.77,0.4193,-0.82764,1e-05,151.4651,0.1,0.0
2026-09-02T19:17:54Z,2027-03-26,205,115000.0,C,0.0215,0.023,0.0224,79257.31,77295.77,0.4232,0.1547,1e-05,141.19541,807.9,0.0
2026-09-02T19:17:54Z,2027-03-26,205,115000.0,P,0.469,0.477,0.4733,79257.31,77295.77,0.4232,-0.8453,1e-05,141.19486,2.2,0.0
2026-09-02T19:17:54Z,2027-03-26,205,120000.0,C,0.0175,0.019,0.0183,79257.31,77295.77,0.4302,0.12987,1e-05,125.41948,795.5,0.0
2026-09-02T19:17:54Z,2027-03-26,205,120000.0,P,0.525,0.5365,0.5324,79256.97,77295.77,0.4302,-0.87014,1e-05,125.41706,1.8,0.0
2026-09-02T19:17:54Z,2027-03-26,205,125000.0,C,0.0145,0.016,0.0152,79257.31,77295.77,0.43700000000000006,0.10948,1e-05,111.1815,302.7,0.2
2026-09-02T19:17:54Z,2027-03-26,205,125000.0,P,0.588,0.5965,0.5923,79257.31,77295.77,0.43700000000000006,-0.89052,1e-05,111.1815,0.1,0.0
2026-09-02T19:17:54Z,2027-03-26,205,130000.0,C,0.012,0.0135,0.0129,79257.31,77295.77,0.44549999999999995,0.09392,1e-05,99.43605,1134.6,0.3
2026-09-02T19:17:54Z,2027-03-26,205,130000.0,P,0.6485,0.6575,0.653,79257.31,77295.77,0.44549999999999995,-0.90608,1e-05,99.43605,0.4,0.0
2026-09-02T19:17:54Z,2027-03-26,205,140000.0,C,0.009,0.0105,0.0097,79257.31,77295.77,0.46380000000000005,0.07145,0.0,80.9241,909.4,0.6
2026-09-02T19:17:54Z,2027-03-26,205,140000.0,P,0.7705,0.781,0.776,79257.31,77295.77,0.46380000000000005,-0.92855,0.0,80.9241,1.1,0.3
2026-09-02T19:17:54Z,2027-03-26,205,150000.0,C,0.007,0.008,0.0074,79257.31,77295.77,0.4804,0.05546,0.0,66.43172,1899.6,1.9
2026-09-02T19:17:54Z,2027-03-26,205,150000.0,P,0.8835,0.9105,0.9,79256.97,77295.77,0.4804,-0.94454,0.0,66.43017,0.6,0.0
2026-09-02T19:17:54Z,2027-03-26,205,160000.0,C,0.005,0.0065,0.0057,79257.31,77295.77,0.49329999999999996,0.04292,0.0,54.12543,1032.7,0.3
2026-09-02T19:17:54Z,2027-03-26,205,160000.0,P,1.0065,1.036,1.0244,79256.97,77295.77,0.49329999999999996,-0.95709,0.0,54.12412,0.1,0.0
2026-09-02T19:17:54Z,2027-03-26,205,170000.0,C,0.0046,0.0055,0.0049,79257.31,77295.77,0.514,0.03665,0.0,47.60275,401.9,7.5
2026-09-02T19:17:54Z,2027-03-26,205,170000.0,P,1.1295,1.1615,1.1498,79257.31,77295.77,0.514,-0.96335,0.0,47.60275,0.2,0.0
2026-09-02T19:17:54Z,2027-03-26,205,180000.0,C,0.0036,0.0044,0.004,79257.31,77295.77,0.5262,0.02969,0.0,40.0182,503.3,0.2
2026-09-02T19:17:54Z,2027-03-26,205,180000.0,P,1.2555,1.288,1.275,79257.31,77295.77,0.5262,-0.97031,0.0,40.0182,0.1,0.0
2026-09-02T19:17:54Z,2027-03-26,205,190000.0,C,0.0032,0.0038,0.0035,79257.31,77295.77,0.5429999999999999,0.02573,0.0,35.52088,626.6,1.3
2026-09-02T19:17:54Z,2027-03-26,205,190000.0,P,1.381,1.416,1.4007,79257.31,77295.77,0.5429999999999999,-0.97427,0.0,35.52088,0.9,0.0
2026-09-02T19:17:54Z,2027-03-26,205,200000.0,C,0.0025,0.0033,0.0028,79257.31,77295.77,0.5522,0.02105,0.0,30.0009,485.6,0.0
2026-09-02T19:17:54Z,2027-03-26,205,200000.0,P,1.501,1.544,1.5262,79257.31,77295.77,0.5522,-0.97895,0.0,30.0009,1.0,0.0
2026-09-02T19:17:54Z,2027-06-25,296,30000.0,C,0.6285,0.632,0.6306,80250.04,77295.77,0.603,0.98146,0.0,32.78509,46.3,0.0
2026-09-02T19:17:54Z,2027-06-25,296,30000.0,P,0.0039,0.0049,0.0044,80250.04,77295.77,0.603,-0.01854,0.0,32.78509,331.2,0.0
2026-09-02T19:17:54Z,2027-06-25,296,40000.0,C,0.5095,0.515,0.5119,80250.37,77295.77,0.5264,0.95607,0.0,67.13486,17.1,0.0
2026-09-02T19:17:54Z,2027-06-25,296,40000.0,P,0.0095,0.011,0.0103,80250.04,77295.77,0.5264,-0.04393,0.0,67.13558,1211.7,3.1
2026-09-02T19:17:54Z,2027-06-25,296,45000.0,C,0.4535,0.4555,0.4546,80250.04,77295.77,0.49810000000000004,0.9351,0.0,91.44966,0.5,0.0
2026-09-02T19:17:54Z,2027-06-25,296,45000.0,P,0.0145,0.016,0.0153,80250.04,77295.77,0.49810000000000004,-0.0649,0.0,91.44966,120.1,1.0
2026-09-02T19:17:54Z,2027-06-25,296,50000.0,C,0.3975,0.4005,0.3993,80250.04,77295.77,0.474,0.907,0.0,120.14461,17.5,0.0
2026-09-02T19:17:54Z,2027-06-25,296,50000.0,P,0.0215,0.023,0.0223,80250.04,77295.77,0.474,-0.093,0.0,120.14461,402.1,0.3
2026-09-02T19:17:54Z,2027-06-25,296,52000.0,C,0.3765,0.38,0.3779,80250.37,77295.77,0.4657,0.89342,1e-05,132.73125,1.1,0.0
2026-09-02T19:17:54Z,2027-06-25,296,52000.0,P,0.025,0.027,0.0259,80250.37,77295.77,0.4657,-0.10658,1e-05,132.73125,31.3,0.0
2026-09-02T19:17:54Z,2027-06-25,296,54000.0,C,0.3555,0.359,0.3572,80250.04,77295.77,0.4592,0.87806,1e-05,146.08578,0.9,0.0
2026-09-02T19:17:54Z,2027-06-25,296,54000.0,P,0.029,0.031,0.0301,80250.37,77295.77,0.4592,-0.12193,1e-05,146.08469,50.1,45.0
2026-09-02T19:17:54Z,2027-06-25,296,55000.0,C,0.345,0.3485,0.347,80250.04,77295.77,0.4558,0.86999,1e-05,152.76832,2.9,0.0
2026-09-02T19:17:54Z,2027-06-25,296,55000.0,P,0.0315,0.033,0.0324,80250.37,77295.77,0.4558,-0.13001,1e-05,152.76722,35.6,0.0
2026-09-02T19:17:54Z,2027-06-25,296,56000.0,C,0.335,0.338,0.3369,80250.04,77295.77,0.4522,0.86164,1e-05,159.44231,3.0,0.0
2026-09-02T19:17:54Z,2027-06-25,296,56000.0,P,0.034,0.0355,0.0347,80250.37,77295.77,0.4522,-0.13836,1e-05,159.44121,84.6,0.0
2026-09-02T19:17:54Z,2027-06-25,296,58000.0,C,0.3155,0.319,0.3172,80250.04,77295.77,0.44630000000000003,0.8436,1e-05,173.09485,13.8,0.0
2026-09-02T19:17:54Z,2027-06-25,296,58000.0,P,0.039,0.041,0.0399,80250.04,77295.77,0.44630000000000003,-0.1564,1e-05,173.09485,91.9,0.2
2026-09-02T19:17:54Z,2027-06-25,296,60000.0,C,0.2965,0.2995,0.2982,80250.04,77295.77,0.4412,0.82408,1e-05,186.76212,947.6,0.3
2026-09-02T19:17:54Z,2027-06-25,296,60000.0,P,0.045,0.0465,0.0459,80250.37,77295.77,0.4412,-0.17592,1e-05,186.76109,195.1,0.0
2026-09-02T19:17:54Z,2027-06-25,296,62000.0,C,0.278,0.281,0.28,80250.04,77295.77,0.43689999999999996,0.80313,1e-05,200.24539,117.0,0.0
2026-09-02T19:17:54Z,2027-06-25,296,62000.0,P,0.0515,0.0535,0.0526,80250.37,77295.77,0.43689999999999996,-0.19687,1e-05,200.24442,79.9,0.0
2026-09-02T19:17:54Z,2027-06-25,296,64000.0,C,0.2605,0.264,0.2623,80250.37,77295.77,0.43229999999999996,0.78118,1e-05,213.15268,35.7,0.0
2026-09-02T19:17:54Z,2027-06-25,296,64000.0,P,0.059,0.0605,0.0597,80250.37,77295.77,0.43229999999999996,-0.21882,1e-05,213.15268,63.4,0.0
2026-09-02T19:17:54Z,2027-06-25,296,65000.0,C,0.252,0.2555,0.2538,80250.04,77295.77,0.43060000000000004,0.76965,1e-05,219.44943,1.3,0.1
2026-09-02T19:17:54Z,2027-06-25,296,65000.0,P,0.0625,0.0645,0.0637,80250.04,77295.77,0.43060000000000004,-0.23035,1e-05,219.44943,24.7,0.2
2026-09-02T19:17:54Z,2027-06-25,296,66000.0,C,0.2435,0.247,0.2454,80250.37,77295.77,0.4286,0.75795,1e-05,225.52192,25.7,0.0
2026-09-02T19:17:54Z,2027-06-25,296,66000.0,P,0.067,0.0685,0.0678,80250.37,77295.77,0.4286,-0.24205,1e-05,225.52192,35.9,0.0
2026-09-02T19:17:54Z,2027-06-25,296,68000.0,C,0.2275,0.231,0.2294,80250.37,77295.77,0.426,0.73362,1e-05,237.1428,10.8,0.0
2026-09-02T19:17:54Z,2027-06-25,296,68000.0,P,0.0755,0.0775,0.0768,80250.37,77295.77,0.426,-0.26638,1e-05,237.1428,13.2,0.0
2026-09-02T19:17:54Z,2027-06-25,296,70000.0,C,0.2125,0.215,0.214,80250.37,77295.77,0.423,0.70862,1e-05,247.73029,195.5,0.2
2026-09-02T19:17:54Z,2027-06-25,296,70000.0,P,0.085,0.0875,0.0863,80250.35,77295.77,0.423,-0.29138,1e-05,247.73032,20.0,0.0
2026-09-02T19:17:54Z,2027-06-25,296,72000.0,C,0.198,0.201,0.1995,80250.35,77295.77,0.42060000000000003,0.68292,1e-05,257.2377,89.7,0.5
2026-09-02T19:17:54Z,2027-06-25,296,72000.0,P,0.0955,0.098,0.0967,80250.35,77295.77,0.42060000000000003,-0.31708,1e-05,257.23769,45.4,0.0
2026-09-02T19:17:54Z,2027-06-25,296,74000.0,C,0.1845,0.1865,0.1857,80250.35,77295.77,0.41840000000000005,0.65675,1e-05,265.543,20.5,0.0
2026-09-02T19:17:54Z,2027-06-25,296,74000.0,P,0.1065,0.109,0.1078,80250.35,77295.77,0.41840000000000005,-0.34325,1e-05,265.543,11.5,0.1
2026-09-02T19:17:54Z,2027-06-25,296,76000.0,C,0.1715,0.1735,0.1726,80250.37,77295.77,0.41619999999999996,0.63027,1e-05,272.58024,22.4,0.1
2026-09-02T19:17:54Z,2027-06-25,296,76000.0,P,0.1185,0.121,0.1196,80250.37,77295.77,0.41619999999999996,-0.36973,1e-05,272.58024,74.2,0.0
2026-09-02T19:17:54Z,2027-06-25,296,78000.0,C,0.1595,0.1615,0.1604,80250.35,77295.77,0.4146,0.60364,1e-05,278.30127,32.3,0.0
2026-09-02T19:17:54Z,2027-06-25,296,78000.0,P,0.131,0.1335,0.1323,80250.37,77295.77,0.4146,-0.39636,1e-05,278.30129,104.6,0.2
2026-09-02T19:17:54Z,2027-06-25,296,80000.0,C,0.148,0.15,0.1489,80250.35,77295.77,0.41350000000000003,0.57708,1e-05,282.68362,104.9,0.0
2026-09-02T19:17:54Z,2027-06-25,296,80000.0,P,0.1445,0.147,0.1458,80250.35,77295.77,0.41350000000000003,-0.42292,1e-05,282.68362,43.6,15.1
2026-09-02T19:17:54Z,2027-06-25,296,82000.0,C,0.137,0.1395,0.1382,80250.35,77295.77,0.41259999999999997,0.55074,1e-05,285.74526,80.9,0.0
2026-09-02T19:17:54Z,2027-06-25,296,82000.0,P,0.159,0.1615,0.16,80250.37,77295.77,0.41259999999999997,-0.44926,1e-05,285.74531,24.1,0.0
2026-09-02T19:17:54Z,2027-06-25,296,84000.0,C,0.1275,0.1295,0.1282,80250.35,77295.77,0.41200000000000003,0.52478,1e-05,287.52211,18.9,0.0
2026-09-02T19:17:54Z,2027-06-25,296,84000.0,P,0.174,0.1765,0.175,80250.37,77295.77,0.41200000000000003,-0.47522,1e-05,287.52217,8.7,0.0
2026-09-02T19:17:54Z,2027-06-25,296,85000.0,C,0.1225,0.1245,0.1236,80250.35,77295.77,0.41200000000000003,0.51206,1e-05,287.94645,152.7,0.0
2026-09-02T19:17:54Z,2027-06-25,296,85000.0,P,0.1815,0.184,0.1828,80250.35,77295.77,0.41200000000000003,-0.48794,1e-05,287.94645,6.9,0.0
2026-09-02T19:17:54Z,2027-06-25,296,86000.0,C,0.118,0.12,0.1191,80250.37,77295.77,0.4119,0.49945,1e-05,288.0779,26.6,0.0
2026-09-02T19:17:54Z,2027-06-25,296,86000.0,P,0.1885,0.192,0.1907,80250.35,77295.77,0.4119,-0.50055,1e-05,288.07782,0.4,0.0
2026-09-02T19:17:54Z,2027-06-25,296,88000.0,C,0.1095,0.1115,0.1105,80250.37,77295.77,0.4117,0.47465,1e-05,287.49629,21.3,0.0
2026-09-02T19:17:54Z,2027-06-25,296,88000.0,P,0.2055,0.2085,0.207,80250.37,77295.77,0.4117,-0.52535,1e-05,287.49629,4.7,0.0
2026-09-02T19:17:54Z,2027-06-25,296,90000.0,C,0.1015,0.1035,0.1025,80250.35,77295.77,0.4117,0.45056,1e-05,285.86333,580.3,2.2
2026-09-02T19:17:54Z,2027-06-25,296,90000.0,P,0.222,0.226,0.2239,80250.35,77295.77,0.4117,-0.54944,1e-05,285.86332,0.5,0.0
2026-09-02T19:17:54Z,2027-06-25,296,92000.0,C,0.094,0.096,0.0952,80250.37,77295.77,0.41229999999999994,0.42748,1e-05,283.30496,15.7,0.0
2026-09-02T19:17:54Z,2027-06-25,296,92000.0,P,0.2395,0.2435,0.2416,80250.35,77295.77,0.41229999999999994,-0.57252,1e-05,283.30471,0.2,0.0
2026-09-02T19:17:54Z,2027-06-25,296,94000.0,C,0.088,0.0895,0.0883,80250.35,77295.77,0.4125,0.40496,1e-05,279.86459,17.6,0.2
2026-09-02T19:17:54Z,2027-06-25,296,94000.0,P,0.2575,0.262,0.2596,80250.35,77295.77,0.4125,-0.59504,1e-05,279.86459,0.1,0.0
2026-09-02T19:17:54Z,2027-06-25,296,95000.0,C,0.084,0.086,0.0851,80250.37,77295.77,0.413,0.39424,1e-05,277.89566,44.5,0.0
2026-09-02T19:17:54Z,2027-06-25,296,95000.0,P,0.267,0.271,0.2689,80250.35,77295.77,0.413,-0.60576,1e-05,277.89538,20.2,0.0
2026-09-02T19:17:54Z,2027-06-25,296,96000.0,C,0.081,0.083,0.082,80250.35,77295.77,0.4131,0.38354,1e-05,275.71453,16.8,0.0
2026-09-02T19:17:54Z,2027-06-25,296,96000.0,P,0.276,0.2805,0.2782,80250.37,77295.77,0.4131,-0.61646,1e-05,275.71465,0.0,0.0
2026-09-02T19:17:54Z,2027-06-25,296,98000.0,C,0.0755,0.0775,0.0763,80250.37,77295.77,0.41409999999999997,0.36321,1e-05,270.97237,31.7,0.1
2026-09-02T19:17:54Z,2027-06-25,296,98000.0,P,0.294,0.3,0.2974,80250.35,77295.77,0.41409999999999997,-0.63679,1e-05,270.97224,0.0,0.0
2026-09-02T19:17:54Z,2027-06-25,296,100000.0,C,0.07,0.072,0.0708,80250.37,77295.77,0.4146,0.34342,1e-05,265.59251,184.6,1.3
2026-09-02T19:17:54Z,2027-06-25,296,100000.0,P,0.3135,0.3195,0.3169,80250.37,77295.77,0.4146,-0.65658,1e-05,265.59251,1.4,0.0
2026-09-02T19:17:54Z,2027-06-25,296,102000.0,C,0.065,0.067,0.0659,80250.37,77295.77,0.41590000000000005,0.32502,1e-05,259.90187,16.4,0.0
2026-09-02T19:17:54Z,2027-06-25,296,102000.0,P,0.3335,0.3395,0.3369,80250.37,77295.77,0.41590000000000005,-0.67498,1e-05,259.90187,0.0,0.0
2026-09-02T19:17:54Z,2027-06-25,296,104000.0,C,0.0605,0.0625,0.0614,80250.35,77295.77,0.4171,0.30745,1e-05,253.83562,12.6,0.0
2026-09-02T19:17:54Z,2027-06-25,296,104000.0,P,0.3545,0.3605,0.3573,80250.35,77295.77,0.4171,-0.69255,1e-05,253.83562,0.0,0.0
2026-09-02T19:17:54Z,2027-06-25,296,105000.0,C,0.0585,0.0605,0.0593,80250.35,77295.77,0.4178,0.29908,1e-05,250.72228,151.4,1.6
2026-09-02T19:17:54Z,2027-06-25,296,105000.0,P,0.364,0.371,0.3677,80250.35,77295.77,0.4178,-0.70092,1e-05,250.72228,0.1,0.0
2026-09-02T19:17:54Z,2027-06-25,296,106000.0,C,0.0565,0.0585,0.0573,80250.37,77295.77,0.41859999999999997,0.291,1e-05,247.57619,0.0,0.0
2026-09-02T19:17:54Z,2027-06-25,296,106000.0,P,0.375,0.3815,0.3782,80250.37,77295.77,0.41859999999999997,-0.709,1e-05,247.57619,0.0,0.0
2026-09-02T19:17:54Z,2027-06-25,296,108000.0,C,0.0525,0.0545,0.0537,80250.35,77295.77,0.4207,0.27588,1e-05,241.32476,12.6,0.2
2026-09-02T19:17:54Z,2027-06-25,296,108000.0,P,0.3955,0.403,0.3995,80250.35,77295.77,0.4207,-0.72412,1e-05,241.32476,0.0,0.0
2026-09-02T19:17:54Z,2027-06-25,296,110000.0,C,0.049,0.051,0.0502,80250.37,77295.77,0.4224,0.26124,1e-05,234.80098,269.9,0.0
2026-09-02T19:17:54Z,2027-06-25,296,110000.0,P,0.417,0.4245,0.4209,80250.35,77295.77,0.4224,-0.73876,1e-05,234.80083,1.5,0.0
2026-09-02T19:17:54Z,2027-06-25,296,115000.0,C,0.0415,0.0435,0.0425,80250.37,77295.77,0.4264,0.22786,1e-05,218.11882,37.9,1.0
2026-09-02T19:17:54Z,2027-06-25,296,115000.0,P,0.471,0.4795,0.4756,80250.35,77295.77,0.4264,-0.77214,1e-05,218.11866,0.0,0.0
2026-09-02T19:17:54Z,2027-06-25,296,120000.0,C,0.0355,0.0375,0.0365,80250.33,77295.77,0.4318,0.2001,1e-05,202.22532,292.6,0.1
2026-09-02T19:17:54Z,2027-06-25,296,120000.0,P,0.527,0.536,0.5319,80250.37,77295.77,0.4318,-0.79989,1e-05,202.22609,0.1,0.0
2026-09-02T19:17:54Z,2027-06-25,296,125000.0,C,0.0305,0.0325,0.0315,80250.35,77295.77,0.4371,0.17614,1e-05,186.90643,115.5,0.0
2026-09-02T19:17:54Z,2027-06-25,296,125000.0,P,0.584,0.5935,0.5892,80250.35,77295.77,0.4371,-0.82386,1e-05,186.90673,0.0,0.0
2026-09-02T19:17:54Z,2027-06-25,296,130000.0,C,0.0265,0.0285,0.0274,80250.35,77295.77,0.4426,0.15571,1e-05,172.58843,762.1,0.4
2026-09-02T19:17:54Z,2027-06-25,296,130000.0,P,0.6425,0.652,0.6473,80250.37,77295.77,0.4426,-0.84429,1e-05,172.58729,1.4,0.0
2026-09-02T19:17:54Z,2027-06-25,296,140000.0,C,0.0205,0.0225,0.0214,80250.35,77295.77,0.45520000000000005,0.12429,1e-05,148.05367,366.1,0.2
2026-09-02T19:17:54Z,2027-06-25,296,140000.0,P,0.76,0.771,0.7659,80250.35,77295.77,0.45520000000000005,-0.87571,1e-05,148.05367,0.5,0.0
2026-09-02T19:17:54Z,2027-06-25,296,150000.0,C,0.0165,0.018,0.017,80251.25,77295.77,0.467,0.10057,1e-05,127.25543,211.4,0.2
2026-09-02T19:17:54Z,2027-06-25,296,150000.0,P,0.88,0.8915,0.8862,80250.48,77295.77,0.467,-0.89944,1e-05,127.2505,0.1,0.0
2026-09-02T19:17:54Z,2027-06-25,296,160000.0,C,0.013,0.015,0.0138,80251.25,77295.77,0.47840000000000005,0.0826,0.0,109.97265,553.5,0.4
2026-09-02T19:17:54Z,2027-06-25,296,160000.0,P,1.0,1.02,1.0075,80251.25,77295.77,0.47840000000000005,-0.9174,0.0,109.97265,0.2,0.0
2026-09-02T19:17:54Z,2027-06-25,296,170000.0,C,0.011,0.0125,0.0115,80251.25,77295.77,0.4903,0.06935,0.0,96.26183,91.9,0.3
2026-09-02T19:17:54Z,2027-06-25,296,170000.0,P,1.1095,1.1425,1.1299,80251.25,77295.77,0.4903,-0.93065,0.0,96.26183,14.7,0.0
2026-09-02T19:17:54Z,2027-06-25,296,180000.0,C,0.009,0.0105,0.0097,80250.48,77295.77,0.5014,0.05881,0.0,84.67354,41.6,9.0
2026-09-02T19:17:54Z,2027-06-25,296,180000.0,P,1.23,1.2665,1.2527,80251.25,77295.77,0.5014,-0.94119,0.0,84.67717,0.0,0.0
2026-09-02T19:17:54Z,2027-06-25,296,190000.0,C,0.0075,0.009,0.0082,80250.48,77295.77,0.5112,0.05011,0.0,74.6098,47.8,0.1
2026-09-02T19:17:54Z,2027-06-25,296,190000.0,P,1.3515,1.391,1.3758,80251.25,77295.77,0.5112,-0.94988,0.0,74.61308,0.5,0.0
2026-09-02T19:17:54Z,2027-06-25,296,200000.0,C,0.0065,0.008,0.0072,80251.25,77295.77,0.5227,0.04397,0.0,67.1768,16.6,0.5
2026-09-02T19:17:54Z,2027-06-25,296,200000.0,P,1.4725,1.5175,1.4994,80250.48,77295.77,0.5227,-0.95604,0.0,67.17382,2.1,0.0
