snapshot_ts,expiry,days_to_expiry,strike,option_type,bid,ask,mark_price,forward_price,index_price,implied_vol,delta,gamma,vega,open_interest,volume_24h
2026-09-01T19:17:09Z,2026-09-02,1,69000.0,C,0.1045,0.1095,0.1066,77227.58,77216.47,0.633,1.0,0.0,0.0002,0.0,0.0
2026-09-01T19:17:09Z,2026-09-02,1,69000.0,P,0.0,0.0001,0.0,77224.09,77216.47,0.633,0.0,0.0,0.00021,35.3,2.0
2026-09-01T19:17:09Z,2026-09-02,1,70000.0,C,0.0915,0.097,0.0936,77224.09,77216.47,0.631,0.99998,0.0,0.00266,0.0,0.0
2026-09-01T19:17:09Z,2026-09-02,1,70000.0,P,0.0,0.0001,0.0,77224.09,77216.47,0.631,-2e-05,0.0,0.00266,51.5,15.0
2026-09-01T19:17:09Z,2026-09-02,1,71000.0,C,0.0785,0.084,0.0807,77224.09,77216.47,0.6307,0.99978,0.0,0.02487,0.0,0.0
2026-09-01T19:17:09Z,2026-09-02,1,71000.0,P,0.0,0.0001,0.0,77224.09,77216.47,0.6307,-0.00022,0.0,0.02487,5.9,0.0
2026-09-01T19:17:09Z,2026-09-02,1,72000.0,C,0.0655,0.071,0.0677,77224.09,77216.47,0.6307,0.99829,0.0,0.16188,0.0,0.0
2026-09-01T19:17:09Z,2026-09-02,1,72000.0,P,0.0,0.0001,0.0,77227.58,77216.47,0.6307,-0.0017,0.0,0.161,27.1,0.1
2026-09-01T19:17:09Z,2026-09-02,1,73000.0,C,0.0525,0.058,0.0548,77224.09,77216.47,0.6007,0.99323,1e-05,0.55659,0.0,0.0
2026-09-01T19:17:09Z,2026-09-02,1,73000.0,P,0.0,0.0001,0.0001,77224.09,77216.47,0.6007,-0.00677,1e-05,0.55659,38.1,25.4
2026-09-01T19:17:09Z,2026-09-02,1,74000.0,C,0.0395,0.0455,0.042,77224.09,77216.47,0.5393,0.98149,3e-05,1.33382,5.0,5.0
2026-09-01T19:17:09Z,2026-09-02,1,74000.0,P,0.0,0.0002,0.0001,77224.09,77216.47,0.5393,-0.01851,3e-05,1.33382,112.0,54.4
2026-09-01T19:17:09Z,2026-09-02,1,75000.0,C,0.027,0.032,0.0291,77224.09,77216.47,0.44179999999999997,0.95947,7e-05,2.56257,0.0,0.0
2026-09-01T19:17:09Z,2026-09-02,1,75000.0,P,0.0001,0.0004,0.0003,77224.09,77216.47,0.44179999999999997,-0.04053,7e-05,2.56257,29.3,15.4
2026-09-01T19:17:09Z,2026-09-02,1,75500.0,C,0.0205,0.026,0.0228,77224.09,77216.47,0.3995,0.93203,0.00011,3.86186,0.0,0.0
2026-09-01T19:17:09Z,2026-09-02,1,75500.0,P,0.0004,0.0006,0.0005,77223.2,77216.47,0.3995,-0.06807,0.00011,3.86653,165.5,56.0
2026-09-01T19:17:09Z,2026-09-02,1,76000.0,C,0.0145,0.02,0.0168,77223.2,77216.47,0.365,0.87598,0.00019,6.02367,0.0,0.0
2026-09-01T19:17:09Z,2026-09-02,1,76000.0,P,0.0008,0.0011,0.0009,77223.2,77216.47,0.365,-0.12402,0.00019,6.02367,131.2,189.3
2026-09-01T19:17:09Z,2026-09-02,1,76500.0,C,0.0105,0.0125,0.0112,77223.2,77216.47,0.3404,0.76789,0.0003,8.9798,0.2,0.2
2026-09-01T19:17:09Z,2026-09-02,1,76500.0,P,0.0016,0.0019,0.0017,77223.2,77216.47,0.3404,-0.23211,0.0003,8.9798,150.8,152.4
2026-09-01T19:17:09Z,2026-09-02,1,77000.0,C,0.006,0.0075,0.0065,77223.2,77216.47,0.3226,0.59546,0.00041,11.40027,10.0,10.0
2026-09-01T19:17:09Z,2026-09-02,1,77000.0,P,0.0034,0.004,0.0036,77223.2,77216.47,0.3226,-0.40454,0.00041,11.40027,700.2,689.4
2026-09-01T19:17:09Z,2026-09-02,1,77500.0,C,0.003,0.0036,0.0034,77224.09,77216.47,0.32549999999999996,0.38919,0.0004,11.28237,8.7,9.0
2026-09-01T19:17:09Z,2026-09-02,1,77500.0,P,0.006,0.0075,0.0069,77223.2,77216.47,0.32549999999999996,-0.61116,0.0004,11.27928,45.2,71.8
2026-09-01T19:17:09Z,2026-09-02,1,78000.0,C,0.0012,0.0016,0.0015,77223.17,77216.47,0.32270000000000004,0.20954,0.0003,8.46874,31.6,29.6
2026-09-01T19:17:09Z,2026-09-02,1,78000.0,P,0.009,0.014,0.0114,77223.2,77216.47,0.32270000000000004,-0.79044,0.0003,8.46917,29.1,24.3
2026-09-01T19:17:09Z,2026-09-02,1,78500.0,C,0.0004,0.0007,0.0006,77223.2,77216.47,0.3282,0.09592,0.00018,5.00823,29.3,40.0
2026-09-01T19:17:09Z,2026-09-02,1,78500.0,P,0.014,0.0195,0.017,77223.2,77216.47,0.3282,-0.90408,0.00018,5.00823,123.5,127.1
2026-09-01T19:17:09Z,2026-09-02,1,79000.0,C,0.0001,0.0003,0.0002,77223.2,77216.47,0.3368,0.03866,8e-05,2.46639,172.6,78.4
2026-09-01T19:17:09Z,2026-09-02,1,79000.0,P,0.02,0.0255,0.0231,77224.09,77216.47,0.3368,-0.96126,8e-05,2.47033,3.5,0.9
2026-09-01T19:17:09Z,2026-09-02,1,79500.0,C,0.0,0.0002,0.0002,77223.2,77216.47,0.41200000000000003,0.03265,6e-05,2.14717,67.8,65.5
2026-09-01T19:17:09Z,2026-09-02,1,79500.0,P,0.026,0.032,0.0296,77223.2,77216.47,0.41200000000000003,-0.96735,6e-05,2.14717,0.3,0.0
2026-09-01T19:17:09Z,2026-09-02,1,80000.0,C,0.0,0.0001,0.0001,77223.2,77216.47,0.4389,0.01767,3e-05,1.28222,154.2,119.4
2026-09-01T19:17:09Z,2026-09-02,1,80000.0,P,0.0325,0.0385,0.036,77223.2,77216.47,0.4389,-0.98233,3e-05,1.28222,0.0,0.0
2026-09-01T19:17:09Z,2026-09-02,1,80500.0,C,0.0,0.0001,0.0001,77223.2,77216.47,0.46799999999999997,0.01013,2e-05,0.79302,224.4,34.2
2026-09-01T19:17:09Z,2026-09-02,1,80500.0,P,0.039,0.045,0.0424,77223.17,77216.47,0.46799999999999997,-0.98987,2e-05,0.79298,0.0,0.0
2026-09-01T19:17:09Z,2026-09-02,1,81000.0,C,0.0,0.0001,0.0,77223.67,77216.47,0.47130000000000005,0.00403,1e-05,0.35061,71.1,26.6
2026-09-01T19:17:09Z,2026-09-02,1,81000.0,P,0.045,0.0515,0.0489,77223.67,77216.47,0.47130000000000005,-0.99597,1e-05,0.35061,0.0,0.0
2026-09-01T19:17:09Z,2026-09-02,1,81500.0,C,0.0,0.0001,0.0,77223.67,77216.47,0.49229999999999996,0.00209,0.0,0.19412,20.5,40.6
2026-09-01T19:17:09Z,2026-09-02,1,81500.0,P,0.052,0.058,0.0553,77223.67,77216.47,0.49229999999999996,-0.99791,0.0,0.19412,0.0,0.0
2026-09-01T19:17:09Z,2026-09-02,1,82000.0,C,0.0,0.0001,0.0,77223.67,77216.47,0.51,0.00104,0.0,0.10265,75.0,14.2
2026-09-01T19:17:09Z,2026-09-02,1,82000.0,P,0.0585,0.0645,0.0619,77223.67,77216.47,0.51,-0.99896,0.0,0.10265,0.0,0.0
2026-09-01T19:17:09Z,2026-09-02,1,83000.0,C,0.0,0.0001,0.0,77223.67,77216.47,0.525,0.00016,0.0,0.01825,26.6,5.3
2026-09-01T19:17:09Z,2026-09-02,1,83000.0,P,0.071,0.0775,0.0747,77223.67,77216.47,0.525,-0.99984,0.0,0.01825,0.0,0.0
2026-09-01T19:17:09Z,2026-09-02,1,84000.0,C,0.0,0.0001,0.0,77223.67,77216.47,0.5288,2e-05,0.0,0.00201,21.1,20.1
2026-09-01T19:17:09Z,2026-09-02,1,84000.0,P,0.0845,0.0905,0.0877,77223.67,77216.47,0.5288,-0.99998,0.0,0.00201,0.0,0.0
2026-09-01T19:17:09Z,2026-09-02,1,85000.0,C,0.0,0.0001,0.0,77223.67,77216.47,0.5715,1e-05,0.0,0.00075,5.1,0.4
2026-09-01T19:17:09Z,2026-09-02,1,85000.0,P,0.097,0.1035,0.1006,77223.67,77216.47,0.5715,-0.99999,0.0,0.00075,0.0,0.0
2026-09-01T19:17:09Z,2026-09-02,1,86000.0,C,0.0,0.0001,0.0,77223.67,77216.47,0.5720000000000001,0.0,0.0,6e-05,5.6,0.0
2026-09-01T19:17:09Z,2026-09-02,1,86000.0,P,0.11,0.1175,0.1136,77223.67,77216.47,0.5720000000000001,-1.0,0.0,6e-05,0.0,0.0
2026-09-01T19:17:09Z,2026-09-02,1,87000.0,C,0.0,0.0001,0.0,77223.67,77216.47,0.5976,0.0,0.0,1e-05,39.0,0.0
2026-09-01T19:17:09Z,2026-09-02,1,87000.0,P,0.123,0.1305,0.1266,77223.67,77216.47,0.5976,-1.0,0.0,1e-05,0.0,0.0
2026-09-01T19:17:09Z,2026-09-03,2,69000.0,C,0.105,0.1095,0.1067,77234.76,77216.47,0.6462,0.99669,0.0,0.4994,0.0,0.0
2026-09-01T19:17:09Z,2026-09-03,2,69000.0,P,0.0,0.0001,0.0,77234.76,77216.47,0.6462,-0.00331,0.0,0.4994,22.8,0.1
2026-09-01T19:17:09Z,2026-09-03,2,70000.0,C,0.092,0.097,0.0938,77234.76,77216.47,0.6286999999999999,0.99259,1e-05,1.02421,0.0,0.0
2026-09-01T19:17:09Z,2026-09-03,2,70000.0,P,0.0,0.0002,0.0001,77237.35,77216.47,0.6286999999999999,-0.00739,1e-05,1.02219,5.3,1.3
2026-09-01T19:17:09Z,2026-09-03,2,71000.0,C,0.079,0.084,0.0809,77234.76,77216.47,0.5844,0.98757,1e-05,1.60997,0.0,0.0
2026-09-01T19:17:09Z,2026-09-03,2,71000.0,P,0.0,0.0002,0.0002,77234.76,77216.47,0.5844,-0.01243,1e-05,1.60997,10.0,9.4
2026-09-01T19:17:09Z,2026-09-03,2,72000.0,C,0.066,0.0715,0.0681,77237.35,77216.47,0.5313,0.98023,2e-05,2.39749,0.0,0.0
2026-09-01T19:17:09Z,2026-09-03,2,72000.0,P,0.0001,0.0003,0.0003,77237.35,77216.47,0.5313,-0.01977,2e-05,2.39749,12.6,2.1
2026-09-01T19:17:09Z,2026-09-03,2,73000.0,C,0.053,0.058,0.0552,77237.35,77216.47,0.47130000000000005,0.96887,3e-05,3.50779,0.0,0.0
2026-09-01T19:17:09Z,2026-09-03,2,73000.0,P,0.0003,0.0005,0.0004,77237.35,77216.47,0.47130000000000005,-0.03113,3e-05,3.50779,19.0,10.9
2026-09-01T19:17:09Z,2026-09-03,2,74000.0,C,0.039,0.0455,0.0426,77234.76,77216.47,0.4208,0.9434,5e-05,5.69004,0.0,0.0
2026-09-01T19:17:09Z,2026-09-03,2,74000.0,P,0.0006,0.0008,0.0007,77234.76,77216.47,0.4208,-0.0566,5e-05,5.69004,61.8,8.1
2026-09-01T19:17:09Z,2026-09-03,2,75000.0,C,0.027,0.0335,0.0303,77234.76,77216.47,0.3779,0.88732,0.0001,9.5655,0.0,0.0
2026-09-01T19:17:09Z,2026-09-03,2,75000.0,P,0.0012,0.0016,0.0013,77234.72,77216.47,0.3779,-0.11269,0.0001,9.56601,40.4,10.7
2026-09-01T19:17:09Z,2026-09-03,2,75500.0,C,0.022,0.0275,0.0245,77234.76,77216.47,0.3611,0.83727,0.00014,12.3012,0.0,0.0
2026-09-01T19:17:09Z,2026-09-03,2,75500.0,P,0.0019,0.0023,0.002,77234.76,77216.47,0.3611,-0.16273,0.00014,12.3012,146.9,116.7
2026-09-01T19:17:09Z,2026-09-03,2,76000.0,C,0.018,0.0205,0.0192,77234.72,77216.47,0.3493,0.76546,0.00018,15.34918,0.0,0.0
2026-09-01T19:17:09Z,2026-09-03,2,76000.0,P,0.0029,0.0034,0.0031,77234.72,77216.47,0.3493,-0.23454,0.00018,15.34918,312.4,120.8
2026-09-01T19:17:09Z,2026-09-03,2,76500.0,C,0.0135,0.015,0.0144,77234.72,77216.47,0.3418,0.67111,0.00021,18.08391,19.8,19.8
2026-09-01T19:17:09Z,2026-09-03,2,76500.0,P,0.0046,0.005,0.0048,77234.72,77216.47,0.3418,-0.32889,0.00021,18.08391,42.7,25.8
2026-09-01T19:17:09Z,2026-09-03,2,77000.0,C,0.0095,0.0105,0.0102,77234.72,77216.47,0.3323,0.56051,0.00024,19.71826,8.2,8.2
2026-09-01T19:17:09Z,2026-09-03,2,77000.0,P,0.0065,0.0075,0.0071,77234.76,77216.47,0.3323,-0.43948,0.00024,19.7182,47.3,8.9
2026-09-01T19:17:09Z,2026-09-03,2,77500.0,C,0.0065,0.0075,0.0071,77234.72,77216.47,0.33409999999999995,0.44129,0.00024,19.73174,44.1,28.3
2026-09-01T19:17:09Z,2026-09-03,2,77500.0,P,0.01,0.011,0.0104,77234.72,77216.47,0.33409999999999995,-0.55871,0.00024,19.73174,82.7,96.6
2026-09-01T19:17:09Z,2026-09-03,2,78000.0,C,0.0042,0.0047,0.0045,77234.72,77216.47,0.3306,0.32638,0.00022,18.02779,40.0,39.9
2026-09-01T19:17:09Z,2026-09-03,2,78000.0,P,0.013,0.0155,0.0144,77234.76,77216.47,0.3306,-0.67361,0.00022,18.028,104.8,109.8
2026-09-01T19:17:09Z,2026-09-03,2,78500.0,C,0.0026,0.003,0.0028,77234.72,77216.47,0.3328,0.22859,0.00018,15.131,118.1,135.0
2026-09-01T19:17:09Z,2026-09-03,2,78500.0,P,0.0165,0.0215,0.0192,77234.76,77216.47,0.3328,-0.7714,0.00018,15.13128,7.6,5.8
2026-09-01T19:17:09Z,2026-09-03,2,79000.0,C,0.0016,0.0019,0.0018,77234.72,77216.47,0.33909999999999996,0.15425,0.00014,11.87662,95.0,94.1
2026-09-01T19:17:09Z,2026-09-03,2,79000.0,P,0.0215,0.027,0.0246,77234.72,77216.47,0.33909999999999996,-0.84575,0.00014,11.87662,6.1,0.0
2026-09-01T19:17:09Z,2026-09-03,2,79500.0,C,0.001,0.0012,0.0011,77234.72,77216.47,0.3506,0.10345,0.0001,8.99506,19.1,4.1
2026-09-01T19:17:09Z,2026-09-03,2,79500.0,P,0.027,0.0335,0.0304,77234.72,77216.47,0.3506,-0.89655,0.0001,8.99506,8.0,16.0
2026-09-01T19:17:09Z,2026-09-03,2,80000.0,C,0.0006,0.0008,0.0007,77229.66,77216.47,0.365,0.06947,7e-05,6.67436,10.0,3.2
2026-09-01T19:17:09Z,2026-09-03,2,80000.0,P,0.033,0.039,0.0365,77229.66,77216.47,0.365,-0.93053,7e-05,6.67436,0.0,0.0
2026-09-01T19:17:09Z,2026-09-03,2,80500.0,C,0.0004,0.0006,0.0005,77229.66,77216.47,0.385,0.04933,5e-05,5.10123,53.3,49.3
2026-09-01T19:17:09Z,2026-09-03,2,80500.0,P,0.039,0.0465,0.0428,77229.66,77216.47,0.385,-0.95067,5e-05,5.10123,0.0,0.0
2026-09-01T19:17:09Z,2026-09-03,2,81000.0,C,0.0002,0.0004,0.0003,77229.66,77216.47,0.39740000000000003,0.03289,4e-05,3.67056,97.8,76.7
2026-09-01T19:17:09Z,2026-09-03,2,81000.0,P,0.0455,0.0515,0.0491,77229.66,77216.47,0.39740000000000003,-0.96711,4e-05,3.67056,0.0,0.0
2026-09-01T19:17:09Z,2026-09-03,2,81500.0,C,0.0002,0.0004,0.0003,77229.66,77216.47,0.428,0.02689,3e-05,3.10567,137.7,95.3
2026-09-01T19:17:09Z,2026-09-03,2,81500.0,P,0.0515,0.058,0.0555,77229.66,77216.47,0.428,-0.97311,3e-05,3.10567,0.0,0.0
2026-09-01T19:17:09Z,2026-09-03,2,82000.0,C,0.0001,0.0003,0.0002,77229.66,77216.47,0.441,0.01854,2e-05,2.27004,20.7,15.2
2026-09-01T19:17:09Z,2026-09-03,2,82000.0,P,0.0585,0.0645,0.0619,77229.66,77216.47,0.441,-0.98146,2e-05,2.27004,0.0,0.0
2026-09-01T19:17:09Z,2026-09-03,2,83000.0,C,0.0,0.0002,0.0001,77229.66,77216.47,0.4919,0.01233,1e-05,1.59896,14.1,11.5
2026-09-01T19:17:09Z,2026-09-03,2,83000.0,P,0.071,0.0785,0.0748,77234.49,77216.47,0.4919,-0.98761,1e-05,1.60613,0.0,0.0
2026-09-01T19:17:09Z,2026-09-03,2,84000.0,C,0.0,0.0002,0.0001,77229.66,77216.47,0.5019,0.00509,1e-05,0.73444,3.4,2.2
2026-09-01T19:17:09Z,2026-09-03,2,84000.0,P,0.084,0.09,0.0876,77234.49,77216.47,0.5019,-0.99488,1e-05,0.73813,0.0,0.0
2026-09-01T19:17:09Z,2026-09-03,2,85000.0,C,0.0,0.0001,0.0,77234.49,77216.47,0.528,0.00267,0.0,0.4119,56.9,51.9
2026-09-01T19:17:09Z,2026-09-03,2,85000.0,P,0.0965,0.103,0.1006,77234.49,77216.47,0.528,-0.99733,0.0,0.4119,0.0,0.0
2026-09-01T19:17:09Z,2026-09-03,2,86000.0,C,0.0,0.0001,0.0,77225.47,77216.47,0.573,0.00197,0.0,0.31329,3.8,0.9
2026-09-01T19:17:09Z,2026-09-03,2,86000.0,P,0.11,0.116,0.1135,77225.47,77216.47,0.573,-0.99803,0.0,0.31329,0.0,0.0
2026-09-01T19:17:09Z,2026-09-03,2,87000.0,C,0.0,0.0001,0.0,77225.47,77216.47,0.595,0.00105,0.0,0.17651,3.4,0.1
2026-09-01T19:17:09Z,2026-09-03,2,87000.0,P,0.123,0.129,0.1264,77225.47,77216.47,0.595,-0.99895,0.0,0.17651,0.0,0.0
2026-09-01T19:17:09Z,2026-09-03,2,88000.0,C,0.0,0.0001,0.0,77225.47,77216.47,0.6119,0.00052,0.0,0.09285,13.0,8.0
2026-09-01T19:17:09Z,2026-09-03,2,88000.0,P,0.136,0.142,0.1394,77225.47,77216.47,0.6119,-0.99948,0.0,0.09285,0.0,0.0
2026-09-01T19:17:09Z,2026-09-04,3,53000.0,C,0.312,0.316,0.3138,77227.26,77216.47,1.0178,1.0,0.0,0.0011,0.0,0.0
2026-09-01T19:17:09Z,2026-09-04,3,53000.0,P,0.0,0.0001,0.0,77231.38,77216.47,1.0178,0.0,0.0,0.00109,131.3,0.0
2026-09-01T19:17:09Z,2026-09-04,3,55000.0,C,0.286,0.2905,0.2879,77231.38,77216.47,0.9632999999999999,0.99999,0.0,0.00278,0.0,0.0
2026-09-01T19:17:09Z,2026-09-04,3,55000.0,P,0.0,0.0001,0.0,77227.26,77216.47,0.9632999999999999,-1e-05,0.0,0.00279,110.2,0.0
2026-09-01T19:17:09Z,2026-09-04,3,58000.0,C,0.2465,0.252,0.249,77227.26,77216.47,0.8513,0.99998,0.0,0.00636,0.0,0.0
2026-09-01T19:17:09Z,2026-09-04,3,58000.0,P,0.0,0.0001,0.0,77227.26,77216.47,0.8513,-2e-05,0.0,0.00636,380.1,0.0
2026-09-01T19:17:09Z,2026-09-04,3,60000.0,C,0.2205,0.2255,0.2231,77227.26,77216.47,0.8426,0.99986,0.0,0.03488,0.4,0.0
2026-09-01T19:17:09Z,2026-09-04,3,60000.0,P,0.0,0.0001,0.0,77227.26,77216.47,0.8426,-0.00014,0.0,0.03488,1086.9,0.0
2026-09-01T19:17:09Z,2026-09-04,3,61000.0,C,0.2075,0.213,0.2102,77227.26,77216.47,0.8426,0.99966,0.0,0.07985,5.5,0.0
2026-09-01T19:17:09Z,2026-09-04,3,61000.0,P,0.0,0.0001,0.0,77227.16,77216.47,0.8426,-0.00034,0.0,0.07986,156.8,0.6
2026-09-01T19:17:09Z,2026-09-04,3,62000.0,C,0.1955,0.2,0.1972,77227.16,77216.47,0.8426,0.99923,0.0,0.17088,2.4,0.0
2026-09-01T19:17:09Z,2026-09-04,3,62000.0,P,0.0,0.0001,0.0,77227.16,77216.47,0.8426,-0.00077,0.0,0.17088,554.1,0.0
2026-09-01T19:17:09Z,2026-09-04,3,63000.0,C,0.1825,0.187,0.1843,77227.26,77216.47,0.8418000000000001,0.99836,0.0,0.3401,85.8,0.2
2026-09-01T19:17:09Z,2026-09-04,3,63000.0,P,0.0,0.0002,0.0,77227.16,77216.47,0.8418000000000001,-0.00164,0.0,0.34012,743.0,30.3
2026-09-01T19:17:09Z,2026-09-04,3,64000.0,C,0.17,0.174,0.1713,77227.16,77216.47,0.8417,0.9967,0.0,0.64131,265.0,0.1
2026-09-01T19:17:09Z,2026-09-04,3,64000.0,P,0.0,0.0002,0.0001,77227.26,77216.47,0.8417,-0.0033,0.0,0.64128,280.6,0.1
2026-09-01T19:17:09Z,2026-09-04,3,65000.0,C,0.156,0.161,0.1584,77227.16,77216.47,0.8178,0.99485,0.0,0.95421,293.6,0.5
2026-09-01T19:17:09Z,2026-09-04,3,65000.0,P,0.0,0.0002,0.0001,77227.16,77216.47,0.8178,-0.00515,0.0,0.95421,406.5,0.0
2026-09-01T19:17:09Z,2026-09-04,3,66000.0,C,0.143,0.148,0.1455,77227.16,77216.47,0.7893000000000001,0.99231,0.0,1.36084,450.3,9.4
2026-09-01T19:17:09Z,2026-09-04,3,66000.0,P,0.0001,0.0002,0.0002,77227.16,77216.47,0.7893000000000001,-0.00769,0.0,1.36084,339.7,2.1
2026-09-01T19:17:09Z,2026-09-04,3,67000.0,C,0.13,0.1355,0.1326,77227.16,77216.47,0.7265,0.99132,1e-05,1.51448,977.4,4.0
2026-09-01T19:17:09Z,2026-09-04,3,67000.0,P,0.0001,0.0003,0.0002,77227.16,77216.47,0.7265,-0.00868,1e-05,1.51448,132.9,35.2
2026-09-01T19:17:09Z,2026-09-04,3,68000.0,C,0.118,0.1225,0.1197,77227.16,77216.47,0.679,0.98867,1e-05,1.91067,908.4,16.0
2026-09-01T19:17:09Z,2026-09-04,3,68000.0,P,0.0001,0.0003,0.0002,77227.26,77216.47,0.679,-0.01133,1e-05,1.91057,247.4,34.1
2026-09-01T19:17:09Z,2026-09-04,3,69000.0,C,0.1055,0.11,0.1068,77227.16,77216.47,0.6255,0.98571,1e-05,2.33539,401.2,1.3
2026-09-01T19:17:09Z,2026-09-04,3,69000.0,P,0.0002,0.0004,0.0003,77228.65,77216.47,0.6255,-0.01428,1e-05,2.33379,139.0,13.6
2026-09-01T19:17:09Z,2026-09-04,3,70000.0,C,0.0925,0.0975,0.0939,77228.65,77216.47,0.5822999999999999,0.97989,1e-05,3.12715,757.3,4.4
2026-09-01T19:17:09Z,2026-09-04,3,70000.0,P,0.0003,0.0004,0.0004,77228.65,77216.47,0.5822999999999999,-0.02011,1e-05,3.12715,1029.1,32.8
2026-09-01T19:17:09Z,2026-09-04,3,71000.0,C,0.0795,0.084,0.0811,77228.65,77216.47,0.5222,0.97476,2e-05,3.78795,920.4,2.2
2026-09-01T19:17:09Z,2026-09-04,3,71000.0,P,0.0003,0.0005,0.0004,77228.65,77216.47,0.5222,-0.02524,2e-05,3.78795,166.7,43.7
2026-09-01T19:17:09Z,2026-09-04,3,72000.0,C,0.065,0.071,0.0683,77227.22,77216.47,0.47619999999999996,0.96309,3e-05,5.18897,552.5,2.0
2026-09-01T19:17:09Z,2026-09-04,3,72000.0,P,0.0005,0.0007,0.0006,77228.65,77216.47,0.47619999999999996,-0.03687,3e-05,5.18474,551.9,48.3
2026-09-01T19:17:09Z,2026-09-04,3,73000.0,C,0.0535,0.0585,0.0556,77228.65,77216.47,0.4314,0.94361,4e-05,7.29479,540.0,1.0
2026-09-01T19:17:09Z,2026-09-04,3,73000.0,P,0.0008,0.001,0.0009,77228.65,77216.47,0.4314,-0.05639,4e-05,7.29479,792.1,295.2
2026-09-01T19:17:09Z,2026-09-04,3,74000.0,C,0.041,0.046,0.0433,77227.22,77216.47,0.39649999999999996,0.90487,7e-05,10.87788,792.5,3.3
2026-09-01T19:17:09Z,2026-09-04,3,74000.0,P,0.0014,0.0016,0.0015,77228.65,77216.47,0.39649999999999996,-0.09504,7e-05,10.87009,691.9,196.1
2026-09-01T19:17:09Z,2026-09-04,3,75000.0,C,0.0295,0.034,0.0316,77227.22,77216.47,0.37070000000000003,0.83241,0.00011,16.12141,509.9,2.7
2026-09-01T19:17:09Z,2026-09-04,3,75000.0,P,0.0026,0.003,0.0028,77228.65,77216.47,0.37070000000000003,-0.16744,0.00011,16.11239,979.2,91.5
2026-09-01T19:17:09Z,2026-09-04,3,76000.0,C,0.0205,0.0225,0.0213,77227.22,77216.47,0.3527,0.71234,0.00015,21.92435,177.3,9.3
2026-09-01T19:17:09Z,2026-09-04,3,76000.0,P,0.005,0.006,0.0054,77228.65,77216.47,0.3527,-0.28744,0.00015,21.917,338.6,25.5
2026-09-01T19:17:09Z,2026-09-04,3,76500.0,C,0.016,0.0175,0.0167,77228.65,77216.47,0.3452,0.63464,0.00017,24.17503,2.3,2.3
2026-09-01T19:17:09Z,2026-09-04,3,76500.0,P,0.007,0.008,0.0073,77228.65,77216.47,0.3452,-0.36536,0.00017,24.17503,76.0,74.2
2026-09-01T19:17:09Z,2026-09-04,3,77000.0,C,0.0125,0.0135,0.0129,77228.65,77216.47,0.34340000000000004,0.54697,0.00018,25.47219,129.4,25.1
2026-09-01T19:17:09Z,2026-09-04,3,77000.0,P,0.0095,0.0105,0.01,77227.22,77216.47,0.34340000000000004,-0.45329,0.00018,25.47366,335.6,33.6
2026-09-01T19:17:09Z,2026-09-04,3,77500.0,C,0.009,0.01,0.0097,77229.6,77216.47,0.3425,0.45686,0.00018,25.50041,24.1,23.8
2026-09-01T19:17:09Z,2026-09-04,3,77500.0,P,0.0125,0.0135,0.0132,77229.6,77216.47,0.3425,-0.54314,0.00018,25.50041,23.2,21.4
2026-09-01T19:17:09Z,2026-09-04,3,78000.0,C,0.0065,0.0075,0.0071,77229.6,77216.47,0.3406,0.36847,0.00017,24.24343,232.0,29.9
2026-09-01T19:17:09Z,2026-09-04,3,78000.0,P,0.016,0.0175,0.0171,77229.6,77216.47,0.3406,-0.63153,0.00017,24.24343,449.3,26.6
2026-09-01T19:17:09Z,2026-09-04,3,78500.0,C,0.0049,0.0055,0.0052,77229.6,77216.47,0.3454,0.29014,0.00015,22.01387,31.8,32.6
2026-09-01T19:17:09Z,2026-09-04,3,78500.0,P,0.02,0.0225,0.0216,77229.6,77216.47,0.3454,-0.70986,0.00015,22.01387,24.9,7.3
2026-09-01T19:17:09Z,2026-09-04,3,79000.0,C,0.0034,0.0038,0.0036,77229.6,77216.47,0.34509999999999996,0.2193,0.00013,19.00291,230.1,49.2
2026-09-01T19:17:09Z,2026-09-04,3,79000.0,P,0.0235,0.029,0.0265,77229.6,77216.47,0.34509999999999996,-0.7807,0.00013,19.00291,183.5,9.1
2026-09-01T19:17:09Z,2026-09-04,3,79500.0,C,0.0023,0.0027,0.0025,77229.6,77216.47,0.35,0.16359,0.00011,15.87193,14.4,8.2
2026-09-01T19:17:09Z,2026-09-04,3,79500.0,P,0.029,0.0355,0.0319,77229.6,77216.47,0.35,-0.83641,0.00011,15.87193,0.1,0.0
2026-09-01T19:17:09Z,2026-09-04,3,80000.0,C,0.0017,0.002,0.0018,77228.65,77216.47,0.3582,0.12156,9e-05,12.9789,1132.5,166.7
2026-09-01T19:17:09Z,2026-09-04,3,80000.0,P,0.0345,0.04,0.0377,77229.6,77216.47,0.3582,-0.87836,9e-05,12.98531,288.6,6.5
2026-09-01T19:17:09Z,2026-09-04,3,80500.0,C,0.0011,0.0014,0.0013,77229.6,77216.47,0.369,0.091,7e-05,10.52754,10.5,10.5
2026-09-01T19:17:09Z,2026-09-04,3,80500.0,P,0.04,0.046,0.0436,77229.6,77216.47,0.369,-0.909,7e-05,10.52754,0.0,0.0
2026-09-01T19:17:09Z,2026-09-04,3,81000.0,C,0.0008,0.0011,0.001,77229.6,77216.47,0.3823,0.0692,5e-05,8.55645,531.3,81.1
2026-09-01T19:17:09Z,2026-09-04,3,81000.0,P,0.0465,0.053,0.0498,77229.6,77216.47,0.3823,-0.9308,5e-05,8.55645,97.3,0.5
2026-09-01T19:17:09Z,2026-09-04,3,82000.0,C,0.0005,0.0007,0.0006,77229.6,77216.47,0.41729999999999995,0.04383,3e-05,5.96591,6281.4,116.6
2026-09-01T19:17:09Z,2026-09-04,3,82000.0,P,0.059,0.066,0.0624,77229.6,77216.47,0.41729999999999995,-0.95617,3e-05,5.96591,3.2,0.0
2026-09-01T19:17:09Z,2026-09-04,3,83000.0,C,0.0003,0.0005,0.0004,77229.6,77216.47,0.4471,0.0276,2e-05,4.08136,125.4,15.3
2026-09-01T19:17:09Z,2026-09-04,3,83000.0,P,0.0715,0.0775,0.0751,77229.6,77216.47,0.4471,-0.9724,2e-05,4.08136,2.4,0.0
2026-09-01T19:17:09Z,2026-09-04,3,84000.0,C,0.0003,0.0004,0.0003,77231.28,77216.47,0.48469999999999996,0.01961,2e-05,3.06102,449.4,17.2
2026-09-01T19:17:09Z,2026-09-04,3,84000.0,P,0.0845,0.0915,0.088,77231.28,77216.47,0.48469999999999996,-0.98039,2e-05,3.06102,0.0,0.0
2026-09-01T19:17:09Z,2026-09-04,3,85000.0,C,0.0002,0.0003,0.0002,77231.28,77216.47,0.5133,0.01316,1e-05,2.17521,627.9,229.4
2026-09-01T19:17:09Z,2026-09-04,3,85000.0,P,0.097,0.1045,0.1008,77231.28,77216.47,0.5133,-0.98684,1e-05,2.17521,60.0,0.0
2026-09-01T19:17:09Z,2026-09-04,3,86000.0,C,0.0001,0.0002,0.0002,77231.28,77216.47,0.5518,0.01023,1e-05,1.74754,357.2,12.4
2026-09-01T19:17:09Z,2026-09-04,3,86000.0,P,0.1095,0.1175,0.1137,77231.28,77216.47,0.5518,-0.98977,1e-05,1.74754,0.1,0.0
2026-09-01T19:17:09Z,2026-09-04,3,88000.0,C,0.0,0.0002,0.0002,77231.28,77216.47,0.6607,0.0095,1e-05,1.63782,134.0,7.8
2026-09-01T19:17:09Z,2026-09-04,3,88000.0,P,0.136,0.142,0.1396,77229.6,77216.47,0.6607,-0.99052,1e-05,1.63627,0.0,0.0
2026-09-01T19:17:09Z,2026-09-04,3,90000.0,C,0.0,0.0001,0.0001,77231.28,77216.47,0.6656,0.00313,0.0,0.61179,331.1,28.9
2026-09-01T19:17:09Z,2026-09-04,3,90000.0,P,0.161,0.1675,0.1654,77231.28,77216.47,0.6656,-0.99687,0.0,0.61179,7.7,0.1
2026-09-01T19:17:09Z,2026-09-05,4,68000.0,C,0.117,0.123,0.1199,77244.71,77216.47,0.5854,0.98756,1e-05,2.44818,0.0,0.0
2026-09-01T19:17:09Z,2026-09-05,4,68000.0,P,0.0001,0.015,0.0003,77244.71,77216.47,0.5854,-0.01244,1e-05,2.44818,0.0,0.0
2026-09-01T19:17:09Z,2026-09-05,4,69000.0,C,0.104,0.11,0.1071,77244.71,77216.47,0.5554,0.98186,1e-05,3.38547,0.0,0.0
2026-09-01T19:17:09Z,2026-09-05,4,69000.0,P,0.0003,0.0005,0.0004,77244.71,77216.47,0.5555,-0.01814,1e-05,3.38576,1.6,1.6
2026-09-01T19:17:09Z,2026-09-05,4,70000.0,C,0.091,0.0975,0.0942,77246.42,77216.47,0.5145000000000001,0.97571,1e-05,4.33314,0.0,0.0
2026-09-01T19:17:09Z,2026-09-05,4,70000.0,P,0.0004,0.0006,0.0005,77246.42,77216.47,0.5145000000000001,-0.02429,1e-05,4.33314,11.5,11.5
2026-09-01T19:17:09Z,2026-09-05,4,71000.0,C,0.079,0.0845,0.0814,77244.71,77216.47,0.4725,0.96694,2e-05,5.60091,0.0,0.0
2026-09-01T19:17:09Z,2026-09-05,4,71000.0,P,0.0005,0.0008,0.0006,77244.71,77216.47,0.4725,-0.03306,2e-05,5.60091,0.6,0.6
2026-09-01T19:17:09Z,2026-09-05,4,72000.0,C,0.0655,0.072,0.0688,77246.42,77216.47,0.4387,0.95073,3e-05,7.74384,0.0,0.0
2026-09-01T19:17:09Z,2026-09-05,4,72000.0,P,0.0008,0.0011,0.0009,77244.71,77216.47,0.4387,-0.04933,3e-05,7.75024,8.8,8.8
2026-09-01T19:17:09Z,2026-09-05,4,73000.0,C,0.0535,0.0595,0.0563,77244.71,77216.47,0.4042,0.92529,5e-05,10.72083,0.0,0.0
2026-09-01T19:17:09Z,2026-09-05,4,73000.0,P,0.0012,0.0015,0.0014,77246.42,77216.47,0.4042,-0.07463,5e-05,10.71247,2.6,2.6
2026-09-01T19:17:09Z,2026-09-05,4,74000.0,C,0.042,0.047,0.0443,77246.42,77216.47,0.38170000000000004,0.87751,7e-05,15.41694,0.0,0.0
2026-09-01T19:17:09Z,2026-09-05,4,74000.0,P,0.0022,0.0024,0.0023,77244.71,77216.47,0.38170000000000004,-0.12261,7e-05,15.42717,3.2,3.2
2026-09-01T19:17:09Z,2026-09-05,4,75000.0,C,0.032,0.0345,0.0332,77246.42,77216.47,0.3661,0.79891,0.0001,21.33675,0.0,0.0
2026-09-01T19:17:09Z,2026-09-05,4,75000.0,P,0.004,0.0044,0.0041,77246.42,77216.47,0.3661,-0.20109,0.0001,21.33675,4.9,4.9
2026-09-01T19:17:09Z,2026-09-05,4,75500.0,C,0.027,0.0295,0.0281,77246.42,77216.47,0.3608,0.74609,0.00012,24.33849,0.0,0.0
2026-09-01T19:17:09Z,2026-09-05,4,75500.0,P,0.005,0.006,0.0055,77244.71,77216.47,0.3608,-0.25411,0.00012,24.34801,20.1,20.1
2026-09-01T19:17:09Z,2026-09-05,4,76000.0,C,0.0225,0.0245,0.0234,77244.71,77216.47,0.3565,0.68469,0.00013,26.99617,3.6,3.6
2026-09-01T19:17:09Z,2026-09-05,4,76000.0,P,0.007,0.008,0.0073,77246.42,77216.47,0.3565,-0.31509,0.00013,26.98857,27.2,27.2
2026-09-01T19:17:09Z,2026-09-05,4,76500.0,C,0.0185,0.02,0.0192,77244.71,77216.47,0.3555,0.61585,0.00014,29.01778,0.0,0.0
2026-09-01T19:17:09Z,2026-09-05,4,76500.0,P,0.009,0.01,0.0096,77246.42,77216.47,0.3555,-0.3839,0.00014,29.013,1.4,1.4
2026-09-01T19:17:09Z,2026-09-05,4,77000.0,C,0.015,0.016,0.0155,77246.42,77216.47,0.3544,0.54344,0.00015,30.12565,3.6,3.6
2026-09-01T19:17:09Z,2026-09-05,4,77000.0,P,0.012,0.013,0.0124,77247.05,77216.47,0.35450000000000004,-0.45647,0.00015,30.12513,6.0,6.0
2026-09-01T19:17:09Z,2026-09-05,4,77500.0,C,0.012,0.013,0.0124,77246.54,77216.47,0.35710000000000003,0.46982,0.00015,30.21876,3.7,3.7
2026-09-01T19:17:09Z,2026-09-05,4,77500.0,P,0.015,0.016,0.0157,77247.05,77216.47,0.35710000000000003,-0.5301,0.00015,30.21939,4.2,4.2
2026-09-01T19:17:09Z,2026-09-05,4,78000.0,C,0.009,0.01,0.0097,77247.05,77216.47,0.35609999999999997,0.39762,0.00014,29.30227,21.3,21.3
2026-09-01T19:17:09Z,2026-09-05,4,78000.0,P,0.0185,0.02,0.0195,77247.05,77216.47,0.35609999999999997,-0.60238,0.00014,29.30227,16.1,16.6
2026-09-01T19:17:09Z,2026-09-05,4,78500.0,C,0.007,0.008,0.0074,77246.54,77216.47,0.3567,0.32946,0.00013,27.49245,28.6,28.8
2026-09-01T19:17:09Z,2026-09-05,4,78500.0,P,0.0225,0.0245,0.0237,77247.05,77216.47,0.3567,-0.67047,0.00013,27.49492,23.2,26.8
2026-09-01T19:17:09Z,2026-09-05,4,79000.0,C,0.005,0.006,0.0057,77247.05,77216.47,0.36,0.2689,0.00012,25.06631,4.4,4.4
2026-09-01T19:17:09Z,2026-09-05,4,79000.0,P,0.027,0.0295,0.0284,77247.05,77216.47,0.36,-0.7311,0.00012,25.06631,0.0,0.0
2026-09-01T19:17:09Z,2026-09-05,4,79500.0,C,0.0041,0.0045,0.0044,77247.05,77216.47,0.36460000000000004,0.21654,0.00011,22.28842,11.2,11.2
2026-09-01T19:17:09Z,2026-09-05,4,79500.0,P,0.0305,0.0365,0.0335,77247.05,77216.47,0.36460000000000004,-0.78346,0.00011,22.28842,0.0,0.0
2026-09-01T19:17:09Z,2026-09-05,4,80000.0,C,0.0031,0.0035,0.0033,77246.54,77216.47,0.3697,0.17225,9e-05,19.38562,5.3,5.3
2026-09-01T19:17:09Z,2026-09-05,4,80000.0,P,0.0355,0.042,0.039,77247.05,77216.47,0.3697,-0.8277,9e-05,19.38908,0.0,0.0
2026-09-01T19:17:09Z,2026-09-05,4,80500.0,C,0.0023,0.0027,0.0025,77247.05,77216.47,0.3766,0.13671,8e-05,16.63618,35.4,35.5
2026-09-01T19:17:09Z,2026-09-05,4,80500.0,P,0.041,0.048,0.0447,77247.05,77216.47,0.3766,-0.86329,8e-05,16.63618,0.0,0.0
2026-09-01T19:17:09Z,2026-09-05,4,81000.0,C,0.0018,0.0021,0.0019,77246.54,77216.47,0.3849,0.10847,6e-05,14.14056,4.0,4.0
2026-09-01T19:17:09Z,2026-09-05,4,81000.0,P,0.0475,0.054,0.0505,77247.85,77216.47,0.3849,-0.89145,6e-05,14.14864,0.0,0.0
2026-09-01T19:17:09Z,2026-09-05,4,81500.0,C,0.0014,0.0015,0.0015,77247.85,77216.47,0.395,0.08693,5e-05,12.02087,0.0,0.0
2026-09-01T19:17:09Z,2026-09-05,4,81500.0,P,0.053,0.06,0.0566,77247.85,77216.47,0.395,-0.91307,5e-05,12.02087,0.0,0.0
2026-09-01T19:17:09Z,2026-09-05,4,82000.0,C,0.0011,0.0013,0.0012,77247.85,77216.47,0.40630000000000005,0.0702,4e-05,10.22247,210.5,224.4
2026-09-01T19:17:09Z,2026-09-05,4,82000.0,P,0.059,0.0665,0.0628,77247.85,77216.47,0.40630000000000005,-0.9298,4e-05,10.22247,0.0,0.0
2026-09-01T19:17:09Z,2026-09-05,4,83000.0,C,0.0007,0.0009,0.0008,77247.85,77216.47,0.4266,0.04541,3e-05,7.25354,1.0,1.0
2026-09-01T19:17:09Z,2026-09-05,4,83000.0,P,0.0715,0.079,0.0753,77247.85,77216.47,0.4266,-0.95459,3e-05,7.25354,0.0,0.0
2026-09-01T19:17:09Z,2026-09-05,4,84000.0,C,0.0005,0.0007,0.0005,77247.05,77216.47,0.4533,0.03159,2e-05,5.3952,11.1,11.1
2026-09-01T19:17:09Z,2026-09-05,4,84000.0,P,0.0845,0.0915,0.088,77247.85,77216.47,0.4533,-0.96839,2e-05,5.39759,0.0,0.0
2026-09-01T19:17:09Z,2026-09-05,4,85000.0,C,0.0003,0.0005,0.0004,77247.85,77216.47,0.4793,0.02247,1e-05,4.05813,20.1,20.1
2026-09-01T19:17:09Z,2026-09-05,4,85000.0,P,0.097,0.1045,0.1008,77247.85,77216.47,0.4793,-0.97753,1e-05,4.05818,0.0,0.0
2026-09-01T19:17:09Z,2026-09-05,4,86000.0,C,0.0002,0.0004,0.0003,77247.85,77216.47,0.5062,0.01653,1e-05,3.12701,0.1,0.1
2026-09-01T19:17:09Z,2026-09-05,4,86000.0,P,0.11,0.1175,0.1136,77247.85,77216.47,0.5062,-0.98347,1e-05,3.12701,0.0,0.0
2026-09-01T19:17:09Z,2026-09-05,4,87000.0,C,0.0001,0.0003,0.0002,77247.85,77216.47,0.5216,0.01095,1e-05,2.19205,0.1,0.1
2026-09-01T19:17:09Z,2026-09-05,4,87000.0,P,0.123,0.1295,0.1265,77247.85,77216.47,0.5216,-0.98905,1e-05,2.19205,0.0,0.0
2026-09-01T19:17:09Z,2026-09-05,4,88000.0,C,0.0001,0.0003,0.0002,77247.85,77216.47,0.5644,0.01017,1e-05,2.05482,0.1,0.1
2026-09-01T19:17:09Z,2026-09-05,4,88000.0,P,0.1355,0.1425,0.1394,77247.85,77216.47,0.5644,-0.98983,1e-05,2.05482,0.0,0.0
2026-09-01T19:17:09Z,2026-09-11,10,60000.0,C,0.222,0.2265,0.224,77296.93,77216.47,0.6363,0.99405,0.0,2.10724,0.0,0.0
2026-09-01T19:17:09Z,2026-09-11,10,60000.0,P,0.0001,0.0003,0.0002,77296.29,77216.47,0.6363,-0.00595,0.0,2.10765,84.7,0.0
2026-09-01T19:17:09Z,2026-09-11,10,64000.0,C,0.1695,0.1755,0.1725,77296.29,77216.47,0.5476,0.98528,1e-05,4.65506,0.0,0.0
2026-09-01T19:17:09Z,2026-09-11,10,64000.0,P,0.0004,0.0006,0.0005,77296.93,77216.47,0.5476,-0.01472,1e-05,4.65415,78.2,0.0
2026-09-01T19:17:09Z,2026-09-11,10,65000.0,C,0.1565,0.1625,0.1597,77296.29,77216.47,0.5259,0.9813,1e-05,5.71256,0.0,0.0
2026-09-01T19:17:09Z,2026-09-11,10,65000.0,P,0.0005,0.0007,0.0006,77296.29,77216.47,0.5259,-0.0187,1e-05,5.71256,38.6,0.7
2026-09-01T19:17:09Z,2026-09-11,10,66000.0,C,0.144,0.1495,0.1468,77296.29,77216.47,0.4968,0.9777,1e-05,6.63025,0.1,0.0
2026-09-01T19:17:09Z,2026-09-11,10,66000.0,P,0.0006,0.0008,0.0007,77296.29,77216.47,0.4968,-0.0223,1e-05,6.63025,253.1,0.9
2026-09-01T19:17:09Z,2026-09-11,10,67000.0,C,0.131,0.137,0.1341,77296.93,77216.47,0.4764,0.97101,1e-05,8.26039,0.0,0.0
2026-09-01T19:17:09Z,2026-09-11,10,67000.0,P,0.0009,0.001,0.0009,77296.93,77216.47,0.4764,-0.02899,1e-05,8.26039,396.9,12.3
2026-09-01T19:17:09Z,2026-09-11,10,68000.0,C,0.1185,0.1245,0.1214,77296.29,77216.47,0.4534,0.96291,1e-05,10.12052,1.1,0.0
2026-09-01T19:17:09Z,2026-09-11,10,68000.0,P,0.0011,0.0013,0.0011,77296.93,77216.47,0.4534,-0.03708,1e-05,10.11856,860.3,15.6
2026-09-01T19:17:09Z,2026-09-11,10,69000.0,C,0.106,0.1115,0.1087,77296.22,77216.47,0.4307,0.95216,2e-05,12.43543,3.6,0.0
2026-09-01T19:17:09Z,2026-09-11,10,69000.0,P,0.0014,0.0016,0.0014,77296.22,77216.47,0.4307,-0.04784,2e-05,12.43543,612.9,26.7
2026-09-01T19:17:09Z,2026-09-11,10,70000.0,C,0.0935,0.0995,0.0963,77296.95,77216.47,0.4138,0.93531,2e-05,15.77847,286.8,0.0
2026-09-01T19:17:09Z,2026-09-11,10,70000.0,P,0.0018,0.0021,0.0019,77296.95,77216.47,0.4138,-0.06469,2e-05,15.77847,478.4,25.8
2026-09-01T19:17:09Z,2026-09-11,10,71000.0,C,0.081,0.087,0.0841,77296.22,77216.47,0.39649999999999996,0.9128,3e-05,19.80953,26.0,7.2
2026-09-01T19:17:09Z,2026-09-11,10,71000.0,P,0.0025,0.0029,0.0026,77296.95,77216.47,0.39649999999999996,-0.08717,3e-05,19.80575,321.3,2.8
2026-09-01T19:17:09Z,2026-09-11,10,72000.0,C,0.07,0.075,0.0722,77296.95,77216.47,0.3824,0.88094,4e-05,24.84638,147.9,0.3
2026-09-01T19:17:09Z,2026-09-11,10,72000.0,P,0.0035,0.0039,0.0037,77296.95,77216.47,0.3824,-0.11906,4e-05,24.84638,343.7,135.1
2026-09-01T19:17:09Z,2026-09-11,10,73000.0,C,0.0585,0.0635,0.0609,77296.95,77216.47,0.3722,0.83673,5e-05,30.79238,14.0,0.0
2026-09-01T19:17:09Z,2026-09-11,10,73000.0,P,0.005,0.0055,0.0053,77296.22,77216.47,0.3722,-0.16331,5e-05,30.79684,1230.3,62.4
2026-09-01T19:17:09Z,2026-09-11,10,74000.0,C,0.049,0.051,0.0501,77296.95,77216.47,0.35969999999999996,0.78201,7e-05,36.78754,17.5,0.6
2026-09-01T19:17:09Z,2026-09-11,10,74000.0,P,0.007,0.008,0.0075,77296.22,77216.47,0.35969999999999996,-0.21804,7e-05,36.79185,478.2,37.4
2026-09-01T19:17:09Z,2026-09-11,10,75000.0,C,0.039,0.041,0.0403,77296.22,77216.47,0.3532,0.71122,8e-05,42.66864,81.9,0.0
2026-09-01T19:17:09Z,2026-09-11,10,75000.0,P,0.01,0.011,0.0106,77296.95,77216.47,0.3532,-0.28873,8e-05,42.66511,708.3,94.9
2026-09-01T19:17:09Z,2026-09-11,10,76000.0,C,0.031,0.0325,0.0315,77296.95,77216.47,0.3464,0.6294,9e-05,47.18284,103.9,0.5
2026-09-01T19:17:09Z,2026-09-11,10,76000.0,P,0.0145,0.015,0.0148,77296.95,77216.47,0.3464,-0.3706,9e-05,47.18284,175.5,19.1
2026-09-01T19:17:09Z,2026-09-11,10,77000.0,C,0.0235,0.0245,0.0241,77296.22,77216.47,0.3432,0.53862,9e-05,49.59338,123.8,11.2
2026-09-01T19:17:09Z,2026-09-11,10,77000.0,P,0.02,0.0205,0.0202,77296.22,77216.47,0.3432,-0.46138,9e-05,49.59338,175.0,12.1
2026-09-01T19:17:09Z,2026-09-11,10,78000.0,C,0.0175,0.0185,0.018,77296.95,77216.47,0.3431,0.44607,9e-05,49.37157,786.5,123.4
2026-09-01T19:17:09Z,2026-09-11,10,78000.0,P,0.0265,0.0275,0.0271,77296.95,77216.47,0.3431,-0.55393,9e-05,49.37157,229.7,121.5
2026-09-01T19:17:09Z,2026-09-11,10,79000.0,C,0.0125,0.0135,0.0131,77296.18,77216.47,0.3435,0.35754,9e-05,46.61553,159.9,38.5
2026-09-01T19:17:09Z,2026-09-11,10,79000.0,P,0.034,0.036,0.0351,77295.67,77216.47,0.3435,-0.6425,9e-05,46.6132,60.5,6.1
2026-09-01T19:17:09Z,2026-09-11,10,80000.0,C,0.009,0.0095,0.0093,77296.18,77216.47,0.3454,0.27821,8e-05,41.91276,717.8,173.9
2026-09-01T19:17:09Z,2026-09-11,10,80000.0,P,0.043,0.0455,0.0443,77295.67,77216.47,0.3454,-0.72183,8e-05,41.90957,104.3,12.5
2026-09-01T19:17:09Z,2026-09-11,10,81000.0,C,0.0065,0.007,0.0067,77295.67,77216.47,0.3522,0.21358,7e-05,36.35344,307.7,117.7
2026-09-01T19:17:09Z,2026-09-11,10,81000.0,P,0.0515,0.058,0.0546,77296.18,77216.47,0.3522,-0.78638,7e-05,36.35703,30.3,0.0
2026-09-01T19:17:09Z,2026-09-11,10,82000.0,C,0.0048,0.005,0.0049,77295.67,77216.47,0.3604,0.16218,5e-05,30.65858,610.9,154.6
2026-09-01T19:17:09Z,2026-09-11,10,82000.0,P,0.0625,0.0695,0.0657,77295.67,77216.47,0.3604,-0.83782,5e-05,30.65858,6.9,0.0
2026-09-01T19:17:09Z,2026-09-11,10,83000.0,C,0.0034,0.0037,0.0035,77296.18,77216.47,0.3674,0.12106,4e-05,25.13978,268.2,12.5
2026-09-01T19:17:09Z,2026-09-11,10,83000.0,P,0.074,0.081,0.0772,77296.18,77216.47,0.3674,-0.87894,4e-05,25.13978,0.0,0.0
2026-09-01T19:17:09Z,2026-09-11,10,84000.0,C,0.0024,0.0027,0.0025,77296.18,77216.47,0.3775,0.09126,3e-05,20.49331,365.5,12.5
2026-09-01T19:17:09Z,2026-09-11,10,84000.0,P,0.086,0.093,0.0892,77296.18,77216.47,0.3775,-0.90874,3e-05,20.49331,1.6,0.0
2026-09-01T19:17:09Z,2026-09-11,10,85000.0,C,0.0018,0.0021,0.0019,77296.18,77216.47,0.38909999999999995,0.06948,3e-05,16.674,702.8,104.3
2026-09-01T19:17:09Z,2026-09-11,10,85000.0,P,0.098,0.1055,0.1015,77295.67,77216.47,0.38909999999999995,-0.93053,3e-05,16.6713,30.5,0.0
2026-09-01T19:17:09Z,2026-09-11,10,86000.0,C,0.0012,0.0015,0.0014,77295.67,77216.47,0.4003,0.05288,2e-05,13.46896,248.3,36.6
2026-09-01T19:17:09Z,2026-09-11,10,86000.0,P,0.1105,0.118,0.114,77296.18,77216.47,0.4003,-0.9471,2e-05,13.47128,0.0,0.0
2026-09-01T19:17:09Z,2026-09-11,10,88000.0,C,0.0008,0.0009,0.0009,77296.18,77216.47,0.4307,0.03373,1e-05,9.36176,518.0,59.7
2026-09-01T19:17:09Z,2026-09-11,10,88000.0,P,0.136,0.1435,0.1394,77296.18,77216.47,0.4307,-0.96627,1e-05,9.36176,0.0,0.0
2026-09-01T19:17:09Z,2026-09-11,10,90000.0,C,0.0005,0.0007,0.0006,77296.18,77216.47,0.4571,0.02152,1e-05,6.43524,1579.1,36.3
2026-09-01T19:17:09Z,2026-09-11,10,90000.0,P,0.1615,0.1675,0.1649,77295.31,77216.47,0.4571,-0.97848,1e-05,6.43347,0.1,0.1
2026-09-01T19:17:09Z,2026-09-11,10,95000.0,C,0.0002,0.0004,0.0003,77295.31,77216.47,0.5325,0.00929,0.0,3.12125,588.6,1.0
2026-09-01T19:17:09Z,2026-09-11,10,95000.0,P,0.225,0.232,0.2293,77295.67,77216.47,0.5325,-0.99071,0.0,3.12167,0.1,0.0
2026-09-01T19:17:09Z,2026-09-18,17,65000.0,C,0.1585,0.1645,0.1615,77346.59,77216.47,0.4864,0.95835,1e-05,14.65573,0.0,0.0
2026-09-01T19:17:09Z,2026-09-18,17,65000.0,P,0.0016,0.002,0.0018,77346.15,77216.47,0.4864,-0.04165,1e-05,14.65704,76.8,0.6
2026-09-01T19:17:09Z,2026-09-18,17,68000.0,C,0.1215,0.127,0.1241,77346.59,77216.47,0.4357,0.92439,2e-05,23.44349,0.0,0.0
2026-09-01T19:17:09Z,2026-09-18,17,68000.0,P,0.0031,0.0035,0.0033,77346.59,77216.47,0.4357,-0.07561,2e-05,23.44349,26.7,3.0
2026-09-01T19:17:09Z,2026-09-18,17,69000.0,C,0.109,0.1145,0.112,77346.19,77216.47,0.4215,0.9062,2e-05,27.56096,0.0,0.0
2026-09-01T19:17:09Z,2026-09-18,17,69000.0,P,0.0039,0.0043,0.0041,77345.86,77216.47,0.4215,-0.09381,2e-05,27.56266,10.1,1.1
2026-09-01T19:17:09Z,2026-09-18,17,70000.0,C,0.0975,0.103,0.1002,77345.86,77216.47,0.40880000000000005,0.88309,3e-05,32.32461,0.0,0.0
2026-09-01T19:17:09Z,2026-09-18,17,70000.0,P,0.005,0.0055,0.0052,77345.86,77216.47,0.40880000000000005,-0.11691,3e-05,32.32502,62.0,2.2
2026-09-01T19:17:09Z,2026-09-18,17,72000.0,C,0.075,0.0805,0.0775,77346.19,77216.47,0.38670000000000004,0.81899,4e-05,43.34289,0.0,0.0
2026-09-01T19:17:09Z,2026-09-18,17,72000.0,P,0.008,0.009,0.0084,77345.86,77216.47,0.38670000000000004,-0.18103,4e-05,43.34501,600.0,514.7
2026-09-01T19:17:09Z,2026-09-18,17,74000.0,C,0.056,0.0585,0.0572,77345.86,77216.47,0.37170000000000003,0.72528,5e-05,54.89397,23.2,3.4
2026-09-01T19:17:09Z,2026-09-18,17,74000.0,P,0.0135,0.0145,0.0139,77346.19,77216.47,0.37170000000000003,-0.2747,5e-05,54.89243,178.0,56.6
2026-09-01T19:17:09Z,2026-09-18,17,75000.0,C,0.0475,0.049,0.0482,77345.86,77216.47,0.3669,0.66768,6e-05,59.77608,34.5,0.2
2026-09-01T19:17:09Z,2026-09-18,17,75000.0,P,0.0175,0.0185,0.0179,77345.86,77216.47,0.3669,-0.33232,6e-05,59.77608,267.4,97.0
2026-09-01T19:17:09Z,2026-09-18,17,76000.0,C,0.0395,0.041,0.0401,77345.86,77216.47,0.3636,0.6047,6e-05,63.39076,14.2,3.8
2026-09-01T19:17:09Z,2026-09-18,17,76000.0,P,0.022,0.023,0.0227,77345.86,77216.47,0.3636,-0.3953,6e-05,63.39073,120.8,29.1
2026-09-01T19:17:09Z,2026-09-18,17,77000.0,C,0.0325,0.0335,0.0329,77345.86,77216.47,0.3608,0.53854,7e-05,65.35853,22.6,19.2
2026-09-01T19:17:09Z,2026-09-18,17,77000.0,P,0.0275,0.029,0.0284,77345.86,77216.47,0.3608,-0.46146,7e-05,65.35853,172.9,24.9
2026-09-01T19:17:09Z,2026-09-18,17,78000.0,C,0.026,0.027,0.0267,77345.86,77216.47,0.3601,0.47147,7e-05,65.49728,55.2,6.0
2026-09-01T19:17:09Z,2026-09-18,17,78000.0,P,0.0345,0.0355,0.0351,77346.19,77216.47,0.3602,-0.5285,7e-05,65.49782,235.7,141.3
2026-09-01T19:17:09Z,2026-09-18,17,79000.0,C,0.021,0.022,0.0214,77345.86,77216.47,0.3604,0.40611,7e-05,63.83802,314.8,131.2
2026-09-01T19:17:09Z,2026-09-18,17,79000.0,P,0.042,0.043,0.0428,77345.86,77216.47,0.3604,-0.59389,7e-05,63.83802,52.0,18.0
2026-09-01T19:17:09Z,2026-09-18,17,80000.0,C,0.0165,0.0175,0.017,77346.19,77216.47,0.3618,0.34468,6e-05,60.62375,355.2,89.9
2026-09-01T19:17:09Z,2026-09-18,17,80000.0,P,0.05,0.0525,0.0513,77346.16,77216.47,0.3618,-0.65532,6e-05,60.62358,51.6,25.0
2026-09-01T19:17:09Z,2026-09-18,17,81000.0,C,0.013,0.014,0.0135,77351.18,77216.47,0.36450000000000005,0.2893,6e-05,56.28224,189.5,19.9
2026-09-01T19:17:09Z,2026-09-18,17,81000.0,P,0.0595,0.062,0.0607,77351.18,77216.47,0.36450000000000005,-0.7107,6e-05,56.28223,17.3,0.4
2026-09-01T19:17:09Z,2026-09-18,17,82000.0,C,0.01,0.011,0.0106,77351.18,77216.47,0.3679,0.24002,5e-05,51.17531,423.2,24.2
2026-09-01T19:17:09Z,2026-09-18,17,82000.0,P,0.0675,0.0735,0.0708,77346.16,77216.47,0.3679,-0.76024,5e-05,51.14203,2.0,1.5
2026-09-01T19:17:09Z,2026-09-18,17,83000.0,C,0.008,0.009,0.0084,77351.18,77216.47,0.37229999999999996,0.19763,5e-05,45.75483,390.3,215.2
2026-09-01T19:17:09Z,2026-09-18,17,83000.0,P,0.078,0.085,0.0815,77351.18,77216.47,0.37229999999999996,-0.80237,5e-05,45.75483,0.0,0.0
2026-09-01T19:17:09Z,2026-09-18,17,84000.0,C,0.0065,0.007,0.0066,77346.16,77216.47,0.37689999999999996,0.16139,4e-05,40.27649,83.8,11.2
2026-09-01T19:17:09Z,2026-09-18,17,84000.0,P,0.089,0.0965,0.0926,77346.16,77216.47,0.37689999999999996,-0.83861,4e-05,40.27649,0.1,0.0
2026-09-01T19:17:09Z,2026-09-18,17,85000.0,C,0.005,0.0055,0.0052,77346.16,77216.47,0.38280000000000003,0.13186,3e-05,35.16426,0.0,0.0
2026-09-01T19:17:09Z,2026-09-18,17,85000.0,P,0.1005,0.1085,0.1042,77351.18,77216.47,0.38280000000000003,-0.86797,3e-05,35.19786,0.0,0.0
2026-09-01T19:17:09Z,2026-09-18,17,86000.0,C,0.004,0.0044,0.0042,77351.18,77216.47,0.3907,0.10875,3e-05,30.69989,260.9,2.6
2026-09-01T19:17:09Z,2026-09-18,17,86000.0,P,0.1125,0.1195,0.1161,77346.16,77216.47,0.3907,-0.89139,3e-05,30.66836,0.0,0.0
2026-09-01T19:17:09Z,2026-09-18,17,88000.0,C,0.0025,0.003,0.0028,77351.18,77216.47,0.40740000000000004,0.07433,2e-05,23.14319,353.5,227.8
2026-09-01T19:17:09Z,2026-09-18,17,88000.0,P,0.137,0.144,0.1405,77346.16,77216.47,0.40740000000000004,-0.92577,2e-05,23.11668,0.0,0.0
2026-09-01T19:17:09Z,2026-09-18,17,90000.0,C,0.0017,0.0019,0.0019,77351.18,77216.47,0.42619999999999997,0.05213,2e-05,17.54916,192.1,73.3
2026-09-01T19:17:09Z,2026-09-18,17,90000.0,P,0.162,0.1695,0.1655,77351.18,77216.47,0.42619999999999997,-0.94787,2e-05,17.54916,0.0,0.0
2026-09-01T19:17:09Z,2026-09-18,17,95000.0,C,0.0007,0.001,0.0009,77351.18,77216.47,0.4758,0.02389,1e-05,9.26168,105.0,39.8
2026-09-01T19:17:09Z,2026-09-18,17,95000.0,P,0.225,0.2335,0.2291,77351.18,77216.47,0.4758,-0.97611,1e-05,9.26168,0.0,0.0
2026-09-01T19:17:09Z,2026-09-25,24,30000.0,C,0.611,0.614,0.6124,77396.02,77216.47,1.238,0.99924,0.0,0.51161,134.0,0.0
2026-09-01T19:17:09Z,2026-09-25,24,30000.0,P,0.0,0.0001,0.0001,77389.94,77216.47,1.238,-0.00076,0.0,0.51197,2959.5,0.0
2026-09-01T19:17:09Z,2026-09-25,24,35000.0,C,0.546,0.5495,0.5479,77399.74,77216.47,1.0761,0.99882,0.0,0.76882,29.3,0.0
2026-09-01T19:17:09Z,2026-09-25,24,35000.0,P,0.0,0.0002,0.0001,77395.96,77216.47,1.0761,-0.00118,0.0,0.7692,1172.2,0.0
2026-09-01T19:17:09Z,2026-09-25,24,40000.0,C,0.4815,0.485,0.4834,77399.74,77216.47,0.9586,0.9977,0.0,1.41385,34.4,0.0
2026-09-01T19:17:09Z,2026-09-25,24,40000.0,P,0.0001,0.0002,0.0002,77399.74,77216.47,0.9586,-0.0023,0.0,1.41385,2805.9,0.6
2026-09-01T19:17:09Z,2026-09-25,24,45000.0,C,0.4165,0.4205,0.419,77399.74,77216.47,0.8681,0.99492,0.0,2.87998,224.9,0.0
2026-09-01T19:17:09Z,2026-09-25,24,45000.0,P,0.0003,0.0005,0.0004,77399.74,77216.47,0.8681,-0.00508,0.0,2.87998,2183.4,0.4
2026-09-01T19:17:09Z,2026-09-25,24,50000.0,C,0.352,0.3565,0.3546,77399.74,77216.47,0.7543000000000001,0.99128,0.0,4.64434,30.4,0.0
2026-09-01T19:17:09Z,2026-09-25,24,50000.0,P,0.0005,0.0006,0.0006,77399.74,77216.47,0.7543000000000001,-0.00872,0.0,4.64434,3633.4,2.4
2026-09-01T19:17:09Z,2026-09-25,24,52000.0,C,0.3265,0.331,0.3288,77395.96,77216.47,0.7089,0.98926,0.0,5.57406,150.2,0.0
2026-09-01T19:17:09Z,2026-09-25,24,52000.0,P,0.0006,0.0007,0.0007,77395.96,77216.47,0.7089,-0.01074,0.0,5.57406,1211.5,1.2
2026-09-01T19:17:09Z,2026-09-25,24,54000.0,C,0.3005,0.3055,0.3031,77395.96,77216.47,0.6656,0.9866,0.0,6.75374,7.4,0.0
2026-09-01T19:17:09Z,2026-09-25,24,54000.0,P,0.0007,0.0009,0.0008,77399.74,77216.47,0.6656,-0.01339,0.0,6.74975,735.5,0.6
2026-09-01T19:17:09Z,2026-09-25,24,55000.0,C,0.2875,0.2925,0.2903,77395.96,77216.47,0.6444,0.98499,0.0,7.44805,143.7,0.0
2026-09-01T19:17:09Z,2026-09-25,24,55000.0,P,0.0008,0.001,0.0009,77399.74,77216.47,0.6444,-0.015,0.0,7.44359,3103.7,46.5
2026-09-01T19:17:09Z,2026-09-25,24,56000.0,C,0.275,0.2795,0.2775,77403.84,77216.47,0.6241,0.98308,0.0,8.25083,13.4,0.0
2026-09-01T19:17:09Z,2026-09-25,24,56000.0,P,0.0009,0.0011,0.001,77399.74,77216.47,0.6241,-0.01693,0.0,8.25602,1668.7,373.9
2026-09-01T19:17:09Z,2026-09-25,24,58000.0,C,0.249,0.254,0.2518,77399.74,77216.47,0.5814,0.97874,0.0,10.02104,460.7,0.0
2026-09-01T19:17:09Z,2026-09-25,24,58000.0,P,0.0011,0.0013,0.0012,77399.74,77216.47,0.5814,-0.02126,0.0,10.02104,1330.0,84.2
2026-09-01T19:17:09Z,2026-09-25,24,60000.0,C,0.224,0.229,0.2263,77403.84,77216.47,0.5433,0.97227,1e-05,12.5257,838.2,0.0
2026-09-01T19:17:09Z,2026-09-25,24,60000.0,P,0.0014,0.0017,0.0015,77399.58,77216.47,0.5433,-0.02776,1e-05,12.53458,4799.3,101.1
2026-09-01T19:17:09Z,2026-09-25,24,62000.0,C,0.1985,0.204,0.201,77399.58,77216.47,0.5074000000000001,0.96297,1e-05,15.90109,597.4,0.0
2026-09-01T19:17:09Z,2026-09-25,24,62000.0,P,0.0018,0.0022,0.002,77403.84,77216.47,0.5074000000000001,-0.03699,1e-05,15.88984,1233.3,3.2
2026-09-01T19:17:09Z,2026-09-25,24,64000.0,C,0.173,0.179,0.1758,77403.84,77216.47,0.4763,0.94875,1e-05,20.6701,677.3,3.0
2026-09-01T19:17:09Z,2026-09-25,24,64000.0,P,0.0027,0.0029,0.0027,77403.84,77216.47,0.4763,-0.05125,1e-05,20.6701,1078.2,42.8
2026-09-01T19:17:09Z,2026-09-25,24,65000.0,C,0.1605,0.166,0.1634,77403.84,77216.47,0.4611,0.93947,1e-05,23.57262,1284.7,1.3
2026-09-01T19:17:09Z,2026-09-25,24,65000.0,P,0.003,0.0034,0.0032,77403.84,77216.47,0.4611,-0.06053,1e-05,23.57262,979.9,705.9
2026-09-01T19:17:09Z,2026-09-25,24,66000.0,C,0.1485,0.154,0.1511,77403.84,77216.47,0.4472,0.92793,2e-05,26.98335,970.0,0.7
2026-09-01T19:17:09Z,2026-09-25,24,66000.0,P,0.0036,0.004,0.0038,77403.84,77216.47,0.4472,-0.07207,2e-05,26.98335,1616.1,20.7
2026-09-01T19:17:09Z,2026-09-25,24,68000.0,C,0.1235,0.13,0.1269,77399.58,77216.47,0.4204,0.89732,2e-05,35.15903,896.2,1.8
2026-09-01T19:17:09Z,2026-09-25,24,68000.0,P,0.0055,0.006,0.0055,77403.84,77216.47,0.4204,-0.10259,2e-05,35.13801,1944.2,47.0
2026-09-01T19:17:09Z,2026-09-25,24,70000.0,C,0.1015,0.107,0.1039,77403.84,77216.47,0.40149999999999997,0.85018,3e-05,45.78482,10971.6,21.5
2026-09-01T19:17:09Z,2026-09-25,24,70000.0,P,0.008,0.0085,0.0083,77399.58,77216.47,0.40149999999999997,-0.14994,3e-05,45.80794,8639.4,1791.7
2026-09-01T19:17:09Z,2026-09-25,24,72000.0,C,0.0815,0.0835,0.0822,77403.84,77216.47,0.38280000000000003,0.78618,4e-05,57.24028,3329.2,20.6
2026-09-01T19:17:09Z,2026-09-25,24,72000.0,P,0.012,0.013,0.0124,77399.58,77216.47,0.38280000000000003,-0.21399,4e-05,57.26284,1737.6,34.6
2026-09-01T19:17:09Z,2026-09-25,24,73000.0,C,0.0715,0.0735,0.0722,77399.58,77216.47,0.3764,0.74542,4e-05,63.04933,41.0,0.0
2026-09-01T19:17:09Z,2026-09-25,24,73000.0,P,0.015,0.016,0.0153,77403.84,77216.47,0.3764,-0.2544,4e-05,63.02883,569.4,82.7
2026-09-01T19:17:09Z,2026-09-25,24,74000.0,C,0.062,0.064,0.0628,77403.84,77216.47,0.3705,0.70023,5e-05,68.30735,1515.8,23.6
2026-09-01T19:17:09Z,2026-09-25,24,74000.0,P,0.0185,0.0195,0.0188,77403.57,77216.47,0.3705,-0.29978,5e-05,68.30861,456.5,182.3
2026-09-01T19:17:09Z,2026-09-25,24,75000.0,C,0.0535,0.055,0.0541,77404.19,77216.47,0.36590000000000006,0.6503,5e-05,72.77176,3438.7,51.2
2026-09-01T19:17:09Z,2026-09-25,24,75000.0,P,0.0225,0.0235,0.023,77404.19,77216.47,0.36590000000000006,-0.3497,5e-05,72.77176,4554.3,122.5
2026-09-01T19:17:09Z,2026-09-25,24,76000.0,C,0.0455,0.0465,0.0462,77403.57,77216.47,0.3627,0.59668,5e-05,76.0897,2885.2,40.8
2026-09-01T19:17:09Z,2026-09-25,24,76000.0,P,0.0275,0.0285,0.028,77403.57,77216.47,0.3627,-0.40332,5e-05,76.0897,1047.1,24.0
2026-09-01T19:17:09Z,2026-09-25,24,77000.0,C,0.0385,0.0395,0.039,77404.19,77216.47,0.35960000000000003,0.54102,6e-05,77.98917,183.0,7.2
2026-09-01T19:17:09Z,2026-09-25,24,77000.0,P,0.0335,0.034,0.0338,77403.57,77216.47,0.35960000000000003,-0.45902,6e-05,77.98925,708.6,37.5
2026-09-01T19:17:09Z,2026-09-25,24,78000.0,C,0.032,0.033,0.0328,77404.19,77216.47,0.3591,0.48464,6e-05,78.3458,5656.2,26.0
2026-09-01T19:17:09Z,2026-09-25,24,78000.0,P,0.04,0.041,0.0405,77404.19,77216.47,0.3591,-0.51536,6e-05,78.3458,2785.7,613.3
2026-09-01T19:17:09Z,2026-09-25,24,79000.0,C,0.027,0.028,0.0273,77404.19,77216.47,0.359,0.42923,6e-05,77.1672,1026.9,62.0
2026-09-01T19:17:09Z,2026-09-25,24,79000.0,P,0.0475,0.0485,0.048,77404.19,77216.47,0.359,-0.57077,6e-05,77.1672,981.6,23.7
2026-09-01T19:17:09Z,2026-09-25,24,80000.0,C,0.022,0.023,0.0227,77404.19,77216.47,0.3599,0.37629,5e-05,74.60324,4544.5,1169.7
2026-09-01T19:17:09Z,2026-09-25,24,80000.0,P,0.0545,0.057,0.0562,77404.19,77216.47,0.3599,-0.62371,5e-05,74.60324,1000.3,7.4
2026-09-01T19:17:09Z,2026-09-25,24,81000.0,C,0.0185,0.019,0.0187,77404.19,77216.47,0.3617,0.32687,5e-05,70.89996,1985.4,37.2
2026-09-01T19:17:09Z,2026-09-25,24,81000.0,P,0.0635,0.066,0.0652,77404.19,77216.47,0.3617,-0.67313,5e-05,70.89996,446.2,0.0
2026-09-01T19:17:09Z,2026-09-25,24,82000.0,C,0.015,0.0155,0.0155,77403.57,77216.47,0.36450000000000005,0.28195,5e-05,66.37761,4997.1,428.2
2026-09-01T19:17:09Z,2026-09-25,24,82000.0,P,0.0715,0.0775,0.0748,77404.19,77216.47,0.36450000000000005,-0.71803,5e-05,66.38146,228.4,0.1
2026-09-01T19:17:09Z,2026-09-25,24,83000.0,C,0.012,0.013,0.0127,77404.19,77216.47,0.3669,0.24113,4e-05,61.25276,628.2,115.3
2026-09-01T19:17:09Z,2026-09-25,24,83000.0,P,0.0815,0.088,0.085,77403.57,77216.47,0.3669,-0.75889,4e-05,61.24857,0.6,0.0
2026-09-01T19:17:09Z,2026-09-25,24,84000.0,C,0.01,0.011,0.0105,77403.95,77216.47,0.3712,0.20594,4e-05,55.98981,4297.9,114.7
2026-09-01T19:17:09Z,2026-09-25,24,84000.0,P,0.092,0.099,0.0957,77404.58,77216.47,0.3712,-0.79404,4e-05,55.99423,47.3,0.0
2026-09-01T19:17:09Z,2026-09-25,24,85000.0,C,0.008,0.009,0.0086,77403.95,77216.47,0.3753,0.17492,3e-05,50.64457,8485.4,133.6
2026-09-01T19:17:09Z,2026-09-25,24,85000.0,P,0.103,0.11,0.1067,77404.58,77216.47,0.3753,-0.82506,3e-05,50.64903,454.4,0.0
2026-09-01T19:17:09Z,2026-09-25,24,86000.0,C,0.0065,0.0075,0.0071,77403.95,77216.47,0.3803,0.14864,3e-05,45.54491,1794.8,580.8
2026-09-01T19:17:09Z,2026-09-25,24,86000.0,P,0.1145,0.1215,0.1182,77403.95,77216.47,0.3803,-0.85136,3e-05,45.54491,11.7,0.0
2026-09-01T19:17:09Z,2026-09-25,24,88000.0,C,0.0049,0.0055,0.0051,77404.58,77216.47,0.39630000000000004,0.11032,2e-05,37.03062,1238.5,245.9
2026-09-01T19:17:09Z,2026-09-25,24,88000.0,P,0.1385,0.1455,0.142,77403.95,77216.47,0.39630000000000004,-0.8897,2e-05,37.02665,5.8,0.0
2026-09-01T19:17:09Z,2026-09-25,24,90000.0,C,0.0034,0.0037,0.0036,77404.58,77216.47,0.4064,0.07935,2e-05,29.03787,7662.3,879.4
2026-09-01T19:17:09Z,2026-09-25,24,90000.0,P,0.1625,0.17,0.1663,77404.58,77216.47,0.4064,-0.92065,2e-05,29.03787,579.9,0.1
2026-09-01T19:17:09Z,2026-09-25,24,92000.0,C,0.0025,0.0028,0.0026,77403.95,77216.47,0.42200000000000004,0.05952,1e-05,23.26332,1300.8,216.3
2026-09-01T19:17:09Z,2026-09-25,24,92000.0,P,0.1875,0.195,0.1912,77404.58,77216.47,0.42200000000000004,-0.94047,1e-05,23.26626,8.0,0.0
2026-09-01T19:17:09Z,2026-09-25,24,94000.0,C,0.002,0.0021,0.0021,77404.58,77216.47,0.44049999999999995,0.04637,1e-05,19.08335,803.3,45.7
2026-09-01T19:17:09Z,2026-09-25,24,94000.0,P,0.2125,0.2205,0.2165,77403.95,77216.47,0.44049999999999995,-0.95364,1e-05,19.08086,1.9,0.0
2026-09-01T19:17:09Z,2026-09-25,24,95000.0,C,0.0016,0.0019,0.0017,77404.58,77216.47,0.4447,0.0394,1e-05,16.73032,5030.1,664.6
2026-09-01T19:17:09Z,2026-09-25,24,95000.0,P,0.225,0.2335,0.229,77404.58,77216.47,0.4447,-0.9606,1e-05,16.73032,147.6,0.0
2026-09-01T19:17:09Z,2026-09-25,24,96000.0,C,0.0014,0.0016,0.0015,77403.95,77216.47,0.4521,0.0345,1e-05,15.0072,1837.2,479.9
2026-09-01T19:17:09Z,2026-09-25,24,96000.0,P,0.238,0.246,0.2417,77403.95,77216.47,0.4521,-0.9655,1e-05,15.0072,1.0,0.0
2026-09-01T19:17:09Z,2026-09-25,24,98000.0,C,0.0011,0.0013,0.0012,77403.95,77216.47,0.46799999999999997,0.02705,1e-05,12.26859,1120.8,649.5
2026-09-01T19:17:09Z,2026-09-25,24,98000.0,P,0.263,0.2715,0.2673,77403.16,77216.47,0.46799999999999997,-0.97296,1e-05,12.26667,0.1,0.0
2026-09-01T19:17:09Z,2026-09-25,24,100000.0,C,0.0008,0.0011,0.0009,77403.16,77216.47,0.4844,0.02163,1e-05,10.16884,7296.2,248.0
2026-09-01T19:17:09Z,2026-09-25,24,100000.0,P,0.289,0.2975,0.2929,77404.29,77216.47,0.4844,-0.97836,1e-05,10.17143,336.1,0.0
2026-09-01T19:17:09Z,2026-09-25,24,102000.0,C,0.0006,0.0009,0.0007,77403.16,77216.47,0.4976,0.01695,0.0,8.26594,191.2,30.8
2026-09-01T19:17:09Z,2026-09-25,24,102000.0,P,0.3145,0.323,0.3185,77403.16,77216.47,0.4976,-0.98305,0.0,8.26594,0.4,0.0
2026-09-01T19:17:09Z,2026-09-25,24,105000.0,C,0.0005,0.0007,0.0005,77403.16,77216.47,0.5193,0.01233,0.0,6.2827,1537.8,21.1
2026-09-01T19:17:09Z,2026-09-25,24,105000.0,P,0.3525,0.362,0.357,77404.29,77216.47,0.5193,-0.98767,0.0,6.28435,105.5,0.0
2026-09-01T19:17:09Z,2026-09-25,24,110000.0,C,0.0003,0.0004,0.0003,77403.16,77216.47,0.5534,0.00753,0.0,4.0828,1512.5,53.0
2026-09-01T19:17:09Z,2026-09-25,24,110000.0,P,0.4165,0.4265,0.4214,77403.16,77216.47,0.5534,-0.99247,0.0,4.0828,215.7,0.0
2026-09-01T19:17:09Z,2026-09-25,24,115000.0,C,0.0001,0.0003,0.0002,77404.29,77216.47,0.5847,0.00476,0.0,2.72199,2158.6,50.0
2026-09-01T19:17:09Z,2026-09-25,24,115000.0,P,0.4805,0.491,0.4859,77403.16,77216.47,0.5847,-0.99524,0.0,2.72125,93.7,0.0
2026-09-01T19:17:09Z,2026-09-25,24,120000.0,C,0.0001,0.0002,0.0002,77403.16,77216.47,0.6278,0.00378,0.0,2.21357,1324.8,188.3
2026-09-01T19:17:09Z,2026-09-25,24,120000.0,P,0.545,0.555,0.5505,77403.16,77216.47,0.6278,-0.99622,0.0,2.21357,174.5,0.0
2026-09-01T19:17:09Z,2026-09-25,24,125000.0,C,0.0001,0.0002,0.0002,77404.29,77216.47,0.6688,0.00309,0.0,1.8482,2322.5,0.3
2026-09-01T19:17:09Z,2026-09-25,24,125000.0,P,0.609,0.6205,0.615,77403.16,77216.47,0.6688,-0.99691,0.0,1.84774,21.7,0.0
2026-09-01T19:17:09Z,2026-09-25,24,130000.0,C,0.0,0.0002,0.0001,77403.16,77216.47,0.6945999999999999,0.00217,0.0,1.34336,1451.2,35.1
2026-09-01T19:17:09Z,2026-09-25,24,130000.0,P,0.673,0.6855,0.6796,77403.16,77216.47,0.6945999999999999,-0.99783,0.0,1.34336,21.4,0.0
2026-09-01T19:17:09Z,2026-09-25,24,135000.0,C,0.0,0.0002,0.0001,77403.16,77216.47,0.701,0.0012,0.0,0.78034,471.8,62.9
2026-09-01T19:17:09Z,2026-09-25,24,135000.0,P,0.7385,0.7495,0.7442,77403.17,77216.47,0.701,-0.9988,0.0,0.78034,11.5,0.0
2026-09-01T19:17:09Z,2026-09-25,24,140000.0,C,0.0,0.0001,0.0,77402.73,77216.47,0.7328,0.00099,0.0,0.65803,1208.8,0.0
2026-09-01T19:17:09Z,2026-09-25,24,140000.0,P,0.803,0.815,0.8088,77402.73,77216.47,0.7328,-0.99901,0.0,0.65803,1.4,0.0
2026-09-01T19:17:09Z,2026-09-25,24,145000.0,C,0.0,0.0001,0.0,77403.17,77216.47,0.7729,0.00097,0.0,0.64121,485.3,0.0
2026-09-01T19:17:09Z,2026-09-25,24,145000.0,P,0.8665,0.8785,0.8734,77403.17,77216.47,0.7729,-0.99903,0.0,0.64121,0.2,0.0
2026-09-01T19:17:09Z,2026-09-25,24,150000.0,C,0.0,0.0001,0.0001,77403.17,77216.47,0.8114,0.00094,0.0,0.62519,768.8,0.0
2026-09-01T19:17:09Z,2026-09-25,24,150000.0,P,0.9315,0.9435,0.938,77402.73,77216.47,0.8114,-0.99906,0.0,0.62513,4.5,0.0
2026-09-01T19:17:09Z,2026-09-25,24,155000.0,C,0.0,0.0001,0.0,77403.17,77216.47,0.8133,0.00056,0.0,0.38635,378.0,0.0
2026-09-01T19:17:09Z,2026-09-25,24,155000.0,P,0.9945,1.0095,1.0025,77402.73,77216.47,0.8133,-0.99944,0.0,0.38631,0.1,0.0
2026-09-01T19:17:09Z,2026-09-25,24,160000.0,C,0.0,0.0001,0.0,77402.73,77216.47,0.8188,0.00035,0.0,0.25122,1498.4,0.0
2026-09-01T19:17:09Z,2026-09-25,24,160000.0,P,1.06,1.073,1.0671,77402.73,77216.47,0.8188,-0.99965,0.0,0.25122,0.6,0.0
2026-09-01T19:17:09Z,2026-09-25,24,165000.0,C,0.0,0.0001,0.0,77402.73,77216.47,0.8449,0.00031,0.0,0.2254,266.6,0.0
2026-09-01T19:17:09Z,2026-09-25,24,165000.0,P,1.123,1.138,1.1317,77402.73,77216.47,0.8449,-0.99969,0.0,0.2254,0.0,0.0
2026-09-01T19:17:09Z,2026-09-25,24,170000.0,C,0.0,0.0001,0.0,77403.17,77216.47,0.8693000000000001,0.00028,0.0,0.20095,444.9,0.0
2026-09-01T19:17:09Z,2026-09-25,24,170000.0,P,1.1875,1.204,1.1963,77402.73,77216.47,0.8693000000000001,-0.99972,0.0,0.20093,0.0,0.0
2026-09-01T19:17:09Z,2026-09-25,24,175000.0,C,0.0,0.0001,0.0,77402.73,77216.47,0.89,0.00024,0.0,0.1733,1904.8,0.0
2026-09-01T19:17:09Z,2026-09-25,24,175000.0,P,1.253,1.2675,1.2609,77402.73,77216.47,0.89,-0.99976,0.0,0.1733,3.3,0.0
2026-09-01T19:17:09Z,2026-09-25,24,180000.0,C,0.0,0.0001,0.0,77402.73,77216.47,0.9184,0.00023,0.0,0.16992,792.3,0.0
2026-09-01T19:17:09Z,2026-09-25,24,180000.0,P,1.316,1.3325,1.3255,77402.73,77216.47,0.9184,-0.99977,0.0,0.16992,10.5,0.0
2026-09-01T19:17:09Z,2026-09-25,24,190000.0,C,0.0,0.0001,0.0,77402.74,77216.47,0.9386,0.00013,0.0,0.10064,762.1,0.0
2026-09-01T19:17:09Z,2026-09-25,24,190000.0,P,1.446,1.462,1.4547,77402.74,77216.47,0.9386,-0.99987,0.0,0.10064,0.0,0.0
2026-09-01T19:17:09Z,2026-09-25,24,200000.0,C,0.0,0.0001,0.0,77402.32,77216.47,0.9823999999999999,0.00012,0.0,0.08948,1018.5,0.0
2026-09-01T19:17:09Z,2026-09-25,24,200000.0,P,1.5745,1.591,1.5839,77402.32,77216.47,0.9823999999999999,-0.99988,0.0,0.08948,0.1,0.0
2026-09-01T19:17:09Z,2026-09-25,24,220000.0,C,0.0,0.0001,0.0,77402.74,77216.47,1.0735999999999999,0.00011,0.0,0.08478,241.9,0.0
2026-09-01T19:17:09Z,2026-09-25,24,220000.0,P,1.832,1.8495,1.8423,77402.74,77216.47,1.0735999999999999,-0.99989,0.0,0.08478,24.8,0.0
2026-09-01T19:17:09Z,2026-09-25,24,240000.0,C,0.0,0.0001,0.0,77402.32,77216.47,1.156,0.0001,0.0,0.08076,211.9,0.0
2026-09-01T19:17:09Z,2026-09-25,24,240000.0,P,2.089,2.1145,2.1007,77402.32,77216.47,1.156,-0.9999,0.0,0.08076,0.0,0.0
2026-09-01T19:17:09Z,2026-09-25,24,260000.0,C,0.0,0.0001,0.0,77402.32,77216.47,1.2309,0.0001,0.0,0.07725,293.3,0.0
2026-09-01T19:17:09Z,2026-09-25,24,260000.0,P,2.3465,2.3735,2.3591,77402.32,77216.47,1.2309,-0.9999,0.0,0.07725,0.0,0.0
2026-09-01T19:17:09Z,2026-09-25,24,280000.0,C,0.0,0.0001,0.0,77402.74,77216.47,1.2987,9e-05,0.0,0.07339,76.1,0.0
2026-09-01T19:17:09Z,2026-09-25,24,280000.0,P,2.6035,2.6335,2.6175,77402.32,77216.47,1.2987,-0.99991,0.0,0.07338,0.0,0.0
2026-09-01T19:17:09Z,2026-09-25,24,300000.0,C,0.0,0.0001,0.0,77402.74,77216.47,1.3629,9e-05,0.0,0.07136,196.3,0.0
2026-09-01T19:17:09Z,2026-09-25,24,300000.0,P,2.861,2.8885,2.8758,77402.32,77216.47,1.3629,-0.99991,0.0,0.07136,0.0,0.0
2026-09-01T19:17:09Z,2026-09-25,24,320000.0,C,0.0,0.0001,0.0,77402.32,77216.47,1.4015,7e-05,0.0,0.05507,304.6,0.0
2026-09-01T19:17:09Z,2026-09-25,24,320000.0,P,3.118,3.148,3.1342,77402.32,77216.47,1.4015,-0.99993,0.0,0.05507,25.1,0.0
2026-09-01T19:17:09Z,2026-10-30,59,40000.0,C,0.4845,0.4885,0.4865,77773.31,77216.47,0.7286,0.99234,0.0,6.56785,0.1,0.0
2026-09-01T19:17:09Z,2026-10-30,59,40000.0,P,0.0006,0.001,0.0008,77773.31,77216.47,0.7286,-0.00766,0.0,6.56785,76.7,1.5
2026-09-01T19:17:09Z,2026-10-30,59,45000.0,C,0.4205,0.425,0.4227,77773.31,77216.47,0.6541,0.98679,0.0,10.57392,0.1,0.0
2026-09-01T19:17:09Z,2026-10-30,59,45000.0,P,0.0011,0.0015,0.0013,77773.31,77216.47,0.6541,-0.01321,0.0,10.57392,219.6,0.0
2026-09-01T19:17:09Z,2026-10-30,59,48000.0,C,0.3825,0.387,0.3846,77773.53,77216.47,0.6115999999999999,0.98183,0.0,13.90061,0.1,0.0
2026-09-01T19:17:09Z,2026-10-30,59,48000.0,P,0.0015,0.002,0.0018,77773.53,77216.47,0.6115999999999999,-0.01817,0.0,13.90061,189.5,54.9
2026-09-01T19:17:09Z,2026-10-30,59,50000.0,C,0.357,0.3615,0.3592,77773.53,77216.47,0.5832999999999999,0.97769,0.0,16.53889,0.1,0.0
2026-09-01T19:17:09Z,2026-10-30,59,50000.0,P,0.0019,0.0023,0.0021,77773.53,77216.47,0.5832999999999999,-0.02231,0.0,16.53889,347.2,30.8
2026-09-01T19:17:09Z,2026-10-30,59,52000.0,C,0.331,0.3365,0.3339,77773.53,77216.47,0.5564,0.97246,0.0,19.73538,0.1,0.0
2026-09-01T19:17:09Z,2026-10-30,59,52000.0,P,0.0023,0.0028,0.0025,77773.53,77216.47,0.5564,-0.02754,0.0,19.73538,125.7,0.0
2026-09-01T19:17:09Z,2026-10-30,59,54000.0,C,0.3055,0.3115,0.3088,77773.53,77216.47,0.5318999999999999,0.96556,0.0,23.74765,0.1,0.0
2026-09-01T19:17:09Z,2026-10-30,59,54000.0,P,0.0029,0.0034,0.0031,77773.53,77216.47,0.5318999999999999,-0.03444,0.0,23.74765,189.7,0.1
2026-09-01T19:17:09Z,2026-10-30,59,55000.0,C,0.293,0.299,0.2963,77773.53,77216.47,0.5207,0.96129,1e-05,26.13166,0.1,0.0
2026-09-01T19:17:09Z,2026-10-30,59,55000.0,P,0.0033,0.0038,0.0035,77773.53,77216.47,0.5207,-0.03871,1e-05,26.13166,316.2,2.5
2026-09-01T19:17:09Z,2026-10-30,59,56000.0,C,0.2805,0.2865,0.2839,77773.53,77216.47,0.5091,0.95666,1e-05,28.6405,0.0,0.0
2026-09-01T19:17:09Z,2026-10-30,59,56000.0,P,0.0037,0.0042,0.0039,77773.53,77216.47,0.5091,-0.04334,1e-05,28.6405,463.9,0.2
2026-09-01T19:17:09Z,2026-10-30,59,57000.0,C,0.268,0.274,0.2714,77773.53,77216.47,0.49689999999999995,0.95166,1e-05,31.26633,0.1,0.0
2026-09-01T19:17:09Z,2026-10-30,59,57000.0,P,0.0041,0.0046,0.0043,77773.53,77216.47,0.49689999999999995,-0.04834,1e-05,31.26633,207.9,0.0
2026-09-01T19:17:09Z,2026-10-30,59,58000.0,C,0.2555,0.262,0.2593,77773.53,77216.47,0.4902,0.94437,1e-05,34.95815,0.0,0.0
2026-09-01T19:17:09Z,2026-10-30,59,58000.0,P,0.0046,0.0055,0.005,77773.53,77216.47,0.4902,-0.05563,1e-05,34.95815,325.6,1.0
2026-09-01T19:17:09Z,2026-10-30,59,59000.0,C,0.243,0.2495,0.2468,77773.27,77216.47,0.4757,0.93889,1e-05,37.63331,1.0,0.0
2026-09-01T19:17:09Z,2026-10-30,59,59000.0,P,0.005,0.006,0.0054,77773.27,77216.47,0.4757,-0.06111,1e-05,37.63331,79.4,0.4
2026-09-01T19:17:09Z,2026-10-30,59,60000.0,C,0.232,0.2375,0.2345,77773.27,77216.47,0.4628,0.93222,1e-05,40.79008,16.5,0.0
2026-09-01T19:17:09Z,2026-10-30,59,60000.0,P,0.0055,0.0065,0.006,77773.27,77216.47,0.4628,-0.06778,1e-05,40.79008,1544.2,41.3
2026-09-01T19:17:09Z,2026-10-30,59,61000.0,C,0.2185,0.2255,0.2226,77773.27,77216.47,0.45649999999999996,0.92225,1e-05,45.30805,7.7,0.0
2026-09-01T19:17:09Z,2026-10-30,59,61000.0,P,0.0065,0.0075,0.0069,77773.27,77216.47,0.45649999999999996,-0.07775,1e-05,45.30805,234.2,0.1
2026-09-01T19:17:09Z,2026-10-30,59,62000.0,C,0.2065,0.2135,0.2107,77773.27,77216.47,0.4483,0.91188,1e-05,49.7868,13.5,0.0
2026-09-01T19:17:09Z,2026-10-30,59,62000.0,P,0.0075,0.0085,0.0079,77773.27,77216.47,0.4483,-0.08812,1e-05,49.7868,1154.7,50.0
2026-09-01T19:17:09Z,2026-10-30,59,63000.0,C,0.195,0.202,0.1988,77773.49,77216.47,0.4389,0.90087,1e-05,54.31015,153.2,0.0
2026-09-01T19:17:09Z,2026-10-30,59,63000.0,P,0.0085,0.0095,0.0089,77773.27,77216.47,0.4389,-0.09914,1e-05,54.31112,517.5,6.1
2026-09-01T19:17:09Z,2026-10-30,59,64000.0,C,0.183,0.19,0.187,77773.49,77216.47,0.42829999999999996,0.8892,1e-05,58.86775,418.0,0.0
2026-09-01T19:17:09Z,2026-10-30,59,64000.0,P,0.0095,0.0105,0.0099,77773.27,77216.47,0.42829999999999996,-0.11081,1e-05,58.86877,660.9,4.6
2026-09-01T19:17:09Z,2026-10-30,59,65000.0,C,0.1715,0.179,0.1756,77773.27,77216.47,0.4217,0.87428,2e-05,64.3669,434.6,0.0
2026-09-01T19:17:09Z,2026-10-30,59,65000.0,P,0.011,0.012,0.0114,77773.27,77216.47,0.4217,-0.12572,2e-05,64.3669,534.0,14.6
2026-09-01T19:17:09Z,2026-10-30,59,66000.0,C,0.1605,0.1675,0.1643,77773.27,77216.47,0.41340000000000005,0.85866,2e-05,69.76756,90.1,0.0
2026-09-01T19:17:09Z,2026-10-30,59,66000.0,P,0.0125,0.0135,0.0129,77773.27,77216.47,0.41340000000000005,-0.14134,2e-05,69.76756,150.5,6.6
2026-09-01T19:17:09Z,2026-10-30,59,67000.0,C,0.1495,0.1565,0.1534,77773.27,77216.47,0.4078,0.84004,2e-05,75.76387,108.4,0.0
2026-09-01T19:17:09Z,2026-10-30,59,67000.0,P,0.0145,0.0155,0.0148,77773.27,77216.47,0.4078,-0.15996,2e-05,75.76387,399.3,0.3
2026-09-01T19:17:09Z,2026-10-30,59,68000.0,C,0.1385,0.146,0.1425,77773.27,77216.47,0.4006,0.82051,2e-05,81.57429,143.8,0.0
2026-09-01T19:17:09Z,2026-10-30,59,68000.0,P,0.0165,0.0175,0.0168,77773.27,77216.47,0.4006,-0.17949,2e-05,81.57429,383.8,1.5
2026-09-01T19:17:09Z,2026-10-30,59,69000.0,C,0.131,0.133,0.1321,77773.27,77216.47,0.3953,0.7982,2e-05,87.65974,312.2,1.0
2026-09-01T19:17:09Z,2026-10-30,59,69000.0,P,0.019,0.02,0.0193,77773.27,77216.47,0.3953,-0.2018,2e-05,87.65974,260.0,32.1
2026-09-01T19:17:09Z,2026-10-30,59,70000.0,C,0.121,0.123,0.122,77773.27,77216.47,0.3899,0.77411,2e-05,93.61249,1102.1,0.0
2026-09-01T19:17:09Z,2026-10-30,59,70000.0,P,0.0215,0.0225,0.0221,77773.49,77216.47,0.3899,-0.22588,2e-05,93.61148,810.0,0.7
2026-09-01T19:17:09Z,2026-10-30,59,71000.0,C,0.1115,0.1135,0.1123,77773.27,77216.47,0.3856,0.74771,3e-05,99.44543,777.5,0.0
2026-09-01T19:17:09Z,2026-10-30,59,71000.0,P,0.025,0.026,0.0252,77773.27,77216.47,0.3856,-0.25229,3e-05,99.44543,97.6,5.2
2026-09-01T19:17:09Z,2026-10-30,59,72000.0,C,0.102,0.104,0.103,77773.27,77216.47,0.3812,0.71958,3e-05,104.91284,468.4,0.0
2026-09-01T19:17:09Z,2026-10-30,59,72000.0,P,0.0285,0.0295,0.0288,77773.27,77216.47,0.3812,-0.28042,3e-05,104.91284,409.1,6.3
2026-09-01T19:17:09Z,2026-10-30,59,73000.0,C,0.093,0.095,0.0942,77773.16,77216.47,0.37770000000000004,0.68949,3e-05,109.95163,435.9,0.0
2026-09-01T19:17:09Z,2026-10-30,59,73000.0,P,0.0325,0.0335,0.0328,77773.27,77216.47,0.37770000000000004,-0.31051,3e-05,109.95113,86.9,51.0
2026-09-01T19:17:09Z,2026-10-30,59,74000.0,C,0.085,0.087,0.0858,77773.27,77216.47,0.3746,0.65782,3e-05,114.39187,252.6,0.0
2026-09-01T19:17:09Z,2026-10-30,59,74000.0,P,0.037,0.038,0.0373,77773.27,77216.47,0.3746,-0.34218,3e-05,114.39187,226.2,70.4
2026-09-01T19:17:09Z,2026-10-30,59,75000.0,C,0.077,0.079,0.0779,77773.27,77216.47,0.37200000000000005,0.62485,3e-05,118.1104,1035.2,0.0
2026-09-01T19:17:09Z,2026-10-30,59,75000.0,P,0.042,0.043,0.0422,77773.27,77216.47,0.37200000000000005,-0.37515,3e-05,118.1104,177.4,0.0
2026-09-01T19:17:09Z,2026-10-30,59,76000.0,C,0.07,0.071,0.0706,77773.27,77216.47,0.37060000000000004,0.59081,3e-05,121.01254,346.6,51.0
2026-09-01T19:17:09Z,2026-10-30,59,76000.0,P,0.0475,0.0485,0.0478,77773.49,77216.47,0.37060000000000004,-0.40918,3e-05,121.01235,99.7,50.4
2026-09-01T19:17:09Z,2026-10-30,59,77000.0,C,0.063,0.064,0.0636,77773.27,77216.47,0.3682,0.55626,3e-05,123.00784,84.4,6.9
2026-09-01T19:17:09Z,2026-10-30,59,77000.0,P,0.053,0.0545,0.0536,77773.27,77216.47,0.3682,-0.44374,3e-05,123.00784,116.2,12.5
2026-09-01T19:17:09Z,2026-10-30,59,78000.0,C,0.0565,0.058,0.0572,77773.27,77216.47,0.3669,0.5214,3e-05,124.06663,414.7,85.1
2026-09-01T19:17:09Z,2026-10-30,59,78000.0,P,0.0595,0.061,0.0601,77773.32,77216.47,0.3669,-0.4786,3e-05,124.06668,429.4,98.8
2026-09-01T19:17:09Z,2026-10-30,59,79000.0,C,0.051,0.052,0.0514,77773.16,77216.47,0.3666,0.48675,3e-05,124.17666,142.8,17.9
2026-09-01T19:17:09Z,2026-10-30,59,79000.0,P,0.0665,0.068,0.0672,77773.32,77216.47,0.3666,-0.51324,3e-05,124.17697,347.3,2.6
2026-09-01T19:17:09Z,2026-10-30,59,80000.0,C,0.0455,0.0465,0.046,77773.32,77216.47,0.366,0.45252,3e-05,123.36444,1111.7,226.1
2026-09-01T19:17:09Z,2026-10-30,59,80000.0,P,0.074,0.0755,0.0747,77773.32,77216.47,0.366,-0.54748,3e-05,123.36443,531.7,18.3
2026-09-01T19:17:09Z,2026-10-30,59,81000.0,C,0.0405,0.0415,0.0412,77773.32,77216.47,0.36619999999999997,0.41921,3e-05,121.68912,296.8,32.5
2026-09-01T19:17:09Z,2026-10-30,59,81000.0,P,0.082,0.0835,0.0827,77773.32,77216.47,0.36619999999999997,-0.58079,3e-05,121.68912,127.0,4.4
2026-09-01T19:17:09Z,2026-10-30,59,82000.0,C,0.036,0.037,0.0368,77773.32,77216.47,0.3667,0.38705,3e-05,119.23222,1180.5,0.0
2026-09-01T19:17:09Z,2026-10-30,59,82000.0,P,0.0895,0.092,0.0911,77773.32,77216.47,0.3667,-0.61295,3e-05,119.23222,43.6,1.7
2026-09-01T19:17:09Z,2026-10-30,59,83000.0,C,0.032,0.033,0.0328,77773.32,77216.47,0.36719999999999997,0.35614,3e-05,116.07655,78.1,0.9
2026-09-01T19:17:09Z,2026-10-30,59,83000.0,P,0.0985,0.101,0.1,77773.32,77216.47,0.36719999999999997,-0.64386,3e-05,116.07655,4.5,0.0
2026-09-01T19:17:09Z,2026-10-30,59,84000.0,C,0.0285,0.0295,0.0292,77773.32,77216.47,0.36829999999999996,0.32691,3e-05,112.35884,1015.8,400.0
2026-09-01T19:17:09Z,2026-10-30,59,84000.0,P,0.105,0.1135,0.1093,77773.16,77216.47,0.36829999999999996,-0.6731,3e-05,112.35791,0.8,0.0
2026-09-01T19:17:09Z,2026-10-30,59,85000.0,C,0.0255,0.0265,0.026,77773.32,77216.47,0.36939999999999995,0.2992,3e-05,108.15322,1946.2,3.1
2026-09-01T19:17:09Z,2026-10-30,59,85000.0,P,0.115,0.1235,0.1189,77773.32,77216.47,0.36939999999999995,-0.7008,3e-05,108.15322,1.3,0.0
2026-09-01T19:17:09Z,2026-10-30,59,86000.0,C,0.0225,0.0235,0.0232,77773.32,77216.47,0.3712,0.27356,3e-05,103.64863,696.5,0.7
2026-09-01T19:17:09Z,2026-10-30,59,86000.0,P,0.1245,0.1335,0.129,77773.32,77216.47,0.3712,-0.72644,3e-05,103.64863,13.6,0.0
2026-09-01T19:17:09Z,2026-10-30,59,87000.0,C,0.02,0.021,0.0207,77773.32,77216.47,0.373,0.24959,3e-05,98.88019,111.4,6.5
2026-09-01T19:17:09Z,2026-10-30,59,87000.0,P,0.135,0.1445,0.1393,77773.16,77216.47,0.373,-0.75042,3e-05,98.87907,10.2,0.0
2026-09-01T19:17:09Z,2026-10-30,59,88000.0,C,0.018,0.019,0.0184,77774.81,77216.47,0.3747,0.2272,3e-05,93.92003,208.3,17.7
2026-09-01T19:17:09Z,2026-10-30,59,88000.0,P,0.1455,0.155,0.1499,77774.81,77216.47,0.3747,-0.7728,3e-05,93.92003,8.1,0.0
2026-09-01T19:17:09Z,2026-10-30,59,89000.0,C,0.016,0.017,0.0164,77774.81,77216.47,0.3772,0.20698,2e-05,88.99489,71.3,5.1
2026-09-01T19:17:09Z,2026-10-30,59,89000.0,P,0.1565,0.166,0.1608,77774.81,77216.47,0.3772,-0.79302,2e-05,88.99489,5.0,0.0
2026-09-01T19:17:09Z,2026-10-30,59,90000.0,C,0.014,0.015,0.0147,77774.81,77216.47,0.3799,0.18847,2e-05,84.09517,1377.8,1.8
2026-09-01T19:17:09Z,2026-10-30,59,90000.0,P,0.1675,0.177,0.1719,77774.81,77216.47,0.3799,-0.81153,2e-05,84.09517,5.6,0.0
2026-09-01T19:17:09Z,2026-10-30,59,91000.0,C,0.0125,0.0135,0.0132,77774.81,77216.47,0.38280000000000003,0.17162,2e-05,79.29211,19.0,1.0
2026-09-01T19:17:09Z,2026-10-30,59,91000.0,P,0.1785,0.189,0.1832,77774.81,77216.47,0.38280000000000003,-0.82838,2e-05,79.29211,0.2,0.0
2026-09-01T19:17:09Z,2026-10-30,59,92000.0,C,0.0115,0.012,0.0117,77774.81,77216.47,0.38530000000000003,0.15586,2e-05,74.48383,1017.8,0.0
2026-09-01T19:17:09Z,2026-10-30,59,92000.0,P,0.19,0.2005,0.1947,77774.81,77216.47,0.38530000000000003,-0.84414,2e-05,74.48383,0.0,0.0
2026-09-01T19:17:09Z,2026-10-30,59,94000.0,C,0.009,0.01,0.0096,77774.81,77216.47,0.3931,0.13029,2e-05,65.9844,392.8,1.8
2026-09-01T19:17:09Z,2026-10-30,59,94000.0,P,0.2135,0.224,0.2183,77774.81,77216.47,0.3931,-0.86971,2e-05,65.9844,0.0,0.0
2026-09-01T19:17:09Z,2026-10-30,59,95000.0,C,0.008,0.009,0.0086,77774.81,77216.47,0.3957,0.11832,2e-05,61.68439,1792.4,1.7
2026-09-01T19:17:09Z,2026-10-30,59,95000.0,P,0.2255,0.236,0.2301,77774.81,77216.47,0.3957,-0.88168,2e-05,61.68439,0.4,0.0
2026-09-01T19:17:09Z,2026-10-30,59,96000.0,C,0.0075,0.0085,0.008,77774.81,77216.47,0.4025,0.11019,2e-05,58.63538,88.7,1.0
2026-09-01T19:17:09Z,2026-10-30,59,96000.0,P,0.2375,0.2485,0.2424,77774.81,77216.47,0.4025,-0.88981,2e-05,58.63538,0.1,0.0
2026-09-01T19:17:09Z,2026-10-30,59,98000.0,C,0.006,0.007,0.0066,77774.81,77216.47,0.4092,0.09199,1e-05,51.40069,280.8,4.2
2026-09-01T19:17:09Z,2026-10-30,59,98000.0,P,0.2615,0.2725,0.2666,77775.24,77216.47,0.4092,-0.90801,1e-05,51.40266,0.0,0.0
2026-09-01T19:17:09Z,2026-10-30,59,100000.0,C,0.0055,0.006,0.0056,77775.24,77216.47,0.4194,0.07887,1e-05,45.80679,1620.0,201.2
2026-09-01T19:17:09Z,2026-10-30,59,100000.0,P,0.2865,0.2975,0.2914,77775.24,77216.47,0.4194,-0.92113,1e-05,45.80679,0.3,0.0
2026-09-01T19:17:09Z,2026-10-30,59,102000.0,C,0.0044,0.0049,0.0047,77775.24,77216.47,0.4267,0.06664,1e-05,40.25721,181.1,0.5
2026-09-01T19:17:09Z,2026-10-30,59,102000.0,P,0.311,0.3225,0.3162,77774.81,77216.47,0.4267,-0.93337,1e-05,40.25503,0.0,0.0
2026-09-01T19:17:09Z,2026-10-30,59,104000.0,C,0.0037,0.0042,0.004,77775.24,77216.47,0.4355,0.05717,1e-05,35.71724,71.8,0.0
2026-09-01T19:17:09Z,2026-10-30,59,104000.0,P,0.336,0.3475,0.3412,77775.24,77216.47,0.4355,-0.94283,1e-05,35.71724,0.0,0.0
2026-09-01T19:17:09Z,2026-10-30,59,105000.0,C,0.0034,0.0039,0.0037,77775.24,77216.47,0.43979999999999997,0.05301,1e-05,33.64888,1132.6,0.1
2026-09-01T19:17:09Z,2026-10-30,59,105000.0,P,0.3485,0.36,0.3538,77775.24,77216.47,0.43979999999999997,-0.94699,1e-05,33.64888,0.0,0.0
2026-09-01T19:17:09Z,2026-10-30,59,110000.0,C,0.0022,0.0029,0.0025,77775.24,77216.47,0.46009999999999995,0.03676,1e-05,25.05313,751.3,29.7
2026-09-01T19:17:09Z,2026-10-30,59,110000.0,P,0.4115,0.4235,0.4169,77775.24,77216.47,0.46009999999999995,-0.96324,1e-05,25.05313,0.0,0.0
2026-09-01T19:17:09Z,2026-11-27,87,58000.0,C,0.262,0.2685,0.266,78072.04,77216.47,0.4686,0.92172,1e-05,55.58937,0.0,0.0
2026-09-01T19:17:09Z,2026-11-27,87,58000.0,P,0.0085,0.009,0.0089,78072.04,77216.47,0.4686,-0.07828,1e-05,55.58937,3.8,0.8
2026-09-01T19:17:09Z,2026-11-27,87,60000.0,C,0.2385,0.245,0.2424,78073.35,77216.47,0.4523,0.90417,1e-05,64.6631,0.1,0.0
2026-09-01T19:17:09Z,2026-11-27,87,60000.0,P,0.0105,0.0115,0.0109,78072.04,77216.47,0.4523,-0.09584,1e-05,64.66844,7.1,0.6
2026-09-01T19:17:09Z,2026-11-27,87,62000.0,C,0.2155,0.2225,0.2193,78073.35,77216.47,0.4371,0.88287,1e-05,74.75357,0.0,0.0
2026-09-01T19:17:09Z,2026-11-27,87,62000.0,P,0.013,0.014,0.0134,78073.35,77216.47,0.4371,-0.11713,1e-05,74.75357,5.9,4.0
2026-09-01T19:17:09Z,2026-11-27,87,64000.0,C,0.193,0.2005,0.1971,78072.04,77216.47,0.42590000000000006,0.85592,1e-05,86.27077,0.0,0.0
2026-09-01T19:17:09Z,2026-11-27,87,64000.0,P,0.0165,0.0175,0.0169,78073.35,77216.47,0.42590000000000006,-0.14407,1e-05,86.2648,20.4,0.2
2026-09-01T19:17:09Z,2026-11-27,87,66000.0,C,0.1745,0.177,0.1758,78073.35,77216.47,0.4156,0.82417,2e-05,98.28352,0.0,0.0
2026-09-01T19:17:09Z,2026-11-27,87,66000.0,P,0.0205,0.0215,0.0211,78072.04,77216.47,0.4156,-0.17585,2e-05,98.28911,126.2,0.0
2026-09-01T19:17:09Z,2026-11-27,87,67000.0,C,0.1645,0.167,0.1655,78072.08,77216.47,0.41090000000000004,0.80633,2e-05,104.37021,0.0,0.0
2026-09-01T19:17:09Z,2026-11-27,87,67000.0,P,0.023,0.024,0.0236,78072.04,77216.47,0.41090000000000004,-0.19367,2e-05,104.37039,3.3,2.0
2026-09-01T19:17:09Z,2026-11-27,87,68000.0,C,0.1545,0.1565,0.1554,78072.08,77216.47,0.4064,0.78727,2e-05,110.38484,0.0,0.0
2026-09-01T19:17:09Z,2026-11-27,87,68000.0,P,0.026,0.027,0.0264,78072.04,77216.47,0.4064,-0.21273,2e-05,110.38501,12.9,0.0
2026-09-01T19:17:09Z,2026-11-27,87,69000.0,C,0.1445,0.147,0.1458,78072.04,77216.47,0.4031,0.76655,2e-05,116.38614,0.0,0.0
2026-09-01T19:17:09Z,2026-11-27,87,69000.0,P,0.029,0.03,0.0296,78072.04,77216.47,0.4031,-0.23345,2e-05,116.38614,3.1,0.0
2026-09-01T19:17:09Z,2026-11-27,87,70000.0,C,0.1355,0.1375,0.1364,78072.08,77216.47,0.3997,0.74476,2e-05,122.12419,2.1,0.0
2026-09-01T19:17:09Z,2026-11-27,87,70000.0,P,0.0325,0.0335,0.033,78072.04,77216.47,0.3997,-0.25525,2e-05,122.12434,29.7,0.8
2026-09-01T19:17:09Z,2026-11-27,87,71000.0,C,0.1265,0.1285,0.1273,78072.04,77216.47,0.3962,0.72195,2e-05,127.52684,0.1,0.0
2026-09-01T19:17:09Z,2026-11-27,87,71000.0,P,0.0365,0.0375,0.0368,78072.04,77216.47,0.3962,-0.27805,2e-05,127.52684,4.4,0.1
2026-09-01T19:17:09Z,2026-11-27,87,72000.0,C,0.1175,0.12,0.1187,78072.08,77216.47,0.39390000000000003,0.69779,2e-05,132.60643,0.0,0.0
2026-09-01T19:17:09Z,2026-11-27,87,72000.0,P,0.0405,0.0415,0.041,78072.08,77216.47,0.39390000000000003,-0.30221,2e-05,132.60643,5.5,1.9
2026-09-01T19:17:09Z,2026-11-27,87,73000.0,C,0.1095,0.1115,0.1104,78072.04,77216.47,0.3914,0.67284,2e-05,137.184,0.0,0.0
2026-09-01T19:17:09Z,2026-11-27,87,73000.0,P,0.045,0.046,0.0455,78072.08,77216.47,0.3914,-0.32716,2e-05,137.18391,17.1,16.0
2026-09-01T19:17:09Z,2026-11-27,87,74000.0,C,0.1015,0.1035,0.1025,78072.08,77216.47,0.3892,0.64708,3e-05,141.22266,0.0,0.0
2026-09-01T19:17:09Z,2026-11-27,87,74000.0,P,0.05,0.051,0.0503,78072.08,77216.47,0.3892,-0.35292,3e-05,141.22266,1.5,0.1
2026-09-01T19:17:09Z,2026-11-27,87,75000.0,C,0.094,0.096,0.0949,78072.04,77216.47,0.3868,0.6207,3e-05,144.65495,1.1,0.0
2026-09-01T19:17:09Z,2026-11-27,87,75000.0,P,0.055,0.0565,0.0555,78072.04,77216.47,0.3868,-0.3793,3e-05,144.65495,22.6,2.0
2026-09-01T19:17:09Z,2026-11-27,87,76000.0,C,0.087,0.0885,0.0879,78072.04,77216.47,0.3862,0.5937,3e-05,147.44724,6.9,6.9
2026-09-01T19:17:09Z,2026-11-27,87,76000.0,P,0.061,0.062,0.0614,78072.08,77216.47,0.3862,-0.4063,3e-05,147.44722,33.4,3.0
2026-09-01T19:17:09Z,2026-11-27,87,77000.0,C,0.0805,0.0815,0.0811,78072.08,77216.47,0.38439999999999996,0.5665,3e-05,149.53788,1.8,1.8
2026-09-01T19:17:09Z,2026-11-27,87,77000.0,P,0.067,0.068,0.0674,78070.93,77216.47,0.38439999999999996,-0.43354,3e-05,149.53765,12.0,3.2
2026-09-01T19:17:09Z,2026-11-27,87,78000.0,C,0.074,0.0755,0.0748,78072.08,77216.47,0.3836,0.53917,3e-05,150.91788,33.6,30.6
2026-09-01T19:17:09Z,2026-11-27,87,78000.0,P,0.0735,0.0745,0.0739,78072.08,77216.47,0.3836,-0.46083,3e-05,150.91788,56.1,28.5
2026-09-01T19:17:09Z,2026-11-27,87,79000.0,C,0.0685,0.0695,0.0689,78070.93,77216.47,0.38299999999999995,0.51189,3e-05,151.57976,40.6,36.1
2026-09-01T19:17:09Z,2026-11-27,87,79000.0,P,0.0805,0.0815,0.0808,78072.08,77216.47,0.38299999999999995,-0.48808,3e-05,151.58163,71.2,64.8
2026-09-01T19:17:09Z,2026-11-27,87,80000.0,C,0.0625,0.064,0.0633,78072.08,77216.47,0.3822,0.48482,3e-05,151.53955,707.5,83.0
2026-09-01T19:17:09Z,2026-11-27,87,80000.0,P,0.0875,0.089,0.088,78070.93,77216.47,0.3822,-0.51521,3e-05,151.53686,43.4,41.7
2026-09-01T19:17:09Z,2026-11-27,87,81000.0,C,0.0575,0.059,0.0582,78070.93,77216.47,0.3821,0.45819,3e-05,150.81366,1.6,1.1
2026-09-01T19:17:09Z,2026-11-27,87,81000.0,P,0.0955,0.0965,0.0957,78070.93,77216.47,0.3821,-0.54181,3e-05,150.81366,1.5,0.8
2026-09-01T19:17:09Z,2026-11-27,87,82000.0,C,0.053,0.054,0.0534,78072.08,77216.47,0.3818,0.43206,3e-05,149.44484,18.8,0.0
2026-09-01T19:17:09Z,2026-11-27,87,82000.0,P,0.1035,0.1045,0.1037,78072.08,77216.47,0.3818,-0.56794,3e-05,149.44484,20.4,6.4
2026-09-01T19:17:09Z,2026-11-27,87,83000.0,C,0.0485,0.0495,0.0489,78070.93,77216.47,0.3818,0.40657,3e-05,147.46886,3.9,0.6
2026-09-01T19:17:09Z,2026-11-27,87,83000.0,P,0.1115,0.113,0.112,78070.93,77216.47,0.3818,-0.59343,3e-05,147.46886,7.6,8.2
2026-09-01T19:17:09Z,2026-11-27,87,84000.0,C,0.0445,0.0455,0.0449,78070.93,77216.47,0.38270000000000004,0.3822,3e-05,144.98693,15.4,15.2
2026-09-01T19:17:09Z,2026-11-27,87,84000.0,P,0.1195,0.122,0.1209,78072.08,77216.47,0.38270000000000004,-0.61777,3e-05,144.9925,0.6,0.0
2026-09-01T19:17:09Z,2026-11-27,87,85000.0,C,0.0405,0.0415,0.0411,78072.08,77216.47,0.38299999999999995,0.35843,3e-05,141.99773,116.6,100.3
2026-09-01T19:17:09Z,2026-11-27,87,85000.0,P,0.1285,0.131,0.1299,78072.08,77216.47,0.38299999999999995,-0.64157,3e-05,141.99773,4.6,3.0
2026-09-01T19:17:09Z,2026-11-27,87,86000.0,C,0.037,0.038,0.0376,78072.08,77216.47,0.3837,0.33569,2e-05,138.59827,2.1,1.6
2026-09-01T19:17:09Z,2026-11-27,87,86000.0,P,0.1375,0.1405,0.1392,78070.81,77216.47,0.3837,-0.66434,2e-05,138.59075,1.4,0.0
2026-09-01T19:17:09Z,2026-11-27,87,87000.0,C,0.034,0.035,0.0344,78070.81,77216.47,0.3845,0.31387,2e-05,134.82553,3.1,0.0
2026-09-01T19:17:09Z,2026-11-27,87,87000.0,P,0.1445,0.1535,0.1488,78069.91,77216.47,0.3845,-0.68616,2e-05,134.81995,0.0,0.0
2026-09-01T19:17:09Z,2026-11-27,87,88000.0,C,0.031,0.032,0.0315,78070.81,77216.47,0.38530000000000003,0.29308,2e-05,130.75956,2.8,1.6
2026-09-01T19:17:09Z,2026-11-27,87,88000.0,P,0.154,0.164,0.1587,78069.91,77216.47,0.38530000000000003,-0.70694,2e-05,130.75368,0.0,0.0
2026-09-01T19:17:09Z,2026-11-27,87,89000.0,C,0.0285,0.0295,0.0288,78070.81,77216.47,0.38670000000000004,0.27366,2e-05,126.53135,24.8,18.1
2026-09-01T19:17:09Z,2026-11-27,87,89000.0,P,0.164,0.173,0.1688,78070.81,77216.47,0.38670000000000004,-0.72634,2e-05,126.53135,0.0,0.0
2026-09-01T19:17:09Z,2026-11-27,87,90000.0,C,0.026,0.027,0.0264,78070.81,77216.47,0.38789999999999997,0.25511,2e-05,122.08873,22.9,15.4
2026-09-01T19:17:09Z,2026-11-27,87,90000.0,P,0.1745,0.1835,0.1792,78070.81,77216.47,0.38789999999999997,-0.74489,2e-05,122.08873,0.2,0.0
2026-09-01T19:17:09Z,2026-11-27,87,91000.0,C,0.0235,0.0245,0.0242,78070.81,77216.47,0.3897,0.23802,2e-05,117.63638,12.3,0.1
2026-09-01T19:17:09Z,2026-11-27,87,91000.0,P,0.185,0.195,0.1898,78070.81,77216.47,0.3897,-0.76198,2e-05,117.63638,0.0,0.0
2026-09-01T19:17:09Z,2026-11-27,87,92000.0,C,0.0215,0.0225,0.0222,78070.81,77216.47,0.3914,0.22178,2e-05,113.07353,7.2,0.6
2026-09-01T19:17:09Z,2026-11-27,87,92000.0,P,0.196,0.2055,0.2006,78069.91,77216.47,0.3914,-0.77823,2e-05,113.06699,2.1,0.0
2026-09-01T19:17:09Z,2026-11-27,87,93000.0,C,0.02,0.021,0.0203,78070.81,77216.47,0.39289999999999997,0.20636,2e-05,108.4277,6.9,0.8
2026-09-01T19:17:09Z,2026-11-27,87,93000.0,P,0.2065,0.217,0.2116,78069.91,77216.47,0.39289999999999997,-0.79366,2e-05,108.42109,0.0,0.0
2026-09-01T19:17:09Z,2026-11-27,87,94000.0,C,0.018,0.019,0.0187,78070.81,77216.47,0.395,0.19233,2e-05,103.92727,48.2,1.9
2026-09-01T19:17:09Z,2026-11-27,87,94000.0,P,0.218,0.228,0.2228,78069.91,77216.47,0.395,-0.80768,2e-05,103.92007,0.0,0.0
2026-09-01T19:17:09Z,2026-11-27,87,96000.0,C,0.0155,0.0165,0.0159,78067.75,77216.47,0.3997,0.16722,2e-05,95.17491,11.0,2.1
2026-09-01T19:17:09Z,2026-11-27,87,96000.0,P,0.2405,0.2515,0.2456,78067.75,77216.47,0.3997,-0.83278,2e-05,95.17491,0.0,0.0
2026-09-01T19:17:09Z,2026-11-27,87,98000.0,C,0.013,0.0135,0.0136,78069.91,77216.47,0.40509999999999996,0.14594,1e-05,87.015,26.7,0.4
2026-09-01T19:17:09Z,2026-11-27,87,98000.0,P,0.2635,0.275,0.2689,78067.75,77216.47,0.40509999999999996,-0.85409,1e-05,86.99972,0.0,0.0
2026-09-01T19:17:09Z,2026-11-27,87,100000.0,C,0.011,0.012,0.0116,78069.91,77216.47,0.40979999999999994,0.12692,1e-05,79.08326,54.4,1.0
2026-09-01T19:17:09Z,2026-11-27,87,100000.0,P,0.287,0.2985,0.2925,78067.75,77216.47,0.40979999999999994,-0.87311,1e-05,79.06856,0.0,0.0
2026-09-01T19:17:09Z,2026-11-27,87,102000.0,C,0.0095,0.0105,0.0101,78069.91,77216.47,0.4163,0.11164,1e-05,72.23638,33.5,0.6
2026-09-01T19:17:09Z,2026-11-27,87,102000.0,P,0.311,0.323,0.3166,78069.91,77216.47,0.4163,-0.88836,1e-05,72.23638,0.0,0.0
2026-09-01T19:17:09Z,2026-11-27,87,104000.0,C,0.008,0.009,0.0086,78069.91,77216.47,0.42,0.09677,1e-05,65.12292,5.2,2.4
2026-09-01T19:17:09Z,2026-11-27,87,104000.0,P,0.335,0.347,0.3407,78069.91,77216.47,0.42,-0.90323,1e-05,65.12292,0.0,0.0
2026-09-01T19:17:09Z,2026-11-27,87,105000.0,C,0.0075,0.0085,0.0081,78069.91,77216.47,0.4238,0.09128,1e-05,62.37845,6.3,0.0
2026-09-01T19:17:09Z,2026-11-27,87,105000.0,P,0.3475,0.3595,0.353,78069.91,77216.47,0.4238,-0.90872,1e-05,62.37845,0.0,0.0
2026-09-01T19:17:09Z,2026-11-27,87,106000.0,C,0.007,0.008,0.0076,78067.75,77216.47,0.42719999999999997,0.08587,1e-05,59.60231,14.0,10.0
2026-09-01T19:17:09Z,2026-11-27,87,106000.0,P,0.3595,0.372,0.3653,78067.75,77216.47,0.42719999999999997,-0.91413,1e-05,59.60231,0.0,0.0
2026-09-01T19:17:09Z,2026-11-27,87,108000.0,C,0.006,0.007,0.0066,78069.91,77216.47,0.4322,0.07534,1e-05,53.99626,11.6,0.5
2026-09-01T19:17:09Z,2026-11-27,87,108000.0,P,0.384,0.397,0.3899,78067.75,77216.47,0.4322,-0.92467,1e-05,53.98457,0.0,0.0
2026-09-01T19:17:09Z,2026-11-27,87,110000.0,C,0.0055,0.0065,0.006,78069.91,77216.47,0.4425,0.06892,1e-05,50.42947,2.6,0.3
2026-09-01T19:17:09Z,2026-11-27,87,110000.0,P,0.4085,0.422,0.415,78069.91,77216.47,0.4425,-0.93108,1e-05,50.42947,0.0,0.0
2026-09-01T19:17:09Z,2026-11-27,87,115000.0,C,0.0041,0.0047,0.0044,78069.91,77216.47,0.4567,0.05148,1e-05,40.12759,25.4,10.3
2026-09-01T19:17:09Z,2026-11-27,87,115000.0,P,0.471,0.485,0.4775,78067.33,77216.47,0.4567,-0.94853,1e-05,40.11614,0.0,0.0
2026-09-01T19:17:09Z,2026-11-27,87,120000.0,C,0.0031,0.0036,0.0034,78067.33,77216.47,0.47130000000000005,0.03931,0.0,32.29245,34.7,2.2
2026-09-01T19:17:09Z,2026-11-27,87,120000.0,P,0.534,0.5485,0.5405,78067.33,77216.47,0.47130000000000005,-0.96069,0.0,32.29245,0.0,0.0
2026-09-01T19:17:09Z,2026-12-25,115,20000.0,C,0.7435,0.746,0.7453,78357.42,77216.47,0.9742000000000001,0.99724,0.0,3.72254,4.2,0.0
2026-09-01T19:17:09Z,2026-12-25,115,20000.0,P,0.0004,0.0007,0.0005,78360.3,77216.47,0.9742000000000001,-0.00276,0.0,3.72199,520.4,194.3
2026-09-01T19:17:09Z,2026-12-25,115,30000.0,C,0.617,0.6195,0.6183,78357.42,77216.47,0.7631,0.99305,0.0,8.50293,300.6,0.0
2026-09-01T19:17:09Z,2026-12-25,115,30000.0,P,0.0008,0.0015,0.0011,78360.3,77216.47,0.7631,-0.00695,0.0,8.50144,2134.5,0.0
2026-09-01T19:17:09Z,2026-12-25,115,35000.0,C,0.5535,0.5565,0.5551,78357.42,77216.47,0.6903,0.98863,0.0,13.08529,77.8,0.0
2026-09-01T19:17:09Z,2026-12-25,115,35000.0,P,0.0015,0.0019,0.0017,78357.42,77216.47,0.6903,-0.01137,0.0,13.08529,2386.5,51.1
2026-09-01T19:17:09Z,2026-12-25,115,40000.0,C,0.49,0.494,0.4922,78349.37,77216.47,0.6284000000000001,0.98151,0.0,19.88195,250.9,0.0
2026-09-01T19:17:09Z,2026-12-25,115,40000.0,P,0.0025,0.0028,0.0027,78349.37,77216.47,0.6284000000000001,-0.01849,0.0,19.88195,4482.0,4.0
2026-09-01T19:17:09Z,2026-12-25,115,45000.0,C,0.427,0.432,0.4295,78349.37,77216.47,0.5644,0.97206,0.0,28.15155,54.3,0.0
2026-09-01T19:17:09Z,2026-12-25,115,45000.0,P,0.0037,0.0039,0.0038,78349.37,77216.47,0.5644,-0.02794,0.0,28.15155,2843.1,151.9
2026-09-01T19:17:09Z,2026-12-25,115,50000.0,C,0.3655,0.371,0.3679,78349.37,77216.47,0.5163,0.9552,0.0,41.45019,260.7,0.0
2026-09-01T19:17:09Z,2026-12-25,115,50000.0,P,0.0055,0.0065,0.0059,78349.37,77216.47,0.5163,-0.0448,0.0,41.45019,2159.1,0.1
2026-09-01T19:17:09Z,2026-12-25,115,52000.0,C,0.341,0.347,0.3436,78349.37,77216.47,0.5005,0.94546,1e-05,48.50118,0.1,0.0
2026-09-01T19:17:09Z,2026-12-25,115,52000.0,P,0.007,0.0075,0.0072,78349.37,77216.47,0.5005,-0.05454,1e-05,48.50118,541.4,2.1
2026-09-01T19:17:09Z,2026-12-25,115,54000.0,C,0.3165,0.323,0.3196,78357.34,77216.47,0.48460000000000003,0.93413,1e-05,56.2307,33.1,0.0
2026-09-01T19:17:09Z,2026-12-25,115,54000.0,P,0.0085,0.009,0.0087,78357.34,77216.47,0.48460000000000003,-0.06587,1e-05,56.2307,1855.4,0.9
2026-09-01T19:17:09Z,2026-12-25,115,55000.0,C,0.3045,0.311,0.3076,78349.37,77216.47,0.4754,0.92811,1e-05,60.14285,44.9,0.0
2026-09-01T19:17:09Z,2026-12-25,115,55000.0,P,0.009,0.01,0.0095,78349.37,77216.47,0.4754,-0.07189,1e-05,60.14285,2667.4,50.0
2026-09-01T19:17:09Z,2026-12-25,115,56000.0,C,0.2925,0.299,0.2958,78349.37,77216.47,0.4685,0.92087,1e-05,64.70722,41.5,0.0
2026-09-01T19:17:09Z,2026-12-25,115,56000.0,P,0.01,0.011,0.0105,78349.37,77216.47,0.4685,-0.07913,1e-05,64.70722,488.4,0.0
2026-09-01T19:17:09Z,2026-12-25,115,58000.0,C,0.2695,0.276,0.2727,78349.37,77216.47,0.4567,0.90379,1e-05,74.87333,40.3,0.0
2026-09-01T19:17:09Z,2026-12-25,115,58000.0,P,0.0125,0.0135,0.0129,78349.37,77216.47,0.4567,-0.09621,1e-05,74.87333,1835.1,0.1
2026-09-01T19:17:09Z,2026-12-25,115,60000.0,C,0.246,0.2535,0.2498,78349.37,77216.47,0.4425,0.88501,1e-05,85.18328,789.9,0.0
2026-09-01T19:17:09Z,2026-12-25,115,60000.0,P,0.015,0.016,0.0155,78349.37,77216.47,0.4425,-0.11499,1e-05,85.18328,6313.8,93.6
2026-09-01T19:17:09Z,2026-12-25,115,62000.0,C,0.224,0.2315,0.2277,78349.37,77216.47,0.43189999999999995,0.86178,1e-05,96.83885,247.1,0.0
2026-09-01T19:17:09Z,2026-12-25,115,62000.0,P,0.0185,0.0195,0.019,78349.37,77216.47,0.43189999999999995,-0.13822,1e-05,96.83885,1557.4,0.0
2026-09-01T19:17:09Z,2026-12-25,115,64000.0,C,0.2025,0.2105,0.2066,78344.05,77216.47,0.4238,0.83412,1e-05,109.31225,405.2,0.1
2026-09-01T19:17:09Z,2026-12-25,115,64000.0,P,0.023,0.024,0.0234,78344.05,77216.47,0.4238,-0.16588,1e-05,109.31225,349.2,0.1
2026-09-01T19:17:09Z,2026-12-25,115,65000.0,C,0.191,0.2,0.1963,78344.05,77216.47,0.41960000000000003,0.81911,1e-05,115.5112,946.2,0.2
2026-09-01T19:17:09Z,2026-12-25,115,65000.0,P,0.0255,0.0265,0.0258,78349.17,77216.47,0.41960000000000003,-0.18082,1e-05,115.48945,833.0,0.0
2026-09-01T19:17:09Z,2026-12-25,115,66000.0,C,0.181,0.19,0.1862,78344.05,77216.47,0.4152,0.80329,2e-05,121.63912,279.9,0.1
2026-09-01T19:17:09Z,2026-12-25,115,66000.0,P,0.028,0.029,0.0285,78344.05,77216.47,0.4152,-0.19671,2e-05,121.63912,365.3,0.1
2026-09-01T19:17:09Z,2026-12-25,115,68000.0,C,0.166,0.168,0.1669,78344.05,77216.47,0.40869999999999995,0.76822,2e-05,133.82986,1033.6,0.0
2026-09-01T19:17:09Z,2026-12-25,115,68000.0,P,0.034,0.035,0.0347,78344.05,77216.47,0.40869999999999995,-0.23178,2e-05,133.82986,554.8,0.0
2026-09-01T19:17:09Z,2026-12-25,115,70000.0,C,0.148,0.15,0.1488,78344.05,77216.47,0.4033,0.72953,2e-05,145.22997,1929.9,0.6
2026-09-01T19:17:09Z,2026-12-25,115,70000.0,P,0.0415,0.0425,0.0422,78344.05,77216.47,0.4033,-0.27047,2e-05,145.22997,1492.5,400.5
2026-09-01T19:17:09Z,2026-12-25,115,72000.0,C,0.131,0.133,0.1319,78344.05,77216.47,0.3987,0.68786,2e-05,155.28683,1271.0,0.1
2026-09-01T19:17:09Z,2026-12-25,115,72000.0,P,0.05,0.0515,0.0508,78349.17,77216.47,0.3987,-0.31204,2e-05,155.27471,606.1,18.4
2026-09-01T19:17:09Z,2026-12-25,115,74000.0,C,0.1155,0.1175,0.1164,78349.17,77216.47,0.3953,0.64379,2e-05,163.58749,138.9,0.2
2026-09-01T19:17:09Z,2026-12-25,115,74000.0,P,0.06,0.0615,0.0607,78349.17,77216.47,0.3953,-0.35621,2e-05,163.58749,154.7,10.1
2026-09-01T19:17:09Z,2026-12-25,115,75000.0,C,0.108,0.11,0.1091,78349.17,77216.47,0.39390000000000003,0.62108,2e-05,166.96031,1947.2,0.0
2026-09-01T19:17:09Z,2026-12-25,115,75000.0,P,0.0655,0.067,0.0662,78344.05,77216.47,0.39390000000000003,-0.37903,2e-05,166.96464,1208.5,250.2
2026-09-01T19:17:09Z,2026-12-25,115,76000.0,C,0.1015,0.103,0.1021,78344.05,77216.47,0.39270000000000005,0.59796,2e-05,169.77096,411.2,0.7
2026-09-01T19:17:09Z,2026-12-25,115,76000.0,P,0.0715,0.0725,0.072,78344.05,77216.47,0.39270000000000005,-0.40204,2e-05,169.77096,215.8,30.0
2026-09-01T19:17:09Z,2026-12-25,115,78000.0,C,0.0885,0.09,0.0893,78344.05,77216.47,0.391,0.55156,2e-05,173.61205,1072.7,0.5
2026-09-01T19:17:09Z,2026-12-25,115,78000.0,P,0.084,0.0855,0.0847,78349.17,77216.47,0.391,-0.44832,2e-05,173.61668,1403.4,556.0
2026-09-01T19:17:09Z,2026-12-25,115,80000.0,C,0.077,0.0785,0.0777,78340.98,77216.47,0.3896,0.50523,2e-05,175.05454,8655.1,90.0
2026-09-01T19:17:09Z,2026-12-25,115,80000.0,P,0.098,0.0995,0.0987,78340.98,77216.47,0.3896,-0.49477,2e-05,175.05454,1226.5,27.5
2026-09-01T19:17:09Z,2026-12-25,115,82000.0,C,0.067,0.068,0.0674,78344.05,77216.47,0.389,0.46002,2e-05,174.19637,1213.0,107.1
2026-09-01T19:17:09Z,2026-12-25,115,82000.0,P,0.1135,0.1145,0.114,78344.05,77216.47,0.389,-0.53998,2e-05,174.19637,178.9,4.2
2026-09-01T19:17:09Z,2026-12-25,115,84000.0,C,0.058,0.059,0.0583,78340.98,77216.47,0.38880000000000003,0.41632,2e-05,171.20382,1339.0,200.0
2026-09-01T19:17:09Z,2026-12-25,115,84000.0,P,0.13,0.131,0.1304,78340.98,77216.47,0.38880000000000003,-0.58368,2e-05,171.20382,54.2,5.6
2026-09-01T19:17:09Z,2026-12-25,115,85000.0,C,0.0535,0.055,0.0542,78344.05,77216.47,0.389,0.39543,2e-05,169.02654,2189.4,252.0
2026-09-01T19:17:09Z,2026-12-25,115,85000.0,P,0.1375,0.1405,0.1391,78340.98,77216.47,0.389,-0.60464,2e-05,169.01185,512.3,11.3
2026-09-01T19:17:09Z,2026-12-25,115,86000.0,C,0.05,0.051,0.0504,78340.98,77216.47,0.3893,0.37495,2e-05,166.39722,319.5,0.1
2026-09-01T19:17:09Z,2026-12-25,115,86000.0,P,0.1465,0.1495,0.148,78340.98,77216.47,0.3893,-0.62505,2e-05,166.39722,47.4,0.0
2026-09-01T19:17:09Z,2026-12-25,115,88000.0,C,0.043,0.044,0.0435,78340.98,77216.47,0.3901,0.33622,2e-05,160.10116,3399.0,37.7
2026-09-01T19:17:09Z,2026-12-25,115,88000.0,P,0.1615,0.174,0.1666,78340.98,77216.47,0.3901,-0.66378,2e-05,160.10116,4.5,0.0
2026-09-01T19:17:09Z,2026-12-25,115,90000.0,C,0.037,0.038,0.0375,78340.98,77216.47,0.39159999999999995,0.30058,2e-05,152.71163,3954.7,175.2
2026-09-01T19:17:09Z,2026-12-25,115,90000.0,P,0.181,0.191,0.1862,78344.05,77216.47,0.39159999999999995,-0.69936,2e-05,152.73187,649.0,0.3
2026-09-01T19:17:09Z,2026-12-25,115,92000.0,C,0.032,0.033,0.0324,78340.98,77216.47,0.3934,0.26795,2e-05,144.54349,351.6,0.1
2026-09-01T19:17:09Z,2026-12-25,115,92000.0,P,0.2015,0.2145,0.2066,78340.98,77216.47,0.3934,-0.73205,2e-05,144.54349,6.6,0.0
2026-09-01T19:17:09Z,2026-12-25,115,94000.0,C,0.0275,0.0285,0.0281,78341.7,77216.47,0.39640000000000003,0.23897,2e-05,136.10167,403.5,1.6
2026-09-01T19:17:09Z,2026-12-25,115,94000.0,P,0.2225,0.233,0.2279,78341.7,77216.47,0.39640000000000003,-0.76103,2e-05,136.10167,5.3,0.0
2026-09-01T19:17:09Z,2026-12-25,115,95000.0,C,0.0255,0.0265,0.0262,78341.7,77216.47,0.39770000000000005,0.22544,2e-05,131.75873,1438.8,0.3
2026-09-01T19:17:09Z,2026-12-25,115,95000.0,P,0.233,0.2435,0.2388,78341.7,77216.47,0.39770000000000005,-0.77456,2e-05,131.75845,109.8,0.4
2026-09-01T19:17:09Z,2026-12-25,115,96000.0,C,0.024,0.025,0.0243,78341.7,77216.47,0.39880000000000004,0.21235,2e-05,127.30162,1467.6,13.1
2026-09-01T19:17:09Z,2026-12-25,115,96000.0,P,0.244,0.255,0.2497,78340.98,77216.47,0.39880000000000004,-0.78766,2e-05,127.29627,23.9,0.0
2026-09-01T19:17:09Z,2026-12-25,115,98000.0,C,0.0205,0.0215,0.0212,78340.98,77216.47,0.4021,0.18906,2e-05,118.72325,307.3,20.0
2026-09-01T19:17:09Z,2026-12-25,115,98000.0,P,0.2665,0.2775,0.272,78341.7,77216.47,0.4021,-0.81092,2e-05,118.72861,1.2,0.0
2026-09-01T19:17:09Z,2026-12-25,115,100000.0,C,0.018,0.019,0.0186,78340.98,77216.47,0.40659999999999996,0.16903,1e-05,110.64305,6009.4,18.3
2026-09-01T19:17:09Z,2026-12-25,115,100000.0,P,0.289,0.3005,0.295,78341.7,77216.47,0.40659999999999996,-0.83096,1e-05,110.64834,303.3,0.0
2026-09-01T19:17:09Z,2026-12-25,115,102000.0,C,0.0155,0.0165,0.0161,78341.7,77216.47,0.40909999999999996,0.14991,1e-05,102.27676,384.6,3.8
2026-09-01T19:17:09Z,2026-12-25,115,102000.0,P,0.312,0.324,0.3181,78341.7,77216.47,0.40909999999999996,-0.85009,1e-05,102.27676,7.8,0.0
2026-09-01T19:17:09Z,2026-12-25,115,104000.0,C,0.014,0.0145,0.0142,78341.7,77216.47,0.4131,0.13379,1e-05,94.69474,89.7,0.0
2026-09-01T19:17:09Z,2026-12-25,115,104000.0,P,0.3355,0.348,0.3416,78341.7,77216.47,0.4131,-0.86621,1e-05,94.69474,0.1,0.0
2026-09-01T19:17:09Z,2026-12-25,115,105000.0,C,0.013,0.0135,0.0133,78341.7,77216.47,0.4154,0.12668,1e-05,91.17978,904.3,0.4
2026-09-01T19:17:09Z,2026-12-25,115,105000.0,P,0.3475,0.3595,0.3536,78341.7,77216.47,0.4154,-0.87332,1e-05,91.17978,109.4,0.0
2026-09-01T19:17:09Z,2026-12-25,115,106000.0,C,0.012,0.013,0.0126,78340.98,77216.47,0.418,0.12013,1e-05,87.85046,745.7,6.4
2026-09-01T19:17:09Z,2026-12-25,115,106000.0,P,0.359,0.3715,0.3656,78340.98,77216.47,0.418,-0.87987,1e-05,87.85046,0.2,0.0
2026-09-01T19:17:09Z,2026-12-25,115,108000.0,C,0.0105,0.0115,0.0111,78341.7,77216.47,0.4217,0.10733,1e-05,81.07038,146.4,10.6
2026-09-01T19:17:09Z,2026-12-25,115,108000.0,P,0.383,0.396,0.3897,78341.7,77216.47,0.4217,-0.89267,1e-05,81.06986,0.1,0.0
2026-09-01T19:17:09Z,2026-12-25,115,110000.0,C,0.0095,0.0105,0.0099,78341.92,77216.47,0.4266,0.09668,1e-05,75.13489,2752.2,110.4
2026-09-01T19:17:09Z,2026-12-25,115,110000.0,P,0.407,0.4205,0.414,78341.7,77216.47,0.4266,-0.90332,1e-05,75.13353,55.7,0.0
2026-09-01T19:17:09Z,2026-12-25,115,115000.0,C,0.007,0.008,0.0075,78341.92,77216.47,0.439,0.07521,1e-05,62.2513,2332.9,50.5
2026-09-01T19:17:09Z,2026-12-25,115,115000.0,P,0.4685,0.4825,0.4755,78341.92,77216.47,0.439,-0.92479,1e-05,62.2513,5.0,0.0
2026-09-01T19:17:09Z,2026-12-25,115,120000.0,C,0.0055,0.0065,0.0058,78341.92,77216.47,0.4506,0.05899,1e-05,51.58584,5821.7,50.0
2026-09-01T19:17:09Z,2026-12-25,115,120000.0,P,0.53,0.5445,0.5376,78341.92,77216.47,0.4506,-0.94101,1e-05,51.58584,35.7,0.0
2026-09-01T19:17:09Z,2026-12-25,115,125000.0,C,0.0046,0.0055,0.0049,78341.92,77216.47,0.4673,0.04906,0.0,44.58078,579.3,15.7
2026-09-01T19:17:09Z,2026-12-25,115,125000.0,P,0.5925,0.608,0.6005,78341.92,77216.47,0.4673,-0.95094,0.0,44.58078,9.1,0.0
2026-09-01T19:17:09Z,2026-12-25,115,130000.0,C,0.0037,0.0042,0.004,78341.92,77216.47,0.48,0.04013,0.0,37.91262,1556.4,24.5
2026-09-01T19:17:09Z,2026-12-25,115,130000.0,P,0.655,0.6705,0.6634,78341.92,77216.47,0.48,-0.95987,0.0,37.91262,54.0,0.0
2026-09-01T19:17:09Z,2026-12-25,115,135000.0,C,0.0031,0.0035,0.0033,78341.92,77216.47,0.49310000000000004,0.03349,0.0,32.69885,1357.3,17.1
2026-09-01T19:17:09Z,2026-12-25,115,135000.0,P,0.7175,0.734,0.7265,78341.92,77216.47,0.49310000000000004,-0.96651,0.0,32.69885,0.7,0.0
2026-09-01T19:17:09Z,2026-12-25,115,140000.0,C,0.0026,0.0031,0.0028,78341.7,77216.47,0.5052,0.02805,0.0,28.23928,1424.0,12.3
2026-09-01T19:17:09Z,2026-12-25,115,140000.0,P,0.7805,0.7975,0.7898,78341.92,77216.47,0.5052,-0.97195,0.0,28.23989,0.4,0.0
2026-09-01T19:17:09Z,2026-12-25,115,150000.0,C,0.0018,0.0023,0.0021,78341.92,77216.47,0.5297999999999999,0.02065,0.0,21.83496,1687.6,162.1
2026-09-01T19:17:09Z,2026-12-25,115,150000.0,P,0.9065,0.925,0.9168,78341.7,77216.47,0.5297999999999999,-0.97935,0.0,21.83448,3.8,0.1
2026-09-01T19:17:09Z,2026-12-25,115,160000.0,C,0.0014,0.0018,0.0016,78341.92,77216.47,0.5533,0.01581,0.0,17.38563,1286.9,0.1
2026-09-01T19:17:09Z,2026-12-25,115,160000.0,P,1.033,1.0525,1.0439,78341.92,77216.47,0.5533,-0.98419,0.0,17.38563,0.1,0.0
2026-09-01T19:17:09Z,2026-12-25,115,170000.0,C,0.0012,0.0014,0.0013,78341.7,77216.47,0.578,0.01284,0.0,14.53741,2392.1,0.0
2026-09-01T19:17:09Z,2026-12-25,115,170000.0,P,1.1595,1.187,1.1713,78341.5,77216.47,0.578,-0.98716,0.0,14.53689,0.1,0.0
2026-09-01T19:17:09Z,2026-12-25,115,180000.0,C,0.0007,0.0012,0.0009,78341.5,77216.47,0.5896,0.00929,0.0,10.96669,934.5,0.1
2026-09-01T19:17:09Z,2026-12-25,115,180000.0,P,1.286,1.3155,1.2986,78341.92,77216.47,0.5896,-0.99071,0.0,10.96717,0.1,0.0
2026-09-01T19:17:09Z,2026-12-25,115,190000.0,C,0.0007,0.001,0.0008,78341.5,77216.47,0.6089,0.00761,0.0,9.21021,1026.7,0.1
2026-09-01T19:17:09Z,2026-12-25,115,190000.0,P,1.4125,1.4435,1.426,78341.5,77216.47,0.6089,-0.99239,0.0,9.21021,0.0,0.0
2026-09-01T19:17:09Z,2026-12-25,115,200000.0,C,0.0005,0.0008,0.0006,78341.92,77216.47,0.6245,0.00614,0.0,7.61233,969.3,0.3
2026-09-01T19:17:09Z,2026-12-25,115,200000.0,P,1.539,1.572,1.5535,78341.92,77216.47,0.6245,-0.99386,0.0,7.61233,0.0,0.0
2026-09-01T19:17:09Z,2026-12-25,115,210000.0,C,0.0003,0.0007,0.0004,78341.5,77216.47,0.6259,0.00418,0.0,5.41035,162.2,0.0
2026-09-01T19:17:09Z,2026-12-25,115,210000.0,P,1.6655,1.701,1.681,78341.92,77216.47,0.6259,-0.99582,0.0,5.4106,0.0,0.0
2026-09-01T19:17:09Z,2026-12-25,115,220000.0,C,0.0002,0.0006,0.0003,78341.92,77216.47,0.6404000000000001,0.00348,0.0,4.58621,254.0,0.2
2026-09-01T19:17:09Z,2026-12-25,115,220000.0,P,1.7925,1.8295,1.8086,78341.5,77216.47,0.6404000000000001,-0.99652,0.0,4.586,0.0,0.0
2026-09-01T19:17:09Z,2026-12-25,115,230000.0,C,0.0002,0.0006,0.0003,78341.5,77216.47,0.6623,0.00329,0.0,4.363,190.5,0.0
2026-09-01T19:17:09Z,2026-12-25,115,230000.0,P,1.919,1.958,1.9362,78341.5,77216.47,0.6623,-0.99671,0.0,4.363,0.0,0.0
2026-09-01T19:17:09Z,2026-12-25,115,240000.0,C,0.0002,0.0005,0.0003,78341.5,77216.47,0.6786,0.00293,0.0,3.93235,785.2,0.0
2026-09-01T19:17:09Z,2026-12-25,115,240000.0,P,2.0455,2.086,2.0638,78341.5,77216.47,0.6786,-0.99707,0.0,3.93235,0.0,0.0
2026-09-01T19:17:09Z,2026-12-25,115,250000.0,C,0.0001,0.0004,0.0002,78341.5,77216.47,0.684,0.00228,0.0,3.12844,1280.3,0.0
2026-09-01T19:17:09Z,2026-12-25,115,250000.0,P,2.172,2.2145,2.1914,78341.5,77216.47,0.684,-0.99772,0.0,3.12844,10.0,0.0
2026-09-01T19:17:09Z,2027-03-26,206,35000.0,C,0.56,0.5645,0.5618,79196.93,77216.47,0.5911,0.98043,0.0,28.25278,14.7,1.1
2026-09-01T19:17:09Z,2027-03-26,206,35000.0,P,0.0035,0.0042,0.0037,79196.49,77216.47,0.5911,-0.01957,0.0,28.25335,620.6,3.2
2026-09-01T19:17:09Z,2027-03-26,206,40000.0,C,0.4985,0.504,0.5006,79196.49,77216.47,0.5456,0.96947,0.0,41.02713,81.3,0.0
2026-09-01T19:17:09Z,2027-03-26,206,40000.0,P,0.0055,0.006,0.0057,79196.49,77216.47,0.5456,-0.03053,0.0,41.02713,1837.1,152.6
2026-09-01T19:17:09Z,2027-03-26,206,45000.0,C,0.438,0.444,0.4409,79196.49,77216.47,0.5144,0.95129,0.0,60.03045,3.3,0.0
2026-09-01T19:17:09Z,2027-03-26,206,45000.0,P,0.0085,0.01,0.0091,79196.49,77216.47,0.5144,-0.04871,0.0,60.03045,263.3,0.3
2026-09-01T19:17:09Z,2027-03-26,206,50000.0,C,0.379,0.386,0.3828,79196.49,77216.47,0.4858,0.92561,0.0,83.60397,21.6,1.0
2026-09-01T19:17:09Z,2027-03-26,206,50000.0,P,0.0135,0.0145,0.0141,79196.49,77216.47,0.4858,-0.07439,0.0,83.60397,2458.2,0.4
2026-09-01T19:17:09Z,2027-03-26,206,52000.0,C,0.3555,0.3635,0.3598,79196.13,77216.47,0.47259999999999996,0.91365,1e-05,93.57257,5.3,0.0
2026-09-01T19:17:09Z,2027-03-26,206,52000.0,P,0.0155,0.0175,0.0164,79196.13,77216.47,0.47259999999999996,-0.08635,1e-05,93.57257,123.8,0.0
2026-09-01T19:17:09Z,2027-03-26,206,54000.0,C,0.334,0.341,0.3376,79196.61,77216.47,0.4629,0.89903,1e-05,105.03217,0.1,0.0
2026-09-01T19:17:09Z,2027-03-26,206,54000.0,P,0.0185,0.0205,0.0194,79196.13,77216.47,0.4629,-0.10097,1e-05,105.03388,84.0,0.0
2026-09-01T19:17:09Z,2027-03-26,206,55000.0,C,0.3215,0.3315,0.3266,79196.13,77216.47,0.45799999999999996,0.89114,1e-05,110.9132,28.6,0.0
2026-09-01T19:17:09Z,2027-03-26,206,55000.0,P,0.02,0.022,0.021,79196.13,77216.47,0.45799999999999996,-0.10886,1e-05,110.9132,1254.5,0.1
2026-09-01T19:17:09Z,2027-03-26,206,56000.0,C,0.3105,0.3205,0.3158,79196.13,77216.47,0.4542,0.88244,1e-05,117.16686,16.9,0.0
2026-09-01T19:17:09Z,2027-03-26,206,56000.0,P,0.022,0.024,0.0229,79196.13,77216.47,0.4542,-0.11756,1e-05,117.16686,120.7,0.0
2026-09-01T19:17:09Z,2027-03-26,206,58000.0,C,0.2895,0.2995,0.2946,79196.13,77216.47,0.4462,0.86384,1e-05,129.78878,4.3,0.0
2026-09-01T19:17:09Z,2027-03-26,206,58000.0,P,0.026,0.028,0.027,79196.13,77216.47,0.4462,-0.13616,1e-05,129.78878,134.9,0.0
2026-09-01T19:17:09Z,2027-03-26,206,60000.0,C,0.269,0.279,0.2741,79196.13,77216.47,0.4393,0.84301,1e-05,142.80346,649.0,0.0
2026-09-01T19:17:09Z,2027-03-26,206,60000.0,P,0.031,0.033,0.0317,79196.13,77216.47,0.4393,-0.15699,1e-05,142.80346,802.2,0.0
2026-09-01T19:17:09Z,2027-03-26,206,62000.0,C,0.249,0.2595,0.2543,79196.13,77216.47,0.433,0.82012,1e-05,155.87483,60.7,0.0
2026-09-01T19:17:09Z,2027-03-26,206,62000.0,P,0.036,0.0385,0.0372,79196.13,77216.47,0.433,-0.17988,1e-05,155.87483,260.1,0.0
2026-09-01T19:17:09Z,2027-03-26,206,64000.0,C,0.234,0.2365,0.2354,79196.13,77216.47,0.428,0.79502,1e-05,168.84185,140.8,0.0
2026-09-01T19:17:09Z,2027-03-26,206,64000.0,P,0.0425,0.0445,0.0436,79196.13,77216.47,0.428,-0.20498,1e-05,168.84185,126.0,0.3
2026-09-01T19:17:09Z,2027-03-26,206,65000.0,C,0.225,0.2275,0.2261,79196.13,77216.47,0.4249,0.782,1e-05,175.04036,366.9,0.0
2026-09-01T19:17:09Z,2027-03-26,206,65000.0,P,0.046,0.048,0.0469,79196.13,77216.47,0.4249,-0.218,1e-05,175.04036,874.3,20.4
2026-09-01T19:17:09Z,2027-03-26,206,66000.0,C,0.216,0.2185,0.2172,79196.13,77216.47,0.4228,0.76826,1e-05,181.21575,23.8,0.0
2026-09-01T19:17:09Z,2027-03-26,206,66000.0,P,0.0495,0.0515,0.0506,79194.87,77216.47,0.4228,-0.23176,1e-05,181.21944,114.4,0.0
2026-09-01T19:17:09Z,2027-03-26,206,68000.0,C,0.1985,0.201,0.1998,79194.87,77216.47,0.4182,0.73974,1e-05,192.85964,196.5,0.0
2026-09-01T19:17:09Z,2027-03-26,206,68000.0,P,0.0575,0.0595,0.0584,79194.87,77216.47,0.4182,-0.26026,1e-05,192.85964,293.7,0.0
2026-09-01T19:17:09Z,2027-03-26,206,70000.0,C,0.182,0.185,0.1837,79194.87,77216.47,0.4155,0.70944,1e-05,203.60788,797.8,0.0
2026-09-01T19:17:09Z,2027-03-26,206,70000.0,P,0.0665,0.0685,0.0676,79196.13,77216.47,0.4155,-0.29055,1e-05,203.60539,770.9,31.5
2026-09-01T19:17:09Z,2027-03-26,206,72000.0,C,0.167,0.1695,0.1683,79194.87,77216.47,0.41229999999999994,0.67815,1e-05,213.02977,95.2,0.0
2026-09-01T19:17:09Z,2027-03-26,206,72000.0,P,0.0765,0.078,0.0774,79194.87,77216.47,0.41229999999999994,-0.32185,1e-05,213.02977,156.3,1.1
2026-09-01T19:17:09Z,2027-03-26,206,74000.0,C,0.1525,0.155,0.1536,79194.87,77216.47,0.409,0.64599,2e-05,221.02467,76.9,0.1
2026-09-01T19:17:09Z,2027-03-26,206,74000.0,P,0.0865,0.089,0.088,79194.87,77216.47,0.409,-0.35401,2e-05,221.02467,155.3,0.0
2026-09-01T19:17:09Z,2027-03-26,206,76000.0,C,0.139,0.1415,0.1399,79194.87,77216.47,0.4061,0.61313,2e-05,227.48327,530.4,0.0
2026-09-01T19:17:09Z,2027-03-26,206,76000.0,P,0.0985,0.1005,0.0995,79194.87,77216.47,0.4061,-0.38687,2e-05,227.48327,168.7,18.0
2026-09-01T19:17:09Z,2027-03-26,206,78000.0,C,0.1265,0.129,0.1276,79194.87,77216.47,0.405,0.58004,2e-05,232.29414,570.3,0.0
2026-09-01T19:17:09Z,2027-03-26,206,78000.0,P,0.111,0.1135,0.1125,79194.87,77216.47,0.405,-0.41996,2e-05,232.29414,243.7,17.5
2026-09-01T19:17:09Z,2027-03-26,206,80000.0,C,0.115,0.1175,0.1163,79194.87,77216.47,0.4046,0.54716,2e-05,235.42286,1061.6,81.0
2026-09-01T19:17:09Z,2027-03-26,206,80000.0,P,0.1245,0.1275,0.1264,79194.87,77216.47,0.4046,-0.45284,2e-05,235.42286,214.5,0.0
2026-09-01T19:17:09Z,2027-03-26,206,82000.0,C,0.1045,0.1065,0.1055,79194.87,77216.47,0.4032,0.51445,2e-05,236.92588,1102.8,13.2
2026-09-01T19:17:09Z,2027-03-26,206,82000.0,P,0.1395,0.1425,0.1409,79194.87,77216.47,0.4032,-0.48555,2e-05,236.92588,6.2,0.0
2026-09-01T19:17:09Z,2027-03-26,206,84000.0,C,0.095,0.097,0.096,79194.96,77216.47,0.40369999999999995,0.48287,2e-05,236.86308,263.2,0.0
2026-09-01T19:17:09Z,2027-03-26,206,84000.0,P,0.1545,0.158,0.1567,79194.87,77216.47,0.40369999999999995,-0.51713,2e-05,236.86277,55.2,0.0
2026-09-01T19:17:09Z,2027-03-26,206,85000.0,C,0.0905,0.0925,0.0915,79194.96,77216.47,0.40380000000000005,0.46734,2e-05,236.28662,344.1,0.0
2026-09-01T19:17:09Z,2027-03-26,206,85000.0,P,0.163,0.166,0.1648,79194.96,77216.47,0.40380000000000005,-0.53266,2e-05,236.28662,2.2,0.0
2026-09-01T19:17:09Z,2027-03-26,206,86000.0,C,0.086,0.0885,0.0874,79194.96,77216.47,0.4043,0.45224,2e-05,235.38067,141.6,12.0
2026-09-01T19:17:09Z,2027-03-26,206,86000.0,P,0.171,0.1745,0.1733,79194.96,77216.47,0.4043,-0.54776,2e-05,235.38067,1.7,0.0
2026-09-01T19:17:09Z,2027-03-26,206,88000.0,C,0.078,0.08,0.0793,79194.87,77216.47,0.4045,0.42247,2e-05,232.58971,77.0,0.0
2026-09-01T19:17:09Z,2027-03-26,206,88000.0,P,0.1885,0.192,0.1904,79194.87,77216.47,0.4045,-0.57753,2e-05,232.58971,4.7,0.0
2026-09-01T19:17:09Z,2027-03-26,206,90000.0,C,0.071,0.073,0.0719,79194.96,77216.47,0.40490000000000004,0.39398,2e-05,228.65977,560.5,1.6
2026-09-01T19:17:09Z,2027-03-26,206,90000.0,P,0.205,0.211,0.2084,79194.87,77216.47,0.40490000000000004,-0.60602,2e-05,228.65928,14.1,0.0
2026-09-01T19:17:09Z,2027-03-26,206,92000.0,C,0.064,0.0665,0.0653,79194.96,77216.47,0.4057,0.36687,2e-05,223.75561,270.0,0.0
2026-09-01T19:17:09Z,2027-03-26,206,92000.0,P,0.2195,0.2345,0.227,79194.96,77216.47,0.4057,-0.63313,2e-05,223.75561,0.6,0.0
2026-09-01T19:17:09Z,2027-03-26,206,94000.0,C,0.058,0.0605,0.0593,79194.96,77216.47,0.4068,0.34135,2e-05,218.07743,166.2,0.0
2026-09-01T19:17:09Z,2027-03-26,206,94000.0,P,0.2385,0.254,0.2463,79194.96,77216.47,0.4068,-0.65865,2e-05,218.07743,9.1,0.0
2026-09-01T19:17:09Z,2027-03-26,206,95000.0,C,0.0555,0.0575,0.0566,79194.87,77216.47,0.4075,0.32915,1e-05,214.99277,545.1,53.0
2026-09-01T19:17:09Z,2027-03-26,206,95000.0,P,0.248,0.264,0.2561,79194.87,77216.47,0.4075,-0.67085,1e-05,214.99277,0.4,0.0
2026-09-01T19:17:09Z,2027-03-26,206,96000.0,C,0.053,0.055,0.0539,79194.96,77216.47,0.4081,0.31728,1e-05,211.75715,139.9,0.0
2026-09-01T19:17:09Z,2027-03-26,206,96000.0,P,0.258,0.2745,0.2661,79194.96,77216.47,0.4081,-0.68272,1e-05,211.75715,1.6,0.0
2026-09-01T19:17:09Z,2027-03-26,206,98000.0,C,0.048,0.0505,0.0491,79194.96,77216.47,0.4097,0.29484,1e-05,204.99394,114.0,10.0
2026-09-01T19:17:09Z,2027-03-26,206,98000.0,P,0.2785,0.2945,0.2866,79195.25,77216.47,0.4097,-0.70516,1e-05,204.99623,0.2,0.0
2026-09-01T19:17:09Z,2027-03-26,206,100000.0,C,0.0435,0.0455,0.0449,79195.25,77216.47,0.4118,0.27414,1e-05,197.98783,668.9,0.0
2026-09-01T19:17:09Z,2027-03-26,206,100000.0,P,0.299,0.3155,0.3075,79195.2,77216.47,0.4118,-0.72586,1e-05,197.98747,12.3,0.0
2026-09-01T19:17:09Z,2027-03-26,206,102000.0,C,0.04,0.0415,0.0408,79195.25,77216.47,0.4131,0.25423,1e-05,190.52598,127.5,0.0
2026-09-01T19:17:09Z,2027-03-26,206,102000.0,P,0.32,0.3375,0.3287,79195.25,77216.47,0.4131,-0.74577,1e-05,190.52598,0.1,0.0
2026-09-01T19:17:09Z,2027-03-26,206,104000.0,C,0.0365,0.038,0.0373,79195.25,77216.47,0.4154,0.23631,1e-05,183.18479,115.2,0.0
2026-09-01T19:17:09Z,2027-03-26,206,104000.0,P,0.3415,0.359,0.3505,79195.25,77216.47,0.4154,-0.76369,1e-05,183.18479,0.1,0.0
2026-09-01T19:17:09Z,2027-03-26,206,105000.0,C,0.0345,0.0365,0.0357,79195.25,77216.47,0.4163,0.22763,1e-05,179.40466,162.4,0.0
2026-09-01T19:17:09Z,2027-03-26,206,105000.0,P,0.3525,0.3705,0.3615,79195.25,77216.47,0.4163,-0.77237,1e-05,179.40466,0.5,0.0
2026-09-01T19:17:09Z,2027-03-26,206,106000.0,C,0.033,0.0355,0.0342,79195.25,77216.47,0.4175,0.2195,1e-05,175.73262,79.2,0.0
2026-09-01T19:17:09Z,2027-03-26,206,106000.0,P,0.3635,0.3815,0.3726,79195.25,77216.47,0.4175,-0.7805,1e-05,175.73262,0.1,0.0
2026-09-01T19:17:09Z,2027-03-26,206,108000.0,C,0.0305,0.032,0.0313,79195.2,77216.47,0.41969999999999996,0.20398,1e-05,168.3478,68.4,0.0
2026-09-01T19:17:09Z,2027-03-26,206,108000.0,P,0.3855,0.404,0.395,79195.25,77216.47,0.41969999999999996,-0.79602,1e-05,168.34819,0.1,0.0
2026-09-01T19:17:09Z,2027-03-26,206,110000.0,C,0.028,0.0295,0.0287,79195.25,77216.47,0.42200000000000004,0.18963,1e-05,161.07554,1134.0,6.0
2026-09-01T19:17:09Z,2027-03-26,206,110000.0,P,0.408,0.4275,0.4177,79195.25,77216.47,0.42200000000000004,-0.81037,1e-05,161.07554,4.1,0.0
2026-09-01T19:17:09Z,2027-03-26,206,112000.0,C,0.0255,0.0275,0.0265,79195.25,77216.47,0.4251,0.17698,1e-05,154.28773,67.3,0.0
2026-09-01T19:17:09Z,2027-03-26,206,112000.0,P,0.4305,0.45,0.4407,79195.25,77216.47,0.4251,-0.82302,1e-05,154.28773,0.1,0.0
2026-09-01T19:17:09Z,2027-03-26,206,115000.0,C,0.0225,0.0245,0.0234,79195.25,77216.47,0.42869999999999997,0.159,1e-05,144.00378,807.9,0.0
2026-09-01T19:17:09Z,2027-03-26,206,115000.0,P,0.465,0.4855,0.4755,79195.25,77216.47,0.42869999999999997,-0.841,1e-05,144.00378,2.2,0.0
2026-09-01T19:17:09Z,2027-03-26,206,120000.0,C,0.0185,0.02,0.0193,79195.25,77216.47,0.4359,0.13413,1e-05,128.45653,795.5,1.3
2026-09-01T19:17:09Z,2027-03-26,206,120000.0,P,0.5235,0.5445,0.5346,79195.49,77216.47,0.4359,-0.86587,1e-05,128.45776,1.8,0.0
2026-09-01T19:17:09Z,2027-03-26,206,125000.0,C,0.0155,0.017,0.016,79195.36,77216.47,0.4425,0.11342,1e-05,114.22328,302.7,0.0
2026-09-01T19:17:09Z,2027-03-26,206,125000.0,P,0.583,0.605,0.5944,79195.36,77216.47,0.4425,-0.88658,1e-05,114.22328,0.1,0.0
2026-09-01T19:17:09Z,2027-03-26,206,130000.0,C,0.013,0.0145,0.0135,79195.36,77216.47,0.4498,0.09689,1e-05,101.91367,1134.6,18.9
2026-09-01T19:17:09Z,2027-03-26,206,130000.0,P,0.643,0.666,0.655,79195.36,77216.47,0.4498,-0.90311,1e-05,101.91367,0.4,0.0
2026-09-01T19:17:09Z,2027-03-26,206,140000.0,C,0.0095,0.0105,0.01,79195.36,77216.47,0.4664,0.07314,1e-05,82.52091,909.3,0.0
2026-09-01T19:17:09Z,2027-03-26,206,140000.0,P,0.7645,0.79,0.7778,79195.36,77216.47,0.4664,-0.92686,1e-05,82.52091,0.8,0.0
2026-09-01T19:17:09Z,2027-03-26,206,150000.0,C,0.0075,0.0085,0.008,79195.36,77216.47,0.4865,0.05856,0.0,69.45789,1897.7,0.0
2026-09-01T19:17:09Z,2027-03-26,206,150000.0,P,0.8875,0.915,0.9021,79195.49,77216.47,0.4865,-0.94144,0.0,69.4585,0.6,0.0
2026-09-01T19:17:09Z,2027-03-26,206,160000.0,C,0.0055,0.007,0.0063,79195.36,77216.47,0.5007,0.04611,0.0,57.44204,1032.4,150.2
2026-09-01T19:17:09Z,2027-03-26,206,160000.0,P,1.011,1.0405,1.0266,79195.49,77216.47,0.5007,-0.95389,0.0,57.44255,0.1,0.0
2026-09-01T19:17:09Z,2027-03-26,206,170000.0,C,0.0048,0.0055,0.0052,79195.36,77216.47,0.5172,0.038,0.0,49.11881,401.7,8.2
2026-09-01T19:17:09Z,2027-03-26,206,170000.0,P,1.135,1.167,1.1518,79195.36,77216.47,0.5172,-0.962,0.0,49.11881,0.2,0.0
2026-09-01T19:17:09Z,2027-03-26,206,180000.0,C,0.0036,0.0046,0.0041,79195.36,77216.47,0.5284,0.03059,0.0,41.08897,503.1,0.0
2026-09-01T19:17:09Z,2027-03-26,206,180000.0,P,1.2595,1.2935,1.277,79195.36,77216.47,0.5284,-0.96941,0.0,41.08897,0.1,0.0
2026-09-01T19:17:09Z,2027-03-26,206,190000.0,C,0.0033,0.0039,0.0037,79195.36,77216.47,0.5462,0.02679,0.0,36.80429,626.4,25.1
2026-09-01T19:17:09Z,2027-03-26,206,190000.0,P,1.384,1.42,1.4028,79195.36,77216.47,0.5462,-0.97321,0.0,36.80429,0.9,0.0
2026-09-01T19:17:09Z,2027-03-26,206,200000.0,C,0.0025,0.0034,0.0029,79195.36,77216.47,0.5528,0.02138,0.0,30.45237,485.6,0.2
2026-09-01T19:17:09Z,2027-03-26,206,200000.0,P,1.5085,1.546,1.5283,79195.36,77216.47,0.5528,-0.97862,0.0,30.45237,1.0,0.0
2026-09-01T19:17:09Z,2027-06-25,297,30000.0,C,0.628,0.6325,0.6301,80132.62,77216.47,0.602,0.98133,0.0,32.98526,46.3,0.1
2026-09-01T19:17:09Z,2027-06-25,297,30000.0,P,0.0041,0.0049,0.0045,80132.62,77216.47,0.602,-0.01867,0.0,32.98526,331.2,0.1
2026-09-01T19:17:09Z,2027-06-25,297,40000.0,C,0.508,0.5145,0.5113,80132.65,77216.47,0.5268999999999999,0.95548,0.0,67.87209,17.1,0.0
2026-09-01T19:17:09Z,2027-06-25,297,40000.0,P,0.0095,0.0115,0.0105,80132.62,77216.47,0.5268999999999999,-0.04452,0.0,67.87216,1210.1,3.6
2026-09-01T19:17:09Z,2027-06-25,297,45000.0,C,0.453,0.456,0.4541,80132.62,77216.47,0.4991,0.93418,0.0,92.47019,0.5,0.0
2026-09-01T19:17:09Z,2027-06-25,297,45000.0,P,0.015,0.0165,0.0156,80132.62,77216.47,0.4991,-0.06582,0.0,92.47019,119.1,2.4
2026-09-01T19:17:09Z,2027-06-25,297,50000.0,C,0.3975,0.401,0.3989,80132.62,77216.47,0.4758,0.9056,0.0,121.50456,17.5,0.0
2026-09-01T19:17:09Z,2027-06-25,297,50000.0,P,0.022,0.024,0.0229,80132.62,77216.47,0.4758,-0.0944,0.0,121.50456,402.1,0.6
2026-09-01T19:17:09Z,2027-06-25,297,52000.0,C,0.376,0.3795,0.3777,80132.65,77216.47,0.46840000000000004,0.89166,1e-05,134.33676,1.1,0.0
2026-09-01T19:17:09Z,2027-06-25,297,52000.0,P,0.026,0.0275,0.0267,80132.65,77216.47,0.46840000000000004,-0.10834,1e-05,134.33676,31.3,0.0
2026-09-01T19:17:09Z,2027-06-25,297,54000.0,C,0.3555,0.359,0.3571,80133.0,77216.47,0.4617,0.87628,1e-05,147.61216,0.9,0.0
2026-09-01T19:17:09Z,2027-06-25,297,54000.0,P,0.03,0.032,0.0309,80133.91,77216.47,0.4617,-0.12371,1e-05,147.60918,21.2,0.0
2026-09-01T19:17:09Z,2027-06-25,297,55000.0,C,0.345,0.3485,0.347,80133.0,77216.47,0.45909999999999995,0.86789,1e-05,154.50341,2.9,0.0
2026-09-01T19:17:09Z,2027-06-25,297,55000.0,P,0.032,0.0345,0.0334,80133.0,77216.47,0.45909999999999995,-0.13211,1e-05,154.50341,35.6,0.1
2026-09-01T19:17:09Z,2027-06-25,297,56000.0,C,0.335,0.3385,0.337,80133.0,77216.47,0.4559,0.85936,1e-05,161.25936,3.0,0.0
2026-09-01T19:17:09Z,2027-06-25,297,56000.0,P,0.0345,0.037,0.0358,80133.91,77216.47,0.4559,-0.14063,1e-05,161.25639,84.6,0.0
2026-09-01T19:17:09Z,2027-06-25,297,58000.0,C,0.3155,0.319,0.3174,80133.0,77216.47,0.45,0.84127,1e-05,174.81856,13.8,0.0
2026-09-01T19:17:09Z,2027-06-25,297,58000.0,P,0.04,0.042,0.0412,80133.0,77216.47,0.45,-0.15873,1e-05,174.81856,91.9,0.0
2026-09-01T19:17:09Z,2027-06-25,297,60000.0,C,0.2965,0.3,0.2984,80133.0,77216.47,0.4446,0.82185,1e-05,188.29265,947.6,4.0
2026-09-01T19:17:09Z,2027-06-25,297,60000.0,P,0.046,0.0485,0.0472,80133.91,77216.47,0.4446,-0.17814,1e-05,188.28986,195.1,0.1
2026-09-01T19:17:09Z,2027-06-25,297,62000.0,C,0.278,0.282,0.2802,80133.0,77216.47,0.4401,0.80097,1e-05,201.61848,117.0,0.1
2026-09-01T19:17:09Z,2027-06-25,297,62000.0,P,0.0525,0.055,0.0539,80133.91,77216.47,0.4401,-0.19902,1e-05,201.61589,79.9,0.0
2026-09-01T19:17:09Z,2027-06-25,297,64000.0,C,0.261,0.264,0.2627,80133.91,77216.47,0.4361,0.77891,1e-05,214.46901,35.7,0.0
2026-09-01T19:17:09Z,2027-06-25,297,64000.0,P,0.06,0.0625,0.0614,80133.91,77216.47,0.4361,-0.22109,1e-05,214.46901,63.4,0.0
2026-09-01T19:17:09Z,2027-06-25,297,65000.0,C,0.2525,0.2555,0.2543,80133.0,77216.47,0.43439999999999995,0.7674,1e-05,220.69279,1.3,0.1
2026-09-01T19:17:09Z,2027-06-25,297,65000.0,P,0.064,0.0665,0.0654,80133.0,77216.47,0.43439999999999995,-0.2326,1e-05,220.69279,24.5,0.0
2026-09-01T19:17:09Z,2027-06-25,297,66000.0,C,0.244,0.2475,0.2459,80133.56,77216.47,0.4325,0.75574,1e-05,226.68552,25.7,0.0
2026-09-01T19:17:09Z,2027-06-25,297,66000.0,P,0.068,0.071,0.0695,80133.56,77216.47,0.4325,-0.24426,1e-05,226.68552,35.9,0.0
2026-09-01T19:17:09Z,2027-06-25,297,68000.0,C,0.228,0.2315,0.2299,80133.56,77216.47,0.42950000000000005,0.73161,1e-05,238.1028,10.8,0.2
2026-09-01T19:17:09Z,2027-06-25,297,68000.0,P,0.077,0.08,0.0785,80133.56,77216.47,0.42950000000000005,-0.26839,1e-05,238.1028,13.2,0.1
2026-09-01T19:17:09Z,2027-06-25,297,70000.0,C,0.213,0.216,0.2147,80133.91,77216.47,0.4266,0.70674,1e-05,248.53147,195.3,0.3
2026-09-01T19:17:09Z,2027-06-25,297,70000.0,P,0.0865,0.0895,0.0882,80133.56,77216.47,0.4266,-0.29327,1e-05,248.53192,20.0,0.1
2026-09-01T19:17:09Z,2027-06-25,297,72000.0,C,0.1995,0.2015,0.2004,80133.91,77216.47,0.425,0.68116,1e-05,257.9012,89.7,0.0
2026-09-01T19:17:09Z,2027-06-25,297,72000.0,P,0.097,0.1,0.099,80133.56,77216.47,0.425,-0.31885,1e-05,257.90146,45.4,0.0
2026-09-01T19:17:09Z,2027-06-25,297,74000.0,C,0.1845,0.188,0.1864,80133.56,77216.47,0.42200000000000004,0.65525,1e-05,266.04136,20.5,0.0
2026-09-01T19:17:09Z,2027-06-25,297,74000.0,P,0.1085,0.1115,0.1099,80133.56,77216.47,0.42200000000000004,-0.34475,1e-05,266.04136,11.4,0.0
2026-09-01T19:17:09Z,2027-06-25,297,76000.0,C,0.1715,0.175,0.1735,80133.91,77216.47,0.4202,0.629,1e-05,272.9475,22.3,0.0
2026-09-01T19:17:09Z,2027-06-25,297,76000.0,P,0.1205,0.1235,0.1219,80133.91,77216.47,0.4202,-0.371,1e-05,272.9475,74.2,1.9
2026-09-01T19:17:09Z,2027-06-25,297,78000.0,C,0.16,0.163,0.1613,80133.56,77216.47,0.41859999999999997,0.60264,1e-05,278.55574,32.3,0.1
2026-09-01T19:17:09Z,2027-06-25,297,78000.0,P,0.133,0.136,0.1347,80133.91,77216.47,0.41859999999999997,-0.39736,1e-05,278.55612,104.6,6.1
2026-09-01T19:17:09Z,2027-06-25,297,80000.0,C,0.1485,0.1515,0.1501,80133.56,77216.47,0.4179,0.57643,1e-05,282.84112,104.9,0.0
2026-09-01T19:17:09Z,2027-06-25,297,80000.0,P,0.1465,0.15,0.1484,80133.56,77216.47,0.4179,-0.42357,1e-05,282.84112,58.7,0.0
2026-09-01T19:17:09Z,2027-06-25,297,82000.0,C,0.138,0.141,0.1394,80133.56,77216.47,0.4169,0.55038,1e-05,285.84501,80.9,0.0
2026-09-01T19:17:09Z,2027-06-25,297,82000.0,P,0.161,0.164,0.1627,80133.91,77216.47,0.4169,-0.44962,1e-05,285.84583,24.1,0.0
2026-09-01T19:17:09Z,2027-06-25,297,84000.0,C,0.128,0.131,0.1295,80133.56,77216.47,0.4164,0.52477,1e-05,287.58965,18.9,0.0
2026-09-01T19:17:09Z,2027-06-25,297,84000.0,P,0.176,0.179,0.1778,80133.91,77216.47,0.4164,-0.47522,1e-05,287.5907,8.7,0.0
2026-09-01T19:17:09Z,2027-06-25,297,85000.0,C,0.1235,0.1265,0.1249,80135.04,77216.47,0.4165,0.51226,1e-05,288.01471,152.7,0.0
2026-09-01T19:17:09Z,2027-06-25,297,85000.0,P,0.1835,0.1875,0.1857,80135.04,77216.47,0.4165,-0.48774,1e-05,288.01471,6.9,0.0
2026-09-01T19:17:09Z,2027-06-25,297,86000.0,C,0.119,0.122,0.1204,80133.56,77216.47,0.4165,0.49978,1e-05,288.14542,26.6,0.1
2026-09-01T19:17:09Z,2027-06-25,297,86000.0,P,0.1915,0.1955,0.1936,80135.04,77216.47,0.4165,-0.5002,1e-05,288.15075,0.4,0.1
2026-09-01T19:17:09Z,2027-06-25,297,88000.0,C,0.1105,0.1135,0.1119,80133.56,77216.47,0.41659999999999997,0.47541,1e-05,287.59801,21.3,0.0
2026-09-01T19:17:09Z,2027-06-25,297,88000.0,P,0.208,0.212,0.2101,80133.56,77216.47,0.41659999999999997,-0.52459,1e-05,287.59801,4.7,0.0
2026-09-01T19:17:09Z,2027-06-25,297,90000.0,C,0.1025,0.1055,0.1039,80135.04,77216.47,0.41659999999999997,0.45169,1e-05,286.03513,580.1,0.6
2026-09-01T19:17:09Z,2027-06-25,297,90000.0,P,0.225,0.2295,0.2271,80135.04,77216.47,0.41659999999999997,-0.54831,1e-05,286.03513,0.5,0.0
2026-09-01T19:17:09Z,2027-06-25,297,92000.0,C,0.095,0.098,0.0965,80133.56,77216.47,0.4168,0.42869,1e-05,283.52948,15.7,0.0
2026-09-01T19:17:09Z,2027-06-25,297,92000.0,P,0.242,0.2475,0.2446,80135.04,77216.47,0.4168,-0.57129,1e-05,283.53723,0.2,0.0
2026-09-01T19:17:09Z,2027-06-25,297,94000.0,C,0.0885,0.0915,0.0899,80135.04,77216.47,0.4177,0.40686,1e-05,280.26072,17.5,13.1
2026-09-01T19:17:09Z,2027-06-25,297,94000.0,P,0.2605,0.2655,0.2629,80135.04,77216.47,0.4177,-0.59314,1e-05,280.26072,0.1,0.0
2026-09-01T19:17:09Z,2027-06-25,297,95000.0,C,0.085,0.088,0.0866,80133.56,77216.47,0.4177,0.396,1e-05,278.29757,44.5,2.0
2026-09-01T19:17:09Z,2027-06-25,297,95000.0,P,0.2695,0.275,0.2721,80133.56,77216.47,0.4177,-0.604,1e-05,278.29757,20.2,0.0
2026-09-01T19:17:09Z,2027-06-25,297,96000.0,C,0.082,0.085,0.0835,80135.04,77216.47,0.4181,0.38559,1e-05,276.21882,16.8,0.0
2026-09-01T19:17:09Z,2027-06-25,297,96000.0,P,0.279,0.2845,0.2815,80133.56,77216.47,0.4181,-0.61443,1e-05,276.20978,0.0,0.0
2026-09-01T19:17:09Z,2027-06-25,297,98000.0,C,0.0765,0.079,0.0778,80133.56,77216.47,0.4191,0.36546,1e-05,271.60056,31.6,2.0
2026-09-01T19:17:09Z,2027-06-25,297,98000.0,P,0.291,0.313,0.3007,80135.04,77216.47,0.4191,-0.63452,1e-05,271.61014,0.0,0.0
2026-09-01T19:17:09Z,2027-06-25,297,100000.0,C,0.0715,0.0735,0.0726,80133.56,77216.47,0.4207,0.34659,1e-05,266.56825,183.3,0.2
2026-09-01T19:17:09Z,2027-06-25,297,100000.0,P,0.31,0.3325,0.3205,80133.56,77216.47,0.4207,-0.65341,1e-05,266.56825,1.4,0.1
2026-09-01T19:17:09Z,2027-06-25,297,102000.0,C,0.066,0.0685,0.0675,80135.04,77216.47,0.42119999999999996,0.32789,1e-05,260.90023,16.4,4.0
2026-09-01T19:17:09Z,2027-06-25,297,102000.0,P,0.33,0.3535,0.3403,80135.04,77216.47,0.42119999999999996,-0.67211,1e-05,260.90023,0.0,0.0
2026-09-01T19:17:09Z,2027-06-25,297,104000.0,C,0.062,0.064,0.063,80135.32,77216.47,0.4226,0.31071,1e-05,255.07437,12.6,0.0
2026-09-01T19:17:09Z,2027-06-25,297,104000.0,P,0.35,0.374,0.3609,80135.32,77216.47,0.4226,-0.68929,1e-05,255.07437,0.0,0.0
2026-09-01T19:17:09Z,2027-06-25,297,105000.0,C,0.0595,0.062,0.0608,80135.32,77216.47,0.42310000000000003,0.30226,1e-05,251.98387,149.9,0.7
2026-09-01T19:17:09Z,2027-06-25,297,105000.0,P,0.3605,0.3845,0.3711,80135.32,77216.47,0.42310000000000003,-0.69774,1e-05,251.98387,0.1,0.0
2026-09-01T19:17:09Z,2027-06-25,297,106000.0,C,0.0575,0.06,0.0588,80135.04,77216.47,0.4239,0.29423,1e-05,248.9147,0.0,0.0
2026-09-01T19:17:09Z,2027-06-25,297,106000.0,P,0.371,0.395,0.3816,80135.04,77216.47,0.4239,-0.70577,1e-05,248.9147,0.0,0.0
2026-09-01T19:17:09Z,2027-06-25,297,108000.0,C,0.054,0.056,0.055,80135.32,77216.47,0.4255,0.27884,1e-05,242.64845,12.5,0.0
2026-09-01T19:17:09Z,2027-06-25,297,108000.0,P,0.3915,0.4165,0.4028,80135.32,77216.47,0.4255,-0.72116,1e-05,242.64845,0.0,0.0
2026-09-01T19:17:09Z,2027-06-25,297,110000.0,C,0.05,0.0525,0.0515,80135.04,77216.47,0.42700000000000005,0.26416,1e-05,236.19964,269.9,0.1
2026-09-01T19:17:09Z,2027-06-25,297,110000.0,P,0.4125,0.438,0.4242,80135.32,77216.47,0.42700000000000005,-0.73583,1e-05,236.20181,1.5,0.0
2026-09-01T19:17:09Z,2027-06-25,297,115000.0,C,0.043,0.045,0.0439,80135.04,77216.47,0.43170000000000003,0.23153,1e-05,220.13675,36.9,0.0
2026-09-01T19:17:09Z,2027-06-25,297,115000.0,P,0.4665,0.494,0.479,80135.32,77216.47,0.43170000000000003,-0.76846,1e-05,220.13897,0.0,0.0
2026-09-01T19:17:09Z,2027-06-25,297,120000.0,C,0.0365,0.039,0.0377,80135.04,77216.47,0.43670000000000003,0.20353,1e-05,204.34103,292.6,0.0
2026-09-01T19:17:09Z,2027-06-25,297,120000.0,P,0.522,0.551,0.5352,80135.04,77216.47,0.43670000000000003,-0.79647,1e-05,204.34103,0.1,0.0
2026-09-01T19:17:09Z,2027-06-25,297,125000.0,C,0.031,0.034,0.0325,80135.04,77216.47,0.4415,0.17922,1e-05,189.01204,115.5,0.0
2026-09-01T19:17:09Z,2027-06-25,297,125000.0,P,0.5785,0.609,0.5924,80135.32,77216.47,0.4415,-0.82078,1e-05,189.01422,0.0,0.0
2026-09-01T19:17:09Z,2027-06-25,297,130000.0,C,0.027,0.0295,0.0285,80135.04,77216.47,0.44770000000000004,0.15936,1e-05,175.27778,761.7,0.0
2026-09-01T19:17:09Z,2027-06-25,297,130000.0,P,0.636,0.668,0.6508,80135.52,77216.47,0.44770000000000004,-0.84064,1e-05,175.28008,1.4,0.0
2026-09-01T19:17:09Z,2027-06-25,297,140000.0,C,0.0205,0.023,0.022,80137.63,77216.47,0.4586,0.1265,1e-05,149.935,366.1,0.0
2026-09-01T19:17:09Z,2027-06-25,297,140000.0,P,0.753,0.788,0.7691,80137.63,77216.47,0.4586,-0.8735,1e-05,149.935,0.5,0.0
2026-09-01T19:17:09Z,2027-06-25,297,150000.0,C,0.0165,0.0185,0.0176,80137.63,77216.47,0.4704,0.10265,1e-05,129.20412,211.4,0.0
2026-09-01T19:17:09Z,2027-06-25,297,150000.0,P,0.872,0.91,0.8894,80135.52,77216.47,0.4704,-0.89736,1e-05,129.19056,0.1,0.0
2026-09-01T19:17:09Z,2027-06-25,297,160000.0,C,0.013,0.015,0.0143,80137.63,77216.47,0.4819,0.0846,0.0,111.99911,553.1,0.0
2026-09-01T19:17:09Z,2027-06-25,297,160000.0,P,0.992,1.033,1.0109,80137.63,77216.47,0.4819,-0.9154,0.0,111.99911,0.2,0.0
2026-09-01T19:17:09Z,2027-06-25,297,170000.0,C,0.011,0.013,0.012,80137.63,77216.47,0.4946,0.07158,0.0,98.66535,91.9,1.0
2026-09-01T19:17:09Z,2027-06-25,297,170000.0,P,1.113,1.157,1.1335,80137.63,77216.47,0.4946,-0.92842,0.0,98.66535,14.7,0.0
2026-09-01T19:17:09Z,2027-06-25,297,180000.0,C,0.0085,0.011,0.0101,80135.52,77216.47,0.505,0.06054,0.0,86.64746,33.8,0.0
2026-09-01T19:17:09Z,2027-06-25,297,180000.0,P,1.235,1.2815,1.2563,80137.63,77216.47,0.505,-0.93945,0.0,86.65752,0.0,0.0
2026-09-01T19:17:09Z,2027-06-25,297,190000.0,C,0.0075,0.0095,0.0083,80135.52,77216.47,0.5125,0.05071,0.0,75.3347,47.7,0.0
2026-09-01T19:17:09Z,2027-06-25,297,190000.0,P,1.3565,1.4065,1.3794,80137.63,77216.47,0.5125,-0.94928,0.0,75.34372,0.5,0.0
2026-09-01T19:17:09Z,2027-06-25,297,200000.0,C,0.006,0.008,0.007,80137.63,77216.47,0.5206000000000001,0.04321,0.0,66.26582,16.1,0.0
2026-09-01T19:17:09Z,2027-06-25,297,200000.0,P,1.479,1.5315,1.5029,80135.52,77216.47,0.5206000000000001,-0.95679,0.0,66.2577,2.1,0.0
