snapshot_ts,expiry,days_to_expiry,strike,option_type,bid,ask,mark_price,forward_price,index_price,implied_vol,delta,gamma,vega,open_interest,volume_24h
2026-10-02T20:30:14Z,2026-10-03,1,74000.0,C,0.121,0.1245,0.1228,84363.64,84335.82,0.8417,0.99999,0.0,0.00111,0.0,0.0
2026-10-02T20:30:14Z,2026-10-03,1,74000.0,P,0.0,0.0001,0.0,84363.64,84335.82,0.8417,-1e-05,0.0,0.00111,9.5,0.0
2026-10-02T20:30:14Z,2026-10-03,1,75000.0,C,0.109,0.1125,0.111,84363.64,84335.82,0.8417,0.99995,0.0,0.00674,0.0,0.0
2026-10-02T20:30:14Z,2026-10-03,1,75000.0,P,0.0,0.0001,0.0,84363.64,84335.82,0.8417,-5e-05,0.0,0.00674,19.9,0.0
2026-10-02T20:30:14Z,2026-10-03,1,76000.0,C,0.0975,0.1005,0.0991,84363.64,84335.82,0.8416,0.99971,0.0,0.03298,0.0,0.0
2026-10-02T20:30:14Z,2026-10-03,1,76000.0,P,0.0,0.0001,0.0,84363.64,84335.82,0.8416,-0.00029,0.0,0.03298,40.6,0.0
2026-10-02T20:30:14Z,2026-10-03,1,77000.0,C,0.0855,0.089,0.0873,84363.64,84335.82,0.8416,0.99869,0.0,0.13137,0.0,0.0
2026-10-02T20:30:14Z,2026-10-03,1,77000.0,P,0.0,0.0001,0.0,84363.64,84335.82,0.8416,-0.00131,0.0,0.13137,39.5,39.1
2026-10-02T20:30:14Z,2026-10-03,1,78000.0,C,0.0735,0.077,0.0754,84363.64,84335.82,0.8172,0.99613,0.0,0.35137,0.0,0.0
2026-10-02T20:30:14Z,2026-10-03,1,78000.0,P,0.0,0.0001,0.0,84363.64,84335.82,0.8172,-0.00387,0.0,0.35137,19.0,6.5
2026-10-02T20:30:14Z,2026-10-03,1,79000.0,C,0.0615,0.0655,0.0636,84363.64,84335.82,0.7016,0.9953,1e-05,0.41855,0.0,0.0
2026-10-02T20:30:14Z,2026-10-03,1,79000.0,P,0.0,0.0001,0.0,84363.64,84335.82,0.7016,-0.0047,1e-05,0.41855,20.8,1.1
2026-10-02T20:30:14Z,2026-10-03,1,80000.0,C,0.05,0.0535,0.0517,84363.64,84335.82,0.5897,0.99373,1e-05,0.54067,0.0,0.0
2026-10-02T20:30:14Z,2026-10-03,1,80000.0,P,0.0,0.0001,0.0,84363.64,84335.82,0.5897,-0.00627,1e-05,0.54067,634.6,19.6
2026-10-02T20:30:14Z,2026-10-03,1,80500.0,C,0.044,0.0475,0.0458,84363.64,84335.82,0.5461,0.99133,1e-05,0.71914,0.0,0.0
2026-10-02T20:30:14Z,2026-10-03,1,80500.0,P,0.0,0.0001,0.0001,84357.36,84335.82,0.5461,-0.00876,1e-05,0.72555,32.1,23.7
2026-10-02T20:30:14Z,2026-10-03,1,81000.0,C,0.038,0.042,0.0399,84357.36,84335.82,0.4903,0.98914,2e-05,0.87534,0.0,0.0
2026-10-02T20:30:14Z,2026-10-03,1,81000.0,P,0.0,0.0001,0.0001,84357.36,84335.82,0.4903,-0.01086,2e-05,0.87534,178.5,68.8
2026-10-02T20:30:14Z,2026-10-03,1,81500.0,C,0.033,0.0355,0.034,84357.36,84335.82,0.4424,0.98454,3e-05,1.18823,8.6,8.6
2026-10-02T20:30:14Z,2026-10-03,1,81500.0,P,0.0,0.0001,0.0001,84357.36,84335.82,0.4424,-0.01546,3e-05,1.18823,60.2,22.1
2026-10-02T20:30:14Z,2026-10-03,1,82000.0,C,0.026,0.03,0.0281,84357.36,84335.82,0.38420000000000004,0.97949,4e-05,1.51208,0.0,0.0
2026-10-02T20:30:14Z,2026-10-03,1,82000.0,P,0.0,0.0001,0.0001,84357.36,84335.82,0.38420000000000004,-0.02051,4e-05,1.51208,74.1,41.3
2026-10-02T20:30:14Z,2026-10-03,1,82500.0,C,0.02,0.024,0.0222,84357.36,84335.82,0.32770000000000005,0.97004,7e-05,2.07764,0.0,0.0
2026-10-02T20:30:14Z,2026-10-03,1,82500.0,P,0.0,0.0001,0.0001,84357.36,84335.82,0.32770000000000005,-0.02996,7e-05,2.07764,83.3,73.8
2026-10-02T20:30:14Z,2026-10-03,1,83000.0,C,0.014,0.018,0.0163,84357.36,84335.82,0.2699,0.95191,0.00012,3.05551,0.5,0.0
2026-10-02T20:30:14Z,2026-10-03,1,83000.0,P,0.0001,0.0002,0.0002,84363.68,84335.82,0.2699,-0.04732,0.00012,3.01695,294.5,93.6
2026-10-02T20:30:14Z,2026-10-03,1,83500.0,C,0.009,0.012,0.0107,84357.36,84335.82,0.2288,0.89181,0.00027,5.67894,7.8,0.0
2026-10-02T20:30:14Z,2026-10-03,1,83500.0,P,0.0003,0.0005,0.0004,84357.36,84335.82,0.2288,-0.10819,0.00027,5.6793,83.5,78.3
2026-10-02T20:30:14Z,2026-10-03,1,84000.0,C,0.0048,0.0065,0.0055,84357.36,84335.82,0.19579999999999997,0.72645,0.00056,10.17207,126.2,57.9
2026-10-02T20:30:14Z,2026-10-03,1,84000.0,P,0.001,0.0012,0.0012,84357.36,84335.82,0.19579999999999997,-0.27355,0.00056,10.17207,250.6,787.5
2026-10-02T20:30:14Z,2026-10-03,1,84500.0,C,0.0017,0.0022,0.002,84357.36,84335.82,0.1907,0.40474,0.00066,11.84425,140.3,127.7
2026-10-02T20:30:14Z,2026-10-03,1,84500.0,P,0.0033,0.0038,0.0037,84357.36,84335.82,0.1907,-0.59526,0.00066,11.84425,128.1,232.0
2026-10-02T20:30:14Z,2026-10-03,1,85000.0,C,0.0005,0.0007,0.0006,84348.39,84335.82,0.20850000000000002,0.15512,0.00037,7.28614,601.4,637.0
2026-10-02T20:30:14Z,2026-10-03,1,85000.0,P,0.0065,0.01,0.0082,84348.39,84335.82,0.20850000000000002,-0.84488,0.00037,7.28614,239.7,294.3
2026-10-02T20:30:14Z,2026-10-03,1,85500.0,C,0.0001,0.0003,0.0002,84348.39,84335.82,0.2267,0.04979,0.00015,3.1413,78.0,75.8
2026-10-02T20:30:14Z,2026-10-03,1,85500.0,P,0.012,0.0155,0.0136,84348.39,84335.82,0.2267,-0.95021,0.00015,3.1413,71.2,91.0
2026-10-02T20:30:14Z,2026-10-03,1,86000.0,C,0.0001,0.0003,0.0001,84348.39,84335.82,0.2927,0.03414,8e-05,2.31353,196.6,379.1
2026-10-02T20:30:14Z,2026-10-03,1,86000.0,P,0.018,0.021,0.0195,84348.39,84335.82,0.2927,-0.96586,8e-05,2.31353,48.7,71.8
2026-10-02T20:30:14Z,2026-10-03,1,86500.0,C,0.0001,0.0002,0.0001,84348.39,84335.82,0.3531,0.02485,5e-05,1.77716,131.8,185.5
2026-10-02T20:30:14Z,2026-10-03,1,86500.0,P,0.024,0.027,0.0254,84348.39,84335.82,0.3531,-0.97515,5e-05,1.77716,113.2,133.8
2026-10-02T20:30:14Z,2026-10-03,1,87000.0,C,0.0,0.0001,0.0001,84348.39,84335.82,0.42450000000000004,0.02249,4e-05,1.63443,134.5,217.8
2026-10-02T20:30:14Z,2026-10-03,1,87000.0,P,0.0295,0.0325,0.0314,84348.39,84335.82,0.42450000000000004,-0.97751,4e-05,1.63443,6.3,7.3
2026-10-02T20:30:14Z,2026-10-03,1,87500.0,C,0.0,0.0001,0.0001,84348.39,84335.82,0.45630000000000004,0.01353,2e-05,1.05925,89.7,123.7
2026-10-02T20:30:14Z,2026-10-03,1,87500.0,P,0.0355,0.0385,0.0373,84348.39,84335.82,0.45630000000000004,-0.98647,2e-05,1.05925,12.6,12.6
2026-10-02T20:30:14Z,2026-10-03,1,88000.0,C,0.0,0.0001,0.0,84348.39,84335.82,0.45899999999999996,0.00554,1e-05,0.48397,166.4,95.8
2026-10-02T20:30:14Z,2026-10-03,1,88000.0,P,0.041,0.0455,0.0431,84348.39,84335.82,0.45899999999999996,-0.99446,1e-05,0.48397,0.0,0.0
2026-10-02T20:30:14Z,2026-10-03,1,89000.0,C,0.0,0.0001,0.0,84348.39,84335.82,0.45990000000000003,0.00066,0.0,0.06992,140.2,168.4
2026-10-02T20:30:14Z,2026-10-03,1,89000.0,P,0.053,0.0575,0.055,84348.39,84335.82,0.45990000000000003,-0.99934,0.0,0.06992,0.0,0.0
2026-10-02T20:30:14Z,2026-10-03,1,90000.0,C,0.0,0.0001,0.0,84348.39,84335.82,0.46950000000000003,7e-05,0.0,0.00879,125.5,150.5
2026-10-02T20:30:14Z,2026-10-03,1,90000.0,P,0.065,0.068,0.0668,84348.39,84335.82,0.46950000000000003,-0.99993,0.0,0.00879,8.0,8.0
2026-10-02T20:30:14Z,2026-10-03,1,91000.0,C,0.0,0.0001,0.0,84348.79,84335.82,0.494,1e-05,0.0,0.00158,142.5,125.9
2026-10-02T20:30:14Z,2026-10-03,1,91000.0,P,0.077,0.081,0.0787,84348.79,84335.82,0.494,-0.99999,0.0,0.00158,0.0,0.0
2026-10-02T20:30:14Z,2026-10-03,1,92000.0,C,0.0,0.0001,0.0,84348.79,84335.82,0.5457,1e-05,0.0,0.00083,14.0,12.6
2026-10-02T20:30:14Z,2026-10-03,1,92000.0,P,0.0885,0.093,0.0906,84348.79,84335.82,0.5457,-0.99999,0.0,0.00083,0.0,0.0
2026-10-02T20:30:14Z,2026-10-03,1,93000.0,C,0.0,0.0001,0.0,84348.79,84335.82,0.6253,1e-05,0.0,0.00119,18.8,12.6
2026-10-02T20:30:14Z,2026-10-03,1,93000.0,P,0.1005,0.105,0.1025,84348.79,84335.82,0.6253,-0.99999,0.0,0.00119,0.0,0.0
2026-10-02T20:30:14Z,2026-10-03,1,94000.0,C,0.0,0.0001,0.0,84348.79,84335.82,0.662,0.0,0.0,0.00048,6.6,6.1
2026-10-02T20:30:14Z,2026-10-03,1,94000.0,P,0.1125,0.117,0.1143,84348.79,84335.82,0.662,-1.0,0.0,0.00048,0.0,0.0
2026-10-02T20:30:14Z,2026-10-04,2,74000.0,C,0.121,0.125,0.123,84358.97,84335.82,0.7289,0.99779,0.0,0.37249,0.0,0.0
2026-10-02T20:30:14Z,2026-10-04,2,74000.0,P,0.0,0.0001,0.0,84359.15,84335.82,0.7289,-0.00221,0.0,0.37244,40.8,26.0
2026-10-02T20:30:14Z,2026-10-04,2,75000.0,C,0.109,0.1135,0.1112,84359.15,84335.82,0.7073,0.99578,0.0,0.66674,0.0,0.0
2026-10-02T20:30:14Z,2026-10-04,2,75000.0,P,0.0,0.0001,0.0001,84359.15,84335.82,0.7073,-0.00422,0.0,0.66674,12.0,0.0
2026-10-02T20:30:14Z,2026-10-04,2,76000.0,C,0.0975,0.1015,0.0993,84358.97,84335.82,0.6446999999999999,0.99481,0.0,0.80245,0.0,0.0
2026-10-02T20:30:14Z,2026-10-04,2,76000.0,P,0.0,0.0001,0.0001,84358.97,84335.82,0.6446999999999999,-0.00519,0.0,0.80245,5.8,5.0
2026-10-02T20:30:14Z,2026-10-04,2,77000.0,C,0.0855,0.089,0.0875,84358.97,84335.82,0.5711999999999999,0.99427,1e-05,0.87613,0.0,0.0
2026-10-02T20:30:14Z,2026-10-04,2,77000.0,P,0.0,0.0001,0.0001,84359.91,84335.82,0.5711999999999999,-0.00572,1e-05,0.87546,0.1,0.0
2026-10-02T20:30:14Z,2026-10-04,2,78000.0,C,0.0735,0.078,0.0756,84359.91,84335.82,0.5128,0.99219,1e-05,1.15258,0.0,0.0
2026-10-02T20:30:14Z,2026-10-04,2,78000.0,P,0.0,0.0001,0.0001,84370.88,84335.82,0.5128,-0.00773,1e-05,1.14167,5.2,0.1
2026-10-02T20:30:14Z,2026-10-04,2,79000.0,C,0.062,0.0655,0.0637,84370.88,84335.82,0.44909999999999994,0.98969,1e-05,1.46974,0.0,0.0
2026-10-02T20:30:14Z,2026-10-04,2,79000.0,P,0.0,0.0001,0.0001,84370.88,84335.82,0.44909999999999994,-0.01031,1e-05,1.46974,6.4,3.4
2026-10-02T20:30:14Z,2026-10-04,2,80000.0,C,0.05,0.0545,0.0519,84370.88,84335.82,0.3933,0.98371,2e-05,2.18295,0.0,0.0
2026-10-02T20:30:14Z,2026-10-04,2,80000.0,P,0.0,0.0002,0.0001,84370.88,84335.82,0.3933,-0.01629,2e-05,2.18295,17.3,14.5
2026-10-02T20:30:14Z,2026-10-04,2,80500.0,C,0.044,0.0485,0.046,84359.91,84335.82,0.3627,0.97931,3e-05,2.67566,0.0,0.0
2026-10-02T20:30:14Z,2026-10-04,2,80500.0,P,0.0001,0.0002,0.0002,84370.88,84335.82,0.3627,-0.02041,3e-05,2.6454,47.5,35.5
2026-10-02T20:30:14Z,2026-10-04,2,81000.0,C,0.039,0.042,0.0401,84370.88,84335.82,0.32170000000000004,0.97732,3e-05,2.89275,7.6,7.6
2026-10-02T20:30:14Z,2026-10-04,2,81000.0,P,0.0001,0.0002,0.0002,84370.88,84335.82,0.32170000000000004,-0.02268,3e-05,2.89275,30.7,33.6
2026-10-02T20:30:14Z,2026-10-04,2,81500.0,C,0.032,0.037,0.0342,84370.88,84335.82,0.29,0.97025,4e-05,3.62964,0.0,0.0
2026-10-02T20:30:14Z,2026-10-04,2,81500.0,P,0.0001,0.0003,0.0002,84370.88,84335.82,0.29,-0.02975,4e-05,3.62964,24.6,24.4
2026-10-02T20:30:14Z,2026-10-04,2,82000.0,C,0.026,0.0305,0.0284,84359.91,84335.82,0.26039999999999996,0.95725,7e-05,4.88376,0.0,0.0
2026-10-02T20:30:14Z,2026-10-04,2,82000.0,P,0.0002,0.0003,0.0003,84359.91,84335.82,0.26039999999999996,-0.04275,7e-05,4.88376,36.5,33.9
2026-10-02T20:30:14Z,2026-10-04,2,82500.0,C,0.02,0.025,0.0226,84359.91,84335.82,0.2324,0.93499,0.0001,6.81014,0.0,0.0
2026-10-02T20:30:14Z,2026-10-04,2,82500.0,P,0.0003,0.0004,0.0004,84372.38,84335.82,0.2324,-0.06374,0.0001,6.70729,56.6,62.4
2026-10-02T20:30:14Z,2026-10-04,2,83000.0,C,0.0145,0.019,0.0168,84372.38,84335.82,0.204,0.89787,0.00016,9.5723,1.2,0.9
2026-10-02T20:30:14Z,2026-10-04,2,83000.0,P,0.0005,0.0007,0.0007,84370.88,84335.82,0.204,-0.10238,0.00016,9.58878,52.7,39.5
2026-10-02T20:30:14Z,2026-10-04,2,83500.0,C,0.01,0.013,0.0113,84372.38,84335.82,0.1789,0.82083,0.00027,14.05284,6.2,0.0
2026-10-02T20:30:14Z,2026-10-04,2,83500.0,P,0.0009,0.0012,0.0011,84370.88,84335.82,0.1789,-0.17958,0.00027,14.07274,39.9,50.2
2026-10-02T20:30:14Z,2026-10-04,2,84000.0,C,0.006,0.0075,0.0065,84372.38,84335.82,0.16,0.66979,0.00042,19.4562,10.2,4.5
2026-10-02T20:30:14Z,2026-10-04,2,84000.0,P,0.0019,0.0023,0.0023,84372.38,84335.82,0.16,-0.33021,0.00042,19.4562,81.1,81.3
2026-10-02T20:30:14Z,2026-10-04,2,84500.0,C,0.0029,0.0035,0.0031,84372.38,84335.82,0.1532,0.44035,0.00048,21.18762,53.0,21.0
2026-10-02T20:30:14Z,2026-10-04,2,84500.0,P,0.0043,0.0048,0.0048,84372.38,84335.82,0.1532,-0.55964,0.00048,21.18767,125.0,156.3
2026-10-02T20:30:14Z,2026-10-04,2,85000.0,C,0.0012,0.0015,0.0013,84372.38,84335.82,0.15810000000000002,0.23234,0.00036,16.40142,81.2,83.2
2026-10-02T20:30:14Z,2026-10-04,2,85000.0,P,0.0065,0.0105,0.0089,84372.38,84335.82,0.15810000000000002,-0.76766,0.00036,16.40142,91.6,117.0
2026-10-02T20:30:14Z,2026-10-04,2,85500.0,C,0.0005,0.0008,0.0006,84372.38,84335.82,0.1726,0.1145,0.00021,10.39301,122.2,116.4
2026-10-02T20:30:14Z,2026-10-04,2,85500.0,P,0.012,0.0155,0.0141,84370.88,84335.82,0.1726,-0.88581,0.00021,10.3726,66.3,69.9
2026-10-02T20:30:14Z,2026-10-04,2,86000.0,C,0.0003,0.0005,0.0003,84372.38,84335.82,0.1956,0.06319,0.00012,6.66207,184.2,189.5
2026-10-02T20:30:14Z,2026-10-04,2,86000.0,P,0.018,0.021,0.0198,84370.88,84335.82,0.1956,-0.93699,0.00012,6.64742,8.7,10.5
2026-10-02T20:30:14Z,2026-10-04,2,86500.0,C,0.0002,0.0004,0.0002,84372.38,84335.82,0.2235,0.04068,7e-05,4.69184,46.5,34.5
2026-10-02T20:30:14Z,2026-10-04,2,86500.0,P,0.0225,0.0275,0.0256,84372.38,84335.82,0.2235,-0.95932,7e-05,4.69184,4.5,4.5
2026-10-02T20:30:14Z,2026-10-04,2,87000.0,C,0.0001,0.0003,0.0001,84372.38,84335.82,0.24530000000000002,0.02521,4e-05,3.16142,112.2,116.3
2026-10-02T20:30:14Z,2026-10-04,2,87000.0,P,0.0295,0.033,0.0315,84372.38,84335.82,0.24530000000000002,-0.97479,4e-05,3.16142,14.0,15.2
2026-10-02T20:30:14Z,2026-10-04,2,87500.0,C,0.0001,0.0003,0.0001,84373.34,84335.82,0.2837,0.02244,4e-05,2.86626,154.4,190.9
2026-10-02T20:30:14Z,2026-10-04,2,87500.0,P,0.0355,0.0385,0.0374,84373.34,84335.82,0.2837,-0.97756,4e-05,2.86626,11.4,11.4
2026-10-02T20:30:14Z,2026-10-04,2,88000.0,C,0.0001,0.0002,0.0001,84372.38,84335.82,0.3146,0.01823,3e-05,2.40331,89.5,65.1
2026-10-02T20:30:14Z,2026-10-04,2,88000.0,P,0.0405,0.046,0.0433,84373.34,84335.82,0.3146,-0.98175,3e-05,2.40619,0.0,0.0
2026-10-02T20:30:14Z,2026-10-04,2,88500.0,C,0.0,0.0002,0.0001,84373.34,84335.82,0.34119999999999995,0.01434,2e-05,1.95741,32.8,35.9
2026-10-02T20:30:14Z,2026-10-04,2,88500.0,P,0.046,0.051,0.0492,84373.34,84335.82,0.34119999999999995,-0.98566,2e-05,1.95741,0.0,0.0
2026-10-02T20:30:14Z,2026-10-04,2,89000.0,C,0.0,0.0002,0.0001,84372.38,84335.82,0.3823,0.01457,2e-05,1.98356,65.8,38.6
2026-10-02T20:30:14Z,2026-10-04,2,89000.0,P,0.052,0.057,0.0551,84373.34,84335.82,0.3823,-0.98541,2e-05,1.98561,0.0,0.0
2026-10-02T20:30:14Z,2026-10-04,2,90000.0,C,0.0,0.0001,0.0001,84372.38,84335.82,0.4113,0.00708,1e-05,1.05753,11.2,11.2
2026-10-02T20:30:14Z,2026-10-04,2,90000.0,P,0.064,0.069,0.0668,84373.34,84335.82,0.4113,-0.99291,1e-05,1.05867,0.1,0.1
2026-10-02T20:30:14Z,2026-10-04,2,91000.0,C,0.0,0.0001,0.0,84373.34,84335.82,0.41369999999999996,0.00213,0.0,0.36116,1.8,1.1
2026-10-02T20:30:14Z,2026-10-04,2,91000.0,P,0.077,0.08,0.0787,84373.34,84335.82,0.41369999999999996,-0.99787,0.0,0.36116,7.8,7.8
2026-10-02T20:30:14Z,2026-10-04,2,92000.0,C,0.0,0.0001,0.0,84373.34,84335.82,0.4144,0.00054,0.0,0.10309,0.8,0.1
2026-10-02T20:30:14Z,2026-10-04,2,92000.0,P,0.088,0.093,0.0906,84373.34,84335.82,0.4144,-0.99946,0.0,0.10309,0.0,0.0
2026-10-02T20:30:14Z,2026-10-04,2,93000.0,C,0.0,0.0001,0.0,84372.38,84335.82,0.447,0.00033,0.0,0.06456,9.9,8.7
2026-10-02T20:30:14Z,2026-10-04,2,93000.0,P,0.1,0.105,0.1024,84372.38,84335.82,0.447,-0.99967,0.0,0.06456,0.0,0.0
2026-10-02T20:30:14Z,2026-10-04,2,94000.0,C,0.0,0.0001,0.0,84373.27,84335.82,0.479,0.00021,0.0,0.04249,94.6,89.6
2026-10-02T20:30:14Z,2026-10-04,2,94000.0,P,0.1115,0.117,0.1141,84365.79,84335.82,0.479,-0.99979,0.0,0.04205,0.0,0.0
2026-10-02T20:30:14Z,2026-10-04,2,95000.0,C,0.0,0.0001,0.0,84365.79,84335.82,0.5232,0.00019,0.0,0.03965,40.0,40.0
2026-10-02T20:30:14Z,2026-10-04,2,95000.0,P,0.1235,0.1285,0.126,84365.79,84335.82,0.5232,-0.99981,0.0,0.03965,0.0,0.0
2026-10-02T20:30:14Z,2026-10-05,3,74000.0,C,0.1215,0.125,0.1231,84380.5,84335.82,0.5947,0.99656,0.0,0.7193,4.4,4.4
2026-10-02T20:30:14Z,2026-10-05,3,74000.0,P,0.0,0.0001,0.0001,84380.5,84335.82,0.5947,-0.00344,0.0,0.7193,2.0,2.0
2026-10-02T20:30:14Z,2026-10-05,3,75000.0,C,0.1095,0.113,0.1113,84380.5,84335.82,0.5607,0.99496,0.0,1.01208,0.0,0.0
2026-10-02T20:30:14Z,2026-10-05,3,75000.0,P,0.0,0.0001,0.0001,84387.98,84335.82,0.5607,-0.00501,0.0,1.00719,9.5,1.0
2026-10-02T20:30:14Z,2026-10-05,3,76000.0,C,0.0975,0.1015,0.0995,84380.5,84335.82,0.5085999999999999,0.99407,0.0,1.17011,0.0,0.0
2026-10-02T20:30:14Z,2026-10-05,3,76000.0,P,0.0,0.0001,0.0001,84387.98,84335.82,0.5085999999999999,-0.00589,0.0,1.164,3.2,0.0
2026-10-02T20:30:14Z,2026-10-05,3,77000.0,C,0.0855,0.0895,0.0877,84380.5,84335.82,0.4767,0.9906,1e-05,1.7559,0.0,0.0
2026-10-02T20:30:14Z,2026-10-05,3,77000.0,P,0.0,0.0002,0.0001,84387.98,84335.82,0.4767,-0.00934,1e-05,1.74677,35.0,30.9
2026-10-02T20:30:14Z,2026-10-05,3,78000.0,C,0.0735,0.0775,0.0758,84380.5,84335.82,0.4277,0.98772,1e-05,2.21665,0.0,0.0
2026-10-02T20:30:14Z,2026-10-05,3,78000.0,P,0.0001,0.0002,0.0002,84380.5,84335.82,0.4277,-0.01228,1e-05,2.21665,45.3,45.2
2026-10-02T20:30:14Z,2026-10-05,3,79000.0,C,0.0615,0.066,0.064,84387.98,84335.82,0.38079999999999997,0.9829,2e-05,2.94681,3.9,3.9
2026-10-02T20:30:14Z,2026-10-05,3,79000.0,P,0.0001,0.0003,0.0002,84387.98,84335.82,0.38079999999999997,-0.0171,2e-05,2.94681,36.6,6.6
2026-10-02T20:30:14Z,2026-10-05,3,80000.0,C,0.05,0.054,0.0523,84380.5,84335.82,0.3396,0.97248,3e-05,4.40381,0.0,0.0
2026-10-02T20:30:14Z,2026-10-05,3,80000.0,P,0.0002,0.0004,0.0003,84380.5,84335.82,0.3396,-0.02752,3e-05,4.40381,41.0,47.8
2026-10-02T20:30:14Z,2026-10-05,3,80500.0,C,0.0445,0.048,0.0464,84375.74,84335.82,0.3118,0.96731,3e-05,5.08,0.0,0.0
2026-10-02T20:30:14Z,2026-10-05,3,80500.0,P,0.0002,0.0004,0.0003,84375.74,84335.82,0.3118,-0.03269,3e-05,5.08,10.6,13.1
2026-10-02T20:30:14Z,2026-10-05,3,81000.0,C,0.038,0.0425,0.0406,84380.4,84335.82,0.2943,0.95522,5e-05,6.56579,0.0,0.0
2026-10-02T20:30:14Z,2026-10-05,3,81000.0,P,0.0003,0.0005,0.0004,84375.74,84335.82,0.2943,-0.045,5e-05,6.59083,69.9,74.7
2026-10-02T20:30:14Z,2026-10-05,3,81500.0,C,0.032,0.037,0.0348,84375.74,84335.82,0.2717,0.94062,6e-05,8.21597,0.0,0.0
2026-10-02T20:30:14Z,2026-10-05,3,81500.0,P,0.0004,0.0006,0.0006,84375.74,84335.82,0.2717,-0.05938,6e-05,8.21597,24.6,8.7
2026-10-02T20:30:14Z,2026-10-05,3,82000.0,C,0.0265,0.031,0.0291,84375.74,84335.82,0.25170000000000003,0.91732,9e-05,10.59785,0.0,0.0
2026-10-02T20:30:14Z,2026-10-05,3,82000.0,P,0.0006,0.0007,0.0008,84380.4,84335.82,0.25170000000000003,-0.08227,9e-05,10.55932,14.7,31.3
2026-10-02T20:30:14Z,2026-10-05,3,82500.0,C,0.022,0.025,0.0235,84375.74,84335.82,0.23329999999999998,0.88074,0.00012,13.84973,8.7,8.7
2026-10-02T20:30:14Z,2026-10-05,3,82500.0,P,0.0009,0.0012,0.0011,84375.74,84335.82,0.23329999999999998,-0.11926,0.00012,13.84973,17.1,9.3
2026-10-02T20:30:14Z,2026-10-05,3,83000.0,C,0.0165,0.02,0.0182,84375.74,84335.82,0.2175,0.82276,0.00017,18.07034,8.8,8.8
2026-10-02T20:30:14Z,2026-10-05,3,83000.0,P,0.0015,0.0018,0.0017,84380.4,84335.82,0.2175,-0.17644,0.00017,18.01978,189.2,185.0
2026-10-02T20:30:14Z,2026-10-05,3,83500.0,C,0.0115,0.0145,0.0132,84375.74,84335.82,0.20420000000000002,0.73509,0.00023,22.77298,9.2,9.2
2026-10-02T20:30:14Z,2026-10-05,3,83500.0,P,0.0025,0.0028,0.0027,84375.74,84335.82,0.20420000000000002,-0.26491,0.00023,22.77298,12.9,16.9
2026-10-02T20:30:14Z,2026-10-05,3,84000.0,C,0.008,0.0095,0.009,84380.4,84335.82,0.1959,0.61327,0.00028,26.6173,5.8,3.3
2026-10-02T20:30:14Z,2026-10-05,3,84000.0,P,0.0041,0.0046,0.0044,84375.74,84335.82,0.1959,-0.38804,0.00028,26.64189,187.7,219.7
2026-10-02T20:30:14Z,2026-10-05,3,84500.0,C,0.005,0.006,0.0057,84375.23,84335.82,0.1948,0.46652,0.00029,27.64382,52.3,0.6
2026-10-02T20:30:14Z,2026-10-05,3,84500.0,P,0.0065,0.0075,0.0071,84375.23,84335.82,0.1948,-0.53348,0.00029,27.64382,87.8,85.5
2026-10-02T20:30:14Z,2026-10-05,3,85000.0,C,0.0031,0.0035,0.0034,84375.23,84335.82,0.19329999999999997,0.32449,0.00027,25.01159,4.4,0.9
2026-10-02T20:30:14Z,2026-10-05,3,85000.0,P,0.009,0.0125,0.0107,84375.63,84335.82,0.19329999999999997,-0.6754,0.00027,25.0151,162.2,183.7
2026-10-02T20:30:14Z,2026-10-05,3,85500.0,C,0.0019,0.0022,0.002,84375.23,84335.82,0.19949999999999998,0.21267,0.00021,20.18953,97.8,100.1
2026-10-02T20:30:14Z,2026-10-05,3,85500.0,P,0.0135,0.017,0.0153,84375.23,84335.82,0.19949999999999998,-0.78733,0.00021,20.18953,18.3,13.8
2026-10-02T20:30:14Z,2026-10-05,3,86000.0,C,0.0011,0.0013,0.0012,84375.63,84335.82,0.2078,0.13461,0.00015,15.06788,34.4,42.3
2026-10-02T20:30:14Z,2026-10-05,3,86000.0,P,0.018,0.0225,0.0204,84375.23,84335.82,0.2078,-0.86545,0.00015,15.0632,1.6,1.6
2026-10-02T20:30:14Z,2026-10-05,3,86500.0,C,0.0007,0.0009,0.0007,84375.63,84335.82,0.22,0.08656,0.0001,10.96872,81.2,87.4
2026-10-02T20:30:14Z,2026-10-05,3,86500.0,P,0.024,0.0275,0.0258,84375.63,84335.82,0.22,-0.91344,0.0001,10.96872,29.0,29.0
2026-10-02T20:30:14Z,2026-10-05,3,87000.0,C,0.0004,0.0006,0.0005,84375.23,84335.82,0.2318,0.05548,7e-05,7.78866,153.0,177.2
2026-10-02T20:30:14Z,2026-10-05,3,87000.0,P,0.03,0.033,0.0315,84375.63,84335.82,0.2318,-0.94449,7e-05,7.79178,23.0,23.0
2026-10-02T20:30:14Z,2026-10-05,3,87500.0,C,0.0002,0.0004,0.0003,84375.63,84335.82,0.2433,0.03568,5e-05,5.45876,4.6,6.8
2026-10-02T20:30:14Z,2026-10-05,3,87500.0,P,0.0355,0.0395,0.0373,84375.63,84335.82,0.2433,-0.96432,5e-05,5.45876,0.0,0.0
2026-10-02T20:30:14Z,2026-10-05,3,88000.0,C,0.0001,0.0003,0.0002,84375.23,84335.82,0.2596,0.02528,3e-05,4.102,10.4,10.2
2026-10-02T20:30:14Z,2026-10-05,3,88000.0,P,0.041,0.046,0.0431,84375.23,84335.82,0.2596,-0.97472,3e-05,4.102,0.0,0.0
2026-10-02T20:30:14Z,2026-10-05,3,88500.0,C,0.0001,0.0004,0.0002,84375.63,84335.82,0.2791,0.01954,2e-05,3.30052,10.3,10.3
2026-10-02T20:30:14Z,2026-10-05,3,88500.0,P,0.047,0.051,0.049,84375.63,84335.82,0.2791,-0.98046,2e-05,3.30052,0.0,0.0
2026-10-02T20:30:14Z,2026-10-05,3,89000.0,C,0.0001,0.0003,0.0002,84375.23,84335.82,0.3071,0.01805,2e-05,3.0852,14.3,13.7
2026-10-02T20:30:14Z,2026-10-05,3,89000.0,P,0.0525,0.0575,0.055,84377.37,84335.82,0.3071,-0.98191,2e-05,3.09219,0.0,0.0
2026-10-02T20:30:14Z,2026-10-05,3,90000.0,C,0.0,0.0002,0.0002,84377.37,84335.82,0.36210000000000003,0.01591,2e-05,2.76994,103.1,77.9
2026-10-02T20:30:14Z,2026-10-05,3,90000.0,P,0.0645,0.069,0.0668,84377.37,84335.82,0.36210000000000003,-0.98409,2e-05,2.76994,0.0,0.0
2026-10-02T20:30:14Z,2026-10-05,3,91000.0,C,0.0,0.0002,0.0001,84377.37,84335.82,0.3696,0.00684,1e-05,1.32746,18.3,26.3
2026-10-02T20:30:14Z,2026-10-05,3,91000.0,P,0.0765,0.081,0.0786,84375.23,84335.82,0.3696,-0.99318,1e-05,1.32471,0.0,0.0
2026-10-02T20:30:14Z,2026-10-05,3,92000.0,C,0.0,0.0002,0.0,84377.37,84335.82,0.3729,0.00256,0.0,0.55196,1.4,1.3
2026-10-02T20:30:14Z,2026-10-05,3,92000.0,P,0.088,0.093,0.0904,84377.37,84335.82,0.3729,-0.99744,0.0,0.55196,0.0,0.0
2026-10-02T20:30:14Z,2026-10-05,3,93000.0,C,0.0,0.0002,0.0,84377.37,84335.82,0.41490000000000005,0.00234,0.0,0.50829,1.2,1.1
2026-10-02T20:30:14Z,2026-10-05,3,93000.0,P,0.0995,0.105,0.1022,84377.37,84335.82,0.41490000000000005,-0.99766,0.0,0.50829,0.0,0.0
2026-10-02T20:30:14Z,2026-10-05,3,94000.0,C,0.0,0.0002,0.0,84377.37,84335.82,0.4175,0.0009,0.0,0.21239,31.1,36.4
2026-10-02T20:30:14Z,2026-10-05,3,94000.0,P,0.112,0.1165,0.1141,84377.37,84335.82,0.4175,-0.9991,0.0,0.21239,0.0,0.0
2026-10-02T20:30:14Z,2026-10-05,3,95000.0,C,0.0,0.0002,0.0,84377.37,84335.82,0.45399999999999996,0.00081,0.0,0.19396,0.0,0.0
2026-10-02T20:30:14Z,2026-10-05,3,95000.0,P,0.1235,0.128,0.1259,84375.23,84335.82,0.45399999999999996,-0.99919,0.0,0.19354,0.0,0.0
2026-10-02T20:30:14Z,2026-10-05,3,96000.0,C,0.0,0.0001,0.0,84377.37,84335.82,0.4764,0.00054,0.0,0.13345,104.2,104.2
2026-10-02T20:30:14Z,2026-10-05,3,96000.0,P,0.1355,0.14,0.1378,84375.23,84335.82,0.4764,-0.99946,0.0,0.13317,0.0,0.0
2026-10-02T20:30:14Z,2026-10-06,4,75000.0,C,0.1095,0.113,0.1113,84389.93,84335.82,0.47600000000000003,0.99479,0.0,1.23652,0.0,0.0
2026-10-02T20:30:14Z,2026-10-06,4,75000.0,P,0.0,0.0002,0.0001,84388.72,84335.82,0.47600000000000003,-0.00522,0.0,1.23748,0.0,0.0
2026-10-02T20:30:14Z,2026-10-06,4,76000.0,C,0.0975,0.1015,0.0995,84389.93,84335.82,0.4533,0.99154,1e-05,1.89786,0.0,0.0
2026-10-02T20:30:14Z,2026-10-06,4,76000.0,P,0.0,0.0002,0.0001,84389.93,84335.82,0.4533,-0.00846,1e-05,1.89786,3.6,3.6
2026-10-02T20:30:14Z,2026-10-06,4,77000.0,C,0.086,0.0895,0.0877,84389.93,84335.82,0.4131,0.98905,1e-05,2.37569,0.0,0.0
2026-10-02T20:30:14Z,2026-10-06,4,77000.0,P,0.0001,0.0002,0.0002,84389.93,84335.82,0.4131,-0.01095,1e-05,2.37569,0.7,0.9
2026-10-02T20:30:14Z,2026-10-06,4,78000.0,C,0.074,0.0775,0.0759,84388.72,84335.82,0.3747,0.98501,1e-05,3.11883,0.0,0.0
2026-10-02T20:30:14Z,2026-10-06,4,78000.0,P,0.0001,0.0003,0.0002,84389.93,84335.82,0.3747,-0.01498,1e-05,3.11622,0.2,0.2
2026-10-02T20:30:14Z,2026-10-06,4,79000.0,C,0.0625,0.066,0.0641,84389.93,84335.82,0.34009999999999996,0.97749,2e-05,4.40803,0.0,0.0
2026-10-02T20:30:14Z,2026-10-06,4,79000.0,P,0.0002,0.0003,0.0003,84389.93,84335.82,0.34009999999999996,-0.02251,2e-05,4.40803,3.1,3.1
2026-10-02T20:30:14Z,2026-10-06,4,80000.0,C,0.0505,0.054,0.0525,84389.93,84335.82,0.3099,0.96255,3e-05,6.7294,0.0,0.0
2026-10-02T20:30:14Z,2026-10-06,4,80000.0,P,0.0003,0.0005,0.0005,84389.93,84335.82,0.3099,-0.03745,3e-05,6.7294,100.2,105.2
2026-10-02T20:30:14Z,2026-10-06,4,81000.0,C,0.039,0.0425,0.0409,84388.72,84335.82,0.2767,0.9371,5e-05,10.18344,0.0,0.0
2026-10-02T20:30:14Z,2026-10-06,4,81000.0,P,0.0006,0.0008,0.0007,84389.93,84335.82,0.2767,-0.06284,5e-05,10.17531,2.1,2.1
2026-10-02T20:30:14Z,2026-10-06,4,82000.0,C,0.028,0.0315,0.0298,84389.93,84335.82,0.252,0.88102,0.0001,16.38233,0.0,0.0
2026-10-02T20:30:14Z,2026-10-06,4,82000.0,P,0.0013,0.0015,0.0015,84388.72,84335.82,0.252,-0.11909,0.0001,16.39336,2.7,2.8
2026-10-02T20:30:14Z,2026-10-06,4,82500.0,C,0.0225,0.026,0.0245,84388.51,84335.82,0.243,0.83297,0.00012,20.61398,0.0,0.0
2026-10-02T20:30:14Z,2026-10-06,4,82500.0,P,0.0019,0.0022,0.0021,84385.3,84335.82,0.243,-0.16743,0.00013,20.64513,0.0,0.0
2026-10-02T20:30:14Z,2026-10-06,4,83000.0,C,0.018,0.021,0.0196,84388.51,84335.82,0.2354,0.76829,0.00016,25.12134,0.0,0.0
2026-10-02T20:30:14Z,2026-10-06,4,83000.0,P,0.0028,0.0033,0.0031,84385.3,84335.82,0.2354,-0.23222,0.00016,25.15084,66.1,66.3
2026-10-02T20:30:14Z,2026-10-06,4,83500.0,C,0.0145,0.0165,0.0152,84385.3,84335.82,0.23079999999999998,0.68412,0.00019,29.30171,0.0,0.0
2026-10-02T20:30:14Z,2026-10-06,4,83500.0,P,0.0043,0.0048,0.0046,84385.3,84335.82,0.23079999999999998,-0.31588,0.00019,29.30171,38.6,39.2
2026-10-02T20:30:14Z,2026-10-06,4,84000.0,C,0.011,0.012,0.0114,84385.3,84335.82,0.2299,0.58516,0.00021,32.11589,0.0,0.0
2026-10-02T20:30:14Z,2026-10-06,4,84000.0,P,0.006,0.007,0.0068,84385.3,84335.82,0.2299,-0.41484,0.00021,32.11589,21.6,25.8
2026-10-02T20:30:14Z,2026-10-06,4,84500.0,C,0.008,0.009,0.0084,84385.3,84335.82,0.2309,0.48047,0.00021,32.82821,2.2,2.2
2026-10-02T20:30:14Z,2026-10-06,4,84500.0,P,0.009,0.01,0.0097,84385.3,84335.82,0.2309,-0.51953,0.00021,32.82821,0.5,0.5
2026-10-02T20:30:14Z,2026-10-06,4,85000.0,C,0.0055,0.0065,0.0058,84385.3,84335.82,0.2305,0.37778,0.0002,31.31273,0.0,0.0
2026-10-02T20:30:14Z,2026-10-06,4,85000.0,P,0.012,0.014,0.0131,84385.3,84335.82,0.2305,-0.62222,0.0002,31.31273,27.1,27.2
2026-10-02T20:30:14Z,2026-10-06,4,85500.0,C,0.0039,0.0044,0.0041,84385.3,84335.82,0.2347,0.28728,0.00018,28.0766,0.4,0.4
2026-10-02T20:30:14Z,2026-10-06,4,85500.0,P,0.016,0.018,0.0173,84385.3,84335.82,0.2347,-0.71272,0.00018,28.0766,13.3,13.3
2026-10-02T20:30:14Z,2026-10-06,4,86000.0,C,0.0027,0.0031,0.0028,84385.3,84335.82,0.2404,0.21308,0.00015,23.94723,3.8,3.8
2026-10-02T20:30:14Z,2026-10-06,4,86000.0,P,0.0205,0.024,0.0219,84385.3,84335.82,0.2404,-0.78692,0.00015,23.94723,0.6,0.6
2026-10-02T20:30:14Z,2026-10-06,4,86500.0,C,0.0018,0.0022,0.0019,84397.55,84335.82,0.2468,0.15648,0.00012,19.75788,28.6,36.6
2026-10-02T20:30:14Z,2026-10-06,4,86500.0,P,0.025,0.029,0.0269,84385.62,84335.82,0.2468,-0.84492,0.00012,19.63816,0.0,0.0
2026-10-02T20:30:14Z,2026-10-06,4,87000.0,C,0.0012,0.0016,0.0013,84397.55,84335.82,0.25420000000000004,0.11287,9e-05,15.78208,22.2,22.2
2026-10-02T20:30:14Z,2026-10-06,4,87000.0,P,0.0305,0.0345,0.0323,84397.55,84335.82,0.25420000000000004,-0.88713,9e-05,15.78208,0.0,0.0
2026-10-02T20:30:14Z,2026-10-06,4,87500.0,C,0.0008,0.0011,0.0009,84385.62,84335.82,0.26170000000000004,0.07991,7e-05,12.23746,3.3,3.3
2026-10-02T20:30:14Z,2026-10-06,4,87500.0,P,0.036,0.04,0.0378,84397.55,84335.82,0.26170000000000004,-0.91927,7e-05,12.33457,27.0,27.0
2026-10-02T20:30:14Z,2026-10-06,4,88000.0,C,0.0006,0.0008,0.0007,84385.62,84335.82,0.2712,0.05814,5e-05,9.57487,30.2,33.4
2026-10-02T20:30:14Z,2026-10-06,4,88000.0,P,0.0415,0.0455,0.0434,84385.62,84335.82,0.2712,-0.94186,5e-05,9.57487,0.0,0.0
2026-10-02T20:30:14Z,2026-10-06,4,88500.0,C,0.0004,0.0006,0.0005,84385.62,84335.82,0.2843,0.04443,4e-05,7.72933,4.8,5.3
2026-10-02T20:30:14Z,2026-10-06,4,88500.0,P,0.047,0.051,0.0492,84385.62,84335.82,0.2843,-0.95557,4e-05,7.72933,0.0,0.0
2026-10-02T20:30:14Z,2026-10-06,4,89000.0,C,0.0003,0.0005,0.0004,84385.62,84335.82,0.2967,0.03411,3e-05,6.23315,3.3,5.3
2026-10-02T20:30:14Z,2026-10-06,4,89000.0,P,0.053,0.057,0.055,84385.62,84335.82,0.2967,-0.96589,3e-05,6.23315,0.0,0.0
2026-10-02T20:30:14Z,2026-10-06,4,89500.0,C,0.0002,0.0005,0.0003,84397.55,84335.82,0.3096,0.02701,2e-05,5.13799,20.6,22.6
2026-10-02T20:30:14Z,2026-10-06,4,89500.0,P,0.0585,0.063,0.0609,84397.55,84335.82,0.3096,-0.97299,2e-05,5.13799,0.0,0.0
2026-10-02T20:30:14Z,2026-10-06,4,90000.0,C,0.0001,0.0004,0.0002,84385.62,84335.82,0.3139,0.01846,2e-05,3.72692,27.2,32.3
2026-10-02T20:30:14Z,2026-10-06,4,90000.0,P,0.0645,0.0685,0.0667,84385.62,84335.82,0.3139,-0.98154,2e-05,3.72692,0.0,0.0
2026-10-02T20:30:14Z,2026-10-06,4,91000.0,C,0.0,0.0003,0.0002,84385.62,84335.82,0.3546,0.0153,1e-05,3.17367,25.7,25.7
2026-10-02T20:30:14Z,2026-10-06,4,91000.0,P,0.076,0.0805,0.0785,84397.55,84335.82,0.3546,-0.98454,1e-05,3.20223,0.0,0.0
2026-10-02T20:30:14Z,2026-10-06,4,92000.0,C,0.0,0.0003,0.0001,84397.55,84335.82,0.36579999999999996,0.00826,1e-05,1.85774,9.2,9.2
2026-10-02T20:30:14Z,2026-10-06,4,92000.0,P,0.0875,0.0925,0.0903,84398.04,84335.82,0.36579999999999996,-0.99174,1e-05,1.85848,7.8,7.8
2026-10-02T20:30:14Z,2026-10-06,4,93000.0,C,0.0,0.0002,0.0001,84398.04,84335.82,0.3801,0.0047,0.0,1.12758,1.0,1.1
2026-10-02T20:30:14Z,2026-10-06,4,93000.0,P,0.0995,0.104,0.1021,84402.15,84335.82,0.3801,-0.99528,0.0,1.13149,7.7,7.7
2026-10-02T20:30:14Z,2026-10-06,4,94000.0,C,0.0,0.0002,0.0,84402.15,84335.82,0.40020000000000006,0.0031,0.0,0.77674,2.5,2.5
2026-10-02T20:30:14Z,2026-10-06,4,94000.0,P,0.112,0.116,0.1139,84402.15,84335.82,0.40020000000000006,-0.9969,0.0,0.77674,0.0,0.0
2026-10-02T20:30:14Z,2026-10-06,4,95000.0,C,0.0,0.0002,0.0,84398.04,84335.82,0.4218,0.00217,0.0,0.56147,0.1,0.1
2026-10-02T20:30:14Z,2026-10-06,4,95000.0,P,0.123,0.128,0.1258,84398.04,84335.82,0.4218,-0.99783,0.0,0.56147,0.0,0.0
2026-10-02T20:30:14Z,2026-10-06,4,96000.0,C,0.0,0.0002,0.0,84398.04,84335.82,0.4328,0.00123,0.0,0.33638,0.1,0.1
2026-10-02T20:30:14Z,2026-10-06,4,96000.0,P,0.1355,0.14,0.1376,84398.04,84335.82,0.4328,-0.99877,0.0,0.33638,0.0,0.0
2026-10-02T20:30:14Z,2026-10-06,4,97000.0,C,0.0,0.0002,0.0,84398.04,84335.82,0.46409999999999996,0.00115,0.0,0.31487,0.0,0.0
2026-10-02T20:30:14Z,2026-10-06,4,97000.0,P,0.1475,0.1515,0.1495,84398.04,84335.82,0.46409999999999996,-0.99885,0.0,0.31487,0.0,0.0
2026-10-02T20:30:14Z,2026-10-09,7,65000.0,C,0.2285,0.2325,0.2301,84438.04,84335.82,0.7245999999999999,0.99709,0.0,0.99991,0.7,0.0
2026-10-02T20:30:14Z,2026-10-09,7,65000.0,P,0.0,0.0001,0.0001,84433.93,84335.82,0.7245999999999999,-0.00291,0.0,1.00125,261.5,49.0
2026-10-02T20:30:14Z,2026-10-09,7,68000.0,C,0.193,0.197,0.1947,84438.04,84335.82,0.6456999999999999,0.99476,0.0,1.69555,1.9,0.0
2026-10-02T20:30:14Z,2026-10-09,7,68000.0,P,0.0001,0.0002,0.0001,84438.04,84335.82,0.6456999999999999,-0.00524,0.0,1.69555,801.6,105.2
2026-10-02T20:30:14Z,2026-10-09,7,70000.0,C,0.1695,0.1735,0.171,84433.93,84335.82,0.5679,0.99406,0.0,1.8971,0.2,0.0
2026-10-02T20:30:14Z,2026-10-09,7,70000.0,P,0.0001,0.0002,0.0001,84433.93,84335.82,0.5679,-0.00594,0.0,1.8971,123.7,10.2
2026-10-02T20:30:14Z,2026-10-09,7,72000.0,C,0.1455,0.1495,0.1474,84433.93,84335.82,0.5228,0.98988,0.0,3.02858,0.0,0.0
2026-10-02T20:30:14Z,2026-10-09,7,72000.0,P,0.0002,0.0003,0.0002,84438.04,84335.82,0.5228,-0.0101,0.0,3.02381,129.1,1.9
2026-10-02T20:30:14Z,2026-10-09,7,73000.0,C,0.1335,0.138,0.1356,84433.93,84335.82,0.4949,0.98744,1e-05,3.6549,0.2,0.0
2026-10-02T20:30:14Z,2026-10-09,7,73000.0,P,0.0002,0.0004,0.0003,84433.93,84335.82,0.4949,-0.01256,1e-05,3.6549,358.5,79.6
2026-10-02T20:30:14Z,2026-10-09,7,74000.0,C,0.122,0.126,0.1238,84438.04,84335.82,0.46649999999999997,0.98439,1e-05,4.4092,1.1,0.0
2026-10-02T20:30:14Z,2026-10-09,7,74000.0,P,0.0003,0.0004,0.0004,84438.04,84335.82,0.46649999999999997,-0.01561,1e-05,4.4092,571.2,45.7
2026-10-02T20:30:14Z,2026-10-09,7,75000.0,C,0.11,0.1145,0.112,84438.04,84335.82,0.4338,0.98121,1e-05,5.16496,0.4,0.1
2026-10-02T20:30:14Z,2026-10-09,7,75000.0,P,0.0003,0.0005,0.0004,84433.93,84335.82,0.4338,-0.01883,1e-05,5.17375,1748.9,54.8
2026-10-02T20:30:14Z,2026-10-09,7,76000.0,C,0.098,0.1025,0.1003,84438.04,84335.82,0.414,0.9736,1e-05,6.88204,50.2,0.0
2026-10-02T20:30:14Z,2026-10-09,7,76000.0,P,0.0005,0.0006,0.0006,84438.04,84335.82,0.414,-0.0264,1e-05,6.88204,647.7,530.0
2026-10-02T20:30:14Z,2026-10-09,7,77000.0,C,0.087,0.091,0.0886,84438.04,84335.82,0.3823,0.96683,2e-05,8.31786,57.9,0.1
2026-10-02T20:30:14Z,2026-10-09,7,77000.0,P,0.0006,0.0007,0.0007,84433.93,84335.82,0.3823,-0.03324,2e-05,8.33206,218.3,35.5
2026-10-02T20:30:14Z,2026-10-09,7,78000.0,C,0.075,0.079,0.0771,84438.1,84335.82,0.35509999999999997,0.95542,2e-05,10.58261,28.2,0.0
2026-10-02T20:30:14Z,2026-10-09,7,78000.0,P,0.0008,0.001,0.0009,84438.1,84335.82,0.35509999999999997,-0.04458,2e-05,10.58261,882.5,115.2
2026-10-02T20:30:14Z,2026-10-09,7,79000.0,C,0.0635,0.068,0.0656,84438.1,84335.82,0.3326,0.93631,3e-05,14.03954,31.0,0.0
2026-10-02T20:30:14Z,2026-10-09,7,79000.0,P,0.0011,0.0013,0.0013,84438.1,84335.82,0.3326,-0.06369,3e-05,14.03954,554.7,518.0
2026-10-02T20:30:14Z,2026-10-09,7,80000.0,C,0.052,0.0565,0.0543,84438.04,84335.82,0.313,0.90583,5e-05,18.89222,424.8,6.1
2026-10-02T20:30:14Z,2026-10-09,7,80000.0,P,0.0017,0.002,0.0019,84438.1,84335.82,0.313,-0.09417,5e-05,18.89157,1000.1,88.0
2026-10-02T20:30:14Z,2026-10-09,7,81000.0,C,0.0415,0.046,0.0435,84438.04,84335.82,0.29719999999999996,0.85759,7e-05,25.33174,100.3,0.0
2026-10-02T20:30:14Z,2026-10-09,7,81000.0,P,0.0027,0.003,0.0029,84438.1,84335.82,0.29719999999999996,-0.14241,7e-05,25.33096,1121.6,737.3
2026-10-02T20:30:14Z,2026-10-09,7,82000.0,C,0.032,0.0345,0.0336,84438.1,84335.82,0.2864,0.7843,9e-05,32.93319,304.8,3.4
2026-10-02T20:30:14Z,2026-10-09,7,82000.0,P,0.0045,0.0048,0.0048,84438.1,84335.82,0.2864,-0.2157,9e-05,32.93319,813.1,763.4
2026-10-02T20:30:14Z,2026-10-09,7,83000.0,C,0.0235,0.0255,0.0247,84438.1,84335.82,0.2783,0.68504,0.00011,39.96175,105.5,5.5
2026-10-02T20:30:14Z,2026-10-09,7,83000.0,P,0.007,0.008,0.0077,84438.16,84335.82,0.2783,-0.31494,0.00011,39.96116,568.7,357.9
2026-10-02T20:30:14Z,2026-10-09,7,84000.0,C,0.017,0.018,0.0175,84438.16,84335.82,0.2784,0.56308,0.00013,44.31865,427.8,33.6
2026-10-02T20:30:14Z,2026-10-09,7,84000.0,P,0.0115,0.0125,0.0123,84438.16,84335.82,0.2784,-0.43692,0.00013,44.31865,221.7,150.1
2026-10-02T20:30:14Z,2026-10-09,7,85000.0,C,0.011,0.012,0.0117,84438.16,84335.82,0.2767,0.43587,0.00013,44.29974,568.5,118.8
2026-10-02T20:30:14Z,2026-10-09,7,85000.0,P,0.0175,0.0185,0.0183,84438.16,84335.82,0.2767,-0.56413,0.00013,44.29974,713.2,208.1
2026-10-02T20:30:14Z,2026-10-09,7,86000.0,C,0.007,0.008,0.0074,84438.16,84335.82,0.2776,0.31663,0.00011,40.05222,806.0,87.5
2026-10-02T20:30:14Z,2026-10-09,7,86000.0,P,0.0255,0.027,0.026,84438.1,84335.82,0.2775,-0.68338,0.00011,40.05172,258.9,129.8
2026-10-02T20:30:14Z,2026-10-09,7,87000.0,C,0.0044,0.0049,0.0047,84438.16,84335.82,0.2829,0.21942,9e-05,33.2596,581.9,362.0
2026-10-02T20:30:14Z,2026-10-09,7,87000.0,P,0.033,0.037,0.035,84438.1,84335.82,0.2829,-0.78059,9e-05,33.25912,123.5,37.3
2026-10-02T20:30:14Z,2026-10-09,7,88000.0,C,0.0027,0.0031,0.0028,84438.1,84335.82,0.289,0.14597,7e-05,25.7569,556.6,157.3
2026-10-02T20:30:14Z,2026-10-09,7,88000.0,P,0.0425,0.047,0.0452,84433.93,84335.82,0.289,-0.85432,7e-05,25.72066,9.2,5.6
2026-10-02T20:30:14Z,2026-10-09,7,89000.0,C,0.0016,0.002,0.0017,84438.22,84335.82,0.2975,0.09548,5e-05,19.08429,285.5,140.1
2026-10-02T20:30:14Z,2026-10-09,7,89000.0,P,0.053,0.058,0.0558,84438.22,84335.82,0.2975,-0.90452,5e-05,19.08429,5.1,4.1
2026-10-02T20:30:14Z,2026-10-09,7,90000.0,C,0.001,0.0013,0.0011,84438.63,84335.82,0.3078,0.06239,4e-05,13.81554,1765.7,592.8
2026-10-02T20:30:14Z,2026-10-09,7,90000.0,P,0.0645,0.0695,0.067,84438.63,84335.82,0.3078,-0.93761,4e-05,13.81554,2.3,2.0
2026-10-02T20:30:14Z,2026-10-09,7,92000.0,C,0.0004,0.0006,0.0005,84438.22,84335.82,0.3336,0.02822,2e-05,7.27526,968.8,588.5
2026-10-02T20:30:14Z,2026-10-09,7,92000.0,P,0.0875,0.0925,0.09,84438.63,84335.82,0.3336,-0.97177,2e-05,7.27681,0.0,0.0
2026-10-02T20:30:14Z,2026-10-09,7,94000.0,C,0.0002,0.0003,0.0003,84438.63,84335.82,0.3664,0.01489,1e-05,4.23413,480.3,123.3
2026-10-02T20:30:14Z,2026-10-09,7,94000.0,P,0.1105,0.116,0.1135,84438.63,84335.82,0.3664,-0.98511,1e-05,4.23413,0.0,0.0
2026-10-02T20:30:14Z,2026-10-09,7,95000.0,C,0.0001,0.0003,0.0002,84438.63,84335.82,0.37810000000000005,0.01032,1e-05,3.08285,1107.1,77.2
2026-10-02T20:30:14Z,2026-10-09,7,95000.0,P,0.1225,0.128,0.1253,84438.63,84335.82,0.37810000000000005,-0.98968,1e-05,3.08285,0.7,0.0
2026-10-02T20:30:14Z,2026-10-09,7,100000.0,C,0.0,0.0002,0.0001,84438.63,84335.82,0.4658,0.00352,0.0,1.18863,327.8,47.6
2026-10-02T20:30:14Z,2026-10-09,7,100000.0,P,0.181,0.187,0.1844,84438.63,84335.82,0.4658,-0.99648,0.0,1.18863,10.8,7.0
2026-10-02T20:30:14Z,2026-10-16,14,70000.0,C,0.1705,0.1745,0.1726,84543.57,84335.82,0.47729999999999995,0.9823,1e-05,7.08843,0.0,0.0
2026-10-02T20:30:14Z,2026-10-16,14,70000.0,P,0.0005,0.0007,0.0006,84543.98,84335.82,0.47729999999999995,-0.01769,1e-05,7.08768,73.0,11.1
2026-10-02T20:30:14Z,2026-10-16,14,75000.0,C,0.1125,0.1165,0.1144,84543.57,84335.82,0.3858,0.95081,2e-05,16.53862,0.0,0.0
2026-10-02T20:30:14Z,2026-10-16,14,75000.0,P,0.0014,0.0017,0.0016,84543.93,84335.82,0.3858,-0.04918,2e-05,16.5369,95.6,25.4
2026-10-02T20:30:14Z,2026-10-16,14,76000.0,C,0.101,0.1055,0.103,84543.98,84335.82,0.3693,0.93781,2e-05,19.9034,0.0,0.0
2026-10-02T20:30:14Z,2026-10-16,14,76000.0,P,0.0018,0.0021,0.002,84543.93,84335.82,0.3693,-0.06219,2e-05,19.90364,549.1,712.2
2026-10-02T20:30:14Z,2026-10-16,14,78000.0,C,0.0785,0.083,0.0808,84543.98,84335.82,0.34369999999999995,0.89487,3e-05,29.56796,0.1,0.1
2026-10-02T20:30:14Z,2026-10-16,14,78000.0,P,0.0032,0.0036,0.0034,84543.98,84335.82,0.34369999999999995,-0.10513,3e-05,29.56796,642.7,167.0
2026-10-02T20:30:14Z,2026-10-16,14,79000.0,C,0.068,0.072,0.0701,84543.57,84335.82,0.33299999999999996,0.86253,4e-05,35.7144,8.6,0.0
2026-10-02T20:30:14Z,2026-10-16,14,79000.0,P,0.0043,0.0048,0.0046,84543.98,84335.82,0.33299999999999996,-0.13746,4e-05,35.71162,185.9,29.3
2026-10-02T20:30:14Z,2026-10-16,14,80000.0,C,0.058,0.062,0.06,84543.57,84335.82,0.3246,0.82039,5e-05,42.57169,10.6,1.1
2026-10-02T20:30:14Z,2026-10-16,14,80000.0,P,0.006,0.0065,0.0063,84543.57,84335.82,0.3246,-0.17961,5e-05,42.57169,1277.5,1315.8
2026-10-02T20:30:14Z,2026-10-16,14,81000.0,C,0.049,0.0515,0.0504,84543.84,84335.82,0.3178,0.7678,6e-05,49.59438,8.6,0.9
2026-10-02T20:30:14Z,2026-10-16,14,81000.0,P,0.008,0.009,0.0085,84543.84,84335.82,0.3178,-0.2322,6e-05,49.59438,116.7,62.2
2026-10-02T20:30:14Z,2026-10-16,14,82000.0,C,0.0405,0.0425,0.0417,84543.97,84335.82,0.3129,0.70477,7e-05,56.07615,17.8,0.2
2026-10-02T20:30:14Z,2026-10-16,14,82000.0,P,0.011,0.012,0.0116,84543.84,84335.82,0.3129,-0.29524,7e-05,56.07683,179.9,2.3
2026-10-02T20:30:14Z,2026-10-16,14,83000.0,C,0.033,0.0345,0.0338,84543.97,84335.82,0.3107,0.63253,7e-05,61.20347,39.2,11.6
2026-10-02T20:30:14Z,2026-10-16,14,83000.0,P,0.015,0.016,0.0156,84543.84,84335.82,0.3107,-0.36748,7e-05,61.20391,494.1,74.9
2026-10-02T20:30:14Z,2026-10-16,14,84000.0,C,0.0265,0.0275,0.0271,84543.84,84335.82,0.311,0.55482,8e-05,64.20058,36.4,20.1
2026-10-02T20:30:14Z,2026-10-16,14,84000.0,P,0.02,0.021,0.0207,84543.84,84335.82,0.311,-0.44518,8e-05,64.20058,86.2,8.0
2026-10-02T20:30:14Z,2026-10-16,14,85000.0,C,0.0205,0.0215,0.0212,84543.84,84335.82,0.3103,0.47591,8e-05,64.69534,89.5,18.3
2026-10-02T20:30:14Z,2026-10-16,14,85000.0,P,0.026,0.027,0.0266,84543.97,84335.82,0.3103,-0.52408,8e-05,64.69554,31.7,32.3
2026-10-02T20:30:14Z,2026-10-16,14,86000.0,C,0.016,0.017,0.0164,84543.84,84335.82,0.3107,0.3989,8e-05,62.72114,228.7,26.1
2026-10-02T20:30:14Z,2026-10-16,14,86000.0,P,0.0325,0.0345,0.0336,84543.84,84335.82,0.3107,-0.6011,8e-05,62.72114,21.6,10.3
2026-10-02T20:30:14Z,2026-10-16,14,87000.0,C,0.012,0.013,0.0124,84543.84,84335.82,0.31170000000000003,0.32699,7e-05,58.61871,371.8,32.2
2026-10-02T20:30:14Z,2026-10-16,14,87000.0,P,0.04,0.0425,0.0415,84543.84,84335.82,0.31170000000000003,-0.67301,7e-05,58.61871,24.5,7.8
2026-10-02T20:30:14Z,2026-10-16,14,88000.0,C,0.009,0.01,0.0094,84543.84,84335.82,0.3154,0.26411,6e-05,53.12266,89.1,31.8
2026-10-02T20:30:14Z,2026-10-16,14,88000.0,P,0.0485,0.052,0.0503,84543.97,84335.82,0.3154,-0.73588,6e-05,53.1236,0.2,0.0
2026-10-02T20:30:14Z,2026-10-16,14,89000.0,C,0.0065,0.0075,0.007,84534.86,84335.82,0.31739999999999996,0.20802,6e-05,46.55663,462.1,74.6
2026-10-02T20:30:14Z,2026-10-16,14,89000.0,P,0.0575,0.062,0.0597,84534.86,84335.82,0.31739999999999996,-0.79198,6e-05,46.55663,7.7,1.1
2026-10-02T20:30:14Z,2026-10-16,14,90000.0,C,0.005,0.0055,0.0052,84534.86,84335.82,0.322,0.16321,5e-05,40.04027,608.5,311.7
2026-10-02T20:30:14Z,2026-10-16,14,90000.0,P,0.0675,0.072,0.0698,84534.86,84335.82,0.322,-0.83679,5e-05,40.04027,3.1,3.1
2026-10-02T20:30:14Z,2026-10-16,14,92000.0,C,0.0027,0.0031,0.0029,84534.86,84335.82,0.33159999999999995,0.09749,3e-05,27.983,276.4,255.2
2026-10-02T20:30:14Z,2026-10-16,14,92000.0,P,0.0885,0.0935,0.0911,84534.86,84335.82,0.33159999999999995,-0.90251,3e-05,27.983,0.1,0.0
2026-10-02T20:30:14Z,2026-10-16,14,94000.0,C,0.0015,0.0018,0.0016,84534.86,84335.82,0.3446,0.05825,2e-05,18.90793,113.3,108.6
2026-10-02T20:30:14Z,2026-10-16,14,94000.0,P,0.111,0.116,0.1135,84534.86,84335.82,0.3446,-0.94175,2e-05,18.90793,0.0,0.0
2026-10-02T20:30:14Z,2026-10-16,14,95000.0,C,0.0011,0.0013,0.0012,84534.86,84335.82,0.35200000000000004,0.04535,2e-05,15.495,271.7,144.3
2026-10-02T20:30:14Z,2026-10-16,14,95000.0,P,0.122,0.1275,0.1249,84535.03,84335.82,0.35200000000000004,-0.95464,2e-05,15.49584,0.0,0.0
2026-10-02T20:30:14Z,2026-10-16,14,100000.0,C,0.0003,0.0006,0.0005,84534.86,84335.82,0.4046,0.01691,1e-05,6.81807,316.5,304.6
2026-10-02T20:30:14Z,2026-10-16,14,100000.0,P,0.1805,0.186,0.1833,84535.03,84335.82,0.4046,-0.98309,1e-05,6.81786,1.1,0.0
2026-10-02T20:30:14Z,2026-10-23,21,70000.0,C,0.1725,0.176,0.1743,84616.55,84335.82,0.4508,0.96632,1e-05,15.00601,0.0,0.0
2026-10-02T20:30:14Z,2026-10-23,21,70000.0,P,0.0013,0.0016,0.0015,84616.55,84335.82,0.4508,-0.03368,1e-05,15.00574,29.9,24.9
2026-10-02T20:30:14Z,2026-10-23,21,73000.0,C,0.138,0.1415,0.1397,84616.55,84335.82,0.4046,0.94395,1e-05,22.63211,0.0,0.0
2026-10-02T20:30:14Z,2026-10-23,21,73000.0,P,0.0022,0.0025,0.0024,84616.55,84335.82,0.4046,-0.05605,1e-05,22.63211,1.4,1.4
2026-10-02T20:30:14Z,2026-10-23,21,75000.0,C,0.115,0.119,0.1172,84625.56,84335.82,0.3775,0.91852,2e-05,30.21626,0.0,0.0
2026-10-02T20:30:14Z,2026-10-23,21,75000.0,P,0.0032,0.0036,0.0034,84616.55,84335.82,0.3775,-0.08166,2e-05,30.26326,3.7,1.6
2026-10-02T20:30:14Z,2026-10-23,21,76000.0,C,0.104,0.108,0.1062,84625.56,84335.82,0.366,0.90032,2e-05,35.09499,0.0,0.0
2026-10-02T20:30:14Z,2026-10-23,21,76000.0,P,0.004,0.0044,0.0042,84616.55,84335.82,0.366,-0.09989,2e-05,35.14658,1.5,1.4
2026-10-02T20:30:14Z,2026-10-23,21,78000.0,C,0.083,0.0865,0.0848,84624.26,84335.82,0.3457,0.84999,3e-05,46.73752,0.8,0.8
2026-10-02T20:30:14Z,2026-10-23,21,78000.0,P,0.006,0.007,0.0066,84616.55,84335.82,0.3457,-0.15027,3e-05,46.78776,504.7,502.6
2026-10-02T20:30:14Z,2026-10-23,21,79000.0,C,0.073,0.0765,0.0749,84616.55,84335.82,0.3397,0.81429,4e-05,53.62831,0.0,0.0
2026-10-02T20:30:14Z,2026-10-23,21,79000.0,P,0.008,0.009,0.0085,84616.55,84335.82,0.3397,-0.18571,4e-05,53.62831,50.0,21.9
2026-10-02T20:30:14Z,2026-10-23,21,80000.0,C,0.0635,0.0665,0.0653,84624.26,84335.82,0.33140000000000003,0.7749,5e-05,60.13126,0.0,0.0
2026-10-02T20:30:14Z,2026-10-23,21,80000.0,P,0.01,0.011,0.0106,84624.41,84335.82,0.33140000000000003,-0.22509,5e-05,60.12998,38.7,37.6
2026-10-02T20:30:14Z,2026-10-23,21,81000.0,C,0.0555,0.0575,0.0564,84616.55,84335.82,0.3275,0.72635,5e-05,66.71434,0.0,0.0
2026-10-02T20:30:14Z,2026-10-23,21,81000.0,P,0.013,0.014,0.0136,84624.41,84335.82,0.3275,-0.27325,5e-05,66.67229,24.7,24.6
2026-10-02T20:30:14Z,2026-10-23,21,82000.0,C,0.0475,0.049,0.048,84624.26,84335.82,0.3236,0.6734,6e-05,72.28804,0.0,0.0
2026-10-02T20:30:14Z,2026-10-23,21,82000.0,P,0.0165,0.0175,0.0171,84624.41,84335.82,0.3236,-0.32659,6e-05,72.28742,22.8,22.7
2026-10-02T20:30:14Z,2026-10-23,21,83000.0,C,0.04,0.0415,0.0404,84624.26,84335.82,0.31980000000000003,0.61551,6e-05,76.59045,1.8,0.0
2026-10-02T20:30:14Z,2026-10-23,21,83000.0,P,0.021,0.022,0.0213,84624.41,84335.82,0.31980000000000003,-0.38448,6e-05,76.59005,13.7,5.7
2026-10-02T20:30:14Z,2026-10-23,21,84000.0,C,0.0335,0.0345,0.0339,84624.26,84335.82,0.3195,0.55396,6e-05,79.23378,20.1,3.7
2026-10-02T20:30:14Z,2026-10-23,21,84000.0,P,0.026,0.027,0.0265,84616.55,84335.82,0.3195,-0.44652,6e-05,79.23945,11.7,9.8
2026-10-02T20:30:14Z,2026-10-23,21,85000.0,C,0.0275,0.0285,0.0281,84624.41,84335.82,0.3196,0.49177,6e-05,79.94947,2.0,2.0
2026-10-02T20:30:14Z,2026-10-23,21,85000.0,P,0.0315,0.0325,0.0326,84624.41,84335.82,0.3196,-0.50823,6e-05,79.94947,18.6,18.6
2026-10-02T20:30:14Z,2026-10-23,21,86000.0,C,0.0225,0.0235,0.0229,84626.7,84335.82,0.3195,0.43059,6e-05,78.75506,24.0,22.0
2026-10-02T20:30:14Z,2026-10-23,21,86000.0,P,0.0385,0.0395,0.0393,84626.7,84335.82,0.3195,-0.56941,6e-05,78.75506,52.2,46.0
2026-10-02T20:30:14Z,2026-10-23,21,87000.0,C,0.018,0.019,0.0186,84626.7,84335.82,0.3204,0.37205,6e-05,75.81935,29.1,36.5
2026-10-02T20:30:14Z,2026-10-23,21,87000.0,P,0.0455,0.0475,0.0468,84626.7,84335.82,0.3204,-0.62795,6e-05,75.81935,2.3,2.0
2026-10-02T20:30:14Z,2026-10-23,21,88000.0,C,0.0145,0.0155,0.0149,84626.7,84335.82,0.32049999999999995,0.31668,6e-05,71.36953,34.0,31.6
2026-10-02T20:30:14Z,2026-10-23,21,88000.0,P,0.0535,0.056,0.0549,84624.41,84335.82,0.32049999999999995,-0.68345,6e-05,71.35546,0.0,0.0
2026-10-02T20:30:14Z,2026-10-23,21,89000.0,C,0.0115,0.0125,0.0119,84626.7,84335.82,0.3225,0.26714,5e-05,65.92404,25.1,27.0
2026-10-02T20:30:14Z,2026-10-23,21,89000.0,P,0.062,0.0655,0.0637,84624.41,84335.82,0.3225,-0.73298,5e-05,65.90774,0.0,0.0
2026-10-02T20:30:14Z,2026-10-23,21,90000.0,C,0.009,0.01,0.0095,84626.7,84335.82,0.32539999999999997,0.22359,5e-05,59.90323,47.4,43.5
2026-10-02T20:30:14Z,2026-10-23,21,90000.0,P,0.0715,0.075,0.0732,84624.41,84335.82,0.32539999999999997,-0.77652,5e-05,59.88562,0.0,0.0
2026-10-02T20:30:14Z,2026-10-23,21,92000.0,C,0.006,0.0065,0.0062,84624.41,84335.82,0.33409999999999995,0.15469,4e-05,47.70151,220.1,214.5
2026-10-02T20:30:14Z,2026-10-23,21,92000.0,P,0.091,0.0955,0.0934,84624.41,84335.82,0.33409999999999995,-0.84531,4e-05,47.70151,0.0,0.0
2026-10-02T20:30:14Z,2026-10-23,21,94000.0,C,0.0038,0.0042,0.004,84624.41,84335.82,0.344,0.10591,3e-05,36.67561,46.9,50.9
2026-10-02T20:30:14Z,2026-10-23,21,94000.0,P,0.1125,0.117,0.1149,84624.41,84335.82,0.344,-0.89409,3e-05,36.67561,0.0,0.0
2026-10-02T20:30:14Z,2026-10-23,21,95000.0,C,0.0031,0.0035,0.0033,84624.41,84335.82,0.3502,0.08809,2e-05,32.03611,6.3,5.6
2026-10-02T20:30:14Z,2026-10-23,21,95000.0,P,0.1235,0.1285,0.126,84626.7,84335.82,0.3502,-0.91185,2e-05,32.05111,0.0,0.0
2026-10-02T20:30:14Z,2026-10-23,21,96000.0,C,0.0025,0.0029,0.0027,84624.41,84335.82,0.35719999999999996,0.07374,2e-05,28.00922,0.0,0.0
2026-10-02T20:30:14Z,2026-10-23,21,96000.0,P,0.1345,0.1395,0.1372,84624.41,84335.82,0.35719999999999996,-0.92626,2e-05,28.00922,0.0,0.0
2026-10-02T20:30:14Z,2026-10-23,21,100000.0,C,0.0012,0.0015,0.0014,84624.41,84335.82,0.3884,0.03847,1e-05,16.73242,204.3,203.3
2026-10-02T20:30:14Z,2026-10-23,21,100000.0,P,0.1805,0.1855,0.1832,84626.6,84335.82,0.3884,-0.96151,1e-05,16.74145,0.0,0.0
2026-10-02T20:30:14Z,2026-10-23,21,105000.0,C,0.0006,0.0009,0.0007,84625.78,84335.82,0.43229999999999996,0.01993,1e-05,9.67452,20.1,20.1
2026-10-02T20:30:14Z,2026-10-23,21,105000.0,P,0.2385,0.244,0.2416,84626.6,84335.82,0.43229999999999996,-0.98007,1e-05,9.6765,0.0,0.0
2026-10-02T20:30:14Z,2026-10-30,28,40000.0,C,0.5265,0.5295,0.528,84734.23,84335.82,0.9414,0.9988,0.0,0.92615,0.3,0.0
2026-10-02T20:30:14Z,2026-10-30,28,40000.0,P,0.0,0.0001,0.0001,84734.23,84335.82,0.9414,-0.0012,0.0,0.92615,226.9,20.4
2026-10-02T20:30:14Z,2026-10-30,28,45000.0,C,0.4675,0.4705,0.469,84734.23,84335.82,0.804,0.99855,0.0,1.09675,0.9,0.0
2026-10-02T20:30:14Z,2026-10-30,28,45000.0,P,0.0,0.0001,0.0001,84734.23,84335.82,0.804,-0.00145,0.0,1.09675,353.3,32.8
2026-10-02T20:30:14Z,2026-10-30,28,48000.0,C,0.432,0.4355,0.4337,84734.23,84335.82,0.7563,0.99776,0.0,1.63195,8.5,0.0
2026-10-02T20:30:14Z,2026-10-30,28,48000.0,P,0.0001,0.0002,0.0001,84734.23,84335.82,0.7563,-0.00224,0.0,1.63195,198.2,4.7
2026-10-02T20:30:14Z,2026-10-30,28,50000.0,C,0.4085,0.412,0.4101,84734.23,84335.82,0.7223,0.99712,0.0,2.05329,1.1,0.0
2026-10-02T20:30:14Z,2026-10-30,28,50000.0,P,0.0001,0.0003,0.0002,84734.23,84335.82,0.7223,-0.00288,0.0,2.05329,428.5,0.0
2026-10-02T20:30:14Z,2026-10-30,28,52000.0,C,0.385,0.3885,0.3866,84734.23,84335.82,0.6957,0.99602,0.0,2.74346,0.1,0.0
2026-10-02T20:30:14Z,2026-10-30,28,52000.0,P,0.0002,0.0003,0.0002,84734.23,84335.82,0.6957,-0.00398,0.0,2.74346,135.1,8.8
2026-10-02T20:30:14Z,2026-10-30,28,54000.0,C,0.3615,0.365,0.363,84734.23,84335.82,0.6678000000000001,0.99462,0.0,3.58759,0.1,0.0
2026-10-02T20:30:14Z,2026-10-30,28,54000.0,P,0.0003,0.0004,0.0003,84734.23,84335.82,0.6678000000000001,-0.00538,0.0,3.58759,191.5,0.0
2026-10-02T20:30:14Z,2026-10-30,28,55000.0,C,0.3495,0.3535,0.3513,84734.23,84335.82,0.6567000000000001,0.99359,0.0,4.19301,0.1,0.0
2026-10-02T20:30:14Z,2026-10-30,28,55000.0,P,0.0003,0.0005,0.0004,84734.23,84335.82,0.6567000000000001,-0.00641,0.0,4.19301,301.1,2.1
2026-10-02T20:30:14Z,2026-10-30,28,56000.0,C,0.338,0.3415,0.3395,84734.23,84335.82,0.638,0.99292,0.0,4.57374,0.5,0.0
2026-10-02T20:30:14Z,2026-10-30,28,56000.0,P,0.0004,0.0005,0.0004,84734.23,84335.82,0.638,-0.00708,0.0,4.57344,470.0,0.0
2026-10-02T20:30:14Z,2026-10-30,28,57000.0,C,0.326,0.33,0.3278,84734.23,84335.82,0.6255,0.99171,0.0,5.25656,0.1,0.0
2026-10-02T20:30:14Z,2026-10-30,28,57000.0,P,0.0004,0.0006,0.0005,84733.7,84335.82,0.6255,-0.00829,0.0,5.2569,206.8,0.0
2026-10-02T20:30:14Z,2026-10-30,28,58000.0,C,0.3145,0.318,0.3161,84733.7,84335.82,0.6119,0.9904,0.0,5.97858,0.0,0.0
2026-10-02T20:30:14Z,2026-10-30,28,58000.0,P,0.0005,0.0007,0.0006,84733.7,84335.82,0.6119,-0.0096,0.0,5.97887,329.4,0.9
2026-10-02T20:30:14Z,2026-10-30,28,59000.0,C,0.3025,0.3065,0.3043,84733.7,84335.82,0.591,0.98965,0.0,6.3868,1.0,0.0
2026-10-02T20:30:14Z,2026-10-30,28,59000.0,P,0.0005,0.0007,0.0006,84733.7,84335.82,0.591,-0.01035,0.0,6.3868,313.3,20.0
2026-10-02T20:30:14Z,2026-10-30,28,60000.0,C,0.291,0.295,0.2926,84733.7,84335.82,0.579,0.98785,0.0,7.34062,13.7,0.0
2026-10-02T20:30:14Z,2026-10-30,28,60000.0,P,0.0006,0.0008,0.0007,84733.7,84335.82,0.579,-0.01215,0.0,7.34062,1287.4,1.0
2026-10-02T20:30:14Z,2026-10-30,28,61000.0,C,0.2795,0.283,0.2809,84733.7,84335.82,0.5652,0.98598,0.0,8.30932,17.7,10.1
2026-10-02T20:30:14Z,2026-10-30,28,61000.0,P,0.0007,0.0009,0.0008,84733.7,84335.82,0.5652,-0.01402,0.0,8.30932,278.1,2.0
2026-10-02T20:30:14Z,2026-10-30,28,62000.0,C,0.2675,0.2715,0.2692,84733.7,84335.82,0.5502,0.98401,0.0,9.30253,13.5,0.0
2026-10-02T20:30:14Z,2026-10-30,28,62000.0,P,0.0008,0.001,0.0009,84733.7,84335.82,0.5502,-0.01599,0.0,9.30253,1258.6,2.5
2026-10-02T20:30:14Z,2026-10-30,28,63000.0,C,0.256,0.26,0.2575,84734.2,84335.82,0.5367000000000001,0.98153,0.0,10.52087,148.3,0.0
2026-10-02T20:30:14Z,2026-10-30,28,63000.0,P,0.001,0.0012,0.001,84733.7,84335.82,0.5367000000000001,-0.01847,0.0,10.52169,641.0,1.0
2026-10-02T20:30:14Z,2026-10-30,28,64000.0,C,0.244,0.248,0.2459,84734.2,84335.82,0.5223,0.97882,0.0,11.81763,422.1,0.0
2026-10-02T20:30:14Z,2026-10-30,28,64000.0,P,0.0011,0.0013,0.0012,84733.7,84335.82,0.5223,-0.02118,0.0,11.81855,559.3,0.0
2026-10-02T20:30:14Z,2026-10-30,28,65000.0,C,0.2325,0.2365,0.2342,84733.3,84335.82,0.5073,0.97583,0.0,13.20757,427.4,3.0
2026-10-02T20:30:14Z,2026-10-30,28,65000.0,P,0.0012,0.0015,0.0013,84733.3,84335.82,0.5073,-0.02417,0.0,13.20757,1255.7,776.4
2026-10-02T20:30:14Z,2026-10-30,28,66000.0,C,0.221,0.2245,0.2226,84733.7,84335.82,0.4927,0.97231,1e-05,14.79841,76.9,0.0
2026-10-02T20:30:14Z,2026-10-30,28,66000.0,P,0.0014,0.0016,0.0015,84733.3,84335.82,0.4927,-0.02769,1e-05,14.79926,538.6,0.5
2026-10-02T20:30:14Z,2026-10-30,28,67000.0,C,0.2095,0.213,0.211,84733.7,84335.82,0.479,0.96803,1e-05,16.67426,108.4,0.0
2026-10-02T20:30:14Z,2026-10-30,28,67000.0,P,0.0017,0.0019,0.0017,84733.3,84335.82,0.479,-0.03197,1e-05,16.6756,685.6,13.5
2026-10-02T20:30:14Z,2026-10-30,28,68000.0,C,0.1975,0.2015,0.1995,84733.3,84335.82,0.46649999999999997,0.96269,1e-05,18.93008,467.2,29.9
2026-10-02T20:30:14Z,2026-10-30,28,68000.0,P,0.0019,0.0021,0.002,84733.3,84335.82,0.46649999999999997,-0.03731,1e-05,18.93008,1380.5,1.1
2026-10-02T20:30:14Z,2026-10-30,28,69000.0,C,0.186,0.19,0.188,84733.3,84335.82,0.45280000000000004,0.95685,1e-05,21.30404,617.5,75.4
2026-10-02T20:30:14Z,2026-10-30,28,69000.0,P,0.0022,0.0024,0.0023,84733.3,84335.82,0.45280000000000004,-0.04315,1e-05,21.30404,1586.7,4.1
2026-10-02T20:30:14Z,2026-10-30,28,70000.0,C,0.1745,0.1785,0.1765,84733.3,84335.82,0.4384,0.95033,1e-05,23.85159,3758.5,262.6
2026-10-02T20:30:14Z,2026-10-30,28,70000.0,P,0.0025,0.0027,0.0026,84733.82,84335.82,0.4384,-0.04966,1e-05,23.84973,2081.2,20.3
2026-10-02T20:30:14Z,2026-10-30,28,71000.0,C,0.1635,0.1675,0.1651,84733.3,84335.82,0.4257,0.94204,1e-05,26.95246,944.4,175.1
2026-10-02T20:30:14Z,2026-10-30,28,71000.0,P,0.0029,0.0032,0.003,84733.3,84335.82,0.4257,-0.05796,1e-05,26.95246,1392.1,312.8
2026-10-02T20:30:14Z,2026-10-30,28,72000.0,C,0.152,0.156,0.1538,84733.3,84335.82,0.4131,0.93232,1e-05,30.41359,817.7,150.0
2026-10-02T20:30:14Z,2026-10-30,28,72000.0,P,0.0034,0.0037,0.0035,84733.3,84335.82,0.4131,-0.06768,1e-05,30.41359,1073.7,865.8
2026-10-02T20:30:14Z,2026-10-30,28,73000.0,C,0.141,0.145,0.1426,84733.3,84335.82,0.40159999999999996,0.92042,2e-05,34.42699,605.7,125.0
2026-10-02T20:30:14Z,2026-10-30,28,73000.0,P,0.0039,0.0043,0.0042,84733.3,84335.82,0.40159999999999996,-0.07958,2e-05,34.42741,1563.4,11.4
2026-10-02T20:30:14Z,2026-10-30,28,74000.0,C,0.1295,0.134,0.1315,84733.3,84335.82,0.3895,0.90672,2e-05,38.76827,655.7,3.2
2026-10-02T20:30:14Z,2026-10-30,28,74000.0,P,0.0047,0.005,0.0049,84733.3,84335.82,0.3895,-0.09328,2e-05,38.76827,1325.5,118.3
2026-10-02T20:30:14Z,2026-10-30,28,75000.0,C,0.119,0.123,0.1206,84732.19,84335.82,0.3784,0.89007,2e-05,43.69602,1166.5,0.4
2026-10-02T20:30:14Z,2026-10-30,28,75000.0,P,0.0055,0.006,0.0058,84732.19,84335.82,0.3784,-0.10993,2e-05,43.69602,1881.5,619.3
2026-10-02T20:30:14Z,2026-10-30,28,76000.0,C,0.108,0.112,0.1101,84732.19,84335.82,0.37070000000000003,0.86868,2e-05,49.52558,495.5,0.0
2026-10-02T20:30:14Z,2026-10-30,28,76000.0,P,0.0065,0.0075,0.007,84733.82,84335.82,0.37070000000000003,-0.13128,2e-05,49.51624,889.6,51.6
2026-10-02T20:30:14Z,2026-10-30,28,77000.0,C,0.098,0.102,0.0997,84732.19,84335.82,0.36229999999999996,0.84429,3e-05,55.56585,210.7,2.5
2026-10-02T20:30:14Z,2026-10-30,28,77000.0,P,0.008,0.009,0.0085,84732.19,84335.82,0.36229999999999996,-0.15571,3e-05,55.56585,647.8,14.7
2026-10-02T20:30:14Z,2026-10-30,28,78000.0,C,0.088,0.092,0.0897,84732.19,84335.82,0.35409999999999997,0.81609,3e-05,61.83027,492.0,10.5
2026-10-02T20:30:14Z,2026-10-30,28,78000.0,P,0.01,0.0105,0.0102,84732.19,84335.82,0.35409999999999997,-0.18391,3e-05,61.83012,1225.3,163.0
2026-10-02T20:30:14Z,2026-10-30,28,79000.0,C,0.079,0.081,0.0801,84733.33,84335.82,0.3482,0.78263,4e-05,68.36354,268.9,0.8
2026-10-02T20:30:14Z,2026-10-30,28,79000.0,P,0.012,0.013,0.0124,84732.19,84335.82,0.3482,-0.21741,4e-05,68.37014,973.7,30.3
2026-10-02T20:30:14Z,2026-10-30,28,80000.0,C,0.0695,0.073,0.0709,84732.19,84335.82,0.3418,0.74525,4e-05,74.61571,1385.2,0.7
2026-10-02T20:30:14Z,2026-10-30,28,80000.0,P,0.0145,0.0155,0.015,84732.19,84335.82,0.3418,-0.25475,4e-05,74.61571,2327.9,558.8
2026-10-02T20:30:14Z,2026-10-30,28,81000.0,C,0.0605,0.0645,0.0623,84732.19,84335.82,0.3367,0.70325,4e-05,80.43362,694.2,0.1
2026-10-02T20:30:14Z,2026-10-30,28,81000.0,P,0.018,0.0185,0.0182,84732.19,84335.82,0.3367,-0.29675,4e-05,80.43356,581.9,3.1
2026-10-02T20:30:14Z,2026-10-30,28,82000.0,C,0.0535,0.0555,0.0544,84732.19,84335.82,0.33390000000000003,0.65672,5e-05,85.49679,1332.7,1.0
2026-10-02T20:30:14Z,2026-10-30,28,82000.0,P,0.0215,0.0225,0.0221,84732.19,84335.82,0.33390000000000003,-0.34328,5e-05,85.49685,504.8,47.8
2026-10-02T20:30:14Z,2026-10-30,28,83000.0,C,0.0465,0.048,0.047,84732.79,84335.82,0.3309,0.60756,5e-05,89.35752,707.8,0.1
2026-10-02T20:30:14Z,2026-10-30,28,83000.0,P,0.026,0.027,0.0265,84732.79,84335.82,0.3309,-0.39244,5e-05,89.35752,653.1,29.9
2026-10-02T20:30:14Z,2026-10-30,28,84000.0,C,0.04,0.041,0.0406,84732.79,84335.82,0.331,0.55608,5e-05,91.83142,1292.1,32.6
2026-10-02T20:30:14Z,2026-10-30,28,84000.0,P,0.031,0.032,0.0319,84732.79,84335.82,0.331,-0.44392,5e-05,91.83142,778.5,71.7
2026-10-02T20:30:14Z,2026-10-30,28,85000.0,C,0.034,0.035,0.0345,84732.79,84335.82,0.32899999999999996,0.50409,5e-05,92.7446,2032.9,15.7
2026-10-02T20:30:14Z,2026-10-30,28,85000.0,P,0.037,0.038,0.0376,84732.79,84335.82,0.32899999999999996,-0.49591,5e-05,92.7446,762.8,256.5
2026-10-02T20:30:14Z,2026-10-30,28,86000.0,C,0.0285,0.03,0.0292,84732.79,84335.82,0.3284,0.45235,5e-05,92.0872,1276.5,2.9
2026-10-02T20:30:14Z,2026-10-30,28,86000.0,P,0.0435,0.0445,0.0442,84732.79,84335.82,0.3284,-0.54765,5e-05,92.0872,225.6,98.2
2026-10-02T20:30:14Z,2026-10-30,28,87000.0,C,0.024,0.025,0.0246,84732.79,84335.82,0.3289,0.40225,5e-05,89.95123,919.9,20.2
2026-10-02T20:30:14Z,2026-10-30,28,87000.0,P,0.0505,0.0515,0.0514,84732.79,84335.82,0.3289,-0.59775,5e-05,89.95123,451.8,41.7
2026-10-02T20:30:14Z,2026-10-30,28,88000.0,C,0.02,0.021,0.0206,84732.79,84335.82,0.32939999999999997,0.35443,5e-05,86.50405,1474.0,321.6
2026-10-02T20:30:14Z,2026-10-30,28,88000.0,P,0.057,0.0605,0.0592,84732.79,84335.82,0.32939999999999997,-0.64557,5e-05,86.50405,2383.0,8.6
2026-10-02T20:30:14Z,2026-10-30,28,89000.0,C,0.0165,0.0175,0.0172,84732.79,84335.82,0.33,0.30949,5e-05,81.96112,1152.6,85.9
2026-10-02T20:30:14Z,2026-10-30,28,89000.0,P,0.0655,0.069,0.0675,84732.79,84335.82,0.33,-0.69051,5e-05,81.96112,4.3,6.9
2026-10-02T20:30:14Z,2026-10-30,28,90000.0,C,0.014,0.0145,0.0143,84732.79,84335.82,0.3325,0.26912,4e-05,76.74607,14303.2,755.3
2026-10-02T20:30:14Z,2026-10-30,28,90000.0,P,0.074,0.078,0.0765,84732.79,84335.82,0.3325,-0.73088,4e-05,76.74607,43.1,25.2
2026-10-02T20:30:14Z,2026-10-30,28,91000.0,C,0.0115,0.0125,0.0119,84732.79,84335.82,0.3348,0.2324,4e-05,71.00511,1969.5,246.7
2026-10-02T20:30:14Z,2026-10-30,28,91000.0,P,0.083,0.088,0.0859,84732.79,84335.82,0.3348,-0.7676,4e-05,71.00511,3.5,0.0
2026-10-02T20:30:14Z,2026-10-30,28,92000.0,C,0.0095,0.0105,0.0099,84732.79,84335.82,0.3379,0.20012,4e-05,65.11065,2420.3,1296.5
2026-10-02T20:30:14Z,2026-10-30,28,92000.0,P,0.093,0.098,0.0957,84730.55,84335.82,0.3379,-0.79996,4e-05,65.09362,2.6,0.1
2026-10-02T20:30:14Z,2026-10-30,28,93000.0,C,0.008,0.0085,0.0083,84730.55,84335.82,0.3414,0.17171,3e-05,59.20878,658.3,183.0
2026-10-02T20:30:14Z,2026-10-30,28,93000.0,P,0.103,0.108,0.1058,84730.55,84335.82,0.3414,-0.82829,3e-05,59.20885,2.0,0.0
2026-10-02T20:30:14Z,2026-10-30,28,94000.0,C,0.0065,0.0075,0.0069,84730.55,84335.82,0.34600000000000003,0.14774,3e-05,53.65893,1459.4,270.4
2026-10-02T20:30:14Z,2026-10-30,28,94000.0,P,0.1135,0.119,0.1163,84730.55,84335.82,0.34600000000000003,-0.85226,3e-05,53.65866,0.1,0.0
2026-10-02T20:30:14Z,2026-10-30,28,95000.0,C,0.0055,0.0065,0.0058,84730.55,84335.82,0.3504,0.12678,3e-05,48.33222,23898.8,608.2
2026-10-02T20:30:14Z,2026-10-30,28,95000.0,P,0.124,0.1295,0.127,84730.55,84335.82,0.3504,-0.87321,3e-05,48.33331,201.3,0.0
2026-10-02T20:30:14Z,2026-10-30,28,96000.0,C,0.0047,0.0055,0.005,84730.55,84335.82,0.3579,0.11073,2e-05,43.92243,1610.9,1111.5
2026-10-02T20:30:14Z,2026-10-30,28,96000.0,P,0.135,0.1405,0.138,84730.55,84335.82,0.3579,-0.88927,2e-05,43.92243,0.1,0.0
2026-10-02T20:30:14Z,2026-10-30,28,98000.0,C,0.0034,0.0038,0.0036,84730.55,84335.82,0.3665,0.08127,2e-05,34.97686,963.5,127.8
2026-10-02T20:30:14Z,2026-10-30,28,98000.0,P,0.157,0.1625,0.1602,84730.55,84335.82,0.3665,-0.91873,2e-05,34.97662,27.0,0.0
2026-10-02T20:30:14Z,2026-10-30,28,100000.0,C,0.0025,0.0029,0.0027,84730.55,84335.82,0.3791,0.06168,1e-05,28.30021,13153.3,838.6
2026-10-02T20:30:14Z,2026-10-30,28,100000.0,P,0.1795,0.1855,0.1829,84730.55,84335.82,0.3791,-0.93832,1e-05,28.29992,1.3,0.0
2026-10-02T20:30:14Z,2026-10-30,28,102000.0,C,0.0019,0.0022,0.002,84730.55,84335.82,0.3925,0.04758,1e-05,23.04388,332.8,18.3
2026-10-02T20:30:14Z,2026-10-30,28,102000.0,P,0.2025,0.209,0.2058,84732.63,84335.82,0.3925,-0.9524,1e-05,23.05317,0.0,0.0
2026-10-02T20:30:14Z,2026-10-30,28,104000.0,C,0.0015,0.0018,0.0016,84730.55,84335.82,0.4071,0.03767,1e-05,19.07624,276.8,169.3
2026-10-02T20:30:14Z,2026-10-30,28,104000.0,P,0.226,0.232,0.229,84730.23,84335.82,0.4071,-0.96234,1e-05,19.07502,0.0,0.0
2026-10-02T20:30:14Z,2026-10-30,28,105000.0,C,0.0013,0.0016,0.0014,84730.23,84335.82,0.4131,0.03321,1e-05,17.20633,1218.4,136.8
2026-10-02T20:30:14Z,2026-10-30,28,105000.0,P,0.2375,0.2435,0.2406,84730.23,84335.82,0.4131,-0.96679,1e-05,17.20633,0.3,0.6
2026-10-02T20:30:14Z,2026-10-30,28,106000.0,C,0.0012,0.0015,0.0013,84730.6,84335.82,0.4228,0.03055,1e-05,16.05949,140.1,53.4
2026-10-02T20:30:14Z,2026-10-30,28,106000.0,P,0.2485,0.2555,0.2523,84730.23,84335.82,0.4228,-0.96945,1e-05,16.05863,0.0,0.0
2026-10-02T20:30:14Z,2026-10-30,28,110000.0,C,0.0008,0.0011,0.0009,84730.23,84335.82,0.45299999999999996,0.02078,0.0,11.62659,1255.2,32.4
2026-10-02T20:30:14Z,2026-10-30,28,110000.0,P,0.2955,0.302,0.2991,84730.23,84335.82,0.45299999999999996,-0.97922,0.0,11.62659,0.2,0.0
2026-10-02T20:30:14Z,2026-10-30,28,115000.0,C,0.0005,0.0008,0.0006,84730.23,84335.82,0.48729999999999996,0.01328,0.0,7.92693,168.4,71.8
2026-10-02T20:30:14Z,2026-10-30,28,115000.0,P,0.354,0.361,0.3578,84730.23,84335.82,0.48729999999999996,-0.98672,0.0,7.92693,34.6,0.0
2026-10-02T20:30:14Z,2026-11-27,56,58000.0,C,0.319,0.3225,0.3206,85058.98,84335.82,0.5438000000000001,0.97206,0.0,21.26879,1.9,0.3
2026-10-02T20:30:14Z,2026-11-27,56,58000.0,P,0.0023,0.0026,0.0025,85059.35,84335.82,0.5438000000000001,-0.02794,0.0,21.26801,272.5,5.6
2026-10-02T20:30:14Z,2026-11-27,56,60000.0,C,0.296,0.2995,0.2974,85058.98,84335.82,0.5156000000000001,0.96688,0.0,24.48644,0.8,0.0
2026-10-02T20:30:14Z,2026-11-27,56,60000.0,P,0.0026,0.003,0.0028,85059.35,84335.82,0.5156000000000001,-0.03312,0.0,24.48557,240.1,0.4
2026-10-02T20:30:14Z,2026-11-27,56,62000.0,C,0.273,0.2765,0.2745,85058.98,84335.82,0.4914,0.95962,1e-05,28.79502,0.1,0.0
2026-10-02T20:30:14Z,2026-11-27,56,62000.0,P,0.0032,0.0035,0.0034,85058.98,84335.82,0.4914,-0.04038,1e-05,28.79502,371.8,35.1
2026-10-02T20:30:14Z,2026-11-27,56,64000.0,C,0.25,0.2535,0.2517,85059.35,84335.82,0.4696,0.95006,1e-05,34.16954,0.2,0.0
2026-10-02T20:30:14Z,2026-11-27,56,64000.0,P,0.0039,0.0043,0.0041,85058.98,84335.82,0.4696,-0.04994,1e-05,34.17073,51.8,9.3
2026-10-02T20:30:14Z,2026-11-27,56,66000.0,C,0.2275,0.231,0.2293,85058.98,84335.82,0.4524,0.93658,1e-05,41.25264,0.1,0.0
2026-10-02T20:30:14Z,2026-11-27,56,66000.0,P,0.0049,0.0055,0.0052,85058.98,84335.82,0.4524,-0.06342,1e-05,41.25264,175.1,0.5
2026-10-02T20:30:14Z,2026-11-27,56,67000.0,C,0.2165,0.22,0.218,85059.35,84335.82,0.44020000000000004,0.9301,1e-05,44.4769,0.6,0.0
2026-10-02T20:30:14Z,2026-11-27,56,67000.0,P,0.005,0.006,0.0057,85058.98,84335.82,0.44020000000000004,-0.0699,1e-05,44.47838,181.6,0.0
2026-10-02T20:30:14Z,2026-11-27,56,68000.0,C,0.205,0.209,0.2068,85059.35,84335.82,0.4294,0.92233,1e-05,48.20882,0.0,0.0
2026-10-02T20:30:14Z,2026-11-27,56,68000.0,P,0.006,0.0065,0.0063,85059.35,84335.82,0.4294,-0.07767,1e-05,48.20882,182.2,0.5
2026-10-02T20:30:14Z,2026-11-27,56,69000.0,C,0.194,0.198,0.1959,85059.35,84335.82,0.4207,0.91274,1e-05,52.62563,0.0,0.0
2026-10-02T20:30:14Z,2026-11-27,56,69000.0,P,0.0065,0.0075,0.0071,85058.98,84335.82,0.4207,-0.08726,1e-05,52.6273,123.6,0.1
2026-10-02T20:30:14Z,2026-11-27,56,70000.0,C,0.1835,0.187,0.1851,85059.35,84335.82,0.4139,0.90117,1e-05,57.69864,3.3,0.0
2026-10-02T20:30:14Z,2026-11-27,56,70000.0,P,0.0075,0.0085,0.0081,85058.98,84335.82,0.4139,-0.09883,1e-05,57.70039,231.7,4.6
2026-10-02T20:30:14Z,2026-11-27,56,71000.0,C,0.1725,0.1765,0.1744,85058.98,84335.82,0.40549999999999997,0.88913,1e-05,62.70938,0.2,0.0
2026-10-02T20:30:14Z,2026-11-27,56,71000.0,P,0.0085,0.0095,0.0091,85058.98,84335.82,0.40549999999999997,-0.11087,1e-05,62.70938,28.7,2.8
2026-10-02T20:30:14Z,2026-11-27,56,72000.0,C,0.162,0.166,0.1638,85059.92,84335.82,0.39799999999999996,0.87528,2e-05,68.15645,25.5,0.0
2026-10-02T20:30:14Z,2026-11-27,56,72000.0,P,0.01,0.0105,0.0103,85059.92,84335.82,0.39799999999999996,-0.12472,2e-05,68.15645,84.6,1.2
2026-10-02T20:30:14Z,2026-11-27,56,73000.0,C,0.1515,0.1555,0.1535,85059.35,84335.82,0.392,0.85923,2e-05,74.08686,0.6,0.0
2026-10-02T20:30:14Z,2026-11-27,56,73000.0,P,0.0115,0.012,0.0118,85059.92,84335.82,0.392,-0.14076,2e-05,74.08386,63.3,0.2
2026-10-02T20:30:14Z,2026-11-27,56,74000.0,C,0.1415,0.1455,0.1435,85059.92,84335.82,0.38659999999999994,0.84121,2e-05,80.28818,0.4,0.0
2026-10-02T20:30:14Z,2026-11-27,56,74000.0,P,0.013,0.014,0.0135,85059.92,84335.82,0.38659999999999994,-0.15879,2e-05,80.28818,108.1,0.1
2026-10-02T20:30:14Z,2026-11-27,56,75000.0,C,0.132,0.136,0.1337,85059.35,84335.82,0.38170000000000004,0.82124,2e-05,86.64027,291.4,0.3
2026-10-02T20:30:14Z,2026-11-27,56,75000.0,P,0.015,0.016,0.0155,85059.35,84335.82,0.38170000000000004,-0.17876,2e-05,86.64027,1724.2,47.4
2026-10-02T20:30:14Z,2026-11-27,56,76000.0,C,0.1235,0.1255,0.1241,85059.35,84335.82,0.3762,0.79987,2e-05,92.87713,27.5,0.0
2026-10-02T20:30:14Z,2026-11-27,56,76000.0,P,0.017,0.018,0.0176,85059.35,84335.82,0.3762,-0.20013,2e-05,92.87713,173.2,102.5
2026-10-02T20:30:14Z,2026-11-27,56,77000.0,C,0.114,0.116,0.1149,85059.35,84335.82,0.37189999999999995,0.77611,2e-05,99.17787,82.4,8.5
2026-10-02T20:30:14Z,2026-11-27,56,77000.0,P,0.0195,0.0205,0.0201,85059.92,84335.82,0.37189999999999995,-0.22388,2e-05,99.17506,237.7,3.8
2026-10-02T20:30:14Z,2026-11-27,56,78000.0,C,0.1055,0.107,0.1061,85059.92,84335.82,0.3686,0.7501,3e-05,105.35796,243.0,15.1
2026-10-02T20:30:14Z,2026-11-27,56,78000.0,P,0.0225,0.0235,0.0231,85059.92,84335.82,0.3686,-0.2499,3e-05,105.35796,201.9,0.6
2026-10-02T20:30:14Z,2026-11-27,56,79000.0,C,0.097,0.0985,0.0977,85059.92,84335.82,0.3666,0.72193,3e-05,111.2559,149.0,4.0
2026-10-02T20:30:14Z,2026-11-27,56,79000.0,P,0.026,0.027,0.0265,85059.92,84335.82,0.3666,-0.27807,3e-05,111.2559,170.5,0.2
2026-10-02T20:30:14Z,2026-11-27,56,80000.0,C,0.089,0.0905,0.0896,85059.35,84335.82,0.36340000000000006,0.69275,3e-05,116.53725,1146.6,0.2
2026-10-02T20:30:14Z,2026-11-27,56,80000.0,P,0.0295,0.0305,0.0301,85060.16,84335.82,0.36340000000000006,-0.30723,3e-05,116.53433,250.5,30.0
2026-10-02T20:30:14Z,2026-11-27,56,81000.0,C,0.081,0.0825,0.0819,85060.16,84335.82,0.3607,0.66206,3e-05,121.22618,162.9,0.1
2026-10-02T20:30:14Z,2026-11-27,56,81000.0,P,0.0335,0.0345,0.0341,85060.16,84335.82,0.3607,-0.33794,3e-05,121.22618,355.2,10.6
2026-10-02T20:30:14Z,2026-11-27,56,82000.0,C,0.074,0.0755,0.0746,85059.92,84335.82,0.3589,0.62998,3e-05,125.21118,149.8,1.1
2026-10-02T20:30:14Z,2026-11-27,56,82000.0,P,0.038,0.039,0.0386,85059.35,84335.82,0.3589,-0.37003,3e-05,125.21238,146.3,45.7
2026-10-02T20:30:14Z,2026-11-27,56,83000.0,C,0.0675,0.0685,0.0679,85060.16,84335.82,0.3578,0.59697,3e-05,128.36988,102.4,2.5
2026-10-02T20:30:14Z,2026-11-27,56,83000.0,P,0.043,0.044,0.0437,85060.16,84335.82,0.3578,-0.40303,3e-05,128.36988,178.0,9.0
2026-10-02T20:30:14Z,2026-11-27,56,84000.0,C,0.061,0.062,0.0615,85060.16,84335.82,0.3563,0.56346,3e-05,130.62035,83.0,3.9
2026-10-02T20:30:14Z,2026-11-27,56,84000.0,P,0.0485,0.0495,0.049,85059.92,84335.82,0.3563,-0.43655,3e-05,130.6204,76.6,5.9
2026-10-02T20:30:14Z,2026-11-27,56,85000.0,C,0.055,0.056,0.0555,85059.92,84335.82,0.3547,0.52959,3e-05,131.93323,680.5,150.6
2026-10-02T20:30:14Z,2026-11-27,56,85000.0,P,0.054,0.055,0.0548,85059.92,84335.82,0.3547,-0.47041,3e-05,131.93323,320.7,201.7
2026-10-02T20:30:14Z,2026-11-27,56,86000.0,C,0.0495,0.0505,0.05,85059.92,84335.82,0.35450000000000004,0.49584,3e-05,132.29007,177.7,8.3
2026-10-02T20:30:14Z,2026-11-27,56,86000.0,P,0.0605,0.0615,0.0611,85059.92,84335.82,0.35450000000000004,-0.50416,3e-05,132.29007,95.7,2.9
2026-10-02T20:30:14Z,2026-11-27,56,87000.0,C,0.0445,0.0455,0.045,85059.92,84335.82,0.35409999999999997,0.46243,3e-05,131.71021,209.9,7.3
2026-10-02T20:30:14Z,2026-11-27,56,87000.0,P,0.067,0.0685,0.0678,85060.16,84335.82,0.35409999999999997,-0.53756,3e-05,131.71084,34.5,8.2
2026-10-02T20:30:14Z,2026-11-27,56,88000.0,C,0.04,0.041,0.0404,85059.92,84335.82,0.354,0.42967,3e-05,130.23597,1087.8,10.9
2026-10-02T20:30:14Z,2026-11-27,56,88000.0,P,0.074,0.0755,0.0749,85060.16,84335.82,0.354,-0.57032,3e-05,130.23681,36.4,0.3
2026-10-02T20:30:14Z,2026-11-27,56,89000.0,C,0.0355,0.0365,0.0362,85059.92,84335.82,0.3543,0.39791,3e-05,127.94185,510.6,5.8
2026-10-02T20:30:14Z,2026-11-27,56,89000.0,P,0.0815,0.083,0.0825,85060.28,84335.82,0.3543,-0.60207,3e-05,127.94332,41.6,27.9
2026-10-02T20:30:14Z,2026-11-27,56,90000.0,C,0.032,0.033,0.0324,85060.28,84335.82,0.355,0.36743,3e-05,124.92432,3213.0,422.0
2026-10-02T20:30:14Z,2026-11-27,56,90000.0,P,0.089,0.0915,0.0905,85060.28,84335.82,0.355,-0.63257,3e-05,124.92432,6.9,0.3
2026-10-02T20:30:14Z,2026-11-27,56,91000.0,C,0.0285,0.0295,0.0289,85060.28,84335.82,0.3555,0.3381,3e-05,121.24808,227.5,22.7
2026-10-02T20:30:14Z,2026-11-27,56,91000.0,P,0.0975,0.0995,0.0987,85060.28,84335.82,0.3555,-0.6619,3e-05,121.24808,0.0,0.0
2026-10-02T20:30:14Z,2026-11-27,56,92000.0,C,0.025,0.026,0.0258,85060.28,84335.82,0.3563,0.31026,3e-05,117.03617,457.4,78.0
2026-10-02T20:30:14Z,2026-11-27,56,92000.0,P,0.1055,0.1085,0.1074,85059.66,84335.82,0.3563,-0.68976,3e-05,117.03228,2.1,0.0
2026-10-02T20:30:14Z,2026-11-27,56,93000.0,C,0.0225,0.0235,0.0229,85060.28,84335.82,0.35719999999999996,0.28393,3e-05,112.38315,203.7,26.1
2026-10-02T20:30:14Z,2026-11-27,56,93000.0,P,0.114,0.118,0.1163,85059.66,84335.82,0.35719999999999996,-0.71609,3e-05,112.37897,0.0,0.0
2026-10-02T20:30:14Z,2026-11-27,56,94000.0,C,0.02,0.021,0.0204,85060.28,84335.82,0.3586,0.25949,3e-05,107.45707,459.5,27.1
2026-10-02T20:30:14Z,2026-11-27,56,94000.0,P,0.123,0.1275,0.1256,85060.28,84335.82,0.3586,-0.74051,3e-05,107.45707,3.0,0.0
2026-10-02T20:30:14Z,2026-11-27,56,95000.0,C,0.0175,0.0185,0.0182,85060.28,84335.82,0.3601,0.23665,3e-05,102.30209,1086.1,3.0
2026-10-02T20:30:14Z,2026-11-27,56,95000.0,P,0.1325,0.137,0.1351,85059.66,84335.82,0.3601,-0.76336,3e-05,102.29754,0.1,0.0
2026-10-02T20:30:14Z,2026-11-27,56,96000.0,C,0.016,0.0165,0.0163,85059.66,84335.82,0.36219999999999997,0.21586,2e-05,97.12066,345.7,127.7
2026-10-02T20:30:14Z,2026-11-27,56,96000.0,P,0.142,0.147,0.1449,85059.66,84335.82,0.36219999999999997,-0.78414,2e-05,97.12066,0.0,0.0
2026-10-02T20:30:14Z,2026-11-27,56,97000.0,C,0.014,0.015,0.0144,85060.28,84335.82,0.36340000000000006,0.19594,2e-05,91.69981,127.2,134.0
2026-10-02T20:30:14Z,2026-11-27,56,97000.0,P,0.152,0.157,0.1548,85059.66,84335.82,0.36340000000000006,-0.80407,2e-05,91.6951,0.0,0.0
2026-10-02T20:30:14Z,2026-11-27,56,98000.0,C,0.0125,0.0135,0.0129,85059.8,84335.82,0.36579999999999996,0.17834,2e-05,86.51066,734.7,36.5
2026-10-02T20:30:14Z,2026-11-27,56,98000.0,P,0.162,0.1675,0.165,85059.85,84335.82,0.36579999999999996,-0.82166,2e-05,86.51104,0.0,0.0
2026-10-02T20:30:14Z,2026-11-27,56,99000.0,C,0.011,0.012,0.0115,85059.8,84335.82,0.36729999999999996,0.16156,2e-05,81.19883,31.3,29.2
2026-10-02T20:30:14Z,2026-11-27,56,99000.0,P,0.1725,0.178,0.1753,85059.8,84335.82,0.36729999999999996,-0.83844,2e-05,81.19883,0.0,0.0
2026-10-02T20:30:14Z,2026-11-27,56,100000.0,C,0.01,0.011,0.0104,85059.8,84335.82,0.3715,0.14802,2e-05,76.63539,487.7,93.5
2026-10-02T20:30:14Z,2026-11-27,56,100000.0,P,0.183,0.1885,0.186,85059.85,84335.82,0.3715,-0.85198,2e-05,76.63576,26.1,0.0
2026-10-02T20:30:14Z,2026-11-27,56,102000.0,C,0.008,0.009,0.0084,85059.8,84335.82,0.3774,0.12285,2e-05,67.4423,400.2,20.1
2026-10-02T20:30:14Z,2026-11-27,56,102000.0,P,0.2045,0.2105,0.2076,85059.8,84335.82,0.3774,-0.87715,2e-05,67.4423,4.0,2.0
2026-10-02T20:30:14Z,2026-11-27,56,104000.0,C,0.0065,0.007,0.0067,85059.8,84335.82,0.3822,0.10123,1e-05,58.72114,20.1,3.7
2026-10-02T20:30:14Z,2026-11-27,56,104000.0,P,0.226,0.232,0.2294,85059.8,84335.82,0.3822,-0.89877,1e-05,58.72114,0.0,0.0
2026-10-02T20:30:14Z,2026-11-27,56,105000.0,C,0.0055,0.0065,0.006,85059.8,84335.82,0.3837,0.09127,1e-05,54.4137,21.2,3.3
2026-10-02T20:30:14Z,2026-11-27,56,105000.0,P,0.237,0.2435,0.2404,85059.8,84335.82,0.3837,-0.90873,1e-05,54.4137,3.9,0.6
2026-10-02T20:30:14Z,2026-11-27,56,106000.0,C,0.005,0.006,0.0054,85059.85,84335.82,0.3874,0.08356,1e-05,50.94537,29.4,0.0
2026-10-02T20:30:14Z,2026-11-27,56,106000.0,P,0.248,0.2545,0.2516,85059.85,84335.82,0.3874,-0.91644,1e-05,50.94537,0.0,0.0
2026-10-02T20:30:14Z,2026-11-27,56,108000.0,C,0.0043,0.0048,0.0045,85059.8,84335.82,0.39549999999999996,0.07057,1e-05,44.80304,103.1,0.4
2026-10-02T20:30:14Z,2026-11-27,56,108000.0,P,0.2705,0.2775,0.2742,85059.85,84335.82,0.39549999999999996,-0.92943,1e-05,44.80332,0.0,0.0
2026-10-02T20:30:14Z,2026-11-27,56,110000.0,C,0.0036,0.004,0.0038,85059.8,84335.82,0.4023,0.05926,1e-05,39.1218,263.2,4.4
2026-10-02T20:30:14Z,2026-11-27,56,110000.0,P,0.2935,0.3,0.297,85059.8,84335.82,0.4023,-0.94074,1e-05,39.1218,0.0,0.0
2026-10-02T20:30:14Z,2026-11-27,56,112000.0,C,0.003,0.0034,0.0032,85059.85,84335.82,0.40990000000000004,0.05032,1e-05,34.37466,8.8,1.5
2026-10-02T20:30:14Z,2026-11-27,56,112000.0,P,0.316,0.323,0.3199,85059.85,84335.82,0.40990000000000004,-0.94968,1e-05,34.37466,0.0,0.0
2026-10-02T20:30:14Z,2026-11-27,56,115000.0,C,0.0023,0.0027,0.0025,85059.92,84335.82,0.4214,0.03976,1e-05,28.43606,45.0,0.4
2026-10-02T20:30:14Z,2026-11-27,56,115000.0,P,0.3505,0.358,0.3545,85059.85,84335.82,0.4214,-0.96024,1e-05,28.43579,0.2,0.0
2026-10-02T20:30:14Z,2026-11-27,56,120000.0,C,0.0015,0.0018,0.0018,85059.92,84335.82,0.44229999999999997,0.0281,0.0,21.37047,120.1,1.2
2026-10-02T20:30:14Z,2026-11-27,56,120000.0,P,0.4085,0.416,0.4125,85059.85,84335.82,0.44229999999999997,-0.9719,0.0,21.37026,9.9,0.0
2026-10-02T20:30:14Z,2026-12-25,84,20000.0,C,0.7655,0.7675,0.7661,85401.79,84335.82,1.1322,0.99842,0.0,2.0895,5.1,0.0
2026-10-02T20:30:14Z,2026-12-25,84,20000.0,P,0.0002,0.0003,0.0003,85401.74,84335.82,1.1322,-0.00158,0.0,2.0895,933.2,0.1
2026-10-02T20:30:14Z,2026-12-25,84,30000.0,C,0.648,0.65,0.6493,85401.79,84335.82,0.8973,0.99601,0.0,4.83262,300.8,0.0
2026-10-02T20:30:14Z,2026-12-25,84,30000.0,P,0.0005,0.0008,0.0006,85401.74,84335.82,0.8973,-0.00399,0.0,4.83264,2229.1,31.2
2026-10-02T20:30:14Z,2026-12-25,84,35000.0,C,0.59,0.592,0.591,85401.79,84335.82,0.8031,0.99404,0.0,6.9035,87.9,0.0
2026-10-02T20:30:14Z,2026-12-25,84,35000.0,P,0.0006,0.001,0.0008,85401.79,84335.82,0.8031,-0.00596,0.0,6.9035,2142.3,0.6
2026-10-02T20:30:14Z,2026-12-25,84,40000.0,C,0.5315,0.5345,0.5329,85401.79,84335.82,0.7304999999999999,0.99051,0.0,10.3999,253.2,0.0
2026-10-02T20:30:14Z,2026-12-25,84,40000.0,P,0.0011,0.0014,0.0013,85401.79,84335.82,0.7304999999999999,-0.00949,0.0,10.3999,4958.5,0.4
2026-10-02T20:30:14Z,2026-12-25,84,45000.0,C,0.473,0.476,0.4746,85401.79,84335.82,0.6434000000000001,0.98733,0.0,13.36917,94.5,0.0
2026-10-02T20:30:14Z,2026-12-25,84,45000.0,P,0.0013,0.0017,0.0015,85401.79,84335.82,0.6434000000000001,-0.01267,0.0,13.36917,2812.1,32.0
2026-10-02T20:30:14Z,2026-12-25,84,50000.0,C,0.415,0.4185,0.4168,85401.79,84335.82,0.5829,0.98029,0.0,19.52742,260.7,0.0
2026-10-02T20:30:14Z,2026-12-25,84,50000.0,P,0.002,0.0024,0.0022,85401.79,84335.82,0.5829,-0.01971,0.0,19.52742,2211.6,4.7
2026-10-02T20:30:14Z,2026-12-25,84,52000.0,C,0.392,0.3955,0.3937,85401.97,84335.82,0.5606,0.97641,0.0,22.73396,0.1,0.0
2026-10-02T20:30:14Z,2026-12-25,84,52000.0,P,0.0024,0.0028,0.0026,85402.19,84335.82,0.5606,-0.02359,0.0,22.73345,437.0,0.2
2026-10-02T20:30:14Z,2026-12-25,84,54000.0,C,0.369,0.3725,0.3708,85402.19,84335.82,0.5387,0.9718,0.0,26.39545,32.2,0.0
2026-10-02T20:30:14Z,2026-12-25,84,54000.0,P,0.0028,0.0033,0.0031,85402.19,84335.82,0.5387,-0.0282,0.0,26.39545,1907.3,0.0
2026-10-02T20:30:14Z,2026-12-25,84,55000.0,C,0.3575,0.361,0.3593,85402.19,84335.82,0.5291,0.96895,0.0,28.59526,122.4,0.0
2026-10-02T20:30:14Z,2026-12-25,84,55000.0,P,0.0031,0.0035,0.0034,85401.97,84335.82,0.5291,-0.03105,0.0,28.59585,3189.4,13.2
2026-10-02T20:30:14Z,2026-12-25,84,56000.0,C,0.346,0.35,0.3479,85401.97,84335.82,0.5189,0.96597,0.0,30.8401,42.2,0.0
2026-10-02T20:30:14Z,2026-12-25,84,56000.0,P,0.0034,0.0039,0.0036,85401.97,84335.82,0.5189,-0.03403,0.0,30.84015,519.3,3.1
2026-10-02T20:30:14Z,2026-12-25,84,58000.0,C,0.3235,0.327,0.3251,85402.19,84335.82,0.4982,0.95934,0.0,35.66733,40.3,0.0
2026-10-02T20:30:14Z,2026-12-25,84,58000.0,P,0.0041,0.0045,0.0043,85401.97,84335.82,0.4982,-0.04066,0.0,35.66784,1835.3,8.5
2026-10-02T20:30:14Z,2026-12-25,84,60000.0,C,0.3005,0.3045,0.3027,85401.97,84335.82,0.48200000000000004,0.95021,1e-05,41.98223,784.1,0.0
2026-10-02T20:30:14Z,2026-12-25,84,60000.0,P,0.005,0.0055,0.0052,85402.19,84335.82,0.48200000000000004,-0.04979,1e-05,41.98162,6266.1,5.0
2026-10-02T20:30:14Z,2026-12-25,84,62000.0,C,0.2785,0.282,0.2802,85402.19,84335.82,0.46299999999999997,0.94026,1e-05,48.48607,247.1,0.0
2026-10-02T20:30:14Z,2026-12-25,84,62000.0,P,0.006,0.0065,0.0062,85401.97,84335.82,0.46299999999999997,-0.05974,1e-05,48.48658,1549.2,0.5
2026-10-02T20:30:14Z,2026-12-25,84,64000.0,C,0.2565,0.2595,0.2581,85402.19,84335.82,0.44689999999999996,0.92739,1e-05,56.40288,404.8,0.0
2026-10-02T20:30:14Z,2026-12-25,84,64000.0,P,0.007,0.008,0.0075,85401.97,84335.82,0.44689999999999996,-0.07262,1e-05,56.40407,380.7,0.2
2026-10-02T20:30:14Z,2026-12-25,84,65000.0,C,0.245,0.249,0.2472,85402.19,84335.82,0.439,0.92001,1e-05,60.71507,916.8,0.0
2026-10-02T20:30:14Z,2026-12-25,84,65000.0,P,0.008,0.0085,0.0083,85402.19,84335.82,0.439,-0.07999,1e-05,60.71507,891.8,0.6
2026-10-02T20:30:14Z,2026-12-25,84,66000.0,C,0.235,0.238,0.2363,85401.96,84335.82,0.4305,0.91227,1e-05,65.07703,267.2,0.0
2026-10-02T20:30:14Z,2026-12-25,84,66000.0,P,0.009,0.0095,0.0091,85401.96,84335.82,0.4305,-0.08773,1e-05,65.07703,418.9,0.4
2026-10-02T20:30:14Z,2026-12-25,84,68000.0,C,0.2135,0.2165,0.2151,85401.96,84335.82,0.41869999999999996,0.89214,1e-05,75.72304,1023.2,0.0
2026-10-02T20:30:14Z,2026-12-25,84,68000.0,P,0.011,0.0115,0.0113,85401.96,84335.82,0.41869999999999996,-0.10786,1e-05,75.72304,694.9,8.5
2026-10-02T20:30:14Z,2026-12-25,84,70000.0,C,0.192,0.196,0.1944,85401.96,84335.82,0.4072,0.86835,1e-05,87.15831,1885.0,0.2
2026-10-02T20:30:14Z,2026-12-25,84,70000.0,P,0.0135,0.0145,0.0141,85401.96,84335.82,0.4072,-0.13165,1e-05,87.15831,2336.1,833.1
2026-10-02T20:30:14Z,2026-12-25,84,72000.0,C,0.1725,0.1755,0.1744,85401.96,84335.82,0.3971,0.83985,2e-05,99.4331,1214.3,0.0
2026-10-02T20:30:14Z,2026-12-25,84,72000.0,P,0.017,0.018,0.0175,85402.19,84335.82,0.3971,-0.16014,2e-05,99.43197,856.1,211.9
2026-10-02T20:30:14Z,2026-12-25,84,74000.0,C,0.1535,0.1575,0.1554,85402.19,84335.82,0.389,0.80604,2e-05,112.24124,137.9,0.0
2026-10-02T20:30:14Z,2026-12-25,84,74000.0,P,0.0215,0.0225,0.0219,85402.19,84335.82,0.389,-0.19396,2e-05,112.24124,187.2,6.4
2026-10-02T20:30:14Z,2026-12-25,84,75000.0,C,0.1445,0.148,0.1463,85402.19,84335.82,0.3859,0.78702,2e-05,118.68403,1924.6,0.1
2026-10-02T20:30:14Z,2026-12-25,84,75000.0,P,0.024,0.025,0.0245,85401.96,84335.82,0.3859,-0.21299,2e-05,118.68509,1743.2,17.7
2026-10-02T20:30:14Z,2026-12-25,84,76000.0,C,0.135,0.139,0.1373,85401.96,84335.82,0.3822,0.76715,2e-05,124.87146,480.4,0.0
2026-10-02T20:30:14Z,2026-12-25,84,76000.0,P,0.027,0.0275,0.0273,85401.96,84335.82,0.3822,-0.23285,2e-05,124.87146,455.2,25.9
2026-10-02T20:30:14Z,2026-12-25,84,78000.0,C,0.1195,0.1215,0.1206,85401.96,84335.82,0.37729999999999997,0.7233,2e-05,136.69129,1087.4,0.1
2026-10-02T20:30:14Z,2026-12-25,84,78000.0,P,0.0335,0.0345,0.0339,85402.18,84335.82,0.37729999999999997,-0.27669,2e-05,136.69057,1448.8,3.0
2026-10-02T20:30:14Z,2026-12-25,84,80000.0,C,0.104,0.106,0.1049,85401.96,84335.82,0.3722,0.67585,2e-05,146.8397,8727.2,0.9
2026-10-02T20:30:14Z,2026-12-25,84,80000.0,P,0.041,0.042,0.0416,85401.96,84335.82,0.3722,-0.32415,2e-05,146.8397,2174.5,532.3
2026-10-02T20:30:14Z,2026-12-25,84,82000.0,C,0.09,0.0915,0.0906,85402.19,84335.82,0.369,0.62499,3e-05,154.87359,1321.7,0.1
2026-10-02T20:30:14Z,2026-12-25,84,82000.0,P,0.0505,0.0515,0.0508,85402.0,84335.82,0.369,-0.37502,3e-05,154.87393,808.7,4.9
2026-10-02T20:30:14Z,2026-12-25,84,84000.0,C,0.077,0.0785,0.0778,85402.0,84335.82,0.3668,0.57224,3e-05,160.25832,1249.4,0.0
2026-10-02T20:30:14Z,2026-12-25,84,84000.0,P,0.0605,0.062,0.0614,85402.0,84335.82,0.3668,-0.42776,3e-05,160.25832,159.5,0.2
2026-10-02T20:30:14Z,2026-12-25,84,85000.0,C,0.0715,0.0725,0.0719,85402.18,84335.82,0.36560000000000004,0.54554,3e-05,161.87409,3146.8,57.2
2026-10-02T20:30:14Z,2026-12-25,84,85000.0,P,0.0665,0.0675,0.0672,85402.0,84335.82,0.36560000000000004,-0.45446,3e-05,161.87397,595.0,25.1
2026-10-02T20:30:14Z,2026-12-25,84,86000.0,C,0.0655,0.067,0.0663,85402.0,84335.82,0.36479999999999996,0.51883,3e-05,162.75516,717.8,256.0
2026-10-02T20:30:14Z,2026-12-25,84,86000.0,P,0.0725,0.074,0.0733,85402.0,84335.82,0.36479999999999996,-0.48117,3e-05,162.75516,105.7,8.7
2026-10-02T20:30:14Z,2026-12-25,84,88000.0,C,0.0555,0.0565,0.0562,85402.0,84335.82,0.3636,0.46597,3e-05,162.34341,4021.7,97.0
2026-10-02T20:30:14Z,2026-12-25,84,88000.0,P,0.086,0.087,0.0866,85402.0,84335.82,0.3636,-0.53403,3e-05,162.34341,145.2,3.0
2026-10-02T20:30:14Z,2026-12-25,84,90000.0,C,0.047,0.048,0.0474,85402.0,84335.82,0.36340000000000006,0.41494,3e-05,159.21867,3755.5,322.0
2026-10-02T20:30:14Z,2026-12-25,84,90000.0,P,0.1005,0.1015,0.1012,85402.18,84335.82,0.36340000000000006,-0.58506,3e-05,159.21942,654.5,103.7
2026-10-02T20:30:14Z,2026-12-25,84,92000.0,C,0.0395,0.0405,0.0399,85402.0,84335.82,0.3641,0.36679,3e-05,153.76606,705.2,92.1
2026-10-02T20:30:14Z,2026-12-25,84,92000.0,P,0.1155,0.1185,0.1171,85402.0,84335.82,0.3641,-0.63321,3e-05,153.76606,23.0,1.8
2026-10-02T20:30:14Z,2026-12-25,84,94000.0,C,0.033,0.034,0.0334,85402.0,84335.82,0.3649,0.32188,2e-05,146.41314,666.9,64.4
2026-10-02T20:30:14Z,2026-12-25,84,94000.0,P,0.1325,0.1355,0.1341,85402.22,84335.82,0.3649,-0.67811,2e-05,146.41463,5.9,0.0
2026-10-02T20:30:14Z,2026-12-25,84,95000.0,C,0.03,0.031,0.0305,85402.27,84335.82,0.365,0.30054,2e-05,142.12106,1548.1,176.6
2026-10-02T20:30:14Z,2026-12-25,84,95000.0,P,0.1415,0.145,0.1429,85402.27,84335.82,0.365,-0.69946,2e-05,142.12106,143.3,0.1
2026-10-02T20:30:14Z,2026-12-25,84,96000.0,C,0.0275,0.0285,0.028,85402.27,84335.82,0.3663,0.2809,2e-05,137.69835,1507.5,140.0
2026-10-02T20:30:14Z,2026-12-25,84,96000.0,P,0.15,0.154,0.1521,85402.22,84335.82,0.3663,-0.7191,2e-05,137.698,50.8,0.0
2026-10-02T20:30:14Z,2026-12-25,84,98000.0,C,0.023,0.024,0.0235,85402.22,84335.82,0.3688,0.24448,2e-05,128.24606,545.5,105.5
2026-10-02T20:30:14Z,2026-12-25,84,98000.0,P,0.1685,0.1735,0.171,85402.27,84335.82,0.3688,-0.75552,2e-05,128.24643,3.3,0.2
2026-10-02T20:30:14Z,2026-12-25,84,100000.0,C,0.0195,0.02,0.0196,85402.22,84335.82,0.37079999999999996,0.21152,2e-05,118.20734,5844.8,57.0
2026-10-02T20:30:14Z,2026-12-25,84,100000.0,P,0.188,0.193,0.1905,85402.27,84335.82,0.37079999999999996,-0.78848,2e-05,118.20772,302.9,0.0
2026-10-02T20:30:14Z,2026-12-25,84,102000.0,C,0.016,0.017,0.0165,85402.27,84335.82,0.37439999999999996,0.1834,2e-05,108.43126,497.3,1.1
2026-10-02T20:30:14Z,2026-12-25,84,102000.0,P,0.208,0.213,0.2109,85402.27,84335.82,0.37439999999999996,-0.8166,2e-05,108.43126,7.8,0.0
2026-10-02T20:30:14Z,2026-12-25,84,104000.0,C,0.0135,0.0145,0.0139,85402.27,84335.82,0.3782,0.15891,2e-05,98.93174,173.1,4.1
2026-10-02T20:30:14Z,2026-12-25,84,104000.0,P,0.229,0.234,0.2317,85402.27,84335.82,0.3782,-0.84109,2e-05,98.93148,1.3,1.0
2026-10-02T20:30:14Z,2026-12-25,84,105000.0,C,0.0125,0.0135,0.0128,85402.27,84335.82,0.3796,0.1475,1e-05,94.16314,963.5,2.5
2026-10-02T20:30:14Z,2026-12-25,84,105000.0,P,0.2395,0.245,0.2423,85402.27,84335.82,0.3796,-0.8525,1e-05,94.16184,107.5,1.0
2026-10-02T20:30:14Z,2026-12-25,84,106000.0,C,0.0115,0.0125,0.0118,85402.27,84335.82,0.38170000000000004,0.13734,1e-05,89.72426,615.0,0.0
2026-10-02T20:30:14Z,2026-12-25,84,106000.0,P,0.25,0.256,0.253,85402.22,84335.82,0.38170000000000004,-0.86267,1e-05,89.72246,0.2,0.0
2026-10-02T20:30:14Z,2026-12-25,84,108000.0,C,0.0095,0.0105,0.01,85402.27,84335.82,0.3857,0.1189,1e-05,81.17158,165.6,6.8
2026-10-02T20:30:14Z,2026-12-25,84,108000.0,P,0.2715,0.278,0.2746,85402.22,84335.82,0.3857,-0.8811,1e-05,81.17123,0.1,0.0
2026-10-02T20:30:14Z,2026-12-25,84,110000.0,C,0.008,0.009,0.0085,85402.27,84335.82,0.3897,0.10298,1e-05,73.22785,2966.4,6.8
2026-10-02T20:30:14Z,2026-12-25,84,110000.0,P,0.293,0.3,0.2965,85402.22,84335.82,0.3897,-0.89702,1e-05,73.22751,81.6,0.1
2026-10-02T20:30:14Z,2026-12-25,84,115000.0,C,0.0055,0.0065,0.0059,85402.27,84335.82,0.4035,0.07417,1e-05,57.32578,2324.7,1.9
2026-10-02T20:30:14Z,2026-12-25,84,115000.0,P,0.349,0.356,0.3525,85402.27,84335.82,0.4035,-0.92583,1e-05,57.32578,5.0,0.0
2026-10-02T20:30:14Z,2026-12-25,84,120000.0,C,0.004,0.0044,0.0042,85402.27,84335.82,0.41659999999999997,0.05398,1e-05,44.76651,5797.7,154.1
2026-10-02T20:30:14Z,2026-12-25,84,120000.0,P,0.406,0.413,0.4093,85402.27,84335.82,0.41659999999999997,-0.94602,1e-05,44.76651,35.8,0.0
2026-10-02T20:30:14Z,2026-12-25,84,125000.0,C,0.003,0.0033,0.0032,85402.27,84335.82,0.4314,0.04064,0.0,35.65402,516.6,0.0
2026-10-02T20:30:14Z,2026-12-25,84,125000.0,P,0.463,0.471,0.4668,85402.27,84335.82,0.4314,-0.95936,0.0,35.65402,9.3,0.0
2026-10-02T20:30:14Z,2026-12-25,84,130000.0,C,0.0022,0.0027,0.0024,85402.27,84335.82,0.4464,0.03135,0.0,28.82526,1572.0,5.0
2026-10-02T20:30:14Z,2026-12-25,84,130000.0,P,0.5215,0.528,0.5246,85402.27,84335.82,0.4464,-0.96865,0.0,28.82526,57.0,0.0
2026-10-02T20:30:14Z,2026-12-25,84,135000.0,C,0.0017,0.0021,0.0019,85402.27,84335.82,0.4625,0.02502,0.0,23.88284,1462.5,13.0
2026-10-02T20:30:14Z,2026-12-25,84,135000.0,P,0.5785,0.587,0.5827,85402.27,84335.82,0.4625,-0.97498,0.0,23.88284,0.7,0.0
2026-10-02T20:30:14Z,2026-12-25,84,140000.0,C,0.0014,0.0018,0.0016,85402.22,84335.82,0.4781,0.0203,0.0,20.02521,1418.6,0.2
2026-10-02T20:30:14Z,2026-12-25,84,140000.0,P,0.637,0.6445,0.6409,85402.27,84335.82,0.4781,-0.9797,0.0,20.02533,0.3,0.0
2026-10-02T20:30:14Z,2026-12-25,84,150000.0,C,0.0009,0.0013,0.0011,85402.27,84335.82,0.5063,0.01372,0.0,14.32793,1738.1,2.7
2026-10-02T20:30:14Z,2026-12-25,84,150000.0,P,0.753,0.7625,0.7575,85402.22,84335.82,0.5063,-0.98628,0.0,14.32785,4.4,0.0
2026-10-02T20:30:14Z,2026-12-25,84,160000.0,C,0.0006,0.001,0.0008,85402.27,84335.82,0.5326,0.00971,0.0,10.61304,1406.9,154.2
2026-10-02T20:30:14Z,2026-12-25,84,160000.0,P,0.8695,0.8785,0.8743,85402.39,84335.82,0.5326,-0.99029,0.0,10.61349,0.1,0.0
2026-10-02T20:30:14Z,2026-12-25,84,170000.0,C,0.0005,0.0008,0.0006,85402.49,84335.82,0.5582,0.00724,0.0,8.19867,2018.6,2.0
2026-10-02T20:30:14Z,2026-12-25,84,170000.0,P,0.986,0.9955,0.9912,85402.39,84335.82,0.5582,-0.99276,0.0,8.19857,0.1,0.0
2026-10-02T20:30:14Z,2026-12-25,84,180000.0,C,0.0003,0.0006,0.0004,85402.39,84335.82,0.5753,0.00505,0.0,5.9566,935.8,1.5
2026-10-02T20:30:14Z,2026-12-25,84,180000.0,P,1.0965,1.116,1.1081,85402.49,84335.82,0.5753,-0.99495,0.0,5.95667,0.1,0.0
2026-10-02T20:30:14Z,2026-12-25,84,190000.0,C,0.0002,0.0005,0.0003,85402.39,84335.82,0.5937,0.00375,0.0,4.5616,1027.1,0.1
2026-10-02T20:30:14Z,2026-12-25,84,190000.0,P,1.218,1.233,1.2251,85402.39,84335.82,0.5937,-0.99625,0.0,4.5616,0.0,0.0
2026-10-02T20:30:14Z,2026-12-25,84,200000.0,C,0.0001,0.0005,0.0002,85402.49,84335.82,0.6092,0.00276,0.0,3.46631,962.4,0.1
2026-10-02T20:30:14Z,2026-12-25,84,200000.0,P,1.3295,1.352,1.3421,85402.49,84335.82,0.6092,-0.99724,0.0,3.46631,0.0,0.0
2026-10-02T20:30:14Z,2026-12-25,84,210000.0,C,0.0001,0.0004,0.0002,85402.39,84335.82,0.6375,0.00257,0.0,3.24452,162.5,0.1
2026-10-02T20:30:14Z,2026-12-25,84,210000.0,P,1.45,1.469,1.4592,85402.49,84335.82,0.6375,-0.99743,0.0,3.24456,0.0,0.0
2026-10-02T20:30:14Z,2026-12-25,84,220000.0,C,0.0001,0.0004,0.0002,85402.49,84335.82,0.6652,0.00244,0.0,3.09675,252.9,0.1
2026-10-02T20:30:14Z,2026-12-25,84,220000.0,P,1.567,1.5855,1.5763,85402.39,84335.82,0.6652,-0.99756,0.0,3.09671,0.0,0.0
2026-10-02T20:30:14Z,2026-12-25,84,230000.0,C,0.0001,0.0004,0.0001,85402.39,84335.82,0.667,0.00161,0.0,2.12277,190.7,0.1
2026-10-02T20:30:14Z,2026-12-25,84,230000.0,P,1.6835,1.7035,1.6933,85402.39,84335.82,0.667,-0.99839,0.0,2.12277,0.0,0.0
2026-10-02T20:30:14Z,2026-12-25,84,240000.0,C,0.0,0.0003,0.0001,85402.39,84335.82,0.6922,0.00156,0.0,2.06329,785.6,8.8
2026-10-02T20:30:14Z,2026-12-25,84,240000.0,P,1.799,1.822,1.8104,85402.39,84335.82,0.6922,-0.99844,0.0,2.06329,0.0,0.0
2026-10-02T20:30:14Z,2026-12-25,84,250000.0,C,0.0,0.0002,0.0001,85402.39,84335.82,0.7126,0.00143,0.0,1.91263,1282.4,0.0
2026-10-02T20:30:14Z,2026-12-25,84,250000.0,P,1.9155,1.94,1.9275,85402.39,84335.82,0.7126,-0.99857,0.0,1.91263,10.0,0.0
2026-10-02T20:30:14Z,2027-03-26,175,35000.0,C,0.5955,0.5985,0.5972,86490.3,84335.82,0.6277,0.98932,0.0,16.88084,21.8,0.0
2026-10-02T20:30:14Z,2027-03-26,175,35000.0,P,0.0015,0.0022,0.0018,86490.85,84335.82,0.6277,-0.01068,0.0,16.88038,607.1,0.0
2026-10-02T20:30:14Z,2027-03-26,175,40000.0,C,0.5385,0.542,0.5403,86490.85,84335.82,0.5785,0.98333,0.0,24.79328,82.1,0.0
2026-10-02T20:30:14Z,2027-03-26,175,40000.0,P,0.0026,0.003,0.0028,86490.85,84335.82,0.5785,-0.01667,0.0,24.79338,1934.7,10.2
2026-10-02T20:30:14Z,2027-03-26,175,45000.0,C,0.482,0.4855,0.4839,86490.85,84335.82,0.5378000000000001,0.97399,0.0,36.125,4.8,0.0
2026-10-02T20:30:14Z,2027-03-26,175,45000.0,P,0.0039,0.0045,0.0042,86490.85,84335.82,0.5378000000000001,-0.02601,0.0,36.125,252.7,0.3
2026-10-02T20:30:14Z,2027-03-26,175,50000.0,C,0.4265,0.4305,0.4284,86490.85,84335.82,0.504,0.95967,0.0,51.88144,21.6,0.0
2026-10-02T20:30:14Z,2027-03-26,175,50000.0,P,0.006,0.007,0.0065,86490.85,84335.82,0.504,-0.04034,0.0,51.88148,2329.7,9.1
2026-10-02T20:30:14Z,2027-03-26,175,52000.0,C,0.4045,0.4085,0.4063,86490.85,84335.82,0.489,0.95292,0.0,58.77342,6.0,0.0
2026-10-02T20:30:14Z,2027-03-26,175,52000.0,P,0.007,0.008,0.0075,86490.85,84335.82,0.489,-0.04708,0.0,58.77366,322.8,0.0
2026-10-02T20:30:14Z,2027-03-26,175,54000.0,C,0.3825,0.386,0.3843,86490.3,84335.82,0.4736,0.94545,0.0,66.09264,0.1,0.0
2026-10-02T20:30:14Z,2027-03-26,175,54000.0,P,0.0085,0.009,0.0086,86490.85,84335.82,0.4736,-0.05455,0.0,66.09101,85.5,0.0
2026-10-02T20:30:14Z,2027-03-26,175,55000.0,C,0.371,0.3755,0.3736,86490.85,84335.82,0.4697,0.94021,0.0,71.04173,29.5,0.0
2026-10-02T20:30:14Z,2027-03-26,175,55000.0,P,0.009,0.01,0.0095,86490.85,84335.82,0.4697,-0.05979,0.0,71.04173,1159.9,0.5
2026-10-02T20:30:14Z,2027-03-26,175,56000.0,C,0.3595,0.365,0.3626,86490.85,84335.82,0.4612,0.93609,0.0,74.83236,14.4,0.0
2026-10-02T20:30:14Z,2027-03-26,175,56000.0,P,0.0095,0.0105,0.0101,86490.85,84335.82,0.4612,-0.06391,0.0,74.83161,131.8,0.0
2026-10-02T20:30:14Z,2027-03-26,175,58000.0,C,0.3395,0.3435,0.3414,86497.07,84335.82,0.4515,0.92454,1e-05,85.04707,4.3,0.0
2026-10-02T20:30:14Z,2027-03-26,175,58000.0,P,0.0115,0.0125,0.012,86497.07,84335.82,0.4515,-0.07546,1e-05,85.04707,149.7,10.0
2026-10-02T20:30:14Z,2027-03-26,175,60000.0,C,0.3185,0.3225,0.3203,86497.07,84335.82,0.4401,0.91215,1e-05,95.37918,647.9,0.0
2026-10-02T20:30:14Z,2027-03-26,175,60000.0,P,0.0135,0.0145,0.0141,86497.07,84335.82,0.4401,-0.08785,1e-05,95.37883,817.4,0.2
2026-10-02T20:30:14Z,2027-03-26,175,62000.0,C,0.296,0.302,0.2997,86497.07,84335.82,0.43060000000000004,0.89749,1e-05,106.86732,52.3,0.0
2026-10-02T20:30:14Z,2027-03-26,175,62000.0,P,0.016,0.017,0.0166,86497.07,84335.82,0.43060000000000004,-0.10251,1e-05,106.86732,443.5,0.0
2026-10-02T20:30:14Z,2027-03-26,175,64000.0,C,0.2775,0.282,0.2793,86497.07,84335.82,0.4202,0.88143,1e-05,118.62224,137.9,0.0
2026-10-02T20:30:14Z,2027-03-26,175,64000.0,P,0.019,0.0195,0.0193,86497.07,84335.82,0.4202,-0.11857,1e-05,118.62224,125.8,2.2
2026-10-02T20:30:14Z,2027-03-26,175,65000.0,C,0.2675,0.272,0.2696,86497.07,84335.82,0.4172,0.87177,1e-05,125.31445,229.7,0.0
2026-10-02T20:30:14Z,2027-03-26,175,65000.0,P,0.0205,0.0215,0.0211,86497.07,84335.82,0.4172,-0.12823,1e-05,125.31445,893.7,1.0
2026-10-02T20:30:14Z,2027-03-26,175,66000.0,C,0.258,0.262,0.2597,86497.07,84335.82,0.41259999999999997,0.86229,1e-05,131.62293,23.9,0.0
2026-10-02T20:30:14Z,2027-03-26,175,66000.0,P,0.0225,0.023,0.0228,86497.07,84335.82,0.41259999999999997,-0.13771,1e-05,131.62293,99.5,5.0
2026-10-02T20:30:14Z,2027-03-26,175,68000.0,C,0.239,0.2425,0.2406,86497.07,84335.82,0.4057,0.84086,1e-05,144.99845,190.9,0.0
2026-10-02T20:30:14Z,2027-03-26,175,68000.0,P,0.0265,0.0275,0.0268,86497.07,84335.82,0.4057,-0.15914,1e-05,144.99845,558.5,1.0
2026-10-02T20:30:14Z,2027-03-26,175,70000.0,C,0.2205,0.2245,0.2222,86497.07,84335.82,0.3998,0.81696,1e-05,158.577,770.4,0.0
2026-10-02T20:30:14Z,2027-03-26,175,70000.0,P,0.031,0.032,0.0316,86490.85,84335.82,0.3998,-0.18311,1e-05,158.60289,611.0,4.2
2026-10-02T20:30:14Z,2027-03-26,175,72000.0,C,0.201,0.2065,0.2046,86497.07,84335.82,0.3944,0.79076,1e-05,171.98903,88.9,0.0
2026-10-02T20:30:14Z,2027-03-26,175,72000.0,P,0.0365,0.0375,0.037,86490.85,84335.82,0.3944,-0.20932,1e-05,172.01335,191.3,3.0
2026-10-02T20:30:14Z,2027-03-26,175,74000.0,C,0.1865,0.1895,0.1878,86497.07,84335.82,0.39,0.76224,1e-05,184.96288,66.8,0.0
2026-10-02T20:30:14Z,2027-03-26,175,74000.0,P,0.043,0.044,0.0434,86501.47,84335.82,0.39,-0.2377,1e-05,184.94762,229.2,17.5
2026-10-02T20:30:14Z,2027-03-26,175,75000.0,C,0.1785,0.181,0.1796,86497.17,84335.82,0.38789999999999997,0.74726,1e-05,191.14049,0.2,0.2
2026-10-02T20:30:14Z,2027-03-26,175,75000.0,P,0.046,0.0475,0.0468,86501.47,84335.82,0.38789999999999997,-0.25268,1e-05,191.1264,21.1,6.3
2026-10-02T20:30:14Z,2027-03-26,175,76000.0,C,0.1705,0.173,0.1718,86501.47,84335.82,0.3861,0.73182,1e-05,197.07698,541.7,0.0
2026-10-02T20:30:14Z,2027-03-26,175,76000.0,P,0.05,0.051,0.0505,86501.47,84335.82,0.3861,-0.26818,1e-05,197.07693,640.6,33.9
2026-10-02T20:30:14Z,2027-03-26,175,78000.0,C,0.1555,0.158,0.1566,86501.47,84335.82,0.3826,0.69963,2e-05,208.05776,647.6,0.0
2026-10-02T20:30:14Z,2027-03-26,175,78000.0,P,0.058,0.059,0.0585,86501.47,84335.82,0.3826,-0.30037,2e-05,208.05774,388.2,19.1
2026-10-02T20:30:14Z,2027-03-26,175,80000.0,C,0.1415,0.1435,0.1424,86501.47,84335.82,0.3799,0.66597,2e-05,217.63401,1098.8,7.0
2026-10-02T20:30:14Z,2027-03-26,175,80000.0,P,0.067,0.068,0.0674,86501.47,84335.82,0.3799,-0.33403,2e-05,217.63402,347.5,106.5
2026-10-02T20:30:14Z,2027-03-26,175,82000.0,C,0.1285,0.1305,0.1292,86501.47,84335.82,0.37770000000000004,0.63127,2e-05,225.55719,1226.4,0.0
2026-10-02T20:30:14Z,2027-03-26,175,82000.0,P,0.0765,0.078,0.0773,86501.47,84335.82,0.37770000000000004,-0.36873,2e-05,225.55718,76.4,49.6
2026-10-02T20:30:14Z,2027-03-26,175,84000.0,C,0.1165,0.118,0.117,86501.47,84335.82,0.3762,0.59595,2e-05,231.65913,322.5,0.2
2026-10-02T20:30:14Z,2027-03-26,175,84000.0,P,0.0875,0.0885,0.0882,86497.17,84335.82,0.3762,-0.40413,2e-05,231.65836,427.4,3.4
2026-10-02T20:30:14Z,2027-03-26,175,85000.0,C,0.1105,0.112,0.1112,86501.47,84335.82,0.37549999999999994,0.57819,2e-05,233.99592,462.8,4.1
2026-10-02T20:30:14Z,2027-03-26,175,85000.0,P,0.093,0.0945,0.094,86501.47,84335.82,0.37549999999999994,-0.42181,2e-05,233.99592,32.5,0.0
2026-10-02T20:30:14Z,2027-03-26,175,86000.0,C,0.105,0.1065,0.1057,86501.47,84335.82,0.3751,0.56045,2e-05,235.84931,363.5,5.4
2026-10-02T20:30:14Z,2027-03-26,175,86000.0,P,0.099,0.1005,0.1001,86501.55,84335.82,0.3751,-0.43955,2e-05,235.8494,29.9,3.0
2026-10-02T20:30:14Z,2027-03-26,175,88000.0,C,0.0945,0.096,0.0953,86501.47,84335.82,0.37420000000000003,0.52512,2e-05,238.12022,325.6,201.8
2026-10-02T20:30:14Z,2027-03-26,175,88000.0,P,0.112,0.113,0.1128,86501.47,84335.82,0.37420000000000003,-0.47488,2e-05,238.12022,61.2,2.4
2026-10-02T20:30:14Z,2027-03-26,175,90000.0,C,0.085,0.0865,0.086,86501.55,84335.82,0.3743,0.4905,2e-05,238.52571,762.2,0.2
2026-10-02T20:30:14Z,2027-03-26,175,90000.0,P,0.1255,0.127,0.1266,86501.47,84335.82,0.3743,-0.50951,2e-05,238.52546,44.5,0.5
2026-10-02T20:30:14Z,2027-03-26,175,92000.0,C,0.0765,0.078,0.0773,86501.55,84335.82,0.374,0.4566,2e-05,237.17993,419.5,0.1
2026-10-02T20:30:14Z,2027-03-26,175,92000.0,P,0.14,0.1415,0.141,86501.55,84335.82,0.374,-0.5434,2e-05,237.17993,15.1,4.1
2026-10-02T20:30:14Z,2027-03-26,175,94000.0,C,0.069,0.07,0.0696,86501.55,84335.82,0.37450000000000006,0.42404,2e-05,234.25521,184.8,1.4
2026-10-02T20:30:14Z,2027-03-26,175,94000.0,P,0.155,0.1565,0.1564,86501.55,84335.82,0.37450000000000006,-0.57596,2e-05,234.25521,20.2,1.4
2026-10-02T20:30:14Z,2027-03-26,175,95000.0,C,0.065,0.0665,0.0659,86501.47,84335.82,0.37450000000000006,0.40809,2e-05,232.23354,459.5,2.8
2026-10-02T20:30:14Z,2027-03-26,175,95000.0,P,0.163,0.1645,0.1642,86501.47,84335.82,0.37450000000000006,-0.59191,2e-05,232.23354,9.3,0.0
2026-10-02T20:30:14Z,2027-03-26,175,96000.0,C,0.0615,0.063,0.0625,86501.55,84335.82,0.375,0.39272,2e-05,229.91386,280.8,111.5
2026-10-02T20:30:14Z,2027-03-26,175,96000.0,P,0.17,0.1745,0.1724,86501.55,84335.82,0.375,-0.60728,2e-05,229.91386,4.4,0.0
2026-10-02T20:30:14Z,2027-03-26,175,98000.0,C,0.0555,0.0565,0.0561,86501.55,84335.82,0.37579999999999997,0.363,2e-05,224.38309,216.2,7.1
2026-10-02T20:30:14Z,2027-03-26,175,98000.0,P,0.1865,0.1915,0.1892,86501.55,84335.82,0.37579999999999997,-0.637,2e-05,224.38309,1.6,0.0
2026-10-02T20:30:14Z,2027-03-26,175,100000.0,C,0.0495,0.051,0.0504,86501.55,84335.82,0.3768,0.33491,2e-05,217.85995,1295.0,3.1
2026-10-02T20:30:14Z,2027-03-26,175,100000.0,P,0.204,0.209,0.2066,86501.47,84335.82,0.3768,-0.66509,2e-05,217.85941,12.7,0.0
2026-10-02T20:30:14Z,2027-03-26,175,102000.0,C,0.0445,0.046,0.0453,86501.55,84335.82,0.3779,0.3085,2e-05,210.5479,113.2,0.3
2026-10-02T20:30:14Z,2027-03-26,175,102000.0,P,0.222,0.2265,0.2246,86501.55,84335.82,0.3779,-0.6915,2e-05,210.5479,0.1,0.0
2026-10-02T20:30:14Z,2027-03-26,175,104000.0,C,0.04,0.0415,0.0407,86502.05,84335.82,0.3795,0.28403,1e-05,202.71521,135.6,0.2
2026-10-02T20:30:14Z,2027-03-26,175,104000.0,P,0.24,0.246,0.2431,86502.05,84335.82,0.3795,-0.71597,1e-05,202.71521,0.1,0.0
2026-10-02T20:30:14Z,2027-03-26,175,105000.0,C,0.038,0.039,0.0386,86502.05,84335.82,0.3803,0.27237,1e-05,198.6137,244.7,0.8
2026-10-02T20:30:14Z,2027-03-26,175,105000.0,P,0.2495,0.255,0.2526,86502.05,84335.82,0.3803,-0.72763,1e-05,198.6137,2.4,0.0
2026-10-02T20:30:14Z,2027-03-26,175,106000.0,C,0.036,0.0375,0.0367,86502.05,84335.82,0.38130000000000003,0.2613,1e-05,194.49297,93.5,0.0
2026-10-02T20:30:14Z,2027-03-26,175,106000.0,P,0.259,0.2645,0.2622,86502.05,84335.82,0.38130000000000003,-0.7387,1e-05,194.49297,0.1,0.0
2026-10-02T20:30:14Z,2027-03-26,175,108000.0,C,0.0325,0.0335,0.0331,86501.55,84335.82,0.3831,0.24019,1e-05,186.00399,98.0,0.0
2026-10-02T20:30:14Z,2027-03-26,175,108000.0,P,0.278,0.2865,0.2817,86502.05,84335.82,0.3831,-0.7598,1e-05,186.00793,0.1,0.0
2026-10-02T20:30:14Z,2027-03-26,175,110000.0,C,0.0295,0.0305,0.0299,86502.05,84335.82,0.38530000000000003,0.22101,1e-05,177.55117,1215.3,7.9
2026-10-02T20:30:14Z,2027-03-26,175,110000.0,P,0.298,0.3045,0.3016,86502.05,84335.82,0.38530000000000003,-0.77899,1e-05,177.55117,5.1,0.0
2026-10-02T20:30:14Z,2027-03-26,175,112000.0,C,0.0265,0.0275,0.027,86502.05,84335.82,0.3873,0.20304,1e-05,168.9547,99.2,0.0
2026-10-02T20:30:14Z,2027-03-26,175,112000.0,P,0.318,0.325,0.3218,86502.05,84335.82,0.3873,-0.79696,1e-05,168.95464,0.1,0.0
2026-10-02T20:30:14Z,2027-03-26,175,115000.0,C,0.023,0.024,0.0234,86502.05,84335.82,0.39149999999999996,0.17964,1e-05,156.73736,571.5,1.0
2026-10-02T20:30:14Z,2027-03-26,175,115000.0,P,0.349,0.356,0.3529,86502.05,84335.82,0.39149999999999996,-0.82036,1e-05,156.73736,3.0,0.0
2026-10-02T20:30:14Z,2027-03-26,175,120000.0,C,0.018,0.019,0.0184,86502.05,84335.82,0.39770000000000005,0.1462,1e-05,137.07003,835.9,15.7
2026-10-02T20:30:14Z,2027-03-26,175,120000.0,P,0.402,0.409,0.4057,86501.55,84335.82,0.39770000000000005,-0.85381,1e-05,137.0662,9.9,0.0
2026-10-02T20:30:14Z,2027-03-26,175,125000.0,C,0.014,0.015,0.0146,86502.05,84335.82,0.40409999999999996,0.11939,1e-05,119.20753,430.4,0.4
2026-10-02T20:30:14Z,2027-03-26,175,125000.0,P,0.456,0.4635,0.4598,86502.05,84335.82,0.40409999999999996,-0.88061,1e-05,119.20753,0.1,0.0
2026-10-02T20:30:14Z,2027-03-26,175,130000.0,C,0.0115,0.0125,0.0119,86502.05,84335.82,0.4125,0.09927,1e-05,104.4004,1191.9,1.0
2026-10-02T20:30:14Z,2027-03-26,175,130000.0,P,0.511,0.5185,0.5149,86502.05,84335.82,0.4125,-0.90073,1e-05,104.4004,0.5,0.0
2026-10-02T20:30:14Z,2027-03-26,175,140000.0,C,0.0075,0.0085,0.008,86502.05,84335.82,0.4263,0.06859,1e-05,79.05047,903.4,1.3
2026-10-02T20:30:14Z,2027-03-26,175,140000.0,P,0.6225,0.631,0.6265,86502.05,84335.82,0.4263,-0.93141,1e-05,79.05047,10.9,0.0
2026-10-02T20:30:14Z,2027-03-26,175,150000.0,C,0.0055,0.0065,0.006,86502.05,84335.82,0.446,0.05145,0.0,63.09881,1866.5,0.7
2026-10-02T20:30:14Z,2027-03-26,175,150000.0,P,0.7355,0.7445,0.7401,86501.55,84335.82,0.446,-0.94856,0.0,63.09651,0.6,0.0
2026-10-02T20:30:14Z,2027-03-26,175,160000.0,C,0.0042,0.0045,0.0044,86502.05,84335.82,0.46140000000000003,0.03851,0.0,49.97073,1034.4,2.1
2026-10-02T20:30:14Z,2027-03-26,175,160000.0,P,0.849,0.859,0.8542,86501.55,84335.82,0.46140000000000003,-0.96149,0.0,49.96884,0.1,0.0
2026-10-02T20:30:14Z,2027-03-26,175,170000.0,C,0.0034,0.0037,0.0035,86502.05,84335.82,0.4788,0.03035,0.0,41.08872,1002.1,12.2
2026-10-02T20:30:14Z,2027-03-26,175,170000.0,P,0.9635,0.974,0.9689,86502.05,84335.82,0.4788,-0.96965,0.0,41.08872,0.4,0.1
2026-10-02T20:30:14Z,2027-03-26,175,180000.0,C,0.0025,0.003,0.0027,86502.05,84335.82,0.4926,0.02379,0.0,33.52668,689.4,0.0
2026-10-02T20:30:14Z,2027-03-26,175,180000.0,P,1.07,1.0955,1.0837,86502.05,84335.82,0.4926,-0.97621,0.0,33.52668,0.1,0.0
2026-10-02T20:30:14Z,2027-03-26,175,190000.0,C,0.0022,0.0025,0.0023,86502.05,84335.82,0.5089,0.01968,0.0,28.56712,699.0,4.6
2026-10-02T20:30:14Z,2027-03-26,175,190000.0,P,1.1855,1.211,1.1989,86502.05,84335.82,0.5089,-0.98032,0.0,28.56712,0.9,0.0
2026-10-02T20:30:14Z,2027-03-26,175,200000.0,C,0.0018,0.0022,0.0019,86502.05,84335.82,0.5252,0.01672,0.0,24.8547,493.0,1.4
2026-10-02T20:30:14Z,2027-03-26,175,200000.0,P,1.2995,1.3265,1.3142,86502.05,84335.82,0.5252,-0.98328,0.0,24.8547,1.0,0.0
2026-10-02T20:30:14Z,2027-06-25,266,30000.0,C,0.6585,0.6615,0.6601,87655.66,84335.82,0.6178,0.98923,0.0,21.24845,87.4,1.2
2026-10-02T20:30:14Z,2027-06-25,266,30000.0,P,0.002,0.0028,0.0023,87655.66,84335.82,0.6178,-0.01077,0.0,21.24845,530.2,0.1
2026-10-02T20:30:14Z,2027-06-25,266,40000.0,C,0.547,0.551,0.5491,87656.19,84335.82,0.5383,0.97371,0.0,45.57,24.1,1.0
2026-10-02T20:30:14Z,2027-06-25,266,40000.0,P,0.0048,0.006,0.0054,87655.66,84335.82,0.5383,-0.02629,0.0,45.57089,1251.8,0.0
2026-10-02T20:30:14Z,2027-06-25,266,45000.0,C,0.4925,0.4965,0.4944,87655.66,84335.82,0.5027,0.9616,0.0,62.31956,15.5,0.0
2026-10-02T20:30:14Z,2027-06-25,266,45000.0,P,0.0075,0.0085,0.0078,87655.66,84335.82,0.5027,-0.0384,0.0,62.31956,162.6,0.0
2026-10-02T20:30:14Z,2027-06-25,266,50000.0,C,0.4395,0.4425,0.4409,87655.66,84335.82,0.4739,0.9442,0.0,84.11171,20.2,2.0
2026-10-02T20:30:14Z,2027-06-25,266,50000.0,P,0.0105,0.012,0.0113,87655.66,84335.82,0.4739,-0.0558,0.0,84.11171,342.9,0.0
2026-10-02T20:30:14Z,2027-06-25,266,52000.0,C,0.4185,0.422,0.4201,87656.19,84335.82,0.46549999999999997,0.93497,0.0,94.81623,1.1,0.0
2026-10-02T20:30:14Z,2027-06-25,266,52000.0,P,0.0125,0.014,0.0133,87656.19,84335.82,0.46549999999999997,-0.06503,0.0,94.81654,49.0,3.0
2026-10-02T20:30:14Z,2027-06-25,266,54000.0,C,0.397,0.401,0.3993,87655.66,84335.82,0.45539999999999997,0.92529,0.0,105.50802,1.0,0.0
2026-10-02T20:30:14Z,2027-06-25,266,54000.0,P,0.0145,0.016,0.0153,87656.19,84335.82,0.45539999999999997,-0.07471,0.0,105.50629,50.5,0.0
2026-10-02T20:30:14Z,2027-06-25,266,55000.0,C,0.386,0.391,0.3891,87655.66,84335.82,0.4517,0.91963,0.0,111.52868,3.7,0.0
2026-10-02T20:30:14Z,2027-06-25,266,55000.0,P,0.016,0.0175,0.0166,87655.66,84335.82,0.4517,-0.08037,0.0,111.52868,36.9,0.0
2026-10-02T20:30:14Z,2027-06-25,266,56000.0,C,0.375,0.381,0.3789,87655.66,84335.82,0.4473,0.9139,0.0,117.45026,2.9,0.0
2026-10-02T20:30:14Z,2027-06-25,266,56000.0,P,0.017,0.0185,0.0178,87656.19,84335.82,0.4473,-0.08609,0.0,117.44843,85.5,0.0
2026-10-02T20:30:14Z,2027-06-25,266,58000.0,C,0.3555,0.361,0.3589,87655.66,84335.82,0.4395,0.90132,1e-05,129.92588,13.8,0.0
2026-10-02T20:30:14Z,2027-06-25,266,58000.0,P,0.02,0.0215,0.0206,87656.24,84335.82,0.4395,-0.09868,1e-05,129.92439,100.6,1.0
2026-10-02T20:30:14Z,2027-06-25,266,60000.0,C,0.3375,0.3405,0.3393,87656.24,84335.82,0.43200000000000005,0.88748,1e-05,142.87013,969.9,0.0
2026-10-02T20:30:14Z,2027-06-25,266,60000.0,P,0.023,0.0245,0.0238,87657.17,84335.82,0.43200000000000005,-0.11252,1e-05,142.86665,242.9,0.2
2026-10-02T20:30:14Z,2027-06-25,266,62000.0,C,0.3185,0.3215,0.32,87656.24,84335.82,0.42479999999999996,0.87221,1e-05,156.2716,117.9,3.6
2026-10-02T20:30:14Z,2027-06-25,266,62000.0,P,0.0265,0.028,0.0273,87657.17,84335.82,0.42479999999999996,-0.12778,1e-05,156.26806,115.8,0.0
2026-10-02T20:30:14Z,2027-06-25,266,64000.0,C,0.2995,0.3025,0.3012,87657.17,84335.82,0.4183,0.85546,1e-05,170.02873,33.5,0.0
2026-10-02T20:30:14Z,2027-06-25,266,64000.0,P,0.0305,0.032,0.0313,87657.17,84335.82,0.4183,-0.14454,1e-05,170.02873,64.1,2.0
2026-10-02T20:30:14Z,2027-06-25,266,65000.0,C,0.2905,0.2935,0.2922,87656.24,84335.82,0.41609999999999997,0.84617,1e-05,177.24646,9.1,0.0
2026-10-02T20:30:14Z,2027-06-25,266,65000.0,P,0.033,0.0345,0.0337,87656.24,84335.82,0.41609999999999997,-0.15383,1e-05,177.24646,51.3,0.2
2026-10-02T20:30:14Z,2027-06-25,266,66000.0,C,0.2815,0.2845,0.2832,87657.17,84335.82,0.41350000000000003,0.83671,1e-05,184.32231,25.6,0.0
2026-10-02T20:30:14Z,2027-06-25,266,66000.0,P,0.0355,0.037,0.0362,87657.17,84335.82,0.41350000000000003,-0.16329,1e-05,184.32231,66.7,0.0
2026-10-02T20:30:14Z,2027-06-25,266,68000.0,C,0.264,0.267,0.2656,87657.17,84335.82,0.4083,0.81684,1e-05,198.31541,14.7,0.0
2026-10-02T20:30:14Z,2027-06-25,266,68000.0,P,0.0405,0.042,0.0413,87657.17,84335.82,0.4083,-0.18316,1e-05,198.31541,26.6,0.0
2026-10-02T20:30:14Z,2027-06-25,266,70000.0,C,0.247,0.25,0.2486,87656.24,84335.82,0.4039,0.79537,1e-05,212.17317,207.3,0.2
2026-10-02T20:30:14Z,2027-06-25,266,70000.0,P,0.0465,0.048,0.0472,87657.17,84335.82,0.4039,-0.20462,1e-05,212.17003,147.9,0.0
2026-10-02T20:30:14Z,2027-06-25,266,72000.0,C,0.2305,0.2335,0.2323,87656.24,84335.82,0.3998,0.77262,1e-05,225.54172,87.2,0.0
2026-10-02T20:30:14Z,2027-06-25,266,72000.0,P,0.0525,0.0545,0.0537,87657.17,84335.82,0.3998,-0.22737,1e-05,225.53887,54.4,1.1
2026-10-02T20:30:14Z,2027-06-25,266,74000.0,C,0.215,0.218,0.2168,87657.17,84335.82,0.3968,0.74846,1e-05,238.3343,23.3,0.4
2026-10-02T20:30:14Z,2027-06-25,266,74000.0,P,0.06,0.062,0.061,87656.93,84335.82,0.3968,-0.25154,1e-05,238.33492,21.7,3.8
2026-10-02T20:30:14Z,2027-06-25,266,76000.0,C,0.2005,0.203,0.202,87657.34,84335.82,0.39409999999999995,0.72328,1e-05,250.21018,73.2,0.0
2026-10-02T20:30:14Z,2027-06-25,266,76000.0,P,0.068,0.07,0.069,87657.34,84335.82,0.39409999999999995,-0.27672,1e-05,250.21018,73.7,0.0
2026-10-02T20:30:14Z,2027-06-25,266,78000.0,C,0.186,0.189,0.1878,87656.93,84335.82,0.39130000000000004,0.69728,1e-05,260.98331,104.3,0.1
2026-10-02T20:30:14Z,2027-06-25,266,78000.0,P,0.0765,0.0785,0.0777,87657.34,84335.82,0.39130000000000004,-0.30271,1e-05,260.98264,106.5,0.6
2026-10-02T20:30:14Z,2027-06-25,266,80000.0,C,0.1735,0.1755,0.1746,87656.93,84335.82,0.3897,0.67047,1e-05,270.57953,185.0,15.5
2026-10-02T20:30:14Z,2027-06-25,266,80000.0,P,0.086,0.088,0.0872,87656.93,84335.82,0.3897,-0.32953,1e-05,270.57948,55.4,0.0
2026-10-02T20:30:14Z,2027-06-25,266,82000.0,C,0.161,0.163,0.1621,87656.93,84335.82,0.3883,0.6432,1e-05,278.81265,68.3,5.0
2026-10-02T20:30:14Z,2027-06-25,266,82000.0,P,0.0965,0.0985,0.0976,87657.34,84335.82,0.3883,-0.35679,1e-05,278.81251,34.7,9.0
2026-10-02T20:30:14Z,2027-06-25,266,84000.0,C,0.149,0.1515,0.1503,87656.93,84335.82,0.387,0.61568,1e-05,285.61245,528.8,0.0
2026-10-02T20:30:14Z,2027-06-25,266,84000.0,P,0.1075,0.1095,0.1086,87656.93,84335.82,0.387,-0.38432,1e-05,285.61246,507.4,2.2
2026-10-02T20:30:14Z,2027-06-25,266,85000.0,C,0.1435,0.146,0.1447,87656.93,84335.82,0.3868,0.60189,1e-05,288.45888,163.2,0.0
2026-10-02T20:30:14Z,2027-06-25,266,85000.0,P,0.113,0.1155,0.1144,87656.93,84335.82,0.3868,-0.39811,1e-05,288.45888,16.6,0.5
2026-10-02T20:30:14Z,2027-06-25,266,86000.0,C,0.1385,0.1405,0.1393,87657.34,84335.82,0.3864,0.58811,1e-05,290.93601,43.7,1.0
2026-10-02T20:30:14Z,2027-06-25,266,86000.0,P,0.119,0.1215,0.1204,87656.93,84335.82,0.3864,-0.41189,1e-05,290.93556,2.1,1.3
2026-10-02T20:30:14Z,2027-06-25,266,88000.0,C,0.128,0.13,0.1289,87657.34,84335.82,0.38549999999999995,0.56062,1e-05,294.79114,52.4,20.0
2026-10-02T20:30:14Z,2027-06-25,266,88000.0,P,0.1315,0.134,0.1328,87657.34,84335.82,0.38549999999999995,-0.43938,1e-05,294.79114,30.7,26.5
2026-10-02T20:30:14Z,2027-06-25,266,90000.0,C,0.1185,0.12,0.1193,87652.77,84335.82,0.38520000000000004,0.53341,1e-05,297.1786,749.8,93.1
2026-10-02T20:30:14Z,2027-06-25,266,90000.0,P,0.1445,0.147,0.146,87652.77,84335.82,0.38520000000000004,-0.46659,1e-05,297.1786,87.3,2.8
2026-10-02T20:30:14Z,2027-06-25,266,92000.0,C,0.1095,0.111,0.1103,87656.54,84335.82,0.385,0.50673,1e-05,298.19531,28.6,50.1
2026-10-02T20:30:14Z,2027-06-25,266,92000.0,P,0.1585,0.161,0.1598,87652.77,84335.82,0.385,-0.49332,1e-05,298.18315,0.3,0.0
2026-10-02T20:30:14Z,2027-06-25,266,94000.0,C,0.101,0.103,0.1019,87652.77,84335.82,0.3848,0.48049,1e-05,297.86824,29.7,0.0
2026-10-02T20:30:14Z,2027-06-25,266,94000.0,P,0.1725,0.1755,0.1743,87652.77,84335.82,0.3848,-0.51951,1e-05,297.86824,0.1,0.0
2026-10-02T20:30:14Z,2027-06-25,266,95000.0,C,0.097,0.099,0.0979,87656.54,84335.82,0.3847,0.46767,1e-05,297.25812,58.2,0.1
2026-10-02T20:30:14Z,2027-06-25,266,95000.0,P,0.18,0.183,0.1817,87656.54,84335.82,0.3847,-0.53233,1e-05,297.25812,40.2,0.0
2026-10-02T20:30:14Z,2027-06-25,266,96000.0,C,0.093,0.095,0.094,87652.77,84335.82,0.3845,0.45484,1e-05,296.31196,151.5,0.0
2026-10-02T20:30:14Z,2027-06-25,266,96000.0,P,0.1875,0.1905,0.1892,87652.77,84335.82,0.3845,-0.54516,1e-05,296.31196,0.1,0.0
2026-10-02T20:30:14Z,2027-06-25,266,98000.0,C,0.086,0.088,0.0869,87656.54,84335.82,0.3849,0.43027,1e-05,293.6708,112.0,0.0
2026-10-02T20:30:14Z,2027-06-25,266,98000.0,P,0.203,0.206,0.2049,87652.77,84335.82,0.3849,-0.56978,1e-05,293.65141,0.1,0.0
2026-10-02T20:30:14Z,2027-06-25,266,100000.0,C,0.079,0.081,0.0802,87656.54,84335.82,0.3851,0.40638,1e-05,289.98818,203.2,3.8
2026-10-02T20:30:14Z,2027-06-25,266,100000.0,P,0.219,0.2225,0.221,87656.54,84335.82,0.3851,-0.59362,1e-05,289.98818,2.3,0.1
2026-10-02T20:30:14Z,2027-06-25,266,102000.0,C,0.073,0.075,0.074,87656.54,84335.82,0.38539999999999996,0.38333,1e-05,285.39227,53.1,0.0
2026-10-02T20:30:14Z,2027-06-25,266,102000.0,P,0.2355,0.239,0.2376,87656.54,84335.82,0.38539999999999996,-0.61667,1e-05,285.39227,0.0,0.0
2026-10-02T20:30:14Z,2027-06-25,266,104000.0,C,0.0675,0.0695,0.0684,87652.77,84335.82,0.38630000000000003,0.36154,1e-05,280.07778,185.9,0.0
2026-10-02T20:30:14Z,2027-06-25,266,104000.0,P,0.2525,0.258,0.2549,87652.77,84335.82,0.38630000000000003,-0.63846,1e-05,280.07778,0.0,0.0
2026-10-02T20:30:14Z,2027-06-25,266,105000.0,C,0.065,0.0665,0.0658,87652.77,84335.82,0.38659999999999994,0.35094,1e-05,277.15685,163.5,0.0
2026-10-02T20:30:14Z,2027-06-25,266,105000.0,P,0.261,0.266,0.2636,87652.77,84335.82,0.38659999999999994,-0.64906,1e-05,277.15685,2.1,0.0
2026-10-02T20:30:14Z,2027-06-25,266,106000.0,C,0.0625,0.064,0.0632,87652.79,84335.82,0.3871,0.34067,1e-05,274.11135,18.7,3.1
2026-10-02T20:30:14Z,2027-06-25,266,106000.0,P,0.27,0.2755,0.2725,87652.79,84335.82,0.3871,-0.65933,1e-05,274.11135,0.0,0.0
2026-10-02T20:30:14Z,2027-06-25,266,108000.0,C,0.0575,0.0595,0.0585,87652.09,84335.82,0.38799999999999996,0.32085,1e-05,267.62262,35.2,0.0
2026-10-02T20:30:14Z,2027-06-25,266,108000.0,P,0.288,0.294,0.2906,87652.09,84335.82,0.38799999999999996,-0.67915,1e-05,267.62262,0.2,0.0
2026-10-02T20:30:14Z,2027-06-25,266,110000.0,C,0.0535,0.055,0.0541,87652.09,84335.82,0.389,0.30202,1e-05,260.7008,293.5,0.2
2026-10-02T20:30:14Z,2027-06-25,266,110000.0,P,0.3065,0.3115,0.309,87652.09,84335.82,0.389,-0.69798,1e-05,260.70102,5.3,0.0
2026-10-02T20:30:14Z,2027-06-25,266,112000.0,C,0.0495,0.051,0.0501,87652.79,84335.82,0.39030000000000004,0.28434,1e-05,253.50744,0.0,0.0
2026-10-02T20:30:14Z,2027-06-25,266,112000.0,P,0.325,0.331,0.3278,87652.09,84335.82,0.39030000000000004,-0.71567,1e-05,253.50222,0.0,0.0
2026-10-02T20:30:14Z,2027-06-25,266,114000.0,C,0.0455,0.0475,0.0465,87652.09,84335.82,0.3918,0.26777,1e-05,246.14038,6.0,0.0
2026-10-02T20:30:14Z,2027-06-25,266,114000.0,P,0.3425,0.3525,0.347,87652.09,84335.82,0.3918,-0.73223,1e-05,246.14038,0.0,0.0
2026-10-02T20:30:14Z,2027-06-25,266,115000.0,C,0.044,0.0455,0.0447,87652.79,84335.82,0.3922,0.25957,1e-05,242.2698,150.1,0.2
2026-10-02T20:30:14Z,2027-06-25,266,115000.0,P,0.353,0.364,0.3567,87652.09,84335.82,0.3922,-0.74044,1e-05,242.26414,1.0,0.0
2026-10-02T20:30:14Z,2027-06-25,266,116000.0,C,0.0425,0.044,0.0431,87652.09,84335.82,0.39299999999999996,0.25193,1e-05,238.51582,0.0,0.0
2026-10-02T20:30:14Z,2027-06-25,266,116000.0,P,0.363,0.374,0.3665,87652.09,84335.82,0.39299999999999996,-0.74807,1e-05,238.51582,0.0,0.0
2026-10-02T20:30:14Z,2027-06-25,266,120000.0,C,0.0365,0.038,0.0372,87652.79,84335.82,0.39590000000000003,0.22314,1e-05,223.14393,352.3,0.0
2026-10-02T20:30:14Z,2027-06-25,266,120000.0,P,0.4025,0.409,0.4062,87652.31,84335.82,0.39590000000000003,-0.77686,1e-05,223.14018,0.9,0.0
2026-10-02T20:30:14Z,2027-06-25,266,125000.0,C,0.0305,0.032,0.0312,87652.31,84335.82,0.4003,0.19241,1e-05,204.42649,640.2,0.1
2026-10-02T20:30:14Z,2027-06-25,266,125000.0,P,0.4535,0.464,0.4572,87653.87,84335.82,0.4003,-0.80758,1e-05,204.43939,0.0,0.0
2026-10-02T20:30:14Z,2027-06-25,266,130000.0,C,0.0255,0.027,0.0262,87652.31,84335.82,0.4044,0.16589,1e-05,186.20667,771.7,1.0
2026-10-02T20:30:14Z,2027-06-25,266,130000.0,P,0.5055,0.5175,0.5093,87652.31,84335.82,0.4044,-0.83411,1e-05,186.20667,3.9,0.0
2026-10-02T20:30:14Z,2027-06-25,266,135000.0,C,0.0215,0.023,0.0222,87653.87,84335.82,0.409,0.14374,1e-05,169.38432,12.8,12.3
2026-10-02T20:30:14Z,2027-06-25,266,135000.0,P,0.558,0.57,0.5623,87653.87,84335.82,0.409,-0.85626,1e-05,169.38432,0.0,0.0
2026-10-02T20:30:14Z,2027-06-25,266,140000.0,C,0.0185,0.02,0.0192,87653.87,84335.82,0.415,0.12588,1e-05,154.64051,378.4,13.0
2026-10-02T20:30:14Z,2027-06-25,266,140000.0,P,0.6125,0.6215,0.6163,87653.87,84335.82,0.415,-0.87412,1e-05,154.64051,3.4,0.0
2026-10-02T20:30:14Z,2027-06-25,266,150000.0,C,0.0135,0.015,0.0143,87653.87,84335.82,0.42479999999999996,0.09647,1e-05,127.78667,219.3,0.0
2026-10-02T20:30:14Z,2027-06-25,266,150000.0,P,0.7205,0.737,0.7255,87652.31,84335.82,0.42479999999999996,-0.90354,1e-05,127.77622,1.1,0.0
2026-10-02T20:30:14Z,2027-06-25,266,160000.0,C,0.0105,0.012,0.0112,87653.87,84335.82,0.43729999999999997,0.07677,0.0,107.71525,698.4,0.0
2026-10-02T20:30:14Z,2027-06-25,266,160000.0,P,0.8325,0.841,0.8365,87653.87,84335.82,0.43729999999999997,-0.92323,0.0,107.71525,0.2,0.0
2026-10-02T20:30:14Z,2027-06-25,266,170000.0,C,0.008,0.0095,0.0087,87653.87,84335.82,0.44670000000000004,0.06076,0.0,89.93315,153.0,0.0
2026-10-02T20:30:14Z,2027-06-25,266,170000.0,P,0.9425,0.96,0.9481,87653.87,84335.82,0.44670000000000004,-0.93924,0.0,89.93315,15.0,0.3
2026-10-02T20:30:14Z,2027-06-25,266,180000.0,C,0.0065,0.008,0.0072,87652.31,84335.82,0.4594,0.05043,0.0,77.62341,66.7,0.0
2026-10-02T20:30:14Z,2027-06-25,266,180000.0,P,1.044,1.0745,1.0607,87653.87,84335.82,0.4594,-0.94957,0.0,77.63057,0.0,0.0
2026-10-02T20:30:14Z,2027-06-25,266,190000.0,C,0.0055,0.007,0.006,87652.31,84335.82,0.47119999999999995,0.04235,0.0,67.47045,67.0,0.0
2026-10-02T20:30:14Z,2027-06-25,266,190000.0,P,1.1535,1.1885,1.1736,87653.54,84335.82,0.47119999999999995,-0.95764,0.0,67.478,0.6,0.0
2026-10-02T20:30:14Z,2027-06-25,266,200000.0,C,0.0046,0.0055,0.005,87653.54,84335.82,0.48119999999999996,0.03554,0.0,58.49883,234.3,0.0
2026-10-02T20:30:14Z,2027-06-25,266,200000.0,P,1.2655,1.301,1.2867,87654.02,84335.82,0.48119999999999996,-0.96445,0.0,58.50056,2.1,0.0
2026-10-02T20:30:14Z,2027-09-24,357,50000.0,C,0.4515,0.4555,0.4535,88802.84,84335.82,0.46020000000000005,0.93194,0.0,115.30888,1.5,0.0
2026-10-02T20:30:14Z,2027-09-24,357,50000.0,P,0.0155,0.017,0.0165,88802.84,84335.82,0.46020000000000005,-0.06806,0.0,115.30888,738.0,1.0
2026-10-02T20:30:14Z,2027-09-24,357,60000.0,C,0.3545,0.3585,0.3565,88803.52,84335.82,0.4249,0.87361,1e-05,182.05609,0.0,0.0
2026-10-02T20:30:14Z,2027-09-24,357,60000.0,P,0.0315,0.033,0.0321,88802.84,84335.82,0.4249,-0.12639,1e-05,182.05888,18.4,0.2
2026-10-02T20:30:14Z,2027-09-24,357,65000.0,C,0.3105,0.314,0.3121,88803.52,84335.82,0.4129,0.83365,1e-05,219.00071,2.0,0.0
2026-10-02T20:30:14Z,2027-09-24,357,65000.0,P,0.043,0.045,0.0441,88803.04,84335.82,0.4129,-0.16635,1e-05,219.00233,3.2,1.1
2026-10-02T20:30:14Z,2027-09-24,357,70000.0,C,0.2695,0.2735,0.2714,88803.04,84335.82,0.4044,0.78674,1e-05,255.21626,4.9,0.0
2026-10-02T20:30:14Z,2027-09-24,357,70000.0,P,0.0585,0.0605,0.0597,88803.04,84335.82,0.4044,-0.21326,1e-05,255.21626,3.1,0.5
2026-10-02T20:30:14Z,2027-09-24,357,72000.0,C,0.2545,0.258,0.2561,88803.04,84335.82,0.40149999999999997,0.76639,1e-05,268.80391,0.0,0.0
2026-10-02T20:30:14Z,2027-09-24,357,72000.0,P,0.0655,0.068,0.0669,88803.04,84335.82,0.40149999999999997,-0.23361,1e-05,268.80391,2.1,1.1
2026-10-02T20:30:14Z,2027-09-24,357,74000.0,C,0.2395,0.2435,0.2415,88803.04,84335.82,0.3993,0.74519,1e-05,281.69735,1.4,0.0
2026-10-02T20:30:14Z,2027-09-24,357,74000.0,P,0.0735,0.076,0.0748,88803.04,84335.82,0.3993,-0.25481,1e-05,281.69735,25.0,0.0
2026-10-02T20:30:14Z,2027-09-24,357,76000.0,C,0.2255,0.2295,0.2274,88803.52,84335.82,0.397,0.7234,1e-05,293.6671,7.6,0.0
2026-10-02T20:30:14Z,2027-09-24,357,76000.0,P,0.082,0.0845,0.0833,88803.04,84335.82,0.397,-0.2766,1e-05,293.66791,25.2,0.5
2026-10-02T20:30:14Z,2027-09-24,357,78000.0,C,0.2125,0.216,0.2142,88802.84,84335.82,0.3954,0.70101,1e-05,304.66935,12.1,0.1
2026-10-02T20:30:14Z,2027-09-24,357,78000.0,P,0.091,0.094,0.0925,88803.04,84335.82,0.3954,-0.29899,1e-05,304.66911,0.1,0.1
2026-10-02T20:30:14Z,2027-09-24,357,80000.0,C,0.1995,0.203,0.2014,88803.04,84335.82,0.3937,0.67826,1e-05,314.54994,16.5,1.2
2026-10-02T20:30:14Z,2027-09-24,357,80000.0,P,0.1005,0.1035,0.1022,88797.28,84335.82,0.3937,-0.3218,1e-05,314.55381,300.4,0.1
2026-10-02T20:30:14Z,2027-09-24,357,82000.0,C,0.1875,0.191,0.1893,88802.84,84335.82,0.3926,0.6552,1e-05,323.2703,0.3,0.0
2026-10-02T20:30:14Z,2027-09-24,357,82000.0,P,0.111,0.114,0.1127,88797.28,84335.82,0.3926,-0.34485,1e-05,323.2709,0.8,0.0
2026-10-02T20:30:14Z,2027-09-24,357,84000.0,C,0.176,0.1795,0.1778,88797.28,84335.82,0.3914,0.63194,1e-05,330.76605,502.3,0.3
2026-10-02T20:30:14Z,2027-09-24,357,84000.0,P,0.122,0.1255,0.1237,88797.28,84335.82,0.3914,-0.36806,1e-05,330.76605,501.0,0.5
2026-10-02T20:30:14Z,2027-09-24,357,86000.0,C,0.1655,0.1685,0.167,88797.28,84335.82,0.3907,0.60871,1e-05,337.0103,1.4,1.1
2026-10-02T20:30:14Z,2027-09-24,357,86000.0,P,0.1335,0.137,0.1354,88797.28,84335.82,0.3907,-0.39129,1e-05,337.0103,4.4,3.6
2026-10-02T20:30:14Z,2027-09-24,357,88000.0,C,0.1555,0.1585,0.1567,88797.28,84335.82,0.3901,0.58556,1e-05,342.00781,19.2,7.1
2026-10-02T20:30:14Z,2027-09-24,357,88000.0,P,0.146,0.1495,0.1477,88797.28,84335.82,0.3901,-0.41444,1e-05,342.00776,1.2,0.6
2026-10-02T20:30:14Z,2027-09-24,357,90000.0,C,0.146,0.1485,0.1469,88797.28,84335.82,0.3893,0.56254,1e-05,345.77941,12.0,1.5
2026-10-02T20:30:14Z,2027-09-24,357,90000.0,P,0.1585,0.162,0.1604,88797.28,84335.82,0.3893,-0.43746,1e-05,345.77942,2.6,1.6
2026-10-02T20:30:14Z,2027-09-24,357,92000.0,C,0.1365,0.1395,0.1378,88797.28,84335.82,0.3889,0.53981,1e-05,348.3457,1.1,0.1
2026-10-02T20:30:14Z,2027-09-24,357,92000.0,P,0.172,0.1755,0.1738,88797.28,84335.82,0.3889,-0.46019,1e-05,348.3457,0.0,0.0
2026-10-02T20:30:14Z,2027-09-24,357,94000.0,C,0.128,0.131,0.1292,88797.28,84335.82,0.38880000000000003,0.51751,1e-05,349.75285,1.1,0.0
2026-10-02T20:30:14Z,2027-09-24,357,94000.0,P,0.1855,0.19,0.1878,88797.28,84335.82,0.38880000000000003,-0.48249,1e-05,349.75285,0.0,0.0
2026-10-02T20:30:14Z,2027-09-24,357,96000.0,C,0.12,0.1225,0.1212,88797.28,84335.82,0.3887,0.49561,1e-05,350.06903,0.4,0.2
2026-10-02T20:30:14Z,2027-09-24,357,96000.0,P,0.1995,0.2045,0.2022,88802.84,84335.82,0.3887,-0.50432,1e-05,350.09157,0.0,0.0
2026-10-02T20:30:14Z,2027-09-24,357,98000.0,C,0.1125,0.115,0.1136,88797.28,84335.82,0.3886,0.4742,1e-05,349.35757,0.5,0.5
2026-10-02T20:30:14Z,2027-09-24,357,98000.0,P,0.2145,0.2195,0.2171,88797.28,84335.82,0.3886,-0.52581,1e-05,349.35755,0.0,0.0
2026-10-02T20:30:14Z,2027-09-24,357,100000.0,C,0.105,0.108,0.1064,88796.45,84335.82,0.3887,0.4533,1e-05,347.68579,11.4,0.0
2026-10-02T20:30:14Z,2027-09-24,357,100000.0,P,0.23,0.235,0.2325,88796.45,84335.82,0.3887,-0.5467,1e-05,347.68579,0.0,0.0
2026-10-02T20:30:14Z,2027-09-24,357,102000.0,C,0.0985,0.1015,0.0998,88796.45,84335.82,0.3889,0.43308,1e-05,345.14921,2.5,0.0
2026-10-02T20:30:14Z,2027-09-24,357,102000.0,P,0.246,0.2515,0.2484,88797.28,84335.82,0.3889,-0.56692,1e-05,345.15385,0.0,0.0
2026-10-02T20:30:14Z,2027-09-24,357,104000.0,C,0.0925,0.095,0.0935,88796.45,84335.82,0.38909999999999995,0.41344,1e-05,341.81366,5.4,0.3
2026-10-02T20:30:14Z,2027-09-24,357,104000.0,P,0.262,0.268,0.2647,88797.28,84335.82,0.38909999999999995,-0.58655,1e-05,341.81867,0.0,0.0
2026-10-02T20:30:14Z,2027-09-24,357,106000.0,C,0.0865,0.089,0.0877,88796.45,84335.82,0.3895,0.3945,1e-05,337.77339,0.1,0.0
2026-10-02T20:30:14Z,2027-09-24,357,106000.0,P,0.272,0.288,0.2814,88796.45,84335.82,0.3895,-0.6055,1e-05,337.77339,0.0,0.0
2026-10-02T20:30:14Z,2027-09-24,357,108000.0,C,0.081,0.084,0.0823,88796.45,84335.82,0.3901,0.37633,1e-05,333.12878,0.0,0.0
2026-10-02T20:30:14Z,2027-09-24,357,108000.0,P,0.29,0.3035,0.2985,88796.45,84335.82,0.3901,-0.62367,1e-05,333.12878,0.0,0.0
2026-10-02T20:30:14Z,2027-09-24,357,110000.0,C,0.076,0.0785,0.0772,88796.45,84335.82,0.39049999999999996,0.35868,1e-05,327.88647,200.6,0.0
2026-10-02T20:30:14Z,2027-09-24,357,110000.0,P,0.3065,0.323,0.3159,88796.45,84335.82,0.39049999999999996,-0.64132,1e-05,327.88647,0.2,0.0
2026-10-02T20:30:14Z,2027-09-24,357,112000.0,C,0.0715,0.074,0.0725,88796.45,84335.82,0.39130000000000004,0.342,1e-05,322.25886,0.0,0.0
2026-10-02T20:30:14Z,2027-09-24,357,112000.0,P,0.3245,0.3395,0.3337,88797.28,84335.82,0.39130000000000004,-0.65799,1e-05,322.26504,0.0,0.0
2026-10-02T20:30:14Z,2027-09-24,357,114000.0,C,0.067,0.0695,0.0681,88796.45,84335.82,0.3921,0.32601,1e-05,316.24147,0.0,0.0
2026-10-02T20:30:14Z,2027-09-24,357,114000.0,P,0.3425,0.359,0.3519,88796.45,84335.82,0.3921,-0.67399,1e-05,316.24147,0.0,0.0
2026-10-02T20:30:14Z,2027-09-24,357,116000.0,C,0.063,0.0655,0.0641,88796.45,84335.82,0.3931,0.31077,1e-05,309.92195,0.1,0.0
2026-10-02T20:30:14Z,2027-09-24,357,116000.0,P,0.361,0.378,0.3704,88795.3,84335.82,0.3931,-0.68925,1e-05,309.91319,0.0,0.0
2026-10-02T20:30:14Z,2027-09-24,357,118000.0,C,0.059,0.0615,0.0603,88795.3,84335.82,0.3942,0.29624,1e-05,303.36333,0.1,0.0
2026-10-02T20:30:14Z,2027-09-24,357,118000.0,P,0.386,0.3965,0.3892,88795.3,84335.82,0.3942,-0.70376,1e-05,303.36333,0.0,0.0
2026-10-02T20:30:14Z,2027-09-24,357,120000.0,C,0.056,0.058,0.0569,88795.3,84335.82,0.3954,0.28257,1e-05,296.70065,12.1,0.0
2026-10-02T20:30:14Z,2027-09-24,357,120000.0,P,0.405,0.4145,0.4083,88795.3,84335.82,0.3954,-0.71743,1e-05,296.70065,0.0,0.0
2026-10-02T20:30:14Z,2027-09-24,357,125000.0,C,0.048,0.0505,0.049,88796.45,84335.82,0.3982,0.25068,1e-05,279.26316,3.8,0.0
2026-10-02T20:30:14Z,2027-09-24,357,125000.0,P,0.4535,0.4605,0.4567,88795.3,84335.82,0.3982,-0.74933,1e-05,279.25337,0.0,0.0
2026-10-02T20:30:14Z,2027-09-24,357,130000.0,C,0.0415,0.0435,0.0425,88795.3,84335.82,0.4014,0.22283,1e-05,261.7351,43.3,0.0
2026-10-02T20:30:14Z,2027-09-24,357,130000.0,P,0.503,0.5145,0.5065,88795.3,84335.82,0.4014,-0.77717,1e-05,261.7351,4.0,0.0
2026-10-02T20:30:14Z,2027-09-24,357,135000.0,C,0.0365,0.038,0.0372,88795.3,84335.82,0.4053,0.19891,1e-05,244.86611,100.0,0.0
2026-10-02T20:30:14Z,2027-09-24,357,135000.0,P,0.554,0.5675,0.5575,88795.3,84335.82,0.4053,-0.80109,1e-05,244.86611,0.0,0.0
2026-10-02T20:30:14Z,2027-09-24,357,140000.0,C,0.032,0.0335,0.0326,88795.3,84335.82,0.40909999999999996,0.17775,1e-05,228.4467,506.5,0.1
2026-10-02T20:30:14Z,2027-09-24,357,140000.0,P,0.6055,0.6135,0.6093,88796.45,84335.82,0.40909999999999996,-0.82224,1e-05,228.45642,0.0,0.0
2026-10-02T20:30:14Z,2027-09-24,357,150000.0,C,0.025,0.0265,0.0255,88795.3,84335.82,0.4169,0.1431,1e-05,198.23859,23.9,0.2
2026-10-02T20:30:14Z,2027-09-24,357,150000.0,P,0.7105,0.722,0.7147,88795.3,84335.82,0.4169,-0.8569,1e-05,198.23859,0.0,0.0
2026-10-02T20:30:14Z,2027-09-24,357,160000.0,C,0.0195,0.0215,0.0204,88795.3,84335.82,0.4254,0.11696,1e-05,172.38276,0.2,0.1
2026-10-02T20:30:14Z,2027-09-24,357,160000.0,P,0.818,0.8305,0.8222,88795.3,84335.82,0.4254,-0.88304,1e-05,172.38276,0.0,0.0
2026-10-02T20:30:14Z,2027-09-24,357,170000.0,C,0.016,0.0175,0.0166,88795.3,84335.82,0.43439999999999995,0.09709,0.0,150.70531,2.2,0.5
2026-10-02T20:30:14Z,2027-09-24,357,170000.0,P,0.9265,0.937,0.9311,88795.3,84335.82,0.43439999999999995,-0.90291,0.0,150.70531,4.3,0.0
2026-10-02T20:30:14Z,2027-09-24,357,180000.0,C,0.013,0.0145,0.0136,88795.12,84335.82,0.442,0.08089,0.0,131.54844,51.7,0.1
2026-10-02T20:30:14Z,2027-09-24,357,180000.0,P,1.0225,1.0565,1.0407,88795.12,84335.82,0.442,-0.91911,0.0,131.54844,0.1,0.0
2026-10-02T20:30:14Z,2027-09-24,357,190000.0,C,0.011,0.0125,0.0116,88795.12,84335.82,0.45189999999999997,0.06942,0.0,117.07098,9.0,0.0
2026-10-02T20:30:14Z,2027-09-24,357,190000.0,P,1.132,1.167,1.1514,88795.12,84335.82,0.45189999999999997,-0.93058,0.0,117.07098,0.0,0.0
2026-10-02T20:30:14Z,2027-09-24,357,200000.0,C,0.01,0.0105,0.0101,88795.12,84335.82,0.46159999999999995,0.06036,0.0,105.02184,28.5,1.0
2026-10-02T20:30:14Z,2027-09-24,357,200000.0,P,1.241,1.2795,1.2624,88795.12,84335.82,0.46159999999999995,-0.93964,0.0,105.02184,0.0,0.0
2026-10-02T20:30:14Z,2027-09-24,357,210000.0,C,0.008,0.0095,0.0087,88795.3,84335.82,0.4698,0.0524,0.0,93.93901,20.6,2.1
2026-10-02T20:30:14Z,2027-09-24,357,210000.0,P,1.348,1.3915,1.3737,88795.12,84335.82,0.4698,-0.9476,0.0,93.93815,0.0,0.0
2026-10-02T20:30:14Z,2027-09-24,357,220000.0,C,0.007,0.0075,0.0074,88795.3,84335.82,0.47600000000000003,0.04516,0.0,83.41845,18.6,1.5
2026-10-02T20:30:14Z,2027-09-24,357,220000.0,P,1.4645,1.501,1.485,88795.12,84335.82,0.47600000000000003,-0.95484,0.0,83.41767,0.0,0.0
