snapshot_ts,expiry,days_to_expiry,strike,option_type,bid,ask,mark_price,forward_price,index_price,implied_vol,delta,gamma,vega,open_interest,volume_24h
2026-09-17T19:37:27Z,2026-09-18,1,65000.0,C,0.149,0.152,0.1503,76495.56,76486.27,0.9591,1.0,0.0,0.00039,0.0,0.0
2026-09-17T19:37:27Z,2026-09-18,1,65000.0,P,0.0,0.0001,0.0,76495.31,76486.27,0.9591,0.0,0.0,0.00039,193.0,0.1
2026-09-17T19:37:27Z,2026-09-18,1,68000.0,C,0.1095,0.1125,0.1111,76495.56,76486.27,0.7441,0.99999,0.0,0.00155,3.1,1.2
2026-09-17T19:37:27Z,2026-09-18,1,68000.0,P,0.0,0.0001,0.0,76495.56,76486.27,0.7441,-1e-05,0.0,0.00155,230.6,3.0
2026-09-17T19:37:27Z,2026-09-18,1,69000.0,C,0.0965,0.0995,0.098,76495.56,76486.27,0.7389,0.9999,0.0,0.01109,0.3,0.0
2026-09-17T19:37:27Z,2026-09-18,1,69000.0,P,0.0,0.0001,0.0,76495.56,76486.27,0.7389,-0.0001,0.0,0.01109,85.9,6.0
2026-09-17T19:37:27Z,2026-09-18,1,70000.0,C,0.0835,0.087,0.0849,76493.78,76486.27,0.7023999999999999,0.99963,0.0,0.03894,0.1,0.0
2026-09-17T19:37:27Z,2026-09-18,1,70000.0,P,0.0,0.0001,0.0,76495.56,76486.27,0.7023999999999999,-0.00037,0.0,0.03882,653.5,35.3
2026-09-17T19:37:27Z,2026-09-18,1,72000.0,C,0.057,0.0605,0.0588,76495.56,76486.27,0.5474,0.99843,0.0,0.14654,0.2,0.1
2026-09-17T19:37:27Z,2026-09-18,1,72000.0,P,0.0,0.0001,0.0,76493.78,76486.27,0.5474,-0.00158,0.0,0.14703,1879.0,644.1
2026-09-17T19:37:27Z,2026-09-18,1,73000.0,C,0.0445,0.047,0.0457,76495.56,76486.27,0.47090000000000004,0.99599,1e-05,0.34187,10.0,6.0
2026-09-17T19:37:27Z,2026-09-18,1,73000.0,P,0.0,0.0001,0.0,76495.56,76486.27,0.47090000000000004,-0.00401,1e-05,0.34187,332.2,69.6
2026-09-17T19:37:27Z,2026-09-18,1,74000.0,C,0.031,0.034,0.0327,76493.78,76486.27,0.4036,0.9858,3e-05,1.03898,25.2,3.1
2026-09-17T19:37:27Z,2026-09-18,1,74000.0,P,0.0,0.0001,0.0001,76495.56,76486.27,0.4036,-0.01414,3e-05,1.03551,3044.7,231.4
2026-09-17T19:37:27Z,2026-09-18,1,74500.0,C,0.024,0.028,0.0262,76493.78,76486.27,0.34159999999999996,0.98044,5e-05,1.36671,0.0,0.0
2026-09-17T19:37:27Z,2026-09-18,1,74500.0,P,0.0,0.0001,0.0001,76495.56,76486.27,0.34159999999999996,-0.01948,5e-05,1.36164,92.9,104.2
2026-09-17T19:37:27Z,2026-09-18,1,75000.0,C,0.0185,0.021,0.0197,76493.78,76486.27,0.29059999999999997,0.96491,9e-05,2.22696,70.7,5.0
2026-09-17T19:37:27Z,2026-09-18,1,75000.0,P,0.0001,0.0002,0.0002,76495.56,76486.27,0.29059999999999997,-0.03492,9e-05,2.21844,1028.2,226.2
2026-09-17T19:37:27Z,2026-09-18,1,75500.0,C,0.012,0.015,0.0134,76495.56,76486.27,0.2491,0.91976,0.00021,4.28544,59.2,5.1
2026-09-17T19:37:27Z,2026-09-18,1,75500.0,P,0.0002,0.0004,0.0003,76495.56,76486.27,0.2491,-0.08024,0.00021,4.28544,83.1,58.6
2026-09-17T19:37:27Z,2026-09-18,1,76000.0,C,0.007,0.0085,0.0076,76493.78,76486.27,0.2291,0.77526,0.00045,8.62001,122.1,34.6
2026-09-17T19:37:27Z,2026-09-18,1,76000.0,P,0.0009,0.0012,0.0011,76492.49,76486.27,0.22899999999999998,-0.22532,0.00046,8.63235,407.3,254.0
2026-09-17T19:37:27Z,2026-09-18,1,76500.0,C,0.003,0.0036,0.0033,76492.49,76486.27,0.22510000000000002,0.49706,0.00062,11.47318,232.2,130.3
2026-09-17T19:37:27Z,2026-09-18,1,76500.0,P,0.0031,0.0037,0.0034,76492.49,76486.27,0.22510000000000002,-0.50294,0.00062,11.47318,221.2,236.8
2026-09-17T19:37:27Z,2026-09-18,1,77000.0,C,0.001,0.0013,0.0012,76492.49,76486.27,0.235,0.22846,0.00045,8.70004,337.9,100.1
2026-09-17T19:37:27Z,2026-09-18,1,77000.0,P,0.007,0.009,0.0078,76493.78,76486.27,0.235,-0.77096,0.00045,8.71254,671.4,155.3
2026-09-17T19:37:27Z,2026-09-18,1,77500.0,C,0.0003,0.0005,0.0004,76492.49,76486.27,0.2597,0.0909,0.00022,4.70505,220.9,132.4
2026-09-17T19:37:27Z,2026-09-18,1,77500.0,P,0.012,0.015,0.0135,76493.78,76486.27,0.2597,-0.90881,0.00022,4.71599,55.3,0.0
2026-09-17T19:37:27Z,2026-09-18,1,78000.0,C,0.0001,0.0003,0.0002,76493.78,76486.27,0.3031,0.04405,0.00011,2.67968,495.0,164.0
2026-09-17T19:37:27Z,2026-09-18,1,78000.0,P,0.0185,0.0215,0.0199,76493.78,76486.27,0.3031,-0.95595,0.00011,2.67968,371.7,25.1
2026-09-17T19:37:27Z,2026-09-18,1,78500.0,C,0.0001,0.0002,0.0001,76493.78,76486.27,0.3503,0.02504,6e-05,1.68308,187.8,94.0
2026-09-17T19:37:27Z,2026-09-18,1,78500.0,P,0.025,0.0275,0.0263,76492.49,76486.27,0.3503,-0.97504,6e-05,1.67884,9.4,0.0
2026-09-17T19:37:27Z,2026-09-18,1,79000.0,C,0.0,0.0001,0.0001,76492.49,76486.27,0.3799,0.01219,3e-05,0.91067,1851.5,648.4
2026-09-17T19:37:27Z,2026-09-18,1,79000.0,P,0.0315,0.034,0.0328,76492.49,76486.27,0.3799,-0.98781,3e-05,0.91067,271.2,2.0
2026-09-17T19:37:27Z,2026-09-18,1,79500.0,C,0.0,0.0001,0.0,76493.78,76486.27,0.3934,0.00467,1e-05,0.39168,131.1,31.0
2026-09-17T19:37:27Z,2026-09-18,1,79500.0,P,0.038,0.041,0.0393,76493.78,76486.27,0.3934,-0.99533,1e-05,0.39168,10.3,0.0
2026-09-17T19:37:27Z,2026-09-18,1,80000.0,C,0.0,0.0001,0.0,76493.78,76486.27,0.45439999999999997,0.00446,1e-05,0.37568,916.4,60.8
2026-09-17T19:37:27Z,2026-09-18,1,80000.0,P,0.0445,0.047,0.0458,76493.78,76486.27,0.45439999999999997,-0.99554,1e-05,0.37568,149.4,4.2
2026-09-17T19:37:27Z,2026-09-18,1,80500.0,C,0.0,0.0001,0.0,76492.49,76486.27,0.5023,0.00353,1e-05,0.30436,90.3,44.2
2026-09-17T19:37:27Z,2026-09-18,1,80500.0,P,0.05,0.054,0.0524,76492.49,76486.27,0.5023,-0.99647,1e-05,0.30436,0.0,0.0
2026-09-17T19:37:27Z,2026-09-18,1,81000.0,C,0.0,0.0001,0.0,76492.49,76486.27,0.5535,0.00306,1e-05,0.26825,1490.7,53.0
2026-09-17T19:37:27Z,2026-09-18,1,81000.0,P,0.0575,0.0605,0.0589,76492.77,76486.27,0.5535,-0.99693,1e-05,0.26838,29.1,0.0
2026-09-17T19:37:27Z,2026-09-18,1,82000.0,C,0.0,0.0001,0.0,76492.77,76486.27,0.5739,0.00066,0.0,0.06614,1732.3,29.8
2026-09-17T19:37:27Z,2026-09-18,1,82000.0,P,0.0705,0.0735,0.072,76492.8,76486.27,0.5739,-0.99934,0.0,0.06614,33.5,0.0
2026-09-17T19:37:27Z,2026-09-18,1,83000.0,C,0.0,0.0001,0.0,76492.77,76486.27,0.6563,0.00049,0.0,0.05015,1113.5,50.6
2026-09-17T19:37:27Z,2026-09-18,1,83000.0,P,0.0835,0.0865,0.085,76492.77,76486.27,0.6563,-0.99951,0.0,0.05015,9.4,7.4
2026-09-17T19:37:27Z,2026-09-18,1,84000.0,C,0.0,0.0001,0.0,76492.8,76486.27,0.6898000000000001,0.00016,0.0,0.01782,561.6,5.2
2026-09-17T19:37:27Z,2026-09-18,1,84000.0,P,0.096,0.1005,0.0981,76492.8,76486.27,0.6898000000000001,-0.99984,0.0,0.01782,0.1,0.0
2026-09-17T19:37:27Z,2026-09-18,1,85000.0,C,0.0,0.0001,0.0,76492.77,76486.27,0.7129000000000001,4e-05,0.0,0.00526,731.8,0.4
2026-09-17T19:37:27Z,2026-09-18,1,85000.0,P,0.109,0.1135,0.1112,76492.77,76486.27,0.7129000000000001,-0.99996,0.0,0.00526,1.2,0.1
2026-09-17T19:37:27Z,2026-09-18,1,86000.0,C,0.0,0.0001,0.0,76492.77,76486.27,0.7705,3e-05,0.0,0.00342,685.8,0.1
2026-09-17T19:37:27Z,2026-09-18,1,86000.0,P,0.122,0.1265,0.1242,76492.8,76486.27,0.7705,-0.99997,0.0,0.00342,0.1,0.1
2026-09-17T19:37:27Z,2026-09-18,1,88000.0,C,0.0,0.0001,0.0,76492.77,76486.27,0.8951,2e-05,0.0,0.00211,617.6,2.5
2026-09-17T19:37:27Z,2026-09-18,1,88000.0,P,0.148,0.1525,0.1504,76492.8,76486.27,0.8951,-0.99998,0.0,0.00211,0.0,0.0
2026-09-17T19:37:27Z,2026-09-18,1,90000.0,C,0.0,0.0001,0.0,76492.77,76486.27,0.932,0.0,0.0,0.00026,792.9,0.0
2026-09-17T19:37:27Z,2026-09-18,1,90000.0,P,0.174,0.1785,0.1765,76492.77,76486.27,0.932,-1.0,0.0,0.00026,0.0,0.0
2026-09-17T19:37:27Z,2026-09-18,1,95000.0,C,0.0,0.0001,0.0,76492.8,76486.27,0.9826999999999999,0.0,0.0,0.0,208.2,0.0
2026-09-17T19:37:27Z,2026-09-18,1,95000.0,P,0.239,0.244,0.2419,76492.77,76486.27,0.9826999999999999,-1.0,0.0,0.0,0.1,0.1
2026-09-17T19:37:27Z,2026-09-19,2,67000.0,C,0.123,0.1255,0.1242,76496.34,76486.27,0.6734,0.99895,0.0,0.17339,0.0,0.0
2026-09-17T19:37:27Z,2026-09-19,2,67000.0,P,0.0,0.0001,0.0,76496.34,76486.27,0.6734,-0.00105,0.0,0.17339,24.0,0.0
2026-09-17T19:37:27Z,2026-09-19,2,68000.0,C,0.1095,0.113,0.1111,76496.34,76486.27,0.6575,0.99744,0.0,0.3907,0.0,0.0
2026-09-17T19:37:27Z,2026-09-19,2,68000.0,P,0.0,0.0001,0.0,76496.34,76486.27,0.6575,-0.00256,0.0,0.3907,11.7,0.0
2026-09-17T19:37:27Z,2026-09-19,2,69000.0,C,0.0965,0.1,0.0981,76496.34,76486.27,0.6147,0.99564,0.0,0.63041,0.0,0.0
2026-09-17T19:37:27Z,2026-09-19,2,69000.0,P,0.0,0.0001,0.0001,76496.37,76486.27,0.6147,-0.00436,0.0,0.63039,19.1,19.9
2026-09-17T19:37:27Z,2026-09-19,2,70000.0,C,0.0835,0.087,0.085,76496.37,76486.27,0.5719,0.99237,1e-05,1.0361,0.0,0.0
2026-09-17T19:37:27Z,2026-09-19,2,70000.0,P,0.0,0.0001,0.0001,76496.34,76486.27,0.5719,-0.00763,1e-05,1.03613,24.3,23.8
2026-09-17T19:37:27Z,2026-09-19,2,71000.0,C,0.0705,0.074,0.072,76496.34,76486.27,0.4959,0.99059,1e-05,1.24562,0.0,0.0
2026-09-17T19:37:27Z,2026-09-19,2,71000.0,P,0.0,0.0001,0.0001,76496.34,76486.27,0.4959,-0.00941,1e-05,1.24562,54.1,47.5
2026-09-17T19:37:27Z,2026-09-19,2,72000.0,C,0.0575,0.0605,0.0589,76496.34,76486.27,0.4361,0.98497,2e-05,1.87017,7.4,0.0
2026-09-17T19:37:27Z,2026-09-19,2,72000.0,P,0.0,0.0002,0.0002,76496.34,76486.27,0.4361,-0.01503,2e-05,1.87017,87.2,88.5
2026-09-17T19:37:27Z,2026-09-19,2,73000.0,C,0.0445,0.048,0.0459,76496.34,76486.27,0.3614,0.97833,3e-05,2.55365,0.0,0.0
2026-09-17T19:37:27Z,2026-09-19,2,73000.0,P,0.0001,0.0003,0.0002,76496.45,76486.27,0.3614,-0.02166,3e-05,2.55334,113.4,102.0
2026-09-17T19:37:27Z,2026-09-19,2,73500.0,C,0.038,0.0415,0.0394,76496.45,76486.27,0.3261,0.97208,4e-05,3.15911,0.0,0.0
2026-09-17T19:37:27Z,2026-09-19,2,73500.0,P,0.0002,0.0003,0.0002,76496.34,76486.27,0.3261,-0.02792,4e-05,3.15952,83.6,66.4
2026-09-17T19:37:27Z,2026-09-19,2,74000.0,C,0.0315,0.035,0.0329,76496.34,76486.27,0.2958,0.95996,6e-05,4.25102,0.0,0.0
2026-09-17T19:37:27Z,2026-09-19,2,74000.0,P,0.0002,0.0004,0.0003,76496.45,76486.27,0.2958,-0.04004,6e-05,4.25047,65.5,80.9
2026-09-17T19:37:27Z,2026-09-19,2,74500.0,C,0.025,0.0285,0.0266,76496.34,76486.27,0.2783,0.93108,0.0001,6.53921,1.7,0.6
2026-09-17T19:37:27Z,2026-09-19,2,74500.0,P,0.0005,0.0006,0.0005,76496.45,76486.27,0.2783,-0.06891,0.0001,6.53845,72.8,56.7
2026-09-17T19:37:27Z,2026-09-19,2,75000.0,C,0.0195,0.022,0.0206,76496.34,76486.27,0.26280000000000003,0.88007,0.00015,9.85542,16.4,7.4
2026-09-17T19:37:27Z,2026-09-19,2,75000.0,P,0.0009,0.0011,0.001,76496.45,76486.27,0.26280000000000003,-0.11991,0.00015,9.85445,31.1,19.6
2026-09-17T19:37:27Z,2026-09-19,2,75500.0,C,0.014,0.016,0.015,76496.45,76486.27,0.2546,0.79034,0.00023,14.19129,21.5,3.2
2026-09-17T19:37:27Z,2026-09-19,2,75500.0,P,0.0018,0.002,0.002,76496.45,76486.27,0.2546,-0.20966,0.00023,14.19129,167.8,45.4
2026-09-17T19:37:27Z,2026-09-19,2,76000.0,C,0.0095,0.011,0.0102,76496.45,76486.27,0.2521,0.65869,0.0003,18.08613,77.8,0.5
2026-09-17T19:37:27Z,2026-09-19,2,76000.0,P,0.0035,0.0038,0.0037,76496.34,76486.27,0.2521,-0.34134,0.0003,18.08676,85.2,7.4
2026-09-17T19:37:27Z,2026-09-19,2,76500.0,C,0.006,0.007,0.0066,76496.34,76486.27,0.2565,0.50214,0.00032,19.66275,112.2,73.2
2026-09-17T19:37:27Z,2026-09-19,2,76500.0,P,0.006,0.007,0.0066,76496.34,76486.27,0.2565,-0.49786,0.00032,19.66275,37.5,12.7
2026-09-17T19:37:27Z,2026-09-19,2,77000.0,C,0.0036,0.0041,0.0039,76496.34,76486.27,0.2605,0.35101,0.00029,18.27523,144.2,16.2
2026-09-17T19:37:27Z,2026-09-19,2,77000.0,P,0.0095,0.011,0.0105,76496.34,76486.27,0.2605,-0.64899,0.00029,18.27523,7.6,0.3
2026-09-17T19:37:27Z,2026-09-19,2,77500.0,C,0.002,0.0024,0.0022,76496.45,76486.27,0.2671,0.22703,0.00023,14.85742,88.0,38.6
2026-09-17T19:37:27Z,2026-09-19,2,77500.0,P,0.0145,0.0165,0.0154,76496.34,76486.27,0.2671,-0.77299,0.00023,14.85646,3.6,0.0
2026-09-17T19:37:27Z,2026-09-19,2,78000.0,C,0.0011,0.0014,0.0013,76496.45,76486.27,0.2766,0.13939,0.00016,10.93775,783.4,600.5
2026-09-17T19:37:27Z,2026-09-19,2,78000.0,P,0.0195,0.0225,0.0209,76493.8,76486.27,0.2766,-0.86104,0.00016,10.9143,18.4,0.0
2026-09-17T19:37:27Z,2026-09-19,2,78500.0,C,0.0006,0.0008,0.0007,76493.8,76486.27,0.2884,0.08318,0.00011,7.5456,400.5,136.5
2026-09-17T19:37:27Z,2026-09-19,2,78500.0,P,0.025,0.0285,0.0269,76496.28,76486.27,0.2884,-0.91655,0.00011,7.56408,0.0,0.0
2026-09-17T19:37:27Z,2026-09-19,2,79000.0,C,0.0003,0.0005,0.0004,76493.8,76486.27,0.2985,0.04779,7e-05,4.90319,124.2,65.7
2026-09-17T19:37:27Z,2026-09-19,2,79000.0,P,0.031,0.035,0.0331,76493.8,76486.27,0.2985,-0.95221,7e-05,4.90319,0.0,0.0
2026-09-17T19:37:27Z,2026-09-19,2,79500.0,C,0.0002,0.0003,0.0002,76493.8,76486.27,0.31620000000000004,0.02994,4e-05,3.34762,10.5,2.6
2026-09-17T19:37:27Z,2026-09-19,2,79500.0,P,0.0375,0.0415,0.0395,76496.28,76486.27,0.31620000000000004,-0.96996,4e-05,3.35776,0.0,0.0
2026-09-17T19:37:27Z,2026-09-19,2,80000.0,C,0.0001,0.0002,0.0001,76493.8,76486.27,0.3292,0.01778,3e-05,2.1587,621.9,44.0
2026-09-17T19:37:27Z,2026-09-19,2,80000.0,P,0.044,0.0475,0.0459,76493.8,76486.27,0.3292,-0.98222,3e-05,2.1587,0.0,0.0
2026-09-17T19:37:27Z,2026-09-19,2,81000.0,C,0.0001,0.0002,0.0001,76496.28,76486.27,0.4061,0.01488,2e-05,1.85348,111.6,45.3
2026-09-17T19:37:27Z,2026-09-19,2,81000.0,P,0.0565,0.0605,0.059,76496.28,76486.27,0.4061,-0.98512,2e-05,1.85348,0.0,0.0
2026-09-17T19:37:27Z,2026-09-19,2,82000.0,C,0.0,0.0001,0.0001,76496.28,76486.27,0.433,0.00663,1e-05,0.916,25.8,2.8
2026-09-17T19:37:27Z,2026-09-19,2,82000.0,P,0.0695,0.0735,0.072,76493.8,76486.27,0.433,-0.99339,1e-05,0.91334,0.0,0.0
2026-09-17T19:37:27Z,2026-09-19,2,83000.0,C,0.0,0.0001,0.0,76496.28,76486.27,0.48840000000000006,0.00498,1e-05,0.7097,15.5,13.1
2026-09-17T19:37:27Z,2026-09-19,2,83000.0,P,0.0825,0.0875,0.0851,76496.28,76486.27,0.48840000000000006,-0.99502,1e-05,0.7097,0.0,0.0
2026-09-17T19:37:27Z,2026-09-19,2,84000.0,C,0.0,0.0001,0.0001,76493.8,76486.27,0.5531,0.00454,0.0,0.654,3.8,1.2
2026-09-17T19:37:27Z,2026-09-19,2,84000.0,P,0.0955,0.1,0.0981,76493.8,76486.27,0.5531,-0.99546,0.0,0.654,0.0,0.0
2026-09-17T19:37:27Z,2026-09-19,2,85000.0,C,0.0,0.0001,0.0,76493.8,76486.27,0.5629,0.00193,0.0,0.3027,3.6,0.1
2026-09-17T19:37:27Z,2026-09-19,2,85000.0,P,0.1085,0.1135,0.1112,76493.8,76486.27,0.5629,-0.99807,0.0,0.3027,0.0,0.0
2026-09-17T19:37:27Z,2026-09-19,2,86000.0,C,0.0,0.0001,0.0,76493.8,76486.27,0.5804,0.00092,0.0,0.15444,42.2,1.0
2026-09-17T19:37:27Z,2026-09-19,2,86000.0,P,0.122,0.126,0.1243,76493.8,76486.27,0.5804,-0.99908,0.0,0.15444,0.0,0.0
2026-09-17T19:37:27Z,2026-09-20,3,67000.0,C,0.123,0.1265,0.1244,76511.16,76486.27,0.5597,0.99801,0.0,0.40029,0.0,0.0
2026-09-17T19:37:27Z,2026-09-20,3,67000.0,P,0.0,0.0001,0.0,76511.16,76486.27,0.5597,-0.00199,0.0,0.40029,0.0,0.0
2026-09-17T19:37:27Z,2026-09-20,3,68000.0,C,0.11,0.1135,0.1113,76511.16,76486.27,0.5498,0.99543,0.0,0.84822,0.0,0.0
2026-09-17T19:37:27Z,2026-09-20,3,68000.0,P,0.0,0.0001,0.0001,76511.16,76486.27,0.5498,-0.00457,0.0,0.84822,16.8,0.0
2026-09-17T19:37:27Z,2026-09-20,3,69000.0,C,0.097,0.1005,0.0983,76511.16,76486.27,0.5106,0.99303,1e-05,1.23236,0.0,0.0
2026-09-17T19:37:27Z,2026-09-20,3,69000.0,P,0.0,0.0002,0.0001,76511.16,76486.27,0.5106,-0.00697,1e-05,1.23236,88.8,160.9
2026-09-17T19:37:27Z,2026-09-20,3,70000.0,C,0.0835,0.0875,0.0853,76511.16,76486.27,0.47009999999999996,0.98923,1e-05,1.80545,0.0,0.0
2026-09-17T19:37:27Z,2026-09-20,3,70000.0,P,0.0,0.0002,0.0001,76511.16,76486.27,0.47009999999999996,-0.01077,1e-05,1.80545,64.2,94.2
2026-09-17T19:37:27Z,2026-09-20,3,71000.0,C,0.0705,0.0745,0.0722,76511.16,76486.27,0.40869999999999995,0.9868,1e-05,2.15508,0.0,0.0
2026-09-17T19:37:27Z,2026-09-20,3,71000.0,P,0.0001,0.0002,0.0002,76511.16,76486.27,0.40869999999999995,-0.0132,1e-05,2.15508,8.6,6.9
2026-09-17T19:37:27Z,2026-09-20,3,72000.0,C,0.0575,0.0615,0.0592,76511.16,76486.27,0.3514,0.98203,2e-05,2.80765,0.0,0.0
2026-09-17T19:37:27Z,2026-09-20,3,72000.0,P,0.0001,0.0003,0.0002,76511.16,76486.27,0.3514,-0.01797,2e-05,2.80765,58.4,52.5
2026-09-17T19:37:27Z,2026-09-20,3,73000.0,C,0.0445,0.048,0.0462,76511.16,76486.27,0.3055,0.9689,4e-05,4.45295,0.0,0.0
2026-09-17T19:37:27Z,2026-09-20,3,73000.0,P,0.0002,0.0004,0.0003,76511.16,76486.27,0.3055,-0.0311,4e-05,4.45295,18.2,6.5
2026-09-17T19:37:27Z,2026-09-20,3,73500.0,C,0.038,0.042,0.0398,76511.16,76486.27,0.28350000000000003,0.95711,5e-05,5.79198,0.0,0.0
2026-09-17T19:37:27Z,2026-09-20,3,73500.0,P,0.0003,0.0005,0.0004,76511.16,76486.27,0.28350000000000003,-0.04289,5e-05,5.79198,34.0,28.4
2026-09-17T19:37:27Z,2026-09-20,3,74000.0,C,0.031,0.036,0.0335,76511.16,76486.27,0.2659,0.9361,7e-05,7.94695,0.0,0.0
2026-09-17T19:37:27Z,2026-09-20,3,74000.0,P,0.0005,0.0007,0.0006,76511.16,76486.27,0.2659,-0.0639,7e-05,7.94695,63.9,66.9
2026-09-17T19:37:27Z,2026-09-20,3,74500.0,C,0.0255,0.0295,0.0273,76511.16,76486.27,0.24960000000000002,0.90248,0.00011,10.94343,0.0,0.0
2026-09-17T19:37:27Z,2026-09-20,3,74500.0,P,0.0008,0.0011,0.001,76510.58,76486.27,0.24960000000000002,-0.09758,0.00011,10.94842,55.2,58.2
2026-09-17T19:37:27Z,2026-09-20,3,75000.0,C,0.019,0.0235,0.0214,76510.58,76486.27,0.2378,0.84616,0.00016,15.0593,0.0,0.0
2026-09-17T19:37:27Z,2026-09-20,3,75000.0,P,0.0014,0.0017,0.0016,76511.16,76486.27,0.2378,-0.15374,0.00016,15.05352,9.8,9.5
2026-09-17T19:37:27Z,2026-09-20,3,75500.0,C,0.015,0.017,0.016,76511.16,76486.27,0.2305,0.75951,0.00021,19.76701,9.6,6.5
2026-09-17T19:37:27Z,2026-09-20,3,75500.0,P,0.0025,0.0029,0.0027,76510.58,76486.27,0.2305,-0.24062,0.00021,19.77237,19.4,19.5
2026-09-17T19:37:27Z,2026-09-20,3,76000.0,C,0.0105,0.012,0.0113,76510.58,76486.27,0.2275,0.64204,0.00026,23.7148,6.8,0.1
2026-09-17T19:37:27Z,2026-09-20,3,76000.0,P,0.0044,0.0048,0.0046,76510.58,76486.27,0.2275,-0.35796,0.00026,23.7148,20.3,20.1
2026-09-17T19:37:27Z,2026-09-20,3,76500.0,C,0.007,0.008,0.0077,76510.58,76486.27,0.2296,0.5067,0.00027,25.33477,8.1,7.3
2026-09-17T19:37:27Z,2026-09-20,3,76500.0,P,0.007,0.008,0.0075,76510.58,76486.27,0.2296,-0.4933,0.00027,25.33477,5.4,3.2
2026-09-17T19:37:27Z,2026-09-20,3,77000.0,C,0.0046,0.0055,0.005,76510.58,76486.27,0.2332,0.37457,0.00026,24.07541,21.5,13.7
2026-09-17T19:37:27Z,2026-09-20,3,77000.0,P,0.0105,0.012,0.0113,76511.16,76486.27,0.23309999999999997,-0.62528,0.00026,24.07855,25.3,25.3
2026-09-17T19:37:27Z,2026-09-20,3,77500.0,C,0.0027,0.0032,0.003,76510.58,76486.27,0.2339,0.25715,0.00022,20.48421,21.8,24.2
2026-09-17T19:37:27Z,2026-09-20,3,77500.0,P,0.015,0.017,0.0159,76510.58,76486.27,0.2339,-0.74285,0.00022,20.48421,0.0,0.0
2026-09-17T19:37:27Z,2026-09-20,3,78000.0,C,0.0016,0.002,0.0018,76510.58,76486.27,0.24050000000000002,0.16957,0.00017,16.04614,163.8,3.3
2026-09-17T19:37:27Z,2026-09-20,3,78000.0,P,0.0185,0.0235,0.0212,76510.58,76486.27,0.24050000000000002,-0.83043,0.00017,16.04614,0.0,0.0
2026-09-17T19:37:27Z,2026-09-20,3,78500.0,C,0.001,0.0012,0.0011,76510.58,76486.27,0.25,0.11,0.00012,11.94248,26.1,13.7
2026-09-17T19:37:27Z,2026-09-20,3,78500.0,P,0.0245,0.029,0.0271,76510.58,76486.27,0.25,-0.89,0.00012,11.94248,0.0,0.0
2026-09-17T19:37:27Z,2026-09-20,3,79000.0,C,0.0006,0.0008,0.0007,76510.58,76486.27,0.2606,0.07086,8e-05,8.60834,36.8,36.5
2026-09-17T19:37:27Z,2026-09-20,3,79000.0,P,0.0305,0.035,0.0332,76510.58,76486.27,0.2606,-0.92914,8e-05,8.60834,0.0,0.0
2026-09-17T19:37:27Z,2026-09-20,3,80000.0,C,0.0003,0.0005,0.0004,76510.58,76486.27,0.3,0.03767,4e-05,5.21223,210.3,12.7
2026-09-17T19:37:27Z,2026-09-20,3,80000.0,P,0.0435,0.048,0.046,76510.48,76486.27,0.3,-0.96233,4e-05,5.21206,0.0,0.0
2026-09-17T19:37:27Z,2026-09-20,3,81000.0,C,0.0002,0.0003,0.0002,76510.48,76486.27,0.33390000000000003,0.02051,2e-05,3.14109,42.1,41.9
2026-09-17T19:37:27Z,2026-09-20,3,81000.0,P,0.056,0.0605,0.0589,76510.48,76486.27,0.33390000000000003,-0.97949,2e-05,3.14109,0.0,0.0
2026-09-17T19:37:27Z,2026-09-20,3,82000.0,C,0.0001,0.0002,0.0001,76510.48,76486.27,0.3722,0.01297,1e-05,2.12132,18.3,17.1
2026-09-17T19:37:27Z,2026-09-20,3,82000.0,P,0.069,0.0735,0.0719,76510.48,76486.27,0.3722,-0.98703,1e-05,2.12132,0.0,0.0
2026-09-17T19:37:27Z,2026-09-20,3,83000.0,C,0.0001,0.0002,0.0001,76510.48,76486.27,0.414,0.00934,1e-05,1.59492,86.4,87.5
2026-09-17T19:37:27Z,2026-09-20,3,83000.0,P,0.082,0.0865,0.0849,76510.48,76486.27,0.414,-0.99066,1e-05,1.59492,0.0,0.0
2026-09-17T19:37:27Z,2026-09-20,3,84000.0,C,0.0,0.0001,0.0001,76510.58,76486.27,0.4378,0.00536,1e-05,0.97695,1.4,1.2
2026-09-17T19:37:27Z,2026-09-20,3,84000.0,P,0.095,0.0995,0.0979,76510.48,76486.27,0.4378,-0.99464,1e-05,0.97686,0.0,0.0
2026-09-17T19:37:27Z,2026-09-20,3,85000.0,C,0.0,0.0001,0.0001,76510.48,76486.27,0.4853,0.00477,0.0,0.8811,0.1,0.0
2026-09-17T19:37:27Z,2026-09-20,3,85000.0,P,0.1085,0.113,0.111,76510.48,76486.27,0.4853,-0.99523,0.0,0.8811,0.0,0.0
2026-09-17T19:37:27Z,2026-09-21,4,68000.0,C,0.11,0.113,0.1114,76520.32,76486.27,0.4506,0.99645,0.0,0.79986,0.0,0.0
2026-09-17T19:37:27Z,2026-09-21,4,68000.0,P,0.0,0.0001,0.0,76520.32,76486.27,0.4506,-0.00355,0.0,0.79986,0.5,0.5
2026-09-17T19:37:27Z,2026-09-21,4,69000.0,C,0.097,0.1,0.0983,76519.59,76486.27,0.4117,0.99507,0.0,1.07273,0.0,0.0
2026-09-17T19:37:27Z,2026-09-21,4,69000.0,P,0.0,0.0001,0.0001,76520.32,76486.27,0.4117,-0.00493,0.0,1.07209,0.0,0.0
2026-09-17T19:37:27Z,2026-09-21,4,70000.0,C,0.084,0.087,0.0853,76520.32,76486.27,0.3738,0.99278,1e-05,1.50399,0.0,0.0
2026-09-17T19:37:27Z,2026-09-21,4,70000.0,P,0.0,0.0002,0.0001,76520.32,76486.27,0.3738,-0.00722,1e-05,1.50399,39.8,39.8
2026-09-17T19:37:27Z,2026-09-21,4,71000.0,C,0.0705,0.074,0.0723,76519.59,76486.27,0.3432,0.98745,1e-05,2.43782,0.0,0.0
2026-09-17T19:37:27Z,2026-09-21,4,71000.0,P,0.0001,0.0002,0.0001,76520.32,76486.27,0.3432,-0.01254,1e-05,2.4363,62.0,62.0
2026-09-17T19:37:27Z,2026-09-21,4,72000.0,C,0.058,0.061,0.0593,76520.32,76486.27,0.3106,0.97793,2e-05,3.95203,0.0,0.0
2026-09-17T19:37:27Z,2026-09-21,4,72000.0,P,0.0002,0.0003,0.0003,76520.32,76486.27,0.3106,-0.02207,2e-05,3.95203,13.3,13.3
2026-09-17T19:37:27Z,2026-09-21,4,73000.0,C,0.045,0.0485,0.0465,76520.32,76486.27,0.2839,0.95583,4e-05,7.01189,0.0,0.0
2026-09-17T19:37:27Z,2026-09-21,4,73000.0,P,0.0004,0.0006,0.0005,76519.59,76486.27,0.2839,-0.0442,4e-05,7.01592,23.6,23.6
2026-09-17T19:37:27Z,2026-09-21,4,73500.0,C,0.039,0.0415,0.0402,76519.59,76486.27,0.2692,0.93785,6e-05,9.19457,8.8,8.8
2026-09-17T19:37:27Z,2026-09-21,4,73500.0,P,0.0006,0.0008,0.0007,76520.32,76486.27,0.2692,-0.0621,6e-05,9.18955,7.0,7.0
2026-09-17T19:37:27Z,2026-09-21,4,74000.0,C,0.0325,0.036,0.034,76519.59,76486.27,0.2566,0.91024,8e-05,12.17036,0.0,0.0
2026-09-17T19:37:27Z,2026-09-21,4,74000.0,P,0.0009,0.0012,0.0011,76520.32,76486.27,0.2566,-0.0897,8e-05,12.16429,21.0,21.0
2026-09-17T19:37:27Z,2026-09-21,4,74500.0,C,0.0265,0.0295,0.028,76520.32,76486.27,0.24760000000000001,0.86719,0.00012,16.12233,0.0,0.0
2026-09-17T19:37:27Z,2026-09-21,4,74500.0,P,0.0015,0.0018,0.0016,76520.32,76486.27,0.24760000000000001,-0.13281,0.00012,16.12233,1.1,1.1
2026-09-17T19:37:27Z,2026-09-21,4,75000.0,C,0.021,0.024,0.0224,76520.32,76486.27,0.2407,0.80545,0.00015,20.67547,0.0,0.0
2026-09-17T19:37:27Z,2026-09-21,4,75000.0,P,0.0023,0.0028,0.0026,76520.27,76486.27,0.2407,-0.19456,0.00015,20.67582,0.8,0.8
2026-09-17T19:37:27Z,2026-09-21,4,75500.0,C,0.0165,0.0185,0.0174,76520.36,76486.27,0.2376,0.72155,0.00019,25.21075,0.0,0.0
2026-09-17T19:37:27Z,2026-09-21,4,75500.0,P,0.0038,0.0042,0.0041,76520.36,76486.27,0.2376,-0.27845,0.00019,25.21075,3.8,3.8
2026-09-17T19:37:27Z,2026-09-21,4,76000.0,C,0.0125,0.014,0.013,76520.36,76486.27,0.235,0.62075,0.00022,28.5756,3.6,3.6
2026-09-17T19:37:27Z,2026-09-21,4,76000.0,P,0.0055,0.0065,0.0062,76520.27,76486.27,0.235,-0.37927,0.00022,28.57602,0.3,0.3
2026-09-17T19:37:27Z,2026-09-21,4,76500.0,C,0.009,0.01,0.0095,76520.36,76486.27,0.23809999999999998,0.5092,0.00022,29.95056,1.5,1.5
2026-09-17T19:37:27Z,2026-09-21,4,76500.0,P,0.0085,0.0095,0.0092,76520.27,76486.27,0.23809999999999998,-0.49082,0.00022,29.95055,0.2,0.2
2026-09-17T19:37:27Z,2026-09-21,4,77000.0,C,0.006,0.007,0.0066,76520.36,76486.27,0.2389,0.39945,0.00022,29.00194,11.0,11.0
2026-09-17T19:37:27Z,2026-09-21,4,77000.0,P,0.012,0.0135,0.0128,76520.36,76486.27,0.2389,-0.60055,0.00022,29.00194,0.0,0.0
2026-09-17T19:37:27Z,2026-09-21,4,77500.0,C,0.0043,0.0047,0.0045,76520.36,76486.27,0.24170000000000003,0.29997,0.00019,26.10862,10.0,10.0
2026-09-17T19:37:27Z,2026-09-21,4,77500.0,P,0.0165,0.018,0.0173,76520.27,76486.27,0.24170000000000003,-0.70005,0.00019,26.10791,0.0,0.0
2026-09-17T19:37:27Z,2026-09-21,4,78000.0,C,0.0028,0.0032,0.003,76520.27,76486.27,0.24609999999999999,0.21744,0.00016,22.08599,26.9,26.9
2026-09-17T19:37:27Z,2026-09-21,4,78000.0,P,0.0205,0.024,0.0223,76520.36,76486.27,0.24609999999999999,-0.78254,0.00016,22.08685,0.1,0.1
2026-09-17T19:37:27Z,2026-09-21,4,78500.0,C,0.0018,0.0022,0.002,76520.27,76486.27,0.2516,0.15339,0.00013,17.77106,1.3,1.3
2026-09-17T19:37:27Z,2026-09-21,4,78500.0,P,0.026,0.0295,0.0278,76520.36,76486.27,0.2516,-0.8466,0.00013,17.77194,0.0,0.0
2026-09-17T19:37:27Z,2026-09-21,4,79000.0,C,0.0011,0.0015,0.0013,76520.27,76486.27,0.2595,0.10752,9e-05,13.89119,0.8,0.8
2026-09-17T19:37:27Z,2026-09-21,4,79000.0,P,0.032,0.0355,0.0337,76520.36,76486.27,0.2595,-0.89247,9e-05,13.892,0.0,0.0
2026-09-17T19:37:27Z,2026-09-21,4,79500.0,C,0.0007,0.001,0.0009,76520.36,76486.27,0.26940000000000003,0.07612,7e-05,10.75035,12.5,12.5
2026-09-17T19:37:27Z,2026-09-21,4,79500.0,P,0.038,0.0415,0.0398,76520.36,76486.27,0.26940000000000003,-0.92388,7e-05,10.75035,0.0,0.0
2026-09-17T19:37:27Z,2026-09-21,4,80000.0,C,0.0005,0.0007,0.0006,76520.27,76486.27,0.27899999999999997,0.05366,5e-05,8.19228,0.8,0.8
2026-09-17T19:37:27Z,2026-09-21,4,80000.0,P,0.044,0.048,0.0461,76520.36,76486.27,0.27899999999999997,-0.94634,5e-05,8.19258,0.0,0.0
2026-09-17T19:37:27Z,2026-09-21,4,81000.0,C,0.0002,0.0004,0.0003,76520.36,76486.27,0.30329999999999996,0.02894,3e-05,4.95951,2.3,2.3
2026-09-17T19:37:27Z,2026-09-21,4,81000.0,P,0.0565,0.0605,0.0589,76521.01,76486.27,0.30329999999999996,-0.97104,3e-05,4.96224,0.0,0.0
2026-09-17T19:37:27Z,2026-09-21,4,82000.0,C,0.0001,0.0003,0.0002,76521.01,76486.27,0.32520000000000004,0.01575,2e-05,2.96554,3.1,3.1
2026-09-17T19:37:27Z,2026-09-21,4,82000.0,P,0.0695,0.0735,0.0718,76521.01,76486.27,0.32520000000000004,-0.98425,2e-05,2.96554,0.0,0.0
2026-09-17T19:37:27Z,2026-09-21,4,83000.0,C,0.0,0.0002,0.0001,76521.01,76486.27,0.3618,0.01156,1e-05,2.27065,7.0,7.0
2026-09-17T19:37:27Z,2026-09-21,4,83000.0,P,0.082,0.0865,0.0848,76521.01,76486.27,0.3618,-0.98844,1e-05,2.27065,0.0,0.0
2026-09-17T19:37:27Z,2026-09-21,4,84000.0,C,0.0,0.0002,0.0001,76521.01,76486.27,0.3847,0.00713,1e-05,1.48664,0.0,0.0
2026-09-17T19:37:27Z,2026-09-21,4,84000.0,P,0.0955,0.0995,0.0978,76521.01,76486.27,0.3847,-0.99287,1e-05,1.48664,0.0,0.0
2026-09-17T19:37:27Z,2026-09-21,4,85000.0,C,0.0,0.0001,0.0001,76521.01,76486.27,0.41240000000000004,0.00499,0.0,1.08459,0.0,0.0
2026-09-17T19:37:27Z,2026-09-21,4,85000.0,P,0.1085,0.1125,0.1109,76520.36,76486.27,0.41240000000000004,-0.99501,0.0,1.08399,0.0,0.0
2026-09-17T19:37:27Z,2026-09-21,4,86000.0,C,0.0,0.0001,0.0001,76521.01,76486.27,0.45409999999999995,0.00468,0.0,1.02432,0.0,0.0
2026-09-17T19:37:27Z,2026-09-21,4,86000.0,P,0.1215,0.1255,0.1239,76521.01,76486.27,0.45409999999999995,-0.99532,0.0,1.02432,0.0,0.0
2026-09-17T19:37:27Z,2026-09-25,8,30000.0,C,0.6075,0.609,0.6082,76563.95,76486.27,1.2395,1.0,0.0,3e-05,135.5,0.0
2026-09-17T19:37:27Z,2026-09-25,8,30000.0,P,0.0,0.0001,0.0,76563.3,76486.27,1.2395,0.0,0.0,3e-05,2959.5,0.0
2026-09-17T19:37:27Z,2026-09-25,8,35000.0,C,0.542,0.5435,0.5429,76563.95,76486.27,1.0855,1.0,0.0,0.0001,29.3,0.0
2026-09-17T19:37:27Z,2026-09-25,8,35000.0,P,0.0,0.0001,0.0,76563.3,76486.27,1.0855,0.0,0.0,0.0001,1209.4,0.0
2026-09-17T19:37:27Z,2026-09-25,8,40000.0,C,0.4765,0.4785,0.4776,76563.95,76486.27,1.0505,0.99999,0.0,0.00296,34.4,0.0
2026-09-17T19:37:27Z,2026-09-25,8,40000.0,P,0.0,0.0001,0.0,76563.95,76486.27,1.0505,-1e-05,0.0,0.00296,2819.0,0.0
2026-09-17T19:37:27Z,2026-09-25,8,45000.0,C,0.411,0.4135,0.4123,76563.95,76486.27,1.0182,0.9999,0.0,0.04485,224.9,0.0
2026-09-17T19:37:27Z,2026-09-25,8,45000.0,P,0.0,0.0001,0.0,76563.95,76486.27,1.0182,-0.0001,0.0,0.04485,2172.5,0.0
2026-09-17T19:37:27Z,2026-09-25,8,50000.0,C,0.3455,0.348,0.347,76563.95,76486.27,0.9351,0.99941,0.0,0.22831,30.1,0.0
2026-09-17T19:37:27Z,2026-09-25,8,50000.0,P,0.0,0.0001,0.0,76563.95,76486.27,0.9351,-0.00059,0.0,0.22831,3819.0,0.0
2026-09-17T19:37:27Z,2026-09-25,8,52000.0,C,0.3195,0.322,0.3209,76563.95,76486.27,0.9004000000000001,0.99889,0.0,0.40718,150.2,0.0
2026-09-17T19:37:27Z,2026-09-25,8,52000.0,P,0.0,0.0001,0.0,76563.95,76486.27,0.9004000000000001,-0.00111,0.0,0.40718,1209.3,0.0
2026-09-17T19:37:27Z,2026-09-25,8,54000.0,C,0.2935,0.296,0.2947,76563.95,76486.27,0.8172,0.9988,0.0,0.43679,7.4,0.0
2026-09-17T19:37:27Z,2026-09-25,8,54000.0,P,0.0,0.0001,0.0,76563.95,76486.27,0.8172,-0.0012,0.0,0.43679,896.5,116.0
2026-09-17T19:37:27Z,2026-09-25,8,55000.0,C,0.2805,0.283,0.2817,76563.95,76486.27,0.7766,0.99875,0.0,0.45244,143.7,0.0
2026-09-17T19:37:27Z,2026-09-25,8,55000.0,P,0.0,0.0001,0.0,76563.95,76486.27,0.7766,-0.00125,0.0,0.45244,3013.3,14.9
2026-09-17T19:37:27Z,2026-09-25,8,56000.0,C,0.2675,0.27,0.2686,76563.95,76486.27,0.7364,0.99871,0.0,0.46872,13.4,0.0
2026-09-17T19:37:27Z,2026-09-25,8,56000.0,P,0.0,0.0001,0.0,76563.95,76486.27,0.7364,-0.00129,0.0,0.46872,1776.7,4.3
2026-09-17T19:37:27Z,2026-09-25,8,58000.0,C,0.2415,0.244,0.2425,76563.95,76486.27,0.6628000000000001,0.9985,0.0,0.5369,460.6,0.0
2026-09-17T19:37:27Z,2026-09-25,8,58000.0,P,0.0,0.0001,0.0,76563.95,76486.27,0.6628000000000001,-0.0015,0.0,0.5369,1416.1,37.9
2026-09-17T19:37:27Z,2026-09-25,8,60000.0,C,0.215,0.218,0.2164,76563.95,76486.27,0.6403,0.99653,0.0,1.14671,832.6,0.0
2026-09-17T19:37:27Z,2026-09-25,8,60000.0,P,0.0,0.0001,0.0001,76563.95,76486.27,0.6403,-0.00347,0.0,1.14671,5588.3,133.3
2026-09-17T19:37:27Z,2026-09-25,8,62000.0,C,0.189,0.192,0.1904,76563.95,76486.27,0.5866,0.99459,0.0,1.70336,597.2,0.0
2026-09-17T19:37:27Z,2026-09-25,8,62000.0,P,0.0001,0.0002,0.0001,76563.95,76486.27,0.5866,-0.00541,0.0,1.70336,1715.6,102.9
2026-09-17T19:37:27Z,2026-09-25,8,64000.0,C,0.1625,0.166,0.1643,76563.95,76486.27,0.5196999999999999,0.99267,0.0,2.22924,642.8,0.0
2026-09-17T19:37:27Z,2026-09-25,8,64000.0,P,0.0001,0.0003,0.0002,76563.95,76486.27,0.5196999999999999,-0.00733,0.0,2.22924,1355.4,109.0
2026-09-17T19:37:27Z,2026-09-25,8,65000.0,C,0.1495,0.153,0.1512,76563.95,76486.27,0.4886,0.99112,0.0,2.6402,1248.8,0.0
2026-09-17T19:37:27Z,2026-09-25,8,65000.0,P,0.0002,0.0003,0.0002,76563.89,76486.27,0.4886,-0.00888,0.0,2.63977,1045.3,82.3
2026-09-17T19:37:27Z,2026-09-25,8,66000.0,C,0.1365,0.14,0.1382,76563.89,76486.27,0.45770000000000005,0.98909,1e-05,3.15792,968.1,0.0
2026-09-17T19:37:27Z,2026-09-25,8,66000.0,P,0.0002,0.0003,0.0003,76563.89,76486.27,0.45770000000000005,-0.01091,1e-05,3.15792,1736.6,14.7
2026-09-17T19:37:27Z,2026-09-25,8,68000.0,C,0.1105,0.114,0.1123,76563.95,76486.27,0.4031,0.98122,1e-05,5.04209,873.9,1.6
2026-09-17T19:37:27Z,2026-09-25,8,68000.0,P,0.0004,0.0005,0.0004,76563.89,76486.27,0.4031,-0.01878,1e-05,5.04223,2459.9,39.2
2026-09-17T19:37:27Z,2026-09-25,8,70000.0,C,0.085,0.0885,0.0866,76563.89,76486.27,0.3615,0.96027,2e-05,9.41463,10941.9,0.7
2026-09-17T19:37:27Z,2026-09-25,8,70000.0,P,0.0007,0.001,0.0008,76563.95,76486.27,0.3615,-0.03973,2e-05,9.41439,9414.2,121.5
2026-09-17T19:37:27Z,2026-09-25,8,72000.0,C,0.06,0.0635,0.0616,76563.89,76486.27,0.3258,0.90957,5e-05,17.9046,3307.2,0.5
2026-09-17T19:37:27Z,2026-09-25,8,72000.0,P,0.0018,0.0022,0.002,76563.95,76486.27,0.3258,-0.09043,5e-05,17.90421,3119.4,349.4
2026-09-17T19:37:27Z,2026-09-25,8,73000.0,C,0.048,0.0515,0.0498,76563.95,76486.27,0.312,0.86154,6e-05,24.26944,50.3,5.0
2026-09-17T19:37:27Z,2026-09-25,8,73000.0,P,0.003,0.0034,0.0032,76563.89,76486.27,0.312,-0.13846,6e-05,24.26988,1597.5,816.6
2026-09-17T19:37:27Z,2026-09-25,8,74000.0,C,0.038,0.04,0.0388,76563.89,76486.27,0.3035,0.78927,9e-05,31.72678,1438.1,18.0
2026-09-17T19:37:27Z,2026-09-25,8,74000.0,P,0.005,0.0055,0.0053,76563.95,76486.27,0.3035,-0.21072,9e-05,31.72634,868.1,48.1
2026-09-17T19:37:27Z,2026-09-25,8,75000.0,C,0.028,0.03,0.0289,76563.89,76486.27,0.2959,0.69403,0.00011,38.53683,2947.3,288.4
2026-09-17T19:37:27Z,2026-09-25,8,75000.0,P,0.008,0.009,0.0085,76563.89,76486.27,0.2959,-0.30597,0.00011,38.53683,4475.8,710.1
2026-09-17T19:37:27Z,2026-09-25,8,76000.0,C,0.02,0.021,0.0205,76563.95,76486.27,0.2901,0.57864,0.00012,42.97465,2571.5,78.1
2026-09-17T19:37:27Z,2026-09-25,8,76000.0,P,0.0125,0.0135,0.0131,76563.95,76486.27,0.2901,-0.42136,0.00012,42.97465,1073.1,170.4
2026-09-17T19:37:27Z,2026-09-25,8,77000.0,C,0.0135,0.0145,0.0139,76563.89,76486.27,0.2883,0.45358,0.00013,43.53184,604.0,285.8
2026-09-17T19:37:27Z,2026-09-25,8,77000.0,P,0.019,0.02,0.0196,76563.95,76486.27,0.2883,-0.54641,0.00013,43.53197,1224.9,83.1
2026-09-17T19:37:27Z,2026-09-25,8,78000.0,C,0.0085,0.0095,0.0089,76563.89,76486.27,0.28800000000000003,0.33398,0.00011,39.97659,5149.5,286.2
2026-09-17T19:37:27Z,2026-09-25,8,78000.0,P,0.027,0.0285,0.0277,76563.89,76486.27,0.28800000000000003,-0.66602,0.00011,39.97659,2743.5,262.9
2026-09-17T19:37:27Z,2026-09-25,8,79000.0,C,0.0055,0.006,0.0058,76563.89,76486.27,0.2959,0.23689,9e-05,33.91,2522.0,600.2
2026-09-17T19:37:27Z,2026-09-25,8,79000.0,P,0.036,0.039,0.0376,76563.89,76486.27,0.2959,-0.76311,9e-05,33.91,1018.0,158.6
2026-09-17T19:37:27Z,2026-09-25,8,80000.0,C,0.0035,0.0037,0.0036,76563.89,76486.27,0.3031,0.16165,7e-05,26.91053,6530.8,1000.8
2026-09-17T19:37:27Z,2026-09-25,8,80000.0,P,0.0465,0.05,0.0485,76563.89,76486.27,0.3031,-0.83835,7e-05,26.91053,1630.4,133.0
2026-09-17T19:37:27Z,2026-09-25,8,81000.0,C,0.0022,0.0026,0.0024,76563.89,76486.27,0.31489999999999996,0.11046,5e-05,20.72068,3472.6,559.1
2026-09-17T19:37:27Z,2026-09-25,8,81000.0,P,0.0585,0.062,0.0603,76563.89,76486.27,0.31489999999999996,-0.88954,5e-05,20.72068,588.5,0.2
2026-09-17T19:37:27Z,2026-09-25,8,82000.0,C,0.0016,0.0018,0.0017,76563.95,76486.27,0.3325,0.07873,4e-05,16.13618,7970.3,481.3
2026-09-17T19:37:27Z,2026-09-25,8,82000.0,P,0.0705,0.0745,0.0727,76563.89,76486.27,0.3325,-0.92127,4e-05,16.13579,459.4,0.0
2026-09-17T19:37:27Z,2026-09-25,8,83000.0,C,0.001,0.0013,0.0011,76563.89,76486.27,0.34509999999999996,0.05423,3e-05,12.08597,1662.4,36.6
2026-09-17T19:37:27Z,2026-09-25,8,83000.0,P,0.083,0.0875,0.0852,76563.95,76486.27,0.34509999999999996,-0.94577,3e-05,12.08629,20.0,0.0
2026-09-17T19:37:27Z,2026-09-25,8,84000.0,C,0.0007,0.0009,0.0008,76563.95,76486.27,0.36060000000000003,0.03875,2e-05,9.22606,4206.3,367.0
2026-09-17T19:37:27Z,2026-09-25,8,84000.0,P,0.0955,0.1,0.0979,76563.89,76486.27,0.36060000000000003,-0.96125,2e-05,9.22581,47.3,0.0
2026-09-17T19:37:27Z,2026-09-25,8,85000.0,C,0.0005,0.0007,0.0006,76563.95,76486.27,0.37799999999999995,0.02872,2e-05,7.21037,9549.1,603.8
2026-09-17T19:37:27Z,2026-09-25,8,85000.0,P,0.1085,0.1125,0.1108,76563.89,76486.27,0.37799999999999995,-0.97128,2e-05,7.21017,454.6,0.1
2026-09-17T19:37:27Z,2026-09-25,8,86000.0,C,0.0004,0.0006,0.0005,76563.95,76486.27,0.40009999999999996,0.02298,1e-05,5.98173,2160.0,17.1
2026-09-17T19:37:27Z,2026-09-25,8,86000.0,P,0.121,0.1255,0.1237,76563.95,76486.27,0.40009999999999996,-0.97702,1e-05,5.98173,11.7,0.1
2026-09-17T19:37:27Z,2026-09-25,8,87000.0,C,0.0003,0.0004,0.0004,76563.89,76486.27,0.41490000000000005,0.01714,1e-05,4.66372,169.8,76.7
2026-09-17T19:37:27Z,2026-09-25,8,87000.0,P,0.135,0.138,0.1367,76563.95,76486.27,0.41490000000000005,-0.98286,1e-05,4.66385,8.8,7.2
2026-09-17T19:37:27Z,2026-09-25,8,88000.0,C,0.0002,0.0003,0.0003,76563.89,76486.27,0.4311,0.01323,1e-05,3.73365,1789.6,248.8
2026-09-17T19:37:27Z,2026-09-25,8,88000.0,P,0.147,0.152,0.1496,76563.94,76486.27,0.4311,-0.98677,1e-05,3.73396,6.3,0.0
2026-09-17T19:37:27Z,2026-09-25,8,90000.0,C,0.0001,0.0002,0.0001,76563.32,76486.27,0.4509,0.00681,0.0,2.09048,9509.7,143.5
2026-09-17T19:37:27Z,2026-09-25,8,90000.0,P,0.173,0.1775,0.1756,76563.32,76486.27,0.4509,-0.99319,0.0,2.09048,579.7,0.0
2026-09-17T19:37:27Z,2026-09-25,8,92000.0,C,0.0001,0.0002,0.0001,76563.94,76486.27,0.5043,0.00617,0.0,1.91561,1201.5,133.3
2026-09-17T19:37:27Z,2026-09-25,8,92000.0,P,0.199,0.2035,0.2018,76563.32,76486.27,0.5043,-0.99383,0.0,1.91506,7.6,0.0
2026-09-17T19:37:27Z,2026-09-25,8,94000.0,C,0.0,0.0001,0.0001,76563.32,76486.27,0.5472,0.00503,0.0,1.59762,934.6,17.1
2026-09-17T19:37:27Z,2026-09-25,8,94000.0,P,0.225,0.2305,0.2279,76563.94,76486.27,0.5472,-0.99497,0.0,1.59806,1.9,0.0
2026-09-17T19:37:27Z,2026-09-25,8,95000.0,C,0.0,0.0002,0.0001,76563.32,76486.27,0.5472,0.00338,0.0,1.11919,5511.4,16.0
2026-09-17T19:37:27Z,2026-09-25,8,95000.0,P,0.238,0.243,0.2409,76563.32,76486.27,0.5472,-0.99662,0.0,1.11919,147.5,0.0
2026-09-17T19:37:27Z,2026-09-25,8,96000.0,C,0.0,0.0002,0.0001,76563.94,76486.27,0.5708,0.00325,0.0,1.08089,2065.2,2.9
2026-09-17T19:37:27Z,2026-09-25,8,96000.0,P,0.2515,0.2565,0.2539,76563.94,76486.27,0.5708,-0.99675,0.0,1.08089,1.0,0.0
2026-09-17T19:37:27Z,2026-09-25,8,98000.0,C,0.0,0.0001,0.0001,76563.94,76486.27,0.6059,0.00259,0.0,0.88055,1118.3,96.2
2026-09-17T19:37:27Z,2026-09-25,8,98000.0,P,0.2775,0.2825,0.28,76563.32,76486.27,0.6059,-0.99741,0.0,0.88031,0.1,0.0
2026-09-17T19:37:27Z,2026-09-25,8,100000.0,C,0.0,0.0001,0.0001,76563.32,76486.27,0.6505,0.00244,0.0,0.83561,7164.0,63.5
2026-09-17T19:37:27Z,2026-09-25,8,100000.0,P,0.303,0.3085,0.3062,76563.94,76486.27,0.6505,-0.99755,0.0,0.83583,336.1,0.0
2026-09-17T19:37:27Z,2026-09-25,8,102000.0,C,0.0,0.0001,0.0001,76563.32,76486.27,0.6834,0.00201,0.0,0.70074,297.8,0.0
2026-09-17T19:37:27Z,2026-09-25,8,102000.0,P,0.329,0.3345,0.3323,76563.32,76486.27,0.6834,-0.99799,0.0,0.70074,6.1,6.1
2026-09-17T19:37:27Z,2026-09-25,8,105000.0,C,0.0,0.0001,0.0,76563.32,76486.27,0.7369,0.00167,0.0,0.59204,1454.5,0.0
2026-09-17T19:37:27Z,2026-09-25,8,105000.0,P,0.368,0.374,0.3715,76563.94,76486.27,0.7369,-0.99833,0.0,0.59218,105.1,0.0
2026-09-17T19:37:27Z,2026-09-25,8,110000.0,C,0.0,0.0001,0.0,76563.47,76486.27,0.7974,0.00094,0.0,0.34816,1466.3,0.1
2026-09-17T19:37:27Z,2026-09-25,8,110000.0,P,0.433,0.439,0.4367,76563.47,76486.27,0.7974,-0.99906,0.0,0.34816,215.8,0.0
2026-09-17T19:37:27Z,2026-09-25,8,115000.0,C,0.0,0.0001,0.0,76563.32,76486.27,0.8217,0.00035,0.0,0.13943,2156.0,0.0
2026-09-17T19:37:27Z,2026-09-25,8,115000.0,P,0.498,0.505,0.502,76563.47,76486.27,0.8217,-0.99965,0.0,0.13944,93.2,0.0
2026-09-17T19:37:27Z,2026-09-25,8,120000.0,C,0.0,0.0001,0.0,76563.47,76486.27,0.8225,9e-05,0.0,0.03892,1355.5,0.0
2026-09-17T19:37:27Z,2026-09-25,8,120000.0,P,0.563,0.5705,0.5673,76563.47,76486.27,0.8225,-0.99991,0.0,0.03892,174.5,0.0
2026-09-17T19:37:27Z,2026-09-25,8,125000.0,C,0.0,0.0001,0.0,76563.32,76486.27,0.8225,2e-05,0.0,0.01003,2385.7,0.0
2026-09-17T19:37:27Z,2026-09-25,8,125000.0,P,0.628,0.6355,0.6326,76563.47,76486.27,0.8225,-0.99998,0.0,0.01003,21.5,0.0
2026-09-17T19:37:27Z,2026-09-25,8,130000.0,C,0.0,0.0001,0.0,76563.47,76486.27,0.8226,0.0,0.0,0.00244,1509.2,0.0
2026-09-17T19:37:27Z,2026-09-25,8,130000.0,P,0.6935,0.701,0.6979,76563.47,76486.27,0.8226,-1.0,0.0,0.00244,21.4,0.0
2026-09-17T19:37:27Z,2026-09-25,8,135000.0,C,0.0,0.0001,0.0,76563.47,76486.27,0.8226,0.0,0.0,0.00056,493.0,0.0
2026-09-17T19:37:27Z,2026-09-25,8,135000.0,P,0.7585,0.7665,0.7632,76563.32,76486.27,0.8226,-1.0,0.0,0.00056,11.5,0.0
2026-09-17T19:37:27Z,2026-09-25,8,140000.0,C,0.0,0.0001,0.0,76563.47,76486.27,0.8226,0.0,0.0,0.00012,1208.2,0.0
2026-09-17T19:37:27Z,2026-09-25,8,140000.0,P,0.825,0.8315,0.8286,76563.47,76486.27,0.8226,-1.0,0.0,0.00012,1.4,0.0
2026-09-17T19:37:27Z,2026-09-25,8,145000.0,C,0.0,0.0001,0.0,76563.32,76486.27,0.8234,0.0,0.0,3e-05,519.2,0.0
2026-09-17T19:37:27Z,2026-09-25,8,145000.0,P,0.891,0.8955,0.8939,76563.32,76486.27,0.8234,-1.0,0.0,3e-05,4.4,4.2
2026-09-17T19:37:27Z,2026-09-25,8,150000.0,C,0.0,0.0001,0.0,76563.32,76486.27,0.8397,0.0,0.0,1e-05,780.5,0.0
2026-09-17T19:37:27Z,2026-09-25,8,150000.0,P,0.953,0.963,0.9592,76563.47,76486.27,0.8397,-1.0,0.0,1e-05,40.5,0.0
2026-09-17T19:37:27Z,2026-09-25,8,155000.0,C,0.0,0.0001,0.0,76563.32,76486.27,0.8403,0.0,0.0,0.0,378.0,0.0
2026-09-17T19:37:27Z,2026-09-25,8,155000.0,P,1.018,1.028,1.0245,76563.47,76486.27,0.8403,-1.0,0.0,0.0,0.1,0.0
2026-09-17T19:37:27Z,2026-09-25,8,160000.0,C,0.0,0.0001,0.0,76563.47,76486.27,0.8422,0.0,0.0,0.0,1498.4,0.0
2026-09-17T19:37:27Z,2026-09-25,8,160000.0,P,1.083,1.094,1.0898,76563.47,76486.27,0.8422,-1.0,0.0,0.0,0.6,0.0
2026-09-17T19:37:27Z,2026-09-25,8,165000.0,C,0.0,0.0001,0.0,76563.47,76486.27,0.8525,0.0,0.0,0.0,266.6,0.0
2026-09-17T19:37:27Z,2026-09-25,8,165000.0,P,1.148,1.159,1.1551,76563.47,76486.27,0.8525,-1.0,0.0,0.0,0.0,0.0
2026-09-17T19:37:27Z,2026-09-25,8,170000.0,C,0.0,0.0001,0.0,76563.32,76486.27,0.8693000000000001,0.0,0.0,0.0,444.9,0.0
2026-09-17T19:37:27Z,2026-09-25,8,170000.0,P,1.214,1.2245,1.2204,76563.47,76486.27,0.8693000000000001,-1.0,0.0,0.0,0.0,0.0
2026-09-17T19:37:27Z,2026-09-25,8,175000.0,C,0.0,0.0001,0.0,76563.47,76486.27,0.8896,0.0,0.0,0.0,1904.8,0.0
2026-09-17T19:37:27Z,2026-09-25,8,175000.0,P,1.2785,1.2905,1.2857,76563.47,76486.27,0.8896,-1.0,0.0,0.0,0.2,0.0
2026-09-17T19:37:27Z,2026-09-25,8,180000.0,C,0.0,0.0001,0.0,76563.47,76486.27,0.9181999999999999,0.0,0.0,0.0,792.3,0.0
2026-09-17T19:37:27Z,2026-09-25,8,180000.0,P,1.344,1.356,1.351,76563.47,76486.27,0.9181999999999999,-1.0,0.0,0.0,10.5,0.0
2026-09-17T19:37:27Z,2026-09-25,8,190000.0,C,0.0,0.0001,0.0,76563.32,76486.27,0.9384999999999999,0.0,0.0,0.0,762.1,0.0
2026-09-17T19:37:27Z,2026-09-25,8,190000.0,P,1.473,1.4865,1.4816,76563.32,76486.27,0.9384999999999999,-1.0,0.0,0.0,0.0,0.0
2026-09-17T19:37:27Z,2026-09-25,8,200000.0,C,0.0,0.0001,0.0,76563.47,76486.27,0.9823999999999999,0.0,0.0,0.0,1018.5,0.0
2026-09-17T19:37:27Z,2026-09-25,8,200000.0,P,1.6045,1.618,1.6122,76563.47,76486.27,0.9823999999999999,-1.0,0.0,0.0,3.2,0.0
2026-09-17T19:37:27Z,2026-09-25,8,220000.0,C,0.0,0.0001,0.0,76563.32,76486.27,1.0735999999999999,0.0,0.0,0.0,241.9,0.0
2026-09-17T19:37:27Z,2026-09-25,8,220000.0,P,1.865,1.879,1.8734,76563.32,76486.27,1.0735999999999999,-1.0,0.0,0.0,27.7,0.0
2026-09-17T19:37:27Z,2026-09-25,8,240000.0,C,0.0,0.0001,0.0,76563.47,76486.27,1.156,0.0,0.0,0.0,211.9,0.0
2026-09-17T19:37:27Z,2026-09-25,8,240000.0,P,2.1255,2.1415,2.1347,76563.47,76486.27,1.156,-1.0,0.0,0.0,0.0,0.0
2026-09-17T19:37:27Z,2026-09-25,8,260000.0,C,0.0,0.0001,0.0,76563.47,76486.27,1.2309,0.0,0.0,0.0,293.3,0.0
2026-09-17T19:37:27Z,2026-09-25,8,260000.0,P,2.385,2.404,2.3959,76563.47,76486.27,1.2309,-1.0,0.0,0.0,0.0,0.0
2026-09-17T19:37:27Z,2026-09-25,8,280000.0,C,0.0,0.0001,0.0,76563.32,76486.27,1.2987,0.0,0.0,0.0,76.1,0.0
2026-09-17T19:37:27Z,2026-09-25,8,280000.0,P,2.645,2.6655,2.6571,76563.47,76486.27,1.2987,-1.0,0.0,0.0,0.0,0.0
2026-09-17T19:37:27Z,2026-09-25,8,300000.0,C,0.0,0.0001,0.0,76563.32,76486.27,1.3629,0.0,0.0,0.0,196.3,0.0
2026-09-17T19:37:27Z,2026-09-25,8,300000.0,P,2.906,2.928,2.9183,76563.47,76486.27,1.3629,-1.0,0.0,0.0,0.0,0.0
2026-09-17T19:37:27Z,2026-09-25,8,320000.0,C,0.0,0.0001,0.0,76563.47,76486.27,1.4009,0.0,0.0,0.0,304.6,0.0
2026-09-17T19:37:27Z,2026-09-25,8,320000.0,P,3.1665,3.19,3.1795,76564.86,76486.27,1.4009,-1.0,0.0,0.0,25.1,0.0
2026-09-17T19:37:27Z,2026-10-02,15,65000.0,C,0.151,0.1545,0.1525,76634.22,76486.27,0.419,0.9779,1e-05,8.05217,0.0,0.0
2026-09-17T19:37:27Z,2026-10-02,15,65000.0,P,0.0007,0.0008,0.0007,76634.08,76486.27,0.419,-0.0221,1e-05,8.0525,502.7,424.6
2026-09-17T19:37:27Z,2026-10-02,15,70000.0,C,0.088,0.0915,0.0896,76634.08,76486.27,0.34990000000000004,0.90867,3e-05,25.08773,1.0,0.0
2026-09-17T19:37:27Z,2026-10-02,15,70000.0,P,0.0029,0.0032,0.003,76634.22,76486.27,0.34990000000000004,-0.09132,3e-05,25.0869,620.2,247.5
2026-09-17T19:37:27Z,2026-10-02,15,72000.0,C,0.065,0.068,0.0664,76634.22,76486.27,0.3311,0.83588,5e-05,37.80467,0.6,0.0
2026-09-17T19:37:27Z,2026-10-02,15,72000.0,P,0.0055,0.0065,0.0059,76634.08,76486.27,0.3311,-0.16413,5e-05,37.80562,158.3,17.3
2026-09-17T19:37:27Z,2026-10-02,15,73000.0,C,0.0545,0.0565,0.0556,76634.08,76486.27,0.3222,0.78469,6e-05,44.6906,0.0,0.0
2026-09-17T19:37:27Z,2026-10-02,15,73000.0,P,0.0075,0.0085,0.0081,76634.22,76486.27,0.3222,-0.2153,6e-05,44.68968,315.1,264.8
2026-09-17T19:37:27Z,2026-10-02,15,74000.0,C,0.0445,0.047,0.0457,76634.22,76486.27,0.3173,0.72051,7e-05,51.39819,0.8,0.1
2026-09-17T19:37:27Z,2026-10-02,15,74000.0,P,0.011,0.0115,0.0113,76634.22,76486.27,0.31739999999999996,-0.27949,7e-05,51.39845,699.5,233.5
2026-09-17T19:37:27Z,2026-10-02,15,75000.0,C,0.036,0.0375,0.0368,76634.08,76486.27,0.313,0.64673,8e-05,56.79588,3.6,0.0
2026-09-17T19:37:27Z,2026-10-02,15,75000.0,P,0.015,0.0155,0.0154,76634.08,76486.27,0.313,-0.35327,8e-05,56.79588,389.8,333.5
2026-09-17T19:37:27Z,2026-10-02,15,76000.0,C,0.028,0.0295,0.0289,76634.08,76486.27,0.3093,0.56575,8e-05,60.13764,49.7,7.7
2026-09-17T19:37:27Z,2026-10-02,15,76000.0,P,0.02,0.0205,0.0206,76634.22,76486.27,0.30920000000000003,-0.43424,8e-05,60.13742,209.3,147.9
2026-09-17T19:37:27Z,2026-10-02,15,77000.0,C,0.022,0.0225,0.0222,76634.08,76486.27,0.3077,0.48127,8e-05,60.9003,187.1,161.0
2026-09-17T19:37:27Z,2026-10-02,15,77000.0,P,0.026,0.027,0.027,76634.08,76486.27,0.3077,-0.51873,8e-05,60.9003,124.7,22.5
2026-09-17T19:37:27Z,2026-10-02,15,78000.0,C,0.0165,0.017,0.0167,76636.13,76486.27,0.3065,0.39819,8e-05,58.9728,237.8,30.7
2026-09-17T19:37:27Z,2026-10-02,15,78000.0,P,0.0335,0.035,0.0345,76635.29,76486.27,0.3065,-0.60188,8e-05,58.96942,103.5,17.1
2026-09-17T19:37:27Z,2026-10-02,15,79000.0,C,0.012,0.0125,0.0123,76635.29,76486.27,0.3065,0.32035,8e-05,54.67711,319.2,58.0
2026-09-17T19:37:27Z,2026-10-02,15,79000.0,P,0.042,0.0435,0.0432,76635.29,76486.27,0.3065,-0.67965,8e-05,54.67711,47.9,25.0
2026-09-17T19:37:27Z,2026-10-02,15,80000.0,C,0.0085,0.0095,0.009,76635.29,76486.27,0.3078,0.25161,7e-05,48.72994,862.5,105.6
2026-09-17T19:37:27Z,2026-10-02,15,80000.0,P,0.051,0.0545,0.0529,76635.29,76486.27,0.3078,-0.74839,7e-05,48.72994,5.1,0.0
2026-09-17T19:37:27Z,2026-10-02,15,81000.0,C,0.006,0.007,0.0065,76635.29,76486.27,0.311,0.19434,6e-05,42.04899,262.6,148.9
2026-09-17T19:37:27Z,2026-10-02,15,81000.0,P,0.0615,0.0655,0.0635,76635.29,76486.27,0.311,-0.80566,6e-05,42.04899,6.0,0.0
2026-09-17T19:37:27Z,2026-10-02,15,82000.0,C,0.0046,0.005,0.0048,76635.29,76486.27,0.3185,0.15069,5e-05,35.74216,1406.9,993.0
2026-09-17T19:37:27Z,2026-10-02,15,82000.0,P,0.073,0.077,0.0748,76635.29,76486.27,0.3185,-0.84931,5e-05,35.74216,0.0,0.0
2026-09-17T19:37:27Z,2026-10-02,15,84000.0,C,0.0024,0.0028,0.0026,76635.29,76486.27,0.3306,0.08711,3e-05,24.22203,808.1,16.3
2026-09-17T19:37:27Z,2026-10-02,15,84000.0,P,0.0965,0.101,0.0987,76635.29,76486.27,0.3306,-0.91289,3e-05,24.22203,0.1,0.1
2026-09-17T19:37:27Z,2026-10-02,15,85000.0,C,0.0019,0.0021,0.0019,76635.29,76486.27,0.3395,0.06732,3e-05,19.90999,438.7,0.6
2026-09-17T19:37:27Z,2026-10-02,15,85000.0,P,0.109,0.1135,0.1111,76635.29,76486.27,0.3395,-0.93268,3e-05,19.90999,0.0,0.0
2026-09-17T19:37:27Z,2026-10-02,15,86000.0,C,0.0014,0.0017,0.0015,76635.29,76486.27,0.3492,0.05254,2e-05,16.39534,57.8,13.4
2026-09-17T19:37:27Z,2026-10-02,15,86000.0,P,0.121,0.126,0.1237,76635.29,76486.27,0.3492,-0.94746,2e-05,16.39534,0.0,0.0
2026-09-17T19:37:27Z,2026-10-02,15,90000.0,C,0.0006,0.0007,0.0007,76635.29,76486.27,0.3971,0.02328,1e-05,8.41298,17.6,5.5
2026-09-17T19:37:27Z,2026-10-02,15,90000.0,P,0.172,0.177,0.1751,76635.29,76486.27,0.3971,-0.97672,1e-05,8.41298,0.1,0.0
2026-09-17T19:37:27Z,2026-10-02,15,95000.0,C,0.0002,0.0004,0.0003,76661.53,76486.27,0.4514,0.00971,0.0,3.9705,344.1,262.7
2026-09-17T19:37:27Z,2026-10-02,15,95000.0,P,0.2365,0.242,0.2399,76661.53,76486.27,0.4514,-0.99029,0.0,3.9705,0.1,0.1
2026-09-17T19:37:27Z,2026-10-09,22,65000.0,C,0.153,0.156,0.1544,76719.88,76486.27,0.41350000000000003,0.95558,1e-05,17.4722,0.0,0.0
2026-09-17T19:37:27Z,2026-10-09,22,65000.0,P,0.0017,0.002,0.0019,76719.88,76486.27,0.41350000000000003,-0.04442,1e-05,17.4722,1.7,1.7
2026-09-17T19:37:27Z,2026-10-09,22,68000.0,C,0.1155,0.1185,0.117,76719.88,76486.27,0.3728,0.91592,2e-05,28.74784,0.0,0.0
2026-09-17T19:37:27Z,2026-10-09,22,68000.0,P,0.0034,0.0038,0.0036,76719.88,76486.27,0.3728,-0.08408,2e-05,28.74784,0.0,0.0
2026-09-17T19:37:27Z,2026-10-09,22,70000.0,C,0.092,0.095,0.0932,76692.92,76486.27,0.3519,0.86685,3e-05,40.04586,0.0,0.0
2026-09-17T19:37:27Z,2026-10-09,22,70000.0,P,0.0055,0.0065,0.006,76719.88,76486.27,0.3519,-0.13227,3e-05,39.8768,2.9,2.9
2026-09-17T19:37:27Z,2026-10-09,22,72000.0,C,0.0705,0.072,0.0709,76719.88,76486.27,0.33270000000000005,0.79573,5e-05,52.81113,0.0,0.0
2026-09-17T19:37:27Z,2026-10-09,22,72000.0,P,0.0095,0.01,0.0097,76719.88,76486.27,0.33270000000000005,-0.20427,5e-05,52.81113,1.0,1.1
2026-09-17T19:37:27Z,2026-10-09,22,73000.0,C,0.0605,0.062,0.0608,76719.88,76486.27,0.3271,0.74714,5e-05,59.54779,0.2,0.2
2026-09-17T19:37:27Z,2026-10-09,22,73000.0,P,0.012,0.013,0.0126,76719.88,76486.27,0.3271,-0.25286,5e-05,59.54779,18.0,18.0
2026-09-17T19:37:27Z,2026-10-09,22,74000.0,C,0.051,0.0525,0.0512,76719.88,76486.27,0.3211,0.69216,6e-05,65.51311,0.1,0.1
2026-09-17T19:37:27Z,2026-10-09,22,74000.0,P,0.0155,0.0165,0.0161,76719.88,76486.27,0.3211,-0.30784,6e-05,65.51311,8.2,8.4
2026-09-17T19:37:27Z,2026-10-09,22,75000.0,C,0.042,0.044,0.0427,76719.88,76486.27,0.3178,0.63022,6e-05,70.31494,0.0,0.0
2026-09-17T19:37:27Z,2026-10-09,22,75000.0,P,0.02,0.021,0.0207,76719.88,76486.27,0.3178,-0.36978,6e-05,70.31494,103.1,103.1
2026-09-17T19:37:27Z,2026-10-09,22,76000.0,C,0.035,0.036,0.0351,76719.88,76486.27,0.3152,0.56413,7e-05,73.34749,50.0,50.0
2026-09-17T19:37:27Z,2026-10-09,22,76000.0,P,0.0255,0.0265,0.0261,76719.88,76486.27,0.3152,-0.43587,7e-05,73.34749,3.8,5.6
2026-09-17T19:37:27Z,2026-10-09,22,77000.0,C,0.028,0.029,0.0284,76719.88,76486.27,0.3128,0.496,7e-05,74.30588,2.8,2.8
2026-09-17T19:37:27Z,2026-10-09,22,77000.0,P,0.0315,0.0325,0.0324,76719.88,76486.27,0.3128,-0.504,7e-05,74.30588,3.8,7.8
2026-09-17T19:37:27Z,2026-10-09,22,78000.0,C,0.0225,0.0235,0.0228,76719.87,76486.27,0.3127,0.42858,7e-05,73.11554,3.1,3.1
2026-09-17T19:37:27Z,2026-10-09,22,78000.0,P,0.039,0.04,0.0398,76719.87,76486.27,0.3127,-0.57142,7e-05,73.11554,5.9,6.1
2026-09-17T19:37:27Z,2026-10-09,22,79000.0,C,0.0175,0.0185,0.0179,76719.87,76486.27,0.31129999999999997,0.3633,6e-05,69.90322,3.8,3.8
2026-09-17T19:37:27Z,2026-10-09,22,79000.0,P,0.0465,0.0485,0.048,76719.87,76486.27,0.31129999999999997,-0.6367,6e-05,69.90322,0.0,0.0
2026-09-17T19:37:27Z,2026-10-09,22,80000.0,C,0.0135,0.0145,0.0139,76719.87,76486.27,0.31129999999999997,0.30287,6e-05,65.04187,24.4,24.4
2026-09-17T19:37:27Z,2026-10-09,22,80000.0,P,0.0555,0.0575,0.057,76719.87,76486.27,0.31129999999999997,-0.69713,6e-05,65.04187,0.0,0.0
2026-09-17T19:37:27Z,2026-10-09,22,82000.0,C,0.008,0.009,0.0084,76719.87,76486.27,0.3165,0.20393,5e-05,52.75788,101.8,101.8
2026-09-17T19:37:27Z,2026-10-09,22,82000.0,P,0.0755,0.079,0.0776,76719.87,76486.27,0.3165,-0.79607,5e-05,52.75788,0.0,0.0
2026-09-17T19:37:27Z,2026-10-09,22,84000.0,C,0.0049,0.0055,0.0051,76719.87,76486.27,0.3259,0.13429,4e-05,40.29516,3.2,3.2
2026-09-17T19:37:27Z,2026-10-09,22,84000.0,P,0.098,0.1025,0.1004,76719.87,76486.27,0.3259,-0.86571,4e-05,40.29516,0.0,0.0
2026-09-17T19:37:27Z,2026-10-09,22,85000.0,C,0.0038,0.0042,0.004,76719.97,76486.27,0.3296,0.10736,3e-05,34.41863,10.1,10.5
2026-09-17T19:37:27Z,2026-10-09,22,85000.0,P,0.109,0.1145,0.1123,76719.87,76486.27,0.3296,-0.89264,3e-05,34.41789,0.0,0.0
2026-09-17T19:37:27Z,2026-10-09,22,90000.0,C,0.0012,0.0015,0.0013,76719.87,76486.27,0.364,0.03903,1e-05,15.73271,0.6,1.0
2026-09-17T19:37:27Z,2026-10-09,22,90000.0,P,0.171,0.177,0.1748,76719.87,76486.27,0.364,-0.96097,1e-05,15.73271,0.0,0.0
2026-09-17T19:37:27Z,2026-10-30,43,40000.0,C,0.479,0.482,0.4804,76956.98,76486.27,0.7545999999999999,0.9962,0.0,2.97074,0.3,0.0
2026-09-17T19:37:27Z,2026-10-30,43,40000.0,P,0.0002,0.0005,0.0003,76956.98,76486.27,0.7545999999999999,-0.0038,0.0,2.97074,83.2,6.2
2026-09-17T19:37:27Z,2026-10-30,43,45000.0,C,0.4145,0.4175,0.4158,76958.48,76486.27,0.6694,0.99311,0.0,5.04779,0.1,0.0
2026-09-17T19:37:27Z,2026-10-30,43,45000.0,P,0.0004,0.0007,0.0006,76958.48,76486.27,0.6694,-0.00689,0.0,5.04779,220.5,0.9
2026-09-17T19:37:27Z,2026-10-30,43,48000.0,C,0.3755,0.3785,0.3771,76958.48,76486.27,0.6293,0.98943,0.0,7.34648,0.1,0.0
2026-09-17T19:37:27Z,2026-10-30,43,48000.0,P,0.0007,0.001,0.0008,76958.48,76486.27,0.6293,-0.01057,0.0,7.34648,196.0,0.4
2026-09-17T19:37:27Z,2026-10-30,43,50000.0,C,0.3495,0.353,0.3513,76958.48,76486.27,0.5996,0.98644,0.0,9.11986,0.1,0.0
2026-09-17T19:37:27Z,2026-10-30,43,50000.0,P,0.0009,0.0012,0.001,76958.48,76486.27,0.5996,-0.01356,0.0,9.11986,443.7,3.5
2026-09-17T19:37:27Z,2026-10-30,43,52000.0,C,0.324,0.327,0.3256,76958.48,76486.27,0.5671,0.9831,0.0,11.02045,0.1,0.0
2026-09-17T19:37:27Z,2026-10-30,43,52000.0,P,0.0011,0.0014,0.0013,76958.48,76486.27,0.5671,-0.0169,0.0,11.02045,122.9,0.2
2026-09-17T19:37:27Z,2026-10-30,43,54000.0,C,0.298,0.301,0.2998,76958.48,76486.27,0.5356000000000001,0.9788,0.0,13.36009,0.1,0.0
2026-09-17T19:37:27Z,2026-10-30,43,54000.0,P,0.0013,0.0017,0.0015,76958.48,76486.27,0.5356000000000001,-0.0212,0.0,13.36009,189.8,0.5
2026-09-17T19:37:27Z,2026-10-30,43,55000.0,C,0.2855,0.2885,0.2871,76958.48,76486.27,0.5231,0.97564,0.0,15.02286,0.1,0.0
2026-09-17T19:37:27Z,2026-10-30,43,55000.0,P,0.0017,0.0019,0.0017,76958.48,76486.27,0.5231,-0.02436,0.0,15.02286,322.0,0.0
2026-09-17T19:37:27Z,2026-10-30,43,56000.0,C,0.2725,0.2755,0.2742,76958.48,76486.27,0.5061,0.973,0.0,16.37217,0.5,0.0
2026-09-17T19:37:27Z,2026-10-30,43,56000.0,P,0.0017,0.0021,0.0019,76958.48,76486.27,0.5061,-0.027,0.0,16.37217,466.7,2.3
2026-09-17T19:37:27Z,2026-10-30,43,57000.0,C,0.2595,0.2625,0.2614,76958.48,76486.27,0.48950000000000005,0.96999,1e-05,17.87852,0.1,0.0
2026-09-17T19:37:27Z,2026-10-30,43,57000.0,P,0.0019,0.0022,0.0021,76958.48,76486.27,0.48950000000000005,-0.03001,1e-05,17.87852,209.4,0.0
2026-09-17T19:37:27Z,2026-10-30,43,58000.0,C,0.247,0.25,0.2486,76958.48,76486.27,0.4752,0.96598,1e-05,19.82534,0.0,0.0
2026-09-17T19:37:27Z,2026-10-30,43,58000.0,P,0.0022,0.0025,0.0023,76958.48,76486.27,0.4752,-0.03402,1e-05,19.82534,335.2,1.6
2026-09-17T19:37:27Z,2026-10-30,43,59000.0,C,0.2345,0.237,0.2359,76958.48,76486.27,0.46149999999999997,0.96129,1e-05,22.04017,1.0,0.0
2026-09-17T19:37:27Z,2026-10-30,43,59000.0,P,0.0024,0.0028,0.0026,76958.48,76486.27,0.46149999999999997,-0.03871,1e-05,22.04017,105.2,0.0
2026-09-17T19:37:27Z,2026-10-30,43,60000.0,C,0.222,0.2245,0.2233,76958.48,76486.27,0.44920000000000004,0.95545,1e-05,24.69431,14.4,0.0
2026-09-17T19:37:27Z,2026-10-30,43,60000.0,P,0.003,0.0032,0.003,76959.01,76486.27,0.44920000000000004,-0.04454,1e-05,24.69255,1400.9,25.0
2026-09-17T19:37:27Z,2026-10-30,43,61000.0,C,0.209,0.212,0.2107,76959.01,76486.27,0.43560000000000004,0.94923,1e-05,27.41948,7.7,0.0
2026-09-17T19:37:27Z,2026-10-30,43,61000.0,P,0.0032,0.0035,0.0033,76959.01,76486.27,0.43560000000000004,-0.05077,1e-05,27.41948,278.2,27.0
2026-09-17T19:37:27Z,2026-10-30,43,62000.0,C,0.1965,0.1995,0.1982,76959.01,76486.27,0.4238,0.9414,1e-05,30.71615,13.5,0.0
2026-09-17T19:37:27Z,2026-10-30,43,62000.0,P,0.0037,0.004,0.0038,76959.01,76486.27,0.4238,-0.0586,1e-05,30.71615,1213.0,0.2
2026-09-17T19:37:27Z,2026-10-30,43,63000.0,C,0.184,0.187,0.1858,76958.48,76486.27,0.41259999999999997,0.93212,1e-05,34.44045,153.2,0.0
2026-09-17T19:37:27Z,2026-10-30,43,63000.0,P,0.0043,0.0046,0.0044,76959.01,76486.27,0.41259999999999997,-0.06788,1e-05,34.43817,681.9,0.0
2026-09-17T19:37:27Z,2026-10-30,43,64000.0,C,0.172,0.175,0.1736,76958.48,76486.27,0.40340000000000004,0.92045,1e-05,38.87963,416.8,0.0
2026-09-17T19:37:27Z,2026-10-30,43,64000.0,P,0.005,0.0055,0.0052,76959.01,76486.27,0.40340000000000004,-0.07954,1e-05,38.87716,641.5,0.1
2026-09-17T19:37:27Z,2026-10-30,43,65000.0,C,0.16,0.1625,0.1614,76959.01,76486.27,0.3909,0.90867,2e-05,43.11862,430.4,0.0
2026-09-17T19:37:27Z,2026-10-30,43,65000.0,P,0.0055,0.0065,0.006,76959.01,76486.27,0.3909,-0.09133,2e-05,43.11862,636.7,40.7
2026-09-17T19:37:27Z,2026-10-30,43,66000.0,C,0.148,0.151,0.1494,76959.01,76486.27,0.3814,0.89348,2e-05,48.25832,89.5,0.0
2026-09-17T19:37:27Z,2026-10-30,43,66000.0,P,0.0065,0.0075,0.007,76959.01,76486.27,0.3814,-0.10652,2e-05,48.25832,480.1,178.0
2026-09-17T19:37:27Z,2026-10-30,43,67000.0,C,0.136,0.139,0.1378,76959.01,76486.27,0.37450000000000006,0.87453,2e-05,54.20952,108.4,0.0
2026-09-17T19:37:27Z,2026-10-30,43,67000.0,P,0.008,0.009,0.0084,76959.01,76486.27,0.37450000000000006,-0.12547,2e-05,54.20952,629.3,0.9
2026-09-17T19:37:27Z,2026-10-30,43,68000.0,C,0.1245,0.128,0.1264,76959.01,76486.27,0.3667,0.85351,2e-05,60.27773,516.3,0.0
2026-09-17T19:37:27Z,2026-10-30,43,68000.0,P,0.0095,0.0105,0.01,76959.01,76486.27,0.3667,-0.14649,2e-05,60.27773,1568.9,0.3
2026-09-17T19:37:27Z,2026-10-30,43,69000.0,C,0.1135,0.1165,0.1154,76959.01,76486.27,0.3604,0.8287,3e-05,66.7895,649.6,0.0
2026-09-17T19:37:27Z,2026-10-30,43,69000.0,P,0.0115,0.0125,0.012,76959.01,76486.27,0.3604,-0.1713,3e-05,66.7895,616.5,300.4
2026-09-17T19:37:27Z,2026-10-30,43,70000.0,C,0.103,0.106,0.1046,76959.01,76486.27,0.3533,0.80129,3e-05,73.24781,1063.5,0.0
2026-09-17T19:37:27Z,2026-10-30,43,70000.0,P,0.014,0.0145,0.0142,76958.48,76486.27,0.3533,-0.19873,3e-05,73.25084,1013.1,36.3
2026-09-17T19:37:27Z,2026-10-30,43,71000.0,C,0.0935,0.0955,0.0944,76959.01,76486.27,0.3489,0.76922,3e-05,79.90498,968.1,0.0
2026-09-17T19:37:27Z,2026-10-30,43,71000.0,P,0.0165,0.0175,0.017,76959.01,76486.27,0.3489,-0.23078,3e-05,79.90498,680.6,513.3
2026-09-17T19:37:27Z,2026-10-30,43,72000.0,C,0.084,0.0855,0.0845,76959.56,76486.27,0.3431,0.73481,4e-05,86.06251,467.3,0.0
2026-09-17T19:37:27Z,2026-10-30,43,72000.0,P,0.0195,0.0205,0.0201,76959.56,76486.27,0.3431,-0.26519,4e-05,86.06251,767.5,63.0
2026-09-17T19:37:27Z,2026-10-30,43,73000.0,C,0.0745,0.0765,0.0753,76959.56,76486.27,0.3397,0.69622,4e-05,91.83947,609.0,0.0
2026-09-17T19:37:27Z,2026-10-30,43,73000.0,P,0.0235,0.0245,0.0239,76959.56,76486.27,0.3397,-0.30378,4e-05,91.83947,321.1,89.7
2026-09-17T19:37:27Z,2026-10-30,43,74000.0,C,0.066,0.0675,0.0666,76959.56,76486.27,0.3353,0.65538,4e-05,96.73294,250.2,4.5
2026-09-17T19:37:27Z,2026-10-30,43,74000.0,P,0.0275,0.0285,0.0281,76959.56,76486.27,0.3353,-0.34462,4e-05,96.73294,349.7,21.5
2026-09-17T19:37:27Z,2026-10-30,43,75000.0,C,0.058,0.0595,0.0585,76959.56,76486.27,0.3325,0.6118,4e-05,100.64263,1176.4,0.2
2026-09-17T19:37:27Z,2026-10-30,43,75000.0,P,0.0325,0.0335,0.0331,76959.56,76486.27,0.3325,-0.3882,4e-05,100.64263,913.3,206.6
2026-09-17T19:37:27Z,2026-10-30,43,76000.0,C,0.0505,0.052,0.0512,76959.56,76486.27,0.33020000000000005,0.56659,5e-05,103.32199,487.3,5.0
2026-09-17T19:37:27Z,2026-10-30,43,76000.0,P,0.0385,0.039,0.0387,76959.56,76486.27,0.33020000000000005,-0.43341,5e-05,103.32199,496.3,73.0
2026-09-17T19:37:27Z,2026-10-30,43,77000.0,C,0.044,0.045,0.0445,76959.56,76486.27,0.3286,0.52049,5e-05,104.64665,222.3,83.2
2026-09-17T19:37:27Z,2026-10-30,43,77000.0,P,0.0445,0.0455,0.045,76959.56,76486.27,0.3286,-0.47951,5e-05,104.64665,232.7,22.8
2026-09-17T19:37:27Z,2026-10-30,43,78000.0,C,0.038,0.039,0.0384,76959.56,76486.27,0.3275,0.47439,5e-05,104.56895,526.3,56.2
2026-09-17T19:37:27Z,2026-10-30,43,78000.0,P,0.0515,0.0525,0.052,76959.56,76486.27,0.3275,-0.52561,5e-05,104.56895,669.6,23.8
2026-09-17T19:37:27Z,2026-10-30,43,79000.0,C,0.0325,0.0335,0.033,76959.01,76486.27,0.32659999999999995,0.42893,5e-05,103.11712,270.7,7.8
2026-09-17T19:37:27Z,2026-10-30,43,79000.0,P,0.059,0.06,0.0595,76959.56,76486.27,0.32659999999999995,-0.57104,5e-05,103.11904,556.3,3.6
2026-09-17T19:37:27Z,2026-10-30,43,80000.0,C,0.0275,0.0285,0.0281,76959.56,76486.27,0.32530000000000003,0.38456,4e-05,100.36662,1438.5,3.1
2026-09-17T19:37:27Z,2026-10-30,43,80000.0,P,0.0665,0.0685,0.0676,76959.56,76486.27,0.32530000000000003,-0.61544,4e-05,100.36662,963.5,1.1
2026-09-17T19:37:27Z,2026-10-30,43,81000.0,C,0.0235,0.0245,0.024,76959.56,76486.27,0.3259,0.34298,4e-05,96.55931,687.2,11.3
2026-09-17T19:37:27Z,2026-10-30,43,81000.0,P,0.0755,0.0775,0.0765,76959.56,76486.27,0.3259,-0.65702,4e-05,96.55931,177.4,0.0
2026-09-17T19:37:27Z,2026-10-30,43,82000.0,C,0.02,0.0205,0.0202,76954.11,76486.27,0.32530000000000003,0.30277,4e-05,91.69581,1247.2,38.1
2026-09-17T19:37:27Z,2026-10-30,43,82000.0,P,0.0845,0.0865,0.0857,76954.11,76486.27,0.32530000000000003,-0.69723,4e-05,91.69581,68.1,0.0
2026-09-17T19:37:27Z,2026-10-30,43,83000.0,C,0.0165,0.0175,0.017,76954.11,76486.27,0.32539999999999997,0.26579,4e-05,86.1562,581.0,385.4
2026-09-17T19:37:27Z,2026-10-30,43,83000.0,P,0.094,0.097,0.0955,76954.11,76486.27,0.32539999999999997,-0.73421,4e-05,86.1562,104.6,0.0
2026-09-17T19:37:27Z,2026-10-30,43,84000.0,C,0.014,0.0145,0.0144,76954.11,76486.27,0.327,0.23294,4e-05,80.31613,1429.2,536.5
2026-09-17T19:37:27Z,2026-10-30,43,84000.0,P,0.104,0.1075,0.1059,76959.56,76486.27,0.327,-0.76687,4e-05,80.35897,39.3,25.0
2026-09-17T19:37:27Z,2026-10-30,43,85000.0,C,0.0115,0.0125,0.012,76954.11,76486.27,0.32770000000000005,0.20233,3e-05,74.04133,2109.5,7.8
2026-09-17T19:37:27Z,2026-10-30,43,85000.0,P,0.1145,0.1185,0.1165,76954.11,76486.27,0.32770000000000005,-0.79767,3e-05,74.04133,107.2,0.0
2026-09-17T19:37:27Z,2026-10-30,43,86000.0,C,0.0095,0.0105,0.01,76954.11,76486.27,0.3281,0.17448,3e-05,67.57294,869.4,68.9
2026-09-17T19:37:27Z,2026-10-30,43,86000.0,P,0.1255,0.1295,0.1275,76954.11,76486.27,0.3281,-0.82552,3e-05,67.57294,98.5,0.0
2026-09-17T19:37:27Z,2026-10-30,43,87000.0,C,0.008,0.009,0.0085,76954.11,76486.27,0.33130000000000004,0.1518,3e-05,61.72576,840.5,577.8
2026-09-17T19:37:27Z,2026-10-30,43,87000.0,P,0.1365,0.141,0.139,76959.56,76486.27,0.33130000000000004,-0.84805,3e-05,61.76991,29.1,0.0
2026-09-17T19:37:27Z,2026-10-30,43,88000.0,C,0.0065,0.0075,0.007,76954.11,76486.27,0.33159999999999995,0.12957,2e-05,55.43342,1188.5,44.6
2026-09-17T19:37:27Z,2026-10-30,43,88000.0,P,0.1485,0.1525,0.1505,76954.11,76486.27,0.33159999999999995,-0.87043,2e-05,55.43342,8.1,0.0
2026-09-17T19:37:27Z,2026-10-30,43,89000.0,C,0.0055,0.0065,0.006,76954.11,76486.27,0.3358,0.11279,2e-05,50.2792,476.9,315.0
2026-09-17T19:37:27Z,2026-10-30,43,89000.0,P,0.16,0.1645,0.1624,76954.11,76486.27,0.3358,-0.88721,2e-05,50.2792,5.0,0.0
2026-09-17T19:37:27Z,2026-10-30,43,90000.0,C,0.0049,0.0055,0.0052,76954.11,76486.27,0.3411,0.09903,2e-05,45.76584,2934.2,57.9
2026-09-17T19:37:27Z,2026-10-30,43,90000.0,P,0.172,0.1765,0.1747,76954.11,76486.27,0.3411,-0.90097,2e-05,45.76584,6.4,0.0
2026-09-17T19:37:27Z,2026-10-30,43,91000.0,C,0.0041,0.0045,0.0043,76954.11,76486.27,0.3425,0.08443,2e-05,40.66423,148.3,42.4
2026-09-17T19:37:27Z,2026-10-30,43,91000.0,P,0.1845,0.189,0.1868,76954.11,76486.27,0.3425,-0.91557,2e-05,40.66423,0.2,0.0
2026-09-17T19:37:27Z,2026-10-30,43,92000.0,C,0.0035,0.0038,0.0037,76948.9,76486.27,0.34600000000000003,0.07303,2e-05,36.42556,1121.1,45.8
2026-09-17T19:37:27Z,2026-10-30,43,92000.0,P,0.1965,0.2015,0.1991,76948.9,76486.27,0.34600000000000003,-0.92697,2e-05,36.42556,0.1,0.0
2026-09-17T19:37:27Z,2026-10-30,43,94000.0,C,0.0026,0.0029,0.0027,76948.9,76486.27,0.35479999999999995,0.05566,1e-05,29.49092,464.2,36.3
2026-09-17T19:37:27Z,2026-10-30,43,94000.0,P,0.2215,0.2265,0.2242,76948.9,76486.27,0.35479999999999995,-0.94434,1e-05,29.49092,0.1,0.0
2026-09-17T19:37:27Z,2026-10-30,43,95000.0,C,0.0022,0.0026,0.0024,76948.9,76486.27,0.35950000000000004,0.04882,1e-05,26.57466,1859.4,93.2
2026-09-17T19:37:27Z,2026-10-30,43,95000.0,P,0.234,0.2395,0.2368,76948.9,76486.27,0.35950000000000004,-0.95118,1e-05,26.57466,0.3,0.0
2026-09-17T19:37:27Z,2026-10-30,43,96000.0,C,0.0019,0.0024,0.0021,76948.9,76486.27,0.36590000000000006,0.04371,1e-05,24.31824,227.3,41.7
2026-09-17T19:37:27Z,2026-10-30,43,96000.0,P,0.2465,0.252,0.2495,76948.9,76486.27,0.36590000000000006,-0.95629,1e-05,24.31824,0.1,0.0
2026-09-17T19:37:27Z,2026-10-30,43,98000.0,C,0.0015,0.0019,0.0017,76948.9,76486.27,0.37689999999999996,0.03472,1e-05,20.15816,300.3,0.9
2026-09-17T19:37:27Z,2026-10-30,43,98000.0,P,0.272,0.2775,0.2751,76948.9,76486.27,0.37689999999999996,-0.96528,1e-05,20.15816,0.0,0.0
2026-09-17T19:37:27Z,2026-10-30,43,100000.0,C,0.0013,0.0015,0.0014,76948.9,76486.27,0.3898,0.02851,1e-05,17.12806,1959.0,13.0
2026-09-17T19:37:27Z,2026-10-30,43,100000.0,P,0.2975,0.304,0.3008,76948.9,76486.27,0.3898,-0.97149,1e-05,17.12806,0.3,0.0
2026-09-17T19:37:27Z,2026-10-30,43,102000.0,C,0.0009,0.0012,0.0011,76948.9,76486.27,0.3961,0.02185,1e-05,13.70459,226.2,1.1
2026-09-17T19:37:27Z,2026-10-30,43,102000.0,P,0.3235,0.3295,0.3264,76954.11,76486.27,0.3961,-0.97812,1e-05,13.71936,0.0,0.0
2026-09-17T19:37:27Z,2026-10-30,43,104000.0,C,0.0007,0.001,0.0008,76948.9,76486.27,0.40549999999999997,0.01754,0.0,11.37214,124.9,23.2
2026-09-17T19:37:27Z,2026-10-30,43,104000.0,P,0.349,0.3555,0.3522,76948.9,76486.27,0.40549999999999997,-0.98246,0.0,11.37214,0.0,0.0
2026-09-17T19:37:27Z,2026-10-30,43,105000.0,C,0.0007,0.0009,0.0008,76948.9,76486.27,0.41159999999999997,0.01608,0.0,10.55655,1139.6,22.8
2026-09-17T19:37:27Z,2026-10-30,43,105000.0,P,0.362,0.3685,0.3651,76948.9,76486.27,0.41159999999999997,-0.98392,0.0,10.55655,0.6,0.0
2026-09-17T19:37:27Z,2026-10-30,43,110000.0,C,0.0003,0.0006,0.0005,76948.9,76486.27,0.4336,0.00963,0.0,6.77136,1030.7,16.0
2026-09-17T19:37:27Z,2026-10-30,43,110000.0,P,0.4265,0.4335,0.4298,76948.9,76486.27,0.4336,-0.99037,0.0,6.77136,0.0,0.0
2026-09-17T19:37:27Z,2026-11-27,71,58000.0,C,0.2525,0.257,0.2545,77225.67,76486.27,0.4474,0.93993,1e-05,40.46938,0.0,0.0
2026-09-17T19:37:27Z,2026-11-27,71,58000.0,P,0.005,0.006,0.0055,77225.67,76486.27,0.4474,-0.06007,1e-05,40.46938,28.2,2.3
2026-09-17T19:37:27Z,2026-11-27,71,60000.0,C,0.228,0.2325,0.2302,77230.59,76486.27,0.4299,0.9237,1e-05,48.68361,0.1,0.0
2026-09-17T19:37:27Z,2026-11-27,71,60000.0,P,0.0065,0.0075,0.007,77225.67,76486.27,0.4299,-0.07635,1e-05,48.70399,207.7,1.0
2026-09-17T19:37:27Z,2026-11-27,71,62000.0,C,0.2045,0.2085,0.2063,77230.59,76486.27,0.4142,0.90278,1e-05,58.35675,0.0,0.0
2026-09-17T19:37:27Z,2026-11-27,71,62000.0,P,0.0085,0.0095,0.009,77225.67,76486.27,0.4142,-0.09728,1e-05,58.37947,305.9,253.2
2026-09-17T19:37:27Z,2026-11-27,71,64000.0,C,0.181,0.185,0.1831,77226.19,76486.27,0.40159999999999996,0.87546,2e-05,69.69321,0.0,0.0
2026-09-17T19:37:27Z,2026-11-27,71,64000.0,P,0.0115,0.012,0.0118,77225.67,76486.27,0.40159999999999996,-0.12454,2e-05,69.69581,33.7,0.1
2026-09-17T19:37:27Z,2026-11-27,71,66000.0,C,0.1595,0.162,0.1609,77225.67,76486.27,0.391,0.8413,2e-05,82.14831,0.0,0.0
2026-09-17T19:37:27Z,2026-11-27,71,66000.0,P,0.015,0.016,0.0155,77225.67,76486.27,0.391,-0.1587,2e-05,82.14831,160.0,1.1
2026-09-17T19:37:27Z,2026-11-27,71,67000.0,C,0.149,0.151,0.15,77226.19,76486.27,0.38409999999999994,0.82271,2e-05,88.22119,0.0,0.0
2026-09-17T19:37:27Z,2026-11-27,71,67000.0,P,0.017,0.018,0.0175,77225.67,76486.27,0.38409999999999994,-0.1773,2e-05,88.22386,21.8,1.0
2026-09-17T19:37:27Z,2026-11-27,71,68000.0,C,0.1385,0.1405,0.1395,77226.19,76486.27,0.37939999999999996,0.80131,2e-05,94.65532,0.0,0.0
2026-09-17T19:37:27Z,2026-11-27,71,68000.0,P,0.0195,0.0205,0.02,77225.67,76486.27,0.37939999999999996,-0.1987,2e-05,94.65792,124.7,30.7
2026-09-17T19:37:27Z,2026-11-27,71,69000.0,C,0.1285,0.1305,0.1295,77225.67,76486.27,0.37579999999999997,0.77771,2e-05,101.10154,0.0,0.0
2026-09-17T19:37:27Z,2026-11-27,71,69000.0,P,0.0225,0.023,0.0229,77225.67,76486.27,0.37579999999999997,-0.22229,2e-05,101.10154,49.6,1.7
2026-09-17T19:37:27Z,2026-11-27,71,70000.0,C,0.1185,0.1205,0.1197,77226.19,76486.27,0.371,0.75299,3e-05,107.17568,6.0,0.0
2026-09-17T19:37:27Z,2026-11-27,71,70000.0,P,0.0255,0.0265,0.026,77225.67,76486.27,0.371,-0.24702,3e-05,107.17799,174.7,1.8
2026-09-17T19:37:27Z,2026-11-27,71,71000.0,C,0.1095,0.1115,0.1103,77225.67,76486.27,0.3675,0.72614,3e-05,113.02841,0.1,0.0
2026-09-17T19:37:27Z,2026-11-27,71,71000.0,P,0.029,0.03,0.0296,77225.67,76486.27,0.3675,-0.27386,3e-05,113.02841,34.5,3.5
2026-09-17T19:37:27Z,2026-11-27,71,72000.0,C,0.1005,0.1025,0.1013,77226.19,76486.27,0.364,0.69776,3e-05,118.41664,25.3,0.0
2026-09-17T19:37:27Z,2026-11-27,71,72000.0,P,0.033,0.034,0.0335,77226.19,76486.27,0.364,-0.30224,3e-05,118.41664,66.4,0.0
2026-09-17T19:37:27Z,2026-11-27,71,73000.0,C,0.092,0.094,0.0928,77225.67,76486.27,0.3617,0.66767,3e-05,123.27187,0.3,0.0
2026-09-17T19:37:27Z,2026-11-27,71,73000.0,P,0.0375,0.0385,0.038,77226.19,76486.27,0.3617,-0.33232,3e-05,123.27043,31.5,0.6
2026-09-17T19:37:27Z,2026-11-27,71,74000.0,C,0.084,0.086,0.0848,77226.19,76486.27,0.3592,0.63654,3e-05,127.40481,0.4,0.0
2026-09-17T19:37:27Z,2026-11-27,71,74000.0,P,0.0425,0.0435,0.043,77224.71,76486.27,0.3592,-0.3635,3e-05,127.40778,54.5,1.0
2026-09-17T19:37:27Z,2026-11-27,71,75000.0,C,0.0765,0.078,0.077,77226.19,76486.27,0.3566,0.6045,3e-05,130.74354,267.7,0.3
2026-09-17T19:37:27Z,2026-11-27,71,75000.0,P,0.0475,0.0485,0.0482,77224.71,76486.27,0.3566,-0.39555,3e-05,130.74527,627.7,305.0
2026-09-17T19:37:27Z,2026-11-27,71,76000.0,C,0.0695,0.0705,0.0699,77224.71,76486.27,0.355,0.57161,3e-05,133.22602,39.2,0.1
2026-09-17T19:37:27Z,2026-11-27,71,76000.0,P,0.0535,0.0545,0.0541,77224.71,76486.27,0.355,-0.42839,3e-05,133.22602,55.5,0.1
2026-09-17T19:37:27Z,2026-11-27,71,77000.0,C,0.063,0.064,0.0633,77224.71,76486.27,0.35369999999999996,0.53843,3e-05,134.78474,73.3,57.7
2026-09-17T19:37:27Z,2026-11-27,71,77000.0,P,0.0595,0.061,0.0604,77224.71,76486.27,0.35369999999999996,-0.46157,3e-05,134.78474,108.9,59.2
2026-09-17T19:37:27Z,2026-11-27,71,78000.0,C,0.0565,0.057,0.0571,77224.71,76486.27,0.35240000000000005,0.50516,3e-05,135.40203,254.7,120.6
2026-09-17T19:37:27Z,2026-11-27,71,78000.0,P,0.0665,0.0675,0.0672,77224.71,76486.27,0.35240000000000005,-0.49484,3e-05,135.40203,184.4,0.2
2026-09-17T19:37:27Z,2026-11-27,71,79000.0,C,0.051,0.052,0.0515,77224.71,76486.27,0.3517,0.4722,3e-05,135.08442,144.3,3.8
2026-09-17T19:37:27Z,2026-11-27,71,79000.0,P,0.0735,0.075,0.0745,77224.71,76486.27,0.3517,-0.5278,3e-05,135.08442,150.5,1.0
2026-09-17T19:37:27Z,2026-11-27,71,80000.0,C,0.046,0.0465,0.0463,77224.71,76486.27,0.35109999999999997,0.43974,3e-05,133.86546,1167.7,576.1
2026-09-17T19:37:27Z,2026-11-27,71,80000.0,P,0.0815,0.0825,0.0822,77224.71,76486.27,0.35109999999999997,-0.56026,3e-05,133.86546,109.5,16.0
2026-09-17T19:37:27Z,2026-11-27,71,81000.0,C,0.041,0.042,0.0415,77224.71,76486.27,0.3506,0.40802,3e-05,131.79794,160.7,2.3
2026-09-17T19:37:27Z,2026-11-27,71,81000.0,P,0.0895,0.0905,0.0903,77224.71,76486.27,0.3506,-0.59198,3e-05,131.79794,37.7,2.3
2026-09-17T19:37:27Z,2026-11-27,71,82000.0,C,0.0365,0.0375,0.037,77224.71,76486.27,0.34990000000000004,0.37705,3e-05,128.93073,103.2,35.0
2026-09-17T19:37:27Z,2026-11-27,71,82000.0,P,0.098,0.1,0.0988,77226.19,76486.27,0.34990000000000004,-0.6229,3e-05,128.93823,57.5,0.0
2026-09-17T19:37:27Z,2026-11-27,71,83000.0,C,0.0325,0.0335,0.033,77224.71,76486.27,0.34979999999999994,0.34744,3e-05,125.3877,84.1,0.0
2026-09-17T19:37:27Z,2026-11-27,71,83000.0,P,0.1065,0.109,0.1078,77224.71,76486.27,0.34979999999999994,-0.65256,3e-05,125.3877,46.1,0.0
2026-09-17T19:37:27Z,2026-11-27,71,84000.0,C,0.029,0.03,0.0295,77224.71,76486.27,0.3502,0.31937,3e-05,121.28442,67.4,2.9
2026-09-17T19:37:27Z,2026-11-27,71,84000.0,P,0.116,0.1185,0.1172,77226.19,76486.27,0.3502,-0.68058,3e-05,121.29384,5.2,0.0
2026-09-17T19:37:27Z,2026-11-27,71,85000.0,C,0.026,0.027,0.0264,77224.71,76486.27,0.3519,0.29362,3e-05,116.8628,624.3,0.1
2026-09-17T19:37:27Z,2026-11-27,71,85000.0,P,0.125,0.1285,0.1271,77226.19,76486.27,0.3519,-0.70633,3e-05,116.8729,23.8,0.0
2026-09-17T19:37:27Z,2026-11-27,71,86000.0,C,0.023,0.024,0.0235,77224.71,76486.27,0.35200000000000004,0.26817,3e-05,111.84984,180.8,26.0
2026-09-17T19:37:27Z,2026-11-27,71,86000.0,P,0.135,0.1385,0.1371,77226.19,76486.27,0.35200000000000004,-0.73178,3e-05,111.86055,30.2,0.0
2026-09-17T19:37:27Z,2026-11-27,71,87000.0,C,0.0205,0.0215,0.021,77224.71,76486.27,0.35340000000000005,0.24523,3e-05,106.7586,75.4,0.0
2026-09-17T19:37:27Z,2026-11-27,71,87000.0,P,0.145,0.149,0.1475,77224.71,76486.27,0.35340000000000005,-0.75477,3e-05,106.7586,3.7,0.0
2026-09-17T19:37:27Z,2026-11-27,71,88000.0,C,0.018,0.019,0.0185,77224.71,76486.27,0.35350000000000004,0.22276,2e-05,101.22146,262.6,205.0
2026-09-17T19:37:27Z,2026-11-27,71,88000.0,P,0.1555,0.1595,0.158,77224.71,76486.27,0.35350000000000004,-0.77724,2e-05,101.22146,0.0,0.0
2026-09-17T19:37:27Z,2026-11-27,71,89000.0,C,0.016,0.017,0.0165,77224.71,76486.27,0.3547,0.20264,2e-05,95.77743,187.6,0.1
2026-09-17T19:37:27Z,2026-11-27,71,89000.0,P,0.1665,0.1705,0.1689,77226.19,76486.27,0.3547,-0.79733,2e-05,95.78906,0.0,0.0
2026-09-17T19:37:27Z,2026-11-27,71,90000.0,C,0.014,0.015,0.0145,77224.71,76486.27,0.3552,0.1834,2e-05,90.11493,132.5,0.4
2026-09-17T19:37:27Z,2026-11-27,71,90000.0,P,0.1775,0.182,0.18,77226.19,76486.27,0.3552,-0.81657,2e-05,90.12664,0.5,0.0
2026-09-17T19:37:27Z,2026-11-27,71,91000.0,C,0.0125,0.0135,0.013,77226.19,76486.27,0.35710000000000003,0.16675,2e-05,84.83599,94.9,5.9
2026-09-17T19:37:27Z,2026-11-27,71,91000.0,P,0.189,0.1935,0.1913,77226.19,76486.27,0.35710000000000003,-0.83325,2e-05,84.83599,0.0,0.0
2026-09-17T19:37:27Z,2026-11-27,71,92000.0,C,0.011,0.012,0.0115,77226.19,76486.27,0.3586,0.15111,2e-05,79.53354,71.9,1.4
2026-09-17T19:37:27Z,2026-11-27,71,92000.0,P,0.2005,0.205,0.2029,77224.71,76486.27,0.3586,-0.84892,2e-05,79.52204,2.1,0.0
2026-09-17T19:37:27Z,2026-11-27,71,93000.0,C,0.01,0.011,0.0105,77226.19,76486.27,0.3624,0.1385,2e-05,74.99921,42.0,2.9
2026-09-17T19:37:27Z,2026-11-27,71,93000.0,P,0.212,0.217,0.2147,77224.71,76486.27,0.3624,-0.86153,2e-05,74.98796,2.0,0.0
2026-09-17T19:37:27Z,2026-11-27,71,94000.0,C,0.009,0.0095,0.0093,77226.19,76486.27,0.3639,0.12526,2e-05,69.97757,77.4,1.5
2026-09-17T19:37:27Z,2026-11-27,71,94000.0,P,0.224,0.229,0.2265,77226.19,76486.27,0.3639,-0.87474,2e-05,69.97757,0.0,0.0
2026-09-17T19:37:27Z,2026-11-27,71,95000.0,C,0.008,0.0085,0.0084,77224.71,76486.27,0.3666,0.11411,2e-05,65.52195,52.7,0.0
2026-09-17T19:37:27Z,2026-11-27,71,95000.0,P,0.2355,0.241,0.2385,77224.55,76486.27,0.3666,-0.88589,2e-05,65.5208,0.0,0.0
2026-09-17T19:37:27Z,2026-11-27,71,96000.0,C,0.007,0.008,0.0075,77224.55,76486.27,0.3686,0.10342,1e-05,61.04535,139.4,2.1
2026-09-17T19:37:27Z,2026-11-27,71,96000.0,P,0.2475,0.253,0.2506,77224.55,76486.27,0.3686,-0.89658,1e-05,61.04535,0.0,0.0
2026-09-17T19:37:27Z,2026-11-27,71,98000.0,C,0.006,0.0065,0.0061,77224.71,76486.27,0.3746,0.08621,1e-05,53.38006,312.3,252.7
2026-09-17T19:37:27Z,2026-11-27,71,98000.0,P,0.272,0.2775,0.2751,77224.55,76486.27,0.3746,-0.91379,1e-05,53.37904,0.0,0.0
2026-09-17T19:37:27Z,2026-11-27,71,100000.0,C,0.0047,0.005,0.0051,77224.71,76486.27,0.38189999999999996,0.0727,1e-05,46.91872,220.7,2.3
2026-09-17T19:37:27Z,2026-11-27,71,100000.0,P,0.2965,0.3025,0.3,77224.55,76486.27,0.38189999999999996,-0.9273,1e-05,46.91778,0.0,0.0
2026-09-17T19:37:27Z,2026-11-27,71,102000.0,C,0.0039,0.0043,0.0041,77224.71,76486.27,0.38630000000000003,0.0601,1e-05,40.48438,97.8,0.2
2026-09-17T19:37:27Z,2026-11-27,71,102000.0,P,0.3215,0.328,0.3249,77224.71,76486.27,0.38630000000000003,-0.9399,1e-05,40.48438,0.0,0.0
2026-09-17T19:37:27Z,2026-11-27,71,104000.0,C,0.0032,0.0036,0.0034,77224.71,76486.27,0.3925,0.05059,1e-05,35.33581,11.3,0.3
2026-09-17T19:37:27Z,2026-11-27,71,104000.0,P,0.347,0.353,0.3502,77224.71,76486.27,0.3925,-0.94941,1e-05,35.33581,0.0,0.0
2026-09-17T19:37:27Z,2026-11-27,71,105000.0,C,0.0029,0.0034,0.0032,77224.71,76486.27,0.39640000000000003,0.04686,1e-05,33.23559,18.7,1.2
2026-09-17T19:37:27Z,2026-11-27,71,105000.0,P,0.3595,0.366,0.3628,77224.71,76486.27,0.39640000000000003,-0.95314,1e-05,33.23559,0.0,0.0
2026-09-17T19:37:27Z,2026-11-27,71,106000.0,C,0.0027,0.0031,0.0029,77224.55,76486.27,0.3993,0.043,1e-05,31.01777,15.4,0.2
2026-09-17T19:37:27Z,2026-11-27,71,106000.0,P,0.372,0.3785,0.3755,77224.55,76486.27,0.3993,-0.957,1e-05,31.01777,0.0,0.0
2026-09-17T19:37:27Z,2026-11-27,71,108000.0,C,0.0022,0.0026,0.0024,77224.71,76486.27,0.40549999999999997,0.0365,1e-05,27.14397,12.5,0.6
2026-09-17T19:37:27Z,2026-11-27,71,108000.0,P,0.3975,0.404,0.4009,77224.55,76486.27,0.40549999999999997,-0.9635,1e-05,27.14335,0.0,0.0
2026-09-17T19:37:27Z,2026-11-27,71,110000.0,C,0.0019,0.0023,0.0021,77224.71,76486.27,0.4138,0.03185,1e-05,24.26874,70.3,0.9
2026-09-17T19:37:27Z,2026-11-27,71,110000.0,P,0.423,0.43,0.4265,77224.71,76486.27,0.4138,-0.96815,1e-05,24.26874,0.0,0.0
2026-09-17T19:37:27Z,2026-11-27,71,115000.0,C,0.0013,0.0018,0.0015,77224.71,76486.27,0.43320000000000003,0.02295,0.0,18.45872,31.7,1.5
2026-09-17T19:37:27Z,2026-11-27,71,115000.0,P,0.4865,0.494,0.4907,77224.71,76486.27,0.43320000000000003,-0.97705,0.0,18.45872,0.2,0.0
2026-09-17T19:37:27Z,2026-11-27,71,120000.0,C,0.0009,0.0012,0.0011,77224.71,76486.27,0.4485,0.0163,0.0,13.801,98.6,12.7
2026-09-17T19:37:27Z,2026-11-27,71,120000.0,P,0.551,0.559,0.555,77224.71,76486.27,0.4485,-0.9837,0.0,13.801,0.5,0.0
2026-09-17T19:37:27Z,2026-12-25,99,20000.0,C,0.7415,0.743,0.7425,77541.12,76486.27,1.0073,0.99782,0.0,2.76056,4.9,0.0
2026-09-17T19:37:27Z,2026-12-25,99,20000.0,P,0.0003,0.0005,0.0004,77540.99,76486.27,1.0073,-0.00218,0.0,2.76058,890.4,60.9
2026-09-17T19:37:27Z,2026-12-25,99,30000.0,C,0.613,0.6145,0.6141,77541.12,76486.27,0.8012999999999999,0.9936,0.0,7.25298,300.7,0.0
2026-09-17T19:37:27Z,2026-12-25,99,30000.0,P,0.0009,0.0011,0.001,77540.99,76486.27,0.8012999999999999,-0.0064,0.0,7.25304,2147.0,32.2
2026-09-17T19:37:27Z,2026-12-25,99,35000.0,C,0.549,0.5505,0.55,77541.12,76486.27,0.7145999999999999,0.99005,0.0,10.69125,87.8,0.0
2026-09-17T19:37:27Z,2026-12-25,99,35000.0,P,0.0013,0.0016,0.0014,77541.12,76486.27,0.7145999999999999,-0.00995,0.0,10.69125,2438.6,1.4
2026-09-17T19:37:27Z,2026-12-25,99,40000.0,C,0.4845,0.4875,0.4862,77541.12,76486.27,0.6402,0.98448,0.0,15.70766,250.9,0.0
2026-09-17T19:37:27Z,2026-12-25,99,40000.0,P,0.0019,0.0022,0.0021,77541.12,76486.27,0.6402,-0.01552,0.0,15.70766,4560.3,34.4
2026-09-17T19:37:27Z,2026-12-25,99,45000.0,C,0.421,0.424,0.4226,77541.12,76486.27,0.5715,0.97621,0.0,22.58061,54.3,0.0
2026-09-17T19:37:27Z,2026-12-25,99,45000.0,P,0.0029,0.0031,0.0029,77539.69,76486.27,0.5715,-0.02379,0.0,22.58472,2844.5,7.3
2026-09-17T19:37:27Z,2026-12-25,99,50000.0,C,0.358,0.361,0.3597,77539.69,76486.27,0.5147999999999999,0.962,0.0,33.29189,260.7,0.0
2026-09-17T19:37:27Z,2026-12-25,99,50000.0,P,0.0043,0.0046,0.0045,77539.69,76486.27,0.5147999999999999,-0.038,0.0,33.29189,2167.7,5.5
2026-09-17T19:37:27Z,2026-12-25,99,52000.0,C,0.333,0.336,0.3348,77539.69,76486.27,0.49579999999999996,0.95352,0.0,39.19031,0.1,0.0
2026-09-17T19:37:27Z,2026-12-25,99,52000.0,P,0.005,0.0055,0.0055,77539.69,76486.27,0.49579999999999996,-0.04648,0.0,39.19031,453.9,0.7
2026-09-17T19:37:27Z,2026-12-25,99,54000.0,C,0.308,0.3115,0.3101,77539.69,76486.27,0.47509999999999997,0.944,1e-05,45.45722,33.1,0.0
2026-09-17T19:37:27Z,2026-12-25,99,54000.0,P,0.006,0.0065,0.0065,77541.03,76486.27,0.47509999999999997,-0.056,1e-05,45.45295,1868.5,9.2
2026-09-17T19:37:27Z,2026-12-25,99,55000.0,C,0.296,0.299,0.2977,77539.69,76486.27,0.4637,0.93898,1e-05,48.62285,44.9,0.0
2026-09-17T19:37:27Z,2026-12-25,99,55000.0,P,0.0065,0.007,0.007,77539.69,76486.27,0.4637,-0.06102,1e-05,48.62285,3261.1,0.1
2026-09-17T19:37:27Z,2026-12-25,99,56000.0,C,0.284,0.287,0.2856,77539.69,76486.27,0.4557,0.93229,1e-05,52.7216,41.5,0.0
2026-09-17T19:37:27Z,2026-12-25,99,56000.0,P,0.0075,0.008,0.0078,77539.69,76486.27,0.4557,-0.06771,1e-05,52.7216,520.4,13.7
2026-09-17T19:37:27Z,2026-12-25,99,58000.0,C,0.26,0.263,0.2615,77539.69,76486.27,0.4395,0.91707,1e-05,61.53252,40.3,0.0
2026-09-17T19:37:27Z,2026-12-25,99,58000.0,P,0.009,0.01,0.0095,77539.69,76486.27,0.4395,-0.08293,1e-05,61.53252,1835.3,1.0
2026-09-17T19:37:27Z,2026-12-25,99,60000.0,C,0.236,0.2395,0.2377,77539.69,76486.27,0.4225,0.89937,1e-05,71.02213,786.8,0.0
2026-09-17T19:37:27Z,2026-12-25,99,60000.0,P,0.011,0.012,0.0115,77539.69,76486.27,0.4225,-0.10063,1e-05,71.02213,6248.6,8.7
2026-09-17T19:37:27Z,2026-12-25,99,62000.0,C,0.213,0.2165,0.2149,77539.69,76486.27,0.4115,0.87557,1e-05,82.65877,247.1,0.0
2026-09-17T19:37:27Z,2026-12-25,99,62000.0,P,0.014,0.015,0.0145,77539.69,76486.27,0.4115,-0.12443,1e-05,82.65877,1569.1,16.6
2026-09-17T19:37:27Z,2026-12-25,99,64000.0,C,0.191,0.1945,0.1927,77539.69,76486.27,0.3994,0.84816,1e-05,94.68982,404.9,0.0
2026-09-17T19:37:27Z,2026-12-25,99,64000.0,P,0.0175,0.0185,0.018,77539.69,76486.27,0.3994,-0.15184,1e-05,94.68982,392.8,2.4
2026-09-17T19:37:27Z,2026-12-25,99,65000.0,C,0.18,0.1835,0.1819,77539.69,76486.27,0.3943,0.83238,2e-05,101.02188,920.1,0.0
2026-09-17T19:37:27Z,2026-12-25,99,65000.0,P,0.0195,0.0205,0.0201,77539.37,76486.27,0.3943,-0.16763,2e-05,101.0231,809.7,1.3
2026-09-17T19:37:27Z,2026-12-25,99,66000.0,C,0.1695,0.1735,0.1714,77536.22,76486.27,0.3898,0.81507,2e-05,107.49857,279.7,0.0
2026-09-17T19:37:27Z,2026-12-25,99,66000.0,P,0.022,0.023,0.0226,77536.22,76486.27,0.3898,-0.18493,2e-05,107.49857,426.2,15.8
2026-09-17T19:37:27Z,2026-12-25,99,68000.0,C,0.1505,0.1525,0.1514,77536.22,76486.27,0.38299999999999995,0.77608,2e-05,120.48206,1031.4,0.0
2026-09-17T19:37:27Z,2026-12-25,99,68000.0,P,0.028,0.029,0.0284,77536.22,76486.27,0.38299999999999995,-0.22392,2e-05,120.48206,603.1,1.3
2026-09-17T19:37:27Z,2026-12-25,99,70000.0,C,0.1315,0.1335,0.1327,77536.22,76486.27,0.3768,0.73244,2e-05,132.58426,1923.8,0.3
2026-09-17T19:37:27Z,2026-12-25,99,70000.0,P,0.035,0.036,0.0354,77536.22,76486.27,0.3768,-0.26756,2e-05,132.58426,1516.7,33.2
2026-09-17T19:37:27Z,2026-12-25,99,72000.0,C,0.1145,0.1165,0.1153,77536.22,76486.27,0.3718,0.68443,2e-05,143.20702,1238.2,3.0
2026-09-17T19:37:27Z,2026-12-25,99,72000.0,P,0.0435,0.0445,0.0438,77539.37,76486.27,0.3718,-0.3155,2e-05,143.19837,866.4,8.7
2026-09-17T19:37:27Z,2026-12-25,99,74000.0,C,0.0985,0.1005,0.0994,77539.37,76486.27,0.368,0.63307,3e-05,151.68319,139.0,0.0
2026-09-17T19:37:27Z,2026-12-25,99,74000.0,P,0.0535,0.0545,0.0538,77539.37,76486.27,0.368,-0.36693,3e-05,151.68319,164.8,3.5
2026-09-17T19:37:27Z,2026-12-25,99,75000.0,C,0.091,0.093,0.0921,77539.37,76486.27,0.3665,0.60645,3e-05,154.95238,1898.5,0.0
2026-09-17T19:37:27Z,2026-12-25,99,75000.0,P,0.059,0.06,0.0594,77536.22,76486.27,0.3665,-0.39363,3e-05,154.95501,1304.4,0.0
2026-09-17T19:37:27Z,2026-12-25,99,76000.0,C,0.0845,0.086,0.0852,77536.22,76486.27,0.3651,0.57939,3e-05,157.50863,481.5,6.2
2026-09-17T19:37:27Z,2026-12-25,99,76000.0,P,0.0645,0.066,0.0653,77536.22,76486.27,0.3651,-0.42061,3e-05,157.50863,432.0,0.0
2026-09-17T19:37:27Z,2026-12-25,99,78000.0,C,0.072,0.073,0.0724,77536.22,76486.27,0.36310000000000003,0.52501,3e-05,160.38576,1077.8,46.7
2026-09-17T19:37:27Z,2026-12-25,99,78000.0,P,0.0775,0.079,0.0784,77539.37,76486.27,0.36310000000000003,-0.47491,3e-05,160.3901,1412.8,71.4
2026-09-17T19:37:27Z,2026-12-25,99,80000.0,C,0.0605,0.062,0.0612,77536.22,76486.27,0.3618,0.47113,3e-05,160.28047,9011.1,68.7
2026-09-17T19:37:27Z,2026-12-25,99,80000.0,P,0.0925,0.0935,0.093,77536.22,76486.27,0.3618,-0.52887,3e-05,160.28047,1251.1,24.5
2026-09-17T19:37:27Z,2026-12-25,99,82000.0,C,0.051,0.052,0.0514,77539.37,76486.27,0.3607,0.41887,3e-05,157.37376,1306.2,12.3
2026-09-17T19:37:27Z,2026-12-25,99,82000.0,P,0.108,0.1095,0.1089,77539.37,76486.27,0.3607,-0.58113,3e-05,157.37376,258.2,0.0
2026-09-17T19:37:27Z,2026-12-25,99,84000.0,C,0.0425,0.0435,0.043,77535.7,76486.27,0.3603,0.36912,3e-05,151.97292,1440.8,1.8
2026-09-17T19:37:27Z,2026-12-25,99,84000.0,P,0.125,0.1275,0.1263,77535.7,76486.27,0.3603,-0.63088,3e-05,151.97292,83.8,0.0
2026-09-17T19:37:27Z,2026-12-25,99,85000.0,C,0.0385,0.0395,0.0393,77536.04,76486.27,0.36060000000000003,0.34571,3e-05,148.52716,3043.7,6.3
2026-09-17T19:37:27Z,2026-12-25,99,85000.0,P,0.134,0.137,0.1355,77535.7,76486.27,0.36060000000000003,-0.6543,3e-05,148.52513,580.7,0.1
2026-09-17T19:37:27Z,2026-12-25,99,86000.0,C,0.0355,0.0365,0.0359,77535.7,76486.27,0.36090000000000005,0.32316,2e-05,144.64074,317.1,0.0
2026-09-17T19:37:27Z,2026-12-25,99,86000.0,P,0.1435,0.1465,0.145,77535.7,76486.27,0.36090000000000005,-0.67684,2e-05,144.64074,66.3,0.0
2026-09-17T19:37:27Z,2026-12-25,99,88000.0,C,0.0295,0.0305,0.0299,77535.7,76486.27,0.3619,0.28118,2e-05,135.87321,3742.7,26.6
2026-09-17T19:37:27Z,2026-12-25,99,88000.0,P,0.1635,0.1665,0.1648,77535.7,76486.27,0.3619,-0.71882,2e-05,135.87321,7.5,0.0
2026-09-17T19:37:27Z,2026-12-25,99,90000.0,C,0.0245,0.0255,0.0249,77535.7,76486.27,0.364,0.24393,2e-05,126.33315,3824.5,3.0
2026-09-17T19:37:27Z,2026-12-25,99,90000.0,P,0.1835,0.1875,0.1857,77536.04,76486.27,0.364,-0.75606,2e-05,126.33574,656.2,0.1
2026-09-17T19:37:27Z,2026-12-25,99,92000.0,C,0.02,0.021,0.0207,77535.7,76486.27,0.36579999999999996,0.21042,2e-05,116.22776,415.4,5.0
2026-09-17T19:37:27Z,2026-12-25,99,92000.0,P,0.205,0.2095,0.2073,77535.7,76486.27,0.36579999999999996,-0.78958,2e-05,116.22776,6.6,0.0
2026-09-17T19:37:27Z,2026-12-25,99,94000.0,C,0.017,0.0175,0.0174,77535.7,76486.27,0.3691,0.1819,2e-05,106.39506,412.3,2.0
2026-09-17T19:37:27Z,2026-12-25,99,94000.0,P,0.227,0.232,0.2297,77535.7,76486.27,0.3691,-0.8181,2e-05,106.39506,5.3,0.0
2026-09-17T19:37:27Z,2026-12-25,99,95000.0,C,0.0155,0.0165,0.016,77535.7,76486.27,0.37079999999999996,0.16902,2e-05,101.55512,1501.3,5.0
2026-09-17T19:37:27Z,2026-12-25,99,95000.0,P,0.2385,0.2435,0.2412,77535.7,76486.27,0.37079999999999996,-0.83098,2e-05,101.55512,112.8,0.0
2026-09-17T19:37:27Z,2026-12-25,99,96000.0,C,0.014,0.015,0.0145,77535.7,76486.27,0.3713,0.15599,2e-05,96.39209,1522.6,15.6
2026-09-17T19:37:27Z,2026-12-25,99,96000.0,P,0.25,0.255,0.2526,77536.04,76486.27,0.3713,-0.844,2e-05,96.39472,23.9,0.0
2026-09-17T19:37:27Z,2026-12-25,99,98000.0,C,0.012,0.0125,0.0122,77536.04,76486.27,0.375,0.13463,1e-05,87.29636,335.0,7.8
2026-09-17T19:37:27Z,2026-12-25,99,98000.0,P,0.2735,0.279,0.2761,77535.7,76486.27,0.375,-0.86537,1e-05,87.29381,1.2,0.0
2026-09-17T19:37:27Z,2026-12-25,99,100000.0,C,0.01,0.011,0.0105,77535.7,76486.27,0.3803,0.11723,1e-05,79.26292,5974.8,62.4
2026-09-17T19:37:27Z,2026-12-25,99,100000.0,P,0.297,0.303,0.3002,77536.16,76486.27,0.3803,-0.88276,1e-05,79.26622,303.2,0.0
2026-09-17T19:37:27Z,2026-12-25,99,102000.0,C,0.0085,0.009,0.0088,77536.16,76486.27,0.38409999999999994,0.10125,1e-05,71.3354,432.6,42.6
2026-09-17T19:37:27Z,2026-12-25,99,102000.0,P,0.3215,0.327,0.3244,77536.16,76486.27,0.38409999999999994,-0.89875,1e-05,71.3354,7.8,0.0
2026-09-17T19:37:27Z,2026-12-25,99,104000.0,C,0.007,0.008,0.0075,77536.16,76486.27,0.3875,0.08722,1e-05,63.90337,99.5,1.0
2026-09-17T19:37:27Z,2026-12-25,99,104000.0,P,0.3455,0.352,0.3488,77536.16,76486.27,0.3875,-0.91278,1e-05,63.90337,0.3,0.0
2026-09-17T19:37:27Z,2026-12-25,99,105000.0,C,0.0065,0.0075,0.007,77536.16,76486.27,0.39049999999999996,0.08176,1e-05,60.87516,920.5,1.0
2026-09-17T19:37:27Z,2026-12-25,99,105000.0,P,0.358,0.364,0.3612,77536.16,76486.27,0.39049999999999996,-0.91824,1e-05,60.87516,109.5,0.0
2026-09-17T19:37:27Z,2026-12-25,99,106000.0,C,0.006,0.007,0.0065,77535.7,76486.27,0.39289999999999997,0.07636,1e-05,57.80835,710.9,1.1
2026-09-17T19:37:27Z,2026-12-25,99,106000.0,P,0.3705,0.3765,0.3736,77535.7,76486.27,0.39289999999999997,-0.92364,1e-05,57.80835,0.2,0.0
2026-09-17T19:37:27Z,2026-12-25,99,108000.0,C,0.005,0.006,0.0055,77536.16,76486.27,0.39590000000000003,0.06575,1e-05,51.52919,166.8,1.1
2026-09-17T19:37:27Z,2026-12-25,99,108000.0,P,0.395,0.4015,0.3984,77535.7,76486.27,0.39590000000000003,-0.93426,1e-05,51.52664,0.1,0.0
2026-09-17T19:37:27Z,2026-12-25,99,110000.0,C,0.0046,0.0055,0.005,77536.16,76486.27,0.4056,0.06002,1e-05,47.99903,2761.5,5.2
2026-09-17T19:37:27Z,2026-12-25,99,110000.0,P,0.42,0.427,0.4237,77535.7,76486.27,0.4056,-0.93998,1e-05,47.99664,55.6,0.0
2026-09-17T19:37:27Z,2026-12-25,99,115000.0,C,0.0034,0.0038,0.0036,77536.16,76486.27,0.4174,0.04369,1e-05,37.28217,2328.1,2.0
2026-09-17T19:37:27Z,2026-12-25,99,115000.0,P,0.483,0.4905,0.4868,77536.16,76486.27,0.4174,-0.95631,1e-05,37.28217,5.0,0.0
2026-09-17T19:37:27Z,2026-12-25,99,120000.0,C,0.0027,0.003,0.0028,77536.16,76486.27,0.43420000000000003,0.03411,0.0,30.47339,5782.0,23.2
2026-09-17T19:37:27Z,2026-12-25,99,120000.0,P,0.5465,0.5545,0.5505,77536.16,76486.27,0.43420000000000003,-0.96589,0.0,30.47339,35.7,0.0
2026-09-17T19:37:27Z,2026-12-25,99,125000.0,C,0.0021,0.0024,0.0022,77536.16,76486.27,0.4489,0.02674,0.0,24.90763,502.8,1.5
2026-09-17T19:37:27Z,2026-12-25,99,125000.0,P,0.61,0.6185,0.6144,77536.16,76486.27,0.4489,-0.97326,0.0,24.90763,9.1,0.0
2026-09-17T19:37:27Z,2026-12-25,99,130000.0,C,0.0016,0.002,0.0018,77536.16,76486.27,0.4644,0.02163,0.0,20.83868,1560.7,1.5
2026-09-17T19:37:27Z,2026-12-25,99,130000.0,P,0.674,0.683,0.6784,77536.16,76486.27,0.4644,-0.97837,0.0,20.83868,54.0,0.0
2026-09-17T19:37:27Z,2026-12-25,99,135000.0,C,0.0013,0.0016,0.0015,77536.16,76486.27,0.47950000000000004,0.01781,0.0,17.67135,1393.7,5.0
2026-09-17T19:37:27Z,2026-12-25,99,135000.0,P,0.7375,0.7475,0.7426,77537.77,76486.27,0.47950000000000004,-0.98219,0.0,17.67486,0.7,0.0
2026-09-17T19:37:27Z,2026-12-25,99,140000.0,C,0.0011,0.0014,0.0012,77536.23,76486.27,0.4938,0.01481,0.0,15.08906,1431.8,0.6
2026-09-17T19:37:27Z,2026-12-25,99,140000.0,P,0.8015,0.812,0.8069,77537.77,76486.27,0.4938,-0.98519,0.0,15.0919,0.3,0.0
2026-09-17T19:37:27Z,2026-12-25,99,150000.0,C,0.0007,0.0011,0.0009,77537.77,76486.27,0.5196000000000001,0.01046,0.0,11.16582,1702.3,1.1
2026-09-17T19:37:27Z,2026-12-25,99,150000.0,P,0.9295,0.9415,0.9355,77536.23,76486.27,0.5196000000000001,-0.98954,0.0,11.1637,4.4,0.0
2026-09-17T19:37:27Z,2026-12-25,99,160000.0,C,0.0005,0.001,0.0007,77537.77,76486.27,0.5488000000000001,0.00824,0.0,9.06398,1291.8,0.3
2026-09-17T19:37:27Z,2026-12-25,99,160000.0,P,1.058,1.0705,1.0643,77537.77,76486.27,0.5488000000000001,-0.99176,0.0,9.06398,0.1,0.0
2026-09-17T19:37:27Z,2026-12-25,99,170000.0,C,0.0005,0.0008,0.0006,77536.23,76486.27,0.58,0.00705,0.0,7.897,2394.8,1.0
2026-09-17T19:37:27Z,2026-12-25,99,170000.0,P,1.186,1.2,1.1932,77537.77,76486.27,0.58,-0.99295,0.0,7.89843,0.1,0.0
2026-09-17T19:37:27Z,2026-12-25,99,180000.0,C,0.0003,0.0007,0.0005,77537.77,76486.27,0.5965,0.0052,0.0,6.02745,934.3,2.0
2026-09-17T19:37:27Z,2026-12-25,99,180000.0,P,1.3135,1.3295,1.322,77537.77,76486.27,0.5965,-0.9948,0.0,6.02745,0.1,0.0
2026-09-17T19:37:27Z,2026-12-25,99,190000.0,C,0.0003,0.0006,0.0004,77537.77,76486.27,0.6144,0.00405,0.0,4.8208,1027.1,0.2
2026-09-17T19:37:27Z,2026-12-25,99,190000.0,P,1.442,1.4595,1.4508,77537.77,76486.27,0.6144,-0.99595,0.0,4.8208,0.0,0.0
2026-09-17T19:37:27Z,2026-12-25,99,200000.0,C,0.0002,0.0005,0.0003,77536.23,76486.27,0.6329,0.00329,0.0,4.00328,968.8,0.1
2026-09-17T19:37:27Z,2026-12-25,99,200000.0,P,1.568,1.589,1.5797,77537.77,76486.27,0.6329,-0.99671,0.0,4.00402,0.0,0.0
2026-09-17T19:37:27Z,2026-12-25,99,210000.0,C,0.0001,0.0005,0.0002,77537.77,76486.27,0.6478,0.00262,0.0,3.25788,162.8,0.5
2026-09-17T19:37:27Z,2026-12-25,99,210000.0,P,1.697,1.719,1.7087,77537.77,76486.27,0.6478,-0.99738,0.0,3.25788,0.0,0.0
2026-09-17T19:37:27Z,2026-12-25,99,220000.0,C,0.0001,0.0004,0.0002,77536.23,76486.27,0.6664,0.00226,0.0,2.85346,256.1,0.5
2026-09-17T19:37:27Z,2026-12-25,99,220000.0,P,1.826,1.8485,1.8376,77537.77,76486.27,0.6664,-0.99774,0.0,2.85398,0.0,0.0
2026-09-17T19:37:27Z,2026-12-25,99,230000.0,C,0.0001,0.0004,0.0002,77537.77,76486.27,0.691,0.00219,0.0,2.77473,190.6,0.5
2026-09-17T19:37:27Z,2026-12-25,99,230000.0,P,1.954,1.9785,1.9666,77537.77,76486.27,0.691,-0.99781,0.0,2.77473,0.0,0.0
2026-09-17T19:37:27Z,2026-12-25,99,240000.0,C,0.0001,0.0004,0.0002,77537.43,76486.27,0.7145,0.00213,0.0,2.70385,785.7,0.5
2026-09-17T19:37:27Z,2026-12-25,99,240000.0,P,2.082,2.108,2.0955,77537.43,76486.27,0.7145,-0.99787,0.0,2.70385,0.0,0.0
2026-09-17T19:37:27Z,2026-12-25,99,250000.0,C,0.0001,0.0002,0.0002,77537.43,76486.27,0.7322,0.00194,0.0,2.48647,1281.8,0.5
2026-09-17T19:37:27Z,2026-12-25,99,250000.0,P,2.21,2.2375,2.2244,77537.43,76486.27,0.7322,-0.99806,0.0,2.48647,10.0,0.0
2026-09-17T19:37:27Z,2027-03-26,190,35000.0,C,0.5565,0.5585,0.5574,78506.85,76486.27,0.594,0.9822,0.0,24.80586,21.8,0.0
2026-09-17T19:37:27Z,2027-03-26,190,35000.0,P,0.003,0.0035,0.0032,78506.42,76486.27,0.594,-0.0178,0.0,24.8064,624.0,0.7
2026-09-17T19:37:27Z,2027-03-26,190,40000.0,C,0.494,0.4965,0.4954,78506.42,76486.27,0.5465,0.97189,0.0,36.46872,82.1,0.0
2026-09-17T19:37:27Z,2027-03-26,190,40000.0,P,0.0047,0.005,0.0049,78506.42,76486.27,0.5465,-0.02811,0.0,36.46872,1911.1,7.6
2026-09-17T19:37:27Z,2027-03-26,190,45000.0,C,0.4315,0.438,0.4343,78506.42,76486.27,0.5056,0.95633,0.0,52.33862,3.3,0.0
2026-09-17T19:37:27Z,2027-03-26,190,45000.0,P,0.007,0.008,0.0075,78506.42,76486.27,0.5056,-0.04367,0.0,52.33862,260.0,0.0
2026-09-17T19:37:27Z,2027-03-26,190,50000.0,C,0.3715,0.379,0.3746,78506.42,76486.27,0.4715,0.93292,0.0,73.49974,21.6,0.0
2026-09-17T19:37:27Z,2027-03-26,190,50000.0,P,0.011,0.012,0.0115,78506.42,76486.27,0.4715,-0.06708,0.0,73.49974,2447.9,4.8
2026-09-17T19:37:27Z,2027-03-26,190,52000.0,C,0.348,0.356,0.3511,78506.42,76486.27,0.45799999999999996,0.9212,1e-05,83.14272,5.3,0.0
2026-09-17T19:37:27Z,2027-03-26,190,52000.0,P,0.013,0.014,0.0135,78506.42,76486.27,0.45799999999999996,-0.0788,1e-05,83.14272,126.7,1.2
2026-09-17T19:37:27Z,2027-03-26,190,54000.0,C,0.3245,0.333,0.3282,78506.85,76486.27,0.44670000000000004,0.90717,1e-05,93.99827,0.1,0.0
2026-09-17T19:37:27Z,2027-03-26,190,54000.0,P,0.0155,0.0165,0.016,78506.42,76486.27,0.44670000000000004,-0.09284,1e-05,93.99987,91.9,0.0
2026-09-17T19:37:27Z,2027-03-26,190,55000.0,C,0.3135,0.322,0.3169,78506.42,76486.27,0.44189999999999996,0.89914,1e-05,99.89911,29.6,0.0
2026-09-17T19:37:27Z,2027-03-26,190,55000.0,P,0.017,0.018,0.0175,78506.42,76486.27,0.44189999999999996,-0.10086,1e-05,99.89911,1258.2,0.0
2026-09-17T19:37:27Z,2027-03-26,190,56000.0,C,0.302,0.3105,0.3057,78506.42,76486.27,0.4365,0.8909,1e-05,105.74332,16.9,0.0
2026-09-17T19:37:27Z,2027-03-26,190,56000.0,P,0.0185,0.0195,0.019,78506.42,76486.27,0.4365,-0.1091,1e-05,105.74332,123.0,0.0
2026-09-17T19:37:27Z,2027-03-26,190,58000.0,C,0.2805,0.2885,0.2837,78506.42,76486.27,0.4269,0.87243,1e-05,118.11494,4.3,0.0
2026-09-17T19:37:27Z,2027-03-26,190,58000.0,P,0.022,0.023,0.0225,78506.42,76486.27,0.4269,-0.12757,1e-05,118.11494,142.1,10.0
2026-09-17T19:37:27Z,2027-03-26,190,60000.0,C,0.259,0.2675,0.2624,78506.42,76486.27,0.4182,0.85149,1e-05,131.01945,646.9,0.0
2026-09-17T19:37:27Z,2027-03-26,190,60000.0,P,0.026,0.0275,0.0267,78506.42,76486.27,0.4182,-0.14851,1e-05,131.01945,814.3,0.0
2026-09-17T19:37:27Z,2027-03-26,190,62000.0,C,0.2385,0.2465,0.2418,78506.42,76486.27,0.41090000000000004,0.82773,1e-05,144.3704,52.3,0.0
2026-09-17T19:37:27Z,2027-03-26,190,62000.0,P,0.031,0.032,0.0316,78506.42,76486.27,0.41090000000000004,-0.17227,1e-05,144.3704,258.3,0.0
2026-09-17T19:37:27Z,2027-03-26,190,64000.0,C,0.2185,0.227,0.2221,78506.42,76486.27,0.4047,0.80134,1e-05,157.73093,137.8,0.0
2026-09-17T19:37:27Z,2027-03-26,190,64000.0,P,0.0365,0.038,0.0374,78506.42,76486.27,0.4047,-0.19866,1e-05,157.73093,128.4,0.0
2026-09-17T19:37:27Z,2027-03-26,190,65000.0,C,0.2115,0.214,0.2127,78506.42,76486.27,0.40240000000000004,0.78701,1e-05,164.3883,366.7,1.5
2026-09-17T19:37:27Z,2027-03-26,190,65000.0,P,0.04,0.0415,0.0407,78506.42,76486.27,0.40240000000000004,-0.21299,1e-05,164.3883,885.7,0.0
2026-09-17T19:37:27Z,2027-03-26,190,66000.0,C,0.2025,0.2045,0.2036,78506.42,76486.27,0.4006,0.77202,1e-05,170.92435,23.7,0.0
2026-09-17T19:37:27Z,2027-03-26,190,66000.0,P,0.0435,0.045,0.0443,78506.42,76486.27,0.4006,-0.22798,1e-05,170.92435,120.9,0.0
2026-09-17T19:37:27Z,2027-03-26,190,68000.0,C,0.1845,0.187,0.1858,78506.42,76486.27,0.39590000000000003,0.74096,1e-05,183.14201,196.5,0.0
2026-09-17T19:37:27Z,2027-03-26,190,68000.0,P,0.051,0.053,0.0519,78506.42,76486.27,0.39590000000000003,-0.25904,1e-05,183.14201,294.8,0.0
2026-09-17T19:37:27Z,2027-03-26,190,70000.0,C,0.1675,0.17,0.1689,78506.42,76486.27,0.3917,0.70796,2e-05,194.27393,799.8,0.0
2026-09-17T19:37:27Z,2027-03-26,190,70000.0,P,0.0595,0.0615,0.0606,78506.42,76486.27,0.3917,-0.29204,2e-05,194.27393,706.9,25.5
2026-09-17T19:37:27Z,2027-03-26,190,72000.0,C,0.152,0.154,0.1531,78506.42,76486.27,0.3883,0.67332,2e-05,204.02916,95.2,0.0
2026-09-17T19:37:27Z,2027-03-26,190,72000.0,P,0.0695,0.071,0.0702,78506.42,76486.27,0.3883,-0.32668,2e-05,204.02916,162.2,0.0
2026-09-17T19:37:27Z,2027-03-26,190,74000.0,C,0.137,0.139,0.1383,78506.42,76486.27,0.38530000000000003,0.63748,2e-05,212.14141,66.8,0.0
2026-09-17T19:37:27Z,2027-03-26,190,74000.0,P,0.08,0.082,0.081,78506.42,76486.27,0.38530000000000003,-0.36252,2e-05,212.14141,196.1,0.1
2026-09-17T19:37:27Z,2027-03-26,190,76000.0,C,0.1235,0.1255,0.1246,78506.42,76486.27,0.38270000000000004,0.60085,2e-05,218.42903,546.2,10.0
2026-09-17T19:37:27Z,2027-03-26,190,76000.0,P,0.092,0.0935,0.0927,78506.42,76486.27,0.38270000000000004,-0.39915,2e-05,218.42903,362.9,23.3
2026-09-17T19:37:27Z,2027-03-26,190,78000.0,C,0.111,0.113,0.112,78506.42,76486.27,0.3809,0.56388,2e-05,222.77969,634.4,9.2
2026-09-17T19:37:27Z,2027-03-26,190,78000.0,P,0.1045,0.1065,0.1056,78506.42,76486.27,0.3809,-0.43612,2e-05,222.77969,322.5,10.2
2026-09-17T19:37:27Z,2027-03-26,190,80000.0,C,0.0995,0.1015,0.1005,78506.42,76486.27,0.37929999999999997,0.52699,2e-05,225.16219,1100.1,0.0
2026-09-17T19:37:27Z,2027-03-26,190,80000.0,P,0.1185,0.1205,0.1195,78506.42,76486.27,0.37929999999999997,-0.47301,2e-05,225.16219,214.5,0.0
2026-09-17T19:37:27Z,2027-03-26,190,82000.0,C,0.089,0.091,0.09,78506.42,76486.27,0.3784,0.49069,2e-05,225.61747,1293.7,19.7
2026-09-17T19:37:27Z,2027-03-26,190,82000.0,P,0.1335,0.1355,0.1345,78506.42,76486.27,0.3784,-0.50931,2e-05,225.61747,6.9,0.0
2026-09-17T19:37:27Z,2027-03-26,190,84000.0,C,0.0795,0.0815,0.0805,78506.42,76486.27,0.37799999999999995,0.45534,2e-05,224.26327,264.2,0.0
2026-09-17T19:37:27Z,2027-03-26,190,84000.0,P,0.1495,0.152,0.1505,78506.42,76486.27,0.37799999999999995,-0.54466,2e-05,224.26327,55.2,0.0
2026-09-17T19:37:27Z,2027-03-26,190,85000.0,C,0.075,0.077,0.0761,78506.42,76486.27,0.3778,0.43808,2e-05,222.95463,412.7,66.0
2026-09-17T19:37:27Z,2027-03-26,190,85000.0,P,0.1575,0.16,0.1588,78506.42,76486.27,0.3778,-0.56192,2e-05,222.95463,3.9,0.0
2026-09-17T19:37:27Z,2027-03-26,190,86000.0,C,0.071,0.073,0.072,78506.42,76486.27,0.3778,0.42121,2e-05,221.26346,141.9,0.2
2026-09-17T19:37:27Z,2027-03-26,190,86000.0,P,0.166,0.1685,0.1674,78506.42,76486.27,0.3778,-0.57879,2e-05,221.26346,3.1,0.0
2026-09-17T19:37:27Z,2027-03-26,190,88000.0,C,0.0635,0.065,0.0643,78506.42,76486.27,0.37799999999999995,0.38864,2e-05,216.82878,78.0,0.0
2026-09-17T19:37:27Z,2027-03-26,190,88000.0,P,0.1835,0.188,0.1852,78506.85,76486.27,0.37799999999999995,-0.61135,2e-05,216.8312,4.7,0.0
2026-09-17T19:37:27Z,2027-03-26,190,90000.0,C,0.0565,0.058,0.0574,78506.42,76486.27,0.3784,0.35766,2e-05,211.15622,583.8,55.1
2026-09-17T19:37:27Z,2027-03-26,190,90000.0,P,0.202,0.2065,0.2038,78506.85,76486.27,0.3784,-0.64234,2e-05,211.15892,25.0,0.0
2026-09-17T19:37:27Z,2027-03-26,190,92000.0,C,0.0505,0.052,0.0512,78506.42,76486.27,0.3791,0.32849,2e-05,204.48623,276.3,0.1
2026-09-17T19:37:27Z,2027-03-26,190,92000.0,P,0.2215,0.226,0.2231,78506.42,76486.27,0.3791,-0.67151,2e-05,204.48623,1.4,0.0
2026-09-17T19:37:27Z,2027-03-26,190,94000.0,C,0.045,0.0465,0.0457,78506.42,76486.27,0.38,0.30121,2e-05,197.04416,182.5,0.6
2026-09-17T19:37:27Z,2027-03-26,190,94000.0,P,0.241,0.246,0.2431,78506.42,76486.27,0.38,-0.69879,2e-05,197.04416,9.7,0.0
2026-09-17T19:37:27Z,2027-03-26,190,95000.0,C,0.0425,0.044,0.0432,78506.42,76486.27,0.38060000000000005,0.28833,2e-05,193.11281,521.5,50.0
2026-09-17T19:37:27Z,2027-03-26,190,95000.0,P,0.2515,0.2565,0.2533,78506.85,76486.27,0.38060000000000005,-0.71167,2e-05,193.11602,0.4,0.0
2026-09-17T19:37:27Z,2027-03-26,190,96000.0,C,0.04,0.0415,0.0409,78506.42,76486.27,0.3812,0.27594,2e-05,189.07437,162.5,0.0
2026-09-17T19:37:27Z,2027-03-26,190,96000.0,P,0.262,0.267,0.2637,78506.42,76486.27,0.3812,-0.72405,2e-05,189.07508,1.6,0.0
2026-09-17T19:37:27Z,2027-03-26,190,98000.0,C,0.036,0.037,0.0366,78506.42,76486.27,0.3831,0.25288,1e-05,180.85606,133.8,0.0
2026-09-17T19:37:27Z,2027-03-26,190,98000.0,P,0.278,0.291,0.285,78506.42,76486.27,0.3831,-0.74712,1e-05,180.85668,0.2,0.0
2026-09-17T19:37:27Z,2027-03-26,190,100000.0,C,0.032,0.0335,0.0328,78506.42,76486.27,0.3847,0.23139,1e-05,172.35158,900.9,55.1
2026-09-17T19:37:27Z,2027-03-26,190,100000.0,P,0.299,0.3145,0.3066,78506.85,76486.27,0.3847,-0.7686,1e-05,172.35573,12.3,2.0
2026-09-17T19:37:27Z,2027-03-26,190,102000.0,C,0.029,0.03,0.0295,78506.42,76486.27,0.3868,0.21191,1e-05,163.90148,126.4,0.0
2026-09-17T19:37:27Z,2027-03-26,190,102000.0,P,0.3205,0.3345,0.3288,78506.42,76486.27,0.3868,-0.78809,1e-05,163.90155,0.1,0.0
2026-09-17T19:37:27Z,2027-03-26,190,104000.0,C,0.026,0.027,0.0265,78506.42,76486.27,0.3887,0.19377,1e-05,155.36455,115.0,0.0
2026-09-17T19:37:27Z,2027-03-26,190,104000.0,P,0.3425,0.358,0.3512,78506.42,76486.27,0.3887,-0.80624,1e-05,155.36433,0.1,0.0
2026-09-17T19:37:27Z,2027-03-26,190,105000.0,C,0.025,0.026,0.0253,78506.42,76486.27,0.3906,0.18606,1e-05,151.53866,236.2,100.0
2026-09-17T19:37:27Z,2027-03-26,190,105000.0,P,0.354,0.3695,0.3628,78506.42,76486.27,0.3906,-0.81394,1e-05,151.53835,0.5,0.0
2026-09-17T19:37:27Z,2027-03-26,190,106000.0,C,0.0235,0.0245,0.024,78506.42,76486.27,0.39149999999999996,0.17788,1e-05,147.33756,78.2,0.5
2026-09-17T19:37:27Z,2027-03-26,190,106000.0,P,0.3655,0.381,0.3742,78506.42,76486.27,0.39149999999999996,-0.82212,1e-05,147.33707,0.1,0.0
2026-09-17T19:37:27Z,2027-03-26,190,108000.0,C,0.0215,0.022,0.0215,78506.42,76486.27,0.3933,0.16263,1e-05,139.11168,68.6,0.0
2026-09-17T19:37:27Z,2027-03-26,190,108000.0,P,0.3885,0.404,0.3972,78506.42,76486.27,0.3933,-0.83737,1e-05,139.11144,0.1,0.0
2026-09-17T19:37:27Z,2027-03-26,190,110000.0,C,0.019,0.02,0.0195,78506.42,76486.27,0.3957,0.14907,1e-05,131.34933,1160.8,11.5
2026-09-17T19:37:27Z,2027-03-26,190,110000.0,P,0.412,0.4275,0.4206,78506.42,76486.27,0.3957,-0.85093,1e-05,131.34892,4.1,0.0
2026-09-17T19:37:27Z,2027-03-26,190,112000.0,C,0.017,0.0185,0.0177,78506.42,76486.27,0.3987,0.13719,1e-05,124.18551,77.3,0.0
2026-09-17T19:37:27Z,2027-03-26,190,112000.0,P,0.435,0.4515,0.4444,78506.42,76486.27,0.3987,-0.86281,1e-05,124.18551,0.1,0.0
2026-09-17T19:37:27Z,2027-03-26,190,115000.0,C,0.0145,0.016,0.0153,78506.42,76486.27,0.4023,0.12061,1e-05,113.56971,711.8,66.0
2026-09-17T19:37:27Z,2027-03-26,190,115000.0,P,0.4705,0.488,0.4801,78505.72,76486.27,0.4023,-0.87939,1e-05,113.56309,2.2,0.0
2026-09-17T19:37:27Z,2027-03-26,190,120000.0,C,0.0115,0.013,0.0122,78505.72,76486.27,0.40979999999999994,0.09864,1e-05,98.2913,778.2,0.5
2026-09-17T19:37:27Z,2027-03-26,190,120000.0,P,0.531,0.548,0.5408,78506.07,76486.27,0.40979999999999994,-0.90135,1e-05,98.29365,9.9,0.0
2026-09-17T19:37:27Z,2027-03-26,190,125000.0,C,0.0095,0.0105,0.0099,78505.72,76486.27,0.4177,0.08154,1e-05,85.31436,323.0,25.0
2026-09-17T19:37:27Z,2027-03-26,190,125000.0,P,0.592,0.61,0.6022,78505.72,76486.27,0.4177,-0.91846,1e-05,85.31436,0.1,0.0
2026-09-17T19:37:27Z,2027-03-26,190,130000.0,C,0.008,0.0085,0.0082,78505.72,76486.27,0.4257,0.06802,1e-05,74.29472,1160.0,0.0
2026-09-17T19:37:27Z,2027-03-26,190,130000.0,P,0.6545,0.6735,0.6641,78505.72,76486.27,0.4257,-0.93198,1e-05,74.29472,0.4,0.0
2026-09-17T19:37:27Z,2027-03-26,190,140000.0,C,0.0055,0.0065,0.006,78505.72,76486.27,0.4448,0.05004,0.0,58.37535,909.6,0.0
2026-09-17T19:37:27Z,2027-03-26,190,140000.0,P,0.7785,0.798,0.7893,78505.72,76486.27,0.4448,-0.94996,0.0,58.37535,10.9,0.0
2026-09-17T19:37:27Z,2027-03-26,190,150000.0,C,0.0042,0.0048,0.0045,78505.72,76486.27,0.4633,0.03814,0.0,46.89145,1912.8,2.1
2026-09-17T19:37:27Z,2027-03-26,190,150000.0,P,0.903,0.9245,0.9152,78506.07,76486.27,0.4633,-0.96186,0.0,46.89277,0.6,0.0
2026-09-17T19:37:27Z,2027-03-26,190,160000.0,C,0.0033,0.0038,0.0036,78505.72,76486.27,0.4816,0.03016,0.0,38.6616,1042.5,0.1
2026-09-17T19:37:27Z,2027-03-26,190,160000.0,P,1.0285,1.0545,1.0417,78506.07,76486.27,0.4816,-0.96984,0.0,38.66271,0.1,0.0
2026-09-17T19:37:27Z,2027-03-26,190,170000.0,C,0.0026,0.0034,0.003,78505.72,76486.27,0.49979999999999997,0.0247,0.0,32.73282,870.0,4.0
2026-09-17T19:37:27Z,2027-03-26,190,170000.0,P,1.1535,1.1825,1.1684,78505.72,76486.27,0.49979999999999997,-0.9753,0.0,32.73282,0.2,0.0
2026-09-17T19:37:27Z,2027-03-26,190,180000.0,C,0.0022,0.0029,0.0025,78505.72,76486.27,0.5175,0.02072,0.0,28.22729,659.3,103.6
2026-09-17T19:37:27Z,2027-03-26,190,180000.0,P,1.2795,1.31,1.2953,78505.72,76486.27,0.5175,-0.97928,0.0,28.22729,0.1,0.0
2026-09-17T19:37:27Z,2027-03-26,190,190000.0,C,0.0019,0.0025,0.0022,78505.72,76486.27,0.5341,0.01769,0.0,24.6759,645.9,5.0
2026-09-17T19:37:27Z,2027-03-26,190,190000.0,P,1.404,1.438,1.4224,78505.72,76486.27,0.5341,-0.98231,0.0,24.6759,0.9,0.0
2026-09-17T19:37:27Z,2027-03-26,190,200000.0,C,0.0017,0.0022,0.0019,78505.72,76486.27,0.5509000000000001,0.01549,0.0,22.02191,494.8,4.8
2026-09-17T19:37:27Z,2027-03-26,190,200000.0,P,1.5295,1.566,1.5495,78505.18,76486.27,0.5509000000000001,-0.98451,0.0,22.02098,1.0,0.0
2026-09-17T19:37:27Z,2027-06-25,281,30000.0,C,0.626,0.628,0.6268,79478.78,76486.27,0.6091,0.98176,0.0,31.18889,86.2,1.4
2026-09-17T19:37:27Z,2027-06-25,281,30000.0,P,0.004,0.0045,0.0043,79478.78,76486.27,0.6091,-0.01824,0.0,31.18889,342.4,1.5
2026-09-17T19:37:27Z,2027-06-25,281,40000.0,C,0.5045,0.507,0.506,79478.36,76486.27,0.5209,0.95834,0.0,62.05243,19.2,0.0
2026-09-17T19:37:27Z,2027-06-25,281,40000.0,P,0.0085,0.01,0.0092,79478.78,76486.27,0.5209,-0.04166,0.0,62.05152,1227.2,0.6
2026-09-17T19:37:27Z,2027-06-25,281,45000.0,C,0.4465,0.4485,0.4475,79478.36,76486.27,0.4892,0.9383,0.0,84.82885,0.5,0.0
2026-09-17T19:37:27Z,2027-06-25,281,45000.0,P,0.013,0.0145,0.0137,79478.36,76486.27,0.4892,-0.0617,0.0,84.82885,122.8,0.0
2026-09-17T19:37:27Z,2027-06-25,281,50000.0,C,0.3895,0.3925,0.3907,79478.36,76486.27,0.461,0.91131,1e-05,111.92144,18.3,0.0
2026-09-17T19:37:27Z,2027-06-25,281,50000.0,P,0.019,0.0205,0.0198,79478.36,76486.27,0.461,-0.08869,1e-05,111.92144,402.8,0.3
2026-09-17T19:37:27Z,2027-06-25,281,52000.0,C,0.3675,0.3705,0.369,79477.85,76486.27,0.4537,0.89716,1e-05,124.79963,1.1,0.0
2026-09-17T19:37:27Z,2027-06-25,281,52000.0,P,0.0225,0.024,0.0233,79477.85,76486.27,0.4537,-0.10284,1e-05,124.79963,54.0,0.2
2026-09-17T19:37:27Z,2027-06-25,281,54000.0,C,0.346,0.349,0.3473,79478.36,76486.27,0.44409999999999994,0.88248,1e-05,137.3349,0.9,0.0
2026-09-17T19:37:27Z,2027-06-25,281,54000.0,P,0.026,0.0275,0.0268,79477.85,76486.27,0.44409999999999994,-0.11752,1e-05,137.33671,50.1,0.1
2026-09-17T19:37:27Z,2027-06-25,281,55000.0,C,0.3355,0.3385,0.3368,79478.36,76486.27,0.4399,0.8744,1e-05,143.90739,2.9,0.0
2026-09-17T19:37:27Z,2027-06-25,281,55000.0,P,0.028,0.0295,0.0288,79478.36,76486.27,0.4399,-0.1256,1e-05,143.90739,36.1,0.0
2026-09-17T19:37:27Z,2027-06-25,281,56000.0,C,0.3255,0.328,0.3267,79478.36,76486.27,0.4378,0.86524,1e-05,151.09588,3.0,0.0
2026-09-17T19:37:27Z,2027-06-25,281,56000.0,P,0.0305,0.032,0.0313,79477.85,76486.27,0.4378,-0.13477,1e-05,151.0977,84.8,0.0
2026-09-17T19:37:27Z,2027-06-25,281,58000.0,C,0.305,0.308,0.3064,79478.36,76486.27,0.43090000000000006,0.84683,1e-05,164.72843,13.8,0.0
2026-09-17T19:37:27Z,2027-06-25,281,58000.0,P,0.0355,0.037,0.0361,79478.36,76486.27,0.43090000000000006,-0.15317,1e-05,164.72843,92.0,0.0
2026-09-17T19:37:27Z,2027-06-25,281,60000.0,C,0.2855,0.2885,0.2868,79478.36,76486.27,0.425,0.8266,1e-05,178.56051,969.9,0.0
2026-09-17T19:37:27Z,2027-06-25,281,60000.0,P,0.041,0.0425,0.0417,79477.85,76486.27,0.425,-0.1734,1e-05,178.56226,200.4,0.0
2026-09-17T19:37:27Z,2027-06-25,281,62000.0,C,0.2665,0.2695,0.2679,79478.36,76486.27,0.41960000000000003,0.80484,1e-05,192.19731,118.0,0.6
2026-09-17T19:37:27Z,2027-06-25,281,62000.0,P,0.047,0.049,0.048,79477.85,76486.27,0.41960000000000003,-0.19516,1e-05,192.19896,115.3,0.1
2026-09-17T19:37:27Z,2027-06-25,281,64000.0,C,0.2485,0.2515,0.2498,79477.85,76486.27,0.4152,0.78143,1e-05,205.53295,33.5,0.0
2026-09-17T19:37:27Z,2027-06-25,281,64000.0,P,0.054,0.056,0.0551,79477.85,76486.27,0.4152,-0.21857,1e-05,205.53295,62.7,0.2
2026-09-17T19:37:27Z,2027-06-25,281,65000.0,C,0.2395,0.2425,0.2411,79478.36,76486.27,0.4132,0.76922,1e-05,211.96902,4.1,0.0
2026-09-17T19:37:27Z,2027-06-25,281,65000.0,P,0.058,0.06,0.0589,79478.36,76486.27,0.4132,-0.23078,1e-05,211.96902,25.1,0.0
2026-09-17T19:37:27Z,2027-06-25,281,66000.0,C,0.231,0.234,0.2325,79477.85,76486.27,0.4114,0.75665,1e-05,218.23959,25.6,0.0
2026-09-17T19:37:27Z,2027-06-25,281,66000.0,P,0.062,0.064,0.0629,79477.85,76486.27,0.4114,-0.24335,1e-05,218.23959,46.6,0.2
2026-09-17T19:37:27Z,2027-06-25,281,68000.0,C,0.2145,0.2175,0.216,79477.85,76486.27,0.4078,0.73074,1e-05,230.06148,11.4,0.0
2026-09-17T19:37:27Z,2027-06-25,281,68000.0,P,0.0705,0.0725,0.0716,79477.85,76486.27,0.4078,-0.26926,1e-05,230.06148,13.7,0.0
2026-09-17T19:37:27Z,2027-06-25,281,70000.0,C,0.199,0.2015,0.2003,79478.36,76486.27,0.4047,0.70378,1e-05,240.86083,196.8,0.3
2026-09-17T19:37:27Z,2027-06-25,281,70000.0,P,0.08,0.082,0.0811,79477.85,76486.27,0.4047,-0.29622,1e-05,240.86162,55.7,0.0
2026-09-17T19:37:27Z,2027-06-25,281,72000.0,C,0.184,0.1865,0.1854,79477.85,76486.27,0.4019,0.67603,1e-05,250.44429,90.2,0.6
2026-09-17T19:37:27Z,2027-06-25,281,72000.0,P,0.09,0.0925,0.0913,79477.85,76486.27,0.4019,-0.32397,1e-05,250.44429,48.1,0.0
2026-09-17T19:37:27Z,2027-06-25,281,74000.0,C,0.17,0.1725,0.1714,79477.85,76486.27,0.3995,0.64766,1e-05,258.69841,20.4,0.1
2026-09-17T19:37:27Z,2027-06-25,281,74000.0,P,0.1015,0.1035,0.1025,79477.85,76486.27,0.3995,-0.35234,1e-05,258.69841,14.9,0.1
2026-09-17T19:37:27Z,2027-06-25,281,76000.0,C,0.157,0.1595,0.1582,79478.36,76486.27,0.3972,0.61891,1e-05,265.52402,73.9,53.2
2026-09-17T19:37:27Z,2027-06-25,281,76000.0,P,0.1135,0.1155,0.1144,79477.85,76486.27,0.3972,-0.38109,1e-05,265.52379,75.0,0.0
2026-09-17T19:37:27Z,2027-06-25,281,78000.0,C,0.1445,0.147,0.1458,79477.85,76486.27,0.3953,0.58995,1e-05,270.86743,104.4,0.0
2026-09-17T19:37:27Z,2027-06-25,281,78000.0,P,0.126,0.1285,0.1272,79478.36,76486.27,0.3953,-0.41004,1e-05,270.86803,104.7,0.8
2026-09-17T19:37:27Z,2027-06-25,281,80000.0,C,0.133,0.1355,0.1342,79477.85,76486.27,0.39380000000000004,0.56105,1e-05,274.70221,171.4,24.0
2026-09-17T19:37:27Z,2027-06-25,281,80000.0,P,0.1395,0.1425,0.1408,79477.85,76486.27,0.39380000000000004,-0.43895,1e-05,274.70221,47.7,0.0
2026-09-17T19:37:27Z,2027-06-25,281,82000.0,C,0.1225,0.125,0.1237,79477.85,76486.27,0.3931,0.53253,1e-05,277.03925,75.6,0.0
2026-09-17T19:37:27Z,2027-06-25,281,82000.0,P,0.154,0.157,0.1554,79478.36,76486.27,0.3931,-0.46747,1e-05,277.04061,23.9,0.1
2026-09-17T19:37:27Z,2027-06-25,281,84000.0,C,0.1125,0.115,0.1137,79477.85,76486.27,0.392,0.50431,1e-05,277.94745,28.2,0.1
2026-09-17T19:37:27Z,2027-06-25,281,84000.0,P,0.169,0.1725,0.1705,79478.36,76486.27,0.392,-0.49569,1e-05,277.94917,6.6,0.0
2026-09-17T19:37:27Z,2027-06-25,281,85000.0,C,0.1075,0.11,0.109,79477.85,76486.27,0.3917,0.49045,1e-05,277.88392,162.6,0.0
2026-09-17T19:37:27Z,2027-06-25,281,85000.0,P,0.177,0.18,0.1784,79477.85,76486.27,0.3917,-0.50955,1e-05,277.88392,11.4,0.0
2026-09-17T19:37:27Z,2027-06-25,281,86000.0,C,0.103,0.1055,0.1044,79478.36,76486.27,0.39130000000000004,0.47673,1e-05,277.4925,38.1,0.0
2026-09-17T19:37:27Z,2027-06-25,281,86000.0,P,0.185,0.1885,0.1865,79477.85,76486.27,0.39130000000000004,-0.52328,1e-05,277.49042,1.4,0.0
2026-09-17T19:37:27Z,2027-06-25,281,88000.0,C,0.0945,0.097,0.0959,79478.36,76486.27,0.3909,0.44991,1e-05,275.77175,27.6,0.0
2026-09-17T19:37:27Z,2027-06-25,281,88000.0,P,0.2015,0.2055,0.2032,79478.36,76486.27,0.3909,-0.55009,1e-05,275.77175,4.7,0.0
2026-09-17T19:37:27Z,2027-06-25,281,90000.0,C,0.087,0.089,0.0881,79477.85,76486.27,0.39049999999999996,0.42388,1e-05,272.88782,766.2,0.0
2026-09-17T19:37:27Z,2027-06-25,281,90000.0,P,0.219,0.223,0.2204,79477.85,76486.27,0.39049999999999996,-0.57612,1e-05,272.88782,50.6,0.0
2026-09-17T19:37:27Z,2027-06-25,281,92000.0,C,0.08,0.082,0.081,79478.36,76486.27,0.3909,0.39914,1e-05,269.03444,16.5,0.0
2026-09-17T19:37:27Z,2027-06-25,281,92000.0,P,0.2365,0.241,0.2386,79477.85,76486.27,0.3909,-0.60086,1e-05,269.03143,0.2,0.0
2026-09-17T19:37:27Z,2027-06-25,281,94000.0,C,0.0735,0.0755,0.0745,79477.85,76486.27,0.39130000000000004,0.37537,1e-05,264.2872,27.0,1.0
2026-09-17T19:37:27Z,2027-06-25,281,94000.0,P,0.2555,0.26,0.2572,79477.85,76486.27,0.39130000000000004,-0.62463,1e-05,264.2872,0.1,0.0
2026-09-17T19:37:27Z,2027-06-25,281,95000.0,C,0.0705,0.0725,0.0714,79478.36,76486.27,0.39159999999999995,0.36391,1e-05,261.6307,59.9,0.0
2026-09-17T19:37:27Z,2027-06-25,281,95000.0,P,0.265,0.2695,0.2667,79478.36,76486.27,0.39159999999999995,-0.63609,1e-05,261.6307,20.2,0.0
2026-09-17T19:37:27Z,2027-06-25,281,96000.0,C,0.0675,0.0695,0.0685,79477.85,76486.27,0.3918,0.35266,1e-05,258.78293,39.5,0.0
2026-09-17T19:37:27Z,2027-06-25,281,96000.0,P,0.2745,0.279,0.2764,79478.36,76486.27,0.3918,-0.64734,1e-05,258.78642,0.1,0.0
2026-09-17T19:37:27Z,2027-06-25,281,98000.0,C,0.062,0.064,0.063,79478.36,76486.27,0.3924,0.33108,1e-05,252.65906,84.1,0.0
2026-09-17T19:37:27Z,2027-06-25,281,98000.0,P,0.294,0.301,0.296,79477.85,76486.27,0.3924,-0.66893,1e-05,252.65538,0.1,0.0
2026-09-17T19:37:27Z,2027-06-25,281,100000.0,C,0.0575,0.059,0.058,79477.79,76486.27,0.3932,0.31065,1e-05,246.03508,211.1,1.3
2026-09-17T19:37:27Z,2027-06-25,281,100000.0,P,0.314,0.3215,0.3162,79477.79,76486.27,0.3932,-0.68935,1e-05,246.03508,1.5,0.0
2026-09-17T19:37:27Z,2027-06-25,281,102000.0,C,0.0525,0.0545,0.0534,79477.79,76486.27,0.3943,0.29149,1e-05,239.07442,46.3,0.0
2026-09-17T19:37:27Z,2027-06-25,281,102000.0,P,0.3345,0.3425,0.3368,79477.79,76486.27,0.3943,-0.70851,1e-05,239.07442,0.0,0.0
2026-09-17T19:37:27Z,2027-06-25,281,104000.0,C,0.0485,0.0505,0.0494,79477.84,76486.27,0.39590000000000003,0.27384,1e-05,232.0013,26.5,0.0
2026-09-17T19:37:27Z,2027-06-25,281,104000.0,P,0.3555,0.3635,0.358,79477.84,76486.27,0.39590000000000003,-0.72616,1e-05,232.0013,0.0,0.0
2026-09-17T19:37:27Z,2027-06-25,281,105000.0,C,0.0465,0.0485,0.0475,79477.84,76486.27,0.39630000000000004,0.26506,1e-05,228.24198,160.6,0.0
2026-09-17T19:37:27Z,2027-06-25,281,105000.0,P,0.358,0.378,0.3686,79477.84,76486.27,0.39630000000000004,-0.73494,1e-05,228.24198,0.1,0.0
2026-09-17T19:37:27Z,2027-06-25,281,106000.0,C,0.0445,0.0465,0.0455,79477.79,76486.27,0.39649999999999996,0.25634,1e-05,224.34462,15.6,0.0
2026-09-17T19:37:27Z,2027-06-25,281,106000.0,P,0.37,0.389,0.3792,79477.79,76486.27,0.39649999999999996,-0.74366,1e-05,224.34462,0.0,0.0
2026-09-17T19:37:27Z,2027-06-25,281,108000.0,C,0.041,0.043,0.042,79477.84,76486.27,0.3979,0.24051,1e-05,216.85089,23.4,0.0
2026-09-17T19:37:27Z,2027-06-25,281,108000.0,P,0.3915,0.411,0.4009,79477.84,76486.27,0.3979,-0.75949,1e-05,216.85089,0.2,0.0
2026-09-17T19:37:27Z,2027-06-25,281,110000.0,C,0.038,0.04,0.039,79477.79,76486.27,0.3996,0.22585,1e-05,209.41054,265.0,0.0
2026-09-17T19:37:27Z,2027-06-25,281,110000.0,P,0.415,0.4335,0.423,79477.84,76486.27,0.3996,-0.77415,1e-05,209.41095,5.3,0.0
2026-09-17T19:37:27Z,2027-06-25,281,115000.0,C,0.0315,0.0335,0.0325,79477.79,76486.27,0.4045,0.19362,1e-05,191.26974,59.9,0.0
2026-09-17T19:37:27Z,2027-06-25,281,115000.0,P,0.468,0.4885,0.4794,79477.84,76486.27,0.4045,-0.80638,1e-05,191.27016,0.0,0.0
2026-09-17T19:37:27Z,2027-06-25,281,120000.0,C,0.026,0.028,0.027,79477.79,76486.27,0.40840000000000004,0.16555,1e-05,173.32775,351.2,0.0
2026-09-17T19:37:27Z,2027-06-25,281,120000.0,P,0.524,0.5485,0.5368,79477.79,76486.27,0.40840000000000004,-0.83445,1e-05,173.32775,0.9,0.0
2026-09-17T19:37:27Z,2027-06-25,281,125000.0,C,0.022,0.0235,0.0227,79477.79,76486.27,0.4132,0.14253,1e-05,156.97378,116.9,0.0
2026-09-17T19:37:27Z,2027-06-25,281,125000.0,P,0.5845,0.607,0.5955,79477.84,76486.27,0.4132,-0.85747,1e-05,156.97417,0.0,0.0
2026-09-17T19:37:27Z,2027-06-25,281,130000.0,C,0.0185,0.02,0.0192,79477.79,76486.27,0.4179,0.12303,1e-05,141.84685,784.4,0.0
2026-09-17T19:37:27Z,2027-06-25,281,130000.0,P,0.6415,0.6655,0.6549,79477.84,76486.27,0.4179,-0.87696,1e-05,141.84736,3.9,0.0
2026-09-17T19:37:27Z,2027-06-25,281,140000.0,C,0.014,0.015,0.0144,79477.77,76486.27,0.42979999999999996,0.0944,1e-05,117.21425,387.9,0.1
2026-09-17T19:37:27Z,2027-06-25,281,140000.0,P,0.7635,0.7885,0.7759,79477.77,76486.27,0.42979999999999996,-0.9056,1e-05,117.21425,3.4,0.0
2026-09-17T19:37:27Z,2027-06-25,281,150000.0,C,0.0105,0.0115,0.011,79477.77,76486.27,0.4409,0.07351,0.0,97.13112,219.6,0.0
2026-09-17T19:37:27Z,2027-06-25,281,150000.0,P,0.8815,0.9105,0.8983,79477.84,76486.27,0.4409,-0.92649,0.0,97.13152,1.1,0.0
2026-09-17T19:37:27Z,2027-06-25,281,160000.0,C,0.008,0.009,0.0085,79477.77,76486.27,0.4508,0.05785,0.0,80.65525,574.5,4.5
2026-09-17T19:37:27Z,2027-06-25,281,160000.0,P,1.0065,1.0355,1.0216,79477.77,76486.27,0.4508,-0.94215,0.0,80.65525,0.2,0.0
2026-09-17T19:37:27Z,2027-06-25,281,170000.0,C,0.0065,0.008,0.0072,79477.77,76486.27,0.4664,0.04893,0.0,70.63348,152.7,0.0
2026-09-17T19:37:27Z,2027-06-25,281,170000.0,P,1.1295,1.163,1.1462,79477.77,76486.27,0.4664,-0.95107,0.0,70.63348,14.7,0.0
2026-09-17T19:37:27Z,2027-06-25,281,180000.0,C,0.0055,0.0065,0.006,79477.84,76486.27,0.4777,0.04071,0.0,60.91043,47.6,1.0
2026-09-17T19:37:27Z,2027-06-25,281,180000.0,P,1.251,1.285,1.2708,79477.77,76486.27,0.4777,-0.95929,0.0,60.91015,0.0,0.0
2026-09-17T19:37:27Z,2027-06-25,281,190000.0,C,0.0047,0.0055,0.0051,79477.84,76486.27,0.4894,0.03462,0.0,53.35892,60.0,0.3
2026-09-17T19:37:27Z,2027-06-25,281,190000.0,P,1.3795,1.4105,1.3957,79477.77,76486.27,0.4894,-0.96538,0.0,53.35867,0.6,0.0
2026-09-17T19:37:27Z,2027-06-25,281,200000.0,C,0.0042,0.0049,0.0045,79477.77,76486.27,0.5031,0.03062,0.0,48.22468,33.1,0.0
2026-09-17T19:37:27Z,2027-06-25,281,200000.0,P,1.497,1.5425,1.521,79477.84,76486.27,0.5031,-0.96938,0.0,48.2249,2.1,0.0
