snapshot_ts,expiry,days_to_expiry,strike,option_type,bid,ask,mark_price,forward_price,index_price,implied_vol,delta,gamma,vega,open_interest,volume_24h
2026-09-06T18:07:53Z,2026-09-07,1,69000.0,C,0.1325,0.1375,0.1355,79816.67,79828.74,0.6355,1.0,0.0,0.0,0.0,0.0
2026-09-06T18:07:53Z,2026-09-07,1,69000.0,P,0.0,0.0001,0.0,79816.82,79828.74,0.6355,0.0,0.0,0.0,0.6,0.0
2026-09-06T18:07:53Z,2026-09-07,1,70000.0,C,0.12,0.125,0.123,79816.82,79828.74,0.5857,1.0,0.0,0.0,0.0,0.0
2026-09-06T18:07:53Z,2026-09-07,1,70000.0,P,0.0,0.0001,0.0,79816.82,79828.74,0.5857,0.0,0.0,0.0,1.4,0.0
2026-09-06T18:07:53Z,2026-09-07,1,71000.0,C,0.108,0.1125,0.1105,79816.67,79828.74,0.5644,1.0,0.0,2e-05,0.0,0.0
2026-09-06T18:07:53Z,2026-09-07,1,71000.0,P,0.0,0.0001,0.0,79816.67,79828.74,0.5644,0.0,0.0,2e-05,4.5,0.0
2026-09-06T18:07:53Z,2026-09-07,1,72000.0,C,0.0955,0.1,0.0979,79816.82,79828.74,0.557,1.0,0.0,0.00024,0.0,0.0
2026-09-06T18:07:53Z,2026-09-07,1,72000.0,P,0.0,0.0001,0.0,79816.82,79828.74,0.557,0.0,0.0,0.00024,11.4,0.0
2026-09-06T18:07:53Z,2026-09-07,1,73000.0,C,0.0835,0.0875,0.0854,79816.82,79828.74,0.557,0.99997,0.0,0.00362,0.0,0.0
2026-09-06T18:07:53Z,2026-09-07,1,73000.0,P,0.0,0.0001,0.0,79816.67,79828.74,0.557,-3e-05,0.0,0.00362,16.0,15.0
2026-09-06T18:07:53Z,2026-09-07,1,74000.0,C,0.0695,0.075,0.0729,79816.82,79828.74,0.5569,0.99969,0.0,0.03578,0.0,0.0
2026-09-06T18:07:53Z,2026-09-07,1,74000.0,P,0.0,0.0001,0.0,79816.82,79828.74,0.5569,-0.00031,0.0,0.03578,0.4,0.0
2026-09-06T18:07:53Z,2026-09-07,1,75000.0,C,0.057,0.0625,0.0604,79816.67,79828.74,0.5206000000000001,0.99872,0.0,0.13437,0.0,0.0
2026-09-06T18:07:53Z,2026-09-07,1,75000.0,P,0.0,0.0001,0.0,79816.82,79828.74,0.5206000000000001,-0.00128,0.0,0.13433,117.9,8.2
2026-09-06T18:07:53Z,2026-09-07,1,75500.0,C,0.0515,0.0565,0.0541,79816.67,79828.74,0.47259999999999996,0.99849,0.0,0.15564,0.0,0.0
2026-09-06T18:07:53Z,2026-09-07,1,75500.0,P,0.0,0.0001,0.0,79816.67,79828.74,0.47259999999999996,-0.00151,0.0,0.15564,17.9,0.7
2026-09-06T18:07:53Z,2026-09-07,1,76000.0,C,0.0445,0.05,0.0478,79816.67,79828.74,0.4233,0.99824,0.0,0.17932,0.8,0.0
2026-09-06T18:07:53Z,2026-09-07,1,76000.0,P,0.0,0.0001,0.0,79816.67,79828.74,0.4233,-0.00176,0.0,0.17932,42.5,1.6
2026-09-06T18:07:53Z,2026-09-07,1,76500.0,C,0.0395,0.044,0.0416,79816.67,79828.74,0.3851,0.99726,1e-05,0.26756,0.0,0.0
2026-09-06T18:07:53Z,2026-09-07,1,76500.0,P,0.0,0.0001,0.0,79816.82,79828.74,0.3851,-0.00274,1e-05,0.26747,62.8,3.2
2026-09-06T18:07:53Z,2026-09-07,1,77000.0,C,0.032,0.038,0.0353,79816.67,79828.74,0.38,0.99144,2e-05,0.73891,0.0,0.0
2026-09-06T18:07:53Z,2026-09-07,1,77000.0,P,0.0,0.0001,0.0,79816.82,79828.74,0.38,-0.00856,2e-05,0.73869,30.2,4.1
2026-09-06T18:07:53Z,2026-09-07,1,77500.0,C,0.0275,0.0305,0.0291,79816.67,79828.74,0.3653,0.97903,4e-05,1.60053,7.6,0.4
2026-09-06T18:07:53Z,2026-09-07,1,77500.0,P,0.0,0.0002,0.0001,79816.67,79828.74,0.3653,-0.02097,4e-05,1.60053,79.7,49.4
2026-09-06T18:07:53Z,2026-09-07,1,78000.0,C,0.021,0.0245,0.023,79816.82,79828.74,0.3243,0.96333,8e-05,2.5491,87.5,0.0
2026-09-06T18:07:53Z,2026-09-07,1,78000.0,P,0.0001,0.0003,0.0002,79816.67,79828.74,0.3243,-0.03668,8e-05,2.54976,154.1,69.0
2026-09-06T18:07:53Z,2026-09-07,1,78500.0,C,0.0135,0.0195,0.0169,79816.82,79828.74,0.29969999999999997,0.91944,0.00016,4.74595,1.5,0.0
2026-09-06T18:07:53Z,2026-09-07,1,78500.0,P,0.0003,0.0006,0.0004,79816.82,79828.74,0.29969999999999997,-0.08056,0.00016,4.74595,231.7,75.6
2026-09-06T18:07:53Z,2026-09-07,1,79000.0,C,0.0085,0.014,0.0113,79816.67,79828.74,0.2775,0.82567,0.00029,8.16605,4.0,0.0
2026-09-06T18:07:53Z,2026-09-07,1,79000.0,P,0.0009,0.0012,0.001,79816.67,79828.74,0.2774,-0.17433,0.00029,8.16596,109.5,33.7
2026-09-06T18:07:53Z,2026-09-07,1,79500.0,C,0.006,0.007,0.0064,79816.67,79828.74,0.2627,0.65012,0.00044,11.76101,39.5,5.1
2026-09-06T18:07:53Z,2026-09-07,1,79500.0,P,0.0022,0.0027,0.0025,79816.67,79828.74,0.2627,-0.34988,0.00044,11.76101,117.4,70.5
2026-09-06T18:07:53Z,2026-09-07,1,80000.0,C,0.0029,0.003,0.0032,79816.67,79828.74,0.2658,0.41618,0.00046,12.38819,35.2,21.1
2026-09-06T18:07:53Z,2026-09-07,1,80000.0,P,0.005,0.006,0.0055,79816.82,79828.74,0.2658,-0.58374,0.00046,12.38873,83.5,13.0
2026-09-06T18:07:53Z,2026-09-07,1,80500.0,C,0.0012,0.0015,0.0015,79816.67,79828.74,0.2826,0.22589,0.00033,9.54549,81.3,51.2
2026-09-06T18:07:53Z,2026-09-07,1,80500.0,P,0.008,0.012,0.01,79816.67,79828.74,0.2826,-0.77411,0.00033,9.54549,25.7,0.0
2026-09-06T18:07:53Z,2026-09-07,1,81000.0,C,0.0005,0.0007,0.0006,79816.67,79828.74,0.2974,0.10792,0.0002,5.88978,59.2,10.3
2026-09-06T18:07:53Z,2026-09-07,1,81000.0,P,0.0145,0.0175,0.0154,79816.67,79828.74,0.2974,-0.89208,0.0002,5.88978,99.2,25.0
2026-09-06T18:07:53Z,2026-09-07,1,81500.0,C,0.0001,0.0003,0.0002,79816.67,79828.74,0.3039,0.04272,9e-05,2.88654,64.6,46.2
2026-09-06T18:07:53Z,2026-09-07,1,81500.0,P,0.019,0.024,0.0213,79816.67,79828.74,0.3039,-0.95728,9e-05,2.88654,0.1,0.0
2026-09-06T18:07:53Z,2026-09-07,1,82000.0,C,0.0,0.0001,0.0001,79816.82,79828.74,0.341,0.02372,5e-05,1.77583,118.2,36.9
2026-09-06T18:07:53Z,2026-09-07,1,82000.0,P,0.026,0.0295,0.0275,79816.67,79828.74,0.341,-0.97629,5e-05,1.77534,11.6,0.0
2026-09-06T18:07:53Z,2026-09-07,1,82500.0,C,0.0,0.0001,0.0001,79816.67,79828.74,0.38130000000000003,0.01494,3e-05,1.19814,88.2,65.1
2026-09-06T18:07:53Z,2026-09-07,1,82500.0,P,0.031,0.0375,0.0337,79816.67,79828.74,0.38130000000000003,-0.98506,3e-05,1.19814,3.6,0.0
2026-09-06T18:07:53Z,2026-09-07,1,83000.0,C,0.0,0.0001,0.0,79816.67,79828.74,0.39840000000000003,0.00697,2e-05,0.61614,88.2,16.6
2026-09-06T18:07:53Z,2026-09-07,1,83000.0,P,0.0375,0.0425,0.0399,79816.67,79828.74,0.39840000000000003,-0.99303,2e-05,0.61614,2.1,0.0
2026-09-06T18:07:53Z,2026-09-07,1,83500.0,C,0.0,0.0001,0.0,79816.67,79828.74,0.4,0.00235,1e-05,0.23287,41.4,1.1
2026-09-06T18:07:53Z,2026-09-07,1,83500.0,P,0.0435,0.05,0.0462,79816.82,79828.74,0.4,-0.99765,1e-05,0.23295,0.0,0.0
2026-09-06T18:07:53Z,2026-09-07,1,84000.0,C,0.0,0.0001,0.0,79816.67,79828.74,0.43439999999999995,0.0016,0.0,0.16466,98.9,7.2
2026-09-06T18:07:53Z,2026-09-07,1,84000.0,P,0.05,0.055,0.0524,79816.67,79828.74,0.43439999999999995,-0.9984,0.0,0.16466,0.0,0.0
2026-09-06T18:07:53Z,2026-09-07,1,85000.0,C,0.0,0.0001,0.0,79816.82,79828.74,0.43670000000000003,0.00015,0.0,0.01855,28.2,0.3
2026-09-06T18:07:53Z,2026-09-07,1,85000.0,P,0.0625,0.0675,0.0649,79816.67,79828.74,0.43670000000000003,-0.99985,0.0,0.01855,0.0,0.0
2026-09-06T18:07:53Z,2026-09-07,1,86000.0,C,0.0,0.0001,0.0,79816.82,79828.74,0.43670000000000003,1e-05,0.0,0.0013,22.8,0.2
2026-09-06T18:07:53Z,2026-09-07,1,86000.0,P,0.075,0.08,0.0775,79816.82,79828.74,0.43670000000000003,-0.99999,0.0,0.0013,0.0,0.0
2026-09-06T18:07:53Z,2026-09-07,1,87000.0,C,0.0,0.0001,0.0,79816.82,79828.74,0.4443,0.0,0.0,9e-05,12.1,0.0
2026-09-06T18:07:53Z,2026-09-07,1,87000.0,P,0.0875,0.094,0.09,79816.82,79828.74,0.4443,-1.0,0.0,9e-05,0.0,0.0
2026-09-06T18:07:53Z,2026-09-07,1,88000.0,C,0.0,0.0001,0.0,79816.82,79828.74,0.4808,0.0,0.0,3e-05,9.7,0.0
2026-09-06T18:07:53Z,2026-09-07,1,88000.0,P,0.1,0.1065,0.1025,79816.67,79828.74,0.4808,-1.0,0.0,3e-05,0.0,0.0
2026-09-06T18:07:53Z,2026-09-07,1,89000.0,C,0.0,0.0001,0.0,79816.82,79828.74,0.5085999999999999,0.0,0.0,1e-05,8.1,0.0
2026-09-06T18:07:53Z,2026-09-07,1,89000.0,P,0.1125,0.119,0.1151,79816.67,79828.74,0.5085999999999999,-1.0,0.0,1e-05,0.0,0.0
2026-09-06T18:07:53Z,2026-09-07,1,90000.0,C,0.0,0.0001,0.0,79816.67,79828.74,0.5233,0.0,0.0,0.0,0.3,0.0
2026-09-06T18:07:53Z,2026-09-07,1,90000.0,P,0.125,0.1305,0.1276,79816.67,79828.74,0.5233,-1.0,0.0,0.0,0.0,0.0
2026-09-06T18:07:53Z,2026-09-07,1,91000.0,C,0.0,0.0001,0.0,79816.82,79828.74,0.5595,0.0,0.0,0.0,0.0,0.0
2026-09-06T18:07:53Z,2026-09-07,1,91000.0,P,0.1375,0.143,0.1401,79816.82,79828.74,0.5595,-1.0,0.0,0.0,0.0,0.0
2026-09-06T18:07:53Z,2026-09-08,2,70000.0,C,0.12,0.1255,0.123,79820.78,79828.74,0.6307,0.99928,0.0,0.1305,0.0,0.0
2026-09-06T18:07:53Z,2026-09-08,2,70000.0,P,0.0,0.0001,0.0,79820.78,79828.74,0.6307,-0.00072,0.0,0.1305,25.5,0.5
2026-09-06T18:07:53Z,2026-09-08,2,71000.0,C,0.1075,0.113,0.1105,79820.78,79828.74,0.6127,0.99829,0.0,0.28869,0.0,0.0
2026-09-06T18:07:53Z,2026-09-08,2,71000.0,P,0.0,0.0001,0.0,79820.78,79828.74,0.6127,-0.00171,0.0,0.28869,1.0,1.0
2026-09-06T18:07:53Z,2026-09-08,2,72000.0,C,0.095,0.1005,0.098,79820.67,79828.74,0.5577000000000001,0.99768,0.0,0.38134,0.0,0.0
2026-09-06T18:07:53Z,2026-09-08,2,72000.0,P,0.0,0.0001,0.0,79820.78,79828.74,0.5577000000000001,-0.00232,0.0,0.3813,5.8,0.4
2026-09-06T18:07:53Z,2026-09-08,2,73000.0,C,0.083,0.088,0.0855,79820.78,79828.74,0.5231,0.99553,0.0,0.68626,0.0,0.0
2026-09-06T18:07:53Z,2026-09-08,2,73000.0,P,0.0,0.0002,0.0,79820.78,79828.74,0.5231,-0.00447,0.0,0.68626,11.8,3.4
2026-09-06T18:07:53Z,2026-09-08,2,74000.0,C,0.071,0.0755,0.073,79820.78,79828.74,0.48719999999999997,0.99134,1e-05,1.23267,0.0,0.0
2026-09-06T18:07:53Z,2026-09-08,2,74000.0,P,0.0,0.0002,0.0001,79820.78,79828.74,0.48719999999999997,-0.00866,1e-05,1.23267,2.4,0.6
2026-09-06T18:07:53Z,2026-09-08,2,75000.0,C,0.0585,0.063,0.0606,79820.78,79828.74,0.44439999999999996,0.98409,2e-05,2.09095,0.0,0.0
2026-09-06T18:07:53Z,2026-09-08,2,75000.0,P,0.0001,0.0003,0.0002,79820.78,79828.74,0.44439999999999996,-0.01591,2e-05,2.09095,3.1,1.5
2026-09-06T18:07:53Z,2026-09-08,2,76000.0,C,0.0445,0.0505,0.0482,79820.78,79828.74,0.40700000000000003,0.9676,3e-05,3.80573,0.0,0.0
2026-09-06T18:07:53Z,2026-09-08,2,76000.0,P,0.0003,0.0004,0.0003,79820.78,79828.74,0.40700000000000003,-0.0324,3e-05,3.80573,10.6,7.0
2026-09-06T18:07:53Z,2026-09-08,2,77000.0,C,0.0325,0.038,0.0359,79820.78,79828.74,0.3531,0.94077,6e-05,6.18887,0.4,0.4
2026-09-06T18:07:53Z,2026-09-08,2,77000.0,P,0.0005,0.0007,0.0006,79820.78,79828.74,0.3531,-0.05923,6e-05,6.18887,30.2,21.0
2026-09-06T18:07:53Z,2026-09-08,2,77500.0,C,0.0265,0.0325,0.03,79820.78,79828.74,0.3354,0.91132,9e-05,8.4289,0.0,0.0
2026-09-06T18:07:53Z,2026-09-08,2,77500.0,P,0.0008,0.0011,0.0009,79820.67,79828.74,0.3354,-0.08869,9e-05,8.4296,90.3,23.2
2026-09-06T18:07:53Z,2026-09-08,2,78000.0,C,0.0205,0.0265,0.0242,79820.78,79828.74,0.3207,0.86538,0.00013,11.37261,0.1,0.0
2026-09-06T18:07:53Z,2026-09-08,2,78000.0,P,0.0015,0.0016,0.0014,79820.67,79828.74,0.3207,-0.13464,0.00013,11.37342,103.5,38.3
2026-09-06T18:07:53Z,2026-09-08,2,78500.0,C,0.016,0.021,0.0188,79820.78,79828.74,0.3073,0.79843,0.00017,14.7614,0.2,0.0
2026-09-06T18:07:53Z,2026-09-08,2,78500.0,P,0.0021,0.0025,0.0023,79820.67,79828.74,0.3073,-0.20159,0.00017,14.76222,86.6,52.2
2026-09-06T18:07:53Z,2026-09-08,2,79000.0,C,0.012,0.0155,0.014,79820.78,79828.74,0.29969999999999997,0.70346,0.00022,18.15063,5.7,0.0
2026-09-06T18:07:53Z,2026-09-08,2,79000.0,P,0.0035,0.004,0.0037,79821.43,79828.74,0.29969999999999997,-0.29641,0.00022,18.14714,124.4,16.7
2026-09-06T18:07:53Z,2026-09-08,2,79500.0,C,0.0095,0.0105,0.01,79820.67,79828.74,0.29719999999999996,0.58541,0.00025,20.45471,14.2,5.0
2026-09-06T18:07:53Z,2026-09-08,2,79500.0,P,0.0055,0.0065,0.0059,79820.67,79828.74,0.29719999999999996,-0.41459,0.00025,20.45471,6.1,2.6
2026-09-06T18:07:53Z,2026-09-08,2,80000.0,C,0.006,0.0075,0.0068,79820.67,79828.74,0.3011,0.4588,0.00025,20.82463,18.7,2.1
2026-09-06T18:07:53Z,2026-09-08,2,80000.0,P,0.0085,0.0095,0.0091,79820.67,79828.74,0.3011,-0.5412,0.00025,20.82463,9.0,2.5
2026-09-06T18:07:53Z,2026-09-08,2,80500.0,C,0.0041,0.0046,0.0045,79821.43,79828.74,0.30510000000000004,0.34018,0.00023,19.23322,21.5,16.9
2026-09-06T18:07:53Z,2026-09-08,2,80500.0,P,0.012,0.014,0.013,79820.67,79828.74,0.30510000000000004,-0.65999,0.00023,19.22936,1.4,0.0
2026-09-06T18:07:53Z,2026-09-08,2,81000.0,C,0.0026,0.003,0.0029,79821.43,79828.74,0.3129,0.24126,0.00019,16.36141,146.3,36.5
2026-09-06T18:07:53Z,2026-09-08,2,81000.0,P,0.016,0.02,0.0177,79820.67,79828.74,0.3129,-0.75888,0.00019,16.35593,25.0,0.0
2026-09-06T18:07:53Z,2026-09-08,2,81500.0,C,0.0016,0.0019,0.0019,79820.67,79828.74,0.3243,0.16705,0.00015,13.13179,45.1,35.5
2026-09-06T18:07:53Z,2026-09-08,2,81500.0,P,0.0205,0.026,0.0229,79820.67,79828.74,0.3243,-0.83295,0.00015,13.13179,0.0,0.0
2026-09-06T18:07:53Z,2026-09-08,2,82000.0,C,0.001,0.0013,0.0012,79820.67,79828.74,0.33740000000000003,0.11448,0.00011,10.15385,311.8,16.3
2026-09-06T18:07:53Z,2026-09-08,2,82000.0,P,0.026,0.0325,0.0285,79820.67,79828.74,0.33740000000000003,-0.88552,0.00011,10.15385,0.0,0.0
2026-09-06T18:07:53Z,2026-09-08,2,82500.0,C,0.0006,0.0009,0.0008,79820.67,79828.74,0.34950000000000003,0.077,8e-05,7.57937,71.3,24.5
2026-09-06T18:07:53Z,2026-09-08,2,82500.0,P,0.032,0.037,0.0344,79820.67,79828.74,0.34950000000000003,-0.923,8e-05,7.57937,0.0,0.0
2026-09-06T18:07:53Z,2026-09-08,2,83000.0,C,0.0004,0.0005,0.0005,79820.67,79828.74,0.35350000000000004,0.04757,5e-05,5.20151,44.7,28.0
2026-09-06T18:07:53Z,2026-09-08,2,83000.0,P,0.038,0.043,0.0403,79820.67,79828.74,0.35350000000000004,-0.95243,5e-05,5.20151,0.0,0.0
2026-09-06T18:07:53Z,2026-09-08,2,83500.0,C,0.0002,0.0004,0.0003,79820.67,79828.74,0.3726,0.03382,4e-05,3.94204,7.2,5.0
2026-09-06T18:07:53Z,2026-09-08,2,83500.0,P,0.044,0.0505,0.0464,79820.67,79828.74,0.3726,-0.96618,4e-05,3.94204,0.0,0.0
2026-09-06T18:07:53Z,2026-09-08,2,84000.0,C,0.0001,0.0003,0.0002,79820.67,79828.74,0.38060000000000005,0.02134,3e-05,2.68423,2.1,2.1
2026-09-06T18:07:53Z,2026-09-08,2,84000.0,P,0.05,0.0565,0.0526,79820.67,79828.74,0.38060000000000005,-0.97866,3e-05,2.68423,0.0,0.0
2026-09-06T18:07:53Z,2026-09-08,2,85000.0,C,0.0,0.0002,0.0001,79820.67,79828.74,0.3942,0.00792,1e-05,1.1396,1.9,1.5
2026-09-06T18:07:53Z,2026-09-08,2,85000.0,P,0.0625,0.069,0.065,79820.67,79828.74,0.3942,-0.99208,1e-05,1.1396,0.0,0.0
2026-09-06T18:07:53Z,2026-09-08,2,86000.0,C,0.0,0.0001,0.0,79821.43,79828.74,0.4307,0.00441,1e-05,0.67863,77.1,74.2
2026-09-06T18:07:53Z,2026-09-08,2,86000.0,P,0.075,0.0815,0.0775,79821.43,79828.74,0.4307,-0.99559,1e-05,0.67863,0.0,0.0
2026-09-06T18:07:53Z,2026-09-08,2,87000.0,C,0.0,0.0001,0.0,79821.43,79828.74,0.4863,0.00371,0.0,0.58127,8.0,0.0
2026-09-06T18:07:53Z,2026-09-08,2,87000.0,P,0.0875,0.094,0.09,79821.43,79828.74,0.4863,-0.99629,0.0,0.58127,0.0,0.0
2026-09-06T18:07:53Z,2026-09-08,2,88000.0,C,0.0,0.0001,0.0,79821.3,79828.74,0.5368999999999999,0.00302,0.0,0.48287,18.3,2.0
2026-09-06T18:07:53Z,2026-09-08,2,88000.0,P,0.0995,0.1065,0.1025,79821.43,79828.74,0.5368999999999999,-0.99698,0.0,0.48293,0.0,0.0
2026-09-06T18:07:53Z,2026-09-08,2,89000.0,C,0.0,0.0001,0.0,79821.43,79828.74,0.5407,0.00117,0.0,0.20367,25.3,8.0
2026-09-06T18:07:53Z,2026-09-08,2,89000.0,P,0.1125,0.119,0.115,79821.43,79828.74,0.5407,-0.99883,0.0,0.20367,0.0,0.0
2026-09-06T18:07:53Z,2026-09-08,2,90000.0,C,0.0,0.0001,0.0,79821.43,79828.74,0.5407,0.00039,0.0,0.07447,8.2,0.0
2026-09-06T18:07:53Z,2026-09-08,2,90000.0,P,0.125,0.1305,0.1275,79821.43,79828.74,0.5407,-0.99961,0.0,0.07447,0.0,0.0
2026-09-06T18:07:53Z,2026-09-09,3,71000.0,C,0.1075,0.113,0.1107,79831.75,79828.74,0.5540999999999999,0.99447,0.0,1.06046,0.0,0.0
2026-09-06T18:07:53Z,2026-09-09,3,71000.0,P,0.0,0.0001,0.0001,79831.9,79828.74,0.5540999999999999,-0.00553,0.0,1.06035,12.4,12.6
2026-09-06T18:07:53Z,2026-09-09,3,72000.0,C,0.095,0.1005,0.0982,79831.9,79828.74,0.5303,0.99034,1e-05,1.73457,0.0,0.0
2026-09-06T18:07:53Z,2026-09-09,3,72000.0,P,0.0001,0.0003,0.0001,79831.9,79828.74,0.5303,-0.00966,1e-05,1.73457,1.6,1.6
2026-09-06T18:07:53Z,2026-09-09,3,73000.0,C,0.0825,0.088,0.0857,79831.9,79828.74,0.4772,0.98781,1e-05,2.1242,0.0,0.0
2026-09-06T18:07:53Z,2026-09-09,3,73000.0,P,0.0001,0.0003,0.0002,79831.75,79828.74,0.4772,-0.01219,1e-05,2.12442,2.7,2.7
2026-09-06T18:07:53Z,2026-09-09,3,74000.0,C,0.07,0.0755,0.0733,79831.9,79828.74,0.44229999999999997,0.98028,2e-05,3.20934,0.0,0.0
2026-09-06T18:07:53Z,2026-09-09,3,74000.0,P,0.0002,0.0004,0.0003,79831.9,79828.74,0.44229999999999997,-0.01972,2e-05,3.20934,5.2,0.2
2026-09-06T18:07:53Z,2026-09-09,3,75000.0,C,0.0575,0.0635,0.0609,79831.9,79828.74,0.4021,0.96887,3e-05,4.70642,0.0,0.0
2026-09-06T18:07:53Z,2026-09-09,3,75000.0,P,0.0004,0.0006,0.0004,79831.9,79828.74,0.4021,-0.03113,3e-05,4.70642,5.0,0.0
2026-09-06T18:07:53Z,2026-09-09,3,76000.0,C,0.045,0.051,0.0487,79831.81,79828.74,0.36950000000000005,0.94517,4e-05,7.44516,0.0,0.0
2026-09-06T18:07:53Z,2026-09-09,3,76000.0,P,0.0007,0.0008,0.0007,79831.81,79828.74,0.36950000000000005,-0.05483,4e-05,7.44516,1.2,0.8
2026-09-06T18:07:53Z,2026-09-09,3,77000.0,C,0.034,0.0395,0.0369,79831.81,79828.74,0.344,0.89684,8e-05,12.04387,0.0,0.0
2026-09-06T18:07:53Z,2026-09-09,3,77000.0,P,0.0013,0.0016,0.0014,79833.39,79828.74,0.344,-0.10304,8e-05,12.03369,13.0,11.5
2026-09-06T18:07:53Z,2026-09-09,3,77500.0,C,0.0285,0.034,0.0313,79833.39,79828.74,0.3354,0.85689,0.0001,15.15679,0.0,0.0
2026-09-06T18:07:53Z,2026-09-09,3,77500.0,P,0.0019,0.0022,0.0021,79833.39,79828.74,0.3354,-0.14311,0.0001,15.15679,54.0,54.0
2026-09-06T18:07:53Z,2026-09-09,3,78000.0,C,0.023,0.0285,0.0261,79831.81,79828.74,0.3308,0.80202,0.00013,18.66807,0.0,0.0
2026-09-06T18:07:53Z,2026-09-09,3,78000.0,P,0.0029,0.0033,0.0031,79833.39,79828.74,0.3308,-0.19779,0.00013,18.65715,3.1,3.1
2026-09-06T18:07:53Z,2026-09-09,3,78500.0,C,0.0185,0.0235,0.0212,79831.81,79828.74,0.3289,0.73318,0.00015,22.05081,0.0,0.0
2026-09-06T18:07:53Z,2026-09-09,3,78500.0,P,0.0043,0.0047,0.0046,79833.39,79828.74,0.3289,-0.26658,0.00015,22.04142,2.2,1.3
2026-09-06T18:07:53Z,2026-09-09,3,79000.0,C,0.016,0.0175,0.0169,79831.81,79828.74,0.32630000000000003,0.65385,0.00017,24.74891,0.0,0.0
2026-09-06T18:07:53Z,2026-09-09,3,79000.0,P,0.006,0.007,0.0065,79833.39,79828.74,0.32630000000000003,-0.34588,0.00017,24.74232,0.0,0.0
2026-09-06T18:07:53Z,2026-09-09,3,79500.0,C,0.0125,0.0135,0.0131,79833.39,79828.74,0.3248,0.5663,0.00018,26.39475,1.5,1.0
2026-09-06T18:07:53Z,2026-09-09,3,79500.0,P,0.0085,0.0095,0.0089,79833.39,79828.74,0.3248,-0.4337,0.00018,26.39475,1.6,1.0
2026-09-06T18:07:53Z,2026-09-09,3,80000.0,C,0.0095,0.0105,0.0099,79833.39,79828.74,0.3239,0.47489,0.00018,26.71221,5.4,5.4
2026-09-06T18:07:53Z,2026-09-09,3,80000.0,P,0.0115,0.0125,0.012,79831.81,79828.74,0.3239,-0.5254,0.00018,26.71045,4.4,4.3
2026-09-06T18:07:53Z,2026-09-09,3,80500.0,C,0.007,0.008,0.0074,79833.39,79828.74,0.3292,0.38715,0.00017,25.68704,6.3,6.2
2026-09-06T18:07:53Z,2026-09-09,3,80500.0,P,0.015,0.0165,0.0158,79831.81,79828.74,0.3292,-0.61313,0.00017,25.68125,0.0,0.0
2026-09-06T18:07:53Z,2026-09-09,3,81000.0,C,0.005,0.006,0.0055,79833.39,79828.74,0.335,0.30809,0.00016,23.60517,3.2,2.5
2026-09-06T18:07:53Z,2026-09-09,3,81000.0,P,0.018,0.0235,0.0201,79833.39,79828.74,0.335,-0.69191,0.00016,23.60517,0.0,0.0
2026-09-06T18:07:53Z,2026-09-09,3,81500.0,C,0.0038,0.0041,0.004,79833.39,79828.74,0.34009999999999996,0.2393,0.00014,20.82319,0.1,0.0
2026-09-06T18:07:53Z,2026-09-09,3,81500.0,P,0.0225,0.028,0.0249,79831.81,79828.74,0.34009999999999996,-0.76092,0.00014,20.81256,0.0,0.0
2026-09-06T18:07:53Z,2026-09-09,3,82000.0,C,0.0027,0.0031,0.0029,79833.39,79828.74,0.3477,0.18359,0.00011,17.82344,0.4,0.2
2026-09-06T18:07:53Z,2026-09-09,3,82000.0,P,0.0275,0.033,0.03,79831.81,79828.74,0.3477,-0.81659,0.00011,17.8122,0.0,0.0
2026-09-06T18:07:53Z,2026-09-09,3,82500.0,C,0.002,0.0023,0.0021,79833.39,79828.74,0.35840000000000005,0.14097,9e-05,15.0033,6.7,6.5
2026-09-06T18:07:53Z,2026-09-09,3,82500.0,P,0.033,0.0395,0.0356,79833.39,79828.74,0.35840000000000005,-0.85903,9e-05,15.00316,0.0,0.0
2026-09-06T18:07:53Z,2026-09-09,3,83000.0,C,0.0015,0.0017,0.0016,79833.39,79828.74,0.37020000000000003,0.10844,7e-05,12.48643,51.7,51.3
2026-09-06T18:07:53Z,2026-09-09,3,83000.0,P,0.039,0.0445,0.0413,79833.39,79828.74,0.37020000000000003,-0.89156,7e-05,12.48643,0.0,0.0
2026-09-06T18:07:53Z,2026-09-09,3,84000.0,C,0.0008,0.0011,0.001,79833.39,79828.74,0.3997,0.06711,5e-05,8.71961,13.4,13.5
2026-09-06T18:07:53Z,2026-09-09,3,84000.0,P,0.0505,0.057,0.0532,79833.39,79828.74,0.3997,-0.93289,5e-05,8.71961,0.0,0.0
2026-09-06T18:07:53Z,2026-09-09,3,85000.0,C,0.0005,0.0007,0.0006,79833.39,79828.74,0.429,0.04259,3e-05,6.08252,3.0,4.1
2026-09-06T18:07:53Z,2026-09-09,3,85000.0,P,0.0625,0.0685,0.0654,79833.39,79828.74,0.429,-0.95741,3e-05,6.08252,0.0,0.0
2026-09-06T18:07:53Z,2026-09-09,3,86000.0,C,0.0004,0.0005,0.0005,79833.39,79828.74,0.4694,0.031,2e-05,4.69082,182.2,182.3
2026-09-06T18:07:53Z,2026-09-09,3,86000.0,P,0.075,0.0805,0.0777,79833.39,79828.74,0.4694,-0.969,2e-05,4.69082,0.0,0.0
2026-09-06T18:07:53Z,2026-09-09,3,87000.0,C,0.0002,0.0004,0.0003,79833.39,79828.74,0.4924,0.01985,1e-05,3.2276,0.1,0.0
2026-09-06T18:07:53Z,2026-09-09,3,87000.0,P,0.0875,0.093,0.0901,79833.39,79828.74,0.4924,-0.98015,1e-05,3.2276,0.0,0.0
2026-09-06T18:07:53Z,2026-09-09,3,88000.0,C,0.0001,0.0003,0.0002,79833.39,79828.74,0.5172,0.01324,1e-05,2.28124,2.2,2.2
2026-09-06T18:07:53Z,2026-09-09,3,88000.0,P,0.1,0.1055,0.1025,79833.39,79828.74,0.5172,-0.98676,1e-05,2.28124,0.0,0.0
2026-09-06T18:07:53Z,2026-09-09,3,89000.0,C,0.0001,0.0002,0.0002,79833.39,79828.74,0.5608,0.01123,1e-05,1.97785,10.7,10.7
2026-09-06T18:07:53Z,2026-09-09,3,89000.0,P,0.112,0.118,0.115,79833.39,79828.74,0.5608,-0.98877,1e-05,1.97785,0.0,0.0
2026-09-06T18:07:53Z,2026-09-10,4,71000.0,C,0.1085,0.113,0.1109,79845.93,79828.74,0.5059,0.99109,1e-05,1.90403,0.0,0.0
2026-09-06T18:07:53Z,2026-09-10,4,71000.0,P,0.0001,0.0002,0.0002,79848.45,79828.74,0.5059,-0.00889,1e-05,1.90112,0.0,0.0
2026-09-06T18:07:53Z,2026-09-10,4,72000.0,C,0.095,0.1005,0.0984,79848.45,79828.74,0.4598,0.98915,1e-05,2.26293,0.0,0.0
2026-09-06T18:07:53Z,2026-09-10,4,72000.0,P,0.0001,0.0003,0.0002,79845.98,79828.74,0.4598,-0.01087,1e-05,2.26639,0.1,0.1
2026-09-06T18:07:53Z,2026-09-10,4,73000.0,C,0.0825,0.0885,0.086,79848.45,79828.74,0.434,0.9825,1e-05,3.41606,0.0,0.0
2026-09-06T18:07:53Z,2026-09-10,4,73000.0,P,0.0002,0.0004,0.0003,79848.45,79828.74,0.434,-0.0175,1e-05,3.41606,0.1,0.1
2026-09-06T18:07:53Z,2026-09-10,4,74000.0,C,0.071,0.076,0.0737,79848.45,79828.74,0.4111,0.97056,2e-05,5.29625,0.0,0.0
2026-09-06T18:07:53Z,2026-09-10,4,74000.0,P,0.0004,0.0006,0.0005,79848.45,79828.74,0.4111,-0.02944,2e-05,5.29625,8.1,8.1
2026-09-06T18:07:53Z,2026-09-10,4,75000.0,C,0.058,0.0635,0.0615,79848.45,79828.74,0.3864,0.9512,3e-05,7.99692,0.0,0.0
2026-09-06T18:07:53Z,2026-09-10,4,75000.0,P,0.0007,0.0009,0.0008,79848.45,79828.74,0.3864,-0.0488,3e-05,7.99692,2.0,2.0
2026-09-06T18:07:53Z,2026-09-10,4,76000.0,C,0.0465,0.052,0.0496,79848.45,79828.74,0.3663,0.91622,5e-05,12.16872,0.0,0.0
2026-09-06T18:07:53Z,2026-09-10,4,76000.0,P,0.0013,0.0015,0.0014,79848.45,79828.74,0.3663,-0.08378,5e-05,12.16872,14.9,14.9
2026-09-06T18:07:53Z,2026-09-10,4,77000.0,C,0.0345,0.0405,0.0383,79848.45,79828.74,0.35159999999999997,0.85565,8e-05,17.96393,0.0,0.0
2026-09-06T18:07:53Z,2026-09-10,4,77000.0,P,0.0024,0.0028,0.0026,79848.45,79828.74,0.35159999999999997,-0.14435,8e-05,17.96393,0.7,0.7
2026-09-06T18:07:53Z,2026-09-10,4,77500.0,C,0.03,0.035,0.0329,79848.45,79828.74,0.3457,0.81307,0.0001,21.23799,0.0,0.0
2026-09-06T18:07:53Z,2026-09-10,4,77500.0,P,0.0034,0.0038,0.0036,79848.45,79828.74,0.3457,-0.18693,0.0001,21.23799,0.2,0.2
2026-09-06T18:07:53Z,2026-09-10,4,78000.0,C,0.025,0.03,0.0281,79845.98,79828.74,0.3453,0.75845,0.00011,24.66132,0.0,0.0
2026-09-06T18:07:53Z,2026-09-10,4,78000.0,P,0.0046,0.0055,0.005,79848.45,79828.74,0.3453,-0.24127,0.00011,24.64642,0.0,0.0
2026-09-06T18:07:53Z,2026-09-10,4,78500.0,C,0.0205,0.0255,0.0234,79848.45,79828.74,0.34090000000000004,0.699,0.00013,27.52793,0.0,0.0
2026-09-06T18:07:53Z,2026-09-10,4,78500.0,P,0.006,0.007,0.0066,79848.45,79828.74,0.34090000000000004,-0.301,0.00013,27.52793,0.0,0.0
2026-09-06T18:07:53Z,2026-09-10,4,79000.0,C,0.018,0.02,0.0193,79848.45,79828.74,0.3394,0.63107,0.00014,29.82035,0.0,0.0
2026-09-06T18:07:53Z,2026-09-10,4,79000.0,P,0.008,0.009,0.0087,79848.45,79828.74,0.3394,-0.36893,0.00014,29.82035,0.0,0.0
2026-09-06T18:07:53Z,2026-09-10,4,79500.0,C,0.015,0.016,0.0157,79848.45,79828.74,0.34130000000000005,0.55817,0.00015,31.20231,0.0,0.0
2026-09-06T18:07:53Z,2026-09-10,4,79500.0,P,0.011,0.012,0.0114,79848.45,79828.74,0.34130000000000005,-0.44183,0.00015,31.20231,0.0,0.0
2026-09-06T18:07:53Z,2026-09-10,4,80000.0,C,0.012,0.013,0.0125,79848.45,79828.74,0.34119999999999995,0.48435,0.00015,31.51392,1.6,1.6
2026-09-06T18:07:53Z,2026-09-10,4,80000.0,P,0.014,0.015,0.0145,79848.81,79828.74,0.34119999999999995,-0.5156,0.00015,31.51423,0.0,0.0
2026-09-06T18:07:53Z,2026-09-10,4,80500.0,C,0.0095,0.0105,0.01,79848.81,79828.74,0.3448,0.4126,0.00014,30.77836,3.0,3.0
2026-09-06T18:07:53Z,2026-09-10,4,80500.0,P,0.0175,0.0185,0.0181,79848.81,79828.74,0.3448,-0.5874,0.00014,30.77836,0.0,0.0
2026-09-06T18:07:53Z,2026-09-10,4,81000.0,C,0.0075,0.008,0.0078,79848.81,79828.74,0.3479,0.34517,0.00013,29.13233,0.0,0.0
2026-09-06T18:07:53Z,2026-09-10,4,81000.0,P,0.02,0.025,0.0222,79848.81,79828.74,0.3479,-0.65483,0.00013,29.13233,0.0,0.0
2026-09-06T18:07:53Z,2026-09-10,4,81500.0,C,0.0055,0.0065,0.0062,79848.81,79828.74,0.3565,0.28696,0.00012,26.92683,0.7,0.7
2026-09-06T18:07:53Z,2026-09-10,4,81500.0,P,0.0245,0.03,0.0269,79848.81,79828.74,0.3565,-0.71304,0.00012,26.92683,0.0,0.0
2026-09-06T18:07:53Z,2026-09-10,4,82000.0,C,0.0045,0.0049,0.0048,79848.81,79828.74,0.3605,0.23361,0.00011,24.21377,0.0,0.0
2026-09-06T18:07:53Z,2026-09-10,4,82000.0,P,0.0295,0.035,0.0317,79848.81,79828.74,0.3605,-0.76639,0.00011,24.21377,0.0,0.0
2026-09-06T18:07:53Z,2026-09-10,4,82500.0,C,0.0035,0.0038,0.0037,79848.81,79828.74,0.3671,0.18929,9e-05,21.40355,0.1,0.1
2026-09-06T18:07:53Z,2026-09-10,4,82500.0,P,0.0345,0.0405,0.0369,79848.81,79828.74,0.3671,-0.81071,9e-05,21.40355,0.0,0.0
2026-09-06T18:07:53Z,2026-09-10,4,83000.0,C,0.0026,0.003,0.0029,79848.81,79828.74,0.37420000000000003,0.15239,8e-05,18.62726,0.1,0.1
2026-09-06T18:07:53Z,2026-09-10,4,83000.0,P,0.04,0.0465,0.0424,79848.46,79828.74,0.37420000000000003,-0.84764,8e-05,18.62492,0.0,0.0
2026-09-06T18:07:53Z,2026-09-10,4,84000.0,C,0.0015,0.0017,0.0017,79848.81,79828.74,0.38909999999999995,0.09743,6e-05,13.61252,1.2,1.2
2026-09-06T18:07:53Z,2026-09-10,4,84000.0,P,0.0515,0.058,0.0537,79848.46,79828.74,0.38909999999999995,-0.90259,6e-05,13.61045,0.0,0.0
2026-09-06T18:07:53Z,2026-09-10,4,85000.0,C,0.0009,0.0012,0.0011,79848.81,79828.74,0.4079,0.06326,4e-05,9.81484,0.0,0.0
2026-09-06T18:07:53Z,2026-09-10,4,85000.0,P,0.063,0.07,0.0656,79848.81,79828.74,0.4079,-0.93674,4e-05,9.81484,0.0,0.0
2026-09-06T18:07:53Z,2026-09-10,4,86000.0,C,0.0006,0.0008,0.0007,79848.81,79828.74,0.43,0.04253,3e-05,7.15947,0.0,0.0
2026-09-06T18:07:53Z,2026-09-10,4,86000.0,P,0.0755,0.082,0.0778,79848.81,79828.74,0.43,-0.95747,3e-05,7.15947,0.0,0.0
2026-09-06T18:07:53Z,2026-09-10,4,87000.0,C,0.0004,0.0005,0.0005,79848.81,79828.74,0.4507,0.02873,2e-05,5.18978,0.0,0.0
2026-09-06T18:07:53Z,2026-09-10,4,87000.0,P,0.0875,0.0945,0.09,79848.81,79828.74,0.4507,-0.97127,2e-05,5.18978,0.0,0.0
2026-09-06T18:07:53Z,2026-09-10,4,88000.0,C,0.0003,0.0004,0.0004,79848.81,79828.74,0.47729999999999995,0.02101,1e-05,3.99014,1.2,1.2
2026-09-06T18:07:53Z,2026-09-10,4,88000.0,P,0.1,0.106,0.1024,79848.81,79828.74,0.47729999999999995,-0.97899,1e-05,3.99014,0.0,0.0
2026-09-06T18:07:53Z,2026-09-10,4,89000.0,C,0.0002,0.0003,0.0003,79848.81,79828.74,0.49810000000000004,0.0148,1e-05,2.95985,0.1,0.1
2026-09-06T18:07:53Z,2026-09-10,4,89000.0,P,0.1125,0.1185,0.1149,79848.46,79828.74,0.49810000000000004,-0.9852,1e-05,2.95927,0.0,0.0
2026-09-06T18:07:53Z,2026-09-11,5,60000.0,C,0.2465,0.2505,0.2486,79849.43,79828.74,0.7525,0.9997,0.0,0.09829,0.0,0.0
2026-09-06T18:07:53Z,2026-09-11,5,60000.0,P,0.0,0.0001,0.0,79848.91,79828.74,0.7525,-0.0003,0.0,0.09832,98.1,0.0
2026-09-06T18:07:53Z,2026-09-11,5,64000.0,C,0.1965,0.2005,0.1985,79848.91,79828.74,0.6890000000000001,0.99817,0.0,0.52298,0.0,0.0
2026-09-06T18:07:53Z,2026-09-11,5,64000.0,P,0.0,0.0001,0.0,79849.43,79828.74,0.6890000000000001,-0.00183,0.0,0.52286,77.4,0.0
2026-09-06T18:07:53Z,2026-09-11,5,65000.0,C,0.184,0.188,0.186,79848.91,79828.74,0.6848000000000001,0.99675,0.0,0.87956,0.0,0.0
2026-09-06T18:07:53Z,2026-09-11,5,65000.0,P,0.0,0.0001,0.0001,79848.91,79828.74,0.6848000000000001,-0.00325,0.0,0.87956,46.8,0.5
2026-09-06T18:07:53Z,2026-09-11,5,66000.0,C,0.1715,0.1755,0.1735,79848.91,79828.74,0.6794,0.99448,0.0,1.41137,0.1,0.1
2026-09-06T18:07:53Z,2026-09-11,5,66000.0,P,0.0,0.0002,0.0001,79848.91,79828.74,0.6794,-0.00552,0.0,1.41137,363.6,2.0
2026-09-06T18:07:53Z,2026-09-11,5,67000.0,C,0.159,0.163,0.161,79849.43,79828.74,0.6315999999999999,0.99406,0.0,1.5069,0.2,0.0
2026-09-06T18:07:53Z,2026-09-11,5,67000.0,P,0.0001,0.0002,0.0001,79849.43,79828.74,0.6315999999999999,-0.00594,0.0,1.5069,410.4,0.7
2026-09-06T18:07:53Z,2026-09-11,5,68000.0,C,0.1465,0.1505,0.1486,79849.43,79828.74,0.5968,0.99259,0.0,1.83238,3.1,0.0
2026-09-06T18:07:53Z,2026-09-11,5,68000.0,P,0.0001,0.0003,0.0002,79849.43,79828.74,0.5968,-0.00741,0.0,1.83238,883.5,9.6
2026-09-06T18:07:53Z,2026-09-11,5,69000.0,C,0.134,0.138,0.136,79849.6,79828.74,0.5512,0.99173,0.0,2.01853,3.8,0.0
2026-09-06T18:07:53Z,2026-09-11,5,69000.0,P,0.0001,0.0003,0.0002,79849.6,79828.74,0.5512,-0.00827,0.0,2.01853,609.7,1.1
2026-09-06T18:07:53Z,2026-09-11,5,70000.0,C,0.1215,0.1255,0.1236,79849.43,79828.74,0.5347999999999999,0.98706,1e-05,2.98119,286.9,0.0
2026-09-06T18:07:53Z,2026-09-11,5,70000.0,P,0.0002,0.0004,0.0003,79849.43,79828.74,0.5347999999999999,-0.01294,1e-05,2.98119,722.2,3.1
2026-09-06T18:07:53Z,2026-09-11,5,71000.0,C,0.109,0.1135,0.1112,79849.6,79828.74,0.4984,0.98351,1e-05,3.67242,26.0,0.0
2026-09-06T18:07:53Z,2026-09-11,5,71000.0,P,0.0003,0.0004,0.0003,79849.43,79828.74,0.4984,-0.01649,1e-05,3.67271,465.9,0.0
2026-09-06T18:07:53Z,2026-09-11,5,72000.0,C,0.0965,0.101,0.0988,79849.43,79828.74,0.47100000000000003,0.97661,1e-05,4.94244,147.8,0.0
2026-09-06T18:07:53Z,2026-09-11,5,72000.0,P,0.0004,0.0006,0.0005,79848.91,79828.74,0.47100000000000003,-0.0234,1e-05,4.94332,501.5,8.0
2026-09-06T18:07:53Z,2026-09-11,5,73000.0,C,0.084,0.0885,0.0864,79849.43,79828.74,0.4429,0.9666,2e-05,6.64973,17.0,0.0
2026-09-06T18:07:53Z,2026-09-11,5,73000.0,P,0.0006,0.0008,0.0007,79849.6,79828.74,0.4429,-0.0334,2e-05,6.64923,1129.7,2.2
2026-09-06T18:07:53Z,2026-09-11,5,74000.0,C,0.072,0.0765,0.0742,79849.43,79828.74,0.4163,0.95106,3e-05,9.06661,17.9,0.0
2026-09-06T18:07:53Z,2026-09-11,5,74000.0,P,0.0009,0.0011,0.001,79849.6,79828.74,0.4163,-0.04894,3e-05,9.06594,835.5,86.0
2026-09-06T18:07:53Z,2026-09-11,5,75000.0,C,0.06,0.0645,0.0622,79849.6,79828.74,0.3917,0.92652,4e-05,12.46204,96.4,0.3
2026-09-06T18:07:53Z,2026-09-11,5,75000.0,P,0.0014,0.0016,0.0015,79849.43,79828.74,0.3917,-0.07349,4e-05,12.46289,909.5,26.3
2026-09-06T18:07:53Z,2026-09-11,5,76000.0,C,0.0485,0.0525,0.0505,79849.43,79828.74,0.3711,0.8868,6e-05,17.16358,103.8,0.0
2026-09-06T18:07:53Z,2026-09-11,5,76000.0,P,0.0022,0.0026,0.0023,79849.43,79828.74,0.3711,-0.1132,6e-05,17.16358,985.7,26.2
2026-09-06T18:07:53Z,2026-09-11,5,77000.0,C,0.0375,0.0415,0.0396,79849.6,79828.74,0.35979999999999995,0.82173,8e-05,23.32263,128.1,0.0
2026-09-06T18:07:53Z,2026-09-11,5,77000.0,P,0.0038,0.0043,0.004,79849.6,79828.74,0.35979999999999995,-0.17827,8e-05,23.32263,550.3,3.9
2026-09-06T18:07:53Z,2026-09-11,5,78000.0,C,0.028,0.032,0.0299,79849.43,79828.74,0.355,0.72886,0.0001,29.62967,943.1,0.7
2026-09-06T18:07:53Z,2026-09-11,5,78000.0,P,0.0065,0.007,0.0067,79849.43,79828.74,0.355,-0.27114,0.0001,29.62967,371.5,103.0
2026-09-06T18:07:53Z,2026-09-11,5,79000.0,C,0.0205,0.0225,0.0217,79849.43,79828.74,0.355,0.61367,0.00012,34.21691,271.6,6.2
2026-09-06T18:07:53Z,2026-09-11,5,79000.0,P,0.0105,0.0115,0.011,79849.6,79828.74,0.355,-0.38631,0.00012,34.21645,346.4,57.5
2026-09-06T18:07:53Z,2026-09-11,5,80000.0,C,0.0145,0.0155,0.0151,79849.6,79828.74,0.35840000000000005,0.48931,0.00012,35.66216,677.6,19.6
2026-09-06T18:07:53Z,2026-09-11,5,80000.0,P,0.0165,0.0175,0.017,79849.83,79828.74,0.35840000000000005,-0.51067,0.00012,35.66233,286.5,11.6
2026-09-06T18:07:53Z,2026-09-11,5,81000.0,C,0.0095,0.01,0.0101,79849.6,79828.74,0.3625,0.36992,0.00012,33.76129,757.7,74.2
2026-09-06T18:07:53Z,2026-09-11,5,81000.0,P,0.0235,0.0255,0.0245,79849.6,79828.74,0.3625,-0.63008,0.00012,33.76129,163.2,3.0
2026-09-06T18:07:53Z,2026-09-11,5,82000.0,C,0.0065,0.007,0.0067,79849.83,79828.74,0.3726,0.26896,0.0001,29.51038,1845.5,7.9
2026-09-06T18:07:53Z,2026-09-11,5,82000.0,P,0.032,0.036,0.0336,79849.83,79828.74,0.3726,-0.73104,0.0001,29.51038,66.1,0.0
2026-09-06T18:07:53Z,2026-09-11,5,83000.0,C,0.0042,0.0045,0.0044,79849.6,79828.74,0.38409999999999994,0.18997,8e-05,24.26455,415.9,3.5
2026-09-06T18:07:53Z,2026-09-11,5,83000.0,P,0.042,0.046,0.0439,79849.6,79828.74,0.38409999999999994,-0.81003,8e-05,24.26455,13.9,1.0
2026-09-06T18:07:53Z,2026-09-11,5,84000.0,C,0.0027,0.003,0.0029,79849.6,79828.74,0.3978,0.1324,6e-05,19.15765,1383.7,34.6
2026-09-06T18:07:53Z,2026-09-11,5,84000.0,P,0.0525,0.057,0.0549,79849.6,79828.74,0.3978,-0.8676,6e-05,19.15765,2.9,0.0
2026-09-06T18:07:53Z,2026-09-11,5,85000.0,C,0.0018,0.0019,0.0019,79849.6,79828.74,0.4102,0.09048,4e-05,14.57875,711.2,17.7
2026-09-06T18:07:53Z,2026-09-11,5,85000.0,P,0.064,0.069,0.0664,79849.83,79828.74,0.4102,-0.90951,4e-05,14.58002,32.4,0.3
2026-09-06T18:07:53Z,2026-09-11,5,86000.0,C,0.0012,0.0014,0.0013,79849.83,79828.74,0.4274,0.06347,3e-05,11.13107,1503.7,5.7
2026-09-06T18:07:53Z,2026-09-11,5,86000.0,P,0.076,0.081,0.0783,79849.6,79828.74,0.4274,-0.93653,3e-05,11.13001,1.4,0.0
2026-09-06T18:07:53Z,2026-09-11,5,88000.0,C,0.0006,0.0007,0.0006,79849.6,79828.74,0.4603,0.03147,2e-05,6.3299,1325.7,8.2
2026-09-06T18:07:53Z,2026-09-11,5,88000.0,P,0.1005,0.1055,0.1027,79849.6,79828.74,0.4603,-0.96853,2e-05,6.3299,0.0,0.0
2026-09-06T18:07:53Z,2026-09-11,5,90000.0,C,0.0003,0.0004,0.0004,79849.6,79828.74,0.5092,0.01923,1e-05,4.18868,1488.9,2.9
2026-09-06T18:07:53Z,2026-09-11,5,90000.0,P,0.125,0.13,0.1275,79849.83,79828.74,0.5092,-0.98076,1e-05,4.18913,0.1,0.0
2026-09-06T18:07:53Z,2026-09-11,5,95000.0,C,0.0001,0.0002,0.0002,79849.83,79828.74,0.623,0.00704,0.0,1.75233,616.2,1.0
2026-09-06T18:07:53Z,2026-09-11,5,95000.0,P,0.187,0.1925,0.1899,79849.6,79828.74,0.623,-0.99296,0.0,1.75215,0.1,0.0
2026-09-06T18:07:53Z,2026-09-18,12,65000.0,C,0.185,0.189,0.187,79913.3,79828.74,0.5221,0.98833,0.0,4.3407,0.0,0.0
2026-09-06T18:07:53Z,2026-09-18,12,65000.0,P,0.0003,0.0005,0.0004,79913.8,79828.74,0.5221,-0.01167,0.0,4.34007,90.1,0.6
2026-09-06T18:07:53Z,2026-09-18,12,68000.0,C,0.148,0.152,0.1498,79913.3,79828.74,0.465,0.97675,1e-05,7.82646,2.0,0.0
2026-09-06T18:07:53Z,2026-09-18,12,68000.0,P,0.0007,0.0008,0.0007,79913.3,79828.74,0.465,-0.02325,1e-05,7.82646,87.5,12.3
2026-09-06T18:07:53Z,2026-09-18,12,69000.0,C,0.1355,0.1395,0.1376,79913.3,79828.74,0.45409999999999995,0.96826,1e-05,10.14657,0.0,0.0
2026-09-06T18:07:53Z,2026-09-18,12,69000.0,P,0.001,0.0012,0.001,79913.3,79828.74,0.45409999999999995,-0.03174,1e-05,10.14657,31.2,0.4
2026-09-06T18:07:53Z,2026-09-18,12,70000.0,C,0.1235,0.1275,0.1254,79913.8,79828.74,0.4385,0.95864,1e-05,12.60178,0.0,0.0
2026-09-06T18:07:53Z,2026-09-18,12,70000.0,P,0.0013,0.0015,0.0013,79913.3,79828.74,0.4385,-0.04137,1e-05,12.60346,87.5,1.9
2026-09-06T18:07:53Z,2026-09-18,12,72000.0,C,0.0995,0.1035,0.1015,79913.3,79828.74,0.4142,0.92655,2e-05,19.82804,0.1,0.0
2026-09-06T18:07:53Z,2026-09-18,12,72000.0,P,0.0024,0.0027,0.0025,79913.8,79828.74,0.4142,-0.07344,2e-05,19.82573,1318.9,8.4
2026-09-06T18:07:53Z,2026-09-18,12,74000.0,C,0.0765,0.0805,0.0786,79913.8,79828.74,0.3917,0.87221,4e-05,29.75191,23.2,0.0
2026-09-06T18:07:53Z,2026-09-18,12,74000.0,P,0.0045,0.0048,0.0046,79913.3,79828.74,0.3917,-0.1278,4e-05,29.75476,191.5,2.9
2026-09-06T18:07:53Z,2026-09-18,12,75000.0,C,0.066,0.0695,0.0678,79913.8,79828.74,0.3843,0.8318,5e-05,35.77095,35.1,0.0
2026-09-06T18:07:53Z,2026-09-18,12,75000.0,P,0.006,0.007,0.0063,79913.3,79828.74,0.3843,-0.16822,5e-05,35.77387,356.3,8.2
2026-09-06T18:07:53Z,2026-09-18,12,76000.0,C,0.056,0.0595,0.0578,79913.8,79828.74,0.3803,0.78093,5e-05,42.03965,19.0,0.0
2026-09-06T18:07:53Z,2026-09-18,12,76000.0,P,0.0085,0.0095,0.0088,79913.8,79828.74,0.3803,-0.21907,5e-05,42.03965,172.5,6.7
2026-09-06T18:07:53Z,2026-09-18,12,77000.0,C,0.0465,0.05,0.0485,79913.8,79828.74,0.3774,0.72112,6e-05,47.81774,53.3,0.0
2026-09-06T18:07:53Z,2026-09-18,12,77000.0,P,0.0115,0.0125,0.012,79913.3,79828.74,0.3774,-0.27891,6e-05,47.82005,462.6,21.5
2026-09-06T18:07:53Z,2026-09-18,12,78000.0,C,0.039,0.041,0.0401,79913.92,79828.74,0.3764,0.65364,7e-05,52.51599,96.8,2.0
2026-09-06T18:07:53Z,2026-09-18,12,78000.0,P,0.0155,0.0165,0.0162,79914.67,79828.74,0.3764,-0.34631,7e-05,52.51358,287.7,4.9
2026-09-06T18:07:53Z,2026-09-18,12,79000.0,C,0.0325,0.033,0.0327,79914.67,79828.74,0.3766,0.58128,7e-05,55.59844,320.3,18.6
2026-09-06T18:07:53Z,2026-09-18,12,79000.0,P,0.021,0.022,0.0213,79914.67,79828.74,0.3766,-0.41872,7e-05,55.59844,179.9,1.9
2026-09-06T18:07:53Z,2026-09-18,12,80000.0,C,0.0255,0.027,0.0263,79913.92,79828.74,0.3774,0.50702,7e-05,56.77165,510.0,0.0
2026-09-06T18:07:53Z,2026-09-18,12,80000.0,P,0.027,0.028,0.0274,79913.92,79828.74,0.3774,-0.49298,7e-05,56.77165,122.1,0.0
2026-09-06T18:07:53Z,2026-09-18,12,81000.0,C,0.0205,0.0215,0.021,79914.67,79828.74,0.38060000000000005,0.43443,7e-05,56.01239,579.2,19.4
2026-09-06T18:07:53Z,2026-09-18,12,81000.0,P,0.034,0.035,0.0346,79914.67,79828.74,0.38060000000000005,-0.56557,7e-05,56.01239,32.9,0.0
2026-09-06T18:07:53Z,2026-09-18,12,82000.0,C,0.016,0.017,0.0164,79914.67,79828.74,0.38270000000000004,0.36547,7e-05,53.52113,1329.9,52.5
2026-09-06T18:07:53Z,2026-09-18,12,82000.0,P,0.0415,0.0445,0.0425,79913.92,79828.74,0.38270000000000004,-0.63458,7e-05,53.51809,26.8,0.0
2026-09-06T18:07:53Z,2026-09-18,12,83000.0,C,0.0125,0.0135,0.0129,79914.67,79828.74,0.3872,0.30336,6e-05,49.735,557.0,1.3
2026-09-06T18:07:53Z,2026-09-18,12,83000.0,P,0.0505,0.0535,0.0515,79914.67,79828.74,0.3872,-0.69664,6e-05,49.735,0.0,0.0
2026-09-06T18:07:53Z,2026-09-18,12,84000.0,C,0.0095,0.0105,0.0101,79913.92,79828.74,0.3935,0.24939,6e-05,45.16956,534.1,2.4
2026-09-06T18:07:53Z,2026-09-18,12,84000.0,P,0.0595,0.0635,0.0612,79913.92,79828.74,0.3935,-0.75061,6e-05,45.16956,0.1,0.0
2026-09-06T18:07:53Z,2026-09-18,12,85000.0,C,0.0075,0.008,0.0077,79913.92,79828.74,0.39759999999999995,0.20161,5e-05,40.03812,386.9,51.5
2026-09-06T18:07:53Z,2026-09-18,12,85000.0,P,0.0695,0.074,0.0714,79914.67,79828.74,0.39759999999999995,-0.79836,5e-05,40.04294,1.2,0.0
2026-09-06T18:07:53Z,2026-09-18,12,86000.0,C,0.0055,0.0065,0.0061,79914.67,79828.74,0.4072,0.1646,4e-05,35.2753,353.7,12.6
2026-09-06T18:07:53Z,2026-09-18,12,86000.0,P,0.0805,0.0845,0.0823,79913.92,79828.74,0.4072,-0.83543,4e-05,35.27052,0.0,0.0
2026-09-06T18:07:53Z,2026-09-18,12,88000.0,C,0.0036,0.0039,0.0037,79914.67,79828.74,0.4219,0.10658,3e-05,26.16168,396.1,5.6
2026-09-06T18:07:53Z,2026-09-18,12,88000.0,P,0.103,0.1075,0.1049,79913.92,79828.74,0.4219,-0.89344,3e-05,26.15737,0.0,0.0
2026-09-06T18:07:53Z,2026-09-18,12,90000.0,C,0.0022,0.0025,0.0024,79914.67,79828.74,0.44060000000000005,0.07005,2e-05,19.12005,410.2,2.1
2026-09-06T18:07:53Z,2026-09-18,12,90000.0,P,0.1265,0.131,0.1286,79914.67,79828.74,0.44060000000000005,-0.92995,2e-05,19.12005,0.0,0.0
2026-09-06T18:07:53Z,2026-09-18,12,95000.0,C,0.0008,0.0009,0.0009,79913.92,79828.74,0.4918,0.02678,1e-05,8.81064,147.0,6.0
2026-09-06T18:07:53Z,2026-09-18,12,95000.0,P,0.187,0.1925,0.1896,79915.55,79828.74,0.4918,-0.97321,1e-05,8.81454,0.0,0.0
2026-09-06T18:07:53Z,2026-09-25,19,30000.0,C,0.624,0.6255,0.6248,79959.75,79828.74,1.238,0.99987,0.0,0.09219,136.0,0.0
2026-09-06T18:07:53Z,2026-09-25,19,30000.0,P,0.0,0.0001,0.0,79959.0,79828.74,1.238,-0.00013,0.0,0.0922,2959.5,0.0
2026-09-06T18:07:53Z,2026-09-25,19,35000.0,C,0.561,0.563,0.5623,79959.75,79828.74,1.0855,0.99976,0.0,0.15956,29.3,0.0
2026-09-06T18:07:53Z,2026-09-25,19,35000.0,P,0.0,0.0001,0.0,79959.0,79828.74,1.0855,-0.00024,0.0,0.15958,1200.7,1.0
2026-09-06T18:07:53Z,2026-09-25,19,40000.0,C,0.498,0.501,0.4998,79959.75,79828.74,1.0495999999999999,0.99883,0.0,0.70125,34.4,0.0
2026-09-06T18:07:53Z,2026-09-25,19,40000.0,P,0.0,0.0001,0.0001,79959.75,79828.74,1.0495999999999999,-0.00117,0.0,0.70125,2816.8,5.0
2026-09-06T18:07:53Z,2026-09-25,19,45000.0,C,0.4355,0.4385,0.4373,79959.75,79828.74,0.8865999999999999,0.99853,0.0,0.86393,224.9,0.0
2026-09-06T18:07:53Z,2026-09-25,19,45000.0,P,0.0,0.0001,0.0001,79959.75,79828.74,0.8865999999999999,-0.00147,0.0,0.86393,2177.0,5.1
2026-09-06T18:07:53Z,2026-09-25,19,50000.0,C,0.373,0.376,0.3748,79959.75,79828.74,0.7673000000000001,0.99743,0.0,1.43288,30.1,0.0
2026-09-06T18:07:53Z,2026-09-25,19,50000.0,P,0.0,0.0001,0.0001,79960.69,79828.74,0.7673000000000001,-0.00256,0.0,1.43263,3750.9,3.9
2026-09-06T18:07:53Z,2026-09-25,19,52000.0,C,0.348,0.3515,0.3498,79959.92,79828.74,0.7106,0.99715,0.0,1.57759,150.2,0.0
2026-09-06T18:07:53Z,2026-09-25,19,52000.0,P,0.0001,0.0002,0.0001,79959.92,79828.74,0.7106,-0.00285,0.0,1.57759,1200.7,16.3
2026-09-06T18:07:53Z,2026-09-25,19,54000.0,C,0.323,0.3265,0.3248,79959.92,79828.74,0.6708,0.9962,0.0,2.04124,7.4,0.0
2026-09-06T18:07:53Z,2026-09-25,19,54000.0,P,0.0001,0.0002,0.0002,79960.69,79828.74,0.6708,-0.0038,0.0,2.04091,768.9,1.1
2026-09-06T18:07:53Z,2026-09-25,19,55000.0,C,0.3105,0.314,0.3124,79959.92,79828.74,0.6631999999999999,0.995,0.0,2.60894,143.7,0.0
2026-09-06T18:07:53Z,2026-09-25,19,55000.0,P,0.0002,0.0004,0.0002,79960.69,79828.74,0.6631999999999999,-0.005,0.0,2.60853,3073.6,0.0
2026-09-06T18:07:53Z,2026-09-25,19,56000.0,C,0.298,0.3015,0.2999,79960.69,79828.74,0.6437999999999999,0.99421,0.0,2.97078,13.4,0.0
2026-09-06T18:07:53Z,2026-09-25,19,56000.0,P,0.0002,0.0004,0.0003,79960.69,79828.74,0.6437999999999999,-0.00579,0.0,2.97078,1664.0,0.1
2026-09-06T18:07:53Z,2026-09-25,19,58000.0,C,0.273,0.277,0.275,79960.69,79828.74,0.6053999999999999,0.99223,0.0,3.85598,460.7,0.0
2026-09-06T18:07:53Z,2026-09-25,19,58000.0,P,0.0003,0.0005,0.0004,79960.69,79828.74,0.6053999999999999,-0.00777,0.0,3.85598,1315.7,0.0
2026-09-06T18:07:53Z,2026-09-25,19,60000.0,C,0.2485,0.252,0.25,79960.69,79828.74,0.5587,0.9904,0.0,4.64142,837.0,0.0
2026-09-06T18:07:53Z,2026-09-25,19,60000.0,P,0.0004,0.0005,0.0004,79959.92,79828.74,0.5587,-0.00961,0.0,4.64221,5321.2,1.6
2026-09-06T18:07:53Z,2026-09-25,19,62000.0,C,0.2235,0.227,0.2253,79959.92,79828.74,0.5349,0.98493,0.0,6.85853,597.4,0.0
2026-09-06T18:07:53Z,2026-09-25,19,62000.0,P,0.0007,0.0008,0.0007,79960.69,79828.74,0.5349,-0.01507,0.0,6.85741,1426.9,1.5
2026-09-06T18:07:53Z,2026-09-25,19,64000.0,C,0.1985,0.2025,0.2005,79960.69,79828.74,0.5001,0.97882,1e-05,9.1696,663.4,0.0
2026-09-06T18:07:53Z,2026-09-25,19,64000.0,P,0.0009,0.001,0.0009,79960.69,79828.74,0.5001,-0.02118,1e-05,9.1696,1202.6,0.0
2026-09-06T18:07:53Z,2026-09-25,19,65000.0,C,0.1865,0.19,0.1882,79960.69,79828.74,0.485,0.97428,1e-05,10.79683,1275.9,0.0
2026-09-06T18:07:53Z,2026-09-25,19,65000.0,P,0.0011,0.0012,0.0011,79960.69,79828.74,0.485,-0.02572,1e-05,10.79683,980.2,3.7
2026-09-06T18:07:53Z,2026-09-25,19,66000.0,C,0.174,0.178,0.1759,79960.69,79828.74,0.4686,0.9691,1e-05,12.57712,970.0,0.0
2026-09-06T18:07:53Z,2026-09-25,19,66000.0,P,0.0013,0.0015,0.0013,79960.69,79828.74,0.4686,-0.0309,1e-05,12.57712,1602.8,0.5
2026-09-06T18:07:53Z,2026-09-25,19,68000.0,C,0.1495,0.154,0.1515,79959.92,79828.74,0.4395,0.95388,1e-05,17.44012,890.0,0.3
2026-09-06T18:07:53Z,2026-09-25,19,68000.0,P,0.002,0.0022,0.002,79960.69,79828.74,0.4395,-0.04611,1e-05,17.43743,1859.7,2.3
2026-09-06T18:07:53Z,2026-09-25,19,70000.0,C,0.1255,0.1295,0.1276,79960.69,79828.74,0.413,0.92984,2e-05,24.26451,10962.4,3.0
2026-09-06T18:07:53Z,2026-09-25,19,70000.0,P,0.0031,0.0032,0.003,79960.82,79828.74,0.413,-0.07016,2e-05,24.26448,8722.2,1.6
2026-09-06T18:07:53Z,2026-09-25,19,72000.0,C,0.1025,0.1065,0.1046,79960.4,79828.74,0.39740000000000003,0.88773,3e-05,34.41991,3314.4,4.1
2026-09-06T18:07:53Z,2026-09-25,19,72000.0,P,0.005,0.0055,0.0051,79960.82,79828.74,0.39740000000000003,-0.11226,3e-05,34.41764,2175.2,0.1
2026-09-06T18:07:53Z,2026-09-25,19,73000.0,C,0.0915,0.0955,0.0934,79960.82,79828.74,0.3862,0.86189,3e-05,39.78152,41.0,0.0
2026-09-06T18:07:53Z,2026-09-25,19,73000.0,P,0.006,0.007,0.0064,79960.4,79828.74,0.3862,-0.13812,3e-05,39.78392,770.0,6.8
2026-09-06T18:07:53Z,2026-09-25,19,74000.0,C,0.081,0.084,0.0829,79960.4,79828.74,0.38170000000000004,0.82706,4e-05,46.15316,1467.5,0.1
2026-09-06T18:07:53Z,2026-09-25,19,74000.0,P,0.008,0.009,0.0083,79960.82,79828.74,0.38170000000000004,-0.17293,4e-05,46.15075,525.8,23.2
2026-09-06T18:07:53Z,2026-09-25,19,75000.0,C,0.071,0.0745,0.0728,79960.4,79828.74,0.3771,0.78676,4e-05,52.45798,3352.8,0.0
2026-09-06T18:07:53Z,2026-09-25,19,75000.0,P,0.0105,0.011,0.0108,79960.4,79828.74,0.3771,-0.21324,4e-05,52.45798,4592.1,3.8
2026-09-06T18:07:53Z,2026-09-25,19,76000.0,C,0.062,0.064,0.0633,79960.82,79828.74,0.3729,0.74085,5e-05,58.4154,2855.7,13.6
2026-09-06T18:07:53Z,2026-09-25,19,76000.0,P,0.0135,0.0145,0.0137,79960.82,79828.74,0.3729,-0.25915,5e-05,58.4154,947.6,0.7
2026-09-06T18:07:53Z,2026-09-25,19,77000.0,C,0.053,0.0555,0.0546,79960.4,79828.74,0.37170000000000003,0.68858,5e-05,63.76888,290.3,0.0
2026-09-06T18:07:53Z,2026-09-25,19,77000.0,P,0.017,0.018,0.0176,79960.82,79828.74,0.37170000000000003,-0.3114,5e-05,63.76725,1094.5,1.8
2026-09-06T18:07:53Z,2026-09-25,19,78000.0,C,0.0455,0.0475,0.0466,79960.4,79828.74,0.3699,0.63276,6e-05,67.94442,5366.4,0.1
2026-09-06T18:07:53Z,2026-09-25,19,78000.0,P,0.0215,0.0225,0.0221,79960.4,79828.74,0.3699,-0.36724,6e-05,67.94442,2721.0,19.2
2026-09-06T18:07:53Z,2026-09-25,19,79000.0,C,0.039,0.04,0.0395,79960.4,79828.74,0.3703,0.57394,6e-05,70.72769,2289.7,0.1
2026-09-06T18:07:53Z,2026-09-25,19,79000.0,P,0.027,0.0275,0.0275,79960.4,79828.74,0.3703,-0.42606,6e-05,70.72769,1036.3,0.6
2026-09-06T18:07:53Z,2026-09-25,19,80000.0,C,0.0325,0.0335,0.0331,79960.4,79828.74,0.371,0.51433,6e-05,71.92091,6926.3,18.1
2026-09-06T18:07:53Z,2026-09-25,19,80000.0,P,0.033,0.034,0.0336,79960.4,79828.74,0.371,-0.48567,6e-05,71.92091,1519.5,0.6
2026-09-06T18:07:53Z,2026-09-25,19,81000.0,C,0.027,0.028,0.0277,79960.4,79828.74,0.3732,0.45567,6e-05,71.52266,2502.0,19.8
2026-09-06T18:07:53Z,2026-09-25,19,81000.0,P,0.04,0.041,0.0407,79960.4,79828.74,0.3732,-0.54433,6e-05,71.52266,486.6,0.1
2026-09-06T18:07:53Z,2026-09-25,19,82000.0,C,0.0225,0.0235,0.0231,79960.47,79828.74,0.37670000000000003,0.39979,6e-05,69.68487,7083.9,0.8
2026-09-06T18:07:53Z,2026-09-25,19,82000.0,P,0.0475,0.05,0.0486,79960.43,79828.74,0.37670000000000003,-0.60021,6e-05,69.68473,273.9,0.0
2026-09-06T18:07:53Z,2026-09-25,19,83000.0,C,0.0185,0.0195,0.0191,79960.43,79828.74,0.3799,0.34737,5e-05,66.63352,1215.9,0.7
2026-09-06T18:07:53Z,2026-09-25,19,83000.0,P,0.056,0.0585,0.0571,79960.47,79828.74,0.3799,-0.65263,5e-05,66.63371,20.3,0.0
2026-09-06T18:07:53Z,2026-09-25,19,84000.0,C,0.0155,0.016,0.0158,79960.43,79828.74,0.3843,0.29976,5e-05,62.69923,5079.7,0.4
2026-09-06T18:07:53Z,2026-09-25,19,84000.0,P,0.064,0.0685,0.0663,79960.43,79828.74,0.3843,-0.70024,5e-05,62.69923,47.4,0.0
2026-09-06T18:07:53Z,2026-09-25,19,85000.0,C,0.013,0.0135,0.013,79960.47,79828.74,0.38880000000000003,0.25688,5e-05,58.14882,9074.6,1.7
2026-09-06T18:07:53Z,2026-09-25,19,85000.0,P,0.074,0.078,0.076,79960.43,79828.74,0.38880000000000003,-0.74313,5e-05,58.14858,454.8,0.0
2026-09-06T18:07:53Z,2026-09-25,19,86000.0,C,0.0105,0.011,0.0107,79960.47,79828.74,0.3937,0.21906,4e-05,53.28325,1847.2,3.2
2026-09-06T18:07:53Z,2026-09-25,19,86000.0,P,0.084,0.0885,0.0862,79960.47,79828.74,0.3937,-0.78094,4e-05,53.28325,11.7,0.0
2026-09-06T18:07:53Z,2026-09-25,19,87000.0,C,0.0085,0.009,0.0087,79960.43,79828.74,0.39770000000000005,0.18524,4e-05,48.19121,10.4,2.0
2026-09-06T18:07:53Z,2026-09-25,19,87000.0,P,0.0945,0.099,0.0968,79960.47,79828.74,0.39770000000000005,-0.81476,4e-05,48.19147,0.0,0.0
2026-09-06T18:07:53Z,2026-09-25,19,88000.0,C,0.007,0.0075,0.0072,79960.43,79828.74,0.4035,0.15697,3e-05,43.3452,1525.7,0.9
2026-09-06T18:07:53Z,2026-09-25,19,88000.0,P,0.1055,0.11,0.1077,79960.47,79828.74,0.4035,-0.84303,3e-05,43.34546,5.8,0.0
2026-09-06T18:07:53Z,2026-09-25,19,90000.0,C,0.0047,0.0049,0.0051,79960.43,79828.74,0.42060000000000003,0.11528,3e-05,35.07573,8821.4,1.1
2026-09-06T18:07:53Z,2026-09-25,19,90000.0,P,0.1285,0.133,0.1307,79960.43,79828.74,0.42060000000000003,-0.88472,3e-05,35.07573,579.9,0.0
2026-09-06T18:07:53Z,2026-09-25,19,92000.0,C,0.0033,0.0037,0.0035,79960.43,79828.74,0.4321,0.08228,2e-05,27.39419,1294.6,0.0
2026-09-06T18:07:53Z,2026-09-25,19,92000.0,P,0.1515,0.157,0.1541,79960.43,79828.74,0.4321,-0.91772,2e-05,27.39419,7.7,0.0
2026-09-06T18:07:53Z,2026-09-25,19,94000.0,C,0.0024,0.0027,0.0026,79960.43,79828.74,0.4484,0.06075,1e-05,21.69817,877.3,2.0
2026-09-06T18:07:53Z,2026-09-25,19,94000.0,P,0.1755,0.181,0.1781,79960.47,79828.74,0.4484,-0.93925,1e-05,21.69835,1.9,0.0
2026-09-06T18:07:53Z,2026-09-25,19,95000.0,C,0.002,0.0023,0.0022,79960.43,79828.74,0.45549999999999996,0.05202,1e-05,19.20032,5581.2,0.2
2026-09-06T18:07:53Z,2026-09-25,19,95000.0,P,0.1875,0.193,0.1902,79960.43,79828.74,0.45549999999999996,-0.94798,1e-05,19.20032,147.6,0.0
2026-09-06T18:07:53Z,2026-09-25,19,96000.0,C,0.0017,0.0021,0.0019,79960.47,79828.74,0.4647,0.04537,1e-05,17.21313,1825.0,1.0
2026-09-06T18:07:53Z,2026-09-25,19,96000.0,P,0.1995,0.2055,0.2025,79960.47,79828.74,0.4647,-0.95463,1e-05,17.21313,1.0,0.0
2026-09-06T18:07:53Z,2026-09-25,19,98000.0,C,0.0013,0.0016,0.0014,79960.47,79828.74,0.4829,0.03492,1e-05,13.91258,1128.1,5.8
2026-09-06T18:07:53Z,2026-09-25,19,98000.0,P,0.2245,0.23,0.2271,79960.19,79828.74,0.4829,-0.96508,1e-05,13.91138,0.1,0.0
2026-09-06T18:07:53Z,2026-09-25,19,100000.0,C,0.001,0.0012,0.0011,79960.19,79828.74,0.5006,0.0272,1e-05,11.31238,7278.5,0.1
2026-09-06T18:07:53Z,2026-09-25,19,100000.0,P,0.249,0.2545,0.2517,79960.43,79828.74,0.5006,-0.9728,1e-05,11.31299,336.1,0.0
2026-09-06T18:07:53Z,2026-09-25,19,102000.0,C,0.0007,0.001,0.0009,79960.19,79828.74,0.515,0.02082,1e-05,9.03583,199.1,0.0
2026-09-06T18:07:53Z,2026-09-25,19,102000.0,P,0.2735,0.2795,0.2765,79960.19,79828.74,0.515,-0.97918,1e-05,9.03583,0.4,0.0
2026-09-06T18:07:53Z,2026-09-25,19,105000.0,C,0.0004,0.0007,0.0005,79960.19,79828.74,0.5318,0.01352,0.0,6.24765,1538.2,3.0
2026-09-06T18:07:53Z,2026-09-25,19,105000.0,P,0.311,0.3165,0.3137,79960.43,79828.74,0.5318,-0.98648,0.0,6.24801,105.4,0.0
2026-09-06T18:07:53Z,2026-09-25,19,110000.0,C,0.0003,0.0004,0.0003,79960.19,79828.74,0.5687,0.00773,0.0,3.83483,1519.0,0.0
2026-09-06T18:07:53Z,2026-09-25,19,110000.0,P,0.373,0.379,0.376,79960.19,79828.74,0.5687,-0.99227,0.0,3.83483,215.7,0.0
2026-09-06T18:07:53Z,2026-09-25,19,115000.0,C,0.0001,0.0003,0.0002,79960.43,79828.74,0.6012,0.00451,0.0,2.3772,2159.9,0.0
2026-09-06T18:07:53Z,2026-09-25,19,115000.0,P,0.435,0.4415,0.4384,79960.19,79828.74,0.6012,-0.99549,0.0,2.37706,93.7,0.0
2026-09-06T18:07:53Z,2026-09-25,19,120000.0,C,0.0001,0.0002,0.0001,79960.19,79828.74,0.6478,0.00342,0.0,1.85704,1331.6,0.0
2026-09-06T18:07:53Z,2026-09-25,19,120000.0,P,0.497,0.504,0.5009,79960.19,79828.74,0.6478,-0.99658,0.0,1.85704,174.5,0.0
2026-09-06T18:07:53Z,2026-09-25,19,125000.0,C,0.0001,0.0002,0.0001,79960.43,79828.74,0.7048000000000001,0.00316,0.0,1.73174,2322.5,2.0
2026-09-06T18:07:53Z,2026-09-25,19,125000.0,P,0.56,0.567,0.5634,79960.19,79828.74,0.7048000000000001,-0.99684,0.0,1.73164,21.7,0.0
2026-09-06T18:07:53Z,2026-09-25,19,130000.0,C,0.0,0.0001,0.0001,79960.19,79828.74,0.7067,0.0015,0.0,0.87868,1452.2,0.0
2026-09-06T18:07:53Z,2026-09-25,19,130000.0,P,0.6225,0.6295,0.6259,79960.19,79828.74,0.7067,-0.9985,0.0,0.87868,21.4,0.0
2026-09-06T18:07:53Z,2026-09-25,19,135000.0,C,0.0,0.0001,0.0,79960.19,79828.74,0.7169,0.0008,0.0,0.49226,472.8,0.0
2026-09-06T18:07:53Z,2026-09-25,19,135000.0,P,0.6845,0.692,0.6884,79960.43,79828.74,0.7169,-0.9992,0.0,0.49229,11.5,0.0
2026-09-06T18:07:53Z,2026-09-25,19,140000.0,C,0.0,0.0001,0.0,79960.19,79828.74,0.7598999999999999,0.00073,0.0,0.45633,1210.3,0.0
2026-09-06T18:07:53Z,2026-09-25,19,140000.0,P,0.747,0.755,0.7509,79960.19,79828.74,0.7598999999999999,-0.99927,0.0,0.45633,1.4,0.0
2026-09-06T18:07:53Z,2026-09-25,19,145000.0,C,0.0,0.0001,0.0,79960.43,79828.74,0.7775,0.00047,0.0,0.30512,490.3,0.0
2026-09-06T18:07:53Z,2026-09-25,19,145000.0,P,0.809,0.8175,0.8134,79960.43,79828.74,0.7775,-0.99953,0.0,0.30512,0.2,0.0
2026-09-06T18:07:53Z,2026-09-25,19,150000.0,C,0.0,0.0001,0.0,79960.43,79828.74,0.8114,0.00041,0.0,0.26742,768.8,0.0
2026-09-06T18:07:53Z,2026-09-25,19,150000.0,P,0.8715,0.88,0.8759,79960.19,79828.74,0.8114,-0.99959,0.0,0.26741,4.5,0.0
2026-09-06T18:07:53Z,2026-09-25,19,155000.0,C,0.0,0.0001,0.0,79960.21,79828.74,0.8133,0.00022,0.0,0.14895,378.0,0.0
2026-09-06T18:07:53Z,2026-09-25,19,155000.0,P,0.934,0.9425,0.9385,79960.71,79828.74,0.8133,-0.99978,0.0,0.14897,0.1,0.0
2026-09-06T18:07:53Z,2026-09-25,19,160000.0,C,0.0,0.0001,0.0,79960.71,79828.74,0.8188,0.00012,0.0,0.08788,1498.4,0.0
2026-09-06T18:07:53Z,2026-09-25,19,160000.0,P,0.996,1.0095,1.001,79960.71,79828.74,0.8188,-0.99988,0.0,0.08788,0.6,0.0
2026-09-06T18:07:53Z,2026-09-25,19,165000.0,C,0.0,0.0001,0.0,79960.71,79828.74,0.8449,0.00011,0.0,0.07526,266.6,0.0
2026-09-06T18:07:53Z,2026-09-25,19,165000.0,P,1.058,1.07,1.0635,79960.71,79828.74,0.8449,-0.99989,0.0,0.07526,0.0,0.0
2026-09-06T18:07:53Z,2026-09-25,19,170000.0,C,0.0,0.0001,0.0,79960.21,79828.74,0.8693000000000001,9e-05,0.0,0.06408,444.9,0.0
2026-09-06T18:07:53Z,2026-09-25,19,170000.0,P,1.12,1.133,1.1261,79960.71,79828.74,0.8693000000000001,-0.99991,0.0,0.06409,0.0,0.0
2026-09-06T18:07:53Z,2026-09-25,19,175000.0,C,0.0,0.0001,0.0,79960.71,79828.74,0.89,7e-05,0.0,0.05259,1904.8,0.0
2026-09-06T18:07:53Z,2026-09-25,19,175000.0,P,1.1835,1.1955,1.1886,79960.71,79828.74,0.89,-0.99993,0.0,0.05259,3.3,0.0
2026-09-06T18:07:53Z,2026-09-25,19,180000.0,C,0.0,0.0001,0.0,79960.71,79828.74,0.9184,7e-05,0.0,0.0502,792.3,0.0
2026-09-06T18:07:53Z,2026-09-25,19,180000.0,P,1.245,1.2605,1.2511,79960.71,79828.74,0.9184,-0.99993,0.0,0.0502,10.5,0.0
2026-09-06T18:07:53Z,2026-09-25,19,190000.0,C,0.0,0.0001,0.0,79960.21,79828.74,0.9386,3e-05,0.0,0.026,762.1,0.0
2026-09-06T18:07:53Z,2026-09-25,19,190000.0,P,1.3705,1.387,1.3762,79960.21,79828.74,0.9386,-0.99997,0.0,0.026,0.0,0.0
2026-09-06T18:07:53Z,2026-09-25,19,200000.0,C,0.0,0.0001,0.0,79960.71,79828.74,0.9823999999999999,3e-05,0.0,0.02178,1018.5,0.0
2026-09-06T18:07:53Z,2026-09-25,19,200000.0,P,1.4935,1.5095,1.5012,79960.71,79828.74,0.9823999999999999,-0.99997,0.0,0.02178,3.2,0.0
2026-09-06T18:07:53Z,2026-09-25,19,220000.0,C,0.0,0.0001,0.0,79960.21,79828.74,1.0735999999999999,2e-05,0.0,0.01916,241.9,0.0
2026-09-06T18:07:53Z,2026-09-25,19,220000.0,P,1.744,1.7605,1.7514,79960.21,79828.74,1.0735999999999999,-0.99998,0.0,0.01916,27.7,0.0
2026-09-06T18:07:53Z,2026-09-25,19,240000.0,C,0.0,0.0001,0.0,79960.71,79828.74,1.156,2e-05,0.0,0.01719,211.9,0.0
2026-09-06T18:07:53Z,2026-09-25,19,240000.0,P,1.992,2.011,2.0015,79960.71,79828.74,1.156,-0.99998,0.0,0.01719,0.0,0.0
2026-09-06T18:07:53Z,2026-09-25,19,260000.0,C,0.0,0.0001,0.0,79960.71,79828.74,1.2309,2e-05,0.0,0.01562,293.3,0.0
2026-09-06T18:07:53Z,2026-09-25,19,260000.0,P,2.244,2.2665,2.2516,79960.71,79828.74,1.2309,-0.99998,0.0,0.01562,0.0,0.0
2026-09-06T18:07:53Z,2026-09-25,19,280000.0,C,0.0,0.0001,0.0,79960.21,79828.74,1.2987,2e-05,0.0,0.01417,76.1,0.0
2026-09-06T18:07:53Z,2026-09-25,19,280000.0,P,2.492,2.517,2.5017,79960.71,79828.74,1.2987,-0.99998,0.0,0.01417,0.0,0.0
2026-09-06T18:07:53Z,2026-09-25,19,300000.0,C,0.0,0.0001,0.0,79960.21,79828.74,1.3629,2e-05,0.0,0.01328,196.3,0.0
2026-09-06T18:07:53Z,2026-09-25,19,300000.0,P,2.743,2.7695,2.7519,79960.71,79828.74,1.3629,-0.99998,0.0,0.01329,0.0,0.0
2026-09-06T18:07:53Z,2026-09-25,19,320000.0,C,0.0,0.0001,0.0,79960.71,79828.74,1.4015,1e-05,0.0,0.00945,304.6,0.0
2026-09-06T18:07:53Z,2026-09-25,19,320000.0,P,2.9925,3.0155,3.002,79960.71,79828.74,1.4015,-0.99999,0.0,0.00945,25.1,0.0
2026-09-06T18:07:53Z,2026-10-30,54,40000.0,C,0.501,0.5035,0.5024,80306.94,79828.74,0.7411,0.99529,0.0,4.21434,0.1,0.0
2026-09-06T18:07:53Z,2026-10-30,54,40000.0,P,0.0004,0.0007,0.0005,80306.94,79828.74,0.7411,-0.00471,0.0,4.21434,77.8,0.5
2026-09-06T18:07:53Z,2026-10-30,54,45000.0,C,0.439,0.442,0.4405,80306.94,79828.74,0.6729999999999999,0.99123,0.0,7.31115,0.1,0.0
2026-09-06T18:07:53Z,2026-10-30,54,45000.0,P,0.0008,0.001,0.0008,80306.94,79828.74,0.6729999999999999,-0.00877,0.0,7.31115,220.0,1.2
2026-09-06T18:07:53Z,2026-10-30,54,48000.0,C,0.402,0.405,0.4033,80306.94,79828.74,0.6225,0.98861,0.0,9.18477,0.1,0.0
2026-09-06T18:07:53Z,2026-10-30,54,48000.0,P,0.001,0.0012,0.001,80306.94,79828.74,0.6225,-0.01139,0.0,9.18477,194.3,0.0
2026-09-06T18:07:53Z,2026-10-30,54,50000.0,C,0.377,0.38,0.3787,80306.94,79828.74,0.5984,0.98543,0.0,11.36611,0.1,0.0
2026-09-06T18:07:53Z,2026-10-30,54,50000.0,P,0.0013,0.0015,0.0013,80306.94,79828.74,0.5984,-0.01457,0.0,11.36611,329.1,0.7
2026-09-06T18:07:53Z,2026-10-30,54,52000.0,C,0.3525,0.3555,0.354,80306.94,79828.74,0.5671,0.98252,0.0,13.28446,0.1,0.0
2026-09-06T18:07:53Z,2026-10-30,54,52000.0,P,0.0013,0.0015,0.0015,80306.94,79828.74,0.5671,-0.01748,0.0,13.28446,122.0,0.0
2026-09-06T18:07:53Z,2026-10-30,54,54000.0,C,0.3275,0.331,0.3294,80306.94,79828.74,0.5418999999999999,0.97807,0.0,16.10686,0.1,0.0
2026-09-06T18:07:53Z,2026-10-30,54,54000.0,P,0.0017,0.0019,0.0018,80306.94,79828.74,0.5418999999999999,-0.02193,0.0,16.10686,189.7,0.0
2026-09-06T18:07:53Z,2026-10-30,54,55000.0,C,0.3155,0.319,0.3172,80306.94,79828.74,0.5314,0.97506,0.0,17.94358,0.1,0.0
2026-09-06T18:07:53Z,2026-10-30,54,55000.0,P,0.0019,0.0021,0.0021,80306.94,79828.74,0.5314,-0.02494,0.0,17.94358,311.1,0.1
2026-09-06T18:07:53Z,2026-10-30,54,56000.0,C,0.303,0.307,0.305,80306.94,79828.74,0.5207,0.97173,0.0,19.93005,0.0,0.0
2026-09-06T18:07:53Z,2026-10-30,54,56000.0,P,0.0021,0.0026,0.0023,80306.94,79828.74,0.5207,-0.02827,0.0,19.93005,463.9,0.0
2026-09-06T18:07:53Z,2026-10-30,54,57000.0,C,0.291,0.2945,0.2928,80306.94,79828.74,0.509,0.96822,0.0,21.95572,0.1,0.0
2026-09-06T18:07:53Z,2026-10-30,54,57000.0,P,0.0024,0.0028,0.0026,80306.94,79828.74,0.509,-0.03178,0.0,21.95572,207.6,1.1
2026-09-06T18:07:53Z,2026-10-30,54,58000.0,C,0.279,0.2825,0.2807,80306.94,79828.74,0.498,0.96414,1e-05,24.25255,0.0,0.0
2026-09-06T18:07:53Z,2026-10-30,54,58000.0,P,0.0027,0.0032,0.0029,80306.94,79828.74,0.498,-0.03586,1e-05,24.25255,329.8,0.0
2026-09-06T18:07:53Z,2026-10-30,54,59000.0,C,0.2665,0.2705,0.2685,80306.94,79828.74,0.48560000000000003,0.95996,1e-05,26.5343,1.0,0.0
2026-09-06T18:07:53Z,2026-10-30,54,59000.0,P,0.003,0.0035,0.0032,80306.94,79828.74,0.48560000000000003,-0.04004,1e-05,26.5343,84.7,0.0
2026-09-06T18:07:53Z,2026-10-30,54,60000.0,C,0.2545,0.2585,0.2565,80306.94,79828.74,0.4755,0.9546,1e-05,29.37037,16.5,0.0
2026-09-06T18:07:53Z,2026-10-30,54,60000.0,P,0.0034,0.0039,0.0036,80307.06,79828.74,0.4755,-0.0454,1e-05,29.36996,1542.7,4.5
2026-09-06T18:07:53Z,2026-10-30,54,61000.0,C,0.2425,0.2465,0.2445,80307.06,79828.74,0.4642,0.94899,1e-05,32.24134,7.7,0.0
2026-09-06T18:07:53Z,2026-10-30,54,61000.0,P,0.0039,0.0043,0.0041,80307.06,79828.74,0.4642,-0.05101,1e-05,32.24134,261.5,0.5
2026-09-06T18:07:53Z,2026-10-30,54,62000.0,C,0.231,0.2345,0.2326,80307.06,79828.74,0.4551,0.94192,1e-05,35.72678,13.5,0.0
2026-09-06T18:07:53Z,2026-10-30,54,62000.0,P,0.0045,0.0049,0.0046,80307.06,79828.74,0.4551,-0.05808,1e-05,35.72678,1201.0,8.0
2026-09-06T18:07:53Z,2026-10-30,54,63000.0,C,0.219,0.223,0.2209,80306.94,79828.74,0.4487,0.93293,1e-05,39.97329,153.2,0.0
2026-09-06T18:07:53Z,2026-10-30,54,63000.0,P,0.005,0.006,0.0054,80307.06,79828.74,0.4487,-0.06707,1e-05,39.97283,515.0,0.0
2026-09-06T18:07:53Z,2026-10-30,54,64000.0,C,0.2075,0.211,0.209,80306.94,79828.74,0.4355,0.92561,1e-05,43.28285,416.8,0.0
2026-09-06T18:07:53Z,2026-10-30,54,64000.0,P,0.0055,0.0065,0.0059,80307.06,79828.74,0.4355,-0.07439,1e-05,43.28236,614.1,0.0
2026-09-06T18:07:53Z,2026-10-30,54,65000.0,C,0.196,0.1995,0.1975,80307.06,79828.74,0.429,0.91448,1e-05,48.09501,434.5,0.0
2026-09-06T18:07:53Z,2026-10-30,54,65000.0,P,0.0065,0.0075,0.0069,80307.06,79828.74,0.429,-0.08552,1e-05,48.09501,547.1,0.1
2026-09-06T18:07:53Z,2026-10-30,54,66000.0,C,0.1845,0.188,0.1861,80307.06,79828.74,0.4208,0.9028,1e-05,52.88595,89.5,0.0
2026-09-06T18:07:53Z,2026-10-30,54,66000.0,P,0.0075,0.0085,0.0079,80307.06,79828.74,0.4208,-0.0972,1e-05,52.88595,163.2,1.0
2026-09-06T18:07:53Z,2026-10-30,54,67000.0,C,0.173,0.175,0.175,80307.06,79828.74,0.41600000000000004,0.88809,1e-05,58.57207,108.4,0.0
2026-09-06T18:07:53Z,2026-10-30,54,67000.0,P,0.0085,0.0095,0.0093,80307.06,79828.74,0.41600000000000004,-0.11191,1e-05,58.57207,411.7,1.2
2026-09-06T18:07:53Z,2026-10-30,54,68000.0,C,0.162,0.1655,0.1638,80307.06,79828.74,0.4079,0.87337,2e-05,63.9112,518.8,0.0
2026-09-06T18:07:53Z,2026-10-30,54,68000.0,P,0.01,0.011,0.0106,80307.06,79828.74,0.4079,-0.12663,2e-05,63.9112,1514.0,1.7
2026-09-06T18:07:53Z,2026-10-30,54,69000.0,C,0.1515,0.155,0.1531,80307.06,79828.74,0.4031,0.85539,2e-05,69.99988,685.1,0.0
2026-09-06T18:07:53Z,2026-10-30,54,69000.0,P,0.012,0.0125,0.0123,80307.06,79828.74,0.4031,-0.14461,2e-05,69.99988,295.5,0.1
2026-09-06T18:07:53Z,2026-10-30,54,70000.0,C,0.141,0.1445,0.1426,80307.06,79828.74,0.39770000000000005,0.8359,2e-05,76.10583,1099.6,0.0
2026-09-06T18:07:53Z,2026-10-30,54,70000.0,P,0.0135,0.0145,0.0142,80306.94,79828.74,0.39770000000000005,-0.1641,2e-05,76.10645,878.7,0.8
2026-09-06T18:07:53Z,2026-10-30,54,71000.0,C,0.1305,0.134,0.1322,80307.06,79828.74,0.3917,0.81485,2e-05,82.16987,977.5,0.0
2026-09-06T18:07:53Z,2026-10-30,54,71000.0,P,0.016,0.017,0.0163,80307.06,79828.74,0.3917,-0.18515,2e-05,82.16987,112.7,0.1
2026-09-06T18:07:53Z,2026-10-30,54,72000.0,C,0.121,0.1245,0.1222,80307.06,79828.74,0.3868,0.79129,2e-05,88.35349,468.4,0.1
2026-09-06T18:07:53Z,2026-10-30,54,72000.0,P,0.0185,0.0195,0.0188,80307.06,79828.74,0.3868,-0.20871,2e-05,88.35349,408.2,0.4
2026-09-06T18:07:53Z,2026-10-30,54,73000.0,C,0.1115,0.115,0.1128,80307.06,79828.74,0.3836,0.76503,3e-05,94.54447,634.0,0.1
2026-09-06T18:07:53Z,2026-10-30,54,73000.0,P,0.0215,0.0225,0.0218,80307.06,79828.74,0.3836,-0.23497,3e-05,94.54447,95.9,1.5
2026-09-06T18:07:53Z,2026-10-30,54,74000.0,C,0.1025,0.1055,0.1037,80307.06,79828.74,0.3812,0.73666,3e-05,100.45594,252.5,0.1
2026-09-06T18:07:53Z,2026-10-30,54,74000.0,P,0.0245,0.0255,0.0252,80307.06,79828.74,0.3812,-0.26334,3e-05,100.45594,240.2,1.2
2026-09-06T18:07:53Z,2026-10-30,54,75000.0,C,0.0935,0.097,0.095,80307.06,79828.74,0.3786,0.70675,3e-05,105.86862,1172.1,0.0
2026-09-06T18:07:53Z,2026-10-30,54,75000.0,P,0.0285,0.0295,0.0289,80307.06,79828.74,0.3786,-0.29325,3e-05,105.86862,656.5,11.0
2026-09-06T18:07:53Z,2026-10-30,54,76000.0,C,0.086,0.088,0.0868,80307.06,79828.74,0.3765,0.67518,3e-05,110.71316,356.1,0.1
2026-09-06T18:07:53Z,2026-10-30,54,76000.0,P,0.0325,0.034,0.0332,80306.94,79828.74,0.3765,-0.32482,3e-05,110.71352,101.8,0.3
2026-09-06T18:07:53Z,2026-10-30,54,77000.0,C,0.0785,0.08,0.0791,80307.06,79828.74,0.37549999999999994,0.64216,3e-05,114.86842,116.0,0.0
2026-09-06T18:07:53Z,2026-10-30,54,77000.0,P,0.0375,0.0385,0.038,80307.06,79828.74,0.37549999999999994,-0.35784,3e-05,114.86842,127.9,0.0
2026-09-06T18:07:53Z,2026-10-30,54,78000.0,C,0.0705,0.073,0.0719,80307.06,79828.74,0.37439999999999996,0.60831,3e-05,118.19464,462.5,0.1
2026-09-06T18:07:53Z,2026-10-30,54,78000.0,P,0.0425,0.0435,0.0432,80307.06,79828.74,0.37439999999999996,-0.39169,3e-05,118.19464,415.6,0.1
2026-09-06T18:07:53Z,2026-10-30,54,79000.0,C,0.065,0.066,0.0652,80307.06,79828.74,0.37450000000000006,0.57382,3e-05,120.63928,186.0,1.0
2026-09-06T18:07:53Z,2026-10-30,54,79000.0,P,0.0485,0.0495,0.049,80307.06,79828.74,0.37450000000000006,-0.42618,3e-05,120.63928,485.4,6.0
2026-09-06T18:07:53Z,2026-10-30,54,80000.0,C,0.0585,0.0595,0.0591,80307.06,79828.74,0.3749,0.53923,3e-05,122.15282,1298.6,10.2
2026-09-06T18:07:53Z,2026-10-30,54,80000.0,P,0.0545,0.0555,0.0552,80307.06,79828.74,0.3749,-0.46077,3e-05,122.15282,951.0,1.0
2026-09-06T18:07:53Z,2026-10-30,54,81000.0,C,0.053,0.054,0.0535,80307.06,79828.74,0.3762,0.50497,3e-05,122.73713,328.0,6.3
2026-09-06T18:07:53Z,2026-10-30,54,81000.0,P,0.0615,0.0625,0.0621,80307.06,79828.74,0.3762,-0.49503,3e-05,122.73713,167.0,0.0
2026-09-06T18:07:53Z,2026-10-30,54,82000.0,C,0.0475,0.0485,0.0482,80307.06,79828.74,0.3768,0.47116,3e-05,122.42584,1109.8,0.9
2026-09-06T18:07:53Z,2026-10-30,54,82000.0,P,0.0685,0.0695,0.0693,80307.06,79828.74,0.3768,-0.52884,3e-05,122.42584,45.0,0.0
2026-09-06T18:07:53Z,2026-10-30,54,83000.0,C,0.043,0.044,0.0435,80307.06,79828.74,0.3784,0.43841,3e-05,121.28075,225.3,0.1
2026-09-06T18:07:53Z,2026-10-30,54,83000.0,P,0.076,0.0775,0.077,80307.06,79828.74,0.3784,-0.56159,3e-05,121.28075,103.9,0.0
2026-09-06T18:07:53Z,2026-10-30,54,84000.0,C,0.0385,0.0395,0.0391,80307.06,79828.74,0.3795,0.4065,3e-05,119.35985,1102.9,0.5
2026-09-06T18:07:53Z,2026-10-30,54,84000.0,P,0.0845,0.0855,0.0851,80306.94,79828.74,0.3795,-0.5935,3e-05,119.35938,9.5,0.0
2026-09-06T18:07:53Z,2026-10-30,54,85000.0,C,0.0345,0.0355,0.0352,80307.06,79828.74,0.3815,0.37621,3e-05,116.78851,2048.5,3.0
2026-09-06T18:07:53Z,2026-10-30,54,85000.0,P,0.0925,0.0955,0.0936,80307.06,79828.74,0.3815,-0.62379,3e-05,116.78851,105.5,0.0
2026-09-06T18:07:53Z,2026-10-30,54,86000.0,C,0.031,0.032,0.0316,80307.06,79828.74,0.3832,0.34711,3e-05,113.61829,748.7,0.2
2026-09-06T18:07:53Z,2026-10-30,54,86000.0,P,0.101,0.1045,0.1025,80307.06,79828.74,0.3832,-0.65289,3e-05,113.61829,98.5,0.0
2026-09-06T18:07:53Z,2026-10-30,54,87000.0,C,0.028,0.029,0.0284,80307.06,79828.74,0.38539999999999996,0.3198,3e-05,110.00091,107.0,0.0
2026-09-06T18:07:53Z,2026-10-30,54,87000.0,P,0.1105,0.1135,0.1118,80306.94,79828.74,0.38539999999999996,-0.6802,3e-05,110.00022,29.0,0.0
2026-09-06T18:07:53Z,2026-10-30,54,88000.0,C,0.025,0.026,0.0255,80307.06,79828.74,0.3874,0.29387,3e-05,105.97231,553.8,0.1
2026-09-06T18:07:53Z,2026-10-30,54,88000.0,P,0.119,0.123,0.1213,80307.06,79828.74,0.3874,-0.70613,3e-05,105.97231,8.1,0.0
2026-09-06T18:07:53Z,2026-10-30,54,89000.0,C,0.0225,0.0235,0.0229,80307.06,79828.74,0.3901,0.26994,3e-05,101.7217,76.3,0.0
2026-09-06T18:07:53Z,2026-10-30,54,89000.0,P,0.129,0.133,0.1312,80307.06,79828.74,0.3901,-0.73006,3e-05,101.7217,5.0,0.0
2026-09-06T18:07:53Z,2026-10-30,54,90000.0,C,0.02,0.021,0.0207,80307.06,79828.74,0.3935,0.24812,3e-05,97.38218,2672.7,26.3
2026-09-06T18:07:53Z,2026-10-30,54,90000.0,P,0.139,0.143,0.1414,80307.06,79828.74,0.3935,-0.75188,3e-05,97.38218,5.6,0.0
2026-09-06T18:07:53Z,2026-10-30,54,91000.0,C,0.018,0.019,0.0187,80307.06,79828.74,0.3967,0.22772,2e-05,92.90645,34.1,0.1
2026-09-06T18:07:53Z,2026-10-30,54,91000.0,P,0.1495,0.1535,0.1518,80307.06,79828.74,0.3967,-0.77228,2e-05,92.90645,0.2,0.0
2026-09-06T18:07:53Z,2026-10-30,54,92000.0,C,0.016,0.017,0.0167,80307.06,79828.74,0.39840000000000003,0.20776,2e-05,88.1152,1070.9,0.0
2026-09-06T18:07:53Z,2026-10-30,54,92000.0,P,0.1595,0.1645,0.1623,80307.06,79828.74,0.39840000000000003,-0.79224,2e-05,88.1152,0.1,0.0
2026-09-06T18:07:53Z,2026-10-30,54,94000.0,C,0.013,0.014,0.0136,80307.06,79828.74,0.4056,0.1748,2e-05,79.25535,448.2,0.5
2026-09-06T18:07:53Z,2026-10-30,54,94000.0,P,0.1815,0.186,0.1841,80307.06,79828.74,0.4056,-0.8252,2e-05,79.25535,0.0,0.0
2026-09-06T18:07:53Z,2026-10-30,54,95000.0,C,0.0115,0.012,0.0121,80307.06,79828.74,0.4068,0.15862,2e-05,74.43894,2092.9,0.4
2026-09-06T18:07:53Z,2026-10-30,54,95000.0,P,0.1925,0.1975,0.1951,80307.06,79828.74,0.4068,-0.84138,2e-05,74.43894,0.4,0.0
2026-09-06T18:07:53Z,2026-10-30,54,96000.0,C,0.0105,0.0115,0.0111,80307.06,79828.74,0.41200000000000003,0.14641,2e-05,70.58492,194.4,0.5
2026-09-06T18:07:53Z,2026-10-30,54,96000.0,P,0.204,0.2085,0.2065,80307.06,79828.74,0.41200000000000003,-0.85359,2e-05,70.58492,0.1,0.0
2026-09-06T18:07:53Z,2026-10-30,54,98000.0,C,0.0085,0.0095,0.0091,80307.06,79828.74,0.41850000000000004,0.12268,2e-05,62.51209,282.2,0.0
2026-09-06T18:07:53Z,2026-10-30,54,98000.0,P,0.2265,0.2315,0.2294,80307.06,79828.74,0.41850000000000004,-0.87732,2e-05,62.51209,0.0,0.0
2026-09-06T18:07:53Z,2026-10-30,54,100000.0,C,0.007,0.008,0.0076,80307.06,79828.74,0.4266,0.10383,1e-05,55.49579,1722.2,0.0
2026-09-06T18:07:53Z,2026-10-30,54,100000.0,P,0.2495,0.255,0.2528,80307.06,79828.74,0.4266,-0.89617,1e-05,55.49579,0.3,0.0
2026-09-06T18:07:53Z,2026-10-30,54,102000.0,C,0.0055,0.0065,0.0061,80307.06,79828.74,0.43,0.0855,1e-05,48.08779,198.3,0.0
2026-09-06T18:07:53Z,2026-10-30,54,102000.0,P,0.273,0.279,0.2762,80306.94,79828.74,0.43,-0.9145,1e-05,48.08712,0.0,0.0
2026-09-06T18:07:53Z,2026-10-30,54,104000.0,C,0.005,0.0055,0.0053,80307.06,79828.74,0.4421,0.0747,1e-05,43.42223,89.2,0.5
2026-09-06T18:07:53Z,2026-10-30,54,104000.0,P,0.2975,0.303,0.3003,80307.06,79828.74,0.4421,-0.9253,1e-05,43.42223,0.0,0.0
2026-09-06T18:07:53Z,2026-10-30,54,105000.0,C,0.0046,0.005,0.0049,80307.06,79828.74,0.4456,0.06878,1e-05,40.7578,1143.2,0.0
2026-09-06T18:07:53Z,2026-10-30,54,105000.0,P,0.309,0.315,0.3123,80307.06,79828.74,0.4456,-0.93122,1e-05,40.7578,0.0,0.0
2026-09-06T18:07:53Z,2026-10-30,54,110000.0,C,0.0029,0.0032,0.0032,80307.06,79828.74,0.4635,0.04619,1e-05,29.77993,1039.7,1.3
2026-09-06T18:07:53Z,2026-10-30,54,110000.0,P,0.3695,0.376,0.3729,80307.06,79828.74,0.4635,-0.95381,1e-05,29.77993,0.0,0.0
2026-09-06T18:07:53Z,2026-11-27,82,58000.0,C,0.285,0.2885,0.2865,80624.03,79828.74,0.4739,0.94318,1e-05,43.50356,0.0,0.0
2026-09-06T18:07:53Z,2026-11-27,82,58000.0,P,0.0055,0.0065,0.0059,80624.43,79828.74,0.4739,-0.05682,1e-05,43.50387,13.2,5.0
2026-09-06T18:07:53Z,2026-11-27,82,60000.0,C,0.2615,0.265,0.2632,80624.22,79828.74,0.45880000000000004,0.9293,1e-05,51.56872,0.1,0.0
2026-09-06T18:07:53Z,2026-11-27,82,60000.0,P,0.007,0.008,0.0074,80624.43,79828.74,0.45880000000000004,-0.0707,1e-05,51.56795,39.3,5.0
2026-09-06T18:07:53Z,2026-11-27,82,62000.0,C,0.2385,0.242,0.2404,80624.22,79828.74,0.4461,0.91166,1e-05,61.04722,0.0,0.0
2026-09-06T18:07:53Z,2026-11-27,82,62000.0,P,0.009,0.01,0.0094,80624.22,79828.74,0.4461,-0.08834,1e-05,61.04722,107.3,0.0
2026-09-06T18:07:53Z,2026-11-27,82,64000.0,C,0.2165,0.22,0.2181,80624.43,79828.74,0.434,0.89028,1e-05,71.54124,0.0,0.0
2026-09-06T18:07:53Z,2026-11-27,82,64000.0,P,0.0115,0.0125,0.0119,80624.22,79828.74,0.434,-0.10972,1e-05,71.54217,23.3,0.9
2026-09-06T18:07:53Z,2026-11-27,82,66000.0,C,0.1945,0.198,0.1962,80624.22,79828.74,0.4216,0.86515,1e-05,82.69469,0.0,0.0
2026-09-06T18:07:53Z,2026-11-27,82,66000.0,P,0.0145,0.0155,0.0149,80624.22,79828.74,0.4216,-0.13485,1e-05,82.69469,185.8,1.1
2026-09-06T18:07:53Z,2026-11-27,82,67000.0,C,0.184,0.1875,0.1858,80624.43,79828.74,0.4179,0.84986,1e-05,88.92749,0.0,0.0
2026-09-06T18:07:53Z,2026-11-27,82,67000.0,P,0.0165,0.0175,0.0168,80624.22,79828.74,0.4179,-0.15015,1e-05,88.92847,19.6,0.0
2026-09-06T18:07:53Z,2026-11-27,82,68000.0,C,0.1735,0.1775,0.1754,80624.43,79828.74,0.4125,0.83416,2e-05,94.92935,0.0,0.0
2026-09-06T18:07:53Z,2026-11-27,82,68000.0,P,0.0185,0.0195,0.0188,80624.22,79828.74,0.4125,-0.16585,2e-05,94.93034,39.8,6.3
2026-09-06T18:07:53Z,2026-11-27,82,69000.0,C,0.1635,0.167,0.1655,80624.22,79828.74,0.4093,0.81631,2e-05,101.2919,0.0,0.0
2026-09-06T18:07:53Z,2026-11-27,82,69000.0,P,0.021,0.022,0.0213,80624.22,79828.74,0.4093,-0.18369,2e-05,101.2919,24.7,0.0
2026-09-06T18:07:53Z,2026-11-27,82,70000.0,C,0.154,0.1575,0.1556,80624.43,79828.74,0.4052,0.79769,2e-05,107.44841,4.2,0.0
2026-09-06T18:07:53Z,2026-11-27,82,70000.0,P,0.0235,0.0245,0.0239,80624.22,79828.74,0.4052,-0.20232,2e-05,107.44935,47.7,0.7
2026-09-06T18:07:53Z,2026-11-27,82,71000.0,C,0.1445,0.148,0.1462,80624.22,79828.74,0.4021,0.77748,2e-05,113.59577,0.1,0.0
2026-09-06T18:07:53Z,2026-11-27,82,71000.0,P,0.0265,0.0275,0.0268,80624.22,79828.74,0.4021,-0.22252,2e-05,113.59577,20.3,0.0
2026-09-06T18:07:53Z,2026-11-27,82,72000.0,C,0.135,0.1385,0.137,80624.43,79828.74,0.39909999999999995,0.75614,2e-05,119.52293,0.0,0.0
2026-09-06T18:07:53Z,2026-11-27,82,72000.0,P,0.0295,0.0305,0.03,80624.43,79828.74,0.39909999999999995,-0.24386,2e-05,119.52293,28.7,0.0
2026-09-06T18:07:53Z,2026-11-27,82,73000.0,C,0.1265,0.13,0.1281,80624.22,79828.74,0.39649999999999996,0.73359,2e-05,125.18325,0.0,0.0
2026-09-06T18:07:53Z,2026-11-27,82,73000.0,P,0.033,0.034,0.0336,80624.43,79828.74,0.39649999999999996,-0.26641,2e-05,125.18249,17.5,0.0
2026-09-06T18:07:53Z,2026-11-27,82,74000.0,C,0.118,0.1215,0.1197,80624.43,79828.74,0.3944,0.70988,2e-05,130.49772,0.0,0.0
2026-09-06T18:07:53Z,2026-11-27,82,74000.0,P,0.037,0.038,0.0375,80623.34,79828.74,0.3944,-0.29015,2e-05,130.50117,31.0,0.0
2026-09-06T18:07:53Z,2026-11-27,82,75000.0,C,0.11,0.1125,0.1115,80624.31,79828.74,0.3924,0.6853,2e-05,135.34668,260.6,0.0
2026-09-06T18:07:53Z,2026-11-27,82,75000.0,P,0.041,0.0425,0.0418,80624.31,79828.74,0.3924,-0.3147,2e-05,135.34668,282.1,0.0
2026-09-06T18:07:53Z,2026-11-27,82,76000.0,C,0.1025,0.1045,0.1038,80624.31,79828.74,0.3909,0.65984,2e-05,139.68521,10.6,0.0
2026-09-06T18:07:53Z,2026-11-27,82,76000.0,P,0.046,0.047,0.0464,80624.31,79828.74,0.3909,-0.34016,2e-05,139.68521,43.2,0.0
2026-09-06T18:07:53Z,2026-11-27,82,77000.0,C,0.095,0.0975,0.0965,80624.31,79828.74,0.3899,0.63371,3e-05,143.43722,3.0,0.0
2026-09-06T18:07:53Z,2026-11-27,82,77000.0,P,0.051,0.052,0.0515,80623.34,79828.74,0.3899,-0.36631,3e-05,143.4387,28.5,0.0
2026-09-06T18:07:53Z,2026-11-27,82,78000.0,C,0.088,0.0905,0.0895,80624.31,79828.74,0.38909999999999995,0.60714,3e-05,146.54286,34.9,0.0
2026-09-06T18:07:53Z,2026-11-27,82,78000.0,P,0.0565,0.0575,0.057,80624.31,79828.74,0.38909999999999995,-0.39286,3e-05,146.54286,57.4,0.0
2026-09-06T18:07:53Z,2026-11-27,82,79000.0,C,0.082,0.0835,0.0829,80623.34,79828.74,0.3883,0.58027,3e-05,148.96982,50.1,0.0
2026-09-06T18:07:53Z,2026-11-27,82,79000.0,P,0.062,0.0635,0.0628,80624.31,79828.74,0.3883,-0.4197,3e-05,148.96963,75.7,0.0
2026-09-06T18:07:53Z,2026-11-27,82,80000.0,C,0.0765,0.0775,0.0771,80624.31,79828.74,0.3901,0.55344,3e-05,150.69372,819.3,4.1
2026-09-06T18:07:53Z,2026-11-27,82,80000.0,P,0.0685,0.0695,0.0694,80623.34,79828.74,0.3901,-0.44658,3e-05,150.69323,52.3,0.7
2026-09-06T18:07:53Z,2026-11-27,82,81000.0,C,0.07,0.0715,0.071,80623.34,79828.74,0.3885,0.52649,3e-05,151.72306,112.0,0.0
2026-09-06T18:07:53Z,2026-11-27,82,81000.0,P,0.075,0.076,0.0757,80623.34,79828.74,0.3885,-0.47351,3e-05,151.72306,21.3,0.0
2026-09-06T18:07:53Z,2026-11-27,82,82000.0,C,0.065,0.066,0.0656,80624.31,79828.74,0.3887,0.49992,3e-05,152.06021,53.0,0.0
2026-09-06T18:07:53Z,2026-11-27,82,82000.0,P,0.082,0.083,0.0827,80624.31,79828.74,0.3887,-0.50008,3e-05,152.06021,26.0,0.0
2026-09-06T18:07:53Z,2026-11-27,82,83000.0,C,0.0595,0.061,0.0605,80623.34,79828.74,0.389,0.47368,3e-05,151.72729,16.5,0.0
2026-09-06T18:07:53Z,2026-11-27,82,83000.0,P,0.089,0.0905,0.09,80623.34,79828.74,0.389,-0.52632,3e-05,151.72729,45.2,1.9
2026-09-06T18:07:53Z,2026-11-27,82,84000.0,C,0.055,0.056,0.0557,80624.73,79828.74,0.389,0.44787,3e-05,150.76094,24.8,0.0
2026-09-06T18:07:53Z,2026-11-27,82,84000.0,P,0.097,0.098,0.0976,80624.31,79828.74,0.389,-0.55214,3e-05,150.75963,3.2,0.0
2026-09-06T18:07:53Z,2026-11-27,82,85000.0,C,0.0505,0.052,0.0513,80623.43,79828.74,0.3898,0.4228,3e-05,149.20217,528.9,0.0
2026-09-06T18:07:53Z,2026-11-27,82,85000.0,P,0.105,0.106,0.1056,80623.43,79828.74,0.3898,-0.5772,3e-05,149.20217,11.0,0.0
2026-09-06T18:07:53Z,2026-11-27,82,86000.0,C,0.0465,0.0475,0.0472,80623.43,79828.74,0.39049999999999996,0.39845,3e-05,147.10565,128.2,0.0
2026-09-06T18:07:53Z,2026-11-27,82,86000.0,P,0.113,0.116,0.1139,80623.43,79828.74,0.39049999999999996,-0.60155,3e-05,147.10565,30.2,0.8
2026-09-06T18:07:53Z,2026-11-27,82,87000.0,C,0.0425,0.044,0.0435,80623.43,79828.74,0.39149999999999996,0.37498,3e-05,144.52958,9.8,0.0
2026-09-06T18:07:53Z,2026-11-27,82,87000.0,P,0.121,0.1245,0.1226,80623.89,79828.74,0.39149999999999996,-0.62501,3e-05,144.53182,3.7,0.0
2026-09-06T18:07:53Z,2026-11-27,82,88000.0,C,0.039,0.0405,0.04,80623.43,79828.74,0.3925,0.35233,2e-05,141.51867,78.7,0.0
2026-09-06T18:07:53Z,2026-11-27,82,88000.0,P,0.13,0.1335,0.1315,80623.89,79828.74,0.3925,-0.64766,2e-05,141.52112,0.0,0.0
2026-09-06T18:07:53Z,2026-11-27,82,89000.0,C,0.036,0.037,0.0368,80623.43,79828.74,0.39390000000000003,0.33081,2e-05,138.16945,180.0,0.1
2026-09-06T18:07:53Z,2026-11-27,82,89000.0,P,0.1395,0.143,0.1407,80623.43,79828.74,0.39390000000000003,-0.66919,2e-05,138.16945,0.0,0.0
2026-09-06T18:07:53Z,2026-11-27,82,90000.0,C,0.033,0.034,0.0338,80623.43,79828.74,0.3951,0.3101,2e-05,134.48714,28.1,0.0
2026-09-06T18:07:53Z,2026-11-27,82,90000.0,P,0.1485,0.152,0.1501,80623.43,79828.74,0.3951,-0.6899,2e-05,134.48714,0.3,0.0
2026-09-06T18:07:53Z,2026-11-27,82,91000.0,C,0.0305,0.0315,0.0311,80623.43,79828.74,0.3968,0.29061,2e-05,130.59988,70.3,0.0
2026-09-06T18:07:53Z,2026-11-27,82,91000.0,P,0.1575,0.162,0.1598,80623.43,79828.74,0.3968,-0.70939,2e-05,130.59988,0.0,0.0
2026-09-06T18:07:53Z,2026-11-27,82,92000.0,C,0.028,0.029,0.0287,80623.43,79828.74,0.39880000000000004,0.27229,2e-05,126.55882,52.1,0.0
2026-09-06T18:07:53Z,2026-11-27,82,92000.0,P,0.1675,0.172,0.1698,80623.89,79828.74,0.39880000000000004,-0.7277,2e-05,126.56186,2.1,0.0
2026-09-06T18:07:53Z,2026-11-27,82,93000.0,C,0.0255,0.027,0.0263,80623.43,79828.74,0.4,0.25444,2e-05,122.25083,28.4,0.2
2026-09-06T18:07:53Z,2026-11-27,82,93000.0,P,0.1775,0.182,0.1798,80623.89,79828.74,0.4,-0.74555,2e-05,122.25397,2.0,0.0
2026-09-06T18:07:53Z,2026-11-27,82,94000.0,C,0.0235,0.0245,0.0242,80623.43,79828.74,0.4017,0.23782,2e-05,117.90215,48.3,0.0
2026-09-06T18:07:53Z,2026-11-27,82,94000.0,P,0.188,0.1925,0.1901,80623.43,79828.74,0.4017,-0.76218,2e-05,117.90215,0.0,0.0
2026-09-06T18:07:53Z,2026-11-27,82,95000.0,C,0.0215,0.023,0.0223,80623.89,79828.74,0.40369999999999995,0.22236,2e-05,113.54863,32.6,0.8
2026-09-06T18:07:53Z,2026-11-27,82,95000.0,P,0.198,0.203,0.2006,80624.87,79828.74,0.40369999999999995,-0.77762,2e-05,113.55554,0.0,0.0
2026-09-06T18:07:53Z,2026-11-27,82,96000.0,C,0.02,0.021,0.0207,80624.87,79828.74,0.40630000000000005,0.20823,2e-05,109.30611,34.0,0.0
2026-09-06T18:07:53Z,2026-11-27,82,96000.0,P,0.209,0.214,0.2114,80624.87,79828.74,0.40630000000000005,-0.79177,2e-05,109.30611,0.0,0.0
2026-09-06T18:07:53Z,2026-11-27,82,98000.0,C,0.017,0.018,0.0176,80623.89,79828.74,0.41090000000000004,0.18207,2e-05,100.73336,52.3,2.2
2026-09-06T18:07:53Z,2026-11-27,82,98000.0,P,0.2305,0.2355,0.2332,80624.87,79828.74,0.41090000000000004,-0.81792,2e-05,100.7403,0.0,0.0
2026-09-06T18:07:53Z,2026-11-27,82,100000.0,C,0.0145,0.0155,0.0151,80623.89,79828.74,0.41600000000000004,0.1594,2e-05,92.51263,101.2,35.1
2026-09-06T18:07:53Z,2026-11-27,82,100000.0,P,0.2525,0.258,0.2554,80624.87,79828.74,0.41600000000000004,-0.84058,2e-05,92.51945,0.0,0.0
2026-09-06T18:07:53Z,2026-11-27,82,102000.0,C,0.0125,0.013,0.0131,80623.89,79828.74,0.42200000000000004,0.14029,1e-05,84.9549,94.6,1.4
2026-09-06T18:07:53Z,2026-11-27,82,102000.0,P,0.2755,0.281,0.2782,80623.89,79828.74,0.42200000000000004,-0.85971,1e-05,84.9549,0.0,0.0
2026-09-06T18:07:53Z,2026-11-27,82,104000.0,C,0.0105,0.0115,0.0111,80623.89,79828.74,0.4249,0.12162,1e-05,76.97164,9.1,1.2
2026-09-06T18:07:53Z,2026-11-27,82,104000.0,P,0.298,0.304,0.301,80623.89,79828.74,0.4249,-0.87838,1e-05,76.97164,0.0,0.0
2026-09-06T18:07:53Z,2026-11-27,82,105000.0,C,0.01,0.011,0.0106,80623.89,79828.74,0.4305,0.11583,1e-05,74.36255,7.7,0.1
2026-09-06T18:07:53Z,2026-11-27,82,105000.0,P,0.31,0.316,0.3129,80623.89,79828.74,0.4305,-0.88417,1e-05,74.36255,0.0,0.0
2026-09-06T18:07:53Z,2026-11-27,82,106000.0,C,0.009,0.01,0.0097,80624.87,79828.74,0.43090000000000006,0.10724,1e-05,70.37357,15.4,0.1
2026-09-06T18:07:53Z,2026-11-27,82,106000.0,P,0.3215,0.3275,0.3244,80624.87,79828.74,0.43090000000000006,-0.89276,1e-05,70.37357,0.0,0.0
2026-09-06T18:07:53Z,2026-11-27,82,108000.0,C,0.008,0.009,0.0086,80623.89,79828.74,0.4385,0.09568,1e-05,64.75961,12.0,0.1
2026-09-06T18:07:53Z,2026-11-27,82,108000.0,P,0.345,0.351,0.3481,80624.87,79828.74,0.4385,-0.90431,1e-05,64.76536,0.0,0.0
2026-09-06T18:07:53Z,2026-11-27,82,110000.0,C,0.007,0.008,0.0076,80623.89,79828.74,0.445,0.08507,1e-05,59.35026,69.4,0.3
2026-09-06T18:07:53Z,2026-11-27,82,110000.0,P,0.369,0.375,0.3719,80623.89,79828.74,0.445,-0.91493,1e-05,59.35026,0.0,0.0
2026-09-06T18:07:53Z,2026-11-27,82,115000.0,C,0.005,0.006,0.0055,80624.94,79828.74,0.4597,0.06357,1e-05,47.49801,26.2,0.1
2026-09-06T18:07:53Z,2026-11-27,82,115000.0,P,0.4285,0.435,0.4319,80624.94,79828.74,0.4597,-0.93643,1e-05,47.49801,0.0,0.0
2026-09-06T18:07:53Z,2026-11-27,82,120000.0,C,0.0039,0.0043,0.0042,80624.94,79828.74,0.4747,0.04846,1e-05,38.34088,86.2,8.6
2026-09-06T18:07:53Z,2026-11-27,82,120000.0,P,0.489,0.496,0.4925,80624.94,79828.74,0.4747,-0.95154,1e-05,38.34088,0.0,0.0
2026-09-06T18:07:53Z,2026-12-25,110,20000.0,C,0.7525,0.754,0.7533,80944.48,79828.74,0.9917,0.99778,0.0,3.09547,4.2,0.0
2026-09-06T18:07:53Z,2026-12-25,110,20000.0,P,0.0003,0.0006,0.0004,80943.6,79828.74,0.9917,-0.00222,0.0,3.09561,640.4,0.0
2026-09-06T18:07:53Z,2026-12-25,110,30000.0,C,0.629,0.631,0.6303,80944.48,79828.74,0.7816,0.99433,0.0,7.17648,300.6,0.0
2026-09-06T18:07:53Z,2026-12-25,110,30000.0,P,0.0007,0.0012,0.0009,80944.46,79828.74,0.7816,-0.00567,0.0,7.17642,2122.5,0.0
2026-09-06T18:07:53Z,2026-12-25,110,35000.0,C,0.5675,0.57,0.5691,80944.25,79828.74,0.7156,0.99021,0.0,11.60495,87.8,0.0
2026-09-06T18:07:53Z,2026-12-25,110,35000.0,P,0.0013,0.0016,0.0015,80944.25,79828.74,0.7156,-0.00979,0.0,11.60495,2387.8,0.3
2026-09-06T18:07:53Z,2026-12-25,110,40000.0,C,0.5065,0.509,0.5081,80944.25,79828.74,0.6542,0.98405,0.0,17.70036,250.9,0.0
2026-09-06T18:07:53Z,2026-12-25,110,40000.0,P,0.0023,0.0024,0.0023,80944.25,79828.74,0.6542,-0.01595,0.0,17.70036,4513.1,0.0
2026-09-06T18:07:53Z,2026-12-25,110,45000.0,C,0.4455,0.4485,0.4473,80944.25,79828.74,0.5882999999999999,0.97629,0.0,24.79607,54.3,0.0
2026-09-06T18:07:53Z,2026-12-25,110,45000.0,P,0.003,0.0034,0.0032,80944.25,79828.74,0.5882999999999999,-0.02371,0.0,24.79607,2844.7,0.1
2026-09-06T18:07:53Z,2026-12-25,110,50000.0,C,0.385,0.3885,0.387,80944.25,79828.74,0.5343,0.96342,0.0,35.52912,260.7,0.0
2026-09-06T18:07:53Z,2026-12-25,110,50000.0,P,0.0046,0.005,0.0048,80944.25,79828.74,0.5343,-0.03658,0.0,35.52912,2146.3,34.0
2026-09-06T18:07:53Z,2026-12-25,110,52000.0,C,0.361,0.3645,0.3631,80944.25,79828.74,0.5124,0.95696,0.0,40.55418,0.1,0.0
2026-09-06T18:07:53Z,2026-12-25,110,52000.0,P,0.005,0.006,0.0055,80944.25,79828.74,0.5124,-0.04304,0.0,40.55418,542.5,0.1
2026-09-06T18:07:53Z,2026-12-25,110,54000.0,C,0.3375,0.341,0.3397,80943.96,79828.74,0.49920000000000003,0.94702,0.0,47.89414,33.1,0.0
2026-09-06T18:07:53Z,2026-12-25,110,54000.0,P,0.0065,0.0075,0.0068,80944.46,79828.74,0.49920000000000003,-0.05297,0.0,47.8923,1856.4,0.0
2026-09-06T18:07:53Z,2026-12-25,110,55000.0,C,0.326,0.3295,0.328,80944.25,79828.74,0.4907,0.94198,1e-05,51.46225,44.9,0.0
2026-09-06T18:07:53Z,2026-12-25,110,55000.0,P,0.007,0.008,0.0074,80944.25,79828.74,0.4907,-0.05802,1e-05,51.46225,2657.5,0.0
2026-09-06T18:07:53Z,2026-12-25,110,56000.0,C,0.314,0.3175,0.3161,80944.25,79828.74,0.4799,0.9373,1e-05,54.68037,41.5,0.0
2026-09-06T18:07:53Z,2026-12-25,110,56000.0,P,0.0075,0.0085,0.008,80944.25,79828.74,0.4799,-0.0627,1e-05,54.68037,507.4,0.1
2026-09-06T18:07:53Z,2026-12-25,110,58000.0,C,0.2915,0.295,0.2933,80944.25,79828.74,0.46880000000000005,0.92307,1e-05,64.00672,40.3,0.0
2026-09-06T18:07:53Z,2026-12-25,110,58000.0,P,0.0095,0.0105,0.0099,80944.25,79828.74,0.46880000000000005,-0.07693,1e-05,64.00672,1834.3,0.0
2026-09-06T18:07:53Z,2026-12-25,110,60000.0,C,0.2685,0.272,0.2707,80944.25,79828.74,0.4545,0.90772,1e-05,73.36967,787.4,0.0
2026-09-06T18:07:53Z,2026-12-25,110,60000.0,P,0.0115,0.0125,0.0119,80944.25,79828.74,0.4545,-0.09228,1e-05,73.36967,6246.0,4.1
2026-09-06T18:07:53Z,2026-12-25,110,62000.0,C,0.2465,0.25,0.2484,80944.25,79828.74,0.4415,0.88936,1e-05,83.74379,247.1,0.0
2026-09-06T18:07:53Z,2026-12-25,110,62000.0,P,0.014,0.015,0.0144,80943.97,79828.74,0.4415,-0.11065,1e-05,83.74541,1540.0,0.0
2026-09-06T18:07:53Z,2026-12-25,110,64000.0,C,0.225,0.2285,0.2271,80943.97,79828.74,0.43229999999999996,0.86649,1e-05,95.56399,405.0,0.0
2026-09-06T18:07:53Z,2026-12-25,110,64000.0,P,0.017,0.0185,0.0178,80943.97,79828.74,0.43229999999999996,-0.13351,1e-05,95.56399,361.1,0.0
2026-09-06T18:07:53Z,2026-12-25,110,65000.0,C,0.2145,0.218,0.2166,80943.97,79828.74,0.4277,0.85387,1e-05,101.61213,920.8,0.0
2026-09-06T18:07:53Z,2026-12-25,110,65000.0,P,0.019,0.02,0.0197,80944.23,79828.74,0.4277,-0.14612,1e-05,101.61099,792.4,17.5
2026-09-06T18:07:53Z,2026-12-25,110,66000.0,C,0.2045,0.208,0.2064,80943.97,79828.74,0.4233,0.84035,1e-05,107.75352,279.7,1.4
2026-09-06T18:07:53Z,2026-12-25,110,66000.0,P,0.021,0.0225,0.0217,80943.97,79828.74,0.4233,-0.15965,1e-05,107.75352,423.2,0.2
2026-09-06T18:07:53Z,2026-12-25,110,68000.0,C,0.1845,0.188,0.1865,80943.97,79828.74,0.4156,0.81031,1e-05,120.23054,1031.5,2.1
2026-09-06T18:07:53Z,2026-12-25,110,68000.0,P,0.026,0.027,0.0266,80943.97,79828.74,0.4156,-0.18969,1e-05,120.23054,551.3,2.2
2026-09-06T18:07:53Z,2026-12-25,110,70000.0,C,0.1655,0.169,0.1676,80943.97,79828.74,0.4092,0.77637,2e-05,132.55296,1922.6,0.3
2026-09-06T18:07:53Z,2026-12-25,110,70000.0,P,0.032,0.033,0.0324,80943.97,79828.74,0.4092,-0.22363,2e-05,132.55296,1487.2,14.0
2026-09-06T18:07:53Z,2026-12-25,110,72000.0,C,0.1495,0.1515,0.1498,80943.97,79828.74,0.40369999999999995,0.73889,2e-05,144.17269,1273.4,0.0
2026-09-06T18:07:53Z,2026-12-25,110,72000.0,P,0.0385,0.04,0.0393,80944.23,79828.74,0.40369999999999995,-0.2611,2e-05,144.17181,782.7,3.2
2026-09-06T18:07:53Z,2026-12-25,110,74000.0,C,0.1315,0.134,0.1332,80944.23,79828.74,0.3995,0.69819,2e-05,154.62291,138.9,0.0
2026-09-06T18:07:53Z,2026-12-25,110,74000.0,P,0.047,0.048,0.0474,80944.23,79828.74,0.3995,-0.30181,2e-05,154.62291,162.0,0.0
2026-09-06T18:07:53Z,2026-12-25,110,75000.0,C,0.1235,0.1265,0.1253,80944.23,79828.74,0.39770000000000005,0.67687,2e-05,159.24541,1881.8,0.0
2026-09-06T18:07:53Z,2026-12-25,110,75000.0,P,0.0515,0.0525,0.0519,80943.97,79828.74,0.39770000000000005,-0.32313,2e-05,159.24598,1209.8,0.3
2026-09-06T18:07:53Z,2026-12-25,110,76000.0,C,0.116,0.1185,0.1178,80943.97,79828.74,0.39630000000000004,0.65499,2e-05,163.40578,410.0,0.0
2026-09-06T18:07:53Z,2026-12-25,110,76000.0,P,0.056,0.0575,0.0568,80945.12,79828.74,0.39630000000000004,-0.34498,2e-05,163.40384,387.3,0.2
2026-09-06T18:07:53Z,2026-12-25,110,78000.0,C,0.102,0.1045,0.1038,80945.12,79828.74,0.39399999999999996,0.61012,2e-05,170.15191,1046.4,0.2
2026-09-06T18:07:53Z,2026-12-25,110,78000.0,P,0.067,0.068,0.0674,80943.96,79828.74,0.39399999999999996,-0.38991,2e-05,170.15263,1405.4,0.1
2026-09-06T18:07:53Z,2026-12-25,110,80000.0,C,0.091,0.092,0.0915,80945.12,79828.74,0.3946,0.56452,2e-05,174.61704,8784.2,6.8
2026-09-06T18:07:53Z,2026-12-25,110,80000.0,P,0.0785,0.08,0.0799,80945.12,79828.74,0.3946,-0.43548,2e-05,174.61704,1262.9,0.0
2026-09-06T18:07:53Z,2026-12-25,110,82000.0,C,0.079,0.0805,0.0797,80943.96,79828.74,0.3918,0.51873,2e-05,176.7382,1255.1,2.0
2026-09-06T18:07:53Z,2026-12-25,110,82000.0,P,0.092,0.093,0.0927,80943.96,79828.74,0.3918,-0.48127,2e-05,176.7382,254.7,0.0
2026-09-06T18:07:53Z,2026-12-25,110,84000.0,C,0.0685,0.07,0.0695,80945.12,79828.74,0.3917,0.47395,2e-05,176.55851,1345.6,0.0
2026-09-06T18:07:53Z,2026-12-25,110,84000.0,P,0.1065,0.1075,0.1072,80945.12,79828.74,0.3917,-0.52605,2e-05,176.55851,85.7,1.2
2026-09-06T18:07:53Z,2026-12-25,110,85000.0,C,0.064,0.065,0.0647,80943.96,79828.74,0.3914,0.45193,2e-05,175.64705,2213.7,0.0
2026-09-06T18:07:53Z,2026-12-25,110,85000.0,P,0.114,0.1155,0.1148,80945.12,79828.74,0.3914,-0.54805,2e-05,175.65098,584.6,0.0
2026-09-06T18:07:53Z,2026-12-25,110,86000.0,C,0.0595,0.061,0.0604,80945.12,79828.74,0.3917,0.43057,2e-05,174.24903,324.3,0.0
2026-09-06T18:07:53Z,2026-12-25,110,86000.0,P,0.122,0.123,0.1228,80945.12,79828.74,0.3917,-0.56943,2e-05,174.24903,57.9,0.0
2026-09-06T18:07:53Z,2026-12-25,110,88000.0,C,0.0515,0.053,0.0522,80945.12,79828.74,0.39159999999999995,0.38889,2e-05,170.02846,3443.5,4.0
2026-09-06T18:07:53Z,2026-12-25,110,88000.0,P,0.138,0.1415,0.1394,80945.12,79828.74,0.39159999999999995,-0.61111,2e-05,170.02846,7.5,0.0
2026-09-06T18:07:53Z,2026-12-25,110,90000.0,C,0.0445,0.046,0.0454,80945.12,79828.74,0.3934,0.35042,2e-05,164.34839,3688.0,0.0
2026-09-06T18:07:53Z,2026-12-25,110,90000.0,P,0.156,0.1595,0.1573,80943.96,79828.74,0.3934,-0.6496,2e-05,164.34183,654.8,0.2
2026-09-06T18:07:53Z,2026-12-25,110,92000.0,C,0.0385,0.0395,0.0394,80945.12,79828.74,0.3953,0.31461,2e-05,157.46932,376.7,0.0
2026-09-06T18:07:53Z,2026-12-25,110,92000.0,P,0.1745,0.179,0.176,80945.12,79828.74,0.3953,-0.68539,2e-05,157.46932,6.6,0.0
2026-09-06T18:07:53Z,2026-12-25,110,94000.0,C,0.0335,0.0345,0.0342,80945.12,79828.74,0.3978,0.28193,2e-05,149.79308,393.5,0.0
2026-09-06T18:07:53Z,2026-12-25,110,94000.0,P,0.1935,0.1985,0.1955,80945.12,79828.74,0.3978,-0.71807,2e-05,149.79308,5.3,0.0
2026-09-06T18:07:53Z,2026-12-25,110,95000.0,C,0.0315,0.032,0.0319,80944.1,79828.74,0.39880000000000004,0.2665,2e-05,145.68524,1480.9,0.0
2026-09-06T18:07:53Z,2026-12-25,110,95000.0,P,0.2035,0.2085,0.2055,80944.1,79828.74,0.39880000000000004,-0.7335,2e-05,145.68524,110.8,0.2
2026-09-06T18:07:53Z,2026-12-25,110,96000.0,C,0.029,0.03,0.0298,80944.1,79828.74,0.40049999999999997,0.25216,2e-05,141.57766,1494.7,0.0
2026-09-06T18:07:53Z,2026-12-25,110,96000.0,P,0.2135,0.219,0.2158,80945.08,79828.74,0.40049999999999997,-0.74783,2e-05,141.58459,23.9,0.0
2026-09-06T18:07:53Z,2026-12-25,110,98000.0,C,0.0255,0.0265,0.026,80945.08,79828.74,0.40369999999999995,0.22548,2e-05,133.17645,342.1,0.0
2026-09-06T18:07:53Z,2026-12-25,110,98000.0,P,0.2345,0.24,0.2367,80944.1,79828.74,0.40369999999999995,-0.77453,2e-05,133.16934,1.2,0.0
2026-09-06T18:07:53Z,2026-12-25,110,100000.0,C,0.0225,0.023,0.0228,80944.1,79828.74,0.4075,0.20176,2e-05,124.82035,6018.2,150.3
2026-09-06T18:07:53Z,2026-12-25,110,100000.0,P,0.2555,0.2615,0.2582,80944.1,79828.74,0.4075,-0.79824,2e-05,124.82035,303.3,0.0
2026-09-06T18:07:53Z,2026-12-25,110,102000.0,C,0.0195,0.0205,0.02,80944.1,79828.74,0.4113,0.18051,1e-05,116.58253,384.1,0.4
2026-09-06T18:07:53Z,2026-12-25,110,102000.0,P,0.2775,0.284,0.2801,80944.1,79828.74,0.4113,-0.81949,1e-05,116.58253,7.8,0.0
2026-09-06T18:07:53Z,2026-12-25,110,104000.0,C,0.0175,0.018,0.0176,80944.1,79828.74,0.4156,0.16189,1e-05,108.74209,90.7,0.3
2026-09-06T18:07:53Z,2026-12-25,110,104000.0,P,0.3,0.306,0.3025,80944.1,79828.74,0.4156,-0.83811,1e-05,108.74209,0.1,0.0
2026-09-06T18:07:53Z,2026-12-25,110,105000.0,C,0.0165,0.017,0.0166,80944.1,79828.74,0.4182,0.1536,1e-05,105.0479,914.5,1.2
2026-09-06T18:07:53Z,2026-12-25,110,105000.0,P,0.311,0.3175,0.3138,80944.1,79828.74,0.4182,-0.8464,1e-05,105.0479,109.4,0.0
2026-09-06T18:07:53Z,2026-12-25,110,106000.0,C,0.015,0.016,0.0156,80945.08,79828.74,0.4202,0.14543,1e-05,101.2875,778.8,150.0
2026-09-06T18:07:53Z,2026-12-25,110,106000.0,P,0.3225,0.3285,0.3251,80945.08,79828.74,0.4202,-0.85457,1e-05,101.2875,0.2,0.0
2026-09-06T18:07:53Z,2026-12-25,110,108000.0,C,0.0135,0.014,0.0137,80944.1,79828.74,0.4238,0.13012,1e-05,93.88313,152.1,0.0
2026-09-06T18:07:53Z,2026-12-25,110,108000.0,P,0.3455,0.352,0.348,80945.08,79828.74,0.4238,-0.86987,1e-05,93.88977,0.1,0.0
2026-09-06T18:07:53Z,2026-12-25,110,110000.0,C,0.012,0.0125,0.0122,80944.1,79828.74,0.4282,0.11703,1e-05,87.16256,2753.1,0.0
2026-09-06T18:07:53Z,2026-12-25,110,110000.0,P,0.3685,0.3745,0.3712,80945.08,79828.74,0.4282,-0.88296,1e-05,87.16897,55.6,0.0
2026-09-06T18:07:53Z,2026-12-25,110,115000.0,C,0.009,0.0095,0.0093,80944.1,79828.74,0.4409,0.09129,1e-05,72.78586,2332.6,1.0
2026-09-06T18:07:53Z,2026-12-25,110,115000.0,P,0.427,0.4335,0.4301,80944.1,79828.74,0.4409,-0.90871,1e-05,72.78586,5.0,0.0
2026-09-06T18:07:53Z,2026-12-25,110,120000.0,C,0.007,0.0075,0.0071,80944.1,79828.74,0.45189999999999997,0.0713,1e-05,60.39403,5827.4,0.2
2026-09-06T18:07:53Z,2026-12-25,110,120000.0,P,0.4865,0.493,0.4896,80944.1,79828.74,0.45189999999999997,-0.9287,1e-05,60.39403,35.7,0.0
2026-09-06T18:07:53Z,2026-12-25,110,125000.0,C,0.0055,0.006,0.0057,80944.1,79828.74,0.4648,0.05717,1e-05,50.86578,559.4,0.9
2026-09-06T18:07:53Z,2026-12-25,110,125000.0,P,0.5465,0.554,0.5499,80944.1,79828.74,0.4648,-0.94283,1e-05,50.86578,9.1,0.0
2026-09-06T18:07:53Z,2026-12-25,110,130000.0,C,0.0043,0.0049,0.0046,80944.1,79828.74,0.47859999999999997,0.04691,0.0,43.46349,1566.5,2.8
2026-09-06T18:07:53Z,2026-12-25,110,130000.0,P,0.607,0.615,0.6107,80944.1,79828.74,0.47859999999999997,-0.95309,0.0,43.46349,54.0,0.0
2026-09-06T18:07:53Z,2026-12-25,110,135000.0,C,0.0035,0.0041,0.0038,80944.1,79828.74,0.49119999999999997,0.03869,0.0,37.19812,1372.0,0.4
2026-09-06T18:07:53Z,2026-12-25,110,135000.0,P,0.668,0.6755,0.6716,80944.1,79828.74,0.49119999999999997,-0.96131,0.0,37.19812,0.7,0.0
2026-09-06T18:07:53Z,2026-12-25,110,140000.0,C,0.0029,0.0034,0.0032,80945.08,79828.74,0.504,0.03246,0.0,32.20877,1435.0,0.2
2026-09-06T18:07:53Z,2026-12-25,110,140000.0,P,0.729,0.7375,0.7328,80944.1,79828.74,0.504,-0.96754,0.0,32.20577,0.4,0.0
2026-09-06T18:07:53Z,2026-12-25,110,150000.0,C,0.0021,0.0026,0.0023,80944.1,79828.74,0.5281,0.02344,0.0,24.55852,1694.0,4.0
2026-09-06T18:07:53Z,2026-12-25,110,150000.0,P,0.851,0.8595,0.8554,80945.08,79828.74,0.5281,-0.97655,0.0,24.56086,4.4,0.0
2026-09-06T18:07:53Z,2026-12-25,110,160000.0,C,0.0015,0.002,0.0018,80944.1,79828.74,0.5512,0.01764,0.0,19.29914,1291.8,0.4
2026-09-06T18:07:53Z,2026-12-25,110,160000.0,P,0.974,0.9835,0.9784,80944.1,79828.74,0.5512,-0.98236,0.0,19.29914,0.1,0.0
2026-09-06T18:07:53Z,2026-12-25,110,170000.0,C,0.0012,0.0016,0.0014,80945.08,79828.74,0.5747,0.01394,0.0,15.76701,2393.8,0.6
2026-09-06T18:07:53Z,2026-12-25,110,170000.0,P,1.094,1.1175,1.1016,80944.1,79828.74,0.5747,-0.98606,0.0,15.76548,0.1,0.0
2026-09-06T18:07:53Z,2026-12-25,110,180000.0,C,0.0011,0.0013,0.0011,80944.1,79828.74,0.5938,0.01091,0.0,12.74929,934.5,0.4
2026-09-06T18:07:53Z,2026-12-25,110,180000.0,P,1.214,1.2405,1.2249,80945.08,79828.74,0.5938,-0.98909,0.0,12.75053,0.1,0.0
2026-09-06T18:07:53Z,2026-12-25,110,190000.0,C,0.0006,0.0012,0.0009,80944.1,79828.74,0.6107,0.00859,0.0,10.35179,1026.7,1.0
2026-09-06T18:07:53Z,2026-12-25,110,190000.0,P,1.3395,1.36,1.3482,80944.1,79828.74,0.6107,-0.99141,0.0,10.35179,0.0,0.0
2026-09-06T18:07:53Z,2026-12-25,110,200000.0,C,0.0006,0.001,0.0008,80945.08,79828.74,0.6327,0.00743,0.0,9.10873,969.4,0.0
2026-09-06T18:07:53Z,2026-12-25,110,200000.0,P,1.462,1.4885,1.4716,80945.08,79828.74,0.6327,-0.99257,0.0,9.10873,0.0,0.0
2026-09-06T18:07:53Z,2026-12-25,110,210000.0,C,0.0003,0.0008,0.0005,80944.1,79828.74,0.6343,0.0051,0.0,6.52311,162.3,0.0
2026-09-06T18:07:53Z,2026-12-25,110,210000.0,P,1.585,1.613,1.5949,80945.08,79828.74,0.6343,-0.9949,0.0,6.52377,0.0,0.0
2026-09-06T18:07:53Z,2026-12-25,110,220000.0,C,0.0003,0.0007,0.0005,80945.08,79828.74,0.6544,0.00454,0.0,5.88129,254.0,0.0
2026-09-06T18:07:53Z,2026-12-25,110,220000.0,P,1.708,1.738,1.7184,80944.1,79828.74,0.6544,-0.99546,0.0,5.8807,0.0,0.0
2026-09-06T18:07:53Z,2026-12-25,110,230000.0,C,0.0002,0.0006,0.0004,80944.1,79828.74,0.6639,0.00358,0.0,4.75798,190.5,0.0
2026-09-06T18:07:53Z,2026-12-25,110,230000.0,P,1.831,1.8625,1.8418,80944.1,79828.74,0.6639,-0.99642,0.0,4.75798,0.0,0.0
2026-09-06T18:07:53Z,2026-12-25,110,240000.0,C,0.0002,0.0005,0.0003,80944.1,79828.74,0.6762999999999999,0.003,0.0,4.05654,785.2,0.0
2026-09-06T18:07:53Z,2026-12-25,110,240000.0,P,1.954,1.987,1.9653,80944.1,79828.74,0.6762999999999999,-0.997,0.0,4.05654,0.0,0.0
2026-09-06T18:07:53Z,2026-12-25,110,250000.0,C,0.0001,0.0005,0.0002,80944.1,79828.74,0.6845,0.0024,0.0,3.32333,1280.3,0.0
2026-09-06T18:07:53Z,2026-12-25,110,250000.0,P,2.072,2.1125,2.0888,80944.1,79828.74,0.6845,-0.9976,0.0,3.32333,10.0,0.0
2026-09-06T18:07:53Z,2027-03-26,201,35000.0,C,0.5745,0.5765,0.5756,81870.67,79828.74,0.5999,0.98355,0.0,24.87676,19.9,0.0
2026-09-06T18:07:53Z,2027-03-26,201,35000.0,P,0.0027,0.0035,0.0031,81869.75,79828.74,0.5999,-0.01645,0.0,24.87782,623.5,0.3
2026-09-06T18:07:53Z,2027-03-26,201,40000.0,C,0.5155,0.5175,0.5163,81869.75,79828.74,0.5592,0.97351,0.0,37.23483,82.1,0.0
2026-09-06T18:07:53Z,2027-03-26,201,40000.0,P,0.0048,0.005,0.0049,81869.75,79828.74,0.5592,-0.02649,0.0,37.23483,1883.9,0.2
2026-09-06T18:07:53Z,2027-03-26,201,45000.0,C,0.456,0.4595,0.458,81863.65,79828.74,0.5251,0.95835,0.0,54.03431,3.3,0.0
2026-09-06T18:07:53Z,2027-03-26,201,45000.0,P,0.007,0.0085,0.0077,81869.75,79828.74,0.5251,-0.04163,0.0,54.01763,259.3,0.1
2026-09-06T18:07:53Z,2027-03-26,201,50000.0,C,0.3985,0.402,0.4009,81869.75,79828.74,0.49369999999999997,0.93703,0.0,75.07943,21.6,0.0
2026-09-06T18:07:53Z,2027-03-26,201,50000.0,P,0.0115,0.012,0.0116,81869.75,79828.74,0.49369999999999997,-0.06297,0.0,75.07943,2458.7,0.2
2026-09-06T18:07:53Z,2027-03-26,201,52000.0,C,0.3765,0.3795,0.3785,81870.07,79828.74,0.48200000000000004,0.92632,0.0,84.75581,5.3,0.0
2026-09-06T18:07:53Z,2027-03-26,201,52000.0,P,0.013,0.0145,0.0137,81870.07,79828.74,0.48200000000000004,-0.07368,0.0,84.75581,123.8,0.0
2026-09-06T18:07:53Z,2027-03-26,201,54000.0,C,0.354,0.3575,0.3563,81870.02,79828.74,0.47009999999999996,0.9144,1e-05,94.93598,0.1,0.0
2026-09-06T18:07:53Z,2027-03-26,201,54000.0,P,0.0155,0.0165,0.0159,81870.07,79828.74,0.47009999999999996,-0.0856,1e-05,94.93581,92.0,8.0
2026-09-06T18:07:53Z,2027-03-26,201,55000.0,C,0.343,0.3465,0.3454,81870.07,79828.74,0.4643,0.90789,1e-05,100.26525,28.6,0.0
2026-09-06T18:07:53Z,2027-03-26,201,55000.0,P,0.0165,0.018,0.0171,81870.07,79828.74,0.4643,-0.09211,1e-05,100.26525,1258.1,0.0
2026-09-06T18:07:53Z,2027-03-26,201,56000.0,C,0.3325,0.3355,0.3346,81870.07,79828.74,0.45990000000000003,0.90051,1e-05,106.11625,16.9,0.0
2026-09-06T18:07:53Z,2027-03-26,201,56000.0,P,0.018,0.0195,0.0186,81870.07,79828.74,0.45990000000000003,-0.09949,1e-05,106.11625,122.9,0.0
2026-09-06T18:07:53Z,2027-03-26,201,58000.0,C,0.311,0.3145,0.3134,81870.07,79828.74,0.4508,0.88464,1e-05,118.06504,4.3,0.0
2026-09-06T18:07:53Z,2027-03-26,201,58000.0,P,0.021,0.023,0.0219,81870.07,79828.74,0.4508,-0.11536,1e-05,118.06504,137.1,0.0
2026-09-06T18:07:53Z,2027-03-26,201,60000.0,C,0.2905,0.294,0.2927,81870.07,79828.74,0.4425,0.86683,1e-05,130.54081,649.0,0.0
2026-09-06T18:07:53Z,2027-03-26,201,60000.0,P,0.025,0.0265,0.0256,81870.07,79828.74,0.4425,-0.13317,1e-05,130.54081,805.2,0.0
2026-09-06T18:07:53Z,2027-03-26,201,62000.0,C,0.2705,0.274,0.2728,81870.07,79828.74,0.4355,0.84672,1e-05,143.55349,59.7,0.0
2026-09-06T18:07:53Z,2027-03-26,201,62000.0,P,0.029,0.031,0.0301,81870.07,79828.74,0.4355,-0.15328,1e-05,143.55349,260.1,0.0
2026-09-06T18:07:53Z,2027-03-26,201,64000.0,C,0.251,0.255,0.2535,81870.07,79828.74,0.42969999999999997,0.8244,1e-05,156.78429,137.8,0.0
2026-09-06T18:07:53Z,2027-03-26,201,64000.0,P,0.0345,0.036,0.0352,81870.07,79828.74,0.42969999999999997,-0.1756,1e-05,156.78429,126.0,0.0
2026-09-06T18:07:53Z,2027-03-26,201,65000.0,C,0.242,0.2455,0.244,81870.07,79828.74,0.4265,0.81272,1e-05,163.23328,366.9,0.0
2026-09-06T18:07:53Z,2027-03-26,201,65000.0,P,0.037,0.039,0.038,81870.07,79828.74,0.4265,-0.18728,1e-05,163.23328,879.5,0.0
2026-09-06T18:07:53Z,2027-03-26,201,66000.0,C,0.2325,0.236,0.2349,81867.64,79828.74,0.4241,0.80026,1e-05,169.77285,23.8,0.0
2026-09-06T18:07:53Z,2027-03-26,201,66000.0,P,0.04,0.042,0.041,81867.64,79828.74,0.4241,-0.19974,1e-05,169.77285,110.2,0.0
2026-09-06T18:07:53Z,2027-03-26,201,68000.0,C,0.215,0.218,0.2172,81867.64,79828.74,0.41960000000000003,0.77402,1e-05,182.45899,196.5,0.0
2026-09-06T18:07:53Z,2027-03-26,201,68000.0,P,0.047,0.0485,0.0478,81867.64,79828.74,0.41960000000000003,-0.22598,1e-05,182.45899,290.8,0.0
2026-09-06T18:07:53Z,2027-03-26,201,70000.0,C,0.198,0.2015,0.2002,81867.64,79828.74,0.4154,0.74618,1e-05,194.40566,797.8,0.0
2026-09-06T18:07:53Z,2027-03-26,201,70000.0,P,0.0545,0.056,0.0552,81870.15,79828.74,0.4154,-0.25379,1e-05,194.3988,772.8,0.0
2026-09-06T18:07:53Z,2027-03-26,201,72000.0,C,0.1825,0.1855,0.1842,81867.64,79828.74,0.4119,0.71677,1e-05,205.42373,95.2,0.0
2026-09-06T18:07:53Z,2027-03-26,201,72000.0,P,0.0625,0.0645,0.0636,81870.15,79828.74,0.4119,-0.28319,1e-05,205.4182,159.3,0.0
2026-09-06T18:07:53Z,2027-03-26,201,74000.0,C,0.1675,0.1695,0.1691,81867.64,79828.74,0.40909999999999996,0.68609,1e-05,215.27022,76.8,0.0
2026-09-06T18:07:53Z,2027-03-26,201,74000.0,P,0.072,0.074,0.0729,81867.64,79828.74,0.40909999999999996,-0.31391,1e-05,215.27022,197.2,0.0
2026-09-06T18:07:53Z,2027-03-26,201,76000.0,C,0.1535,0.1555,0.1547,81867.64,79828.74,0.40630000000000005,0.6545,1e-05,223.72003,530.5,0.3
2026-09-06T18:07:53Z,2027-03-26,201,76000.0,P,0.0825,0.084,0.083,81867.64,79828.74,0.40630000000000005,-0.3455,1e-05,223.72003,227.7,4.1
2026-09-06T18:07:53Z,2027-03-26,201,78000.0,C,0.14,0.142,0.1415,81867.64,79828.74,0.4046,0.62222,2e-05,230.65965,583.9,0.6
2026-09-06T18:07:53Z,2027-03-26,201,78000.0,P,0.0935,0.095,0.0943,81867.64,79828.74,0.4046,-0.37778,2e-05,230.65965,263.3,3.0
2026-09-06T18:07:53Z,2027-03-26,201,80000.0,C,0.128,0.1305,0.1295,81867.64,79828.74,0.40409999999999996,0.58972,2e-05,235.96391,1062.6,0.0
2026-09-06T18:07:53Z,2027-03-26,201,80000.0,P,0.106,0.1085,0.1066,81867.64,79828.74,0.40409999999999996,-0.41028,2e-05,235.96391,214.5,0.0
2026-09-06T18:07:53Z,2027-03-26,201,82000.0,C,0.117,0.119,0.118,81867.64,79828.74,0.40299999999999997,0.55723,2e-05,239.61708,1166.7,1.0
2026-09-06T18:07:53Z,2027-03-26,201,82000.0,P,0.119,0.1215,0.1196,81867.64,79828.74,0.40299999999999997,-0.44277,2e-05,239.61708,6.9,0.0
2026-09-06T18:07:53Z,2027-03-26,201,84000.0,C,0.1065,0.109,0.1079,81867.64,79828.74,0.4036,0.52538,2e-05,241.62231,263.2,0.0
2026-09-06T18:07:53Z,2027-03-26,201,84000.0,P,0.133,0.1355,0.1339,81870.15,79828.74,0.4036,-0.47458,2e-05,241.62814,55.2,0.0
2026-09-06T18:07:53Z,2027-03-26,201,85000.0,C,0.102,0.104,0.103,81863.65,79828.74,0.4035,0.50951,2e-05,242.03199,345.7,0.0
2026-09-06T18:07:53Z,2027-03-26,201,85000.0,P,0.1405,0.1435,0.1412,81863.65,79828.74,0.4035,-0.49049,2e-05,242.03199,3.9,0.0
2026-09-06T18:07:53Z,2027-03-26,201,86000.0,C,0.097,0.0995,0.0984,81863.65,79828.74,0.40380000000000005,0.49402,2e-05,242.07359,141.7,0.0
2026-09-06T18:07:53Z,2027-03-26,201,86000.0,P,0.148,0.1515,0.1488,81863.65,79828.74,0.40380000000000005,-0.50598,2e-05,242.07359,3.1,0.0
2026-09-06T18:07:53Z,2027-03-26,201,88000.0,C,0.0885,0.0905,0.0896,81867.34,79828.74,0.40409999999999996,0.46362,2e-05,241.10424,77.0,0.0
2026-09-06T18:07:53Z,2027-03-26,201,88000.0,P,0.164,0.167,0.1645,81867.34,79828.74,0.40409999999999996,-0.53638,2e-05,241.10424,4.7,0.0
2026-09-06T18:07:53Z,2027-03-26,201,90000.0,C,0.0805,0.0825,0.0816,81863.65,79828.74,0.4047,0.43413,2e-05,238.79288,555.2,0.2
2026-09-06T18:07:53Z,2027-03-26,201,90000.0,P,0.18,0.1835,0.181,81862.38,79828.74,0.4047,-0.56589,2e-05,238.78705,14.1,0.0
2026-09-06T18:07:53Z,2027-03-26,201,92000.0,C,0.0735,0.0755,0.0743,81863.65,79828.74,0.40549999999999997,0.4059,2e-05,235.33483,261.2,0.0
2026-09-06T18:07:53Z,2027-03-26,201,92000.0,P,0.197,0.201,0.1981,81863.65,79828.74,0.40549999999999997,-0.5941,2e-05,235.33483,1.4,0.0
2026-09-06T18:07:53Z,2027-03-26,201,94000.0,C,0.0665,0.0685,0.0678,81863.65,79828.74,0.40659999999999996,0.37908,2e-05,230.89299,166.3,0.0
2026-09-06T18:07:53Z,2027-03-26,201,94000.0,P,0.2145,0.2185,0.2159,81863.65,79828.74,0.40659999999999996,-0.62092,2e-05,230.89299,9.7,0.0
2026-09-06T18:07:53Z,2027-03-26,201,95000.0,C,0.0635,0.0655,0.0646,81867.34,79828.74,0.40700000000000003,0.36609,2e-05,228.34023,545.1,0.0
2026-09-06T18:07:53Z,2027-03-26,201,95000.0,P,0.2235,0.2275,0.225,81867.34,79828.74,0.40700000000000003,-0.63391,2e-05,228.34023,0.4,0.0
2026-09-06T18:07:53Z,2027-03-26,201,96000.0,C,0.0605,0.0625,0.0617,81863.65,79828.74,0.4078,0.35355,2e-05,225.59832,141.6,0.0
2026-09-06T18:07:53Z,2027-03-26,201,96000.0,P,0.233,0.237,0.2343,81863.65,79828.74,0.4078,-0.64645,2e-05,225.59832,1.6,0.0
2026-09-06T18:07:53Z,2027-03-26,201,98000.0,C,0.055,0.057,0.0562,81863.65,79828.74,0.409,0.32931,1e-05,219.58768,115.0,0.0
2026-09-06T18:07:53Z,2027-03-26,201,98000.0,P,0.2515,0.2565,0.2532,81863.65,79828.74,0.409,-0.67069,1e-05,219.58768,0.2,0.0
2026-09-06T18:07:53Z,2027-03-26,201,100000.0,C,0.05,0.052,0.0512,81863.65,79828.74,0.4102,0.30642,1e-05,213.00768,670.1,1.0
2026-09-06T18:07:53Z,2027-03-26,201,100000.0,P,0.271,0.276,0.2727,81867.34,79828.74,0.4102,-0.69353,1e-05,213.03326,12.3,0.0
2026-09-06T18:07:53Z,2027-03-26,201,102000.0,C,0.0455,0.0475,0.0467,81863.65,79828.74,0.4117,0.28501,1e-05,206.03023,127.5,0.0
2026-09-06T18:07:53Z,2027-03-26,201,102000.0,P,0.291,0.296,0.2926,81862.38,79828.74,0.4117,-0.71501,1e-05,206.02068,0.1,0.0
2026-09-06T18:07:53Z,2027-03-26,201,104000.0,C,0.0415,0.0435,0.0427,81862.38,79828.74,0.41350000000000003,0.26517,1e-05,198.83258,115.2,0.0
2026-09-06T18:07:53Z,2027-03-26,201,104000.0,P,0.311,0.3165,0.313,81862.38,79828.74,0.41350000000000003,-0.73483,1e-05,198.83258,0.1,0.0
2026-09-06T18:07:53Z,2027-03-26,201,105000.0,C,0.0395,0.041,0.0407,81862.38,79828.74,0.414,0.25539,1e-05,195.02139,162.4,0.0
2026-09-06T18:07:53Z,2027-03-26,201,105000.0,P,0.3215,0.327,0.3232,81862.38,79828.74,0.414,-0.74461,1e-05,195.02139,0.5,0.0
2026-09-06T18:07:53Z,2027-03-26,201,106000.0,C,0.038,0.04,0.0391,81862.38,79828.74,0.41590000000000005,0.24698,1e-05,191.59876,79.2,0.0
2026-09-06T18:07:53Z,2027-03-26,201,106000.0,P,0.332,0.3375,0.3339,81862.38,79828.74,0.41590000000000005,-0.75302,1e-05,191.59876,0.1,0.0
2026-09-06T18:07:53Z,2027-03-26,201,108000.0,C,0.0345,0.0365,0.0357,81863.56,79828.74,0.4172,0.22929,1e-05,183.95277,68.6,0.0
2026-09-06T18:07:53Z,2027-03-26,201,108000.0,P,0.353,0.3585,0.3549,81862.38,79828.74,0.4172,-0.77072,1e-05,183.94376,0.1,0.0
2026-09-06T18:07:53Z,2027-03-26,201,110000.0,C,0.0315,0.0335,0.0327,81862.38,79828.74,0.4192,0.21324,1e-05,176.46702,1157.6,0.0
2026-09-06T18:07:53Z,2027-03-26,201,110000.0,P,0.3745,0.38,0.3763,81862.38,79828.74,0.4192,-0.78676,1e-05,176.46702,4.1,0.0
2026-09-06T18:07:53Z,2027-03-26,201,112000.0,C,0.029,0.031,0.0301,81862.38,79828.74,0.4219,0.19885,1e-05,169.30472,67.3,0.1
2026-09-06T18:07:53Z,2027-03-26,201,112000.0,P,0.396,0.402,0.3982,81862.38,79828.74,0.4219,-0.80115,1e-05,169.30472,0.1,0.0
2026-09-06T18:07:53Z,2027-03-26,201,115000.0,C,0.0255,0.0275,0.0266,81862.38,79828.74,0.42560000000000003,0.17888,1e-05,158.61461,807.8,0.2
2026-09-06T18:07:53Z,2027-03-26,201,115000.0,P,0.429,0.4355,0.4313,81862.38,79828.74,0.42560000000000003,-0.82112,1e-05,158.61461,2.2,0.0
2026-09-06T18:07:53Z,2027-03-26,201,120000.0,C,0.021,0.0225,0.0219,81862.38,79828.74,0.4321,0.15063,1e-05,141.88788,791.1,0.1
2026-09-06T18:07:53Z,2027-03-26,201,120000.0,P,0.4855,0.4915,0.4876,81863.56,79828.74,0.4321,-0.84936,1e-05,141.89653,1.8,0.0
2026-09-06T18:07:53Z,2027-03-26,201,125000.0,C,0.0175,0.019,0.0183,81862.38,79828.74,0.4404,0.12852,1e-05,127.35965,302.8,0.2
2026-09-06T18:07:53Z,2027-03-26,201,125000.0,P,0.5425,0.5495,0.5451,81862.38,79828.74,0.4404,-0.87148,1e-05,127.35965,0.1,0.0
2026-09-06T18:07:53Z,2027-03-26,201,130000.0,C,0.015,0.016,0.0153,81863.32,79828.74,0.4471,0.10943,1e-05,113.68803,1136.6,0.3
2026-09-06T18:07:53Z,2027-03-26,201,130000.0,P,0.6005,0.6075,0.6033,81863.32,79828.74,0.4471,-0.89057,1e-05,113.68803,0.4,0.0
2026-09-06T18:07:53Z,2027-03-26,201,140000.0,C,0.0105,0.012,0.0113,81863.32,79828.74,0.46340000000000003,0.08223,1e-05,92.11182,909.8,0.3
2026-09-06T18:07:53Z,2027-03-26,201,140000.0,P,0.7185,0.726,0.7214,81863.32,79828.74,0.46340000000000003,-0.91777,1e-05,92.11182,1.9,0.2
2026-09-06T18:07:53Z,2027-03-26,201,150000.0,C,0.0085,0.009,0.0085,81863.32,79828.74,0.47869999999999996,0.06313,0.0,75.22239,1901.9,0.1
2026-09-06T18:07:53Z,2027-03-26,201,150000.0,P,0.8375,0.8455,0.8408,81862.38,79828.74,0.47869999999999996,-0.93687,0.0,75.21781,0.6,0.0
2026-09-06T18:07:53Z,2027-03-26,201,160000.0,C,0.006,0.0075,0.0068,81863.32,79828.74,0.4954,0.05037,0.0,62.9549,1034.0,0.1
2026-09-06T18:07:53Z,2027-03-26,201,160000.0,P,0.957,0.967,0.9612,81862.38,79828.74,0.4954,-0.94964,0.0,62.95095,0.1,0.0
2026-09-06T18:07:53Z,2027-03-26,201,170000.0,C,0.0055,0.006,0.0055,81863.32,79828.74,0.5112,0.04102,0.0,53.37278,648.8,0.2
2026-09-06T18:07:53Z,2027-03-26,201,170000.0,P,1.068,1.0985,1.0821,81863.32,79828.74,0.5112,-0.95898,0.0,53.37278,0.2,0.0
2026-09-06T18:07:53Z,2027-03-26,201,180000.0,C,0.0044,0.005,0.0045,81863.32,79828.74,0.5249,0.03358,0.0,45.3273,503.3,0.0
2026-09-06T18:07:53Z,2027-03-26,201,180000.0,P,1.1895,1.2215,1.2032,81863.32,79828.74,0.5249,-0.96642,0.0,45.3273,0.1,0.0
2026-09-06T18:07:53Z,2027-03-26,201,190000.0,C,0.0038,0.004,0.0039,81863.32,79828.74,0.5415,0.02892,0.0,40.0492,627.2,0.0
2026-09-06T18:07:53Z,2027-03-26,201,190000.0,P,1.309,1.348,1.3247,81863.32,79828.74,0.5415,-0.97108,0.0,40.0492,0.9,0.0
2026-09-06T18:07:53Z,2027-03-26,201,200000.0,C,0.0031,0.0032,0.0032,81863.32,79828.74,0.5513,0.02378,0.0,34.00951,485.6,0.0
2026-09-06T18:07:53Z,2027-03-26,201,200000.0,P,1.4305,1.471,1.4462,81863.32,79828.74,0.5513,-0.97622,0.0,34.00951,1.0,0.0
2026-09-06T18:07:53Z,2027-06-25,292,30000.0,C,0.641,0.643,0.6419,82815.0,79828.74,0.6173,0.98284,0.0,31.46425,69.5,0.0
2026-09-06T18:07:53Z,2027-06-25,292,30000.0,P,0.0036,0.0048,0.0042,82815.0,79828.74,0.6173,-0.01716,0.0,31.46425,333.0,1.0
2026-09-06T18:07:53Z,2027-06-25,292,40000.0,C,0.525,0.5275,0.5267,82815.9,79828.74,0.5424,0.95937,0.0,64.59356,17.1,0.0
2026-09-06T18:07:53Z,2027-06-25,292,40000.0,P,0.009,0.01,0.0096,82815.0,79828.74,0.5424,-0.04063,0.0,64.59539,1213.1,0.2
2026-09-06T18:07:53Z,2027-06-25,292,45000.0,C,0.469,0.4715,0.4703,82815.0,79828.74,0.5085000000000001,0.94172,0.0,86.18066,0.5,0.0
2026-09-06T18:07:53Z,2027-06-25,292,45000.0,P,0.013,0.0145,0.0137,82815.9,79828.74,0.5085000000000001,-0.05827,0.0,86.17841,121.8,2.0
2026-09-06T18:07:53Z,2027-06-25,292,50000.0,C,0.414,0.4175,0.4159,82815.9,79828.74,0.4824,0.9171,0.0,113.03654,17.5,0.0
2026-09-06T18:07:53Z,2027-06-25,292,50000.0,P,0.019,0.0205,0.0197,82815.9,79828.74,0.4824,-0.0829,0.0,113.03654,402.1,0.0
2026-09-06T18:07:53Z,2027-06-25,292,52000.0,C,0.393,0.3965,0.395,82816.39,79828.74,0.47490000000000004,0.90468,0.0,125.41352,1.1,0.0
2026-09-06T18:07:53Z,2027-06-25,292,52000.0,P,0.022,0.024,0.0229,82816.19,79828.74,0.47490000000000004,-0.09532,0.0,125.41452,40.4,0.0
2026-09-06T18:07:53Z,2027-06-25,292,54000.0,C,0.372,0.376,0.3743,82815.9,79828.74,0.4668,0.89132,1e-05,137.97635,0.9,0.0
2026-09-06T18:07:53Z,2027-06-25,292,54000.0,P,0.0255,0.0275,0.0264,82816.39,79828.74,0.4668,-0.10867,1e-05,137.97476,50.1,0.0
2026-09-06T18:07:53Z,2027-06-25,292,55000.0,C,0.362,0.3655,0.3643,82815.9,79828.74,0.46340000000000003,0.884,1e-05,144.56391,2.9,0.0
2026-09-06T18:07:53Z,2027-06-25,292,55000.0,P,0.0275,0.0295,0.0284,82815.9,79828.74,0.46340000000000003,-0.116,1e-05,144.56391,35.6,0.0
2026-09-06T18:07:53Z,2027-06-25,292,56000.0,C,0.352,0.3555,0.3542,82815.9,79828.74,0.4596,0.87656,1e-05,151.04206,3.0,0.0
2026-09-06T18:07:53Z,2027-06-25,292,56000.0,P,0.0295,0.0315,0.0304,82816.39,79828.74,0.4596,-0.12344,1e-05,151.04043,84.6,0.0
2026-09-06T18:07:53Z,2027-06-25,292,58000.0,C,0.3325,0.336,0.3345,82815.9,79828.74,0.45289999999999997,0.86043,1e-05,164.40137,13.8,0.0
2026-09-06T18:07:53Z,2027-06-25,292,58000.0,P,0.034,0.036,0.0349,82815.9,79828.74,0.45289999999999997,-0.13957,1e-05,164.40137,91.9,0.0
2026-09-06T18:07:53Z,2027-06-25,292,60000.0,C,0.313,0.317,0.3154,82815.9,79828.74,0.447,0.84291,1e-05,177.94367,961.9,0.6
2026-09-06T18:07:53Z,2027-06-25,292,60000.0,P,0.039,0.041,0.0399,82816.39,79828.74,0.447,-0.15709,1e-05,177.94207,196.2,0.1
2026-09-06T18:07:53Z,2027-06-25,292,62000.0,C,0.295,0.299,0.2972,82815.9,79828.74,0.44270000000000004,0.82369,1e-05,191.70886,117.0,0.0
2026-09-06T18:07:53Z,2027-06-25,292,62000.0,P,0.045,0.047,0.0458,82816.39,79828.74,0.44270000000000004,-0.17631,1e-05,191.70733,115.3,0.0
2026-09-06T18:07:53Z,2027-06-25,292,64000.0,C,0.2775,0.281,0.2794,82816.39,79828.74,0.4379,0.8035,1e-05,205.02854,33.5,0.0
2026-09-06T18:07:53Z,2027-06-25,292,64000.0,P,0.051,0.053,0.0522,82816.39,79828.74,0.4379,-0.1965,1e-05,205.02854,62.4,0.0
2026-09-06T18:07:53Z,2027-06-25,292,65000.0,C,0.2685,0.2725,0.2708,82815.9,79828.74,0.436,0.79287,1e-05,211.60103,1.6,0.0
2026-09-06T18:07:53Z,2027-06-25,292,65000.0,P,0.0545,0.057,0.0556,82816.39,79828.74,0.436,-0.20713,1e-05,211.59979,24.7,0.0
2026-09-06T18:07:53Z,2027-06-25,292,66000.0,C,0.26,0.264,0.2622,82816.19,79828.74,0.4339,0.78207,1e-05,217.97872,25.7,0.0
2026-09-06T18:07:53Z,2027-06-25,292,66000.0,P,0.058,0.06,0.0592,82816.19,79828.74,0.4339,-0.21793,1e-05,217.97872,46.5,12.4
2026-09-06T18:07:53Z,2027-06-25,292,68000.0,C,0.244,0.2475,0.2459,82816.19,79828.74,0.4305,0.7595,1e-05,230.36628,10.8,0.0
2026-09-06T18:07:53Z,2027-06-25,292,68000.0,P,0.066,0.068,0.067,82816.19,79828.74,0.4305,-0.2405,1e-05,230.36628,13.6,0.2
2026-09-06T18:07:53Z,2027-06-25,292,70000.0,C,0.2285,0.232,0.2304,82816.39,79828.74,0.4278,0.73594,1e-05,242.00646,195.5,0.0
2026-09-06T18:07:53Z,2027-06-25,292,70000.0,P,0.0745,0.077,0.0756,82816.19,79828.74,0.4278,-0.26406,1e-05,242.00684,20.4,0.0
2026-09-06T18:07:53Z,2027-06-25,292,72000.0,C,0.2135,0.2165,0.2154,82816.39,79828.74,0.4249,0.71173,1e-05,252.66174,90.1,0.3
2026-09-06T18:07:53Z,2027-06-25,292,72000.0,P,0.084,0.086,0.0848,82816.19,79828.74,0.4249,-0.28828,1e-05,252.66203,47.6,0.2
2026-09-06T18:07:53Z,2027-06-25,292,74000.0,C,0.1995,0.2025,0.2014,82816.19,79828.74,0.4233,0.68676,1e-05,262.3142,20.7,0.1
2026-09-06T18:07:53Z,2027-06-25,292,74000.0,P,0.094,0.0965,0.095,82816.19,79828.74,0.4233,-0.31324,1e-05,262.3142,12.2,0.0
2026-09-06T18:07:53Z,2027-06-25,292,76000.0,C,0.186,0.189,0.1879,82816.39,79828.74,0.42100000000000004,0.66144,1e-05,270.77208,22.4,0.0
2026-09-06T18:07:53Z,2027-06-25,292,76000.0,P,0.1045,0.107,0.1056,82816.39,79828.74,0.42100000000000004,-0.33856,1e-05,270.77208,74.6,0.2
2026-09-06T18:07:53Z,2027-06-25,292,78000.0,C,0.174,0.1765,0.1754,82816.19,79828.74,0.41979999999999995,0.63581,1e-05,278.01318,52.2,0.2
2026-09-06T18:07:53Z,2027-06-25,292,78000.0,P,0.116,0.1185,0.1172,82816.39,79828.74,0.41979999999999995,-0.36418,1e-05,278.01323,104.6,0.0
2026-09-06T18:07:53Z,2027-06-25,292,80000.0,C,0.162,0.1645,0.1635,82816.19,79828.74,0.4188,0.6101,1e-05,283.97666,107.0,0.0
2026-09-06T18:07:53Z,2027-06-25,292,80000.0,P,0.128,0.1315,0.1295,82816.19,79828.74,0.4188,-0.3899,1e-05,283.97666,44.1,0.2
2026-09-06T18:07:53Z,2027-06-25,292,82000.0,C,0.151,0.1535,0.1524,82816.19,79828.74,0.418,0.58445,1e-05,288.6534,81.1,0.0
2026-09-06T18:07:53Z,2027-06-25,292,82000.0,P,0.141,0.1445,0.1426,82816.39,79828.74,0.418,-0.41555,1e-05,288.6537,23.5,0.8
2026-09-06T18:07:53Z,2027-06-25,292,84000.0,C,0.1405,0.143,0.142,82816.19,79828.74,0.4175,0.55903,1e-05,292.05562,18.9,0.0
2026-09-06T18:07:53Z,2027-06-25,292,84000.0,P,0.1545,0.158,0.1563,82816.39,79828.74,0.4175,-0.44096,1e-05,292.05605,6.5,0.8
2026-09-06T18:07:53Z,2027-06-25,292,85000.0,C,0.1355,0.138,0.137,82816.19,79828.74,0.4172,0.54644,1e-05,293.29176,152.8,0.0
2026-09-06T18:07:53Z,2027-06-25,292,85000.0,P,0.1615,0.165,0.1634,82816.19,79828.74,0.4172,-0.45356,1e-05,293.29176,10.7,0.0
2026-09-06T18:07:53Z,2027-06-25,292,86000.0,C,0.131,0.1335,0.1323,82816.39,79828.74,0.4174,0.53403,1e-05,294.22065,26.8,0.0
2026-09-06T18:07:53Z,2027-06-25,292,86000.0,P,0.169,0.173,0.1708,82816.19,79828.74,0.4174,-0.46598,1e-05,294.2201,1.4,0.0
2026-09-06T18:07:53Z,2027-06-25,292,88000.0,C,0.122,0.1245,0.1233,82816.39,79828.74,0.4174,0.5095,1e-05,295.21163,21.3,0.0
2026-09-06T18:07:53Z,2027-06-25,292,88000.0,P,0.184,0.1885,0.1859,82816.39,79828.74,0.4174,-0.4905,1e-05,295.21163,4.7,0.0
2026-09-06T18:07:53Z,2027-06-25,292,90000.0,C,0.113,0.116,0.1147,82816.19,79828.74,0.4172,0.48537,1e-05,295.09619,715.0,0.0
2026-09-06T18:07:53Z,2027-06-25,292,90000.0,P,0.1995,0.204,0.2015,82816.19,79828.74,0.4172,-0.51463,1e-05,295.09619,0.5,0.0
2026-09-06T18:07:53Z,2027-06-25,292,92000.0,C,0.105,0.108,0.1067,82816.39,79828.74,0.41700000000000004,0.46185,1e-05,293.94407,15.7,0.0
2026-09-06T18:07:53Z,2027-06-25,292,92000.0,P,0.2155,0.2205,0.2176,82816.19,79828.74,0.41700000000000004,-0.53815,1e-05,293.94318,0.2,0.0
2026-09-06T18:07:53Z,2027-06-25,292,94000.0,C,0.0985,0.1005,0.0997,82816.19,79828.74,0.41850000000000004,0.43973,1e-05,291.91844,17.7,0.0
2026-09-06T18:07:53Z,2027-06-25,292,94000.0,P,0.2325,0.2375,0.2348,82816.19,79828.74,0.41850000000000004,-0.56027,1e-05,291.91844,0.1,0.0
2026-09-06T18:07:53Z,2027-06-25,292,95000.0,C,0.095,0.097,0.0962,82816.39,79828.74,0.41869999999999996,0.42871,1e-05,290.56766,56.9,0.0
2026-09-06T18:07:53Z,2027-06-25,292,95000.0,P,0.241,0.2455,0.2434,82816.39,79828.74,0.41869999999999996,-0.57129,1e-05,290.56766,20.2,0.0
2026-09-06T18:07:53Z,2027-06-25,292,96000.0,C,0.0915,0.094,0.0928,82816.19,79828.74,0.4188,0.41784,1e-05,289.0094,32.2,0.0
2026-09-06T18:07:53Z,2027-06-25,292,96000.0,P,0.25,0.255,0.2521,82816.39,79828.74,0.4188,-0.58216,1e-05,289.01048,0.0,0.0
2026-09-06T18:07:53Z,2027-06-25,292,98000.0,C,0.0855,0.0875,0.0867,82816.39,79828.74,0.4199,0.3971,1e-05,285.41708,42.6,0.0
2026-09-06T18:07:53Z,2027-06-25,292,98000.0,P,0.268,0.273,0.27,82816.19,79828.74,0.4199,-0.6029,1e-05,285.41592,0.1,0.0
2026-09-06T18:07:53Z,2027-06-25,292,100000.0,C,0.0795,0.0815,0.0807,82816.0,79828.74,0.4205,0.37683,1e-05,281.10479,203.8,0.1
2026-09-06T18:07:53Z,2027-06-25,292,100000.0,P,0.286,0.2915,0.2882,82816.15,79828.74,0.4205,-0.62317,1e-05,281.10612,1.4,0.0
2026-09-06T18:07:53Z,2027-06-25,292,102000.0,C,0.074,0.0765,0.0753,82816.15,79828.74,0.4213,0.35757,1e-05,276.26812,28.5,0.1
2026-09-06T18:07:53Z,2027-06-25,292,102000.0,P,0.3045,0.31,0.3069,82816.15,79828.74,0.4213,-0.64243,1e-05,276.26812,0.0,0.0
2026-09-06T18:07:53Z,2027-06-25,292,104000.0,C,0.069,0.0715,0.0703,82816.12,79828.74,0.4224,0.33925,1e-05,270.98419,13.1,0.0
2026-09-06T18:07:53Z,2027-06-25,292,104000.0,P,0.324,0.3295,0.3261,82816.12,79828.74,0.4224,-0.66075,1e-05,270.98419,0.0,0.0
2026-09-06T18:07:53Z,2027-06-25,292,105000.0,C,0.0665,0.069,0.0679,82816.12,79828.74,0.423,0.33042,1e-05,268.19505,152.5,0.0
2026-09-06T18:07:53Z,2027-06-25,292,105000.0,P,0.3335,0.3385,0.3358,82816.12,79828.74,0.423,-0.66958,1e-05,268.19505,0.1,0.0
2026-09-06T18:07:53Z,2027-06-25,292,106000.0,C,0.0645,0.0665,0.0657,82816.15,79828.74,0.4236,0.32183,1e-05,265.33118,0.0,0.0
2026-09-06T18:07:53Z,2027-06-25,292,106000.0,P,0.3435,0.349,0.3456,82816.15,79828.74,0.4236,-0.67817,1e-05,265.33118,0.0,0.0
2026-09-06T18:07:53Z,2027-06-25,292,108000.0,C,0.0605,0.0625,0.0615,82816.12,79828.74,0.4251,0.30543,1e-05,259.43716,12.7,0.0
2026-09-06T18:07:53Z,2027-06-25,292,108000.0,P,0.3635,0.369,0.3656,82816.12,79828.74,0.4251,-0.69457,1e-05,259.43716,0.0,0.0
2026-09-06T18:07:53Z,2027-06-25,292,110000.0,C,0.0565,0.0585,0.0577,82816.15,79828.74,0.4268,0.29001,1e-05,253.37462,270.0,0.0
2026-09-06T18:07:53Z,2027-06-25,292,110000.0,P,0.383,0.3895,0.3859,82816.12,79828.74,0.4268,-0.70999,1e-05,253.37439,2.3,0.0
2026-09-06T18:07:53Z,2027-06-25,292,115000.0,C,0.048,0.05,0.0491,82816.15,79828.74,0.43090000000000006,0.25468,1e-05,237.5256,38.2,0.0
2026-09-06T18:07:53Z,2027-06-25,292,115000.0,P,0.435,0.4415,0.4378,82816.12,79828.74,0.43090000000000006,-0.74532,1e-05,237.52536,0.0,0.0
2026-09-06T18:07:53Z,2027-06-25,292,120000.0,C,0.0415,0.043,0.0421,82816.15,79828.74,0.4354,0.2241,1e-05,221.48853,292.9,0.0
2026-09-06T18:07:53Z,2027-06-25,292,120000.0,P,0.488,0.4945,0.4911,82816.15,79828.74,0.4354,-0.7759,1e-05,221.48853,0.1,0.0
2026-09-06T18:07:53Z,2027-06-25,292,125000.0,C,0.035,0.0375,0.0363,82816.15,79828.74,0.4399,0.19752,1e-05,205.67029,115.6,0.0
2026-09-06T18:07:53Z,2027-06-25,292,125000.0,P,0.5425,0.55,0.5457,82816.0,79828.74,0.4399,-0.80249,1e-05,205.66886,0.0,0.0
2026-09-06T18:07:53Z,2027-06-25,292,130000.0,C,0.031,0.0325,0.0316,82815.99,79828.74,0.44530000000000003,0.17513,1e-05,190.89385,762.1,0.0
2026-09-06T18:07:53Z,2027-06-25,292,130000.0,P,0.598,0.606,0.6014,82815.99,79828.74,0.44530000000000003,-0.82487,1e-05,190.89385,1.4,0.0
2026-09-06T18:07:53Z,2027-06-25,292,140000.0,C,0.024,0.0255,0.0246,82816.0,79828.74,0.457,0.13984,1e-05,164.6198,387.6,0.0
2026-09-06T18:07:53Z,2027-06-25,292,140000.0,P,0.7115,0.7195,0.7151,82816.0,79828.74,0.457,-0.86016,1e-05,164.6198,0.5,0.0
2026-09-06T18:07:53Z,2027-06-25,292,150000.0,C,0.019,0.0205,0.0195,82816.0,79828.74,0.4686,0.11335,1e-05,142.20454,218.1,0.0
2026-09-06T18:07:53Z,2027-06-25,292,150000.0,P,0.8265,0.836,0.8308,82815.99,79828.74,0.4686,-0.88665,1e-05,142.20447,0.1,0.0
2026-09-06T18:07:53Z,2027-06-25,292,160000.0,C,0.0155,0.0165,0.0158,82816.0,79828.74,0.4797,0.09314,0.0,123.29335,553.7,0.1
2026-09-06T18:07:53Z,2027-06-25,292,160000.0,P,0.9435,0.953,0.9478,82816.0,79828.74,0.4797,-0.90686,0.0,123.29335,0.2,0.0
2026-09-06T18:07:53Z,2027-06-25,292,170000.0,C,0.012,0.014,0.013,82816.0,79828.74,0.4903,0.07749,0.0,107.4126,91.9,0.1
2026-09-06T18:07:53Z,2027-06-25,292,170000.0,P,1.05,1.091,1.0657,82816.0,79828.74,0.4903,-0.92251,0.0,107.4126,14.7,0.0
2026-09-06T18:07:53Z,2027-06-25,292,180000.0,C,0.01,0.0115,0.0108,82815.99,79828.74,0.4999,0.06497,0.0,93.81918,47.1,0.1
2026-09-06T18:07:53Z,2027-06-25,292,180000.0,P,1.168,1.2115,1.1843,82816.0,79828.74,0.4999,-0.93503,0.0,93.81923,0.0,0.0
2026-09-06T18:07:53Z,2027-06-25,292,190000.0,C,0.0085,0.01,0.009,82815.99,79828.74,0.5086999999999999,0.0549,0.0,82.22095,48.7,0.0
2026-09-06T18:07:53Z,2027-06-25,292,190000.0,P,1.2855,1.332,1.3032,82816.0,79828.74,0.5086999999999999,-0.9451,0.0,82.221,0.5,0.0
2026-09-06T18:07:53Z,2027-06-25,292,200000.0,C,0.007,0.0085,0.0078,82816.0,79828.74,0.5186,0.04743,0.0,73.18951,27.1,0.1
2026-09-06T18:07:53Z,2027-06-25,292,200000.0,P,1.4045,1.453,1.4227,82815.99,79828.74,0.5186,-0.95257,0.0,73.18947,2.1,0.0
