snapshot_ts,expiry,days_to_expiry,strike,option_type,bid,ask,mark_price,forward_price,index_price,implied_vol,delta,gamma,vega,open_interest,volume_24h
2026-09-04T18:54:02Z,2026-09-05,1,68000.0,C,0.143,0.148,0.1457,79599.19,79627.82,0.9656999999999999,0.99999,0.0,0.00156,0.0,0.0
2026-09-04T18:54:02Z,2026-09-05,1,68000.0,P,0.0,0.0001,0.0,79599.19,79627.82,0.9656999999999999,-1e-05,0.0,0.00156,6.0,0.0
2026-09-04T18:54:02Z,2026-09-05,1,69000.0,C,0.1305,0.1355,0.1332,79599.19,79627.82,0.9656999999999999,0.99994,0.0,0.00756,0.0,0.0
2026-09-04T18:54:02Z,2026-09-05,1,69000.0,P,0.0,0.0001,0.0,79599.57,79627.82,0.9656999999999999,-6e-05,0.0,0.00755,5.1,0.0
2026-09-04T18:54:02Z,2026-09-05,1,70000.0,C,0.118,0.123,0.1206,79599.19,79627.82,0.9656999999999999,0.99973,0.0,0.03088,0.0,0.0
2026-09-04T18:54:02Z,2026-09-05,1,70000.0,P,0.0,0.0001,0.0,79599.19,79627.82,0.9656999999999999,-0.00027,0.0,0.03088,29.2,4.5
2026-09-04T18:54:02Z,2026-09-05,1,71000.0,C,0.1055,0.1105,0.108,79599.57,79627.82,0.9521999999999999,0.99911,0.0,0.09352,0.1,0.0
2026-09-04T18:54:02Z,2026-09-05,1,71000.0,P,0.0,0.0001,0.0,79599.57,79627.82,0.9521999999999999,-0.00089,0.0,0.09352,10.7,9.4
2026-09-04T18:54:02Z,2026-09-05,1,72000.0,C,0.0925,0.098,0.0955,79599.19,79627.82,0.853,0.99889,0.0,0.11434,0.0,0.0
2026-09-04T18:54:02Z,2026-09-05,1,72000.0,P,0.0,0.0001,0.0,79599.57,79627.82,0.853,-0.00111,0.0,0.11429,18.7,0.3
2026-09-04T18:54:02Z,2026-09-05,1,73000.0,C,0.08,0.0855,0.0829,79599.57,79627.82,0.7484999999999999,0.99867,0.0,0.13449,0.0,0.0
2026-09-04T18:54:02Z,2026-09-05,1,73000.0,P,0.0,0.0001,0.0,79599.19,79627.82,0.7484999999999999,-0.00133,0.0,0.13455,17.5,6.1
2026-09-04T18:54:02Z,2026-09-05,1,74000.0,C,0.0685,0.073,0.0704,79599.19,79627.82,0.6374,0.99852,0.0,0.14847,0.0,0.0
2026-09-04T18:54:02Z,2026-09-05,1,74000.0,P,0.0,0.0001,0.0,79599.57,79627.82,0.6374,-0.00148,0.0,0.14839,119.5,19.3
2026-09-04T18:54:02Z,2026-09-05,1,74500.0,C,0.061,0.0665,0.0641,79599.19,79627.82,0.5843,0.99836,0.0,0.16252,0.0,0.0
2026-09-04T18:54:02Z,2026-09-05,1,74500.0,P,0.0,0.0001,0.0,79599.5,79627.82,0.5843,-0.00163,0.0,0.16244,14.0,10.4
2026-09-04T18:54:02Z,2026-09-05,1,75000.0,C,0.055,0.0605,0.0578,79599.5,79627.82,0.531,0.99819,0.0,0.17848,0.5,0.5
2026-09-04T18:54:02Z,2026-09-05,1,75000.0,P,0.0,0.0001,0.0,79599.5,79627.82,0.531,-0.00181,0.0,0.17848,71.2,66.0
2026-09-04T18:54:02Z,2026-09-05,1,75500.0,C,0.0485,0.054,0.0515,79599.5,79627.82,0.4851,0.99766,0.0,0.22522,0.0,0.0
2026-09-04T18:54:02Z,2026-09-05,1,75500.0,P,0.0,0.0001,0.0,79599.19,79627.82,0.4851,-0.00234,0.0,0.22536,104.1,88.6
2026-09-04T18:54:02Z,2026-09-05,1,76000.0,C,0.0425,0.048,0.0452,79599.19,79627.82,0.43439999999999995,0.99713,1e-05,0.27023,3.7,0.0
2026-09-04T18:54:02Z,2026-09-05,1,76000.0,P,0.0,0.0002,0.0,79599.5,79627.82,0.43439999999999995,-0.00286,1e-05,0.27006,78.6,38.6
2026-09-04T18:54:02Z,2026-09-05,1,76500.0,C,0.0375,0.0405,0.039,79599.19,79627.82,0.4111,0.99389,1e-05,0.53184,8.1,0.0
2026-09-04T18:54:02Z,2026-09-05,1,76500.0,P,0.0,0.0001,0.0,79599.5,79627.82,0.4111,-0.00611,1e-05,0.53152,34.1,3.7
2026-09-04T18:54:02Z,2026-09-05,1,77000.0,C,0.0315,0.034,0.0327,79599.5,79627.82,0.377,0.98883,3e-05,0.90314,63.5,24.7
2026-09-04T18:54:02Z,2026-09-05,1,77000.0,P,0.0,0.0002,0.0001,79599.5,79627.82,0.377,-0.01117,3e-05,0.90314,50.2,32.0
2026-09-04T18:54:02Z,2026-09-05,1,77500.0,C,0.025,0.028,0.0264,79599.19,79627.82,0.3129,0.98662,4e-05,1.0565,31.3,0.1
2026-09-04T18:54:02Z,2026-09-05,1,77500.0,P,0.0,0.0002,0.0001,79599.5,79627.82,0.3129,-0.01337,4e-05,1.05575,78.7,103.3
2026-09-04T18:54:02Z,2026-09-05,1,78000.0,C,0.019,0.0215,0.0202,79599.5,79627.82,0.2646,0.97667,7e-05,1.69783,191.3,55.1
2026-09-04T18:54:02Z,2026-09-05,1,78000.0,P,0.0,0.0003,0.0001,79599.5,79627.82,0.2646,-0.02333,7e-05,1.69783,84.5,56.2
2026-09-04T18:54:02Z,2026-09-05,1,78500.0,C,0.0125,0.0155,0.0141,79599.19,79627.82,0.24359999999999998,0.93064,0.00018,4.104,63.0,0.6
2026-09-04T18:54:02Z,2026-09-05,1,78500.0,P,0.0002,0.0004,0.0003,79599.5,79627.82,0.24359999999999998,-0.06931,0.00018,4.1015,136.5,181.2
2026-09-04T18:54:02Z,2026-09-05,1,79000.0,C,0.0065,0.01,0.0083,79599.5,79627.82,0.2115,0.82338,0.0004,7.98131,180.2,99.7
2026-09-04T18:54:02Z,2026-09-05,1,79000.0,P,0.0006,0.001,0.0008,79599.5,79627.82,0.2115,-0.17662,0.0004,7.98131,250.4,184.6
2026-09-04T18:54:02Z,2026-09-05,1,79500.0,C,0.0032,0.0039,0.0036,79599.5,79627.82,0.188,0.56972,0.00068,12.09216,102.4,68.7
2026-09-04T18:54:02Z,2026-09-05,1,79500.0,P,0.002,0.0026,0.0023,79599.5,79627.82,0.188,-0.43028,0.00068,12.09216,161.7,235.1
2026-09-04T18:54:02Z,2026-09-05,1,80000.0,C,0.0009,0.0012,0.0011,79599.19,79627.82,0.1949,0.25379,0.00053,9.85976,395.5,46.0
2026-09-04T18:54:02Z,2026-09-05,1,80000.0,P,0.0055,0.007,0.0062,79599.5,79627.82,0.1949,-0.74604,0.00053,9.86318,128.1,205.5
2026-09-04T18:54:02Z,2026-09-05,1,80500.0,C,0.0002,0.0005,0.0004,79599.5,79627.82,0.2187,0.09243,0.00025,5.09828,104.0,96.4
2026-09-04T18:54:02Z,2026-09-05,1,80500.0,P,0.0105,0.013,0.0117,79599.5,79627.82,0.2187,-0.90757,0.00025,5.09828,138.7,189.4
2026-09-04T18:54:02Z,2026-09-05,1,81000.0,C,0.0001,0.0002,0.0002,79599.5,79627.82,0.2551,0.03892,0.00011,2.59444,208.2,226.4
2026-09-04T18:54:02Z,2026-09-05,1,81000.0,P,0.0165,0.0195,0.0177,79599.56,79627.82,0.2551,-0.96107,0.00011,2.59479,77.0,84.2
2026-09-04T18:54:02Z,2026-09-05,1,81500.0,C,0.0,0.0003,0.0001,79599.56,79627.82,0.30879999999999996,0.02445,6e-05,1.76551,161.4,83.2
2026-09-04T18:54:02Z,2026-09-05,1,81500.0,P,0.0225,0.0255,0.024,79599.56,79627.82,0.30879999999999996,-0.97555,6e-05,1.76551,22.4,13.0
2026-09-04T18:54:02Z,2026-09-05,1,82000.0,C,0.0,0.0001,0.0001,79599.56,79627.82,0.3657,0.01814,4e-05,1.37157,738.2,251.9
2026-09-04T18:54:02Z,2026-09-05,1,82000.0,P,0.029,0.032,0.0302,79599.56,79627.82,0.3657,-0.98186,4e-05,1.37157,11.4,2.6
2026-09-04T18:54:02Z,2026-09-05,1,82500.0,C,0.0,0.0001,0.0001,79599.56,79627.82,0.4033,0.01109,2e-05,0.89786,145.0,174.2
2026-09-04T18:54:02Z,2026-09-05,1,82500.0,P,0.034,0.04,0.0365,79599.56,79627.82,0.4033,-0.98891,2e-05,0.89786,0.0,0.0
2026-09-04T18:54:02Z,2026-09-05,1,83000.0,C,0.0,0.0001,0.0001,79599.56,79627.82,0.4587,0.0094,2e-05,0.77743,279.5,256.4
2026-09-04T18:54:02Z,2026-09-05,1,83000.0,P,0.04,0.045,0.0428,79599.56,79627.82,0.4587,-0.9906,2e-05,0.77743,1.5,0.0
2026-09-04T18:54:02Z,2026-09-05,1,84000.0,C,0.0,0.0001,0.0,79599.5,79627.82,0.5494,0.00583,1e-05,0.51052,229.7,283.6
2026-09-04T18:54:02Z,2026-09-05,1,84000.0,P,0.0525,0.0585,0.0553,79599.56,79627.82,0.5494,-0.99417,1e-05,0.51057,0.0,0.0
2026-09-04T18:54:02Z,2026-09-05,1,85000.0,C,0.0,0.0001,0.0,79599.56,79627.82,0.6476999999999999,0.00455,1e-05,0.40906,54.3,33.8
2026-09-04T18:54:02Z,2026-09-05,1,85000.0,P,0.065,0.0715,0.0679,79599.56,79627.82,0.6476999999999999,-0.99545,1e-05,0.40906,0.0,0.0
2026-09-04T18:54:02Z,2026-09-05,1,86000.0,C,0.0,0.0001,0.0,79599.56,79627.82,0.7295999999999999,0.0032,0.0,0.29821,59.7,42.2
2026-09-04T18:54:02Z,2026-09-05,1,86000.0,P,0.0775,0.084,0.0804,79599.56,79627.82,0.7295999999999999,-0.9968,0.0,0.29821,0.0,0.0
2026-09-04T18:54:02Z,2026-09-05,1,87000.0,C,0.0,0.0001,0.0,79599.56,79627.82,0.7369,0.00095,0.0,0.09887,41.7,47.9
2026-09-04T18:54:02Z,2026-09-05,1,87000.0,P,0.09,0.0955,0.093,79599.56,79627.82,0.7369,-0.99905,0.0,0.09887,0.0,0.0
2026-09-04T18:54:02Z,2026-09-05,1,88000.0,C,0.0,0.0001,0.0,79599.56,79627.82,0.7369,0.00023,0.0,0.02626,45.0,31.5
2026-09-04T18:54:02Z,2026-09-05,1,88000.0,P,0.103,0.109,0.1055,79599.56,79627.82,0.7369,-0.99977,0.0,0.02626,0.0,0.0
2026-09-04T18:54:02Z,2026-09-06,2,68000.0,C,0.143,0.148,0.1459,79608.6,79627.82,0.8551000000000001,0.99788,0.0,0.34576,0.0,0.0
2026-09-04T18:54:02Z,2026-09-06,2,68000.0,P,0.0,0.0001,0.0,79608.6,79627.82,0.8551000000000001,-0.00212,0.0,0.34576,30.3,0.4
2026-09-04T18:54:02Z,2026-09-06,2,69000.0,C,0.1305,0.1355,0.1333,79608.6,79627.82,0.7898999999999999,0.99751,0.0,0.40121,0.0,0.0
2026-09-04T18:54:02Z,2026-09-06,2,69000.0,P,0.0,0.0105,0.0,79608.6,79627.82,0.7898999999999999,-0.00249,0.0,0.40121,3.3,1.5
2026-09-04T18:54:02Z,2026-09-06,2,70000.0,C,0.118,0.123,0.1207,79608.68,79627.82,0.7228,0.99709,0.0,0.46089,0.0,0.0
2026-09-04T18:54:02Z,2026-09-06,2,70000.0,P,0.0,0.0095,0.0,79608.68,79627.82,0.7228,-0.00291,0.0,0.46089,36.0,29.7
2026-09-04T18:54:02Z,2026-09-06,2,71000.0,C,0.1055,0.1105,0.1082,79608.68,79627.82,0.6544,0.99662,0.0,0.52753,0.0,0.0
2026-09-04T18:54:02Z,2026-09-06,2,71000.0,P,0.0,0.0,0.0,79608.6,79627.82,0.6544,-0.00338,0.0,0.52757,10.6,2.0
2026-09-04T18:54:02Z,2026-09-06,2,72000.0,C,0.093,0.098,0.0956,79608.68,79627.82,0.6036,0.99502,0.0,0.74663,0.0,0.0
2026-09-04T18:54:02Z,2026-09-06,2,72000.0,P,0.0,0.013,0.0001,79608.68,79627.82,0.6036,-0.00498,0.0,0.74663,0.5,0.5
2026-09-04T18:54:02Z,2026-09-06,2,73000.0,C,0.08,0.0855,0.0831,79608.6,79627.82,0.5395,0.99354,1e-05,0.941,0.0,0.0
2026-09-04T18:54:02Z,2026-09-06,2,73000.0,P,0.0,0.0001,0.0001,79608.63,79627.82,0.5395,-0.00646,1e-05,0.94097,3.6,2.2
2026-09-04T18:54:02Z,2026-09-06,2,74000.0,C,0.0675,0.073,0.0705,79608.68,79627.82,0.46259999999999996,0.99269,1e-05,1.04905,0.0,0.0
2026-09-04T18:54:02Z,2026-09-06,2,74000.0,P,0.0,0.0001,0.0001,79608.68,79627.82,0.46259999999999996,-0.00731,1e-05,1.04905,4.4,0.4
2026-09-04T18:54:02Z,2026-09-06,2,74500.0,C,0.0615,0.067,0.0642,79608.68,79627.82,0.4305,0.99137,1e-05,1.21338,0.0,0.0
2026-09-04T18:54:02Z,2026-09-06,2,74500.0,P,0.0,0.0001,0.0001,79608.68,79627.82,0.4305,-0.00863,1e-05,1.21338,11.9,10.0
2026-09-04T18:54:02Z,2026-09-06,2,75000.0,C,0.056,0.0605,0.058,79608.68,79627.82,0.397,0.98986,1e-05,1.39802,0.0,0.0
2026-09-04T18:54:02Z,2026-09-06,2,75000.0,P,0.0,0.0001,0.0001,79608.63,79627.82,0.397,-0.01014,1e-05,1.3981,44.6,29.1
2026-09-04T18:54:02Z,2026-09-06,2,75500.0,C,0.0485,0.0545,0.0517,79608.68,79627.82,0.36590000000000006,0.98737,2e-05,1.69187,0.0,0.0
2026-09-04T18:54:02Z,2026-09-06,2,75500.0,P,0.0,0.0002,0.0001,79608.68,79627.82,0.36590000000000006,-0.01263,2e-05,1.69187,19.6,13.5
2026-09-04T18:54:02Z,2026-09-06,2,76000.0,C,0.0435,0.048,0.0454,79608.68,79627.82,0.3319,0.98456,2e-05,2.01114,0.0,0.0
2026-09-04T18:54:02Z,2026-09-06,2,76000.0,P,0.0,0.0003,0.0001,79608.63,79627.82,0.3319,-0.01544,2e-05,2.01127,26.9,21.0
2026-09-04T18:54:02Z,2026-09-06,2,76500.0,C,0.0375,0.0405,0.0392,79608.63,79627.82,0.3023,0.97904,3e-05,2.60961,8.1,0.0
2026-09-04T18:54:02Z,2026-09-06,2,76500.0,P,0.0,0.0003,0.0002,79608.68,79627.82,0.3023,-0.02095,3e-05,2.60944,48.2,48.2
2026-09-04T18:54:02Z,2026-09-06,2,77000.0,C,0.0315,0.034,0.0329,79608.63,79627.82,0.2662,0.97332,4e-05,3.19718,70.1,35.1
2026-09-04T18:54:02Z,2026-09-06,2,77000.0,P,0.0001,0.0003,0.0002,79608.63,79627.82,0.2662,-0.02668,4e-05,3.19718,70.1,40.6
2026-09-04T18:54:02Z,2026-09-06,2,77500.0,C,0.025,0.028,0.0268,79608.68,79627.82,0.2401,0.95784,7e-05,4.65906,59.1,51.8
2026-09-04T18:54:02Z,2026-09-06,2,77500.0,P,0.0002,0.0004,0.0003,79608.68,79627.82,0.2401,-0.04216,7e-05,4.65906,27.9,18.6
2026-09-04T18:54:02Z,2026-09-06,2,78000.0,C,0.019,0.022,0.0207,79608.68,79627.82,0.2181,0.92587,0.00012,7.26898,10.5,0.6
2026-09-04T18:54:02Z,2026-09-06,2,78000.0,P,0.0004,0.0006,0.0005,79608.68,79627.82,0.2181,-0.07413,0.00012,7.26898,18.3,16.8
2026-09-04T18:54:02Z,2026-09-06,2,78500.0,C,0.0115,0.0175,0.0148,79608.68,79627.82,0.1977,0.8636,0.00021,11.32827,0.8,0.5
2026-09-04T18:54:02Z,2026-09-06,2,78500.0,P,0.0008,0.001,0.0009,79608.63,79627.82,0.1977,-0.13641,0.00021,11.32887,28.5,25.6
2026-09-04T18:54:02Z,2026-09-06,2,79000.0,C,0.0075,0.011,0.0095,79608.68,79627.82,0.1809,0.74471,0.00034,16.64597,25.0,10.0
2026-09-04T18:54:02Z,2026-09-06,2,79000.0,P,0.0016,0.002,0.0018,79608.68,79627.82,0.1809,-0.25529,0.00034,16.64597,197.4,189.9
2026-09-04T18:54:02Z,2026-09-06,2,79500.0,C,0.0048,0.0055,0.0052,79608.68,79627.82,0.1723,0.55069,0.00044,20.50124,28.8,25.4
2026-09-04T18:54:02Z,2026-09-06,2,79500.0,P,0.0035,0.0041,0.0038,79608.81,79627.82,0.1723,-0.44925,0.00044,20.50091,104.0,113.7
2026-09-04T18:54:02Z,2026-09-06,2,80000.0,C,0.0023,0.0026,0.0025,79608.81,79627.82,0.1736,0.33424,0.0004,18.85743,150.6,154.9
2026-09-04T18:54:02Z,2026-09-06,2,80000.0,P,0.0065,0.008,0.0074,79608.81,79627.82,0.1736,-0.66576,0.0004,18.85745,62.2,59.3
2026-09-04T18:54:02Z,2026-09-06,2,80500.0,C,0.0011,0.0013,0.0012,79608.81,79627.82,0.1843,0.17826,0.00027,13.51181,74.7,87.7
2026-09-04T18:54:02Z,2026-09-06,2,80500.0,P,0.0105,0.014,0.0123,79608.63,79627.82,0.1843,-0.8218,0.00027,13.50882,43.5,49.8
2026-09-04T18:54:02Z,2026-09-06,2,81000.0,C,0.0005,0.0007,0.0006,79608.81,79627.82,0.2028,0.09573,0.00016,8.80587,83.5,97.0
2026-09-04T18:54:02Z,2026-09-06,2,81000.0,P,0.0165,0.0195,0.0181,79608.81,79627.82,0.2028,-0.90427,0.00016,8.80578,100.5,132.1
2026-09-04T18:54:02Z,2026-09-06,2,81500.0,C,0.0002,0.0004,0.0003,79608.81,79627.82,0.21710000000000002,0.04903,9e-05,5.26038,37.1,46.2
2026-09-04T18:54:02Z,2026-09-06,2,81500.0,P,0.0215,0.0265,0.024,79608.63,79627.82,0.21719999999999998,-0.95098,9e-05,5.25909,0.6,0.9
2026-09-04T18:54:02Z,2026-09-06,2,82000.0,C,0.0001,0.0003,0.0002,79608.81,79627.82,0.24239999999999998,0.03084,6e-05,3.60711,53.4,43.9
2026-09-04T18:54:02Z,2026-09-06,2,82000.0,P,0.029,0.032,0.0302,79608.81,79627.82,0.24239999999999998,-0.96915,6e-05,3.60721,5.5,5.6
2026-09-04T18:54:02Z,2026-09-06,2,82500.0,C,0.0001,0.0003,0.0001,79608.81,79627.82,0.26030000000000003,0.01799,3e-05,2.29276,51.1,51.1
2026-09-04T18:54:02Z,2026-09-06,2,82500.0,P,0.0335,0.04,0.0364,79608.63,79627.82,0.26030000000000003,-0.98201,3e-05,2.29211,0.0,0.0
2026-09-04T18:54:02Z,2026-09-06,2,83000.0,C,0.0,0.0002,0.0002,79608.81,79627.82,0.3125,0.02064,3e-05,2.57596,22.2,17.1
2026-09-04T18:54:02Z,2026-09-06,2,83000.0,P,0.04,0.045,0.0428,79608.81,79627.82,0.3125,-0.97936,3e-05,2.57596,0.0,0.0
2026-09-04T18:54:02Z,2026-09-06,2,83500.0,C,0.0,0.0001,0.0001,79608.81,79627.82,0.3141,0.01006,2e-05,1.38743,55.4,55.5
2026-09-04T18:54:02Z,2026-09-06,2,83500.0,P,0.046,0.0525,0.049,79608.63,79627.82,0.3141,-0.98995,2e-05,1.38707,0.0,0.0
2026-09-04T18:54:02Z,2026-09-06,2,84000.0,C,0.0,0.0002,0.0001,79608.63,79627.82,0.3544,0.01026,1e-05,1.41237,105.1,50.0
2026-09-04T18:54:02Z,2026-09-06,2,84000.0,P,0.0525,0.0585,0.0552,79608.63,79627.82,0.3544,-0.98974,1e-05,1.41237,0.0,0.0
2026-09-04T18:54:02Z,2026-09-06,2,85000.0,C,0.0,0.0001,0.0001,79608.81,79627.82,0.4097,0.00725,1e-05,1.04191,77.3,17.6
2026-09-04T18:54:02Z,2026-09-06,2,85000.0,P,0.065,0.071,0.0678,79608.63,79627.82,0.4097,-0.99275,1e-05,1.04169,0.0,0.0
2026-09-04T18:54:02Z,2026-09-06,2,86000.0,C,0.0,0.0003,0.0001,79608.63,79627.82,0.4728,0.00631,1e-05,0.92092,22.1,23.9
2026-09-04T18:54:02Z,2026-09-06,2,86000.0,P,0.078,0.084,0.0803,79608.81,79627.82,0.4728,-0.99369,1e-05,0.92109,0.0,0.0
2026-09-04T18:54:02Z,2026-09-06,2,87000.0,C,0.0,0.0,0.0001,79608.63,79627.82,0.5346,0.00563,1e-05,0.83248,16.0,11.0
2026-09-04T18:54:02Z,2026-09-06,2,87000.0,P,0.0905,0.0965,0.0929,79608.81,79627.82,0.5346,-0.99437,1e-05,0.83261,0.0,0.0
2026-09-04T18:54:02Z,2026-09-06,2,88000.0,C,0.0,0.0002,0.0,79608.81,79627.82,0.5775,0.00405,0.0,0.62108,5.1,5.2
2026-09-04T18:54:02Z,2026-09-06,2,88000.0,P,0.103,0.108,0.1055,79608.62,79627.82,0.5775,-0.99595,0.0,0.62097,0.0,0.0
2026-09-04T18:54:02Z,2026-09-06,2,89000.0,C,0.0,0.0001,0.0,79608.62,79627.82,0.5972999999999999,0.00219,0.0,0.3566,23.9,23.7
2026-09-04T18:54:02Z,2026-09-06,2,89000.0,P,0.1155,0.1215,0.118,79608.81,79627.82,0.5972999999999999,-0.99781,0.0,0.35666,0.0,0.0
2026-09-04T18:54:02Z,2026-09-07,3,69000.0,C,0.1305,0.136,0.1334,79615.9,79627.82,0.6361,0.99674,0.0,0.65566,0.0,0.0
2026-09-04T18:54:02Z,2026-09-07,3,69000.0,P,0.0,0.0002,0.0001,79616.13,79627.82,0.6361,-0.00326,0.0,0.65556,0.6,0.0
2026-09-04T18:54:02Z,2026-09-07,3,70000.0,C,0.118,0.1235,0.1208,79616.13,79627.82,0.5863,0.99602,0.0,0.78483,0.0,0.0
2026-09-04T18:54:02Z,2026-09-07,3,70000.0,P,0.0,0.0003,0.0001,79616.13,79627.82,0.5863,-0.00398,0.0,0.78483,1.1,1.0
2026-09-04T18:54:02Z,2026-09-07,3,71000.0,C,0.1065,0.111,0.1083,79615.9,79627.82,0.5509000000000001,0.99401,0.0,1.12948,0.0,0.0
2026-09-04T18:54:02Z,2026-09-07,3,71000.0,P,0.0,0.0003,0.0001,79615.9,79627.82,0.5509000000000001,-0.00599,0.0,1.12948,4.5,4.5
2026-09-04T18:54:02Z,2026-09-07,3,72000.0,C,0.094,0.098,0.0957,79616.13,79627.82,0.49060000000000004,0.99333,1e-05,1.2411,0.0,0.0
2026-09-04T18:54:02Z,2026-09-07,3,72000.0,P,0.0,0.0003,0.0001,79616.13,79627.82,0.49060000000000004,-0.00667,1e-05,1.2411,11.4,4.4
2026-09-04T18:54:02Z,2026-09-07,3,73000.0,C,0.0805,0.0855,0.0833,79616.13,79627.82,0.46649999999999997,0.98766,1e-05,2.12728,0.0,0.0
2026-09-04T18:54:02Z,2026-09-07,3,73000.0,P,0.0,0.0002,0.0002,79615.9,79627.82,0.46649999999999997,-0.01234,1e-05,2.12763,8.5,0.3
2026-09-04T18:54:02Z,2026-09-07,3,74000.0,C,0.0675,0.0735,0.0707,79616.13,79627.82,0.40270000000000006,0.9858,1e-05,2.40215,0.0,0.0
2026-09-04T18:54:02Z,2026-09-07,3,74000.0,P,0.0001,0.0003,0.0002,79616.13,79627.82,0.40270000000000006,-0.0142,1e-05,2.40215,0.4,0.3
2026-09-04T18:54:02Z,2026-09-07,3,75000.0,C,0.055,0.061,0.0582,79615.9,79627.82,0.3407,0.98272,2e-05,2.8428,0.0,0.0
2026-09-04T18:54:02Z,2026-09-07,3,75000.0,P,0.0001,0.0003,0.0002,79616.13,79627.82,0.3407,-0.01728,2e-05,2.8422,109.4,109.3
2026-09-04T18:54:02Z,2026-09-07,3,75500.0,C,0.05,0.0545,0.052,79615.9,79627.82,0.32630000000000003,0.9751,3e-05,3.87373,0.0,0.0
2026-09-04T18:54:02Z,2026-09-07,3,75500.0,P,0.0002,0.0004,0.0003,79615.9,79627.82,0.32630000000000003,-0.0249,3e-05,3.87373,17.0,17.2
2026-09-04T18:54:02Z,2026-09-07,3,76000.0,C,0.0425,0.0485,0.0457,79615.8,79627.82,0.3044,0.96719,4e-05,4.87181,0.8,0.8
2026-09-04T18:54:02Z,2026-09-07,3,76000.0,P,0.0002,0.0005,0.0003,79615.8,79627.82,0.3044,-0.03281,4e-05,4.87181,36.3,4.3
2026-09-04T18:54:02Z,2026-09-07,3,76500.0,C,0.0375,0.0425,0.0397,79615.8,79627.82,0.29469999999999996,0.94888,5e-05,6.97953,0.0,0.0
2026-09-04T18:54:02Z,2026-09-07,3,76500.0,P,0.0004,0.0007,0.0005,79615.9,79627.82,0.29469999999999996,-0.05111,5e-05,6.97896,47.3,46.6
2026-09-04T18:54:02Z,2026-09-07,3,77000.0,C,0.032,0.0355,0.0336,79615.8,79627.82,0.2759,0.92806,7e-05,9.1176,0.0,0.0
2026-09-04T18:54:02Z,2026-09-07,3,77000.0,P,0.0006,0.0009,0.0007,79615.9,79627.82,0.2759,-0.07194,7e-05,9.11689,27.1,31.5
2026-09-04T18:54:02Z,2026-09-07,3,77500.0,C,0.026,0.029,0.0277,79615.8,79627.82,0.2618,0.89302,0.00011,12.2547,7.6,0.1
2026-09-04T18:54:02Z,2026-09-07,3,77500.0,P,0.001,0.0013,0.0011,79615.8,79627.82,0.2618,-0.10698,0.00011,12.2547,34.8,31.1
2026-09-04T18:54:02Z,2026-09-07,3,78000.0,C,0.0205,0.0235,0.022,79615.9,79627.82,0.2486,0.84084,0.00015,16.12272,87.5,25.0
2026-09-04T18:54:02Z,2026-09-07,3,78000.0,P,0.0016,0.0019,0.0018,79615.8,79627.82,0.2486,-0.15918,0.00015,16.12368,87.0,16.8
2026-09-04T18:54:02Z,2026-09-07,3,78500.0,C,0.015,0.0185,0.0169,79615.9,79627.82,0.24059999999999998,0.76191,0.00019,20.58066,1.5,0.4
2026-09-04T18:54:02Z,2026-09-07,3,78500.0,P,0.0026,0.0031,0.0028,79615.9,79627.82,0.24059999999999998,-0.23809,0.00019,20.58066,140.7,51.3
2026-09-04T18:54:02Z,2026-09-07,3,79000.0,C,0.0115,0.013,0.0123,79615.8,79627.82,0.23600000000000002,0.65684,0.00023,24.44916,3.4,2.4
2026-09-04T18:54:02Z,2026-09-07,3,79000.0,P,0.0043,0.0048,0.0046,79615.9,79627.82,0.23600000000000002,-0.34314,0.00023,24.44856,83.1,86.8
2026-09-04T18:54:02Z,2026-09-07,3,79500.0,C,0.008,0.009,0.0086,79615.8,79627.82,0.23550000000000001,0.53341,0.00025,26.43332,15.4,13.4
2026-09-04T18:54:02Z,2026-09-07,3,79500.0,P,0.0065,0.0075,0.0071,79615.9,79627.82,0.23550000000000001,-0.46657,0.00025,26.43322,44.4,48.7
2026-09-04T18:54:02Z,2026-09-07,3,80000.0,C,0.005,0.006,0.0056,79615.9,79627.82,0.23379999999999998,0.40643,0.00025,25.79336,23.9,24.3
2026-09-04T18:54:02Z,2026-09-07,3,80000.0,P,0.01,0.011,0.0105,79615.9,79627.82,0.23379999999999998,-0.59357,0.00025,25.79336,18.3,20.6
2026-09-04T18:54:02Z,2026-09-07,3,80500.0,C,0.0034,0.0038,0.0036,79615.8,79627.82,0.2386,0.29309,0.00022,22.87318,18.2,10.9
2026-09-04T18:54:02Z,2026-09-07,3,80500.0,P,0.013,0.0165,0.0147,79615.8,79627.82,0.2386,-0.70691,0.00022,22.87318,24.1,24.0
2026-09-04T18:54:02Z,2026-09-07,3,81000.0,C,0.0021,0.0025,0.0023,79615.8,79627.82,0.2437,0.20135,0.00017,18.69053,48.4,33.1
2026-09-04T18:54:02Z,2026-09-07,3,81000.0,P,0.018,0.0215,0.0197,79615.8,79627.82,0.2437,-0.79865,0.00017,18.69053,99.2,164.8
2026-09-04T18:54:02Z,2026-09-07,3,81500.0,C,0.0012,0.0016,0.0014,79615.8,79627.82,0.2526,0.13604,0.00013,14.51283,9.7,9.7
2026-09-04T18:54:02Z,2026-09-07,3,81500.0,P,0.023,0.027,0.0251,79615.8,79627.82,0.2526,-0.86396,0.00013,14.51283,0.0,0.0
2026-09-04T18:54:02Z,2026-09-07,3,82000.0,C,0.0008,0.0011,0.0009,79615.9,79627.82,0.2633,0.09163,9e-05,10.94238,55.8,54.7
2026-09-04T18:54:02Z,2026-09-07,3,82000.0,P,0.0295,0.0325,0.0309,79616.39,79627.82,0.2633,-0.90832,9e-05,10.9467,9.6,8.6
2026-09-04T18:54:02Z,2026-09-07,3,82500.0,C,0.0005,0.0007,0.0006,79616.39,79627.82,0.27440000000000003,0.06166,7e-05,8.09179,25.1,25.7
2026-09-04T18:54:02Z,2026-09-07,3,82500.0,P,0.0345,0.0405,0.0368,79616.39,79627.82,0.27440000000000003,-0.93834,7e-05,8.09179,3.6,3.6
2026-09-04T18:54:02Z,2026-09-07,3,83000.0,C,0.0003,0.0005,0.0004,79616.39,79627.82,0.2857,0.04159,5e-05,5.91354,89.6,89.2
2026-09-04T18:54:02Z,2026-09-07,3,83000.0,P,0.0405,0.0465,0.0429,79616.39,79627.82,0.2857,-0.95841,5e-05,5.91354,2.1,2.1
2026-09-04T18:54:02Z,2026-09-07,3,83500.0,C,0.0002,0.0005,0.0003,79616.39,79627.82,0.3086,0.03325,4e-05,4.92514,30.0,30.0
2026-09-04T18:54:02Z,2026-09-07,3,83500.0,P,0.0465,0.0515,0.0491,79615.78,79627.82,0.3086,-0.96678,4e-05,4.92242,0.0,0.0
2026-09-04T18:54:02Z,2026-09-07,3,84000.0,C,0.0001,0.0004,0.0002,79616.39,79627.82,0.31670000000000004,0.02206,2e-05,3.4985,92.7,31.7
2026-09-04T18:54:02Z,2026-09-07,3,84000.0,P,0.0525,0.0585,0.0553,79616.39,79627.82,0.31670000000000004,-0.97794,2e-05,3.4985,0.0,0.0
2026-09-04T18:54:02Z,2026-09-07,3,85000.0,C,0.0001,0.0003,0.0002,79615.78,79627.82,0.3593,0.01517,2e-05,2.54246,28.1,40.2
2026-09-04T18:54:02Z,2026-09-07,3,85000.0,P,0.065,0.071,0.0678,79616.39,79627.82,0.3593,-0.98482,2e-05,2.54388,0.0,0.0
2026-09-04T18:54:02Z,2026-09-07,3,86000.0,C,0.0,0.0002,0.0001,79615.78,79627.82,0.3818,0.00812,1e-05,1.47723,22.9,3.4
2026-09-04T18:54:02Z,2026-09-07,3,86000.0,P,0.0775,0.084,0.0803,79615.78,79627.82,0.3818,-0.99188,1e-05,1.47723,0.0,0.0
2026-09-04T18:54:02Z,2026-09-07,3,87000.0,C,0.0,0.0002,0.0001,79615.78,79627.82,0.4354,0.00774,1e-05,1.41587,12.1,12.1
2026-09-04T18:54:02Z,2026-09-07,3,87000.0,P,0.09,0.0965,0.0928,79615.78,79627.82,0.4354,-0.99226,1e-05,1.41587,0.0,0.0
2026-09-04T18:54:02Z,2026-09-07,3,88000.0,C,0.0,0.0002,0.0001,79615.78,79627.82,0.4802,0.00663,1e-05,1.23513,9.7,11.4
2026-09-04T18:54:02Z,2026-09-07,3,88000.0,P,0.1025,0.108,0.1054,79616.39,79627.82,0.4802,-0.99337,1e-05,1.23572,0.0,0.0
2026-09-04T18:54:02Z,2026-09-07,3,89000.0,C,0.0,0.0001,0.0001,79615.78,79627.82,0.508,0.0046,0.0,0.89171,8.1,8.0
2026-09-04T18:54:02Z,2026-09-07,3,89000.0,P,0.1155,0.1215,0.1179,79616.39,79627.82,0.508,-0.9954,0.0,0.89214,0.0,0.0
2026-09-04T18:54:02Z,2026-09-07,3,90000.0,C,0.0,0.0002,0.0,79616.39,79627.82,0.5227,0.00266,0.0,0.54668,0.3,0.2
2026-09-04T18:54:02Z,2026-09-07,3,90000.0,P,0.128,0.134,0.1305,79616.39,79627.82,0.5227,-0.99734,0.0,0.54668,0.0,0.0
2026-09-04T18:54:02Z,2026-09-07,3,91000.0,C,0.0,0.0001,0.0,79615.78,79627.82,0.5589,0.00226,0.0,0.47058,0.0,0.0
2026-09-04T18:54:02Z,2026-09-07,3,91000.0,P,0.1405,0.147,0.143,79615.78,79627.82,0.5589,-0.99774,0.0,0.47058,0.0,0.0
2026-09-04T18:54:02Z,2026-09-08,4,70000.0,C,0.118,0.1235,0.1209,79622.78,79627.82,0.5157,0.99476,0.0,1.18271,0.0,0.0
2026-09-04T18:54:02Z,2026-09-08,4,70000.0,P,0.0,0.0003,0.0001,79622.78,79627.82,0.5157,-0.00524,0.0,1.18271,0.0,0.0
2026-09-04T18:54:02Z,2026-09-08,4,71000.0,C,0.1055,0.111,0.1084,79622.78,79627.82,0.48619999999999997,0.99215,1e-05,1.69262,0.0,0.0
2026-09-04T18:54:02Z,2026-09-08,4,71000.0,P,0.0,0.0002,0.0001,79622.78,79627.82,0.48619999999999997,-0.00785,1e-05,1.69262,0.0,0.0
2026-09-04T18:54:02Z,2026-09-08,4,72000.0,C,0.094,0.0985,0.0959,79624.14,79627.82,0.4524,0.98868,1e-05,2.33014,0.0,0.0
2026-09-04T18:54:02Z,2026-09-08,4,72000.0,P,0.0,0.0003,0.0002,79622.78,79627.82,0.4524,-0.01133,1e-05,2.33214,5.4,5.4
2026-09-04T18:54:02Z,2026-09-08,4,73000.0,C,0.0815,0.086,0.0833,79622.78,79627.82,0.3936,0.98803,1e-05,2.44608,0.0,0.0
2026-09-04T18:54:02Z,2026-09-08,4,73000.0,P,0.0,0.0003,0.0002,79622.78,79627.82,0.3936,-0.01197,1e-05,2.44608,6.3,6.3
2026-09-04T18:54:02Z,2026-09-08,4,74000.0,C,0.069,0.0735,0.0709,79622.78,79627.82,0.3685,0.97906,2e-05,3.95137,0.0,0.0
2026-09-04T18:54:02Z,2026-09-08,4,74000.0,P,0.0002,0.0004,0.0003,79622.78,79627.82,0.3685,-0.02094,2e-05,3.95137,0.1,0.1
2026-09-04T18:54:02Z,2026-09-08,4,75000.0,C,0.0565,0.061,0.0585,79622.78,79627.82,0.33270000000000005,0.96714,3e-05,5.75805,0.0,0.0
2026-09-04T18:54:02Z,2026-09-08,4,75000.0,P,0.0003,0.0006,0.0004,79622.78,79627.82,0.33270000000000005,-0.03286,3e-05,5.75805,1.5,1.5
2026-09-04T18:54:02Z,2026-09-08,4,76000.0,C,0.043,0.049,0.0463,79624.14,79627.82,0.30820000000000003,0.93926,5e-05,9.43878,0.0,0.0
2026-09-04T18:54:02Z,2026-09-08,4,76000.0,P,0.0007,0.0009,0.0008,79625.02,79627.82,0.30820000000000003,-0.0607,5e-05,9.43357,11.7,11.7
2026-09-04T18:54:02Z,2026-09-08,4,77000.0,C,0.0325,0.0365,0.0345,79624.14,79627.82,0.2834,0.8876,9e-05,14.98651,0.0,0.0
2026-09-04T18:54:02Z,2026-09-08,4,77000.0,P,0.0014,0.0017,0.0015,79625.02,79627.82,0.2834,-0.11232,9e-05,14.97948,2.6,2.6
2026-09-04T18:54:02Z,2026-09-08,4,77500.0,C,0.027,0.031,0.0289,79624.14,79627.82,0.27449999999999997,0.84447,0.00011,18.74306,0.0,0.0
2026-09-04T18:54:02Z,2026-09-08,4,77500.0,P,0.002,0.0024,0.0022,79624.14,79627.82,0.27449999999999997,-0.15553,0.00011,18.74306,23.0,27.7
2026-09-04T18:54:02Z,2026-09-08,4,78000.0,C,0.022,0.0255,0.0236,79624.14,79627.82,0.268,0.78626,0.00014,22.85274,0.1,0.1
2026-09-04T18:54:02Z,2026-09-08,4,78000.0,P,0.003,0.0035,0.0033,79624.14,79627.82,0.268,-0.21374,0.00014,22.85274,43.2,43.3
2026-09-04T18:54:02Z,2026-09-08,4,78500.0,C,0.0175,0.02,0.019,79624.14,79627.82,0.267,0.71001,0.00016,26.86342,0.2,0.2
2026-09-04T18:54:02Z,2026-09-08,4,78500.0,P,0.0045,0.005,0.0049,79624.14,79627.82,0.267,-0.28999,0.00016,26.86342,11.5,11.5
2026-09-04T18:54:02Z,2026-09-08,4,79000.0,C,0.0135,0.0155,0.0147,79625.02,79627.82,0.2643,0.62384,0.00018,29.78837,5.7,9.3
2026-09-04T18:54:02Z,2026-09-08,4,79000.0,P,0.0065,0.0075,0.0069,79625.02,79627.82,0.2643,-0.37616,0.00018,29.78837,80.6,80.7
2026-09-04T18:54:02Z,2026-09-08,4,79500.0,C,0.0105,0.0115,0.0111,79624.14,79627.82,0.2625,0.5292,0.00019,31.225,8.1,8.1
2026-09-04T18:54:02Z,2026-09-08,4,79500.0,P,0.009,0.01,0.0096,79625.02,79627.82,0.2625,-0.47063,0.00019,31.22437,3.5,3.7
2026-09-04T18:54:02Z,2026-09-08,4,80000.0,C,0.008,0.0085,0.0082,79624.14,79627.82,0.2639,0.43326,0.00019,30.86974,5.4,8.4
2026-09-04T18:54:02Z,2026-09-08,4,80000.0,P,0.0125,0.0135,0.0129,79625.02,79627.82,0.2639,-0.56657,0.00019,30.87229,4.6,4.6
2026-09-04T18:54:02Z,2026-09-08,4,80500.0,C,0.0055,0.0065,0.006,79624.14,79627.82,0.2692,0.34494,0.00017,28.91311,0.2,0.2
2026-09-04T18:54:02Z,2026-09-08,4,80500.0,P,0.016,0.018,0.017,79624.14,79627.82,0.2692,-0.65506,0.00017,28.91311,1.4,1.4
2026-09-04T18:54:02Z,2026-09-08,4,81000.0,C,0.0042,0.0046,0.0043,79624.14,79627.82,0.2741,0.26739,0.00015,25.82281,84.3,86.5
2026-09-04T18:54:02Z,2026-09-08,4,81000.0,P,0.02,0.023,0.0216,79624.14,79627.82,0.2741,-0.73261,0.00015,25.82281,25.0,25.0
2026-09-04T18:54:02Z,2026-09-08,4,81500.0,C,0.003,0.0033,0.0031,79624.14,79627.82,0.2801,0.20341,0.00013,22.19475,0.7,0.7
2026-09-04T18:54:02Z,2026-09-08,4,81500.0,P,0.0245,0.0285,0.0267,79624.14,79627.82,0.2801,-0.79659,0.00013,22.19475,0.0,0.0
2026-09-04T18:54:02Z,2026-09-08,4,82000.0,C,0.0021,0.0024,0.0022,79624.14,79627.82,0.2877,0.15324,0.0001,18.55963,300.5,301.7
2026-09-04T18:54:02Z,2026-09-08,4,82000.0,P,0.03,0.034,0.0321,79624.14,79627.82,0.2877,-0.84676,0.0001,18.55963,0.0,0.0
2026-09-04T18:54:02Z,2026-09-08,4,82500.0,C,0.0015,0.0018,0.0016,79624.14,79627.82,0.297,0.11554,8e-05,15.28345,3.3,3.3
2026-09-04T18:54:02Z,2026-09-08,4,82500.0,P,0.0355,0.0395,0.0377,79625.18,79627.82,0.297,-0.88438,8e-05,15.2919,0.0,0.0
2026-09-04T18:54:02Z,2026-09-08,4,83000.0,C,0.0011,0.0013,0.0012,79625.18,79627.82,0.3064,0.08699,7e-05,12.42529,0.5,0.5
2026-09-04T18:54:02Z,2026-09-08,4,83000.0,P,0.0415,0.0455,0.0436,79625.18,79627.82,0.3064,-0.91301,7e-05,12.42529,0.0,0.0
2026-09-04T18:54:02Z,2026-09-08,4,83500.0,C,0.0008,0.001,0.0009,79625.18,79627.82,0.31679999999999997,0.06604,5e-05,10.07411,2.2,2.2
2026-09-04T18:54:02Z,2026-09-08,4,83500.0,P,0.047,0.0515,0.0496,79625.18,79627.82,0.31679999999999997,-0.93396,5e-05,10.07411,0.0,0.0
2026-09-04T18:54:02Z,2026-09-08,4,84000.0,C,0.0005,0.0008,0.0006,79625.18,79627.82,0.3248,0.04898,4e-05,7.96194,0.0,0.0
2026-09-04T18:54:02Z,2026-09-08,4,84000.0,P,0.0535,0.059,0.0556,79625.18,79627.82,0.3248,-0.95102,4e-05,7.96194,0.0,0.0
2026-09-04T18:54:02Z,2026-09-08,4,85000.0,C,0.0003,0.0005,0.0004,79625.18,79627.82,0.3493,0.03004,2e-05,5.34655,0.3,0.3
2026-09-04T18:54:02Z,2026-09-08,4,85000.0,P,0.0655,0.0705,0.0679,79625.18,79627.82,0.3493,-0.96996,2e-05,5.34655,0.0,0.0
2026-09-04T18:54:02Z,2026-09-08,4,86000.0,C,0.0002,0.0004,0.0003,79625.18,79627.82,0.3815,0.02121,2e-05,3.9932,2.2,2.3
2026-09-04T18:54:02Z,2026-09-08,4,86000.0,P,0.078,0.083,0.0804,79625.18,79627.82,0.3815,-0.97879,2e-05,3.9932,0.0,0.0
2026-09-04T18:54:02Z,2026-09-08,4,87000.0,C,0.0001,0.0003,0.0002,79625.18,79627.82,0.4021,0.01338,1e-05,2.6933,0.1,0.1
2026-09-04T18:54:02Z,2026-09-08,4,87000.0,P,0.0905,0.0955,0.0928,79625.18,79627.82,0.4021,-0.98662,1e-05,2.6933,0.0,0.0
2026-09-04T18:54:02Z,2026-09-08,4,88000.0,C,0.0,0.0002,0.0002,79629.98,79627.82,0.4456,0.0121,1e-05,2.46903,0.3,0.3
2026-09-04T18:54:02Z,2026-09-08,4,88000.0,P,0.1025,0.109,0.1054,79625.18,79627.82,0.4456,-0.98794,1e-05,2.46125,0.0,0.0
2026-09-04T18:54:02Z,2026-09-08,4,89000.0,C,0.0,0.0002,0.0001,79625.18,79627.82,0.46740000000000004,0.00836,1e-05,1.78794,2.3,2.3
2026-09-04T18:54:02Z,2026-09-08,4,89000.0,P,0.1155,0.1215,0.1179,79625.18,79627.82,0.46740000000000004,-0.99164,1e-05,1.78794,0.0,0.0
2026-09-04T18:54:02Z,2026-09-08,4,90000.0,C,0.0,0.0002,0.0001,79625.18,79627.82,0.4919,0.00617,0.0,1.36825,8.1,8.2
2026-09-04T18:54:02Z,2026-09-08,4,90000.0,P,0.128,0.134,0.1304,79625.18,79627.82,0.4919,-0.99383,0.0,1.36825,0.0,0.0
2026-09-04T18:54:02Z,2026-09-11,7,60000.0,C,0.245,0.2485,0.2466,79639.16,79627.82,0.7525,0.99788,0.0,0.71183,0.0,0.0
2026-09-04T18:54:02Z,2026-09-11,7,60000.0,P,0.0,0.0001,0.0001,79634.36,79627.82,0.7525,-0.00212,0.0,0.713,98.1,0.3
2026-09-04T18:54:02Z,2026-09-11,7,64000.0,C,0.1945,0.198,0.1964,79634.36,79627.82,0.6358,0.99547,0.0,1.4132,0.0,0.0
2026-09-04T18:54:02Z,2026-09-11,7,64000.0,P,0.0,0.0002,0.0001,79639.16,79627.82,0.6358,-0.00452,0.0,1.41068,77.4,2.0
2026-09-04T18:54:02Z,2026-09-11,7,65000.0,C,0.182,0.1855,0.1839,79634.36,79627.82,0.5932999999999999,0.99528,0.0,1.46529,0.0,0.0
2026-09-04T18:54:02Z,2026-09-11,7,65000.0,P,0.0,0.0004,0.0001,79634.36,79627.82,0.5932999999999999,-0.00472,0.0,1.46529,47.3,2.5
2026-09-04T18:54:02Z,2026-09-11,7,66000.0,C,0.1695,0.173,0.1714,79634.36,79627.82,0.5714,0.99366,0.0,1.90427,0.1,0.0
2026-09-04T18:54:02Z,2026-09-11,7,66000.0,P,0.0,0.0003,0.0002,79634.36,79627.82,0.5714,-0.00634,0.0,1.90427,363.4,90.7
2026-09-04T18:54:02Z,2026-09-11,7,67000.0,C,0.157,0.1605,0.1588,79639.16,79627.82,0.5374,0.9926,0.0,2.18321,0.2,0.0
2026-09-04T18:54:02Z,2026-09-11,7,67000.0,P,0.0,0.0003,0.0002,79639.16,79627.82,0.5374,-0.0074,0.0,2.18321,410.4,30.0
2026-09-04T18:54:02Z,2026-09-11,7,68000.0,C,0.1445,0.1485,0.1463,79634.36,79627.82,0.5186999999999999,0.98951,1e-05,2.96363,3.1,1.0
2026-09-04T18:54:02Z,2026-09-11,7,68000.0,P,0.0002,0.0004,0.0003,79639.25,79627.82,0.5186999999999999,-0.01047,1e-05,2.95767,888.6,183.3
2026-09-04T18:54:02Z,2026-09-11,7,69000.0,C,0.132,0.136,0.1339,79640.0,79627.82,0.4832,0.98772,1e-05,3.39727,3.8,0.2
2026-09-04T18:54:02Z,2026-09-11,7,69000.0,P,0.0002,0.0003,0.0003,79640.0,79627.82,0.4832,-0.01228,1e-05,3.39727,609.8,6.0
2026-09-04T18:54:02Z,2026-09-11,7,70000.0,C,0.1195,0.1235,0.1214,79639.25,79627.82,0.4483,0.98534,1e-05,3.96087,286.9,0.1
2026-09-04T18:54:02Z,2026-09-11,7,70000.0,P,0.0002,0.0004,0.0003,79639.25,79627.82,0.4483,-0.01466,1e-05,3.96087,723.3,44.1
2026-09-04T18:54:02Z,2026-09-11,7,71000.0,C,0.107,0.111,0.1089,79640.0,79627.82,0.4238,0.97989,1e-05,5.18718,26.0,0.0
2026-09-04T18:54:02Z,2026-09-11,7,71000.0,P,0.0003,0.0006,0.0004,79639.25,79627.82,0.4238,-0.02011,1e-05,5.1889,465.9,20.0
2026-09-04T18:54:02Z,2026-09-11,7,72000.0,C,0.0945,0.0985,0.0966,79639.25,79627.82,0.4107,0.96863,2e-05,7.53016,147.8,0.0
2026-09-04T18:54:02Z,2026-09-11,7,72000.0,P,0.0006,0.0008,0.0007,79639.25,79627.82,0.4107,-0.03137,2e-05,7.53016,501.7,7.6
2026-09-04T18:54:02Z,2026-09-11,7,73000.0,C,0.0825,0.086,0.0843,79639.25,79627.82,0.38520000000000004,0.95667,2e-05,9.80468,17.0,3.1
2026-09-04T18:54:02Z,2026-09-11,7,73000.0,P,0.0008,0.0011,0.0009,79640.0,79627.82,0.38520000000000004,-0.04331,2e-05,9.8017,1128.5,618.8
2026-09-04T18:54:02Z,2026-09-11,7,74000.0,C,0.0705,0.074,0.0721,79639.25,79627.82,0.3619,0.93819,3e-05,13.00329,17.9,0.0
2026-09-04T18:54:02Z,2026-09-11,7,74000.0,P,0.0012,0.0014,0.0013,79640.0,79627.82,0.3619,-0.06179,3e-05,12.99953,751.5,183.4
2026-09-04T18:54:02Z,2026-09-11,7,75000.0,C,0.0585,0.062,0.0602,79640.0,79627.82,0.34159999999999996,0.90906,4e-05,17.45316,97.1,16.1
2026-09-04T18:54:02Z,2026-09-11,7,75000.0,P,0.0018,0.0022,0.002,79639.25,79627.82,0.34159999999999996,-0.09097,4e-05,17.45779,888.2,143.6
2026-09-04T18:54:02Z,2026-09-11,7,76000.0,C,0.047,0.051,0.0488,79639.25,79627.82,0.3272,0.86203,6e-05,23.50252,103.8,0.2
2026-09-04T18:54:02Z,2026-09-11,7,76000.0,P,0.003,0.0033,0.0031,79639.25,79627.82,0.3272,-0.13797,6e-05,23.50252,974.9,718.4
2026-09-04T18:54:02Z,2026-09-11,7,77000.0,C,0.0365,0.04,0.0383,79640.0,79627.82,0.3189,0.79123,8e-05,30.63108,128.1,1.5
2026-09-04T18:54:02Z,2026-09-11,7,77000.0,P,0.0049,0.0055,0.0051,79640.0,79627.82,0.3189,-0.20877,8e-05,30.63108,545.9,190.9
2026-09-04T18:54:02Z,2026-09-11,7,78000.0,C,0.028,0.03,0.0289,79639.25,79627.82,0.3134,0.69727,0.0001,37.2333,944.2,8.6
2026-09-04T18:54:02Z,2026-09-11,7,78000.0,P,0.008,0.0085,0.0083,79639.25,79627.82,0.3134,-0.30273,0.0001,37.2333,269.0,133.3
2026-09-04T18:54:02Z,2026-09-11,7,79000.0,C,0.02,0.0215,0.0209,79639.25,79627.82,0.3116,0.58474,0.00012,41.58404,276.1,9.0
2026-09-04T18:54:02Z,2026-09-11,7,79000.0,P,0.0125,0.0135,0.0129,79640.0,79627.82,0.3116,-0.41518,0.00012,41.58242,288.2,202.2
2026-09-04T18:54:02Z,2026-09-11,7,80000.0,C,0.014,0.015,0.0146,79639.25,79627.82,0.3139,0.46554,0.00012,42.38856,773.1,119.3
2026-09-04T18:54:02Z,2026-09-11,7,80000.0,P,0.0185,0.0195,0.0192,79641.64,79627.82,0.3139,-0.53418,0.00012,42.39243,276.7,160.5
2026-09-04T18:54:02Z,2026-09-11,7,81000.0,C,0.0095,0.0105,0.01,79640.06,79627.82,0.3196,0.35415,0.00011,39.67158,719.1,419.0
2026-09-04T18:54:02Z,2026-09-11,7,81000.0,P,0.026,0.028,0.0271,79640.06,79627.82,0.3196,-0.64585,0.00011,39.67158,162.9,186.3
2026-09-04T18:54:02Z,2026-09-11,7,82000.0,C,0.0065,0.007,0.0067,79641.64,79627.82,0.3268,0.25951,9e-05,34.56109,1835.3,1709.4
2026-09-04T18:54:02Z,2026-09-11,7,82000.0,P,0.0345,0.038,0.0363,79641.64,79627.82,0.3268,-0.74049,9e-05,34.56109,66.1,9.3
2026-09-04T18:54:02Z,2026-09-11,7,83000.0,C,0.0042,0.0045,0.0044,79640.06,79627.82,0.33340000000000003,0.1832,7e-05,28.29597,415.6,156.6
2026-09-04T18:54:02Z,2026-09-11,7,83000.0,P,0.0445,0.0485,0.0466,79640.06,79627.82,0.33340000000000003,-0.8168,7e-05,28.29597,12.9,4.3
2026-09-04T18:54:02Z,2026-09-11,7,84000.0,C,0.0029,0.0031,0.003,79640.06,79627.82,0.34600000000000003,0.12982,6e-05,22.53983,1470.4,1258.1
2026-09-04T18:54:02Z,2026-09-11,7,84000.0,P,0.0555,0.0595,0.0577,79640.06,79627.82,0.34600000000000003,-0.87018,6e-05,22.53983,2.8,1.2
2026-09-04T18:54:02Z,2026-09-11,7,85000.0,C,0.0018,0.0022,0.002,79640.06,79627.82,0.35810000000000003,0.09106,4e-05,17.46993,723.1,124.9
2026-09-04T18:54:02Z,2026-09-11,7,85000.0,P,0.067,0.0715,0.0693,79641.64,79627.82,0.35810000000000003,-0.90888,4e-05,17.47992,32.4,2.1
2026-09-04T18:54:02Z,2026-09-11,7,86000.0,C,0.0013,0.0015,0.0014,79641.64,79627.82,0.3739,0.06568,3e-05,13.6324,1495.0,1378.0
2026-09-04T18:54:02Z,2026-09-11,7,86000.0,P,0.079,0.0835,0.0813,79640.06,79627.82,0.3739,-0.93437,3e-05,13.62399,1.4,1.0
2026-09-04T18:54:02Z,2026-09-11,7,88000.0,C,0.0005,0.0008,0.0007,79640.06,79627.82,0.40090000000000003,0.03344,2e-05,7.93721,1326.5,1249.1
2026-09-04T18:54:02Z,2026-09-11,7,88000.0,P,0.1035,0.108,0.1057,79640.06,79627.82,0.40090000000000003,-0.96656,2e-05,7.93721,0.0,0.0
2026-09-04T18:54:02Z,2026-09-11,7,90000.0,C,0.0004,0.0005,0.0004,79640.06,79627.82,0.43450000000000005,0.01911,1e-05,4.96755,1488.0,155.0
2026-09-04T18:54:02Z,2026-09-11,7,90000.0,P,0.128,0.133,0.1305,79641.64,79627.82,0.43450000000000005,-0.98088,1e-05,4.97116,0.1,0.0
2026-09-04T18:54:02Z,2026-09-11,7,95000.0,C,0.0,0.0002,0.0002,79641.64,79627.82,0.5268,0.00686,0.0,2.04252,615.3,75.5
2026-09-04T18:54:02Z,2026-09-11,7,95000.0,P,0.1905,0.1955,0.193,79640.06,79627.82,0.5268,-0.99314,0.0,2.04107,0.1,0.0
2026-09-04T18:54:02Z,2026-09-18,14,65000.0,C,0.183,0.1865,0.1847,79685.21,79627.82,0.4853,0.98698,0.0,5.14528,0.0,0.0
2026-09-04T18:54:02Z,2026-09-18,14,65000.0,P,0.0003,0.0006,0.0004,79686.79,79627.82,0.4853,-0.01301,0.0,5.14296,88.2,4.7
2026-09-04T18:54:02Z,2026-09-18,14,68000.0,C,0.146,0.1495,0.1475,79685.21,79627.82,0.434,0.97372,1e-05,9.35438,2.0,2.0
2026-09-04T18:54:02Z,2026-09-18,14,68000.0,P,0.0008,0.0009,0.0009,79685.21,79627.82,0.434,-0.02628,1e-05,9.35438,67.5,20.9
2026-09-04T18:54:02Z,2026-09-18,14,69000.0,C,0.1335,0.1375,0.1352,79685.21,79627.82,0.4205,0.96545,1e-05,11.73614,0.0,0.0
2026-09-04T18:54:02Z,2026-09-18,14,69000.0,P,0.0011,0.0013,0.0011,79685.21,79627.82,0.4205,-0.03455,1e-05,11.73614,31.1,21.0
2026-09-04T18:54:02Z,2026-09-18,14,70000.0,C,0.1215,0.125,0.123,79686.79,79627.82,0.4073,0.95457,2e-05,14.66191,0.0,0.0
2026-09-04T18:54:02Z,2026-09-18,14,70000.0,P,0.0014,0.0017,0.0015,79685.21,79627.82,0.4073,-0.04545,2e-05,14.66788,81.2,24.4
2026-09-04T18:54:02Z,2026-09-18,14,72000.0,C,0.0975,0.1015,0.0992,79686.93,79627.82,0.3832,0.92091,3e-05,22.62592,0.0,0.0
2026-09-04T18:54:02Z,2026-09-18,14,72000.0,P,0.0026,0.003,0.0027,79691.46,79627.82,0.3832,-0.07898,3e-05,22.60262,1306.4,121.8
2026-09-04T18:54:02Z,2026-09-18,14,74000.0,C,0.075,0.0785,0.0765,79691.46,79627.82,0.36579999999999996,0.86144,4e-05,33.93063,23.2,0.0
2026-09-04T18:54:02Z,2026-09-18,14,74000.0,P,0.0049,0.0055,0.0051,79686.93,79627.82,0.36579999999999996,-0.13874,4e-05,33.95846,190.2,17.8
2026-09-04T18:54:02Z,2026-09-18,14,75000.0,C,0.064,0.0675,0.0657,79691.46,79627.82,0.35719999999999996,0.82023,5e-05,40.25194,35.1,0.1
2026-09-04T18:54:02Z,2026-09-18,14,75000.0,P,0.0065,0.0075,0.0069,79686.93,79627.82,0.35719999999999996,-0.17999,5e-05,40.28012,350.0,39.0
2026-09-04T18:54:02Z,2026-09-18,14,76000.0,C,0.054,0.0575,0.0557,79691.46,79627.82,0.35109999999999997,0.76886,6e-05,46.74493,18.9,0.0
2026-09-04T18:54:02Z,2026-09-18,14,76000.0,P,0.009,0.01,0.0094,79691.46,79627.82,0.35109999999999997,-0.23114,6e-05,46.74493,171.5,122.7
2026-09-04T18:54:02Z,2026-09-18,14,77000.0,C,0.045,0.048,0.0466,79691.46,79627.82,0.3497,0.70667,6e-05,52.831,53.3,0.2
2026-09-04T18:54:02Z,2026-09-18,14,77000.0,P,0.0125,0.0135,0.0129,79686.93,79627.82,0.3497,-0.29362,6e-05,52.85222,452.7,72.0
2026-09-04T18:54:02Z,2026-09-18,14,78000.0,C,0.0375,0.039,0.0384,79686.93,79627.82,0.349,0.63752,7e-05,57.56718,97.9,0.6
2026-09-04T18:54:02Z,2026-09-18,14,78000.0,P,0.017,0.018,0.0173,79686.93,79627.82,0.349,-0.36248,7e-05,57.56718,290.0,63.6
2026-09-04T18:54:02Z,2026-09-18,14,79000.0,C,0.0305,0.032,0.0312,79691.46,79627.82,0.3488,0.56486,7e-05,60.43489,336.3,40.1
2026-09-04T18:54:02Z,2026-09-18,14,79000.0,P,0.022,0.023,0.0226,79691.46,79627.82,0.3488,-0.43514,7e-05,60.43489,177.6,147.5
2026-09-04T18:54:02Z,2026-09-18,14,80000.0,C,0.0245,0.0255,0.025,79686.93,79627.82,0.3503,0.49029,7e-05,61.22444,402.0,45.5
2026-09-04T18:54:02Z,2026-09-18,14,80000.0,P,0.0285,0.0295,0.029,79691.46,79627.82,0.3503,-0.50938,7e-05,61.22915,115.0,52.9
2026-09-04T18:54:02Z,2026-09-18,14,81000.0,C,0.0195,0.0205,0.0199,79691.46,79627.82,0.3532,0.41864,7e-05,59.96808,583.4,321.3
2026-09-04T18:54:02Z,2026-09-18,14,81000.0,P,0.036,0.037,0.0364,79691.46,79627.82,0.3532,-0.58136,7e-05,59.96808,32.8,13.7
2026-09-04T18:54:02Z,2026-09-18,14,82000.0,C,0.015,0.016,0.0156,79691.46,79627.82,0.3555,0.35096,7e-05,56.92079,1174.4,154.1
2026-09-04T18:54:02Z,2026-09-18,14,82000.0,P,0.0435,0.046,0.0446,79686.93,79627.82,0.3555,-0.64935,7e-05,56.89946,26.8,9.3
2026-09-04T18:54:02Z,2026-09-18,14,83000.0,C,0.0115,0.0125,0.0121,79691.46,79627.82,0.3589,0.28987,6e-05,52.54013,556.0,112.2
2026-09-04T18:54:02Z,2026-09-18,14,83000.0,P,0.052,0.0555,0.0537,79691.46,79627.82,0.3589,-0.71013,6e-05,52.54013,0.0,0.0
2026-09-04T18:54:02Z,2026-09-18,14,84000.0,C,0.009,0.01,0.0095,79691.46,79627.82,0.36619999999999997,0.23848,6e-05,47.56005,533.5,377.9
2026-09-04T18:54:02Z,2026-09-18,14,84000.0,P,0.0615,0.0655,0.0637,79686.93,79627.82,0.36619999999999997,-0.76177,6e-05,47.53008,0.1,0.0
2026-09-04T18:54:02Z,2026-09-18,14,85000.0,C,0.007,0.008,0.0075,79692.15,79627.82,0.3735,0.19485,5e-05,42.30811,233.9,50.2
2026-09-04T18:54:02Z,2026-09-18,14,85000.0,P,0.072,0.076,0.0742,79692.15,79627.82,0.3735,-0.80515,5e-05,42.30811,1.2,1.1
2026-09-04T18:54:02Z,2026-09-18,14,86000.0,C,0.0055,0.006,0.0058,79692.15,79627.82,0.3784,0.15657,4e-05,36.8267,345.6,92.7
2026-09-04T18:54:02Z,2026-09-18,14,86000.0,P,0.083,0.087,0.085,79691.46,79627.82,0.3784,-0.84346,4e-05,36.82197,0.0,0.0
2026-09-04T18:54:02Z,2026-09-18,14,88000.0,C,0.0034,0.0036,0.0036,79692.15,79627.82,0.39549999999999996,0.10319,3e-05,27.56527,394.4,42.5
2026-09-04T18:54:02Z,2026-09-18,14,88000.0,P,0.1055,0.11,0.1079,79691.46,79627.82,0.39549999999999996,-0.89683,3e-05,27.56107,0.0,0.0
2026-09-04T18:54:02Z,2026-09-18,14,90000.0,C,0.0022,0.0026,0.0024,79692.15,79627.82,0.4158,0.06964,2e-05,20.53222,409.7,213.4
2026-09-04T18:54:02Z,2026-09-18,14,90000.0,P,0.1295,0.134,0.1318,79692.15,79627.82,0.4158,-0.93036,2e-05,20.53222,0.0,0.0
2026-09-04T18:54:02Z,2026-09-18,14,95000.0,C,0.0008,0.0009,0.0009,79691.46,79627.82,0.46270000000000006,0.027,1e-05,9.57038,134.6,15.0
2026-09-04T18:54:02Z,2026-09-18,14,95000.0,P,0.1905,0.1955,0.1931,79692.15,79627.82,0.46270000000000006,-0.97299,1e-05,9.57226,0.0,0.0
2026-09-04T18:54:02Z,2026-09-25,21,30000.0,C,0.623,0.6245,0.6238,79739.47,79627.82,1.238,0.99974,0.0,0.18004,136.0,0.0
2026-09-04T18:54:02Z,2026-09-25,21,30000.0,P,0.0,0.0001,0.0,79739.57,79627.82,1.238,-0.00026,0.0,0.18003,2959.5,0.0
2026-09-04T18:54:02Z,2026-09-25,21,35000.0,C,0.56,0.562,0.5611,79739.47,79627.82,1.0761,0.9996,0.0,0.27334,29.3,0.0
2026-09-04T18:54:02Z,2026-09-25,21,35000.0,P,0.0,0.0002,0.0,79739.57,79627.82,1.0761,-0.0004,0.0,0.27334,1201.7,0.5
2026-09-04T18:54:02Z,2026-09-25,21,40000.0,C,0.497,0.4995,0.4984,79739.47,79627.82,0.9834999999999999,0.99894,0.0,0.67145,34.4,0.0
2026-09-04T18:54:02Z,2026-09-25,21,40000.0,P,0.0,0.0004,0.0001,79739.47,79627.82,0.9834999999999999,-0.00106,0.0,0.67145,2813.8,0.2
2026-09-04T18:54:02Z,2026-09-25,21,45000.0,C,0.4345,0.437,0.4357,79739.47,79627.82,0.8376,0.99855,0.0,0.89457,224.9,0.0
2026-09-04T18:54:02Z,2026-09-25,21,45000.0,P,0.0,0.0002,0.0001,79739.47,79627.82,0.8376,-0.00145,0.0,0.89457,2182.1,3.5
2026-09-04T18:54:02Z,2026-09-25,21,50000.0,C,0.3715,0.3745,0.373,79739.47,79627.82,0.6934,0.99825,0.0,1.06384,30.1,0.0
2026-09-04T18:54:02Z,2026-09-25,21,50000.0,P,0.0001,0.0002,0.0001,79739.47,79627.82,0.6934,-0.00175,0.0,1.06384,3750.4,312.8
2026-09-04T18:54:02Z,2026-09-25,21,52000.0,C,0.3465,0.3495,0.3481,79739.57,79627.82,0.6865000000000001,0.9966,0.0,1.93841,150.2,0.0
2026-09-04T18:54:02Z,2026-09-25,21,52000.0,P,0.0001,0.0002,0.0002,79739.57,79627.82,0.6865000000000001,-0.0034,0.0,1.93841,1210.3,6.1
2026-09-04T18:54:02Z,2026-09-25,21,54000.0,C,0.3215,0.3245,0.323,79739.57,79627.82,0.6526000000000001,0.99527,0.0,2.60322,7.4,0.0
2026-09-04T18:54:02Z,2026-09-25,21,54000.0,P,0.0001,0.0004,0.0002,79739.47,79627.82,0.6526000000000001,-0.00473,0.0,2.60327,768.9,0.3
2026-09-04T18:54:02Z,2026-09-25,21,55000.0,C,0.309,0.312,0.3105,79739.57,79627.82,0.6251,0.99504,0.0,2.71559,143.7,0.0
2026-09-04T18:54:02Z,2026-09-25,21,55000.0,P,0.0001,0.0005,0.0002,79739.47,79627.82,0.6251,-0.00496,0.0,2.71564,3073.6,4.1
2026-09-04T18:54:02Z,2026-09-25,21,56000.0,C,0.2965,0.2995,0.298,79739.47,79627.82,0.5975,0.99482,0.0,2.82182,13.4,0.0
2026-09-04T18:54:02Z,2026-09-25,21,56000.0,P,0.0001,0.0005,0.0002,79739.47,79627.82,0.5975,-0.00518,0.0,2.82182,1664.1,6.2
2026-09-04T18:54:02Z,2026-09-25,21,58000.0,C,0.2715,0.275,0.2729,79739.47,79627.82,0.5586,0.99321,0.0,3.59103,460.7,0.0
2026-09-04T18:54:02Z,2026-09-25,21,58000.0,P,0.0003,0.0006,0.0003,79739.47,79627.82,0.5586,-0.00679,0.0,3.59103,1315.7,4.1
2026-09-04T18:54:02Z,2026-09-25,21,60000.0,C,0.2465,0.25,0.2479,79739.47,79627.82,0.5204,0.99099,0.0,4.6031,837.2,0.6
2026-09-04T18:54:02Z,2026-09-25,21,60000.0,P,0.0003,0.0005,0.0004,79739.57,79627.82,0.5204,-0.00901,0.0,4.603,5321.3,103.0
2026-09-04T18:54:02Z,2026-09-25,21,62000.0,C,0.2215,0.225,0.2231,79739.57,79627.82,0.49979999999999997,0.98542,0.0,6.99295,597.4,0.0
2026-09-04T18:54:02Z,2026-09-25,21,62000.0,P,0.0006,0.0008,0.0006,79739.47,79627.82,0.49979999999999997,-0.01458,0.0,6.99311,1430.1,43.1
2026-09-04T18:54:02Z,2026-09-25,21,64000.0,C,0.197,0.2005,0.1983,79739.47,79627.82,0.47119999999999995,0.97845,1e-05,9.75922,663.4,0.7
2026-09-04T18:54:02Z,2026-09-25,21,64000.0,P,0.0009,0.0011,0.0009,79739.42,79627.82,0.47119999999999995,-0.02155,1e-05,9.75955,1203.2,12.6
2026-09-04T18:54:02Z,2026-09-25,21,65000.0,C,0.1845,0.188,0.186,79739.42,79627.82,0.4579,0.97355,1e-05,11.59132,1275.9,0.8
2026-09-04T18:54:02Z,2026-09-25,21,65000.0,P,0.0011,0.0013,0.0011,79739.42,79627.82,0.4579,-0.02645,1e-05,11.59132,982.0,20.0
2026-09-04T18:54:02Z,2026-09-25,21,66000.0,C,0.1725,0.176,0.1737,79739.42,79627.82,0.4464,0.967,1e-05,13.92614,970.0,0.0
2026-09-04T18:54:02Z,2026-09-25,21,66000.0,P,0.0014,0.0016,0.0014,79739.42,79627.82,0.4464,-0.033,1e-05,13.92614,1602.3,70.9
2026-09-04T18:54:02Z,2026-09-25,21,68000.0,C,0.148,0.1515,0.1493,79739.38,79627.82,0.41859999999999997,0.95086,1e-05,19.24466,890.2,6.0
2026-09-04T18:54:02Z,2026-09-25,21,68000.0,P,0.002,0.0023,0.0021,79739.42,79627.82,0.41859999999999997,-0.04914,1e-05,19.24451,1869.7,77.0
2026-09-04T18:54:02Z,2026-09-25,21,70000.0,C,0.124,0.1275,0.1255,79739.42,79627.82,0.39640000000000003,0.92393,2e-05,27.07082,10965.5,4.5
2026-09-04T18:54:02Z,2026-09-25,21,70000.0,P,0.0032,0.0036,0.0033,79739.38,79627.82,0.39640000000000003,-0.07607,2e-05,27.07101,8712.4,210.7
2026-09-04T18:54:02Z,2026-09-25,21,72000.0,C,0.101,0.1045,0.1025,79739.42,79627.82,0.3787,0.88126,3e-05,37.56498,3318.4,1.4
2026-09-04T18:54:02Z,2026-09-25,21,72000.0,P,0.005,0.006,0.0054,79739.38,79627.82,0.3787,-0.11875,3e-05,37.56521,2149.6,215.8
2026-09-04T18:54:02Z,2026-09-25,21,73000.0,C,0.09,0.0935,0.0915,79739.38,79627.82,0.3704,0.85285,3e-05,43.54867,41.0,0.0
2026-09-04T18:54:02Z,2026-09-25,21,73000.0,P,0.0065,0.0075,0.0069,79739.42,79627.82,0.3704,-0.14715,3e-05,43.54843,763.6,222.1
2026-09-04T18:54:02Z,2026-09-25,21,74000.0,C,0.0795,0.082,0.0809,79739.42,79627.82,0.3644,0.81785,4e-05,50.01374,1492.6,32.0
2026-09-04T18:54:02Z,2026-09-25,21,74000.0,P,0.0085,0.0095,0.0089,79739.38,79627.82,0.3644,-0.18216,4e-05,50.01398,524.4,217.3
2026-09-04T18:54:02Z,2026-09-25,21,75000.0,C,0.0695,0.0725,0.0709,79739.42,79627.82,0.359,0.77696,4e-05,56.4579,3352.8,1.8
2026-09-04T18:54:02Z,2026-09-25,21,75000.0,P,0.011,0.012,0.0114,79739.42,79627.82,0.359,-0.22304,4e-05,56.4579,4550.3,133.8
2026-09-04T18:54:02Z,2026-09-25,21,76000.0,C,0.06,0.063,0.0613,79739.38,79627.82,0.35369999999999996,0.73047,5e-05,62.49866,2878.5,0.8
2026-09-04T18:54:02Z,2026-09-25,21,76000.0,P,0.014,0.015,0.0144,79739.38,79627.82,0.35369999999999996,-0.26953,5e-05,62.49866,946.6,120.8
2026-09-04T18:54:02Z,2026-09-25,21,77000.0,C,0.0515,0.054,0.0528,79739.42,79627.82,0.35229999999999995,0.67726,5e-05,67.89532,290.3,5.3
2026-09-04T18:54:02Z,2026-09-25,21,77000.0,P,0.018,0.019,0.0184,79739.38,79627.82,0.35229999999999995,-0.32274,5e-05,67.89548,1094.3,492.7
2026-09-04T18:54:02Z,2026-09-25,21,78000.0,C,0.044,0.0455,0.0449,79739.42,79627.82,0.35100000000000003,0.62038,6e-05,72.01178,5368.8,84.5
2026-09-04T18:54:02Z,2026-09-25,21,78000.0,P,0.0225,0.0235,0.0231,79739.42,79627.82,0.35100000000000003,-0.37962,6e-05,72.01178,2681.7,167.0
2026-09-04T18:54:02Z,2026-09-25,21,79000.0,C,0.037,0.0385,0.0379,79739.42,79627.82,0.35090000000000005,0.56101,6e-05,74.59,2289.7,11.9
2026-09-04T18:54:02Z,2026-09-25,21,79000.0,P,0.028,0.029,0.0286,79739.42,79627.82,0.35090000000000005,-0.43899,6e-05,74.59,1033.9,94.0
2026-09-04T18:54:02Z,2026-09-25,21,80000.0,C,0.031,0.032,0.0317,79739.48,79627.82,0.35109999999999997,0.50099,6e-05,75.47403,6912.5,362.1
2026-09-04T18:54:02Z,2026-09-25,21,80000.0,P,0.0345,0.0355,0.0349,79739.48,79627.82,0.35109999999999997,-0.49901,6e-05,75.47403,1519.2,388.8
2026-09-04T18:54:02Z,2026-09-25,21,81000.0,C,0.026,0.027,0.0265,79739.48,79627.82,0.3543,0.44254,6e-05,74.69004,2440.5,202.6
2026-09-04T18:54:02Z,2026-09-25,21,81000.0,P,0.0415,0.043,0.0423,79739.48,79627.82,0.3543,-0.55746,6e-05,74.69004,490.4,40.3
2026-09-04T18:54:02Z,2026-09-25,21,82000.0,C,0.0215,0.0225,0.0219,79739.33,79627.82,0.3566,0.38664,6e-05,72.40631,7078.9,2760.5
2026-09-04T18:54:02Z,2026-09-25,21,82000.0,P,0.049,0.051,0.0502,79739.48,79627.82,0.3566,-0.61335,6e-05,72.40691,273.9,7.0
2026-09-04T18:54:02Z,2026-09-25,21,83000.0,C,0.0175,0.0185,0.0181,79739.48,79627.82,0.3603,0.33503,5e-05,68.92512,1214.4,412.3
2026-09-04T18:54:02Z,2026-09-25,21,83000.0,P,0.0575,0.06,0.059,79739.33,79627.82,0.3603,-0.66498,5e-05,68.92434,20.3,6.5
2026-09-04T18:54:02Z,2026-09-25,21,84000.0,C,0.0145,0.015,0.0149,79739.33,79627.82,0.36450000000000005,0.28819,5e-05,64.5683,5079.3,208.6
2026-09-04T18:54:02Z,2026-09-25,21,84000.0,P,0.0665,0.0695,0.0683,79739.48,79627.82,0.36450000000000005,-0.71181,5e-05,64.5692,47.4,0.1
2026-09-04T18:54:02Z,2026-09-25,21,85000.0,C,0.0115,0.0125,0.0121,79739.33,79627.82,0.3671,0.24507,5e-05,59.48286,9074.2,772.8
2026-09-04T18:54:02Z,2026-09-25,21,85000.0,P,0.076,0.08,0.0781,79739.48,79627.82,0.3671,-0.75492,5e-05,59.48386,454.8,0.6
2026-09-04T18:54:02Z,2026-09-25,21,86000.0,C,0.0095,0.01,0.01,79739.33,79627.82,0.37229999999999996,0.2085,4e-05,54.29346,1856.1,298.7
2026-09-04T18:54:02Z,2026-09-25,21,86000.0,P,0.086,0.0905,0.0885,79739.33,79627.82,0.37229999999999996,-0.7915,4e-05,54.29346,11.7,0.0
2026-09-04T18:54:02Z,2026-09-25,21,87000.0,C,0.0075,0.0085,0.0081,79739.48,79627.82,0.37520000000000003,0.17505,4e-05,48.77687,8.4,8.5
2026-09-04T18:54:02Z,2026-09-25,21,87000.0,P,0.097,0.101,0.0991,79739.33,79627.82,0.37520000000000003,-0.82495,4e-05,48.77582,0.0,0.0
2026-09-04T18:54:02Z,2026-09-25,21,88000.0,C,0.0065,0.007,0.0067,79739.48,79627.82,0.38299999999999995,0.14933,3e-05,43.97967,1525.8,331.3
2026-09-04T18:54:02Z,2026-09-25,21,88000.0,P,0.108,0.112,0.1103,79739.33,79627.82,0.38299999999999995,-0.85067,3e-05,43.97864,5.8,0.0
2026-09-04T18:54:02Z,2026-09-25,21,90000.0,C,0.0044,0.0046,0.0046,79739.48,79627.82,0.3946,0.10639,2e-05,34.72906,8822.9,498.8
2026-09-04T18:54:02Z,2026-09-25,21,90000.0,P,0.131,0.1355,0.1333,79739.48,79627.82,0.3946,-0.89361,2e-05,34.72906,579.9,0.3
2026-09-04T18:54:02Z,2026-09-25,21,92000.0,C,0.0031,0.0034,0.0033,79739.33,79627.82,0.41,0.07758,2e-05,27.47868,1294.4,14.9
2026-09-04T18:54:02Z,2026-09-25,21,92000.0,P,0.1545,0.159,0.157,79739.48,79627.82,0.41,-0.92242,2e-05,27.47949,7.7,0.3
2026-09-04T18:54:02Z,2026-09-25,21,94000.0,C,0.0022,0.0026,0.0024,79739.3,79627.82,0.42700000000000005,0.0578,1e-05,21.8858,876.5,67.9
2026-09-04T18:54:02Z,2026-09-25,21,94000.0,P,0.1785,0.1835,0.1813,79739.33,79627.82,0.42700000000000005,-0.9422,1e-05,21.8861,1.9,0.0
2026-09-04T18:54:02Z,2026-09-25,21,95000.0,C,0.0019,0.0022,0.0021,79739.48,79627.82,0.43450000000000005,0.04978,1e-05,19.44192,5581.0,1402.5
2026-09-04T18:54:02Z,2026-09-25,21,95000.0,P,0.1905,0.1955,0.1934,79739.3,79627.82,0.43450000000000005,-0.95023,1e-05,19.441,147.6,0.0
2026-09-04T18:54:02Z,2026-09-25,21,96000.0,C,0.0017,0.002,0.0018,79739.39,79627.82,0.444,0.04374,1e-05,17.52533,1825.0,54.4
2026-09-04T18:54:02Z,2026-09-25,21,96000.0,P,0.203,0.208,0.2057,79739.39,79627.82,0.444,-0.95626,1e-05,17.52533,1.0,0.0
2026-09-04T18:54:02Z,2026-09-25,21,98000.0,C,0.0013,0.0015,0.0014,79739.39,79627.82,0.4619,0.03387,1e-05,14.22996,1127.1,1.3
2026-09-04T18:54:02Z,2026-09-25,21,98000.0,P,0.2275,0.233,0.2304,79739.3,79627.82,0.4619,-0.96613,1e-05,14.22968,0.1,0.0
2026-09-04T18:54:02Z,2026-09-25,21,100000.0,C,0.001,0.0012,0.0011,79739.3,79627.82,0.4792,0.02652,1e-05,11.61835,7278.5,14.7
2026-09-04T18:54:02Z,2026-09-25,21,100000.0,P,0.2525,0.2575,0.2552,79739.39,79627.82,0.4792,-0.97348,1e-05,11.61859,336.1,0.0
2026-09-04T18:54:02Z,2026-09-25,21,102000.0,C,0.0008,0.0009,0.0008,79739.3,79627.82,0.49329999999999996,0.02042,1e-05,9.32357,199.2,1.0
2026-09-04T18:54:02Z,2026-09-25,21,102000.0,P,0.277,0.2825,0.28,79739.3,79627.82,0.49329999999999996,-0.97958,1e-05,9.32357,0.4,0.0
2026-09-04T18:54:02Z,2026-09-25,21,105000.0,C,0.0004,0.0007,0.0005,79739.3,79627.82,0.5091,0.01328,0.0,6.44953,1537.3,0.2
2026-09-04T18:54:02Z,2026-09-25,21,105000.0,P,0.3145,0.32,0.3173,79739.39,79627.82,0.5091,-0.98672,0.0,6.44967,105.4,0.0
2026-09-04T18:54:02Z,2026-09-25,21,110000.0,C,0.0003,0.0004,0.0003,79739.3,79627.82,0.5383,0.00704,0.0,3.7071,1517.1,43.1
2026-09-04T18:54:02Z,2026-09-25,21,110000.0,P,0.3765,0.3825,0.3798,79739.3,79627.82,0.5383,-0.99296,0.0,3.7071,215.7,0.0
2026-09-04T18:54:02Z,2026-09-25,21,115000.0,C,0.0001,0.0004,0.0002,79739.39,79627.82,0.5847,0.00508,0.0,2.77591,2159.8,6.0
2026-09-04T18:54:02Z,2026-09-25,21,115000.0,P,0.439,0.445,0.4424,79739.3,79627.82,0.5847,-0.99492,0.0,2.77584,93.7,0.0
2026-09-04T18:54:02Z,2026-09-25,21,120000.0,C,0.0001,0.0002,0.0002,79739.3,79627.82,0.6422,0.00458,0.0,2.52794,1331.6,5.1
2026-09-04T18:54:02Z,2026-09-25,21,120000.0,P,0.5015,0.508,0.5051,79739.3,79627.82,0.6422,-0.99542,0.0,2.52794,174.5,0.0
2026-09-04T18:54:02Z,2026-09-25,21,125000.0,C,0.0001,0.0002,0.0001,79739.39,79627.82,0.6731,0.00312,0.0,1.7921,2322.3,3.0
2026-09-04T18:54:02Z,2026-09-25,21,125000.0,P,0.564,0.571,0.5677,79739.3,79627.82,0.6731,-0.99688,0.0,1.79206,21.7,0.0
2026-09-04T18:54:02Z,2026-09-25,21,130000.0,C,0.0,0.0001,0.0001,79739.3,79627.82,0.6938,0.00194,0.0,1.16926,1452.2,0.0
2026-09-04T18:54:02Z,2026-09-25,21,130000.0,P,0.6265,0.6335,0.6304,79739.3,79627.82,0.6938,-0.99806,0.0,1.16926,21.4,0.0
2026-09-04T18:54:02Z,2026-09-25,21,135000.0,C,0.0,0.0002,0.0001,79739.3,79627.82,0.7168000000000001,0.0013,0.0,0.81183,472.8,0.0
2026-09-04T18:54:02Z,2026-09-25,21,135000.0,P,0.689,0.696,0.6931,79739.21,79627.82,0.7168000000000001,-0.9987,0.0,0.81181,11.5,0.0
2026-09-04T18:54:02Z,2026-09-25,21,140000.0,C,0.0,0.0002,0.0001,79739.05,79627.82,0.7598999999999999,0.00121,0.0,0.76141,1210.3,0.0
2026-09-04T18:54:02Z,2026-09-25,21,140000.0,P,0.7515,0.759,0.7558,79739.05,79627.82,0.7598999999999999,-0.99879,0.0,0.76141,1.4,0.0
2026-09-04T18:54:02Z,2026-09-25,21,145000.0,C,0.0,0.0002,0.0,79739.21,79627.82,0.7775,0.00082,0.0,0.52961,490.3,0.0
2026-09-04T18:54:02Z,2026-09-25,21,145000.0,P,0.814,0.822,0.8185,79739.21,79627.82,0.7775,-0.99918,0.0,0.52961,0.2,0.0
2026-09-04T18:54:02Z,2026-09-25,21,150000.0,C,0.0,0.0001,0.0,79739.21,79627.82,0.8114,0.00072,0.0,0.47149,768.8,0.0
2026-09-04T18:54:02Z,2026-09-25,21,150000.0,P,0.8765,0.885,0.8812,79739.05,79627.82,0.8114,-0.99928,0.0,0.47147,4.5,0.0
2026-09-04T18:54:02Z,2026-09-25,21,155000.0,C,0.0,0.0001,0.0,79739.21,79627.82,0.8133,0.00041,0.0,0.27758,378.0,0.0
2026-09-04T18:54:02Z,2026-09-25,21,155000.0,P,0.939,0.9475,0.9439,79739.05,79627.82,0.8133,-0.99959,0.0,0.27757,0.1,0.0
2026-09-04T18:54:02Z,2026-09-25,21,160000.0,C,0.0,0.0001,0.0,79739.05,79627.82,0.8188,0.00024,0.0,0.17221,1498.4,0.0
2026-09-04T18:54:02Z,2026-09-25,21,160000.0,P,1.0005,1.015,1.0066,79739.05,79627.82,0.8188,-0.99976,0.0,0.17221,0.6,0.0
2026-09-04T18:54:02Z,2026-09-25,21,165000.0,C,0.0,0.0001,0.0,79739.05,79627.82,0.8449,0.00021,0.0,0.15005,266.6,0.0
2026-09-04T18:54:02Z,2026-09-25,21,165000.0,P,1.0635,1.078,1.0693,79739.05,79627.82,0.8449,-0.99979,0.0,0.15005,0.0,0.0
2026-09-04T18:54:02Z,2026-09-25,21,170000.0,C,0.0,0.0001,0.0,79739.21,79627.82,0.8693000000000001,0.00018,0.0,0.13005,444.9,0.0
2026-09-04T18:54:02Z,2026-09-25,21,170000.0,P,1.126,1.141,1.132,79739.05,79627.82,0.8693000000000001,-0.99982,0.0,0.13004,0.0,0.0
2026-09-04T18:54:02Z,2026-09-25,21,175000.0,C,0.0,0.0001,0.0,79739.05,79627.82,0.89,0.00015,0.0,0.10895,1904.8,0.0
2026-09-04T18:54:02Z,2026-09-25,21,175000.0,P,1.189,1.203,1.1947,79739.05,79627.82,0.89,-0.99985,0.0,0.10895,3.3,0.0
2026-09-04T18:54:02Z,2026-09-25,21,180000.0,C,0.0,0.0001,0.0,79739.05,79627.82,0.9184,0.00014,0.0,0.10474,792.3,0.0
2026-09-04T18:54:02Z,2026-09-25,21,180000.0,P,1.2515,1.2665,1.2574,79739.05,79627.82,0.9184,-0.99986,0.0,0.10474,10.5,0.0
2026-09-04T18:54:02Z,2026-09-25,21,190000.0,C,0.0,0.0001,0.0,79739.21,79627.82,0.9386,8e-05,0.0,0.05787,762.1,0.0
2026-09-04T18:54:02Z,2026-09-25,21,190000.0,P,1.3755,1.393,1.3828,79739.21,79627.82,0.9386,-0.99992,0.0,0.05787,0.0,0.0
2026-09-04T18:54:02Z,2026-09-25,21,200000.0,C,0.0,0.0001,0.0,79739.05,79627.82,0.9823999999999999,6e-05,0.0,0.0495,1018.5,0.0
2026-09-04T18:54:02Z,2026-09-25,21,200000.0,P,1.5005,1.5185,1.5082,79738.64,79627.82,0.9823999999999999,-0.99994,0.0,0.0495,3.2,3.2
2026-09-04T18:54:02Z,2026-09-25,21,220000.0,C,0.0,0.0001,0.0,79738.98,79627.82,1.0735999999999999,6e-05,0.0,0.04444,241.9,0.0
2026-09-04T18:54:02Z,2026-09-25,21,220000.0,P,1.752,1.767,1.759,79738.98,79627.82,1.0735999999999999,-0.99994,0.0,0.04444,27.7,2.9
2026-09-04T18:54:02Z,2026-09-25,21,240000.0,C,0.0,0.0001,0.0,79738.64,79627.82,1.156,5e-05,0.0,0.04053,211.9,0.0
2026-09-04T18:54:02Z,2026-09-25,21,240000.0,P,1.999,2.022,2.0098,79738.64,79627.82,1.156,-0.99995,0.0,0.04053,0.0,0.0
2026-09-04T18:54:02Z,2026-09-25,21,260000.0,C,0.0,0.0001,0.0,79738.64,79627.82,1.2309,5e-05,0.0,0.0374,293.3,0.0
2026-09-04T18:54:02Z,2026-09-25,21,260000.0,P,2.2505,2.2705,2.2606,79738.64,79627.82,1.2309,-0.99995,0.0,0.0374,0.0,0.0
2026-09-04T18:54:02Z,2026-09-25,21,280000.0,C,0.0,0.0001,0.0,79738.98,79627.82,1.2987,4e-05,0.0,0.03442,76.1,0.0
2026-09-04T18:54:02Z,2026-09-25,21,280000.0,P,2.502,2.5225,2.5115,79738.64,79627.82,1.2987,-0.99996,0.0,0.03442,0.0,0.0
2026-09-04T18:54:02Z,2026-09-25,21,300000.0,C,0.0,0.0001,0.0,79738.98,79627.82,1.3629,4e-05,0.0,0.03262,196.3,0.0
2026-09-04T18:54:02Z,2026-09-25,21,300000.0,P,2.7525,2.7775,2.7623,79738.64,79627.82,1.3629,-0.99996,0.0,0.03262,0.0,0.0
2026-09-04T18:54:02Z,2026-09-25,21,320000.0,C,0.0,0.0001,0.0,79738.64,79627.82,1.4015,3e-05,0.0,0.02406,304.6,0.0
2026-09-04T18:54:02Z,2026-09-25,21,320000.0,P,3.0,3.03,3.0131,79738.64,79627.82,1.4015,-0.99997,0.0,0.02406,25.1,0.0
2026-09-04T18:54:02Z,2026-10-30,56,40000.0,C,0.5,0.502,0.501,80107.93,79627.82,0.7011,0.99628,0.0,3.47327,0.1,0.0
2026-09-04T18:54:02Z,2026-10-30,56,40000.0,P,0.0002,0.0006,0.0003,80107.93,79627.82,0.7011,-0.00372,0.0,3.47327,76.8,0.0
2026-09-04T18:54:02Z,2026-10-30,56,45000.0,C,0.4375,0.4405,0.439,80107.93,79627.82,0.654,0.99153,0.0,7.20336,0.1,0.0
2026-09-04T18:54:02Z,2026-10-30,56,45000.0,P,0.0007,0.0008,0.0008,80107.93,79627.82,0.654,-0.00847,0.0,7.20336,219.7,0.0
2026-09-04T18:54:02Z,2026-10-30,56,48000.0,C,0.4005,0.403,0.4018,80107.93,79627.82,0.6071,0.98872,0.0,9.24736,0.1,0.0
2026-09-04T18:54:02Z,2026-10-30,56,48000.0,P,0.0009,0.0012,0.001,80107.65,79627.82,0.6071,-0.01128,0.0,9.24769,194.3,5.8
2026-09-04T18:54:02Z,2026-10-30,56,50000.0,C,0.3755,0.3785,0.3771,80107.65,79627.82,0.5856,0.98528,0.0,11.64239,0.1,0.0
2026-09-04T18:54:02Z,2026-10-30,56,50000.0,P,0.0011,0.0015,0.0013,80107.65,79627.82,0.5856,-0.01472,0.0,11.64239,328.9,2.3
2026-09-04T18:54:02Z,2026-10-30,56,52000.0,C,0.351,0.354,0.3524,80107.65,79627.82,0.5579999999999999,0.98187,0.0,13.91577,0.1,0.0
2026-09-04T18:54:02Z,2026-10-30,56,52000.0,P,0.0015,0.0017,0.0015,80107.65,79627.82,0.5579999999999999,-0.01813,0.0,13.91577,122.0,4.1
2026-09-04T18:54:02Z,2026-10-30,56,54000.0,C,0.326,0.3295,0.3278,80107.65,79627.82,0.5325,0.97737,0.0,16.79517,0.1,0.0
2026-09-04T18:54:02Z,2026-10-30,56,54000.0,P,0.0017,0.0021,0.0019,80107.65,79627.82,0.5325,-0.02263,0.0,16.79517,189.7,0.0
2026-09-04T18:54:02Z,2026-10-30,56,55000.0,C,0.314,0.317,0.3155,80107.65,79627.82,0.52,0.97472,0.0,18.43833,0.1,0.0
2026-09-04T18:54:02Z,2026-10-30,56,55000.0,P,0.0019,0.0023,0.0021,80107.65,79627.82,0.52,-0.02528,0.0,18.43833,311.1,0.0
2026-09-04T18:54:02Z,2026-10-30,56,56000.0,C,0.3015,0.305,0.3033,80107.65,79627.82,0.5085999999999999,0.97153,0.0,20.35873,0.0,0.0
2026-09-04T18:54:02Z,2026-10-30,56,56000.0,P,0.0021,0.0026,0.0023,80107.65,79627.82,0.5085999999999999,-0.02847,0.0,20.35873,463.9,0.0
2026-09-04T18:54:02Z,2026-10-30,56,57000.0,C,0.2895,0.2925,0.2911,80107.65,79627.82,0.498,0.96775,0.0,22.57219,0.1,0.0
2026-09-04T18:54:02Z,2026-10-30,56,57000.0,P,0.0024,0.0029,0.0026,80107.65,79627.82,0.498,-0.03225,0.0,22.57219,207.7,0.0
2026-09-04T18:54:02Z,2026-10-30,56,58000.0,C,0.277,0.2805,0.2789,80107.65,79627.82,0.4864,0.96381,1e-05,24.82044,0.0,0.0
2026-09-04T18:54:02Z,2026-10-30,56,58000.0,P,0.0027,0.0032,0.0029,80107.65,79627.82,0.4864,-0.03619,1e-05,24.82044,325.6,0.1
2026-09-04T18:54:02Z,2026-10-30,56,59000.0,C,0.265,0.2685,0.2668,80107.65,79627.82,0.47600000000000003,0.95905,1e-05,27.44694,1.0,0.0
2026-09-04T18:54:02Z,2026-10-30,56,59000.0,P,0.0031,0.0035,0.0033,80107.65,79627.82,0.47600000000000003,-0.04095,1e-05,27.44694,84.7,5.2
2026-09-04T18:54:02Z,2026-10-30,56,60000.0,C,0.253,0.2565,0.2547,80107.65,79627.82,0.46590000000000004,0.95364,1e-05,30.336,16.5,0.0
2026-09-04T18:54:02Z,2026-10-30,56,60000.0,P,0.0035,0.004,0.0037,80107.65,79627.82,0.46590000000000004,-0.04636,1e-05,30.336,1544.0,36.4
2026-09-04T18:54:02Z,2026-10-30,56,61000.0,C,0.241,0.2445,0.2427,80107.65,79627.82,0.45530000000000004,0.9477,1e-05,33.40642,7.7,0.0
2026-09-04T18:54:02Z,2026-10-30,56,61000.0,P,0.004,0.0044,0.0042,80107.65,79627.82,0.45530000000000004,-0.0523,1e-05,33.40642,261.4,52.7
2026-09-04T18:54:02Z,2026-10-30,56,62000.0,C,0.229,0.2325,0.2309,80107.65,79627.82,0.4473,0.94011,1e-05,37.17155,13.5,0.0
2026-09-04T18:54:02Z,2026-10-30,56,62000.0,P,0.0045,0.005,0.0048,80108.09,79627.82,0.4473,-0.05988,1e-05,37.16937,1193.9,1003.2
2026-09-04T18:54:02Z,2026-10-30,56,63000.0,C,0.2175,0.221,0.219,80107.65,79627.82,0.4379,0.93212,1e-05,40.97376,153.2,0.0
2026-09-04T18:54:02Z,2026-10-30,56,63000.0,P,0.005,0.006,0.0055,80108.09,79627.82,0.4379,-0.06787,1e-05,40.97202,515.0,3.2
2026-09-04T18:54:02Z,2026-10-30,56,64000.0,C,0.2055,0.209,0.2073,80107.65,79627.82,0.4288,0.92302,1e-05,45.12429,416.8,0.0
2026-09-04T18:54:02Z,2026-10-30,56,64000.0,P,0.006,0.0065,0.0062,80108.09,79627.82,0.4288,-0.07698,1e-05,45.12242,614.2,6.4
2026-09-04T18:54:02Z,2026-10-30,56,65000.0,C,0.194,0.1975,0.1956,80108.09,79627.82,0.41960000000000003,0.91284,1e-05,49.54847,434.5,0.1
2026-09-04T18:54:02Z,2026-10-30,56,65000.0,P,0.0065,0.0075,0.007,80108.09,79627.82,0.41960000000000003,-0.08716,1e-05,49.54847,547.1,3.4
2026-09-04T18:54:02Z,2026-10-30,56,66000.0,C,0.1825,0.186,0.1842,80108.09,79627.82,0.4128,0.90036,1e-05,54.70043,89.5,0.8
2026-09-04T18:54:02Z,2026-10-30,56,66000.0,P,0.008,0.0085,0.0081,80108.09,79627.82,0.4128,-0.09964,1e-05,54.70043,163.2,15.9
2026-09-04T18:54:02Z,2026-10-30,56,67000.0,C,0.1715,0.175,0.1731,80108.09,79627.82,0.40700000000000003,0.88588,2e-05,60.32637,108.4,0.0
2026-09-04T18:54:02Z,2026-10-30,56,67000.0,P,0.009,0.01,0.0095,80108.09,79627.82,0.40700000000000003,-0.11412,2e-05,60.32637,411.9,9.0
2026-09-04T18:54:02Z,2026-10-30,56,68000.0,C,0.1605,0.164,0.1621,80108.09,79627.82,0.4011,0.86982,2e-05,66.17085,518.8,0.0
2026-09-04T18:54:02Z,2026-10-30,56,68000.0,P,0.0105,0.0115,0.0109,80108.09,79627.82,0.4011,-0.13018,2e-05,66.17085,1513.4,1008.1
2026-09-04T18:54:02Z,2026-10-30,56,69000.0,C,0.1495,0.153,0.1511,80108.09,79627.82,0.39299999999999996,0.8532,2e-05,71.8209,685.1,5.0
2026-09-04T18:54:02Z,2026-10-30,56,69000.0,P,0.012,0.013,0.0124,80108.09,79627.82,0.39299999999999996,-0.1468,2e-05,71.8209,295.4,13.0
2026-09-04T18:54:02Z,2026-10-30,56,70000.0,C,0.139,0.1425,0.1406,80108.09,79627.82,0.3882,0.83309,2e-05,78.15241,1099.6,0.0
2026-09-04T18:54:02Z,2026-10-30,56,70000.0,P,0.014,0.015,0.0144,80107.65,79627.82,0.3882,-0.16692,2e-05,78.15472,878.3,67.7
2026-09-04T18:54:02Z,2026-10-30,56,71000.0,C,0.129,0.1325,0.1305,80108.09,79627.82,0.3848,0.81031,2e-05,84.71636,977.5,0.3
2026-09-04T18:54:02Z,2026-10-30,56,71000.0,P,0.0165,0.0175,0.0168,80108.09,79627.82,0.3848,-0.18969,2e-05,84.71636,112.7,30.8
2026-09-04T18:54:02Z,2026-10-30,56,72000.0,C,0.119,0.1225,0.1206,80108.09,79627.82,0.3803,0.78625,2e-05,91.00064,468.4,0.0
2026-09-04T18:54:02Z,2026-10-30,56,72000.0,P,0.019,0.02,0.0194,80108.09,79627.82,0.3803,-0.21375,2e-05,91.00064,408.7,3.1
2026-09-04T18:54:02Z,2026-10-30,56,73000.0,C,0.11,0.113,0.1111,80108.09,79627.82,0.37670000000000003,0.75985,3e-05,97.18201,634.1,4.7
2026-09-04T18:54:02Z,2026-10-30,56,73000.0,P,0.022,0.023,0.0224,80108.09,79627.82,0.37670000000000003,-0.24015,3e-05,97.18201,95.9,9.2
2026-09-04T18:54:02Z,2026-10-30,56,74000.0,C,0.101,0.104,0.1021,80108.09,79627.82,0.37420000000000003,0.73117,3e-05,103.10382,252.6,0.0
2026-09-04T18:54:02Z,2026-10-30,56,74000.0,P,0.0255,0.0265,0.0259,80108.09,79627.82,0.37420000000000003,-0.26883,3e-05,103.10382,238.5,27.3
2026-09-04T18:54:02Z,2026-10-30,56,75000.0,C,0.0925,0.095,0.0934,80108.24,79627.82,0.371,0.70112,3e-05,108.47107,1172.3,0.2
2026-09-04T18:54:02Z,2026-10-30,56,75000.0,P,0.029,0.03,0.0296,80108.24,79627.82,0.371,-0.29888,3e-05,108.47107,646.0,438.2
2026-09-04T18:54:02Z,2026-10-30,56,76000.0,C,0.0845,0.0865,0.0852,80108.24,79627.82,0.3686,0.66932,3e-05,113.26679,356.2,0.5
2026-09-04T18:54:02Z,2026-10-30,56,76000.0,P,0.0335,0.0345,0.0339,80108.09,79627.82,0.3686,-0.33069,3e-05,113.26722,101.9,22.7
2026-09-04T18:54:02Z,2026-10-30,56,77000.0,C,0.077,0.079,0.0776,80108.24,79627.82,0.36810000000000004,0.63586,3e-05,117.37057,116.0,36.2
2026-09-04T18:54:02Z,2026-10-30,56,77000.0,P,0.0385,0.0395,0.0388,80108.24,79627.82,0.36810000000000004,-0.36414,3e-05,117.37057,127.9,20.2
2026-09-04T18:54:02Z,2026-10-30,56,78000.0,C,0.0695,0.0715,0.0705,80108.24,79627.82,0.36719999999999997,0.60172,3e-05,120.59614,462.4,78.6
2026-09-04T18:54:02Z,2026-10-30,56,78000.0,P,0.0435,0.0445,0.0442,80108.24,79627.82,0.36719999999999997,-0.39828,3e-05,120.59614,415.7,1.0
2026-09-04T18:54:02Z,2026-10-30,56,79000.0,C,0.0635,0.0645,0.0638,80108.09,79627.82,0.3668,0.56706,3e-05,122.90571,187.0,2.1
2026-09-04T18:54:02Z,2026-10-30,56,79000.0,P,0.0495,0.0505,0.05,80108.24,79627.82,0.3668,-0.43294,3e-05,122.90566,482.2,90.0
2026-09-04T18:54:02Z,2026-10-30,56,80000.0,C,0.057,0.0585,0.0577,80108.24,79627.82,0.3669,0.53228,3e-05,124.26294,1296.7,351.6
2026-09-04T18:54:02Z,2026-10-30,56,80000.0,P,0.056,0.057,0.0563,80108.24,79627.82,0.3669,-0.46772,3e-05,124.26294,951.0,239.7
2026-09-04T18:54:02Z,2026-10-30,56,81000.0,C,0.0515,0.0525,0.0521,80108.24,79627.82,0.3677,0.49783,3e-05,124.66948,317.1,11.8
2026-09-04T18:54:02Z,2026-10-30,56,81000.0,P,0.0625,0.064,0.0632,80108.24,79627.82,0.3677,-0.50217,3e-05,124.66948,167.0,30.2
2026-09-04T18:54:02Z,2026-10-30,56,82000.0,C,0.0465,0.0475,0.047,80108.24,79627.82,0.3688,0.46403,3e-05,124.16424,1217.1,239.6
2026-09-04T18:54:02Z,2026-10-30,56,82000.0,P,0.07,0.071,0.0706,80108.24,79627.82,0.3688,-0.53597,3e-05,124.16424,45.0,0.1
2026-09-04T18:54:02Z,2026-10-30,56,83000.0,C,0.0415,0.043,0.0422,80108.24,79627.82,0.36950000000000005,0.43095,3e-05,122.79929,219.5,3.1
2026-09-04T18:54:02Z,2026-10-30,56,83000.0,P,0.0775,0.079,0.0783,80108.24,79627.82,0.36950000000000005,-0.56905,3e-05,122.79929,95.9,47.6
2026-09-04T18:54:02Z,2026-10-30,56,84000.0,C,0.0375,0.0385,0.0381,80108.24,79627.82,0.37189999999999995,0.39957,3e-05,120.69992,1104.1,50.0
2026-09-04T18:54:02Z,2026-10-30,56,84000.0,P,0.085,0.088,0.0867,80108.09,79627.82,0.37189999999999995,-0.60043,3e-05,120.6993,8.3,0.0
2026-09-04T18:54:02Z,2026-10-30,56,85000.0,C,0.0335,0.0345,0.0341,80108.24,79627.82,0.3729,0.36893,3e-05,117.88048,2013.0,194.7
2026-09-04T18:54:02Z,2026-10-30,56,85000.0,P,0.094,0.096,0.0952,80108.24,79627.82,0.3729,-0.63107,3e-05,117.88048,105.5,50.0
2026-09-04T18:54:02Z,2026-10-30,56,86000.0,C,0.03,0.031,0.0306,80108.24,79627.82,0.3747,0.34002,3e-05,114.50752,748.9,20.9
2026-09-04T18:54:02Z,2026-10-30,56,86000.0,P,0.103,0.105,0.1042,80108.24,79627.82,0.3747,-0.65998,3e-05,114.50752,98.5,85.0
2026-09-04T18:54:02Z,2026-10-30,56,87000.0,C,0.027,0.028,0.0276,80108.24,79627.82,0.3776,0.31324,3e-05,110.74737,67.0,11.2
2026-09-04T18:54:02Z,2026-10-30,56,87000.0,P,0.112,0.1145,0.1136,80108.24,79627.82,0.3776,-0.68676,3e-05,110.74729,29.0,5.0
2026-09-04T18:54:02Z,2026-10-30,56,88000.0,C,0.024,0.025,0.0246,80108.12,79627.82,0.3787,0.28702,3e-05,106.4513,553.9,211.9
2026-09-04T18:54:02Z,2026-10-30,56,88000.0,P,0.121,0.1245,0.1231,80108.12,79627.82,0.3787,-0.71298,3e-05,106.4513,8.1,0.0
2026-09-04T18:54:02Z,2026-10-30,56,89000.0,C,0.0215,0.0225,0.0221,80108.12,79627.82,0.38130000000000003,0.26326,3e-05,102.01646,76.2,76.9
2026-09-04T18:54:02Z,2026-10-30,56,89000.0,P,0.1305,0.135,0.1331,80108.12,79627.82,0.38130000000000003,-0.73674,3e-05,102.01646,5.0,0.0
2026-09-04T18:54:02Z,2026-10-30,56,90000.0,C,0.0195,0.02,0.0198,80108.12,79627.82,0.3836,0.24094,3e-05,97.35538,2652.9,39.0
2026-09-04T18:54:02Z,2026-10-30,56,90000.0,P,0.1405,0.145,0.1433,80108.12,79627.82,0.3836,-0.75906,3e-05,97.35538,5.6,0.0
2026-09-04T18:54:02Z,2026-10-30,56,91000.0,C,0.0175,0.018,0.0177,80108.12,79627.82,0.3856,0.21996,2e-05,92.52198,34.0,7.6
2026-09-04T18:54:02Z,2026-10-30,56,91000.0,P,0.151,0.1555,0.1536,80108.12,79627.82,0.3856,-0.78004,2e-05,92.52198,0.2,0.0
2026-09-04T18:54:02Z,2026-10-30,56,92000.0,C,0.0155,0.0165,0.016,80108.12,79627.82,0.3898,0.20211,2e-05,88.04159,1069.8,4.0
2026-09-04T18:54:02Z,2026-10-30,56,92000.0,P,0.162,0.1665,0.1645,80108.12,79627.82,0.3898,-0.79789,2e-05,88.04159,0.1,0.1
2026-09-04T18:54:02Z,2026-10-30,56,94000.0,C,0.0125,0.0135,0.013,80108.12,79627.82,0.39630000000000004,0.16924,2e-05,78.85358,447.2,7.2
2026-09-04T18:54:02Z,2026-10-30,56,94000.0,P,0.1835,0.1885,0.1864,80108.12,79627.82,0.39630000000000004,-0.83076,2e-05,78.85358,0.0,0.0
2026-09-04T18:54:02Z,2026-10-30,56,95000.0,C,0.011,0.012,0.0115,80108.12,79627.82,0.3972,0.15315,2e-05,73.87584,2092.9,4.7
2026-09-04T18:54:02Z,2026-10-30,56,95000.0,P,0.1945,0.1995,0.1974,80108.12,79627.82,0.3972,-0.84685,2e-05,73.87584,0.4,0.0
2026-09-04T18:54:02Z,2026-10-30,56,96000.0,C,0.01,0.011,0.0105,80108.12,79627.82,0.4018,0.14093,2e-05,69.87089,193.9,2.9
2026-09-04T18:54:02Z,2026-10-30,56,96000.0,P,0.206,0.211,0.2089,80108.12,79627.82,0.4018,-0.85907,2e-05,69.87089,0.1,0.0
2026-09-04T18:54:02Z,2026-10-30,56,98000.0,C,0.008,0.009,0.0085,80108.12,79627.82,0.4073,0.11717,2e-05,61.46647,282.3,1.5
2026-09-04T18:54:02Z,2026-10-30,56,98000.0,P,0.229,0.234,0.2319,80108.12,79627.82,0.4073,-0.88283,2e-05,61.46647,0.0,0.0
2026-09-04T18:54:02Z,2026-10-30,56,100000.0,C,0.0065,0.0075,0.007,80108.12,79627.82,0.4143,0.09829,1e-05,54.15532,1721.6,112.1
2026-09-04T18:54:02Z,2026-10-30,56,100000.0,P,0.2525,0.2575,0.2553,80108.12,79627.82,0.4143,-0.90171,1e-05,54.15532,0.3,0.0
2026-09-04T18:54:02Z,2026-10-30,56,102000.0,C,0.0055,0.0065,0.006,80108.22,79627.82,0.42479999999999996,0.08458,1e-05,48.44932,198.3,18.0
2026-09-04T18:54:02Z,2026-10-30,56,102000.0,P,0.276,0.2815,0.2793,80108.12,79627.82,0.42479999999999996,-0.91542,1e-05,48.44876,0.0,0.0
2026-09-04T18:54:02Z,2026-10-30,56,104000.0,C,0.0048,0.0055,0.0052,80108.22,79627.82,0.4346,0.07285,1e-05,43.26664,88.7,1.1
2026-09-04T18:54:02Z,2026-10-30,56,104000.0,P,0.3,0.3055,0.3034,80108.22,79627.82,0.4346,-0.92715,1e-05,43.26664,0.0,0.0
2026-09-04T18:54:02Z,2026-10-30,56,105000.0,C,0.0044,0.0048,0.0046,80108.22,79627.82,0.43579999999999997,0.06597,1e-05,40.08151,1143.2,24.3
2026-09-04T18:54:02Z,2026-10-30,56,105000.0,P,0.312,0.3175,0.3153,80108.22,79627.82,0.43579999999999997,-0.93403,1e-05,40.08151,0.0,0.0
2026-09-04T18:54:02Z,2026-10-30,56,110000.0,C,0.0028,0.0033,0.0031,80108.22,79627.82,0.4549,0.04473,1e-05,29.47669,1037.3,53.4
2026-09-04T18:54:02Z,2026-10-30,56,110000.0,P,0.373,0.379,0.3762,80108.22,79627.82,0.4549,-0.95527,1e-05,29.47669,0.0,0.0
2026-09-04T18:54:02Z,2026-11-27,84,58000.0,C,0.2835,0.2865,0.2847,80415.31,79627.82,0.46590000000000004,0.94264,1e-05,44.24027,0.0,0.0
2026-09-04T18:54:02Z,2026-11-27,84,58000.0,P,0.0055,0.0065,0.006,80415.31,79627.82,0.46590000000000004,-0.05736,1e-05,44.24027,7.1,0.6
2026-09-04T18:54:02Z,2026-11-27,84,60000.0,C,0.26,0.2635,0.2613,80415.19,79627.82,0.4509,0.9286,1e-05,52.44644,0.1,0.0
2026-09-04T18:54:02Z,2026-11-27,84,60000.0,P,0.007,0.008,0.0075,80415.31,79627.82,0.4509,-0.07139,1e-05,52.44599,32.7,1.3
2026-09-04T18:54:02Z,2026-11-27,84,62000.0,C,0.237,0.2405,0.2385,80415.19,79627.82,0.4382,0.91075,1e-05,62.087,0.0,0.0
2026-09-04T18:54:02Z,2026-11-27,84,62000.0,P,0.009,0.01,0.0095,80415.19,79627.82,0.4382,-0.08925,1e-05,62.087,107.3,102.4
2026-09-04T18:54:02Z,2026-11-27,84,64000.0,C,0.2145,0.218,0.2161,80415.31,79627.82,0.4261,0.88913,1e-05,72.75331,0.0,0.0
2026-09-04T18:54:02Z,2026-11-27,84,64000.0,P,0.0115,0.0125,0.012,80415.19,79627.82,0.4261,-0.11087,1e-05,72.75386,23.3,2.5
2026-09-04T18:54:02Z,2026-11-27,84,66000.0,C,0.193,0.1965,0.1947,80415.19,79627.82,0.41840000000000005,0.86147,1e-05,85.02067,0.0,0.0
2026-09-04T18:54:02Z,2026-11-27,84,66000.0,P,0.015,0.016,0.0154,80415.19,79627.82,0.41840000000000005,-0.13853,1e-05,85.02067,184.8,10.8
2026-09-04T18:54:02Z,2026-11-27,84,67000.0,C,0.1825,0.186,0.1842,80415.31,79627.82,0.4139,0.8463,1e-05,91.16844,0.0,0.0
2026-09-04T18:54:02Z,2026-11-27,84,67000.0,P,0.017,0.018,0.0174,80415.19,79627.82,0.4139,-0.15371,1e-05,91.169,19.6,0.0
2026-09-04T18:54:02Z,2026-11-27,84,68000.0,C,0.1725,0.1755,0.1738,80415.31,79627.82,0.4086,0.83037,2e-05,97.22136,0.0,0.0
2026-09-04T18:54:02Z,2026-11-27,84,68000.0,P,0.019,0.02,0.0194,80415.19,79627.82,0.4086,-0.16963,2e-05,97.22192,17.2,0.5
2026-09-04T18:54:02Z,2026-11-27,84,69000.0,C,0.1625,0.1655,0.1639,80415.34,79627.82,0.4053,0.81235,2e-05,103.60577,0.0,0.0
2026-09-04T18:54:02Z,2026-11-27,84,69000.0,P,0.0215,0.0225,0.0219,80415.34,79627.82,0.4053,-0.18765,2e-05,103.60577,15.6,6.2
2026-09-04T18:54:02Z,2026-11-27,84,70000.0,C,0.1525,0.1555,0.154,80415.26,79627.82,0.4007,0.79373,2e-05,109.71143,4.2,0.1
2026-09-04T18:54:02Z,2026-11-27,84,70000.0,P,0.0245,0.025,0.0245,80415.34,79627.82,0.4007,-0.20626,2e-05,109.71107,38.8,25.4
2026-09-04T18:54:02Z,2026-11-27,84,71000.0,C,0.143,0.146,0.1446,80415.34,79627.82,0.39759999999999995,0.77329,2e-05,115.8812,0.1,0.0
2026-09-04T18:54:02Z,2026-11-27,84,71000.0,P,0.0275,0.028,0.0275,80415.34,79627.82,0.39759999999999995,-0.22671,2e-05,115.8812,11.4,6.9
2026-09-04T18:54:02Z,2026-11-27,84,72000.0,C,0.134,0.137,0.1354,80415.26,79627.82,0.3945,0.75174,2e-05,121.80358,0.0,0.0
2026-09-04T18:54:02Z,2026-11-27,84,72000.0,P,0.03,0.0315,0.0308,80415.26,79627.82,0.3945,-0.24826,2e-05,121.80358,28.6,21.3
2026-09-04T18:54:02Z,2026-11-27,84,73000.0,C,0.1255,0.128,0.1266,80415.34,79627.82,0.392,0.72896,2e-05,127.45352,0.0,0.0
2026-09-04T18:54:02Z,2026-11-27,84,73000.0,P,0.034,0.035,0.0344,80415.26,79627.82,0.392,-0.27104,2e-05,127.4538,17.5,0.8
2026-09-04T18:54:02Z,2026-11-27,84,74000.0,C,0.117,0.1195,0.1181,80415.26,79627.82,0.38939999999999997,0.7052,2e-05,132.70355,0.0,0.0
2026-09-04T18:54:02Z,2026-11-27,84,74000.0,P,0.038,0.039,0.0383,80415.26,79627.82,0.38939999999999997,-0.2948,2e-05,132.70355,31.0,8.8
2026-09-04T18:54:02Z,2026-11-27,84,75000.0,C,0.109,0.111,0.1099,80415.34,79627.82,0.38670000000000004,0.6806,2e-05,137.47592,260.4,0.1
2026-09-04T18:54:02Z,2026-11-27,84,75000.0,P,0.042,0.043,0.0425,80415.34,79627.82,0.38670000000000004,-0.3194,2e-05,137.47592,282.0,7.3
2026-09-04T18:54:02Z,2026-11-27,84,76000.0,C,0.1015,0.1035,0.1022,80415.34,79627.82,0.38549999999999995,0.65484,2e-05,141.77329,10.6,0.0
2026-09-04T18:54:02Z,2026-11-27,84,76000.0,P,0.047,0.048,0.0473,80415.34,79627.82,0.38549999999999995,-0.34516,2e-05,141.77329,43.1,0.8
2026-09-04T18:54:02Z,2026-11-27,84,77000.0,C,0.094,0.096,0.0948,80415.34,79627.82,0.3839,0.62859,3e-05,145.44065,3.0,0.0
2026-09-04T18:54:02Z,2026-11-27,84,77000.0,P,0.052,0.053,0.0524,80415.26,79627.82,0.3839,-0.37141,3e-05,145.44077,28.5,2.2
2026-09-04T18:54:02Z,2026-11-27,84,78000.0,C,0.087,0.089,0.0879,80415.34,79627.82,0.3829,0.60183,3e-05,148.45748,34.9,0.1
2026-09-04T18:54:02Z,2026-11-27,84,78000.0,P,0.0575,0.0585,0.0578,80415.34,79627.82,0.3829,-0.39817,3e-05,148.45748,57.3,1.1
2026-09-04T18:54:02Z,2026-11-27,84,79000.0,C,0.081,0.082,0.0814,80415.26,79627.82,0.3825,0.57477,3e-05,150.78097,50.1,2.9
2026-09-04T18:54:02Z,2026-11-27,84,79000.0,P,0.063,0.0645,0.0638,80415.34,79627.82,0.3825,-0.42523,3e-05,150.78096,75.7,0.3
2026-09-04T18:54:02Z,2026-11-27,84,80000.0,C,0.075,0.076,0.0752,80415.26,79627.82,0.382,0.54764,3e-05,152.38879,799.5,85.3
2026-09-04T18:54:02Z,2026-11-27,84,80000.0,P,0.0695,0.0705,0.0701,80415.38,79627.82,0.382,-0.45236,3e-05,152.38887,51.6,10.2
2026-09-04T18:54:02Z,2026-11-27,84,81000.0,C,0.069,0.07,0.0695,80415.38,79627.82,0.3821,0.52065,3e-05,153.27908,111.5,86.7
2026-09-04T18:54:02Z,2026-11-27,84,81000.0,P,0.076,0.0775,0.0768,80415.38,79627.82,0.3821,-0.47935,3e-05,153.27908,20.5,17.2
2026-09-04T18:54:02Z,2026-11-27,84,82000.0,C,0.0635,0.065,0.0641,80415.26,79627.82,0.3822,0.4939,3e-05,153.46657,53.0,41.7
2026-09-04T18:54:02Z,2026-11-27,84,82000.0,P,0.083,0.0845,0.0838,80415.26,79627.82,0.3822,-0.5061,3e-05,153.46657,26.1,26.7
2026-09-04T18:54:02Z,2026-11-27,84,83000.0,C,0.0585,0.06,0.0591,80415.38,79627.82,0.38270000000000004,0.46762,3e-05,152.97902,16.5,12.6
2026-09-04T18:54:02Z,2026-11-27,84,83000.0,P,0.0905,0.092,0.0913,80415.38,79627.82,0.38270000000000004,-0.53238,3e-05,152.97902,42.5,3.4
2026-09-04T18:54:02Z,2026-11-27,84,84000.0,C,0.054,0.055,0.0545,80415.38,79627.82,0.3835,0.44197,3e-05,151.85803,24.8,0.4
2026-09-04T18:54:02Z,2026-11-27,84,84000.0,P,0.0985,0.0995,0.0991,80415.26,79627.82,0.3835,-0.55803,3e-05,151.85762,1.6,1.0
2026-09-04T18:54:02Z,2026-11-27,84,85000.0,C,0.0495,0.051,0.0501,80415.26,79627.82,0.3839,0.41681,3e-05,150.13496,528.9,62.1
2026-09-04T18:54:02Z,2026-11-27,84,85000.0,P,0.1065,0.1075,0.1072,80415.26,79627.82,0.3839,-0.58319,3e-05,150.13496,9.4,4.1
2026-09-04T18:54:02Z,2026-11-27,84,86000.0,C,0.0455,0.047,0.0461,80415.26,79627.82,0.3848,0.39254,3e-05,147.88199,128.0,76.8
2026-09-04T18:54:02Z,2026-11-27,84,86000.0,P,0.114,0.117,0.1156,80415.37,79627.82,0.3848,-0.60746,3e-05,147.88261,30.2,1.0
2026-09-04T18:54:02Z,2026-11-27,84,87000.0,C,0.042,0.043,0.0426,80415.26,79627.82,0.38659999999999994,0.36955,3e-05,145.20467,9.8,3.6
2026-09-04T18:54:02Z,2026-11-27,84,87000.0,P,0.123,0.1255,0.1245,80415.38,79627.82,0.38659999999999994,-0.63044,3e-05,145.20528,3.7,1.7
2026-09-04T18:54:02Z,2026-11-27,84,88000.0,C,0.0385,0.0395,0.0391,80415.26,79627.82,0.3874,0.34694,2e-05,142.04508,78.7,0.6
2026-09-04T18:54:02Z,2026-11-27,84,88000.0,P,0.132,0.1345,0.1334,80415.38,79627.82,0.3874,-0.65305,2e-05,142.04574,0.0,0.0
2026-09-04T18:54:02Z,2026-11-27,84,89000.0,C,0.0355,0.0365,0.036,80415.26,79627.82,0.3893,0.32582,2e-05,138.61221,179.9,150.6
2026-09-04T18:54:02Z,2026-11-27,84,89000.0,P,0.141,0.144,0.1428,80415.26,79627.82,0.3893,-0.67418,2e-05,138.61221,0.0,0.0
2026-09-04T18:54:02Z,2026-11-27,84,90000.0,C,0.0325,0.0335,0.0331,80415.38,79627.82,0.39030000000000004,0.30517,2e-05,134.79537,28.2,11.6
2026-09-04T18:54:02Z,2026-11-27,84,90000.0,P,0.1505,0.1535,0.1523,80415.26,79627.82,0.39030000000000004,-0.69483,2e-05,134.79462,0.3,0.0
2026-09-04T18:54:02Z,2026-11-27,84,91000.0,C,0.03,0.031,0.0305,80415.26,79627.82,0.3925,0.28618,2e-05,130.8722,70.3,0.0
2026-09-04T18:54:02Z,2026-11-27,84,91000.0,P,0.16,0.1635,0.1622,80415.37,79627.82,0.3925,-0.71382,2e-05,130.87286,0.0,0.0
2026-09-04T18:54:02Z,2026-11-27,84,92000.0,C,0.0275,0.0285,0.0281,80415.41,79627.82,0.39409999999999995,0.26776,2e-05,126.67916,51.6,2.2
2026-09-04T18:54:02Z,2026-11-27,84,92000.0,P,0.1695,0.1735,0.1721,80415.37,79627.82,0.39409999999999995,-0.73224,2e-05,126.67889,2.1,0.0
2026-09-04T18:54:02Z,2026-11-27,84,93000.0,C,0.025,0.026,0.0256,80415.41,79627.82,0.39409999999999995,0.24925,2e-05,122.06188,28.2,5.0
2026-09-04T18:54:02Z,2026-11-27,84,93000.0,P,0.1795,0.184,0.1821,80415.37,79627.82,0.39409999999999995,-0.75076,2e-05,122.0616,2.0,2.0
2026-09-04T18:54:02Z,2026-11-27,84,94000.0,C,0.023,0.024,0.0236,80415.41,79627.82,0.3962,0.23308,2e-05,117.69117,48.3,0.4
2026-09-04T18:54:02Z,2026-11-27,84,94000.0,P,0.19,0.1945,0.1925,80415.41,79627.82,0.3962,-0.76692,2e-05,117.69117,0.0,0.0
2026-09-04T18:54:02Z,2026-11-27,84,95000.0,C,0.0215,0.0225,0.0217,80415.41,79627.82,0.3979,0.2176,2e-05,113.20031,31.7,37.0
2026-09-04T18:54:02Z,2026-11-27,84,95000.0,P,0.2005,0.205,0.203,80415.37,79627.82,0.3979,-0.7824,2e-05,113.20002,0.0,0.0
2026-09-04T18:54:02Z,2026-11-27,84,96000.0,C,0.0195,0.0205,0.0201,80415.37,79627.82,0.4006,0.20373,2e-05,108.90662,34.0,11.2
2026-09-04T18:54:02Z,2026-11-27,84,96000.0,P,0.211,0.216,0.2139,80415.37,79627.82,0.4006,-0.79627,2e-05,108.90662,0.0,0.0
2026-09-04T18:54:02Z,2026-11-27,84,98000.0,C,0.0165,0.0175,0.017,80415.41,79627.82,0.4047,0.17762,2e-05,100.11042,50.8,0.4
2026-09-04T18:54:02Z,2026-11-27,84,98000.0,P,0.233,0.238,0.2357,80415.37,79627.82,0.4047,-0.82238,2e-05,100.11014,0.0,0.0
2026-09-04T18:54:02Z,2026-11-27,84,100000.0,C,0.014,0.015,0.0145,80415.41,79627.82,0.4092,0.15493,2e-05,91.64904,69.3,8.8
2026-09-04T18:54:02Z,2026-11-27,84,100000.0,P,0.2555,0.2605,0.2581,80415.37,79627.82,0.4092,-0.84507,2e-05,91.64876,0.0,0.0
2026-09-04T18:54:02Z,2026-11-27,84,102000.0,C,0.012,0.013,0.0125,80415.41,79627.82,0.4147,0.13584,1e-05,83.88653,91.8,5.4
2026-09-04T18:54:02Z,2026-11-27,84,102000.0,P,0.278,0.2835,0.2809,80415.41,79627.82,0.4147,-0.86416,1e-05,83.88653,0.0,0.0
2026-09-04T18:54:02Z,2026-11-27,84,104000.0,C,0.01,0.011,0.0105,80415.41,79627.82,0.4171,0.11723,1e-05,75.70048,6.6,0.7
2026-09-04T18:54:02Z,2026-11-27,84,104000.0,P,0.301,0.3065,0.3038,80415.75,79627.82,0.4171,-0.88277,1e-05,75.70239,0.0,0.0
2026-09-04T18:54:02Z,2026-11-27,84,105000.0,C,0.0095,0.0105,0.01,80415.37,79627.82,0.42229999999999995,0.11135,1e-05,72.97607,7.5,0.1
2026-09-04T18:54:02Z,2026-11-27,84,105000.0,P,0.313,0.3185,0.3157,80415.37,79627.82,0.42229999999999995,-0.88865,1e-05,72.97607,0.0,0.0
2026-09-04T18:54:02Z,2026-11-27,84,106000.0,C,0.009,0.01,0.0093,80415.75,79627.82,0.42460000000000003,0.10415,1e-05,69.54528,15.3,0.9
2026-09-04T18:54:02Z,2026-11-27,84,106000.0,P,0.3245,0.33,0.3275,80415.75,79627.82,0.42460000000000003,-0.89585,1e-05,69.54528,0.0,0.0
2026-09-04T18:54:02Z,2026-11-27,84,108000.0,C,0.0075,0.0085,0.008,80415.37,79627.82,0.4292,0.09115,1e-05,63.06558,11.9,0.0
2026-09-04T18:54:02Z,2026-11-27,84,108000.0,P,0.348,0.354,0.351,80415.75,79627.82,0.4292,-0.90885,1e-05,63.06782,0.0,0.0
2026-09-04T18:54:02Z,2026-11-27,84,110000.0,C,0.0065,0.0075,0.007,80415.75,79627.82,0.4349,0.08053,1e-05,57.48149,67.7,60.2
2026-09-04T18:54:02Z,2026-11-27,84,110000.0,P,0.372,0.378,0.3749,80415.37,79627.82,0.4349,-0.91948,1e-05,57.47939,0.0,0.0
2026-09-04T18:54:02Z,2026-11-27,84,115000.0,C,0.005,0.0055,0.0053,80415.37,79627.82,0.45189999999999997,0.06099,1e-05,46.41964,26.1,0.1
2026-09-04T18:54:02Z,2026-11-27,84,115000.0,P,0.432,0.438,0.4353,80415.75,79627.82,0.45189999999999997,-0.93901,1e-05,46.42143,0.0,0.0
2026-09-04T18:54:02Z,2026-11-27,84,120000.0,C,0.0036,0.0039,0.0038,80415.37,79627.82,0.4636,0.04516,1e-05,36.57327,79.3,14.7
2026-09-04T18:54:02Z,2026-11-27,84,120000.0,P,0.493,0.4995,0.4961,80415.75,79627.82,0.4636,-0.95484,1e-05,36.57477,0.0,0.0
2026-09-04T18:54:02Z,2026-12-25,112,20000.0,C,0.752,0.7535,0.7527,80737.57,79627.82,0.9738,0.99789,0.0,2.96866,4.2,0.0
2026-09-04T18:54:02Z,2026-12-25,112,20000.0,P,0.0003,0.0005,0.0004,80737.14,79627.82,0.9738,-0.00211,0.0,2.96873,640.4,21.0
2026-09-04T18:54:02Z,2026-12-25,112,30000.0,C,0.628,0.63,0.6293,80737.57,79627.82,0.7705,0.99441,0.0,7.1237,300.6,0.0
2026-09-04T18:54:02Z,2026-12-25,112,30000.0,P,0.0007,0.0011,0.0009,80737.14,79627.82,0.7705,-0.00559,0.0,7.12389,2122.5,0.0
2026-09-04T18:54:02Z,2026-12-25,112,35000.0,C,0.567,0.569,0.5679,80737.57,79627.82,0.7005,0.99067,0.0,11.19821,87.8,0.0
2026-09-04T18:54:02Z,2026-12-25,112,35000.0,P,0.0011,0.0017,0.0014,80737.57,79627.82,0.7005,-0.00933,0.0,11.19821,2387.5,0.7
2026-09-04T18:54:02Z,2026-12-25,112,40000.0,C,0.505,0.5075,0.5067,80737.57,79627.82,0.6364,0.98508,0.0,16.82971,250.9,0.0
2026-09-04T18:54:02Z,2026-12-25,112,40000.0,P,0.002,0.0022,0.0021,80737.57,79627.82,0.6364,-0.01492,0.0,16.82971,4513.0,2.6
2026-09-04T18:54:02Z,2026-12-25,112,45000.0,C,0.444,0.447,0.4457,80737.57,79627.82,0.5765,0.9769,0.0,24.40679,54.3,0.0
2026-09-04T18:54:02Z,2026-12-25,112,45000.0,P,0.0029,0.0032,0.0031,80737.57,79627.82,0.5765,-0.0231,0.0,24.40679,2844.7,2.3
2026-09-04T18:54:02Z,2026-12-25,112,50000.0,C,0.3835,0.3865,0.3853,80737.57,79627.82,0.5244,0.9639,0.0,35.37045,260.7,0.0
2026-09-04T18:54:02Z,2026-12-25,112,50000.0,P,0.0044,0.0049,0.0046,80737.57,79627.82,0.5244,-0.0361,0.0,35.37045,2160.8,1.0
2026-09-04T18:54:02Z,2026-12-25,112,52000.0,C,0.3595,0.363,0.3614,80737.87,79627.82,0.505,0.95688,0.0,40.87803,0.1,0.0
2026-09-04T18:54:02Z,2026-12-25,112,52000.0,P,0.005,0.006,0.0055,80737.87,79627.82,0.505,-0.04312,0.0,40.87803,542.5,0.0
2026-09-04T18:54:02Z,2026-12-25,112,54000.0,C,0.336,0.3395,0.3377,80737.5,79627.82,0.48719999999999997,0.94826,0.0,47.30645,33.1,0.0
2026-09-04T18:54:02Z,2026-12-25,112,54000.0,P,0.006,0.007,0.0065,80737.5,79627.82,0.48719999999999997,-0.05174,0.0,47.30645,1855.4,1.8
2026-09-04T18:54:02Z,2026-12-25,112,55000.0,C,0.3245,0.3275,0.3262,80737.87,79627.82,0.4843,0.94153,1e-05,52.10138,44.9,0.0
2026-09-04T18:54:02Z,2026-12-25,112,55000.0,P,0.007,0.008,0.0075,80737.87,79627.82,0.4843,-0.05847,1e-05,52.10138,2657.5,0.2
2026-09-04T18:54:02Z,2026-12-25,112,56000.0,C,0.3125,0.316,0.3144,80737.87,79627.82,0.4732,0.9369,1e-05,55.2987,41.5,0.0
2026-09-04T18:54:02Z,2026-12-25,112,56000.0,P,0.0075,0.0085,0.008,80734.16,79627.82,0.4732,-0.06312,1e-05,55.31085,507.4,3.2
2026-09-04T18:54:02Z,2026-12-25,112,58000.0,C,0.2895,0.293,0.2915,80737.87,79627.82,0.4621,0.92255,1e-05,64.74834,40.3,0.0
2026-09-04T18:54:02Z,2026-12-25,112,58000.0,P,0.0095,0.0105,0.0099,80737.87,79627.82,0.4621,-0.07745,1e-05,64.74834,1835.3,28.0
2026-09-04T18:54:02Z,2026-12-25,112,60000.0,C,0.267,0.2705,0.2688,80737.87,79627.82,0.4481,0.90696,1e-05,74.28864,787.4,0.0
2026-09-04T18:54:02Z,2026-12-25,112,60000.0,P,0.0115,0.0125,0.012,80737.87,79627.82,0.4481,-0.09304,1e-05,74.28864,6254.0,75.0
2026-09-04T18:54:02Z,2026-12-25,112,62000.0,C,0.245,0.2485,0.2465,80737.87,79627.82,0.4351,0.88843,1e-05,84.78268,247.1,0.0
2026-09-04T18:54:02Z,2026-12-25,112,62000.0,P,0.014,0.015,0.0145,80737.87,79627.82,0.4351,-0.11157,1e-05,84.78268,1540.0,1.1
2026-09-04T18:54:02Z,2026-12-25,112,64000.0,C,0.2235,0.227,0.2252,80737.87,79627.82,0.4268,0.8649,1e-05,96.95367,405.0,0.3
2026-09-04T18:54:02Z,2026-12-25,112,64000.0,P,0.0175,0.0185,0.0179,80737.87,79627.82,0.4268,-0.1351,1e-05,96.95367,361.2,15.7
2026-09-04T18:54:02Z,2026-12-25,112,65000.0,C,0.213,0.2165,0.2147,80737.87,79627.82,0.4218,0.85234,1e-05,102.97789,920.8,23.8
2026-09-04T18:54:02Z,2026-12-25,112,65000.0,P,0.019,0.0205,0.0198,80737.87,79627.82,0.4218,-0.14766,1e-05,102.97729,809.9,28.9
2026-09-04T18:54:02Z,2026-12-25,112,66000.0,C,0.203,0.206,0.2045,80737.87,79627.82,0.41759999999999997,0.83853,1e-05,109.24684,280.4,50.0
2026-09-04T18:54:02Z,2026-12-25,112,66000.0,P,0.0215,0.0225,0.0219,80737.87,79627.82,0.41759999999999997,-0.16147,1e-05,109.24684,423.0,102.9
2026-09-04T18:54:02Z,2026-12-25,112,68000.0,C,0.183,0.1865,0.1846,80737.87,79627.82,0.4103,0.80798,1e-05,121.90796,1033.6,0.0
2026-09-04T18:54:02Z,2026-12-25,112,68000.0,P,0.0265,0.0275,0.0269,80737.04,79627.82,0.4103,-0.19203,1e-05,121.9111,553.1,24.4
2026-09-04T18:54:02Z,2026-12-25,112,70000.0,C,0.164,0.1675,0.1658,80737.04,79627.82,0.40380000000000005,0.77364,2e-05,134.31482,1922.4,11.0
2026-09-04T18:54:02Z,2026-12-25,112,70000.0,P,0.032,0.0335,0.0328,80737.04,79627.82,0.40380000000000005,-0.22636,2e-05,134.31482,1501.2,6.3
2026-09-04T18:54:02Z,2026-12-25,112,72000.0,C,0.1465,0.1495,0.148,80737.04,79627.82,0.3986,0.73562,2e-05,146.01715,1273.4,0.1
2026-09-04T18:54:02Z,2026-12-25,112,72000.0,P,0.039,0.0405,0.0398,80737.87,79627.82,0.3986,-0.26437,2e-05,146.01436,780.5,238.1
2026-09-04T18:54:02Z,2026-12-25,112,74000.0,C,0.13,0.1325,0.1314,80737.87,79627.82,0.39409999999999995,0.69459,2e-05,156.43231,138.9,0.0
2026-09-04T18:54:02Z,2026-12-25,112,74000.0,P,0.0475,0.0485,0.0479,80737.87,79627.82,0.39409999999999995,-0.30541,2e-05,156.43231,162.0,2.3
2026-09-04T18:54:02Z,2026-12-25,112,75000.0,C,0.1225,0.125,0.1236,80737.87,79627.82,0.3925,0.673,2e-05,161.04298,1881.8,2.1
2026-09-04T18:54:02Z,2026-12-25,112,75000.0,P,0.052,0.053,0.0525,80737.04,79627.82,0.3925,-0.32702,2e-05,161.04474,1209.8,3.6
2026-09-04T18:54:02Z,2026-12-25,112,76000.0,C,0.115,0.1175,0.1161,80737.04,79627.82,0.3912,0.65089,2e-05,165.16463,410.0,10.0
2026-09-04T18:54:02Z,2026-12-25,112,76000.0,P,0.057,0.058,0.0575,80737.04,79627.82,0.3912,-0.34911,2e-05,165.16463,388.1,6.6
2026-09-04T18:54:02Z,2026-12-25,112,78000.0,C,0.1015,0.103,0.1022,80737.04,79627.82,0.3892,0.6056,2e-05,171.78291,1046.4,11.2
2026-09-04T18:54:02Z,2026-12-25,112,78000.0,P,0.068,0.069,0.0683,80737.87,79627.82,0.3892,-0.39438,2e-05,171.78248,1405.4,213.4
2026-09-04T18:54:02Z,2026-12-25,112,80000.0,C,0.0895,0.0905,0.0897,80737.04,79627.82,0.3884,0.55964,2e-05,176.06448,8773.7,82.2
2026-09-04T18:54:02Z,2026-12-25,112,80000.0,P,0.08,0.081,0.0806,80737.04,79627.82,0.3884,-0.44036,2e-05,176.06448,1263.9,28.5
2026-09-04T18:54:02Z,2026-12-25,112,82000.0,C,0.078,0.079,0.0784,80737.04,79627.82,0.38770000000000004,0.51386,2e-05,177.95058,1253.5,42.1
2026-09-04T18:54:02Z,2026-12-25,112,82000.0,P,0.0935,0.0945,0.0941,80737.87,79627.82,0.38770000000000004,-0.48612,2e-05,177.95211,254.7,52.1
2026-09-04T18:54:02Z,2026-12-25,112,84000.0,C,0.0675,0.069,0.0684,80737.04,79627.82,0.38789999999999997,0.4691,2e-05,177.52366,1345.6,63.9
2026-09-04T18:54:02Z,2026-12-25,112,84000.0,P,0.108,0.1095,0.1088,80737.04,79627.82,0.38789999999999997,-0.5309,2e-05,177.52366,86.9,27.3
2026-09-04T18:54:02Z,2026-12-25,112,85000.0,C,0.063,0.0645,0.0638,80737.87,79627.82,0.3881,0.44731,2e-05,176.50465,2213.7,5.5
2026-09-04T18:54:02Z,2026-12-25,112,85000.0,P,0.116,0.117,0.1166,80734.16,79627.82,0.3881,-0.55278,2e-05,176.49151,584.0,9.0
2026-09-04T18:54:02Z,2026-12-25,112,86000.0,C,0.059,0.06,0.0596,80734.16,79627.82,0.38880000000000003,0.42603,2e-05,174.98239,324.3,3.0
2026-09-04T18:54:02Z,2026-12-25,112,86000.0,P,0.124,0.125,0.1247,80734.16,79627.82,0.38880000000000003,-0.57397,2e-05,174.98239,57.9,13.4
2026-09-04T18:54:02Z,2026-12-25,112,88000.0,C,0.051,0.052,0.0516,80734.16,79627.82,0.3895,0.38491,2e-05,170.58993,3433.5,196.8
2026-09-04T18:54:02Z,2026-12-25,112,88000.0,P,0.1405,0.143,0.1416,80734.16,79627.82,0.3895,-0.61509,2e-05,170.58993,7.5,10.2
2026-09-04T18:54:02Z,2026-12-25,112,90000.0,C,0.0445,0.0455,0.0449,80734.16,79627.82,0.39130000000000004,0.34675,2e-05,164.74675,3696.5,159.5
2026-09-04T18:54:02Z,2026-12-25,112,90000.0,P,0.158,0.161,0.1596,80734.16,79627.82,0.39130000000000004,-0.65325,2e-05,164.74675,654.7,2.1
2026-09-04T18:54:02Z,2026-12-25,112,92000.0,C,0.0385,0.0395,0.0391,80734.16,79627.82,0.3936,0.31154,2e-05,157.79471,376.7,25.0
2026-09-04T18:54:02Z,2026-12-25,112,92000.0,P,0.177,0.18,0.1785,80734.16,79627.82,0.3936,-0.68846,2e-05,157.79471,6.6,0.0
2026-09-04T18:54:02Z,2026-12-25,112,94000.0,C,0.0335,0.0345,0.034,80734.16,79627.82,0.3961,0.27916,2e-05,150.01963,393.5,0.2
2026-09-04T18:54:02Z,2026-12-25,112,94000.0,P,0.196,0.2005,0.1982,80734.16,79627.82,0.3961,-0.72084,2e-05,150.01963,5.3,0.0
2026-09-04T18:54:02Z,2026-12-25,112,95000.0,C,0.031,0.032,0.0316,80734.16,79627.82,0.3969,0.26375,2e-05,145.83424,1480.9,5.4
2026-09-04T18:54:02Z,2026-12-25,112,95000.0,P,0.206,0.2105,0.2082,80734.16,79627.82,0.3969,-0.73625,2e-05,145.83424,110.4,0.4
2026-09-04T18:54:02Z,2026-12-25,112,96000.0,C,0.029,0.03,0.0296,80734.16,79627.82,0.39890000000000003,0.24982,2e-05,141.77403,1493.8,16.0
2026-09-04T18:54:02Z,2026-12-25,112,96000.0,P,0.216,0.221,0.2186,80737.04,79627.82,0.39890000000000003,-0.75012,2e-05,141.79457,23.9,0.0
2026-09-04T18:54:02Z,2026-12-25,112,98000.0,C,0.0255,0.026,0.0256,80737.04,79627.82,0.40090000000000003,0.2226,2e-05,133.04617,342.1,12.2
2026-09-04T18:54:02Z,2026-12-25,112,98000.0,P,0.237,0.242,0.2394,80734.16,79627.82,0.40090000000000003,-0.77744,2e-05,133.02507,1.2,0.0
2026-09-04T18:54:02Z,2026-12-25,112,100000.0,C,0.022,0.023,0.0226,80737.04,79627.82,0.40549999999999997,0.19974,2e-05,124.85655,6018.3,103.9
2026-09-04T18:54:02Z,2026-12-25,112,100000.0,P,0.2585,0.264,0.2611,80734.16,79627.82,0.40549999999999997,-0.8003,2e-05,124.83535,303.3,0.0
2026-09-04T18:54:02Z,2026-12-25,112,102000.0,C,0.0195,0.02,0.0196,80734.16,79627.82,0.4077,0.17756,1e-05,116.11105,384.4,0.2
2026-09-04T18:54:02Z,2026-12-25,112,102000.0,P,0.2805,0.286,0.283,80731.33,79627.82,0.4077,-0.82248,1e-05,116.09003,7.8,0.0
2026-09-04T18:54:02Z,2026-12-25,112,104000.0,C,0.017,0.018,0.0173,80732.89,79627.82,0.41240000000000004,0.15944,1e-05,108.33991,90.7,1.0
2026-09-04T18:54:02Z,2026-12-25,112,104000.0,P,0.3025,0.3085,0.3054,80732.89,79627.82,0.41240000000000004,-0.84056,1e-05,108.33991,0.1,0.0
2026-09-04T18:54:02Z,2026-12-25,112,105000.0,C,0.0155,0.0165,0.0161,80732.89,79627.82,0.41340000000000005,0.15015,1e-05,104.12667,914.2,12.2
2026-09-04T18:54:02Z,2026-12-25,112,105000.0,P,0.314,0.32,0.3166,80732.89,79627.82,0.41340000000000005,-0.84985,1e-05,104.12667,109.4,0.0
2026-09-04T18:54:02Z,2026-12-25,112,106000.0,C,0.0145,0.016,0.0151,80733.83,79627.82,0.41490000000000005,0.14179,1e-05,100.19915,720.4,26.1
2026-09-04T18:54:02Z,2026-12-25,112,106000.0,P,0.3255,0.331,0.328,80733.83,79627.82,0.41490000000000005,-0.85821,1e-05,100.19915,0.2,0.0
2026-09-04T18:54:02Z,2026-12-25,112,108000.0,C,0.013,0.014,0.0135,80732.89,79627.82,0.4208,0.1283,1e-05,93.5558,152.1,6.2
2026-09-04T18:54:02Z,2026-12-25,112,108000.0,P,0.3485,0.3545,0.3512,80733.83,79627.82,0.4208,-0.87169,1e-05,93.5622,0.1,0.0
2026-09-04T18:54:02Z,2026-12-25,112,110000.0,C,0.0115,0.0125,0.012,80732.89,79627.82,0.4253,0.11542,1e-05,86.85106,2753.1,9.1
2026-09-04T18:54:02Z,2026-12-25,112,110000.0,P,0.3715,0.3775,0.3745,80732.89,79627.82,0.4253,-0.88458,1e-05,86.85106,55.6,0.1
2026-09-04T18:54:02Z,2026-12-25,112,115000.0,C,0.0085,0.0095,0.009,80732.89,79627.82,0.4359,0.08889,1e-05,71.8121,2332.2,0.4
2026-09-04T18:54:02Z,2026-12-25,112,115000.0,P,0.4305,0.4365,0.4334,80732.89,79627.82,0.4359,-0.91111,1e-05,71.8121,5.0,0.0
2026-09-04T18:54:02Z,2026-12-25,112,120000.0,C,0.0065,0.0075,0.007,80732.89,79627.82,0.4485,0.07014,1e-05,60.01937,5826.4,8.5
2026-09-04T18:54:02Z,2026-12-25,112,120000.0,P,0.49,0.4965,0.4933,80732.89,79627.82,0.4485,-0.92986,1e-05,60.01937,35.7,0.0
2026-09-04T18:54:02Z,2026-12-25,112,125000.0,C,0.005,0.006,0.0055,80732.89,79627.82,0.46020000000000005,0.05578,1e-05,50.20203,559.4,0.5
2026-09-04T18:54:02Z,2026-12-25,112,125000.0,P,0.5505,0.557,0.5537,80732.89,79627.82,0.46020000000000005,-0.94422,1e-05,50.20203,9.1,0.0
2026-09-04T18:54:02Z,2026-12-25,112,130000.0,C,0.0043,0.0047,0.0045,80732.89,79627.82,0.474,0.04582,0.0,42.92121,1563.2,7.1
2026-09-04T18:54:02Z,2026-12-25,112,130000.0,P,0.611,0.618,0.6147,80732.89,79627.82,0.474,-0.95418,0.0,42.92121,54.0,0.0
2026-09-04T18:54:02Z,2026-12-25,112,135000.0,C,0.0034,0.0039,0.0037,80732.89,79627.82,0.4854,0.03739,0.0,36.40137,1372.4,12.2
2026-09-04T18:54:02Z,2026-12-25,112,135000.0,P,0.672,0.6795,0.6758,80732.89,79627.82,0.4854,-0.96261,0.0,36.40137,0.7,0.0
2026-09-04T18:54:02Z,2026-12-25,112,140000.0,C,0.0029,0.0033,0.0031,80732.61,79627.82,0.4991,0.03165,0.0,31.74457,1434.2,8.3
2026-09-04T18:54:02Z,2026-12-25,112,140000.0,P,0.733,0.741,0.7372,80731.79,79627.82,0.4991,-0.96835,0.0,31.74208,0.4,0.0
2026-09-04T18:54:02Z,2026-12-25,112,150000.0,C,0.002,0.0025,0.0022,80731.79,79627.82,0.5228,0.02281,0.0,24.15344,1692.2,5.1
2026-09-04T18:54:02Z,2026-12-25,112,150000.0,P,0.856,0.864,0.8602,80731.79,79627.82,0.5228,-0.97719,0.0,24.15344,4.4,0.0
2026-09-04T18:54:02Z,2026-12-25,112,160000.0,C,0.0015,0.0019,0.0017,80731.79,79627.82,0.5457,0.01714,0.0,18.95264,1291.9,5.0
2026-09-04T18:54:02Z,2026-12-25,112,160000.0,P,0.979,0.988,0.9835,80731.79,79627.82,0.5457,-0.98286,0.0,18.95264,0.1,0.0
2026-09-04T18:54:02Z,2026-12-25,112,170000.0,C,0.0011,0.0015,0.0013,80732.61,79627.82,0.5657,0.01305,0.0,14.986,2394.2,0.1
2026-09-04T18:54:02Z,2026-12-25,112,170000.0,P,1.096,1.122,1.107,80731.79,79627.82,0.5657,-0.98695,0.0,14.98477,0.1,0.0
2026-09-04T18:54:02Z,2026-12-25,112,180000.0,C,0.0009,0.0013,0.0011,80731.79,79627.82,0.5892000000000001,0.01076,0.0,12.67432,934.5,0.0
2026-09-04T18:54:02Z,2026-12-25,112,180000.0,P,1.2205,1.243,1.2306,80732.61,79627.82,0.5892000000000001,-0.98924,0.0,12.67536,0.1,0.0
2026-09-04T18:54:02Z,2026-12-25,112,190000.0,C,0.0006,0.001,0.0008,80731.79,79627.82,0.6013000000000001,0.008,0.0,9.78493,1026.7,0.0
2026-09-04T18:54:02Z,2026-12-25,112,190000.0,P,1.3455,1.3715,1.3542,80731.79,79627.82,0.6013000000000001,-0.992,0.0,9.78493,0.0,0.0
2026-09-04T18:54:02Z,2026-12-25,112,200000.0,C,0.0006,0.0009,0.0007,80732.61,79627.82,0.6211,0.00675,0.0,8.42338,969.4,0.2
2026-09-04T18:54:02Z,2026-12-25,112,200000.0,P,1.465,1.4915,1.4779,80732.61,79627.82,0.6211,-0.99325,0.0,8.42338,0.0,0.0
2026-09-04T18:54:02Z,2026-12-25,112,210000.0,C,0.0003,0.0007,0.0005,80731.79,79627.82,0.6232,0.00462,0.0,6.01928,162.3,0.0
2026-09-04T18:54:02Z,2026-12-25,112,210000.0,P,1.5915,1.6205,1.6016,80732.61,79627.82,0.6232,-0.99538,0.0,6.0198,0.0,0.0
2026-09-04T18:54:02Z,2026-12-25,112,220000.0,C,0.0002,0.0006,0.0004,80732.61,79627.82,0.6353,0.00369,0.0,4.92159,254.0,0.0
2026-09-04T18:54:02Z,2026-12-25,112,220000.0,P,1.713,1.74,1.7254,80731.79,79627.82,0.6353,-0.99631,0.0,4.92116,0.0,0.0
2026-09-04T18:54:02Z,2026-12-25,112,230000.0,C,0.0002,0.0006,0.0004,80731.79,79627.82,0.6591,0.00356,0.0,4.7622,190.5,0.0
2026-09-04T18:54:02Z,2026-12-25,112,230000.0,P,1.837,1.864,1.8493,80731.33,79627.82,0.6591,-0.99644,0.0,4.76195,0.0,0.0
2026-09-04T18:54:02Z,2026-12-25,112,240000.0,C,0.0002,0.0005,0.0003,80731.33,79627.82,0.6758,0.00317,0.0,4.29058,785.2,0.0
2026-09-04T18:54:02Z,2026-12-25,112,240000.0,P,1.9595,1.989,1.9731,80731.33,79627.82,0.6758,-0.99683,0.0,4.29058,0.0,0.0
2026-09-04T18:54:02Z,2026-12-25,112,250000.0,C,0.0001,0.0005,0.0002,80731.33,79627.82,0.6795,0.00239,0.0,3.32612,1280.3,0.0
2026-09-04T18:54:02Z,2026-12-25,112,250000.0,P,2.084,2.1135,2.0969,80731.33,79627.82,0.6795,-0.99761,0.0,3.32612,10.0,0.0
2026-09-04T18:54:02Z,2027-03-26,203,35000.0,C,0.5735,0.5755,0.5742,81607.76,79627.82,0.5941,0.98359,0.0,24.86613,19.9,1.2
2026-09-04T18:54:02Z,2027-03-26,203,35000.0,P,0.0028,0.0033,0.003,81607.38,79627.82,0.5941,-0.01641,0.0,24.86657,623.5,2.0
2026-09-04T18:54:02Z,2027-03-26,203,40000.0,C,0.5135,0.516,0.5145,81607.38,79627.82,0.5492,0.97426,0.0,36.40866,82.1,0.3
2026-09-04T18:54:02Z,2027-03-26,203,40000.0,P,0.0045,0.0048,0.0046,81607.38,79627.82,0.5492,-0.02574,0.0,36.40866,1877.8,15.3
2026-09-04T18:54:02Z,2027-03-26,203,45000.0,C,0.4545,0.4575,0.4561,81607.38,79627.82,0.5175,0.9588,0.0,53.65834,3.3,0.0
2026-09-04T18:54:02Z,2027-03-26,203,45000.0,P,0.007,0.008,0.0075,81607.38,79627.82,0.5175,-0.0412,0.0,53.65834,259.3,6.2
2026-09-04T18:54:02Z,2027-03-26,203,50000.0,C,0.397,0.4005,0.3986,81607.38,79627.82,0.48450000000000004,0.93796,0.0,74.33713,21.6,0.0
2026-09-04T18:54:02Z,2027-03-26,203,50000.0,P,0.0105,0.012,0.0112,81607.38,79627.82,0.48450000000000004,-0.06204,0.0,74.33713,2458.5,0.3
2026-09-04T18:54:02Z,2027-03-26,203,52000.0,C,0.3745,0.378,0.3761,81607.38,79627.82,0.4731,0.92715,0.0,84.15831,5.3,0.0
2026-09-04T18:54:02Z,2027-03-26,203,52000.0,P,0.0125,0.014,0.0133,81607.38,79627.82,0.4731,-0.07285,0.0,84.15831,123.8,0.0
2026-09-04T18:54:02Z,2027-03-26,203,54000.0,C,0.352,0.356,0.354,81607.76,79627.82,0.46340000000000003,0.91448,1e-05,95.0336,0.1,0.0
2026-09-04T18:54:02Z,2027-03-26,203,54000.0,P,0.015,0.0165,0.0157,81607.38,79627.82,0.46340000000000003,-0.08553,1e-05,95.03491,84.0,0.0
2026-09-04T18:54:02Z,2027-03-26,203,55000.0,C,0.3415,0.345,0.3433,81607.07,79627.82,0.4597,0.90716,1e-05,101.02178,28.6,0.1
2026-09-04T18:54:02Z,2027-03-26,203,55000.0,P,0.0165,0.018,0.0172,81608.02,79627.82,0.4597,-0.09284,1e-05,101.01869,1258.1,0.0
2026-09-04T18:54:02Z,2027-03-26,203,56000.0,C,0.3305,0.3345,0.3325,81607.07,79627.82,0.45530000000000004,0.89971,1e-05,106.91597,16.9,0.0
2026-09-04T18:54:02Z,2027-03-26,203,56000.0,P,0.018,0.0195,0.0187,81607.07,79627.82,0.45530000000000004,-0.10029,1e-05,106.91597,122.9,2.2
2026-09-04T18:54:02Z,2027-03-26,203,58000.0,C,0.309,0.3135,0.3115,81607.07,79627.82,0.44789999999999996,0.88303,1e-05,119.42573,4.3,0.0
2026-09-04T18:54:02Z,2027-03-26,203,58000.0,P,0.0215,0.023,0.0222,81607.07,79627.82,0.44789999999999996,-0.11697,1e-05,119.42573,137.1,2.1
2026-09-04T18:54:02Z,2027-03-26,203,60000.0,C,0.2885,0.293,0.2908,81607.07,79627.82,0.4397,0.86494,1e-05,132.02795,649.0,0.0
2026-09-04T18:54:02Z,2027-03-26,203,60000.0,P,0.025,0.027,0.026,81607.07,79627.82,0.4397,-0.13506,1e-05,132.02795,802.2,0.1
2026-09-04T18:54:02Z,2027-03-26,203,62000.0,C,0.2685,0.273,0.2709,81607.07,79627.82,0.43320000000000003,0.84442,1e-05,145.21785,59.7,1.0
2026-09-04T18:54:02Z,2027-03-26,203,62000.0,P,0.0295,0.0315,0.0306,81607.07,79627.82,0.43320000000000003,-0.15558,1e-05,145.21785,260.1,0.0
2026-09-04T18:54:02Z,2027-03-26,203,64000.0,C,0.2495,0.2535,0.2515,81607.07,79627.82,0.4266,0.82217,1e-05,158.30612,137.8,0.0
2026-09-04T18:54:02Z,2027-03-26,203,64000.0,P,0.035,0.0365,0.0357,81607.07,79627.82,0.4266,-0.17783,1e-05,158.30612,126.0,0.0
2026-09-04T18:54:02Z,2027-03-26,203,65000.0,C,0.24,0.244,0.2422,81607.07,79627.82,0.4243,0.81,1e-05,164.96734,366.9,0.0
2026-09-04T18:54:02Z,2027-03-26,203,65000.0,P,0.038,0.0395,0.0387,81607.07,79627.82,0.4243,-0.19,1e-05,164.96734,879.5,0.0
2026-09-04T18:54:02Z,2027-03-26,203,66000.0,C,0.231,0.235,0.2331,81607.07,79627.82,0.42200000000000004,0.79741,1e-05,171.51305,23.8,0.0
2026-09-04T18:54:02Z,2027-03-26,203,66000.0,P,0.041,0.0425,0.0418,81607.07,79627.82,0.42200000000000004,-0.20259,1e-05,171.51305,110.2,6.0
2026-09-04T18:54:02Z,2027-03-26,203,68000.0,C,0.213,0.217,0.2152,81607.07,79627.82,0.4168,0.77117,1e-05,184.06471,196.5,0.0
2026-09-04T18:54:02Z,2027-03-26,203,68000.0,P,0.0475,0.0495,0.0485,81607.07,79627.82,0.4168,-0.22883,1e-05,184.06471,290.8,0.0
2026-09-04T18:54:02Z,2027-03-26,203,70000.0,C,0.196,0.2,0.1985,81607.07,79627.82,0.41340000000000005,0.74285,1e-05,196.06214,797.8,0.0
2026-09-04T18:54:02Z,2027-03-26,203,70000.0,P,0.055,0.057,0.0562,81606.96,79627.82,0.41340000000000005,-0.25715,1e-05,196.06223,772.8,0.6
2026-09-04T18:54:02Z,2027-03-26,203,72000.0,C,0.1805,0.184,0.1825,81606.91,79627.82,0.41,0.7132,1e-05,207.00392,95.2,0.0
2026-09-04T18:54:02Z,2027-03-26,203,72000.0,P,0.064,0.0655,0.0648,81606.96,79627.82,0.41,-0.28679,1e-05,207.00381,159.0,0.3
2026-09-04T18:54:02Z,2027-03-26,203,74000.0,C,0.166,0.169,0.1674,81606.91,79627.82,0.4071,0.68236,1e-05,216.72075,76.8,0.0
2026-09-04T18:54:02Z,2027-03-26,203,74000.0,P,0.073,0.075,0.0742,81606.91,79627.82,0.4071,-0.31764,1e-05,216.72075,197.2,4.2
2026-09-04T18:54:02Z,2027-03-26,203,76000.0,C,0.152,0.154,0.1532,81606.91,79627.82,0.4044,0.65059,2e-05,225.0329,530.4,0.1
2026-09-04T18:54:02Z,2027-03-26,203,76000.0,P,0.0835,0.085,0.0845,81606.91,79627.82,0.4044,-0.34941,2e-05,225.0329,219.6,13.0
2026-09-04T18:54:02Z,2027-03-26,203,78000.0,C,0.139,0.1415,0.1401,81606.91,79627.82,0.4031,0.61817,2e-05,231.80303,583.9,3.0
2026-09-04T18:54:02Z,2027-03-26,203,78000.0,P,0.095,0.0965,0.0959,81606.91,79627.82,0.4031,-0.38183,2e-05,231.80303,256.3,7.1
2026-09-04T18:54:02Z,2027-03-26,203,80000.0,C,0.127,0.129,0.1281,81606.91,79627.82,0.40259999999999996,0.58561,2e-05,236.91697,1062.6,1.1
2026-09-04T18:54:02Z,2027-03-26,203,80000.0,P,0.1075,0.1095,0.1084,81606.91,79627.82,0.40259999999999996,-0.41439,2e-05,236.91697,214.5,0.0
2026-09-04T18:54:02Z,2027-03-26,203,82000.0,C,0.116,0.118,0.1168,81606.91,79627.82,0.40159999999999996,0.55311,2e-05,240.36981,1162.7,27.9
2026-09-04T18:54:02Z,2027-03-26,203,82000.0,P,0.1205,0.123,0.1216,81606.91,79627.82,0.40159999999999996,-0.44689,2e-05,240.36981,6.9,0.8
2026-09-04T18:54:02Z,2027-03-26,203,84000.0,C,0.1055,0.1075,0.1066,81606.91,79627.82,0.4017,0.52115,2e-05,242.18117,263.2,0.0
2026-09-04T18:54:02Z,2027-03-26,203,84000.0,P,0.135,0.137,0.1359,81606.96,79627.82,0.4017,-0.47885,2e-05,242.18129,55.2,10.0
2026-09-04T18:54:02Z,2027-03-26,203,85000.0,C,0.1005,0.103,0.1018,81606.91,79627.82,0.4018,0.50541,2e-05,242.49988,345.7,0.0
2026-09-04T18:54:02Z,2027-03-26,203,85000.0,P,0.142,0.1445,0.1433,81606.91,79627.82,0.4018,-0.49459,2e-05,242.49988,3.9,2.0
2026-09-04T18:54:02Z,2027-03-26,203,86000.0,C,0.096,0.098,0.0971,81606.91,79627.82,0.4019,0.48985,2e-05,242.44369,141.6,0.5
2026-09-04T18:54:02Z,2027-03-26,203,86000.0,P,0.1495,0.152,0.151,81606.91,79627.82,0.4019,-0.51015,2e-05,242.44369,3.1,2.0
2026-09-04T18:54:02Z,2027-03-26,203,88000.0,C,0.0875,0.0895,0.0886,81606.91,79627.82,0.40259999999999996,0.45955,2e-05,241.27467,77.0,0.0
2026-09-04T18:54:02Z,2027-03-26,203,88000.0,P,0.1655,0.168,0.1669,81606.83,79627.82,0.40259999999999996,-0.54045,2e-05,241.27435,4.7,1.0
2026-09-04T18:54:02Z,2027-03-26,203,90000.0,C,0.0795,0.0815,0.0806,81608.02,79627.82,0.40299999999999997,0.43016,2e-05,238.79931,555.0,0.0
2026-09-04T18:54:02Z,2027-03-26,203,90000.0,P,0.1815,0.1855,0.1834,81606.83,79627.82,0.40299999999999997,-0.56986,2e-05,238.79378,14.1,0.0
2026-09-04T18:54:02Z,2027-03-26,203,92000.0,C,0.0725,0.0745,0.0733,81608.02,79627.82,0.4035,0.40189,2e-05,235.15467,261.2,10.2
2026-09-04T18:54:02Z,2027-03-26,203,92000.0,P,0.199,0.203,0.2006,81608.02,79627.82,0.4035,-0.59811,2e-05,235.15467,1.4,0.0
2026-09-04T18:54:02Z,2027-03-26,203,94000.0,C,0.0655,0.0675,0.0666,81608.02,79627.82,0.40399999999999997,0.37479,2e-05,230.4806,166.3,0.3
2026-09-04T18:54:02Z,2027-03-26,203,94000.0,P,0.2165,0.2205,0.2184,81608.02,79627.82,0.40399999999999997,-0.62521,2e-05,230.4806,9.7,0.6
2026-09-04T18:54:02Z,2027-03-26,203,95000.0,C,0.0625,0.0645,0.0636,81606.83,79627.82,0.4048,0.36195,2e-05,227.85327,545.1,0.0
2026-09-04T18:54:02Z,2027-03-26,203,95000.0,P,0.226,0.23,0.2277,81606.83,79627.82,0.4048,-0.63805,2e-05,227.85327,0.4,0.0
2026-09-04T18:54:02Z,2027-03-26,203,96000.0,C,0.0595,0.0615,0.0606,81608.02,79627.82,0.405,0.3492,2e-05,224.98544,141.6,0.0
2026-09-04T18:54:02Z,2027-03-26,203,96000.0,P,0.235,0.2395,0.2369,81608.02,79627.82,0.405,-0.6508,2e-05,224.98544,1.6,0.0
2026-09-04T18:54:02Z,2027-03-26,203,98000.0,C,0.054,0.056,0.0551,81608.02,79627.82,0.40619999999999995,0.32503,1e-05,218.80711,115.0,0.0
2026-09-04T18:54:02Z,2027-03-26,203,98000.0,P,0.254,0.2585,0.256,81608.02,79627.82,0.40619999999999995,-0.67497,1e-05,218.80711,0.2,0.0
2026-09-04T18:54:02Z,2027-03-26,203,100000.0,C,0.0495,0.0515,0.0504,81608.02,79627.82,0.4082,0.30284,1e-05,212.26711,669.0,0.2
2026-09-04T18:54:02Z,2027-03-26,203,100000.0,P,0.274,0.2785,0.2758,81606.83,79627.82,0.4082,-0.69718,1e-05,212.25876,12.3,0.0
2026-09-04T18:54:02Z,2027-03-26,203,102000.0,C,0.045,0.047,0.046,81608.02,79627.82,0.41,0.28178,1e-05,205.26763,127.5,0.0
2026-09-04T18:54:02Z,2027-03-26,203,102000.0,P,0.2935,0.299,0.2959,81607.91,79627.82,0.41,-0.71822,1e-05,205.26672,0.1,0.0
2026-09-04T18:54:02Z,2027-03-26,203,104000.0,C,0.041,0.043,0.042,81608.02,79627.82,0.4117,0.26199,1e-05,197.9613,115.2,0.0
2026-09-04T18:54:02Z,2027-03-26,203,104000.0,P,0.3135,0.3195,0.3164,81608.02,79627.82,0.4117,-0.73801,1e-05,197.9613,0.1,0.0
2026-09-04T18:54:02Z,2027-03-26,203,105000.0,C,0.039,0.041,0.0401,81608.02,79627.82,0.4121,0.25224,1e-05,194.09666,162.4,0.0
2026-09-04T18:54:02Z,2027-03-26,203,105000.0,P,0.324,0.33,0.3267,81608.02,79627.82,0.4121,-0.74776,1e-05,194.09666,0.5,0.0
2026-09-04T18:54:02Z,2027-03-26,203,106000.0,C,0.0375,0.039,0.0383,81607.75,79627.82,0.4131,0.24321,1e-05,190.35198,79.2,0.0
2026-09-04T18:54:02Z,2027-03-26,203,106000.0,P,0.3345,0.3405,0.3372,81607.75,79627.82,0.4131,-0.75679,1e-05,190.35198,0.1,0.0
2026-09-04T18:54:02Z,2027-03-26,203,108000.0,C,0.034,0.036,0.035,81608.02,79627.82,0.415,0.2261,1e-05,182.82554,68.6,0.2
2026-09-04T18:54:02Z,2027-03-26,203,108000.0,P,0.3555,0.362,0.3585,81607.75,79627.82,0.415,-0.77391,1e-05,182.82347,0.1,0.0
2026-09-04T18:54:02Z,2027-03-26,203,110000.0,C,0.031,0.033,0.032,81607.75,79627.82,0.4168,0.20999,1e-05,175.19779,1157.6,30.5
2026-09-04T18:54:02Z,2027-03-26,203,110000.0,P,0.377,0.3835,0.38,81607.75,79627.82,0.4168,-0.79001,1e-05,175.19779,4.1,0.0
2026-09-04T18:54:02Z,2027-03-26,203,112000.0,C,0.0285,0.0305,0.0295,81607.75,79627.82,0.41960000000000003,0.19584,1e-05,168.04574,67.4,0.2
2026-09-04T18:54:02Z,2027-03-26,203,112000.0,P,0.3985,0.4055,0.402,81607.75,79627.82,0.41960000000000003,-0.80416,1e-05,168.04574,0.1,0.0
2026-09-04T18:54:02Z,2027-03-26,203,115000.0,C,0.025,0.027,0.026,81607.75,79627.82,0.423,0.17589,1e-05,157.21088,808.0,0.1
2026-09-04T18:54:02Z,2027-03-26,203,115000.0,P,0.432,0.4385,0.4352,81607.75,79627.82,0.423,-0.82411,1e-05,157.21088,2.2,0.0
2026-09-04T18:54:02Z,2027-03-26,203,120000.0,C,0.0205,0.022,0.0213,81607.75,79627.82,0.4291,0.14766,1e-05,140.26,791.2,0.2
2026-09-04T18:54:02Z,2027-03-26,203,120000.0,P,0.488,0.4955,0.4917,81608.02,79627.82,0.4291,-0.85234,1e-05,140.26199,1.8,0.0
2026-09-04T18:54:02Z,2027-03-26,203,125000.0,C,0.017,0.0185,0.0178,81607.75,79627.82,0.4368,0.12556,1e-05,125.53105,302.8,152.1
2026-09-04T18:54:02Z,2027-03-26,203,125000.0,P,0.5455,0.553,0.5495,81607.75,79627.82,0.4368,-0.87444,1e-05,125.53105,0.1,0.0
2026-09-04T18:54:02Z,2027-03-26,203,130000.0,C,0.0145,0.0155,0.0148,81607.75,79627.82,0.44310000000000005,0.10646,1e-05,111.64738,1136.6,2.4
2026-09-04T18:54:02Z,2027-03-26,203,130000.0,P,0.6035,0.6115,0.6078,81607.75,79627.82,0.44310000000000005,-0.89354,1e-05,111.64738,0.4,0.0
2026-09-04T18:54:02Z,2027-03-26,203,140000.0,C,0.01,0.0115,0.0108,81607.75,79627.82,0.4583,0.07924,1e-05,89.72725,909.7,0.6
2026-09-04T18:54:02Z,2027-03-26,203,140000.0,P,0.7225,0.7305,0.7263,81607.75,79627.82,0.4583,-0.92076,1e-05,89.72725,1.6,0.3
2026-09-04T18:54:02Z,2027-03-26,203,150000.0,C,0.0075,0.009,0.0082,81607.75,79627.82,0.47490000000000004,0.06134,0.0,73.67862,1901.5,12.4
2026-09-04T18:54:02Z,2027-03-26,203,150000.0,P,0.842,0.8505,0.8463,81608.02,79627.82,0.47490000000000004,-0.93866,0.0,73.67993,0.6,0.0
2026-09-04T18:54:02Z,2027-03-26,203,160000.0,C,0.006,0.007,0.0063,81607.91,79627.82,0.48840000000000006,0.0476,0.0,60.2827,1034.1,1.3
2026-09-04T18:54:02Z,2027-03-26,203,160000.0,P,0.962,0.9715,0.9669,81607.75,79627.82,0.48840000000000006,-0.9524,0.0,60.28204,0.1,0.0
2026-09-04T18:54:02Z,2027-03-26,203,170000.0,C,0.005,0.006,0.0055,81607.91,79627.82,0.5099,0.04074,0.0,53.1711,648.6,303.2
2026-09-04T18:54:02Z,2027-03-26,203,170000.0,P,1.074,1.107,1.0886,81607.91,79627.82,0.5099,-0.95926,0.0,53.1711,0.2,0.0
2026-09-04T18:54:02Z,2027-03-26,203,180000.0,C,0.0039,0.0047,0.0043,81607.91,79627.82,0.52,0.03226,0.0,43.92816,503.3,0.1
2026-09-04T18:54:02Z,2027-03-26,203,180000.0,P,1.196,1.2235,1.21,81607.91,79627.82,0.52,-0.96774,0.0,43.92816,0.1,0.0
2026-09-04T18:54:02Z,2027-03-26,203,190000.0,C,0.0035,0.0039,0.0037,81607.91,79627.82,0.536,0.02761,0.0,38.60822,627.2,15.1
2026-09-04T18:54:02Z,2027-03-26,203,190000.0,P,1.3165,1.3535,1.3319,81607.91,79627.82,0.536,-0.97239,0.0,38.60822,0.9,0.0
2026-09-04T18:54:02Z,2027-03-26,203,200000.0,C,0.0027,0.0034,0.003,81607.91,79627.82,0.5464,0.02281,0.0,32.89707,485.6,10.2
2026-09-04T18:54:02Z,2027-03-26,203,200000.0,P,1.4385,1.4755,1.4538,81607.91,79627.82,0.5464,-0.97719,0.0,32.89707,1.0,0.0
2026-09-04T18:54:02Z,2027-06-25,294,30000.0,C,0.6395,0.642,0.6406,82543.81,79627.82,0.6113000000000001,0.98301,0.0,31.1865,66.5,19.1
2026-09-04T18:54:02Z,2027-06-25,294,30000.0,P,0.0036,0.0046,0.0041,82543.81,79627.82,0.6113000000000001,-0.01699,0.0,31.1865,331.5,0.7
2026-09-04T18:54:02Z,2027-06-25,294,40000.0,C,0.523,0.526,0.5246,82542.81,79627.82,0.5331,0.96032,0.0,63.3712,17.1,0.0
2026-09-04T18:54:02Z,2027-06-25,294,40000.0,P,0.0085,0.01,0.0092,82543.98,79627.82,0.5331,-0.03968,0.0,63.36881,1212.4,0.1
2026-09-04T18:54:02Z,2027-06-25,294,45000.0,C,0.467,0.4695,0.4683,82543.98,79627.82,0.5027,0.94191,0.0,85.9676,0.5,0.0
2026-09-04T18:54:02Z,2027-06-25,294,45000.0,P,0.013,0.014,0.0135,82543.98,79627.82,0.5027,-0.05809,0.0,85.9676,120.5,1.6
2026-09-04T18:54:02Z,2027-06-25,294,50000.0,C,0.4125,0.416,0.4139,82543.98,79627.82,0.47850000000000004,0.91665,0.0,113.51099,17.5,0.0
2026-09-04T18:54:02Z,2027-06-25,294,50000.0,P,0.019,0.0205,0.0197,82543.98,79627.82,0.47850000000000004,-0.08335,0.0,113.51099,402.1,0.0
2026-09-04T18:54:02Z,2027-06-25,294,52000.0,C,0.391,0.3945,0.3928,82542.81,79627.82,0.46950000000000003,0.90455,0.0,125.55139,1.1,0.0
2026-09-04T18:54:02Z,2027-06-25,294,52000.0,P,0.022,0.0235,0.0227,82542.81,79627.82,0.46950000000000003,-0.09545,0.0,125.55139,40.3,10.0
2026-09-04T18:54:02Z,2027-06-25,294,54000.0,C,0.3705,0.374,0.372,82543.98,79627.82,0.46159999999999995,0.89104,1e-05,138.24743,0.9,0.0
2026-09-04T18:54:02Z,2027-06-25,294,54000.0,P,0.0255,0.027,0.0262,82542.81,79627.82,0.46159999999999995,-0.10897,1e-05,138.2513,50.1,0.0
2026-09-04T18:54:02Z,2027-06-25,294,55000.0,C,0.36,0.364,0.3619,82543.98,79627.82,0.4583,0.88364,1e-05,144.89136,2.9,0.0
2026-09-04T18:54:02Z,2027-06-25,294,55000.0,P,0.0275,0.029,0.0282,82542.81,79627.82,0.4583,-0.11637,1e-05,144.89527,35.6,0.0
2026-09-04T18:54:02Z,2027-06-25,294,56000.0,C,0.3505,0.354,0.3518,82543.98,79627.82,0.4547,0.87602,1e-05,151.50891,3.0,0.0
2026-09-04T18:54:02Z,2027-06-25,294,56000.0,P,0.0295,0.031,0.0303,82542.81,79627.82,0.4547,-0.12398,1e-05,151.51285,84.6,0.0
2026-09-04T18:54:02Z,2027-06-25,294,58000.0,C,0.3305,0.3345,0.3323,82543.98,79627.82,0.44920000000000004,0.85936,1e-05,165.27096,13.8,0.0
2026-09-04T18:54:02Z,2027-06-25,294,58000.0,P,0.0345,0.0355,0.035,82543.98,79627.82,0.44920000000000004,-0.14064,1e-05,165.27096,91.9,0.0
2026-09-04T18:54:02Z,2027-06-25,294,60000.0,C,0.3115,0.3155,0.3133,82543.98,79627.82,0.44380000000000003,0.84146,1e-05,179.03317,961.3,1.0
2026-09-04T18:54:02Z,2027-06-25,294,60000.0,P,0.0395,0.041,0.0402,82541.4,79627.82,0.44380000000000003,-0.15856,1e-05,179.0418,196.1,0.0
2026-09-04T18:54:02Z,2027-06-25,294,62000.0,C,0.293,0.297,0.2951,82543.98,79627.82,0.4396,0.822,1e-05,192.87854,117.0,0.0
2026-09-04T18:54:02Z,2027-06-25,294,62000.0,P,0.0455,0.047,0.0462,82542.81,79627.82,0.4396,-0.17801,1e-05,192.8822,103.8,24.5
2026-09-04T18:54:02Z,2027-06-25,294,64000.0,C,0.2755,0.2795,0.2776,82542.81,79627.82,0.4362,0.80122,1e-05,206.47615,33.5,5.4
2026-09-04T18:54:02Z,2027-06-25,294,64000.0,P,0.052,0.054,0.0529,82542.52,79627.82,0.4362,-0.19878,1e-05,206.47711,62.4,0.0
2026-09-04T18:54:02Z,2027-06-25,294,65000.0,C,0.267,0.2705,0.2687,82542.67,79627.82,0.43329999999999996,0.79079,1e-05,212.86597,1.5,0.1
2026-09-04T18:54:02Z,2027-06-25,294,65000.0,P,0.0555,0.057,0.0562,82542.67,79627.82,0.43329999999999996,-0.20921,1e-05,212.86597,24.7,1.0
2026-09-04T18:54:02Z,2027-06-25,294,66000.0,C,0.2585,0.262,0.2604,82542.52,79627.82,0.43170000000000003,0.77973,1e-05,219.3343,25.7,0.0
2026-09-04T18:54:02Z,2027-06-25,294,66000.0,P,0.059,0.061,0.0599,82542.52,79627.82,0.43170000000000003,-0.22027,1e-05,219.3343,35.9,0.0
2026-09-04T18:54:02Z,2027-06-25,294,68000.0,C,0.242,0.246,0.244,82542.52,79627.82,0.42810000000000004,0.75702,1e-05,231.66842,10.8,0.0
2026-09-04T18:54:02Z,2027-06-25,294,68000.0,P,0.067,0.0685,0.0678,82542.52,79627.82,0.42810000000000004,-0.24298,1e-05,231.66842,13.4,0.4
2026-09-04T18:54:02Z,2027-06-25,294,70000.0,C,0.2265,0.2305,0.2284,82542.67,79627.82,0.4253,0.7333,1e-05,243.24558,195.5,0.0
2026-09-04T18:54:02Z,2027-06-25,294,70000.0,P,0.0755,0.0775,0.0764,82542.52,79627.82,0.4253,-0.2667,1e-05,243.24585,20.4,0.4
2026-09-04T18:54:02Z,2027-06-25,294,72000.0,C,0.212,0.215,0.2136,82542.67,79627.82,0.42310000000000003,0.70879,1e-05,253.87991,89.8,0.4
2026-09-04T18:54:02Z,2027-06-25,294,72000.0,P,0.085,0.087,0.0859,82542.52,79627.82,0.42310000000000003,-0.29121,1e-05,253.88012,47.4,5.0
2026-09-04T18:54:02Z,2027-06-25,294,74000.0,C,0.198,0.201,0.1995,82542.52,79627.82,0.4207,0.68375,1e-05,263.40397,20.7,0.6
2026-09-04T18:54:02Z,2027-06-25,294,74000.0,P,0.095,0.097,0.096,82542.52,79627.82,0.4207,-0.31625,1e-05,263.40397,11.8,0.3
2026-09-04T18:54:02Z,2027-06-25,294,76000.0,C,0.1845,0.1875,0.1862,82542.67,79627.82,0.4192,0.65823,1e-05,271.76714,22.4,0.0
2026-09-04T18:54:02Z,2027-06-25,294,76000.0,P,0.106,0.108,0.107,82542.67,79627.82,0.4192,-0.34177,1e-05,271.76714,74.5,1.4
2026-09-04T18:54:02Z,2027-06-25,294,78000.0,C,0.172,0.175,0.1737,82542.52,79627.82,0.4179,0.63248,1e-05,278.87475,52.2,0.0
2026-09-04T18:54:02Z,2027-06-25,294,78000.0,P,0.1175,0.12,0.1186,82542.67,79627.82,0.4179,-0.36752,1e-05,278.8748,104.6,2.0
2026-09-04T18:54:02Z,2027-06-25,294,80000.0,C,0.1605,0.163,0.1618,82542.52,79627.82,0.4167,0.60664,1e-05,284.69665,106.7,1.4
2026-09-04T18:54:02Z,2027-06-25,294,80000.0,P,0.13,0.1325,0.131,82542.52,79627.82,0.4167,-0.39336,1e-05,284.69665,44.1,0.4
2026-09-04T18:54:02Z,2027-06-25,294,82000.0,C,0.15,0.152,0.151,82542.52,79627.82,0.4165,0.58099,1e-05,289.20397,81.1,0.3
2026-09-04T18:54:02Z,2027-06-25,294,82000.0,P,0.143,0.1455,0.1444,82542.52,79627.82,0.4165,-0.41901,1e-05,289.20397,24.3,0.4
2026-09-04T18:54:02Z,2027-06-25,294,84000.0,C,0.1395,0.1415,0.1405,82541.4,79627.82,0.4157,0.55544,1e-05,292.4503,18.9,0.0
2026-09-04T18:54:02Z,2027-06-25,294,84000.0,P,0.1565,0.159,0.1582,82542.52,79627.82,0.4157,-0.44455,1e-05,292.45279,6.5,4.0
2026-09-04T18:54:02Z,2027-06-25,294,85000.0,C,0.1345,0.1365,0.1356,82541.4,79627.82,0.4155,0.54281,1e-05,293.60446,152.8,0.1
2026-09-04T18:54:02Z,2027-06-25,294,85000.0,P,0.164,0.1665,0.1653,82541.4,79627.82,0.4155,-0.45719,1e-05,293.60446,10.7,3.8
2026-09-04T18:54:02Z,2027-06-25,294,86000.0,C,0.13,0.132,0.131,82542.52,79627.82,0.4158,0.53045,1e-05,294.44956,26.8,0.0
2026-09-04T18:54:02Z,2027-06-25,294,86000.0,P,0.171,0.174,0.1729,82541.4,79627.82,0.4158,-0.46956,1e-05,294.44638,1.4,1.0
2026-09-04T18:54:02Z,2027-06-25,294,88000.0,C,0.121,0.123,0.1218,82542.52,79627.82,0.4155,0.50578,1e-05,295.27947,21.3,0.0
2026-09-04T18:54:02Z,2027-06-25,294,88000.0,P,0.1865,0.189,0.188,82542.52,79627.82,0.4155,-0.49422,1e-05,295.27947,4.7,0.0
2026-09-04T18:54:02Z,2027-06-25,294,90000.0,C,0.1125,0.114,0.1133,82541.4,79627.82,0.4153,0.48165,1e-05,294.99393,715.0,0.0
2026-09-04T18:54:02Z,2027-06-25,294,90000.0,P,0.2015,0.205,0.2037,82541.4,79627.82,0.4153,-0.51835,1e-05,294.99393,0.5,0.0
2026-09-04T18:54:02Z,2027-06-25,294,92000.0,C,0.1045,0.1065,0.1055,82542.52,79627.82,0.4157,0.45834,1e-05,293.69878,15.7,0.0
2026-09-04T18:54:02Z,2027-06-25,294,92000.0,P,0.2185,0.221,0.2201,82541.4,79627.82,0.4157,-0.54167,1e-05,293.69368,0.2,0.0
2026-09-04T18:54:02Z,2027-06-25,294,94000.0,C,0.0975,0.099,0.0982,82541.4,79627.82,0.41590000000000005,0.43563,1e-05,291.45364,17.7,0.0
2026-09-04T18:54:02Z,2027-06-25,294,94000.0,P,0.2345,0.238,0.237,82541.4,79627.82,0.41590000000000005,-0.56437,1e-05,291.45364,0.1,0.0
2026-09-04T18:54:02Z,2027-06-25,294,95000.0,C,0.094,0.0955,0.0947,82542.52,79627.82,0.41609999999999997,0.42463,1e-05,290.0246,56.9,12.2
2026-09-04T18:54:02Z,2027-06-25,294,95000.0,P,0.243,0.247,0.2457,82542.52,79627.82,0.41609999999999997,-0.57537,1e-05,290.0246,20.2,0.0
2026-09-04T18:54:02Z,2027-06-25,294,96000.0,C,0.0905,0.092,0.0913,82541.0,79627.82,0.41609999999999997,0.41364,1e-05,288.3582,32.2,15.0
2026-09-04T18:54:02Z,2027-06-25,294,96000.0,P,0.252,0.2555,0.2544,82541.27,79627.82,0.41609999999999997,-0.58636,1e-05,288.35969,0.0,0.0
2026-09-04T18:54:02Z,2027-06-25,294,98000.0,C,0.0845,0.086,0.0851,82541.27,79627.82,0.4169,0.39272,1e-05,284.56298,42.6,4.0
2026-09-04T18:54:02Z,2027-06-25,294,98000.0,P,0.27,0.2735,0.2724,82541.0,79627.82,0.4169,-0.60728,1e-05,284.56137,0.0,0.0
2026-09-04T18:54:02Z,2027-06-25,294,100000.0,C,0.0785,0.08,0.0792,82541.27,79627.82,0.4174,0.37245,1e-05,280.07997,203.7,23.1
2026-09-04T18:54:02Z,2027-06-25,294,100000.0,P,0.288,0.292,0.2907,82541.27,79627.82,0.4174,-0.62755,1e-05,280.07997,1.4,0.0
2026-09-04T18:54:02Z,2027-06-25,294,102000.0,C,0.073,0.0745,0.0738,82541.27,79627.82,0.4181,0.35309,1e-05,275.04959,28.4,12.4
2026-09-04T18:54:02Z,2027-06-25,294,102000.0,P,0.307,0.311,0.3095,82541.27,79627.82,0.4181,-0.64691,1e-05,275.04959,0.0,0.0
2026-09-04T18:54:02Z,2027-06-25,294,104000.0,C,0.068,0.0695,0.0688,82541.0,79627.82,0.4191,0.33469,1e-05,269.57414,12.6,0.0
2026-09-04T18:54:02Z,2027-06-25,294,104000.0,P,0.326,0.3305,0.3287,82541.0,79627.82,0.4191,-0.66531,1e-05,269.57414,0.0,0.0
2026-09-04T18:54:02Z,2027-06-25,294,105000.0,C,0.0655,0.0675,0.0665,82541.0,79627.82,0.4199,0.32602,1e-05,266.75841,152.5,0.7
2026-09-04T18:54:02Z,2027-06-25,294,105000.0,P,0.336,0.34,0.3386,82541.0,79627.82,0.4199,-0.67398,1e-05,266.75841,0.1,0.0
2026-09-04T18:54:02Z,2027-06-25,294,106000.0,C,0.0635,0.065,0.0643,82537.96,79627.82,0.4204,0.31735,1e-05,263.77623,0.0,0.0
2026-09-04T18:54:02Z,2027-06-25,294,106000.0,P,0.3455,0.3505,0.3485,82541.27,79627.82,0.4204,-0.68261,1e-05,263.80018,0.0,0.0
2026-09-04T18:54:02Z,2027-06-25,294,108000.0,C,0.059,0.061,0.06,82541.0,79627.82,0.4216,0.30081,1e-05,257.68089,12.7,0.1
2026-09-04T18:54:02Z,2027-06-25,294,108000.0,P,0.3655,0.37,0.3684,82541.0,79627.82,0.4216,-0.69919,1e-05,257.68089,0.0,0.0
2026-09-04T18:54:02Z,2027-06-25,294,110000.0,C,0.0555,0.057,0.0561,82541.27,79627.82,0.4229,0.28515,1e-05,251.36936,270.0,0.2
2026-09-04T18:54:02Z,2027-06-25,294,110000.0,P,0.3855,0.3915,0.3888,82541.0,79627.82,0.4229,-0.71485,1e-05,251.36731,2.3,2.0
2026-09-04T18:54:02Z,2027-06-25,294,115000.0,C,0.047,0.0485,0.0478,82541.27,79627.82,0.42700000000000005,0.24996,1e-05,235.20782,38.2,0.4
2026-09-04T18:54:02Z,2027-06-25,294,115000.0,P,0.437,0.444,0.441,82541.0,79627.82,0.42700000000000005,-0.75004,1e-05,235.2057,0.0,0.0
2026-09-04T18:54:02Z,2027-06-25,294,120000.0,C,0.04,0.0415,0.0408,82541.27,79627.82,0.4311,0.21929,1e-05,218.76826,292.9,3.3
2026-09-04T18:54:02Z,2027-06-25,294,120000.0,P,0.491,0.498,0.4946,82541.27,79627.82,0.4311,-0.78071,1e-05,218.76826,0.1,0.0
2026-09-04T18:54:02Z,2027-06-25,294,125000.0,C,0.0345,0.036,0.0353,82541.0,79627.82,0.4364,0.1936,1e-05,203.19013,115.6,0.0
2026-09-04T18:54:02Z,2027-06-25,294,125000.0,P,0.5455,0.5535,0.5497,82537.98,79627.82,0.4364,-0.80643,1e-05,203.16627,0.0,0.0
2026-09-04T18:54:02Z,2027-06-25,294,130000.0,C,0.0305,0.0315,0.0308,82541.0,79627.82,0.4422,0.17175,1e-05,188.54803,762.1,0.1
2026-09-04T18:54:02Z,2027-06-25,294,130000.0,P,0.601,0.6095,0.6058,82541.0,79627.82,0.4422,-0.82825,1e-05,188.54803,1.4,0.0
2026-09-04T18:54:02Z,2027-06-25,294,140000.0,C,0.023,0.0245,0.0238,82537.98,79627.82,0.4532,0.13635,1e-05,161.80959,387.6,0.5
2026-09-04T18:54:02Z,2027-06-25,294,140000.0,P,0.7145,0.7245,0.7199,82537.98,79627.82,0.4532,-0.86365,1e-05,161.80959,0.5,0.0
2026-09-04T18:54:02Z,2027-06-25,294,150000.0,C,0.0185,0.0195,0.0188,82537.98,79627.82,0.4643,0.11001,1e-05,139.19378,218.1,10.3
2026-09-04T18:54:02Z,2027-06-25,294,150000.0,P,0.8295,0.841,0.836,82541.0,79627.82,0.4643,-0.88997,1e-05,139.21387,0.1,0.0
2026-09-04T18:54:02Z,2027-06-25,294,160000.0,C,0.0145,0.016,0.0152,82537.98,79627.82,0.4757,0.0904,0.0,120.6006,553.6,4.5
2026-09-04T18:54:02Z,2027-06-25,294,160000.0,P,0.9475,0.958,0.9536,82537.98,79627.82,0.4757,-0.9096,0.0,120.6006,0.2,0.0
2026-09-04T18:54:02Z,2027-06-25,294,170000.0,C,0.0115,0.013,0.0123,82537.98,79627.82,0.4844,0.07409,0.0,103.80991,91.9,4.5
2026-09-04T18:54:02Z,2027-06-25,294,170000.0,P,1.0635,1.0785,1.0718,82537.98,79627.82,0.4844,-0.92591,0.0,103.80991,14.7,0.0
2026-09-04T18:54:02Z,2027-06-25,294,180000.0,C,0.0095,0.011,0.0102,82541.0,79627.82,0.495,0.06247,0.0,91.0038,47.0,4.4
2026-09-04T18:54:02Z,2027-06-25,294,180000.0,P,1.178,1.217,1.191,82537.98,79627.82,0.495,-0.93754,0.0,90.98896,0.0,0.0
2026-09-04T18:54:02Z,2027-06-25,294,190000.0,C,0.008,0.0095,0.0086,82541.0,79627.82,0.5046,0.05305,0.0,80.0228,48.7,0.3
2026-09-04T18:54:02Z,2027-06-25,294,190000.0,P,1.292,1.3355,1.3105,82537.98,79627.82,0.5046,-0.94696,0.0,80.00942,0.5,0.0
2026-09-04T18:54:02Z,2027-06-25,294,200000.0,C,0.0065,0.008,0.0072,82537.98,79627.82,0.5124,0.0449,0.0,70.03462,27.0,2.8
2026-09-04T18:54:02Z,2027-06-25,294,200000.0,P,1.4125,1.458,1.4303,82541.0,79627.82,0.5124,-0.95509,0.0,70.04664,2.1,2.0
