snapshot_ts,expiry,days_to_expiry,strike,option_type,bid,ask,mark_price,forward_price,index_price,implied_vol,delta,gamma,vega,open_interest,volume_24h
2026-10-01T20:53:19Z,2026-10-02,1,65000.0,C,0.2305,0.233,0.2316,84595.32,84599.69,0.7356999999999999,1.0,0.0,0.0,0.8,0.0
2026-10-01T20:53:19Z,2026-10-02,1,65000.0,P,0.0,0.0001,0.0,84596.45,84599.69,0.7356999999999999,0.0,0.0,0.0,705.6,0.1
2026-10-01T20:53:19Z,2026-10-02,1,70000.0,C,0.1715,0.174,0.1725,84596.45,84599.69,0.7056999999999999,1.0,0.0,0.0,1503.3,1500.2
2026-10-01T20:53:19Z,2026-10-02,1,70000.0,P,0.0,0.0001,0.0,84596.45,84599.69,0.7056999999999999,0.0,0.0,0.0,959.7,0.0
2026-10-01T20:53:19Z,2026-10-02,1,72000.0,C,0.1475,0.1505,0.1489,84595.32,84599.69,0.6658,1.0,0.0,0.0,2.7,1.0
2026-10-01T20:53:19Z,2026-10-02,1,72000.0,P,0.0,0.0001,0.0,84596.45,84599.69,0.6658,0.0,0.0,0.0,244.5,0.0
2026-10-01T20:53:19Z,2026-10-02,1,73000.0,C,0.136,0.1385,0.1371,84596.45,84599.69,0.6625,1.0,0.0,0.0,0.8,0.0
2026-10-01T20:53:19Z,2026-10-02,1,73000.0,P,0.0,0.0001,0.0,84595.32,84599.69,0.6625,0.0,0.0,0.0,1113.6,0.0
2026-10-01T20:53:19Z,2026-10-02,1,74000.0,C,0.124,0.127,0.1253,84595.32,84599.69,0.6625,1.0,0.0,0.0,1.7,0.0
2026-10-01T20:53:19Z,2026-10-02,1,74000.0,P,0.0,0.0001,0.0,84595.32,84599.69,0.6625,0.0,0.0,0.0,1263.2,0.0
2026-10-01T20:53:19Z,2026-10-02,1,75000.0,C,0.1125,0.115,0.1134,84596.45,84599.69,0.6625,1.0,0.0,3e-05,4.6,0.2
2026-10-01T20:53:19Z,2026-10-02,1,75000.0,P,0.0,0.0001,0.0,84596.45,84599.69,0.6625,0.0,0.0,3e-05,375.4,430.1
2026-10-01T20:53:19Z,2026-10-02,1,76000.0,C,0.1005,0.103,0.1016,84596.45,84599.69,0.6625,1.0,0.0,0.00038,40.7,0.0
2026-10-01T20:53:19Z,2026-10-02,1,76000.0,P,0.0,0.0001,0.0,84596.45,84599.69,0.6625,0.0,0.0,0.00038,433.2,84.9
2026-10-01T20:53:19Z,2026-10-02,1,77000.0,C,0.0885,0.091,0.0898,84596.45,84599.69,0.6625,0.99997,0.0,0.00406,186.7,0.0
2026-10-01T20:53:19Z,2026-10-02,1,77000.0,P,0.0,0.0001,0.0,84596.45,84599.69,0.6625,-3e-05,0.0,0.00406,375.1,0.1
2026-10-01T20:53:19Z,2026-10-02,1,78000.0,C,0.077,0.079,0.078,84596.45,84599.69,0.66,0.99973,0.0,0.02973,439.0,13.4
2026-10-01T20:53:19Z,2026-10-02,1,78000.0,P,0.0,0.0001,0.0,84596.45,84599.69,0.66,-0.00027,0.0,0.02973,1561.2,1.6
2026-10-01T20:53:19Z,2026-10-02,1,79000.0,C,0.0655,0.0675,0.0661,84596.45,84599.69,0.5604,0.99971,0.0,0.03255,366.3,3.5
2026-10-01T20:53:19Z,2026-10-02,1,79000.0,P,0.0,0.0001,0.0,84595.32,84599.69,0.5604,-0.00029,0.0,0.03262,991.9,68.6
2026-10-01T20:53:19Z,2026-10-02,1,80000.0,C,0.0535,0.0555,0.0543,84596.37,84599.69,0.5126,0.99892,0.0,0.1086,843.0,73.0
2026-10-01T20:53:19Z,2026-10-02,1,80000.0,P,0.0,0.0001,0.0,84595.32,84599.69,0.5126,-0.00108,0.0,0.10882,1624.8,27.8
2026-10-01T20:53:19Z,2026-10-02,1,81000.0,C,0.0415,0.044,0.0425,84595.32,84599.69,0.4642,0.99579,1e-05,0.37375,283.9,40.8
2026-10-01T20:53:19Z,2026-10-02,1,81000.0,P,0.0,0.0001,0.0,84595.32,84599.69,0.4642,-0.00421,1e-05,0.37375,295.7,79.7
2026-10-01T20:53:19Z,2026-10-02,1,81500.0,C,0.0355,0.039,0.0367,84595.32,84599.69,0.4654,0.98798,2e-05,0.94237,0.2,0.0
2026-10-01T20:53:19Z,2026-10-02,1,81500.0,P,0.0,0.0001,0.0001,84595.32,84599.69,0.4654,-0.01202,2e-05,0.94237,82.4,66.9
2026-10-01T20:53:19Z,2026-10-02,1,82000.0,C,0.0295,0.032,0.0308,84595.32,84599.69,0.4254,0.98048,4e-05,1.42949,1599.2,24.4
2026-10-01T20:53:19Z,2026-10-02,1,82000.0,P,0.0,0.0001,0.0001,84595.32,84599.69,0.4254,-0.01952,4e-05,1.42949,1690.2,161.8
2026-10-01T20:53:19Z,2026-10-02,1,82500.0,C,0.0235,0.0265,0.0249,84595.32,84599.69,0.36119999999999997,0.97473,5e-05,1.77699,0.0,0.0
2026-10-01T20:53:19Z,2026-10-02,1,82500.0,P,0.0,0.0002,0.0001,84595.32,84599.69,0.36119999999999997,-0.02527,5e-05,1.77699,117.0,138.5
2026-10-01T20:53:19Z,2026-10-02,1,83000.0,C,0.018,0.0205,0.019,84596.37,84599.69,0.3025,0.96189,9e-05,2.49685,644.2,25.6
2026-10-01T20:53:19Z,2026-10-02,1,83000.0,P,0.0001,0.0002,0.0002,84595.32,84599.69,0.3025,-0.03821,9e-05,2.50192,744.0,532.2
2026-10-01T20:53:19Z,2026-10-02,1,83500.0,C,0.0125,0.014,0.0133,84596.37,84599.69,0.257,0.92356,0.00019,4.32819,96.0,76.9
2026-10-01T20:53:19Z,2026-10-02,1,83500.0,P,0.0002,0.0004,0.0003,84595.32,84599.69,0.257,-0.07664,0.00019,4.33653,147.4,111.1
2026-10-01T20:53:19Z,2026-10-02,1,84000.0,C,0.007,0.0095,0.0079,84595.32,84599.69,0.2255,0.81144,0.0004,8.13951,793.1,363.8
2026-10-01T20:53:19Z,2026-10-02,1,84000.0,P,0.0007,0.0009,0.0008,84596.37,84599.69,0.2255,-0.18814,0.0004,8.1285,641.9,133.6
2026-10-01T20:53:19Z,2026-10-02,1,84500.0,C,0.0033,0.004,0.0036,84595.32,84599.69,0.2089,0.56167,0.00063,11.8785,376.4,407.1
2026-10-01T20:53:19Z,2026-10-02,1,84500.0,P,0.0022,0.0026,0.0024,84595.32,84599.69,0.2089,-0.43833,0.00063,11.8785,48.4,5.3
2026-10-01T20:53:19Z,2026-10-02,1,85000.0,C,0.0012,0.0015,0.0014,84595.32,84599.69,0.228,0.27975,0.00049,10.14005,1120.6,623.6
2026-10-01T20:53:19Z,2026-10-02,1,85000.0,P,0.0055,0.007,0.0062,84595.32,84599.69,0.228,-0.72025,0.00049,10.14005,758.0,101.1
2026-10-01T20:53:19Z,2026-10-02,1,85500.0,C,0.0004,0.0007,0.0006,84595.32,84599.69,0.257,0.12358,0.00026,6.15418,535.2,176.2
2026-10-01T20:53:19Z,2026-10-02,1,85500.0,P,0.0095,0.013,0.0112,84595.32,84599.69,0.257,-0.87642,0.00026,6.15418,0.0,0.0
2026-10-01T20:53:19Z,2026-10-02,1,86000.0,C,0.0002,0.0004,0.0003,84596.37,84599.69,0.29719999999999996,0.06066,0.00013,3.6208,1307.1,261.5
2026-10-01T20:53:19Z,2026-10-02,1,86000.0,P,0.0155,0.018,0.0169,84595.32,84599.69,0.29719999999999996,-0.93948,0.00013,3.61418,1152.4,0.4
2026-10-01T20:53:19Z,2026-10-02,1,87000.0,C,0.0001,0.0002,0.0001,84596.37,84599.69,0.40299999999999997,0.02593,5e-05,1.81614,1316.5,291.6
2026-10-01T20:53:19Z,2026-10-02,1,87000.0,P,0.027,0.03,0.0286,84595.32,84599.69,0.40299999999999997,-0.97412,5e-05,1.81307,11.5,0.2
2026-10-01T20:53:19Z,2026-10-02,1,88000.0,C,0.0,0.0002,0.0,84595.32,84599.69,0.4338,0.00546,1e-05,0.47102,1573.4,95.2
2026-10-01T20:53:19Z,2026-10-02,1,88000.0,P,0.0385,0.0415,0.0403,84595.32,84599.69,0.4338,-0.99454,1e-05,0.47102,413.7,0.0
2026-10-01T20:53:19Z,2026-10-02,1,89000.0,C,0.0,0.0001,0.0,84595.32,84599.69,0.5372,0.00411,1e-05,0.36607,176.7,42.1
2026-10-01T20:53:19Z,2026-10-02,1,89000.0,P,0.0505,0.0535,0.0521,84595.32,84599.69,0.5372,-0.99589,1e-05,0.36607,4.1,0.0
2026-10-01T20:53:19Z,2026-10-02,1,90000.0,C,0.0,0.0001,0.0,84596.37,84599.69,0.5905,0.00168,0.0,0.16299,851.0,10.0
2026-10-01T20:53:19Z,2026-10-02,1,90000.0,P,0.062,0.0655,0.0639,84595.32,84599.69,0.5905,-0.99832,0.0,0.1627,3.1,0.0
2026-10-01T20:53:19Z,2026-10-02,1,92000.0,C,0.0,0.0001,0.0,84596.37,84599.69,0.6009,5e-05,0.0,0.00579,309.3,0.0
2026-10-01T20:53:19Z,2026-10-02,1,92000.0,P,0.0855,0.089,0.0875,84596.37,84599.69,0.6009,-0.99995,0.0,0.00579,0.0,0.0
2026-10-01T20:53:19Z,2026-10-02,1,95000.0,C,0.0,0.0001,0.0,84595.32,84599.69,0.6009,0.0,0.0,1e-05,610.7,0.0
2026-10-01T20:53:19Z,2026-10-02,1,95000.0,P,0.1205,0.1245,0.123,84596.37,84599.69,0.6009,-1.0,0.0,1e-05,0.2,0.2
2026-10-01T20:53:19Z,2026-10-02,1,100000.0,C,0.0,0.0001,0.0,84595.32,84599.69,0.6315999999999999,0.0,0.0,0.0,228.8,0.0
2026-10-01T20:53:19Z,2026-10-02,1,100000.0,P,0.18,0.1835,0.1821,84596.37,84599.69,0.6315999999999999,-1.0,0.0,0.0,0.0,0.0
2026-10-01T20:53:19Z,2026-10-03,2,74000.0,C,0.1235,0.127,0.1253,84596.87,84599.69,0.7663,0.99731,0.0,0.44484,0.0,0.0
2026-10-01T20:53:19Z,2026-10-03,2,74000.0,P,0.0,0.0001,0.0,84596.87,84599.69,0.7663,-0.00269,0.0,0.44484,9.5,4.7
2026-10-01T20:53:19Z,2026-10-03,2,75000.0,C,0.1115,0.1155,0.1135,84596.87,84599.69,0.7636,0.99404,0.0,0.90472,0.0,0.0
2026-10-01T20:53:19Z,2026-10-03,2,75000.0,P,0.0,0.0001,0.0001,84596.87,84599.69,0.7636,-0.00596,0.0,0.90472,19.9,15.1
2026-10-01T20:53:19Z,2026-10-03,2,76000.0,C,0.1,0.1035,0.1018,84596.87,84599.69,0.7254,0.99077,1e-05,1.33061,0.0,0.0
2026-10-01T20:53:19Z,2026-10-03,2,76000.0,P,0.0,0.0002,0.0001,84596.87,84599.69,0.7254,-0.00923,1e-05,1.33061,40.6,10.5
2026-10-01T20:53:19Z,2026-10-03,2,77000.0,C,0.088,0.092,0.09,84596.87,84599.69,0.6585,0.98863,1e-05,1.59667,0.0,0.0
2026-10-01T20:53:19Z,2026-10-03,2,77000.0,P,0.0001,0.0002,0.0002,84596.87,84599.69,0.6584,-0.01137,1e-05,1.59609,14.4,6.2
2026-10-01T20:53:19Z,2026-10-03,2,78000.0,C,0.076,0.0805,0.0782,84596.87,84599.69,0.5872999999999999,0.98617,1e-05,1.89191,0.0,0.0
2026-10-01T20:53:19Z,2026-10-03,2,78000.0,P,0.0001,0.0003,0.0002,84596.87,84599.69,0.5872999999999999,-0.01383,1e-05,1.89188,12.6,6.8
2026-10-01T20:53:19Z,2026-10-03,2,79000.0,C,0.0645,0.0685,0.0664,84596.87,84599.69,0.5304,0.98007,2e-05,2.58549,0.0,0.0
2026-10-01T20:53:19Z,2026-10-03,2,79000.0,P,0.0002,0.0003,0.0002,84596.87,84599.69,0.5304,-0.01993,2e-05,2.58545,20.5,18.0
2026-10-01T20:53:19Z,2026-10-03,2,80000.0,C,0.0525,0.057,0.0548,84596.87,84599.69,0.4886,0.96573,3e-05,4.06812,0.0,0.0
2026-10-01T20:53:19Z,2026-10-03,2,80000.0,P,0.0003,0.0005,0.0004,84596.87,84599.69,0.4886,-0.03427,3e-05,4.06812,636.3,6.1
2026-10-01T20:53:19Z,2026-10-03,2,80500.0,C,0.047,0.051,0.049,84596.87,84599.69,0.4686,0.95428,4e-05,5.14212,0.0,0.0
2026-10-01T20:53:19Z,2026-10-03,2,80500.0,P,0.0005,0.0006,0.0006,84596.87,84599.69,0.4686,-0.04572,4e-05,5.14212,13.6,6.0
2026-10-01T20:53:19Z,2026-10-03,2,81000.0,C,0.041,0.045,0.0432,84596.87,84599.69,0.4371,0.9434,5e-05,6.09492,0.0,0.0
2026-10-01T20:53:19Z,2026-10-03,2,81000.0,P,0.0006,0.0007,0.0007,84596.87,84599.69,0.4371,-0.0566,5e-05,6.09492,122.2,57.6
2026-10-01T20:53:19Z,2026-10-03,2,81500.0,C,0.0355,0.0395,0.0374,84596.87,84599.69,0.4053,0.92871,6e-05,7.29348,0.5,1.0
2026-10-01T20:53:19Z,2026-10-03,2,81500.0,P,0.0007,0.0009,0.0008,84596.87,84599.69,0.4053,-0.07129,6e-05,7.29348,47.3,47.9
2026-10-01T20:53:19Z,2026-10-03,2,82000.0,C,0.0295,0.034,0.0318,84596.87,84599.69,0.3789,0.90518,8e-05,9.04024,0.0,0.0
2026-10-01T20:53:19Z,2026-10-03,2,82000.0,P,0.001,0.0012,0.0011,84596.87,84599.69,0.3789,-0.09481,8e-05,9.03989,53.5,31.4
2026-10-01T20:53:19Z,2026-10-03,2,82500.0,C,0.0245,0.0285,0.0263,84596.8,84599.69,0.3582,0.86822,0.00011,11.43785,0.0,0.0
2026-10-01T20:53:19Z,2026-10-03,2,82500.0,P,0.0014,0.0017,0.0015,84596.8,84599.69,0.3582,-0.13178,0.00011,11.43785,24.5,32.5
2026-10-01T20:53:19Z,2026-10-03,2,83000.0,C,0.0185,0.0235,0.0211,84596.8,84599.69,0.3394,0.8153,0.00015,14.28284,0.5,0.3
2026-10-01T20:53:19Z,2026-10-03,2,83000.0,P,0.002,0.0023,0.0022,84596.8,84599.69,0.3394,-0.1847,0.00015,14.28284,249.2,244.6
2026-10-01T20:53:19Z,2026-10-03,2,83500.0,C,0.0155,0.018,0.0163,84596.8,84599.69,0.327,0.7391,0.00019,17.40471,7.8,2.7
2026-10-01T20:53:19Z,2026-10-03,2,83500.0,P,0.0031,0.0035,0.0033,84596.8,84599.69,0.3271,-0.2609,0.00019,17.40478,34.8,13.8
2026-10-01T20:53:19Z,2026-10-03,2,84000.0,C,0.0115,0.013,0.0121,84596.8,84599.69,0.32280000000000003,0.63933,0.00022,20.05146,107.1,99.6
2026-10-01T20:53:19Z,2026-10-03,2,84000.0,P,0.0047,0.0055,0.0051,84596.8,84599.69,0.32280000000000003,-0.36067,0.00022,20.05146,54.1,52.1
2026-10-01T20:53:19Z,2026-10-03,2,84500.0,C,0.008,0.009,0.0086,84596.8,84599.69,0.3177,0.5267,0.00023,21.32036,32.5,7.8
2026-10-01T20:53:19Z,2026-10-03,2,84500.0,P,0.007,0.008,0.0075,84596.8,84599.69,0.3177,-0.4733,0.00023,21.32036,14.4,13.6
2026-10-01T20:53:19Z,2026-10-03,2,85000.0,C,0.0055,0.0065,0.0059,84596.8,84599.69,0.3179,0.41053,0.00023,20.82862,46.8,8.9
2026-10-01T20:53:19Z,2026-10-03,2,85000.0,P,0.01,0.011,0.0107,84596.8,84599.69,0.3179,-0.58947,0.00023,20.82862,8.0,8.3
2026-10-01T20:53:19Z,2026-10-03,2,85500.0,C,0.0037,0.004,0.0038,84596.8,84599.69,0.3171,0.30192,0.00021,18.6767,21.7,4.6
2026-10-01T20:53:19Z,2026-10-03,2,85500.0,P,0.0125,0.017,0.0145,84596.8,84599.69,0.3171,-0.69808,0.00021,18.67672,0.5,0.1
2026-10-01T20:53:19Z,2026-10-03,2,86000.0,C,0.0023,0.0027,0.0025,84596.8,84599.69,0.32289999999999996,0.21348,0.00017,15.58586,261.9,253.7
2026-10-01T20:53:19Z,2026-10-03,2,86000.0,P,0.017,0.021,0.019,84596.8,84599.69,0.32289999999999996,-0.78652,0.00017,15.58586,0.0,0.0
2026-10-01T20:53:19Z,2026-10-03,2,86500.0,C,0.0015,0.0016,0.0015,84596.8,84599.69,0.3274,0.14395,0.00013,12.14843,45.3,10.6
2026-10-01T20:53:19Z,2026-10-03,2,86500.0,P,0.022,0.027,0.024,84596.8,84599.69,0.3274,-0.85605,0.00013,12.14843,0.0,0.0
2026-10-01T20:53:19Z,2026-10-03,2,87000.0,C,0.0009,0.0011,0.001,84596.8,84599.69,0.34259999999999996,0.10021,0.0001,9.41433,34.2,26.7
2026-10-01T20:53:19Z,2026-10-03,2,87000.0,P,0.027,0.032,0.0294,84596.8,84599.69,0.34259999999999996,-0.89979,0.0001,9.41452,0.0,0.0
2026-10-01T20:53:19Z,2026-10-03,2,87500.0,C,0.0006,0.0008,0.0007,84596.8,84599.69,0.35700000000000004,0.06924,7e-05,7.13185,9.1,2.1
2026-10-01T20:53:19Z,2026-10-03,2,87500.0,P,0.0325,0.0375,0.035,84596.89,84599.69,0.35700000000000004,-0.93075,7e-05,7.13235,0.0,0.0
2026-10-01T20:53:19Z,2026-10-03,2,88000.0,C,0.0004,0.0006,0.0005,84596.89,84599.69,0.3734,0.04883,5e-05,5.42114,84.9,55.5
2026-10-01T20:53:19Z,2026-10-03,2,88000.0,P,0.0385,0.043,0.0407,84596.89,84599.69,0.3734,-0.95117,5e-05,5.42114,0.0,0.0
2026-10-01T20:53:19Z,2026-10-03,2,89000.0,C,0.0002,0.0004,0.0003,84596.89,84599.69,0.4163,0.02796,3e-05,3.43752,137.2,117.1
2026-10-01T20:53:19Z,2026-10-03,2,89000.0,P,0.05,0.0545,0.0523,84596.89,84599.69,0.4163,-0.97204,3e-05,3.43752,0.0,0.0
2026-10-01T20:53:19Z,2026-10-03,2,90000.0,C,0.0001,0.0003,0.0002,84596.89,84599.69,0.4583,0.01704,2e-05,2.26307,34.4,2.9
2026-10-01T20:53:19Z,2026-10-03,2,90000.0,P,0.0615,0.066,0.064,84596.89,84599.69,0.4583,-0.98296,2e-05,2.26307,0.0,0.0
2026-10-01T20:53:19Z,2026-10-03,2,91000.0,C,0.0,0.0002,0.0001,84596.89,84599.69,0.5115999999999999,0.01267,1e-05,1.75368,31.5,32.0
2026-10-01T20:53:19Z,2026-10-03,2,91000.0,P,0.0735,0.078,0.0758,84596.89,84599.69,0.5115999999999999,-0.98733,1e-05,1.75368,0.0,0.0
2026-10-01T20:53:19Z,2026-10-03,2,92000.0,C,0.0,0.0002,0.0001,84596.89,84599.69,0.5336,0.00682,1e-05,1.02046,3.1,2.2
2026-10-01T20:53:19Z,2026-10-03,2,92000.0,P,0.085,0.0895,0.0876,84596.89,84599.69,0.5336,-0.99318,1e-05,1.02046,0.0,0.0
2026-10-01T20:53:19Z,2026-10-03,2,93000.0,C,0.0,0.0001,0.0001,84596.89,84599.69,0.5867,0.00569,1e-05,0.86861,6.3,5.2
2026-10-01T20:53:19Z,2026-10-03,2,93000.0,P,0.097,0.1015,0.0994,84596.89,84599.69,0.5867,-0.99431,1e-05,0.86861,0.0,0.0
2026-10-01T20:53:19Z,2026-10-03,2,94000.0,C,0.0,0.0001,0.0,84596.89,84599.69,0.6028,0.00305,0.0,0.49706,1.6,0.0
2026-10-01T20:53:19Z,2026-10-03,2,94000.0,P,0.1085,0.1135,0.1112,84596.89,84599.69,0.6028,-0.99695,0.0,0.49706,0.0,0.0
2026-10-01T20:53:19Z,2026-10-04,3,74000.0,C,0.1235,0.1275,0.1255,84607.55,84599.69,0.6545000000000001,0.9941,0.0,1.16368,0.0,0.0
2026-10-01T20:53:19Z,2026-10-04,3,74000.0,P,0.0,0.0002,0.0001,84607.61,84599.69,0.6545000000000001,-0.0059,0.0,1.16364,14.8,16.1
2026-10-01T20:53:19Z,2026-10-04,3,75000.0,C,0.112,0.1155,0.1137,84607.58,84599.69,0.6183,0.99177,1e-05,1.56155,0.0,0.0
2026-10-01T20:53:19Z,2026-10-04,3,75000.0,P,0.0,0.0002,0.0001,84607.58,84599.69,0.6183,-0.00823,1e-05,1.56155,12.0,8.9
2026-10-01T20:53:19Z,2026-10-04,3,76000.0,C,0.1,0.104,0.1019,84607.61,84599.69,0.5678,0.98992,1e-05,1.86553,0.0,0.0
2026-10-01T20:53:19Z,2026-10-04,3,76000.0,P,0.0001,0.0002,0.0002,84607.61,84599.69,0.5678,-0.01008,1e-05,1.86553,0.8,0.7
2026-10-01T20:53:19Z,2026-10-04,3,77000.0,C,0.0885,0.092,0.0901,84607.61,84599.69,0.5153,0.98767,1e-05,2.22187,0.0,0.0
2026-10-01T20:53:19Z,2026-10-04,3,77000.0,P,0.0001,0.0003,0.0002,84607.61,84599.69,0.5153,-0.01233,1e-05,2.22187,0.1,0.0
2026-10-01T20:53:19Z,2026-10-04,3,78000.0,C,0.0765,0.0805,0.0784,84607.61,84599.69,0.4803,0.98127,1e-05,3.18335,0.0,0.0
2026-10-01T20:53:19Z,2026-10-04,3,78000.0,P,0.0002,0.0003,0.0003,84607.58,84599.69,0.4803,-0.01873,1e-05,3.18341,5.1,0.0
2026-10-01T20:53:19Z,2026-10-04,3,79000.0,C,0.0645,0.0685,0.0666,84607.61,84599.69,0.43,0.97493,2e-05,4.07132,0.0,0.0
2026-10-01T20:53:19Z,2026-10-04,3,79000.0,P,0.0003,0.0004,0.0003,84607.58,84599.69,0.43,-0.02507,2e-05,4.07139,5.4,2.9
2026-10-01T20:53:19Z,2026-10-04,3,80000.0,C,0.053,0.057,0.055,84607.58,84599.69,0.389,0.9615,3e-05,5.80651,0.0,0.0
2026-10-01T20:53:19Z,2026-10-04,3,80000.0,P,0.0004,0.0006,0.0005,84607.58,84599.69,0.389,-0.0385,3e-05,5.80651,17.0,8.4
2026-10-01T20:53:19Z,2026-10-04,3,80500.0,C,0.047,0.0515,0.0491,84607.61,84599.69,0.3661,0.95253,4e-05,6.87697,0.0,0.0
2026-10-01T20:53:19Z,2026-10-04,3,80500.0,P,0.0005,0.0007,0.0006,84607.58,84599.69,0.3661,-0.04747,4e-05,6.8771,20.6,1.9
2026-10-01T20:53:19Z,2026-10-04,3,81000.0,C,0.041,0.0455,0.0434,84607.58,84599.69,0.3419,0.94128,5e-05,8.14058,0.0,0.0
2026-10-01T20:53:19Z,2026-10-04,3,81000.0,P,0.0006,0.0008,0.0007,84607.58,84599.69,0.3419,-0.05872,5e-05,8.14058,8.4,3.4
2026-10-01T20:53:19Z,2026-10-04,3,81500.0,C,0.036,0.04,0.0377,84607.58,84599.69,0.32420000000000004,0.92196,6e-05,10.14082,0.0,0.0
2026-10-01T20:53:19Z,2026-10-04,3,81500.0,P,0.0008,0.0011,0.0009,84607.58,84599.69,0.32420000000000004,-0.07804,6e-05,10.14082,3.4,3.1
2026-10-01T20:53:19Z,2026-10-04,3,82000.0,C,0.0305,0.034,0.0321,84607.61,84599.69,0.3091,0.89351,9e-05,12.76753,0.0,0.0
2026-10-01T20:53:19Z,2026-10-04,3,82000.0,P,0.0012,0.0014,0.0013,84607.61,84599.69,0.3091,-0.10649,9e-05,12.76753,10.7,0.8
2026-10-01T20:53:19Z,2026-10-04,3,82500.0,C,0.025,0.0285,0.0267,84607.61,84599.69,0.2948,0.85403,0.00011,15.91318,0.0,0.0
2026-10-01T20:53:19Z,2026-10-04,3,82500.0,P,0.0017,0.002,0.0018,84607.58,84599.69,0.2948,-0.14598,0.00011,15.91342,1.6,1.6
2026-10-01T20:53:19Z,2026-10-04,3,83000.0,C,0.019,0.0235,0.0216,84607.58,84599.69,0.2828,0.79881,0.00014,19.52774,0.3,0.3
2026-10-01T20:53:19Z,2026-10-04,3,83000.0,P,0.0024,0.0028,0.0026,84607.61,84599.69,0.2828,-0.20118,0.00014,19.5275,18.1,12.2
2026-10-01T20:53:19Z,2026-10-04,3,83500.0,C,0.0165,0.0185,0.017,84607.58,84599.69,0.2747,0.72414,0.00018,23.22746,6.2,6.5
2026-10-01T20:53:19Z,2026-10-04,3,83500.0,P,0.0038,0.0041,0.0039,84607.61,84599.69,0.2747,-0.27586,0.00018,23.22725,28.2,48.8
2026-10-01T20:53:19Z,2026-10-04,3,84000.0,C,0.012,0.0135,0.0128,84607.58,84599.69,0.2669,0.63297,0.0002,26.17348,6.4,6.4
2026-10-01T20:53:19Z,2026-10-04,3,84000.0,P,0.005,0.006,0.0056,84607.58,84599.69,0.2669,-0.36704,0.0002,26.17355,15.2,5.3
2026-10-01T20:53:19Z,2026-10-04,3,84500.0,C,0.009,0.01,0.0095,84607.58,84599.69,0.2688,0.52737,0.00021,27.66295,36.9,32.7
2026-10-01T20:53:19Z,2026-10-04,3,84500.0,P,0.0075,0.0085,0.0082,84607.61,84599.69,0.2688,-0.47262,0.00021,27.66293,13.6,13.6
2026-10-01T20:53:19Z,2026-10-04,3,85000.0,C,0.0065,0.007,0.0066,84607.58,84599.69,0.267,0.42075,0.00021,27.17925,9.4,7.6
2026-10-01T20:53:19Z,2026-10-04,3,85000.0,P,0.011,0.0115,0.0113,84607.58,84599.69,0.267,-0.57925,0.00021,27.17925,22.5,1.4
2026-10-01T20:53:19Z,2026-10-04,3,85500.0,C,0.0043,0.0048,0.0046,84607.58,84599.69,0.2693,0.32162,0.00019,24.90808,23.9,1.2
2026-10-01T20:53:19Z,2026-10-04,3,85500.0,P,0.013,0.017,0.0151,84607.61,84599.69,0.2693,-0.67837,0.00019,24.90827,0.1,0.1
2026-10-01T20:53:19Z,2026-10-04,3,86000.0,C,0.0029,0.0032,0.0031,84607.58,84599.69,0.2724,0.23632,0.00016,21.42508,11.3,0.5
2026-10-01T20:53:19Z,2026-10-04,3,86000.0,P,0.0175,0.0215,0.0195,84607.61,84599.69,0.2724,-0.76367,0.00016,21.42533,3.6,0.0
2026-10-01T20:53:19Z,2026-10-04,3,86500.0,C,0.0019,0.0021,0.002,84607.58,84599.69,0.2782,0.16944,0.00013,17.5509,25.2,0.8
2026-10-01T20:53:19Z,2026-10-04,3,86500.0,P,0.022,0.027,0.0244,84607.61,84599.69,0.2782,-0.83056,0.00013,17.55117,0.0,0.0
2026-10-01T20:53:19Z,2026-10-04,3,87000.0,C,0.0013,0.0015,0.0014,84607.58,84599.69,0.2866,0.12049,0.0001,13.94362,21.3,2.4
2026-10-01T20:53:19Z,2026-10-04,3,87000.0,P,0.0275,0.032,0.0297,84607.58,84599.69,0.2866,-0.87951,0.0001,13.94349,0.0,0.0
2026-10-01T20:53:19Z,2026-10-04,3,87500.0,C,0.0009,0.0011,0.001,84607.58,84599.69,0.298,0.08679,8e-05,10.98593,7.4,7.4
2026-10-01T20:53:19Z,2026-10-04,3,87500.0,P,0.033,0.0375,0.0352,84607.58,84599.69,0.298,-0.91321,8e-05,10.98593,0.0,0.0
2026-10-01T20:53:19Z,2026-10-04,3,88000.0,C,0.0006,0.0008,0.0007,84607.58,84599.69,0.3096,0.06264,6e-05,8.56331,26.5,0.5
2026-10-01T20:53:19Z,2026-10-04,3,88000.0,P,0.0385,0.043,0.0408,84607.61,84599.69,0.3096,-0.93736,6e-05,8.56334,0.0,0.0
2026-10-01T20:53:19Z,2026-10-04,3,89000.0,C,0.0003,0.0005,0.0004,84607.61,84599.69,0.33380000000000004,0.03348,3e-05,5.17801,37.7,0.2
2026-10-01T20:53:19Z,2026-10-04,3,89000.0,P,0.05,0.0545,0.0523,84607.58,84599.69,0.33380000000000004,-0.96652,3e-05,5.17788,0.0,0.0
2026-10-01T20:53:19Z,2026-10-04,3,90000.0,C,0.0001,0.0004,0.0002,84607.61,84599.69,0.3619,0.01955,2e-05,3.30056,0.2,0.1
2026-10-01T20:53:19Z,2026-10-04,3,90000.0,P,0.0615,0.066,0.0639,84607.58,84599.69,0.3619,-0.98045,2e-05,3.30048,0.0,0.0
2026-10-01T20:53:19Z,2026-10-04,3,91000.0,C,0.0001,0.0003,0.0001,84607.58,84599.69,0.3958,0.01309,1e-05,2.3401,0.7,0.7
2026-10-01T20:53:19Z,2026-10-04,3,91000.0,P,0.0735,0.078,0.0757,84607.58,84599.69,0.3958,-0.98691,1e-05,2.3401,0.0,0.0
2026-10-01T20:53:19Z,2026-10-04,3,92000.0,C,0.0,0.0002,0.0001,84607.58,84599.69,0.43729999999999997,0.01034,1e-05,1.90706,0.8,0.2
2026-10-01T20:53:19Z,2026-10-04,3,92000.0,P,0.085,0.0895,0.0875,84607.61,84599.69,0.43729999999999997,-0.98966,1e-05,1.9071,0.0,0.0
2026-10-01T20:53:19Z,2026-10-04,3,93000.0,C,0.0,0.0002,0.0001,84607.61,84599.69,0.4778,0.00843,1e-05,1.59479,1.3,1.2
2026-10-01T20:53:19Z,2026-10-04,3,93000.0,P,0.097,0.1015,0.0993,84607.61,84599.69,0.4778,-0.99157,1e-05,1.59479,0.0,0.0
2026-10-01T20:53:19Z,2026-10-04,3,94000.0,C,0.0,0.0002,0.0001,84607.61,84599.69,0.5113,0.00647,1e-05,1.26393,5.0,5.0
2026-10-01T20:53:19Z,2026-10-04,3,94000.0,P,0.1085,0.113,0.1111,84607.58,84599.69,0.5113,-0.99353,1e-05,1.2639,0.0,0.0
2026-10-01T20:53:19Z,2026-10-04,3,95000.0,C,0.0,0.0001,0.0,84607.58,84599.69,0.5113,0.0031,0.0,0.65465,0.0,0.0
2026-10-01T20:53:19Z,2026-10-04,3,95000.0,P,0.1205,0.125,0.1229,84607.58,84599.69,0.5113,-0.9969,0.0,0.65465,0.0,0.0
2026-10-01T20:53:19Z,2026-10-05,4,74000.0,C,0.124,0.1275,0.1257,84626.03,84599.69,0.5842,0.99149,0.0,1.9078,0.0,0.0
2026-10-01T20:53:19Z,2026-10-05,4,74000.0,P,0.0001,0.0002,0.0002,84626.03,84599.69,0.5842,-0.00851,0.0,1.9078,0.0,0.0
2026-10-01T20:53:19Z,2026-10-05,4,75000.0,C,0.112,0.116,0.1139,84626.03,84599.69,0.5397,0.98991,1e-05,2.21362,0.0,0.0
2026-10-01T20:53:19Z,2026-10-05,4,75000.0,P,0.0001,0.0003,0.0002,84625.97,84599.69,0.5397,-0.01009,1e-05,2.21369,8.5,8.5
2026-10-01T20:53:19Z,2026-10-05,4,76000.0,C,0.1005,0.104,0.1021,84626.03,84599.69,0.4965,0.98769,1e-05,2.63251,0.0,0.0
2026-10-01T20:53:19Z,2026-10-05,4,76000.0,P,0.0002,0.0003,0.0002,84625.97,84599.69,0.4965,-0.01231,1e-05,2.6326,3.2,3.2
2026-10-01T20:53:19Z,2026-10-05,4,77000.0,C,0.0885,0.0925,0.0904,84626.03,84599.69,0.46509999999999996,0.98246,1e-05,3.57001,0.0,0.0
2026-10-01T20:53:19Z,2026-10-05,4,77000.0,P,0.0002,0.0004,0.0003,84625.97,84599.69,0.46509999999999996,-0.01754,1e-05,3.57013,5.0,5.0
2026-10-01T20:53:19Z,2026-10-05,4,78000.0,C,0.0765,0.0805,0.0787,84626.41,84599.69,0.4303,0.97537,2e-05,4.75822,0.0,0.0
2026-10-01T20:53:19Z,2026-10-05,4,78000.0,P,0.0003,0.0005,0.0004,84626.41,84599.69,0.4303,-0.02463,2e-05,4.75822,0.1,0.1
2026-10-01T20:53:19Z,2026-10-05,4,79000.0,C,0.065,0.069,0.067,84626.03,84599.69,0.3886,0.96685,2e-05,6.09181,0.0,0.0
2026-10-01T20:53:19Z,2026-10-05,4,79000.0,P,0.0004,0.0006,0.0005,84626.03,84599.69,0.3886,-0.03315,2e-05,6.09181,30.2,30.2
2026-10-01T20:53:19Z,2026-10-05,4,80000.0,C,0.0535,0.0575,0.0554,84626.41,84599.69,0.35340000000000005,0.95057,4e-05,8.42451,0.0,0.0
2026-10-01T20:53:19Z,2026-10-05,4,80000.0,P,0.0006,0.0008,0.0007,84626.41,84599.69,0.35340000000000005,-0.04943,4e-05,8.42451,17.4,17.4
2026-10-01T20:53:19Z,2026-10-05,4,80500.0,C,0.0475,0.052,0.0496,84626.41,84599.69,0.33659999999999995,0.93834,4e-05,10.03102,0.0,0.0
2026-10-01T20:53:19Z,2026-10-05,4,80500.0,P,0.0008,0.001,0.0009,84626.41,84599.69,0.33659999999999995,-0.06166,4e-05,10.03102,5.3,5.3
2026-10-01T20:53:19Z,2026-10-05,4,81000.0,C,0.0415,0.0465,0.044,84626.03,84599.69,0.32049999999999995,0.92198,6e-05,12.0246,0.0,0.0
2026-10-01T20:53:19Z,2026-10-05,4,81000.0,P,0.001,0.0012,0.0011,84626.41,84599.69,0.32049999999999995,-0.078,6e-05,12.0222,0.3,0.3
2026-10-01T20:53:19Z,2026-10-05,4,81500.0,C,0.036,0.0405,0.0384,84626.41,84599.69,0.3072,0.89852,7e-05,14.62291,0.0,0.0
2026-10-01T20:53:19Z,2026-10-05,4,81500.0,P,0.0013,0.0016,0.0015,84626.03,84599.69,0.3072,-0.10151,7e-05,14.62564,15.9,15.9
2026-10-01T20:53:19Z,2026-10-05,4,82000.0,C,0.0305,0.0355,0.033,84626.41,84599.69,0.2956,0.86635,9e-05,17.7746,0.0,0.0
2026-10-01T20:53:19Z,2026-10-05,4,82000.0,P,0.0018,0.0021,0.002,84626.03,84599.69,0.2956,-0.13368,9e-05,17.7776,7.1,7.1
2026-10-01T20:53:19Z,2026-10-05,4,82500.0,C,0.026,0.0295,0.0278,84626.41,84599.69,0.2861,0.82303,0.00011,21.39997,0.0,0.0
2026-10-01T20:53:19Z,2026-10-05,4,82500.0,P,0.0025,0.0029,0.0027,84626.03,84599.69,0.2861,-0.17701,0.00011,21.40307,11.8,11.8
2026-10-01T20:53:19Z,2026-10-05,4,83000.0,C,0.021,0.025,0.0229,84626.41,84599.69,0.2779,0.7674,0.00013,25.18776,0.0,0.0
2026-10-01T20:53:19Z,2026-10-05,4,83000.0,P,0.0036,0.0039,0.0037,84626.03,84599.69,0.2779,-0.23265,0.00013,25.19069,16.8,17.4
2026-10-01T20:53:19Z,2026-10-05,4,83500.0,C,0.018,0.02,0.0185,84626.41,84599.69,0.27399999999999997,0.69684,0.00015,28.79654,3.9,5.4
2026-10-01T20:53:19Z,2026-10-05,4,83500.0,P,0.005,0.0055,0.0052,84626.41,84599.69,0.27399999999999997,-0.30316,0.00015,28.79654,0.1,0.1
2026-10-01T20:53:19Z,2026-10-05,4,84000.0,C,0.014,0.0155,0.0145,84626.03,84599.69,0.268,0.61695,0.00017,31.46225,5.7,5.7
2026-10-01T20:53:19Z,2026-10-05,4,84000.0,P,0.0065,0.0075,0.0071,84626.41,84599.69,0.268,-0.38298,0.00017,31.46078,2.0,2.0
2026-10-01T20:53:19Z,2026-10-05,4,84500.0,C,0.0105,0.0115,0.0112,84625.87,84599.69,0.2686,0.52789,0.00018,32.80516,51.7,52.9
2026-10-01T20:53:19Z,2026-10-05,4,84500.0,P,0.009,0.01,0.0097,84625.87,84599.69,0.2686,-0.47211,0.00018,32.80516,2.6,2.6
2026-10-01T20:53:19Z,2026-10-05,4,85000.0,C,0.008,0.0085,0.0084,84625.87,84599.69,0.2681,0.43807,0.00018,32.48856,3.6,3.6
2026-10-01T20:53:19Z,2026-10-05,4,85000.0,P,0.0125,0.013,0.0128,84626.41,84599.69,0.2681,-0.56183,0.00018,32.49,0.0,0.0
2026-10-01T20:53:19Z,2026-10-05,4,85500.0,C,0.0055,0.0065,0.0061,84626.41,84599.69,0.2677,0.35166,0.00017,30.58535,5.5,5.5
2026-10-01T20:53:19Z,2026-10-05,4,85500.0,P,0.016,0.017,0.0164,84625.87,84599.69,0.2677,-0.64843,0.00017,30.5823,6.9,6.9
2026-10-01T20:53:19Z,2026-10-05,4,86000.0,C,0.0042,0.0045,0.0044,84626.41,84599.69,0.2701,0.27462,0.00015,27.48652,11.1,11.1
2026-10-01T20:53:19Z,2026-10-05,4,86000.0,P,0.0185,0.0235,0.0206,84625.87,84599.69,0.2701,-0.72546,0.00015,27.48235,0.0,0.0
2026-10-01T20:53:19Z,2026-10-05,4,86500.0,C,0.0029,0.0033,0.0031,84626.41,84599.69,0.2736,0.20943,0.00013,23.71898,4.1,4.1
2026-10-01T20:53:19Z,2026-10-05,4,86500.0,P,0.023,0.0275,0.0253,84626.41,84599.69,0.2736,-0.79057,0.00013,23.71898,0.0,0.0
2026-10-01T20:53:19Z,2026-10-05,4,87000.0,C,0.002,0.0024,0.0022,84625.87,84599.69,0.2783,0.15695,0.0001,19.80492,6.3,6.3
2026-10-01T20:53:19Z,2026-10-05,4,87000.0,P,0.028,0.033,0.0303,84626.41,84599.69,0.2783,-0.84299,0.0001,19.80974,0.0,0.0
2026-10-01T20:53:19Z,2026-10-05,4,87500.0,C,0.0014,0.0017,0.0016,84626.41,84599.69,0.2843,0.11668,8e-05,16.16577,0.0,0.0
2026-10-01T20:53:19Z,2026-10-05,4,87500.0,P,0.0335,0.038,0.0355,84626.41,84599.69,0.2843,-0.88332,8e-05,16.16577,0.0,0.0
2026-10-01T20:53:19Z,2026-10-05,4,88000.0,C,0.001,0.0012,0.0011,84626.41,84599.69,0.2919,0.08679,7e-05,13.02892,0.2,0.2
2026-10-01T20:53:19Z,2026-10-05,4,88000.0,P,0.039,0.0435,0.041,84625.87,84599.69,0.2919,-0.91324,7e-05,13.02486,0.0,0.0
2026-10-01T20:53:19Z,2026-10-05,4,89000.0,C,0.0005,0.0008,0.0006,84625.87,84599.69,0.31129999999999997,0.0498,4e-05,8.47391,3.1,3.1
2026-10-01T20:53:19Z,2026-10-05,4,89000.0,P,0.05,0.0545,0.0523,84625.87,84599.69,0.31129999999999997,-0.9502,4e-05,8.47391,0.0,0.0
2026-10-01T20:53:19Z,2026-10-05,4,90000.0,C,0.0003,0.0005,0.0004,84625.87,84599.69,0.3371,0.03154,3e-05,5.84584,47.5,47.5
2026-10-01T20:53:19Z,2026-10-05,4,90000.0,P,0.0615,0.066,0.0639,84625.87,84599.69,0.3371,-0.96846,3e-05,5.84584,0.0,0.0
2026-10-01T20:53:19Z,2026-10-05,4,91000.0,C,0.0002,0.0004,0.0003,84625.87,84599.69,0.3657,0.02165,2e-05,4.26836,0.1,0.1
2026-10-01T20:53:19Z,2026-10-05,4,91000.0,P,0.073,0.078,0.0756,84626.41,84599.69,0.3657,-0.97834,2e-05,4.26993,0.0,0.0
2026-10-01T20:53:19Z,2026-10-05,4,92000.0,C,0.0001,0.0003,0.0002,84625.87,84599.69,0.38549999999999995,0.01368,1e-05,2.88316,0.1,0.1
2026-10-01T20:53:19Z,2026-10-05,4,92000.0,P,0.085,0.0895,0.0873,84625.87,84599.69,0.38549999999999995,-0.98632,1e-05,2.88316,0.0,0.0
2026-10-01T20:53:19Z,2026-10-05,4,93000.0,C,0.0,0.0003,0.0002,84625.87,84599.69,0.4211,0.01131,1e-05,2.44597,0.1,0.1
2026-10-01T20:53:19Z,2026-10-05,4,93000.0,P,0.0965,0.1015,0.0991,84626.29,84599.69,0.4211,-0.98868,1e-05,2.44666,0.0,0.0
2026-10-01T20:53:19Z,2026-10-05,4,94000.0,C,0.0,0.0002,0.0002,84626.29,84599.69,0.46520000000000006,0.01085,1e-05,2.35846,0.0,0.0
2026-10-01T20:53:19Z,2026-10-05,4,94000.0,P,0.1085,0.113,0.1109,84626.29,84599.69,0.46520000000000006,-0.98915,1e-05,2.35846,0.0,0.0
2026-10-01T20:53:19Z,2026-10-09,8,65000.0,C,0.231,0.234,0.2326,84679.2,84599.69,0.7383,0.99474,0.0,1.83208,0.7,0.0
2026-10-01T20:53:19Z,2026-10-09,8,65000.0,P,0.0001,0.0003,0.0002,84679.74,84599.69,0.7383,-0.00526,0.0,1.8318,239.5,61.8
2026-10-01T20:53:19Z,2026-10-09,8,68000.0,C,0.1955,0.199,0.1973,84679.2,84599.69,0.664,0.99081,0.0,2.9978,1.9,0.0
2026-10-01T20:53:19Z,2026-10-09,8,68000.0,P,0.0002,0.0004,0.0003,84679.2,84599.69,0.664,-0.00919,0.0,2.9978,789.0,32.3
2026-10-01T20:53:19Z,2026-10-09,8,70000.0,C,0.172,0.1755,0.1738,84679.74,84599.69,0.6137,0.98657,0.0,4.16985,0.2,0.2
2026-10-01T20:53:19Z,2026-10-09,8,70000.0,P,0.0004,0.0005,0.0004,84679.74,84599.69,0.6137,-0.01343,0.0,4.16985,128.7,2.0
2026-10-01T20:53:19Z,2026-10-09,8,72000.0,C,0.1485,0.152,0.1503,84679.74,84599.69,0.5595,0.98066,1e-05,5.69909,0.0,0.0
2026-10-01T20:53:19Z,2026-10-09,8,72000.0,P,0.0005,0.0007,0.0006,84679.62,84599.69,0.5595,-0.01935,1e-05,5.69945,129.1,32.0
2026-10-01T20:53:19Z,2026-10-09,8,73000.0,C,0.1365,0.1405,0.1386,84679.2,84599.69,0.5302,0.977,1e-05,6.59764,0.2,0.0
2026-10-01T20:53:19Z,2026-10-09,8,73000.0,P,0.0006,0.0008,0.0007,84679.2,84599.69,0.5302,-0.023,1e-05,6.59764,284.4,83.9
2026-10-01T20:53:19Z,2026-10-09,8,74000.0,C,0.125,0.1285,0.1269,84679.62,84599.69,0.5027,0.97202,1e-05,7.77419,1.1,0.0
2026-10-01T20:53:19Z,2026-10-09,8,74000.0,P,0.0007,0.0009,0.0008,84679.62,84599.69,0.5027,-0.02798,1e-05,7.77419,538.3,34.1
2026-10-01T20:53:19Z,2026-10-09,8,75000.0,C,0.1135,0.117,0.1152,84679.62,84599.69,0.47350000000000003,0.96611,1e-05,9.11125,0.3,0.1
2026-10-01T20:53:19Z,2026-10-09,8,75000.0,P,0.0008,0.001,0.0009,84679.2,84599.69,0.47350000000000003,-0.03389,1e-05,9.11242,1740.9,684.3
2026-10-01T20:53:19Z,2026-10-09,8,76000.0,C,0.1015,0.1055,0.1036,84679.62,84599.69,0.4468,0.95771,2e-05,10.91687,50.2,0.1
2026-10-01T20:53:19Z,2026-10-09,8,76000.0,P,0.001,0.0012,0.0011,84679.62,84599.69,0.4468,-0.04229,2e-05,10.91687,999.4,216.4
2026-10-01T20:53:19Z,2026-10-09,8,77000.0,C,0.09,0.094,0.0921,84679.62,84599.69,0.41969999999999996,0.94676,2e-05,13.12679,57.9,0.0
2026-10-01T20:53:19Z,2026-10-09,8,77000.0,P,0.0012,0.0015,0.0014,84679.2,84599.69,0.41969999999999996,-0.05325,2e-05,13.12848,188.0,11.1
2026-10-01T20:53:19Z,2026-10-09,8,78000.0,C,0.079,0.0825,0.0806,84679.62,84599.69,0.3945,0.9312,3e-05,16.04312,28.2,0.0
2026-10-01T20:53:19Z,2026-10-09,8,78000.0,P,0.0016,0.0019,0.0018,84679.62,84599.69,0.3945,-0.0688,3e-05,16.04312,929.5,61.8
2026-10-01T20:53:19Z,2026-10-09,8,79000.0,C,0.0675,0.0715,0.0694,84679.62,84599.69,0.3712,0.90899,4e-05,19.82711,31.0,25.1
2026-10-01T20:53:19Z,2026-10-09,8,79000.0,P,0.0021,0.0025,0.0023,84679.62,84599.69,0.3712,-0.09101,4e-05,19.82711,569.0,255.2
2026-10-01T20:53:19Z,2026-10-09,8,80000.0,C,0.0565,0.0605,0.0584,84679.62,84599.69,0.35240000000000005,0.87562,5e-05,24.83979,423.9,45.1
2026-10-01T20:53:19Z,2026-10-09,8,80000.0,P,0.003,0.0033,0.0032,84679.62,84599.69,0.35240000000000005,-0.12438,5e-05,24.83979,990.9,22.2
2026-10-01T20:53:19Z,2026-10-09,8,81000.0,C,0.0465,0.05,0.0479,84679.62,84599.69,0.33549999999999996,0.82897,6e-05,30.75988,100.3,0.0
2026-10-01T20:53:19Z,2026-10-09,8,81000.0,P,0.0043,0.0047,0.0045,84679.2,84599.69,0.33549999999999996,-0.17105,6e-05,30.76275,479.9,55.1
2026-10-01T20:53:19Z,2026-10-09,8,82000.0,C,0.037,0.04,0.0382,84679.62,84599.69,0.3234,0.76378,8e-05,37.31597,305.1,11.1
2026-10-01T20:53:19Z,2026-10-09,8,82000.0,P,0.0065,0.007,0.0066,84679.62,84599.69,0.3234,-0.23622,8e-05,37.31597,285.3,46.3
2026-10-01T20:53:19Z,2026-10-09,8,83000.0,C,0.0285,0.0305,0.0294,84679.62,84599.69,0.315,0.67986,9e-05,43.30974,103.6,0.2
2026-10-01T20:53:19Z,2026-10-09,8,83000.0,P,0.0095,0.01,0.0096,84679.62,84599.69,0.315,-0.32014,9e-05,43.30974,465.9,32.6
2026-10-01T20:53:19Z,2026-10-09,8,84000.0,C,0.0215,0.0225,0.022,84679.62,84599.69,0.311,0.58061,0.0001,47.31696,427.5,49.9
2026-10-01T20:53:19Z,2026-10-09,8,84000.0,P,0.0135,0.0145,0.0139,84679.62,84599.69,0.311,-0.41939,0.0001,47.31696,120.5,39.5
2026-10-01T20:53:19Z,2026-10-09,8,85000.0,C,0.0155,0.016,0.0159,84679.97,84599.69,0.3105,0.47497,0.00011,48.20928,654.7,251.0
2026-10-01T20:53:19Z,2026-10-09,8,85000.0,P,0.019,0.02,0.0197,84679.97,84599.69,0.3105,-0.52503,0.00011,48.20928,627.6,37.2
2026-10-01T20:53:19Z,2026-10-09,8,86000.0,C,0.0105,0.0115,0.0111,84679.97,84599.69,0.30920000000000003,0.37156,0.0001,45.77886,836.7,75.6
2026-10-01T20:53:19Z,2026-10-09,8,86000.0,P,0.026,0.0275,0.0267,84679.97,84599.69,0.30920000000000003,-0.62844,0.0001,45.77886,237.6,0.0
2026-10-01T20:53:19Z,2026-10-09,8,87000.0,C,0.007,0.008,0.0076,84679.97,84599.69,0.3122,0.2799,9e-05,40.75197,604.5,177.8
2026-10-01T20:53:19Z,2026-10-09,8,87000.0,P,0.034,0.036,0.035,84679.97,84599.69,0.3122,-0.72008,9e-05,40.75469,102.6,0.2
2026-10-01T20:53:19Z,2026-10-09,8,88000.0,C,0.0049,0.0055,0.0052,84679.97,84599.69,0.3204,0.20707,7e-05,34.60826,590.9,4.9
2026-10-01T20:53:19Z,2026-10-09,8,88000.0,P,0.0425,0.0465,0.0444,84679.62,84599.69,0.3204,-0.79294,7e-05,34.60844,4.6,0.0
2026-10-01T20:53:19Z,2026-10-09,8,89000.0,C,0.0033,0.0037,0.0035,84679.97,84599.69,0.3268,0.14881,6e-05,28.08153,217.2,0.5
2026-10-01T20:53:19Z,2026-10-09,8,89000.0,P,0.0525,0.0565,0.0545,84679.62,84599.69,0.3268,-0.8512,6e-05,28.08175,1.0,0.0
2026-10-01T20:53:19Z,2026-10-09,8,90000.0,C,0.0022,0.0026,0.0024,84679.97,84599.69,0.3357,0.10652,5e-05,22.24849,1573.2,151.2
2026-10-01T20:53:19Z,2026-10-09,8,90000.0,P,0.0635,0.0675,0.0652,84679.97,84599.69,0.3357,-0.89348,5e-05,22.24849,0.3,0.0
2026-10-01T20:53:19Z,2026-10-09,8,92000.0,C,0.0011,0.0013,0.0012,84679.62,84599.69,0.3586,0.05579,3e-05,13.62219,722.9,205.8
2026-10-01T20:53:19Z,2026-10-09,8,92000.0,P,0.0855,0.09,0.0876,84679.97,84599.69,0.3586,-0.9442,3e-05,13.624,0.0,0.0
2026-10-01T20:53:19Z,2026-10-09,8,94000.0,C,0.0006,0.0008,0.0007,84679.97,84599.69,0.38909999999999995,0.03223,2e-05,8.74283,378.1,100.0
2026-10-01T20:53:19Z,2026-10-09,8,94000.0,P,0.1085,0.113,0.1108,84679.97,84599.69,0.38909999999999995,-0.96777,2e-05,8.74283,0.0,0.0
2026-10-01T20:53:19Z,2026-10-09,8,95000.0,C,0.0004,0.0006,0.0005,84679.97,84599.69,0.3997,0.02365,1e-05,6.75377,1064.1,31.5
2026-10-01T20:53:19Z,2026-10-09,8,95000.0,P,0.1205,0.125,0.1224,84679.97,84599.69,0.3997,-0.97635,1e-05,6.75377,0.7,0.1
2026-10-01T20:53:19Z,2026-10-09,8,100000.0,C,0.0002,0.0003,0.0002,84679.97,84599.69,0.4866,0.00926,0.0,3.0178,290.6,51.0
2026-10-01T20:53:19Z,2026-10-09,8,100000.0,P,0.179,0.1835,0.1811,84679.97,84599.69,0.4866,-0.99074,0.0,3.0178,3.8,0.0
2026-10-01T20:53:19Z,2026-10-16,15,70000.0,C,0.1735,0.177,0.1753,84767.72,84599.69,0.5136,0.97279,1e-05,10.58661,0.0,0.0
2026-10-01T20:53:19Z,2026-10-16,15,70000.0,P,0.001,0.0012,0.0011,84768.79,84599.69,0.5136,-0.0272,1e-05,10.58417,67.5,12.1
2026-10-01T20:53:19Z,2026-10-16,15,75000.0,C,0.116,0.1195,0.1177,84767.72,84599.69,0.4201,0.93393,2e-05,21.6682,0.0,0.0
2026-10-01T20:53:19Z,2026-10-16,15,75000.0,P,0.0023,0.0026,0.0025,84768.88,84599.69,0.4201,-0.06605,2e-05,21.66316,70.3,0.6
2026-10-01T20:53:19Z,2026-10-16,15,76000.0,C,0.105,0.1085,0.1065,84767.72,84599.69,0.4039,0.91899,2e-05,25.32431,0.0,0.0
2026-10-01T20:53:19Z,2026-10-16,15,76000.0,P,0.0029,0.0031,0.0031,84767.72,84599.69,0.4039,-0.08101,2e-05,25.32431,594.9,0.3
2026-10-01T20:53:19Z,2026-10-16,15,78000.0,C,0.083,0.0865,0.0846,84767.72,84599.69,0.3739,0.87598,3e-05,34.54466,0.0,0.0
2026-10-01T20:53:19Z,2026-10-16,15,78000.0,P,0.0045,0.0049,0.0047,84767.72,84599.69,0.3739,-0.12402,3e-05,34.54466,566.9,3.9
2026-10-01T20:53:19Z,2026-10-16,15,79000.0,C,0.0725,0.076,0.074,84767.72,84599.69,0.36119999999999997,0.84519,4e-05,40.17519,8.6,0.0
2026-10-01T20:53:19Z,2026-10-16,15,79000.0,P,0.0055,0.0065,0.006,84768.88,84599.69,0.36119999999999997,-0.15477,4e-05,40.16797,164.7,3.7
2026-10-01T20:53:19Z,2026-10-16,15,80000.0,C,0.0625,0.066,0.0641,84767.72,84599.69,0.3522,0.80531,5e-05,46.47644,9.5,0.0
2026-10-01T20:53:19Z,2026-10-16,15,80000.0,P,0.0075,0.008,0.0078,84767.72,84599.69,0.3522,-0.19469,5e-05,46.47644,87.7,2.1
2026-10-01T20:53:19Z,2026-10-16,15,81000.0,C,0.0535,0.056,0.0546,84767.72,84599.69,0.34409999999999996,0.75742,5e-05,52.76122,8.9,0.0
2026-10-01T20:53:19Z,2026-10-16,15,81000.0,P,0.01,0.0105,0.0102,84767.72,84599.69,0.34409999999999996,-0.24258,5e-05,52.76122,60.0,0.0
2026-10-01T20:53:19Z,2026-10-16,15,82000.0,C,0.045,0.047,0.0459,84768.88,84599.69,0.3382,0.70088,6e-05,58.59089,17.9,0.2
2026-10-01T20:53:19Z,2026-10-16,15,82000.0,P,0.013,0.0135,0.0132,84768.88,84599.69,0.3382,-0.29912,6e-05,58.59089,179.2,109.5
2026-10-01T20:53:19Z,2026-10-16,15,83000.0,C,0.0375,0.039,0.0379,84768.79,84599.69,0.3332,0.63723,7e-05,63.2933,27.6,3.9
2026-10-01T20:53:19Z,2026-10-16,15,83000.0,P,0.0165,0.0175,0.0171,84767.72,84599.69,0.3332,-0.36284,7e-05,63.29676,451.5,5.6
2026-10-01T20:53:19Z,2026-10-16,15,84000.0,C,0.0305,0.0315,0.031,84767.72,84599.69,0.3323,0.56774,7e-05,66.34288,18.9,2.2
2026-10-01T20:53:19Z,2026-10-16,15,84000.0,P,0.0215,0.0225,0.022,84767.72,84599.69,0.3323,-0.43226,7e-05,66.34288,85.0,15.3
2026-10-01T20:53:19Z,2026-10-16,15,85000.0,C,0.0245,0.0255,0.025,84768.88,84599.69,0.3309,0.49665,7e-05,67.31416,79.4,15.8
2026-10-01T20:53:19Z,2026-10-16,15,85000.0,P,0.027,0.028,0.0277,84768.88,84599.69,0.3309,-0.50335,7e-05,67.31416,7.2,0.3
2026-10-01T20:53:19Z,2026-10-16,15,86000.0,C,0.0195,0.0205,0.0199,84767.72,84599.69,0.3321,0.42652,7e-05,66.17053,206.5,46.4
2026-10-01T20:53:19Z,2026-10-16,15,86000.0,P,0.0335,0.035,0.0345,84767.72,84599.69,0.3321,-0.57348,7e-05,66.17053,13.8,0.0
2026-10-01T20:53:19Z,2026-10-16,15,87000.0,C,0.015,0.016,0.0155,84767.72,84599.69,0.33140000000000003,0.35903,7e-05,63.06776,361.9,54.1
2026-10-01T20:53:19Z,2026-10-16,15,87000.0,P,0.041,0.0425,0.0419,84768.79,84599.69,0.33140000000000003,-0.6409,7e-05,63.07288,16.7,0.0
2026-10-01T20:53:19Z,2026-10-16,15,88000.0,C,0.0115,0.0125,0.012,84768.96,84599.69,0.33270000000000005,0.29743,6e-05,58.43984,67.1,1.7
2026-10-01T20:53:19Z,2026-10-16,15,88000.0,P,0.0485,0.051,0.0502,84768.96,84599.69,0.33270000000000005,-0.70257,6e-05,58.43984,0.2,0.0
2026-10-01T20:53:19Z,2026-10-16,15,89000.0,C,0.009,0.0095,0.0093,84768.79,84599.69,0.335,0.24285,6e-05,52.79304,439.3,111.3
2026-10-01T20:53:19Z,2026-10-16,15,89000.0,P,0.057,0.061,0.0592,84768.79,84599.69,0.335,-0.75715,6e-05,52.79304,6.6,0.0
2026-10-01T20:53:19Z,2026-10-16,15,90000.0,C,0.0065,0.0075,0.0071,84768.96,84599.69,0.33740000000000003,0.19545,5e-05,46.5882,375.8,111.5
2026-10-01T20:53:19Z,2026-10-16,15,90000.0,P,0.067,0.0705,0.0688,84768.96,84599.69,0.33740000000000003,-0.80455,5e-05,46.5882,0.1,0.0
2026-10-01T20:53:19Z,2026-10-16,15,92000.0,C,0.004,0.0044,0.0042,84768.96,84599.69,0.3477,0.12549,4e-05,34.83032,32.5,2.5
2026-10-01T20:53:19Z,2026-10-16,15,92000.0,P,0.0875,0.0915,0.0895,84768.79,84599.69,0.3477,-0.87452,4e-05,34.82909,0.1,0.0
2026-10-01T20:53:19Z,2026-10-16,15,94000.0,C,0.0024,0.0028,0.0026,84768.79,84599.69,0.36229999999999996,0.08115,2e-05,25.35674,4.8,3.8
2026-10-01T20:53:19Z,2026-10-16,15,94000.0,P,0.1095,0.1135,0.1115,84768.79,84599.69,0.36229999999999996,-0.91885,2e-05,25.35674,0.0,0.0
2026-10-01T20:53:19Z,2026-10-16,15,95000.0,C,0.0019,0.0023,0.0021,84768.79,84599.69,0.3703,0.06566,2e-05,21.56375,130.4,16.6
2026-10-01T20:53:19Z,2026-10-16,15,95000.0,P,0.1205,0.125,0.1228,84768.96,84599.69,0.3703,-0.93433,2e-05,21.56467,0.0,0.0
2026-10-01T20:53:19Z,2026-10-16,15,100000.0,C,0.0006,0.0008,0.0007,84768.79,84599.69,0.41159999999999997,0.02409,1e-05,9.55883,53.3,9.4
2026-10-01T20:53:19Z,2026-10-16,15,100000.0,P,0.178,0.183,0.1804,84768.96,84599.69,0.41159999999999997,-0.97591,1e-05,9.55931,1.1,0.1
2026-10-01T20:53:19Z,2026-10-23,22,70000.0,C,0.1755,0.179,0.1773,84857.35,84599.69,0.4808,0.9563,1e-05,19.04957,0.0,0.0
2026-10-01T20:53:19Z,2026-10-23,22,70000.0,P,0.002,0.0023,0.0022,84857.35,84599.69,0.4808,-0.0437,1e-05,19.04957,5.0,5.0
2026-10-01T20:53:19Z,2026-10-23,22,75000.0,C,0.119,0.1225,0.1207,84857.35,84599.69,0.4036,0.90502,2e-05,34.77288,0.0,0.0
2026-10-01T20:53:19Z,2026-10-23,22,75000.0,P,0.0043,0.0047,0.0045,84855.7,84599.69,0.4036,-0.09501,2e-05,34.78126,2.1,2.1
2026-10-01T20:53:19Z,2026-10-23,22,76000.0,C,0.108,0.112,0.1099,84857.35,84599.69,0.3924,0.88612,2e-05,39.66252,0.0,0.0
2026-10-01T20:53:19Z,2026-10-23,22,76000.0,P,0.005,0.006,0.0055,84855.7,84599.69,0.3924,-0.11392,2e-05,39.67152,0.1,0.1
2026-10-01T20:53:19Z,2026-10-23,22,78000.0,C,0.087,0.091,0.0888,84857.35,84599.69,0.3696,0.83766,3e-05,50.54283,0.0,0.0
2026-10-01T20:53:19Z,2026-10-23,22,78000.0,P,0.0075,0.0085,0.008,84857.35,84599.69,0.3696,-0.16234,3e-05,50.54283,2.1,2.1
2026-10-01T20:53:19Z,2026-10-23,22,79000.0,C,0.077,0.081,0.0789,84857.35,84599.69,0.3616,0.805,4e-05,56.73215,0.0,0.0
2026-10-01T20:53:19Z,2026-10-23,22,79000.0,P,0.0095,0.01,0.0099,84857.35,84599.69,0.3616,-0.195,4e-05,56.73215,28.3,28.3
2026-10-01T20:53:19Z,2026-10-23,22,80000.0,C,0.068,0.071,0.0693,84855.7,84599.69,0.3532,0.76753,4e-05,62.85356,0.0,0.0
2026-10-01T20:53:19Z,2026-10-23,22,80000.0,P,0.012,0.0125,0.0121,84855.7,84599.69,0.3532,-0.23247,4e-05,62.85356,1.1,1.1
2026-10-01T20:53:19Z,2026-10-23,22,81000.0,C,0.059,0.062,0.0604,84857.35,84599.69,0.3475,0.72382,5e-05,68.80446,0.0,0.0
2026-10-01T20:53:19Z,2026-10-23,22,81000.0,P,0.0145,0.0155,0.015,84857.35,84599.69,0.3475,-0.27618,5e-05,68.80446,0.2,0.2
2026-10-01T20:53:19Z,2026-10-23,22,82000.0,C,0.0515,0.053,0.0522,84855.7,84599.69,0.3429,0.67483,5e-05,74.07403,0.0,0.0
2026-10-01T20:53:19Z,2026-10-23,22,82000.0,P,0.018,0.019,0.0185,84857.35,84599.69,0.3429,-0.32508,5e-05,74.06762,8.1,12.4
2026-10-01T20:53:19Z,2026-10-23,22,83000.0,C,0.044,0.0455,0.0445,84855.7,84599.69,0.33899999999999997,0.62176,5e-05,78.23534,1.8,1.8
2026-10-01T20:53:19Z,2026-10-23,22,83000.0,P,0.022,0.023,0.0227,84857.35,84599.69,0.33899999999999997,-0.37815,5e-05,78.23112,8.0,12.4
2026-10-01T20:53:19Z,2026-10-23,22,84000.0,C,0.0375,0.0385,0.0377,84855.7,84599.69,0.33640000000000003,0.56554,6e-05,80.97855,17.8,23.2
2026-10-01T20:53:19Z,2026-10-23,22,84000.0,P,0.027,0.028,0.0276,84857.35,84599.69,0.33640000000000003,-0.43436,6e-05,80.97693,10.5,13.2
2026-10-01T20:53:19Z,2026-10-23,22,85000.0,C,0.031,0.032,0.0316,84857.4,84599.69,0.33509999999999995,0.50796,6e-05,82.07426,0.0,0.0
2026-10-01T20:53:19Z,2026-10-23,22,85000.0,P,0.0325,0.034,0.0333,84857.4,84599.69,0.33509999999999995,-0.49204,6e-05,82.07426,2.8,2.8
2026-10-01T20:53:19Z,2026-10-23,22,86000.0,C,0.026,0.0265,0.0263,84857.4,84599.69,0.3348,0.4506,6e-05,81.46041,2.1,2.1
2026-10-01T20:53:19Z,2026-10-23,22,86000.0,P,0.039,0.04,0.0398,84857.4,84599.69,0.3348,-0.5494,6e-05,81.46041,9.4,9.4
2026-10-01T20:53:19Z,2026-10-23,22,87000.0,C,0.021,0.022,0.0216,84857.4,84599.69,0.33380000000000004,0.39449,6e-05,79.20243,3.5,3.5
2026-10-01T20:53:19Z,2026-10-23,22,87000.0,P,0.046,0.0475,0.0469,84855.7,84599.69,0.33380000000000004,-0.60561,6e-05,79.19564,1.8,1.8
2026-10-01T20:53:19Z,2026-10-23,22,88000.0,C,0.017,0.018,0.0176,84855.7,84599.69,0.3335,0.34107,5e-05,75.48582,2.9,3.3
2026-10-01T20:53:19Z,2026-10-23,22,88000.0,P,0.0535,0.056,0.0546,84855.7,84599.69,0.3335,-0.65893,5e-05,75.48582,0.0,0.0
2026-10-01T20:53:19Z,2026-10-23,22,89000.0,C,0.014,0.0145,0.0142,84857.4,84599.69,0.33399999999999996,0.29182,5e-05,70.64293,0.0,0.0
2026-10-01T20:53:19Z,2026-10-23,22,89000.0,P,0.0605,0.0665,0.0631,84855.7,84599.69,0.33399999999999996,-0.70826,5e-05,70.63194,0.0,0.0
2026-10-01T20:53:19Z,2026-10-23,22,90000.0,C,0.011,0.012,0.0116,84855.7,84599.69,0.33630000000000004,0.24792,5e-05,65.09715,5.0,5.9
2026-10-01T20:53:19Z,2026-10-23,22,90000.0,P,0.0705,0.074,0.0722,84855.7,84599.69,0.33630000000000004,-0.75208,5e-05,65.09715,0.0,0.0
2026-10-01T20:53:19Z,2026-10-23,22,92000.0,C,0.007,0.008,0.0075,84855.7,84599.69,0.3417,0.17512,4e-05,53.06527,6.4,7.0
2026-10-01T20:53:19Z,2026-10-23,22,92000.0,P,0.09,0.094,0.0917,84855.7,84599.69,0.3417,-0.82488,4e-05,53.06527,0.0,0.0
2026-10-01T20:53:19Z,2026-10-23,22,94000.0,C,0.0048,0.0055,0.0051,84855.7,84599.69,0.35359999999999997,0.12495,3e-05,42.34505,0.0,0.0
2026-10-01T20:53:19Z,2026-10-23,22,94000.0,P,0.11,0.116,0.1129,84855.7,84599.69,0.35359999999999997,-0.87505,3e-05,42.34505,0.0,0.0
2026-10-01T20:53:19Z,2026-10-23,22,95000.0,C,0.004,0.0044,0.0042,84855.7,84599.69,0.3578,0.10418,2e-05,37.2047,2.7,2.7
2026-10-01T20:53:19Z,2026-10-23,22,95000.0,P,0.1215,0.126,0.1237,84857.4,84599.69,0.3578,-0.89577,2e-05,37.21625,0.0,0.0
2026-10-01T20:53:19Z,2026-10-23,22,100000.0,C,0.0016,0.002,0.0017,84855.7,84599.69,0.3914,0.04622,1e-05,19.92629,1.4,1.4
2026-10-01T20:53:19Z,2026-10-23,22,100000.0,P,0.178,0.1825,0.1802,84855.7,84599.69,0.3914,-0.95378,1e-05,19.92629,0.0,0.0
2026-10-01T20:53:19Z,2026-10-30,29,40000.0,C,0.5285,0.5305,0.5293,84946.65,84599.69,0.9664,0.99828,0.0,1.3096,0.3,0.0
2026-10-01T20:53:19Z,2026-10-30,29,40000.0,P,0.0,0.0002,0.0001,84946.65,84599.69,0.9664,-0.00172,0.0,1.3096,206.6,1.2
2026-10-01T20:53:19Z,2026-10-30,29,45000.0,C,0.469,0.472,0.4705,84946.65,84599.69,0.8633,0.99708,0.0,2.12065,0.9,0.0
2026-10-01T20:53:19Z,2026-10-30,29,45000.0,P,0.0002,0.0003,0.0002,84946.65,84599.69,0.8633,-0.00292,0.0,2.12065,320.7,30.3
2026-10-01T20:53:19Z,2026-10-30,29,48000.0,C,0.434,0.437,0.4353,84946.65,84599.69,0.8201,0.99544,0.0,3.16263,8.5,0.0
2026-10-01T20:53:19Z,2026-10-30,29,48000.0,P,0.0003,0.0004,0.0004,84946.65,84599.69,0.8201,-0.00456,0.0,3.16263,202.9,0.9
2026-10-01T20:53:19Z,2026-10-30,29,50000.0,C,0.4105,0.4135,0.4119,84946.65,84599.69,0.7903,0.99399,0.0,4.03629,1.1,0.0
2026-10-01T20:53:19Z,2026-10-30,29,50000.0,P,0.0004,0.0005,0.0005,84946.65,84599.69,0.7903,-0.00601,0.0,4.03629,428.5,1.3
2026-10-01T20:53:19Z,2026-10-30,29,52000.0,C,0.387,0.39,0.3884,84946.65,84599.69,0.7573000000000001,0.99238,0.0,4.98363,0.1,0.0
2026-10-01T20:53:19Z,2026-10-30,29,52000.0,P,0.0005,0.0006,0.0006,84946.65,84599.69,0.7573000000000001,-0.00762,0.0,4.98363,126.8,1.0
2026-10-01T20:53:19Z,2026-10-30,29,54000.0,C,0.3635,0.3665,0.365,84945.81,84599.69,0.7253000000000001,0.99031,0.0,6.15127,0.1,0.0
2026-10-01T20:53:19Z,2026-10-30,29,54000.0,P,0.0006,0.0008,0.0007,84945.81,84599.69,0.7253000000000001,-0.00969,0.0,6.15127,191.5,14.8
2026-10-01T20:53:19Z,2026-10-30,29,55000.0,C,0.3515,0.355,0.3533,84945.81,84599.69,0.7084,0.98917,0.0,6.77755,0.1,0.0
2026-10-01T20:53:19Z,2026-10-30,29,55000.0,P,0.0007,0.0009,0.0008,84945.81,84599.69,0.7084,-0.01083,0.0,6.77755,302.2,0.2
2026-10-01T20:53:19Z,2026-10-30,29,56000.0,C,0.34,0.3435,0.3416,84945.81,84599.69,0.6873999999999999,0.98829,0.0,7.25133,0.5,0.0
2026-10-01T20:53:19Z,2026-10-30,29,56000.0,P,0.0007,0.0009,0.0008,84945.81,84599.69,0.6873999999999999,-0.01171,0.0,7.25133,470.0,4.6
2026-10-01T20:53:19Z,2026-10-30,29,57000.0,C,0.3285,0.3315,0.3299,84945.81,84599.69,0.6723,0.98675,0.0,8.06993,0.1,0.0
2026-10-01T20:53:19Z,2026-10-30,29,57000.0,P,0.0008,0.001,0.0009,84945.81,84599.69,0.6723,-0.01325,0.0,8.06993,206.8,3.8
2026-10-01T20:53:19Z,2026-10-30,29,58000.0,C,0.3165,0.32,0.3182,84945.81,84599.69,0.6563,0.98514,0.0,8.91336,0.0,0.0
2026-10-01T20:53:19Z,2026-10-30,29,58000.0,P,0.0009,0.0011,0.001,84945.81,84599.69,0.6563,-0.01486,0.0,8.91336,328.7,2.0
2026-10-01T20:53:19Z,2026-10-30,29,59000.0,C,0.305,0.3085,0.3066,84945.81,84599.69,0.6394,0.98344,0.0,9.78008,1.0,0.0
2026-10-01T20:53:19Z,2026-10-30,29,59000.0,P,0.001,0.0012,0.0011,84945.81,84599.69,0.6394,-0.01656,0.0,9.78008,303.3,2.5
2026-10-01T20:53:19Z,2026-10-30,29,60000.0,C,0.2935,0.2965,0.2949,84945.81,84599.69,0.6234000000000001,0.98143,0.0,10.7858,13.7,0.0
2026-10-01T20:53:19Z,2026-10-30,29,60000.0,P,0.0011,0.0014,0.0012,84945.81,84599.69,0.6234000000000001,-0.01857,0.0,10.7858,1287.7,1.1
2026-10-01T20:53:19Z,2026-10-30,29,61000.0,C,0.2815,0.285,0.2833,84945.81,84599.69,0.6069,0.97925,0.0,11.8491,7.7,0.0
2026-10-01T20:53:19Z,2026-10-30,29,61000.0,P,0.0013,0.0015,0.0014,84945.81,84599.69,0.6069,-0.02075,0.0,11.8491,276.1,2.0
2026-10-01T20:53:19Z,2026-10-30,29,62000.0,C,0.27,0.2735,0.2716,84945.81,84599.69,0.5896,0.97696,0.0,12.94297,13.5,0.0
2026-10-01T20:53:19Z,2026-10-30,29,62000.0,P,0.0014,0.0016,0.0015,84945.81,84599.69,0.5896,-0.02304,0.0,12.94297,1261.1,4.3
2026-10-01T20:53:19Z,2026-10-30,29,63000.0,C,0.2585,0.2615,0.26,84946.6,84599.69,0.5734,0.97421,0.0,14.23012,148.3,0.0
2026-10-01T20:53:19Z,2026-10-30,29,63000.0,P,0.0015,0.0018,0.0017,84945.81,84599.69,0.5734,-0.02579,0.0,14.23159,641.0,50.8
2026-10-01T20:53:19Z,2026-10-30,29,64000.0,C,0.2465,0.25,0.2484,84946.6,84599.69,0.5571,0.97115,0.0,15.62508,422.1,0.0
2026-10-01T20:53:19Z,2026-10-30,29,64000.0,P,0.0017,0.002,0.0018,84945.81,84599.69,0.5571,-0.02885,0.0,15.62671,559.3,31.7
2026-10-01T20:53:19Z,2026-10-30,29,65000.0,C,0.235,0.2385,0.2368,84945.81,84599.69,0.5407,0.96769,1e-05,17.16181,430.4,0.0
2026-10-01T20:53:19Z,2026-10-30,29,65000.0,P,0.0019,0.0022,0.002,84945.81,84599.69,0.5407,-0.03231,1e-05,17.16181,643.3,0.4
2026-10-01T20:53:19Z,2026-10-30,29,66000.0,C,0.2235,0.227,0.2252,84945.81,84599.69,0.5238,0.96394,1e-05,18.78099,76.9,0.0
2026-10-01T20:53:19Z,2026-10-30,29,66000.0,P,0.0021,0.0024,0.0022,84944.81,84599.69,0.5238,-0.03606,1e-05,18.78383,538.1,32.0
2026-10-01T20:53:19Z,2026-10-30,29,67000.0,C,0.212,0.2155,0.2137,84944.81,84599.69,0.509,0.95914,1e-05,20.79836,108.4,0.0
2026-10-01T20:53:19Z,2026-10-30,29,67000.0,P,0.0023,0.0026,0.0025,84944.81,84599.69,0.509,-0.04086,1e-05,20.79836,685.6,5.4
2026-10-01T20:53:19Z,2026-10-30,29,68000.0,C,0.2005,0.204,0.2023,84944.81,84599.69,0.49369999999999997,0.95379,1e-05,22.96886,465.2,141.2
2026-10-01T20:53:19Z,2026-10-30,29,68000.0,P,0.0026,0.0029,0.0028,84944.81,84599.69,0.49369999999999997,-0.04621,1e-05,22.96886,1381.5,2.5
2026-10-01T20:53:19Z,2026-10-30,29,69000.0,C,0.189,0.1925,0.1908,84944.81,84599.69,0.478,0.94785,1e-05,25.29672,640.3,50.2
2026-10-01T20:53:19Z,2026-10-30,29,69000.0,P,0.0029,0.0032,0.0031,84944.81,84599.69,0.478,-0.05215,1e-05,25.29672,1585.2,27.6
2026-10-01T20:53:19Z,2026-10-30,29,70000.0,C,0.1775,0.181,0.1794,84944.81,84599.69,0.4636,0.94054,1e-05,28.05706,3771.1,1723.8
2026-10-01T20:53:19Z,2026-10-30,29,70000.0,P,0.0033,0.0036,0.0035,84945.81,84599.69,0.4636,-0.05945,1e-05,28.05342,2096.2,332.1
2026-10-01T20:53:19Z,2026-10-30,29,71000.0,C,0.166,0.17,0.1681,84944.81,84599.69,0.4487,0.9324,1e-05,31.00497,945.0,150.0
2026-10-01T20:53:19Z,2026-10-30,29,71000.0,P,0.0037,0.004,0.0039,84944.81,84599.69,0.4487,-0.0676,1e-05,31.00497,1391.3,10.8
2026-10-01T20:53:19Z,2026-10-30,29,72000.0,C,0.155,0.1585,0.1569,84944.81,84599.69,0.4353,0.92234,1e-05,34.47883,925.2,177.1
2026-10-01T20:53:19Z,2026-10-30,29,72000.0,P,0.0043,0.0046,0.0045,84944.81,84599.69,0.4353,-0.07766,1e-05,34.47883,1420.6,353.4
2026-10-01T20:53:19Z,2026-10-30,29,73000.0,C,0.144,0.1475,0.1458,84944.81,84599.69,0.424,0.90973,2e-05,38.60452,610.3,165.6
2026-10-01T20:53:19Z,2026-10-30,29,73000.0,P,0.0049,0.0055,0.0052,84944.81,84599.69,0.424,-0.09027,2e-05,38.60452,1563.4,207.1
2026-10-01T20:53:19Z,2026-10-30,29,74000.0,C,0.133,0.1365,0.1348,84944.81,84599.69,0.40950000000000003,0.89677,2e-05,42.60327,658.9,0.0
2026-10-01T20:53:19Z,2026-10-30,29,74000.0,P,0.0055,0.006,0.0059,84944.81,84599.69,0.40950000000000003,-0.10323,2e-05,42.60379,1273.1,77.8
2026-10-01T20:53:19Z,2026-10-30,29,75000.0,C,0.122,0.126,0.124,84944.81,84599.69,0.3987,0.87982,2e-05,47.49983,1166.9,1.1
2026-10-01T20:53:19Z,2026-10-30,29,75000.0,P,0.0065,0.007,0.0069,84944.81,84599.69,0.3987,-0.12018,2e-05,47.49983,1380.4,456.6
2026-10-01T20:53:19Z,2026-10-30,29,76000.0,C,0.1115,0.115,0.1134,84944.81,84599.69,0.3872,0.86062,2e-05,52.63728,495.5,2.9
2026-10-01T20:53:19Z,2026-10-30,29,76000.0,P,0.0075,0.0085,0.0081,84944.81,84599.69,0.3872,-0.13938,2e-05,52.63675,890.9,5.1
2026-10-01T20:53:19Z,2026-10-30,29,77000.0,C,0.1015,0.105,0.1031,84944.94,84599.69,0.37829999999999997,0.83702,3e-05,58.41387,213.2,0.1
2026-10-01T20:53:19Z,2026-10-30,29,77000.0,P,0.009,0.01,0.0096,84944.94,84599.69,0.37829999999999997,-0.16298,3e-05,58.41387,652.8,23.4
2026-10-01T20:53:19Z,2026-10-30,29,78000.0,C,0.0915,0.095,0.0932,84944.94,84599.69,0.3716,0.80888,3e-05,64.60262,497.8,4.7
2026-10-01T20:53:19Z,2026-10-30,29,78000.0,P,0.011,0.012,0.0115,84944.94,84599.69,0.3716,-0.19112,3e-05,64.60262,1256.5,413.6
2026-10-01T20:53:19Z,2026-10-30,29,79000.0,C,0.0835,0.0845,0.0837,84944.81,84599.69,0.36450000000000005,0.7775,3e-05,70.69023,269.2,1.4
2026-10-01T20:53:19Z,2026-10-30,29,79000.0,P,0.0135,0.014,0.0137,84944.94,84599.69,0.36450000000000005,-0.22249,3e-05,70.68952,943.8,52.9
2026-10-01T20:53:19Z,2026-10-30,29,80000.0,C,0.074,0.0755,0.0747,84944.94,84599.69,0.359,0.74166,4e-05,76.68789,1385.4,21.1
2026-10-01T20:53:19Z,2026-10-30,29,80000.0,P,0.016,0.017,0.0164,84944.94,84599.69,0.359,-0.25834,4e-05,76.68789,1889.1,249.4
2026-10-01T20:53:19Z,2026-10-30,29,81000.0,C,0.0655,0.067,0.066,84944.94,84599.69,0.353,0.70252,4e-05,82.15987,694.3,0.3
2026-10-01T20:53:19Z,2026-10-30,29,81000.0,P,0.019,0.02,0.0196,84944.94,84599.69,0.353,-0.29748,4e-05,82.15987,581.2,34.1
2026-10-01T20:53:19Z,2026-10-30,29,82000.0,C,0.0575,0.059,0.0581,84944.94,84599.69,0.34979999999999994,0.65911,4e-05,87.00217,1332.7,26.4
2026-10-01T20:53:19Z,2026-10-30,29,82000.0,P,0.023,0.024,0.0234,84944.94,84599.69,0.34979999999999994,-0.34089,4e-05,87.00217,504.8,270.3
2026-10-01T20:53:19Z,2026-10-30,29,83000.0,C,0.05,0.0515,0.0506,84944.94,84599.69,0.3457,0.61341,5e-05,90.7821,707.8,9.2
2026-10-01T20:53:19Z,2026-10-30,29,83000.0,P,0.027,0.028,0.0277,84944.94,84599.69,0.3457,-0.38659,5e-05,90.7821,652.5,6.0
2026-10-01T20:53:19Z,2026-10-30,29,84000.0,C,0.0435,0.0445,0.044,84944.94,84599.69,0.3447,0.56527,5e-05,93.36269,1301.8,45.1
2026-10-01T20:53:19Z,2026-10-30,29,84000.0,P,0.032,0.033,0.0329,84944.81,84599.69,0.3447,-0.43474,5e-05,93.36279,769.5,28.4
2026-10-01T20:53:19Z,2026-10-30,29,85000.0,C,0.0375,0.0385,0.0378,84944.94,84599.69,0.3425,0.51637,5e-05,94.55223,2041.0,167.1
2026-10-01T20:53:19Z,2026-10-30,29,85000.0,P,0.0375,0.0385,0.0385,84944.94,84599.69,0.3425,-0.48363,5e-05,94.55223,664.1,4.2
2026-10-01T20:53:19Z,2026-10-30,29,86000.0,C,0.032,0.033,0.0323,84944.94,84599.69,0.34090000000000004,0.4673,5e-05,94.31385,1276.1,394.8
2026-10-01T20:53:19Z,2026-10-30,29,86000.0,P,0.044,0.045,0.0447,84944.94,84599.69,0.34090000000000004,-0.5327,5e-05,94.31385,182.3,21.1
2026-10-01T20:53:19Z,2026-10-30,29,87000.0,C,0.027,0.028,0.0275,84944.94,84599.69,0.3403,0.41918,5e-05,92.68314,914.3,30.0
2026-10-01T20:53:19Z,2026-10-30,29,87000.0,P,0.0505,0.052,0.0517,84944.81,84599.69,0.3403,-0.58083,5e-05,92.6827,431.4,34.3
2026-10-01T20:53:19Z,2026-10-30,29,88000.0,C,0.0225,0.0235,0.0231,84944.94,84599.69,0.33880000000000005,0.37213,5e-05,89.72838,1482.7,60.9
2026-10-01T20:53:19Z,2026-10-30,29,88000.0,P,0.058,0.0595,0.059,84944.94,84599.69,0.33880000000000005,-0.62787,5e-05,89.72838,2383.0,0.0
2026-10-01T20:53:19Z,2026-10-30,29,89000.0,C,0.019,0.02,0.0195,84944.84,84599.69,0.33990000000000004,0.32854,4e-05,85.75147,1116.4,153.8
2026-10-01T20:53:19Z,2026-10-30,29,89000.0,P,0.066,0.068,0.0672,84944.94,84599.69,0.33990000000000004,-0.67145,4e-05,85.752,11.2,0.0
2026-10-01T20:53:19Z,2026-10-30,29,90000.0,C,0.016,0.0165,0.0162,84944.94,84599.69,0.33909999999999996,0.28667,4e-05,80.75657,14110.7,4112.7
2026-10-01T20:53:19Z,2026-10-30,29,90000.0,P,0.074,0.0775,0.0757,84944.94,84599.69,0.33909999999999996,-0.71333,4e-05,80.75657,17.9,0.0
2026-10-01T20:53:19Z,2026-10-30,29,91000.0,C,0.013,0.014,0.0135,84944.94,84599.69,0.3408,0.24956,4e-05,75.30885,1768.7,152.9
2026-10-01T20:53:19Z,2026-10-30,29,91000.0,P,0.083,0.087,0.0848,84944.94,84599.69,0.3408,-0.75044,4e-05,75.30885,3.5,0.0
2026-10-01T20:53:19Z,2026-10-30,29,92000.0,C,0.011,0.0115,0.0113,84944.94,84599.69,0.3431,0.21629,4e-05,69.54984,1772.7,11.6
2026-10-01T20:53:19Z,2026-10-30,29,92000.0,P,0.092,0.0965,0.0944,84944.94,84599.69,0.3431,-0.78371,4e-05,69.54984,2.6,0.0
2026-10-01T20:53:19Z,2026-10-30,29,93000.0,C,0.009,0.01,0.0095,84944.94,84599.69,0.34630000000000005,0.1871,3e-05,63.76284,547.9,10.6
2026-10-01T20:53:19Z,2026-10-30,29,93000.0,P,0.102,0.1065,0.1043,84944.94,84599.69,0.34630000000000005,-0.8129,3e-05,63.76284,2.0,0.0
2026-10-01T20:53:19Z,2026-10-30,29,94000.0,C,0.0075,0.0085,0.008,84944.94,84599.69,0.34979999999999994,0.16152,3e-05,58.07217,1310.3,385.8
2026-10-01T20:53:19Z,2026-10-30,29,94000.0,P,0.1125,0.117,0.1146,84944.94,84599.69,0.34979999999999994,-0.83848,3e-05,58.07217,0.1,0.0
2026-10-01T20:53:19Z,2026-10-30,29,95000.0,C,0.006,0.007,0.0066,84944.94,84599.69,0.35200000000000004,0.13809,3e-05,52.30418,23352.7,320.7
2026-10-01T20:53:19Z,2026-10-30,29,95000.0,P,0.1225,0.1275,0.125,84944.94,84599.69,0.35200000000000004,-0.86191,3e-05,52.30418,201.3,0.1
2026-10-01T20:53:19Z,2026-10-30,29,96000.0,C,0.0055,0.006,0.0056,84944.94,84599.69,0.3569,0.11945,2e-05,47.29811,535.6,125.5
2026-10-01T20:53:19Z,2026-10-30,29,96000.0,P,0.1335,0.138,0.1358,84944.94,84599.69,0.3569,-0.88055,2e-05,47.29811,0.1,0.0
2026-10-01T20:53:19Z,2026-10-30,29,98000.0,C,0.0039,0.0043,0.0041,84944.94,84599.69,0.36729999999999996,0.08972,2e-05,38.43197,959.4,630.6
2026-10-01T20:53:19Z,2026-10-30,29,98000.0,P,0.1555,0.16,0.1578,84944.94,84599.69,0.36729999999999996,-0.91028,2e-05,38.43197,27.0,0.0
2026-10-01T20:53:19Z,2026-10-30,29,100000.0,C,0.0029,0.0032,0.0031,84944.94,84599.69,0.37920000000000004,0.06837,1e-05,31.27558,12946.8,10.4
2026-10-01T20:53:19Z,2026-10-30,29,100000.0,P,0.178,0.1825,0.1803,84944.94,84599.69,0.37920000000000004,-0.93163,1e-05,31.27558,1.3,0.0
2026-10-01T20:53:19Z,2026-10-30,29,102000.0,C,0.0022,0.0025,0.0023,84944.84,84599.69,0.3917,0.05282,1e-05,25.55424,341.7,0.0
2026-10-01T20:53:19Z,2026-10-30,29,102000.0,P,0.2005,0.2055,0.2031,84944.81,84599.69,0.3917,-0.94718,1e-05,25.55399,0.0,0.0
2026-10-01T20:53:19Z,2026-10-30,29,104000.0,C,0.0017,0.002,0.0018,84944.94,84599.69,0.4053,0.04169,1e-05,21.13748,206.4,0.1
2026-10-01T20:53:19Z,2026-10-30,29,104000.0,P,0.2235,0.2285,0.2262,84944.94,84599.69,0.4053,-0.95831,1e-05,21.13748,0.0,0.0
2026-10-01T20:53:19Z,2026-10-30,29,105000.0,C,0.0015,0.0018,0.0016,84944.94,84599.69,0.4121,0.0372,1e-05,19.26651,1194.7,0.1
2026-10-01T20:53:19Z,2026-10-30,29,105000.0,P,0.235,0.24,0.2377,84944.94,84599.69,0.4121,-0.9628,1e-05,19.26651,0.9,0.0
2026-10-01T20:53:19Z,2026-10-30,29,106000.0,C,0.0013,0.0016,0.0015,84944.81,84599.69,0.4194,0.03345,1e-05,17.6594,86.8,41.0
2026-10-01T20:53:19Z,2026-10-30,29,106000.0,P,0.2465,0.2515,0.2493,84944.81,84599.69,0.4194,-0.96655,1e-05,17.6594,0.0,0.0
2026-10-01T20:53:19Z,2026-10-30,29,110000.0,C,0.0009,0.0011,0.001,84944.94,84599.69,0.4475,0.02243,1e-05,12.65348,1229.3,30.0
2026-10-01T20:53:19Z,2026-10-30,29,110000.0,P,0.293,0.2985,0.296,84944.84,84599.69,0.4475,-0.97757,1e-05,12.65315,0.2,0.0
2026-10-01T20:53:19Z,2026-10-30,29,115000.0,C,0.0006,0.0008,0.0007,84944.94,84599.69,0.4817,0.01446,0.0,8.70303,99.2,1.5
2026-10-01T20:53:19Z,2026-10-30,29,115000.0,P,0.3515,0.357,0.3545,84944.94,84599.69,0.4817,-0.98554,0.0,8.70303,34.6,0.0
2026-10-01T20:53:19Z,2026-11-27,57,58000.0,C,0.321,0.3245,0.3227,85294.94,84599.69,0.5522,0.97023,0.0,22.67793,1.7,0.0
2026-10-01T20:53:19Z,2026-11-27,57,58000.0,P,0.0025,0.0029,0.0027,85294.94,84599.69,0.5522,-0.02977,0.0,22.67793,271.6,1.6
2026-10-01T20:53:19Z,2026-11-27,57,60000.0,C,0.298,0.3005,0.2998,85294.94,84599.69,0.5271,0.96411,0.0,26.46257,0.8,0.0
2026-10-01T20:53:19Z,2026-11-27,57,60000.0,P,0.0031,0.0034,0.0032,85295.05,84599.69,0.5271,-0.03589,0.0,26.46186,239.8,0.4
2026-10-01T20:53:19Z,2026-11-27,57,62000.0,C,0.2755,0.279,0.277,85294.58,84599.69,0.5059,0.95567,1e-05,31.41826,0.1,0.0
2026-10-01T20:53:19Z,2026-11-27,57,62000.0,P,0.0037,0.0041,0.0039,85294.58,84599.69,0.5059,-0.04433,1e-05,31.41826,346.5,1.0
2026-10-01T20:53:19Z,2026-11-27,57,64000.0,C,0.2525,0.2565,0.2543,85295.05,84599.69,0.4825,0.94614,1e-05,36.70713,0.2,0.0
2026-10-01T20:53:19Z,2026-11-27,57,64000.0,P,0.0044,0.0049,0.0047,85294.58,84599.69,0.4825,-0.05387,1e-05,36.70864,51.1,18.7
2026-10-01T20:53:19Z,2026-11-27,57,66000.0,C,0.2305,0.234,0.2317,85294.58,84599.69,0.4583,0.93484,1e-05,42.61702,0.1,0.0
2026-10-01T20:53:19Z,2026-11-27,57,66000.0,P,0.005,0.006,0.0055,85294.58,84599.69,0.4583,-0.06516,1e-05,42.61702,174.8,1.0
2026-10-01T20:53:19Z,2026-11-27,57,67000.0,C,0.219,0.223,0.2209,85295.05,84599.69,0.4543,0.92513,1e-05,47.42468,0.6,0.0
2026-10-01T20:53:19Z,2026-11-27,57,67000.0,P,0.006,0.007,0.0064,85294.58,84599.69,0.4543,-0.07487,1e-05,47.42653,181.6,0.0
2026-10-01T20:53:19Z,2026-11-27,57,68000.0,C,0.208,0.212,0.2098,85295.05,84599.69,0.4424,0.91763,1e-05,50.98211,0.0,0.0
2026-10-01T20:53:19Z,2026-11-27,57,68000.0,P,0.0065,0.0075,0.007,85294.58,84599.69,0.4424,-0.08237,1e-05,50.98407,181.9,0.4
2026-10-01T20:53:19Z,2026-11-27,57,69000.0,C,0.1975,0.201,0.199,85294.58,84599.69,0.43560000000000004,0.90712,1e-05,55.76585,0.0,0.0
2026-10-01T20:53:19Z,2026-11-27,57,69000.0,P,0.0075,0.0085,0.008,85294.58,84599.69,0.43560000000000004,-0.09288,1e-05,55.76585,123.6,50.0
2026-10-01T20:53:19Z,2026-11-27,57,70000.0,C,0.1865,0.1905,0.1883,85295.05,84599.69,0.4276,0.89602,1e-05,60.56953,3.3,0.0
2026-10-01T20:53:19Z,2026-11-27,57,70000.0,P,0.0085,0.0095,0.009,85294.58,84599.69,0.4276,-0.10398,1e-05,60.57169,233.0,0.3
2026-10-01T20:53:19Z,2026-11-27,57,71000.0,C,0.176,0.1795,0.1776,85294.58,84599.69,0.41859999999999997,0.88423,1e-05,65.42686,0.2,0.0
2026-10-01T20:53:19Z,2026-11-27,57,71000.0,P,0.0095,0.0105,0.01,85294.58,84599.69,0.41859999999999997,-0.11577,1e-05,65.42686,28.7,0.2
2026-10-01T20:53:19Z,2026-11-27,57,72000.0,C,0.1655,0.169,0.1671,85295.05,84599.69,0.4102,0.87099,2e-05,70.59379,25.5,0.0
2026-10-01T20:53:19Z,2026-11-27,57,72000.0,P,0.0105,0.0115,0.0112,85295.05,84599.69,0.4102,-0.12901,2e-05,70.59379,83.6,0.0
2026-10-01T20:53:19Z,2026-11-27,57,73000.0,C,0.155,0.159,0.1567,85294.58,84599.69,0.40270000000000006,0.85586,2e-05,76.15482,0.6,0.0
2026-10-01T20:53:19Z,2026-11-27,57,73000.0,P,0.012,0.013,0.0126,85295.05,84599.69,0.40270000000000006,-0.14413,2e-05,76.15243,63.3,2.1
2026-10-01T20:53:19Z,2026-11-27,57,74000.0,C,0.145,0.149,0.1469,85295.05,84599.69,0.3985,0.8376,2e-05,82.42163,0.4,0.0
2026-10-01T20:53:19Z,2026-11-27,57,74000.0,P,0.014,0.015,0.0145,85295.05,84599.69,0.3985,-0.1624,2e-05,82.42163,108.0,0.0
2026-10-01T20:53:19Z,2026-11-27,57,75000.0,C,0.1355,0.139,0.1371,85294.58,84599.69,0.3931,0.8184,2e-05,88.51799,291.5,4.0
2026-10-01T20:53:19Z,2026-11-27,57,75000.0,P,0.016,0.017,0.0164,85294.58,84599.69,0.3931,-0.1816,2e-05,88.51799,1690.2,55.0
2026-10-01T20:53:19Z,2026-11-27,57,76000.0,C,0.1265,0.1285,0.1275,85295.05,84599.69,0.38670000000000004,0.79805,2e-05,94.46687,27.5,0.0
2026-10-01T20:53:19Z,2026-11-27,57,76000.0,P,0.018,0.019,0.0185,85295.05,84599.69,0.38670000000000004,-0.20195,2e-05,94.46687,82.3,23.4
2026-10-01T20:53:19Z,2026-11-27,57,77000.0,C,0.1175,0.119,0.1183,85295.05,84599.69,0.382,0.77518,2e-05,100.56687,74.1,0.6
2026-10-01T20:53:19Z,2026-11-27,57,77000.0,P,0.0205,0.0215,0.021,85295.26,84599.69,0.382,-0.22481,2e-05,100.56587,234.2,2.2
2026-10-01T20:53:19Z,2026-11-27,57,78000.0,C,0.1085,0.1105,0.1095,85295.05,84599.69,0.3787,0.75006,3e-05,106.59123,256.1,0.3
2026-10-01T20:53:19Z,2026-11-27,57,78000.0,P,0.0235,0.0245,0.024,85295.05,84599.69,0.3787,-0.24994,3e-05,106.59123,201.3,10.0
2026-10-01T20:53:19Z,2026-11-27,57,79000.0,C,0.1,0.102,0.1009,85295.26,84599.69,0.37420000000000003,0.7239,3e-05,112.15716,153.0,0.0
2026-10-01T20:53:19Z,2026-11-27,57,79000.0,P,0.0265,0.0275,0.0271,85295.05,84599.69,0.37420000000000003,-0.2761,3e-05,112.158,170.5,2.0
2026-10-01T20:53:19Z,2026-11-27,57,80000.0,C,0.092,0.0935,0.0929,85295.05,84599.69,0.37200000000000005,0.69538,3e-05,117.44382,1146.5,0.2
2026-10-01T20:53:19Z,2026-11-27,57,80000.0,P,0.0305,0.0315,0.0308,85295.26,84599.69,0.37200000000000005,-0.30461,3e-05,117.4431,234.9,9.2
2026-10-01T20:53:19Z,2026-11-27,57,81000.0,C,0.0845,0.086,0.0852,85295.26,84599.69,0.36950000000000005,0.66574,3e-05,122.11148,162.9,0.0
2026-10-01T20:53:19Z,2026-11-27,57,81000.0,P,0.0345,0.0355,0.0348,85295.26,84599.69,0.36950000000000005,-0.33426,3e-05,122.11148,348.2,7.2
2026-10-01T20:53:19Z,2026-11-27,57,82000.0,C,0.077,0.0785,0.0777,85295.05,84599.69,0.3665,0.6351,3e-05,126.08474,149.9,0.4
2026-10-01T20:53:19Z,2026-11-27,57,82000.0,P,0.0385,0.0395,0.0391,85295.05,84599.69,0.3665,-0.3649,3e-05,126.08474,130.8,0.1
2026-10-01T20:53:19Z,2026-11-27,57,83000.0,C,0.07,0.0715,0.0709,85295.26,84599.69,0.3652,0.60324,3e-05,129.32818,100.1,0.0
2026-10-01T20:53:19Z,2026-11-27,57,83000.0,P,0.0435,0.0445,0.044,85295.26,84599.69,0.3652,-0.39676,3e-05,129.32818,177.0,0.0
2026-10-01T20:53:19Z,2026-11-27,57,84000.0,C,0.064,0.065,0.0645,85295.26,84599.69,0.364,0.57082,3e-05,131.7201,82.0,0.0
2026-10-01T20:53:19Z,2026-11-27,57,84000.0,P,0.049,0.05,0.0494,85295.05,84599.69,0.364,-0.42918,3e-05,131.72018,71.1,0.4
2026-10-01T20:53:19Z,2026-11-27,57,85000.0,C,0.058,0.059,0.0585,85295.05,84599.69,0.3626,0.53808,3e-05,133.22416,830.4,3.5
2026-10-01T20:53:19Z,2026-11-27,57,85000.0,P,0.0545,0.0555,0.055,85295.05,84599.69,0.3626,-0.46192,3e-05,133.22416,120.5,23.1
2026-10-01T20:53:19Z,2026-11-27,57,86000.0,C,0.0525,0.0535,0.0529,85295.05,84599.69,0.3619,0.50532,3e-05,133.82241,179.2,0.0
2026-10-01T20:53:19Z,2026-11-27,57,86000.0,P,0.0605,0.062,0.0612,85295.05,84599.69,0.3619,-0.49468,3e-05,133.82241,93.1,0.0
2026-10-01T20:53:19Z,2026-11-27,57,87000.0,C,0.047,0.0485,0.0477,85295.05,84599.69,0.36090000000000005,0.47271,3e-05,133.52097,203.6,2.5
2026-10-01T20:53:19Z,2026-11-27,57,87000.0,P,0.067,0.0685,0.0677,85295.26,84599.69,0.36090000000000005,-0.52729,3e-05,133.52145,26.3,0.0
2026-10-01T20:53:19Z,2026-11-27,57,88000.0,C,0.0425,0.0435,0.043,85295.05,84599.69,0.3608,0.44075,3e-05,132.35548,1092.8,11.0
2026-10-01T20:53:19Z,2026-11-27,57,88000.0,P,0.074,0.0755,0.0747,85295.26,84599.69,0.3608,-0.55924,3e-05,132.35615,36.1,0.0
2026-10-01T20:53:19Z,2026-11-27,57,89000.0,C,0.038,0.039,0.0386,85295.26,84599.69,0.3604,0.40939,3e-05,130.36772,509.9,0.0
2026-10-01T20:53:19Z,2026-11-27,57,89000.0,P,0.0815,0.0825,0.082,85295.05,84599.69,0.3604,-0.59062,3e-05,130.36688,14.1,0.4
2026-10-01T20:53:19Z,2026-11-27,57,90000.0,C,0.034,0.035,0.0345,85295.26,84599.69,0.35969999999999996,0.37876,3e-05,127.60601,2800.3,1920.5
2026-10-01T20:53:19Z,2026-11-27,57,90000.0,P,0.0885,0.0905,0.0896,85295.05,84599.69,0.35969999999999996,-0.62124,3e-05,127.60501,6.7,0.0
2026-10-01T20:53:19Z,2026-11-27,57,91000.0,C,0.0305,0.0315,0.0309,85295.26,84599.69,0.3605,0.34984,3e-05,124.23862,208.0,0.0
2026-10-01T20:53:19Z,2026-11-27,57,91000.0,P,0.0965,0.099,0.0978,85295.05,84599.69,0.3605,-0.65017,3e-05,124.23748,0.0,0.0
2026-10-01T20:53:19Z,2026-11-27,57,92000.0,C,0.027,0.028,0.0275,85295.26,84599.69,0.36,0.32147,3e-05,120.19833,402.0,0.1
2026-10-01T20:53:19Z,2026-11-27,57,92000.0,P,0.1045,0.1075,0.1061,85295.26,84599.69,0.36,-0.67853,3e-05,120.19833,2.1,0.0
2026-10-01T20:53:19Z,2026-11-27,57,93000.0,C,0.024,0.025,0.0245,85295.26,84599.69,0.3605,0.2949,3e-05,115.73277,196.4,11.1
2026-10-01T20:53:19Z,2026-11-27,57,93000.0,P,0.113,0.117,0.1149,85295.26,84599.69,0.3605,-0.7051,3e-05,115.73277,0.0,0.0
2026-10-01T20:53:19Z,2026-11-27,57,94000.0,C,0.0215,0.0225,0.022,85295.26,84599.69,0.3619,0.27045,3e-05,111.01582,456.5,153.4
2026-10-01T20:53:19Z,2026-11-27,57,94000.0,P,0.122,0.126,0.124,85295.05,84599.69,0.3619,-0.72955,3e-05,111.01437,3.0,0.0
2026-10-01T20:53:19Z,2026-11-27,57,95000.0,C,0.019,0.02,0.0195,85295.26,84599.69,0.3625,0.24681,3e-05,105.87894,1088.2,200.0
2026-10-01T20:53:19Z,2026-11-27,57,95000.0,P,0.131,0.1355,0.1333,85295.26,84599.69,0.3625,-0.75319,3e-05,105.87894,0.1,0.0
2026-10-01T20:53:19Z,2026-11-27,57,96000.0,C,0.017,0.018,0.0175,85295.26,84599.69,0.3644,0.22563,2e-05,100.77245,218.8,0.1
2026-10-01T20:53:19Z,2026-11-27,57,96000.0,P,0.1405,0.145,0.143,85295.26,84599.69,0.3644,-0.77437,2e-05,100.77245,0.0,0.0
2026-10-01T20:53:19Z,2026-11-27,57,97000.0,C,0.015,0.016,0.0155,85295.26,84599.69,0.3654,0.20528,2e-05,95.39514,41.2,0.0
2026-10-01T20:53:19Z,2026-11-27,57,97000.0,P,0.1505,0.155,0.1527,85295.26,84599.69,0.3654,-0.79472,2e-05,95.39514,0.0,0.0
2026-10-01T20:53:19Z,2026-11-27,57,98000.0,C,0.0135,0.0145,0.014,85295.26,84599.69,0.3682,0.18773,2e-05,90.36495,710.7,4.0
2026-10-01T20:53:19Z,2026-11-27,57,98000.0,P,0.1605,0.165,0.1629,85295.26,84599.69,0.3682,-0.81227,2e-05,90.36495,0.0,0.0
2026-10-01T20:53:19Z,2026-11-27,57,99000.0,C,0.012,0.013,0.0125,85295.26,84599.69,0.37,0.17076,2e-05,85.13623,11.5,0.0
2026-10-01T20:53:19Z,2026-11-27,57,99000.0,P,0.1705,0.1755,0.1731,85295.05,84599.69,0.37,-0.82924,2e-05,85.13465,0.0,0.0
2026-10-01T20:53:19Z,2026-11-27,57,100000.0,C,0.0105,0.0115,0.011,85295.26,84599.69,0.371,0.15456,2e-05,79.79069,456.0,23.8
2026-10-01T20:53:19Z,2026-11-27,57,100000.0,P,0.181,0.1855,0.1834,85295.26,84599.69,0.371,-0.84544,2e-05,79.79069,26.1,0.0
2026-10-01T20:53:19Z,2026-11-27,57,102000.0,C,0.0085,0.0095,0.009,85295.26,84599.69,0.37689999999999996,0.12876,2e-05,70.49811,385.1,10.1
2026-10-01T20:53:19Z,2026-11-27,57,102000.0,P,0.202,0.207,0.2048,85295.05,84599.69,0.37689999999999996,-0.87124,2e-05,70.49661,2.0,0.0
2026-10-01T20:53:19Z,2026-11-27,57,104000.0,C,0.007,0.0075,0.0073,85295.05,84599.69,0.3826,0.10708,1e-05,61.86969,17.4,1.0
2026-10-01T20:53:19Z,2026-11-27,57,104000.0,P,0.224,0.229,0.2266,85295.05,84599.69,0.3826,-0.89292,1e-05,61.86969,0.0,0.0
2026-10-01T20:53:19Z,2026-11-27,57,105000.0,C,0.006,0.007,0.0065,85295.05,84599.69,0.3845,0.097,1e-05,57.57668,20.2,0.0
2026-10-01T20:53:19Z,2026-11-27,57,105000.0,P,0.235,0.24,0.2375,85295.05,84599.69,0.3845,-0.903,1e-05,57.57668,3.3,0.0
2026-10-01T20:53:19Z,2026-11-27,57,106000.0,C,0.0055,0.0065,0.006,85295.26,84599.69,0.3889,0.08944,1e-05,54.22754,29.4,1.0
2026-10-01T20:53:19Z,2026-11-27,57,106000.0,P,0.246,0.251,0.2487,85295.26,84599.69,0.3889,-0.91056,1e-05,54.22754,0.0,0.0
2026-10-01T20:53:19Z,2026-11-27,57,108000.0,C,0.0047,0.0055,0.0051,85295.05,84599.69,0.3982,0.07656,1e-05,48.24076,102.7,0.0
2026-10-01T20:53:19Z,2026-11-27,57,108000.0,P,0.268,0.2735,0.2713,85295.26,84599.69,0.3982,-0.92343,1e-05,48.24196,0.0,0.0
2026-10-01T20:53:19Z,2026-11-27,57,110000.0,C,0.0039,0.0043,0.0041,85295.05,84599.69,0.40240000000000004,0.06327,1e-05,41.65534,258.8,1.1
2026-10-01T20:53:19Z,2026-11-27,57,110000.0,P,0.2905,0.296,0.2937,85295.05,84599.69,0.40240000000000004,-0.93673,1e-05,41.65534,0.0,0.0
2026-10-01T20:53:19Z,2026-11-27,57,112000.0,C,0.0032,0.0037,0.0034,85295.05,84599.69,0.4093,0.05353,1e-05,36.52609,8.3,0.0
2026-10-01T20:53:19Z,2026-11-27,57,112000.0,P,0.3135,0.319,0.3165,85295.05,84599.69,0.4093,-0.94647,1e-05,36.52609,0.0,0.0
2026-10-01T20:53:19Z,2026-11-27,57,115000.0,C,0.0025,0.003,0.0027,85295.13,84599.69,0.4214,0.04273,1e-05,30.49567,44.6,0.0
2026-10-01T20:53:19Z,2026-11-27,57,115000.0,P,0.3475,0.3535,0.351,85295.05,84599.69,0.4214,-0.95728,1e-05,30.49477,0.2,0.0
2026-10-01T20:53:19Z,2026-11-27,57,120000.0,C,0.0016,0.0021,0.0018,85295.05,84599.69,0.4388,0.02926,0.0,22.35942,118.9,0.1
2026-10-01T20:53:19Z,2026-11-27,57,120000.0,P,0.4055,0.4115,0.4087,85295.05,84599.69,0.4388,-0.97074,0.0,22.35942,9.9,0.0
2026-10-01T20:53:19Z,2026-12-25,85,20000.0,C,0.766,0.7675,0.7667,85622.25,84599.69,1.1256,0.99844,0.0,2.07816,5.1,0.0
2026-10-01T20:53:19Z,2026-12-25,85,20000.0,P,0.0002,0.0003,0.0003,85621.91,84599.69,1.1256,-0.00156,0.0,2.0782,933.2,4.2
2026-10-01T20:53:19Z,2026-12-25,85,30000.0,C,0.6495,0.651,0.6503,85622.25,84599.69,0.9004000000000001,0.99583,0.0,5.06558,300.8,0.0
2026-10-01T20:53:19Z,2026-12-25,85,30000.0,P,0.0005,0.0008,0.0006,85621.91,84599.69,0.9004000000000001,-0.00417,0.0,5.06568,2197.9,0.0
2026-10-01T20:53:19Z,2026-12-25,85,35000.0,C,0.591,0.593,0.5921,85622.25,84599.69,0.8025,0.99397,0.0,7.03461,87.9,0.0
2026-10-01T20:53:19Z,2026-12-25,85,35000.0,P,0.0006,0.001,0.0008,85622.25,84599.69,0.8025,-0.00603,0.0,7.03461,2141.9,0.0
2026-10-01T20:53:19Z,2026-12-25,85,40000.0,C,0.533,0.5355,0.5341,85622.25,84599.69,0.7332,0.99021,0.0,10.78052,253.2,0.0
2026-10-01T20:53:19Z,2026-12-25,85,40000.0,P,0.0011,0.0014,0.0013,85622.25,84599.69,0.7332,-0.00979,0.0,10.78052,4958.3,4.3
2026-10-01T20:53:19Z,2026-12-25,85,45000.0,C,0.475,0.4775,0.4761,85622.25,84599.69,0.6504000000000001,0.98654,0.0,14.21273,94.5,0.0
2026-10-01T20:53:19Z,2026-12-25,85,45000.0,P,0.0014,0.0018,0.0016,85622.25,84599.69,0.6504000000000001,-0.01346,0.0,14.21273,2812.1,0.1
2026-10-01T20:53:19Z,2026-12-25,85,50000.0,C,0.417,0.4205,0.4184,85622.25,84599.69,0.5896,0.97925,0.0,20.57511,260.7,0.0
2026-10-01T20:53:19Z,2026-12-25,85,50000.0,P,0.0022,0.0025,0.0024,85622.25,84599.69,0.5896,-0.02075,0.0,20.57511,2215.9,0.1
2026-10-01T20:53:19Z,2026-12-25,85,52000.0,C,0.394,0.3975,0.3954,85622.25,84599.69,0.5655,0.97554,0.0,23.63144,0.1,0.0
2026-10-01T20:53:19Z,2026-12-25,85,52000.0,P,0.0025,0.0029,0.0028,85622.25,84599.69,0.5655,-0.02446,0.0,23.63144,436.9,0.0
2026-10-01T20:53:19Z,2026-12-25,85,54000.0,C,0.371,0.3745,0.3726,85621.91,84599.69,0.5445,0.97068,0.0,27.49645,32.2,0.0
2026-10-01T20:53:19Z,2026-12-25,85,54000.0,P,0.003,0.0034,0.0033,85621.91,84599.69,0.5445,-0.02932,0.0,27.49645,1907.3,300.0
2026-10-01T20:53:19Z,2026-12-25,85,55000.0,C,0.3595,0.3635,0.3612,85622.25,84599.69,0.5342,0.96791,0.0,29.63506,122.4,0.0
2026-10-01T20:53:19Z,2026-12-25,85,55000.0,P,0.0033,0.0037,0.0035,85622.25,84599.69,0.5342,-0.03209,0.0,29.63506,3197.4,50.1
2026-10-01T20:53:19Z,2026-12-25,85,56000.0,C,0.3485,0.352,0.3498,85622.25,84599.69,0.524,0.96489,0.0,31.9064,42.2,0.0
2026-10-01T20:53:19Z,2026-12-25,85,56000.0,P,0.0036,0.004,0.0038,85622.25,84599.69,0.524,-0.03511,0.0,31.9064,520.5,0.1
2026-10-01T20:53:19Z,2026-12-25,85,58000.0,C,0.3255,0.3295,0.3272,85622.25,84599.69,0.5055,0.95758,0.0,37.22547,40.3,0.0
2026-10-01T20:53:19Z,2026-12-25,85,58000.0,P,0.0044,0.0048,0.0046,85622.25,84599.69,0.5055,-0.04242,0.0,37.22547,1835.3,0.0
2026-10-01T20:53:19Z,2026-12-25,85,60000.0,C,0.303,0.307,0.3047,85622.25,84599.69,0.48719999999999997,0.94891,1e-05,43.2173,784.1,0.0
2026-10-01T20:53:19Z,2026-12-25,85,60000.0,P,0.005,0.006,0.0055,85622.25,84599.69,0.48719999999999997,-0.05109,1e-05,43.2173,6265.1,1.7
2026-10-01T20:53:19Z,2026-12-25,85,62000.0,C,0.281,0.2845,0.2824,85622.25,84599.69,0.4683,0.93889,1e-05,49.77322,247.1,0.0
2026-10-01T20:53:19Z,2026-12-25,85,62000.0,P,0.006,0.007,0.0065,85622.25,84599.69,0.4683,-0.06111,1e-05,49.77322,1549.4,0.0
2026-10-01T20:53:19Z,2026-12-25,85,64000.0,C,0.259,0.2625,0.2605,85622.25,84599.69,0.4535,0.92551,1e-05,57.99939,404.8,0.1
2026-10-01T20:53:19Z,2026-12-25,85,64000.0,P,0.0075,0.0085,0.008,85622.25,84599.69,0.4535,-0.07449,1e-05,57.99939,380.8,0.0
2026-10-01T20:53:19Z,2026-12-25,85,65000.0,C,0.248,0.2515,0.2494,85622.25,84599.69,0.4432,0.91911,1e-05,61.7443,916.8,0.0
2026-10-01T20:53:19Z,2026-12-25,85,65000.0,P,0.008,0.009,0.0086,85621.91,84599.69,0.4432,-0.08089,1e-05,61.74566,891.7,0.0
2026-10-01T20:53:19Z,2026-12-25,85,66000.0,C,0.2375,0.241,0.2387,85622.25,84599.69,0.4368,0.9105,1e-05,66.61101,267.2,12.5
2026-10-01T20:53:19Z,2026-12-25,85,66000.0,P,0.009,0.01,0.0095,85622.25,84599.69,0.4368,-0.0895,1e-05,66.61101,418.9,0.2
2026-10-01T20:53:19Z,2026-12-25,85,68000.0,C,0.216,0.2195,0.2174,85622.25,84599.69,0.4226,0.89163,1e-05,76.6196,1023.2,0.0
2026-10-01T20:53:19Z,2026-12-25,85,68000.0,P,0.011,0.012,0.0116,85622.25,84599.69,0.4226,-0.10837,1e-05,76.6196,697.8,3.6
2026-10-01T20:53:19Z,2026-12-25,85,70000.0,C,0.1955,0.199,0.1969,85622.25,84599.69,0.4127,0.86736,1e-05,88.34955,1885.0,2.2
2026-10-01T20:53:19Z,2026-12-25,85,70000.0,P,0.014,0.015,0.0145,85622.25,84599.69,0.4127,-0.13264,1e-05,88.34955,2111.5,0.2
2026-10-01T20:53:19Z,2026-12-25,85,72000.0,C,0.1755,0.1795,0.1771,85622.25,84599.69,0.4028,0.83921,1e-05,100.53926,1214.3,0.0
2026-10-01T20:53:19Z,2026-12-25,85,72000.0,P,0.0175,0.0185,0.018,85621.91,84599.69,0.4028,-0.1608,1e-05,100.54091,879.0,10.0
2026-10-01T20:53:19Z,2026-12-25,85,74000.0,C,0.1565,0.16,0.158,85621.91,84599.69,0.39409999999999995,0.80627,2e-05,113.1064,137.9,0.0
2026-10-01T20:53:19Z,2026-12-25,85,74000.0,P,0.022,0.0225,0.0223,85622.32,84599.69,0.39409999999999995,-0.19372,2e-05,113.10447,185.2,0.5
2026-10-01T20:53:19Z,2026-12-25,85,75000.0,C,0.147,0.151,0.1489,85621.91,84599.69,0.39049999999999996,0.78787,2e-05,119.40861,1924.7,0.0
2026-10-01T20:53:19Z,2026-12-25,85,75000.0,P,0.0245,0.025,0.0248,85622.22,84599.69,0.39049999999999996,-0.21212,2e-05,119.40663,1735.0,0.0
2026-10-01T20:53:19Z,2026-12-25,85,76000.0,C,0.138,0.1425,0.14,85622.25,84599.69,0.3871,0.76829,2e-05,125.58501,480.4,0.2
2026-10-01T20:53:19Z,2026-12-25,85,76000.0,P,0.027,0.028,0.0276,85622.25,84599.69,0.3871,-0.23171,2e-05,125.58501,474.0,0.4
2026-10-01T20:53:19Z,2026-12-25,85,78000.0,C,0.122,0.124,0.1233,85622.25,84599.69,0.3821,0.72546,2e-05,137.32011,1087.5,0.2
2026-10-01T20:53:19Z,2026-12-25,85,78000.0,P,0.034,0.0345,0.0342,85621.91,84599.69,0.3821,-0.27455,2e-05,137.32134,1448.9,108.9
2026-10-01T20:53:19Z,2026-12-25,85,80000.0,C,0.1065,0.1085,0.1077,85622.22,84599.69,0.3778,0.67889,2e-05,147.50567,8727.2,0.0
2026-10-01T20:53:19Z,2026-12-25,85,80000.0,P,0.0415,0.0425,0.042,85622.25,84599.69,0.3778,-0.32111,2e-05,147.5056,1991.6,70.2
2026-10-01T20:53:19Z,2026-12-25,85,82000.0,C,0.0925,0.094,0.0933,85621.91,84599.69,0.3741,0.62936,2e-05,155.60078,1321.7,1.0
2026-10-01T20:53:19Z,2026-12-25,85,82000.0,P,0.0505,0.0515,0.051,85621.91,84599.69,0.3741,-0.37064,2e-05,155.60078,806.7,2.2
2026-10-01T20:53:19Z,2026-12-25,85,84000.0,C,0.08,0.081,0.0805,85622.22,84599.69,0.37200000000000005,0.57784,3e-05,161.17917,1249.4,70.2
2026-10-01T20:53:19Z,2026-12-25,85,84000.0,P,0.061,0.062,0.0615,85622.22,84599.69,0.37200000000000005,-0.42216,3e-05,161.17917,159.3,10.2
2026-10-01T20:53:19Z,2026-12-25,85,85000.0,C,0.074,0.075,0.0745,85622.22,84599.69,0.3709,0.55175,3e-05,162.93228,3193.3,1.1
2026-10-01T20:53:19Z,2026-12-25,85,85000.0,P,0.0665,0.068,0.0673,85622.25,84599.69,0.3709,-0.44825,3e-05,162.93229,570.8,25.5
2026-10-01T20:53:19Z,2026-12-25,85,86000.0,C,0.0685,0.0695,0.069,85622.22,84599.69,0.3704,0.52567,3e-05,163.97669,527.1,27.8
2026-10-01T20:53:19Z,2026-12-25,85,86000.0,P,0.0725,0.074,0.0734,85622.25,84599.69,0.3704,-0.47433,3e-05,163.97673,105.2,2.0
2026-10-01T20:53:19Z,2026-12-25,85,88000.0,C,0.058,0.059,0.0587,85622.25,84599.69,0.369,0.47385,3e-05,163.96387,4003.2,19.4
2026-10-01T20:53:19Z,2026-12-25,85,88000.0,P,0.086,0.087,0.0864,85622.22,84599.69,0.369,-0.52615,3e-05,163.9638,145.2,0.0
2026-10-01T20:53:19Z,2026-12-25,85,90000.0,C,0.0495,0.0505,0.0498,85622.25,84599.69,0.369,0.42379,3e-05,161.30993,3792.0,19.1
2026-10-01T20:53:19Z,2026-12-25,85,90000.0,P,0.1,0.1015,0.1009,85622.22,84599.69,0.369,-0.5762,3e-05,161.30998,602.5,1.7
2026-10-01T20:53:19Z,2026-12-25,85,92000.0,C,0.0415,0.0425,0.042,85622.22,84599.69,0.3691,0.37605,2e-05,156.32123,782.3,13.1
2026-10-01T20:53:19Z,2026-12-25,85,92000.0,P,0.115,0.1175,0.1165,85622.25,84599.69,0.3691,-0.62394,2e-05,156.32147,24.6,0.0
2026-10-01T20:53:19Z,2026-12-25,85,94000.0,C,0.035,0.036,0.0355,85622.25,84599.69,0.37020000000000003,0.33174,2e-05,149.47536,633.1,54.4
2026-10-01T20:53:19Z,2026-12-25,85,94000.0,P,0.1315,0.1345,0.1333,85622.25,84599.69,0.37020000000000003,-0.66826,2e-05,149.47536,5.9,0.0
2026-10-01T20:53:19Z,2026-12-25,85,95000.0,C,0.032,0.033,0.0325,85622.22,84599.69,0.37060000000000004,0.31072,2e-05,145.45542,1531.6,32.1
2026-10-01T20:53:19Z,2026-12-25,85,95000.0,P,0.14,0.143,0.142,85622.25,84599.69,0.37060000000000004,-0.68928,2e-05,145.45557,143.2,0.0
2026-10-01T20:53:19Z,2026-12-25,85,96000.0,C,0.0295,0.03,0.0297,85622.25,84599.69,0.37060000000000004,0.29026,2e-05,141.04894,1486.8,9.0
2026-10-01T20:53:19Z,2026-12-25,85,96000.0,P,0.148,0.1525,0.1509,85621.91,84599.69,0.37060000000000004,-0.70974,2e-05,141.04665,50.8,0.0
2026-10-01T20:53:19Z,2026-12-25,85,98000.0,C,0.0245,0.0255,0.025,85622.22,84599.69,0.3729,0.25365,2e-05,131.89258,551.8,106.0
2026-10-01T20:53:19Z,2026-12-25,85,98000.0,P,0.1665,0.1715,0.1696,85622.22,84599.69,0.3729,-0.74635,2e-05,131.89258,3.2,0.2
2026-10-01T20:53:19Z,2026-12-25,85,100000.0,C,0.0205,0.0215,0.021,85622.22,84599.69,0.375,0.22055,2e-05,122.13115,5831.5,15.8
2026-10-01T20:53:19Z,2026-12-25,85,100000.0,P,0.1855,0.1905,0.1889,85622.25,84599.69,0.375,-0.77945,2e-05,122.13124,302.9,3.0
2026-10-01T20:53:19Z,2026-12-25,85,102000.0,C,0.017,0.018,0.0175,85622.25,84599.69,0.3768,0.19078,2e-05,112.05088,498.3,1.6
2026-10-01T20:53:19Z,2026-12-25,85,102000.0,P,0.2055,0.211,0.2088,85622.22,84599.69,0.3768,-0.80922,2e-05,112.05008,7.8,0.0
2026-10-01T20:53:19Z,2026-12-25,85,104000.0,C,0.0145,0.0155,0.015,85622.25,84599.69,0.38130000000000003,0.16642,2e-05,102.80978,169.5,0.1
2026-10-01T20:53:19Z,2026-12-25,85,104000.0,P,0.2275,0.2315,0.2296,85622.25,84599.69,0.38130000000000003,-0.83358,2e-05,102.80978,0.3,0.0
2026-10-01T20:53:19Z,2026-12-25,85,105000.0,C,0.013,0.014,0.0136,85622.25,84599.69,0.382,0.15426,2e-05,97.83437,961.6,6.0
2026-10-01T20:53:19Z,2026-12-25,85,105000.0,P,0.2375,0.242,0.24,85622.25,84599.69,0.382,-0.84574,2e-05,97.83437,107.5,0.0
2026-10-01T20:53:19Z,2026-12-25,85,106000.0,C,0.012,0.013,0.0125,85621.91,84599.69,0.3835,0.14343,1e-05,93.18804,615.0,0.0
2026-10-01T20:53:19Z,2026-12-25,85,106000.0,P,0.247,0.2525,0.2505,85621.91,84599.69,0.3835,-0.85657,1e-05,93.18804,0.2,0.0
2026-10-01T20:53:19Z,2026-12-25,85,108000.0,C,0.0105,0.011,0.0107,85622.25,84599.69,0.3881,0.12498,1e-05,84.77923,165.6,0.0
2026-10-01T20:53:19Z,2026-12-25,85,108000.0,P,0.2685,0.274,0.2721,85621.91,84599.69,0.3881,-0.87502,1e-05,84.77682,0.1,0.0
2026-10-01T20:53:19Z,2026-12-25,85,110000.0,C,0.0085,0.0095,0.009,85622.25,84599.69,0.391,0.10787,1e-05,76.36925,2963.7,0.0
2026-10-01T20:53:19Z,2026-12-25,85,110000.0,P,0.2905,0.296,0.2938,85621.91,84599.69,0.391,-0.89213,1e-05,76.36695,81.6,0.1
2026-10-01T20:53:19Z,2026-12-25,85,115000.0,C,0.006,0.007,0.0065,85622.25,84599.69,0.40619999999999995,0.07899,1e-05,60.64861,2325.0,18.7
2026-10-01T20:53:19Z,2026-12-25,85,115000.0,P,0.3455,0.352,0.3496,85622.25,84599.69,0.40619999999999995,-0.92101,1e-05,60.64861,5.0,0.0
2026-10-01T20:53:19Z,2026-12-25,85,120000.0,C,0.0044,0.0048,0.0046,85622.25,84599.69,0.4182,0.05736,1e-05,47.36162,5781.9,0.0
2026-10-01T20:53:19Z,2026-12-25,85,120000.0,P,0.402,0.4085,0.4061,85622.25,84599.69,0.4182,-0.94264,1e-05,47.36162,35.8,0.0
2026-10-01T20:53:19Z,2026-12-25,85,125000.0,C,0.0032,0.0036,0.0034,85622.22,84599.69,0.4321,0.04305,1e-05,37.6741,516.6,0.0
2026-10-01T20:53:19Z,2026-12-25,85,125000.0,P,0.4595,0.466,0.4633,85622.25,84599.69,0.4321,-0.95695,1e-05,37.67408,9.3,0.0
2026-10-01T20:53:19Z,2026-12-25,85,130000.0,C,0.0024,0.0028,0.0026,85622.25,84599.69,0.4464,0.03308,0.0,30.38375,1569.0,0.1
2026-10-01T20:53:19Z,2026-12-25,85,130000.0,P,0.517,0.524,0.5209,85622.25,84599.69,0.4464,-0.96692,0.0,30.38375,57.0,0.0
2026-10-01T20:53:19Z,2026-12-25,85,135000.0,C,0.0019,0.0023,0.0021,85622.25,84599.69,0.4622,0.02638,0.0,25.1817,1449.5,6.0
2026-10-01T20:53:19Z,2026-12-25,85,135000.0,P,0.575,0.582,0.5788,85622.25,84599.69,0.4622,-0.97362,0.0,25.1817,0.7,0.0
2026-10-01T20:53:19Z,2026-12-25,85,140000.0,C,0.0015,0.0019,0.0017,85621.91,84599.69,0.4769,0.02124,0.0,20.98855,1418.4,0.3
2026-10-01T20:53:19Z,2026-12-25,85,140000.0,P,0.632,0.64,0.6368,85622.25,84599.69,0.4769,-0.97875,0.0,20.98938,0.3,0.0
2026-10-01T20:53:19Z,2026-12-25,85,150000.0,C,0.001,0.0013,0.0011,85622.25,84599.69,0.5046,0.01431,0.0,14.98257,1735.7,0.1
2026-10-01T20:53:19Z,2026-12-25,85,150000.0,P,0.748,0.7565,0.753,85621.91,84599.69,0.5046,-0.98569,0.0,14.98197,4.4,0.0
2026-10-01T20:53:19Z,2026-12-25,85,160000.0,C,0.0007,0.001,0.0009,85622.25,84599.69,0.5355,0.01077,0.0,11.71057,1280.8,0.0
2026-10-01T20:53:19Z,2026-12-25,85,160000.0,P,0.864,0.873,0.8696,85622.25,84599.69,0.5355,-0.98923,0.0,11.71057,0.1,0.0
2026-10-01T20:53:19Z,2026-12-25,85,170000.0,C,0.0004,0.0008,0.0006,85621.91,84599.69,0.5508,0.00703,0.0,8.05164,2016.6,0.1
2026-10-01T20:53:19Z,2026-12-25,85,170000.0,P,0.981,0.99,0.986,85622.25,84599.69,0.5508,-0.99297,0.0,8.05197,0.1,0.0
2026-10-01T20:53:19Z,2026-12-25,85,180000.0,C,0.0003,0.0006,0.0004,85622.25,84599.69,0.5722999999999999,0.00522,0.0,6.18554,934.4,0.0
2026-10-01T20:53:19Z,2026-12-25,85,180000.0,P,1.0955,1.111,1.1027,85621.91,84599.69,0.5722999999999999,-0.99478,0.0,6.18529,0.1,0.0
2026-10-01T20:53:19Z,2026-12-25,85,190000.0,C,0.0002,0.0006,0.0004,85622.25,84599.69,0.6001,0.00443,0.0,5.35144,1027.0,0.0
2026-10-01T20:53:19Z,2026-12-25,85,190000.0,P,1.2115,1.2285,1.2194,85622.25,84599.69,0.6001,-0.99557,0.0,5.35144,0.0,0.0
2026-10-01T20:53:19Z,2026-12-25,85,200000.0,C,0.0002,0.0005,0.0003,85621.79,84599.69,0.6199,0.00351,0.0,4.33942,962.3,0.0
2026-10-01T20:53:19Z,2026-12-25,85,200000.0,P,1.327,1.3445,1.3361,85621.91,84599.69,0.62,-0.99648,0.0,4.34774,0.0,0.0
2026-10-01T20:53:19Z,2026-12-25,85,210000.0,C,0.0001,0.0005,0.0003,85622.25,84599.69,0.6413,0.00294,0.0,3.7041,162.4,0.0
2026-10-01T20:53:19Z,2026-12-25,85,210000.0,P,1.4435,1.462,1.4529,85621.91,84599.69,0.6413,-0.99706,0.0,3.70395,0.0,0.0
2026-10-01T20:53:19Z,2026-12-25,85,220000.0,C,0.0001,0.0004,0.0002,85621.91,84599.69,0.6625,0.00254,0.0,3.24196,252.8,0.0
2026-10-01T20:53:19Z,2026-12-25,85,220000.0,P,1.5595,1.5795,1.5696,85621.84,84599.69,0.6624,-0.99746,0.0,3.24033,0.0,0.0
2026-10-01T20:53:19Z,2026-12-25,85,230000.0,C,0.0001,0.0004,0.0002,85621.84,84599.69,0.6866,0.00235,0.0,3.02479,190.6,0.0
2026-10-01T20:53:19Z,2026-12-25,85,230000.0,P,1.677,1.698,1.6864,85621.84,84599.69,0.6866,-0.99765,0.0,3.02479,0.0,0.0
2026-10-01T20:53:19Z,2026-12-25,85,240000.0,C,0.0001,0.0003,0.0002,85621.84,84599.69,0.7023999999999999,0.00198,0.0,2.58672,784.8,0.0
2026-10-01T20:53:19Z,2026-12-25,85,240000.0,P,1.793,1.8145,1.8032,85621.84,84599.69,0.7023999999999999,-0.99802,0.0,2.58672,0.0,0.0
2026-10-01T20:53:19Z,2026-12-25,85,250000.0,C,0.0001,0.0002,0.0002,85621.84,84599.69,0.7199,0.00174,0.0,2.30686,1282.4,1.0
2026-10-01T20:53:19Z,2026-12-25,85,250000.0,P,1.9075,1.933,1.92,85621.84,84599.69,0.7199,-0.99826,0.0,2.30686,10.0,0.0
2026-10-01T20:53:19Z,2027-03-26,176,35000.0,C,0.598,0.5995,0.5983,86704.55,84599.69,0.6369,0.98855,0.0,18.02895,21.8,0.0
2026-10-01T20:53:19Z,2027-03-26,176,35000.0,P,0.0019,0.0023,0.002,86704.56,84599.69,0.6369,-0.01145,0.0,18.02894,607.1,0.3
2026-10-01T20:53:19Z,2027-03-26,176,40000.0,C,0.541,0.543,0.5417,86704.56,84599.69,0.5885,0.98213,0.0,26.44677,82.1,0.0
2026-10-01T20:53:19Z,2027-03-26,176,40000.0,P,0.0029,0.0033,0.003,86704.56,84599.69,0.5885,-0.01787,0.0,26.44677,1925.4,7.2
2026-10-01T20:53:19Z,2027-03-26,176,45000.0,C,0.485,0.487,0.4855,86704.56,84599.69,0.5462,0.97265,0.0,37.87473,4.8,0.0
2026-10-01T20:53:19Z,2027-03-26,176,45000.0,P,0.0043,0.0047,0.0046,86704.56,84599.69,0.5462,-0.02735,0.0,37.87473,252.6,1.2
2026-10-01T20:53:19Z,2027-03-26,176,50000.0,C,0.4285,0.4325,0.4301,86704.56,84599.69,0.509,0.95875,0.0,53.11064,21.6,0.0
2026-10-01T20:53:19Z,2027-03-26,176,50000.0,P,0.0065,0.007,0.0068,86704.56,84599.69,0.509,-0.04125,0.0,53.11064,2333.9,0.4
2026-10-01T20:53:19Z,2027-03-26,176,52000.0,C,0.4065,0.411,0.408,86704.56,84599.69,0.4928,0.95225,0.0,59.76453,6.0,0.0
2026-10-01T20:53:19Z,2027-03-26,176,52000.0,P,0.0075,0.008,0.0077,86704.56,84599.69,0.4928,-0.04775,0.0,59.76453,322.8,0.1
2026-10-01T20:53:19Z,2027-03-26,176,54000.0,C,0.3845,0.3885,0.3862,86704.55,84599.69,0.4793,0.94419,0.0,67.64659,0.1,0.0
2026-10-01T20:53:19Z,2027-03-26,176,54000.0,P,0.0085,0.0095,0.009,86704.56,84599.69,0.4793,-0.05581,0.0,67.64656,85.5,0.0
2026-10-01T20:53:19Z,2027-03-26,176,55000.0,C,0.3735,0.378,0.3754,86704.56,84599.69,0.4732,0.9396,0.0,71.98875,29.5,0.0
2026-10-01T20:53:19Z,2027-03-26,176,55000.0,P,0.0095,0.01,0.0098,86704.56,84599.69,0.4732,-0.0604,0.0,71.98875,1160.3,660.0
2026-10-01T20:53:19Z,2027-03-26,176,56000.0,C,0.363,0.368,0.3646,86704.56,84599.69,0.4667,0.93482,0.0,76.38705,14.4,0.0
2026-10-01T20:53:19Z,2027-03-26,176,56000.0,P,0.01,0.011,0.0105,86704.56,84599.69,0.4667,-0.06518,0.0,76.38705,131.8,0.1
2026-10-01T20:53:19Z,2027-03-26,176,58000.0,C,0.342,0.3465,0.3435,86704.56,84599.69,0.45630000000000004,0.92351,1e-05,86.38123,4.3,0.0
2026-10-01T20:53:19Z,2027-03-26,176,58000.0,P,0.012,0.013,0.0124,86704.56,84599.69,0.45630000000000004,-0.07649,1e-05,86.38123,139.7,0.1
2026-10-01T20:53:19Z,2027-03-26,176,60000.0,C,0.321,0.326,0.3225,86704.56,84599.69,0.4454,0.91096,1e-05,96.84986,647.9,0.0
2026-10-01T20:53:19Z,2027-03-26,176,60000.0,P,0.014,0.015,0.0145,86704.56,84599.69,0.4454,-0.08904,1e-05,96.84986,817.2,0.0
2026-10-01T20:53:19Z,2027-03-26,176,62000.0,C,0.3005,0.305,0.3019,86704.56,84599.69,0.43520000000000003,0.89658,1e-05,108.1133,52.3,0.0
2026-10-01T20:53:19Z,2027-03-26,176,62000.0,P,0.0165,0.0175,0.017,86704.56,84599.69,0.43520000000000003,-0.10342,1e-05,108.1133,443.5,0.0
2026-10-01T20:53:19Z,2027-03-26,176,64000.0,C,0.28,0.2855,0.2816,86704.56,84599.69,0.42479999999999996,0.88064,1e-05,119.8013,137.9,0.0
2026-10-01T20:53:19Z,2027-03-26,176,64000.0,P,0.019,0.02,0.0197,86704.56,84599.69,0.42479999999999996,-0.11936,1e-05,119.8013,125.8,0.0
2026-10-01T20:53:19Z,2027-03-26,176,65000.0,C,0.2705,0.275,0.2718,86704.56,84599.69,0.42119999999999996,0.87131,1e-05,126.28262,229.7,0.0
2026-10-01T20:53:19Z,2027-03-26,176,65000.0,P,0.021,0.022,0.0215,86704.56,84599.69,0.42119999999999996,-0.12869,1e-05,126.28262,894.7,1.3
2026-10-01T20:53:19Z,2027-03-26,176,66000.0,C,0.2605,0.266,0.2619,86704.56,84599.69,0.41609999999999997,0.86216,1e-05,132.39632,23.9,0.0
2026-10-01T20:53:19Z,2027-03-26,176,66000.0,P,0.0225,0.0235,0.0231,86704.56,84599.69,0.41609999999999997,-0.13784,1e-05,132.39632,98.5,0.0
2026-10-01T20:53:19Z,2027-03-26,176,68000.0,C,0.2415,0.2465,0.2428,86704.56,84599.69,0.409,0.84101,1e-05,145.66333,190.9,0.0
2026-10-01T20:53:19Z,2027-03-26,176,68000.0,P,0.027,0.0275,0.0271,86704.56,84599.69,0.409,-0.15899,1e-05,145.66333,557.5,0.0
2026-10-01T20:53:19Z,2027-03-26,176,70000.0,C,0.223,0.2275,0.2246,86704.56,84599.69,0.4036,0.81719,1e-05,159.27874,770.4,0.0
2026-10-01T20:53:19Z,2027-03-26,176,70000.0,P,0.0315,0.0325,0.032,86704.55,84599.69,0.4036,-0.18281,1e-05,159.27878,610.7,12.6
2026-10-01T20:53:19Z,2027-03-26,176,72000.0,C,0.2055,0.2105,0.2069,86704.56,84599.69,0.39770000000000005,0.79157,1e-05,172.49142,88.9,0.0
2026-10-01T20:53:19Z,2027-03-26,176,72000.0,P,0.037,0.0375,0.0373,86704.55,84599.69,0.39770000000000005,-0.20843,1e-05,172.49146,190.3,2.1
2026-10-01T20:53:19Z,2027-03-26,176,74000.0,C,0.189,0.1935,0.1901,86704.56,84599.69,0.39299999999999996,0.76353,1e-05,185.3723,66.8,0.0
2026-10-01T20:53:19Z,2027-03-26,176,74000.0,P,0.043,0.044,0.0435,86704.53,84599.69,0.39299999999999996,-0.23647,1e-05,185.37247,223.9,2.6
2026-10-01T20:53:19Z,2027-03-26,176,75000.0,C,0.1815,0.183,0.182,86704.55,84599.69,0.3911,0.74868,1e-05,191.56768,0.0,0.0
2026-10-01T20:53:19Z,2027-03-26,176,75000.0,P,0.0465,0.0475,0.047,86704.56,84599.69,0.3911,-0.25132,1e-05,191.56765,17.5,0.2
2026-10-01T20:53:19Z,2027-03-26,176,76000.0,C,0.1735,0.175,0.1741,86704.56,84599.69,0.3889,0.73352,1e-05,197.46269,541.7,0.0
2026-10-01T20:53:19Z,2027-03-26,176,76000.0,P,0.05,0.051,0.0506,86704.56,84599.69,0.3889,-0.26648,1e-05,197.46269,618.7,50.6
2026-10-01T20:53:19Z,2027-03-26,176,78000.0,C,0.158,0.16,0.159,86704.56,84599.69,0.3859,0.70166,1e-05,208.4933,647.6,0.0
2026-10-01T20:53:19Z,2027-03-26,176,78000.0,P,0.058,0.059,0.0586,86704.56,84599.69,0.3859,-0.29834,1e-05,208.4933,371.8,7.8
2026-10-01T20:53:19Z,2027-03-26,176,80000.0,C,0.1445,0.146,0.1449,86704.56,84599.69,0.3836,0.66844,2e-05,218.1199,1105.8,0.0
2026-10-01T20:53:19Z,2027-03-26,176,80000.0,P,0.067,0.068,0.0676,86704.56,84599.69,0.3836,-0.33156,2e-05,218.1199,256.9,0.1
2026-10-01T20:53:19Z,2027-03-26,176,82000.0,C,0.131,0.133,0.1318,86704.56,84599.69,0.38159999999999994,0.63425,2e-05,226.1157,1226.4,12.5
2026-10-01T20:53:19Z,2027-03-26,176,82000.0,P,0.077,0.078,0.0775,86704.56,84599.69,0.38159999999999994,-0.36575,2e-05,226.1157,67.4,3.0
2026-10-01T20:53:19Z,2027-03-26,176,84000.0,C,0.119,0.1205,0.1197,86704.56,84599.69,0.38060000000000005,0.59949,2e-05,232.32968,322.5,42.8
2026-10-01T20:53:19Z,2027-03-26,176,84000.0,P,0.0875,0.089,0.0885,86704.53,84599.69,0.38060000000000005,-0.40051,2e-05,232.32967,425.4,16.4
2026-10-01T20:53:19Z,2027-03-26,176,85000.0,C,0.1135,0.1145,0.1139,86704.56,84599.69,0.3801,0.58204,2e-05,234.73805,466.7,0.0
2026-10-01T20:53:19Z,2027-03-26,176,85000.0,P,0.0935,0.0945,0.0943,86704.56,84599.69,0.3801,-0.41796,2e-05,234.73805,32.5,23.2
2026-10-01T20:53:19Z,2027-03-26,176,86000.0,C,0.108,0.109,0.1084,86704.53,84599.69,0.37979999999999997,0.56461,2e-05,236.67509,364.5,1.6
2026-10-01T20:53:19Z,2027-03-26,176,86000.0,P,0.0995,0.1005,0.1003,86704.24,84599.69,0.37979999999999997,-0.4354,2e-05,236.67478,29.9,1.6
2026-10-01T20:53:19Z,2027-03-26,176,88000.0,C,0.0975,0.099,0.098,86704.55,84599.69,0.3791,0.52989,2e-05,239.15321,130.7,17.0
2026-10-01T20:53:19Z,2027-03-26,176,88000.0,P,0.112,0.1135,0.113,86704.53,84599.69,0.3791,-0.47011,2e-05,239.15314,61.1,0.0
2026-10-01T20:53:19Z,2027-03-26,176,90000.0,C,0.088,0.0895,0.0886,86704.24,84599.69,0.3789,0.49576,2e-05,239.81239,762.0,2.4
2026-10-01T20:53:19Z,2027-03-26,176,90000.0,P,0.1255,0.127,0.1266,86704.53,84599.69,0.3789,-0.50423,2e-05,239.81323,45.0,0.1
2026-10-01T20:53:19Z,2027-03-26,176,92000.0,C,0.0795,0.0805,0.0798,86704.24,84599.69,0.3787,0.46234,2e-05,238.75669,419.4,0.0
2026-10-01T20:53:19Z,2027-03-26,176,92000.0,P,0.14,0.1415,0.1409,86704.24,84599.69,0.3787,-0.53766,2e-05,238.75669,11.1,0.0
2026-10-01T20:53:19Z,2027-03-26,176,94000.0,C,0.0715,0.0725,0.0719,86704.24,84599.69,0.3788,0.43004,2e-05,236.12834,183.4,0.3
2026-10-01T20:53:19Z,2027-03-26,176,94000.0,P,0.155,0.1565,0.156,86704.24,84599.69,0.3788,-0.56996,2e-05,236.12834,20.2,0.0
2026-10-01T20:53:19Z,2027-03-26,176,95000.0,C,0.0675,0.069,0.0682,86704.53,84599.69,0.3789,0.41432,2e-05,234.27365,458.1,0.6
2026-10-01T20:53:19Z,2027-03-26,176,95000.0,P,0.163,0.1645,0.1639,86704.53,84599.69,0.3789,-0.58568,2e-05,234.27365,9.3,0.0
2026-10-01T20:53:19Z,2027-03-26,176,96000.0,C,0.064,0.0655,0.0647,86704.24,84599.69,0.37920000000000004,0.39903,2e-05,232.10345,169.4,0.1
2026-10-01T20:53:19Z,2027-03-26,176,96000.0,P,0.1695,0.1735,0.1719,86704.24,84599.69,0.37920000000000004,-0.60097,2e-05,232.10345,4.4,0.0
2026-10-01T20:53:19Z,2027-03-26,176,98000.0,C,0.0575,0.059,0.0582,86704.24,84599.69,0.37979999999999997,0.36941,2e-05,226.85914,221.6,0.2
2026-10-01T20:53:19Z,2027-03-26,176,98000.0,P,0.185,0.19,0.1885,86704.24,84599.69,0.37979999999999997,-0.63059,2e-05,226.85914,1.6,0.0
2026-10-01T20:53:19Z,2027-03-26,176,100000.0,C,0.052,0.053,0.0523,86704.24,84599.69,0.38049999999999995,0.34133,2e-05,220.59697,1294.4,6.0
2026-10-01T20:53:19Z,2027-03-26,176,100000.0,P,0.203,0.207,0.2057,86704.53,84599.69,0.38049999999999995,-0.65867,2e-05,220.59885,12.7,0.0
2026-10-01T20:53:19Z,2027-03-26,176,102000.0,C,0.0465,0.0475,0.047,86704.24,84599.69,0.38130000000000003,0.31479,2e-05,213.49247,113.0,1.6
2026-10-01T20:53:19Z,2027-03-26,176,102000.0,P,0.2205,0.225,0.2234,86704.24,84599.69,0.38130000000000003,-0.68521,2e-05,213.49247,0.1,0.0
2026-10-01T20:53:19Z,2027-03-26,176,104000.0,C,0.042,0.043,0.0423,86704.24,84599.69,0.3826,0.29011,1e-05,205.81257,135.4,0.0
2026-10-01T20:53:19Z,2027-03-26,176,104000.0,P,0.238,0.244,0.2418,86704.24,84599.69,0.3826,-0.70989,1e-05,205.81257,0.1,0.0
2026-10-01T20:53:19Z,2027-03-26,176,105000.0,C,0.0395,0.0405,0.0401,86704.24,84599.69,0.38299999999999995,0.27816,1e-05,201.71484,245.0,0.0
2026-10-01T20:53:19Z,2027-03-26,176,105000.0,P,0.2475,0.253,0.2511,86704.24,84599.69,0.38299999999999995,-0.72184,1e-05,201.71484,2.4,0.0
2026-10-01T20:53:19Z,2027-03-26,176,106000.0,C,0.0375,0.0385,0.038,86704.24,84599.69,0.3837,0.26689,1e-05,197.61297,93.5,0.0
2026-10-01T20:53:19Z,2027-03-26,176,106000.0,P,0.257,0.2625,0.2606,86704.24,84599.69,0.3837,-0.73311,1e-05,197.61297,0.1,0.0
2026-10-01T20:53:19Z,2027-03-26,176,108000.0,C,0.034,0.035,0.0343,86704.53,84599.69,0.38539999999999996,0.2456,1e-05,189.22923,98.0,0.0
2026-10-01T20:53:19Z,2027-03-26,176,108000.0,P,0.276,0.282,0.2799,86704.24,84599.69,0.38539999999999996,-0.75441,1e-05,189.22696,0.1,0.0
2026-10-01T20:53:19Z,2027-03-26,176,110000.0,C,0.0305,0.0315,0.031,86704.24,84599.69,0.3872,0.22595,1e-05,180.72585,1211.6,4.0
2026-10-01T20:53:19Z,2027-03-26,176,110000.0,P,0.2955,0.302,0.2996,86704.24,84599.69,0.3872,-0.77405,1e-05,180.72585,5.1,0.0
2026-10-01T20:53:19Z,2027-03-26,176,112000.0,C,0.0275,0.0285,0.028,86704.24,84599.69,0.389,0.20773,1e-05,172.14936,99.2,0.0
2026-10-01T20:53:19Z,2027-03-26,176,112000.0,P,0.3155,0.322,0.3197,86704.24,84599.69,0.389,-0.79227,1e-05,172.14936,0.1,0.0
2026-10-01T20:53:19Z,2027-03-26,176,115000.0,C,0.0235,0.0245,0.024,86704.24,84599.69,0.39159999999999995,0.18286,1e-05,159.30777,570.7,500.0
2026-10-01T20:53:19Z,2027-03-26,176,115000.0,P,0.346,0.353,0.3503,86704.24,84599.69,0.39159999999999995,-0.81714,1e-05,159.30777,3.0,0.0
2026-10-01T20:53:19Z,2027-03-26,176,120000.0,C,0.0185,0.0195,0.019,86704.24,84599.69,0.3981,0.14929,1e-05,139.72319,837.1,0.3
2026-10-01T20:53:19Z,2027-03-26,176,120000.0,P,0.3985,0.4055,0.403,86704.53,84599.69,0.3981,-0.8507,1e-05,139.72542,9.9,0.0
2026-10-01T20:53:19Z,2027-03-26,176,125000.0,C,0.0145,0.0155,0.015,86704.24,84599.69,0.4036,0.12156,1e-05,121.35425,430.0,0.0
2026-10-01T20:53:19Z,2027-03-26,176,125000.0,P,0.452,0.459,0.4566,86704.24,84599.69,0.4036,-0.87844,1e-05,121.35425,0.1,0.0
2026-10-01T20:53:19Z,2027-03-26,176,130000.0,C,0.012,0.0125,0.012,86704.24,84599.69,0.4103,0.10001,1e-05,105.50888,1191.4,0.1
2026-10-01T20:53:19Z,2027-03-26,176,130000.0,P,0.5065,0.514,0.5114,86704.24,84599.69,0.4103,-0.89999,1e-05,105.50888,0.5,0.0
2026-10-01T20:53:19Z,2027-03-26,176,140000.0,C,0.008,0.0085,0.0081,86704.24,84599.69,0.4252,0.06972,1e-05,80.46333,902.1,0.1
2026-10-01T20:53:19Z,2027-03-26,176,140000.0,P,0.6185,0.6255,0.6228,86704.24,84599.69,0.4252,-0.93028,1e-05,80.46333,10.9,0.0
2026-10-01T20:53:19Z,2027-03-26,176,150000.0,C,0.0055,0.0065,0.006,86704.24,84599.69,0.4434,0.05164,0.0,63.6117,1865.8,0.0
2026-10-01T20:53:19Z,2027-03-26,176,150000.0,P,0.7305,0.7385,0.736,86704.53,84599.69,0.4434,-0.94836,0.0,63.61304,0.6,0.0
2026-10-01T20:53:19Z,2027-03-26,176,160000.0,C,0.0042,0.0046,0.0044,86704.24,84599.69,0.45909999999999995,0.03874,0.0,50.46761,1034.3,0.0
2026-10-01T20:53:19Z,2027-03-26,176,160000.0,P,0.8435,0.853,0.8498,86704.53,84599.69,0.45909999999999995,-0.96126,0.0,50.46872,0.1,0.0
2026-10-01T20:53:19Z,2027-03-26,176,170000.0,C,0.0032,0.0037,0.0035,86704.24,84599.69,0.4755,0.03022,0.0,41.14681,1008.0,3.0
2026-10-01T20:53:19Z,2027-03-26,176,170000.0,P,0.9575,0.9675,0.9641,86704.24,84599.69,0.4755,-0.96978,0.0,41.14681,0.3,0.0
2026-10-01T20:53:19Z,2027-03-26,176,180000.0,C,0.0025,0.0031,0.0028,86704.24,84599.69,0.4918,0.02432,0.0,34.33297,689.4,0.0
2026-10-01T20:53:19Z,2027-03-26,176,180000.0,P,1.069,1.0915,1.0788,86704.24,84599.69,0.4918,-0.97568,0.0,34.33297,0.1,0.0
2026-10-01T20:53:19Z,2027-03-26,176,190000.0,C,0.002,0.0026,0.0023,86704.24,84599.69,0.5071,0.01991,0.0,28.99581,694.4,2.0
2026-10-01T20:53:19Z,2027-03-26,176,190000.0,P,1.178,1.2035,1.1936,86704.24,84599.69,0.5071,-0.98009,0.0,28.99581,0.9,0.0
2026-10-01T20:53:19Z,2027-03-26,176,200000.0,C,0.0016,0.0021,0.0019,86704.24,84599.69,0.5194,0.01614,0.0,24.2419,491.6,8.0
2026-10-01T20:53:19Z,2027-03-26,176,200000.0,P,1.291,1.3235,1.3085,86704.24,84599.69,0.5194,-0.98386,0.0,24.2419,1.0,0.0
2026-10-01T20:53:19Z,2027-06-25,267,30000.0,C,0.6605,0.662,0.6611,87890.53,84599.69,0.6244,0.98874,0.0,22.18872,87.2,0.0
2026-10-01T20:53:19Z,2027-06-25,267,30000.0,P,0.0021,0.0029,0.0025,87890.53,84599.69,0.6244,-0.01126,0.0,22.18872,530.1,0.0
2026-10-01T20:53:19Z,2027-06-25,267,40000.0,C,0.5495,0.5515,0.5504,87890.2,84599.69,0.54,0.97361,0.0,45.92124,24.1,5.0
2026-10-01T20:53:19Z,2027-06-25,267,40000.0,P,0.005,0.006,0.0055,87890.53,84599.69,0.54,-0.02639,0.0,45.92069,1251.8,1.0
2026-10-01T20:53:19Z,2027-06-25,267,45000.0,C,0.495,0.4975,0.496,87890.53,84599.69,0.5064,0.96109,0.0,63.27392,15.5,0.0
2026-10-01T20:53:19Z,2027-06-25,267,45000.0,P,0.0075,0.0085,0.008,87890.53,84599.69,0.5064,-0.03891,0.0,63.27392,162.6,0.0
2026-10-01T20:53:19Z,2027-06-25,267,50000.0,C,0.441,0.445,0.4429,87890.53,84599.69,0.4796,0.94311,0.0,85.79563,20.2,0.0
2026-10-01T20:53:19Z,2027-06-25,267,50000.0,P,0.011,0.0125,0.0118,87890.53,84599.69,0.4796,-0.05689,0.0,85.79563,342.9,0.5
2026-10-01T20:53:19Z,2027-06-25,267,52000.0,C,0.4205,0.4245,0.422,87890.2,84599.69,0.47009999999999996,0.93416,0.0,96.17459,1.1,0.0
2026-10-01T20:53:19Z,2027-06-25,267,52000.0,P,0.013,0.0145,0.0137,87890.2,84599.69,0.47009999999999996,-0.06584,0.0,96.17459,46.0,0.0
2026-10-01T20:53:19Z,2027-06-25,267,54000.0,C,0.3995,0.403,0.4013,87890.53,84599.69,0.46,0.92447,0.0,106.87483,1.0,0.0
2026-10-01T20:53:19Z,2027-06-25,267,54000.0,P,0.015,0.0165,0.0157,87889.64,84599.69,0.46,-0.07553,0.0,106.87804,50.5,0.0
2026-10-01T20:53:19Z,2027-06-25,267,55000.0,C,0.3895,0.3935,0.391,87890.53,84599.69,0.4545,0.91944,0.0,112.23504,3.7,0.0
2026-10-01T20:53:19Z,2027-06-25,267,55000.0,P,0.016,0.0175,0.0168,87890.53,84599.69,0.4545,-0.08056,0.0,112.23504,36.9,0.0
2026-10-01T20:53:19Z,2027-06-25,267,56000.0,C,0.379,0.3835,0.381,87890.2,84599.69,0.4508,0.91351,0.0,118.38092,2.9,0.0
2026-10-01T20:53:19Z,2027-06-25,267,56000.0,P,0.0175,0.019,0.0181,87887.97,84599.69,0.4508,-0.0865,0.0,118.38854,85.5,0.0
2026-10-01T20:53:19Z,2027-06-25,267,58000.0,C,0.359,0.3625,0.3609,87890.2,84599.69,0.442,0.90139,1e-05,130.4499,13.8,0.0
2026-10-01T20:53:19Z,2027-06-25,267,58000.0,P,0.02,0.0215,0.0208,87890.2,84599.69,0.442,-0.09861,1e-05,130.4499,100.6,0.0
2026-10-01T20:53:19Z,2027-06-25,267,60000.0,C,0.34,0.3425,0.3413,87890.2,84599.69,0.4347,0.88752,1e-05,143.48174,969.9,0.0
2026-10-01T20:53:19Z,2027-06-25,267,60000.0,P,0.0235,0.0245,0.024,87887.97,84599.69,0.4347,-0.1125,1e-05,143.48999,243.1,0.2
2026-10-01T20:53:19Z,2027-06-25,267,62000.0,C,0.3205,0.3235,0.3223,87890.2,84599.69,0.4286,0.87204,1e-05,157.12788,117.9,0.0
2026-10-01T20:53:19Z,2027-06-25,267,62000.0,P,0.027,0.0285,0.0277,87887.97,84599.69,0.4286,-0.12798,1e-05,157.13627,115.8,0.0
2026-10-01T20:53:19Z,2027-06-25,267,64000.0,C,0.302,0.305,0.3036,87887.97,84599.69,0.42219999999999996,0.85533,1e-05,170.89191,33.5,0.0
2026-10-01T20:53:19Z,2027-06-25,267,64000.0,P,0.031,0.0325,0.0318,87887.97,84599.69,0.42219999999999996,-0.14467,1e-05,170.89191,64.1,0.0
2026-10-01T20:53:19Z,2027-06-25,267,65000.0,C,0.293,0.296,0.2946,87890.2,84599.69,0.42,0.84616,1e-05,178.05604,9.1,0.0
2026-10-01T20:53:19Z,2027-06-25,267,65000.0,P,0.0335,0.035,0.0342,87890.2,84599.69,0.42,-0.15384,1e-05,178.05604,51.3,0.0
2026-10-01T20:53:19Z,2027-06-25,267,66000.0,C,0.284,0.287,0.2857,87887.97,84599.69,0.41759999999999997,0.83673,1e-05,185.1397,25.6,0.0
2026-10-01T20:53:19Z,2027-06-25,267,66000.0,P,0.036,0.0375,0.0366,87887.97,84599.69,0.41759999999999997,-0.16327,1e-05,185.1397,66.7,0.0
2026-10-01T20:53:19Z,2027-06-25,267,68000.0,C,0.2665,0.2695,0.2681,87887.97,84599.69,0.41200000000000003,0.8172,1e-05,198.95632,14.7,0.0
2026-10-01T20:53:19Z,2027-06-25,267,68000.0,P,0.041,0.0425,0.0418,87887.97,84599.69,0.41200000000000003,-0.1828,1e-05,198.95632,26.6,0.0
2026-10-01T20:53:19Z,2027-06-25,267,70000.0,C,0.2495,0.2525,0.2513,87890.2,84599.69,0.4081,0.7959,1e-05,212.80436,207.3,0.0
2026-10-01T20:53:19Z,2027-06-25,267,70000.0,P,0.047,0.0485,0.0477,87887.97,84599.69,0.4081,-0.20412,1e-05,212.81177,147.9,0.5
2026-10-01T20:53:19Z,2027-06-25,267,72000.0,C,0.2335,0.236,0.235,87890.2,84599.69,0.40409999999999996,0.77343,1e-05,226.10909,87.2,0.0
2026-10-01T20:53:19Z,2027-06-25,267,72000.0,P,0.0535,0.055,0.0542,87889.81,84599.69,0.40409999999999996,-0.22658,1e-05,226.11028,54.0,0.0
2026-10-01T20:53:19Z,2027-06-25,267,74000.0,C,0.218,0.2205,0.2195,87889.81,84599.69,0.4006,0.74974,1e-05,238.76599,23.4,0.0
2026-10-01T20:53:19Z,2027-06-25,267,74000.0,P,0.0605,0.062,0.0614,87889.81,84599.69,0.4006,-0.25026,1e-05,238.76599,25.5,0.0
2026-10-01T20:53:19Z,2027-06-25,267,76000.0,C,0.203,0.206,0.2048,87887.97,84599.69,0.3981,0.72485,1e-05,250.63066,73.2,0.0
2026-10-01T20:53:19Z,2027-06-25,267,76000.0,P,0.0685,0.0705,0.0695,87887.97,84599.69,0.3981,-0.27515,1e-05,250.63066,73.7,0.0
2026-10-01T20:53:19Z,2027-06-25,267,78000.0,C,0.1895,0.1915,0.1906,87889.81,84599.69,0.3953,0.69927,1e-05,261.38728,104.3,0.1
2026-10-01T20:53:19Z,2027-06-25,267,78000.0,P,0.077,0.079,0.078,87887.97,84599.69,0.3953,-0.30075,1e-05,261.39027,106.5,0.2
2026-10-01T20:53:19Z,2027-06-25,267,80000.0,C,0.176,0.1785,0.1774,87889.81,84599.69,0.39380000000000004,0.67284,1e-05,271.00733,169.8,0.0
2026-10-01T20:53:19Z,2027-06-25,267,80000.0,P,0.0865,0.0885,0.0876,87889.81,84599.69,0.39380000000000004,-0.32716,1e-05,271.00733,55.4,0.1
2026-10-01T20:53:19Z,2027-06-25,267,82000.0,C,0.1635,0.1655,0.1648,87889.81,84599.69,0.3922,0.646,1e-05,279.29144,70.7,0.1
2026-10-01T20:53:19Z,2027-06-25,267,82000.0,P,0.097,0.099,0.0978,87887.97,84599.69,0.3922,-0.35402,1e-05,279.29212,25.9,0.0
2026-10-01T20:53:19Z,2027-06-25,267,84000.0,C,0.152,0.154,0.153,87889.81,84599.69,0.3908,0.61887,1e-05,286.18543,528.8,150.0
2026-10-01T20:53:19Z,2027-06-25,267,84000.0,P,0.1075,0.11,0.1087,87887.97,84599.69,0.3908,-0.38115,1e-05,286.18487,508.1,160.0
2026-10-01T20:53:19Z,2027-06-25,267,85000.0,C,0.146,0.1485,0.1473,87889.81,84599.69,0.3901,0.60525,1e-05,289.09796,163.2,0.1
2026-10-01T20:53:19Z,2027-06-25,267,85000.0,P,0.1135,0.1155,0.1144,87889.81,84599.69,0.3901,-0.39475,1e-05,289.09796,16.6,0.4
2026-10-01T20:53:19Z,2027-06-25,267,86000.0,C,0.1405,0.143,0.1418,87887.97,84599.69,0.3895,0.5916,1e-05,291.64719,43.7,3.1
2026-10-01T20:53:19Z,2027-06-25,267,86000.0,P,0.119,0.1215,0.1203,87889.81,84599.69,0.3895,-0.40838,1e-05,291.64904,3.1,0.0
2026-10-01T20:53:19Z,2027-06-25,267,88000.0,C,0.1305,0.1325,0.1314,87887.97,84599.69,0.38880000000000003,0.56446,1e-05,295.66001,32.4,0.0
2026-10-01T20:53:19Z,2027-06-25,267,88000.0,P,0.1315,0.134,0.1326,87887.97,84599.69,0.38880000000000003,-0.43554,1e-05,295.66001,10.5,0.0
2026-10-01T20:53:19Z,2027-06-25,267,90000.0,C,0.1205,0.1225,0.1216,87889.64,84599.69,0.3881,0.53754,1e-05,298.25704,763.9,0.2
2026-10-01T20:53:19Z,2027-06-25,267,90000.0,P,0.1445,0.147,0.1456,87889.64,84599.69,0.3881,-0.46246,1e-05,298.25704,86.9,0.0
2026-10-01T20:53:19Z,2027-06-25,267,92000.0,C,0.1115,0.1135,0.1125,87889.81,84599.69,0.38780000000000003,0.51106,1e-05,299.46987,64.3,50.0
2026-10-01T20:53:19Z,2027-06-25,267,92000.0,P,0.1575,0.161,0.1593,87889.64,84599.69,0.38780000000000003,-0.48894,1e-05,299.46933,0.3,0.0
2026-10-01T20:53:19Z,2027-06-25,267,94000.0,C,0.103,0.105,0.1041,87889.64,84599.69,0.3875,0.48507,1e-05,299.37457,29.7,0.8
2026-10-01T20:53:19Z,2027-06-25,267,94000.0,P,0.172,0.175,0.1736,87889.64,84599.69,0.3875,-0.51493,1e-05,299.37457,0.1,0.0
2026-10-01T20:53:19Z,2027-06-25,267,95000.0,C,0.099,0.101,0.1001,87889.81,84599.69,0.3875,0.47232,1e-05,298.86373,58.2,1.5
2026-10-01T20:53:19Z,2027-06-25,267,95000.0,P,0.179,0.1825,0.181,87889.64,84599.69,0.3875,-0.52768,1e-05,298.86303,40.2,0.0
2026-10-01T20:53:19Z,2027-06-25,267,96000.0,C,0.095,0.0975,0.0963,87889.64,84599.69,0.38780000000000003,0.45989,1e-05,298.0687,151.5,0.0
2026-10-01T20:53:19Z,2027-06-25,267,96000.0,P,0.187,0.19,0.1886,87889.64,84599.69,0.38780000000000003,-0.54011,1e-05,298.0687,0.1,0.0
2026-10-01T20:53:19Z,2027-06-25,267,98000.0,C,0.088,0.09,0.089,87889.81,84599.69,0.38780000000000003,0.43531,1e-05,295.63743,112.0,18.0
2026-10-01T20:53:19Z,2027-06-25,267,98000.0,P,0.202,0.2055,0.2041,87889.64,84599.69,0.38780000000000003,-0.5647,1e-05,295.63658,0.1,0.0
2026-10-01T20:53:19Z,2027-06-25,267,100000.0,C,0.0815,0.0835,0.0824,87889.81,84599.69,0.3885,0.41183,1e-05,292.23752,202.1,0.1
2026-10-01T20:53:19Z,2027-06-25,267,100000.0,P,0.218,0.222,0.2202,87889.81,84599.69,0.3885,-0.58817,1e-05,292.23752,2.4,0.0
2026-10-01T20:53:19Z,2027-06-25,267,102000.0,C,0.075,0.077,0.0761,87889.81,84599.69,0.3885,0.38876,1e-05,287.86152,53.1,0.0
2026-10-01T20:53:19Z,2027-06-25,267,102000.0,P,0.2345,0.2385,0.2366,87889.81,84599.69,0.3885,-0.61124,1e-05,287.86152,0.0,0.0
2026-10-01T20:53:19Z,2027-06-25,267,104000.0,C,0.0695,0.0715,0.0705,87889.64,84599.69,0.3895,0.36716,1e-05,282.8198,185.9,0.0
2026-10-01T20:53:19Z,2027-06-25,267,104000.0,P,0.2515,0.256,0.2538,87889.64,84599.69,0.3895,-0.63284,1e-05,282.8198,0.0,0.0
2026-10-01T20:53:19Z,2027-06-25,267,105000.0,C,0.0665,0.0685,0.0676,87889.64,84599.69,0.3893,0.35624,1e-05,279.91717,163.5,0.0
2026-10-01T20:53:19Z,2027-06-25,267,105000.0,P,0.26,0.2645,0.2623,87889.64,84599.69,0.3893,-0.64376,1e-05,279.91717,2.1,0.0
2026-10-01T20:53:19Z,2027-06-25,267,106000.0,C,0.064,0.066,0.065,87889.81,84599.69,0.3896,0.34593,1e-05,276.95461,18.7,0.0
2026-10-01T20:53:19Z,2027-06-25,267,106000.0,P,0.269,0.2735,0.2711,87889.38,84599.69,0.3896,-0.65408,1e-05,276.95163,0.0,0.0
2026-10-01T20:53:19Z,2027-06-25,267,108000.0,C,0.0595,0.061,0.0602,87889.38,84599.69,0.3908,0.32627,1e-05,270.70859,35.2,0.0
2026-10-01T20:53:19Z,2027-06-25,267,108000.0,P,0.286,0.2915,0.2891,87889.38,84599.69,0.3908,-0.67373,1e-05,270.70859,0.2,0.0
2026-10-01T20:53:19Z,2027-06-25,267,110000.0,C,0.055,0.0565,0.0558,87889.64,84599.69,0.3918,0.30748,1e-05,263.98524,293.3,0.0
2026-10-01T20:53:19Z,2027-06-25,267,110000.0,P,0.305,0.31,0.3074,87889.38,84599.69,0.3918,-0.69252,1e-05,263.98329,5.3,0.0
2026-10-01T20:53:19Z,2027-06-25,267,112000.0,C,0.051,0.0525,0.0517,87889.64,84599.69,0.39289999999999997,0.28972,1e-05,256.93448,0.0,0.0
2026-10-01T20:53:19Z,2027-06-25,267,112000.0,P,0.323,0.3285,0.3261,87889.38,84599.69,0.39289999999999997,-0.71029,1e-05,256.93246,0.0,0.0
2026-10-01T20:53:19Z,2027-06-25,267,114000.0,C,0.047,0.049,0.048,87889.38,84599.69,0.3942,0.27298,1e-05,249.65634,6.0,0.0
2026-10-01T20:53:19Z,2027-06-25,267,114000.0,P,0.342,0.3475,0.3451,87889.38,84599.69,0.3942,-0.72702,1e-05,249.65634,0.0,0.0
2026-10-01T20:53:19Z,2027-06-25,267,115000.0,C,0.0455,0.047,0.0463,87889.64,84599.69,0.39490000000000003,0.26495,1e-05,245.94292,149.9,0.0
2026-10-01T20:53:19Z,2027-06-25,267,115000.0,P,0.3515,0.3575,0.3547,87889.38,84599.69,0.39490000000000003,-0.73506,1e-05,245.94084,1.0,0.0
2026-10-01T20:53:19Z,2027-06-25,267,116000.0,C,0.0435,0.0455,0.0446,87889.38,84599.69,0.39549999999999996,0.25709,1e-05,242.16563,0.0,0.0
2026-10-01T20:53:19Z,2027-06-25,267,116000.0,P,0.3615,0.367,0.3644,87889.38,84599.69,0.39549999999999996,-0.74291,1e-05,242.16563,0.0,0.0
2026-10-01T20:53:19Z,2027-06-25,267,120000.0,C,0.0375,0.0395,0.0386,87889.64,84599.69,0.3986,0.22839,1e-05,227.12951,352.3,0.0
2026-10-01T20:53:19Z,2027-06-25,267,120000.0,P,0.4005,0.4065,0.4039,87889.64,84599.69,0.3986,-0.77161,1e-05,227.12951,0.9,0.0
2026-10-01T20:53:19Z,2027-06-25,267,125000.0,C,0.0315,0.033,0.0323,87889.64,84599.69,0.4025,0.19707,1e-05,208.3708,640.1,0.1
2026-10-01T20:53:19Z,2027-06-25,267,125000.0,P,0.451,0.4575,0.4546,87889.38,84599.69,0.4025,-0.80294,1e-05,208.36866,0.0,0.0
2026-10-01T20:53:19Z,2027-06-25,267,130000.0,C,0.0265,0.028,0.0273,87889.64,84599.69,0.40700000000000003,0.17057,1e-05,190.43419,772.7,0.0
2026-10-01T20:53:19Z,2027-06-25,267,130000.0,P,0.5025,0.5095,0.5064,87889.64,84599.69,0.40700000000000003,-0.82943,1e-05,190.43419,3.9,0.0
2026-10-01T20:53:19Z,2027-06-25,267,135000.0,C,0.0225,0.024,0.0232,87889.38,84599.69,0.4117,0.14821,1e-05,173.69362,0.5,0.0
2026-10-01T20:53:19Z,2027-06-25,267,135000.0,P,0.5555,0.5625,0.5593,87889.38,84599.69,0.4117,-0.85179,1e-05,173.69362,0.0,0.0
2026-10-01T20:53:19Z,2027-06-25,267,140000.0,C,0.019,0.0205,0.0198,87889.38,84599.69,0.4163,0.12903,1e-05,158.03272,378.4,0.0
2026-10-01T20:53:19Z,2027-06-25,267,140000.0,P,0.6085,0.616,0.6128,87889.38,84599.69,0.4163,-0.87097,1e-05,158.03272,3.4,0.0
2026-10-01T20:53:19Z,2027-06-25,267,150000.0,C,0.0145,0.0155,0.0151,87889.38,84599.69,0.4278,0.10033,1e-05,132.11152,219.3,0.0
2026-10-01T20:53:19Z,2027-06-25,267,150000.0,P,0.7175,0.7255,0.7218,87889.64,84599.69,0.4278,-0.89966,1e-05,132.11328,1.1,0.0
2026-10-01T20:53:19Z,2027-06-25,267,160000.0,C,0.011,0.0125,0.0117,87889.38,84599.69,0.43920000000000003,0.07946,0.0,111.07143,698.4,0.0
2026-10-01T20:53:19Z,2027-06-25,267,160000.0,P,0.8275,0.836,0.8322,87889.38,84599.69,0.43920000000000003,-0.92054,0.0,111.07143,0.2,0.0
2026-10-01T20:53:19Z,2027-06-25,267,170000.0,C,0.0085,0.01,0.0092,87889.38,84599.69,0.44939999999999997,0.0635,0.0,93.50582,153.0,0.0
2026-10-01T20:53:19Z,2027-06-25,267,170000.0,P,0.9385,0.948,0.9435,87889.38,84599.69,0.44939999999999997,-0.9365,0.0,93.50582,14.7,0.0
2026-10-01T20:53:19Z,2027-06-25,267,180000.0,C,0.007,0.008,0.0075,87889.64,84599.69,0.4604,0.05203,0.0,79.94371,66.7,0.0
2026-10-01T20:53:19Z,2027-06-25,267,180000.0,P,1.0385,1.0685,1.0555,87889.38,84599.69,0.4604,-0.94797,0.0,79.94249,0.0,0.0
2026-10-01T20:53:19Z,2027-06-25,267,190000.0,C,0.0055,0.007,0.0062,87889.64,84599.69,0.4714,0.04338,0.0,69.11019,67.0,0.0
2026-10-01T20:53:19Z,2027-06-25,267,190000.0,P,1.148,1.183,1.1681,87889.38,84599.69,0.4714,-0.95662,0.0,69.10911,0.6,0.0
2026-10-01T20:53:19Z,2027-06-25,267,200000.0,C,0.0047,0.006,0.0053,87889.38,84599.69,0.4833,0.03715,0.0,60.92463,234.3,0.1
2026-10-01T20:53:19Z,2027-06-25,267,200000.0,P,1.26,1.2945,1.2809,87889.64,84599.69,0.4833,-0.96285,0.0,60.92559,2.1,0.0
2026-10-01T20:53:19Z,2027-09-24,358,50000.0,C,0.453,0.458,0.4551,88997.28,84599.69,0.4644,0.93116,0.0,116.74423,1.5,0.0
2026-10-01T20:53:19Z,2027-09-24,358,50000.0,P,0.016,0.018,0.0169,88997.53,84599.69,0.4644,-0.06884,0.0,116.7435,737.0,501.2
2026-10-01T20:53:19Z,2027-09-24,358,60000.0,C,0.357,0.361,0.3585,88997.53,84599.69,0.4288,0.87312,1e-05,183.20134,0.0,0.0
2026-10-01T20:53:19Z,2027-09-24,358,60000.0,P,0.0315,0.034,0.0327,88997.53,84599.69,0.4288,-0.12688,1e-05,183.20134,18.3,0.1
2026-10-01T20:53:19Z,2027-09-24,358,65000.0,C,0.313,0.3165,0.3144,88997.53,84599.69,0.4168,0.83347,1e-05,219.93566,2.0,0.0
2026-10-01T20:53:19Z,2027-09-24,358,65000.0,P,0.0435,0.046,0.0448,88997.28,84599.69,0.4168,-0.16653,1e-05,219.93649,2.6,0.5
2026-10-01T20:53:19Z,2027-09-24,358,70000.0,C,0.2725,0.276,0.2737,88997.28,84599.69,0.4081,0.78713,1e-05,255.85497,4.9,0.0
2026-10-01T20:53:19Z,2027-09-24,358,70000.0,P,0.059,0.0615,0.0603,88997.28,84599.69,0.4081,-0.21287,1e-05,255.85497,3.1,0.6
2026-10-01T20:53:19Z,2027-09-24,358,72000.0,C,0.257,0.261,0.2585,88997.28,84599.69,0.40509999999999996,0.76704,1e-05,269.34734,0.0,0.0
2026-10-01T20:53:19Z,2027-09-24,358,72000.0,P,0.066,0.069,0.0675,88997.28,84599.69,0.40509999999999996,-0.23296,1e-05,269.34734,1.0,0.0
2026-10-01T20:53:19Z,2027-09-24,358,74000.0,C,0.2425,0.246,0.2438,88997.28,84599.69,0.40240000000000004,0.74618,1e-05,282.12412,1.4,0.0
2026-10-01T20:53:19Z,2027-09-24,358,74000.0,P,0.074,0.0765,0.0753,88997.28,84599.69,0.40240000000000004,-0.25382,1e-05,282.12412,25.0,0.0
2026-10-01T20:53:19Z,2027-09-24,358,76000.0,C,0.2285,0.232,0.2298,88997.53,84599.69,0.4003,0.72461,1e-05,294.08264,7.6,0.1
2026-10-01T20:53:19Z,2027-09-24,358,76000.0,P,0.0825,0.085,0.0838,88997.28,84599.69,0.4003,-0.27539,1e-05,294.08305,25.2,25.0
2026-10-01T20:53:19Z,2027-09-24,358,78000.0,C,0.215,0.219,0.2165,88997.53,84599.69,0.3987,0.70249,1e-05,305.06926,12.0,0.2
2026-10-01T20:53:19Z,2027-09-24,358,78000.0,P,0.0915,0.0945,0.093,88997.28,84599.69,0.3987,-0.29751,1e-05,305.06955,0.0,0.0
2026-10-01T20:53:19Z,2027-09-24,358,80000.0,C,0.2025,0.206,0.2038,88997.28,84599.69,0.3971,0.68,1e-05,314.96128,15.3,0.1
2026-10-01T20:53:19Z,2027-09-24,358,80000.0,P,0.1015,0.104,0.1027,88997.28,84599.69,0.3971,-0.32,1e-05,314.96128,300.3,0.0
2026-10-01T20:53:19Z,2027-09-24,358,82000.0,C,0.1905,0.194,0.1916,88997.53,84599.69,0.3956,0.65723,1e-05,323.70831,0.3,0.0
2026-10-01T20:53:19Z,2027-09-24,358,82000.0,P,0.1115,0.1145,0.113,88997.83,84599.69,0.3956,-0.34277,1e-05,323.70827,0.8,0.0
2026-10-01T20:53:19Z,2027-09-24,358,84000.0,C,0.179,0.1825,0.1804,88997.83,84599.69,0.39520000000000005,0.63432,1e-05,331.25497,502.3,150.6
2026-10-01T20:53:19Z,2027-09-24,358,84000.0,P,0.1225,0.1255,0.1242,88997.83,84599.69,0.39520000000000005,-0.36568,1e-05,331.25497,501.3,150.1
2026-10-01T20:53:19Z,2027-09-24,358,86000.0,C,0.168,0.171,0.1693,88997.83,84599.69,0.3937,0.61131,1e-05,337.59679,0.3,0.2
2026-10-01T20:53:19Z,2027-09-24,358,86000.0,P,0.134,0.137,0.1356,88997.83,84599.69,0.3937,-0.38869,1e-05,337.59679,0.8,0.1
2026-10-01T20:53:19Z,2027-09-24,358,88000.0,C,0.1575,0.161,0.1591,88997.83,84599.69,0.3933,0.58846,1e-05,342.69107,12.1,0.1
2026-10-01T20:53:19Z,2027-09-24,358,88000.0,P,0.146,0.1495,0.1479,88997.83,84599.69,0.3933,-0.41154,1e-05,342.69107,1.2,0.3
2026-10-01T20:53:19Z,2027-09-24,358,90000.0,C,0.148,0.1495,0.1491,88997.26,84599.69,0.392,0.56557,1e-05,346.60599,11.9,1.5
2026-10-01T20:53:19Z,2027-09-24,358,90000.0,P,0.1585,0.162,0.1604,88997.83,84599.69,0.392,-0.43442,1e-05,346.60726,1.0,0.0
2026-10-01T20:53:19Z,2027-09-24,358,92000.0,C,0.1385,0.14,0.14,88995.47,84599.69,0.39189999999999997,0.54311,1e-05,349.30172,1.0,0.0
2026-10-01T20:53:19Z,2027-09-24,358,92000.0,P,0.172,0.1755,0.1738,88997.83,84599.69,0.39189999999999997,-0.45686,1e-05,349.30824,0.0,0.0
2026-10-01T20:53:19Z,2027-09-24,358,94000.0,C,0.13,0.1315,0.1315,88997.83,84599.69,0.392,0.52112,1e-05,350.87216,1.1,0.0
2026-10-01T20:53:19Z,2027-09-24,358,94000.0,P,0.185,0.1895,0.1878,88997.83,84599.69,0.392,-0.47888,1e-05,350.87216,0.0,0.0
2026-10-01T20:53:19Z,2027-09-24,358,96000.0,C,0.122,0.1235,0.1234,88997.83,84599.69,0.3918,0.49942,1e-05,351.36447,0.2,0.0
2026-10-01T20:53:19Z,2027-09-24,358,96000.0,P,0.1995,0.204,0.2021,88997.26,84599.69,0.3918,-0.50058,1e-05,351.36221,0.0,0.0
2026-10-01T20:53:19Z,2027-09-24,358,98000.0,C,0.1145,0.117,0.1158,88997.83,84599.69,0.39189999999999997,0.47824,1e-05,350.84188,0.3,0.0
2026-10-01T20:53:19Z,2027-09-24,358,98000.0,P,0.214,0.2185,0.217,88997.83,84599.69,0.39189999999999997,-0.52176,1e-05,350.84188,0.0,0.0
2026-10-01T20:53:19Z,2027-09-24,358,100000.0,C,0.1075,0.11,0.1087,88997.83,84599.69,0.3921,0.45764,1e-05,349.38183,11.4,0.0
2026-10-01T20:53:19Z,2027-09-24,358,100000.0,P,0.2295,0.234,0.2324,88997.83,84599.69,0.3921,-0.54236,1e-05,349.38183,0.0,0.0
2026-10-01T20:53:19Z,2027-09-24,358,102000.0,C,0.101,0.1035,0.1022,88997.83,84599.69,0.3926,0.43775,1e-05,347.07921,2.5,0.1
2026-10-01T20:53:19Z,2027-09-24,358,102000.0,P,0.245,0.25,0.2483,88997.83,84599.69,0.3926,-0.56225,1e-05,347.07921,0.0,0.0
2026-10-01T20:53:19Z,2027-09-24,358,104000.0,C,0.0945,0.097,0.0958,88997.83,84599.69,0.3926,0.41813,1e-05,343.93968,5.1,0.0
2026-10-01T20:53:19Z,2027-09-24,358,104000.0,P,0.261,0.2665,0.2643,88997.83,84599.69,0.3926,-0.58187,1e-05,343.93968,0.0,0.0
2026-10-01T20:53:19Z,2027-09-24,358,106000.0,C,0.0885,0.091,0.0898,88998.27,84599.69,0.39280000000000004,0.39923,1e-05,340.09667,0.1,0.0
2026-10-01T20:53:19Z,2027-09-24,358,106000.0,P,0.2775,0.283,0.2809,88998.27,84599.69,0.39280000000000004,-0.60077,1e-05,340.09667,0.0,0.0
2026-10-01T20:53:19Z,2027-09-24,358,108000.0,C,0.0835,0.0855,0.0845,88997.83,84599.69,0.3935,0.38126,1e-05,335.68548,0.0,0.0
2026-10-01T20:53:19Z,2027-09-24,358,108000.0,P,0.2945,0.3005,0.298,88998.27,84599.69,0.3935,-0.61873,1e-05,335.68843,0.0,0.0
2026-10-01T20:53:19Z,2027-09-24,358,110000.0,C,0.078,0.0805,0.0794,88998.27,84599.69,0.3943,0.36397,1e-05,330.7376,200.6,0.2
2026-10-01T20:53:19Z,2027-09-24,358,110000.0,P,0.312,0.318,0.3154,88998.27,84599.69,0.3943,-0.63603,1e-05,330.7376,0.2,0.0
2026-10-01T20:53:19Z,2027-09-24,358,112000.0,C,0.0735,0.0755,0.0745,88998.27,84599.69,0.3947,0.3471,1e-05,325.2316,0.0,0.0
2026-10-01T20:53:19Z,2027-09-24,358,112000.0,P,0.3295,0.3355,0.333,88997.83,84599.69,0.3947,-0.65291,1e-05,325.22838,0.0,0.0
2026-10-01T20:53:19Z,2027-09-24,358,114000.0,C,0.069,0.071,0.0701,88998.27,84599.69,0.39549999999999996,0.33109,1e-05,319.38046,0.0,0.0
2026-10-01T20:53:19Z,2027-09-24,358,114000.0,P,0.3475,0.354,0.351,88998.27,84599.69,0.39549999999999996,-0.66891,1e-05,319.38046,0.0,0.0
2026-10-01T20:53:19Z,2027-09-24,358,116000.0,C,0.065,0.067,0.066,88997.83,84599.69,0.39649999999999996,0.31596,1e-05,313.27952,0.1,0.0
2026-10-01T20:53:19Z,2027-09-24,358,116000.0,P,0.3655,0.3725,0.3694,88998.27,84599.69,0.39649999999999996,-0.68403,1e-05,313.28296,0.0,0.0
2026-10-01T20:53:19Z,2027-09-24,358,118000.0,C,0.061,0.063,0.0621,88998.27,84599.69,0.3972,0.3012,1e-05,306.78282,0.1,0.0
2026-10-01T20:53:19Z,2027-09-24,358,118000.0,P,0.384,0.391,0.388,88998.27,84599.69,0.3972,-0.6988,1e-05,306.78282,0.0,0.0
2026-10-01T20:53:19Z,2027-09-24,358,120000.0,C,0.0575,0.0595,0.0585,88998.27,84599.69,0.3983,0.28738,1e-05,300.19791,12.1,0.0
2026-10-01T20:53:19Z,2027-09-24,358,120000.0,P,0.403,0.414,0.4069,88998.27,84599.69,0.3983,-0.71262,1e-05,300.19791,0.0,0.0
2026-10-01T20:53:19Z,2027-09-24,358,125000.0,C,0.0495,0.0515,0.0505,88998.22,84599.69,0.401,0.25537,1e-05,283.03082,3.8,0.0
2026-10-01T20:53:19Z,2027-09-24,358,125000.0,P,0.451,0.4585,0.4551,88995.47,84599.69,0.401,-0.74465,1e-05,283.00758,0.0,0.0
2026-10-01T20:53:19Z,2027-09-24,358,130000.0,C,0.043,0.045,0.044,88998.22,84599.69,0.4044,0.22759,1e-05,265.85802,43.3,0.0
2026-10-01T20:53:19Z,2027-09-24,358,130000.0,P,0.5005,0.51,0.5047,88995.47,84599.69,0.4044,-0.77244,1e-05,265.83447,4.0,0.0
2026-10-01T20:53:19Z,2027-09-24,358,135000.0,C,0.0375,0.0395,0.0385,88998.22,84599.69,0.408,0.20328,1e-05,248.98713,100.0,0.0
2026-10-01T20:53:19Z,2027-09-24,358,135000.0,P,0.551,0.559,0.5554,88995.47,84599.69,0.408,-0.79674,1e-05,248.96362,0.0,0.0
2026-10-01T20:53:19Z,2027-09-24,358,140000.0,C,0.033,0.035,0.0339,88998.22,84599.69,0.41229999999999994,0.18241,1e-05,233.03889,506.4,500.3
2026-10-01T20:53:19Z,2027-09-24,358,140000.0,P,0.602,0.6145,0.607,88998.22,84599.69,0.41229999999999994,-0.81759,1e-05,233.03889,0.0,0.0
2026-10-01T20:53:19Z,2027-09-24,358,150000.0,C,0.0255,0.0275,0.0265,88995.47,84599.69,0.4199,0.1472,1e-05,202.77512,23.7,0.0
2026-10-01T20:53:19Z,2027-09-24,358,150000.0,P,0.7065,0.716,0.712,88995.47,84599.69,0.4199,-0.8528,1e-05,202.77512,0.0,0.0
2026-10-01T20:53:19Z,2027-09-24,358,160000.0,C,0.02,0.022,0.0211,88995.47,84599.69,0.42729999999999996,0.11987,1e-05,176.04925,0.1,0.0
2026-10-01T20:53:19Z,2027-09-24,358,160000.0,P,0.813,0.825,0.8188,88995.47,84599.69,0.42729999999999996,-0.88013,1e-05,176.04925,0.0,0.0
2026-10-01T20:53:19Z,2027-09-24,358,170000.0,C,0.0165,0.018,0.0173,88995.47,84599.69,0.4365,0.09988,0.0,154.43065,1.7,0.0
2026-10-01T20:53:19Z,2027-09-24,358,170000.0,P,0.9215,0.9335,0.9274,88995.47,84599.69,0.4365,-0.90012,0.0,154.43065,4.3,0.0
2026-10-01T20:53:19Z,2027-09-24,358,180000.0,C,0.0135,0.015,0.0143,88995.47,84599.69,0.4446,0.08367,0.0,135.43451,51.7,0.0
2026-10-01T20:53:19Z,2027-09-24,358,180000.0,P,1.0175,1.0505,1.0368,88995.47,84599.69,0.4446,-0.91633,0.0,135.43451,0.1,0.0
2026-10-01T20:53:19Z,2027-09-24,358,190000.0,C,0.0115,0.013,0.0122,88995.47,84599.69,0.4547,0.07205,0.0,120.90244,9.0,7.1
2026-10-01T20:53:19Z,2027-09-24,358,190000.0,P,1.126,1.1605,1.1471,88995.47,84599.69,0.4547,-0.92795,0.0,120.90244,0.0,0.0
2026-10-01T20:53:19Z,2027-09-24,358,200000.0,C,0.01,0.011,0.0104,88990.11,84599.69,0.46259999999999996,0.0618,0.0,107.36475,27.5,1.0
2026-10-01T20:53:19Z,2027-09-24,358,200000.0,P,1.2365,1.272,1.2577,88990.11,84599.69,0.46259999999999996,-0.9382,0.0,107.36475,0.0,0.0
2026-10-01T20:53:19Z,2027-09-24,358,210000.0,C,0.0085,0.0095,0.009,88989.86,84599.69,0.4708,0.05369,0.0,96.11911,19.5,0.0
2026-10-01T20:53:19Z,2027-09-24,358,210000.0,P,1.346,1.3895,1.3686,88990.11,84599.69,0.4708,-0.94631,0.0,96.12031,0.0,0.0
2026-10-01T20:53:19Z,2027-09-24,358,220000.0,C,0.007,0.0085,0.0077,88989.86,84599.69,0.47740000000000005,0.04652,0.0,85.73238,17.1,0.0
2026-10-01T20:53:19Z,2027-09-24,358,220000.0,P,1.4555,1.501,1.4797,88990.11,84599.69,0.47740000000000005,-0.95348,0.0,85.73348,0.0,0.0
