snapshot_ts,expiry,days_to_expiry,strike,option_type,bid,ask,mark_price,forward_price,index_price,implied_vol,delta,gamma,vega,open_interest,volume_24h
2026-09-18T18:56:22Z,2026-09-19,1,67000.0,C,0.17,0.174,0.1719,80904.21,80920.43,0.6734,1.0,0.0,0.0,0.0,0.0
2026-09-18T18:56:22Z,2026-09-19,1,67000.0,P,0.0,0.0001,0.0,80904.21,80920.43,0.6734,0.0,0.0,0.0,24.0,0.0
2026-09-18T18:56:22Z,2026-09-19,1,68000.0,C,0.158,0.1615,0.1596,80904.21,80920.43,0.6575,1.0,0.0,0.0,0.0,0.0
2026-09-18T18:56:22Z,2026-09-19,1,68000.0,P,0.0,0.0001,0.0,80904.21,80920.43,0.6575,0.0,0.0,0.0,11.7,0.0
2026-09-18T18:56:22Z,2026-09-19,1,69000.0,C,0.1455,0.149,0.1472,80904.21,80920.43,0.6158,1.0,0.0,0.0,0.0,0.0
2026-09-18T18:56:22Z,2026-09-19,1,69000.0,P,0.0,0.0001,0.0,80909.08,80920.43,0.6158,0.0,0.0,0.0,19.1,0.0
2026-09-18T18:56:22Z,2026-09-19,1,70000.0,C,0.133,0.137,0.1349,80909.08,80920.43,0.6002000000000001,1.0,0.0,0.0,0.0,0.0
2026-09-18T18:56:22Z,2026-09-19,1,70000.0,P,0.0,0.0001,0.0,80904.21,80920.43,0.6002000000000001,0.0,0.0,0.0,24.3,0.0
2026-09-18T18:56:22Z,2026-09-19,1,71000.0,C,0.1205,0.1245,0.1225,80904.21,80920.43,0.599,1.0,0.0,0.0,0.0,0.0
2026-09-18T18:56:22Z,2026-09-19,1,71000.0,P,0.0,0.0001,0.0,80904.21,80920.43,0.599,0.0,0.0,0.0,54.1,0.0
2026-09-18T18:56:22Z,2026-09-19,1,72000.0,C,0.109,0.1115,0.1101,80904.21,80920.43,0.5989,1.0,0.0,4e-05,7.4,0.0
2026-09-18T18:56:22Z,2026-09-19,1,72000.0,P,0.0,0.0001,0.0,80904.21,80920.43,0.5989,0.0,0.0,4e-05,87.4,13.3
2026-09-18T18:56:22Z,2026-09-19,1,73000.0,C,0.096,0.1,0.0978,80909.08,80920.43,0.5979,1.0,0.0,0.00058,0.0,0.0
2026-09-18T18:56:22Z,2026-09-19,1,73000.0,P,0.0,0.0001,0.0,80904.21,80920.43,0.5979,0.0,0.0,0.00059,114.8,17.7
2026-09-18T18:56:22Z,2026-09-19,1,73500.0,C,0.0895,0.094,0.0916,80904.21,80920.43,0.5978,0.99998,0.0,0.0021,0.0,0.0
2026-09-18T18:56:22Z,2026-09-19,1,73500.0,P,0.0,0.0001,0.0,80909.08,80920.43,0.5978,-2e-05,0.0,0.00208,90.6,12.0
2026-09-18T18:56:22Z,2026-09-19,1,74000.0,C,0.0835,0.0875,0.0854,80904.52,80920.43,0.5978,0.99995,0.0,0.00683,0.0,0.0
2026-09-18T18:56:22Z,2026-09-19,1,74000.0,P,0.0,0.0001,0.0,80906.8,80920.43,0.5978,-5e-05,0.0,0.0068,65.3,33.7
2026-09-18T18:56:22Z,2026-09-19,1,74500.0,C,0.077,0.0815,0.0792,80904.52,80920.43,0.5945,0.99984,0.0,0.01889,1.1,0.6
2026-09-18T18:56:22Z,2026-09-19,1,74500.0,P,0.0,0.0001,0.0,80906.8,80920.43,0.5945,-0.00016,0.0,0.0188,72.4,13.5
2026-09-18T18:56:22Z,2026-09-19,1,75000.0,C,0.072,0.0745,0.073,80904.52,80920.43,0.5941,0.99954,0.0,0.05136,16.4,0.0
2026-09-18T18:56:22Z,2026-09-19,1,75000.0,P,0.0,0.0001,0.0,80906.8,80920.43,0.5941,-0.00046,0.0,0.05115,40.2,37.1
2026-09-18T18:56:22Z,2026-09-19,1,75500.0,C,0.0655,0.0685,0.0669,80906.8,80920.43,0.5715,0.99917,0.0,0.08884,21.2,0.6
2026-09-18T18:56:22Z,2026-09-19,1,75500.0,P,0.0,0.0001,0.0,80906.8,80920.43,0.5715,-0.00083,0.0,0.08884,170.3,48.9
2026-09-18T18:56:22Z,2026-09-19,1,76000.0,C,0.0595,0.062,0.0607,80906.8,80920.43,0.5275,0.99897,0.0,0.10814,77.8,0.0
2026-09-18T18:56:22Z,2026-09-19,1,76000.0,P,0.0,0.0001,0.0,80904.52,80920.43,0.5275,-0.00104,0.0,0.1086,136.1,74.2
2026-09-18T18:56:22Z,2026-09-19,1,76500.0,C,0.0535,0.056,0.0545,80906.8,80920.43,0.5113,0.99779,0.0,0.21701,107.8,18.6
2026-09-18T18:56:22Z,2026-09-19,1,76500.0,P,0.0,0.0001,0.0,80904.52,80920.43,0.5113,-0.00222,0.0,0.21789,63.0,42.5
2026-09-18T18:56:22Z,2026-09-19,1,77000.0,C,0.047,0.05,0.0483,80904.52,80920.43,0.4935,0.99541,1e-05,0.41896,141.8,69.4
2026-09-18T18:56:22Z,2026-09-19,1,77000.0,P,0.0,0.0001,0.0,80904.52,80920.43,0.4935,-0.00459,1e-05,0.41896,98.4,106.7
2026-09-18T18:56:22Z,2026-09-19,1,77500.0,C,0.041,0.0435,0.0422,80906.8,80920.43,0.455,0.99299,1e-05,0.60946,91.3,30.0
2026-09-18T18:56:22Z,2026-09-19,1,77500.0,P,0.0,0.0002,0.0,80904.52,80920.43,0.455,-0.00704,1e-05,0.61184,115.6,187.5
2026-09-18T18:56:22Z,2026-09-19,1,78000.0,C,0.0345,0.0375,0.036,80906.8,80920.43,0.42710000000000004,0.987,3e-05,1.04567,805.7,197.5
2026-09-18T18:56:22Z,2026-09-19,1,78000.0,P,0.0,0.0002,0.0001,80906.8,80920.43,0.42710000000000004,-0.013,3e-05,1.04567,167.7,288.1
2026-09-18T18:56:22Z,2026-09-19,1,78500.0,C,0.0285,0.0315,0.0299,80906.8,80920.43,0.3957,0.97636,5e-05,1.74228,346.8,263.2
2026-09-18T18:56:22Z,2026-09-19,1,78500.0,P,0.0,0.0002,0.0001,80904.52,80920.43,0.3957,-0.02374,5e-05,1.74861,60.2,73.0
2026-09-18T18:56:22Z,2026-09-19,1,79000.0,C,0.0225,0.0255,0.0238,80906.8,80920.43,0.349,0.96216,8e-05,2.57358,237.4,168.1
2026-09-18T18:56:22Z,2026-09-19,1,79000.0,P,0.0001,0.0003,0.0002,80906.8,80920.43,0.349,-0.03784,8e-05,2.57358,33.0,46.4
2026-09-18T18:56:22Z,2026-09-19,1,79500.0,C,0.0165,0.0195,0.0177,80907.07,80920.43,0.30210000000000004,0.9344,0.00014,3.99051,148.1,319.2
2026-09-18T18:56:22Z,2026-09-19,1,79500.0,P,0.0002,0.0004,0.0003,80906.8,80920.43,0.30210000000000004,-0.06565,0.00014,3.99282,48.5,68.6
2026-09-18T18:56:22Z,2026-09-19,1,80000.0,C,0.011,0.0135,0.0119,80909.4,80920.43,0.2633,0.86796,0.00026,6.68184,652.0,515.9
2026-09-18T18:56:22Z,2026-09-19,1,80000.0,P,0.0005,0.0007,0.0007,80909.4,80920.43,0.2633,-0.13204,0.00026,6.68184,106.1,122.8
2026-09-18T18:56:22Z,2026-09-19,1,80500.0,C,0.006,0.0075,0.0066,80909.4,80920.43,0.2341,0.71418,0.00046,10.62335,0.2,0.2
2026-09-18T18:56:22Z,2026-09-19,1,80500.0,P,0.0013,0.0017,0.0016,80909.4,80920.43,0.2341,-0.28582,0.00046,10.62335,1.6,1.6
2026-09-18T18:56:22Z,2026-09-19,1,81000.0,C,0.0027,0.0032,0.0029,80907.07,80920.43,0.2261,0.44944,0.00056,12.36573,265.2,300.2
2026-09-18T18:56:22Z,2026-09-19,1,81000.0,P,0.0037,0.0041,0.0041,80907.07,80920.43,0.2261,-0.55056,0.00056,12.36573,65.4,82.4
2026-09-18T18:56:22Z,2026-09-19,1,81500.0,C,0.001,0.0013,0.0012,80909.4,80920.43,0.24760000000000001,0.22486,0.00039,9.36845,2.5,2.5
2026-09-18T18:56:22Z,2026-09-19,1,81500.0,P,0.0055,0.01,0.0086,80909.4,80920.43,0.24760000000000001,-0.77514,0.00039,9.36845,0.0,0.0
2026-09-18T18:56:22Z,2026-09-19,1,82000.0,C,0.0004,0.0006,0.0005,80907.07,80920.43,0.2773,0.10607,0.00021,5.72359,250.9,381.3
2026-09-18T18:56:22Z,2026-09-19,1,82000.0,P,0.0115,0.016,0.0141,80909.4,80920.43,0.2773,-0.89344,0.00021,5.74298,1.6,1.8
2026-09-18T18:56:22Z,2026-09-19,1,83000.0,C,0.0002,0.0003,0.0002,80907.07,80920.43,0.3693,0.03725,7e-05,2.54078,118.9,160.6
2026-09-18T18:56:22Z,2026-09-19,1,83000.0,P,0.023,0.028,0.0261,80907.07,80920.43,0.3693,-0.96275,7e-05,2.54078,0.1,0.1
2026-09-18T18:56:22Z,2026-09-19,1,84000.0,C,0.0,0.0002,0.0001,80909.4,80920.43,0.4481,0.01549,3e-05,1.21621,61.9,61.1
2026-09-18T18:56:22Z,2026-09-19,1,84000.0,P,0.0355,0.041,0.0384,80909.4,80920.43,0.4481,-0.98451,3e-05,1.21621,0.0,0.0
2026-09-18T18:56:22Z,2026-09-19,1,85000.0,C,0.0,0.0001,0.0001,80909.4,80920.43,0.5273,0.00794,1e-05,0.68061,56.7,57.9
2026-09-18T18:56:22Z,2026-09-19,1,85000.0,P,0.048,0.0525,0.0507,80909.4,80920.43,0.5273,-0.99206,1e-05,0.68061,0.0,0.0
2026-09-18T18:56:22Z,2026-09-19,1,86000.0,C,0.0,0.0001,0.0,80909.4,80920.43,0.6197,0.00558,1e-05,0.49841,54.2,12.1
2026-09-18T18:56:22Z,2026-09-19,1,86000.0,P,0.0605,0.0655,0.063,80907.07,80920.43,0.6197,-0.99444,1e-05,0.49687,0.0,0.0
2026-09-18T18:56:22Z,2026-09-20,2,67000.0,C,0.1705,0.174,0.1721,80923.77,80920.43,0.5633,1.0,0.0,3e-05,0.0,0.0
2026-09-18T18:56:22Z,2026-09-20,2,67000.0,P,0.0,0.0001,0.0,80923.77,80920.43,0.5633,0.0,0.0,3e-05,0.0,0.0
2026-09-18T18:56:22Z,2026-09-20,2,68000.0,C,0.158,0.1625,0.1597,80923.77,80920.43,0.5617,1.0,0.0,0.00023,0.0,0.0
2026-09-18T18:56:22Z,2026-09-20,2,68000.0,P,0.0,0.0001,0.0,80923.77,80920.43,0.5617,0.0,0.0,0.00023,17.8,1.0
2026-09-18T18:56:22Z,2026-09-20,2,69000.0,C,0.1455,0.1495,0.1473,80923.77,80920.43,0.5611,0.99999,0.0,0.0014,0.0,0.0
2026-09-18T18:56:22Z,2026-09-20,2,69000.0,P,0.0,0.0001,0.0,80923.77,80920.43,0.5611,-1e-05,0.0,0.0014,88.8,0.0
2026-09-18T18:56:22Z,2026-09-20,2,70000.0,C,0.133,0.137,0.135,80923.77,80920.43,0.5397,0.99998,0.0,0.00385,0.0,0.0
2026-09-18T18:56:22Z,2026-09-20,2,70000.0,P,0.0,0.0001,0.0,80923.77,80920.43,0.5397,-2e-05,0.0,0.00385,65.2,1.0
2026-09-18T18:56:22Z,2026-09-20,2,71000.0,C,0.1205,0.125,0.1226,80924.18,80920.43,0.5365,0.99992,0.0,0.01746,0.0,0.0
2026-09-18T18:56:22Z,2026-09-20,2,71000.0,P,0.0,0.0001,0.0,80924.18,80920.43,0.5365,-8e-05,0.0,0.01746,8.6,0.0
2026-09-18T18:56:22Z,2026-09-20,2,72000.0,C,0.108,0.113,0.1103,80924.18,80920.43,0.5361,0.99962,0.0,0.07222,0.0,0.0
2026-09-18T18:56:22Z,2026-09-20,2,72000.0,P,0.0,0.0001,0.0,80924.18,80920.43,0.5361,-0.00038,0.0,0.07222,70.0,13.3
2026-09-18T18:56:22Z,2026-09-20,2,73000.0,C,0.096,0.1005,0.0979,80924.18,80920.43,0.5361,0.99852,0.0,0.25302,0.0,0.0
2026-09-18T18:56:22Z,2026-09-20,2,73000.0,P,0.0,0.0001,0.0,80924.18,80920.43,0.5361,-0.00148,0.0,0.25302,18.6,7.1
2026-09-18T18:56:22Z,2026-09-20,2,73500.0,C,0.09,0.094,0.0918,80924.18,80920.43,0.536,0.99726,0.0,0.44414,0.0,0.0
2026-09-18T18:56:22Z,2026-09-20,2,73500.0,P,0.0,0.0001,0.0,80924.18,80920.43,0.536,-0.00274,0.0,0.44414,29.6,15.6
2026-09-18T18:56:22Z,2026-09-20,2,74000.0,C,0.0835,0.088,0.0856,80924.18,80920.43,0.5301,0.99549,0.0,0.69461,0.0,0.0
2026-09-18T18:56:22Z,2026-09-20,2,74000.0,P,0.0,0.0001,0.0,80924.18,80920.43,0.5301,-0.00451,0.0,0.69461,66.6,31.0
2026-09-18T18:56:22Z,2026-09-20,2,74500.0,C,0.0775,0.0825,0.0795,80924.18,80920.43,0.521,0.993,1e-05,1.02535,0.0,0.0
2026-09-18T18:56:22Z,2026-09-20,2,74500.0,P,0.0,0.0001,0.0001,80924.18,80920.43,0.521,-0.007,1e-05,1.02535,68.2,52.9
2026-09-18T18:56:22Z,2026-09-20,2,75000.0,C,0.071,0.0755,0.0733,80924.18,80920.43,0.48869999999999997,0.99196,1e-05,1.15872,1.2,2.4
2026-09-18T18:56:22Z,2026-09-20,2,75000.0,P,0.0,0.0002,0.0001,80923.77,80920.43,0.48869999999999997,-0.00804,1e-05,1.15916,18.6,19.8
2026-09-18T18:56:22Z,2026-09-20,2,75500.0,C,0.066,0.0685,0.0672,80923.77,80920.43,0.48469999999999996,0.98665,1e-05,1.80297,8.7,5.5
2026-09-18T18:56:22Z,2026-09-20,2,75500.0,P,0.0001,0.0002,0.0001,80924.18,80920.43,0.48469999999999996,-0.01334,1e-05,1.80234,52.9,37.8
2026-09-18T18:56:22Z,2026-09-20,2,76000.0,C,0.0595,0.0625,0.061,80924.18,80920.43,0.44659999999999994,0.9852,2e-05,1.97053,6.8,0.0
2026-09-18T18:56:22Z,2026-09-20,2,76000.0,P,0.0001,0.0002,0.0002,80924.18,80920.43,0.44659999999999994,-0.0148,2e-05,1.97053,37.0,28.2
2026-09-18T18:56:22Z,2026-09-20,2,76500.0,C,0.0535,0.0565,0.0548,80924.18,80920.43,0.4089,0.9833,2e-05,2.1863,10.6,9.3
2026-09-18T18:56:22Z,2026-09-20,2,76500.0,P,0.0001,0.0002,0.0002,80924.18,80920.43,0.4089,-0.0167,2e-05,2.1863,75.8,76.4
2026-09-18T18:56:22Z,2026-09-20,2,77000.0,C,0.0475,0.05,0.0487,80923.77,80920.43,0.37920000000000004,0.97868,3e-05,2.69032,25.8,8.8
2026-09-18T18:56:22Z,2026-09-20,2,77000.0,P,0.0001,0.0003,0.0002,80923.77,80920.43,0.37920000000000004,-0.02132,3e-05,2.69032,77.1,52.7
2026-09-18T18:56:22Z,2026-09-20,2,77500.0,C,0.0415,0.044,0.0426,80924.18,80920.43,0.35409999999999997,0.97051,4e-05,3.53144,62.2,45.2
2026-09-18T18:56:22Z,2026-09-20,2,77500.0,P,0.0002,0.0003,0.0003,80924.18,80920.43,0.35409999999999997,-0.02949,4e-05,3.53144,46.7,108.0
2026-09-18T18:56:22Z,2026-09-20,2,78000.0,C,0.035,0.038,0.0365,80925.86,80920.43,0.31989999999999996,0.96247,5e-05,4.3071,179.9,19.1
2026-09-18T18:56:22Z,2026-09-20,2,78000.0,P,0.0002,0.0004,0.0003,80925.86,80920.43,0.31989999999999996,-0.03753,5e-05,4.3071,76.3,78.8
2026-09-18T18:56:22Z,2026-09-20,2,78500.0,C,0.029,0.032,0.0304,80925.86,80920.43,0.2897,0.94783,7e-05,5.61551,35.3,15.3
2026-09-18T18:56:22Z,2026-09-20,2,78500.0,P,0.0003,0.0005,0.0004,80925.86,80920.43,0.2897,-0.05217,7e-05,5.61551,24.7,29.5
2026-09-18T18:56:22Z,2026-09-20,2,79000.0,C,0.023,0.026,0.0243,80925.86,80920.43,0.2548,0.92805,0.0001,7.21847,43.3,50.2
2026-09-18T18:56:22Z,2026-09-20,2,79000.0,P,0.0004,0.0006,0.0005,80925.86,80920.43,0.2548,-0.07195,0.0001,7.21847,38.0,39.7
2026-09-18T18:56:22Z,2026-09-20,2,79500.0,C,0.017,0.0205,0.0185,80925.86,80920.43,0.2324,0.88167,0.00016,10.4267,7.1,7.1
2026-09-18T18:56:22Z,2026-09-20,2,79500.0,P,0.0007,0.001,0.0009,80925.86,80920.43,0.2324,-0.11833,0.00016,10.4267,5.1,5.1
2026-09-18T18:56:22Z,2026-09-20,2,80000.0,C,0.0115,0.015,0.013,80925.86,80920.43,0.2121,0.79982,0.00025,14.74535,280.5,169.9
2026-09-18T18:56:22Z,2026-09-20,2,80000.0,P,0.0014,0.0016,0.0016,80925.86,80920.43,0.2121,-0.20018,0.00025,14.74535,116.3,120.1
2026-09-18T18:56:22Z,2026-09-20,2,80500.0,C,0.0075,0.009,0.0082,80925.86,80920.43,0.2011,0.65903,0.00035,19.30942,0.0,0.0
2026-09-18T18:56:22Z,2026-09-20,2,80500.0,P,0.0026,0.0032,0.003,80925.86,80920.43,0.2011,-0.34097,0.00035,19.30942,47.3,47.3
2026-09-18T18:56:22Z,2026-09-20,2,81000.0,C,0.0045,0.005,0.0048,80925.86,80920.43,0.20329999999999998,0.47503,0.00037,20.95972,148.1,167.3
2026-09-18T18:56:22Z,2026-09-20,2,81000.0,P,0.005,0.006,0.0058,80925.86,80920.43,0.20329999999999998,-0.52497,0.00037,20.95972,56.9,56.9
2026-09-18T18:56:22Z,2026-09-20,2,81500.0,C,0.0023,0.0027,0.0026,80925.86,80920.43,0.2066,0.30175,0.00032,18.35119,47.0,50.6
2026-09-18T18:56:22Z,2026-09-20,2,81500.0,P,0.0085,0.0105,0.0097,80925.86,80920.43,0.2066,-0.69825,0.00032,18.35119,0.0,0.0
2026-09-18T18:56:22Z,2026-09-20,2,82000.0,C,0.0012,0.0015,0.0014,80925.86,80920.43,0.2188,0.179,0.00023,13.7649,66.1,69.4
2026-09-18T18:56:22Z,2026-09-20,2,82000.0,P,0.0125,0.017,0.0147,80925.86,80920.43,0.2188,-0.821,0.00023,13.7649,0.5,0.5
2026-09-18T18:56:22Z,2026-09-20,2,82500.0,C,0.0006,0.001,0.0008,80924.33,80920.43,0.2414,0.11118,0.00015,9.97456,0.0,0.0
2026-09-18T18:56:22Z,2026-09-20,2,82500.0,P,0.018,0.0225,0.0203,80924.33,80920.43,0.2414,-0.88882,0.00015,9.97456,0.0,0.0
2026-09-18T18:56:22Z,2026-09-20,2,83000.0,C,0.0004,0.0006,0.0005,80925.86,80920.43,0.2618,0.0698,0.0001,7.05238,97.5,135.2
2026-09-18T18:56:22Z,2026-09-20,2,83000.0,P,0.0235,0.029,0.0262,80925.86,80920.43,0.2618,-0.9302,0.0001,7.05238,0.0,0.0
2026-09-18T18:56:22Z,2026-09-20,2,84000.0,C,0.0002,0.0004,0.0003,80924.33,80920.43,0.3103,0.03303,5e-05,3.8778,70.7,78.3
2026-09-18T18:56:22Z,2026-09-20,2,84000.0,P,0.0355,0.041,0.0383,80925.86,80920.43,0.3103,-0.96691,5e-05,3.88456,0.0,0.0
2026-09-18T18:56:22Z,2026-09-20,2,85000.0,C,0.0001,0.0003,0.0002,80925.86,80920.43,0.36310000000000003,0.01933,2e-05,2.47589,84.3,90.5
2026-09-18T18:56:22Z,2026-09-20,2,85000.0,P,0.048,0.053,0.0505,80924.72,80920.43,0.36310000000000003,-0.9807,2e-05,2.47313,0.0,0.0
2026-09-18T18:56:22Z,2026-09-20,2,86000.0,C,0.0,0.0002,0.0001,80924.72,80920.43,0.4227,0.01396,2e-05,1.8742,0.1,0.1
2026-09-18T18:56:22Z,2026-09-20,2,86000.0,P,0.06,0.065,0.0628,80924.72,80920.43,0.4227,-0.98604,2e-05,1.8742,0.0,0.0
2026-09-18T18:56:22Z,2026-09-20,2,87000.0,C,0.0,0.0002,0.0001,80924.72,80920.43,0.46549999999999997,0.00877,1e-05,1.25039,1.0,1.0
2026-09-18T18:56:22Z,2026-09-20,2,87000.0,P,0.0725,0.078,0.0751,80924.72,80920.43,0.46549999999999997,-0.99123,1e-05,1.25039,0.0,0.0
2026-09-18T18:56:22Z,2026-09-21,3,68000.0,C,0.158,0.162,0.1599,80937.25,80920.43,0.5837,0.99984,0.0,0.04164,0.0,0.0
2026-09-18T18:56:22Z,2026-09-21,3,68000.0,P,0.0,0.0001,0.0,80937.25,80920.43,0.5837,-0.00016,0.0,0.04164,0.5,0.0
2026-09-18T18:56:22Z,2026-09-21,3,69000.0,C,0.1455,0.1495,0.1475,80938.32,80920.43,0.5609000000000001,0.9997,0.0,0.07485,0.0,0.0
2026-09-18T18:56:22Z,2026-09-21,3,69000.0,P,0.0,0.0001,0.0,80937.25,80920.43,0.5609000000000001,-0.0003,0.0,0.07492,0.0,0.0
2026-09-18T18:56:22Z,2026-09-21,3,70000.0,C,0.133,0.137,0.1351,80937.25,80920.43,0.504,0.99974,0.0,0.06521,0.0,0.0
2026-09-18T18:56:22Z,2026-09-21,3,70000.0,P,0.0,0.0001,0.0,80937.25,80920.43,0.504,-0.00026,0.0,0.06521,22.1,20.3
2026-09-18T18:56:22Z,2026-09-21,3,71000.0,C,0.121,0.125,0.1228,80938.32,80920.43,0.486,0.99942,0.0,0.13755,0.0,0.0
2026-09-18T18:56:22Z,2026-09-21,3,71000.0,P,0.0,0.0001,0.0,80937.25,80920.43,0.486,-0.00058,0.0,0.13769,62.0,0.2
2026-09-18T18:56:22Z,2026-09-21,3,72000.0,C,0.1085,0.1125,0.1105,80937.25,80920.43,0.4794,0.99838,0.0,0.35426,0.0,0.0
2026-09-18T18:56:22Z,2026-09-21,3,72000.0,P,0.0,0.0001,0.0,80937.25,80920.43,0.4794,-0.00162,0.0,0.35426,28.7,38.0
2026-09-18T18:56:22Z,2026-09-21,3,73000.0,C,0.096,0.1005,0.0981,80937.25,80920.43,0.4768,0.99551,0.0,0.88814,0.0,0.0
2026-09-18T18:56:22Z,2026-09-21,3,73000.0,P,0.0,0.0001,0.0001,80938.32,80920.43,0.4768,-0.00449,0.0,0.88738,23.2,21.5
2026-09-18T18:56:22Z,2026-09-21,3,73500.0,C,0.09,0.0945,0.092,80938.32,80920.43,0.474,0.99297,1e-05,1.32152,8.8,0.0
2026-09-18T18:56:22Z,2026-09-21,3,73500.0,P,0.0,0.0002,0.0001,80937.25,80920.43,0.474,-0.00703,1e-05,1.32258,31.0,40.0
2026-09-18T18:56:22Z,2026-09-21,3,74000.0,C,0.084,0.088,0.0859,80938.32,80920.43,0.4728,0.98898,1e-05,1.95942,0.0,0.0
2026-09-18T18:56:22Z,2026-09-21,3,74000.0,P,0.0001,0.0002,0.0002,80937.25,80920.43,0.4728,-0.01102,1e-05,1.9609,26.5,13.9
2026-09-18T18:56:22Z,2026-09-21,3,74500.0,C,0.0775,0.082,0.0797,80937.25,80920.43,0.44189999999999996,0.98823,1e-05,2.0753,0.0,0.0
2026-09-18T18:56:22Z,2026-09-21,3,74500.0,P,0.0001,0.0002,0.0002,80937.25,80920.43,0.44189999999999996,-0.01177,1e-05,2.0753,5.5,6.1
2026-09-18T18:56:22Z,2026-09-21,3,75000.0,C,0.0715,0.076,0.0735,80937.25,80920.43,0.41100000000000003,0.98736,1e-05,2.20777,0.0,0.0
2026-09-18T18:56:22Z,2026-09-21,3,75000.0,P,0.0001,0.0002,0.0002,80938.32,80920.43,0.41100000000000003,-0.01263,1e-05,2.2059,13.8,31.0
2026-09-18T18:56:22Z,2026-09-21,3,75500.0,C,0.0655,0.07,0.0674,80937.25,80920.43,0.3926,0.98374,2e-05,2.74243,0.0,0.0
2026-09-18T18:56:22Z,2026-09-21,3,75500.0,P,0.0001,0.0003,0.0002,80937.25,80920.43,0.3926,-0.01626,2e-05,2.74243,20.2,25.4
2026-09-18T18:56:22Z,2026-09-21,3,76000.0,C,0.059,0.0635,0.0613,80937.25,80920.43,0.3739,0.97892,2e-05,3.4216,3.6,0.0
2026-09-18T18:56:22Z,2026-09-21,3,76000.0,P,0.0002,0.0003,0.0002,80937.25,80920.43,0.3739,-0.02108,2e-05,3.42161,33.4,34.4
2026-09-18T18:56:22Z,2026-09-21,3,76500.0,C,0.053,0.0575,0.0551,80937.25,80920.43,0.34450000000000003,0.97584,2e-05,3.83755,4.7,3.4
2026-09-18T18:56:22Z,2026-09-21,3,76500.0,P,0.0002,0.0003,0.0003,80937.25,80920.43,0.34450000000000003,-0.02416,2e-05,3.83755,18.9,23.7
2026-09-18T18:56:22Z,2026-09-21,3,77000.0,C,0.047,0.0515,0.049,80936.75,80920.43,0.3284,0.96653,3e-05,5.03369,13.0,4.0
2026-09-18T18:56:22Z,2026-09-21,3,77000.0,P,0.0003,0.0004,0.0004,80936.75,80920.43,0.3284,-0.03347,3e-05,5.03369,4.0,4.0
2026-09-18T18:56:22Z,2026-09-21,3,77500.0,C,0.041,0.045,0.0429,80936.75,80920.43,0.3063,0.95631,4e-05,6.25471,18.2,8.6
2026-09-18T18:56:22Z,2026-09-21,3,77500.0,P,0.0004,0.0005,0.0005,80936.75,80920.43,0.3063,-0.04369,4e-05,6.25471,40.0,43.5
2026-09-18T18:56:22Z,2026-09-21,3,78000.0,C,0.035,0.039,0.0369,80937.25,80920.43,0.28800000000000003,0.93933,6e-05,8.11991,32.5,7.8
2026-09-18T18:56:22Z,2026-09-21,3,78000.0,P,0.0005,0.0007,0.0006,80936.75,80920.43,0.28800000000000003,-0.0607,6e-05,8.1231,11.8,11.9
2026-09-18T18:56:22Z,2026-09-21,3,78500.0,C,0.029,0.033,0.031,80937.25,80920.43,0.272,0.91275,9e-05,10.72295,5.7,7.4
2026-09-18T18:56:22Z,2026-09-21,3,78500.0,P,0.0008,0.001,0.0009,80936.75,80920.43,0.272,-0.08729,9e-05,10.72684,2.8,2.8
2026-09-18T18:56:22Z,2026-09-21,3,79000.0,C,0.023,0.028,0.0253,80937.25,80920.43,0.2581,0.87178,0.00012,14.15969,24.8,24.1
2026-09-18T18:56:22Z,2026-09-21,3,79000.0,P,0.0012,0.0015,0.0014,80936.75,80920.43,0.2581,-0.12828,0.00012,14.16421,14.6,19.6
2026-09-18T18:56:22Z,2026-09-21,3,79500.0,C,0.018,0.0225,0.02,80936.75,80920.43,0.2486,0.80878,0.00016,18.41004,22.1,33.5
2026-09-18T18:56:22Z,2026-09-21,3,79500.0,P,0.002,0.0024,0.0022,80936.75,80920.43,0.2486,-0.19122,0.00016,18.41004,11.0,11.0
2026-09-18T18:56:22Z,2026-09-21,3,80000.0,C,0.0145,0.0165,0.0151,80937.25,80920.43,0.24239999999999998,0.72095,0.00021,22.71045,19.8,38.9
2026-09-18T18:56:22Z,2026-09-21,3,80000.0,P,0.0033,0.0037,0.0035,80937.25,80920.43,0.24239999999999998,-0.27905,0.00021,22.71045,31.8,31.8
2026-09-18T18:56:22Z,2026-09-21,3,80500.0,C,0.01,0.0115,0.0111,80936.75,80920.43,0.24280000000000002,0.60911,0.00023,25.94439,28.6,29.5
2026-09-18T18:56:22Z,2026-09-21,3,80500.0,P,0.005,0.006,0.0057,80936.75,80920.43,0.24280000000000002,-0.39089,0.00023,25.94439,22.7,22.7
2026-09-18T18:56:22Z,2026-09-21,3,81000.0,C,0.007,0.008,0.0077,80937.25,80920.43,0.24280000000000002,0.48879,0.00024,26.94866,116.5,244.1
2026-09-18T18:56:22Z,2026-09-21,3,81000.0,P,0.008,0.009,0.0085,80936.75,80920.43,0.24280000000000002,-0.51133,0.00024,26.94826,1.2,1.4
2026-09-18T18:56:22Z,2026-09-21,3,81500.0,C,0.005,0.006,0.0053,80936.75,80920.43,0.24969999999999998,0.37362,0.00022,25.59475,0.2,0.2
2026-09-18T18:56:22Z,2026-09-21,3,81500.0,P,0.0115,0.013,0.0123,80935.6,80920.43,0.24969999999999998,-0.62664,0.00022,25.58888,0.0,0.0
2026-09-18T18:56:22Z,2026-09-21,3,82000.0,C,0.0035,0.0038,0.0036,80935.6,80920.43,0.2568,0.27469,0.00019,22.53573,142.4,150.8
2026-09-18T18:56:22Z,2026-09-21,3,82000.0,P,0.0155,0.0175,0.0167,80935.6,80920.43,0.2568,-0.72531,0.00019,22.53573,0.0,0.0
2026-09-18T18:56:22Z,2026-09-21,3,82500.0,C,0.0023,0.0027,0.0025,80935.6,80920.43,0.26839999999999997,0.19957,0.00015,18.89414,0.0,0.0
2026-09-18T18:56:22Z,2026-09-21,3,82500.0,P,0.0195,0.0235,0.0218,80935.6,80920.43,0.26839999999999997,-0.80043,0.00015,18.89414,0.0,0.0
2026-09-18T18:56:22Z,2026-09-21,3,83000.0,C,0.0016,0.0019,0.0017,80935.6,80920.43,0.2788,0.14227,0.00012,15.20551,34.9,33.7
2026-09-18T18:56:22Z,2026-09-21,3,83000.0,P,0.025,0.0295,0.0272,80935.6,80920.43,0.2788,-0.85773,0.00012,15.20551,0.0,0.0
2026-09-18T18:56:22Z,2026-09-21,3,83500.0,C,0.001,0.0014,0.0012,80936.78,80920.43,0.29510000000000003,0.1051,9e-05,12.29626,0.0,0.0
2026-09-18T18:56:22Z,2026-09-21,3,83500.0,P,0.0305,0.035,0.0329,80936.78,80920.43,0.29510000000000003,-0.8949,9e-05,12.29626,0.0,0.0
2026-09-18T18:56:22Z,2026-09-21,3,84000.0,C,0.0008,0.001,0.0008,80935.6,80920.43,0.30519999999999997,0.07412,7e-05,9.47966,54.9,54.9
2026-09-18T18:56:22Z,2026-09-21,3,84000.0,P,0.0365,0.041,0.0387,80935.6,80920.43,0.30519999999999997,-0.92588,7e-05,9.47966,0.0,0.0
2026-09-18T18:56:22Z,2026-09-21,3,85000.0,C,0.0004,0.0005,0.0004,80935.6,80920.43,0.32880000000000004,0.03826,4e-05,5.61624,15.8,15.8
2026-09-18T18:56:22Z,2026-09-21,3,85000.0,P,0.048,0.053,0.0506,80936.78,80920.43,0.32880000000000004,-0.9617,4e-05,5.6216,0.0,0.0
2026-09-18T18:56:22Z,2026-09-21,3,86000.0,C,0.0002,0.0003,0.0002,80935.6,80920.43,0.3592,0.02229,2e-05,3.58649,24.3,24.3
2026-09-18T18:56:22Z,2026-09-21,3,86000.0,P,0.06,0.065,0.0628,80935.6,80920.43,0.3592,-0.97771,2e-05,3.58649,0.0,0.0
2026-09-18T18:56:22Z,2026-09-21,3,87000.0,C,0.0001,0.0002,0.0001,80935.6,80920.43,0.38280000000000003,0.01239,1e-05,2.17012,0.0,0.0
2026-09-18T18:56:22Z,2026-09-21,3,87000.0,P,0.0725,0.0775,0.075,80936.78,80920.43,0.38280000000000003,-0.98759,1e-05,2.17238,0.0,0.0
2026-09-18T18:56:22Z,2026-09-21,3,88000.0,C,0.0,0.0002,0.0001,80935.6,80920.43,0.41340000000000005,0.00804,1e-05,1.48816,0.0,0.0
2026-09-18T18:56:22Z,2026-09-21,3,88000.0,P,0.0845,0.09,0.0874,80935.6,80920.43,0.41340000000000005,-0.99196,1e-05,1.48816,0.0,0.0
2026-09-18T18:56:22Z,2026-09-21,3,89000.0,C,0.0,0.0001,0.0001,80936.78,80920.43,0.435,0.00471,0.0,0.9264,0.0,0.0
2026-09-18T18:56:22Z,2026-09-21,3,89000.0,P,0.097,0.1025,0.0997,80936.78,80920.43,0.435,-0.99529,0.0,0.9264,0.0,0.0
2026-09-18T18:56:22Z,2026-09-22,4,69000.0,C,0.1455,0.15,0.1476,80946.62,80920.43,0.537,0.99883,0.0,0.30931,0.0,0.0
2026-09-18T18:56:22Z,2026-09-22,4,69000.0,P,0.0,0.0001,0.0,80946.62,80920.43,0.537,-0.00117,0.0,0.30931,0.0,0.0
2026-09-18T18:56:22Z,2026-09-22,4,70000.0,C,0.1335,0.1375,0.1353,80947.8,80920.43,0.5353,0.99729,0.0,0.66583,0.0,0.0
2026-09-18T18:56:22Z,2026-09-22,4,70000.0,P,0.0,0.0001,0.0,80946.62,80920.43,0.5353,-0.00271,0.0,0.66633,0.0,0.0
2026-09-18T18:56:22Z,2026-09-22,4,71000.0,C,0.121,0.125,0.123,80946.62,80920.43,0.5057,0.99604,0.0,0.93604,0.0,0.0
2026-09-18T18:56:22Z,2026-09-22,4,71000.0,P,0.0,0.0001,0.0001,80947.8,80920.43,0.5057,-0.00395,0.0,0.93533,25.2,25.2
2026-09-18T18:56:22Z,2026-09-22,4,72000.0,C,0.109,0.113,0.1106,80946.62,80920.43,0.46590000000000004,0.99497,0.0,1.15917,0.0,0.0
2026-09-18T18:56:22Z,2026-09-22,4,72000.0,P,0.0,0.0001,0.0001,80946.62,80920.43,0.46590000000000004,-0.00503,0.0,1.15917,30.2,30.2
2026-09-18T18:56:22Z,2026-09-22,4,73000.0,C,0.0965,0.1005,0.0983,80947.8,80920.43,0.4329,0.99274,1e-05,1.60557,0.0,0.0
2026-09-18T18:56:22Z,2026-09-22,4,73000.0,P,0.0,0.0002,0.0001,80947.8,80920.43,0.4329,-0.00726,1e-05,1.60557,33.0,34.0
2026-09-18T18:56:22Z,2026-09-22,4,74000.0,C,0.084,0.088,0.086,80947.8,80920.43,0.4018,0.98888,1e-05,2.33236,0.0,0.0
2026-09-18T18:56:22Z,2026-09-22,4,74000.0,P,0.0001,0.0002,0.0002,80947.8,80920.43,0.4018,-0.01112,1e-05,2.33236,4.7,4.7
2026-09-18T18:56:22Z,2026-09-22,4,75000.0,C,0.072,0.076,0.0737,80947.8,80920.43,0.37560000000000004,0.98126,2e-05,3.65477,0.0,0.0
2026-09-18T18:56:22Z,2026-09-22,4,75000.0,P,0.0002,0.0003,0.0003,80947.8,80920.43,0.37560000000000004,-0.01874,2e-05,3.65477,2.1,3.6
2026-09-18T18:56:22Z,2026-09-22,4,75500.0,C,0.0655,0.07,0.0676,80946.82,80920.43,0.35700000000000004,0.97714,2e-05,4.32338,0.0,0.0
2026-09-18T18:56:22Z,2026-09-22,4,75500.0,P,0.0002,0.0004,0.0003,80946.46,80920.43,0.35700000000000004,-0.02286,2e-05,4.32445,0.0,0.0
2026-09-18T18:56:22Z,2026-09-22,4,76000.0,C,0.0595,0.0635,0.0615,80946.46,80920.43,0.3454,0.96925,3e-05,5.53861,0.0,0.0
2026-09-18T18:56:22Z,2026-09-22,4,76000.0,P,0.0003,0.0005,0.0004,80946.46,80920.43,0.3454,-0.03075,3e-05,5.53861,0.2,0.2
2026-09-18T18:56:22Z,2026-09-22,4,76500.0,C,0.0535,0.058,0.0555,80946.82,80920.43,0.32909999999999995,0.96066,3e-05,6.78125,0.0,0.0
2026-09-18T18:56:22Z,2026-09-22,4,76500.0,P,0.0004,0.0006,0.0005,80946.82,80920.43,0.32909999999999995,-0.03934,3e-05,6.78125,1.1,1.2
2026-09-18T18:56:22Z,2026-09-22,4,77000.0,C,0.0475,0.052,0.0495,80946.82,80920.43,0.3189,0.94594,4e-05,8.75201,0.0,0.0
2026-09-18T18:56:22Z,2026-09-22,4,77000.0,P,0.0006,0.0008,0.0007,80946.46,80920.43,0.3189,-0.05407,4e-05,8.75396,6.8,6.8
2026-09-18T18:56:22Z,2026-09-22,4,77500.0,C,0.0415,0.046,0.0436,80946.82,80920.43,0.3056,0.92784,6e-05,10.96158,0.0,0.0
2026-09-18T18:56:22Z,2026-09-22,4,77500.0,P,0.0008,0.0011,0.001,80946.82,80920.43,0.3056,-0.07216,6e-05,10.96158,2.8,2.8
2026-09-18T18:56:22Z,2026-09-22,4,78000.0,C,0.036,0.04,0.0378,80946.46,80920.43,0.29469999999999996,0.90173,7e-05,13.82034,48.7,48.7
2026-09-18T18:56:22Z,2026-09-22,4,78000.0,P,0.0012,0.0014,0.0014,80946.82,80920.43,0.29469999999999996,-0.09825,7e-05,13.81766,10.0,10.0
2026-09-18T18:56:22Z,2026-09-22,4,78500.0,C,0.0305,0.035,0.0323,80946.82,80920.43,0.2899,0.86186,0.0001,17.59171,9.6,9.6
2026-09-18T18:56:22Z,2026-09-22,4,78500.0,P,0.0019,0.0022,0.002,80946.82,80920.43,0.2899,-0.13814,0.0001,17.59171,6.0,6.0
2026-09-18T18:56:22Z,2026-09-22,4,79000.0,C,0.025,0.0295,0.027,80946.82,80920.43,0.284,0.81164,0.00012,21.52875,4.2,9.6
2026-09-18T18:56:22Z,2026-09-22,4,79000.0,P,0.0027,0.0031,0.0029,80946.82,80920.43,0.284,-0.18836,0.00012,21.52875,5.6,5.6
2026-09-18T18:56:22Z,2026-09-22,4,79500.0,C,0.021,0.0235,0.0221,80946.46,80920.43,0.2801,0.74767,0.00014,25.47039,21.5,21.5
2026-09-18T18:56:22Z,2026-09-22,4,79500.0,P,0.004,0.0044,0.0042,80946.46,80920.43,0.2801,-0.25233,0.00014,25.47039,0.0,0.0
2026-09-18T18:56:22Z,2026-09-22,4,80000.0,C,0.017,0.0185,0.0177,80946.82,80920.43,0.2788,0.67079,0.00016,28.85735,35.8,35.8
2026-09-18T18:56:22Z,2026-09-22,4,80000.0,P,0.0055,0.0065,0.006,80946.46,80920.43,0.2788,-0.32927,0.00016,28.85929,0.0,0.0
2026-09-18T18:56:22Z,2026-09-22,4,80500.0,C,0.0135,0.0145,0.014,80946.82,80920.43,0.2813,0.58456,0.00017,31.10208,31.0,42.9
2026-09-18T18:56:22Z,2026-09-22,4,80500.0,P,0.008,0.009,0.0085,80946.46,80920.43,0.2813,-0.4155,0.00017,31.10301,0.1,0.1
2026-09-18T18:56:22Z,2026-09-22,4,81000.0,C,0.0105,0.0115,0.0108,80946.46,80920.43,0.2834,0.49612,0.00018,31.81797,21.4,26.4
2026-09-18T18:56:22Z,2026-09-22,4,81000.0,P,0.011,0.012,0.0115,80946.82,80920.43,0.2834,-0.50381,0.00018,31.81816,1.0,1.0
2026-09-18T18:56:22Z,2026-09-22,4,81500.0,C,0.008,0.009,0.0083,80946.46,80920.43,0.2899,0.41126,0.00017,31.02901,0.0,0.0
2026-09-18T18:56:22Z,2026-09-22,4,81500.0,P,0.0145,0.0155,0.0152,80946.46,80920.43,0.2899,-0.58874,0.00017,31.02906,0.0,0.0
2026-09-18T18:56:22Z,2026-09-22,4,82000.0,C,0.006,0.0065,0.0063,80949.05,80920.43,0.2944,0.33355,0.00015,29.00884,17.6,17.7
2026-09-18T18:56:22Z,2026-09-22,4,82000.0,P,0.0175,0.02,0.0193,80949.05,80920.43,0.2944,-0.66645,0.00015,29.00884,0.0,0.0
2026-09-18T18:56:22Z,2026-09-22,4,82500.0,C,0.0047,0.0055,0.0049,80949.05,80920.43,0.3056,0.26924,0.00014,26.33583,0.0,0.0
2026-09-18T18:56:22Z,2026-09-22,4,82500.0,P,0.0225,0.0245,0.0241,80949.05,80920.43,0.3056,-0.73076,0.00014,26.33583,0.0,0.0
2026-09-18T18:56:22Z,2026-09-22,4,83000.0,C,0.0035,0.0039,0.0036,80946.46,80920.43,0.3111,0.21129,0.00012,23.06941,206.1,206.1
2026-09-18T18:56:22Z,2026-09-22,4,83000.0,P,0.026,0.031,0.029,80949.05,80920.43,0.3111,-0.78841,0.00012,23.08946,0.0,0.0
2026-09-18T18:56:22Z,2026-09-22,4,83500.0,C,0.0027,0.003,0.0028,80946.46,80920.43,0.324,0.16932,0.0001,20.13194,0.0,0.0
2026-09-18T18:56:22Z,2026-09-22,4,83500.0,P,0.032,0.0365,0.0344,80946.46,80920.43,0.324,-0.83068,0.0001,20.13194,0.0,0.0
2026-09-18T18:56:22Z,2026-09-22,4,84000.0,C,0.0021,0.0024,0.0022,80946.46,80920.43,0.3328,0.13292,8e-05,17.1331,5.1,5.1
2026-09-18T18:56:22Z,2026-09-22,4,84000.0,P,0.0375,0.042,0.0399,80949.05,80920.43,0.3328,-0.86687,8e-05,17.15225,0.0,0.0
2026-09-18T18:56:22Z,2026-09-22,4,85000.0,C,0.0013,0.0015,0.0013,80949.05,80920.43,0.3557,0.08447,5e-05,12.35396,25.1,25.2
2026-09-18T18:56:22Z,2026-09-22,4,85000.0,P,0.049,0.0535,0.0514,80946.46,80920.43,0.3557,-0.91567,5e-05,12.33806,0.0,0.0
2026-09-18T18:56:22Z,2026-09-22,4,86000.0,C,0.0008,0.001,0.0008,80946.46,80920.43,0.3787,0.05434,4e-05,8.78867,16.1,16.1
2026-09-18T18:56:22Z,2026-09-22,4,86000.0,P,0.0605,0.0655,0.0633,80946.46,80920.43,0.3787,-0.94566,4e-05,8.78867,0.0,0.0
2026-09-18T18:56:22Z,2026-09-22,4,87000.0,C,0.0005,0.0007,0.0005,80949.05,80920.43,0.3968,0.03404,2e-05,6.02423,1.1,1.1
2026-09-18T18:56:22Z,2026-09-22,4,87000.0,P,0.0725,0.0775,0.0753,80946.46,80920.43,0.3968,-0.96602,2e-05,6.01505,0.0,0.0
2026-09-18T18:56:22Z,2026-09-22,4,88000.0,C,0.0003,0.0005,0.0004,80949.05,80920.43,0.423,0.02368,2e-05,4.45336,0.1,0.1
2026-09-18T18:56:22Z,2026-09-22,4,88000.0,P,0.0845,0.09,0.0875,80949.05,80920.43,0.423,-0.97632,2e-05,4.45336,0.0,0.0
2026-09-18T18:56:22Z,2026-09-22,4,89000.0,C,0.0002,0.0004,0.0003,80946.46,80920.43,0.4484,0.0168,1e-05,3.32892,0.0,0.0
2026-09-18T18:56:22Z,2026-09-22,4,89000.0,P,0.097,0.102,0.0998,80949.2,80920.43,0.4484,-0.98316,1e-05,3.33488,0.0,0.0
2026-09-18T18:56:22Z,2026-09-22,4,90000.0,C,0.0001,0.0003,0.0002,80949.2,80920.43,0.46590000000000004,0.01113,1e-05,2.33294,5.0,8.0
2026-09-18T18:56:22Z,2026-09-22,4,90000.0,P,0.109,0.1145,0.112,80949.2,80920.43,0.46590000000000004,-0.98887,1e-05,2.33294,0.0,0.0
2026-09-18T18:56:22Z,2026-09-25,7,30000.0,C,0.629,0.631,0.6295,80980.6,80920.43,1.2395,1.0,0.0,0.0,135.5,0.0
2026-09-18T18:56:22Z,2026-09-25,7,30000.0,P,0.0,0.0001,0.0,80980.6,80920.43,1.2395,0.0,0.0,0.0,2959.5,0.0
2026-09-18T18:56:22Z,2026-09-25,7,35000.0,C,0.567,0.569,0.5678,80980.6,80920.43,1.0855,1.0,0.0,0.0,29.3,0.0
2026-09-18T18:56:22Z,2026-09-25,7,35000.0,P,0.0,0.0001,0.0,80976.76,80920.43,1.0855,0.0,0.0,0.0,1209.4,0.0
2026-09-18T18:56:22Z,2026-09-25,7,40000.0,C,0.5055,0.5075,0.506,80980.6,80920.43,1.0505,1.0,0.0,0.00011,34.4,0.0
2026-09-18T18:56:22Z,2026-09-25,7,40000.0,P,0.0,0.0001,0.0,80980.6,80920.43,1.0505,0.0,0.0,0.00011,2819.0,0.0
2026-09-18T18:56:22Z,2026-09-25,7,45000.0,C,0.443,0.446,0.4443,80980.6,80920.43,1.0182,0.99999,0.0,0.00298,164.9,60.0
2026-09-18T18:56:22Z,2026-09-25,7,45000.0,P,0.0,0.0001,0.0,80980.6,80920.43,1.0182,-1e-05,0.0,0.00298,2172.5,0.0
2026-09-18T18:56:22Z,2026-09-25,7,50000.0,C,0.381,0.3845,0.3825,80980.6,80920.43,0.9351,0.99995,0.0,0.02042,30.1,0.0
2026-09-18T18:56:22Z,2026-09-25,7,50000.0,P,0.0,0.0001,0.0,80980.6,80920.43,0.9351,-5e-05,0.0,0.02042,3819.0,0.0
2026-09-18T18:56:22Z,2026-09-25,7,52000.0,C,0.3565,0.3595,0.3578,80976.76,80920.43,0.9004000000000001,0.99991,0.0,0.04058,150.2,0.0
2026-09-18T18:56:22Z,2026-09-25,7,52000.0,P,0.0,0.0001,0.0,80976.76,80920.43,0.9004000000000001,-9e-05,0.0,0.04058,1209.3,0.0
2026-09-18T18:56:22Z,2026-09-25,7,54000.0,C,0.3315,0.335,0.3331,80976.76,80920.43,0.8172,0.99991,0.0,0.03716,7.4,0.0
2026-09-18T18:56:22Z,2026-09-25,7,54000.0,P,0.0,0.0001,0.0,80980.6,80920.43,0.8172,-9e-05,0.0,0.03711,896.5,0.0
2026-09-18T18:56:22Z,2026-09-25,7,55000.0,C,0.3195,0.3225,0.3208,80976.76,80920.43,0.7766,0.99992,0.0,0.03515,143.7,0.0
2026-09-18T18:56:22Z,2026-09-25,7,55000.0,P,0.0,0.0001,0.0,80980.6,80920.43,0.7766,-8e-05,0.0,0.03509,3013.3,0.0
2026-09-18T18:56:22Z,2026-09-25,7,56000.0,C,0.307,0.31,0.3084,80980.6,80920.43,0.7364,0.99992,0.0,0.03288,13.4,0.0
2026-09-18T18:56:22Z,2026-09-25,7,56000.0,P,0.0,0.0001,0.0,80980.6,80920.43,0.7364,-8e-05,0.0,0.03288,1775.8,5.0
2026-09-18T18:56:22Z,2026-09-25,7,58000.0,C,0.282,0.2855,0.2837,80980.6,80920.43,0.6781999999999999,0.9999,0.0,0.04263,460.6,0.0
2026-09-18T18:56:22Z,2026-09-25,7,58000.0,P,0.0,0.0001,0.0,80980.6,80920.43,0.6781999999999999,-0.0001,0.0,0.04263,1416.0,0.1
2026-09-18T18:56:22Z,2026-09-25,7,60000.0,C,0.2575,0.261,0.259,80980.6,80920.43,0.6781999999999999,0.99959,0.0,0.15939,832.6,0.0
2026-09-18T18:56:22Z,2026-09-25,7,60000.0,P,0.0,0.0001,0.0,80980.73,80920.43,0.6781999999999999,-0.00041,0.0,0.15938,5587.6,2.5
2026-09-18T18:56:22Z,2026-09-25,7,62000.0,C,0.233,0.2365,0.2344,80980.73,80920.43,0.6773,0.99861,0.0,0.49447,597.2,0.0
2026-09-18T18:56:22Z,2026-09-25,7,62000.0,P,0.0,0.0001,0.0,80984.34,80920.43,0.6773,-0.00139,0.0,0.49376,1606.1,148.7
2026-09-18T18:56:22Z,2026-09-25,7,64000.0,C,0.208,0.2115,0.2097,80984.34,80920.43,0.6448999999999999,0.99719,0.0,0.93566,642.8,0.0
2026-09-18T18:56:22Z,2026-09-25,7,64000.0,P,0.0,0.0001,0.0001,80984.34,80920.43,0.6448999999999999,-0.00281,0.0,0.93566,1356.3,45.9
2026-09-18T18:56:22Z,2026-09-25,7,65000.0,C,0.196,0.1995,0.1974,80984.34,80920.43,0.6086,0.99692,0.0,1.0168,1248.8,0.0
2026-09-18T18:56:22Z,2026-09-25,7,65000.0,P,0.0,0.0002,0.0001,80984.34,80920.43,0.6086,-0.00308,0.0,1.0168,1150.8,213.8
2026-09-18T18:56:22Z,2026-09-25,7,66000.0,C,0.1835,0.187,0.1851,80984.34,80920.43,0.6011,0.9951,0.0,1.54104,968.1,4.0
2026-09-18T18:56:22Z,2026-09-25,7,66000.0,P,0.0,0.0002,0.0001,80984.34,80920.43,0.6011,-0.0049,0.0,1.54104,1741.6,51.5
2026-09-18T18:56:22Z,2026-09-25,7,68000.0,C,0.1585,0.1625,0.1604,80980.73,80920.43,0.5383,0.99305,0.0,2.09991,873.5,2.9
2026-09-18T18:56:22Z,2026-09-25,7,68000.0,P,0.0001,0.0003,0.0002,80984.34,80920.43,0.5383,-0.00694,0.0,2.09681,2442.5,47.3
2026-09-18T18:56:22Z,2026-09-25,7,70000.0,C,0.135,0.1365,0.1358,80984.34,80920.43,0.48829999999999996,0.98815,1e-05,3.34948,10936.4,13.7
2026-09-18T18:56:22Z,2026-09-25,7,70000.0,P,0.0002,0.0004,0.0003,80980.73,80920.43,0.48829999999999996,-0.01187,1e-05,3.3545,8641.7,1030.2
2026-09-18T18:56:22Z,2026-09-25,7,72000.0,C,0.1095,0.1135,0.1113,80984.34,80920.43,0.4361,0.97947,1e-05,5.36723,3306.9,1.0
2026-09-18T18:56:22Z,2026-09-25,7,72000.0,P,0.0004,0.0006,0.0005,80980.73,80920.43,0.4361,-0.02056,1e-05,5.37536,2965.5,780.6
2026-09-18T18:56:22Z,2026-09-25,7,73000.0,C,0.097,0.1015,0.0991,80984.34,80920.43,0.4118,0.97195,1e-05,6.9781,52.3,6.0
2026-09-18T18:56:22Z,2026-09-25,7,73000.0,P,0.0005,0.0007,0.0006,80984.34,80920.43,0.4118,-0.02805,1e-05,6.9781,1640.8,448.5
2026-09-18T18:56:22Z,2026-09-25,7,74000.0,C,0.085,0.0895,0.087,80984.34,80920.43,0.38670000000000004,0.96146,2e-05,9.06585,1435.3,3.8
2026-09-18T18:56:22Z,2026-09-25,7,74000.0,P,0.0007,0.0009,0.0008,80980.73,80920.43,0.38670000000000004,-0.03861,2e-05,9.07925,2137.6,1492.2
2026-09-18T18:56:22Z,2026-09-25,7,75000.0,C,0.073,0.078,0.075,80984.34,80920.43,0.3643,0.94499,3e-05,12.0641,2948.2,261.6
2026-09-18T18:56:22Z,2026-09-25,7,75000.0,P,0.001,0.0013,0.0012,80984.34,80920.43,0.3643,-0.05501,3e-05,12.0641,4319.6,867.0
2026-09-18T18:56:22Z,2026-09-25,7,76000.0,C,0.0615,0.066,0.0633,80980.73,80920.43,0.3477,0.91727,4e-05,16.53351,2512.1,81.6
2026-09-18T18:56:22Z,2026-09-25,7,76000.0,P,0.0016,0.002,0.0018,80984.36,80920.43,0.3477,-0.08258,4e-05,16.5118,1490.0,905.8
2026-09-18T18:56:22Z,2026-09-25,7,77000.0,C,0.05,0.0545,0.052,80984.32,80920.43,0.3344,0.87476,6e-05,22.35195,617.2,126.9
2026-09-18T18:56:22Z,2026-09-25,7,77000.0,P,0.0027,0.0031,0.0028,80984.32,80920.43,0.3344,-0.12524,6e-05,22.35195,1332.1,582.8
2026-09-18T18:56:22Z,2026-09-25,7,78000.0,C,0.0405,0.044,0.0415,80984.32,80920.43,0.3265,0.81075,8e-05,29.35364,4769.1,765.1
2026-09-18T18:56:22Z,2026-09-25,7,78000.0,P,0.0046,0.0047,0.0047,80984.32,80920.43,0.3265,-0.18925,8e-05,29.35364,2692.4,568.5
2026-09-18T18:56:22Z,2026-09-25,7,79000.0,C,0.0305,0.033,0.0319,80984.32,80920.43,0.32,0.72588,0.0001,36.12453,2654.2,302.1
2026-09-18T18:56:22Z,2026-09-25,7,79000.0,P,0.007,0.0075,0.0074,80984.32,80920.43,0.32,-0.27412,0.0001,36.12453,1087.7,169.2
2026-09-18T18:56:22Z,2026-09-25,7,80000.0,C,0.023,0.0245,0.0238,80984.32,80920.43,0.3212,0.62013,0.00011,41.2829,6503.2,2063.4
2026-09-18T18:56:22Z,2026-09-25,7,80000.0,P,0.011,0.012,0.0117,80984.32,80920.43,0.3212,-0.37987,0.00011,41.2829,1649.0,126.9
2026-09-18T18:56:22Z,2026-09-25,7,81000.0,C,0.017,0.0175,0.0172,80984.32,80920.43,0.325,0.5069,0.00011,43.25266,3684.5,1069.2
2026-09-18T18:56:22Z,2026-09-25,7,81000.0,P,0.017,0.018,0.0175,80984.32,80920.43,0.325,-0.4931,0.00011,43.25266,613.7,42.2
2026-09-18T18:56:22Z,2026-09-25,7,82000.0,C,0.012,0.0125,0.0123,80984.32,80920.43,0.3332,0.39857,0.00011,41.8533,6988.9,1773.4
2026-09-18T18:56:22Z,2026-09-25,7,82000.0,P,0.024,0.0255,0.0249,80984.32,80920.43,0.3332,-0.60143,0.00011,41.8533,585.2,131.0
2026-09-18T18:56:22Z,2026-09-25,7,83000.0,C,0.008,0.009,0.0086,80984.32,80920.43,0.34020000000000006,0.30257,9e-05,37.84726,1562.4,424.2
2026-09-18T18:56:22Z,2026-09-25,7,83000.0,P,0.032,0.035,0.0335,80984.36,80920.43,0.34020000000000006,-0.69742,9e-05,37.84749,172.1,152.1
2026-09-18T18:56:22Z,2026-09-25,7,84000.0,C,0.0055,0.0065,0.006,80984.36,80920.43,0.3515,0.22565,8e-05,32.5739,3792.3,1382.9
2026-09-18T18:56:22Z,2026-09-25,7,84000.0,P,0.0415,0.0455,0.0433,80984.32,80920.43,0.3515,-0.77436,8e-05,32.57363,48.5,1.2
2026-09-18T18:56:22Z,2026-09-25,7,85000.0,C,0.0042,0.0044,0.0042,80984.32,80920.43,0.3643,0.16658,6e-05,27.08288,10294.8,2231.3
2026-09-18T18:56:22Z,2026-09-25,7,85000.0,P,0.0515,0.056,0.0539,80984.32,80920.43,0.3643,-0.83342,6e-05,27.08288,453.2,1.8
2026-09-18T18:56:22Z,2026-09-25,7,86000.0,C,0.0028,0.0032,0.0029,80984.32,80920.43,0.3761,0.12137,5e-05,21.86557,2703.8,609.7
2026-09-18T18:56:22Z,2026-09-25,7,86000.0,P,0.0625,0.0675,0.0649,80984.36,80920.43,0.3761,-0.87863,5e-05,21.86583,11.7,0.0
2026-09-18T18:56:22Z,2026-09-25,7,87000.0,C,0.0019,0.0023,0.0021,80984.32,80920.43,0.38780000000000003,0.08786,4e-05,17.29674,163.4,139.3
2026-09-18T18:56:22Z,2026-09-25,7,87000.0,P,0.074,0.0785,0.0764,80984.36,80920.43,0.38780000000000003,-0.91213,4e-05,17.29697,8.8,0.0
2026-09-18T18:56:22Z,2026-09-25,7,88000.0,C,0.0013,0.0016,0.0014,80984.32,80920.43,0.3997,0.06357,3e-05,13.51246,1625.1,439.0
2026-09-18T18:56:22Z,2026-09-25,7,88000.0,P,0.0855,0.0905,0.0881,80984.15,80920.43,0.3997,-0.93644,3e-05,13.51159,6.3,0.0
2026-09-18T18:56:22Z,2026-09-25,7,90000.0,C,0.0007,0.0008,0.0007,80981.7,80920.43,0.42450000000000004,0.0337,2e-05,8.12162,9553.6,675.1
2026-09-18T18:56:22Z,2026-09-25,7,90000.0,P,0.1095,0.115,0.1121,80981.7,80920.43,0.42450000000000004,-0.9663,2e-05,8.12162,579.6,0.1
2026-09-18T18:56:22Z,2026-09-25,7,92000.0,C,0.0004,0.0006,0.0005,80984.15,80920.43,0.4625,0.02126,1e-05,5.52799,1256.2,108.3
2026-09-18T18:56:22Z,2026-09-25,7,92000.0,P,0.134,0.139,0.1365,80981.7,80920.43,0.4625,-0.97877,1e-05,5.52235,7.6,0.0
2026-09-18T18:56:22Z,2026-09-25,7,94000.0,C,0.0002,0.0005,0.0003,80981.7,80920.43,0.49450000000000005,0.01326,1e-05,3.692,933.6,40.8
2026-09-18T18:56:22Z,2026-09-25,7,94000.0,P,0.158,0.164,0.161,80984.15,80920.43,0.49450000000000005,-0.98673,1e-05,3.69586,1.9,0.0
2026-09-18T18:56:22Z,2026-09-25,7,95000.0,C,0.0002,0.0004,0.0003,80981.7,80920.43,0.5192,0.01186,1e-05,3.3519,5410.5,121.5
2026-09-18T18:56:22Z,2026-09-25,7,95000.0,P,0.1705,0.176,0.1733,80981.7,80920.43,0.5192,-0.98814,1e-05,3.3519,147.4,0.3
2026-09-18T18:56:22Z,2026-09-25,7,96000.0,C,0.0002,0.0003,0.0002,80984.15,80920.43,0.5387,0.01012,0.0,2.91975,2151.6,123.1
2026-09-18T18:56:22Z,2026-09-25,7,96000.0,P,0.183,0.1885,0.1857,80984.15,80920.43,0.5387,-0.98988,0.0,2.91975,1.0,0.0
2026-09-18T18:56:22Z,2026-09-25,7,98000.0,C,0.0001,0.0003,0.0002,80984.15,80920.43,0.5728,0.00718,0.0,2.15984,1119.1,5.3
2026-09-18T18:56:22Z,2026-09-25,7,98000.0,P,0.2075,0.2135,0.2103,80981.7,80920.43,0.5728,-0.99283,0.0,2.15769,0.1,0.0
2026-09-18T18:56:22Z,2026-09-25,7,100000.0,C,0.0,0.0003,0.0002,80981.7,80920.43,0.6255,0.00662,0.0,2.01246,7193.7,67.7
2026-09-18T18:56:22Z,2026-09-25,7,100000.0,P,0.232,0.238,0.235,80984.15,80920.43,0.6255,-0.99337,0.0,2.01433,336.1,27.0
2026-09-18T18:56:22Z,2026-09-25,7,102000.0,C,0.0,0.0002,0.0001,80981.7,80920.43,0.6531,0.00473,0.0,1.49246,327.1,71.8
2026-09-18T18:56:22Z,2026-09-25,7,102000.0,P,0.2565,0.2625,0.2596,80981.7,80920.43,0.6531,-0.99527,0.0,1.49246,6.1,0.0
2026-09-18T18:56:22Z,2026-09-25,7,105000.0,C,0.0,0.0001,0.0001,80981.7,80920.43,0.7001000000000001,0.00323,0.0,1.05907,1454.5,0.2
2026-09-18T18:56:22Z,2026-09-25,7,105000.0,P,0.2935,0.3,0.2966,80984.15,80920.43,0.7001000000000001,-0.99677,0.0,1.06003,105.1,0.0
2026-09-18T18:56:22Z,2026-09-25,7,110000.0,C,0.0,0.0001,0.0001,80981.7,80920.43,0.7974,0.00244,0.0,0.82265,1466.3,0.0
2026-09-18T18:56:22Z,2026-09-25,7,110000.0,P,0.355,0.3615,0.3584,80981.7,80920.43,0.7974,-0.99756,0.0,0.82265,215.8,0.0
2026-09-18T18:56:22Z,2026-09-25,7,115000.0,C,0.0,0.0001,0.0,80984.15,80920.43,0.8217,0.00087,0.0,0.32032,2156.0,0.0
2026-09-18T18:56:22Z,2026-09-25,7,115000.0,P,0.4165,0.4235,0.4201,80981.7,80920.43,0.8217,-0.99913,0.0,0.32004,93.2,0.0
2026-09-18T18:56:22Z,2026-09-25,7,120000.0,C,0.0,0.0001,0.0,80981.7,80920.43,0.8225,0.00022,0.0,0.08943,1355.5,0.0
2026-09-18T18:56:22Z,2026-09-25,7,120000.0,P,0.478,0.4855,0.4818,80981.7,80920.43,0.8225,-0.99978,0.0,0.08943,174.5,0.0
2026-09-18T18:56:22Z,2026-09-25,7,125000.0,C,0.0,0.0001,0.0,80981.67,80920.43,0.8225,5e-05,0.0,0.02268,2385.7,0.0
2026-09-18T18:56:22Z,2026-09-25,7,125000.0,P,0.5395,0.547,0.5435,80981.4,80920.43,0.8225,-0.99995,0.0,0.02268,21.4,0.1
2026-09-18T18:56:22Z,2026-09-25,7,130000.0,C,0.0,0.0001,0.0,80981.4,80920.43,0.8226,1e-05,0.0,0.00535,1509.2,0.0
2026-09-18T18:56:22Z,2026-09-25,7,130000.0,P,0.6015,0.609,0.6052,80981.4,80920.43,0.8226,-0.99999,0.0,0.00535,21.4,0.0
2026-09-18T18:56:22Z,2026-09-25,7,135000.0,C,0.0,0.0001,0.0,80981.4,80920.43,0.8226,0.0,0.0,0.00118,493.0,0.0
2026-09-18T18:56:22Z,2026-09-25,7,135000.0,P,0.663,0.6715,0.667,80981.67,80920.43,0.8226,-1.0,0.0,0.00118,11.5,0.0
2026-09-18T18:56:22Z,2026-09-25,7,140000.0,C,0.0,0.0001,0.0,80981.4,80920.43,0.8226,0.0,0.0,0.00025,1208.2,0.0
2026-09-18T18:56:22Z,2026-09-25,7,140000.0,P,0.7235,0.732,0.7287,80981.4,80920.43,0.8226,-1.0,0.0,0.00025,1.4,0.0
2026-09-18T18:56:22Z,2026-09-25,7,145000.0,C,0.0,0.0001,0.0,80981.67,80920.43,0.8234,0.0,0.0,5e-05,519.2,0.0
2026-09-18T18:56:22Z,2026-09-25,7,145000.0,P,0.785,0.795,0.7905,80981.67,80920.43,0.8234,-1.0,0.0,5e-05,4.4,0.0
2026-09-18T18:56:22Z,2026-09-25,7,150000.0,C,0.0,0.0001,0.0,80981.67,80920.43,0.8397,0.0,0.0,2e-05,780.5,0.0
2026-09-18T18:56:22Z,2026-09-25,7,150000.0,P,0.8475,0.857,0.8522,80981.4,80920.43,0.8397,-1.0,0.0,2e-05,40.5,0.0
2026-09-18T18:56:22Z,2026-09-25,7,155000.0,C,0.0,0.0001,0.0,80981.67,80920.43,0.8403,0.0,0.0,0.0,378.0,0.0
2026-09-18T18:56:22Z,2026-09-25,7,155000.0,P,0.9095,0.919,0.914,80981.4,80920.43,0.8403,-1.0,0.0,0.0,0.1,0.0
2026-09-18T18:56:22Z,2026-09-25,7,160000.0,C,0.0,0.0001,0.0,80981.4,80920.43,0.8422,0.0,0.0,0.0,1498.4,0.0
2026-09-18T18:56:22Z,2026-09-25,7,160000.0,P,0.971,0.9795,0.9757,80981.4,80920.43,0.8422,-1.0,0.0,0.0,0.6,0.0
2026-09-18T18:56:22Z,2026-09-25,7,165000.0,C,0.0,0.0001,0.0,80981.4,80920.43,0.8525,0.0,0.0,0.0,266.6,0.0
2026-09-18T18:56:22Z,2026-09-25,7,165000.0,P,1.0325,1.042,1.0374,80981.4,80920.43,0.8525,-1.0,0.0,0.0,0.0,0.0
2026-09-18T18:56:22Z,2026-09-25,7,170000.0,C,0.0,0.0001,0.0,80981.67,80920.43,0.8693000000000001,0.0,0.0,0.0,444.9,0.0
2026-09-18T18:56:22Z,2026-09-25,7,170000.0,P,1.094,1.104,1.0992,80981.4,80920.43,0.8693000000000001,-1.0,0.0,0.0,0.0,0.0
2026-09-18T18:56:22Z,2026-09-25,7,175000.0,C,0.0,0.0001,0.0,80981.4,80920.43,0.8896,0.0,0.0,0.0,1904.8,0.0
2026-09-18T18:56:22Z,2026-09-25,7,175000.0,P,1.156,1.166,1.1609,80981.4,80920.43,0.8896,-1.0,0.0,0.0,0.2,0.0
2026-09-18T18:56:22Z,2026-09-25,7,180000.0,C,0.0,0.0001,0.0,80981.4,80920.43,0.9181999999999999,0.0,0.0,0.0,792.3,0.0
2026-09-18T18:56:22Z,2026-09-25,7,180000.0,P,1.2175,1.227,1.2227,80981.4,80920.43,0.9181999999999999,-1.0,0.0,0.0,10.5,0.0
2026-09-18T18:56:22Z,2026-09-25,7,190000.0,C,0.0,0.0001,0.0,80981.67,80920.43,0.9384999999999999,0.0,0.0,0.0,762.1,0.0
2026-09-18T18:56:22Z,2026-09-25,7,190000.0,P,1.34,1.3525,1.3462,80981.37,80920.43,0.9384999999999999,-1.0,0.0,0.0,0.0,0.0
2026-09-18T18:56:22Z,2026-09-25,7,200000.0,C,0.0,0.0001,0.0,80981.34,80920.43,0.9823999999999999,0.0,0.0,0.0,1018.5,0.0
2026-09-18T18:56:22Z,2026-09-25,7,200000.0,P,1.461,1.476,1.4697,80981.34,80920.43,0.9823999999999999,-1.0,0.0,0.0,3.2,0.0
2026-09-18T18:56:22Z,2026-09-25,7,220000.0,C,0.0,0.0001,0.0,80981.37,80920.43,1.0735999999999999,0.0,0.0,0.0,241.9,0.0
2026-09-18T18:56:22Z,2026-09-25,7,220000.0,P,1.709,1.722,1.7167,80981.37,80920.43,1.0735999999999999,-1.0,0.0,0.0,27.7,0.0
2026-09-18T18:56:22Z,2026-09-25,7,240000.0,C,0.0,0.0001,0.0,80981.34,80920.43,1.156,0.0,0.0,0.0,211.9,0.0
2026-09-18T18:56:22Z,2026-09-25,7,240000.0,P,1.9565,1.97,1.9636,80981.34,80920.43,1.156,-1.0,0.0,0.0,0.0,0.0
2026-09-18T18:56:22Z,2026-09-25,7,260000.0,C,0.0,0.0001,0.0,80981.34,80920.43,1.2309,0.0,0.0,0.0,293.3,0.0
2026-09-18T18:56:22Z,2026-09-25,7,260000.0,P,2.2015,2.219,2.2106,80981.34,80920.43,1.2309,-1.0,0.0,0.0,0.0,0.0
2026-09-18T18:56:22Z,2026-09-25,7,280000.0,C,0.0,0.0001,0.0,80981.37,80920.43,1.2987,0.0,0.0,0.0,76.1,0.0
2026-09-18T18:56:22Z,2026-09-25,7,280000.0,P,2.4475,2.4655,2.4576,80981.34,80920.43,1.2987,-1.0,0.0,0.0,0.0,0.0
2026-09-18T18:56:22Z,2026-09-25,7,300000.0,C,0.0,0.0001,0.0,80981.37,80920.43,1.3629,0.0,0.0,0.0,196.3,0.0
2026-09-18T18:56:22Z,2026-09-25,7,300000.0,P,2.694,2.7145,2.7045,80981.34,80920.43,1.3629,-1.0,0.0,0.0,0.0,0.0
2026-09-18T18:56:22Z,2026-09-25,7,320000.0,C,0.0,0.0001,0.0,80981.34,80920.43,1.4009,0.0,0.0,0.0,304.6,0.0
2026-09-18T18:56:22Z,2026-09-25,7,320000.0,P,2.94,2.96,2.9515,80981.34,80920.43,1.4009,-1.0,0.0,0.0,25.1,0.0
2026-09-18T18:56:22Z,2026-10-02,14,65000.0,C,0.1965,0.2,0.1985,81062.0,80920.43,0.5065999999999999,0.9896,0.0,4.30636,0.0,0.0
2026-09-18T18:56:22Z,2026-10-02,14,65000.0,P,0.0003,0.0004,0.0004,81062.0,80920.43,0.5065999999999999,-0.0104,0.0,4.30636,545.1,51.6
2026-09-18T18:56:22Z,2026-10-02,14,70000.0,C,0.1355,0.14,0.1375,81062.0,80920.43,0.41619999999999996,0.96927,1e-05,10.83802,1.0,0.0
2026-09-18T18:56:22Z,2026-10-02,14,70000.0,P,0.0009,0.001,0.001,81062.0,80920.43,0.41619999999999996,-0.03073,1e-05,10.83802,925.0,308.3
2026-09-18T18:56:22Z,2026-10-02,14,72000.0,C,0.1115,0.1155,0.1134,81062.0,80920.43,0.3862,0.94851,2e-05,16.48557,0.6,0.0
2026-09-18T18:56:22Z,2026-10-02,14,72000.0,P,0.0015,0.0018,0.0017,81062.0,80920.43,0.3862,-0.05149,2e-05,16.48557,157.7,34.5
2026-09-18T18:56:22Z,2026-10-02,14,73000.0,C,0.0995,0.104,0.1016,81062.0,80920.43,0.37270000000000003,0.93254,2e-05,20.3778,0.0,0.0
2026-09-18T18:56:22Z,2026-10-02,14,73000.0,P,0.002,0.0024,0.0022,81062.0,80920.43,0.37270000000000003,-0.06746,2e-05,20.3778,343.4,42.1
2026-09-18T18:56:22Z,2026-10-02,14,74000.0,C,0.088,0.0925,0.0901,81062.0,80920.43,0.3618,0.91033,3e-05,25.28762,0.7,0.1
2026-09-18T18:56:22Z,2026-10-02,14,74000.0,P,0.0028,0.0032,0.003,81062.0,80920.43,0.3618,-0.08967,3e-05,25.28762,696.3,10.6
2026-09-18T18:56:22Z,2026-10-02,14,75000.0,C,0.0765,0.081,0.0789,81062.0,80920.43,0.35240000000000005,0.8808,4e-05,31.0884,3.6,0.0
2026-09-18T18:56:22Z,2026-10-02,14,75000.0,P,0.0039,0.0043,0.0041,81062.0,80920.43,0.35240000000000005,-0.1192,4e-05,31.0884,392.4,32.1
2026-09-18T18:56:22Z,2026-10-02,14,76000.0,C,0.066,0.071,0.0681,81062.0,80920.43,0.3436,0.84308,4e-05,37.51235,49.7,0.0
2026-09-18T18:56:22Z,2026-10-02,14,76000.0,P,0.0055,0.006,0.0056,81062.0,80920.43,0.3436,-0.15692,4e-05,37.51235,330.6,152.1
2026-09-18T18:56:22Z,2026-10-02,14,77000.0,C,0.0565,0.0585,0.0579,81062.0,80920.43,0.3389,0.79391,5e-05,44.50639,187.2,12.5
2026-09-18T18:56:22Z,2026-10-02,14,77000.0,P,0.0075,0.008,0.0078,81061.92,80920.43,0.3389,-0.2061,5e-05,44.50669,135.4,14.3
2026-09-18T18:56:22Z,2026-10-02,14,78000.0,C,0.047,0.049,0.0485,81061.92,80920.43,0.33490000000000003,0.73538,6e-05,51.10812,328.7,119.3
2026-09-18T18:56:22Z,2026-10-02,14,78000.0,P,0.0105,0.011,0.0107,81061.92,80920.43,0.33490000000000003,-0.26462,6e-05,51.10812,186.3,93.0
2026-09-18T18:56:22Z,2026-10-02,14,79000.0,C,0.0385,0.0405,0.04,81061.92,80920.43,0.3331,0.66771,7e-05,56.70511,392.6,80.4
2026-09-18T18:56:22Z,2026-10-02,14,79000.0,P,0.014,0.015,0.0146,81061.92,80920.43,0.3331,-0.33229,7e-05,56.70511,135.5,112.1
2026-09-18T18:56:22Z,2026-10-02,14,80000.0,C,0.032,0.033,0.0325,81061.92,80920.43,0.3328,0.59397,7e-05,60.55845,881.0,39.5
2026-09-18T18:56:22Z,2026-10-02,14,80000.0,P,0.019,0.02,0.0194,81061.92,80920.43,0.3328,-0.40603,7e-05,60.55845,15.7,10.9
2026-09-18T18:56:22Z,2026-10-02,14,81000.0,C,0.0255,0.0265,0.026,81061.92,80920.43,0.3332,0.51755,8e-05,62.23427,301.9,71.0
2026-09-18T18:56:22Z,2026-10-02,14,81000.0,P,0.025,0.026,0.0252,81061.52,80920.43,0.3332,-0.48248,8e-05,62.23418,9.6,3.6
2026-09-18T18:56:22Z,2026-10-02,14,82000.0,C,0.02,0.021,0.0206,81061.92,80920.43,0.33659999999999995,0.44233,8e-05,61.64253,1712.1,494.7
2026-09-18T18:56:22Z,2026-10-02,14,82000.0,P,0.0315,0.033,0.0322,81061.52,80920.43,0.33649999999999997,-0.5577,8e-05,61.64152,14.4,14.4
2026-09-18T18:56:22Z,2026-10-02,14,83000.0,C,0.0155,0.0165,0.0161,81061.52,80920.43,0.3387,0.37085,7e-05,59.00055,2.0,2.0
2026-09-18T18:56:22Z,2026-10-02,14,83000.0,P,0.039,0.041,0.04,81061.92,80920.43,0.3387,-0.62912,7e-05,59.00236,0.0,0.0
2026-09-18T18:56:22Z,2026-10-02,14,84000.0,C,0.012,0.013,0.0125,81061.92,80920.43,0.34259999999999996,0.30627,7e-05,54.7966,1053.8,417.7
2026-09-18T18:56:22Z,2026-10-02,14,84000.0,P,0.0475,0.0505,0.0487,81061.92,80920.43,0.34259999999999996,-0.69373,7e-05,54.7966,0.1,0.0
2026-09-18T18:56:22Z,2026-10-02,14,85000.0,C,0.0095,0.01,0.0097,81061.52,80920.43,0.34909999999999997,0.25081,6e-05,49.70589,594.8,223.1
2026-09-18T18:56:22Z,2026-10-02,14,85000.0,P,0.055,0.0605,0.0583,81062.0,80920.43,0.34909999999999997,-0.74916,6e-05,49.70911,0.0,0.0
2026-09-18T18:56:22Z,2026-10-02,14,86000.0,C,0.007,0.008,0.0074,81061.92,80920.43,0.35229999999999995,0.20119,5e-05,43.87163,196.3,156.0
2026-09-18T18:56:22Z,2026-10-02,14,86000.0,P,0.065,0.071,0.0683,81062.0,80920.43,0.35229999999999995,-0.79881,5e-05,43.87221,0.0,0.0
2026-09-18T18:56:22Z,2026-10-02,14,88000.0,C,0.0042,0.0046,0.0044,81061.92,80920.43,0.3657,0.12909,4e-05,32.8728,0.5,0.5
2026-09-18T18:56:22Z,2026-10-02,14,88000.0,P,0.088,0.0925,0.09,81061.52,80920.43,0.3657,-0.87092,4e-05,32.86995,0.0,0.0
2026-09-18T18:56:22Z,2026-10-02,14,90000.0,C,0.0025,0.0029,0.0027,81058.09,80920.43,0.38130000000000003,0.08259,3e-05,23.77868,48.1,53.9
2026-09-18T18:56:22Z,2026-10-02,14,90000.0,P,0.1105,0.1155,0.113,81061.52,80920.43,0.38130000000000003,-0.91732,3e-05,23.7987,0.1,0.0
2026-09-18T18:56:22Z,2026-10-02,14,95000.0,C,0.0009,0.001,0.001,81061.52,80920.43,0.4303,0.03054,1e-05,10.78182,387.9,79.5
2026-09-18T18:56:22Z,2026-10-02,14,95000.0,P,0.1705,0.176,0.1729,81058.09,80920.43,0.4303,-0.9695,1e-05,10.77106,0.1,0.0
2026-09-18T18:56:22Z,2026-10-09,21,65000.0,C,0.198,0.202,0.1998,81126.53,80920.43,0.4806,0.9773,1e-05,10.3734,0.0,0.0
2026-09-18T18:56:22Z,2026-10-09,21,65000.0,P,0.0009,0.0011,0.001,81129.96,80920.43,0.4806,-0.02268,1e-05,10.36614,10.3,8.8
2026-09-18T18:56:22Z,2026-10-09,21,68000.0,C,0.1615,0.1655,0.1634,81126.53,80920.43,0.4292,0.96281,1e-05,15.62955,0.0,0.0
2026-09-18T18:56:22Z,2026-10-09,21,68000.0,P,0.0014,0.0017,0.0016,81126.53,80920.43,0.4292,-0.03719,1e-05,15.62955,14.2,14.2
2026-09-18T18:56:22Z,2026-10-09,21,70000.0,C,0.1375,0.142,0.1395,81129.96,80920.43,0.40020000000000006,0.94537,1e-05,21.29874,0.0,0.0
2026-09-18T18:56:22Z,2026-10-09,21,70000.0,P,0.0021,0.0024,0.0023,81129.96,80920.43,0.40020000000000006,-0.05463,1e-05,21.29874,76.9,74.0
2026-09-18T18:56:22Z,2026-10-09,21,72000.0,C,0.114,0.119,0.1161,81129.96,80920.43,0.3766,0.91633,2e-05,29.59766,0.0,0.0
2026-09-18T18:56:22Z,2026-10-09,21,72000.0,P,0.0033,0.0037,0.0035,81126.53,80920.43,0.3766,-0.08374,2e-05,29.61575,52.5,51.6
2026-09-18T18:56:22Z,2026-10-09,21,73000.0,C,0.1025,0.107,0.1047,81129.96,80920.43,0.3661,0.89604,3e-05,34.74726,0.2,0.0
2026-09-18T18:56:22Z,2026-10-09,21,73000.0,P,0.0042,0.0047,0.0045,81129.96,80920.43,0.3661,-0.10396,3e-05,34.74726,72.0,54.1
2026-09-18T18:56:22Z,2026-10-09,21,74000.0,C,0.0915,0.0965,0.0936,81126.53,80920.43,0.3569,0.87036,3e-05,40.63699,0.1,0.0
2026-09-18T18:56:22Z,2026-10-09,21,74000.0,P,0.0055,0.006,0.0057,81126.53,80920.43,0.3569,-0.12964,3e-05,40.63699,13.8,7.1
2026-09-18T18:56:22Z,2026-10-09,21,75000.0,C,0.081,0.086,0.0829,81126.53,80920.43,0.3504,0.83796,4e-05,47.21844,0.1,0.1
2026-09-18T18:56:22Z,2026-10-09,21,75000.0,P,0.007,0.008,0.0074,81129.96,80920.43,0.3504,-0.16192,4e-05,47.19675,103.3,2.0
2026-09-18T18:56:22Z,2026-10-09,21,76000.0,C,0.0705,0.0745,0.0728,81126.53,80920.43,0.34450000000000003,0.79939,4e-05,53.98164,50.1,0.1
2026-09-18T18:56:22Z,2026-10-09,21,76000.0,P,0.009,0.01,0.0095,81126.53,80920.43,0.34450000000000003,-0.20061,4e-05,53.98164,55.7,55.2
2026-09-18T18:56:22Z,2026-10-09,21,77000.0,C,0.062,0.064,0.0631,81126.53,80920.43,0.3389,0.75475,5e-05,60.53788,57.8,55.0
2026-09-18T18:56:22Z,2026-10-09,21,77000.0,P,0.012,0.0125,0.0122,81129.96,80920.43,0.3389,-0.24508,5e-05,60.51848,16.4,12.9
2026-09-18T18:56:22Z,2026-10-09,21,78000.0,C,0.053,0.055,0.0542,81126.53,80920.43,0.3358,0.70305,5e-05,66.60913,26.6,28.3
2026-09-18T18:56:22Z,2026-10-09,21,78000.0,P,0.015,0.016,0.0156,81126.53,80920.43,0.3358,-0.29695,5e-05,66.60913,11.3,5.6
2026-09-18T18:56:22Z,2026-10-09,21,79000.0,C,0.045,0.047,0.046,81123.34,80920.43,0.3328,0.64632,6e-05,71.55651,7.9,4.2
2026-09-18T18:56:22Z,2026-10-09,21,79000.0,P,0.019,0.02,0.0197,81123.34,80920.43,0.3328,-0.35368,6e-05,71.55651,23.4,27.2
2026-09-18T18:56:22Z,2026-10-09,21,80000.0,C,0.038,0.039,0.0386,81123.34,80920.43,0.3319,0.58569,6e-05,75.00206,78.8,77.7
2026-09-18T18:56:22Z,2026-10-09,21,80000.0,P,0.024,0.025,0.0247,81123.34,80920.43,0.3319,-0.41431,6e-05,75.00206,12.1,12.1
2026-09-18T18:56:22Z,2026-10-09,21,81000.0,C,0.0315,0.0325,0.0321,81123.34,80920.43,0.331,0.52338,6e-05,76.64832,97.3,101.0
2026-09-18T18:56:22Z,2026-10-09,21,81000.0,P,0.03,0.031,0.0305,81126.24,80920.43,0.331,-0.47644,6e-05,76.64901,7.2,12.9
2026-09-18T18:56:22Z,2026-10-09,21,82000.0,C,0.026,0.027,0.0265,81123.34,80920.43,0.3318,0.46129,6e-05,76.41843,230.7,186.5
2026-09-18T18:56:22Z,2026-10-09,21,82000.0,P,0.0365,0.0375,0.0372,81123.34,80920.43,0.3318,-0.53871,6e-05,76.41843,5.4,5.7
2026-09-18T18:56:22Z,2026-10-09,21,83000.0,C,0.021,0.022,0.0216,81123.34,80920.43,0.33240000000000003,0.40106,6e-05,74.40671,0.2,0.2
2026-09-18T18:56:22Z,2026-10-09,21,83000.0,P,0.044,0.045,0.0447,81123.34,80920.43,0.33240000000000003,-0.59894,6e-05,74.40671,0.0,0.0
2026-09-18T18:56:22Z,2026-10-09,21,84000.0,C,0.017,0.018,0.0175,81123.34,80920.43,0.33409999999999995,0.34457,6e-05,70.87619,174.4,183.1
2026-09-18T18:56:22Z,2026-10-09,21,84000.0,P,0.052,0.054,0.0529,81123.34,80920.43,0.33409999999999995,-0.65543,6e-05,70.87619,0.0,0.0
2026-09-18T18:56:22Z,2026-10-09,21,85000.0,C,0.0135,0.0145,0.0141,81126.24,80920.43,0.3361,0.29282,5e-05,66.18001,403.0,417.5
2026-09-18T18:56:22Z,2026-10-09,21,85000.0,P,0.061,0.063,0.0618,81123.34,80920.43,0.3361,-0.70734,5e-05,66.16146,0.0,0.0
2026-09-18T18:56:22Z,2026-10-09,21,86000.0,C,0.011,0.012,0.0113,81126.24,80920.43,0.3389,0.24655,5e-05,60.70966,223.5,238.3
2026-09-18T18:56:22Z,2026-10-09,21,86000.0,P,0.069,0.0735,0.0714,81123.34,80920.43,0.3389,-0.75359,5e-05,60.68898,0.0,0.0
2026-09-18T18:56:22Z,2026-10-09,21,88000.0,C,0.007,0.008,0.0074,81126.24,80920.43,0.3477,0.17243,4e-05,49.14792,7.0,7.0
2026-09-18T18:56:22Z,2026-10-09,21,88000.0,P,0.0895,0.0945,0.092,81126.24,80920.43,0.3477,-0.82757,4e-05,49.14792,0.0,0.0
2026-09-18T18:56:22Z,2026-10-09,21,90000.0,C,0.0046,0.005,0.0048,81123.34,80920.43,0.358,0.11897,3e-05,38.26531,72.3,71.7
2026-09-18T18:56:22Z,2026-10-09,21,90000.0,P,0.1115,0.1165,0.1141,81123.34,80920.43,0.358,-0.88103,3e-05,38.26526,0.0,0.0
2026-09-18T18:56:22Z,2026-10-09,21,95000.0,C,0.0017,0.0021,0.0019,81123.34,80920.43,0.39399999999999996,0.05023,1e-05,19.92198,0.8,0.8
2026-09-18T18:56:22Z,2026-10-09,21,95000.0,P,0.169,0.1755,0.1729,81123.34,80920.43,0.39399999999999996,-0.94977,1e-05,19.92198,0.0,0.0
2026-09-18T18:56:22Z,2026-10-30,42,40000.0,C,0.508,0.5095,0.5087,81366.97,80920.43,0.7981,0.99721,0.0,2.34955,0.3,0.0
2026-09-18T18:56:22Z,2026-10-30,42,40000.0,P,0.0002,0.0004,0.0002,81366.97,80920.43,0.7981,-0.00279,0.0,2.34955,83.3,0.3
2026-09-18T18:56:22Z,2026-10-30,42,45000.0,C,0.4455,0.449,0.4474,81366.97,80920.43,0.7137,0.99507,0.0,3.92312,0.1,0.0
2026-09-18T18:56:22Z,2026-10-30,42,45000.0,P,0.0003,0.0006,0.0004,81366.97,80920.43,0.7137,-0.00493,0.0,3.92312,218.4,2.1
2026-09-18T18:56:22Z,2026-10-30,42,48000.0,C,0.409,0.4125,0.4106,81366.97,80920.43,0.6607,0.99342,0.0,5.06577,8.5,8.4
2026-09-18T18:56:22Z,2026-10-30,42,48000.0,P,0.0003,0.0008,0.0005,81366.97,80920.43,0.6607,-0.00658,0.0,5.06577,196.0,0.0
2026-09-18T18:56:22Z,2026-10-30,42,50000.0,C,0.3845,0.388,0.3862,81364.94,80920.43,0.6374,0.99115,0.0,6.57209,1.1,1.0
2026-09-18T18:56:22Z,2026-10-30,42,50000.0,P,0.0006,0.0009,0.0007,81364.94,80920.43,0.6374,-0.00885,0.0,6.57209,436.7,7.0
2026-09-18T18:56:22Z,2026-10-30,42,52000.0,C,0.36,0.364,0.3617,81364.94,80920.43,0.603,0.98935,0.0,7.73124,0.1,0.0
2026-09-18T18:56:22Z,2026-10-30,42,52000.0,P,0.0006,0.001,0.0008,81364.94,80920.43,0.603,-0.01065,0.0,7.73124,122.9,11.7
2026-09-18T18:56:22Z,2026-10-30,42,54000.0,C,0.3355,0.3395,0.3373,81364.94,80920.43,0.5724,0.98677,0.0,9.3309,0.1,0.0
2026-09-18T18:56:22Z,2026-10-30,42,54000.0,P,0.0008,0.0011,0.001,81364.94,80920.43,0.5724,-0.01323,0.0,9.3309,189.8,0.5
2026-09-18T18:56:22Z,2026-10-30,42,55000.0,C,0.3235,0.3275,0.3251,81364.94,80920.43,0.5579,0.98518,0.0,10.29086,0.1,0.0
2026-09-18T18:56:22Z,2026-10-30,42,55000.0,P,0.0009,0.0012,0.0011,81364.94,80920.43,0.5579,-0.01482,0.0,10.29086,323.5,2.0
2026-09-18T18:56:22Z,2026-10-30,42,56000.0,C,0.311,0.3155,0.313,81364.94,80920.43,0.5467,0.9829,0.0,11.63311,0.5,0.0
2026-09-18T18:56:22Z,2026-10-30,42,56000.0,P,0.0011,0.0013,0.0012,81364.94,80920.43,0.5467,-0.0171,0.0,11.63311,466.7,1.0
2026-09-18T18:56:22Z,2026-10-30,42,57000.0,C,0.299,0.303,0.3008,81364.94,80920.43,0.5292,0.98135,0.0,12.52397,0.1,0.0
2026-09-18T18:56:22Z,2026-10-30,42,57000.0,P,0.0011,0.0015,0.0013,81364.94,80920.43,0.5292,-0.01865,0.0,12.52397,205.5,5.1
2026-09-18T18:56:22Z,2026-10-30,42,58000.0,C,0.287,0.291,0.2886,81364.94,80920.43,0.5139,0.97928,0.0,13.69556,0.0,0.0
2026-09-18T18:56:22Z,2026-10-30,42,58000.0,P,0.0012,0.0016,0.0014,81364.94,80920.43,0.5139,-0.02072,0.0,13.69556,336.1,1.1
2026-09-18T18:56:22Z,2026-10-30,42,59000.0,C,0.2745,0.279,0.2765,81364.94,80920.43,0.5025999999999999,0.97617,0.0,15.41114,1.0,0.0
2026-09-18T18:56:22Z,2026-10-30,42,59000.0,P,0.0014,0.0018,0.0016,81364.94,80920.43,0.5025999999999999,-0.02383,0.0,15.41114,102.6,3.6
2026-09-18T18:56:22Z,2026-10-30,42,60000.0,C,0.2625,0.267,0.2644,81364.94,80920.43,0.4899,0.97291,0.0,17.15664,14.4,0.0
2026-09-18T18:56:22Z,2026-10-30,42,60000.0,P,0.0016,0.002,0.0018,81364.94,80920.43,0.4899,-0.02709,0.0,17.15664,1401.7,21.7
2026-09-18T18:56:22Z,2026-10-30,42,61000.0,C,0.2505,0.255,0.2524,81364.94,80920.43,0.4763,0.96947,1e-05,18.95121,7.7,0.0
2026-09-18T18:56:22Z,2026-10-30,42,61000.0,P,0.0018,0.0022,0.002,81364.94,80920.43,0.4763,-0.03053,1e-05,18.95121,278.2,0.0
2026-09-18T18:56:22Z,2026-10-30,42,62000.0,C,0.2385,0.243,0.2404,81364.94,80920.43,0.46549999999999997,0.9648,1e-05,21.31222,13.5,0.0
2026-09-18T18:56:22Z,2026-10-30,42,62000.0,P,0.0021,0.0025,0.0023,81364.94,80920.43,0.46549999999999997,-0.0352,1e-05,21.31222,1309.7,127.2
2026-09-18T18:56:22Z,2026-10-30,42,63000.0,C,0.2265,0.2305,0.2284,81364.92,80920.43,0.4533,0.95986,1e-05,23.72182,153.2,0.0
2026-09-18T18:56:22Z,2026-10-30,42,63000.0,P,0.0024,0.0028,0.0026,81366.02,80920.43,0.4533,-0.04013,1e-05,23.71847,684.9,3.9
2026-09-18T18:56:22Z,2026-10-30,42,64000.0,C,0.2145,0.2195,0.2164,81364.92,80920.43,0.4413,0.95419,1e-05,26.39675,416.7,0.1
2026-09-18T18:56:22Z,2026-10-30,42,64000.0,P,0.0027,0.0032,0.003,81366.02,80920.43,0.4413,-0.0458,1e-05,26.39306,647.1,17.2
2026-09-18T18:56:22Z,2026-10-30,42,65000.0,C,0.203,0.2065,0.2046,81366.02,80920.43,0.4311,0.94705,1e-05,29.63184,430.4,0.0
2026-09-18T18:56:22Z,2026-10-30,42,65000.0,P,0.0032,0.0036,0.0034,81366.02,80920.43,0.4311,-0.05295,1e-05,29.63184,648.7,31.4
2026-09-18T18:56:22Z,2026-10-30,42,66000.0,C,0.191,0.196,0.1928,81366.02,80920.43,0.4205,0.939,1e-05,33.12467,89.5,0.0
2026-09-18T18:56:22Z,2026-10-30,42,66000.0,P,0.0037,0.0042,0.004,81366.02,80920.43,0.4205,-0.061,1e-05,33.12467,474.9,11.1
2026-09-18T18:56:22Z,2026-10-30,42,67000.0,C,0.1795,0.1845,0.1811,81366.02,80920.43,0.4106,0.92945,1e-05,37.0807,108.4,0.0
2026-09-18T18:56:22Z,2026-10-30,42,67000.0,P,0.0043,0.0048,0.0046,81366.02,80920.43,0.4106,-0.07055,1e-05,37.0807,630.7,3.6
2026-09-18T18:56:22Z,2026-10-30,42,68000.0,C,0.168,0.173,0.1696,81366.02,80920.43,0.40090000000000003,0.91838,1e-05,41.43132,514.8,1.5
2026-09-18T18:56:22Z,2026-10-30,42,68000.0,P,0.005,0.0055,0.0053,81366.02,80920.43,0.40090000000000003,-0.08162,1e-05,41.43132,1566.5,16.7
2026-09-18T18:56:22Z,2026-10-30,42,69000.0,C,0.1565,0.161,0.1581,81366.02,80920.43,0.3907,0.90602,2e-05,46.02936,649.6,0.0
2026-09-18T18:56:22Z,2026-10-30,42,69000.0,P,0.006,0.0065,0.0061,81366.02,80920.43,0.3907,-0.09398,2e-05,46.02936,601.6,25.7
2026-09-18T18:56:22Z,2026-10-30,42,70000.0,C,0.145,0.1505,0.147,81366.02,80920.43,0.3839,0.88998,2e-05,51.62466,1062.3,1.2
2026-09-18T18:56:22Z,2026-10-30,42,70000.0,P,0.007,0.0075,0.0073,81364.92,80920.43,0.3839,-0.11004,2e-05,51.63057,1136.2,157.8
2026-09-18T18:56:22Z,2026-10-30,42,71000.0,C,0.1335,0.139,0.136,81366.02,80920.43,0.37670000000000003,0.87201,2e-05,57.44703,966.1,2.0
2026-09-18T18:56:22Z,2026-10-30,42,71000.0,P,0.008,0.009,0.0086,81366.02,80920.43,0.37670000000000003,-0.12799,2e-05,57.44703,687.8,19.8
2026-09-18T18:56:22Z,2026-10-30,42,72000.0,C,0.123,0.1285,0.1252,81366.02,80920.43,0.36939999999999995,0.85167,2e-05,63.52561,467.3,0.0
2026-09-18T18:56:22Z,2026-10-30,42,72000.0,P,0.0095,0.0105,0.0101,81366.02,80920.43,0.36939999999999995,-0.14833,2e-05,63.52561,800.0,121.0
2026-09-18T18:56:22Z,2026-10-30,42,73000.0,C,0.1125,0.1185,0.1149,81366.02,80920.43,0.36450000000000005,0.82734,3e-05,70.15595,609.0,0.0
2026-09-18T18:56:22Z,2026-10-30,42,73000.0,P,0.0115,0.0125,0.0121,81366.02,80920.43,0.36450000000000005,-0.17266,3e-05,70.15595,401.7,153.6
2026-09-18T18:56:22Z,2026-10-30,42,74000.0,C,0.102,0.1085,0.1047,81366.02,80920.43,0.3578,0.80135,3e-05,76.53868,250.7,2.0
2026-09-18T18:56:22Z,2026-10-30,42,74000.0,P,0.0135,0.0145,0.0142,81365.96,80920.43,0.3578,-0.19865,3e-05,76.53854,377.1,68.5
2026-09-18T18:56:22Z,2026-10-30,42,75000.0,C,0.094,0.096,0.095,81366.02,80920.43,0.3533,0.77132,3e-05,83.08462,1176.5,0.9
2026-09-18T18:56:22Z,2026-10-30,42,75000.0,P,0.0165,0.017,0.0168,81365.92,80920.43,0.3532,-0.22868,3e-05,83.08506,949.6,71.4
2026-09-18T18:56:22Z,2026-10-30,42,76000.0,C,0.085,0.087,0.0858,81365.92,80920.43,0.34979999999999994,0.73799,3e-05,89.39302,487.3,5.0
2026-09-18T18:56:22Z,2026-10-30,42,76000.0,P,0.0195,0.0205,0.0199,81365.96,80920.43,0.34979999999999994,-0.26201,3e-05,89.39282,488.9,32.9
2026-09-18T18:56:22Z,2026-10-30,42,77000.0,C,0.076,0.078,0.0771,81365.92,80920.43,0.3465,0.70201,4e-05,95.15268,219.9,4.4
2026-09-18T18:56:22Z,2026-10-30,42,77000.0,P,0.023,0.024,0.0235,81365.92,80920.43,0.3465,-0.29799,4e-05,95.15268,245.8,44.9
2026-09-18T18:56:22Z,2026-10-30,42,78000.0,C,0.068,0.07,0.069,81365.92,80920.43,0.344,0.6635,4e-05,100.1804,512.2,58.1
2026-09-18T18:56:22Z,2026-10-30,42,78000.0,P,0.027,0.028,0.0276,81365.92,80920.43,0.344,-0.3365,4e-05,100.1804,669.5,14.0
2026-09-18T18:56:22Z,2026-10-30,42,79000.0,C,0.0605,0.0625,0.0613,81365.96,80920.43,0.3419,0.62305,4e-05,104.25969,269.2,10.3
2026-09-18T18:56:22Z,2026-10-30,42,79000.0,P,0.0315,0.0325,0.0323,81365.92,80920.43,0.3419,-0.37695,4e-05,104.25977,556.3,3.4
2026-09-18T18:56:22Z,2026-10-30,42,80000.0,C,0.054,0.055,0.0544,81365.92,80920.43,0.3411,0.58108,4e-05,107.24191,1400.4,137.1
2026-09-18T18:56:22Z,2026-10-30,42,80000.0,P,0.037,0.038,0.0376,81365.92,80920.43,0.3411,-0.41892,4e-05,107.24191,961.7,12.1
2026-09-18T18:56:22Z,2026-10-30,42,81000.0,C,0.0475,0.0485,0.0479,81365.92,80920.43,0.34009999999999996,0.5385,4e-05,109.00102,698.9,20.5
2026-09-18T18:56:22Z,2026-10-30,42,81000.0,P,0.043,0.0435,0.0434,81365.92,80920.43,0.34009999999999996,-0.4615,4e-05,109.00102,180.1,4.1
2026-09-18T18:56:22Z,2026-10-30,42,82000.0,C,0.0415,0.0425,0.042,81365.92,80920.43,0.3395,0.49581,4e-05,109.50528,1323.6,292.8
2026-09-18T18:56:22Z,2026-10-30,42,82000.0,P,0.049,0.05,0.0499,81365.92,80920.43,0.3395,-0.50419,4e-05,109.50528,68.3,24.9
2026-09-18T18:56:22Z,2026-10-30,42,83000.0,C,0.036,0.0375,0.0368,81365.92,80920.43,0.3396,0.45372,4e-05,108.77369,634.5,80.7
2026-09-18T18:56:22Z,2026-10-30,42,83000.0,P,0.056,0.057,0.0569,81365.92,80920.43,0.3396,-0.54628,4e-05,108.77364,111.2,7.4
2026-09-18T18:56:22Z,2026-10-30,42,84000.0,C,0.0315,0.0325,0.0321,81365.92,80920.43,0.34009999999999996,0.4128,4e-05,106.88487,1471.0,64.4
2026-09-18T18:56:22Z,2026-10-30,42,84000.0,P,0.0635,0.065,0.0645,81365.96,80920.43,0.34009999999999996,-0.5872,4e-05,106.88503,47.0,10.5
2026-09-18T18:56:22Z,2026-10-30,42,85000.0,C,0.0275,0.0285,0.0278,81365.92,80920.43,0.34,0.37315,4e-05,103.92735,2142.4,260.5
2026-09-18T18:56:22Z,2026-10-30,42,85000.0,P,0.071,0.073,0.0724,81365.92,80920.43,0.34,-0.62685,4e-05,103.92735,132.3,26.5
2026-09-18T18:56:22Z,2026-10-30,42,86000.0,C,0.0235,0.0245,0.0241,81365.92,80920.43,0.34119999999999995,0.33593,4e-05,100.11406,869.8,41.9
2026-09-18T18:56:22Z,2026-10-30,42,86000.0,P,0.0795,0.082,0.081,81365.92,80920.43,0.34119999999999995,-0.66407,4e-05,100.11406,98.5,0.0
2026-09-18T18:56:22Z,2026-10-30,42,87000.0,C,0.0205,0.021,0.0208,81365.92,80920.43,0.342,0.30065,4e-05,95.53659,853.4,83.0
2026-09-18T18:56:22Z,2026-10-30,42,87000.0,P,0.088,0.0925,0.09,81365.96,80920.43,0.342,-0.69935,4e-05,95.53668,29.1,0.0
2026-09-18T18:56:22Z,2026-10-30,42,88000.0,C,0.0175,0.0185,0.0178,81365.38,80920.43,0.3429,0.26772,3e-05,90.37803,1192.6,148.3
2026-09-18T18:56:22Z,2026-10-30,42,88000.0,P,0.0975,0.1015,0.0994,81365.43,80920.43,0.3429,-0.73228,3e-05,90.37804,8.1,0.0
2026-09-18T18:56:22Z,2026-10-30,42,89000.0,C,0.015,0.016,0.0153,81365.38,80920.43,0.34450000000000003,0.23772,3e-05,84.89131,477.5,9.5
2026-09-18T18:56:22Z,2026-10-30,42,89000.0,P,0.105,0.1115,0.1092,81365.43,80920.43,0.34450000000000003,-0.76228,3e-05,84.89124,5.0,0.0
2026-09-18T18:56:22Z,2026-10-30,42,90000.0,C,0.013,0.0135,0.0133,81365.43,80920.43,0.34740000000000004,0.21131,3e-05,79.40011,3082.7,293.3
2026-09-18T18:56:22Z,2026-10-30,42,90000.0,P,0.115,0.122,0.1194,81365.43,80920.43,0.34740000000000004,-0.78869,3e-05,79.40011,6.9,0.6
2026-09-18T18:56:22Z,2026-10-30,42,91000.0,C,0.011,0.012,0.0114,81365.43,80920.43,0.3489,0.18621,3e-05,73.56975,149.9,2.5
2026-09-18T18:56:22Z,2026-10-30,42,91000.0,P,0.1255,0.132,0.1298,81365.43,80920.43,0.3489,-0.81379,3e-05,73.56975,0.2,0.0
2026-09-18T18:56:22Z,2026-10-30,42,92000.0,C,0.0095,0.01,0.0098,81365.43,80920.43,0.35200000000000004,0.16478,3e-05,68.08086,1167.8,148.9
2026-09-18T18:56:22Z,2026-10-30,42,92000.0,P,0.136,0.1435,0.1405,81365.43,80920.43,0.35200000000000004,-0.83522,3e-05,68.08086,0.1,0.0
2026-09-18T18:56:22Z,2026-10-30,42,94000.0,C,0.007,0.0075,0.0074,81365.43,80920.43,0.35810000000000003,0.12835,2e-05,57.55843,478.6,31.6
2026-09-18T18:56:22Z,2026-10-30,42,94000.0,P,0.1585,0.165,0.1626,81365.43,80920.43,0.35810000000000003,-0.87165,2e-05,57.55843,0.1,0.0
2026-09-18T18:56:22Z,2026-10-30,42,95000.0,C,0.006,0.007,0.0064,81365.43,80920.43,0.3619,0.11352,2e-05,52.79299,1849.1,24.4
2026-09-18T18:56:22Z,2026-10-30,42,95000.0,P,0.1695,0.177,0.174,81365.43,80920.43,0.3619,-0.88648,2e-05,52.79299,0.3,0.0
2026-09-18T18:56:22Z,2026-10-30,42,96000.0,C,0.005,0.006,0.0054,81365.43,80920.43,0.3632,0.09875,2e-05,47.73396,240.8,29.1
2026-09-18T18:56:22Z,2026-10-30,42,96000.0,P,0.1805,0.1885,0.1853,81365.43,80920.43,0.3632,-0.90125,2e-05,47.73396,0.1,0.0
2026-09-18T18:56:22Z,2026-10-30,42,98000.0,C,0.004,0.0044,0.0042,81365.43,80920.43,0.3728,0.07835,1e-05,40.17139,300.3,0.0
2026-09-18T18:56:22Z,2026-10-30,42,98000.0,P,0.204,0.2115,0.2087,81365.43,80920.43,0.3728,-0.92165,1e-05,40.17139,0.0,0.0
2026-09-18T18:56:22Z,2026-10-30,42,100000.0,C,0.0031,0.0035,0.0033,81365.43,80920.43,0.3818,0.06221,1e-05,33.63528,1985.6,41.8
2026-09-18T18:56:22Z,2026-10-30,42,100000.0,P,0.229,0.235,0.2323,81365.43,80920.43,0.3818,-0.93779,1e-05,33.63528,0.4,0.1
2026-09-18T18:56:22Z,2026-10-30,42,102000.0,C,0.0024,0.0028,0.0026,81365.43,80920.43,0.39149999999999996,0.04995,1e-05,28.28834,224.6,25.7
2026-09-18T18:56:22Z,2026-10-30,42,102000.0,P,0.252,0.259,0.2562,81365.38,80920.43,0.39149999999999996,-0.95005,1e-05,28.28774,0.0,0.0
2026-09-18T18:56:22Z,2026-10-30,42,104000.0,C,0.0019,0.0023,0.0021,81365.42,80920.43,0.40240000000000004,0.04094,1e-05,24.10474,125.3,0.4
2026-09-18T18:56:22Z,2026-10-30,42,104000.0,P,0.277,0.2835,0.2803,81365.42,80920.43,0.40240000000000004,-0.95906,1e-05,24.10474,0.0,0.0
2026-09-18T18:56:22Z,2026-10-30,42,105000.0,C,0.0018,0.0021,0.0019,81365.42,80920.43,0.4075,0.03705,1e-05,22.22397,1143.6,5.7
2026-09-18T18:56:22Z,2026-10-30,42,105000.0,P,0.289,0.296,0.2924,81365.42,80920.43,0.4075,-0.96295,1e-05,22.22397,0.6,0.0
2026-09-18T18:56:22Z,2026-10-30,42,110000.0,C,0.001,0.0014,0.0012,81365.42,80920.43,0.431,0.02271,0.0,14.79755,1033.9,21.8
2026-09-18T18:56:22Z,2026-10-30,42,110000.0,P,0.3485,0.3565,0.3531,81365.42,80920.43,0.431,-0.97729,0.0,14.79755,0.0,0.0
2026-09-18T18:56:22Z,2026-11-27,70,58000.0,C,0.292,0.297,0.2939,81678.18,80920.43,0.48560000000000003,0.95738,1e-05,32.34667,0.1,0.1
2026-09-18T18:56:22Z,2026-11-27,70,58000.0,P,0.0038,0.0042,0.004,81678.18,80920.43,0.48560000000000003,-0.04262,1e-05,32.34667,39.2,11.0
2026-09-18T18:56:22Z,2026-11-27,70,60000.0,C,0.2685,0.273,0.2705,81678.21,80920.43,0.47,0.94586,1e-05,39.17068,0.1,0.0
2026-09-18T18:56:22Z,2026-11-27,70,60000.0,P,0.0046,0.0055,0.0051,81678.18,80920.43,0.47,-0.05414,1e-05,39.17078,208.7,1.1
2026-09-18T18:56:22Z,2026-11-27,70,62000.0,C,0.2445,0.2505,0.247,81678.21,80920.43,0.447,0.93451,1e-05,45.46795,0.0,0.0
2026-09-18T18:56:22Z,2026-11-27,70,62000.0,P,0.0055,0.0065,0.006,81678.21,80920.43,0.447,-0.06549,1e-05,45.46795,323.6,27.0
2026-09-18T18:56:22Z,2026-11-27,70,64000.0,C,0.222,0.227,0.224,81678.18,80920.43,0.4301,0.9182,1e-05,53.90291,0.0,0.0
2026-09-18T18:56:22Z,2026-11-27,70,64000.0,P,0.007,0.008,0.0076,81678.21,80920.43,0.4301,-0.0818,1e-05,53.90278,36.7,3.7
2026-09-18T18:56:22Z,2026-11-27,70,66000.0,C,0.1995,0.2045,0.2015,81678.21,80920.43,0.4152,0.89733,1e-05,63.78008,0.0,0.0
2026-09-18T18:56:22Z,2026-11-27,70,66000.0,P,0.009,0.01,0.0096,81678.21,80920.43,0.4152,-0.10267,1e-05,63.78008,159.1,7.7
2026-09-18T18:56:22Z,2026-11-27,70,67000.0,C,0.188,0.1935,0.1908,81678.18,80920.43,0.41159999999999997,0.88345,1e-05,69.86275,0.5,0.5
2026-09-18T18:56:22Z,2026-11-27,70,67000.0,P,0.0105,0.0115,0.0111,81678.21,80920.43,0.41159999999999997,-0.11655,1e-05,69.86261,57.1,35.6
2026-09-18T18:56:22Z,2026-11-27,70,68000.0,C,0.1775,0.1835,0.18,81678.18,80920.43,0.4053,0.86961,1e-05,75.5789,0.0,0.0
2026-09-18T18:56:22Z,2026-11-27,70,68000.0,P,0.012,0.013,0.0125,81678.21,80920.43,0.4053,-0.13039,1e-05,75.57876,140.7,43.8
2026-09-18T18:56:22Z,2026-11-27,70,69000.0,C,0.167,0.173,0.1693,81678.21,80920.43,0.39880000000000004,0.85453,2e-05,81.43706,0.0,0.0
2026-09-18T18:56:22Z,2026-11-27,70,69000.0,P,0.0135,0.0145,0.0141,81678.21,80920.43,0.39880000000000004,-0.14547,2e-05,81.43706,77.1,39.2
2026-09-18T18:56:22Z,2026-11-27,70,70000.0,C,0.1575,0.16,0.1589,81678.18,80920.43,0.3932,0.83763,2e-05,87.58298,6.3,0.4
2026-09-18T18:56:22Z,2026-11-27,70,70000.0,P,0.0155,0.0165,0.016,81678.16,80920.43,0.3932,-0.16237,2e-05,87.58323,231.4,74.6
2026-09-18T18:56:22Z,2026-11-27,70,71000.0,C,0.146,0.152,0.1488,81678.16,80920.43,0.3885,0.81885,2e-05,93.92776,0.1,0.0
2026-09-18T18:56:22Z,2026-11-27,70,71000.0,P,0.0175,0.0185,0.0181,81678.16,80920.43,0.3885,-0.18115,2e-05,93.92776,27.6,21.5
2026-09-18T18:56:22Z,2026-11-27,70,72000.0,C,0.1375,0.14,0.139,81678.88,80920.43,0.3839,0.79855,2e-05,100.24873,25.3,0.0
2026-09-18T18:56:22Z,2026-11-27,70,72000.0,P,0.02,0.021,0.0205,81678.88,80920.43,0.3839,-0.20145,2e-05,100.24873,66.1,0.4
2026-09-18T18:56:22Z,2026-11-27,70,73000.0,C,0.128,0.1305,0.1294,81678.16,80920.43,0.37939999999999996,0.77669,2e-05,106.46896,0.3,0.0
2026-09-18T18:56:22Z,2026-11-27,70,73000.0,P,0.0225,0.0235,0.0232,81678.88,80920.43,0.37939999999999996,-0.22329,2e-05,106.46558,31.5,0.2
2026-09-18T18:56:22Z,2026-11-27,70,74000.0,C,0.119,0.1215,0.1202,81678.88,80920.43,0.37560000000000004,0.75306,2e-05,112.55389,0.4,0.0
2026-09-18T18:56:22Z,2026-11-27,70,74000.0,P,0.0255,0.0265,0.0262,81678.88,80920.43,0.37560000000000004,-0.24694,2e-05,112.55389,58.5,12.8
2026-09-18T18:56:22Z,2026-11-27,70,75000.0,C,0.11,0.1125,0.1114,81678.16,80920.43,0.3728,0.7276,2e-05,118.4037,268.4,13.2
2026-09-18T18:56:22Z,2026-11-27,70,75000.0,P,0.029,0.03,0.0296,81678.16,80920.43,0.3728,-0.2724,2e-05,118.4037,690.7,78.4
2026-09-18T18:56:22Z,2026-11-27,70,76000.0,C,0.102,0.104,0.1028,81678.16,80920.43,0.3691,0.70118,3e-05,123.73902,39.2,0.0
2026-09-18T18:56:22Z,2026-11-27,70,76000.0,P,0.0325,0.0335,0.0333,81678.16,80920.43,0.3691,-0.29882,3e-05,123.73902,54.5,1.2
2026-09-18T18:56:22Z,2026-11-27,70,77000.0,C,0.094,0.096,0.0948,81678.16,80920.43,0.36729999999999996,0.67294,3e-05,128.64987,73.4,0.1
2026-09-18T18:56:22Z,2026-11-27,70,77000.0,P,0.037,0.038,0.0376,81678.88,80920.43,0.36729999999999996,-0.32704,3e-05,128.64783,112.9,5.8
2026-09-18T18:56:22Z,2026-11-27,70,78000.0,C,0.0865,0.0885,0.0872,81678.16,80920.43,0.3652,0.64384,3e-05,132.88353,277.1,33.7
2026-09-18T18:56:22Z,2026-11-27,70,78000.0,P,0.0415,0.0425,0.0422,81678.16,80920.43,0.3652,-0.35616,3e-05,132.88353,187.8,4.4
2026-09-18T18:56:22Z,2026-11-27,70,79000.0,C,0.079,0.081,0.08,81678.88,80920.43,0.3635,0.61391,3e-05,136.39598,160.8,30.1
2026-09-18T18:56:22Z,2026-11-27,70,79000.0,P,0.0465,0.0475,0.0472,81679.19,80920.43,0.3635,-0.38608,3e-05,136.39552,165.5,15.1
2026-09-18T18:56:22Z,2026-11-27,70,80000.0,C,0.0725,0.074,0.0732,81678.16,80920.43,0.3625,0.58329,3e-05,139.12131,1146.5,73.4
2026-09-18T18:56:22Z,2026-11-27,70,80000.0,P,0.052,0.053,0.0527,81678.88,80920.43,0.3625,-0.41669,3e-05,139.1209,109.5,0.0
2026-09-18T18:56:22Z,2026-11-27,70,81000.0,C,0.0665,0.0675,0.0668,81678.88,80920.43,0.3613,0.55242,3e-05,141.00405,161.2,0.5
2026-09-18T18:56:22Z,2026-11-27,70,81000.0,P,0.058,0.059,0.0585,81678.88,80920.43,0.3613,-0.44758,3e-05,141.00405,38.7,1.0
2026-09-18T18:56:22Z,2026-11-27,70,82000.0,C,0.0605,0.0615,0.0609,81679.19,80920.43,0.3608,0.52148,3e-05,142.02807,138.5,51.7
2026-09-18T18:56:22Z,2026-11-27,70,82000.0,P,0.064,0.0655,0.0649,81678.16,80920.43,0.3608,-0.47856,3e-05,142.02689,56.5,3.4
2026-09-18T18:56:22Z,2026-11-27,70,83000.0,C,0.055,0.056,0.0554,81678.7,80920.43,0.3601,0.49063,3e-05,142.19416,84.1,1.5
2026-09-18T18:56:22Z,2026-11-27,70,83000.0,P,0.071,0.072,0.0716,81678.7,80920.43,0.3601,-0.50937,3e-05,142.19416,48.5,2.4
2026-09-18T18:56:22Z,2026-11-27,70,84000.0,C,0.05,0.051,0.0503,81678.7,80920.43,0.36,0.46028,3e-05,141.52779,67.9,2.0
2026-09-18T18:56:22Z,2026-11-27,70,84000.0,P,0.078,0.079,0.0787,81679.19,80920.43,0.36,-0.53971,3e-05,141.52916,5.2,0.7
2026-09-18T18:56:22Z,2026-11-27,70,85000.0,C,0.045,0.0465,0.0456,81679.19,80920.43,0.36,0.43053,3e-05,140.07233,623.7,13.4
2026-09-18T18:56:22Z,2026-11-27,70,85000.0,P,0.0855,0.0865,0.0863,81679.19,80920.43,0.36,-0.56947,3e-05,140.07233,23.8,0.2
2026-09-18T18:56:22Z,2026-11-27,70,86000.0,C,0.041,0.042,0.0413,81679.19,80920.43,0.3603,0.40164,3e-05,137.88853,181.0,5.3
2026-09-18T18:56:22Z,2026-11-27,70,86000.0,P,0.0935,0.0945,0.0942,81679.19,80920.43,0.3603,-0.59836,3e-05,137.88853,30.2,0.0
2026-09-18T18:56:22Z,2026-11-27,70,87000.0,C,0.037,0.038,0.0373,81679.19,80920.43,0.3605,0.37358,3e-05,135.03167,85.2,33.7
2026-09-18T18:56:22Z,2026-11-27,70,87000.0,P,0.101,0.1035,0.1025,81678.7,80920.43,0.3605,-0.62643,3e-05,135.02921,3.7,0.0
2026-09-18T18:56:22Z,2026-11-27,70,88000.0,C,0.033,0.0345,0.0337,81679.19,80920.43,0.36119999999999997,0.3468,3e-05,131.61289,324.1,64.0
2026-09-18T18:56:22Z,2026-11-27,70,88000.0,P,0.1095,0.1125,0.1111,81678.7,80920.43,0.36119999999999997,-0.65322,3e-05,131.61013,0.0,0.0
2026-09-18T18:56:22Z,2026-11-27,70,89000.0,C,0.03,0.031,0.0304,81679.19,80920.43,0.3615,0.32095,3e-05,127.65654,205.6,18.0
2026-09-18T18:56:22Z,2026-11-27,70,89000.0,P,0.1185,0.121,0.12,81679.19,80920.43,0.3615,-0.67905,3e-05,127.65654,0.1,0.1
2026-09-18T18:56:22Z,2026-11-27,70,90000.0,C,0.027,0.028,0.0274,81679.19,80920.43,0.3624,0.29658,3e-05,123.3172,141.8,12.1
2026-09-18T18:56:22Z,2026-11-27,70,90000.0,P,0.127,0.1315,0.1292,81679.19,80920.43,0.3624,-0.70342,3e-05,123.3172,0.5,0.0
2026-09-18T18:56:22Z,2026-11-27,70,91000.0,C,0.024,0.025,0.0247,81679.19,80920.43,0.3638,0.27389,3e-05,118.72559,95.3,5.6
2026-09-18T18:56:22Z,2026-11-27,70,91000.0,P,0.1365,0.141,0.1388,81679.19,80920.43,0.3638,-0.72611,3e-05,118.72559,0.0,0.0
2026-09-18T18:56:22Z,2026-11-27,70,92000.0,C,0.022,0.023,0.0223,81679.19,80920.43,0.3654,0.25258,2e-05,113.91297,72.3,0.5
2026-09-18T18:56:22Z,2026-11-27,70,92000.0,P,0.1435,0.1515,0.1487,81678.7,80920.43,0.3654,-0.74743,2e-05,113.90943,2.1,0.0
2026-09-18T18:56:22Z,2026-11-27,70,93000.0,C,0.0195,0.0205,0.0201,81679.19,80920.43,0.3667,0.23241,2e-05,108.89167,47.1,5.1
2026-09-18T18:56:22Z,2026-11-27,70,93000.0,P,0.1535,0.162,0.1587,81678.7,80920.43,0.3667,-0.7676,2e-05,108.88804,2.0,0.0
2026-09-18T18:56:22Z,2026-11-27,70,94000.0,C,0.0175,0.0185,0.0181,81678.7,80920.43,0.36829999999999996,0.21371,2e-05,103.80842,80.1,3.1
2026-09-18T18:56:22Z,2026-11-27,70,94000.0,P,0.1635,0.172,0.169,81678.27,80920.43,0.36829999999999996,-0.78631,2e-05,103.80432,0.0,0.0
2026-09-18T18:56:22Z,2026-11-27,70,95000.0,C,0.016,0.017,0.0164,81678.7,80920.43,0.37,0.19634,2e-05,98.70833,53.0,1.3
2026-09-18T18:56:22Z,2026-11-27,70,95000.0,P,0.174,0.1835,0.1794,81678.08,80920.43,0.37,-0.80367,2e-05,98.70362,0.0,0.0
2026-09-18T18:56:22Z,2026-11-27,70,96000.0,C,0.0145,0.0155,0.0148,81678.08,80920.43,0.3726,0.18086,2e-05,93.83151,139.7,0.3
2026-09-18T18:56:22Z,2026-11-27,70,96000.0,P,0.1845,0.194,0.1902,81678.08,80920.43,0.3726,-0.81914,2e-05,93.83151,0.0,0.0
2026-09-18T18:56:22Z,2026-11-27,70,98000.0,C,0.0115,0.0125,0.012,81678.7,80920.43,0.3757,0.1518,2e-05,83.79122,343.7,42.4
2026-09-18T18:56:22Z,2026-11-27,70,98000.0,P,0.206,0.216,0.2119,81678.08,80920.43,0.3757,-0.84821,2e-05,83.78659,0.0,0.0
2026-09-18T18:56:22Z,2026-11-27,70,100000.0,C,0.0095,0.0105,0.0099,81678.7,80920.43,0.38049999999999995,0.1281,2e-05,74.65576,222.6,4.1
2026-09-18T18:56:22Z,2026-11-27,70,100000.0,P,0.2285,0.2375,0.2342,81678.08,80920.43,0.38049999999999995,-0.87191,2e-05,74.65132,0.0,0.0
2026-09-18T18:56:22Z,2026-11-27,70,102000.0,C,0.008,0.009,0.0084,81678.7,80920.43,0.38780000000000003,0.10977,1e-05,66.93988,98.4,0.6
2026-09-18T18:56:22Z,2026-11-27,70,102000.0,P,0.2515,0.26,0.2572,81678.7,80920.43,0.38780000000000003,-0.89023,1e-05,66.93988,0.0,0.0
2026-09-18T18:56:22Z,2026-11-27,70,104000.0,C,0.0065,0.0075,0.0069,81678.7,80920.43,0.3926,0.09271,1e-05,59.1822,12.3,1.0
2026-09-18T18:56:22Z,2026-11-27,70,104000.0,P,0.274,0.2835,0.2802,81678.7,80920.43,0.3926,-0.90729,1e-05,59.1822,0.0,0.0
2026-09-18T18:56:22Z,2026-11-27,70,105000.0,C,0.006,0.007,0.0064,81678.7,80920.43,0.39630000000000004,0.08607,1e-05,55.99884,18.7,0.1
2026-09-18T18:56:22Z,2026-11-27,70,105000.0,P,0.2855,0.295,0.2919,81678.7,80920.43,0.39630000000000004,-0.91393,1e-05,55.99884,0.0,0.0
2026-09-18T18:56:22Z,2026-11-27,70,106000.0,C,0.0055,0.006,0.0058,81678.08,80920.43,0.3981,0.07883,1e-05,52.41646,25.5,10.1
2026-09-18T18:56:22Z,2026-11-27,70,106000.0,P,0.2975,0.307,0.3036,81678.08,80920.43,0.3981,-0.92117,1e-05,52.41646,0.0,0.0
2026-09-18T18:56:22Z,2026-11-27,70,108000.0,C,0.0047,0.0055,0.005,81678.7,80920.43,0.4067,0.06883,1e-05,47.2501,14.4,2.0
2026-09-18T18:56:22Z,2026-11-27,70,108000.0,P,0.3215,0.331,0.3273,81678.34,80920.43,0.4067,-0.93118,1e-05,47.2487,0.0,0.0
2026-09-18T18:56:22Z,2026-11-27,70,110000.0,C,0.004,0.0045,0.0042,81678.02,80920.43,0.41119999999999995,0.05833,1e-05,41.53914,70.3,0.4
2026-09-18T18:56:22Z,2026-11-27,70,110000.0,P,0.3445,0.355,0.3509,81678.02,80920.43,0.41119999999999995,-0.94167,1e-05,41.53914,0.0,0.0
2026-09-18T18:56:22Z,2026-11-27,70,115000.0,C,0.0028,0.0032,0.003,81678.02,80920.43,0.4293,0.0416,1e-05,31.71782,32.4,0.7
2026-09-18T18:56:22Z,2026-11-27,70,115000.0,P,0.405,0.4155,0.4109,81678.02,80920.43,0.4293,-0.9584,1e-05,31.71782,0.2,0.0
2026-09-18T18:56:22Z,2026-11-27,70,120000.0,C,0.0019,0.0023,0.0021,81678.02,80920.43,0.44549999999999995,0.02997,0.0,24.23851,104.2,5.7
2026-09-18T18:56:22Z,2026-11-27,70,120000.0,P,0.465,0.4755,0.4713,81678.02,80920.43,0.44549999999999995,-0.97003,0.0,24.23851,0.5,0.0
2026-09-18T18:56:22Z,2026-12-25,98,20000.0,C,0.756,0.7575,0.7564,82009.65,80920.43,1.0223,0.99833,0.0,2.28348,4.9,0.0
2026-09-18T18:56:22Z,2026-12-25,98,20000.0,P,0.0002,0.0005,0.0003,82009.33,80920.43,1.0223,-0.00167,0.0,2.28352,898.7,8.3
2026-09-18T18:56:22Z,2026-12-25,98,30000.0,C,0.634,0.636,0.6349,82009.65,80920.43,0.8167,0.99524,0.0,5.8654,300.7,0.0
2026-09-18T18:56:22Z,2026-12-25,98,30000.0,P,0.0006,0.0009,0.0007,82009.33,80920.43,0.8167,-0.00476,0.0,5.86552,2148.5,3.5
2026-09-18T18:56:22Z,2026-12-25,98,35000.0,C,0.5735,0.5755,0.5744,82009.65,80920.43,0.7492,0.99162,0.0,9.67722,87.8,0.0
2026-09-18T18:56:22Z,2026-12-25,98,35000.0,P,0.001,0.0014,0.0012,82009.65,80920.43,0.7492,-0.00838,0.0,9.67722,2440.7,3.1
2026-09-18T18:56:22Z,2026-12-25,98,40000.0,C,0.513,0.5155,0.5141,82009.65,80920.43,0.6790999999999999,0.98681,0.0,14.37391,250.9,0.0
2026-09-18T18:56:22Z,2026-12-25,98,40000.0,P,0.0017,0.002,0.0018,82009.65,80920.43,0.6790999999999999,-0.01319,0.0,14.37391,4629.3,75.2
2026-09-18T18:56:22Z,2026-12-25,98,45000.0,C,0.452,0.456,0.4538,82009.65,80920.43,0.6074,0.9807,0.0,19.91588,94.5,60.0
2026-09-18T18:56:22Z,2026-12-25,98,45000.0,P,0.0023,0.0027,0.0025,82009.65,80920.43,0.6074,-0.0193,0.0,19.91588,2844.4,0.1
2026-09-18T18:56:22Z,2026-12-25,98,50000.0,C,0.392,0.397,0.394,82009.65,80920.43,0.5498,0.97015,0.0,28.72684,260.7,0.1
2026-09-18T18:56:22Z,2026-12-25,98,50000.0,P,0.0035,0.0038,0.0036,82009.65,80920.43,0.5498,-0.02985,0.0,28.72684,2167.8,0.1
2026-09-18T18:56:22Z,2026-12-25,98,52000.0,C,0.3685,0.3735,0.3702,82009.65,80920.43,0.5275,0.96461,0.0,33.05486,0.1,0.0
2026-09-18T18:56:22Z,2026-12-25,98,52000.0,P,0.0041,0.0044,0.0042,82006.43,80920.43,0.5275,-0.0354,0.0,33.06194,455.5,1.7
2026-09-18T18:56:22Z,2026-12-25,98,54000.0,C,0.3445,0.35,0.3467,82009.62,80920.43,0.5103,0.9569,0.0,38.81209,33.1,0.0
2026-09-18T18:56:22Z,2026-12-25,98,54000.0,P,0.0047,0.0055,0.0051,82009.62,80920.43,0.5103,-0.0431,0.0,38.81209,1867.9,2.1
2026-09-18T18:56:22Z,2026-12-25,98,55000.0,C,0.333,0.337,0.3348,82006.43,80920.43,0.49810000000000004,0.95353,0.0,41.23537,44.9,0.0
2026-09-18T18:56:22Z,2026-12-25,98,55000.0,P,0.005,0.0055,0.0055,82006.43,80920.43,0.49810000000000004,-0.04647,0.0,41.23537,3261.8,1.5
2026-09-18T18:56:22Z,2026-12-25,98,56000.0,C,0.321,0.3265,0.323,82006.43,80920.43,0.4874,0.94949,1e-05,44.07477,41.5,0.0
2026-09-18T18:56:22Z,2026-12-25,98,56000.0,P,0.0055,0.006,0.0059,82006.43,80920.43,0.4874,-0.05051,1e-05,44.07477,520.4,0.3
2026-09-18T18:56:22Z,2026-12-25,98,58000.0,C,0.298,0.3035,0.2998,82006.43,80920.43,0.47,0.93908,1e-05,51.1036,40.3,0.0
2026-09-18T18:56:22Z,2026-12-25,98,58000.0,P,0.0065,0.0075,0.007,82006.43,80920.43,0.47,-0.06092,1e-05,51.1036,1835.4,0.1
2026-09-18T18:56:22Z,2026-12-25,98,60000.0,C,0.2745,0.2805,0.2769,82006.43,80920.43,0.4546,0.92604,1e-05,59.37213,786.8,0.0
2026-09-18T18:56:22Z,2026-12-25,98,60000.0,P,0.008,0.009,0.0086,82006.43,80920.43,0.4546,-0.07396,1e-05,59.37213,6247.7,14.8
2026-09-18T18:56:22Z,2026-12-25,98,62000.0,C,0.2515,0.258,0.2545,82006.43,80920.43,0.44189999999999996,0.90961,1e-05,69.06544,247.1,0.0
2026-09-18T18:56:22Z,2026-12-25,98,62000.0,P,0.01,0.011,0.0106,82006.43,80920.43,0.44189999999999996,-0.09039,1e-05,69.06544,1550.7,22.7
2026-09-18T18:56:22Z,2026-12-25,98,64000.0,C,0.2295,0.236,0.2322,82006.43,80920.43,0.4255,0.89197,1e-05,78.68642,404.9,0.2
2026-09-18T18:56:22Z,2026-12-25,98,64000.0,P,0.012,0.013,0.0126,82006.43,80920.43,0.4255,-0.10803,1e-05,78.68642,392.0,4.3
2026-09-18T18:56:22Z,2026-12-25,98,65000.0,C,0.219,0.225,0.2215,82006.43,80920.43,0.42090000000000005,0.8804,1e-05,84.60509,920.1,0.0
2026-09-18T18:56:22Z,2026-12-25,98,65000.0,P,0.0135,0.0145,0.0141,82009.62,80920.43,0.42090000000000005,-0.11956,1e-05,84.59057,808.4,20.6
2026-09-18T18:56:22Z,2026-12-25,98,66000.0,C,0.2085,0.2145,0.2108,82006.43,80920.43,0.415,0.8685,1e-05,90.39472,279.7,0.0
2026-09-18T18:56:22Z,2026-12-25,98,66000.0,P,0.015,0.016,0.0156,82006.43,80920.43,0.415,-0.1315,1e-05,90.39472,427.8,10.9
2026-09-18T18:56:22Z,2026-12-25,98,68000.0,C,0.1875,0.194,0.19,82006.43,80920.43,0.40399999999999997,0.84161,1e-05,102.46767,1031.4,0.0
2026-09-18T18:56:22Z,2026-12-25,98,68000.0,P,0.0185,0.0195,0.0191,82006.43,80920.43,0.40399999999999997,-0.15839,1e-05,102.46767,603.6,8.0
2026-09-18T18:56:22Z,2026-12-25,98,70000.0,C,0.1675,0.174,0.1701,82006.43,80920.43,0.3957,0.80954,2e-05,115.2133,1922.9,1.5
2026-09-18T18:56:22Z,2026-12-25,98,70000.0,P,0.023,0.024,0.0237,82006.43,80920.43,0.3957,-0.19046,2e-05,115.2133,1451.4,73.6
2026-09-18T18:56:22Z,2026-12-25,98,72000.0,C,0.15,0.1525,0.1514,81994.95,80920.43,0.38880000000000003,0.77252,2e-05,127.91478,1238.1,0.2
2026-09-18T18:56:22Z,2026-12-25,98,72000.0,P,0.029,0.0295,0.0293,82005.92,80920.43,0.38880000000000003,-0.22728,2e-05,127.86826,875.2,33.7
2026-09-18T18:56:22Z,2026-12-25,98,74000.0,C,0.1325,0.1345,0.1338,82005.92,80920.43,0.3835,0.73147,2e-05,139.78957,139.0,0.0
2026-09-18T18:56:22Z,2026-12-25,98,74000.0,P,0.0355,0.0365,0.0361,82005.92,80920.43,0.3835,-0.26853,2e-05,139.78957,166.2,1.5
2026-09-18T18:56:22Z,2026-12-25,98,75000.0,C,0.124,0.1265,0.1254,82005.92,80920.43,0.381,0.70947,2e-05,145.2377,1898.5,0.0
2026-09-18T18:56:22Z,2026-12-25,98,75000.0,P,0.0395,0.0405,0.04,81988.13,80920.43,0.381,-0.2909,2e-05,145.29444,1279.1,183.4
2026-09-18T18:56:22Z,2026-12-25,98,76000.0,C,0.116,0.118,0.1174,81994.95,80920.43,0.3788,0.68638,2e-05,150.295,481.5,0.3
2026-09-18T18:56:22Z,2026-12-25,98,76000.0,P,0.0435,0.0445,0.0441,81994.95,80920.43,0.3788,-0.31362,2e-05,150.295,439.7,12.3
2026-09-18T18:56:22Z,2026-12-25,98,78000.0,C,0.101,0.103,0.1023,81994.95,80920.43,0.3754,0.63849,2e-05,158.80845,1080.4,18.4
2026-09-18T18:56:22Z,2026-12-25,98,78000.0,P,0.053,0.054,0.0535,82005.92,80920.43,0.3754,-0.36125,2e-05,158.79085,1424.7,14.2
2026-09-18T18:56:22Z,2026-12-25,98,80000.0,C,0.088,0.089,0.0887,81994.95,80920.43,0.3726,0.58869,2e-05,164.90625,9007.5,54.4
2026-09-18T18:56:22Z,2026-12-25,98,80000.0,P,0.0635,0.0645,0.0642,81994.95,80920.43,0.3726,-0.41131,2e-05,164.90625,1253.0,7.6
2026-09-18T18:56:22Z,2026-12-25,98,82000.0,C,0.076,0.077,0.0764,81994.86,80920.43,0.371,0.53807,3e-05,168.33214,1309.2,12.6
2026-09-18T18:56:22Z,2026-12-25,98,82000.0,P,0.0755,0.077,0.0763,81994.86,80920.43,0.371,-0.46193,3e-05,168.33214,258.2,1.4
2026-09-18T18:56:22Z,2026-12-25,98,84000.0,C,0.065,0.066,0.0656,81994.95,80920.43,0.36979999999999996,0.48773,3e-05,169.02264,1440.8,0.0
2026-09-18T18:56:22Z,2026-12-25,98,84000.0,P,0.089,0.0905,0.0898,81994.95,80920.43,0.36979999999999996,-0.51227,3e-05,169.02264,83.8,1.5
2026-09-18T18:56:22Z,2026-12-25,98,85000.0,C,0.06,0.061,0.0606,82005.92,80920.43,0.3696,0.4633,3e-05,168.40922,3033.7,262.4
2026-09-18T18:56:22Z,2026-12-25,98,85000.0,P,0.0965,0.0975,0.0971,81994.95,80920.43,0.3696,-0.53698,3e-05,168.37579,582.1,1.4
2026-09-18T18:56:22Z,2026-12-25,98,86000.0,C,0.0555,0.0565,0.0559,81988.0,80920.43,0.3693,0.4385,3e-05,167.07514,298.8,37.3
2026-09-18T18:56:22Z,2026-12-25,98,86000.0,P,0.104,0.105,0.1046,81988.0,80920.43,0.3693,-0.5615,3e-05,167.07514,67.3,3.8
2026-09-18T18:56:22Z,2026-12-25,98,88000.0,C,0.047,0.048,0.0476,81988.0,80920.43,0.36920000000000003,0.39152,2e-05,162.79754,3761.9,61.7
2026-09-18T18:56:22Z,2026-12-25,98,88000.0,P,0.119,0.1215,0.1206,81988.0,80920.43,0.36920000000000003,-0.60848,2e-05,162.79754,17.5,11.4
2026-09-18T18:56:22Z,2026-12-25,98,90000.0,C,0.04,0.041,0.0404,81988.0,80920.43,0.37,0.34758,2e-05,156.59155,3798.8,117.3
2026-09-18T18:56:22Z,2026-12-25,98,90000.0,P,0.136,0.14,0.1379,81994.86,80920.43,0.37,-0.65226,2e-05,156.63149,656.3,0.1
2026-09-18T18:56:22Z,2026-12-25,98,92000.0,C,0.034,0.035,0.0342,81988.16,80920.43,0.3714,0.30713,2e-05,148.92152,425.1,24.2
2026-09-18T18:56:22Z,2026-12-25,98,92000.0,P,0.1535,0.159,0.1561,81988.0,80920.43,0.3714,-0.69287,2e-05,148.92019,6.6,0.0
2026-09-18T18:56:22Z,2026-12-25,98,94000.0,C,0.0285,0.0295,0.0291,81988.0,80920.43,0.37329999999999997,0.27027,2e-05,140.21207,424.0,20.7
2026-09-18T18:56:22Z,2026-12-25,98,94000.0,P,0.173,0.1795,0.1753,81988.0,80920.43,0.37329999999999997,-0.72973,2e-05,140.21207,5.3,0.0
2026-09-18T18:56:22Z,2026-12-25,98,95000.0,C,0.0265,0.027,0.0268,81988.16,80920.43,0.37439999999999996,0.25327,2e-05,135.61362,1504.4,3.3
2026-09-18T18:56:22Z,2026-12-25,98,95000.0,P,0.1785,0.1895,0.1852,81988.0,80920.43,0.37439999999999996,-0.74674,2e-05,135.61247,112.9,0.1
2026-09-18T18:56:22Z,2026-12-25,98,96000.0,C,0.024,0.025,0.0247,81988.0,80920.43,0.37549999999999994,0.2371,2e-05,130.88855,1525.8,3.5
2026-09-18T18:56:22Z,2026-12-25,98,96000.0,P,0.19,0.199,0.1953,81994.86,80920.43,0.37549999999999994,-0.76276,2e-05,130.93987,23.9,0.0
2026-09-18T18:56:22Z,2026-12-25,98,98000.0,C,0.0205,0.0215,0.0209,81988.0,80920.43,0.3778,0.20731,2e-05,121.22565,335.1,5.3
2026-09-18T18:56:22Z,2026-12-25,98,98000.0,P,0.21,0.2205,0.2159,81988.0,80920.43,0.3778,-0.79269,2e-05,121.22565,1.2,0.0
2026-09-18T18:56:22Z,2026-12-25,98,100000.0,C,0.0175,0.0185,0.0179,81994.86,80920.43,0.38130000000000003,0.18179,2e-05,111.91898,5815.7,214.9
2026-09-18T18:56:22Z,2026-12-25,98,100000.0,P,0.2305,0.242,0.2373,81988.0,80920.43,0.38130000000000003,-0.81832,2e-05,111.86645,303.2,0.0
2026-09-18T18:56:22Z,2026-12-25,98,102000.0,C,0.015,0.016,0.0153,81988.0,80920.43,0.38530000000000003,0.1594,1e-05,102.87201,430.0,5.9
2026-09-18T18:56:22Z,2026-12-25,98,102000.0,P,0.253,0.2625,0.2591,81988.0,80920.43,0.38530000000000003,-0.8406,1e-05,102.87201,7.8,0.0
2026-09-18T18:56:22Z,2026-12-25,98,104000.0,C,0.0125,0.0135,0.013,81988.13,80920.43,0.38780000000000003,0.13875,1e-05,93.76259,98.2,5.0
2026-09-18T18:56:22Z,2026-12-25,98,104000.0,P,0.2745,0.2855,0.2814,81988.13,80920.43,0.38780000000000003,-0.86125,1e-05,93.76259,0.3,0.0
2026-09-18T18:56:22Z,2026-12-25,98,105000.0,C,0.0115,0.0125,0.012,81988.13,80920.43,0.3896,0.12974,1e-05,89.53987,922.3,3.0
2026-09-18T18:56:22Z,2026-12-25,98,105000.0,P,0.2865,0.2965,0.2926,81988.13,80920.43,0.3896,-0.87026,1e-05,89.53987,109.5,0.0
2026-09-18T18:56:22Z,2026-12-25,98,106000.0,C,0.011,0.0115,0.0113,81988.16,80920.43,0.39299999999999996,0.12244,1e-05,85.99332,609.4,151.5
2026-09-18T18:56:22Z,2026-12-25,98,106000.0,P,0.297,0.3075,0.3041,81988.16,80920.43,0.39299999999999996,-0.87756,1e-05,85.99332,0.2,0.0
2026-09-18T18:56:22Z,2026-12-25,98,108000.0,C,0.009,0.01,0.0098,81988.13,80920.43,0.397,0.10745,1e-05,78.36456,165.6,1.2
2026-09-18T18:56:22Z,2026-12-25,98,108000.0,P,0.32,0.3305,0.3269,81988.16,80920.43,0.397,-0.89255,1e-05,78.36476,0.1,0.0
2026-09-18T18:56:22Z,2026-12-25,98,110000.0,C,0.008,0.009,0.0084,81988.13,80920.43,0.4007,0.09422,1e-05,71.20435,2761.7,20.7
2026-09-18T18:56:22Z,2026-12-25,98,110000.0,P,0.343,0.354,0.35,81988.16,80920.43,0.4007,-0.90578,1e-05,71.20454,82.4,27.3
2026-09-18T18:56:22Z,2026-12-25,98,115000.0,C,0.0055,0.0065,0.0059,81988.13,80920.43,0.41100000000000003,0.06859,1e-05,56.02406,2291.1,70.2
2026-09-18T18:56:22Z,2026-12-25,98,115000.0,P,0.4025,0.4125,0.4085,81988.13,80920.43,0.41100000000000003,-0.93141,1e-05,56.02406,5.0,0.0
2026-09-18T18:56:22Z,2026-12-25,98,120000.0,C,0.0043,0.0048,0.0045,81988.13,80920.43,0.4261,0.05271,1e-05,45.58889,5779.2,3.3
2026-09-18T18:56:22Z,2026-12-25,98,120000.0,P,0.4605,0.4725,0.468,81988.13,80920.43,0.4261,-0.94729,1e-05,45.58889,35.7,0.0
2026-09-18T18:56:22Z,2026-12-25,98,125000.0,C,0.0033,0.0038,0.0035,81988.13,80920.43,0.44060000000000005,0.04114,0.0,37.36365,502.8,0.2
2026-09-18T18:56:22Z,2026-12-25,98,125000.0,P,0.52,0.534,0.528,81988.13,80920.43,0.44060000000000005,-0.95886,0.0,37.36365,9.1,0.0
2026-09-18T18:56:22Z,2026-12-25,98,130000.0,C,0.0026,0.0031,0.0028,81988.13,80920.43,0.45549999999999996,0.03289,0.0,31.11872,1560.6,0.1
2026-09-18T18:56:22Z,2026-12-25,98,130000.0,P,0.58,0.593,0.5883,81988.13,80920.43,0.45549999999999996,-0.96711,0.0,31.11872,54.0,0.0
2026-09-18T18:56:22Z,2026-12-25,98,135000.0,C,0.002,0.0026,0.0023,81988.13,80920.43,0.4696,0.02662,0.0,26.10698,1396.0,2.5
2026-09-18T18:56:22Z,2026-12-25,98,135000.0,P,0.6405,0.6535,0.6487,81988.13,80920.43,0.4696,-0.97338,0.0,26.10698,0.7,0.0
2026-09-18T18:56:22Z,2026-12-25,98,140000.0,C,0.0017,0.0021,0.0019,81988.16,80920.43,0.4841,0.02206,0.0,22.29494,1431.9,0.4
2026-09-18T18:56:22Z,2026-12-25,98,140000.0,P,0.7005,0.714,0.7093,81988.13,80920.43,0.4841,-0.97794,0.0,22.29487,0.3,0.0
2026-09-18T18:56:22Z,2026-12-25,98,150000.0,C,0.0012,0.0015,0.0013,81987.75,80920.43,0.51,0.01542,0.0,16.43208,1705.5,8.1
2026-09-18T18:56:22Z,2026-12-25,98,150000.0,P,0.821,0.838,0.8309,81987.83,80920.43,0.51,-0.98458,0.0,16.43246,4.4,0.0
2026-09-18T18:56:22Z,2026-12-25,98,160000.0,C,0.0009,0.0012,0.001,81987.75,80920.43,0.5373,0.01166,0.0,12.91486,1291.8,0.0
2026-09-18T18:56:22Z,2026-12-25,98,160000.0,P,0.9415,0.958,0.9525,81987.75,80920.43,0.5373,-0.98834,0.0,12.91486,0.1,0.0
2026-09-18T18:56:22Z,2026-12-25,98,170000.0,C,0.0006,0.001,0.0008,81988.07,80920.43,0.5629,0.00913,0.0,10.4313,2394.8,0.0
2026-09-18T18:56:22Z,2026-12-25,98,170000.0,P,1.0625,1.0825,1.0743,81987.83,80920.43,0.5629,-0.99087,0.0,10.43167,0.1,0.0
2026-09-18T18:56:22Z,2026-12-25,98,180000.0,C,0.0005,0.001,0.0007,81987.75,80920.43,0.586,0.00725,0.0,8.51999,934.3,0.0
2026-09-18T18:56:22Z,2026-12-25,98,180000.0,P,1.184,1.203,1.1961,81988.07,80920.43,0.586,-0.99275,0.0,8.52029,0.1,0.0
2026-09-18T18:56:22Z,2026-12-25,98,190000.0,C,0.0004,0.0009,0.0006,81987.75,80920.43,0.6097,0.00606,0.0,7.26519,1027.1,0.0
2026-09-18T18:56:22Z,2026-12-25,98,190000.0,P,1.3055,1.325,1.318,81987.12,80920.43,0.6097,-0.99394,0.0,7.2666,0.0,0.0
2026-09-18T18:56:22Z,2026-12-25,98,200000.0,C,0.0003,0.0009,0.0005,81988.07,80920.43,0.6317,0.00512,0.0,6.26202,968.8,0.0
2026-09-18T18:56:22Z,2026-12-25,98,200000.0,P,1.4245,1.4475,1.4399,81987.83,80920.43,0.6317,-0.99488,0.0,6.26248,0.0,0.0
2026-09-18T18:56:22Z,2026-12-25,98,210000.0,C,0.0002,0.0007,0.0004,81987.75,80920.43,0.6437999999999999,0.00391,0.0,4.92368,162.8,0.0
2026-09-18T18:56:22Z,2026-12-25,98,210000.0,P,1.5465,1.572,1.5617,81988.07,80920.43,0.6437999999999999,-0.99609,0.0,4.92385,0.0,0.0
2026-09-18T18:56:22Z,2026-12-25,98,220000.0,C,0.0002,0.0007,0.0003,81988.07,80920.43,0.6679,0.00361,0.0,4.58326,256.1,0.0
2026-09-18T18:56:22Z,2026-12-25,98,220000.0,P,1.667,1.6945,1.6837,81987.83,80920.43,0.6679,-0.99639,0.0,4.58399,0.0,0.0
2026-09-18T18:56:22Z,2026-12-25,98,230000.0,C,0.0001,0.0006,0.0002,81987.75,80920.43,0.6723,0.0026,0.0,3.40943,190.6,0.0
2026-09-18T18:56:22Z,2026-12-25,98,230000.0,P,1.7865,1.816,1.8055,81987.75,80920.43,0.6723,-0.9974,0.0,3.40943,0.0,0.0
2026-09-18T18:56:22Z,2026-12-25,98,240000.0,C,0.0001,0.0005,0.0002,81987.75,80920.43,0.6890000000000001,0.00228,0.0,3.02058,785.7,0.0
2026-09-18T18:56:22Z,2026-12-25,98,240000.0,P,1.9115,1.9385,1.9275,81986.55,80920.43,0.6890999999999999,-0.99772,0.0,3.02093,0.0,0.0
2026-09-18T18:56:22Z,2026-12-25,98,250000.0,C,0.0001,0.0004,0.0002,81986.55,80920.43,0.7093,0.00214,0.0,2.85421,1281.8,0.5
2026-09-18T18:56:22Z,2026-12-25,98,250000.0,P,2.032,2.062,2.0494,81986.55,80920.43,0.7093,-0.99786,0.0,2.85421,10.0,0.0
2026-09-18T18:56:22Z,2027-03-26,189,35000.0,C,0.5805,0.5825,0.5811,82990.98,80920.43,0.6199,0.98464,0.0,23.05415,21.8,0.0
2026-09-18T18:56:22Z,2027-03-26,189,35000.0,P,0.0024,0.0033,0.0028,82989.7,80920.43,0.6199,-0.01536,0.0,23.05552,624.0,0.0
2026-09-18T18:56:22Z,2027-03-26,189,40000.0,C,0.5215,0.524,0.5222,82989.7,80920.43,0.5709000000000001,0.97637,0.0,33.2489,82.1,0.0
2026-09-18T18:56:22Z,2027-03-26,189,40000.0,P,0.0039,0.0045,0.0042,82989.7,80920.43,0.5709000000000001,-0.02363,0.0,33.2489,1914.0,3.9
2026-09-18T18:56:22Z,2027-03-26,189,45000.0,C,0.462,0.469,0.4643,82989.7,80920.43,0.5335,0.96311,0.0,48.12101,3.3,0.0
2026-09-18T18:56:22Z,2027-03-26,189,45000.0,P,0.006,0.007,0.0065,82989.7,80920.43,0.5335,-0.03689,0.0,48.12101,260.0,0.2
2026-09-18T18:56:22Z,2027-03-26,189,50000.0,C,0.4035,0.4115,0.407,82989.7,80920.43,0.4949,0.94545,0.0,65.92165,21.6,0.0
2026-09-18T18:56:22Z,2027-03-26,189,50000.0,P,0.009,0.01,0.0095,82989.7,80920.43,0.4949,-0.05455,0.0,65.92165,2451.6,19.2
2026-09-18T18:56:22Z,2027-03-26,189,52000.0,C,0.3815,0.389,0.3845,82989.7,80920.43,0.4815,0.93622,0.0,74.52109,5.3,0.0
2026-09-18T18:56:22Z,2027-03-26,189,52000.0,P,0.0105,0.0115,0.0111,82989.7,80920.43,0.4815,-0.06378,0.0,74.52109,125.7,2.0
2026-09-18T18:56:22Z,2027-03-26,189,54000.0,C,0.3595,0.367,0.3623,82990.98,80920.43,0.46950000000000003,0.92538,1e-05,84.10964,0.1,0.0
2026-09-18T18:56:22Z,2027-03-26,189,54000.0,P,0.012,0.0135,0.013,82989.7,80920.43,0.46950000000000003,-0.07463,1e-05,84.11389,91.9,0.0
2026-09-18T18:56:22Z,2027-03-26,189,55000.0,C,0.3475,0.356,0.3513,82989.7,80920.43,0.4632,0.91956,1e-05,89.03895,29.6,0.0
2026-09-18T18:56:22Z,2027-03-26,189,55000.0,P,0.013,0.0145,0.014,82989.7,80920.43,0.4632,-0.08044,1e-05,89.03895,1259.2,1.0
2026-09-18T18:56:22Z,2027-03-26,189,56000.0,C,0.3365,0.345,0.3404,82989.7,80920.43,0.4576,0.91315,1e-05,94.32554,16.9,0.0
2026-09-18T18:56:22Z,2027-03-26,189,56000.0,P,0.0145,0.016,0.0151,82989.7,80920.43,0.4576,-0.08685,1e-05,94.32554,132.0,9.1
2026-09-18T18:56:22Z,2027-03-26,189,58000.0,C,0.315,0.324,0.3188,82989.7,80920.43,0.44670000000000004,0.89912,1e-05,105.34769,4.3,0.0
2026-09-18T18:56:22Z,2027-03-26,189,58000.0,P,0.017,0.0185,0.0177,82989.7,80920.43,0.44670000000000004,-0.10088,1e-05,105.34769,142.1,18.0
2026-09-18T18:56:22Z,2027-03-26,189,60000.0,C,0.2935,0.304,0.2977,82989.7,80920.43,0.43689999999999996,0.88299,1e-05,117.20632,647.9,1.0
2026-09-18T18:56:22Z,2027-03-26,189,60000.0,P,0.02,0.0215,0.0207,82989.7,80920.43,0.43689999999999996,-0.11701,1e-05,117.20632,799.2,37.1
2026-09-18T18:56:22Z,2027-03-26,189,62000.0,C,0.273,0.283,0.2773,82990.15,80920.43,0.4289,0.86435,1e-05,129.93137,52.3,0.0
2026-09-18T18:56:22Z,2027-03-26,189,62000.0,P,0.0235,0.025,0.0244,82990.15,80920.43,0.4289,-0.13565,1e-05,129.93137,234.6,44.9
2026-09-18T18:56:22Z,2027-03-26,189,64000.0,C,0.254,0.2625,0.2574,82990.15,80920.43,0.42100000000000004,0.84376,1e-05,142.87851,137.8,0.0
2026-09-18T18:56:22Z,2027-03-26,189,64000.0,P,0.0275,0.0295,0.0286,82990.13,80920.43,0.42100000000000004,-0.15624,1e-05,142.8784,128.4,7.7
2026-09-18T18:56:22Z,2027-03-26,189,65000.0,C,0.243,0.253,0.2477,82990.15,80920.43,0.4177,0.83247,1e-05,149.5264,366.7,0.0
2026-09-18T18:56:22Z,2027-03-26,189,65000.0,P,0.03,0.0315,0.031,82990.15,80920.43,0.4177,-0.16753,1e-05,149.5264,885.7,2.1
2026-09-18T18:56:22Z,2027-03-26,189,66000.0,C,0.2335,0.2435,0.2382,82990.15,80920.43,0.4143,0.82072,1e-05,156.11862,23.9,0.2
2026-09-18T18:56:22Z,2027-03-26,189,66000.0,P,0.0325,0.034,0.0335,82990.13,80920.43,0.4143,-0.17928,1e-05,156.11818,120.9,0.2
2026-09-18T18:56:22Z,2027-03-26,189,68000.0,C,0.218,0.2205,0.2197,82990.13,80920.43,0.408,0.79559,1e-05,169.18079,196.5,0.0
2026-09-18T18:56:22Z,2027-03-26,189,68000.0,P,0.038,0.04,0.039,82990.13,80920.43,0.408,-0.20441,1e-05,169.18079,294.8,0.0
2026-09-18T18:56:22Z,2027-03-26,189,70000.0,C,0.2005,0.203,0.202,82990.15,80920.43,0.4029,0.7681,1e-05,181.94855,799.8,0.1
2026-09-18T18:56:22Z,2027-03-26,189,70000.0,P,0.0445,0.0465,0.0455,82990.13,80920.43,0.4029,-0.2319,1e-05,181.94829,708.8,3.4
2026-09-18T18:56:22Z,2027-03-26,189,72000.0,C,0.1835,0.186,0.1852,82990.13,80920.43,0.3982,0.73873,1e-05,193.95973,95.3,0.1
2026-09-18T18:56:22Z,2027-03-26,189,72000.0,P,0.052,0.0535,0.0528,82990.13,80920.43,0.3982,-0.26127,1e-05,193.95973,162.2,0.1
2026-09-18T18:56:22Z,2027-03-26,189,74000.0,C,0.1675,0.17,0.1694,82990.13,80920.43,0.3946,0.7075,1e-05,204.99258,66.8,0.0
2026-09-18T18:56:22Z,2027-03-26,189,74000.0,P,0.06,0.0615,0.061,82990.13,80920.43,0.3946,-0.2925,1e-05,204.99258,196.2,2.7
2026-09-18T18:56:22Z,2027-03-26,189,76000.0,C,0.1525,0.1555,0.1543,82990.13,80920.43,0.3908,0.67498,2e-05,214.68204,546.2,0.0
2026-09-18T18:56:22Z,2027-03-26,189,76000.0,P,0.0695,0.0705,0.07,82990.13,80920.43,0.3908,-0.32502,2e-05,214.68204,538.3,337.4
2026-09-18T18:56:22Z,2027-03-26,189,78000.0,C,0.139,0.141,0.1405,82990.13,80920.43,0.3887,0.64119,2e-05,222.89206,647.9,34.3
2026-09-18T18:56:22Z,2027-03-26,189,78000.0,P,0.0795,0.081,0.0803,82990.13,80920.43,0.3887,-0.35881,2e-05,222.89206,328.9,26.4
2026-09-18T18:56:22Z,2027-03-26,189,80000.0,C,0.1265,0.1285,0.1275,82988.65,80920.43,0.3868,0.60678,2e-05,229.37651,1100.3,1.2
2026-09-18T18:56:22Z,2027-03-26,189,80000.0,P,0.0905,0.0925,0.0915,82988.65,80920.43,0.3868,-0.39322,2e-05,229.37651,219.6,5.1
2026-09-18T18:56:22Z,2027-03-26,189,82000.0,C,0.1145,0.116,0.1154,82988.65,80920.43,0.3846,0.57204,2e-05,234.06103,1293.7,46.6
2026-09-18T18:56:22Z,2027-03-26,189,82000.0,P,0.1025,0.1045,0.1034,82988.65,80920.43,0.3846,-0.42796,2e-05,234.06103,24.5,20.1
2026-09-18T18:56:22Z,2027-03-26,189,84000.0,C,0.1035,0.1055,0.1045,82988.65,80920.43,0.384,0.53749,2e-05,236.90007,264.2,0.0
2026-09-18T18:56:22Z,2027-03-26,189,84000.0,P,0.1155,0.118,0.1166,82990.13,80920.43,0.384,-0.46249,2e-05,236.90286,55.2,0.0
2026-09-18T18:56:22Z,2027-03-26,189,85000.0,C,0.0985,0.1,0.0993,82988.65,80920.43,0.38380000000000003,0.52037,2e-05,237.64127,412.7,0.0
2026-09-18T18:56:22Z,2027-03-26,189,85000.0,P,0.1225,0.1245,0.1235,82988.65,80920.43,0.38380000000000003,-0.47963,2e-05,237.64127,3.9,0.0
2026-09-18T18:56:22Z,2027-03-26,189,86000.0,C,0.0935,0.0955,0.0944,82988.65,80920.43,0.3835,0.50339,2e-05,237.94289,142.2,0.3
2026-09-18T18:56:22Z,2027-03-26,189,86000.0,P,0.129,0.132,0.1307,82988.65,80920.43,0.3835,-0.49661,2e-05,237.94289,3.1,0.0
2026-09-18T18:56:22Z,2027-03-26,189,88000.0,C,0.084,0.086,0.0852,82983.85,80920.43,0.3833,0.46998,2e-05,237.26378,81.3,5.0
2026-09-18T18:56:22Z,2027-03-26,189,88000.0,P,0.144,0.147,0.1456,82990.13,80920.43,0.3833,-0.52991,2e-05,237.2867,4.7,0.0
2026-09-18T18:56:22Z,2027-03-26,189,90000.0,C,0.076,0.078,0.0769,82988.65,80920.43,0.3835,0.43782,2e-05,235.0555,583.8,0.0
2026-09-18T18:56:22Z,2027-03-26,189,90000.0,P,0.1595,0.163,0.1613,82990.13,80920.43,0.3835,-0.56215,2e-05,235.06207,25.0,0.0
2026-09-18T18:56:22Z,2027-03-26,189,92000.0,C,0.0685,0.07,0.0693,82988.65,80920.43,0.3837,0.40675,2e-05,231.42139,276.3,0.0
2026-09-18T18:56:22Z,2027-03-26,189,92000.0,P,0.176,0.1795,0.1778,82988.65,80920.43,0.3837,-0.59325,2e-05,231.42139,1.4,0.0
2026-09-18T18:56:22Z,2027-03-26,189,94000.0,C,0.0615,0.0635,0.0625,82988.65,80920.43,0.3845,0.37728,2e-05,226.60289,182.5,0.0
2026-09-18T18:56:22Z,2027-03-26,189,94000.0,P,0.1875,0.201,0.1951,82988.65,80920.43,0.3845,-0.62272,2e-05,226.60289,9.7,0.0
2026-09-18T18:56:22Z,2027-03-26,189,95000.0,C,0.0585,0.06,0.0593,82990.13,80920.43,0.3848,0.36302,2e-05,223.78677,525.5,15.2
2026-09-18T18:56:22Z,2027-03-26,189,95000.0,P,0.197,0.209,0.204,82990.13,80920.43,0.3848,-0.63698,2e-05,223.78677,0.4,0.0
2026-09-18T18:56:22Z,2027-03-26,189,96000.0,C,0.0555,0.057,0.0562,82984.6,80920.43,0.385,0.34897,2e-05,220.67834,161.9,0.8
2026-09-18T18:56:22Z,2027-03-26,189,96000.0,P,0.206,0.22,0.213,82984.6,80920.43,0.385,-0.65103,2e-05,220.67834,1.6,0.0
2026-09-18T18:56:22Z,2027-03-26,189,98000.0,C,0.05,0.0515,0.0508,82984.6,80920.43,0.3864,0.32277,2e-05,214.05403,133.8,0.2
2026-09-18T18:56:22Z,2027-03-26,189,98000.0,P,0.2245,0.237,0.2316,82984.6,80920.43,0.3864,-0.67723,2e-05,214.05403,0.2,0.0
2026-09-18T18:56:22Z,2027-03-26,189,100000.0,C,0.045,0.0465,0.0458,82984.36,80920.43,0.3876,0.298,1e-05,206.74289,901.3,3.3
2026-09-18T18:56:22Z,2027-03-26,189,100000.0,P,0.2435,0.256,0.2508,82984.36,80920.43,0.3876,-0.702,1e-05,206.74289,12.3,0.0
2026-09-18T18:56:22Z,2027-03-26,189,102000.0,C,0.0405,0.042,0.0413,82984.36,80920.43,0.38909999999999995,0.27496,1e-05,198.99515,127.4,1.0
2026-09-18T18:56:22Z,2027-03-26,189,102000.0,P,0.263,0.276,0.2704,82984.36,80920.43,0.38909999999999995,-0.72504,1e-05,198.9953,0.1,0.0
2026-09-18T18:56:22Z,2027-03-26,189,104000.0,C,0.0365,0.038,0.0374,82984.6,80920.43,0.3909,0.25365,1e-05,190.98652,110.0,0.0
2026-09-18T18:56:22Z,2027-03-26,189,104000.0,P,0.2805,0.297,0.2905,82984.6,80920.43,0.3909,-0.74635,1e-05,190.98652,0.1,0.0
2026-09-18T18:56:22Z,2027-03-26,189,105000.0,C,0.0345,0.036,0.0355,82984.36,80920.43,0.39159999999999995,0.24343,1e-05,186.84637,246.2,10.5
2026-09-18T18:56:22Z,2027-03-26,189,105000.0,P,0.292,0.308,0.3007,82984.6,80920.43,0.39159999999999995,-0.75657,1e-05,186.84883,0.5,0.0
2026-09-18T18:56:22Z,2027-03-26,189,106000.0,C,0.033,0.0345,0.0338,82984.6,80920.43,0.39270000000000005,0.23386,1e-05,182.79189,77.7,0.5
2026-09-18T18:56:22Z,2027-03-26,189,106000.0,P,0.302,0.3185,0.3111,82984.6,80920.43,0.39270000000000005,-0.76614,1e-05,182.79189,0.1,0.0
2026-09-18T18:56:22Z,2027-03-26,189,108000.0,C,0.0295,0.0315,0.0306,82988.24,80920.43,0.3944,0.21547,1e-05,174.49729,68.1,0.5
2026-09-18T18:56:22Z,2027-03-26,189,108000.0,P,0.323,0.3385,0.3319,82984.6,80920.43,0.3944,-0.78458,1e-05,174.46837,0.1,0.0
2026-09-18T18:56:22Z,2027-03-26,189,110000.0,C,0.027,0.0285,0.0278,82984.6,80920.43,0.3969,0.199,1e-05,166.47141,1159.1,28.0
2026-09-18T18:56:22Z,2027-03-26,189,110000.0,P,0.3445,0.361,0.3533,82984.6,80920.43,0.3969,-0.801,1e-05,166.47141,4.1,0.0
2026-09-18T18:56:22Z,2027-03-26,189,112000.0,C,0.0245,0.026,0.0252,82984.36,80920.43,0.39840000000000003,0.18302,1e-05,158.13909,77.3,0.0
2026-09-18T18:56:22Z,2027-03-26,189,112000.0,P,0.3635,0.3825,0.3747,82983.82,80920.43,0.39840000000000003,-0.81699,1e-05,158.13481,0.1,0.0
2026-09-18T18:56:22Z,2027-03-26,189,115000.0,C,0.021,0.0225,0.022,82983.85,80920.43,0.4029,0.16306,1e-05,146.91907,712.8,1.0
2026-09-18T18:56:22Z,2027-03-26,189,115000.0,P,0.397,0.415,0.4078,82983.82,80920.43,0.4029,-0.83694,1e-05,146.92034,2.2,0.0
2026-09-18T18:56:22Z,2027-03-26,189,120000.0,C,0.017,0.0185,0.0176,82983.82,80920.43,0.4093,0.13419,1e-05,128.95981,778.7,0.5
2026-09-18T18:56:22Z,2027-03-26,189,120000.0,P,0.4525,0.4715,0.4636,82984.36,80920.43,0.4093,-0.86581,1e-05,128.96381,9.9,0.0
2026-09-18T18:56:22Z,2027-03-26,189,125000.0,C,0.0135,0.015,0.0143,82983.82,80920.43,0.4164,0.11136,1e-05,113.14353,323.0,0.7
2026-09-18T18:56:22Z,2027-03-26,189,125000.0,P,0.51,0.528,0.5205,82983.82,80920.43,0.4164,-0.88864,1e-05,113.14353,0.1,0.0
2026-09-18T18:56:22Z,2027-03-26,189,130000.0,C,0.011,0.012,0.0117,82983.82,80920.43,0.42340000000000005,0.09289,1e-05,99.15076,1161.6,2.6
2026-09-18T18:56:22Z,2027-03-26,189,130000.0,P,0.5675,0.5855,0.5782,82983.82,80920.43,0.42340000000000005,-0.90711,1e-05,99.15076,0.4,0.0
2026-09-18T18:56:22Z,2027-03-26,189,140000.0,C,0.008,0.009,0.0084,82983.82,80920.43,0.4411,0.06798,0.0,78.29015,909.6,0.5
2026-09-18T18:56:22Z,2027-03-26,189,140000.0,P,0.6825,0.7045,0.6954,82983.82,80920.43,0.4411,-0.93202,0.0,78.29015,10.9,0.0
2026-09-18T18:56:22Z,2027-03-26,189,150000.0,C,0.006,0.007,0.0064,82983.82,80920.43,0.46,0.05206,0.0,63.51856,1912.6,0.6
2026-09-18T18:56:22Z,2027-03-26,189,150000.0,P,0.7995,0.824,0.8139,82984.36,80920.43,0.46,-0.94794,0.0,63.52101,0.6,0.0
2026-09-18T18:56:22Z,2027-03-26,189,160000.0,C,0.0047,0.0055,0.005,82983.82,80920.43,0.4777,0.04088,0.0,52.30857,1042.5,0.1
2026-09-18T18:56:22Z,2027-03-26,189,160000.0,P,0.9195,0.9445,0.933,82984.36,80920.43,0.4777,-0.95912,0.0,52.31064,0.1,0.0
2026-09-18T18:56:22Z,2027-03-26,189,170000.0,C,0.004,0.0044,0.0042,82983.82,80920.43,0.4964,0.03349,0.0,44.44144,872.0,2.3
2026-09-18T18:56:22Z,2027-03-26,189,170000.0,P,1.038,1.0645,1.0526,82983.82,80920.43,0.4964,-0.96651,0.0,44.44144,0.2,0.0
2026-09-18T18:56:22Z,2027-03-26,189,180000.0,C,0.0031,0.0037,0.0034,82983.82,80920.43,0.5109,0.0271,0.0,37.28637,659.3,0.1
2026-09-18T18:56:22Z,2027-03-26,189,180000.0,P,1.1545,1.1855,1.1724,82984.81,80920.43,0.5109,-0.9729,0.0,37.28948,0.1,0.0
2026-09-18T18:56:22Z,2027-03-26,189,190000.0,C,0.0028,0.003,0.003,82984.81,80920.43,0.5297,0.02353,0.0,33.13079,646.1,0.2
2026-09-18T18:56:22Z,2027-03-26,189,190000.0,P,1.273,1.306,1.2925,82984.81,80920.43,0.5297,-0.97647,0.0,33.13079,0.9,0.0
2026-09-18T18:56:22Z,2027-03-26,189,200000.0,C,0.0022,0.0024,0.0025,82984.81,80920.43,0.5418999999999999,0.01952,0.0,28.29326,494.8,0.0
2026-09-18T18:56:22Z,2027-03-26,189,200000.0,P,1.3945,1.4275,1.4124,82984.81,80920.43,0.5418999999999999,-0.98048,0.0,28.29326,1.0,0.0
2026-09-18T18:56:22Z,2027-06-25,280,30000.0,C,0.6455,0.648,0.6467,84013.95,80920.43,0.6265,0.98431,0.0,28.93591,86.2,0.0
2026-09-18T18:56:22Z,2027-06-25,280,30000.0,P,0.0036,0.004,0.0037,84013.95,80920.43,0.6265,-0.01569,0.0,28.93591,342.4,0.0
2026-09-18T18:56:22Z,2027-06-25,280,40000.0,C,0.5305,0.5335,0.5319,84014.98,80920.43,0.5411,0.96439,0.0,57.62612,19.2,0.0
2026-09-18T18:56:22Z,2027-06-25,280,40000.0,P,0.0075,0.0085,0.008,84013.95,80920.43,0.5411,-0.03561,0.0,57.62811,1227.2,7.0
2026-09-18T18:56:22Z,2027-06-25,280,45000.0,C,0.4745,0.477,0.4757,84013.95,80920.43,0.5046,0.94892,0.0,77.12825,0.5,0.0
2026-09-18T18:56:22Z,2027-06-25,280,45000.0,P,0.0105,0.012,0.0113,84013.95,80920.43,0.5046,-0.05108,0.0,77.12825,122.8,1.0
2026-09-18T18:56:22Z,2027-06-25,280,50000.0,C,0.4195,0.4225,0.4212,84013.95,80920.43,0.47740000000000005,0.92661,0.0,102.36958,18.3,0.0
2026-09-18T18:56:22Z,2027-06-25,280,50000.0,P,0.0155,0.017,0.0163,84013.95,80920.43,0.47740000000000005,-0.07339,0.0,102.36958,401.5,12.8
2026-09-18T18:56:22Z,2027-06-25,280,52000.0,C,0.3985,0.401,0.3999,84014.98,80920.43,0.46759999999999996,0.91573,0.0,113.66945,1.1,0.0
2026-09-18T18:56:22Z,2027-06-25,280,52000.0,P,0.018,0.0195,0.0188,84014.98,80920.43,0.46759999999999996,-0.08427,0.0,113.66945,54.3,0.3
2026-09-18T18:56:22Z,2027-06-25,280,54000.0,C,0.3775,0.3805,0.379,84014.98,80920.43,0.4587,0.90352,1e-05,125.68881,1.0,0.1
2026-09-18T18:56:22Z,2027-06-25,280,54000.0,P,0.021,0.0225,0.0217,84014.98,80920.43,0.4587,-0.09648,1e-05,125.68881,50.1,0.0
2026-09-18T18:56:22Z,2027-06-25,280,55000.0,C,0.367,0.37,0.3687,84013.95,80920.43,0.4546,0.89684,1e-05,131.99222,2.9,0.0
2026-09-18T18:56:22Z,2027-06-25,280,55000.0,P,0.0225,0.024,0.0234,84013.95,80920.43,0.4546,-0.10316,1e-05,131.99222,36.1,1.0
2026-09-18T18:56:22Z,2027-06-25,280,56000.0,C,0.357,0.36,0.3583,84014.98,80920.43,0.4495,0.89026,1e-05,138.01971,3.0,0.0
2026-09-18T18:56:22Z,2027-06-25,280,56000.0,P,0.024,0.0255,0.0249,84015.03,80920.43,0.4495,-0.10974,1e-05,138.01953,84.8,0.0
2026-09-18T18:56:22Z,2027-06-25,280,58000.0,C,0.3345,0.344,0.3384,84014.98,80920.43,0.4424,0.87508,1e-05,151.28345,13.8,0.0
2026-09-18T18:56:22Z,2027-06-25,280,58000.0,P,0.028,0.0295,0.0287,84006.12,80920.43,0.4424,-0.12497,1e-05,151.31511,100.8,10.0
2026-09-18T18:56:22Z,2027-06-25,280,60000.0,C,0.317,0.3205,0.3188,84014.98,80920.43,0.43560000000000004,0.85851,1e-05,164.83169,969.9,0.0
2026-09-18T18:56:22Z,2027-06-25,280,60000.0,P,0.032,0.034,0.033,84015.03,80920.43,0.43560000000000004,-0.14149,1e-05,164.83151,200.4,1.0
2026-09-18T18:56:22Z,2027-06-25,280,62000.0,C,0.2985,0.3015,0.2998,84014.98,80920.43,0.4293,0.84054,1e-05,178.49645,118.0,0.0
2026-09-18T18:56:22Z,2027-06-25,280,62000.0,P,0.037,0.0385,0.0378,84015.03,80920.43,0.4293,-0.15946,1e-05,178.49628,115.3,0.0
2026-09-18T18:56:22Z,2027-06-25,280,64000.0,C,0.2795,0.283,0.2815,84015.03,80920.43,0.4238,0.82098,1e-05,192.26792,33.5,0.0
2026-09-18T18:56:22Z,2027-06-25,280,64000.0,P,0.0425,0.044,0.0432,84015.03,80920.43,0.4238,-0.17902,1e-05,192.26792,62.7,0.8
2026-09-18T18:56:22Z,2027-06-25,280,65000.0,C,0.271,0.274,0.2726,84014.98,80920.43,0.4215,0.8106,1e-05,199.13424,4.1,0.0
2026-09-18T18:56:22Z,2027-06-25,280,65000.0,P,0.045,0.047,0.0463,84014.98,80920.43,0.4215,-0.1894,1e-05,199.13424,37.9,21.4
2026-09-18T18:56:22Z,2027-06-25,280,66000.0,C,0.262,0.265,0.2638,84015.03,80920.43,0.4191,0.79995,1e-05,205.87256,25.6,0.1
2026-09-18T18:56:22Z,2027-06-25,280,66000.0,P,0.0485,0.0505,0.0494,84015.03,80920.43,0.4191,-0.20005,1e-05,205.87256,66.6,20.0
2026-09-18T18:56:22Z,2027-06-25,280,68000.0,C,0.245,0.248,0.2469,84015.03,80920.43,0.41509999999999997,0.77751,1e-05,219.10721,12.8,3.3
2026-09-18T18:56:22Z,2027-06-25,280,68000.0,P,0.055,0.057,0.0562,84015.03,80920.43,0.41509999999999997,-0.22249,1e-05,219.10721,20.0,11.1
2026-09-18T18:56:22Z,2027-06-25,280,70000.0,C,0.229,0.232,0.2305,84014.98,80920.43,0.4113,0.75397,1e-05,231.65967,200.5,4.0
2026-09-18T18:56:22Z,2027-06-25,280,70000.0,P,0.0625,0.065,0.0637,84015.03,80920.43,0.4113,-0.24603,1e-05,231.65955,57.7,2.3
2026-09-18T18:56:22Z,2027-06-25,280,72000.0,C,0.213,0.2165,0.215,84014.98,80920.43,0.408,0.72932,1e-05,243.41386,90.3,0.3
2026-09-18T18:56:22Z,2027-06-25,280,72000.0,P,0.071,0.073,0.072,84015.03,80920.43,0.408,-0.27068,1e-05,243.41376,48.1,7.0
2026-09-18T18:56:22Z,2027-06-25,280,74000.0,C,0.1985,0.2015,0.2002,84015.03,80920.43,0.4052,0.70376,1e-05,254.17815,20.4,0.0
2026-09-18T18:56:22Z,2027-06-25,280,74000.0,P,0.08,0.0825,0.081,84015.03,80920.43,0.4052,-0.29624,1e-05,254.17815,15.8,0.9
2026-09-18T18:56:22Z,2027-06-25,280,76000.0,C,0.1845,0.1875,0.1862,84015.03,80920.43,0.40259999999999996,0.6775,1e-05,263.78624,73.9,0.1
2026-09-18T18:56:22Z,2027-06-25,280,76000.0,P,0.0895,0.092,0.0908,84006.12,80920.43,0.40259999999999996,-0.32261,1e-05,263.79482,75.3,3.2
2026-09-18T18:56:22Z,2027-06-25,280,78000.0,C,0.171,0.174,0.1729,84006.12,80920.43,0.40049999999999997,0.65058,1e-05,272.1421,104.4,0.4
2026-09-18T18:56:22Z,2027-06-25,280,78000.0,P,0.1,0.1025,0.1013,84006.12,80920.43,0.40049999999999997,-0.34942,1e-05,272.1421,105.9,2.3
2026-09-18T18:56:22Z,2027-06-25,280,80000.0,C,0.1585,0.1615,0.1604,84006.12,80920.43,0.3987,0.62343,1e-05,279.13982,171.4,7.4
2026-09-18T18:56:22Z,2027-06-25,280,80000.0,P,0.1115,0.114,0.1126,84006.66,80920.43,0.3987,-0.37656,1e-05,279.14,47.8,0.1
2026-09-18T18:56:22Z,2027-06-25,280,82000.0,C,0.147,0.15,0.1487,84006.66,80920.43,0.3973,0.59614,1e-05,284.73453,76.7,1.7
2026-09-18T18:56:22Z,2027-06-25,280,82000.0,P,0.1235,0.126,0.1247,84006.66,80920.43,0.3973,-0.40386,1e-05,284.73453,28.7,5.2
2026-09-18T18:56:22Z,2027-06-25,280,84000.0,C,0.136,0.139,0.1376,84006.66,80920.43,0.39590000000000003,0.56885,1e-05,288.91464,28.2,0.1
2026-09-18T18:56:22Z,2027-06-25,280,84000.0,P,0.136,0.139,0.1374,84006.12,80920.43,0.39590000000000003,-0.43116,1e-05,288.91367,16.6,12.0
2026-09-18T18:56:22Z,2027-06-25,280,85000.0,C,0.131,0.1335,0.1323,84006.12,80920.43,0.3953,0.55526,1e-05,290.47357,162.6,0.0
2026-09-18T18:56:22Z,2027-06-25,280,85000.0,P,0.143,0.146,0.1441,84006.66,80920.43,0.3953,-0.44474,1e-05,290.47468,11.3,4.4
2026-09-18T18:56:22Z,2027-06-25,280,86000.0,C,0.126,0.1285,0.1273,84006.12,80920.43,0.395,0.5418,1e-05,291.67988,38.1,0.0
2026-09-18T18:56:22Z,2027-06-25,280,86000.0,P,0.1495,0.153,0.151,84006.12,80920.43,0.395,-0.4582,1e-05,291.67988,1.4,0.0
2026-09-18T18:56:22Z,2027-06-25,280,88000.0,C,0.1165,0.119,0.1178,84006.66,80920.43,0.3945,0.51519,1e-05,293.08079,27.6,1.0
2026-09-18T18:56:22Z,2027-06-25,280,88000.0,P,0.1635,0.167,0.1653,84006.12,80920.43,0.3945,-0.48482,1e-05,293.07912,4.7,0.0
2026-09-18T18:56:22Z,2027-06-25,280,90000.0,C,0.1075,0.1105,0.109,83994.97,80920.43,0.39409999999999995,0.48892,1e-05,293.13951,766.2,0.3
2026-09-18T18:56:22Z,2027-06-25,280,90000.0,P,0.1785,0.182,0.1802,83994.97,80920.43,0.39409999999999995,-0.51108,1e-05,293.13951,50.6,0.0
2026-09-18T18:56:22Z,2027-06-25,280,92000.0,C,0.0995,0.102,0.1008,84006.12,80920.43,0.3942,0.46372,1e-05,292.07819,16.5,0.0
2026-09-18T18:56:22Z,2027-06-25,280,92000.0,P,0.195,0.198,0.1958,83994.97,80920.43,0.3942,-0.53643,1e-05,292.02916,0.2,0.0
2026-09-18T18:56:22Z,2027-06-25,280,94000.0,C,0.092,0.0945,0.0932,83994.97,80920.43,0.3943,0.43895,1e-05,289.81173,27.0,0.0
2026-09-18T18:56:22Z,2027-06-25,280,94000.0,P,0.2105,0.2145,0.2121,83994.97,80920.43,0.3943,-0.56105,1e-05,289.81173,0.1,0.0
2026-09-18T18:56:22Z,2027-06-25,280,95000.0,C,0.0885,0.091,0.0896,84006.12,80920.43,0.3944,0.42708,1e-05,288.37879,55.9,4.1
2026-09-18T18:56:22Z,2027-06-25,280,95000.0,P,0.2185,0.223,0.2204,84006.12,80920.43,0.3944,-0.57292,1e-05,288.37879,20.2,0.0
2026-09-18T18:56:22Z,2027-06-25,280,96000.0,C,0.085,0.0875,0.0862,83994.97,80920.43,0.3946,0.41522,1e-05,286.60532,39.5,0.0
2026-09-18T18:56:22Z,2027-06-25,280,96000.0,P,0.227,0.2315,0.2289,84006.12,80920.43,0.3946,-0.58463,1e-05,286.66693,0.1,0.0
2026-09-18T18:56:22Z,2027-06-25,280,98000.0,C,0.0785,0.081,0.0798,84006.12,80920.43,0.3951,0.39254,1e-05,282.58519,81.1,4.5
2026-09-18T18:56:22Z,2027-06-25,280,98000.0,P,0.2445,0.249,0.2462,83994.97,80920.43,0.3951,-0.60761,1e-05,282.51808,0.1,0.0
2026-09-18T18:56:22Z,2027-06-25,280,100000.0,C,0.073,0.075,0.0738,84006.12,80920.43,0.3957,0.37066,1e-05,277.73826,211.1,1.4
2026-09-18T18:56:22Z,2027-06-25,280,100000.0,P,0.262,0.267,0.2641,84006.12,80920.43,0.3957,-0.62934,1e-05,277.73826,1.5,0.0
2026-09-18T18:56:22Z,2027-06-25,280,102000.0,C,0.067,0.0695,0.0683,83994.97,80920.43,0.39630000000000004,0.34956,1e-05,272.14682,46.3,0.0
2026-09-18T18:56:22Z,2027-06-25,280,102000.0,P,0.273,0.2885,0.2824,84006.12,80920.43,0.39630000000000004,-0.6503,1e-05,272.22319,0.0,0.0
2026-09-18T18:56:22Z,2027-06-25,280,104000.0,C,0.0625,0.0645,0.0633,83994.97,80920.43,0.3972,0.32972,1e-05,266.11484,26.5,0.0
2026-09-18T18:56:22Z,2027-06-25,280,104000.0,P,0.292,0.31,0.3011,83994.97,80920.43,0.3972,-0.67028,1e-05,266.11484,0.0,0.0
2026-09-18T18:56:22Z,2027-06-25,280,105000.0,C,0.06,0.062,0.0609,83994.97,80920.43,0.3978,0.3202,1e-05,262.93879,160.6,0.0
2026-09-18T18:56:22Z,2027-06-25,280,105000.0,P,0.3015,0.3195,0.3107,83994.97,80920.43,0.3978,-0.6798,1e-05,262.93879,0.1,0.0
2026-09-18T18:56:22Z,2027-06-25,280,106000.0,C,0.0575,0.06,0.0587,84006.12,80920.43,0.3985,0.31121,1e-05,259.805,18.6,11.0
2026-09-18T18:56:22Z,2027-06-25,280,106000.0,P,0.3115,0.329,0.3204,83994.8,80920.43,0.3985,-0.68892,1e-05,259.72059,0.0,0.0
2026-09-18T18:56:22Z,2027-06-25,280,108000.0,C,0.0535,0.0555,0.0544,83989.41,80920.43,0.3994,0.29304,1e-05,252.82915,23.4,0.0
2026-09-18T18:56:22Z,2027-06-25,280,108000.0,P,0.3305,0.346,0.3399,83989.41,80920.43,0.3994,-0.70696,1e-05,252.82915,0.2,0.0
2026-09-18T18:56:22Z,2027-06-25,280,110000.0,C,0.0495,0.0515,0.0506,83994.8,80920.43,0.40090000000000003,0.27647,1e-05,245.91771,265.2,0.4
2026-09-18T18:56:22Z,2027-06-25,280,110000.0,P,0.35,0.366,0.3599,83989.41,80920.43,0.40090000000000003,-0.72359,1e-05,245.87524,5.3,0.0
2026-09-18T18:56:22Z,2027-06-25,280,115000.0,C,0.0415,0.043,0.0423,83994.8,80920.43,0.4047,0.23888,1e-05,227.9309,59.9,0.2
2026-09-18T18:56:22Z,2027-06-25,280,115000.0,P,0.401,0.42,0.4111,83989.41,80920.43,0.4047,-0.76118,1e-05,227.88696,0.0,0.0
2026-09-18T18:56:22Z,2027-06-25,280,120000.0,C,0.0345,0.0365,0.0354,83989.43,80920.43,0.40850000000000003,0.20629,1e-05,209.61668,351.2,0.6
2026-09-18T18:56:22Z,2027-06-25,280,120000.0,P,0.451,0.4725,0.4637,83994.8,80920.43,0.40850000000000003,-0.79366,1e-05,209.66043,0.9,0.0
2026-09-18T18:56:22Z,2027-06-25,280,125000.0,C,0.029,0.031,0.03,83994.8,80920.43,0.4131,0.17903,1e-05,192.22821,116.9,0.0
2026-09-18T18:56:22Z,2027-06-25,280,125000.0,P,0.507,0.5275,0.5178,83989.41,80920.43,0.4131,-0.82102,1e-05,192.18451,0.0,0.0
2026-09-18T18:56:22Z,2027-06-25,280,130000.0,C,0.025,0.0265,0.0256,83994.8,80920.43,0.4181,0.15608,1e-05,175.965,784.8,0.5
2026-09-18T18:56:22Z,2027-06-25,280,130000.0,P,0.5605,0.583,0.573,83994.8,80920.43,0.4181,-0.84392,1e-05,175.965,3.9,0.0
2026-09-18T18:56:22Z,2027-06-25,280,140000.0,C,0.0185,0.02,0.0191,83989.41,80920.43,0.4289,0.12031,1e-05,147.30422,388.4,1.2
2026-09-18T18:56:22Z,2027-06-25,280,140000.0,P,0.672,0.697,0.6859,83990.45,80920.43,0.4289,-0.87968,1e-05,147.31343,3.4,0.0
2026-09-18T18:56:22Z,2027-06-25,280,150000.0,C,0.014,0.0155,0.0147,83989.41,80920.43,0.43979999999999997,0.09437,1e-05,123.62196,219.6,0.8
2026-09-18T18:56:22Z,2027-06-25,280,150000.0,P,0.783,0.8125,0.8001,83994.8,80920.43,0.43979999999999997,-0.90561,1e-05,123.65698,1.1,0.0
2026-09-18T18:56:22Z,2027-06-25,280,160000.0,C,0.011,0.0125,0.0117,83989.41,80920.43,0.45189999999999997,0.07607,0.0,105.17659,575.1,0.6
2026-09-18T18:56:22Z,2027-06-25,280,160000.0,P,0.8985,0.93,0.9161,83989.41,80920.43,0.45189999999999997,-0.92393,0.0,105.17659,0.2,0.0
2026-09-18T18:56:22Z,2027-06-25,280,170000.0,C,0.009,0.01,0.0096,83989.41,80920.43,0.46509999999999996,0.06315,0.0,91.13157,152.7,0.4
2026-09-18T18:56:22Z,2027-06-25,280,170000.0,P,1.017,1.046,1.0331,83989.41,80920.43,0.46509999999999996,-0.93685,0.0,91.13157,14.7,0.0
2026-09-18T18:56:22Z,2027-06-25,280,180000.0,C,0.007,0.0085,0.0079,83994.8,80920.43,0.4755,0.05225,0.0,78.51274,47.7,1.0
2026-09-18T18:56:22Z,2027-06-25,280,180000.0,P,1.13,1.1655,1.1504,83989.41,80920.43,0.4755,-0.94777,0.0,78.48805,0.0,0.0
2026-09-18T18:56:22Z,2027-06-25,280,190000.0,C,0.006,0.0075,0.0067,83989.43,80920.43,0.4868,0.04428,0.0,68.77564,60.0,0.0
2026-09-18T18:56:22Z,2027-06-25,280,190000.0,P,1.246,1.285,1.2684,83989.5,80920.43,0.4868,-0.95572,0.0,68.77593,0.6,0.0
2026-09-18T18:56:22Z,2027-06-25,280,200000.0,C,0.005,0.006,0.0058,83989.5,80920.43,0.49920000000000003,0.03857,0.0,61.48615,33.0,0.3
2026-09-18T18:56:22Z,2027-06-25,280,200000.0,P,1.367,1.4035,1.3866,83989.43,80920.43,0.49920000000000003,-0.96143,0.0,61.48589,2.1,0.0
