snapshot_ts,expiry,days_to_expiry,strike,option_type,bid,ask,mark_price,forward_price,index_price,implied_vol,delta,gamma,vega,open_interest,volume_24h
2026-08-30T19:10:44Z,2026-08-31,1,70000.0,C,0.111,0.1165,0.1138,78987.26,78988.35,0.5676,1.0,0.0,0.0,0.0,0.0
2026-08-30T19:10:44Z,2026-08-31,1,70000.0,P,0.0,0.0001,0.0,78987.36,78988.35,0.5676,0.0,0.0,0.0,31.0,1.1
2026-08-30T19:10:44Z,2026-08-31,1,71000.0,C,0.0985,0.104,0.1011,78987.36,78988.35,0.5085000000000001,1.0,0.0,0.0,0.0,0.0
2026-08-30T19:10:44Z,2026-08-31,1,71000.0,P,0.0,0.0001,0.0,78987.26,78988.35,0.5085000000000001,0.0,0.0,0.0,46.4,0.0
2026-08-30T19:10:44Z,2026-08-31,1,72000.0,C,0.0855,0.0915,0.0885,78987.26,78988.35,0.503,1.0,0.0,0.00011,0.0,0.0
2026-08-30T19:10:44Z,2026-08-31,1,72000.0,P,0.0,0.0001,0.0,78987.26,78988.35,0.503,0.0,0.0,0.00011,83.1,0.0
2026-08-30T19:10:44Z,2026-08-31,1,73000.0,C,0.0745,0.0775,0.0758,78987.36,78988.35,0.503,0.99998,0.0,0.00262,5.0,0.0
2026-08-30T19:10:44Z,2026-08-31,1,73000.0,P,0.0,0.0001,0.0,78987.36,78988.35,0.503,-2e-05,0.0,0.00262,43.5,0.1
2026-08-30T19:10:44Z,2026-08-31,1,74000.0,C,0.0605,0.066,0.0631,78987.36,78988.35,0.503,0.99966,0.0,0.03726,0.0,0.0
2026-08-30T19:10:44Z,2026-08-31,1,74000.0,P,0.0,0.0001,0.0,78987.36,78988.35,0.503,-0.00034,0.0,0.03726,134.0,0.9
2026-08-30T19:10:44Z,2026-08-31,1,75000.0,C,0.0475,0.0535,0.0505,78987.36,78988.35,0.5029,0.99656,1e-05,0.31268,0.0,0.0
2026-08-30T19:10:44Z,2026-08-31,1,75000.0,P,0.0,0.0001,0.0,78987.26,78988.35,0.5029,-0.00344,1e-05,0.31274,1425.0,19.8
2026-08-30T19:10:44Z,2026-08-31,1,75500.0,C,0.0415,0.0475,0.0442,78987.36,78988.35,0.5028,0.9908,2e-05,0.74892,0.0,0.0
2026-08-30T19:10:44Z,2026-08-31,1,75500.0,P,0.0,0.0002,0.0001,78987.26,78988.35,0.5028,-0.00921,2e-05,0.74904,123.7,22.6
2026-08-30T19:10:44Z,2026-08-31,1,76000.0,C,0.035,0.041,0.038,78987.36,78988.35,0.49520000000000003,0.97956,3e-05,1.48989,0.0,0.0
2026-08-30T19:10:44Z,2026-08-31,1,76000.0,P,0.0001,0.0002,0.0001,78987.26,78988.35,0.49520000000000003,-0.02044,3e-05,1.49009,96.8,33.8
2026-08-30T19:10:44Z,2026-08-31,1,76500.0,C,0.0285,0.0345,0.0317,78987.36,78988.35,0.4336,0.97366,5e-05,1.84486,1.1,0.0
2026-08-30T19:10:44Z,2026-08-31,1,76500.0,P,0.0001,0.0002,0.0002,78987.36,78988.35,0.4336,-0.02634,5e-05,1.84486,112.9,89.9
2026-08-30T19:10:44Z,2026-08-31,1,77000.0,C,0.024,0.027,0.0253,78987.26,78988.35,0.3669,0.96582,7e-05,2.28937,12.5,0.0
2026-08-30T19:10:44Z,2026-08-31,1,77000.0,P,0.0001,0.0003,0.0002,78987.36,78988.35,0.3669,-0.03417,7e-05,2.28899,170.4,75.9
2026-08-30T19:10:44Z,2026-08-31,1,77500.0,C,0.018,0.021,0.0191,78987.36,78988.35,0.3173,0.94207,0.00012,3.50144,5.5,0.0
2026-08-30T19:10:44Z,2026-08-31,1,77500.0,P,0.0002,0.0003,0.0003,78987.26,78988.35,0.3173,-0.05795,0.00012,3.50201,280.8,200.3
2026-08-30T19:10:44Z,2026-08-31,1,78000.0,C,0.0115,0.0155,0.0132,78987.36,78988.35,0.28309999999999996,0.87837,0.00024,6.10157,21.2,6.4
2026-08-30T19:10:44Z,2026-08-31,1,78000.0,P,0.0005,0.0008,0.0007,78987.26,78988.35,0.28309999999999996,-0.12166,0.00024,6.1024,92.0,70.3
2026-08-30T19:10:44Z,2026-08-31,1,78500.0,C,0.007,0.009,0.0078,78987.26,78988.35,0.265,0.73088,0.00041,9.97352,93.8,53.3
2026-08-30T19:10:44Z,2026-08-31,1,78500.0,P,0.0014,0.0019,0.0017,78987.36,78988.35,0.265,-0.26908,0.00041,9.97276,53.2,47.1
2026-08-30T19:10:44Z,2026-08-31,1,79000.0,C,0.0039,0.0046,0.0041,78987.2,78988.35,0.2721,0.49587,0.00049,12.05255,53.1,34.2
2026-08-30T19:10:44Z,2026-08-31,1,79000.0,P,0.0039,0.0045,0.0042,78987.36,78988.35,0.2721,-0.50406,0.00049,12.0526,56.3,1.6
2026-08-30T19:10:44Z,2026-08-31,1,79500.0,C,0.0019,0.0024,0.0021,78987.2,78988.35,0.30219999999999997,0.2898,0.00037,10.33872,85.5,13.5
2026-08-30T19:10:44Z,2026-08-31,1,79500.0,P,0.0075,0.009,0.0086,78987.2,78988.35,0.30219999999999997,-0.7102,0.00037,10.33872,15.4,8.6
2026-08-30T19:10:44Z,2026-08-31,1,80000.0,C,0.0009,0.0013,0.0011,78987.36,78988.35,0.3328,0.16005,0.00024,7.35265,90.7,41.9
2026-08-30T19:10:44Z,2026-08-31,1,80000.0,P,0.012,0.0155,0.0139,78987.36,78988.35,0.3328,-0.83995,0.00024,7.35265,7.7,1.7
2026-08-30T19:10:44Z,2026-08-31,1,80500.0,C,0.0004,0.0007,0.0006,78987.36,78988.35,0.3649,0.08818,0.00015,4.83237,125.8,64.6
2026-08-30T19:10:44Z,2026-08-31,1,80500.0,P,0.0165,0.023,0.0197,78987.2,78988.35,0.3649,-0.91184,0.00015,4.83141,0.2,0.0
2026-08-30T19:10:44Z,2026-08-31,1,81000.0,C,0.0002,0.0004,0.0003,78987.2,78988.35,0.3993,0.0505,9e-05,3.14084,145.6,82.9
2026-08-30T19:10:44Z,2026-08-31,1,81000.0,P,0.0225,0.029,0.0258,78987.2,78988.35,0.3993,-0.9495,9e-05,3.14084,0.5,0.0
2026-08-30T19:10:44Z,2026-08-31,1,81500.0,C,0.0001,0.0003,0.0002,78987.36,78988.35,0.42979999999999996,0.02894,5e-05,1.99546,82.9,84.7
2026-08-30T19:10:44Z,2026-08-31,1,81500.0,P,0.0285,0.0355,0.032,78987.36,78988.35,0.42979999999999996,-0.97106,5e-05,1.99546,0.1,0.0
2026-08-30T19:10:44Z,2026-08-31,1,82000.0,C,0.0,0.0003,0.0001,78987.2,78988.35,0.461,0.01726,3e-05,1.29042,178.5,24.1
2026-08-30T19:10:44Z,2026-08-31,1,82000.0,P,0.035,0.0415,0.0383,78987.36,78988.35,0.461,-0.98273,3e-05,1.29073,0.0,0.0
2026-08-30T19:10:44Z,2026-08-31,1,82500.0,C,0.0,0.0002,0.0001,78987.36,78988.35,0.4879,0.01011,2e-05,0.81312,26.8,6.5
2026-08-30T19:10:44Z,2026-08-31,1,82500.0,P,0.041,0.048,0.0445,78987.36,78988.35,0.4879,-0.98989,2e-05,0.81312,0.0,0.0
2026-08-30T19:10:44Z,2026-08-31,1,83000.0,C,0.0,0.0001,0.0,78987.2,78988.35,0.5204,0.00658,1e-05,0.55746,75.8,48.2
2026-08-30T19:10:44Z,2026-08-31,1,83000.0,P,0.0475,0.054,0.0508,78987.2,78988.35,0.5204,-0.99342,1e-05,0.55746,0.0,0.0
2026-08-30T19:10:44Z,2026-08-31,1,84000.0,C,0.0,0.0001,0.0,78987.2,78988.35,0.5351,0.00137,0.0,0.13558,51.6,0.8
2026-08-30T19:10:44Z,2026-08-31,1,84000.0,P,0.06,0.067,0.0635,78987.21,78988.35,0.5351,-0.99863,0.0,0.13558,0.0,0.0
2026-08-30T19:10:44Z,2026-08-31,1,85000.0,C,0.0,0.0001,0.0,78987.29,78988.35,0.5353,0.00018,0.0,0.02037,57.5,0.0
2026-08-30T19:10:44Z,2026-08-31,1,85000.0,P,0.0725,0.0795,0.0761,78987.29,78988.35,0.5353,-0.99982,0.0,0.02037,0.0,0.0
2026-08-30T19:10:44Z,2026-08-31,1,86000.0,C,0.0,0.0001,0.0,78987.21,78988.35,0.5617,4e-05,0.0,0.00496,64.7,0.0
2026-08-30T19:10:44Z,2026-08-31,1,86000.0,P,0.085,0.0925,0.0888,78987.21,78988.35,0.5617,-0.99996,0.0,0.00496,0.0,0.0
2026-08-30T19:10:44Z,2026-08-31,1,87000.0,C,0.0,0.0001,0.0,78987.21,78988.35,0.6164000000000001,2e-05,0.0,0.00286,61.8,0.0
2026-08-30T19:10:44Z,2026-08-31,1,87000.0,P,0.098,0.105,0.1014,78987.29,78988.35,0.6164000000000001,-0.99998,0.0,0.00286,0.0,0.0
2026-08-30T19:10:44Z,2026-08-31,1,88000.0,C,0.0,0.0001,0.0,78987.29,78988.35,0.6214999999999999,0.0,0.0,0.00042,10.8,0.0
2026-08-30T19:10:44Z,2026-08-31,1,88000.0,P,0.1105,0.1175,0.1141,78987.29,78988.35,0.6214999999999999,-1.0,0.0,0.00042,0.0,0.0
2026-08-30T19:10:44Z,2026-08-31,1,89000.0,C,0.0,0.0001,0.0,78987.21,78988.35,0.6364,0.0,0.0,8e-05,31.1,0.0
2026-08-30T19:10:44Z,2026-08-31,1,89000.0,P,0.1235,0.1305,0.1268,78987.29,78988.35,0.6364,-1.0,0.0,8e-05,0.0,0.0
2026-08-30T19:10:44Z,2026-08-31,1,90000.0,C,0.0,0.0001,0.0,78987.21,78988.35,0.6364,0.0,0.0,1e-05,0.8,0.0
2026-08-30T19:10:44Z,2026-08-31,1,90000.0,P,0.1355,0.143,0.1394,78987.21,78988.35,0.6364,-1.0,0.0,1e-05,0.0,0.0
2026-08-30T19:10:44Z,2026-09-01,2,69000.0,C,0.124,0.1295,0.1266,79001.13,78988.35,0.5465,0.99994,0.0,0.01292,0.0,0.0
2026-08-30T19:10:44Z,2026-09-01,2,69000.0,P,0.0,0.0001,0.0,79001.13,78988.35,0.5465,-6e-05,0.0,0.01292,224.0,0.0
2026-08-30T19:10:44Z,2026-09-01,2,70000.0,C,0.111,0.117,0.1139,79001.13,78988.35,0.5417000000000001,0.99973,0.0,0.051,0.0,0.0
2026-08-30T19:10:44Z,2026-09-01,2,70000.0,P,0.0,0.0001,0.0,79001.13,78988.35,0.5417000000000001,-0.00027,0.0,0.051,130.4,0.0
2026-08-30T19:10:44Z,2026-09-01,2,71000.0,C,0.0985,0.104,0.1013,79001.13,78988.35,0.5402,0.99892,0.0,0.18559,0.7,0.0
2026-08-30T19:10:44Z,2026-09-01,2,71000.0,P,0.0,0.0001,0.0,79001.13,78988.35,0.5402,-0.00108,0.0,0.18559,240.5,0.0
2026-08-30T19:10:44Z,2026-09-01,2,72000.0,C,0.086,0.0915,0.0887,79001.13,78988.35,0.5388000000000001,0.99626,0.0,0.57186,0.1,0.0
2026-08-30T19:10:44Z,2026-09-01,2,72000.0,P,0.0,0.0001,0.0,79001.13,78988.35,0.5388000000000001,-0.00374,0.0,0.57186,412.8,30.0
2026-08-30T19:10:44Z,2026-09-01,2,73000.0,C,0.073,0.079,0.076,79001.13,78988.35,0.48119999999999996,0.99459,1e-05,0.7949,0.0,0.0
2026-08-30T19:10:44Z,2026-09-01,2,73000.0,P,0.0,0.0002,0.0001,79001.13,78988.35,0.48119999999999996,-0.00541,1e-05,0.7949,33.2,7.2
2026-08-30T19:10:44Z,2026-09-01,2,74000.0,C,0.0605,0.0665,0.0634,79001.13,78988.35,0.4595,0.98646,1e-05,1.77568,0.3,0.0
2026-08-30T19:10:44Z,2026-09-01,2,74000.0,P,0.0001,0.0003,0.0001,79001.13,78988.35,0.4595,-0.01354,1e-05,1.77568,116.9,51.1
2026-08-30T19:10:44Z,2026-09-01,2,74500.0,C,0.054,0.06,0.0572,79001.13,78988.35,0.4334,0.98222,2e-05,2.24404,0.0,0.0
2026-08-30T19:10:44Z,2026-09-01,2,74500.0,P,0.0001,0.0003,0.0002,79001.13,78988.35,0.4334,-0.01778,2e-05,2.24404,88.6,76.4
2026-08-30T19:10:44Z,2026-09-01,2,75000.0,C,0.0495,0.0525,0.0509,79001.13,78988.35,0.41,0.97552,3e-05,2.94147,10.4,0.0
2026-08-30T19:10:44Z,2026-09-01,2,75000.0,P,0.0001,0.0004,0.0002,79001.13,78988.35,0.41,-0.02448,3e-05,2.94147,73.9,6.0
2026-08-30T19:10:44Z,2026-09-01,2,75500.0,C,0.0415,0.048,0.0447,79001.13,78988.35,0.3899,0.96453,4e-05,4.00064,0.0,0.0
2026-08-30T19:10:44Z,2026-09-01,2,75500.0,P,0.0003,0.0004,0.0004,79001.13,78988.35,0.3899,-0.03547,4e-05,4.00064,57.5,54.9
2026-08-30T19:10:44Z,2026-09-01,2,76000.0,C,0.037,0.0405,0.0385,79001.21,78988.35,0.3685,0.94878,6e-05,5.38464,10.2,0.0
2026-08-30T19:10:44Z,2026-09-01,2,76000.0,P,0.0004,0.0006,0.0005,79001.13,78988.35,0.3685,-0.05123,6e-05,5.38501,80.5,86.2
2026-08-30T19:10:44Z,2026-09-01,2,76500.0,C,0.0295,0.0355,0.0324,79001.13,78988.35,0.34909999999999997,0.92404,8e-05,7.32061,0.0,0.0
2026-08-30T19:10:44Z,2026-09-01,2,76500.0,P,0.0007,0.0009,0.0008,79001.13,78988.35,0.34909999999999997,-0.07596,8e-05,7.32061,68.7,75.5
2026-08-30T19:10:44Z,2026-09-01,2,77000.0,C,0.0235,0.0295,0.0265,79001.13,78988.35,0.3325,0.88511,0.00011,9.93419,3.6,0.0
2026-08-30T19:10:44Z,2026-09-01,2,77000.0,P,0.0011,0.0013,0.0012,79001.21,78988.35,0.3325,-0.11488,0.00011,9.9335,202.8,45.4
2026-08-30T19:10:44Z,2026-09-01,2,77500.0,C,0.0185,0.024,0.021,79001.21,78988.35,0.3245,0.8219,0.00016,13.3497,0.9,0.0
2026-08-30T19:10:44Z,2026-09-01,2,77500.0,P,0.0018,0.0022,0.002,79001.21,78988.35,0.3245,-0.1781,0.00016,13.3497,26.8,1.9
2026-08-30T19:10:44Z,2026-09-01,2,78000.0,C,0.015,0.0175,0.0161,79001.21,78988.35,0.32030000000000003,0.73391,0.0002,16.81044,16.0,1.0
2026-08-30T19:10:44Z,2026-09-01,2,78000.0,P,0.0031,0.0036,0.0034,79001.21,78988.35,0.32030000000000003,-0.26609,0.0002,16.81044,15.5,7.8
2026-08-30T19:10:44Z,2026-09-01,2,78500.0,C,0.011,0.0125,0.0119,79001.21,78988.35,0.3223,0.62363,0.00023,19.44309,20.1,0.6
2026-08-30T19:10:44Z,2026-09-01,2,78500.0,P,0.005,0.0055,0.0055,79001.21,78988.35,0.3223,-0.37637,0.00023,19.44309,118.3,117.8
2026-08-30T19:10:44Z,2026-09-01,2,79000.0,C,0.008,0.009,0.0082,79001.21,78988.35,0.3182,0.50441,0.00024,20.4309,39.5,22.7
2026-08-30T19:10:44Z,2026-09-01,2,79000.0,P,0.008,0.0085,0.0082,79001.21,78988.35,0.3182,-0.49559,0.00024,20.4309,13.8,3.3
2026-08-30T19:10:44Z,2026-09-01,2,79500.0,C,0.0055,0.0065,0.0059,79001.21,78988.35,0.33520000000000005,0.39022,0.00022,19.65352,60.0,59.1
2026-08-30T19:10:44Z,2026-09-01,2,79500.0,P,0.0115,0.013,0.0122,79001.21,78988.35,0.33520000000000005,-0.60978,0.00022,19.65352,6.4,0.0
2026-08-30T19:10:44Z,2026-09-01,2,80000.0,C,0.0038,0.0043,0.004,79001.21,78988.35,0.3446,0.29075,0.00019,17.55266,14.2,10.7
2026-08-30T19:10:44Z,2026-09-01,2,80000.0,P,0.0155,0.018,0.0167,79001.21,78988.35,0.3446,-0.70925,0.00019,17.55266,0.5,0.0
2026-08-30T19:10:44Z,2026-09-01,2,80500.0,C,0.0025,0.003,0.0027,79001.21,78988.35,0.3568,0.21158,0.00016,14.82535,39.6,28.7
2026-08-30T19:10:44Z,2026-09-01,2,80500.0,P,0.019,0.0245,0.0217,79001.21,78988.35,0.3568,-0.78842,0.00016,14.82535,0.4,0.0
2026-08-30T19:10:44Z,2026-09-01,2,81000.0,C,0.0017,0.0021,0.0019,79001.21,78988.35,0.3713,0.15245,0.00012,12.07055,251.9,123.1
2026-08-30T19:10:44Z,2026-09-01,2,81000.0,P,0.024,0.0305,0.0272,79001.21,78988.35,0.3713,-0.84755,0.00012,12.07055,0.0,0.0
2026-08-30T19:10:44Z,2026-09-01,2,81500.0,C,0.0012,0.0015,0.0013,79001.21,78988.35,0.3886,0.11057,9e-05,9.66617,27.1,23.9
2026-08-30T19:10:44Z,2026-09-01,2,81500.0,P,0.03,0.036,0.033,79001.21,78988.35,0.3886,-0.88943,9e-05,9.66617,0.0,0.0
2026-08-30T19:10:44Z,2026-09-01,2,82000.0,C,0.0008,0.0011,0.0009,79001.21,78988.35,0.4042,0.07946,7e-05,7.57506,33.3,6.5
2026-08-30T19:10:44Z,2026-09-01,2,82000.0,P,0.036,0.042,0.0389,79001.38,78988.35,0.4042,-0.92053,7e-05,7.57604,0.0,0.0
2026-08-30T19:10:44Z,2026-09-01,2,82500.0,C,0.0006,0.0008,0.0007,79001.38,78988.35,0.42229999999999995,0.05831,5e-05,5.96564,201.8,20.6
2026-08-30T19:10:44Z,2026-09-01,2,82500.0,P,0.0415,0.0485,0.045,79001.38,78988.35,0.42229999999999995,-0.94169,5e-05,5.96564,0.0,0.0
2026-08-30T19:10:44Z,2026-09-01,2,83000.0,C,0.0004,0.0007,0.0005,79001.38,78988.35,0.4378,0.04224,4e-05,4.61282,205.9,17.6
2026-08-30T19:10:44Z,2026-09-01,2,83000.0,P,0.0475,0.0545,0.0511,79001.38,78988.35,0.4378,-0.95776,4e-05,4.61282,0.0,0.0
2026-08-30T19:10:44Z,2026-09-01,2,84000.0,C,0.0002,0.0005,0.0003,79001.38,78988.35,0.47659999999999997,0.02442,2e-05,2.93484,184.6,10.9
2026-08-30T19:10:44Z,2026-09-01,2,84000.0,P,0.06,0.067,0.0636,79001.38,78988.35,0.47659999999999997,-0.97558,2e-05,2.93484,0.0,0.0
2026-08-30T19:10:44Z,2026-09-01,2,85000.0,C,0.0001,0.0003,0.0002,79001.38,78988.35,0.5084000000000001,0.01375,1e-05,1.79997,244.5,1.4
2026-08-30T19:10:44Z,2026-09-01,2,85000.0,P,0.0725,0.0795,0.0761,79001.38,78988.35,0.5084000000000001,-0.98625,1e-05,1.79997,0.0,0.0
2026-08-30T19:10:44Z,2026-09-01,2,86000.0,C,0.0,0.0002,0.0001,79001.38,78988.35,0.5468999999999999,0.00875,1e-05,1.21408,161.2,1.6
2026-08-30T19:10:44Z,2026-09-01,2,86000.0,P,0.085,0.092,0.0887,79001.38,78988.35,0.5468999999999999,-0.99125,1e-05,1.21408,0.0,0.0
2026-08-30T19:10:44Z,2026-09-01,2,87000.0,C,0.0,0.0001,0.0,79001.38,78988.35,0.5584,0.00407,0.0,0.61636,42.7,0.3
2026-08-30T19:10:44Z,2026-09-01,2,87000.0,P,0.0975,0.105,0.1013,79001.38,78988.35,0.5584,-0.99593,0.0,0.61636,0.0,0.0
2026-08-30T19:10:44Z,2026-09-01,2,88000.0,C,0.0,0.0001,0.0,79001.38,78988.35,0.5648,0.00171,0.0,0.281,30.5,0.1
2026-08-30T19:10:44Z,2026-09-01,2,88000.0,P,0.1105,0.1175,0.1139,79001.38,78988.35,0.5648,-0.99829,0.0,0.281,0.0,0.0
2026-08-30T19:10:44Z,2026-09-01,2,89000.0,C,0.0,0.0001,0.0,79001.38,78988.35,0.609,0.00136,0.0,0.228,27.0,0.0
2026-08-30T19:10:44Z,2026-09-01,2,89000.0,P,0.1235,0.1305,0.1266,79001.38,78988.35,0.609,-0.99864,0.0,0.228,0.0,0.0
2026-08-30T19:10:44Z,2026-09-02,3,69000.0,C,0.124,0.1295,0.1268,79015.3,78988.35,0.5916,0.99723,0.0,0.56012,0.0,0.0
2026-08-30T19:10:44Z,2026-09-02,3,69000.0,P,0.0,0.0001,0.0,79015.24,78988.35,0.5916,-0.00277,0.0,0.56014,33.1,0.0
2026-08-30T19:10:44Z,2026-09-02,3,70000.0,C,0.1115,0.117,0.1142,79015.24,78988.35,0.5615,0.99551,0.0,0.86539,0.0,0.0
2026-08-30T19:10:44Z,2026-09-02,3,70000.0,P,0.0,0.0002,0.0001,79015.24,78988.35,0.5615,-0.00449,0.0,0.86539,34.7,26.7
2026-08-30T19:10:44Z,2026-09-02,3,71000.0,C,0.0985,0.1045,0.1016,79015.24,78988.35,0.5424,0.99156,1e-05,1.51319,0.0,0.0
2026-08-30T19:10:44Z,2026-09-02,3,71000.0,P,0.0,0.0002,0.0001,79015.24,78988.35,0.5424,-0.00844,1e-05,1.51319,5.3,0.7
2026-08-30T19:10:44Z,2026-09-02,3,72000.0,C,0.086,0.092,0.0889,79015.24,78988.35,0.48729999999999996,0.98956,1e-05,1.82219,0.0,0.0
2026-08-30T19:10:44Z,2026-09-02,3,72000.0,P,0.0001,0.0002,0.0001,79015.3,78988.35,0.48729999999999996,-0.01044,1e-05,1.82211,25.8,25.7
2026-08-30T19:10:44Z,2026-09-02,3,73000.0,C,0.0735,0.0795,0.0763,79015.24,78988.35,0.43689999999999996,0.98585,1e-05,2.37098,0.0,0.0
2026-08-30T19:10:44Z,2026-09-02,3,73000.0,P,0.0001,0.0003,0.0002,79015.24,78988.35,0.43689999999999996,-0.01415,1e-05,2.37098,9.1,9.9
2026-08-30T19:10:44Z,2026-09-02,3,74000.0,C,0.0625,0.0655,0.0638,79015.24,78988.35,0.4039,0.97532,2e-05,3.80602,5.0,5.0
2026-08-30T19:10:44Z,2026-09-02,3,74000.0,P,0.0003,0.0005,0.0003,79015.24,78988.35,0.4039,-0.02468,2e-05,3.80602,60.0,57.9
2026-08-30T19:10:44Z,2026-09-02,3,75000.0,C,0.0485,0.0545,0.0514,79015.24,78988.35,0.3741,0.95438,4e-05,6.30977,0.0,0.0
2026-08-30T19:10:44Z,2026-09-02,3,75000.0,P,0.0005,0.0007,0.0006,79015.24,78988.35,0.3741,-0.04562,4e-05,6.30977,13.5,13.3
2026-08-30T19:10:44Z,2026-09-02,3,75500.0,C,0.042,0.0485,0.0453,79015.24,78988.35,0.3582,0.93819,5e-05,8.02729,0.0,0.0
2026-08-30T19:10:44Z,2026-09-02,3,75500.0,P,0.0007,0.0009,0.0008,79015.24,78988.35,0.3582,-0.06181,5e-05,8.02729,14.5,14.4
2026-08-30T19:10:44Z,2026-09-02,3,76000.0,C,0.036,0.042,0.0393,79015.24,78988.35,0.3454,0.91408,7e-05,10.32791,0.0,0.0
2026-08-30T19:10:44Z,2026-09-02,3,76000.0,P,0.001,0.0013,0.0011,79015.24,78988.35,0.3454,-0.08592,7e-05,10.32791,23.3,23.3
2026-08-30T19:10:44Z,2026-09-02,3,76500.0,C,0.0305,0.036,0.0335,79015.24,78988.35,0.335,0.87962,9e-05,13.19966,0.0,0.0
2026-08-30T19:10:44Z,2026-09-02,3,76500.0,P,0.0015,0.0018,0.0017,79015.24,78988.35,0.335,-0.12038,9e-05,13.19966,8.1,8.1
2026-08-30T19:10:44Z,2026-09-02,3,77000.0,C,0.025,0.0305,0.028,79015.24,78988.35,0.32799999999999996,0.83118,0.00012,16.58573,0.0,0.0
2026-08-30T19:10:44Z,2026-09-02,3,77000.0,P,0.0022,0.0027,0.0025,79015.24,78988.35,0.32799999999999996,-0.16882,0.00012,16.58573,1.0,0.6
2026-08-30T19:10:44Z,2026-09-02,3,77500.0,C,0.022,0.024,0.0229,79015.3,78988.35,0.32439999999999997,0.76728,0.00014,20.12303,0.1,0.0
2026-08-30T19:10:44Z,2026-09-02,3,77500.0,P,0.0034,0.0039,0.0037,79015.24,78988.35,0.32439999999999997,-0.23273,0.00014,20.12343,0.3,0.3
2026-08-30T19:10:44Z,2026-09-02,3,78000.0,C,0.0175,0.0195,0.0184,79015.24,78988.35,0.32520000000000004,0.68821,0.00017,23.28513,0.1,0.1
2026-08-30T19:10:44Z,2026-09-02,3,78000.0,P,0.005,0.006,0.0055,79015.24,78988.35,0.32520000000000004,-0.31179,0.00017,23.28513,1.8,2.0
2026-08-30T19:10:44Z,2026-09-02,3,78500.0,C,0.0135,0.015,0.0143,79015.24,78988.35,0.3246,0.6008,0.00018,25.42227,0.8,0.1
2026-08-30T19:10:44Z,2026-09-02,3,78500.0,P,0.0075,0.0085,0.0078,79015.24,78988.35,0.3246,-0.3992,0.00018,25.42227,0.2,0.2
2026-08-30T19:10:44Z,2026-09-02,3,79000.0,C,0.0105,0.0115,0.011,79015.24,78988.35,0.3271,0.50826,0.00019,26.25954,2.0,1.6
2026-08-30T19:10:44Z,2026-09-02,3,79000.0,P,0.01,0.0115,0.0108,79015.3,78988.35,0.3271,-0.49173,0.00019,26.25954,1.1,1.1
2026-08-30T19:10:44Z,2026-09-02,3,79500.0,C,0.0075,0.009,0.0083,79015.24,78988.35,0.3335,0.4183,0.00018,25.71243,8.8,1.5
2026-08-30T19:10:44Z,2026-09-02,3,79500.0,P,0.014,0.015,0.0145,79015.24,78988.35,0.33340000000000003,-0.5817,0.00018,25.71243,0.3,0.3
2026-08-30T19:10:44Z,2026-09-02,3,80000.0,C,0.0055,0.0065,0.0062,79015.24,78988.35,0.3385,0.33542,0.00016,23.99711,54.3,57.0
2026-08-30T19:10:44Z,2026-09-02,3,80000.0,P,0.0175,0.0195,0.0186,79015.24,78988.35,0.3385,-0.66458,0.00016,23.99711,0.0,0.0
2026-08-30T19:10:44Z,2026-09-02,3,80500.0,C,0.0043,0.0048,0.0046,79015.24,78988.35,0.34740000000000004,0.26476,0.00014,21.55469,62.6,64.0
2026-08-30T19:10:44Z,2026-09-02,3,80500.0,P,0.0225,0.0245,0.0234,79015.3,78988.35,0.34740000000000004,-0.73523,0.00014,21.55506,0.0,0.0
2026-08-30T19:10:44Z,2026-09-02,3,81000.0,C,0.0031,0.0035,0.0033,79015.24,78988.35,0.35369999999999996,0.2041,0.00012,18.65722,6.1,6.1
2026-08-30T19:10:44Z,2026-09-02,3,81000.0,P,0.026,0.031,0.0285,79015.24,78988.35,0.35369999999999996,-0.7959,0.00012,18.65722,0.0,0.0
2026-08-30T19:10:44Z,2026-09-02,3,81500.0,C,0.0022,0.0027,0.0025,79015.24,78988.35,0.3643,0.15749,0.0001,15.85389,0.0,0.0
2026-08-30T19:10:44Z,2026-09-02,3,81500.0,P,0.031,0.037,0.0339,79015.24,78988.35,0.3643,-0.84251,0.0001,15.85389,0.0,0.0
2026-08-30T19:10:44Z,2026-09-02,3,82000.0,C,0.0016,0.0021,0.0018,79015.24,78988.35,0.3759,0.12134,8e-05,13.27355,56.6,56.6
2026-08-30T19:10:44Z,2026-09-02,3,82000.0,P,0.037,0.0425,0.0396,79015.24,78988.35,0.3759,-0.87866,8e-05,13.27355,0.0,0.0
2026-08-30T19:10:44Z,2026-09-02,3,83000.0,C,0.0009,0.0012,0.001,79015.24,78988.35,0.39890000000000003,0.07164,5e-05,8.99829,15.1,15.1
2026-08-30T19:10:44Z,2026-09-02,3,83000.0,P,0.0485,0.055,0.0515,79015.24,78988.35,0.39890000000000003,-0.92836,5e-05,8.99829,0.0,0.0
2026-08-30T19:10:44Z,2026-09-02,3,84000.0,C,0.0005,0.0007,0.0006,79015.24,78988.35,0.4261,0.04405,3e-05,6.13433,1.1,0.4
2026-08-30T19:10:44Z,2026-09-02,3,84000.0,P,0.0605,0.067,0.0637,79015.24,78988.35,0.4261,-0.95595,3e-05,6.13433,0.0,0.0
2026-08-30T19:10:44Z,2026-09-02,3,85000.0,C,0.0003,0.0005,0.0004,79015.24,78988.35,0.451,0.02717,2e-05,4.12571,4.2,4.2
2026-08-30T19:10:44Z,2026-09-02,3,85000.0,P,0.073,0.0795,0.0761,79015.24,78988.35,0.451,-0.97283,2e-05,4.12571,0.0,0.0
2026-08-30T19:10:44Z,2026-09-02,3,86000.0,C,0.0002,0.0004,0.0003,79015.24,78988.35,0.4861,0.01918,1e-05,3.07684,3.4,1.0
2026-08-30T19:10:44Z,2026-09-02,3,86000.0,P,0.0855,0.0925,0.0887,79015.24,78988.35,0.4861,-0.98082,1e-05,3.07684,0.0,0.0
2026-08-30T19:10:44Z,2026-09-02,3,87000.0,C,0.0001,0.0003,0.0002,79015.24,78988.35,0.5093,0.01231,1e-05,2.10252,1.6,1.1
2026-08-30T19:10:44Z,2026-09-02,3,87000.0,P,0.098,0.105,0.1012,79015.24,78988.35,0.5093,-0.98769,1e-05,2.10252,0.0,0.0
2026-08-30T19:10:44Z,2026-09-03,4,69000.0,C,0.124,0.13,0.127,79027.01,78988.35,0.5760000000000001,0.99229,0.0,1.65047,0.0,0.0
2026-08-30T19:10:44Z,2026-09-03,4,69000.0,P,0.0001,0.0003,0.0001,79027.01,78988.35,0.5760000000000001,-0.00771,0.0,1.65047,21.9,21.9
2026-08-30T19:10:44Z,2026-09-03,4,70000.0,C,0.1115,0.1175,0.1144,79027.01,78988.35,0.5367000000000001,0.98992,1e-05,2.08765,0.0,0.0
2026-08-30T19:10:44Z,2026-09-03,4,70000.0,P,0.0001,0.0003,0.0002,79027.12,78988.35,0.5367000000000001,-0.01008,1e-05,2.08753,2.6,2.6
2026-08-30T19:10:44Z,2026-09-03,4,71000.0,C,0.099,0.105,0.1018,79027.01,78988.35,0.4818,0.98878,1e-05,2.2908,0.0,0.0
2026-08-30T19:10:44Z,2026-09-03,4,71000.0,P,0.0001,0.0004,0.0002,79027.01,78988.35,0.4818,-0.01122,1e-05,2.2908,0.0,0.0
2026-08-30T19:10:44Z,2026-09-03,4,72000.0,C,0.0865,0.092,0.0892,79027.12,78988.35,0.45520000000000005,0.98221,1e-05,3.40827,0.0,0.0
2026-08-30T19:10:44Z,2026-09-03,4,72000.0,P,0.0001,0.0005,0.0003,79027.01,78988.35,0.45520000000000005,-0.0178,1e-05,3.40952,0.1,0.1
2026-08-30T19:10:44Z,2026-09-03,4,73000.0,C,0.0735,0.0795,0.0767,79027.12,78988.35,0.4164,0.97479,2e-05,4.57605,0.0,0.0
2026-08-30T19:10:44Z,2026-09-03,4,73000.0,P,0.0003,0.0005,0.0004,79027.12,78988.35,0.4164,-0.02521,2e-05,4.57605,8.0,8.0
2026-08-30T19:10:44Z,2026-09-03,4,74000.0,C,0.061,0.0675,0.0642,79027.01,78988.35,0.3835,0.96086,3e-05,6.58358,0.0,0.0
2026-08-30T19:10:44Z,2026-09-03,4,74000.0,P,0.0005,0.0008,0.0006,79027.01,78988.35,0.3835,-0.03914,3e-05,6.58358,8.2,8.2
2026-08-30T19:10:44Z,2026-09-03,4,75000.0,C,0.049,0.055,0.052,79027.01,78988.35,0.35810000000000003,0.93345,5e-05,10.04169,0.0,0.0
2026-08-30T19:10:44Z,2026-09-03,4,75000.0,P,0.0009,0.0012,0.001,79027.01,78988.35,0.35810000000000003,-0.06655,5e-05,10.04166,5.8,5.8
2026-08-30T19:10:44Z,2026-09-03,4,75500.0,C,0.043,0.049,0.046,79027.12,78988.35,0.3461,0.9127,6e-05,12.34427,0.0,0.0
2026-08-30T19:10:44Z,2026-09-03,4,75500.0,P,0.0012,0.0016,0.0014,79027.12,78988.35,0.3461,-0.0873,6e-05,12.34427,21.2,21.2
2026-08-30T19:10:44Z,2026-09-03,4,76000.0,C,0.037,0.043,0.0402,79027.01,78988.35,0.33840000000000003,0.88289,7e-05,15.28989,0.0,0.0
2026-08-30T19:10:44Z,2026-09-03,4,76000.0,P,0.0017,0.0022,0.0019,79027.01,78988.35,0.33840000000000003,-0.11711,7e-05,15.28989,0.2,0.2
2026-08-30T19:10:44Z,2026-09-03,4,76500.0,C,0.0315,0.0375,0.0347,79027.01,78988.35,0.3321,0.84396,9e-05,18.61171,0.0,0.0
2026-08-30T19:10:44Z,2026-09-03,4,76500.0,P,0.0024,0.003,0.0027,79027.01,78988.35,0.3321,-0.15604,9e-05,18.61159,19.0,19.0
2026-08-30T19:10:44Z,2026-09-03,4,77000.0,C,0.0285,0.031,0.0294,79027.01,78988.35,0.32770000000000005,0.79443,0.00011,22.13035,0.0,0.0
2026-08-30T19:10:44Z,2026-09-03,4,77000.0,P,0.0034,0.0041,0.0038,79027.01,78988.35,0.32770000000000005,-0.20556,0.00011,22.12996,0.2,0.2
2026-08-30T19:10:44Z,2026-09-03,4,77500.0,C,0.0235,0.026,0.0246,79027.01,78988.35,0.3271,0.7331,0.00013,25.56238,0.0,0.0
2026-08-30T19:10:44Z,2026-09-03,4,77500.0,P,0.005,0.0055,0.0053,79027.01,78988.35,0.3271,-0.2669,0.00013,25.56238,0.0,0.0
2026-08-30T19:10:44Z,2026-09-03,4,78000.0,C,0.0195,0.0215,0.0202,79027.01,78988.35,0.3243,0.66488,0.00014,28.3334,0.0,0.0
2026-08-30T19:10:44Z,2026-09-03,4,78000.0,P,0.0065,0.0075,0.0072,79027.12,78988.35,0.3243,-0.3351,0.00014,28.33291,0.2,0.3
2026-08-30T19:10:44Z,2026-09-03,4,78500.0,C,0.0155,0.017,0.0164,79026.91,78988.35,0.3271,0.5886,0.00015,30.25402,0.0,0.0
2026-08-30T19:10:44Z,2026-09-03,4,78500.0,P,0.009,0.0105,0.0097,79027.01,78988.35,0.3271,-0.41138,0.00015,30.25379,0.0,0.0
2026-08-30T19:10:44Z,2026-09-03,4,79000.0,C,0.0125,0.0135,0.0132,79026.91,78988.35,0.33240000000000003,0.51068,0.00015,31.01116,0.0,0.0
2026-08-30T19:10:44Z,2026-09-03,4,79000.0,P,0.012,0.0135,0.0129,79026.91,78988.35,0.33240000000000003,-0.48932,0.00015,31.01116,0.2,0.2
2026-08-30T19:10:44Z,2026-09-03,4,79500.0,C,0.01,0.011,0.0104,79026.91,78988.35,0.3348,0.4346,0.00015,30.60448,0.0,0.0
2026-08-30T19:10:44Z,2026-09-03,4,79500.0,P,0.0155,0.017,0.0164,79026.91,78988.35,0.3348,-0.5654,0.00015,30.60448,0.0,0.0
2026-08-30T19:10:44Z,2026-09-03,4,80000.0,C,0.008,0.0085,0.0082,79026.91,78988.35,0.34159999999999996,0.36418,0.00014,29.2065,0.2,0.3
2026-08-30T19:10:44Z,2026-09-03,4,80000.0,P,0.0195,0.0215,0.0205,79026.91,78988.35,0.34159999999999996,-0.63582,0.00014,29.2065,0.0,0.0
2026-08-30T19:10:44Z,2026-09-03,4,80500.0,C,0.006,0.007,0.0065,79026.91,78988.35,0.349,0.30131,0.00013,27.09019,0.0,0.0
2026-08-30T19:10:44Z,2026-09-03,4,80500.0,P,0.024,0.0265,0.0251,79026.91,78988.35,0.349,-0.69869,0.00013,27.09019,0.0,0.0
2026-08-30T19:10:44Z,2026-09-03,4,81000.0,C,0.0047,0.0055,0.0051,79026.91,78988.35,0.358,0.24751,0.00011,24.57934,10.0,10.0
2026-08-30T19:10:44Z,2026-09-03,4,81000.0,P,0.029,0.0315,0.0301,79026.91,78988.35,0.358,-0.75249,0.00011,24.57934,0.0,0.0
2026-08-30T19:10:44Z,2026-09-03,4,81500.0,C,0.0037,0.0042,0.004,79026.91,78988.35,0.36579999999999996,0.20101,0.0001,21.83613,0.0,0.0
2026-08-30T19:10:44Z,2026-09-03,4,81500.0,P,0.032,0.038,0.0353,79026.91,78988.35,0.36579999999999996,-0.79899,0.0001,21.83613,0.0,0.0
2026-08-30T19:10:44Z,2026-09-03,4,82000.0,C,0.0029,0.0034,0.0031,79026.91,78988.35,0.37549999999999994,0.16326,8e-05,19.17062,0.5,0.5
2026-08-30T19:10:44Z,2026-09-03,4,82000.0,P,0.038,0.044,0.0408,79026.91,78988.35,0.37549999999999994,-0.83674,8e-05,19.17062,0.0,0.0
2026-08-30T19:10:44Z,2026-09-03,4,83000.0,C,0.0018,0.0022,0.002,79026.91,78988.35,0.3962,0.10771,6e-05,14.402,0.0,0.0
2026-08-30T19:10:44Z,2026-09-03,4,83000.0,P,0.049,0.0555,0.0523,79027.01,78988.35,0.3962,-0.89229,6e-05,14.4026,0.0,0.0
2026-08-30T19:10:44Z,2026-09-03,4,84000.0,C,0.0012,0.0014,0.0013,79027.18,78988.35,0.4168,0.07114,4e-05,10.57174,0.0,0.0
2026-08-30T19:10:44Z,2026-09-03,4,84000.0,P,0.061,0.0675,0.0642,79026.91,78988.35,0.4168,-0.92887,4e-05,10.57041,0.0,0.0
2026-08-30T19:10:44Z,2026-09-03,4,85000.0,C,0.0007,0.001,0.0008,79026.91,78988.35,0.43670000000000003,0.04704,3e-05,7.63794,0.0,0.0
2026-08-30T19:10:44Z,2026-09-03,4,85000.0,P,0.073,0.08,0.0764,79026.91,78988.35,0.43670000000000003,-0.95296,3e-05,7.63794,0.0,0.0
2026-08-30T19:10:44Z,2026-09-03,4,86000.0,C,0.0004,0.0007,0.0006,79027.18,78988.35,0.4581,0.03192,2e-05,5.57042,1.0,1.0
2026-08-30T19:10:44Z,2026-09-03,4,86000.0,P,0.0855,0.0925,0.0888,79027.18,78988.35,0.4581,-0.96808,2e-05,5.57042,0.0,0.0
2026-08-30T19:10:44Z,2026-09-03,4,87000.0,C,0.0003,0.0005,0.0004,79027.18,78988.35,0.4804,0.02224,1e-05,4.11824,1.5,1.5
2026-08-30T19:10:44Z,2026-09-03,4,87000.0,P,0.098,0.1045,0.1013,79027.18,78988.35,0.4804,-0.97776,1e-05,4.11824,0.0,0.0
2026-08-30T19:10:44Z,2026-09-03,4,88000.0,C,0.0002,0.0004,0.0003,79027.18,78988.35,0.5049,0.01618,1e-05,3.1432,0.0,0.0
2026-08-30T19:10:44Z,2026-09-03,4,88000.0,P,0.1105,0.1175,0.1138,79027.18,78988.35,0.5049,-0.98382,1e-05,3.1432,0.0,0.0
2026-08-30T19:10:44Z,2026-09-04,5,53000.0,C,0.3275,0.3315,0.3294,79033.65,78988.35,1.0178,0.99983,0.0,0.05806,0.0,0.0
2026-08-30T19:10:44Z,2026-09-04,5,53000.0,P,0.0,0.0001,0.0,79033.4,78988.35,1.0178,-0.00017,0.0,0.05807,131.3,0.0
2026-08-30T19:10:44Z,2026-09-04,5,55000.0,C,0.302,0.3065,0.3041,79033.4,78988.35,0.9632999999999999,0.9997,0.0,0.09786,0.0,0.0
2026-08-30T19:10:44Z,2026-09-04,5,55000.0,P,0.0,0.0001,0.0,79033.65,78988.35,0.9632999999999999,-0.0003,0.0,0.09785,110.2,0.1
2026-08-30T19:10:44Z,2026-09-04,5,58000.0,C,0.264,0.2685,0.2661,79033.65,78988.35,0.8452,0.99957,0.0,0.13645,0.0,0.0
2026-08-30T19:10:44Z,2026-09-04,5,58000.0,P,0.0,0.0001,0.0,79033.4,78988.35,0.8452,-0.00043,0.0,0.13646,380.1,0.0
2026-08-30T19:10:44Z,2026-09-04,5,60000.0,C,0.2385,0.2435,0.2409,79033.4,78988.35,0.8129000000000001,0.99899,0.0,0.30022,0.4,0.0
2026-08-30T19:10:44Z,2026-09-04,5,60000.0,P,0.0,0.0002,0.0,79033.4,78988.35,0.8129000000000001,-0.00101,0.0,0.30022,1083.9,0.0
2026-08-30T19:10:44Z,2026-09-04,5,61000.0,C,0.227,0.2295,0.2282,79033.65,78988.35,0.8129000000000001,0.99816,0.0,0.51844,5.5,0.0
2026-08-30T19:10:44Z,2026-09-04,5,61000.0,P,0.0,0.0002,0.0,79033.65,78988.35,0.8129000000000001,-0.00184,0.0,0.51844,155.6,0.5
2026-08-30T19:10:44Z,2026-09-04,5,62000.0,C,0.213,0.218,0.2156,79033.65,78988.35,0.8128,0.99678,0.0,0.85834,2.4,0.0
2026-08-30T19:10:44Z,2026-09-04,5,62000.0,P,0.0,0.0002,0.0001,79033.65,78988.35,0.8128,-0.00322,0.0,0.85834,554.1,1.0
2026-08-30T19:10:44Z,2026-09-04,5,63000.0,C,0.202,0.2045,0.203,79033.65,78988.35,0.8022,0.99507,0.0,1.25828,85.8,0.0
2026-08-30T19:10:44Z,2026-09-04,5,63000.0,P,0.0001,0.0002,0.0001,79033.57,78988.35,0.8022,-0.00493,0.0,1.25832,711.9,49.3
2026-08-30T19:10:44Z,2026-09-04,5,64000.0,C,0.1895,0.192,0.1904,79033.57,78988.35,0.7528,0.99472,0.0,1.33767,265.0,0.0
2026-08-30T19:10:44Z,2026-09-04,5,64000.0,P,0.0001,0.0002,0.0001,79033.65,78988.35,0.7528,-0.00528,0.0,1.33763,280.7,0.7
2026-08-30T19:10:44Z,2026-09-04,5,65000.0,C,0.1765,0.1795,0.1777,79033.57,78988.35,0.7219,0.99324,0.0,1.66467,294.0,2.1
2026-08-30T19:10:44Z,2026-09-04,5,65000.0,P,0.0001,0.0003,0.0002,79033.57,78988.35,0.7219,-0.00676,0.0,1.66467,402.6,0.5
2026-08-30T19:10:44Z,2026-09-04,5,66000.0,C,0.164,0.1665,0.1651,79033.57,78988.35,0.6718000000000001,0.99274,0.0,1.77194,452.1,2.4
2026-08-30T19:10:44Z,2026-09-04,5,66000.0,P,0.0001,0.0003,0.0002,79033.57,78988.35,0.6718000000000001,-0.00726,0.0,1.77194,338.7,0.0
2026-08-30T19:10:44Z,2026-09-04,5,67000.0,C,0.1515,0.154,0.1525,79033.57,78988.35,0.6456000000000001,0.99014,0.0,2.31976,979.3,1.2
2026-08-30T19:10:44Z,2026-09-04,5,67000.0,P,0.0002,0.0003,0.0002,79033.57,78988.35,0.6456000000000001,-0.00986,0.0,2.31976,99.9,1.5
2026-08-30T19:10:44Z,2026-09-04,5,68000.0,C,0.1385,0.1415,0.1399,79033.57,78988.35,0.6076,0.98791,1e-05,2.76895,911.8,1.0
2026-08-30T19:10:44Z,2026-09-04,5,68000.0,P,0.0002,0.0004,0.0003,79033.65,78988.35,0.6076,-0.01209,1e-05,2.76887,218.1,0.1
2026-08-30T19:10:44Z,2026-09-04,5,69000.0,C,0.126,0.129,0.1272,79033.57,78988.35,0.5562,0.98682,1e-05,2.98344,401.7,0.0
2026-08-30T19:10:44Z,2026-09-04,5,69000.0,P,0.0002,0.0004,0.0003,79033.57,78988.35,0.5562,-0.01318,1e-05,2.98344,138.6,1.8
2026-08-30T19:10:44Z,2026-09-04,5,70000.0,C,0.1135,0.1165,0.1147,79033.57,78988.35,0.5271,0.98193,1e-05,3.91271,757.3,1.0
2026-08-30T19:10:44Z,2026-09-04,5,70000.0,P,0.0003,0.0005,0.0004,79033.57,78988.35,0.5271,-0.01807,1e-05,3.91271,936.1,8.8
2026-08-30T19:10:44Z,2026-09-04,5,71000.0,C,0.101,0.1035,0.1021,79033.57,78988.35,0.48100000000000004,0.97864,1e-05,4.50866,931.1,0.0
2026-08-30T19:10:44Z,2026-09-04,5,71000.0,P,0.0004,0.0006,0.0004,79033.57,78988.35,0.48100000000000004,-0.02136,1e-05,4.50866,125.8,4.6
2026-08-30T19:10:44Z,2026-09-04,5,72000.0,C,0.088,0.091,0.0896,79033.65,78988.35,0.4459,0.97132,2e-05,5.77421,588.3,0.0
2026-08-30T19:10:44Z,2026-09-04,5,72000.0,P,0.0005,0.0007,0.0006,79033.57,78988.35,0.4459,-0.02868,2e-05,5.77443,527.8,100.6
2026-08-30T19:10:44Z,2026-09-04,5,73000.0,C,0.0755,0.079,0.0771,79033.57,78988.35,0.4094,0.96108,2e-05,7.42421,549.1,25.0
2026-08-30T19:10:44Z,2026-09-04,5,73000.0,P,0.0007,0.0009,0.0007,79033.57,78988.35,0.4094,-0.03892,2e-05,7.42421,816.9,25.2
2026-08-30T19:10:44Z,2026-09-04,5,74000.0,C,0.0635,0.0665,0.0647,79033.65,78988.35,0.3796,0.94255,3e-05,10.14172,803.4,0.0
2026-08-30T19:10:44Z,2026-09-04,5,74000.0,P,0.001,0.0012,0.0011,79033.57,78988.35,0.3796,-0.05745,3e-05,10.14209,650.7,668.9
2026-08-30T19:10:44Z,2026-09-04,5,75000.0,C,0.051,0.0545,0.0527,79033.65,78988.35,0.35719999999999996,0.90919,5e-05,14.39939,537.6,2.4
2026-08-30T19:10:44Z,2026-09-04,5,75000.0,P,0.0017,0.0019,0.0017,79033.57,78988.35,0.35719999999999996,-0.09081,5e-05,14.39986,1005.0,90.2
2026-08-30T19:10:44Z,2026-09-04,5,76000.0,C,0.0395,0.0435,0.0413,79033.65,78988.35,0.3418,0.85231,8e-05,20.32581,187.1,0.0
2026-08-30T19:10:44Z,2026-09-04,5,76000.0,P,0.0027,0.0032,0.003,79033.57,78988.35,0.3418,-0.14769,8e-05,20.32635,346.5,9.5
2026-08-30T19:10:44Z,2026-09-04,5,77000.0,C,0.03,0.0325,0.031,79033.57,78988.35,0.33549999999999996,0.76295,0.0001,27.19871,96.9,0.0
2026-08-30T19:10:44Z,2026-09-04,5,77000.0,P,0.005,0.0055,0.0053,79033.65,78988.35,0.33549999999999996,-0.23704,0.0001,27.19821,306.3,16.9
2026-08-30T19:10:44Z,2026-09-04,5,78000.0,C,0.0215,0.023,0.0222,79033.57,78988.35,0.3332,0.64544,0.00013,32.77941,230.4,3.7
2026-08-30T19:10:44Z,2026-09-04,5,78000.0,P,0.0085,0.0095,0.0091,79033.57,78988.35,0.3332,-0.35456,0.00013,32.77941,357.4,16.9
2026-08-30T19:10:44Z,2026-09-04,5,79000.0,C,0.0145,0.016,0.0152,79033.57,78988.35,0.3367,0.512,0.00013,35.12536,200.7,11.2
2026-08-30T19:10:44Z,2026-09-04,5,79000.0,P,0.014,0.015,0.0148,79033.57,78988.35,0.3367,-0.488,0.00013,35.12536,183.0,76.8
2026-08-30T19:10:44Z,2026-09-04,5,80000.0,C,0.0095,0.0105,0.0102,79033.65,78988.35,0.34700000000000003,0.38405,0.00012,33.64634,1099.4,51.1
2026-08-30T19:10:44Z,2026-09-04,5,80000.0,P,0.0215,0.023,0.0224,79033.57,78988.35,0.34700000000000003,-0.61596,0.00012,33.64605,289.0,0.5
2026-08-30T19:10:44Z,2026-09-04,5,81000.0,C,0.006,0.007,0.0066,79033.57,78988.35,0.3567,0.27484,0.00011,29.38357,437.8,36.6
2026-08-30T19:10:44Z,2026-09-04,5,81000.0,P,0.0305,0.0325,0.0315,79033.57,78988.35,0.3567,-0.72516,0.00011,29.38357,81.1,0.0
2026-08-30T19:10:44Z,2026-09-04,5,82000.0,C,0.0041,0.0046,0.0043,79033.57,78988.35,0.37079999999999996,0.19191,8e-05,24.0509,6166.9,269.0
2026-08-30T19:10:44Z,2026-09-04,5,82000.0,P,0.039,0.044,0.0418,79033.57,78988.35,0.37079999999999996,-0.80809,8e-05,24.0509,3.2,0.0
2026-08-30T19:10:44Z,2026-09-04,5,83000.0,C,0.0026,0.003,0.0028,79033.57,78988.35,0.3848,0.13131,6e-05,18.76429,84.0,17.9
2026-08-30T19:10:44Z,2026-09-04,5,83000.0,P,0.05,0.0555,0.053,79033.57,78988.35,0.3848,-0.86869,6e-05,18.76418,2.4,0.0
2026-08-30T19:10:44Z,2026-09-04,5,84000.0,C,0.0017,0.002,0.0018,79033.57,78988.35,0.4014,0.09014,5e-05,14.32105,480.8,45.9
2026-08-30T19:10:44Z,2026-09-04,5,84000.0,P,0.062,0.067,0.0647,79033.57,78988.35,0.4014,-0.90986,5e-05,14.32105,0.0,0.0
2026-08-30T19:10:44Z,2026-09-04,5,85000.0,C,0.0011,0.0014,0.0012,79033.57,78988.35,0.4177,0.0618,3e-05,10.73817,523.1,42.1
2026-08-30T19:10:44Z,2026-09-04,5,85000.0,P,0.0745,0.078,0.0767,79033.57,78988.35,0.4177,-0.9382,3e-05,10.73817,60.1,0.0
2026-08-30T19:10:44Z,2026-09-04,5,86000.0,C,0.0007,0.001,0.0008,79033.53,78988.35,0.4337,0.0424,2e-05,7.95765,334.7,287.1
2026-08-30T19:10:44Z,2026-09-04,5,86000.0,P,0.086,0.0925,0.089,79033.57,78988.35,0.4337,-0.9576,2e-05,7.95755,0.1,0.0
2026-08-30T19:10:44Z,2026-09-04,5,88000.0,C,0.0003,0.0005,0.0004,79033.57,78988.35,0.46619999999999995,0.02056,1e-05,4.36681,129.8,7.2
2026-08-30T19:10:44Z,2026-09-04,5,88000.0,P,0.1105,0.1175,0.1138,79033.65,78988.35,0.46619999999999995,-0.97943,1e-05,4.36699,0.0,0.0
2026-08-30T19:10:44Z,2026-09-04,5,90000.0,C,0.0001,0.0003,0.0002,79033.57,78988.35,0.5008,0.01072,1e-05,2.49505,296.2,2.7
2026-08-30T19:10:44Z,2026-09-04,5,90000.0,P,0.137,0.1405,0.139,79033.57,78988.35,0.5008,-0.98928,1e-05,2.49505,7.7,0.0
2026-08-30T19:10:44Z,2026-09-11,12,60000.0,C,0.2395,0.244,0.2415,79077.63,78988.35,0.6358,0.99378,0.0,2.46771,0.0,0.0
2026-08-30T19:10:44Z,2026-09-11,12,60000.0,P,0.0001,0.0004,0.0002,79077.66,78988.35,0.6358,-0.00622,0.0,2.46769,77.2,0.8
2026-08-30T19:10:44Z,2026-09-11,12,64000.0,C,0.189,0.1935,0.1911,79077.66,78988.35,0.5385,0.98803,0.0,4.38262,0.0,0.0
2026-08-30T19:10:44Z,2026-09-11,12,64000.0,P,0.0003,0.0006,0.0004,79077.63,78988.35,0.5385,-0.01198,0.0,4.38266,78.2,1.0
2026-08-30T19:10:44Z,2026-09-11,12,65000.0,C,0.176,0.181,0.1785,79077.66,78988.35,0.5173,0.98529,1e-05,5.23628,0.0,0.0
2026-08-30T19:10:44Z,2026-09-11,12,65000.0,P,0.0004,0.0006,0.0005,79077.66,78988.35,0.5173,-0.01471,1e-05,5.23628,38.6,0.9
2026-08-30T19:10:44Z,2026-09-11,12,66000.0,C,0.164,0.1685,0.166,79077.66,78988.35,0.49570000000000003,0.98194,1e-05,6.23987,0.1,0.0
2026-08-30T19:10:44Z,2026-09-11,12,66000.0,P,0.0005,0.0007,0.0006,79077.66,78988.35,0.49570000000000003,-0.01806,1e-05,6.23987,249.5,5.1
2026-08-30T19:10:44Z,2026-09-11,12,67000.0,C,0.151,0.156,0.1534,79077.63,78988.35,0.4683,0.97896,1e-05,7.10632,0.0,0.0
2026-08-30T19:10:44Z,2026-09-11,12,67000.0,P,0.0006,0.0007,0.0007,79077.46,78988.35,0.4683,-0.02105,1e-05,7.10639,387.8,0.3
2026-08-30T19:10:44Z,2026-09-11,12,68000.0,C,0.1385,0.1435,0.141,79077.63,78988.35,0.4536,0.97206,1e-05,9.01537,1.1,0.0
2026-08-30T19:10:44Z,2026-09-11,12,68000.0,P,0.0008,0.001,0.0009,79077.63,78988.35,0.4536,-0.02794,1e-05,9.01537,854.5,1.8
2026-08-30T19:10:44Z,2026-09-11,12,69000.0,C,0.1265,0.1315,0.1286,79077.46,78988.35,0.4353,0.9641,1e-05,11.08956,3.6,0.0
2026-08-30T19:10:44Z,2026-09-11,12,69000.0,P,0.001,0.0012,0.0011,79077.46,78988.35,0.4353,-0.0359,1e-05,11.08956,591.5,2.5
2026-08-30T19:10:44Z,2026-09-11,12,70000.0,C,0.1135,0.119,0.1162,79077.63,78988.35,0.41590000000000005,0.95411,2e-05,13.53545,286.8,0.0
2026-08-30T19:10:44Z,2026-09-11,12,70000.0,P,0.0013,0.0015,0.0014,79077.63,78988.35,0.41590000000000005,-0.04589,2e-05,13.53545,428.3,0.3
2026-08-30T19:10:44Z,2026-09-11,12,71000.0,C,0.102,0.1065,0.104,79077.46,78988.35,0.39799999999999996,0.94041,2e-05,16.65662,33.2,0.0
2026-08-30T19:10:44Z,2026-09-11,12,71000.0,P,0.0017,0.002,0.0019,79077.63,78988.35,0.39799999999999996,-0.05959,2e-05,16.65587,353.6,0.5
2026-08-30T19:10:44Z,2026-09-11,12,72000.0,C,0.09,0.0945,0.092,79077.63,78988.35,0.3829,0.92096,3e-05,20.70824,148.6,0.1
2026-08-30T19:10:44Z,2026-09-11,12,72000.0,P,0.0023,0.0027,0.0025,79077.63,78988.35,0.3829,-0.07904,3e-05,20.70824,136.0,0.6
2026-08-30T19:10:44Z,2026-09-11,12,73000.0,C,0.078,0.0825,0.0803,79077.63,78988.35,0.3696,0.89433,4e-05,25.67875,14.0,0.0
2026-08-30T19:10:44Z,2026-09-11,12,73000.0,P,0.0032,0.0035,0.0034,79077.46,78988.35,0.3696,-0.10568,4e-05,25.67975,1269.6,625.7
2026-08-30T19:10:44Z,2026-09-11,12,74000.0,C,0.066,0.0715,0.069,79077.63,78988.35,0.35960000000000003,0.85773,4e-05,31.63095,16.9,0.0
2026-08-30T19:10:44Z,2026-09-11,12,74000.0,P,0.0045,0.0049,0.0048,79077.46,78988.35,0.35960000000000003,-0.14228,4e-05,31.63202,468.5,0.2
2026-08-30T19:10:44Z,2026-09-11,12,75000.0,C,0.056,0.0605,0.0582,79077.46,78988.35,0.349,0.81173,5e-05,37.93234,81.9,0.0
2026-08-30T19:10:44Z,2026-09-11,12,75000.0,P,0.006,0.007,0.0066,79077.63,78988.35,0.349,-0.18826,5e-05,37.93126,529.9,15.3
2026-08-30T19:10:44Z,2026-09-11,12,76000.0,C,0.0475,0.0495,0.0483,79077.63,78988.35,0.3457,0.7507,7e-05,44.60377,105.2,1.0
2026-08-30T19:10:44Z,2026-09-11,12,76000.0,P,0.009,0.01,0.0094,79077.63,78988.35,0.3457,-0.2493,7e-05,44.60377,155.7,7.2
2026-08-30T19:10:44Z,2026-09-11,12,77000.0,C,0.0385,0.0405,0.0393,79077.46,78988.35,0.3408,0.68072,7e-05,50.2227,114.3,1.7
2026-08-30T19:10:44Z,2026-09-11,12,77000.0,P,0.0125,0.0135,0.013,79077.46,78988.35,0.3408,-0.31928,7e-05,50.2227,165.8,3.1
2026-08-30T19:10:44Z,2026-09-11,12,78000.0,C,0.0305,0.032,0.0312,79077.46,78988.35,0.3372,0.60213,8e-05,54.23205,718.9,75.0
2026-08-30T19:10:44Z,2026-09-11,12,78000.0,P,0.017,0.018,0.0176,79077.63,78988.35,0.3372,-0.39786,8e-05,54.23167,112.6,1.7
2026-08-30T19:10:44Z,2026-09-11,12,79000.0,C,0.0235,0.025,0.0243,79077.63,78988.35,0.33549999999999996,0.51846,8e-05,56.01993,124.4,1.4
2026-08-30T19:10:44Z,2026-09-11,12,79000.0,P,0.0225,0.0235,0.0233,79077.46,78988.35,0.33549999999999996,-0.48156,8e-05,56.0199,62.3,0.3
2026-08-30T19:10:44Z,2026-09-11,12,80000.0,C,0.018,0.019,0.0185,79077.63,78988.35,0.3354,0.4346,8e-05,55.32483,617.1,9.6
2026-08-30T19:10:44Z,2026-09-11,12,80000.0,P,0.0295,0.0305,0.0302,79077.46,78988.35,0.3354,-0.56541,8e-05,55.32438,106.1,0.2
2026-08-30T19:10:44Z,2026-09-11,12,81000.0,C,0.0135,0.0145,0.014,79077.63,78988.35,0.33840000000000003,0.356,8e-05,52.38587,190.3,31.2
2026-08-30T19:10:44Z,2026-09-11,12,81000.0,P,0.0375,0.039,0.0384,79077.46,78988.35,0.33840000000000003,-0.64401,8e-05,52.38504,40.0,0.0
2026-08-30T19:10:44Z,2026-09-11,12,82000.0,C,0.01,0.011,0.0105,79077.46,78988.35,0.3419,0.28546,7e-05,47.76043,518.0,11.2
2026-08-30T19:10:44Z,2026-09-11,12,82000.0,P,0.0465,0.049,0.0474,79077.46,78988.35,0.3419,-0.71454,7e-05,47.76043,6.9,0.0
2026-08-30T19:10:44Z,2026-09-11,12,83000.0,C,0.0075,0.0085,0.0079,79077.63,78988.35,0.34909999999999997,0.22694,6e-05,42.36446,202.1,19.0
2026-08-30T19:10:44Z,2026-09-11,12,83000.0,P,0.055,0.06,0.0575,79077.63,78988.35,0.34909999999999997,-0.77306,6e-05,42.36446,0.0,0.0
2026-08-30T19:10:44Z,2026-09-11,12,84000.0,C,0.0055,0.006,0.0058,79077.63,78988.35,0.3538,0.1765,5e-05,36.43181,405.2,13.1
2026-08-30T19:10:44Z,2026-09-11,12,84000.0,P,0.0655,0.071,0.0681,79077.63,78988.35,0.3538,-0.8235,5e-05,36.43181,1.6,0.0
2026-08-30T19:10:44Z,2026-09-11,12,85000.0,C,0.0041,0.0045,0.0043,79077.63,78988.35,0.361,0.13715,4e-05,30.85229,626.2,2.6
2026-08-30T19:10:44Z,2026-09-11,12,85000.0,P,0.0765,0.082,0.0792,79077.46,78988.35,0.361,-0.86286,4e-05,30.85109,30.4,0.0
2026-08-30T19:10:44Z,2026-09-11,12,86000.0,C,0.0031,0.0034,0.0032,79077.8,78988.35,0.3686,0.10603,4e-05,25.74207,261.0,0.1
2026-08-30T19:10:44Z,2026-09-11,12,86000.0,P,0.0875,0.094,0.0908,79077.46,78988.35,0.3686,-0.89398,4e-05,25.73985,0.0,0.0
2026-08-30T19:10:44Z,2026-09-11,12,88000.0,C,0.0017,0.002,0.0019,79077.46,78988.35,0.3864,0.06397,2e-05,17.60316,525.3,0.1
2026-08-30T19:10:44Z,2026-09-11,12,88000.0,P,0.112,0.118,0.1147,79077.46,78988.35,0.3864,-0.93603,2e-05,17.60316,0.0,0.0
2026-08-30T19:10:44Z,2026-09-11,12,90000.0,C,0.001,0.0012,0.0011,79077.46,78988.35,0.40409999999999996,0.03878,1e-05,11.81174,1562.1,12.1
2026-08-30T19:10:44Z,2026-09-11,12,90000.0,P,0.1355,0.1425,0.1392,79077.8,78988.35,0.40409999999999996,-0.96122,1e-05,11.81304,0.0,0.0
2026-08-30T19:10:44Z,2026-09-11,12,95000.0,C,0.0003,0.0005,0.0004,79077.8,78988.35,0.4603,0.01387,1e-05,4.97525,591.0,1.1
2026-08-30T19:10:44Z,2026-09-11,12,95000.0,P,0.198,0.2045,0.2017,79077.46,78988.35,0.4603,-0.98614,1e-05,4.97465,0.1,0.0
2026-08-30T19:10:44Z,2026-09-18,19,65000.0,C,0.178,0.1825,0.18,79132.12,78988.35,0.48729999999999996,0.96759,1e-05,12.93277,0.0,0.0
2026-08-30T19:10:44Z,2026-09-18,19,65000.0,P,0.0013,0.0016,0.0014,79132.05,78988.35,0.48729999999999996,-0.03241,1e-05,12.93295,10.5,10.0
2026-08-30T19:10:44Z,2026-09-18,19,68000.0,C,0.141,0.1455,0.1431,79132.12,78988.35,0.436,0.94432,1e-05,20.02901,0.0,0.0
2026-08-30T19:10:44Z,2026-09-18,19,68000.0,P,0.0022,0.0026,0.0024,79132.12,78988.35,0.436,-0.05568,1e-05,20.02901,17.2,1.7
2026-08-30T19:10:44Z,2026-09-18,19,69000.0,C,0.1285,0.1335,0.131,79132.12,78988.35,0.4216,0.93186,2e-05,23.44985,0.0,0.0
2026-08-30T19:10:44Z,2026-09-18,19,69000.0,P,0.0028,0.0032,0.003,79132.12,78988.35,0.4216,-0.06814,2e-05,23.44985,5.1,0.0
2026-08-30T19:10:44Z,2026-09-18,19,70000.0,C,0.117,0.1215,0.1191,79132.05,78988.35,0.4082,0.91607,2e-05,27.48412,0.0,0.0
2026-08-30T19:10:44Z,2026-09-18,19,70000.0,P,0.0035,0.0039,0.0037,79132.12,78988.35,0.4082,-0.08392,2e-05,27.48377,48.8,30.2
2026-08-30T19:10:44Z,2026-09-18,19,72000.0,C,0.0935,0.0985,0.0959,79132.12,78988.35,0.3849,0.87128,3e-05,37.464,0.0,0.0
2026-08-30T19:10:44Z,2026-09-18,19,72000.0,P,0.0055,0.006,0.0058,79132.05,78988.35,0.3849,-0.12872,3e-05,37.4644,89.5,0.1
2026-08-30T19:10:44Z,2026-09-18,19,74000.0,C,0.072,0.077,0.0744,79132.05,78988.35,0.36840000000000006,0.8021,4e-05,49.60547,20.0,0.0
2026-08-30T19:10:44Z,2026-09-18,19,74000.0,P,0.009,0.01,0.0095,79132.07,78988.35,0.36840000000000006,-0.1979,4e-05,49.6053,141.0,0.2
2026-08-30T19:10:44Z,2026-09-18,19,75000.0,C,0.0635,0.0655,0.0643,79132.37,78988.35,0.3607,0.75819,5e-05,55.6607,9.3,0.0
2026-08-30T19:10:44Z,2026-09-18,19,75000.0,P,0.0115,0.0125,0.0121,79132.07,78988.35,0.3607,-0.24182,5e-05,55.66231,240.9,4.1
2026-08-30T19:10:44Z,2026-09-18,19,76000.0,C,0.054,0.056,0.0551,79132.37,78988.35,0.35719999999999996,0.70608,5e-05,61.42132,10.4,0.0
2026-08-30T19:10:44Z,2026-09-18,19,76000.0,P,0.015,0.016,0.0156,79132.37,78988.35,0.35719999999999996,-0.29392,5e-05,61.42132,98.0,4.1
2026-08-30T19:10:44Z,2026-09-18,19,77000.0,C,0.046,0.0475,0.0466,79132.37,78988.35,0.3531,0.64917,6e-05,66.1054,11.1,0.0
2026-08-30T19:10:44Z,2026-09-18,19,77000.0,P,0.019,0.02,0.0197,79132.07,78988.35,0.3531,-0.35085,6e-05,66.10636,104.3,18.5
2026-08-30T19:10:44Z,2026-09-18,19,78000.0,C,0.0385,0.0395,0.039,79132.07,78988.35,0.35100000000000003,0.58774,6e-05,69.4106,47.3,0.0
2026-08-30T19:10:44Z,2026-09-18,19,78000.0,P,0.024,0.025,0.0247,79132.07,78988.35,0.35100000000000003,-0.41226,6e-05,69.4106,105.2,4.5
2026-08-30T19:10:44Z,2026-09-18,19,79000.0,C,0.032,0.033,0.0323,79132.37,78988.35,0.3506,0.5242,6e-05,71.00727,206.6,3.0
2026-08-30T19:10:44Z,2026-09-18,19,79000.0,P,0.03,0.031,0.0307,79132.37,78988.35,0.3506,-0.4758,6e-05,71.00727,33.3,0.0
2026-08-30T19:10:44Z,2026-09-18,19,80000.0,C,0.026,0.027,0.0265,79132.07,78988.35,0.3504,0.46069,6e-05,70.79231,181.5,5.5
2026-08-30T19:10:44Z,2026-09-18,19,80000.0,P,0.0365,0.038,0.0374,79132.07,78988.35,0.3504,-0.53931,6e-05,70.79231,18.0,12.1
2026-08-30T19:10:44Z,2026-09-18,19,81000.0,C,0.021,0.022,0.0215,79132.37,78988.35,0.3515,0.39942,6e-05,68.86493,101.8,8.7
2026-08-30T19:10:44Z,2026-09-18,19,81000.0,P,0.0445,0.046,0.0451,79132.37,78988.35,0.3515,-0.60058,6e-05,68.86493,17.1,3.0
2026-08-30T19:10:44Z,2026-09-18,19,82000.0,C,0.017,0.018,0.0174,79132.37,78988.35,0.3538,0.34213,6e-05,65.49242,391.6,0.1
2026-08-30T19:10:44Z,2026-09-18,19,82000.0,P,0.053,0.0545,0.0537,79132.07,78988.35,0.3538,-0.65789,6e-05,65.49091,0.5,0.0
2026-08-30T19:10:44Z,2026-09-18,19,83000.0,C,0.0135,0.0145,0.014,79132.37,78988.35,0.3566,0.28988,5e-05,61.0272,177.5,0.2
2026-08-30T19:10:44Z,2026-09-18,19,83000.0,P,0.062,0.0645,0.0629,79132.72,78988.35,0.3566,-0.7101,5e-05,61.02931,0.0,0.0
2026-08-30T19:10:44Z,2026-09-18,19,84000.0,C,0.011,0.0115,0.0113,79132.37,78988.35,0.3615,0.24447,5e-05,55.99132,71.4,1.8
2026-08-30T19:10:44Z,2026-09-18,19,84000.0,P,0.07,0.075,0.0729,79132.37,78988.35,0.3615,-0.75553,5e-05,55.99132,0.1,0.0
2026-08-30T19:10:44Z,2026-09-18,19,86000.0,C,0.0065,0.0075,0.0072,79132.72,78988.35,0.3693,0.16895,4e-05,44.94485,257.1,20.0
2026-08-30T19:10:44Z,2026-09-18,19,86000.0,P,0.091,0.0965,0.094,79132.37,78988.35,0.3693,-0.83106,4e-05,44.94236,0.0,0.0
2026-08-30T19:10:44Z,2026-09-18,19,88000.0,C,0.0045,0.0049,0.0047,79132.72,78988.35,0.3811,0.11627,3e-05,34.8837,120.8,1.1
2026-08-30T19:10:44Z,2026-09-18,19,88000.0,P,0.1135,0.119,0.1168,79132.37,78988.35,0.3811,-0.88374,3e-05,34.8814,0.0,0.0
2026-08-30T19:10:44Z,2026-09-18,19,90000.0,C,0.003,0.0033,0.0031,79132.72,78988.35,0.3951,0.08062,2e-05,26.66425,122.0,2.0
2026-08-30T19:10:44Z,2026-09-18,19,90000.0,P,0.137,0.143,0.1405,79132.72,78988.35,0.3951,-0.91938,2e-05,26.66425,0.0,0.0
2026-08-30T19:10:44Z,2026-09-18,19,95000.0,C,0.0012,0.0014,0.0012,79132.37,78988.35,0.4315,0.03356,1e-05,13.3097,90.4,10.1
2026-08-30T19:10:44Z,2026-09-18,19,95000.0,P,0.198,0.2045,0.2018,79132.72,78988.35,0.4315,-0.96644,1e-05,13.31086,0.0,0.0
2026-08-30T19:10:44Z,2026-09-25,26,30000.0,C,0.62,0.6225,0.6212,79175.25,78988.35,1.2490999999999999,0.99904,0.0,0.67832,134.0,0.0
2026-08-30T19:10:44Z,2026-09-25,26,30000.0,P,0.0,0.0002,0.0001,79175.0,78988.35,1.2490999999999999,-0.00096,0.0,0.67834,2959.5,400.0
2026-08-30T19:10:44Z,2026-09-25,26,35000.0,C,0.557,0.5595,0.5581,79175.25,78988.35,1.0972,0.99845,0.0,1.05161,29.3,0.0
2026-08-30T19:10:44Z,2026-09-25,26,35000.0,P,0.0001,0.0002,0.0001,79175.0,78988.35,1.0972,-0.00155,0.0,1.05164,1049.3,81.9
2026-08-30T19:10:44Z,2026-09-25,26,40000.0,C,0.4935,0.4965,0.495,79175.25,78988.35,0.9745999999999999,0.99726,0.0,1.7644,34.4,0.0
2026-08-30T19:10:44Z,2026-09-25,26,40000.0,P,0.0002,0.0003,0.0002,79175.25,78988.35,0.9745999999999999,-0.00274,0.0,1.7644,2694.3,90.3
2026-08-30T19:10:44Z,2026-09-25,26,45000.0,C,0.4305,0.4335,0.432,79175.25,78988.35,0.8554999999999999,0.99548,0.0,2.76981,224.9,0.0
2026-08-30T19:10:44Z,2026-09-25,26,45000.0,P,0.0003,0.0004,0.0003,79175.25,78988.35,0.8554999999999999,-0.00452,0.0,2.76981,2185.1,0.0
2026-08-30T19:10:44Z,2026-09-25,26,50000.0,C,0.367,0.371,0.3691,79175.25,78988.35,0.757,0.9917,0.0,4.73886,30.4,0.0
2026-08-30T19:10:44Z,2026-09-25,26,50000.0,P,0.0004,0.0006,0.0006,79175.25,78988.35,0.757,-0.0083,0.0,4.73886,3632.5,0.8
2026-08-30T19:10:44Z,2026-09-25,26,52000.0,C,0.342,0.3455,0.3439,79175.29,78988.35,0.7132,0.98991,0.0,5.625,150.2,0.0
2026-08-30T19:10:44Z,2026-09-25,26,52000.0,P,0.0006,0.0007,0.0007,79175.29,78988.35,0.7132,-0.01009,0.0,5.625,1215.0,1.6
2026-08-30T19:10:44Z,2026-09-25,26,54000.0,C,0.3165,0.321,0.3188,79175.29,78988.35,0.6693000000000001,0.98779,0.0,6.64205,7.4,0.0
2026-08-30T19:10:44Z,2026-09-25,26,54000.0,P,0.0006,0.0009,0.0008,79175.62,78988.35,0.6693000000000001,-0.01221,0.0,6.64172,738.1,9.0
2026-08-30T19:10:44Z,2026-09-25,26,55000.0,C,0.304,0.3085,0.3062,79175.29,78988.35,0.649,0.98638,0.0,7.29654,143.7,0.0
2026-08-30T19:10:44Z,2026-09-25,26,55000.0,P,0.0008,0.001,0.0009,79175.62,78988.35,0.649,-0.01362,0.0,7.29618,3125.6,0.0
2026-08-30T19:10:44Z,2026-09-25,26,56000.0,C,0.2915,0.296,0.2936,79175.62,78988.35,0.6284000000000001,0.98487,0.0,7.98852,13.4,0.0
2026-08-30T19:10:44Z,2026-09-25,26,56000.0,P,0.0008,0.0011,0.0009,79175.62,78988.35,0.6284000000000001,-0.01513,0.0,7.98852,1521.8,0.0
2026-08-30T19:10:44Z,2026-09-25,26,58000.0,C,0.2665,0.271,0.2686,79175.62,78988.35,0.5882000000000001,0.98116,0.0,9.63605,460.7,0.0
2026-08-30T19:10:44Z,2026-09-25,26,58000.0,P,0.001,0.0012,0.0011,79175.62,78988.35,0.5882000000000001,-0.01884,0.0,9.63605,1350.1,0.0
2026-08-30T19:10:44Z,2026-09-25,26,60000.0,C,0.2415,0.246,0.2436,79175.62,78988.35,0.5498,0.97613,0.0,11.77271,838.8,0.2
2026-08-30T19:10:44Z,2026-09-25,26,60000.0,P,0.0013,0.0015,0.0014,79175.29,78988.35,0.5498,-0.02387,0.0,11.77333,4819.3,2.0
2026-08-30T19:10:44Z,2026-09-25,26,62000.0,C,0.2165,0.221,0.2186,79175.29,78988.35,0.5135000000000001,0.96913,1e-05,14.58883,597.4,0.0
2026-08-30T19:10:44Z,2026-09-25,26,62000.0,P,0.0016,0.0019,0.0017,79175.62,78988.35,0.5135000000000001,-0.03086,1e-05,14.58806,1284.9,8.0
2026-08-30T19:10:44Z,2026-09-25,26,64000.0,C,0.1915,0.1965,0.1939,79175.62,78988.35,0.4793,0.95922,1e-05,18.33012,677.9,0.0
2026-08-30T19:10:44Z,2026-09-25,26,64000.0,P,0.0021,0.0022,0.0022,79175.62,78988.35,0.4793,-0.04078,1e-05,18.33012,940.9,2.8
2026-08-30T19:10:44Z,2026-09-25,26,65000.0,C,0.1795,0.184,0.1816,79175.62,78988.35,0.4643,0.95232,1e-05,20.79485,1286.4,0.6
2026-08-30T19:10:44Z,2026-09-25,26,65000.0,P,0.0024,0.0027,0.0025,79175.62,78988.35,0.4643,-0.04768,1e-05,20.79485,1594.1,0.2
2026-08-30T19:10:44Z,2026-09-25,26,66000.0,C,0.1675,0.172,0.1694,79175.62,78988.35,0.44920000000000004,0.94425,1e-05,23.54505,971.2,0.1
2026-08-30T19:10:44Z,2026-09-25,26,66000.0,P,0.0028,0.0031,0.0029,79175.35,78988.35,0.44920000000000004,-0.05575,1e-05,23.54586,1636.1,0.1
2026-08-30T19:10:44Z,2026-09-25,26,68000.0,C,0.143,0.1475,0.1453,79175.58,78988.35,0.4227,0.92176,2e-05,30.61297,898.6,1.2
2026-08-30T19:10:44Z,2026-09-25,26,68000.0,P,0.004,0.0043,0.0041,79175.35,78988.35,0.4227,-0.07824,2e-05,30.61401,1973.9,0.3
2026-08-30T19:10:44Z,2026-09-25,26,70000.0,C,0.1195,0.1245,0.1219,79175.35,78988.35,0.40009999999999996,0.88816,2e-05,39.84861,11018.2,1.3
2026-08-30T19:10:44Z,2026-09-25,26,70000.0,P,0.0055,0.0065,0.006,79175.58,78988.35,0.40009999999999996,-0.11184,2e-05,39.84739,7227.3,5.5
2026-08-30T19:10:44Z,2026-09-25,26,72000.0,C,0.097,0.102,0.0996,79175.35,78988.35,0.3825,0.83883,3e-05,51.19532,3330.1,0.3
2026-08-30T19:10:44Z,2026-09-25,26,72000.0,P,0.0085,0.0095,0.009,79175.58,78988.35,0.3825,-0.16116,3e-05,51.19401,1690.0,1.6
2026-08-30T19:10:44Z,2026-09-25,26,73000.0,C,0.087,0.0915,0.089,79175.58,78988.35,0.3743,0.80782,3e-05,57.22668,41.0,0.0
2026-08-30T19:10:44Z,2026-09-25,26,73000.0,P,0.0105,0.0115,0.011,79175.35,78988.35,0.3743,-0.19219,3e-05,57.22797,395.2,2.2
2026-08-30T19:10:44Z,2026-09-25,26,74000.0,C,0.078,0.08,0.0789,79175.35,78988.35,0.36729999999999996,0.77168,4e-05,63.32685,1544.6,1.1
2026-08-30T19:10:44Z,2026-09-25,26,74000.0,P,0.013,0.014,0.0135,79175.58,78988.35,0.36729999999999996,-0.22831,4e-05,63.32563,362.1,4.5
2026-08-30T19:10:44Z,2026-09-25,26,75000.0,C,0.0685,0.0705,0.0692,79175.35,78988.35,0.3608,0.73088,4e-05,69.12809,3444.7,17.6
2026-08-30T19:10:44Z,2026-09-25,26,75000.0,P,0.016,0.017,0.0165,79175.35,78988.35,0.3608,-0.26912,4e-05,69.12809,4588.2,110.6
2026-08-30T19:10:44Z,2026-09-25,26,76000.0,C,0.0595,0.061,0.0601,79175.58,78988.35,0.3547,0.68554,5e-05,74.3371,2905.1,0.6
2026-08-30T19:10:44Z,2026-09-25,26,76000.0,P,0.0195,0.0205,0.02,79175.58,78988.35,0.3547,-0.31446,5e-05,74.3371,1041.4,10.9
2026-08-30T19:10:44Z,2026-09-25,26,77000.0,C,0.051,0.053,0.0519,79175.35,78988.35,0.35090000000000005,0.63555,5e-05,78.67371,181.2,0.0
2026-08-30T19:10:44Z,2026-09-25,26,77000.0,P,0.024,0.025,0.0244,79175.58,78988.35,0.35090000000000005,-0.36444,5e-05,78.67308,645.5,2.0
2026-08-30T19:10:44Z,2026-09-25,26,78000.0,C,0.0435,0.045,0.0443,79175.35,78988.35,0.3478,0.58262,5e-05,81.74579,5706.8,1.5
2026-08-30T19:10:44Z,2026-09-25,26,78000.0,P,0.029,0.03,0.0295,79175.35,78988.35,0.3478,-0.41738,5e-05,81.74579,2172.9,7.2
2026-08-30T19:10:44Z,2026-09-25,26,79000.0,C,0.037,0.038,0.0375,79175.52,78988.35,0.3454,0.52789,6e-05,83.33954,667.1,184.8
2026-08-30T19:10:44Z,2026-09-25,26,79000.0,P,0.0345,0.036,0.0353,79175.52,78988.35,0.3454,-0.47211,6e-05,83.33954,325.2,10.8
2026-08-30T19:10:44Z,2026-09-25,26,80000.0,C,0.031,0.032,0.0314,79175.52,78988.35,0.34340000000000004,0.47264,6e-05,83.34719,3605.4,23.8
2026-08-30T19:10:44Z,2026-09-25,26,80000.0,P,0.0415,0.0425,0.0419,79175.52,78988.35,0.34340000000000004,-0.52736,6e-05,83.34719,1035.3,0.5
2026-08-30T19:10:44Z,2026-09-25,26,81000.0,C,0.026,0.0265,0.0264,79175.52,78988.35,0.3447,0.41904,5e-05,81.8177,1589.4,352.0
2026-08-30T19:10:44Z,2026-09-25,26,81000.0,P,0.049,0.05,0.0494,79175.52,78988.35,0.3447,-0.58096,5e-05,81.8177,444.2,0.0
2026-08-30T19:10:44Z,2026-09-25,26,82000.0,C,0.0215,0.0225,0.0221,79175.52,78988.35,0.3471,0.36845,5e-05,78.9595,4500.0,24.4
2026-08-30T19:10:44Z,2026-09-25,26,82000.0,P,0.057,0.059,0.0578,79175.52,78988.35,0.3471,-0.63155,5e-05,78.9595,228.4,0.0
2026-08-30T19:10:44Z,2026-09-25,26,83000.0,C,0.018,0.019,0.0184,79175.52,78988.35,0.3497,0.32142,5e-05,75.02705,533.0,25.4
2026-08-30T19:10:44Z,2026-09-25,26,83000.0,P,0.0655,0.068,0.0667,79175.32,78988.35,0.3497,-0.67859,5e-05,75.02591,0.6,0.0
2026-08-30T19:10:44Z,2026-09-25,26,84000.0,C,0.0145,0.0155,0.0153,79175.32,78988.35,0.35240000000000005,0.27827,5e-05,70.28106,4266.3,5.4
2026-08-30T19:10:44Z,2026-09-25,26,84000.0,P,0.0735,0.0785,0.0762,79175.52,78988.35,0.35240000000000005,-0.72172,5e-05,70.28235,47.3,0.0
2026-08-30T19:10:44Z,2026-09-25,26,85000.0,C,0.012,0.013,0.0126,79175.32,78988.35,0.3549,0.23909,4e-05,64.96552,8373.8,28.3
2026-08-30T19:10:44Z,2026-09-25,26,85000.0,P,0.0835,0.0885,0.0862,79175.52,78988.35,0.3549,-0.7609,4e-05,64.96693,454.4,0.1
2026-08-30T19:10:44Z,2026-09-25,26,86000.0,C,0.01,0.011,0.0105,79175.32,78988.35,0.3588,0.20502,4e-05,59.50341,1321.5,12.3
2026-08-30T19:10:44Z,2026-09-25,26,86000.0,P,0.094,0.099,0.0967,79175.32,78988.35,0.3588,-0.79498,4e-05,59.50341,11.7,0.0
2026-08-30T19:10:44Z,2026-09-25,26,88000.0,C,0.0065,0.0075,0.007,79175.54,78988.35,0.3642,0.14711,3e-05,48.19536,1440.3,4.2
2026-08-30T19:10:44Z,2026-09-25,26,88000.0,P,0.1155,0.1215,0.1185,79175.49,78988.35,0.3642,-0.85289,3e-05,48.195,5.8,0.0
2026-08-30T19:10:44Z,2026-09-25,26,90000.0,C,0.0048,0.0055,0.0051,79175.54,78988.35,0.3797,0.11014,2e-05,39.41308,7144.5,5.3
2026-08-30T19:10:44Z,2026-09-25,26,90000.0,P,0.1385,0.1445,0.1418,79175.54,78988.35,0.3797,-0.88986,2e-05,39.41308,580.1,0.0
2026-08-30T19:10:44Z,2026-09-25,26,92000.0,C,0.0034,0.0037,0.0035,79175.49,78988.35,0.3883,0.0792,2e-05,30.89766,1049.8,0.2
2026-08-30T19:10:44Z,2026-09-25,26,92000.0,P,0.162,0.1685,0.1655,79175.54,78988.35,0.3883,-0.9208,2e-05,30.89794,8.0,0.0
2026-08-30T19:10:44Z,2026-09-25,26,94000.0,C,0.0024,0.0028,0.0026,79175.54,78988.35,0.4004,0.05849,1e-05,24.45181,437.2,0.2
2026-08-30T19:10:44Z,2026-09-25,26,94000.0,P,0.1865,0.193,0.1898,79175.49,78988.35,0.4004,-0.94151,1e-05,24.45156,1.9,0.0
2026-08-30T19:10:44Z,2026-09-25,26,95000.0,C,0.002,0.0024,0.0022,79175.54,78988.35,0.40630000000000005,0.05031,1e-05,21.70496,4272.2,152.5
2026-08-30T19:10:44Z,2026-09-25,26,95000.0,P,0.1985,0.205,0.202,79175.54,78988.35,0.40630000000000005,-0.94969,1e-05,21.70496,147.6,0.0
2026-08-30T19:10:44Z,2026-09-25,26,96000.0,C,0.0017,0.0021,0.0019,79175.49,78988.35,0.4122,0.04338,1e-05,19.27167,1115.1,0.4
2026-08-30T19:10:44Z,2026-09-25,26,96000.0,P,0.2105,0.2175,0.2144,79175.49,78988.35,0.4122,-0.95662,1e-05,19.27167,1.0,0.0
2026-08-30T19:10:44Z,2026-09-25,26,98000.0,C,0.0013,0.0015,0.0014,79175.49,78988.35,0.4249,0.03274,1e-05,15.31685,426.7,0.5
2026-08-30T19:10:44Z,2026-09-25,26,98000.0,P,0.2355,0.2425,0.2391,79175.54,78988.35,0.4249,-0.96726,1e-05,15.31702,0.1,0.0
2026-08-30T19:10:44Z,2026-09-25,26,100000.0,C,0.001,0.0013,0.0011,79175.54,78988.35,0.4395,0.02554,1e-05,12.46036,7323.4,2.8
2026-08-30T19:10:44Z,2026-09-25,26,100000.0,P,0.2605,0.2675,0.2641,79175.49,78988.35,0.4395,-0.97446,1e-05,12.46022,336.1,0.0
2026-08-30T19:10:44Z,2026-09-25,26,102000.0,C,0.0008,0.001,0.0008,79175.54,78988.35,0.4495,0.01918,0.0,9.78395,161.6,0.4
2026-08-30T19:10:44Z,2026-09-25,26,102000.0,P,0.2855,0.2925,0.2891,79175.54,78988.35,0.4495,-0.98082,0.0,9.78395,0.4,0.0
2026-08-30T19:10:44Z,2026-09-25,26,105000.0,C,0.0004,0.0006,0.0005,79175.54,78988.35,0.4625,0.01234,0.0,6.70076,1494.1,75.2
2026-08-30T19:10:44Z,2026-09-25,26,105000.0,P,0.3225,0.33,0.3267,79175.5,78988.35,0.4625,-0.98766,0.0,6.7005,105.5,0.0
2026-08-30T19:10:44Z,2026-09-25,26,110000.0,C,0.0002,0.0004,0.0003,79175.89,78988.35,0.4928,0.00699,0.0,4.07822,1538.9,0.1
2026-08-30T19:10:44Z,2026-09-25,26,110000.0,P,0.3855,0.393,0.3896,79175.89,78988.35,0.4928,-0.99301,0.0,4.07822,215.7,0.0
2026-08-30T19:10:44Z,2026-09-25,26,115000.0,C,0.0001,0.0002,0.0001,79175.5,78988.35,0.5136,0.00369,0.0,2.30543,2111.1,0.0
2026-08-30T19:10:44Z,2026-09-25,26,115000.0,P,0.4485,0.4565,0.4526,79175.89,78988.35,0.5136,-0.99631,0.0,2.30567,93.7,0.0
2026-08-30T19:10:44Z,2026-09-25,26,120000.0,C,0.0,0.0002,0.0001,79175.89,78988.35,0.5624,0.00325,0.0,2.06005,1233.3,0.2
2026-08-30T19:10:44Z,2026-09-25,26,120000.0,P,0.5115,0.5195,0.5158,79175.89,78988.35,0.5624,-0.99675,0.0,2.06005,174.5,0.0
2026-08-30T19:10:44Z,2026-09-25,26,125000.0,C,0.0,0.0002,0.0001,79175.5,78988.35,0.5876,0.00212,0.0,1.39753,2327.5,0.0
2026-08-30T19:10:44Z,2026-09-25,26,125000.0,P,0.574,0.5825,0.5789,79175.89,78988.35,0.5876,-0.99788,0.0,1.39766,21.7,0.0
2026-08-30T19:10:44Z,2026-09-25,26,130000.0,C,0.0,0.0001,0.0001,79175.89,78988.35,0.6321,0.00197,0.0,1.31256,1424.1,0.0
2026-08-30T19:10:44Z,2026-09-25,26,130000.0,P,0.6375,0.6455,0.642,79175.89,78988.35,0.6321,-0.99803,0.0,1.31256,21.4,0.0
2026-08-30T19:10:44Z,2026-09-25,26,135000.0,C,0.0,0.0002,0.0001,79175.89,78988.35,0.675,0.00187,0.0,1.24753,415.0,0.0
2026-08-30T19:10:44Z,2026-09-25,26,135000.0,P,0.7,0.709,0.7052,79175.5,78988.35,0.675,-0.99813,0.0,1.24742,11.5,0.0
2026-08-30T19:10:44Z,2026-09-25,26,140000.0,C,0.0,0.0002,0.0001,79175.89,78988.35,0.6984,0.00138,0.0,0.94763,1207.8,0.0
2026-08-30T19:10:44Z,2026-09-25,26,140000.0,P,0.763,0.7725,0.7683,79175.89,78988.35,0.6984,-0.99862,0.0,0.94763,1.4,0.0
2026-08-30T19:10:44Z,2026-09-25,26,145000.0,C,0.0,0.0001,0.0001,79175.5,78988.35,0.7225,0.00107,0.0,0.74855,481.2,0.0
2026-08-30T19:10:44Z,2026-09-25,26,145000.0,P,0.826,0.836,0.8314,79175.9,78988.35,0.7225,-0.99893,0.0,0.74862,0.2,0.0
2026-08-30T19:10:44Z,2026-09-25,26,150000.0,C,0.0,0.0001,0.0,79175.9,78988.35,0.7536,0.00095,0.0,0.67139,768.8,0.0
2026-08-30T19:10:44Z,2026-09-25,26,150000.0,P,0.889,0.899,0.8946,79176.11,78988.35,0.7536,-0.99905,0.0,0.67142,4.5,0.0
2026-08-30T19:10:44Z,2026-09-25,26,155000.0,C,0.0,0.0001,0.0,79175.9,78988.35,0.7881999999999999,0.00091,0.0,0.64716,378.0,0.0
2026-08-30T19:10:44Z,2026-09-25,26,155000.0,P,0.952,0.9625,0.9577,79176.11,78988.35,0.7881999999999999,-0.99909,0.0,0.64718,0.1,0.0
2026-08-30T19:10:44Z,2026-09-25,26,160000.0,C,0.0,0.0001,0.0,79176.11,78988.35,0.8188,0.00084,0.0,0.60328,1498.4,0.0
2026-08-30T19:10:44Z,2026-09-25,26,160000.0,P,1.013,1.027,1.0209,79176.11,78988.35,0.8188,-0.99916,0.0,0.60328,0.6,0.0
2026-08-30T19:10:44Z,2026-09-25,26,165000.0,C,0.0,0.0001,0.0,79176.11,78988.35,0.8449,0.00075,0.0,0.54266,266.6,0.0
2026-08-30T19:10:44Z,2026-09-25,26,165000.0,P,1.0775,1.0905,1.084,79176.11,78988.35,0.8449,-0.99925,0.0,0.54266,0.0,0.0
2026-08-30T19:10:44Z,2026-09-25,26,170000.0,C,0.0,0.0001,0.0,79175.9,78988.35,0.8693000000000001,0.00067,0.0,0.48581,444.9,0.0
2026-08-30T19:10:44Z,2026-09-25,26,170000.0,P,1.139,1.1555,1.1472,79176.11,78988.35,0.8693000000000001,-0.99933,0.0,0.48583,0.0,0.0
2026-08-30T19:10:44Z,2026-09-25,26,175000.0,C,0.0,0.0001,0.0,79176.11,78988.35,0.89,0.00057,0.0,0.4229,1904.8,0.0
2026-08-30T19:10:44Z,2026-09-25,26,175000.0,P,1.2025,1.219,1.2103,79176.11,78988.35,0.89,-0.99943,0.0,0.4229,3.3,0.0
2026-08-30T19:10:44Z,2026-09-25,26,180000.0,C,0.0,0.0001,0.0,79176.11,78988.35,0.9184,0.00056,0.0,0.41192,792.3,0.0
2026-08-30T19:10:44Z,2026-09-25,26,180000.0,P,1.266,1.282,1.2735,79176.11,78988.35,0.9184,-0.99944,0.0,0.41192,10.5,0.0
2026-08-30T19:10:44Z,2026-09-25,26,190000.0,C,0.0,0.0001,0.0,79175.9,78988.35,0.9386,0.00033,0.0,0.25634,762.1,0.0
2026-08-30T19:10:44Z,2026-09-25,26,190000.0,P,1.3925,1.409,1.3998,79175.9,78988.35,0.9386,-0.99967,0.0,0.25634,0.0,0.0
2026-08-30T19:10:44Z,2026-09-25,26,200000.0,C,0.0,0.0001,0.0,79176.11,78988.35,0.9823999999999999,0.00029,0.0,0.22792,1018.5,0.0
2026-08-30T19:10:44Z,2026-09-25,26,200000.0,P,1.5175,1.536,1.5261,79176.11,78988.35,0.9823999999999999,-0.99971,0.0,0.22792,0.1,0.0
2026-08-30T19:10:44Z,2026-09-25,26,220000.0,C,0.0,0.0001,0.0,79176.12,78988.35,1.0735999999999999,0.00027,0.0,0.21235,241.9,0.0
2026-08-30T19:10:44Z,2026-09-25,26,220000.0,P,1.77,1.7885,1.7786,79176.12,78988.35,1.0735999999999999,-0.99973,0.0,0.21235,24.8,0.0
2026-08-30T19:10:44Z,2026-09-25,26,240000.0,C,0.0,0.0001,0.0,79176.22,78988.35,1.156,0.00026,0.0,0.19993,211.9,0.0
2026-08-30T19:10:44Z,2026-09-25,26,240000.0,P,2.019,2.0435,2.0312,79176.22,78988.35,1.156,-0.99974,0.0,0.19993,0.0,0.0
2026-08-30T19:10:44Z,2026-09-25,26,260000.0,C,0.0,0.0001,0.0,79176.22,78988.35,1.2309,0.00024,0.0,0.18962,293.3,0.0
2026-08-30T19:10:44Z,2026-09-25,26,260000.0,P,2.2725,2.2975,2.2838,79176.22,78988.35,1.2309,-0.99976,0.0,0.18962,0.0,0.0
2026-08-30T19:10:44Z,2026-09-25,26,280000.0,C,0.0,0.0001,0.0,79176.12,78988.35,1.2987,0.00023,0.0,0.17919,76.1,0.0
2026-08-30T19:10:44Z,2026-09-25,26,280000.0,P,2.5245,2.5485,2.5364,79176.22,78988.35,1.2987,-0.99977,0.0,0.17919,0.0,0.0
2026-08-30T19:10:44Z,2026-09-25,26,300000.0,C,0.0,0.0001,0.0,79176.12,78988.35,1.3629,0.00022,0.0,0.17324,196.3,0.0
2026-08-30T19:10:44Z,2026-09-25,26,300000.0,P,2.773,2.802,2.7891,79176.22,78988.35,1.3629,-0.99978,0.0,0.17324,0.0,0.0
2026-08-30T19:10:44Z,2026-09-25,26,320000.0,C,0.0,0.0001,0.0,79176.22,78988.35,1.4015,0.00017,0.0,0.13649,304.6,0.0
2026-08-30T19:10:44Z,2026-09-25,26,320000.0,P,3.0245,3.058,3.0416,79176.22,78988.35,1.4015,-0.99983,0.0,0.13649,25.1,0.0
2026-08-30T19:10:44Z,2026-10-30,61,40000.0,C,0.4965,0.5,0.498,79565.38,78988.35,0.7298,0.9931,0.0,6.23573,0.1,0.0
2026-08-30T19:10:44Z,2026-10-30,61,40000.0,P,0.0006,0.001,0.0007,79565.38,78988.35,0.7298,-0.0069,0.0,6.23573,75.7,0.1
2026-08-30T19:10:44Z,2026-10-30,61,45000.0,C,0.434,0.4375,0.4357,79565.38,78988.35,0.665,0.98745,0.0,10.51967,0.1,0.0
2026-08-30T19:10:44Z,2026-10-30,61,45000.0,P,0.0011,0.0015,0.0013,79565.38,78988.35,0.665,-0.01255,0.0,10.51967,209.1,0.0
2026-08-30T19:10:44Z,2026-10-30,61,48000.0,C,0.3965,0.4005,0.3984,79565.38,78988.35,0.6196,0.98338,0.0,13.40004,0.1,0.0
2026-08-30T19:10:44Z,2026-10-30,61,48000.0,P,0.0014,0.0019,0.0016,79565.38,78988.35,0.6196,-0.01662,0.0,13.40004,241.5,0.0
2026-08-30T19:10:44Z,2026-10-30,61,50000.0,C,0.3715,0.3755,0.3735,79565.38,78988.35,0.5912,0.97981,0.0,15.81561,0.1,0.0
2026-08-30T19:10:44Z,2026-10-30,61,50000.0,P,0.0017,0.0022,0.0019,79565.38,78988.35,0.5912,-0.02019,0.0,15.81561,360.2,0.5
2026-08-30T19:10:44Z,2026-10-30,61,52000.0,C,0.347,0.351,0.3488,79565.78,78988.35,0.5638000000000001,0.97543,0.0,18.66294,0.1,0.0
2026-08-30T19:10:44Z,2026-10-30,61,52000.0,P,0.0021,0.0026,0.0023,79565.78,78988.35,0.5638000000000001,-0.02457,0.0,18.66294,105.3,0.0
2026-08-30T19:10:44Z,2026-10-30,61,54000.0,C,0.3225,0.326,0.3241,79565.78,78988.35,0.5381,0.96983,0.0,22.15173,0.1,0.0
2026-08-30T19:10:44Z,2026-10-30,61,54000.0,P,0.0025,0.0031,0.0028,79565.78,78988.35,0.5381,-0.03017,0.0,22.15173,187.6,0.1
2026-08-30T19:10:44Z,2026-10-30,61,55000.0,C,0.3095,0.314,0.3118,79565.78,78988.35,0.5254,0.96659,0.0,24.0997,0.1,0.0
2026-08-30T19:10:44Z,2026-10-30,61,55000.0,P,0.0028,0.0033,0.003,79565.78,78988.35,0.5254,-0.03341,0.0,24.0997,304.7,0.0
2026-08-30T19:10:44Z,2026-10-30,61,56000.0,C,0.2975,0.3015,0.2995,79565.78,78988.35,0.5132,0.96288,0.0,26.27136,0.0,0.0
2026-08-30T19:10:44Z,2026-10-30,61,56000.0,P,0.0031,0.0036,0.0033,79565.78,78988.35,0.5132,-0.03712,0.0,26.27136,469.8,0.0
2026-08-30T19:10:44Z,2026-10-30,61,57000.0,C,0.285,0.2895,0.2873,79565.78,78988.35,0.5001,0.95902,1e-05,28.47614,0.1,0.0
2026-08-30T19:10:44Z,2026-10-30,61,57000.0,P,0.0034,0.0039,0.0037,79565.78,78988.35,0.5001,-0.04098,1e-05,28.47614,207.9,0.0
2026-08-30T19:10:44Z,2026-10-30,61,58000.0,C,0.273,0.2775,0.2751,79565.78,78988.35,0.4889,0.95423,1e-05,31.13506,0.0,0.0
2026-08-30T19:10:44Z,2026-10-30,61,58000.0,P,0.0038,0.0043,0.0041,79565.78,78988.35,0.4889,-0.04577,1e-05,31.13506,323.3,3.1
2026-08-30T19:10:44Z,2026-10-30,61,59000.0,C,0.261,0.265,0.263,79565.78,78988.35,0.4775,0.94898,1e-05,33.9582,1.0,0.0
2026-08-30T19:10:44Z,2026-10-30,61,59000.0,P,0.0043,0.0047,0.0045,79565.78,78988.35,0.4775,-0.05102,1e-05,33.9582,79.2,0.0
2026-08-30T19:10:44Z,2026-10-30,61,60000.0,C,0.249,0.253,0.2512,79565.78,78988.35,0.47229999999999994,0.94103,1e-05,38.07961,16.5,0.0
2026-08-30T19:10:44Z,2026-10-30,61,60000.0,P,0.005,0.0055,0.0053,79565.78,78988.35,0.47229999999999994,-0.05897,1e-05,38.07961,1509.6,3.1
2026-08-30T19:10:44Z,2026-10-30,61,61000.0,C,0.237,0.241,0.2388,79563.45,78988.35,0.4549,0.93658,1e-05,40.30484,7.7,0.0
2026-08-30T19:10:44Z,2026-10-30,61,61000.0,P,0.005,0.006,0.0055,79563.45,78988.35,0.4549,-0.06342,1e-05,40.30484,234.2,0.0
2026-08-30T19:10:44Z,2026-10-30,61,62000.0,C,0.225,0.2295,0.227,79563.45,78988.35,0.4456,0.92856,1e-05,44.19099,13.5,0.0
2026-08-30T19:10:44Z,2026-10-30,61,62000.0,P,0.006,0.0065,0.0062,79563.45,78988.35,0.4456,-0.07144,1e-05,44.19099,1134.2,0.1
2026-08-30T19:10:44Z,2026-10-30,61,63000.0,C,0.2135,0.2175,0.2152,79565.75,78988.35,0.4368,0.91942,1e-05,48.4356,153.2,0.0
2026-08-30T19:10:44Z,2026-10-30,61,63000.0,P,0.0065,0.0075,0.007,79563.45,78988.35,0.4368,-0.0806,1e-05,48.44523,515.4,1.0
2026-08-30T19:10:44Z,2026-10-30,61,64000.0,C,0.2015,0.206,0.2036,79565.75,78988.35,0.42950000000000005,0.90858,1e-05,53.23573,418.0,0.0
2026-08-30T19:10:44Z,2026-10-30,61,64000.0,P,0.0075,0.0085,0.008,79563.45,78988.35,0.42950000000000005,-0.09145,1e-05,53.24591,656.2,0.1
2026-08-30T19:10:44Z,2026-10-30,61,65000.0,C,0.19,0.1945,0.1921,79563.45,78988.35,0.4205,0.89729,1e-05,57.98302,434.6,0.0
2026-08-30T19:10:44Z,2026-10-30,61,65000.0,P,0.0085,0.0095,0.009,79563.45,78988.35,0.4205,-0.10271,1e-05,57.98302,473.4,0.0
2026-08-30T19:10:44Z,2026-10-30,61,66000.0,C,0.1785,0.183,0.1805,79563.45,78988.35,0.41,0.88549,1e-05,62.70069,90.1,0.0
2026-08-30T19:10:44Z,2026-10-30,61,66000.0,P,0.0095,0.0105,0.01,79563.45,78988.35,0.41,-0.11451,1e-05,62.70069,150.1,0.0
2026-08-30T19:10:44Z,2026-10-30,61,67000.0,C,0.1675,0.1715,0.1694,79563.45,78988.35,0.40399999999999997,0.87011,2e-05,68.50437,108.4,0.0
2026-08-30T19:10:44Z,2026-10-30,61,67000.0,P,0.011,0.012,0.0115,79563.45,78988.35,0.40399999999999997,-0.12989,2e-05,68.50437,396.9,0.0
2026-08-30T19:10:44Z,2026-10-30,61,68000.0,C,0.1565,0.1605,0.1584,79563.45,78988.35,0.3962,0.85408,2e-05,74.16479,143.8,0.0
2026-08-30T19:10:44Z,2026-10-30,61,68000.0,P,0.0125,0.0135,0.013,79563.45,78988.35,0.3962,-0.14592,2e-05,74.16479,384.1,2.2
2026-08-30T19:10:44Z,2026-10-30,61,69000.0,C,0.146,0.15,0.1478,79563.45,78988.35,0.3912,0.83494,2e-05,80.45195,311.2,0.0
2026-08-30T19:10:44Z,2026-10-30,61,69000.0,P,0.0145,0.0155,0.015,79563.45,78988.35,0.3912,-0.16506,2e-05,80.45195,283.1,0.0
2026-08-30T19:10:44Z,2026-10-30,61,70000.0,C,0.136,0.14,0.1374,79563.45,78988.35,0.38549999999999995,0.8144,2e-05,86.66264,1102.1,0.0
2026-08-30T19:10:44Z,2026-10-30,61,70000.0,P,0.0165,0.0175,0.0172,79563.27,78988.35,0.38549999999999995,-0.1856,2e-05,86.66327,609.8,0.1
2026-08-30T19:10:44Z,2026-10-30,61,71000.0,C,0.1265,0.1285,0.1274,79563.14,78988.35,0.38079999999999997,0.79156,2e-05,92.97356,777.5,0.0
2026-08-30T19:10:44Z,2026-10-30,61,71000.0,P,0.019,0.02,0.0197,79563.14,78988.35,0.38079999999999997,-0.20844,2e-05,92.97356,96.9,0.1
2026-08-30T19:10:44Z,2026-10-30,61,72000.0,C,0.117,0.119,0.1177,79563.14,78988.35,0.3768,0.76657,3e-05,99.20112,468.4,0.0
2026-08-30T19:10:44Z,2026-10-30,61,72000.0,P,0.022,0.023,0.0226,79563.14,78988.35,0.3768,-0.23343,3e-05,99.20112,458.5,2.1
2026-08-30T19:10:44Z,2026-10-30,61,73000.0,C,0.1075,0.1095,0.1085,79563.14,78988.35,0.3738,0.73944,3e-05,105.21511,435.9,0.0
2026-08-30T19:10:44Z,2026-10-30,61,73000.0,P,0.0255,0.0265,0.026,79563.14,78988.35,0.3738,-0.26056,3e-05,105.21511,86.9,0.0
2026-08-30T19:10:44Z,2026-10-30,61,74000.0,C,0.0985,0.1005,0.0995,79563.14,78988.35,0.37,0.71102,3e-05,110.72773,252.6,0.0
2026-08-30T19:10:44Z,2026-10-30,61,74000.0,P,0.029,0.03,0.0296,79563.14,78988.35,0.37,-0.28898,3e-05,110.72773,188.3,0.3
2026-08-30T19:10:44Z,2026-10-30,61,75000.0,C,0.0905,0.092,0.091,79563.14,78988.35,0.36719999999999997,0.68072,3e-05,115.76196,1035.3,0.2
2026-08-30T19:10:44Z,2026-10-30,61,75000.0,P,0.033,0.034,0.0337,79563.14,78988.35,0.36719999999999997,-0.31928,3e-05,115.76196,174.4,2.0
2026-08-30T19:10:44Z,2026-10-30,61,76000.0,C,0.0825,0.084,0.083,79563.14,78988.35,0.36469999999999997,0.64904,3e-05,120.13407,296.9,0.0
2026-08-30T19:10:44Z,2026-10-30,61,76000.0,P,0.0375,0.0385,0.0382,79563.27,78988.35,0.36469999999999997,-0.35095,3e-05,120.13376,56.7,0.1
2026-08-30T19:10:44Z,2026-10-30,61,77000.0,C,0.075,0.0765,0.0755,79563.14,78988.35,0.3628,0.61619,3e-05,123.74137,76.6,0.0
2026-08-30T19:10:44Z,2026-10-30,61,77000.0,P,0.0425,0.044,0.0432,79563.14,78988.35,0.3628,-0.38381,3e-05,123.74137,103.5,0.0
2026-08-30T19:10:44Z,2026-10-30,61,78000.0,C,0.068,0.069,0.0685,79563.14,78988.35,0.3615,0.58254,3e-05,126.48666,396.7,0.1
2026-08-30T19:10:44Z,2026-10-30,61,78000.0,P,0.048,0.0495,0.0488,79563.14,78988.35,0.3615,-0.41746,3e-05,126.48666,439.6,0.0
2026-08-30T19:10:44Z,2026-10-30,61,79000.0,C,0.0615,0.0625,0.0619,79563.27,78988.35,0.3603,0.54847,3e-05,128.30848,127.9,1.1
2026-08-30T19:10:44Z,2026-10-30,61,79000.0,P,0.054,0.0555,0.0548,79563.14,78988.35,0.3603,-0.45154,3e-05,128.30845,250.2,0.1
2026-08-30T19:10:44Z,2026-10-30,61,80000.0,C,0.0555,0.0565,0.0558,79561.88,78988.35,0.35960000000000003,0.51425,3e-05,129.17883,1209.7,3.1
2026-08-30T19:10:44Z,2026-10-30,61,80000.0,P,0.0605,0.062,0.0613,79561.88,78988.35,0.35960000000000003,-0.48575,3e-05,129.17883,522.7,0.0
2026-08-30T19:10:44Z,2026-10-30,61,81000.0,C,0.0495,0.051,0.0503,79561.88,78988.35,0.3592,0.48034,3e-05,129.10432,87.5,0.0
2026-08-30T19:10:44Z,2026-10-30,61,81000.0,P,0.0675,0.069,0.0683,79561.88,78988.35,0.3592,-0.51966,3e-05,129.10432,127.7,0.0
2026-08-30T19:10:44Z,2026-10-30,61,82000.0,C,0.0445,0.0455,0.0451,79561.88,78988.35,0.3591,0.447,3e-05,128.11889,1180.4,0.1
2026-08-30T19:10:44Z,2026-10-30,61,82000.0,P,0.075,0.076,0.0758,79561.88,78988.35,0.3591,-0.553,3e-05,128.11889,39.3,1.2
2026-08-30T19:10:44Z,2026-10-30,61,83000.0,C,0.04,0.041,0.0405,79561.88,78988.35,0.35950000000000004,0.41459,3e-05,126.28732,77.8,0.0
2026-08-30T19:10:44Z,2026-10-30,61,83000.0,P,0.083,0.084,0.0837,79561.88,78988.35,0.35950000000000004,-0.58541,3e-05,126.28732,4.5,0.0
2026-08-30T19:10:44Z,2026-10-30,61,84000.0,C,0.0355,0.037,0.0363,79561.88,78988.35,0.3601,0.3833,3e-05,123.69088,803.3,0.0
2026-08-30T19:10:44Z,2026-10-30,61,84000.0,P,0.091,0.093,0.092,79563.14,78988.35,0.3601,-0.61666,3e-05,123.6968,0.8,0.0
2026-08-30T19:10:44Z,2026-10-30,61,85000.0,C,0.032,0.033,0.0324,79561.88,78988.35,0.3607,0.35323,3e-05,120.41181,1945.5,0.1
2026-08-30T19:10:44Z,2026-10-30,61,85000.0,P,0.0995,0.1015,0.1007,79561.88,78988.35,0.3607,-0.64677,3e-05,120.41181,1.3,0.0
2026-08-30T19:10:44Z,2026-10-30,61,86000.0,C,0.0285,0.0295,0.029,79561.88,78988.35,0.3619,0.32479,3e-05,116.58519,693.2,0.0
2026-08-30T19:10:44Z,2026-10-30,61,86000.0,P,0.108,0.1115,0.1099,79561.88,78988.35,0.3619,-0.67521,3e-05,116.58519,13.6,0.0
2026-08-30T19:10:44Z,2026-10-30,61,87000.0,C,0.0255,0.0265,0.0259,79561.88,78988.35,0.36329999999999996,0.29804,3e-05,112.32064,27.0,0.1
2026-08-30T19:10:44Z,2026-10-30,61,87000.0,P,0.1165,0.121,0.1194,79563.14,78988.35,0.36329999999999996,-0.70193,3e-05,112.32879,10.2,0.0
2026-08-30T19:10:44Z,2026-10-30,61,88000.0,C,0.0225,0.0235,0.023,79561.68,78988.35,0.3643,0.27249,3e-05,107.62307,195.6,0.4
2026-08-30T19:10:44Z,2026-10-30,61,88000.0,P,0.1265,0.1315,0.1291,79561.68,78988.35,0.3643,-0.72751,3e-05,107.62307,8.1,0.0
2026-08-30T19:10:44Z,2026-10-30,61,89000.0,C,0.02,0.021,0.0205,79561.68,78988.35,0.3657,0.24876,3e-05,102.6918,68.0,3.6
2026-08-30T19:10:44Z,2026-10-30,61,89000.0,P,0.136,0.1415,0.1391,79561.68,78988.35,0.3657,-0.75124,3e-05,102.6918,5.0,0.0
2026-08-30T19:10:44Z,2026-10-30,61,90000.0,C,0.018,0.019,0.0184,79561.68,78988.35,0.36840000000000006,0.22762,3e-05,97.81082,1306.4,0.4
2026-08-30T19:10:44Z,2026-10-30,61,90000.0,P,0.1465,0.1515,0.1496,79561.68,78988.35,0.36840000000000006,-0.77238,3e-05,97.81082,5.6,0.0
2026-08-30T19:10:44Z,2026-10-30,61,91000.0,C,0.016,0.017,0.0165,79561.68,78988.35,0.3704,0.20752,2e-05,92.7285,17.9,0.0
2026-08-30T19:10:44Z,2026-10-30,61,91000.0,P,0.157,0.1625,0.1602,79561.68,78988.35,0.3704,-0.79248,2e-05,92.7285,0.2,0.0
2026-08-30T19:10:44Z,2026-10-30,61,92000.0,C,0.014,0.015,0.0146,79561.68,78988.35,0.37200000000000005,0.1886,2e-05,87.52617,617.7,0.1
2026-08-30T19:10:44Z,2026-10-30,61,92000.0,P,0.168,0.1735,0.171,79561.68,78988.35,0.37200000000000005,-0.8114,2e-05,87.52617,0.0,0.0
2026-08-30T19:10:44Z,2026-10-30,61,94000.0,C,0.0115,0.012,0.0119,79561.68,78988.35,0.37810000000000005,0.15718,2e-05,77.92071,390.4,0.2
2026-08-30T19:10:44Z,2026-10-30,61,94000.0,P,0.19,0.1955,0.1933,79561.68,78988.35,0.37810000000000005,-0.84282,2e-05,77.92071,0.0,0.0
2026-08-30T19:10:44Z,2026-10-30,61,95000.0,C,0.01,0.011,0.0105,79561.68,78988.35,0.37920000000000004,0.14203,2e-05,72.82422,1792.4,1.1
2026-08-30T19:10:44Z,2026-10-30,61,95000.0,P,0.201,0.207,0.2045,79561.68,78988.35,0.37920000000000004,-0.85797,2e-05,72.82422,0.4,0.0
2026-08-30T19:10:44Z,2026-10-30,61,96000.0,C,0.009,0.01,0.0095,79561.68,78988.35,0.3826,0.12975,2e-05,68.452,90.5,2.4
2026-08-30T19:10:44Z,2026-10-30,61,96000.0,P,0.2125,0.2185,0.2161,79561.68,78988.35,0.3826,-0.87025,2e-05,68.452,0.1,0.0
2026-08-30T19:10:44Z,2026-10-30,61,98000.0,C,0.0075,0.008,0.0077,79561.68,78988.35,0.3893,0.10834,1e-05,60.26385,284.6,1.4
2026-08-30T19:10:44Z,2026-10-30,61,98000.0,P,0.2355,0.242,0.2395,79561.68,78988.35,0.3893,-0.89166,1e-05,60.26385,0.0,0.0
2026-08-30T19:10:44Z,2026-10-30,61,100000.0,C,0.006,0.007,0.0065,79561.68,78988.35,0.3975,0.0915,1e-05,53.26739,1494.4,1.0
2026-08-30T19:10:44Z,2026-10-30,61,100000.0,P,0.2595,0.266,0.2633,79561.68,78988.35,0.3975,-0.9085,1e-05,53.26739,0.3,0.0
2026-08-30T19:10:44Z,2026-10-30,61,102000.0,C,0.005,0.0055,0.0053,79561.18,78988.35,0.40409999999999996,0.07675,1e-05,46.6792,180.6,0.0
2026-08-30T19:10:44Z,2026-10-30,61,102000.0,P,0.2835,0.29,0.2874,79561.56,78988.35,0.40409999999999996,-0.92324,1e-05,46.68136,0.0,0.0
2026-08-30T19:10:44Z,2026-10-30,61,104000.0,C,0.0041,0.0046,0.0044,79561.18,78988.35,0.40979999999999994,0.06407,1e-05,40.62329,73.8,0.0
2026-08-30T19:10:44Z,2026-10-30,61,104000.0,P,0.3075,0.3145,0.3115,79561.18,78988.35,0.40979999999999994,-0.93593,1e-05,40.62329,0.0,0.0
2026-08-30T19:10:44Z,2026-10-30,61,105000.0,C,0.0038,0.0042,0.004,79561.18,78988.35,0.4133,0.0589,1e-05,38.04151,1132.7,0.2
2026-08-30T19:10:44Z,2026-10-30,61,105000.0,P,0.3195,0.3265,0.3237,79561.18,78988.35,0.4133,-0.9411,1e-05,38.04151,0.0,0.0
2026-08-30T19:10:44Z,2026-10-30,61,110000.0,C,0.0024,0.0028,0.0027,79561.18,78988.35,0.4321,0.0398,1e-05,27.80962,750.7,0.3
2026-08-30T19:10:44Z,2026-10-30,61,110000.0,P,0.381,0.3885,0.3852,79561.18,78988.35,0.4321,-0.9602,1e-05,27.80962,0.0,0.0
2026-08-30T19:10:44Z,2026-11-27,89,58000.0,C,0.279,0.2835,0.281,79886.81,78988.35,0.46259999999999996,0.93564,1e-05,49.5055,0.0,0.0
2026-08-30T19:10:44Z,2026-11-27,89,58000.0,P,0.0065,0.0075,0.007,79886.81,78988.35,0.46259999999999996,-0.06436,1e-05,49.5055,2.7,0.0
2026-08-30T19:10:44Z,2026-11-27,89,60000.0,C,0.256,0.26,0.2577,79887.19,78988.35,0.4485,0.92019,1e-05,58.38723,0.1,0.0
2026-08-30T19:10:44Z,2026-11-27,89,60000.0,P,0.008,0.0095,0.0088,79886.81,78988.35,0.4485,-0.07981,1e-05,58.38872,6.5,0.0
2026-08-30T19:10:44Z,2026-11-27,89,62000.0,C,0.233,0.237,0.2349,79887.19,78988.35,0.4361,0.90107,1e-05,68.50817,0.0,0.0
2026-08-30T19:10:44Z,2026-11-27,89,62000.0,P,0.0105,0.0115,0.011,79887.19,78988.35,0.4361,-0.09893,1e-05,68.50817,2.1,0.0
2026-08-30T19:10:44Z,2026-11-27,89,64000.0,C,0.2105,0.215,0.2124,79887.33,78988.35,0.4216,0.87936,1e-05,79.00254,0.0,0.0
2026-08-30T19:10:44Z,2026-11-27,89,64000.0,P,0.013,0.014,0.0135,79886.81,78988.35,0.4216,-0.12065,1e-05,79.00493,19.1,0.1
2026-08-30T19:10:44Z,2026-11-27,89,66000.0,C,0.189,0.193,0.1909,79886.81,78988.35,0.4114,0.8517,1e-05,91.04143,0.0,0.0
2026-08-30T19:10:44Z,2026-11-27,89,66000.0,P,0.0165,0.0175,0.017,79886.81,78988.35,0.4114,-0.1483,1e-05,91.04143,2.1,0.0
2026-08-30T19:10:44Z,2026-11-27,89,67000.0,C,0.1795,0.182,0.1804,79887.33,78988.35,0.40659999999999996,0.8361,2e-05,97.2445,0.0,0.0
2026-08-30T19:10:44Z,2026-11-27,89,67000.0,P,0.0185,0.0195,0.0191,79886.81,78988.35,0.40659999999999996,-0.16391,2e-05,97.24696,0.2,0.2
2026-08-30T19:10:44Z,2026-11-27,89,68000.0,C,0.169,0.1715,0.1703,79887.33,78988.35,0.40270000000000006,0.81896,2e-05,103.61391,0.0,0.0
2026-08-30T19:10:44Z,2026-11-27,89,68000.0,P,0.021,0.022,0.0215,79886.81,78988.35,0.40270000000000006,-0.18105,2e-05,103.61633,7.0,0.1
2026-08-30T19:10:44Z,2026-11-27,89,69000.0,C,0.159,0.1615,0.1603,79886.81,78988.35,0.39890000000000003,0.80067,2e-05,109.92647,0.0,0.0
2026-08-30T19:10:44Z,2026-11-27,89,69000.0,P,0.0235,0.0245,0.0241,79886.81,78988.35,0.39890000000000003,-0.19933,2e-05,109.92647,2.9,0.0
2026-08-30T19:10:44Z,2026-11-27,89,70000.0,C,0.1495,0.152,0.1506,79887.33,78988.35,0.39490000000000003,0.78131,2e-05,116.09691,2.1,0.0
2026-08-30T19:10:44Z,2026-11-27,89,70000.0,P,0.026,0.0275,0.0269,79886.81,78988.35,0.39490000000000003,-0.2187,2e-05,116.09917,5.3,0.0
2026-08-30T19:10:44Z,2026-11-27,89,71000.0,C,0.14,0.1425,0.1413,79886.81,78988.35,0.392,0.76033,2e-05,122.21873,0.0,0.0
2026-08-30T19:10:44Z,2026-11-27,89,71000.0,P,0.0295,0.0305,0.0301,79886.81,78988.35,0.392,-0.23967,2e-05,122.21873,3.2,0.0
2026-08-30T19:10:44Z,2026-11-27,89,72000.0,C,0.131,0.1335,0.1323,79887.33,78988.35,0.38909999999999995,0.73834,2e-05,128.04031,0.0,0.0
2026-08-30T19:10:44Z,2026-11-27,89,72000.0,P,0.033,0.034,0.0336,79887.33,78988.35,0.38909999999999995,-0.26166,2e-05,128.04031,1.2,0.0
2026-08-30T19:10:44Z,2026-11-27,89,73000.0,C,0.1225,0.125,0.1236,79887.33,78988.35,0.3864,0.7153,2e-05,133.50864,0.0,0.0
2026-08-30T19:10:44Z,2026-11-27,89,73000.0,P,0.037,0.038,0.0374,79887.49,78988.35,0.3864,-0.2847,2e-05,133.50811,1.3,0.0
2026-08-30T19:10:44Z,2026-11-27,89,74000.0,C,0.1145,0.1165,0.1153,79887.49,78988.35,0.38439999999999996,0.69111,2e-05,138.58875,0.0,0.0
2026-08-30T19:10:44Z,2026-11-27,89,74000.0,P,0.041,0.042,0.0416,79887.49,78988.35,0.38439999999999996,-0.30889,2e-05,138.58875,1.5,1.1
2026-08-30T19:10:44Z,2026-11-27,89,75000.0,C,0.1065,0.1085,0.1074,79887.33,78988.35,0.3825,0.66616,2e-05,143.1432,1.1,0.0
2026-08-30T19:10:44Z,2026-11-27,89,75000.0,P,0.0455,0.0465,0.0462,79887.33,78988.35,0.3825,-0.33384,2e-05,143.1432,19.1,0.0
2026-08-30T19:10:44Z,2026-11-27,89,76000.0,C,0.099,0.101,0.0998,79887.33,78988.35,0.38079999999999997,0.64049,2e-05,147.12584,0.0,0.0
2026-08-30T19:10:44Z,2026-11-27,89,76000.0,P,0.0505,0.0515,0.0511,79887.33,78988.35,0.38079999999999997,-0.35951,2e-05,147.12584,31.4,0.0
2026-08-30T19:10:44Z,2026-11-27,89,77000.0,C,0.092,0.0935,0.0926,79887.33,78988.35,0.37929999999999997,0.61427,3e-05,150.47946,0.0,0.0
2026-08-30T19:10:44Z,2026-11-27,89,77000.0,P,0.0555,0.057,0.0564,79887.49,78988.35,0.37929999999999997,-0.38573,3e-05,150.4793,5.0,0.0
2026-08-30T19:10:44Z,2026-11-27,89,78000.0,C,0.085,0.0865,0.0858,79887.33,78988.35,0.3785,0.58764,3e-05,153.1603,3.2,3.2
2026-08-30T19:10:44Z,2026-11-27,89,78000.0,P,0.0615,0.0625,0.0622,79887.33,78988.35,0.3785,-0.41236,3e-05,153.1603,3.5,0.0
2026-08-30T19:10:44Z,2026-11-27,89,79000.0,C,0.0785,0.08,0.0794,79887.49,78988.35,0.3776,0.56082,3e-05,155.13528,2.2,1.2
2026-08-30T19:10:44Z,2026-11-27,89,79000.0,P,0.0675,0.069,0.0683,79887.33,78988.35,0.3776,-0.43918,3e-05,155.13523,3.8,0.3
2026-08-30T19:10:44Z,2026-11-27,89,80000.0,C,0.0725,0.074,0.0733,79887.33,78988.35,0.37689999999999996,0.53396,3e-05,156.39385,597.2,8.2
2026-08-30T19:10:44Z,2026-11-27,89,80000.0,P,0.074,0.075,0.0747,79887.49,78988.35,0.37689999999999996,-0.46604,3e-05,156.39401,1.0,0.3
2026-08-30T19:10:44Z,2026-11-27,89,81000.0,C,0.067,0.0685,0.0676,79887.49,78988.35,0.3766,0.50725,3e-05,156.93717,0.2,0.0
2026-08-30T19:10:44Z,2026-11-27,89,81000.0,P,0.0805,0.082,0.0816,79887.49,78988.35,0.3766,-0.49275,3e-05,156.93717,0.0,0.0
2026-08-30T19:10:44Z,2026-11-27,89,82000.0,C,0.0615,0.063,0.0623,79887.33,78988.35,0.3764,0.48082,3e-05,156.78125,18.8,0.0
2026-08-30T19:10:44Z,2026-11-27,89,82000.0,P,0.088,0.089,0.0888,79887.33,78988.35,0.3764,-0.51918,3e-05,156.78125,17.0,0.0
2026-08-30T19:10:44Z,2026-11-27,89,83000.0,C,0.0565,0.058,0.0574,79887.49,78988.35,0.3762,0.45476,3e-05,155.9526,3.3,0.0
2026-08-30T19:10:44Z,2026-11-27,89,83000.0,P,0.0955,0.097,0.0963,79887.49,78988.35,0.3762,-0.54524,3e-05,155.9526,3.2,0.0
2026-08-30T19:10:44Z,2026-11-27,89,84000.0,C,0.052,0.0535,0.0527,79887.49,78988.35,0.3762,0.42923,3e-05,154.48709,0.4,0.2
2026-08-30T19:10:44Z,2026-11-27,89,84000.0,P,0.1035,0.1045,0.1042,79887.49,78988.35,0.3762,-0.57077,3e-05,154.48709,0.6,0.6
2026-08-30T19:10:44Z,2026-11-27,89,85000.0,C,0.048,0.049,0.0484,79887.33,78988.35,0.3762,0.40434,3e-05,152.42799,2.9,0.0
2026-08-30T19:10:44Z,2026-11-27,89,85000.0,P,0.1115,0.113,0.1124,79887.33,78988.35,0.3762,-0.59566,3e-05,152.42799,1.6,0.0
2026-08-30T19:10:44Z,2026-11-27,89,86000.0,C,0.044,0.045,0.0444,79887.33,78988.35,0.37670000000000003,0.3803,3e-05,149.8437,0.5,0.0
2026-08-30T19:10:44Z,2026-11-27,89,86000.0,P,0.1195,0.122,0.1209,79887.53,78988.35,0.37670000000000003,-0.61969,3e-05,149.84466,1.4,0.0
2026-08-30T19:10:44Z,2026-11-27,89,87000.0,C,0.04,0.0415,0.0407,79887.33,78988.35,0.3771,0.35704,3e-05,146.77314,2.1,1.0
2026-08-30T19:10:44Z,2026-11-27,89,87000.0,P,0.1285,0.1305,0.1298,79887.49,78988.35,0.3771,-0.64296,3e-05,146.77401,0.0,0.0
2026-08-30T19:10:44Z,2026-11-27,89,88000.0,C,0.037,0.038,0.0374,79887.53,78988.35,0.3778,0.3348,2e-05,143.30585,0.2,0.1
2026-08-30T19:10:44Z,2026-11-27,89,88000.0,P,0.1375,0.14,0.1389,79887.49,78988.35,0.3778,-0.6652,2e-05,143.30567,0.0,0.0
2026-08-30T19:10:44Z,2026-11-27,89,89000.0,C,0.0335,0.035,0.0343,79887.33,78988.35,0.3788,0.31358,2e-05,139.49602,10.9,0.1
2026-08-30T19:10:44Z,2026-11-27,89,89000.0,P,0.146,0.15,0.1484,79887.33,78988.35,0.3788,-0.68642,2e-05,139.49602,0.0,0.0
2026-08-30T19:10:44Z,2026-11-27,89,90000.0,C,0.031,0.032,0.0315,79887.33,78988.35,0.38,0.29344,2e-05,135.42173,7.5,0.0
2026-08-30T19:10:44Z,2026-11-27,89,90000.0,P,0.155,0.16,0.158,79887.33,78988.35,0.38,-0.70656,2e-05,135.42173,0.2,0.0
2026-08-30T19:10:44Z,2026-11-27,89,91000.0,C,0.028,0.0295,0.0289,79887.33,78988.35,0.3812,0.27427,2e-05,131.10945,12.2,0.6
2026-08-30T19:10:44Z,2026-11-27,89,91000.0,P,0.165,0.17,0.168,79887.33,78988.35,0.3812,-0.72573,2e-05,131.10945,0.0,0.0
2026-08-30T19:10:44Z,2026-11-27,89,92000.0,C,0.026,0.027,0.0265,79887.33,78988.35,0.3824,0.25607,2e-05,126.6161,6.5,4.3
2026-08-30T19:10:44Z,2026-11-27,89,92000.0,P,0.175,0.18,0.1781,79887.49,78988.35,0.3824,-0.74393,2e-05,126.61723,2.1,0.0
2026-08-30T19:10:44Z,2026-11-27,89,93000.0,C,0.0235,0.0245,0.0242,79887.49,78988.35,0.3836,0.23885,2e-05,121.99179,5.2,4.9
2026-08-30T19:10:44Z,2026-11-27,89,93000.0,P,0.185,0.1905,0.1884,79887.49,78988.35,0.3836,-0.76115,2e-05,121.99179,0.0,0.0
2026-08-30T19:10:44Z,2026-11-27,89,94000.0,C,0.0215,0.0225,0.0222,79887.33,78988.35,0.385,0.2227,2e-05,117.31319,30.2,16.9
2026-08-30T19:10:44Z,2026-11-27,89,94000.0,P,0.1955,0.201,0.1989,79887.33,78988.35,0.385,-0.7773,2e-05,117.31319,0.0,0.0
2026-08-30T19:10:44Z,2026-11-27,89,96000.0,C,0.018,0.019,0.0186,79887.49,78988.35,0.387,0.19253,2e-05,107.63739,8.0,1.1
2026-08-30T19:10:44Z,2026-11-27,89,96000.0,P,0.217,0.2225,0.2203,79887.49,78988.35,0.387,-0.80747,2e-05,107.63739,0.0,0.0
2026-08-30T19:10:44Z,2026-11-27,89,98000.0,C,0.015,0.016,0.0157,79887.33,78988.35,0.39030000000000004,0.16681,2e-05,98.35934,23.7,0.2
2026-08-30T19:10:44Z,2026-11-27,89,98000.0,P,0.2395,0.245,0.2424,79887.49,78988.35,0.39030000000000004,-0.83318,2e-05,98.36053,0.0,0.0
2026-08-30T19:10:44Z,2026-11-27,89,100000.0,C,0.013,0.014,0.0135,79887.33,78988.35,0.396,0.14594,1e-05,90.06617,52.9,1.0
2026-08-30T19:10:44Z,2026-11-27,89,100000.0,P,0.2615,0.2675,0.2652,79887.49,78988.35,0.396,-0.85406,1e-05,90.06733,0.0,0.0
2026-08-30T19:10:44Z,2026-11-27,89,102000.0,C,0.011,0.012,0.0114,79887.33,78988.35,0.39990000000000003,0.12671,1e-05,81.76392,32.8,1.6
2026-08-30T19:10:44Z,2026-11-27,89,102000.0,P,0.2845,0.291,0.2882,79887.33,78988.35,0.39990000000000003,-0.87329,1e-05,81.76392,0.0,0.0
2026-08-30T19:10:44Z,2026-11-27,89,104000.0,C,0.009,0.01,0.0096,79887.33,78988.35,0.402,0.10874,1e-05,73.37006,4.0,0.2
2026-08-30T19:10:44Z,2026-11-27,89,104000.0,P,0.3075,0.3145,0.3114,79887.33,78988.35,0.402,-0.89126,1e-05,73.37006,0.0,0.0
2026-08-30T19:10:44Z,2026-11-27,89,105000.0,C,0.0085,0.0095,0.009,79887.33,78988.35,0.4057,0.10236,1e-05,70.23484,1.3,1.1
2026-08-30T19:10:44Z,2026-11-27,89,105000.0,P,0.3195,0.326,0.3233,79887.53,78988.35,0.4057,-0.89763,1e-05,70.23639,0.0,0.0
2026-08-30T19:10:44Z,2026-11-27,89,106000.0,C,0.008,0.009,0.0085,79887.43,78988.35,0.40979999999999994,0.09676,1e-05,67.40196,4.0,0.0
2026-08-30T19:10:44Z,2026-11-27,89,106000.0,P,0.331,0.338,0.3353,79887.43,78988.35,0.40979999999999994,-0.90324,1e-05,67.40196,0.0,0.0
2026-08-30T19:10:44Z,2026-11-27,89,108000.0,C,0.007,0.0075,0.0073,79887.43,78988.35,0.41490000000000005,0.08479,1e-05,61.10941,10.9,0.0
2026-08-30T19:10:44Z,2026-11-27,89,108000.0,P,0.355,0.362,0.3592,79887.43,78988.35,0.41490000000000005,-0.91521,1e-05,61.11009,0.0,0.0
2026-08-30T19:10:44Z,2026-11-27,89,110000.0,C,0.006,0.0065,0.0063,79887.53,78988.35,0.4191,0.074,1e-05,55.1275,1.0,0.0
2026-08-30T19:10:44Z,2026-11-27,89,110000.0,P,0.379,0.3865,0.3832,79887.53,78988.35,0.4191,-0.926,1e-05,55.1275,0.0,0.0
2026-08-30T19:10:44Z,2026-11-27,89,115000.0,C,0.0043,0.0046,0.0045,79887.53,78988.35,0.43170000000000003,0.05399,1e-05,43.12882,7.9,0.0
2026-08-30T19:10:44Z,2026-11-27,89,115000.0,P,0.4395,0.4475,0.444,79887.53,78988.35,0.43170000000000003,-0.94601,1e-05,43.12882,0.0,0.0
2026-08-30T19:10:44Z,2026-11-27,89,120000.0,C,0.0033,0.0036,0.0034,79887.53,78988.35,0.4462,0.0408,0.0,34.45441,16.9,0.0
2026-08-30T19:10:44Z,2026-11-27,89,120000.0,P,0.5015,0.509,0.5055,79887.53,78988.35,0.4462,-0.9592,0.0,34.45441,0.0,0.0
2026-08-30T19:10:44Z,2026-12-25,117,20000.0,C,0.75,0.752,0.7512,80225.64,78988.35,0.9768000000000001,0.99739,0.0,3.66065,4.2,0.0
2026-08-30T19:10:44Z,2026-12-25,117,20000.0,P,0.0004,0.0006,0.0005,80225.51,78988.35,0.9768000000000001,-0.00261,0.0,3.66067,325.4,0.0
2026-08-30T19:10:44Z,2026-12-25,117,30000.0,C,0.626,0.628,0.6273,80225.64,78988.35,0.7857,0.99261,0.0,9.26614,300.6,0.0
2026-08-30T19:10:44Z,2026-12-25,117,30000.0,P,0.0012,0.0016,0.0012,80225.51,78988.35,0.7857,-0.00739,0.0,9.26621,2134.9,0.2
2026-08-30T19:10:44Z,2026-12-25,117,35000.0,C,0.5635,0.5665,0.5655,80225.64,78988.35,0.7047,0.98876,0.0,13.37488,77.8,0.0
2026-08-30T19:10:44Z,2026-12-25,117,35000.0,P,0.0016,0.002,0.0018,80225.64,78988.35,0.7047,-0.01124,0.0,13.37488,2386.4,0.1
2026-08-30T19:10:44Z,2026-12-25,117,40000.0,C,0.502,0.505,0.5042,80225.64,78988.35,0.6452,0.98175,0.0,20.3036,250.9,0.2
2026-08-30T19:10:44Z,2026-12-25,117,40000.0,P,0.0025,0.0029,0.0027,80225.64,78988.35,0.6452,-0.01825,0.0,20.3036,4466.8,1.9
2026-08-30T19:10:44Z,2026-12-25,117,45000.0,C,0.4405,0.444,0.4428,80225.64,78988.35,0.5767,0.97364,0.0,27.69828,54.3,0.0
2026-08-30T19:10:44Z,2026-12-25,117,45000.0,P,0.0035,0.004,0.0037,80225.58,78988.35,0.5767,-0.02636,0.0,27.69843,2839.4,0.4
2026-08-30T19:10:44Z,2026-12-25,117,50000.0,C,0.38,0.3835,0.3823,80225.58,78988.35,0.5267000000000001,0.95886,0.0,39.96611,260.8,0.0
2026-08-30T19:10:44Z,2026-12-25,117,50000.0,P,0.0055,0.006,0.0056,80225.58,78988.35,0.5267000000000001,-0.04114,0.0,39.96611,2158.2,1.8
2026-08-30T19:10:44Z,2026-12-25,117,52000.0,C,0.356,0.36,0.3583,80225.58,78988.35,0.5069,0.95124,0.0,45.82053,0.1,0.0
2026-08-30T19:10:44Z,2026-12-25,117,52000.0,P,0.006,0.007,0.0065,80225.58,78988.35,0.5069,-0.04876,0.0,45.82053,541.3,1.2
2026-08-30T19:10:44Z,2026-12-25,117,54000.0,C,0.3325,0.3365,0.3347,80225.62,78988.35,0.4902,0.94153,1e-05,52.9151,33.1,0.0
2026-08-30T19:10:44Z,2026-12-25,117,54000.0,P,0.007,0.0085,0.0078,80225.62,78988.35,0.4902,-0.05847,1e-05,52.9151,1856.3,1.1
2026-08-30T19:10:44Z,2026-12-25,117,55000.0,C,0.3205,0.3245,0.3229,80225.58,78988.35,0.4825,0.93587,1e-05,56.87978,44.9,0.0
2026-08-30T19:10:44Z,2026-12-25,117,55000.0,P,0.008,0.009,0.0085,80225.58,78988.35,0.4825,-0.06413,1e-05,56.87978,2617.4,30.0
2026-08-30T19:10:44Z,2026-12-25,117,56000.0,C,0.309,0.313,0.3112,80225.58,78988.35,0.474,0.93005,1e-05,60.83374,41.5,0.0
2026-08-30T19:10:44Z,2026-12-25,117,56000.0,P,0.0085,0.01,0.0092,80225.58,78988.35,0.474,-0.06995,1e-05,60.83374,488.1,0.0
2026-08-30T19:10:44Z,2026-12-25,117,58000.0,C,0.286,0.29,0.2881,80225.58,78988.35,0.4587,0.91639,1e-05,69.67022,40.3,0.0
2026-08-30T19:10:44Z,2026-12-25,117,58000.0,P,0.0105,0.0115,0.011,80225.58,78988.35,0.4587,-0.08361,1e-05,69.67022,1929.9,0.0
2026-08-30T19:10:44Z,2026-12-25,117,60000.0,C,0.2635,0.2675,0.2656,80225.58,78988.35,0.4471,0.89905,1e-05,80.1043,789.9,0.0
2026-08-30T19:10:44Z,2026-12-25,117,60000.0,P,0.013,0.014,0.0135,80225.58,78988.35,0.4471,-0.10095,1e-05,80.1043,6467.3,1.3
2026-08-30T19:10:44Z,2026-12-25,117,62000.0,C,0.2415,0.2455,0.2434,80225.58,78988.35,0.43420000000000003,0.87962,1e-05,90.88,247.1,0.0
2026-08-30T19:10:44Z,2026-12-25,117,62000.0,P,0.0155,0.0165,0.0162,80225.58,78988.35,0.43420000000000003,-0.12038,1e-05,90.88,1557.4,0.0
2026-08-30T19:10:44Z,2026-12-25,117,64000.0,C,0.22,0.224,0.222,80225.58,78988.35,0.4242,0.85603,1e-05,102.82487,405.2,0.0
2026-08-30T19:10:44Z,2026-12-25,117,64000.0,P,0.019,0.02,0.0198,80225.58,78988.35,0.4242,-0.14397,1e-05,102.82487,348.4,1.0
2026-08-30T19:10:44Z,2026-12-25,117,65000.0,C,0.2095,0.2135,0.2117,80225.58,78988.35,0.4205,0.84244,1e-05,109.19051,948.1,0.0
2026-08-30T19:10:44Z,2026-12-25,117,65000.0,P,0.0215,0.0225,0.022,80225.62,78988.35,0.4205,-0.15756,1e-05,109.19034,833.0,0.0
2026-08-30T19:10:44Z,2026-12-25,117,66000.0,C,0.1995,0.2035,0.2015,80225.58,78988.35,0.41609999999999997,0.82836,1e-05,115.41859,279.9,0.0
2026-08-30T19:10:44Z,2026-12-25,117,66000.0,P,0.0235,0.0245,0.0242,80225.58,78988.35,0.41609999999999997,-0.17164,1e-05,115.41859,372.7,0.0
2026-08-30T19:10:44Z,2026-12-25,117,68000.0,C,0.181,0.183,0.182,80225.58,78988.35,0.4094,0.79685,2e-05,128.10301,1033.6,0.1
2026-08-30T19:10:44Z,2026-12-25,117,68000.0,P,0.029,0.03,0.0296,80225.58,78988.35,0.4094,-0.20315,2e-05,128.10301,554.8,0.0
2026-08-30T19:10:44Z,2026-12-25,117,70000.0,C,0.1625,0.1645,0.1633,80225.58,78988.35,0.40299999999999997,0.76195,2e-05,140.29493,1928.2,0.0
2026-08-30T19:10:44Z,2026-12-25,117,70000.0,P,0.035,0.0365,0.0358,80225.58,78988.35,0.40299999999999997,-0.23805,2e-05,140.29493,1267.1,0.1
2026-08-30T19:10:44Z,2026-12-25,117,72000.0,C,0.145,0.147,0.1459,80225.58,78988.35,0.3985,0.72343,2e-05,151.68059,1271.1,0.0
2026-08-30T19:10:44Z,2026-12-25,117,72000.0,P,0.0425,0.044,0.0433,80225.62,78988.35,0.3985,-0.27657,2e-05,151.68047,642.4,0.2
2026-08-30T19:10:44Z,2026-12-25,117,74000.0,C,0.129,0.1305,0.1297,80225.62,78988.35,0.3948,0.68212,2e-05,161.65452,139.4,0.0
2026-08-30T19:10:44Z,2026-12-25,117,74000.0,P,0.0515,0.0525,0.0521,80225.62,78988.35,0.3948,-0.31788,2e-05,161.65452,153.8,1.2
2026-08-30T19:10:44Z,2026-12-25,117,75000.0,C,0.121,0.123,0.122,80225.62,78988.35,0.3931,0.66068,2e-05,165.96988,1947.3,0.0
2026-08-30T19:10:44Z,2026-12-25,117,75000.0,P,0.056,0.0575,0.0569,80225.58,78988.35,0.3931,-0.33932,2e-05,165.96995,1108.4,0.0
2026-08-30T19:10:44Z,2026-12-25,117,76000.0,C,0.1135,0.1155,0.1146,80225.58,78988.35,0.39149999999999996,0.63879,2e-05,169.78619,411.9,0.0
2026-08-30T19:10:44Z,2026-12-25,117,76000.0,P,0.0615,0.0625,0.0619,80225.58,78988.35,0.39149999999999996,-0.36121,2e-05,169.78619,185.8,0.0
2026-08-30T19:10:44Z,2026-12-25,117,78000.0,C,0.1005,0.1015,0.101,80225.58,78988.35,0.3895,0.59401,2e-05,175.79876,1083.1,1.0
2026-08-30T19:10:44Z,2026-12-25,117,78000.0,P,0.0725,0.074,0.0732,80225.62,78988.35,0.3895,-0.40599,2e-05,175.79875,575.4,1.5
2026-08-30T19:10:44Z,2026-12-25,117,80000.0,C,0.088,0.0895,0.0887,80225.58,78988.35,0.3883,0.54877,2e-05,179.49062,8590.0,16.9
2026-08-30T19:10:44Z,2026-12-25,117,80000.0,P,0.085,0.086,0.0858,80225.58,78988.35,0.3883,-0.45123,2e-05,179.49062,1210.6,2.2
2026-08-30T19:10:44Z,2026-12-25,117,82000.0,C,0.0765,0.078,0.0774,80225.62,78988.35,0.38689999999999997,0.50368,2e-05,180.8359,1213.7,0.0
2026-08-30T19:10:44Z,2026-12-25,117,82000.0,P,0.099,0.1,0.0995,80225.62,78988.35,0.38689999999999997,-0.49632,2e-05,180.8359,174.7,0.0
2026-08-30T19:10:44Z,2026-12-25,117,84000.0,C,0.0665,0.068,0.0673,80225.58,78988.35,0.3861,0.45951,2e-05,179.9111,1188.4,0.0
2026-08-30T19:10:44Z,2026-12-25,117,84000.0,P,0.1135,0.115,0.1144,80225.58,78988.35,0.3861,-0.54049,2e-05,179.9111,50.0,0.6
2026-08-30T19:10:44Z,2026-12-25,117,85000.0,C,0.062,0.0635,0.0628,80225.54,78988.35,0.3859,0.43798,2e-05,178.65347,2009.5,21.7
2026-08-30T19:10:44Z,2026-12-25,117,85000.0,P,0.1215,0.123,0.1223,80225.56,78988.35,0.3859,-0.56202,2e-05,178.65355,517.8,1.8
2026-08-30T19:10:44Z,2026-12-25,117,86000.0,C,0.058,0.059,0.0585,80225.58,78988.35,0.3859,0.41694,2e-05,176.90974,321.8,1.5
2026-08-30T19:10:44Z,2026-12-25,117,86000.0,P,0.1295,0.131,0.1304,80225.58,78988.35,0.3859,-0.58306,2e-05,176.90974,44.4,4.4
2026-08-30T19:10:44Z,2026-12-25,117,88000.0,C,0.05,0.051,0.0505,80225.58,78988.35,0.3856,0.37614,2e-05,172.05614,3344.2,5.7
2026-08-30T19:10:44Z,2026-12-25,117,88000.0,P,0.146,0.1485,0.1474,80225.58,78988.35,0.3856,-0.62386,2e-05,172.05614,4.5,0.0
2026-08-30T19:10:44Z,2026-12-25,117,90000.0,C,0.043,0.0445,0.0438,80225.58,78988.35,0.3865,0.33827,2e-05,165.77214,4046.6,7.1
2026-08-30T19:10:44Z,2026-12-25,117,90000.0,P,0.1635,0.168,0.1656,80225.62,78988.35,0.3865,-0.66172,2e-05,165.77238,648.9,1.3
2026-08-30T19:10:44Z,2026-12-25,117,92000.0,C,0.037,0.0385,0.0378,80225.58,78988.35,0.3876,0.30301,2e-05,158.32045,331.5,0.0
2026-08-30T19:10:44Z,2026-12-25,117,92000.0,P,0.1825,0.187,0.1846,80225.58,78988.35,0.3876,-0.69699,2e-05,158.32045,6.6,0.0
2026-08-30T19:10:44Z,2026-12-25,117,94000.0,C,0.032,0.0335,0.0327,80225.58,78988.35,0.3892,0.27076,2e-05,150.09527,177.6,0.1
2026-08-30T19:10:44Z,2026-12-25,117,94000.0,P,0.202,0.207,0.2044,80225.58,78988.35,0.3892,-0.72924,2e-05,150.09527,5.3,0.0
2026-08-30T19:10:44Z,2026-12-25,117,95000.0,C,0.03,0.031,0.0305,80228.02,78988.35,0.39039999999999997,0.25595,2e-05,145.8487,1438.9,2.1
2026-08-30T19:10:44Z,2026-12-25,117,95000.0,P,0.212,0.218,0.2147,80228.02,78988.35,0.39039999999999997,-0.74405,2e-05,145.8487,109.5,0.3
2026-08-30T19:10:44Z,2026-12-25,117,96000.0,C,0.0275,0.029,0.0283,80228.02,78988.35,0.3909,0.24132,2e-05,141.34638,1461.8,0.0
2026-08-30T19:10:44Z,2026-12-25,117,96000.0,P,0.2225,0.2285,0.2249,80225.52,78988.35,0.3909,-0.75873,2e-05,141.32797,23.9,1.8
2026-08-30T19:10:44Z,2026-12-25,117,98000.0,C,0.024,0.025,0.0245,80225.52,78988.35,0.39280000000000004,0.21453,2e-05,132.28328,284.9,2.6
2026-08-30T19:10:44Z,2026-12-25,117,98000.0,P,0.2435,0.2495,0.246,80228.02,78988.35,0.39280000000000004,-0.78543,2e-05,132.30209,1.2,0.0
2026-08-30T19:10:44Z,2026-12-25,117,100000.0,C,0.021,0.022,0.0214,80225.52,78988.35,0.3962,0.19154,2e-05,123.6243,6027.0,80.1
2026-08-30T19:10:44Z,2026-12-25,117,100000.0,P,0.265,0.2715,0.2679,80228.02,78988.35,0.3962,-0.80842,2e-05,123.64317,303.3,0.0
2026-08-30T19:10:44Z,2026-12-25,117,102000.0,C,0.018,0.019,0.0187,80228.02,78988.35,0.3995,0.17082,1e-05,115.07048,384.1,0.0
2026-08-30T19:10:44Z,2026-12-25,117,102000.0,P,0.2875,0.2935,0.2901,80228.02,78988.35,0.3995,-0.82918,1e-05,115.07048,7.8,0.0
2026-08-30T19:10:44Z,2026-12-25,117,104000.0,C,0.0155,0.017,0.0163,80228.02,78988.35,0.4023,0.15196,1e-05,106.6111,89.7,0.0
2026-08-30T19:10:44Z,2026-12-25,117,104000.0,P,0.31,0.3165,0.3126,80228.02,78988.35,0.4023,-0.84804,1e-05,106.6111,0.1,0.0
2026-08-30T19:10:44Z,2026-12-25,117,105000.0,C,0.0145,0.016,0.0152,80228.02,78988.35,0.4039,0.14347,1e-05,102.5846,904.7,10.6
2026-08-30T19:10:44Z,2026-12-25,117,105000.0,P,0.321,0.328,0.324,80228.02,78988.35,0.4039,-0.85653,1e-05,102.5846,109.4,0.0
2026-08-30T19:10:44Z,2026-12-25,117,106000.0,C,0.014,0.015,0.0143,80225.52,78988.35,0.4061,0.13577,1e-05,98.8048,742.4,0.0
2026-08-30T19:10:44Z,2026-12-25,117,106000.0,P,0.3325,0.3395,0.3356,80225.52,78988.35,0.4061,-0.86423,1e-05,98.8048,0.2,0.0
2026-08-30T19:10:44Z,2026-12-25,117,108000.0,C,0.012,0.013,0.0125,80228.02,78988.35,0.409,0.12084,1e-05,91.12773,138.8,4.2
2026-08-30T19:10:44Z,2026-12-25,117,108000.0,P,0.356,0.3625,0.3587,80225.52,78988.35,0.409,-0.87919,1e-05,91.1105,0.1,0.0
2026-08-30T19:10:44Z,2026-12-25,117,110000.0,C,0.0105,0.0115,0.0111,80228.72,78988.35,0.4133,0.10849,1e-05,84.39955,2761.1,0.0
2026-08-30T19:10:44Z,2026-12-25,117,110000.0,P,0.3785,0.386,0.3822,80227.93,78988.35,0.4133,-0.89152,1e-05,84.39433,55.7,0.0
2026-08-30T19:10:44Z,2026-12-25,117,115000.0,C,0.008,0.009,0.0084,80228.72,78988.35,0.42560000000000003,0.08425,1e-05,70.07686,2289.0,0.0
2026-08-30T19:10:44Z,2026-12-25,117,115000.0,P,0.438,0.4455,0.4419,80228.72,78988.35,0.42560000000000003,-0.91575,1e-05,70.07686,5.0,0.0
2026-08-30T19:10:44Z,2026-12-25,117,120000.0,C,0.006,0.007,0.0065,80228.72,78988.35,0.4368,0.06581,1e-05,58.03148,5811.2,0.0
2026-08-30T19:10:44Z,2026-12-25,117,120000.0,P,0.498,0.506,0.5023,80228.72,78988.35,0.4368,-0.93419,1e-05,58.03148,35.7,0.0
2026-08-30T19:10:44Z,2026-12-25,117,125000.0,C,0.0047,0.0055,0.0051,80228.72,78988.35,0.4482,0.05216,1e-05,48.35719,585.6,0.5
2026-08-30T19:10:44Z,2026-12-25,117,125000.0,P,0.5585,0.5665,0.5632,80228.72,78988.35,0.4482,-0.94784,1e-05,48.35719,9.1,0.0
2026-08-30T19:10:44Z,2026-12-25,117,130000.0,C,0.0037,0.0042,0.004,80228.72,78988.35,0.4581,0.04134,0.0,40.12048,1535.0,0.2
2026-08-30T19:10:44Z,2026-12-25,117,130000.0,P,0.6205,0.628,0.6244,80228.72,78988.35,0.4581,-0.95866,0.0,40.12048,54.0,0.0
2026-08-30T19:10:44Z,2026-12-25,117,135000.0,C,0.0031,0.0035,0.0033,80228.72,78988.35,0.4718,0.03446,0.0,34.58745,1347.3,2.0
2026-08-30T19:10:44Z,2026-12-25,117,135000.0,P,0.682,0.6905,0.6861,80228.72,78988.35,0.4718,-0.96554,0.0,34.58745,0.7,0.0
2026-08-30T19:10:44Z,2026-12-25,117,140000.0,C,0.0024,0.0029,0.0027,80227.93,78988.35,0.4819,0.02815,0.0,29.25226,1424.1,0.0
2026-08-30T19:10:44Z,2026-12-25,117,140000.0,P,0.7435,0.7525,0.7478,80228.72,78988.35,0.4819,-0.97185,0.0,29.25457,0.4,0.0
2026-08-30T19:10:44Z,2026-12-25,117,150000.0,C,0.0017,0.0022,0.002,80228.72,78988.35,0.5059,0.02037,0.0,22.29538,1831.2,0.1
2026-08-30T19:10:44Z,2026-12-25,117,150000.0,P,0.867,0.8765,0.8717,80227.93,78988.35,0.5059,-0.97963,0.0,22.29359,3.8,0.0
2026-08-30T19:10:44Z,2026-12-25,117,160000.0,C,0.0012,0.0017,0.0014,80228.72,78988.35,0.5264,0.01493,0.0,17.09576,1286.9,9.0
2026-08-30T19:10:44Z,2026-12-25,117,160000.0,P,0.991,1.0085,0.9957,80230.31,78988.35,0.5264,-0.98507,0.0,17.09859,0.1,0.0
2026-08-30T19:10:44Z,2026-12-25,117,170000.0,C,0.0009,0.0014,0.0011,80228.6,78988.35,0.5482,0.01163,0.0,13.77808,2392.1,0.1
2026-08-30T19:10:44Z,2026-12-25,117,170000.0,P,1.104,1.1305,1.1201,80230.31,78988.35,0.5482,-0.98837,0.0,13.78053,0.1,0.0
2026-08-30T19:10:44Z,2026-12-25,117,180000.0,C,0.0007,0.0011,0.0009,80230.31,78988.35,0.5689,0.00931,0.0,11.34921,934.5,0.0
2026-08-30T19:10:44Z,2026-12-25,117,180000.0,P,1.2275,1.256,1.2445,80228.6,78988.35,0.5689,-0.99069,0.0,11.3472,0.1,0.0
2026-08-30T19:10:44Z,2026-12-25,117,190000.0,C,0.0007,0.0009,0.0008,80230.31,78988.35,0.5911,0.00788,0.0,9.80652,1026.7,0.0
2026-08-30T19:10:44Z,2026-12-25,117,190000.0,P,1.3505,1.381,1.369,80230.31,78988.35,0.5911,-0.99212,0.0,9.80652,0.0,0.0
2026-08-30T19:10:44Z,2026-12-25,117,200000.0,C,0.0005,0.0008,0.0007,80228.6,78988.35,0.609,0.00652,0.0,8.30196,969.3,0.1
2026-08-30T19:10:44Z,2026-12-25,117,200000.0,P,1.475,1.51,1.4936,80228.6,78988.35,0.609,-0.99348,0.0,8.30196,0.0,0.0
2026-08-30T19:10:44Z,2026-12-25,117,210000.0,C,0.0002,0.0007,0.0005,80230.31,78988.35,0.6196,0.00504,0.0,6.5971,162.0,0.8
2026-08-30T19:10:44Z,2026-12-25,117,210000.0,P,1.5975,1.6335,1.618,80228.6,78988.35,0.6196,-0.99496,0.0,6.59592,0.0,0.0
2026-08-30T19:10:44Z,2026-12-25,117,220000.0,C,0.0003,0.0006,0.0004,80228.6,78988.35,0.6324000000000001,0.00409,0.0,5.48092,253.6,0.0
2026-08-30T19:10:44Z,2026-12-25,117,220000.0,P,1.7225,1.758,1.7426,80230.31,78988.35,0.6324000000000001,-0.99591,0.0,5.4819,0.0,0.0
2026-08-30T19:10:44Z,2026-12-25,117,230000.0,C,0.0002,0.0005,0.0004,80230.31,78988.35,0.6534,0.00382,0.0,5.14916,190.5,0.1
2026-08-30T19:10:44Z,2026-12-25,117,230000.0,P,1.845,1.8825,1.8672,80230.31,78988.35,0.6534,-0.99618,0.0,5.14916,0.0,0.0
2026-08-30T19:10:44Z,2026-12-25,117,240000.0,C,0.0002,0.0005,0.0004,80230.31,78988.35,0.6739,0.0036,0.0,4.88967,785.1,0.0
2026-08-30T19:10:44Z,2026-12-25,117,240000.0,P,1.9675,2.01,1.9919,80230.31,78988.35,0.6739,-0.9964,0.0,4.88967,0.0,0.0
2026-08-30T19:10:44Z,2026-12-25,117,250000.0,C,0.0002,0.0004,0.0003,80230.31,78988.35,0.6778,0.00275,0.0,3.83667,1279.3,0.4
2026-08-30T19:10:44Z,2026-12-25,117,250000.0,P,2.091,2.135,2.1164,80230.31,78988.35,0.6778,-0.99725,0.0,3.83667,10.0,0.0
2026-08-30T19:10:44Z,2027-03-26,208,35000.0,C,0.5705,0.574,0.5721,81135.99,78988.35,0.5954999999999999,0.982,0.0,27.08452,11.1,0.2
2026-08-30T19:10:44Z,2027-03-26,208,35000.0,P,0.003,0.0039,0.0034,81137.43,78988.35,0.5954999999999999,-0.018,0.0,27.08275,619.2,0.2
2026-08-30T19:10:44Z,2027-03-26,208,40000.0,C,0.5105,0.5145,0.5122,81137.43,78988.35,0.5512,0.9719,0.0,39.42197,81.3,0.0
2026-08-30T19:10:44Z,2027-03-26,208,40000.0,P,0.005,0.0055,0.0052,81137.43,78988.35,0.5512,-0.0281,0.0,39.42197,1830.8,0.0
2026-08-30T19:10:44Z,2027-03-26,208,45000.0,C,0.4515,0.4555,0.4536,81137.43,78988.35,0.5179,0.95588,0.0,57.07602,3.3,0.0
2026-08-30T19:10:44Z,2027-03-26,208,45000.0,P,0.0075,0.0085,0.0082,81137.43,78988.35,0.5179,-0.04412,0.0,57.07602,262.8,0.0
2026-08-30T19:10:44Z,2027-03-26,208,50000.0,C,0.3925,0.398,0.3965,81137.43,78988.35,0.4899,0.93259,0.0,79.79497,20.6,0.0
2026-08-30T19:10:44Z,2027-03-26,208,50000.0,P,0.012,0.0135,0.0128,81137.43,78988.35,0.4899,-0.06741,0.0,79.79497,2457.9,0.0
2026-08-30T19:10:44Z,2027-03-26,208,52000.0,C,0.37,0.3755,0.3739,81137.43,78988.35,0.47659999999999997,0.92186,1e-05,89.35383,5.3,0.0
2026-08-30T19:10:44Z,2027-03-26,208,52000.0,P,0.014,0.0155,0.0148,81137.43,78988.35,0.47659999999999997,-0.07814,1e-05,89.35383,123.8,0.2
2026-08-30T19:10:44Z,2027-03-26,208,54000.0,C,0.3495,0.3535,0.3518,81135.99,78988.35,0.46659999999999996,0.90874,1e-05,100.37903,0.1,0.0
2026-08-30T19:10:44Z,2027-03-26,208,54000.0,P,0.0165,0.018,0.0174,81137.43,78988.35,0.46659999999999996,-0.09125,1e-05,100.37406,84.0,0.0
2026-08-30T19:10:44Z,2027-03-26,208,55000.0,C,0.335,0.3425,0.341,81137.43,78988.35,0.4621,0.90148,1e-05,106.21075,28.6,0.0
2026-08-30T19:10:44Z,2027-03-26,208,55000.0,P,0.018,0.0195,0.0189,81137.43,78988.35,0.4621,-0.09852,1e-05,106.21075,1256.4,0.0
2026-08-30T19:10:44Z,2027-03-26,208,56000.0,C,0.328,0.332,0.3303,81137.43,78988.35,0.45770000000000005,0.8938,1e-05,112.17032,16.9,0.0
2026-08-30T19:10:44Z,2027-03-26,208,56000.0,P,0.0195,0.0215,0.0205,81137.43,78988.35,0.45770000000000005,-0.1062,1e-05,112.17032,120.7,0.0
2026-08-30T19:10:44Z,2027-03-26,208,58000.0,C,0.3045,0.311,0.3092,81142.91,78988.35,0.44920000000000004,0.87711,1e-05,124.4573,4.3,0.0
2026-08-30T19:10:44Z,2027-03-26,208,58000.0,P,0.023,0.025,0.024,81142.91,78988.35,0.44920000000000004,-0.12289,1e-05,124.4573,134.9,0.0
2026-08-30T19:10:44Z,2027-03-26,208,60000.0,C,0.284,0.2905,0.2889,81142.91,78988.35,0.4429,0.8579,1e-05,137.56451,649.0,0.0
2026-08-30T19:10:44Z,2027-03-26,208,60000.0,P,0.028,0.029,0.0284,81142.91,78988.35,0.4429,-0.1421,1e-05,137.56451,802.4,0.0
2026-08-30T19:10:44Z,2027-03-26,208,62000.0,C,0.2665,0.2705,0.2689,81142.91,78988.35,0.4354,0.83737,1e-05,150.46049,60.7,0.0
2026-08-30T19:10:44Z,2027-03-26,208,62000.0,P,0.032,0.034,0.0331,81142.91,78988.35,0.4354,-0.16263,1e-05,150.46049,260.1,0.0
2026-08-30T19:10:44Z,2027-03-26,208,64000.0,C,0.244,0.2515,0.2498,81142.91,78988.35,0.42950000000000005,0.81454,1e-05,163.57606,141.8,0.0
2026-08-30T19:10:44Z,2027-03-26,208,64000.0,P,0.0375,0.0395,0.0386,81142.91,78988.35,0.42950000000000005,-0.18546,1e-05,163.57606,126.0,0.0
2026-08-30T19:10:44Z,2027-03-26,208,65000.0,C,0.238,0.242,0.2405,81142.91,78988.35,0.4268,0.80239,1e-05,170.05941,366.9,0.0
2026-08-30T19:10:44Z,2027-03-26,208,65000.0,P,0.0405,0.0425,0.0416,81142.91,78988.35,0.4268,-0.19761,1e-05,170.05941,873.9,0.0
2026-08-30T19:10:44Z,2027-03-26,208,66000.0,C,0.2305,0.233,0.2316,81142.91,78988.35,0.425,0.78954,1e-05,176.56606,23.8,0.0
2026-08-30T19:10:44Z,2027-03-26,208,66000.0,P,0.044,0.046,0.045,81142.91,78988.35,0.425,-0.21046,1e-05,176.56606,114.4,0.0
2026-08-30T19:10:44Z,2027-03-26,208,68000.0,C,0.213,0.2155,0.214,81142.91,78988.35,0.4204,0.76299,1e-05,188.90717,196.5,0.0
2026-08-30T19:10:44Z,2027-03-26,208,68000.0,P,0.051,0.053,0.0521,81142.91,78988.35,0.4204,-0.23701,1e-05,188.90717,293.7,0.3
2026-08-30T19:10:44Z,2027-03-26,208,70000.0,C,0.196,0.1985,0.1973,81142.91,78988.35,0.4164,0.73481,1e-05,200.48176,797.9,0.0
2026-08-30T19:10:44Z,2027-03-26,208,70000.0,P,0.059,0.061,0.0601,81136.82,78988.35,0.4164,-0.26527,1e-05,200.49678,738.9,0.6
2026-08-30T19:10:44Z,2027-03-26,208,72000.0,C,0.1805,0.183,0.1815,81142.91,78988.35,0.413,0.70527,1e-05,211.02292,95.2,0.1
2026-08-30T19:10:44Z,2027-03-26,208,72000.0,P,0.068,0.0695,0.0689,81136.82,78988.35,0.413,-0.29482,1e-05,211.03453,156.2,1.0
2026-08-30T19:10:44Z,2027-03-26,208,74000.0,C,0.1655,0.1675,0.1666,81142.91,78988.35,0.41009999999999996,0.67459,1e-05,220.32996,77.1,0.0
2026-08-30T19:10:44Z,2027-03-26,208,74000.0,P,0.0775,0.0795,0.0786,81142.81,78988.35,0.41009999999999996,-0.32541,1e-05,220.33006,155.3,0.4
2026-08-30T19:10:44Z,2027-03-26,208,76000.0,C,0.1515,0.1535,0.1524,81142.81,78988.35,0.40700000000000003,0.64312,1e-05,228.2138,530.4,0.2
2026-08-30T19:10:44Z,2027-03-26,208,76000.0,P,0.0885,0.09,0.0891,81142.81,78988.35,0.40700000000000003,-0.35688,1e-05,228.2138,135.9,4.0
2026-08-30T19:10:44Z,2027-03-26,208,78000.0,C,0.1385,0.1405,0.1395,81142.81,78988.35,0.40549999999999997,0.61106,2e-05,234.57407,568.3,2.0
2026-08-30T19:10:44Z,2027-03-26,208,78000.0,P,0.1,0.1015,0.1008,81142.81,78988.35,0.40549999999999997,-0.38894,2e-05,234.57407,223.2,0.1
2026-08-30T19:10:44Z,2027-03-26,208,80000.0,C,0.1265,0.1285,0.1276,81142.81,78988.35,0.4048,0.57891,2e-05,239.30416,980.6,0.0
2026-08-30T19:10:44Z,2027-03-26,208,80000.0,P,0.1125,0.1145,0.1136,81142.81,78988.35,0.4048,-0.42109,2e-05,239.30416,214.5,0.0
2026-08-30T19:10:44Z,2027-03-26,208,82000.0,C,0.1155,0.117,0.1162,81142.81,78988.35,0.40299999999999997,0.54671,2e-05,242.41897,1090.7,4.0
2026-08-30T19:10:44Z,2027-03-26,208,82000.0,P,0.126,0.128,0.1268,81142.81,78988.35,0.40299999999999997,-0.45329,2e-05,242.41897,6.2,0.0
2026-08-30T19:10:44Z,2027-03-26,208,84000.0,C,0.105,0.1075,0.1062,81142.81,78988.35,0.4036,0.51532,2e-05,243.91417,263.2,0.0
2026-08-30T19:10:44Z,2027-03-26,208,84000.0,P,0.1405,0.143,0.1415,81142.54,78988.35,0.4036,-0.48468,2e-05,243.91346,55.2,0.3
2026-08-30T19:10:44Z,2027-03-26,208,85000.0,C,0.1005,0.1025,0.1014,81142.81,78988.35,0.40340000000000004,0.49977,2e-05,244.09424,344.1,1.0
2026-08-30T19:10:44Z,2027-03-26,208,85000.0,P,0.1475,0.1505,0.149,81142.81,78988.35,0.40340000000000004,-0.50023,2e-05,244.09424,2.0,0.2
2026-08-30T19:10:44Z,2027-03-26,208,86000.0,C,0.096,0.098,0.0968,81142.81,78988.35,0.40340000000000004,0.48442,2e-05,243.90809,134.6,0.2
2026-08-30T19:10:44Z,2027-03-26,208,86000.0,P,0.155,0.158,0.1567,81142.81,78988.35,0.40340000000000004,-0.51558,2e-05,243.90809,1.7,0.0
2026-08-30T19:10:44Z,2027-03-26,208,88000.0,C,0.087,0.0895,0.0882,81142.54,78988.35,0.40369999999999995,0.4545,2e-05,242.50388,77.0,0.0
2026-08-30T19:10:44Z,2027-03-26,208,88000.0,P,0.171,0.1745,0.1728,81142.81,78988.35,0.40369999999999995,-0.5455,2e-05,242.50499,4.7,0.0
2026-08-30T19:10:44Z,2027-03-26,208,90000.0,C,0.0795,0.0815,0.0803,81142.75,78988.35,0.40399999999999997,0.42553,2e-05,239.82938,509.1,0.1
2026-08-30T19:10:44Z,2027-03-26,208,90000.0,P,0.188,0.191,0.1895,81142.81,78988.35,0.40399999999999997,-0.57446,2e-05,239.82966,14.1,0.0
2026-08-30T19:10:44Z,2027-03-26,208,92000.0,C,0.072,0.074,0.0731,81142.75,78988.35,0.4045,0.39775,2e-05,236.03175,270.0,0.0
2026-08-30T19:10:44Z,2027-03-26,208,92000.0,P,0.205,0.2095,0.2069,81142.75,78988.35,0.4045,-0.60225,2e-05,236.03175,0.6,0.0
2026-08-30T19:10:44Z,2027-03-26,208,94000.0,C,0.0655,0.0675,0.0666,81142.75,78988.35,0.4052,0.37123,2e-05,231.26436,166.2,0.1
2026-08-30T19:10:44Z,2027-03-26,208,94000.0,P,0.223,0.2275,0.225,81142.75,78988.35,0.4052,-0.62877,2e-05,231.26436,9.1,0.0
2026-08-30T19:10:44Z,2027-03-26,208,95000.0,C,0.0625,0.0645,0.0635,81142.81,78988.35,0.4057,0.35849,2e-05,228.57215,498.1,0.0
2026-08-30T19:10:44Z,2027-03-26,208,95000.0,P,0.232,0.237,0.2343,81142.81,78988.35,0.4057,-0.64151,2e-05,228.57215,0.4,0.0
2026-08-30T19:10:44Z,2027-03-26,208,96000.0,C,0.0595,0.0615,0.0606,81142.75,78988.35,0.40619999999999995,0.34613,1e-05,225.70598,139.8,0.0
2026-08-30T19:10:44Z,2027-03-26,208,96000.0,P,0.2415,0.2465,0.2437,81142.75,78988.35,0.40619999999999995,-0.65387,1e-05,225.70598,1.6,0.0
2026-08-30T19:10:44Z,2027-03-26,208,98000.0,C,0.054,0.0565,0.0553,81142.75,78988.35,0.40740000000000004,0.32245,1e-05,219.50163,115.2,0.1
2026-08-30T19:10:44Z,2027-03-26,208,98000.0,P,0.261,0.266,0.263,81142.75,78988.35,0.40740000000000004,-0.67755,1e-05,219.50163,0.2,0.0
2026-08-30T19:10:44Z,2027-03-26,208,100000.0,C,0.0495,0.0515,0.0505,81142.75,78988.35,0.40909999999999996,0.30043,1e-05,212.8757,668.2,9.1
2026-08-30T19:10:44Z,2027-03-26,208,100000.0,P,0.2805,0.2865,0.2829,81142.81,78988.35,0.40909999999999996,-0.69957,1e-05,212.87613,12.3,0.0
2026-08-30T19:10:44Z,2027-03-26,208,102000.0,C,0.045,0.047,0.0461,81142.75,78988.35,0.4105,0.27954,1e-05,205.80152,127.5,0.0
2026-08-30T19:10:44Z,2027-03-26,208,102000.0,P,0.3005,0.3065,0.3031,81142.75,78988.35,0.4105,-0.72046,1e-05,205.80152,0.1,0.0
2026-08-30T19:10:44Z,2027-03-26,208,104000.0,C,0.041,0.043,0.0421,81142.75,78988.35,0.4121,0.26,1e-05,198.46546,115.2,0.0
2026-08-30T19:10:44Z,2027-03-26,208,104000.0,P,0.321,0.3275,0.3238,81142.75,78988.35,0.4121,-0.74,1e-05,198.46546,0.1,0.0
2026-08-30T19:10:44Z,2027-03-26,208,105000.0,C,0.0395,0.041,0.0402,81142.75,78988.35,0.4129,0.25075,1e-05,194.74131,162.4,0.0
2026-08-30T19:10:44Z,2027-03-26,208,105000.0,P,0.3315,0.338,0.3343,81143.11,78988.35,0.4129,-0.74925,1e-05,194.74404,0.5,0.0
2026-08-30T19:10:44Z,2027-03-26,208,106000.0,C,0.0375,0.0395,0.0385,81143.11,78988.35,0.4139,0.24193,1e-05,191.0402,78.9,0.0
2026-08-30T19:10:44Z,2027-03-26,208,106000.0,P,0.342,0.3485,0.3449,81143.11,78988.35,0.4139,-0.75807,1e-05,191.0402,0.1,0.0
2026-08-30T19:10:44Z,2027-03-26,208,108000.0,C,0.0345,0.036,0.0353,81142.39,78988.35,0.4158,0.22503,1e-05,183.51634,68.4,0.0
2026-08-30T19:10:44Z,2027-03-26,208,108000.0,P,0.363,0.3705,0.3662,81143.11,78988.35,0.4158,-0.77496,1e-05,183.52189,0.1,0.0
2026-08-30T19:10:44Z,2027-03-26,208,110000.0,C,0.0315,0.0335,0.0324,81143.11,78988.35,0.4179,0.20957,1e-05,176.12678,1134.0,0.0
2026-08-30T19:10:44Z,2027-03-26,208,110000.0,P,0.385,0.392,0.388,81143.11,78988.35,0.4179,-0.79043,1e-05,176.12678,4.1,0.0
2026-08-30T19:10:44Z,2027-03-26,208,112000.0,C,0.029,0.0305,0.0298,81143.11,78988.35,0.4202,0.19524,1e-05,168.82014,67.3,0.0
2026-08-30T19:10:44Z,2027-03-26,208,112000.0,P,0.4065,0.414,0.4101,81143.11,78988.35,0.4202,-0.80476,1e-05,168.82014,0.1,0.0
2026-08-30T19:10:44Z,2027-03-26,208,115000.0,C,0.0255,0.027,0.0262,81143.11,78988.35,0.4233,0.17543,1e-05,157.96442,807.9,0.0
2026-08-30T19:10:44Z,2027-03-26,208,115000.0,P,0.44,0.4475,0.4435,81143.11,78988.35,0.4233,-0.82457,1e-05,157.96442,2.2,0.0
2026-08-30T19:10:44Z,2027-03-26,208,120000.0,C,0.0205,0.0225,0.0215,81143.11,78988.35,0.42950000000000005,0.14771,1e-05,141.20036,795.3,0.0
2026-08-30T19:10:44Z,2027-03-26,208,120000.0,P,0.497,0.505,0.5004,81142.39,78988.35,0.42950000000000005,-0.8523,1e-05,141.19505,1.8,0.0
2026-08-30T19:10:44Z,2027-03-26,208,125000.0,C,0.017,0.019,0.018,81143.11,78988.35,0.43670000000000003,0.12559,1e-05,126.36543,302.7,0.1
2026-08-30T19:10:44Z,2027-03-26,208,125000.0,P,0.5545,0.563,0.5585,81143.11,78988.35,0.43670000000000003,-0.87441,1e-05,126.36543,0.1,0.0
2026-08-30T19:10:44Z,2027-03-26,208,130000.0,C,0.014,0.016,0.015,81143.11,78988.35,0.4434,0.10702,1e-05,112.80229,1124.6,0.0
2026-08-30T19:10:44Z,2027-03-26,208,130000.0,P,0.613,0.622,0.6172,81143.11,78988.35,0.4434,-0.89298,1e-05,112.80229,0.4,0.0
2026-08-30T19:10:44Z,2027-03-26,208,140000.0,C,0.01,0.0115,0.0108,81143.11,78988.35,0.4569,0.07916,1e-05,90.24267,909.2,0.0
2026-08-30T19:10:44Z,2027-03-26,208,140000.0,P,0.732,0.7415,0.7362,81143.11,78988.35,0.4569,-0.92084,1e-05,90.24267,0.2,0.0
2026-08-30T19:10:44Z,2027-03-26,208,150000.0,C,0.0075,0.0085,0.0082,81144.22,78988.35,0.4722,0.06084,0.0,73.68861,1897.2,0.0
2026-08-30T19:10:44Z,2027-03-26,208,150000.0,P,0.852,0.8625,0.8568,81142.77,78988.35,0.4722,-0.93916,0.0,73.68157,0.6,0.0
2026-08-30T19:10:44Z,2027-03-26,208,160000.0,C,0.0055,0.007,0.0063,81144.22,78988.35,0.48590000000000005,0.04749,0.0,60.55987,882.0,0.0
2026-08-30T19:10:44Z,2027-03-26,208,160000.0,P,0.9725,0.9845,0.9782,81142.77,78988.35,0.48590000000000005,-0.95251,0.0,60.55386,0.1,0.0
2026-08-30T19:10:44Z,2027-03-26,208,170000.0,C,0.005,0.006,0.0054,81144.22,78988.35,0.5058,0.04019,0.0,52.93466,401.2,0.0
2026-08-30T19:10:44Z,2027-03-26,208,170000.0,P,1.083,1.116,1.1005,81144.22,78988.35,0.5058,-0.95981,0.0,52.93466,0.2,0.0
2026-08-30T19:10:44Z,2027-03-26,208,180000.0,C,0.0038,0.0048,0.0043,81144.22,78988.35,0.5158,0.03187,0.0,43.76545,503.1,0.0
2026-08-30T19:10:44Z,2027-03-26,208,180000.0,P,1.206,1.2415,1.2226,81144.22,78988.35,0.5158,-0.96813,0.0,43.76545,0.1,0.0
2026-08-30T19:10:44Z,2027-03-26,208,190000.0,C,0.0034,0.0041,0.0039,81144.22,78988.35,0.5372,0.02887,0.0,40.3221,616.3,0.0
2026-08-30T19:10:44Z,2027-03-26,208,190000.0,P,1.322,1.368,1.3455,81144.22,78988.35,0.5372,-0.97113,0.0,40.3221,0.9,0.0
2026-08-30T19:10:44Z,2027-03-26,208,200000.0,C,0.0026,0.0035,0.0031,81144.22,78988.35,0.5438000000000001,0.02302,0.0,33.36981,485.6,0.0
2026-08-30T19:10:44Z,2027-03-26,208,200000.0,P,1.4435,1.4885,1.4679,81144.22,78988.35,0.5438000000000001,-0.97698,0.0,33.36981,1.0,0.0
2026-08-30T19:10:44Z,2027-06-25,299,30000.0,C,0.6375,0.641,0.6393,82181.48,78988.35,0.6097,0.98227,0.0,32.47316,46.2,0.0
2026-08-30T19:10:44Z,2027-06-25,299,30000.0,P,0.004,0.0048,0.0043,82180.75,78988.35,0.6097,-0.01773,0.0,32.47328,331.1,0.0
2026-08-30T19:10:44Z,2027-06-25,299,40000.0,C,0.5205,0.525,0.523,82181.48,78988.35,0.5328,0.95864,0.0,65.8051,17.1,0.0
2026-08-30T19:10:44Z,2027-06-25,299,40000.0,P,0.009,0.0105,0.0098,82181.48,78988.35,0.5328,-0.04136,0.0,65.8051,1206.3,0.2
2026-08-30T19:10:44Z,2027-06-25,299,45000.0,C,0.4655,0.468,0.467,82181.48,78988.35,0.5058,0.93886,0.0,89.84796,0.5,0.0
2026-08-30T19:10:44Z,2027-06-25,299,45000.0,P,0.014,0.0155,0.0146,82181.48,78988.35,0.5058,-0.06114,0.0,89.84796,159.8,0.0
2026-08-30T19:10:44Z,2027-06-25,299,50000.0,C,0.411,0.414,0.4126,82181.48,78988.35,0.4806,0.91318,0.0,117.49964,17.5,0.0
2026-08-30T19:10:44Z,2027-06-25,299,50000.0,P,0.02,0.022,0.021,82181.48,78988.35,0.4806,-0.08682,0.0,117.49964,351.8,0.0
2026-08-30T19:10:44Z,2027-06-25,299,52000.0,C,0.39,0.393,0.3917,82182.95,78988.35,0.47350000000000003,0.90024,0.0,130.20767,1.1,0.0
2026-08-30T19:10:44Z,2027-06-25,299,52000.0,P,0.0235,0.0255,0.0245,82182.95,78988.35,0.47350000000000003,-0.09976,0.0,130.20767,31.3,0.0
2026-08-30T19:10:44Z,2027-06-25,299,54000.0,C,0.3695,0.3725,0.3711,82181.48,78988.35,0.46590000000000004,0.88636,1e-05,143.04998,0.9,0.0
2026-08-30T19:10:44Z,2027-06-25,299,54000.0,P,0.027,0.0295,0.0282,82182.95,78988.35,0.46590000000000004,-0.11364,1e-05,143.04521,21.2,0.0
2026-08-30T19:10:44Z,2027-06-25,299,55000.0,C,0.3595,0.3625,0.361,82181.48,78988.35,0.46240000000000003,0.87888,1e-05,149.65167,2.9,0.0
2026-08-30T19:10:44Z,2027-06-25,299,55000.0,P,0.029,0.0315,0.0303,82181.48,78988.35,0.46240000000000003,-0.12112,1e-05,149.65167,35.6,0.0
2026-08-30T19:10:44Z,2027-06-25,299,56000.0,C,0.3495,0.3525,0.3511,82181.48,78988.35,0.45899999999999996,0.87109,1e-05,156.31378,3.0,0.0
2026-08-30T19:10:44Z,2027-06-25,299,56000.0,P,0.0315,0.0335,0.0325,82182.95,78988.35,0.45899999999999996,-0.1289,1e-05,156.30896,84.6,0.0
2026-08-30T19:10:44Z,2027-06-25,299,58000.0,C,0.33,0.333,0.3316,82181.48,78988.35,0.4533,0.85429,1e-05,169.9569,13.8,0.0
2026-08-30T19:10:44Z,2027-06-25,299,58000.0,P,0.0365,0.0385,0.0374,82181.48,78988.35,0.4533,-0.14571,1e-05,169.9569,91.9,0.0
2026-08-30T19:10:44Z,2027-06-25,299,60000.0,C,0.311,0.314,0.3126,82181.48,78988.35,0.4475,0.83638,1e-05,183.4954,946.6,0.0
2026-08-30T19:10:44Z,2027-06-25,299,60000.0,P,0.0415,0.0435,0.0427,82182.95,78988.35,0.4475,-0.16361,1e-05,183.49074,194.9,0.1
2026-08-30T19:10:44Z,2027-06-25,299,62000.0,C,0.2925,0.296,0.2944,82181.48,78988.35,0.4428,0.81699,1e-05,197.05781,116.9,0.0
2026-08-30T19:10:44Z,2027-06-25,299,62000.0,P,0.0475,0.05,0.0488,82183.01,78988.35,0.4428,-0.183,1e-05,197.05307,79.9,0.0
2026-08-30T19:10:44Z,2027-06-25,299,64000.0,C,0.275,0.278,0.2768,82183.01,78988.35,0.4385,0.79639,1e-05,210.31883,35.7,0.0
2026-08-30T19:10:44Z,2027-06-25,299,64000.0,P,0.0545,0.0565,0.0556,82183.01,78988.35,0.4385,-0.20361,1e-05,210.31883,63.4,0.0
2026-08-30T19:10:44Z,2027-06-25,299,65000.0,C,0.2665,0.2695,0.2683,82182.95,78988.35,0.4366,0.78566,1e-05,216.78336,1.1,0.0
2026-08-30T19:10:44Z,2027-06-25,299,65000.0,P,0.058,0.0605,0.0592,82182.95,78988.35,0.4366,-0.21434,1e-05,216.78336,24.5,0.0
2026-08-30T19:10:44Z,2027-06-25,299,66000.0,C,0.258,0.2615,0.2599,82183.01,78988.35,0.4349,0.77464,1e-05,223.10821,25.6,0.1
2026-08-30T19:10:44Z,2027-06-25,299,66000.0,P,0.062,0.064,0.063,82183.01,78988.35,0.4349,-0.22536,1e-05,223.10821,35.9,0.3
2026-08-30T19:10:44Z,2027-06-25,299,68000.0,C,0.242,0.245,0.2437,82183.01,78988.35,0.4313,0.75196,1e-05,235.19705,11.0,0.6
2026-08-30T19:10:44Z,2027-06-25,299,68000.0,P,0.07,0.072,0.0711,82183.01,78988.35,0.4313,-0.24804,1e-05,235.19705,13.2,0.0
2026-08-30T19:10:44Z,2027-06-25,299,70000.0,C,0.2265,0.2295,0.2282,82182.95,78988.35,0.4285,0.72835,1e-05,246.50111,195.1,0.0
2026-08-30T19:10:44Z,2027-06-25,299,70000.0,P,0.079,0.081,0.08,82183.01,78988.35,0.4285,-0.27165,1e-05,246.50101,19.9,0.1
2026-08-30T19:10:44Z,2027-06-25,299,72000.0,C,0.212,0.2145,0.2135,82182.95,78988.35,0.4261,0.70401,1e-05,256.84135,89.7,0.0
2026-08-30T19:10:44Z,2027-06-25,299,72000.0,P,0.0885,0.091,0.0896,82183.01,78988.35,0.4261,-0.29599,1e-05,256.84128,45.4,0.0
2026-08-30T19:10:44Z,2027-06-25,299,74000.0,C,0.198,0.2005,0.1994,82183.01,78988.35,0.4236,0.67915,1e-05,266.08606,20.5,0.0
2026-08-30T19:10:44Z,2027-06-25,299,74000.0,P,0.0985,0.101,0.0999,82183.01,78988.35,0.4236,-0.32085,1e-05,266.08606,11.4,0.0
2026-08-30T19:10:44Z,2027-06-25,299,76000.0,C,0.1845,0.1875,0.1862,82182.95,78988.35,0.4219,0.65386,1e-05,274.17618,22.3,0.0
2026-08-30T19:10:44Z,2027-06-25,299,76000.0,P,0.1095,0.1125,0.111,82183.01,78988.35,0.4219,-0.34614,1e-05,274.17617,74.2,0.1
2026-08-30T19:10:44Z,2027-06-25,299,78000.0,C,0.172,0.175,0.1737,82183.01,78988.35,0.4202,0.62835,1e-05,281.03129,32.3,2.0
2026-08-30T19:10:44Z,2027-06-25,299,78000.0,P,0.1215,0.124,0.1228,82183.01,78988.35,0.4202,-0.37165,1e-05,281.03129,104.6,0.9
2026-08-30T19:10:44Z,2027-06-25,299,80000.0,C,0.1605,0.163,0.1619,82182.94,78988.35,0.419,0.60276,1e-05,286.61959,104.9,0.3
2026-08-30T19:10:44Z,2027-06-25,299,80000.0,P,0.134,0.137,0.1354,82182.94,78988.35,0.419,-0.39724,1e-05,286.61959,58.6,0.5
2026-08-30T19:10:44Z,2027-06-25,299,82000.0,C,0.1495,0.152,0.1509,82182.94,78988.35,0.4182,0.57731,1e-05,290.92715,80.9,0.9
2026-08-30T19:10:44Z,2027-06-25,299,82000.0,P,0.147,0.1505,0.1487,82183.01,78988.35,0.4182,-0.42269,1e-05,290.92727,24.1,0.2
2026-08-30T19:10:44Z,2027-06-25,299,84000.0,C,0.139,0.142,0.1406,82182.94,78988.35,0.41759999999999997,0.55207,1e-05,293.9821,18.9,1.3
2026-08-30T19:10:44Z,2027-06-25,299,84000.0,P,0.161,0.1645,0.1627,82183.01,78988.35,0.41759999999999997,-0.44793,1e-05,293.98226,8.7,0.1
2026-08-30T19:10:44Z,2027-06-25,299,85000.0,C,0.134,0.137,0.1356,82182.94,78988.35,0.4171,0.53954,1e-05,295.05411,152.7,0.0
2026-08-30T19:10:44Z,2027-06-25,299,85000.0,P,0.1685,0.1715,0.1699,82182.94,78988.35,0.4171,-0.46046,1e-05,295.05411,6.9,0.0
2026-08-30T19:10:44Z,2027-06-25,299,86000.0,C,0.1295,0.132,0.1309,82183.01,78988.35,0.41700000000000004,0.52717,1e-05,295.82382,26.5,0.0
2026-08-30T19:10:44Z,2027-06-25,299,86000.0,P,0.1755,0.179,0.1774,82182.94,78988.35,0.41700000000000004,-0.47283,1e-05,295.82361,0.2,0.0
2026-08-30T19:10:44Z,2027-06-25,299,88000.0,C,0.1205,0.123,0.122,82183.01,78988.35,0.41700000000000004,0.50289,1e-05,296.50409,21.3,0.0
2026-08-30T19:10:44Z,2027-06-25,299,88000.0,P,0.191,0.1945,0.1928,82183.01,78988.35,0.41700000000000004,-0.49711,1e-05,296.50409,4.7,0.0
2026-08-30T19:10:44Z,2027-06-25,299,90000.0,C,0.112,0.115,0.1136,82182.94,78988.35,0.4171,0.47915,1e-05,296.1066,573.0,3.2
2026-08-30T19:10:44Z,2027-06-25,299,90000.0,P,0.2065,0.211,0.2087,82182.94,78988.35,0.4171,-0.52085,1e-05,296.1066,0.5,0.0
2026-08-30T19:10:44Z,2027-06-25,299,92000.0,C,0.1045,0.107,0.1058,82183.01,78988.35,0.4172,0.45604,1e-05,294.70985,15.7,0.0
2026-08-30T19:10:44Z,2027-06-25,299,92000.0,P,0.223,0.2275,0.2253,82182.94,78988.35,0.4172,-0.54396,1e-05,294.70953,0.2,0.0
2026-08-30T19:10:44Z,2027-06-25,299,94000.0,C,0.097,0.0995,0.0985,82182.94,78988.35,0.4175,0.43367,1e-05,292.40317,4.4,0.0
2026-08-30T19:10:44Z,2027-06-25,299,94000.0,P,0.24,0.245,0.2423,82182.94,78988.35,0.4175,-0.56633,1e-05,292.40317,0.1,0.0
2026-08-30T19:10:44Z,2027-06-25,299,95000.0,C,0.094,0.0965,0.0952,82182.94,78988.35,0.4181,0.42297,1e-05,290.96733,44.5,0.0
2026-08-30T19:10:44Z,2027-06-25,299,95000.0,P,0.249,0.2535,0.2512,82182.94,78988.35,0.4181,-0.57703,1e-05,290.96733,20.2,0.0
2026-08-30T19:10:44Z,2027-06-25,299,96000.0,C,0.0905,0.093,0.0918,82183.02,78988.35,0.418,0.41215,1e-05,289.29306,16.8,0.0
2026-08-30T19:10:44Z,2027-06-25,299,96000.0,P,0.2575,0.2625,0.2599,82182.94,78988.35,0.418,-0.58785,1e-05,289.29262,0.0,0.0
2026-08-30T19:10:44Z,2027-06-25,299,98000.0,C,0.0845,0.0865,0.0857,82182.94,78988.35,0.4189,0.39158,1e-05,285.4934,29.6,0.1
2026-08-30T19:10:44Z,2027-06-25,299,98000.0,P,0.276,0.281,0.2781,82183.02,78988.35,0.4189,-0.60842,1e-05,285.49388,0.0,0.0
2026-08-30T19:10:44Z,2027-06-25,299,100000.0,C,0.0785,0.081,0.0798,82182.94,78988.35,0.41950000000000004,0.37167,1e-05,281.03407,183.2,0.1
2026-08-30T19:10:44Z,2027-06-25,299,100000.0,P,0.2945,0.2995,0.2966,82182.94,78988.35,0.41950000000000004,-0.62833,1e-05,281.03407,1.3,0.0
2026-08-30T19:10:44Z,2027-06-25,299,102000.0,C,0.0735,0.0755,0.0746,82182.94,78988.35,0.4207,0.3529,1e-05,276.11959,8.4,0.0
2026-08-30T19:10:44Z,2027-06-25,299,102000.0,P,0.313,0.319,0.3157,82182.94,78988.35,0.4207,-0.6471,1e-05,276.11959,0.0,0.0
2026-08-30T19:10:44Z,2027-06-25,299,104000.0,C,0.0685,0.0705,0.0696,82183.02,78988.35,0.4216,0.33477,1e-05,270.70262,12.6,0.0
2026-08-30T19:10:44Z,2027-06-25,299,104000.0,P,0.332,0.3385,0.3351,82183.02,78988.35,0.4216,-0.66523,1e-05,270.70262,0.0,0.0
2026-08-30T19:10:44Z,2027-06-25,299,105000.0,C,0.066,0.0685,0.0672,82183.02,78988.35,0.42200000000000004,0.32591,1e-05,267.8119,149.5,0.0
2026-08-30T19:10:44Z,2027-06-25,299,105000.0,P,0.3425,0.3485,0.3449,82183.02,78988.35,0.42200000000000004,-0.67409,1e-05,267.8119,0.1,0.0
2026-08-30T19:10:44Z,2027-06-25,299,106000.0,C,0.0635,0.066,0.065,82182.94,78988.35,0.4226,0.31744,1e-05,264.89548,0.0,0.0
2026-08-30T19:10:44Z,2027-06-25,299,106000.0,P,0.352,0.3585,0.3548,82182.94,78988.35,0.4226,-0.68256,1e-05,264.89548,0.0,0.0
2026-08-30T19:10:44Z,2027-06-25,299,108000.0,C,0.0595,0.062,0.0608,82183.02,78988.35,0.4239,0.30119,1e-05,258.88501,12.5,0.0
2026-08-30T19:10:44Z,2027-06-25,299,108000.0,P,0.372,0.3785,0.375,82182.84,78988.35,0.4239,-0.69881,1e-05,258.88355,0.0,0.0
2026-08-30T19:10:44Z,2027-06-25,299,110000.0,C,0.0555,0.058,0.0569,82183.02,78988.35,0.4251,0.28567,1e-05,252.61479,270.2,0.0
2026-08-30T19:10:44Z,2027-06-25,299,110000.0,P,0.392,0.3995,0.3954,82182.84,78988.35,0.4251,-0.71433,1e-05,252.61342,1.5,0.0
2026-08-30T19:10:44Z,2027-06-25,299,115000.0,C,0.047,0.0495,0.0484,82183.02,78988.35,0.42869999999999997,0.25055,1e-05,236.45906,36.9,0.5
2026-08-30T19:10:44Z,2027-06-25,299,115000.0,P,0.4445,0.452,0.4477,82182.84,78988.35,0.42869999999999997,-0.74946,1e-05,236.45765,0.0,0.0
2026-08-30T19:10:44Z,2027-06-25,299,120000.0,C,0.04,0.0425,0.0415,82183.02,78988.35,0.4329,0.22033,1e-05,220.25767,291.6,2.0
2026-08-30T19:10:44Z,2027-06-25,299,120000.0,P,0.498,0.506,0.5016,82183.02,78988.35,0.4329,-0.77967,1e-05,220.25767,0.1,0.0
2026-08-30T19:10:44Z,2027-06-25,299,125000.0,C,0.0345,0.037,0.0359,82183.02,78988.35,0.43799999999999994,0.19472,1e-05,204.74077,108.6,0.0
2026-08-30T19:10:44Z,2027-06-25,299,125000.0,P,0.553,0.562,0.5569,82182.84,78988.35,0.43799999999999994,-0.80528,1e-05,204.73934,0.0,0.0
2026-08-30T19:10:44Z,2027-06-25,299,130000.0,C,0.03,0.0325,0.0312,82183.02,78988.35,0.44299999999999995,0.17252,1e-05,189.85985,761.7,0.0
2026-08-30T19:10:44Z,2027-06-25,299,130000.0,P,0.6085,0.618,0.6131,82183.02,78988.35,0.44299999999999995,-0.82748,1e-05,189.85985,1.4,0.0
2026-08-30T19:10:44Z,2027-06-25,299,140000.0,C,0.0235,0.025,0.0241,82182.84,78988.35,0.45380000000000004,0.13723,1e-05,163.19334,366.1,3.5
2026-08-30T19:10:44Z,2027-06-25,299,140000.0,P,0.7225,0.733,0.7277,82182.84,78988.35,0.45380000000000004,-0.86277,1e-05,163.19334,0.5,0.0
2026-08-30T19:10:44Z,2027-06-25,299,150000.0,C,0.0185,0.02,0.0191,82182.84,78988.35,0.4648,0.111,1e-05,140.66137,212.4,0.0
2026-08-30T19:10:44Z,2027-06-25,299,150000.0,P,0.839,0.85,0.8443,82183.02,78988.35,0.4648,-0.889,1e-05,140.66257,0.1,0.0
2026-08-30T19:10:44Z,2027-06-25,299,160000.0,C,0.015,0.0165,0.0156,82182.84,78988.35,0.4768,0.09183,0.0,122.50842,553.0,0.2
2026-08-30T19:10:44Z,2027-06-25,299,160000.0,P,0.957,0.9685,0.9625,82182.84,78988.35,0.4768,-0.90817,0.0,122.50842,0.2,0.0
2026-08-30T19:10:44Z,2027-06-25,299,170000.0,C,0.012,0.0135,0.0127,82182.84,78988.35,0.4863,0.07595,0.0,106.22748,91.9,2.0
2026-08-30T19:10:44Z,2027-06-25,299,170000.0,P,1.06,1.1015,1.0813,82182.73,78988.35,0.4863,-0.92405,0.0,106.22688,14.7,0.0
2026-08-30T19:10:44Z,2027-06-25,299,180000.0,C,0.0095,0.0115,0.0105,82182.84,78988.35,0.4949,0.06329,0.0,92.30779,33.5,0.2
2026-08-30T19:10:44Z,2027-06-25,299,180000.0,P,1.1765,1.223,1.2007,82182.73,78988.35,0.4949,-0.93671,0.0,92.30725,0.0,0.0
2026-08-30T19:10:44Z,2027-06-25,299,190000.0,C,0.008,0.0095,0.009,82182.84,78988.35,0.5056,0.05435,0.0,81.90402,47.4,0.3
2026-08-30T19:10:44Z,2027-06-25,299,190000.0,P,1.298,1.3445,1.3209,82182.73,78988.35,0.5056,-0.94565,0.0,81.90353,0.5,0.0
2026-08-30T19:10:44Z,2027-06-25,299,200000.0,C,0.007,0.0085,0.0076,82182.73,78988.35,0.5142,0.04646,0.0,72.28247,16.1,0.0
2026-08-30T19:10:44Z,2027-06-25,299,200000.0,P,1.416,1.4725,1.4412,82182.84,78988.35,0.5142,-0.95354,0.0,72.28291,2.1,0.0
