snapshot_ts,expiry,days_to_expiry,strike,option_type,bid,ask,mark_price,forward_price,index_price,implied_vol,delta,gamma,vega,open_interest,volume_24h
2026-09-10T19:00:47Z,2026-09-11,1,60000.0,C,0.221,0.225,0.2228,77191.65,77178.86,0.7983,1.0,0.0,0.0,0.0,0.0
2026-09-10T19:00:47Z,2026-09-11,1,60000.0,P,0.0,0.0001,0.0,77194.81,77178.86,0.7983,0.0,0.0,0.0,97.6,0.1
2026-09-10T19:00:47Z,2026-09-11,1,64000.0,C,0.169,0.173,0.171,77194.81,77178.86,0.7979999999999999,1.0,0.0,0.0,0.0,0.0
2026-09-10T19:00:47Z,2026-09-11,1,64000.0,P,0.0,0.0001,0.0,77191.65,77178.86,0.7979999999999999,0.0,0.0,0.0,77.9,0.0
2026-09-10T19:00:47Z,2026-09-11,1,65000.0,C,0.156,0.16,0.1581,77194.81,77178.86,0.7979999999999999,1.0,0.0,0.0,0.0,0.0
2026-09-10T19:00:47Z,2026-09-11,1,65000.0,P,0.0,0.0001,0.0,77194.81,77178.86,0.7979999999999999,0.0,0.0,0.0,46.4,0.1
2026-09-10T19:00:47Z,2026-09-11,1,66000.0,C,0.143,0.147,0.1451,77194.81,77178.86,0.7978000000000001,1.0,0.0,2e-05,0.1,0.0
2026-09-10T19:00:47Z,2026-09-11,1,66000.0,P,0.0,0.0001,0.0,77194.81,77178.86,0.7978000000000001,0.0,0.0,2e-05,365.1,0.0
2026-09-10T19:00:47Z,2026-09-11,1,67000.0,C,0.1305,0.1345,0.1322,77191.65,77178.86,0.7977,1.0,0.0,0.00027,0.2,0.2
2026-09-10T19:00:47Z,2026-09-11,1,67000.0,P,0.0,0.0001,0.0,77191.65,77178.86,0.7977,0.0,0.0,0.00027,411.9,0.0
2026-09-10T19:00:47Z,2026-09-11,1,68000.0,C,0.1175,0.1215,0.1191,77191.6,77178.86,0.7976000000000001,0.99998,0.0,0.00221,3.1,0.0
2026-09-10T19:00:47Z,2026-09-11,1,68000.0,P,0.0,0.0001,0.0,77191.6,77178.86,0.7976000000000001,-2e-05,0.0,0.00221,883.9,0.0
2026-09-10T19:00:47Z,2026-09-11,1,69000.0,C,0.1045,0.1085,0.1062,77192.25,77178.86,0.7976000000000001,0.99988,0.0,0.01415,3.8,0.0
2026-09-10T19:00:47Z,2026-09-11,1,69000.0,P,0.0,0.0001,0.0,77192.25,77178.86,0.7976000000000001,-0.00012,0.0,0.01415,646.1,0.0
2026-09-10T19:00:47Z,2026-09-11,1,70000.0,C,0.092,0.0945,0.0932,77191.6,77178.86,0.7959999999999999,0.99933,0.0,0.06933,286.9,0.0
2026-09-10T19:00:47Z,2026-09-11,1,70000.0,P,0.0,0.0001,0.0,77191.6,77178.86,0.7959999999999999,-0.00067,0.0,0.06933,810.9,13.8
2026-09-10T19:00:47Z,2026-09-11,1,71000.0,C,0.0795,0.082,0.0803,77192.25,77178.86,0.7748999999999999,0.99758,0.0,0.22378,62.9,0.0
2026-09-10T19:00:47Z,2026-09-11,1,71000.0,P,0.0,0.0001,0.0,77191.6,77178.86,0.7748999999999999,-0.00242,0.0,0.22395,442.5,220.1
2026-09-10T19:00:47Z,2026-09-11,1,72000.0,C,0.0665,0.069,0.0673,77191.6,77178.86,0.6714,0.9966,1e-05,0.3042,143.6,85.8
2026-09-10T19:00:47Z,2026-09-11,1,72000.0,P,0.0,0.0001,0.0,77191.6,77178.86,0.6714,-0.0034,1e-05,0.3042,667.2,170.7
2026-09-10T19:00:47Z,2026-09-11,1,73000.0,C,0.0535,0.056,0.0544,77192.25,77178.86,0.6029,0.99218,1e-05,0.63849,17.0,2.1
2026-09-10T19:00:47Z,2026-09-11,1,73000.0,P,0.0,0.0002,0.0001,77192.25,77178.86,0.6029,-0.00782,1e-05,0.63849,1109.8,104.4
2026-09-10T19:00:47Z,2026-09-11,1,74000.0,C,0.0405,0.043,0.0415,77191.6,77178.86,0.5381,0.97975,3e-05,1.45429,15.1,0.2
2026-09-10T19:00:47Z,2026-09-11,1,74000.0,P,0.0001,0.0002,0.0002,77192.25,77178.86,0.5381,-0.02024,3e-05,1.4532,899.6,189.0
2026-09-10T19:00:47Z,2026-09-11,1,75000.0,C,0.0275,0.0305,0.0287,77192.25,77178.86,0.4316,0.95928,7e-05,2.5984,55.1,57.8
2026-09-10T19:00:47Z,2026-09-11,1,75000.0,P,0.0002,0.0004,0.0003,77192.25,77178.86,0.4316,-0.04072,7e-05,2.5984,786.2,465.6
2026-09-10T19:00:47Z,2026-09-11,1,76000.0,C,0.015,0.018,0.0161,77192.25,77178.86,0.3323,0.88936,0.00019,5.61115,103.1,0.4
2026-09-10T19:00:47Z,2026-09-11,1,76000.0,P,0.0006,0.0008,0.0007,77192.25,77178.86,0.3323,-0.11064,0.00019,5.61115,1219.5,614.0
2026-09-10T19:00:47Z,2026-09-11,1,76500.0,C,0.0085,0.0125,0.0104,77192.25,77178.86,0.3,0.78397,0.00033,8.70726,0.1,0.1
2026-09-10T19:00:47Z,2026-09-11,1,76500.0,P,0.0012,0.0017,0.0014,77192.25,77178.86,0.3,-0.21603,0.00033,8.70726,0.3,0.3
2026-09-10T19:00:47Z,2026-09-11,1,77000.0,C,0.0055,0.0065,0.0058,77192.25,77178.86,0.2901,0.5905,0.00045,11.54926,311.8,269.2
2026-09-10T19:00:47Z,2026-09-11,1,77000.0,P,0.003,0.0036,0.0033,77192.25,77178.86,0.2901,-0.4095,0.00045,11.54926,629.7,298.4
2026-09-10T19:00:47Z,2026-09-11,1,77500.0,C,0.0027,0.0031,0.0028,77192.25,77178.86,0.2953,0.36529,0.00043,11.1731,46.1,32.4
2026-09-10T19:00:47Z,2026-09-11,1,77500.0,P,0.006,0.0075,0.0068,77191.6,77178.86,0.2953,-0.63499,0.00043,11.17016,131.0,135.1
2026-09-10T19:00:47Z,2026-09-11,1,78000.0,C,0.0011,0.0015,0.0012,77192.25,77178.86,0.3073,0.19108,0.0003,8.09244,1081.2,469.4
2026-09-10T19:00:47Z,2026-09-11,1,78000.0,P,0.0095,0.013,0.0117,77192.25,77178.86,0.3073,-0.80892,0.0003,8.09244,617.2,324.3
2026-09-10T19:00:47Z,2026-09-11,1,78500.0,C,0.0004,0.0007,0.0005,77192.25,77178.86,0.3256,0.09113,0.00017,4.87085,111.1,50.2
2026-09-10T19:00:47Z,2026-09-11,1,78500.0,P,0.0155,0.0185,0.0175,77192.67,77178.86,0.3256,-0.9088,0.00017,4.8737,127.6,1.1
2026-09-10T19:00:47Z,2026-09-11,1,79000.0,C,0.0001,0.0003,0.0002,77192.25,77178.86,0.34450000000000003,0.04105,9e-05,2.61518,454.2,323.3
2026-09-10T19:00:47Z,2026-09-11,1,79000.0,P,0.022,0.025,0.0236,77192.67,77178.86,0.34450000000000003,-0.95892,9e-05,2.61706,356.0,3.0
2026-09-10T19:00:47Z,2026-09-11,1,79500.0,C,0.0,0.0002,0.0001,77192.25,77178.86,0.37189999999999995,0.02016,4e-05,1.44892,211.1,187.2
2026-09-10T19:00:47Z,2026-09-11,1,79500.0,P,0.028,0.031,0.03,77192.67,77178.86,0.37189999999999995,-0.97982,4e-05,1.45006,45.4,10.0
2026-09-10T19:00:47Z,2026-09-11,1,80000.0,C,0.0,0.0001,0.0001,77192.25,77178.86,0.4363,0.01707,3e-05,1.25717,974.7,432.1
2026-09-10T19:00:47Z,2026-09-11,1,80000.0,P,0.0345,0.0375,0.0365,77192.67,77178.86,0.4363,-0.98292,3e-05,1.25804,286.8,0.7
2026-09-10T19:00:47Z,2026-09-11,1,80500.0,C,0.0,0.0001,0.0001,77192.25,77178.86,0.4606,0.0092,2e-05,0.73618,244.1,76.8
2026-09-10T19:00:47Z,2026-09-11,1,80500.0,P,0.04,0.045,0.0429,77192.25,77178.86,0.4606,-0.9908,2e-05,0.73618,0.0,0.0
2026-09-10T19:00:47Z,2026-09-11,1,81000.0,C,0.0,0.0001,0.0,77192.25,77178.86,0.5095000000000001,0.00724,1e-05,0.59691,4501.0,120.4
2026-09-10T19:00:47Z,2026-09-11,1,81000.0,P,0.0475,0.0505,0.0494,77192.25,77178.86,0.5095000000000001,-0.99276,1e-05,0.59691,163.7,0.1
2026-09-10T19:00:47Z,2026-09-11,1,82000.0,C,0.0,0.0001,0.0,77192.67,77178.86,0.6069,0.00503,1e-05,0.43191,1779.6,69.2
2026-09-10T19:00:47Z,2026-09-11,1,82000.0,P,0.0605,0.0635,0.0623,77192.67,77178.86,0.6069,-0.99497,1e-05,0.43191,65.2,2.0
2026-09-10T19:00:47Z,2026-09-11,1,83000.0,C,0.0,0.0001,0.0,77192.25,77178.86,0.6636,0.00235,0.0,0.2183,401.6,75.4
2026-09-10T19:00:47Z,2026-09-11,1,83000.0,P,0.0735,0.0765,0.0753,77192.25,77178.86,0.6636,-0.99765,0.0,0.2183,14.2,0.3
2026-09-10T19:00:47Z,2026-09-11,1,84000.0,C,0.0,0.0001,0.0,77192.25,77178.86,0.7312000000000001,0.0014,0.0,0.13645,1436.3,23.7
2026-09-10T19:00:47Z,2026-09-11,1,84000.0,P,0.085,0.091,0.0882,77192.25,77178.86,0.7312000000000001,-0.9986,0.0,0.13645,2.9,0.1
2026-09-10T19:00:47Z,2026-09-11,1,85000.0,C,0.0,0.0001,0.0,77192.25,77178.86,0.7317,0.00033,0.0,0.03585,794.8,22.1
2026-09-10T19:00:47Z,2026-09-11,1,85000.0,P,0.0995,0.1025,0.1011,77192.26,77178.86,0.7317,-0.99967,0.0,0.03585,31.7,0.7
2026-09-10T19:00:47Z,2026-09-11,1,86000.0,C,0.0,0.0001,0.0,77192.26,77178.86,0.7323000000000001,7e-05,0.0,0.00808,1514.7,31.2
2026-09-10T19:00:47Z,2026-09-11,1,86000.0,P,0.111,0.116,0.1141,77192.67,77178.86,0.7323000000000001,-0.99993,0.0,0.00809,1.4,0.4
2026-09-10T19:00:47Z,2026-09-11,1,88000.0,C,0.0,0.0001,0.0,77192.67,77178.86,0.7326,0.0,0.0,0.00026,1333.1,2.1
2026-09-10T19:00:47Z,2026-09-11,1,88000.0,P,0.137,0.1425,0.14,77192.67,77178.86,0.7326,-1.0,0.0,0.00026,0.0,0.0
2026-09-10T19:00:47Z,2026-09-11,1,90000.0,C,0.0,0.0001,0.0,77192.67,77178.86,0.7326,0.0,0.0,0.0,1464.4,0.0
2026-09-10T19:00:47Z,2026-09-11,1,90000.0,P,0.163,0.168,0.1659,77192.26,77178.86,0.7326,-1.0,0.0,0.0,0.1,0.0
2026-09-10T19:00:47Z,2026-09-11,1,95000.0,C,0.0,0.0001,0.0,77192.26,77178.86,0.7326,0.0,0.0,0.0,633.0,0.0
2026-09-10T19:00:47Z,2026-09-11,1,95000.0,P,0.2275,0.233,0.2307,77192.26,77178.86,0.7326,-1.0,0.0,0.0,0.1,0.1
2026-09-10T19:00:47Z,2026-09-12,2,69000.0,C,0.1045,0.1085,0.1065,77205.74,77178.86,0.7583,0.98942,1e-05,1.40383,0.0,0.0
2026-09-10T19:00:47Z,2026-09-12,2,69000.0,P,0.0001,0.0003,0.0002,77205.74,77178.86,0.7583,-0.01058,1e-05,1.40383,12.3,5.8
2026-09-10T19:00:47Z,2026-09-12,2,70000.0,C,0.0915,0.096,0.0936,77205.74,77178.86,0.6989,0.98538,1e-05,1.85845,0.0,0.0
2026-09-10T19:00:47Z,2026-09-12,2,70000.0,P,0.0002,0.0004,0.0002,77205.74,77178.86,0.6989,-0.01462,1e-05,1.85845,50.6,40.6
2026-09-10T19:00:47Z,2026-09-12,2,71000.0,C,0.079,0.083,0.0807,77205.74,77178.86,0.639,0.97926,2e-05,2.50438,0.0,0.0
2026-09-10T19:00:47Z,2026-09-12,2,71000.0,P,0.0002,0.0005,0.0003,77205.74,77178.86,0.639,-0.02074,2e-05,2.50438,8.5,0.7
2026-09-10T19:00:47Z,2026-09-12,2,72000.0,C,0.0655,0.0705,0.0679,77205.74,77178.86,0.5805,0.96924,2e-05,3.48468,0.0,0.0
2026-09-10T19:00:47Z,2026-09-12,2,72000.0,P,0.0004,0.0006,0.0005,77205.74,77178.86,0.5805,-0.03076,2e-05,3.48468,50.7,12.7
2026-09-10T19:00:47Z,2026-09-12,2,73000.0,C,0.053,0.0575,0.0551,77205.74,77178.86,0.5169,0.95398,4e-05,4.84143,0.0,0.0
2026-09-10T19:00:47Z,2026-09-12,2,73000.0,P,0.0005,0.0008,0.0006,77205.74,77178.86,0.5169,-0.04602,4e-05,4.84143,45.9,5.7
2026-09-10T19:00:47Z,2026-09-12,2,74000.0,C,0.0405,0.045,0.0427,77206.91,77178.86,0.4707,0.91959,6e-05,7.48663,0.0,0.0
2026-09-10T19:00:47Z,2026-09-12,2,74000.0,P,0.001,0.0013,0.0011,77206.91,77178.86,0.4707,-0.08041,6e-05,7.48663,44.2,15.3
2026-09-10T19:00:47Z,2026-09-12,2,75000.0,C,0.029,0.033,0.0308,77206.91,77178.86,0.436,0.85035,0.00011,11.67839,0.0,0.0
2026-09-10T19:00:47Z,2026-09-12,2,75000.0,P,0.002,0.0024,0.0022,77206.91,77178.86,0.436,-0.14965,0.00011,11.67839,44.2,28.5
2026-09-10T19:00:47Z,2026-09-12,2,75500.0,C,0.024,0.0275,0.0253,77206.91,77178.86,0.425,0.79484,0.00013,14.26001,10.0,0.0
2026-09-10T19:00:47Z,2026-09-12,2,75500.0,P,0.003,0.0034,0.0032,77206.91,77178.86,0.425,-0.20516,0.00013,14.26001,284.4,281.3
2026-09-10T19:00:47Z,2026-09-12,2,76000.0,C,0.019,0.022,0.0204,77206.91,77178.86,0.4217,0.72199,0.00016,16.82861,0.0,0.0
2026-09-10T19:00:47Z,2026-09-12,2,76000.0,P,0.0045,0.005,0.0048,77206.91,77178.86,0.4217,-0.27801,0.00016,16.82861,116.0,140.6
2026-09-10T19:00:47Z,2026-09-12,2,76500.0,C,0.0155,0.017,0.0161,77206.91,77178.86,0.4219,0.63656,0.00018,18.82893,0.5,0.5
2026-09-10T19:00:47Z,2026-09-12,2,76500.0,P,0.0065,0.0075,0.0069,77206.91,77178.86,0.4219,-0.36344,0.00018,18.82893,161.3,42.4
2026-09-10T19:00:47Z,2026-09-12,2,77000.0,C,0.012,0.013,0.0124,77206.91,77178.86,0.42450000000000004,0.54422,0.00019,19.89014,109.9,110.0
2026-09-10T19:00:47Z,2026-09-12,2,77000.0,P,0.009,0.01,0.0097,77206.91,77178.86,0.42450000000000004,-0.45578,0.00019,19.89014,65.2,75.2
2026-09-10T19:00:47Z,2026-09-12,2,77500.0,C,0.009,0.01,0.0094,77206.91,77178.86,0.4322,0.45189,0.00018,19.86754,15.8,16.1
2026-09-10T19:00:47Z,2026-09-12,2,77500.0,P,0.0125,0.0135,0.0132,77206.91,77178.86,0.4322,-0.54811,0.00018,19.86754,15.9,12.4
2026-09-10T19:00:47Z,2026-09-12,2,78000.0,C,0.0065,0.0075,0.007,77206.91,77178.86,0.4393,0.3655,0.00017,18.86476,407.7,415.8
2026-09-10T19:00:47Z,2026-09-12,2,78000.0,P,0.0165,0.018,0.0173,77206.91,77178.86,0.4393,-0.6345,0.00017,18.86476,150.6,23.7
2026-09-10T19:00:47Z,2026-09-12,2,78500.0,C,0.005,0.0055,0.0054,77206.91,77178.86,0.4557,0.29248,0.00015,17.24041,441.7,400.1
2026-09-10T19:00:47Z,2026-09-12,2,78500.0,P,0.02,0.0235,0.0221,77206.91,77178.86,0.4557,-0.70752,0.00015,17.24041,76.8,5.1
2026-09-10T19:00:47Z,2026-09-12,2,79000.0,C,0.0036,0.0041,0.0038,77206.91,77178.86,0.4593,0.22528,0.00013,15.0561,260.4,106.9
2026-09-10T19:00:47Z,2026-09-12,2,79000.0,P,0.025,0.0285,0.0271,77206.91,77178.86,0.4592,-0.77473,0.00013,15.05564,47.7,10.0
2026-09-10T19:00:47Z,2026-09-12,2,79500.0,C,0.0026,0.003,0.0028,77206.91,77178.86,0.4675,0.1715,0.00011,12.7661,60.7,9.3
2026-09-10T19:00:47Z,2026-09-12,2,79500.0,P,0.0305,0.034,0.0325,77206.91,77178.86,0.4675,-0.8285,0.00011,12.7661,44.4,0.0
2026-09-10T19:00:47Z,2026-09-12,2,80000.0,C,0.0019,0.0022,0.002,77206.91,77178.86,0.4783,0.12968,9e-05,10.59407,345.8,489.9
2026-09-10T19:00:47Z,2026-09-12,2,80000.0,P,0.0365,0.04,0.0382,77206.91,77178.86,0.4783,-0.87032,9e-05,10.59407,38.2,0.5
2026-09-10T19:00:47Z,2026-09-12,2,80500.0,C,0.0014,0.0017,0.0015,77206.18,77178.86,0.4939,0.09925,7e-05,8.75534,404.9,29.8
2026-09-10T19:00:47Z,2026-09-12,2,80500.0,P,0.0415,0.0465,0.0441,77206.18,77178.86,0.4939,-0.90075,7e-05,8.75534,0.0,0.0
2026-09-10T19:00:47Z,2026-09-12,2,81000.0,C,0.001,0.0012,0.0011,77206.18,77178.86,0.5058,0.07449,6e-05,7.06432,5027.9,236.6
2026-09-10T19:00:47Z,2026-09-12,2,81000.0,P,0.0485,0.052,0.0502,77206.18,77178.86,0.5058,-0.92551,6e-05,7.06432,25.0,0.0
2026-09-10T19:00:47Z,2026-09-12,2,81500.0,C,0.0008,0.0009,0.0008,77206.18,77178.86,0.5214,0.05698,4e-05,5.73795,457.6,286.4
2026-09-10T19:00:47Z,2026-09-12,2,81500.0,P,0.054,0.059,0.0564,77206.18,77178.86,0.5214,-0.94303,4e-05,5.73768,0.0,0.0
2026-09-10T19:00:47Z,2026-09-12,2,82000.0,C,0.0006,0.0007,0.0006,77206.18,77178.86,0.5343,0.04291,3e-05,4.57579,53.0,13.1
2026-09-10T19:00:47Z,2026-09-12,2,82000.0,P,0.06,0.065,0.0627,77206.18,77178.86,0.5343,-0.95709,3e-05,4.57579,0.0,0.0
2026-09-10T19:00:47Z,2026-09-12,2,83000.0,C,0.0003,0.0005,0.0004,77206.18,77178.86,0.5707,0.02663,2e-05,3.09072,81.4,28.6
2026-09-10T19:00:47Z,2026-09-12,2,83000.0,P,0.073,0.0775,0.0754,77206.18,77178.86,0.5707,-0.97337,2e-05,3.09092,0.0,0.0
2026-09-10T19:00:47Z,2026-09-12,2,84000.0,C,0.0002,0.0003,0.0002,77206.18,77178.86,0.5887,0.01442,1e-05,1.83598,33.2,18.6
2026-09-10T19:00:47Z,2026-09-12,2,84000.0,P,0.0855,0.0905,0.0882,77206.18,77178.86,0.5887,-0.98558,1e-05,1.83662,0.0,0.0
2026-09-10T19:00:47Z,2026-09-12,2,85000.0,C,0.0001,0.0003,0.0002,77206.18,77178.86,0.6452,0.01151,1e-05,1.51116,50.1,16.9
2026-09-10T19:00:47Z,2026-09-12,2,85000.0,P,0.0985,0.1035,0.1011,77206.18,77178.86,0.6452,-0.98849,1e-05,1.51116,0.0,0.0
2026-09-10T19:00:47Z,2026-09-12,2,86000.0,C,0.0001,0.0002,0.0001,77206.18,77178.86,0.6820999999999999,0.00794,1e-05,1.09248,1.8,1.4
2026-09-10T19:00:47Z,2026-09-12,2,86000.0,P,0.1115,0.1165,0.114,77206.18,77178.86,0.6820999999999999,-0.99206,1e-05,1.09248,0.0,0.0
2026-09-10T19:00:47Z,2026-09-12,2,87000.0,C,0.0,0.0002,0.0001,77206.18,77178.86,0.7037,0.00481,0.0,0.70078,79.0,40.0
2026-09-10T19:00:47Z,2026-09-12,2,87000.0,P,0.124,0.1295,0.1269,77206.18,77178.86,0.7037,-0.99519,0.0,0.70078,0.0,0.0
2026-09-10T19:00:47Z,2026-09-12,2,88000.0,C,0.0,0.0002,0.0,77206.18,77178.86,0.7358,0.00333,0.0,0.50452,57.4,51.8
2026-09-10T19:00:47Z,2026-09-12,2,88000.0,P,0.137,0.142,0.1399,77206.18,77178.86,0.7358,-0.99667,0.0,0.50452,0.0,0.0
2026-09-10T19:00:47Z,2026-09-13,3,70000.0,C,0.092,0.096,0.0938,77206.79,77178.86,0.5838,0.97913,1e-05,3.23417,0.0,0.0
2026-09-10T19:00:47Z,2026-09-13,3,70000.0,P,0.0003,0.0005,0.0004,77206.79,77178.86,0.5838,-0.02087,1e-05,3.23417,416.3,402.8
2026-09-10T19:00:47Z,2026-09-13,3,71000.0,C,0.0785,0.0835,0.0809,77214.66,77178.86,0.5193,0.97489,2e-05,3.7788,0.0,0.0
2026-09-10T19:00:47Z,2026-09-13,3,71000.0,P,0.0003,0.0005,0.0004,77214.66,77178.86,0.5193,-0.02511,2e-05,3.7788,4.6,1.6
2026-09-10T19:00:47Z,2026-09-13,3,72000.0,C,0.066,0.0705,0.0681,77206.79,77178.86,0.4698,0.96413,3e-05,5.07884,0.0,0.0
2026-09-10T19:00:47Z,2026-09-13,3,72000.0,P,0.0005,0.0007,0.0006,77214.66,77178.86,0.4698,-0.03567,3e-05,5.05561,4.7,0.6
2026-09-10T19:00:47Z,2026-09-13,3,73000.0,C,0.0535,0.058,0.0554,77214.66,77178.86,0.4224,0.94632,4e-05,7.03082,0.0,0.0
2026-09-10T19:00:47Z,2026-09-13,3,73000.0,P,0.0007,0.0009,0.0008,77206.79,77178.86,0.4224,-0.054,4e-05,7.06289,6.0,34.2
2026-09-10T19:00:47Z,2026-09-13,3,74000.0,C,0.041,0.046,0.043,77214.66,77178.86,0.3848,0.90996,7e-05,10.46539,0.0,0.0
2026-09-10T19:00:47Z,2026-09-13,3,74000.0,P,0.0012,0.0016,0.0014,77214.66,77178.86,0.3848,-0.09004,7e-05,10.46539,18.1,24.9
2026-09-10T19:00:47Z,2026-09-13,3,74500.0,C,0.035,0.04,0.0371,77214.66,77178.86,0.3724,0.8785,8e-05,13.00053,0.0,0.0
2026-09-10T19:00:47Z,2026-09-13,3,74500.0,P,0.0017,0.0021,0.0019,77214.66,77178.86,0.3724,-0.1215,8e-05,13.00053,0.0,0.0
2026-09-10T19:00:47Z,2026-09-13,3,75000.0,C,0.0295,0.034,0.0314,77214.66,77178.86,0.3627,0.83568,0.00011,15.94945,0.0,0.0
2026-09-10T19:00:47Z,2026-09-13,3,75000.0,P,0.0025,0.0029,0.0027,77214.66,77178.86,0.3627,-0.16432,0.00011,15.94945,54.4,56.2
2026-09-10T19:00:47Z,2026-09-13,3,75500.0,C,0.024,0.029,0.026,77206.79,77178.86,0.3565,0.77831,0.00013,19.15747,0.0,0.0
2026-09-10T19:00:47Z,2026-09-13,3,75500.0,P,0.0037,0.0041,0.0038,77206.79,77178.86,0.3565,-0.22169,0.00013,19.15747,0.5,0.6
2026-09-10T19:00:47Z,2026-09-13,3,76000.0,C,0.0195,0.0235,0.0212,77214.66,77178.86,0.35509999999999997,0.70882,0.00015,22.09473,0.0,0.0
2026-09-10T19:00:47Z,2026-09-13,3,76000.0,P,0.005,0.006,0.0055,77206.79,77178.86,0.35509999999999997,-0.29236,0.00015,22.13418,5.2,4.1
2026-09-10T19:00:47Z,2026-09-13,3,76500.0,C,0.0165,0.018,0.0169,77214.66,77178.86,0.3527,0.62958,0.00017,24.33384,0.0,0.0
2026-09-10T19:00:47Z,2026-09-13,3,76500.0,P,0.0075,0.008,0.0076,77214.66,77178.86,0.3527,-0.37042,0.00017,24.33384,5.2,4.8
2026-09-10T19:00:47Z,2026-09-13,3,77000.0,C,0.013,0.014,0.0134,77214.66,77178.86,0.3586,0.54301,0.00017,25.55231,54.6,54.6
2026-09-10T19:00:47Z,2026-09-13,3,77000.0,P,0.01,0.011,0.0106,77206.79,77178.86,0.3586,-0.45835,0.00017,25.55896,0.7,0.4
2026-09-10T19:00:47Z,2026-09-13,3,77500.0,C,0.01,0.0105,0.0103,77206.79,77178.86,0.3616,0.45599,0.00017,25.54263,23.9,25.2
2026-09-10T19:00:47Z,2026-09-13,3,77500.0,P,0.0135,0.0145,0.014,77206.79,77178.86,0.3616,-0.54401,0.00017,25.54263,4.9,8.4
2026-09-10T19:00:47Z,2026-09-13,3,78000.0,C,0.0075,0.008,0.0078,77206.65,77178.86,0.3655,0.37449,0.00016,24.41658,51.1,53.0
2026-09-10T19:00:47Z,2026-09-13,3,78000.0,P,0.0175,0.019,0.018,77206.65,77178.86,0.3655,-0.62551,0.00016,24.41658,9.6,9.0
2026-09-10T19:00:47Z,2026-09-13,3,78500.0,C,0.0055,0.0065,0.0059,77206.79,77178.86,0.3711,0.30119,0.00015,22.43793,14.8,7.1
2026-09-10T19:00:47Z,2026-09-13,3,78500.0,P,0.02,0.0245,0.0225,77206.65,77178.86,0.3711,-0.69883,0.00015,22.43721,1.4,0.2
2026-09-10T19:00:47Z,2026-09-13,3,79000.0,C,0.0043,0.0046,0.0044,77206.79,77178.86,0.3776,0.23793,0.00013,19.93111,4.3,3.3
2026-09-10T19:00:47Z,2026-09-13,3,79000.0,P,0.025,0.0295,0.0275,77206.79,77178.86,0.3776,-0.76207,0.00013,19.93111,0.6,0.0
2026-09-10T19:00:47Z,2026-09-13,3,79500.0,C,0.0032,0.0035,0.0032,77206.79,77178.86,0.3858,0.18588,0.00011,17.24588,5.7,1.6
2026-09-10T19:00:47Z,2026-09-13,3,79500.0,P,0.0305,0.035,0.0328,77206.65,77178.86,0.3858,-0.81413,0.00011,17.24498,3.6,0.0
2026-09-10T19:00:47Z,2026-09-13,3,80000.0,C,0.0023,0.0027,0.0024,77206.65,77178.86,0.3948,0.14401,9e-05,14.61468,19.5,18.9
2026-09-10T19:00:47Z,2026-09-13,3,80000.0,P,0.036,0.041,0.0385,77206.65,77178.86,0.3948,-0.85599,9e-05,14.61468,0.0,0.0
2026-09-10T19:00:47Z,2026-09-13,3,80500.0,C,0.0018,0.002,0.0018,77206.79,77178.86,0.405,0.11137,7e-05,12.22087,15.9,3.8
2026-09-10T19:00:47Z,2026-09-13,3,80500.0,P,0.042,0.0465,0.0444,77206.79,77178.86,0.405,-0.88863,7e-05,12.22087,0.0,0.0
2026-09-10T19:00:47Z,2026-09-13,3,81000.0,C,0.0013,0.0016,0.0014,77206.65,77178.86,0.4164,0.08643,6e-05,10.15022,7.8,10.7
2026-09-10T19:00:47Z,2026-09-13,3,81000.0,P,0.048,0.0525,0.0504,77206.65,77178.86,0.4164,-0.91357,6e-05,10.15022,0.0,0.0
2026-09-10T19:00:47Z,2026-09-13,3,81500.0,C,0.001,0.0012,0.0011,77206.65,77178.86,0.4304,0.06825,5e-05,8.48246,28.1,2.7
2026-09-10T19:00:47Z,2026-09-13,3,81500.0,P,0.054,0.059,0.0566,77206.65,77178.86,0.4304,-0.93175,5e-05,8.48246,0.0,0.0
2026-09-10T19:00:47Z,2026-09-13,3,82000.0,C,0.0008,0.001,0.0008,77206.79,77178.86,0.44380000000000003,0.0539,4e-05,7.05189,200.6,45.5
2026-09-10T19:00:47Z,2026-09-13,3,82000.0,P,0.06,0.065,0.0628,77206.65,77178.86,0.44380000000000003,-0.94611,4e-05,7.05132,0.0,0.0
2026-09-10T19:00:47Z,2026-09-13,3,82500.0,C,0.0006,0.0009,0.0007,77206.65,77178.86,0.461,0.04411,3e-05,6.00837,34.9,34.9
2026-09-10T19:00:47Z,2026-09-13,3,82500.0,P,0.0665,0.0715,0.0691,77206.65,77178.86,0.461,-0.95589,3e-05,6.00837,0.0,0.0
2026-09-10T19:00:47Z,2026-09-13,3,83000.0,C,0.0005,0.0007,0.0006,77206.65,77178.86,0.47869999999999996,0.03659,3e-05,5.16208,16.2,11.1
2026-09-10T19:00:47Z,2026-09-13,3,83000.0,P,0.073,0.0775,0.0755,77206.65,77178.86,0.47869999999999996,-0.96341,3e-05,5.16208,0.0,0.0
2026-09-10T19:00:47Z,2026-09-13,3,84000.0,C,0.0003,0.0005,0.0004,77206.89,77178.86,0.5081,0.02454,2e-05,3.70716,10.5,9.2
2026-09-10T19:00:47Z,2026-09-13,3,84000.0,P,0.0855,0.0905,0.0884,77206.89,77178.86,0.5081,-0.97546,2e-05,3.70716,0.0,0.0
2026-09-10T19:00:47Z,2026-09-13,3,85000.0,C,0.0002,0.0004,0.0003,77206.89,77178.86,0.5415,0.01761,1e-05,2.7983,6.9,2.9
2026-09-10T19:00:47Z,2026-09-13,3,85000.0,P,0.0985,0.1035,0.1012,77206.89,77178.86,0.5415,-0.98239,1e-05,2.7983,0.0,0.0
2026-09-10T19:00:47Z,2026-09-13,3,86000.0,C,0.0001,0.0003,0.0002,77206.89,77178.86,0.5767,0.0133,1e-05,2.19901,23.7,0.2
2026-09-10T19:00:47Z,2026-09-13,3,86000.0,P,0.111,0.116,0.1141,77206.89,77178.86,0.5767,-0.9867,1e-05,2.19901,0.0,0.0
2026-09-10T19:00:47Z,2026-09-13,3,87000.0,C,0.0001,0.0003,0.0002,77206.89,77178.86,0.6103000000000001,0.01018,1e-05,1.74352,23.9,0.1
2026-09-10T19:00:47Z,2026-09-13,3,87000.0,P,0.124,0.129,0.127,77206.76,77178.86,0.6103000000000001,-0.98982,1e-05,1.74339,0.0,0.0
2026-09-10T19:00:47Z,2026-09-13,3,88000.0,C,0.0001,0.0002,0.0001,77206.76,77178.86,0.6457999999999999,0.00817,1e-05,1.43798,1.1,1.2
2026-09-10T19:00:47Z,2026-09-13,3,88000.0,P,0.137,0.142,0.1399,77206.89,77178.86,0.6457999999999999,-0.99183,1e-05,1.43809,0.0,0.0
2026-09-10T19:00:47Z,2026-09-13,3,89000.0,C,0.0,0.0002,0.0001,77206.89,77178.86,0.6822,0.00677,0.0,1.21951,6.2,5.6
2026-09-10T19:00:47Z,2026-09-13,3,89000.0,P,0.15,0.155,0.1529,77206.89,77178.86,0.6822,-0.99323,0.0,1.21951,0.0,0.0
2026-09-10T19:00:47Z,2026-09-14,4,68000.0,C,0.118,0.122,0.1197,77216.34,77178.86,0.57,0.98905,1e-05,2.19421,0.0,0.0
2026-09-10T19:00:47Z,2026-09-14,4,68000.0,P,0.0001,0.0004,0.0002,77216.34,77178.86,0.57,-0.01095,1e-05,2.19421,0.0,0.0
2026-09-10T19:00:47Z,2026-09-14,4,69000.0,C,0.105,0.109,0.1069,77216.34,77178.86,0.5579999999999999,0.98098,1e-05,3.52832,0.0,0.0
2026-09-10T19:00:47Z,2026-09-14,4,69000.0,P,0.0003,0.0005,0.0004,77216.21,77178.86,0.5579999999999999,-0.01902,1e-05,3.52854,38.1,38.1
2026-09-10T19:00:47Z,2026-09-14,4,70000.0,C,0.092,0.096,0.094,77216.34,77178.86,0.5131,0.97538,1e-05,4.38763,0.0,0.0
2026-09-10T19:00:47Z,2026-09-14,4,70000.0,P,0.0003,0.0006,0.0005,77216.21,77178.86,0.5131,-0.02462,1e-05,4.38791,0.1,0.1
2026-09-10T19:00:47Z,2026-09-14,4,71000.0,C,0.0795,0.0835,0.0812,77216.21,77178.86,0.46840000000000004,0.96728,2e-05,5.55966,0.0,0.0
2026-09-10T19:00:47Z,2026-09-14,4,71000.0,P,0.0005,0.0007,0.0006,77216.21,77178.86,0.46840000000000004,-0.03272,2e-05,5.55966,0.1,0.1
2026-09-10T19:00:47Z,2026-09-14,4,72000.0,C,0.0665,0.0705,0.0685,77216.21,77178.86,0.4304,0.95267,3e-05,7.50778,0.0,0.0
2026-09-10T19:00:47Z,2026-09-14,4,72000.0,P,0.0007,0.001,0.0008,77216.38,77178.86,0.4304,-0.04733,3e-05,7.50713,0.6,0.6
2026-09-10T19:00:47Z,2026-09-14,4,73000.0,C,0.054,0.058,0.0559,77218.16,77178.86,0.3954,0.92812,5e-05,10.42177,0.0,0.0
2026-09-10T19:00:47Z,2026-09-14,4,73000.0,P,0.0011,0.0014,0.0013,77218.16,77178.86,0.3954,-0.07188,5e-05,10.42161,0.6,0.6
2026-09-10T19:00:47Z,2026-09-14,4,74000.0,C,0.042,0.046,0.0438,77218.16,77178.86,0.36950000000000005,0.88256,7e-05,14.98417,0.0,0.0
2026-09-10T19:00:47Z,2026-09-14,4,74000.0,P,0.002,0.0023,0.0021,77218.16,77178.86,0.36950000000000005,-0.11744,7e-05,14.98417,7.0,7.0
2026-09-10T19:00:47Z,2026-09-14,4,74500.0,C,0.036,0.04,0.038,77216.38,77178.86,0.35969999999999996,0.84818,9e-05,17.87585,0.0,0.0
2026-09-10T19:00:47Z,2026-09-14,4,74500.0,P,0.0027,0.003,0.0028,77218.16,77178.86,0.35969999999999996,-0.15167,9e-05,17.86429,0.0,0.0
2026-09-10T19:00:47Z,2026-09-14,4,75000.0,C,0.031,0.0345,0.0325,77216.38,77178.86,0.3525,0.80403,0.0001,21.03226,0.0,0.0
2026-09-10T19:00:47Z,2026-09-14,4,75000.0,P,0.0037,0.004,0.0038,77218.16,77178.86,0.3525,-0.19579,0.0001,21.02079,0.5,0.5
2026-09-10T19:00:47Z,2026-09-14,4,75500.0,C,0.026,0.0295,0.0275,77216.38,77178.86,0.3493,0.74876,0.00012,24.23187,0.0,0.0
2026-09-10T19:00:47Z,2026-09-14,4,75500.0,P,0.005,0.0055,0.0053,77218.16,77178.86,0.3493,-0.25103,0.00012,24.22154,17.6,17.6
2026-09-10T19:00:47Z,2026-09-14,4,76000.0,C,0.0215,0.0245,0.0228,77218.16,77178.86,0.34590000000000004,0.68573,0.00013,26.9912,0.0,0.0
2026-09-10T19:00:47Z,2026-09-14,4,76000.0,P,0.0065,0.0075,0.007,77218.16,77178.86,0.34590000000000004,-0.31427,0.00013,26.99125,6.9,6.9
2026-09-10T19:00:47Z,2026-09-14,4,76500.0,C,0.018,0.0195,0.0186,77218.16,77178.86,0.3444,0.61502,0.00015,29.07207,20.5,20.6
2026-09-10T19:00:47Z,2026-09-14,4,76500.0,P,0.009,0.01,0.0093,77218.16,77178.86,0.3444,-0.38498,0.00015,29.07207,3.9,3.9
2026-09-10T19:00:47Z,2026-09-14,4,77000.0,C,0.015,0.0155,0.0151,77216.38,77178.86,0.3482,0.53942,0.00015,30.19308,39.4,39.4
2026-09-10T19:00:47Z,2026-09-14,4,77000.0,P,0.0115,0.0125,0.0123,77218.16,77178.86,0.3482,-0.46031,0.00015,30.19176,0.4,0.4
2026-09-10T19:00:47Z,2026-09-14,4,77500.0,C,0.0115,0.0125,0.012,77218.16,77178.86,0.3497,0.46472,0.00015,30.22326,25.0,25.0
2026-09-10T19:00:47Z,2026-09-14,4,77500.0,P,0.015,0.016,0.0157,77216.38,77178.86,0.3497,-0.53555,0.00015,30.22076,0.0,0.0
2026-09-10T19:00:47Z,2026-09-14,4,78000.0,C,0.009,0.01,0.0094,77218.16,77178.86,0.35259999999999997,0.39253,0.00014,29.23425,87.4,87.4
2026-09-10T19:00:47Z,2026-09-14,4,78000.0,P,0.019,0.0205,0.0196,77216.38,77178.86,0.35259999999999997,-0.60773,0.00014,29.22828,0.6,0.6
2026-09-10T19:00:47Z,2026-09-14,4,78500.0,C,0.007,0.008,0.0074,77218.16,77178.86,0.35710000000000003,0.32619,0.00013,27.41469,23.1,23.3
2026-09-10T19:00:47Z,2026-09-14,4,78500.0,P,0.022,0.0255,0.024,77218.16,77178.86,0.35710000000000003,-0.67381,0.00013,27.41469,0.1,0.1
2026-09-10T19:00:47Z,2026-09-14,4,79000.0,C,0.0055,0.006,0.0056,77218.16,77178.86,0.3607,0.26616,0.00012,24.96708,15.9,16.0
2026-09-10T19:00:47Z,2026-09-14,4,79000.0,P,0.027,0.0305,0.0287,77218.16,77178.86,0.3607,-0.73384,0.00012,24.96708,0.0,0.0
2026-09-10T19:00:47Z,2026-09-14,4,79500.0,C,0.0043,0.0047,0.0044,77218.16,77178.86,0.36920000000000003,0.21689,0.0001,22.33557,10.6,10.6
2026-09-10T19:00:47Z,2026-09-14,4,79500.0,P,0.032,0.036,0.034,77218.16,77178.86,0.36920000000000003,-0.78311,0.0001,22.33557,0.0,0.0
2026-09-10T19:00:47Z,2026-09-14,4,80000.0,C,0.0034,0.0037,0.0034,77214.06,77178.86,0.3766,0.17437,9e-05,19.55974,1.3,1.3
2026-09-10T19:00:47Z,2026-09-14,4,80000.0,P,0.037,0.0415,0.0395,77214.06,77178.86,0.3766,-0.82563,9e-05,19.55974,0.0,0.0
2026-09-10T19:00:47Z,2026-09-14,4,80500.0,C,0.0026,0.0029,0.0027,77214.06,77178.86,0.38520000000000004,0.14016,8e-05,16.94095,8.2,8.2
2026-09-10T19:00:47Z,2026-09-14,4,80500.0,P,0.0425,0.0475,0.0452,77214.06,77178.86,0.38520000000000004,-0.85984,8e-05,16.94095,0.0,0.0
2026-09-10T19:00:47Z,2026-09-14,4,81000.0,C,0.002,0.0023,0.0021,77214.06,77178.86,0.3943,0.11257,6e-05,14.53852,3.5,3.9
2026-09-10T19:00:47Z,2026-09-14,4,81000.0,P,0.0485,0.0535,0.0511,77214.06,77178.86,0.3943,-0.88743,6e-05,14.53886,0.0,0.0
2026-09-10T19:00:47Z,2026-09-14,4,82000.0,C,0.0012,0.0015,0.0013,77214.06,77178.86,0.41359999999999997,0.07271,4e-05,10.51369,110.1,110.6
2026-09-10T19:00:47Z,2026-09-14,4,82000.0,P,0.0605,0.0655,0.0633,77214.06,77178.86,0.41359999999999997,-0.92729,4e-05,10.51333,0.0,0.0
2026-09-10T19:00:47Z,2026-09-14,4,83000.0,C,0.0008,0.001,0.0008,77214.06,77178.86,0.43520000000000003,0.04801,3e-05,7.59312,1.1,1.7
2026-09-10T19:00:47Z,2026-09-14,4,83000.0,P,0.073,0.078,0.0757,77214.06,77178.86,0.43520000000000003,-0.95199,3e-05,7.59312,0.0,0.0
2026-09-10T19:00:47Z,2026-09-14,4,84000.0,C,0.0005,0.0007,0.0006,77218.16,77178.86,0.4569,0.0323,2e-05,5.5005,0.5,0.5
2026-09-10T19:00:47Z,2026-09-14,4,84000.0,P,0.0855,0.0905,0.0884,77214.06,77178.86,0.4569,-0.96779,2e-05,5.48822,0.0,0.0
2026-09-10T19:00:47Z,2026-09-14,4,85000.0,C,0.0003,0.0005,0.0004,77214.06,77178.86,0.4769,0.02161,1e-05,3.9315,0.4,0.4
2026-09-10T19:00:47Z,2026-09-14,4,85000.0,P,0.0985,0.1035,0.1012,77214.06,77178.86,0.4769,-0.97839,1e-05,3.9315,0.0,0.0
2026-09-10T19:00:47Z,2026-09-14,4,86000.0,C,0.0002,0.0004,0.0003,77214.06,77178.86,0.5001,0.01526,1e-05,2.92365,2.0,2.0
2026-09-10T19:00:47Z,2026-09-14,4,86000.0,P,0.111,0.116,0.114,77218.16,77178.86,0.5001,-0.98469,1e-05,2.93063,0.0,0.0
2026-09-10T19:00:47Z,2026-09-14,4,87000.0,C,0.0001,0.0003,0.0002,77214.06,77178.86,0.5174,0.01027,1e-05,2.07548,0.3,0.3
2026-09-10T19:00:47Z,2026-09-14,4,87000.0,P,0.124,0.129,0.1269,77218.16,77178.86,0.5174,-0.9897,1e-05,2.0806,0.0,0.0
2026-09-10T19:00:47Z,2026-09-18,8,65000.0,C,0.1575,0.161,0.159,77250.91,77178.86,0.5539999999999999,0.98638,1e-05,3.86855,0.0,0.0
2026-09-10T19:00:47Z,2026-09-18,8,65000.0,P,0.0003,0.0005,0.0004,77247.04,77178.86,0.5539999999999999,-0.01364,1e-05,3.87374,182.9,1.2
2026-09-10T19:00:47Z,2026-09-18,8,68000.0,C,0.119,0.123,0.1207,77250.91,77178.86,0.49200000000000005,0.96704,1e-05,8.16627,3.2,0.2
2026-09-10T19:00:47Z,2026-09-18,8,68000.0,P,0.0008,0.0011,0.0009,77250.91,77178.86,0.49200000000000005,-0.03296,1e-05,8.16627,187.1,38.7
2026-09-10T19:00:47Z,2026-09-18,8,69000.0,C,0.106,0.11,0.108,77250.91,77178.86,0.4692,0.95625,2e-05,10.28903,0.0,0.0
2026-09-10T19:00:47Z,2026-09-18,8,69000.0,P,0.0011,0.0014,0.0012,77250.91,77178.86,0.4692,-0.04375,2e-05,10.28903,36.2,9.3
2026-09-10T19:00:47Z,2026-09-18,8,70000.0,C,0.0935,0.0975,0.0955,77247.04,77178.86,0.4481,0.94082,2e-05,13.08493,0.0,0.0
2026-09-10T19:00:47Z,2026-09-18,8,70000.0,P,0.0016,0.0018,0.0017,77250.91,77178.86,0.4481,-0.05909,2e-05,13.0697,264.3,722.6
2026-09-10T19:00:47Z,2026-09-18,8,72000.0,C,0.0695,0.0735,0.0714,77250.91,77178.86,0.4169,0.88583,4e-05,21.44252,0.2,0.1
2026-09-10T19:00:47Z,2026-09-18,8,72000.0,P,0.0033,0.0036,0.0034,77247.04,77178.86,0.4169,-0.11434,4e-05,21.46304,2294.9,635.3
2026-09-10T19:00:47Z,2026-09-18,8,74000.0,C,0.0475,0.0515,0.0493,77247.04,77178.86,0.39630000000000004,0.78299,7e-05,32.61757,23.4,0.2
2026-09-10T19:00:47Z,2026-09-18,8,74000.0,P,0.007,0.0075,0.0073,77246.97,77178.86,0.39630000000000004,-0.21701,7e-05,32.61793,1396.0,304.2
2026-09-10T19:00:47Z,2026-09-18,8,75000.0,C,0.038,0.0415,0.0396,77247.3,77178.86,0.3908,0.71012,8e-05,37.99946,42.7,1.2
2026-09-10T19:00:47Z,2026-09-18,8,75000.0,P,0.01,0.011,0.0105,77246.97,77178.86,0.3908,-0.2899,8e-05,38.00089,1166.2,913.2
2026-09-10T19:00:47Z,2026-09-18,8,76000.0,C,0.0305,0.032,0.0311,77247.3,77178.86,0.3873,0.62562,9e-05,42.08122,19.1,8.3
2026-09-10T19:00:47Z,2026-09-18,8,76000.0,P,0.0145,0.0155,0.0149,77247.3,77178.86,0.3873,-0.37438,9e-05,42.08122,434.4,468.2
2026-09-10T19:00:47Z,2026-09-18,8,77000.0,C,0.0235,0.0245,0.0237,77247.3,77178.86,0.38520000000000004,0.53411,9e-05,44.13364,166.0,117.7
2026-09-10T19:00:47Z,2026-09-18,8,77000.0,P,0.02,0.021,0.0205,77246.97,77178.86,0.38520000000000004,-0.46593,9e-05,44.13374,643.3,222.4
2026-09-10T19:00:47Z,2026-09-18,8,78000.0,C,0.0175,0.0185,0.0178,77246.97,77178.86,0.3881,0.44196,9e-05,43.82574,240.5,156.0
2026-09-10T19:00:47Z,2026-09-18,8,78000.0,P,0.027,0.028,0.0276,77246.97,77178.86,0.3881,-0.55804,9e-05,43.82574,373.0,179.9
2026-09-10T19:00:47Z,2026-09-18,8,79000.0,C,0.013,0.014,0.0133,77247.3,77178.86,0.3937,0.35635,9e-05,41.39205,455.3,82.3
2026-09-10T19:00:47Z,2026-09-18,8,79000.0,P,0.035,0.0365,0.0359,77247.3,77178.86,0.3937,-0.64365,9e-05,41.39205,273.2,39.5
2026-09-10T19:00:47Z,2026-09-18,8,80000.0,C,0.0095,0.01,0.0097,77247.3,77178.86,0.40009999999999996,0.2809,8e-05,37.43417,741.3,138.4
2026-09-10T19:00:47Z,2026-09-18,8,80000.0,P,0.0435,0.047,0.0453,77246.97,77178.86,0.40009999999999996,-0.71913,8e-05,37.43238,136.6,0.6
2026-09-10T19:00:47Z,2026-09-18,8,81000.0,C,0.0065,0.0075,0.0071,77247.3,77178.86,0.4069,0.21718,7e-05,32.63271,755.8,49.4
2026-09-10T19:00:47Z,2026-09-18,8,81000.0,P,0.0535,0.0575,0.0556,77247.3,77178.86,0.4069,-0.78282,7e-05,32.63271,37.4,0.5
2026-09-10T19:00:47Z,2026-09-18,8,82000.0,C,0.005,0.0055,0.0052,77247.3,77178.86,0.4183,0.16777,5e-05,27.8597,1914.1,606.5
2026-09-10T19:00:47Z,2026-09-18,8,82000.0,P,0.0645,0.069,0.0667,77246.97,77178.86,0.4183,-0.83225,5e-05,27.85763,28.8,0.0
2026-09-10T19:00:47Z,2026-09-18,8,83000.0,C,0.0036,0.0041,0.0038,77247.3,77178.86,0.4276,0.12755,4e-05,23.18045,666.7,372.6
2026-09-10T19:00:47Z,2026-09-18,8,83000.0,P,0.076,0.0805,0.0783,77247.3,77178.86,0.4276,-0.87245,4e-05,23.18045,0.0,0.0
2026-09-10T19:00:47Z,2026-09-18,8,84000.0,C,0.0028,0.0031,0.0028,77246.97,77178.86,0.4401,0.09795,4e-05,19.19256,611.6,242.9
2026-09-10T19:00:47Z,2026-09-18,8,84000.0,P,0.0875,0.0925,0.0902,77246.97,77178.86,0.4401,-0.90205,4e-05,19.19256,0.1,0.0
2026-09-10T19:00:47Z,2026-09-18,8,85000.0,C,0.002,0.0024,0.0022,77246.97,77178.86,0.4534,0.07563,3e-05,15.81703,865.5,107.4
2026-09-10T19:00:47Z,2026-09-18,8,85000.0,P,0.1,0.105,0.1025,77247.3,77178.86,0.4534,-0.92437,3e-05,15.81859,1.2,0.1
2026-09-10T19:00:47Z,2026-09-18,8,86000.0,C,0.0015,0.0018,0.0016,77247.3,77178.86,0.4658,0.05825,2e-05,12.92309,675.8,4.3
2026-09-10T19:00:47Z,2026-09-18,8,86000.0,P,0.112,0.1175,0.1149,77247.28,77178.86,0.4658,-0.94175,2e-05,12.92313,0.1,0.1
2026-09-10T19:00:47Z,2026-09-18,8,88000.0,C,0.0009,0.001,0.001,77248.27,77178.86,0.4941,0.03597,1e-05,8.77379,615.5,2.8
2026-09-10T19:00:47Z,2026-09-18,8,88000.0,P,0.137,0.1425,0.1401,77247.28,77178.86,0.4941,-0.96405,1e-05,8.77083,0.0,0.0
2026-09-10T19:00:47Z,2026-09-18,8,90000.0,C,0.0005,0.0008,0.0006,77248.27,77178.86,0.5238,0.02321,1e-05,6.09605,727.7,46.3
2026-09-10T19:00:47Z,2026-09-18,8,90000.0,P,0.1625,0.168,0.1657,77248.27,77178.86,0.5238,-0.97679,1e-05,6.09605,0.0,0.0
2026-09-10T19:00:47Z,2026-09-18,8,95000.0,C,0.0001,0.0003,0.0002,77247.28,77178.86,0.5915,0.00841,0.0,2.54261,154.8,1.2
2026-09-10T19:00:47Z,2026-09-18,8,95000.0,P,0.227,0.2325,0.23,77248.27,77178.86,0.5915,-0.99159,0.0,2.54355,0.1,0.1
2026-09-10T19:00:47Z,2026-09-25,15,30000.0,C,0.6115,0.613,0.6118,77290.32,77178.86,1.2395,0.99996,0.0,0.02527,135.5,0.0
2026-09-10T19:00:47Z,2026-09-25,15,30000.0,P,0.0,0.0001,0.0,77289.33,77178.86,1.2395,-4e-05,0.0,0.02528,2959.5,0.0
2026-09-10T19:00:47Z,2026-09-25,15,35000.0,C,0.5465,0.5485,0.5472,77290.32,77178.86,1.0855,0.99992,0.0,0.05142,29.3,0.0
2026-09-10T19:00:47Z,2026-09-25,15,35000.0,P,0.0,0.0001,0.0,77289.33,77178.86,1.0855,-8e-05,0.0,0.05143,1200.7,0.0
2026-09-10T19:00:47Z,2026-09-25,15,40000.0,C,0.481,0.484,0.4825,77290.32,77178.86,1.0499,0.99942,0.0,0.31511,34.4,0.0
2026-09-10T19:00:47Z,2026-09-25,15,40000.0,P,0.0,0.0001,0.0,77290.32,77178.86,1.0499,-0.00058,0.0,0.31511,2816.9,0.0
2026-09-10T19:00:47Z,2026-09-25,15,45000.0,C,0.4165,0.4195,0.4178,77290.32,77178.86,0.8865999999999999,0.99917,0.0,0.43767,224.9,0.0
2026-09-10T19:00:47Z,2026-09-25,15,45000.0,P,0.0,0.0001,0.0,77290.32,77178.86,0.8865999999999999,-0.00083,0.0,0.43767,2172.4,3.0
2026-09-10T19:00:47Z,2026-09-25,15,50000.0,C,0.3515,0.355,0.3532,77290.32,77178.86,0.7748,0.9981,0.0,0.93499,30.1,0.0
2026-09-10T19:00:47Z,2026-09-25,15,50000.0,P,0.0,0.0002,0.0001,77290.32,77178.86,0.7748,-0.0019,0.0,0.93499,3780.6,32.2
2026-09-10T19:00:47Z,2026-09-25,15,52000.0,C,0.326,0.329,0.3273,77289.33,77178.86,0.7445999999999999,0.99694,0.0,1.4378,150.2,0.0
2026-09-10T19:00:47Z,2026-09-25,15,52000.0,P,0.0001,0.0002,0.0001,77289.33,77178.86,0.7445999999999999,-0.00306,0.0,1.4378,1201.5,0.5
2026-09-10T19:00:47Z,2026-09-25,15,54000.0,C,0.3,0.3035,0.3015,77289.33,77178.86,0.6873999999999999,0.99634,0.0,1.68757,7.4,0.0
2026-09-10T19:00:47Z,2026-09-25,15,54000.0,P,0.0001,0.0002,0.0002,77290.32,77178.86,0.6873999999999999,-0.00366,0.0,1.68717,771.9,0.2
2026-09-10T19:00:47Z,2026-09-25,15,55000.0,C,0.287,0.2905,0.2886,77289.33,77178.86,0.6654000000000001,0.99571,0.0,1.9467,143.7,0.0
2026-09-10T19:00:47Z,2026-09-25,15,55000.0,P,0.0001,0.0003,0.0002,77290.32,77178.86,0.6654000000000001,-0.00429,0.0,1.94623,3029.4,101.5
2026-09-10T19:00:47Z,2026-09-25,15,56000.0,C,0.274,0.2775,0.2757,77290.32,77178.86,0.6606000000000001,0.99396,0.0,2.64013,13.4,0.0
2026-09-10T19:00:47Z,2026-09-25,15,56000.0,P,0.0002,0.0004,0.0003,77290.32,77178.86,0.6606000000000001,-0.00604,0.0,2.64013,1695.3,10.0
2026-09-10T19:00:47Z,2026-09-25,15,58000.0,C,0.2485,0.252,0.25,77290.32,77178.86,0.6229,0.99115,0.0,3.69583,460.7,0.0
2026-09-10T19:00:47Z,2026-09-25,15,58000.0,P,0.0003,0.0005,0.0004,77290.32,77178.86,0.6229,-0.00885,0.0,3.69583,1334.3,18.8
2026-09-10T19:00:47Z,2026-09-25,15,60000.0,C,0.2225,0.226,0.2241,77290.32,77178.86,0.5687,0.98892,0.0,4.49689,836.0,1.2
2026-09-10T19:00:47Z,2026-09-25,15,60000.0,P,0.0004,0.0005,0.0004,77290.32,77178.86,0.5687,-0.01108,0.0,4.4969,5388.3,84.2
2026-09-10T19:00:47Z,2026-09-25,15,62000.0,C,0.197,0.2005,0.1985,77290.42,77178.86,0.5367999999999999,0.98261,1e-05,6.63151,597.4,0.0
2026-09-10T19:00:47Z,2026-09-25,15,62000.0,P,0.0006,0.0008,0.0007,77292.08,77178.86,0.5367999999999999,-0.01738,1e-05,6.62885,1423.8,36.7
2026-09-10T19:00:47Z,2026-09-25,15,64000.0,C,0.1715,0.1755,0.173,77292.08,77178.86,0.504,0.97296,1e-05,9.62803,646.4,0.8
2026-09-10T19:00:47Z,2026-09-25,15,64000.0,P,0.001,0.0012,0.0011,77292.08,77178.86,0.504,-0.02704,1e-05,9.62803,1270.3,70.1
2026-09-10T19:00:47Z,2026-09-25,15,65000.0,C,0.159,0.1625,0.1603,77292.08,77178.86,0.4867,0.96648,1e-05,11.50415,1255.7,11.8
2026-09-10T19:00:47Z,2026-09-25,15,65000.0,P,0.0013,0.0014,0.0013,77292.08,77178.86,0.4867,-0.03352,1e-05,11.50416,985.8,4.6
2026-09-10T19:00:47Z,2026-09-25,15,66000.0,C,0.146,0.15,0.1477,77292.08,77178.86,0.4719,0.95764,1e-05,13.92553,970.0,0.1
2026-09-10T19:00:47Z,2026-09-25,15,66000.0,P,0.0016,0.0019,0.0017,77292.08,77178.86,0.4719,-0.04236,1e-05,13.92553,1629.1,69.4
2026-09-10T19:00:47Z,2026-09-25,15,68000.0,C,0.121,0.125,0.1229,77290.42,77178.86,0.444,0.93183,2e-05,20.29579,888.3,0.1
2026-09-10T19:00:47Z,2026-09-25,15,68000.0,P,0.0027,0.0029,0.0028,77292.08,77178.86,0.444,-0.06814,2e-05,20.2889,2053.5,356.5
2026-09-10T19:00:47Z,2026-09-25,15,70000.0,C,0.097,0.101,0.0989,77292.08,77178.86,0.41869999999999996,0.89018,3e-05,28.97465,10958.2,2.2
2026-09-10T19:00:47Z,2026-09-25,15,70000.0,P,0.0044,0.0048,0.0046,77292.08,77178.86,0.41869999999999996,-0.10982,3e-05,28.97467,8839.0,31.6
2026-09-10T19:00:47Z,2026-09-25,15,72000.0,C,0.0745,0.0785,0.0763,77292.08,77178.86,0.3985,0.82421,4e-05,39.88087,3313.4,0.4
2026-09-10T19:00:47Z,2026-09-25,15,72000.0,P,0.0075,0.008,0.0078,77290.42,77178.86,0.3985,-0.17586,4e-05,39.89004,2636.4,283.5
2026-09-10T19:00:47Z,2026-09-25,15,73000.0,C,0.064,0.068,0.0658,77290.42,77178.86,0.39159999999999995,0.77925,5e-05,45.76648,41.0,0.0
2026-09-10T19:00:47Z,2026-09-25,15,73000.0,P,0.01,0.0105,0.0103,77292.08,77178.86,0.39159999999999995,-0.22066,5e-05,45.75779,1052.4,363.5
2026-09-10T19:00:47Z,2026-09-25,15,74000.0,C,0.055,0.058,0.0561,77292.08,77178.86,0.38670000000000004,0.7266,6e-05,51.32791,1468.8,3.2
2026-09-10T19:00:47Z,2026-09-25,15,74000.0,P,0.013,0.014,0.0135,77292.08,77178.86,0.38670000000000004,-0.2734,6e-05,51.3279,704.8,40.0
2026-09-10T19:00:47Z,2026-09-25,15,75000.0,C,0.046,0.049,0.0471,77292.08,77178.86,0.3824,0.66733,6e-05,56.04876,3307.6,1.4
2026-09-10T19:00:47Z,2026-09-25,15,75000.0,P,0.017,0.018,0.0175,77292.08,77178.86,0.3824,-0.33267,6e-05,56.04876,4613.0,93.1
2026-09-10T19:00:47Z,2026-09-25,15,76000.0,C,0.0385,0.04,0.039,77290.42,77178.86,0.37929999999999997,0.60267,7e-05,59.4947,2780.3,103.7
2026-09-10T19:00:47Z,2026-09-25,15,76000.0,P,0.022,0.023,0.0223,77290.42,77178.86,0.37929999999999997,-0.39733,7e-05,59.4947,1017.2,80.6
2026-09-10T19:00:47Z,2026-09-25,15,77000.0,C,0.0315,0.0325,0.0319,77292.08,77178.86,0.37729999999999997,0.53503,7e-05,61.30791,292.4,10.3
2026-09-10T19:00:47Z,2026-09-25,15,77000.0,P,0.0275,0.0285,0.0281,77292.08,77178.86,0.37729999999999997,-0.46497,7e-05,61.30791,1065.9,71.6
2026-09-10T19:00:47Z,2026-09-25,15,78000.0,C,0.0255,0.0265,0.0259,77292.08,77178.86,0.37810000000000005,0.4669,7e-05,61.33343,5369.0,337.8
2026-09-10T19:00:47Z,2026-09-25,15,78000.0,P,0.0345,0.0355,0.0351,77297.32,77178.86,0.37810000000000005,-0.53274,7e-05,61.34215,2645.8,104.6
2026-09-10T19:00:47Z,2026-09-25,15,79000.0,C,0.0205,0.021,0.0208,77297.32,77178.86,0.3799,0.4015,7e-05,59.66375,2352.6,180.0
2026-09-10T19:00:47Z,2026-09-25,15,79000.0,P,0.042,0.043,0.0429,77297.32,77178.86,0.3799,-0.5985,7e-05,59.66375,1156.3,10.7
2026-09-10T19:00:47Z,2026-09-25,15,80000.0,C,0.0165,0.017,0.0166,77297.32,77178.86,0.38270000000000004,0.34026,6e-05,56.5471,6823.1,393.3
2026-09-10T19:00:47Z,2026-09-25,15,80000.0,P,0.0495,0.053,0.0516,77297.32,77178.86,0.38270000000000004,-0.65974,6e-05,56.54696,1568.2,6.9
2026-09-10T19:00:47Z,2026-09-25,15,81000.0,C,0.013,0.0135,0.0131,77297.32,77178.86,0.38630000000000003,0.28495,6e-05,52.37401,2838.9,71.1
2026-09-10T19:00:47Z,2026-09-25,15,81000.0,P,0.059,0.0625,0.0611,77297.32,77178.86,0.38630000000000003,-0.71505,6e-05,52.37401,592.7,15.8
2026-09-10T19:00:47Z,2026-09-25,15,82000.0,C,0.01,0.011,0.0104,77292.27,77178.86,0.39149999999999996,0.23654,5e-05,47.57891,6886.5,60.8
2026-09-10T19:00:47Z,2026-09-25,15,82000.0,P,0.069,0.073,0.0714,77297.32,77178.86,0.39149999999999996,-0.7632,5e-05,47.61055,458.6,0.1
2026-09-10T19:00:47Z,2026-09-25,15,83000.0,C,0.008,0.0085,0.0082,77297.32,77178.86,0.39649999999999996,0.1949,5e-05,42.5241,1482.5,18.7
2026-09-10T19:00:47Z,2026-09-25,15,83000.0,P,0.0795,0.084,0.0821,77292.27,77178.86,0.39649999999999996,-0.80532,5e-05,42.49113,20.2,0.1
2026-09-10T19:00:47Z,2026-09-25,15,84000.0,C,0.006,0.007,0.0065,77297.32,77178.86,0.4031,0.16027,4e-05,37.57928,4964.2,232.9
2026-09-10T19:00:47Z,2026-09-25,15,84000.0,P,0.0905,0.0955,0.0933,77297.32,77178.86,0.4031,-0.83973,4e-05,37.57947,47.4,0.1
2026-09-10T19:00:47Z,2026-09-25,15,85000.0,C,0.0049,0.0055,0.0052,77297.32,77178.86,0.4104,0.13162,3e-05,32.91828,9108.7,42.1
2026-09-10T19:00:47Z,2026-09-25,15,85000.0,P,0.102,0.107,0.105,77297.32,77178.86,0.4104,-0.86838,3e-05,32.9184,454.8,1.2
2026-09-10T19:00:47Z,2026-09-25,15,86000.0,C,0.004,0.0043,0.0041,77297.32,77178.86,0.41700000000000004,0.10742,3e-05,28.52041,2181.9,7.9
2026-09-10T19:00:47Z,2026-09-25,15,86000.0,P,0.114,0.119,0.1168,77292.27,77178.86,0.41700000000000004,-0.89272,3e-05,28.49083,11.7,0.0
2026-09-10T19:00:47Z,2026-09-25,15,87000.0,C,0.0031,0.0035,0.0033,77297.32,77178.86,0.4251,0.08831,2e-05,24.70268,16.0,2.6
2026-09-10T19:00:47Z,2026-09-25,15,87000.0,P,0.126,0.1315,0.129,77292.27,77178.86,0.4251,-0.91181,2e-05,24.67537,1.6,0.0
2026-09-10T19:00:47Z,2026-09-25,15,88000.0,C,0.0027,0.0029,0.0028,77297.32,77178.86,0.4354,0.0737,2e-05,21.54997,1550.8,13.8
2026-09-10T19:00:47Z,2026-09-25,15,88000.0,P,0.138,0.144,0.1413,77292.27,77178.86,0.4354,-0.9264,2e-05,21.5251,6.3,0.5
2026-09-10T19:00:47Z,2026-09-25,15,90000.0,C,0.0017,0.002,0.0019,77297.32,77178.86,0.4533,0.05089,1e-05,16.13628,8715.9,21.0
2026-09-10T19:00:47Z,2026-09-25,15,90000.0,P,0.163,0.1685,0.1663,77297.32,77178.86,0.4533,-0.94911,1e-05,16.13644,579.9,0.0
2026-09-10T19:00:47Z,2026-09-25,15,92000.0,C,0.0012,0.0015,0.0013,77297.9,77178.86,0.4752,0.03685,1e-05,12.43452,1273.5,22.2
2026-09-10T19:00:47Z,2026-09-25,15,92000.0,P,0.1885,0.194,0.1916,77297.9,77178.86,0.4752,-0.96315,1e-05,12.43454,7.7,0.0
2026-09-10T19:00:47Z,2026-09-25,15,94000.0,C,0.0009,0.0011,0.001,77297.9,77178.86,0.49579999999999996,0.02698,1e-05,9.61046,872.4,75.6
2026-09-10T19:00:47Z,2026-09-25,15,94000.0,P,0.2135,0.2195,0.2171,77297.36,77178.86,0.49579999999999996,-0.97303,1e-05,9.60909,1.9,0.0
2026-09-10T19:00:47Z,2026-09-25,15,95000.0,C,0.0007,0.001,0.0008,77297.9,77178.86,0.5055,0.02311,1e-05,8.44042,5503.1,29.1
2026-09-10T19:00:47Z,2026-09-25,15,95000.0,P,0.2265,0.2325,0.2299,77297.9,77178.86,0.5055,-0.97689,1e-05,8.44042,147.6,0.0
2026-09-10T19:00:47Z,2026-09-25,15,96000.0,C,0.0006,0.0009,0.0007,77297.36,77178.86,0.5168,0.02022,1e-05,7.54052,1815.1,5.6
2026-09-10T19:00:47Z,2026-09-25,15,96000.0,P,0.239,0.2455,0.2428,77297.36,77178.86,0.5168,-0.97978,1e-05,7.54052,1.0,0.0
2026-09-10T19:00:47Z,2026-09-25,15,98000.0,C,0.0005,0.0007,0.0006,77297.36,77178.86,0.5407,0.01598,0.0,6.16948,1130.5,1.0
2026-09-10T19:00:47Z,2026-09-25,15,98000.0,P,0.265,0.271,0.2685,77297.9,77178.86,0.5407,-0.98402,0.0,6.17038,0.1,0.0
2026-09-10T19:00:47Z,2026-09-25,15,100000.0,C,0.0005,0.0006,0.0005,77297.9,77178.86,0.5732,0.01413,0.0,5.55154,7211.5,2.0
2026-09-10T19:00:47Z,2026-09-25,15,100000.0,P,0.2905,0.297,0.2943,77297.9,77178.86,0.5732,-0.98587,0.0,5.55154,336.1,0.0
2026-09-10T19:00:47Z,2026-09-25,15,102000.0,C,0.0003,0.0005,0.0003,77297.9,77178.86,0.5732,0.00898,0.0,3.74128,197.3,4.9
2026-09-10T19:00:47Z,2026-09-25,15,102000.0,P,0.3165,0.3225,0.32,77297.9,77178.86,0.5732,-0.99102,0.0,3.74128,0.4,0.0
2026-09-10T19:00:47Z,2026-09-25,15,105000.0,C,0.0002,0.0004,0.0002,77297.9,77178.86,0.6004,0.00628,0.0,2.73259,1538.2,0.0
2026-09-10T19:00:47Z,2026-09-25,15,105000.0,P,0.355,0.3615,0.3587,77297.36,77178.86,0.6004,-0.99372,0.0,2.73217,105.1,0.0
2026-09-10T19:00:47Z,2026-09-25,15,110000.0,C,0.0001,0.0003,0.0002,77297.9,77178.86,0.6607,0.00453,0.0,2.04391,1524.8,3.9
2026-09-10T19:00:47Z,2026-09-25,15,110000.0,P,0.419,0.426,0.4234,77297.9,77178.86,0.6607,-0.99547,0.0,2.04391,215.7,0.0
2026-09-10T19:00:47Z,2026-09-25,15,115000.0,C,0.0001,0.0002,0.0001,77297.36,77178.86,0.7171,0.00342,0.0,1.5895,2160.7,0.2
2026-09-10T19:00:47Z,2026-09-25,15,115000.0,P,0.4835,0.491,0.488,77297.9,77178.86,0.7171,-0.99658,0.0,1.58972,93.5,0.0
2026-09-10T19:00:47Z,2026-09-25,15,120000.0,C,0.0001,0.0002,0.0001,77297.9,77178.86,0.7844,0.00316,0.0,1.47816,1357.0,55.7
2026-09-10T19:00:47Z,2026-09-25,15,120000.0,P,0.548,0.5555,0.5527,77297.9,77178.86,0.7844,-0.99684,0.0,1.47816,174.5,0.0
2026-09-10T19:00:47Z,2026-09-25,15,125000.0,C,0.0,0.0002,0.0001,77297.36,77178.86,0.7876000000000001,0.00145,0.0,0.72775,2385.7,30.1
2026-09-10T19:00:47Z,2026-09-25,15,125000.0,P,0.6125,0.6205,0.6172,77303.8,77178.86,0.7876000000000001,-0.99855,0.0,0.72896,21.5,0.0
2026-09-10T19:00:47Z,2026-09-25,15,130000.0,C,0.0,0.0001,0.0,77303.8,77178.86,0.7992,0.00074,0.0,0.39348,1509.3,60.0
2026-09-10T19:00:47Z,2026-09-25,15,130000.0,P,0.677,0.6855,0.6818,77303.8,77178.86,0.7992,-0.99926,0.0,0.39348,21.4,0.0
2026-09-10T19:00:47Z,2026-09-25,15,135000.0,C,0.0,0.0001,0.0,77303.8,77178.86,0.7992,0.00032,0.0,0.18035,493.0,0.0
2026-09-10T19:00:47Z,2026-09-25,15,135000.0,P,0.7415,0.7505,0.7465,77298.1,77178.86,0.7992,-0.99968,0.0,0.18006,11.5,0.0
2026-09-10T19:00:47Z,2026-09-25,15,140000.0,C,0.0,0.0001,0.0,77303.8,77178.86,0.7992,0.00013,0.0,0.08067,1208.2,0.0
2026-09-10T19:00:47Z,2026-09-25,15,140000.0,P,0.806,0.815,0.8112,77303.8,77178.86,0.7992,-0.99987,0.0,0.08067,1.4,0.0
2026-09-10T19:00:47Z,2026-09-25,15,145000.0,C,0.0,0.0001,0.0,77298.1,77178.86,0.8137000000000001,7e-05,0.0,0.04645,518.7,31.7
2026-09-10T19:00:47Z,2026-09-25,15,145000.0,P,0.8695,0.8795,0.8759,77298.1,77178.86,0.8137000000000001,-0.99993,0.0,0.04645,0.2,0.0
2026-09-10T19:00:47Z,2026-09-25,15,150000.0,C,0.0,0.0001,0.0,77298.1,77178.86,0.8395999999999999,5e-05,0.0,0.03412,759.3,0.0
2026-09-10T19:00:47Z,2026-09-25,15,150000.0,P,0.934,0.9445,0.9406,77303.8,77178.86,0.8395999999999999,-0.99995,0.0,0.03418,40.5,0.0
2026-09-10T19:00:47Z,2026-09-25,15,155000.0,C,0.0,0.0001,0.0,77298.1,77178.86,0.8402,2e-05,0.0,0.0159,378.0,0.0
2026-09-10T19:00:47Z,2026-09-25,15,155000.0,P,0.9985,1.0095,1.0052,77303.8,77178.86,0.8402,-0.99998,0.0,0.01593,0.1,0.0
2026-09-10T19:00:47Z,2026-09-25,15,160000.0,C,0.0,0.0001,0.0,77303.8,77178.86,0.8422,1e-05,0.0,0.00758,1498.4,0.0
2026-09-10T19:00:47Z,2026-09-25,15,160000.0,P,1.063,1.074,1.0699,77303.8,77178.86,0.8422,-0.99999,0.0,0.00758,0.6,0.0
2026-09-10T19:00:47Z,2026-09-25,15,165000.0,C,0.0,0.0001,0.0,77303.8,77178.86,0.8525,1e-05,0.0,0.00437,266.6,0.0
2026-09-10T19:00:47Z,2026-09-25,15,165000.0,P,1.128,1.14,1.1346,77303.8,77178.86,0.8525,-0.99999,0.0,0.00437,0.0,0.0
2026-09-10T19:00:47Z,2026-09-25,15,170000.0,C,0.0,0.0001,0.0,77298.1,77178.86,0.8693000000000001,0.0,0.0,0.00301,444.9,0.0
2026-09-10T19:00:47Z,2026-09-25,15,170000.0,P,1.1935,1.2035,1.1993,77303.8,77178.86,0.8693000000000001,-1.0,0.0,0.00301,0.0,0.0
2026-09-10T19:00:47Z,2026-09-25,15,175000.0,C,0.0,0.0001,0.0,77303.8,77178.86,0.89,0.0,0.0,0.00235,1904.8,0.0
2026-09-10T19:00:47Z,2026-09-25,15,175000.0,P,1.2565,1.2685,1.264,77303.8,77178.86,0.89,-1.0,0.0,0.00235,0.2,0.0
2026-09-10T19:00:47Z,2026-09-25,15,180000.0,C,0.0,0.0001,0.0,77303.8,77178.86,0.9181999999999999,0.0,0.0,0.00225,792.3,0.0
2026-09-10T19:00:47Z,2026-09-25,15,180000.0,P,1.321,1.334,1.3287,77303.8,77178.86,0.9181999999999999,-1.0,0.0,0.00225,10.5,0.0
2026-09-10T19:00:47Z,2026-09-25,15,190000.0,C,0.0,0.0001,0.0,77303.8,77178.86,0.9384999999999999,0.0,0.0,0.00095,762.1,0.0
2026-09-10T19:00:47Z,2026-09-25,15,190000.0,P,1.4505,1.464,1.458,77303.8,77178.86,0.9384999999999999,-1.0,0.0,0.00095,0.0,0.0
2026-09-10T19:00:47Z,2026-09-25,15,200000.0,C,0.0,0.0001,0.0,77305.47,77178.86,0.9823999999999999,0.0,0.0,0.00078,1018.5,0.0
2026-09-10T19:00:47Z,2026-09-25,15,200000.0,P,1.5795,1.593,1.5874,77305.47,77178.86,0.9823999999999999,-1.0,0.0,0.00078,3.2,0.0
2026-09-10T19:00:47Z,2026-09-25,15,220000.0,C,0.0,0.0001,0.0,77303.8,77178.86,1.0735999999999999,0.0,0.0,0.00069,241.9,0.0
2026-09-10T19:00:47Z,2026-09-25,15,220000.0,P,1.837,1.853,1.8461,77303.8,77178.86,1.0735999999999999,-1.0,0.0,0.00069,27.7,0.0
2026-09-10T19:00:47Z,2026-09-25,15,240000.0,C,0.0,0.0001,0.0,77305.47,77178.86,1.156,0.0,0.0,0.00063,211.9,0.0
2026-09-10T19:00:47Z,2026-09-25,15,240000.0,P,2.095,2.1115,2.1046,77305.47,77178.86,1.156,-1.0,0.0,0.00063,0.0,0.0
2026-09-10T19:00:47Z,2026-09-25,15,260000.0,C,0.0,0.0001,0.0,77305.47,77178.86,1.2309,0.0,0.0,0.00057,293.3,0.0
2026-09-10T19:00:47Z,2026-09-25,15,260000.0,P,2.353,2.3715,2.3636,77305.47,77178.86,1.2309,-1.0,0.0,0.00057,0.0,0.0
2026-09-10T19:00:47Z,2026-09-25,15,280000.0,C,0.0,0.0001,0.0,77303.8,77178.86,1.2987,0.0,0.0,0.00051,76.1,0.0
2026-09-10T19:00:47Z,2026-09-25,15,280000.0,P,2.6095,2.63,2.6221,77305.47,77178.86,1.2987,-1.0,0.0,0.00051,0.0,0.0
2026-09-10T19:00:47Z,2026-09-25,15,300000.0,C,0.0,0.0001,0.0,77303.8,77178.86,1.3629,0.0,0.0,0.00048,196.3,0.0
2026-09-10T19:00:47Z,2026-09-25,15,300000.0,P,2.868,2.8905,2.8811,77305.47,77178.86,1.3629,-1.0,0.0,0.00048,0.0,0.0
2026-09-10T19:00:47Z,2026-09-25,15,320000.0,C,0.0,0.0001,0.0,77305.47,77178.86,1.4015,0.0,0.0,0.00031,304.6,0.0
2026-09-10T19:00:47Z,2026-09-25,15,320000.0,P,3.1245,3.15,3.1398,77305.47,77178.86,1.4015,-1.0,0.0,0.00031,25.1,0.0
2026-09-10T19:00:47Z,2026-10-02,22,65000.0,C,0.1605,0.1645,0.1627,77390.25,77178.86,0.4608,0.9468,1e-05,20.37183,0.0,0.0
2026-09-10T19:00:47Z,2026-10-02,22,65000.0,P,0.0025,0.0029,0.0026,77385.36,77178.86,0.4608,-0.05327,1e-05,20.38912,19.6,19.6
2026-09-10T19:00:47Z,2026-10-02,22,70000.0,C,0.101,0.105,0.1029,77390.25,77178.86,0.4042,0.85794,3e-05,42.2616,0.0,0.0
2026-09-10T19:00:47Z,2026-10-02,22,70000.0,P,0.007,0.008,0.0075,77385.36,77178.86,0.4042,-0.1422,3e-05,42.28806,0.4,0.4
2026-09-10T19:00:47Z,2026-10-02,22,72000.0,C,0.0795,0.0835,0.0815,77390.25,77178.86,0.3921,0.78975,4e-05,54.22206,0.0,0.0
2026-09-10T19:00:47Z,2026-10-02,22,72000.0,P,0.0115,0.0125,0.0119,77385.36,77178.86,0.3921,-0.21044,4e-05,54.2476,17.8,17.9
2026-09-10T19:00:47Z,2026-10-02,22,73000.0,C,0.07,0.073,0.0715,77385.36,77178.86,0.3868,0.74789,4e-05,60.00629,0.0,0.0
2026-09-10T19:00:47Z,2026-10-02,22,73000.0,P,0.0145,0.0155,0.0149,77390.25,77178.86,0.3868,-0.25189,4e-05,59.98312,0.0,0.0
2026-09-10T19:00:47Z,2026-10-02,22,74000.0,C,0.061,0.0635,0.0622,77390.25,77178.86,0.3821,0.7016,5e-05,65.21005,0.0,0.0
2026-09-10T19:00:47Z,2026-10-02,22,74000.0,P,0.018,0.019,0.0185,77390.25,77178.86,0.3821,-0.2984,5e-05,65.21005,100.7,100.7
2026-09-10T19:00:47Z,2026-10-02,22,75000.0,C,0.052,0.055,0.0537,77390.25,77178.86,0.3799,0.65028,5e-05,69.61731,0.0,0.0
2026-09-10T19:00:47Z,2026-10-02,22,75000.0,P,0.0225,0.0235,0.0229,77390.25,77178.86,0.3799,-0.34972,5e-05,69.61731,0.0,0.0
2026-09-10T19:00:47Z,2026-10-02,22,76000.0,C,0.045,0.0465,0.0459,77390.25,77178.86,0.377,0.59628,5e-05,72.80886,7.3,7.4
2026-09-10T19:00:47Z,2026-10-02,22,76000.0,P,0.0275,0.0285,0.0279,77390.25,77178.86,0.377,-0.40372,5e-05,72.80886,13.5,13.5
2026-09-10T19:00:47Z,2026-10-02,22,77000.0,C,0.0385,0.0395,0.0388,77390.25,77178.86,0.37560000000000004,0.54024,6e-05,74.6219,6.1,6.1
2026-09-10T19:00:47Z,2026-10-02,22,77000.0,P,0.0335,0.0345,0.0339,77385.36,77178.86,0.37560000000000004,-0.46004,6e-05,74.62238,23.1,23.9
2026-09-10T19:00:47Z,2026-10-02,22,78000.0,C,0.032,0.033,0.0326,77385.36,77178.86,0.3751,0.48355,6e-05,74.93514,30.8,30.8
2026-09-10T19:00:47Z,2026-10-02,22,78000.0,P,0.04,0.041,0.0406,77390.25,77178.86,0.3751,-0.51618,6e-05,74.942,2.1,2.1
2026-09-10T19:00:47Z,2026-10-02,22,79000.0,C,0.027,0.028,0.0273,77385.36,77178.86,0.3759,0.42838,6e-05,73.78698,2.1,2.1
2026-09-10T19:00:47Z,2026-10-02,22,79000.0,P,0.048,0.049,0.0482,77394.72,77178.86,0.3759,-0.5711,6e-05,73.81353,1.8,1.8
2026-09-10T19:00:47Z,2026-10-02,22,80000.0,C,0.0225,0.023,0.0227,77394.72,77178.86,0.3771,0.37613,5e-05,71.36283,0.1,0.1
2026-09-10T19:00:47Z,2026-10-02,22,80000.0,P,0.055,0.058,0.0565,77390.25,77178.86,0.3771,-0.62411,5e-05,71.34449,1.8,1.8
2026-09-10T19:00:47Z,2026-10-02,22,81000.0,C,0.0185,0.019,0.0188,77390.25,77178.86,0.3797,0.32705,5e-05,67.84006,0.4,0.4
2026-09-10T19:00:47Z,2026-10-02,22,81000.0,P,0.064,0.067,0.0655,77390.25,77178.86,0.3797,-0.67295,5e-05,67.84006,0.0,0.0
2026-09-10T19:00:47Z,2026-10-02,22,82000.0,C,0.015,0.016,0.0155,77390.25,77178.86,0.382,0.28192,5e-05,63.49689,1.1,1.1
2026-09-10T19:00:47Z,2026-10-02,22,82000.0,P,0.0735,0.077,0.0751,77390.25,77178.86,0.382,-0.71808,5e-05,63.49689,0.0,0.0
2026-09-10T19:00:47Z,2026-10-02,22,84000.0,C,0.01,0.011,0.0105,77390.25,77178.86,0.3897,0.20656,4e-05,53.65854,0.6,0.6
2026-09-10T19:00:47Z,2026-10-02,22,84000.0,P,0.0935,0.0985,0.096,77394.72,77178.86,0.3897,-0.79326,4e-05,53.68843,0.0,0.0
2026-09-10T19:00:47Z,2026-10-02,22,85000.0,C,0.0085,0.009,0.0087,77390.25,77178.86,0.39490000000000003,0.17629,3e-05,48.68917,0.9,0.9
2026-09-10T19:00:47Z,2026-10-02,22,85000.0,P,0.1045,0.1095,0.1071,77390.25,77178.86,0.39490000000000003,-0.82371,3e-05,48.68917,0.0,0.0
2026-09-10T19:00:47Z,2026-10-02,22,86000.0,C,0.007,0.0075,0.0072,77394.72,77178.86,0.4,0.15,3e-05,43.83795,1.6,1.6
2026-09-10T19:00:47Z,2026-10-02,22,86000.0,P,0.116,0.121,0.1185,77390.25,77178.86,0.4,-0.85014,3e-05,43.80841,0.0,0.0
2026-09-10T19:00:47Z,2026-10-02,22,90000.0,C,0.0033,0.0038,0.0035,77394.72,77178.86,0.42450000000000004,0.07902,2e-05,27.69186,1.0,1.0
2026-09-10T19:00:47Z,2026-10-02,22,90000.0,P,0.1635,0.1695,0.1665,77390.25,77178.86,0.42450000000000004,-0.92106,2e-05,27.66837,0.0,0.0
2026-09-10T19:00:47Z,2026-10-30,50,40000.0,C,0.484,0.487,0.4853,77652.68,77178.86,0.7437999999999999,0.99474,0.0,4.33072,0.1,0.0
2026-09-10T19:00:47Z,2026-10-30,50,40000.0,P,0.0004,0.0007,0.0005,77652.68,77178.86,0.7437999999999999,-0.00526,0.0,4.33072,78.6,0.1
2026-09-10T19:00:47Z,2026-10-30,50,45000.0,C,0.4195,0.423,0.4213,77652.68,77178.86,0.6715000000000001,0.99007,0.0,7.57701,0.1,0.0
2026-09-10T19:00:47Z,2026-10-30,50,45000.0,P,0.0008,0.0011,0.0009,77652.68,77178.86,0.6715000000000001,-0.00993,0.0,7.57701,221.0,0.1
2026-09-10T19:00:47Z,2026-10-30,50,48000.0,C,0.3815,0.385,0.3831,77652.68,77178.86,0.6353,0.98509,0.0,10.78069,0.1,0.0
2026-09-10T19:00:47Z,2026-10-30,50,48000.0,P,0.0012,0.0015,0.0013,77652.68,77178.86,0.6353,-0.01491,0.0,10.78069,195.8,2.9
2026-09-10T19:00:47Z,2026-10-30,50,50000.0,C,0.356,0.3595,0.3576,77652.68,77178.86,0.6041,0.98166,0.0,12.87028,0.1,0.0
2026-09-10T19:00:47Z,2026-10-30,50,50000.0,P,0.0014,0.0018,0.0016,77652.68,77178.86,0.6041,-0.01834,0.0,12.87028,431.9,101.1
2026-09-10T19:00:47Z,2026-10-30,50,52000.0,C,0.3305,0.334,0.3323,77652.68,77178.86,0.5770000000000001,0.97684,0.0,15.67739,0.1,0.0
2026-09-10T19:00:47Z,2026-10-30,50,52000.0,P,0.0018,0.0022,0.002,77652.68,77178.86,0.5770000000000001,-0.02316,0.0,15.67739,122.6,0.0
2026-09-10T19:00:47Z,2026-10-30,50,54000.0,C,0.3055,0.309,0.307,77652.68,77178.86,0.5501,0.97087,0.0,18.99713,0.1,0.0
2026-09-10T19:00:47Z,2026-10-30,50,54000.0,P,0.0022,0.0027,0.0025,77652.68,77178.86,0.5501,-0.02913,0.0,18.99713,190.7,0.0
2026-09-10T19:00:47Z,2026-10-30,50,55000.0,C,0.2925,0.296,0.2943,77652.68,77178.86,0.536,0.9675,0.0,20.79728,0.1,0.0
2026-09-10T19:00:47Z,2026-10-30,50,55000.0,P,0.0025,0.0029,0.0027,77652.68,77178.86,0.536,-0.0325,0.0,20.79728,312.1,1.0
2026-09-10T19:00:47Z,2026-10-30,50,56000.0,C,0.28,0.2835,0.2818,77652.68,77178.86,0.5236,0.96337,1e-05,22.94671,0.0,0.0
2026-09-10T19:00:47Z,2026-10-30,50,56000.0,P,0.0028,0.0032,0.003,77652.68,77178.86,0.5236,-0.03663,1e-05,22.94671,463.9,0.3
2026-09-10T19:00:47Z,2026-10-30,50,57000.0,C,0.2675,0.271,0.2692,77652.68,77178.86,0.5088,0.95934,1e-05,24.98112,0.1,0.0
2026-09-10T19:00:47Z,2026-10-30,50,57000.0,P,0.0033,0.0035,0.0033,77652.98,77178.86,0.5088,-0.04066,1e-05,24.98041,209.6,0.0
2026-09-10T19:00:47Z,2026-10-30,50,58000.0,C,0.255,0.259,0.2567,77652.98,77178.86,0.4959,0.95434,1e-05,27.43545,0.0,0.0
2026-09-10T19:00:47Z,2026-10-30,50,58000.0,P,0.0035,0.0039,0.0037,77652.98,77178.86,0.4959,-0.04566,1e-05,27.43545,329.2,0.2
2026-09-10T19:00:47Z,2026-10-30,50,59000.0,C,0.2425,0.2465,0.2443,77652.98,77178.86,0.484,0.94841,1e-05,30.24925,1.0,0.0
2026-09-10T19:00:47Z,2026-10-30,50,59000.0,P,0.004,0.0043,0.0041,77652.98,77178.86,0.484,-0.05159,1e-05,30.24925,84.7,0.0
2026-09-10T19:00:47Z,2026-10-30,50,60000.0,C,0.2305,0.234,0.232,77652.98,77178.86,0.473,0.94145,1e-05,33.42998,16.1,0.2
2026-09-10T19:00:47Z,2026-10-30,50,60000.0,P,0.0045,0.0049,0.0047,77652.98,77178.86,0.473,-0.05855,1e-05,33.42998,1541.4,15.3
2026-09-10T19:00:47Z,2026-10-30,50,61000.0,C,0.218,0.222,0.2197,77652.98,77178.86,0.461,0.93397,1e-05,36.71716,7.7,0.0
2026-09-10T19:00:47Z,2026-10-30,50,61000.0,P,0.005,0.0055,0.0053,77652.98,77178.86,0.461,-0.06603,1e-05,36.71716,267.4,0.3
2026-09-10T19:00:47Z,2026-10-30,50,62000.0,C,0.206,0.2095,0.2075,77652.98,77178.86,0.45030000000000003,0.92503,1e-05,40.48253,13.5,0.0
2026-09-10T19:00:47Z,2026-10-30,50,62000.0,P,0.0055,0.0065,0.006,77652.98,77178.86,0.45030000000000003,-0.07497,1e-05,40.48253,1211.8,0.6
2026-09-10T19:00:47Z,2026-10-30,50,63000.0,C,0.1935,0.1975,0.1956,77652.73,77178.86,0.44310000000000005,0.91348,1e-05,45.11111,153.2,0.0
2026-09-10T19:00:47Z,2026-10-30,50,63000.0,P,0.0065,0.0075,0.007,77652.98,77178.86,0.44310000000000005,-0.08652,1e-05,45.11004,596.6,0.1
2026-09-10T19:00:47Z,2026-10-30,50,64000.0,C,0.182,0.186,0.1837,77652.73,77178.86,0.4337,0.90149,1e-05,49.65933,416.8,0.0
2026-09-10T19:00:47Z,2026-10-30,50,64000.0,P,0.0075,0.0085,0.008,77652.98,77178.86,0.4337,-0.09851,1e-05,49.6582,640.7,1.8
2026-09-10T19:00:47Z,2026-10-30,50,65000.0,C,0.17,0.174,0.1719,77652.98,77178.86,0.4225,0.88887,2e-05,54.18825,434.3,0.2
2026-09-10T19:00:47Z,2026-10-30,50,65000.0,P,0.0085,0.0095,0.009,77652.98,77178.86,0.4225,-0.11113,2e-05,54.18825,543.0,17.4
2026-09-10T19:00:47Z,2026-10-30,50,66000.0,C,0.1585,0.1625,0.1605,77652.98,77178.86,0.41590000000000005,0.87238,2e-05,59.7494,89.5,0.0
2026-09-10T19:00:47Z,2026-10-30,50,66000.0,P,0.01,0.011,0.0105,77652.98,77178.86,0.41590000000000005,-0.12762,2e-05,59.7494,239.3,101.0
2026-09-10T19:00:47Z,2026-10-30,50,67000.0,C,0.147,0.1515,0.1491,77652.98,77178.86,0.4075,0.85497,2e-05,65.21548,108.4,0.0
2026-09-10T19:00:47Z,2026-10-30,50,67000.0,P,0.0115,0.0125,0.012,77652.98,77178.86,0.4075,-0.14503,2e-05,65.21548,414.4,3.4
2026-09-10T19:00:47Z,2026-10-30,50,68000.0,C,0.1365,0.1405,0.1382,77652.98,77178.86,0.4017,0.83424,2e-05,71.2279,518.8,0.0
2026-09-10T19:00:47Z,2026-10-30,50,68000.0,P,0.0135,0.0145,0.014,77652.98,77178.86,0.4017,-0.16576,2e-05,71.2279,1519.3,1.9
2026-09-10T19:00:47Z,2026-10-30,50,69000.0,C,0.1255,0.13,0.1277,77653.19,77178.86,0.3967,0.81096,2e-05,77.39094,714.1,50.0
2026-09-10T19:00:47Z,2026-10-30,50,69000.0,P,0.016,0.0165,0.0163,77653.19,77178.86,0.3967,-0.18904,2e-05,77.39094,246.1,51.7
2026-09-10T19:00:47Z,2026-10-30,50,70000.0,C,0.1155,0.1195,0.1175,77653.19,77178.86,0.39189999999999997,0.7855,3e-05,83.47834,1099.5,0.2
2026-09-10T19:00:47Z,2026-10-30,50,70000.0,P,0.0185,0.0195,0.0189,77653.01,77178.86,0.39189999999999997,-0.21451,3e-05,83.4792,879.0,0.3
2026-09-10T19:00:47Z,2026-10-30,50,71000.0,C,0.106,0.1095,0.1076,77653.19,77178.86,0.3874,0.75772,3e-05,89.39421,977.5,0.3
2026-09-10T19:00:47Z,2026-10-30,50,71000.0,P,0.0215,0.0225,0.022,77653.19,77178.86,0.3874,-0.24228,3e-05,89.39421,160.9,43.8
2026-09-10T19:00:47Z,2026-10-30,50,72000.0,C,0.0965,0.1,0.0983,77653.19,77178.86,0.3837,0.72752,3e-05,95.02465,468.1,0.2
2026-09-10T19:00:47Z,2026-10-30,50,72000.0,P,0.025,0.026,0.0255,77653.19,77178.86,0.3837,-0.27248,3e-05,95.02465,621.9,212.5
2026-09-10T19:00:47Z,2026-10-30,50,73000.0,C,0.088,0.091,0.0894,77653.19,77178.86,0.38079999999999997,0.69517,3e-05,100.18418,609.0,45.0
2026-09-10T19:00:47Z,2026-10-30,50,73000.0,P,0.029,0.03,0.0295,77653.19,77178.86,0.38079999999999997,-0.30483,3e-05,100.18418,199.2,2.0
2026-09-10T19:00:47Z,2026-10-30,50,74000.0,C,0.0795,0.083,0.081,77653.19,77178.86,0.3786,0.661,3e-05,104.70601,252.5,0.0
2026-09-10T19:00:47Z,2026-10-30,50,74000.0,P,0.0335,0.0345,0.034,77653.19,77178.86,0.3786,-0.339,3e-05,104.70601,254.6,2.2
2026-09-10T19:00:47Z,2026-10-30,50,75000.0,C,0.072,0.075,0.0732,77653.19,77178.86,0.37689999999999996,0.62544,4e-05,108.44168,1172.4,0.2
2026-09-10T19:00:47Z,2026-10-30,50,75000.0,P,0.0385,0.0395,0.039,77653.19,77178.86,0.37689999999999996,-0.37456,4e-05,108.44168,708.2,53.5
2026-09-10T19:00:47Z,2026-10-30,50,76000.0,C,0.0655,0.0665,0.066,77653.19,77178.86,0.3764,0.58882,4e-05,111.2909,356.0,6.2
2026-09-10T19:00:47Z,2026-10-30,50,76000.0,P,0.044,0.0455,0.0447,77653.01,77178.86,0.3764,-0.41119,4e-05,111.29106,305.8,3.1
2026-09-10T19:00:47Z,2026-10-30,50,77000.0,C,0.0585,0.06,0.0593,77653.19,77178.86,0.3761,0.55181,4e-05,113.16748,126.6,10.6
2026-09-10T19:00:47Z,2026-10-30,50,77000.0,P,0.0505,0.0515,0.0509,77653.19,77178.86,0.3761,-0.44819,4e-05,113.16748,148.7,55.1
2026-09-10T19:00:47Z,2026-10-30,50,78000.0,C,0.0525,0.0535,0.0531,77653.19,77178.86,0.37560000000000004,0.51476,4e-05,114.05333,593.9,155.8
2026-09-10T19:00:47Z,2026-10-30,50,78000.0,P,0.057,0.058,0.0576,77653.19,77178.86,0.37560000000000004,-0.48524,4e-05,114.05333,644.2,138.4
2026-09-10T19:00:47Z,2026-10-30,50,79000.0,C,0.047,0.048,0.0474,77653.01,77178.86,0.3759,0.4781,4e-05,113.95913,221.1,27.4
2026-09-10T19:00:47Z,2026-10-30,50,79000.0,P,0.0645,0.0655,0.0648,77653.19,77178.86,0.3759,-0.52189,4e-05,113.9595,541.0,3.2
2026-09-10T19:00:47Z,2026-10-30,50,80000.0,C,0.042,0.043,0.0424,77652.37,77178.86,0.377,0.44236,4e-05,112.93701,1285.9,126.3
2026-09-10T19:00:47Z,2026-10-30,50,80000.0,P,0.072,0.073,0.0726,77652.37,77178.86,0.377,-0.55764,4e-05,112.93701,961.8,14.5
2026-09-10T19:00:47Z,2026-10-30,50,81000.0,C,0.037,0.038,0.0377,77652.37,77178.86,0.3778,0.40762,4e-05,111.05629,532.4,118.8
2026-09-10T19:00:47Z,2026-10-30,50,81000.0,P,0.0805,0.0815,0.0808,77652.37,77178.86,0.3778,-0.59238,4e-05,111.05629,172.2,8.9
2026-09-10T19:00:47Z,2026-10-30,50,82000.0,C,0.033,0.034,0.0334,77652.37,77178.86,0.3784,0.37407,4e-05,108.39593,1149.3,12.9
2026-09-10T19:00:47Z,2026-10-30,50,82000.0,P,0.0875,0.091,0.0894,77652.37,77178.86,0.3784,-0.62593,4e-05,108.39593,45.0,0.0
2026-09-10T19:00:47Z,2026-10-30,50,83000.0,C,0.0295,0.03,0.0297,77652.37,77178.86,0.3799,0.34245,3e-05,105.10967,227.0,0.0
2026-09-10T19:00:47Z,2026-10-30,50,83000.0,P,0.0965,0.1,0.0985,77652.37,77178.86,0.3799,-0.65755,3e-05,105.10967,103.9,0.0
2026-09-10T19:00:47Z,2026-10-30,50,84000.0,C,0.026,0.027,0.0264,77652.37,77178.86,0.382,0.31278,3e-05,101.31904,982.3,349.6
2026-09-10T19:00:47Z,2026-10-30,50,84000.0,P,0.106,0.11,0.1081,77653.2,77178.86,0.382,-0.68719,3e-05,101.32387,14.3,0.0
2026-09-10T19:00:47Z,2026-10-30,50,85000.0,C,0.023,0.024,0.0233,77652.37,77178.86,0.3837,0.28469,3e-05,97.07513,2131.9,58.5
2026-09-10T19:00:47Z,2026-10-30,50,85000.0,P,0.1155,0.12,0.118,77652.37,77178.86,0.3837,-0.71531,3e-05,97.07513,105.9,0.4
2026-09-10T19:00:47Z,2026-10-30,50,86000.0,C,0.0205,0.021,0.0206,77652.37,77178.86,0.38520000000000004,0.25834,3e-05,92.48888,769.6,108.7
2026-09-10T19:00:47Z,2026-10-30,50,86000.0,P,0.126,0.1305,0.1281,77652.37,77178.86,0.38520000000000004,-0.74166,3e-05,92.48888,98.5,0.0
2026-09-10T19:00:47Z,2026-10-30,50,87000.0,C,0.018,0.0185,0.0183,77652.37,77178.86,0.38780000000000003,0.23449,3e-05,87.80756,287.4,174.0
2026-09-10T19:00:47Z,2026-10-30,50,87000.0,P,0.136,0.141,0.1387,77653.2,77178.86,0.38780000000000003,-0.76549,3e-05,87.81325,29.0,0.0
2026-09-10T19:00:47Z,2026-10-30,50,88000.0,C,0.016,0.0165,0.0162,77652.37,77178.86,0.3897,0.212,3e-05,82.90887,560.5,42.2
2026-09-10T19:00:47Z,2026-10-30,50,88000.0,P,0.1465,0.1515,0.1494,77652.37,77178.86,0.3897,-0.788,3e-05,82.90887,8.1,0.0
2026-09-10T19:00:47Z,2026-10-30,50,89000.0,C,0.014,0.015,0.0144,77652.37,77178.86,0.39299999999999996,0.19226,2e-05,78.1967,125.6,11.8
2026-09-10T19:00:47Z,2026-10-30,50,89000.0,P,0.158,0.163,0.1605,77652.37,77178.86,0.39299999999999996,-0.80774,2e-05,78.1967,5.0,0.0
2026-09-10T19:00:47Z,2026-10-30,50,90000.0,C,0.0125,0.013,0.0127,77652.37,77178.86,0.39549999999999996,0.17364,2e-05,73.38009,2894.9,192.0
2026-09-10T19:00:47Z,2026-10-30,50,90000.0,P,0.169,0.174,0.1717,77652.37,77178.86,0.39549999999999996,-0.82636,2e-05,73.38014,5.9,0.0
2026-09-10T19:00:47Z,2026-10-30,50,91000.0,C,0.011,0.012,0.0113,77652.37,77178.86,0.39890000000000003,0.15721,2e-05,68.80925,96.3,49.9
2026-09-10T19:00:47Z,2026-10-30,50,91000.0,P,0.1805,0.186,0.1832,77652.37,77178.86,0.39890000000000003,-0.84279,2e-05,68.80925,0.2,0.0
2026-09-10T19:00:47Z,2026-10-30,50,92000.0,C,0.0095,0.0105,0.01,77652.37,77178.86,0.4008,0.14131,2e-05,64.07904,1073.3,36.1
2026-09-10T19:00:47Z,2026-10-30,50,92000.0,P,0.192,0.1975,0.1948,77653.16,77178.86,0.4008,-0.85867,2e-05,64.08442,0.1,0.0
2026-09-10T19:00:47Z,2026-10-30,50,94000.0,C,0.0075,0.0085,0.008,77653.16,77178.86,0.4083,0.11609,2e-05,55.90432,375.0,64.7
2026-09-10T19:00:47Z,2026-10-30,50,94000.0,P,0.2155,0.2215,0.2185,77653.16,77178.86,0.4083,-0.88391,2e-05,55.90432,0.0,0.0
2026-09-10T19:00:47Z,2026-10-30,50,95000.0,C,0.0065,0.0075,0.0071,77653.16,77178.86,0.41100000000000003,0.10458,2e-05,51.86813,2094.5,1.3
2026-09-10T19:00:47Z,2026-10-30,50,95000.0,P,0.2275,0.2335,0.2305,77653.16,77178.86,0.41100000000000003,-0.89542,2e-05,51.86813,0.4,0.0
2026-09-10T19:00:47Z,2026-10-30,50,96000.0,C,0.006,0.007,0.0065,77653.16,77178.86,0.41600000000000004,0.09557,1e-05,48.56618,222.8,10.8
2026-09-10T19:00:47Z,2026-10-30,50,96000.0,P,0.2395,0.2455,0.2427,77653.16,77178.86,0.41600000000000004,-0.90443,1e-05,48.56618,0.1,0.0
2026-09-10T19:00:47Z,2026-10-30,50,98000.0,C,0.0049,0.0055,0.0052,77653.16,77178.86,0.4235,0.07875,1e-05,42.02536,299.0,0.1
2026-09-10T19:00:47Z,2026-10-30,50,98000.0,P,0.264,0.27,0.2672,77653.16,77178.86,0.4235,-0.92125,1e-05,42.02536,0.0,0.0
2026-09-10T19:00:47Z,2026-10-30,50,100000.0,C,0.004,0.0045,0.0042,77653.16,77178.86,0.43079999999999996,0.06497,1e-05,36.26292,1687.1,72.0
2026-09-10T19:00:47Z,2026-10-30,50,100000.0,P,0.2885,0.295,0.292,77653.16,77178.86,0.43079999999999996,-0.93503,1e-05,36.26292,0.3,0.0
2026-09-10T19:00:47Z,2026-10-30,50,102000.0,C,0.0032,0.0037,0.0035,77653.16,77178.86,0.43920000000000003,0.05428,1e-05,31.49594,213.3,15.8
2026-09-10T19:00:47Z,2026-10-30,50,102000.0,P,0.3135,0.3205,0.317,77652.41,77178.86,0.43920000000000003,-0.94572,1e-05,31.49262,0.0,0.0
2026-09-10T19:00:47Z,2026-10-30,50,104000.0,C,0.0027,0.0032,0.0029,77653.16,77178.86,0.44770000000000004,0.04565,1e-05,27.434,106.9,17.4
2026-09-10T19:00:47Z,2026-10-30,50,104000.0,P,0.3385,0.3455,0.3422,77653.16,77178.86,0.44770000000000004,-0.95435,1e-05,27.434,0.0,0.0
2026-09-10T19:00:47Z,2026-10-30,50,105000.0,C,0.0024,0.0029,0.0027,77653.16,77178.86,0.4512,0.04166,1e-05,25.47871,1151.0,1.7
2026-09-10T19:00:47Z,2026-10-30,50,105000.0,P,0.351,0.358,0.3548,77653.16,77178.86,0.4512,-0.95834,1e-05,25.47871,0.6,0.0
2026-09-10T19:00:47Z,2026-10-30,50,110000.0,C,0.0016,0.002,0.0018,77653.16,77178.86,0.4728,0.02794,0.0,18.34987,1046.4,44.7
2026-09-10T19:00:47Z,2026-10-30,50,110000.0,P,0.4145,0.422,0.4183,77653.16,77178.86,0.4728,-0.97206,0.0,18.34979,0.0,0.0
2026-09-10T19:00:47Z,2026-11-27,78,58000.0,C,0.2615,0.266,0.2634,77950.48,77178.86,0.4714,0.92911,1e-05,48.71082,0.0,0.0
2026-09-10T19:00:47Z,2026-11-27,78,58000.0,P,0.007,0.008,0.0075,77950.48,77178.86,0.4714,-0.07089,1e-05,48.71082,14.5,0.9
2026-09-10T19:00:47Z,2026-11-27,78,60000.0,C,0.2375,0.242,0.2397,77950.79,77178.86,0.4569,0.91118,1e-05,57.77685,0.1,0.0
2026-09-10T19:00:47Z,2026-11-27,78,60000.0,P,0.009,0.01,0.0095,77950.48,77178.86,0.4569,-0.08883,1e-05,57.77809,106.1,50.9
2026-09-10T19:00:47Z,2026-11-27,78,62000.0,C,0.2145,0.2185,0.2166,77950.79,77178.86,0.44310000000000005,0.88936,1e-05,67.83995,0.0,0.0
2026-09-10T19:00:47Z,2026-11-27,78,62000.0,P,0.0115,0.0125,0.0119,77950.79,77178.86,0.44310000000000005,-0.11064,1e-05,67.83995,144.1,40.4
2026-09-10T19:00:47Z,2026-11-27,78,64000.0,C,0.192,0.196,0.1939,77950.48,77178.86,0.4288,0.86359,1e-05,78.56483,0.0,0.0
2026-09-10T19:00:47Z,2026-11-27,78,64000.0,P,0.0145,0.0155,0.0149,77950.48,77178.86,0.4288,-0.13641,1e-05,78.56483,29.5,0.2
2026-09-10T19:00:47Z,2026-11-27,78,66000.0,C,0.17,0.174,0.1722,77950.79,77178.86,0.4177,0.83167,2e-05,90.34499,0.0,0.0
2026-09-10T19:00:47Z,2026-11-27,78,66000.0,P,0.0185,0.0195,0.0189,77950.79,77178.86,0.4177,-0.16833,2e-05,90.34499,185.7,15.1
2026-09-10T19:00:47Z,2026-11-27,78,67000.0,C,0.1595,0.1635,0.1619,77950.48,77178.86,0.41350000000000003,0.81315,2e-05,96.49634,0.0,0.0
2026-09-10T19:00:47Z,2026-11-27,78,67000.0,P,0.021,0.022,0.0214,77950.79,77178.86,0.41350000000000003,-0.18684,2e-05,96.49493,20.1,0.1
2026-09-10T19:00:47Z,2026-11-27,78,68000.0,C,0.1495,0.1535,0.1516,77950.48,77178.86,0.4078,0.79406,2e-05,102.36047,0.0,0.0
2026-09-10T19:00:47Z,2026-11-27,78,68000.0,P,0.0235,0.0245,0.0239,77950.79,77178.86,0.4078,-0.20594,2e-05,102.3591,91.2,68.0
2026-09-10T19:00:47Z,2026-11-27,78,69000.0,C,0.14,0.1435,0.1417,77950.79,77178.86,0.4039,0.77284,2e-05,108.33643,0.0,0.0
2026-09-10T19:00:47Z,2026-11-27,78,69000.0,P,0.0265,0.0275,0.0269,77950.79,77178.86,0.4039,-0.22716,2e-05,108.33643,25.4,0.7
2026-09-10T19:00:47Z,2026-11-27,78,70000.0,C,0.1305,0.134,0.1323,77950.48,77178.86,0.4011,0.74996,2e-05,114.1809,4.2,0.0
2026-09-10T19:00:47Z,2026-11-27,78,70000.0,P,0.03,0.031,0.0304,77950.79,77178.86,0.4011,-0.25003,2e-05,114.1797,97.5,50.1
2026-09-10T19:00:47Z,2026-11-27,78,71000.0,C,0.1215,0.125,0.1231,77950.79,77178.86,0.39740000000000003,0.72624,2e-05,119.61605,0.1,0.0
2026-09-10T19:00:47Z,2026-11-27,78,71000.0,P,0.0335,0.0345,0.034,77950.79,77178.86,0.39740000000000003,-0.27376,2e-05,119.61605,20.3,0.0
2026-09-10T19:00:47Z,2026-11-27,78,72000.0,C,0.113,0.1165,0.1145,77950.48,77178.86,0.39520000000000005,0.70091,2e-05,124.74828,0.3,0.3
2026-09-10T19:00:47Z,2026-11-27,78,72000.0,P,0.038,0.039,0.0381,77950.82,77178.86,0.39520000000000005,-0.29908,2e-05,124.74751,40.3,10.1
2026-09-10T19:00:47Z,2026-11-27,78,73000.0,C,0.1045,0.108,0.1062,77950.46,77178.86,0.3932,0.67461,3e-05,129.37442,0.0,0.0
2026-09-10T19:00:47Z,2026-11-27,78,73000.0,P,0.0425,0.0435,0.0427,77950.82,77178.86,0.3932,-0.32538,3e-05,129.37353,17.5,1.0
2026-09-10T19:00:47Z,2026-11-27,78,74000.0,C,0.097,0.1,0.0983,77950.82,77178.86,0.3914,0.64748,3e-05,133.42515,0.0,0.0
2026-09-10T19:00:47Z,2026-11-27,78,74000.0,P,0.047,0.0485,0.0476,77950.82,77178.86,0.3914,-0.35252,3e-05,133.42515,39.2,0.0
2026-09-10T19:00:47Z,2026-11-27,78,75000.0,C,0.0895,0.0925,0.0908,77950.46,77178.86,0.39020000000000005,0.61961,3e-05,136.84186,260.6,0.0
2026-09-10T19:00:47Z,2026-11-27,78,75000.0,P,0.0525,0.0535,0.053,77950.46,77178.86,0.39020000000000005,-0.38039,3e-05,136.84186,282.3,1.6
2026-09-10T19:00:47Z,2026-11-27,78,76000.0,C,0.0835,0.0845,0.0839,77950.46,77178.86,0.3898,0.59129,3e-05,139.56388,10.8,0.2
2026-09-10T19:00:47Z,2026-11-27,78,76000.0,P,0.0585,0.0595,0.0589,77950.46,77178.86,0.3898,-0.40871,3e-05,139.56388,53.2,0.0
2026-09-10T19:00:47Z,2026-11-27,78,77000.0,C,0.0765,0.078,0.0772,77950.46,77178.86,0.38880000000000003,0.5628,3e-05,141.5542,24.9,0.0
2026-09-10T19:00:47Z,2026-11-27,78,77000.0,P,0.0645,0.0655,0.065,77950.82,77178.86,0.38880000000000003,-0.43719,3e-05,141.55428,33.5,5.0
2026-09-10T19:00:47Z,2026-11-27,78,78000.0,C,0.0705,0.0715,0.0711,77950.46,77178.86,0.3886,0.53427,3e-05,142.80454,80.0,52.0
2026-09-10T19:00:47Z,2026-11-27,78,78000.0,P,0.071,0.0725,0.0717,77950.46,77178.86,0.3886,-0.46573,3e-05,142.80454,137.9,46.1
2026-09-10T19:00:47Z,2026-11-27,78,79000.0,C,0.065,0.066,0.0653,77950.82,77178.86,0.3885,0.50593,3e-05,143.31842,105.4,0.6
2026-09-10T19:00:47Z,2026-11-27,78,79000.0,P,0.078,0.0795,0.0787,77950.46,77178.86,0.3885,-0.49408,3e-05,143.31781,93.8,0.0
2026-09-10T19:00:47Z,2026-11-27,78,80000.0,C,0.0595,0.0605,0.0599,77950.46,77178.86,0.38880000000000003,0.47798,3e-05,143.11517,952.4,46.5
2026-09-10T19:00:47Z,2026-11-27,78,80000.0,P,0.0855,0.087,0.0862,77950.82,77178.86,0.38880000000000003,-0.52201,3e-05,143.11603,93.5,2.2
2026-09-10T19:00:47Z,2026-11-27,78,81000.0,C,0.0545,0.0555,0.0549,77950.82,77178.86,0.38909999999999995,0.45055,3e-05,142.23172,114.0,0.0
2026-09-10T19:00:47Z,2026-11-27,78,81000.0,P,0.0935,0.0945,0.0941,77950.82,77178.86,0.38909999999999995,-0.54945,3e-05,142.23172,29.3,0.0
2026-09-10T19:00:47Z,2026-11-27,78,82000.0,C,0.0495,0.051,0.0503,77950.46,77178.86,0.3895,0.42372,3e-05,140.70523,65.3,0.4
2026-09-10T19:00:47Z,2026-11-27,78,82000.0,P,0.1015,0.103,0.1022,77950.46,77178.86,0.3895,-0.57628,3e-05,140.70523,38.1,4.0
2026-09-10T19:00:47Z,2026-11-27,78,83000.0,C,0.0455,0.0465,0.046,77950.82,77178.86,0.3901,0.39774,3e-05,138.59884,27.4,0.0
2026-09-10T19:00:47Z,2026-11-27,78,83000.0,P,0.109,0.1125,0.1108,77950.82,77178.86,0.3901,-0.60226,3e-05,138.59884,43.3,0.0
2026-09-10T19:00:47Z,2026-11-27,78,84000.0,C,0.0415,0.0425,0.042,77950.82,77178.86,0.3906,0.37254,3e-05,135.95531,26.7,0.0
2026-09-10T19:00:47Z,2026-11-27,78,84000.0,P,0.1175,0.121,0.1196,77950.82,77178.86,0.3906,-0.62746,3e-05,135.9553,3.2,1.9
2026-09-10T19:00:47Z,2026-11-27,78,85000.0,C,0.038,0.039,0.0384,77950.82,77178.86,0.39189999999999997,0.34864,3e-05,132.89037,660.6,138.6
2026-09-10T19:00:47Z,2026-11-27,78,85000.0,P,0.127,0.1305,0.1289,77950.82,77178.86,0.39189999999999997,-0.65136,3e-05,132.89037,23.4,0.1
2026-09-10T19:00:47Z,2026-11-27,78,86000.0,C,0.0345,0.0355,0.035,77950.82,77178.86,0.3923,0.32525,3e-05,129.3532,153.3,0.0
2026-09-10T19:00:47Z,2026-11-27,78,86000.0,P,0.136,0.14,0.1383,77950.82,77178.86,0.3923,-0.67475,3e-05,129.3532,30.2,0.0
2026-09-10T19:00:47Z,2026-11-27,78,87000.0,C,0.0315,0.0325,0.032,77950.82,77178.86,0.3935,0.30335,2e-05,125.54608,77.0,17.0
2026-09-10T19:00:47Z,2026-11-27,78,87000.0,P,0.146,0.15,0.1481,77950.6,77178.86,0.3935,-0.69666,2e-05,125.54472,3.7,0.0
2026-09-10T19:00:47Z,2026-11-27,78,88000.0,C,0.0285,0.0295,0.0293,77950.82,77178.86,0.3957,0.28308,2e-05,121.58417,80.0,1.0
2026-09-10T19:00:47Z,2026-11-27,78,88000.0,P,0.156,0.16,0.1582,77950.6,77178.86,0.3957,-0.71692,2e-05,121.58275,0.0,0.0
2026-09-10T19:00:47Z,2026-11-27,78,89000.0,C,0.026,0.027,0.0267,77950.82,77178.86,0.39659999999999995,0.26313,2e-05,117.25674,180.3,0.0
2026-09-10T19:00:47Z,2026-11-27,78,89000.0,P,0.166,0.1705,0.1684,77950.82,77178.86,0.39659999999999995,-0.73687,2e-05,117.25674,0.0,0.0
2026-09-10T19:00:47Z,2026-11-27,78,90000.0,C,0.024,0.025,0.0244,77950.82,77178.86,0.3987,0.24498,2e-05,112.94199,128.1,104.4
2026-09-10T19:00:47Z,2026-11-27,78,90000.0,P,0.176,0.181,0.179,77950.82,77178.86,0.3987,-0.75502,2e-05,112.94199,0.3,0.0
2026-09-10T19:00:47Z,2026-11-27,78,91000.0,C,0.022,0.0225,0.0224,77950.82,77178.86,0.4007,0.22795,2e-05,108.54925,80.6,11.8
2026-09-10T19:00:47Z,2026-11-27,78,91000.0,P,0.1865,0.192,0.1898,77950.82,77178.86,0.4007,-0.77205,2e-05,108.54925,0.0,0.0
2026-09-10T19:00:47Z,2026-11-27,78,92000.0,C,0.02,0.021,0.0204,77950.82,77178.86,0.4022,0.21153,2e-05,103.98797,67.9,0.5
2026-09-10T19:00:47Z,2026-11-27,78,92000.0,P,0.1975,0.203,0.2006,77950.6,77178.86,0.4022,-0.78848,2e-05,103.9864,2.1,0.0
2026-09-10T19:00:47Z,2026-11-27,78,93000.0,C,0.018,0.019,0.0186,77950.82,77178.86,0.40340000000000004,0.19592,2e-05,99.34066,46.3,0.8
2026-09-10T19:00:47Z,2026-11-27,78,93000.0,P,0.2085,0.214,0.2116,77950.6,77178.86,0.40340000000000004,-0.80409,2e-05,99.33908,2.0,0.0
2026-09-10T19:00:47Z,2026-11-27,78,94000.0,C,0.0165,0.0175,0.017,77950.82,77178.86,0.4056,0.18197,2e-05,94.92315,62.3,1.9
2026-09-10T19:00:47Z,2026-11-27,78,94000.0,P,0.22,0.2255,0.2229,77950.82,77178.86,0.4056,-0.81803,2e-05,94.92315,0.0,0.0
2026-09-10T19:00:47Z,2026-11-27,78,95000.0,C,0.015,0.0155,0.0156,77950.82,77178.86,0.40759999999999996,0.16876,2e-05,90.4934,45.0,0.0
2026-09-10T19:00:47Z,2026-11-27,78,95000.0,P,0.231,0.237,0.2343,77950.6,77178.86,0.40759999999999996,-0.83124,2e-05,90.49184,0.0,0.0
2026-09-10T19:00:47Z,2026-11-27,78,96000.0,C,0.014,0.0145,0.0144,77950.23,77178.86,0.4107,0.15728,2e-05,86.43991,37.0,1.6
2026-09-10T19:00:47Z,2026-11-27,78,96000.0,P,0.2425,0.2485,0.2459,77950.23,77178.86,0.4107,-0.84272,2e-05,86.43991,0.0,0.0
2026-09-10T19:00:47Z,2026-11-27,78,98000.0,C,0.0115,0.0125,0.012,77950.6,77178.86,0.4147,0.13521,1e-05,78.09116,52.4,0.5
2026-09-10T19:00:47Z,2026-11-27,78,98000.0,P,0.266,0.2725,0.2692,77950.23,77178.86,0.4147,-0.86479,1e-05,78.08866,0.0,0.0
2026-09-10T19:00:47Z,2026-11-27,78,100000.0,C,0.01,0.0105,0.0102,77950.6,77178.86,0.4199,0.11699,1e-05,70.5933,114.7,10.3
2026-09-10T19:00:47Z,2026-11-27,78,100000.0,P,0.29,0.296,0.2931,77950.23,77178.86,0.4199,-0.88301,1e-05,70.59091,0.0,0.0
2026-09-10T19:00:47Z,2026-11-27,78,102000.0,C,0.0085,0.009,0.0087,77950.6,77178.86,0.42479999999999996,0.10109,1e-05,63.55641,96.2,0.7
2026-09-10T19:00:47Z,2026-11-27,78,102000.0,P,0.314,0.3205,0.3172,77950.6,77178.86,0.42479999999999996,-0.89891,1e-05,63.55641,0.0,0.0
2026-09-10T19:00:47Z,2026-11-27,78,104000.0,C,0.007,0.008,0.0075,77950.6,77178.86,0.4315,0.08849,1e-05,57.61244,11.2,0.1
2026-09-10T19:00:47Z,2026-11-27,78,104000.0,P,0.338,0.345,0.3417,77950.6,77178.86,0.4315,-0.91151,1e-05,57.61244,0.0,0.0
2026-09-10T19:00:47Z,2026-11-27,78,105000.0,C,0.0065,0.0075,0.007,77950.6,77178.86,0.435,0.08293,1e-05,54.88113,18.6,0.0
2026-09-10T19:00:47Z,2026-11-27,78,105000.0,P,0.3505,0.357,0.354,77950.6,77178.86,0.435,-0.91707,1e-05,54.88113,0.0,0.0
2026-09-10T19:00:47Z,2026-11-27,78,106000.0,C,0.006,0.007,0.0065,77950.23,77178.86,0.4378,0.07745,1e-05,52.11816,15.6,0.0
2026-09-10T19:00:47Z,2026-11-27,78,106000.0,P,0.3625,0.3695,0.3663,77950.23,77178.86,0.4378,-0.92255,1e-05,52.11816,0.0,0.0
2026-09-10T19:00:47Z,2026-11-27,78,108000.0,C,0.005,0.006,0.0055,77950.6,77178.86,0.4414,0.06669,1e-05,46.46989,12.3,0.0
2026-09-10T19:00:47Z,2026-11-27,78,108000.0,P,0.3875,0.3945,0.391,77950.23,77178.86,0.4414,-0.93331,1e-05,46.46804,0.0,0.0
2026-09-10T19:00:47Z,2026-11-27,78,110000.0,C,0.0046,0.0055,0.0051,77950.6,77178.86,0.4521,0.06076,1e-05,43.22319,69.8,0.0
2026-09-10T19:00:47Z,2026-11-27,78,110000.0,P,0.412,0.4195,0.4162,77950.6,77178.86,0.4521,-0.93924,1e-05,43.22319,0.0,0.0
2026-09-10T19:00:47Z,2026-11-27,78,115000.0,C,0.0033,0.0038,0.0035,77950.6,77178.86,0.4643,0.04364,1e-05,33.22404,32.8,0.0
2026-09-10T19:00:47Z,2026-11-27,78,115000.0,P,0.4745,0.4825,0.4788,77950.6,77178.86,0.4643,-0.95636,1e-05,33.22404,0.0,0.0
2026-09-10T19:00:47Z,2026-11-27,78,120000.0,C,0.0024,0.003,0.0027,77950.6,77178.86,0.4805,0.0331,0.0,26.51791,97.9,0.0
2026-09-10T19:00:47Z,2026-11-27,78,120000.0,P,0.5375,0.546,0.5421,77950.6,77178.86,0.4805,-0.9669,0.0,26.51791,0.0,0.0
2026-09-10T19:00:47Z,2026-12-25,106,20000.0,C,0.7435,0.7455,0.7449,78250.56,77178.86,0.9941,0.99759,0.0,3.15467,4.9,0.0
2026-09-10T19:00:47Z,2026-12-25,106,20000.0,P,0.0004,0.0005,0.0004,78251.11,77178.86,0.9941,-0.00241,0.0,3.15458,648.5,7.4
2026-09-10T19:00:47Z,2026-12-25,106,30000.0,C,0.617,0.6185,0.6176,78250.56,77178.86,0.7766,0.99387,0.0,7.29024,300.7,0.0
2026-09-10T19:00:47Z,2026-12-25,106,30000.0,P,0.0008,0.0012,0.0009,78251.11,77178.86,0.7766,-0.00613,0.0,7.28999,2127.9,5.3
2026-09-10T19:00:47Z,2026-12-25,106,35000.0,C,0.5535,0.5555,0.5544,78250.56,77178.86,0.7154,0.98881,0.0,12.37126,87.8,0.0
2026-09-10T19:00:47Z,2026-12-25,106,35000.0,P,0.0015,0.0018,0.0017,78250.56,77178.86,0.7154,-0.01119,0.0,12.37126,2398.8,0.2
2026-09-10T19:00:47Z,2026-12-25,106,40000.0,C,0.4905,0.4925,0.4916,78250.56,77178.86,0.6559,0.98118,0.0,19.34517,250.9,0.0
2026-09-10T19:00:47Z,2026-12-25,106,40000.0,P,0.0026,0.0028,0.0027,78250.56,77178.86,0.6559,-0.01882,0.0,19.34517,4516.1,0.2
2026-09-10T19:00:47Z,2026-12-25,106,45000.0,C,0.427,0.43,0.4287,78250.56,77178.86,0.5871999999999999,0.97194,0.0,27.08227,54.3,0.0
2026-09-10T19:00:47Z,2026-12-25,106,45000.0,P,0.0037,0.0039,0.0038,78250.56,77178.86,0.5871999999999999,-0.02806,0.0,27.08227,2849.7,8.2
2026-09-10T19:00:47Z,2026-12-25,106,50000.0,C,0.365,0.3685,0.3668,78250.56,77178.86,0.5322,0.95619,0.0,39.03062,260.7,0.0
2026-09-10T19:00:47Z,2026-12-25,106,50000.0,P,0.0055,0.006,0.0057,78250.56,77178.86,0.5322,-0.04381,0.0,39.03062,2145.2,3.2
2026-09-10T19:00:47Z,2026-12-25,106,52000.0,C,0.3405,0.344,0.3422,78252.44,77178.86,0.5121,0.94759,0.0,45.05371,0.1,0.0
2026-09-10T19:00:47Z,2026-12-25,106,52000.0,P,0.0065,0.007,0.0068,78252.44,77178.86,0.5121,-0.05241,0.0,45.05371,458.6,0.3
2026-09-10T19:00:47Z,2026-12-25,106,54000.0,C,0.316,0.32,0.3179,78250.56,77178.86,0.49229999999999996,0.93745,1e-05,51.78354,33.1,0.0
2026-09-10T19:00:47Z,2026-12-25,106,54000.0,P,0.0075,0.0085,0.008,78253.04,77178.86,0.49229999999999996,-0.06254,1e-05,51.77572,1864.4,0.3
2026-09-10T19:00:47Z,2026-12-25,106,55000.0,C,0.304,0.308,0.3061,78252.44,77178.86,0.4866,0.93036,1e-05,56.27255,44.9,0.0
2026-09-10T19:00:47Z,2026-12-25,106,55000.0,P,0.0085,0.0095,0.009,78252.44,77178.86,0.4866,-0.06964,1e-05,56.27255,2677.5,0.0
2026-09-10T19:00:47Z,2026-12-25,106,56000.0,C,0.292,0.296,0.2942,78252.44,77178.86,0.4781,0.92364,1e-05,60.38404,41.5,0.0
2026-09-10T19:00:47Z,2026-12-25,106,56000.0,P,0.0095,0.01,0.0098,78252.44,77178.86,0.4781,-0.07636,1e-05,60.38404,514.9,0.9
2026-09-10T19:00:47Z,2026-12-25,106,58000.0,C,0.2685,0.2725,0.2707,78252.44,77178.86,0.4632,0.90776,1e-05,69.59027,40.3,0.0
2026-09-10T19:00:47Z,2026-12-25,106,58000.0,P,0.0115,0.0125,0.0119,78252.44,77178.86,0.4632,-0.09224,1e-05,69.59058,1834.3,0.0
2026-09-10T19:00:47Z,2026-12-25,106,60000.0,C,0.2455,0.2495,0.2477,78252.44,77178.86,0.44909999999999994,0.88887,1e-05,79.70343,787.2,0.2
2026-09-10T19:00:47Z,2026-12-25,106,60000.0,P,0.014,0.015,0.0144,78252.44,77178.86,0.44909999999999994,-0.11113,1e-05,79.70363,6248.2,1.1
2026-09-10T19:00:47Z,2026-12-25,106,62000.0,C,0.223,0.227,0.2252,78252.44,77178.86,0.4362,0.86647,1e-05,90.67666,247.1,0.0
2026-09-10T19:00:47Z,2026-12-25,106,62000.0,P,0.017,0.018,0.0176,78252.44,77178.86,0.4362,-0.13353,1e-05,90.67666,1540.1,0.0
2026-09-10T19:00:47Z,2026-12-25,106,64000.0,C,0.202,0.206,0.2037,78252.44,77178.86,0.426,0.83946,1e-05,102.61006,404.9,0.1
2026-09-10T19:00:47Z,2026-12-25,106,64000.0,P,0.021,0.022,0.0216,78252.44,77178.86,0.426,-0.16054,1e-05,102.61006,373.9,9.8
2026-09-10T19:00:47Z,2026-12-25,106,65000.0,C,0.1915,0.1955,0.1933,78252.44,77178.86,0.4219,0.82415,1e-05,108.80217,920.8,0.2
2026-09-10T19:00:47Z,2026-12-25,106,65000.0,P,0.0235,0.0245,0.024,78250.56,77178.86,0.4219,-0.17588,1e-05,108.81028,792.1,0.6
2026-09-10T19:00:47Z,2026-12-25,106,66000.0,C,0.181,0.185,0.1831,78252.44,77178.86,0.41759999999999997,0.80803,2e-05,114.91015,279.7,0.0
2026-09-10T19:00:47Z,2026-12-25,106,66000.0,P,0.026,0.027,0.0266,78252.44,77178.86,0.4175,-0.19197,2e-05,114.91001,423.2,0.0
2026-09-10T19:00:47Z,2026-12-25,106,68000.0,C,0.1615,0.1655,0.1636,78252.44,77178.86,0.4102,0.77244,2e-05,127.00734,1031.5,0.0
2026-09-10T19:00:47Z,2026-12-25,106,68000.0,P,0.032,0.033,0.0326,78253.04,77178.86,0.4102,-0.22755,2e-05,127.00492,558.8,0.0
2026-09-10T19:00:47Z,2026-12-25,106,70000.0,C,0.1435,0.147,0.1453,78253.04,77178.86,0.40509999999999996,0.73255,2e-05,138.46999,1923.5,0.1
2026-09-10T19:00:47Z,2026-12-25,106,70000.0,P,0.0395,0.0405,0.0399,78253.04,77178.86,0.40509999999999996,-0.26745,2e-05,138.46999,1484.6,1.7
2026-09-10T19:00:47Z,2026-12-25,106,72000.0,C,0.1265,0.13,0.1283,78253.04,77178.86,0.4006,0.68947,2e-05,148.56238,1271.4,0.1
2026-09-10T19:00:47Z,2026-12-25,106,72000.0,P,0.048,0.049,0.0484,78252.19,77178.86,0.4006,-0.31055,2e-05,148.56447,800.6,6.7
2026-09-10T19:00:47Z,2026-12-25,106,74000.0,C,0.111,0.114,0.1127,78252.19,77178.86,0.3972,0.6437,2e-05,156.85765,138.9,0.0
2026-09-10T19:00:47Z,2026-12-25,106,74000.0,P,0.058,0.059,0.0584,78252.19,77178.86,0.3972,-0.3563,2e-05,156.85765,165.2,12.3
2026-09-10T19:00:47Z,2026-12-25,106,75000.0,C,0.104,0.107,0.1054,78252.19,77178.86,0.39590000000000003,0.62014,2e-05,160.1987,1870.8,1.2
2026-09-10T19:00:47Z,2026-12-25,106,75000.0,P,0.0635,0.0645,0.0639,78253.04,77178.86,0.39590000000000003,-0.37984,2e-05,160.19794,1269.4,4.0
2026-09-10T19:00:47Z,2026-12-25,106,76000.0,C,0.098,0.0995,0.0986,78253.04,77178.86,0.39520000000000005,0.59628,2e-05,162.95817,427.0,50.0
2026-09-10T19:00:47Z,2026-12-25,106,76000.0,P,0.069,0.0705,0.0698,78253.04,77178.86,0.39520000000000005,-0.40372,2e-05,162.95817,387.7,1.4
2026-09-10T19:00:47Z,2026-12-25,106,78000.0,C,0.0855,0.0865,0.0858,78253.04,77178.86,0.3937,0.54821,2e-05,166.64347,1048.4,0.0
2026-09-10T19:00:47Z,2026-12-25,106,78000.0,P,0.082,0.083,0.0826,78252.19,77178.86,0.3937,-0.45181,2e-05,166.64269,1402.9,4.8
2026-09-10T19:00:47Z,2026-12-25,106,80000.0,C,0.074,0.075,0.0746,78253.04,77178.86,0.39390000000000003,0.50066,2e-05,167.87066,8907.4,55.5
2026-09-10T19:00:47Z,2026-12-25,106,80000.0,P,0.096,0.097,0.0969,78253.04,77178.86,0.39390000000000003,-0.49934,2e-05,167.87066,1283.1,3.6
2026-09-10T19:00:47Z,2026-12-25,106,82000.0,C,0.0635,0.065,0.0642,78252.19,77178.86,0.3923,0.45371,2e-05,166.73768,1320.9,70.2
2026-09-10T19:00:47Z,2026-12-25,106,82000.0,P,0.1115,0.1125,0.1121,78252.19,77178.86,0.3923,-0.54629,2e-05,166.73768,254.7,1.4
2026-09-10T19:00:47Z,2026-12-25,106,84000.0,C,0.0545,0.056,0.0552,78253.04,77178.86,0.3923,0.40887,2e-05,163.47143,1344.0,0.1
2026-09-10T19:00:47Z,2026-12-25,106,84000.0,P,0.128,0.129,0.1287,78253.04,77178.86,0.3923,-0.59113,2e-05,163.47143,84.7,1.4
2026-09-10T19:00:47Z,2026-12-25,106,85000.0,C,0.0505,0.052,0.0513,78253.04,77178.86,0.39299999999999996,0.38757,2e-05,161.15958,2212.3,2.4
2026-09-10T19:00:47Z,2026-12-25,106,85000.0,P,0.1355,0.1395,0.1375,78251.7,77178.86,0.39299999999999996,-0.61246,2e-05,161.15309,579.5,1.6
2026-09-10T19:00:47Z,2026-12-25,106,86000.0,C,0.047,0.048,0.0475,78251.7,77178.86,0.3932,0.36661,2e-05,158.39543,322.8,2.8
2026-09-10T19:00:47Z,2026-12-25,106,86000.0,P,0.1445,0.1485,0.1465,78251.7,77178.86,0.3932,-0.63339,2e-05,158.39543,66.3,0.0
2026-09-10T19:00:47Z,2026-12-25,106,88000.0,C,0.04,0.0415,0.0408,78251.7,77178.86,0.3947,0.32744,2e-05,151.90867,3503.4,46.9
2026-09-10T19:00:47Z,2026-12-25,106,88000.0,P,0.1635,0.1675,0.1654,78251.7,77178.86,0.3947,-0.67256,2e-05,151.90867,7.5,0.2
2026-09-10T19:00:47Z,2026-12-25,106,90000.0,C,0.0345,0.0355,0.035,78251.7,77178.86,0.3961,0.29105,2e-05,144.27911,3783.8,128.3
2026-09-10T19:00:47Z,2026-12-25,106,90000.0,P,0.183,0.188,0.1851,78253.04,77178.86,0.3961,-0.70892,2e-05,144.28797,655.0,0.0
2026-09-10T19:00:47Z,2026-12-25,106,92000.0,C,0.0295,0.0305,0.0301,78251.7,77178.86,0.3983,0.25829,2e-05,136.02324,379.3,1.6
2026-09-10T19:00:47Z,2026-12-25,106,92000.0,P,0.2035,0.209,0.2057,78251.7,77178.86,0.3983,-0.74171,2e-05,136.02324,6.6,0.0
2026-09-10T19:00:47Z,2026-12-25,106,94000.0,C,0.0255,0.0265,0.0259,78251.7,77178.86,0.4014,0.22914,2e-05,127.5009,393.5,0.0
2026-09-10T19:00:47Z,2026-12-25,106,94000.0,P,0.2245,0.2305,0.2272,78251.7,77178.86,0.4014,-0.77086,2e-05,127.5009,5.3,0.0
2026-09-10T19:00:47Z,2026-12-25,106,95000.0,C,0.0235,0.0245,0.0241,78251.7,77178.86,0.4028,0.21558,2e-05,123.14055,1481.0,0.0
2026-09-10T19:00:47Z,2026-12-25,106,95000.0,P,0.2355,0.2415,0.2381,78251.7,77178.86,0.4028,-0.78442,2e-05,123.14055,111.4,0.0
2026-09-10T19:00:47Z,2026-12-25,106,96000.0,C,0.022,0.023,0.0224,78251.7,77178.86,0.4047,0.20314,2e-05,118.90729,1502.5,1.6
2026-09-10T19:00:47Z,2026-12-25,106,96000.0,P,0.2465,0.2525,0.2492,78250.74,77178.86,0.4047,-0.79688,2e-05,118.9007,23.9,0.0
2026-09-10T19:00:47Z,2026-12-25,106,98000.0,C,0.019,0.02,0.0194,78253.04,77178.86,0.4083,0.18004,2e-05,110.42948,343.9,0.0
2026-09-10T19:00:47Z,2026-12-25,106,98000.0,P,0.269,0.2755,0.2718,78251.7,77178.86,0.4083,-0.81998,2e-05,110.41971,1.2,0.0
2026-09-10T19:00:47Z,2026-12-25,106,100000.0,C,0.0165,0.0175,0.0169,78253.04,77178.86,0.41229999999999994,0.15984,1e-05,102.31551,6027.1,1.0
2026-09-10T19:00:47Z,2026-12-25,106,100000.0,P,0.2915,0.2985,0.2948,78251.7,77178.86,0.41229999999999994,-0.84018,1e-05,102.30589,303.2,0.0
2026-09-10T19:00:47Z,2026-12-25,106,102000.0,C,0.0145,0.0155,0.0149,78251.7,77178.86,0.41729999999999995,0.14252,1e-05,94.79695,383.9,0.0
2026-09-10T19:00:47Z,2026-12-25,106,102000.0,P,0.315,0.322,0.3183,78250.94,77178.86,0.41729999999999995,-0.85749,1e-05,94.79215,7.8,0.0
2026-09-10T19:00:47Z,2026-12-25,106,104000.0,C,0.0125,0.0135,0.013,78250.94,77178.86,0.4213,0.12663,1e-05,87.406,95.6,5.5
2026-09-10T19:00:47Z,2026-12-25,106,104000.0,P,0.3385,0.3455,0.342,78250.94,77178.86,0.4213,-0.87337,1e-05,87.406,0.3,0.0
2026-09-10T19:00:47Z,2026-12-25,106,105000.0,C,0.0115,0.0125,0.012,78250.94,77178.86,0.42210000000000003,0.11861,1e-05,83.48323,914.3,0.0
2026-09-10T19:00:47Z,2026-12-25,106,105000.0,P,0.3505,0.3575,0.3538,78250.94,77178.86,0.42210000000000003,-0.88139,1e-05,83.48323,109.4,0.0
2026-09-10T19:00:47Z,2026-12-25,106,106000.0,C,0.011,0.012,0.0114,78251.48,77178.86,0.4257,0.11287,1e-05,80.59568,778.7,0.1
2026-09-10T19:00:47Z,2026-12-25,106,106000.0,P,0.3625,0.3695,0.366,78251.48,77178.86,0.4257,-0.88713,1e-05,80.59568,0.2,0.0
2026-09-10T19:00:47Z,2026-12-25,106,108000.0,C,0.0095,0.0105,0.01,78250.94,77178.86,0.42969999999999997,0.10044,1e-05,74.08478,151.9,0.0
2026-09-10T19:00:47Z,2026-12-25,106,108000.0,P,0.3865,0.3935,0.3902,78251.48,77178.86,0.42969999999999997,-0.89955,1e-05,74.08812,0.1,0.0
2026-09-10T19:00:47Z,2026-12-25,106,110000.0,C,0.0085,0.0095,0.009,78250.94,77178.86,0.43579999999999997,0.09078,1e-05,68.76853,2761.0,1.6
2026-09-10T19:00:47Z,2026-12-25,106,110000.0,P,0.411,0.418,0.4147,78251.48,77178.86,0.43579999999999997,-0.90922,1e-05,68.77171,55.6,0.0
2026-09-10T19:00:47Z,2026-12-25,106,115000.0,C,0.0065,0.007,0.0067,78250.94,77178.86,0.4465,0.06899,1e-05,55.86675,2332.6,0.0
2026-09-10T19:00:47Z,2026-12-25,106,115000.0,P,0.472,0.48,0.4763,78250.94,77178.86,0.4465,-0.93101,1e-05,55.86675,5.0,0.0
2026-09-10T19:00:47Z,2026-12-25,106,120000.0,C,0.0049,0.0055,0.0052,78250.94,77178.86,0.4604,0.05444,1e-05,46.42883,5808.2,3.9
2026-09-10T19:00:47Z,2026-12-25,106,120000.0,P,0.5345,0.543,0.5387,78250.94,77178.86,0.4604,-0.94556,1e-05,46.42883,35.7,0.0
2026-09-10T19:00:47Z,2026-12-25,106,125000.0,C,0.0039,0.0044,0.0041,78250.94,77178.86,0.47350000000000003,0.04342,0.0,38.74953,573.1,5.0
2026-09-10T19:00:47Z,2026-12-25,106,125000.0,P,0.597,0.606,0.6015,78250.94,77178.86,0.47350000000000003,-0.95658,0.0,38.74953,9.1,0.1
2026-09-10T19:00:47Z,2026-12-25,106,130000.0,C,0.0031,0.0036,0.0034,78250.94,77178.86,0.4869,0.03533,0.0,32.76454,1566.2,4.8
2026-09-10T19:00:47Z,2026-12-25,106,130000.0,P,0.6595,0.669,0.6647,78248.92,77178.86,0.4869,-0.96468,0.0,32.75777,54.0,0.0
2026-09-10T19:00:47Z,2026-12-25,106,135000.0,C,0.0027,0.003,0.0029,78248.92,77178.86,0.5027,0.0299,0.0,28.54932,1384.9,4.1
2026-09-10T19:00:47Z,2026-12-25,106,135000.0,P,0.7225,0.7325,0.7281,78248.92,77178.86,0.5027,-0.9701,0.0,28.54932,0.7,0.0
2026-09-10T19:00:47Z,2026-12-25,106,140000.0,C,0.0021,0.0026,0.0023,78250.74,77178.86,0.514,0.02463,0.0,24.2837,1439.7,10.4
2026-09-10T19:00:47Z,2026-12-25,106,140000.0,P,0.7855,0.7965,0.7914,78248.92,77178.86,0.514,-0.97538,0.0,24.27912,0.3,0.0
2026-09-10T19:00:47Z,2026-12-25,106,150000.0,C,0.0015,0.0019,0.0017,78248.92,77178.86,0.5385,0.01776,0.0,18.41123,1696.1,1.1
2026-09-10T19:00:47Z,2026-12-25,106,150000.0,P,0.912,0.924,0.9186,78250.74,77178.86,0.5385,-0.98224,0.0,18.41477,4.4,0.0
2026-09-10T19:00:47Z,2026-12-25,106,160000.0,C,0.0011,0.0015,0.0013,78248.92,77178.86,0.5618,0.01332,0.0,14.38778,1291.8,0.0
2026-09-10T19:00:47Z,2026-12-25,106,160000.0,P,1.0385,1.052,1.046,78248.92,77178.86,0.5618,-0.98668,0.0,14.38778,0.1,0.0
2026-09-10T19:00:47Z,2026-12-25,106,170000.0,C,0.0008,0.0012,0.001,78250.74,77178.86,0.5829,0.01021,0.0,11.41535,2393.8,0.0
2026-09-10T19:00:47Z,2026-12-25,106,170000.0,P,1.1655,1.18,1.1735,78248.92,77178.86,0.5829,-0.9898,0.0,11.41312,0.1,0.0
2026-09-10T19:00:47Z,2026-12-25,106,180000.0,C,0.0008,0.001,0.0008,78248.92,77178.86,0.6037,0.00811,0.0,9.33085,934.3,0.2
2026-09-10T19:00:47Z,2026-12-25,106,180000.0,P,1.292,1.3085,1.3011,78250.74,77178.86,0.6037,-0.99189,0.0,9.33267,0.1,0.0
2026-09-10T19:00:47Z,2026-12-25,106,190000.0,C,0.0006,0.0008,0.0006,78248.92,77178.86,0.6225,0.00651,0.0,7.69326,1026.7,0.0
2026-09-10T19:00:47Z,2026-12-25,106,190000.0,P,1.419,1.437,1.4287,78248.92,77178.86,0.6225,-0.99349,0.0,7.69326,0.0,0.0
2026-09-10T19:00:47Z,2026-12-25,106,200000.0,C,0.0005,0.0007,0.0006,78250.74,77178.86,0.6473,0.00583,0.0,6.97775,969.4,0.1
2026-09-10T19:00:47Z,2026-12-25,106,200000.0,P,1.5455,1.5655,1.5564,78250.74,77178.86,0.6473,-0.99417,0.0,6.97775,0.0,0.0
2026-09-10T19:00:47Z,2026-12-25,106,210000.0,C,0.0003,0.0006,0.0004,78248.92,77178.86,0.6554000000000001,0.00433,0.0,5.35334,162.3,0.0
2026-09-10T19:00:47Z,2026-12-25,106,210000.0,P,1.6725,1.694,1.6841,78250.74,77178.86,0.6554000000000001,-0.99567,0.0,5.35439,0.0,0.0
2026-09-10T19:00:47Z,2026-12-25,106,220000.0,C,0.0002,0.0005,0.0003,78248.8,77178.86,0.6678000000000001,0.00348,0.0,4.39573,255.6,0.0
2026-09-10T19:00:47Z,2026-12-25,106,220000.0,P,1.7995,1.8225,1.8118,78248.29,77178.86,0.6678000000000001,-0.99652,0.0,4.39548,0.0,0.0
2026-09-10T19:00:47Z,2026-12-25,106,230000.0,C,0.0002,0.0005,0.0003,78248.29,77178.86,0.6881999999999999,0.00318,0.0,4.05814,190.5,0.0
2026-09-10T19:00:47Z,2026-12-25,106,230000.0,P,1.926,1.951,1.9396,78248.29,77178.86,0.6881999999999999,-0.99682,0.0,4.05814,0.0,0.0
2026-09-10T19:00:47Z,2026-12-25,106,240000.0,C,0.0001,0.0004,0.0002,78248.29,77178.86,0.6931,0.00239,0.0,3.14079,785.2,0.1
2026-09-10T19:00:47Z,2026-12-25,106,240000.0,P,2.053,2.08,2.0673,78248.29,77178.86,0.6931,-0.99761,0.0,3.14079,0.0,0.0
2026-09-10T19:00:47Z,2026-12-25,106,250000.0,C,0.0001,0.0004,0.0002,78248.29,77178.86,0.7073999999999999,0.00209,0.0,2.7823,1281.3,0.0
2026-09-10T19:00:47Z,2026-12-25,106,250000.0,P,2.18,2.2085,2.1951,78248.29,77178.86,0.7073999999999999,-0.99791,0.0,2.7823,10.0,0.0
2026-09-10T19:00:47Z,2027-03-26,197,35000.0,C,0.561,0.563,0.5618,79181.36,77178.86,0.6077,0.98,0.0,28.1369,21.8,0.0
2026-09-10T19:00:47Z,2027-03-26,197,35000.0,P,0.0036,0.0042,0.0038,79180.85,77178.86,0.6077,-0.02,0.0,28.13755,623.6,0.7
2026-09-10T19:00:47Z,2027-03-26,197,40000.0,C,0.4995,0.502,0.5007,79180.85,77178.86,0.5616,0.96877,0.0,40.8742,82.1,0.0
2026-09-10T19:00:47Z,2027-03-26,197,40000.0,P,0.0055,0.006,0.0059,79180.85,77178.86,0.5616,-0.03123,0.0,40.8742,1900.1,12.2
2026-09-10T19:00:47Z,2027-03-26,197,45000.0,C,0.438,0.4425,0.4407,79180.85,77178.86,0.5236999999999999,0.95179,0.0,58.20488,3.3,0.0
2026-09-10T19:00:47Z,2027-03-26,197,45000.0,P,0.0085,0.0095,0.009,79180.85,77178.86,0.5236999999999999,-0.04821,0.0,58.20488,259.4,0.0
2026-09-10T19:00:47Z,2027-03-26,197,50000.0,C,0.3795,0.384,0.3819,79180.85,77178.86,0.4892,0.92787,0.0,79.83481,21.6,0.0
2026-09-10T19:00:47Z,2027-03-26,197,50000.0,P,0.0125,0.014,0.0134,79180.85,77178.86,0.4892,-0.07213,0.0,79.83481,2458.2,0.0
2026-09-10T19:00:47Z,2027-03-26,197,52000.0,C,0.3565,0.361,0.359,79180.85,77178.86,0.47700000000000004,0.91564,1e-05,89.90247,5.3,0.0
2026-09-10T19:00:47Z,2027-03-26,197,52000.0,P,0.015,0.0165,0.0157,79180.85,77178.86,0.47700000000000004,-0.08436,1e-05,89.90247,123.9,0.0
2026-09-10T19:00:47Z,2027-03-26,197,54000.0,C,0.334,0.339,0.3367,79181.36,77178.86,0.4678,0.9009,1e-05,101.30252,0.1,0.0
2026-09-10T19:00:47Z,2027-03-26,197,54000.0,P,0.018,0.0195,0.0187,79180.85,77178.86,0.4678,-0.09911,1e-05,101.30431,91.8,0.0
2026-09-10T19:00:47Z,2027-03-26,197,55000.0,C,0.323,0.328,0.3256,79180.85,77178.86,0.4621,0.89328,1e-05,106.90408,28.6,0.0
2026-09-10T19:00:47Z,2027-03-26,197,55000.0,P,0.0195,0.021,0.0202,79180.85,77178.86,0.4621,-0.10672,1e-05,106.90408,1257.7,0.0
2026-09-10T19:00:47Z,2027-03-26,197,56000.0,C,0.312,0.317,0.3145,79180.85,77178.86,0.4559,0.88545,1e-05,112.46329,16.9,0.0
2026-09-10T19:00:47Z,2027-03-26,197,56000.0,P,0.021,0.0225,0.0217,79182.55,77178.86,0.4559,-0.11453,1e-05,112.45719,123.0,0.0
2026-09-10T19:00:47Z,2027-03-26,197,58000.0,C,0.2905,0.2955,0.2932,79179.73,77178.86,0.44799999999999995,0.86678,1e-05,125.00525,4.3,0.0
2026-09-10T19:00:47Z,2027-03-26,197,58000.0,P,0.025,0.0265,0.0257,79182.55,77178.86,0.44799999999999995,-0.13319,1e-05,124.99408,136.1,0.0
2026-09-10T19:00:47Z,2027-03-26,197,60000.0,C,0.2685,0.275,0.2724,79182.55,77178.86,0.4401,0.84625,1e-05,137.71434,649.0,0.0
2026-09-10T19:00:47Z,2027-03-26,197,60000.0,P,0.0295,0.031,0.0302,79182.55,77178.86,0.4401,-0.15375,1e-05,137.71434,816.1,0.0
2026-09-10T19:00:47Z,2027-03-26,197,62000.0,C,0.248,0.255,0.2522,79182.55,77178.86,0.43200000000000005,0.82385,1e-05,150.40197,56.2,0.0
2026-09-10T19:00:47Z,2027-03-26,197,62000.0,P,0.0345,0.036,0.0352,79182.55,77178.86,0.43200000000000005,-0.17615,1e-05,150.40197,263.1,0.0
2026-09-10T19:00:47Z,2027-03-26,197,64000.0,C,0.229,0.2355,0.2329,79182.55,77178.86,0.426,0.79879,1e-05,163.26263,137.8,0.0
2026-09-10T19:00:47Z,2027-03-26,197,64000.0,P,0.0405,0.042,0.0412,79182.55,77178.86,0.426,-0.20121,1e-05,163.26263,130.2,0.0
2026-09-10T19:00:47Z,2027-03-26,197,65000.0,C,0.221,0.2265,0.2238,79182.55,77178.86,0.424,0.78523,1e-05,169.67029,366.9,0.0
2026-09-10T19:00:47Z,2027-03-26,197,65000.0,P,0.044,0.0455,0.0446,79182.55,77178.86,0.424,-0.21477,1e-05,169.67029,879.6,10.7
2026-09-10T19:00:47Z,2027-03-26,197,66000.0,C,0.212,0.217,0.2145,79182.55,77178.86,0.4207,0.77163,1e-05,175.73191,23.8,0.0
2026-09-10T19:00:47Z,2027-03-26,197,66000.0,P,0.047,0.049,0.048,79182.55,77178.86,0.4207,-0.22837,1e-05,175.73191,110.2,4.5
2026-09-10T19:00:47Z,2027-03-26,197,68000.0,C,0.1945,0.1995,0.197,79182.55,77178.86,0.41609999999999997,0.74256,1e-05,187.5079,196.5,0.0
2026-09-10T19:00:47Z,2027-03-26,197,68000.0,P,0.055,0.0565,0.0558,79182.55,77178.86,0.41609999999999997,-0.25744,1e-05,187.5079,290.8,0.0
2026-09-10T19:00:47Z,2027-03-26,197,70000.0,C,0.178,0.1825,0.1805,79182.55,77178.86,0.41240000000000004,0.7118,1e-05,198.31369,797.9,0.1
2026-09-10T19:00:47Z,2027-03-26,197,70000.0,P,0.0635,0.0655,0.0645,79180.83,77178.86,0.41240000000000004,-0.28823,1e-05,198.31733,772.8,0.0
2026-09-10T19:00:47Z,2027-03-26,197,72000.0,C,0.1625,0.167,0.165,79182.55,77178.86,0.4096,0.67963,2e-05,207.88891,95.2,0.0
2026-09-10T19:00:47Z,2027-03-26,197,72000.0,P,0.0735,0.0755,0.0743,79180.83,77178.86,0.4096,-0.3204,2e-05,207.8914,162.0,4.5
2026-09-10T19:00:47Z,2027-03-26,197,74000.0,C,0.149,0.152,0.1504,79180.04,77178.86,0.4067,0.64651,2e-05,215.98288,66.8,0.0
2026-09-10T19:00:47Z,2027-03-26,197,74000.0,P,0.084,0.086,0.0849,79180.04,77178.86,0.4067,-0.35349,2e-05,215.98288,196.1,4.6
2026-09-10T19:00:47Z,2027-03-26,197,76000.0,C,0.1355,0.1385,0.1366,79180.04,77178.86,0.40380000000000005,0.61275,2e-05,222.47587,530.6,0.0
2026-09-10T19:00:47Z,2027-03-26,197,76000.0,P,0.0955,0.0975,0.0964,79180.04,77178.86,0.40380000000000005,-0.38725,2e-05,222.47587,262.0,11.8
2026-09-10T19:00:47Z,2027-03-26,197,78000.0,C,0.123,0.125,0.1241,79180.04,77178.86,0.4023,0.57867,2e-05,227.27494,590.9,3.2
2026-09-10T19:00:47Z,2027-03-26,197,78000.0,P,0.1085,0.1105,0.1092,79180.04,77178.86,0.4023,-0.42133,2e-05,227.27494,270.3,0.0
2026-09-10T19:00:47Z,2027-03-26,197,80000.0,C,0.1115,0.114,0.1128,79180.04,77178.86,0.4022,0.54486,2e-05,230.32907,1089.2,0.0
2026-09-10T19:00:47Z,2027-03-26,197,80000.0,P,0.122,0.1245,0.1232,79180.04,77178.86,0.4022,-0.45514,2e-05,230.32907,214.5,0.0
2026-09-10T19:00:47Z,2027-03-26,197,82000.0,C,0.101,0.103,0.1021,79180.04,77178.86,0.40090000000000003,0.51123,2e-05,231.70409,1206.3,18.0
2026-09-10T19:00:47Z,2027-03-26,197,82000.0,P,0.1365,0.139,0.1377,79180.04,77178.86,0.40090000000000003,-0.48877,2e-05,231.70409,6.9,0.0
2026-09-10T19:00:47Z,2027-03-26,197,84000.0,C,0.0915,0.094,0.0927,79180.04,77178.86,0.40149999999999997,0.47878,2e-05,231.46797,263.2,0.0
2026-09-10T19:00:47Z,2027-03-26,197,84000.0,P,0.152,0.155,0.1535,79182.33,77178.86,0.40149999999999997,-0.52118,2e-05,231.47587,55.2,0.0
2026-09-10T19:00:47Z,2027-03-26,197,85000.0,C,0.087,0.0895,0.0883,79180.04,77178.86,0.4019,0.46293,2e-05,230.79483,345.7,0.0
2026-09-10T19:00:47Z,2027-03-26,197,85000.0,P,0.16,0.163,0.1618,79180.04,77178.86,0.4019,-0.53707,2e-05,230.79483,3.9,0.0
2026-09-10T19:00:47Z,2027-03-26,197,86000.0,C,0.083,0.085,0.0839,79180.04,77178.86,0.4018,0.44719,2e-05,229.76226,141.7,0.0
2026-09-10T19:00:47Z,2027-03-26,197,86000.0,P,0.168,0.1725,0.1701,79180.04,77178.86,0.4018,-0.55281,2e-05,229.76226,3.1,0.0
2026-09-10T19:00:47Z,2027-03-26,197,88000.0,C,0.075,0.077,0.076,79182.33,77178.86,0.4022,0.41679,2e-05,226.74166,77.2,0.0
2026-09-10T19:00:47Z,2027-03-26,197,88000.0,P,0.185,0.19,0.1873,79182.33,77178.86,0.4022,-0.58321,2e-05,226.74166,4.7,0.0
2026-09-10T19:00:47Z,2027-03-26,197,90000.0,C,0.068,0.07,0.0689,79180.04,77178.86,0.40340000000000004,0.38794,2e-05,222.59045,554.8,125.0
2026-09-10T19:00:47Z,2027-03-26,197,90000.0,P,0.203,0.208,0.2055,79180.04,77178.86,0.40340000000000004,-0.61206,2e-05,222.59053,24.1,0.0
2026-09-10T19:00:47Z,2027-03-26,197,92000.0,C,0.061,0.063,0.0622,79179.73,77178.86,0.4039,0.36015,2e-05,217.40225,261.3,0.1
2026-09-10T19:00:47Z,2027-03-26,197,92000.0,P,0.2215,0.23,0.2241,79179.73,77178.86,0.4039,-0.63985,2e-05,217.40225,1.4,0.0
2026-09-10T19:00:47Z,2027-03-26,197,94000.0,C,0.0555,0.0575,0.0564,79179.73,77178.86,0.4052,0.33417,2e-05,211.46833,166.8,0.3
2026-09-10T19:00:47Z,2027-03-26,197,94000.0,P,0.241,0.2495,0.2435,79179.73,77178.86,0.4052,-0.66583,2e-05,211.46833,9.7,0.0
2026-09-10T19:00:47Z,2027-03-26,197,95000.0,C,0.0525,0.0545,0.0535,79180.04,77178.86,0.4053,0.32138,2e-05,208.15618,569.2,0.1
2026-09-10T19:00:47Z,2027-03-26,197,95000.0,P,0.251,0.2565,0.2533,79180.04,77178.86,0.4053,-0.67862,2e-05,208.15618,0.4,0.0
2026-09-10T19:00:47Z,2027-03-26,197,96000.0,C,0.05,0.052,0.051,79179.73,77178.86,0.40619999999999995,0.30951,1e-05,204.83986,141.6,0.0
2026-09-10T19:00:47Z,2027-03-26,197,96000.0,P,0.261,0.2665,0.2634,79179.73,77178.86,0.40619999999999995,-0.69049,1e-05,204.83986,1.6,0.0
2026-09-10T19:00:47Z,2027-03-26,197,98000.0,C,0.0455,0.047,0.0463,79179.73,77178.86,0.4078,0.28671,1e-05,197.8183,115.2,0.0
2026-09-10T19:00:47Z,2027-03-26,197,98000.0,P,0.281,0.287,0.2839,79179.73,77178.86,0.4078,-0.71329,1e-05,197.8183,0.2,0.0
2026-09-10T19:00:47Z,2027-03-26,197,100000.0,C,0.041,0.043,0.042,79179.73,77178.86,0.4094,0.26538,1e-05,190.44982,670.6,3.0
2026-09-10T19:00:47Z,2027-03-26,197,100000.0,P,0.302,0.312,0.3049,79180.04,77178.86,0.4094,-0.73461,1e-05,190.45212,12.3,0.0
2026-09-10T19:00:47Z,2027-03-26,197,102000.0,C,0.037,0.039,0.0381,79179.73,77178.86,0.4111,0.24553,1e-05,182.86399,127.5,0.0
2026-09-10T19:00:47Z,2027-03-26,197,102000.0,P,0.323,0.334,0.3263,79179.73,77178.86,0.4111,-0.75447,1e-05,182.86399,0.1,0.0
2026-09-10T19:00:47Z,2027-03-26,197,104000.0,C,0.034,0.0355,0.0347,79179.73,77178.86,0.4133,0.22741,1e-05,175.30923,115.2,0.0
2026-09-10T19:00:47Z,2027-03-26,197,104000.0,P,0.345,0.3555,0.3482,79181.86,77178.86,0.4133,-0.77256,1e-05,175.32571,0.1,0.0
2026-09-10T19:00:47Z,2027-03-26,197,105000.0,C,0.032,0.034,0.0331,79179.73,77178.86,0.41409999999999997,0.21862,1e-05,171.41568,162.5,3.0
2026-09-10T19:00:47Z,2027-03-26,197,105000.0,P,0.3535,0.363,0.3591,79179.73,77178.86,0.41409999999999997,-0.78138,1e-05,171.41568,0.5,0.0
2026-09-10T19:00:47Z,2027-03-26,197,106000.0,C,0.0305,0.0325,0.0316,79179.73,77178.86,0.41509999999999997,0.21031,1e-05,167.59531,79.2,0.0
2026-09-10T19:00:47Z,2027-03-26,197,106000.0,P,0.3635,0.3785,0.3703,79179.73,77178.86,0.41509999999999997,-0.78969,1e-05,167.59531,0.1,0.0
2026-09-10T19:00:47Z,2027-03-26,197,108000.0,C,0.028,0.0295,0.0289,79180.04,77178.86,0.4175,0.19489,1e-05,160.14086,68.6,1.0
2026-09-10T19:00:47Z,2027-03-26,197,108000.0,P,0.387,0.4005,0.3928,79180.07,77178.86,0.4175,-0.80511,1e-05,160.14069,0.1,0.0
2026-09-10T19:00:47Z,2027-03-26,197,110000.0,C,0.026,0.027,0.0265,79180.07,77178.86,0.4203,0.18095,1e-05,152.96619,1157.6,2.0
2026-09-10T19:00:47Z,2027-03-26,197,110000.0,P,0.4095,0.4235,0.4157,79180.07,77178.86,0.4203,-0.81905,1e-05,152.96619,4.1,0.0
2026-09-10T19:00:47Z,2027-03-26,197,112000.0,C,0.0235,0.025,0.0242,79180.07,77178.86,0.4226,0.1677,1e-05,145.74846,67.3,0.0
2026-09-10T19:00:47Z,2027-03-26,197,112000.0,P,0.4345,0.443,0.4387,79180.07,77178.86,0.4226,-0.8323,1e-05,145.74846,0.1,0.0
2026-09-10T19:00:47Z,2027-03-26,197,115000.0,C,0.0205,0.022,0.0213,79180.07,77178.86,0.4263,0.14992,1e-05,135.42604,807.8,0.0
2026-09-10T19:00:47Z,2027-03-26,197,115000.0,P,0.4675,0.478,0.4737,79180.07,77178.86,0.4263,-0.85008,1e-05,135.42604,2.2,0.0
2026-09-10T19:00:47Z,2027-03-26,197,120000.0,C,0.0165,0.018,0.0173,79180.07,77178.86,0.4326,0.12488,1e-05,119.52383,781.1,9.9
2026-09-10T19:00:47Z,2027-03-26,197,120000.0,P,0.5245,0.542,0.5328,79179.67,77178.86,0.4326,-0.87513,1e-05,119.52104,9.8,0.0
2026-09-10T19:00:47Z,2027-03-26,197,125000.0,C,0.014,0.015,0.0144,79180.07,77178.86,0.441,0.10582,1e-05,106.24396,303.1,0.0
2026-09-10T19:00:47Z,2027-03-26,197,125000.0,P,0.588,0.598,0.5931,79180.07,77178.86,0.441,-0.89418,1e-05,106.24396,0.1,0.0
2026-09-10T19:00:47Z,2027-03-26,197,130000.0,C,0.0115,0.0125,0.012,79180.07,77178.86,0.44799999999999995,0.08951,1e-05,93.97056,1142.8,1.0
2026-09-10T19:00:47Z,2027-03-26,197,130000.0,P,0.6485,0.659,0.6538,79180.07,77178.86,0.44799999999999995,-0.91049,1e-05,93.97056,0.4,0.0
2026-09-10T19:00:47Z,2027-03-26,197,140000.0,C,0.008,0.009,0.0087,79180.07,77178.86,0.46409999999999996,0.06641,0.0,74.90874,910.7,0.1
2026-09-10T19:00:47Z,2027-03-26,197,140000.0,P,0.7685,0.788,0.7769,79180.07,77178.86,0.46409999999999996,-0.93359,0.0,74.90874,10.9,0.0
2026-09-10T19:00:47Z,2027-03-26,197,150000.0,C,0.006,0.0075,0.0067,79180.07,77178.86,0.4818,0.0515,0.0,61.35443,1906.1,1.8
2026-09-10T19:00:47Z,2027-03-26,197,150000.0,P,0.895,0.9135,0.9012,79179.67,77178.86,0.4818,-0.9485,0.0,61.35269,0.6,0.0
2026-09-10T19:00:47Z,2027-03-26,197,160000.0,C,0.005,0.006,0.0055,79180.07,77178.86,0.5003,0.04157,0.0,51.66065,1034.4,0.0
2026-09-10T19:00:47Z,2027-03-26,197,160000.0,P,1.019,1.033,1.0262,79179.67,77178.86,0.5003,-0.95843,0.0,51.65915,0.1,0.0
2026-09-10T19:00:47Z,2027-03-26,197,170000.0,C,0.0044,0.0046,0.0044,79181.86,77178.86,0.5156000000000001,0.03361,0.0,43.42116,659.0,3.6
2026-09-10T19:00:47Z,2027-03-26,197,170000.0,P,1.141,1.159,1.1514,79181.86,77178.86,0.5156000000000001,-0.96639,0.0,43.42116,0.2,0.0
2026-09-10T19:00:47Z,2027-03-26,197,180000.0,C,0.0032,0.0039,0.0036,79181.86,77178.86,0.5286,0.02722,0.0,36.45883,503.3,0.0
2026-09-10T19:00:47Z,2027-03-26,197,180000.0,P,1.264,1.2855,1.2769,79181.86,77178.86,0.5286,-0.97278,0.0,36.45883,0.1,0.0
2026-09-10T19:00:47Z,2027-03-26,197,190000.0,C,0.003,0.0033,0.0032,79181.86,77178.86,0.5468999999999999,0.02383,0.0,32.62243,637.0,2.5
2026-09-10T19:00:47Z,2027-03-26,197,190000.0,P,1.389,1.412,1.4028,79181.86,77178.86,0.5468999999999999,-0.97617,0.0,32.62243,0.9,0.0
2026-09-10T19:00:47Z,2027-03-26,197,200000.0,C,0.0023,0.0029,0.0026,79181.86,77178.86,0.5571,0.0196,0.0,27.65168,485.6,0.0
2026-09-10T19:00:47Z,2027-03-26,197,200000.0,P,1.5135,1.5455,1.5285,79181.86,77178.86,0.5571,-0.9804,0.0,27.65168,1.0,0.0
2026-09-10T19:00:47Z,2027-06-25,288,30000.0,C,0.6295,0.6315,0.6304,80173.16,77178.86,0.6153,0.98092,0.0,33.10559,86.2,0.0
2026-09-10T19:00:47Z,2027-06-25,288,30000.0,P,0.0043,0.0049,0.0046,80173.56,77178.86,0.6153,-0.01908,0.0,33.10517,342.3,0.0
2026-09-10T19:00:47Z,2027-06-25,288,40000.0,C,0.5095,0.5125,0.5113,80175.4,77178.86,0.5323,0.95619,0.0,66.01588,17.6,0.1
2026-09-10T19:00:47Z,2027-06-25,288,40000.0,P,0.0095,0.011,0.0102,80173.56,77178.86,0.5323,-0.04382,0.0,66.01984,1227.0,0.1
2026-09-10T19:00:47Z,2027-06-25,288,45000.0,C,0.452,0.455,0.4539,80173.56,77178.86,0.5028,0.93539,0.0,89.80639,0.5,0.0
2026-09-10T19:00:47Z,2027-06-25,288,45000.0,P,0.0145,0.0155,0.0152,80173.56,77178.86,0.5028,-0.06461,0.0,89.80639,121.3,0.5
2026-09-10T19:00:47Z,2027-06-25,288,50000.0,C,0.395,0.4005,0.3986,80173.56,77178.86,0.4789,0.90715,0.0,118.25471,17.5,0.0
2026-09-10T19:00:47Z,2027-06-25,288,50000.0,P,0.0215,0.023,0.0222,80173.56,77178.86,0.4789,-0.09285,0.0,118.25471,402.3,0.0
2026-09-10T19:00:47Z,2027-06-25,288,52000.0,C,0.3735,0.379,0.3771,80175.4,77178.86,0.4702,0.89364,1e-05,130.60636,1.1,0.0
2026-09-10T19:00:47Z,2027-06-25,288,52000.0,P,0.025,0.0265,0.0257,80175.4,77178.86,0.4702,-0.10636,1e-05,130.60636,53.9,0.0
2026-09-10T19:00:47Z,2027-06-25,288,54000.0,C,0.352,0.358,0.3561,80173.56,77178.86,0.4623,0.87867,1e-05,143.45582,0.9,0.0
2026-09-10T19:00:47Z,2027-06-25,288,54000.0,P,0.029,0.0305,0.0297,80175.4,77178.86,0.4623,-0.12132,1e-05,143.44973,50.1,0.0
2026-09-10T19:00:47Z,2027-06-25,288,55000.0,C,0.3425,0.348,0.3457,80173.56,77178.86,0.45770000000000005,0.87092,1e-05,149.79483,2.9,0.0
2026-09-10T19:00:47Z,2027-06-25,288,55000.0,P,0.031,0.0325,0.0317,80173.56,77178.86,0.45770000000000005,-0.12908,1e-05,149.79483,35.9,0.0
2026-09-10T19:00:47Z,2027-06-25,288,56000.0,C,0.3315,0.3375,0.3357,80173.56,77178.86,0.455,0.86224,1e-05,156.65659,3.0,0.0
2026-09-10T19:00:47Z,2027-06-25,288,56000.0,P,0.0335,0.035,0.0342,80175.4,77178.86,0.455,-0.13775,1e-05,156.65048,84.7,0.0
2026-09-10T19:00:47Z,2027-06-25,288,58000.0,C,0.313,0.318,0.3158,80173.56,77178.86,0.4483,0.84439,1e-05,170.00832,13.8,0.0
2026-09-10T19:00:47Z,2027-06-25,288,58000.0,P,0.0385,0.04,0.0392,80173.56,77178.86,0.4483,-0.15561,1e-05,170.00832,91.9,0.0
2026-09-10T19:00:47Z,2027-06-25,288,60000.0,C,0.2935,0.299,0.2966,80173.56,77178.86,0.44229999999999997,0.82501,1e-05,183.42636,966.2,0.0
2026-09-10T19:00:47Z,2027-06-25,288,60000.0,P,0.044,0.0455,0.045,80175.4,77178.86,0.44229999999999997,-0.17498,1e-05,183.42055,198.5,4.0
2026-09-10T19:00:47Z,2027-06-25,288,62000.0,C,0.274,0.2805,0.2782,80173.56,77178.86,0.4378,0.80396,1e-05,196.82808,117.0,0.0
2026-09-10T19:00:47Z,2027-06-25,288,62000.0,P,0.0505,0.0525,0.0515,80175.4,77178.86,0.4378,-0.19602,1e-05,196.82264,115.3,0.0
2026-09-10T19:00:47Z,2027-06-25,288,64000.0,C,0.2555,0.263,0.2605,80154.47,77178.86,0.4334,0.78155,1e-05,209.79605,33.5,0.0
2026-09-10T19:00:47Z,2027-06-25,288,64000.0,P,0.058,0.0595,0.0587,80174.31,77178.86,0.4334,-0.21826,1e-05,209.74299,62.4,0.0
2026-09-10T19:00:47Z,2027-06-25,288,65000.0,C,0.249,0.2545,0.2519,80175.4,77178.86,0.4316,0.77013,1e-05,216.0098,1.8,0.1
2026-09-10T19:00:47Z,2027-06-25,288,65000.0,P,0.062,0.0635,0.0627,80175.4,77178.86,0.4316,-0.22987,1e-05,216.0098,24.8,0.0
2026-09-10T19:00:47Z,2027-06-25,288,66000.0,C,0.2405,0.246,0.2435,80174.31,77178.86,0.42950000000000005,0.75832,1e-05,222.05827,25.6,0.0
2026-09-10T19:00:47Z,2027-06-25,288,66000.0,P,0.066,0.0675,0.0667,80174.31,77178.86,0.42950000000000005,-0.24168,1e-05,222.05827,46.6,0.2
2026-09-10T19:00:47Z,2027-06-25,288,68000.0,C,0.2245,0.2295,0.2273,80174.31,77178.86,0.4263,0.73383,1e-05,233.60061,10.8,0.0
2026-09-10T19:00:47Z,2027-06-25,288,68000.0,P,0.0745,0.0765,0.0755,80174.31,77178.86,0.4263,-0.26617,1e-05,233.60061,13.6,0.0
2026-09-10T19:00:47Z,2027-06-25,288,70000.0,C,0.2095,0.213,0.2119,80175.4,77178.86,0.42340000000000005,0.70852,1e-05,244.16836,195.8,0.3
2026-09-10T19:00:47Z,2027-06-25,288,70000.0,P,0.084,0.086,0.085,80174.31,77178.86,0.42340000000000005,-0.29149,1e-05,244.16989,20.4,0.0
2026-09-10T19:00:47Z,2027-06-25,288,72000.0,C,0.1945,0.1985,0.1972,80175.4,77178.86,0.4207,0.68251,1e-05,253.63796,89.9,0.3
2026-09-10T19:00:47Z,2027-06-25,288,72000.0,P,0.0945,0.0965,0.0953,80174.31,77178.86,0.4207,-0.3175,1e-05,253.6389,48.6,1.0
2026-09-10T19:00:47Z,2027-06-25,288,74000.0,C,0.181,0.185,0.1835,80174.31,77178.86,0.4188,0.65596,1e-05,261.91041,20.1,0.3
2026-09-10T19:00:47Z,2027-06-25,288,74000.0,P,0.1055,0.1075,0.1065,80174.31,77178.86,0.4188,-0.34404,1e-05,261.91041,12.4,1.3
2026-09-10T19:00:47Z,2027-06-25,288,76000.0,C,0.168,0.1715,0.1704,80174.31,77178.86,0.41659999999999997,0.62911,1e-05,268.89032,22.6,2.0
2026-09-10T19:00:47Z,2027-06-25,288,76000.0,P,0.117,0.1195,0.1183,80175.4,77178.86,0.41659999999999997,-0.37088,1e-05,268.89072,74.6,0.1
2026-09-10T19:00:47Z,2027-06-25,288,78000.0,C,0.157,0.1595,0.1581,80174.31,77178.86,0.415,0.60211,1e-05,274.53884,54.2,0.1
2026-09-10T19:00:47Z,2027-06-25,288,78000.0,P,0.13,0.1325,0.131,80174.33,77178.86,0.415,-0.39789,1e-05,274.53886,104.6,0.0
2026-09-10T19:00:47Z,2027-06-25,288,80000.0,C,0.1455,0.148,0.1467,80174.31,77178.86,0.4139,0.57519,1e-05,278.83211,110.7,0.1
2026-09-10T19:00:47Z,2027-06-25,288,80000.0,P,0.1435,0.146,0.1445,80174.33,77178.86,0.4139,-0.42481,1e-05,278.83214,49.3,0.1
2026-09-10T19:00:47Z,2027-06-25,288,82000.0,C,0.135,0.137,0.1359,80175.0,77178.86,0.4128,0.54846,1e-05,281.79461,81.4,0.0
2026-09-10T19:00:47Z,2027-06-25,288,82000.0,P,0.1575,0.16,0.1587,80173.81,77178.86,0.4128,-0.45156,1e-05,281.79182,23.6,0.1
2026-09-10T19:00:47Z,2027-06-25,288,84000.0,C,0.125,0.127,0.1259,80175.0,77178.86,0.4121,0.52213,1e-05,283.45476,28.1,0.0
2026-09-10T19:00:47Z,2027-06-25,288,84000.0,P,0.173,0.1755,0.1736,80175.0,77178.86,0.4121,-0.47787,1e-05,283.45476,6.6,0.1
2026-09-10T19:00:47Z,2027-06-25,288,85000.0,C,0.12,0.122,0.1211,80175.0,77178.86,0.4118,0.50911,1e-05,283.81753,152.8,0.0
2026-09-10T19:00:47Z,2027-06-25,288,85000.0,P,0.179,0.183,0.1813,80175.0,77178.86,0.4118,-0.49089,1e-05,283.81753,10.7,0.0
2026-09-10T19:00:47Z,2027-06-25,288,86000.0,C,0.1155,0.1175,0.1166,80175.0,77178.86,0.4115,0.49626,1e-05,283.87905,27.4,0.2
2026-09-10T19:00:47Z,2027-06-25,288,86000.0,P,0.187,0.1915,0.1892,80173.81,77178.86,0.4115,-0.50376,1e-05,283.87472,1.4,0.0
2026-09-10T19:00:47Z,2027-06-25,288,88000.0,C,0.107,0.109,0.108,80175.0,77178.86,0.4114,0.4711,1e-05,283.14643,21.3,0.0
2026-09-10T19:00:47Z,2027-06-25,288,88000.0,P,0.2035,0.208,0.2056,80175.0,77178.86,0.4114,-0.5289,1e-05,283.14643,4.7,0.0
2026-09-10T19:00:47Z,2027-06-25,288,90000.0,C,0.099,0.101,0.1,80175.0,77178.86,0.4113,0.44663,1e-05,281.34762,766.0,9.1
2026-09-10T19:00:47Z,2027-06-25,288,90000.0,P,0.2205,0.2255,0.2225,80175.0,77178.86,0.4113,-0.55337,1e-05,281.34762,50.5,0.0
2026-09-10T19:00:47Z,2027-06-25,288,92000.0,C,0.092,0.0935,0.0927,80175.0,77178.86,0.4118,0.42325,1e-05,278.62106,15.7,1.0
2026-09-10T19:00:47Z,2027-06-25,288,92000.0,P,0.238,0.2435,0.2402,80175.0,77178.86,0.4118,-0.57675,1e-05,278.62106,0.2,0.0
2026-09-10T19:00:47Z,2027-06-25,288,94000.0,C,0.085,0.087,0.0859,80175.0,77178.86,0.41229999999999994,0.40061,1e-05,275.03545,26.1,7.3
2026-09-10T19:00:47Z,2027-06-25,288,94000.0,P,0.256,0.262,0.2584,80175.0,77178.86,0.41229999999999994,-0.59939,1e-05,275.03545,0.1,0.0
2026-09-10T19:00:47Z,2027-06-25,288,95000.0,C,0.082,0.0835,0.0827,80175.0,77178.86,0.4125,0.3896,1e-05,272.94989,56.9,0.2
2026-09-10T19:00:47Z,2027-06-25,288,95000.0,P,0.265,0.271,0.2676,80154.47,77178.86,0.4125,-0.61067,1e-05,272.82643,20.2,0.0
2026-09-10T19:00:47Z,2027-06-25,288,96000.0,C,0.079,0.0805,0.0797,80154.47,77178.86,0.4128,0.37863,1e-05,270.58021,32.2,0.0
2026-09-10T19:00:47Z,2027-06-25,288,96000.0,P,0.2745,0.2805,0.277,80154.47,77178.86,0.4128,-0.62137,1e-05,270.58021,0.0,0.0
2026-09-10T19:00:47Z,2027-06-25,288,98000.0,C,0.073,0.075,0.0739,80154.47,77178.86,0.41369999999999996,0.35798,1e-05,265.6394,83.6,20.7
2026-09-10T19:00:47Z,2027-06-25,288,98000.0,P,0.2935,0.3,0.2963,80154.47,77178.86,0.41369999999999996,-0.64202,1e-05,265.6394,0.1,0.0
2026-09-10T19:00:47Z,2027-06-25,288,100000.0,C,0.068,0.0695,0.0686,80154.47,77178.86,0.4146,0.33827,1e-05,260.16559,206.1,0.3
2026-09-10T19:00:47Z,2027-06-25,288,100000.0,P,0.313,0.3195,0.3159,80154.47,77178.86,0.4146,-0.66173,1e-05,260.16559,1.5,0.0
2026-09-10T19:00:47Z,2027-06-25,288,102000.0,C,0.063,0.0645,0.0637,80154.47,77178.86,0.4155,0.31947,1e-05,254.23736,32.8,1.5
2026-09-10T19:00:47Z,2027-06-25,288,102000.0,P,0.333,0.34,0.3359,80154.47,77178.86,0.4155,-0.68053,1e-05,254.23736,0.0,0.0
2026-09-10T19:00:47Z,2027-06-25,288,104000.0,C,0.0585,0.06,0.0593,80154.47,77178.86,0.4167,0.30178,1e-05,248.01962,26.5,0.0
2026-09-10T19:00:47Z,2027-06-25,288,104000.0,P,0.3535,0.3605,0.3564,80154.47,77178.86,0.4167,-0.69822,1e-05,248.01962,0.0,0.0
2026-09-10T19:00:47Z,2027-06-25,288,105000.0,C,0.0565,0.058,0.0572,80154.47,77178.86,0.41729999999999995,0.29332,1e-05,244.82023,157.0,0.0
2026-09-10T19:00:47Z,2027-06-25,288,105000.0,P,0.3635,0.371,0.3668,80154.47,77178.86,0.41729999999999995,-0.70668,1e-05,244.82023,0.1,0.0
2026-09-10T19:00:47Z,2027-06-25,288,106000.0,C,0.0545,0.056,0.0552,80154.82,77178.86,0.418,0.2851,1e-05,241.57326,15.1,5.9
2026-09-10T19:00:47Z,2027-06-25,288,106000.0,P,0.374,0.3815,0.3773,80154.47,77178.86,0.418,-0.7149,1e-05,241.57059,0.0,0.0
2026-09-10T19:00:47Z,2027-06-25,288,108000.0,C,0.0505,0.0525,0.0514,80154.47,77178.86,0.41960000000000003,0.26947,1e-05,235.001,12.7,0.0
2026-09-10T19:00:47Z,2027-06-25,288,108000.0,P,0.395,0.403,0.3985,80154.47,77178.86,0.41960000000000003,-0.73053,1e-05,235.001,0.2,0.0
2026-09-10T19:00:47Z,2027-06-25,288,110000.0,C,0.047,0.0485,0.0478,80151.01,77178.86,0.4208,0.25437,1e-05,228.14279,263.6,6.0
2026-09-10T19:00:47Z,2027-06-25,288,110000.0,P,0.4165,0.429,0.4199,80154.47,77178.86,0.4208,-0.74559,1e-05,228.17067,5.3,1.0
2026-09-10T19:00:47Z,2027-06-25,288,115000.0,C,0.04,0.0415,0.0406,80154.47,77178.86,0.4257,0.22167,1e-05,211.56285,47.2,9.0
2026-09-10T19:00:47Z,2027-06-25,288,115000.0,P,0.471,0.48,0.475,80154.47,77178.86,0.4257,-0.77833,1e-05,211.56285,0.0,0.0
2026-09-10T19:00:47Z,2027-06-25,288,120000.0,C,0.0335,0.035,0.0344,80154.47,77178.86,0.4296,0.19278,1e-05,194.78414,331.6,0.0
2026-09-10T19:00:47Z,2027-06-25,288,120000.0,P,0.5235,0.5365,0.5311,80154.82,77178.86,0.4296,-0.80722,1e-05,194.78641,0.9,0.0
2026-09-10T19:00:47Z,2027-06-25,288,125000.0,C,0.029,0.0305,0.0297,80154.82,77178.86,0.4355,0.16943,1e-05,179.64123,115.6,4.0
2026-09-10T19:00:47Z,2027-06-25,288,125000.0,P,0.584,0.5945,0.5887,80151.01,77178.86,0.4355,-0.8306,1e-05,179.61156,0.0,0.0
2026-09-10T19:00:47Z,2027-06-25,288,130000.0,C,0.025,0.0265,0.0257,80154.82,77178.86,0.4409,0.14912,1e-05,165.22826,771.2,0.0
2026-09-10T19:00:47Z,2027-06-25,288,130000.0,P,0.637,0.653,0.6471,80154.82,77178.86,0.4409,-0.85088,1e-05,165.22826,3.9,0.0
2026-09-10T19:00:47Z,2027-06-25,288,140000.0,C,0.019,0.0205,0.0198,80150.54,77178.86,0.45289999999999997,0.11773,1e-05,140.40186,387.7,0.0
2026-09-10T19:00:47Z,2027-06-25,288,140000.0,P,0.7605,0.779,0.766,80150.54,77178.86,0.45289999999999997,-0.88227,1e-05,140.40186,3.4,0.0
2026-09-10T19:00:47Z,2027-06-25,288,150000.0,C,0.015,0.016,0.0155,80150.54,77178.86,0.4643,0.09427,1e-05,119.55295,217.7,0.0
2026-09-10T19:00:47Z,2027-06-25,288,150000.0,P,0.8805,0.9015,0.8864,80151.01,77178.86,0.4643,-0.90573,1e-05,119.55589,1.1,0.0
2026-09-10T19:00:47Z,2027-06-25,288,160000.0,C,0.012,0.0135,0.0128,80150.54,77178.86,0.47759999999999997,0.07801,0.0,103.76167,553.1,0.3
2026-09-10T19:00:47Z,2027-06-25,288,160000.0,P,0.9975,1.0235,1.0084,80150.54,77178.86,0.47759999999999997,-0.92199,0.0,103.76167,0.2,0.0
2026-09-10T19:00:47Z,2027-06-25,288,170000.0,C,0.01,0.011,0.0105,80150.54,77178.86,0.489,0.06486,0.0,90.04737,160.7,1.2
2026-09-10T19:00:47Z,2027-06-25,288,170000.0,P,1.1235,1.1475,1.1309,80150.54,77178.86,0.489,-0.93514,0.0,90.04737,14.7,0.0
2026-09-10T19:00:47Z,2027-06-25,288,180000.0,C,0.0085,0.0095,0.0089,80154.82,77178.86,0.5007,0.05502,0.0,79.16452,47.1,0.0
2026-09-10T19:00:47Z,2027-06-25,288,180000.0,P,1.2455,1.263,1.254,80151.01,77178.86,0.5007,-0.94499,0.0,79.14723,0.0,0.0
2026-09-10T19:00:47Z,2027-06-25,288,190000.0,C,0.007,0.008,0.0075,80154.82,77178.86,0.5108,0.04678,0.0,69.56398,48.9,0.0
2026-09-10T19:00:47Z,2027-06-25,288,190000.0,P,1.3655,1.397,1.3773,80150.54,77178.86,0.5108,-0.95324,0.0,69.54653,0.6,0.0
2026-09-10T19:00:47Z,2027-06-25,288,200000.0,C,0.006,0.007,0.0065,80150.54,77178.86,0.5215,0.04057,0.0,62.00712,27.7,0.0
2026-09-10T19:00:47Z,2027-06-25,288,200000.0,P,1.491,1.5115,1.501,80154.82,77178.86,0.5215,-0.95942,0.0,62.02291,2.1,0.0
