snapshot_ts,expiry,days_to_expiry,strike,option_type,bid,ask,mark_price,forward_price,index_price,implied_vol,delta,gamma,vega,open_interest,volume_24h
2026-10-06T20:50:57Z,2026-10-07,1,75000.0,C,0.122,0.126,0.1241,85623.59,85617.7,0.6189,1.0,0.0,0.0,0.0,0.0
2026-10-06T20:50:57Z,2026-10-07,1,75000.0,P,0.0,0.0001,0.0,85623.59,85617.7,0.6189,0.0,0.0,0.0,1.5,0.0
2026-10-06T20:50:57Z,2026-10-07,1,76000.0,C,0.1105,0.114,0.1124,85623.59,85617.7,0.6188,1.0,0.0,1e-05,0.0,0.0
2026-10-06T20:50:57Z,2026-10-07,1,76000.0,P,0.0,0.0001,0.0,85623.59,85617.7,0.6188,0.0,0.0,1e-05,1.0,0.0
2026-10-06T20:50:57Z,2026-10-07,1,77000.0,C,0.0985,0.1025,0.1007,85623.59,85617.7,0.6183,1.0,0.0,0.00011,0.0,0.0
2026-10-06T20:50:57Z,2026-10-07,1,77000.0,P,0.0,0.0001,0.0,85623.59,85617.7,0.6183,0.0,0.0,0.00011,0.1,0.0
2026-10-06T20:50:57Z,2026-10-07,1,78000.0,C,0.087,0.091,0.089,85623.59,85617.7,0.6177,0.99999,0.0,0.00151,0.0,0.0
2026-10-06T20:50:57Z,2026-10-07,1,78000.0,P,0.0,0.0001,0.0,85623.61,85617.7,0.6177,-1e-05,0.0,0.00151,5.4,0.0
2026-10-06T20:50:57Z,2026-10-07,1,79000.0,C,0.075,0.079,0.0774,85623.59,85617.7,0.6177,0.99988,0.0,0.0148,0.0,0.0
2026-10-06T20:50:57Z,2026-10-07,1,79000.0,P,0.0,0.0001,0.0,85623.59,85617.7,0.6177,-0.00012,0.0,0.0148,68.7,0.0
2026-10-06T20:50:57Z,2026-10-07,1,80000.0,C,0.0635,0.0675,0.0657,85623.59,85617.7,0.6177,0.99901,0.0,0.10179,0.0,0.0
2026-10-06T20:50:57Z,2026-10-07,1,80000.0,P,0.0,0.0001,0.0,85623.59,85617.7,0.6177,-0.00099,0.0,0.10179,1.7,0.0
2026-10-06T20:50:57Z,2026-10-07,1,81000.0,C,0.052,0.056,0.054,85623.59,85617.7,0.5864,0.99614,1e-05,0.35083,0.0,0.0
2026-10-06T20:50:57Z,2026-10-07,1,81000.0,P,0.0,0.0001,0.0,85623.61,85617.7,0.5864,-0.00386,1e-05,0.35082,24.6,15.1
2026-10-06T20:50:57Z,2026-10-07,1,81500.0,C,0.046,0.05,0.0482,85623.61,85617.7,0.5295000000000001,0.99563,1e-05,0.39159,0.0,0.0
2026-10-06T20:50:57Z,2026-10-07,1,81500.0,P,0.0,0.0001,0.0,85623.83,85617.7,0.5295000000000001,-0.00437,1e-05,0.39145,42.9,42.6
2026-10-06T20:50:57Z,2026-10-07,1,82000.0,C,0.0405,0.0445,0.0423,85623.83,85617.7,0.4717,0.99504,1e-05,0.43886,0.0,0.0
2026-10-06T20:50:57Z,2026-10-07,1,82000.0,P,0.0,0.0001,0.0,85623.83,85617.7,0.4717,-0.00496,1e-05,0.43886,108.8,209.7
2026-10-06T20:50:57Z,2026-10-07,1,82500.0,C,0.0345,0.0385,0.0365,85623.83,85617.7,0.4188,0.9937,1e-05,0.54207,0.0,0.0
2026-10-06T20:50:57Z,2026-10-07,1,82500.0,P,0.0,0.0002,0.0,85623.83,85617.7,0.4188,-0.0063,1e-05,0.54207,13.0,5.7
2026-10-06T20:50:57Z,2026-10-07,1,83000.0,C,0.0285,0.033,0.0307,85623.83,85617.7,0.37729999999999997,0.98981,2e-05,0.82797,0.0,0.0
2026-10-06T20:50:57Z,2026-10-07,1,83000.0,P,0.0,0.0002,0.0,85623.59,85617.7,0.37729999999999997,-0.0102,2e-05,0.82837,24.2,1.3
2026-10-06T20:50:57Z,2026-10-07,1,83500.0,C,0.0225,0.027,0.025,85623.83,85617.7,0.3741,0.97051,6e-05,2.04893,0.0,0.0
2026-10-06T20:50:57Z,2026-10-07,1,83500.0,P,0.0001,0.0002,0.0002,85623.83,85617.7,0.3741,-0.02949,6e-05,2.04893,117.0,143.8
2026-10-06T20:50:57Z,2026-10-07,1,84000.0,C,0.017,0.021,0.0192,85623.59,85617.7,0.32799999999999996,0.94968,0.0001,3.16676,0.3,0.0
2026-10-06T20:50:57Z,2026-10-07,1,84000.0,P,0.0002,0.0003,0.0002,85623.83,85617.7,0.32799999999999996,-0.0503,0.0001,3.16553,385.8,419.6
2026-10-06T20:50:57Z,2026-10-07,1,84500.0,C,0.0115,0.0155,0.0136,85623.83,85617.7,0.2844,0.90442,0.0002,5.18621,4.4,0.0
2026-10-06T20:50:57Z,2026-10-07,1,84500.0,P,0.0004,0.0005,0.0005,85623.59,85617.7,0.2844,-0.09562,0.0002,5.18807,135.0,118.1
2026-10-06T20:50:57Z,2026-10-07,1,85000.0,C,0.007,0.0105,0.0083,85623.83,85617.7,0.2502,0.79496,0.00037,8.68035,17.6,0.1
2026-10-06T20:50:57Z,2026-10-07,1,85000.0,P,0.0009,0.0011,0.001,85623.83,85617.7,0.2502,-0.20504,0.00037,8.68035,174.1,205.2
2026-10-06T20:50:57Z,2026-10-07,1,85500.0,C,0.0039,0.0045,0.0041,85623.59,85617.7,0.2324,0.57077,0.00055,11.99454,9.1,8.4
2026-10-06T20:50:57Z,2026-10-07,1,85500.0,P,0.0024,0.0028,0.0026,85623.83,85617.7,0.2324,-0.4291,0.00055,11.99385,100.4,228.2
2026-10-06T20:50:57Z,2026-10-07,1,86000.0,C,0.0016,0.0018,0.0016,85623.83,85617.7,0.23800000000000002,0.30429,0.00048,10.68919,126.9,120.8
2026-10-06T20:50:57Z,2026-10-07,1,86000.0,P,0.0055,0.0065,0.006,85623.59,85617.7,0.23800000000000002,-0.69582,0.00048,10.68736,53.1,33.6
2026-10-06T20:50:57Z,2026-10-07,1,86500.0,C,0.0005,0.0007,0.0006,85623.83,85617.7,0.25129999999999997,0.12904,0.00027,6.42907,150.7,203.6
2026-10-06T20:50:57Z,2026-10-07,1,86500.0,P,0.009,0.0125,0.0108,85623.59,85617.7,0.25129999999999997,-0.87103,0.00027,6.42678,12.4,13.0
2026-10-06T20:50:57Z,2026-10-07,1,87000.0,C,0.0002,0.0004,0.0003,85623.59,85617.7,0.2889,0.06155,0.00014,3.71244,156.9,193.0
2026-10-06T20:50:57Z,2026-10-07,1,87000.0,P,0.014,0.0185,0.0163,85623.59,85617.7,0.2889,-0.93845,0.00014,3.71244,0.0,0.0
2026-10-06T20:50:57Z,2026-10-07,1,87500.0,C,0.0001,0.0002,0.0001,85623.83,85617.7,0.29710000000000003,0.02071,5e-05,1.52326,52.4,31.9
2026-10-06T20:50:57Z,2026-10-07,1,87500.0,P,0.02,0.023,0.022,85623.59,85617.7,0.29710000000000003,-0.97931,5e-05,1.52244,26.5,14.0
2026-10-06T20:50:57Z,2026-10-07,1,88000.0,C,0.0,0.0002,0.0001,85623.83,85617.7,0.3508,0.01459,3e-05,1.12928,157.1,120.6
2026-10-06T20:50:57Z,2026-10-07,1,88000.0,P,0.0255,0.03,0.0278,85623.59,85617.7,0.3508,-0.98542,3e-05,1.12872,0.0,0.0
2026-10-06T20:50:57Z,2026-10-07,1,88500.0,C,0.0,0.0001,0.0,85623.83,85617.7,0.3549,0.00462,1e-05,0.41151,61.6,51.1
2026-10-06T20:50:57Z,2026-10-07,1,88500.0,P,0.0315,0.0355,0.0336,85623.83,85617.7,0.3549,-0.99538,1e-05,0.41151,0.0,0.0
2026-10-06T20:50:57Z,2026-10-07,1,89000.0,C,0.0,0.0001,0.0,85623.59,85617.7,0.35509999999999997,0.00116,0.0,0.11752,62.6,54.2
2026-10-06T20:50:57Z,2026-10-07,1,89000.0,P,0.0375,0.042,0.0394,85623.83,85617.7,0.35509999999999997,-0.99884,0.0,0.1176,0.0,0.0
2026-10-06T20:50:57Z,2026-10-07,1,90000.0,C,0.0,0.0001,0.0,85623.83,85617.7,0.41119999999999995,0.00035,0.0,0.03886,146.7,88.3
2026-10-06T20:50:57Z,2026-10-07,1,90000.0,P,0.049,0.0535,0.0511,85623.83,85617.7,0.41119999999999995,-0.99965,0.0,0.03886,0.0,0.0
2026-10-06T20:50:57Z,2026-10-07,1,91000.0,C,0.0,0.0001,0.0,85623.83,85617.7,0.4764,0.00018,0.0,0.02048,20.9,16.4
2026-10-06T20:50:57Z,2026-10-07,1,91000.0,P,0.0605,0.065,0.0628,85623.83,85617.7,0.4764,-0.99982,0.0,0.02048,0.0,0.0
2026-10-06T20:50:57Z,2026-10-07,1,92000.0,C,0.0,0.0001,0.0,85623.86,85617.7,0.4816,2e-05,0.0,0.00202,18.2,0.0
2026-10-06T20:50:57Z,2026-10-07,1,92000.0,P,0.072,0.077,0.0745,85623.86,85617.7,0.4816,-0.99998,0.0,0.00202,0.0,0.0
2026-10-06T20:50:57Z,2026-10-07,1,93000.0,C,0.0,0.0001,0.0,85623.86,85617.7,0.4827,0.0,0.0,0.00013,3.6,0.0
2026-10-06T20:50:57Z,2026-10-07,1,93000.0,P,0.0835,0.0885,0.0861,85623.86,85617.7,0.4827,-1.0,0.0,0.00013,0.0,0.0
2026-10-06T20:50:57Z,2026-10-07,1,94000.0,C,0.0,0.0001,0.0,85623.86,85617.7,0.4857,0.0,0.0,1e-05,5.0,0.0
2026-10-06T20:50:57Z,2026-10-07,1,94000.0,P,0.0955,0.1005,0.0978,85623.83,85617.7,0.4857,-1.0,0.0,1e-05,0.0,0.0
2026-10-06T20:50:57Z,2026-10-08,2,75000.0,C,0.122,0.126,0.1243,85640.1,85617.7,0.7541,0.99745,0.0,0.42795,0.0,0.0
2026-10-06T20:50:57Z,2026-10-08,2,75000.0,P,0.0,0.0001,0.0,85640.1,85617.7,0.7541,-0.00255,0.0,0.42795,25.1,10.0
2026-10-06T20:50:57Z,2026-10-08,2,76000.0,C,0.1105,0.1145,0.1126,85640.1,85617.7,0.7202,0.99586,0.0,0.6624,0.0,0.0
2026-10-06T20:50:57Z,2026-10-08,2,76000.0,P,0.0,0.0001,0.0001,85640.1,85617.7,0.7202,-0.00414,0.0,0.6624,14.2,7.0
2026-10-06T20:50:57Z,2026-10-08,2,77000.0,C,0.099,0.1025,0.1009,85640.18,85617.7,0.6491,0.99543,0.0,0.72366,0.0,0.0
2026-10-06T20:50:57Z,2026-10-08,2,77000.0,P,0.0,0.0001,0.0001,85640.18,85617.7,0.6491,-0.00457,0.0,0.72366,2.0,3.5
2026-10-06T20:50:57Z,2026-10-08,2,78000.0,C,0.087,0.091,0.0893,85640.18,85617.7,0.5782,0.99491,0.0,0.79696,0.0,0.0
2026-10-06T20:50:57Z,2026-10-08,2,78000.0,P,0.0,0.0001,0.0001,85640.18,85617.7,0.5782,-0.00509,0.0,0.79696,3.7,2.6
2026-10-06T20:50:57Z,2026-10-08,2,79000.0,C,0.0755,0.0795,0.0776,85640.18,85617.7,0.5073,0.99426,1e-05,0.88671,0.0,0.0
2026-10-06T20:50:57Z,2026-10-08,2,79000.0,P,0.0,0.0001,0.0001,85640.1,85617.7,0.5073,-0.00574,1e-05,0.88677,9.9,5.8
2026-10-06T20:50:57Z,2026-10-08,2,80000.0,C,0.064,0.068,0.0659,85640.1,85617.7,0.444,0.99258,1e-05,1.1131,0.0,0.0
2026-10-06T20:50:57Z,2026-10-08,2,80000.0,P,0.0,0.0002,0.0001,85640.18,85617.7,0.444,-0.00742,1e-05,1.11301,11.4,12.4
2026-10-06T20:50:57Z,2026-10-08,2,81000.0,C,0.0525,0.056,0.0544,85640.1,85617.7,0.4239,0.9816,2e-05,2.44674,0.0,0.0
2026-10-06T20:50:57Z,2026-10-08,2,81000.0,P,0.0001,0.0003,0.0002,85640.18,85617.7,0.4239,-0.0184,2e-05,2.44656,57.0,3.0
2026-10-06T20:50:57Z,2026-10-08,2,82000.0,C,0.0405,0.0445,0.0428,85640.18,85617.7,0.3711,0.96852,4e-05,3.84147,0.0,0.0
2026-10-06T20:50:57Z,2026-10-08,2,82000.0,P,0.0002,0.0004,0.0003,85640.18,85617.7,0.3711,-0.03148,4e-05,3.84147,9.9,9.0
2026-10-06T20:50:57Z,2026-10-08,2,82500.0,C,0.035,0.039,0.0371,85640.18,85617.7,0.34700000000000003,0.95639,5e-05,5.01356,0.0,0.0
2026-10-06T20:50:57Z,2026-10-08,2,82500.0,P,0.0003,0.0005,0.0004,85640.18,85617.7,0.34700000000000003,-0.04361,5e-05,5.01356,23.0,13.2
2026-10-06T20:50:57Z,2026-10-08,2,83000.0,C,0.0295,0.033,0.0314,85640.18,85617.7,0.3292,0.93472,7e-05,6.90114,0.0,0.0
2026-10-06T20:50:57Z,2026-10-08,2,83000.0,P,0.0005,0.0007,0.0006,85640.18,85617.7,0.3292,-0.06528,7e-05,6.90114,58.3,2.8
2026-10-06T20:50:57Z,2026-10-08,2,83500.0,C,0.024,0.0275,0.0259,85640.18,85617.7,0.31170000000000003,0.90177,0.0001,9.39694,0.0,0.8
2026-10-06T20:50:57Z,2026-10-08,2,83500.0,P,0.0008,0.0011,0.0009,85640.18,85617.7,0.31170000000000003,-0.09823,0.0001,9.39694,2.9,1.4
2026-10-06T20:50:57Z,2026-10-08,2,84000.0,C,0.0185,0.0225,0.0206,85640.18,85617.7,0.29719999999999996,0.85007,0.00014,12.64463,0.0,0.0
2026-10-06T20:50:57Z,2026-10-08,2,84000.0,P,0.0013,0.0016,0.0015,85640.18,85617.7,0.29719999999999996,-0.14993,0.00014,12.64463,314.5,90.2
2026-10-06T20:50:57Z,2026-10-08,2,84500.0,C,0.014,0.0175,0.0158,85640.18,85617.7,0.2882,0.77135,0.00019,16.41816,1.2,0.5
2026-10-06T20:50:57Z,2026-10-08,2,84500.0,P,0.0023,0.0025,0.0024,85640.1,85617.7,0.2882,-0.22866,0.00019,16.41877,62.4,87.4
2026-10-06T20:50:57Z,2026-10-08,2,85000.0,C,0.011,0.0125,0.0115,85640.18,85617.7,0.2827,0.66566,0.00024,19.7483,5.1,0.3
2026-10-06T20:50:57Z,2026-10-08,2,85000.0,P,0.0038,0.0042,0.004,85640.18,85617.7,0.2827,-0.33434,0.00024,19.7483,63.4,100.8
2026-10-06T20:50:57Z,2026-10-08,2,85500.0,C,0.0075,0.0085,0.008,85640.18,85617.7,0.2823,0.54005,0.00026,21.5329,1.1,0.2
2026-10-06T20:50:57Z,2026-10-08,2,85500.0,P,0.006,0.0065,0.0063,85640.18,85617.7,0.2823,-0.45995,0.00026,21.5329,103.3,95.7
2026-10-06T20:50:57Z,2026-10-08,2,86000.0,C,0.005,0.006,0.0055,85640.18,85617.7,0.2908,0.41357,0.00025,21.13215,73.5,2.2
2026-10-06T20:50:57Z,2026-10-08,2,86000.0,P,0.009,0.01,0.0097,85640.1,85617.7,0.2908,-0.58645,0.00025,21.13189,0.4,0.1
2026-10-06T20:50:57Z,2026-10-08,2,86500.0,C,0.0032,0.0036,0.0034,85640.1,85617.7,0.2907,0.29689,0.00022,18.77268,61.7,60.5
2026-10-06T20:50:57Z,2026-10-08,2,86500.0,P,0.0125,0.0145,0.0135,85640.18,85617.7,0.2907,-0.70309,0.00022,18.77321,205.9,3.8
2026-10-06T20:50:57Z,2026-10-08,2,87000.0,C,0.0021,0.0025,0.0022,85640.18,85617.7,0.3028,0.20847,0.00017,15.56737,213.4,17.2
2026-10-06T20:50:57Z,2026-10-08,2,87000.0,P,0.0165,0.02,0.0181,85640.18,85617.7,0.3028,-0.79153,0.00017,15.56737,0.1,0.0
2026-10-06T20:50:57Z,2026-10-08,2,87500.0,C,0.0014,0.0016,0.0015,85640.18,85617.7,0.3164,0.14417,0.00013,12.31659,115.1,115.5
2026-10-06T20:50:57Z,2026-10-08,2,87500.0,P,0.0215,0.0255,0.0232,85640.18,85617.7,0.3164,-0.85583,0.00013,12.31659,0.0,0.0
2026-10-06T20:50:57Z,2026-10-08,2,88000.0,C,0.0009,0.0012,0.001,85640.18,85617.7,0.3326,0.10031,0.0001,9.54229,161.3,155.9
2026-10-06T20:50:57Z,2026-10-08,2,88000.0,P,0.0265,0.0305,0.0285,85640.18,85617.7,0.3326,-0.89969,0.0001,9.54229,0.0,0.0
2026-10-06T20:50:57Z,2026-10-08,2,88500.0,C,0.0006,0.0008,0.0007,85640.18,85617.7,0.349,0.07013,7e-05,7.29406,71.8,81.5
2026-10-06T20:50:57Z,2026-10-08,2,88500.0,P,0.032,0.036,0.0341,85640.18,85617.7,0.349,-0.92987,7e-05,7.29406,0.0,0.0
2026-10-06T20:50:57Z,2026-10-08,2,89000.0,C,0.0004,0.0006,0.0005,85640.18,85617.7,0.3669,0.05008,5e-05,5.60174,288.0,12.1
2026-10-06T20:50:57Z,2026-10-08,2,89000.0,P,0.0375,0.042,0.0397,85640.18,85617.7,0.3669,-0.94992,5e-05,5.60174,0.0,0.0
2026-10-06T20:50:57Z,2026-10-08,2,89500.0,C,0.0003,0.0004,0.0003,85640.18,85617.7,0.38280000000000003,0.03547,4e-05,4.23821,201.3,38.8
2026-10-06T20:50:57Z,2026-10-08,2,89500.0,P,0.0435,0.0475,0.0454,85640.18,85617.7,0.38280000000000003,-0.96453,4e-05,4.23821,0.0,0.0
2026-10-06T20:50:57Z,2026-10-08,2,90000.0,C,0.0002,0.0003,0.0002,85640.1,85617.7,0.3986,0.02535,3e-05,3.20728,19.1,8.5
2026-10-06T20:50:57Z,2026-10-08,2,90000.0,P,0.049,0.0535,0.0511,85640.18,85617.7,0.3986,-0.97465,3e-05,3.20751,0.1,0.0
2026-10-06T20:50:57Z,2026-10-08,2,91000.0,C,0.0,0.0002,0.0001,85640.1,85617.7,0.402,0.00887,1e-05,1.30199,40.3,40.7
2026-10-06T20:50:57Z,2026-10-08,2,91000.0,P,0.0605,0.065,0.0627,85640.1,85617.7,0.402,-0.99113,1e-05,1.30199,0.0,0.0
2026-10-06T20:50:57Z,2026-10-08,2,92000.0,C,0.0,0.0002,0.0,85640.1,85617.7,0.4122,0.00316,0.0,0.52072,65.7,4.2
2026-10-06T20:50:57Z,2026-10-08,2,92000.0,P,0.072,0.077,0.0743,85640.18,85617.7,0.4122,-0.99684,0.0,0.52077,0.0,0.0
2026-10-06T20:50:57Z,2026-10-08,2,93000.0,C,0.0,0.0001,0.0,85640.18,85617.7,0.4436,0.00175,0.0,0.30485,9.4,2.8
2026-10-06T20:50:57Z,2026-10-08,2,93000.0,P,0.0835,0.088,0.086,85640.18,85617.7,0.4436,-0.99825,0.0,0.30485,0.0,0.0
2026-10-06T20:50:57Z,2026-10-08,2,94000.0,C,0.0,0.0001,0.0,85640.18,85617.7,0.4927,0.00149,0.0,0.26389,4.4,1.8
2026-10-06T20:50:57Z,2026-10-08,2,94000.0,P,0.0955,0.1,0.0976,85640.18,85617.7,0.4927,-0.99851,0.0,0.26389,0.0,0.0
2026-10-06T20:50:57Z,2026-10-08,2,95000.0,C,0.0,0.0001,0.0,85640.18,85617.7,0.4927,0.00047,0.0,0.09113,3.4,1.3
2026-10-06T20:50:57Z,2026-10-08,2,95000.0,P,0.107,0.112,0.1093,85640.18,85617.7,0.4927,-0.99953,0.0,0.09113,0.0,0.0
2026-10-06T20:50:57Z,2026-10-08,2,96000.0,C,0.0,0.0001,0.0,85640.18,85617.7,0.4927,0.00013,0.0,0.02841,0.9,0.9
2026-10-06T20:50:57Z,2026-10-08,2,96000.0,P,0.1185,0.123,0.121,85640.23,85617.7,0.4927,-0.99987,0.0,0.02841,0.0,0.0
2026-10-06T20:50:57Z,2026-10-09,3,65000.0,C,0.2395,0.2425,0.2411,85645.92,85617.7,0.9476,0.99983,0.0,0.04602,0.7,0.0
2026-10-06T20:50:57Z,2026-10-09,3,65000.0,P,0.0,0.0001,0.0,85645.9,85617.7,0.9476,-0.00017,0.0,0.04602,261.5,0.0
2026-10-06T20:50:57Z,2026-10-09,3,68000.0,C,0.2045,0.2075,0.2061,85645.92,85617.7,0.9476,0.99866,0.0,0.31003,1.9,0.0
2026-10-06T20:50:57Z,2026-10-09,3,68000.0,P,0.0,0.0001,0.0,85645.92,85617.7,0.9476,-0.00134,0.0,0.31003,802.0,0.0
2026-10-06T20:50:57Z,2026-10-09,3,70000.0,C,0.181,0.1845,0.1828,85645.9,85617.7,0.9091,0.99691,0.0,0.6621,0.2,0.0
2026-10-06T20:50:57Z,2026-10-09,3,70000.0,P,0.0,0.0001,0.0001,85645.9,85617.7,0.9091,-0.00309,0.0,0.6621,138.6,6.0
2026-10-06T20:50:57Z,2026-10-09,3,72000.0,C,0.1575,0.161,0.1594,85645.9,85617.7,0.7933,0.99648,0.0,0.74363,0.0,0.0
2026-10-06T20:50:57Z,2026-10-09,3,72000.0,P,0.0,0.0001,0.0001,85645.92,85617.7,0.7933,-0.00352,0.0,0.74362,151.2,36.2
2026-10-06T20:50:57Z,2026-10-09,3,73000.0,C,0.1455,0.1495,0.1477,85645.9,85617.7,0.7361,0.99622,0.0,0.79186,0.2,0.0
2026-10-06T20:50:57Z,2026-10-09,3,73000.0,P,0.0,0.0001,0.0001,85645.9,85617.7,0.7361,-0.00378,0.0,0.79186,377.7,5.0
2026-10-06T20:50:57Z,2026-10-09,3,74000.0,C,0.134,0.138,0.136,85645.92,85617.7,0.6793,0.99593,0.0,0.84658,1.1,0.0
2026-10-06T20:50:57Z,2026-10-09,3,74000.0,P,0.0,0.0001,0.0001,85645.92,85617.7,0.6793,-0.00407,0.0,0.84658,572.4,8.2
2026-10-06T20:50:57Z,2026-10-09,3,75000.0,C,0.1225,0.126,0.1244,85645.92,85617.7,0.6228,0.99559,0.0,0.90925,0.4,0.0
2026-10-06T20:50:57Z,2026-10-09,3,75000.0,P,0.0,0.0001,0.0001,85645.9,85617.7,0.6228,-0.00441,0.0,0.90926,1531.7,142.9
2026-10-06T20:50:57Z,2026-10-09,3,76000.0,C,0.1115,0.114,0.1127,85645.9,85617.7,0.5668,0.99519,0.0,0.98378,50.2,0.0
2026-10-06T20:50:57Z,2026-10-09,3,76000.0,P,0.0,0.0002,0.0001,85645.9,85617.7,0.5668,-0.00481,0.0,0.98378,649.7,69.9
2026-10-06T20:50:57Z,2026-10-09,3,77000.0,C,0.1,0.1025,0.1011,85645.9,85617.7,0.5552,0.99074,1e-05,1.75316,57.9,0.0
2026-10-06T20:50:57Z,2026-10-09,3,77000.0,P,0.0001,0.0002,0.0001,85645.86,85617.7,0.5552,-0.00926,1e-05,1.75321,263.9,66.6
2026-10-06T20:50:57Z,2026-10-09,3,78000.0,C,0.0885,0.091,0.0895,85645.9,85617.7,0.5112,0.98769,1e-05,2.24752,28.2,0.0
2026-10-06T20:50:57Z,2026-10-09,3,78000.0,P,0.0001,0.0003,0.0002,85645.9,85617.7,0.5112,-0.01231,1e-05,2.24752,962.6,111.6
2026-10-06T20:50:57Z,2026-10-09,3,79000.0,C,0.0765,0.0795,0.0778,85645.9,85617.7,0.4705,0.9825,1e-05,3.04092,31.0,0.0
2026-10-06T20:50:57Z,2026-10-09,3,79000.0,P,0.0002,0.0003,0.0002,85645.9,85617.7,0.4705,-0.0175,1e-05,3.04092,511.2,3.3
2026-10-06T20:50:57Z,2026-10-09,3,80000.0,C,0.065,0.068,0.0663,85645.9,85617.7,0.4385,0.97198,2e-05,4.52478,424.8,0.0
2026-10-06T20:50:57Z,2026-10-09,3,80000.0,P,0.0003,0.0005,0.0004,85645.9,85617.7,0.4385,-0.02802,2e-05,4.52478,1020.5,3.1
2026-10-06T20:50:57Z,2026-10-09,3,81000.0,C,0.0535,0.0565,0.0548,85645.9,85617.7,0.3948,0.95867,3e-05,6.22841,100.3,0.0
2026-10-06T20:50:57Z,2026-10-09,3,81000.0,P,0.0005,0.0006,0.0006,85645.86,85617.7,0.3948,-0.04134,3e-05,6.22857,1117.4,118.1
2026-10-06T20:50:57Z,2026-10-09,3,82000.0,C,0.042,0.045,0.0435,85645.9,85617.7,0.35960000000000003,0.93148,5e-05,9.29511,292.0,0.0
2026-10-06T20:50:57Z,2026-10-09,3,82000.0,P,0.0008,0.001,0.0009,85645.9,85617.7,0.35960000000000003,-0.06852,5e-05,9.29511,823.2,29.4
2026-10-06T20:50:57Z,2026-10-09,3,83000.0,C,0.031,0.0345,0.0325,85645.9,85617.7,0.3297,0.87939,9e-05,14.12832,80.3,0.0
2026-10-06T20:50:57Z,2026-10-09,3,83000.0,P,0.0015,0.0017,0.0016,85645.9,85617.7,0.3297,-0.12061,9e-05,14.12832,558.4,26.9
2026-10-06T20:50:57Z,2026-10-09,3,84000.0,C,0.021,0.024,0.0225,85645.9,85617.7,0.3136,0.77815,0.00013,20.93818,424.2,3.9
2026-10-06T20:50:57Z,2026-10-09,3,84000.0,P,0.0032,0.0034,0.0033,85645.9,85617.7,0.3136,-0.22185,0.00013,20.93818,288.6,4.1
2026-10-06T20:50:57Z,2026-10-09,3,84500.0,C,0.017,0.019,0.0181,85645.86,85617.7,0.3081,0.70701,0.00016,24.20605,0.0,0.0
2026-10-06T20:50:57Z,2026-10-09,3,84500.0,P,0.0046,0.0049,0.0047,85646.05,85617.7,0.3081,-0.29296,0.00016,24.20498,19.8,2.4
2026-10-06T20:50:57Z,2026-10-09,3,85000.0,C,0.0135,0.015,0.0142,85645.9,85617.7,0.3061,0.62307,0.00018,26.72972,546.3,18.6
2026-10-06T20:50:57Z,2026-10-09,3,85000.0,P,0.0065,0.007,0.0067,85646.05,85617.7,0.3061,-0.37691,0.00018,26.72919,755.9,28.8
2026-10-06T20:50:57Z,2026-10-09,3,85500.0,C,0.0105,0.0115,0.0109,85646.05,85617.7,0.3068,0.53201,0.00018,27.98609,4.3,0.2
2026-10-06T20:50:57Z,2026-10-09,3,85500.0,P,0.0085,0.0095,0.0092,85645.9,85617.7,0.3068,-0.46802,0.00018,27.98619,6.0,5.8
2026-10-06T20:50:57Z,2026-10-09,3,86000.0,C,0.008,0.0085,0.0083,85645.9,85617.7,0.3127,0.44128,0.00018,27.7717,877.4,161.6
2026-10-06T20:50:57Z,2026-10-09,3,86000.0,P,0.012,0.013,0.0125,85646.05,85617.7,0.3127,-0.5587,0.00018,27.77203,388.0,82.9
2026-10-06T20:50:57Z,2026-10-09,3,86500.0,C,0.0055,0.0065,0.0059,85645.9,85617.7,0.30829999999999996,0.35232,0.00017,26.13008,23.7,20.1
2026-10-06T20:50:57Z,2026-10-09,3,86500.0,P,0.015,0.0165,0.0159,85646.05,85617.7,0.30829999999999996,-0.64765,0.00017,26.13081,0.0,0.0
2026-10-06T20:50:57Z,2026-10-09,3,87000.0,C,0.0042,0.0047,0.0044,85646.05,85617.7,0.31739999999999996,0.27816,0.00015,23.61466,635.9,61.7
2026-10-06T20:50:57Z,2026-10-09,3,87000.0,P,0.019,0.0215,0.0202,85646.05,85617.7,0.31739999999999996,-0.72184,0.00015,23.61466,148.5,1.3
2026-10-06T20:50:57Z,2026-10-09,3,87500.0,C,0.003,0.0035,0.0032,85645.9,85617.7,0.324,0.21444,0.00013,20.53238,33.1,2.1
2026-10-06T20:50:57Z,2026-10-09,3,87500.0,P,0.023,0.027,0.0249,85645.9,85617.7,0.324,-0.78556,0.00013,20.53238,0.0,0.0
2026-10-06T20:50:57Z,2026-10-09,3,88000.0,C,0.0023,0.0026,0.0024,85645.9,85617.7,0.33549999999999996,0.16609,0.00011,17.54435,537.1,93.2
2026-10-06T20:50:57Z,2026-10-09,3,88000.0,P,0.028,0.0315,0.0299,85645.9,85617.7,0.33549999999999996,-0.83391,0.00011,17.54435,9.2,1.0
2026-10-06T20:50:57Z,2026-10-09,3,89000.0,C,0.0012,0.0014,0.0013,85645.9,85617.7,0.35259999999999997,0.09487,7e-05,11.88326,1124.2,362.2
2026-10-06T20:50:57Z,2026-10-09,3,89000.0,P,0.0385,0.042,0.0404,85645.9,85617.7,0.35259999999999997,-0.90513,7e-05,11.88326,5.1,0.0
2026-10-06T20:50:57Z,2026-10-09,3,90000.0,C,0.0006,0.0008,0.0006,85646.05,85617.7,0.3669,0.05157,4e-05,7.43974,1834.4,533.7
2026-10-06T20:50:57Z,2026-10-09,3,90000.0,P,0.0495,0.054,0.0515,85646.05,85617.7,0.3669,-0.94843,4e-05,7.43974,2.3,0.0
2026-10-06T20:50:57Z,2026-10-09,3,92000.0,C,0.0001,0.0002,0.0001,85645.9,85617.7,0.38770000000000004,0.01286,1e-05,2.33411,980.4,32.7
2026-10-06T20:50:57Z,2026-10-09,3,92000.0,P,0.072,0.077,0.0743,85646.11,85617.7,0.38770000000000004,-0.98714,1e-05,2.33465,0.0,0.0
2026-10-06T20:50:57Z,2026-10-09,3,94000.0,C,0.0,0.0001,0.0,85646.05,85617.7,0.4205,0.00372,0.0,0.78216,532.8,65.8
2026-10-06T20:50:57Z,2026-10-09,3,94000.0,P,0.095,0.1,0.0976,85646.05,85617.7,0.4205,-0.99628,0.0,0.78216,0.0,0.0
2026-10-06T20:50:57Z,2026-10-09,3,95000.0,C,0.0,0.0001,0.0,85646.05,85617.7,0.4454,0.00245,0.0,0.53609,1132.0,11.2
2026-10-06T20:50:57Z,2026-10-09,3,95000.0,P,0.107,0.1115,0.1092,85646.05,85617.7,0.4454,-0.99755,0.0,0.53609,0.7,0.0
2026-10-06T20:50:57Z,2026-10-09,3,100000.0,C,0.0,0.0001,0.0,85646.05,85617.7,0.5355,0.00023,0.0,0.06163,328.0,0.0
2026-10-06T20:50:57Z,2026-10-09,3,100000.0,P,0.1655,0.169,0.1676,85646.05,85617.7,0.5355,-0.99977,0.0,0.06163,10.8,0.0
2026-10-06T20:50:57Z,2026-10-10,4,76000.0,C,0.111,0.1145,0.113,85663.16,85617.7,0.5351,0.98988,1e-05,2.24749,0.0,0.0
2026-10-06T20:50:57Z,2026-10-10,4,76000.0,P,0.0001,0.0003,0.0002,85663.16,85617.7,0.5351,-0.01012,1e-05,2.24749,0.4,0.4
2026-10-06T20:50:57Z,2026-10-10,4,77000.0,C,0.0995,0.103,0.1014,85663.16,85617.7,0.5041,0.98593,1e-05,2.99139,0.0,0.0
2026-10-06T20:50:57Z,2026-10-10,4,77000.0,P,0.0002,0.0003,0.0002,85663.16,85617.7,0.5041,-0.01407,1e-05,2.99139,17.0,17.0
2026-10-06T20:50:57Z,2026-10-10,4,78000.0,C,0.0875,0.0915,0.0897,85663.23,85617.7,0.45640000000000003,0.98341,1e-05,3.44544,0.0,0.0
2026-10-06T20:50:57Z,2026-10-10,4,78000.0,P,0.0002,0.0003,0.0003,85663.31,85617.7,0.45640000000000003,-0.01659,1e-05,3.44529,0.1,0.1
2026-10-06T20:50:57Z,2026-10-10,4,79000.0,C,0.076,0.08,0.0781,85663.23,85617.7,0.4147,0.97853,1e-05,4.29084,0.0,0.0
2026-10-06T20:50:57Z,2026-10-10,4,79000.0,P,0.0002,0.0004,0.0003,85663.31,85617.7,0.4147,-0.02147,1e-05,4.29064,4.5,4.5
2026-10-06T20:50:57Z,2026-10-10,4,80000.0,C,0.0645,0.0685,0.0666,85663.23,85617.7,0.38630000000000003,0.96685,2e-05,6.16765,0.0,0.0
2026-10-06T20:50:57Z,2026-10-10,4,80000.0,P,0.0004,0.0006,0.0005,85663.23,85617.7,0.38630000000000003,-0.03315,2e-05,6.16765,4.2,4.2
2026-10-06T20:50:57Z,2026-10-10,4,81000.0,C,0.053,0.057,0.0551,85663.31,85617.7,0.3505,0.95116,3e-05,8.44755,0.0,0.0
2026-10-06T20:50:57Z,2026-10-10,4,81000.0,P,0.0006,0.0008,0.0007,85663.31,85617.7,0.3505,-0.04884,3e-05,8.44755,0.1,0.1
2026-10-06T20:50:57Z,2026-10-10,4,82000.0,C,0.042,0.046,0.044,85663.23,85617.7,0.3293,0.91593,6e-05,12.88004,0.0,0.0
2026-10-06T20:50:57Z,2026-10-10,4,82000.0,P,0.0011,0.0013,0.0013,85663.23,85617.7,0.3293,-0.08407,6e-05,12.88004,4.3,4.3
2026-10-06T20:50:57Z,2026-10-10,4,82500.0,C,0.0365,0.0405,0.0386,85663.23,85617.7,0.31829999999999997,0.89045,7e-05,15.64724,0.0,0.0
2026-10-06T20:50:57Z,2026-10-10,4,82500.0,P,0.0015,0.0018,0.0017,85663.23,85617.7,0.31829999999999997,-0.10955,7e-05,15.64724,1.4,1.4
2026-10-06T20:50:57Z,2026-10-10,4,83000.0,C,0.0315,0.035,0.0334,85663.23,85617.7,0.3109,0.85491,9e-05,19.03017,0.0,0.0
2026-10-06T20:50:57Z,2026-10-10,4,83000.0,P,0.0021,0.0024,0.0023,85663.31,85617.7,0.3109,-0.14508,9e-05,19.02957,4.2,4.2
2026-10-06T20:50:57Z,2026-10-10,4,83500.0,C,0.0265,0.03,0.0284,85663.31,85617.7,0.3053,0.80918,0.00011,22.70775,0.0,0.0
2026-10-06T20:50:57Z,2026-10-10,4,83500.0,P,0.003,0.0034,0.0032,85663.23,85617.7,0.3053,-0.19083,0.00011,22.70835,66.4,66.4
2026-10-06T20:50:57Z,2026-10-10,4,84000.0,C,0.023,0.025,0.0238,85663.31,85617.7,0.3013,0.75257,0.00013,26.37593,0.0,0.0
2026-10-06T20:50:57Z,2026-10-10,4,84000.0,P,0.0042,0.0046,0.0044,85663.16,85617.7,0.3013,-0.24745,0.00013,26.37695,1.4,1.4
2026-10-06T20:50:57Z,2026-10-10,4,84500.0,C,0.019,0.0205,0.0196,85663.31,85617.7,0.3,0.68522,0.00014,29.63898,0.0,0.0
2026-10-06T20:50:57Z,2026-10-10,4,84500.0,P,0.0055,0.0065,0.006,85663.31,85617.7,0.3,-0.31478,0.00014,29.63898,0.8,0.8
2026-10-06T20:50:57Z,2026-10-10,4,85000.0,C,0.015,0.017,0.0158,85663.16,85617.7,0.2973,0.61133,0.00015,31.99029,0.0,0.0
2026-10-06T20:50:57Z,2026-10-10,4,85000.0,P,0.0075,0.0085,0.0081,85663.16,85617.7,0.2973,-0.38867,0.00015,31.99029,0.0,0.0
2026-10-06T20:50:57Z,2026-10-10,4,85500.0,C,0.012,0.013,0.0125,85663.16,85617.7,0.29760000000000003,0.53198,0.00016,33.18829,0.0,0.0
2026-10-06T20:50:57Z,2026-10-10,4,85500.0,P,0.01,0.011,0.0106,85663.31,85617.7,0.29760000000000003,-0.468,0.00016,33.18819,0.0,0.0
2026-10-06T20:50:57Z,2026-10-10,4,86000.0,C,0.0095,0.01,0.0098,85663.31,85617.7,0.3006,0.45252,0.00016,33.05934,0.3,0.3
2026-10-06T20:50:57Z,2026-10-10,4,86000.0,P,0.0135,0.014,0.0138,85663.31,85617.7,0.3006,-0.54748,0.00016,33.05934,0.0,0.0
2026-10-06T20:50:57Z,2026-10-10,4,86500.0,C,0.007,0.008,0.0075,85663.16,85617.7,0.3012,0.37576,0.00015,31.66743,0.1,0.1
2026-10-06T20:50:57Z,2026-10-10,4,86500.0,P,0.0165,0.018,0.0173,85663.16,85617.7,0.3012,-0.62424,0.00015,31.66743,0.0,0.0
2026-10-06T20:50:57Z,2026-10-10,4,87000.0,C,0.0055,0.006,0.0058,85663.16,85617.7,0.307,0.30756,0.00014,29.3423,0.1,0.1
2026-10-06T20:50:57Z,2026-10-10,4,87000.0,P,0.0205,0.0225,0.0214,85663.16,85617.7,0.307,-0.69244,0.00014,29.3423,0.0,0.0
2026-10-06T20:50:57Z,2026-10-10,4,87500.0,C,0.0042,0.0046,0.0044,85663.16,85617.7,0.3123,0.24763,0.00012,26.38728,0.6,0.6
2026-10-06T20:50:57Z,2026-10-10,4,87500.0,P,0.0245,0.028,0.0259,85663.31,85617.7,0.3123,-0.75235,0.00012,26.38836,0.0,0.0
2026-10-06T20:50:57Z,2026-10-10,4,88000.0,C,0.0033,0.0036,0.0034,85663.16,85617.7,0.3197,0.19811,0.0001,23.23214,1.8,2.0
2026-10-06T20:50:57Z,2026-10-10,4,88000.0,P,0.029,0.0325,0.0307,85663.16,85617.7,0.3197,-0.80189,0.0001,23.23214,0.0,0.0
2026-10-06T20:50:57Z,2026-10-10,4,88500.0,C,0.0024,0.0028,0.0026,85663.16,85617.7,0.3262,0.15646,9e-05,20.01025,1.3,1.3
2026-10-06T20:50:57Z,2026-10-10,4,88500.0,P,0.034,0.038,0.0357,85663.16,85617.7,0.3262,-0.84354,9e-05,20.01043,0.0,0.0
2026-10-06T20:50:57Z,2026-10-10,4,89000.0,C,0.0018,0.0021,0.002,85663.16,85617.7,0.33399999999999996,0.12345,7e-05,17.03144,0.0,0.0
2026-10-06T20:50:57Z,2026-10-10,4,89000.0,P,0.039,0.043,0.0409,85663.29,85617.7,0.33399999999999996,-0.87654,7e-05,17.03239,0.0,0.0
2026-10-06T20:50:57Z,2026-10-10,4,89500.0,C,0.0014,0.0017,0.0015,85663.29,85617.7,0.34340000000000004,0.09801,6e-05,14.4333,9.0,9.0
2026-10-06T20:50:57Z,2026-10-10,4,89500.0,P,0.0445,0.048,0.0463,85663.16,85617.7,0.34340000000000004,-0.902,6e-05,14.43243,0.0,0.0
2026-10-06T20:50:57Z,2026-10-10,4,90000.0,C,0.001,0.0014,0.0012,85663.29,85617.7,0.3525,0.07768,5e-05,12.13405,9.6,9.6
2026-10-06T20:50:57Z,2026-10-10,4,90000.0,P,0.0495,0.054,0.0518,85663.16,85617.7,0.3525,-0.92233,5e-05,12.13327,0.0,0.0
2026-10-06T20:50:57Z,2026-10-10,4,91000.0,C,0.0006,0.0009,0.0007,85663.29,85617.7,0.3711,0.04913,3e-05,8.48816,23.2,23.2
2026-10-06T20:50:57Z,2026-10-10,4,91000.0,P,0.061,0.065,0.063,85663.29,85617.7,0.3711,-0.95087,3e-05,8.48816,0.0,0.0
2026-10-06T20:50:57Z,2026-10-10,4,92000.0,C,0.0003,0.0006,0.0004,85663.16,85617.7,0.38780000000000003,0.03075,2e-05,5.79617,66.9,67.0
2026-10-06T20:50:57Z,2026-10-10,4,92000.0,P,0.072,0.077,0.0744,85663.16,85617.7,0.38780000000000003,-0.96925,2e-05,5.79617,0.0,0.0
2026-10-06T20:50:57Z,2026-10-10,4,93000.0,C,0.0002,0.0004,0.0003,85663.16,85617.7,0.40619999999999995,0.01986,1e-05,4.01649,10.0,10.0
2026-10-06T20:50:57Z,2026-10-10,4,93000.0,P,0.0835,0.0885,0.0859,85663.16,85617.7,0.40619999999999995,-0.98014,1e-05,4.01649,0.0,0.0
2026-10-06T20:50:57Z,2026-10-10,4,94000.0,C,0.0001,0.0003,0.0002,85663.29,85617.7,0.4224,0.01266,1e-05,2.73143,0.1,0.2
2026-10-06T20:50:57Z,2026-10-10,4,94000.0,P,0.095,0.0995,0.0975,85663.16,85617.7,0.4224,-0.98734,1e-05,2.7312,0.0,0.0
2026-10-06T20:50:57Z,2026-10-10,4,95000.0,C,0.0,0.0002,0.0001,85663.16,85617.7,0.4261,0.00673,1e-05,1.57186,0.1,0.1
2026-10-06T20:50:57Z,2026-10-10,4,95000.0,P,0.1065,0.1115,0.1091,85663.16,85617.7,0.4261,-0.99327,1e-05,1.57186,0.0,0.0
2026-10-06T20:50:57Z,2026-10-10,4,96000.0,C,0.0,0.0002,0.0,85663.29,85617.7,0.4261,0.00323,0.0,0.81661,30.1,31.0
2026-10-06T20:50:57Z,2026-10-10,4,96000.0,P,0.118,0.123,0.1207,85663.29,85617.7,0.4261,-0.99677,0.0,0.81661,0.0,0.0
2026-10-06T20:50:57Z,2026-10-16,10,70000.0,C,0.182,0.1855,0.1839,85749.9,85617.7,0.5366,0.99161,0.0,3.15495,0.0,0.0
2026-10-06T20:50:57Z,2026-10-16,10,70000.0,P,0.0002,0.0003,0.0002,85749.98,85617.7,0.5366,-0.00839,0.0,3.15487,143.1,11.7
2026-10-06T20:50:57Z,2026-10-16,10,75000.0,C,0.124,0.128,0.126,85749.9,85617.7,0.4304,0.97544,1e-05,7.95124,0.0,0.0
2026-10-06T20:50:57Z,2026-10-16,10,75000.0,P,0.0006,0.0007,0.0007,85749.98,85617.7,0.4304,-0.02456,1e-05,7.95104,143.8,6.4
2026-10-06T20:50:57Z,2026-10-16,10,76000.0,C,0.1125,0.1165,0.1146,85749.9,85617.7,0.41859999999999997,0.96594,1e-05,10.43386,0.0,0.0
2026-10-06T20:50:57Z,2026-10-16,10,76000.0,P,0.0009,0.001,0.0009,85749.9,85617.7,0.41859999999999997,-0.03406,1e-05,10.43386,553.2,3.4
2026-10-06T20:50:57Z,2026-10-16,10,78000.0,C,0.09,0.0935,0.092,85749.9,85617.7,0.3837,0.94108,2e-05,16.21677,0.1,0.0
2026-10-06T20:50:57Z,2026-10-16,10,78000.0,P,0.0015,0.0017,0.0016,85749.9,85617.7,0.3837,-0.05892,2e-05,16.21677,651.2,3.7
2026-10-06T20:50:57Z,2026-10-16,10,79000.0,C,0.079,0.0825,0.0808,85749.9,85617.7,0.3625,0.92419,3e-05,19.70751,8.6,0.0
2026-10-06T20:50:57Z,2026-10-16,10,79000.0,P,0.0019,0.0022,0.002,85749.98,85617.7,0.3625,-0.07581,3e-05,19.70708,468.8,161.0
2026-10-06T20:50:57Z,2026-10-16,10,80000.0,C,0.068,0.0715,0.0699,85749.9,85617.7,0.349,0.89672,4e-05,24.80978,10.6,0.0
2026-10-06T20:50:57Z,2026-10-16,10,80000.0,P,0.0027,0.003,0.0028,85749.9,85617.7,0.349,-0.10328,4e-05,24.80978,1342.9,70.1
2026-10-06T20:50:57Z,2026-10-16,10,81000.0,C,0.0575,0.061,0.0594,85749.9,85617.7,0.3373,0.85909,5e-05,30.86965,8.6,0.0
2026-10-06T20:50:57Z,2026-10-16,10,81000.0,P,0.004,0.0042,0.004,85749.9,85617.7,0.3373,-0.14091,5e-05,30.86965,144.8,20.9
2026-10-06T20:50:57Z,2026-10-16,10,82000.0,C,0.0475,0.051,0.0494,85749.98,85617.7,0.3264,0.80974,6e-05,37.50201,17.8,0.0
2026-10-06T20:50:57Z,2026-10-16,10,82000.0,P,0.0055,0.006,0.0056,85749.98,85617.7,0.3264,-0.19026,6e-05,37.50201,216.3,8.7
2026-10-06T20:50:57Z,2026-10-16,10,83000.0,C,0.0395,0.0415,0.0402,85749.98,85617.7,0.3201,0.74476,7e-05,44.36133,39.2,0.0
2026-10-06T20:50:57Z,2026-10-16,10,83000.0,P,0.008,0.0085,0.0081,85749.9,85617.7,0.3201,-0.25524,7e-05,44.36182,504.8,31.4
2026-10-06T20:50:57Z,2026-10-16,10,84000.0,C,0.0315,0.033,0.032,85749.9,85617.7,0.3166,0.66635,8e-05,50.2255,36.4,0.3
2026-10-06T20:50:57Z,2026-10-16,10,84000.0,P,0.011,0.012,0.0116,85749.9,85617.7,0.3166,-0.33365,8e-05,50.2255,108.2,5.0
2026-10-06T20:50:57Z,2026-10-16,10,85000.0,C,0.0245,0.0255,0.0249,85749.98,85617.7,0.31679999999999997,0.57837,9e-05,54.02065,89.8,2.1
2026-10-06T20:50:57Z,2026-10-16,10,85000.0,P,0.0155,0.0165,0.0162,85749.98,85617.7,0.31679999999999997,-0.42163,9e-05,54.02064,48.4,29.0
2026-10-06T20:50:57Z,2026-10-16,10,86000.0,C,0.0185,0.0195,0.019,85749.9,85617.7,0.317,0.48743,9e-05,55.0595,266.9,15.4
2026-10-06T20:50:57Z,2026-10-16,10,86000.0,P,0.0215,0.0225,0.0219,85749.9,85617.7,0.317,-0.51257,9e-05,55.0595,73.2,52.9
2026-10-06T20:50:57Z,2026-10-16,10,87000.0,C,0.014,0.0145,0.0143,85749.9,85617.7,0.3211,0.39973,9e-05,53.33762,512.3,97.7
2026-10-06T20:50:57Z,2026-10-16,10,87000.0,P,0.028,0.0295,0.0289,85749.9,85617.7,0.3211,-0.60027,9e-05,53.33762,70.0,0.0
2026-10-06T20:50:57Z,2026-10-16,10,88000.0,C,0.01,0.011,0.0105,85749.98,85617.7,0.32289999999999996,0.31844,8e-05,49.27856,220.6,3.7
2026-10-06T20:50:57Z,2026-10-16,10,88000.0,P,0.036,0.0375,0.0367,85749.98,85617.7,0.32289999999999996,-0.68156,8e-05,49.27856,5.3,3.0
2026-10-06T20:50:57Z,2026-10-16,10,89000.0,C,0.0075,0.008,0.0078,85749.9,85617.7,0.3322,0.25185,7e-05,44.05063,495.6,6.9
2026-10-06T20:50:57Z,2026-10-16,10,89000.0,P,0.044,0.0475,0.0457,85749.9,85617.7,0.3322,-0.74815,7e-05,44.05063,7.7,0.0
2026-10-06T20:50:57Z,2026-10-16,10,90000.0,C,0.0055,0.006,0.0057,85749.98,85617.7,0.3379,0.19441,6e-05,38.00097,971.2,378.4
2026-10-06T20:50:57Z,2026-10-16,10,90000.0,P,0.0535,0.0575,0.0553,85749.98,85617.7,0.3379,-0.80559,6e-05,38.00097,3.1,0.0
2026-10-06T20:50:57Z,2026-10-16,10,92000.0,C,0.0029,0.0033,0.0031,85749.98,85617.7,0.35350000000000004,0.11365,4e-05,26.57762,626.4,18.2
2026-10-06T20:50:57Z,2026-10-16,10,92000.0,P,0.074,0.078,0.076,85749.9,85617.7,0.35350000000000004,-0.88635,4e-05,26.57707,0.1,0.0
2026-10-06T20:50:57Z,2026-10-16,10,94000.0,C,0.0016,0.0019,0.0017,85749.9,85617.7,0.3734,0.06713,3e-05,17.9517,117.0,1.8
2026-10-06T20:50:57Z,2026-10-16,10,94000.0,P,0.096,0.1,0.0979,85749.9,85617.7,0.3734,-0.93287,3e-05,17.9517,0.0,0.0
2026-10-06T20:50:57Z,2026-10-16,10,95000.0,C,0.0012,0.0014,0.0013,85749.9,85617.7,0.3835,0.05175,2e-05,14.63582,286.9,0.5
2026-10-06T20:50:57Z,2026-10-16,10,95000.0,P,0.107,0.1115,0.1092,85749.98,85617.7,0.3835,-0.94825,2e-05,14.6362,0.0,0.0
2026-10-06T20:50:57Z,2026-10-16,10,100000.0,C,0.0003,0.0005,0.0004,85749.9,85617.7,0.4371,0.01581,1e-05,5.47135,349.9,2.4
2026-10-06T20:50:57Z,2026-10-16,10,100000.0,P,0.164,0.1695,0.1666,85749.98,85617.7,0.4371,-0.98419,1e-05,5.47151,1.1,0.1
2026-10-06T20:50:57Z,2026-10-23,17,70000.0,C,0.1835,0.187,0.1853,85832.26,85617.7,0.4817,0.97953,1e-05,9.00222,0.0,0.0
2026-10-06T20:50:57Z,2026-10-23,17,70000.0,P,0.0007,0.0009,0.0008,85832.26,85617.7,0.4817,-0.02047,1e-05,9.00222,43.0,0.2
2026-10-06T20:50:57Z,2026-10-23,17,73000.0,C,0.149,0.1525,0.1509,85832.26,85617.7,0.4338,0.96435,1e-05,14.29995,0.0,0.0
2026-10-06T20:50:57Z,2026-10-23,17,73000.0,P,0.0012,0.0015,0.0013,85832.26,85617.7,0.4338,-0.03565,1e-05,14.29995,2.9,0.2
2026-10-06T20:50:57Z,2026-10-23,17,75000.0,C,0.1265,0.13,0.1282,85832.26,85617.7,0.4048,0.94654,1e-05,19.82733,0.0,0.0
2026-10-06T20:50:57Z,2026-10-23,17,75000.0,P,0.0019,0.0021,0.002,85832.42,85617.7,0.4048,-0.05345,1e-05,19.82667,12.5,8.2
2026-10-06T20:50:57Z,2026-10-23,17,76000.0,C,0.115,0.119,0.117,85832.26,85617.7,0.3885,0.9352,2e-05,23.05986,0.0,0.0
2026-10-06T20:50:57Z,2026-10-23,17,76000.0,P,0.0022,0.0026,0.0024,85832.42,85617.7,0.3885,-0.0648,2e-05,23.05912,16.6,12.1
2026-10-06T20:50:57Z,2026-10-23,17,78000.0,C,0.0935,0.097,0.0951,85832.26,85617.7,0.3638,0.89919,3e-05,32.1818,0.8,0.0
2026-10-06T20:50:57Z,2026-10-23,17,78000.0,P,0.0036,0.004,0.0038,85832.26,85617.7,0.3638,-0.10081,3e-05,32.1818,526.8,9.1
2026-10-06T20:50:57Z,2026-10-23,17,79000.0,C,0.0825,0.086,0.0845,85832.26,85617.7,0.3539,0.87307,3e-05,37.92908,0.0,0.0
2026-10-06T20:50:57Z,2026-10-23,17,79000.0,P,0.0046,0.0055,0.0049,85832.26,85617.7,0.3539,-0.12693,3e-05,37.92908,95.7,50.0
2026-10-06T20:50:57Z,2026-10-23,17,80000.0,C,0.0725,0.076,0.0742,85832.42,85617.7,0.3435,0.84159,4e-05,44.06519,0.0,0.0
2026-10-06T20:50:57Z,2026-10-23,17,80000.0,P,0.006,0.0065,0.0063,85832.42,85617.7,0.3435,-0.15841,4e-05,44.06519,743.1,4.5
2026-10-06T20:50:57Z,2026-10-23,17,81000.0,C,0.063,0.066,0.0643,85832.26,85617.7,0.33390000000000003,0.80305,5e-05,50.5659,0.0,0.0
2026-10-06T20:50:57Z,2026-10-23,17,81000.0,P,0.0075,0.0085,0.008,85832.26,85617.7,0.33390000000000003,-0.19695,5e-05,50.5659,32.3,0.0
2026-10-06T20:50:57Z,2026-10-23,17,82000.0,C,0.0535,0.057,0.0552,85832.42,85617.7,0.3289,0.75454,5e-05,57.36512,0.0,0.0
2026-10-06T20:50:57Z,2026-10-23,17,82000.0,P,0.01,0.011,0.0105,85832.26,85617.7,0.3289,-0.24546,5e-05,57.36607,33.8,4.0
2026-10-06T20:50:57Z,2026-10-23,17,83000.0,C,0.046,0.048,0.0469,85832.42,85617.7,0.3275,0.69751,6e-05,63.61984,1.8,0.0
2026-10-06T20:50:57Z,2026-10-23,17,83000.0,P,0.0135,0.014,0.0139,85832.42,85617.7,0.3275,-0.30249,6e-05,63.61984,218.2,1.8
2026-10-06T20:50:57Z,2026-10-23,17,84000.0,C,0.0385,0.04,0.0391,85832.51,85617.7,0.32280000000000003,0.63647,6e-05,68.42852,20.4,0.0
2026-10-06T20:50:57Z,2026-10-23,17,84000.0,P,0.0175,0.018,0.0177,85832.42,85617.7,0.32280000000000003,-0.36354,6e-05,68.42875,21.2,6.2
2026-10-06T20:50:57Z,2026-10-23,17,85000.0,C,0.032,0.033,0.0324,85832.26,85617.7,0.32380000000000003,0.56987,7e-05,71.60761,5.9,0.1
2026-10-06T20:50:57Z,2026-10-23,17,85000.0,P,0.022,0.023,0.0227,85832.51,85617.7,0.3239,-0.43011,7e-05,71.60732,22.3,0.9
2026-10-06T20:50:57Z,2026-10-23,17,86000.0,C,0.026,0.027,0.0264,85832.51,85617.7,0.3224,0.5023,7e-05,72.72498,29.9,17.7
2026-10-06T20:50:57Z,2026-10-23,17,86000.0,P,0.0275,0.0285,0.0283,85832.42,85617.7,0.3224,-0.49771,7e-05,72.72491,65.9,13.3
2026-10-06T20:50:57Z,2026-10-23,17,87000.0,C,0.021,0.022,0.0214,85832.42,85617.7,0.3247,0.43588,7e-05,71.78464,56.9,0.3
2026-10-06T20:50:57Z,2026-10-23,17,87000.0,P,0.034,0.0355,0.035,85832.51,85617.7,0.3247,-0.56411,7e-05,71.78495,2.3,0.0
2026-10-06T20:50:57Z,2026-10-23,17,88000.0,C,0.0165,0.0175,0.0169,85832.51,85617.7,0.3237,0.37129,6e-05,68.90779,36.4,0.0
2026-10-06T20:50:57Z,2026-10-23,17,88000.0,P,0.041,0.043,0.0422,85832.26,85617.7,0.3237,-0.62872,6e-05,68.90647,0.0,0.0
2026-10-06T20:50:57Z,2026-10-23,17,89000.0,C,0.013,0.014,0.0135,85832.51,85617.7,0.32630000000000003,0.31267,6e-05,64.55303,267.7,3.8
2026-10-06T20:50:57Z,2026-10-23,17,89000.0,P,0.049,0.0515,0.0504,85832.51,85617.7,0.32630000000000003,-0.68733,6e-05,64.55314,0.0,0.0
2026-10-06T20:50:57Z,2026-10-23,17,90000.0,C,0.0105,0.011,0.0107,85832.51,85617.7,0.3307,0.26109,5e-05,59.25834,78.8,2.6
2026-10-06T20:50:57Z,2026-10-23,17,90000.0,P,0.0575,0.061,0.0593,85832.51,85617.7,0.3307,-0.73891,5e-05,59.25834,0.3,0.0
2026-10-06T20:50:57Z,2026-10-23,17,92000.0,C,0.0065,0.007,0.0067,85832.51,85617.7,0.3404,0.1778,4e-05,47.46622,420.5,1.3
2026-10-06T20:50:57Z,2026-10-23,17,92000.0,P,0.0765,0.0805,0.0786,85832.51,85617.7,0.3404,-0.8222,4e-05,47.46622,0.0,0.0
2026-10-06T20:50:57Z,2026-10-23,17,94000.0,C,0.0041,0.0046,0.0043,85832.51,85617.7,0.35359999999999997,0.12041,3e-05,36.55423,119.3,20.8
2026-10-06T20:50:57Z,2026-10-23,17,94000.0,P,0.0975,0.1015,0.0995,85832.51,85617.7,0.35359999999999997,-0.87959,3e-05,36.55423,0.2,0.0
2026-10-06T20:50:57Z,2026-10-23,17,95000.0,C,0.0032,0.0036,0.0035,85832.51,85617.7,0.3605,0.09901,3e-05,31.7615,16.7,10.1
2026-10-06T20:50:57Z,2026-10-23,17,95000.0,P,0.108,0.1125,0.1103,85832.86,85617.7,0.3605,-0.90098,3e-05,31.76381,0.1,0.1
2026-10-06T20:50:57Z,2026-10-23,17,96000.0,C,0.0026,0.0031,0.0028,85832.51,85617.7,0.36829999999999996,0.08192,2e-05,27.59158,1.0,0.1
2026-10-06T20:50:57Z,2026-10-23,17,96000.0,P,0.119,0.1235,0.1213,85832.51,85617.7,0.36829999999999996,-0.91808,2e-05,27.59158,0.2,0.0
2026-10-06T20:50:57Z,2026-10-23,17,100000.0,C,0.0012,0.0015,0.0013,85832.51,85617.7,0.40130000000000005,0.04008,1e-05,15.73517,204.8,0.3
2026-10-06T20:50:57Z,2026-10-23,17,100000.0,P,0.164,0.169,0.1664,85832.51,85617.7,0.40130000000000005,-0.95992,1e-05,15.73517,0.0,0.0
2026-10-06T20:50:57Z,2026-10-23,17,105000.0,C,0.0005,0.0008,0.0006,85832.86,85617.7,0.4458,0.01871,1e-05,8.33936,35.5,0.2
2026-10-06T20:50:57Z,2026-10-23,17,105000.0,P,0.221,0.2265,0.2239,85832.51,85617.7,0.4458,-0.98129,1e-05,8.33858,0.0,0.0
2026-10-06T20:50:57Z,2026-10-30,24,40000.0,C,0.534,0.5355,0.5347,85959.07,85617.7,0.9414,0.99956,0.0,0.34626,0.3,0.0
2026-10-06T20:50:57Z,2026-10-30,24,40000.0,P,0.0,0.0001,0.0,85959.07,85617.7,0.9414,-0.00044,0.0,0.34626,226.8,0.0
2026-10-06T20:50:57Z,2026-10-30,24,45000.0,C,0.4755,0.4775,0.4766,85959.1,85617.7,0.8668,0.99887,0.0,0.8181,0.9,0.0
2026-10-06T20:50:57Z,2026-10-30,24,45000.0,P,0.0,0.0001,0.0001,85959.07,85617.7,0.8668,-0.00113,0.0,0.8181,353.3,0.0
2026-10-06T20:50:57Z,2026-10-30,24,48000.0,C,0.4405,0.4425,0.4417,85959.07,85617.7,0.8039000000000001,0.99846,0.0,1.08666,8.5,0.0
2026-10-06T20:50:57Z,2026-10-30,24,48000.0,P,0.0,0.0001,0.0001,85959.07,85617.7,0.8039000000000001,-0.00154,0.0,1.08666,196.2,0.7
2026-10-06T20:50:57Z,2026-10-30,24,50000.0,C,0.417,0.4195,0.4184,85959.07,85617.7,0.7518,0.99835,0.0,1.16177,1.1,0.0
2026-10-06T20:50:57Z,2026-10-30,24,50000.0,P,0.0,0.0001,0.0001,85959.07,85617.7,0.7518,-0.00165,0.0,1.16177,428.9,0.1
2026-10-06T20:50:57Z,2026-10-30,24,52000.0,C,0.394,0.3965,0.3952,85959.1,85617.7,0.7276,0.99757,0.0,1.6464,0.1,0.0
2026-10-06T20:50:57Z,2026-10-30,24,52000.0,P,0.0001,0.0002,0.0001,85959.07,85617.7,0.7276,-0.00243,0.0,1.64641,135.1,0.2
2026-10-06T20:50:57Z,2026-10-30,24,54000.0,C,0.3705,0.373,0.3719,85959.07,85617.7,0.6795,0.99732,0.0,1.80146,0.1,0.0
2026-10-06T20:50:57Z,2026-10-30,24,54000.0,P,0.0001,0.0002,0.0001,85959.07,85617.7,0.6795,-0.00268,0.0,1.80146,191.6,0.0
2026-10-06T20:50:57Z,2026-10-30,24,55000.0,C,0.359,0.3615,0.3603,85959.07,85617.7,0.6675,0.99677,0.0,2.13269,0.1,0.0
2026-10-06T20:50:57Z,2026-10-30,24,55000.0,P,0.0001,0.0003,0.0002,85959.07,85617.7,0.6675,-0.00323,0.0,2.13269,300.5,1.1
2026-10-06T20:50:57Z,2026-10-30,24,56000.0,C,0.3475,0.35,0.3487,85959.1,85617.7,0.6472,0.99646,0.0,2.31189,0.5,0.0
2026-10-06T20:50:57Z,2026-10-30,24,56000.0,P,0.0001,0.0003,0.0002,85960.38,85617.7,0.6472,-0.00354,0.0,2.31136,469.9,0.0
2026-10-06T20:50:57Z,2026-10-30,24,57000.0,C,0.3355,0.3385,0.3371,85960.38,85617.7,0.6424,0.99539,0.0,2.93021,0.1,0.0
2026-10-06T20:50:57Z,2026-10-30,24,57000.0,P,0.0002,0.0003,0.0002,85960.38,85617.7,0.6424,-0.00461,0.0,2.93021,208.3,1.0
2026-10-06T20:50:57Z,2026-10-30,24,58000.0,C,0.324,0.327,0.3255,85960.38,85617.7,0.6285000000000001,0.99459,0.0,3.37916,0.0,0.0
2026-10-06T20:50:57Z,2026-10-30,24,58000.0,P,0.0002,0.0004,0.0003,85960.38,85617.7,0.6285000000000001,-0.00541,0.0,3.37916,331.3,3.2
2026-10-06T20:50:57Z,2026-10-30,24,59000.0,C,0.3125,0.315,0.314,85960.38,85617.7,0.6174000000000001,0.99348,0.0,3.99061,1.0,0.0
2026-10-06T20:50:57Z,2026-10-30,24,59000.0,P,0.0002,0.0005,0.0003,85960.38,85617.7,0.6174000000000001,-0.00652,0.0,3.99061,282.4,112.1
2026-10-06T20:50:57Z,2026-10-30,24,60000.0,C,0.301,0.3035,0.3024,85960.38,85617.7,0.6041,0.99233,0.0,4.60521,13.7,0.0
2026-10-06T20:50:57Z,2026-10-30,24,60000.0,P,0.0004,0.0005,0.0004,85960.38,85617.7,0.6041,-0.00767,0.0,4.60521,1288.3,0.0
2026-10-06T20:50:57Z,2026-10-30,24,61000.0,C,0.2895,0.292,0.2909,85960.38,85617.7,0.5938,0.99071,0.0,5.44915,17.7,0.0
2026-10-06T20:50:57Z,2026-10-30,24,61000.0,P,0.0004,0.0006,0.0005,85960.38,85617.7,0.5938,-0.00929,0.0,5.44915,279.9,1.3
2026-10-06T20:50:57Z,2026-10-30,24,62000.0,C,0.2775,0.2805,0.2793,85960.38,85617.7,0.5829,0.98883,0.0,6.39438,13.5,0.0
2026-10-06T20:50:57Z,2026-10-30,24,62000.0,P,0.0005,0.0007,0.0006,85960.38,85617.7,0.5829,-0.01117,0.0,6.39438,1256.6,3.1
2026-10-06T20:50:57Z,2026-10-30,24,63000.0,C,0.266,0.269,0.2677,85959.1,85617.7,0.5636,0.98765,0.0,6.97897,148.3,2.5
2026-10-06T20:50:57Z,2026-10-30,24,63000.0,P,0.0006,0.0007,0.0006,85960.49,85617.7,0.5636,-0.01235,0.0,6.97742,641.5,1.0
2026-10-06T20:50:57Z,2026-10-30,24,64000.0,C,0.2545,0.2575,0.2562,85959.1,85617.7,0.5504,0.9855,0.0,8.01733,420.9,1.0
2026-10-06T20:50:57Z,2026-10-30,24,64000.0,P,0.0007,0.0008,0.0007,85960.38,85617.7,0.5504,-0.0145,0.0,8.01559,605.5,2.4
2026-10-06T20:50:57Z,2026-10-30,24,65000.0,C,0.243,0.246,0.2447,85960.38,85617.7,0.535,0.98335,0.0,9.02889,411.9,5.0
2026-10-06T20:50:57Z,2026-10-30,24,65000.0,P,0.0008,0.0009,0.0008,85960.49,85617.7,0.535,-0.01665,0.0,9.02872,1877.6,106.4
2026-10-06T20:50:57Z,2026-10-30,24,66000.0,C,0.2315,0.2345,0.2332,85960.38,85617.7,0.526,0.97971,0.0,10.68075,79.8,0.0
2026-10-06T20:50:57Z,2026-10-30,24,66000.0,P,0.0009,0.0012,0.001,85963.28,85617.7,0.526,-0.02027,0.0,10.67559,538.7,2.2
2026-10-06T20:50:57Z,2026-10-30,24,67000.0,C,0.22,0.223,0.2218,85963.28,85617.7,0.5114,0.97654,0.0,12.0757,108.4,0.0
2026-10-06T20:50:57Z,2026-10-30,24,67000.0,P,0.0011,0.0013,0.0012,85963.28,85617.7,0.5114,-0.02346,0.0,12.0757,688.5,0.0
2026-10-06T20:50:57Z,2026-10-30,24,68000.0,C,0.2085,0.212,0.2103,85963.28,85617.7,0.49579999999999996,0.97304,1e-05,13.57081,449.7,0.0
2026-10-06T20:50:57Z,2026-10-30,24,68000.0,P,0.0013,0.0015,0.0014,85963.28,85617.7,0.49579999999999996,-0.02696,1e-05,13.57081,1377.9,0.0
2026-10-06T20:50:57Z,2026-10-30,24,69000.0,C,0.197,0.2005,0.1989,85963.28,85617.7,0.486,0.96751,1e-05,15.84278,585.5,0.1
2026-10-06T20:50:57Z,2026-10-30,24,69000.0,P,0.0016,0.0017,0.0016,85963.28,85617.7,0.486,-0.03249,1e-05,15.84278,1607.9,0.3
2026-10-06T20:50:57Z,2026-10-30,24,70000.0,C,0.1855,0.189,0.1876,85963.28,85617.7,0.4719,0.96219,1e-05,17.94145,3746.9,684.0
2026-10-06T20:50:57Z,2026-10-30,24,70000.0,P,0.0018,0.0019,0.0019,85960.49,85617.7,0.4719,-0.03783,1e-05,17.94951,2079.9,2.3
2026-10-06T20:50:57Z,2026-10-30,24,71000.0,C,0.1745,0.1775,0.1761,85963.28,85617.7,0.4539,0.9572,1e-05,19.83989,939.4,0.0
2026-10-06T20:50:57Z,2026-10-30,24,71000.0,P,0.002,0.0021,0.0021,85963.28,85617.7,0.4539,-0.0428,1e-05,19.83989,1385.2,10.3
2026-10-06T20:50:57Z,2026-10-30,24,72000.0,C,0.163,0.1665,0.1648,85963.28,85617.7,0.44049999999999995,0.94981,1e-05,22.54835,645.1,0.0
2026-10-06T20:50:57Z,2026-10-30,24,72000.0,P,0.0024,0.0025,0.0024,85963.28,85617.7,0.44049999999999995,-0.05019,1e-05,22.54835,1043.6,72.2
2026-10-06T20:50:57Z,2026-10-30,24,73000.0,C,0.152,0.155,0.1536,85963.28,85617.7,0.425,0.94189,1e-05,25.32048,573.5,0.0
2026-10-06T20:50:57Z,2026-10-30,24,73000.0,P,0.0026,0.0029,0.0028,85963.28,85617.7,0.425,-0.05811,1e-05,25.32048,1543.0,0.2
2026-10-06T20:50:57Z,2026-10-30,24,74000.0,C,0.1405,0.144,0.1424,85963.25,85617.7,0.4122,0.93137,1e-05,28.82265,615.7,0.0
2026-10-06T20:50:57Z,2026-10-30,24,74000.0,P,0.0031,0.0035,0.0033,85963.25,85617.7,0.4122,-0.06863,1e-05,28.82265,1316.8,1.0
2026-10-06T20:50:57Z,2026-10-30,24,75000.0,C,0.1295,0.133,0.1314,85963.25,85617.7,0.3995,0.91887,2e-05,32.74708,1166.1,0.0
2026-10-06T20:50:57Z,2026-10-30,24,75000.0,P,0.0037,0.0041,0.0039,85963.25,85617.7,0.3995,-0.08113,2e-05,32.74708,1836.9,5.2
2026-10-06T20:50:57Z,2026-10-30,24,76000.0,C,0.1185,0.122,0.1205,85963.25,85617.7,0.38799999999999996,0.90345,2e-05,37.28037,495.5,0.0
2026-10-06T20:50:57Z,2026-10-30,24,76000.0,P,0.0045,0.0048,0.0047,85963.28,85617.7,0.38799999999999996,-0.09655,2e-05,37.28021,916.7,28.3
2026-10-06T20:50:57Z,2026-10-30,24,77000.0,C,0.108,0.111,0.1097,85963.25,85617.7,0.3753,0.88587,2e-05,42.07907,205.7,5.0
2026-10-06T20:50:57Z,2026-10-30,24,77000.0,P,0.005,0.006,0.0055,85963.25,85617.7,0.3753,-0.11413,2e-05,42.07907,636.7,0.6
2026-10-06T20:50:57Z,2026-10-30,24,78000.0,C,0.0975,0.101,0.0994,85963.25,85617.7,0.3666,0.86262,3e-05,47.89105,487.0,5.0
2026-10-06T20:50:57Z,2026-10-30,24,78000.0,P,0.0065,0.007,0.0068,85963.25,85617.7,0.3666,-0.13738,3e-05,47.89105,1233.1,50.4
2026-10-06T20:50:57Z,2026-10-30,24,79000.0,C,0.0875,0.0905,0.0892,85963.28,85617.7,0.358,0.83546,3e-05,54.00592,263.9,5.4
2026-10-06T20:50:57Z,2026-10-30,24,79000.0,P,0.008,0.0085,0.0083,85963.25,85617.7,0.358,-0.16454,3e-05,54.0061,667.1,452.2
2026-10-06T20:50:57Z,2026-10-30,24,80000.0,C,0.078,0.081,0.0796,85963.25,85617.7,0.3522,0.80227,4e-05,60.60161,1380.2,10.4
2026-10-06T20:50:57Z,2026-10-30,24,80000.0,P,0.01,0.0105,0.0103,85963.25,85617.7,0.3522,-0.19773,4e-05,60.60161,2372.1,32.2
2026-10-06T20:50:57Z,2026-10-30,24,81000.0,C,0.07,0.0715,0.0703,85963.25,85617.7,0.3454,0.7651,4e-05,66.96278,685.0,5.0
2026-10-06T20:50:57Z,2026-10-30,24,81000.0,P,0.012,0.013,0.0126,85963.25,85617.7,0.3454,-0.2349,4e-05,66.96278,901.5,11.3
2026-10-06T20:50:57Z,2026-10-30,24,82000.0,C,0.061,0.063,0.0616,85963.25,85617.7,0.3408,0.72223,5e-05,73.08498,1332.5,0.1
2026-10-06T20:50:57Z,2026-10-30,24,82000.0,P,0.015,0.016,0.0155,85963.25,85617.7,0.3408,-0.27777,5e-05,73.08498,628.0,178.7
2026-10-06T20:50:57Z,2026-10-30,24,83000.0,C,0.053,0.0545,0.0536,85963.25,85617.7,0.3381,0.67437,5e-05,78.5081,702.8,5.0
2026-10-06T20:50:57Z,2026-10-30,24,83000.0,P,0.019,0.0195,0.0192,85963.25,85617.7,0.3381,-0.32563,5e-05,78.5081,688.5,7.7
2026-10-06T20:50:57Z,2026-10-30,24,84000.0,C,0.0455,0.0475,0.0464,85963.18,85617.7,0.3372,0.62284,5e-05,82.79744,1237.1,50.2
2026-10-06T20:50:57Z,2026-10-30,24,84000.0,P,0.023,0.024,0.0235,85963.28,85617.7,0.3372,-0.37716,5e-05,82.79719,785.8,4.8
2026-10-06T20:50:57Z,2026-10-30,24,85000.0,C,0.039,0.04,0.0396,85963.18,85617.7,0.3353,0.56948,5e-05,85.63042,1976.6,108.2
2026-10-06T20:50:57Z,2026-10-30,24,85000.0,P,0.028,0.029,0.0284,85963.18,85617.7,0.3353,-0.43052,5e-05,85.63042,875.7,131.7
2026-10-06T20:50:57Z,2026-10-30,24,86000.0,C,0.033,0.034,0.0335,85963.18,85617.7,0.33340000000000003,0.51484,5e-05,86.89246,1342.9,37.3
2026-10-06T20:50:57Z,2026-10-30,24,86000.0,P,0.0335,0.0345,0.0339,85963.18,85617.7,0.33340000000000003,-0.48516,5e-05,86.89246,447.4,350.9
2026-10-06T20:50:57Z,2026-10-30,24,87000.0,C,0.028,0.029,0.0284,85963.18,85617.7,0.33520000000000005,0.46075,5e-05,86.53138,655.4,371.2
2026-10-06T20:50:57Z,2026-10-30,24,87000.0,P,0.04,0.041,0.0405,85963.28,85617.7,0.33520000000000005,-0.53925,5e-05,86.5316,457.2,6.0
2026-10-06T20:50:57Z,2026-10-30,24,88000.0,C,0.023,0.024,0.0235,85963.18,85617.7,0.3332,0.40714,5e-05,84.58608,1510.4,77.5
2026-10-06T20:50:57Z,2026-10-30,24,88000.0,P,0.0465,0.048,0.0472,85963.18,85617.7,0.3332,-0.59286,5e-05,84.58608,2431.8,17.8
2026-10-06T20:50:57Z,2026-10-30,24,89000.0,C,0.019,0.02,0.0196,85963.18,85617.7,0.3345,0.35683,5e-05,81.29134,1218.4,100.0
2026-10-06T20:50:57Z,2026-10-30,24,89000.0,P,0.054,0.0555,0.0549,85963.18,85617.7,0.3345,-0.64317,5e-05,81.29134,22.8,0.0
2026-10-06T20:50:57Z,2026-10-30,24,90000.0,C,0.016,0.0165,0.0162,85963.18,85617.7,0.33630000000000004,0.31011,5e-05,76.90578,14725.5,74.4
2026-10-06T20:50:57Z,2026-10-30,24,90000.0,P,0.062,0.064,0.0632,85963.18,85617.7,0.33630000000000004,-0.68989,5e-05,76.90578,45.3,0.5
2026-10-06T20:50:57Z,2026-10-30,24,91000.0,C,0.013,0.014,0.0135,85963.18,85617.7,0.3394,0.26804,4e-05,71.8038,2067.2,81.3
2026-10-06T20:50:57Z,2026-10-30,24,91000.0,P,0.0705,0.074,0.0721,85963.18,85617.7,0.3394,-0.73196,4e-05,71.8038,3.5,0.0
2026-10-06T20:50:57Z,2026-10-30,24,92000.0,C,0.0105,0.0115,0.0111,85963.18,85617.7,0.342,0.22983,4e-05,66.15538,2557.1,106.3
2026-10-06T20:50:57Z,2026-10-30,24,92000.0,P,0.0795,0.0835,0.0813,85963.18,85617.7,0.342,-0.77017,4e-05,66.15538,2.6,0.0
2026-10-06T20:50:57Z,2026-10-30,24,93000.0,C,0.009,0.0095,0.0093,85963.18,85617.7,0.34659999999999996,0.19726,4e-05,60.51407,714.1,8.9
2026-10-06T20:50:57Z,2026-10-30,24,93000.0,P,0.0895,0.0935,0.0911,85963.18,85617.7,0.34659999999999996,-0.80274,4e-05,60.51407,2.2,0.0
2026-10-06T20:50:57Z,2026-10-30,24,94000.0,C,0.0075,0.008,0.0077,85963.18,85617.7,0.3518,0.16919,3e-05,54.98533,1488.2,12.3
2026-10-06T20:50:57Z,2026-10-30,24,94000.0,P,0.0995,0.1035,0.1012,85963.18,85617.7,0.3518,-0.83082,3e-05,54.98521,0.1,0.0
2026-10-06T20:50:57Z,2026-10-30,24,95000.0,C,0.006,0.007,0.0065,85963.18,85617.7,0.35719999999999996,0.14496,3e-05,49.66869,24369.0,32.3
2026-10-06T20:50:57Z,2026-10-30,24,95000.0,P,0.1095,0.114,0.1116,85963.18,85617.7,0.35719999999999996,-0.85504,3e-05,49.66869,201.3,0.0
2026-10-06T20:50:57Z,2026-10-30,24,96000.0,C,0.005,0.006,0.0055,85963.18,85617.7,0.3635,0.12466,3e-05,44.78313,1611.7,0.0
2026-10-06T20:50:57Z,2026-10-30,24,96000.0,P,0.12,0.1245,0.1222,85963.18,85617.7,0.3635,-0.87534,3e-05,44.78318,0.4,0.0
2026-10-06T20:50:57Z,2026-10-30,24,98000.0,C,0.0037,0.0041,0.0039,85963.18,85617.7,0.3747,0.09147,2e-05,35.82309,1245.2,314.7
2026-10-06T20:50:57Z,2026-10-30,24,98000.0,P,0.1415,0.1465,0.1439,85963.18,85617.7,0.3747,-0.90853,2e-05,35.82303,27.0,0.0
2026-10-06T20:50:57Z,2026-10-30,24,100000.0,C,0.0027,0.0031,0.0029,85963.18,85617.7,0.38909999999999995,0.06895,2e-05,28.92657,13655.6,150.1
2026-10-06T20:50:57Z,2026-10-30,24,100000.0,P,0.164,0.169,0.1662,85963.18,85617.7,0.38909999999999995,-0.93105,2e-05,28.92657,1.3,0.0
2026-10-06T20:50:57Z,2026-10-30,24,102000.0,C,0.002,0.0022,0.0021,85963.18,85617.7,0.4021,0.05188,1e-05,23.14929,335.4,2.4
2026-10-06T20:50:57Z,2026-10-30,24,102000.0,P,0.1865,0.1915,0.1887,85963.28,85617.7,0.4021,-0.94812,1e-05,23.14975,0.0,0.0
2026-10-06T20:50:57Z,2026-10-30,24,104000.0,C,0.0015,0.0017,0.0016,85963.18,85617.7,0.4165,0.03998,1e-05,18.77368,280.5,3.4
2026-10-06T20:50:57Z,2026-10-30,24,104000.0,P,0.209,0.214,0.2115,85963.18,85617.7,0.4165,-0.96002,1e-05,18.77368,0.0,0.0
2026-10-06T20:50:57Z,2026-10-30,24,105000.0,C,0.0013,0.0015,0.0014,85963.18,85617.7,0.42340000000000005,0.03518,1e-05,16.91381,1248.5,2.4
2026-10-06T20:50:57Z,2026-10-30,24,105000.0,P,0.2205,0.2255,0.2229,85962.89,85617.7,0.42340000000000005,-0.96482,1e-05,16.91286,0.3,0.0
2026-10-06T20:50:57Z,2026-10-30,24,106000.0,C,0.0012,0.0014,0.0013,85963.18,85617.7,0.43200000000000005,0.03156,1e-05,15.46756,152.0,7.9
2026-10-06T20:50:57Z,2026-10-30,24,106000.0,P,0.232,0.237,0.2344,85963.18,85617.7,0.43200000000000005,-0.96844,1e-05,15.46756,0.0,0.0
2026-10-06T20:50:57Z,2026-10-30,24,110000.0,C,0.0008,0.001,0.0009,85962.89,85617.7,0.46590000000000004,0.02126,1e-05,11.11561,1262.4,3.5
2026-10-06T20:50:57Z,2026-10-30,24,110000.0,P,0.278,0.2835,0.2805,85962.89,85617.7,0.46590000000000004,-0.97874,1e-05,11.11561,0.2,0.0
2026-10-06T20:50:57Z,2026-10-30,24,115000.0,C,0.0005,0.0007,0.0006,85962.89,85617.7,0.5058,0.01372,0.0,7.64513,282.9,58.6
2026-10-06T20:50:57Z,2026-10-30,24,115000.0,P,0.3355,0.3415,0.3384,85962.89,85617.7,0.5058,-0.98628,0.0,7.64513,34.6,0.0
2026-10-06T20:50:57Z,2026-11-27,52,58000.0,C,0.328,0.3315,0.3298,86294.52,85617.7,0.5573,0.97743,0.0,17.37897,1.9,0.0
2026-10-06T20:50:57Z,2026-11-27,52,58000.0,P,0.0017,0.0021,0.0019,86294.52,85617.7,0.5573,-0.02257,0.0,17.37897,274.6,1.4
2026-10-06T20:50:57Z,2026-11-27,52,60000.0,C,0.305,0.3085,0.3069,86294.4,85617.7,0.5314,0.97263,0.0,20.42931,0.8,0.0
2026-10-06T20:50:57Z,2026-11-27,52,60000.0,P,0.002,0.0025,0.0022,86294.52,85617.7,0.5314,-0.02737,0.0,20.42907,242.8,1.1
2026-10-06T20:50:57Z,2026-11-27,52,62000.0,C,0.2825,0.286,0.2843,86294.4,85617.7,0.5091,0.96602,0.0,24.43647,0.1,0.0
2026-10-06T20:50:57Z,2026-11-27,52,62000.0,P,0.0025,0.003,0.0027,86294.4,85617.7,0.5091,-0.03398,0.0,24.43647,374.6,0.0
2026-10-06T20:50:57Z,2026-11-27,52,64000.0,C,0.26,0.2635,0.2617,86294.52,85617.7,0.4864,0.958,1e-05,29.05173,0.2,0.0
2026-10-06T20:50:57Z,2026-11-27,52,64000.0,P,0.0031,0.0036,0.0033,86294.4,85617.7,0.4864,-0.042,1e-05,29.05207,53.6,0.2
2026-10-06T20:50:57Z,2026-11-27,52,66000.0,C,0.2375,0.241,0.2393,86294.4,85617.7,0.4647,0.94779,1e-05,34.58867,0.1,0.0
2026-10-06T20:50:57Z,2026-11-27,52,66000.0,P,0.0039,0.0043,0.0041,86294.4,85617.7,0.4647,-0.05221,1e-05,34.58867,197.1,10.1
2026-10-06T20:50:57Z,2026-11-27,52,67000.0,C,0.2265,0.23,0.2281,86294.52,85617.7,0.45409999999999995,0.94173,1e-05,37.72179,0.6,0.0
2026-10-06T20:50:57Z,2026-11-27,52,67000.0,P,0.0043,0.0048,0.0046,86294.4,85617.7,0.45409999999999995,-0.05827,1e-05,37.72222,183.4,0.9
2026-10-06T20:50:57Z,2026-11-27,52,68000.0,C,0.2155,0.219,0.2172,86294.52,85617.7,0.44659999999999994,0.93379,1e-05,41.67623,0.0,0.0
2026-10-06T20:50:57Z,2026-11-27,52,68000.0,P,0.0049,0.0055,0.0052,86294.4,85617.7,0.44659999999999994,-0.06621,1e-05,41.67669,182.2,0.0
2026-10-06T20:50:57Z,2026-11-27,52,69000.0,C,0.2045,0.208,0.2062,86294.52,85617.7,0.4357,0.92631,1e-05,45.25579,0.0,0.0
2026-10-06T20:50:57Z,2026-11-27,52,69000.0,P,0.0055,0.006,0.0058,86294.52,85617.7,0.4357,-0.07369,1e-05,45.25579,123.3,0.3
2026-10-06T20:50:57Z,2026-11-27,52,70000.0,C,0.1935,0.197,0.1953,86294.85,85617.7,0.42719999999999997,0.91696,1e-05,49.54546,3.3,0.0
2026-10-06T20:50:57Z,2026-11-27,52,70000.0,P,0.006,0.007,0.0065,86294.52,85617.7,0.42719999999999997,-0.08304,1e-05,49.5469,226.0,50.5
2026-10-06T20:50:57Z,2026-11-27,52,71000.0,C,0.183,0.1865,0.1847,86294.52,85617.7,0.4213,0.90531,1e-05,54.63815,0.2,0.0
2026-10-06T20:50:57Z,2026-11-27,52,71000.0,P,0.007,0.008,0.0075,86294.52,85617.7,0.4213,-0.09469,1e-05,54.63815,28.7,0.5
2026-10-06T20:50:57Z,2026-11-27,52,72000.0,C,0.1725,0.1755,0.1741,86294.85,85617.7,0.41350000000000003,0.89328,1e-05,59.61885,25.5,0.0
2026-10-06T20:50:57Z,2026-11-27,52,72000.0,P,0.008,0.009,0.0085,86294.85,85617.7,0.41350000000000003,-0.10672,1e-05,59.61885,84.9,0.1
2026-10-06T20:50:57Z,2026-11-27,52,73000.0,C,0.162,0.1655,0.1636,86294.52,85617.7,0.40399999999999997,0.88074,2e-05,64.53858,0.6,0.0
2026-10-06T20:50:57Z,2026-11-27,52,73000.0,P,0.009,0.01,0.0095,86294.85,85617.7,0.40399999999999997,-0.11926,2e-05,64.53691,64.4,0.0
2026-10-06T20:50:57Z,2026-11-27,52,74000.0,C,0.1515,0.155,0.1535,86294.85,85617.7,0.3993,0.86436,2e-05,70.58376,0.4,0.0
2026-10-06T20:50:57Z,2026-11-27,52,74000.0,P,0.0105,0.0115,0.011,86294.85,85617.7,0.3993,-0.13564,2e-05,70.58376,108.8,0.7
2026-10-06T20:50:57Z,2026-11-27,52,75000.0,C,0.1415,0.145,0.1434,86294.52,85617.7,0.3924,0.84749,2e-05,76.39157,291.4,0.0
2026-10-06T20:50:57Z,2026-11-27,52,75000.0,P,0.012,0.013,0.0125,86294.52,85617.7,0.3924,-0.15251,2e-05,76.39157,1729.7,22.0
2026-10-06T20:50:57Z,2026-11-27,52,76000.0,C,0.132,0.135,0.1338,86294.52,85617.7,0.3886,0.82729,2e-05,82.83067,27.5,0.0
2026-10-06T20:50:57Z,2026-11-27,52,76000.0,P,0.014,0.015,0.0145,86294.52,85617.7,0.3886,-0.17271,2e-05,82.83067,176.4,5.4
2026-10-06T20:50:57Z,2026-11-27,52,77000.0,C,0.1225,0.1255,0.1242,86294.52,85617.7,0.3829,0.80636,2e-05,88.96038,80.4,0.0
2026-10-06T20:50:57Z,2026-11-27,52,77000.0,P,0.016,0.017,0.0165,86294.85,85617.7,0.3829,-0.19364,2e-05,88.95868,238.8,1.9
2026-10-06T20:50:57Z,2026-11-27,52,78000.0,C,0.114,0.116,0.1151,86294.52,85617.7,0.37929999999999997,0.7825,2e-05,95.31495,243.0,0.0
2026-10-06T20:50:57Z,2026-11-27,52,78000.0,P,0.0185,0.0195,0.019,86294.85,85617.7,0.37929999999999997,-0.21749,2e-05,95.31328,715.8,0.1
2026-10-06T20:50:57Z,2026-11-27,52,79000.0,C,0.1055,0.107,0.1061,86294.95,85617.7,0.3735,0.758,3e-05,101.1901,149.0,0.0
2026-10-06T20:50:57Z,2026-11-27,52,79000.0,P,0.021,0.022,0.0215,86294.85,85617.7,0.3735,-0.242,3e-05,101.19057,184.8,30.2
2026-10-06T20:50:57Z,2026-11-27,52,80000.0,C,0.097,0.0985,0.0978,86294.85,85617.7,0.3718,0.72984,3e-05,107.17304,1146.9,0.0
2026-10-06T20:50:57Z,2026-11-27,52,80000.0,P,0.0245,0.025,0.0248,86294.95,85617.7,0.3718,-0.27016,3e-05,107.17262,290.5,10.8
2026-10-06T20:50:57Z,2026-11-27,52,81000.0,C,0.089,0.0905,0.0898,86294.95,85617.7,0.3699,0.70031,3e-05,112.61158,142.9,0.0
2026-10-06T20:50:57Z,2026-11-27,52,81000.0,P,0.028,0.029,0.0285,86294.95,85617.7,0.3699,-0.29969,3e-05,112.61158,363.8,35.0
2026-10-06T20:50:57Z,2026-11-27,52,82000.0,C,0.081,0.083,0.0821,86294.85,85617.7,0.3669,0.66982,3e-05,117.37442,129.8,20.0
2026-10-06T20:50:57Z,2026-11-27,52,82000.0,P,0.032,0.033,0.0323,86294.85,85617.7,0.3669,-0.33018,3e-05,117.37442,147.3,3.1
2026-10-06T20:50:57Z,2026-11-27,52,83000.0,C,0.074,0.0755,0.0747,86294.95,85617.7,0.3642,0.63798,3e-05,121.46041,102.4,0.0
2026-10-06T20:50:57Z,2026-11-27,52,83000.0,P,0.036,0.037,0.0365,86294.95,85617.7,0.3642,-0.36202,3e-05,121.46041,183.2,5.1
2026-10-06T20:50:57Z,2026-11-27,52,84000.0,C,0.067,0.0685,0.0681,86294.95,85617.7,0.3641,0.60469,3e-05,124.79481,82.9,0.1
2026-10-06T20:50:57Z,2026-11-27,52,84000.0,P,0.041,0.042,0.0415,86294.85,85617.7,0.3641,-0.39532,3e-05,124.79494,81.8,0.6
2026-10-06T20:50:57Z,2026-11-27,52,85000.0,C,0.061,0.062,0.0616,86294.85,85617.7,0.3617,0.57112,3e-05,127.21187,687.3,9.8
2026-10-06T20:50:57Z,2026-11-27,52,85000.0,P,0.046,0.047,0.0466,86294.85,85617.7,0.3617,-0.42888,3e-05,127.21187,324.7,0.2
2026-10-06T20:50:57Z,2026-11-27,52,86000.0,C,0.055,0.0565,0.0557,86294.85,85617.7,0.36119999999999997,0.53707,3e-05,128.71313,181.8,13.5
2026-10-06T20:50:57Z,2026-11-27,52,86000.0,P,0.0515,0.053,0.0523,86294.85,85617.7,0.36119999999999997,-0.46293,3e-05,128.71313,322.4,227.4
2026-10-06T20:50:57Z,2026-11-27,52,87000.0,C,0.0495,0.051,0.0503,86294.85,85617.7,0.3614,0.50315,3e-05,129.26746,215.5,5.7
2026-10-06T20:50:57Z,2026-11-27,52,87000.0,P,0.058,0.059,0.0585,86294.95,85617.7,0.3614,-0.49685,3e-05,129.2676,32.8,6.0
2026-10-06T20:50:57Z,2026-11-27,52,88000.0,C,0.0445,0.0455,0.0452,86294.85,85617.7,0.36090000000000005,0.46946,3e-05,128.89262,1319.5,229.8
2026-10-06T20:50:57Z,2026-11-27,52,88000.0,P,0.0645,0.0655,0.065,86294.95,85617.7,0.36090000000000005,-0.53053,3e-05,128.89286,35.8,3.0
2026-10-06T20:50:57Z,2026-11-27,52,89000.0,C,0.04,0.041,0.0405,86294.85,85617.7,0.3603,0.43624,3e-05,127.61718,525.7,38.1
2026-10-06T20:50:57Z,2026-11-27,52,89000.0,P,0.0715,0.0725,0.0719,86294.85,85617.7,0.3603,-0.56376,3e-05,127.61718,48.6,3.0
2026-10-06T20:50:57Z,2026-11-27,52,90000.0,C,0.036,0.037,0.0365,86294.85,85617.7,0.3617,0.40453,3e-05,125.55176,3226.3,18.3
2026-10-06T20:50:57Z,2026-11-27,52,90000.0,P,0.0785,0.08,0.0794,86294.95,85617.7,0.3617,-0.59547,3e-05,125.55217,9.4,0.0
2026-10-06T20:50:57Z,2026-11-27,52,91000.0,C,0.032,0.033,0.0325,86294.85,85617.7,0.36119999999999997,0.37311,3e-05,122.67625,234.8,7.1
2026-10-06T20:50:57Z,2026-11-27,52,91000.0,P,0.086,0.0875,0.087,86294.85,85617.7,0.36119999999999997,-0.62689,3e-05,122.67625,0.2,0.1
2026-10-06T20:50:57Z,2026-11-27,52,92000.0,C,0.0285,0.0295,0.029,86294.85,85617.7,0.3618,0.34335,3e-05,119.17258,457.4,0.0
2026-10-06T20:50:57Z,2026-11-27,52,92000.0,P,0.094,0.096,0.0951,86294.95,85617.7,0.3618,-0.65665,3e-05,119.17313,2.1,0.0
2026-10-06T20:50:57Z,2026-11-27,52,93000.0,C,0.0255,0.0265,0.026,86294.85,85617.7,0.3636,0.31566,3e-05,115.21261,202.6,6.6
2026-10-06T20:50:57Z,2026-11-27,52,93000.0,P,0.102,0.105,0.1037,86294.95,85617.7,0.3636,-0.68434,3e-05,115.21321,0.0,0.0
2026-10-06T20:50:57Z,2026-11-27,52,94000.0,C,0.0225,0.0235,0.023,86294.85,85617.7,0.3636,0.28835,3e-05,110.62233,459.6,0.0
2026-10-06T20:50:57Z,2026-11-27,52,94000.0,P,0.1105,0.114,0.1123,86294.85,85617.7,0.3636,-0.71165,3e-05,110.62233,3.0,0.0
2026-10-06T20:50:57Z,2026-11-27,52,95000.0,C,0.02,0.021,0.0205,86294.85,85617.7,0.365,0.26347,3e-05,105.8236,1088.3,0.0
2026-10-06T20:50:57Z,2026-11-27,52,95000.0,P,0.1195,0.123,0.1214,86294.95,85617.7,0.365,-0.73653,3e-05,105.82428,0.1,0.1
2026-10-06T20:50:57Z,2026-11-27,52,96000.0,C,0.018,0.0185,0.0182,86294.95,85617.7,0.3666,0.24029,3e-05,100.79942,360.1,6.2
2026-10-06T20:50:57Z,2026-11-27,52,96000.0,P,0.1285,0.133,0.1307,86294.95,85617.7,0.3666,-0.75971,3e-05,100.79942,0.0,0.0
2026-10-06T20:50:57Z,2026-11-27,52,97000.0,C,0.016,0.0165,0.0163,86294.85,85617.7,0.36939999999999995,0.21953,2e-05,95.82702,140.3,0.0
2026-10-06T20:50:57Z,2026-11-27,52,97000.0,P,0.138,0.1425,0.1404,86294.95,85617.7,0.36939999999999995,-0.78047,2e-05,95.82775,0.0,0.0
2026-10-06T20:50:57Z,2026-11-27,52,98000.0,C,0.014,0.015,0.0145,86294.85,85617.7,0.3705,0.19915,2e-05,90.48505,776.0,2.0
2026-10-06T20:50:57Z,2026-11-27,52,98000.0,P,0.148,0.1525,0.1501,86294.95,85617.7,0.3705,-0.80085,2e-05,90.48579,0.0,0.0
2026-10-06T20:50:57Z,2026-11-27,52,99000.0,C,0.0125,0.0135,0.013,86294.85,85617.7,0.3734,0.18151,2e-05,85.47434,40.7,5.0
2026-10-06T20:50:57Z,2026-11-27,52,99000.0,P,0.158,0.1625,0.1602,86294.85,85617.7,0.3734,-0.81849,2e-05,85.47434,0.0,0.0
2026-10-06T20:50:57Z,2026-11-27,52,100000.0,C,0.011,0.012,0.0115,86294.85,85617.7,0.37450000000000006,0.1641,2e-05,80.15318,489.5,1.9
2026-10-06T20:50:57Z,2026-11-27,52,100000.0,P,0.168,0.173,0.1703,86294.95,85617.7,0.37450000000000006,-0.83589,2e-05,80.15392,26.1,0.0
2026-10-06T20:50:57Z,2026-11-27,52,102000.0,C,0.009,0.0095,0.0092,86294.85,85617.7,0.3804,0.13587,2e-05,70.66333,404.9,0.7
2026-10-06T20:50:57Z,2026-11-27,52,102000.0,P,0.189,0.194,0.1912,86294.85,85617.7,0.3804,-0.86413,2e-05,70.66333,5.0,0.0
2026-10-06T20:50:57Z,2026-11-27,52,104000.0,C,0.007,0.008,0.0075,86294.85,85617.7,0.3868,0.11272,2e-05,62.00388,69.0,50.1
2026-10-06T20:50:57Z,2026-11-27,52,104000.0,P,0.2105,0.2155,0.2127,86294.85,85617.7,0.3868,-0.88728,2e-05,62.00388,0.0,0.0
2026-10-06T20:50:57Z,2026-11-27,52,105000.0,C,0.0065,0.007,0.0067,86294.85,85617.7,0.39,0.10264,1e-05,57.9579,31.5,15.1
2026-10-06T20:50:57Z,2026-11-27,52,105000.0,P,0.221,0.226,0.2235,86294.85,85617.7,0.39,-0.89736,1e-05,57.9579,3.9,0.0
2026-10-06T20:50:57Z,2026-11-27,52,106000.0,C,0.0055,0.0065,0.006,86294.95,85617.7,0.39159999999999995,0.09257,1e-05,53.72896,29.8,0.3
2026-10-06T20:50:57Z,2026-11-27,52,106000.0,P,0.232,0.237,0.2343,86294.95,85617.7,0.39159999999999995,-0.90743,1e-05,53.72896,0.0,0.0
2026-10-06T20:50:57Z,2026-11-27,52,108000.0,C,0.0048,0.0055,0.0051,86294.85,85617.7,0.4028,0.07958,1e-05,47.98298,104.7,0.6
2026-10-06T20:50:57Z,2026-11-27,52,108000.0,P,0.254,0.2595,0.2567,86294.95,85617.7,0.4028,-0.92042,1e-05,47.98355,0.0,0.0
2026-10-06T20:50:57Z,2026-11-27,52,110000.0,C,0.0039,0.0044,0.0042,86294.95,85617.7,0.4078,0.06573,1e-05,41.44425,264.3,0.6
2026-10-06T20:50:57Z,2026-11-27,52,110000.0,P,0.2765,0.2815,0.2789,86294.85,85617.7,0.4078,-0.93427,1e-05,41.44373,0.0,0.0
2026-10-06T20:50:57Z,2026-11-27,52,112000.0,C,0.0033,0.0037,0.0035,86294.85,85617.7,0.4158,0.05572,1e-05,36.41825,9.0,0.2
2026-10-06T20:50:57Z,2026-11-27,52,112000.0,P,0.299,0.3045,0.3014,86294.85,85617.7,0.4158,-0.94428,1e-05,36.41825,0.0,0.0
2026-10-06T20:50:57Z,2026-11-27,52,115000.0,C,0.0025,0.0029,0.0027,86294.85,85617.7,0.4276,0.04381,1e-05,30.05707,45.8,0.4
2026-10-06T20:50:57Z,2026-11-27,52,115000.0,P,0.3325,0.3385,0.3354,86294.85,85617.7,0.4276,-0.95619,1e-05,30.05707,0.2,0.0
2026-10-06T20:50:57Z,2026-11-27,52,120000.0,C,0.0017,0.0021,0.0019,86294.85,85617.7,0.449,0.03064,0.0,22.43586,123.2,1.7
2026-10-06T20:50:57Z,2026-11-27,52,120000.0,P,0.3895,0.3955,0.3925,86294.85,85617.7,0.449,-0.96936,0.0,22.43586,9.8,0.1
2026-10-06T20:50:57Z,2026-12-25,80,20000.0,C,0.7685,0.77,0.7693,86627.32,85617.7,1.1271,0.99886,0.0,1.53871,5.1,0.0
2026-10-06T20:50:57Z,2026-12-25,80,20000.0,P,0.0001,0.0003,0.0002,86627.21,85617.7,1.1271,-0.00114,0.0,1.53872,934.2,0.0
2026-10-06T20:50:57Z,2026-12-25,80,30000.0,C,0.6535,0.655,0.6541,86627.32,85617.7,0.8925,0.99706,0.0,3.63005,300.8,0.0
2026-10-06T20:50:57Z,2026-12-25,80,30000.0,P,0.0004,0.0005,0.0004,86627.21,85617.7,0.8925,-0.00294,0.0,3.63007,2229.3,0.1
2026-10-06T20:50:57Z,2026-12-25,80,35000.0,C,0.5955,0.5975,0.5967,86627.32,85617.7,0.8157,0.99494,0.0,5.91081,87.9,0.0
2026-10-06T20:50:57Z,2026-12-25,80,35000.0,P,0.0006,0.0007,0.0007,86627.32,85617.7,0.8157,-0.00506,0.0,5.91081,2142.4,0.0
2026-10-06T20:50:57Z,2026-12-25,80,40000.0,C,0.538,0.5405,0.5393,86627.32,85617.7,0.745,0.99173,0.0,9.12402,253.2,0.0
2026-10-06T20:50:57Z,2026-12-25,80,40000.0,P,0.001,0.0011,0.0011,86627.32,85617.7,0.745,-0.00827,0.0,9.12402,4960.4,0.0
2026-10-06T20:50:57Z,2026-12-25,80,45000.0,C,0.4805,0.483,0.4818,86627.32,85617.7,0.6586,0.98884,0.0,11.85509,94.5,0.0
2026-10-06T20:50:57Z,2026-12-25,80,45000.0,P,0.0013,0.0015,0.0013,86627.32,85617.7,0.6586,-0.01116,0.0,11.85511,2812.3,0.0
2026-10-06T20:50:57Z,2026-12-25,80,50000.0,C,0.423,0.4265,0.4247,86627.32,85617.7,0.5971,0.98265,0.0,17.33629,260.7,0.0
2026-10-06T20:50:57Z,2026-12-25,80,50000.0,P,0.0018,0.0021,0.0019,86627.32,85617.7,0.5971,-0.01735,0.0,17.33629,2213.6,0.1
2026-10-06T20:50:57Z,2026-12-25,80,52000.0,C,0.4005,0.4035,0.4019,86627.32,85617.7,0.5718,0.97963,0.0,19.87387,0.1,0.0
2026-10-06T20:50:57Z,2026-12-25,80,52000.0,P,0.002,0.0023,0.0022,86627.32,85617.7,0.5718,-0.02037,0.0,19.87387,437.7,0.1
2026-10-06T20:50:57Z,2026-12-25,80,54000.0,C,0.3775,0.381,0.3792,86627.21,85617.7,0.5503,0.97552,0.0,23.20844,32.2,0.0
2026-10-06T20:50:57Z,2026-12-25,80,54000.0,P,0.0024,0.0027,0.0026,86627.21,85617.7,0.5503,-0.02448,0.0,23.20844,1909.4,0.0
2026-10-06T20:50:57Z,2026-12-25,80,55000.0,C,0.366,0.3695,0.3679,86627.32,85617.7,0.5398,0.97318,0.0,25.05568,122.4,0.0
2026-10-06T20:50:57Z,2026-12-25,80,55000.0,P,0.0026,0.0029,0.0028,86627.32,85617.7,0.5398,-0.02682,0.0,25.05568,3189.6,0.6
2026-10-06T20:50:57Z,2026-12-25,80,56000.0,C,0.355,0.3585,0.3566,86627.32,85617.7,0.5287,0.97074,0.0,26.93566,42.2,0.0
2026-10-06T20:50:57Z,2026-12-25,80,56000.0,P,0.0028,0.0033,0.003,86627.32,85617.7,0.5287,-0.02926,0.0,26.93566,520.4,1.5
2026-10-06T20:50:57Z,2026-12-25,80,58000.0,C,0.3325,0.336,0.3341,86627.32,85617.7,0.5105,0.96433,0.0,31.72143,40.3,0.0
2026-10-06T20:50:57Z,2026-12-25,80,58000.0,P,0.0035,0.0038,0.0037,86627.32,85617.7,0.5105,-0.03567,0.0,31.72143,1823.3,3.0
2026-10-06T20:50:57Z,2026-12-25,80,60000.0,C,0.31,0.3135,0.3117,86627.32,85617.7,0.49,0.95735,0.0,36.68908,784.1,0.0
2026-10-06T20:50:57Z,2026-12-25,80,60000.0,P,0.0041,0.0045,0.0043,86627.32,85617.7,0.49,-0.04265,0.0,36.68908,6265.9,1.0
2026-10-06T20:50:57Z,2026-12-25,80,62000.0,C,0.288,0.2915,0.2895,86627.32,85617.7,0.4718,0.94838,1e-05,42.75622,247.1,0.0
2026-10-06T20:50:57Z,2026-12-25,80,62000.0,P,0.0049,0.0055,0.0052,86627.32,85617.7,0.4718,-0.05162,1e-05,42.75615,1554.1,5.2
2026-10-06T20:50:57Z,2026-12-25,80,64000.0,C,0.266,0.269,0.2675,86627.32,85617.7,0.4543,0.9375,1e-05,49.70982,404.8,0.0
2026-10-06T20:50:57Z,2026-12-25,80,64000.0,P,0.006,0.0065,0.0063,86627.32,85617.7,0.4543,-0.0625,1e-05,49.70982,376.7,3.9
2026-10-06T20:50:57Z,2026-12-25,80,65000.0,C,0.255,0.2585,0.2567,86627.32,85617.7,0.44789999999999996,0.9304,1e-05,54.03369,916.8,0.0
2026-10-06T20:50:57Z,2026-12-25,80,65000.0,P,0.0065,0.0075,0.007,86627.21,85617.7,0.44789999999999996,-0.0696,1e-05,54.03411,892.3,1.4
2026-10-06T20:50:57Z,2026-12-25,80,66000.0,C,0.2445,0.2475,0.2456,86627.32,85617.7,0.43700000000000006,0.92446,1e-05,57.53204,267.2,0.0
2026-10-06T20:50:57Z,2026-12-25,80,66000.0,P,0.0075,0.008,0.0075,86627.32,85617.7,0.43700000000000006,-0.07554,1e-05,57.53204,418.9,54.7
2026-10-06T20:50:57Z,2026-12-25,80,68000.0,C,0.223,0.2265,0.2245,86627.32,85617.7,0.4263,0.90602,1e-05,67.776,1023.2,0.0
2026-10-06T20:50:57Z,2026-12-25,80,68000.0,P,0.0095,0.01,0.0095,86627.32,85617.7,0.4263,-0.09398,1e-05,67.776,695.3,1.1
2026-10-06T20:50:57Z,2026-12-25,80,70000.0,C,0.202,0.2055,0.2037,86627.32,85617.7,0.41350000000000003,0.88515,1e-05,78.38222,1884.8,0.0
2026-10-06T20:50:57Z,2026-12-25,80,70000.0,P,0.0115,0.012,0.0118,86627.32,85617.7,0.41350000000000003,-0.11485,1e-05,78.38222,2430.2,101.9
2026-10-06T20:50:57Z,2026-12-25,80,72000.0,C,0.182,0.185,0.1834,86627.32,85617.7,0.4012,0.86027,1e-05,89.84755,1214.1,0.2
2026-10-06T20:50:57Z,2026-12-25,80,72000.0,P,0.014,0.015,0.0145,86627.32,85617.7,0.4012,-0.13973,1e-05,89.84755,861.8,3.2
2026-10-06T20:50:57Z,2026-12-25,80,74000.0,C,0.1625,0.166,0.1641,86627.21,85617.7,0.3932,0.82905,2e-05,102.6478,137.7,0.2
2026-10-06T20:50:57Z,2026-12-25,80,74000.0,P,0.018,0.0185,0.0183,86627.21,85617.7,0.3932,-0.17095,2e-05,102.6478,189.4,2.0
2026-10-06T20:50:57Z,2026-12-25,80,75000.0,C,0.153,0.1565,0.1547,86627.21,85617.7,0.38939999999999997,0.81168,2e-05,109.08772,1924.8,0.2
2026-10-06T20:50:57Z,2026-12-25,80,75000.0,P,0.02,0.021,0.0205,86627.32,85617.7,0.38939999999999997,-0.18832,2e-05,109.08719,1743.5,3.0
2026-10-06T20:50:57Z,2026-12-25,80,76000.0,C,0.144,0.1475,0.1457,86627.32,85617.7,0.38630000000000003,0.79283,2e-05,115.56223,480.4,0.0
2026-10-06T20:50:57Z,2026-12-25,80,76000.0,P,0.0225,0.0235,0.023,86627.32,85617.7,0.38630000000000003,-0.20717,2e-05,115.56214,444.9,35.0
2026-10-06T20:50:57Z,2026-12-25,80,78000.0,C,0.1265,0.13,0.1282,86627.32,85617.7,0.37920000000000004,0.75219,2e-05,127.84356,1087.4,0.0
2026-10-06T20:50:57Z,2026-12-25,80,78000.0,P,0.028,0.029,0.0286,86627.21,85617.7,0.37920000000000004,-0.24781,2e-05,127.84402,1331.6,60.0
2026-10-06T20:50:57Z,2026-12-25,80,80000.0,C,0.1115,0.113,0.1121,86627.55,85617.7,0.3753,0.70611,2e-05,139.22113,8727.3,0.0
2026-10-06T20:50:57Z,2026-12-25,80,80000.0,P,0.0355,0.036,0.0356,86627.32,85617.7,0.3753,-0.2939,2e-05,139.22198,2214.6,15.1
2026-10-06T20:50:57Z,2026-12-25,80,82000.0,C,0.0965,0.098,0.0974,86627.21,85617.7,0.3721,0.65651,2e-05,148.67726,1321.6,0.1
2026-10-06T20:50:57Z,2026-12-25,80,82000.0,P,0.0435,0.0445,0.044,86627.21,85617.7,0.3721,-0.34349,2e-05,148.67726,808.8,0.1
2026-10-06T20:50:57Z,2026-12-25,80,84000.0,C,0.083,0.0845,0.0839,86627.32,85617.7,0.3693,0.60446,3e-05,155.69254,1249.4,0.0
2026-10-06T20:50:57Z,2026-12-25,80,84000.0,P,0.053,0.054,0.0535,86627.32,85617.7,0.3693,-0.39554,3e-05,155.69254,176.2,16.9
2026-10-06T20:50:57Z,2026-12-25,80,85000.0,C,0.077,0.078,0.0775,86627.21,85617.7,0.3674,0.57782,3e-05,158.17388,3194.9,171.1
2026-10-06T20:50:57Z,2026-12-25,80,85000.0,P,0.058,0.059,0.0587,86627.32,85617.7,0.3674,-0.42217,3e-05,158.17385,608.6,17.2
2026-10-06T20:50:57Z,2026-12-25,80,86000.0,C,0.071,0.072,0.0715,86627.32,85617.7,0.3664,0.55092,3e-05,159.93672,720.3,0.3
2026-10-06T20:50:57Z,2026-12-25,80,86000.0,P,0.064,0.065,0.0643,86627.32,85617.7,0.3664,-0.44908,3e-05,159.93672,106.0,0.3
2026-10-06T20:50:57Z,2026-12-25,80,88000.0,C,0.0605,0.0615,0.0609,86627.55,85617.7,0.36590000000000006,0.49732,3e-05,161.24887,4275.5,28.2
2026-10-06T20:50:57Z,2026-12-25,80,88000.0,P,0.076,0.077,0.0768,86627.32,85617.7,0.36590000000000006,-0.50269,3e-05,161.24842,145.2,0.0
2026-10-06T20:50:57Z,2026-12-25,80,90000.0,C,0.051,0.052,0.0515,86627.55,85617.7,0.3651,0.44472,3e-05,159.70205,3739.4,5.3
2026-10-06T20:50:57Z,2026-12-25,80,90000.0,P,0.09,0.091,0.0904,86627.32,85617.7,0.3651,-0.55528,3e-05,159.70126,650.9,10.2
2026-10-06T20:50:57Z,2026-12-25,80,92000.0,C,0.043,0.044,0.0435,86627.55,85617.7,0.3661,0.39479,3e-05,155.61169,745.5,0.1
2026-10-06T20:50:57Z,2026-12-25,80,92000.0,P,0.1045,0.1065,0.1055,86627.32,85617.7,0.3661,-0.60522,3e-05,155.61054,23.4,0.0
2026-10-06T20:50:57Z,2026-12-25,80,94000.0,C,0.036,0.037,0.0365,86627.55,85617.7,0.3668,0.34767,2e-05,149.3495,682.9,0.0
2026-10-06T20:50:57Z,2026-12-25,80,94000.0,P,0.12,0.1225,0.1216,86627.32,85617.7,0.3668,-0.65234,2e-05,149.34806,5.9,0.0
2026-10-06T20:50:57Z,2026-12-25,80,95000.0,C,0.033,0.034,0.0334,86627.32,85617.7,0.3678,0.32569,2e-05,145.60392,1751.3,0.0
2026-10-06T20:50:57Z,2026-12-25,80,95000.0,P,0.1285,0.131,0.1301,86627.32,85617.7,0.3678,-0.67431,2e-05,145.60366,143.7,0.1
2026-10-06T20:50:57Z,2026-12-25,80,96000.0,C,0.03,0.031,0.0305,86627.32,85617.7,0.3678,0.30401,2e-05,141.3784,1521.9,0.9
2026-10-06T20:50:57Z,2026-12-25,80,96000.0,P,0.137,0.14,0.1387,86627.21,85617.7,0.3678,-0.69599,2e-05,141.37768,50.8,0.0
2026-10-06T20:50:57Z,2026-12-25,80,98000.0,C,0.025,0.026,0.0255,86627.21,85617.7,0.3696,0.26463,2e-05,132.29822,981.1,2.0
2026-10-06T20:50:57Z,2026-12-25,80,98000.0,P,0.1545,0.159,0.1568,86627.32,85617.7,0.3696,-0.73537,2e-05,132.299,3.9,0.2
2026-10-06T20:50:57Z,2026-12-25,80,100000.0,C,0.021,0.022,0.0215,86627.55,85617.7,0.373,0.23033,2e-05,122.83313,5834.1,125.0
2026-10-06T20:50:57Z,2026-12-25,80,100000.0,P,0.173,0.178,0.1758,86627.32,85617.7,0.373,-0.76968,2e-05,122.83089,303.0,0.0
2026-10-06T20:50:57Z,2026-12-25,80,102000.0,C,0.0175,0.018,0.018,86627.32,85617.7,0.3757,0.19929,2e-05,112.91943,497.1,2.3
2026-10-06T20:50:57Z,2026-12-25,80,102000.0,P,0.193,0.198,0.1954,86627.32,85617.7,0.3757,-0.80071,2e-05,112.91943,7.8,0.0
2026-10-06T20:50:57Z,2026-12-25,80,104000.0,C,0.0145,0.0155,0.015,86627.32,85617.7,0.37799999999999995,0.17154,2e-05,102.8778,175.4,1.0
2026-10-06T20:50:57Z,2026-12-25,80,104000.0,P,0.213,0.218,0.2155,86627.32,85617.7,0.37799999999999995,-0.82846,2e-05,102.8778,1.3,0.0
2026-10-06T20:50:57Z,2026-12-25,80,105000.0,C,0.0135,0.0145,0.0139,86627.55,85617.7,0.38079999999999997,0.16022,2e-05,98.43367,993.1,0.7
2026-10-06T20:50:57Z,2026-12-25,80,105000.0,P,0.2235,0.2285,0.226,86627.32,85617.7,0.38079999999999997,-0.83979,2e-05,98.42909,107.5,0.0
2026-10-06T20:50:57Z,2026-12-25,80,106000.0,C,0.0125,0.013,0.0127,86627.21,85617.7,0.3826,0.14885,2e-05,93.75792,621.6,127.0
2026-10-06T20:50:57Z,2026-12-25,80,106000.0,P,0.234,0.239,0.2363,86627.21,85617.7,0.3826,-0.85115,2e-05,93.75792,0.2,0.0
2026-10-06T20:50:57Z,2026-12-25,80,108000.0,C,0.0105,0.011,0.0107,86627.59,85617.7,0.3864,0.12861,1e-05,84.87013,165.7,0.6
2026-10-06T20:50:57Z,2026-12-25,80,108000.0,P,0.255,0.26,0.2575,86627.21,85617.7,0.3864,-0.8714,1e-05,84.86697,0.1,0.0
2026-10-06T20:50:57Z,2026-12-25,80,110000.0,C,0.0085,0.0095,0.009,86627.32,85617.7,0.38909999999999995,0.11033,1e-05,76.16594,2972.8,10.8
2026-10-06T20:50:57Z,2026-12-25,80,110000.0,P,0.2765,0.2815,0.2788,86627.21,85617.7,0.38909999999999995,-0.88967,1e-05,76.16519,81.6,0.0
2026-10-06T20:50:57Z,2026-12-25,80,115000.0,C,0.006,0.007,0.0065,86627.32,85617.7,0.4065,0.08094,1e-05,60.62409,2324.7,0.9
2026-10-06T20:50:57Z,2026-12-25,80,115000.0,P,0.331,0.337,0.334,86627.32,85617.7,0.4065,-0.91906,1e-05,60.62409,5.0,0.0
2026-10-06T20:50:57Z,2026-12-25,80,120000.0,C,0.0043,0.0048,0.0045,86627.32,85617.7,0.4189,0.05828,1e-05,47.06615,5798.6,0.1
2026-10-06T20:50:57Z,2026-12-25,80,120000.0,P,0.387,0.393,0.3898,86627.32,85617.7,0.4189,-0.94172,1e-05,47.06615,35.9,0.1
2026-10-06T20:50:57Z,2026-12-25,80,125000.0,C,0.0031,0.0036,0.0033,86627.32,85617.7,0.4334,0.04343,1e-05,37.23297,518.1,0.0
2026-10-06T20:50:57Z,2026-12-25,80,125000.0,P,0.4435,0.4495,0.4463,86627.32,85617.7,0.4334,-0.95657,1e-05,37.23297,9.3,0.0
2026-10-06T20:50:57Z,2026-12-25,80,130000.0,C,0.0023,0.0028,0.0025,86627.32,85617.7,0.4484,0.03321,0.0,29.91098,1572.0,0.0
2026-10-06T20:50:57Z,2026-12-25,80,130000.0,P,0.5,0.5065,0.5032,86627.32,85617.7,0.4484,-0.96679,0.0,29.91098,57.0,0.0
2026-10-06T20:50:57Z,2026-12-25,80,135000.0,C,0.002,0.0023,0.0021,86627.32,85617.7,0.46740000000000004,0.02709,0.0,25.26125,1465.5,2.2
2026-10-06T20:50:57Z,2026-12-25,80,135000.0,P,0.557,0.564,0.5605,86627.32,85617.7,0.46740000000000004,-0.97291,0.0,25.26125,0.7,0.0
2026-10-06T20:50:57Z,2026-12-25,80,140000.0,C,0.0014,0.0019,0.0016,86627.21,85617.7,0.4804,0.02122,0.0,20.57462,1418.2,0.0
2026-10-06T20:50:57Z,2026-12-25,80,140000.0,P,0.614,0.6215,0.6178,86627.32,85617.7,0.4804,-0.97878,0.0,20.57488,0.3,0.0
2026-10-06T20:50:57Z,2026-12-25,80,150000.0,C,0.0009,0.0013,0.0011,86627.32,85617.7,0.5082,0.01402,0.0,14.44142,1769.4,0.0
2026-10-06T20:50:57Z,2026-12-25,80,150000.0,P,0.7285,0.7365,0.7326,86627.21,85617.7,0.5082,-0.98598,0.0,14.44123,4.4,0.0
2026-10-06T20:50:57Z,2026-12-25,80,160000.0,C,0.0006,0.001,0.0008,86627.32,85617.7,0.536,0.00995,0.0,10.72114,1406.9,4.8
2026-10-06T20:50:57Z,2026-12-25,80,160000.0,P,0.8435,0.852,0.8478,86627.32,85617.7,0.536,-0.99005,0.0,10.72114,0.1,0.0
2026-10-06T20:50:57Z,2026-12-25,80,170000.0,C,0.0004,0.0008,0.0006,86627.21,85617.7,0.5608,0.00723,0.0,8.10702,2018.6,0.0
2026-10-06T20:50:57Z,2026-12-25,80,170000.0,P,0.9585,0.9675,0.963,86627.32,85617.7,0.5608,-0.99277,0.0,8.10713,0.1,0.0
2026-10-06T20:50:57Z,2026-12-25,80,180000.0,C,0.0003,0.0006,0.0004,86627.32,85617.7,0.5832999999999999,0.00537,0.0,6.22816,935.8,0.0
2026-10-06T20:50:57Z,2026-12-25,80,180000.0,P,1.0715,1.0845,1.0783,86627.21,85617.7,0.5832999999999999,-0.99463,0.0,6.22808,0.1,0.0
2026-10-06T20:50:57Z,2026-12-25,80,190000.0,C,0.0002,0.0005,0.0003,86627.32,85617.7,0.6031,0.00402,0.0,4.81059,1027.1,0.0
2026-10-06T20:50:57Z,2026-12-25,80,190000.0,P,1.1865,1.2005,1.1936,86627.78,85617.7,0.6031,-0.99598,0.0,4.81076,0.0,0.0
2026-10-06T20:50:57Z,2026-12-25,80,200000.0,C,0.0001,0.0004,0.0002,86627.78,85617.7,0.6179,0.00291,0.0,3.59776,962.4,0.0
2026-10-06T20:50:57Z,2026-12-25,80,200000.0,P,1.301,1.3165,1.309,86627.78,85617.7,0.6179,-0.99709,0.0,3.59776,0.0,0.0
2026-10-06T20:50:57Z,2026-12-25,80,210000.0,C,0.0001,0.0004,0.0002,86627.78,85617.7,0.6434000000000001,0.00256,0.0,3.20259,162.5,0.0
2026-10-06T20:50:57Z,2026-12-25,80,210000.0,P,1.4155,1.4325,1.4244,86627.78,85617.7,0.6434000000000001,-0.99744,0.0,3.20259,0.0,0.0
2026-10-06T20:50:57Z,2026-12-25,80,220000.0,C,0.0001,0.0004,0.0002,86627.78,85617.7,0.6728000000000001,0.00246,0.0,3.09278,252.9,0.0
2026-10-06T20:50:57Z,2026-12-25,80,220000.0,P,1.5305,1.5485,1.5398,86627.78,85617.7,0.6728000000000001,-0.99754,0.0,3.09278,0.0,0.0
2026-10-06T20:50:57Z,2026-12-25,80,230000.0,C,0.0001,0.0004,0.0002,86627.78,85617.7,0.7006999999999999,0.00238,0.0,2.99636,190.7,0.0
2026-10-06T20:50:57Z,2026-12-25,80,230000.0,P,1.645,1.6645,1.6553,86627.78,85617.7,0.7006999999999999,-0.99762,0.0,2.99636,0.0,0.0
2026-10-06T20:50:57Z,2026-12-25,80,240000.0,C,0.0001,0.0002,0.0002,86627.78,85617.7,0.7165,0.00198,0.0,2.54281,785.6,0.0
2026-10-06T20:50:57Z,2026-12-25,80,240000.0,P,1.7595,1.781,1.7707,86627.78,85617.7,0.7165,-0.99802,0.0,2.54281,0.0,0.0
2026-10-06T20:50:57Z,2026-12-25,80,250000.0,C,0.0,0.0002,0.0001,86627.78,85617.7,0.7184999999999999,0.00138,0.0,1.82541,1282.4,0.0
2026-10-06T20:50:57Z,2026-12-25,80,250000.0,P,1.874,1.8965,1.886,86627.78,85617.7,0.7184999999999999,-0.99862,0.0,1.82541,10.0,0.0
2026-10-06T20:50:57Z,2027-03-26,171,35000.0,C,0.602,0.6035,0.6028,87744.02,85617.7,0.6395000000000001,0.98987,0.0,16.16443,21.8,0.0
2026-10-06T20:50:57Z,2027-03-26,171,35000.0,P,0.0016,0.0018,0.0017,87744.02,85617.7,0.6395000000000001,-0.01013,0.0,16.16443,617.0,0.6
2026-10-06T20:50:57Z,2027-03-26,171,40000.0,C,0.546,0.5475,0.5467,87744.02,85617.7,0.5905,0.98416,0.0,23.79344,82.1,0.0
2026-10-06T20:50:57Z,2027-03-26,171,40000.0,P,0.0025,0.0028,0.0026,87744.02,85617.7,0.5905,-0.01584,0.0,23.79344,1937.8,0.0
2026-10-06T20:50:57Z,2027-03-26,171,45000.0,C,0.49,0.4925,0.4911,87744.02,85617.7,0.5492,0.97539,0.0,34.58407,4.8,0.0
2026-10-06T20:50:57Z,2027-03-26,171,45000.0,P,0.0037,0.0043,0.004,87744.02,85617.7,0.5492,-0.02461,0.0,34.58407,252.9,0.1
2026-10-06T20:50:57Z,2027-03-26,171,50000.0,C,0.4345,0.438,0.4361,87744.02,85617.7,0.5125,0.96254,0.0,48.98537,21.6,0.0
2026-10-06T20:50:57Z,2027-03-26,171,50000.0,P,0.0055,0.0065,0.006,87744.02,85617.7,0.5125,-0.03746,0.0,48.98537,2330.1,0.0
2026-10-06T20:50:57Z,2027-03-26,171,52000.0,C,0.4125,0.416,0.4144,87744.02,85617.7,0.49829999999999997,0.95605,0.0,55.76813,6.0,0.0
2026-10-06T20:50:57Z,2027-03-26,171,52000.0,P,0.0065,0.0075,0.007,87744.02,85617.7,0.49829999999999997,-0.04395,0.0,55.76813,323.0,0.1
2026-10-06T20:50:57Z,2027-03-26,171,54000.0,C,0.391,0.3945,0.3926,87744.02,85617.7,0.4825,0.94919,0.0,62.6443,0.1,0.0
2026-10-06T20:50:57Z,2027-03-26,171,54000.0,P,0.0075,0.0085,0.008,87744.02,85617.7,0.4825,-0.05081,0.0,62.6443,85.5,0.0
2026-10-06T20:50:57Z,2027-03-26,171,55000.0,C,0.38,0.3835,0.3817,87744.02,85617.7,0.4743,0.94554,0.0,66.18339,29.5,0.0
2026-10-06T20:50:57Z,2027-03-26,171,55000.0,P,0.0085,0.009,0.0085,87744.02,85617.7,0.4743,-0.05446,0.0,66.18339,1159.8,0.0
2026-10-06T20:50:57Z,2027-03-26,171,56000.0,C,0.3695,0.373,0.3713,87744.02,85617.7,0.4717,0.93994,0.0,71.48603,14.4,0.0
2026-10-06T20:50:57Z,2027-03-26,171,56000.0,P,0.009,0.01,0.0095,87744.02,85617.7,0.4717,-0.06006,0.0,71.48603,131.8,0.0
2026-10-06T20:50:57Z,2027-03-26,171,58000.0,C,0.3485,0.3515,0.35,87744.02,85617.7,0.4586,0.93024,0.0,80.30127,4.3,0.0
2026-10-06T20:50:57Z,2027-03-26,171,58000.0,P,0.0105,0.0115,0.011,87744.02,85617.7,0.4586,-0.06976,0.0,80.30127,149.7,0.0
2026-10-06T20:50:57Z,2027-03-26,171,60000.0,C,0.3275,0.331,0.3292,87744.02,85617.7,0.4487,0.91817,1e-05,90.68035,647.9,0.0
2026-10-06T20:50:57Z,2027-03-26,171,60000.0,P,0.0125,0.0135,0.013,87744.52,85617.7,0.4487,-0.08183,1e-05,90.67846,817.4,0.7
2026-10-06T20:50:57Z,2027-03-26,171,62000.0,C,0.307,0.31,0.3084,87744.52,85617.7,0.4364,0.90552,1e-05,100.94139,51.3,0.0
2026-10-06T20:50:57Z,2027-03-26,171,62000.0,P,0.0145,0.0155,0.015,87744.52,85617.7,0.4364,-0.09448,1e-05,100.94139,443.1,0.0
2026-10-06T20:50:57Z,2027-03-26,171,64000.0,C,0.2865,0.29,0.2883,87744.52,85617.7,0.4274,0.88996,1e-05,112.78603,137.9,0.0
2026-10-06T20:50:57Z,2027-03-26,171,64000.0,P,0.0175,0.018,0.0177,87744.52,85617.7,0.4274,-0.11004,1e-05,112.78603,125.8,0.0
2026-10-06T20:50:57Z,2027-03-26,171,65000.0,C,0.2765,0.28,0.2783,87744.52,85617.7,0.423,0.8815,1e-05,118.89199,229.7,0.0
2026-10-06T20:50:57Z,2027-03-26,171,65000.0,P,0.019,0.0195,0.0191,87744.52,85617.7,0.423,-0.1185,1e-05,118.89199,894.2,0.7
2026-10-06T20:50:57Z,2027-03-26,171,66000.0,C,0.2665,0.2705,0.2685,87744.52,85617.7,0.4188,0.87248,1e-05,125.16776,23.9,0.0
2026-10-06T20:50:57Z,2027-03-26,171,66000.0,P,0.0205,0.021,0.0207,87744.52,85617.7,0.4188,-0.12752,1e-05,125.16776,99.5,0.0
2026-10-06T20:50:57Z,2027-03-26,171,68000.0,C,0.2475,0.2515,0.2495,87744.52,85617.7,0.4121,0.85222,1e-05,138.42406,190.9,0.0
2026-10-06T20:50:57Z,2027-03-26,171,68000.0,P,0.024,0.025,0.0245,87744.52,85617.7,0.4121,-0.14778,1e-05,138.42406,574.0,9.0
2026-10-06T20:50:57Z,2027-03-26,171,70000.0,C,0.229,0.2325,0.2307,87744.52,85617.7,0.4039,0.8306,1e-05,151.39884,770.5,0.0
2026-10-06T20:50:57Z,2027-03-26,171,70000.0,P,0.028,0.029,0.0285,87744.52,85617.7,0.4039,-0.1694,1e-05,151.39884,566.0,66.7
2026-10-06T20:50:57Z,2027-03-26,171,72000.0,C,0.2115,0.215,0.2129,87744.52,85617.7,0.39840000000000003,0.80578,1e-05,164.92243,88.9,0.0
2026-10-06T20:50:57Z,2027-03-26,171,72000.0,P,0.033,0.034,0.0335,87744.52,85617.7,0.39840000000000003,-0.19422,1e-05,164.92243,195.0,10.0
2026-10-06T20:50:57Z,2027-03-26,171,74000.0,C,0.194,0.1975,0.1957,87744.52,85617.7,0.3925,0.77913,1e-05,177.95052,66.8,0.0
2026-10-06T20:50:57Z,2027-03-26,171,74000.0,P,0.0385,0.0395,0.039,87744.52,85617.7,0.3925,-0.22087,1e-05,177.95052,229.2,0.0
2026-10-06T20:50:57Z,2027-03-26,171,75000.0,C,0.186,0.189,0.1874,87744.52,85617.7,0.39020000000000005,0.76482,1e-05,184.34724,0.2,0.0
2026-10-06T20:50:57Z,2027-03-26,171,75000.0,P,0.0415,0.0425,0.0422,87744.72,85617.7,0.39020000000000005,-0.23518,1e-05,184.34652,31.1,0.5
2026-10-06T20:50:57Z,2027-03-26,171,76000.0,C,0.178,0.18,0.1793,87744.72,85617.7,0.38780000000000003,0.75008,1e-05,190.51872,541.7,0.0
2026-10-06T20:50:57Z,2027-03-26,171,76000.0,P,0.045,0.0455,0.0454,87744.72,85617.7,0.38780000000000003,-0.24992,1e-05,190.51872,677.8,17.3
2026-10-06T20:50:57Z,2027-03-26,171,78000.0,C,0.1625,0.165,0.1637,87744.72,85617.7,0.3837,0.71906,1e-05,202.17916,647.6,0.0
2026-10-06T20:50:57Z,2027-03-26,171,78000.0,P,0.052,0.053,0.0527,87744.72,85617.7,0.3837,-0.28094,1e-05,202.17916,411.7,7.5
2026-10-06T20:50:57Z,2027-03-26,171,80000.0,C,0.1485,0.15,0.1493,87744.72,85617.7,0.3811,0.68616,2e-05,212.67843,1107.0,0.0
2026-10-06T20:50:57Z,2027-03-26,171,80000.0,P,0.0605,0.0615,0.061,87744.72,85617.7,0.3811,-0.31384,2e-05,212.67843,398.0,50.1
2026-10-06T20:50:57Z,2027-03-26,171,82000.0,C,0.135,0.1365,0.1356,87744.72,85617.7,0.3784,0.65215,2e-05,221.60495,1232.8,0.0
2026-10-06T20:50:57Z,2027-03-26,171,82000.0,P,0.0695,0.0705,0.0702,87744.72,85617.7,0.3784,-0.34785,2e-05,221.60495,76.4,0.0
2026-10-06T20:50:57Z,2027-03-26,171,84000.0,C,0.122,0.124,0.1229,87744.72,85617.7,0.3763,0.61722,2e-05,228.82004,331.0,0.0
2026-10-06T20:50:57Z,2027-03-26,171,84000.0,P,0.0795,0.081,0.0802,87744.52,85617.7,0.3763,-0.38279,2e-05,228.82013,427.4,0.0
2026-10-06T20:50:57Z,2027-03-26,171,85000.0,C,0.1165,0.1175,0.117,87744.72,85617.7,0.3759,0.59954,2e-05,231.73618,620.1,154.0
2026-10-06T20:50:57Z,2027-03-26,171,85000.0,P,0.085,0.0865,0.0857,87744.72,85617.7,0.3759,-0.40046,2e-05,231.73618,59.9,1.0
2026-10-06T20:50:57Z,2027-03-26,171,86000.0,C,0.1105,0.112,0.1113,87744.72,85617.7,0.3754,0.58182,2e-05,234.17231,367.6,20.0
2026-10-06T20:50:57Z,2027-03-26,171,86000.0,P,0.0905,0.092,0.0914,87744.72,85617.7,0.3754,-0.41818,2e-05,234.17231,33.8,1.0
2026-10-06T20:50:57Z,2027-03-26,171,88000.0,C,0.1,0.101,0.1006,87744.52,85617.7,0.3747,0.54644,2e-05,237.59891,333.8,2.4
2026-10-06T20:50:57Z,2027-03-26,171,88000.0,P,0.1025,0.104,0.1035,87744.52,85617.7,0.3747,-0.45356,2e-05,237.59891,67.8,1.0
2026-10-06T20:50:57Z,2027-03-26,171,90000.0,C,0.09,0.0915,0.0906,87744.72,85617.7,0.3739,0.51135,2e-05,239.12503,900.2,1.1
2026-10-06T20:50:57Z,2027-03-26,171,90000.0,P,0.1155,0.117,0.1163,87744.52,85617.7,0.3739,-0.48865,2e-05,239.12455,45.3,1.0
2026-10-06T20:50:57Z,2027-03-26,171,92000.0,C,0.081,0.082,0.0816,87745.11,85617.7,0.3736,0.47696,2e-05,238.82388,420.0,0.1
2026-10-06T20:50:57Z,2027-03-26,171,92000.0,P,0.1295,0.1305,0.1301,87745.11,85617.7,0.3736,-0.52304,2e-05,238.82388,16.7,3.0
2026-10-06T20:50:57Z,2027-03-26,171,94000.0,C,0.073,0.074,0.0735,87745.11,85617.7,0.3741,0.44374,2e-05,236.83992,186.8,0.0
2026-10-06T20:50:57Z,2027-03-26,171,94000.0,P,0.144,0.1455,0.1448,87745.11,85617.7,0.3741,-0.55626,2e-05,236.83992,23.8,1.6
2026-10-06T20:50:57Z,2027-03-26,171,95000.0,C,0.069,0.0705,0.0697,87744.72,85617.7,0.3743,0.4275,2e-05,235.2608,459.5,0.0
2026-10-06T20:50:57Z,2027-03-26,171,95000.0,P,0.1515,0.153,0.1523,87744.72,85617.7,0.3743,-0.5725,2e-05,235.2608,10.3,2.6
2026-10-06T20:50:57Z,2027-03-26,171,96000.0,C,0.0655,0.0665,0.066,87745.11,85617.7,0.3743,0.41152,2e-05,233.31493,271.0,25.0
2026-10-06T20:50:57Z,2027-03-26,171,96000.0,P,0.1595,0.1605,0.1601,87745.11,85617.7,0.3743,-0.58848,2e-05,233.31493,6.8,1.6
2026-10-06T20:50:57Z,2027-03-26,171,98000.0,C,0.059,0.06,0.0594,87745.11,85617.7,0.3753,0.38107,2e-05,228.51199,239.2,0.1
2026-10-06T20:50:57Z,2027-03-26,171,98000.0,P,0.1745,0.1775,0.1763,87745.11,85617.7,0.3753,-0.61893,2e-05,228.51199,1.6,0.0
2026-10-06T20:50:57Z,2027-03-26,171,100000.0,C,0.053,0.054,0.0533,87745.11,85617.7,0.3759,0.35178,2e-05,222.51624,1307.6,3.2
2026-10-06T20:50:57Z,2027-03-26,171,100000.0,P,0.191,0.1945,0.1929,87744.72,85617.7,0.3759,-0.64822,2e-05,222.51379,12.7,0.4
2026-10-06T20:50:57Z,2027-03-26,171,102000.0,C,0.0475,0.0485,0.0479,87745.11,85617.7,0.3771,0.32443,2e-05,215.66394,113.5,0.0
2026-10-06T20:50:57Z,2027-03-26,171,102000.0,P,0.2085,0.212,0.2103,87745.11,85617.7,0.3771,-0.67557,2e-05,215.66394,0.1,0.0
2026-10-06T20:50:57Z,2027-03-26,171,104000.0,C,0.0425,0.0435,0.043,87745.11,85617.7,0.37810000000000005,0.29859,2e-05,208.0452,136.7,0.1
2026-10-06T20:50:57Z,2027-03-26,171,104000.0,P,0.2255,0.2305,0.2282,87745.11,85617.7,0.37810000000000005,-0.70141,2e-05,208.0452,0.1,0.0
2026-10-06T20:50:57Z,2027-03-26,171,105000.0,C,0.0405,0.041,0.0408,87745.11,85617.7,0.379,0.28651,1e-05,204.09136,243.8,0.9
2026-10-06T20:50:57Z,2027-03-26,171,105000.0,P,0.2345,0.2395,0.2374,87746.63,85617.7,0.379,-0.71347,1e-05,204.10269,2.4,0.0
2026-10-06T20:50:57Z,2027-03-26,171,106000.0,C,0.038,0.039,0.0385,87746.63,85617.7,0.3791,0.27429,1e-05,199.83158,94.5,1.0
2026-10-06T20:50:57Z,2027-03-26,171,106000.0,P,0.244,0.249,0.2466,87746.63,85617.7,0.3791,-0.72571,1e-05,199.83158,0.1,0.0
2026-10-06T20:50:57Z,2027-03-26,171,108000.0,C,0.0345,0.0355,0.035,87745.21,85617.7,0.3822,0.25318,1e-05,191.83021,98.0,0.0
2026-10-06T20:50:57Z,2027-03-26,171,108000.0,P,0.2625,0.268,0.2658,87746.63,85617.7,0.3822,-0.7468,1e-05,191.84121,0.1,0.0
2026-10-06T20:50:57Z,2027-03-26,171,110000.0,C,0.031,0.0315,0.0314,87746.63,85617.7,0.3837,0.2324,1e-05,183.14177,1226.4,0.0
2026-10-06T20:50:57Z,2027-03-26,171,110000.0,P,0.282,0.2875,0.2851,87746.63,85617.7,0.3837,-0.7676,1e-05,183.14177,5.1,0.4
2026-10-06T20:50:57Z,2027-03-26,171,112000.0,C,0.0275,0.0285,0.028,87746.63,85617.7,0.3839,0.21211,1e-05,173.83875,99.3,0.0
2026-10-06T20:50:57Z,2027-03-26,171,112000.0,P,0.3015,0.307,0.3044,87746.63,85617.7,0.3839,-0.78789,1e-05,173.83874,0.1,0.0
2026-10-06T20:50:57Z,2027-03-26,171,115000.0,C,0.0235,0.0245,0.024,87746.63,85617.7,0.38689999999999997,0.18649,1e-05,160.86483,572.0,0.0
2026-10-06T20:50:57Z,2027-03-26,171,115000.0,P,0.3315,0.3375,0.3346,87746.63,85617.7,0.38689999999999997,-0.81351,1e-05,160.86483,3.0,0.0
2026-10-06T20:50:57Z,2027-03-26,171,120000.0,C,0.0185,0.0195,0.019,87746.63,85617.7,0.3942,0.15216,1e-05,141.15338,835.9,0.1
2026-10-06T20:50:57Z,2027-03-26,171,120000.0,P,0.3835,0.3895,0.3866,87745.21,85617.7,0.3942,-0.84785,1e-05,141.14239,9.9,0.0
2026-10-06T20:50:57Z,2027-03-26,171,125000.0,C,0.0145,0.0155,0.015,87746.63,85617.7,0.4004,0.12376,1e-05,122.58287,433.5,3.0
2026-10-06T20:50:57Z,2027-03-26,171,125000.0,P,0.4365,0.4425,0.4396,87746.63,85617.7,0.4004,-0.87624,1e-05,122.58287,0.1,0.0
2026-10-06T20:50:57Z,2027-03-26,171,130000.0,C,0.0115,0.0125,0.012,87746.63,85617.7,0.4071,0.10138,1e-05,106.2954,1198.4,5.1
2026-10-06T20:50:57Z,2027-03-26,171,130000.0,P,0.4905,0.497,0.4936,87746.63,85617.7,0.4071,-0.89862,1e-05,106.2954,0.5,0.0
2026-10-06T20:50:57Z,2027-03-26,171,140000.0,C,0.0075,0.0085,0.008,87746.63,85617.7,0.4217,0.06983,1e-05,80.36808,903.4,0.0
2026-10-06T20:50:57Z,2027-03-26,171,140000.0,P,0.6005,0.607,0.6035,87746.52,85617.7,0.4217,-0.93017,1e-05,80.36753,10.9,0.0
2026-10-06T20:50:57Z,2027-03-26,171,150000.0,C,0.0055,0.006,0.0058,87746.52,85617.7,0.4395,0.05101,0.0,62.83591,1866.5,0.0
2026-10-06T20:50:57Z,2027-03-26,171,150000.0,P,0.7115,0.719,0.7153,87746.63,85617.7,0.4395,-0.94899,0.0,62.83641,0.6,0.0
2026-10-06T20:50:57Z,2027-03-26,171,160000.0,C,0.004,0.0044,0.0042,87746.52,85617.7,0.45520000000000005,0.03792,0.0,49.47226,1034.4,0.0
2026-10-06T20:50:57Z,2027-03-26,171,160000.0,P,0.824,0.8315,0.8277,87746.63,85617.7,0.45520000000000005,-0.96208,0.0,49.47267,0.1,0.0
2026-10-06T20:50:57Z,2027-03-26,171,170000.0,C,0.0033,0.0035,0.0034,87746.52,85617.7,0.47509999999999997,0.03041,0.0,41.26812,1003.5,2.1
2026-10-06T20:50:57Z,2027-03-26,171,170000.0,P,0.9365,0.945,0.9409,87746.52,85617.7,0.47509999999999997,-0.96959,0.0,41.26812,0.4,0.0
2026-10-06T20:50:57Z,2027-03-26,171,180000.0,C,0.0025,0.0029,0.0027,87746.52,85617.7,0.4899,0.02392,0.0,33.77677,689.4,0.0
2026-10-06T20:50:57Z,2027-03-26,171,180000.0,P,1.047,1.0605,1.0541,87746.52,85617.7,0.4899,-0.97608,0.0,33.77677,0.1,0.0
2026-10-06T20:50:57Z,2027-03-26,171,190000.0,C,0.0021,0.0024,0.0022,87746.52,85617.7,0.5065999999999999,0.01978,0.0,28.76827,709.2,5.1
2026-10-06T20:50:57Z,2027-03-26,171,190000.0,P,1.16,1.1745,1.1676,87746.52,85617.7,0.5065999999999999,-0.98022,0.0,28.76827,0.9,0.0
2026-10-06T20:50:57Z,2027-03-26,171,200000.0,C,0.0016,0.002,0.0018,87746.52,85617.7,0.5183,0.01582,0.0,23.77514,502.9,0.0
2026-10-06T20:50:57Z,2027-03-26,171,200000.0,P,1.273,1.289,1.2811,87746.52,85617.7,0.5183,-0.98418,0.0,23.77514,1.0,0.0
2026-10-06T20:50:57Z,2027-06-25,262,30000.0,C,0.664,0.6655,0.6649,88928.97,85617.7,0.6267,0.98966,0.0,20.65148,87.4,0.0
2026-10-06T20:50:57Z,2027-06-25,262,30000.0,P,0.002,0.0025,0.0022,88928.97,85617.7,0.6267,-0.01034,0.0,20.65148,530.2,0.0
2026-10-06T20:50:57Z,2027-06-25,262,40000.0,C,0.5545,0.556,0.5552,88928.82,85617.7,0.5426,0.97555,0.0,43.17604,24.1,0.0
2026-10-06T20:50:57Z,2027-06-25,262,40000.0,P,0.0047,0.005,0.005,88928.97,85617.7,0.5426,-0.02445,0.0,43.1758,1251.0,0.0
2026-10-06T20:50:57Z,2027-06-25,262,45000.0,C,0.5005,0.5025,0.5013,88928.97,85617.7,0.5089,0.96381,0.0,59.77335,15.4,0.0
2026-10-06T20:50:57Z,2027-06-25,262,45000.0,P,0.007,0.0075,0.0073,88928.97,85617.7,0.5089,-0.03619,0.0,59.77335,161.6,0.1
2026-10-06T20:50:57Z,2027-06-25,262,50000.0,C,0.4475,0.4495,0.4485,88928.97,85617.7,0.4814,0.94704,0.0,81.25497,20.2,0.0
2026-10-06T20:50:57Z,2027-06-25,262,50000.0,P,0.01,0.011,0.0107,88928.97,85617.7,0.4814,-0.05296,0.0,81.25497,343.0,0.1
2026-10-06T20:50:57Z,2027-06-25,262,52000.0,C,0.4265,0.429,0.4277,88928.82,85617.7,0.4719,0.9386,0.0,91.29213,1.1,0.0
2026-10-06T20:50:57Z,2027-06-25,262,52000.0,P,0.012,0.013,0.0125,88928.82,85617.7,0.4719,-0.0614,0.0,91.29213,51.2,0.1
2026-10-06T20:50:57Z,2027-06-25,262,54000.0,C,0.4055,0.4085,0.4073,88928.97,85617.7,0.46270000000000006,0.92916,0.0,101.98868,1.0,0.0
2026-10-06T20:50:57Z,2027-06-25,262,54000.0,P,0.014,0.015,0.0145,88928.82,85617.7,0.46270000000000006,-0.07084,0.0,101.98915,50.6,0.0
2026-10-06T20:50:57Z,2027-06-25,262,55000.0,C,0.3955,0.3985,0.397,88928.97,85617.7,0.4575,0.9243,0.0,107.30244,3.7,0.0
2026-10-06T20:50:57Z,2027-06-25,262,55000.0,P,0.015,0.016,0.0155,88928.97,85617.7,0.4575,-0.0757,0.0,107.30244,36.9,0.0
2026-10-06T20:50:57Z,2027-06-25,262,56000.0,C,0.3855,0.388,0.387,88928.97,85617.7,0.45380000000000004,0.91868,0.0,113.29242,2.9,0.0
2026-10-06T20:50:57Z,2027-06-25,262,56000.0,P,0.016,0.0175,0.0167,88928.82,85617.7,0.45380000000000004,-0.08133,0.0,113.29292,85.5,0.0
2026-10-06T20:50:57Z,2027-06-25,262,58000.0,C,0.3655,0.368,0.367,88928.97,85617.7,0.445,0.90711,0.0,125.12271,13.8,0.0
2026-10-06T20:50:57Z,2027-06-25,262,58000.0,P,0.0185,0.02,0.0192,88928.97,85617.7,0.445,-0.09289,0.0,125.12271,101.6,0.0
2026-10-06T20:50:57Z,2027-06-25,262,60000.0,C,0.346,0.3485,0.3473,88928.97,85617.7,0.4363,0.8944,1e-05,137.42811,969.9,0.0
2026-10-06T20:50:57Z,2027-06-25,262,60000.0,P,0.0215,0.0225,0.022,88928.82,85617.7,0.4363,-0.1056,1e-05,137.42866,241.2,0.0
2026-10-06T20:50:57Z,2027-06-25,262,62000.0,C,0.3265,0.329,0.328,88928.97,85617.7,0.4286,0.88014,1e-05,150.43753,122.9,0.0
2026-10-06T20:50:57Z,2027-06-25,262,62000.0,P,0.0245,0.026,0.0252,88929.12,85617.7,0.4286,-0.11986,1e-05,150.43695,115.8,0.0
2026-10-06T20:50:57Z,2027-06-25,262,64000.0,C,0.308,0.3105,0.3096,88929.12,85617.7,0.42340000000000005,0.86373,1e-05,164.47139,33.5,0.0
2026-10-06T20:50:57Z,2027-06-25,262,64000.0,P,0.029,0.03,0.0292,88929.12,85617.7,0.42340000000000005,-0.13627,1e-05,164.47139,64.1,0.0
2026-10-06T20:50:57Z,2027-06-25,262,65000.0,C,0.2985,0.3015,0.3003,88928.82,85617.7,0.42,0.85533,1e-05,171.28839,9.1,0.0
2026-10-06T20:50:57Z,2027-06-25,262,65000.0,P,0.0305,0.032,0.0312,88928.82,85617.7,0.42,-0.14467,1e-05,171.28839,51.4,0.0
2026-10-06T20:50:57Z,2027-06-25,262,66000.0,C,0.2895,0.292,0.2911,88929.12,85617.7,0.41609999999999997,0.8468,1e-05,177.96836,25.6,0.0
2026-10-06T20:50:57Z,2027-06-25,262,66000.0,P,0.0325,0.034,0.0332,88929.12,85617.7,0.41609999999999997,-0.1532,1e-05,177.96836,66.7,0.0
2026-10-06T20:50:57Z,2027-06-25,262,68000.0,C,0.272,0.2755,0.2736,88929.12,85617.7,0.41159999999999997,0.82751,1e-05,192.24375,14.7,0.0
2026-10-06T20:50:57Z,2027-06-25,262,68000.0,P,0.0375,0.039,0.0382,88929.12,85617.7,0.41159999999999997,-0.17249,1e-05,192.24375,22.6,2.0
2026-10-06T20:50:57Z,2027-06-25,262,70000.0,C,0.2545,0.258,0.2565,88928.82,85617.7,0.4067,0.80715,1e-05,206.11966,207.3,0.0
2026-10-06T20:50:57Z,2027-06-25,262,70000.0,P,0.043,0.0445,0.0436,88929.12,85617.7,0.4067,-0.19285,1e-05,206.1186,148.0,0.0
2026-10-06T20:50:57Z,2027-06-25,262,72000.0,C,0.2385,0.241,0.24,88928.82,85617.7,0.4025,0.78529,1e-05,219.74708,87.2,0.0
2026-10-06T20:50:57Z,2027-06-25,262,72000.0,P,0.049,0.0505,0.0497,88929.12,85617.7,0.4025,-0.2147,1e-05,219.7461,54.5,0.1
2026-10-06T20:50:57Z,2027-06-25,262,74000.0,C,0.2225,0.225,0.2241,88929.12,85617.7,0.39840000000000003,0.76227,1e-05,232.77009,23.3,0.0
2026-10-06T20:50:57Z,2027-06-25,262,74000.0,P,0.0555,0.057,0.0563,88929.12,85617.7,0.39840000000000003,-0.23773,1e-05,232.77009,21.6,0.1
2026-10-06T20:50:57Z,2027-06-25,262,76000.0,C,0.2075,0.21,0.2091,88928.82,85617.7,0.39549999999999996,0.73783,1e-05,245.18382,73.2,0.2
2026-10-06T20:50:57Z,2027-06-25,262,76000.0,P,0.063,0.0645,0.0638,88928.82,85617.7,0.39549999999999996,-0.26217,1e-05,245.18382,73.7,0.1
2026-10-06T20:50:57Z,2027-06-25,262,78000.0,C,0.193,0.1955,0.1946,88929.12,85617.7,0.3924,0.71257,1e-05,256.56372,104.0,0.5
2026-10-06T20:50:57Z,2027-06-25,262,78000.0,P,0.071,0.0725,0.0718,88928.82,85617.7,0.3924,-0.28743,1e-05,256.56432,106.5,0.1
2026-10-06T20:50:57Z,2027-06-25,262,80000.0,C,0.1795,0.182,0.1809,88929.12,85617.7,0.3897,0.68641,1e-05,266.86111,185.0,0.0
2026-10-06T20:50:57Z,2027-06-25,262,80000.0,P,0.0795,0.0815,0.0805,88929.12,85617.7,0.3897,-0.31359,1e-05,266.86111,55.4,0.0
2026-10-06T20:50:57Z,2027-06-25,262,82000.0,C,0.167,0.169,0.1681,88929.12,85617.7,0.38799999999999996,0.65955,1e-05,275.92582,68.3,0.0
2026-10-06T20:50:57Z,2027-06-25,262,82000.0,P,0.089,0.0915,0.0901,88928.82,85617.7,0.38799999999999996,-0.34046,1e-05,275.92606,34.7,0.0
2026-10-06T20:50:57Z,2027-06-25,262,84000.0,C,0.155,0.157,0.156,88929.12,85617.7,0.38670000000000004,0.63227,1e-05,283.6118,528.8,0.0
2026-10-06T20:50:57Z,2027-06-25,262,84000.0,P,0.0995,0.1015,0.1006,88928.82,85617.7,0.38670000000000004,-0.36773,1e-05,283.61183,507.5,0.0
2026-10-06T20:50:57Z,2027-06-25,262,85000.0,C,0.149,0.1515,0.1502,88929.12,85617.7,0.386,0.61855,1e-05,286.91464,163.1,0.3
2026-10-06T20:50:57Z,2027-06-25,262,85000.0,P,0.105,0.107,0.106,88929.12,85617.7,0.386,-0.38145,1e-05,286.91464,16.8,0.0
2026-10-06T20:50:57Z,2027-06-25,262,86000.0,C,0.1435,0.1455,0.1445,88928.82,85617.7,0.38530000000000003,0.60478,1e-05,289.85226,43.7,0.0
2026-10-06T20:50:57Z,2027-06-25,262,86000.0,P,0.1105,0.113,0.1116,88929.12,85617.7,0.38530000000000003,-0.39521,1e-05,289.85244,2.0,0.0
2026-10-06T20:50:57Z,2027-06-25,262,88000.0,C,0.133,0.135,0.1339,88928.82,85617.7,0.3847,0.57733,1e-05,294.61192,52.4,0.0
2026-10-06T20:50:57Z,2027-06-25,262,88000.0,P,0.1225,0.1245,0.1235,88928.82,85617.7,0.3847,-0.42267,1e-05,294.61192,30.7,0.2
2026-10-06T20:50:57Z,2027-06-25,262,90000.0,C,0.123,0.125,0.1239,88929.12,85617.7,0.384,0.55001,1e-05,297.90833,750.3,0.5
2026-10-06T20:50:57Z,2027-06-25,262,90000.0,P,0.1345,0.137,0.136,88929.12,85617.7,0.384,-0.44999,1e-05,297.90833,87.3,0.3
2026-10-06T20:50:57Z,2027-06-25,262,92000.0,C,0.1135,0.1155,0.1145,88928.82,85617.7,0.3832,0.52292,1e-05,299.77417,45.2,0.0
2026-10-06T20:50:57Z,2027-06-25,262,92000.0,P,0.148,0.1505,0.149,88929.12,85617.7,0.3832,-0.47707,1e-05,299.77501,0.3,0.0
2026-10-06T20:50:57Z,2027-06-25,262,94000.0,C,0.105,0.107,0.106,88929.12,85617.7,0.3834,0.49654,1e-05,300.25976,30.1,0.4
2026-10-06T20:50:57Z,2027-06-25,262,94000.0,P,0.1615,0.164,0.163,88929.12,85617.7,0.3834,-0.50346,1e-05,300.25976,0.1,0.0
2026-10-06T20:50:57Z,2027-06-25,262,95000.0,C,0.101,0.103,0.1019,88928.82,85617.7,0.3833,0.48351,1e-05,300.01352,58.2,0.0
2026-10-06T20:50:57Z,2027-06-25,262,95000.0,P,0.169,0.1715,0.1701,88928.82,85617.7,0.3833,-0.51649,1e-05,300.01352,40.2,0.0
2026-10-06T20:50:57Z,2027-06-25,262,96000.0,C,0.097,0.099,0.0979,88929.12,85617.7,0.3833,0.47064,1e-05,299.4574,151.6,0.0
2026-10-06T20:50:57Z,2027-06-25,262,96000.0,P,0.176,0.1785,0.1774,88928.82,85617.7,0.3833,-0.52937,1e-05,299.45616,0.1,0.0
2026-10-06T20:50:57Z,2027-06-25,262,98000.0,C,0.0895,0.0915,0.0904,88928.82,85617.7,0.3833,0.44544,1e-05,297.45707,112.0,0.0
2026-10-06T20:50:57Z,2027-06-25,262,98000.0,P,0.191,0.194,0.1924,88929.12,85617.7,0.3833,-0.55456,1e-05,297.45849,0.1,0.0
2026-10-06T20:50:57Z,2027-06-25,262,100000.0,C,0.0825,0.0845,0.0834,88928.82,85617.7,0.3833,0.42095,1e-05,294.35545,203.2,0.0
2026-10-06T20:50:57Z,2027-06-25,262,100000.0,P,0.2065,0.2095,0.2079,88928.82,85617.7,0.3833,-0.57905,1e-05,294.35545,2.4,0.0
2026-10-06T20:50:57Z,2027-06-25,262,102000.0,C,0.0765,0.078,0.0772,88928.82,85617.7,0.38439999999999996,0.39785,1e-05,290.37217,53.1,0.0
2026-10-06T20:50:57Z,2027-06-25,262,102000.0,P,0.2225,0.226,0.2242,88928.82,85617.7,0.38439999999999996,-0.60215,1e-05,290.37217,0.0,0.0
2026-10-06T20:50:57Z,2027-06-25,262,104000.0,C,0.0705,0.072,0.0712,88929.12,85617.7,0.3846,0.37518,1e-05,285.45104,185.9,0.0
2026-10-06T20:50:57Z,2027-06-25,262,104000.0,P,0.239,0.2425,0.2407,88929.12,85617.7,0.3846,-0.62482,1e-05,285.45104,0.0,0.0
2026-10-06T20:50:57Z,2027-06-25,262,105000.0,C,0.068,0.0695,0.0686,88929.12,85617.7,0.38520000000000004,0.36449,1e-05,282.77631,163.5,0.0
2026-10-06T20:50:57Z,2027-06-25,262,105000.0,P,0.2475,0.2515,0.2493,88929.12,85617.7,0.38520000000000004,-0.63551,1e-05,282.77631,2.1,0.0
2026-10-06T20:50:57Z,2027-06-25,262,106000.0,C,0.065,0.0665,0.0658,88928.82,85617.7,0.38520000000000004,0.35363,1e-05,279.82698,19.0,0.1
2026-10-06T20:50:57Z,2027-06-25,262,106000.0,P,0.256,0.26,0.2578,88928.82,85617.7,0.38520000000000004,-0.64637,1e-05,279.82698,0.0,0.0
2026-10-06T20:50:57Z,2027-06-25,262,108000.0,C,0.06,0.0615,0.0608,88929.12,85617.7,0.3861,0.33317,1e-05,273.61579,35.2,0.0
2026-10-06T20:50:57Z,2027-06-25,262,108000.0,P,0.2735,0.2775,0.2753,88929.12,85617.7,0.3861,-0.66683,1e-05,273.61579,0.2,0.0
2026-10-06T20:50:57Z,2027-06-25,262,110000.0,C,0.0555,0.057,0.0563,88928.82,85617.7,0.387,0.31369,1e-05,266.89789,289.0,0.0
2026-10-06T20:50:57Z,2027-06-25,262,110000.0,P,0.2915,0.2955,0.2932,88929.12,85617.7,0.387,-0.68631,1e-05,266.90013,5.3,0.0
2026-10-06T20:50:57Z,2027-06-25,262,112000.0,C,0.0515,0.053,0.0522,88928.82,85617.7,0.3886,0.29567,1e-05,259.967,0.0,0.0
2026-10-06T20:50:57Z,2027-06-25,262,112000.0,P,0.309,0.3145,0.3116,88929.12,85617.7,0.3886,-0.70433,1e-05,259.96931,0.0,0.0
2026-10-06T20:50:57Z,2027-06-25,262,114000.0,C,0.0475,0.049,0.0482,88929.12,85617.7,0.3893,0.27796,1e-05,252.46425,6.0,0.0
2026-10-06T20:50:57Z,2027-06-25,262,114000.0,P,0.3275,0.333,0.3302,88929.12,85617.7,0.3893,-0.72204,1e-05,252.46425,0.0,0.0
2026-10-06T20:50:57Z,2027-06-25,262,115000.0,C,0.046,0.0475,0.0466,88928.82,85617.7,0.39039999999999997,0.26996,1e-05,248.84864,150.1,0.0
2026-10-06T20:50:57Z,2027-06-25,262,115000.0,P,0.337,0.3425,0.3397,88929.12,85617.7,0.39039999999999997,-0.73003,1e-05,248.85104,1.0,0.0
2026-10-06T20:50:57Z,2027-06-25,262,116000.0,C,0.0445,0.0455,0.045,88929.12,85617.7,0.3917,0.26241,1e-05,245.29963,0.0,0.0
2026-10-06T20:50:57Z,2027-06-25,262,116000.0,P,0.3465,0.352,0.3494,88929.12,85617.7,0.3917,-0.73759,1e-05,245.29963,0.0,0.0
2026-10-06T20:50:57Z,2027-06-25,262,120000.0,C,0.038,0.0395,0.0387,88928.82,85617.7,0.39409999999999995,0.23225,1e-05,229.78782,352.3,0.0
2026-10-06T20:50:57Z,2027-06-25,262,120000.0,P,0.3855,0.391,0.3881,88928.82,85617.7,0.39409999999999995,-0.76775,1e-05,229.78782,0.9,0.0
2026-10-06T20:50:57Z,2027-06-25,262,125000.0,C,0.0315,0.033,0.0322,88928.82,85617.7,0.39770000000000005,0.19959,1e-05,210.45903,640.2,0.0
2026-10-06T20:50:57Z,2027-06-25,262,125000.0,P,0.435,0.4415,0.4379,88929.12,85617.7,0.39770000000000005,-0.80041,1e-05,210.46152,0.0,0.0
2026-10-06T20:50:57Z,2027-06-25,262,130000.0,C,0.0265,0.028,0.0272,88928.82,85617.7,0.40240000000000004,0.17246,1e-05,192.22343,771.8,0.1
2026-10-06T20:50:57Z,2027-06-25,262,130000.0,P,0.486,0.4925,0.489,88928.82,85617.7,0.40240000000000004,-0.82754,1e-05,192.22343,3.9,0.0
2026-10-06T20:50:57Z,2027-06-25,262,135000.0,C,0.0225,0.0235,0.0232,88929.12,85617.7,0.4081,0.15014,1e-05,175.59825,12.8,0.0
2026-10-06T20:50:57Z,2027-06-25,262,135000.0,P,0.538,0.545,0.5413,88929.12,85617.7,0.4081,-0.84986,1e-05,175.59825,0.0,0.0
2026-10-06T20:50:57Z,2027-06-25,262,140000.0,C,0.019,0.0205,0.0197,88929.12,85617.7,0.4125,0.13024,1e-05,159.42731,378.4,0.0
2026-10-06T20:50:57Z,2027-06-25,262,140000.0,P,0.5905,0.598,0.594,88929.12,85617.7,0.4125,-0.86976,1e-05,159.42731,3.4,0.0
2026-10-06T20:50:57Z,2027-06-25,262,150000.0,C,0.0145,0.0155,0.015,88929.12,85617.7,0.42469999999999997,0.10122,1e-05,133.26341,219.3,0.0
2026-10-06T20:50:57Z,2027-06-25,262,150000.0,P,0.698,0.7055,0.7017,88928.82,85617.7,0.42469999999999997,-0.89878,1e-05,133.26136,1.1,0.0
2026-10-06T20:50:57Z,2027-06-25,262,160000.0,C,0.011,0.012,0.0115,88929.12,85617.7,0.43520000000000003,0.07924,0.0,111.09546,698.4,0.0
2026-10-06T20:50:57Z,2027-06-25,262,160000.0,P,0.807,0.815,0.8107,88929.12,85617.7,0.43520000000000003,-0.92076,0.0,111.09546,0.2,0.0
2026-10-06T20:50:57Z,2027-06-25,262,170000.0,C,0.0085,0.0095,0.009,88929.12,85617.7,0.44549999999999995,0.06301,0.0,93.15809,153.0,0.0
2026-10-06T20:50:57Z,2027-06-25,262,170000.0,P,0.9165,0.9255,0.9206,88929.12,85617.7,0.44549999999999995,-0.93699,0.0,93.15809,15.1,0.0
2026-10-06T20:50:57Z,2027-06-25,262,180000.0,C,0.0065,0.008,0.0072,88928.82,85617.7,0.4561,0.05117,0.0,79.07283,66.7,0.0
2026-10-06T20:50:57Z,2027-06-25,262,180000.0,P,1.025,1.0395,1.0313,88929.12,85617.7,0.4561,-0.94883,0.0,79.07423,0.0,0.0
2026-10-06T20:50:57Z,2027-06-25,262,190000.0,C,0.0055,0.0065,0.006,88928.82,85617.7,0.46740000000000004,0.04258,0.0,68.23129,67.0,0.0
2026-10-06T20:50:57Z,2027-06-25,262,190000.0,P,1.1355,1.1535,1.1425,88929.12,85617.7,0.46740000000000004,-0.95742,0.0,68.23252,0.6,0.0
2026-10-06T20:50:57Z,2027-06-25,262,200000.0,C,0.0046,0.0055,0.005,88929.12,85617.7,0.4782,0.03592,0.0,59.40601,234.4,0.0
2026-10-06T20:50:57Z,2027-06-25,262,200000.0,P,1.246,1.265,1.254,88928.82,85617.7,0.4782,-0.96408,0.0,59.40491,2.1,0.0
2026-10-06T20:50:57Z,2027-09-24,353,50000.0,C,0.4585,0.462,0.4603,90095.77,85617.7,0.4622,0.93619,0.0,110.65569,1.5,0.0
2026-10-06T20:50:57Z,2027-09-24,353,50000.0,P,0.0145,0.016,0.0152,90095.62,85617.7,0.4622,-0.06381,0.0,110.65613,739.1,0.7
2026-10-06T20:50:57Z,2027-09-24,353,60000.0,C,0.363,0.366,0.3643,90095.62,85617.7,0.4291,0.88,1e-05,177.10807,0.0,0.0
2026-10-06T20:50:57Z,2027-09-24,353,60000.0,P,0.0295,0.031,0.0303,90095.62,85617.7,0.4291,-0.12,1e-05,177.10807,19.6,1.2
2026-10-06T20:50:57Z,2027-09-24,353,65000.0,C,0.3185,0.3215,0.3199,90095.62,85617.7,0.4163,0.84197,1e-05,213.67295,2.1,0.0
2026-10-06T20:50:57Z,2027-09-24,353,65000.0,P,0.0405,0.0425,0.0414,90095.77,85617.7,0.4163,-0.15803,1e-05,213.67243,3.2,0.0
2026-10-06T20:50:57Z,2027-09-24,353,70000.0,C,0.277,0.2805,0.2787,90095.77,85617.7,0.40619999999999995,0.79725,1e-05,249.90434,5.0,0.0
2026-10-06T20:50:57Z,2027-09-24,353,70000.0,P,0.055,0.0565,0.0557,90095.77,85617.7,0.40619999999999995,-0.20275,1e-05,249.90434,6.1,3.5
2026-10-06T20:50:57Z,2027-09-24,353,72000.0,C,0.2615,0.265,0.2635,90095.77,85617.7,0.40369999999999995,0.77742,1e-05,263.89737,0.0,0.0
2026-10-06T20:50:57Z,2027-09-24,353,72000.0,P,0.0615,0.0635,0.0626,90095.77,85617.7,0.40369999999999995,-0.22258,1e-05,263.89737,2.1,0.0
2026-10-06T20:50:57Z,2027-09-24,353,74000.0,C,0.247,0.25,0.2485,90095.77,85617.7,0.4004,0.75707,1e-05,277.05129,1.4,0.0
2026-10-06T20:50:57Z,2027-09-24,353,74000.0,P,0.069,0.071,0.0698,90095.77,85617.7,0.4004,-0.24293,1e-05,277.05129,25.1,0.0
2026-10-06T20:50:57Z,2027-09-24,353,76000.0,C,0.2325,0.236,0.2345,90095.62,85617.7,0.3987,0.7357,1e-05,289.60294,7.6,0.0
2026-10-06T20:50:57Z,2027-09-24,353,76000.0,P,0.0765,0.079,0.078,90095.77,85617.7,0.3987,-0.2643,1e-05,289.60265,25.6,0.4
2026-10-06T20:50:57Z,2027-09-24,353,78000.0,C,0.219,0.222,0.2208,90095.62,85617.7,0.39649999999999996,0.7139,1e-05,301.12795,12.2,0.0
2026-10-06T20:50:57Z,2027-09-24,353,78000.0,P,0.0855,0.0875,0.0866,90095.77,85617.7,0.39649999999999996,-0.2861,1e-05,301.12772,0.1,0.0
2026-10-06T20:50:57Z,2027-09-24,353,80000.0,C,0.206,0.209,0.2078,90095.77,85617.7,0.3946,0.6916,1e-05,311.64132,16.7,0.2
2026-10-06T20:50:57Z,2027-09-24,353,80000.0,P,0.0945,0.097,0.0957,90095.77,85617.7,0.3946,-0.3084,1e-05,311.64132,335.4,35.0
2026-10-06T20:50:57Z,2027-09-24,353,82000.0,C,0.1935,0.1965,0.1954,90095.62,85617.7,0.39299999999999996,0.6689,1e-05,321.05331,0.3,0.0
2026-10-06T20:50:57Z,2027-09-24,353,82000.0,P,0.104,0.107,0.1056,90095.77,85617.7,0.39299999999999996,-0.33109,1e-05,321.05324,1.2,0.0
2026-10-06T20:50:57Z,2027-09-24,353,84000.0,C,0.182,0.185,0.1837,90095.77,85617.7,0.3917,0.64597,1e-05,329.28859,502.5,0.1
2026-10-06T20:50:57Z,2027-09-24,353,84000.0,P,0.1145,0.1175,0.116,90095.77,85617.7,0.3917,-0.35403,1e-05,329.28859,501.0,0.0
2026-10-06T20:50:57Z,2027-09-24,353,86000.0,C,0.171,0.174,0.1725,90095.77,85617.7,0.39039999999999997,0.6229,1e-05,336.30841,1.8,0.4
2026-10-06T20:50:57Z,2027-09-24,353,86000.0,P,0.1255,0.1285,0.127,90095.77,85617.7,0.39039999999999997,-0.3771,1e-05,336.30841,4.4,0.0
2026-10-06T20:50:57Z,2027-09-24,353,88000.0,C,0.1605,0.1635,0.162,90095.77,85617.7,0.3898,0.59985,1e-05,342.08159,19.2,0.0
2026-10-06T20:50:57Z,2027-09-24,353,88000.0,P,0.137,0.1405,0.1388,90095.77,85617.7,0.3898,-0.40015,1e-05,342.08159,1.3,0.0
2026-10-06T20:50:57Z,2027-09-24,353,90000.0,C,0.151,0.1535,0.1522,90095.62,85617.7,0.3896,0.57699,1e-05,346.60614,12.0,0.1
2026-10-06T20:50:57Z,2027-09-24,353,90000.0,P,0.1495,0.1525,0.1512,90095.77,85617.7,0.3896,-0.42301,1e-05,346.60643,2.8,0.2
2026-10-06T20:50:57Z,2027-09-24,353,92000.0,C,0.1415,0.144,0.1427,90095.77,85617.7,0.3887,0.55418,1e-05,349.94196,1.1,0.0
2026-10-06T20:50:57Z,2027-09-24,353,92000.0,P,0.162,0.1655,0.1639,90095.77,85617.7,0.3887,-0.44582,1e-05,349.94196,0.0,0.0
2026-10-06T20:50:57Z,2027-09-24,353,94000.0,C,0.1325,0.1355,0.134,90095.77,85617.7,0.38880000000000003,0.53188,1e-05,352.07578,1.1,0.1
2026-10-06T20:50:57Z,2027-09-24,353,94000.0,P,0.1755,0.179,0.1774,90095.77,85617.7,0.38880000000000003,-0.46812,1e-05,352.07578,0.0,0.0
2026-10-06T20:50:57Z,2027-09-24,353,96000.0,C,0.1245,0.127,0.1257,90095.77,85617.7,0.3886,0.50985,1e-05,353.09618,0.4,0.0
2026-10-06T20:50:57Z,2027-09-24,353,96000.0,P,0.1895,0.193,0.1913,90095.62,85617.7,0.3886,-0.49015,1e-05,353.09563,0.0,0.0
2026-10-06T20:50:57Z,2027-09-24,353,98000.0,C,0.1165,0.119,0.1178,90095.77,85617.7,0.3881,0.48812,1e-05,353.04709,0.5,0.0
2026-10-06T20:50:57Z,2027-09-24,353,98000.0,P,0.2035,0.2075,0.2055,90095.77,85617.7,0.3881,-0.51188,1e-05,353.04709,0.0,0.0
2026-10-06T20:50:57Z,2027-09-24,353,100000.0,C,0.1095,0.112,0.1107,90095.85,85617.7,0.38880000000000003,0.46734,1e-05,352.01951,11.7,0.0
2026-10-06T20:50:57Z,2027-09-24,353,100000.0,P,0.2185,0.2225,0.2206,90095.85,85617.7,0.38880000000000003,-0.53266,1e-05,352.01951,0.0,0.0
2026-10-06T20:50:57Z,2027-09-24,353,102000.0,C,0.1025,0.105,0.1037,90095.77,85617.7,0.3887,0.44673,1e-05,350.05036,6.8,4.2
2026-10-06T20:50:57Z,2027-09-24,353,102000.0,P,0.2335,0.2385,0.2359,90095.85,85617.7,0.3887,-0.55327,1e-05,350.05078,0.0,0.0
2026-10-06T20:50:57Z,2027-09-24,353,104000.0,C,0.0965,0.0985,0.0974,90095.85,85617.7,0.3893,0.42706,1e-05,347.28386,5.7,0.0
2026-10-06T20:50:57Z,2027-09-24,353,104000.0,P,0.2495,0.2545,0.2518,90095.85,85617.7,0.3893,-0.57294,1e-05,347.28386,0.0,0.0
2026-10-06T20:50:57Z,2027-09-24,353,106000.0,C,0.0905,0.0925,0.0915,90095.85,85617.7,0.3897,0.40789,1e-05,343.74822,0.1,0.0
2026-10-06T20:50:57Z,2027-09-24,353,106000.0,P,0.2655,0.2705,0.268,90095.85,85617.7,0.3897,-0.59211,1e-05,343.74822,0.0,0.0
2026-10-06T20:50:57Z,2027-09-24,353,108000.0,C,0.0845,0.0865,0.0855,90095.77,85617.7,0.3893,0.38876,1e-05,339.383,0.0,0.0
2026-10-06T20:50:57Z,2027-09-24,353,108000.0,P,0.282,0.2875,0.2842,90095.85,85617.7,0.3893,-0.61124,1e-05,339.38352,0.0,0.0
2026-10-06T20:50:57Z,2027-09-24,353,110000.0,C,0.0795,0.0815,0.0805,90095.85,85617.7,0.39049999999999996,0.37133,1e-05,334.67008,200.6,0.0
2026-10-06T20:50:57Z,2027-09-24,353,110000.0,P,0.299,0.3045,0.3014,90095.85,85617.7,0.39049999999999996,-0.62867,1e-05,334.67008,0.2,0.0
2026-10-06T20:50:57Z,2027-09-24,353,112000.0,C,0.0745,0.0765,0.0755,90095.85,85617.7,0.3908,0.35398,1e-05,329.2736,0.0,0.0
2026-10-06T20:50:57Z,2027-09-24,353,112000.0,P,0.3125,0.322,0.3186,90095.77,85617.7,0.3908,-0.64602,1e-05,329.27302,0.0,0.0
2026-10-06T20:50:57Z,2027-09-24,353,114000.0,C,0.07,0.072,0.071,90095.85,85617.7,0.3917,0.33766,1e-05,323.54236,0.0,0.0
2026-10-06T20:50:57Z,2027-09-24,353,114000.0,P,0.3285,0.34,0.3363,90095.85,85617.7,0.3917,-0.66234,1e-05,323.54236,0.0,0.0
2026-10-06T20:50:57Z,2027-09-24,353,116000.0,C,0.066,0.0675,0.0667,90095.77,85617.7,0.3925,0.32192,1e-05,317.39988,2.3,2.0
2026-10-06T20:50:57Z,2027-09-24,353,116000.0,P,0.3485,0.358,0.3542,90095.85,85617.7,0.3925,-0.67808,1e-05,317.4005,0.0,0.0
2026-10-06T20:50:57Z,2027-09-24,353,118000.0,C,0.062,0.0635,0.0627,90099.78,85617.7,0.3933,0.30687,1e-05,310.97394,0.1,0.0
2026-10-06T20:50:57Z,2027-09-24,353,118000.0,P,0.37,0.3765,0.3725,90099.78,85617.7,0.3933,-0.69313,1e-05,310.97394,0.0,0.0
2026-10-06T20:50:57Z,2027-09-24,353,120000.0,C,0.0585,0.06,0.0592,90099.78,85617.7,0.3948,0.29299,1e-05,304.52687,12.6,0.5
2026-10-06T20:50:57Z,2027-09-24,353,120000.0,P,0.3885,0.395,0.3912,90099.78,85617.7,0.3948,-0.70701,1e-05,304.52687,0.0,0.0
2026-10-06T20:50:57Z,2027-09-24,353,125000.0,C,0.0505,0.052,0.0512,90096.11,85617.7,0.3979,0.26047,1e-05,287.44804,3.9,0.0
2026-10-06T20:50:57Z,2027-09-24,353,125000.0,P,0.432,0.443,0.4386,90099.78,85617.7,0.3979,-0.73949,1e-05,287.47897,0.0,0.0
2026-10-06T20:50:57Z,2027-09-24,353,130000.0,C,0.0435,0.045,0.0442,90096.11,85617.7,0.4004,0.23117,1e-05,269.5983,43.3,0.0
2026-10-06T20:50:57Z,2027-09-24,353,130000.0,P,0.4805,0.4915,0.4871,90099.78,85617.7,0.4004,-0.7688,1e-05,269.6298,4.0,0.0
2026-10-06T20:50:57Z,2027-09-24,353,135000.0,C,0.038,0.0395,0.0387,90096.11,85617.7,0.4045,0.20649,1e-05,252.63548,100.0,0.1
2026-10-06T20:50:57Z,2027-09-24,353,135000.0,P,0.5295,0.542,0.5371,90099.78,85617.7,0.4045,-0.79348,1e-05,252.66697,0.0,0.0
2026-10-06T20:50:57Z,2027-09-24,353,140000.0,C,0.033,0.0345,0.0337,90096.11,85617.7,0.40740000000000004,0.18386,1e-05,235.42267,506.5,0.0
2026-10-06T20:50:57Z,2027-09-24,353,140000.0,P,0.5845,0.593,0.5876,90096.11,85617.7,0.40740000000000004,-0.81614,1e-05,235.42267,0.0,0.0
2026-10-06T20:50:57Z,2027-09-24,353,150000.0,C,0.0255,0.027,0.0262,90099.78,85617.7,0.415,0.14777,1e-05,204.38456,23.9,0.0
2026-10-06T20:50:57Z,2027-09-24,353,150000.0,P,0.6875,0.6965,0.6911,90099.78,85617.7,0.415,-0.85223,1e-05,204.38456,0.0,0.0
2026-10-06T20:50:57Z,2027-09-24,353,160000.0,C,0.0205,0.022,0.0212,90099.78,85617.7,0.4251,0.12182,1e-05,178.99485,1.2,0.0
2026-10-06T20:50:57Z,2027-09-24,353,160000.0,P,0.7875,0.8025,0.7971,90099.78,85617.7,0.4251,-0.87818,1e-05,178.99485,0.0,0.0
2026-10-06T20:50:57Z,2027-09-24,353,170000.0,C,0.017,0.018,0.0175,90099.78,85617.7,0.435,0.10174,0.0,157.35544,2.2,0.0
2026-10-06T20:50:57Z,2027-09-24,353,170000.0,P,0.9,0.9095,0.9044,90102.16,85617.7,0.435,-0.89825,0.0,157.37199,4.3,0.0
2026-10-06T20:50:57Z,2027-09-24,353,180000.0,C,0.0135,0.015,0.0142,90102.16,85617.7,0.442,0.08438,0.0,137.01878,51.8,0.0
2026-10-06T20:50:57Z,2027-09-24,353,180000.0,P,0.998,1.03,1.0121,90102.16,85617.7,0.442,-0.91562,0.0,137.01878,0.1,0.0
2026-10-06T20:50:57Z,2027-09-24,353,190000.0,C,0.0115,0.012,0.012,90102.16,85617.7,0.4507,0.0717,0.0,121.08832,9.0,0.0
2026-10-06T20:50:57Z,2027-09-24,353,190000.0,P,1.1035,1.1405,1.1208,90102.16,85617.7,0.4507,-0.9283,0.0,121.08832,0.0,0.0
2026-10-06T20:50:57Z,2027-09-24,353,200000.0,C,0.01,0.0105,0.0103,90102.16,85617.7,0.4595,0.06177,0.0,107.89302,30.0,0.5
2026-10-06T20:50:57Z,2027-09-24,353,200000.0,P,1.2115,1.2515,1.2301,90102.16,85617.7,0.4595,-0.93823,0.0,107.89302,0.0,0.0
2026-10-06T20:50:57Z,2027-09-24,353,210000.0,C,0.0085,0.0095,0.009,90099.99,85617.7,0.46909999999999996,0.05422,0.0,97.38522,20.6,0.0
2026-10-06T20:50:57Z,2027-09-24,353,210000.0,P,1.32,1.363,1.3398,90102.16,85617.7,0.46909999999999996,-0.94578,0.0,97.39573,0.0,0.0
2026-10-06T20:50:57Z,2027-09-24,353,220000.0,C,0.0075,0.008,0.0078,90099.99,85617.7,0.47619999999999996,0.0471,0.0,87.05154,19.9,0.0
2026-10-06T20:50:57Z,2027-09-24,353,220000.0,P,1.429,1.4735,1.4496,90102.16,85617.7,0.47619999999999996,-0.9529,0.0,87.06114,0.0,0.0
