snapshot_ts,expiry,days_to_expiry,strike,option_type,bid,ask,mark_price,forward_price,index_price,implied_vol,delta,gamma,vega,open_interest,volume_24h
2026-08-01T17:04:03Z,2026-08-02,1,57000.0,C,0.0615,0.1245,0.0941,62919.82,62916.28,0.5854,0.99998,0.0,0.00232,0.0,0.0
2026-08-01T17:04:03Z,2026-08-02,1,57000.0,P,0.0,0.0001,0.0,62919.82,62916.28,0.5854,-2e-05,0.0,0.00232,35.0,1.0
2026-08-01T17:04:03Z,2026-08-02,1,58000.0,C,0.045,0.1095,0.0782,62919.82,62916.28,0.5852,0.99964,0.0,0.03404,0.0,0.0
2026-08-01T17:04:03Z,2026-08-02,1,58000.0,P,0.0,0.0001,0.0,62919.82,62916.28,0.5852,-0.00036,0.0,0.03404,10.1,0.0
2026-08-01T17:04:03Z,2026-08-02,1,59000.0,C,0.0285,0.0945,0.0623,62919.82,62916.28,0.5577000000000001,0.99748,1e-05,0.20288,0.0,0.0
2026-08-01T17:04:03Z,2026-08-02,1,59000.0,P,0.0,0.0001,0.0,62919.82,62916.28,0.5577000000000001,-0.00252,1e-05,0.20288,28.3,7.6
2026-08-01T17:04:03Z,2026-08-02,1,60000.0,C,0.013,0.078,0.0464,62919.82,62916.28,0.4316,0.99627,1e-05,0.28901,0.0,0.0
2026-08-01T17:04:03Z,2026-08-02,1,60000.0,P,0.0,0.0001,0.0,62919.82,62916.28,0.4316,-0.00373,1e-05,0.28901,58.7,51.7
2026-08-01T17:04:03Z,2026-08-02,1,61000.0,C,0.013,0.0635,0.0306,62919.82,62916.28,0.3611,0.9815,5e-05,1.17743,0.0,0.0
2026-08-01T17:04:03Z,2026-08-02,1,61000.0,P,0.0,0.0002,0.0001,62919.82,62916.28,0.3611,-0.0185,5e-05,1.17743,217.9,38.3
2026-08-01T17:04:03Z,2026-08-02,1,61500.0,C,0.013,0.0555,0.0227,62919.82,62916.28,0.2897,0.97219,8e-05,1.65978,0.0,0.0
2026-08-01T17:04:03Z,2026-08-02,1,61500.0,P,0.0001,0.0002,0.0001,62920.74,62916.28,0.2897,-0.02774,8e-05,1.65619,394.8,301.7
2026-08-01T17:04:03Z,2026-08-02,1,62000.0,C,0.0085,0.0465,0.0149,62920.74,62916.28,0.2318,0.9388,0.0002,3.14304,0.1,0.0
2026-08-01T17:04:03Z,2026-08-02,1,62000.0,P,0.0001,0.0004,0.0003,62920.73,62916.28,0.2318,-0.0612,0.0002,3.14312,203.4,141.0
2026-08-01T17:04:03Z,2026-08-02,1,62500.0,C,0.0065,0.008,0.0073,62920.74,62916.28,0.17,0.8313,0.00057,6.54177,15.2,11.4
2026-08-01T17:04:03Z,2026-08-02,1,62500.0,P,0.0005,0.0008,0.0006,62920.74,62916.28,0.17,-0.1687,0.00057,6.54177,340.7,223.6
2026-08-01T17:04:03Z,2026-08-02,1,63000.0,C,0.0015,0.0016,0.0018,62920.74,62916.28,0.1448,0.41779,0.00104,10.14325,159.0,111.0
2026-08-01T17:04:03Z,2026-08-02,1,63000.0,P,0.0024,0.003,0.0031,62920.74,62916.28,0.1448,-0.58221,0.00104,10.14325,100.3,76.1
2026-08-01T17:04:03Z,2026-08-02,1,63500.0,C,0.0002,0.0004,0.0003,62920.74,62916.28,0.17079999999999998,0.09745,0.00039,4.47374,115.6,138.4
2026-08-01T17:04:03Z,2026-08-02,1,63500.0,P,0.0075,0.0135,0.0095,62920.74,62916.28,0.17079999999999998,-0.90255,0.00039,4.47374,36.5,0.1
2026-08-01T17:04:03Z,2026-08-02,1,64000.0,C,0.0,0.0002,0.0001,62920.74,62916.28,0.22390000000000002,0.03324,0.00013,1.9238,111.9,107.9
2026-08-01T17:04:03Z,2026-08-02,1,64000.0,P,0.0125,0.0215,0.0173,62920.74,62916.28,0.22390000000000002,-0.96676,0.00013,1.9238,3.9,0.4
2026-08-01T17:04:03Z,2026-08-02,1,64500.0,C,0.0,0.0001,0.0,62920.74,62916.28,0.243,0.00685,3e-05,0.49637,35.5,21.3
2026-08-01T17:04:03Z,2026-08-02,1,64500.0,P,0.0205,0.0295,0.0251,62920.74,62916.28,0.243,-0.99315,3e-05,0.49637,19.0,10.0
2026-08-01T17:04:03Z,2026-08-02,1,65000.0,C,0.0,0.0001,0.0,62920.74,62916.28,0.2816,0.00263,1e-05,0.21091,99.4,34.7
2026-08-01T17:04:03Z,2026-08-02,1,65000.0,P,0.0285,0.0375,0.0331,62920.74,62916.28,0.2816,-0.99737,1e-05,0.21091,0.8,0.0
2026-08-01T17:04:03Z,2026-08-02,1,65500.0,C,0.0,0.0001,0.0,62920.74,62916.28,0.3247,0.0014,1e-05,0.1187,78.6,14.4
2026-08-01T17:04:03Z,2026-08-02,1,65500.0,P,0.0125,0.0795,0.041,62920.74,62916.28,0.3247,-0.9986,1e-05,0.1187,0.1,0.0
2026-08-01T17:04:03Z,2026-08-02,1,66000.0,C,0.0,0.0001,0.0,62920.74,62916.28,0.34049999999999997,0.00035,0.0,0.03294,39.2,1.0
2026-08-01T17:04:03Z,2026-08-02,1,66000.0,P,0.0145,0.087,0.0489,62920.74,62916.28,0.34049999999999997,-0.99965,0.0,0.03294,0.0,0.0
2026-08-01T17:04:03Z,2026-08-02,1,66500.0,C,0.0,0.0001,0.0,62920.74,62916.28,0.3525,7e-05,0.0,0.00777,19.5,0.0
2026-08-01T17:04:03Z,2026-08-02,1,66500.0,P,0.0215,0.095,0.0569,62920.74,62916.28,0.3525,-0.99993,0.0,0.00777,0.0,0.0
2026-08-01T17:04:03Z,2026-08-02,1,67000.0,C,0.0,0.0001,0.0,62920.74,62916.28,0.3753,3e-05,0.0,0.00289,33.1,0.0
2026-08-01T17:04:03Z,2026-08-02,1,67000.0,P,0.029,0.1035,0.0648,62920.74,62916.28,0.3753,-0.99997,0.0,0.00289,0.0,0.0
2026-08-01T17:04:03Z,2026-08-02,1,68000.0,C,0.0,0.0001,0.0,62920.74,62916.28,0.3753,0.0,0.0,4e-05,28.0,0.2
2026-08-01T17:04:03Z,2026-08-02,1,68000.0,P,0.0445,0.1205,0.0807,62920.73,62916.28,0.3753,-1.0,0.0,4e-05,0.0,0.0
2026-08-01T17:04:03Z,2026-08-02,1,69000.0,C,0.0,0.0001,0.0,62920.74,62916.28,0.3754,0.0,0.0,0.0,1.5,0.3
2026-08-01T17:04:03Z,2026-08-02,1,69000.0,P,0.06,0.1365,0.0966,62920.74,62916.28,0.3754,-1.0,0.0,0.0,0.0,0.0
2026-08-01T17:04:03Z,2026-08-02,1,70000.0,C,0.0,0.0001,0.0,62920.74,62916.28,0.38520000000000004,0.0,0.0,0.0,20.9,0.3
2026-08-01T17:04:03Z,2026-08-02,1,70000.0,P,0.0755,0.1525,0.1125,62920.74,62916.28,0.38520000000000004,-1.0,0.0,0.0,0.0,0.0
2026-08-01T17:04:03Z,2026-08-02,1,71000.0,C,0.0,0.0001,0.0,62920.74,62916.28,0.42340000000000005,0.0,0.0,0.0,0.3,0.3
2026-08-01T17:04:03Z,2026-08-02,1,71000.0,P,0.091,0.169,0.1284,62920.74,62916.28,0.42340000000000005,-1.0,0.0,0.0,0.0,0.0
2026-08-01T17:04:03Z,2026-08-02,1,72000.0,C,0.0,0.0001,0.0,62920.74,62916.28,0.4792,0.0,0.0,0.0,0.1,0.0
2026-08-01T17:04:03Z,2026-08-02,1,72000.0,P,0.106,0.1855,0.1443,62920.74,62916.28,0.4792,-1.0,0.0,0.0,0.0,0.0
2026-08-01T17:04:03Z,2026-08-03,2,57000.0,C,0.061,0.1255,0.0943,62934.07,62916.28,0.5689,0.99573,1e-05,0.52678,0.0,0.0
2026-08-01T17:04:03Z,2026-08-03,2,57000.0,P,0.0,0.0001,0.0001,62934.07,62916.28,0.5689,-0.00427,1e-05,0.52678,12.8,4.6
2026-08-01T17:04:03Z,2026-08-03,2,58000.0,C,0.0445,0.1105,0.0785,62933.95,62916.28,0.5267000000000001,0.99042,1e-05,1.07692,0.0,0.0
2026-08-01T17:04:03Z,2026-08-03,2,58000.0,P,0.0,0.0002,0.0001,62934.07,62916.28,0.5267000000000001,-0.00958,1e-05,1.07678,29.8,27.0
2026-08-01T17:04:03Z,2026-08-03,2,59000.0,C,0.0285,0.094,0.0626,62934.07,62916.28,0.4382,0.98693,2e-05,1.41101,0.0,0.0
2026-08-01T17:04:03Z,2026-08-03,2,59000.0,P,0.0001,0.0002,0.0001,62934.07,62916.28,0.4382,-0.01307,2e-05,1.41101,28.1,19.6
2026-08-01T17:04:03Z,2026-08-03,2,60000.0,C,0.0125,0.0795,0.0469,62933.95,62916.28,0.3765,0.97222,4e-05,2.67816,0.0,0.0
2026-08-01T17:04:03Z,2026-08-03,2,60000.0,P,0.0002,0.0004,0.0003,62933.95,62916.28,0.3765,-0.02778,4e-05,2.67816,108.5,84.6
2026-08-01T17:04:03Z,2026-08-03,2,61000.0,C,0.013,0.063,0.0311,62933.95,62916.28,0.28800000000000003,0.94899,9e-05,4.3967,0.0,0.0
2026-08-01T17:04:03Z,2026-08-03,2,61000.0,P,0.0004,0.0005,0.0004,62933.86,62916.28,0.28800000000000003,-0.05104,9e-05,4.39841,126.0,278.4
2026-08-01T17:04:03Z,2026-08-03,2,61500.0,C,0.013,0.056,0.0235,62934.07,62916.28,0.2557,0.91321,0.00015,6.6314,0.0,0.0
2026-08-01T17:04:03Z,2026-08-03,2,61500.0,P,0.0007,0.0008,0.0007,62933.86,62916.28,0.2557,-0.08683,0.00015,6.63357,62.3,55.5
2026-08-01T17:04:03Z,2026-08-03,2,62000.0,C,0.0085,0.0485,0.0163,62934.07,62916.28,0.2366,0.83043,0.00025,10.60008,0.2,0.0
2026-08-01T17:04:03Z,2026-08-03,2,62000.0,P,0.0013,0.0016,0.0014,62933.95,62916.28,0.2366,-0.16961,0.00025,10.60129,118.4,35.3
2026-08-01T17:04:03Z,2026-08-03,2,62500.0,C,0.0095,0.0105,0.01,62933.95,62916.28,0.222,0.68256,0.00038,14.95336,6.0,0.1
2026-08-01T17:04:03Z,2026-08-03,2,62500.0,P,0.0028,0.0034,0.0031,62933.95,62916.28,0.222,-0.31744,0.00038,14.95336,52.2,31.6
2026-08-01T17:04:03Z,2026-08-03,2,63000.0,C,0.0047,0.0055,0.0051,62934.07,62916.28,0.2114,0.4732,0.00045,16.70025,2.3,1.7
2026-08-01T17:04:03Z,2026-08-03,2,63000.0,P,0.0055,0.007,0.0062,62933.86,62916.28,0.2114,-0.5269,0.00045,16.69993,17.6,4.1
2026-08-01T17:04:03Z,2026-08-03,2,63500.0,C,0.0019,0.0022,0.0021,62933.86,62916.28,0.20329999999999998,0.25653,0.00038,13.51464,54.2,33.3
2026-08-01T17:04:03Z,2026-08-03,2,63500.0,P,0.0085,0.0145,0.0111,62933.95,62916.28,0.20329999999999998,-0.74343,0.00038,13.51575,27.7,16.0
2026-08-01T17:04:03Z,2026-08-03,2,64000.0,C,0.0007,0.0008,0.0008,62934.07,62916.28,0.21100000000000002,0.1176,0.00022,8.27401,32.3,6.1
2026-08-01T17:04:03Z,2026-08-03,2,64000.0,P,0.014,0.0215,0.0177,62933.95,62916.28,0.21100000000000002,-0.88243,0.00022,8.27267,23.8,0.0
2026-08-01T17:04:03Z,2026-08-03,2,64500.0,C,0.0002,0.0004,0.0003,62934.07,62916.28,0.2245,0.05102,0.00011,4.39758,156.7,22.4
2026-08-01T17:04:03Z,2026-08-03,2,64500.0,P,0.021,0.0295,0.0252,62934.07,62916.28,0.2245,-0.94898,0.00011,4.39758,12.1,0.0
2026-08-01T17:04:03Z,2026-08-03,2,65000.0,C,0.0001,0.0002,0.0002,62934.07,62916.28,0.2473,0.02552,6e-05,2.49489,268.6,15.0
2026-08-01T17:04:03Z,2026-08-03,2,65000.0,P,0.0285,0.0375,0.033,62934.07,62916.28,0.2473,-0.97448,6e-05,2.49489,13.3,0.8
2026-08-01T17:04:03Z,2026-08-03,2,65500.0,C,0.0,0.0002,0.0,62934.07,62916.28,0.2506,0.00857,2e-05,0.97694,29.5,5.4
2026-08-01T17:04:03Z,2026-08-03,2,65500.0,P,0.013,0.08,0.0408,62933.95,62916.28,0.2506,-0.99143,2e-05,0.97667,1.0,0.0
2026-08-01T17:04:03Z,2026-08-03,2,66000.0,C,0.0,0.0001,0.0,62933.95,62916.28,0.2799,0.00554,1e-05,0.66449,14.3,0.0
2026-08-01T17:04:03Z,2026-08-03,2,66000.0,P,0.015,0.087,0.0487,62933.95,62916.28,0.2799,-0.99446,1e-05,0.66449,0.1,0.0
2026-08-01T17:04:03Z,2026-08-03,2,66500.0,C,0.0,0.0001,0.0,62934.07,62916.28,0.3159,0.00457,1e-05,0.56041,55.5,0.3
2026-08-01T17:04:03Z,2026-08-03,2,66500.0,P,0.022,0.095,0.0567,62934.07,62916.28,0.3159,-0.99543,1e-05,0.56041,0.0,0.0
2026-08-01T17:04:03Z,2026-08-03,2,67000.0,C,0.0,0.0001,0.0,62933.95,62916.28,0.32189999999999996,0.00183,0.0,0.245,64.7,0.6
2026-08-01T17:04:03Z,2026-08-03,2,67000.0,P,0.029,0.1035,0.0646,62934.07,62916.28,0.32189999999999996,-0.99817,0.0,0.24507,0.0,0.0
2026-08-01T17:04:03Z,2026-08-03,2,68000.0,C,0.0,0.0001,0.0,62933.95,62916.28,0.3594,0.00064,0.0,0.09414,42.4,0.0
2026-08-01T17:04:03Z,2026-08-03,2,68000.0,P,0.0445,0.121,0.0805,62933.95,62916.28,0.3594,-0.99936,0.0,0.09414,0.3,0.3
2026-08-01T17:04:03Z,2026-08-03,2,69000.0,C,0.0,0.0001,0.0,62933.95,62916.28,0.35950000000000004,6e-05,0.0,0.01101,38.0,0.4
2026-08-01T17:04:03Z,2026-08-03,2,69000.0,P,0.0595,0.136,0.0964,62934.07,62916.28,0.35950000000000004,-0.99994,0.0,0.01101,0.0,0.0
2026-08-01T17:04:03Z,2026-08-03,2,70000.0,C,0.0,0.0001,0.0,62933.95,62916.28,0.3845,2e-05,0.0,0.0032,1.3,0.0
2026-08-01T17:04:03Z,2026-08-03,2,70000.0,P,0.075,0.1525,0.1123,62934.07,62916.28,0.3845,-0.99998,0.0,0.0032,0.0,0.0
2026-08-01T17:04:03Z,2026-08-03,2,71000.0,C,0.0,0.0001,0.0,62933.95,62916.28,0.4047,0.0,0.0,0.00082,2.4,0.0
2026-08-01T17:04:03Z,2026-08-03,2,71000.0,P,0.092,0.1695,0.1282,62934.07,62916.28,0.4047,-1.0,0.0,0.00082,0.0,0.0
2026-08-01T17:04:03Z,2026-08-03,2,72000.0,C,0.0,0.0001,0.0,62933.95,62916.28,0.45280000000000004,0.0,0.0,0.00086,6.5,0.0
2026-08-01T17:04:03Z,2026-08-03,2,72000.0,P,0.1055,0.186,0.1441,62933.95,62916.28,0.45280000000000004,-1.0,0.0,0.00086,0.0,0.0
2026-08-01T17:04:03Z,2026-08-04,3,56000.0,C,0.078,0.1415,0.1104,62940.14,62916.28,0.5813,0.99171,1e-05,1.20709,0.0,0.0
2026-08-01T17:04:03Z,2026-08-04,3,56000.0,P,0.0001,0.0002,0.0001,62940.14,62916.28,0.5813,-0.00829,1e-05,1.20709,4.1,4.1
2026-08-01T17:04:03Z,2026-08-04,3,57000.0,C,0.0615,0.126,0.0946,62940.14,62916.28,0.5408,0.98557,1e-05,1.95385,0.0,0.0
2026-08-01T17:04:03Z,2026-08-04,3,57000.0,P,0.0002,0.0003,0.0002,62940.14,62916.28,0.5408,-0.01443,1e-05,1.95385,8.3,5.0
2026-08-01T17:04:03Z,2026-08-04,3,58000.0,C,0.0455,0.1105,0.0788,62940.14,62916.28,0.46840000000000004,0.98117,2e-05,2.45367,0.0,0.0
2026-08-01T17:04:03Z,2026-08-04,3,58000.0,P,0.0002,0.0004,0.0003,62940.14,62916.28,0.46840000000000004,-0.01883,2e-05,2.45367,54.7,54.4
2026-08-01T17:04:03Z,2026-08-04,3,59000.0,C,0.029,0.0955,0.063,62940.14,62916.28,0.41600000000000004,0.96791,3e-05,3.83811,0.0,0.0
2026-08-01T17:04:03Z,2026-08-04,3,59000.0,P,0.0004,0.0006,0.0004,62940.14,62916.28,0.41609999999999997,-0.03211,3e-05,3.83981,21.2,0.6
2026-08-01T17:04:03Z,2026-08-04,3,60000.0,C,0.0135,0.0805,0.0475,62940.14,62916.28,0.3627,0.94197,6e-05,6.1903,0.0,0.0
2026-08-01T17:04:03Z,2026-08-04,3,60000.0,P,0.0007,0.0009,0.0008,62940.14,62916.28,0.3627,-0.05803,6e-05,6.1907,27.7,4.5
2026-08-01T17:04:03Z,2026-08-04,3,61000.0,C,0.0035,0.0655,0.0325,62940.14,62916.28,0.3223,0.87692,0.00012,10.86381,0.0,0.0
2026-08-01T17:04:03Z,2026-08-04,3,61000.0,P,0.0015,0.0019,0.0017,62940.14,62916.28,0.3223,-0.12309,0.00012,10.86387,77.7,56.1
2026-08-01T17:04:03Z,2026-08-04,3,61500.0,C,0.0011,0.058,0.0255,62940.14,62916.28,0.30469999999999997,0.81841,0.00016,14.07601,0.0,0.0
2026-08-01T17:04:03Z,2026-08-04,3,61500.0,P,0.0023,0.0028,0.0026,62940.14,62916.28,0.30469999999999997,-0.18159,0.00016,14.07596,174.5,10.2
2026-08-01T17:04:03Z,2026-08-04,3,62000.0,C,0.0003,0.0505,0.0189,62940.14,62916.28,0.2891,0.73448,0.00021,17.49119,0.0,0.0
2026-08-01T17:04:03Z,2026-08-04,3,62000.0,P,0.0037,0.0043,0.004,62940.14,62916.28,0.2891,-0.26552,0.00021,17.49112,118.8,5.0
2026-08-01T17:04:03Z,2026-08-04,3,62500.0,C,0.0125,0.014,0.0133,62940.26,62916.28,0.2775,0.6218,0.00026,20.28286,0.0,0.0
2026-08-01T17:04:03Z,2026-08-04,3,62500.0,P,0.0055,0.0065,0.0063,62940.14,62916.28,0.2775,-0.37823,0.00026,20.28334,5.3,3.9
2026-08-01T17:04:03Z,2026-08-04,3,63000.0,C,0.008,0.0085,0.0085,62940.14,62916.28,0.2643,0.48755,0.00028,21.2723,9.5,9.9
2026-08-01T17:04:03Z,2026-08-04,3,63000.0,P,0.009,0.01,0.0094,62940.14,62916.28,0.2643,-0.51245,0.00028,21.2723,2.8,1.1
2026-08-01T17:04:03Z,2026-08-04,3,63500.0,C,0.0046,0.0055,0.005,62940.14,62916.28,0.2584,0.34705,0.00027,19.69859,21.5,21.4
2026-08-01T17:04:03Z,2026-08-04,3,63500.0,P,0.013,0.0145,0.0139,62940.14,62916.28,0.2584,-0.65296,0.00027,19.69857,17.7,16.3
2026-08-01T17:04:03Z,2026-08-04,3,64000.0,C,0.0025,0.0027,0.0027,62940.14,62916.28,0.2521,0.22041,0.00022,15.81273,11.0,10.9
2026-08-01T17:04:03Z,2026-08-04,3,64000.0,P,0.0001,0.0555,0.0195,62940.14,62916.28,0.2521,-0.77961,0.00022,15.81213,0.1,0.0
2026-08-01T17:04:03Z,2026-08-04,3,64500.0,C,0.0012,0.0014,0.0014,62940.14,62916.28,0.2523,0.12839,0.00016,11.1882,44.5,43.5
2026-08-01T17:04:03Z,2026-08-04,3,64500.0,P,0.0009,0.0635,0.0262,62940.14,62916.28,0.2523,-0.87161,0.00016,11.1882,0.0,0.0
2026-08-01T17:04:03Z,2026-08-04,3,65000.0,C,0.0005,0.0006,0.0006,62940.14,62916.28,0.2523,0.06741,0.0001,6.95764,49.5,11.6
2026-08-01T17:04:03Z,2026-08-04,3,65000.0,P,0.0031,0.071,0.0334,62940.14,62916.28,0.2523,-0.93256,0.0001,6.96019,0.4,0.4
2026-08-01T17:04:03Z,2026-08-04,3,65500.0,C,0.0002,0.0004,0.0003,62940.14,62916.28,0.2588,0.03545,6e-05,4.16528,27.9,22.0
2026-08-01T17:04:03Z,2026-08-04,3,65500.0,P,0.0075,0.079,0.041,62940.14,62916.28,0.2588,-0.96456,6e-05,4.16475,0.0,0.0
2026-08-01T17:04:03Z,2026-08-04,3,66000.0,C,0.0001,0.0002,0.0002,62940.14,62916.28,0.2682,0.01891,3e-05,2.46334,10.0,4.9
2026-08-01T17:04:03Z,2026-08-04,3,66000.0,P,0.014,0.087,0.0488,62940.14,62916.28,0.2682,-0.98109,3e-05,2.46334,0.0,0.0
2026-08-01T17:04:03Z,2026-08-04,3,67000.0,C,0.0,0.0001,0.0001,62940.14,62916.28,0.3048,0.00804,1e-05,1.17498,80.9,0.5
2026-08-01T17:04:03Z,2026-08-04,3,67000.0,P,0.0285,0.1035,0.0646,62940.14,62916.28,0.3048,-0.99196,1e-05,1.17498,0.0,0.0
2026-08-01T17:04:03Z,2026-08-04,3,68000.0,C,0.0,0.0001,0.0,62940.14,62916.28,0.33140000000000003,0.00309,1e-05,0.50061,48.8,48.3
2026-08-01T17:04:03Z,2026-08-04,3,68000.0,P,0.044,0.1195,0.0804,62940.14,62916.28,0.33140000000000003,-0.99691,1e-05,0.50061,0.0,0.0
2026-08-01T17:04:03Z,2026-08-04,3,69000.0,C,0.0,0.0001,0.0,62940.14,62916.28,0.3682,0.0017,0.0,0.29133,0.5,0.0
2026-08-01T17:04:03Z,2026-08-04,3,69000.0,P,0.06,0.136,0.0963,62939.67,62916.28,0.3682,-0.9983,0.0,0.29113,0.0,0.0
2026-08-01T17:04:03Z,2026-08-04,3,70000.0,C,0.0,0.0001,0.0,62939.67,62916.28,0.4163,0.00137,0.0,0.23952,0.0,0.0
2026-08-01T17:04:03Z,2026-08-04,3,70000.0,P,0.0745,0.1525,0.1122,62940.14,62916.28,0.4163,-0.99863,0.0,0.23967,0.0,0.0
2026-08-01T17:04:03Z,2026-08-04,3,71000.0,C,0.0,0.0001,0.0,62939.67,62916.28,0.4274,0.00047,0.0,0.08952,0.0,0.0
2026-08-01T17:04:03Z,2026-08-04,3,71000.0,P,0.09,0.169,0.1281,62940.14,62916.28,0.4274,-0.99953,0.0,0.08958,0.0,0.0
2026-08-01T17:04:03Z,2026-08-05,4,56000.0,C,0.0785,0.1405,0.1106,62949.39,62916.28,0.5103,0.99,1e-05,1.67121,0.0,0.0
2026-08-01T17:04:03Z,2026-08-05,4,56000.0,P,0.0001,0.0003,0.0002,62949.39,62916.28,0.5103,-0.01,1e-05,1.67103,1.9,1.9
2026-08-01T17:04:03Z,2026-08-05,4,57000.0,C,0.062,0.1265,0.0948,62949.39,62916.28,0.4714,0.98373,1e-05,2.54642,0.0,0.0
2026-08-01T17:04:03Z,2026-08-05,4,57000.0,P,0.0002,0.0004,0.0003,62949.39,62916.28,0.4714,-0.01627,1e-05,2.54589,15.4,15.4
2026-08-01T17:04:03Z,2026-08-05,4,58000.0,C,0.0455,0.1105,0.0791,62949.39,62916.28,0.435,0.97202,2e-05,4.02641,0.0,0.0
2026-08-01T17:04:03Z,2026-08-05,4,58000.0,P,0.0004,0.0005,0.0005,62949.39,62916.28,0.435,-0.02797,2e-05,4.02601,6.3,6.3
2026-08-01T17:04:03Z,2026-08-05,4,59000.0,C,0.0295,0.0955,0.0635,62949.39,62916.28,0.3962,0.95169,4e-05,6.29192,0.0,0.0
2026-08-01T17:04:03Z,2026-08-05,4,59000.0,P,0.0007,0.0009,0.0008,62949.39,62916.28,0.3962,-0.04831,4e-05,6.29204,0.7,0.7
2026-08-01T17:04:03Z,2026-08-05,4,60000.0,C,0.0155,0.0805,0.0483,62949.39,62916.28,0.3583,0.91344,7e-05,9.8922,0.0,0.0
2026-08-01T17:04:03Z,2026-08-05,4,60000.0,P,0.0014,0.0016,0.0014,62949.39,62916.28,0.3583,-0.08656,7e-05,9.89205,3.4,3.4
2026-08-01T17:04:03Z,2026-08-05,4,60500.0,C,0.009,0.073,0.041,62949.39,62916.28,0.34630000000000005,0.87851,9e-05,12.65402,0.0,0.0
2026-08-01T17:04:03Z,2026-08-05,4,60500.0,P,0.0019,0.0023,0.0021,62949.39,62916.28,0.34630000000000005,-0.1215,9e-05,12.65445,0.1,0.1
2026-08-01T17:04:03Z,2026-08-05,4,61000.0,C,0.0055,0.0665,0.0339,62949.39,62916.28,0.3322,0.83324,0.00012,15.67381,0.0,0.0
2026-08-01T17:04:03Z,2026-08-05,4,61000.0,P,0.0028,0.0032,0.003,62949.39,62916.28,0.3322,-0.16676,0.00012,15.67381,0.2,0.2
2026-08-01T17:04:03Z,2026-08-05,4,61500.0,C,0.0023,0.0595,0.0273,62949.39,62916.28,0.319,0.77307,0.00015,18.89825,0.0,0.0
2026-08-01T17:04:03Z,2026-08-05,4,61500.0,P,0.004,0.0045,0.0042,62949.39,62916.28,0.319,-0.22693,0.00015,18.8982,2.3,2.3
2026-08-01T17:04:03Z,2026-08-05,4,62000.0,C,0.0205,0.022,0.0211,62949.39,62916.28,0.3079,0.69523,0.00018,21.95828,0.0,0.0
2026-08-01T17:04:03Z,2026-08-05,4,62000.0,P,0.0055,0.0065,0.0061,62949.39,62916.28,0.3079,-0.30477,0.00018,21.95828,0.9,0.9
2026-08-01T17:04:03Z,2026-08-05,4,62500.0,C,0.015,0.0165,0.0157,62949.39,62916.28,0.2986,0.60091,0.00021,24.21273,0.0,0.0
2026-08-01T17:04:03Z,2026-08-05,4,62500.0,P,0.008,0.009,0.0086,62949.39,62916.28,0.2986,-0.39908,0.00021,24.2127,1.2,1.2
2026-08-01T17:04:03Z,2026-08-05,4,63000.0,C,0.0105,0.0115,0.0111,62949.39,62916.28,0.28859999999999997,0.49459,0.00022,25.01513,0.1,0.1
2026-08-01T17:04:03Z,2026-08-05,4,63000.0,P,0.011,0.0125,0.0119,62949.39,62916.28,0.28859999999999997,-0.50541,0.00022,25.01513,17.5,17.6
2026-08-01T17:04:03Z,2026-08-05,4,63500.0,C,0.007,0.008,0.0073,62949.39,62916.28,0.2796,0.38255,0.00022,23.92529,0.7,0.7
2026-08-01T17:04:03Z,2026-08-05,4,63500.0,P,0.0155,0.017,0.0161,62949.39,62916.28,0.2796,-0.61745,0.00022,23.92529,0.0,0.0
2026-08-01T17:04:03Z,2026-08-05,4,64000.0,C,0.0043,0.0048,0.0046,62949.39,62916.28,0.2754,0.27776,0.00019,21.02726,1.1,1.1
2026-08-01T17:04:03Z,2026-08-05,4,64000.0,P,0.0008,0.0585,0.0213,62949.39,62916.28,0.2754,-0.72224,0.00019,21.02726,0.0,0.0
2026-08-01T17:04:03Z,2026-08-05,4,64500.0,C,0.0024,0.003,0.0028,62949.39,62916.28,0.2721,0.1883,0.00016,16.92314,2.5,2.5
2026-08-01T17:04:03Z,2026-08-05,4,64500.0,P,0.0021,0.0645,0.0274,62949.39,62916.28,0.2721,-0.8117,0.00016,16.92314,0.0,0.0
2026-08-01T17:04:03Z,2026-08-05,4,65000.0,C,0.0014,0.0018,0.0016,62949.39,62916.28,0.2727,0.12169,0.00012,12.66815,6.0,6.0
2026-08-01T17:04:03Z,2026-08-05,4,65000.0,P,0.0046,0.072,0.0342,62949.39,62916.28,0.2727,-0.87832,0.00012,12.66803,0.0,0.0
2026-08-01T17:04:03Z,2026-08-05,4,65500.0,C,0.0007,0.001,0.0009,62949.39,62916.28,0.2734,0.07423,8e-05,8.80747,5.3,5.3
2026-08-01T17:04:03Z,2026-08-05,4,65500.0,P,0.009,0.081,0.0414,62948.53,62916.28,0.2733,-0.92584,8e-05,8.80053,0.0,0.0
2026-08-01T17:04:03Z,2026-08-05,4,66000.0,C,0.0004,0.0006,0.0005,62949.39,62916.28,0.2789,0.04558,5e-05,6.00609,17.5,17.5
2026-08-01T17:04:03Z,2026-08-05,4,66000.0,P,0.015,0.0875,0.049,62948.53,62916.28,0.2789,-0.95446,5e-05,6.00102,0.0,0.0
2026-08-01T17:04:03Z,2026-08-05,4,67000.0,C,0.0001,0.0003,0.0002,62948.53,62916.28,0.2964,0.01798,2e-05,2.77297,0.0,0.0
2026-08-01T17:04:03Z,2026-08-05,4,67000.0,P,0.029,0.1035,0.0645,62948.53,62916.28,0.2964,-0.98202,2e-05,2.77297,0.0,0.0
2026-08-01T17:04:03Z,2026-08-05,4,68000.0,C,0.0,0.0001,0.0001,62949.39,62916.28,0.3049,0.00577,1e-05,1.0297,0.3,0.3
2026-08-01T17:04:03Z,2026-08-05,4,68000.0,P,0.044,0.1195,0.0803,62949.39,62916.28,0.3049,-0.99423,1e-05,1.0297,0.0,0.0
2026-08-01T17:04:03Z,2026-08-05,4,69000.0,C,0.0,0.0001,0.0001,62949.39,62916.28,0.3557,0.00505,1e-05,0.91507,0.0,0.0
2026-08-01T17:04:03Z,2026-08-05,4,69000.0,P,0.0595,0.136,0.0962,62948.53,62916.28,0.3557,-0.99495,1e-05,0.91415,0.0,0.0
2026-08-01T17:04:03Z,2026-08-05,4,70000.0,C,0.0,0.0001,0.0001,62948.53,62916.28,0.4053,0.00453,1e-05,0.8309,0.0,0.0
2026-08-01T17:04:03Z,2026-08-05,4,70000.0,P,0.0755,0.1525,0.1121,62948.53,62916.28,0.4053,-0.99547,1e-05,0.8309,0.0,0.0
2026-08-01T17:04:03Z,2026-08-07,6,53000.0,C,0.1545,0.161,0.1586,62967.26,62916.28,0.6132,0.98934,1e-05,2.20233,0.0,0.0
2026-08-01T17:04:03Z,2026-08-07,6,53000.0,P,0.0002,0.0004,0.0003,62967.3,62916.28,0.6132,-0.01066,1e-05,2.20229,77.6,17.9
2026-08-01T17:04:03Z,2026-08-07,6,55000.0,C,0.123,0.152,0.127,62967.26,62916.28,0.5357999999999999,0.98066,1e-05,3.67783,0.0,0.0
2026-08-01T17:04:03Z,2026-08-07,6,55000.0,P,0.0004,0.0006,0.0005,62967.26,62916.28,0.5357999999999999,-0.01934,1e-05,3.67783,255.4,2.1
2026-08-01T17:04:03Z,2026-08-07,6,58000.0,C,0.076,0.083,0.0803,62967.3,62916.28,0.4325,0.94036,4e-05,9.26531,0.0,0.0
2026-08-01T17:04:03Z,2026-08-07,6,58000.0,P,0.0013,0.0015,0.0014,62967.26,62916.28,0.4325,-0.05964,4e-05,9.26548,1068.0,24.0
2026-08-01T17:04:03Z,2026-08-07,6,60000.0,C,0.047,0.053,0.0507,62967.26,62916.28,0.377,0.85428,8e-05,17.87154,11.5,0.0
2026-08-01T17:04:03Z,2026-08-07,6,60000.0,P,0.0035,0.0037,0.0036,62967.26,62916.28,0.377,-0.14572,8e-05,17.87154,1595.9,18.6
2026-08-01T17:04:03Z,2026-08-07,6,61000.0,C,0.0355,0.038,0.0372,62967.26,62916.28,0.3532,0.77219,0.00011,23.60276,34.6,1.0
2026-08-01T17:04:03Z,2026-08-07,6,61000.0,P,0.0055,0.0065,0.0059,62967.26,62916.28,0.3532,-0.22781,0.00011,23.60276,505.4,12.5
2026-08-01T17:04:03Z,2026-08-07,6,62000.0,C,0.0245,0.026,0.0253,62967.26,62916.28,0.3357,0.6526,0.00014,28.8672,158.2,1.1
2026-08-01T17:04:03Z,2026-08-07,6,62000.0,P,0.0095,0.0105,0.0099,62967.26,62916.28,0.3357,-0.3474,0.00014,28.8672,1381.3,27.2
2026-08-01T17:04:03Z,2026-08-07,6,62500.0,C,0.019,0.0205,0.0201,62967.26,62916.28,0.327,0.58076,0.00015,30.53582,0.0,0.0
2026-08-01T17:04:03Z,2026-08-07,6,62500.0,P,0.012,0.013,0.0127,62967.26,62916.28,0.327,-0.41924,0.00015,30.53582,16.7,16.3
2026-08-01T17:04:03Z,2026-08-07,6,63000.0,C,0.015,0.016,0.0155,62967.3,62916.28,0.3176,0.50261,0.00016,31.17622,107.9,5.9
2026-08-01T17:04:03Z,2026-08-07,6,63000.0,P,0.0155,0.0165,0.016,62967.35,62916.28,0.3176,-0.49738,0.00016,31.17624,183.0,4.3
2026-08-01T17:04:03Z,2026-08-07,6,63500.0,C,0.011,0.012,0.0117,62967.35,62916.28,0.3125,0.42159,0.00016,30.57277,35.2,36.6
2026-08-01T17:04:03Z,2026-08-07,6,63500.0,P,0.0195,0.021,0.0201,62967.35,62916.28,0.3125,-0.57841,0.00016,30.57277,22.0,12.8
2026-08-01T17:04:03Z,2026-08-07,6,64000.0,C,0.008,0.009,0.0086,62967.35,62916.28,0.309,0.34273,0.00015,28.72178,677.3,113.5
2026-08-01T17:04:03Z,2026-08-07,6,64000.0,P,0.0235,0.0275,0.025,62967.35,62916.28,0.309,-0.65727,0.00015,28.72178,239.6,5.1
2026-08-01T17:04:03Z,2026-08-07,6,64500.0,C,0.0055,0.0065,0.0061,62967.35,62916.28,0.3054,0.26914,0.00014,25.79814,13.9,13.4
2026-08-01T17:04:03Z,2026-08-07,6,64500.0,P,0.0285,0.0645,0.0305,62967.35,62916.28,0.3054,-0.73086,0.00014,25.79814,1.0,1.0
2026-08-01T17:04:03Z,2026-08-07,6,65000.0,C,0.004,0.0044,0.0042,62967.3,62916.28,0.3016,0.20326,0.00012,22.09186,212.7,60.8
2026-08-01T17:04:03Z,2026-08-07,6,65000.0,P,0.034,0.04,0.0365,62967.3,62916.28,0.3016,-0.79674,0.00012,22.09186,80.1,3.5
2026-08-01T17:04:03Z,2026-08-07,6,66000.0,C,0.0019,0.0021,0.002,62967.3,62916.28,0.30510000000000004,0.11063,8e-05,14.7549,823.5,98.1
2026-08-01T17:04:03Z,2026-08-07,6,66000.0,P,0.047,0.0545,0.0502,62967.35,62916.28,0.30510000000000004,-0.88937,8e-05,14.75529,61.0,0.0
2026-08-01T17:04:03Z,2026-08-07,6,67000.0,C,0.001,0.0011,0.0011,62967.3,62916.28,0.3226,0.06298,5e-05,9.6686,1346.5,96.4
2026-08-01T17:04:03Z,2026-08-07,6,67000.0,P,0.062,0.07,0.0651,62967.3,62916.28,0.3226,-0.93702,5e-05,9.6686,54.4,0.3
2026-08-01T17:04:03Z,2026-08-07,6,68000.0,C,0.0005,0.0006,0.0005,62967.3,62916.28,0.3354,0.03391,3e-05,5.88384,1342.6,15.8
2026-08-01T17:04:03Z,2026-08-07,6,68000.0,P,0.0585,0.0975,0.0805,62967.3,62916.28,0.3354,-0.96609,3e-05,5.88384,6.2,0.0
2026-08-01T17:04:03Z,2026-08-07,6,69000.0,C,0.0003,0.0004,0.0004,62967.3,62916.28,0.36119999999999997,0.02178,2e-05,4.06656,1350.7,15.5
2026-08-01T17:04:03Z,2026-08-07,6,69000.0,P,0.0735,0.122,0.0962,62967.3,62916.28,0.36119999999999997,-0.97822,2e-05,4.06656,3.3,0.0
2026-08-01T17:04:03Z,2026-08-07,6,70000.0,C,0.0002,0.0003,0.0003,62967.35,62916.28,0.389,0.01504,1e-05,2.96575,6697.2,10.9
2026-08-01T17:04:03Z,2026-08-07,6,70000.0,P,0.09,0.143,0.1119,62967.3,62916.28,0.389,-0.98496,1e-05,2.96564,0.4,0.0
2026-08-01T17:04:03Z,2026-08-07,6,71000.0,C,0.0001,0.0002,0.0001,62967.3,62916.28,0.4048,0.00903,1e-05,1.90456,1373.9,0.3
2026-08-01T17:04:03Z,2026-08-07,6,71000.0,P,0.103,0.16,0.1277,62967.3,62916.28,0.4048,-0.99097,1e-05,1.90456,0.0,0.0
2026-08-01T17:04:03Z,2026-08-07,6,72000.0,C,0.0001,0.0002,0.0001,62967.35,62916.28,0.4449,0.00819,1e-05,1.74941,5629.5,1.5
2026-08-01T17:04:03Z,2026-08-07,6,72000.0,P,0.14,0.1585,0.1436,62967.3,62916.28,0.4449,-0.99181,1e-05,1.74935,0.0,0.0
2026-08-01T17:04:03Z,2026-08-07,6,75000.0,C,0.0,0.0001,0.0,62967.3,62916.28,0.4946,0.00242,0.0,0.58837,2584.7,31.0
2026-08-01T17:04:03Z,2026-08-07,6,75000.0,P,0.1875,0.2295,0.1911,62967.35,62916.28,0.4946,-0.99758,0.0,0.58839,0.7,0.0
2026-08-01T17:04:03Z,2026-08-07,6,77000.0,C,0.0,0.0001,0.0,62967.3,62916.28,0.5289,0.00121,0.0,0.3144,1090.0,0.0
2026-08-01T17:04:03Z,2026-08-07,6,77000.0,P,0.219,0.2615,0.2229,62967.35,62916.28,0.5289,-0.99879,0.0,0.31441,0.0,0.0
2026-08-01T17:04:03Z,2026-08-07,6,80000.0,C,0.0,0.0001,0.0,62967.35,62916.28,0.5670000000000001,0.00038,0.0,0.1076,573.7,0.0
2026-08-01T17:04:03Z,2026-08-07,6,80000.0,P,0.2665,0.3135,0.2705,62967.35,62916.28,0.5670000000000001,-0.99962,0.0,0.1076,0.1,0.0
2026-08-01T17:04:03Z,2026-08-14,13,50000.0,C,0.2035,0.209,0.207,63008.92,62916.28,0.5709000000000001,0.98718,0.0,3.87661,0.0,0.0
2026-08-01T17:04:03Z,2026-08-14,13,50000.0,P,0.0005,0.0006,0.0005,63008.85,62916.28,0.5709000000000001,-0.01283,0.0,3.8767,5.7,2.9
2026-08-01T17:04:03Z,2026-08-14,13,52000.0,C,0.172,0.178,0.1755,63008.92,62916.28,0.5167,0.97965,1e-05,5.75717,0.0,0.0
2026-08-01T17:04:03Z,2026-08-14,13,52000.0,P,0.0007,0.0008,0.0007,63008.92,62916.28,0.5167,-0.02035,1e-05,5.75717,58.0,10.1
2026-08-01T17:04:03Z,2026-08-14,13,55000.0,C,0.125,0.1565,0.1288,63008.92,62916.28,0.451,0.95184,2e-05,11.7276,0.0,0.0
2026-08-01T17:04:03Z,2026-08-14,13,55000.0,P,0.0016,0.0019,0.0017,63008.92,62916.28,0.451,-0.04816,2e-05,11.7276,542.3,29.1
2026-08-01T17:04:03Z,2026-08-14,13,58000.0,C,0.0805,0.0865,0.084,63008.92,62916.28,0.39409999999999995,0.87836,4e-05,23.66409,0.0,0.0
2026-08-01T17:04:03Z,2026-08-14,13,58000.0,P,0.0043,0.0048,0.0045,63008.92,62916.28,0.39409999999999995,-0.12164,4e-05,23.66409,1518.7,7.0
2026-08-01T17:04:03Z,2026-08-14,13,59000.0,C,0.0665,0.0725,0.07,63008.85,62916.28,0.3775,0.83438,6e-05,29.15697,0.0,0.0
2026-08-01T17:04:03Z,2026-08-14,13,59000.0,P,0.006,0.0065,0.0064,63008.92,62916.28,0.3775,-0.16562,6e-05,29.15655,1.6,1.2
2026-08-01T17:04:03Z,2026-08-14,13,60000.0,C,0.053,0.0585,0.0566,63008.92,62916.28,0.3602,0.77757,7e-05,34.91263,0.0,0.0
2026-08-01T17:04:03Z,2026-08-14,13,60000.0,P,0.0085,0.0095,0.0089,63008.92,62916.28,0.3602,-0.22243,7e-05,34.91263,1828.4,44.6
2026-08-01T17:04:03Z,2026-08-14,13,61000.0,C,0.042,0.046,0.0443,63008.92,62916.28,0.3457,0.7041,9e-05,40.4849,0.0,0.0
2026-08-01T17:04:03Z,2026-08-14,13,61000.0,P,0.012,0.013,0.0124,63008.92,62916.28,0.3457,-0.2959,9e-05,40.4849,262.4,14.6
2026-08-01T17:04:03Z,2026-08-14,13,62000.0,C,0.0325,0.034,0.0334,63008.85,62916.28,0.33409999999999995,0.61441,0.0001,44.80915,3.9,0.0
2026-08-01T17:04:03Z,2026-08-14,13,62000.0,P,0.017,0.018,0.0174,63008.92,62916.28,0.33409999999999995,-0.38558,0.0001,44.80896,155.0,6.5
2026-08-01T17:04:03Z,2026-08-14,13,63000.0,C,0.0235,0.0245,0.0238,63008.85,62916.28,0.3206,0.51283,0.00011,46.72061,41.7,1.7
2026-08-01T17:04:03Z,2026-08-14,13,63000.0,P,0.0235,0.0245,0.0237,63008.92,62916.28,0.3206,-0.48716,0.00011,46.72063,319.4,115.1
2026-08-01T17:04:03Z,2026-08-14,13,64000.0,C,0.0155,0.0165,0.0163,63008.92,62916.28,0.312,0.40516,0.00011,45.41771,142.9,32.6
2026-08-01T17:04:03Z,2026-08-14,13,64000.0,P,0.0315,0.0325,0.032,63008.85,62916.28,0.312,-0.59484,0.00011,45.41745,101.8,0.5
2026-08-01T17:04:03Z,2026-08-14,13,65000.0,C,0.01,0.011,0.0105,63008.85,62916.28,0.3037,0.30063,0.0001,40.7782,116.1,27.3
2026-08-01T17:04:03Z,2026-08-14,13,65000.0,P,0.04,0.045,0.0421,63008.92,62916.28,0.3037,-0.69937,0.0001,40.77866,47.2,0.2
2026-08-01T17:04:03Z,2026-08-14,13,66000.0,C,0.006,0.007,0.0064,63008.85,62916.28,0.2984,0.20956,8e-05,33.72727,349.1,62.5
2026-08-01T17:04:03Z,2026-08-14,13,66000.0,P,0.0515,0.0575,0.0539,63008.92,62916.28,0.2984,-0.79044,8e-05,33.72785,3.2,0.1
2026-08-01T17:04:03Z,2026-08-14,13,67000.0,C,0.0035,0.0039,0.0039,63008.92,62916.28,0.298,0.13998,6e-05,26.07771,454.9,12.3
2026-08-01T17:04:03Z,2026-08-14,13,67000.0,P,0.0645,0.106,0.0672,63008.92,62916.28,0.298,-0.86002,6e-05,26.07771,0.0,0.0
2026-08-01T17:04:03Z,2026-08-14,13,68000.0,C,0.002,0.0023,0.0022,63008.92,62916.28,0.2985,0.08925,5e-05,18.90958,1113.7,16.1
2026-08-01T17:04:03Z,2026-08-14,13,68000.0,P,0.0785,0.1205,0.0815,63008.92,62916.28,0.2985,-0.91075,5e-05,18.90958,0.0,0.0
2026-08-01T17:04:03Z,2026-08-14,13,70000.0,C,0.0007,0.0008,0.0008,63008.85,62916.28,0.3096,0.03604,2e-05,9.27304,1068.1,4.7
2026-08-01T17:04:03Z,2026-08-14,13,70000.0,P,0.0895,0.1365,0.1118,63008.92,62916.28,0.3096,-0.96396,2e-05,9.27337,0.0,0.0
2026-08-01T17:04:03Z,2026-08-14,13,72000.0,C,0.0003,0.0004,0.0004,63008.92,62916.28,0.3372,0.01805,1e-05,5.19899,1449.3,0.9
2026-08-01T17:04:03Z,2026-08-14,13,72000.0,P,0.12,0.16,0.1431,63008.85,62916.28,0.3372,-0.98195,1e-05,5.19879,0.0,0.0
2026-08-01T17:04:03Z,2026-08-14,13,75000.0,C,0.0001,0.0003,0.0002,63008.85,62916.28,0.39039999999999997,0.00906,1e-05,2.86534,608.0,78.1
2026-08-01T17:04:03Z,2026-08-14,13,75000.0,P,0.1655,0.1965,0.1905,63008.92,62916.28,0.39039999999999997,-0.99094,1e-05,2.86545,0.0,0.0
2026-08-01T17:04:03Z,2026-08-14,13,80000.0,C,0.0001,0.0002,0.0001,63008.85,62916.28,0.4927,0.00523,0.0,1.76445,900.0,4.0
2026-08-01T17:04:03Z,2026-08-14,13,80000.0,P,0.2655,0.312,0.2698,63008.92,62916.28,0.4927,-0.99477,0.0,1.76451,0.0,0.0
2026-08-01T17:04:03Z,2026-08-21,20,53000.0,C,0.158,0.188,0.1617,63053.04,62916.28,0.46630000000000005,0.95159,1e-05,14.69305,0.0,0.0
2026-08-01T17:04:03Z,2026-08-21,20,53000.0,P,0.0021,0.0025,0.0023,63053.14,62916.28,0.46630000000000005,-0.04841,1e-05,14.69271,33.0,0.3
2026-08-01T17:04:03Z,2026-08-21,20,55000.0,C,0.1275,0.134,0.1314,63053.04,62916.28,0.4315,0.9216,2e-05,21.40487,0.0,0.0
2026-08-01T17:04:03Z,2026-08-21,20,55000.0,P,0.0035,0.0039,0.0037,63053.04,62916.28,0.4315,-0.0784,2e-05,21.40487,37.2,2.5
2026-08-01T17:04:03Z,2026-08-21,20,56000.0,C,0.113,0.119,0.1167,63053.14,62916.28,0.4165,0.89914,3e-05,25.81838,0.0,0.0
2026-08-01T17:04:03Z,2026-08-21,20,56000.0,P,0.0045,0.005,0.0048,63053.14,62916.28,0.4165,-0.10086,3e-05,25.81838,0.4,0.4
2026-08-01T17:04:03Z,2026-08-21,20,58000.0,C,0.085,0.0905,0.0881,63053.14,62916.28,0.3826,0.83795,4e-05,35.86747,0.0,0.0
2026-08-01T17:04:03Z,2026-08-21,20,58000.0,P,0.0075,0.0085,0.0079,63053.14,62916.28,0.3826,-0.16205,4e-05,35.86825,260.7,0.2
2026-08-01T17:04:03Z,2026-08-21,20,59000.0,C,0.0715,0.1045,0.0747,63053.14,62916.28,0.3693,0.79354,5e-05,41.71267,0.0,0.0
2026-08-01T17:04:03Z,2026-08-21,20,59000.0,P,0.01,0.011,0.0104,63053.14,62916.28,0.3693,-0.20646,5e-05,41.71267,101.1,51.5
2026-08-01T17:04:03Z,2026-08-21,20,60000.0,C,0.059,0.064,0.062,63053.14,62916.28,0.35619999999999996,0.73965,6e-05,47.45337,0.0,0.0
2026-08-01T17:04:03Z,2026-08-21,20,60000.0,P,0.0135,0.014,0.0136,63053.04,62916.28,0.35619999999999996,-0.26035,6e-05,47.45388,527.2,18.3
2026-08-01T17:04:03Z,2026-08-21,20,61000.0,C,0.0475,0.053,0.0504,63053.04,62916.28,0.3465,0.67445,7e-05,52.65398,1.0,0.0
2026-08-01T17:04:03Z,2026-08-21,20,61000.0,P,0.0175,0.0185,0.0179,63053.14,62916.28,0.3465,-0.32554,7e-05,52.65359,56.1,0.2
2026-08-01T17:04:03Z,2026-08-21,20,62000.0,C,0.039,0.041,0.04,63053.01,62916.28,0.3368,0.60052,8e-05,56.46226,4.0,0.0
2026-08-01T17:04:03Z,2026-08-21,20,62000.0,P,0.0225,0.024,0.0233,63053.01,62916.28,0.3368,-0.39948,8e-05,56.46226,49.2,0.0
2026-08-01T17:04:03Z,2026-08-21,20,63000.0,C,0.03,0.0315,0.0307,63053.01,62916.28,0.3272,0.51955,8e-05,58.25347,5.1,0.0
2026-08-01T17:04:03Z,2026-08-21,20,63000.0,P,0.0295,0.0305,0.0298,63053.01,62916.28,0.3272,-0.48045,8e-05,58.25347,63.2,33.3
2026-08-01T17:04:03Z,2026-08-21,20,64000.0,C,0.022,0.023,0.0228,63053.14,62916.28,0.319,0.43465,8e-05,57.53942,39.0,8.5
2026-08-01T17:04:03Z,2026-08-21,20,64000.0,P,0.037,0.0385,0.0378,63053.01,62916.28,0.319,-0.56536,8e-05,57.53904,27.5,0.3
2026-08-01T17:04:03Z,2026-08-21,20,65000.0,C,0.016,0.0165,0.0163,63053.01,62916.28,0.3104,0.34952,8e-05,54.12334,38.2,8.6
2026-08-01T17:04:03Z,2026-08-21,20,65000.0,P,0.0455,0.05,0.0471,63053.01,62916.28,0.3104,-0.65048,8e-05,54.12334,10.8,0.3
2026-08-01T17:04:03Z,2026-08-21,20,66000.0,C,0.011,0.0115,0.0112,63053.14,62916.28,0.3041,0.27007,7e-05,48.34503,252.6,188.8
2026-08-01T17:04:03Z,2026-08-21,20,66000.0,P,0.0425,0.092,0.058,63053.14,62916.28,0.3041,-0.72993,7e-05,48.34503,0.2,0.0
2026-08-01T17:04:03Z,2026-08-21,20,67000.0,C,0.007,0.008,0.0076,63053.14,62916.28,0.3002,0.20112,6e-05,41.06694,612.0,218.2
2026-08-01T17:04:03Z,2026-08-21,20,67000.0,P,0.068,0.0935,0.0702,63053.01,62916.28,0.3002,-0.79889,6e-05,41.06584,10.2,0.0
2026-08-01T17:04:03Z,2026-08-21,20,68000.0,C,0.0048,0.0055,0.0051,63053.01,62916.28,0.30010000000000003,0.14671,5e-05,33.5844,645.5,105.7
2026-08-01T17:04:03Z,2026-08-21,20,68000.0,P,0.0625,0.088,0.0836,63053.01,62916.28,0.30010000000000003,-0.85329,5e-05,33.5844,0.0,0.0
2026-08-01T17:04:03Z,2026-08-21,20,70000.0,C,0.002,0.0022,0.0022,63053.01,62916.28,0.3009,0.07173,3e-05,19.99999,689.1,4.7
2026-08-01T17:04:03Z,2026-08-21,20,70000.0,P,0.109,0.1425,0.1123,63053.14,62916.28,0.3009,-0.92827,3e-05,20.00089,0.0,0.0
2026-08-01T17:04:03Z,2026-08-21,20,72000.0,C,0.0009,0.0011,0.001,63053.01,62916.28,0.3106,0.03541,2e-05,11.4053,114.1,0.2
2026-08-01T17:04:03Z,2026-08-21,20,72000.0,P,0.1395,0.16,0.1429,63053.14,62916.28,0.3106,-0.96459,2e-05,11.40591,0.0,0.0
2026-08-01T17:04:03Z,2026-08-21,20,75000.0,C,0.0003,0.0005,0.0004,63053.01,62916.28,0.3378,0.01478,1e-05,5.46576,620.9,0.5
2026-08-01T17:04:03Z,2026-08-21,20,75000.0,P,0.186,0.215,0.1899,63053.14,62916.28,0.3378,-0.98522,1e-05,5.46608,0.0,0.0
2026-08-01T17:04:03Z,2026-08-28,27,40000.0,C,0.3635,0.387,0.3664,63098.57,62916.28,0.6740999999999999,0.99527,0.0,2.34681,23.4,0.0
2026-08-01T17:04:03Z,2026-08-28,27,40000.0,P,0.0002,0.0004,0.0003,63098.57,62916.28,0.6740999999999999,-0.00473,0.0,2.34681,484.3,1.0
2026-08-01T17:04:03Z,2026-08-28,27,46000.0,C,0.2685,0.2975,0.272,63098.57,62916.28,0.5720000000000001,0.98313,0.0,7.13856,1.0,0.0
2026-08-01T17:04:03Z,2026-08-28,27,46000.0,P,0.0009,0.001,0.001,63098.44,62916.28,0.5720000000000001,-0.01687,0.0,7.13881,1094.2,73.5
2026-08-01T17:04:03Z,2026-08-28,27,48000.0,C,0.2375,0.243,0.2407,63098.57,62916.28,0.5363,0.97505,1e-05,9.94383,37.5,0.0
2026-08-01T17:04:03Z,2026-08-28,27,48000.0,P,0.0013,0.0016,0.0014,63098.44,62916.28,0.5363,-0.02495,1e-05,9.94417,1249.7,2.5
2026-08-01T17:04:03Z,2026-08-28,27,50000.0,C,0.2065,0.2125,0.2098,63098.57,62916.28,0.5049,0.96202,1e-05,14.07803,51.0,0.0
2026-08-01T17:04:03Z,2026-08-28,27,50000.0,P,0.002,0.0024,0.0022,63098.57,62916.28,0.5049,-0.03798,1e-05,14.07803,1332.8,7.8
2026-08-01T17:04:03Z,2026-08-28,27,52000.0,C,0.1755,0.1815,0.1791,63098.57,62916.28,0.4696,0.94395,1e-05,19.24311,51.0,0.0
2026-08-01T17:04:03Z,2026-08-28,27,52000.0,P,0.0031,0.0033,0.0032,63098.57,62916.28,0.4696,-0.05605,1e-05,19.24311,1187.1,54.0
2026-08-01T17:04:03Z,2026-08-28,27,53000.0,C,0.1605,0.166,0.1641,63098.44,62916.28,0.457,0.92987,2e-05,22.91311,10.9,0.0
2026-08-01T17:04:03Z,2026-08-28,27,53000.0,P,0.0039,0.0042,0.004,63098.44,62916.28,0.457,-0.07013,2e-05,22.91311,580.0,15.0
2026-08-01T17:04:03Z,2026-08-28,27,54000.0,C,0.1455,0.1515,0.1492,63098.44,62916.28,0.4434,0.91312,2e-05,26.95578,11.2,0.0
2026-08-01T17:04:03Z,2026-08-28,27,54000.0,P,0.0046,0.0055,0.005,63098.44,62916.28,0.4434,-0.08688,2e-05,26.95578,1381.0,41.0
2026-08-01T17:04:03Z,2026-08-28,27,55000.0,C,0.131,0.1365,0.1346,63098.44,62916.28,0.42829999999999996,0.89349,3e-05,31.3091,11.8,0.0
2026-08-01T17:04:03Z,2026-08-28,27,55000.0,P,0.006,0.0065,0.0062,63098.44,62916.28,0.42829999999999996,-0.10651,3e-05,31.3091,839.5,45.2
2026-08-01T17:04:03Z,2026-08-28,27,56000.0,C,0.1165,0.1225,0.1199,63098.44,62916.28,0.4096,0.87163,3e-05,35.73505,63.4,0.0
2026-08-01T17:04:03Z,2026-08-28,27,56000.0,P,0.007,0.008,0.0074,63098.44,62916.28,0.4096,-0.12837,3e-05,35.73505,1017.3,1.2
2026-08-01T17:04:03Z,2026-08-28,27,57000.0,C,0.1025,0.108,0.1061,63098.44,62916.28,0.3983,0.84104,4e-05,41.28536,28.5,0.0
2026-08-01T17:04:03Z,2026-08-28,27,57000.0,P,0.009,0.01,0.0094,63098.44,62916.28,0.3983,-0.15896,4e-05,41.28536,538.5,5.5
2026-08-01T17:04:03Z,2026-08-28,27,58000.0,C,0.089,0.0945,0.0925,63098.44,62916.28,0.3845,0.80601,4e-05,46.83594,155.1,12.0
2026-08-01T17:04:03Z,2026-08-28,27,58000.0,P,0.0115,0.012,0.0117,63098.44,62916.28,0.3845,-0.19399,4e-05,46.83594,951.5,100.6
2026-08-01T17:04:03Z,2026-08-28,27,59000.0,C,0.0765,0.0815,0.0795,63098.44,62916.28,0.3712,0.76424,5e-05,52.46052,414.1,0.0
2026-08-01T17:04:03Z,2026-08-28,27,59000.0,P,0.014,0.015,0.0146,63098.44,62916.28,0.3712,-0.23576,5e-05,52.46052,848.2,8.8
2026-08-01T17:04:03Z,2026-08-28,27,60000.0,C,0.0645,0.0695,0.0675,63098.44,62916.28,0.3618,0.71368,6e-05,57.98186,370.2,0.0
2026-08-01T17:04:03Z,2026-08-28,27,60000.0,P,0.018,0.019,0.0184,63098.44,62916.28,0.3618,-0.28632,6e-05,57.98186,2009.6,36.1
2026-08-01T17:04:03Z,2026-08-28,27,61000.0,C,0.055,0.0575,0.0562,63098.44,62916.28,0.3514,0.65683,6e-05,62.66017,591.7,0.0
2026-08-01T17:04:03Z,2026-08-28,27,61000.0,P,0.0225,0.0235,0.0229,63098.44,62916.28,0.3514,-0.34317,6e-05,62.66017,574.3,11.2
2026-08-01T17:04:03Z,2026-08-28,27,62000.0,C,0.0455,0.0465,0.046,63098.44,62916.28,0.3429,0.59326,7e-05,66.11765,895.3,0.0
2026-08-01T17:04:03Z,2026-08-28,27,62000.0,P,0.028,0.029,0.0286,63098.44,62916.28,0.3429,-0.40674,7e-05,66.11765,836.1,13.9
2026-08-01T17:04:03Z,2026-08-28,27,63000.0,C,0.0365,0.0375,0.0368,63098.44,62916.28,0.3345,0.5249,7e-05,67.85118,886.8,12.1
2026-08-01T17:04:03Z,2026-08-28,27,63000.0,P,0.0345,0.0355,0.0352,63098.44,62916.28,0.3345,-0.4751,7e-05,67.85118,674.2,1.3
2026-08-01T17:04:03Z,2026-08-28,27,64000.0,C,0.0285,0.0295,0.0287,63098.44,62916.28,0.32659999999999995,0.45354,7e-05,67.52209,477.2,0.7
2026-08-01T17:04:03Z,2026-08-28,27,64000.0,P,0.042,0.0435,0.043,63098.44,62916.28,0.32659999999999995,-0.54646,7e-05,67.52209,665.5,2.8
2026-08-01T17:04:03Z,2026-08-28,27,65000.0,C,0.0215,0.0225,0.0221,63098.44,62916.28,0.32130000000000003,0.38253,7e-05,65.01483,1259.9,10.7
2026-08-01T17:04:03Z,2026-08-28,27,65000.0,P,0.051,0.053,0.0522,63098.44,62916.28,0.32130000000000003,-0.61747,7e-05,65.01483,853.9,0.2
2026-08-01T17:04:03Z,2026-08-28,27,66000.0,C,0.016,0.017,0.0165,63098.44,62916.28,0.3153,0.31372,7e-05,60.43006,1328.2,35.8
2026-08-01T17:04:03Z,2026-08-28,27,66000.0,P,0.06,0.0655,0.0625,63098.44,62916.28,0.3153,-0.68628,7e-05,60.43006,238.2,0.1
2026-08-01T17:04:03Z,2026-08-28,27,67000.0,C,0.0115,0.0125,0.0121,63098.44,62916.28,0.3111,0.2508,6e-05,54.24447,1151.9,17.2
2026-08-01T17:04:03Z,2026-08-28,27,67000.0,P,0.071,0.0775,0.0739,63098.44,62916.28,0.3111,-0.7492,6e-05,54.24447,118.0,0.0
2026-08-01T17:04:03Z,2026-08-28,27,68000.0,C,0.008,0.009,0.0088,63098.44,62916.28,0.30920000000000003,0.19654,5e-05,47.20882,882.5,51.7
2026-08-01T17:04:03Z,2026-08-28,27,68000.0,P,0.0825,0.091,0.0864,63098.44,62916.28,0.30920000000000003,-0.80346,5e-05,47.20882,89.4,0.1
2026-08-01T17:04:03Z,2026-08-28,27,69000.0,C,0.0055,0.0065,0.0063,63098.44,62916.28,0.30920000000000003,0.15178,4e-05,40.04536,742.2,43.3
2026-08-01T17:04:03Z,2026-08-28,27,69000.0,P,0.0955,0.104,0.0999,63098.44,62916.28,0.30920000000000003,-0.84822,4e-05,40.04536,49.4,0.0
2026-08-01T17:04:03Z,2026-08-28,27,70000.0,C,0.0041,0.0044,0.0044,63098.44,62916.28,0.307,0.11305,4e-05,32.6755,1969.3,7.0
2026-08-01T17:04:03Z,2026-08-28,27,70000.0,P,0.11,0.1185,0.1138,63098.22,62916.28,0.307,-0.88696,4e-05,32.67324,181.5,0.2
2026-08-01T17:04:03Z,2026-08-28,27,71000.0,C,0.0029,0.0031,0.0031,63098.7,62916.28,0.3071,0.08364,3e-05,26.1974,1334.2,90.2
2026-08-01T17:04:03Z,2026-08-28,27,71000.0,P,0.125,0.171,0.1283,63098.22,62916.28,0.3071,-0.91638,3e-05,26.19389,11.5,0.0
2026-08-01T17:04:03Z,2026-08-28,27,72000.0,C,0.0021,0.0023,0.0022,63098.7,62916.28,0.31010000000000004,0.06253,2e-05,20.9648,2872.7,6.6
2026-08-01T17:04:03Z,2026-08-28,27,72000.0,P,0.1385,0.1485,0.1433,63098.22,62916.28,0.31010000000000004,-0.93748,2e-05,20.96172,86.3,0.0
2026-08-01T17:04:03Z,2026-08-28,27,73000.0,C,0.0016,0.0017,0.0016,63098.22,62916.28,0.31420000000000003,0.04692,2e-05,16.70254,1800.0,7.1
2026-08-01T17:04:03Z,2026-08-28,27,73000.0,P,0.134,0.167,0.1585,63098.22,62916.28,0.31420000000000003,-0.95308,2e-05,16.70254,4.7,0.0
2026-08-01T17:04:03Z,2026-08-28,27,74000.0,C,0.0012,0.0013,0.0012,63098.22,62916.28,0.3206,0.03612,1e-05,13.51336,1952.0,29.8
2026-08-01T17:04:03Z,2026-08-28,27,74000.0,P,0.149,0.207,0.174,63098.22,62916.28,0.3206,-0.96388,1e-05,13.51336,3.3,0.0
2026-08-01T17:04:03Z,2026-08-28,27,75000.0,C,0.0009,0.001,0.0009,63098.22,62916.28,0.3271,0.02795,1e-05,10.93125,2969.7,48.2
2026-08-01T17:04:03Z,2026-08-28,27,75000.0,P,0.1855,0.195,0.1895,63098.22,62916.28,0.3271,-0.97205,1e-05,10.93125,44.0,0.0
2026-08-01T17:04:03Z,2026-08-28,27,76000.0,C,0.0007,0.0008,0.0007,63098.22,62916.28,0.3337,0.02173,1e-05,8.85145,741.0,3.5
2026-08-01T17:04:03Z,2026-08-28,27,76000.0,P,0.201,0.2335,0.2052,63098.22,62916.28,0.3337,-0.97827,1e-05,8.85145,5.4,0.0
2026-08-01T17:04:03Z,2026-08-28,27,77000.0,C,0.0005,0.0007,0.0006,63098.22,62916.28,0.345,0.01829,1e-05,7.64659,224.3,0.2
2026-08-01T17:04:03Z,2026-08-28,27,77000.0,P,0.2165,0.251,0.2209,63098.22,62916.28,0.345,-0.98171,1e-05,7.64659,3.4,0.0
2026-08-01T17:04:03Z,2026-08-28,27,78000.0,C,0.0004,0.0006,0.0005,63098.22,62916.28,0.3544,0.01511,1e-05,6.49528,1411.1,1.7
2026-08-01T17:04:03Z,2026-08-28,27,78000.0,P,0.21,0.2705,0.2367,63098.22,62916.28,0.3544,-0.98489,1e-05,6.49528,4.1,0.0
2026-08-01T17:04:03Z,2026-08-28,27,79000.0,C,0.0003,0.0005,0.0004,63098.22,62916.28,0.36119999999999997,0.01207,1e-05,5.34908,643.6,16.6
2026-08-01T17:04:03Z,2026-08-28,27,79000.0,P,0.225,0.28,0.2524,63098.22,62916.28,0.36119999999999997,-0.98793,1e-05,5.34908,0.7,0.0
2026-08-01T17:04:03Z,2026-08-28,27,80000.0,C,0.0003,0.0004,0.0004,63098.22,62916.28,0.3729,0.01054,0.0,4.75508,2172.6,0.1
2026-08-01T17:04:03Z,2026-08-28,27,80000.0,P,0.2645,0.274,0.2682,63098.7,62916.28,0.3729,-0.98946,0.0,4.75589,29.3,0.0
2026-08-01T17:04:03Z,2026-08-28,27,81000.0,C,0.0002,0.0004,0.0003,63098.7,62916.28,0.3823,0.00896,0.0,4.12694,1454.4,0.0
2026-08-01T17:04:03Z,2026-08-28,27,81000.0,P,0.2795,0.3295,0.284,63098.7,62916.28,0.3823,-0.99104,0.0,4.12694,0.1,0.0
2026-08-01T17:04:03Z,2026-08-28,27,82000.0,C,0.0002,0.0004,0.0003,63098.7,62916.28,0.397,0.00841,0.0,3.90401,1505.5,1.0
2026-08-01T17:04:03Z,2026-08-28,27,82000.0,P,0.295,0.328,0.2999,63098.7,62916.28,0.397,-0.99159,0.0,3.90401,1.2,0.0
2026-08-01T17:04:03Z,2026-08-28,27,83000.0,C,0.0002,0.0003,0.0002,63098.7,62916.28,0.40549999999999997,0.00717,0.0,3.39313,472.8,0.0
2026-08-01T17:04:03Z,2026-08-28,27,83000.0,P,0.287,0.3445,0.3157,63098.7,62916.28,0.40549999999999997,-0.99283,0.0,3.39313,0.1,0.1
2026-08-01T17:04:03Z,2026-08-28,27,84000.0,C,0.0002,0.0003,0.0002,63098.7,62916.28,0.42090000000000005,0.00694,0.0,3.29542,59.9,0.1
2026-08-01T17:04:03Z,2026-08-28,27,84000.0,P,0.3265,0.3765,0.3315,63098.7,62916.28,0.42090000000000005,-0.99306,0.0,3.29542,0.8,0.4
2026-08-01T17:04:03Z,2026-08-28,27,85000.0,C,0.0002,0.0003,0.0002,63098.7,62916.28,0.4359,0.00672,0.0,3.20288,319.2,0.0
2026-08-01T17:04:03Z,2026-08-28,27,85000.0,P,0.3425,0.392,0.3474,63098.7,62916.28,0.4359,-0.99328,0.0,3.20288,0.7,0.0
2026-08-01T17:04:03Z,2026-08-28,27,86000.0,C,0.0002,0.0003,0.0002,63098.7,62916.28,0.4508,0.00652,0.0,3.11803,162.3,6.0
2026-08-01T17:04:03Z,2026-08-28,27,86000.0,P,0.358,0.407,0.3632,63098.7,62916.28,0.4508,-0.99348,0.0,3.11803,0.0,0.0
2026-08-01T17:04:03Z,2026-08-28,27,88000.0,C,0.0001,0.0003,0.0002,63098.7,62916.28,0.46399999999999997,0.00478,0.0,2.36526,184.4,0.0
2026-08-01T17:04:03Z,2026-08-28,27,88000.0,P,0.3895,0.442,0.3948,63098.7,62916.28,0.46399999999999997,-0.99522,0.0,2.36526,0.0,0.0
2026-08-01T17:04:03Z,2026-08-28,27,90000.0,C,0.0001,0.0003,0.0002,63098.7,62916.28,0.4914,0.00454,0.0,2.25905,331.2,0.0
2026-08-01T17:04:03Z,2026-08-28,27,90000.0,P,0.421,0.4725,0.4265,63098.7,62916.28,0.4914,-0.99546,0.0,2.25905,11.0,0.0
2026-08-01T17:04:03Z,2026-08-28,27,92000.0,C,0.0001,0.0002,0.0001,63098.7,62916.28,0.5065,0.00359,0.0,1.83208,60.9,0.9
2026-08-01T17:04:03Z,2026-08-28,27,92000.0,P,0.424,0.465,0.4582,63098.7,62916.28,0.5065,-0.99641,0.0,1.83208,1.5,0.0
2026-08-01T17:04:03Z,2026-08-28,27,94000.0,C,0.0001,0.0002,0.0001,63098.7,62916.28,0.5318999999999999,0.00344,0.0,1.7614,198.4,1.1
2026-08-01T17:04:03Z,2026-08-28,27,94000.0,P,0.4845,0.537,0.4899,63098.54,62916.28,0.5318999999999999,-0.99656,0.0,1.76132,0.0,0.0
2026-08-01T17:04:03Z,2026-08-28,27,95000.0,C,0.0001,0.0002,0.0001,63098.7,62916.28,0.5443,0.00337,0.0,1.72898,27.3,0.0
2026-08-01T17:04:03Z,2026-08-28,27,95000.0,P,0.5,0.559,0.5057,63098.7,62916.28,0.5443,-0.99663,0.0,1.72898,0.3,0.0
2026-08-01T17:04:03Z,2026-08-28,27,96000.0,C,0.0001,0.0002,0.0001,63098.7,62916.28,0.5566,0.0033,0.0,1.69828,23.6,0.0
2026-08-01T17:04:03Z,2026-08-28,27,96000.0,P,0.516,0.5705,0.5216,63098.54,62916.28,0.5566,-0.9967,0.0,1.69817,0.2,0.0
2026-08-01T17:04:03Z,2026-08-28,27,98000.0,C,0.0001,0.0002,0.0001,63098.7,62916.28,0.5806,0.00317,0.0,1.63955,154.0,0.0
2026-08-01T17:04:03Z,2026-08-28,27,98000.0,P,0.547,0.6065,0.5533,63098.7,62916.28,0.5806,-0.99683,0.0,1.63955,0.0,0.0
2026-08-01T17:04:03Z,2026-08-28,27,100000.0,C,0.0001,0.0002,0.0001,63098.7,62916.28,0.6041,0.00306,0.0,1.58827,176.3,10.0
2026-08-01T17:04:03Z,2026-08-28,27,100000.0,P,0.546,0.633,0.585,63098.54,62916.28,0.6041,-0.99694,0.0,1.58818,0.4,0.0
2026-08-01T17:04:03Z,2026-08-28,27,105000.0,C,0.0,0.0002,0.0001,63098.7,62916.28,0.6464,0.00233,0.0,1.24048,169.0,0.0
2026-08-01T17:04:03Z,2026-08-28,27,105000.0,P,0.623,0.6715,0.6642,63098.54,62916.28,0.6464,-0.99767,0.0,1.24043,1.0,0.0
2026-08-01T17:04:03Z,2026-08-28,27,110000.0,C,0.0,0.0001,0.0001,63098.7,62916.28,0.6575,0.00118,0.0,0.66736,105.0,0.0
2026-08-01T17:04:03Z,2026-08-28,27,110000.0,P,0.699,0.7945,0.7434,63098.54,62916.28,0.6575,-0.99882,0.0,0.66733,0.2,0.0
2026-08-01T17:04:03Z,2026-09-25,55,30000.0,C,0.5255,0.5275,0.5269,63316.21,62916.28,0.8318000000000001,0.99347,0.0,4.488,132.4,0.0
2026-08-01T17:04:03Z,2026-09-25,55,30000.0,P,0.0007,0.0008,0.0008,63316.21,62916.28,0.8318000000000001,-0.00653,0.0,4.488,2349.7,69.4
2026-08-01T17:04:03Z,2026-09-25,55,35000.0,C,0.4465,0.45,0.4484,63316.21,62916.28,0.7182999999999999,0.98847,0.0,7.3903,29.3,0.0
2026-08-01T17:04:03Z,2026-09-25,55,35000.0,P,0.0011,0.0014,0.0012,63316.24,62916.28,0.7182999999999999,-0.01153,0.0,7.39028,895.6,0.0
2026-08-01T17:04:03Z,2026-09-25,55,40000.0,C,0.3675,0.372,0.3704,63316.21,62916.28,0.6265,0.97811,0.0,12.80061,34.4,0.0
2026-08-01T17:04:03Z,2026-09-25,55,40000.0,P,0.002,0.0021,0.0021,63316.25,62916.28,0.6265,-0.02189,0.0,12.80051,2282.0,1.0
2026-08-01T17:04:03Z,2026-09-25,55,45000.0,C,0.29,0.295,0.2932,63316.21,62916.28,0.5448,0.95779,1e-05,22.0485,144.2,0.0
2026-08-01T17:04:03Z,2026-09-25,55,45000.0,P,0.0037,0.0041,0.0039,63316.25,62916.28,0.5448,-0.04221,1e-05,22.04811,2019.0,3.0
2026-08-01T17:04:03Z,2026-09-25,55,50000.0,C,0.2145,0.2195,0.218,63316.21,62916.28,0.4757,0.91544,1e-05,37.9664,30.5,0.0
2026-08-01T17:04:03Z,2026-09-25,55,50000.0,P,0.0075,0.008,0.0077,63316.25,62916.28,0.4757,-0.08456,1e-05,37.96669,3672.5,21.2
2026-08-01T17:04:03Z,2026-09-25,55,52000.0,C,0.1855,0.1905,0.1887,63316.24,62916.28,0.447,0.88975,2e-05,46.1332,75.0,0.0
2026-08-01T17:04:03Z,2026-09-25,55,52000.0,P,0.0095,0.0105,0.0099,63316.24,62916.28,0.447,-0.11025,2e-05,46.1332,1234.8,17.5
2026-08-01T17:04:03Z,2026-09-25,55,54000.0,C,0.157,0.191,0.1605,63316.24,62916.28,0.425,0.85322,2e-05,56.28696,7.2,0.0
2026-08-01T17:04:03Z,2026-09-25,55,54000.0,P,0.013,0.014,0.0134,63316.21,62916.28,0.425,-0.14678,2e-05,56.2871,514.6,1.1
2026-08-01T17:04:03Z,2026-09-25,55,55000.0,C,0.1435,0.1495,0.1471,63316.24,62916.28,0.41600000000000004,0.83031,2e-05,61.90959,85.1,0.0
2026-08-01T17:04:03Z,2026-09-25,55,55000.0,P,0.0155,0.0165,0.0157,63316.21,62916.28,0.41600000000000004,-0.16969,2e-05,61.90973,3334.3,0.6
2026-08-01T17:04:03Z,2026-09-25,55,56000.0,C,0.1305,0.1645,0.1339,63316.21,62916.28,0.4065,0.80494,3e-05,67.54354,12.2,0.0
2026-08-01T17:04:03Z,2026-09-25,55,56000.0,P,0.018,0.019,0.0184,63316.21,62916.28,0.4065,-0.19506,3e-05,67.54354,1292.0,6.1
2026-08-01T17:04:03Z,2026-09-25,55,58000.0,C,0.1055,0.1105,0.1088,63316.21,62916.28,0.38780000000000003,0.74526,3e-05,78.61005,460.8,2.2
2026-08-01T17:04:03Z,2026-09-25,55,58000.0,P,0.0245,0.0255,0.0248,63316.21,62916.28,0.38780000000000003,-0.25474,3e-05,78.61005,899.8,7.6
2026-08-01T17:04:03Z,2026-09-25,55,60000.0,C,0.085,0.087,0.0861,63316.21,62916.28,0.3734,0.67171,4e-05,88.51797,933.3,6.8
2026-08-01T17:04:03Z,2026-09-25,55,60000.0,P,0.033,0.0345,0.0337,63316.24,62916.28,0.3734,-0.32829,4e-05,88.51788,4497.2,2.6
2026-08-01T17:04:03Z,2026-09-25,55,62000.0,C,0.0655,0.067,0.0661,63316.24,62916.28,0.3613,0.58714,4e-05,95.37521,680.1,0.1
2026-08-01T17:04:03Z,2026-09-25,55,62000.0,P,0.045,0.046,0.0454,63316.21,62916.28,0.3613,-0.41286,4e-05,95.37523,1088.9,12.8
2026-08-01T17:04:03Z,2026-09-25,55,64000.0,C,0.0485,0.0495,0.0491,63316.21,62916.28,0.3504,0.49542,5e-05,97.70902,587.3,4.1
2026-08-01T17:04:03Z,2026-09-25,55,64000.0,P,0.059,0.061,0.0599,63316.21,62916.28,0.3504,-0.50458,5e-05,97.70902,608.0,3.2
2026-08-01T17:04:03Z,2026-09-25,55,65000.0,C,0.041,0.042,0.0418,63316.21,62916.28,0.3457,0.44852,5e-05,96.90076,810.9,7.9
2026-08-01T17:04:03Z,2026-09-25,55,65000.0,P,0.0675,0.0695,0.0683,63316.21,62916.28,0.3457,-0.55148,5e-05,96.90076,644.3,11.0
2026-08-01T17:04:03Z,2026-09-25,55,66000.0,C,0.0345,0.0355,0.0352,63316.21,62916.28,0.34130000000000005,0.40192,5e-05,94.74751,988.7,49.8
2026-08-01T17:04:03Z,2026-09-25,55,66000.0,P,0.076,0.0805,0.0776,63316.21,62916.28,0.34130000000000005,-0.59808,5e-05,94.74751,854.1,0.2
2026-08-01T17:04:03Z,2026-09-25,55,68000.0,C,0.024,0.025,0.0245,63316.24,62916.28,0.3347,0.31335,4e-05,86.81468,856.4,15.2
2026-08-01T17:04:03Z,2026-09-25,55,68000.0,P,0.0955,0.102,0.0984,63316.21,62916.28,0.3347,-0.68665,4e-05,86.81449,636.1,0.4
2026-08-01T17:04:03Z,2026-09-25,55,70000.0,C,0.016,0.0165,0.0166,63316.29,62916.28,0.3307,0.23558,4e-05,75.37256,3523.1,2142.4
2026-08-01T17:04:03Z,2026-09-25,55,70000.0,P,0.1185,0.126,0.1222,63316.24,62916.28,0.3307,-0.76441,4e-05,75.37301,1519.2,1.4
2026-08-01T17:04:03Z,2026-09-25,55,72000.0,C,0.0105,0.0115,0.0112,63316.21,62916.28,0.3307,0.1734,3e-05,62.77203,2647.8,31.5
2026-08-01T17:04:03Z,2026-09-25,55,72000.0,P,0.144,0.1535,0.1484,63316.24,62916.28,0.3307,-0.82659,3e-05,62.77228,272.7,0.0
2026-08-01T17:04:03Z,2026-09-25,55,74000.0,C,0.0065,0.0075,0.0075,63316.21,62916.28,0.3307,0.12405,3e-05,50.15198,774.0,29.1
2026-08-01T17:04:03Z,2026-09-25,55,74000.0,P,0.1725,0.1815,0.1762,63316.24,62916.28,0.3307,-0.87595,3e-05,50.15221,110.7,0.0
2026-08-01T17:04:03Z,2026-09-25,55,75000.0,C,0.0055,0.0065,0.006,63316.21,62916.28,0.3309,0.10401,2e-05,44.23273,3494.9,15.0
2026-08-01T17:04:03Z,2026-09-25,55,75000.0,P,0.187,0.196,0.1906,63316.21,62916.28,0.3309,-0.89599,2e-05,44.23273,2967.4,0.0
2026-08-01T17:04:03Z,2026-09-25,55,76000.0,C,0.0045,0.0049,0.0048,63316.24,62916.28,0.3309,0.08652,2e-05,38.62234,2279.6,1.0
2026-08-01T17:04:03Z,2026-09-25,55,76000.0,P,0.2015,0.211,0.2052,63316.24,62916.28,0.3309,-0.91348,2e-05,38.62234,599.6,0.0
2026-08-01T17:04:03Z,2026-09-25,55,78000.0,C,0.003,0.0034,0.0032,63316.21,62916.28,0.3343,0.06081,1e-05,29.48598,4555.6,1.6
2026-08-01T17:04:03Z,2026-09-25,55,78000.0,P,0.231,0.241,0.2351,63316.21,62916.28,0.3343,-0.93919,1e-05,29.48598,629.4,0.0
2026-08-01T17:04:03Z,2026-09-25,55,80000.0,C,0.002,0.0024,0.0022,63316.21,62916.28,0.3406,0.04368,1e-05,22.66747,3206.8,3.8
2026-08-01T17:04:03Z,2026-09-25,55,80000.0,P,0.2605,0.272,0.2657,63316.21,62916.28,0.3406,-0.95632,1e-05,22.66747,613.0,0.0
2026-08-01T17:04:03Z,2026-09-25,55,82000.0,C,0.0015,0.0018,0.0016,63316.24,62916.28,0.3489,0.03229,1e-05,17.71187,2517.4,4.0
2026-08-01T17:04:03Z,2026-09-25,55,82000.0,P,0.2925,0.303,0.2967,63316.21,62916.28,0.3489,-0.96771,1e-05,17.71175,194.1,0.0
2026-08-01T17:04:03Z,2026-09-25,55,84000.0,C,0.0013,0.0014,0.0014,63316.24,62916.28,0.36469999999999997,0.0266,1e-05,15.07757,1515.9,3.4
2026-08-01T17:04:03Z,2026-09-25,55,84000.0,P,0.324,0.3345,0.328,63316.21,62916.28,0.36469999999999997,-0.9734,1e-05,15.07746,34.7,0.2
2026-08-01T17:04:03Z,2026-09-25,55,85000.0,C,0.001,0.0012,0.0012,63316.24,62916.28,0.3676,0.02276,1e-05,13.22756,1195.0,0.2
2026-08-01T17:04:03Z,2026-09-25,55,85000.0,P,0.3395,0.35,0.3436,63316.21,62916.28,0.3676,-0.97724,1e-05,13.22746,453.7,0.0
2026-08-01T17:04:03Z,2026-09-25,55,86000.0,C,0.0009,0.0012,0.0011,63316.24,62916.28,0.3747,0.02066,1e-05,12.19217,661.7,0.1
2026-08-01T17:04:03Z,2026-09-25,55,86000.0,P,0.3545,0.407,0.3593,63316.24,62916.28,0.3747,-0.97934,1e-05,12.19217,11.6,0.0
2026-08-01T17:04:03Z,2026-09-25,55,88000.0,C,0.0007,0.001,0.0008,63316.21,62916.28,0.3861,0.01661,0.0,10.12358,654.8,0.0
2026-08-01T17:04:03Z,2026-09-25,55,88000.0,P,0.359,0.3975,0.3907,63316.24,62916.28,0.3861,-0.98339,0.0,10.12365,5.7,0.0
2026-08-01T17:04:03Z,2026-09-25,55,90000.0,C,0.0006,0.0008,0.0007,63316.21,62916.28,0.4008,0.01424,0.0,8.86811,3017.7,1.3
2026-08-01T17:04:03Z,2026-09-25,55,90000.0,P,0.4175,0.429,0.4222,63316.21,62916.28,0.4008,-0.98576,0.0,8.86811,586.7,0.0
2026-08-01T17:04:03Z,2026-09-25,55,92000.0,C,0.0004,0.0006,0.0005,63316.24,62916.28,0.4052,0.01058,0.0,6.85741,490.0,0.0
2026-08-01T17:04:03Z,2026-09-25,55,92000.0,P,0.4205,0.46,0.4536,63316.21,62916.28,0.4052,-0.98942,0.0,6.85736,4.0,0.0
2026-08-01T17:04:03Z,2026-09-25,55,94000.0,C,0.0003,0.0006,0.0004,63316.21,62916.28,0.4146,0.00857,0.0,5.70127,169.0,0.2
2026-08-01T17:04:03Z,2026-09-25,55,94000.0,P,0.4795,0.534,0.485,63316.24,62916.28,0.4146,-0.99143,0.0,5.70131,1.3,0.0
2026-08-01T17:04:03Z,2026-09-25,55,95000.0,C,0.0003,0.0005,0.0004,63316.21,62916.28,0.4238,0.00836,0.0,5.58029,1861.9,0.0
2026-08-01T17:04:03Z,2026-09-25,55,95000.0,P,0.495,0.508,0.5008,63316.21,62916.28,0.4238,-0.99164,0.0,5.58029,147.6,0.0
2026-08-01T17:04:03Z,2026-09-25,55,96000.0,C,0.0003,0.0005,0.0004,63316.24,62916.28,0.4285,0.0076,0.0,5.12952,306.9,0.2
2026-08-01T17:04:03Z,2026-09-25,55,96000.0,P,0.511,0.566,0.5166,63316.24,62916.28,0.4285,-0.9924,0.0,5.12952,1.0,0.0
2026-08-01T17:04:03Z,2026-09-25,55,98000.0,C,0.0003,0.0005,0.0004,63316.24,62916.28,0.4468,0.00732,0.0,4.96688,346.7,0.0
2026-08-01T17:04:03Z,2026-09-25,55,98000.0,P,0.5115,0.583,0.5482,63316.21,62916.28,0.4468,-0.99268,0.0,4.96685,0.1,0.0
2026-08-01T17:04:03Z,2026-09-25,55,100000.0,C,0.0003,0.0004,0.0004,63316.21,62916.28,0.4643,0.00705,0.0,4.80085,3631.8,0.0
2026-08-01T17:04:03Z,2026-09-25,55,100000.0,P,0.5745,0.5875,0.5798,63316.24,62916.28,0.4643,-0.99295,0.0,4.80088,365.9,0.0
2026-08-01T17:04:03Z,2026-09-25,55,102000.0,C,0.0002,0.0005,0.0003,63316.21,62916.28,0.46619999999999995,0.00533,0.0,3.74685,94.1,1.9
2026-08-01T17:04:03Z,2026-09-25,55,102000.0,P,0.572,0.6585,0.6113,63316.25,62916.28,0.46619999999999995,-0.99467,0.0,3.74683,0.4,0.0
2026-08-01T17:04:03Z,2026-09-25,55,105000.0,C,0.0002,0.0005,0.0003,63316.21,62916.28,0.4907,0.00509,0.0,3.59924,1208.9,0.0
2026-08-01T17:04:03Z,2026-09-25,55,105000.0,P,0.6505,0.666,0.6586,63316.24,62916.28,0.4907,-0.99491,0.0,3.59926,104.6,0.0
2026-08-01T17:04:03Z,2026-09-25,55,110000.0,C,0.0001,0.0002,0.0003,63316.21,62916.28,0.5268,0.00454,0.0,3.25284,1296.1,21.1
2026-08-01T17:04:03Z,2026-09-25,55,110000.0,P,0.7315,0.7455,0.7376,63316.21,62916.28,0.5268,-0.99546,0.0,3.25284,116.1,0.0
2026-08-01T17:04:03Z,2026-09-25,55,115000.0,C,0.0002,0.0003,0.0002,63316.24,62916.28,0.5414,0.00303,0.0,2.2606,2175.5,0.0
2026-08-01T17:04:03Z,2026-09-25,55,115000.0,P,0.808,0.8255,0.8165,63316.21,62916.28,0.5414,-0.99697,0.0,2.26058,90.9,0.0
2026-08-01T17:04:03Z,2026-09-25,55,120000.0,C,0.0001,0.0004,0.0002,63316.21,62916.28,0.57,0.00264,0.0,1.99805,1139.5,0.0
2026-08-01T17:04:03Z,2026-09-25,55,120000.0,P,0.8865,0.905,0.8954,63316.21,62916.28,0.57,-0.99736,0.0,1.99805,172.5,0.0
2026-08-01T17:04:03Z,2026-09-25,55,125000.0,C,0.0001,0.0004,0.0002,63316.24,62916.28,0.6019,0.00252,0.0,1.91314,2323.7,0.0
2026-08-01T17:04:03Z,2026-09-25,55,125000.0,P,0.9505,1.0475,0.9744,63316.21,62916.28,0.6019,-0.99748,0.0,1.91313,21.8,1.0
2026-08-01T17:04:03Z,2026-09-25,55,130000.0,C,0.0001,0.0004,0.0002,63316.21,62916.28,0.6323,0.00241,0.0,1.83948,1431.6,0.0
2026-08-01T17:04:03Z,2026-09-25,55,130000.0,P,0.984,1.1295,1.0533,63316.21,62916.28,0.6323,-0.99759,0.0,1.83948,21.4,0.0
2026-08-01T17:04:03Z,2026-09-25,55,135000.0,C,0.0001,0.0003,0.0002,63316.21,62916.28,0.6614,0.00232,0.0,1.77491,274.3,0.0
2026-08-01T17:04:03Z,2026-09-25,55,135000.0,P,1.06,1.2115,1.1323,63316.24,62916.28,0.6614,-0.99768,0.0,1.77492,11.5,0.0
2026-08-01T17:04:03Z,2026-09-25,55,140000.0,C,0.0,0.0003,0.0001,63316.21,62916.28,0.6746,0.00181,0.0,1.41495,1184.4,0.0
2026-08-01T17:04:03Z,2026-09-25,55,140000.0,P,1.1365,1.293,1.2112,63316.21,62916.28,0.6746,-0.99819,0.0,1.41495,1.4,0.0
2026-08-01T17:04:03Z,2026-09-25,55,145000.0,C,0.0,0.0004,0.0001,63316.24,62916.28,0.7041,0.00183,0.0,1.43312,493.2,0.0
2026-08-01T17:04:03Z,2026-09-25,55,145000.0,P,1.213,1.375,1.2902,63316.24,62916.28,0.7041,-0.99817,0.0,1.43312,0.2,0.0
2026-08-01T17:04:03Z,2026-09-25,55,150000.0,C,0.0,0.0003,0.0001,63316.24,62916.28,0.7079000000000001,0.0013,0.0,1.04528,736.7,0.0
2026-08-01T17:04:03Z,2026-09-25,55,150000.0,P,1.289,1.4565,1.3692,63316.21,62916.28,0.7079000000000001,-0.9987,0.0,1.04528,0.7,0.0
2026-08-01T17:04:03Z,2026-09-25,55,155000.0,C,0.0,0.0002,0.0001,63316.24,62916.28,0.708,0.00087,0.0,0.72417,363.0,0.0
2026-08-01T17:04:03Z,2026-09-25,55,155000.0,P,1.3655,1.5375,1.4481,63316.21,62916.28,0.708,-0.99913,0.0,0.72417,0.1,0.0
2026-08-01T17:04:03Z,2026-09-25,55,160000.0,C,0.0,0.0003,0.0,63316.21,62916.28,0.7162999999999999,0.00067,0.0,0.57117,1444.3,0.0
2026-08-01T17:04:03Z,2026-09-25,55,160000.0,P,1.4415,1.6195,1.527,63316.21,62916.28,0.7162999999999999,-0.99933,0.0,0.57117,0.6,0.0
2026-08-01T17:04:03Z,2026-09-25,55,165000.0,C,0.0,0.0002,0.0,63316.21,62916.28,0.7162999999999999,0.00045,0.0,0.39759,184.2,0.0
2026-08-01T17:04:03Z,2026-09-25,55,165000.0,P,1.518,1.701,1.606,63316.21,62916.28,0.7162999999999999,-0.99955,0.0,0.39759,0.0,0.0
2026-08-01T17:04:03Z,2026-09-25,55,170000.0,C,0.0,0.0002,0.0,63316.24,62916.28,0.7162999999999999,0.00031,0.0,0.27649,359.5,0.0
2026-08-01T17:04:03Z,2026-09-25,55,170000.0,P,1.5945,1.7825,1.685,63316.21,62916.28,0.7162999999999999,-0.99969,0.0,0.27648,0.0,0.0
2026-08-01T17:04:03Z,2026-09-25,55,175000.0,C,0.0,0.0002,0.0,63316.21,62916.28,0.7162999999999999,0.00021,0.0,0.19216,1355.3,0.0
2026-08-01T17:04:03Z,2026-09-25,55,175000.0,P,1.6705,1.8645,1.7639,63316.21,62916.28,0.7162999999999999,-0.99979,0.0,0.19216,0.2,0.0
2026-08-01T17:04:03Z,2026-09-25,55,180000.0,C,0.0,0.0002,0.0,63316.21,62916.28,0.7162999999999999,0.00014,0.0,0.13354,748.1,0.0
2026-08-01T17:04:03Z,2026-09-25,55,180000.0,P,1.747,1.946,1.8429,63316.21,62916.28,0.7162999999999999,-0.99986,0.0,0.13354,7.3,0.0
2026-08-01T17:04:03Z,2026-09-25,55,190000.0,C,0.0,0.0002,0.0,63316.24,62916.28,0.7281,8e-05,0.0,0.083,772.5,0.0
2026-08-01T17:04:03Z,2026-09-25,55,190000.0,P,1.8995,2.1095,2.0008,63316.24,62916.28,0.7281,-0.99992,0.0,0.083,0.0,0.0
2026-08-01T17:04:03Z,2026-09-25,55,200000.0,C,0.0,0.0002,0.0,63316.21,62916.28,0.7281,4e-05,0.0,0.04116,1009.2,0.0
2026-08-01T17:04:03Z,2026-09-25,55,200000.0,P,2.052,2.273,2.1587,63316.21,62916.28,0.7281,-0.99996,0.0,0.04116,0.1,0.0
2026-08-01T17:04:03Z,2026-09-25,55,220000.0,C,0.0,0.0002,0.0,63316.24,62916.28,0.7281,1e-05,0.0,0.01025,230.1,0.0
2026-08-01T17:04:03Z,2026-09-25,55,220000.0,P,2.3575,2.6005,2.4746,63316.24,62916.28,0.7281,-0.99999,0.0,0.01025,1.8,0.0
2026-08-01T17:04:03Z,2026-09-25,55,240000.0,C,0.0,0.0009,0.0,63316.21,62916.28,0.7486,0.0,0.0,0.00475,220.8,0.0
2026-08-01T17:04:03Z,2026-09-25,55,240000.0,P,2.6625,2.9275,2.7905,63316.21,62916.28,0.7486,-1.0,0.0,0.00475,0.0,0.0
2026-08-01T17:04:03Z,2026-09-25,55,260000.0,C,0.0,0.0001,0.0,63316.21,62916.28,0.7883,0.0,0.0,0.00429,291.7,0.0
2026-08-01T17:04:03Z,2026-09-25,55,260000.0,P,2.9675,3.255,3.1064,63316.21,62916.28,0.7883,-1.0,0.0,0.00429,0.0,0.0
2026-08-01T17:04:03Z,2026-09-25,55,280000.0,C,0.0,0.0001,0.0,63316.24,62916.28,0.8151,0.0,0.0,0.00303,91.7,0.0
2026-08-01T17:04:03Z,2026-09-25,55,280000.0,P,3.273,3.5825,3.4222,63316.21,62916.28,0.8151,-1.0,0.0,0.00303,0.0,0.0
2026-08-01T17:04:03Z,2026-09-25,55,300000.0,C,0.0,0.0001,0.0,63316.24,62916.28,0.8497,0.0,0.0,0.00287,192.1,0.0
2026-08-01T17:04:03Z,2026-09-25,55,300000.0,P,3.578,3.9095,3.7381,63316.21,62916.28,0.8497,-1.0,0.0,0.00287,0.0,0.0
2026-08-01T17:04:03Z,2026-09-25,55,320000.0,C,0.0,0.0001,0.0,63316.21,62916.28,0.8542000000000001,0.0,0.0,0.00131,276.6,0.0
2026-08-01T17:04:03Z,2026-09-25,55,320000.0,P,3.883,4.237,4.054,63316.21,62916.28,0.8542000000000001,-1.0,0.0,0.00131,25.1,0.0
2026-08-01T17:04:03Z,2026-10-30,90,48000.0,C,0.254,0.2585,0.2563,63543.83,62916.28,0.47600000000000003,0.90445,1e-05,53.44573,0.1,0.0
2026-08-01T17:04:03Z,2026-10-30,90,48000.0,P,0.0115,0.012,0.0117,63543.83,62916.28,0.47600000000000003,-0.09555,1e-05,53.44573,105.7,2.6
2026-08-01T17:04:03Z,2026-10-30,90,50000.0,C,0.2255,0.257,0.2281,63543.83,62916.28,0.4572,0.87925,1e-05,63.26438,0.1,0.0
2026-08-01T17:04:03Z,2026-10-30,90,50000.0,P,0.0145,0.015,0.0149,63543.83,62916.28,0.4572,-0.12075,1e-05,63.26438,56.8,1.2
2026-08-01T17:04:03Z,2026-10-30,90,52000.0,C,0.1975,0.203,0.2006,63543.83,62916.28,0.4389,0.84864,2e-05,73.85661,0.1,0.0
2026-08-01T17:04:03Z,2026-10-30,90,52000.0,P,0.0185,0.0195,0.0189,63544.12,62916.28,0.4389,-0.15135,2e-05,73.85469,15.0,0.4
2026-08-01T17:04:03Z,2026-10-30,90,54000.0,C,0.172,0.176,0.1744,63543.83,62916.28,0.42369999999999997,0.81063,2e-05,85.27177,0.0,0.0
2026-08-01T17:04:03Z,2026-10-30,90,54000.0,P,0.0235,0.025,0.0242,63543.83,62916.28,0.42369999999999997,-0.18937,2e-05,85.27177,5.7,0.6
2026-08-01T17:04:03Z,2026-10-30,90,55000.0,C,0.159,0.1635,0.1618,63543.83,62916.28,0.4165,0.78898,2e-05,91.00449,0.0,0.0
2026-08-01T17:04:03Z,2026-10-30,90,55000.0,P,0.027,0.028,0.0274,63543.83,62916.28,0.4165,-0.21102,2e-05,91.00449,10.2,0.0
2026-08-01T17:04:03Z,2026-10-30,90,56000.0,C,0.147,0.1515,0.1496,63543.83,62916.28,0.4097,0.76547,2e-05,96.65351,0.0,0.0
2026-08-01T17:04:03Z,2026-10-30,90,56000.0,P,0.0305,0.0315,0.0309,63543.83,62916.28,0.4097,-0.23453,2e-05,96.65351,5.0,0.0
2026-08-01T17:04:03Z,2026-10-30,90,57000.0,C,0.135,0.173,0.1379,63543.83,62916.28,0.4036,0.74,3e-05,102.13285,0.0,0.0
2026-08-01T17:04:03Z,2026-10-30,90,57000.0,P,0.0345,0.0355,0.0349,63543.83,62916.28,0.4036,-0.26,3e-05,102.13285,1.1,0.0
2026-08-01T17:04:03Z,2026-10-30,90,58000.0,C,0.1245,0.128,0.1266,63543.83,62916.28,0.3979,0.71278,3e-05,107.29356,0.0,0.0
2026-08-01T17:04:03Z,2026-10-30,90,58000.0,P,0.0385,0.04,0.0394,63543.83,62916.28,0.3979,-0.28722,3e-05,107.29356,8.1,0.1
2026-08-01T17:04:03Z,2026-10-30,90,59000.0,C,0.114,0.117,0.1158,63543.83,62916.28,0.3925,0.68392,3e-05,112.01765,1.0,0.0
2026-08-01T17:04:03Z,2026-10-30,90,59000.0,P,0.0435,0.045,0.0443,63543.83,62916.28,0.3925,-0.31608,3e-05,112.01765,0.5,0.0
2026-08-01T17:04:03Z,2026-10-30,90,60000.0,C,0.104,0.107,0.1055,63543.83,62916.28,0.3875,0.65352,3e-05,116.19601,1.2,0.1
2026-08-01T17:04:03Z,2026-10-30,90,60000.0,P,0.049,0.0505,0.0498,63543.83,62916.28,0.3875,-0.34648,3e-05,116.19601,19.3,0.0
2026-08-01T17:04:03Z,2026-10-30,90,61000.0,C,0.094,0.097,0.0958,63543.83,62916.28,0.38299999999999995,0.62178,3e-05,119.71699,0.0,0.0
2026-08-01T17:04:03Z,2026-10-30,90,61000.0,P,0.055,0.0565,0.0558,63543.83,62916.28,0.38299999999999995,-0.37822,3e-05,119.71699,10.1,0.0
2026-08-01T17:04:03Z,2026-10-30,90,62000.0,C,0.086,0.0875,0.0866,63543.83,62916.28,0.3787,0.58897,3e-05,122.47897,13.5,0.0
2026-08-01T17:04:03Z,2026-10-30,90,62000.0,P,0.0615,0.063,0.0623,63543.83,62916.28,0.3787,-0.41103,3e-05,122.47897,10.0,0.0
2026-08-01T17:04:03Z,2026-10-30,90,63000.0,C,0.077,0.079,0.0781,63544.12,62916.28,0.37520000000000003,0.55536,3e-05,124.40507,109.0,0.0
2026-08-01T17:04:03Z,2026-10-30,90,63000.0,P,0.0685,0.07,0.0696,63543.83,62916.28,0.37520000000000003,-0.44465,3e-05,124.40493,53.7,3.5
2026-08-01T17:04:03Z,2026-10-30,90,64000.0,C,0.0695,0.071,0.0702,63544.12,62916.28,0.3722,0.52132,3e-05,125.43719,0.0,0.0
2026-08-01T17:04:03Z,2026-10-30,90,64000.0,P,0.0765,0.0785,0.0774,63543.83,62916.28,0.3722,-0.47869,3e-05,125.43678,10.0,2.0
2026-08-01T17:04:03Z,2026-10-30,90,65000.0,C,0.062,0.0635,0.0627,63543.83,62916.28,0.3688,0.48699,3e-05,125.54919,76.1,1.0
2026-08-01T17:04:03Z,2026-10-30,90,65000.0,P,0.085,0.087,0.0857,63543.83,62916.28,0.3688,-0.51301,3e-05,125.54919,62.8,0.0
2026-08-01T17:04:03Z,2026-10-30,90,66000.0,C,0.055,0.0565,0.056,63543.21,62916.28,0.36619999999999997,0.4529,3e-05,124.73764,1.2,0.0
2026-08-01T17:04:03Z,2026-10-30,90,66000.0,P,0.093,0.0975,0.0946,63543.21,62916.28,0.36619999999999997,-0.5471,3e-05,124.73764,1.9,0.0
2026-08-01T17:04:03Z,2026-10-30,90,67000.0,C,0.049,0.05,0.0496,63543.21,62916.28,0.3632,0.41906,3e-05,123.01972,0.0,0.0
2026-08-01T17:04:03Z,2026-10-30,90,67000.0,P,0.1015,0.1065,0.104,63543.21,62916.28,0.3632,-0.58094,3e-05,123.01972,9.9,0.2
2026-08-01T17:04:03Z,2026-10-30,90,68000.0,C,0.043,0.0445,0.0439,63543.21,62916.28,0.3611,0.38612,3e-05,120.46132,20.0,0.0
2026-08-01T17:04:03Z,2026-10-30,90,68000.0,P,0.111,0.117,0.1141,63543.21,62916.28,0.3611,-0.61388,3e-05,120.46132,2.1,0.0
2026-08-01T17:04:03Z,2026-10-30,90,69000.0,C,0.038,0.0395,0.0388,63543.21,62916.28,0.3591,0.35421,3e-05,117.12968,1.7,0.2
2026-08-01T17:04:03Z,2026-10-30,90,69000.0,P,0.1225,0.128,0.1246,63543.21,62916.28,0.3591,-0.64579,3e-05,117.12968,0.0,0.0
2026-08-01T17:04:03Z,2026-10-30,90,70000.0,C,0.0335,0.0345,0.034,63543.21,62916.28,0.3569,0.32316,3e-05,113.06169,38.3,0.2
2026-08-01T17:04:03Z,2026-10-30,90,70000.0,P,0.1335,0.188,0.1356,63543.7,62916.28,0.3569,-0.67682,3e-05,113.06482,11.3,0.0
2026-08-01T17:04:03Z,2026-10-30,90,71000.0,C,0.029,0.0305,0.0299,63543.21,62916.28,0.3557,0.29413,3e-05,108.49228,17.9,0.0
2026-08-01T17:04:03Z,2026-10-30,90,71000.0,P,0.122,0.193,0.1472,63543.21,62916.28,0.3557,-0.70587,3e-05,108.49228,0.0,0.0
2026-08-01T17:04:03Z,2026-10-30,90,72000.0,C,0.0255,0.0265,0.0261,63543.21,62916.28,0.3544,0.26641,3e-05,103.41024,10.2,0.0
2026-08-01T17:04:03Z,2026-10-30,90,72000.0,P,0.1335,0.207,0.1592,63543.21,62916.28,0.3544,-0.73359,3e-05,103.41024,0.0,0.0
2026-08-01T17:04:03Z,2026-10-30,90,73000.0,C,0.022,0.0235,0.0229,63543.21,62916.28,0.35359999999999997,0.24066,3e-05,98.0301,0.2,0.2
2026-08-01T17:04:03Z,2026-10-30,90,73000.0,P,0.169,0.226,0.1717,63543.21,62916.28,0.35359999999999997,-0.75934,3e-05,98.0301,0.0,0.0
2026-08-01T17:04:03Z,2026-10-30,90,74000.0,C,0.0195,0.0205,0.02,63543.21,62916.28,0.35369999999999996,0.21724,3e-05,92.55416,5.0,0.0
2026-08-01T17:04:03Z,2026-10-30,90,74000.0,P,0.1815,0.196,0.1846,63543.21,62916.28,0.35369999999999996,-0.78276,3e-05,92.55416,0.0,0.0
2026-08-01T17:04:03Z,2026-10-30,90,75000.0,C,0.017,0.0175,0.0175,63543.21,62916.28,0.35369999999999996,0.19541,2e-05,86.92175,12.4,7.1
2026-08-01T17:04:03Z,2026-10-30,90,75000.0,P,0.1945,0.2095,0.1978,63543.21,62916.28,0.35369999999999996,-0.80459,2e-05,86.92175,1.1,0.1
2026-08-01T17:04:03Z,2026-10-30,90,76000.0,C,0.0145,0.0155,0.0153,63543.21,62916.28,0.35369999999999996,0.17523,2e-05,81.23146,13.2,0.2
2026-08-01T17:04:03Z,2026-10-30,90,76000.0,P,0.208,0.2215,0.2113,63543.7,62916.28,0.35369999999999996,-0.82476,2e-05,81.23543,0.0,0.0
2026-08-01T17:04:03Z,2026-10-30,90,78000.0,C,0.011,0.012,0.0116,63543.21,62916.28,0.3538,0.13969,2e-05,69.9772,13.1,0.1
2026-08-01T17:04:03Z,2026-10-30,90,78000.0,P,0.2355,0.294,0.2391,63543.21,62916.28,0.3538,-0.86031,2e-05,69.9772,0.1,0.0
2026-08-01T17:04:03Z,2026-10-30,90,80000.0,C,0.008,0.009,0.0087,63543.21,62916.28,0.3538,0.11007,2e-05,59.23531,11.5,2.6
2026-08-01T17:04:03Z,2026-10-30,90,80000.0,P,0.2375,0.2735,0.2676,63543.21,62916.28,0.3538,-0.88993,2e-05,59.23531,0.5,0.0
2026-08-01T17:04:03Z,2026-10-30,90,82000.0,C,0.006,0.007,0.0065,63543.21,62916.28,0.35479999999999995,0.08653,1e-05,49.65305,3.6,1.4
2026-08-01T17:04:03Z,2026-10-30,90,82000.0,P,0.293,0.3115,0.297,63543.21,62916.28,0.35479999999999995,-0.91347,1e-05,49.65305,0.0,0.0
2026-08-01T17:04:03Z,2026-10-30,90,84000.0,C,0.0048,0.0055,0.0052,63543.21,62916.28,0.3607,0.07046,1e-05,42.49041,0.4,0.0
2026-08-01T17:04:03Z,2026-10-30,90,84000.0,P,0.2965,0.374,0.3271,63543.7,62916.28,0.3607,-0.92953,1e-05,42.49343,0.0,0.0
2026-08-01T17:04:03Z,2026-10-30,90,85000.0,C,0.0043,0.0048,0.0046,63543.21,62916.28,0.36210000000000003,0.06279,1e-05,38.86257,1.4,1.4
2026-08-01T17:04:03Z,2026-10-30,90,85000.0,P,0.31,0.349,0.3422,63543.21,62916.28,0.36210000000000003,-0.93721,1e-05,38.86257,0.0,0.0
2026-08-01T17:04:03Z,2026-10-30,90,86000.0,C,0.0038,0.0043,0.0041,63543.21,62916.28,0.36450000000000005,0.05648,1e-05,35.76779,2.6,1.6
2026-08-01T17:04:03Z,2026-10-30,90,86000.0,P,0.353,0.411,0.3575,63543.21,62916.28,0.36450000000000005,-0.94352,1e-05,35.76779,0.1,0.0
2026-08-01T17:04:03Z,2026-10-30,90,88000.0,C,0.0029,0.0033,0.0032,63543.21,62916.28,0.3678,0.045,1e-05,29.84705,0.8,0.1
2026-08-01T17:04:03Z,2026-10-30,90,88000.0,P,0.383,0.395,0.388,63543.21,62916.28,0.3678,-0.955,1e-05,29.84705,0.0,0.0
2026-08-01T17:04:03Z,2026-10-30,90,90000.0,C,0.0022,0.0027,0.0025,63543.12,62916.28,0.3725,0.03645,1e-05,25.15059,30.1,0.3
2026-08-01T17:04:03Z,2026-10-30,90,90000.0,P,0.3855,0.426,0.4189,63543.12,62916.28,0.3725,-0.96355,1e-05,25.15059,0.1,0.0
2026-08-01T17:04:03Z,2026-10-30,90,95000.0,C,0.0013,0.0015,0.0015,63543.12,62916.28,0.3846,0.02195,0.0,16.4954,11.7,0.9
2026-08-01T17:04:03Z,2026-10-30,90,95000.0,P,0.491,0.55,0.4965,63543.12,62916.28,0.3846,-0.97805,0.0,16.4954,0.1,0.0
2026-08-01T17:04:03Z,2026-12-25,146,20000.0,C,0.688,0.69,0.689,63952.34,62916.28,0.8584999999999999,0.99213,0.0,8.73084,2.7,2.6
2026-08-01T17:04:03Z,2026-12-25,146,20000.0,P,0.0015,0.0019,0.0017,63952.39,62916.28,0.8584999999999999,-0.00787,0.0,8.73081,44.7,40.1
2026-08-01T17:04:03Z,2026-12-25,146,30000.0,C,0.5345,0.5365,0.5355,63952.34,62916.28,0.6820999999999999,0.97571,0.0,23.04276,289.4,0.0
2026-08-01T17:04:03Z,2026-12-25,146,30000.0,P,0.0045,0.0049,0.0046,63952.39,62916.28,0.6820999999999999,-0.02429,0.0,23.0427,2160.2,1.1
2026-08-01T17:04:03Z,2026-12-25,146,35000.0,C,0.458,0.462,0.4601,63952.34,62916.28,0.6143,0.95973,0.0,34.99968,77.7,0.0
2026-08-01T17:04:03Z,2026-12-25,146,35000.0,P,0.007,0.0075,0.0073,63952.34,62916.28,0.6143,-0.04027,0.0,34.99968,2314.5,10.0
2026-08-01T17:04:03Z,2026-12-25,146,40000.0,C,0.384,0.3875,0.3862,63952.34,62916.28,0.5576,0.93428,1e-05,51.65978,250.9,0.0
2026-08-01T17:04:03Z,2026-12-25,146,40000.0,P,0.0115,0.012,0.0117,63952.34,62916.28,0.5576,-0.06572,1e-05,51.65978,4156.1,6.1
2026-08-01T17:04:03Z,2026-12-25,146,45000.0,C,0.312,0.316,0.3143,63952.34,62916.28,0.5031,0.89706,1e-05,72.40449,54.3,0.0
2026-08-01T17:04:03Z,2026-12-25,146,45000.0,P,0.0175,0.018,0.0179,63952.34,62916.28,0.5031,-0.10294,1e-05,72.40449,2917.1,0.2
2026-08-01T17:04:03Z,2026-12-25,146,50000.0,C,0.2445,0.248,0.2466,63952.34,62916.28,0.46149999999999997,0.83893,1e-05,98.71332,260.8,0.0
2026-08-01T17:04:03Z,2026-12-25,146,50000.0,P,0.028,0.029,0.0285,63952.34,62916.28,0.46149999999999997,-0.16107,1e-05,98.71332,1829.4,11.8
2026-08-01T17:04:03Z,2026-12-25,146,52000.0,C,0.219,0.223,0.2214,63952.34,62916.28,0.4487,0.80832,2e-05,110.21102,0.1,0.0
2026-08-01T17:04:03Z,2026-12-25,146,52000.0,P,0.034,0.035,0.0345,63952.34,62916.28,0.4487,-0.19168,2e-05,110.21102,170.1,0.4
2026-08-01T17:04:03Z,2026-12-25,146,54000.0,C,0.195,0.199,0.1972,63952.39,62916.28,0.4366,0.77375,2e-05,121.52901,33.1,0.0
2026-08-01T17:04:03Z,2026-12-25,146,54000.0,P,0.041,0.0425,0.0416,63952.39,62916.28,0.4366,-0.22625,2e-05,121.52901,1807.9,0.1
2026-08-01T17:04:03Z,2026-12-25,146,55000.0,C,0.1835,0.187,0.1857,63952.34,62916.28,0.4314,0.7548,2e-05,127.04076,42.9,0.0
2026-08-01T17:04:03Z,2026-12-25,146,55000.0,P,0.045,0.0465,0.0457,63952.34,62916.28,0.4314,-0.2452,2e-05,127.04076,1100.2,1.4
2026-08-01T17:04:03Z,2026-12-25,146,56000.0,C,0.1725,0.176,0.1745,63952.38,62916.28,0.4264,0.73491,2e-05,132.33353,41.4,0.0
2026-08-01T17:04:03Z,2026-12-25,146,56000.0,P,0.0495,0.051,0.0502,63952.38,62916.28,0.4264,-0.26509,2e-05,132.33353,464.1,0.6
2026-08-01T17:04:03Z,2026-12-25,146,58000.0,C,0.1515,0.1545,0.1533,63952.38,62916.28,0.41759999999999997,0.69226,2e-05,142.05339,41.8,0.0
2026-08-01T17:04:03Z,2026-12-25,146,58000.0,P,0.0595,0.061,0.0602,63952.38,62916.28,0.41759999999999997,-0.30774,2e-05,142.05339,2053.6,0.1
2026-08-01T17:04:03Z,2026-12-25,146,60000.0,C,0.1325,0.135,0.1337,63952.38,62916.28,0.40979999999999994,0.64649,2e-05,150.16003,785.8,4.0
2026-08-01T17:04:03Z,2026-12-25,146,60000.0,P,0.071,0.0725,0.0719,63952.38,62916.28,0.40979999999999994,-0.35351,2e-05,150.16003,6445.8,8.2
2026-08-01T17:04:03Z,2026-12-25,146,62000.0,C,0.115,0.117,0.1159,63952.38,62916.28,0.4035,0.59835,2e-05,156.22869,255.1,0.0
2026-08-01T17:04:03Z,2026-12-25,146,62000.0,P,0.0845,0.086,0.0853,63952.38,62916.28,0.4035,-0.40165,2e-05,156.22869,707.6,0.5
2026-08-01T17:04:03Z,2026-12-25,146,64000.0,C,0.099,0.1005,0.0997,63952.38,62916.28,0.3981,0.54886,2e-05,159.94094,420.0,3.0
2026-08-01T17:04:03Z,2026-12-25,146,64000.0,P,0.0995,0.1015,0.1005,63952.38,62916.28,0.3981,-0.45114,2e-05,159.94094,270.6,7.4
2026-08-01T17:04:03Z,2026-12-25,146,65000.0,C,0.0915,0.093,0.0923,63952.38,62916.28,0.39590000000000003,0.52394,2e-05,160.86088,663.1,14.0
2026-08-01T17:04:03Z,2026-12-25,146,65000.0,P,0.1075,0.11,0.1087,63952.34,62916.28,0.39590000000000003,-0.47606,2e-05,160.8608,706.5,0.0
2026-08-01T17:04:03Z,2026-12-25,146,66000.0,C,0.0845,0.086,0.0853,63952.38,62916.28,0.3937,0.49905,3e-05,161.15059,261.8,0.5
2026-08-01T17:04:03Z,2026-12-25,146,66000.0,P,0.115,0.1195,0.1174,63952.38,62916.28,0.3937,-0.50095,3e-05,161.15059,366.6,0.2
2026-08-01T17:04:03Z,2026-12-25,146,68000.0,C,0.072,0.0735,0.0726,63952.38,62916.28,0.39020000000000005,0.44995,3e-05,159.88099,564.5,3.0
2026-08-01T17:04:03Z,2026-12-25,146,68000.0,P,0.133,0.1385,0.1359,63952.38,62916.28,0.39020000000000005,-0.55005,3e-05,159.88099,354.9,0.0
2026-08-01T17:04:03Z,2026-12-25,146,70000.0,C,0.0605,0.062,0.0614,63952.38,62916.28,0.387,0.40227,2e-05,156.29122,1087.0,0.3
2026-08-01T17:04:03Z,2026-12-25,146,70000.0,P,0.154,0.159,0.156,63952.38,62916.28,0.387,-0.59773,2e-05,156.29122,1034.6,0.0
2026-08-01T17:04:03Z,2026-12-25,146,72000.0,C,0.051,0.0525,0.0519,63952.21,62916.28,0.38520000000000004,0.35737,2e-05,150.73882,1134.8,0.5
2026-08-01T17:04:03Z,2026-12-25,146,72000.0,P,0.1745,0.181,0.1777,63952.29,62916.28,0.38520000000000004,-0.64262,2e-05,150.73929,335.5,0.0
2026-08-01T17:04:03Z,2026-12-25,146,74000.0,C,0.0425,0.044,0.0435,63952.29,62916.28,0.38299999999999995,0.31483,2e-05,143.46385,145.7,5.3
2026-08-01T17:04:03Z,2026-12-25,146,74000.0,P,0.1965,0.2045,0.2006,63952.29,62916.28,0.38299999999999995,-0.68517,2e-05,143.46385,106.0,0.0
2026-08-01T17:04:03Z,2026-12-25,146,75000.0,C,0.039,0.0405,0.04,63952.29,62916.28,0.38299999999999995,0.29538,2e-05,139.45869,1771.7,8.0
2026-08-01T17:04:03Z,2026-12-25,146,75000.0,P,0.209,0.2165,0.2127,63952.21,62916.28,0.38299999999999995,-0.70462,2e-05,139.45813,897.2,0.0
2026-08-01T17:04:03Z,2026-12-25,146,76000.0,C,0.036,0.037,0.0367,63952.21,62916.28,0.3831,0.27679,2e-05,135.2163,388.7,0.2
2026-08-01T17:04:03Z,2026-12-25,146,76000.0,P,0.2205,0.229,0.2251,63952.21,62916.28,0.3831,-0.72321,2e-05,135.2163,142.1,0.0
2026-08-01T17:04:03Z,2026-12-25,146,78000.0,C,0.03,0.031,0.0308,63952.21,62916.28,0.38280000000000003,0.24183,2e-05,126.09558,411.4,7.0
2026-08-01T17:04:03Z,2026-12-25,146,78000.0,P,0.2455,0.2545,0.2504,63952.29,62916.28,0.38280000000000003,-0.75817,2e-05,126.0962,234.6,0.0
2026-08-01T17:04:03Z,2026-12-25,146,80000.0,C,0.025,0.026,0.0259,63952.21,62916.28,0.3835,0.21093,2e-05,116.71961,7958.0,13.9
2026-08-01T17:04:03Z,2026-12-25,146,80000.0,P,0.2715,0.281,0.2768,63952.21,62916.28,0.3835,-0.78907,2e-05,116.71961,951.8,0.3
2026-08-01T17:04:03Z,2026-12-25,146,82000.0,C,0.021,0.022,0.0217,63952.29,62916.28,0.384,0.18312,2e-05,107.13974,494.3,1.5
2026-08-01T17:04:03Z,2026-12-25,146,82000.0,P,0.299,0.308,0.3039,63952.29,62916.28,0.384,-0.81688,2e-05,107.13974,158.8,0.0
2026-08-01T17:04:03Z,2026-12-25,146,84000.0,C,0.0175,0.0185,0.0182,63952.21,62916.28,0.38439999999999996,0.15828,2e-05,97.59302,764.5,7.3
2026-08-01T17:04:03Z,2026-12-25,146,84000.0,P,0.3275,0.336,0.3316,63952.21,62916.28,0.38439999999999996,-0.84172,2e-05,97.59302,47.1,0.0
2026-08-01T17:04:03Z,2026-12-25,146,85000.0,C,0.016,0.017,0.0166,63952.29,62916.28,0.3848,0.14711,1e-05,92.96673,2240.9,0.9
2026-08-01T17:04:03Z,2026-12-25,146,85000.0,P,0.3415,0.351,0.3457,63952.21,62916.28,0.3848,-0.85289,1e-05,92.96611,548.4,0.0
2026-08-01T17:04:03Z,2026-12-25,146,86000.0,C,0.015,0.0155,0.0154,63952.21,62916.28,0.38659999999999994,0.13764,1e-05,88.8745,304.0,1.5
2026-08-01T17:04:03Z,2026-12-25,146,86000.0,P,0.325,0.415,0.3601,63952.41,62916.28,0.38659999999999994,-0.86236,1e-05,88.87536,23.4,0.0
2026-08-01T17:04:03Z,2026-12-25,146,88000.0,C,0.012,0.013,0.0128,63952.41,62916.28,0.38659999999999994,0.118,1e-05,79.85333,2531.7,5.0
2026-08-01T17:04:03Z,2026-12-25,146,88000.0,P,0.3525,0.444,0.3888,63952.41,62916.28,0.38659999999999994,-0.882,1e-05,79.85333,4.2,0.0
2026-08-01T17:04:03Z,2026-12-25,146,90000.0,C,0.0105,0.011,0.0109,63952.41,62916.28,0.3893,0.10269,1e-05,72.27622,3099.8,6.9
2026-08-01T17:04:03Z,2026-12-25,146,90000.0,P,0.412,0.424,0.4182,63952.13,62916.28,0.3893,-0.89731,1e-05,72.27427,590.6,0.0
2026-08-01T17:04:03Z,2026-12-25,146,92000.0,C,0.009,0.0095,0.0091,63952.41,62916.28,0.3897,0.08782,1e-05,64.40859,251.6,0.2
2026-08-01T17:04:03Z,2026-12-25,146,92000.0,P,0.443,0.5095,0.4476,63952.41,62916.28,0.3897,-0.91218,1e-05,64.40859,4.6,0.0
2026-08-01T17:04:03Z,2026-12-25,146,94000.0,C,0.0075,0.008,0.0079,63952.41,62916.28,0.39380000000000004,0.0772,1e-05,58.45455,115.2,0.0
2026-08-01T17:04:03Z,2026-12-25,146,94000.0,P,0.473,0.4835,0.4777,63952.41,62916.28,0.39380000000000004,-0.9228,1e-05,58.45455,5.3,0.0
2026-08-01T17:04:03Z,2026-12-25,146,95000.0,C,0.0065,0.0075,0.0072,63952.41,62916.28,0.3942,0.07146,1e-05,55.10196,1298.3,0.1
2026-08-01T17:04:03Z,2026-12-25,146,95000.0,P,0.487,0.499,0.4927,63952.41,62916.28,0.3942,-0.92854,1e-05,55.10196,85.9,0.0
2026-08-01T17:04:03Z,2026-12-25,146,96000.0,C,0.006,0.007,0.0066,63952.41,62916.28,0.3947,0.06623,1e-05,51.9657,309.2,0.1
2026-08-01T17:04:03Z,2026-12-25,146,96000.0,P,0.4695,0.514,0.5077,63952.13,62916.28,0.3947,-0.93378,1e-05,51.9641,11.3,0.0
2026-08-01T17:04:03Z,2026-12-25,146,98000.0,C,0.005,0.006,0.0055,63952.13,62916.28,0.3957,0.05674,1e-05,46.0557,206.5,1.0
2026-08-01T17:04:03Z,2026-12-25,146,98000.0,P,0.4985,0.5445,0.5379,63952.41,62916.28,0.3957,-0.94325,1e-05,46.05718,1.2,0.0
2026-08-01T17:04:03Z,2026-12-25,146,100000.0,C,0.0046,0.005,0.0051,63952.13,62916.28,0.40369999999999995,0.05199,1e-05,42.97756,3657.4,4.9
2026-08-01T17:04:03Z,2026-12-25,146,100000.0,P,0.562,0.575,0.5688,63952.41,62916.28,0.40369999999999995,-0.94801,1e-05,42.97895,303.3,0.0
2026-08-01T17:04:03Z,2026-12-25,146,102000.0,C,0.004,0.0045,0.0043,63952.41,62916.28,0.4044,0.04455,1e-05,37.98343,214.0,1.0
2026-08-01T17:04:03Z,2026-12-25,146,102000.0,P,0.594,0.6605,0.5992,63952.41,62916.28,0.4044,-0.95545,1e-05,37.98343,7.8,0.0
2026-08-01T17:04:03Z,2026-12-25,146,104000.0,C,0.0035,0.0039,0.0037,63952.41,62916.28,0.40759999999999996,0.0392,1e-05,34.24429,84.9,0.5
2026-08-01T17:04:03Z,2026-12-25,146,104000.0,P,0.5885,0.686,0.6299,63952.41,62916.28,0.40759999999999996,-0.9608,1e-05,34.24429,0.1,0.0
2026-08-01T17:04:03Z,2026-12-25,146,105000.0,C,0.0032,0.0037,0.0035,63952.41,62916.28,0.40909999999999996,0.03674,0.0,32.4791,833.4,0.5
2026-08-01T17:04:03Z,2026-12-25,146,105000.0,P,0.638,0.6525,0.6453,63952.41,62916.28,0.40909999999999996,-0.96326,0.0,32.4791,109.4,0.0
2026-08-01T17:04:03Z,2026-12-25,146,106000.0,C,0.003,0.0035,0.0033,63952.13,62916.28,0.4111,0.03468,0.0,30.98017,320.2,0.0
2026-08-01T17:04:03Z,2026-12-25,146,106000.0,P,0.6185,0.718,0.6607,63952.13,62916.28,0.4111,-0.96532,0.0,30.98017,0.2,0.0
2026-08-01T17:04:03Z,2026-12-25,146,108000.0,C,0.0026,0.0031,0.0029,63952.41,62916.28,0.4152,0.03097,0.0,28.21764,122.2,0.0
2026-08-01T17:04:03Z,2026-12-25,146,108000.0,P,0.686,0.756,0.6917,63952.13,62916.28,0.4152,-0.96903,0.0,28.21664,0.1,0.0
2026-08-01T17:04:03Z,2026-12-25,146,110000.0,C,0.0023,0.0028,0.0026,63952.41,62916.28,0.4189,0.02759,0.0,25.63955,2640.1,0.0
2026-08-01T17:04:03Z,2026-12-25,146,110000.0,P,0.715,0.7305,0.7226,63952.13,62916.28,0.4189,-0.97241,0.0,25.63862,54.2,0.0
2026-08-01T17:04:03Z,2026-12-25,146,115000.0,C,0.0017,0.0021,0.0019,63952.41,62916.28,0.42810000000000004,0.02093,0.0,20.32882,2339.6,0.0
2026-08-01T17:04:03Z,2026-12-25,146,115000.0,P,0.7545,0.86,0.8001,63952.41,62916.28,0.42810000000000004,-0.97907,0.0,20.32882,0.7,0.0
2026-08-01T17:04:03Z,2026-12-25,146,120000.0,C,0.0013,0.0014,0.0015,63952.41,62916.28,0.43700000000000006,0.0161,0.0,16.252,6033.2,0.0
2026-08-01T17:04:03Z,2026-12-25,146,120000.0,P,0.8715,0.8865,0.8779,63952.41,62916.28,0.43700000000000006,-0.9839,0.0,16.252,35.6,0.0
2026-08-01T17:04:03Z,2026-12-25,146,125000.0,C,0.0011,0.0013,0.0012,63952.41,62916.28,0.4473,0.01285,0.0,13.38663,593.9,1.1
2026-08-01T17:04:03Z,2026-12-25,146,125000.0,P,0.9045,1.031,0.9557,63952.41,62916.28,0.4473,-0.98715,0.0,13.38663,9.1,1.0
2026-08-01T17:04:03Z,2026-12-25,146,130000.0,C,0.0008,0.001,0.0009,63952.41,62916.28,0.45740000000000003,0.01042,0.0,11.15713,1571.3,1.1
2026-08-01T17:04:03Z,2026-12-25,146,130000.0,P,0.964,1.1115,1.0337,63952.41,62916.28,0.45740000000000003,-0.98958,0.0,11.15713,52.1,0.0
2026-08-01T17:04:03Z,2026-12-25,146,135000.0,C,0.0006,0.0009,0.0008,63952.41,62916.28,0.4664,0.00845,0.0,9.2864,1092.8,0.2
2026-08-01T17:04:03Z,2026-12-25,146,135000.0,P,1.0395,1.192,1.1117,63952.41,62916.28,0.4664,-0.99155,0.0,9.2864,0.6,0.0
2026-08-01T17:04:03Z,2026-12-25,146,140000.0,C,0.0005,0.0008,0.0006,63952.13,62916.28,0.47659999999999997,0.0071,0.0,7.97077,1474.4,0.1
2026-08-01T17:04:03Z,2026-12-25,146,140000.0,P,1.115,1.2725,1.1898,63952.41,62916.28,0.47659999999999997,-0.9929,0.0,7.97109,0.2,0.0
2026-08-01T17:04:03Z,2026-12-25,146,150000.0,C,0.0003,0.0007,0.0005,63952.41,62916.28,0.4941,0.00501,0.0,5.84947,1625.8,0.1
2026-08-01T17:04:03Z,2026-12-25,146,150000.0,P,1.2665,1.4345,1.346,63952.13,62916.28,0.4941,-0.99499,0.0,5.84923,2.0,0.0
2026-08-01T17:04:03Z,2026-12-25,146,160000.0,C,0.0002,0.0005,0.0003,63952.41,62916.28,0.5113,0.0037,0.0,4.46514,1224.0,0.1
2026-08-01T17:04:03Z,2026-12-25,146,160000.0,P,1.4175,1.5955,1.5022,63952.41,62916.28,0.5113,-0.9963,0.0,4.46514,0.0,0.0
2026-08-01T17:04:03Z,2026-12-25,146,170000.0,C,0.0001,0.0007,0.0002,63952.13,62916.28,0.5244,0.00267,0.0,3.32683,2384.5,0.1
2026-08-01T17:04:03Z,2026-12-25,146,170000.0,P,1.5685,1.7565,1.6585,63952.41,62916.28,0.5244,-0.99733,0.0,3.32696,0.0,0.0
2026-08-01T17:04:03Z,2026-12-25,146,180000.0,C,0.0001,0.0005,0.0002,63952.41,62916.28,0.551,0.00256,0.0,3.20113,923.8,0.1
2026-08-01T17:04:03Z,2026-12-25,146,180000.0,P,1.7195,1.919,1.8148,63952.13,62916.28,0.551,-0.99744,0.0,3.201,0.0,0.0
2026-08-01T17:04:03Z,2026-12-25,146,190000.0,C,0.0,0.0003,0.0002,63952.41,62916.28,0.5672,0.00212,0.0,2.69521,990.5,0.0
2026-08-01T17:04:03Z,2026-12-25,146,190000.0,P,1.8705,2.081,1.9712,63952.41,62916.28,0.5672,-0.99788,0.0,2.69521,0.0,0.0
2026-08-01T17:04:03Z,2026-12-25,146,200000.0,C,0.0,0.0003,0.0001,63952.13,62916.28,0.5756,0.00157,0.0,2.04991,951.4,0.0
2026-08-01T17:04:03Z,2026-12-25,146,200000.0,P,2.022,2.2425,2.1275,63952.13,62916.28,0.5756,-0.99843,0.0,2.04991,0.0,0.0
2026-08-01T17:04:03Z,2026-12-25,146,210000.0,C,0.0,0.0003,0.0001,63952.41,62916.28,0.5851,0.00121,0.0,1.6249,151.7,0.0
2026-08-01T17:04:03Z,2026-12-25,146,210000.0,P,2.173,2.404,2.2838,63952.13,62916.28,0.5851,-0.99879,0.0,1.62483,0.0,0.0
2026-08-01T17:04:03Z,2026-12-25,146,220000.0,C,0.0,0.0003,0.0001,63952.13,62916.28,0.5931000000000001,0.00093,0.0,1.27737,252.8,0.0
2026-08-01T17:04:03Z,2026-12-25,146,220000.0,P,2.324,2.566,2.4402,63952.41,62916.28,0.5931000000000001,-0.99907,0.0,1.27742,0.0,0.0
2026-08-01T17:04:03Z,2026-12-25,146,230000.0,C,0.0,0.0003,0.0001,63952.41,62916.28,0.6225999999999999,0.00111,0.0,1.50223,195.9,0.0
2026-08-01T17:04:03Z,2026-12-25,146,230000.0,P,2.4745,2.7285,2.5965,63952.41,62916.28,0.6225999999999999,-0.99889,0.0,1.50223,0.0,0.0
2026-08-01T17:04:03Z,2026-12-25,146,240000.0,C,0.0,0.0003,0.0001,63952.41,62916.28,0.6235,0.00079,0.0,1.08932,874.4,0.0
2026-08-01T17:04:03Z,2026-12-25,146,240000.0,P,2.626,2.89,2.7529,63952.41,62916.28,0.6235,-0.99921,0.0,1.08932,0.0,0.0
2026-08-01T17:04:03Z,2026-12-25,146,250000.0,C,0.0,0.0003,0.0001,63952.41,62916.28,0.628,0.0006,0.0,0.84996,1120.9,0.0
2026-08-01T17:04:03Z,2026-12-25,146,250000.0,P,2.7765,3.052,2.9092,63952.41,62916.28,0.628,-0.9994,0.0,0.84996,10.0,0.0
2026-08-01T17:04:03Z,2027-03-26,237,35000.0,C,0.471,0.4735,0.4722,64606.51,62916.28,0.5698,0.94126,0.0,60.93943,5.0,0.0
2026-08-01T17:04:03Z,2027-03-26,237,35000.0,P,0.014,0.0145,0.014,64606.79,62916.28,0.5698,-0.05873,0.0,60.93879,584.7,10.5
2026-08-01T17:04:03Z,2027-03-26,237,40000.0,C,0.4,0.4045,0.4018,64606.79,62916.28,0.5246,0.9109,1e-05,83.84694,81.3,0.0
2026-08-01T17:04:03Z,2027-03-26,237,40000.0,P,0.021,0.0215,0.021,64606.88,62916.28,0.5246,-0.0891,1e-05,83.84718,1140.1,0.2
2026-08-01T17:04:03Z,2027-03-26,237,45000.0,C,0.333,0.3375,0.3351,64606.88,62916.28,0.4899,0.86739,1e-05,111.56362,3.3,0.0
2026-08-01T17:04:03Z,2027-03-26,237,45000.0,P,0.031,0.0325,0.0317,64606.88,62916.28,0.4899,-0.13261,1e-05,111.56362,193.9,0.0
2026-08-01T17:04:03Z,2027-03-26,237,50000.0,C,0.271,0.275,0.2732,64606.88,62916.28,0.4617,0.80931,1e-05,141.47348,20.6,0.0
2026-08-01T17:04:03Z,2027-03-26,237,50000.0,P,0.046,0.048,0.0471,64606.88,62916.28,0.4617,-0.19069,1e-05,141.47348,2077.7,0.0
2026-08-01T17:04:03Z,2027-03-26,237,52000.0,C,0.248,0.252,0.2501,64606.88,62916.28,0.4523,0.78176,1e-05,153.31395,5.2,0.0
2026-08-01T17:04:03Z,2027-03-26,237,52000.0,P,0.054,0.056,0.055,64606.88,62916.28,0.4523,-0.21824,1e-05,153.31395,111.9,0.0
2026-08-01T17:04:03Z,2027-03-26,237,54000.0,C,0.226,0.23,0.2282,64606.75,62916.28,0.4443,0.7518,1e-05,164.66957,0.1,0.0
2026-08-01T17:04:03Z,2027-03-26,237,54000.0,P,0.063,0.065,0.064,64606.88,62916.28,0.4443,-0.2482,1e-05,164.66927,58.7,0.1
2026-08-01T17:04:03Z,2027-03-26,237,55000.0,C,0.2155,0.2195,0.2177,64606.88,62916.28,0.44060000000000005,0.73604,1e-05,170.04281,28.6,0.0
2026-08-01T17:04:03Z,2027-03-26,237,55000.0,P,0.068,0.07,0.069,64606.88,62916.28,0.44060000000000005,-0.26396,1e-05,170.04281,1354.3,0.5
2026-08-01T17:04:03Z,2027-03-26,237,56000.0,C,0.2055,0.209,0.2075,64606.88,62916.28,0.43729999999999997,0.71974,1e-05,175.18472,16.9,0.0
2026-08-01T17:04:03Z,2027-03-26,237,56000.0,P,0.0735,0.0755,0.0743,64606.88,62916.28,0.43729999999999997,-0.28026,1e-05,175.18472,83.1,0.0
2026-08-01T17:04:03Z,2027-03-26,237,58000.0,C,0.187,0.1895,0.1881,64606.88,62916.28,0.4311,0.68592,2e-05,184.55753,5.2,0.0
2026-08-01T17:04:03Z,2027-03-26,237,58000.0,P,0.0845,0.087,0.0858,64606.88,62916.28,0.4311,-0.31408,2e-05,184.55753,109.5,0.1
2026-08-01T17:04:03Z,2027-03-26,237,60000.0,C,0.1685,0.171,0.1698,64606.88,62916.28,0.4253,0.65071,2e-05,192.53337,718.9,0.0
2026-08-01T17:04:03Z,2027-03-26,237,60000.0,P,0.0975,0.0995,0.0985,64606.88,62916.28,0.4253,-0.34929,2e-05,192.53337,619.3,0.0
2026-08-01T17:04:03Z,2027-03-26,237,62000.0,C,0.1515,0.154,0.1528,64606.88,62916.28,0.4204,0.61444,2e-05,198.92601,42.2,0.0
2026-08-01T17:04:03Z,2027-03-26,237,62000.0,P,0.111,0.1135,0.1125,64606.88,62916.28,0.4204,-0.38556,2e-05,198.92601,254.2,0.0
2026-08-01T17:04:03Z,2027-03-26,237,64000.0,C,0.136,0.1385,0.1372,64606.88,62916.28,0.4163,0.5776,2e-05,203.58646,85.3,0.0
2026-08-01T17:04:03Z,2027-03-26,237,64000.0,P,0.1265,0.1295,0.1278,64607.37,62916.28,0.4163,-0.42239,2e-05,203.5871,143.1,0.0
2026-08-01T17:04:03Z,2027-03-26,237,65000.0,C,0.1285,0.131,0.13,64607.37,62916.28,0.41479999999999995,0.55916,2e-05,205.24029,211.5,0.0
2026-08-01T17:04:03Z,2027-03-26,237,65000.0,P,0.1345,0.1375,0.1361,64607.37,62916.28,0.41479999999999995,-0.44084,2e-05,205.24029,663.1,0.0
2026-08-01T17:04:03Z,2027-03-26,237,66000.0,C,0.1215,0.124,0.1229,64607.37,62916.28,0.4129,0.54065,2e-05,206.44808,18.2,0.0
2026-08-01T17:04:03Z,2027-03-26,237,66000.0,P,0.143,0.146,0.1445,64607.37,62916.28,0.4129,-0.45935,2e-05,206.44808,124.9,0.0
2026-08-01T17:04:03Z,2027-03-26,237,68000.0,C,0.1085,0.1105,0.1098,64607.37,62916.28,0.40979999999999994,0.50394,2e-05,207.51601,39.1,0.0
2026-08-01T17:04:03Z,2027-03-26,237,68000.0,P,0.16,0.1655,0.1623,64607.37,62916.28,0.40979999999999994,-0.49606,2e-05,207.51601,65.1,0.0
2026-08-01T17:04:03Z,2027-03-26,237,70000.0,C,0.0965,0.0985,0.0978,64607.37,62916.28,0.4068,0.46774,2e-05,206.84733,749.6,26.9
2026-08-01T17:04:03Z,2027-03-26,237,70000.0,P,0.1795,0.1845,0.1813,64606.86,62916.28,0.4068,-0.53227,2e-05,206.8453,211.8,15.0
2026-08-01T17:04:03Z,2027-03-26,237,72000.0,C,0.086,0.088,0.0871,64607.37,62916.28,0.4048,0.43272,2e-05,204.56782,64.1,0.0
2026-08-01T17:04:03Z,2027-03-26,237,72000.0,P,0.1995,0.205,0.2015,64606.86,62916.28,0.4048,-0.56729,2e-05,204.56537,139.1,0.0
2026-08-01T17:04:03Z,2027-03-26,237,74000.0,C,0.076,0.078,0.0772,64607.37,62916.28,0.40259999999999996,0.39872,2e-05,200.80199,50.0,0.0
2026-08-01T17:04:03Z,2027-03-26,237,74000.0,P,0.22,0.2265,0.2226,64607.37,62916.28,0.40259999999999996,-0.60128,2e-05,200.80199,55.0,0.0
2026-08-01T17:04:03Z,2027-03-26,237,76000.0,C,0.0675,0.069,0.0684,64607.37,62916.28,0.4007,0.36617,2e-05,195.73732,283.7,1.0
2026-08-01T17:04:03Z,2027-03-26,237,76000.0,P,0.242,0.249,0.2448,64607.37,62916.28,0.4007,-0.63383,2e-05,195.73732,19.2,0.0
2026-08-01T17:04:03Z,2027-03-26,237,78000.0,C,0.0595,0.0615,0.0607,64607.37,62916.28,0.4,0.33582,2e-05,189.69432,385.8,0.0
2026-08-01T17:04:03Z,2027-03-26,237,78000.0,P,0.266,0.2725,0.268,64607.37,62916.28,0.4,-0.66418,2e-05,189.69432,182.4,0.0
2026-08-01T17:04:03Z,2027-03-26,237,80000.0,C,0.053,0.0545,0.0539,64607.37,62916.28,0.3994,0.3072,2e-05,182.79227,915.2,0.0
2026-08-01T17:04:03Z,2027-03-26,237,80000.0,P,0.2885,0.2965,0.2921,64607.37,62916.28,0.3994,-0.6928,2e-05,182.79227,139.2,0.0
2026-08-01T17:04:03Z,2027-03-26,237,82000.0,C,0.0465,0.0485,0.0478,64607.37,62916.28,0.39909999999999995,0.28052,2e-05,175.26487,673.9,1.0
2026-08-01T17:04:03Z,2027-03-26,237,82000.0,P,0.2775,0.3805,0.317,64607.37,62916.28,0.39909999999999995,-0.71948,2e-05,175.26487,3.9,0.0
2026-08-01T17:04:03Z,2027-03-26,237,84000.0,C,0.0415,0.043,0.0424,64607.37,62916.28,0.39880000000000004,0.25563,2e-05,167.25538,244.1,10.0
2026-08-01T17:04:03Z,2027-03-26,237,84000.0,P,0.3385,0.3475,0.3425,64606.86,62916.28,0.39880000000000004,-0.74437,2e-05,167.25136,55.1,0.0
2026-08-01T17:04:03Z,2027-03-26,237,85000.0,C,0.039,0.0405,0.0398,64607.37,62916.28,0.3987,0.24382,2e-05,163.10368,71.5,0.2
2026-08-01T17:04:03Z,2027-03-26,237,85000.0,P,0.337,0.4055,0.3555,64607.37,62916.28,0.3987,-0.75618,2e-05,163.10368,0.9,0.0
2026-08-01T17:04:03Z,2027-03-26,237,86000.0,C,0.0365,0.038,0.0376,64607.37,62916.28,0.3992,0.23294,1e-05,159.07591,122.1,0.0
2026-08-01T17:04:03Z,2027-03-26,237,86000.0,P,0.328,0.433,0.3688,64607.37,62916.28,0.3992,-0.76706,1e-05,159.07591,1.8,0.0
2026-08-01T17:04:03Z,2027-03-26,237,88000.0,C,0.0325,0.034,0.0334,64606.86,62916.28,0.3994,0.2118,1e-05,150.66929,70.6,0.5
2026-08-01T17:04:03Z,2027-03-26,237,88000.0,P,0.355,0.401,0.3955,64607.37,62916.28,0.3994,-0.7882,1e-05,150.67302,4.5,0.0
2026-08-01T17:04:03Z,2027-03-26,237,90000.0,C,0.029,0.0305,0.0298,64607.37,62916.28,0.4006,0.19312,1e-05,142.5757,506.9,0.5
2026-08-01T17:04:03Z,2027-03-26,237,90000.0,P,0.381,0.4855,0.4229,64606.86,62916.28,0.4006,-0.80689,1e-05,142.57155,14.1,0.0
2026-08-01T17:04:03Z,2027-03-26,237,92000.0,C,0.0255,0.027,0.0264,64607.37,62916.28,0.4006,0.17499,1e-05,134.08952,127.3,0.4
2026-08-01T17:04:03Z,2027-03-26,237,92000.0,P,0.4085,0.513,0.4504,64607.37,62916.28,0.4006,-0.82501,1e-05,134.08924,0.6,0.3
2026-08-01T17:04:03Z,2027-03-26,237,94000.0,C,0.023,0.024,0.0236,64607.37,62916.28,0.4017,0.15921,1e-05,126.15754,129.4,0.0
2026-08-01T17:04:03Z,2027-03-26,237,94000.0,P,0.4355,0.543,0.4785,64607.37,62916.28,0.4017,-0.84079,1e-05,126.15754,9.1,0.0
2026-08-01T17:04:03Z,2027-03-26,237,95000.0,C,0.0215,0.023,0.0223,64606.86,62916.28,0.40240000000000004,0.152,1e-05,122.36257,319.4,0.0
2026-08-01T17:04:03Z,2027-03-26,237,95000.0,P,0.489,0.561,0.4927,64606.86,62916.28,0.40240000000000004,-0.848,1e-05,122.36257,0.6,0.0
2026-08-01T17:04:03Z,2027-03-26,237,96000.0,C,0.0205,0.0215,0.0211,64607.37,62916.28,0.4029,0.14486,1e-05,118.48468,124.9,0.0
2026-08-01T17:04:03Z,2027-03-26,237,96000.0,P,0.464,0.513,0.507,64607.37,62916.28,0.4029,-0.85514,1e-05,118.48468,1.6,0.0
2026-08-01T17:04:03Z,2027-03-26,237,98000.0,C,0.018,0.0195,0.0188,64607.37,62916.28,0.4039,0.13163,1e-05,110.99712,95.6,0.0
2026-08-01T17:04:03Z,2027-03-26,237,98000.0,P,0.4915,0.601,0.5357,64607.37,62916.28,0.4039,-0.86837,1e-05,110.99712,0.2,0.0
2026-08-01T17:04:03Z,2027-03-26,237,100000.0,C,0.0165,0.0175,0.0169,64607.37,62916.28,0.4053,0.1199,1e-05,103.99865,556.2,0.0
2026-08-01T17:04:03Z,2027-03-26,237,100000.0,P,0.5215,0.6305,0.5647,64606.86,62916.28,0.4053,-0.8801,1e-05,103.99487,12.1,0.0
2026-08-01T17:04:03Z,2027-03-26,237,102000.0,C,0.0145,0.0155,0.0151,64607.37,62916.28,0.40619999999999995,0.10885,1e-05,97.07973,105.8,0.0
2026-08-01T17:04:03Z,2027-03-26,237,102000.0,P,0.5495,0.657,0.5938,64607.37,62916.28,0.40619999999999995,-0.89115,1e-05,97.08007,0.1,0.0
2026-08-01T17:04:03Z,2027-03-26,237,104000.0,C,0.013,0.014,0.0135,64607.37,62916.28,0.4078,0.09925,1e-05,90.79185,101.3,0.0
2026-08-01T17:04:03Z,2027-03-26,237,104000.0,P,0.605,0.676,0.6233,64607.37,62916.28,0.4078,-0.90075,1e-05,90.79158,0.1,0.0
2026-08-01T17:04:03Z,2027-03-26,237,105000.0,C,0.0125,0.0135,0.013,64607.37,62916.28,0.40990000000000004,0.09573,1e-05,88.41789,183.2,0.0
2026-08-01T17:04:03Z,2027-03-26,237,105000.0,P,0.5925,0.7,0.6383,64607.37,62916.28,0.40990000000000004,-0.90427,1e-05,88.41789,0.1,0.0
2026-08-01T17:04:03Z,2027-03-26,237,106000.0,C,0.0115,0.013,0.0124,64607.37,62916.28,0.41090000000000004,0.0916,1e-05,85.58635,42.7,0.0
2026-08-01T17:04:03Z,2027-03-26,237,106000.0,P,0.632,0.7085,0.6531,64607.37,62916.28,0.41090000000000004,-0.9084,1e-05,85.58523,0.1,0.0
2026-08-01T17:04:03Z,2027-03-26,237,108000.0,C,0.0105,0.0115,0.0111,64606.86,62916.28,0.41159999999999997,0.08306,1e-05,79.55389,57.0,0.0
2026-08-01T17:04:03Z,2027-03-26,237,108000.0,P,0.6605,0.7385,0.6827,64607.37,62916.28,0.41159999999999997,-0.91694,1e-05,79.55659,0.1,0.0
2026-08-01T17:04:03Z,2027-03-26,237,110000.0,C,0.01,0.0105,0.0101,64607.37,62916.28,0.41369999999999996,0.07618,1e-05,74.51996,523.2,1.0
2026-08-01T17:04:03Z,2027-03-26,237,110000.0,P,0.6655,0.7785,0.7127,64607.37,62916.28,0.41369999999999996,-0.92382,1e-05,74.51996,2.0,0.0
2026-08-01T17:04:03Z,2027-03-26,237,112000.0,C,0.009,0.0095,0.0091,64607.43,62916.28,0.4158,0.07,1e-05,69.84229,63.1,0.0
2026-08-01T17:04:03Z,2027-03-26,237,112000.0,P,0.697,0.8135,0.7427,64607.43,62916.28,0.4158,-0.93,1e-05,69.84229,0.1,0.0
2026-08-01T17:04:03Z,2027-03-26,237,115000.0,C,0.0075,0.0085,0.008,64607.43,62916.28,0.41950000000000004,0.06201,1e-05,63.58181,761.7,1.0
2026-08-01T17:04:03Z,2027-03-26,237,115000.0,P,0.74,0.8565,0.788,64607.43,62916.28,0.41950000000000004,-0.93799,1e-05,63.58181,1.1,0.0
2026-08-01T17:04:03Z,2027-03-26,237,120000.0,C,0.006,0.007,0.0065,64607.43,62916.28,0.42590000000000006,0.05113,0.0,54.61145,327.9,0.1
2026-08-01T17:04:03Z,2027-03-26,237,120000.0,P,0.814,0.9335,0.8639,64607.26,62916.28,0.42590000000000006,-0.94887,0.0,54.61062,1.8,0.0
2026-08-01T17:04:03Z,2027-03-26,237,125000.0,C,0.0047,0.0055,0.0051,64607.43,62916.28,0.4288,0.041,0.0,45.7382,123.5,0.0
2026-08-01T17:04:03Z,2027-03-26,237,125000.0,P,0.887,1.021,0.9399,64607.43,62916.28,0.4288,-0.959,0.0,45.7382,0.1,0.0
2026-08-01T17:04:03Z,2027-03-26,237,130000.0,C,0.0038,0.0045,0.0041,64607.43,62916.28,0.4338,0.03383,0.0,39.0924,1057.4,0.0
2026-08-01T17:04:03Z,2027-03-26,237,130000.0,P,0.9945,1.1,1.0163,64607.43,62916.28,0.4338,-0.96617,0.0,39.0924,0.3,0.0
2026-08-01T17:04:03Z,2027-03-26,237,140000.0,C,0.0026,0.0033,0.0029,64607.43,62916.28,0.4468,0.02444,0.0,29.83014,761.3,5.8
2026-08-01T17:04:03Z,2027-03-26,237,140000.0,P,1.095,1.257,1.1699,64607.43,62916.28,0.4468,-0.97556,0.0,29.83014,0.0,0.0
2026-08-01T17:04:03Z,2027-03-26,237,150000.0,C,0.0021,0.0025,0.0022,64607.43,62916.28,0.46140000000000003,0.0187,0.0,23.78937,1899.5,0.6
2026-08-01T17:04:03Z,2027-03-26,237,150000.0,P,1.244,1.4165,1.324,64607.26,62916.28,0.46140000000000003,-0.9813,0.0,23.78896,0.5,0.0
2026-08-01T17:04:03Z,2027-03-26,237,160000.0,C,0.0015,0.002,0.0017,64607.43,62916.28,0.4733,0.0143,0.0,18.90186,860.5,1.2
2026-08-01T17:04:03Z,2027-03-26,237,160000.0,P,1.3935,1.575,1.4782,64607.26,62916.28,0.4733,-0.9857,0.0,18.90152,0.0,0.0
2026-08-01T17:04:03Z,2027-03-26,237,170000.0,C,0.0011,0.0016,0.0013,64607.43,62916.28,0.4836,0.01101,0.0,15.0771,249.2,0.2
2026-08-01T17:04:03Z,2027-03-26,237,170000.0,P,1.5425,1.734,1.6326,64607.53,62916.28,0.4836,-0.98899,0.0,15.07686,0.1,0.0
2026-08-01T17:04:03Z,2027-03-26,237,180000.0,C,0.0008,0.0014,0.0011,64607.43,62916.28,0.4966,0.00907,0.0,12.73463,641.5,0.4
2026-08-01T17:04:03Z,2027-03-26,237,180000.0,P,1.692,1.894,1.7872,64607.53,62916.28,0.4966,-0.99093,0.0,12.7347,0.0,0.0
2026-08-01T17:04:03Z,2027-03-26,237,190000.0,C,0.0008,0.0012,0.0009,64607.53,62916.28,0.5106,0.0078,0.0,11.15293,882.7,0.4
2026-08-01T17:04:03Z,2027-03-26,237,190000.0,P,1.8415,2.054,1.9418,64607.53,62916.28,0.5106,-0.9922,0.0,11.15293,0.9,0.0
2026-08-01T17:04:03Z,2027-03-26,237,200000.0,C,0.0005,0.001,0.0007,64607.53,62916.28,0.5118,0.0056,0.0,8.32545,499.7,0.0
2026-08-01T17:04:03Z,2027-03-26,237,200000.0,P,1.991,2.213,2.0963,64607.53,62916.28,0.5118,-0.9944,0.0,8.32545,1.0,0.0
2026-08-01T17:04:03Z,2027-06-25,328,30000.0,C,0.554,0.5575,0.5552,65317.6,62916.28,0.5974,0.95131,0.0,62.48648,36.6,0.0
2026-08-01T17:04:03Z,2027-06-25,328,30000.0,P,0.0135,0.0155,0.0145,65317.6,62916.28,0.5974,-0.04869,0.0,62.48648,305.3,0.0
2026-08-01T17:04:03Z,2027-06-25,328,40000.0,C,0.4165,0.4205,0.4189,65317.58,62916.28,0.5172,0.89359,1e-05,113.61874,17.0,0.0
2026-08-01T17:04:03Z,2027-06-25,328,40000.0,P,0.03,0.0325,0.0313,65317.6,62916.28,0.5172,-0.10641,1e-05,113.61869,486.6,0.6
2026-08-01T17:04:03Z,2027-06-25,328,45000.0,C,0.354,0.358,0.3561,65317.6,62916.28,0.48840000000000006,0.85004,1e-05,144.25667,0.6,0.0
2026-08-01T17:04:03Z,2027-06-25,328,45000.0,P,0.0435,0.0465,0.045,65317.6,62916.28,0.48840000000000006,-0.14996,1e-05,144.25667,235.7,0.0
2026-08-01T17:04:03Z,2027-06-25,328,50000.0,C,0.296,0.3,0.2983,65317.6,62916.28,0.4661,0.79558,1e-05,175.52673,17.0,0.0
2026-08-01T17:04:03Z,2027-06-25,328,50000.0,P,0.0625,0.065,0.0638,65317.6,62916.28,0.4661,-0.20442,1e-05,175.52673,284.1,0.6
2026-08-01T17:04:03Z,2027-06-25,328,52000.0,C,0.275,0.2785,0.2768,65317.58,62916.28,0.4587,0.77095,1e-05,187.46941,0.7,0.0
2026-08-01T17:04:03Z,2027-06-25,328,52000.0,P,0.0715,0.0745,0.0729,65317.58,62916.28,0.4587,-0.22905,1e-05,187.46941,18.3,0.6
2026-08-01T17:04:03Z,2027-06-25,328,54000.0,C,0.2545,0.258,0.2564,65317.6,62916.28,0.4525,0.74479,1e-05,198.79716,0.7,0.0
2026-08-01T17:04:03Z,2027-06-25,328,54000.0,P,0.082,0.0845,0.0831,65317.58,62916.28,0.4525,-0.25521,1e-05,198.79719,17.9,0.1
2026-08-01T17:04:03Z,2027-06-25,328,55000.0,C,0.2445,0.248,0.2464,65317.6,62916.28,0.44909999999999994,0.73132,1e-05,204.11179,0.4,0.0
2026-08-01T17:04:03Z,2027-06-25,328,55000.0,P,0.087,0.09,0.0885,65317.6,62916.28,0.44909999999999994,-0.26868,1e-05,204.11179,7.4,0.0
2026-08-01T17:04:03Z,2027-06-25,328,56000.0,C,0.235,0.2385,0.2369,65317.6,62916.28,0.44659999999999994,0.71746,1e-05,209.22158,2.0,0.0
2026-08-01T17:04:03Z,2027-06-25,328,56000.0,P,0.093,0.096,0.0943,65317.58,62916.28,0.44659999999999994,-0.28254,1e-05,209.2216,41.6,0.0
2026-08-01T17:04:03Z,2027-06-25,328,58000.0,C,0.217,0.22,0.2185,65317.6,62916.28,0.4413,0.68908,1e-05,218.60139,4.8,0.0
2026-08-01T17:04:03Z,2027-06-25,328,58000.0,P,0.1055,0.108,0.1065,65317.6,62916.28,0.4413,-0.31092,1e-05,218.60139,15.5,0.3
2026-08-01T17:04:03Z,2027-06-25,328,60000.0,C,0.2,0.2025,0.2014,65317.6,62916.28,0.43729999999999997,0.65987,1e-05,226.77753,943.4,0.3
2026-08-01T17:04:03Z,2027-06-25,328,60000.0,P,0.1185,0.1215,0.12,65317.58,62916.28,0.43729999999999997,-0.34013,1e-05,226.77753,73.6,0.1
2026-08-01T17:04:03Z,2027-06-25,328,62000.0,C,0.1835,0.1865,0.1849,65317.6,62916.28,0.4326,0.6301,1e-05,233.62999,94.2,0.0
2026-08-01T17:04:03Z,2027-06-25,328,62000.0,P,0.133,0.136,0.1341,65317.58,62916.28,0.4326,-0.3699,1e-05,233.62998,37.9,0.0
2026-08-01T17:04:03Z,2027-06-25,328,64000.0,C,0.1685,0.171,0.17,65317.58,62916.28,0.4299,0.60013,1e-05,239.05947,17.9,0.0
2026-08-01T17:04:03Z,2027-06-25,328,64000.0,P,0.1485,0.1515,0.1499,65317.58,62916.28,0.4299,-0.39987,1e-05,239.05947,13.8,0.0
2026-08-01T17:04:03Z,2027-06-25,328,66000.0,C,0.154,0.157,0.1558,65317.58,62916.28,0.4265,0.56999,1e-05,243.06805,23.7,0.0
2026-08-01T17:04:03Z,2027-06-25,328,66000.0,P,0.1645,0.168,0.1662,65317.58,62916.28,0.4265,-0.43001,1e-05,243.06805,31.5,0.0
2026-08-01T17:04:03Z,2027-06-25,328,68000.0,C,0.141,0.1435,0.1426,65317.58,62916.28,0.42369999999999997,0.54002,2e-05,245.63348,9.8,0.0
2026-08-01T17:04:03Z,2027-06-25,328,68000.0,P,0.182,0.1855,0.1837,65317.58,62916.28,0.42369999999999997,-0.45998,2e-05,245.63344,8.1,0.0
2026-08-01T17:04:03Z,2027-06-25,328,70000.0,C,0.129,0.1315,0.1305,65317.6,62916.28,0.4215,0.51048,2e-05,246.79151,186.4,0.0
2026-08-01T17:04:03Z,2027-06-25,328,70000.0,P,0.2005,0.205,0.2022,65317.58,62916.28,0.4215,-0.48952,2e-05,246.79144,9.5,0.0
2026-08-01T17:04:03Z,2027-06-25,328,72000.0,C,0.118,0.12,0.1192,65317.6,62916.28,0.4192,0.48137,2e-05,246.60746,13.9,0.0
2026-08-01T17:04:03Z,2027-06-25,328,72000.0,P,0.2185,0.2245,0.2215,65317.58,62916.28,0.4192,-0.51863,2e-05,246.60737,1.3,0.0
2026-08-01T17:04:03Z,2027-06-25,328,74000.0,C,0.1075,0.11,0.1088,65317.58,62916.28,0.4174,0.45307,2e-05,245.16641,13.0,0.0
2026-08-01T17:04:03Z,2027-06-25,328,74000.0,P,0.239,0.245,0.2417,65317.58,62916.28,0.4174,-0.54693,2e-05,245.16641,0.1,0.0
2026-08-01T17:04:03Z,2027-06-25,328,76000.0,C,0.098,0.1005,0.0993,65317.6,62916.28,0.41590000000000005,0.42565,2e-05,242.57728,13.8,0.0
2026-08-01T17:04:03Z,2027-06-25,328,76000.0,P,0.2595,0.2665,0.2629,65317.6,62916.28,0.41590000000000005,-0.57435,2e-05,242.57728,0.2,0.0
2026-08-01T17:04:03Z,2027-06-25,328,78000.0,C,0.0895,0.0915,0.0906,65317.58,62916.28,0.4147,0.39928,2e-05,238.96565,9.0,0.0
2026-08-01T17:04:03Z,2027-06-25,328,78000.0,P,0.281,0.2885,0.2848,65317.6,62916.28,0.4147,-0.60072,2e-05,238.96591,0.4,0.0
2026-08-01T17:04:03Z,2027-06-25,328,80000.0,C,0.0815,0.084,0.0825,65317.58,62916.28,0.4133,0.37371,1e-05,234.40043,63.6,0.1
2026-08-01T17:04:03Z,2027-06-25,328,80000.0,P,0.3035,0.3105,0.3073,65317.58,62916.28,0.4133,-0.62629,1e-05,234.40043,0.5,0.0
2026-08-01T17:04:03Z,2027-06-25,328,82000.0,C,0.074,0.0765,0.0753,65317.58,62916.28,0.41259999999999997,0.34961,1e-05,229.12107,23.4,0.0
2026-08-01T17:04:03Z,2027-06-25,328,82000.0,P,0.3275,0.335,0.3307,65317.6,62916.28,0.41259999999999997,-0.65039,1e-05,229.12121,0.2,0.0
2026-08-01T17:04:03Z,2027-06-25,328,84000.0,C,0.0675,0.07,0.0688,65317.58,62916.28,0.41240000000000004,0.32693,1e-05,223.26518,2.1,0.0
2026-08-01T17:04:03Z,2027-06-25,328,84000.0,P,0.3105,0.426,0.3549,65317.6,62916.28,0.41240000000000004,-0.67307,1e-05,223.26533,0.1,0.0
2026-08-01T17:04:03Z,2027-06-25,328,85000.0,C,0.0645,0.067,0.0656,65317.58,62916.28,0.4119,0.31567,1e-05,220.03106,7.6,0.0
2026-08-01T17:04:03Z,2027-06-25,328,85000.0,P,0.3215,0.4355,0.367,65317.58,62916.28,0.4119,-0.68433,1e-05,220.03106,5.5,0.0
2026-08-01T17:04:03Z,2027-06-25,328,86000.0,C,0.0615,0.064,0.0628,65317.6,62916.28,0.4119,0.30513,1e-05,216.80394,2.2,0.0
2026-08-01T17:04:03Z,2027-06-25,328,86000.0,P,0.3335,0.45,0.3794,65317.58,62916.28,0.4119,-0.69487,1e-05,216.80378,0.1,0.0
2026-08-01T17:04:03Z,2027-06-25,328,88000.0,C,0.056,0.0585,0.0573,65317.6,62916.28,0.4117,0.28462,1e-05,209.95897,2.9,0.1
2026-08-01T17:04:03Z,2027-06-25,328,88000.0,P,0.359,0.409,0.4046,65317.58,62916.28,0.4117,-0.71538,1e-05,209.95871,0.1,0.0
2026-08-01T17:04:03Z,2027-06-25,328,90000.0,C,0.051,0.0535,0.0523,65317.58,62916.28,0.4115,0.26525,1e-05,202.79098,77.8,0.1
2026-08-01T17:04:03Z,2027-06-25,328,90000.0,P,0.3845,0.4355,0.4302,65317.58,62916.28,0.4115,-0.73475,1e-05,202.79098,0.4,0.0
2026-08-01T17:04:03Z,2027-06-25,328,92000.0,C,0.0465,0.049,0.0478,65317.6,62916.28,0.4117,0.24728,1e-05,195.50596,3.3,0.0
2026-08-01T17:04:03Z,2027-06-25,328,92000.0,P,0.41,0.5265,0.4563,65317.58,62916.28,0.4117,-0.75272,1e-05,195.5056,0.1,0.0
2026-08-01T17:04:03Z,2027-06-25,328,95000.0,C,0.0405,0.043,0.0418,65317.6,62916.28,0.41200000000000003,0.22227,1e-05,184.31243,16.8,5.0
2026-08-01T17:04:03Z,2027-06-25,328,95000.0,P,0.4495,0.5015,0.4963,65317.58,62916.28,0.41200000000000003,-0.77773,1e-05,184.31227,20.1,0.0
2026-08-01T17:04:03Z,2027-06-25,328,100000.0,C,0.0325,0.0345,0.0336,65317.6,62916.28,0.413,0.18596,1e-05,165.7155,64.1,0.1
2026-08-01T17:04:03Z,2027-06-25,328,100000.0,P,0.517,0.6405,0.5645,65317.6,62916.28,0.413,-0.81404,1e-05,165.7155,0.1,0.0
2026-08-01T17:04:03Z,2027-06-25,328,105000.0,C,0.026,0.028,0.0271,65317.58,62916.28,0.4144,0.15557,1e-05,147.81524,64.3,0.0
2026-08-01T17:04:03Z,2027-06-25,328,105000.0,P,0.61,0.698,0.6346,65317.58,62916.28,0.4144,-0.84443,1e-05,147.81524,0.1,0.0
2026-08-01T17:04:03Z,2027-06-25,328,110000.0,C,0.021,0.023,0.022,65317.6,62916.28,0.4167,0.13076,1e-05,131.43798,165.9,2.0
2026-08-01T17:04:03Z,2027-06-25,328,110000.0,P,0.655,0.78,0.7061,65317.58,62916.28,0.4167,-0.86924,1e-05,131.43755,0.3,0.0
2026-08-01T17:04:03Z,2027-06-25,328,120000.0,C,0.014,0.016,0.015,65317.6,62916.28,0.4227,0.09365,1e-05,103.49608,107.0,0.4
2026-08-01T17:04:03Z,2027-06-25,328,120000.0,P,0.798,0.929,0.8522,65317.6,62916.28,0.4227,-0.90635,1e-05,103.49608,0.1,0.0
2026-08-01T17:04:03Z,2027-06-25,328,130000.0,C,0.0095,0.0115,0.0105,65317.6,62916.28,0.4291,0.06812,0.0,81.36053,80.7,1.1
2026-08-01T17:04:03Z,2027-06-25,328,130000.0,P,0.9425,1.09,1.0008,65317.6,62916.28,0.4291,-0.93188,0.0,81.36053,0.1,0.0
2026-08-01T17:04:03Z,2027-06-25,328,140000.0,C,0.007,0.0085,0.0077,65317.58,62916.28,0.4378,0.0515,0.0,65.34275,205.8,0.1
2026-08-01T17:04:03Z,2027-06-25,328,140000.0,P,1.074,1.2445,1.1511,65317.58,62916.28,0.4378,-0.9485,0.0,65.34275,0.0,0.0
2026-08-01T17:04:03Z,2027-06-25,328,150000.0,C,0.0055,0.0065,0.0058,65317.58,62916.28,0.446,0.03954,0.0,52.82396,87.8,0.1
2026-08-01T17:04:03Z,2027-06-25,328,150000.0,P,1.2205,1.3985,1.3023,65317.6,62916.28,0.446,-0.96046,0.0,52.82404,0.0,0.0
2026-08-01T17:04:03Z,2027-06-25,328,160000.0,C,0.0039,0.0045,0.0043,65317.58,62916.28,0.45130000000000003,0.02995,0.0,42.04748,513.3,20.2
2026-08-01T17:04:03Z,2027-06-25,328,160000.0,P,1.3675,1.5545,1.4539,65317.58,62916.28,0.45130000000000003,-0.97005,0.0,42.04748,0.0,0.0
2026-08-01T17:04:03Z,2027-06-25,328,170000.0,C,0.003,0.0035,0.0034,65317.58,62916.28,0.4587,0.02365,0.0,34.51862,18.9,0.3
2026-08-01T17:04:03Z,2027-06-25,328,170000.0,P,1.515,1.71,1.606,65317.58,62916.28,0.4587,-0.97635,0.0,34.51862,14.6,0.0
