snapshot_ts,expiry,days_to_expiry,strike,option_type,bid,ask,mark_price,forward_price,index_price,implied_vol,delta,gamma,vega,open_interest,volume_24h
2026-07-25T17:02:49Z,2026-07-26,1,58000.0,C,0.0635,0.1265,0.096,64158.03,64158.03,0.5511,1.0,0.0,0.00055,0.0,0.0
2026-07-25T17:02:49Z,2026-07-26,1,58000.0,P,0.0,0.0001,0.0,64158.03,64158.03,0.5511,0.0,0.0,0.00055,18.0,0.0
2026-07-25T17:02:49Z,2026-07-26,1,59000.0,C,0.0475,0.1115,0.0804,64158.03,64158.03,0.48619999999999997,0.99999,0.0,0.00168,0.0,0.0
2026-07-25T17:02:49Z,2026-07-26,1,59000.0,P,0.0,0.0001,0.0,64158.03,64158.03,0.48619999999999997,-1e-05,0.0,0.00168,111.1,0.0
2026-07-25T17:02:49Z,2026-07-26,1,60000.0,C,0.031,0.096,0.0649,64158.03,64158.03,0.47119999999999995,0.99972,0.0,0.02737,0.0,0.0
2026-07-25T17:02:49Z,2026-07-26,1,60000.0,P,0.0,0.0001,0.0,64158.03,64158.03,0.47119999999999995,-0.00028,0.0,0.02737,18.9,0.0
2026-07-25T17:02:49Z,2026-07-26,1,61000.0,C,0.015,0.081,0.0493,64158.03,64158.03,0.46880000000000005,0.99555,1e-05,0.34523,0.0,0.0
2026-07-25T17:02:49Z,2026-07-26,1,61000.0,P,0.0,0.0001,0.0,64158.03,64158.03,0.46880000000000005,-0.00445,1e-05,0.34523,57.7,57.8
2026-07-25T17:02:49Z,2026-07-26,1,62000.0,C,0.0125,0.066,0.0337,64158.03,64158.03,0.3665,0.98832,3e-05,0.80881,0.0,0.0
2026-07-25T17:02:49Z,2026-07-26,1,62000.0,P,0.0,0.0001,0.0001,64158.03,64158.03,0.3665,-0.01168,3e-05,0.80881,111.8,41.8
2026-07-25T17:02:49Z,2026-07-26,1,62500.0,C,0.013,0.059,0.026,64158.03,64158.03,0.3122,0.97915,6e-05,1.32915,0.0,0.0
2026-07-25T17:02:49Z,2026-07-26,1,62500.0,P,0.0,0.0002,0.0001,64158.03,64158.03,0.3122,-0.02085,6e-05,1.32915,61.0,61.6
2026-07-25T17:02:49Z,2026-07-26,1,63000.0,C,0.012,0.0505,0.0183,64158.03,64158.03,0.2544,0.95891,0.00013,2.33423,0.0,0.0
2026-07-25T17:02:49Z,2026-07-26,1,63000.0,P,0.0001,0.0003,0.0002,64158.03,64158.03,0.2544,-0.04109,0.00013,2.33423,210.1,131.1
2026-07-25T17:02:49Z,2026-07-26,1,63500.0,C,0.005,0.042,0.0107,64158.03,64158.03,0.2002,0.89452,0.00034,4.83532,0.2,0.1
2026-07-25T17:02:49Z,2026-07-26,1,63500.0,P,0.0003,0.0005,0.0004,64158.03,64158.03,0.2002,-0.10548,0.00034,4.83532,212.0,135.5
2026-07-25T17:02:49Z,2026-07-26,1,64000.0,C,0.0031,0.0048,0.0042,64158.03,64158.03,0.1668,0.64106,0.00085,9.90572,63.7,55.6
2026-07-25T17:02:49Z,2026-07-26,1,64000.0,P,0.0015,0.0019,0.0017,64158.03,64158.03,0.1668,-0.35894,0.00085,9.90573,166.1,114.2
2026-07-25T17:02:49Z,2026-07-26,1,64500.0,C,0.0006,0.0009,0.0008,64158.03,64158.03,0.1585,0.20935,0.00068,7.62481,267.0,261.3
2026-07-25T17:02:49Z,2026-07-26,1,64500.0,P,0.0055,0.0065,0.0061,64158.03,64158.03,0.1585,-0.79063,0.00068,7.62521,8.8,0.0
2026-07-25T17:02:49Z,2026-07-26,1,65000.0,C,0.0001,0.0002,0.0001,64158.03,64158.03,0.1873,0.04637,0.0002,2.57337,199.1,150.3
2026-07-25T17:02:49Z,2026-07-26,1,65000.0,P,0.0075,0.0495,0.0132,64158.03,64158.03,0.1873,-0.95363,0.0002,2.57337,12.9,0.0
2026-07-25T17:02:49Z,2026-07-26,1,65500.0,C,0.0,0.0001,0.0001,64158.03,64158.03,0.23149999999999998,0.01538,6e-05,1.0258,81.5,83.7
2026-07-25T17:02:49Z,2026-07-26,1,65500.0,P,0.013,0.058,0.0209,64158.03,64158.03,0.23149999999999998,-0.98462,6e-05,1.0258,21.8,0.2
2026-07-25T17:02:49Z,2026-07-26,1,66000.0,C,0.0,0.0001,0.0,64158.03,64158.03,0.28,0.00732,3e-05,0.53758,72.0,32.6
2026-07-25T17:02:49Z,2026-07-26,1,66000.0,P,0.013,0.0665,0.0287,64158.03,64158.03,0.28,-0.99268,3e-05,0.53758,13.8,1.6
2026-07-25T17:02:49Z,2026-07-26,1,66500.0,C,0.0,0.0001,0.0,64158.03,64158.03,0.29109999999999997,0.00146,1e-05,0.12642,118.7,1.8
2026-07-25T17:02:49Z,2026-07-26,1,66500.0,P,0.013,0.074,0.0365,64158.03,64158.03,0.29109999999999997,-0.99854,1e-05,0.12642,0.4,0.0
2026-07-25T17:02:49Z,2026-07-26,1,67000.0,C,0.0,0.0001,0.0,64158.03,64158.03,0.2925,0.00017,0.0,0.01739,243.1,12.0
2026-07-25T17:02:49Z,2026-07-26,1,67000.0,P,0.013,0.082,0.0442,64158.03,64158.03,0.2925,-0.99983,0.0,0.01739,0.0,0.0
2026-07-25T17:02:49Z,2026-07-26,1,67500.0,C,0.0,0.0001,0.0,64158.03,64158.03,0.33159999999999995,0.00011,0.0,0.01128,205.9,0.0
2026-07-25T17:02:49Z,2026-07-26,1,67500.0,P,0.017,0.0905,0.052,64158.03,64158.03,0.33159999999999995,-0.99989,0.0,0.01128,0.0,0.0
2026-07-25T17:02:49Z,2026-07-26,1,68000.0,C,0.0,0.0001,0.0,64158.03,64158.03,0.3519,3e-05,0.0,0.00364,82.9,0.4
2026-07-25T17:02:49Z,2026-07-26,1,68000.0,P,0.054,0.0985,0.0598,64158.03,64158.03,0.3519,-0.99997,0.0,0.00364,0.0,0.0
2026-07-25T17:02:49Z,2026-07-26,1,68500.0,C,0.0,0.0001,0.0,64158.03,64158.03,0.3661,1e-05,0.0,0.00093,10.0,0.3
2026-07-25T17:02:49Z,2026-07-26,1,68500.0,P,0.0325,0.106,0.0676,64158.03,64158.03,0.3661,-0.99999,0.0,0.00093,0.0,0.0
2026-07-25T17:02:49Z,2026-07-26,1,69000.0,C,0.0,0.0001,0.0,64158.03,64158.03,0.3663,0.0,0.0,0.0001,29.7,0.4
2026-07-25T17:02:49Z,2026-07-26,1,69000.0,P,0.0395,0.1145,0.0754,64158.03,64158.03,0.3663,-1.0,0.0,0.0001,0.0,0.0
2026-07-25T17:02:49Z,2026-07-26,1,70000.0,C,0.0,0.0001,0.0,64158.03,64158.03,0.374,0.0,0.0,0.0,18.8,0.1
2026-07-25T17:02:49Z,2026-07-26,1,70000.0,P,0.0545,0.1305,0.091,64158.03,64158.03,0.374,-1.0,0.0,0.0,0.0,0.0
2026-07-25T17:02:49Z,2026-07-26,1,71000.0,C,0.0,0.0001,0.0,64158.03,64158.03,0.4485,0.0,0.0,0.0,4.1,0.0
2026-07-25T17:02:49Z,2026-07-26,1,71000.0,P,0.101,0.147,0.1066,64158.03,64158.03,0.4485,-1.0,0.0,0.0,0.0,0.0
2026-07-25T17:02:49Z,2026-07-26,1,72000.0,C,0.0,0.0001,0.0,64158.03,64158.03,0.49770000000000003,0.0,0.0,0.0,4.2,0.0
2026-07-25T17:02:49Z,2026-07-26,1,72000.0,P,0.0845,0.1625,0.1222,64158.03,64158.03,0.49770000000000003,-1.0,0.0,0.0,0.0,0.0
2026-07-25T17:02:49Z,2026-07-26,1,73000.0,C,0.0,0.0001,0.0,64158.03,64158.03,0.5199,0.0,0.0,0.0,30.0,0.0
2026-07-25T17:02:49Z,2026-07-26,1,73000.0,P,0.0995,0.1795,0.1378,64158.03,64158.03,0.5199,-1.0,0.0,0.0,0.0,0.0
2026-07-25T17:02:49Z,2026-07-27,2,58000.0,C,0.0935,0.0985,0.0961,64158.03,64158.03,0.5539000000000001,0.99703,0.0,0.3883,0.0,0.0
2026-07-25T17:02:49Z,2026-07-27,2,58000.0,P,0.0,0.0001,0.0,64158.03,64158.03,0.5539000000000001,-0.00297,0.0,0.3883,33.3,1.0
2026-07-25T17:02:49Z,2026-07-27,2,59000.0,C,0.078,0.083,0.0806,64158.03,64158.03,0.5538000000000001,0.98894,1e-05,1.24518,0.0,0.0
2026-07-25T17:02:49Z,2026-07-27,2,59000.0,P,0.0001,0.0002,0.0001,64158.03,64158.03,0.5538000000000001,-0.01106,1e-05,1.24518,8.1,3.4
2026-07-25T17:02:49Z,2026-07-27,2,60000.0,C,0.0625,0.0675,0.0652,64158.03,64158.03,0.4953,0.97958,2e-05,2.10841,0.0,0.0
2026-07-25T17:02:49Z,2026-07-27,2,60000.0,P,0.0002,0.0003,0.0002,64158.03,64158.03,0.4954,-0.02044,2e-05,2.10953,9.3,0.0
2026-07-25T17:02:49Z,2026-07-27,2,61000.0,C,0.0475,0.052,0.0497,64158.03,64158.03,0.41759999999999997,0.96611,4e-05,3.21963,0.0,0.0
2026-07-25T17:02:49Z,2026-07-27,2,61000.0,P,0.0003,0.0004,0.0004,64158.03,64158.03,0.41759999999999997,-0.03389,4e-05,3.21963,52.5,1.5
2026-07-25T17:02:49Z,2026-07-27,2,62000.0,C,0.032,0.0365,0.0344,64158.03,64158.03,0.3456,0.93269,9e-05,5.57331,0.0,0.0
2026-07-25T17:02:49Z,2026-07-27,2,62000.0,P,0.0006,0.0008,0.0007,64158.03,64158.03,0.3456,-0.06731,9e-05,5.57331,337.3,16.2
2026-07-25T17:02:49Z,2026-07-27,2,62500.0,C,0.0125,0.06,0.027,64158.03,64158.03,0.31739999999999996,0.89395,0.00013,7.8352,0.0,0.0
2026-07-25T17:02:49Z,2026-07-27,2,62500.0,P,0.001,0.0012,0.0011,64158.03,64158.03,0.31739999999999996,-0.10605,0.00013,7.8352,121.9,67.9
2026-07-25T17:02:49Z,2026-07-27,2,63000.0,C,0.0175,0.022,0.0199,64158.03,64158.03,0.289,0.83016,0.0002,10.81935,0.0,0.0
2026-07-25T17:02:49Z,2026-07-27,2,63000.0,P,0.0016,0.0019,0.0017,64158.03,64158.03,0.289,-0.16984,0.0002,10.81939,300.9,25.8
2026-07-25T17:02:49Z,2026-07-27,2,63500.0,C,0.005,0.045,0.0134,64158.03,64158.03,0.2659,0.72252,0.00029,14.33788,0.2,0.1
2026-07-25T17:02:49Z,2026-07-27,2,63500.0,P,0.0029,0.0032,0.003,64158.03,64158.03,0.2659,-0.27748,0.00029,14.33803,13.1,6.9
2026-07-25T17:02:49Z,2026-07-27,2,64000.0,C,0.0075,0.0085,0.008,64158.03,64158.03,0.2498,0.56214,0.00037,16.85978,18.1,16.3
2026-07-25T17:02:49Z,2026-07-27,2,64000.0,P,0.005,0.0055,0.0054,64158.03,64158.03,0.2498,-0.43786,0.00037,16.85979,62.9,5.9
2026-07-25T17:02:49Z,2026-07-27,2,64500.0,C,0.0037,0.0042,0.004,64158.03,64158.03,0.2347,0.37002,0.00038,16.15314,47.4,30.2
2026-07-25T17:02:49Z,2026-07-27,2,64500.0,P,0.0085,0.01,0.0092,64158.03,64158.03,0.2347,-0.62998,0.00038,16.15315,42.5,0.0
2026-07-25T17:02:49Z,2026-07-27,2,65000.0,C,0.0015,0.0016,0.0017,64158.03,64158.03,0.2278,0.19744,0.00029,11.88434,24.1,13.2
2026-07-25T17:02:49Z,2026-07-27,2,65000.0,P,0.0125,0.017,0.0147,64158.03,64158.03,0.2278,-0.80256,0.00029,11.8843,216.2,0.1
2026-07-25T17:02:49Z,2026-07-27,2,65500.0,C,0.0005,0.0007,0.0006,64158.03,64158.03,0.2299,0.08972,0.00016,6.93118,144.2,191.5
2026-07-25T17:02:49Z,2026-07-27,2,65500.0,P,0.013,0.059,0.0214,64158.03,64158.03,0.2299,-0.91028,0.00016,6.93122,1.3,0.0
2026-07-25T17:02:49Z,2026-07-27,2,66000.0,C,0.0002,0.0003,0.0003,64158.03,64158.03,0.23929999999999998,0.03868,8e-05,3.58699,181.7,9.1
2026-07-25T17:02:49Z,2026-07-27,2,66000.0,P,0.0265,0.0315,0.0288,64158.03,64158.03,0.23929999999999998,-0.96132,8e-05,3.58699,0.8,0.5
2026-07-25T17:02:49Z,2026-07-27,2,66500.0,C,0.0001,0.0002,0.0002,64158.03,64158.03,0.27,0.0237,5e-05,2.39113,61.0,6.4
2026-07-25T17:02:49Z,2026-07-27,2,66500.0,P,0.0125,0.074,0.0365,64158.03,64158.03,0.27,-0.97627,5e-05,2.39286,0.0,0.0
2026-07-25T17:02:49Z,2026-07-27,2,67000.0,C,0.0001,0.0002,0.0001,64158.03,64158.03,0.2868,0.01202,3e-05,1.33783,88.6,12.1
2026-07-25T17:02:49Z,2026-07-27,2,67000.0,P,0.042,0.0465,0.0442,64158.03,64158.03,0.2868,-0.988,3e-05,1.33667,0.0,0.0
2026-07-25T17:02:49Z,2026-07-27,2,67500.0,C,0.0,0.0001,0.0001,64158.03,64158.03,0.3257,0.00997,2e-05,1.13746,59.5,1.0
2026-07-25T17:02:49Z,2026-07-27,2,67500.0,P,0.017,0.0905,0.052,64158.03,64158.03,0.3257,-0.99003,2e-05,1.13746,0.0,0.0
2026-07-25T17:02:49Z,2026-07-27,2,68000.0,C,0.0,0.0001,0.0,64158.03,64158.03,0.34850000000000003,0.00636,1e-05,0.76615,134.3,0.6
2026-07-25T17:02:49Z,2026-07-27,2,68000.0,P,0.0575,0.062,0.0598,64158.03,64158.03,0.34850000000000003,-0.99364,1e-05,0.76615,0.0,0.0
2026-07-25T17:02:49Z,2026-07-27,2,69000.0,C,0.0,0.0001,0.0,64158.03,64158.03,0.35850000000000004,0.00122,0.0,0.17249,216.4,0.0
2026-07-25T17:02:49Z,2026-07-27,2,69000.0,P,0.073,0.078,0.0753,64158.03,64158.03,0.35850000000000004,-0.99878,0.0,0.17249,0.0,0.0
2026-07-25T17:02:49Z,2026-07-27,2,70000.0,C,0.0,0.0001,0.0,64158.03,64158.03,0.4019,0.0006,0.0,0.09011,56.9,0.0
2026-07-25T17:02:49Z,2026-07-27,2,70000.0,P,0.0885,0.0935,0.0909,64158.03,64158.03,0.4019,-0.9994,0.0,0.09011,0.0,0.0
2026-07-25T17:02:49Z,2026-07-27,2,71000.0,C,0.0,0.0001,0.0,64158.03,64158.03,0.4152,0.00013,0.0,0.02216,2.0,0.4
2026-07-25T17:02:49Z,2026-07-27,2,71000.0,P,0.104,0.109,0.1065,64158.03,64158.03,0.4152,-0.99987,0.0,0.02216,0.0,0.0
2026-07-25T17:02:49Z,2026-07-27,2,72000.0,C,0.0,0.0001,0.0,64158.03,64158.03,0.43799999999999994,4e-05,0.0,0.00744,1.4,0.0
2026-07-25T17:02:49Z,2026-07-27,2,72000.0,P,0.12,0.1245,0.1221,64158.03,64158.03,0.43799999999999994,-0.99996,0.0,0.00744,0.0,0.0
2026-07-25T17:02:49Z,2026-07-27,2,73000.0,C,0.0,0.0001,0.0,64158.03,64158.03,0.4623,2e-05,0.0,0.00282,31.2,0.0
2026-07-25T17:02:49Z,2026-07-27,2,73000.0,P,0.1355,0.14,0.1377,64158.03,64158.03,0.4623,-0.99998,0.0,0.00282,0.0,0.0
2026-07-25T17:02:49Z,2026-07-28,3,57000.0,C,0.079,0.1425,0.112,64158.03,64158.03,0.5906,0.99153,1e-05,1.25408,0.0,0.0
2026-07-25T17:02:49Z,2026-07-28,3,57000.0,P,0.0001,0.0002,0.0001,64157.66,64158.03,0.5906,-0.00848,1e-05,1.25459,3.7,3.7
2026-07-25T17:02:49Z,2026-07-28,3,58000.0,C,0.063,0.128,0.0965,64157.66,64158.03,0.5521,0.98535,1e-05,2.01826,0.0,0.0
2026-07-25T17:02:49Z,2026-07-28,3,58000.0,P,0.0002,0.0003,0.0002,64157.66,64158.03,0.5521,-0.01465,1e-05,2.01826,13.7,13.6
2026-07-25T17:02:49Z,2026-07-28,3,59000.0,C,0.0475,0.113,0.081,64157.66,64158.03,0.48119999999999996,0.98099,2e-05,2.52186,0.0,0.0
2026-07-25T17:02:49Z,2026-07-28,3,59000.0,P,0.0002,0.0003,0.0003,64157.66,64158.03,0.48119999999999996,-0.01901,2e-05,2.52186,2.1,0.5
2026-07-25T17:02:49Z,2026-07-28,3,60000.0,C,0.031,0.098,0.0656,64157.66,64158.03,0.4361,0.96644,3e-05,4.06011,0.0,0.0
2026-07-25T17:02:49Z,2026-07-28,3,60000.0,P,0.0004,0.0006,0.0005,64157.66,64158.03,0.4361,-0.03356,3e-05,4.06011,12.4,5.9
2026-07-25T17:02:49Z,2026-07-28,3,61000.0,C,0.0165,0.083,0.0504,64157.66,64158.03,0.3909,0.93817,6e-05,6.63244,0.0,0.0
2026-07-25T17:02:49Z,2026-07-28,3,61000.0,P,0.0008,0.001,0.0009,64157.66,64158.03,0.3909,-0.06183,6e-05,6.63244,136.5,134.4
2026-07-25T17:02:49Z,2026-07-28,3,62000.0,C,0.0055,0.0685,0.0357,64157.66,64158.03,0.34740000000000004,0.88025,0.00011,10.86377,0.0,0.0
2026-07-25T17:02:49Z,2026-07-28,3,62000.0,P,0.0016,0.0018,0.0017,64157.66,64158.03,0.34740000000000004,-0.11975,0.00011,10.86377,61.8,34.6
2026-07-25T17:02:49Z,2026-07-28,3,62500.0,C,0.0019,0.0615,0.0287,64157.66,64158.03,0.33149999999999996,0.82781,0.00014,13.87602,0.0,0.0
2026-07-25T17:02:49Z,2026-07-28,3,62500.0,P,0.0025,0.0027,0.0026,64157.66,64158.03,0.33149999999999996,-0.17219,0.00014,13.87602,12.1,12.2
2026-07-25T17:02:49Z,2026-07-28,3,63000.0,C,0.0007,0.054,0.0224,64157.66,64158.03,0.3212,0.7525,0.00018,17.19082,0.0,0.0
2026-07-25T17:02:49Z,2026-07-28,3,63000.0,P,0.0038,0.0041,0.004,64157.66,64158.03,0.3212,-0.2475,0.00018,17.19082,10.0,6.1
2026-07-25T17:02:49Z,2026-07-28,3,63500.0,C,0.0155,0.0175,0.0165,64157.66,64158.03,0.3091,0.65777,0.00022,19.97756,0.4,0.3
2026-07-25T17:02:49Z,2026-07-28,3,63500.0,P,0.0055,0.0065,0.0059,64157.66,64158.03,0.3091,-0.34223,0.00022,19.97756,1.3,0.5
2026-07-25T17:02:49Z,2026-07-28,3,64000.0,C,0.011,0.012,0.0116,64157.66,64158.03,0.3012,0.54345,0.00024,21.56845,3.0,3.0
2026-07-25T17:02:49Z,2026-07-28,3,64000.0,P,0.0085,0.009,0.0088,64157.66,64158.03,0.3012,-0.45655,0.00024,21.56845,6.0,0.8
2026-07-25T17:02:49Z,2026-07-28,3,64500.0,C,0.007,0.008,0.0076,64157.66,64158.03,0.2912,0.41949,0.00025,21.25386,27.0,1.3
2026-07-25T17:02:49Z,2026-07-28,3,64500.0,P,0.012,0.013,0.0126,64157.66,64158.03,0.2912,-0.58051,0.00025,21.25386,1.2,0.4
2026-07-25T17:02:49Z,2026-07-28,3,65000.0,C,0.0044,0.0048,0.0046,64157.66,64158.03,0.2842,0.2983,0.00022,18.86113,176.9,1.6
2026-07-25T17:02:49Z,2026-07-28,3,65000.0,P,0.0135,0.0215,0.0174,64157.66,64158.03,0.2842,-0.7017,0.00022,18.86113,162.7,0.1
2026-07-25T17:02:49Z,2026-07-28,3,65500.0,C,0.0024,0.0026,0.0026,64157.66,64158.03,0.2812,0.19582,0.00018,15.03343,10.7,11.7
2026-07-25T17:02:49Z,2026-07-28,3,65500.0,P,0.0008,0.06,0.0232,64157.66,64158.03,0.2812,-0.80418,0.00018,15.03343,0.0,0.0
2026-07-25T17:02:49Z,2026-07-28,3,66000.0,C,0.0014,0.0016,0.0015,64157.78,64158.03,0.28309999999999996,0.12148,0.00013,10.97409,8.4,7.3
2026-07-25T17:02:49Z,2026-07-28,3,66000.0,P,0.0022,0.067,0.0298,64157.78,64158.03,0.28309999999999996,-0.87852,0.00013,10.97409,0.0,0.0
2026-07-25T17:02:49Z,2026-07-28,3,66500.0,C,0.0007,0.0009,0.0008,64157.78,64158.03,0.2851,0.07057,9e-05,7.34848,39.7,30.6
2026-07-25T17:02:49Z,2026-07-28,3,66500.0,P,0.0055,0.0755,0.0369,64157.78,64158.03,0.2851,-0.92943,9e-05,7.34848,0.0,0.0
2026-07-25T17:02:49Z,2026-07-28,3,67000.0,C,0.0003,0.0005,0.0004,64157.78,64158.03,0.2891,0.03949,5e-05,4.63825,18.6,12.8
2026-07-25T17:02:49Z,2026-07-28,3,67000.0,P,0.0105,0.083,0.0444,64157.78,64158.03,0.2891,-0.96051,5e-05,4.63825,0.0,0.0
2026-07-25T17:02:49Z,2026-07-28,3,67500.0,C,0.0002,0.0003,0.0002,64157.78,64158.03,0.3036,0.02498,4e-05,3.17685,0.7,0.4
2026-07-25T17:02:49Z,2026-07-28,3,67500.0,P,0.0175,0.0905,0.052,64157.78,64158.03,0.3036,-0.97502,4e-05,3.17685,0.0,0.0
2026-07-25T17:02:49Z,2026-07-28,3,68000.0,C,0.0001,0.0002,0.0001,64157.78,64158.03,0.3145,0.01508,2e-05,2.06925,54.1,0.9
2026-07-25T17:02:49Z,2026-07-28,3,68000.0,P,0.025,0.099,0.0597,64157.78,64158.03,0.3145,-0.98492,2e-05,2.06925,0.0,0.0
2026-07-25T17:02:49Z,2026-07-28,3,69000.0,C,0.0,0.0001,0.0001,64157.78,64158.03,0.3555,0.00822,1e-05,1.22032,18.5,1.4
2026-07-25T17:02:49Z,2026-07-28,3,69000.0,P,0.04,0.1145,0.0752,64157.78,64158.03,0.3555,-0.99178,1e-05,1.22032,0.0,0.0
2026-07-25T17:02:49Z,2026-07-28,3,70000.0,C,0.0,0.0001,0.0001,64157.78,64158.03,0.4072,0.00608,1e-05,0.93561,10.4,1.3
2026-07-25T17:02:49Z,2026-07-28,3,70000.0,P,0.055,0.1315,0.0908,64157.78,64158.03,0.4072,-0.99392,1e-05,0.93561,0.0,0.0
2026-07-25T17:02:49Z,2026-07-28,3,71000.0,C,0.0,0.0001,0.0001,64157.78,64158.03,0.4733,0.00611,1e-05,0.93956,0.1,0.1
2026-07-25T17:02:49Z,2026-07-28,3,71000.0,P,0.0695,0.1475,0.1064,64157.78,64158.03,0.4733,-0.99389,1e-05,0.93956,0.0,0.0
2026-07-25T17:02:49Z,2026-07-28,3,72000.0,C,0.0,0.0001,0.0,64157.78,64158.03,0.4925,0.00306,0.0,0.50672,0.0,0.0
2026-07-25T17:02:49Z,2026-07-28,3,72000.0,P,0.0845,0.1635,0.1219,64157.78,64158.03,0.4925,-0.99694,0.0,0.50672,0.0,0.0
2026-07-25T17:02:49Z,2026-07-28,3,73000.0,C,0.0,0.0001,0.0,64157.78,64158.03,0.4925,0.00107,0.0,0.19402,0.0,0.0
2026-07-25T17:02:49Z,2026-07-28,3,73000.0,P,0.1,0.1795,0.1375,64157.78,64158.03,0.4925,-0.99893,0.0,0.19402,0.0,0.0
2026-07-25T17:02:49Z,2026-07-29,4,57000.0,C,0.0795,0.143,0.1122,64157.78,64158.03,0.5516,0.98537,1e-05,2.36872,0.0,0.0
2026-07-25T17:02:49Z,2026-07-29,4,57000.0,P,0.0002,0.0004,0.0003,64157.78,64158.03,0.5516,-0.01463,1e-05,2.36872,8.0,8.9
2026-07-25T17:02:49Z,2026-07-29,4,58000.0,C,0.0635,0.1285,0.0967,64157.78,64158.03,0.5057,0.97873,2e-05,3.26098,0.0,0.0
2026-07-25T17:02:49Z,2026-07-29,4,58000.0,P,0.0003,0.0005,0.0004,64157.78,64158.03,0.5057,-0.02127,2e-05,3.26098,0.0,0.0
2026-07-25T17:02:49Z,2026-07-29,4,59000.0,C,0.047,0.114,0.0813,64157.78,64158.03,0.4671,0.96592,3e-05,4.83157,0.0,0.0
2026-07-25T17:02:49Z,2026-07-29,4,59000.0,P,0.0005,0.0007,0.0006,64157.78,64158.03,0.4671,-0.03408,3e-05,4.83157,16.5,18.6
2026-07-25T17:02:49Z,2026-07-29,4,60000.0,C,0.032,0.0985,0.0661,64157.78,64158.03,0.4267,0.94491,4e-05,7.11985,0.0,0.0
2026-07-25T17:02:49Z,2026-07-29,4,60000.0,P,0.001,0.0011,0.001,64157.78,64158.03,0.4267,-0.05509,4e-05,7.11985,38.7,68.7
2026-07-25T17:02:49Z,2026-07-29,4,61000.0,C,0.018,0.0845,0.0513,64157.78,64158.03,0.3907,0.90594,7e-05,10.72477,0.0,0.0
2026-07-25T17:02:49Z,2026-07-29,4,61000.0,P,0.0016,0.0018,0.0017,64157.78,64158.03,0.3907,-0.09406,7e-05,10.72477,33.7,33.7
2026-07-25T17:02:49Z,2026-07-29,4,61500.0,C,0.0115,0.0775,0.0441,64157.35,64158.03,0.3764,0.87429,9e-05,13.21035,0.0,0.0
2026-07-25T17:02:49Z,2026-07-29,4,61500.0,P,0.0022,0.0025,0.0023,64157.35,64158.03,0.3764,-0.12571,9e-05,13.21035,8.3,8.3
2026-07-25T17:02:49Z,2026-07-29,4,62000.0,C,0.007,0.0705,0.0372,64157.35,64158.03,0.36329999999999996,0.83223,0.00011,16.03851,0.0,0.0
2026-07-25T17:02:49Z,2026-07-29,4,62000.0,P,0.003,0.0034,0.0032,64157.35,64158.03,0.36329999999999996,-0.16777,0.00011,16.03851,1.8,1.8
2026-07-25T17:02:49Z,2026-07-29,4,62500.0,C,0.0037,0.0635,0.0307,64157.35,64158.03,0.3514,0.77787,0.00013,19.03056,0.0,0.0
2026-07-25T17:02:49Z,2026-07-29,4,62500.0,P,0.0043,0.0047,0.0045,64157.35,64158.03,0.3514,-0.22213,0.00013,19.03056,0.1,0.1
2026-07-25T17:02:49Z,2026-07-29,4,63000.0,C,0.0016,0.057,0.0246,64157.35,64158.03,0.3423,0.70912,0.00016,21.91076,0.0,0.0
2026-07-25T17:02:49Z,2026-07-29,4,63000.0,P,0.006,0.0065,0.0062,64157.35,64158.03,0.3423,-0.29088,0.00016,21.91076,0.1,0.1
2026-07-25T17:02:49Z,2026-07-29,4,63500.0,C,0.0185,0.02,0.0191,64157.35,64158.03,0.3312,0.62877,0.00018,24.15967,0.0,0.0
2026-07-25T17:02:49Z,2026-07-29,4,63500.0,P,0.008,0.009,0.0085,64157.35,64158.03,0.3312,-0.37123,0.00018,24.15967,0.0,0.0
2026-07-25T17:02:49Z,2026-07-29,4,64000.0,C,0.014,0.015,0.0144,64157.35,64158.03,0.3267,0.53654,0.00019,25.3929,0.0,0.0
2026-07-25T17:02:49Z,2026-07-29,4,64000.0,P,0.011,0.012,0.0116,64157.35,64158.03,0.3267,-0.46346,0.00019,25.3929,0.0,0.0
2026-07-25T17:02:49Z,2026-07-29,4,64500.0,C,0.01,0.011,0.0105,64157.35,64158.03,0.32299999999999995,0.44061,0.00019,25.21683,0.0,0.0
2026-07-25T17:02:49Z,2026-07-29,4,64500.0,P,0.015,0.016,0.0155,64157.35,64158.03,0.32299999999999995,-0.55939,0.00019,25.21683,0.0,0.0
2026-07-25T17:02:49Z,2026-07-29,4,65000.0,C,0.007,0.0075,0.0073,64157.35,64158.03,0.3171,0.34557,0.00018,23.56479,0.0,0.0
2026-07-25T17:02:49Z,2026-07-29,4,65000.0,P,0.019,0.021,0.0201,64157.35,64158.03,0.3171,-0.65443,0.00018,23.56479,0.0,0.0
2026-07-25T17:02:49Z,2026-07-29,4,65500.0,C,0.0047,0.0055,0.0051,64157.35,64158.03,0.3186,0.26215,0.00016,20.82097,0.5,0.6
2026-07-25T17:02:49Z,2026-07-29,4,65500.0,P,0.0021,0.0625,0.0256,64157.35,64158.03,0.3186,-0.73785,0.00016,20.82097,0.0,0.0
2026-07-25T17:02:49Z,2026-07-29,4,66000.0,C,0.003,0.0034,0.0032,64157.35,64158.03,0.3128,0.18593,0.00013,17.11478,1.3,1.3
2026-07-25T17:02:49Z,2026-07-29,4,66000.0,P,0.0041,0.0695,0.0315,64157.35,64158.03,0.3128,-0.81407,0.00013,17.11478,0.0,0.0
2026-07-25T17:02:49Z,2026-07-29,4,66500.0,C,0.0018,0.0022,0.002,64157.35,64158.03,0.3131,0.12838,0.0001,13.40484,0.3,0.3
2026-07-25T17:02:49Z,2026-07-29,4,66500.0,P,0.0075,0.077,0.0382,64157.35,64158.03,0.3131,-0.87162,0.0001,13.40484,0.0,0.0
2026-07-25T17:02:49Z,2026-07-29,4,67000.0,C,0.0011,0.0013,0.0013,64157.35,64158.03,0.3146,0.08574,8e-05,10.0115,13.7,13.9
2026-07-25T17:02:49Z,2026-07-29,4,67000.0,P,0.0125,0.084,0.0452,64157.42,64158.03,0.3146,-0.91425,8e-05,10.01194,0.0,0.0
2026-07-25T17:02:49Z,2026-07-29,4,68000.0,C,0.0004,0.0005,0.0005,64157.42,64158.03,0.3209,0.03565,4e-05,5.01356,0.5,0.5
2026-07-25T17:02:49Z,2026-07-29,4,68000.0,P,0.0255,0.099,0.06,64157.42,64158.03,0.3209,-0.96436,4e-05,5.01313,0.0,0.0
2026-07-25T17:02:49Z,2026-07-29,4,69000.0,C,0.0001,0.0002,0.0001,64157.42,64158.03,0.3247,0.01276,2e-05,2.10543,42.0,42.0
2026-07-25T17:02:49Z,2026-07-29,4,69000.0,P,0.0395,0.115,0.0752,64157.42,64158.03,0.3247,-0.98724,2e-05,2.10543,0.0,0.0
2026-07-25T17:02:49Z,2026-07-29,4,70000.0,C,0.0,0.0001,0.0001,64157.42,64158.03,0.3564,0.00741,1e-05,1.30977,1.0,1.0
2026-07-25T17:02:49Z,2026-07-29,4,70000.0,P,0.055,0.1315,0.0908,64157.42,64158.03,0.3564,-0.99259,1e-05,1.30977,0.0,0.0
2026-07-25T17:02:49Z,2026-07-29,4,71000.0,C,0.0,0.0001,0.0001,64157.42,64158.03,0.40619999999999995,0.0065,1e-05,1.16655,0.0,0.0
2026-07-25T17:02:49Z,2026-07-29,4,71000.0,P,0.07,0.148,0.1063,64157.42,64158.03,0.40619999999999995,-0.9935,1e-05,1.16655,0.0,0.0
2026-07-25T17:02:49Z,2026-07-31,6,45000.0,C,0.2735,0.323,0.299,64195.54,64158.03,0.8665,0.99961,0.0,0.11345,0.0,0.0
2026-07-25T17:02:49Z,2026-07-31,6,45000.0,P,0.0,0.0001,0.0,64195.54,64158.03,0.8665,-0.00039,0.0,0.11345,1063.6,0.0
2026-07-25T17:02:49Z,2026-07-31,6,46000.0,C,0.2575,0.308,0.2835,64195.61,64158.03,0.8665,0.99919,0.0,0.22064,0.0,0.0
2026-07-25T17:02:49Z,2026-07-31,6,46000.0,P,0.0,0.0001,0.0,64195.61,64158.03,0.8665,-0.00081,0.0,0.22064,1658.6,0.0
2026-07-25T17:02:49Z,2026-07-31,6,48000.0,C,0.2255,0.2785,0.2523,64195.61,64158.03,0.7892,0.99872,0.0,0.33536,2.0,0.0
2026-07-25T17:02:49Z,2026-07-31,6,48000.0,P,0.0,0.0001,0.0,64195.54,64158.03,0.7892,-0.00128,0.0,0.33537,1141.4,4.0
2026-07-25T17:02:49Z,2026-07-31,6,50000.0,C,0.1935,0.249,0.2213,64195.61,64158.03,0.7859999999999999,0.99548,0.0,1.05318,3.4,0.0
2026-07-25T17:02:49Z,2026-07-31,6,50000.0,P,0.0001,0.0002,0.0001,64195.61,64158.03,0.7859999999999999,-0.00452,0.0,1.05318,3523.9,47.3
2026-07-25T17:02:49Z,2026-07-31,6,52000.0,C,0.16,0.2185,0.1901,64195.83,64158.03,0.6739,0.99478,0.0,1.19748,0.5,0.0
2026-07-25T17:02:49Z,2026-07-31,6,52000.0,P,0.0001,0.0002,0.0001,64195.83,64158.03,0.6739,-0.00522,0.0,1.19748,1926.9,0.0
2026-07-25T17:02:49Z,2026-07-31,6,54000.0,C,0.128,0.1895,0.1591,64195.61,64158.03,0.6031,0.99056,1e-05,2.01886,1.6,0.0
2026-07-25T17:02:49Z,2026-07-31,6,54000.0,P,0.0002,0.0003,0.0002,64195.83,64158.03,0.6031,-0.00944,1e-05,2.01865,2116.0,0.0
2026-07-25T17:02:49Z,2026-07-31,6,55000.0,C,0.1125,0.174,0.1436,64195.83,64158.03,0.5722999999999999,0.98651,1e-05,2.75348,11.5,0.0
2026-07-25T17:02:49Z,2026-07-31,6,55000.0,P,0.0003,0.0004,0.0003,64195.83,64158.03,0.5722999999999999,-0.01349,1e-05,2.75348,1224.3,11.0
2026-07-25T17:02:49Z,2026-07-31,6,56000.0,C,0.123,0.132,0.1281,64195.83,64158.03,0.5335,0.98196,1e-05,3.53469,41.3,0.0
2026-07-25T17:02:49Z,2026-07-31,6,56000.0,P,0.0004,0.0005,0.0004,64195.83,64158.03,0.5335,-0.01804,1e-05,3.53469,2489.0,0.0
2026-07-25T17:02:49Z,2026-07-31,6,57000.0,C,0.0805,0.145,0.1128,64195.83,64158.03,0.5085000000000001,0.97228,2e-05,5.07709,3.7,0.0
2026-07-25T17:02:49Z,2026-07-31,6,57000.0,P,0.0006,0.0007,0.0007,64195.61,64158.03,0.5085000000000001,-0.02773,2e-05,5.0776,438.9,3.4
2026-07-25T17:02:49Z,2026-07-31,6,58000.0,C,0.0925,0.102,0.0975,64195.83,64158.03,0.47600000000000003,0.95973,2e-05,6.90415,258.4,0.0
2026-07-25T17:02:49Z,2026-07-31,6,58000.0,P,0.0009,0.001,0.001,64195.83,64158.03,0.47600000000000003,-0.04027,2e-05,6.90415,1924.6,222.3
2026-07-25T17:02:49Z,2026-07-31,6,59000.0,C,0.0775,0.087,0.0825,64195.83,64158.03,0.45020000000000004,0.93802,3e-05,9.73593,197.0,0.0
2026-07-25T17:02:49Z,2026-07-31,6,59000.0,P,0.0014,0.0017,0.0015,64195.83,64158.03,0.45020000000000004,-0.06198,3e-05,9.73593,1687.5,7.2
2026-07-25T17:02:49Z,2026-07-31,6,60000.0,C,0.0625,0.072,0.0679,64195.83,64158.03,0.4286,0.90271,5e-05,13.70493,1110.3,0.0
2026-07-25T17:02:49Z,2026-07-31,6,60000.0,P,0.0024,0.0027,0.0025,64195.83,64158.03,0.4286,-0.09729,5e-05,13.70493,2736.3,32.5
2026-07-25T17:02:49Z,2026-07-31,6,61000.0,C,0.0505,0.0545,0.0538,64195.83,64158.03,0.4082,0.84925,7e-05,18.63976,938.3,1.6
2026-07-25T17:02:49Z,2026-07-31,6,61000.0,P,0.0039,0.0041,0.0041,64195.83,64158.03,0.4082,-0.15075,7e-05,18.63976,1474.7,38.3
2026-07-25T17:02:49Z,2026-07-31,6,62000.0,C,0.036,0.0445,0.0407,64195.61,64158.03,0.3881,0.77233,0.0001,24.05621,1450.4,0.0
2026-07-25T17:02:49Z,2026-07-31,6,62000.0,P,0.006,0.007,0.0065,64195.83,64158.03,0.3881,-0.22765,0.0001,24.05501,1822.4,9.0
2026-07-25T17:02:49Z,2026-07-31,6,63000.0,C,0.028,0.03,0.0291,64195.83,64158.03,0.3736,0.66591,0.00012,28.99707,1200.1,51.2
2026-07-25T17:02:49Z,2026-07-31,6,63000.0,P,0.01,0.011,0.0105,64195.83,64158.03,0.3736,-0.33409,0.00012,28.99707,917.8,100.5
2026-07-25T17:02:49Z,2026-07-31,6,64000.0,C,0.019,0.02,0.0195,64195.83,64158.03,0.3624,0.53602,0.00014,31.65746,982.5,106.1
2026-07-25T17:02:49Z,2026-07-31,6,64000.0,P,0.016,0.017,0.0164,64195.83,64158.03,0.3624,-0.46398,0.00014,31.65746,849.6,89.9
2026-07-25T17:02:49Z,2026-07-31,6,65000.0,C,0.0115,0.0125,0.0121,64195.83,64158.03,0.35369999999999996,0.39681,0.00014,30.71773,2118.3,156.1
2026-07-25T17:02:49Z,2026-07-31,6,65000.0,P,0.0235,0.0255,0.0246,64195.97,64158.03,0.35369999999999996,-0.60317,0.00014,30.71818,596.7,1.8
2026-07-25T17:02:49Z,2026-07-31,6,66000.0,C,0.0065,0.0075,0.007,64195.97,64158.03,0.3513,0.26966,0.00012,26.32902,1882.7,229.0
2026-07-25T17:02:49Z,2026-07-31,6,66000.0,P,0.034,0.0405,0.0351,64195.97,64158.03,0.3513,-0.73034,0.00012,26.32902,631.7,0.5
2026-07-25T17:02:49Z,2026-07-31,6,67000.0,C,0.0037,0.0039,0.0039,64195.83,64158.03,0.3519,0.16929,9e-05,20.10912,2159.8,90.2
2026-07-25T17:02:49Z,2026-07-31,6,67000.0,P,0.043,0.0535,0.0476,64195.97,64158.03,0.3519,-0.83069,9e-05,20.11013,243.4,0.0
2026-07-25T17:02:49Z,2026-07-31,6,68000.0,C,0.0021,0.0022,0.0022,64195.97,64158.03,0.3605,0.10311,6e-05,14.29892,4724.3,275.7
2026-07-25T17:02:49Z,2026-07-31,6,68000.0,P,0.0565,0.0675,0.0614,64195.97,64158.03,0.3605,-0.89689,6e-05,14.29892,425.8,0.4
2026-07-25T17:02:49Z,2026-07-31,6,69000.0,C,0.0012,0.0013,0.0012,64195.97,64158.03,0.3724,0.06201,4e-05,9.73977,2861.2,22.0
2026-07-25T17:02:49Z,2026-07-31,6,69000.0,P,0.0715,0.0825,0.0761,64195.97,64158.03,0.3724,-0.93799,4e-05,9.73977,209.9,0.0
2026-07-25T17:02:49Z,2026-07-31,6,70000.0,C,0.0007,0.0009,0.0008,64195.97,64158.03,0.39549999999999996,0.04106,3e-05,7.01348,25416.4,22.6
2026-07-25T17:02:49Z,2026-07-31,6,70000.0,P,0.086,0.0975,0.0912,64195.97,64158.03,0.39549999999999996,-0.95894,3e-05,7.01348,884.7,0.0
2026-07-25T17:02:49Z,2026-07-31,6,71000.0,C,0.0005,0.0006,0.0005,64195.97,64158.03,0.4132,0.02626,2e-05,4.85231,2678.5,7.6
2026-07-25T17:02:49Z,2026-07-31,6,71000.0,P,0.1015,0.113,0.1065,64195.97,64158.03,0.4132,-0.97374,2e-05,4.85231,111.3,0.0
2026-07-25T17:02:49Z,2026-07-31,6,72000.0,C,0.0003,0.0005,0.0004,64195.97,64158.03,0.4435,0.01987,1e-05,3.83638,26217.4,57.8
2026-07-25T17:02:49Z,2026-07-31,6,72000.0,P,0.1165,0.1285,0.122,64195.97,64158.03,0.4435,-0.98013,1e-05,3.83638,364.3,0.2
2026-07-25T17:02:49Z,2026-07-31,6,73000.0,C,0.0002,0.0004,0.0003,64195.97,64158.03,0.46759999999999996,0.01443,1e-05,2.91876,2063.6,5.8
2026-07-25T17:02:49Z,2026-07-31,6,73000.0,P,0.132,0.1445,0.1374,64195.97,64158.03,0.46759999999999996,-0.98557,1e-05,2.91876,97.6,0.0
2026-07-25T17:02:49Z,2026-07-31,6,74000.0,C,0.0002,0.0003,0.0002,64195.83,64158.03,0.4975,0.01158,1e-05,2.41219,709.3,35.4
2026-07-25T17:02:49Z,2026-07-31,6,74000.0,P,0.148,0.16,0.153,64195.83,64158.03,0.4975,-0.98842,1e-05,2.41219,130.2,0.0
2026-07-25T17:02:49Z,2026-07-31,6,75000.0,C,0.0001,0.0002,0.0001,64195.83,64158.03,0.5061,0.00724,0.0,1.60003,4306.2,6.5
2026-07-25T17:02:49Z,2026-07-31,6,75000.0,P,0.163,0.1755,0.1685,64195.97,64158.03,0.5061,-0.99276,0.0,1.60017,225.4,0.0
2026-07-25T17:02:49Z,2026-07-31,6,76000.0,C,0.0001,0.0002,0.0001,64195.83,64158.03,0.5428999999999999,0.00673,0.0,1.49945,2881.5,0.3
2026-07-25T17:02:49Z,2026-07-31,6,76000.0,P,0.1785,0.191,0.184,64195.83,64158.03,0.5428999999999999,-0.99327,0.0,1.49945,432.7,0.0
2026-07-25T17:02:49Z,2026-07-31,6,77000.0,C,0.0,0.0001,0.0001,64195.83,64158.03,0.5753,0.00601,0.0,1.35748,2576.5,163.0
2026-07-25T17:02:49Z,2026-07-31,6,77000.0,P,0.194,0.2065,0.1996,64195.97,64158.03,0.5753,-0.99399,0.0,1.35758,245.0,0.0
2026-07-25T17:02:49Z,2026-07-31,6,78000.0,C,0.0,0.0001,0.0001,64195.84,64158.03,0.5787,0.00373,0.0,0.88596,1170.4,0.0
2026-07-25T17:02:49Z,2026-07-31,6,78000.0,P,0.21,0.222,0.2151,64195.84,64158.03,0.5787,-0.99627,0.0,0.88596,444.4,0.1
2026-07-25T17:02:49Z,2026-07-31,6,79000.0,C,0.0,0.0001,0.0,64195.84,64158.03,0.5787,0.00216,0.0,0.54258,1606.2,0.0
2026-07-25T17:02:49Z,2026-07-31,6,79000.0,P,0.2255,0.238,0.2307,64195.84,64158.03,0.5787,-0.99784,0.0,0.54258,144.3,0.0
2026-07-25T17:02:49Z,2026-07-31,6,80000.0,C,0.0,0.0001,0.0,64196.02,64158.03,0.5787,0.00123,0.0,0.32422,7014.4,0.0
2026-07-25T17:02:49Z,2026-07-31,6,80000.0,P,0.2405,0.2535,0.2462,64195.84,64158.03,0.5787,-0.99877,0.0,0.32418,385.2,0.0
2026-07-25T17:02:49Z,2026-07-31,6,81000.0,C,0.0,0.0001,0.0,64195.84,64158.03,0.5787,0.00068,0.0,0.18916,1462.6,0.0
2026-07-25T17:02:49Z,2026-07-31,6,81000.0,P,0.2565,0.269,0.2618,64195.84,64158.03,0.5787,-0.99932,0.0,0.18916,114.0,0.0
2026-07-25T17:02:49Z,2026-07-31,6,82000.0,C,0.0,0.0001,0.0,64195.84,64158.03,0.5789,0.00037,0.0,0.10843,3188.2,0.5
2026-07-25T17:02:49Z,2026-07-31,6,82000.0,P,0.272,0.285,0.2774,64195.84,64158.03,0.5789,-0.99963,0.0,0.10843,92.0,0.8
2026-07-25T17:02:49Z,2026-07-31,6,83000.0,C,0.0,0.0001,0.0,64195.84,64158.03,0.5789,0.0002,0.0,0.06054,1199.8,0.0
2026-07-25T17:02:49Z,2026-07-31,6,83000.0,P,0.2875,0.3005,0.2929,64195.84,64158.03,0.5789,-0.9998,0.0,0.06054,29.5,0.0
2026-07-25T17:02:49Z,2026-07-31,6,84000.0,C,0.0,0.0001,0.0,64195.84,64158.03,0.579,0.00011,0.0,0.03313,743.5,0.0
2026-07-25T17:02:49Z,2026-07-31,6,84000.0,P,0.303,0.316,0.3085,64196.02,64158.03,0.579,-0.99989,0.0,0.03314,30.2,0.0
2026-07-25T17:02:49Z,2026-07-31,6,85000.0,C,0.0,0.0001,0.0,64195.84,64158.03,0.5972999999999999,9e-05,0.0,0.02815,1276.2,0.0
2026-07-25T17:02:49Z,2026-07-31,6,85000.0,P,0.28,0.373,0.3241,64195.84,64158.03,0.5972999999999999,-0.99991,0.0,0.02815,22.2,0.0
2026-07-25T17:02:49Z,2026-07-31,6,86000.0,C,0.0,0.0001,0.0,64196.02,64158.03,0.6129,7e-05,0.0,0.02275,496.4,0.0
2026-07-25T17:02:49Z,2026-07-31,6,86000.0,P,0.2945,0.388,0.3397,64195.84,64158.03,0.6129,-0.99993,0.0,0.02274,15.2,0.0
2026-07-25T17:02:49Z,2026-07-31,6,87000.0,C,0.0,0.0001,0.0,64196.02,64158.03,0.6167,4e-05,0.0,0.01391,377.4,0.0
2026-07-25T17:02:49Z,2026-07-31,6,87000.0,P,0.3095,0.405,0.3552,64195.84,64158.03,0.6167,-0.99996,0.0,0.01391,8.1,0.0
2026-07-25T17:02:49Z,2026-07-31,6,88000.0,C,0.0,0.0001,0.0,64195.84,64158.03,0.6168,2e-05,0.0,0.00767,588.7,0.0
2026-07-25T17:02:49Z,2026-07-31,6,88000.0,P,0.3245,0.4205,0.3708,64195.84,64158.03,0.6168,-0.99998,0.0,0.00767,2.1,0.0
2026-07-25T17:02:49Z,2026-07-31,6,89000.0,C,0.0,0.0001,0.0,64196.02,64158.03,0.637,2e-05,0.0,0.00732,237.4,0.0
2026-07-25T17:02:49Z,2026-07-31,6,89000.0,P,0.3395,0.4365,0.3864,64195.84,64158.03,0.637,-0.99998,0.0,0.00732,5.9,0.0
2026-07-25T17:02:49Z,2026-07-31,6,90000.0,C,0.0,0.0001,0.0,64196.02,64158.03,0.6502,2e-05,0.0,0.00588,1314.5,0.0
2026-07-25T17:02:49Z,2026-07-31,6,90000.0,P,0.355,0.4525,0.402,64196.03,64158.03,0.6502,-0.99998,0.0,0.00588,14.9,0.0
2026-07-25T17:02:49Z,2026-07-31,6,91000.0,C,0.0,0.0001,0.0,64196.08,64158.03,0.6502,1e-05,0.0,0.0033,286.2,0.0
2026-07-25T17:02:49Z,2026-07-31,6,91000.0,P,0.3705,0.4695,0.4175,64196.03,64158.03,0.6502,-0.99999,0.0,0.0033,0.2,0.0
2026-07-25T17:02:49Z,2026-07-31,6,92000.0,C,0.0,0.0001,0.0,64196.03,64158.03,0.6502,0.0,0.0,0.00183,444.7,0.0
2026-07-25T17:02:49Z,2026-07-31,6,92000.0,P,0.4255,0.485,0.4331,64196.03,64158.03,0.6502,-1.0,0.0,0.00183,0.4,0.0
2026-07-25T17:02:49Z,2026-07-31,6,93000.0,C,0.0,0.0001,0.0,64196.03,64158.03,0.6502,0.0,0.0,0.001,106.6,0.0
2026-07-25T17:02:49Z,2026-07-31,6,93000.0,P,0.4,0.5015,0.4487,64196.03,64158.03,0.6502,-1.0,0.0,0.001,0.5,0.0
2026-07-25T17:02:49Z,2026-07-31,6,94000.0,C,0.0,0.0001,0.0,64196.08,64158.03,0.6502,0.0,0.0,0.00054,892.6,0.0
2026-07-25T17:02:49Z,2026-07-31,6,94000.0,P,0.4155,0.517,0.4643,64196.03,64158.03,0.6502,-1.0,0.0,0.00054,1.3,0.0
2026-07-25T17:02:49Z,2026-07-31,6,95000.0,C,0.0,0.0001,0.0,64196.03,64158.03,0.6502,0.0,0.0,0.00029,135.8,0.0
2026-07-25T17:02:49Z,2026-07-31,6,95000.0,P,0.431,0.534,0.4798,64195.9,64158.03,0.6502,-1.0,0.0,0.00029,0.4,0.0
2026-07-25T17:02:49Z,2026-07-31,6,96000.0,C,0.0,0.0001,0.0,64196.08,64158.03,0.6502,0.0,0.0,0.00015,281.8,0.0
2026-07-25T17:02:49Z,2026-07-31,6,96000.0,P,0.4455,0.55,0.4954,64196.03,64158.03,0.6502,-1.0,0.0,0.00015,0.1,0.0
2026-07-25T17:02:49Z,2026-07-31,6,98000.0,C,0.0,0.0001,0.0,64196.08,64158.03,0.6503,0.0,0.0,4e-05,1165.3,0.0
2026-07-25T17:02:49Z,2026-07-31,6,98000.0,P,0.475,0.5815,0.5266,64196.03,64158.03,0.6503,-1.0,0.0,4e-05,0.1,0.0
2026-07-25T17:02:49Z,2026-07-31,6,100000.0,C,0.0,0.0001,0.0,64196.03,64158.03,0.6506000000000001,0.0,0.0,1e-05,1802.6,0.0
2026-07-25T17:02:49Z,2026-07-31,6,100000.0,P,0.551,0.567,0.5577,64195.9,64158.03,0.6506000000000001,-1.0,0.0,1e-05,99.5,0.0
2026-07-25T17:02:49Z,2026-07-31,6,102000.0,C,0.0,0.0001,0.0,64196.03,64158.03,0.6507999999999999,0.0,0.0,0.0,460.8,0.0
2026-07-25T17:02:49Z,2026-07-31,6,102000.0,P,0.5355,0.646,0.5889,64195.9,64158.03,0.6507999999999999,-1.0,0.0,0.0,0.1,0.0
2026-07-25T17:02:49Z,2026-07-31,6,104000.0,C,0.0,0.0001,0.0,64196.03,64158.03,0.6509,0.0,0.0,0.0,511.1,0.0
2026-07-25T17:02:49Z,2026-07-31,6,104000.0,P,0.566,0.6785,0.62,64195.9,64158.03,0.6509,-1.0,0.0,0.0,0.0,0.0
2026-07-25T17:02:49Z,2026-07-31,6,105000.0,C,0.0,0.0001,0.0,64196.03,64158.03,0.6512,0.0,0.0,0.0,516.1,0.0
2026-07-25T17:02:49Z,2026-07-31,6,105000.0,P,0.581,0.6955,0.6356,64196.03,64158.03,0.6512,-1.0,0.0,0.0,1.1,0.6
2026-07-25T17:02:49Z,2026-07-31,6,106000.0,C,0.0,0.0001,0.0,64196.03,64158.03,0.6527,0.0,0.0,0.0,44.6,0.0
2026-07-25T17:02:49Z,2026-07-31,6,106000.0,P,0.5955,0.7115,0.6512,64196.08,64158.03,0.6527,-1.0,0.0,0.0,0.0,0.0
2026-07-25T17:02:49Z,2026-07-31,6,108000.0,C,0.0,0.0001,0.0,64195.38,64158.03,0.6612,0.0,0.0,0.0,375.1,0.0
2026-07-25T17:02:49Z,2026-07-31,6,108000.0,P,0.6255,0.743,0.6824,64195.38,64158.03,0.6612,-1.0,0.0,0.0,0.0,0.0
2026-07-25T17:02:49Z,2026-07-31,6,110000.0,C,0.0,0.0001,0.0,64196.08,64158.03,0.6807,0.0,0.0,0.0,194.2,0.0
2026-07-25T17:02:49Z,2026-07-31,6,110000.0,P,0.7065,0.7225,0.7135,64195.38,64158.03,0.6807,-1.0,0.0,0.0,46.2,0.0
2026-07-25T17:02:49Z,2026-07-31,6,115000.0,C,0.0,0.0001,0.0,64195.38,64158.03,0.7275,0.0,0.0,0.0,182.3,0.0
2026-07-25T17:02:49Z,2026-07-31,6,115000.0,P,0.7315,0.856,0.7914,64195.38,64158.03,0.7275,-1.0,0.0,0.0,3.2,0.0
2026-07-25T17:02:49Z,2026-07-31,6,120000.0,C,0.0,0.0001,0.0,64195.38,64158.03,0.7720999999999999,0.0,0.0,0.0,1059.4,0.0
2026-07-25T17:02:49Z,2026-07-31,6,120000.0,P,0.807,0.937,0.8693,64195.38,64158.03,0.7720999999999999,-1.0,0.0,0.0,3.5,0.0
2026-07-25T17:02:49Z,2026-08-07,13,53000.0,C,0.1455,0.207,0.1759,64243.27,64158.03,0.537,0.97595,1e-05,6.75907,0.0,0.0
2026-07-25T17:02:49Z,2026-08-07,13,53000.0,P,0.0008,0.0011,0.0009,64242.67,64158.03,0.537,-0.02406,1e-05,6.76026,81.6,35.3
2026-07-25T17:02:49Z,2026-08-07,13,55000.0,C,0.1135,0.1775,0.1455,64243.27,64158.03,0.49450000000000005,0.95864,1e-05,10.57879,0.0,0.0
2026-07-25T17:02:49Z,2026-08-07,13,55000.0,P,0.0015,0.0017,0.0016,64243.27,64158.03,0.49450000000000005,-0.04136,1e-05,10.57879,128.9,35.7
2026-07-25T17:02:49Z,2026-08-07,13,58000.0,C,0.067,0.135,0.101,64242.67,64158.03,0.435,0.90389,3e-05,20.36642,0.0,0.0
2026-07-25T17:02:49Z,2026-08-07,13,58000.0,P,0.0036,0.004,0.0038,64243.27,64158.03,0.435,-0.09609,3e-05,20.36355,262.8,26.2
2026-07-25T17:02:49Z,2026-08-07,13,60000.0,C,0.04,0.1085,0.0731,64243.27,64158.03,0.4012,0.82976,5e-05,30.26024,0.0,0.0
2026-07-25T17:02:49Z,2026-08-07,13,60000.0,P,0.0065,0.0075,0.007,64243.27,64158.03,0.4012,-0.17024,5e-05,30.26024,1180.4,15.9
2026-07-25T17:02:49Z,2026-08-07,13,61000.0,C,0.0555,0.0635,0.0604,64243.27,64158.03,0.3914,0.77282,6e-05,36.02655,33.0,2.0
2026-07-25T17:02:49Z,2026-08-07,13,61000.0,P,0.0095,0.0105,0.0099,64243.27,64158.03,0.3914,-0.22718,6e-05,36.02655,278.3,12.1
2026-07-25T17:02:49Z,2026-08-07,13,62000.0,C,0.0435,0.0515,0.0484,64243.27,64158.03,0.3766,0.70629,8e-05,41.13831,100.2,0.1
2026-07-25T17:02:49Z,2026-08-07,13,62000.0,P,0.013,0.014,0.0134,64243.27,64158.03,0.3766,-0.29371,8e-05,41.13831,392.0,41.1
2026-07-25T17:02:49Z,2026-08-07,13,63000.0,C,0.037,0.038,0.0378,64243.27,64158.03,0.3675,0.62555,9e-05,45.28172,24.5,0.0
2026-07-25T17:02:49Z,2026-08-07,13,63000.0,P,0.018,0.019,0.0184,64242.67,64158.03,0.3675,-0.3745,9e-05,45.28328,52.5,0.1
2026-07-25T17:02:49Z,2026-08-07,13,64000.0,C,0.028,0.029,0.0284,64242.67,64158.03,0.35719999999999996,0.53593,9e-05,47.46799,83.8,14.1
2026-07-25T17:02:49Z,2026-08-07,13,64000.0,P,0.0245,0.025,0.0246,64242.67,64158.03,0.35719999999999996,-0.46407,9e-05,47.46799,79.9,19.8
2026-07-25T17:02:49Z,2026-08-07,13,65000.0,C,0.02,0.021,0.0206,64243.27,64158.03,0.3497,0.44134,9e-05,47.14573,129.7,0.0
2026-07-25T17:02:49Z,2026-08-07,13,65000.0,P,0.032,0.033,0.0324,64243.27,64158.03,0.3497,-0.55866,9e-05,47.14573,72.1,0.6
2026-07-25T17:02:49Z,2026-08-07,13,66000.0,C,0.014,0.015,0.0146,64243.27,64158.03,0.3456,0.34914,9e-05,44.21222,199.7,38.9
2026-07-25T17:02:49Z,2026-08-07,13,66000.0,P,0.0385,0.0465,0.0419,64242.67,64158.03,0.3456,-0.65091,9e-05,44.20932,58.2,0.0
2026-07-25T17:02:49Z,2026-08-07,13,67000.0,C,0.0095,0.0105,0.01,64242.79,64158.03,0.3442,0.26612,8e-05,39.21565,485.6,57.0
2026-07-25T17:02:49Z,2026-08-07,13,67000.0,P,0.049,0.058,0.053,64242.79,64158.03,0.3442,-0.73388,8e-05,39.21565,39.7,0.0
2026-07-25T17:02:49Z,2026-08-07,13,68000.0,C,0.0065,0.007,0.0068,64242.79,64158.03,0.3446,0.19633,7e-05,33.07462,1149.7,21.5
2026-07-25T17:02:49Z,2026-08-07,13,68000.0,P,0.061,0.106,0.0653,64242.79,64158.03,0.3446,-0.80367,7e-05,33.07462,0.1,0.0
2026-07-25T17:02:49Z,2026-08-07,13,69000.0,C,0.0044,0.0048,0.0046,64243.09,64158.03,0.3496,0.14314,5e-05,26.9933,694.9,1.8
2026-07-25T17:02:49Z,2026-08-07,13,69000.0,P,0.043,0.12,0.0787,64242.79,64158.03,0.3496,-0.85688,5e-05,26.99111,0.0,0.0
2026-07-25T17:02:49Z,2026-08-07,13,70000.0,C,0.003,0.0033,0.0032,64243.09,64158.03,0.3558,0.10315,4e-05,21.44521,6633.0,14.3
2026-07-25T17:02:49Z,2026-08-07,13,70000.0,P,0.056,0.1345,0.0928,64242.79,64158.03,0.3558,-0.89687,4e-05,21.4432,0.0,0.0
2026-07-25T17:02:49Z,2026-08-07,13,71000.0,C,0.0021,0.0023,0.0022,64242.79,64158.03,0.36460000000000004,0.07479,3e-05,16.87522,833.1,4.4
2026-07-25T17:02:49Z,2026-08-07,13,71000.0,P,0.07,0.1505,0.1074,64242.79,64158.03,0.36460000000000004,-0.92521,3e-05,16.87522,0.0,0.0
2026-07-25T17:02:49Z,2026-08-07,13,72000.0,C,0.0015,0.0018,0.0017,64243.09,64158.03,0.3786,0.05662,3e-05,13.59717,5589.6,0.5
2026-07-25T17:02:49Z,2026-08-07,13,72000.0,P,0.0845,0.166,0.1224,64242.79,64158.03,0.3786,-0.94339,3e-05,13.59567,0.0,0.0
2026-07-25T17:02:49Z,2026-08-07,13,75000.0,C,0.0007,0.0009,0.0008,64242.79,64158.03,0.424,0.02718,1e-05,7.48854,2467.6,8.3
2026-07-25T17:02:49Z,2026-08-07,13,75000.0,P,0.129,0.2125,0.1682,64243.09,64158.03,0.424,-0.97281,1e-05,7.48943,0.0,0.0
2026-07-25T17:02:49Z,2026-08-07,13,77000.0,C,0.0005,0.0006,0.0005,64242.79,64158.03,0.4521,0.01732,1e-05,5.1181,1005.0,0.0
2026-07-25T17:02:49Z,2026-08-07,13,77000.0,P,0.159,0.245,0.1991,64242.79,64158.03,0.4521,-0.98268,1e-05,5.1181,0.0,0.0
2026-07-25T17:02:49Z,2026-08-07,13,80000.0,C,0.0003,0.0004,0.0003,64243.09,64158.03,0.5058,0.01116,0.0,3.50375,38.9,1.6
2026-07-25T17:02:49Z,2026-08-07,13,80000.0,P,0.2035,0.2925,0.2456,64242.79,64158.03,0.5058,-0.98884,0.0,3.50334,0.0,0.0
2026-07-25T17:02:49Z,2026-08-14,20,55000.0,C,0.115,0.1805,0.1479,64290.97,64158.03,0.4679,0.93228,2e-05,19.51034,0.0,0.0
2026-07-25T17:02:49Z,2026-08-14,20,55000.0,P,0.0032,0.0034,0.0034,64290.97,64158.03,0.4679,-0.06772,2e-05,19.51034,57.8,52.2
2026-07-25T17:02:49Z,2026-08-14,20,58000.0,C,0.071,0.14,0.1048,64290.97,64158.03,0.42119999999999996,0.86505,3e-05,32.35777,0.0,0.0
2026-07-25T17:02:49Z,2026-08-14,20,58000.0,P,0.0065,0.0075,0.007,64291.31,64158.03,0.42119999999999996,-0.13494,3e-05,32.35614,64.1,50.0
2026-07-25T17:02:49Z,2026-08-14,20,60000.0,C,0.0455,0.1135,0.0782,64291.31,64158.03,0.39380000000000004,0.78876,5e-05,43.1104,0.0,0.0
2026-07-25T17:02:49Z,2026-08-14,20,60000.0,P,0.011,0.012,0.0114,64291.31,64158.03,0.39380000000000004,-0.21124,5e-05,43.1104,242.8,101.7
2026-07-25T17:02:49Z,2026-08-14,20,61000.0,C,0.035,0.101,0.0661,64291.31,64158.03,0.38420000000000004,0.73709,6e-05,48.63012,0.0,0.0
2026-07-25T17:02:49Z,2026-08-14,20,61000.0,P,0.0145,0.0155,0.0149,64291.31,64158.03,0.38420000000000004,-0.26291,6e-05,48.63012,10.9,10.9
2026-07-25T17:02:49Z,2026-08-14,20,62000.0,C,0.0505,0.0575,0.0546,64291.31,64158.03,0.3722,0.67854,6e-05,53.41031,1.2,0.0
2026-07-25T17:02:49Z,2026-08-14,20,62000.0,P,0.0185,0.0195,0.0189,64291.31,64158.03,0.3722,-0.32146,6e-05,53.41031,28.9,0.1
2026-07-25T17:02:49Z,2026-08-14,20,63000.0,C,0.0435,0.045,0.0443,64291.31,64158.03,0.3639,0.61128,7e-05,57.14101,2.2,0.1
2026-07-25T17:02:49Z,2026-08-14,20,63000.0,P,0.024,0.0245,0.0242,64291.31,64158.03,0.3639,-0.38872,7e-05,57.14101,25.5,4.5
2026-07-25T17:02:49Z,2026-08-14,20,64000.0,C,0.0345,0.0355,0.0352,64291.31,64158.03,0.3564,0.53835,7e-05,59.195,3.0,0.2
2026-07-25T17:02:49Z,2026-08-14,20,64000.0,P,0.03,0.031,0.0307,64291.31,64158.03,0.3564,-0.46165,7e-05,59.195,23.6,0.7
2026-07-25T17:02:49Z,2026-08-14,20,65000.0,C,0.027,0.0275,0.0275,64291.31,64158.03,0.35159999999999997,0.46266,8e-05,59.20935,0.7,0.6
2026-07-25T17:02:49Z,2026-08-14,20,65000.0,P,0.038,0.039,0.0385,64291.31,64158.03,0.35159999999999997,-0.53734,8e-05,59.20935,18.0,2.8
2026-07-25T17:02:49Z,2026-08-14,20,66000.0,C,0.0205,0.021,0.021,64291.31,64158.03,0.3472,0.38762,7e-05,57.09444,33.9,1.0
2026-07-25T17:02:49Z,2026-08-14,20,66000.0,P,0.0465,0.0485,0.0475,64291.31,64158.03,0.3472,-0.61238,7e-05,57.09444,2.8,0.8
2026-07-25T17:02:49Z,2026-08-14,20,67000.0,C,0.015,0.016,0.0156,64291.31,64158.03,0.3429,0.31585,7e-05,53.01594,74.5,17.1
2026-07-25T17:02:49Z,2026-08-14,20,67000.0,P,0.053,0.0985,0.0577,64291.31,64158.03,0.3429,-0.68415,7e-05,53.01594,0.0,0.0
2026-07-25T17:02:49Z,2026-08-14,20,68000.0,C,0.011,0.012,0.0115,64291.31,64158.03,0.3427,0.25265,6e-05,47.6357,278.2,114.6
2026-07-25T17:02:49Z,2026-08-14,20,68000.0,P,0.036,0.1105,0.0693,64291.31,64158.03,0.3427,-0.74735,6e-05,47.6357,0.0,0.0
2026-07-25T17:02:49Z,2026-08-14,20,70000.0,C,0.006,0.0065,0.0063,64291.31,64158.03,0.34729999999999994,0.15479,5e-05,35.48992,568.5,59.8
2026-07-25T17:02:49Z,2026-08-14,20,70000.0,P,0.0585,0.138,0.0951,64291.31,64158.03,0.34729999999999994,-0.84521,5e-05,35.48992,0.0,0.0
2026-07-25T17:02:49Z,2026-08-14,20,72000.0,C,0.0032,0.0036,0.0034,64291.31,64158.03,0.35710000000000003,0.09239,3e-05,24.68281,425.8,0.6
2026-07-25T17:02:49Z,2026-08-14,20,72000.0,P,0.085,0.167,0.1234,64291.31,64158.03,0.35710000000000003,-0.90761,3e-05,24.68281,0.0,0.0
2026-07-25T17:02:49Z,2026-08-14,20,75000.0,C,0.0015,0.0016,0.0016,64291.31,64158.03,0.38299999999999995,0.04545,2e-05,14.24371,208.7,1.9
2026-07-25T17:02:49Z,2026-08-14,20,75000.0,P,0.129,0.213,0.1682,64291.31,64158.03,0.38299999999999995,-0.95455,2e-05,14.24371,0.0,0.0
2026-07-25T17:02:49Z,2026-08-28,34,40000.0,C,0.3565,0.4045,0.3797,64389.79,64158.03,0.7191,0.989,0.0,5.65753,23.5,12.2
2026-07-25T17:02:49Z,2026-08-28,34,40000.0,P,0.0007,0.0011,0.0009,64389.79,64158.03,0.7191,-0.011,0.0,5.65753,442.8,0.1
2026-07-25T17:02:49Z,2026-08-28,34,46000.0,C,0.26,0.3165,0.2875,64389.79,64158.03,0.5966,0.97429,1e-05,11.69472,1.0,0.0
2026-07-25T17:02:49Z,2026-08-28,34,46000.0,P,0.0017,0.0019,0.0019,64390.25,64158.03,0.5966,-0.02571,1e-05,11.69395,666.3,50.6
2026-07-25T17:02:49Z,2026-08-28,34,48000.0,C,0.253,0.261,0.257,64389.79,64158.03,0.5595,0.96521,1e-05,15.0249,37.5,0.0
2026-07-25T17:02:49Z,2026-08-28,34,48000.0,P,0.0023,0.0027,0.0025,64390.25,64158.03,0.5595,-0.03478,1e-05,15.02392,840.1,6.3
2026-07-25T17:02:49Z,2026-08-28,34,50000.0,C,0.222,0.231,0.2268,64389.79,64158.03,0.5226,0.95293,1e-05,19.20522,51.0,0.0
2026-07-25T17:02:49Z,2026-08-28,34,50000.0,P,0.0031,0.0034,0.0033,64389.79,64158.03,0.5226,-0.04707,1e-05,19.20522,1318.4,11.2
2026-07-25T17:02:49Z,2026-08-28,34,52000.0,C,0.192,0.201,0.1969,64389.79,64158.03,0.4904,0.9345,1e-05,24.9262,51.0,0.0
2026-07-25T17:02:49Z,2026-08-28,34,52000.0,P,0.0044,0.0047,0.0045,64389.79,64158.03,0.4904,-0.0655,1e-05,24.9262,1097.6,48.6
2026-07-25T17:02:49Z,2026-08-28,34,53000.0,C,0.1775,0.1865,0.1824,64389.79,64158.03,0.478,0.92137,2e-05,28.6764,5.9,0.0
2026-07-25T17:02:49Z,2026-08-28,34,53000.0,P,0.005,0.006,0.0055,64389.79,64158.03,0.478,-0.07863,2e-05,28.6764,208.5,45.2
2026-07-25T17:02:49Z,2026-08-28,34,54000.0,C,0.1625,0.172,0.1678,64389.79,64158.03,0.46299999999999997,0.90701,2e-05,32.51443,8.2,0.0
2026-07-25T17:02:49Z,2026-08-28,34,54000.0,P,0.006,0.007,0.0065,64389.79,64158.03,0.46299999999999997,-0.09299,2e-05,32.51443,1058.6,13.4
2026-07-25T17:02:49Z,2026-08-28,34,55000.0,C,0.148,0.1575,0.1533,64389.79,64158.03,0.4448,0.89161,2e-05,36.36041,5.8,0.0
2026-07-25T17:02:49Z,2026-08-28,34,55000.0,P,0.007,0.008,0.0075,64389.79,64158.03,0.4448,-0.10839,2e-05,36.36041,699.4,0.3
2026-07-25T17:02:49Z,2026-08-28,34,56000.0,C,0.134,0.1435,0.1393,64389.79,64158.03,0.43170000000000003,0.87096,2e-05,41.13051,59.4,0.0
2026-07-25T17:02:49Z,2026-08-28,34,56000.0,P,0.0085,0.0095,0.009,64389.79,64158.03,0.43170000000000003,-0.12904,2e-05,41.13051,799.7,0.8
2026-07-25T17:02:49Z,2026-08-28,34,57000.0,C,0.1205,0.13,0.1257,64389.79,64158.03,0.4216,0.84532,3e-05,46.5052,26.5,0.0
2026-07-25T17:02:49Z,2026-08-28,34,57000.0,P,0.0105,0.0115,0.011,64389.79,64158.03,0.4216,-0.15468,3e-05,46.5052,639.4,2.4
2026-07-25T17:02:49Z,2026-08-28,34,58000.0,C,0.107,0.1165,0.1122,64389.79,64158.03,0.4068,0.81812,3e-05,51.61476,164.3,0.0
2026-07-25T17:02:49Z,2026-08-28,34,58000.0,P,0.0125,0.0135,0.013,64389.79,64158.03,0.4068,-0.18188,3e-05,51.61476,803.1,0.8
2026-07-25T17:02:49Z,2026-08-28,34,59000.0,C,0.0945,0.104,0.0997,64389.79,64158.03,0.39899999999999997,0.78301,4e-05,57.40854,414.1,0.0
2026-07-25T17:02:49Z,2026-08-28,34,59000.0,P,0.0155,0.0165,0.0159,64389.79,64158.03,0.39899999999999997,-0.21699,4e-05,57.40854,827.3,0.6
2026-07-25T17:02:49Z,2026-08-28,34,60000.0,C,0.082,0.0915,0.0875,64389.79,64158.03,0.3896,0.74417,4e-05,62.86107,368.8,0.0
2026-07-25T17:02:49Z,2026-08-28,34,60000.0,P,0.019,0.0195,0.0193,64389.79,64158.03,0.3896,-0.25583,4e-05,62.86107,1663.9,3.3
2026-07-25T17:02:49Z,2026-08-28,34,61000.0,C,0.071,0.079,0.076,64389.79,64158.03,0.38079999999999997,0.70045,5e-05,67.90332,588.3,2.0
2026-07-25T17:02:49Z,2026-08-28,34,61000.0,P,0.0225,0.024,0.0234,64389.79,64158.03,0.38079999999999997,-0.29955,5e-05,67.90332,572.1,0.3
2026-07-25T17:02:49Z,2026-08-28,34,62000.0,C,0.063,0.067,0.0652,64389.79,64158.03,0.37229999999999996,0.65217,5e-05,72.2219,896.2,0.0
2026-07-25T17:02:49Z,2026-08-28,34,62000.0,P,0.0275,0.0285,0.0281,64389.79,64158.03,0.37229999999999996,-0.34783,5e-05,72.2219,776.5,0.3
2026-07-25T17:02:49Z,2026-08-28,34,63000.0,C,0.0545,0.056,0.0555,64389.79,64158.03,0.3661,0.59946,5e-05,75.52913,839.4,0.0
2026-07-25T17:02:49Z,2026-08-28,34,63000.0,P,0.0335,0.0345,0.0339,64390.31,64158.03,0.3661,-0.40051,5e-05,75.52839,652.2,2.4
2026-07-25T17:02:49Z,2026-08-28,34,64000.0,C,0.046,0.047,0.0465,64390.31,64158.03,0.35960000000000003,0.54391,6e-05,77.49274,410.9,0.0
2026-07-25T17:02:49Z,2026-08-28,34,64000.0,P,0.04,0.041,0.0404,64390.31,64158.03,0.35960000000000003,-0.45609,6e-05,77.49274,460.4,7.5
2026-07-25T17:02:49Z,2026-08-28,34,65000.0,C,0.038,0.039,0.0386,64390.31,64158.03,0.355,0.4866,6e-05,77.92143,1113.8,0.8
2026-07-25T17:02:49Z,2026-08-28,34,65000.0,P,0.047,0.0485,0.0481,64390.31,64158.03,0.355,-0.5134,6e-05,77.92143,650.9,0.1
2026-07-25T17:02:49Z,2026-08-28,34,66000.0,C,0.031,0.032,0.0316,64390.31,64158.03,0.3505,0.429,6e-05,76.7273,1129.5,47.4
2026-07-25T17:02:49Z,2026-08-28,34,66000.0,P,0.0555,0.0575,0.0566,64390.31,64158.03,0.3505,-0.571,6e-05,76.7273,235.6,0.1
2026-07-25T17:02:49Z,2026-08-28,34,67000.0,C,0.025,0.026,0.0256,64390.31,64158.03,0.34700000000000003,0.37276,6e-05,73.96564,904.8,30.4
2026-07-25T17:02:49Z,2026-08-28,34,67000.0,P,0.061,0.0715,0.0661,64390.31,64158.03,0.34700000000000003,-0.62724,6e-05,73.96564,114.3,0.0
2026-07-25T17:02:49Z,2026-08-28,34,68000.0,C,0.02,0.021,0.0206,64390.31,64158.03,0.34490000000000004,0.31963,5e-05,69.8545,656.2,1.0
2026-07-25T17:02:49Z,2026-08-28,34,68000.0,P,0.071,0.0825,0.0766,64390.31,64158.03,0.34490000000000004,-0.68037,5e-05,69.8545,87.9,0.0
2026-07-25T17:02:49Z,2026-08-28,34,69000.0,C,0.016,0.017,0.0165,64390.31,64158.03,0.345,0.27162,5e-05,64.81129,615.9,2.2
2026-07-25T17:02:49Z,2026-08-28,34,69000.0,P,0.0825,0.094,0.0881,64390.31,64158.03,0.345,-0.72838,5e-05,64.81129,49.6,0.0
2026-07-25T17:02:49Z,2026-08-28,34,70000.0,C,0.0125,0.0135,0.0131,64390.27,64158.03,0.34380000000000005,0.22713,4e-05,58.92523,1105.8,11.1
2026-07-25T17:02:49Z,2026-08-28,34,70000.0,P,0.0945,0.1065,0.1002,64390.31,64158.03,0.34380000000000005,-0.77287,4e-05,58.92567,105.8,0.0
2026-07-25T17:02:49Z,2026-08-28,34,71000.0,C,0.01,0.011,0.0105,64390.31,64158.03,0.3469,0.19065,4e-05,53.14512,1118.4,0.5
2026-07-25T17:02:49Z,2026-08-28,34,71000.0,P,0.076,0.1595,0.1132,64390.31,64158.03,0.3469,-0.80935,4e-05,53.14512,7.6,0.0
2026-07-25T17:02:49Z,2026-08-28,34,72000.0,C,0.008,0.009,0.0085,64390.31,64158.03,0.35,0.15902,4e-05,47.35964,2707.2,1.5
2026-07-25T17:02:49Z,2026-08-28,34,72000.0,P,0.1205,0.133,0.1267,64390.31,64158.03,0.35,-0.84098,4e-05,47.35964,86.0,0.0
2026-07-25T17:02:49Z,2026-08-28,34,73000.0,C,0.0065,0.007,0.0066,64390.31,64158.03,0.35090000000000005,0.13028,3e-05,41.40307,1364.8,6.0
2026-07-25T17:02:49Z,2026-08-28,34,73000.0,P,0.1015,0.187,0.1404,64390.31,64158.03,0.35090000000000005,-0.86972,3e-05,41.40307,4.7,0.0
2026-07-25T17:02:49Z,2026-08-28,34,74000.0,C,0.005,0.006,0.0055,64390.27,64158.03,0.3578,0.10995,3e-05,36.73695,1883.6,0.7
2026-07-25T17:02:49Z,2026-08-28,34,74000.0,P,0.115,0.2015,0.1548,64390.31,64158.03,0.3578,-0.89004,3e-05,36.73723,3.3,0.0
2026-07-25T17:02:49Z,2026-08-28,34,75000.0,C,0.0042,0.0046,0.0044,64390.31,64158.03,0.3618,0.09112,2e-05,32.02837,2670.1,3.6
2026-07-25T17:02:49Z,2026-08-28,34,75000.0,P,0.163,0.1765,0.1692,64390.27,64158.03,0.3618,-0.90888,2e-05,32.02806,34.0,0.0
2026-07-25T17:02:49Z,2026-08-28,34,76000.0,C,0.0035,0.0038,0.0037,64390.27,64158.03,0.368,0.0766,2e-05,28.11347,968.5,3.0
2026-07-25T17:02:49Z,2026-08-28,34,76000.0,P,0.1435,0.231,0.184,64390.27,64158.03,0.368,-0.9234,2e-05,28.11347,5.4,0.0
2026-07-25T17:02:49Z,2026-08-28,34,77000.0,C,0.0028,0.0032,0.003,64390.27,64158.03,0.3732,0.06398,2e-05,24.47598,226.4,2.1
2026-07-25T17:02:49Z,2026-08-28,34,77000.0,P,0.158,0.246,0.1989,64390.27,64158.03,0.3732,-0.93602,2e-05,24.47598,3.4,0.0
2026-07-25T17:02:49Z,2026-08-28,34,78000.0,C,0.0023,0.0027,0.0025,64390.27,64158.03,0.3795,0.05402,1e-05,21.43396,1094.5,0.1
2026-07-25T17:02:49Z,2026-08-28,34,78000.0,P,0.172,0.262,0.2139,64390.27,64158.03,0.3795,-0.94598,1e-05,21.43396,4.1,0.0
2026-07-25T17:02:49Z,2026-08-28,34,79000.0,C,0.002,0.0024,0.0022,64390.27,64158.03,0.38880000000000003,0.04708,1e-05,19.20889,352.7,0.0
2026-07-25T17:02:49Z,2026-08-28,34,79000.0,P,0.187,0.277,0.2291,64390.27,64158.03,0.38880000000000003,-0.95292,1e-05,19.20889,0.3,0.0
2026-07-25T17:02:49Z,2026-08-28,34,80000.0,C,0.0017,0.002,0.0019,64390.27,64158.03,0.395,0.03999,1e-05,16.83856,1889.0,0.2
2026-07-25T17:02:49Z,2026-08-28,34,80000.0,P,0.2015,0.2925,0.2443,64390.27,64158.03,0.395,-0.96001,1e-05,16.83856,12.8,0.0
2026-07-25T17:02:49Z,2026-08-28,34,81000.0,C,0.0016,0.0018,0.0017,64390.27,64158.03,0.4086,0.03685,1e-05,15.75166,1055.8,0.0
2026-07-25T17:02:49Z,2026-08-28,34,81000.0,P,0.217,0.309,0.2597,64390.27,64158.03,0.4086,-0.96315,1e-05,15.75166,0.1,0.0
2026-07-25T17:02:49Z,2026-08-28,34,82000.0,C,0.0014,0.0016,0.0015,64390.27,64158.03,0.4174,0.03252,1e-05,14.21336,1499.2,12.2
2026-07-25T17:02:49Z,2026-08-28,34,82000.0,P,0.232,0.3245,0.275,64390.27,64158.03,0.4174,-0.96748,1e-05,14.21336,1.0,0.8
2026-07-25T17:02:49Z,2026-08-28,34,83000.0,C,0.0011,0.0014,0.0013,64390.27,64158.03,0.4219,0.02752,1e-05,12.37834,250.0,0.0
2026-07-25T17:02:49Z,2026-08-28,34,83000.0,P,0.246,0.34,0.2903,64390.27,64158.03,0.4219,-0.97248,1e-05,12.37834,0.0,0.0
2026-07-25T17:02:49Z,2026-08-28,34,84000.0,C,0.001,0.0013,0.0012,64390.27,64158.03,0.4324,0.02499,1e-05,11.41891,58.6,0.1
2026-07-25T17:02:49Z,2026-08-28,34,84000.0,P,0.261,0.3565,0.3057,64390.27,64158.03,0.4324,-0.97501,1e-05,11.41891,0.7,0.0
2026-07-25T17:02:49Z,2026-08-28,34,85000.0,C,0.0009,0.0012,0.001,64390.27,64158.03,0.4399,0.02206,1e-05,10.2789,318.4,0.0
2026-07-25T17:02:49Z,2026-08-28,34,85000.0,P,0.276,0.372,0.3211,64390.27,64158.03,0.4399,-0.97794,1e-05,10.2789,0.4,0.0
2026-07-25T17:02:49Z,2026-08-28,34,86000.0,C,0.0008,0.0011,0.0009,64390.27,64158.03,0.4485,0.01981,1e-05,9.38687,165.1,0.0
2026-07-25T17:02:49Z,2026-08-28,34,86000.0,P,0.291,0.388,0.3366,64390.27,64158.03,0.4485,-0.98019,1e-05,9.38687,0.0,0.0
2026-07-25T17:02:49Z,2026-08-28,34,88000.0,C,0.0007,0.001,0.0008,64390.27,64158.03,0.4667,0.0164,0.0,7.99121,185.5,0.0
2026-07-25T17:02:49Z,2026-08-28,34,88000.0,P,0.3215,0.42,0.3675,64390.37,64158.03,0.4667,-0.9836,0.0,7.9914,0.0,0.0
2026-07-25T17:02:49Z,2026-08-28,34,90000.0,C,0.0006,0.0008,0.0007,64390.37,64158.03,0.48469999999999996,0.01381,0.0,6.89324,329.8,0.0
2026-07-25T17:02:49Z,2026-08-28,34,90000.0,P,0.351,0.4525,0.3984,64390.37,64158.03,0.48469999999999996,-0.98619,0.0,6.89324,0.5,0.0
2026-07-25T17:02:49Z,2026-08-28,34,92000.0,C,0.0005,0.0007,0.0006,64390.37,64158.03,0.49979999999999997,0.01141,0.0,5.84159,56.3,0.0
2026-07-25T17:02:49Z,2026-08-28,34,92000.0,P,0.381,0.4835,0.4294,64390.37,64158.03,0.49979999999999997,-0.98859,0.0,5.84159,1.3,0.0
2026-07-25T17:02:49Z,2026-08-28,34,94000.0,C,0.0004,0.0006,0.0005,64390.37,64158.03,0.5138,0.00943,0.0,4.94978,193.2,0.0
2026-07-25T17:02:49Z,2026-08-28,34,94000.0,P,0.4115,0.5155,0.4603,64390.33,64158.03,0.5138,-0.99057,0.0,4.94973,0.0,0.0
2026-07-25T17:02:49Z,2026-08-28,34,95000.0,C,0.0003,0.0007,0.0004,64390.37,64158.03,0.5207999999999999,0.00862,0.0,4.57515,11.6,0.0
2026-07-25T17:02:49Z,2026-08-28,34,95000.0,P,0.4265,0.5315,0.4758,64390.37,64158.03,0.5207999999999999,-0.99138,0.0,4.57515,0.1,0.0
2026-07-25T17:02:49Z,2026-08-28,34,96000.0,C,0.0002,0.0006,0.0004,64390.37,64158.03,0.5221,0.00732,0.0,3.96032,23.4,0.0
2026-07-25T17:02:49Z,2026-08-28,34,96000.0,P,0.441,0.547,0.4913,64390.37,64158.03,0.5221,-0.99268,0.0,3.96032,0.1,0.0
2026-07-25T17:02:49Z,2026-08-28,34,98000.0,C,0.0002,0.0005,0.0003,64390.37,64158.03,0.539,0.00647,0.0,3.55026,152.8,0.0
2026-07-25T17:02:49Z,2026-08-28,34,98000.0,P,0.4715,0.5795,0.5223,64390.37,64158.03,0.539,-0.99353,0.0,3.55026,0.0,0.0
2026-07-25T17:02:49Z,2026-08-28,34,100000.0,C,0.0001,0.0004,0.0002,64390.37,64158.03,0.539,0.00454,0.0,2.59198,153.9,0.0
2026-07-25T17:02:49Z,2026-08-28,34,100000.0,P,0.5015,0.611,0.5533,64390.37,64158.03,0.539,-0.99546,0.0,2.59198,0.1,0.0
2026-07-25T17:02:49Z,2026-08-28,34,105000.0,C,0.0001,0.0005,0.0002,64390.37,64158.03,0.5886,0.00405,0.0,2.34019,168.1,0.0
2026-07-25T17:02:49Z,2026-08-28,34,105000.0,P,0.5765,0.6915,0.6309,64390.37,64158.03,0.5886,-0.99595,0.0,2.34019,0.6,0.6
2026-07-25T17:02:49Z,2026-08-28,34,110000.0,C,0.0001,0.0004,0.0002,64390.37,64158.03,0.6373,0.00377,0.0,2.19673,103.9,0.0
2026-07-25T17:02:49Z,2026-08-28,34,110000.0,P,0.651,0.7725,0.7085,64390.37,64158.03,0.6373,-0.99623,0.0,2.19673,0.0,0.0
2026-07-25T17:02:49Z,2026-09-25,62,30000.0,C,0.5355,0.538,0.5368,64598.38,64158.03,0.8581,0.99066,0.0,6.6673,132.3,0.0
2026-07-25T17:02:49Z,2026-09-25,62,30000.0,P,0.0012,0.0013,0.0012,64598.42,64158.03,0.8581,-0.00934,0.0,6.66728,2337.3,6.9
2026-07-25T17:02:49Z,2026-09-25,62,35000.0,C,0.458,0.4625,0.4602,64598.38,64158.03,0.7495999999999999,0.98397,0.0,10.64168,29.3,0.0
2026-07-25T17:02:49Z,2026-09-25,62,35000.0,P,0.0018,0.002,0.002,64598.42,64158.03,0.7495999999999999,-0.01603,0.0,10.64164,888.6,0.8
2026-07-25T17:02:49Z,2026-09-25,62,40000.0,C,0.3815,0.3865,0.3839,64598.38,64158.03,0.6526000000000001,0.97267,0.0,16.71071,34.3,0.0
2026-07-25T17:02:49Z,2026-09-25,62,40000.0,P,0.0029,0.0032,0.0031,64598.38,64158.03,0.6526000000000001,-0.02733,0.0,16.71071,2292.6,1.1
2026-07-25T17:02:49Z,2026-09-25,62,45000.0,C,0.304,0.3125,0.3085,64598.38,64158.03,0.5681,0.95209,1e-05,26.45564,153.4,0.0
2026-07-25T17:02:49Z,2026-09-25,62,45000.0,P,0.0047,0.0055,0.0051,64598.38,64158.03,0.5681,-0.04791,1e-05,26.45564,1953.2,0.2
2026-07-25T17:02:49Z,2026-09-25,62,50000.0,C,0.2295,0.239,0.2345,64598.38,64158.03,0.4892,0.91542,1e-05,41.15155,30.5,0.0
2026-07-25T17:02:49Z,2026-09-25,62,50000.0,P,0.008,0.009,0.0085,64598.38,64158.03,0.4892,-0.08459,1e-05,41.15164,3570.8,0.1
2026-07-25T17:02:49Z,2026-09-25,62,52000.0,C,0.2005,0.2105,0.206,64598.42,64158.03,0.46549999999999997,0.89063,2e-05,49.70431,75.0,0.0
2026-07-25T17:02:49Z,2026-09-25,62,52000.0,P,0.0105,0.0115,0.011,64598.49,64158.03,0.46549999999999997,-0.10937,2e-05,49.70422,1077.0,0.0
2026-07-25T17:02:49Z,2026-09-25,62,54000.0,C,0.1445,0.2155,0.1781,64598.38,64158.03,0.4403,0.86016,2e-05,59.03333,7.2,0.0
2026-07-25T17:02:49Z,2026-09-25,62,54000.0,P,0.0135,0.0145,0.014,64598.49,64158.03,0.4403,-0.13984,2e-05,59.03283,371.5,5.3
2026-07-25T17:02:49Z,2026-09-25,62,55000.0,C,0.1595,0.1695,0.1646,64598.38,64158.03,0.4299,0.84109,2e-05,64.29413,83.9,0.0
2026-07-25T17:02:49Z,2026-09-25,62,55000.0,P,0.0155,0.0165,0.016,64598.49,64158.03,0.4299,-0.15891,2e-05,64.29362,3217.1,0.6
2026-07-25T17:02:49Z,2026-09-25,62,56000.0,C,0.1175,0.1905,0.1516,64598.49,64158.03,0.4211,0.81914,2e-05,69.85612,12.2,0.0
2026-07-25T17:02:49Z,2026-09-25,62,56000.0,P,0.018,0.019,0.0185,64598.49,64158.03,0.4211,-0.18086,2e-05,69.85612,1029.9,116.1
2026-07-25T17:02:49Z,2026-09-25,62,58000.0,C,0.1215,0.1315,0.1264,64598.49,64158.03,0.4025,0.76858,3e-05,80.8753,485.8,0.0
2026-07-25T17:02:49Z,2026-09-25,62,58000.0,P,0.024,0.0245,0.0242,64598.49,64158.03,0.4025,-0.23142,3e-05,80.8753,717.8,31.8
2026-07-25T17:02:49Z,2026-09-25,62,60000.0,C,0.1005,0.1085,0.1035,64598.49,64158.03,0.3896,0.70587,3e-05,91.45716,932.8,0.4
2026-07-25T17:02:49Z,2026-09-25,62,60000.0,P,0.032,0.0325,0.0323,64598.38,64158.03,0.3896,-0.29413,3e-05,91.45753,4351.2,28.7
2026-07-25T17:02:49Z,2026-09-25,62,62000.0,C,0.082,0.0845,0.0829,64598.38,64158.03,0.37829999999999997,0.63377,4e-05,99.88002,682.2,0.5
2026-07-25T17:02:49Z,2026-09-25,62,62000.0,P,0.042,0.0435,0.0427,64598.49,64158.03,0.37829999999999997,-0.36622,4e-05,99.87981,974.8,1.3
2026-07-25T17:02:49Z,2026-09-25,62,64000.0,C,0.064,0.066,0.065,64598.49,64158.03,0.36939999999999995,0.55457,4e-05,104.89838,293.6,0.9
2026-07-25T17:02:49Z,2026-09-25,62,64000.0,P,0.055,0.0565,0.0557,64598.49,64158.03,0.36939999999999995,-0.44543,4e-05,104.89838,525.1,0.0
2026-07-25T17:02:49Z,2026-09-25,62,65000.0,C,0.0565,0.0575,0.057,64598.49,64158.03,0.36560000000000004,0.51351,4e-05,105.82979,759.6,2.0
2026-07-25T17:02:49Z,2026-09-25,62,65000.0,P,0.0625,0.064,0.0632,64598.49,64158.03,0.36560000000000004,-0.48649,4e-05,105.82979,647.7,0.0
2026-07-25T17:02:49Z,2026-09-25,62,66000.0,C,0.049,0.0505,0.0498,64598.49,64158.03,0.3628,0.47232,4e-05,105.63552,1013.4,0.1
2026-07-25T17:02:49Z,2026-09-25,62,66000.0,P,0.0705,0.0725,0.0715,64598.49,64158.03,0.3628,-0.52768,4e-05,105.63552,854.5,5.1
2026-07-25T17:02:49Z,2026-09-25,62,68000.0,C,0.0365,0.038,0.0373,64598.49,64158.03,0.35710000000000003,0.39113,4e-05,101.92267,809.0,2.0
2026-07-25T17:02:49Z,2026-09-25,62,68000.0,P,0.084,0.0905,0.09,64598.49,64158.03,0.35710000000000003,-0.60887,4e-05,101.9227,640.1,0.0
2026-07-25T17:02:49Z,2026-09-25,62,70000.0,C,0.027,0.0275,0.0271,64598.49,64158.03,0.35119999999999996,0.31409,4e-05,94.1734,1997.6,8.5
2026-07-25T17:02:49Z,2026-09-25,62,70000.0,P,0.105,0.118,0.1108,64598.38,64158.03,0.35119999999999996,-0.68591,4e-05,94.17272,1503.5,0.0
2026-07-25T17:02:49Z,2026-09-25,62,72000.0,C,0.0195,0.0205,0.02,64598.49,64158.03,0.35240000000000005,0.24927,3e-05,84.21563,2313.3,12.2
2026-07-25T17:02:49Z,2026-09-25,62,72000.0,P,0.1285,0.1415,0.1346,64598.38,64158.03,0.35240000000000005,-0.75074,3e-05,84.21482,274.9,0.0
2026-07-25T17:02:49Z,2026-09-25,62,74000.0,C,0.0145,0.015,0.0145,64598.49,64158.03,0.353,0.19376,3e-05,72.89681,721.9,110.7
2026-07-25T17:02:49Z,2026-09-25,62,74000.0,P,0.155,0.1675,0.1601,64598.38,64158.03,0.353,-0.80625,3e-05,72.89595,110.7,0.0
2026-07-25T17:02:49Z,2026-09-25,62,75000.0,C,0.012,0.013,0.0125,64598.49,64158.03,0.3553,0.17113,3e-05,67.45348,2997.1,1.7
2026-07-25T17:02:49Z,2026-09-25,62,75000.0,P,0.167,0.181,0.1735,64598.49,64158.03,0.3553,-0.82887,3e-05,67.45348,2967.4,0.0
2026-07-25T17:02:49Z,2026-09-25,62,76000.0,C,0.01,0.0105,0.0106,64598.38,64158.03,0.3553,0.14907,2e-05,61.62953,2256.0,14.8
2026-07-25T17:02:49Z,2026-09-25,62,76000.0,P,0.18,0.195,0.1871,64598.38,64158.03,0.3553,-0.85093,2e-05,61.62953,599.6,0.0
2026-07-25T17:02:49Z,2026-09-25,62,78000.0,C,0.0075,0.008,0.0075,64598.49,64158.03,0.3566,0.11252,2e-05,50.7265,4219.0,21.3
2026-07-25T17:02:49Z,2026-09-25,62,78000.0,P,0.2085,0.2235,0.215,64598.49,64158.03,0.3566,-0.88748,2e-05,50.7265,629.4,0.1
2026-07-25T17:02:49Z,2026-09-25,62,80000.0,C,0.0055,0.006,0.0058,64598.49,64158.03,0.3651,0.08846,2e-05,42.55411,3545.1,4.2
2026-07-25T17:02:49Z,2026-09-25,62,80000.0,P,0.2375,0.253,0.2442,64598.49,64158.03,0.3651,-0.91154,2e-05,42.55411,613.0,0.0
2026-07-25T17:02:49Z,2026-09-25,62,82000.0,C,0.0043,0.0047,0.0045,64598.38,64158.03,0.37420000000000003,0.07019,1e-05,35.71164,2487.1,4.0
2026-07-25T17:02:49Z,2026-09-25,62,82000.0,P,0.267,0.2825,0.2739,64598.49,64158.03,0.37420000000000003,-0.92981,1e-05,35.71228,194.1,0.0
2026-07-25T17:02:49Z,2026-09-25,62,84000.0,C,0.0035,0.0038,0.0037,64598.38,64158.03,0.3857,0.0573,1e-05,30.4959,1446.8,206.7
2026-07-25T17:02:49Z,2026-09-25,62,84000.0,P,0.2965,0.313,0.304,64598.49,64158.03,0.3857,-0.9427,1e-05,30.49647,34.7,0.0
2026-07-25T17:02:49Z,2026-09-25,62,85000.0,C,0.003,0.0034,0.0032,64598.38,64158.03,0.3887,0.05066,1e-05,27.66477,1224.7,1.2
2026-07-25T17:02:49Z,2026-09-25,62,85000.0,P,0.3115,0.328,0.319,64598.49,64158.03,0.3887,-0.94933,1e-05,27.6653,454.5,0.0
2026-07-25T17:02:49Z,2026-09-25,62,86000.0,C,0.0026,0.003,0.0028,64598.38,64158.03,0.39299999999999996,0.04538,1e-05,25.332,664.7,0.0
2026-07-25T17:02:49Z,2026-09-25,62,86000.0,P,0.288,0.3875,0.3341,64598.38,64158.03,0.39299999999999996,-0.95462,1e-05,25.332,11.6,0.0
2026-07-25T17:02:49Z,2026-09-25,62,88000.0,C,0.0021,0.0025,0.0023,64598.71,64158.03,0.40240000000000004,0.03698,1e-05,21.45501,650.1,0.0
2026-07-25T17:02:49Z,2026-09-25,62,88000.0,P,0.3175,0.419,0.3646,64598.38,64158.03,0.40240000000000004,-0.96302,1e-05,21.45387,4.8,0.0
2026-07-25T17:02:49Z,2026-09-25,62,90000.0,C,0.0019,0.0021,0.002,64598.49,64158.03,0.41609999999999997,0.03185,1e-05,18.97667,3021.9,0.0
2026-07-25T17:02:49Z,2026-09-25,62,90000.0,P,0.387,0.405,0.3952,64598.49,64158.03,0.41609999999999997,-0.96815,1e-05,18.97667,587.5,0.0
2026-07-25T17:02:49Z,2026-09-25,62,92000.0,C,0.0014,0.0018,0.0016,64598.71,64158.03,0.4229,0.0257,1e-05,15.87401,485.0,0.0
2026-07-25T17:02:49Z,2026-09-25,62,92000.0,P,0.3765,0.4825,0.4258,64604.81,64158.03,0.4229,-0.97427,1e-05,15.89232,4.0,0.0
2026-07-25T17:02:49Z,2026-09-25,62,94000.0,C,0.0012,0.0016,0.0014,64604.81,64158.03,0.435,0.02228,0.0,14.08086,165.4,0.0
2026-07-25T17:02:49Z,2026-09-25,62,94000.0,P,0.4065,0.5135,0.4565,64598.71,64158.03,0.435,-0.97775,0.0,14.06459,1.3,0.0
2026-07-25T17:02:49Z,2026-09-25,62,95000.0,C,0.0011,0.0014,0.0013,64604.81,64158.03,0.4401,0.02059,0.0,13.17498,1866.1,0.0
2026-07-25T17:02:49Z,2026-09-25,62,95000.0,P,0.4635,0.482,0.4719,64604.81,64158.03,0.4401,-0.97941,0.0,13.17498,147.6,0.0
2026-07-25T17:02:49Z,2026-09-25,62,96000.0,C,0.001,0.0012,0.0011,64598.71,64158.03,0.4424,0.01837,0.0,11.95586,306.2,0.0
2026-07-25T17:02:49Z,2026-09-25,62,96000.0,P,0.4365,0.5455,0.4872,64598.71,64158.03,0.4424,-0.98163,0.0,11.95586,1.0,0.0
2026-07-25T17:02:49Z,2026-09-25,62,98000.0,C,0.0008,0.0012,0.001,64598.71,64158.03,0.4525,0.01582,0.0,10.52441,304.4,0.0
2026-07-25T17:02:49Z,2026-09-25,62,98000.0,P,0.466,0.5765,0.5181,64604.81,64158.03,0.4525,-0.98416,0.0,10.5369,0.1,0.0
2026-07-25T17:02:49Z,2026-09-25,62,100000.0,C,0.0007,0.0011,0.0009,64604.81,64158.03,0.4668,0.01456,0.0,9.80103,3606.3,0.0
2026-07-25T17:02:49Z,2026-09-25,62,100000.0,P,0.54,0.5595,0.549,64598.71,64158.03,0.4668,-0.98545,0.0,9.78958,272.4,0.0
2026-07-25T17:02:49Z,2026-09-25,62,102000.0,C,0.0006,0.001,0.0008,64604.81,64158.03,0.4764,0.01271,0.0,8.71437,92.0,0.0
2026-07-25T17:02:49Z,2026-09-25,62,102000.0,P,0.5265,0.641,0.5798,64604.81,64158.03,0.4764,-0.98729,0.0,8.71437,0.4,0.0
2026-07-25T17:02:49Z,2026-09-25,62,105000.0,C,0.0005,0.0009,0.0007,64604.81,64158.03,0.4924,0.01075,0.0,7.53414,1208.3,0.0
2026-07-25T17:02:49Z,2026-09-25,62,105000.0,P,0.6165,0.6375,0.6261,64598.71,64158.03,0.4924,-0.98927,0.0,7.52534,104.6,0.0
2026-07-25T17:02:49Z,2026-09-25,62,110000.0,C,0.0004,0.0005,0.0005,64604.81,64158.03,0.5081,0.00724,0.0,5.33097,1313.1,2.5
2026-07-25T17:02:49Z,2026-09-25,62,110000.0,P,0.693,0.7155,0.7033,64604.81,64158.03,0.5081,-0.99276,0.0,5.33097,116.1,0.0
2026-07-25T17:02:49Z,2026-09-25,62,115000.0,C,0.0003,0.0006,0.0004,64598.71,64158.03,0.5307,0.00561,0.0,4.24859,2179.1,0.0
2026-07-25T17:02:49Z,2026-09-25,62,115000.0,P,0.77,0.793,0.7806,64604.81,64158.03,0.5307,-0.99439,0.0,4.25366,90.3,0.0
2026-07-25T17:02:49Z,2026-09-25,62,120000.0,C,0.0002,0.0004,0.0003,64604.81,64158.03,0.5543,0.00459,0.0,3.5592,1139.6,0.0
2026-07-25T17:02:49Z,2026-09-25,62,120000.0,P,0.8465,0.871,0.8579,64604.81,64158.03,0.5543,-0.99541,0.0,3.5592,172.3,0.0
2026-07-25T17:02:49Z,2026-09-25,62,125000.0,C,0.0002,0.0005,0.0003,64598.71,64158.03,0.5821000000000001,0.00414,0.0,3.2451,2329.2,0.0
2026-07-25T17:02:49Z,2026-09-25,62,125000.0,P,0.87,1.0075,0.9353,64604.81,64158.03,0.5821000000000001,-0.99585,0.0,3.24879,22.7,0.0
2026-07-25T17:02:49Z,2026-09-25,62,130000.0,C,0.0002,0.0005,0.0002,64605.13,64158.03,0.5968,0.00318,0.0,2.55882,1432.1,0.2
2026-07-25T17:02:49Z,2026-09-25,62,130000.0,P,0.9445,1.0875,1.0127,64605.13,64158.03,0.5968,-0.99682,0.0,2.55882,21.4,0.0
2026-07-25T17:02:49Z,2026-09-25,62,135000.0,C,0.0001,0.0004,0.0002,64605.13,64158.03,0.6225999999999999,0.00295,0.0,2.39456,275.5,0.0
2026-07-25T17:02:49Z,2026-09-25,62,135000.0,P,1.02,1.168,1.09,64604.81,64158.03,0.6225999999999999,-0.99705,0.0,2.39442,11.5,0.0
2026-07-25T17:02:49Z,2026-09-25,62,140000.0,C,0.0001,0.0003,0.0002,64605.13,64158.03,0.6397999999999999,0.00247,0.0,2.04058,1184.5,0.0
2026-07-25T17:02:49Z,2026-09-25,62,140000.0,P,1.094,1.248,1.1674,64605.13,64158.03,0.6397999999999999,-0.99753,0.0,2.04058,1.4,0.0
2026-07-25T17:02:49Z,2026-09-25,62,145000.0,C,0.0001,0.0003,0.0002,64604.81,64158.03,0.6652,0.00239,0.0,1.97873,495.0,0.0
2026-07-25T17:02:49Z,2026-09-25,62,145000.0,P,1.169,1.3285,1.2448,64604.81,64158.03,0.6652,-0.99761,0.0,1.97873,0.2,0.0
2026-07-25T17:02:49Z,2026-09-25,62,150000.0,C,0.0001,0.0003,0.0002,64604.81,64158.03,0.6895,0.00232,0.0,1.92335,737.5,0.0
2026-07-25T17:02:49Z,2026-09-25,62,150000.0,P,1.2445,1.409,1.3222,64605.13,64158.03,0.6895,-0.99768,0.0,1.92346,0.7,0.0
2026-07-25T17:02:49Z,2026-09-25,62,155000.0,C,0.0001,0.0003,0.0002,64604.81,64158.03,0.713,0.00225,0.0,1.87336,363.0,1.1
2026-07-25T17:02:49Z,2026-09-25,62,155000.0,P,1.3185,1.4885,1.3996,64605.13,64158.03,0.713,-0.99775,0.0,1.87346,0.1,0.0
2026-07-25T17:02:49Z,2026-09-25,62,160000.0,C,0.0,0.0005,0.0001,64605.13,64158.03,0.7149,0.00164,0.0,1.40354,1444.3,0.0
2026-07-25T17:02:49Z,2026-09-25,62,160000.0,P,1.394,1.5685,1.477,64605.13,64158.03,0.7149,-0.99836,0.0,1.40354,0.6,0.0
2026-07-25T17:02:49Z,2026-09-25,62,165000.0,C,0.0,0.0002,0.0001,64605.13,64158.03,0.7149,0.00116,0.0,1.02577,192.5,0.0
2026-07-25T17:02:49Z,2026-09-25,62,165000.0,P,1.468,1.648,1.5543,64605.13,64158.03,0.7149,-0.99884,0.0,1.02577,0.0,0.0
2026-07-25T17:02:49Z,2026-09-25,62,170000.0,C,0.0,0.0002,0.0001,64604.81,64158.03,0.7149,0.00082,0.0,0.7488,359.5,0.0
2026-07-25T17:02:49Z,2026-09-25,62,170000.0,P,1.543,1.728,1.6317,64605.13,64158.03,0.7149,-0.99918,0.0,0.74884,0.0,0.0
2026-07-25T17:02:49Z,2026-09-25,62,175000.0,C,0.0,0.0002,0.0,64605.13,64158.03,0.7149,0.00059,0.0,0.54626,1355.9,0.0
2026-07-25T17:02:49Z,2026-09-25,62,175000.0,P,1.6175,1.808,1.7091,64605.13,64158.03,0.7149,-0.99941,0.0,0.54626,0.2,0.0
2026-07-25T17:02:49Z,2026-09-25,62,180000.0,C,0.0,0.0002,0.0,64605.13,64158.03,0.7149,0.00042,0.0,0.3985,748.1,0.0
2026-07-25T17:02:49Z,2026-09-25,62,180000.0,P,1.6925,1.888,1.7865,64605.13,64158.03,0.7149,-0.99958,0.0,0.3985,7.3,0.0
2026-07-25T17:02:49Z,2026-09-25,62,190000.0,C,0.0,0.0002,0.0,64604.81,64158.03,0.7281,0.00027,0.0,0.26979,772.5,0.0
2026-07-25T17:02:49Z,2026-09-25,62,190000.0,P,1.8425,2.0485,1.9413,64604.81,64158.03,0.7281,-0.99973,0.0,0.26979,0.0,0.0
2026-07-25T17:02:49Z,2026-09-25,62,200000.0,C,0.0,0.0002,0.0,64605.13,64158.03,0.7281,0.00014,0.0,0.147,1009.2,0.2
2026-07-25T17:02:49Z,2026-09-25,62,200000.0,P,1.9915,2.209,2.0958,64605.46,64158.03,0.7281,-0.99986,0.0,0.14701,0.1,0.0
2026-07-25T17:02:49Z,2026-09-25,62,220000.0,C,0.0,0.0002,0.0,64605.13,64158.03,0.7281,4e-05,0.0,0.04403,232.5,0.0
2026-07-25T17:02:49Z,2026-09-25,62,220000.0,P,2.291,2.529,2.4053,64605.13,64158.03,0.7281,-0.99996,0.0,0.04403,1.8,0.0
2026-07-25T17:02:49Z,2026-09-25,62,240000.0,C,0.0,0.0009,0.0,64605.46,64158.03,0.7486,2e-05,0.0,0.02246,222.5,0.0
2026-07-25T17:02:49Z,2026-09-25,62,240000.0,P,2.591,2.8505,2.7149,64605.46,64158.03,0.7486,-0.99998,0.0,0.02246,0.0,0.0
2026-07-25T17:02:49Z,2026-09-25,62,260000.0,C,0.0,0.0004,0.0,64605.46,64158.03,0.7883,2e-05,0.0,0.02035,293.8,0.0
2026-07-25T17:02:49Z,2026-09-25,62,260000.0,P,2.89,3.1705,3.0245,64605.46,64158.03,0.7883,-0.99998,0.0,0.02035,0.0,0.0
2026-07-25T17:02:49Z,2026-09-25,62,280000.0,C,0.0,0.0001,0.0,64605.13,64158.03,0.8151,1e-05,0.0,0.01494,94.0,0.0
2026-07-25T17:02:49Z,2026-09-25,62,280000.0,P,3.188,3.4915,3.334,64605.46,64158.03,0.8151,-0.99999,0.0,0.01494,0.0,0.0
2026-07-25T17:02:49Z,2026-09-25,62,300000.0,C,0.0,0.0001,0.0,64605.13,64158.03,0.8497,1e-05,0.0,0.01416,192.5,0.0
2026-07-25T17:02:49Z,2026-09-25,62,300000.0,P,3.487,3.8125,3.6436,64605.46,64158.03,0.8497,-0.99999,0.0,0.01417,0.0,0.0
2026-07-25T17:02:49Z,2026-09-25,62,320000.0,C,0.0,0.0001,0.0,64605.46,64158.03,0.8542000000000001,1e-05,0.0,0.00713,276.6,0.0
2026-07-25T17:02:49Z,2026-09-25,62,320000.0,P,3.7865,4.133,3.9532,64605.46,64158.03,0.8542000000000001,-0.99999,0.0,0.00713,25.1,0.0
2026-07-25T17:02:49Z,2026-12-25,153,30000.0,C,0.5445,0.547,0.5459,65283.18,64158.03,0.7051999999999999,0.97339,0.0,25.9991,289.3,0.0
2026-07-25T17:02:49Z,2026-12-25,153,30000.0,P,0.005,0.006,0.0055,65282.88,64158.03,0.7051999999999999,-0.02662,0.0,25.99948,2148.6,0.1
2026-07-25T17:02:49Z,2026-12-25,153,35000.0,C,0.4705,0.473,0.4718,65283.38,64158.03,0.629,0.95873,0.0,37.31368,77.6,0.0
2026-07-25T17:02:49Z,2026-12-25,153,35000.0,P,0.0075,0.0085,0.008,65283.38,64158.03,0.629,-0.04127,0.0,37.31368,2312.1,3.1
2026-07-25T17:02:49Z,2026-12-25,153,40000.0,C,0.397,0.402,0.3995,65283.38,64158.03,0.5704,0.93481,1e-05,53.6491,250.8,0.0
2026-07-25T17:02:49Z,2026-12-25,153,40000.0,P,0.012,0.0125,0.0122,65283.38,64158.03,0.5704,-0.06519,1e-05,53.6491,4056.0,5.1
2026-07-25T17:02:49Z,2026-12-25,153,45000.0,C,0.3265,0.3315,0.3289,65283.38,64158.03,0.5152,0.90032,1e-05,73.91266,54.2,0.0
2026-07-25T17:02:49Z,2026-12-25,153,45000.0,P,0.0175,0.0185,0.0182,65283.38,64158.03,0.5152,-0.09968,1e-05,73.91266,2783.4,4.3
2026-07-25T17:02:49Z,2026-12-25,153,50000.0,C,0.26,0.265,0.2624,65283.38,64158.03,0.47450000000000003,0.84676,1e-05,99.83623,260.8,0.0
2026-07-25T17:02:49Z,2026-12-25,153,50000.0,P,0.028,0.029,0.0283,65283.38,64158.03,0.47450000000000003,-0.15324,1e-05,99.83623,1748.0,0.0
2026-07-25T17:02:49Z,2026-12-25,153,52000.0,C,0.235,0.2395,0.2374,65285.01,64158.03,0.46140000000000003,0.81904,1e-05,111.14618,0.0,0.0
2026-07-25T17:02:49Z,2026-12-25,153,52000.0,P,0.0335,0.0345,0.034,65283.38,64158.03,0.46140000000000003,-0.18098,1e-05,111.15178,148.0,0.0
2026-07-25T17:02:49Z,2026-12-25,153,54000.0,C,0.211,0.2155,0.2135,65283.28,64158.03,0.4496,0.78757,2e-05,122.48545,33.0,0.0
2026-07-25T17:02:49Z,2026-12-25,153,54000.0,P,0.04,0.0415,0.0407,65283.28,64158.03,0.4496,-0.21243,2e-05,122.48545,1821.1,5.0
2026-07-25T17:02:49Z,2026-12-25,153,55000.0,C,0.1995,0.204,0.2022,65283.38,64158.03,0.44520000000000004,0.77016,2e-05,128.13487,42.8,0.0
2026-07-25T17:02:49Z,2026-12-25,153,55000.0,P,0.044,0.0455,0.0447,65283.38,64158.03,0.44520000000000004,-0.22984,2e-05,128.13487,1036.8,0.0
2026-07-25T17:02:49Z,2026-12-25,153,56000.0,C,0.1885,0.193,0.1909,65283.38,64158.03,0.4395,0.75232,2e-05,133.4844,41.4,0.0
2026-07-25T17:02:49Z,2026-12-25,153,56000.0,P,0.048,0.0495,0.0487,65283.38,64158.03,0.4395,-0.24768,2e-05,133.4844,342.4,3.0
2026-07-25T17:02:49Z,2026-12-25,153,58000.0,C,0.1675,0.1715,0.1695,65283.38,64158.03,0.4302,0.71374,2e-05,143.62115,41.8,0.0
2026-07-25T17:02:49Z,2026-12-25,153,58000.0,P,0.057,0.0585,0.0579,65283.38,64158.03,0.4302,-0.28626,2e-05,143.62115,2055.2,0.0
2026-07-25T17:02:49Z,2026-12-25,153,60000.0,C,0.1475,0.1515,0.1498,65283.38,64158.03,0.42310000000000003,0.67193,2e-05,152.52079,785.2,0.0
2026-07-25T17:02:49Z,2026-12-25,153,60000.0,P,0.068,0.0695,0.0688,65283.38,64158.03,0.42310000000000003,-0.32807,2e-05,152.52079,6449.3,1.0
2026-07-25T17:02:49Z,2026-12-25,153,62000.0,C,0.1295,0.1325,0.1314,65283.38,64158.03,0.4163,0.6279,2e-05,159.68223,241.1,0.2
2026-07-25T17:02:49Z,2026-12-25,153,62000.0,P,0.08,0.082,0.0811,65284.33,64158.03,0.4163,-0.37208,2e-05,159.68173,702.8,0.2
2026-07-25T17:02:49Z,2026-12-25,153,64000.0,C,0.1135,0.1155,0.1147,65284.33,64158.03,0.4105,0.58222,2e-05,164.82634,391.7,0.0
2026-07-25T17:02:49Z,2026-12-25,153,64000.0,P,0.094,0.0965,0.095,65284.33,64158.03,0.4105,-0.41778,2e-05,164.82634,247.0,1.0
2026-07-25T17:02:49Z,2026-12-25,153,65000.0,C,0.106,0.108,0.107,65284.33,64158.03,0.40850000000000003,0.55906,2e-05,166.56667,646.5,0.8
2026-07-25T17:02:49Z,2026-12-25,153,65000.0,P,0.1015,0.104,0.1027,65283.46,64158.03,0.40850000000000003,-0.44096,2e-05,166.5657,676.7,0.0
2026-07-25T17:02:49Z,2026-12-25,153,66000.0,C,0.0985,0.1005,0.0996,65284.33,64158.03,0.4061,0.53576,2e-05,167.73853,254.7,0.0
2026-07-25T17:02:49Z,2026-12-25,153,66000.0,P,0.1095,0.112,0.1106,65284.33,64158.03,0.4061,-0.46424,2e-05,167.73853,282.5,0.1
2026-07-25T17:02:49Z,2026-12-25,153,68000.0,C,0.085,0.087,0.0861,65284.33,64158.03,0.4023,0.48938,2e-05,168.35599,496.8,1.0
2026-07-25T17:02:49Z,2026-12-25,153,68000.0,P,0.126,0.129,0.1277,65284.33,64158.03,0.4023,-0.51062,2e-05,168.35599,359.3,0.0
2026-07-25T17:02:49Z,2026-12-25,153,70000.0,C,0.073,0.075,0.0739,65284.33,64158.03,0.3983,0.44353,2e-05,166.72534,995.8,0.1
2026-07-25T17:02:49Z,2026-12-25,153,70000.0,P,0.141,0.1525,0.1461,65284.33,64158.03,0.3983,-0.55647,2e-05,166.72534,1044.8,4.4
2026-07-25T17:02:49Z,2026-12-25,153,72000.0,C,0.0625,0.064,0.0634,65284.33,64158.03,0.39590000000000003,0.39959,2e-05,163.05227,1121.4,5.0
2026-07-25T17:02:49Z,2026-12-25,153,72000.0,P,0.1605,0.1675,0.1662,65283.46,64158.03,0.39590000000000003,-0.60043,2e-05,163.04794,335.4,0.0
2026-07-25T17:02:49Z,2026-12-25,153,74000.0,C,0.0535,0.0545,0.0541,65283.46,64158.03,0.39380000000000004,0.35764,2e-05,157.57411,98.4,0.1
2026-07-25T17:02:49Z,2026-12-25,153,74000.0,P,0.182,0.1965,0.1876,65283.46,64158.03,0.39380000000000004,-0.64236,2e-05,157.57411,102.6,0.0
2026-07-25T17:02:49Z,2026-12-25,153,75000.0,C,0.049,0.0505,0.0499,65283.46,64158.03,0.39280000000000004,0.33751,2e-05,154.24372,1326.3,5.1
2026-07-25T17:02:49Z,2026-12-25,153,75000.0,P,0.1955,0.208,0.1987,65284.33,64158.03,0.39280000000000004,-0.66247,2e-05,154.24917,891.9,5.0
2026-07-25T17:02:49Z,2026-12-25,153,76000.0,C,0.0455,0.0465,0.0463,65284.33,64158.03,0.3935,0.31915,2e-05,150.79872,339.1,0.2
2026-07-25T17:02:49Z,2026-12-25,153,76000.0,P,0.2025,0.2195,0.2105,65284.33,64158.03,0.3935,-0.68085,2e-05,150.79872,141.7,0.0
2026-07-25T17:02:49Z,2026-12-25,153,78000.0,C,0.0385,0.0395,0.0393,65284.33,64158.03,0.3922,0.2827,2e-05,142.766,399.8,0.5
2026-07-25T17:02:49Z,2026-12-25,153,78000.0,P,0.2285,0.2435,0.2341,65284.36,64158.03,0.3922,-0.7173,2e-05,142.76609,234.6,0.0
2026-07-25T17:02:49Z,2026-12-25,153,80000.0,C,0.0335,0.034,0.0339,65285.01,64158.03,0.3944,0.25158,2e-05,134.60023,7690.1,10.6
2026-07-25T17:02:49Z,2026-12-25,153,80000.0,P,0.253,0.269,0.2594,65285.01,64158.03,0.3944,-0.74842,2e-05,134.60023,952.0,0.0
2026-07-25T17:02:49Z,2026-12-25,153,82000.0,C,0.028,0.029,0.0286,65284.36,64158.03,0.39289999999999997,0.22055,2e-05,125.17646,472.4,4.8
2026-07-25T17:02:49Z,2026-12-25,153,82000.0,P,0.2785,0.295,0.2847,65284.36,64158.03,0.39289999999999997,-0.77945,2e-05,125.17646,158.7,0.0
2026-07-25T17:02:49Z,2026-12-25,153,84000.0,C,0.0235,0.0245,0.0243,65285.01,64158.03,0.3933,0.19379,2e-05,115.95334,705.5,0.0
2026-07-25T17:02:49Z,2026-12-25,153,84000.0,P,0.3045,0.3215,0.311,65285.01,64158.03,0.3933,-0.80621,2e-05,115.95334,47.0,0.0
2026-07-25T17:02:49Z,2026-12-25,153,85000.0,C,0.022,0.0225,0.0225,65284.36,64158.03,0.39409999999999995,0.18194,2e-05,111.52207,2093.9,0.4
2026-07-25T17:02:49Z,2026-12-25,153,85000.0,P,0.319,0.3355,0.3245,65285.01,64158.03,0.39409999999999995,-0.81805,2e-05,111.52713,548.3,0.0
2026-07-25T17:02:49Z,2026-12-25,153,86000.0,C,0.02,0.021,0.0208,65285.01,64158.03,0.3946,0.1704,2e-05,106.99038,295.2,0.0
2026-07-25T17:02:49Z,2026-12-25,153,86000.0,P,0.2865,0.4025,0.3381,65285.01,64158.03,0.3946,-0.8296,2e-05,106.99038,23.4,0.0
2026-07-25T17:02:49Z,2026-12-25,153,88000.0,C,0.017,0.018,0.0176,65285.01,64158.03,0.3948,0.14873,1e-05,97.87165,2445.8,1.1
2026-07-25T17:02:49Z,2026-12-25,153,88000.0,P,0.3135,0.4305,0.3656,65285.01,64158.03,0.3948,-0.85127,1e-05,97.87165,4.1,0.0
2026-07-25T17:02:49Z,2026-12-25,153,90000.0,C,0.0145,0.0155,0.0151,65285.01,64158.03,0.397,0.1309,1e-05,89.73158,3082.2,2.1
2026-07-25T17:02:49Z,2026-12-25,153,90000.0,P,0.3865,0.4055,0.3937,65284.36,64158.03,0.397,-0.86911,1e-05,89.72678,590.5,0.0
2026-07-25T17:02:49Z,2026-12-25,153,92000.0,C,0.0125,0.013,0.013,65285.01,64158.03,0.39899999999999997,0.11498,1e-05,81.93412,250.4,0.0
2026-07-25T17:02:49Z,2026-12-25,153,92000.0,P,0.369,0.488,0.4223,65285.01,64158.03,0.39899999999999997,-0.88502,1e-05,81.93412,4.5,0.0
2026-07-25T17:02:49Z,2026-12-25,153,94000.0,C,0.0105,0.0115,0.0113,65285.01,64158.03,0.40149999999999997,0.1013,1e-05,74.79197,112.7,0.0
2026-07-25T17:02:49Z,2026-12-25,153,94000.0,P,0.398,0.5175,0.4511,65285.01,64158.03,0.40149999999999997,-0.8987,1e-05,74.79197,5.2,0.0
2026-07-25T17:02:49Z,2026-12-25,153,95000.0,C,0.01,0.0105,0.0105,65285.01,64158.03,0.4031,0.09531,1e-05,71.52355,1298.2,0.0
2026-07-25T17:02:49Z,2026-12-25,153,95000.0,P,0.458,0.478,0.4657,65285.01,64158.03,0.4031,-0.90469,1e-05,71.52355,85.9,0.0
2026-07-25T17:02:49Z,2026-12-25,153,96000.0,C,0.009,0.01,0.0098,65284.84,64158.03,0.40409999999999996,0.08929,1e-05,68.15355,309.6,0.0
2026-07-25T17:02:49Z,2026-12-25,153,96000.0,P,0.4265,0.5465,0.4802,65285.07,64158.03,0.40409999999999996,-0.9107,1e-05,68.15541,11.2,0.0
2026-07-25T17:02:49Z,2026-12-25,153,98000.0,C,0.008,0.0085,0.0085,65285.07,64158.03,0.4071,0.07903,1e-05,62.18637,206.8,0.0
2026-07-25T17:02:49Z,2026-12-25,153,98000.0,P,0.455,0.5765,0.5096,65285.27,64158.03,0.4071,-0.92096,1e-05,62.18758,1.1,0.0
2026-07-25T17:02:49Z,2026-12-25,153,100000.0,C,0.007,0.0075,0.0074,65285.27,64158.03,0.41,0.06999,1e-05,56.67933,3565.8,3.0
2026-07-25T17:02:49Z,2026-12-25,153,100000.0,P,0.531,0.5525,0.5392,65285.27,64158.03,0.41,-0.93001,1e-05,56.67951,303.1,0.0
2026-07-25T17:02:49Z,2026-12-25,153,102000.0,C,0.006,0.0065,0.0065,65285.27,64158.03,0.4129,0.06206,1e-05,51.63125,169.2,0.0
2026-07-25T17:02:49Z,2026-12-25,153,102000.0,P,0.513,0.637,0.5689,65285.27,64158.03,0.4129,-0.93794,1e-05,51.63125,7.7,0.0
2026-07-25T17:02:49Z,2026-12-25,153,104000.0,C,0.005,0.006,0.0055,65285.27,64158.03,0.413,0.05371,1e-05,46.08741,83.7,0.0
2026-07-25T17:02:49Z,2026-12-25,153,104000.0,P,0.542,0.667,0.5985,65285.27,64158.03,0.413,-0.94629,1e-05,46.08741,0.0,0.0
2026-07-25T17:02:49Z,2026-12-25,153,105000.0,C,0.005,0.0055,0.0055,65285.27,64158.03,0.4194,0.05296,1e-05,45.58087,834.0,0.0
2026-07-25T17:02:49Z,2026-12-25,153,105000.0,P,0.605,0.628,0.6138,65285.27,64158.03,0.4194,-0.94704,1e-05,45.58087,109.4,0.0
2026-07-25T17:02:49Z,2026-12-25,153,106000.0,C,0.0047,0.0055,0.0051,65285.07,64158.03,0.4201,0.04964,1e-05,43.29227,318.7,0.0
2026-07-25T17:02:49Z,2026-12-25,153,106000.0,P,0.5715,0.6985,0.6288,65285.07,64158.03,0.4201,-0.95036,1e-05,43.29227,0.1,0.0
2026-07-25T17:02:49Z,2026-12-25,153,108000.0,C,0.0042,0.0046,0.0045,65285.27,64158.03,0.4224,0.04398,1e-05,39.28183,122.2,0.0
2026-07-25T17:02:49Z,2026-12-25,153,108000.0,P,0.6005,0.729,0.6588,65285.07,64158.03,0.4224,-0.95602,1e-05,39.28096,0.0,0.0
2026-07-25T17:02:49Z,2026-12-25,153,110000.0,C,0.0037,0.0042,0.004,65285.27,64158.03,0.4261,0.03955,0.0,36.04825,2641.4,0.0
2026-07-25T17:02:49Z,2026-12-25,153,110000.0,P,0.6765,0.704,0.6889,65285.07,64158.03,0.4261,-0.96045,0.0,36.04737,54.1,0.0
2026-07-25T17:02:49Z,2026-12-25,153,115000.0,C,0.0028,0.0033,0.0031,65285.27,64158.03,0.4354,0.03073,0.0,29.30154,2340.2,0.0
2026-07-25T17:02:49Z,2026-12-25,153,115000.0,P,0.703,0.8365,0.7646,65285.26,64158.03,0.4354,-0.96927,0.0,29.30137,0.6,0.0
2026-07-25T17:02:49Z,2026-12-25,153,120000.0,C,0.0022,0.0026,0.0024,65285.26,64158.03,0.4462,0.02468,0.0,24.4083,6031.4,0.0
2026-07-25T17:02:49Z,2026-12-25,153,120000.0,P,0.8265,0.8575,0.8405,65285.26,64158.03,0.4462,-0.97532,0.0,24.4083,35.5,0.0
2026-07-25T17:02:49Z,2026-12-25,153,125000.0,C,0.0017,0.0022,0.0019,65285.26,64158.03,0.45549999999999996,0.0198,0.0,20.26514,596.2,0.2
2026-07-25T17:02:49Z,2026-12-25,153,125000.0,P,0.851,0.993,0.9166,65285.26,64158.03,0.45549999999999996,-0.9802,0.0,20.26514,8.4,0.0
2026-07-25T17:02:49Z,2026-12-25,153,130000.0,C,0.0013,0.0018,0.0015,65285.26,64158.03,0.46340000000000003,0.01583,0.0,16.74481,1568.4,2.1
2026-07-25T17:02:49Z,2026-12-25,153,130000.0,P,0.982,1.0115,0.9928,65285.26,64158.03,0.46340000000000003,-0.98417,0.0,16.74481,52.1,0.0
2026-07-25T17:02:49Z,2026-12-25,153,135000.0,C,0.0012,0.0015,0.0014,65285.26,64158.03,0.4765,0.01378,0.0,14.86036,1077.3,3.0
2026-07-25T17:02:49Z,2026-12-25,153,135000.0,P,0.999,1.1505,1.0692,65285.26,64158.03,0.4765,-0.98622,0.0,14.86036,0.6,0.0
2026-07-25T17:02:49Z,2026-12-25,153,140000.0,C,0.0008,0.0013,0.001,65285.22,64158.03,0.4803,0.01069,0.0,11.92651,1473.8,0.0
2026-07-25T17:02:49Z,2026-12-25,153,140000.0,P,1.073,1.229,1.1455,65285.26,64158.03,0.4803,-0.98931,0.0,11.92657,0.2,0.0
2026-07-25T17:02:49Z,2026-12-25,153,150000.0,C,0.0006,0.001,0.0007,65285.26,64158.03,0.49829999999999997,0.00775,0.0,9.00022,1635.0,0.0
2026-07-25T17:02:49Z,2026-12-25,153,150000.0,P,1.222,1.386,1.2984,65285.22,64158.03,0.49829999999999997,-0.99225,0.0,9.00017,2.0,0.0
2026-07-25T17:02:49Z,2026-12-25,153,160000.0,C,0.0004,0.0008,0.0005,65285.26,64158.03,0.5132,0.00562,0.0,6.77517,1226.9,0.0
2026-07-25T17:02:49Z,2026-12-25,153,160000.0,P,1.369,1.5445,1.4513,65285.26,64158.03,0.5132,-0.99438,0.0,6.77517,0.0,0.0
2026-07-25T17:02:49Z,2026-12-25,153,170000.0,C,0.0003,0.0007,0.0004,65285.22,64158.03,0.5265,0.00414,0.0,5.15238,2384.1,5.0
2026-07-25T17:02:49Z,2026-12-25,153,170000.0,P,1.5165,1.7025,1.6044,65285.26,64158.03,0.5265,-0.99586,0.0,5.1524,0.0,0.0
2026-07-25T17:02:49Z,2026-12-25,153,180000.0,C,0.0002,0.0005,0.0003,65285.26,64158.03,0.5442,0.00341,0.0,4.32897,923.7,0.0
2026-07-25T17:02:49Z,2026-12-25,153,180000.0,P,1.6655,1.861,1.7575,65285.21,64158.03,0.5442,-0.99659,0.0,4.32892,0.0,0.0
2026-07-25T17:02:49Z,2026-12-25,153,190000.0,C,0.0002,0.0004,0.0002,65284.84,64158.03,0.5536,0.00251,0.0,3.2916,990.5,0.0
2026-07-25T17:02:49Z,2026-12-25,153,190000.0,P,1.813,2.0185,1.9105,65284.84,64158.03,0.5536,-0.99749,0.0,3.2916,0.0,0.0
2026-07-25T17:02:49Z,2026-12-25,153,200000.0,C,0.0001,0.0004,0.0002,65285.21,64158.03,0.5697,0.00215,0.0,2.86259,951.0,0.0
2026-07-25T17:02:49Z,2026-12-25,153,200000.0,P,1.9615,2.177,2.0637,65285.21,64158.03,0.5697,-0.99785,0.0,2.86259,0.0,0.0
2026-07-25T17:02:49Z,2026-12-25,153,210000.0,C,0.0001,0.0003,0.0002,65284.84,64158.03,0.5871,0.00194,0.0,2.60279,150.4,0.0
2026-07-25T17:02:49Z,2026-12-25,153,210000.0,P,2.1095,2.337,2.2168,65285.21,64158.03,0.5871,-0.99806,0.0,2.60291,0.0,0.0
2026-07-25T17:02:49Z,2026-12-25,153,220000.0,C,0.0001,0.0003,0.0001,65285.21,64158.03,0.5871,0.0013,0.0,1.81346,253.8,0.0
2026-07-25T17:02:49Z,2026-12-25,153,220000.0,P,2.2565,2.4945,2.37,65284.84,64158.03,0.5871,-0.9987,0.0,1.81337,0.0,0.0
2026-07-25T17:02:49Z,2026-12-25,153,230000.0,C,0.0,0.0002,0.0002,65284.84,64158.03,0.6224000000000001,0.00171,0.0,2.31798,195.9,6.0
2026-07-25T17:02:49Z,2026-12-25,153,230000.0,P,2.4045,2.6545,2.5232,65284.84,64158.03,0.6224000000000001,-0.99829,0.0,2.31798,0.0,0.0
2026-07-25T17:02:49Z,2026-12-25,153,240000.0,C,0.0,0.0002,0.0001,65284.84,64158.03,0.623,0.00122,0.0,1.70874,874.4,0.0
2026-07-25T17:02:49Z,2026-12-25,153,240000.0,P,2.5535,2.812,2.6763,65284.84,64158.03,0.623,-0.99878,0.0,1.70874,0.0,0.0
2026-07-25T17:02:49Z,2026-12-25,153,250000.0,C,0.0,0.0002,0.0001,65284.84,64158.03,0.6275,0.00095,0.0,1.35329,1256.0,0.0
2026-07-25T17:02:49Z,2026-12-25,153,250000.0,P,2.7005,2.97,2.8294,65284.84,64158.03,0.6275,-0.99905,0.0,1.35329,10.0,0.0
2026-07-25T17:02:49Z,2027-03-26,244,35000.0,C,0.4825,0.486,0.4841,65924.12,64158.03,0.5876,0.9405,0.0,63.74119,4.0,0.0
2026-07-25T17:02:49Z,2027-03-26,244,35000.0,P,0.015,0.0155,0.015,65923.75,64158.03,0.5876,-0.0595,0.0,63.742,546.8,12.4
2026-07-25T17:02:49Z,2027-03-26,244,40000.0,C,0.4135,0.4165,0.415,65923.8,64158.03,0.5397,0.91206,1e-05,85.96765,79.8,0.0
2026-07-25T17:02:49Z,2027-03-26,244,40000.0,P,0.0215,0.022,0.0217,65923.75,64158.03,0.5397,-0.08794,1e-05,85.96758,1148.1,10.3
2026-07-25T17:02:49Z,2027-03-26,244,45000.0,C,0.3445,0.353,0.3491,65923.75,64158.03,0.5019,0.87207,1e-05,112.67162,3.2,0.0
2026-07-25T17:02:49Z,2027-03-26,244,45000.0,P,0.031,0.0325,0.0317,65923.75,64158.03,0.5019,-0.12793,1e-05,112.67162,151.1,0.0
2026-07-25T17:02:49Z,2027-03-26,244,50000.0,C,0.283,0.291,0.288,65923.75,64158.03,0.47340000000000004,0.81812,1e-05,142.24697,20.5,0.0
2026-07-25T17:02:49Z,2027-03-26,244,50000.0,P,0.0455,0.0475,0.0464,65923.75,64158.03,0.47340000000000004,-0.18188,1e-05,142.24697,2023.4,0.0
2026-07-25T17:02:49Z,2027-03-26,244,52000.0,C,0.26,0.269,0.2651,65923.75,64158.03,0.46399999999999997,0.79257,1e-05,154.09815,5.1,0.0
2026-07-25T17:02:49Z,2027-03-26,244,52000.0,P,0.053,0.055,0.0539,65923.75,64158.03,0.46399999999999997,-0.20743,1e-05,154.09815,111.8,0.0
2026-07-25T17:02:49Z,2027-03-26,244,54000.0,C,0.238,0.246,0.2433,65924.12,64158.03,0.4556,0.76489,1e-05,165.54979,0.0,0.0
2026-07-25T17:02:49Z,2027-03-26,244,54000.0,P,0.0615,0.0635,0.0624,65923.54,64158.03,0.4556,-0.23511,1e-05,165.55123,52.7,0.0
2026-07-25T17:02:49Z,2027-03-26,244,55000.0,C,0.2275,0.2365,0.2326,65923.54,64158.03,0.45130000000000003,0.75039,1e-05,171.00835,28.6,0.0
2026-07-25T17:02:49Z,2027-03-26,244,55000.0,P,0.066,0.068,0.0669,65923.54,64158.03,0.45130000000000003,-0.24961,1e-05,171.00835,1354.1,0.0
2026-07-25T17:02:49Z,2027-03-26,244,56000.0,C,0.217,0.226,0.2224,65923.54,64158.03,0.44780000000000003,0.73528,1e-05,176.31464,16.9,0.0
2026-07-25T17:02:49Z,2027-03-26,244,56000.0,P,0.071,0.073,0.0719,65923.54,64158.03,0.44780000000000003,-0.26472,1e-05,176.31464,80.3,0.0
2026-07-25T17:02:49Z,2027-03-26,244,58000.0,C,0.1975,0.206,0.2028,65923.54,64158.03,0.4412,0.70384,1e-05,186.16648,5.1,0.0
2026-07-25T17:02:49Z,2027-03-26,244,58000.0,P,0.0815,0.084,0.0826,65923.54,64158.03,0.4412,-0.29616,1e-05,186.16648,108.1,0.0
2026-07-25T17:02:49Z,2027-03-26,244,60000.0,C,0.1825,0.186,0.1845,65923.54,64158.03,0.4357,0.67093,2e-05,194.82585,719.3,0.0
2026-07-25T17:02:49Z,2027-03-26,244,60000.0,P,0.0935,0.096,0.0946,65923.54,64158.03,0.4357,-0.32907,2e-05,194.82585,613.6,0.0
2026-07-25T17:02:49Z,2027-03-26,244,62000.0,C,0.165,0.1685,0.1671,65923.54,64158.03,0.43,0.63695,2e-05,202.07573,42.2,0.2
2026-07-25T17:02:49Z,2027-03-26,244,62000.0,P,0.106,0.109,0.1076,65923.54,64158.03,0.43,-0.36305,2e-05,202.07573,255.1,0.0
2026-07-25T17:02:49Z,2027-03-26,244,64000.0,C,0.1495,0.1525,0.1509,65923.54,64158.03,0.4251,0.60215,2e-05,207.78092,85.4,0.0
2026-07-25T17:02:49Z,2027-03-26,244,64000.0,P,0.12,0.1235,0.1218,65923.54,64158.03,0.4251,-0.39785,2e-05,207.78092,144.1,0.0
2026-07-25T17:02:49Z,2027-03-26,244,65000.0,C,0.1415,0.145,0.1432,65923.54,64158.03,0.4225,0.58451,2e-05,210.02453,211.6,0.1
2026-07-25T17:02:49Z,2027-03-26,244,65000.0,P,0.1275,0.131,0.1292,65923.54,64158.03,0.4225,-0.41549,2e-05,210.02453,663.0,0.0
2026-07-25T17:02:49Z,2027-03-26,244,66000.0,C,0.1345,0.1375,0.1361,65923.54,64158.03,0.4211,0.56697,2e-05,211.82932,18.7,0.0
2026-07-25T17:02:49Z,2027-03-26,244,66000.0,P,0.1355,0.139,0.1372,65923.54,64158.03,0.4211,-0.43303,2e-05,211.82932,128.8,0.0
2026-07-25T17:02:49Z,2027-03-26,244,68000.0,C,0.1205,0.1235,0.1222,65923.54,64158.03,0.4168,0.53157,2e-05,214.19075,39.6,0.0
2026-07-25T17:02:49Z,2027-03-26,244,68000.0,P,0.152,0.1555,0.1536,65923.54,64158.03,0.4168,-0.46843,2e-05,214.19075,70.1,0.0
2026-07-25T17:02:49Z,2027-03-26,244,70000.0,C,0.1085,0.111,0.1099,65923.54,64158.03,0.4146,0.49689,2e-05,214.85727,749.7,0.0
2026-07-25T17:02:49Z,2027-03-26,244,70000.0,P,0.1645,0.1795,0.1717,65923.58,64158.03,0.4146,-0.50311,2e-05,214.8574,211.8,0.0
2026-07-25T17:02:49Z,2027-03-26,244,72000.0,C,0.097,0.0995,0.0984,65923.8,64158.03,0.4118,0.4626,2e-05,213.91957,61.1,0.0
2026-07-25T17:02:49Z,2027-03-26,244,72000.0,P,0.183,0.2005,0.1905,65923.58,64158.03,0.4118,-0.53741,2e-05,213.91865,139.2,0.0
2026-07-25T17:02:49Z,2027-03-26,244,74000.0,C,0.0865,0.089,0.0879,65923.8,64158.03,0.4094,0.42923,2e-05,211.47481,49.8,0.0
2026-07-25T17:02:49Z,2027-03-26,244,74000.0,P,0.2035,0.2205,0.2104,65923.8,64158.03,0.4094,-0.57077,2e-05,211.47481,55.0,0.0
2026-07-25T17:02:49Z,2027-03-26,244,76000.0,C,0.0775,0.079,0.0784,65923.8,64158.03,0.4072,0.39695,2e-05,207.65593,278.5,1.0
2026-07-25T17:02:49Z,2027-03-26,244,76000.0,P,0.2235,0.2425,0.2313,65923.8,64158.03,0.4072,-0.60305,2e-05,207.65593,19.2,0.0
2026-07-25T17:02:49Z,2027-03-26,244,78000.0,C,0.069,0.0705,0.0698,65923.8,64158.03,0.405,0.36583,2e-05,202.59549,374.4,1.0
2026-07-25T17:02:49Z,2027-03-26,244,78000.0,P,0.2455,0.2645,0.253,65923.8,64158.03,0.405,-0.63417,2e-05,202.59549,182.7,0.0
2026-07-25T17:02:49Z,2027-03-26,244,80000.0,C,0.0615,0.0635,0.0626,65923.8,64158.03,0.40509999999999996,0.33752,2e-05,196.78868,913.1,0.0
2026-07-25T17:02:49Z,2027-03-26,244,80000.0,P,0.268,0.2875,0.2761,65923.8,64158.03,0.40509999999999996,-0.66248,2e-05,196.78868,139.6,0.0
2026-07-25T17:02:49Z,2027-03-26,244,82000.0,C,0.0545,0.0565,0.0556,65923.8,64158.03,0.4035,0.30954,2e-05,189.88777,658.6,1.0
2026-07-25T17:02:49Z,2027-03-26,244,82000.0,P,0.245,0.372,0.2994,65923.8,64158.03,0.4035,-0.69046,2e-05,189.88777,3.8,0.0
2026-07-25T17:02:49Z,2027-03-26,244,84000.0,C,0.0485,0.0505,0.0496,65923.8,64158.03,0.4031,0.28393,2e-05,182.52292,237.7,20.0
2026-07-25T17:02:49Z,2027-03-26,244,84000.0,P,0.3155,0.336,0.3238,65923.58,64158.03,0.4031,-0.71607,2e-05,182.52126,55.1,0.0
2026-07-25T17:02:49Z,2027-03-26,244,85000.0,C,0.046,0.048,0.0471,65923.8,64158.03,0.4039,0.27249,2e-05,178.89808,55.1,16.5
2026-07-25T17:02:49Z,2027-03-26,244,85000.0,P,0.2805,0.4095,0.3364,65923.8,64158.03,0.4039,-0.72751,2e-05,178.89808,0.8,0.0
2026-07-25T17:02:49Z,2027-03-26,244,86000.0,C,0.0435,0.0455,0.0446,65923.8,64158.03,0.40409999999999996,0.26106,1e-05,175.06642,110.7,0.0
2026-07-25T17:02:49Z,2027-03-26,244,86000.0,P,0.2925,0.4225,0.3491,65923.8,64158.03,0.40409999999999996,-0.73894,1e-05,175.06642,1.7,0.0
2026-07-25T17:02:49Z,2027-03-26,244,88000.0,C,0.0385,0.0405,0.0396,65923.58,64158.03,0.4033,0.23824,1e-05,166.75747,58.4,0.0
2026-07-25T17:02:49Z,2027-03-26,244,88000.0,P,0.3175,0.448,0.3744,65923.58,64158.03,0.4033,-0.76176,1e-05,166.75747,4.4,0.0
2026-07-25T17:02:49Z,2027-03-26,244,90000.0,C,0.0345,0.036,0.0353,65923.8,64158.03,0.40340000000000004,0.21773,1e-05,158.52389,506.6,0.0
2026-07-25T17:02:49Z,2027-03-26,244,90000.0,P,0.343,0.4745,0.4005,65923.58,64158.03,0.40340000000000004,-0.78227,1e-05,158.52211,14.0,0.0
2026-07-25T17:02:49Z,2027-03-26,244,92000.0,C,0.0305,0.0325,0.0316,65923.8,64158.03,0.40369999999999995,0.19891,1e-05,150.28823,117.2,0.0
2026-07-25T17:02:49Z,2027-03-26,244,92000.0,P,0.369,0.502,0.4271,65923.8,64158.03,0.40369999999999995,-0.80109,1e-05,150.28823,0.2,0.0
2026-07-25T17:02:49Z,2027-03-26,244,94000.0,C,0.027,0.029,0.0281,65923.99,64158.03,0.40369999999999995,0.18122,1e-05,141.92641,123.5,0.0
2026-07-25T17:02:49Z,2027-03-26,244,94000.0,P,0.3955,0.5285,0.454,65923.8,64158.03,0.40369999999999995,-0.81878,1e-05,141.92525,9.0,0.0
2026-07-25T17:02:49Z,2027-03-26,244,95000.0,C,0.0255,0.0275,0.0265,65923.58,64158.03,0.40380000000000005,0.17297,1e-05,137.80603,176.4,0.0
2026-07-25T17:02:49Z,2027-03-26,244,95000.0,P,0.409,0.543,0.4676,65923.58,64158.03,0.40380000000000005,-0.82703,1e-05,137.80603,0.6,0.0
2026-07-25T17:02:49Z,2027-03-26,244,96000.0,C,0.0245,0.026,0.0253,65923.8,64158.03,0.40509999999999996,0.16595,1e-05,134.19397,126.4,0.0
2026-07-25T17:02:49Z,2027-03-26,244,96000.0,P,0.4225,0.557,0.4815,65923.8,64158.03,0.40509999999999996,-0.83405,1e-05,134.19397,1.5,0.0
2026-07-25T17:02:49Z,2027-03-26,244,98000.0,C,0.022,0.0235,0.0228,65923.8,64158.03,0.4064,0.15197,1e-05,126.67146,95.3,0.0
2026-07-25T17:02:49Z,2027-03-26,244,98000.0,P,0.4505,0.5845,0.5093,65923.8,64158.03,0.4064,-0.84803,1e-05,126.67146,0.2,0.0
2026-07-25T17:02:49Z,2027-03-26,244,100000.0,C,0.0195,0.021,0.0203,65923.8,64158.03,0.4065,0.13813,1e-05,118.78682,556.4,0.0
2026-07-25T17:02:49Z,2027-03-26,244,100000.0,P,0.4775,0.613,0.5372,65923.58,64158.03,0.4065,-0.86187,1e-05,118.78512,12.1,0.0
2026-07-25T17:02:49Z,2027-03-26,244,102000.0,C,0.0175,0.019,0.0183,65923.8,64158.03,0.4077,0.12636,1e-05,111.71099,105.8,0.0
2026-07-25T17:02:49Z,2027-03-26,244,102000.0,P,0.505,0.642,0.5655,65923.8,64158.03,0.4077,-0.87364,1e-05,111.71099,0.0,0.0
2026-07-25T17:02:49Z,2027-03-26,244,104000.0,C,0.0155,0.017,0.0163,65923.8,64158.03,0.4077,0.11467,1e-05,104.3283,101.2,4.0
2026-07-25T17:02:49Z,2027-03-26,244,104000.0,P,0.533,0.6705,0.5938,65923.8,64158.03,0.4077,-0.88533,1e-05,104.3283,0.0,0.0
2026-07-25T17:02:49Z,2027-03-26,244,105000.0,C,0.015,0.0165,0.0158,65923.99,64158.03,0.4104,0.11115,1e-05,102.03271,183.2,0.0
2026-07-25T17:02:49Z,2027-03-26,244,105000.0,P,0.548,0.6855,0.6085,65923.99,64158.03,0.4104,-0.88885,1e-05,102.03271,0.0,0.0
2026-07-25T17:02:49Z,2027-03-26,244,106000.0,C,0.014,0.0155,0.0149,65923.99,64158.03,0.4104,0.10589,1e-05,98.53382,46.6,0.0
2026-07-25T17:02:49Z,2027-03-26,244,106000.0,P,0.562,0.6995,0.6228,65923.99,64158.03,0.4104,-0.89411,1e-05,98.53382,0.0,0.0
2026-07-25T17:02:49Z,2027-03-26,244,108000.0,C,0.0125,0.014,0.0133,65923.8,64158.03,0.4104,0.09604,1e-05,91.76633,57.0,0.0
2026-07-25T17:02:49Z,2027-03-26,244,108000.0,P,0.5895,0.7285,0.6515,65923.99,64158.03,0.4104,-0.90395,1e-05,91.76762,0.0,0.0
2026-07-25T17:02:49Z,2027-03-26,244,110000.0,C,0.0115,0.0125,0.012,65923.99,64158.03,0.4121,0.08817,1e-05,86.13124,522.6,0.0
2026-07-25T17:02:49Z,2027-03-26,244,110000.0,P,0.619,0.7195,0.6806,65923.99,64158.03,0.4121,-0.91183,1e-05,86.13124,1.7,0.0
2026-07-25T17:02:49Z,2027-03-26,244,112000.0,C,0.01,0.0115,0.0108,65923.99,64158.03,0.4125,0.08013,1e-05,80.17161,63.2,0.0
2026-07-25T17:02:49Z,2027-03-26,244,112000.0,P,0.647,0.7875,0.7097,65923.99,64158.03,0.4125,-0.91987,1e-05,80.17161,0.0,0.0
2026-07-25T17:02:49Z,2027-03-26,244,115000.0,C,0.009,0.01,0.0094,65923.99,64158.03,0.41600000000000004,0.07113,1e-05,73.21161,764.1,0.0
2026-07-25T17:02:49Z,2027-03-26,244,115000.0,P,0.69,0.8325,0.7539,65923.99,64158.03,0.41600000000000004,-0.92887,1e-05,73.21161,0.9,0.0
2026-07-25T17:02:49Z,2027-03-26,244,120000.0,C,0.007,0.008,0.0075,65923.99,64158.03,0.4202,0.05786,1e-05,62.35236,327.1,0.0
2026-07-25T17:02:49Z,2027-03-26,244,120000.0,P,0.7625,0.908,0.8278,65923.8,64158.03,0.4202,-0.94214,1e-05,62.35136,1.0,0.0
2026-07-25T17:02:49Z,2027-03-26,244,125000.0,C,0.0055,0.0065,0.006,65923.99,64158.03,0.4243,0.04724,0.0,53.07837,120.7,0.0
2026-07-25T17:02:49Z,2027-03-26,244,125000.0,P,0.8345,0.984,0.9021,65923.99,64158.03,0.4243,-0.95276,0.0,53.07837,0.0,0.0
2026-07-25T17:02:49Z,2027-03-26,244,130000.0,C,0.0045,0.005,0.005,65923.99,64158.03,0.4304,0.0396,0.0,46.03707,1057.0,0.0
2026-07-25T17:02:49Z,2027-03-26,244,130000.0,P,0.908,1.06,0.977,65923.99,64158.03,0.4304,-0.9604,0.0,46.03707,0.2,0.0
2026-07-25T17:02:49Z,2027-03-26,244,140000.0,C,0.003,0.004,0.0035,65923.99,64158.03,0.44179999999999997,0.02832,0.0,34.9298,756.3,0.0
2026-07-25T17:02:49Z,2027-03-26,244,140000.0,P,1.0535,1.214,1.1272,65923.99,64158.03,0.44179999999999997,-0.97168,0.0,34.9298,0.0,0.0
2026-07-25T17:02:49Z,2027-03-26,244,150000.0,C,0.0021,0.0029,0.0024,65923.99,64158.03,0.45049999999999996,0.0202,0.0,26.29724,1897.5,0.1
2026-07-25T17:02:49Z,2027-03-26,244,150000.0,P,1.1995,1.3685,1.2778,65923.8,64158.03,0.45049999999999996,-0.9798,0.0,26.29674,0.5,0.0
2026-07-25T17:02:49Z,2027-03-26,244,160000.0,C,0.0015,0.0023,0.0018,65923.99,64158.03,0.46149999999999997,0.01526,0.0,20.69732,854.7,0.0
2026-07-25T17:02:49Z,2027-03-26,244,160000.0,P,1.346,1.525,1.4289,65923.8,64158.03,0.46149999999999997,-0.98474,0.0,20.69692,0.0,0.0
2026-07-25T17:02:49Z,2027-03-26,244,170000.0,C,0.0011,0.0017,0.0013,65923.99,64158.03,0.469,0.01129,0.0,15.95008,248.4,0.0
2026-07-25T17:02:49Z,2027-03-26,244,170000.0,P,1.492,1.6795,1.5801,65923.99,64158.03,0.469,-0.98871,0.0,15.95008,0.1,0.0
2026-07-25T17:02:49Z,2027-03-26,244,180000.0,C,0.0009,0.0014,0.0011,65923.99,64158.03,0.48100000000000004,0.00915,0.0,13.28519,643.8,0.0
2026-07-25T17:02:49Z,2027-03-26,244,180000.0,P,1.6395,1.8365,1.7315,65923.99,64158.03,0.48100000000000004,-0.99085,0.0,13.28519,0.0,0.0
2026-07-25T17:02:49Z,2027-03-26,244,190000.0,C,0.0007,0.0012,0.0009,65923.99,64158.03,0.4917,0.00746,0.0,11.10496,881.1,1.6
2026-07-25T17:02:49Z,2027-03-26,244,190000.0,P,1.7855,1.993,1.883,65923.99,64158.03,0.4917,-0.99254,0.0,11.10496,0.9,0.0
2026-07-25T17:02:49Z,2027-03-26,244,200000.0,C,0.0006,0.001,0.0008,65923.99,64158.03,0.5057,0.00657,0.0,9.92533,499.9,3.8
2026-07-25T17:02:49Z,2027-03-26,244,200000.0,P,1.932,2.1505,2.0346,65923.99,64158.03,0.5057,-0.99343,0.0,9.92533,1.0,0.0
2026-07-25T17:02:49Z,2027-06-25,335,30000.0,C,0.563,0.568,0.5654,66658.22,64158.03,0.6149,0.95058,0.0,65.21666,13.0,0.0
2026-07-25T17:02:49Z,2027-06-25,335,30000.0,P,0.0145,0.0165,0.0155,66658.22,64158.03,0.6149,-0.04942,0.0,65.21666,261.7,10.0
2026-07-25T17:02:49Z,2027-06-25,335,40000.0,C,0.429,0.4345,0.4314,66658.47,64158.03,0.5285,0.89656,1e-05,114.80018,0.1,0.0
2026-07-25T17:02:49Z,2027-06-25,335,40000.0,P,0.0305,0.0325,0.0314,66661.73,64158.03,0.5285,-0.10342,1e-05,114.79224,476.3,0.3
2026-07-25T17:02:49Z,2027-06-25,335,45000.0,C,0.3665,0.3725,0.3694,66658.52,64158.03,0.49829999999999997,0.85591,1e-05,144.85693,0.4,0.0
2026-07-25T17:02:49Z,2027-06-25,335,45000.0,P,0.0435,0.0455,0.0444,66658.47,64158.03,0.49829999999999997,-0.14409,1e-05,144.85706,227.5,0.0
2026-07-25T17:02:49Z,2027-06-25,335,50000.0,C,0.3095,0.3155,0.3121,66658.52,64158.03,0.47509999999999997,0.805,1e-05,175.9716,16.9,0.0
2026-07-25T17:02:49Z,2027-06-25,335,50000.0,P,0.061,0.0635,0.0622,66658.47,64158.03,0.47509999999999997,-0.195,1e-05,175.97172,33.0,0.1
2026-07-25T17:02:49Z,2027-06-25,335,52000.0,C,0.288,0.294,0.2906,66658.52,64158.03,0.4671,0.78198,1e-05,187.99756,0.6,0.0
2026-07-25T17:02:49Z,2027-06-25,335,52000.0,P,0.0695,0.072,0.0707,66658.52,64158.03,0.4671,-0.21802,1e-05,187.99756,18.0,0.0
2026-07-25T17:02:49Z,2027-06-25,335,54000.0,C,0.2675,0.2735,0.2702,66658.47,64158.03,0.4607,0.75741,1e-05,199.57208,0.3,0.0
2026-07-25T17:02:49Z,2027-06-25,335,54000.0,P,0.079,0.0815,0.0803,66658.52,64158.03,0.4607,-0.24259,1e-05,199.57199,17.0,0.0
2026-07-25T17:02:49Z,2027-06-25,335,55000.0,C,0.2575,0.2635,0.2603,66658.47,64158.03,0.4573,0.74473,1e-05,205.05898,0.2,0.0
2026-07-25T17:02:49Z,2027-06-25,335,55000.0,P,0.084,0.087,0.0854,66658.47,64158.03,0.4573,-0.25527,1e-05,205.05898,6.3,0.0
2026-07-25T17:02:49Z,2027-06-25,335,56000.0,C,0.248,0.254,0.2507,66658.47,64158.03,0.4546,0.73169,1e-05,210.369,2.7,0.0
2026-07-25T17:02:49Z,2027-06-25,335,56000.0,P,0.0895,0.0925,0.0909,66658.52,64158.03,0.4546,-0.26831,1e-05,210.36893,40.7,0.0
2026-07-25T17:02:49Z,2027-06-25,335,58000.0,C,0.2295,0.2355,0.2322,66658.47,64158.03,0.449,0.70492,1e-05,220.24271,4.7,0.0
2026-07-25T17:02:49Z,2027-06-25,335,58000.0,P,0.101,0.104,0.1023,66658.47,64158.03,0.449,-0.29508,1e-05,220.24271,14.9,2.0
2026-07-25T17:02:49Z,2027-06-25,335,60000.0,C,0.212,0.218,0.2145,66658.52,64158.03,0.4436,0.67729,1e-05,229.04526,943.0,0.0
2026-07-25T17:02:49Z,2027-06-25,335,60000.0,P,0.113,0.1165,0.1147,66658.52,64158.03,0.4436,-0.32271,1e-05,229.04526,320.6,2.0
2026-07-25T17:02:49Z,2027-06-25,335,62000.0,C,0.1955,0.2015,0.198,66658.47,64158.03,0.4391,0.64897,1e-05,236.65783,94.2,0.1
2026-07-25T17:02:49Z,2027-06-25,335,62000.0,P,0.1265,0.13,0.1281,66658.52,64158.03,0.4391,-0.35103,1e-05,236.65785,15.3,0.0
2026-07-25T17:02:49Z,2027-06-25,335,64000.0,C,0.18,0.184,0.1823,66661.75,64158.03,0.4349,0.62022,1e-05,242.98343,16.5,0.1
2026-07-25T17:02:49Z,2027-06-25,335,64000.0,P,0.1405,0.1445,0.1425,66661.75,64158.03,0.4349,-0.37978,1e-05,242.98343,13.9,0.0
2026-07-25T17:02:49Z,2027-06-25,335,66000.0,C,0.166,0.1695,0.1677,66661.75,64158.03,0.4311,0.59116,1e-05,247.9574,22.9,0.0
2026-07-25T17:02:49Z,2027-06-25,335,66000.0,P,0.156,0.16,0.1578,66661.75,64158.03,0.4311,-0.40884,1e-05,247.9574,32.1,0.0
2026-07-25T17:02:49Z,2027-06-25,335,68000.0,C,0.152,0.156,0.1541,66661.75,64158.03,0.4279,0.56212,1e-05,251.54183,7.9,0.4
2026-07-25T17:02:49Z,2027-06-25,335,68000.0,P,0.1725,0.1765,0.1742,66661.75,64158.03,0.4279,-0.43788,1e-05,251.54183,7.7,0.0
2026-07-25T17:02:49Z,2027-06-25,335,70000.0,C,0.1395,0.143,0.1414,66658.65,64158.03,0.425,0.53318,1e-05,253.74206,184.8,0.0
2026-07-25T17:02:49Z,2027-06-25,335,70000.0,P,0.1895,0.194,0.1915,66661.75,64158.03,0.425,-0.46677,1e-05,253.75145,9.1,0.0
2026-07-25T17:02:49Z,2027-06-25,335,72000.0,C,0.128,0.1315,0.1298,66658.65,64158.03,0.4229,0.50484,1e-05,254.60444,13.8,0.0
2026-07-25T17:02:49Z,2027-06-25,335,72000.0,P,0.2015,0.2205,0.2099,66661.75,64158.03,0.4229,-0.49511,1e-05,254.61592,1.3,0.0
2026-07-25T17:02:49Z,2027-06-25,335,74000.0,C,0.1175,0.1205,0.1189,66661.75,64158.03,0.4207,0.47694,1e-05,254.20943,12.9,0.0
2026-07-25T17:02:49Z,2027-06-25,335,74000.0,P,0.2205,0.24,0.229,66661.75,64158.03,0.4207,-0.52306,1e-05,254.20943,0.1,0.0
2026-07-25T17:02:49Z,2027-06-25,335,76000.0,C,0.1075,0.1105,0.1089,66658.65,64158.03,0.4189,0.44967,1e-05,252.5945,13.5,0.3
2026-07-25T17:02:49Z,2027-06-25,335,76000.0,P,0.24,0.2605,0.249,66658.65,64158.03,0.4189,-0.55033,1e-05,252.5945,0.1,0.0
2026-07-25T17:02:49Z,2027-06-25,335,78000.0,C,0.098,0.101,0.0996,66661.75,64158.03,0.4172,0.42327,1e-05,249.91067,8.9,0.0
2026-07-25T17:02:49Z,2027-06-25,335,78000.0,P,0.2605,0.282,0.2698,66658.65,64158.03,0.4172,-0.57678,1e-05,249.89341,0.3,0.0
2026-07-25T17:02:49Z,2027-06-25,335,80000.0,C,0.0895,0.0925,0.0911,66661.75,64158.03,0.4158,0.39776,1e-05,246.22712,60.8,0.0
2026-07-25T17:02:49Z,2027-06-25,335,80000.0,P,0.2815,0.304,0.2913,66661.75,64158.03,0.4158,-0.60224,1e-05,246.22712,0.4,0.0
2026-07-25T17:02:49Z,2027-06-25,335,82000.0,C,0.082,0.085,0.0836,66662.79,64158.03,0.4153,0.37375,1e-05,241.7798,23.3,0.0
2026-07-25T17:02:49Z,2027-06-25,335,82000.0,P,0.304,0.3265,0.3137,66661.73,64158.03,0.4153,-0.62626,1e-05,241.77284,0.1,0.0
2026-07-25T17:02:49Z,2027-06-25,335,84000.0,C,0.075,0.0775,0.0763,66662.79,64158.03,0.4139,0.35009,1e-05,236.44168,2.1,0.0
2026-07-25T17:02:49Z,2027-06-25,335,84000.0,P,0.3265,0.3495,0.3364,66661.73,64158.03,0.4139,-0.64993,1e-05,236.43426,0.0,0.0
2026-07-25T17:02:49Z,2027-06-25,335,85000.0,C,0.0715,0.0745,0.0731,66662.79,64158.03,0.4139,0.33906,1e-05,233.62515,7.4,0.0
2026-07-25T17:02:49Z,2027-06-25,335,85000.0,P,0.338,0.3615,0.3482,66662.79,64158.03,0.4139,-0.66094,1e-05,233.62515,4.5,0.0
2026-07-25T17:02:49Z,2027-06-25,335,86000.0,C,0.0685,0.071,0.0698,66661.73,64158.03,0.41340000000000005,0.32792,1e-05,230.5615,1.6,0.0
2026-07-25T17:02:49Z,2027-06-25,335,86000.0,P,0.2995,0.44,0.36,66662.79,64158.03,0.41340000000000005,-0.67207,1e-05,230.5693,0.0,0.0
2026-07-25T17:02:49Z,2027-06-25,335,88000.0,C,0.0625,0.065,0.0638,66661.73,64158.03,0.4127,0.30669,1e-05,224.12132,2.8,0.0
2026-07-25T17:02:49Z,2027-06-25,335,88000.0,P,0.3235,0.465,0.384,66661.73,64158.03,0.4127,-0.69331,1e-05,224.12132,0.0,0.0
2026-07-25T17:02:49Z,2027-06-25,335,90000.0,C,0.057,0.06,0.0584,66662.79,64158.03,0.4122,0.28664,1e-05,217.28938,75.0,0.0
2026-07-25T17:02:49Z,2027-06-25,335,90000.0,P,0.347,0.49,0.4085,66662.79,64158.03,0.4122,-0.71336,1e-05,217.28938,0.3,0.0
2026-07-25T17:02:49Z,2027-06-25,335,92000.0,C,0.052,0.055,0.0535,66661.73,64158.03,0.41229999999999994,0.26805,1e-05,210.27467,1.0,0.0
2026-07-25T17:02:49Z,2027-06-25,335,92000.0,P,0.372,0.516,0.4337,66662.79,64158.03,0.41229999999999994,-0.73194,1e-05,210.28326,0.0,0.0
2026-07-25T17:02:49Z,2027-06-25,335,95000.0,C,0.0455,0.048,0.0468,66661.73,64158.03,0.4117,0.24148,1e-05,199.08834,10.6,0.0
2026-07-25T17:02:49Z,2027-06-25,335,95000.0,P,0.409,0.5545,0.472,66661.73,64158.03,0.4117,-0.75852,1e-05,199.08834,20.0,0.0
2026-07-25T17:02:49Z,2027-06-25,335,100000.0,C,0.0365,0.039,0.0378,66661.73,64158.03,0.4125,0.20344,1e-05,180.52648,59.3,5.1
2026-07-25T17:02:49Z,2027-06-25,335,100000.0,P,0.474,0.622,0.538,66661.73,64158.03,0.4125,-0.79656,1e-05,180.52648,0.0,0.0
2026-07-25T17:02:49Z,2027-06-25,335,105000.0,C,0.0295,0.032,0.0308,66662.79,64158.03,0.4142,0.17177,1e-05,162.59262,47.1,0.0
2026-07-25T17:02:49Z,2027-06-25,335,105000.0,P,0.5405,0.6905,0.606,66662.79,64158.03,0.4142,-0.82823,1e-05,162.59262,0.0,0.0
2026-07-25T17:02:49Z,2027-06-25,335,110000.0,C,0.0235,0.025,0.0247,66661.73,64158.03,0.4142,0.14355,1e-05,144.49458,62.6,0.0
2026-07-25T17:02:49Z,2027-06-25,335,110000.0,P,0.608,0.7595,0.675,66662.79,64158.03,0.4142,-0.85644,1e-05,144.50304,0.2,0.0
2026-07-25T17:02:49Z,2027-06-25,335,120000.0,C,0.0155,0.018,0.0168,66662.98,64158.03,0.41859999999999997,0.10274,1e-05,114.24648,48.0,0.2
2026-07-25T17:02:49Z,2027-06-25,335,120000.0,P,0.7485,0.9035,0.817,66663.22,64158.03,0.41859999999999997,-0.89726,1e-05,114.24863,0.0,0.0
2026-07-25T17:02:49Z,2027-06-25,335,130000.0,C,0.0105,0.0125,0.0115,66662.74,64158.03,0.4228,0.07392,1e-05,89.35511,67.0,0.1
2026-07-25T17:02:49Z,2027-06-25,335,130000.0,P,0.889,1.0505,0.9617,66663.22,64158.03,0.4228,-0.92608,1e-05,89.35806,0.0,0.0
2026-07-25T17:02:49Z,2027-06-25,335,140000.0,C,0.0075,0.0095,0.0085,66663.22,64158.03,0.4314,0.05594,0.0,71.957,106.5,0.0
2026-07-25T17:02:49Z,2027-06-25,335,140000.0,P,1.0335,1.2015,1.1087,66663.22,64158.03,0.4314,-0.94406,0.0,71.957,0.0,0.0
2026-07-25T17:02:49Z,2027-06-25,335,150000.0,C,0.0055,0.006,0.006,66663.22,64158.03,0.43450000000000005,0.04082,0.0,55.91961,85.5,0.0
2026-07-25T17:02:49Z,2027-06-25,335,150000.0,P,1.176,1.351,1.2562,66663.22,64158.03,0.43450000000000005,-0.95918,0.0,55.91961,0.0,0.0
2026-07-25T17:02:49Z,2027-06-25,335,160000.0,C,0.004,0.0045,0.0044,66663.22,64158.03,0.4396,0.03075,0.0,44.33095,492.8,0.1
2026-07-25T17:02:49Z,2027-06-25,335,160000.0,P,1.3215,1.503,1.4047,66663.22,64158.03,0.4396,-0.96925,0.0,44.33095,0.0,0.0
2026-07-25T17:02:49Z,2027-06-25,335,170000.0,C,0.003,0.004,0.0035,66663.22,64158.03,0.4485,0.02471,0.0,36.93779,7.7,0.0
2026-07-25T17:02:49Z,2027-06-25,335,170000.0,P,1.4655,1.658,1.5538,66663.22,64158.03,0.4485,-0.97529,0.0,36.93779,0.0,0.0
