snapshot_ts,expiry,days_to_expiry,strike,option_type,bid,ask,mark_price,forward_price,index_price,implied_vol,delta,gamma,vega,open_interest,volume_24h
2026-08-23T16:30:02Z,2026-08-24,1,62000.0,C,0.195,0.2,0.198,77302.04,77305.83,0.7781,1.0,0.0,0.0,0.0,0.0
2026-08-23T16:30:02Z,2026-08-24,1,62000.0,P,0.0,0.0001,0.0,77302.18,77305.83,0.7781,0.0,0.0,0.0,1.3,0.0
2026-08-23T16:30:02Z,2026-08-24,1,63000.0,C,0.182,0.187,0.185,77302.18,77305.83,0.7779,1.0,0.0,0.0,0.0,0.0
2026-08-23T16:30:02Z,2026-08-24,1,63000.0,P,0.0,0.0001,0.0,77302.18,77305.83,0.7779,0.0,0.0,0.0,1.7,0.0
2026-08-23T16:30:02Z,2026-08-24,1,64000.0,C,0.169,0.174,0.1721,77302.18,77305.83,0.7779,1.0,0.0,0.0,0.0,0.0
2026-08-23T16:30:02Z,2026-08-24,1,64000.0,P,0.0,0.0001,0.0,77302.18,77305.83,0.7779,0.0,0.0,0.0,1.8,0.0
2026-08-23T16:30:02Z,2026-08-24,1,65000.0,C,0.156,0.161,0.1591,77302.18,77305.83,0.7775,1.0,0.0,1e-05,2.2,0.0
2026-08-23T16:30:02Z,2026-08-24,1,65000.0,P,0.0,0.0001,0.0,77302.18,77305.83,0.7775,0.0,0.0,1e-05,11.1,0.0
2026-08-23T16:30:02Z,2026-08-24,1,66000.0,C,0.143,0.1485,0.1462,77302.18,77305.83,0.7775,1.0,0.0,0.0001,0.0,0.0
2026-08-23T16:30:02Z,2026-08-24,1,66000.0,P,0.0,0.0001,0.0,77302.18,77305.83,0.7775,0.0,0.0,0.0001,3.8,0.0
2026-08-23T16:30:02Z,2026-08-24,1,67000.0,C,0.13,0.1355,0.1333,77302.04,77305.83,0.7679,1.0,0.0,0.00067,0.0,0.0
2026-08-23T16:30:02Z,2026-08-24,1,67000.0,P,0.0,0.0001,0.0,77302.18,77305.83,0.7679,0.0,0.0,0.00067,9.5,8.2
2026-08-23T16:30:02Z,2026-08-24,1,67500.0,C,0.1235,0.129,0.1268,77302.18,77305.83,0.755,0.99999,0.0,0.00133,0.0,0.0
2026-08-23T16:30:02Z,2026-08-24,1,67500.0,P,0.0,0.0001,0.0,77302.18,77305.83,0.755,-1e-05,0.0,0.00133,11.0,10.1
2026-08-23T16:30:02Z,2026-08-24,1,68000.0,C,0.117,0.1225,0.1203,77302.18,77305.83,0.7458,0.99998,0.0,0.00287,0.0,0.0
2026-08-23T16:30:02Z,2026-08-24,1,68000.0,P,0.0,0.0001,0.0,77302.18,77305.83,0.7458,-2e-05,0.0,0.00287,55.1,15.0
2026-08-23T16:30:02Z,2026-08-24,1,68500.0,C,0.1105,0.116,0.1139,77302.18,77305.83,0.7456,0.99995,0.0,0.00725,0.0,0.0
2026-08-23T16:30:02Z,2026-08-24,1,68500.0,P,0.0,0.0001,0.0,77302.18,77305.83,0.7456,-5e-05,0.0,0.00725,5.6,0.0
2026-08-23T16:30:02Z,2026-08-24,1,69000.0,C,0.104,0.1095,0.1074,77302.18,77305.83,0.728,0.9999,0.0,0.01258,0.0,0.0
2026-08-23T16:30:02Z,2026-08-24,1,69000.0,P,0.0,0.0001,0.0,77302.18,77305.83,0.728,-0.0001,0.0,0.01258,37.1,0.0
2026-08-23T16:30:02Z,2026-08-24,1,69500.0,C,0.0975,0.103,0.1009,77302.18,77305.83,0.7216,0.99978,0.0,0.0264,0.0,0.0
2026-08-23T16:30:02Z,2026-08-24,1,69500.0,P,0.0,0.0001,0.0,77302.18,77305.83,0.7216,-0.00022,0.0,0.0264,31.1,0.0
2026-08-23T16:30:02Z,2026-08-24,1,70000.0,C,0.091,0.097,0.0945,77302.18,77305.83,0.7192000000000001,0.99951,0.0,0.05693,0.0,0.0
2026-08-23T16:30:02Z,2026-08-24,1,70000.0,P,0.0,0.0001,0.0,77302.18,77305.83,0.7192000000000001,-0.00049,0.0,0.05693,35.3,1.3
2026-08-23T16:30:02Z,2026-08-24,1,70500.0,C,0.0845,0.0905,0.088,77302.18,77305.83,0.7191,0.99889,0.0,0.12011,0.4,0.0
2026-08-23T16:30:02Z,2026-08-24,1,70500.0,P,0.0,0.0001,0.0,77302.18,77305.83,0.7191,-0.00111,0.0,0.12011,21.4,5.5
2026-08-23T16:30:02Z,2026-08-24,1,71000.0,C,0.078,0.084,0.0815,77302.72,77305.83,0.7191,0.99765,0.0,0.23875,2.0,0.0
2026-08-23T16:30:02Z,2026-08-24,1,71000.0,P,0.0,0.0001,0.0,77302.72,77305.83,0.7191,-0.00235,0.0,0.23875,65.7,11.6
2026-08-23T16:30:02Z,2026-08-24,1,71500.0,C,0.0715,0.0775,0.0751,77302.72,77305.83,0.7190000000000001,0.99527,1e-05,0.44715,4.2,0.0
2026-08-23T16:30:02Z,2026-08-24,1,71500.0,P,0.0,0.0001,0.0,77302.72,77305.83,0.7190000000000001,-0.00473,1e-05,0.44715,30.5,0.4
2026-08-23T16:30:02Z,2026-08-24,1,72000.0,C,0.0675,0.07,0.0687,77302.72,77305.83,0.6937000000000001,0.99285,1e-05,0.64539,86.3,0.0
2026-08-23T16:30:02Z,2026-08-24,1,72000.0,P,0.0,0.0002,0.0001,77302.72,77305.83,0.6937000000000001,-0.00715,1e-05,0.64539,59.5,14.0
2026-08-23T16:30:02Z,2026-08-24,1,72500.0,C,0.0595,0.0645,0.0622,77302.72,77305.83,0.6524,0.99064,1e-05,0.81833,3.3,0.0
2026-08-23T16:30:02Z,2026-08-24,1,72500.0,P,0.0,0.0002,0.0001,77302.72,77305.83,0.6524,-0.00936,1e-05,0.81833,37.3,36.3
2026-08-23T16:30:02Z,2026-08-24,1,73000.0,C,0.053,0.0575,0.0558,77302.72,77305.83,0.6247,0.98583,2e-05,1.1723,4.7,0.0
2026-08-23T16:30:02Z,2026-08-24,1,73000.0,P,0.0001,0.0003,0.0001,77302.72,77305.83,0.6247,-0.01417,2e-05,1.17243,118.0,51.2
2026-08-23T16:30:02Z,2026-08-24,1,73500.0,C,0.0455,0.052,0.0494,77302.72,77305.83,0.5802,0.9812,2e-05,1.49376,1.0,0.1
2026-08-23T16:30:02Z,2026-08-24,1,73500.0,P,0.0001,0.0003,0.0002,77302.72,77305.83,0.5802,-0.0188,2e-05,1.49391,23.4,6.9
2026-08-23T16:30:02Z,2026-08-24,1,74000.0,C,0.0415,0.0445,0.043,77302.72,77305.83,0.5511,0.97096,4e-05,2.15362,10.4,0.2
2026-08-23T16:30:02Z,2026-08-24,1,74000.0,P,0.0001,0.0004,0.0003,77302.72,77305.83,0.5511,-0.02905,4e-05,2.15389,114.4,57.2
2026-08-23T16:30:02Z,2026-08-24,1,74500.0,C,0.035,0.038,0.0366,77302.72,77305.83,0.5105,0.95824,5e-05,2.90193,22.1,0.0
2026-08-23T16:30:02Z,2026-08-24,1,74500.0,P,0.0003,0.0005,0.0004,77302.72,77305.83,0.5105,-0.04177,5e-05,2.90215,312.8,191.6
2026-08-23T16:30:02Z,2026-08-24,1,75000.0,C,0.029,0.032,0.0304,77302.72,77305.83,0.4886,0.93079,8e-05,4.3279,10.8,0.2
2026-08-23T16:30:02Z,2026-08-24,1,75000.0,P,0.0005,0.0008,0.0006,77302.72,77305.83,0.4886,-0.06921,8e-05,4.32795,357.0,78.8
2026-08-23T16:30:02Z,2026-08-24,1,75500.0,C,0.021,0.027,0.0244,77302.72,77305.83,0.47159999999999996,0.88483,0.00013,6.31816,1.2,0.0
2026-08-23T16:30:02Z,2026-08-24,1,75500.0,P,0.0009,0.0013,0.0011,77302.72,77305.83,0.47159999999999996,-0.11517,0.00013,6.31826,156.9,35.7
2026-08-23T16:30:02Z,2026-08-24,1,76000.0,C,0.018,0.02,0.0189,77302.72,77305.83,0.46240000000000003,0.81152,0.00018,8.78038,216.8,27.8
2026-08-23T16:30:02Z,2026-08-24,1,76000.0,P,0.0018,0.0023,0.002,77302.72,77305.83,0.46240000000000003,-0.18848,0.00018,8.78041,141.4,22.5
2026-08-23T16:30:02Z,2026-08-24,1,76500.0,C,0.013,0.015,0.014,77302.72,77305.83,0.46159999999999995,0.70791,0.00023,11.168,110.4,74.7
2026-08-23T16:30:02Z,2026-08-24,1,76500.0,P,0.0033,0.0039,0.0036,77302.72,77305.83,0.46159999999999995,-0.29209,0.00023,11.168,231.8,267.8
2026-08-23T16:30:02Z,2026-08-24,1,77000.0,C,0.0095,0.0105,0.01,77302.55,77305.83,0.4694,0.58257,0.00026,12.69344,159.0,138.7
2026-08-23T16:30:02Z,2026-08-24,1,77000.0,P,0.0055,0.0065,0.0061,77302.55,77305.83,0.4694,-0.41743,0.00026,12.69345,46.4,49.4
2026-08-23T16:30:02Z,2026-08-24,1,77500.0,C,0.0065,0.0075,0.0069,77302.55,77305.83,0.48369999999999996,0.45414,0.00025,12.8865,113.7,77.3
2026-08-23T16:30:02Z,2026-08-24,1,77500.0,P,0.009,0.01,0.0095,77302.55,77305.83,0.4836,-0.54586,0.00025,12.8865,73.9,39.6
2026-08-23T16:30:02Z,2026-08-24,1,78000.0,C,0.0043,0.0048,0.0047,77302.55,77305.83,0.4999,0.33846,0.00023,11.89377,147.1,125.8
2026-08-23T16:30:02Z,2026-08-24,1,78000.0,P,0.012,0.0145,0.0137,77302.55,77305.83,0.4999,-0.66153,0.00023,11.89383,42.5,21.4
2026-08-23T16:30:02Z,2026-08-24,1,78500.0,C,0.0028,0.0032,0.0031,77302.55,77305.83,0.5203,0.24467,0.00019,10.21471,94.1,127.5
2026-08-23T16:30:02Z,2026-08-24,1,78500.0,P,0.017,0.0195,0.0186,77302.55,77305.83,0.5204,-0.75532,0.00019,10.21492,0.0,0.0
2026-08-23T16:30:02Z,2026-08-24,1,79000.0,C,0.0019,0.0022,0.0021,77302.55,77305.83,0.544,0.17419,0.00015,8.35741,55.6,53.4
2026-08-23T16:30:02Z,2026-08-24,1,79000.0,P,0.0225,0.026,0.0241,77302.55,77305.83,0.544,-0.8258,0.00015,8.3576,6.7,0.3
2026-08-23T16:30:02Z,2026-08-24,1,79500.0,C,0.0013,0.0016,0.0015,77302.55,77305.83,0.5717,0.12435,0.00011,6.66945,79.4,51.9
2026-08-23T16:30:02Z,2026-08-24,1,79500.0,P,0.0275,0.0335,0.0299,77302.55,77305.83,0.5717,-0.87565,0.00011,6.66945,0.0,0.0
2026-08-23T16:30:02Z,2026-08-24,1,80000.0,C,0.0008,0.001,0.001,77302.55,77305.83,0.5911,0.08582,8e-05,5.0962,384.2,147.1
2026-08-23T16:30:02Z,2026-08-24,1,80000.0,P,0.0335,0.04,0.0359,77302.55,77305.83,0.5911,-0.91418,8e-05,5.0962,0.0,0.0
2026-08-23T16:30:02Z,2026-08-24,1,80500.0,C,0.0006,0.0008,0.0007,77302.72,77305.83,0.6307,0.06497,6e-05,4.12171,53.2,55.4
2026-08-23T16:30:02Z,2026-08-24,1,80500.0,P,0.0395,0.0455,0.0421,77302.55,77305.83,0.6307,-0.93504,6e-05,4.12118,0.0,0.0
2026-08-23T16:30:02Z,2026-08-24,1,81000.0,C,0.0004,0.0006,0.0005,77302.55,77305.83,0.6557999999999999,0.04649,5e-05,3.16414,179.3,63.5
2026-08-23T16:30:02Z,2026-08-24,1,81000.0,P,0.046,0.0525,0.0484,77302.55,77305.83,0.6557999999999999,-0.95351,5e-05,3.16414,0.0,0.0
2026-08-23T16:30:02Z,2026-08-24,1,82000.0,C,0.0002,0.0004,0.0003,77302.55,77305.83,0.7171,0.02615,3e-05,1.97354,97.7,88.3
2026-08-23T16:30:02Z,2026-08-24,1,82000.0,P,0.0585,0.065,0.0611,77302.55,77305.83,0.7171,-0.97385,3e-05,1.97354,0.0,0.0
2026-08-23T16:30:02Z,2026-08-24,1,83000.0,C,0.0,0.0003,0.0002,77302.55,77305.83,0.77,0.01465,1e-05,1.2069,84.6,89.1
2026-08-23T16:30:02Z,2026-08-24,1,83000.0,P,0.0715,0.078,0.0739,77302.55,77305.83,0.77,-0.98535,1e-05,1.2069,0.0,0.0
2026-08-23T16:30:02Z,2026-08-24,1,84000.0,C,0.0,0.0002,0.0001,77302.55,77305.83,0.841,0.00988,1e-05,0.85739,35.1,35.8
2026-08-23T16:30:02Z,2026-08-24,1,84000.0,P,0.084,0.09,0.0868,77302.55,77305.83,0.841,-0.99012,1e-05,0.85739,4.6,0.0
2026-08-23T16:30:02Z,2026-08-24,1,85000.0,C,0.0,0.0001,0.0,77302.55,77305.83,0.8436,0.00394,0.0,0.37996,27.1,10.9
2026-08-23T16:30:02Z,2026-08-24,1,85000.0,P,0.097,0.104,0.0996,77302.48,77305.83,0.8436,-0.99606,0.0,0.37994,0.0,0.0
2026-08-23T16:30:02Z,2026-08-24,1,86000.0,C,0.0,0.0001,0.0,77302.48,77305.83,0.8495999999999999,0.00151,0.0,0.15978,18.3,5.0
2026-08-23T16:30:02Z,2026-08-24,1,86000.0,P,0.11,0.1165,0.1125,77302.48,77305.83,0.8495999999999999,-0.99849,0.0,0.15978,0.0,0.0
2026-08-23T16:30:02Z,2026-08-24,1,87000.0,C,0.0,0.0001,0.0,77302.48,77305.83,0.8499,0.0005,0.0,0.05831,36.9,0.0
2026-08-23T16:30:02Z,2026-08-24,1,87000.0,P,0.123,0.1295,0.1255,77302.48,77305.83,0.8499,-0.9995,0.0,0.05831,0.0,0.0
2026-08-23T16:30:02Z,2026-08-25,2,68000.0,C,0.1175,0.123,0.1207,77327.95,77305.83,0.7743000000000001,0.99376,0.0,0.91401,0.0,0.0
2026-08-23T16:30:02Z,2026-08-25,2,68000.0,P,0.0,0.0002,0.0001,77327.95,77305.83,0.7743000000000001,-0.00624,0.0,0.91401,36.4,24.0
2026-08-23T16:30:02Z,2026-08-25,2,69000.0,C,0.1045,0.11,0.1078,77327.84,77305.83,0.7162000000000001,0.99166,1e-05,1.18113,0.0,0.0
2026-08-23T16:30:02Z,2026-08-25,2,69000.0,P,0.0,0.0003,0.0001,77327.95,77305.83,0.7162000000000001,-0.00834,1e-05,1.18104,61.0,2.1
2026-08-23T16:30:02Z,2026-08-25,2,70000.0,C,0.0915,0.0975,0.0949,77327.84,77305.83,0.6587000000000001,0.98848,1e-05,1.56509,0.0,0.0
2026-08-23T16:30:02Z,2026-08-25,2,70000.0,P,0.0001,0.0004,0.0002,77327.84,77305.83,0.6587999999999999,-0.01152,1e-05,1.56552,38.7,6.5
2026-08-23T16:30:02Z,2026-08-25,2,71000.0,C,0.0785,0.0845,0.0821,77327.91,77305.83,0.614,0.98175,1e-05,2.32605,1.0,0.0
2026-08-23T16:30:02Z,2026-08-25,2,71000.0,P,0.0002,0.0005,0.0003,77327.84,77305.83,0.614,-0.01825,1e-05,2.32616,92.7,0.4
2026-08-23T16:30:02Z,2026-08-25,2,72000.0,C,0.066,0.0715,0.0693,77327.91,77305.83,0.5710999999999999,0.97,2e-05,3.53301,0.0,0.0
2026-08-23T16:30:02Z,2026-08-25,2,72000.0,P,0.0004,0.0006,0.0005,77327.91,77305.83,0.5710999999999999,-0.03,2e-05,3.53301,40.4,29.4
2026-08-23T16:30:02Z,2026-08-25,2,73000.0,C,0.053,0.059,0.0567,77327.84,77305.83,0.5217,0.95171,4e-05,5.20884,0.0,0.0
2026-08-23T16:30:02Z,2026-08-25,2,73000.0,P,0.0007,0.0008,0.0007,77327.91,77305.83,0.5217,-0.04829,4e-05,5.20871,46.2,5.1
2026-08-23T16:30:02Z,2026-08-25,2,73500.0,C,0.047,0.053,0.0505,77327.84,77305.83,0.5094,0.93337,5e-05,6.71185,1.0,0.0
2026-08-23T16:30:02Z,2026-08-25,2,73500.0,P,0.0009,0.0011,0.001,77327.91,77305.83,0.5094,-0.06663,5e-05,6.71148,31.6,13.5
2026-08-23T16:30:02Z,2026-08-25,2,74000.0,C,0.041,0.047,0.0444,77327.84,77305.83,0.4953,0.90974,6e-05,8.45061,0.4,0.4
2026-08-23T16:30:02Z,2026-08-25,2,74000.0,P,0.0013,0.0016,0.0014,77327.84,77305.83,0.4953,-0.09026,6e-05,8.45061,95.4,16.1
2026-08-23T16:30:02Z,2026-08-25,2,74500.0,C,0.035,0.042,0.0386,77327.91,77305.83,0.4841,0.87743,8e-05,10.54315,1.0,0.0
2026-08-23T16:30:02Z,2026-08-25,2,74500.0,P,0.0018,0.0022,0.002,77327.91,77305.83,0.4841,-0.12257,8e-05,10.54315,38.4,16.6
2026-08-23T16:30:02Z,2026-08-25,2,75000.0,C,0.032,0.0345,0.0329,77327.91,77305.83,0.47600000000000003,0.83454,0.0001,12.91279,25.4,0.0
2026-08-23T16:30:02Z,2026-08-25,2,75000.0,P,0.0026,0.0031,0.0028,77327.91,77305.83,0.47600000000000003,-0.16546,0.0001,12.91279,64.7,49.0
2026-08-23T16:30:02Z,2026-08-25,2,75500.0,C,0.0265,0.029,0.0277,77327.91,77305.83,0.47130000000000005,0.77984,0.00012,15.38117,0.8,0.0
2026-08-23T16:30:02Z,2026-08-25,2,75500.0,P,0.0037,0.0043,0.0041,77327.91,77305.83,0.47130000000000005,-0.22016,0.00012,15.38117,84.9,88.0
2026-08-23T16:30:02Z,2026-08-25,2,76000.0,C,0.022,0.024,0.0229,77327.84,77305.83,0.4703,0.71372,0.00014,17.66651,0.4,0.0
2026-08-23T16:30:02Z,2026-08-25,2,76000.0,P,0.005,0.006,0.0057,77327.91,77305.83,0.4703,-0.28627,0.00014,17.66624,59.5,15.1
2026-08-23T16:30:02Z,2026-08-25,2,76500.0,C,0.0175,0.0195,0.0186,77327.91,77305.83,0.46950000000000003,0.63952,0.00015,19.43534,17.5,0.0
2026-08-23T16:30:02Z,2026-08-25,2,76500.0,P,0.0075,0.0085,0.0079,77327.91,77305.83,0.46950000000000003,-0.36048,0.00015,19.43534,81.5,11.4
2026-08-23T16:30:02Z,2026-08-25,2,77000.0,C,0.014,0.0155,0.0149,77330.11,77305.83,0.4738,0.55976,0.00016,20.4831,25.6,1.9
2026-08-23T16:30:02Z,2026-08-25,2,77000.0,P,0.01,0.011,0.0107,77330.11,77305.83,0.4738,-0.44024,0.00016,20.4831,79.7,54.9
2026-08-23T16:30:02Z,2026-08-25,2,77500.0,C,0.0115,0.0125,0.0119,77330.11,77305.83,0.4826,0.47945,0.00016,20.68849,306.2,20.0
2026-08-23T16:30:02Z,2026-08-25,2,77500.0,P,0.0135,0.0145,0.0141,77330.11,77305.83,0.4826,-0.52055,0.00016,20.68849,245.1,27.4
2026-08-23T16:30:02Z,2026-08-25,2,78000.0,C,0.0085,0.0095,0.0092,77330.11,77305.83,0.4877,0.40246,0.00015,20.09368,144.2,34.3
2026-08-23T16:30:02Z,2026-08-25,2,78000.0,P,0.017,0.0185,0.0179,77330.11,77305.83,0.4877,-0.59754,0.00015,20.09368,31.5,0.0
2026-08-23T16:30:02Z,2026-08-25,2,78500.0,C,0.0065,0.0075,0.0072,77330.11,77305.83,0.4964,0.33221,0.00014,18.85545,95.1,14.5
2026-08-23T16:30:02Z,2026-08-25,2,78500.0,P,0.021,0.0235,0.0223,77330.11,77305.83,0.4964,-0.66779,0.00014,18.85544,8.1,0.0
2026-08-23T16:30:02Z,2026-08-25,2,79000.0,C,0.005,0.006,0.0056,77330.11,77305.83,0.5107,0.27231,0.00013,17.24246,31.2,3.0
2026-08-23T16:30:02Z,2026-08-25,2,79000.0,P,0.026,0.028,0.0272,77330.11,77305.83,0.5107,-0.72769,0.00013,17.24246,2.7,0.0
2026-08-23T16:30:02Z,2026-08-25,2,79500.0,C,0.0041,0.0046,0.0043,77330.11,77305.83,0.5216,0.21989,0.00011,15.37103,25.0,21.8
2026-08-23T16:30:02Z,2026-08-25,2,79500.0,P,0.031,0.0335,0.0324,77330.11,77305.83,0.5216,-0.78011,0.00011,15.37103,0.0,0.0
2026-08-23T16:30:02Z,2026-08-25,2,80000.0,C,0.0031,0.0035,0.0033,77327.91,77305.83,0.5328,0.17576,9e-05,13.42198,58.1,12.4
2026-08-23T16:30:02Z,2026-08-25,2,80000.0,P,0.0355,0.042,0.0379,77330.11,77305.83,0.5328,-0.82403,9e-05,13.43231,0.5,0.0
2026-08-23T16:30:02Z,2026-08-25,2,80500.0,C,0.0024,0.0029,0.0026,77330.11,77305.83,0.5502,0.14254,8e-05,11.69953,16.0,16.0
2026-08-23T16:30:02Z,2026-08-25,2,80500.0,P,0.0405,0.048,0.0437,77330.11,77305.83,0.5502,-0.85746,8e-05,11.69953,0.0,0.0
2026-08-23T16:30:02Z,2026-08-25,2,81000.0,C,0.0018,0.0022,0.0021,77330.11,77305.83,0.5647,0.11434,7e-05,10.03821,7.0,6.3
2026-08-23T16:30:02Z,2026-08-25,2,81000.0,P,0.0465,0.054,0.0496,77330.11,77305.83,0.5647,-0.88565,7e-05,10.03846,0.0,0.0
2026-08-23T16:30:02Z,2026-08-25,2,82000.0,C,0.0011,0.0014,0.0013,77330.11,77305.83,0.5975,0.07473,5e-05,7.33004,21.1,0.2
2026-08-23T16:30:02Z,2026-08-25,2,82000.0,P,0.0585,0.0655,0.0617,77330.11,77305.83,0.5975,-0.92527,5e-05,7.33004,0.8,0.0
2026-08-23T16:30:02Z,2026-08-25,2,83000.0,C,0.0007,0.0009,0.0008,77330.11,77305.83,0.6278,0.04874,3e-05,5.24721,25.2,1.1
2026-08-23T16:30:02Z,2026-08-25,2,83000.0,P,0.0715,0.0785,0.0742,77330.11,77305.83,0.6278,-0.95126,3e-05,5.24721,0.0,0.0
2026-08-23T16:30:02Z,2026-08-25,2,84000.0,C,0.0004,0.0007,0.0006,77330.11,77305.83,0.669,0.03443,2e-05,3.95909,13.8,12.2
2026-08-23T16:30:02Z,2026-08-25,2,84000.0,P,0.0845,0.091,0.0869,77330.11,77305.83,0.669,-0.96557,2e-05,3.95909,0.0,0.0
2026-08-23T16:30:02Z,2026-08-25,2,85000.0,C,0.0002,0.0005,0.0004,77327.91,77305.83,0.6983,0.02308,2e-05,2.83725,3.8,1.0
2026-08-23T16:30:02Z,2026-08-25,2,85000.0,P,0.097,0.1035,0.0996,77330.4,77305.83,0.6983,-0.97689,2e-05,2.84089,0.0,0.0
2026-08-23T16:30:02Z,2026-08-25,2,86000.0,C,0.0001,0.0004,0.0003,77330.11,77305.83,0.7356,0.01673,1e-05,2.15905,3.3,0.0
2026-08-23T16:30:02Z,2026-08-25,2,86000.0,P,0.11,0.117,0.1124,77330.11,77305.83,0.7356,-0.98327,1e-05,2.15905,0.0,0.0
2026-08-23T16:30:02Z,2026-08-25,2,87000.0,C,0.0001,0.0004,0.0002,77330.4,77305.83,0.758,0.01103,1e-05,1.50709,6.8,1.1
2026-08-23T16:30:02Z,2026-08-25,2,87000.0,P,0.122,0.13,0.1253,77330.4,77305.83,0.7579,-0.98897,1e-05,1.50681,0.0,0.0
2026-08-23T16:30:02Z,2026-08-25,2,88000.0,C,0.0,0.0002,0.0001,77330.4,77305.83,0.7961,0.0084,1e-05,1.18794,8.1,3.3
2026-08-23T16:30:02Z,2026-08-25,2,88000.0,P,0.1355,0.143,0.1382,77330.4,77305.83,0.7961,-0.9916,1e-05,1.18794,0.0,0.0
2026-08-23T16:30:02Z,2026-08-26,3,68000.0,C,0.1185,0.1235,0.1211,77355.17,77305.83,0.6498999999999999,0.99079,1e-05,1.63336,0.0,0.0
2026-08-23T16:30:02Z,2026-08-26,3,68000.0,P,0.0001,0.0005,0.0002,77355.17,77305.83,0.6498999999999999,-0.00921,1e-05,1.63336,2.8,2.8
2026-08-23T16:30:02Z,2026-08-26,3,69000.0,C,0.1045,0.1105,0.1083,77355.17,77305.83,0.6251,0.98516,1e-05,2.47158,0.0,0.0
2026-08-23T16:30:02Z,2026-08-26,3,69000.0,P,0.0002,0.0005,0.0003,77355.17,77305.83,0.6251,-0.01484,1e-05,2.47158,22.7,22.6
2026-08-23T16:30:02Z,2026-08-26,3,70000.0,C,0.092,0.098,0.0954,77355.17,77305.83,0.5825,0.97929,1e-05,3.28445,0.0,0.0
2026-08-23T16:30:02Z,2026-08-26,3,70000.0,P,0.0003,0.0006,0.0004,77355.17,77305.83,0.5825,-0.02071,1e-05,3.28445,15.0,7.9
2026-08-23T16:30:02Z,2026-08-26,3,71000.0,C,0.079,0.085,0.0827,77355.09,77305.83,0.5468,0.96888,2e-05,4.61905,0.0,0.0
2026-08-23T16:30:02Z,2026-08-26,3,71000.0,P,0.0005,0.0006,0.0006,77355.36,77305.83,0.5468,-0.03111,2e-05,4.61842,5.6,0.2
2026-08-23T16:30:02Z,2026-08-26,3,72000.0,C,0.0665,0.0725,0.0701,77355.09,77305.83,0.5127,0.95208,3e-05,6.56622,0.0,0.0
2026-08-23T16:30:02Z,2026-08-26,3,72000.0,P,0.0008,0.001,0.0009,77355.09,77305.83,0.5127,-0.04792,3e-05,6.56622,2.7,2.5
2026-08-23T16:30:02Z,2026-08-26,3,73000.0,C,0.054,0.061,0.0578,77355.09,77305.83,0.4891,0.92109,5e-05,9.69036,0.0,0.0
2026-08-23T16:30:02Z,2026-08-26,3,73000.0,P,0.0014,0.0016,0.0015,77355.09,77305.83,0.4891,-0.07891,5e-05,9.69036,2.5,2.3
2026-08-23T16:30:02Z,2026-08-26,3,74000.0,C,0.043,0.0485,0.046,77355.36,77305.83,0.4718,0.86949,7e-05,13.97004,0.0,0.0
2026-08-23T16:30:02Z,2026-08-26,3,74000.0,P,0.0024,0.0029,0.0027,77355.36,77305.83,0.4718,-0.13051,7e-05,13.97004,14.2,14.0
2026-08-23T16:30:02Z,2026-08-26,3,74500.0,C,0.0395,0.042,0.0405,77355.09,77305.83,0.46590000000000004,0.83348,8e-05,16.44616,0.0,0.0
2026-08-23T16:30:02Z,2026-08-26,3,74500.0,P,0.0033,0.0038,0.0036,77355.36,77305.83,0.46590000000000004,-0.1665,8e-05,16.44481,5.5,5.2
2026-08-23T16:30:02Z,2026-08-26,3,75000.0,C,0.034,0.0365,0.0352,77355.09,77305.83,0.4612,0.79016,9e-05,18.97237,0.0,0.0
2026-08-23T16:30:02Z,2026-08-26,3,75000.0,P,0.0045,0.0049,0.0048,77355.36,77305.83,0.4612,-0.20981,9e-05,18.97108,1.0,0.7
2026-08-23T16:30:02Z,2026-08-26,3,75500.0,C,0.029,0.0315,0.0303,77355.36,77305.83,0.4612,0.73822,0.00011,21.43781,0.0,0.0
2026-08-23T16:30:02Z,2026-08-26,3,75500.0,P,0.0055,0.007,0.0064,77355.36,77305.83,0.4612,-0.26178,0.00011,21.43781,7.5,7.4
2026-08-23T16:30:02Z,2026-08-26,3,76000.0,C,0.0245,0.0265,0.0258,77355.36,77305.83,0.4603,0.68104,0.00012,23.52021,0.0,0.0
2026-08-23T16:30:02Z,2026-08-26,3,76000.0,P,0.0075,0.0085,0.0083,77355.09,77305.83,0.4603,-0.31899,0.00012,23.52111,1.0,1.0
2026-08-23T16:30:02Z,2026-08-26,3,76500.0,C,0.0205,0.0225,0.0217,77355.09,77305.83,0.45990000000000003,0.61922,0.00013,25.09224,3.7,3.7
2026-08-23T16:30:02Z,2026-08-26,3,76500.0,P,0.01,0.011,0.0106,77355.36,77305.83,0.45990000000000003,-0.38074,0.00013,25.09164,27.0,27.0
2026-08-23T16:30:02Z,2026-08-26,3,77000.0,C,0.017,0.0185,0.018,77355.36,77305.83,0.4606,0.5545,0.00013,26.02903,0.2,0.2
2026-08-23T16:30:02Z,2026-08-26,3,77000.0,P,0.0125,0.014,0.0134,77355.09,77305.83,0.4606,-0.44554,0.00013,26.02926,11.3,11.2
2026-08-23T16:30:02Z,2026-08-26,3,77500.0,C,0.014,0.0155,0.0149,77355.09,77305.83,0.46490000000000004,0.48903,0.00013,26.26453,1.2,1.2
2026-08-23T16:30:02Z,2026-08-26,3,77500.0,P,0.016,0.0175,0.0168,77355.09,77305.83,0.46490000000000004,-0.51097,0.00013,26.26453,11.0,11.2
2026-08-23T16:30:02Z,2026-08-26,3,78000.0,C,0.0115,0.013,0.0122,77355.36,77305.83,0.47,0.42567,0.00013,25.81719,9.1,9.1
2026-08-23T16:30:02Z,2026-08-26,3,78000.0,P,0.02,0.0215,0.0206,77355.09,77305.83,0.47,-0.57436,0.00013,25.81667,0.1,0.1
2026-08-23T16:30:02Z,2026-08-26,3,78500.0,C,0.0095,0.0105,0.0099,77355.36,77305.83,0.4758,0.36604,0.00012,24.77907,16.9,16.4
2026-08-23T16:30:02Z,2026-08-26,3,78500.0,P,0.0235,0.026,0.0248,77355.09,77305.83,0.4758,-0.63399,0.00012,24.77825,0.0,0.0
2026-08-23T16:30:02Z,2026-08-26,3,79000.0,C,0.0075,0.008,0.0079,77355.36,77305.83,0.47759999999999997,0.30957,0.00011,23.22107,10.1,10.0
2026-08-23T16:30:02Z,2026-08-26,3,79000.0,P,0.028,0.03,0.0292,77355.09,77305.83,0.47759999999999997,-0.69046,0.00011,23.22,0.0,0.0
2026-08-23T16:30:02Z,2026-08-26,3,79500.0,C,0.006,0.007,0.0066,77355.36,77305.83,0.49450000000000005,0.26483,0.0001,21.56515,10.0,10.1
2026-08-23T16:30:02Z,2026-08-26,3,79500.0,P,0.033,0.0355,0.0344,77355.36,77305.83,0.49450000000000005,-0.73517,0.0001,21.56515,0.0,0.0
2026-08-23T16:30:02Z,2026-08-26,3,80000.0,C,0.005,0.006,0.0054,77355.36,77305.83,0.5025999999999999,0.22236,9e-05,19.62025,11.0,11.2
2026-08-23T16:30:02Z,2026-08-26,3,80000.0,P,0.0385,0.041,0.0396,77355.36,77305.83,0.5025999999999999,-0.77764,9e-05,19.62025,0.0,0.0
2026-08-23T16:30:02Z,2026-08-26,3,81000.0,C,0.0032,0.0038,0.0036,77355.08,77305.83,0.5234000000000001,0.15604,7e-05,15.7629,15.9,19.0
2026-08-23T16:30:02Z,2026-08-26,3,81000.0,P,0.0475,0.055,0.0507,77355.36,77305.83,0.5234000000000001,-0.84394,7e-05,15.76438,0.0,0.0
2026-08-23T16:30:02Z,2026-08-26,3,82000.0,C,0.0021,0.0026,0.0024,77355.09,77305.83,0.5467,0.10942,5e-05,12.33693,0.9,0.9
2026-08-23T16:30:02Z,2026-08-26,3,82000.0,P,0.06,0.0655,0.0625,77355.36,77305.83,0.5467,-0.89057,5e-05,12.33811,0.0,0.0
2026-08-23T16:30:02Z,2026-08-26,3,83000.0,C,0.0014,0.0018,0.0017,77355.36,77305.83,0.5710000000000001,0.07714,4e-05,9.52493,3.7,3.7
2026-08-23T16:30:02Z,2026-08-26,3,83000.0,P,0.0715,0.0785,0.0747,77355.09,77305.83,0.5710000000000001,-0.92287,4e-05,9.52393,0.0,0.0
2026-08-23T16:30:02Z,2026-08-26,3,84000.0,C,0.0009,0.0013,0.0012,77355.36,77305.83,0.5968,0.05519,3e-05,7.34636,0.1,0.0
2026-08-23T16:30:02Z,2026-08-26,3,84000.0,P,0.0845,0.0915,0.0871,77355.36,77305.83,0.5968,-0.94481,3e-05,7.34636,0.0,0.0
2026-08-23T16:30:02Z,2026-08-26,3,85000.0,C,0.0006,0.0011,0.0008,77355.36,77305.83,0.6228,0.04,2e-05,5.6755,1.4,1.4
2026-08-23T16:30:02Z,2026-08-26,3,85000.0,P,0.097,0.104,0.0997,77355.09,77305.83,0.6228,-0.96001,2e-05,5.67483,0.0,0.0
2026-08-23T16:30:02Z,2026-08-26,3,86000.0,C,0.0004,0.0008,0.0006,77355.09,77305.83,0.6476999999999999,0.02915,2e-05,4.3759,4.7,2.7
2026-08-23T16:30:02Z,2026-08-26,3,86000.0,P,0.109,0.117,0.1124,77355.36,77305.83,0.6476999999999999,-0.97085,2e-05,4.37618,0.0,0.0
2026-08-23T16:30:02Z,2026-08-27,4,67000.0,C,0.131,0.1365,0.1343,77375.83,77305.83,0.6386999999999999,0.98892,1e-05,2.25431,0.0,0.0
2026-08-23T16:30:02Z,2026-08-27,4,67000.0,P,0.0002,0.0006,0.0002,77375.83,77305.83,0.6386999999999999,-0.01108,1e-05,2.25431,1.1,1.1
2026-08-23T16:30:02Z,2026-08-27,4,68000.0,C,0.118,0.124,0.1215,77376.13,77305.83,0.5956,0.98609,1e-05,2.74379,0.0,0.0
2026-08-23T16:30:02Z,2026-08-27,4,68000.0,P,0.0002,0.0006,0.0003,77375.83,77305.83,0.5956,-0.01391,1e-05,2.74417,0.3,0.3
2026-08-23T16:30:02Z,2026-08-27,4,69000.0,C,0.106,0.111,0.1087,77375.83,77305.83,0.5771999999999999,0.97804,1e-05,4.05245,0.0,0.0
2026-08-23T16:30:02Z,2026-08-27,4,69000.0,P,0.0004,0.0005,0.0005,77375.83,77305.83,0.5771999999999999,-0.02196,1e-05,4.05245,0.0,0.0
2026-08-23T16:30:02Z,2026-08-27,4,70000.0,C,0.0925,0.0985,0.096,77376.13,77305.83,0.5463,0.96871,2e-05,5.44882,0.0,0.0
2026-08-23T16:30:02Z,2026-08-27,4,70000.0,P,0.0006,0.0009,0.0007,77375.83,77305.83,0.5463,-0.0313,2e-05,5.44952,8.1,8.1
2026-08-23T16:30:02Z,2026-08-27,4,71000.0,C,0.0795,0.0855,0.0834,77375.83,77305.83,0.5163,0.95472,2e-05,7.36665,0.0,0.0
2026-08-23T16:30:02Z,2026-08-27,4,71000.0,P,0.0009,0.0012,0.001,77375.81,77305.83,0.5163,-0.04529,2e-05,7.36776,0.1,0.1
2026-08-23T16:30:02Z,2026-08-27,4,72000.0,C,0.067,0.0735,0.071,77375.83,77305.83,0.491,0.93214,3e-05,10.13729,0.0,0.0
2026-08-23T16:30:02Z,2026-08-27,4,72000.0,P,0.0014,0.0016,0.0015,77375.83,77305.83,0.491,-0.06786,3e-05,10.13729,0.1,0.1
2026-08-23T16:30:02Z,2026-08-27,4,73000.0,C,0.055,0.0615,0.0589,77375.83,77305.83,0.47159999999999996,0.89595,5e-05,13.96975,0.0,0.0
2026-08-23T16:30:02Z,2026-08-27,4,73000.0,P,0.0022,0.0027,0.0024,77368.1,77305.83,0.47159999999999996,-0.10444,5e-05,14.00596,0.0,0.0
2026-08-23T16:30:02Z,2026-08-27,4,73500.0,C,0.05,0.0555,0.0531,77368.1,77305.83,0.4639,0.87062,6e-05,16.30304,0.0,0.0
2026-08-23T16:30:02Z,2026-08-27,4,73500.0,P,0.0028,0.0034,0.003,77368.1,77305.83,0.4639,-0.12938,6e-05,16.30314,0.0,0.0
2026-08-23T16:30:02Z,2026-08-27,4,74000.0,C,0.0435,0.05,0.0475,77368.1,77305.83,0.45770000000000005,0.84034,7e-05,18.78755,0.0,0.0
2026-08-23T16:30:02Z,2026-08-27,4,74000.0,P,0.0036,0.0042,0.0039,77368.1,77305.83,0.45770000000000005,-0.15966,7e-05,18.78755,0.1,0.1
2026-08-23T16:30:02Z,2026-08-27,4,74500.0,C,0.0385,0.045,0.0422,77368.1,77305.83,0.4546,0.80347,8e-05,21.42036,0.0,0.0
2026-08-23T16:30:02Z,2026-08-27,4,74500.0,P,0.0047,0.0055,0.005,77368.1,77305.83,0.4546,-0.19653,8e-05,21.42036,0.0,0.0
2026-08-23T16:30:02Z,2026-08-27,4,75000.0,C,0.0335,0.0395,0.0371,77368.1,77305.83,0.4493,0.7626,9e-05,23.89522,0.0,0.0
2026-08-23T16:30:02Z,2026-08-27,4,75000.0,P,0.006,0.007,0.0064,77375.37,77305.83,0.4493,-0.23676,9e-05,23.86171,0.1,0.1
2026-08-23T16:30:02Z,2026-08-27,4,75500.0,C,0.0285,0.035,0.0324,77375.37,77305.83,0.45039999999999997,0.71485,0.0001,26.26058,0.0,0.0
2026-08-23T16:30:02Z,2026-08-27,4,75500.0,P,0.0075,0.0085,0.0082,77368.1,77305.83,0.45039999999999997,-0.28586,0.0001,26.28918,0.0,0.0
2026-08-23T16:30:02Z,2026-08-27,4,76000.0,C,0.0255,0.0305,0.0281,77368.1,77305.83,0.4496,0.66259,0.00011,28.24898,0.0,0.0
2026-08-23T16:30:02Z,2026-08-27,4,76000.0,P,0.0095,0.011,0.0103,77375.37,77305.83,0.4496,-0.33665,0.0001,28.2268,1.2,1.2
2026-08-23T16:30:02Z,2026-08-27,4,76500.0,C,0.023,0.025,0.0241,77375.37,77305.83,0.451,0.60832,0.00011,29.70629,0.0,0.0
2026-08-23T16:30:02Z,2026-08-27,4,76500.0,P,0.012,0.0135,0.0128,77368.1,77305.83,0.451,-0.39248,0.00011,29.72045,0.0,0.0
2026-08-23T16:30:02Z,2026-08-27,4,77000.0,C,0.0195,0.021,0.0205,77368.1,77305.83,0.452,0.55099,0.00011,30.59545,0.0,0.0
2026-08-23T16:30:02Z,2026-08-27,4,77000.0,P,0.015,0.0165,0.0157,77368.1,77305.83,0.452,-0.44901,0.00011,30.59545,0.2,0.2
2026-08-23T16:30:02Z,2026-08-27,4,77500.0,C,0.0165,0.018,0.0174,77375.37,77305.83,0.45539999999999997,0.49497,0.00011,30.84823,0.0,0.0
2026-08-23T16:30:02Z,2026-08-27,4,77500.0,P,0.0185,0.02,0.019,77368.1,77305.83,0.45539999999999997,-0.50585,0.00011,30.84447,0.0,0.0
2026-08-23T16:30:02Z,2026-08-27,4,78000.0,C,0.014,0.015,0.0147,77368.1,77305.83,0.4604,0.4389,0.00011,30.48524,1.0,1.0
2026-08-23T16:30:02Z,2026-08-27,4,78000.0,P,0.022,0.0235,0.0227,77368.1,77305.83,0.4604,-0.5611,0.00011,30.48524,0.0,0.0
2026-08-23T16:30:02Z,2026-08-27,4,78500.0,C,0.0115,0.013,0.0123,77368.1,77305.83,0.46409999999999996,0.38594,0.00011,29.57831,1.0,1.0
2026-08-23T16:30:02Z,2026-08-27,4,78500.0,P,0.024,0.0305,0.0268,77368.1,77305.83,0.46409999999999996,-0.61406,0.00011,29.57831,0.0,0.0
2026-08-23T16:30:02Z,2026-08-27,4,79000.0,C,0.01,0.011,0.0103,77368.17,77305.83,0.47100000000000003,0.33728,0.0001,28.24477,0.0,0.0
2026-08-23T16:30:02Z,2026-08-27,4,79000.0,P,0.0285,0.0355,0.0313,77368.17,77305.83,0.47100000000000003,-0.66272,0.0001,28.24477,0.0,0.0
2026-08-23T16:30:02Z,2026-08-27,4,79500.0,C,0.008,0.009,0.0086,77368.17,77305.83,0.4794,0.29342,9e-05,26.61339,0.0,0.0
2026-08-23T16:30:02Z,2026-08-27,4,79500.0,P,0.033,0.039,0.0361,77368.17,77305.83,0.4793,-0.70658,9e-05,26.61328,0.0,0.0
2026-08-23T16:30:02Z,2026-08-27,4,80000.0,C,0.007,0.008,0.0073,77368.17,77305.83,0.48710000000000003,0.25375,9e-05,24.76558,0.0,0.0
2026-08-23T16:30:02Z,2026-08-27,4,80000.0,P,0.0385,0.0455,0.0412,77368.17,77305.83,0.48710000000000003,-0.74625,9e-05,24.76558,0.0,0.0
2026-08-23T16:30:02Z,2026-08-27,4,81000.0,C,0.0048,0.0055,0.0053,77368.17,77305.83,0.5101,0.19097,7e-05,21.04892,10.5,10.5
2026-08-23T16:30:02Z,2026-08-27,4,81000.0,P,0.0495,0.0555,0.0521,77368.1,77305.83,0.5101,-0.80903,7e-05,21.04857,0.0,0.0
2026-08-23T16:30:02Z,2026-08-27,4,82000.0,C,0.0034,0.0039,0.0037,77368.17,77305.83,0.5271,0.14066,5e-05,17.26592,0.0,0.0
2026-08-23T16:30:02Z,2026-08-27,4,82000.0,P,0.061,0.0665,0.0635,77368.17,77305.83,0.5271,-0.85934,5e-05,17.26592,0.0,0.0
2026-08-23T16:30:02Z,2026-08-27,4,83000.0,C,0.0024,0.0029,0.0027,77368.17,77305.83,0.5484,0.10482,4e-05,14.04312,0.0,0.0
2026-08-23T16:30:02Z,2026-08-27,4,83000.0,P,0.072,0.0785,0.0754,77368.17,77305.83,0.5484,-0.89518,4e-05,14.04312,0.0,0.0
2026-08-23T16:30:02Z,2026-08-27,4,84000.0,C,0.0017,0.0021,0.0019,77368.17,77305.83,0.5676,0.07761,3e-05,11.2344,0.0,0.0
2026-08-23T16:30:02Z,2026-08-27,4,84000.0,P,0.085,0.092,0.0876,77368.17,77305.83,0.5676,-0.92239,3e-05,11.2344,0.0,0.0
2026-08-23T16:30:02Z,2026-08-27,4,85000.0,C,0.0013,0.0016,0.0014,77368.17,77305.83,0.5888,0.0583,3e-05,9.00603,1.7,1.7
2026-08-23T16:30:02Z,2026-08-27,4,85000.0,P,0.0975,0.1045,0.1,77368.17,77305.83,0.5888,-0.9417,3e-05,9.00603,0.0,0.0
2026-08-23T16:30:02Z,2026-08-27,4,86000.0,C,0.0009,0.001,0.0011,77368.1,77305.83,0.6068,0.04328,2e-05,7.10323,2.5,2.5
2026-08-23T16:30:02Z,2026-08-27,4,86000.0,P,0.1095,0.117,0.1125,77368.17,77305.83,0.6068,-0.95671,2e-05,7.10342,0.0,0.0
2026-08-23T16:30:02Z,2026-08-28,5,40000.0,C,0.482,0.4845,0.4831,77383.76,77305.83,1.2764,1.0,0.0,0.00069,24.0,0.1
2026-08-23T16:30:02Z,2026-08-28,5,40000.0,P,0.0,0.0001,0.0,77383.76,77305.83,1.2764,0.0,0.0,0.00069,728.3,0.0
2026-08-23T16:30:02Z,2026-08-28,5,46000.0,C,0.4035,0.4075,0.4056,77383.76,77305.83,1.2758,0.99989,0.0,0.03912,1.8,0.3
2026-08-23T16:30:02Z,2026-08-28,5,46000.0,P,0.0,0.0001,0.0,77383.76,77305.83,1.2758,-0.00011,0.0,0.03912,1450.0,0.1
2026-08-23T16:30:02Z,2026-08-28,5,48000.0,C,0.378,0.3815,0.3798,77383.76,77305.83,1.2752,0.99965,0.0,0.11078,37.8,0.0
2026-08-23T16:30:02Z,2026-08-28,5,48000.0,P,0.0,0.0001,0.0,77383.76,77305.83,1.2752,-0.00035,0.0,0.11078,1239.9,0.0
2026-08-23T16:30:02Z,2026-08-28,5,50000.0,C,0.352,0.3555,0.354,77383.76,77305.83,1.2612,0.99916,0.0,0.25116,51.0,0.0
2026-08-23T16:30:02Z,2026-08-28,5,50000.0,P,0.0,0.0001,0.0,77383.76,77305.83,1.2612,-0.00084,0.0,0.25116,2232.2,0.1
2026-08-23T16:30:02Z,2026-08-28,5,52000.0,C,0.326,0.33,0.3282,77383.76,77305.83,1.261,0.99792,0.0,0.57408,51.0,0.0
2026-08-23T16:30:02Z,2026-08-28,5,52000.0,P,0.0,0.0001,0.0001,77383.76,77305.83,1.261,-0.00208,0.0,0.57408,1147.4,0.0
2026-08-23T16:30:02Z,2026-08-28,5,53000.0,C,0.313,0.317,0.3153,77383.76,77305.83,1.2608,0.99685,0.0,0.83431,5.1,0.0
2026-08-23T16:30:02Z,2026-08-28,5,53000.0,P,0.0001,0.0002,0.0001,77383.76,77305.83,1.2608,-0.00315,0.0,0.83431,1492.7,283.2
2026-08-23T16:30:02Z,2026-08-28,5,54000.0,C,0.3,0.304,0.3024,77383.76,77305.83,1.2037,0.99671,0.0,0.868,10.2,0.0
2026-08-23T16:30:02Z,2026-08-28,5,54000.0,P,0.0001,0.0002,0.0001,77383.76,77305.83,1.2037,-0.00329,0.0,0.868,1732.1,16.1
2026-08-23T16:30:02Z,2026-08-28,5,55000.0,C,0.2875,0.291,0.2895,77383.76,77305.83,1.1474,0.99656,0.0,0.90406,7.7,0.0
2026-08-23T16:30:02Z,2026-08-28,5,55000.0,P,0.0001,0.0002,0.0001,77383.76,77305.83,1.1474,-0.00344,0.0,0.90406,1131.6,39.1
2026-08-23T16:30:02Z,2026-08-28,5,56000.0,C,0.2745,0.2785,0.2765,77381.99,77305.83,1.092,0.99639,0.0,0.94324,63.3,0.0
2026-08-23T16:30:02Z,2026-08-28,5,56000.0,P,0.0001,0.0002,0.0001,77381.99,77305.83,1.092,-0.00361,0.0,0.94324,1320.4,18.4
2026-08-23T16:30:02Z,2026-08-28,5,57000.0,C,0.2615,0.2655,0.2636,77381.99,77305.83,1.0373999999999999,0.99621,0.0,0.985,28.5,0.0
2026-08-23T16:30:02Z,2026-08-28,5,57000.0,P,0.0001,0.0002,0.0001,77381.99,77305.83,1.0373999999999999,-0.00379,0.0,0.985,1116.7,0.4
2026-08-23T16:30:02Z,2026-08-28,5,58000.0,C,0.2485,0.2525,0.2507,77381.99,77305.83,1.0087000000000002,0.99521,0.0,1.21611,155.0,0.0
2026-08-23T16:30:02Z,2026-08-28,5,58000.0,P,0.0001,0.0003,0.0002,77381.99,77305.83,1.0087000000000002,-0.00479,0.0,1.21611,1253.2,0.1
2026-08-23T16:30:02Z,2026-08-28,5,59000.0,C,0.235,0.2395,0.2377,77381.99,77305.83,0.9545,0.99495,0.0,1.27362,213.0,0.0
2026-08-23T16:30:02Z,2026-08-28,5,59000.0,P,0.0001,0.0003,0.0002,77381.99,77305.83,0.9545,-0.00505,0.0,1.27362,1135.1,0.0
2026-08-23T16:30:02Z,2026-08-28,5,60000.0,C,0.2225,0.227,0.2248,77381.99,77305.83,0.9075,0.99439,0.0,1.39741,425.0,1.0
2026-08-23T16:30:02Z,2026-08-28,5,60000.0,P,0.0001,0.0003,0.0002,77381.99,77305.83,0.9075,-0.00561,0.0,1.39741,2514.8,92.4
2026-08-23T16:30:02Z,2026-08-28,5,61000.0,C,0.209,0.214,0.2119,77381.99,77305.83,0.8681,0.99339,0.0,1.6175,611.6,0.0
2026-08-23T16:30:02Z,2026-08-28,5,61000.0,P,0.0001,0.0003,0.0002,77381.99,77305.83,0.8681,-0.00661,0.0,1.6175,1548.6,90.2
2026-08-23T16:30:02Z,2026-08-28,5,62000.0,C,0.1965,0.201,0.199,77381.99,77305.83,0.8248000000000001,0.99241,0.0,1.82622,842.0,1.0
2026-08-23T16:30:02Z,2026-08-28,5,62000.0,P,0.0001,0.0003,0.0002,77381.99,77305.83,0.8248000000000001,-0.00759,0.0,1.82622,1187.9,0.1
2026-08-23T16:30:02Z,2026-08-28,5,63000.0,C,0.1835,0.188,0.1862,77381.99,77305.83,0.7873,0.99085,0.0,2.15375,949.6,0.0
2026-08-23T16:30:02Z,2026-08-28,5,63000.0,P,0.0001,0.0004,0.0003,77381.99,77305.83,0.7873,-0.00915,0.0,2.15375,947.5,30.5
2026-08-23T16:30:02Z,2026-08-28,5,64000.0,C,0.1705,0.175,0.1733,77381.99,77305.83,0.7403,0.98969,0.0,2.3887,764.6,1.0
2026-08-23T16:30:02Z,2026-08-28,5,64000.0,P,0.0001,0.0004,0.0003,77381.99,77305.83,0.7403,-0.01031,0.0,2.3887,1130.4,100.3
2026-08-23T16:30:02Z,2026-08-28,5,65000.0,C,0.158,0.1625,0.1604,77381.99,77305.83,0.6960999999999999,0.98807,1e-05,2.71261,1364.1,0.1
2026-08-23T16:30:02Z,2026-08-28,5,65000.0,P,0.0001,0.0004,0.0003,77381.99,77305.83,0.6960999999999999,-0.01193,1e-05,2.71261,2355.9,45.3
2026-08-23T16:30:02Z,2026-08-28,5,66000.0,C,0.1445,0.1495,0.1475,77381.99,77305.83,0.6579999999999999,0.98538,1e-05,3.23311,1275.3,0.0
2026-08-23T16:30:02Z,2026-08-28,5,66000.0,P,0.0003,0.0005,0.0004,77381.99,77305.83,0.6579999999999999,-0.01462,1e-05,3.23311,543.8,5.6
2026-08-23T16:30:02Z,2026-08-28,5,67000.0,C,0.1315,0.1365,0.1347,77381.99,77305.83,0.6208,0.98178,1e-05,3.90422,1834.5,4.4
2026-08-23T16:30:02Z,2026-08-28,5,67000.0,P,0.0003,0.0006,0.0005,77381.32,77305.83,0.6207,-0.01822,1e-05,3.90476,705.7,3.3
2026-08-23T16:30:02Z,2026-08-28,5,68000.0,C,0.119,0.124,0.1218,77381.32,77305.83,0.5841,0.97692,1e-05,4.77051,1526.9,0.6
2026-08-23T16:30:02Z,2026-08-28,5,68000.0,P,0.0005,0.0007,0.0006,77381.32,77305.83,0.5841,-0.02308,1e-05,4.77051,1264.5,103.0
2026-08-23T16:30:02Z,2026-08-28,5,69000.0,C,0.106,0.1115,0.1091,77381.32,77305.83,0.5533,0.96909,1e-05,6.08933,2442.3,1.3
2026-08-23T16:30:02Z,2026-08-28,5,69000.0,P,0.0007,0.0009,0.0008,77381.32,77305.83,0.5533,-0.03091,1e-05,6.08933,899.0,1.3
2026-08-23T16:30:02Z,2026-08-28,5,70000.0,C,0.0935,0.0985,0.0965,77381.32,77305.83,0.5236,0.95789,2e-05,7.84387,2693.5,0.8
2026-08-23T16:30:02Z,2026-08-28,5,70000.0,P,0.0009,0.0012,0.001,77381.32,77305.83,0.5236,-0.04211,2e-05,7.84387,979.5,40.2
2026-08-23T16:30:02Z,2026-08-28,5,71000.0,C,0.0815,0.086,0.0839,77381.32,77305.83,0.49689999999999995,0.94099,3e-05,10.26478,1955.2,0.3
2026-08-23T16:30:02Z,2026-08-28,5,71000.0,P,0.0013,0.0016,0.0014,77381.32,77305.83,0.49689999999999995,-0.05901,3e-05,10.26478,238.1,19.2
2026-08-23T16:30:02Z,2026-08-28,5,72000.0,C,0.069,0.074,0.0718,77381.32,77305.83,0.4779,0.91367,4e-05,13.74322,2995.0,2.6
2026-08-23T16:30:02Z,2026-08-28,5,72000.0,P,0.0021,0.0023,0.0022,77381.32,77305.83,0.4779,-0.08633,4e-05,13.74322,796.7,51.1
2026-08-23T16:30:02Z,2026-08-28,5,73000.0,C,0.057,0.062,0.06,77381.32,77305.83,0.46340000000000003,0.87306,5e-05,18.16544,2060.0,0.0
2026-08-23T16:30:02Z,2026-08-28,5,73000.0,P,0.0032,0.0036,0.0034,77381.32,77305.83,0.46340000000000003,-0.12694,5e-05,18.16544,399.3,39.6
2026-08-23T16:30:02Z,2026-08-28,5,74000.0,C,0.0475,0.05,0.0489,77381.32,77305.83,0.4497,0.81752,7e-05,23.1047,2641.6,7.7
2026-08-23T16:30:02Z,2026-08-28,5,74000.0,P,0.0049,0.0055,0.0052,77381.32,77305.83,0.4497,-0.18248,7e-05,23.1047,584.1,284.7
2026-08-23T16:30:02Z,2026-08-28,5,75000.0,C,0.0375,0.04,0.0388,77381.32,77305.83,0.4451,0.74137,8e-05,28.24009,3238.6,28.8
2026-08-23T16:30:02Z,2026-08-28,5,75000.0,P,0.0075,0.0085,0.008,77381.32,77305.83,0.4451,-0.25863,8e-05,28.24009,684.9,258.7
2026-08-23T16:30:02Z,2026-08-28,5,76000.0,C,0.029,0.0305,0.0302,77381.32,77305.83,0.4475,0.64877,9e-05,32.37772,1268.0,67.4
2026-08-23T16:30:02Z,2026-08-28,5,76000.0,P,0.012,0.0125,0.0123,77381.32,77305.83,0.4475,-0.35123,9e-05,32.37772,260.1,156.2
2026-08-23T16:30:02Z,2026-08-28,5,77000.0,C,0.022,0.023,0.0226,77381.32,77305.83,0.4458,0.54909,0.0001,34.56425,600.3,52.1
2026-08-23T16:30:02Z,2026-08-28,5,77000.0,P,0.0175,0.018,0.0176,77381.32,77305.83,0.4458,-0.45091,0.0001,34.56425,73.1,21.3
2026-08-23T16:30:02Z,2026-08-28,5,78000.0,C,0.0165,0.0175,0.0168,77382.07,77305.83,0.4543,0.44847,0.0001,34.53758,1823.6,34.9
2026-08-23T16:30:02Z,2026-08-28,5,78000.0,P,0.0245,0.0255,0.0248,77381.32,77305.83,0.4543,-0.55161,0.0001,34.5364,295.2,24.3
2026-08-23T16:30:02Z,2026-08-28,5,79000.0,C,0.012,0.013,0.0123,77382.07,77305.83,0.4648,0.35631,9e-05,32.54416,1121.5,227.1
2026-08-23T16:30:02Z,2026-08-28,5,79000.0,P,0.032,0.034,0.0332,77382.07,77305.83,0.4648,-0.64369,9e-05,32.54416,41.7,0.0
2026-08-23T16:30:02Z,2026-08-28,5,80000.0,C,0.0085,0.0095,0.009,77382.07,77305.83,0.4793,0.27817,8e-05,29.29443,2213.1,444.3
2026-08-23T16:30:02Z,2026-08-28,5,80000.0,P,0.0415,0.044,0.0429,77382.07,77305.83,0.4793,-0.72183,8e-05,29.29443,37.9,0.0
2026-08-23T16:30:02Z,2026-08-28,5,81000.0,C,0.006,0.007,0.0066,77381.56,77305.83,0.4926,0.21344,7e-05,25.40096,1340.8,526.2
2026-08-23T16:30:02Z,2026-08-28,5,81000.0,P,0.051,0.0565,0.0533,77382.07,77305.83,0.4926,-0.78652,7e-05,25.40352,0.6,0.0
2026-08-23T16:30:02Z,2026-08-28,5,82000.0,C,0.0045,0.005,0.0048,77382.07,77305.83,0.5072,0.16249,6e-05,21.45642,1119.3,177.7
2026-08-23T16:30:02Z,2026-08-28,5,82000.0,P,0.062,0.0675,0.0645,77382.07,77305.83,0.5072,-0.83751,6e-05,21.45642,1.5,0.0
2026-08-23T16:30:02Z,2026-08-28,5,83000.0,C,0.0033,0.0037,0.0035,77382.07,77305.83,0.523,0.1234,4e-05,17.8098,616.5,114.3
2026-08-23T16:30:02Z,2026-08-28,5,83000.0,P,0.0735,0.079,0.0761,77382.07,77305.83,0.523,-0.8766,4e-05,17.8098,0.1,0.0
2026-08-23T16:30:02Z,2026-08-28,5,84000.0,C,0.0023,0.0027,0.0026,77382.07,77305.83,0.539,0.09357,4e-05,14.59106,108.3,1.4
2026-08-23T16:30:02Z,2026-08-28,5,84000.0,P,0.0855,0.0915,0.0881,77382.07,77305.83,0.539,-0.90643,4e-05,14.59106,8.5,0.0
2026-08-23T16:30:02Z,2026-08-28,5,85000.0,C,0.0017,0.0021,0.0019,77382.07,77305.83,0.5565,0.07156,3e-05,11.92261,1460.6,24.9
2026-08-23T16:30:02Z,2026-08-28,5,85000.0,P,0.098,0.104,0.1004,77382.07,77305.83,0.5565,-0.92844,3e-05,11.92261,30.7,0.0
2026-08-23T16:30:02Z,2026-08-28,5,86000.0,C,0.0013,0.0016,0.0015,77382.07,77305.83,0.573,0.05468,2e-05,9.66741,392.3,11.3
2026-08-23T16:30:02Z,2026-08-28,5,86000.0,P,0.11,0.116,0.1128,77382.07,77305.83,0.573,-0.94532,2e-05,9.66741,0.0,0.0
2026-08-23T16:30:02Z,2026-08-28,5,88000.0,C,0.0007,0.0009,0.0008,77382.07,77305.83,0.6036,0.03185,1e-05,6.24161,634.7,20.4
2026-08-23T16:30:02Z,2026-08-28,5,88000.0,P,0.1355,0.142,0.138,77382.07,77305.83,0.6036,-0.96815,1e-05,6.24161,0.0,0.0
2026-08-23T16:30:02Z,2026-08-28,5,90000.0,C,0.0005,0.0006,0.0005,77382.07,77305.83,0.64,0.0199,1e-05,4.20945,1325.5,15.0
2026-08-23T16:30:02Z,2026-08-28,5,90000.0,P,0.1605,0.1675,0.1636,77382.07,77305.83,0.64,-0.9801,1e-05,4.20945,11.1,0.0
2026-08-23T16:30:02Z,2026-08-28,5,92000.0,C,0.0003,0.0004,0.0003,77382.07,77305.83,0.6757,0.01282,1e-05,2.88794,512.4,74.3
2026-08-23T16:30:02Z,2026-08-28,5,92000.0,P,0.186,0.193,0.1892,77382.07,77305.83,0.6757,-0.98718,1e-05,2.88794,0.5,0.0
2026-08-23T16:30:02Z,2026-08-28,5,94000.0,C,0.0002,0.0004,0.0002,77382.07,77305.83,0.7095,0.00842,0.0,2.00091,275.0,3.1
2026-08-23T16:30:02Z,2026-08-28,5,94000.0,P,0.212,0.2195,0.215,77381.56,77305.83,0.7095,-0.99159,0.0,2.0005,0.0,0.0
2026-08-23T16:30:02Z,2026-08-28,5,95000.0,C,0.0001,0.0003,0.0002,77381.56,77305.83,0.7293000000000001,0.0071,0.0,1.72306,152.7,0.2
2026-08-23T16:30:02Z,2026-08-28,5,95000.0,P,0.2245,0.231,0.2279,77381.56,77305.83,0.7293000000000001,-0.9929,0.0,1.72306,0.3,0.0
2026-08-23T16:30:02Z,2026-08-28,5,96000.0,C,0.0001,0.0002,0.0001,77381.56,77305.83,0.7408,0.00558,0.0,1.3915,141.1,21.5
2026-08-23T16:30:02Z,2026-08-28,5,96000.0,P,0.2375,0.245,0.2408,77381.56,77305.83,0.7408,-0.99442,0.0,1.3915,0.1,0.0
2026-08-23T16:30:02Z,2026-08-28,5,98000.0,C,0.0,0.0001,0.0001,77381.56,77305.83,0.7579,0.00327,0.0,0.86225,225.7,36.6
2026-08-23T16:30:02Z,2026-08-28,5,98000.0,P,0.263,0.271,0.2665,77381.56,77305.83,0.7579,-0.99673,0.0,0.86225,0.0,0.0
2026-08-23T16:30:02Z,2026-08-28,5,100000.0,C,0.0,0.0001,0.0001,77381.56,77305.83,0.8094,0.00287,0.0,0.76738,202.6,0.0
2026-08-23T16:30:02Z,2026-08-28,5,100000.0,P,0.289,0.297,0.2924,77381.56,77305.83,0.8094,-0.99713,0.0,0.76738,0.5,0.0
2026-08-23T16:30:02Z,2026-08-28,5,105000.0,C,0.0,0.0001,0.0,77381.56,77305.83,0.8417,0.00077,0.0,0.23139,335.3,0.0
2026-08-23T16:30:02Z,2026-08-28,5,105000.0,P,0.3535,0.3615,0.3569,77381.56,77305.83,0.8417,-0.99923,0.0,0.23139,0.4,0.0
2026-08-23T16:30:02Z,2026-08-28,5,110000.0,C,0.0,0.0001,0.0,77381.56,77305.83,0.9107999999999999,0.00037,0.0,0.11849,317.5,0.0
2026-08-23T16:30:02Z,2026-08-28,5,110000.0,P,0.418,0.4265,0.4215,77381.56,77305.83,0.9107999999999999,-0.99963,0.0,0.11849,0.2,0.0
2026-08-23T16:30:02Z,2026-09-04,12,53000.0,C,0.314,0.318,0.3158,77433.77,77305.83,0.8461,0.99512,0.0,1.95754,0.0,0.0
2026-08-23T16:30:02Z,2026-09-04,12,53000.0,P,0.0001,0.0005,0.0002,77433.16,77305.83,0.8461,-0.00488,0.0,1.95778,85.6,0.3
2026-08-23T16:30:02Z,2026-09-04,12,55000.0,C,0.288,0.292,0.29,77433.16,77305.83,0.7868,0.99387,0.0,2.39826,0.0,0.0
2026-08-23T16:30:02Z,2026-09-04,12,55000.0,P,0.0001,0.0005,0.0003,77433.77,77305.83,0.7868,-0.00613,0.0,2.39795,201.5,5.1
2026-08-23T16:30:02Z,2026-09-04,12,58000.0,C,0.249,0.2535,0.2514,77433.77,77305.83,0.7206999999999999,0.98953,0.0,3.83739,0.0,0.0
2026-08-23T16:30:02Z,2026-09-04,12,58000.0,P,0.0003,0.0006,0.0005,77433.16,77305.83,0.7206999999999999,-0.01047,0.0,3.8379,344.0,2.0
2026-08-23T16:30:02Z,2026-09-04,12,60000.0,C,0.2235,0.228,0.2257,77433.16,77305.83,0.6629,0.98656,0.0,4.76517,0.4,0.0
2026-08-23T16:30:02Z,2026-09-04,12,60000.0,P,0.0004,0.0007,0.0006,77433.16,77305.83,0.6629,-0.01344,0.0,4.76517,1043.7,0.2
2026-08-23T16:30:02Z,2026-09-04,12,61000.0,C,0.2105,0.215,0.2129,77433.77,77305.83,0.6401,0.98397,0.0,5.54654,5.5,0.0
2026-08-23T16:30:02Z,2026-09-04,12,61000.0,P,0.0006,0.0008,0.0007,77433.77,77305.83,0.6401,-0.01603,0.0,5.54654,137.3,0.8
2026-08-23T16:30:02Z,2026-09-04,12,62000.0,C,0.1975,0.2025,0.2001,77433.77,77305.83,0.6143,0.98127,1e-05,6.3339,2.4,0.0
2026-08-23T16:30:02Z,2026-09-04,12,62000.0,P,0.0006,0.0009,0.0008,77433.77,77305.83,0.6143,-0.01873,1e-05,6.3339,901.4,0.0
2026-08-23T16:30:02Z,2026-09-04,12,63000.0,C,0.1845,0.1895,0.1873,77433.16,77305.83,0.5878,0.97816,1e-05,7.215,86.7,0.0
2026-08-23T16:30:02Z,2026-09-04,12,63000.0,P,0.0008,0.001,0.0009,77433.72,77305.83,0.5878,-0.02184,1e-05,7.21375,713.3,0.0
2026-08-23T16:30:02Z,2026-09-04,12,64000.0,C,0.172,0.1765,0.1745,77433.72,77305.83,0.5647,0.97377,1e-05,8.41511,265.5,0.0
2026-08-23T16:30:02Z,2026-09-04,12,64000.0,P,0.001,0.0013,0.001,77433.8,77305.83,0.5647,-0.02623,1e-05,8.41496,214.3,4.7
2026-08-23T16:30:02Z,2026-09-04,12,65000.0,C,0.159,0.164,0.1618,77433.72,77305.83,0.5389,0.96902,1e-05,9.66416,298.4,0.0
2026-08-23T16:30:02Z,2026-09-04,12,65000.0,P,0.0011,0.0012,0.0012,77433.72,77305.83,0.5389,-0.03098,1e-05,9.66416,364.7,5.9
2026-08-23T16:30:02Z,2026-09-04,12,66000.0,C,0.1465,0.1515,0.1492,77433.72,77305.83,0.5222,0.96075,1e-05,11.7362,459.6,0.0
2026-08-23T16:30:02Z,2026-09-04,12,66000.0,P,0.0014,0.0018,0.0015,77433.72,77305.83,0.5222,-0.03925,1e-05,11.7362,188.4,25.3
2026-08-23T16:30:02Z,2026-09-04,12,67000.0,C,0.1335,0.1385,0.1366,77433.72,77305.83,0.5012,0.95168,1e-05,13.88037,980.0,0.0
2026-08-23T16:30:02Z,2026-09-04,12,67000.0,P,0.0017,0.002,0.0019,77433.72,77305.83,0.5012,-0.04832,1e-05,13.88037,586.0,1.1
2026-08-23T16:30:02Z,2026-09-04,12,68000.0,C,0.1215,0.1265,0.1242,77433.72,77305.83,0.4827,0.93942,2e-05,16.60119,923.2,0.1
2026-08-23T16:30:02Z,2026-09-04,12,68000.0,P,0.0022,0.0026,0.0023,77433.8,77305.83,0.4827,-0.06058,2e-05,16.60089,216.8,5.4
2026-08-23T16:30:02Z,2026-09-04,12,69000.0,C,0.109,0.114,0.1119,77433.72,77305.83,0.4671,0.92275,2e-05,20.02425,402.0,0.0
2026-08-23T16:30:02Z,2026-09-04,12,69000.0,P,0.0028,0.0033,0.003,77433.72,77305.83,0.4671,-0.07725,2e-05,20.02425,125.6,0.5
2026-08-23T16:30:02Z,2026-09-04,12,70000.0,C,0.097,0.102,0.0999,77433.72,77305.83,0.4532,0.90097,3e-05,24.10103,765.5,0.1
2026-08-23T16:30:02Z,2026-09-04,12,70000.0,P,0.0037,0.0042,0.0039,77433.72,77305.83,0.4532,-0.09903,3e-05,24.10103,112.7,13.2
2026-08-23T16:30:02Z,2026-09-04,12,71000.0,C,0.0855,0.0905,0.0883,77433.72,77305.83,0.44270000000000004,0.8721,3e-05,28.931,931.5,0.0
2026-08-23T16:30:02Z,2026-09-04,12,71000.0,P,0.0049,0.0055,0.0052,77433.72,77305.83,0.44270000000000004,-0.1279,3e-05,28.931,93.2,17.5
2026-08-23T16:30:02Z,2026-09-04,12,72000.0,C,0.074,0.079,0.0771,77433.8,77305.83,0.43229999999999996,0.83666,4e-05,34.11053,613.1,0.2
2026-08-23T16:30:02Z,2026-09-04,12,72000.0,P,0.0065,0.0075,0.0069,77433.72,77305.83,0.43229999999999996,-0.16335,4e-05,34.11094,162.2,6.3
2026-08-23T16:30:02Z,2026-09-04,12,73000.0,C,0.0655,0.068,0.0664,77433.72,77305.83,0.4244,0.79267,5e-05,39.56303,583.6,1.6
2026-08-23T16:30:02Z,2026-09-04,12,73000.0,P,0.0085,0.0095,0.0092,77433.72,77305.83,0.4244,-0.20733,5e-05,39.56303,31.3,0.0
2026-08-23T16:30:02Z,2026-09-04,12,74000.0,C,0.0555,0.058,0.0566,77433.8,77305.83,0.419,0.74005,6e-05,44.86003,810.0,0.5
2026-08-23T16:30:02Z,2026-09-04,12,74000.0,P,0.0115,0.0125,0.0122,77433.72,77305.83,0.419,-0.25995,6e-05,44.86038,88.9,2.6
2026-08-23T16:30:02Z,2026-09-04,12,75000.0,C,0.0465,0.0485,0.0475,77433.8,77305.83,0.4152,0.67998,6e-05,49.4642,556.2,0.4
2026-08-23T16:30:02Z,2026-09-04,12,75000.0,P,0.0155,0.0165,0.0161,77433.72,77305.83,0.4152,-0.32002,6e-05,49.46447,448.3,67.6
2026-08-23T16:30:02Z,2026-09-04,12,76000.0,C,0.0385,0.04,0.0394,77433.73,77305.83,0.4146,0.61387,7e-05,52.91655,161.6,1.5
2026-08-23T16:30:02Z,2026-09-04,12,76000.0,P,0.0205,0.0215,0.0209,77433.76,77305.83,0.4146,-0.38613,7e-05,52.91649,70.2,11.5
2026-08-23T16:30:02Z,2026-09-04,12,77000.0,C,0.0315,0.033,0.0324,77433.76,77305.83,0.41479999999999995,0.54493,7e-05,54.82935,80.7,0.2
2026-08-23T16:30:02Z,2026-09-04,12,77000.0,P,0.0265,0.0275,0.0268,77433.73,77305.83,0.41479999999999995,-0.45507,7e-05,54.82936,78.2,11.1
2026-08-23T16:30:02Z,2026-09-04,12,78000.0,C,0.026,0.027,0.0263,77433.76,77305.83,0.41659999999999997,0.47579,7e-05,55.07809,1140.6,14.1
2026-08-23T16:30:02Z,2026-09-04,12,78000.0,P,0.033,0.0345,0.0336,77433.76,77305.83,0.41659999999999997,-0.52421,7e-05,55.07809,41.4,3.1
2026-08-23T16:30:02Z,2026-09-04,12,79000.0,C,0.0205,0.022,0.0213,77433.76,77305.83,0.42119999999999996,0.4096,7e-05,53.75696,65.9,1.5
2026-08-23T16:30:02Z,2026-09-04,12,79000.0,P,0.0405,0.0425,0.0415,77433.76,77305.83,0.42119999999999996,-0.5904,7e-05,53.75696,1.2,0.0
2026-08-23T16:30:02Z,2026-09-04,12,80000.0,C,0.0165,0.0175,0.0171,77433.73,77305.83,0.4269,0.34846,6e-05,51.14921,1010.7,59.4
2026-08-23T16:30:02Z,2026-09-04,12,80000.0,P,0.049,0.051,0.0503,77433.76,77305.83,0.4269,-0.65154,6e-05,51.14933,31.3,0.0
2026-08-23T16:30:02Z,2026-09-04,12,81000.0,C,0.013,0.014,0.0136,77433.76,77305.83,0.4313,0.29255,6e-05,47.53933,3.2,3.0
2026-08-23T16:30:02Z,2026-09-04,12,81000.0,P,0.058,0.061,0.0597,77433.76,77305.83,0.4313,-0.70745,6e-05,47.53933,0.0,0.0
2026-08-23T16:30:02Z,2026-09-04,12,82000.0,C,0.0105,0.0115,0.0111,77433.76,77305.83,0.4413,0.24589,5e-05,43.56656,213.0,0.1
2026-08-23T16:30:02Z,2026-09-04,12,82000.0,P,0.0675,0.073,0.07,77433.76,77305.83,0.4413,-0.75411,5e-05,43.56656,0.0,0.0
2026-08-23T16:30:02Z,2026-09-04,12,84000.0,C,0.0065,0.0075,0.0071,77433.76,77305.83,0.4558,0.16877,4e-05,34.83785,19.9,8.3
2026-08-23T16:30:02Z,2026-09-04,12,84000.0,P,0.0895,0.0955,0.0919,77433.76,77305.83,0.4558,-0.83123,4e-05,34.83785,0.0,0.0
2026-08-23T16:30:02Z,2026-09-04,12,85000.0,C,0.005,0.006,0.0057,77433.76,77305.83,0.4644,0.13953,3e-05,30.71608,218.3,128.2
2026-08-23T16:30:02Z,2026-09-04,12,85000.0,P,0.101,0.107,0.1034,77433.76,77305.83,0.4644,-0.86047,3e-05,30.71608,60.0,0.0
2026-08-23T16:30:02Z,2026-09-04,12,90000.0,C,0.0021,0.0024,0.0023,77433.76,77305.83,0.5241,0.05942,2e-05,16.35167,91.9,2.1
2026-08-23T16:30:02Z,2026-09-04,12,90000.0,P,0.162,0.1685,0.1646,77433.76,77305.83,0.5241,-0.94058,2e-05,16.35167,7.3,0.0
2026-08-23T16:30:02Z,2026-09-11,19,60000.0,C,0.2245,0.229,0.2267,77477.01,77305.83,0.5819,0.97776,1e-05,9.27654,0.0,0.0
2026-08-23T16:30:02Z,2026-09-11,19,60000.0,P,0.0011,0.0013,0.0011,77476.98,77305.83,0.5819,-0.02224,1e-05,9.27659,57.4,1.0
2026-08-23T16:30:02Z,2026-09-11,19,64000.0,C,0.173,0.178,0.176,77476.98,77305.83,0.5088,0.95721,1e-05,15.93644,0.0,0.0
2026-08-23T16:30:02Z,2026-09-11,19,64000.0,P,0.002,0.0022,0.0021,77477.01,77305.83,0.5088,-0.04279,1e-05,15.93635,19.1,0.1
2026-08-23T16:30:02Z,2026-09-11,19,65000.0,C,0.161,0.1655,0.1634,77476.98,77305.83,0.48719999999999997,0.95048,1e-05,17.92112,0.0,0.0
2026-08-23T16:30:02Z,2026-09-11,19,65000.0,P,0.0023,0.0025,0.0024,77476.98,77305.83,0.48719999999999997,-0.04952,1e-05,17.92112,533.5,0.0
2026-08-23T16:30:02Z,2026-09-11,19,66000.0,C,0.1485,0.153,0.151,77476.98,77305.83,0.4722,0.9401,1e-05,20.83284,0.1,0.0
2026-08-23T16:30:02Z,2026-09-11,19,66000.0,P,0.0028,0.0031,0.0029,77476.98,77305.83,0.4722,-0.0599,1e-05,20.83284,249.1,0.0
2026-08-23T16:30:02Z,2026-09-11,19,67000.0,C,0.136,0.141,0.1388,77477.01,77305.83,0.4593,0.92668,2e-05,24.36376,0.0,0.0
2026-08-23T16:30:02Z,2026-09-11,19,67000.0,P,0.0035,0.0037,0.0035,77477.01,77305.83,0.4593,-0.07332,2e-05,24.36376,25.7,9.1
2026-08-23T16:30:02Z,2026-09-11,19,68000.0,C,0.124,0.129,0.1267,77476.98,77305.83,0.44659999999999994,0.91037,2e-05,28.35053,1.1,0.0
2026-08-23T16:30:02Z,2026-09-11,19,68000.0,P,0.0043,0.0046,0.0044,77476.98,77305.83,0.44659999999999994,-0.08963,2e-05,28.35053,508.2,0.0
2026-08-23T16:30:02Z,2026-09-11,19,69000.0,C,0.1125,0.117,0.1149,77477.01,77305.83,0.4353,0.89009,2e-05,32.90882,1.2,0.0
2026-08-23T16:30:02Z,2026-09-11,19,69000.0,P,0.0055,0.006,0.0054,77477.01,77305.83,0.4353,-0.10991,2e-05,32.90882,58.9,0.3
2026-08-23T16:30:02Z,2026-09-11,19,70000.0,C,0.1005,0.1055,0.1034,77476.98,77305.83,0.42710000000000004,0.86426,3e-05,38.16261,286.2,0.0
2026-08-23T16:30:02Z,2026-09-11,19,70000.0,P,0.0065,0.0075,0.0069,77476.98,77305.83,0.42710000000000004,-0.13574,3e-05,38.16261,68.3,0.1
2026-08-23T16:30:02Z,2026-09-11,19,71000.0,C,0.09,0.0945,0.0924,77477.01,77305.83,0.4204,0.83305,3e-05,43.80056,2.1,0.1
2026-08-23T16:30:02Z,2026-09-11,19,71000.0,P,0.008,0.009,0.0088,77477.01,77305.83,0.4204,-0.16695,3e-05,43.79955,353.9,0.1
2026-08-23T16:30:02Z,2026-09-11,19,72000.0,C,0.081,0.083,0.0816,77477.01,77305.83,0.4105,0.79857,4e-05,49.23526,147.9,0.0
2026-08-23T16:30:02Z,2026-09-11,19,72000.0,P,0.0105,0.0115,0.0109,77477.01,77305.83,0.4105,-0.20143,4e-05,49.23526,80.6,0.9
2026-08-23T16:30:02Z,2026-09-11,19,73000.0,C,0.071,0.073,0.0717,77474.06,77305.83,0.40630000000000005,0.75603,4e-05,54.92217,14.0,0.0
2026-08-23T16:30:02Z,2026-09-11,19,73000.0,P,0.0135,0.0145,0.0139,77474.06,77305.83,0.40630000000000005,-0.24397,4e-05,54.92199,26.1,0.0
2026-08-23T16:30:02Z,2026-09-11,19,74000.0,C,0.0615,0.0635,0.0623,77477.01,77305.83,0.40270000000000006,0.70883,5e-05,60.05508,14.5,0.6
2026-08-23T16:30:02Z,2026-09-11,19,74000.0,P,0.017,0.018,0.0175,77474.06,77305.83,0.40270000000000006,-0.29132,5e-05,60.0666,91.2,0.5
2026-08-23T16:30:02Z,2026-09-11,19,75000.0,C,0.053,0.055,0.0538,77474.06,77305.83,0.4011,0.65665,5e-05,64.40015,66.4,2.9
2026-08-23T16:30:02Z,2026-09-11,19,75000.0,P,0.0215,0.0225,0.0219,77477.01,77305.83,0.4011,-0.3432,5e-05,64.39168,32.5,0.3
2026-08-23T16:30:02Z,2026-09-11,19,76000.0,C,0.045,0.047,0.0461,77477.01,77305.83,0.4003,0.60179,6e-05,67.5735,111.3,20.0
2026-08-23T16:30:02Z,2026-09-11,19,76000.0,P,0.0265,0.0275,0.027,77477.01,77305.83,0.4003,-0.39821,6e-05,67.5735,129.6,10.6
2026-08-23T16:30:02Z,2026-09-11,19,77000.0,C,0.0385,0.04,0.0391,77474.06,77305.83,0.39990000000000003,0.54502,6e-05,69.41181,105.7,0.7
2026-08-23T16:30:02Z,2026-09-11,19,77000.0,P,0.0325,0.0335,0.0329,77474.06,77305.83,0.39990000000000003,-0.45498,6e-05,69.41181,18.5,6.1
2026-08-23T16:30:02Z,2026-09-11,19,78000.0,C,0.0325,0.0335,0.033,77477.01,77305.83,0.4012,0.48849,6e-05,69.83071,652.0,106.0
2026-08-23T16:30:02Z,2026-09-11,19,78000.0,P,0.039,0.0405,0.0398,77477.01,77305.83,0.4012,-0.51151,6e-05,69.83071,32.7,0.7
2026-08-23T16:30:02Z,2026-09-11,19,79000.0,C,0.027,0.0285,0.0278,77474.06,77305.83,0.40380000000000005,0.43325,6e-05,68.8771,4.7,0.5
2026-08-23T16:30:02Z,2026-09-11,19,79000.0,P,0.0465,0.0485,0.0474,77474.06,77305.83,0.40380000000000005,-0.56675,6e-05,68.8771,20.4,0.0
2026-08-23T16:30:02Z,2026-09-11,19,80000.0,C,0.0225,0.0235,0.023,77474.06,77305.83,0.4044,0.38007,5e-05,66.67623,687.3,5.8
2026-08-23T16:30:02Z,2026-09-11,19,80000.0,P,0.0545,0.0565,0.0556,77474.06,77305.83,0.4044,-0.61993,5e-05,66.67623,7.1,0.0
2026-08-23T16:30:02Z,2026-09-11,19,81000.0,C,0.019,0.02,0.0193,77474.06,77305.83,0.4096,0.33198,5e-05,63.56581,51.3,1.9
2026-08-23T16:30:02Z,2026-09-11,19,81000.0,P,0.064,0.066,0.0648,77477.01,77305.83,0.4096,-0.66787,5e-05,63.57941,0.0,0.0
2026-08-23T16:30:02Z,2026-09-11,19,82000.0,C,0.0155,0.0165,0.0161,77474.06,77305.83,0.4144,0.28796,5e-05,59.74044,244.6,25.0
2026-08-23T16:30:02Z,2026-09-11,19,82000.0,P,0.072,0.0775,0.0745,77474.06,77305.83,0.4144,-0.71204,5e-05,59.74056,1.8,0.0
2026-08-23T16:30:02Z,2026-09-11,19,84000.0,C,0.0105,0.0115,0.0111,77474.06,77305.83,0.424,0.21301,4e-05,50.88738,43.9,3.3
2026-08-23T16:30:02Z,2026-09-11,19,84000.0,P,0.093,0.0985,0.0953,77474.06,77305.83,0.424,-0.78699,4e-05,50.88738,0.0,0.0
2026-08-23T16:30:02Z,2026-09-11,19,85000.0,C,0.009,0.0095,0.0093,77474.06,77305.83,0.4311,0.18332,4e-05,46.47593,137.8,5.6
2026-08-23T16:30:02Z,2026-09-11,19,85000.0,P,0.104,0.1095,0.1064,77472.99,77305.83,0.4311,-0.81672,4e-05,46.46934,30.1,0.0
2026-08-23T16:30:02Z,2026-09-11,19,86000.0,C,0.0075,0.0085,0.008,77472.99,77305.83,0.442,0.15978,3e-05,42.56614,110.5,3.5
2026-08-23T16:30:02Z,2026-09-11,19,86000.0,P,0.1155,0.121,0.118,77474.06,77305.83,0.442,-0.84019,3e-05,42.57259,0.0,0.0
2026-08-23T16:30:02Z,2026-09-11,19,88000.0,C,0.0055,0.006,0.0056,77474.06,77305.83,0.4523,0.11604,2e-05,34.20674,89.6,11.2
2026-08-23T16:30:02Z,2026-09-11,19,88000.0,P,0.1385,0.145,0.1414,77474.06,77305.83,0.4523,-0.88396,2e-05,34.20674,0.0,0.0
2026-08-23T16:30:02Z,2026-09-11,19,90000.0,C,0.0039,0.0043,0.0042,77474.06,77305.83,0.47229999999999994,0.08844,2e-05,28.06845,492.7,3.7
2026-08-23T16:30:02Z,2026-09-11,19,90000.0,P,0.163,0.1695,0.1658,77472.99,77305.83,0.47229999999999994,-0.91158,2e-05,28.06316,0.0,0.0
2026-08-23T16:30:02Z,2026-09-11,19,95000.0,C,0.002,0.0022,0.0022,77472.99,77305.83,0.5196999999999999,0.04671,1e-05,17.10164,69.1,41.8
2026-08-23T16:30:02Z,2026-09-11,19,95000.0,P,0.225,0.2325,0.2283,77474.06,77305.83,0.5196999999999999,-0.95328,1e-05,17.10525,0.0,0.0
2026-08-23T16:30:02Z,2026-09-25,33,30000.0,C,0.612,0.615,0.6136,77594.69,77305.83,1.1847,0.99788,0.0,1.55286,134.0,0.0
2026-08-23T16:30:02Z,2026-09-25,33,30000.0,P,0.0001,0.0004,0.0002,77595.63,77305.83,1.1847,-0.00212,0.0,1.55273,2550.8,0.0
2026-08-23T16:30:02Z,2026-09-25,33,35000.0,C,0.5475,0.5505,0.5492,77594.69,77305.83,1.0181,0.99717,0.0,2.01315,29.3,0.0
2026-08-23T16:30:02Z,2026-09-25,33,35000.0,P,0.0001,0.0004,0.0003,77595.63,77305.83,1.0181,-0.00283,0.0,2.01296,886.5,0.0
2026-08-23T16:30:02Z,2026-09-25,33,40000.0,C,0.4835,0.4865,0.485,77594.69,77305.83,0.9172,0.99466,0.0,3.56052,34.4,0.0
2026-08-23T16:30:02Z,2026-09-25,33,40000.0,P,0.0004,0.0005,0.0005,77595.17,77305.83,0.9172,-0.00534,0.0,3.56037,2356.7,0.0
2026-08-23T16:30:02Z,2026-09-25,33,45000.0,C,0.419,0.4225,0.4208,77595.17,77305.83,0.8027,0.99157,0.0,5.32739,224.9,0.0
2026-08-23T16:30:02Z,2026-09-25,33,45000.0,P,0.0006,0.0009,0.0007,77595.17,77305.83,0.8027,-0.00843,0.0,5.32739,2184.0,0.4
2026-08-23T16:30:02Z,2026-09-25,33,50000.0,C,0.3545,0.3585,0.3567,77595.17,77305.83,0.6953,0.9867,0.0,7.92193,30.4,0.0
2026-08-23T16:30:02Z,2026-09-25,33,50000.0,P,0.0009,0.0011,0.001,77595.17,77305.83,0.6953,-0.0133,0.0,7.92193,3662.0,25.6
2026-08-23T16:30:02Z,2026-09-25,33,52000.0,C,0.3285,0.333,0.3311,77594.62,77305.83,0.6607,0.98318,0.0,9.6933,150.0,0.0
2026-08-23T16:30:02Z,2026-09-25,33,52000.0,P,0.0011,0.0014,0.0013,77594.62,77305.83,0.6607,-0.01682,0.0,9.6933,1210.7,0.4
2026-08-23T16:30:02Z,2026-09-25,33,54000.0,C,0.303,0.3075,0.3057,77594.62,77305.83,0.6271,0.97866,0.0,11.87058,7.4,0.0
2026-08-23T16:30:02Z,2026-09-25,33,54000.0,P,0.0014,0.0017,0.0016,77595.17,77305.83,0.6271,-0.02134,0.0,11.86976,632.2,0.5
2026-08-23T16:30:02Z,2026-09-25,33,55000.0,C,0.2905,0.2945,0.293,77594.62,77305.83,0.6117,0.97574,0.0,13.22485,143.7,0.0
2026-08-23T16:30:02Z,2026-09-25,33,55000.0,P,0.0016,0.0019,0.0018,77595.17,77305.83,0.6117,-0.02426,0.0,13.22393,2984.1,0.2
2026-08-23T16:30:02Z,2026-09-25,33,56000.0,C,0.2775,0.282,0.2803,77595.17,77305.83,0.5953,0.97264,0.0,14.62711,13.4,0.0
2026-08-23T16:30:02Z,2026-09-25,33,56000.0,P,0.0019,0.0021,0.002,77595.17,77305.83,0.5953,-0.02736,0.0,14.62711,1483.0,0.9
2026-08-23T16:30:02Z,2026-09-25,33,58000.0,C,0.252,0.257,0.2549,77595.17,77305.83,0.5572,0.96636,1e-05,17.35487,460.7,0.2
2026-08-23T16:30:02Z,2026-09-25,33,58000.0,P,0.0022,0.0026,0.0023,77595.17,77305.83,0.5572,-0.03364,1e-05,17.35487,1396.2,4.2
2026-08-23T16:30:02Z,2026-09-25,33,60000.0,C,0.227,0.2315,0.2297,77595.17,77305.83,0.5272,0.95636,1e-05,21.4598,839.0,0.0
2026-08-23T16:30:02Z,2026-09-25,33,60000.0,P,0.0029,0.0032,0.003,77594.62,77305.83,0.5272,-0.04365,1e-05,21.4613,5537.7,10.8
2026-08-23T16:30:02Z,2026-09-25,33,62000.0,C,0.202,0.2065,0.2048,77594.62,77305.83,0.4975,0.94323,1e-05,26.4673,597.4,0.0
2026-08-23T16:30:02Z,2026-09-25,33,62000.0,P,0.0037,0.0039,0.0038,77595.17,77305.83,0.4975,-0.05676,1e-05,26.46549,1119.3,37.8
2026-08-23T16:30:02Z,2026-09-25,33,64000.0,C,0.1775,0.1825,0.1804,77595.17,77305.83,0.47409999999999997,0.92356,1e-05,33.32998,686.1,3.0
2026-08-23T16:30:02Z,2026-09-25,33,64000.0,P,0.0049,0.0055,0.0052,77595.17,77305.83,0.47409999999999997,-0.07644,1e-05,33.32998,916.3,2.5
2026-08-23T16:30:02Z,2026-09-25,33,65000.0,C,0.1655,0.17,0.1683,77595.17,77305.83,0.46149999999999997,0.91187,1e-05,37.10057,1294.8,0.2
2026-08-23T16:30:02Z,2026-09-25,33,65000.0,P,0.0055,0.0065,0.0059,77595.17,77305.83,0.46149999999999997,-0.08813,1e-05,37.10057,823.7,15.6
2026-08-23T16:30:02Z,2026-09-25,33,66000.0,C,0.1535,0.1585,0.1564,77595.34,77305.83,0.45049999999999996,0.89771,2e-05,41.40466,972.6,1.0
2026-08-23T16:30:02Z,2026-09-25,33,66000.0,P,0.0065,0.0075,0.0069,77595.34,77305.83,0.45049999999999996,-0.10229,2e-05,41.40466,1691.3,24.4
2026-08-23T16:30:02Z,2026-09-25,33,68000.0,C,0.1305,0.1355,0.1336,77595.08,77305.83,0.4357,0.85953,2e-05,51.76973,926.9,33.0
2026-08-23T16:30:02Z,2026-09-25,33,68000.0,P,0.0095,0.01,0.0099,77595.34,77305.83,0.4357,-0.14047,2e-05,51.76847,2065.8,10.8
2026-08-23T16:30:02Z,2026-09-25,33,70000.0,C,0.109,0.114,0.1118,77595.34,77305.83,0.42100000000000004,0.81086,3e-05,62.79737,11308.2,2.2
2026-08-23T16:30:02Z,2026-09-25,33,70000.0,P,0.0135,0.0145,0.0139,77595.08,77305.83,0.42100000000000004,-0.18914,3e-05,62.79863,2693.2,20.5
2026-08-23T16:30:02Z,2026-09-25,33,72000.0,C,0.0905,0.093,0.0916,77595.34,77305.83,0.40880000000000005,0.74961,3e-05,73.80433,3289.7,2.7
2026-08-23T16:30:02Z,2026-09-25,33,72000.0,P,0.0195,0.02,0.0195,77595.08,77305.83,0.40880000000000005,-0.2504,3e-05,73.80544,503.6,12.4
2026-08-23T16:30:02Z,2026-09-25,33,73000.0,C,0.0815,0.0835,0.0823,77595.08,77305.83,0.4052,0.71375,4e-05,78.94896,3.5,0.1
2026-08-23T16:30:02Z,2026-09-25,33,73000.0,P,0.0225,0.0235,0.0231,77595.34,77305.83,0.4052,-0.28624,4e-05,78.94799,204.5,23.5
2026-08-23T16:30:02Z,2026-09-25,33,74000.0,C,0.0735,0.075,0.0736,77595.34,77305.83,0.40240000000000004,0.67523,4e-05,83.4977,1620.9,2.4
2026-08-23T16:30:02Z,2026-09-25,33,74000.0,P,0.0265,0.028,0.0273,77595.08,77305.83,0.40240000000000004,-0.32478,4e-05,83.49848,260.4,2.2
2026-08-23T16:30:02Z,2026-09-25,33,75000.0,C,0.065,0.0665,0.0655,77595.34,77305.83,0.40009999999999996,0.63463,4e-05,87.25577,3724.7,74.0
2026-08-23T16:30:02Z,2026-09-25,33,75000.0,P,0.0315,0.0325,0.0321,77595.34,77305.83,0.40009999999999996,-0.36537,4e-05,87.25577,3511.3,12.2
2026-08-23T16:30:02Z,2026-09-25,33,76000.0,C,0.057,0.059,0.058,77595.08,77305.83,0.3985,0.59245,4e-05,90.08156,3279.6,33.8
2026-08-23T16:30:02Z,2026-09-25,33,76000.0,P,0.037,0.038,0.0375,77595.08,77305.83,0.3985,-0.40755,4e-05,90.08156,1177.9,1.9
2026-08-23T16:30:02Z,2026-09-25,33,77000.0,C,0.0505,0.0515,0.0511,77595.34,77305.83,0.3972,0.54943,4e-05,91.86748,184.1,5.9
2026-08-23T16:30:02Z,2026-09-25,33,77000.0,P,0.043,0.044,0.0434,77595.08,77305.83,0.3972,-0.45058,4e-05,91.8675,787.2,6.8
2026-08-23T16:30:02Z,2026-09-25,33,78000.0,C,0.0445,0.0455,0.0449,77595.34,77305.83,0.39659999999999995,0.50617,4e-05,92.56808,5629.8,87.9
2026-08-23T16:30:02Z,2026-09-25,33,78000.0,P,0.0495,0.051,0.0501,77595.34,77305.83,0.39659999999999995,-0.49383,4e-05,92.56808,738.0,2.9
2026-08-23T16:30:02Z,2026-09-25,33,79000.0,C,0.039,0.04,0.0394,77595.34,77305.83,0.39799999999999996,0.46365,4e-05,92.19464,45.0,2.5
2026-08-23T16:30:02Z,2026-09-25,33,79000.0,P,0.0565,0.058,0.0575,77595.34,77305.83,0.39799999999999996,-0.53635,4e-05,92.19464,6.1,0.0
2026-08-23T16:30:02Z,2026-09-25,33,80000.0,C,0.034,0.035,0.0344,77595.34,77305.83,0.39890000000000003,0.42223,4e-05,90.81432,3989.6,12.7
2026-08-23T16:30:02Z,2026-09-25,33,80000.0,P,0.064,0.0665,0.0654,77595.34,77305.83,0.39890000000000003,-0.57777,4e-05,90.81435,714.3,0.4
2026-08-23T16:30:02Z,2026-09-25,33,81000.0,C,0.0295,0.0305,0.0299,77595.34,77305.83,0.40020000000000006,0.3825,4e-05,88.53383,17.1,4.8
2026-08-23T16:30:02Z,2026-09-25,33,81000.0,P,0.0725,0.075,0.0738,77595.14,77305.83,0.40020000000000006,-0.61751,4e-05,88.53303,1.7,0.2
2026-08-23T16:30:02Z,2026-09-25,33,82000.0,C,0.0255,0.0265,0.026,77595.34,77305.83,0.4023,0.34506,4e-05,85.50583,4473.1,13.9
2026-08-23T16:30:02Z,2026-09-25,33,82000.0,P,0.0815,0.084,0.0828,77595.14,77305.83,0.4023,-0.65495,4e-05,85.50488,195.1,0.0
2026-08-23T16:30:02Z,2026-09-25,33,83000.0,C,0.022,0.023,0.0226,77595.14,77305.83,0.4044,0.30985,4e-05,81.85182,70.1,9.0
2026-08-23T16:30:02Z,2026-09-25,33,83000.0,P,0.0905,0.0955,0.0923,77595.34,77305.83,0.4044,-0.69015,4e-05,81.8529,0.0,0.0
2026-08-23T16:30:02Z,2026-09-25,33,84000.0,C,0.019,0.02,0.0195,77595.34,77305.83,0.4056,0.27654,4e-05,77.64564,3645.2,25.4
2026-08-23T16:30:02Z,2026-09-25,33,84000.0,P,0.1,0.105,0.102,77595.14,77305.83,0.4056,-0.72346,4e-05,77.64446,34.7,0.0
2026-08-23T16:30:02Z,2026-09-25,33,85000.0,C,0.0165,0.017,0.0168,77595.14,77305.83,0.408,0.24639,3e-05,73.17351,1548.1,109.4
2026-08-23T16:30:02Z,2026-09-25,33,85000.0,P,0.11,0.1155,0.1123,77595.14,77305.83,0.408,-0.75361,3e-05,73.17367,453.8,0.0
2026-08-23T16:30:02Z,2026-09-25,33,86000.0,C,0.014,0.015,0.0146,77595.14,77305.83,0.4113,0.21928,3e-05,68.58318,1126.0,127.5
2026-08-23T16:30:02Z,2026-09-25,33,86000.0,P,0.1205,0.1265,0.1229,77595.34,77305.83,0.4113,-0.78071,3e-05,68.58469,11.6,0.0
2026-08-23T16:30:02Z,2026-09-25,33,88000.0,C,0.011,0.0115,0.0111,77595.14,77305.83,0.41969999999999996,0.17368,3e-05,59.53203,1098.2,6.7
2026-08-23T16:30:02Z,2026-09-25,33,88000.0,P,0.143,0.149,0.1452,77595.34,77305.83,0.41969999999999996,-0.82632,3e-05,59.53356,5.7,0.0
2026-08-23T16:30:02Z,2026-09-25,33,90000.0,C,0.008,0.009,0.0085,77595.14,77305.83,0.4302,0.13822,2e-05,51.20454,3878.7,7.0
2026-08-23T16:30:02Z,2026-09-25,33,90000.0,P,0.166,0.172,0.1684,77595.14,77305.83,0.4302,-0.86177,2e-05,51.2048,588.2,0.0
2026-08-23T16:30:02Z,2026-09-25,33,92000.0,C,0.006,0.007,0.0065,77595.14,77305.83,0.4389,0.10902,2e-05,43.35689,791.2,0.3
2026-08-23T16:30:02Z,2026-09-25,33,92000.0,P,0.1895,0.1955,0.1922,77595.14,77305.83,0.4389,-0.89098,2e-05,43.35715,4.3,0.0
2026-08-23T16:30:02Z,2026-09-25,33,94000.0,C,0.005,0.0055,0.0053,77595.14,77305.83,0.4542,0.08946,2e-05,37.51501,216.4,49.7
2026-08-23T16:30:02Z,2026-09-25,33,94000.0,P,0.214,0.221,0.2167,77595.34,77305.83,0.4542,-0.91054,2e-05,37.51606,1.9,0.0
2026-08-23T16:30:02Z,2026-09-25,33,95000.0,C,0.0044,0.0049,0.0047,77595.14,77305.83,0.45890000000000003,0.07987,1e-05,34.45792,1936.4,174.4
2026-08-23T16:30:02Z,2026-09-25,33,95000.0,P,0.226,0.233,0.229,77595.14,77305.83,0.45890000000000003,-0.92013,1e-05,34.45792,147.6,0.0
2026-08-23T16:30:02Z,2026-09-25,33,96000.0,C,0.0039,0.0044,0.0042,77595.34,77305.83,0.4648,0.07194,1e-05,31.81981,300.3,2.2
2026-08-23T16:30:02Z,2026-09-25,33,96000.0,P,0.2385,0.2455,0.2414,77595.34,77305.83,0.4648,-0.92806,1e-05,31.81981,1.0,0.0
2026-08-23T16:30:02Z,2026-09-25,33,98000.0,C,0.0032,0.0036,0.0034,77595.34,77305.83,0.4779,0.05914,1e-05,27.33128,357.4,0.0
2026-08-23T16:30:02Z,2026-09-25,33,98000.0,P,0.2635,0.2695,0.2664,77595.14,77305.83,0.4779,-0.94087,1e-05,27.33044,0.1,0.0
2026-08-23T16:30:02Z,2026-09-25,33,100000.0,C,0.0026,0.0031,0.0029,77595.7,77305.83,0.4917,0.04932,1e-05,23.67197,5348.9,162.6
2026-08-23T16:30:02Z,2026-09-25,33,100000.0,P,0.2885,0.2955,0.2916,77595.15,77305.83,0.4917,-0.95069,1e-05,23.66991,336.6,0.0
2026-08-23T16:30:02Z,2026-09-25,33,102000.0,C,0.0021,0.0026,0.0024,77595.7,77305.83,0.5033,0.04078,1e-05,20.31437,133.5,0.3
2026-08-23T16:30:02Z,2026-09-25,33,102000.0,P,0.3135,0.3205,0.3169,77595.7,77305.83,0.5033,-0.95922,1e-05,20.3145,0.4,0.0
2026-08-23T16:30:02Z,2026-09-25,33,105000.0,C,0.0016,0.0021,0.0018,77595.14,77305.83,0.5222,0.03154,1e-05,16.45645,1209.0,0.2
2026-08-23T16:30:02Z,2026-09-25,33,105000.0,P,0.3515,0.3595,0.355,77595.15,77305.83,0.5222,-0.96846,1e-05,16.45634,105.2,0.0
2026-08-23T16:30:02Z,2026-09-25,33,110000.0,C,0.0011,0.0014,0.0013,77595.7,77305.83,0.5561,0.02195,0.0,12.15622,1372.7,0.2
2026-08-23T16:30:02Z,2026-09-25,33,110000.0,P,0.4155,0.424,0.4189,77595.7,77305.83,0.5561,-0.97805,0.0,12.15633,215.6,0.0
2026-08-23T16:30:02Z,2026-09-25,33,115000.0,C,0.0008,0.0011,0.0009,77595.7,77305.83,0.588,0.0158,0.0,9.1897,2145.8,0.5
2026-08-23T16:30:02Z,2026-09-25,33,115000.0,P,0.479,0.488,0.483,77595.7,77305.83,0.588,-0.9842,0.0,9.18978,94.2,0.0
2026-08-23T16:30:02Z,2026-09-25,33,120000.0,C,0.0006,0.0008,0.0007,77595.7,77305.83,0.6157,0.01144,0.0,6.95321,1149.5,0.3
2026-08-23T16:30:02Z,2026-09-25,33,120000.0,P,0.543,0.5515,0.5472,77595.7,77305.83,0.6157,-0.98856,0.0,6.95321,174.5,0.0
2026-08-23T16:30:02Z,2026-09-25,33,125000.0,C,0.0005,0.0007,0.0006,77595.15,77305.83,0.6537999999999999,0.00962,0.0,5.98065,2307.5,0.0
2026-08-23T16:30:02Z,2026-09-25,33,125000.0,P,0.6075,0.617,0.6115,77595.7,77305.83,0.6537999999999999,-0.99038,0.0,5.9812,21.8,0.0
2026-08-23T16:30:02Z,2026-09-25,33,130000.0,C,0.0003,0.0007,0.0005,77595.7,77305.83,0.6770999999999999,0.0072,0.0,4.63791,1417.0,0.0
2026-08-23T16:30:02Z,2026-09-25,33,130000.0,P,0.6715,0.6815,0.6758,77595.7,77305.83,0.6770999999999999,-0.9928,0.0,4.63791,21.4,0.0
2026-08-23T16:30:02Z,2026-09-25,33,135000.0,C,0.0002,0.0006,0.0004,77595.7,77305.83,0.7162999999999999,0.00661,0.0,4.29844,286.5,0.2
2026-08-23T16:30:02Z,2026-09-25,33,135000.0,P,0.7355,0.7455,0.7402,77595.15,77305.83,0.7162999999999999,-0.99339,0.0,4.29806,11.5,0.0
2026-08-23T16:30:02Z,2026-09-25,33,140000.0,C,0.0003,0.0005,0.0004,77595.7,77305.83,0.7452,0.0056,0.0,3.712,1207.4,0.0
2026-08-23T16:30:02Z,2026-09-25,33,140000.0,P,0.8,0.809,0.8046,77595.7,77305.83,0.7452,-0.9944,0.0,3.712,1.4,0.0
2026-08-23T16:30:02Z,2026-09-25,33,145000.0,C,0.0002,0.0004,0.0003,77595.15,77305.83,0.7722,0.00477,0.0,3.21798,476.9,0.2
2026-08-23T16:30:02Z,2026-09-25,33,145000.0,P,0.864,0.875,0.869,77595.15,77305.83,0.7722,-0.99523,0.0,3.21798,0.2,0.0
2026-08-23T16:30:02Z,2026-09-25,33,150000.0,C,0.0002,0.0003,0.0002,77595.15,77305.83,0.7824,0.00347,0.0,2.41866,735.3,0.0
2026-08-23T16:30:02Z,2026-09-25,33,150000.0,P,0.928,0.9395,0.9333,77595.95,77305.83,0.7824,-0.99653,0.0,2.41896,4.5,0.0
2026-08-23T16:30:02Z,2026-09-25,33,155000.0,C,0.0001,0.0004,0.0002,77595.7,77305.83,0.7973,0.0027,0.0,1.92883,351.8,1.0
2026-08-23T16:30:02Z,2026-09-25,33,155000.0,P,0.992,1.007,0.9977,77595.95,77305.83,0.7973,-0.9973,0.0,1.92891,0.1,0.0
2026-08-23T16:30:02Z,2026-09-25,33,160000.0,C,0.0001,0.0004,0.0002,77595.95,77305.83,0.8293,0.00261,0.0,1.86957,1438.2,0.0
2026-08-23T16:30:02Z,2026-09-25,33,160000.0,P,1.0555,1.0725,1.0622,77595.95,77305.83,0.8293,-0.99739,0.0,1.86957,0.6,0.0
2026-08-23T16:30:02Z,2026-09-25,33,165000.0,C,0.0001,0.0003,0.0002,77595.95,77305.83,0.8602,0.00252,0.0,1.81622,183.4,0.0
2026-08-23T16:30:02Z,2026-09-25,33,165000.0,P,1.118,1.137,1.1266,77595.95,77305.83,0.8602,-0.99748,0.0,1.81622,0.0,0.0
2026-08-23T16:30:02Z,2026-09-25,33,170000.0,C,0.0,0.0002,0.0002,77595.7,77305.83,0.8878,0.00239,0.0,1.73177,354.9,0.0
2026-08-23T16:30:02Z,2026-09-25,33,170000.0,P,1.1845,1.2015,1.191,77595.95,77305.83,0.8878,-0.99761,0.0,1.73183,0.0,0.0
2026-08-23T16:30:02Z,2026-09-25,33,175000.0,C,0.0,0.0002,0.0001,77595.95,77305.83,0.893,0.0018,0.0,1.33468,1368.4,0.0
2026-08-23T16:30:02Z,2026-09-25,33,175000.0,P,1.2485,1.266,1.2554,77595.95,77305.83,0.893,-0.9982,0.0,1.33468,3.3,0.0
2026-08-23T16:30:02Z,2026-09-25,33,180000.0,C,0.0,0.0002,0.0001,77595.95,77305.83,0.9192,0.00173,0.0,1.29011,753.3,0.0
2026-08-23T16:30:02Z,2026-09-25,33,180000.0,P,1.313,1.331,1.3199,77595.95,77305.83,0.9192,-0.99827,0.0,1.29011,10.5,0.0
2026-08-23T16:30:02Z,2026-09-25,33,190000.0,C,0.0,0.0002,0.0001,77595.7,77305.83,0.9748,0.00172,0.0,1.28083,772.8,0.0
2026-08-23T16:30:02Z,2026-09-25,33,190000.0,P,1.441,1.4605,1.4487,77595.7,77305.83,0.9748,-0.99828,0.0,1.28083,0.0,0.0
2026-08-23T16:30:02Z,2026-09-25,33,200000.0,C,0.0,0.0002,0.0001,77595.95,77305.83,1.0209000000000001,0.0016,0.0,1.19898,1027.4,0.0
2026-08-23T16:30:02Z,2026-09-25,33,200000.0,P,1.5695,1.591,1.5776,77595.95,77305.83,1.0209000000000001,-0.9984,0.0,1.19898,0.1,0.0
2026-08-23T16:30:02Z,2026-09-25,33,220000.0,C,0.0,0.0002,0.0001,77595.7,77305.83,1.0992,0.00132,0.0,1.011,243.5,0.0
2026-08-23T16:30:02Z,2026-09-25,33,220000.0,P,1.826,1.8495,1.8353,77595.7,77305.83,1.0992,-0.99868,0.0,1.011,1.8,0.0
2026-08-23T16:30:02Z,2026-09-25,33,240000.0,C,0.0,0.0002,0.0001,77595.95,77305.83,1.196,0.00145,0.0,1.09823,212.1,0.0
2026-08-23T16:30:02Z,2026-09-25,33,240000.0,P,2.0835,2.1045,2.0931,77595.95,77305.83,1.196,-0.99855,0.0,1.09823,0.0,0.0
2026-08-23T16:30:02Z,2026-09-25,33,260000.0,C,0.0,0.0002,0.0001,77595.95,77305.83,1.2665,0.00134,0.0,1.0193,293.4,0.0
2026-08-23T16:30:02Z,2026-09-25,33,260000.0,P,2.3385,2.3685,2.3508,77594.96,77305.83,1.2665,-0.99866,0.0,1.01918,0.0,0.0
2026-08-23T16:30:02Z,2026-09-25,33,280000.0,C,0.0,0.0002,0.0001,77595.84,77305.83,1.3252000000000002,0.00118,0.0,0.91199,76.2,0.0
2026-08-23T16:30:02Z,2026-09-25,33,280000.0,P,2.596,2.627,2.6086,77594.96,77305.83,1.3252000000000002,-0.99882,0.0,0.9119,0.0,0.0
2026-08-23T16:30:02Z,2026-09-25,33,300000.0,C,0.0,0.0002,0.0001,77595.84,77305.83,1.3972,0.00123,0.0,0.94725,191.9,0.0
2026-08-23T16:30:02Z,2026-09-25,33,300000.0,P,2.8505,2.8815,2.8663,77594.96,77305.83,1.3972,-0.99877,0.0,0.94716,0.0,0.0
2026-08-23T16:30:02Z,2026-09-25,33,320000.0,C,0.0,0.0001,0.0001,77594.96,77305.83,1.4015,0.00076,0.0,0.60728,293.6,0.0
2026-08-23T16:30:02Z,2026-09-25,33,320000.0,P,3.1095,3.149,3.124,77594.96,77305.83,1.4015,-0.99924,0.0,0.60728,25.1,0.0
2026-08-23T16:30:02Z,2026-10-30,68,40000.0,C,0.486,0.4895,0.4878,77913.55,77305.83,0.7195,0.98948,0.0,9.34088,0.1,0.0
2026-08-23T16:30:02Z,2026-10-30,68,40000.0,P,0.001,0.0015,0.0012,77913.55,77305.83,0.7195,-0.01052,0.0,9.34088,72.8,8.8
2026-08-23T16:30:02Z,2026-10-30,68,45000.0,C,0.4225,0.426,0.4245,77913.55,77305.83,0.6555,0.98153,0.0,15.18091,0.1,0.0
2026-08-23T16:30:02Z,2026-10-30,68,45000.0,P,0.002,0.0022,0.0021,77913.55,77305.83,0.6555,-0.01847,0.0,15.18091,93.0,0.0
2026-08-23T16:30:02Z,2026-10-30,68,48000.0,C,0.384,0.388,0.3864,77913.55,77305.83,0.6023,0.97714,0.0,18.18404,0.1,0.0
2026-08-23T16:30:02Z,2026-10-30,68,48000.0,P,0.0024,0.0027,0.0024,77913.55,77305.83,0.6023,-0.02286,0.0,18.18404,173.4,0.3
2026-08-23T16:30:02Z,2026-10-30,68,50000.0,C,0.359,0.363,0.3614,77913.55,77305.83,0.5843,0.97056,0.0,22.46721,0.1,0.0
2026-08-23T16:30:02Z,2026-10-30,68,50000.0,P,0.003,0.0033,0.0031,77913.55,77305.83,0.5843,-0.02944,0.0,22.46721,362.1,2.0
2026-08-23T16:30:02Z,2026-10-30,68,52000.0,C,0.3335,0.338,0.3361,77913.78,77305.83,0.5523,0.96559,0.0,25.56107,0.1,0.0
2026-08-23T16:30:02Z,2026-10-30,68,52000.0,P,0.0032,0.0039,0.0035,77913.78,77305.83,0.5523,-0.03441,0.0,25.56107,101.7,0.0
2026-08-23T16:30:02Z,2026-10-30,68,54000.0,C,0.309,0.313,0.3114,77913.78,77305.83,0.5325,0.95673,1e-05,30.80484,0.1,0.0
2026-08-23T16:30:02Z,2026-10-30,68,54000.0,P,0.0045,0.0047,0.0044,77913.78,77305.83,0.5325,-0.04327,1e-05,30.80484,188.1,0.0
2026-08-23T16:30:02Z,2026-10-30,68,55000.0,C,0.2965,0.301,0.2993,77913.78,77305.83,0.5291,0.94979,1e-05,34.70694,0.1,0.0
2026-08-23T16:30:02Z,2026-10-30,68,55000.0,P,0.005,0.0055,0.0052,77913.78,77305.83,0.5291,-0.05021,1e-05,34.70694,309.0,1.8
2026-08-23T16:30:02Z,2026-10-30,68,56000.0,C,0.2845,0.2885,0.287,77913.78,77305.83,0.5169,0.94467,1e-05,37.48863,0.0,0.0
2026-08-23T16:30:02Z,2026-10-30,68,56000.0,P,0.0055,0.006,0.0057,77913.78,77305.83,0.5169,-0.05533,1e-05,37.48863,453.1,0.5
2026-08-23T16:30:02Z,2026-10-30,68,57000.0,C,0.272,0.2765,0.2746,77913.78,77305.83,0.5033,0.93954,1e-05,40.19366,0.1,0.0
2026-08-23T16:30:02Z,2026-10-30,68,57000.0,P,0.006,0.0065,0.0062,77913.78,77305.83,0.5033,-0.06046,1e-05,40.19366,204.9,1.2
2026-08-23T16:30:02Z,2026-10-30,68,58000.0,C,0.2595,0.2645,0.2621,77913.78,77305.83,0.4876,0.93463,1e-05,42.71763,0.0,0.0
2026-08-23T16:30:02Z,2026-10-30,68,58000.0,P,0.006,0.007,0.0065,77913.78,77305.83,0.4876,-0.06537,1e-05,42.71763,138.9,10.0
2026-08-23T16:30:02Z,2026-10-30,68,59000.0,C,0.248,0.252,0.2502,77913.78,77305.83,0.48100000000000004,0.92595,1e-05,47.01948,1.1,0.0
2026-08-23T16:30:02Z,2026-10-30,68,59000.0,P,0.007,0.008,0.0075,77913.78,77305.83,0.48100000000000004,-0.07405,1e-05,47.01948,78.1,1.1
2026-08-23T16:30:02Z,2026-10-30,68,60000.0,C,0.2355,0.2405,0.2384,77913.78,77305.83,0.4738,0.91665,1e-05,51.43172,14.5,0.0
2026-08-23T16:30:02Z,2026-10-30,68,60000.0,P,0.008,0.009,0.0085,77913.78,77305.83,0.4738,-0.08335,1e-05,51.43172,1190.5,52.3
2026-08-23T16:30:02Z,2026-10-30,68,61000.0,C,0.224,0.2285,0.2265,77913.78,77305.83,0.465,0.90703,1e-05,55.79406,7.7,0.0
2026-08-23T16:30:02Z,2026-10-30,68,61000.0,P,0.009,0.01,0.0095,77913.78,77305.83,0.465,-0.09297,1e-05,55.79406,301.2,98.0
2026-08-23T16:30:02Z,2026-10-30,68,62000.0,C,0.212,0.217,0.2148,77913.78,77305.83,0.4556,0.8967,1e-05,60.27537,13.5,0.0
2026-08-23T16:30:02Z,2026-10-30,68,62000.0,P,0.01,0.011,0.0105,77913.78,77305.83,0.4556,-0.1033,1e-05,60.27537,1099.3,1.7
2026-08-23T16:30:02Z,2026-10-30,68,63000.0,C,0.2015,0.2055,0.2034,77913.51,77305.83,0.44939999999999997,0.88392,1e-05,65.53822,153.2,0.0
2026-08-23T16:30:02Z,2026-10-30,68,63000.0,P,0.0115,0.0125,0.0119,77913.78,77305.83,0.44939999999999997,-0.11607,1e-05,65.53705,490.3,1.4
2026-08-23T16:30:02Z,2026-10-30,68,64000.0,C,0.1895,0.194,0.1921,77913.51,77305.83,0.4426,0.87028,1e-05,70.85118,422.7,4.5
2026-08-23T16:30:02Z,2026-10-30,68,64000.0,P,0.013,0.014,0.0135,77913.78,77305.83,0.4426,-0.12972,1e-05,70.84997,621.8,4.5
2026-08-23T16:30:02Z,2026-10-30,68,65000.0,C,0.1785,0.1835,0.1812,77913.78,77305.83,0.43829999999999997,0.85423,2e-05,76.72187,425.2,0.0
2026-08-23T16:30:02Z,2026-10-30,68,65000.0,P,0.015,0.016,0.0154,77913.78,77305.83,0.43829999999999997,-0.14577,2e-05,76.72187,411.8,4.3
2026-08-23T16:30:02Z,2026-10-30,68,66000.0,C,0.1685,0.172,0.1703,77913.78,77305.83,0.4324,0.83758,2e-05,82.41387,160.5,0.0
2026-08-23T16:30:02Z,2026-10-30,68,66000.0,P,0.017,0.018,0.0174,77913.78,77305.83,0.4324,-0.16242,2e-05,82.41387,135.2,25.7
2026-08-23T16:30:02Z,2026-10-30,68,67000.0,C,0.1575,0.1615,0.1599,77913.78,77305.83,0.4282,0.81882,2e-05,88.37489,109.3,0.0
2026-08-23T16:30:02Z,2026-10-30,68,67000.0,P,0.019,0.0205,0.0198,77913.78,77305.83,0.4282,-0.18118,2e-05,88.37489,216.3,0.4
2026-08-23T16:30:02Z,2026-10-30,68,68000.0,C,0.1485,0.1505,0.1497,77913.78,77305.83,0.4235,0.7989,2e-05,94.21477,51.1,1.1
2026-08-23T16:30:02Z,2026-10-30,68,68000.0,P,0.022,0.023,0.0224,77913.78,77305.83,0.4235,-0.2011,2e-05,94.21477,37.6,0.0
2026-08-23T16:30:02Z,2026-10-30,68,69000.0,C,0.1385,0.141,0.1397,77913.78,77305.83,0.4191,0.77745,2e-05,99.97356,126.1,0.1
2026-08-23T16:30:02Z,2026-10-30,68,69000.0,P,0.025,0.026,0.0253,77913.78,77305.83,0.4191,-0.22255,2e-05,99.97356,161.4,1.0
2026-08-23T16:30:02Z,2026-10-30,68,70000.0,C,0.129,0.1315,0.1302,77913.92,77305.83,0.4158,0.75422,2e-05,105.62459,703.1,0.1
2026-08-23T16:30:02Z,2026-10-30,68,70000.0,P,0.028,0.029,0.0286,77913.51,77305.83,0.4158,-0.24579,2e-05,105.6261,252.1,0.4
2026-08-23T16:30:02Z,2026-10-30,68,71000.0,C,0.12,0.122,0.121,77913.78,77305.83,0.41240000000000004,0.7298,2e-05,110.94641,278.5,0.0
2026-08-23T16:30:02Z,2026-10-30,68,71000.0,P,0.032,0.033,0.0322,77913.78,77305.83,0.41240000000000004,-0.2702,2e-05,110.94641,30.4,0.0
2026-08-23T16:30:02Z,2026-10-30,68,72000.0,C,0.111,0.1135,0.1123,77913.78,77305.83,0.41009999999999996,0.70381,3e-05,115.94522,269.3,0.3
2026-08-23T16:30:02Z,2026-10-30,68,72000.0,P,0.036,0.037,0.0363,77913.78,77305.83,0.41009999999999996,-0.29619,3e-05,115.94522,57.4,0.0
2026-08-23T16:30:02Z,2026-10-30,68,73000.0,C,0.103,0.105,0.1039,77913.78,77305.83,0.408,0.67679,3e-05,120.44869,196.4,0.0
2026-08-23T16:30:02Z,2026-10-30,68,73000.0,P,0.0405,0.0415,0.0408,77913.78,77305.83,0.408,-0.32321,3e-05,120.44869,20.9,0.0
2026-08-23T16:30:02Z,2026-10-30,68,74000.0,C,0.095,0.097,0.0959,77913.78,77305.83,0.40590000000000004,0.64889,3e-05,124.38183,200.6,0.5
2026-08-23T16:30:02Z,2026-10-30,68,74000.0,P,0.045,0.0465,0.0457,77913.78,77305.83,0.40590000000000004,-0.35111,3e-05,124.38183,160.0,0.1
2026-08-23T16:30:02Z,2026-10-30,68,75000.0,C,0.0875,0.089,0.0884,77913.78,77305.83,0.4044,0.62019,3e-05,127.69341,1054.3,0.8
2026-08-23T16:30:02Z,2026-10-30,68,75000.0,P,0.0505,0.0515,0.051,77913.79,77305.83,0.4044,-0.37981,3e-05,127.6934,25.4,0.0
2026-08-23T16:30:02Z,2026-10-30,68,76000.0,C,0.0805,0.082,0.0813,77913.78,77305.83,0.4032,0.59098,3e-05,130.31823,198.2,0.0
2026-08-23T16:30:02Z,2026-10-30,68,76000.0,P,0.056,0.0575,0.0567,77913.51,77305.83,0.4032,-0.40903,3e-05,130.31838,27.4,0.3
2026-08-23T16:30:02Z,2026-10-30,68,77000.0,C,0.0735,0.075,0.0746,77913.78,77305.83,0.4023,0.56148,3e-05,132.22113,91.0,7.5
2026-08-23T16:30:02Z,2026-10-30,68,77000.0,P,0.0625,0.0635,0.0629,77913.78,77305.83,0.4023,-0.43852,3e-05,132.22113,59.4,5.1
2026-08-23T16:30:02Z,2026-10-30,68,78000.0,C,0.068,0.069,0.0683,77913.78,77305.83,0.40130000000000005,0.53187,3e-05,133.38576,325.7,30.2
2026-08-23T16:30:02Z,2026-10-30,68,78000.0,P,0.0685,0.07,0.0694,77913.78,77305.83,0.40130000000000005,-0.46813,3e-05,133.38576,53.8,0.7
2026-08-23T16:30:02Z,2026-10-30,68,79000.0,C,0.062,0.0635,0.0626,77913.79,77305.83,0.40149999999999997,0.50253,3e-05,133.81037,84.2,0.0
2026-08-23T16:30:02Z,2026-10-30,68,79000.0,P,0.0755,0.0775,0.0765,77913.78,77305.83,0.40149999999999997,-0.49747,3e-05,133.81035,8.6,0.0
2026-08-23T16:30:02Z,2026-10-30,68,80000.0,C,0.0565,0.058,0.0572,77913.79,77305.83,0.4012,0.47345,3e-05,133.51656,419.3,6.5
2026-08-23T16:30:02Z,2026-10-30,68,80000.0,P,0.083,0.085,0.0839,77913.78,77305.83,0.4012,-0.52655,3e-05,133.51652,3.4,0.6
2026-08-23T16:30:02Z,2026-10-30,68,81000.0,C,0.0515,0.053,0.0522,77913.78,77305.83,0.4014,0.44495,3e-05,132.53708,48.2,0.5
2026-08-23T16:30:02Z,2026-10-30,68,81000.0,P,0.0905,0.093,0.0918,77913.79,77305.83,0.4014,-0.55505,3e-05,132.53713,0.0,0.0
2026-08-23T16:30:02Z,2026-10-30,68,82000.0,C,0.047,0.048,0.0475,77913.78,77305.83,0.40159999999999996,0.41714,3e-05,130.91602,1132.9,0.1
2026-08-23T16:30:02Z,2026-10-30,68,82000.0,P,0.0985,0.101,0.1,77913.78,77305.83,0.40159999999999996,-0.58286,3e-05,130.91602,1.3,0.7
2026-08-23T16:30:02Z,2026-10-30,68,83000.0,C,0.043,0.044,0.0434,77913.78,77305.83,0.40259999999999996,0.39042,3e-05,128.73263,67.5,0.0
2026-08-23T16:30:02Z,2026-10-30,68,83000.0,P,0.107,0.1095,0.1086,77913.78,77305.83,0.40259999999999996,-0.60958,3e-05,128.73263,0.0,0.0
2026-08-23T16:30:02Z,2026-10-30,68,84000.0,C,0.039,0.04,0.0394,77913.78,77305.83,0.40299999999999997,0.3644,3e-05,126.00673,522.8,0.3
2026-08-23T16:30:02Z,2026-10-30,68,84000.0,P,0.116,0.1185,0.1175,77913.79,77305.83,0.40299999999999997,-0.6356,3e-05,126.00664,0.7,0.0
2026-08-23T16:30:02Z,2026-10-30,68,85000.0,C,0.0355,0.0365,0.0359,77913.92,77305.83,0.4042,0.33973,3e-05,122.86466,1626.3,0.8
2026-08-23T16:30:02Z,2026-10-30,68,85000.0,P,0.124,0.1295,0.1268,77913.92,77305.83,0.4042,-0.66027,3e-05,122.86466,0.1,0.1
2026-08-23T16:30:02Z,2026-10-30,68,86000.0,C,0.032,0.033,0.0326,77913.92,77305.83,0.40549999999999997,0.31623,3e-05,119.35105,233.0,1.0
2026-08-23T16:30:02Z,2026-10-30,68,86000.0,P,0.1335,0.1395,0.1364,77913.92,77305.83,0.40549999999999997,-0.68377,3e-05,119.35105,13.5,13.4
2026-08-23T16:30:02Z,2026-10-30,68,87000.0,C,0.029,0.0305,0.0297,77913.92,77305.83,0.4069,0.29389,3e-05,115.53055,13.9,0.1
2026-08-23T16:30:02Z,2026-10-30,68,87000.0,P,0.1435,0.1495,0.1463,77913.79,77305.83,0.4069,-0.70611,3e-05,115.52976,10.2,10.2
2026-08-23T16:30:02Z,2026-10-30,68,88000.0,C,0.0265,0.0275,0.027,77913.92,77305.83,0.40840000000000004,0.27276,2e-05,111.46902,79.4,0.1
2026-08-23T16:30:02Z,2026-10-30,68,88000.0,P,0.1535,0.1595,0.1564,77913.92,77305.83,0.40840000000000004,-0.72724,2e-05,111.46902,8.0,7.0
2026-08-23T16:30:02Z,2026-10-30,68,89000.0,C,0.024,0.025,0.0246,77913.92,77305.83,0.4102,0.25302,2e-05,107.26609,9.9,5.4
2026-08-23T16:30:02Z,2026-10-30,68,89000.0,P,0.164,0.17,0.1668,77913.92,77305.83,0.4102,-0.74698,2e-05,107.26609,0.0,0.0
2026-08-23T16:30:02Z,2026-10-30,68,90000.0,C,0.022,0.023,0.0224,77913.92,77305.83,0.4122,0.23456,2e-05,102.96802,272.0,5.0
2026-08-23T16:30:02Z,2026-10-30,68,90000.0,P,0.1745,0.181,0.1775,77913.92,77305.83,0.4122,-0.76544,2e-05,102.96802,0.5,0.1
2026-08-23T16:30:02Z,2026-10-30,68,92000.0,C,0.018,0.019,0.0186,77913.92,77305.83,0.4164,0.20117,2e-05,94.23367,51.3,0.1
2026-08-23T16:30:02Z,2026-10-30,68,92000.0,P,0.1965,0.203,0.1994,77913.92,77305.83,0.4164,-0.79883,2e-05,94.23367,0.0,0.0
2026-08-23T16:30:02Z,2026-10-30,68,94000.0,C,0.015,0.016,0.0156,77913.92,77305.83,0.4219,0.17297,2e-05,85.82362,132.7,0.5
2026-08-23T16:30:02Z,2026-10-30,68,94000.0,P,0.2185,0.226,0.222,77913.92,77305.83,0.4219,-0.82703,2e-05,85.82362,0.0,0.0
2026-08-23T16:30:02Z,2026-10-30,68,95000.0,C,0.014,0.015,0.0143,77913.92,77305.83,0.425,0.16055,2e-05,81.79339,576.1,1.0
2026-08-23T16:30:02Z,2026-10-30,68,95000.0,P,0.23,0.2375,0.2336,77913.92,77305.83,0.425,-0.83945,2e-05,81.79339,0.2,0.0
2026-08-23T16:30:02Z,2026-10-30,68,96000.0,C,0.0125,0.0135,0.013,77913.92,77305.83,0.4274,0.14858,2e-05,77.71242,17.3,0.5
2026-08-23T16:30:02Z,2026-10-30,68,96000.0,P,0.2415,0.249,0.2452,77913.92,77305.83,0.4274,-0.85142,2e-05,77.71242,0.0,0.0
2026-08-23T16:30:02Z,2026-10-30,68,98000.0,C,0.0105,0.0115,0.011,77913.92,77305.83,0.4336,0.12813,1e-05,70.24715,20.6,0.0
2026-08-23T16:30:02Z,2026-10-30,68,98000.0,P,0.2655,0.273,0.2688,77913.92,77305.83,0.4336,-0.87187,1e-05,70.24715,0.0,0.0
2026-08-23T16:30:02Z,2026-10-30,68,100000.0,C,0.009,0.01,0.0095,77913.92,77305.83,0.44179999999999997,0.11179,1e-05,63.80645,623.6,14.7
2026-08-23T16:30:02Z,2026-10-30,68,100000.0,P,0.289,0.297,0.293,77913.92,77305.83,0.44179999999999997,-0.88821,1e-05,63.80645,0.0,0.0
2026-08-23T16:30:02Z,2026-10-30,68,102000.0,C,0.0075,0.0085,0.008,77920.26,77305.83,0.44670000000000004,0.09607,1e-05,57.16495,6.0,0.0
2026-08-23T16:30:02Z,2026-10-30,68,102000.0,P,0.3135,0.3215,0.3172,77913.92,77305.83,0.44670000000000004,-0.904,1e-05,57.13008,0.0,0.0
2026-08-23T16:30:02Z,2026-10-30,68,105000.0,C,0.006,0.007,0.0065,77914.05,77305.83,0.4585,0.07885,1e-05,49.32377,108.9,2.3
2026-08-23T16:30:02Z,2026-10-30,68,105000.0,P,0.3505,0.3585,0.3542,77914.05,77305.83,0.4585,-0.92115,1e-05,49.32377,0.0,0.0
2026-08-23T16:30:02Z,2026-10-30,68,110000.0,C,0.0045,0.0049,0.0047,77914.05,77305.83,0.4783,0.05798,1e-05,38.89798,20.3,1.1
2026-08-23T16:30:02Z,2026-10-30,68,110000.0,P,0.412,0.421,0.4166,77914.05,77305.83,0.4783,-0.94202,1e-05,38.89798,0.0,0.0
2026-08-23T16:30:02Z,2026-12-25,124,20000.0,C,0.7445,0.747,0.7459,78535.34,77305.83,0.9399,0.99723,0.0,3.89051,2.9,0.0
2026-08-23T16:30:02Z,2026-12-25,124,20000.0,P,0.0004,0.0007,0.0005,78532.36,77305.83,0.9399,-0.00277,0.0,3.89111,318.4,1.2
2026-08-23T16:30:02Z,2026-12-25,124,30000.0,C,0.618,0.6205,0.6194,78535.34,77305.83,0.7595000000000001,0.99176,0.0,10.28507,300.6,0.0
2026-08-23T16:30:02Z,2026-12-25,124,30000.0,P,0.0015,0.0016,0.0014,78532.36,77305.83,0.7595000000000001,-0.00824,0.0,10.28679,2135.9,1.6
2026-08-23T16:30:02Z,2026-12-25,124,35000.0,C,0.5545,0.558,0.5564,78535.34,77305.83,0.6875,0.98679,0.0,15.51491,77.8,0.0
2026-08-23T16:30:02Z,2026-12-25,124,35000.0,P,0.002,0.0024,0.0021,78535.34,77305.83,0.6875,-0.01321,0.0,15.51491,2390.0,0.2
2026-08-23T16:30:02Z,2026-12-25,124,40000.0,C,0.4915,0.4955,0.4941,78535.34,77305.83,0.635,0.9778,0.0,24.17416,250.9,0.0
2026-08-23T16:30:02Z,2026-12-25,124,40000.0,P,0.0034,0.0035,0.0035,78535.34,77305.83,0.635,-0.0222,0.0,24.17416,4497.1,0.3
2026-08-23T16:30:02Z,2026-12-25,124,45000.0,C,0.4295,0.4335,0.432,78535.34,77305.83,0.5751,0.96645,0.0,34.11288,54.3,0.0
2026-08-23T16:30:02Z,2026-12-25,124,45000.0,P,0.0046,0.005,0.005,78535.34,77305.83,0.5751,-0.03355,0.0,34.11288,2860.9,0.5
2026-08-23T16:30:02Z,2026-12-25,124,50000.0,C,0.368,0.373,0.3708,78535.34,77305.83,0.5252,0.94845,0.0,48.30574,260.8,0.0
2026-08-23T16:30:02Z,2026-12-25,124,50000.0,P,0.007,0.008,0.0075,78535.34,77305.83,0.5252,-0.05155,0.0,48.30574,2227.1,1.9
2026-08-23T16:30:02Z,2026-12-25,124,52000.0,C,0.3445,0.349,0.3471,78535.34,77305.83,0.5138,0.93678,1e-05,56.72061,0.1,0.0
2026-08-23T16:30:02Z,2026-12-25,124,52000.0,P,0.009,0.0095,0.0093,78535.34,77305.83,0.5138,-0.06322,1e-05,56.72061,530.3,1.0
2026-08-23T16:30:02Z,2026-12-25,124,54000.0,C,0.3205,0.3255,0.3233,78532.36,77305.83,0.49700000000000005,0.92498,1e-05,64.71587,33.1,0.0
2026-08-23T16:30:02Z,2026-12-25,124,54000.0,P,0.0105,0.0115,0.011,78532.36,77305.83,0.49700000000000005,-0.07502,1e-05,64.71587,1867.4,0.8
2026-08-23T16:30:02Z,2026-12-25,124,55000.0,C,0.309,0.314,0.3118,78535.34,77305.83,0.49200000000000005,0.91729,1e-05,69.68606,44.9,0.0
2026-08-23T16:30:02Z,2026-12-25,124,55000.0,P,0.0115,0.013,0.0122,78535.34,77305.83,0.49200000000000005,-0.08271,1e-05,69.68606,2500.3,0.0
2026-08-23T16:30:02Z,2026-12-25,124,56000.0,C,0.2975,0.3025,0.3003,78535.34,77305.83,0.4852,0.90969,1e-05,74.41695,41.5,0.0
2026-08-23T16:30:02Z,2026-12-25,124,56000.0,P,0.0125,0.014,0.0134,78537.69,77305.83,0.4852,-0.09029,1e-05,74.40809,480.2,0.7
2026-08-23T16:30:02Z,2026-12-25,124,58000.0,C,0.275,0.2795,0.2776,78537.69,77305.83,0.4738,0.892,1e-05,84.82889,40.3,0.0
2026-08-23T16:30:02Z,2026-12-25,124,58000.0,P,0.0155,0.017,0.0162,78537.69,77305.83,0.4738,-0.108,1e-05,84.82889,1972.3,1.6
2026-08-23T16:30:02Z,2026-12-25,124,60000.0,C,0.253,0.2575,0.2555,78537.69,77305.83,0.46240000000000003,0.87181,1e-05,95.76286,797.9,0.0
2026-08-23T16:30:02Z,2026-12-25,124,60000.0,P,0.019,0.02,0.0195,78537.69,77305.83,0.46240000000000003,-0.12819,1e-05,95.76286,6605.3,10.3
2026-08-23T16:30:02Z,2026-12-25,124,62000.0,C,0.2315,0.236,0.2342,78537.69,77305.83,0.4539,0.84783,1e-05,107.60391,247.1,0.0
2026-08-23T16:30:02Z,2026-12-25,124,62000.0,P,0.023,0.0245,0.0237,78537.69,77305.83,0.4539,-0.15217,1e-05,107.60391,978.6,9.4
2026-08-23T16:30:02Z,2026-12-25,124,64000.0,C,0.211,0.2155,0.2137,78537.69,77305.83,0.4461,0.82073,1e-05,119.63801,405.5,0.0
2026-08-23T16:30:02Z,2026-12-25,124,64000.0,P,0.028,0.029,0.0286,78537.69,77305.83,0.4461,-0.17927,1e-05,119.63801,347.3,10.2
2026-08-23T16:30:02Z,2026-12-25,124,65000.0,C,0.201,0.2055,0.2036,78537.69,77305.83,0.44179999999999997,0.80631,1e-05,125.51443,952.1,0.0
2026-08-23T16:30:02Z,2026-12-25,124,65000.0,P,0.0305,0.032,0.0313,78535.55,77305.83,0.44179999999999997,-0.19372,1e-05,125.52251,846.5,0.1
2026-08-23T16:30:02Z,2026-12-25,124,66000.0,C,0.193,0.1955,0.194,78537.69,77305.83,0.439,0.79059,1e-05,131.52353,280.6,2.0
2026-08-23T16:30:02Z,2026-12-25,124,66000.0,P,0.0335,0.035,0.0344,78537.69,77305.83,0.439,-0.20941,1e-05,131.52353,369.2,2.5
2026-08-23T16:30:02Z,2026-12-25,124,68000.0,C,0.1745,0.177,0.1753,78537.69,77305.83,0.43270000000000003,0.7574,2e-05,142.93687,936.7,2.0
2026-08-23T16:30:02Z,2026-12-25,124,68000.0,P,0.0405,0.042,0.0412,78537.69,77305.83,0.43270000000000003,-0.2426,2e-05,142.93687,478.7,0.6
2026-08-23T16:30:02Z,2026-12-25,124,70000.0,C,0.157,0.1595,0.1578,78537.69,77305.83,0.428,0.72125,2e-05,153.53887,1948.1,24.0
2026-08-23T16:30:02Z,2026-12-25,124,70000.0,P,0.0485,0.05,0.0492,78537.69,77305.83,0.428,-0.27875,2e-05,153.53887,1174.6,1.6
2026-08-23T16:30:02Z,2026-12-25,124,72000.0,C,0.1405,0.1425,0.1415,78537.69,77305.83,0.424,0.6828,2e-05,162.86294,1272.1,0.0
2026-08-23T16:30:02Z,2026-12-25,124,72000.0,P,0.0575,0.059,0.0583,78535.55,77305.83,0.424,-0.31724,2e-05,162.86705,341.7,0.1
2026-08-23T16:30:02Z,2026-12-25,124,74000.0,C,0.1255,0.1275,0.1263,78535.55,77305.83,0.42100000000000004,0.64255,2e-05,170.58595,145.5,0.0
2026-08-23T16:30:02Z,2026-12-25,124,74000.0,P,0.068,0.0695,0.0686,78537.8,77305.83,0.42100000000000004,-0.3574,2e-05,170.58355,121.9,0.1
2026-08-23T16:30:02Z,2026-12-25,124,75000.0,C,0.1185,0.12,0.1192,78537.8,77305.83,0.41960000000000003,0.62204,2e-05,173.75994,1956.2,0.0
2026-08-23T16:30:02Z,2026-12-25,124,75000.0,P,0.0735,0.075,0.0742,78537.15,77305.83,0.41960000000000003,-0.37797,2e-05,173.76033,1011.8,0.5
2026-08-23T16:30:02Z,2026-12-25,124,76000.0,C,0.1115,0.113,0.1123,78537.15,77305.83,0.41840000000000005,0.60126,2e-05,176.45276,446.9,0.3
2026-08-23T16:30:02Z,2026-12-25,124,76000.0,P,0.0795,0.0805,0.0801,78537.15,77305.83,0.41840000000000005,-0.39874,2e-05,176.45276,149.3,0.5
2026-08-23T16:30:02Z,2026-12-25,124,78000.0,C,0.099,0.1005,0.0997,78537.15,77305.83,0.4172,0.55949,2e-05,180.32792,933.2,30.2
2026-08-23T16:30:02Z,2026-12-25,124,78000.0,P,0.092,0.094,0.0929,78537.8,77305.83,0.4172,-0.4405,2e-05,180.32849,339.0,0.0
2026-08-23T16:30:02Z,2026-12-25,124,80000.0,C,0.0875,0.0895,0.0883,78537.15,77305.83,0.4165,0.51798,2e-05,182.17389,8725.0,33.2
2026-08-23T16:30:02Z,2026-12-25,124,80000.0,P,0.106,0.108,0.107,78537.15,77305.83,0.4165,-0.48202,2e-05,182.17389,991.5,0.0
2026-08-23T16:30:02Z,2026-12-25,124,82000.0,C,0.077,0.0785,0.0777,78537.8,77305.83,0.41490000000000005,0.47691,2e-05,182.05505,1165.5,0.5
2026-08-23T16:30:02Z,2026-12-25,124,82000.0,P,0.1205,0.123,0.1218,78537.8,77305.83,0.41490000000000005,-0.52309,2e-05,182.05505,158.8,0.0
2026-08-23T16:30:02Z,2026-12-25,124,84000.0,C,0.0675,0.0685,0.0683,78537.15,77305.83,0.4144,0.43713,2e-05,180.08989,1204.5,0.5
2026-08-23T16:30:02Z,2026-12-25,124,84000.0,P,0.1365,0.1395,0.1379,78537.15,77305.83,0.4144,-0.56287,2e-05,180.08989,47.4,0.0
2026-08-23T16:30:02Z,2026-12-25,124,85000.0,C,0.0635,0.0645,0.0641,78537.8,77305.83,0.4146,0.41798,2e-05,178.49229,2257.4,2.7
2026-08-23T16:30:02Z,2026-12-25,124,85000.0,P,0.145,0.148,0.1464,78537.58,77305.83,0.4146,-0.58203,2e-05,178.49144,554.5,0.0
2026-08-23T16:30:02Z,2026-12-25,124,86000.0,C,0.0595,0.061,0.06,78537.15,77305.83,0.4143,0.39904,2e-05,176.48805,313.0,0.0
2026-08-23T16:30:02Z,2026-12-25,124,86000.0,P,0.1535,0.1565,0.1551,78537.15,77305.83,0.4143,-0.60096,2e-05,176.48805,25.4,2.0
2026-08-23T16:30:02Z,2026-12-25,124,88000.0,C,0.052,0.0535,0.0527,78537.15,77305.83,0.4152,0.36318,2e-05,171.52717,2954.5,1.0
2026-08-23T16:30:02Z,2026-12-25,124,88000.0,P,0.171,0.1755,0.1733,78537.15,77305.83,0.4152,-0.63682,2e-05,171.52717,4.5,0.0
2026-08-23T16:30:02Z,2026-12-25,124,90000.0,C,0.0455,0.047,0.0463,78537.15,77305.83,0.41619999999999996,0.32948,2e-05,165.4363,3534.6,10.0
2026-08-23T16:30:02Z,2026-12-25,124,90000.0,P,0.1895,0.194,0.1923,78537.8,77305.83,0.41619999999999996,-0.6705,2e-05,165.44016,615.3,0.0
2026-08-23T16:30:02Z,2026-12-25,124,92000.0,C,0.04,0.041,0.0404,78537.18,77305.83,0.41659999999999997,0.29763,2e-05,158.35957,308.7,0.4
2026-08-23T16:30:02Z,2026-12-25,124,92000.0,P,0.2085,0.215,0.2119,78537.18,77305.83,0.41659999999999997,-0.70237,2e-05,158.35957,5.6,0.0
2026-08-23T16:30:02Z,2026-12-25,124,94000.0,C,0.035,0.0365,0.0356,78537.18,77305.83,0.41859999999999997,0.269,2e-05,150.85845,147.1,1.5
2026-08-23T16:30:02Z,2026-12-25,124,94000.0,P,0.2295,0.2355,0.2324,78537.18,77305.83,0.41859999999999997,-0.731,2e-05,150.85845,5.3,0.0
2026-08-23T16:30:02Z,2026-12-25,124,95000.0,C,0.0325,0.0335,0.0332,78537.18,77305.83,0.419,0.25512,2e-05,146.81731,1423.1,0.1
2026-08-23T16:30:02Z,2026-12-25,124,95000.0,P,0.24,0.2465,0.2428,78537.18,77305.83,0.419,-0.74488,2e-05,146.81731,85.9,0.0
2026-08-23T16:30:02Z,2026-12-25,124,96000.0,C,0.0305,0.0315,0.0312,78537.18,77305.83,0.4204,0.24251,2e-05,142.90728,1351.2,2.1
2026-08-23T16:30:02Z,2026-12-25,124,96000.0,P,0.2505,0.257,0.2536,78537.26,77305.83,0.4204,-0.75749,2e-05,142.90784,11.3,0.0
2026-08-23T16:30:02Z,2026-12-25,124,98000.0,C,0.027,0.0275,0.0273,78537.26,77305.83,0.4217,0.21788,2e-05,134.59388,224.1,0.2
2026-08-23T16:30:02Z,2026-12-25,124,98000.0,P,0.272,0.2785,0.2751,78537.18,77305.83,0.4217,-0.78212,2e-05,134.59331,1.2,0.0
2026-08-23T16:30:02Z,2026-12-25,124,100000.0,C,0.0235,0.0245,0.0242,78537.26,77305.83,0.4251,0.19688,1e-05,126.76381,4181.5,15.5
2026-08-23T16:30:02Z,2026-12-25,124,100000.0,P,0.294,0.301,0.2975,78537.18,77305.83,0.4251,-0.80312,1e-05,126.76323,303.2,0.0
2026-08-23T16:30:02Z,2026-12-25,124,102000.0,C,0.0205,0.0215,0.0212,78537.18,77305.83,0.4266,0.17655,1e-05,118.49058,374.1,6.1
2026-08-23T16:30:02Z,2026-12-25,124,102000.0,P,0.317,0.3245,0.3199,78537.18,77305.83,0.4266,-0.82345,1e-05,118.49058,7.8,0.0
2026-08-23T16:30:02Z,2026-12-25,124,104000.0,C,0.018,0.019,0.0187,78537.18,77305.83,0.4291,0.15877,1e-05,110.65934,86.9,0.1
2026-08-23T16:30:02Z,2026-12-25,124,104000.0,P,0.34,0.348,0.3429,78537.18,77305.83,0.4291,-0.84123,1e-05,110.65934,0.1,0.0
2026-08-23T16:30:02Z,2026-12-25,124,105000.0,C,0.017,0.0185,0.0178,78537.18,77305.83,0.4322,0.15182,1e-05,107.43576,885.3,0.1
2026-08-23T16:30:02Z,2026-12-25,124,105000.0,P,0.3515,0.3595,0.3548,78537.58,77305.83,0.4322,-0.84818,1e-05,107.43824,109.4,0.0
2026-08-23T16:30:02Z,2026-12-25,124,106000.0,C,0.016,0.0175,0.0168,78537.18,77305.83,0.4339,0.14434,1e-05,103.86358,741.4,0.1
2026-08-23T16:30:02Z,2026-12-25,124,106000.0,P,0.363,0.3715,0.3665,78537.18,77305.83,0.4339,-0.85566,1e-05,103.86358,0.2,0.0
2026-08-23T16:30:02Z,2026-12-25,124,108000.0,C,0.0145,0.0155,0.015,78537.58,77305.83,0.4378,0.1308,1e-05,97.11164,128.9,0.0
2026-08-23T16:30:02Z,2026-12-25,124,108000.0,P,0.3865,0.3945,0.3902,78537.18,77305.83,0.4378,-0.8692,1e-05,97.10897,0.1,0.0
2026-08-23T16:30:02Z,2026-12-25,124,110000.0,C,0.0125,0.014,0.0133,78537.58,77305.83,0.44060000000000005,0.11787,1e-05,90.29299,2643.6,1.0
2026-08-23T16:30:02Z,2026-12-25,124,110000.0,P,0.4105,0.419,0.4139,78537.18,77305.83,0.44060000000000005,-0.88213,1e-05,90.29041,54.2,0.0
2026-08-23T16:30:02Z,2026-12-25,124,115000.0,C,0.0095,0.011,0.0103,78537.58,77305.83,0.4508,0.09305,1e-05,76.08737,2248.6,0.0
2026-08-23T16:30:02Z,2026-12-25,124,115000.0,P,0.4705,0.48,0.4746,78537.58,77305.83,0.4508,-0.90695,1e-05,76.08737,5.0,0.0
2026-08-23T16:30:02Z,2026-12-25,124,120000.0,C,0.0075,0.008,0.008,78537.58,77305.83,0.4608,0.07402,1e-05,64.05736,5872.0,40.5
2026-08-23T16:30:02Z,2026-12-25,124,120000.0,P,0.532,0.541,0.536,78537.58,77305.83,0.4608,-0.92598,1e-05,64.05736,35.7,0.0
2026-08-23T16:30:02Z,2026-12-25,124,125000.0,C,0.006,0.0065,0.0065,78537.58,77305.83,0.4732,0.06059,1e-05,54.87131,600.0,0.1
2026-08-23T16:30:02Z,2026-12-25,124,125000.0,P,0.594,0.604,0.5981,78537.58,77305.83,0.4732,-0.93941,1e-05,54.87131,9.1,0.0
2026-08-23T16:30:02Z,2026-12-25,124,130000.0,C,0.0049,0.0055,0.0054,78537.58,77305.83,0.4867,0.05075,0.0,47.70768,1555.5,0.6
2026-08-23T16:30:02Z,2026-12-25,124,130000.0,P,0.657,0.666,0.6607,78537.58,77305.83,0.4867,-0.94925,0.0,47.70768,54.0,0.0
2026-08-23T16:30:02Z,2026-12-25,124,135000.0,C,0.0044,0.0048,0.0046,78537.58,77305.83,0.5003,0.0432,0.0,41.92574,1304.2,4.1
2026-08-23T16:30:02Z,2026-12-25,124,135000.0,P,0.7195,0.729,0.7236,78537.58,77305.83,0.5003,-0.9568,0.0,41.92574,0.7,0.0
2026-08-23T16:30:02Z,2026-12-25,124,140000.0,C,0.0034,0.004,0.0038,78537.18,77305.83,0.5085000000000001,0.03553,0.0,35.76201,1420.6,0.0
2026-08-23T16:30:02Z,2026-12-25,124,140000.0,P,0.781,0.793,0.7864,78537.58,77305.83,0.5085000000000001,-0.96446,0.0,35.7633,0.3,0.0
2026-08-23T16:30:02Z,2026-12-25,124,150000.0,C,0.0025,0.0029,0.0027,78537.58,77305.83,0.5288,0.02567,0.0,27.31146,1655.0,20.3
2026-08-23T16:30:02Z,2026-12-25,124,150000.0,P,0.908,0.9195,0.9126,78537.58,77305.83,0.5288,-0.97433,0.0,27.31132,2.5,0.0
2026-08-23T16:30:02Z,2026-12-25,124,160000.0,C,0.0017,0.0026,0.0022,78538.55,77305.83,0.5529999999999999,0.02019,0.0,22.30765,1261.1,0.3
2026-08-23T16:30:02Z,2026-12-25,124,160000.0,P,1.031,1.0535,1.0394,78538.55,77305.83,0.5529999999999999,-0.97981,0.0,22.30765,0.1,0.0
2026-08-23T16:30:02Z,2026-12-25,124,170000.0,C,0.0013,0.0021,0.0017,78537.58,77305.83,0.5732,0.01586,0.0,18.15951,2383.4,1.0
2026-08-23T16:30:02Z,2026-12-25,124,170000.0,P,1.157,1.181,1.1663,78538.55,77305.83,0.5732,-0.98414,0.0,18.16118,0.1,0.0
2026-08-23T16:30:02Z,2026-12-25,124,180000.0,C,0.0011,0.0018,0.0014,78538.55,77305.83,0.5948,0.01311,0.0,15.41799,935.4,0.0
2026-08-23T16:30:02Z,2026-12-25,124,180000.0,P,1.2835,1.309,1.2933,78537.58,77305.83,0.5948,-0.98689,0.0,15.41657,0.1,0.0
2026-08-23T16:30:02Z,2026-12-25,124,190000.0,C,0.0009,0.0015,0.0012,78538.55,77305.83,0.6128,0.01076,0.0,12.98482,997.3,0.0
2026-08-23T16:30:02Z,2026-12-25,124,190000.0,P,1.41,1.4365,1.4204,78538.55,77305.83,0.6128,-0.98924,0.0,12.98482,0.0,0.0
2026-08-23T16:30:02Z,2026-12-25,124,200000.0,C,0.0007,0.0013,0.001,78537.58,77305.83,0.6285000000000001,0.00883,0.0,10.9311,969.3,0.0
2026-08-23T16:30:02Z,2026-12-25,124,200000.0,P,1.5365,1.5655,1.5475,78537.58,77305.83,0.6285000000000001,-0.99117,0.0,10.9311,0.0,0.0
2026-08-23T16:30:02Z,2026-12-25,124,210000.0,C,0.0006,0.0011,0.0008,78538.55,77305.83,0.6446999999999999,0.00747,0.0,9.43687,163.0,0.0
2026-08-23T16:30:02Z,2026-12-25,124,210000.0,P,1.6625,1.694,1.6747,78537.58,77305.83,0.6446999999999999,-0.99253,0.0,9.43599,0.0,0.0
2026-08-23T16:30:02Z,2026-12-25,124,220000.0,C,0.0005,0.001,0.0007,78537.58,77305.83,0.6607999999999999,0.00646,0.0,8.29576,260.4,0.5
2026-08-23T16:30:02Z,2026-12-25,124,220000.0,P,1.7895,1.8235,1.8019,78538.55,77305.83,0.6607999999999999,-0.99354,0.0,8.29652,0.0,0.0
2026-08-23T16:30:02Z,2026-12-25,124,230000.0,C,0.0004,0.0009,0.0006,78538.55,77305.83,0.6739,0.00549,0.0,7.18387,202.3,0.0
2026-08-23T16:30:02Z,2026-12-25,124,230000.0,P,1.916,1.95,1.9292,78538.55,77305.83,0.6739,-0.99451,0.0,7.18387,0.0,0.0
2026-08-23T16:30:02Z,2026-12-25,124,240000.0,C,0.0003,0.0008,0.0005,78538.55,77305.83,0.6835,0.00454,0.0,6.06272,791.8,0.0
2026-08-23T16:30:02Z,2026-12-25,124,240000.0,P,2.0425,2.0825,2.0563,78538.56,77305.83,0.6835,-0.99546,0.0,6.06266,0.0,0.0
2026-08-23T16:30:02Z,2026-12-25,124,250000.0,C,0.0003,0.0007,0.0005,78538.55,77305.83,0.6998000000000001,0.00415,0.0,5.60212,1284.2,11.0
2026-08-23T16:30:02Z,2026-12-25,124,250000.0,P,2.1675,2.212,2.1837,78538.55,77305.83,0.6998000000000001,-0.99585,0.0,5.60212,10.0,0.0
2026-08-23T16:30:02Z,2027-03-26,215,35000.0,C,0.5615,0.5645,0.5628,79368.09,77305.83,0.5815,0.98026,0.0,29.14304,8.9,0.0
2026-08-23T16:30:02Z,2027-03-26,215,35000.0,P,0.0033,0.004,0.0038,79368.07,77305.83,0.5815,-0.01974,0.0,29.14307,614.6,0.0
2026-08-23T16:30:02Z,2027-03-26,215,40000.0,C,0.5005,0.504,0.5025,79368.07,77305.83,0.5502,0.96675,0.0,45.08606,81.3,0.0
2026-08-23T16:30:02Z,2027-03-26,215,40000.0,P,0.006,0.007,0.0065,79368.07,77305.83,0.5502,-0.03325,0.0,45.08606,1773.3,0.8
2026-08-23T16:30:02Z,2027-03-26,215,45000.0,C,0.4415,0.445,0.4432,79368.07,77305.83,0.5179,0.94816,0.0,64.60795,3.3,0.0
2026-08-23T16:30:02Z,2027-03-26,215,45000.0,P,0.0095,0.0105,0.0102,79368.07,77305.83,0.5179,-0.05184,0.0,64.60795,262.3,0.3
2026-08-23T16:30:02Z,2027-03-26,215,50000.0,C,0.383,0.388,0.3855,79368.07,77305.83,0.4892,0.92208,0.0,88.69485,20.6,0.0
2026-08-23T16:30:02Z,2027-03-26,215,50000.0,P,0.015,0.0165,0.0155,79368.07,77305.83,0.4892,-0.07792,0.0,88.69485,2161.0,0.9
2026-08-23T16:30:02Z,2027-03-26,215,52000.0,C,0.3605,0.3655,0.363,79368.07,77305.83,0.4788,0.9091,1e-05,99.5708,5.3,0.0
2026-08-23T16:30:02Z,2027-03-26,215,52000.0,P,0.0175,0.019,0.0182,79368.07,77305.83,0.4788,-0.0909,1e-05,99.5708,126.3,0.0
2026-08-23T16:30:02Z,2027-03-26,215,54000.0,C,0.3385,0.3435,0.3413,79368.09,77305.83,0.4714,0.89363,1e-05,111.71773,0.1,0.0
2026-08-23T16:30:02Z,2027-03-26,215,54000.0,P,0.021,0.0225,0.0217,79368.07,77305.83,0.4714,-0.10637,1e-05,111.71779,83.8,0.0
2026-08-23T16:30:02Z,2027-03-26,215,55000.0,C,0.328,0.333,0.3306,79368.07,77305.83,0.4679,0.88524,1e-05,117.96501,28.6,0.0
2026-08-23T16:30:02Z,2027-03-26,215,55000.0,P,0.0225,0.0245,0.0236,79368.07,77305.83,0.4679,-0.11476,1e-05,117.96501,1248.8,0.0
2026-08-23T16:30:02Z,2027-03-26,215,56000.0,C,0.317,0.3225,0.32,79368.07,77305.83,0.46399999999999997,0.87657,1e-05,124.19049,16.9,0.0
2026-08-23T16:30:02Z,2027-03-26,215,56000.0,P,0.0245,0.0265,0.0256,79367.91,77305.83,0.46399999999999997,-0.12343,1e-05,124.1907,121.4,0.0
2026-08-23T16:30:02Z,2027-03-26,215,58000.0,C,0.2965,0.3015,0.2993,79367.91,77305.83,0.4571,0.85771,1e-05,136.96704,4.3,0.0
2026-08-23T16:30:02Z,2027-03-26,215,58000.0,P,0.029,0.031,0.0301,79367.91,77305.83,0.4571,-0.14229,1e-05,136.96704,134.7,0.0
2026-08-23T16:30:02Z,2027-03-26,215,60000.0,C,0.276,0.2815,0.2792,79367.91,77305.83,0.45039999999999997,0.8371,1e-05,149.83124,717.0,0.0
2026-08-23T16:30:02Z,2027-03-26,215,60000.0,P,0.0345,0.036,0.0352,79367.91,77305.83,0.45039999999999997,-0.1629,1e-05,149.83124,659.7,0.1
2026-08-23T16:30:02Z,2027-03-26,215,62000.0,C,0.257,0.262,0.2599,79367.91,77305.83,0.44520000000000004,0.81434,1e-05,162.82124,52.2,0.0
2026-08-23T16:30:02Z,2027-03-26,215,62000.0,P,0.04,0.042,0.0411,79367.91,77305.83,0.44520000000000004,-0.18566,1e-05,162.82124,329.8,2.6
2026-08-23T16:30:02Z,2027-03-26,215,64000.0,C,0.24,0.243,0.2413,79367.91,77305.83,0.44020000000000004,0.78995,1e-05,175.43238,143.9,0.0
2026-08-23T16:30:02Z,2027-03-26,215,64000.0,P,0.047,0.0485,0.0477,79367.91,77305.83,0.44020000000000004,-0.21005,1e-05,175.43238,125.9,1.0
2026-08-23T16:30:02Z,2027-03-26,215,65000.0,C,0.231,0.234,0.2324,79367.91,77305.83,0.43810000000000004,0.77709,1e-05,181.5711,367.1,4.5
2026-08-23T16:30:02Z,2027-03-26,215,65000.0,P,0.0505,0.0525,0.0514,79367.91,77305.83,0.43810000000000004,-0.22291,1e-05,181.5711,657.4,11.0
2026-08-23T16:30:02Z,2027-03-26,215,66000.0,C,0.2225,0.225,0.2236,79367.91,77305.83,0.4359,0.76389,1e-05,187.5243,23.9,0.0
2026-08-23T16:30:02Z,2027-03-26,215,66000.0,P,0.0545,0.056,0.0552,79367.91,77305.83,0.4359,-0.23611,1e-05,187.5243,105.1,2.6
2026-08-23T16:30:02Z,2027-03-26,215,68000.0,C,0.2055,0.208,0.2067,79367.91,77305.83,0.4321,0.73638,1e-05,198.82618,96.7,0.1
2026-08-23T16:30:02Z,2027-03-26,215,68000.0,P,0.0625,0.0645,0.0635,79367.91,77305.83,0.4321,-0.26362,1e-05,198.82618,65.1,0.2
2026-08-23T16:30:02Z,2027-03-26,215,70000.0,C,0.1895,0.192,0.1907,79367.91,77305.83,0.429,0.70756,1e-05,209.15716,798.1,0.0
2026-08-23T16:30:02Z,2027-03-26,215,70000.0,P,0.0715,0.074,0.0727,79368.03,77305.83,0.429,-0.29244,1e-05,209.15695,202.4,1.1
2026-08-23T16:30:02Z,2027-03-26,215,72000.0,C,0.174,0.1765,0.1755,79367.91,77305.83,0.42590000000000006,0.67782,1e-05,218.27303,95.4,0.0
2026-08-23T16:30:02Z,2027-03-26,215,72000.0,P,0.0815,0.0835,0.0827,79368.03,77305.83,0.42590000000000006,-0.32218,1e-05,218.27289,144.9,1.1
2026-08-23T16:30:02Z,2027-03-26,215,74000.0,C,0.16,0.162,0.1612,79367.91,77305.83,0.423,0.64731,1e-05,226.06337,73.2,0.0
2026-08-23T16:30:02Z,2027-03-26,215,74000.0,P,0.0925,0.0945,0.0935,79368.75,77305.83,0.423,-0.35268,1e-05,226.06297,54.2,0.0
2026-08-23T16:30:02Z,2027-03-26,215,76000.0,C,0.1465,0.1485,0.1475,79368.75,77305.83,0.41979999999999995,0.61627,1e-05,232.4278,528.4,0.0
2026-08-23T16:30:02Z,2027-03-26,215,76000.0,P,0.1045,0.106,0.1051,79368.75,77305.83,0.41979999999999995,-0.38373,1e-05,232.4278,32.3,2.1
2026-08-23T16:30:02Z,2027-03-26,215,78000.0,C,0.134,0.136,0.135,79368.75,77305.83,0.418,0.58494,2e-05,237.28992,553.6,3.4
2026-08-23T16:30:02Z,2027-03-26,215,78000.0,P,0.117,0.1195,0.1178,79368.75,77305.83,0.418,-0.41506,2e-05,237.28992,187.6,0.0
2026-08-23T16:30:02Z,2027-03-26,215,80000.0,C,0.1225,0.125,0.1239,79368.75,77305.83,0.418,0.55392,2e-05,240.59254,948.3,0.2
2026-08-23T16:30:02Z,2027-03-26,215,80000.0,P,0.1305,0.1335,0.1319,79368.75,77305.83,0.418,-0.44608,2e-05,240.59254,139.0,0.2
2026-08-23T16:30:02Z,2027-03-26,215,82000.0,C,0.112,0.114,0.1131,79368.75,77305.83,0.4167,0.52302,2e-05,242.40975,970.1,2.5
2026-08-23T16:30:02Z,2027-03-26,215,82000.0,P,0.145,0.148,0.1463,79368.75,77305.83,0.4167,-0.47698,2e-05,242.40975,4.0,0.0
2026-08-23T16:30:02Z,2027-03-26,215,84000.0,C,0.102,0.105,0.1036,79368.75,77305.83,0.4169,0.49301,2e-05,242.7767,263.4,0.0
2026-08-23T16:30:02Z,2027-03-26,215,84000.0,P,0.1605,0.1635,0.1619,79367.87,77305.83,0.4169,-0.50701,2e-05,242.77386,55.2,0.0
2026-08-23T16:30:02Z,2027-03-26,215,85000.0,C,0.0975,0.1,0.099,79368.75,77305.83,0.4167,0.47819,2e-05,242.45088,125.7,0.6
2026-08-23T16:30:02Z,2027-03-26,215,85000.0,P,0.1685,0.1715,0.1699,79368.75,77305.83,0.4167,-0.52181,2e-05,242.45088,0.9,0.1
2026-08-23T16:30:02Z,2027-03-26,215,86000.0,C,0.093,0.0955,0.0946,79368.75,77305.83,0.4168,0.46365,2e-05,241.80523,133.4,0.1
2026-08-23T16:30:02Z,2027-03-26,215,86000.0,P,0.1765,0.18,0.1782,79368.75,77305.83,0.4168,-0.53635,2e-05,241.80523,1.7,0.0
2026-08-23T16:30:02Z,2027-03-26,215,88000.0,C,0.085,0.0875,0.0864,79367.87,77305.83,0.4168,0.43519,2e-05,239.60031,76.7,8.2
2026-08-23T16:30:02Z,2027-03-26,215,88000.0,P,0.1935,0.197,0.1951,79367.87,77305.83,0.4168,-0.56481,2e-05,239.60031,4.5,0.0
2026-08-23T16:30:02Z,2027-03-26,215,90000.0,C,0.0775,0.08,0.0788,79368.75,77305.83,0.4171,0.40787,2e-05,236.31011,477.8,0.6
2026-08-23T16:30:02Z,2027-03-26,215,90000.0,P,0.208,0.216,0.2128,79367.87,77305.83,0.4171,-0.59214,2e-05,236.30558,14.1,0.0
2026-08-23T16:30:02Z,2027-03-26,215,92000.0,C,0.0705,0.073,0.0719,79368.75,77305.83,0.4174,0.38155,2e-05,232.03065,274.7,1.0
2026-08-23T16:30:02Z,2027-03-26,215,92000.0,P,0.226,0.234,0.231,79365.23,77305.83,0.41729999999999995,-0.61851,2e-05,232.01049,0.6,0.0
2026-08-23T16:30:02Z,2027-03-26,215,94000.0,C,0.0645,0.0665,0.0656,79368.75,77305.83,0.4181,0.35667,1e-05,226.96939,131.9,0.8
2026-08-23T16:30:02Z,2027-03-26,215,94000.0,P,0.245,0.253,0.25,79368.75,77305.83,0.4181,-0.64333,1e-05,226.96939,9.1,0.0
2026-08-23T16:30:02Z,2027-03-26,215,95000.0,C,0.0615,0.0635,0.0628,79368.68,77305.83,0.41859999999999997,0.34477,1e-05,224.19088,499.2,1.7
2026-08-23T16:30:02Z,2027-03-26,215,95000.0,P,0.2545,0.267,0.2597,79368.68,77305.83,0.41859999999999997,-0.65523,1e-05,224.19088,0.4,0.0
2026-08-23T16:30:02Z,2027-03-26,215,96000.0,C,0.0585,0.0605,0.0596,79368.55,77305.83,0.4178,0.33232,1e-05,221.03625,153.4,10.6
2026-08-23T16:30:02Z,2027-03-26,215,96000.0,P,0.264,0.273,0.2692,79368.55,77305.83,0.4178,-0.66768,1e-05,221.03625,1.6,0.0
2026-08-23T16:30:02Z,2027-03-26,215,98000.0,C,0.0535,0.0555,0.0547,79368.55,77305.83,0.41979999999999995,0.31062,1e-05,214.91108,83.0,0.0
2026-08-23T16:30:02Z,2027-03-26,215,98000.0,P,0.2845,0.293,0.2895,79368.55,77305.83,0.41979999999999995,-0.68938,1e-05,214.91108,0.2,0.0
2026-08-23T16:30:02Z,2027-03-26,215,100000.0,C,0.049,0.051,0.05,79368.55,77305.83,0.4208,0.28954,1e-05,208.18434,568.5,14.0
2026-08-23T16:30:02Z,2027-03-26,215,100000.0,P,0.3045,0.3135,0.3099,79368.68,77305.83,0.4208,-0.71046,1e-05,208.18526,12.1,0.0
2026-08-23T16:30:02Z,2027-03-26,215,102000.0,C,0.0445,0.0465,0.0456,79368.55,77305.83,0.4217,0.26961,1e-05,201.10036,127.1,0.0
2026-08-23T16:30:02Z,2027-03-26,215,102000.0,P,0.325,0.3345,0.3308,79368.55,77305.83,0.4217,-0.73039,1e-05,201.10036,0.1,0.0
2026-08-23T16:30:02Z,2027-03-26,215,104000.0,C,0.0405,0.0425,0.0418,79368.55,77305.83,0.4233,0.25134,1e-05,193.96064,115.9,4.0
2026-08-23T16:30:02Z,2027-03-26,215,104000.0,P,0.3465,0.356,0.3522,79368.55,77305.83,0.4233,-0.74866,1e-05,193.96064,0.1,0.0
2026-08-23T16:30:02Z,2027-03-26,215,105000.0,C,0.0385,0.041,0.0398,79368.55,77305.83,0.4233,0.24201,1e-05,190.0692,164.2,0.0
2026-08-23T16:30:02Z,2027-03-26,215,105000.0,P,0.3575,0.367,0.3628,79368.55,77305.83,0.4233,-0.75799,1e-05,190.0692,0.5,0.0
2026-08-23T16:30:02Z,2027-03-26,215,106000.0,C,0.037,0.039,0.0383,79368.55,77305.83,0.42469999999999997,0.23407,1e-05,186.62782,78.1,0.0
2026-08-23T16:30:02Z,2027-03-26,215,106000.0,P,0.368,0.382,0.3739,79368.55,77305.83,0.42469999999999997,-0.76593,1e-05,186.62782,0.1,0.0
2026-08-23T16:30:02Z,2027-03-26,215,108000.0,C,0.034,0.036,0.035,79368.68,77305.83,0.42590000000000006,0.21771,1e-05,179.13412,65.7,0.0
2026-08-23T16:30:02Z,2027-03-26,215,108000.0,P,0.3905,0.4,0.3958,79365.23,77305.83,0.42579999999999996,-0.78233,1e-05,179.10745,0.1,0.0
2026-08-23T16:30:02Z,2027-03-26,215,110000.0,C,0.031,0.033,0.0322,79365.23,77305.83,0.4276,0.20281,1e-05,171.81899,1119.6,0.0
2026-08-23T16:30:02Z,2027-03-26,215,110000.0,P,0.4125,0.4225,0.4181,79365.23,77305.83,0.4276,-0.79719,1e-05,171.81899,4.5,0.0
2026-08-23T16:30:02Z,2027-03-26,215,112000.0,C,0.0285,0.0305,0.0296,79365.23,77305.83,0.4296,0.18922,1e-05,164.74216,62.8,0.0
2026-08-23T16:30:02Z,2027-03-26,215,112000.0,P,0.435,0.445,0.4408,79365.23,77305.83,0.4296,-0.81078,1e-05,164.74216,0.1,0.0
2026-08-23T16:30:02Z,2027-03-26,215,115000.0,C,0.025,0.027,0.0263,79365.23,77305.83,0.4329,0.17073,1e-05,154.43579,770.7,0.0
2026-08-23T16:30:02Z,2027-03-26,215,115000.0,P,0.4695,0.4795,0.4752,79365.23,77305.83,0.4329,-0.82927,1e-05,154.43579,2.2,0.0
2026-08-23T16:30:02Z,2027-03-26,215,120000.0,C,0.0205,0.0225,0.0216,79365.23,77305.83,0.4384,0.14422,1e-05,138.21546,635.3,0.0
2026-08-23T16:30:02Z,2027-03-26,215,120000.0,P,0.528,0.538,0.5336,79368.44,77305.83,0.4384,-0.85575,1e-05,138.23938,1.8,0.0
2026-08-23T16:30:02Z,2027-03-26,215,125000.0,C,0.017,0.0185,0.0178,79365.23,77305.83,0.4435,0.12192,1e-05,123.11583,293.2,2.3
2026-08-23T16:30:02Z,2027-03-26,215,125000.0,P,0.5875,0.5975,0.5928,79365.23,77305.83,0.4435,-0.87808,1e-05,123.11583,0.1,0.0
2026-08-23T16:30:02Z,2027-03-26,215,130000.0,C,0.014,0.016,0.0152,79365.23,77305.83,0.4514,0.10517,1e-05,110.79804,1091.9,1.5
2026-08-23T16:30:02Z,2027-03-26,215,130000.0,P,0.6475,0.658,0.6531,79365.23,77305.83,0.4514,-0.89483,1e-05,110.79804,0.4,0.0
2026-08-23T16:30:02Z,2027-03-26,215,140000.0,C,0.01,0.012,0.0111,79365.23,77305.83,0.46520000000000006,0.07886,1e-05,89.50324,790.2,1.0
2026-08-23T16:30:02Z,2027-03-26,215,140000.0,P,0.7685,0.7865,0.775,79365.23,77305.83,0.46520000000000006,-0.92114,1e-05,89.50324,0.1,0.0
2026-08-23T16:30:02Z,2027-03-26,215,150000.0,C,0.0075,0.009,0.0084,79365.23,77305.83,0.47869999999999996,0.06049,0.0,72.95935,1898.9,0.0
2026-08-23T16:30:02Z,2027-03-26,215,150000.0,P,0.8915,0.9045,0.8983,79368.44,77305.83,0.47869999999999996,-0.9395,0.0,72.97626,0.6,0.0
2026-08-23T16:30:02Z,2027-03-26,215,160000.0,C,0.006,0.0075,0.0067,79365.23,77305.83,0.4951,0.04879,0.0,61.55596,862.4,0.8
2026-08-23T16:30:02Z,2027-03-26,215,160000.0,P,1.0105,1.038,1.0227,79368.44,77305.83,0.4951,-0.9512,0.0,61.56956,0.1,0.0
2026-08-23T16:30:02Z,2027-03-26,215,170000.0,C,0.005,0.0065,0.0057,79365.23,77305.83,0.5135000000000001,0.04115,0.0,53.67043,379.5,15.2
2026-08-23T16:30:02Z,2027-03-26,215,170000.0,P,1.134,1.167,1.1476,79365.23,77305.83,0.5135000000000001,-0.95885,0.0,53.67043,0.2,0.0
2026-08-23T16:30:02Z,2027-03-26,215,180000.0,C,0.0041,0.0055,0.0048,79365.23,77305.83,0.528,0.03439,0.0,46.35108,507.3,3.5
2026-08-23T16:30:02Z,2027-03-26,215,180000.0,P,1.258,1.298,1.2727,79370.68,77305.83,0.528,-0.9656,0.0,46.36857,0.1,0.0
2026-08-23T16:30:02Z,2027-03-26,215,190000.0,C,0.0036,0.0045,0.004,79370.68,77305.83,0.5411,0.02896,0.0,40.21501,593.1,3.4
2026-08-23T16:30:02Z,2027-03-26,215,190000.0,P,1.3825,1.4185,1.3979,79370.68,77305.83,0.5411,-0.97104,0.0,40.21501,0.9,0.0
2026-08-23T16:30:02Z,2027-03-26,215,200000.0,C,0.0029,0.0039,0.0035,79370.68,77305.83,0.5538000000000001,0.02478,0.0,35.31254,485.2,0.0
2026-08-23T16:30:02Z,2027-03-26,215,200000.0,P,1.5065,1.5515,1.5233,79370.68,77305.83,0.5538000000000001,-0.97522,0.0,35.31254,1.0,0.0
2026-08-23T16:30:02Z,2027-06-25,306,30000.0,C,0.6285,0.6325,0.631,80232.23,77305.83,0.6041,0.98011,0.0,35.38516,38.8,0.0
2026-08-23T16:30:02Z,2027-06-25,306,30000.0,P,0.0048,0.0055,0.0049,80232.23,77305.83,0.6041,-0.01989,0.0,35.38516,295.2,0.0
2026-08-23T16:30:02Z,2027-06-25,306,40000.0,C,0.51,0.5145,0.5127,80237.7,77305.83,0.5282,0.9537,0.0,71.20487,17.0,0.0
2026-08-23T16:30:02Z,2027-06-25,306,40000.0,P,0.0105,0.012,0.0112,80232.23,77305.83,0.5282,-0.04631,0.0,71.21691,1196.9,0.0
2026-08-23T16:30:02Z,2027-06-25,306,45000.0,C,0.454,0.4565,0.4554,80232.23,77305.83,0.4972,0.93299,0.0,95.31908,0.5,0.0
2026-08-23T16:30:02Z,2027-06-25,306,45000.0,P,0.0155,0.017,0.0162,80232.23,77305.83,0.4972,-0.06701,0.0,95.31908,159.3,0.0
2026-08-23T16:30:02Z,2027-06-25,306,50000.0,C,0.3995,0.402,0.401,80237.7,77305.83,0.4775,0.90336,0.0,125.67701,17.5,0.0
2026-08-23T16:30:02Z,2027-06-25,306,50000.0,P,0.023,0.025,0.0241,80232.23,77305.83,0.4775,-0.09667,0.0,125.69395,325.2,0.0
2026-08-23T16:30:02Z,2027-06-25,306,52000.0,C,0.378,0.3815,0.38,80237.7,77305.83,0.4705,0.88928,1e-05,138.70887,1.1,0.0
2026-08-23T16:30:02Z,2027-06-25,306,52000.0,P,0.027,0.029,0.0281,80237.7,77305.83,0.4705,-0.11072,1e-05,138.70887,26.4,0.0
2026-08-23T16:30:02Z,2027-06-25,306,54000.0,C,0.3575,0.361,0.3595,80232.23,77305.83,0.46399999999999997,0.87387,1e-05,152.09053,0.9,0.0
2026-08-23T16:30:02Z,2027-06-25,306,54000.0,P,0.0315,0.0335,0.0325,80247.35,77305.83,0.46399999999999997,-0.12604,1e-05,152.04198,21.2,0.0
2026-08-23T16:30:02Z,2027-06-25,306,55000.0,C,0.3475,0.351,0.3493,80232.23,77305.83,0.4604,0.86583,1e-05,158.73776,2.9,0.0
2026-08-23T16:30:02Z,2027-06-25,306,55000.0,P,0.034,0.0355,0.0348,80232.23,77305.83,0.4604,-0.13417,1e-05,158.73776,36.0,0.3
2026-08-23T16:30:02Z,2027-06-25,306,56000.0,C,0.3375,0.341,0.3395,80237.7,77305.83,0.4581,0.85714,1e-05,165.68049,3.0,0.0
2026-08-23T16:30:02Z,2027-06-25,306,56000.0,P,0.0365,0.0385,0.0375,80237.7,77305.83,0.4581,-0.14286,1e-05,165.68049,84.2,0.0
2026-08-23T16:30:02Z,2027-06-25,306,58000.0,C,0.3185,0.3215,0.3201,80240.06,77305.83,0.45270000000000005,0.83908,1e-05,179.32324,13.9,0.0
2026-08-23T16:30:02Z,2027-06-25,306,58000.0,P,0.042,0.044,0.043,80240.06,77305.83,0.45270000000000005,-0.16092,1e-05,179.32324,66.8,0.1
2026-08-23T16:30:02Z,2027-06-25,306,60000.0,C,0.2995,0.303,0.3014,80240.06,77305.83,0.44780000000000003,0.81972,1e-05,192.86262,943.9,0.0
2026-08-23T16:30:02Z,2027-06-25,306,60000.0,P,0.0485,0.05,0.0493,80247.23,77305.83,0.44780000000000003,-0.18023,1e-05,192.84139,156.4,0.2
2026-08-23T16:30:02Z,2027-06-25,306,62000.0,C,0.2815,0.2845,0.2833,80240.06,77305.83,0.44329999999999997,0.79915,1e-05,206.08863,116.9,0.0
2026-08-23T16:30:02Z,2027-06-25,306,62000.0,P,0.0555,0.057,0.0561,80247.23,77305.83,0.44329999999999997,-0.20078,1e-05,206.06897,69.2,1.6
2026-08-23T16:30:02Z,2027-06-25,306,64000.0,C,0.2645,0.267,0.2661,80247.23,77305.83,0.4397,0.77739,1e-05,218.90182,53.1,0.0
2026-08-23T16:30:02Z,2027-06-25,306,64000.0,P,0.063,0.065,0.0638,80247.23,77305.83,0.4397,-0.22261,1e-05,218.90182,21.1,0.3
2026-08-23T16:30:02Z,2027-06-25,306,65000.0,C,0.256,0.2585,0.2576,80240.06,77305.83,0.4375,0.76618,1e-05,225.01412,0.0,0.0
2026-08-23T16:30:02Z,2027-06-25,306,65000.0,P,0.067,0.0685,0.0677,80240.06,77305.83,0.4375,-0.23382,1e-05,225.01412,2.5,0.0
2026-08-23T16:30:02Z,2027-06-25,306,66000.0,C,0.248,0.2505,0.2494,80247.23,77305.83,0.436,0.7547,1e-05,230.99939,33.6,0.0
2026-08-23T16:30:02Z,2027-06-25,306,66000.0,P,0.071,0.073,0.072,80247.23,77305.83,0.436,-0.2453,1e-05,230.99939,37.9,0.3
2026-08-23T16:30:02Z,2027-06-25,306,68000.0,C,0.232,0.2345,0.2335,80247.23,77305.83,0.43270000000000003,0.73112,1e-05,242.29851,11.2,0.0
2026-08-23T16:30:02Z,2027-06-25,306,68000.0,P,0.08,0.082,0.081,80247.23,77305.83,0.43270000000000003,-0.26888,1e-05,242.29851,11.9,0.6
2026-08-23T16:30:02Z,2027-06-25,306,70000.0,C,0.217,0.2195,0.2184,80240.06,77305.83,0.4302,0.70666,1e-05,252.68782,194.6,0.2
2026-08-23T16:30:02Z,2027-06-25,306,70000.0,P,0.09,0.092,0.0909,80247.23,77305.83,0.4302,-0.29326,1e-05,252.67921,13.5,0.4
2026-08-23T16:30:02Z,2027-06-25,306,72000.0,C,0.2025,0.205,0.204,80240.06,77305.83,0.4276,0.68174,1e-05,261.98253,89.5,0.0
2026-08-23T16:30:02Z,2027-06-25,306,72000.0,P,0.1005,0.1025,0.1014,80247.23,77305.83,0.4276,-0.31818,1e-05,261.97767,6.2,0.1
2026-08-23T16:30:02Z,2027-06-25,306,74000.0,C,0.189,0.191,0.1901,80247.23,77305.83,0.4249,0.65647,1e-05,270.12279,20.5,1.7
2026-08-23T16:30:02Z,2027-06-25,306,74000.0,P,0.1115,0.114,0.1125,80247.23,77305.83,0.4249,-0.34353,1e-05,270.12279,9.1,2.1
2026-08-23T16:30:02Z,2027-06-25,306,76000.0,C,0.176,0.1785,0.1775,80247.03,77305.83,0.42369999999999997,0.63085,1e-05,277.05286,22.4,0.3
2026-08-23T16:30:02Z,2027-06-25,306,76000.0,P,0.1235,0.126,0.1247,80247.03,77305.83,0.42369999999999997,-0.36915,1e-05,277.05286,31.1,0.0
2026-08-23T16:30:02Z,2027-06-25,306,78000.0,C,0.164,0.166,0.1651,80247.35,77305.83,0.4215,0.60507,1e-05,282.73565,13.3,0.1
2026-08-23T16:30:02Z,2027-06-25,306,78000.0,P,0.1365,0.1385,0.1373,80247.03,77305.83,0.4215,-0.39493,1e-05,282.7353,10.4,0.0
2026-08-23T16:30:02Z,2027-06-25,306,80000.0,C,0.1525,0.1545,0.1535,80247.35,77305.83,0.41979999999999995,0.5793,1e-05,287.15008,105.2,0.4
2026-08-23T16:30:02Z,2027-06-25,306,80000.0,P,0.15,0.152,0.1506,80247.35,77305.83,0.41979999999999995,-0.4207,1e-05,287.15008,31.7,21.5
2026-08-23T16:30:02Z,2027-06-25,306,82000.0,C,0.1415,0.144,0.1429,80247.35,77305.83,0.4189,0.55381,1e-05,290.28746,60.6,0.1
2026-08-23T16:30:02Z,2027-06-25,306,82000.0,P,0.164,0.1665,0.1649,80247.03,77305.83,0.4189,-0.44619,1e-05,290.28672,2.3,0.0
2026-08-23T16:30:02Z,2027-06-25,306,84000.0,C,0.132,0.134,0.133,80247.35,77305.83,0.4183,0.5287,1e-05,292.19808,12.4,0.1
2026-08-23T16:30:02Z,2027-06-25,306,84000.0,P,0.179,0.1815,0.1799,80247.03,77305.83,0.4183,-0.4713,1e-05,292.19713,0.1,0.0
2026-08-23T16:30:02Z,2027-06-25,306,85000.0,C,0.127,0.1295,0.1283,80247.35,77305.83,0.4182,0.51635,1e-05,292.71046,143.1,0.0
2026-08-23T16:30:02Z,2027-06-25,306,85000.0,P,0.1865,0.1905,0.1877,80247.35,77305.83,0.4182,-0.48365,1e-05,292.71046,6.8,0.0
2026-08-23T16:30:02Z,2027-06-25,306,86000.0,C,0.1225,0.125,0.1237,80247.03,77305.83,0.418,0.5041,1e-05,292.93979,8.1,0.1
2026-08-23T16:30:02Z,2027-06-25,306,86000.0,P,0.1945,0.1985,0.1956,80247.35,77305.83,0.418,-0.49589,1e-05,292.94093,0.2,0.0
2026-08-23T16:30:02Z,2027-06-25,306,88000.0,C,0.1135,0.1165,0.115,80247.03,77305.83,0.41759999999999997,0.47993,1e-05,292.58462,8.2,0.3
2026-08-23T16:30:02Z,2027-06-25,306,88000.0,P,0.2105,0.215,0.2118,80247.03,77305.83,0.41759999999999997,-0.52007,1e-05,292.58462,0.2,0.0
2026-08-23T16:30:02Z,2027-06-25,306,90000.0,C,0.1055,0.1075,0.1066,80247.35,77305.83,0.4165,0.45604,1e-05,291.17614,459.2,247.3
2026-08-23T16:30:02Z,2027-06-25,306,90000.0,P,0.227,0.232,0.2283,80247.35,77305.83,0.4165,-0.54396,1e-05,291.17614,0.5,0.0
2026-08-23T16:30:02Z,2027-06-25,306,92000.0,C,0.098,0.1005,0.0994,80246.93,77305.83,0.4172,0.43364,1e-05,288.89218,14.6,0.0
2026-08-23T16:30:02Z,2027-06-25,306,92000.0,P,0.2445,0.2495,0.2459,80246.24,77305.83,0.4172,-0.56637,1e-05,288.88861,0.2,0.0
2026-08-23T16:30:02Z,2027-06-25,306,94000.0,C,0.091,0.0935,0.0924,80246.24,77305.83,0.41729999999999995,0.41166,1e-05,285.73976,0.2,0.0
2026-08-23T16:30:02Z,2027-06-25,306,94000.0,P,0.2625,0.2675,0.2638,80246.24,77305.83,0.41729999999999995,-0.58834,1e-05,285.73976,0.1,0.0
2026-08-23T16:30:02Z,2027-06-25,306,95000.0,C,0.088,0.0905,0.0892,80246.93,77305.83,0.41759999999999997,0.40105,1e-05,283.89675,29.2,0.3
2026-08-23T16:30:02Z,2027-06-25,306,95000.0,P,0.2715,0.2765,0.273,80246.93,77305.83,0.41759999999999997,-0.59895,1e-05,283.89675,20.2,0.0
2026-08-23T16:30:02Z,2027-06-25,306,96000.0,C,0.085,0.087,0.086,80246.24,77305.83,0.4177,0.39056,1e-05,281.85846,8.0,8.0
2026-08-23T16:30:02Z,2027-06-25,306,96000.0,P,0.281,0.286,0.2823,80246.93,77305.83,0.4177,-0.60943,1e-05,281.86265,0.0,0.0
2026-08-23T16:30:02Z,2027-06-25,306,98000.0,C,0.079,0.081,0.08,80246.93,77305.83,0.4182,0.37033,1e-05,277.33934,4.2,0.0
2026-08-23T16:30:02Z,2027-06-25,306,98000.0,P,0.296,0.3055,0.3012,80246.24,77305.83,0.4182,-0.62968,1e-05,277.3349,0.0,0.0
2026-08-23T16:30:02Z,2027-06-25,306,100000.0,C,0.0735,0.0755,0.0745,80246.93,77305.83,0.4188,0.35099,1e-05,272.27494,155.1,60.6
2026-08-23T16:30:02Z,2027-06-25,306,100000.0,P,0.315,0.3245,0.3206,80246.93,77305.83,0.4188,-0.64901,1e-05,272.27494,0.8,0.0
2026-08-23T16:30:02Z,2027-06-25,306,102000.0,C,0.068,0.0705,0.0693,80246.93,77305.83,0.4192,0.33234,1e-05,266.68526,8.0,0.0
2026-08-23T16:30:02Z,2027-06-25,306,102000.0,P,0.3345,0.3445,0.3404,80246.93,77305.83,0.4192,-0.66766,1e-05,266.68526,0.0,0.0
2026-08-23T16:30:02Z,2027-06-25,306,104000.0,C,0.0635,0.0655,0.0645,80246.24,77305.83,0.4199,0.31465,1e-05,260.73328,0.0,0.0
2026-08-23T16:30:02Z,2027-06-25,306,104000.0,P,0.3545,0.3645,0.3605,80246.24,77305.83,0.4199,-0.68535,1e-05,260.73328,0.0,0.0
2026-08-23T16:30:02Z,2027-06-25,306,105000.0,C,0.061,0.0635,0.0623,80240.83,77305.83,0.4203,0.30611,1e-05,257.61294,145.1,0.4
2026-08-23T16:30:02Z,2027-06-25,306,105000.0,P,0.365,0.375,0.3708,80246.24,77305.83,0.4203,-0.69383,1e-05,257.65345,0.1,0.0
2026-08-23T16:30:02Z,2027-06-25,306,106000.0,C,0.059,0.061,0.0601,80246.93,77305.83,0.4205,0.29774,1e-05,254.44467,0.0,0.0
2026-08-23T16:30:02Z,2027-06-25,306,106000.0,P,0.375,0.3855,0.381,80246.93,77305.83,0.4205,-0.70226,1e-05,254.44467,0.0,0.0
2026-08-23T16:30:02Z,2027-06-25,306,110000.0,C,0.0515,0.0535,0.0524,80246.93,77305.83,0.4228,0.26711,1e-05,241.49411,264.3,1.0
2026-08-23T16:30:02Z,2027-06-25,306,110000.0,P,0.417,0.428,0.4232,80246.24,77305.83,0.4228,-0.73289,1e-05,241.4887,0.3,0.0
2026-08-23T16:30:02Z,2027-06-25,306,115000.0,C,0.043,0.0455,0.0442,80245.94,77305.83,0.4252,0.23258,1e-05,224.36919,19.8,0.0
2026-08-23T16:30:02Z,2027-06-25,306,115000.0,P,0.471,0.482,0.4772,80244.56,77305.83,0.4252,-0.76743,1e-05,224.35809,0.0,0.0
2026-08-23T16:30:02Z,2027-06-25,306,120000.0,C,0.0365,0.0385,0.0375,80245.94,77305.83,0.42829999999999996,0.20307,1e-05,207.4636,295.8,0.4
2026-08-23T16:30:02Z,2027-06-25,306,120000.0,P,0.5265,0.538,0.5329,80245.94,77305.83,0.42829999999999996,-0.79693,1e-05,207.4636,0.1,0.0
2026-08-23T16:30:02Z,2027-06-25,306,125000.0,C,0.031,0.033,0.0321,80245.94,77305.83,0.4322,0.17805,1e-05,191.36654,7.4,0.0
2026-08-23T16:30:02Z,2027-06-25,306,125000.0,P,0.583,0.595,0.5898,80244.56,77305.83,0.4322,-0.82197,1e-05,191.35557,0.0,0.0
2026-08-23T16:30:02Z,2027-06-25,306,130000.0,C,0.0265,0.0285,0.0276,80245.94,77305.83,0.4363,0.15654,1e-05,176.12203,705.8,0.5
2026-08-23T16:30:02Z,2027-06-25,306,130000.0,P,0.6405,0.653,0.6476,80245.94,77305.83,0.4363,-0.84346,1e-05,176.12203,1.4,0.0
2026-08-23T16:30:02Z,2027-06-25,306,140000.0,C,0.02,0.021,0.0207,80244.56,77305.83,0.44409999999999994,0.12172,1e-05,148.37066,233.7,2.1
2026-08-23T16:30:02Z,2027-06-25,306,140000.0,P,0.758,0.7715,0.7654,80244.56,77305.83,0.44409999999999994,-0.87828,1e-05,148.37066,0.5,0.0
2026-08-23T16:30:02Z,2027-06-25,306,150000.0,C,0.015,0.017,0.0162,80244.56,77305.83,0.45380000000000004,0.09703,1e-05,126.05365,104.3,1.8
2026-08-23T16:30:02Z,2027-06-25,306,150000.0,P,0.878,0.892,0.8854,80245.94,77305.83,0.45380000000000004,-0.90297,1e-05,126.06259,0.1,0.0
2026-08-23T16:30:02Z,2027-06-25,306,160000.0,C,0.012,0.0135,0.0128,80244.56,77305.83,0.4633,0.07842,0.0,107.52822,516.6,0.0
2026-08-23T16:30:02Z,2027-06-25,306,160000.0,P,0.999,1.0305,1.0067,80244.56,77305.83,0.4633,-0.92158,0.0,107.52822,0.1,0.0
2026-08-23T16:30:02Z,2027-06-25,306,170000.0,C,0.0095,0.011,0.0104,80244.56,77305.83,0.4728,0.06441,0.0,92.4509,56.1,1.0
2026-08-23T16:30:02Z,2027-06-25,306,170000.0,P,1.1115,1.1585,1.1288,80244.56,77305.83,0.4728,-0.93559,0.0,92.4509,14.7,0.0
2026-08-23T16:30:02Z,2027-06-25,306,180000.0,C,0.0075,0.0095,0.0088,80245.94,77305.83,0.48460000000000003,0.05482,0.0,81.47128,20.2,0.0
2026-08-23T16:30:02Z,2027-06-25,306,180000.0,P,1.2335,1.273,1.2519,80244.56,77305.83,0.48460000000000003,-0.94519,0.0,81.46483,0.0,0.0
2026-08-23T16:30:02Z,2027-06-25,306,190000.0,C,0.0065,0.008,0.0074,80245.94,77305.83,0.4943,0.04652,0.0,71.48826,11.2,0.4
2026-08-23T16:30:02Z,2027-06-25,306,190000.0,P,1.3555,1.409,1.3752,80240.83,77305.83,0.4943,-0.95349,0.0,71.4644,0.0,0.0
