snapshot_ts,expiry,days_to_expiry,strike,option_type,bid,ask,mark_price,forward_price,index_price,implied_vol,delta,gamma,vega,open_interest,volume_24h
2026-07-28T17:38:03Z,2026-07-29,1,57000.0,C,0.0001,0.0,0.1018,63458.17,63458.07,0.6662,0.99997,0.0,0.00356,0.0,0.0
2026-07-28T17:38:03Z,2026-07-29,1,57000.0,P,0.0,0.0001,0.0,63458.17,63458.07,0.6662,-3e-05,0.0,0.00356,11.3,0.0
2026-07-28T17:38:03Z,2026-07-29,1,58000.0,C,0.0001,0.0,0.086,63458.17,63458.07,0.6522,0.99968,0.0,0.02976,0.0,0.0
2026-07-28T17:38:03Z,2026-07-29,1,58000.0,P,0.0,0.0001,0.0,63458.17,63458.07,0.6522,-0.00032,0.0,0.02976,28.7,25.5
2026-07-28T17:38:03Z,2026-07-29,1,59000.0,C,0.0001,0.0,0.0703,63458.17,63458.07,0.5896,0.9989,0.0,0.09419,0.0,0.0
2026-07-28T17:38:03Z,2026-07-29,1,59000.0,P,0.0,0.0001,0.0,63458.17,63458.07,0.5896,-0.0011,0.0,0.09419,21.8,14.3
2026-07-28T17:38:03Z,2026-07-29,1,60000.0,C,0.0001,0.0,0.0546,63458.07,63458.07,0.5434,0.99473,1e-05,0.38968,0.0,0.0
2026-07-28T17:38:03Z,2026-07-29,1,60000.0,P,0.0,0.0001,0.0,63458.07,63458.07,0.5434,-0.00527,1e-05,0.38968,89.1,78.9
2026-07-28T17:38:03Z,2026-07-29,1,61000.0,C,0.0001,0.0,0.039,63458.07,63458.07,0.506,0.9737,5e-05,1.56721,0.0,0.0
2026-07-28T17:38:03Z,2026-07-29,1,61000.0,P,0.0,0.0002,0.0002,63458.07,63458.07,0.506,-0.0263,5e-05,1.56721,223.9,238.8
2026-07-28T17:38:03Z,2026-07-29,1,61500.0,C,0.0001,0.0,0.0311,63458.07,63458.07,0.4192,0.96817,7e-05,1.83661,0.0,0.0
2026-07-28T17:38:03Z,2026-07-29,1,61500.0,P,0.0001,0.0002,0.0002,63458.07,63458.07,0.4192,-0.03183,7e-05,1.83661,243.7,227.2
2026-07-28T17:38:03Z,2026-07-29,1,62000.0,C,0.003,0.0,0.0234,63458.07,63458.07,0.3693,0.94083,0.00012,3.02821,0.0,0.0
2026-07-28T17:38:03Z,2026-07-29,1,62000.0,P,0.0003,0.0004,0.0004,63458.07,63458.07,0.3693,-0.05917,0.00012,3.02821,53.6,61.6
2026-07-28T17:38:03Z,2026-07-29,1,62500.0,C,0.0004,0.09,0.016,63458.07,63458.07,0.33140000000000003,0.87294,0.00024,5.35095,0.1,0.1
2026-07-28T17:38:03Z,2026-07-29,1,62500.0,P,0.0007,0.0009,0.0008,63458.07,63458.07,0.33140000000000003,-0.12706,0.00024,5.35095,459.9,805.0
2026-07-28T17:38:03Z,2026-07-29,1,63000.0,C,0.0085,0.0105,0.0094,63458.07,63458.07,0.303,0.72457,0.00043,8.58157,15.1,15.4
2026-07-28T17:38:03Z,2026-07-29,1,63000.0,P,0.0018,0.0022,0.0021,63458.07,63458.07,0.303,-0.27543,0.00043,8.58157,279.0,302.6
2026-07-28T17:38:03Z,2026-07-29,1,63500.0,C,0.0042,0.0047,0.0043,63458.07,63458.07,0.2841,0.4794,0.00055,10.23866,90.8,120.1
2026-07-28T17:38:03Z,2026-07-29,1,63500.0,P,0.0046,0.005,0.0049,63458.07,63458.07,0.2841,-0.5206,0.00055,10.23866,63.5,63.8
2026-07-28T17:38:03Z,2026-07-29,1,64000.0,C,0.0013,0.0017,0.0015,63458.07,63458.07,0.2753,0.22451,0.00042,7.69785,162.4,216.0
2026-07-28T17:38:03Z,2026-07-29,1,64000.0,P,0.0085,0.011,0.0099,63458.07,63458.07,0.2753,-0.77549,0.00042,7.69785,66.3,31.4
2026-07-28T17:38:03Z,2026-07-29,1,64500.0,C,0.0003,0.0005,0.0004,63458.07,63458.07,0.2748,0.07242,0.0002,3.54175,153.8,196.2
2026-07-28T17:38:03Z,2026-07-29,1,64500.0,P,0.0125,0.018,0.0167,63458.07,63458.07,0.2748,-0.92758,0.0002,3.54175,67.6,13.1
2026-07-28T17:38:03Z,2026-07-29,1,65000.0,C,0.0,0.0002,0.0001,63458.07,63458.07,0.29710000000000003,0.02334,7e-05,1.41764,72.5,71.8
2026-07-28T17:38:03Z,2026-07-29,1,65000.0,P,0.02,0.0255,0.0243,63458.07,63458.07,0.29710000000000003,-0.97666,7e-05,1.41764,6.3,1.3
2026-07-28T17:38:03Z,2026-07-29,1,65500.0,C,0.0,0.0002,0.0,63459.99,63458.07,0.32530000000000003,0.0083,3e-05,0.58181,114.8,214.6
2026-07-28T17:38:03Z,2026-07-29,1,65500.0,P,0.0265,0.037,0.0321,63459.99,63458.07,0.32530000000000003,-0.9917,3e-05,0.58181,1.7,0.0
2026-07-28T17:38:03Z,2026-07-29,1,66000.0,C,0.0,0.0001,0.0,63459.99,63458.07,0.3834,0.00587,2e-05,0.42874,69.6,12.8
2026-07-28T17:38:03Z,2026-07-29,1,66000.0,P,0.0001,0.0,0.04,63459.99,63458.07,0.3834,-0.99413,2e-05,0.42874,0.4,0.0
2026-07-28T17:38:03Z,2026-07-29,1,66500.0,C,0.0,0.0001,0.0,63459.99,63458.07,0.4133,0.00266,1e-05,0.21095,60.5,5.0
2026-07-28T17:38:03Z,2026-07-29,1,66500.0,P,0.0001,0.0,0.0479,63459.99,63458.07,0.4133,-0.99734,1e-05,0.21095,0.0,0.0
2026-07-28T17:38:03Z,2026-07-29,1,67000.0,C,0.0,0.0001,0.0,63459.99,63458.07,0.4435,0.00129,0.0,0.10937,79.7,49.4
2026-07-28T17:38:03Z,2026-07-29,1,67000.0,P,0.0001,0.0,0.0557,63459.99,63458.07,0.4435,-0.99871,0.0,0.10937,0.0,0.0
2026-07-28T17:38:03Z,2026-07-29,1,68000.0,C,0.0,0.0001,0.0,63459.99,63458.07,0.4447,6e-05,0.0,0.00674,108.1,24.0
2026-07-28T17:38:03Z,2026-07-29,1,68000.0,P,0.0001,0.0,0.0715,63459.99,63458.07,0.4447,-0.99994,0.0,0.00674,0.0,0.0
2026-07-28T17:38:03Z,2026-07-29,1,69000.0,C,0.0,0.0001,0.0,63459.99,63458.07,0.4447,0.0,0.0,0.00022,124.3,0.0
2026-07-28T17:38:03Z,2026-07-29,1,69000.0,P,0.0001,0.0,0.0873,63459.99,63458.07,0.4447,-1.0,0.0,0.00022,0.0,0.0
2026-07-28T17:38:03Z,2026-07-29,1,70000.0,C,0.0,0.0001,0.0,63459.99,63458.07,0.445,0.0,0.0,0.0,4.8,0.0
2026-07-28T17:38:03Z,2026-07-29,1,70000.0,P,0.0001,0.0,0.103,63459.99,63458.07,0.445,-1.0,0.0,0.0,0.0,0.0
2026-07-28T17:38:03Z,2026-07-29,1,71000.0,C,0.0,0.0001,0.0,63459.99,63458.07,0.44520000000000004,0.0,0.0,0.0,3.2,0.0
2026-07-28T17:38:03Z,2026-07-29,1,71000.0,P,0.0001,0.0,0.1188,63459.99,63458.07,0.44520000000000004,-1.0,0.0,0.0,0.0,0.0
2026-07-28T17:38:03Z,2026-07-30,2,57000.0,C,0.0001,0.0,0.1021,63459.99,63458.07,0.6598,0.99344,1e-05,0.77266,0.0,0.0
2026-07-28T17:38:03Z,2026-07-30,2,57000.0,P,0.0,0.0002,0.0001,63459.99,63458.07,0.6598,-0.00656,1e-05,0.77266,39.6,4.5
2026-07-28T17:38:03Z,2026-07-30,2,58000.0,C,0.0001,0.0,0.0864,63459.99,63458.07,0.612,0.9875,1e-05,1.35863,0.0,0.0
2026-07-28T17:38:03Z,2026-07-30,2,58000.0,P,0.0001,0.0003,0.0002,63459.99,63458.07,0.612,-0.0125,1e-05,1.35863,18.6,18.6
2026-07-28T17:38:03Z,2026-07-30,2,59000.0,C,0.0001,0.0,0.0708,63459.99,63458.07,0.5635,0.97574,2e-05,2.39332,0.0,0.0
2026-07-28T17:38:03Z,2026-07-30,2,59000.0,P,0.0003,0.0005,0.0003,63459.99,63458.07,0.5635,-0.02426,2e-05,2.39332,59.4,35.8
2026-07-28T17:38:03Z,2026-07-30,2,60000.0,C,0.0001,0.0,0.0554,63459.99,63458.07,0.5144,0.95194,5e-05,4.19639,0.0,0.0
2026-07-28T17:38:03Z,2026-07-30,2,60000.0,P,0.0006,0.0008,0.0007,63459.99,63458.07,0.5144,-0.04806,5e-05,4.19639,65.0,31.8
2026-07-28T17:38:03Z,2026-07-30,2,61000.0,C,0.0004,0.115,0.0404,63459.99,63458.07,0.46630000000000005,0.90262,9e-05,7.22846,0.0,0.0
2026-07-28T17:38:03Z,2026-07-30,2,61000.0,P,0.0013,0.0016,0.0014,63459.99,63458.07,0.46630000000000005,-0.09738,9e-05,7.22846,63.8,42.7
2026-07-28T17:38:03Z,2026-07-30,2,61500.0,C,0.0007,0.1035,0.0332,63459.99,63458.07,0.4439,0.8605,0.00012,9.32508,0.0,0.0
2026-07-28T17:38:03Z,2026-07-30,2,61500.0,P,0.0019,0.0023,0.0021,63459.99,63458.07,0.4439,-0.1395,0.00012,9.32503,1.2,1.2
2026-07-28T17:38:03Z,2026-07-30,2,62000.0,C,0.0007,0.09,0.0263,63459.99,63458.07,0.42590000000000006,0.79952,0.00016,11.77484,0.0,0.0
2026-07-28T17:38:03Z,2026-07-30,2,62000.0,P,0.003,0.0032,0.0032,63459.99,63458.07,0.42590000000000006,-0.20048,0.00016,11.77484,90.7,71.3
2026-07-28T17:38:03Z,2026-07-30,2,62500.0,C,0.018,0.0225,0.0202,63459.99,63458.07,0.41240000000000004,0.71638,0.0002,14.22524,0.1,0.1
2026-07-28T17:38:03Z,2026-07-30,2,62500.0,P,0.0046,0.005,0.0048,63459.99,63458.07,0.41240000000000004,-0.28361,0.0002,14.22504,52.4,44.5
2026-07-28T17:38:03Z,2026-07-30,2,63000.0,C,0.014,0.0155,0.0147,63459.99,63458.07,0.4,0.61334,0.00023,16.07386,18.4,21.5
2026-07-28T17:38:03Z,2026-07-30,2,63000.0,P,0.007,0.0075,0.0072,63459.99,63458.07,0.4,-0.38666,0.00023,16.07387,131.7,165.0
2026-07-28T17:38:03Z,2026-07-30,2,63500.0,C,0.0095,0.0105,0.01,63459.99,63458.07,0.3889,0.49536,0.00024,16.75351,16.2,17.5
2026-07-28T17:38:03Z,2026-07-30,2,63500.0,P,0.01,0.0105,0.0105,63461.45,63458.07,0.3889,-0.50428,0.00024,16.75406,94.4,87.0
2026-07-28T17:38:03Z,2026-07-30,2,64000.0,C,0.006,0.007,0.0063,63461.45,63458.07,0.3746,0.37127,0.00024,15.87505,28.0,26.3
2026-07-28T17:38:03Z,2026-07-30,2,64000.0,P,0.014,0.0155,0.0146,63461.45,63458.07,0.3746,-0.62873,0.00024,15.87505,78.5,73.4
2026-07-28T17:38:03Z,2026-07-30,2,64500.0,C,0.0036,0.004,0.0038,63461.45,63458.07,0.3682,0.25659,0.00021,13.52999,50.0,51.9
2026-07-28T17:38:03Z,2026-07-30,2,64500.0,P,0.0175,0.022,0.0199,63461.45,63458.07,0.3682,-0.74341,0.00021,13.52999,32.4,20.1
2026-07-28T17:38:03Z,2026-07-30,2,65000.0,C,0.002,0.0023,0.0021,63461.45,63458.07,0.3628,0.16217,0.00016,10.3088,158.5,117.2
2026-07-28T17:38:03Z,2026-07-30,2,65000.0,P,0.022,0.03,0.0261,63461.45,63458.07,0.3628,-0.83783,0.00016,10.3088,22.3,16.2
2026-07-28T17:38:03Z,2026-07-30,2,65500.0,C,0.001,0.0013,0.0011,63461.45,63458.07,0.3639,0.09665,0.00011,7.18916,59.2,20.4
2026-07-28T17:38:03Z,2026-07-30,2,65500.0,P,0.0285,0.037,0.033,63461.45,63458.07,0.3639,-0.90335,0.00011,7.18916,2.9,1.9
2026-07-28T17:38:03Z,2026-07-30,2,66000.0,C,0.0005,0.0008,0.0006,63461.45,63458.07,0.3696,0.05576,7e-05,4.72287,183.2,178.6
2026-07-28T17:38:03Z,2026-07-30,2,66000.0,P,0.0001,0.0,0.0404,63461.45,63458.07,0.3696,-0.94424,7e-05,4.72287,1.2,0.0
2026-07-28T17:38:03Z,2026-07-30,2,66500.0,C,0.0003,0.0004,0.0003,63461.45,63458.07,0.3811,0.03275,5e-05,3.07273,215.7,214.2
2026-07-28T17:38:03Z,2026-07-30,2,66500.0,P,0.0001,0.0,0.048,63461.45,63458.07,0.3811,-0.96725,5e-05,3.07273,0.0,0.0
2026-07-28T17:38:03Z,2026-07-30,2,67000.0,C,0.0001,0.0003,0.0002,63461.45,63458.07,0.396,0.01984,3e-05,2.01939,75.1,40.9
2026-07-28T17:38:03Z,2026-07-30,2,67000.0,P,0.0001,0.0,0.0557,63461.45,63458.07,0.396,-0.98016,3e-05,2.01939,0.0,0.0
2026-07-28T17:38:03Z,2026-07-30,2,67500.0,C,0.0001,0.0002,0.0001,63461.45,63458.07,0.414,0.01261,2e-05,1.36935,7.5,5.1
2026-07-28T17:38:03Z,2026-07-30,2,67500.0,P,0.0001,0.0,0.0636,63461.45,63458.07,0.414,-0.98739,2e-05,1.36935,0.0,0.0
2026-07-28T17:38:03Z,2026-07-30,2,68000.0,C,0.0001,0.0002,0.0001,63461.45,63458.07,0.4515,0.01082,2e-05,1.19863,93.7,6.9
2026-07-28T17:38:03Z,2026-07-30,2,68000.0,P,0.0001,0.0,0.0714,63461.45,63458.07,0.4515,-0.98918,2e-05,1.19863,0.0,0.0
2026-07-28T17:38:03Z,2026-07-30,2,69000.0,C,0.0,0.0001,0.0001,63461.45,63458.07,0.4866,0.00491,1e-05,0.59753,81.0,4.9
2026-07-28T17:38:03Z,2026-07-30,2,69000.0,P,0.0001,0.0,0.0871,63458.61,63458.07,0.4866,-0.99511,1e-05,0.59536,0.0,0.0
2026-07-28T17:38:03Z,2026-07-30,2,70000.0,C,0.0,0.0001,0.0,63458.61,63458.07,0.5097,0.00192,0.0,0.256,202.2,120.4
2026-07-28T17:38:03Z,2026-07-30,2,70000.0,P,0.0001,0.0,0.1028,63458.61,63458.07,0.5097,-0.99808,0.0,0.256,0.0,0.0
2026-07-28T17:38:03Z,2026-07-30,2,71000.0,C,0.0,0.0001,0.0,63458.61,63458.07,0.5097,0.00046,0.0,0.06945,94.2,3.3
2026-07-28T17:38:03Z,2026-07-30,2,71000.0,P,0.0001,0.0,0.1186,63458.61,63458.07,0.5097,-0.99954,0.0,0.06945,0.0,0.0
2026-07-28T17:38:03Z,2026-07-30,2,72000.0,C,0.0,0.0001,0.0,63458.61,63458.07,0.5097,0.0001,0.0,0.01614,1.0,0.0
2026-07-28T17:38:03Z,2026-07-30,2,72000.0,P,0.0001,0.0,0.1343,63458.61,63458.07,0.5097,-0.9999,0.0,0.01614,0.0,0.0
2026-07-28T17:38:03Z,2026-07-31,3,45000.0,C,0.289,0.296,0.2911,63482.07,63458.07,1.0319,0.99997,0.0,0.0073,0.0,0.0
2026-07-28T17:38:03Z,2026-07-31,3,45000.0,P,0.0,0.0001,0.0,63483.6,63458.07,1.0319,-3e-05,0.0,0.00729,1063.6,0.0
2026-07-28T17:38:03Z,2026-07-31,3,46000.0,C,0.273,0.292,0.2754,63480.76,63458.07,1.0319,0.99991,0.0,0.0194,0.0,0.0
2026-07-28T17:38:03Z,2026-07-31,3,46000.0,P,0.0,0.0001,0.0,63480.76,63458.07,1.0319,-9e-05,0.0,0.0194,1658.6,0.0
2026-07-28T17:38:03Z,2026-07-31,3,48000.0,C,0.242,0.248,0.2439,63480.76,63458.07,1.0319,0.99943,0.0,0.10726,2.0,0.0
2026-07-28T17:38:03Z,2026-07-31,3,48000.0,P,0.0,0.0001,0.0,63483.6,63458.07,1.0319,-0.00057,0.0,0.10709,1028.7,1.5
2026-07-28T17:38:03Z,2026-07-31,3,50000.0,C,0.21,0.2165,0.2124,63480.76,63458.07,1.0223,0.99753,0.0,0.41158,3.4,0.0
2026-07-28T17:38:03Z,2026-07-31,3,50000.0,P,0.0,0.0001,0.0001,63480.76,63458.07,1.0223,-0.00247,0.0,0.41158,3157.3,150.0
2026-07-28T17:38:03Z,2026-07-31,3,52000.0,C,0.1785,0.1865,0.181,63480.76,63458.07,0.9549,0.99407,0.0,0.90133,0.5,0.0
2026-07-28T17:38:03Z,2026-07-31,3,52000.0,P,0.0001,0.0002,0.0002,63480.76,63458.07,0.9549,-0.00593,0.0,0.90133,1541.4,139.4
2026-07-28T17:38:03Z,2026-07-31,3,54000.0,C,0.147,0.154,0.1495,63483.6,63458.07,0.7937000000000001,0.99285,0.0,1.06371,1.6,0.0
2026-07-28T17:38:03Z,2026-07-31,3,54000.0,P,0.0001,0.0002,0.0002,63480.76,63458.07,0.7937000000000001,-0.00716,0.0,1.06541,2081.0,342.7
2026-07-28T17:38:03Z,2026-07-31,3,55000.0,C,0.131,0.138,0.1338,63480.76,63458.07,0.7348,0.99046,1e-05,1.36963,11.5,0.0
2026-07-28T17:38:03Z,2026-07-31,3,55000.0,P,0.0001,0.0003,0.0002,63480.76,63458.07,0.7348,-0.00954,1e-05,1.36963,1222.3,168.1
2026-07-28T17:38:03Z,2026-07-31,3,56000.0,C,0.1155,0.1215,0.1181,63480.76,63458.07,0.6815000000000001,0.98642,1e-05,1.8616,41.3,0.0
2026-07-28T17:38:03Z,2026-07-31,3,56000.0,P,0.0002,0.0003,0.0003,63480.76,63458.07,0.6815000000000001,-0.01358,1e-05,1.8616,2487.7,50.2
2026-07-28T17:38:03Z,2026-07-31,3,57000.0,C,0.017,0.0,0.1025,63480.76,63458.07,0.6303,0.97989,1e-05,2.60507,3.7,0.0
2026-07-28T17:38:03Z,2026-07-31,3,57000.0,P,0.0003,0.0004,0.0004,63483.6,63458.07,0.6303,-0.02006,1e-05,2.60069,536.4,27.0
2026-07-28T17:38:03Z,2026-07-31,3,58000.0,C,0.0845,0.0905,0.0869,63480.76,63458.07,0.5756,0.97017,2e-05,3.62755,257.2,0.0
2026-07-28T17:38:03Z,2026-07-31,3,58000.0,P,0.0005,0.0006,0.0006,63477.42,63458.07,0.5756,-0.0299,2e-05,3.6347,1766.2,116.9
2026-07-28T17:38:03Z,2026-07-31,3,59000.0,C,0.069,0.0735,0.0715,63477.42,63458.07,0.5323,0.95062,4e-05,5.46908,196.7,0.3
2026-07-28T17:38:03Z,2026-07-31,3,59000.0,P,0.0008,0.001,0.0009,63477.42,63458.07,0.5323,-0.04938,4e-05,5.46883,2167.7,527.9
2026-07-28T17:38:03Z,2026-07-31,3,60000.0,C,0.0545,0.0585,0.0565,63477.42,63458.07,0.4935,0.91523,6e-05,8.31727,1034.6,0.2
2026-07-28T17:38:03Z,2026-07-31,3,60000.0,P,0.0015,0.0018,0.0016,63477.42,63458.07,0.4935,-0.08477,6e-05,8.31721,2803.8,301.5
2026-07-28T17:38:03Z,2026-07-31,3,61000.0,C,0.04,0.0435,0.042,63477.42,63458.07,0.4539,0.85511,9e-05,12.2015,896.4,26.4
2026-07-28T17:38:03Z,2026-07-31,3,61000.0,P,0.0027,0.003,0.0029,63477.42,63458.07,0.4539,-0.14489,9e-05,12.2015,1451.0,717.4
2026-07-28T17:38:03Z,2026-07-31,3,62000.0,C,0.0265,0.0305,0.0287,63477.42,63458.07,0.4205,0.75222,0.00014,16.93979,1453.4,7.0
2026-07-28T17:38:03Z,2026-07-31,3,62000.0,P,0.005,0.0055,0.0053,63477.42,63458.07,0.4205,-0.24778,0.00014,16.93979,1907.6,157.5
2026-07-28T17:38:03Z,2026-07-31,3,62500.0,C,0.0215,0.0235,0.0226,63477.42,63458.07,0.40399999999999997,0.68162,0.00016,19.11302,0.1,0.1
2026-07-28T17:38:03Z,2026-07-31,3,62500.0,P,0.007,0.0075,0.0071,63477.42,63458.07,0.40399999999999997,-0.31838,0.00016,19.11302,2.1,2.4
2026-07-28T17:38:03Z,2026-07-31,3,63000.0,C,0.017,0.018,0.0174,63477.42,63458.07,0.39399999999999996,0.59627,0.00018,20.74236,1190.5,23.3
2026-07-28T17:38:03Z,2026-07-31,3,63000.0,P,0.0095,0.01,0.0098,63477.42,63458.07,0.39399999999999996,-0.40373,0.00018,20.74236,965.6,249.7
2026-07-28T17:38:03Z,2026-07-31,3,63500.0,C,0.0125,0.013,0.0126,63477.42,63458.07,0.3789,0.50194,0.0002,21.36724,141.8,143.5
2026-07-28T17:38:03Z,2026-07-31,3,63500.0,P,0.0125,0.0135,0.0129,63477.42,63458.07,0.3789,-0.49806,0.0002,21.36724,195.5,182.7
2026-07-28T17:38:03Z,2026-07-31,3,64000.0,C,0.0085,0.0095,0.0089,63477.42,63458.07,0.371,0.40273,0.00019,20.72915,1352.1,614.2
2026-07-28T17:38:03Z,2026-07-31,3,64000.0,P,0.0165,0.018,0.017,63477.42,63458.07,0.371,-0.59727,0.00019,20.72913,839.5,44.9
2026-07-28T17:38:03Z,2026-07-31,3,64500.0,C,0.0055,0.0065,0.0061,63477.42,63458.07,0.36829999999999996,0.30898,0.00018,18.86846,411.3,426.0
2026-07-28T17:38:03Z,2026-07-31,3,64500.0,P,0.0205,0.0235,0.0221,63477.42,63458.07,0.36829999999999996,-0.69102,0.00018,18.86854,38.7,63.9
2026-07-28T17:38:03Z,2026-07-31,3,65000.0,C,0.0037,0.0041,0.0039,63477.42,63458.07,0.361,0.22275,0.00015,15.972,2098.0,155.7
2026-07-28T17:38:03Z,2026-07-31,3,65000.0,P,0.0255,0.03,0.0278,63479.74,63458.07,0.361,-0.77689,0.00015,15.98735,596.8,43.7
2026-07-28T17:38:03Z,2026-07-31,3,65500.0,C,0.0023,0.0025,0.0024,63479.74,63458.07,0.35969999999999996,0.15457,0.00012,12.7401,32.9,32.3
2026-07-28T17:38:03Z,2026-07-31,3,65500.0,P,0.032,0.0365,0.0342,63479.74,63458.07,0.35969999999999996,-0.84543,0.00012,12.73973,0.7,0.3
2026-07-28T17:38:03Z,2026-07-31,3,66000.0,C,0.0014,0.0018,0.0015,63479.74,63458.07,0.3632,0.10471,9e-05,9.71996,1534.9,1028.5
2026-07-28T17:38:03Z,2026-07-31,3,66000.0,P,0.039,0.0435,0.0412,63479.74,63458.07,0.3632,-0.89529,9e-05,9.71996,607.6,3.2
2026-07-28T17:38:03Z,2026-07-31,3,66500.0,C,0.0009,0.0012,0.001,63479.74,63458.07,0.3732,0.07208,7e-05,7.35536,126.9,120.8
2026-07-28T17:38:03Z,2026-07-31,3,66500.0,P,0.046,0.0515,0.0485,63479.74,63458.07,0.3732,-0.92792,7e-05,7.35536,0.0,0.0
2026-07-28T17:38:03Z,2026-07-31,3,67000.0,C,0.0007,0.0009,0.0007,63479.74,63458.07,0.3895,0.052,5e-05,5.69967,2050.5,408.3
2026-07-28T17:38:03Z,2026-07-31,3,67000.0,P,0.0515,0.059,0.0561,63479.74,63458.07,0.3895,-0.948,5e-05,5.69967,252.0,1.2
2026-07-28T17:38:03Z,2026-07-31,3,67500.0,C,0.0005,0.0007,0.0005,63479.74,63458.07,0.4092,0.03911,4e-05,4.53164,32.2,35.5
2026-07-28T17:38:03Z,2026-07-31,3,67500.0,P,0.058,0.0675,0.0639,63479.74,63458.07,0.4092,-0.96089,4e-05,4.53221,0.0,0.0
2026-07-28T17:38:03Z,2026-07-31,3,68000.0,C,0.0004,0.0006,0.0004,63479.74,63458.07,0.4347,0.03166,3e-05,3.81041,4683.7,265.8
2026-07-28T17:38:03Z,2026-07-31,3,68000.0,P,0.0675,0.0745,0.0716,63479.74,63458.07,0.4347,-0.96834,3e-05,3.81041,400.8,0.0
2026-07-28T17:38:03Z,2026-07-31,3,69000.0,C,0.0003,0.0004,0.0004,63479.74,63458.07,0.49450000000000005,0.02398,2e-05,3.02334,3183.7,257.0
2026-07-28T17:38:03Z,2026-07-31,3,69000.0,P,0.083,0.0905,0.0873,63479.74,63458.07,0.49450000000000005,-0.97602,2e-05,3.02334,209.6,0.0
2026-07-28T17:38:03Z,2026-07-31,3,70000.0,C,0.0002,0.0003,0.0002,63479.74,63458.07,0.5201,0.0137,1e-05,1.87563,25445.9,167.4
2026-07-28T17:38:03Z,2026-07-31,3,70000.0,P,0.098,0.106,0.103,63479.74,63458.07,0.5202,-0.9863,1e-05,1.87608,884.4,0.2
2026-07-28T17:38:03Z,2026-07-31,3,71000.0,C,0.0001,0.0003,0.0002,63479.74,63458.07,0.5622,0.00974,1e-05,1.39468,2804.3,124.5
2026-07-28T17:38:03Z,2026-07-31,3,71000.0,P,0.114,0.1215,0.1186,63479.74,63458.07,0.5622,-0.99026,1e-05,1.39468,110.7,0.1
2026-07-28T17:38:03Z,2026-07-31,3,72000.0,C,0.0001,0.0002,0.0001,63479.74,63458.07,0.6032,0.00716,1e-05,1.06461,26202.8,86.4
2026-07-28T17:38:03Z,2026-07-31,3,72000.0,P,0.1295,0.1375,0.1344,63482.75,63458.07,0.6032,-0.99282,1e-05,1.06709,364.2,3.1
2026-07-28T17:38:03Z,2026-07-31,3,73000.0,C,0.0,0.0002,0.0001,63482.75,63458.07,0.6437999999999999,0.00547,0.0,0.83926,2034.9,68.4
2026-07-28T17:38:03Z,2026-07-31,3,73000.0,P,0.145,0.1535,0.1501,63482.75,63458.07,0.6437999999999999,-0.99453,0.0,0.83926,97.6,0.0
2026-07-28T17:38:03Z,2026-07-31,3,74000.0,C,0.0,0.0001,0.0001,63479.74,63458.07,0.6670999999999999,0.00351,0.0,0.56427,670.1,68.4
2026-07-28T17:38:03Z,2026-07-31,3,74000.0,P,0.1615,0.169,0.1658,63479.74,63458.07,0.6670999999999999,-0.99649,0.0,0.56427,177.2,54.6
2026-07-28T17:38:03Z,2026-07-31,3,75000.0,C,0.0,0.0001,0.0,63479.74,63458.07,0.7045,0.00275,0.0,0.45375,4067.1,448.1
2026-07-28T17:38:03Z,2026-07-31,3,75000.0,P,0.177,0.1845,0.1816,63482.75,63458.07,0.7045,-0.99724,0.0,0.45477,225.4,0.3
2026-07-28T17:38:03Z,2026-07-31,3,76000.0,C,0.0,0.0001,0.0,63479.74,63458.07,0.7045,0.00136,0.0,0.23847,2773.8,277.9
2026-07-28T17:38:03Z,2026-07-31,3,76000.0,P,0.1925,0.2005,0.1973,63479.74,63458.07,0.7045,-0.99864,0.0,0.23847,431.3,1.0
2026-07-28T17:38:03Z,2026-07-31,3,77000.0,C,0.0,0.0001,0.0,63479.74,63458.07,0.7045,0.00064,0.0,0.1204,2720.0,0.0
2026-07-28T17:38:03Z,2026-07-31,3,77000.0,P,0.208,0.2165,0.213,63482.75,63458.07,0.7045,-0.99935,0.0,0.12071,245.0,2.0
2026-07-28T17:38:03Z,2026-07-31,3,78000.0,C,0.0,0.0001,0.0,63482.75,63458.07,0.7045,0.0003,0.0,0.05865,1171.4,0.0
2026-07-28T17:38:03Z,2026-07-31,3,78000.0,P,0.2235,0.232,0.2288,63482.75,63458.07,0.7045,-0.9997,0.0,0.05865,444.4,0.0
2026-07-28T17:38:03Z,2026-07-31,3,79000.0,C,0.0,0.0001,0.0,63482.75,63458.07,0.7045,0.00013,0.0,0.02746,1606.2,0.0
2026-07-28T17:38:03Z,2026-07-31,3,79000.0,P,0.239,0.248,0.2445,63482.75,63458.07,0.7045,-0.99987,0.0,0.02746,144.2,0.0
2026-07-28T17:38:03Z,2026-07-31,3,80000.0,C,0.0,0.0001,0.0,63479.74,63458.07,0.7045,6e-05,0.0,0.01237,7014.4,0.0
2026-07-28T17:38:03Z,2026-07-31,3,80000.0,P,0.255,0.264,0.2603,63482.75,63458.07,0.7045,-0.99994,0.0,0.01241,385.1,0.1
2026-07-28T17:38:03Z,2026-07-31,3,81000.0,C,0.0,0.0001,0.0,63482.75,63458.07,0.7045,2e-05,0.0,0.00542,1462.6,0.0
2026-07-28T17:38:03Z,2026-07-31,3,81000.0,P,0.2705,0.2795,0.276,63482.75,63458.07,0.7045,-0.99998,0.0,0.00542,114.0,0.0
2026-07-28T17:38:03Z,2026-07-31,3,82000.0,C,0.0,0.0001,0.0,63482.75,63458.07,0.7045,1e-05,0.0,0.00229,3188.2,0.0
2026-07-28T17:38:03Z,2026-07-31,3,82000.0,P,0.286,0.2955,0.2918,63485.18,63458.07,0.7045,-0.99999,0.0,0.0023,92.0,0.0
2026-07-28T17:38:03Z,2026-07-31,3,83000.0,C,0.0,0.0001,0.0,63485.18,63458.07,0.7045,0.0,0.0,0.00094,1199.8,0.0
2026-07-28T17:38:03Z,2026-07-31,3,83000.0,P,0.302,0.311,0.3075,63485.18,63458.07,0.7045,-1.0,0.0,0.00094,29.5,0.0
2026-07-28T17:38:03Z,2026-07-31,3,84000.0,C,0.0,0.0001,0.0,63485.18,63458.07,0.7045,0.0,0.0,0.00037,743.5,0.0
2026-07-28T17:38:03Z,2026-07-31,3,84000.0,P,0.3175,0.327,0.3233,63485.18,63458.07,0.7045,-1.0,0.0,0.00037,30.2,2.2
2026-07-28T17:38:03Z,2026-07-31,3,85000.0,C,0.0,0.0001,0.0,63485.18,63458.07,0.7045999999999999,0.0,0.0,0.00014,1276.2,0.0
2026-07-28T17:38:03Z,2026-07-31,3,85000.0,P,0.331,0.3475,0.3391,63485.18,63458.07,0.7045999999999999,-1.0,0.0,0.00014,22.2,0.2
2026-07-28T17:38:03Z,2026-07-31,3,86000.0,C,0.0,0.0001,0.0,63483.07,63458.07,0.7045999999999999,0.0,0.0,5e-05,496.0,0.0
2026-07-28T17:38:03Z,2026-07-31,3,86000.0,P,0.347,0.3605,0.3548,63485.18,63458.07,0.7045999999999999,-1.0,0.0,5e-05,15.2,0.0
2026-07-28T17:38:03Z,2026-07-31,3,87000.0,C,0.0,0.0001,0.0,63483.07,63458.07,0.7047,0.0,0.0,2e-05,377.4,0.0
2026-07-28T17:38:03Z,2026-07-31,3,87000.0,P,0.363,0.383,0.3706,63485.18,63458.07,0.7047,-1.0,0.0,2e-05,8.1,0.0
2026-07-28T17:38:03Z,2026-07-31,3,88000.0,C,0.0,0.0001,0.0,63485.18,63458.07,0.7047,0.0,0.0,1e-05,588.7,0.1
2026-07-28T17:38:03Z,2026-07-31,3,88000.0,P,0.378,0.399,0.3863,63485.18,63458.07,0.7047,-1.0,0.0,1e-05,2.1,0.6
2026-07-28T17:38:03Z,2026-07-31,3,89000.0,C,0.0,0.0001,0.0,63483.07,63458.07,0.7048000000000001,0.0,0.0,0.0,237.4,0.0
2026-07-28T17:38:03Z,2026-07-31,3,89000.0,P,0.3945,0.4135,0.4021,63485.18,63458.07,0.7048000000000001,-1.0,0.0,0.0,5.9,0.0
2026-07-28T17:38:03Z,2026-07-31,3,90000.0,C,0.0,0.0001,0.0,63483.07,63458.07,0.705,0.0,0.0,0.0,1314.5,0.0
2026-07-28T17:38:03Z,2026-07-31,3,90000.0,P,0.3845,0.0,0.4178,63485.18,63458.07,0.705,-1.0,0.0,0.0,14.8,0.3
2026-07-28T17:38:03Z,2026-07-31,3,91000.0,C,0.0,0.0001,0.0,63485.18,63458.07,0.705,0.0,0.0,0.0,286.2,0.0
2026-07-28T17:38:03Z,2026-07-31,3,91000.0,P,0.4255,0.4455,0.4336,63485.18,63458.07,0.705,-1.0,0.0,0.0,0.2,0.0
2026-07-28T17:38:03Z,2026-07-31,3,92000.0,C,0.0,0.0001,0.0,63482.45,63458.07,0.705,0.0,0.0,0.0,444.7,0.0
2026-07-28T17:38:03Z,2026-07-31,3,92000.0,P,0.441,0.464,0.4492,63482.45,63458.07,0.705,-1.0,0.0,0.0,0.4,0.0
2026-07-28T17:38:03Z,2026-07-31,3,93000.0,C,0.0,0.0001,0.0,63482.45,63458.07,0.705,0.0,0.0,0.0,106.6,0.0
2026-07-28T17:38:03Z,2026-07-31,3,93000.0,P,0.4555,0.483,0.465,63482.45,63458.07,0.705,-1.0,0.0,0.0,0.5,0.0
2026-07-28T17:38:03Z,2026-07-31,3,94000.0,C,0.0,0.0001,0.0,63482.45,63458.07,0.705,0.0,0.0,0.0,892.6,0.0
2026-07-28T17:38:03Z,2026-07-31,3,94000.0,P,0.4725,0.4945,0.4807,63482.45,63458.07,0.705,-1.0,0.0,0.0,1.3,0.0
2026-07-28T17:38:03Z,2026-07-31,3,95000.0,C,0.0,0.0001,0.0,63482.45,63458.07,0.705,0.0,0.0,0.0,135.8,0.0
2026-07-28T17:38:03Z,2026-07-31,3,95000.0,P,0.488,0.514,0.4965,63485.18,63458.07,0.705,-1.0,0.0,0.0,0.4,0.1
2026-07-28T17:38:03Z,2026-07-31,3,96000.0,C,0.0,0.0001,0.0,63482.45,63458.07,0.705,0.0,0.0,0.0,281.8,0.0
2026-07-28T17:38:03Z,2026-07-31,3,96000.0,P,0.504,0.521,0.5122,63482.45,63458.07,0.705,-1.0,0.0,0.0,0.1,0.0
2026-07-28T17:38:03Z,2026-07-31,3,98000.0,C,0.0,0.0001,0.0,63482.45,63458.07,0.705,0.0,0.0,0.0,1165.3,0.0
2026-07-28T17:38:03Z,2026-07-31,3,98000.0,P,0.5345,0.5615,0.5437,63482.45,63458.07,0.705,-1.0,0.0,0.0,0.1,0.0
2026-07-28T17:38:03Z,2026-07-31,3,100000.0,C,0.0,0.0001,0.0,63482.45,63458.07,0.705,0.0,0.0,0.0,1802.6,0.0
2026-07-28T17:38:03Z,2026-07-31,3,100000.0,P,0.5685,0.5795,0.5752,63485.18,63458.07,0.705,-1.0,0.0,0.0,99.5,0.0
2026-07-28T17:38:03Z,2026-07-31,3,102000.0,C,0.0,0.0001,0.0,63482.45,63458.07,0.705,0.0,0.0,0.0,460.8,0.0
2026-07-28T17:38:03Z,2026-07-31,3,102000.0,P,0.5975,0.6165,0.6067,63485.18,63458.07,0.705,-1.0,0.0,0.0,0.1,0.0
2026-07-28T17:38:03Z,2026-07-31,3,104000.0,C,0.0,0.0001,0.0,63482.45,63458.07,0.705,0.0,0.0,0.0,511.1,0.0
2026-07-28T17:38:03Z,2026-07-31,3,104000.0,P,0.629,0.648,0.6382,63485.18,63458.07,0.705,-1.0,0.0,0.0,0.0,0.0
2026-07-28T17:38:03Z,2026-07-31,3,105000.0,C,0.0,0.0001,0.0,63482.45,63458.07,0.705,0.0,0.0,0.0,516.1,0.0
2026-07-28T17:38:03Z,2026-07-31,3,105000.0,P,0.644,0.6605,0.654,63482.45,63458.07,0.705,-1.0,0.0,0.0,1.0,0.1
2026-07-28T17:38:03Z,2026-07-31,3,106000.0,C,0.0,0.0001,0.0,63483.08,63458.07,0.7051000000000001,0.0,0.0,0.0,44.6,0.0
2026-07-28T17:38:03Z,2026-07-31,3,106000.0,P,0.6605,0.6795,0.6697,63482.43,63458.07,0.7051000000000001,-1.0,0.0,0.0,0.0,0.0
2026-07-28T17:38:03Z,2026-07-31,3,108000.0,C,0.0,0.0001,0.0,63483.08,63458.07,0.706,0.0,0.0,0.0,375.1,0.0
2026-07-28T17:38:03Z,2026-07-31,3,108000.0,P,0.6915,0.7115,0.7012,63483.08,63458.07,0.706,-1.0,0.0,0.0,0.0,0.0
2026-07-28T17:38:03Z,2026-07-31,3,110000.0,C,0.0,0.0001,0.0,63482.43,63458.07,0.7082999999999999,0.0,0.0,0.0,194.2,0.0
2026-07-28T17:38:03Z,2026-07-31,3,110000.0,P,0.725,0.7375,0.7327,63483.08,63458.07,0.7082999999999999,-1.0,0.0,0.0,46.2,0.0
2026-07-28T17:38:03Z,2026-07-31,3,115000.0,C,0.0,0.0001,0.0,63483.08,63458.07,0.7282,0.0,0.0,0.0,182.3,0.0
2026-07-28T17:38:03Z,2026-07-31,3,115000.0,P,0.8005,0.8325,0.8115,63483.08,63458.07,0.7282,-1.0,0.0,0.0,3.2,0.0
2026-07-28T17:38:03Z,2026-07-31,3,120000.0,C,0.0,0.0001,0.0,63483.08,63458.07,0.7720999999999999,0.0,0.0,0.0,1059.4,0.0
2026-07-28T17:38:03Z,2026-07-31,3,120000.0,P,0.8795,0.9035,0.8902,63483.08,63458.07,0.7720999999999999,-1.0,0.0,0.0,3.5,0.0
2026-07-28T17:38:03Z,2026-08-01,4,56000.0,C,0.0,0.0,0.1183,63460.47,63458.07,0.6026,0.983,1e-05,2.65679,0.0,0.0
2026-07-28T17:38:03Z,2026-08-01,4,56000.0,P,0.0003,0.0004,0.0004,63461.51,63458.07,0.6026,-0.01699,1e-05,2.65512,4.3,4.4
2026-07-28T17:38:03Z,2026-08-01,4,57000.0,C,0.0,0.0,0.1028,63461.51,63458.07,0.5648,0.97397,2e-05,3.80893,0.0,0.0
2026-07-28T17:38:03Z,2026-08-01,4,57000.0,P,0.0004,0.0006,0.0006,63461.51,63458.07,0.5648,-0.02603,2e-05,3.80893,2.8,2.8
2026-07-28T17:38:03Z,2026-08-01,4,58000.0,C,0.0,0.0,0.0874,63461.51,63458.07,0.5313,0.95837,3e-05,5.60914,0.0,0.0
2026-07-28T17:38:03Z,2026-08-01,4,58000.0,P,0.0008,0.001,0.0009,63461.51,63458.07,0.5313,-0.04163,3e-05,5.60914,6.7,6.7
2026-07-28T17:38:03Z,2026-08-01,4,59000.0,C,0.0,0.0,0.0721,63461.51,63458.07,0.4951,0.93415,4e-05,8.07078,0.0,0.0
2026-07-28T17:38:03Z,2026-08-01,4,59000.0,P,0.0012,0.0015,0.0014,63461.51,63458.07,0.4951,-0.06585,4e-05,8.07078,2.2,2.2
2026-07-28T17:38:03Z,2026-08-01,4,60000.0,C,0.0,0.0,0.0573,63461.51,63458.07,0.4597,0.89466,6e-05,11.48462,0.0,0.0
2026-07-28T17:38:03Z,2026-08-01,4,60000.0,P,0.0021,0.0025,0.0023,63461.51,63458.07,0.4597,-0.10534,6e-05,11.48462,3.7,3.7
2026-07-28T17:38:03Z,2026-08-01,4,61000.0,C,0.0,0.0,0.0431,63461.51,63458.07,0.428,0.82946,9e-05,15.97809,0.0,0.0
2026-07-28T17:38:03Z,2026-08-01,4,61000.0,P,0.0036,0.0041,0.0039,63461.51,63458.07,0.428,-0.17054,9e-05,15.97809,6.6,6.6
2026-07-28T17:38:03Z,2026-08-01,4,61500.0,C,0.0,0.0,0.0365,63461.51,63458.07,0.41479999999999995,0.78318,0.00011,18.50209,0.0,0.0
2026-07-28T17:38:03Z,2026-08-01,4,61500.0,P,0.0048,0.0055,0.0051,63461.51,63458.07,0.41479999999999995,-0.21682,0.00011,18.50209,11.3,11.8
2026-07-28T17:38:03Z,2026-08-01,4,62000.0,C,0.0,0.0,0.0301,63461.51,63458.07,0.40009999999999996,0.72786,0.00013,20.91727,0.0,0.0
2026-07-28T17:38:03Z,2026-08-01,4,62000.0,P,0.006,0.007,0.0066,63461.51,63458.07,0.40009999999999996,-0.27214,0.00013,20.91727,0.0,0.0
2026-07-28T17:38:03Z,2026-08-01,4,62500.0,C,0.0235,0.025,0.0243,63461.51,63458.07,0.3882,0.66105,0.00015,23.06127,0.0,0.0
2026-07-28T17:38:03Z,2026-08-01,4,62500.0,P,0.0085,0.009,0.0087,63461.51,63458.07,0.3882,-0.33895,0.00015,23.06127,11.8,11.8
2026-07-28T17:38:03Z,2026-08-01,4,63000.0,C,0.0185,0.0195,0.0191,63461.51,63458.07,0.37929999999999997,0.58419,0.00016,24.57676,25.0,25.0
2026-07-28T17:38:03Z,2026-08-01,4,63000.0,P,0.011,0.012,0.0114,63461.51,63458.07,0.37929999999999997,-0.41581,0.00016,24.57676,20.0,20.0
2026-07-28T17:38:03Z,2026-08-01,4,63500.0,C,0.014,0.015,0.0146,63461.51,63458.07,0.37070000000000003,0.50077,0.00017,25.13858,7.9,7.9
2026-07-28T17:38:03Z,2026-08-01,4,63500.0,P,0.014,0.0155,0.0147,63461.33,63458.07,0.37070000000000003,-0.49926,0.00017,25.13851,10.3,10.3
2026-07-28T17:38:03Z,2026-08-01,4,64000.0,C,0.01,0.0115,0.0108,63461.33,63458.07,0.3638,0.41451,0.00017,24.55912,33.7,33.7
2026-07-28T17:38:03Z,2026-08-01,4,64000.0,P,0.0185,0.0195,0.0188,63461.33,63458.07,0.3638,-0.58549,0.00017,24.55912,0.0,0.0
2026-07-28T17:38:03Z,2026-08-01,4,64500.0,C,0.007,0.0085,0.0077,63461.33,63458.07,0.3578,0.33026,0.00016,22.82724,7.9,7.9
2026-07-28T17:38:03Z,2026-08-01,4,64500.0,P,0.02,0.028,0.0236,63461.33,63458.07,0.3578,-0.66974,0.00016,22.82724,0.0,0.0
2026-07-28T17:38:03Z,2026-08-01,4,65000.0,C,0.005,0.006,0.0054,63461.33,63458.07,0.35479999999999995,0.25386,0.00014,20.1865,5.5,5.5
2026-07-28T17:38:03Z,2026-08-01,4,65000.0,P,0.0,0.0,0.0291,63461.33,63458.07,0.35479999999999995,-0.74614,0.00014,20.1865,0.0,0.0
2026-07-28T17:38:03Z,2026-08-01,4,65500.0,C,0.0035,0.004,0.0036,63461.33,63458.07,0.3521,0.18757,0.00012,16.9646,0.1,0.1
2026-07-28T17:38:03Z,2026-08-01,4,65500.0,P,0.0,0.0,0.0353,63461.33,63458.07,0.3521,-0.81243,0.00012,16.9646,0.0,0.0
2026-07-28T17:38:03Z,2026-08-01,4,66000.0,C,0.0024,0.0028,0.0025,63461.33,63458.07,0.35409999999999997,0.13612,0.0001,13.75919,30.4,60.9
2026-07-28T17:38:03Z,2026-08-01,4,66000.0,P,0.0,0.0,0.042,63461.33,63458.07,0.35409999999999997,-0.86388,0.0001,13.75919,0.0,0.0
2026-07-28T17:38:03Z,2026-08-01,4,67000.0,C,0.001,0.0014,0.0011,63461.33,63458.07,0.3654,0.06979,6e-05,8.44103,23.1,23.1
2026-07-28T17:38:03Z,2026-08-01,4,67000.0,P,0.0,0.0,0.0564,63461.33,63458.07,0.3654,-0.93021,6e-05,8.44103,0.0,0.0
2026-07-28T17:38:03Z,2026-08-01,4,68000.0,C,0.0005,0.0007,0.0006,63461.33,63458.07,0.3875,0.03786,3e-05,5.1922,30.0,30.0
2026-07-28T17:38:03Z,2026-08-01,4,68000.0,P,0.0,0.0,0.0716,63461.33,63458.07,0.3875,-0.96214,3e-05,5.1922,0.0,0.0
2026-07-28T17:38:03Z,2026-08-01,4,69000.0,C,0.0003,0.0005,0.0004,63461.33,63458.07,0.4203,0.02363,2e-05,3.51234,310.9,310.9
2026-07-28T17:38:03Z,2026-08-01,4,69000.0,P,0.0,0.0,0.0871,63461.33,63458.07,0.4203,-0.97637,2e-05,3.51234,0.0,0.0
2026-07-28T17:38:03Z,2026-08-01,4,70000.0,C,0.0002,0.0003,0.0002,63461.33,63458.07,0.44170000000000004,0.01341,1e-05,2.16703,76.3,76.3
2026-07-28T17:38:03Z,2026-08-01,4,70000.0,P,0.0,0.0,0.1027,63461.33,63458.07,0.44170000000000004,-0.98659,1e-05,2.16703,0.0,0.0
2026-07-28T17:38:03Z,2026-08-01,4,71000.0,C,0.0001,0.0003,0.0002,63461.33,63458.07,0.47759999999999997,0.00955,1e-05,1.61344,0.0,0.0
2026-07-28T17:38:03Z,2026-08-01,4,71000.0,P,0.0,0.0,0.1184,63460.61,63458.07,0.47759999999999997,-0.99045,1e-05,1.61288,0.0,0.0
2026-07-28T17:38:03Z,2026-08-07,10,53000.0,C,0.164,0.174,0.1666,63536.74,63458.07,0.5623,0.97904,1e-05,5.19112,0.0,0.0
2026-07-28T17:38:03Z,2026-08-07,10,53000.0,P,0.0006,0.0007,0.0007,63536.02,63458.07,0.5623,-0.02097,1e-05,5.19238,120.5,35.0
2026-07-28T17:38:03Z,2026-08-07,10,55000.0,C,0.133,0.1405,0.1356,63536.74,63458.07,0.5097,0.96303,2e-05,8.32697,0.0,0.0
2026-07-28T17:38:03Z,2026-08-07,10,55000.0,P,0.0011,0.0014,0.0013,63536.74,63458.07,0.5097,-0.03697,2e-05,8.32697,238.5,110.3
2026-07-28T17:38:03Z,2026-08-07,10,58000.0,C,0.0885,0.0925,0.0905,63536.02,63458.07,0.4421,0.90447,4e-05,17.48642,0.0,0.0
2026-07-28T17:38:03Z,2026-08-07,10,58000.0,P,0.0031,0.0035,0.0033,63536.74,63458.07,0.4421,-0.09551,4e-05,17.48301,913.9,843.5
2026-07-28T17:38:03Z,2026-08-07,10,60000.0,C,0.0605,0.0645,0.0623,63536.74,63458.07,0.4035,0.81808,6e-05,27.21652,10.0,10.1
2026-07-28T17:38:03Z,2026-08-07,10,60000.0,P,0.006,0.007,0.0067,63536.74,63458.07,0.4035,-0.18192,6e-05,27.21652,1549.0,343.0
2026-07-28T17:38:03Z,2026-08-07,10,61000.0,C,0.0475,0.051,0.0495,63536.74,63458.07,0.3868,0.75205,8e-05,32.59858,33.5,0.5
2026-07-28T17:38:03Z,2026-08-07,10,61000.0,P,0.009,0.01,0.0096,63536.74,63458.07,0.3868,-0.24795,8e-05,32.59858,436.9,187.9
2026-07-28T17:38:03Z,2026-08-07,10,62000.0,C,0.037,0.0385,0.0378,63535.99,63458.07,0.3729,0.66819,9e-05,37.39485,101.9,0.6
2026-07-28T17:38:03Z,2026-08-07,10,62000.0,P,0.013,0.014,0.0137,63535.99,63458.07,0.3729,-0.33181,9e-05,37.39485,428.7,78.7
2026-07-28T17:38:03Z,2026-08-07,10,63000.0,C,0.027,0.028,0.0278,63535.99,63458.07,0.3616,0.56898,0.00011,40.48829,78.7,54.1
2026-07-28T17:38:03Z,2026-08-07,10,63000.0,P,0.019,0.0195,0.0193,63535.97,63458.07,0.3616,-0.43102,0.00011,40.48831,84.2,17.0
2026-07-28T17:38:03Z,2026-08-07,10,64000.0,C,0.0185,0.0195,0.0193,63535.97,63458.07,0.35119999999999996,0.46045,0.00011,40.90214,593.2,664.7
2026-07-28T17:38:03Z,2026-08-07,10,64000.0,P,0.026,0.027,0.0266,63535.97,63458.07,0.35119999999999996,-0.53955,0.00011,40.90214,85.5,7.7
2026-07-28T17:38:03Z,2026-08-07,10,65000.0,C,0.0125,0.0135,0.0128,63535.99,63458.07,0.3432,0.3514,0.0001,38.2189,191.0,96.0
2026-07-28T17:38:03Z,2026-08-07,10,65000.0,P,0.034,0.037,0.0358,63535.99,63458.07,0.3432,-0.6486,0.0001,38.2189,79.1,2.8
2026-07-28T17:38:03Z,2026-08-07,10,66000.0,C,0.008,0.0085,0.0081,63535.99,63458.07,0.3383,0.25268,9e-05,32.92667,481.6,262.0
2026-07-28T17:38:03Z,2026-08-07,10,66000.0,P,0.045,0.049,0.0468,63535.97,63458.07,0.3383,-0.74732,9e-05,32.92653,60.1,0.0
2026-07-28T17:38:03Z,2026-08-07,10,67000.0,C,0.0049,0.0055,0.005,63535.99,63458.07,0.33840000000000003,0.17364,7e-05,26.42856,734.3,151.1
2026-07-28T17:38:03Z,2026-08-07,10,67000.0,P,0.057,0.062,0.0595,63535.99,63458.07,0.33840000000000003,-0.82636,7e-05,26.42856,51.9,0.2
2026-07-28T17:38:03Z,2026-08-07,10,68000.0,C,0.0029,0.0033,0.003,63535.99,63458.07,0.3407,0.11479,6e-05,19.97295,1322.2,162.9
2026-07-28T17:38:03Z,2026-08-07,10,68000.0,P,0.071,0.076,0.0733,63535.99,63458.07,0.3407,-0.88521,6e-05,19.97295,0.1,0.0
2026-07-28T17:38:03Z,2026-08-07,10,69000.0,C,0.0018,0.0021,0.0019,63535.99,63458.07,0.34759999999999996,0.0756,4e-05,14.67447,719.6,102.8
2026-07-28T17:38:03Z,2026-08-07,10,69000.0,P,0.0855,0.0905,0.0879,63535.99,63458.07,0.34759999999999996,-0.9244,4e-05,14.67447,0.0,0.0
2026-07-28T17:38:03Z,2026-08-07,10,70000.0,C,0.0012,0.0015,0.0013,63535.97,63458.07,0.3616,0.05229,3e-05,11.01162,6680.9,94.5
2026-07-28T17:38:03Z,2026-08-07,10,70000.0,P,0.0975,0.107,0.103,63535.99,63458.07,0.3616,-0.94771,3e-05,11.01172,0.3,0.3
2026-07-28T17:38:03Z,2026-08-07,10,71000.0,C,0.0009,0.0011,0.0009,63535.99,63458.07,0.37920000000000004,0.03792,2e-05,8.50063,1379.7,58.2
2026-07-28T17:38:03Z,2026-08-07,10,71000.0,P,0.113,0.1285,0.1184,63535.94,63458.07,0.37920000000000004,-0.96208,2e-05,8.50116,0.0,0.0
2026-07-28T17:38:03Z,2026-08-07,10,72000.0,C,0.0006,0.0009,0.0007,63528.56,63458.07,0.3978,0.02818,2e-05,6.6554,5601.9,19.0
2026-07-28T17:38:03Z,2026-08-07,10,72000.0,P,0.128,0.1385,0.1339,63535.94,63458.07,0.3978,-0.9717,2e-05,6.67907,0.0,0.0
2026-07-28T17:38:03Z,2026-08-07,10,75000.0,C,0.0003,0.0005,0.0004,63535.94,63458.07,0.46380000000000005,0.01509,1e-05,3.9212,2539.0,33.1
2026-07-28T17:38:03Z,2026-08-07,10,75000.0,P,0.174,0.188,0.1808,63528.56,63458.07,0.46380000000000005,-0.98497,1e-05,3.90763,0.4,0.3
2026-07-28T17:38:03Z,2026-08-07,10,77000.0,C,0.0002,0.0005,0.0004,63535.94,63458.07,0.5196999999999999,0.0126,1e-05,3.35747,1027.4,16.6
2026-07-28T17:38:03Z,2026-08-07,10,77000.0,P,0.2055,0.2185,0.2123,63535.94,63458.07,0.5196999999999999,-0.9874,1e-05,3.35747,0.0,0.0
2026-07-28T17:38:03Z,2026-08-07,10,80000.0,C,0.0003,0.0004,0.0003,63528.56,63458.07,0.599,0.01004,0.0,2.75627,356.4,282.6
2026-07-28T17:38:03Z,2026-08-07,10,80000.0,P,0.252,0.2655,0.2595,63535.94,63458.07,0.599,-0.98992,0.0,2.76427,0.1,0.1
2026-07-28T17:38:03Z,2026-08-14,17,55000.0,C,0.136,0.14,0.1382,63585.63,63458.07,0.4738,0.93138,2e-05,17.92999,0.0,0.0
2026-07-28T17:38:03Z,2026-08-14,17,55000.0,P,0.0029,0.0034,0.0032,63578.55,63458.07,0.4738,-0.06877,2e-05,17.95717,269.3,244.0
2026-07-28T17:38:03Z,2026-08-14,17,58000.0,C,0.0925,0.0965,0.0946,63578.55,63458.07,0.4199,0.85776,4e-05,30.50417,0.0,0.0
2026-07-28T17:38:03Z,2026-08-14,17,58000.0,P,0.006,0.007,0.0068,63578.55,63458.07,0.4199,-0.14224,4e-05,30.50417,201.6,169.7
2026-07-28T17:38:03Z,2026-08-14,17,60000.0,C,0.066,0.07,0.068,63578.55,63458.07,0.3898,0.76991,6e-05,41.17797,0.0,0.0
2026-07-28T17:38:03Z,2026-08-14,17,60000.0,P,0.011,0.012,0.0116,63577.78,63458.07,0.3898,-0.23013,6e-05,41.1819,904.8,268.4
2026-07-28T17:38:03Z,2026-08-14,17,61000.0,C,0.0545,0.0575,0.0559,63578.55,63458.07,0.3779,0.71023,7e-05,46.39292,0.0,0.0
2026-07-28T17:38:03Z,2026-08-14,17,61000.0,P,0.0145,0.016,0.0152,63578.55,63458.07,0.3779,-0.28977,7e-05,46.39292,279.1,276.3
2026-07-28T17:38:03Z,2026-08-14,17,62000.0,C,0.044,0.0455,0.045,63578.55,63458.07,0.36829999999999996,0.64035,7e-05,50.70639,1.3,0.2
2026-07-28T17:38:03Z,2026-08-14,17,62000.0,P,0.0195,0.0205,0.0201,63577.78,63458.07,0.36829999999999996,-0.35971,7e-05,50.70859,143.5,101.8
2026-07-28T17:38:03Z,2026-08-14,17,63000.0,C,0.0345,0.0355,0.0351,63578.55,63458.07,0.35810000000000003,0.56273,8e-05,53.41909,26.8,24.1
2026-07-28T17:38:03Z,2026-08-14,17,63000.0,P,0.0255,0.0265,0.0259,63578.55,63458.07,0.35810000000000003,-0.43727,8e-05,53.41909,39.8,16.2
2026-07-28T17:38:03Z,2026-08-14,17,64000.0,C,0.026,0.027,0.0267,63578.55,63458.07,0.34979999999999994,0.47956,8e-05,54.01814,35.4,32.9
2026-07-28T17:38:03Z,2026-08-14,17,64000.0,P,0.033,0.034,0.0332,63577.78,63458.07,0.34979999999999994,-0.5205,8e-05,54.01703,34.1,10.0
2026-07-28T17:38:03Z,2026-08-14,17,65000.0,C,0.019,0.0205,0.0197,63578.55,63458.07,0.3435,0.39542,8e-05,52.21993,20.9,1.7
2026-07-28T17:38:03Z,2026-08-14,17,65000.0,P,0.0415,0.043,0.042,63578.55,63458.07,0.3435,-0.60458,8e-05,52.21993,29.1,9.6
2026-07-28T17:38:03Z,2026-08-14,17,66000.0,C,0.014,0.0145,0.0142,63578.55,63458.07,0.3392,0.31539,8e-05,48.18898,79.9,48.8
2026-07-28T17:38:03Z,2026-08-14,17,66000.0,P,0.0505,0.0535,0.0522,63578.55,63458.07,0.3392,-0.68461,8e-05,48.18898,3.0,0.0
2026-07-28T17:38:03Z,2026-08-14,17,67000.0,C,0.0095,0.0105,0.01,63578.55,63458.07,0.33659999999999995,0.24374,7e-05,42.50389,101.7,30.2
2026-07-28T17:38:03Z,2026-08-14,17,67000.0,P,0.062,0.066,0.0637,63577.78,63458.07,0.33659999999999995,-0.75631,7e-05,42.4984,0.0,0.0
2026-07-28T17:38:03Z,2026-08-14,17,68000.0,C,0.0065,0.0075,0.0069,63575.1,63458.07,0.3354,0.18276,6e-05,35.91537,550.4,268.5
2026-07-28T17:38:03Z,2026-08-14,17,68000.0,P,0.0745,0.079,0.0763,63575.1,63458.07,0.3354,-0.81724,6e-05,35.91537,0.0,0.0
2026-07-28T17:38:03Z,2026-08-14,17,70000.0,C,0.0032,0.0035,0.0033,63575.1,63458.07,0.3411,0.09904,4e-05,23.62587,589.3,1.4
2026-07-28T17:38:03Z,2026-08-14,17,70000.0,P,0.1015,0.107,0.1042,63575.1,63458.07,0.3411,-0.90096,4e-05,23.62587,0.0,0.0
2026-07-28T17:38:03Z,2026-08-14,17,72000.0,C,0.0016,0.0018,0.0017,63574.73,63458.07,0.3552,0.05424,2e-05,14.91532,447.3,14.8
2026-07-28T17:38:03Z,2026-08-14,17,72000.0,P,0.128,0.143,0.134,63575.1,63458.07,0.3552,-0.94576,2e-05,14.91725,0.0,0.0
2026-07-28T17:38:03Z,2026-08-14,17,75000.0,C,0.0007,0.001,0.0008,63574.73,63458.07,0.3893,0.02564,1e-05,8.09224,355.7,1.9
2026-07-28T17:38:03Z,2026-08-14,17,75000.0,P,0.1745,0.193,0.1803,63575.1,63458.07,0.3893,-0.97436,1e-05,8.0934,0.0,0.0
2026-07-28T17:38:03Z,2026-08-14,17,80000.0,C,0.0003,0.0005,0.0004,63574.73,63458.07,0.4611,0.01106,0.0,3.94635,376.6,81.0
2026-07-28T17:38:03Z,2026-08-14,17,80000.0,P,0.252,0.2765,0.2585,63575.1,63458.07,0.4611,-0.98893,0.0,3.9469,0.0,0.0
2026-07-28T17:38:03Z,2026-08-28,31,40000.0,C,0.371,0.3775,0.3726,63667.23,63458.07,0.7251000000000001,0.9898,0.0,5.00022,23.5,0.0
2026-07-28T17:38:03Z,2026-08-28,31,40000.0,P,0.0007,0.0009,0.0008,63667.23,63458.07,0.7251000000000001,-0.0102,0.0,5.00022,443.7,0.8
2026-07-28T17:38:03Z,2026-08-28,31,46000.0,C,0.2775,0.2875,0.2793,63667.23,63458.07,0.6003000000000001,0.97483,1e-05,10.83675,1.0,0.0
2026-07-28T17:38:03Z,2026-08-28,31,46000.0,P,0.0016,0.0019,0.0018,63667.23,63458.07,0.6003000000000001,-0.02517,1e-05,10.83675,664.5,6.2
2026-07-28T17:38:03Z,2026-08-28,31,48000.0,C,0.2465,0.252,0.2485,63667.23,63458.07,0.5618,0.96545,1e-05,14.09404,37.5,0.0
2026-07-28T17:38:03Z,2026-08-28,31,48000.0,P,0.0022,0.0025,0.0024,63667.23,63458.07,0.5618,-0.03455,1e-05,14.09404,843.8,2.0
2026-07-28T17:38:03Z,2026-08-28,31,50000.0,C,0.216,0.2215,0.218,63667.23,63458.07,0.526,0.95183,1e-05,18.45412,51.0,0.0
2026-07-28T17:38:03Z,2026-08-28,31,50000.0,P,0.003,0.0034,0.0032,63667.23,63458.07,0.526,-0.04817,1e-05,18.45412,1320.1,18.8
2026-07-28T17:38:03Z,2026-08-28,31,52000.0,C,0.186,0.19,0.1878,63667.23,63458.07,0.4911,0.93252,1e-05,24.0603,51.0,0.0
2026-07-28T17:38:03Z,2026-08-28,31,52000.0,P,0.0042,0.0046,0.0045,63667.23,63458.07,0.4911,-0.06748,1e-05,24.0603,1116.7,16.1
2026-07-28T17:38:03Z,2026-08-28,31,53000.0,C,0.171,0.1745,0.1731,63664.9,63458.07,0.4778,0.91841,2e-05,27.81424,5.9,0.0
2026-07-28T17:38:03Z,2026-08-28,31,53000.0,P,0.005,0.0055,0.0054,63665.61,63458.07,0.4778,-0.08158,2e-05,27.81143,556.1,366.4
2026-07-28T17:38:03Z,2026-08-28,31,54000.0,C,0.156,0.1605,0.1583,63665.61,63458.07,0.46020000000000005,0.9036,2e-05,31.49251,8.2,0.0
2026-07-28T17:38:03Z,2026-08-28,31,54000.0,P,0.006,0.0065,0.0064,63665.61,63458.07,0.46020000000000005,-0.0964,2e-05,31.49251,1095.6,317.6
2026-07-28T17:38:03Z,2026-08-28,31,55000.0,C,0.1415,0.1465,0.1439,63665.61,63458.07,0.4458,0.88454,2e-05,35.88267,5.8,0.0
2026-07-28T17:38:03Z,2026-08-28,31,55000.0,P,0.007,0.0075,0.0077,63665.61,63458.07,0.4458,-0.11546,2e-05,35.88267,896.3,272.4
2026-07-28T17:38:03Z,2026-08-28,31,56000.0,C,0.1275,0.132,0.1297,63664.9,63458.07,0.431,0.8622,3e-05,40.58731,59.4,0.0
2026-07-28T17:38:03Z,2026-08-28,31,56000.0,P,0.0085,0.0095,0.0092,63665.61,63458.07,0.431,-0.13778,3e-05,40.58381,807.4,80.6
2026-07-28T17:38:03Z,2026-08-28,31,57000.0,C,0.114,0.118,0.1159,63664.9,63458.07,0.41659999999999997,0.83575,3e-05,45.62305,26.5,0.0
2026-07-28T17:38:03Z,2026-08-28,31,57000.0,P,0.0105,0.0115,0.0111,63665.61,63458.07,0.41659999999999997,-0.16423,3e-05,45.61943,548.3,234.3
2026-07-28T17:38:03Z,2026-08-28,31,58000.0,C,0.1005,0.1045,0.1027,63664.9,63458.07,0.4053,0.80313,4e-05,51.1169,164.3,0.0
2026-07-28T17:38:03Z,2026-08-28,31,58000.0,P,0.013,0.014,0.0136,63665.61,63458.07,0.4053,-0.19684,4e-05,51.11333,926.6,213.3
2026-07-28T17:38:03Z,2026-08-28,31,59000.0,C,0.088,0.092,0.09,63664.9,63458.07,0.3943,0.76535,4e-05,56.5992,414.1,0.0
2026-07-28T17:38:03Z,2026-08-28,31,59000.0,P,0.016,0.017,0.0166,63665.61,63458.07,0.3943,-0.23462,4e-05,56.59583,893.1,93.8
2026-07-28T17:38:03Z,2026-08-28,31,60000.0,C,0.076,0.08,0.0779,63664.9,63458.07,0.38420000000000004,0.72192,5e-05,61.844,369.3,0.2
2026-07-28T17:38:03Z,2026-08-28,31,60000.0,P,0.02,0.021,0.0202,63665.61,63458.07,0.38420000000000004,-0.27805,5e-05,61.84104,1906.6,323.0
2026-07-28T17:38:03Z,2026-08-28,31,61000.0,C,0.0655,0.068,0.0667,63664.9,63458.07,0.3754,0.67283,5e-05,66.52474,588.3,1.0
2026-07-28T17:38:03Z,2026-08-28,31,61000.0,P,0.024,0.0255,0.0247,63665.61,63458.07,0.3754,-0.32713,5e-05,66.52242,572.7,36.0
2026-07-28T17:38:03Z,2026-08-28,31,62000.0,C,0.0555,0.057,0.0563,63664.9,63458.07,0.3671,0.61886,6e-05,70.25009,896.2,0.0
2026-07-28T17:38:03Z,2026-08-28,31,62000.0,P,0.0295,0.0305,0.03,63665.61,63458.07,0.3671,-0.3811,6e-05,70.24864,804.1,6.5
2026-07-28T17:38:03Z,2026-08-28,31,63000.0,C,0.046,0.0475,0.0468,63657.95,63458.07,0.35960000000000003,0.56034,6e-05,72.68763,839.5,2.1
2026-07-28T17:38:03Z,2026-08-28,31,63000.0,P,0.0355,0.037,0.0363,63665.5,63458.07,0.35960000000000003,-0.43921,6e-05,72.68363,670.9,25.9
2026-07-28T17:38:03Z,2026-08-28,31,64000.0,C,0.038,0.039,0.0383,63657.95,63458.07,0.3528,0.49945,6e-05,73.53037,413.1,9.7
2026-07-28T17:38:03Z,2026-08-28,31,64000.0,P,0.043,0.0445,0.0435,63657.95,63458.07,0.3528,-0.50055,6e-05,73.53037,463.9,9.7
2026-07-28T17:38:03Z,2026-08-28,31,65000.0,C,0.0305,0.0315,0.0309,63657.95,63458.07,0.3472,0.43751,6e-05,72.62654,1119.8,28.7
2026-07-28T17:38:03Z,2026-08-28,31,65000.0,P,0.051,0.0525,0.0518,63665.5,63458.07,0.3472,-0.56202,6e-05,72.64858,746.4,12.5
2026-07-28T17:38:03Z,2026-08-28,31,66000.0,C,0.024,0.025,0.0247,63657.95,63458.07,0.3432,0.37682,6e-05,69.99659,1245.1,78.4
2026-07-28T17:38:03Z,2026-08-28,31,66000.0,P,0.0595,0.0625,0.0613,63665.5,63458.07,0.3432,-0.62273,6e-05,70.03107,240.1,0.9
2026-07-28T17:38:03Z,2026-08-28,31,67000.0,C,0.019,0.02,0.0193,63657.95,63458.07,0.3393,0.31858,6e-05,65.78924,980.9,160.9
2026-07-28T17:38:03Z,2026-08-28,31,67000.0,P,0.07,0.073,0.0717,63665.5,63458.07,0.3393,-0.68099,6e-05,65.83446,117.8,0.2
2026-07-28T17:38:03Z,2026-08-28,31,68000.0,C,0.0145,0.0155,0.015,63665.5,63458.07,0.3367,0.26535,5e-05,60.41889,677.3,28.0
2026-07-28T17:38:03Z,2026-08-28,31,68000.0,P,0.081,0.085,0.083,63665.5,63458.07,0.3367,-0.73465,5e-05,60.41889,87.9,0.0
2026-07-28T17:38:03Z,2026-08-28,31,69000.0,C,0.011,0.012,0.0116,63665.5,63458.07,0.3358,0.21796,5e-05,54.28869,631.2,32.5
2026-07-28T17:38:03Z,2026-08-28,31,69000.0,P,0.0925,0.0975,0.0953,63657.95,63458.07,0.3358,-0.7824,5e-05,54.23064,50.0,0.1
2026-07-28T17:38:03Z,2026-08-28,31,70000.0,C,0.0085,0.0095,0.0089,63657.95,63458.07,0.33640000000000003,0.1771,4e-05,47.8709,1174.8,41.1
2026-07-28T17:38:03Z,2026-08-28,31,70000.0,P,0.106,0.111,0.1084,63665.5,63458.07,0.33640000000000003,-0.82259,4e-05,47.93059,181.0,1.1
2026-07-28T17:38:03Z,2026-08-28,31,71000.0,C,0.0065,0.007,0.0068,63657.95,63458.07,0.3369,0.14224,4e-05,41.46828,1080.6,125.8
2026-07-28T17:38:03Z,2026-08-28,31,71000.0,P,0.119,0.125,0.122,63665.5,63458.07,0.3369,-0.85748,4e-05,41.52717,8.1,0.0
2026-07-28T17:38:03Z,2026-08-28,31,72000.0,C,0.005,0.0055,0.0052,63657.95,63458.07,0.3386,0.11371,3e-05,35.49016,2719.3,20.0
2026-07-28T17:38:03Z,2026-08-28,31,72000.0,P,0.133,0.139,0.1361,63665.5,63458.07,0.3386,-0.88605,3e-05,35.5462,86.1,0.0
2026-07-28T17:38:03Z,2026-08-28,31,73000.0,C,0.004,0.0043,0.0041,63652.36,63458.07,0.3423,0.09126,3e-05,30.23863,1722.3,388.5
2026-07-28T17:38:03Z,2026-08-28,31,73000.0,P,0.1475,0.154,0.1507,63652.36,63458.07,0.3423,-0.90874,3e-05,30.23863,4.7,0.0
2026-07-28T17:38:03Z,2026-08-28,31,74000.0,C,0.0031,0.0034,0.0032,63652.36,63458.07,0.34740000000000004,0.0739,2e-05,25.79458,1890.4,12.9
2026-07-28T17:38:03Z,2026-08-28,31,74000.0,P,0.163,0.1685,0.1655,63652.36,63458.07,0.34740000000000004,-0.9261,2e-05,25.79458,3.3,0.0
2026-07-28T17:38:03Z,2026-08-28,31,75000.0,C,0.0025,0.0029,0.0027,63652.36,63458.07,0.3563,0.06192,2e-05,22.50133,2703.9,17.6
2026-07-28T17:38:03Z,2026-08-28,31,75000.0,P,0.1745,0.184,0.1807,63657.86,63458.07,0.3563,-0.93798,2e-05,22.53229,34.0,0.0
2026-07-28T17:38:03Z,2026-08-28,31,76000.0,C,0.002,0.0024,0.0021,63657.86,63458.07,0.36200000000000004,0.05069,2e-05,19.21756,699.0,1.0
2026-07-28T17:38:03Z,2026-08-28,31,76000.0,P,0.19,0.2065,0.1959,63657.86,63458.07,0.36200000000000004,-0.94931,2e-05,19.21756,5.4,0.0
2026-07-28T17:38:03Z,2026-08-28,31,77000.0,C,0.0018,0.002,0.0018,63657.86,63458.07,0.36939999999999995,0.04222,1e-05,16.59362,225.4,1.1
2026-07-28T17:38:03Z,2026-08-28,31,77000.0,P,0.205,0.226,0.2112,63657.86,63458.07,0.36939999999999995,-0.95778,1e-05,16.59362,3.4,0.0
2026-07-28T17:38:03Z,2026-08-28,31,78000.0,C,0.0014,0.0017,0.0015,63652.36,63458.07,0.3776,0.03557,1e-05,14.43049,1095.7,0.1
2026-07-28T17:38:03Z,2026-08-28,31,78000.0,P,0.2195,0.2325,0.2267,63657.86,63458.07,0.3776,-0.96437,1e-05,14.45233,4.1,0.0
2026-07-28T17:38:03Z,2026-08-28,31,79000.0,C,0.0012,0.0015,0.0013,63657.86,63458.07,0.3858,0.03026,1e-05,12.63185,357.0,5.7
2026-07-28T17:38:03Z,2026-08-28,31,79000.0,P,0.235,0.2545,0.2421,63657.86,63458.07,0.3858,-0.96974,1e-05,12.63185,0.3,0.0
2026-07-28T17:38:03Z,2026-08-28,31,80000.0,C,0.001,0.0013,0.0011,63652.36,63458.07,0.3951,0.02614,1e-05,11.18021,1888.5,20.9
2026-07-28T17:38:03Z,2026-08-28,31,80000.0,P,0.251,0.262,0.2577,63652.36,63458.07,0.3951,-0.97386,1e-05,11.18021,12.8,0.0
2026-07-28T17:38:03Z,2026-08-28,31,81000.0,C,0.0009,0.0011,0.001,63652.02,63458.07,0.4053,0.02302,1e-05,10.0509,1151.5,0.1
2026-07-28T17:38:03Z,2026-08-28,31,81000.0,P,0.266,0.28,0.2734,63652.02,63458.07,0.4053,-0.97698,1e-05,10.0509,0.1,0.0
2026-07-28T17:38:03Z,2026-08-28,31,82000.0,C,0.0009,0.001,0.0008,63651.66,63458.07,0.4132,0.01982,1e-05,8.85539,1525.5,1.6
2026-07-28T17:38:03Z,2026-08-28,31,82000.0,P,0.282,0.2955,0.289,63652.02,63458.07,0.4132,-0.98018,1e-05,8.8563,1.0,0.0
2026-07-28T17:38:03Z,2026-08-28,31,83000.0,C,0.0007,0.0009,0.0008,63652.02,63458.07,0.4239,0.01782,1e-05,8.08722,250.1,0.0
2026-07-28T17:38:03Z,2026-08-28,31,83000.0,P,0.297,0.313,0.3046,63652.02,63458.07,0.4239,-0.98218,1e-05,8.08722,0.0,0.0
2026-07-28T17:38:03Z,2026-08-28,31,84000.0,C,0.0007,0.0009,0.0007,63652.02,63458.07,0.4365,0.01651,1e-05,7.57843,58.9,0.2
2026-07-28T17:38:03Z,2026-08-28,31,84000.0,P,0.313,0.3305,0.3203,63652.02,63458.07,0.4365,-0.98349,1e-05,7.57843,0.7,0.0
2026-07-28T17:38:03Z,2026-08-28,31,85000.0,C,0.0006,0.0008,0.0007,63652.02,63458.07,0.44659999999999994,0.01493,0.0,6.95048,318.6,0.1
2026-07-28T17:38:03Z,2026-08-28,31,85000.0,P,0.328,0.3505,0.3359,63652.02,63458.07,0.44659999999999994,-0.98507,0.0,6.95048,0.6,0.2
2026-07-28T17:38:03Z,2026-08-28,31,86000.0,C,0.0005,0.0007,0.0006,63652.02,63458.07,0.4547,0.01321,0.0,6.25573,165.7,0.6
2026-07-28T17:38:03Z,2026-08-28,31,86000.0,P,0.3435,0.36,0.3516,63652.02,63458.07,0.4547,-0.98679,0.0,6.25573,0.0,0.0
2026-07-28T17:38:03Z,2026-08-28,31,88000.0,C,0.0005,0.0007,0.0005,63652.02,63458.07,0.4778,0.01154,0.0,5.56453,185.7,0.5
2026-07-28T17:38:03Z,2026-08-28,31,88000.0,P,0.3745,0.389,0.3829,63652.02,63458.07,0.4778,-0.98846,0.0,5.56453,0.0,0.0
2026-07-28T17:38:03Z,2026-08-28,31,90000.0,C,0.0003,0.0005,0.0004,63652.02,63458.07,0.4876,0.00859,0.0,4.29905,330.4,2.2
2026-07-28T17:38:03Z,2026-08-28,31,90000.0,P,0.406,0.435,0.4142,63652.02,63458.07,0.4876,-0.99141,0.0,4.29905,4.8,3.3
2026-07-28T17:38:03Z,2026-08-28,31,92000.0,C,0.0003,0.0004,0.0003,63652.02,63458.07,0.5075,0.00748,0.0,3.80854,59.2,0.9
2026-07-28T17:38:03Z,2026-08-28,31,92000.0,P,0.4375,0.462,0.4456,63652.02,63458.07,0.5075,-0.99252,0.0,3.80854,1.3,0.0
2026-07-28T17:38:03Z,2026-08-28,31,94000.0,C,0.0003,0.0005,0.0003,63652.02,63458.07,0.5299,0.00686,0.0,3.52783,194.8,0.0
2026-07-28T17:38:03Z,2026-08-28,31,94000.0,P,0.468,0.501,0.477,63651.66,63458.07,0.5299,-0.99314,0.0,3.52749,0.0,0.0
2026-07-28T17:38:03Z,2026-08-28,31,95000.0,C,0.0003,0.0005,0.0003,63651.39,63458.07,0.5318,0.00581,0.0,3.04377,11.6,0.0
2026-07-28T17:38:03Z,2026-08-28,31,95000.0,P,0.484,0.501,0.4926,63651.39,63458.07,0.5318,-0.99419,0.0,3.04377,0.2,0.1
2026-07-28T17:38:03Z,2026-08-28,31,96000.0,C,0.0002,0.0005,0.0002,63651.39,63458.07,0.5333,0.00488,0.0,2.60941,23.4,0.0
2026-07-28T17:38:03Z,2026-08-28,31,96000.0,P,0.5,0.517,0.5083,63651.39,63458.07,0.5333,-0.99512,0.0,2.60941,0.1,0.0
2026-07-28T17:38:03Z,2026-08-28,31,98000.0,C,0.0001,0.0004,0.0002,63651.39,63458.07,0.5495,0.00424,0.0,2.29857,154.0,0.0
2026-07-28T17:38:03Z,2026-08-28,31,98000.0,P,0.531,0.56,0.5397,63651.39,63458.07,0.5495,-0.99576,0.0,2.29857,0.0,0.0
2026-07-28T17:38:03Z,2026-08-28,31,100000.0,C,0.0001,0.0004,0.0002,63651.39,63458.07,0.5722,0.0041,0.0,2.22993,155.1,0.0
2026-07-28T17:38:03Z,2026-08-28,31,100000.0,P,0.5615,0.59,0.5711,63651.39,63458.07,0.5722,-0.9959,0.0,2.22993,0.1,0.0
2026-07-28T17:38:03Z,2026-08-28,31,105000.0,C,0.0001,0.0005,0.0002,63651.39,63458.07,0.6263000000000001,0.0038,0.0,2.08312,168.2,0.0
2026-07-28T17:38:03Z,2026-08-28,31,105000.0,P,0.64,0.673,0.6496,63651.39,63458.07,0.6263000000000001,-0.9962,0.0,2.08312,0.7,0.1
2026-07-28T17:38:03Z,2026-08-28,31,110000.0,C,0.0,0.0003,0.0001,63651.39,63458.07,0.636,0.002,0.0,1.16699,105.0,0.1
2026-07-28T17:38:03Z,2026-08-28,31,110000.0,P,0.7175,0.7375,0.7281,63651.39,63458.07,0.636,-0.998,0.0,1.16699,0.0,0.0
2026-07-28T17:38:03Z,2026-09-25,59,30000.0,C,0.5305,0.5325,0.5314,63879.24,63458.07,0.8499,0.99157,0.0,5.87675,132.3,0.0
2026-07-28T17:38:03Z,2026-09-25,59,30000.0,P,0.0009,0.0011,0.0011,63879.24,63458.07,0.8499,-0.00843,0.0,5.87675,2346.8,7.8
2026-07-28T17:38:03Z,2026-09-25,59,35000.0,C,0.4525,0.456,0.4538,63879.24,63458.07,0.7431,0.98498,0.0,9.70475,29.3,0.0
2026-07-28T17:38:03Z,2026-09-25,59,35000.0,P,0.0016,0.0018,0.0018,63878.4,63458.07,0.7431,-0.01502,0.0,9.70555,887.5,4.0
2026-07-28T17:38:03Z,2026-09-25,59,40000.0,C,0.375,0.3785,0.3767,63879.24,63458.07,0.6479,0.97339,0.0,15.76263,34.3,0.0
2026-07-28T17:38:03Z,2026-09-25,59,40000.0,P,0.0027,0.0028,0.0029,63879.24,63458.07,0.6479,-0.02661,0.0,15.76263,2289.0,57.3
2026-07-28T17:38:03Z,2026-09-25,59,45000.0,C,0.2985,0.3035,0.3003,63879.24,63458.07,0.5608,0.95268,1e-05,25.26196,153.4,0.0
2026-07-28T17:38:03Z,2026-09-25,59,45000.0,P,0.0046,0.0047,0.0048,63879.24,63458.07,0.5608,-0.04732,1e-05,25.26196,1950.3,7.6
2026-07-28T17:38:03Z,2026-09-25,59,50000.0,C,0.224,0.2275,0.226,63879.24,63458.07,0.48840000000000006,0.91145,1e-05,41.06498,30.5,0.0
2026-07-28T17:38:03Z,2026-09-25,59,50000.0,P,0.008,0.009,0.0087,63879.24,63458.07,0.48840000000000006,-0.08855,1e-05,41.06498,3559.7,127.6
2026-07-28T17:38:03Z,2026-09-25,59,52000.0,C,0.195,0.1995,0.1971,63878.4,63458.07,0.4619,0.88573,2e-05,49.45666,75.0,0.0
2026-07-28T17:38:03Z,2026-09-25,59,52000.0,P,0.0105,0.0115,0.0112,63879.24,63458.07,0.4619,-0.11426,2e-05,49.45308,1091.3,112.7
2026-07-28T17:38:03Z,2026-09-25,59,54000.0,C,0.167,0.171,0.1692,63879.53,63458.07,0.43770000000000003,0.85216,2e-05,59.10178,7.2,0.0
2026-07-28T17:38:03Z,2026-09-25,59,54000.0,P,0.014,0.015,0.0145,63879.53,63458.07,0.43770000000000003,-0.14784,2e-05,59.10178,373.0,1.4
2026-07-28T17:38:03Z,2026-09-25,59,55000.0,C,0.1535,0.1575,0.1557,63879.53,63458.07,0.4276,0.83128,2e-05,64.45657,83.9,0.0
2026-07-28T17:38:03Z,2026-09-25,59,55000.0,P,0.0165,0.017,0.0167,63879.53,63458.07,0.4276,-0.16872,2e-05,64.45657,3227.7,14.3
2026-07-28T17:38:03Z,2026-09-25,59,56000.0,C,0.1405,0.145,0.1426,63879.53,63458.07,0.4181,0.80774,3e-05,69.96279,12.2,0.0
2026-07-28T17:38:03Z,2026-09-25,59,56000.0,P,0.019,0.0195,0.0193,63879.53,63458.07,0.4181,-0.19226,3e-05,69.96279,1164.8,142.8
2026-07-28T17:38:03Z,2026-09-25,59,58000.0,C,0.116,0.12,0.1178,63879.53,63458.07,0.40159999999999996,0.75191,3e-05,81.00463,485.8,0.0
2026-07-28T17:38:03Z,2026-09-25,59,58000.0,P,0.0255,0.0265,0.0258,63879.53,63458.07,0.40159999999999996,-0.24809,3e-05,81.00463,781.3,117.3
2026-07-28T17:38:03Z,2026-09-25,59,60000.0,C,0.0945,0.0965,0.0951,63879.53,63458.07,0.3874,0.68485,4e-05,90.9429,932.3,0.5
2026-07-28T17:38:03Z,2026-09-25,59,60000.0,P,0.034,0.035,0.0344,63879.53,63458.07,0.3874,-0.31515,4e-05,90.9429,4465.6,91.5
2026-07-28T17:38:03Z,2026-09-25,59,62000.0,C,0.0745,0.076,0.0749,63879.53,63458.07,0.37549999999999994,0.60785,4e-05,98.35578,682.2,3.0
2026-07-28T17:38:03Z,2026-09-25,59,62000.0,P,0.045,0.046,0.0455,63879.53,63458.07,0.37549999999999994,-0.39215,4e-05,98.35578,1086.8,553.0
2026-07-28T17:38:03Z,2026-09-25,59,64000.0,C,0.057,0.058,0.0575,63879.53,63458.07,0.36579999999999996,0.52409,4e-05,101.92388,408.8,92.3
2026-07-28T17:38:03Z,2026-09-25,59,64000.0,P,0.0585,0.06,0.0594,63879.53,63458.07,0.36579999999999996,-0.47591,4e-05,101.92388,558.4,36.5
2026-07-28T17:38:03Z,2026-09-25,59,65000.0,C,0.0495,0.0505,0.0499,63879.53,63458.07,0.3617,0.48104,4e-05,101.99488,761.2,21.3
2026-07-28T17:38:03Z,2026-09-25,59,65000.0,P,0.0665,0.068,0.0675,63879.53,63458.07,0.3617,-0.51896,4e-05,101.99488,645.8,4.9
2026-07-28T17:38:03Z,2026-09-25,59,66000.0,C,0.0425,0.0435,0.043,63879.53,63458.07,0.358,0.43805,4e-05,100.87636,971.0,2.4
2026-07-28T17:38:03Z,2026-09-25,59,66000.0,P,0.0745,0.077,0.0762,63879.53,63458.07,0.358,-0.56195,4e-05,100.87636,847.1,9.6
2026-07-28T17:38:03Z,2026-09-25,59,68000.0,C,0.031,0.032,0.0313,63879.53,63458.07,0.3515,0.35442,4e-05,95.23342,826.8,20.0
2026-07-28T17:38:03Z,2026-09-25,59,68000.0,P,0.094,0.097,0.0958,63879.53,63458.07,0.3515,-0.64558,4e-05,95.23342,640.7,0.6
2026-07-28T17:38:03Z,2026-09-25,59,70000.0,C,0.0225,0.023,0.0224,63882.02,63458.07,0.3481,0.27895,4e-05,86.00506,2081.6,24.9
2026-07-28T17:38:03Z,2026-09-25,59,70000.0,P,0.1165,0.12,0.1182,63879.82,63458.07,0.3481,-0.72114,4e-05,85.98951,1530.2,28.7
2026-07-28T17:38:03Z,2026-09-25,59,72000.0,C,0.016,0.0165,0.0159,63882.02,63458.07,0.34740000000000004,0.21481,3e-05,74.75171,2525.3,67.7
2026-07-28T17:38:03Z,2026-09-25,59,72000.0,P,0.14,0.1455,0.1431,63879.82,63458.07,0.34740000000000004,-0.78526,3e-05,74.73453,274.9,0.0
2026-07-28T17:38:03Z,2026-09-25,59,74000.0,C,0.011,0.012,0.0113,63882.02,63458.07,0.3481,0.1625,3e-05,62.91138,722.1,8.2
2026-07-28T17:38:03Z,2026-09-25,59,74000.0,P,0.1665,0.1725,0.1697,63879.82,63458.07,0.3481,-0.83756,3e-05,62.89393,110.7,0.0
2026-07-28T17:38:03Z,2026-09-25,59,75000.0,C,0.0095,0.01,0.0094,63882.02,63458.07,0.34869999999999995,0.1404,2e-05,57.08269,2999.6,2.5
2026-07-28T17:38:03Z,2026-09-25,59,75000.0,P,0.1795,0.186,0.1835,63882.02,63458.07,0.34869999999999995,-0.8596,2e-05,57.08269,2967.4,0.0
2026-07-28T17:38:03Z,2026-09-25,59,76000.0,C,0.008,0.0085,0.0078,63879.82,63458.07,0.3493,0.12071,2e-05,51.41285,2286.0,47.2
2026-07-28T17:38:03Z,2026-09-25,59,76000.0,P,0.195,0.2005,0.1976,63879.82,63458.07,0.3493,-0.87929,2e-05,51.41285,599.6,0.0
2026-07-28T17:38:03Z,2026-09-25,59,78000.0,C,0.0055,0.006,0.0055,63882.02,63458.07,0.3522,0.08944,2e-05,41.37338,4296.5,50.3
2026-07-28T17:38:03Z,2026-09-25,59,78000.0,P,0.223,0.2295,0.2266,63882.02,63458.07,0.3522,-0.91056,2e-05,41.37338,629.4,0.0
2026-07-28T17:38:03Z,2026-09-25,59,80000.0,C,0.0042,0.0045,0.0041,63882.02,63458.07,0.36060000000000003,0.06879,1e-05,33.91025,3560.8,31.3
2026-07-28T17:38:03Z,2026-09-25,59,80000.0,P,0.2505,0.2595,0.2565,63882.02,63458.07,0.36060000000000003,-0.93121,1e-05,33.91025,613.0,0.0
2026-07-28T17:38:03Z,2026-09-25,59,82000.0,C,0.0031,0.0035,0.0032,63879.82,63458.07,0.37020000000000003,0.05376,1e-05,27.96456,2501.3,10.3
2026-07-28T17:38:03Z,2026-09-25,59,82000.0,P,0.2805,0.29,0.2869,63882.02,63458.07,0.37020000000000003,-0.94621,1e-05,27.97597,194.1,0.0
2026-07-28T17:38:03Z,2026-09-25,59,84000.0,C,0.0026,0.0028,0.0025,63879.82,63458.07,0.381,0.04298,1e-05,23.37881,1503.3,9.8
2026-07-28T17:38:03Z,2026-09-25,59,84000.0,P,0.311,0.321,0.3175,63882.02,63458.07,0.381,-0.957,1e-05,23.38867,34.7,0.2
2026-07-28T17:38:03Z,2026-09-25,59,85000.0,C,0.0021,0.0024,0.0022,63879.82,63458.07,0.38380000000000003,0.03748,1e-05,20.91836,1227.2,0.1
2026-07-28T17:38:03Z,2026-09-25,59,85000.0,P,0.326,0.336,0.3328,63882.02,63458.07,0.38380000000000003,-0.9625,1e-05,20.92743,454.5,2.0
2026-07-28T17:38:03Z,2026-09-25,59,86000.0,C,0.0019,0.0022,0.002,63882.04,63458.07,0.39030000000000004,0.03416,1e-05,19.38965,664.7,0.0
2026-07-28T17:38:03Z,2026-09-25,59,86000.0,P,0.341,0.3645,0.3483,63882.04,63458.07,0.39030000000000004,-0.96584,1e-05,19.38965,11.6,0.0
2026-07-28T17:38:03Z,2026-09-25,59,88000.0,C,0.0015,0.0018,0.0016,63883.48,63458.07,0.40020000000000006,0.02762,1e-05,16.2593,650.1,0.0
2026-07-28T17:38:03Z,2026-09-25,59,88000.0,P,0.3715,0.4015,0.3792,63882.04,63458.07,0.40020000000000006,-0.97239,1e-05,16.25456,5.4,0.6
2026-07-28T17:38:03Z,2026-09-25,59,90000.0,C,0.0012,0.0015,0.0013,63883.48,63458.07,0.41119999999999995,0.02287,1e-05,13.88065,3021.5,33.6
2026-07-28T17:38:03Z,2026-09-25,59,90000.0,P,0.403,0.4135,0.4102,63883.48,63458.07,0.41119999999999995,-0.97713,1e-05,13.88065,587.5,0.0
2026-07-28T17:38:03Z,2026-09-25,59,92000.0,C,0.001,0.0013,0.0011,63882.04,63458.07,0.42100000000000004,0.01886,0.0,11.79212,489.3,4.1
2026-07-28T17:38:03Z,2026-09-25,59,92000.0,P,0.433,0.4655,0.4413,63883.48,63458.07,0.42100000000000004,-0.98113,0.0,11.79566,4.0,0.0
2026-07-28T17:38:03Z,2026-09-25,59,94000.0,C,0.0008,0.0011,0.0009,63883.48,63458.07,0.43270000000000003,0.01613,0.0,10.31795,167.8,3.5
2026-07-28T17:38:03Z,2026-09-25,59,94000.0,P,0.4645,0.49,0.4725,63882.04,63458.07,0.43270000000000003,-0.98387,0.0,10.31484,1.3,0.0
2026-07-28T17:38:03Z,2026-09-25,59,95000.0,C,0.0008,0.001,0.0009,63883.48,63458.07,0.43799999999999994,0.01488,0.0,9.62929,1866.4,2.2
2026-07-28T17:38:03Z,2026-09-25,59,95000.0,P,0.4795,0.4915,0.488,63883.48,63458.07,0.43799999999999994,-0.98512,0.0,9.62929,147.6,0.0
2026-07-28T17:38:03Z,2026-09-25,59,96000.0,C,0.0007,0.0009,0.0008,63882.04,63458.07,0.44270000000000004,0.01364,0.0,8.93019,307.4,0.0
2026-07-28T17:38:03Z,2026-09-25,59,96000.0,P,0.4955,0.522,0.5036,63882.04,63458.07,0.44270000000000004,-0.98636,0.0,8.93019,1.0,0.0
2026-07-28T17:38:03Z,2026-09-25,59,98000.0,C,0.0006,0.0008,0.0007,63882.04,63458.07,0.45409999999999995,0.01189,0.0,7.92953,304.4,0.0
2026-07-28T17:38:03Z,2026-09-25,59,98000.0,P,0.5265,0.5535,0.5348,63883.48,63458.07,0.45409999999999995,-0.98811,0.0,7.93193,0.1,0.0
2026-07-28T17:38:03Z,2026-09-25,59,100000.0,C,0.0006,0.0008,0.0007,63883.48,63458.07,0.469,0.01099,0.0,7.406,3606.2,43.0
2026-07-28T17:38:03Z,2026-09-25,59,100000.0,P,0.557,0.57,0.5661,63882.04,63458.07,0.469,-0.98902,0.0,7.4038,272.4,0.0
2026-07-28T17:38:03Z,2026-09-25,59,102000.0,C,0.0004,0.0006,0.0005,63883.48,63458.07,0.4692,0.00831,0.0,5.80288,93.5,2.6
2026-07-28T17:38:03Z,2026-09-25,59,102000.0,P,0.588,0.613,0.5972,63883.48,63458.07,0.4692,-0.99169,0.0,5.80288,0.4,0.0
2026-07-28T17:38:03Z,2026-09-25,59,105000.0,C,0.0004,0.0006,0.0005,63885.71,63458.07,0.4919,0.00771,0.0,5.43372,1208.3,0.4
2026-07-28T17:38:03Z,2026-09-25,59,105000.0,P,0.6345,0.648,0.6441,63883.44,63458.07,0.4919,-0.99229,0.0,5.43115,104.6,0.0
2026-07-28T17:38:03Z,2026-09-25,59,110000.0,C,0.0004,0.0005,0.0005,63885.71,63458.07,0.5307,0.00716,0.0,5.0885,1301.1,0.0
2026-07-28T17:38:03Z,2026-09-25,59,110000.0,P,0.713,0.7265,0.7224,63885.71,63458.07,0.5307,-0.99284,0.0,5.0885,116.1,0.0
2026-07-28T17:38:03Z,2026-09-25,59,115000.0,C,0.0003,0.0004,0.0004,63883.44,63458.07,0.5544,0.00562,0.0,4.10534,2175.3,7.2
2026-07-28T17:38:03Z,2026-09-25,59,115000.0,P,0.7905,0.805,0.8006,63885.71,63458.07,0.5544,-0.99438,0.0,4.10715,90.3,0.0
2026-07-28T17:38:03Z,2026-09-25,59,120000.0,C,0.0002,0.0006,0.0002,63885.71,63458.07,0.5572,0.00334,0.0,2.58103,1139.4,0.2
2026-07-28T17:38:03Z,2026-09-25,59,120000.0,P,0.868,0.8835,0.8787,63885.71,63458.07,0.5572,-0.99666,0.0,2.58103,172.3,0.0
2026-07-28T17:38:03Z,2026-09-25,59,125000.0,C,0.0001,0.0005,0.0002,63883.44,63458.07,0.5865,0.00308,0.0,2.39926,2329.4,0.1
2026-07-28T17:38:03Z,2026-09-25,59,125000.0,P,0.0,0.0,0.9569,63885.71,63458.07,0.5865,-0.99692,0.0,2.40034,22.7,0.0
2026-07-28T17:38:03Z,2026-09-25,59,130000.0,C,0.0001,0.0005,0.0002,63885.71,63458.07,0.6164999999999999,0.00296,0.0,2.31044,1431.6,0.1
2026-07-28T17:38:03Z,2026-09-25,59,130000.0,P,0.0,0.0,1.0352,63885.71,63458.07,0.6164999999999999,-0.99704,0.0,2.31044,21.4,0.0
2026-07-28T17:38:03Z,2026-09-25,59,135000.0,C,0.0001,0.0003,0.0002,63885.71,63458.07,0.6351,0.00245,0.0,1.95331,275.6,0.0
2026-07-28T17:38:03Z,2026-09-25,59,135000.0,P,0.0,0.0,1.1134,63883.44,63458.07,0.6351,-0.99755,0.0,1.95248,11.5,0.0
2026-07-28T17:38:03Z,2026-09-25,59,140000.0,C,0.0001,0.0003,0.0002,63885.71,63458.07,0.6622,0.00237,0.0,1.89215,1184.5,1.1
2026-07-28T17:38:03Z,2026-09-25,59,140000.0,P,0.0,0.0,1.1917,63885.71,63458.07,0.6622,-0.99763,0.0,1.89215,1.4,0.0
2026-07-28T17:38:03Z,2026-09-25,59,145000.0,C,0.0001,0.0002,0.0002,63883.44,63458.07,0.6876000000000001,0.00227,0.0,1.82329,495.0,0.0
2026-07-28T17:38:03Z,2026-09-25,59,145000.0,P,0.0,0.0,1.27,63883.44,63458.07,0.6876000000000001,-0.99773,0.0,1.82329,0.2,0.0
2026-07-28T17:38:03Z,2026-09-25,59,150000.0,C,0.0,0.0002,0.0001,63883.44,63458.07,0.695,0.00172,0.0,1.41335,737.8,0.2
2026-07-28T17:38:03Z,2026-09-25,59,150000.0,P,0.0,0.0,1.3482,63885.71,63458.07,0.695,-0.99828,0.0,1.41393,0.7,0.0
2026-07-28T17:38:03Z,2026-09-25,59,155000.0,C,0.0,0.0002,0.0001,63885.61,63458.07,0.7038,0.00134,0.0,1.12793,363.0,0.0
2026-07-28T17:38:03Z,2026-09-25,59,155000.0,P,0.0,0.0,1.4264,63887.9,63458.07,0.7038,-0.99866,0.0,1.1284,0.1,0.0
2026-07-28T17:38:03Z,2026-09-25,59,160000.0,C,0.0,0.0004,0.0001,63887.9,63458.07,0.7162999999999999,0.00112,0.0,0.96009,1444.3,0.2
2026-07-28T17:38:03Z,2026-09-25,59,160000.0,P,0.0,0.0,1.5046,63887.9,63458.07,0.7162999999999999,-0.99888,0.0,0.96009,0.6,0.0
2026-07-28T17:38:03Z,2026-09-25,59,165000.0,C,0.0,0.0002,0.0001,63887.9,63458.07,0.7162999999999999,0.00078,0.0,0.68796,192.5,0.0
2026-07-28T17:38:03Z,2026-09-25,59,165000.0,P,0.0,0.0,1.5829,63887.9,63458.07,0.7162999999999999,-0.99922,0.0,0.68796,0.0,0.0
2026-07-28T17:38:03Z,2026-09-25,59,170000.0,C,0.0,0.0002,0.0,63885.61,63458.07,0.7162999999999999,0.00054,0.0,0.49223,359.5,0.0
2026-07-28T17:38:03Z,2026-09-25,59,170000.0,P,0.0,0.0,1.6611,63887.9,63458.07,0.7162999999999999,-0.99946,0.0,0.49245,0.0,0.0
2026-07-28T17:38:03Z,2026-09-25,59,175000.0,C,0.0,0.0002,0.0,63887.9,63458.07,0.7162999999999999,0.00038,0.0,0.35227,1355.9,0.0
2026-07-28T17:38:03Z,2026-09-25,59,175000.0,P,0.0,0.0,1.7394,63887.9,63458.07,0.7162999999999999,-0.99962,0.0,0.35227,0.2,0.0
2026-07-28T17:38:03Z,2026-09-25,59,180000.0,C,0.0,0.0002,0.0,63887.9,63458.07,0.7162999999999999,0.00026,0.0,0.25193,748.1,0.0
2026-07-28T17:38:03Z,2026-09-25,59,180000.0,P,0.0,0.0,1.8176,63887.9,63458.07,0.7162999999999999,-0.99974,0.0,0.25193,7.3,0.0
2026-07-28T17:38:03Z,2026-09-25,59,190000.0,C,0.0,0.0002,0.0,63885.61,63458.07,0.7281,0.00017,0.0,0.16227,772.5,0.0
2026-07-28T17:38:03Z,2026-09-25,59,190000.0,P,0.0,0.0,1.9742,63885.61,63458.07,0.7281,-0.99983,0.0,0.16227,0.0,0.0
2026-07-28T17:38:03Z,2026-09-25,59,200000.0,C,0.0,0.0002,0.0,63887.9,63458.07,0.7281,8e-05,0.0,0.08504,1009.2,0.0
2026-07-28T17:38:03Z,2026-09-25,59,200000.0,P,0.0,0.0,2.1307,63887.9,63458.07,0.7281,-0.99992,0.0,0.08504,0.1,0.0
2026-07-28T17:38:03Z,2026-09-25,59,220000.0,C,0.0,0.0002,0.0,63885.61,63458.07,0.7281,2e-05,0.0,0.02356,232.5,0.0
2026-07-28T17:38:03Z,2026-09-25,59,220000.0,P,0.0,0.0,2.4438,63885.61,63458.07,0.7281,-0.99998,0.0,0.02356,1.8,0.0
2026-07-28T17:38:03Z,2026-09-25,59,240000.0,C,0.0,0.0003,0.0,63887.9,63458.07,0.7486,1e-05,0.0,0.01157,222.5,0.0
2026-07-28T17:38:03Z,2026-09-25,59,240000.0,P,0.0,0.0,2.7568,63887.9,63458.07,0.7486,-0.99999,0.0,0.01157,0.0,0.0
2026-07-28T17:38:03Z,2026-09-25,59,260000.0,C,0.0,0.0001,0.0,63889.49,63458.07,0.7883,1e-05,0.0,0.01048,293.8,0.0
2026-07-28T17:38:03Z,2026-09-25,59,260000.0,P,0.0,0.0,3.0698,63889.49,63458.07,0.7883,-0.99999,0.0,0.01048,0.0,0.0
2026-07-28T17:38:03Z,2026-09-25,59,280000.0,C,0.0,0.0001,0.0,63887.97,63458.07,0.8151,1e-05,0.0,0.00758,94.0,0.0
2026-07-28T17:38:03Z,2026-09-25,59,280000.0,P,0.0,0.0,3.3828,63889.49,63458.07,0.8151,-0.99999,0.0,0.00758,0.0,0.0
2026-07-28T17:38:03Z,2026-09-25,59,300000.0,C,0.0,0.0001,0.0,63887.97,63458.07,0.8497,1e-05,0.0,0.00719,192.5,0.2
2026-07-28T17:38:03Z,2026-09-25,59,300000.0,P,0.0,0.0,3.6959,63889.49,63458.07,0.8497,-0.99999,0.0,0.00719,0.0,0.0
2026-07-28T17:38:03Z,2026-09-25,59,320000.0,C,0.0,0.0001,0.0,63889.49,63458.07,0.8542000000000001,0.0,0.0,0.00347,276.6,0.0
2026-07-28T17:38:03Z,2026-09-25,59,320000.0,P,0.0,0.0,4.0089,63889.49,63458.07,0.8542000000000001,-1.0,0.0,0.00347,25.1,0.0
2026-07-28T17:38:03Z,2026-12-25,150,30000.0,C,0.5395,0.5425,0.5404,64540.31,63458.07,0.6979000000000001,0.97369,0.0,25.20451,289.3,0.0
2026-07-28T17:38:03Z,2026-12-25,150,30000.0,P,0.0049,0.0055,0.0053,64538.79,63458.07,0.6979000000000001,-0.02631,0.0,25.20649,2161.8,2.7
2026-07-28T17:38:03Z,2026-12-25,150,35000.0,C,0.4645,0.4675,0.4657,64540.31,63458.07,0.6263000000000001,0.95788,0.0,37.12955,77.6,0.0
2026-07-28T17:38:03Z,2026-12-25,150,35000.0,P,0.0075,0.008,0.008,64540.31,63458.07,0.6263000000000001,-0.04212,0.0,37.12955,2310.2,103.3
2026-07-28T17:38:03Z,2026-12-25,150,40000.0,C,0.391,0.394,0.3921,64540.31,63458.07,0.5615,0.93456,1e-05,52.66417,250.8,0.0
2026-07-28T17:38:03Z,2026-12-25,150,40000.0,P,0.0115,0.012,0.0119,64540.31,63458.07,0.5615,-0.06544,1e-05,52.66417,4107.3,45.7
2026-07-28T17:38:03Z,2026-12-25,150,45000.0,C,0.3195,0.323,0.321,64540.31,63458.07,0.5091,0.89786,1e-05,73.63976,54.2,0.0
2026-07-28T17:38:03Z,2026-12-25,150,45000.0,P,0.0175,0.0185,0.0183,64540.31,63458.07,0.5091,-0.10214,1e-05,73.63976,2892.9,367.7
2026-07-28T17:38:03Z,2026-12-25,150,50000.0,C,0.2525,0.256,0.2539,64540.31,63458.07,0.4675,0.84196,1e-05,99.72273,260.8,0.0
2026-07-28T17:38:03Z,2026-12-25,150,50000.0,P,0.028,0.029,0.0286,64540.31,63458.07,0.4675,-0.15804,1e-05,99.72273,1831.2,240.6
2026-07-28T17:38:03Z,2026-12-25,150,52000.0,C,0.227,0.2305,0.2287,64540.31,63458.07,0.4543,0.81281,1e-05,111.09877,0.0,0.0
2026-07-28T17:38:03Z,2026-12-25,150,52000.0,P,0.0335,0.035,0.0345,64540.31,63458.07,0.4543,-0.18719,1e-05,111.09877,148.0,8.9
2026-07-28T17:38:03Z,2026-12-25,150,54000.0,C,0.203,0.2065,0.2047,64547.19,63458.07,0.4426,0.77975,2e-05,122.43398,33.0,0.0
2026-07-28T17:38:03Z,2026-12-25,150,54000.0,P,0.0405,0.042,0.0414,64540.63,63458.07,0.4426,-0.22035,2e-05,122.45541,1808.1,0.0
2026-07-28T17:38:03Z,2026-12-25,150,55000.0,C,0.1915,0.195,0.1933,64547.19,63458.07,0.4374,0.76164,2e-05,127.98247,42.8,0.0
2026-07-28T17:38:03Z,2026-12-25,150,55000.0,P,0.0445,0.046,0.0455,64547.19,63458.07,0.4374,-0.23836,2e-05,127.98247,1094.4,5.4
2026-07-28T17:38:03Z,2026-12-25,150,56000.0,C,0.18,0.184,0.1822,64547.19,63458.07,0.4329,0.7425,2e-05,133.37022,41.4,0.0
2026-07-28T17:38:03Z,2026-12-25,150,56000.0,P,0.049,0.0505,0.0499,64547.19,63458.07,0.4329,-0.2575,2e-05,133.37022,343.0,3.4
2026-07-28T17:38:03Z,2026-12-25,150,58000.0,C,0.1595,0.1625,0.1609,64547.19,63458.07,0.4241,0.70184,2e-05,143.27761,41.8,0.0
2026-07-28T17:38:03Z,2026-12-25,150,58000.0,P,0.059,0.0605,0.0596,64547.19,63458.07,0.4241,-0.29816,2e-05,143.27761,2054.5,6.1
2026-07-28T17:38:03Z,2026-12-25,150,60000.0,C,0.1405,0.143,0.1413,64547.19,63458.07,0.4165,0.6581,2e-05,151.7337,785.7,0.8
2026-07-28T17:38:03Z,2026-12-25,150,60000.0,P,0.07,0.0715,0.0709,64547.19,63458.07,0.4165,-0.3419,2e-05,151.7337,6454.2,105.1
2026-07-28T17:38:03Z,2026-12-25,150,62000.0,C,0.123,0.1245,0.1233,64547.19,63458.07,0.4102,0.61203,2e-05,158.31157,241.1,0.2
2026-07-28T17:38:03Z,2026-12-25,150,62000.0,P,0.083,0.0845,0.0839,64547.19,63458.07,0.4102,-0.38797,2e-05,158.31157,692.8,9.2
2026-07-28T17:38:03Z,2026-12-25,150,64000.0,C,0.1065,0.108,0.1069,64547.19,63458.07,0.4046,0.5645,2e-05,162.69626,392.7,1.2
2026-07-28T17:38:03Z,2026-12-25,150,64000.0,P,0.0975,0.099,0.0985,64547.19,63458.07,0.4046,-0.4355,2e-05,162.69626,251.4,5.4
2026-07-28T17:38:03Z,2026-12-25,150,65000.0,C,0.099,0.1005,0.0994,64547.19,63458.07,0.40259999999999996,0.54052,2e-05,164.00439,654.4,9.8
2026-07-28T17:38:03Z,2026-12-25,150,65000.0,P,0.105,0.107,0.1065,64540.63,63458.07,0.40259999999999996,-0.45963,2e-05,163.99428,696.7,2.8
2026-07-28T17:38:03Z,2026-12-25,150,66000.0,C,0.092,0.093,0.0923,64547.19,63458.07,0.4008,0.51657,2e-05,164.71347,262.4,10.0
2026-07-28T17:38:03Z,2026-12-25,150,66000.0,P,0.1135,0.1155,0.1149,64547.19,63458.07,0.4008,-0.48343,2e-05,164.71347,366.5,10.4
2026-07-28T17:38:03Z,2026-12-25,150,68000.0,C,0.0785,0.08,0.0791,64547.19,63458.07,0.3967,0.46884,2e-05,164.35262,553.4,12.0
2026-07-28T17:38:03Z,2026-12-25,150,68000.0,P,0.1305,0.1335,0.1328,64547.19,63458.07,0.3967,-0.53116,2e-05,164.35262,356.8,3.0
2026-07-28T17:38:03Z,2026-12-25,150,70000.0,C,0.067,0.0685,0.0676,64550.8,63458.07,0.3937,0.42248,2e-05,161.74237,1095.4,100.0
2026-07-28T17:38:03Z,2026-12-25,150,70000.0,P,0.15,0.153,0.1522,64550.8,63458.07,0.3937,-0.57752,2e-05,161.74237,1034.9,25.0
2026-07-28T17:38:03Z,2026-12-25,150,72000.0,C,0.057,0.0585,0.0576,64550.8,63458.07,0.39189999999999997,0.37831,2e-05,157.13429,1121.4,0.0
2026-07-28T17:38:03Z,2026-12-25,150,72000.0,P,0.1715,0.174,0.1732,64550.8,63458.07,0.39189999999999997,-0.62169,2e-05,157.13429,335.5,0.6
2026-07-28T17:38:03Z,2026-12-25,150,74000.0,C,0.0485,0.0495,0.049,64550.8,63458.07,0.3906,0.33676,2e-05,150.8628,140.0,62.5
2026-07-28T17:38:03Z,2026-12-25,150,74000.0,P,0.1935,0.1965,0.1956,64547.23,63458.07,0.3906,-0.66332,2e-05,150.8404,106.0,3.4
2026-07-28T17:38:03Z,2026-12-25,150,75000.0,C,0.0445,0.046,0.0452,64550.8,63458.07,0.39030000000000004,0.31722,2e-05,147.24192,1326.4,0.1
2026-07-28T17:38:03Z,2026-12-25,150,75000.0,P,0.2045,0.2085,0.2072,64550.8,63458.07,0.39030000000000004,-0.68278,2e-05,147.24186,897.1,0.0
2026-07-28T17:38:03Z,2026-12-25,150,76000.0,C,0.041,0.042,0.0416,64550.8,63458.07,0.3899,0.29829,2e-05,143.3136,339.3,0.4
2026-07-28T17:38:03Z,2026-12-25,150,76000.0,P,0.2165,0.2215,0.2191,64550.8,63458.07,0.3899,-0.70171,2e-05,143.3136,142.1,0.0
2026-07-28T17:38:03Z,2026-12-25,150,78000.0,C,0.035,0.036,0.0354,64550.8,63458.07,0.39020000000000005,0.26349,2e-05,134.96586,401.3,5.2
2026-07-28T17:38:03Z,2026-12-25,150,78000.0,P,0.24,0.2465,0.2439,64547.23,63458.07,0.39020000000000005,-0.73658,2e-05,134.93949,234.6,0.0
2026-07-28T17:38:03Z,2026-12-25,150,80000.0,C,0.0295,0.0305,0.0301,64550.8,63458.07,0.391,0.23206,2e-05,126.10873,8108.8,44.7
2026-07-28T17:38:03Z,2026-12-25,150,80000.0,P,0.266,0.2725,0.2696,64550.8,63458.07,0.391,-0.76794,2e-05,126.10873,952.0,0.5
2026-07-28T17:38:03Z,2026-12-25,150,82000.0,C,0.025,0.026,0.0255,64550.8,63458.07,0.3914,0.20339,2e-05,116.8672,481.0,1.5
2026-07-28T17:38:03Z,2026-12-25,150,82000.0,P,0.2915,0.299,0.296,64547.23,63458.07,0.3914,-0.79667,2e-05,116.83934,158.7,0.0
2026-07-28T17:38:03Z,2026-12-25,150,84000.0,C,0.021,0.022,0.0216,64550.8,63458.07,0.3921,0.17787,2e-05,107.6281,758.9,0.3
2026-07-28T17:38:03Z,2026-12-25,150,84000.0,P,0.319,0.3265,0.323,64550.8,63458.07,0.3921,-0.82213,2e-05,107.62784,47.0,0.0
2026-07-28T17:38:03Z,2026-12-25,150,85000.0,C,0.0195,0.0205,0.02,64550.8,63458.07,0.39299999999999996,0.16656,2e-05,103.20965,2249.6,54.7
2026-07-28T17:38:03Z,2026-12-25,150,85000.0,P,0.333,0.3405,0.3369,64550.8,63458.07,0.39299999999999996,-0.83344,2e-05,103.20947,548.3,0.0
2026-07-28T17:38:03Z,2026-12-25,150,86000.0,C,0.018,0.0185,0.0183,64553.92,63458.07,0.3933,0.15544,1e-05,98.66101,304.3,16.0
2026-07-28T17:38:03Z,2026-12-25,150,86000.0,P,0.3465,0.3545,0.3507,64553.92,63458.07,0.3933,-0.84456,1e-05,98.66101,23.4,0.0
2026-07-28T17:38:03Z,2026-12-25,150,88000.0,C,0.015,0.016,0.0155,64553.92,63458.07,0.3943,0.13543,1e-05,89.9239,2491.7,15.8
2026-07-28T17:38:03Z,2026-12-25,150,88000.0,P,0.3745,0.3825,0.3789,64553.92,63458.07,0.3943,-0.86457,1e-05,89.9239,4.1,0.0
2026-07-28T17:38:03Z,2026-12-25,150,90000.0,C,0.013,0.0135,0.0133,64553.92,63458.07,0.39630000000000004,0.11843,1e-05,81.90772,3092.3,15.8
2026-07-28T17:38:03Z,2026-12-25,150,90000.0,P,0.403,0.412,0.4075,64553.92,63458.07,0.39630000000000004,-0.88157,1e-05,81.90884,590.5,0.0
2026-07-28T17:38:03Z,2026-12-25,150,92000.0,C,0.0115,0.012,0.0115,64553.92,63458.07,0.3998,0.10451,1e-05,74.89382,250.0,15.9
2026-07-28T17:38:03Z,2026-12-25,150,92000.0,P,0.432,0.441,0.4368,64553.92,63458.07,0.3998,-0.89549,1e-05,74.89382,4.5,0.0
2026-07-28T17:38:03Z,2026-12-25,150,94000.0,C,0.0095,0.0105,0.0098,64553.92,63458.07,0.4012,0.09101,1e-05,67.67036,113.5,0.9
2026-07-28T17:38:03Z,2026-12-25,150,94000.0,P,0.462,0.578,0.466,64553.92,63458.07,0.4012,-0.90899,1e-05,67.67157,5.2,0.0
2026-07-28T17:38:03Z,2026-12-25,150,95000.0,C,0.009,0.0095,0.0093,64553.92,63458.07,0.4043,0.08639,1e-05,65.09615,1298.2,0.0
2026-07-28T17:38:03Z,2026-12-25,150,95000.0,P,0.475,0.4855,0.4811,64553.92,63458.07,0.4043,-0.91361,1e-05,65.09615,85.9,0.0
2026-07-28T17:38:03Z,2026-12-25,150,96000.0,C,0.008,0.009,0.0086,64553.92,63458.07,0.40490000000000004,0.08056,1e-05,61.76745,309.6,0.1
2026-07-28T17:38:03Z,2026-12-25,150,96000.0,P,0.491,0.6175,0.4958,64553.92,63458.07,0.40490000000000004,-0.91943,1e-05,61.76832,11.2,0.0
2026-07-28T17:38:03Z,2026-12-25,150,98000.0,C,0.007,0.008,0.0073,64553.92,63458.07,0.4067,0.07035,1e-05,55.70289,206.6,0.0
2026-07-28T17:38:03Z,2026-12-25,150,98000.0,P,0.5195,0.5305,0.5256,64553.92,63458.07,0.4067,-0.92965,1e-05,55.70289,1.1,0.0
2026-07-28T17:38:03Z,2026-12-25,150,100000.0,C,0.006,0.007,0.0064,64553.92,63458.07,0.4097,0.06208,1e-05,50.55728,3672.0,245.6
2026-07-28T17:38:03Z,2026-12-25,150,100000.0,P,0.548,0.563,0.5556,64553.92,63458.07,0.4097,-0.93792,1e-05,50.55728,303.1,0.0
2026-07-28T17:38:03Z,2026-12-25,150,102000.0,C,0.0055,0.006,0.0058,64553.92,63458.07,0.4164,0.05675,1e-05,47.1213,169.0,0.3
2026-07-28T17:38:03Z,2026-12-25,150,102000.0,P,0.579,0.6075,0.586,64554.23,63458.07,0.4164,-0.94325,1e-05,47.12377,7.7,0.0
2026-07-28T17:38:03Z,2026-12-25,150,104000.0,C,0.0048,0.0055,0.0051,64554.23,63458.07,0.41850000000000004,0.04988,1e-05,42.54452,84.3,0.0
2026-07-28T17:38:03Z,2026-12-25,150,104000.0,P,0.6085,0.642,0.6162,64554.23,63458.07,0.41850000000000004,-0.95012,1e-05,42.54452,0.0,0.0
2026-07-28T17:38:03Z,2026-12-25,150,105000.0,C,0.0045,0.005,0.0049,64554.23,63458.07,0.42210000000000003,0.04796,1e-05,41.22704,834.2,50.1
2026-07-28T17:38:03Z,2026-12-25,150,105000.0,P,0.624,0.64,0.6315,64554.23,63458.07,0.42210000000000003,-0.95204,1e-05,41.22704,109.4,0.0
2026-07-28T17:38:03Z,2026-12-25,150,106000.0,C,0.0043,0.0047,0.0045,64553.96,63458.07,0.42210000000000003,0.04456,1e-05,38.86339,319.1,0.4
2026-07-28T17:38:03Z,2026-12-25,150,106000.0,P,0.639,0.6725,0.6466,64553.96,63458.07,0.42210000000000003,-0.95544,1e-05,38.86339,0.1,0.0
2026-07-28T17:38:03Z,2026-12-25,150,108000.0,C,0.0038,0.0043,0.004,64554.23,63458.07,0.4253,0.03972,0.0,35.4073,122.2,0.0
2026-07-28T17:38:03Z,2026-12-25,150,108000.0,P,0.669,0.7005,0.6771,64553.96,63458.07,0.4253,-0.96029,0.0,35.4062,0.0,0.0
2026-07-28T17:38:03Z,2026-12-25,150,110000.0,C,0.0034,0.0039,0.0036,64554.23,63458.07,0.42950000000000005,0.03586,0.0,32.57336,2640.4,1.2
2026-07-28T17:38:03Z,2026-12-25,150,110000.0,P,0.7,0.7165,0.7076,64553.96,63458.07,0.42950000000000005,-0.96414,0.0,32.57233,54.1,0.0
2026-07-28T17:38:03Z,2026-12-25,150,115000.0,C,0.0025,0.003,0.0027,64554.23,63458.07,0.4387,0.02771,0.0,26.32375,2339.6,1.1
2026-07-28T17:38:03Z,2026-12-25,150,115000.0,P,0.7755,0.8035,0.7843,64554.23,63458.07,0.4387,-0.97229,0.0,26.32375,0.6,0.0
2026-07-28T17:38:03Z,2026-12-25,150,120000.0,C,0.0019,0.0023,0.0021,64554.23,63458.07,0.44799999999999995,0.02177,0.0,21.50093,6033.0,0.0
2026-07-28T17:38:03Z,2026-12-25,150,120000.0,P,0.8525,0.866,0.8611,64554.23,63458.07,0.44799999999999995,-0.97823,0.0,21.50093,35.5,0.0
2026-07-28T17:38:03Z,2026-12-25,150,125000.0,C,0.0016,0.0018,0.0017,64554.23,63458.07,0.45890000000000003,0.01776,0.0,18.08852,595.9,9.0
2026-07-28T17:38:03Z,2026-12-25,150,125000.0,P,0.0,0.0,0.9382,64554.23,63458.07,0.45890000000000003,-0.98224,0.0,18.08852,8.4,0.0
2026-07-28T17:38:03Z,2026-12-25,150,130000.0,C,0.0012,0.0014,0.0013,64554.23,63458.07,0.4658,0.01396,0.0,14.71674,1565.2,20.1
2026-07-28T17:38:03Z,2026-12-25,150,130000.0,P,0.0,0.0,1.0153,64554.23,63458.07,0.4658,-0.98604,0.0,14.71674,52.1,0.0
2026-07-28T17:38:03Z,2026-12-25,150,135000.0,C,0.0011,0.0013,0.0012,64554.23,63458.07,0.48090000000000005,0.01246,0.0,13.33828,1089.8,8.0
2026-07-28T17:38:03Z,2026-12-25,150,135000.0,P,0.0,0.0,1.0926,64554.23,63458.07,0.48090000000000005,-0.98754,0.0,13.33828,0.6,0.0
2026-07-28T17:38:03Z,2026-12-25,150,140000.0,C,0.0008,0.0012,0.001,64554.34,63458.07,0.4875,0.01005,0.0,11.06652,1474.8,1.0
2026-07-28T17:38:03Z,2026-12-25,150,140000.0,P,0.0,0.0,1.1697,64555.74,63458.07,0.4875,-0.98994,0.0,11.06854,0.2,0.0
2026-07-28T17:38:03Z,2026-12-25,150,150000.0,C,0.0005,0.0009,0.0007,64555.74,63458.07,0.5023,0.00693,0.0,7.98143,1630.1,17.0
2026-07-28T17:38:03Z,2026-12-25,150,150000.0,P,0.0,0.0,1.3243,64554.34,63458.07,0.5023,-0.99307,0.0,7.97994,2.0,0.0
2026-07-28T17:38:03Z,2026-12-25,150,160000.0,C,0.0004,0.0007,0.0005,64555.74,63458.07,0.5162,0.00492,0.0,5.89297,1226.9,0.3
2026-07-28T17:38:03Z,2026-12-25,150,160000.0,P,0.0,0.0,1.479,64555.74,63458.07,0.5162,-0.99508,0.0,5.89297,0.0,0.0
2026-07-28T17:38:03Z,2026-12-25,150,170000.0,C,0.0002,0.0006,0.0004,64554.34,63458.07,0.5309,0.00369,0.0,4.55527,2384.4,0.5
2026-07-28T17:38:03Z,2026-12-25,150,170000.0,P,0.0,0.0,1.6338,64555.74,63458.07,0.5309,-0.99631,0.0,4.55614,0.0,0.0
2026-07-28T17:38:03Z,2026-12-25,150,180000.0,C,0.0002,0.0005,0.0002,64555.74,63458.07,0.539,0.00256,0.0,3.27744,923.8,0.2
2026-07-28T17:38:03Z,2026-12-25,150,180000.0,P,0.0,0.0,1.7886,64554.34,63458.07,0.539,-0.99744,0.0,3.27679,0.0,0.0
2026-07-28T17:38:03Z,2026-12-25,150,190000.0,C,0.0001,0.0004,0.0002,64555.74,63458.07,0.562,0.0024,0.0,3.08911,990.6,0.0
2026-07-28T17:38:03Z,2026-12-25,150,190000.0,P,0.0,0.0,1.9435,64555.74,63458.07,0.562,-0.9976,0.0,3.08911,0.0,0.0
2026-07-28T17:38:03Z,2026-12-25,150,200000.0,C,0.0001,0.0004,0.0002,64554.34,63458.07,0.5793,0.00209,0.0,2.73028,951.1,0.0
2026-07-28T17:38:03Z,2026-12-25,150,200000.0,P,0.0,0.0,2.0984,64554.34,63458.07,0.5793,-0.99791,0.0,2.73028,0.0,0.0
2026-07-28T17:38:03Z,2026-12-25,150,210000.0,C,0.0001,0.0003,0.0002,64555.74,63458.07,0.5879,0.00161,0.0,2.14983,150.4,0.0
2026-07-28T17:38:03Z,2026-12-25,150,210000.0,P,0.0,0.0,2.2533,64554.34,63458.07,0.5879,-0.99839,0.0,2.14942,0.0,0.0
2026-07-28T17:38:03Z,2026-12-25,150,220000.0,C,0.0,0.0003,0.0001,64554.34,63458.07,0.5925,0.00117,0.0,1.61071,252.8,0.0
2026-07-28T17:38:03Z,2026-12-25,150,220000.0,P,0.0,0.0,2.4081,64555.74,63458.07,0.5925,-0.99883,0.0,1.61102,0.0,0.0
2026-07-28T17:38:03Z,2026-12-25,150,230000.0,C,0.0,0.0002,0.0001,64555.74,63458.07,0.6224000000000001,0.0014,0.0,1.89082,195.9,0.0
2026-07-28T17:38:03Z,2026-12-25,150,230000.0,P,0.0,0.0,2.563,64555.61,63458.07,0.6224000000000001,-0.9986,0.0,1.89079,0.0,0.0
2026-07-28T17:38:03Z,2026-12-25,150,240000.0,C,0.0,0.0002,0.0001,64555.61,63458.07,0.623,0.00099,0.0,1.38076,874.4,0.0
2026-07-28T17:38:03Z,2026-12-25,150,240000.0,P,0.0,0.0,2.7179,64555.61,63458.07,0.623,-0.99901,0.0,1.38076,0.0,0.0
2026-07-28T17:38:03Z,2026-12-25,150,250000.0,C,0.0,0.0002,0.0001,64555.61,63458.07,0.6275,0.00076,0.0,1.0863,1256.0,0.0
2026-07-28T17:38:03Z,2026-12-25,150,250000.0,P,0.0,0.0,2.8728,64555.61,63458.07,0.6275,-0.99924,0.0,1.0863,10.0,0.0
2026-07-28T17:38:03Z,2027-03-26,241,35000.0,C,0.477,0.48,0.4779,65202.47,63458.07,0.5796,0.94032,0.0,62.79956,4.0,0.0
2026-07-28T17:38:03Z,2027-03-26,241,35000.0,P,0.0145,0.015,0.0147,65202.41,63458.07,0.5796,-0.05968,0.0,62.79902,558.0,14.1
2026-07-28T17:38:03Z,2027-03-26,241,40000.0,C,0.406,0.4105,0.4079,65202.41,63458.07,0.5312,0.91127,1e-05,85.0598,81.3,0.0
2026-07-28T17:38:03Z,2027-03-26,241,40000.0,P,0.021,0.022,0.0214,65202.41,63458.07,0.5312,-0.08873,1e-05,85.05944,1158.1,2.4
2026-07-28T17:38:03Z,2027-03-26,241,45000.0,C,0.3395,0.344,0.3415,65202.41,63458.07,0.4943,0.86964,1e-05,112.20163,3.2,0.0
2026-07-28T17:38:03Z,2027-03-26,241,45000.0,P,0.031,0.032,0.0316,65202.41,63458.07,0.4943,-0.13036,1e-05,112.20163,192.8,12.8
2026-07-28T17:38:03Z,2027-03-26,241,50000.0,C,0.278,0.282,0.2799,65202.41,63458.07,0.4661,0.81348,1e-05,142.02676,20.5,0.0
2026-07-28T17:38:03Z,2027-03-26,241,50000.0,P,0.0455,0.0475,0.0467,65202.41,63458.07,0.4661,-0.18652,1e-05,142.02676,2023.6,0.2
2026-07-28T17:38:03Z,2027-03-26,241,52000.0,C,0.255,0.2595,0.2569,65202.41,63458.07,0.45659999999999995,0.78688,1e-05,153.89002,5.1,0.0
2026-07-28T17:38:03Z,2027-03-26,241,52000.0,P,0.0535,0.055,0.0544,65202.41,63458.07,0.45659999999999995,-0.21312,1e-05,153.88986,111.9,0.0
2026-07-28T17:38:03Z,2027-03-26,241,54000.0,C,0.233,0.237,0.235,65202.41,63458.07,0.4484,0.75799,1e-05,165.31677,0.0,0.0
2026-07-28T17:38:03Z,2027-03-26,241,54000.0,P,0.062,0.064,0.0632,65202.41,63458.07,0.4484,-0.24201,1e-05,165.31681,58.7,0.0
2026-07-28T17:38:03Z,2027-03-26,241,55000.0,C,0.2225,0.2265,0.2245,65202.41,63458.07,0.4449,0.7427,1e-05,170.78651,28.6,0.0
2026-07-28T17:38:03Z,2027-03-26,241,55000.0,P,0.067,0.069,0.0681,65202.41,63458.07,0.4449,-0.2573,1e-05,170.78646,1354.1,0.1
2026-07-28T17:38:03Z,2027-03-26,241,56000.0,C,0.2125,0.2165,0.2143,65202.41,63458.07,0.4412,0.72703,1e-05,175.993,16.9,0.0
2026-07-28T17:38:03Z,2027-03-26,241,56000.0,P,0.072,0.074,0.0731,65202.41,63458.07,0.4412,-0.27297,1e-05,175.99294,80.4,0.1
2026-07-28T17:38:03Z,2027-03-26,241,58000.0,C,0.193,0.1965,0.1947,65216.46,63458.07,0.4347,0.69454,2e-05,185.59362,5.1,0.0
2026-07-28T17:38:03Z,2027-03-26,241,58000.0,P,0.083,0.085,0.0842,65216.46,63458.07,0.4347,-0.30546,2e-05,185.59357,109.6,0.0
2026-07-28T17:38:03Z,2027-03-26,241,60000.0,C,0.1755,0.178,0.1763,65216.46,63458.07,0.4289,0.66039,2e-05,193.92512,719.3,0.0
2026-07-28T17:38:03Z,2027-03-26,241,60000.0,P,0.0955,0.0975,0.0965,65216.46,63458.07,0.4289,-0.33961,2e-05,193.92512,619.2,5.2
2026-07-28T17:38:03Z,2027-03-26,241,62000.0,C,0.1585,0.1615,0.1593,65216.46,63458.07,0.4241,0.62516,2e-05,200.75324,42.2,0.0
2026-07-28T17:38:03Z,2027-03-26,241,62000.0,P,0.109,0.111,0.1102,65216.46,63458.07,0.4241,-0.37484,2e-05,200.75324,254.1,0.0
2026-07-28T17:38:03Z,2027-03-26,241,64000.0,C,0.1425,0.1445,0.1436,65216.46,63458.07,0.42,0.58929,2e-05,205.92251,85.4,0.0
2026-07-28T17:38:03Z,2027-03-26,241,64000.0,P,0.1235,0.1265,0.1251,65216.46,63458.07,0.42,-0.41071,2e-05,205.92251,144.1,0.0
2026-07-28T17:38:03Z,2027-03-26,241,65000.0,C,0.1355,0.1375,0.1361,65216.46,63458.07,0.4181,0.57123,2e-05,207.85902,211.6,0.0
2026-07-28T17:38:03Z,2027-03-26,241,65000.0,P,0.1315,0.134,0.133,65216.46,63458.07,0.4181,-0.42877,2e-05,207.85902,663.1,0.0
2026-07-28T17:38:03Z,2027-03-26,241,66000.0,C,0.128,0.13,0.129,65216.46,63458.07,0.4163,0.55317,2e-05,209.35679,18.5,0.1
2026-07-28T17:38:03Z,2027-03-26,241,66000.0,P,0.1395,0.1425,0.1412,65216.46,63458.07,0.4163,-0.44683,2e-05,209.35679,124.9,8.0
2026-07-28T17:38:03Z,2027-03-26,241,68000.0,C,0.115,0.117,0.1156,65216.46,63458.07,0.413,0.51716,2e-05,211.03996,39.1,0.0
2026-07-28T17:38:03Z,2027-03-26,241,68000.0,P,0.157,0.1595,0.1585,65216.46,63458.07,0.413,-0.48284,2e-05,211.03996,65.1,0.0
2026-07-28T17:38:03Z,2027-03-26,241,70000.0,C,0.103,0.1045,0.1035,65216.46,63458.07,0.4104,0.48171,2e-05,211.01353,752.8,0.0
2026-07-28T17:38:03Z,2027-03-26,241,70000.0,P,0.1755,0.178,0.177,65216.46,63458.07,0.4104,-0.51829,2e-05,211.01353,211.8,0.1
2026-07-28T17:38:03Z,2027-03-26,241,72000.0,C,0.0915,0.094,0.0924,65216.46,63458.07,0.4082,0.44716,2e-05,209.38007,64.1,0.0
2026-07-28T17:38:03Z,2027-03-26,241,72000.0,P,0.1945,0.198,0.1967,65216.46,63458.07,0.4082,-0.55284,2e-05,209.38007,139.2,0.0
2026-07-28T17:38:03Z,2027-03-26,241,74000.0,C,0.0815,0.0835,0.0822,65216.46,63458.07,0.4056,0.41331,2e-05,206.22895,50.0,0.2
2026-07-28T17:38:03Z,2027-03-26,241,74000.0,P,0.215,0.219,0.2171,65221.76,63458.07,0.4056,-0.58659,2e-05,206.25696,55.0,0.0
2026-07-28T17:38:03Z,2027-03-26,241,76000.0,C,0.0725,0.074,0.0732,65221.76,63458.07,0.40409999999999996,0.38128,2e-05,201.82728,279.5,1.0
2026-07-28T17:38:03Z,2027-03-26,241,76000.0,P,0.236,0.2405,0.2388,65221.76,63458.07,0.40409999999999996,-0.61872,2e-05,201.82728,19.2,0.0
2026-07-28T17:38:03Z,2027-03-26,241,78000.0,C,0.0645,0.0655,0.0652,65221.76,63458.07,0.4029,0.35074,2e-05,196.28802,377.7,6.0
2026-07-28T17:38:03Z,2027-03-26,241,78000.0,P,0.2585,0.2635,0.2615,65221.76,63458.07,0.4029,-0.64926,2e-05,196.28807,182.7,0.0
2026-07-28T17:38:03Z,2027-03-26,241,80000.0,C,0.0575,0.059,0.0582,65221.76,63458.07,0.40270000000000006,0.32235,2e-05,189.94419,915.1,1.6
2026-07-28T17:38:03Z,2027-03-26,241,80000.0,P,0.282,0.287,0.2851,65221.76,63458.07,0.40270000000000006,-0.67765,2e-05,189.9441,139.1,0.5
2026-07-28T17:38:03Z,2027-03-26,241,82000.0,C,0.051,0.0525,0.0518,65221.76,63458.07,0.4023,0.29541,2e-05,182.82327,663.6,8.1
2026-07-28T17:38:03Z,2027-03-26,241,82000.0,P,0.3055,0.312,0.3094,65221.76,63458.07,0.4023,-0.70459,2e-05,182.82327,3.8,0.0
2026-07-28T17:38:03Z,2027-03-26,241,84000.0,C,0.0455,0.047,0.0462,65221.76,63458.07,0.4023,0.27051,2e-05,175.25317,237.7,1.1
2026-07-28T17:38:03Z,2027-03-26,241,84000.0,P,0.331,0.3365,0.3344,65221.76,63458.07,0.4023,-0.72949,2e-05,175.25332,55.1,0.0
2026-07-28T17:38:03Z,2027-03-26,241,85000.0,C,0.043,0.0445,0.0436,65221.76,63458.07,0.4023,0.2586,2e-05,171.28366,65.1,0.0
2026-07-28T17:38:03Z,2027-03-26,241,85000.0,P,0.3435,0.3495,0.3472,65221.76,63458.07,0.4023,-0.7414,2e-05,171.28326,0.8,0.0
2026-07-28T17:38:03Z,2027-03-26,241,86000.0,C,0.0405,0.042,0.0412,65221.76,63458.07,0.4025,0.24738,1e-05,167.32983,112.1,0.0
2026-07-28T17:38:03Z,2027-03-26,241,86000.0,P,0.3565,0.3625,0.3601,65221.76,63458.07,0.4025,-0.75262,1e-05,167.32983,1.7,0.0
2026-07-28T17:38:03Z,2027-03-26,241,88000.0,C,0.036,0.0375,0.0367,65221.76,63458.07,0.40299999999999997,0.22603,1e-05,159.2258,58.3,0.1
2026-07-28T17:38:03Z,2027-03-26,241,88000.0,P,0.382,0.3895,0.3864,65221.76,63458.07,0.40299999999999997,-0.77397,1e-05,159.2258,4.4,0.0
2026-07-28T17:38:03Z,2027-03-26,241,90000.0,C,0.032,0.0335,0.0328,65221.76,63458.07,0.40340000000000004,0.20631,1e-05,151.02135,506.9,0.8
2026-07-28T17:38:03Z,2027-03-26,241,90000.0,P,0.4085,0.4165,0.4131,65221.76,63458.07,0.40340000000000004,-0.79369,1e-05,151.02135,14.0,0.0
2026-07-28T17:38:03Z,2027-03-26,241,92000.0,C,0.0285,0.03,0.0293,65221.76,63458.07,0.4042,0.18833,1e-05,142.91719,117.2,0.0
2026-07-28T17:38:03Z,2027-03-26,241,92000.0,P,0.436,0.443,0.4403,65224.65,63458.07,0.4042,-0.81163,1e-05,142.94038,0.2,0.0
2026-07-28T17:38:03Z,2027-03-26,241,94000.0,C,0.0255,0.027,0.0262,65224.65,63458.07,0.40509999999999996,0.17193,1e-05,134.97873,123.3,0.0
2026-07-28T17:38:03Z,2027-03-26,241,94000.0,P,0.4625,0.4715,0.4679,65224.65,63458.07,0.40509999999999996,-0.82807,1e-05,134.97873,9.0,0.0
2026-07-28T17:38:03Z,2027-03-26,241,95000.0,C,0.024,0.0255,0.0248,65224.65,63458.07,0.4057,0.16432,1e-05,131.09945,176.4,0.0
2026-07-28T17:38:03Z,2027-03-26,241,95000.0,P,0.477,0.4855,0.4818,65221.88,63458.07,0.4057,-0.83572,1e-05,131.07737,0.6,0.0
2026-07-28T17:38:03Z,2027-03-26,241,96000.0,C,0.023,0.0245,0.0235,65224.65,63458.07,0.4061,0.15689,1e-05,127.20083,124.9,0.0
2026-07-28T17:38:03Z,2027-03-26,241,96000.0,P,0.491,0.4995,0.4958,65224.65,63458.07,0.4061,-0.84311,1e-05,127.20083,1.5,0.0
2026-07-28T17:38:03Z,2027-03-26,241,98000.0,C,0.0205,0.022,0.021,65224.65,63458.07,0.4068,0.14282,1e-05,119.47288,95.3,0.0
2026-07-28T17:38:03Z,2027-03-26,241,98000.0,P,0.519,0.528,0.524,65224.65,63458.07,0.4068,-0.85718,1e-05,119.47288,0.2,0.0
2026-07-28T17:38:03Z,2027-03-26,241,100000.0,C,0.0185,0.0195,0.0189,65224.65,63458.07,0.40850000000000003,0.1308,1e-05,112.4988,556.4,0.0
2026-07-28T17:38:03Z,2027-03-26,241,100000.0,P,0.547,0.5565,0.5526,65224.65,63458.07,0.40850000000000003,-0.8692,1e-05,112.4988,12.1,0.0
2026-07-28T17:38:03Z,2027-03-26,241,102000.0,C,0.0165,0.018,0.017,65224.65,63458.07,0.4096,0.11932,1e-05,105.51005,105.8,0.0
2026-07-28T17:38:03Z,2027-03-26,241,102000.0,P,0.5755,0.5855,0.5813,65224.65,63458.07,0.4096,-0.88068,1e-05,105.51005,0.0,0.0
2026-07-28T17:38:03Z,2027-03-26,241,104000.0,C,0.015,0.016,0.0153,65224.65,63458.07,0.4106,0.10883,1e-05,98.81034,101.2,0.0
2026-07-28T17:38:03Z,2027-03-26,241,104000.0,P,0.6045,0.6145,0.6103,65224.65,63458.07,0.4106,-0.89117,1e-05,98.81034,0.0,0.0
2026-07-28T17:38:03Z,2027-03-26,241,105000.0,C,0.014,0.0155,0.0146,65224.65,63458.07,0.4117,0.10429,1e-05,95.8193,183.2,0.0
2026-07-28T17:38:03Z,2027-03-26,241,105000.0,P,0.6195,0.6295,0.6246,65224.65,63458.07,0.4117,-0.89571,1e-05,95.82038,0.0,0.0
2026-07-28T17:38:03Z,2027-03-26,241,106000.0,C,0.0135,0.0145,0.0138,65224.65,63458.07,0.4122,0.09963,1e-05,92.68572,46.6,0.0
2026-07-28T17:38:03Z,2027-03-26,241,106000.0,P,0.634,0.644,0.6392,65224.65,63458.07,0.4122,-0.90037,1e-05,92.68688,0.0,0.0
2026-07-28T17:38:03Z,2027-03-26,241,108000.0,C,0.012,0.0135,0.0126,65221.88,63458.07,0.4144,0.09165,1e-05,87.1598,57.0,0.0
2026-07-28T17:38:03Z,2027-03-26,241,108000.0,P,0.6625,0.6735,0.6686,65225.07,63458.07,0.4144,-0.90832,1e-05,87.18199,0.0,0.0
2026-07-28T17:38:03Z,2027-03-26,241,110000.0,C,0.011,0.012,0.0113,65225.07,63458.07,0.4154,0.08365,1e-05,81.41991,522.5,0.1
2026-07-28T17:38:03Z,2027-03-26,241,110000.0,P,0.6925,0.703,0.698,65225.07,63458.07,0.4154,-0.91635,1e-05,81.41991,1.7,0.0
2026-07-28T17:38:03Z,2027-03-26,241,112000.0,C,0.01,0.011,0.0103,65225.07,63458.07,0.4174,0.07695,1e-05,76.44506,63.2,0.0
2026-07-28T17:38:03Z,2027-03-26,241,112000.0,P,0.722,0.7325,0.7277,65225.07,63458.07,0.4174,-0.92305,1e-05,76.44506,0.0,0.0
2026-07-28T17:38:03Z,2027-03-26,241,115000.0,C,0.0085,0.0095,0.0089,65225.07,63458.07,0.4193,0.06735,1e-05,69.02135,764.1,0.0
2026-07-28T17:38:03Z,2027-03-26,241,115000.0,P,0.766,0.7775,0.7722,65225.07,63458.07,0.4193,-0.93265,1e-05,69.02135,1.0,0.0
2026-07-28T17:38:03Z,2027-03-26,241,120000.0,C,0.007,0.008,0.0074,65225.07,63458.07,0.4269,0.05643,1e-05,60.11793,328.2,7.6
2026-07-28T17:38:03Z,2027-03-26,241,120000.0,P,0.8405,0.876,0.8474,65224.65,63458.07,0.4269,-0.94357,1e-05,60.11578,1.8,0.0
2026-07-28T17:38:03Z,2027-03-26,241,125000.0,C,0.0055,0.0065,0.0059,65225.07,63458.07,0.43119999999999997,0.04621,0.0,51.27976,121.7,1.0
2026-07-28T17:38:03Z,2027-03-26,241,125000.0,P,0.9155,0.954,0.9226,65225.07,63458.07,0.43119999999999997,-0.95379,0.0,51.27976,0.0,0.0
2026-07-28T17:38:03Z,2027-03-26,241,130000.0,C,0.0046,0.0055,0.005,65225.07,63458.07,0.4391,0.03953,0.0,45.19923,1058.1,0.0
2026-07-28T17:38:03Z,2027-03-26,241,130000.0,P,0.0,0.0,0.9984,65225.07,63458.07,0.4391,-0.96047,0.0,45.19905,0.2,0.0
2026-07-28T17:38:03Z,2027-03-26,241,140000.0,C,0.0031,0.0039,0.0035,65225.07,63458.07,0.4493,0.02799,0.0,34.01076,756.5,0.0
2026-07-28T17:38:03Z,2027-03-26,241,140000.0,P,0.0,0.0,1.1502,65225.07,63458.07,0.4493,-0.97201,0.0,34.01076,0.0,0.0
2026-07-28T17:38:03Z,2027-03-26,241,150000.0,C,0.0024,0.0029,0.0026,65225.07,63458.07,0.4612,0.02084,0.0,26.54784,1898.9,0.4
2026-07-28T17:38:03Z,2027-03-26,241,150000.0,P,0.0,0.0,1.3026,65224.65,63458.07,0.4612,-0.97916,0.0,26.54674,0.5,0.0
2026-07-28T17:38:03Z,2027-03-26,241,160000.0,C,0.0018,0.0023,0.002,65225.07,63458.07,0.4746,0.01633,0.0,21.57502,854.9,0.1
2026-07-28T17:38:03Z,2027-03-26,241,160000.0,P,0.0,0.0,1.4554,65224.65,63458.07,0.4746,-0.98367,0.0,21.57411,0.0,0.0
2026-07-28T17:38:03Z,2027-03-26,241,170000.0,C,0.0014,0.0019,0.0016,65225.07,63458.07,0.4857,0.0128,0.0,17.49243,248.7,0.2
2026-07-28T17:38:03Z,2027-03-26,241,170000.0,P,0.0,0.0,1.608,65223.05,63458.07,0.4857,-0.9872,0.0,17.4892,0.1,0.0
2026-07-28T17:38:03Z,2027-03-26,241,180000.0,C,0.0011,0.0015,0.0012,65223.05,63458.07,0.49479999999999996,0.01001,0.0,14.12246,641.4,0.0
2026-07-28T17:38:03Z,2027-03-26,241,180000.0,P,0.0,0.0,1.761,65223.05,63458.07,0.49479999999999996,-0.98999,0.0,14.12246,0.0,0.0
2026-07-28T17:38:03Z,2027-03-26,241,190000.0,C,0.0009,0.0013,0.001,65223.05,63458.07,0.5067,0.00835,0.0,12.04601,881.1,0.0
2026-07-28T17:38:03Z,2027-03-26,241,190000.0,P,0.0,0.0,1.9141,65223.05,63458.07,0.5067,-0.99165,0.0,12.04601,0.9,0.0
2026-07-28T17:38:03Z,2027-03-26,241,200000.0,C,0.0007,0.001,0.0008,65223.05,63458.07,0.512,0.00643,0.0,9.57384,498.4,0.0
2026-07-28T17:38:03Z,2027-03-26,241,200000.0,P,0.0,0.0,2.0672,65223.05,63458.07,0.512,-0.99357,0.0,9.57384,1.0,0.0
2026-07-28T17:38:03Z,2027-06-25,332,30000.0,C,0.5585,0.5625,0.56,65946.15,63458.07,0.6046,0.95104,0.0,63.75264,31.6,5.0
2026-07-28T17:38:03Z,2027-06-25,332,30000.0,P,0.014,0.0155,0.0149,65947.84,63458.07,0.6046,-0.04896,0.0,63.75013,266.3,9.1
2026-07-28T17:38:03Z,2027-06-25,332,40000.0,C,0.4225,0.427,0.4247,65945.97,63458.07,0.5213,0.89519,1e-05,114.14204,16.9,0.0
2026-07-28T17:38:03Z,2027-06-25,332,40000.0,P,0.03,0.032,0.0312,65947.84,63458.07,0.5213,-0.1048,1e-05,114.1371,475.9,3.2
2026-07-28T17:38:03Z,2027-06-25,332,45000.0,C,0.3605,0.3645,0.3621,65947.84,63458.07,0.4914,0.85318,1e-05,144.47485,0.4,0.0
2026-07-28T17:38:03Z,2027-06-25,332,45000.0,P,0.0435,0.0455,0.0445,65945.97,63458.07,0.4914,-0.14684,1e-05,144.47995,235.6,10.4
2026-07-28T17:38:03Z,2027-06-25,332,50000.0,C,0.3025,0.3065,0.3045,65945.97,63458.07,0.46880000000000005,0.80035,1e-05,175.78549,16.9,0.0
2026-07-28T17:38:03Z,2027-06-25,332,50000.0,P,0.0615,0.0635,0.0627,65946.15,63458.07,0.46880000000000005,-0.19964,1e-05,175.78506,284.9,252.0
2026-07-28T17:38:03Z,2027-06-25,332,52000.0,C,0.281,0.2855,0.283,65945.97,63458.07,0.4612,0.77646,1e-05,187.82033,0.6,0.0
2026-07-28T17:38:03Z,2027-06-25,332,52000.0,P,0.0705,0.0725,0.0715,65945.97,63458.07,0.4612,-0.22355,1e-05,187.82036,18.9,1.2
2026-07-28T17:38:03Z,2027-06-25,332,54000.0,C,0.261,0.2645,0.2626,65945.97,63458.07,0.4549,0.75102,1e-05,199.30778,0.6,0.5
2026-07-28T17:38:03Z,2027-06-25,332,54000.0,P,0.0805,0.0825,0.0815,65946.15,63458.07,0.4549,-0.24898,1e-05,199.30748,17.8,1.0
2026-07-28T17:38:03Z,2027-06-25,332,55000.0,C,0.251,0.255,0.2527,65946.15,63458.07,0.4517,0.73789,1e-05,204.73348,0.2,0.0
2026-07-28T17:38:03Z,2027-06-25,332,55000.0,P,0.0855,0.088,0.0867,65945.97,63458.07,0.4517,-0.26211,1e-05,204.73374,7.3,0.0
2026-07-28T17:38:03Z,2027-06-25,332,56000.0,C,0.242,0.245,0.2431,65947.84,63458.07,0.44880000000000003,0.72446,1e-05,209.94278,1.9,0.0
2026-07-28T17:38:03Z,2027-06-25,332,56000.0,P,0.091,0.0935,0.0923,65945.97,63458.07,0.44880000000000003,-0.27556,1e-05,209.94512,41.5,0.0
2026-07-28T17:38:03Z,2027-06-25,332,58000.0,C,0.2235,0.2265,0.2247,65947.84,63458.07,0.44380000000000003,0.69675,1e-05,219.61253,4.7,0.0
2026-07-28T17:38:03Z,2027-06-25,332,58000.0,P,0.103,0.105,0.1042,65946.15,63458.07,0.44380000000000003,-0.30327,1e-05,219.61372,15.4,0.0
2026-07-28T17:38:03Z,2027-06-25,332,60000.0,C,0.206,0.209,0.2073,65946.15,63458.07,0.4389,0.66824,1e-05,228.1184,943.0,0.0
2026-07-28T17:38:03Z,2027-06-25,332,60000.0,P,0.116,0.118,0.1171,65938.54,63458.07,0.4389,-0.33186,1e-05,228.11944,71.5,250.9
2026-07-28T17:38:03Z,2027-06-25,332,62000.0,C,0.19,0.193,0.1909,65946.15,63458.07,0.43479999999999996,0.63912,1e-05,235.3549,94.2,0.0
2026-07-28T17:38:03Z,2027-06-25,332,62000.0,P,0.13,0.1325,0.131,65938.54,63458.07,0.43479999999999996,-0.36099,1e-05,235.35107,15.5,0.2
2026-07-28T17:38:03Z,2027-06-25,332,64000.0,C,0.1745,0.1775,0.1755,65938.54,63458.07,0.43090000000000006,0.6095,1e-05,241.22627,17.3,0.6
2026-07-28T17:38:03Z,2027-06-25,332,64000.0,P,0.1445,0.147,0.146,65938.54,63458.07,0.43090000000000006,-0.3905,1e-05,241.22627,14.0,0.5
2026-07-28T17:38:03Z,2027-06-25,332,66000.0,C,0.16,0.163,0.1612,65938.54,63458.07,0.4277,0.57986,1e-05,245.69127,23.1,0.8
2026-07-28T17:38:03Z,2027-06-25,332,66000.0,P,0.1605,0.1635,0.162,65938.54,63458.07,0.4277,-0.42014,1e-05,245.69127,32.3,0.0
2026-07-28T17:38:03Z,2027-06-25,332,68000.0,C,0.147,0.149,0.1478,65938.54,63458.07,0.42479999999999996,0.55031,1e-05,248.73531,9.1,2.0
2026-07-28T17:38:03Z,2027-06-25,332,68000.0,P,0.1775,0.18,0.179,65938.54,63458.07,0.42479999999999996,-0.44969,1e-05,248.73531,9.1,2.1
2026-07-28T17:38:03Z,2027-06-25,332,70000.0,C,0.1345,0.1365,0.1355,65946.15,63458.07,0.4224,0.52119,2e-05,250.40653,184.8,1.0
2026-07-28T17:38:03Z,2027-06-25,332,70000.0,P,0.195,0.1985,0.197,65938.54,63458.07,0.4224,-0.47892,2e-05,250.38144,9.4,0.0
2026-07-28T17:38:03Z,2027-06-25,332,72000.0,C,0.123,0.125,0.124,65946.15,63458.07,0.4201,0.49238,2e-05,250.71467,13.8,0.0
2026-07-28T17:38:03Z,2027-06-25,332,72000.0,P,0.214,0.2175,0.2158,65938.54,63458.07,0.4201,-0.50773,2e-05,250.68435,1.3,0.0
2026-07-28T17:38:03Z,2027-06-25,332,74000.0,C,0.1125,0.1145,0.1135,65938.64,63458.07,0.41850000000000004,0.46426,2e-05,249.72488,12.9,0.4
2026-07-28T17:38:03Z,2027-06-25,332,74000.0,P,0.2335,0.2375,0.2357,65938.54,63458.07,0.41850000000000004,-0.53574,2e-05,249.72442,0.1,0.0
2026-07-28T17:38:03Z,2027-06-25,332,76000.0,C,0.103,0.105,0.1038,65946.15,63458.07,0.41700000000000004,0.43712,2e-05,247.63894,13.7,0.1
2026-07-28T17:38:03Z,2027-06-25,332,76000.0,P,0.254,0.2585,0.2563,65938.64,63458.07,0.41700000000000004,-0.56299,2e-05,247.59954,0.1,0.0
2026-07-28T17:38:03Z,2027-06-25,332,78000.0,C,0.094,0.096,0.0949,65938.54,63458.07,0.4155,0.41057,1e-05,244.40445,8.9,0.0
2026-07-28T17:38:03Z,2027-06-25,332,78000.0,P,0.275,0.28,0.2776,65946.15,63458.07,0.4155,-0.58932,1e-05,244.44875,0.3,0.0
2026-07-28T17:38:03Z,2027-06-25,332,80000.0,C,0.0855,0.0875,0.0866,65938.03,63458.07,0.4143,0.3851,1e-05,240.25698,61.1,0.3
2026-07-28T17:38:03Z,2027-06-25,332,80000.0,P,0.297,0.302,0.2997,65938.03,63458.07,0.4143,-0.6149,1e-05,240.2569,0.4,0.0
2026-07-28T17:38:03Z,2027-06-25,332,82000.0,C,0.078,0.08,0.0791,65938.03,63458.07,0.41340000000000005,0.36085,1e-05,235.3189,23.3,0.0
2026-07-28T17:38:03Z,2027-06-25,332,82000.0,P,0.3195,0.325,0.3226,65938.64,63458.07,0.41340000000000005,-0.63914,1e-05,235.32305,0.1,0.0
2026-07-28T17:38:03Z,2027-06-25,332,84000.0,C,0.0715,0.0735,0.0724,65938.03,63458.07,0.4131,0.33797,1e-05,229.75465,2.1,0.0
2026-07-28T17:38:03Z,2027-06-25,332,84000.0,P,0.343,0.3485,0.3462,65938.64,63458.07,0.4131,-0.66202,1e-05,229.75903,0.0,0.0
2026-07-28T17:38:03Z,2027-06-25,332,85000.0,C,0.0685,0.07,0.0692,65938.03,63458.07,0.4127,0.32677,1e-05,226.70411,7.5,0.1
2026-07-28T17:38:03Z,2027-06-25,332,85000.0,P,0.355,0.361,0.3581,65938.03,63458.07,0.4127,-0.67323,1e-05,226.70417,4.5,0.0
2026-07-28T17:38:03Z,2027-06-25,332,86000.0,C,0.0655,0.067,0.0662,65938.64,63458.07,0.4125,0.316,1e-05,223.56533,1.6,0.0
2026-07-28T17:38:03Z,2027-06-25,332,86000.0,P,0.367,0.373,0.3703,65938.03,63458.07,0.4125,-0.68401,1e-05,223.56074,0.0,0.0
2026-07-28T17:38:03Z,2027-06-25,332,88000.0,C,0.0595,0.0615,0.0606,65938.64,63458.07,0.41240000000000004,0.29539,1e-05,216.98406,2.8,0.0
2026-07-28T17:38:03Z,2027-06-25,332,88000.0,P,0.3915,0.398,0.395,65938.64,63458.07,0.41240000000000004,-0.70461,1e-05,216.98406,0.0,0.0
2026-07-28T17:38:03Z,2027-06-25,332,90000.0,C,0.0545,0.0565,0.0554,65938.03,63458.07,0.41229999999999994,0.27589,1e-05,210.04142,78.2,1.0
2026-07-28T17:38:03Z,2027-06-25,332,90000.0,P,0.4165,0.4235,0.4202,65938.03,63458.07,0.41229999999999994,-0.72411,1e-05,210.04142,0.3,0.0
2026-07-28T17:38:03Z,2027-06-25,332,92000.0,C,0.05,0.0515,0.0507,65938.64,63458.07,0.41240000000000004,0.25759,1e-05,202.87987,1.1,0.1
2026-07-28T17:38:03Z,2027-06-25,332,92000.0,P,0.4415,0.449,0.4458,65938.03,63458.07,0.41240000000000004,-0.74242,1e-05,202.87488,0.0,0.0
2026-07-28T17:38:03Z,2027-06-25,332,95000.0,C,0.0435,0.0455,0.0446,65938.03,63458.07,0.4131,0.23255,1e-05,192.01396,10.8,0.0
2026-07-28T17:38:03Z,2027-06-25,332,95000.0,P,0.481,0.6125,0.4852,65938.03,63458.07,0.4131,-0.76745,1e-05,192.01428,20.0,0.0
2026-07-28T17:38:03Z,2027-06-25,332,100000.0,C,0.035,0.037,0.0361,65938.03,63458.07,0.4144,0.19576,1e-05,173.69115,61.8,0.3
2026-07-28T17:38:03Z,2027-06-25,332,100000.0,P,0.548,0.5575,0.5525,65938.03,63458.07,0.4144,-0.80424,1e-05,173.69139,0.0,0.0
2026-07-28T17:38:03Z,2027-06-25,332,105000.0,C,0.0285,0.03,0.0295,65938.62,63458.07,0.4168,0.16539,1e-05,156.25218,48.2,3.2
2026-07-28T17:38:03Z,2027-06-25,332,105000.0,P,0.617,0.791,0.6217,65938.62,63458.07,0.4168,-0.83461,1e-05,156.25218,0.0,0.0
2026-07-28T17:38:03Z,2027-06-25,332,110000.0,C,0.0235,0.025,0.0241,65938.62,63458.07,0.4191,0.13975,1e-05,139.71603,139.3,10.0
2026-07-28T17:38:03Z,2027-06-25,332,110000.0,P,0.687,0.698,0.6922,65938.62,63458.07,0.4191,-0.86025,1e-05,139.71603,0.2,0.0
2026-07-28T17:38:03Z,2027-06-25,332,120000.0,C,0.016,0.0175,0.0166,65938.03,63458.07,0.4253,0.10128,1e-05,111.3251,58.0,0.0
2026-07-28T17:38:03Z,2027-06-25,332,120000.0,P,0.83,0.841,0.8363,65938.03,63458.07,0.4253,-0.89872,1e-05,111.3251,0.0,0.0
2026-07-28T17:38:03Z,2027-06-25,332,130000.0,C,0.011,0.013,0.012,65938.03,63458.07,0.43320000000000003,0.0753,1e-05,89.23715,79.9,18.5
2026-07-28T17:38:03Z,2027-06-25,332,130000.0,P,0.7105,1.3015,0.9833,65938.03,63458.07,0.43320000000000003,-0.9247,1e-05,89.23715,0.0,0.0
2026-07-28T17:38:03Z,2027-06-25,332,140000.0,C,0.008,0.0095,0.0088,65938.62,63458.07,0.4411,0.057,0.0,71.91535,208.2,14.7
2026-07-28T17:38:03Z,2027-06-25,332,140000.0,P,0.0,0.0,1.1318,65938.62,63458.07,0.4411,-0.943,0.0,71.91604,0.0,0.0
2026-07-28T17:38:03Z,2027-06-25,332,150000.0,C,0.006,0.0075,0.0067,65938.62,63458.07,0.449,0.04397,0.0,58.46927,87.6,0.0
2026-07-28T17:38:03Z,2027-06-25,332,150000.0,P,0.0,0.0,1.2812,65938.03,63458.07,0.449,-0.95603,0.0,58.46666,0.0,0.0
2026-07-28T17:38:03Z,2027-06-25,332,160000.0,C,0.0049,0.0055,0.0054,65938.62,63458.07,0.4598,0.03566,0.0,49.31255,501.5,4.1
2026-07-28T17:38:03Z,2027-06-25,332,160000.0,P,0.0,0.0,1.4316,65938.62,63458.07,0.4598,-0.96434,0.0,49.31255,0.0,0.0
2026-07-28T17:38:03Z,2027-06-25,332,170000.0,C,0.0039,0.0042,0.0042,65938.62,63458.07,0.4668,0.02832,0.0,40.76505,16.6,5.2
2026-07-28T17:38:03Z,2027-06-25,332,170000.0,P,0.0,0.0,1.582,65938.62,63458.07,0.4668,-0.97168,0.0,40.76505,14.6,0.0
