snapshot_ts,expiry,days_to_expiry,strike,option_type,bid,ask,mark_price,forward_price,index_price,implied_vol,delta,gamma,vega,open_interest,volume_24h
2026-10-09T20:40:33Z,2026-10-10,1,75000.0,C,0.0865,0.091,0.0894,82366.34,82344.77,0.8371999999999999,0.99912,0.0,0.08849,0.0,0.0
2026-10-09T20:40:33Z,2026-10-10,1,75000.0,P,0.0,0.0001,0.0,82366.34,82344.77,0.8371999999999999,-0.00088,0.0,0.08849,20.7,16.1
2026-10-09T20:40:33Z,2026-10-10,1,76000.0,C,0.075,0.0795,0.0773,82366.34,82344.77,0.8009999999999999,0.99751,0.0,0.22875,0.0,0.0
2026-10-09T20:40:33Z,2026-10-10,1,76000.0,P,0.0,0.0001,0.0,82366.34,82344.77,0.8009999999999999,-0.00249,0.0,0.22875,33.8,29.7
2026-10-09T20:40:33Z,2026-10-10,1,77000.0,C,0.062,0.0675,0.0652,82366.34,82344.77,0.7136,0.99585,1e-05,0.36263,0.0,0.0
2026-10-09T20:40:33Z,2026-10-10,1,77000.0,P,0.0,0.0001,0.0,82366.34,82344.77,0.7136,-0.00415,1e-05,0.36263,25.7,5.7
2026-10-09T20:40:33Z,2026-10-10,1,78000.0,C,0.05,0.0545,0.0531,82366.34,82344.77,0.6039,0.99414,1e-05,0.49306,0.0,0.0
2026-10-09T20:40:33Z,2026-10-10,1,78000.0,P,0.0,0.0001,0.0,82366.45,82344.77,0.6039,-0.00586,1e-05,0.49299,60.9,33.0
2026-10-09T20:40:33Z,2026-10-10,1,79000.0,C,0.038,0.0425,0.0409,82366.34,82344.77,0.48979999999999996,0.99132,2e-05,0.69718,0.0,0.0
2026-10-09T20:40:33Z,2026-10-10,1,79000.0,P,0.0,0.0001,0.0001,82366.45,82344.77,0.48979999999999996,-0.00868,2e-05,0.69706,45.0,8.6
2026-10-09T20:40:33Z,2026-10-10,1,79500.0,C,0.032,0.037,0.0349,82366.36,82344.77,0.4851,0.97933,3e-05,1.47394,0.0,0.0
2026-10-09T20:40:33Z,2026-10-10,1,79500.0,P,0.0001,0.0003,0.0001,82366.36,82344.77,0.4851,-0.02067,3e-05,1.47394,6.6,11.1
2026-10-09T20:40:33Z,2026-10-10,1,80000.0,C,0.026,0.0305,0.0289,82366.36,82344.77,0.42710000000000004,0.97172,5e-05,1.9179,0.0,0.0
2026-10-09T20:40:33Z,2026-10-10,1,80000.0,P,0.0001,0.0003,0.0002,82366.36,82344.77,0.42710000000000004,-0.02828,5e-05,1.9179,86.2,26.6
2026-10-09T20:40:33Z,2026-10-10,1,80500.0,C,0.021,0.024,0.0229,82364.85,82344.77,0.3809,0.95347,9e-05,2.88233,10.0,10.0
2026-10-09T20:40:33Z,2026-10-10,1,80500.0,P,0.0002,0.0004,0.0003,82366.36,82344.77,0.3809,-0.0464,9e-05,2.87591,135.1,46.8
2026-10-09T20:40:33Z,2026-10-10,1,81000.0,C,0.014,0.019,0.017,82364.85,82344.77,0.3239,0.92526,0.00015,4.17963,1.7,1.0
2026-10-09T20:40:33Z,2026-10-10,1,81000.0,P,0.0004,0.0005,0.0004,82364.85,82344.77,0.3239,-0.07474,0.00015,4.17963,96.3,71.8
2026-10-09T20:40:33Z,2026-10-10,1,81500.0,C,0.009,0.0125,0.0112,82366.36,82344.77,0.2647,0.86787,0.00027,6.33352,5.2,0.0
2026-10-09T20:40:33Z,2026-10-10,1,81500.0,P,0.0006,0.0008,0.0006,82366.36,82344.77,0.2647,-0.13213,0.00027,6.33352,133.5,123.2
2026-10-09T20:40:33Z,2026-10-10,1,82000.0,C,0.005,0.0065,0.0059,82366.36,82344.77,0.21960000000000002,0.71522,0.00052,10.04695,28.1,26.3
2026-10-09T20:40:33Z,2026-10-10,1,82000.0,P,0.0014,0.0017,0.0014,82366.36,82344.77,0.21960000000000002,-0.28478,0.00052,10.04695,67.7,67.7
2026-10-09T20:40:33Z,2026-10-10,1,82500.0,C,0.0019,0.0023,0.0021,82364.85,82344.77,0.1955,0.40912,0.00067,11.50244,55.3,53.2
2026-10-09T20:40:33Z,2026-10-10,1,82500.0,P,0.0035,0.0041,0.0037,82366.36,82344.77,0.1955,-0.58987,0.00067,11.5095,121.9,103.7
2026-10-09T20:40:33Z,2026-10-10,1,83000.0,C,0.0004,0.0006,0.0005,82366.36,82344.77,0.19940000000000002,0.14334,0.00038,6.6953,65.0,62.6
2026-10-09T20:40:33Z,2026-10-10,1,83000.0,P,0.007,0.01,0.0082,82364.85,82344.77,0.19940000000000002,-0.85724,0.00038,6.67694,97.0,33.9
2026-10-09T20:40:33Z,2026-10-10,1,83500.0,C,0.0001,0.0003,0.0002,82364.94,82344.77,0.2346,0.05271,0.00015,3.18399,251.4,65.3
2026-10-09T20:40:33Z,2026-10-10,1,83500.0,P,0.0125,0.016,0.014,82364.85,82344.77,0.2346,-0.94731,0.00015,3.18332,91.0,11.0
2026-10-09T20:40:33Z,2026-10-10,1,84000.0,C,0.0,0.0002,0.0,82364.85,82344.77,0.2376,0.01078,4e-05,0.84239,160.8,58.3
2026-10-09T20:40:33Z,2026-10-10,1,84000.0,P,0.0185,0.0215,0.0199,82364.94,82344.77,0.2376,-0.98922,4e-05,0.84263,20.3,12.5
2026-10-09T20:40:33Z,2026-10-10,1,84500.0,C,0.0,0.0001,0.0,82364.85,82344.77,0.2611,0.00324,1e-05,0.29038,52.9,47.2
2026-10-09T20:40:33Z,2026-10-10,1,84500.0,P,0.0235,0.029,0.0259,82364.85,82344.77,0.2611,-0.99676,1e-05,0.29038,1.9,0.0
2026-10-09T20:40:33Z,2026-10-10,1,85000.0,C,0.0,0.0001,0.0,82364.94,82344.77,0.2913,0.00134,1e-05,0.13027,47.8,43.2
2026-10-09T20:40:33Z,2026-10-10,1,85000.0,P,0.0305,0.035,0.032,82364.85,82344.77,0.2913,-0.99866,1e-05,0.13023,0.5,0.5
2026-10-09T20:40:33Z,2026-10-10,1,85500.0,C,0.0,0.0001,0.0,82364.85,82344.77,0.34090000000000004,0.00117,0.0,0.11521,40.9,44.1
2026-10-09T20:40:33Z,2026-10-10,1,85500.0,P,0.0365,0.0415,0.038,82364.85,82344.77,0.34090000000000004,-0.99883,0.0,0.11521,0.3,0.0
2026-10-09T20:40:33Z,2026-10-10,1,86000.0,C,0.0,0.0001,0.0,82364.85,82344.77,0.3923,0.00112,0.0,0.1108,195.9,68.6
2026-10-09T20:40:33Z,2026-10-10,1,86000.0,P,0.042,0.047,0.0441,82364.85,82344.77,0.3923,-0.99888,0.0,0.1108,0.0,0.0
2026-10-09T20:40:33Z,2026-10-10,1,86500.0,C,0.0,0.0001,0.0,82364.85,82344.77,0.41969999999999996,0.0006,0.0,0.06211,76.0,79.1
2026-10-09T20:40:33Z,2026-10-10,1,86500.0,P,0.0485,0.0535,0.0502,82364.94,82344.77,0.41969999999999996,-0.9994,0.0,0.06212,0.0,0.0
2026-10-09T20:40:33Z,2026-10-10,1,87000.0,C,0.0,0.0001,0.0,82364.94,82344.77,0.46020000000000005,0.00048,0.0,0.05074,78.5,54.7
2026-10-09T20:40:33Z,2026-10-10,1,87000.0,P,0.0545,0.059,0.0563,82364.94,82344.77,0.46020000000000005,-0.99952,0.0,0.05074,0.0,0.0
2026-10-09T20:40:33Z,2026-10-10,1,87500.0,C,0.0,0.0001,0.0,82364.85,82344.77,0.4866,0.00028,0.0,0.03078,65.6,18.9
2026-10-09T20:40:33Z,2026-10-10,1,87500.0,P,0.0605,0.0655,0.0623,82364.85,82344.77,0.4866,-0.99972,0.0,0.03078,0.0,0.0
2026-10-09T20:40:33Z,2026-10-10,1,88000.0,C,0.0,0.0001,0.0,82364.94,82344.77,0.4978,0.00011,0.0,0.01306,143.2,62.1
2026-10-09T20:40:33Z,2026-10-10,1,88000.0,P,0.066,0.072,0.0684,82364.94,82344.77,0.4978,-0.99989,0.0,0.01306,0.0,0.0
2026-10-09T20:40:33Z,2026-10-10,1,88500.0,C,0.0,0.0001,0.0,82364.85,82344.77,0.5399,0.00011,0.0,0.01291,9.6,0.0
2026-10-09T20:40:33Z,2026-10-10,1,88500.0,P,0.072,0.078,0.0745,82364.85,82344.77,0.5399,-0.99989,0.0,0.01291,0.0,0.0
2026-10-09T20:40:33Z,2026-10-10,1,89000.0,C,0.0,0.0001,0.0,82364.85,82344.77,0.5508,5e-05,0.0,0.0058,1.5,0.0
2026-10-09T20:40:33Z,2026-10-10,1,89000.0,P,0.078,0.084,0.0805,82364.94,82344.77,0.5508,-0.99995,0.0,0.00581,0.0,0.0
2026-10-09T20:40:33Z,2026-10-10,1,89500.0,C,0.0,0.0001,0.0,82364.94,82344.77,0.5517,1e-05,0.0,0.0019,15.8,0.0
2026-10-09T20:40:33Z,2026-10-10,1,89500.0,P,0.085,0.09,0.0866,82364.85,82344.77,0.5517,-0.99999,0.0,0.0019,0.0,0.0
2026-10-09T20:40:33Z,2026-10-10,1,90000.0,C,0.0,0.0001,0.0,82364.94,82344.77,0.5517,0.0,0.0,0.00057,17.7,0.1
2026-10-09T20:40:33Z,2026-10-10,1,90000.0,P,0.091,0.096,0.0927,82364.85,82344.77,0.5517,-1.0,0.0,0.00057,0.0,0.0
2026-10-09T20:40:33Z,2026-10-10,1,91000.0,C,0.0,0.0001,0.0,82364.94,82344.77,0.5518,0.0,0.0,4e-05,24.2,0.0
2026-10-09T20:40:33Z,2026-10-10,1,91000.0,P,0.103,0.1085,0.1048,82364.94,82344.77,0.5518,-1.0,0.0,4e-05,0.0,0.0
2026-10-09T20:40:33Z,2026-10-10,1,92000.0,C,0.0,0.0001,0.0,82364.85,82344.77,0.5518,0.0,0.0,0.0,66.7,0.0
2026-10-09T20:40:33Z,2026-10-10,1,92000.0,P,0.1145,0.12,0.117,82364.85,82344.77,0.5518,-1.0,0.0,0.0,0.0,0.0
2026-10-09T20:40:33Z,2026-10-10,1,93000.0,C,0.0,0.0001,0.0,82364.85,82344.77,0.5518,0.0,0.0,0.0,10.0,0.0
2026-10-09T20:40:33Z,2026-10-10,1,93000.0,P,0.1265,0.1325,0.1291,82364.85,82344.77,0.5518,-1.0,0.0,0.0,0.0,0.0
2026-10-09T20:40:33Z,2026-10-10,1,94000.0,C,0.0,0.0001,0.0,82364.94,82344.77,0.5518,0.0,0.0,0.0,0.2,0.0
2026-10-09T20:40:33Z,2026-10-10,1,94000.0,P,0.139,0.1445,0.1413,82364.88,82344.77,0.5518,-1.0,0.0,0.0,0.0,0.0
2026-10-09T20:40:33Z,2026-10-10,1,95000.0,C,0.0,0.0001,0.0,82364.88,82344.77,0.5526,0.0,0.0,0.0,0.1,0.0
2026-10-09T20:40:33Z,2026-10-10,1,95000.0,P,0.151,0.157,0.1534,82364.88,82344.77,0.5526,-1.0,0.0,0.0,0.0,0.0
2026-10-09T20:40:33Z,2026-10-10,1,96000.0,C,0.0,0.0001,0.0,82365.07,82344.77,0.5593,0.0,0.0,0.0,30.1,0.0
2026-10-09T20:40:33Z,2026-10-10,1,96000.0,P,0.163,0.169,0.1655,82365.07,82344.77,0.5593,-1.0,0.0,0.0,0.0,0.0
2026-10-09T20:40:33Z,2026-10-11,2,73000.0,C,0.111,0.1155,0.1138,82368.96,82344.77,0.7441,0.99505,0.0,0.74922,0.0,0.0
2026-10-09T20:40:33Z,2026-10-11,2,73000.0,P,0.0,0.0001,0.0001,82369.14,82344.77,0.7441,-0.00495,0.0,0.74913,26.6,26.5
2026-10-09T20:40:33Z,2026-10-11,2,74000.0,C,0.0995,0.104,0.1017,82368.96,82344.77,0.67,0.99446,0.0,0.82904,0.0,0.0
2026-10-09T20:40:33Z,2026-10-11,2,74000.0,P,0.0,0.0001,0.0001,82369.14,82344.77,0.67,-0.00554,0.0,0.82893,13.9,12.2
2026-10-09T20:40:33Z,2026-10-11,2,75000.0,C,0.087,0.091,0.0895,82369.14,82344.77,0.5954999999999999,0.99375,1e-05,0.9225,0.0,0.0
2026-10-09T20:40:33Z,2026-10-11,2,75000.0,P,0.0,0.0001,0.0001,82368.96,82344.77,0.5954999999999999,-0.00625,1e-05,0.92263,16.5,2.3
2026-10-09T20:40:33Z,2026-10-11,2,76000.0,C,0.0745,0.079,0.0774,82369.14,82344.77,0.5257000000000001,0.9924,1e-05,1.09555,0.0,0.0
2026-10-09T20:40:33Z,2026-10-11,2,76000.0,P,0.0,0.0002,0.0001,82369.14,82344.77,0.5257000000000001,-0.0076,1e-05,1.09555,28.6,22.6
2026-10-09T20:40:33Z,2026-10-11,2,77000.0,C,0.063,0.067,0.0653,82369.27,82344.77,0.4799,0.98704,1e-05,1.7461,0.0,0.0
2026-10-09T20:40:33Z,2026-10-11,2,77000.0,P,0.0001,0.0002,0.0001,82369.27,82344.77,0.4799,-0.01296,1e-05,1.7461,30.6,14.0
2026-10-09T20:40:33Z,2026-10-11,2,78000.0,C,0.0505,0.055,0.0533,82369.27,82344.77,0.4326,0.97714,2e-05,2.83507,0.0,0.0
2026-10-09T20:40:33Z,2026-10-11,2,78000.0,P,0.0002,0.0003,0.0002,82369.27,82344.77,0.4326,-0.02286,2e-05,2.83507,93.9,80.9
2026-10-09T20:40:33Z,2026-10-11,2,79000.0,C,0.0385,0.043,0.0413,82369.14,82344.77,0.373,0.96207,4e-05,4.31586,0.0,0.0
2026-10-09T20:40:33Z,2026-10-11,2,79000.0,P,0.0003,0.0004,0.0004,82369.27,82344.77,0.373,-0.03792,4e-05,4.31536,110.3,47.8
2026-10-09T20:40:33Z,2026-10-11,2,79500.0,C,0.0325,0.037,0.0353,82369.14,82344.77,0.33770000000000006,0.95194,6e-05,5.22614,0.0,0.0
2026-10-09T20:40:33Z,2026-10-11,2,79500.0,P,0.0004,0.0005,0.0004,82369.27,82344.77,0.33770000000000006,-0.04805,6e-05,5.22551,63.1,60.1
2026-10-09T20:40:33Z,2026-10-11,2,80000.0,C,0.0265,0.031,0.0293,82369.27,82344.77,0.3018,0.93734,8e-05,6.44451,0.0,0.0
2026-10-09T20:40:33Z,2026-10-11,2,80000.0,P,0.0005,0.0006,0.0005,82369.14,82344.77,0.3018,-0.06267,8e-05,6.44532,612.1,158.6
2026-10-09T20:40:33Z,2026-10-11,2,80500.0,C,0.0215,0.0245,0.0233,82369.14,82344.77,0.262,0.91748,0.00011,7.95932,34.6,1.0
2026-10-09T20:40:33Z,2026-10-11,2,80500.0,P,0.0006,0.0007,0.0006,82369.14,82344.77,0.262,-0.08252,0.00011,7.95932,481.9,294.0
2026-10-09T20:40:33Z,2026-10-11,2,81000.0,C,0.0155,0.019,0.0175,82369.14,82344.77,0.2266,0.8794,0.00017,10.49876,32.4,0.0
2026-10-09T20:40:33Z,2026-10-11,2,81000.0,P,0.0008,0.001,0.0009,82369.27,82344.77,0.2266,-0.12057,0.00017,10.49743,79.8,77.2
2026-10-09T20:40:33Z,2026-10-11,2,81500.0,C,0.01,0.0135,0.0119,82369.14,82344.77,0.19690000000000002,0.80366,0.00027,14.4797,14.8,0.0
2026-10-09T20:40:33Z,2026-10-11,2,81500.0,P,0.0013,0.0015,0.0014,82369.14,82344.77,0.19690000000000002,-0.19634,0.00027,14.4797,88.8,29.2
2026-10-09T20:40:33Z,2026-10-11,2,82000.0,C,0.0065,0.0075,0.007,82369.14,82344.77,0.1722,0.66142,0.00041,19.13242,19.3,0.1
2026-10-09T20:40:33Z,2026-10-11,2,82000.0,P,0.0023,0.0027,0.0025,82369.27,82344.77,0.1722,-0.33852,0.00041,19.1313,221.7,223.2
2026-10-09T20:40:33Z,2026-10-11,2,82500.0,C,0.0031,0.0032,0.0032,82369.21,82344.77,0.1575,0.43893,0.00048,20.61975,55.8,64.5
2026-10-09T20:40:33Z,2026-10-11,2,82500.0,P,0.0047,0.0055,0.0048,82369.21,82344.77,0.1575,-0.56107,0.00048,20.61975,108.0,100.1
2026-10-09T20:40:33Z,2026-10-11,2,83000.0,C,0.0012,0.0013,0.0013,82369.21,82344.77,0.1592,0.22674,0.00036,15.7539,234.4,239.3
2026-10-09T20:40:33Z,2026-10-11,2,83000.0,P,0.0085,0.01,0.009,82369.27,82344.77,0.1592,-0.77323,0.00036,15.75528,24.0,17.1
2026-10-09T20:40:33Z,2026-10-11,2,83500.0,C,0.0004,0.0005,0.0005,82369.27,82344.77,0.16760000000000003,0.10096,0.0002,9.24263,82.6,53.6
2026-10-09T20:40:33Z,2026-10-11,2,83500.0,P,0.013,0.0165,0.0142,82369.14,82344.77,0.16760000000000003,-0.89907,0.0002,9.24087,24.9,0.0
2026-10-09T20:40:33Z,2026-10-11,2,84000.0,C,0.0002,0.0003,0.0003,82369.27,82344.77,0.1886,0.0514,0.00011,5.51417,98.7,94.7
2026-10-09T20:40:33Z,2026-10-11,2,84000.0,P,0.018,0.023,0.0201,82369.27,82344.77,0.1886,-0.9486,0.00011,5.51417,0.4,0.0
2026-10-09T20:40:33Z,2026-10-11,2,84500.0,C,0.0001,0.0003,0.0002,82369.27,82344.77,0.2205,0.03457,7e-05,4.00078,119.3,136.4
2026-10-09T20:40:33Z,2026-10-11,2,84500.0,P,0.024,0.0295,0.0261,82369.27,82344.77,0.2205,-0.96543,7e-05,4.00078,0.7,0.0
2026-10-09T20:40:33Z,2026-10-11,2,85000.0,C,0.0001,0.0002,0.0001,82369.14,82344.77,0.25129999999999997,0.02485,4e-05,3.04111,64.3,54.4
2026-10-09T20:40:33Z,2026-10-11,2,85000.0,P,0.0295,0.0355,0.0321,82369.27,82344.77,0.25129999999999997,-0.97515,4e-05,3.0417,0.0,0.0
2026-10-09T20:40:33Z,2026-10-11,2,85500.0,C,0.0,0.0002,0.0001,82369.27,82344.77,0.2547,0.01075,2e-05,1.48519,93.2,110.6
2026-10-09T20:40:33Z,2026-10-11,2,85500.0,P,0.0355,0.0415,0.0381,82369.14,82344.77,0.2547,-0.98925,2e-05,1.48485,0.1,0.0
2026-10-09T20:40:33Z,2026-10-11,2,86000.0,C,0.0,0.0002,0.0,82369.14,82344.77,0.2761,0.00711,1e-05,1.03352,91.9,71.1
2026-10-09T20:40:33Z,2026-10-11,2,86000.0,P,0.0425,0.0475,0.0441,82369.27,82344.77,0.2761,-0.99289,1e-05,1.03375,0.0,0.0
2026-10-09T20:40:33Z,2026-10-11,2,86500.0,C,0.0,0.0001,0.0,82369.14,82344.77,0.2864,0.00366,1e-05,0.5717,66.3,57.2
2026-10-09T20:40:33Z,2026-10-11,2,86500.0,P,0.0485,0.053,0.0502,82369.14,82344.77,0.2864,-0.99634,1e-05,0.5717,0.0,0.0
2026-10-09T20:40:33Z,2026-10-11,2,87000.0,C,0.0,0.0001,0.0,82369.37,82344.77,0.2979,0.00198,0.0,0.32801,93.6,101.2
2026-10-09T20:40:33Z,2026-10-11,2,87000.0,P,0.0545,0.0595,0.0562,82369.21,82344.77,0.2979,-0.99802,0.0,0.32792,0.0,0.0
2026-10-09T20:40:33Z,2026-10-11,2,88000.0,C,0.0,0.0001,0.0,82369.37,82344.77,0.3431,0.00124,0.0,0.21522,19.3,1.4
2026-10-09T20:40:33Z,2026-10-11,2,88000.0,P,0.066,0.072,0.0684,82369.37,82344.77,0.3431,-0.99876,0.0,0.21522,0.0,0.0
2026-10-09T20:40:33Z,2026-10-11,2,89000.0,C,0.0,0.0001,0.0,82369.37,82344.77,0.3971,0.00111,0.0,0.19425,24.9,0.3
2026-10-09T20:40:33Z,2026-10-11,2,89000.0,P,0.078,0.084,0.0805,82369.21,82344.77,0.3971,-0.99889,0.0,0.19421,0.0,0.0
2026-10-09T20:40:33Z,2026-10-11,2,90000.0,C,0.0,0.0001,0.0,82369.21,82344.77,0.4526,0.00108,0.0,0.1883,2.5,0.0
2026-10-09T20:40:33Z,2026-10-11,2,90000.0,P,0.0905,0.0955,0.0927,82369.21,82344.77,0.4526,-0.99892,0.0,0.1883,0.0,0.0
2026-10-09T20:40:33Z,2026-10-11,2,91000.0,C,0.0,0.0001,0.0,82369.21,82344.77,0.4603,0.00034,0.0,0.06551,2.4,0.0
2026-10-09T20:40:33Z,2026-10-11,2,91000.0,P,0.103,0.1085,0.1048,82369.21,82344.77,0.4603,-0.99966,0.0,0.06551,0.0,0.0
2026-10-09T20:40:33Z,2026-10-11,2,92000.0,C,0.0,0.0001,0.0,82369.21,82344.77,0.4603,8e-05,0.0,0.01718,0.0,0.0
2026-10-09T20:40:33Z,2026-10-11,2,92000.0,P,0.1145,0.1205,0.1169,82369.21,82344.77,0.4603,-0.99992,0.0,0.01718,0.0,0.0
2026-10-09T20:40:33Z,2026-10-11,2,93000.0,C,0.0,0.0001,0.0,82369.21,82344.77,0.4603,2e-05,0.0,0.00398,0.0,0.0
2026-10-09T20:40:33Z,2026-10-11,2,93000.0,P,0.1265,0.132,0.1291,82369.02,82344.77,0.4603,-0.99998,0.0,0.00398,0.0,0.0
2026-10-09T20:40:33Z,2026-10-11,2,94000.0,C,0.0,0.0001,0.0,82369.21,82344.77,0.4603,0.0,0.0,0.00082,0.0,0.0
2026-10-09T20:40:33Z,2026-10-11,2,94000.0,P,0.1385,0.1445,0.1412,82369.21,82344.77,0.4603,-1.0,0.0,0.00082,0.0,0.0
2026-10-09T20:40:33Z,2026-10-12,3,72000.0,C,0.1235,0.1275,0.1262,82386.68,82344.77,0.6433,0.99495,0.0,0.98924,0.0,0.0
2026-10-09T20:40:33Z,2026-10-12,3,72000.0,P,0.0,0.0001,0.0001,82386.92,82344.77,0.6433,-0.00505,0.0,0.98911,13.2,13.1
2026-10-09T20:40:33Z,2026-10-12,3,73000.0,C,0.1115,0.1155,0.114,82386.92,82344.77,0.584,0.99447,0.0,1.07154,0.0,0.0
2026-10-09T20:40:33Z,2026-10-12,3,73000.0,P,0.0,0.0001,0.0001,82386.92,82344.77,0.584,-0.00553,0.0,1.07154,26.0,1.5
2026-10-09T20:40:33Z,2026-10-12,3,74000.0,C,0.099,0.1035,0.1019,82386.92,82344.77,0.5259,0.99384,0.0,1.18064,0.0,0.0
2026-10-09T20:40:33Z,2026-10-12,3,74000.0,P,0.0,0.0002,0.0001,82386.92,82344.77,0.5259,-0.00616,0.0,1.18064,1.4,0.9
2026-10-09T20:40:33Z,2026-10-12,3,75000.0,C,0.087,0.0915,0.0898,82386.92,82344.77,0.495,0.99001,1e-05,1.80512,0.0,0.0
2026-10-09T20:40:33Z,2026-10-12,3,75000.0,P,0.0001,0.0002,0.0001,82386.92,82344.77,0.495,-0.00999,1e-05,1.80512,1.4,1.3
2026-10-09T20:40:33Z,2026-10-12,3,76000.0,C,0.075,0.08,0.0777,82386.92,82344.77,0.4578,0.98465,1e-05,2.61907,0.0,0.0
2026-10-09T20:40:33Z,2026-10-12,3,76000.0,P,0.0001,0.0003,0.0002,82386.92,82344.77,0.4578,-0.01535,1e-05,2.61907,0.6,0.7
2026-10-09T20:40:33Z,2026-10-12,3,77000.0,C,0.063,0.0675,0.0657,82386.92,82344.77,0.4144,0.97725,2e-05,3.65975,0.0,0.0
2026-10-09T20:40:33Z,2026-10-12,3,77000.0,P,0.0002,0.0004,0.0003,82386.92,82344.77,0.4144,-0.02275,2e-05,3.65975,10.6,15.4
2026-10-09T20:40:33Z,2026-10-12,3,78000.0,C,0.051,0.0555,0.0537,82386.92,82344.77,0.37799999999999995,0.96203,3e-05,5.59896,0.0,0.0
2026-10-09T20:40:33Z,2026-10-12,3,78000.0,P,0.0004,0.0006,0.0005,82386.92,82344.77,0.37799999999999995,-0.03797,3e-05,5.59896,71.8,10.5
2026-10-09T20:40:33Z,2026-10-12,3,78500.0,C,0.045,0.05,0.0478,82386.92,82344.77,0.3543,0.95274,4e-05,6.68398,0.0,0.0
2026-10-09T20:40:33Z,2026-10-12,3,78500.0,P,0.0005,0.0007,0.0006,82386.92,82344.77,0.3543,-0.04726,4e-05,6.68398,18.1,20.4
2026-10-09T20:40:33Z,2026-10-12,3,79000.0,C,0.039,0.0435,0.0418,82386.92,82344.77,0.32770000000000005,0.94181,5e-05,7.88364,0.0,0.0
2026-10-09T20:40:33Z,2026-10-12,3,79000.0,P,0.0006,0.0008,0.0007,82386.92,82344.77,0.32770000000000005,-0.05819,5e-05,7.88364,54.3,57.2
2026-10-09T20:40:33Z,2026-10-12,3,79500.0,C,0.033,0.0385,0.0359,82386.92,82344.77,0.3057,0.9237,7e-05,9.72338,0.0,0.0
2026-10-09T20:40:33Z,2026-10-12,3,79500.0,P,0.0008,0.001,0.0009,82386.47,82344.77,0.3057,-0.07634,7e-05,9.72663,4.6,6.1
2026-10-09T20:40:33Z,2026-10-12,3,80000.0,C,0.028,0.0315,0.0301,82386.47,82344.77,0.2851,0.897,9e-05,12.15666,21.7,8.0
2026-10-09T20:40:33Z,2026-10-12,3,80000.0,P,0.0011,0.0013,0.0012,82386.47,82344.77,0.2851,-0.103,9e-05,12.15666,102.8,105.4
2026-10-09T20:40:33Z,2026-10-12,3,80500.0,C,0.0225,0.026,0.0245,82386.47,82344.77,0.2651,0.85833,0.00012,15.21152,40.5,1.0
2026-10-09T20:40:33Z,2026-10-12,3,80500.0,P,0.0015,0.0017,0.0016,82386.47,82344.77,0.2651,-0.14167,0.00012,15.21152,78.7,65.8
2026-10-09T20:40:33Z,2026-10-12,3,81000.0,C,0.018,0.02,0.0191,82386.47,82344.77,0.2462,0.80171,0.00017,18.88199,37.7,0.0
2026-10-09T20:40:33Z,2026-10-12,3,81000.0,P,0.0021,0.0025,0.0023,82386.47,82344.77,0.2462,-0.19829,0.00017,18.88199,49.3,15.9
2026-10-09T20:40:33Z,2026-10-12,3,81500.0,C,0.013,0.015,0.0141,82386.47,82344.77,0.2306,0.71892,0.00022,22.86354,28.7,0.0
2026-10-09T20:40:33Z,2026-10-12,3,81500.0,P,0.0032,0.0036,0.0033,82386.47,82344.77,0.2306,-0.28108,0.00022,22.86354,24.9,14.1
2026-10-09T20:40:33Z,2026-10-12,3,82000.0,C,0.009,0.01,0.0098,82386.47,82344.77,0.2195,0.60615,0.00026,26.08281,28.4,5.3
2026-10-09T20:40:33Z,2026-10-12,3,82000.0,P,0.0049,0.0055,0.0051,82386.47,82344.77,0.2195,-0.39385,0.00026,26.08281,9.5,4.2
2026-10-09T20:40:33Z,2026-10-12,3,82500.0,C,0.006,0.0065,0.0063,82386.47,82344.77,0.212,0.47202,0.00028,26.97939,7.7,2.5
2026-10-09T20:40:33Z,2026-10-12,3,82500.0,P,0.007,0.008,0.0077,82386.47,82344.77,0.212,-0.52798,0.00028,26.97939,14.2,15.6
2026-10-09T20:40:33Z,2026-10-12,3,83000.0,C,0.0036,0.0039,0.0038,82387.05,82344.77,0.2082,0.33575,0.00026,24.72005,97.4,20.4
2026-10-09T20:40:33Z,2026-10-12,3,83000.0,P,0.01,0.012,0.0112,82386.47,82344.77,0.2082,-0.6644,0.00026,24.71557,34.2,8.2
2026-10-09T20:40:33Z,2026-10-12,3,83500.0,C,0.002,0.0022,0.0021,82386.47,82344.77,0.2087,0.21972,0.00021,20.05892,89.5,82.6
2026-10-09T20:40:33Z,2026-10-12,3,83500.0,P,0.0145,0.0165,0.0157,82386.47,82344.77,0.2087,-0.78028,0.00021,20.05892,21.0,23.6
2026-10-09T20:40:33Z,2026-10-12,3,84000.0,C,0.0011,0.0013,0.0012,82386.47,82344.77,0.21420000000000003,0.13748,0.00015,14.9038,138.1,141.6
2026-10-09T20:40:33Z,2026-10-12,3,84000.0,P,0.019,0.0235,0.0208,82386.47,82344.77,0.21420000000000003,-0.86252,0.00015,14.9038,0.0,0.0
2026-10-09T20:40:33Z,2026-10-12,3,84500.0,C,0.0006,0.0008,0.0007,82386.47,82344.77,0.2227,0.08488,0.0001,10.53801,353.2,273.7
2026-10-09T20:40:33Z,2026-10-12,3,84500.0,P,0.0245,0.0295,0.0264,82386.47,82344.77,0.2227,-0.91512,0.0001,10.53801,4.0,4.0
2026-10-09T20:40:33Z,2026-10-12,3,85000.0,C,0.0003,0.0005,0.0004,82386.47,82344.77,0.2305,0.05079,7e-05,7.07976,243.7,290.8
2026-10-09T20:40:33Z,2026-10-12,3,85000.0,P,0.031,0.034,0.0321,82386.47,82344.77,0.2305,-0.94921,7e-05,7.07976,10.0,10.0
2026-10-09T20:40:33Z,2026-10-12,3,85500.0,C,0.0002,0.0003,0.0003,82386.47,82344.77,0.2483,0.03551,5e-05,5.30135,150.5,167.1
2026-10-09T20:40:33Z,2026-10-12,3,85500.0,P,0.036,0.041,0.0381,82386.47,82344.77,0.2483,-0.96449,5e-05,5.30135,0.0,0.0
2026-10-09T20:40:33Z,2026-10-12,3,86000.0,C,0.0001,0.0003,0.0002,82386.47,82344.77,0.2607,0.02327,3e-05,3.73073,118.0,15.7
2026-10-09T20:40:33Z,2026-10-12,3,86000.0,P,0.0415,0.047,0.044,82386.47,82344.77,0.2607,-0.97673,3e-05,3.73073,0.0,0.0
2026-10-09T20:40:33Z,2026-10-12,3,87000.0,C,0.0,0.0002,0.0,82386.47,82344.77,0.2615,0.00584,1e-05,1.12537,53.8,30.0
2026-10-09T20:40:33Z,2026-10-12,3,87000.0,P,0.0535,0.0595,0.056,82386.47,82344.77,0.2615,-0.99416,1e-05,1.12537,0.0,0.0
2026-10-09T20:40:33Z,2026-10-12,3,88000.0,C,0.0,0.0001,0.0,82386.47,82344.77,0.2876,0.00278,0.0,0.57832,94.1,32.3
2026-10-09T20:40:33Z,2026-10-12,3,88000.0,P,0.0665,0.071,0.0682,82386.47,82344.77,0.2876,-0.99722,0.0,0.57832,0.0,0.0
2026-10-09T20:40:33Z,2026-10-12,3,89000.0,C,0.0,0.0001,0.0,82386.47,82344.77,0.3292,0.00228,0.0,0.48371,63.0,0.3
2026-10-09T20:40:33Z,2026-10-12,3,89000.0,P,0.0785,0.0835,0.0803,82386.47,82344.77,0.3292,-0.99772,0.0,0.48371,0.0,0.0
2026-10-09T20:40:33Z,2026-10-12,3,90000.0,C,0.0,0.0001,0.0,82386.47,82344.77,0.37,0.00194,0.0,0.41767,0.3,0.1
2026-10-09T20:40:33Z,2026-10-12,3,90000.0,P,0.09,0.0955,0.0924,82386.47,82344.77,0.37,-0.99806,0.0,0.41767,0.0,0.0
2026-10-09T20:40:33Z,2026-10-12,3,91000.0,C,0.0,0.0001,0.0,82387.05,82344.77,0.4075,0.0016,0.0,0.35041,0.0,0.0
2026-10-09T20:40:33Z,2026-10-12,3,91000.0,P,0.102,0.108,0.1046,82387.05,82344.77,0.4075,-0.9984,0.0,0.35041,0.0,0.0
2026-10-09T20:40:33Z,2026-10-12,3,92000.0,C,0.0,0.0001,0.0,82387.05,82344.77,0.4092,0.00056,0.0,0.13273,0.0,0.0
2026-10-09T20:40:33Z,2026-10-12,3,92000.0,P,0.115,0.12,0.1167,82387.05,82344.77,0.4092,-0.99944,0.0,0.13273,0.0,0.0
2026-10-09T20:40:33Z,2026-10-13,4,73000.0,C,0.1115,0.1165,0.1142,82395.77,82344.77,0.5382,0.99017,1e-05,2.10902,0.0,0.0
2026-10-09T20:40:33Z,2026-10-13,4,73000.0,P,0.0001,0.0003,0.0002,82395.73,82344.77,0.5382,-0.00983,1e-05,2.10906,4.8,4.8
2026-10-09T20:40:33Z,2026-10-13,4,74000.0,C,0.1,0.1045,0.1022,82395.77,82344.77,0.5167,0.98453,1e-05,3.12485,0.0,0.0
2026-10-09T20:40:33Z,2026-10-13,4,74000.0,P,0.0002,0.0004,0.0003,82395.77,82344.77,0.5167,-0.01547,1e-05,3.12485,8.0,8.0
2026-10-09T20:40:33Z,2026-10-13,4,75000.0,C,0.0875,0.0925,0.0901,82395.73,82344.77,0.4826,0.9784,1e-05,4.15246,0.0,0.0
2026-10-09T20:40:33Z,2026-10-13,4,75000.0,P,0.0003,0.0005,0.0004,82395.77,82344.77,0.4826,-0.0216,1e-05,4.15238,2.0,2.0
2026-10-09T20:40:33Z,2026-10-13,4,76000.0,C,0.0755,0.0805,0.0781,82395.77,82344.77,0.441,0.97129,2e-05,5.27169,0.0,0.0
2026-10-09T20:40:33Z,2026-10-13,4,76000.0,P,0.0004,0.0006,0.0005,82395.77,82344.77,0.441,-0.02871,2e-05,5.27169,15.0,15.0
2026-10-09T20:40:33Z,2026-10-13,4,77000.0,C,0.0635,0.0685,0.0662,82395.77,82344.77,0.405,0.95858,3e-05,7.12344,0.0,0.0
2026-10-09T20:40:33Z,2026-10-13,4,77000.0,P,0.0006,0.0007,0.0007,82395.73,82344.77,0.405,-0.04142,3e-05,7.12359,50.5,50.5
2026-10-09T20:40:33Z,2026-10-13,4,78000.0,C,0.0515,0.056,0.0542,82395.77,82344.77,0.3607,0.94249,4e-05,9.2591,0.0,0.0
2026-10-09T20:40:33Z,2026-10-13,4,78000.0,P,0.0008,0.001,0.0009,82395.77,82344.77,0.3607,-0.05751,4e-05,9.2591,0.3,0.3
2026-10-09T20:40:33Z,2026-10-13,4,79000.0,C,0.0395,0.0445,0.0426,82395.77,82344.77,0.3271,0.90911,6e-05,13.14439,0.0,0.0
2026-10-09T20:40:33Z,2026-10-13,4,79000.0,P,0.0013,0.0015,0.0014,82395.73,82344.77,0.3271,-0.09089,6e-05,13.14465,6.2,6.2
2026-10-09T20:40:33Z,2026-10-13,4,79500.0,C,0.034,0.039,0.0368,82395.77,82344.77,0.3093,0.88518,8e-05,15.58027,0.0,0.0
2026-10-09T20:40:33Z,2026-10-13,4,79500.0,P,0.0016,0.0019,0.0017,82395.77,82344.77,0.3093,-0.11482,8e-05,15.58027,8.8,9.8
2026-10-09T20:40:33Z,2026-10-13,4,80000.0,C,0.029,0.0335,0.0313,82395.73,82344.77,0.2955,0.85046,0.0001,18.69748,0.0,0.0
2026-10-09T20:40:33Z,2026-10-13,4,80000.0,P,0.0021,0.0024,0.0023,82395.77,82344.77,0.2955,-0.14954,0.0001,18.69716,1.5,1.5
2026-10-09T20:40:33Z,2026-10-13,4,80500.0,C,0.0255,0.0275,0.026,82395.77,82344.77,0.2829,0.80445,0.00012,22.19293,0.0,0.0
2026-10-09T20:40:33Z,2026-10-13,4,80500.0,P,0.0029,0.0032,0.003,82395.73,82344.77,0.2829,-0.19556,0.00012,22.19326,6.0,6.0
2026-10-09T20:40:33Z,2026-10-13,4,81000.0,C,0.0205,0.022,0.0211,82395.73,82344.77,0.27190000000000003,0.74458,0.00015,25.82529,0.0,0.0
2026-10-09T20:40:33Z,2026-10-13,4,81000.0,P,0.004,0.0043,0.0041,82395.77,82344.77,0.27190000000000003,-0.25541,0.00015,25.825,21.4,24.6
2026-10-09T20:40:33Z,2026-10-13,4,81500.0,C,0.0155,0.0175,0.0165,82395.77,82344.77,0.2638,0.66924,0.00017,29.12776,0.0,0.0
2026-10-09T20:40:33Z,2026-10-13,4,81500.0,P,0.0055,0.006,0.0057,82395.77,82344.77,0.2638,-0.33076,0.00017,29.12776,0.6,0.6
2026-10-09T20:40:33Z,2026-10-13,4,82000.0,C,0.012,0.013,0.0126,82395.73,82344.77,0.2586,0.58064,0.00019,31.40026,0.0,0.0
2026-10-09T20:40:33Z,2026-10-13,4,82000.0,P,0.0075,0.008,0.0078,82395.73,82344.77,0.2586,-0.41936,0.00019,31.40026,19.1,19.1
2026-10-09T20:40:33Z,2026-10-13,4,82500.0,C,0.009,0.0095,0.0093,82395.8,82344.77,0.2544,0.48463,0.0002,32.03366,0.0,0.0
2026-10-09T20:40:33Z,2026-10-13,4,82500.0,P,0.01,0.011,0.0105,82395.73,82344.77,0.2544,-0.51538,0.0002,32.03359,7.9,7.9
2026-10-09T20:40:33Z,2026-10-13,4,83000.0,C,0.0065,0.007,0.0067,82395.73,82344.77,0.25379999999999997,0.38864,0.00019,30.80019,0.7,0.7
2026-10-09T20:40:33Z,2026-10-13,4,83000.0,P,0.013,0.0145,0.014,82395.8,82344.77,0.25379999999999997,-0.61135,0.00019,30.80052,5.7,5.7
2026-10-09T20:40:33Z,2026-10-13,4,83500.0,C,0.0045,0.0048,0.0047,82395.8,82344.77,0.2544,0.30011,0.00017,27.94381,2.6,2.6
2026-10-09T20:40:33Z,2026-10-13,4,83500.0,P,0.017,0.0185,0.0181,82395.73,82344.77,0.2544,-0.6999,0.00017,27.94328,0.0,0.0
2026-10-09T20:40:33Z,2026-10-13,4,84000.0,C,0.0031,0.0033,0.0032,82395.8,82344.77,0.2564,0.22403,0.00015,24.04101,5.1,5.1
2026-10-09T20:40:33Z,2026-10-13,4,84000.0,P,0.0215,0.0235,0.0227,82395.73,82344.77,0.2564,-0.77598,0.00015,24.04037,1.0,1.0
2026-10-09T20:40:33Z,2026-10-13,4,84500.0,C,0.002,0.0023,0.0022,82395.73,82344.77,0.2606,0.1637,0.00012,19.84498,38.6,41.7
2026-10-09T20:40:33Z,2026-10-13,4,84500.0,P,0.026,0.0305,0.0277,82395.73,82344.77,0.2606,-0.8363,0.00012,19.84498,0.0,0.0
2026-10-09T20:40:33Z,2026-10-13,4,85000.0,C,0.0014,0.0016,0.0015,82395.73,82344.77,0.2659,0.11757,9e-05,15.84429,10.6,11.1
2026-10-09T20:40:33Z,2026-10-13,4,85000.0,P,0.0305,0.036,0.0331,82395.8,82344.77,0.2659,-0.88242,9e-05,15.84492,0.0,0.0
2026-10-09T20:40:33Z,2026-10-13,4,85500.0,C,0.0009,0.0011,0.001,82395.73,82344.77,0.2724,0.084,7e-05,12.3934,18.5,18.5
2026-10-09T20:40:33Z,2026-10-13,4,85500.0,P,0.037,0.042,0.0387,82395.8,82344.77,0.2724,-0.916,7e-05,12.39396,0.0,0.0
2026-10-09T20:40:33Z,2026-10-13,4,86000.0,C,0.0006,0.0008,0.0007,82395.73,82344.77,0.2804,0.06034,5e-05,9.61501,4.8,7.3
2026-10-09T20:40:33Z,2026-10-13,4,86000.0,P,0.0425,0.0475,0.0444,82395.76,82344.77,0.2804,-0.93966,5e-05,9.6151,0.0,0.0
2026-10-09T20:40:33Z,2026-10-13,4,87000.0,C,0.0003,0.0005,0.0004,82395.8,82344.77,0.3031,0.03401,3e-05,6.06477,5.9,5.9
2026-10-09T20:40:33Z,2026-10-13,4,87000.0,P,0.054,0.059,0.0563,82395.76,82344.77,0.3031,-0.96599,3e-05,6.06459,0.0,0.0
2026-10-09T20:40:33Z,2026-10-13,4,88000.0,C,0.0001,0.0003,0.0002,82395.8,82344.77,0.3157,0.01693,2e-05,3.37612,0.6,0.6
2026-10-09T20:40:33Z,2026-10-13,4,88000.0,P,0.066,0.071,0.0682,82395.8,82344.77,0.3157,-0.98307,2e-05,3.37612,0.0,0.0
2026-10-09T20:40:33Z,2026-10-13,4,89000.0,C,0.0,0.0002,0.0001,82395.8,82344.77,0.3177,0.0067,1e-05,1.50704,1.8,1.8
2026-10-09T20:40:33Z,2026-10-13,4,89000.0,P,0.078,0.0835,0.0802,82395.8,82344.77,0.3177,-0.9933,1e-05,1.50704,0.0,0.0
2026-10-09T20:40:33Z,2026-10-13,4,90000.0,C,0.0,0.0002,0.0001,82395.8,82344.77,0.3555,0.00572,1e-05,1.3098,2.8,2.8
2026-10-09T20:40:33Z,2026-10-13,4,90000.0,P,0.09,0.096,0.0924,82395.76,82344.77,0.3555,-0.99428,1e-05,1.30975,0.0,0.0
2026-10-09T20:40:33Z,2026-10-13,4,91000.0,C,0.0,0.0001,0.0,82395.8,82344.77,0.37560000000000004,0.00354,0.0,0.85241,1.1,1.1
2026-10-09T20:40:33Z,2026-10-13,4,91000.0,P,0.102,0.1075,0.1045,82395.8,82344.77,0.37560000000000004,-0.99646,0.0,0.85241,0.0,0.0
2026-10-09T20:40:33Z,2026-10-13,4,92000.0,C,0.0,0.0001,0.0,82395.76,82344.77,0.40759999999999996,0.00295,0.0,0.72327,11.2,11.2
2026-10-09T20:40:33Z,2026-10-13,4,92000.0,P,0.114,0.12,0.1166,82395.8,82344.77,0.40759999999999996,-0.99705,0.0,0.72329,0.0,0.0
2026-10-09T20:40:33Z,2026-10-13,4,93000.0,C,0.0,0.0001,0.0,82395.8,82344.77,0.44380000000000003,0.00276,0.0,0.68084,0.0,0.0
2026-10-09T20:40:33Z,2026-10-13,4,93000.0,P,0.126,0.132,0.1287,82395.76,82344.77,0.44380000000000003,-0.99725,0.0,0.68082,0.0,0.0
2026-10-09T20:40:33Z,2026-10-16,7,70000.0,C,0.149,0.1535,0.1513,82450.22,82344.77,0.5465,0.98887,0.0,3.21205,0.2,0.0
2026-10-09T20:40:33Z,2026-10-16,7,70000.0,P,0.0002,0.0004,0.0003,82450.13,82344.77,0.5465,-0.01113,0.0,3.21215,187.9,37.1
2026-10-09T20:40:33Z,2026-10-16,7,75000.0,C,0.089,0.0935,0.0915,82450.22,82344.77,0.4296,0.95392,2e-05,10.60631,0.2,0.1
2026-10-09T20:40:33Z,2026-10-16,7,75000.0,P,0.001,0.0012,0.0011,82450.13,82344.77,0.4296,-0.04608,2e-05,10.60664,346.9,135.5
2026-10-09T20:40:33Z,2026-10-16,7,76000.0,C,0.0775,0.0815,0.0797,82450.22,82344.77,0.4044,0.93821,3e-05,13.38281,0.0,0.0
2026-10-09T20:40:33Z,2026-10-16,7,76000.0,P,0.0014,0.0016,0.0015,82450.22,82344.77,0.4044,-0.06179,3e-05,13.38281,1234.8,166.1
2026-10-09T20:40:33Z,2026-10-16,7,78000.0,C,0.0545,0.059,0.0568,82450.22,82344.77,0.3583,0.88235,5e-05,21.65724,2.4,2.1
2026-10-09T20:40:33Z,2026-10-16,7,78000.0,P,0.0027,0.003,0.0028,82450.22,82344.77,0.3583,-0.11765,5e-05,21.65724,1987.2,901.7
2026-10-09T20:40:33Z,2026-10-16,7,79000.0,C,0.0435,0.048,0.046,82450.22,82344.77,0.34020000000000006,0.83305,7e-05,27.46047,11.6,1.0
2026-10-09T20:40:33Z,2026-10-16,7,79000.0,P,0.004,0.0043,0.0041,82450.13,82344.77,0.34020000000000006,-0.16696,7e-05,27.46108,647.1,12.1
2026-10-09T20:40:33Z,2026-10-16,7,80000.0,C,0.0345,0.0365,0.0359,82450.1,82344.77,0.32539999999999997,0.76357,9e-05,33.85047,14.2,3.3
2026-10-09T20:40:33Z,2026-10-16,7,80000.0,P,0.006,0.0065,0.0061,82450.13,82344.77,0.32539999999999997,-0.23643,9e-05,33.85028,2256.4,106.6
2026-10-09T20:40:33Z,2026-10-16,7,81000.0,C,0.0255,0.0275,0.0267,82450.22,82344.77,0.3127,0.67257,0.00011,39.63414,86.7,7.4
2026-10-09T20:40:33Z,2026-10-16,7,81000.0,P,0.009,0.0095,0.0091,82450.1,82344.77,0.3127,-0.32745,0.00011,39.6348,510.3,143.1
2026-10-09T20:40:33Z,2026-10-16,7,82000.0,C,0.0185,0.0195,0.0191,82450.13,82344.77,0.307,0.56134,0.00012,43.27975,53.9,34.9
2026-10-09T20:40:33Z,2026-10-16,7,82000.0,P,0.0135,0.014,0.0137,82450.1,82344.77,0.307,-0.43867,0.00012,43.2798,357.3,39.2
2026-10-09T20:40:33Z,2026-10-16,7,83000.0,C,0.0125,0.0135,0.0131,82450.1,82344.77,0.3043,0.44282,0.00012,43.34782,602.4,91.6
2026-10-09T20:40:33Z,2026-10-16,7,83000.0,P,0.0195,0.0205,0.0198,82450.22,82344.77,0.3043,-0.55716,0.00012,43.34811,924.3,127.6
2026-10-09T20:40:33Z,2026-10-16,7,84000.0,C,0.008,0.009,0.0086,82450.1,82344.77,0.3031,0.32954,0.00011,39.73659,209.8,100.4
2026-10-09T20:40:33Z,2026-10-16,7,84000.0,P,0.027,0.0285,0.0274,82450.22,82344.77,0.3031,-0.67045,0.00011,39.73734,269.2,22.6
2026-10-09T20:40:33Z,2026-10-16,7,85000.0,C,0.005,0.0055,0.0053,82450.13,82344.77,0.3032,0.23144,9e-05,33.45283,637.6,452.2
2026-10-09T20:40:33Z,2026-10-16,7,85000.0,P,0.035,0.038,0.0363,82450.13,82344.77,0.3032,-0.76856,9e-05,33.45273,51.7,0.7
2026-10-09T20:40:33Z,2026-10-16,7,86000.0,C,0.0031,0.0033,0.0033,82450.1,82344.77,0.30879999999999996,0.15753,7e-05,26.44082,361.8,188.9
2026-10-09T20:40:33Z,2026-10-16,7,86000.0,P,0.0455,0.048,0.0464,82450.22,82344.77,0.30879999999999996,-0.84247,7e-05,26.44174,124.6,53.1
2026-10-09T20:40:33Z,2026-10-16,7,87000.0,C,0.0019,0.0022,0.0021,82430.61,82344.77,0.3172,0.10449,5e-05,19.88817,745.6,403.0
2026-10-09T20:40:33Z,2026-10-16,7,87000.0,P,0.055,0.06,0.0573,82449.66,82344.77,0.3172,-0.89451,5e-05,20.02969,85.6,7.1
2026-10-09T20:40:33Z,2026-10-16,7,88000.0,C,0.0012,0.0015,0.0013,82430.61,82344.77,0.32789999999999997,0.07002,4e-05,14.74,260.1,51.2
2026-10-09T20:40:33Z,2026-10-16,7,88000.0,P,0.0665,0.0715,0.0687,82430.61,82344.77,0.32789999999999997,-0.92998,4e-05,14.74,17.3,7.0
2026-10-09T20:40:33Z,2026-10-16,7,89000.0,C,0.0007,0.001,0.0009,82430.61,82344.77,0.3381,0.04639,3e-05,10.66161,508.7,72.3
2026-10-09T20:40:33Z,2026-10-16,7,89000.0,P,0.0775,0.0835,0.0803,82430.61,82344.77,0.3381,-0.95361,3e-05,10.66161,7.6,0.0
2026-10-09T20:40:33Z,2026-10-16,7,90000.0,C,0.0005,0.0007,0.0006,82430.61,82344.77,0.353,0.03249,2e-05,7.97725,1092.9,160.2
2026-10-09T20:40:33Z,2026-10-16,7,90000.0,P,0.0895,0.095,0.0922,82430.61,82344.77,0.353,-0.96751,2e-05,7.97725,3.1,0.0
2026-10-09T20:40:33Z,2026-10-16,7,92000.0,C,0.0002,0.0003,0.0002,82430.61,82344.77,0.3721,0.01419,1e-05,3.96296,618.9,15.7
2026-10-09T20:40:33Z,2026-10-16,7,92000.0,P,0.1135,0.1195,0.1161,82449.66,82344.77,0.3721,-0.98564,1e-05,4.00457,0.1,0.0
2026-10-09T20:40:33Z,2026-10-16,7,94000.0,C,0.0,0.0002,0.0001,82449.66,82344.77,0.38939999999999997,0.00616,0.0,1.9119,123.9,7.8
2026-10-09T20:40:33Z,2026-10-16,7,94000.0,P,0.1375,0.1435,0.1402,82449.66,82344.77,0.38939999999999997,-0.99384,0.0,1.9119,0.0,0.0
2026-10-09T20:40:33Z,2026-10-16,7,95000.0,C,0.0,0.0002,0.0001,82449.66,82344.77,0.409,0.00502,0.0,1.59341,313.4,48.8
2026-10-09T20:40:33Z,2026-10-16,7,95000.0,P,0.1495,0.1555,0.1523,82430.61,82344.77,0.409,-0.99504,0.0,1.57572,0.1,0.0
2026-10-09T20:40:33Z,2026-10-16,7,100000.0,C,0.0,0.0001,0.0,82449.66,82344.77,0.47479999999999994,0.00126,0.0,0.45737,361.3,8.1
2026-10-09T20:40:33Z,2026-10-16,7,100000.0,P,0.2105,0.216,0.2129,82430.61,82344.77,0.47479999999999994,-0.99875,0.0,0.45224,1.1,0.0
2026-10-09T20:40:33Z,2026-10-23,14,70000.0,C,0.1505,0.1545,0.153,82523.05,82344.77,0.4644,0.97058,1e-05,10.61517,0.0,0.0
2026-10-09T20:40:33Z,2026-10-23,14,70000.0,P,0.001,0.0011,0.001,82523.05,82344.77,0.4644,-0.02942,1e-05,10.61517,416.2,362.5
2026-10-09T20:40:33Z,2026-10-23,14,73000.0,C,0.1155,0.12,0.1176,82523.05,82344.77,0.4163,0.94215,2e-05,18.35156,0.0,0.0
2026-10-09T20:40:33Z,2026-10-23,14,73000.0,P,0.0019,0.0022,0.002,82523.05,82344.77,0.4163,-0.05785,2e-05,18.35156,27.9,0.4
2026-10-09T20:40:33Z,2026-10-23,14,74000.0,C,0.1035,0.108,0.106,82527.8,82344.77,0.3993,0.92787,2e-05,21.78344,0.0,0.0
2026-10-09T20:40:33Z,2026-10-23,14,74000.0,P,0.0024,0.0027,0.0025,82527.8,82344.77,0.3993,-0.07213,2e-05,21.78344,500.1,0.1
2026-10-09T20:40:33Z,2026-10-23,14,75000.0,C,0.092,0.097,0.0946,82523.05,82344.77,0.3834,0.909,3e-05,25.95699,0.0,0.0
2026-10-09T20:40:33Z,2026-10-23,14,75000.0,P,0.003,0.0034,0.0032,82527.8,82344.77,0.3834,-0.09087,3e-05,25.93141,369.8,327.8
2026-10-09T20:40:33Z,2026-10-23,14,76000.0,C,0.0805,0.0855,0.0833,82523.05,82344.77,0.3679,0.88502,3e-05,30.76822,0.0,0.0
2026-10-09T20:40:33Z,2026-10-23,14,76000.0,P,0.0039,0.0043,0.0041,82527.8,82344.77,0.3679,-0.11482,3e-05,30.73991,40.9,5.9
2026-10-09T20:40:33Z,2026-10-23,14,78000.0,C,0.0595,0.064,0.0619,82523.05,82344.77,0.3417,0.81365,5e-05,42.50972,1.8,0.0
2026-10-09T20:40:33Z,2026-10-23,14,78000.0,P,0.0065,0.0075,0.0069,82523.05,82344.77,0.3417,-0.18635,5e-05,42.50972,1289.1,169.6
2026-10-09T20:40:33Z,2026-10-23,14,79000.0,C,0.0505,0.0535,0.052,82523.05,82344.77,0.332,0.76298,6e-05,48.94966,0.0,0.0
2026-10-09T20:40:33Z,2026-10-23,14,79000.0,P,0.009,0.0095,0.0091,82527.8,82344.77,0.332,-0.23674,6e-05,48.92084,107.0,5.6
2026-10-09T20:40:33Z,2026-10-23,14,80000.0,C,0.0415,0.044,0.0428,82528.29,82344.77,0.3225,0.70306,7e-05,54.87021,1.2,1.0
2026-10-09T20:40:33Z,2026-10-23,14,80000.0,P,0.0115,0.0125,0.012,82528.29,82344.77,0.3225,-0.29694,7e-05,54.87021,779.9,45.9
2026-10-09T20:40:33Z,2026-10-23,14,81000.0,C,0.0335,0.0355,0.0346,82527.75,82344.77,0.317,0.63204,7e-05,59.75453,12.1,1.0
2026-10-09T20:40:33Z,2026-10-23,14,81000.0,P,0.0155,0.0165,0.0159,82527.75,82344.77,0.317,-0.36796,7e-05,59.75453,122.5,19.8
2026-10-09T20:40:33Z,2026-10-23,14,82000.0,C,0.027,0.028,0.0273,82528.29,82344.77,0.3132,0.55441,8e-05,62.66287,167.9,243.3
2026-10-09T20:40:33Z,2026-10-23,14,82000.0,P,0.0205,0.021,0.0208,82527.75,82344.77,0.3132,-0.44563,8e-05,62.66339,265.2,291.4
2026-10-09T20:40:33Z,2026-10-23,14,83000.0,C,0.0205,0.0215,0.0212,82528.29,82344.77,0.311,0.47389,8e-05,63.11654,308.5,308.7
2026-10-09T20:40:33Z,2026-10-23,14,83000.0,P,0.0265,0.0275,0.0268,82527.75,82344.77,0.311,-0.52616,8e-05,63.11567,495.1,280.2
2026-10-09T20:40:33Z,2026-10-23,14,84000.0,C,0.0155,0.0165,0.0161,82528.29,82344.77,0.3094,0.39449,8e-05,61.0269,277.2,127.4
2026-10-09T20:40:33Z,2026-10-23,14,84000.0,P,0.033,0.0345,0.0338,82527.75,82344.77,0.3094,-0.60555,8e-05,61.0247,35.8,1.0
2026-10-09T20:40:33Z,2026-10-23,14,85000.0,C,0.0115,0.0125,0.0121,82527.75,82344.77,0.3099,0.32061,7e-05,56.74374,387.6,215.5
2026-10-09T20:40:33Z,2026-10-23,14,85000.0,P,0.041,0.0435,0.0419,82527.75,82344.77,0.3099,-0.67939,7e-05,56.74374,30.7,0.0
2026-10-09T20:40:33Z,2026-10-23,14,86000.0,C,0.0085,0.0095,0.009,82527.75,82344.77,0.3128,0.25598,6e-05,51.01359,106.3,37.1
2026-10-09T20:40:33Z,2026-10-23,14,86000.0,P,0.0495,0.0525,0.0509,82528.29,82344.77,0.3128,-0.74399,6e-05,51.01756,69.6,0.0
2026-10-09T20:40:33Z,2026-10-23,14,87000.0,C,0.006,0.007,0.0065,82528.29,82344.77,0.314,0.19921,6e-05,44.28213,254.3,220.7
2026-10-09T20:40:33Z,2026-10-23,14,87000.0,P,0.0585,0.0635,0.0606,82527.75,82344.77,0.314,-0.80082,6e-05,44.27779,2.3,0.0
2026-10-09T20:40:33Z,2026-10-23,14,88000.0,C,0.0046,0.0049,0.0048,82527.75,82344.77,0.3185,0.15415,5e-05,37.64237,154.2,40.6
2026-10-09T20:40:33Z,2026-10-23,14,88000.0,P,0.069,0.0735,0.0709,82527.75,82344.77,0.3185,-0.84585,5e-05,37.64237,0.0,0.0
2026-10-09T20:40:33Z,2026-10-23,14,89000.0,C,0.0033,0.0036,0.0035,82528.29,82344.77,0.3232,0.11806,4e-05,31.35425,362.6,86.8
2026-10-09T20:40:33Z,2026-10-23,14,89000.0,P,0.079,0.0845,0.0818,82527.75,82344.77,0.3232,-0.88195,4e-05,31.35047,0.0,0.0
2026-10-09T20:40:33Z,2026-10-23,14,90000.0,C,0.0024,0.0027,0.0026,82527.75,82344.77,0.3283,0.08966,3e-05,25.67425,494.5,469.0
2026-10-09T20:40:33Z,2026-10-23,14,90000.0,P,0.0905,0.096,0.0929,82527.75,82344.77,0.3283,-0.91034,3e-05,25.67425,0.3,0.0
2026-10-09T20:40:33Z,2026-10-23,14,92000.0,C,0.0013,0.0015,0.0014,82528.29,82344.77,0.3403,0.05166,2e-05,16.78308,436.1,18.0
2026-10-09T20:40:33Z,2026-10-23,14,92000.0,P,0.113,0.119,0.116,82527.75,82344.77,0.3403,-0.94835,2e-05,16.78002,0.0,0.0
2026-10-09T20:40:33Z,2026-10-23,14,94000.0,C,0.0007,0.0009,0.0008,82527.75,82344.77,0.3546,0.0303,1e-05,10.87767,131.4,56.7
2026-10-09T20:40:33Z,2026-10-23,14,94000.0,P,0.1365,0.1425,0.1396,82527.75,82344.77,0.3546,-0.9697,1e-05,10.87767,0.2,0.0
2026-10-09T20:40:33Z,2026-10-23,14,95000.0,C,0.0005,0.0007,0.0006,82527.75,82344.77,0.36200000000000004,0.02334,1e-05,8.74818,35.4,13.4
2026-10-09T20:40:33Z,2026-10-23,14,95000.0,P,0.1485,0.1545,0.1515,82528.29,82344.77,0.36200000000000004,-0.97665,1e-05,8.74987,0.1,0.0
2026-10-09T20:40:33Z,2026-10-23,14,96000.0,C,0.0004,0.0005,0.0004,82527.75,82344.77,0.3674,0.01756,1e-05,6.87366,25.5,17.2
2026-10-09T20:40:33Z,2026-10-23,14,96000.0,P,0.1605,0.1665,0.1635,82527.75,82344.77,0.3674,-0.98244,1e-05,6.87366,0.2,0.0
2026-10-09T20:40:33Z,2026-10-23,14,100000.0,C,0.0001,0.0003,0.0002,82527.75,82344.77,0.4029,0.00729,0.0,3.204,361.7,60.4
2026-10-09T20:40:33Z,2026-10-23,14,100000.0,P,0.2085,0.215,0.2117,82527.75,82344.77,0.4029,-0.99271,0.0,3.204,0.0,0.0
2026-10-09T20:40:33Z,2026-10-23,14,105000.0,C,0.0,0.0002,0.0001,82528.29,82344.77,0.45,0.00305,0.0,1.47219,59.7,1.1
2026-10-09T20:40:33Z,2026-10-23,14,105000.0,P,0.27,0.276,0.2722,82527.75,82344.77,0.45,-0.99695,0.0,1.47188,0.0,0.0
2026-10-09T20:40:33Z,2026-10-30,21,40000.0,C,0.515,0.517,0.5159,82621.01,82344.77,0.9414,0.99962,0.0,0.27122,0.3,0.0
2026-10-09T20:40:33Z,2026-10-30,21,40000.0,P,0.0,0.0001,0.0,82621.01,82344.77,0.9414,-0.00038,0.0,0.27122,226.8,0.0
2026-10-09T20:40:33Z,2026-10-30,21,45000.0,C,0.4535,0.457,0.4554,82621.01,82344.77,0.8475,0.99912,0.0,0.5867,0.9,0.0
2026-10-09T20:40:33Z,2026-10-30,21,45000.0,P,0.0,0.0001,0.0001,82621.01,82344.77,0.8475,-0.00088,0.0,0.5867,353.7,0.0
2026-10-09T20:40:33Z,2026-10-30,21,48000.0,C,0.4175,0.421,0.4191,82621.01,82344.77,0.7803,0.99878,0.0,0.78958,8.5,0.0
2026-10-09T20:40:33Z,2026-10-30,21,48000.0,P,0.0,0.0001,0.0001,82621.01,82344.77,0.7803,-0.00122,0.0,0.78958,196.8,0.0
2026-10-09T20:40:33Z,2026-10-30,21,50000.0,C,0.393,0.3965,0.3949,82621.01,82344.77,0.7332,0.99855,0.0,0.92316,1.1,0.0
2026-10-09T20:40:33Z,2026-10-30,21,50000.0,P,0.0,0.0001,0.0001,82621.43,82344.77,0.7332,-0.00145,0.0,0.92309,501.8,0.2
2026-10-09T20:40:33Z,2026-10-30,21,52000.0,C,0.369,0.372,0.3707,82621.43,82344.77,0.6859000000000001,0.99831,0.0,1.06226,0.1,0.0
2026-10-09T20:40:33Z,2026-10-30,21,52000.0,P,0.0,0.0001,0.0001,82621.43,82344.77,0.6859000000000001,-0.00169,0.0,1.06226,164.7,0.1
2026-10-09T20:40:33Z,2026-10-30,21,54000.0,C,0.3445,0.3485,0.3465,82621.43,82344.77,0.6442,0.99791,0.0,1.29198,0.1,0.0
2026-10-09T20:40:33Z,2026-10-30,21,54000.0,P,0.0,0.0002,0.0001,82621.43,82344.77,0.6442,-0.00209,0.0,1.29198,193.0,30.2
2026-10-09T20:40:33Z,2026-10-30,21,55000.0,C,0.3325,0.3365,0.3344,82621.43,82344.77,0.6186,0.99782,0.0,1.3419,0.1,0.0
2026-10-09T20:40:33Z,2026-10-30,21,55000.0,P,0.0,0.0002,0.0001,82621.43,82344.77,0.6186,-0.00218,0.0,1.3419,312.9,0.2
2026-10-09T20:40:33Z,2026-10-30,21,56000.0,C,0.3205,0.324,0.3223,82621.43,82344.77,0.6165999999999999,0.99689,0.0,1.84661,0.5,0.0
2026-10-09T20:40:33Z,2026-10-30,21,56000.0,P,0.0001,0.0002,0.0001,82621.43,82344.77,0.6165999999999999,-0.00311,0.0,1.84661,487.9,15.0
2026-10-09T20:40:33Z,2026-10-30,21,57000.0,C,0.3085,0.312,0.3103,82621.43,82344.77,0.6042000000000001,0.99616,0.0,2.23466,0.1,0.0
2026-10-09T20:40:33Z,2026-10-30,21,57000.0,P,0.0001,0.0003,0.0002,82621.43,82344.77,0.6042000000000001,-0.00384,0.0,2.23466,213.8,1.5
2026-10-09T20:40:33Z,2026-10-30,21,58000.0,C,0.296,0.3,0.2982,82621.43,82344.77,0.5868,0.99554,0.0,2.55295,0.0,0.0
2026-10-09T20:40:33Z,2026-10-30,21,58000.0,P,0.0001,0.0003,0.0002,82621.43,82344.77,0.5868,-0.00446,0.0,2.55295,355.6,0.0
2026-10-09T20:40:33Z,2026-10-30,21,59000.0,C,0.2845,0.288,0.2862,82621.43,82344.77,0.5841,0.99385,0.0,3.40142,1.0,0.0
2026-10-09T20:40:33Z,2026-10-30,21,59000.0,P,0.0002,0.0004,0.0003,82621.43,82344.77,0.5841,-0.00615,0.0,3.40142,311.7,0.0
2026-10-09T20:40:33Z,2026-10-30,21,60000.0,C,0.2725,0.276,0.2741,82621.43,82344.77,0.5686,0.99272,0.0,3.94869,13.7,0.0
2026-10-09T20:40:33Z,2026-10-30,21,60000.0,P,0.0003,0.0004,0.0003,82621.43,82344.77,0.5686,-0.00728,0.0,3.94869,1485.2,4.2
2026-10-09T20:40:33Z,2026-10-30,21,61000.0,C,0.26,0.264,0.2621,82621.43,82344.77,0.5558,0.99112,0.0,4.70039,17.7,0.0
2026-10-09T20:40:33Z,2026-10-30,21,61000.0,P,0.0003,0.0005,0.0004,82621.24,82344.77,0.5558,-0.00888,0.0,4.70031,297.3,4.2
2026-10-09T20:40:33Z,2026-10-30,21,62000.0,C,0.248,0.252,0.2501,82621.24,82344.77,0.5448,0.98899,0.0,5.67168,13.5,0.0
2026-10-09T20:40:33Z,2026-10-30,21,62000.0,P,0.0004,0.0006,0.0005,82621.24,82344.77,0.5448,-0.01101,0.0,5.67168,1367.2,63.0
2026-10-09T20:40:33Z,2026-10-30,21,63000.0,C,0.236,0.24,0.2381,82621.43,82344.77,0.5347999999999999,0.98623,0.0,6.88215,144.3,4.0
2026-10-09T20:40:33Z,2026-10-30,21,63000.0,P,0.0006,0.0007,0.0006,82621.24,82344.77,0.5347999999999999,-0.01377,0.0,6.8824,1274.4,48.2
2026-10-09T20:40:33Z,2026-10-30,21,64000.0,C,0.224,0.2285,0.2262,82621.43,82344.77,0.5238,0.98304,0.0,8.23409,416.9,11.0
2026-10-09T20:40:33Z,2026-10-30,21,64000.0,P,0.0008,0.0009,0.0008,82621.24,82344.77,0.5238,-0.01696,0.0,8.2344,1244.2,3.1
2026-10-09T20:40:33Z,2026-10-30,21,65000.0,C,0.212,0.2165,0.2142,82621.24,82344.77,0.5097999999999999,0.97968,0.0,9.60216,391.9,16.0
2026-10-09T20:40:33Z,2026-10-30,21,65000.0,P,0.0009,0.001,0.0009,82621.24,82344.77,0.5097999999999999,-0.02032,0.0,9.60216,2270.7,337.6
2026-10-09T20:40:33Z,2026-10-30,21,66000.0,C,0.2,0.204,0.2023,82621.24,82344.77,0.4993,0.97492,1e-05,11.46775,79.8,0.0
2026-10-09T20:40:33Z,2026-10-30,21,66000.0,P,0.0011,0.0013,0.0012,82621.24,82344.77,0.4993,-0.02508,1e-05,11.46775,665.6,196.0
2026-10-09T20:40:33Z,2026-10-30,21,67000.0,C,0.1885,0.193,0.1905,82621.24,82344.77,0.4854,0.96999,1e-05,13.3175,108.4,0.0
2026-10-09T20:40:33Z,2026-10-30,21,67000.0,P,0.0013,0.0015,0.0014,82621.24,82344.77,0.4854,-0.03001,1e-05,13.3175,735.7,27.5
2026-10-09T20:40:33Z,2026-10-30,21,68000.0,C,0.1765,0.1805,0.1786,82621.24,82344.77,0.4705,0.96436,1e-05,15.34707,449.7,0.0
2026-10-09T20:40:33Z,2026-10-30,21,68000.0,P,0.0015,0.0018,0.0016,82621.24,82344.77,0.4705,-0.03564,1e-05,15.34707,1486.8,23.4
2026-10-09T20:40:33Z,2026-10-30,21,69000.0,C,0.165,0.169,0.1668,82621.24,82344.77,0.4557,0.95757,1e-05,17.686,585.5,0.0
2026-10-09T20:40:33Z,2026-10-30,21,69000.0,P,0.0018,0.0021,0.0019,82621.24,82344.77,0.4557,-0.04243,1e-05,17.686,2309.0,250.0
2026-10-09T20:40:33Z,2026-10-30,21,70000.0,C,0.153,0.1575,0.1551,82621.21,82344.77,0.4407,0.94955,1e-05,20.32415,3746.9,0.1
2026-10-09T20:40:33Z,2026-10-30,21,70000.0,P,0.0022,0.0024,0.0023,82621.31,82344.77,0.4407,-0.05045,1e-05,20.32379,3212.1,251.6
2026-10-09T20:40:33Z,2026-10-30,21,71000.0,C,0.1415,0.1455,0.1434,82621.21,82344.77,0.4279,0.939,1e-05,23.61206,939.4,0.2
2026-10-09T20:40:33Z,2026-10-30,21,71000.0,P,0.0027,0.0029,0.0028,82621.21,82344.77,0.4279,-0.061,1e-05,23.61206,2515.4,10.2
2026-10-09T20:40:33Z,2026-10-30,21,72000.0,C,0.1295,0.1345,0.1319,82621.21,82344.77,0.41340000000000005,0.92707,2e-05,27.11232,645.1,0.0
2026-10-09T20:40:33Z,2026-10-30,21,72000.0,P,0.0032,0.0035,0.0033,82621.21,82344.77,0.41340000000000005,-0.07293,2e-05,27.11232,2531.4,56.6
2026-10-09T20:40:33Z,2026-10-30,21,73000.0,C,0.118,0.123,0.1204,82621.21,82344.77,0.3986,0.91289,2e-05,31.01258,573.5,0.0
2026-10-09T20:40:33Z,2026-10-30,21,73000.0,P,0.0038,0.0041,0.0039,82621.21,82344.77,0.3986,-0.08711,2e-05,31.01258,2231.4,310.2
2026-10-09T20:40:33Z,2026-10-30,21,74000.0,C,0.107,0.111,0.1091,82621.21,82344.77,0.3851,0.89504,2e-05,35.56882,615.7,0.0
2026-10-09T20:40:33Z,2026-10-30,21,74000.0,P,0.0046,0.005,0.0048,82621.21,82344.77,0.3851,-0.10496,2e-05,35.56882,1317.9,36.8
2026-10-09T20:40:33Z,2026-10-30,21,75000.0,C,0.0955,0.1005,0.098,82621.21,82344.77,0.3712,0.87385,3e-05,40.53705,1174.7,0.0
2026-10-09T20:40:33Z,2026-10-30,21,75000.0,P,0.0055,0.006,0.0057,82621.21,82344.77,0.3712,-0.12615,3e-05,40.53705,1951.7,25.3
2026-10-09T20:40:33Z,2026-10-30,21,76000.0,C,0.0855,0.0895,0.0874,82621.21,82344.77,0.3626,0.84508,3e-05,46.60863,514.5,0.0
2026-10-09T20:40:33Z,2026-10-30,21,76000.0,P,0.007,0.0075,0.0072,82621.31,82344.77,0.3626,-0.15491,3e-05,46.60802,973.3,70.6
2026-10-09T20:40:33Z,2026-10-30,21,77000.0,C,0.075,0.0795,0.0769,82621.21,82344.77,0.3517,0.81265,4e-05,52.64043,205.7,0.0
2026-10-09T20:40:33Z,2026-10-30,21,77000.0,P,0.0085,0.0095,0.0089,82621.21,82344.77,0.3517,-0.18735,4e-05,52.64043,1262.4,281.7
2026-10-09T20:40:33Z,2026-10-30,21,78000.0,C,0.066,0.068,0.0671,82621.21,82344.77,0.3442,0.77241,4e-05,59.06393,484.5,0.0
2026-10-09T20:40:33Z,2026-10-30,21,78000.0,P,0.011,0.0115,0.0112,82621.21,82344.77,0.3442,-0.22759,4e-05,59.06393,2451.9,304.0
2026-10-09T20:40:33Z,2026-10-30,21,79000.0,C,0.057,0.059,0.0578,82621.31,82344.77,0.3361,0.72671,5e-05,65.08853,263.5,0.0
2026-10-09T20:40:33Z,2026-10-30,21,79000.0,P,0.0135,0.0145,0.0139,82621.21,82344.77,0.3361,-0.2733,5e-05,65.08905,1653.7,230.6
2026-10-09T20:40:33Z,2026-10-30,21,80000.0,C,0.0485,0.05,0.0491,82621.21,82344.77,0.33039999999999997,0.67406,6e-05,70.50686,1431.3,13.8
2026-10-09T20:40:33Z,2026-10-30,21,80000.0,P,0.017,0.018,0.0174,82621.21,82344.77,0.33039999999999997,-0.32594,6e-05,70.50686,2790.3,161.5
2026-10-09T20:40:33Z,2026-10-30,21,81000.0,C,0.0405,0.042,0.0412,82621.21,82344.77,0.3251,0.61634,6e-05,74.71713,798.3,0.3
2026-10-09T20:40:33Z,2026-10-30,21,81000.0,P,0.021,0.022,0.0216,82621.21,82344.77,0.3251,-0.38366,6e-05,74.71713,797.7,126.2
2026-10-09T20:40:33Z,2026-10-30,21,82000.0,C,0.034,0.035,0.0343,82621.21,82344.77,0.32270000000000004,0.55447,6e-05,77.33153,1615.5,512.3
2026-10-09T20:40:33Z,2026-10-30,21,82000.0,P,0.0265,0.027,0.0268,82621.21,82344.77,0.32270000000000004,-0.44553,6e-05,77.33153,725.1,218.5
2026-10-09T20:40:33Z,2026-10-30,21,83000.0,C,0.028,0.029,0.0281,82621.21,82344.77,0.32049999999999995,0.4911,6e-05,78.04091,764.0,110.2
2026-10-09T20:40:33Z,2026-10-30,21,83000.0,P,0.032,0.033,0.0327,82621.21,82344.77,0.32049999999999995,-0.5089,6e-05,78.04091,832.5,80.5
2026-10-09T20:40:33Z,2026-10-30,21,84000.0,C,0.0225,0.0235,0.023,82621.21,82344.77,0.3215,0.42884,6e-05,76.81531,1399.6,140.5
2026-10-09T20:40:33Z,2026-10-30,21,84000.0,P,0.039,0.04,0.0397,82621.31,82344.77,0.3215,-0.57115,6e-05,76.81562,868.8,193.8
2026-10-09T20:40:33Z,2026-10-30,21,85000.0,C,0.018,0.019,0.0185,82621.21,82344.77,0.32130000000000003,0.3688,6e-05,73.79995,2246.1,227.9
2026-10-09T20:40:33Z,2026-10-30,21,85000.0,P,0.046,0.048,0.0473,82621.21,82344.77,0.32130000000000003,-0.6312,6e-05,73.79995,890.2,39.0
2026-10-09T20:40:33Z,2026-10-30,21,86000.0,C,0.0145,0.015,0.0146,82621.21,82344.77,0.3196,0.31148,6e-05,69.17394,1504.3,144.7
2026-10-09T20:40:33Z,2026-10-30,21,86000.0,P,0.0545,0.0565,0.0555,82621.21,82344.77,0.3196,-0.68852,6e-05,69.17394,446.5,1.5
2026-10-09T20:40:33Z,2026-10-30,21,87000.0,C,0.011,0.012,0.0115,82621.21,82344.77,0.3211,0.26077,5e-05,63.56461,752.7,45.0
2026-10-09T20:40:33Z,2026-10-30,21,87000.0,P,0.062,0.0675,0.0645,82621.31,82344.77,0.3211,-0.73923,5e-05,63.56534,429.9,98.0
2026-10-09T20:40:33Z,2026-10-30,21,88000.0,C,0.009,0.0095,0.0091,82621.27,82344.77,0.3226,0.21554,5e-05,57.25622,1723.3,472.5
2026-10-09T20:40:33Z,2026-10-30,21,88000.0,P,0.0715,0.0765,0.0742,82621.21,82344.77,0.3226,-0.78447,5e-05,57.2544,924.8,1588.7
2026-10-09T20:40:33Z,2026-10-30,21,89000.0,C,0.007,0.0075,0.0073,82621.21,82344.77,0.3276,0.17887,4e-05,51.14014,856.0,101.3
2026-10-09T20:40:33Z,2026-10-30,21,89000.0,P,0.0815,0.087,0.0845,82621.21,82344.77,0.3276,-0.82113,4e-05,51.14014,22.8,0.0
2026-10-09T20:40:33Z,2026-10-30,21,90000.0,C,0.0055,0.006,0.0057,82621.21,82344.77,0.3317,0.14694,4e-05,44.99633,15159.1,26.3
2026-10-09T20:40:33Z,2026-10-30,21,90000.0,P,0.092,0.0975,0.0951,82621.21,82344.77,0.3317,-0.85306,4e-05,44.99633,45.6,0.3
2026-10-09T20:40:33Z,2026-10-30,21,91000.0,C,0.0043,0.0046,0.0044,82621.21,82344.77,0.3337,0.11845,3e-05,38.78482,1684.7,2.6
2026-10-09T20:40:33Z,2026-10-30,21,91000.0,P,0.103,0.1085,0.1059,82621.21,82344.77,0.3337,-0.88155,3e-05,38.78482,3.5,0.0
2026-10-09T20:40:33Z,2026-10-30,21,92000.0,C,0.0034,0.0037,0.0035,82621.21,82344.77,0.33759999999999996,0.096,3e-05,33.32798,2267.5,11.5
2026-10-09T20:40:33Z,2026-10-30,21,92000.0,P,0.1145,0.1195,0.117,82621.21,82344.77,0.33759999999999996,-0.904,3e-05,33.32798,2.6,0.0
2026-10-09T20:40:33Z,2026-10-30,21,93000.0,C,0.0026,0.0029,0.0027,82621.21,82344.77,0.3417,0.07755,2e-05,28.41172,770.9,2.0
2026-10-09T20:40:33Z,2026-10-30,21,93000.0,P,0.1255,0.131,0.1284,82621.21,82344.77,0.3417,-0.92245,2e-05,28.41172,2.2,0.0
2026-10-09T20:40:33Z,2026-10-30,21,94000.0,C,0.0021,0.0023,0.0021,82621.21,82344.77,0.3456,0.06232,2e-05,24.00896,1555.0,2.1
2026-10-09T20:40:33Z,2026-10-30,21,94000.0,P,0.137,0.1425,0.1399,82621.21,82344.77,0.3456,-0.93768,2e-05,24.00896,0.1,0.0
2026-10-09T20:40:33Z,2026-10-30,21,95000.0,C,0.0016,0.0018,0.0017,82621.21,82344.77,0.35009999999999997,0.05024,2e-05,20.25874,25033.2,115.4
2026-10-09T20:40:33Z,2026-10-30,21,95000.0,P,0.1485,0.154,0.1515,82621.21,82344.77,0.35009999999999997,-0.94976,2e-05,20.25874,201.3,0.0
2026-10-09T20:40:33Z,2026-10-30,21,96000.0,C,0.0013,0.0014,0.0013,82621.21,82344.77,0.3527,0.03963,1e-05,16.73484,1850.8,6.0
2026-10-09T20:40:33Z,2026-10-30,21,96000.0,P,0.16,0.166,0.1632,82621.21,82344.77,0.3527,-0.96037,1e-05,16.73484,0.4,0.0
2026-10-09T20:40:33Z,2026-10-30,21,98000.0,C,0.0008,0.0009,0.0008,82621.21,82344.77,0.3616,0.02555,1e-05,11.64465,1971.3,119.3
2026-10-09T20:40:33Z,2026-10-30,21,98000.0,P,0.184,0.19,0.1869,82622.29,82344.77,0.3616,-0.97444,1e-05,11.65062,27.0,0.0
2026-10-09T20:40:33Z,2026-10-30,21,100000.0,C,0.0005,0.0006,0.0005,82622.29,82344.77,0.374,0.0174,1e-05,8.41464,14561.9,51.4
2026-10-09T20:40:33Z,2026-10-30,21,100000.0,P,0.208,0.214,0.2109,82622.29,82344.77,0.374,-0.9826,1e-05,8.41464,1.3,0.0
2026-10-09T20:40:33Z,2026-10-30,21,102000.0,C,0.0003,0.0004,0.0003,82622.29,82344.77,0.3832,0.01142,0.0,5.85231,598.4,8.3
2026-10-09T20:40:33Z,2026-10-30,21,102000.0,P,0.232,0.238,0.2349,82621.27,82344.77,0.3832,-0.98859,0.0,5.85043,0.0,0.0
2026-10-09T20:40:33Z,2026-10-30,21,104000.0,C,0.0002,0.0003,0.0002,82622.29,82344.77,0.3967,0.00814,0.0,4.35419,489.7,55.5
2026-10-09T20:40:33Z,2026-10-30,21,104000.0,P,0.256,0.262,0.259,82622.29,82344.77,0.3967,-0.99186,0.0,4.35419,0.0,0.0
2026-10-09T20:40:33Z,2026-10-30,21,105000.0,C,0.0001,0.0003,0.0002,82622.29,82344.77,0.3968,0.00614,0.0,3.39737,2338.2,2.6
2026-10-09T20:40:33Z,2026-10-30,21,105000.0,P,0.268,0.274,0.271,82622.29,82344.77,0.3968,-0.99386,0.0,3.39737,0.3,0.0
2026-10-09T20:40:33Z,2026-10-30,21,106000.0,C,0.0001,0.0003,0.0002,82621.27,82344.77,0.4104,0.00595,0.0,3.30182,592.2,2.6
2026-10-09T20:40:33Z,2026-10-30,21,106000.0,P,0.28,0.2865,0.2831,82621.27,82344.77,0.4104,-0.99405,0.0,3.30182,0.0,0.0
2026-10-09T20:40:33Z,2026-10-30,21,110000.0,C,0.0,0.0002,0.0001,82622.29,82344.77,0.4337,0.00312,0.0,1.85516,1352.6,7.1
2026-10-09T20:40:33Z,2026-10-30,21,110000.0,P,0.328,0.3345,0.3315,82622.29,82344.77,0.4337,-0.99688,0.0,1.85516,0.2,0.0
2026-10-09T20:40:33Z,2026-10-30,21,115000.0,C,0.0,0.0001,0.0001,82622.29,82344.77,0.4877,0.00252,0.0,1.52715,378.3,2.1
2026-10-09T20:40:33Z,2026-10-30,21,115000.0,P,0.389,0.395,0.392,82622.29,82344.77,0.4877,-0.99748,0.0,1.52715,34.6,0.0
2026-10-09T20:40:33Z,2026-11-27,49,58000.0,C,0.301,0.3055,0.3033,82964.02,82344.77,0.5483,0.97071,0.0,20.16377,1.9,0.0
2026-10-09T20:40:33Z,2026-11-27,49,58000.0,P,0.0023,0.0026,0.0024,82964.02,82344.77,0.5483,-0.02929,0.0,20.16377,303.5,8.5
2026-10-09T20:40:33Z,2026-11-27,49,60000.0,C,0.2775,0.282,0.2797,82962.96,82344.77,0.5227,0.96379,1e-05,24.01935,0.8,0.0
2026-10-09T20:40:33Z,2026-11-27,49,60000.0,P,0.0028,0.0031,0.0029,82964.02,82344.77,0.5227,-0.0362,1e-05,24.01676,263.3,1.0
2026-10-09T20:40:33Z,2026-11-27,49,62000.0,C,0.254,0.2585,0.2563,82962.96,82344.77,0.4993,0.95466,1e-05,28.82922,0.1,0.0
2026-10-09T20:40:33Z,2026-11-27,49,62000.0,P,0.0035,0.0038,0.0036,82964.02,82344.77,0.4993,-0.04533,1e-05,28.82626,378.7,2.3
2026-10-09T20:40:33Z,2026-11-27,49,64000.0,C,0.2305,0.235,0.233,82963.48,82344.77,0.4736,0.9441,1e-05,34.06786,0.2,0.0
2026-10-09T20:40:33Z,2026-11-27,49,64000.0,P,0.0043,0.0045,0.0044,82964.02,82344.77,0.4736,-0.0559,1e-05,34.06603,58.1,0.8
2026-10-09T20:40:33Z,2026-11-27,49,66000.0,C,0.2075,0.212,0.2099,82964.02,82344.77,0.4514,0.92961,1e-05,40.76947,0.1,0.0
2026-10-09T20:40:33Z,2026-11-27,49,66000.0,P,0.005,0.006,0.0055,82964.02,82344.77,0.4514,-0.07039,1e-05,40.76947,201.6,2.2
2026-10-09T20:40:33Z,2026-11-27,49,67000.0,C,0.196,0.201,0.1986,82963.48,82344.77,0.4425,0.92012,1e-05,44.89424,0.6,0.0
2026-10-09T20:40:33Z,2026-11-27,49,67000.0,P,0.006,0.0065,0.0062,82964.02,82344.77,0.4425,-0.07987,1e-05,44.89198,281.6,0.0
2026-10-09T20:40:33Z,2026-11-27,49,68000.0,C,0.1845,0.1895,0.1873,82963.48,82344.77,0.43170000000000003,0.91034,1e-05,48.95921,0.0,0.0
2026-10-09T20:40:33Z,2026-11-27,49,68000.0,P,0.0065,0.0075,0.007,82964.02,82344.77,0.43170000000000003,-0.08966,1e-05,48.95681,248.2,3.0
2026-10-09T20:40:33Z,2026-11-27,49,69000.0,C,0.1735,0.1785,0.1763,82964.02,82344.77,0.4235,0.89819,1e-05,53.75901,0.0,0.0
2026-10-09T20:40:33Z,2026-11-27,49,69000.0,P,0.0075,0.0085,0.008,82964.02,82344.77,0.4235,-0.10181,1e-05,53.75901,130.5,7.2
2026-10-09T20:40:33Z,2026-11-27,49,70000.0,C,0.1625,0.1675,0.1652,82963.48,82344.77,0.41359999999999997,0.88546,2e-05,58.51634,3.3,0.0
2026-10-09T20:40:33Z,2026-11-27,49,70000.0,P,0.0085,0.0095,0.009,82964.02,82344.77,0.41359999999999997,-0.11453,2e-05,58.51368,247.4,27.9
2026-10-09T20:40:33Z,2026-11-27,49,71000.0,C,0.152,0.157,0.1544,82964.02,82344.77,0.4054,0.87031,2e-05,63.85181,0.2,0.0
2026-10-09T20:40:33Z,2026-11-27,49,71000.0,P,0.01,0.0105,0.0102,82964.02,82344.77,0.4054,-0.12969,2e-05,63.85181,38.2,12.1
2026-10-09T20:40:33Z,2026-11-27,49,72000.0,C,0.1415,0.146,0.1439,82963.48,82344.77,0.3983,0.85291,2e-05,69.57483,38.0,0.0
2026-10-09T20:40:33Z,2026-11-27,49,72000.0,P,0.0115,0.012,0.0118,82963.48,82344.77,0.3983,-0.14709,2e-05,69.57483,127.5,27.0
2026-10-09T20:40:33Z,2026-11-27,49,73000.0,C,0.131,0.136,0.1336,82964.02,82344.77,0.39130000000000004,0.83362,2e-05,75.4549,0.6,0.0
2026-10-09T20:40:33Z,2026-11-27,49,73000.0,P,0.013,0.014,0.0135,82963.48,82344.77,0.39130000000000004,-0.16639,2e-05,75.45774,102.0,4.8
2026-10-09T20:40:33Z,2026-11-27,49,74000.0,C,0.1205,0.1255,0.1236,82963.48,82344.77,0.3857,0.81155,2e-05,81.6284,0.4,0.0
2026-10-09T20:40:33Z,2026-11-27,49,74000.0,P,0.015,0.016,0.0156,82963.48,82344.77,0.3857,-0.18845,2e-05,81.6284,117.7,11.8
2026-10-09T20:40:33Z,2026-11-27,49,75000.0,C,0.113,0.115,0.114,82964.02,82344.77,0.38079999999999997,0.78717,3e-05,87.81787,288.8,0.0
2026-10-09T20:40:33Z,2026-11-27,49,75000.0,P,0.0175,0.0185,0.018,82964.02,82344.77,0.38079999999999997,-0.21283,3e-05,87.81787,2240.0,3.5
2026-10-09T20:40:33Z,2026-11-27,49,76000.0,C,0.104,0.106,0.1047,82964.02,82344.77,0.37689999999999996,0.76023,3e-05,93.93796,27.5,8.0
2026-10-09T20:40:33Z,2026-11-27,49,76000.0,P,0.0205,0.021,0.0208,82964.02,82344.77,0.37689999999999996,-0.23977,3e-05,93.93796,176.5,1.8
2026-10-09T20:40:33Z,2026-11-27,49,77000.0,C,0.095,0.097,0.0958,82964.02,82344.77,0.37310000000000004,0.73129,3e-05,99.72614,79.5,3.0
2026-10-09T20:40:33Z,2026-11-27,49,77000.0,P,0.0235,0.0245,0.024,82963.48,82344.77,0.37310000000000004,-0.26873,3e-05,99.72843,300.3,14.1
2026-10-09T20:40:33Z,2026-11-27,49,78000.0,C,0.0865,0.0885,0.0873,82964.02,82344.77,0.3693,0.70048,3e-05,105.04236,243.3,0.0
2026-10-09T20:40:33Z,2026-11-27,49,78000.0,P,0.027,0.028,0.0275,82964.02,82344.77,0.3693,-0.29952,3e-05,105.04236,418.8,0.2
2026-10-09T20:40:33Z,2026-11-27,49,79000.0,C,0.0785,0.08,0.0793,82963.48,82344.77,0.3664,0.66764,3e-05,109.80003,134.0,0.1
2026-10-09T20:40:33Z,2026-11-27,49,79000.0,P,0.031,0.032,0.0315,82964.02,82344.77,0.3664,-0.33234,3e-05,109.79842,194.5,9.9
2026-10-09T20:40:33Z,2026-11-27,49,80000.0,C,0.071,0.0725,0.0717,82964.02,82344.77,0.364,0.6333,3e-05,113.81669,1146.9,5.5
2026-10-09T20:40:33Z,2026-11-27,49,80000.0,P,0.0355,0.0365,0.036,82963.48,82344.77,0.364,-0.36672,3e-05,113.81785,554.1,61.8
2026-10-09T20:40:33Z,2026-11-27,49,81000.0,C,0.0645,0.0655,0.0648,82963.48,82344.77,0.3629,0.59764,4e-05,116.9826,310.0,1.0
2026-10-09T20:40:33Z,2026-11-27,49,81000.0,P,0.0405,0.0415,0.0411,82963.48,82344.77,0.3629,-0.40236,4e-05,116.9826,567.2,55.5
2026-10-09T20:40:33Z,2026-11-27,49,82000.0,C,0.0575,0.0585,0.0581,82964.02,82344.77,0.36060000000000003,0.56145,4e-05,119.18009,119.2,18.8
2026-10-09T20:40:33Z,2026-11-27,49,82000.0,P,0.046,0.047,0.0465,82964.02,82344.77,0.36060000000000003,-0.43855,4e-05,119.18009,166.7,73.9
2026-10-09T20:40:33Z,2026-11-27,49,83000.0,C,0.0515,0.0525,0.052,82963.48,82344.77,0.35960000000000003,0.52478,4e-05,120.38014,110.7,3.5
2026-10-09T20:40:33Z,2026-11-27,49,83000.0,P,0.052,0.053,0.0525,82963.48,82344.77,0.35960000000000003,-0.47522,4e-05,120.38014,183.1,15.8
2026-10-09T20:40:33Z,2026-11-27,49,84000.0,C,0.046,0.047,0.0465,82963.48,82344.77,0.3594,0.48831,4e-05,120.56118,106.1,9.1
2026-10-09T20:40:33Z,2026-11-27,49,84000.0,P,0.0585,0.0595,0.059,82964.02,82344.77,0.3594,-0.51167,4e-05,120.56214,86.9,9.8
2026-10-09T20:40:33Z,2026-11-27,49,85000.0,C,0.041,0.042,0.0415,82964.02,82344.77,0.3594,0.45238,4e-05,119.75345,685.4,4.9
2026-10-09T20:40:33Z,2026-11-27,49,85000.0,P,0.0655,0.0665,0.066,82964.02,82344.77,0.3594,-0.54762,4e-05,119.75345,314.3,0.0
2026-10-09T20:40:33Z,2026-11-27,49,86000.0,C,0.0365,0.037,0.0367,82964.02,82344.77,0.3582,0.41682,4e-05,117.98237,222.4,56.1
2026-10-09T20:40:33Z,2026-11-27,49,86000.0,P,0.0725,0.074,0.0733,82964.02,82344.77,0.3582,-0.58318,4e-05,117.98237,317.4,2.6
2026-10-09T20:40:33Z,2026-11-27,49,87000.0,C,0.032,0.033,0.0325,82964.02,82344.77,0.35869999999999996,0.38285,4e-05,115.3751,434.4,210.4
2026-10-09T20:40:33Z,2026-11-27,49,87000.0,P,0.08,0.082,0.0812,82963.48,82344.77,0.35869999999999996,-0.61717,4e-05,115.37263,32.8,0.0
2026-10-09T20:40:33Z,2026-11-27,49,88000.0,C,0.0285,0.029,0.0287,82964.02,82344.77,0.35850000000000004,0.34984,3e-05,111.96606,1350.0,7.6
2026-10-09T20:40:33Z,2026-11-27,49,88000.0,P,0.088,0.09,0.0894,82963.48,82344.77,0.35850000000000004,-0.65017,3e-05,111.96318,35.8,0.0
2026-10-09T20:40:33Z,2026-11-27,49,89000.0,C,0.025,0.0255,0.0253,82964.02,82344.77,0.35950000000000004,0.31898,3e-05,107.97267,538.1,2.5
2026-10-09T20:40:33Z,2026-11-27,49,89000.0,P,0.097,0.099,0.0981,82964.02,82344.77,0.35950000000000004,-0.68102,3e-05,107.97267,48.6,0.1
2026-10-09T20:40:33Z,2026-11-27,49,90000.0,C,0.022,0.0225,0.0223,82964.02,82344.77,0.3602,0.28959,3e-05,103.42095,3230.1,2.8
2026-10-09T20:40:33Z,2026-11-27,49,90000.0,P,0.1045,0.11,0.1071,82964.02,82344.77,0.3602,-0.71041,3e-05,103.42095,9.6,0.1
2026-10-09T20:40:33Z,2026-11-27,49,91000.0,C,0.019,0.02,0.0195,82964.02,82344.77,0.3607,0.26188,3e-05,98.43122,227.9,1.4
2026-10-09T20:40:33Z,2026-11-27,49,91000.0,P,0.1135,0.12,0.1164,82964.02,82344.77,0.3607,-0.73812,3e-05,98.43122,0.2,0.0
2026-10-09T20:40:33Z,2026-11-27,49,92000.0,C,0.017,0.0175,0.0173,82963.48,82344.77,0.3628,0.23706,3e-05,93.35458,464.6,1.4
2026-10-09T20:40:33Z,2026-11-27,49,92000.0,P,0.123,0.13,0.1262,82962.52,82344.77,0.3628,-0.76297,3e-05,93.34766,2.1,0.0
2026-10-09T20:40:33Z,2026-11-27,49,93000.0,C,0.0145,0.0155,0.0151,82963.48,82344.77,0.3635,0.21307,3e-05,87.8752,230.1,37.1
2026-10-09T20:40:33Z,2026-11-27,49,93000.0,P,0.1335,0.14,0.136,82962.52,82344.77,0.3635,-0.78696,3e-05,87.86808,50.0,50.0
2026-10-09T20:40:33Z,2026-11-27,49,94000.0,C,0.013,0.0135,0.0133,82963.48,82344.77,0.3663,0.19245,2e-05,82.68922,599.1,36.2
2026-10-09T20:40:33Z,2026-11-27,49,94000.0,P,0.1425,0.15,0.1464,82963.48,82344.77,0.3663,-0.80755,2e-05,82.68922,4.0,0.0
2026-10-09T20:40:33Z,2026-11-27,49,95000.0,C,0.0115,0.012,0.0118,82963.48,82344.77,0.3686,0.17324,2e-05,77.43367,1102.6,2.4
2026-10-09T20:40:33Z,2026-11-27,49,95000.0,P,0.154,0.1605,0.1568,82962.52,82344.77,0.3686,-0.82679,2e-05,77.4265,0.1,0.0
2026-10-09T20:40:33Z,2026-11-27,49,96000.0,C,0.01,0.0105,0.0103,82962.52,82344.77,0.3699,0.15498,2e-05,72.03495,363.7,0.8
2026-10-09T20:40:33Z,2026-11-27,49,96000.0,P,0.1645,0.1715,0.1674,82962.52,82344.77,0.3699,-0.84502,2e-05,72.03495,0.0,0.0
2026-10-09T20:40:33Z,2026-11-27,49,97000.0,C,0.0085,0.0095,0.009,82963.48,82344.77,0.37170000000000003,0.13869,2e-05,66.86169,323.2,201.6
2026-10-09T20:40:33Z,2026-11-27,49,97000.0,P,0.175,0.1815,0.1782,82962.52,82344.77,0.37170000000000003,-0.86133,2e-05,66.85471,0.0,0.0
2026-10-09T20:40:33Z,2026-11-27,49,98000.0,C,0.008,0.0085,0.0083,82963.48,82344.77,0.3784,0.12736,2e-05,63.05314,849.9,25.1
2026-10-09T20:40:33Z,2026-11-27,49,98000.0,P,0.186,0.1935,0.1895,82962.52,82344.77,0.3784,-0.87266,2e-05,63.04639,0.0,0.0
2026-10-09T20:40:33Z,2026-11-27,49,99000.0,C,0.0065,0.0075,0.0071,82963.48,82344.77,0.3784,0.11265,2e-05,57.82475,46.4,0.0
2026-10-09T20:40:33Z,2026-11-27,49,99000.0,P,0.197,0.2045,0.2004,82963.48,82344.77,0.3784,-0.88735,2e-05,57.82475,0.0,0.0
2026-10-09T20:40:33Z,2026-11-27,49,100000.0,C,0.006,0.0065,0.0063,82963.48,82344.77,0.38049999999999995,0.10069,2e-05,53.32559,579.7,5.1
2026-10-09T20:40:33Z,2026-11-27,49,100000.0,P,0.208,0.2155,0.2116,82962.52,82344.77,0.38049999999999995,-0.89932,2e-05,53.31929,26.1,0.0
2026-10-09T20:40:33Z,2026-11-27,49,102000.0,C,0.005,0.0055,0.0052,82962.52,82344.77,0.39130000000000004,0.08416,1e-05,46.69536,541.3,11.3
2026-10-09T20:40:33Z,2026-11-27,49,102000.0,P,0.2315,0.238,0.2346,82962.52,82344.77,0.39130000000000004,-0.91584,1e-05,46.69536,5.0,0.0
2026-10-09T20:40:33Z,2026-11-27,49,104000.0,C,0.0037,0.0041,0.0039,82962.52,82344.77,0.39270000000000005,0.06582,1e-05,38.7082,69.8,0.7
2026-10-09T20:40:33Z,2026-11-27,49,104000.0,P,0.254,0.262,0.2575,82962.52,82344.77,0.39270000000000005,-0.93418,1e-05,38.7082,0.0,0.0
2026-10-09T20:40:33Z,2026-11-27,49,105000.0,C,0.0033,0.0037,0.0035,82962.52,82344.77,0.39630000000000004,0.05951,1e-05,35.78501,32.0,1.3
2026-10-09T20:40:33Z,2026-11-27,49,105000.0,P,0.2655,0.273,0.2691,82962.52,82344.77,0.39630000000000004,-0.94049,1e-05,35.78501,3.9,0.0
2026-10-09T20:40:33Z,2026-11-27,49,106000.0,C,0.0029,0.0033,0.0031,82963.17,82344.77,0.39899999999999997,0.05342,1e-05,32.86674,30.5,0.6
2026-10-09T20:40:33Z,2026-11-27,49,106000.0,P,0.277,0.2845,0.2808,82963.17,82344.77,0.39899999999999997,-0.94658,1e-05,32.86674,0.0,0.0
2026-10-09T20:40:33Z,2026-11-27,49,108000.0,C,0.0023,0.0028,0.0025,82962.52,82344.77,0.4069,0.04414,1e-05,28.21545,104.8,0.0
2026-10-09T20:40:33Z,2026-11-27,49,108000.0,P,0.3005,0.308,0.3043,82963.17,82344.77,0.4069,-0.95585,1e-05,28.21821,0.0,0.0
2026-10-09T20:40:33Z,2026-11-27,49,110000.0,C,0.0019,0.0023,0.0021,82962.52,82344.77,0.4147,0.03665,1e-05,24.26124,357.6,0.0
2026-10-09T20:40:33Z,2026-11-27,49,110000.0,P,0.3245,0.3325,0.328,82962.52,82344.77,0.4147,-0.96335,1e-05,24.26124,0.0,0.0
2026-10-09T20:40:33Z,2026-11-27,49,112000.0,C,0.0015,0.0019,0.0017,82962.52,82344.77,0.42090000000000005,0.03007,1e-05,20.60818,10.1,0.4
2026-10-09T20:40:33Z,2026-11-27,49,112000.0,P,0.3475,0.356,0.3517,82962.52,82344.77,0.42090000000000005,-0.96993,1e-05,20.60818,0.0,0.0
2026-10-09T20:40:33Z,2026-11-27,49,115000.0,C,0.0011,0.0015,0.0013,82962.52,82344.77,0.4311,0.02274,0.0,16.31442,67.7,3.0
2026-10-09T20:40:33Z,2026-11-27,49,115000.0,P,0.3835,0.392,0.3874,82962.52,82344.77,0.4311,-0.97726,0.0,16.31442,0.2,0.0
2026-10-09T20:40:33Z,2026-11-27,49,120000.0,C,0.0007,0.001,0.0008,82962.52,82344.77,0.4508,0.01521,0.0,11.58402,122.9,2.4
2026-10-09T20:40:33Z,2026-11-27,49,120000.0,P,0.443,0.451,0.4473,82962.52,82344.77,0.4508,-0.98479,0.0,11.58402,8.8,0.0
2026-10-09T20:40:33Z,2026-12-25,77,20000.0,C,0.759,0.761,0.76,83279.79,82344.77,1.1098999999999999,0.9989,0.0,1.40084,5.1,0.0
2026-10-09T20:40:33Z,2026-12-25,77,20000.0,P,0.0001,0.0003,0.0002,83279.24,82344.77,1.1098999999999999,-0.0011,0.0,1.40089,945.3,0.1
2026-10-09T20:40:33Z,2026-12-25,77,30000.0,C,0.6395,0.641,0.6403,83279.79,82344.77,0.8922,0.99658,0.0,3.92703,300.8,0.0
2026-10-09T20:40:33Z,2026-12-25,77,30000.0,P,0.0004,0.0006,0.0005,83279.24,82344.77,0.8922,-0.00342,0.0,3.92717,2297.1,66.2
2026-10-09T20:40:33Z,2026-12-25,77,35000.0,C,0.5795,0.5815,0.5805,83279.79,82344.77,0.8122,0.99409,0.0,6.39295,87.9,0.0
2026-10-09T20:40:33Z,2026-12-25,77,35000.0,P,0.0007,0.0008,0.0008,83279.79,82344.77,0.8122,-0.00591,0.0,6.39295,2149.6,9.6
2026-10-09T20:40:33Z,2026-12-25,77,40000.0,C,0.52,0.522,0.5209,83279.79,82344.77,0.7397,0.99024,0.0,9.94988,253.2,0.0
2026-10-09T20:40:33Z,2026-12-25,77,40000.0,P,0.0012,0.0013,0.0012,83279.79,82344.77,0.7397,-0.00976,0.0,9.94988,4997.8,5.6
2026-10-09T20:40:33Z,2026-12-25,77,45000.0,C,0.459,0.463,0.4614,83279.79,82344.77,0.6613,0.98555,0.0,13.9797,94.5,0.0
2026-10-09T20:40:33Z,2026-12-25,77,45000.0,P,0.0016,0.0018,0.0017,83279.79,82344.77,0.6613,-0.01445,0.0,13.9797,2731.9,88.2
2026-10-09T20:40:33Z,2026-12-25,77,50000.0,C,0.4,0.404,0.4021,83279.79,82344.77,0.5954,0.97769,0.0,20.24311,259.8,0.1
2026-10-09T20:40:33Z,2026-12-25,77,50000.0,P,0.0023,0.0026,0.0025,83279.79,82344.77,0.5954,-0.02231,0.0,20.24311,2222.0,6.5
2026-10-09T20:40:33Z,2026-12-25,77,52000.0,C,0.376,0.3805,0.3785,83279.79,82344.77,0.5716,0.97326,0.0,23.56975,0.1,0.0
2026-10-09T20:40:33Z,2026-12-25,77,52000.0,P,0.0028,0.003,0.0029,83279.79,82344.77,0.5716,-0.02674,0.0,23.56975,439.2,1.3
2026-10-09T20:40:33Z,2026-12-25,77,54000.0,C,0.3525,0.357,0.3551,83279.24,82344.77,0.5501,0.96758,0.0,27.653,32.2,0.0
2026-10-09T20:40:33Z,2026-12-25,77,54000.0,P,0.0033,0.0036,0.0035,83279.24,82344.77,0.5501,-0.03242,0.0,27.653,1915.8,4.2
2026-10-09T20:40:33Z,2026-12-25,77,55000.0,C,0.3405,0.3455,0.3434,83279.79,82344.77,0.5384,0.96459,0.0,29.7354,127.4,0.0
2026-10-09T20:40:33Z,2026-12-25,77,55000.0,P,0.0036,0.0039,0.0038,83279.79,82344.77,0.5384,-0.03541,0.0,29.7354,3189.9,1.1
2026-10-09T20:40:33Z,2026-12-25,77,56000.0,C,0.329,0.334,0.3317,83279.55,82344.77,0.5274,0.96119,0.0,32.05402,42.2,0.0
2026-10-09T20:40:33Z,2026-12-25,77,56000.0,P,0.004,0.0042,0.0041,83279.55,82344.77,0.5274,-0.03881,0.0,32.05402,622.2,1.0
2026-10-09T20:40:33Z,2026-12-25,77,58000.0,C,0.306,0.3105,0.3084,83279.55,82344.77,0.505,0.95358,1e-05,37.0459,40.3,0.0
2026-10-09T20:40:33Z,2026-12-25,77,58000.0,P,0.0047,0.005,0.0048,83279.55,82344.77,0.505,-0.04642,1e-05,37.0459,1823.1,0.1
2026-10-09T20:40:33Z,2026-12-25,77,60000.0,C,0.283,0.2875,0.2853,83279.55,82344.77,0.484,0.94417,1e-05,42.90823,784.1,0.0
2026-10-09T20:40:33Z,2026-12-25,77,60000.0,P,0.0055,0.006,0.0057,83279.55,82344.77,0.484,-0.05583,1e-05,42.90823,6673.4,204.1
2026-10-09T20:40:33Z,2026-12-25,77,62000.0,C,0.26,0.2645,0.2623,83279.55,82344.77,0.4621,0.93328,1e-05,49.3184,247.1,0.0
2026-10-09T20:40:33Z,2026-12-25,77,62000.0,P,0.0065,0.007,0.0067,83279.55,82344.77,0.4621,-0.06672,1e-05,49.3184,1557.6,0.3
2026-10-09T20:40:33Z,2026-12-25,77,64000.0,C,0.2375,0.242,0.2397,83279.55,82344.77,0.44520000000000004,0.91835,1e-05,57.54851,404.8,0.0
2026-10-09T20:40:33Z,2026-12-25,77,64000.0,P,0.008,0.0085,0.0082,83279.55,82344.77,0.44520000000000004,-0.08165,1e-05,57.54851,376.4,0.3
2026-10-09T20:40:33Z,2026-12-25,77,65000.0,C,0.226,0.231,0.2287,83279.55,82344.77,0.4385,0.90906,1e-05,62.38191,916.8,0.0
2026-10-09T20:40:33Z,2026-12-25,77,65000.0,P,0.009,0.0095,0.0092,83279.75,82344.77,0.4385,-0.09094,1e-05,62.38107,834.8,1.1
2026-10-09T20:40:33Z,2026-12-25,77,66000.0,C,0.2145,0.2205,0.2177,83279.55,82344.77,0.4307,0.8994,1e-05,67.193,267.2,0.0
2026-10-09T20:40:33Z,2026-12-25,77,66000.0,P,0.01,0.0105,0.0102,83279.55,82344.77,0.4307,-0.1006,1e-05,67.193,401.4,2.0
2026-10-09T20:40:33Z,2026-12-25,77,68000.0,C,0.1935,0.199,0.1962,83279.55,82344.77,0.4169,0.87648,1e-05,77.81949,1023.2,0.0
2026-10-09T20:40:33Z,2026-12-25,77,68000.0,P,0.0125,0.013,0.0127,83279.55,82344.77,0.4169,-0.12352,1e-05,77.81949,738.6,0.3
2026-10-09T20:40:33Z,2026-12-25,77,70000.0,C,0.173,0.178,0.1753,83279.55,82344.77,0.40399999999999997,0.84892,2e-05,89.30254,1884.7,0.0
2026-10-09T20:40:33Z,2026-12-25,77,70000.0,P,0.0155,0.016,0.0158,83279.55,82344.77,0.40399999999999997,-0.15108,2e-05,89.30254,2725.5,12.8
2026-10-09T20:40:33Z,2026-12-25,77,72000.0,C,0.1525,0.158,0.1554,83279.55,82344.77,0.3947,0.81484,2e-05,101.80486,1201.7,0.1
2026-10-09T20:40:33Z,2026-12-25,77,72000.0,P,0.0195,0.0205,0.0199,83279.6,82344.77,0.3947,-0.18516,2e-05,101.80476,882.8,86.9
2026-10-09T20:40:33Z,2026-12-25,77,74000.0,C,0.134,0.1395,0.1365,83279.6,82344.77,0.38630000000000003,0.77536,2e-05,114.22061,137.7,0.0
2026-10-09T20:40:33Z,2026-12-25,77,74000.0,P,0.0245,0.0255,0.0251,83279.6,82344.77,0.38630000000000003,-0.22464,2e-05,114.22061,295.5,102.3
2026-10-09T20:40:33Z,2026-12-25,77,75000.0,C,0.125,0.1305,0.1276,83279.6,82344.77,0.3833,0.75321,2e-05,120.3024,1925.5,0.0
2026-10-09T20:40:33Z,2026-12-25,77,75000.0,P,0.028,0.0285,0.0282,83281.28,82344.77,0.3833,-0.24676,2e-05,120.29536,2472.3,24.9
2026-10-09T20:40:33Z,2026-12-25,77,76000.0,C,0.118,0.12,0.1189,83281.28,82344.77,0.38,0.73005,2e-05,126.03011,476.7,16.0
2026-10-09T20:40:33Z,2026-12-25,77,76000.0,P,0.031,0.032,0.0315,83281.28,82344.77,0.38,-0.26995,2e-05,126.03011,439.2,200.8
2026-10-09T20:40:33Z,2026-12-25,77,78000.0,C,0.102,0.1035,0.1027,83281.28,82344.77,0.3753,0.67983,2e-05,136.35018,1636.7,550.0
2026-10-09T20:40:33Z,2026-12-25,77,78000.0,P,0.039,0.0395,0.0393,83279.6,82344.77,0.3753,-0.32021,3e-05,136.35491,1355.2,127.1
2026-10-09T20:40:33Z,2026-12-25,77,80000.0,C,0.087,0.089,0.088,83281.28,82344.77,0.37170000000000003,0.62602,3e-05,144.42396,8639.3,29.4
2026-10-09T20:40:33Z,2026-12-25,77,80000.0,P,0.048,0.049,0.0486,83281.28,82344.77,0.37170000000000003,-0.37398,3e-05,144.42396,2345.5,81.6
2026-10-09T20:40:33Z,2026-12-25,77,82000.0,C,0.074,0.075,0.0746,83279.6,82344.77,0.3682,0.56991,3e-05,149.73204,1319.4,24.5
2026-10-09T20:40:33Z,2026-12-25,77,82000.0,P,0.0585,0.0595,0.0592,83279.6,82344.77,0.3682,-0.43009,3e-05,149.73204,880.6,56.7
2026-10-09T20:40:33Z,2026-12-25,77,84000.0,C,0.0625,0.0635,0.0629,83281.28,82344.77,0.3666,0.51303,3e-05,151.99491,1275.5,29.7
2026-10-09T20:40:33Z,2026-12-25,77,84000.0,P,0.071,0.072,0.0716,83281.28,82344.77,0.3666,-0.48697,3e-05,151.99491,265.3,26.0
2026-10-09T20:40:33Z,2026-12-25,77,85000.0,C,0.057,0.058,0.0576,83279.6,82344.77,0.3657,0.48467,3e-05,151.96071,3486.8,67.1
2026-10-09T20:40:33Z,2026-12-25,77,85000.0,P,0.0775,0.0785,0.0782,83281.56,82344.77,0.3657,-0.51528,3e-05,151.9651,608.6,0.0
2026-10-09T20:40:33Z,2026-12-25,77,86000.0,C,0.052,0.053,0.0526,83281.56,82344.77,0.3651,0.45675,3e-05,151.18192,1023.4,30.8
2026-10-09T20:40:33Z,2026-12-25,77,86000.0,P,0.0845,0.0855,0.0853,83281.56,82344.77,0.3651,-0.54325,3e-05,151.18192,108.9,5.2
2026-10-09T20:40:33Z,2026-12-25,77,88000.0,C,0.0435,0.044,0.0438,83281.56,82344.77,0.3651,0.40275,3e-05,147.53586,4632.5,149.2
2026-10-09T20:40:33Z,2026-12-25,77,88000.0,P,0.0995,0.101,0.1005,83281.56,82344.77,0.3651,-0.59725,3e-05,147.53586,153.8,6.0
2026-10-09T20:40:33Z,2026-12-25,77,90000.0,C,0.036,0.0365,0.0363,83281.56,82344.77,0.3655,0.35192,3e-05,141.4765,3982.3,293.8
2026-10-09T20:40:33Z,2026-12-25,77,90000.0,P,0.1145,0.121,0.117,83281.34,82344.77,0.3655,-0.64808,3e-05,141.47527,652.3,0.0
2026-10-09T20:40:33Z,2026-12-25,77,92000.0,C,0.0295,0.03,0.0299,83281.56,82344.77,0.36619999999999997,0.30498,3e-05,133.52177,810.0,39.5
2026-10-09T20:40:33Z,2026-12-25,77,92000.0,P,0.132,0.139,0.1347,83281.56,82344.77,0.36619999999999997,-0.69502,3e-05,133.52177,23.4,0.0
2026-10-09T20:40:33Z,2026-12-25,77,94000.0,C,0.0245,0.025,0.0248,83281.56,82344.77,0.3686,0.26332,2e-05,124.45565,744.6,3.4
2026-10-09T20:40:33Z,2026-12-25,77,94000.0,P,0.1505,0.158,0.1535,83281.56,82344.77,0.3686,-0.73668,2e-05,124.45565,5.9,0.0
2026-10-09T20:40:33Z,2026-12-25,77,95000.0,C,0.022,0.023,0.0225,83281.56,82344.77,0.36979999999999996,0.24409,2e-05,119.59626,2336.8,27.8
2026-10-09T20:40:33Z,2026-12-25,77,95000.0,P,0.16,0.1675,0.1633,83281.56,82344.77,0.36979999999999996,-0.75591,2e-05,119.59626,144.0,0.1
2026-10-09T20:40:33Z,2026-12-25,77,96000.0,C,0.02,0.021,0.0205,83281.56,82344.77,0.3713,0.22625,2e-05,114.68671,1508.2,15.7
2026-10-09T20:40:33Z,2026-12-25,77,96000.0,P,0.17,0.1775,0.1733,83281.34,82344.77,0.3713,-0.77375,2e-05,114.68507,51.0,0.2
2026-10-09T20:40:33Z,2026-12-25,77,98000.0,C,0.0165,0.0175,0.017,83281.34,82344.77,0.3746,0.19393,2e-05,104.74749,986.2,2.7
2026-10-09T20:40:33Z,2026-12-25,77,98000.0,P,0.1905,0.1985,0.1938,83281.56,82344.77,0.3746,-0.80607,2e-05,104.74916,4.3,0.0
2026-10-09T20:40:33Z,2026-12-25,77,100000.0,C,0.0135,0.0145,0.0141,83281.34,82344.77,0.37770000000000004,0.16559,2e-05,94.84326,5883.0,4.7
2026-10-09T20:40:33Z,2026-12-25,77,100000.0,P,0.2115,0.219,0.2148,83281.56,82344.77,0.37770000000000004,-0.83441,2e-05,94.84492,303.1,0.0
2026-10-09T20:40:33Z,2026-12-25,77,102000.0,C,0.0115,0.012,0.0117,83281.56,82344.77,0.38189999999999996,0.14173,2e-05,85.55566,544.6,1.8
2026-10-09T20:40:33Z,2026-12-25,77,102000.0,P,0.232,0.2415,0.2365,83282.59,82344.77,0.38189999999999996,-0.85825,2e-05,85.56324,7.8,0.0
2026-10-09T20:40:33Z,2026-12-25,77,104000.0,C,0.0095,0.01,0.0098,83282.59,82344.77,0.38549999999999995,0.12088,1e-05,76.6475,175.8,3.0
2026-10-09T20:40:33Z,2026-12-25,77,104000.0,P,0.2545,0.263,0.2585,83282.59,82344.77,0.38549999999999995,-0.87912,1e-05,76.6475,0.3,0.0
2026-10-09T20:40:33Z,2026-12-25,77,105000.0,C,0.009,0.0095,0.0091,83282.59,82344.77,0.3899,0.11333,1e-05,73.22539,1061.5,26.6
2026-10-09T20:40:33Z,2026-12-25,77,105000.0,P,0.265,0.2745,0.2699,83282.59,82344.77,0.3899,-0.88667,1e-05,73.22539,107.5,0.0
2026-10-09T20:40:33Z,2026-12-25,77,106000.0,C,0.008,0.0085,0.0083,83281.56,82344.77,0.3908,0.104,1e-05,68.83561,614.3,0.0
2026-10-09T20:40:33Z,2026-12-25,77,106000.0,P,0.277,0.2855,0.2811,83281.56,82344.77,0.3908,-0.896,1e-05,68.83561,0.2,0.0
2026-10-09T20:40:33Z,2026-12-25,77,108000.0,C,0.0065,0.007,0.0068,83282.59,82344.77,0.3932,0.08787,1e-05,60.80835,166.1,0.5
2026-10-09T20:40:33Z,2026-12-25,77,108000.0,P,0.3,0.3085,0.3036,83281.56,82344.77,0.3932,-0.91214,1e-05,60.80194,0.1,0.0
2026-10-09T20:40:33Z,2026-12-25,77,110000.0,C,0.0055,0.006,0.0058,83282.59,82344.77,0.3981,0.07555,1e-05,54.26055,2968.5,0.9
2026-10-09T20:40:33Z,2026-12-25,77,110000.0,P,0.3225,0.3315,0.3266,83281.56,82344.77,0.3981,-0.92446,1e-05,54.25459,81.6,0.0
2026-10-09T20:40:33Z,2026-12-25,77,115000.0,C,0.0037,0.0041,0.0039,83282.59,82344.77,0.4117,0.05281,1e-05,41.06426,2325.2,2.6
2026-10-09T20:40:33Z,2026-12-25,77,115000.0,P,0.3805,0.3895,0.3848,83282.59,82344.77,0.4117,-0.94719,1e-05,41.06426,5.0,0.0
2026-10-09T20:40:33Z,2026-12-25,77,120000.0,C,0.0026,0.003,0.0028,83282.59,82344.77,0.4269,0.03825,1e-05,31.67735,5956.0,10.9
2026-10-09T20:40:33Z,2026-12-25,77,120000.0,P,0.4385,0.4495,0.4437,83282.59,82344.77,0.4269,-0.96175,1e-05,31.67735,35.9,0.0
2026-10-09T20:40:33Z,2026-12-25,77,125000.0,C,0.0018,0.0022,0.002,83282.59,82344.77,0.44,0.0277,0.0,24.27407,520.9,0.0
2026-10-09T20:40:33Z,2026-12-25,77,125000.0,P,0.498,0.5085,0.5029,83282.57,82344.77,0.44,-0.9723,0.0,24.27397,9.3,0.0
2026-10-09T20:40:33Z,2026-12-25,77,130000.0,C,0.0013,0.0017,0.0015,83282.57,82344.77,0.45439999999999997,0.02082,0.0,19.099,1569.6,0.3
2026-10-09T20:40:33Z,2026-12-25,77,130000.0,P,0.5575,0.567,0.5625,83282.57,82344.77,0.45439999999999997,-0.97918,0.0,19.099,57.0,0.0
2026-10-09T20:40:33Z,2026-12-25,77,135000.0,C,0.0011,0.0014,0.0012,83282.57,82344.77,0.474,0.01709,0.0,16.14136,1523.7,3.1
2026-10-09T20:40:33Z,2026-12-25,77,135000.0,P,0.617,0.6285,0.6223,83282.57,82344.77,0.474,-0.98291,0.0,16.14136,0.7,0.0
2026-10-09T20:40:33Z,2026-12-25,77,140000.0,C,0.0008,0.0011,0.0009,83282.62,82344.77,0.48560000000000003,0.01302,0.0,12.77717,1419.9,1.1
2026-10-09T20:40:33Z,2026-12-25,77,140000.0,P,0.6765,0.6885,0.682,83282.57,82344.77,0.48560000000000003,-0.98698,0.0,12.77709,0.3,0.0
2026-10-09T20:40:33Z,2026-12-25,77,150000.0,C,0.0004,0.0008,0.0006,83282.57,82344.77,0.509,0.008,0.0,8.35747,1771.7,0.2
2026-10-09T20:40:33Z,2026-12-25,77,150000.0,P,0.7965,0.808,0.8017,83282.62,82344.77,0.509,-0.992,0.0,8.35752,4.4,0.0
2026-10-09T20:40:33Z,2026-12-25,77,160000.0,C,0.0003,0.0006,0.0004,83282.57,82344.77,0.5394,0.00585,0.0,6.3375,1393.6,8.0
2026-10-09T20:40:33Z,2026-12-25,77,160000.0,P,0.915,0.929,0.9216,83282.57,82344.77,0.5394,-0.99415,0.0,6.3375,0.1,0.0
2026-10-09T20:40:33Z,2026-12-25,77,170000.0,C,0.0003,0.0004,0.0004,83282.62,82344.77,0.5758,0.005,0.0,5.51439,2018.6,0.0
2026-10-09T20:40:33Z,2026-12-25,77,170000.0,P,1.0325,1.051,1.0417,83282.57,82344.77,0.5758,-0.995,0.0,5.51436,0.1,0.0
2026-10-09T20:40:33Z,2026-12-25,77,180000.0,C,0.0001,0.0003,0.0002,83282.57,82344.77,0.5783,0.00272,0.0,3.19496,941.0,0.1
2026-10-09T20:40:33Z,2026-12-25,77,180000.0,P,1.1525,1.17,1.1615,83282.62,82344.77,0.5783,-0.99728,0.0,3.19498,0.1,0.0
2026-10-09T20:40:33Z,2026-12-25,77,190000.0,C,0.0001,0.0003,0.0002,83282.57,82344.77,0.6075,0.00235,0.0,2.79744,1025.9,7.1
2026-10-09T20:40:33Z,2026-12-25,77,190000.0,P,1.271,1.2925,1.2816,83282.57,82344.77,0.6075,-0.99765,0.0,2.79744,0.0,0.0
2026-10-09T20:40:33Z,2026-12-25,77,200000.0,C,0.0001,0.0002,0.0002,83282.62,82344.77,0.6343,0.00204,0.0,2.45866,962.4,2.0
2026-10-09T20:40:33Z,2026-12-25,77,200000.0,P,1.3905,1.412,1.4017,83282.62,82344.77,0.6343,-0.99796,0.0,2.45866,0.0,0.0
2026-10-09T20:40:33Z,2026-12-25,77,210000.0,C,0.0001,0.0002,0.0001,83282.57,82344.77,0.6591,0.00178,0.0,2.17276,162.5,0.0
2026-10-09T20:40:33Z,2026-12-25,77,210000.0,P,1.512,1.534,1.5217,83282.62,82344.77,0.6591,-0.99822,0.0,2.17278,0.0,0.0
2026-10-09T20:40:33Z,2026-12-25,77,220000.0,C,0.0001,0.0002,0.0001,83282.62,82344.77,0.6881,0.00171,0.0,2.10041,252.8,0.0
2026-10-09T20:40:33Z,2026-12-25,77,220000.0,P,1.6315,1.655,1.6418,83282.57,82344.77,0.6881,-0.99829,0.0,2.1004,0.0,0.0
2026-10-09T20:40:33Z,2026-12-25,77,230000.0,C,0.0001,0.0002,0.0001,83282.57,82344.77,0.7156999999999999,0.00166,0.0,2.03669,191.0,0.0
2026-10-09T20:40:33Z,2026-12-25,77,230000.0,P,1.7485,1.7755,1.7619,83282.57,82344.77,0.7156999999999999,-0.99834,0.0,2.03669,0.0,0.0
2026-10-09T20:40:33Z,2026-12-25,77,240000.0,C,0.0001,0.0002,0.0001,83282.57,82344.77,0.742,0.00161,0.0,1.98009,780.5,0.5
2026-10-09T20:40:33Z,2026-12-25,77,240000.0,P,1.868,1.896,1.8819,83282.57,82344.77,0.742,-0.99839,0.0,1.98009,0.0,0.0
2026-10-09T20:40:33Z,2026-12-25,77,250000.0,C,0.0,0.0002,0.0001,83282.57,82344.77,0.7521,0.00126,0.0,1.58595,1282.4,0.1
2026-10-09T20:40:33Z,2026-12-25,77,250000.0,P,1.988,2.0155,2.002,83282.57,82344.77,0.7521,-0.99874,0.0,1.58595,10.0,0.0
2026-10-09T20:40:33Z,2027-03-26,168,35000.0,C,0.586,0.588,0.5871,84350.35,82344.77,0.6329,0.98828,0.0,17.48097,21.8,0.0
2026-10-09T20:40:33Z,2027-03-26,168,35000.0,P,0.0019,0.0022,0.002,84350.37,82344.77,0.6329,-0.01172,0.0,17.48096,618.9,3.0
2026-10-09T20:40:33Z,2027-03-26,168,40000.0,C,0.528,0.53,0.5288,84350.37,82344.77,0.5828,0.98157,0.0,25.8086,82.1,0.0
2026-10-09T20:40:33Z,2027-03-26,168,40000.0,P,0.0029,0.0031,0.003,84350.37,82344.77,0.5828,-0.01843,0.0,25.8086,1952.6,2.1
2026-10-09T20:40:33Z,2027-03-26,168,45000.0,C,0.4695,0.473,0.4714,84350.37,82344.77,0.5453,0.97034,0.0,38.51563,4.8,0.0
2026-10-09T20:40:33Z,2027-03-26,168,45000.0,P,0.0046,0.005,0.0049,84350.37,82344.77,0.5453,-0.02966,0.0,38.51563,253.5,0.3
2026-10-09T20:40:33Z,2027-03-26,168,50000.0,C,0.412,0.4165,0.4145,84350.37,82344.77,0.5064,0.95507,0.0,54.0901,21.6,0.0
2026-10-09T20:40:33Z,2027-03-26,168,50000.0,P,0.007,0.0075,0.0072,84350.37,82344.77,0.5064,-0.04493,0.0,54.0901,2331.0,1.2
2026-10-09T20:40:33Z,2027-03-26,168,52000.0,C,0.39,0.394,0.392,84350.37,82344.77,0.4921,0.94715,0.0,61.58152,6.0,0.0
2026-10-09T20:40:33Z,2027-03-26,168,52000.0,P,0.008,0.009,0.0085,84350.37,82344.77,0.4921,-0.05285,0.0,61.58152,323.5,0.0
2026-10-09T20:40:33Z,2027-03-26,168,54000.0,C,0.3665,0.372,0.3698,84350.35,82344.77,0.47909999999999997,0.9378,0.0,70.00406,0.1,0.0
2026-10-09T20:40:33Z,2027-03-26,168,54000.0,P,0.0095,0.0105,0.01,84350.37,82344.77,0.47909999999999997,-0.0622,0.0,70.004,78.7,1.2
2026-10-09T20:40:33Z,2027-03-26,168,55000.0,C,0.3555,0.361,0.3589,84350.37,82344.77,0.47409999999999997,0.93219,0.0,74.8618,29.5,0.0
2026-10-09T20:40:33Z,2027-03-26,168,55000.0,P,0.0105,0.011,0.0109,84350.37,82344.77,0.47409999999999997,-0.06781,0.0,74.8618,1160.5,0.7
2026-10-09T20:40:33Z,2027-03-26,168,56000.0,C,0.345,0.35,0.3478,84350.37,82344.77,0.4664,0.9271,1e-05,79.13912,14.4,0.0
2026-10-09T20:40:33Z,2027-03-26,168,56000.0,P,0.0115,0.012,0.0117,84350.37,82344.77,0.4664,-0.0729,1e-05,79.13912,132.1,2.7
2026-10-09T20:40:33Z,2027-03-26,168,58000.0,C,0.324,0.329,0.3261,84350.37,82344.77,0.4542,0.91484,1e-05,89.03319,4.3,0.0
2026-10-09T20:40:33Z,2027-03-26,168,58000.0,P,0.0135,0.014,0.0137,84350.37,82344.77,0.4542,-0.08516,1e-05,89.03319,150.9,12.7
2026-10-09T20:40:33Z,2027-03-26,168,60000.0,C,0.3025,0.3075,0.3049,84350.37,82344.77,0.44409999999999994,0.90023,1e-05,100.10425,647.9,0.0
2026-10-09T20:40:33Z,2027-03-26,168,60000.0,P,0.016,0.0165,0.0162,84350.37,82344.77,0.44409999999999994,-0.09977,1e-05,100.10425,968.2,4.6
2026-10-09T20:40:33Z,2027-03-26,168,62000.0,C,0.2805,0.2865,0.2839,84350.37,82344.77,0.4334,0.88402,1e-05,111.5717,51.3,0.0
2026-10-09T20:40:33Z,2027-03-26,168,62000.0,P,0.0185,0.0195,0.019,84350.37,82344.77,0.4334,-0.11598,1e-05,111.5717,444.4,1.3
2026-10-09T20:40:33Z,2027-03-26,168,64000.0,C,0.2595,0.2665,0.2634,84350.37,82344.77,0.42340000000000005,0.86566,1e-05,123.63741,137.9,0.0
2026-10-09T20:40:33Z,2027-03-26,168,64000.0,P,0.022,0.0225,0.0222,84350.37,82344.77,0.42340000000000005,-0.13434,1e-05,123.63741,124.8,2.0
2026-10-09T20:40:33Z,2027-03-26,168,65000.0,C,0.2495,0.2565,0.2535,84350.37,82344.77,0.41960000000000003,0.85519,1e-05,130.10955,229.7,0.0
2026-10-09T20:40:33Z,2027-03-26,168,65000.0,P,0.024,0.0245,0.0241,84350.37,82344.77,0.41960000000000003,-0.14481,1e-05,130.10955,897.5,1.7
2026-10-09T20:40:33Z,2027-03-26,168,66000.0,C,0.24,0.2465,0.2437,84350.37,82344.77,0.4153,0.84442,1e-05,136.48544,23.9,0.0
2026-10-09T20:40:33Z,2027-03-26,168,66000.0,P,0.026,0.0265,0.0261,84350.37,82344.77,0.4153,-0.15558,1e-05,136.48567,98.4,4.5
2026-10-09T20:40:33Z,2027-03-26,168,68000.0,C,0.2215,0.227,0.2245,84350.37,82344.77,0.40740000000000004,0.82089,1e-05,149.45947,191.1,0.6
2026-10-09T20:40:33Z,2027-03-26,168,68000.0,P,0.0305,0.031,0.0306,84350.37,82344.77,0.40740000000000004,-0.17911,1e-05,149.45947,581.1,2.1
2026-10-09T20:40:33Z,2027-03-26,168,70000.0,C,0.204,0.209,0.2061,84350.37,82344.77,0.40090000000000003,0.79462,1e-05,162.51627,770.5,0.0
2026-10-09T20:40:33Z,2027-03-26,168,70000.0,P,0.0355,0.0365,0.036,84350.35,82344.77,0.40090000000000003,-0.20538,1e-05,162.51635,530.8,5.6
2026-10-09T20:40:33Z,2027-03-26,168,72000.0,C,0.1865,0.1915,0.1885,84350.37,82344.77,0.3953,0.76581,1e-05,175.2443,89.0,0.4
2026-10-09T20:40:33Z,2027-03-26,168,72000.0,P,0.042,0.0425,0.0421,84350.35,82344.77,0.3953,-0.23419,1e-05,175.24437,599.8,0.0
2026-10-09T20:40:33Z,2027-03-26,168,74000.0,C,0.171,0.173,0.1719,84350.37,82344.77,0.3908,0.73465,1e-05,187.27199,66.8,0.0
2026-10-09T20:40:33Z,2027-03-26,168,74000.0,P,0.049,0.05,0.0492,84350.4,82344.77,0.3908,-0.26535,1e-05,187.272,228.8,12.3
2026-10-09T20:40:33Z,2027-03-26,168,75000.0,C,0.163,0.165,0.1639,84350.58,82344.77,0.3886,0.71837,2e-05,192.87465,1.7,0.0
2026-10-09T20:40:33Z,2027-03-26,168,75000.0,P,0.053,0.0535,0.0531,84350.4,82344.77,0.3886,-0.28163,2e-05,192.87514,51.4,1.5
2026-10-09T20:40:33Z,2027-03-26,168,76000.0,C,0.155,0.1575,0.1563,84350.4,82344.77,0.3872,0.70147,2e-05,198.21753,541.7,0.0
2026-10-09T20:40:33Z,2027-03-26,168,76000.0,P,0.057,0.058,0.0573,84350.4,82344.77,0.3872,-0.29853,2e-05,198.21753,718.8,20.6
2026-10-09T20:40:33Z,2027-03-26,168,78000.0,C,0.141,0.1425,0.1417,84350.4,82344.77,0.38420000000000004,0.66672,2e-05,207.7346,647.6,0.0
2026-10-09T20:40:33Z,2027-03-26,168,78000.0,P,0.066,0.067,0.0664,84350.4,82344.77,0.38420000000000004,-0.33328,2e-05,207.7346,453.4,24.5
2026-10-09T20:40:33Z,2027-03-26,168,80000.0,C,0.1275,0.129,0.1282,84350.4,82344.77,0.3821,0.63081,2e-05,215.57386,1562.0,455.0
2026-10-09T20:40:33Z,2027-03-26,168,80000.0,P,0.076,0.077,0.0766,84350.4,82344.77,0.3821,-0.36919,2e-05,215.57386,423.2,1.4
2026-10-09T20:40:33Z,2027-03-26,168,82000.0,C,0.1155,0.1165,0.1157,84350.4,82344.77,0.3809,0.59427,2e-05,221.54695,1248.6,55.3
2026-10-09T20:40:33Z,2027-03-26,168,82000.0,P,0.087,0.0885,0.0879,84350.4,82344.77,0.3809,-0.40573,2e-05,221.54695,77.5,0.1
2026-10-09T20:40:33Z,2027-03-26,168,84000.0,C,0.104,0.105,0.1043,84350.4,82344.77,0.3799,0.55758,2e-05,225.56174,329.9,6.1
2026-10-09T20:40:33Z,2027-03-26,168,84000.0,P,0.0995,0.1005,0.1001,84350.58,82344.77,0.3799,-0.44241,2e-05,225.56195,427.7,1.4
2026-10-09T20:40:33Z,2027-03-26,168,85000.0,C,0.0985,0.0995,0.0989,84350.4,82344.77,0.37979999999999997,0.53935,2e-05,226.83055,648.1,40.8
2026-10-09T20:40:33Z,2027-03-26,168,85000.0,P,0.106,0.107,0.1066,84350.4,82344.77,0.37979999999999997,-0.46065,2e-05,226.83055,60.4,25.0
2026-10-09T20:40:33Z,2027-03-26,168,86000.0,C,0.0935,0.0945,0.0938,84350.4,82344.77,0.3797,0.52124,2e-05,227.61713,599.6,17.9
2026-10-09T20:40:33Z,2027-03-26,168,86000.0,P,0.1125,0.114,0.1134,84350.4,82344.77,0.3797,-0.47876,2e-05,227.61713,36.7,4.2
2026-10-09T20:40:33Z,2027-03-26,168,88000.0,C,0.0835,0.0845,0.084,84350.58,82344.77,0.3787,0.4853,2e-05,227.78612,399.4,9.8
2026-10-09T20:40:33Z,2027-03-26,168,88000.0,P,0.1265,0.128,0.1273,84350.58,82344.77,0.3787,-0.5147,2e-05,227.78612,69.2,2.1
2026-10-09T20:40:33Z,2027-03-26,168,90000.0,C,0.0745,0.0755,0.0752,84350.4,82344.77,0.37810000000000005,0.45023,2e-05,226.16401,912.5,42.5
2026-10-09T20:40:33Z,2027-03-26,168,90000.0,P,0.1415,0.143,0.1421,84350.58,82344.77,0.37810000000000005,-0.54977,2e-05,226.16472,44.7,2.6
2026-10-09T20:40:33Z,2027-03-26,168,92000.0,C,0.0665,0.0675,0.0672,84350.4,82344.77,0.37799999999999995,0.41643,2e-05,222.92035,419.8,35.1
2026-10-09T20:40:33Z,2027-03-26,168,92000.0,P,0.157,0.1585,0.1579,84350.4,82344.77,0.37799999999999995,-0.58357,2e-05,222.92035,20.9,1.4
2026-10-09T20:40:33Z,2027-03-26,168,94000.0,C,0.0595,0.0605,0.06,84350.4,82344.77,0.3785,0.38424,2e-05,218.27644,212.5,5.8
2026-10-09T20:40:33Z,2027-03-26,168,94000.0,P,0.172,0.1765,0.1744,84350.4,82344.77,0.3785,-0.61576,2e-05,218.27644,18.8,0.0
2026-10-09T20:40:33Z,2027-03-26,168,95000.0,C,0.056,0.057,0.0567,84350.58,82344.77,0.3784,0.36854,2e-05,215.44965,460.6,0.0
2026-10-09T20:40:33Z,2027-03-26,168,95000.0,P,0.1805,0.187,0.1829,84350.58,82344.77,0.3784,-0.63146,2e-05,215.44965,10.3,0.0
2026-10-09T20:40:33Z,2027-03-26,168,96000.0,C,0.053,0.054,0.0535,84350.4,82344.77,0.3787,0.35341,2e-05,212.37468,260.7,1.4
2026-10-09T20:40:33Z,2027-03-26,168,96000.0,P,0.1885,0.196,0.1916,84350.4,82344.77,0.3787,-0.64659,2e-05,212.37468,6.8,0.0
2026-10-09T20:40:33Z,2027-03-26,168,98000.0,C,0.047,0.048,0.0477,84350.4,82344.77,0.379,0.32423,2e-05,205.4415,247.2,8.8
2026-10-09T20:40:33Z,2027-03-26,168,98000.0,P,0.2065,0.214,0.2095,84350.4,82344.77,0.379,-0.67577,2e-05,205.44163,1.6,0.0
2026-10-09T20:40:33Z,2027-03-26,168,100000.0,C,0.042,0.043,0.0426,84350.4,82344.77,0.38020000000000004,0.29732,2e-05,197.85089,1308.9,37.4
2026-10-09T20:40:33Z,2027-03-26,168,100000.0,P,0.225,0.2325,0.2281,84350.58,82344.77,0.38020000000000004,-0.70267,2e-05,197.85218,13.0,0.0
2026-10-09T20:40:33Z,2027-03-26,168,102000.0,C,0.0375,0.0385,0.0381,84350.4,82344.77,0.3815,0.27226,2e-05,189.70462,114.4,0.0
2026-10-09T20:40:33Z,2027-03-26,168,102000.0,P,0.244,0.2525,0.2473,84350.4,82344.77,0.3815,-0.72774,2e-05,189.70462,0.1,0.0
2026-10-09T20:40:33Z,2027-03-26,168,104000.0,C,0.0335,0.0345,0.034,84350.4,82344.77,0.3831,0.24912,1e-05,181.22446,136.7,0.0
2026-10-09T20:40:33Z,2027-03-26,168,104000.0,P,0.2635,0.2725,0.267,84350.4,82344.77,0.3831,-0.75088,1e-05,181.22446,3.9,0.0
2026-10-09T20:40:33Z,2027-03-26,168,105000.0,C,0.0315,0.0325,0.0321,84350.4,82344.77,0.3835,0.23786,1e-05,176.75323,244.2,2.5
2026-10-09T20:40:33Z,2027-03-26,168,105000.0,P,0.2735,0.282,0.2769,84350.4,82344.77,0.3835,-0.76214,1e-05,176.75323,2.8,0.4
2026-10-09T20:40:33Z,2027-03-26,168,106000.0,C,0.03,0.031,0.0305,84350.4,82344.77,0.385,0.2279,1e-05,172.60412,94.5,0.0
2026-10-09T20:40:33Z,2027-03-26,168,106000.0,P,0.2835,0.2925,0.2872,84350.4,82344.77,0.385,-0.7721,1e-05,172.60412,0.1,0.0
2026-10-09T20:40:33Z,2027-03-26,168,108000.0,C,0.027,0.028,0.0274,84350.58,82344.77,0.38689999999999997,0.2084,1e-05,163.9282,97.8,0.0
2026-10-09T20:40:33Z,2027-03-26,168,108000.0,P,0.3045,0.3135,0.3077,84350.4,82344.77,0.38689999999999997,-0.7916,1e-05,163.92677,0.1,0.0
2026-10-09T20:40:33Z,2027-03-26,168,110000.0,C,0.024,0.025,0.0245,84350.4,82344.77,0.38880000000000003,0.19036,1e-05,155.22816,1464.4,63.9
2026-10-09T20:40:33Z,2027-03-26,168,110000.0,P,0.325,0.335,0.3286,84350.4,82344.77,0.38880000000000003,-0.80964,1e-05,155.22816,5.1,0.0
2026-10-09T20:40:33Z,2027-03-26,168,112000.0,C,0.0215,0.0225,0.022,84350.4,82344.77,0.3908,0.17392,1e-05,146.70317,99.3,0.0
2026-10-09T20:40:33Z,2027-03-26,168,112000.0,P,0.3465,0.3555,0.3498,84350.4,82344.77,0.3908,-0.82608,1e-05,146.70317,0.1,0.0
2026-10-09T20:40:33Z,2027-03-26,168,115000.0,C,0.0185,0.0195,0.019,84350.4,82344.77,0.39520000000000005,0.15291,1e-05,134.93091,580.6,0.0
2026-10-09T20:40:33Z,2027-03-26,168,115000.0,P,0.378,0.3885,0.3824,84350.4,82344.77,0.39520000000000005,-0.84709,1e-05,134.93127,3.0,0.0
2026-10-09T20:40:33Z,2027-03-26,168,120000.0,C,0.0145,0.0155,0.0149,84350.4,82344.77,0.4025,0.12374,1e-05,116.78867,834.6,18.5
2026-10-09T20:40:33Z,2027-03-26,168,120000.0,P,0.433,0.443,0.4376,84350.58,82344.77,0.4025,-0.87626,1e-05,116.78998,9.9,0.0
2026-10-09T20:40:33Z,2027-03-26,168,125000.0,C,0.011,0.012,0.0115,84350.4,82344.77,0.4069,0.09866,1e-05,99.28966,433.7,0.5
2026-10-09T20:40:33Z,2027-03-26,168,125000.0,P,0.489,0.5005,0.4934,84350.4,82344.77,0.4069,-0.90134,1e-05,99.28966,0.1,0.0
2026-10-09T20:40:33Z,2027-03-26,168,130000.0,C,0.009,0.01,0.0095,84350.4,82344.77,0.41700000000000004,0.08225,1e-05,86.73933,1232.8,4.2
2026-10-09T20:40:33Z,2027-03-26,168,130000.0,P,0.546,0.5575,0.5507,84350.4,82344.77,0.41700000000000004,-0.91775,1e-05,86.73933,0.5,0.0
2026-10-09T20:40:33Z,2027-03-26,168,140000.0,C,0.006,0.0065,0.0063,84350.66,82344.77,0.4311,0.056,0.0,64.47214,975.2,3.1
2026-10-09T20:40:33Z,2027-03-26,168,140000.0,P,0.6605,0.6735,0.666,84350.66,82344.77,0.4311,-0.944,0.0,64.47214,10.9,0.0
2026-10-09T20:40:33Z,2027-03-26,168,150000.0,C,0.0045,0.0047,0.0045,84350.66,82344.77,0.4484,0.04065,0.0,49.8817,1864.7,0.1
2026-10-09T20:40:33Z,2027-03-26,168,150000.0,P,0.777,0.791,0.7828,84350.61,82344.77,0.4484,-0.95935,0.0,49.8815,0.6,0.0
2026-10-09T20:40:33Z,2027-03-26,168,160000.0,C,0.0032,0.0037,0.0034,84350.66,82344.77,0.4668,0.03097,0.0,39.91591,1034.7,0.0
2026-10-09T20:40:33Z,2027-03-26,168,160000.0,P,0.8935,0.9085,0.9003,84350.61,82344.77,0.4668,-0.96903,0.0,39.91575,0.1,0.0
2026-10-09T20:40:33Z,2027-03-26,168,170000.0,C,0.0026,0.003,0.0028,84350.66,82344.77,0.4868,0.02498,0.0,33.37421,1021.9,6.3
2026-10-09T20:40:33Z,2027-03-26,168,170000.0,P,1.005,1.0305,1.0182,84350.66,82344.77,0.4868,-0.97502,0.0,33.37421,0.4,0.0
2026-10-09T20:40:33Z,2027-03-26,168,180000.0,C,0.0019,0.0025,0.0022,84350.66,82344.77,0.5006,0.01943,0.0,26.98857,691.4,0.0
2026-10-09T20:40:33Z,2027-03-26,168,180000.0,P,1.1255,1.1475,1.1361,84350.66,82344.77,0.5006,-0.98057,0.0,26.98857,0.1,0.0
2026-10-09T20:40:33Z,2027-03-26,168,190000.0,C,0.0018,0.002,0.0019,84350.66,82344.77,0.5205,0.01672,0.0,23.74359,730.5,1.4
2026-10-09T20:40:33Z,2027-03-26,168,190000.0,P,1.243,1.269,1.2544,84350.66,82344.77,0.5205,-0.98328,0.0,23.74359,0.9,0.0
2026-10-09T20:40:33Z,2027-03-26,168,200000.0,C,0.0015,0.0017,0.0016,84350.66,82344.77,0.5357999999999999,0.014,0.0,20.39182,505.0,0.1
2026-10-09T20:40:33Z,2027-03-26,168,200000.0,P,1.3585,1.3875,1.3727,84350.66,82344.77,0.5357999999999999,-0.986,0.0,20.39182,1.0,0.0
2026-10-09T20:40:33Z,2027-06-25,259,30000.0,C,0.6505,0.6525,0.6517,85498.15,82344.77,0.624,0.98799,0.0,22.48491,87.4,0.0
2026-10-09T20:40:33Z,2027-06-25,259,30000.0,P,0.0024,0.0028,0.0026,85498.15,82344.77,0.624,-0.01201,0.0,22.48491,530.2,0.0
2026-10-09T20:40:33Z,2027-06-25,259,40000.0,C,0.537,0.5395,0.5381,85498.26,82344.77,0.5402,0.97117,0.0,47.37001,24.1,0.0
2026-10-09T20:40:33Z,2027-06-25,259,40000.0,P,0.0055,0.0065,0.006,85498.15,82344.77,0.5402,-0.02883,0.0,47.3702,1251.1,7.0
2026-10-09T20:40:33Z,2027-06-25,259,45000.0,C,0.4815,0.4835,0.4827,85498.15,82344.77,0.5089,0.95662,0.0,66.20751,15.4,0.0
2026-10-09T20:40:33Z,2027-06-25,259,45000.0,P,0.0085,0.0095,0.009,85498.15,82344.77,0.5089,-0.04338,0.0,66.20751,161.7,0.1
2026-10-09T20:40:33Z,2027-06-25,259,50000.0,C,0.4255,0.4305,0.4282,85498.15,82344.77,0.4793,0.93721,0.0,88.80275,20.2,0.0
2026-10-09T20:40:33Z,2027-06-25,259,50000.0,P,0.0125,0.0135,0.013,85498.15,82344.77,0.4793,-0.06279,0.0,88.80275,343.9,3.0
2026-10-09T20:40:33Z,2027-06-25,259,52000.0,C,0.4035,0.409,0.4068,85498.26,82344.77,0.4683,0.92769,0.0,99.03819,1.1,0.0
2026-10-09T20:40:33Z,2027-06-25,259,52000.0,P,0.0145,0.015,0.015,85498.26,82344.77,0.4683,-0.07231,0.0,99.03819,52.4,0.0
2026-10-09T20:40:33Z,2027-06-25,259,54000.0,C,0.3825,0.388,0.3856,85498.15,82344.77,0.4579,0.91701,0.0,109.96482,1.0,0.0
2026-10-09T20:40:33Z,2027-06-25,259,54000.0,P,0.0165,0.018,0.0172,85498.26,82344.77,0.4579,-0.08299,0.0,109.96445,50.6,0.0
2026-10-09T20:40:33Z,2027-06-25,259,55000.0,C,0.372,0.377,0.3753,85498.15,82344.77,0.4539,0.91086,0.0,116.00818,3.7,0.0
2026-10-09T20:40:33Z,2027-06-25,259,55000.0,P,0.018,0.019,0.0186,85498.15,82344.77,0.4539,-0.08914,0.0,116.00818,37.0,0.0
2026-10-09T20:40:33Z,2027-06-25,259,56000.0,C,0.3615,0.3665,0.365,85498.15,82344.77,0.4493,0.90459,1e-05,121.98947,2.9,0.0
2026-10-09T20:40:33Z,2027-06-25,259,56000.0,P,0.0195,0.0205,0.02,85498.26,82344.77,0.4493,-0.09541,1e-05,121.98908,85.6,0.0
2026-10-09T20:40:33Z,2027-06-25,259,58000.0,C,0.343,0.3455,0.3448,85498.15,82344.77,0.44189999999999996,0.89054,1e-05,134.80753,13.8,0.0
2026-10-09T20:40:33Z,2027-06-25,259,58000.0,P,0.0225,0.024,0.0232,85498.15,82344.77,0.44189999999999996,-0.10946,1e-05,134.80753,101.6,0.0
2026-10-09T20:40:33Z,2027-06-25,259,60000.0,C,0.323,0.326,0.325,85498.15,82344.77,0.434,0.87539,1e-05,147.7868,969.8,0.0
2026-10-09T20:40:33Z,2027-06-25,259,60000.0,P,0.026,0.0275,0.0267,85498.26,82344.77,0.434,-0.12461,1e-05,147.78639,241.4,0.0
2026-10-09T20:40:33Z,2027-06-25,259,62000.0,C,0.3035,0.3065,0.3056,85498.15,82344.77,0.4268,0.85866,1e-05,161.17977,123.0,0.4
2026-10-09T20:40:33Z,2027-06-25,259,62000.0,P,0.03,0.0315,0.0307,85498.26,82344.77,0.4268,-0.14134,1e-05,161.17936,115.8,0.0
2026-10-09T20:40:33Z,2027-06-25,259,64000.0,C,0.285,0.2875,0.2867,85498.26,82344.77,0.4201,0.84036,1e-05,174.80011,33.8,0.4
2026-10-09T20:40:33Z,2027-06-25,259,64000.0,P,0.0345,0.036,0.0352,85498.26,82344.77,0.4201,-0.15964,1e-05,174.80011,63.9,0.0
2026-10-09T20:40:33Z,2027-06-25,259,65000.0,C,0.2755,0.2785,0.2775,85498.15,82344.77,0.4172,0.83055,1e-05,181.6889,9.0,0.0
2026-10-09T20:40:33Z,2027-06-25,259,65000.0,P,0.037,0.0385,0.0377,85498.15,82344.77,0.4172,-0.16945,1e-05,181.6889,38.2,1.0
2026-10-09T20:40:33Z,2027-06-25,259,66000.0,C,0.2665,0.2695,0.2683,85498.26,82344.77,0.41369999999999996,0.82059,1e-05,188.40039,25.7,0.2
2026-10-09T20:40:33Z,2027-06-25,259,66000.0,P,0.0395,0.041,0.0402,85498.26,82344.77,0.41369999999999996,-0.17941,1e-05,188.40039,63.5,20.0
2026-10-09T20:40:33Z,2027-06-25,259,68000.0,C,0.249,0.252,0.2509,85498.26,82344.77,0.4094,0.79868,1e-05,202.22478,14.8,0.2
2026-10-09T20:40:33Z,2027-06-25,259,68000.0,P,0.0455,0.047,0.0462,85498.26,82344.77,0.4094,-0.20132,1e-05,202.22478,22.6,10.0
2026-10-09T20:40:33Z,2027-06-25,259,70000.0,C,0.232,0.2345,0.234,85498.15,82344.77,0.40490000000000004,0.77559,1e-05,215.45966,207.3,0.1
2026-10-09T20:40:33Z,2027-06-25,259,70000.0,P,0.052,0.0535,0.0527,85498.12,82344.77,0.40490000000000004,-0.22441,1e-05,215.4599,139.5,10.3
2026-10-09T20:40:33Z,2027-06-25,259,72000.0,C,0.216,0.2185,0.2176,85498.26,82344.77,0.4003,0.75129,1e-05,228.00729,87.4,0.1
2026-10-09T20:40:33Z,2027-06-25,259,72000.0,P,0.059,0.0605,0.0597,85498.12,82344.77,0.4003,-0.24872,1e-05,228.00767,54.5,11.5
2026-10-09T20:40:33Z,2027-06-25,259,74000.0,C,0.2005,0.203,0.2022,85498.12,82344.77,0.397,0.72553,1e-05,239.83978,23.4,0.1
2026-10-09T20:40:33Z,2027-06-25,259,74000.0,P,0.067,0.0685,0.0678,85498.12,82344.77,0.397,-0.27447,1e-05,239.83978,21.6,10.0
2026-10-09T20:40:33Z,2027-06-25,259,76000.0,C,0.186,0.1885,0.1875,85498.26,82344.77,0.39380000000000004,0.69883,1e-05,250.59692,73.2,0.1
2026-10-09T20:40:33Z,2027-06-25,259,76000.0,P,0.0755,0.0775,0.0764,85498.26,82344.77,0.39380000000000004,-0.30117,1e-05,250.59692,73.7,0.0
2026-10-09T20:40:33Z,2027-06-25,259,78000.0,C,0.1725,0.1745,0.1737,85498.12,82344.77,0.39130000000000004,0.67125,1e-05,260.15869,104.2,0.2
2026-10-09T20:40:33Z,2027-06-25,259,78000.0,P,0.085,0.087,0.086,85498.26,82344.77,0.39130000000000004,-0.32874,1e-05,260.15855,106.5,0.1
2026-10-09T20:40:33Z,2027-06-25,259,80000.0,C,0.1595,0.1615,0.1607,85498.12,82344.77,0.38939999999999997,0.64307,1e-05,268.36759,183.3,2.3
2026-10-09T20:40:33Z,2027-06-25,259,80000.0,P,0.0955,0.0975,0.0964,85498.12,82344.77,0.38939999999999997,-0.35693,1e-05,268.36759,241.8,200.1
2026-10-09T20:40:33Z,2027-06-25,259,82000.0,C,0.1475,0.149,0.1483,85498.12,82344.77,0.3874,0.61453,1e-05,275.1185,68.3,0.0
2026-10-09T20:40:33Z,2027-06-25,259,82000.0,P,0.1065,0.1085,0.1074,85498.26,82344.77,0.3874,-0.38547,1e-05,275.11855,54.4,0.1
2026-10-09T20:40:33Z,2027-06-25,259,84000.0,C,0.136,0.138,0.1369,85498.12,82344.77,0.38630000000000003,0.58587,1e-05,280.35479,556.3,12.5
2026-10-09T20:40:33Z,2027-06-25,259,84000.0,P,0.1185,0.121,0.1194,85498.26,82344.77,0.38630000000000003,-0.41413,1e-05,280.35494,507.5,0.0
2026-10-09T20:40:33Z,2027-06-25,259,85000.0,C,0.1305,0.1325,0.1315,85499.4,82344.77,0.3859,0.57158,1e-05,282.40059,163.0,0.0
2026-10-09T20:40:33Z,2027-06-25,259,85000.0,P,0.1245,0.127,0.1257,85499.4,82344.77,0.3859,-0.42842,1e-05,282.40059,16.8,0.0
2026-10-09T20:40:33Z,2027-06-25,259,86000.0,C,0.125,0.127,0.1261,85498.12,82344.77,0.385,0.55721,1e-05,284.0726,42.8,0.6
2026-10-09T20:40:33Z,2027-06-25,259,86000.0,P,0.131,0.1335,0.132,85499.4,82344.77,0.385,-0.44277,1e-05,284.07496,2.0,0.0
2026-10-09T20:40:33Z,2027-06-25,259,88000.0,C,0.115,0.117,0.1162,85498.12,82344.77,0.38420000000000004,0.52887,1e-05,286.27749,57.9,0.0
2026-10-09T20:40:33Z,2027-06-25,259,88000.0,P,0.1445,0.147,0.1454,85498.12,82344.77,0.38420000000000004,-0.47113,1e-05,286.27749,30.4,0.0
2026-10-09T20:40:33Z,2027-06-25,259,90000.0,C,0.106,0.108,0.1071,85499.4,82344.77,0.384,0.50114,1e-05,287.03264,796.3,155.0
2026-10-09T20:40:33Z,2027-06-25,259,90000.0,P,0.1585,0.1615,0.1597,85499.4,82344.77,0.384,-0.49886,1e-05,287.03264,87.1,0.0
2026-10-09T20:40:33Z,2027-06-25,259,92000.0,C,0.0975,0.0995,0.0985,85498.12,82344.77,0.3839,0.47393,1e-05,286.41636,45.2,0.0
2026-10-09T20:40:33Z,2027-06-25,259,92000.0,P,0.1725,0.176,0.1746,85499.4,82344.77,0.3839,-0.52605,1e-05,286.42152,0.3,0.0
2026-10-09T20:40:33Z,2027-06-25,259,94000.0,C,0.0895,0.0915,0.0906,85499.4,82344.77,0.3835,0.44736,1e-05,284.53165,30.1,0.0
2026-10-09T20:40:33Z,2027-06-25,259,94000.0,P,0.188,0.1915,0.19,85499.4,82344.77,0.3835,-0.55264,1e-05,284.53165,0.1,0.0
2026-10-09T20:40:33Z,2027-06-25,259,95000.0,C,0.0855,0.0875,0.0867,85498.12,82344.77,0.38299999999999995,0.43417,1e-05,283.11257,57.8,0.4
2026-10-09T20:40:33Z,2027-06-25,259,95000.0,P,0.196,0.1995,0.1978,85498.12,82344.77,0.38299999999999995,-0.56583,1e-05,283.11257,40.2,0.0
2026-10-09T20:40:33Z,2027-06-25,259,96000.0,C,0.082,0.084,0.0831,85499.4,82344.77,0.3832,0.42153,1e-05,281.4636,151.5,0.0
2026-10-09T20:40:33Z,2027-06-25,259,96000.0,P,0.204,0.208,0.206,85498.12,82344.77,0.3832,-0.57849,1e-05,281.4568,0.1,0.0
2026-10-09T20:40:33Z,2027-06-25,259,98000.0,C,0.0755,0.0775,0.0766,85499.4,82344.77,0.3839,0.39707,1e-05,277.42621,154.6,50.1
2026-10-09T20:40:33Z,2027-06-25,259,98000.0,P,0.221,0.2245,0.2228,85501.32,82344.77,0.3839,-0.6029,1e-05,277.43747,0.1,0.0
2026-10-09T20:40:33Z,2027-06-25,259,100000.0,C,0.0695,0.071,0.0703,85499.4,82344.77,0.384,0.37328,1e-05,272.42926,162.7,45.0
2026-10-09T20:40:33Z,2027-06-25,259,100000.0,P,0.238,0.242,0.2399,85499.4,82344.77,0.384,-0.62672,1e-05,272.42926,2.5,0.0
2026-10-09T20:40:33Z,2027-06-25,259,102000.0,C,0.0635,0.0655,0.0647,85499.4,82344.77,0.3848,0.35087,1e-05,266.73889,53.1,0.0
2026-10-09T20:40:33Z,2027-06-25,259,102000.0,P,0.254,0.263,0.2577,85499.4,82344.77,0.3848,-0.64913,1e-05,266.73889,0.0,0.0
2026-10-09T20:40:33Z,2027-06-25,259,104000.0,C,0.0585,0.06,0.0595,85501.32,82344.77,0.38530000000000003,0.32926,1e-05,260.33317,185.9,0.0
2026-10-09T20:40:33Z,2027-06-25,259,104000.0,P,0.269,0.2815,0.2759,85501.32,82344.77,0.38530000000000003,-0.67074,1e-05,260.33317,0.0,0.0
2026-10-09T20:40:33Z,2027-06-25,259,105000.0,C,0.056,0.058,0.0572,85501.32,82344.77,0.386,0.31921,1e-05,257.03468,163.5,0.0
2026-10-09T20:40:33Z,2027-06-25,259,105000.0,P,0.282,0.291,0.2853,85501.32,82344.77,0.386,-0.68079,1e-05,257.03468,2.1,0.0
2026-10-09T20:40:33Z,2027-06-25,259,106000.0,C,0.054,0.0555,0.0548,85499.4,82344.77,0.38630000000000003,0.30901,1e-05,253.47518,21.0,2.0
2026-10-09T20:40:33Z,2027-06-25,259,106000.0,P,0.291,0.3005,0.2946,85499.4,82344.77,0.38630000000000003,-0.69099,1e-05,253.47518,0.0,0.0
2026-10-09T20:40:33Z,2027-06-25,259,108000.0,C,0.0495,0.051,0.0505,85501.32,82344.77,0.3875,0.28998,1e-05,246.28124,35.2,0.0
2026-10-09T20:40:33Z,2027-06-25,259,108000.0,P,0.3105,0.3195,0.3137,85501.32,82344.77,0.3875,-0.71002,1e-05,246.28124,0.2,0.0
2026-10-09T20:40:33Z,2027-06-25,259,110000.0,C,0.0455,0.0475,0.0468,85499.4,82344.77,0.3892,0.27242,1e-05,238.95538,289.7,0.1
2026-10-09T20:40:33Z,2027-06-25,259,110000.0,P,0.33,0.339,0.3333,85501.32,82344.77,0.3892,-0.72756,1e-05,238.97067,5.3,0.0
2026-10-09T20:40:33Z,2027-06-25,259,112000.0,C,0.0425,0.044,0.0433,85499.4,82344.77,0.3908,0.25577,1e-05,231.39888,0.0,0.0
2026-10-09T20:40:33Z,2027-06-25,259,112000.0,P,0.3485,0.359,0.3532,85501.32,82344.77,0.3908,-0.74421,1e-05,231.41445,0.0,0.0
2026-10-09T20:40:33Z,2027-06-25,259,114000.0,C,0.039,0.0405,0.0398,85501.32,82344.77,0.39149999999999996,0.23932,1e-05,223.33001,6.0,0.0
2026-10-09T20:40:33Z,2027-06-25,259,114000.0,P,0.3695,0.3795,0.3731,85501.08,82344.77,0.39149999999999996,-0.76068,1e-05,223.32782,0.0,0.0
2026-10-09T20:40:33Z,2027-06-25,259,115000.0,C,0.0375,0.039,0.0383,85501.32,82344.77,0.3923,0.23186,1e-05,219.46066,150.1,0.0
2026-10-09T20:40:33Z,2027-06-25,259,115000.0,P,0.3795,0.3895,0.3833,85501.08,82344.77,0.3923,-0.76814,1e-05,219.45856,1.0,0.0
2026-10-09T20:40:33Z,2027-06-25,259,116000.0,C,0.036,0.0375,0.0368,85501.08,82344.77,0.39289999999999997,0.22444,1e-05,215.48011,9.9,0.0
2026-10-09T20:40:33Z,2027-06-25,259,116000.0,P,0.3905,0.399,0.3935,85501.08,82344.77,0.39289999999999997,-0.77556,1e-05,215.48011,0.0,0.0
2026-10-09T20:40:33Z,2027-06-25,259,120000.0,C,0.031,0.0325,0.0317,85501.32,82344.77,0.3967,0.19811,1e-05,200.28213,302.1,0.0
2026-10-09T20:40:33Z,2027-06-25,259,120000.0,P,0.431,0.442,0.4353,85501.32,82344.77,0.3967,-0.80189,1e-05,200.28213,0.9,0.0
2026-10-09T20:40:33Z,2027-06-25,259,125000.0,C,0.0255,0.027,0.0263,85501.32,82344.77,0.4008,0.16921,1e-05,181.5272,641.2,0.0
2026-10-09T20:40:33Z,2027-06-25,259,125000.0,P,0.484,0.4955,0.4883,85501.08,82344.77,0.4008,-0.8308,1e-05,181.52481,0.0,0.0
2026-10-09T20:40:33Z,2027-06-25,259,130000.0,C,0.0215,0.023,0.0221,85501.08,82344.77,0.40549999999999997,0.14515,1e-05,164.10767,765.7,0.0
2026-10-09T20:40:33Z,2027-06-25,259,130000.0,P,0.538,0.5495,0.5426,85501.32,82344.77,0.40549999999999997,-0.85484,1e-05,164.10992,3.9,0.0
2026-10-09T20:40:33Z,2027-06-25,259,135000.0,C,0.018,0.0195,0.0188,85501.08,82344.77,0.4115,0.12596,1e-05,148.90189,24.4,11.0
2026-10-09T20:40:33Z,2027-06-25,259,135000.0,P,0.593,0.605,0.5978,85501.08,82344.77,0.4115,-0.87404,1e-05,148.90189,0.0,0.0
2026-10-09T20:40:33Z,2027-06-25,259,140000.0,C,0.016,0.0165,0.0161,85501.08,82344.77,0.4169,0.10929,1e-05,134.66109,378.3,0.1
2026-10-09T20:40:33Z,2027-06-25,259,140000.0,P,0.6485,0.6615,0.6535,85501.08,82344.77,0.4169,-0.89071,1e-05,134.66109,3.4,0.0
2026-10-09T20:40:33Z,2027-06-25,259,150000.0,C,0.012,0.0125,0.012,85501.08,82344.77,0.4282,0.08379,0.0,110.76758,218.9,0.4
2026-10-09T20:40:33Z,2027-06-25,259,150000.0,P,0.757,0.775,0.7664,85501.08,82344.77,0.4282,-0.91621,0.0,110.76758,1.1,0.0
2026-10-09T20:40:33Z,2027-06-25,259,160000.0,C,0.0085,0.0095,0.009,85501.08,82344.77,0.4371,0.0643,0.0,90.461,703.6,7.0
2026-10-09T20:40:33Z,2027-06-25,259,160000.0,P,0.8745,0.89,0.8803,85504.82,82344.77,0.4371,-0.93569,0.0,90.48114,0.2,0.0
2026-10-09T20:40:33Z,2027-06-25,259,170000.0,C,0.0065,0.008,0.0073,85504.82,82344.77,0.45049999999999996,0.05227,0.0,76.87953,153.0,0.0
2026-10-09T20:40:33Z,2027-06-25,259,170000.0,P,0.989,1.008,0.9956,85504.82,82344.77,0.45049999999999996,-0.94773,0.0,76.87953,15.2,0.1
2026-10-09T20:40:33Z,2027-06-25,259,180000.0,C,0.0055,0.0065,0.006,85501.13,82344.77,0.4631,0.04312,0.0,65.89246,66.7,0.0
2026-10-09T20:40:33Z,2027-06-25,259,180000.0,P,1.0945,1.1275,1.1112,85504.82,82344.77,0.4631,-0.95687,0.0,65.90783,0.0,0.0
2026-10-09T20:40:33Z,2027-06-25,259,190000.0,C,0.0046,0.0055,0.0051,85501.13,82344.77,0.4757,0.03637,0.0,57.37542,67.0,0.0
2026-10-09T20:40:33Z,2027-06-25,259,190000.0,P,1.2085,1.242,1.2272,85504.82,82344.77,0.4757,-0.96362,0.0,57.389,0.6,0.0
2026-10-09T20:40:33Z,2027-06-25,259,200000.0,C,0.0038,0.0044,0.0041,85504.82,82344.77,0.484,0.02986,0.0,48.76756,234.4,0.1
2026-10-09T20:40:33Z,2027-06-25,259,200000.0,P,1.33,1.3625,1.3433,85501.13,82344.77,0.484,-0.97015,0.0,48.75573,2.1,0.0
2026-10-09T20:40:33Z,2027-09-24,350,50000.0,C,0.439,0.443,0.4409,86605.62,82344.77,0.46130000000000004,0.92545,0.0,119.40904,1.6,0.0
2026-10-09T20:40:33Z,2027-09-24,350,50000.0,P,0.0175,0.019,0.0183,86601.93,82344.77,0.46130000000000004,-0.07456,0.0,119.42022,740.4,1.2
2026-10-09T20:40:33Z,2027-09-24,350,60000.0,C,0.341,0.3445,0.3429,86601.93,82344.77,0.4265,0.86171,1e-05,187.03548,0.0,0.0
2026-10-09T20:40:33Z,2027-09-24,350,60000.0,P,0.035,0.0365,0.0357,86605.64,82344.77,0.4265,-0.13826,1e-05,187.02263,22.0,0.5
2026-10-09T20:40:33Z,2027-09-24,350,65000.0,C,0.2965,0.3,0.2984,86605.64,82344.77,0.41450000000000004,0.8187,1e-05,223.37457,2.1,0.0
2026-10-09T20:40:33Z,2027-09-24,350,65000.0,P,0.048,0.05,0.049,86608.64,82344.77,0.41450000000000004,-0.18128,1e-05,223.36493,4.9,0.1
2026-10-09T20:40:33Z,2027-09-24,350,70000.0,C,0.256,0.259,0.2577,86608.64,82344.77,0.40549999999999997,0.76883,1e-05,258.06332,9.1,0.0
2026-10-09T20:40:33Z,2027-09-24,350,70000.0,P,0.065,0.067,0.0659,86608.64,82344.77,0.40549999999999997,-0.23117,1e-05,258.06332,8.3,0.2
2026-10-09T20:40:33Z,2027-09-24,350,72000.0,C,0.241,0.244,0.2424,86608.64,82344.77,0.40240000000000004,0.7473,1e-05,270.8378,0.0,0.0
2026-10-09T20:40:33Z,2027-09-24,350,72000.0,P,0.073,0.075,0.0738,86608.64,82344.77,0.40240000000000004,-0.2527,1e-05,270.8378,22.1,0.0
2026-10-09T20:40:33Z,2027-09-24,350,74000.0,C,0.226,0.2295,0.2278,86608.64,82344.77,0.3997,0.72503,1e-05,282.75878,1.4,0.0
2026-10-09T20:40:33Z,2027-09-24,350,74000.0,P,0.081,0.0835,0.0823,86608.64,82344.77,0.3997,-0.27497,1e-05,282.75878,25.1,0.0
2026-10-09T20:40:33Z,2027-09-24,350,76000.0,C,0.2125,0.2155,0.214,86605.64,82344.77,0.39770000000000005,0.70203,1e-05,293.73764,7.8,0.0
2026-10-09T20:40:33Z,2027-09-24,350,76000.0,P,0.0905,0.093,0.0916,86608.64,82344.77,0.39770000000000005,-0.29794,1e-05,293.73395,25.6,0.0
2026-10-09T20:40:33Z,2027-09-24,350,78000.0,C,0.199,0.202,0.2008,86605.64,82344.77,0.3956,0.67864,1e-05,303.58732,13.1,0.2
2026-10-09T20:40:33Z,2027-09-24,350,78000.0,P,0.1,0.103,0.1014,86608.64,82344.77,0.3956,-0.32133,1e-05,303.58524,0.1,0.0
2026-10-09T20:40:33Z,2027-09-24,350,80000.0,C,0.1865,0.1895,0.1883,86608.64,82344.77,0.39409999999999995,0.65492,1e-05,312.26473,34.4,1.3
2026-10-09T20:40:33Z,2027-09-24,350,80000.0,P,0.1105,0.1135,0.112,86608.64,82344.77,0.39409999999999995,-0.34508,1e-05,312.26473,335.7,0.2
2026-10-09T20:40:33Z,2027-09-24,350,82000.0,C,0.175,0.178,0.1763,86608.6,82344.77,0.3926,0.63097,1e-05,319.70307,32.8,27.0
2026-10-09T20:40:33Z,2027-09-24,350,82000.0,P,0.122,0.1245,0.1231,86608.59,82344.77,0.3926,-0.36903,1e-05,319.70307,1.2,0.1
2026-10-09T20:40:33Z,2027-09-24,350,84000.0,C,0.1635,0.1665,0.1651,86608.59,82344.77,0.39149999999999996,0.60695,1e-05,325.86557,502.6,0.6
2026-10-09T20:40:33Z,2027-09-24,350,84000.0,P,0.1335,0.1365,0.135,86608.59,82344.77,0.39149999999999996,-0.39305,1e-05,325.86557,501.1,0.0
2026-10-09T20:40:33Z,2027-09-24,350,86000.0,C,0.1535,0.156,0.1547,86608.59,82344.77,0.3909,0.58304,1e-05,330.73822,2.8,0.0
2026-10-09T20:40:33Z,2027-09-24,350,86000.0,P,0.146,0.149,0.1476,86608.59,82344.77,0.3909,-0.41696,1e-05,330.73822,4.5,0.2
2026-10-09T20:40:33Z,2027-09-24,350,88000.0,C,0.1435,0.1455,0.1446,86608.59,82344.77,0.3899,0.55922,1e-05,334.3574,19.0,1.2
2026-10-09T20:40:33Z,2027-09-24,350,88000.0,P,0.1595,0.1625,0.1607,86608.59,82344.77,0.3899,-0.44078,1e-05,334.3574,1.3,0.1
2026-10-09T20:40:33Z,2027-09-24,350,90000.0,C,0.134,0.1365,0.1353,86608.6,82344.77,0.3896,0.53581,1e-05,336.72553,15.0,0.2
2026-10-09T20:40:33Z,2027-09-24,350,90000.0,P,0.173,0.176,0.1745,86608.59,82344.77,0.3896,-0.46419,1e-05,336.7255,2.8,0.0
2026-10-09T20:40:33Z,2027-09-24,350,92000.0,C,0.1255,0.128,0.1268,86608.59,82344.77,0.3899,0.51295,1e-05,337.91046,28.1,25.0
2026-10-09T20:40:33Z,2027-09-24,350,92000.0,P,0.187,0.1905,0.189,86608.59,82344.77,0.3899,-0.48705,1e-05,337.91046,0.0,0.0
2026-10-09T20:40:33Z,2027-09-24,350,94000.0,C,0.117,0.1195,0.1183,86608.59,82344.77,0.38909999999999995,0.49014,1e-05,337.98529,1.1,0.0
2026-10-09T20:40:33Z,2027-09-24,350,94000.0,P,0.202,0.2055,0.2037,86608.59,82344.77,0.38909999999999995,-0.50986,1e-05,337.98529,0.0,0.0
2026-10-09T20:40:33Z,2027-09-24,350,96000.0,C,0.1095,0.112,0.1108,86608.59,82344.77,0.3895,0.46829,1e-05,337.01998,1.4,0.0
2026-10-09T20:40:33Z,2027-09-24,350,96000.0,P,0.217,0.221,0.2192,86608.6,82344.77,0.3895,-0.53171,1e-05,337.02003,0.0,0.0
2026-10-09T20:40:33Z,2027-09-24,350,98000.0,C,0.102,0.1045,0.1036,86608.59,82344.77,0.38939999999999997,0.4468,1e-05,335.07774,0.6,0.1
2026-10-09T20:40:33Z,2027-09-24,350,98000.0,P,0.232,0.2375,0.2351,86608.59,82344.77,0.38939999999999997,-0.5532,1e-05,335.07774,0.0,0.0
2026-10-09T20:40:33Z,2027-09-24,350,100000.0,C,0.0955,0.098,0.0968,86608.59,82344.77,0.3896,0.42603,1e-05,332.25995,87.8,0.2
2026-10-09T20:40:33Z,2027-09-24,350,100000.0,P,0.2485,0.254,0.2515,86608.59,82344.77,0.3896,-0.57397,1e-05,332.25995,0.0,0.0
2026-10-09T20:40:33Z,2027-09-24,350,102000.0,C,0.0895,0.0915,0.0906,86608.59,82344.77,0.39,0.40599,1e-05,328.65847,6.8,0.0
2026-10-09T20:40:33Z,2027-09-24,350,102000.0,P,0.265,0.271,0.2683,86608.59,82344.77,0.39,-0.59401,1e-05,328.65847,0.0,0.0
2026-10-09T20:40:33Z,2027-09-24,350,104000.0,C,0.0835,0.086,0.0848,86608.59,82344.77,0.39049999999999996,0.3867,1e-05,324.36093,5.7,0.0
2026-10-09T20:40:33Z,2027-09-24,350,104000.0,P,0.281,0.2915,0.2856,86608.59,82344.77,0.39049999999999996,-0.6133,1e-05,324.36093,0.0,0.0
2026-10-09T20:40:33Z,2027-09-24,350,106000.0,C,0.0785,0.0805,0.0793,86608.36,82344.77,0.3909,0.3681,1e-05,319.43602,0.1,0.0
2026-10-09T20:40:33Z,2027-09-24,350,106000.0,P,0.299,0.309,0.3032,86608.36,82344.77,0.3909,-0.6319,1e-05,319.43602,0.0,0.0
2026-10-09T20:40:33Z,2027-09-24,350,108000.0,C,0.073,0.0755,0.0743,86608.59,82344.77,0.39149999999999996,0.35023,1e-05,313.97399,0.0,0.0
2026-10-09T20:40:33Z,2027-09-24,350,108000.0,P,0.317,0.3285,0.3212,86608.36,82344.77,0.39149999999999996,-0.64977,1e-05,313.97232,0.0,0.0
2026-10-09T20:40:33Z,2027-09-24,350,110000.0,C,0.0685,0.0705,0.0695,86608.36,82344.77,0.3922,0.33317,1e-05,308.07531,200.9,0.0
2026-10-09T20:40:33Z,2027-09-24,350,110000.0,P,0.335,0.347,0.3396,86608.36,82344.77,0.3922,-0.66683,1e-05,308.07531,0.2,0.0
2026-10-09T20:40:33Z,2027-09-24,350,112000.0,C,0.064,0.066,0.0651,86608.36,82344.77,0.3926,0.31662,1e-05,301.70716,0.0,0.0
2026-10-09T20:40:33Z,2027-09-24,350,112000.0,P,0.349,0.366,0.3582,86608.59,82344.77,0.3926,-0.68338,1e-05,301.70895,0.0,0.0
2026-10-09T20:40:33Z,2027-09-24,350,114000.0,C,0.06,0.062,0.061,86608.36,82344.77,0.3936,0.30119,1e-05,295.18097,0.0,0.0
2026-10-09T20:40:33Z,2027-09-24,350,114000.0,P,0.3725,0.385,0.3773,86608.36,82344.77,0.3936,-0.69881,1e-05,295.18097,0.0,0.0
2026-10-09T20:40:33Z,2027-09-24,350,115000.0,C,0.058,0.0605,0.0593,86608.36,82344.77,0.3944,0.29401,1e-05,291.94861,0.0,0.0
2026-10-09T20:40:33Z,2027-09-24,350,115000.0,P,0.382,0.3945,0.3871,86608.41,82344.77,0.3944,-0.70599,1e-05,291.94899,0.0,0.0
2026-10-09T20:40:33Z,2027-09-24,350,116000.0,C,0.0565,0.0585,0.0575,86608.36,82344.77,0.39520000000000005,0.28696,1e-05,288.65402,2.3,0.0
2026-10-09T20:40:33Z,2027-09-24,350,116000.0,P,0.3915,0.4045,0.3969,86608.41,82344.77,0.39520000000000005,-0.71304,1e-05,288.65443,0.0,0.0
2026-10-09T20:40:33Z,2027-09-24,350,118000.0,C,0.053,0.055,0.054,86608.41,82344.77,0.3962,0.27294,1e-05,281.72567,0.1,0.0
2026-10-09T20:40:33Z,2027-09-24,350,118000.0,P,0.411,0.424,0.4165,86608.41,82344.77,0.3962,-0.72706,1e-05,281.72567,0.0,0.0
2026-10-09T20:40:33Z,2027-09-24,350,120000.0,C,0.05,0.0515,0.0506,86608.41,82344.77,0.3969,0.25931,1e-05,274.50783,12.7,0.0
2026-10-09T20:40:33Z,2027-09-24,350,120000.0,P,0.431,0.444,0.4362,86608.41,82344.77,0.3969,-0.74069,1e-05,274.50783,0.0,0.0
2026-10-09T20:40:33Z,2027-09-24,350,125000.0,C,0.043,0.0445,0.0436,86608.36,82344.77,0.4003,0.22939,1e-05,256.94438,54.3,0.0
2026-10-09T20:40:33Z,2027-09-24,350,125000.0,P,0.4815,0.495,0.4869,86608.41,82344.77,0.4003,-0.77061,1e-05,256.9448,0.0,0.0
2026-10-09T20:40:33Z,2027-09-24,350,130000.0,C,0.037,0.0385,0.0378,86608.36,82344.77,0.4039,0.20322,1e-05,239.53626,46.3,0.0
2026-10-09T20:40:33Z,2027-09-24,350,130000.0,P,0.534,0.5465,0.5388,86608.41,82344.77,0.4039,-0.79678,1e-05,239.53669,4.0,0.0
2026-10-09T20:40:33Z,2027-09-24,350,135000.0,C,0.032,0.0335,0.0329,86608.36,82344.77,0.4077,0.18055,1e-05,222.80251,100.1,0.0
2026-10-09T20:40:33Z,2027-09-24,350,135000.0,P,0.5855,0.6005,0.5916,86608.41,82344.77,0.4077,-0.81945,1e-05,222.80293,0.0,0.0
2026-10-09T20:40:33Z,2027-09-24,350,140000.0,C,0.028,0.0295,0.0288,86608.36,82344.77,0.41159999999999997,0.16079,1e-05,206.86535,508.7,0.0
2026-10-09T20:40:33Z,2027-09-24,350,140000.0,P,0.6395,0.6535,0.6452,86608.36,82344.77,0.41159999999999997,-0.83921,1e-05,206.86535,0.0,0.0
2026-10-09T20:40:33Z,2027-09-24,350,150000.0,C,0.0215,0.023,0.0223,86608.41,82344.77,0.4191,0.12836,1e-05,177.70997,27.7,0.0
2026-10-09T20:40:33Z,2027-09-24,350,150000.0,P,0.7485,0.763,0.7542,86608.41,82344.77,0.4191,-0.87164,1e-05,177.70997,0.0,0.0
2026-10-09T20:40:33Z,2027-09-24,350,160000.0,C,0.017,0.0185,0.0178,86608.41,82344.77,0.428,0.10454,0.0,153.61467,3.1,0.0
2026-10-09T20:40:33Z,2027-09-24,350,160000.0,P,0.858,0.8745,0.8652,86608.41,82344.77,0.428,-0.89546,0.0,153.61467,0.0,0.0
2026-10-09T20:40:33Z,2027-09-24,350,170000.0,C,0.014,0.015,0.0145,86608.41,82344.77,0.4374,0.08665,0.0,133.7796,4.2,0.1
2026-10-09T20:40:33Z,2027-09-24,350,170000.0,P,0.9705,0.9865,0.9774,86607.92,82344.77,0.4374,-0.91336,0.0,133.7763,4.3,0.0
2026-10-09T20:40:33Z,2027-09-24,350,180000.0,C,0.0115,0.0125,0.012,86607.92,82344.77,0.44630000000000003,0.07255,0.0,116.9572,53.2,0.0
2026-10-09T20:40:33Z,2027-09-24,350,180000.0,P,1.071,1.1105,1.0903,86607.92,82344.77,0.44630000000000003,-0.92745,0.0,116.9572,0.1,0.0
2026-10-09T20:40:33Z,2027-09-24,350,190000.0,C,0.0095,0.0105,0.01,86607.92,82344.77,0.4542,0.06113,0.0,102.43147,10.7,0.0
2026-10-09T20:40:33Z,2027-09-24,350,190000.0,P,1.1835,1.2255,1.2038,86607.92,82344.77,0.4542,-0.93887,0.0,102.43147,0.0,0.0
2026-10-09T20:40:33Z,2027-09-24,350,200000.0,C,0.008,0.009,0.0085,86607.92,82344.77,0.46259999999999996,0.05231,0.0,90.60751,30.0,0.0
2026-10-09T20:40:33Z,2027-09-24,350,200000.0,P,1.297,1.3385,1.3177,86607.92,82344.77,0.46259999999999996,-0.94769,0.0,90.60751,0.0,0.0
2026-10-09T20:40:33Z,2027-09-24,350,210000.0,C,0.0065,0.008,0.0072,86608.34,82344.77,0.4698,0.04488,0.0,80.1543,20.6,0.0
2026-10-09T20:40:33Z,2027-09-24,350,210000.0,P,1.4155,1.4565,1.4319,86607.92,82344.77,0.4698,-0.95512,0.0,80.15248,0.0,0.0
2026-10-09T20:40:33Z,2027-09-24,350,220000.0,C,0.006,0.007,0.0065,86608.34,82344.77,0.4802,0.04014,0.0,73.2374,42.0,1.5
2026-10-09T20:40:33Z,2027-09-24,350,220000.0,P,1.5245,1.5725,1.5467,86607.92,82344.77,0.4802,-0.95986,0.0,73.23572,0.0,0.0
