snapshot_ts,expiry,days_to_expiry,strike,option_type,bid,ask,mark_price,forward_price,index_price,implied_vol,delta,gamma,vega,open_interest,volume_24h
2026-09-03T19:11:34Z,2026-09-04,1,53000.0,C,0.3465,0.349,0.3479,81275.06,81250.13,1.0186,1.0,0.0,0.0,0.0,0.0
2026-09-03T19:11:34Z,2026-09-04,1,53000.0,P,0.0,0.0001,0.0,81274.52,81250.13,1.0186,0.0,0.0,0.0,131.3,0.0
2026-09-03T19:11:34Z,2026-09-04,1,55000.0,C,0.3215,0.3245,0.3233,81274.52,81250.13,1.0069,1.0,0.0,0.0,0.0,0.0
2026-09-03T19:11:34Z,2026-09-04,1,55000.0,P,0.0,0.0001,0.0,81275.06,81250.13,1.0069,0.0,0.0,0.0,110.2,0.0
2026-09-03T19:11:34Z,2026-09-04,1,58000.0,C,0.285,0.2885,0.2864,81275.06,81250.13,1.0047,1.0,0.0,0.0,0.0,0.0
2026-09-03T19:11:34Z,2026-09-04,1,58000.0,P,0.0,0.0001,0.0,81274.52,81250.13,1.0047,0.0,0.0,0.0,378.8,0.0
2026-09-03T19:11:34Z,2026-09-04,1,60000.0,C,0.26,0.2645,0.2618,81274.52,81250.13,1.0047,1.0,0.0,0.0,0.4,0.0
2026-09-03T19:11:34Z,2026-09-04,1,60000.0,P,0.0,0.0001,0.0,81274.52,81250.13,1.0047,0.0,0.0,0.0,1086.7,0.2
2026-09-03T19:11:34Z,2026-09-04,1,61000.0,C,0.2485,0.2505,0.2495,81275.06,81250.13,1.0047,1.0,0.0,0.0,5.5,0.0
2026-09-03T19:11:34Z,2026-09-04,1,61000.0,P,0.0,0.0001,0.0,81275.06,81250.13,1.0047,0.0,0.0,0.0,156.0,0.0
2026-09-03T19:11:34Z,2026-09-04,1,62000.0,C,0.235,0.2385,0.2372,81275.06,81250.13,1.0044,1.0,0.0,0.0,2.4,0.0
2026-09-03T19:11:34Z,2026-09-04,1,62000.0,P,0.0,0.0001,0.0,81275.06,81250.13,1.0044,0.0,0.0,0.0,556.9,0.0
2026-09-03T19:11:34Z,2026-09-04,1,63000.0,C,0.224,0.226,0.2249,81274.52,81250.13,1.0044,1.0,0.0,0.0,85.2,0.0
2026-09-03T19:11:34Z,2026-09-04,1,63000.0,P,0.0,0.0001,0.0,81275.06,81250.13,1.0044,0.0,0.0,0.0,743.0,0.0
2026-09-03T19:11:34Z,2026-09-04,1,64000.0,C,0.2115,0.2135,0.2126,81275.06,81250.13,0.9928,1.0,0.0,0.0,265.0,0.0
2026-09-03T19:11:34Z,2026-09-04,1,64000.0,P,0.0,0.0001,0.0,81274.52,81250.13,0.9928,0.0,0.0,0.0,250.6,0.0
2026-09-03T19:11:34Z,2026-09-04,1,65000.0,C,0.199,0.2015,0.2003,81275.06,81250.13,0.9751000000000001,1.0,0.0,0.0,293.6,0.0
2026-09-03T19:11:34Z,2026-09-04,1,65000.0,P,0.0,0.0001,0.0,81275.58,81250.13,0.9751000000000001,0.0,0.0,0.0,417.0,1.1
2026-09-03T19:11:34Z,2026-09-04,1,66000.0,C,0.187,0.189,0.1879,81275.58,81250.13,0.9215000000000001,1.0,0.0,0.0,448.1,5.2
2026-09-03T19:11:34Z,2026-09-04,1,66000.0,P,0.0,0.0001,0.0,81275.58,81250.13,0.9215000000000001,0.0,0.0,0.0,348.3,0.5
2026-09-03T19:11:34Z,2026-09-04,1,67000.0,C,0.1745,0.177,0.1756,81275.58,81250.13,0.8721,1.0,0.0,0.0,904.2,133.3
2026-09-03T19:11:34Z,2026-09-04,1,67000.0,P,0.0,0.0001,0.0,81275.58,81250.13,0.8721,0.0,0.0,0.0,134.0,0.0
2026-09-03T19:11:34Z,2026-09-04,1,68000.0,C,0.1625,0.1645,0.1633,81275.58,81250.13,0.7857,1.0,0.0,0.0,818.7,21.5
2026-09-03T19:11:34Z,2026-09-04,1,68000.0,P,0.0,0.0001,0.0,81275.06,81250.13,0.7857,0.0,0.0,0.0,274.2,0.0
2026-09-03T19:11:34Z,2026-09-04,1,69000.0,C,0.15,0.1525,0.151,81275.58,81250.13,0.7474,1.0,0.0,0.0,401.2,0.0
2026-09-03T19:11:34Z,2026-09-04,1,69000.0,P,0.0,0.0001,0.0,81275.58,81250.13,0.7474,0.0,0.0,0.0,142.7,2.0
2026-09-03T19:11:34Z,2026-09-04,1,70000.0,C,0.1375,0.14,0.1387,81275.58,81250.13,0.6696,1.0,0.0,0.0,754.3,0.3
2026-09-03T19:11:34Z,2026-09-04,1,70000.0,P,0.0,0.0001,0.0,81275.58,81250.13,0.6696,0.0,0.0,0.0,1065.7,5.3
2026-09-03T19:11:34Z,2026-09-04,1,71000.0,C,0.1255,0.128,0.1264,81275.58,81250.13,0.6505,1.0,0.0,0.0,919.7,0.0
2026-09-03T19:11:34Z,2026-09-04,1,71000.0,P,0.0,0.0001,0.0,81275.58,81250.13,0.6505,0.0,0.0,0.0,268.5,5.0
2026-09-03T19:11:34Z,2026-09-04,1,72000.0,C,0.113,0.1155,0.1141,81275.06,81250.13,0.6501,1.0,0.0,8e-05,552.5,0.0
2026-09-03T19:11:34Z,2026-09-04,1,72000.0,P,0.0,0.0001,0.0,81275.58,81250.13,0.6501,0.0,0.0,8e-05,524.1,12.0
2026-09-03T19:11:34Z,2026-09-04,1,73000.0,C,0.1005,0.103,0.1018,81275.58,81250.13,0.6496999999999999,0.99999,0.0,0.00102,530.8,15.2
2026-09-03T19:11:34Z,2026-09-04,1,73000.0,P,0.0,0.0001,0.0,81275.58,81250.13,0.6496999999999999,-1e-05,0.0,0.00102,786.1,21.1
2026-09-03T19:11:34Z,2026-09-04,1,74000.0,C,0.0885,0.091,0.0895,81275.06,81250.13,0.6496,0.99992,0.0,0.00946,794.0,0.0
2026-09-03T19:11:34Z,2026-09-04,1,74000.0,P,0.0,0.0001,0.0,81275.58,81250.13,0.6496,-8e-05,0.0,0.00945,680.7,27.5
2026-09-03T19:11:34Z,2026-09-04,1,75000.0,C,0.0765,0.0785,0.0772,81275.06,81250.13,0.6496,0.99942,0.0,0.06339,506.3,7.4
2026-09-03T19:11:34Z,2026-09-04,1,75000.0,P,0.0,0.0001,0.0,81275.58,81250.13,0.6496,-0.00058,0.0,0.06334,907.8,110.0
2026-09-03T19:11:34Z,2026-09-04,1,75500.0,C,0.069,0.073,0.0711,81275.58,81250.13,0.6496,0.99856,0.0,0.14575,0.0,0.0
2026-09-03T19:11:34Z,2026-09-04,1,75500.0,P,0.0,0.0001,0.0,81275.58,81250.13,0.6496,-0.00144,0.0,0.14575,15.0,21.6
2026-09-03T19:11:34Z,2026-09-04,1,76000.0,C,0.064,0.0665,0.0649,81275.58,81250.13,0.6496,0.99669,0.0,0.31075,176.8,0.4
2026-09-03T19:11:34Z,2026-09-04,1,76000.0,P,0.0,0.0002,0.0,81275.12,81250.13,0.6496,-0.00331,0.0,0.31094,342.6,106.6
2026-09-03T19:11:34Z,2026-09-04,1,76500.0,C,0.0575,0.0605,0.0588,81275.12,81250.13,0.635,0.9939,1e-05,0.53586,8.0,0.0
2026-09-03T19:11:34Z,2026-09-04,1,76500.0,P,0.0,0.0003,0.0,81275.12,81250.13,0.635,-0.0061,1e-05,0.53586,134.7,86.9
2026-09-03T19:11:34Z,2026-09-04,1,77000.0,C,0.0515,0.054,0.0527,81275.12,81250.13,0.5835,0.99253,1e-05,0.64103,136.6,5.1
2026-09-03T19:11:34Z,2026-09-04,1,77000.0,P,0.0,0.0003,0.0001,81275.58,81250.13,0.5835,-0.00746,1e-05,0.64064,440.8,142.1
2026-09-03T19:11:34Z,2026-09-04,1,77500.0,C,0.0455,0.048,0.0465,81275.12,81250.13,0.5388000000000001,0.98982,2e-05,0.841,146.5,69.9
2026-09-03T19:11:34Z,2026-09-04,1,77500.0,P,0.0,0.0002,0.0001,81275.12,81250.13,0.5388000000000001,-0.01018,2e-05,0.841,54.3,44.5
2026-09-03T19:11:34Z,2026-09-04,1,78000.0,C,0.039,0.042,0.0404,81275.12,81250.13,0.5222,0.9808,3e-05,1.45315,367.2,219.0
2026-09-03T19:11:34Z,2026-09-04,1,78000.0,P,0.0001,0.0002,0.0001,81275.12,81250.13,0.5222,-0.0192,3e-05,1.45315,429.2,429.6
2026-09-03T19:11:34Z,2026-09-04,1,78500.0,C,0.033,0.036,0.0343,81275.12,81250.13,0.4702,0.97392,4e-05,1.8815,87.7,61.6
2026-09-03T19:11:34Z,2026-09-04,1,78500.0,P,0.0001,0.0003,0.0002,81275.12,81250.13,0.4702,-0.02608,4e-05,1.8815,61.0,72.1
2026-09-03T19:11:34Z,2026-09-04,1,79000.0,C,0.027,0.03,0.0283,81275.12,81250.13,0.4354,0.95674,7e-05,2.85263,281.9,221.8
2026-09-03T19:11:34Z,2026-09-04,1,79000.0,P,0.0002,0.0004,0.0003,81275.12,81250.13,0.4354,-0.04326,7e-05,2.85263,176.7,86.1
2026-09-03T19:11:34Z,2026-09-04,1,79500.0,C,0.021,0.0235,0.0224,81275.12,81250.13,0.41509999999999997,0.91919,0.00012,4.65384,103.7,188.3
2026-09-03T19:11:34Z,2026-09-04,1,79500.0,P,0.0005,0.0007,0.0006,81275.12,81250.13,0.41509999999999997,-0.08081,0.00012,4.65384,180.0,326.7
2026-09-03T19:11:34Z,2026-09-04,1,80000.0,C,0.016,0.0185,0.0169,81275.58,81250.13,0.4044,0.84874,0.00019,7.28409,948.3,414.4
2026-09-03T19:11:34Z,2026-09-04,1,80000.0,P,0.001,0.0014,0.0012,81270.85,81250.13,0.4044,-0.15214,0.00019,7.31182,324.5,120.3
2026-09-03T19:11:34Z,2026-09-04,1,80500.0,C,0.011,0.0135,0.012,81270.85,81250.13,0.4006,0.73565,0.00026,10.16272,88.1,87.9
2026-09-03T19:11:34Z,2026-09-04,1,80500.0,P,0.0022,0.0025,0.0025,81270.85,81250.13,0.4006,-0.26435,0.00026,10.16272,28.4,46.4
2026-09-03T19:11:34Z,2026-09-04,1,81000.0,C,0.0075,0.009,0.0083,81270.85,81250.13,0.42590000000000006,0.58442,0.00029,12.1151,518.4,350.1
2026-09-03T19:11:34Z,2026-09-04,1,81000.0,P,0.0045,0.0055,0.0049,81270.85,81250.13,0.42590000000000006,-0.41558,0.00029,12.1151,221.5,185.6
2026-09-03T19:11:34Z,2026-09-04,1,81500.0,C,0.005,0.006,0.0058,81270.85,81250.13,0.4635,0.44036,0.00027,12.25486,0.0,0.0
2026-09-03T19:11:34Z,2026-09-04,1,81500.0,P,0.008,0.009,0.0085,81270.85,81250.13,0.4635,-0.55964,0.00027,12.25486,0.0,0.0
2026-09-03T19:11:34Z,2026-09-04,1,82000.0,C,0.0039,0.0042,0.0039,81270.85,81250.13,0.4938,0.32142,0.00023,11.13014,6330.4,1514.8
2026-09-03T19:11:34Z,2026-09-04,1,82000.0,P,0.0115,0.014,0.0128,81270.85,81250.13,0.4938,-0.67858,0.00023,11.13014,10.9,8.7
2026-09-03T19:11:34Z,2026-09-04,1,83000.0,C,0.0017,0.0021,0.0019,81270.85,81250.13,0.5592,0.16498,0.00014,7.71119,178.8,125.2
2026-09-03T19:11:34Z,2026-09-04,1,83000.0,P,0.0215,0.0245,0.0231,81270.85,81250.13,0.5592,-0.83502,0.00014,7.71119,2.4,0.0
2026-09-03T19:11:34Z,2026-09-04,1,84000.0,C,0.0008,0.001,0.0009,81270.85,81250.13,0.6139,0.08138,8e-05,4.67849,537.9,159.4
2026-09-03T19:11:34Z,2026-09-04,1,84000.0,P,0.0325,0.0365,0.0344,81270.85,81250.13,0.6139,-0.91862,8e-05,4.67849,0.0,0.0
2026-09-03T19:11:34Z,2026-09-04,1,85000.0,C,0.0002,0.0005,0.0003,81270.85,81250.13,0.6321,0.03254,4e-05,2.26083,808.7,342.1
2026-09-03T19:11:34Z,2026-09-04,1,85000.0,P,0.0445,0.0475,0.0461,81270.85,81250.13,0.6321,-0.96746,4e-05,2.26083,60.0,0.0
2026-09-03T19:11:34Z,2026-09-04,1,86000.0,C,0.0,0.0002,0.0001,81270.85,81250.13,0.6764,0.01483,2e-05,1.16485,427.1,133.6
2026-09-03T19:11:34Z,2026-09-04,1,86000.0,P,0.0565,0.0605,0.0583,81270.85,81250.13,0.6764,-0.98517,2e-05,1.16485,0.1,0.1
2026-09-03T19:11:34Z,2026-09-04,1,88000.0,C,0.0,0.0001,0.0001,81270.85,81250.13,0.8379000000000001,0.0068,1e-05,0.5901,146.5,57.6
2026-09-03T19:11:34Z,2026-09-04,1,88000.0,P,0.0805,0.0845,0.0828,81274.77,81250.13,0.8379000000000001,-0.99317,1e-05,0.59232,0.0,0.0
2026-09-03T19:11:34Z,2026-09-04,1,90000.0,C,0.0,0.0001,0.0,81270.85,81250.13,0.9425,0.00245,0.0,0.23663,332.0,71.3
2026-09-03T19:11:34Z,2026-09-04,1,90000.0,P,0.1055,0.109,0.1074,81266.41,81250.13,0.9425,-0.99756,0.0,0.23561,9.0,1.4
2026-09-03T19:11:34Z,2026-09-05,2,68000.0,C,0.1615,0.1655,0.1635,81282.62,81250.13,0.799,0.99974,0.0,0.05078,0.0,0.0
2026-09-03T19:11:34Z,2026-09-05,2,68000.0,P,0.0,0.0001,0.0,81282.62,81250.13,0.799,-0.00026,0.0,0.05078,6.0,0.0
2026-09-03T19:11:34Z,2026-09-05,2,69000.0,C,0.149,0.1535,0.1512,81282.62,81250.13,0.7989,0.99929,0.0,0.12982,0.0,0.0
2026-09-03T19:11:34Z,2026-09-05,2,69000.0,P,0.0,0.0,0.0,81286.89,81250.13,0.7989,-0.00071,0.0,0.12941,5.1,2.8
2026-09-03T19:11:34Z,2026-09-05,2,70000.0,C,0.1365,0.1415,0.1389,81282.62,81250.13,0.7989,0.9982,0.0,0.30297,0.0,0.0
2026-09-03T19:11:34Z,2026-09-05,2,70000.0,P,0.0,0.001,0.0,81282.62,81250.13,0.7989,-0.0018,0.0,0.30297,24.7,13.2
2026-09-03T19:11:34Z,2026-09-05,2,71000.0,C,0.124,0.129,0.1266,81286.89,81250.13,0.7989,0.99584,0.0,0.64622,0.1,0.1
2026-09-03T19:11:34Z,2026-09-05,2,71000.0,P,0.0,0.0002,0.0001,81286.89,81250.13,0.7989,-0.00416,0.0,0.64622,1.3,0.2
2026-09-03T19:11:34Z,2026-09-05,2,72000.0,C,0.112,0.117,0.1144,81282.62,81250.13,0.7528,0.99396,0.0,0.90145,0.0,0.0
2026-09-03T19:11:34Z,2026-09-05,2,72000.0,P,0.0,0.0002,0.0001,81286.89,81250.13,0.7528,-0.00602,0.0,0.89906,18.7,18.5
2026-09-03T19:11:34Z,2026-09-05,2,73000.0,C,0.0995,0.1045,0.1021,81286.89,81250.13,0.6845,0.99277,1e-05,1.05611,0.0,0.0
2026-09-03T19:11:34Z,2026-09-05,2,73000.0,P,0.0,0.0002,0.0001,81282.62,81250.13,0.6845,-0.00725,1e-05,1.05912,11.7,7.6
2026-09-03T19:11:34Z,2026-09-05,2,74000.0,C,0.0875,0.0925,0.0898,81282.62,81250.13,0.6419,0.98861,1e-05,1.57312,0.0,0.0
2026-09-03T19:11:34Z,2026-09-05,2,74000.0,P,0.0,0.0003,0.0002,81282.45,81250.13,0.6419,-0.0114,1e-05,1.57329,104.3,29.3
2026-09-03T19:11:34Z,2026-09-05,2,74500.0,C,0.081,0.0865,0.0837,81278.12,81250.13,0.6083,0.98707,1e-05,1.75471,0.0,0.0
2026-09-03T19:11:34Z,2026-09-05,2,74500.0,P,0.0001,0.0003,0.0002,81278.12,81250.13,0.6083,-0.01293,1e-05,1.75471,9.8,5.0
2026-09-03T19:11:34Z,2026-09-05,2,75000.0,C,0.075,0.08,0.0775,81278.12,81250.13,0.574,0.98534,1e-05,1.9557,0.5,0.5
2026-09-03T19:11:34Z,2026-09-05,2,75000.0,P,0.0001,0.0004,0.0002,81278.12,81250.13,0.574,-0.01466,1e-05,1.9557,25.4,22.6
2026-09-03T19:11:34Z,2026-09-05,2,75500.0,C,0.069,0.074,0.0715,81278.12,81250.13,0.5575,0.98025,2e-05,2.5241,0.0,0.0
2026-09-03T19:11:34Z,2026-09-05,2,75500.0,P,0.0002,0.0004,0.0003,81282.45,81250.13,0.5575,-0.01968,2e-05,2.51658,39.1,18.7
2026-09-03T19:11:34Z,2026-09-05,2,76000.0,C,0.0625,0.068,0.0653,81282.45,81250.13,0.5214,0.97753,2e-05,2.81437,3.7,0.0
2026-09-03T19:11:34Z,2026-09-05,2,76000.0,P,0.0002,0.0004,0.0003,81278.12,81250.13,0.5214,-0.02255,2e-05,2.82313,46.1,18.0
2026-09-03T19:11:34Z,2026-09-05,2,76500.0,C,0.058,0.061,0.0593,81282.45,81250.13,0.5032,0.96964,3e-05,3.62015,8.1,0.0
2026-09-03T19:11:34Z,2026-09-05,2,76500.0,P,0.0003,0.0005,0.0004,81278.12,81250.13,0.5032,-0.03047,3e-05,3.63106,30.7,29.1
2026-09-03T19:11:34Z,2026-09-05,2,77000.0,C,0.0515,0.055,0.0532,81278.12,81250.13,0.46880000000000005,0.96365,3e-05,4.19863,79.4,4.0
2026-09-03T19:11:34Z,2026-09-05,2,77000.0,P,0.0003,0.0006,0.0004,81278.12,81250.13,0.46880000000000005,-0.03635,3e-05,4.19863,31.8,24.5
2026-09-03T19:11:34Z,2026-09-05,2,77500.0,C,0.0455,0.049,0.0472,81282.45,81250.13,0.4517,0.94973,4e-05,5.45704,31.3,5.8
2026-09-03T19:11:34Z,2026-09-05,2,77500.0,P,0.0005,0.0008,0.0006,81278.12,81250.13,0.4517,-0.05046,4e-05,5.47307,69.1,73.3
2026-09-03T19:11:34Z,2026-09-05,2,78000.0,C,0.04,0.043,0.0414,81278.12,81250.13,0.4396,0.92771,6e-05,7.24991,201.3,205.2
2026-09-03T19:11:34Z,2026-09-05,2,78000.0,P,0.0008,0.0011,0.0009,81278.12,81250.13,0.4396,-0.07229,6e-05,7.25008,58.5,43.0
2026-09-03T19:11:34Z,2026-09-05,2,78500.0,C,0.034,0.0375,0.0356,81282.45,81250.13,0.428,0.89789,8e-05,9.38778,63.0,61.2
2026-09-03T19:11:34Z,2026-09-05,2,78500.0,P,0.0012,0.0015,0.0014,81278.12,81250.13,0.428,-0.10246,8e-05,9.41018,38.3,31.6
2026-09-03T19:11:34Z,2026-09-05,2,79000.0,C,0.0285,0.0315,0.0302,81278.12,81250.13,0.42119999999999996,0.85427,0.0001,12.04738,194.5,183.2
2026-09-03T19:11:34Z,2026-09-05,2,79000.0,P,0.0019,0.0023,0.0021,81275.39,81250.13,0.42119999999999996,-0.14601,0.0001,12.06275,174.9,178.6
2026-09-03T19:11:34Z,2026-09-05,2,79500.0,C,0.0235,0.027,0.0251,81275.39,81250.13,0.4182,0.79628,0.00013,14.91135,46.3,22.1
2026-09-03T19:11:34Z,2026-09-05,2,79500.0,P,0.0029,0.0034,0.0031,81275.39,81250.13,0.4182,-0.20372,0.00013,14.91135,7.0,19.4
2026-09-03T19:11:34Z,2026-09-05,2,80000.0,C,0.019,0.022,0.0205,81278.12,81250.13,0.4214,0.72373,0.00015,17.61772,393.5,459.1
2026-09-03T19:11:34Z,2026-09-05,2,80000.0,P,0.0045,0.005,0.0047,81275.39,81250.13,0.4214,-0.27668,0.00015,17.62999,5.5,7.8
2026-09-03T19:11:34Z,2026-09-05,2,80500.0,C,0.0155,0.017,0.0164,81275.39,81250.13,0.4261,0.64091,0.00017,19.69067,77.8,57.3
2026-09-03T19:11:34Z,2026-09-05,2,80500.0,P,0.0065,0.0075,0.0068,81275.39,81250.13,0.4261,-0.35909,0.00017,19.69067,7.1,9.0
2026-09-03T19:11:34Z,2026-09-05,2,81000.0,C,0.0125,0.0135,0.0131,81278.12,81250.13,0.4379,0.55367,0.00017,20.82577,47.7,48.1
2026-09-03T19:11:34Z,2026-09-05,2,81000.0,P,0.009,0.0105,0.0097,81275.39,81250.13,0.4379,-0.44679,0.00017,20.82838,34.6,44.5
2026-09-03T19:11:34Z,2026-09-05,2,81500.0,C,0.01,0.011,0.0104,81275.39,81250.13,0.45039999999999997,0.46814,0.00017,20.94851,109.6,63.6
2026-09-03T19:11:34Z,2026-09-05,2,81500.0,P,0.0125,0.0135,0.013,81275.39,81250.13,0.45039999999999997,-0.53186,0.00017,20.94851,16.9,17.1
2026-09-03T19:11:34Z,2026-09-05,2,82000.0,C,0.0075,0.0085,0.0081,81275.39,81250.13,0.462,0.38919,0.00016,20.19963,680.3,814.3
2026-09-03T19:11:34Z,2026-09-05,2,82000.0,P,0.016,0.018,0.0169,81275.39,81250.13,0.462,-0.61081,0.00016,20.19963,9.0,9.0
2026-09-03T19:11:34Z,2026-09-05,2,82500.0,C,0.006,0.007,0.0065,81275.39,81250.13,0.48229999999999995,0.32175,0.00014,18.88117,0.0,0.0
2026-09-03T19:11:34Z,2026-09-05,2,82500.0,P,0.02,0.023,0.0215,81275.39,81250.13,0.48229999999999995,-0.67825,0.00014,18.88117,0.0,0.0
2026-09-03T19:11:34Z,2026-09-05,2,83000.0,C,0.0048,0.0055,0.005,81275.39,81250.13,0.4946,0.26144,0.00012,17.13553,141.6,58.8
2026-09-03T19:11:34Z,2026-09-05,2,83000.0,P,0.024,0.028,0.0261,81275.39,81250.13,0.4946,-0.73856,0.00012,17.13553,1.5,1.5
2026-09-03T19:11:34Z,2026-09-05,2,84000.0,C,0.0028,0.0033,0.003,81275.39,81250.13,0.5211,0.16866,9e-05,13.26297,52.6,45.0
2026-09-03T19:11:34Z,2026-09-05,2,84000.0,P,0.0345,0.039,0.0364,81275.39,81250.13,0.5211,-0.83134,9e-05,13.26297,0.0,0.0
2026-09-03T19:11:34Z,2026-09-05,2,85000.0,C,0.0017,0.0021,0.0018,81275.39,81250.13,0.5511,0.10813,6e-05,9.78377,37.3,20.5
2026-09-03T19:11:34Z,2026-09-05,2,85000.0,P,0.0455,0.05,0.0476,81272.75,81250.13,0.5511,-0.89204,6e-05,9.77274,0.0,0.0
2026-09-03T19:11:34Z,2026-09-05,2,86000.0,C,0.001,0.0014,0.0011,81272.75,81250.13,0.5813,0.0692,4e-05,7.01028,47.5,18.4
2026-09-03T19:11:34Z,2026-09-05,2,86000.0,P,0.057,0.062,0.0592,81272.75,81250.13,0.5813,-0.9308,4e-05,7.01028,0.0,0.0
2026-09-03T19:11:34Z,2026-09-05,2,87000.0,C,0.0006,0.0009,0.0007,81272.75,81250.13,0.6108,0.04454,3e-05,4.95201,4.2,2.7
2026-09-03T19:11:34Z,2026-09-05,2,87000.0,P,0.069,0.074,0.0711,81272.75,81250.13,0.6108,-0.95546,3e-05,4.95201,0.0,0.0
2026-09-03T19:11:34Z,2026-09-05,2,88000.0,C,0.0003,0.0007,0.0004,81272.75,81250.13,0.6369,0.02834,2e-05,3.41899,14.0,8.9
2026-09-03T19:11:34Z,2026-09-05,2,88000.0,P,0.08,0.086,0.0831,81272.75,81250.13,0.6369,-0.97166,2e-05,3.41899,0.0,0.0
2026-09-03T19:11:34Z,2026-09-06,3,68000.0,C,0.161,0.166,0.1636,81282.04,81250.13,0.8201,0.99592,0.0,0.81648,0.0,0.0
2026-09-03T19:11:34Z,2026-09-06,3,68000.0,P,0.0,0.0,0.0001,81282.04,81250.13,0.8201,-0.00408,0.0,0.81648,30.1,0.6
2026-09-03T19:11:34Z,2026-09-06,3,69000.0,C,0.149,0.1535,0.1513,81282.04,81250.13,0.7813,0.9946,0.0,1.04836,0.0,0.0
2026-09-03T19:11:34Z,2026-09-06,3,69000.0,P,0.0,0.0,0.0001,81282.04,81250.13,0.7813,-0.0054,0.0,1.04836,1.8,1.7
2026-09-03T19:11:34Z,2026-09-06,3,70000.0,C,0.1365,0.1415,0.1391,81279.47,81250.13,0.7618,0.99148,0.0,1.56891,0.0,0.0
2026-09-03T19:11:34Z,2026-09-06,3,70000.0,P,0.0001,0.0003,0.0002,81279.47,81250.13,0.7618,-0.00852,0.0,1.56891,7.3,1.9
2026-09-03T19:11:34Z,2026-09-06,3,71000.0,C,0.1245,0.129,0.1268,81279.47,81250.13,0.6998000000000001,0.99057,1e-05,1.71453,0.0,0.0
2026-09-03T19:11:34Z,2026-09-06,3,71000.0,P,0.0001,0.0003,0.0002,81282.04,81250.13,0.6998000000000001,-0.00942,1e-05,1.7124,8.6,0.5
2026-09-03T19:11:34Z,2026-09-06,3,72000.0,C,0.112,0.117,0.1145,81279.47,81250.13,0.6373,0.98955,1e-05,1.87508,0.0,0.0
2026-09-03T19:11:34Z,2026-09-06,3,72000.0,P,0.0001,0.0003,0.0002,81279.47,81250.13,0.6373,-0.01045,1e-05,1.87508,0.7,0.7
2026-09-03T19:11:34Z,2026-09-06,3,73000.0,C,0.0995,0.105,0.1022,81282.04,81250.13,0.5788,0.98786,1e-05,2.13677,0.0,0.0
2026-09-03T19:11:34Z,2026-09-06,3,73000.0,P,0.0001,0.0004,0.0002,81279.47,81250.13,0.5788,-0.01216,1e-05,2.13986,1.4,1.1
2026-09-03T19:11:34Z,2026-09-06,3,74000.0,C,0.0875,0.0925,0.0899,81282.04,81250.13,0.5264,0.98469,1e-05,2.6099,0.0,0.0
2026-09-03T19:11:34Z,2026-09-06,3,74000.0,P,0.0001,0.0004,0.0002,81279.47,81250.13,0.5264,-0.01534,1e-05,2.61352,4.3,14.1
2026-09-03T19:11:34Z,2026-09-06,3,74500.0,C,0.0805,0.0865,0.0838,81279.47,81250.13,0.5072,0.98135,1e-05,3.08994,0.0,0.0
2026-09-03T19:11:34Z,2026-09-06,3,74500.0,P,0.0002,0.0005,0.0003,81279.47,81250.13,0.5072,-0.01865,1e-05,3.08994,1.9,0.8
2026-09-03T19:11:34Z,2026-09-06,3,75000.0,C,0.075,0.0805,0.0777,81279.47,81250.13,0.49329999999999996,0.97597,2e-05,3.82789,0.0,0.0
2026-09-03T19:11:34Z,2026-09-06,3,75000.0,P,0.0003,0.0005,0.0004,81279.61,81250.13,0.49329999999999996,-0.02402,2e-05,3.82758,21.2,31.8
2026-09-03T19:11:34Z,2026-09-06,3,75500.0,C,0.069,0.0745,0.0716,81279.47,81250.13,0.46240000000000003,0.97344,2e-05,4.16384,0.0,0.0
2026-09-03T19:11:34Z,2026-09-06,3,75500.0,P,0.0002,0.0005,0.0004,81279.47,81250.13,0.46240000000000003,-0.02656,2e-05,4.16384,6.1,6.4
2026-09-03T19:11:34Z,2026-09-06,3,76000.0,C,0.063,0.068,0.0654,81279.47,81250.13,0.43170000000000003,0.97032,2e-05,4.56633,0.0,0.0
2026-09-03T19:11:34Z,2026-09-06,3,76000.0,P,0.0003,0.0005,0.0004,81279.61,81250.13,0.43170000000000003,-0.02967,2e-05,4.56593,9.9,9.9
2026-09-03T19:11:34Z,2026-09-06,3,76500.0,C,0.058,0.0615,0.0594,81279.61,81250.13,0.4083,0.96397,3e-05,5.35877,8.1,0.1
2026-09-03T19:11:34Z,2026-09-06,3,76500.0,P,0.0003,0.0006,0.0005,81279.47,81250.13,0.4083,-0.03604,3e-05,5.35925,10.5,16.8
2026-09-03T19:11:34Z,2026-09-06,3,77000.0,C,0.052,0.0555,0.0534,81279.61,81250.13,0.39549999999999996,0.95136,4e-05,6.8315,88.1,1.3
2026-09-03T19:11:34Z,2026-09-06,3,77000.0,P,0.0006,0.0007,0.0007,81279.61,81250.13,0.39549999999999996,-0.04864,4e-05,6.8315,29.9,47.9
2026-09-03T19:11:34Z,2026-09-06,3,77500.0,C,0.0465,0.049,0.0475,81279.47,81250.13,0.37979999999999997,0.93583,5e-05,8.50076,59.1,22.0
2026-09-03T19:11:34Z,2026-09-06,3,77500.0,P,0.0008,0.001,0.0009,81279.47,81250.13,0.37979999999999997,-0.06417,5e-05,8.50076,15.8,9.0
2026-09-03T19:11:34Z,2026-09-06,3,78000.0,C,0.0405,0.044,0.0417,81279.47,81250.13,0.3686,0.91256,6e-05,10.76264,10.0,6.2
2026-09-03T19:11:34Z,2026-09-06,3,78000.0,P,0.0011,0.0014,0.0012,81279.47,81250.13,0.3686,-0.08744,6e-05,10.76264,7.7,7.9
2026-09-03T19:11:34Z,2026-09-06,3,78500.0,C,0.033,0.039,0.0361,81279.47,81250.13,0.36310000000000003,0.87808,8e-05,13.69797,0.8,0.9
2026-09-03T19:11:34Z,2026-09-06,3,78500.0,P,0.0017,0.002,0.0018,81279.61,81250.13,0.36310000000000003,-0.12191,8e-05,13.69709,7.2,7.2
2026-09-03T19:11:34Z,2026-09-06,3,79000.0,C,0.0295,0.033,0.0308,81279.61,81250.13,0.36,0.83232,0.0001,16.9848,15.8,3.5
2026-09-03T19:11:34Z,2026-09-06,3,79000.0,P,0.0025,0.003,0.0027,81279.61,81250.13,0.36,-0.16768,0.0001,16.9848,19.8,19.8
2026-09-03T19:11:34Z,2026-09-06,3,79500.0,C,0.0245,0.028,0.0259,81279.61,81250.13,0.359,0.77491,0.00012,20.31312,7.6,8.1
2026-09-03T19:11:34Z,2026-09-06,3,79500.0,P,0.0037,0.0042,0.0039,81279.61,81250.13,0.359,-0.22509,0.00012,20.31312,6.2,6.2
2026-09-03T19:11:34Z,2026-09-06,3,80000.0,C,0.0185,0.024,0.0214,81279.17,81250.13,0.36090000000000005,0.70628,0.00014,23.31666,3.7,3.7
2026-09-03T19:11:34Z,2026-09-06,3,80000.0,P,0.005,0.006,0.0056,81279.17,81250.13,0.36090000000000005,-0.29372,0.00014,23.31666,4.9,4.9
2026-09-03T19:11:34Z,2026-09-06,3,80500.0,C,0.0165,0.0185,0.0176,81279.61,81250.13,0.36719999999999997,0.62944,0.00015,25.5794,2.4,2.0
2026-09-03T19:11:34Z,2026-09-06,3,80500.0,P,0.0075,0.0085,0.0079,81279.61,81250.13,0.36719999999999997,-0.37056,0.00015,25.5794,0.5,0.5
2026-09-03T19:11:34Z,2026-09-06,3,81000.0,C,0.014,0.015,0.0143,81279.17,81250.13,0.37520000000000003,0.55002,0.00016,26.80139,7.8,5.7
2026-09-03T19:11:34Z,2026-09-06,3,81000.0,P,0.0105,0.0115,0.0108,81279.17,81250.13,0.37520000000000003,-0.44998,0.00016,26.80139,5.0,5.0
2026-09-03T19:11:34Z,2026-09-06,3,81500.0,C,0.011,0.012,0.0115,81279.17,81250.13,0.3849,0.47267,0.00015,26.95058,1.0,1.0
2026-09-03T19:11:34Z,2026-09-06,3,81500.0,P,0.014,0.0145,0.0142,81279.61,81250.13,0.3849,-0.52727,0.00015,26.95103,0.0,0.0
2026-09-03T19:11:34Z,2026-09-06,3,82000.0,C,0.009,0.01,0.0092,81279.17,81250.13,0.3948,0.40051,0.00014,26.16954,25.5,17.5
2026-09-03T19:11:34Z,2026-09-06,3,82000.0,P,0.0175,0.019,0.0181,81279.17,81250.13,0.3948,-0.59949,0.00014,26.16954,0.1,0.1
2026-09-03T19:11:34Z,2026-09-06,3,82500.0,C,0.007,0.008,0.0074,81279.61,81250.13,0.40740000000000004,0.33645,0.00013,24.71099,0.0,0.0
2026-09-03T19:11:34Z,2026-09-06,3,82500.0,P,0.02,0.024,0.0224,81279.61,81250.13,0.40740000000000004,-0.66355,0.00013,24.71099,0.0,0.0
2026-09-03T19:11:34Z,2026-09-06,3,83000.0,C,0.0055,0.0065,0.0058,81279.61,81250.13,0.41479999999999995,0.278,0.00012,22.71484,11.2,1.1
2026-09-03T19:11:34Z,2026-09-06,3,83000.0,P,0.0245,0.029,0.027,81279.17,81250.13,0.41479999999999995,-0.72205,0.00012,22.71263,0.0,0.0
2026-09-03T19:11:34Z,2026-09-06,3,83500.0,C,0.0045,0.005,0.0047,81279.17,81250.13,0.42840000000000006,0.23044,0.0001,20.58309,0.0,0.0
2026-09-03T19:11:34Z,2026-09-06,3,83500.0,P,0.0295,0.0355,0.032,81279.61,81250.13,0.42840000000000006,-0.76952,0.0001,20.5855,0.0,0.0
2026-09-03T19:11:34Z,2026-09-06,3,84000.0,C,0.0035,0.004,0.0037,81279.17,81250.13,0.43799999999999994,0.18834,9e-05,18.27602,63.2,64.3
2026-09-03T19:11:34Z,2026-09-06,3,84000.0,P,0.034,0.04,0.0372,81279.17,81250.13,0.43799999999999994,-0.81166,9e-05,18.27602,0.0,0.0
2026-09-03T19:11:34Z,2026-09-06,3,85000.0,C,0.0022,0.0026,0.0023,81279.28,81250.13,0.46,0.12532,7e-05,13.96421,65.1,67.4
2026-09-03T19:11:34Z,2026-09-06,3,85000.0,P,0.045,0.051,0.0481,81279.17,81250.13,0.46,-0.87469,7e-05,13.96363,0.0,0.0
2026-09-03T19:11:34Z,2026-09-06,3,86000.0,C,0.0014,0.0018,0.0015,81279.17,81250.13,0.4828,0.08326,5e-05,10.37411,5.7,3.6
2026-09-03T19:11:34Z,2026-09-06,3,86000.0,P,0.0565,0.0625,0.0596,81279.28,81250.13,0.4828,-0.91674,5e-05,10.3746,0.0,0.0
2026-09-03T19:11:34Z,2026-09-06,3,87000.0,C,0.0009,0.0012,0.001,81279.17,81250.13,0.5072,0.05608,3e-05,7.64962,5.0,5.0
2026-09-03T19:11:34Z,2026-09-06,3,87000.0,P,0.068,0.074,0.0714,81279.28,81250.13,0.5072,-0.94391,3e-05,7.65002,0.0,0.0
2026-09-03T19:11:34Z,2026-09-06,3,88000.0,C,0.0005,0.0009,0.0006,81279.17,81250.13,0.5282,0.03726,2e-05,5.50689,0.4,0.4
2026-09-03T19:11:34Z,2026-09-06,3,88000.0,P,0.08,0.086,0.0833,81279.28,81250.13,0.5282,-0.96274,2e-05,5.5072,0.0,0.0
2026-09-03T19:11:34Z,2026-09-06,3,89000.0,C,0.0004,0.0006,0.0004,81279.28,81250.13,0.5522,0.0256,2e-05,4.03763,0.2,0.2
2026-09-03T19:11:34Z,2026-09-06,3,89000.0,P,0.092,0.0985,0.0954,81279.17,81250.13,0.5522,-0.9744,2e-05,4.03739,0.0,0.0
2026-09-03T19:11:34Z,2026-09-07,4,69000.0,C,0.149,0.154,0.1514,81288.7,81250.13,0.6960999999999999,0.9924,0.0,1.67599,0.0,0.0
2026-09-03T19:11:34Z,2026-09-07,4,69000.0,P,0.0,0.0003,0.0002,81288.61,81250.13,0.6960999999999999,-0.0076,0.0,1.67605,0.6,0.9
2026-09-03T19:11:34Z,2026-09-07,4,70000.0,C,0.1365,0.1415,0.1391,81288.61,81250.13,0.6425,0.99173,0.0,1.80451,0.0,0.0
2026-09-03T19:11:34Z,2026-09-07,4,70000.0,P,0.0,0.0003,0.0002,81288.61,81250.13,0.6425,-0.00827,0.0,1.80451,0.2,0.2
2026-09-03T19:11:34Z,2026-09-07,4,71000.0,C,0.1245,0.1295,0.1268,81288.7,81250.13,0.5882000000000001,0.99104,1e-05,1.93675,0.0,0.0
2026-09-03T19:11:34Z,2026-09-07,4,71000.0,P,0.0001,0.0003,0.0002,81288.7,81250.13,0.5882000000000001,-0.00896,1e-05,1.93675,0.0,0.0
2026-09-03T19:11:34Z,2026-09-07,4,72000.0,C,0.112,0.117,0.1145,81288.61,81250.13,0.5537,0.98792,1e-05,2.51302,0.0,0.0
2026-09-03T19:11:34Z,2026-09-07,4,72000.0,P,0.0001,0.0004,0.0002,81288.61,81250.13,0.5537,-0.01208,1e-05,2.51302,7.0,7.0
2026-09-03T19:11:34Z,2026-09-07,4,73000.0,C,0.1,0.105,0.1022,81288.61,81250.13,0.5024000000000001,0.98612,1e-05,2.83356,0.0,0.0
2026-09-03T19:11:34Z,2026-09-07,4,73000.0,P,0.0001,0.0004,0.0002,81288.7,81250.13,0.5024000000000001,-0.01388,1e-05,2.83343,8.2,8.2
2026-09-03T19:11:34Z,2026-09-07,4,74000.0,C,0.0875,0.093,0.09,81288.61,81250.13,0.46490000000000004,0.98109,1e-05,3.69321,0.0,0.0
2026-09-03T19:11:34Z,2026-09-07,4,74000.0,P,0.0003,0.0005,0.0003,81288.61,81250.13,0.46490000000000004,-0.01891,1e-05,3.69321,0.1,0.1
2026-09-03T19:11:34Z,2026-09-07,4,75000.0,C,0.0755,0.0805,0.0778,81288.7,81250.13,0.4294,0.973,2e-05,4.98574,0.0,0.0
2026-09-03T19:11:34Z,2026-09-07,4,75000.0,P,0.0003,0.0006,0.0004,81288.61,81250.13,0.4294,-0.02701,2e-05,4.98599,0.2,0.2
2026-09-03T19:11:34Z,2026-09-07,4,75500.0,C,0.0695,0.0745,0.0718,81288.7,81250.13,0.41409999999999997,0.96665,2e-05,5.93988,0.0,0.0
2026-09-03T19:11:34Z,2026-09-07,4,75500.0,P,0.0004,0.0007,0.0005,81288.7,81250.13,0.41409999999999997,-0.03335,2e-05,5.93988,0.0,0.0
2026-09-03T19:11:34Z,2026-09-07,4,76000.0,C,0.0635,0.0685,0.0657,81288.7,81250.13,0.3961,0.95957,3e-05,6.95166,0.0,0.0
2026-09-03T19:11:34Z,2026-09-07,4,76000.0,P,0.0005,0.0008,0.0006,81288.7,81250.13,0.3961,-0.04043,3e-05,6.95166,32.0,32.6
2026-09-03T19:11:34Z,2026-09-07,4,76500.0,C,0.0575,0.0625,0.0598,81288.7,81250.13,0.3851,0.94754,3e-05,8.5704,0.0,0.0
2026-09-03T19:11:34Z,2026-09-07,4,76500.0,P,0.0007,0.001,0.0008,81288.61,81250.13,0.3851,-0.05247,3e-05,8.5708,2.0,2.2
2026-09-03T19:11:34Z,2026-09-07,4,77000.0,C,0.0515,0.057,0.0539,81288.7,81250.13,0.37450000000000006,0.93182,4e-05,10.52271,0.0,0.0
2026-09-03T19:11:34Z,2026-09-07,4,77000.0,P,0.001,0.0013,0.0011,81288.61,81250.13,0.37450000000000006,-0.06818,4e-05,10.52316,9.0,9.0
2026-09-03T19:11:34Z,2026-09-07,4,77500.0,C,0.046,0.05,0.0482,81288.7,81250.13,0.3675,0.90958,6e-05,13.03256,7.6,9.8
2026-09-03T19:11:34Z,2026-09-07,4,77500.0,P,0.0014,0.0017,0.0015,81288.7,81250.13,0.3675,-0.09042,6e-05,13.03256,5.4,5.5
2026-09-03T19:11:34Z,2026-09-07,4,78000.0,C,0.0405,0.0445,0.0426,81288.61,81250.13,0.3603,0.88156,7e-05,15.85221,62.5,112.8
2026-09-03T19:11:34Z,2026-09-07,4,78000.0,P,0.0019,0.0024,0.0021,81288.7,81250.13,0.3603,-0.11844,7e-05,15.85164,72.7,123.5
2026-09-03T19:11:34Z,2026-09-07,4,78500.0,C,0.035,0.039,0.0372,81288.7,81250.13,0.3558,0.84486,8e-05,19.06947,1.3,1.3
2026-09-03T19:11:34Z,2026-09-07,4,78500.0,P,0.0027,0.0032,0.0029,81288.61,81250.13,0.3558,-0.15515,8e-05,19.06977,95.7,99.3
2026-09-03T19:11:34Z,2026-09-07,4,79000.0,C,0.03,0.034,0.0321,81288.7,81250.13,0.3528,0.7996,0.0001,22.4183,1.3,1.4
2026-09-03T19:11:34Z,2026-09-07,4,79000.0,P,0.0038,0.0043,0.004,81288.67,81250.13,0.3528,-0.20042,0.0001,22.4191,4.9,5.4
2026-09-03T19:11:34Z,2026-09-07,4,79500.0,C,0.0255,0.0305,0.0274,81288.7,81250.13,0.3529,0.74479,0.00011,25.69308,2.1,2.3
2026-09-03T19:11:34Z,2026-09-07,4,79500.0,P,0.005,0.006,0.0054,81288.67,81250.13,0.3529,-0.25522,0.00011,25.69354,0.1,0.1
2026-09-03T19:11:34Z,2026-09-07,4,80000.0,C,0.0215,0.0245,0.0231,81288.67,81250.13,0.3525,0.68373,0.00013,28.4604,3.7,3.7
2026-09-03T19:11:34Z,2026-09-07,4,80000.0,P,0.007,0.008,0.0072,81288.67,81250.13,0.3525,-0.31627,0.00013,28.4604,3.8,3.8
2026-09-03T19:11:34Z,2026-09-07,4,80500.0,C,0.0185,0.02,0.0194,81288.67,81250.13,0.3582,0.61573,0.00013,30.55481,7.5,7.5
2026-09-03T19:11:34Z,2026-09-07,4,80500.0,P,0.0095,0.0105,0.0097,81288.67,81250.13,0.3582,-0.38427,0.00013,30.55481,4.1,8.5
2026-09-03T19:11:34Z,2026-09-07,4,81000.0,C,0.0155,0.017,0.0162,81288.67,81250.13,0.366,0.54649,0.00014,31.69009,17.2,24.5
2026-09-03T19:11:34Z,2026-09-07,4,81000.0,P,0.012,0.0135,0.0126,81288.67,81250.13,0.366,-0.45351,0.00014,31.69009,15.6,15.6
2026-09-03T19:11:34Z,2026-09-07,4,81500.0,C,0.013,0.014,0.0135,81288.67,81250.13,0.3753,0.47932,0.00013,31.86413,0.0,0.0
2026-09-03T19:11:34Z,2026-09-07,4,81500.0,P,0.0155,0.0165,0.0161,81288.67,81250.13,0.3753,-0.52068,0.00013,31.86413,0.0,0.0
2026-09-03T19:11:34Z,2026-09-07,4,82000.0,C,0.0105,0.0115,0.0111,81288.67,81250.13,0.3821,0.41567,0.00013,31.19151,1.4,1.5
2026-09-03T19:11:34Z,2026-09-07,4,82000.0,P,0.0195,0.0205,0.0198,81288.67,81250.13,0.3821,-0.58433,0.00013,31.19151,1.0,1.0
2026-09-03T19:11:34Z,2026-09-07,4,82500.0,C,0.0085,0.0095,0.0093,81288.67,81250.13,0.3943,0.35872,0.00012,29.88454,0.0,0.0
2026-09-03T19:11:34Z,2026-09-07,4,82500.0,P,0.022,0.0255,0.0242,81288.67,81250.13,0.3943,-0.64128,0.00012,29.88454,0.0,0.0
2026-09-03T19:11:34Z,2026-09-07,4,83000.0,C,0.007,0.008,0.0076,81288.67,81250.13,0.4012,0.30571,0.00011,28.04395,65.0,66.4
2026-09-03T19:11:34Z,2026-09-07,4,83000.0,P,0.0265,0.0305,0.0286,81288.67,81250.13,0.4012,-0.69429,0.00011,28.04395,0.0,0.0
2026-09-03T19:11:34Z,2026-09-07,4,83500.0,C,0.006,0.0065,0.0063,81288.67,81250.13,0.4146,0.26189,0.0001,26.03897,0.0,0.0
2026-09-03T19:11:34Z,2026-09-07,4,83500.0,P,0.0315,0.0355,0.0335,81288.67,81250.13,0.4146,-0.73811,0.0001,26.03897,0.0,0.0
2026-09-03T19:11:34Z,2026-09-07,4,84000.0,C,0.0049,0.0055,0.0052,81288.67,81250.13,0.42229999999999995,0.22099,9e-05,23.74246,63.4,72.6
2026-09-03T19:11:34Z,2026-09-07,4,84000.0,P,0.0365,0.041,0.0385,81278.87,81250.13,0.42229999999999995,-0.77987,9e-05,23.6866,0.0,0.0
2026-09-03T19:11:34Z,2026-09-07,4,85000.0,C,0.0033,0.0037,0.0035,81278.87,81250.13,0.4395,0.15537,7e-05,19.0856,11.5,13.5
2026-09-03T19:11:34Z,2026-09-07,4,85000.0,P,0.047,0.0515,0.0491,81278.87,81250.13,0.4395,-0.84463,7e-05,19.0856,0.0,0.0
2026-09-03T19:11:34Z,2026-09-07,4,86000.0,C,0.0022,0.0026,0.0024,81278.87,81250.13,0.46009999999999995,0.11038,5e-05,15.07394,21.3,21.5
2026-09-03T19:11:34Z,2026-09-07,4,86000.0,P,0.058,0.063,0.0603,81288.67,81250.13,0.46009999999999995,-0.88912,5e-05,15.12495,0.0,0.0
2026-09-03T19:11:34Z,2026-09-07,4,87000.0,C,0.0015,0.0019,0.0017,81278.87,81250.13,0.48119999999999996,0.07881,4e-05,11.75455,10.6,10.7
2026-09-03T19:11:34Z,2026-09-07,4,87000.0,P,0.0695,0.0745,0.0719,81288.67,81250.13,0.48119999999999996,-0.92082,4e-05,11.79831,0.0,0.0
2026-09-03T19:11:34Z,2026-09-07,4,88000.0,C,0.001,0.0014,0.0012,81288.67,81250.13,0.5032,0.05732,3e-05,9.19175,2.9,2.9
2026-09-03T19:11:34Z,2026-09-07,4,88000.0,P,0.0805,0.0865,0.0838,81278.87,81250.13,0.5032,-0.94296,3e-05,9.15537,0.0,0.0
2026-09-03T19:11:34Z,2026-09-07,4,89000.0,C,0.0007,0.001,0.0008,81278.87,81250.13,0.5229,0.0411,2e-05,7.04458,0.1,0.1
2026-09-03T19:11:34Z,2026-09-07,4,89000.0,P,0.092,0.0985,0.0957,81278.87,81250.13,0.5229,-0.9589,2e-05,7.04458,0.0,0.0
2026-09-03T19:11:34Z,2026-09-07,4,90000.0,C,0.0005,0.0008,0.0006,81278.87,81250.13,0.5458,0.03066,2e-05,5.54016,0.1,0.1
2026-09-03T19:11:34Z,2026-09-07,4,90000.0,P,0.104,0.1105,0.1078,81278.87,81250.13,0.5458,-0.96934,2e-05,5.54016,0.0,0.0
2026-09-03T19:11:34Z,2026-09-11,8,60000.0,C,0.26,0.264,0.2622,81306.89,81250.13,0.7578,0.99778,0.0,0.81248,0.0,0.0
2026-09-03T19:11:34Z,2026-09-11,8,60000.0,P,0.0,0.0002,0.0001,81306.89,81250.13,0.7578,-0.00222,0.0,0.81248,98.1,7.7
2026-09-03T19:11:34Z,2026-09-11,8,64000.0,C,0.211,0.215,0.2131,81316.71,81250.13,0.6707,0.99435,0.0,1.88181,0.0,0.0
2026-09-03T19:11:34Z,2026-09-11,8,64000.0,P,0.0,0.0005,0.0002,81306.89,81250.13,0.6707,-0.00567,0.0,1.88756,77.4,6.9
2026-09-03T19:11:34Z,2026-09-11,8,65000.0,C,0.1985,0.203,0.2008,81316.71,81250.13,0.6296,0.99416,0.0,1.94016,0.0,0.0
2026-09-03T19:11:34Z,2026-09-11,8,65000.0,P,0.0001,0.0003,0.0002,81306.89,81250.13,0.6296,-0.00587,0.0,1.94646,45.8,9.0
2026-09-03T19:11:34Z,2026-09-11,8,66000.0,C,0.1865,0.1905,0.1886,81316.71,81250.13,0.6059,0.99268,0.0,2.36785,0.1,0.0
2026-09-03T19:11:34Z,2026-09-11,8,66000.0,P,0.0,0.0004,0.0002,81306.89,81250.13,0.6059,-0.00735,0.0,2.3756,363.4,98.3
2026-09-03T19:11:34Z,2026-09-11,8,67000.0,C,0.174,0.1785,0.1763,81308.06,81250.13,0.5736,0.99158,0.0,2.67946,0.2,0.2
2026-09-03T19:11:34Z,2026-09-11,8,67000.0,P,0.0001,0.0004,0.0002,81308.06,81250.13,0.5736,-0.00842,0.0,2.67946,389.2,26.4
2026-09-03T19:11:34Z,2026-09-11,8,68000.0,C,0.162,0.1665,0.1641,81306.89,81250.13,0.5536,0.9889,0.0,3.40837,2.1,0.5
2026-09-03T19:11:34Z,2026-09-11,8,68000.0,P,0.0002,0.0004,0.0003,81308.06,81250.13,0.5536,-0.01109,0.0,3.40691,861.0,2.9
2026-09-03T19:11:34Z,2026-09-11,8,69000.0,C,0.1495,0.154,0.1518,81308.06,81250.13,0.5162,0.98779,1e-05,3.70402,3.6,0.0
2026-09-03T19:11:34Z,2026-09-11,8,69000.0,P,0.0002,0.0005,0.0003,81308.06,81250.13,0.5162,-0.01221,1e-05,3.70414,615.1,0.8
2026-09-03T19:11:34Z,2026-09-11,8,70000.0,C,0.1375,0.142,0.1396,81306.89,81250.13,0.493,0.9842,1e-05,4.62534,286.8,0.0
2026-09-03T19:11:34Z,2026-09-11,8,70000.0,P,0.0003,0.0006,0.0004,81306.89,81250.13,0.493,-0.0158,1e-05,4.62534,691.5,19.6
2026-09-03T19:11:34Z,2026-09-11,8,71000.0,C,0.125,0.1295,0.1274,81308.06,81250.13,0.4703,0.97934,1e-05,5.8145,26.0,0.0
2026-09-03T19:11:34Z,2026-09-11,8,71000.0,P,0.0004,0.0007,0.0005,81306.89,81250.13,0.4703,-0.02067,1e-05,5.81677,472.6,16.4
2026-09-03T19:11:34Z,2026-09-11,8,72000.0,C,0.113,0.1175,0.1152,81306.89,81250.13,0.44530000000000003,0.97334,1e-05,7.20317,147.8,0.1
2026-09-03T19:11:34Z,2026-09-11,8,72000.0,P,0.0006,0.0008,0.0007,81308.06,81250.13,0.44530000000000003,-0.02664,1e-05,7.20059,502.7,15.9
2026-09-03T19:11:34Z,2026-09-11,8,73000.0,C,0.101,0.1055,0.1032,81306.89,81250.13,0.425,0.96374,2e-05,9.29204,14.1,0.2
2026-09-03T19:11:34Z,2026-09-11,8,73000.0,P,0.0008,0.001,0.0009,81308.06,81250.13,0.425,-0.03624,2e-05,9.28825,1293.0,138.7
2026-09-03T19:11:34Z,2026-09-11,8,74000.0,C,0.089,0.0935,0.0912,81306.89,81250.13,0.40759999999999996,0.94923,2e-05,12.19426,17.9,0.1
2026-09-03T19:11:34Z,2026-09-11,8,74000.0,P,0.0011,0.0014,0.0013,81308.06,81250.13,0.40759999999999996,-0.05074,2e-05,12.1893,584.4,18.7
2026-09-03T19:11:34Z,2026-09-11,8,75000.0,C,0.0775,0.0815,0.0795,81308.06,81250.13,0.3935,0.92743,3e-05,16.12476,86.9,9.0
2026-09-03T19:11:34Z,2026-09-11,8,75000.0,P,0.0017,0.0021,0.0019,81308.06,81250.13,0.3935,-0.07257,3e-05,16.12476,846.5,16.0
2026-09-03T19:11:34Z,2026-09-11,8,76000.0,C,0.066,0.0705,0.0682,81306.89,81250.13,0.3831,0.89506,4e-05,21.23111,104.0,0.7
2026-09-03T19:11:34Z,2026-09-11,8,76000.0,P,0.0026,0.0031,0.0028,81305.67,81250.13,0.3831,-0.10499,4e-05,21.23837,288.9,133.1
2026-09-03T19:11:34Z,2026-09-11,8,77000.0,C,0.0555,0.061,0.0573,81305.67,81250.13,0.3764,0.84928,5e-05,27.32156,128.0,5.2
2026-09-03T19:11:34Z,2026-09-11,8,77000.0,P,0.0041,0.0045,0.0043,81305.67,81250.13,0.3764,-0.15072,5e-05,27.32156,453.9,76.9
2026-09-03T19:11:34Z,2026-09-11,8,78000.0,C,0.0465,0.049,0.0472,81308.06,81250.13,0.3725,0.78897,7e-05,33.76139,944.3,109.6
2026-09-03T19:11:34Z,2026-09-11,8,78000.0,P,0.006,0.007,0.0066,81305.67,81250.13,0.3725,-0.21119,7e-05,33.77528,242.5,77.4
2026-09-03T19:11:34Z,2026-09-11,8,79000.0,C,0.0375,0.0395,0.038,81305.67,81250.13,0.36869999999999997,0.71552,8e-05,39.62138,280.2,154.5
2026-09-03T19:11:34Z,2026-09-11,8,79000.0,P,0.0095,0.01,0.0096,81305.67,81250.13,0.36869999999999997,-0.28448,8e-05,39.62138,106.0,74.0
2026-09-03T19:11:34Z,2026-09-11,8,80000.0,C,0.0295,0.031,0.0302,81308.06,81250.13,0.37270000000000003,0.62918,9e-05,44.13552,792.7,240.5
2026-09-03T19:11:34Z,2026-09-11,8,80000.0,P,0.0135,0.0145,0.0141,81305.67,81250.13,0.37270000000000003,-0.37103,9e-05,44.14221,133.0,91.9
2026-09-03T19:11:34Z,2026-09-11,8,81000.0,C,0.023,0.0245,0.0236,81305.67,81250.13,0.3789,0.5384,9e-05,46.38311,522.5,372.5
2026-09-03T19:11:34Z,2026-09-11,8,81000.0,P,0.0195,0.0205,0.0198,81308.06,81250.13,0.3789,-0.46138,9e-05,46.38205,43.8,15.6
2026-09-03T19:11:34Z,2026-09-11,8,82000.0,C,0.018,0.019,0.0183,81305.67,81250.13,0.38780000000000003,0.45035,9e-05,46.23775,550.2,500.9
2026-09-03T19:11:34Z,2026-09-11,8,82000.0,P,0.0265,0.0275,0.0268,81305.67,81250.13,0.38780000000000003,-0.54965,9e-05,46.23775,59.0,43.7
2026-09-03T19:11:34Z,2026-09-11,8,83000.0,C,0.0135,0.0145,0.014,81305.67,81250.13,0.39649999999999996,0.36934,8e-05,44.07695,420.4,314.7
2026-09-03T19:11:34Z,2026-09-11,8,83000.0,P,0.034,0.036,0.0349,81305.67,81250.13,0.39649999999999996,-0.63066,8e-05,44.07695,9.6,9.6
2026-09-03T19:11:34Z,2026-09-11,8,84000.0,C,0.0105,0.0115,0.0106,81305.67,81250.13,0.405,0.29763,7e-05,40.46699,453.8,280.8
2026-09-03T19:11:34Z,2026-09-11,8,84000.0,P,0.0425,0.0455,0.0438,81308.06,81250.13,0.405,-0.70219,7e-05,40.47904,1.6,0.0
2026-09-03T19:11:34Z,2026-09-11,8,85000.0,C,0.008,0.0085,0.0081,81305.67,81250.13,0.4152,0.23727,6e-05,36.08565,713.8,186.1
2026-09-03T19:11:34Z,2026-09-11,8,85000.0,P,0.0515,0.0555,0.0535,81305.67,81250.13,0.4152,-0.76273,6e-05,36.08565,30.5,0.0
2026-09-03T19:11:34Z,2026-09-11,8,86000.0,C,0.006,0.0065,0.0061,81305.67,81250.13,0.4255,0.18735,5e-05,31.42389,320.8,124.1
2026-09-03T19:11:34Z,2026-09-11,8,86000.0,P,0.062,0.066,0.0638,81305.67,81250.13,0.4255,-0.81265,5e-05,31.42434,0.4,0.4
2026-09-03T19:11:34Z,2026-09-11,8,88000.0,C,0.0034,0.0039,0.0035,81305.67,81250.13,0.44789999999999996,0.11555,4e-05,22.74979,519.6,54.0
2026-09-03T19:11:34Z,2026-09-11,8,88000.0,P,0.084,0.0885,0.0858,81300.03,81250.13,0.44789999999999996,-0.88466,4e-05,22.71885,0.0,0.0
2026-09-03T19:11:34Z,2026-09-11,8,90000.0,C,0.002,0.0023,0.0021,81305.67,81250.13,0.4738,0.07237,2e-05,16.08949,1565.7,41.6
2026-09-03T19:11:34Z,2026-09-11,8,90000.0,P,0.107,0.112,0.109,81300.03,81250.13,0.4738,-0.92777,2e-05,16.06447,0.1,0.0
2026-09-03T19:11:34Z,2026-09-11,8,95000.0,C,0.0006,0.0009,0.0008,81300.03,81250.13,0.5502,0.02676,1e-05,7.22583,604.7,28.4
2026-09-03T19:11:34Z,2026-09-11,8,95000.0,P,0.1665,0.172,0.1692,81305.67,81250.13,0.5502,-0.97319,1e-05,7.23858,0.1,0.0
2026-09-03T19:11:34Z,2026-09-18,15,65000.0,C,0.199,0.2035,0.2017,81366.16,81250.13,0.5223,0.98634,0.0,5.67372,0.0,0.0
2026-09-03T19:11:34Z,2026-09-18,15,65000.0,P,0.0005,0.0007,0.0005,81360.87,81250.13,0.5223,-0.01369,0.0,5.68116,83.5,2.7
2026-09-03T19:11:34Z,2026-09-18,15,68000.0,C,0.163,0.1675,0.1652,81366.16,81250.13,0.4714,0.9747,1e-05,9.58354,0.0,0.0
2026-09-03T19:11:34Z,2026-09-18,15,68000.0,P,0.0008,0.0011,0.0009,81360.76,81250.13,0.4714,-0.02534,1e-05,9.59629,51.3,34.3
2026-09-03T19:11:34Z,2026-09-18,15,69000.0,C,0.151,0.156,0.1531,81360.76,81250.13,0.455,0.9686,1e-05,11.47288,0.0,0.0
2026-09-03T19:11:34Z,2026-09-18,15,69000.0,P,0.001,0.0013,0.0011,81360.76,81250.13,0.455,-0.0314,1e-05,11.47288,20.7,9.8
2026-09-03T19:11:34Z,2026-09-18,15,70000.0,C,0.139,0.144,0.1411,81359.19,81250.13,0.4391,0.9608,1e-05,13.76326,0.0,0.0
2026-09-03T19:11:34Z,2026-09-18,15,70000.0,P,0.0013,0.0016,0.0014,81360.76,81250.13,0.4391,-0.03919,1e-05,13.75819,74.9,15.0
2026-09-03T19:11:34Z,2026-09-18,15,72000.0,C,0.1155,0.1195,0.1175,81360.76,81250.13,0.4129,0.93633,2e-05,20.25682,0.0,0.0
2026-09-03T19:11:34Z,2026-09-18,15,72000.0,P,0.0022,0.0026,0.0024,81359.19,81250.13,0.4129,-0.0637,2e-05,20.26366,1207.0,7.5
2026-09-03T19:11:34Z,2026-09-18,15,74000.0,C,0.0925,0.0985,0.0948,81359.19,81250.13,0.3961,0.89235,3e-05,30.05721,23.2,0.0
2026-09-03T19:11:34Z,2026-09-18,15,74000.0,P,0.004,0.0044,0.0042,81360.76,81250.13,0.3961,-0.10761,3e-05,30.0487,193.4,20.6
2026-09-03T19:11:34Z,2026-09-18,15,75000.0,C,0.082,0.0875,0.0839,81359.19,81250.13,0.3887,0.86174,3e-05,35.82872,35.1,0.7
2026-09-03T19:11:34Z,2026-09-18,15,75000.0,P,0.005,0.006,0.0056,81360.76,81250.13,0.3887,-0.13821,3e-05,35.81971,323.3,32.5
2026-09-03T19:11:34Z,2026-09-18,15,76000.0,C,0.0715,0.0755,0.0735,81359.19,81250.13,0.3846,0.82282,4e-05,42.17787,18.9,1.8
2026-09-03T19:11:34Z,2026-09-18,15,76000.0,P,0.007,0.008,0.0076,81359.19,81250.13,0.3846,-0.17718,4e-05,42.17787,151.4,45.9
2026-09-03T19:11:34Z,2026-09-18,15,77000.0,C,0.062,0.0655,0.0638,81359.19,81250.13,0.3812,0.77695,5e-05,48.45002,53.2,0.9
2026-09-03T19:11:34Z,2026-09-18,15,77000.0,P,0.0095,0.0105,0.0101,81360.76,81250.13,0.3812,-0.22298,5e-05,48.44159,435.5,23.4
2026-09-03T19:11:34Z,2026-09-18,15,78000.0,C,0.0535,0.056,0.0549,81360.76,81250.13,0.38170000000000004,0.72305,5e-05,54.36008,98.1,14.0
2026-09-03T19:11:34Z,2026-09-18,15,78000.0,P,0.013,0.014,0.0135,81360.76,81250.13,0.38170000000000004,-0.27695,5e-05,54.36008,236.9,27.6
2026-09-03T19:11:34Z,2026-09-18,15,79000.0,C,0.0455,0.048,0.0467,81359.19,81250.13,0.3814,0.66447,6e-05,59.18136,330.5,9.6
2026-09-03T19:11:34Z,2026-09-18,15,79000.0,P,0.017,0.018,0.0176,81359.19,81250.13,0.3814,-0.33553,6e-05,59.18136,66.6,16.9
2026-09-03T19:11:34Z,2026-09-18,15,80000.0,C,0.0385,0.0405,0.0394,81359.14,81250.13,0.3839,0.60189,6e-05,62.64297,409.2,68.8
2026-09-03T19:11:34Z,2026-09-18,15,80000.0,P,0.022,0.023,0.0226,81359.14,81250.13,0.3839,-0.39811,6e-05,62.64297,74.2,38.6
2026-09-03T19:11:34Z,2026-09-18,15,81000.0,C,0.0325,0.0335,0.0331,81361.06,81250.13,0.38770000000000004,0.53831,6e-05,64.46953,333.9,378.6
2026-09-03T19:11:34Z,2026-09-18,15,81000.0,P,0.028,0.029,0.0286,81361.06,81250.13,0.38770000000000004,-0.46169,6e-05,64.46953,22.1,4.8
2026-09-03T19:11:34Z,2026-09-18,15,82000.0,C,0.027,0.028,0.0276,81361.06,81250.13,0.39270000000000005,0.47582,6e-05,64.64931,1138.0,333.6
2026-09-03T19:11:34Z,2026-09-18,15,82000.0,P,0.035,0.036,0.0354,81359.14,81250.13,0.39270000000000005,-0.5243,6e-05,64.6466,22.6,22.2
2026-09-03T19:11:34Z,2026-09-18,15,83000.0,C,0.0225,0.0235,0.023,81361.06,81250.13,0.3981,0.41632,6e-05,63.33816,573.1,263.5
2026-09-03T19:11:34Z,2026-09-18,15,83000.0,P,0.0425,0.044,0.043,81361.06,81250.13,0.3981,-0.58368,6e-05,63.33816,0.0,0.0
2026-09-03T19:11:34Z,2026-09-18,15,84000.0,C,0.0185,0.0195,0.0189,81361.06,81250.13,0.4028,0.36058,6e-05,60.77174,289.1,284.3
2026-09-03T19:11:34Z,2026-09-18,15,84000.0,P,0.05,0.0525,0.0513,81359.14,81250.13,0.4028,-0.63953,6e-05,60.76394,0.1,0.0
2026-09-03T19:11:34Z,2026-09-18,15,85000.0,C,0.0155,0.016,0.0156,81359.14,81250.13,0.40909999999999996,0.31016,5e-05,57.28748,208.5,145.1
2026-09-03T19:11:34Z,2026-09-18,15,85000.0,P,0.0585,0.062,0.0603,81361.06,81250.13,0.40909999999999996,-0.68974,5e-05,57.29703,0.1,0.2
2026-09-03T19:11:34Z,2026-09-18,15,86000.0,C,0.0125,0.0135,0.0128,81361.06,81250.13,0.4152,0.26503,5e-05,53.17962,317.6,24.2
2026-09-03T19:11:34Z,2026-09-18,15,86000.0,P,0.0685,0.0715,0.0698,81359.14,81250.13,0.4152,-0.73507,5e-05,53.16886,0.0,0.0
2026-09-03T19:11:34Z,2026-09-18,15,88000.0,C,0.0085,0.0095,0.0088,81361.06,81250.13,0.4307,0.1922,4e-05,44.36823,354.8,17.7
2026-09-03T19:11:34Z,2026-09-18,15,88000.0,P,0.088,0.0925,0.0903,81359.14,81250.13,0.4307,-0.80788,4e-05,44.35659,0.0,0.0
2026-09-03T19:11:34Z,2026-09-18,15,90000.0,C,0.0055,0.0065,0.0059,81361.06,81250.13,0.44420000000000004,0.13694,3e-05,35.59516,203.5,32.5
2026-09-03T19:11:34Z,2026-09-18,15,90000.0,P,0.11,0.1145,0.112,81361.06,81250.13,0.44420000000000004,-0.86306,3e-05,35.59516,0.0,0.0
2026-09-03T19:11:34Z,2026-09-18,15,95000.0,C,0.0024,0.0027,0.0025,81359.14,81250.13,0.48969999999999997,0.06211,2e-05,19.86935,126.8,24.8
2026-09-03T19:11:34Z,2026-09-18,15,95000.0,P,0.1675,0.173,0.1701,81361.06,81250.13,0.48969999999999997,-0.93786,2e-05,19.8772,0.0,0.0
2026-09-03T19:11:34Z,2026-09-25,22,30000.0,C,0.6305,0.6325,0.6315,81392.61,81250.13,1.238,0.99974,0.0,0.19175,136.0,2.0
2026-09-03T19:11:34Z,2026-09-25,22,30000.0,P,0.0,0.0001,0.0,81390.69,81250.13,1.238,-0.00026,0.0,0.1918,2959.5,0.0
2026-09-03T19:11:34Z,2026-09-25,22,35000.0,C,0.5695,0.571,0.57,81392.61,81250.13,1.0761,0.99961,0.0,0.27926,29.3,0.0
2026-09-03T19:11:34Z,2026-09-25,22,35000.0,P,0.0,0.0001,0.0,81390.69,81250.13,1.0761,-0.00039,0.0,0.27934,1202.2,30.0
2026-09-03T19:11:34Z,2026-09-25,22,40000.0,C,0.508,0.51,0.5087,81392.61,81250.13,0.9834999999999999,0.99901,0.0,0.65952,34.4,0.0
2026-09-03T19:11:34Z,2026-09-25,22,40000.0,P,0.0,0.0002,0.0001,81392.61,81250.13,0.9834999999999999,-0.00099,0.0,0.65952,2813.7,59.0
2026-09-03T19:11:34Z,2026-09-25,22,45000.0,C,0.446,0.449,0.4473,81392.61,81250.13,0.8543999999999999,0.99846,0.0,0.98882,224.9,0.0
2026-09-03T19:11:34Z,2026-09-25,22,45000.0,P,0.0,0.0005,0.0001,81392.61,81250.13,0.8543999999999999,-0.00154,0.0,0.98882,2182.1,5.5
2026-09-03T19:11:34Z,2026-09-25,22,50000.0,C,0.3845,0.3875,0.386,81392.61,81250.13,0.7773,0.99627,0.0,2.20191,30.1,1.0
2026-09-03T19:11:34Z,2026-09-25,22,50000.0,P,0.0002,0.0003,0.0002,81392.61,81250.13,0.7773,-0.00373,0.0,2.20191,3774.1,151.0
2026-09-03T19:11:34Z,2026-09-25,22,52000.0,C,0.3595,0.363,0.3614,81390.69,81250.13,0.7302,0.99553,0.0,2.58454,150.2,0.0
2026-09-03T19:11:34Z,2026-09-25,22,52000.0,P,0.0001,0.0003,0.0003,81392.69,81250.13,0.7302,-0.00446,0.0,2.58324,1214.3,4.4
2026-09-03T19:11:34Z,2026-09-25,22,54000.0,C,0.335,0.3385,0.3368,81392.69,81250.13,0.6819,0.99477,0.0,2.97736,7.4,0.0
2026-09-03T19:11:34Z,2026-09-25,22,54000.0,P,0.0001,0.0003,0.0003,81393.12,81250.13,0.6819,-0.00523,0.0,2.97713,768.9,9.2
2026-09-03T19:11:34Z,2026-09-25,22,55000.0,C,0.323,0.3265,0.3245,81392.69,81250.13,0.6546,0.99453,0.0,3.09539,143.7,0.0
2026-09-03T19:11:34Z,2026-09-25,22,55000.0,P,0.0002,0.0005,0.0003,81393.12,81250.13,0.6546,-0.00547,0.0,3.09514,3072.5,106.1
2026-09-03T19:11:34Z,2026-09-25,22,56000.0,C,0.3105,0.314,0.3123,81393.12,81250.13,0.6273,0.9943,0.0,3.2101,13.4,0.0
2026-09-03T19:11:34Z,2026-09-25,22,56000.0,P,0.0001,0.0005,0.0003,81393.12,81250.13,0.6273,-0.0057,0.0,3.2101,1661.5,150.0
2026-09-03T19:11:34Z,2026-09-25,22,58000.0,C,0.286,0.29,0.2877,81393.12,81250.13,0.5747,0.99374,0.0,3.48788,460.7,0.0
2026-09-03T19:11:34Z,2026-09-25,22,58000.0,P,0.0002,0.0005,0.0003,81393.12,81250.13,0.5747,-0.00626,0.0,3.48788,1319.8,14.3
2026-09-03T19:11:34Z,2026-09-25,22,60000.0,C,0.2615,0.2655,0.2631,81393.12,81250.13,0.528,0.9927,0.0,3.99941,837.6,0.2
2026-09-03T19:11:34Z,2026-09-25,22,60000.0,P,0.0002,0.0004,0.0003,81392.69,81250.13,0.528,-0.0073,0.0,3.99979,5218.8,382.2
2026-09-03T19:11:34Z,2026-09-25,22,62000.0,C,0.2375,0.241,0.2388,81392.69,81250.13,0.5121,0.98778,0.0,6.2706,597.4,0.0
2026-09-03T19:11:34Z,2026-09-25,22,62000.0,P,0.0005,0.0007,0.0005,81393.12,81250.13,0.5121,-0.01221,0.0,6.27004,1466.4,304.7
2026-09-03T19:11:34Z,2026-09-25,22,64000.0,C,0.213,0.2175,0.2144,81393.12,81250.13,0.48100000000000004,0.98283,0.0,8.40759,664.1,6.7
2026-09-03T19:11:34Z,2026-09-25,22,64000.0,P,0.0007,0.0009,0.0008,81393.12,81250.13,0.48100000000000004,-0.01717,0.0,8.40759,1214.4,212.0
2026-09-03T19:11:34Z,2026-09-25,22,65000.0,C,0.201,0.2045,0.2023,81393.12,81250.13,0.4692,0.97883,1e-05,10.04241,1276.6,4.7
2026-09-03T19:11:34Z,2026-09-25,22,65000.0,P,0.0009,0.001,0.0009,81393.12,81250.13,0.4692,-0.02117,1e-05,10.04241,988.7,13.9
2026-09-03T19:11:34Z,2026-09-25,22,66000.0,C,0.1885,0.1925,0.1902,81393.12,81250.13,0.4545,0.97466,1e-05,11.68666,970.0,1.2
2026-09-03T19:11:34Z,2026-09-25,22,66000.0,P,0.0011,0.0012,0.0011,81393.12,81250.13,0.4545,-0.02534,1e-05,11.68666,1602.8,19.9
2026-09-03T19:11:34Z,2026-09-25,22,68000.0,C,0.164,0.169,0.1662,81392.69,81250.13,0.4307,0.96171,1e-05,16.43985,896.2,0.0
2026-09-03T19:11:34Z,2026-09-25,22,68000.0,P,0.0016,0.0018,0.0017,81392.82,81250.13,0.4307,-0.03829,1e-05,16.43921,1923.4,24.5
2026-09-03T19:11:34Z,2026-09-25,22,70000.0,C,0.141,0.1455,0.1427,81392.82,81250.13,0.41240000000000004,0.9401,1e-05,23.52006,10968.5,12.4
2026-09-03T19:11:34Z,2026-09-25,22,70000.0,P,0.0026,0.0029,0.0027,81393.1,81250.13,0.41240000000000004,-0.0599,1e-05,23.51888,8694.6,69.8
2026-09-03T19:11:34Z,2026-09-25,22,72000.0,C,0.118,0.122,0.1197,81392.82,81250.13,0.3946,0.90778,2e-05,32.68968,3319.6,13.2
2026-09-03T19:11:34Z,2026-09-25,22,72000.0,P,0.0041,0.0045,0.0043,81393.1,81250.13,0.3946,-0.09222,2e-05,32.68823,1971.4,799.2
2026-09-03T19:11:34Z,2026-09-25,22,73000.0,C,0.107,0.1105,0.1086,81393.1,81250.13,0.38880000000000003,0.88486,3e-05,38.40693,41.0,0.0
2026-09-03T19:11:34Z,2026-09-25,22,73000.0,P,0.005,0.0055,0.0055,81392.82,81250.13,0.38880000000000003,-0.11515,3e-05,38.40848,560.2,15.5
2026-09-03T19:11:34Z,2026-09-25,22,74000.0,C,0.097,0.1,0.0979,81392.82,81250.13,0.3825,0.85799,3e-05,44.42956,1503.0,18.9
2026-09-03T19:11:34Z,2026-09-25,22,74000.0,P,0.0065,0.0075,0.007,81393.1,81250.13,0.3825,-0.142,3e-05,44.42795,424.3,119.9
2026-09-03T19:11:34Z,2026-09-25,22,75000.0,C,0.086,0.0915,0.0876,81392.82,81250.13,0.3786,0.82521,3e-05,50.92136,3353.9,0.1
2026-09-03T19:11:34Z,2026-09-25,22,75000.0,P,0.0085,0.0095,0.009,81392.82,81250.13,0.3786,-0.17479,3e-05,50.92136,4470.4,502.5
2026-09-03T19:11:34Z,2026-09-25,22,76000.0,C,0.0755,0.08,0.0778,81393.1,81250.13,0.37560000000000004,0.78731,4e-05,57.40171,2878.4,0.1
2026-09-03T19:11:34Z,2026-09-25,22,76000.0,P,0.011,0.012,0.0115,81393.1,81250.13,0.37560000000000004,-0.21269,4e-05,57.40171,966.6,158.2
2026-09-03T19:11:34Z,2026-09-25,22,77000.0,C,0.067,0.0705,0.0684,81392.82,81250.13,0.3709,0.74567,4e-05,63.39373,290.0,8.5
2026-09-03T19:11:34Z,2026-09-25,22,77000.0,P,0.014,0.0145,0.0144,81393.1,81250.13,0.3709,-0.25431,4e-05,63.39235,691.6,218.0
2026-09-03T19:11:34Z,2026-09-25,22,78000.0,C,0.059,0.061,0.0599,81392.82,81250.13,0.37070000000000003,0.69774,5e-05,68.97003,5402.4,400.6
2026-09-03T19:11:34Z,2026-09-25,22,78000.0,P,0.0175,0.0185,0.0182,81392.82,81250.13,0.37070000000000003,-0.30226,5e-05,68.97003,2807.3,137.7
2026-09-03T19:11:34Z,2026-09-25,22,79000.0,C,0.0515,0.0535,0.0521,81392.82,81250.13,0.3718,0.64639,5e-05,73.4974,2298.7,56.2
2026-09-03T19:11:34Z,2026-09-25,22,79000.0,P,0.022,0.023,0.0227,81392.82,81250.13,0.3718,-0.35361,5e-05,73.4974,1060.5,116.6
2026-09-03T19:11:34Z,2026-09-25,22,80000.0,C,0.0445,0.046,0.0451,81392.82,81250.13,0.37420000000000003,0.59304,5e-05,76.71419,6912.7,2596.4
2026-09-03T19:11:34Z,2026-09-25,22,80000.0,P,0.0275,0.0285,0.028,81393.39,81250.13,0.37420000000000003,-0.40693,5e-05,76.71333,1416.0,500.0
2026-09-03T19:11:34Z,2026-09-25,22,81000.0,C,0.0385,0.0395,0.0389,81393.39,81250.13,0.3775,0.53931,5e-05,78.48626,2311.2,418.1
2026-09-03T19:11:34Z,2026-09-25,22,81000.0,P,0.0335,0.0345,0.0341,81393.39,81250.13,0.3775,-0.46069,5e-05,78.48626,480.3,74.7
2026-09-03T19:11:34Z,2026-09-25,22,82000.0,C,0.033,0.034,0.0335,81392.81,81250.13,0.38189999999999996,0.48653,5e-05,78.82388,4932.2,567.6
2026-09-03T19:11:34Z,2026-09-25,22,82000.0,P,0.0405,0.0415,0.041,81393.39,81250.13,0.38189999999999996,-0.51344,5e-05,78.82465,269.0,51.7
2026-09-03T19:11:34Z,2026-09-25,22,83000.0,C,0.0285,0.0295,0.0288,81393.39,81250.13,0.38670000000000004,0.43598,5e-05,77.85177,918.8,517.7
2026-09-03T19:11:34Z,2026-09-25,22,83000.0,P,0.048,0.049,0.0485,81392.81,81250.13,0.38670000000000004,-0.56405,5e-05,77.85027,21.7,21.1
2026-09-03T19:11:34Z,2026-09-25,22,84000.0,C,0.024,0.025,0.0245,81392.81,81250.13,0.3906,0.38787,5e-05,75.73281,5125.2,2093.9
2026-09-03T19:11:34Z,2026-09-25,22,84000.0,P,0.055,0.058,0.0566,81393.39,81250.13,0.3906,-0.6121,5e-05,75.73497,47.3,0.0
2026-09-03T19:11:34Z,2026-09-25,22,85000.0,C,0.021,0.0215,0.021,81392.81,81250.13,0.396,0.34355,5e-05,72.72362,9030.6,1206.0
2026-09-03T19:11:34Z,2026-09-25,22,85000.0,P,0.0625,0.0665,0.0653,81393.39,81250.13,0.396,-0.65642,5e-05,72.7263,454.4,1.5
2026-09-03T19:11:34Z,2026-09-25,22,86000.0,C,0.0175,0.0185,0.0179,81392.81,81250.13,0.4014,0.30292,4e-05,69.03743,1824.0,146.1
2026-09-03T19:11:34Z,2026-09-25,22,86000.0,P,0.0725,0.076,0.0745,81393.39,81250.13,0.4014,-0.69705,4e-05,69.04053,11.7,0.0
2026-09-03T19:11:34Z,2026-09-25,22,88000.0,C,0.0125,0.0135,0.013,81393.39,81250.13,0.4122,0.23289,4e-05,60.44911,1410.4,59.6
2026-09-03T19:11:34Z,2026-09-25,22,88000.0,P,0.092,0.097,0.0941,81392.81,81250.13,0.4122,-0.76713,4e-05,60.44554,5.8,0.0
2026-09-03T19:11:34Z,2026-09-25,22,90000.0,C,0.009,0.01,0.0094,81393.39,81250.13,0.4239,0.17754,3e-05,51.42862,8382.7,1401.1
2026-09-03T19:11:34Z,2026-09-25,22,90000.0,P,0.113,0.1175,0.1152,81393.39,81250.13,0.4239,-0.82246,3e-05,51.42862,580.2,0.4
2026-09-03T19:11:34Z,2026-09-25,22,92000.0,C,0.0065,0.0075,0.007,81392.81,81250.13,0.43770000000000003,0.13588,3e-05,43.11498,1296.4,15.1
2026-09-03T19:11:34Z,2026-09-25,22,92000.0,P,0.135,0.1395,0.1373,81393.39,81250.13,0.43770000000000003,-0.8641,3e-05,43.11846,8.0,0.0
2026-09-03T19:11:34Z,2026-09-25,22,94000.0,C,0.005,0.006,0.0053,81393.39,81250.13,0.4537,0.10533,2e-05,36.02895,938.0,18.6
2026-09-03T19:11:34Z,2026-09-25,22,94000.0,P,0.1575,0.1625,0.1602,81393.36,81250.13,0.4537,-0.89467,2e-05,36.0299,1.9,0.0
2026-09-03T19:11:34Z,2026-09-25,22,95000.0,C,0.0044,0.0049,0.0046,81393.43,81250.13,0.4604,0.09236,2e-05,32.72658,4691.8,430.4
2026-09-03T19:11:34Z,2026-09-25,22,95000.0,P,0.169,0.174,0.1718,81393.43,81250.13,0.4604,-0.90764,2e-05,32.72658,147.6,0.0
2026-09-03T19:11:34Z,2026-09-25,22,96000.0,C,0.0038,0.0043,0.004,81393.36,81250.13,0.4675,0.08125,2e-05,29.73693,1836.7,12.6
2026-09-03T19:11:34Z,2026-09-25,22,96000.0,P,0.181,0.186,0.1835,81393.36,81250.13,0.4675,-0.91875,2e-05,29.73693,1.0,0.0
2026-09-03T19:11:34Z,2026-09-25,22,98000.0,C,0.0029,0.0034,0.0031,81393.36,81250.13,0.4828,0.06367,1e-05,24.66718,1126.7,11.2
2026-09-03T19:11:34Z,2026-09-25,22,98000.0,P,0.2045,0.2095,0.2071,81393.43,81250.13,0.4828,-0.93633,1e-05,24.66748,0.1,0.0
2026-09-03T19:11:34Z,2026-09-25,22,100000.0,C,0.0023,0.0027,0.0025,81393.43,81250.13,0.4987,0.0506,1e-05,20.58591,7276.8,246.1
2026-09-03T19:11:34Z,2026-09-25,22,100000.0,P,0.2285,0.2345,0.2311,81393.36,81250.13,0.4987,-0.9494,1e-05,20.58565,336.1,0.0
2026-09-03T19:11:34Z,2026-09-25,22,102000.0,C,0.0018,0.0022,0.002,81393.43,81250.13,0.5146999999999999,0.04068,1e-05,17.27174,199.2,8.0
2026-09-03T19:11:34Z,2026-09-25,22,102000.0,P,0.252,0.258,0.2551,81393.43,81250.13,0.5146999999999999,-0.95932,1e-05,17.27174,0.4,0.0
2026-09-03T19:11:34Z,2026-09-25,22,105000.0,C,0.0012,0.0016,0.0014,81393.43,81250.13,0.5372,0.02962,1e-05,13.30863,1537.2,0.1
2026-09-03T19:11:34Z,2026-09-25,22,105000.0,P,0.2875,0.2945,0.2915,81393.36,81250.13,0.5372,-0.97038,1e-05,13.30845,105.4,0.1
2026-09-03T19:11:34Z,2026-09-25,22,110000.0,C,0.0008,0.001,0.0009,81393.43,81250.13,0.5753,0.01852,0.0,8.96471,1512.7,1.6
2026-09-03T19:11:34Z,2026-09-25,22,110000.0,P,0.3485,0.3555,0.3524,81393.43,81250.13,0.5753,-0.98148,0.0,8.96471,215.7,0.0
2026-09-03T19:11:34Z,2026-09-25,22,115000.0,C,0.0005,0.0007,0.0006,81393.36,81250.13,0.6054999999999999,0.0114,0.0,5.90742,2158.8,2.7
2026-09-03T19:11:34Z,2026-09-25,22,115000.0,P,0.4085,0.4165,0.4135,81393.43,81250.13,0.6054999999999999,-0.9886,0.0,5.9075,93.7,0.0
2026-09-03T19:11:34Z,2026-09-25,22,120000.0,C,0.0002,0.0005,0.0004,81393.43,81250.13,0.6396999999999999,0.00775,0.0,4.21299,1331.5,7.6
2026-09-03T19:11:34Z,2026-09-25,22,120000.0,P,0.4695,0.479,0.4747,81393.43,81250.13,0.6396999999999999,-0.99225,0.0,4.21299,174.5,0.0
2026-09-03T19:11:34Z,2026-09-25,22,125000.0,C,0.0001,0.0003,0.0002,81393.36,81250.13,0.6652,0.00502,0.0,2.8694,2322.3,4.7
2026-09-03T19:11:34Z,2026-09-25,22,125000.0,P,0.5315,0.5405,0.536,81392.9,81250.13,0.6652,-0.99498,0.0,2.86866,21.7,0.0
2026-09-03T19:11:34Z,2026-09-25,22,130000.0,C,0.0,0.0002,0.0002,81392.9,81250.13,0.6920999999999999,0.00345,0.0,2.05335,1452.2,2.0
2026-09-03T19:11:34Z,2026-09-25,22,130000.0,P,0.5925,0.601,0.5974,81392.9,81250.13,0.6920999999999999,-0.99655,0.0,2.05335,21.4,0.0
2026-09-03T19:11:34Z,2026-09-25,22,135000.0,C,0.0,0.0002,0.0001,81392.9,81250.13,0.7295,0.00283,0.0,1.71522,472.8,1.1
2026-09-03T19:11:34Z,2026-09-25,22,135000.0,P,0.654,0.6635,0.6588,81393.4,81250.13,0.7295,-0.99717,0.0,1.7154,11.5,0.0
2026-09-03T19:11:34Z,2026-09-25,22,140000.0,C,0.0,0.0002,0.0001,81392.9,81250.13,0.7725,0.00258,0.0,1.57998,1210.3,1.5
2026-09-03T19:11:34Z,2026-09-25,22,140000.0,P,0.7145,0.725,0.7202,81392.9,81250.13,0.7725,-0.99742,0.0,1.57998,1.4,0.0
2026-09-03T19:11:34Z,2026-09-25,22,145000.0,C,0.0,0.0001,0.0001,81393.4,81250.13,0.7775,0.00152,0.0,0.9775,490.3,5.0
2026-09-03T19:11:34Z,2026-09-25,22,145000.0,P,0.7755,0.7865,0.7815,81393.4,81250.13,0.7775,-0.99848,0.0,0.9775,0.2,0.0
2026-09-03T19:11:34Z,2026-09-25,22,150000.0,C,0.0,0.0001,0.0001,81393.4,81250.13,0.8114,0.00133,0.0,0.86702,768.8,0.0
2026-09-03T19:11:34Z,2026-09-25,22,150000.0,P,0.8365,0.847,0.843,81392.9,81250.13,0.8114,-0.99867,0.0,0.86694,4.5,0.0
2026-09-03T19:11:34Z,2026-09-25,22,155000.0,C,0.0,0.0001,0.0,81393.4,81250.13,0.8133,0.00078,0.0,0.53169,378.0,0.0
2026-09-03T19:11:34Z,2026-09-25,22,155000.0,P,0.898,0.9085,0.9044,81392.9,81250.13,0.8133,-0.99922,0.0,0.53164,0.1,0.0
2026-09-03T19:11:34Z,2026-09-25,22,160000.0,C,0.0,0.0001,0.0,81392.9,81250.13,0.8188,0.00048,0.0,0.34142,1498.4,0.0
2026-09-03T19:11:34Z,2026-09-25,22,160000.0,P,0.9595,0.971,0.9658,81392.9,81250.13,0.8188,-0.99952,0.0,0.34142,0.6,0.0
2026-09-03T19:11:34Z,2026-09-25,22,165000.0,C,0.0,0.0001,0.0,81392.9,81250.13,0.8449,0.00042,0.0,0.29755,266.6,0.0
2026-09-03T19:11:34Z,2026-09-25,22,165000.0,P,1.018,1.034,1.0272,81392.9,81250.13,0.8449,-0.99958,0.0,0.29755,0.0,0.0
2026-09-03T19:11:34Z,2026-09-25,22,170000.0,C,0.0,0.0001,0.0,81393.4,81250.13,0.8693000000000001,0.00036,0.0,0.25834,444.9,0.0
2026-09-03T19:11:34Z,2026-09-25,22,170000.0,P,1.08,1.0955,1.0886,81392.9,81250.13,0.8693000000000001,-0.99964,0.0,0.25832,0.0,0.0
2026-09-03T19:11:34Z,2026-09-25,22,175000.0,C,0.0,0.0001,0.0,81392.9,81250.13,0.89,0.0003,0.0,0.21763,1904.8,0.0
2026-09-03T19:11:34Z,2026-09-25,22,175000.0,P,1.142,1.1565,1.1501,81389.15,81250.13,0.89,-0.9997,0.0,0.21747,3.3,0.0
2026-09-03T19:11:34Z,2026-09-25,22,180000.0,C,0.0,0.0001,0.0,81389.15,81250.13,0.9184,0.00028,0.0,0.20768,792.3,0.0
2026-09-03T19:11:34Z,2026-09-25,22,180000.0,P,1.2015,1.2185,1.2115,81389.15,81250.13,0.9184,-0.99972,0.0,0.20768,10.5,0.0
2026-09-03T19:11:34Z,2026-09-25,22,190000.0,C,0.0,0.0001,0.0,81392.8,81250.13,0.9386,0.00016,0.0,0.119,762.1,0.0
2026-09-03T19:11:34Z,2026-09-25,22,190000.0,P,1.325,1.3425,1.3343,81392.8,81250.13,0.9386,-0.99984,0.0,0.119,0.0,0.0
2026-09-03T19:11:34Z,2026-09-25,22,200000.0,C,0.0,0.0001,0.0,81389.15,81250.13,0.9823999999999999,0.00013,0.0,0.10143,1018.5,0.0
2026-09-03T19:11:34Z,2026-09-25,22,200000.0,P,1.446,1.4655,1.4572,81389.15,81250.13,0.9823999999999999,-0.99987,0.0,0.10143,0.1,0.0
2026-09-03T19:11:34Z,2026-09-25,22,220000.0,C,0.0,0.0001,0.0,81392.8,81250.13,1.0735999999999999,0.00012,0.0,0.08954,241.9,0.0
2026-09-03T19:11:34Z,2026-09-25,22,220000.0,P,1.691,1.7125,1.7029,81392.8,81250.13,1.0735999999999999,-0.99988,0.0,0.08954,24.8,0.0
2026-09-03T19:11:34Z,2026-09-25,22,240000.0,C,0.0,0.0001,0.0,81389.15,81250.13,1.156,0.0001,0.0,0.08058,211.9,0.0
2026-09-03T19:11:34Z,2026-09-25,22,240000.0,P,1.9365,1.958,1.9486,81389.15,81250.13,1.156,-0.9999,0.0,0.08058,0.0,0.0
2026-09-03T19:11:34Z,2026-09-25,22,260000.0,C,0.0,0.0001,0.0,81389.15,81250.13,1.2309,9e-05,0.0,0.07363,293.3,0.0
2026-09-03T19:11:34Z,2026-09-25,22,260000.0,P,2.18,2.2045,2.1944,81389.15,81250.13,1.2309,-0.99991,0.0,0.07363,0.0,0.0
2026-09-03T19:11:34Z,2026-09-25,22,280000.0,C,0.0,0.0001,0.0,81392.8,81250.13,1.2987,9e-05,0.0,0.06735,76.1,0.0
2026-09-03T19:11:34Z,2026-09-25,22,280000.0,P,2.4245,2.451,2.4401,81389.15,81250.13,1.2987,-0.99991,0.0,0.06731,0.0,0.0
2026-09-03T19:11:34Z,2026-09-25,22,300000.0,C,0.0,0.0001,0.0,81392.8,81250.13,1.3629,8e-05,0.0,0.06339,196.3,0.0
2026-09-03T19:11:34Z,2026-09-25,22,300000.0,P,2.6685,2.697,2.6858,81389.15,81250.13,1.3629,-0.99992,0.0,0.06336,0.0,0.0
2026-09-03T19:11:34Z,2026-09-25,22,320000.0,C,0.0,0.0001,0.0,81389.15,81250.13,1.4015,6e-05,0.0,0.04736,304.6,0.0
2026-09-03T19:11:34Z,2026-09-25,22,320000.0,P,2.9135,2.944,2.9315,81389.15,81250.13,1.4015,-0.99994,0.0,0.04736,25.1,0.0
2026-09-03T19:11:34Z,2026-10-30,57,40000.0,C,0.5105,0.5125,0.5113,81775.04,81250.13,0.7289,0.99581,0.0,3.97454,0.1,0.0
2026-09-03T19:11:34Z,2026-10-30,57,40000.0,P,0.0002,0.0009,0.0004,81775.04,81250.13,0.7289,-0.00419,0.0,3.97454,76.8,3.1
2026-09-03T19:11:34Z,2026-10-30,57,45000.0,C,0.4485,0.4525,0.4505,81775.04,81250.13,0.6736,0.99147,0.0,7.46053,0.1,0.0
2026-09-03T19:11:34Z,2026-10-30,57,45000.0,P,0.0006,0.001,0.0008,81775.04,81250.13,0.6736,-0.00853,0.0,7.46053,219.7,0.2
2026-09-03T19:11:34Z,2026-10-30,57,48000.0,C,0.412,0.4155,0.4142,81775.04,81250.13,0.6399,0.98751,0.0,10.40935,0.1,0.0
2026-09-03T19:11:34Z,2026-10-30,57,48000.0,P,0.001,0.0013,0.0012,81775.04,81250.13,0.6399,-0.01249,0.0,10.40935,198.0,7.6
2026-09-03T19:11:34Z,2026-10-30,57,50000.0,C,0.388,0.3915,0.39,81775.04,81250.13,0.6122,0.9847,0.0,12.39492,0.1,0.0
2026-09-03T19:11:34Z,2026-10-30,57,50000.0,P,0.0013,0.0015,0.0014,81775.04,81250.13,0.6122,-0.0153,0.0,12.39492,330.0,19.9
2026-09-03T19:11:34Z,2026-10-30,57,52000.0,C,0.364,0.3675,0.3658,81775.04,81250.13,0.586,0.98116,0.0,14.80888,0.1,0.0
2026-09-03T19:11:34Z,2026-10-30,57,52000.0,P,0.0016,0.0018,0.0017,81775.04,81250.13,0.586,-0.01884,0.0,14.80888,125.9,1.2
2026-09-03T19:11:34Z,2026-10-30,57,54000.0,C,0.34,0.3435,0.3417,81775.04,81250.13,0.5579999999999999,0.97722,0.0,17.39394,0.1,0.0
2026-09-03T19:11:34Z,2026-10-30,57,54000.0,P,0.0018,0.0023,0.002,81775.06,81250.13,0.5579999999999999,-0.02278,0.0,17.39416,189.7,0.0
2026-09-03T19:11:34Z,2026-10-30,57,55000.0,C,0.328,0.3315,0.3296,81775.06,81250.13,0.5458,0.97464,0.0,19.03515,0.1,0.0
2026-09-03T19:11:34Z,2026-10-30,57,55000.0,P,0.002,0.0025,0.0022,81775.06,81250.13,0.5458,-0.02536,0.0,19.03515,311.1,6.4
2026-09-03T19:11:34Z,2026-10-30,57,56000.0,C,0.3155,0.3195,0.3177,81775.06,81250.13,0.5341,0.9717,0.0,20.85901,0.0,0.0
2026-09-03T19:11:34Z,2026-10-30,57,56000.0,P,0.0023,0.0026,0.0025,81775.06,81250.13,0.5341,-0.0283,0.0,20.85901,463.9,0.0
2026-09-03T19:11:34Z,2026-10-30,57,57000.0,C,0.3035,0.3075,0.3057,81775.06,81250.13,0.5219,0.96854,0.0,22.7772,0.1,0.0
2026-09-03T19:11:34Z,2026-10-30,57,57000.0,P,0.0025,0.0029,0.0027,81775.06,81250.13,0.5219,-0.03146,0.0,22.7772,207.7,0.5
2026-09-03T19:11:34Z,2026-10-30,57,58000.0,C,0.292,0.2955,0.2937,81775.06,81250.13,0.5106,0.96486,0.0,24.94713,0.0,0.0
2026-09-03T19:11:34Z,2026-10-30,57,58000.0,P,0.0028,0.0031,0.003,81775.06,81250.13,0.5106,-0.03514,0.0,24.94713,325.5,1.2
2026-09-03T19:11:34Z,2026-10-30,57,59000.0,C,0.28,0.2835,0.2819,81775.06,81250.13,0.4997,0.96064,1e-05,27.37446,1.0,0.0
2026-09-03T19:11:34Z,2026-10-30,57,59000.0,P,0.0032,0.0035,0.0034,81775.06,81250.13,0.4997,-0.03936,1e-05,27.37446,83.7,8.0
2026-09-03T19:11:34Z,2026-10-30,57,60000.0,C,0.2675,0.272,0.27,81775.06,81250.13,0.48950000000000005,0.95578,1e-05,30.07921,16.5,0.0
2026-09-03T19:11:34Z,2026-10-30,57,60000.0,P,0.0036,0.0039,0.0038,81775.06,81250.13,0.48950000000000005,-0.04422,1e-05,30.07921,1544.2,1.2
2026-09-03T19:11:34Z,2026-10-30,57,61000.0,C,0.256,0.2605,0.2582,81775.06,81250.13,0.4789,0.95046,1e-05,32.94842,7.7,0.0
2026-09-03T19:11:34Z,2026-10-30,57,61000.0,P,0.004,0.0044,0.0042,81775.06,81250.13,0.4789,-0.04954,1e-05,32.94842,237.9,10.3
2026-09-03T19:11:34Z,2026-10-30,57,62000.0,C,0.244,0.25,0.2465,81775.06,81250.13,0.4696,0.94412,1e-05,36.2507,13.5,0.0
2026-09-03T19:11:34Z,2026-10-30,57,62000.0,P,0.0045,0.0049,0.0047,81775.06,81250.13,0.4696,-0.05588,1e-05,36.2507,1195.0,0.0
2026-09-03T19:11:34Z,2026-10-30,57,63000.0,C,0.233,0.237,0.2349,81775.0,81250.13,0.4603,0.93706,1e-05,39.79682,153.2,0.0
2026-09-03T19:11:34Z,2026-10-30,57,63000.0,P,0.005,0.0055,0.0053,81775.06,81250.13,0.4603,-0.06294,1e-05,39.7966,517.2,0.1
2026-09-03T19:11:34Z,2026-10-30,57,64000.0,C,0.2215,0.2255,0.2234,81775.0,81250.13,0.45159999999999995,0.92893,1e-05,43.7189,416.8,0.0
2026-09-03T19:11:34Z,2026-10-30,57,64000.0,P,0.0055,0.0065,0.006,81774.77,81250.13,0.45159999999999995,-0.07107,1e-05,43.71979,619.2,88.8
2026-09-03T19:11:34Z,2026-10-30,57,65000.0,C,0.21,0.214,0.2121,81774.77,81250.13,0.4449,0.91905,1e-05,48.27148,434.6,0.8
2026-09-03T19:11:34Z,2026-10-30,57,65000.0,P,0.0065,0.0075,0.0069,81774.77,81250.13,0.4449,-0.08095,1e-05,48.27148,546.2,19.1
2026-09-03T19:11:34Z,2026-10-30,57,66000.0,C,0.1985,0.2025,0.2007,81774.77,81250.13,0.4354,0.90928,1e-05,52.57067,89.5,0.6
2026-09-03T19:11:34Z,2026-10-30,57,66000.0,P,0.0075,0.008,0.0078,81774.77,81250.13,0.4354,-0.09072,1e-05,52.57067,153.1,2.1
2026-09-03T19:11:34Z,2026-10-30,57,67000.0,C,0.1875,0.1915,0.1897,81774.77,81250.13,0.4303,0.8964,1e-05,57.95496,108.4,0.0
2026-09-03T19:11:34Z,2026-10-30,57,67000.0,P,0.0085,0.0095,0.009,81774.77,81250.13,0.4303,-0.1036,1e-05,57.95496,410.8,16.3
2026-09-03T19:11:34Z,2026-10-30,57,68000.0,C,0.176,0.1805,0.1785,81774.77,81250.13,0.4213,0.88405,1e-05,62.83473,518.8,2.5
2026-09-03T19:11:34Z,2026-10-30,57,68000.0,P,0.0095,0.0105,0.0101,81774.77,81250.13,0.4213,-0.11595,1e-05,62.83473,615.2,306.5
2026-09-03T19:11:34Z,2026-10-30,57,69000.0,C,0.166,0.17,0.1678,81774.77,81250.13,0.4153,0.86886,2e-05,68.49507,680.1,27.1
2026-09-03T19:11:34Z,2026-10-30,57,69000.0,P,0.011,0.012,0.0116,81774.77,81250.13,0.4153,-0.13114,2e-05,68.49507,284.8,55.3
2026-09-03T19:11:34Z,2026-10-30,57,70000.0,C,0.155,0.1595,0.1574,81774.77,81250.13,0.4114,0.85112,2e-05,74.66121,1099.6,2.5
2026-09-03T19:11:34Z,2026-10-30,57,70000.0,P,0.013,0.014,0.0134,81774.94,81250.13,0.4114,-0.14887,2e-05,74.66036,835.7,4.1
2026-09-03T19:11:34Z,2026-10-30,57,71000.0,C,0.1445,0.149,0.1471,81774.77,81250.13,0.4053,0.83288,2e-05,80.55012,977.5,0.7
2026-09-03T19:11:34Z,2026-10-30,57,71000.0,P,0.015,0.016,0.0153,81774.77,81250.13,0.4053,-0.16712,2e-05,80.55012,98.1,0.8
2026-09-03T19:11:34Z,2026-10-30,57,72000.0,C,0.135,0.139,0.1371,81774.77,81250.13,0.40130000000000005,0.81192,2e-05,86.78863,468.4,0.0
2026-09-03T19:11:34Z,2026-10-30,57,72000.0,P,0.017,0.018,0.0176,81774.77,81250.13,0.40130000000000005,-0.18808,2e-05,86.78863,406.3,6.6
2026-09-03T19:11:34Z,2026-10-30,57,73000.0,C,0.1255,0.1295,0.1274,81774.77,81250.13,0.3968,0.78957,2e-05,92.86258,635.9,0.0
2026-09-03T19:11:34Z,2026-10-30,57,73000.0,P,0.0195,0.0205,0.0201,81774.77,81250.13,0.3968,-0.21043,2e-05,92.86258,89.9,6.3
2026-09-03T19:11:34Z,2026-10-30,57,74000.0,C,0.1155,0.1205,0.1181,81774.77,81250.13,0.3934,0.76504,2e-05,98.88836,252.6,0.0
2026-09-03T19:11:34Z,2026-10-30,57,74000.0,P,0.0225,0.0235,0.023,81775.66,81250.13,0.3934,-0.23493,2e-05,98.88431,228.0,14.0
2026-09-03T19:11:34Z,2026-10-30,57,75000.0,C,0.1065,0.111,0.109,81775.66,81250.13,0.38939999999999997,0.73925,3e-05,104.54649,1172.3,0.0
2026-09-03T19:11:34Z,2026-10-30,57,75000.0,P,0.0255,0.0265,0.0262,81775.66,81250.13,0.38939999999999997,-0.26075,3e-05,104.54649,334.9,15.4
2026-09-03T19:11:34Z,2026-10-30,57,76000.0,C,0.099,0.102,0.1005,81775.66,81250.13,0.387,0.71124,3e-05,109.94225,356.6,15.0
2026-09-03T19:11:34Z,2026-10-30,57,76000.0,P,0.0295,0.0305,0.0299,81774.74,81250.13,0.387,-0.28878,3e-05,109.94554,82.7,15.4
2026-09-03T19:11:34Z,2026-10-30,57,77000.0,C,0.0915,0.094,0.0925,81775.66,81250.13,0.3858,0.68163,3e-05,114.84377,87.9,0.2
2026-09-03T19:11:34Z,2026-10-30,57,77000.0,P,0.0335,0.0345,0.0341,81775.66,81250.13,0.3858,-0.31837,3e-05,114.84377,123.1,0.0
2026-09-03T19:11:34Z,2026-10-30,57,78000.0,C,0.084,0.0865,0.0848,81775.66,81250.13,0.3843,0.65105,3e-05,119.07591,473.7,63.0
2026-09-03T19:11:34Z,2026-10-30,57,78000.0,P,0.038,0.039,0.0387,81775.66,81250.13,0.3843,-0.34895,3e-05,119.07591,414.7,3.2
2026-09-03T19:11:34Z,2026-10-30,57,79000.0,C,0.0765,0.079,0.0776,81774.74,81250.13,0.3836,0.61949,3e-05,122.5878,188.7,67.8
2026-09-03T19:11:34Z,2026-10-30,57,79000.0,P,0.043,0.044,0.0437,81775.66,81250.13,0.3836,-0.38048,3e-05,122.5864,420.0,71.9
2026-09-03T19:11:34Z,2026-10-30,57,80000.0,C,0.0705,0.0715,0.0709,81775.66,81250.13,0.3832,0.58744,3e-05,125.29606,1300.3,337.0
2026-09-03T19:11:34Z,2026-10-30,57,80000.0,P,0.0485,0.0495,0.0492,81775.66,81250.13,0.3832,-0.41256,3e-05,125.29606,782.3,257.6
2026-09-03T19:11:34Z,2026-10-30,57,81000.0,C,0.064,0.065,0.0646,81775.66,81250.13,0.3829,0.55511,3e-05,127.16547,308.6,28.0
2026-09-03T19:11:34Z,2026-10-30,57,81000.0,P,0.0545,0.056,0.0552,81775.66,81250.13,0.3829,-0.44489,3e-05,127.16547,152.0,25.0
2026-09-03T19:11:34Z,2026-10-30,57,82000.0,C,0.0585,0.0595,0.0589,81775.66,81250.13,0.3836,0.52286,3e-05,128.18169,1203.6,63.6
2026-09-03T19:11:34Z,2026-10-30,57,82000.0,P,0.061,0.0625,0.0616,81775.66,81250.13,0.3836,-0.47714,3e-05,128.18169,44.9,2.0
2026-09-03T19:11:34Z,2026-10-30,57,83000.0,C,0.053,0.054,0.0535,81775.66,81250.13,0.38439999999999996,0.49099,3e-05,128.35985,218.7,181.3
2026-09-03T19:11:34Z,2026-10-30,57,83000.0,P,0.068,0.069,0.0685,81775.66,81250.13,0.38439999999999996,-0.50901,3e-05,128.35985,50.0,50.5
2026-09-03T19:11:34Z,2026-10-30,57,84000.0,C,0.0485,0.049,0.0487,81775.66,81250.13,0.3861,0.45991,3e-05,127.74379,1097.3,123.6
2026-09-03T19:11:34Z,2026-10-30,57,84000.0,P,0.0755,0.0765,0.0759,81775.66,81250.13,0.3861,-0.54009,3e-05,127.74379,8.3,7.8
2026-09-03T19:11:34Z,2026-10-30,57,85000.0,C,0.044,0.0445,0.0442,81775.66,81250.13,0.3874,0.42958,3e-05,126.38727,1941.1,152.7
2026-09-03T19:11:34Z,2026-10-30,57,85000.0,P,0.083,0.0845,0.0837,81775.66,81250.13,0.3874,-0.57042,3e-05,126.38727,70.7,72.3
2026-09-03T19:11:34Z,2026-10-30,57,86000.0,C,0.0395,0.0405,0.0401,81775.66,81250.13,0.38880000000000003,0.40026,3e-05,124.35893,730.2,41.7
2026-09-03T19:11:34Z,2026-10-30,57,86000.0,P,0.091,0.0925,0.0917,81775.66,81250.13,0.38880000000000003,-0.59974,3e-05,124.35893,13.6,0.0
2026-09-03T19:11:34Z,2026-10-30,57,87000.0,C,0.036,0.037,0.0363,81785.15,81250.13,0.39030000000000004,0.37237,3e-05,121.77868,72.0,54.3
2026-09-03T19:11:34Z,2026-10-30,57,87000.0,P,0.0985,0.1015,0.1002,81775.77,81250.13,0.39030000000000004,-0.62791,3e-05,121.73508,24.0,20.0
2026-09-03T19:11:34Z,2026-10-30,57,88000.0,C,0.0325,0.0335,0.0329,81785.15,81250.13,0.3923,0.34562,3e-05,118.66867,352.5,171.5
2026-09-03T19:11:34Z,2026-10-30,57,88000.0,P,0.1075,0.111,0.109,81785.15,81250.13,0.3923,-0.65438,3e-05,118.66867,8.1,0.0
2026-09-03T19:11:34Z,2026-10-30,57,89000.0,C,0.0295,0.0305,0.0298,81785.15,81250.13,0.3947,0.32042,3e-05,115.16712,65.5,18.0
2026-09-03T19:11:34Z,2026-10-30,57,89000.0,P,0.117,0.1195,0.1182,81785.15,81250.13,0.3947,-0.67958,3e-05,115.16712,5.0,0.0
2026-09-03T19:11:34Z,2026-10-30,57,90000.0,C,0.0265,0.0275,0.027,81785.15,81250.13,0.3968,0.29636,3e-05,111.29063,2625.7,1116.6
2026-09-03T19:11:34Z,2026-10-30,57,90000.0,P,0.126,0.1295,0.1276,81785.15,81250.13,0.3968,-0.70364,3e-05,111.29063,5.6,0.0
2026-09-03T19:11:34Z,2026-10-30,57,91000.0,C,0.024,0.025,0.0245,81785.15,81250.13,0.3994,0.27407,3e-05,107.2195,26.7,7.4
2026-09-03T19:11:34Z,2026-10-30,57,91000.0,P,0.1355,0.139,0.1373,81785.15,81250.13,0.3994,-0.72593,3e-05,107.2195,0.2,0.0
2026-09-03T19:11:34Z,2026-10-30,57,92000.0,C,0.022,0.023,0.0223,81785.15,81250.13,0.4029,0.2537,2e-05,103.07833,1070.4,0.5
2026-09-03T19:11:34Z,2026-10-30,57,92000.0,P,0.145,0.1495,0.1473,81785.15,81250.13,0.4029,-0.7463,2e-05,103.07833,0.0,0.0
2026-09-03T19:11:34Z,2026-10-30,57,94000.0,C,0.018,0.019,0.0184,81785.15,81250.13,0.409,0.21644,2e-05,94.41195,444.0,51.1
2026-09-03T19:11:34Z,2026-10-30,57,94000.0,P,0.1655,0.1705,0.1679,81785.15,81250.13,0.409,-0.78356,2e-05,94.41195,0.0,0.0
2026-09-03T19:11:34Z,2026-10-30,57,95000.0,C,0.0165,0.0175,0.0168,81785.15,81250.13,0.41259999999999997,0.2001,2e-05,90.13751,2092.9,407.2
2026-09-03T19:11:34Z,2026-10-30,57,95000.0,P,0.1765,0.181,0.1785,81791.98,81250.13,0.41259999999999997,-0.79976,2e-05,90.18467,0.4,0.0
2026-09-03T19:11:34Z,2026-10-30,57,96000.0,C,0.015,0.016,0.0153,81791.98,81250.13,0.4155,0.1847,2e-05,85.83631,193.7,107.7
2026-09-03T19:11:34Z,2026-10-30,57,96000.0,P,0.1865,0.192,0.1892,81791.98,81250.13,0.4155,-0.8153,2e-05,85.83631,0.1,0.0
2026-09-03T19:11:34Z,2026-10-30,57,98000.0,C,0.0125,0.0135,0.0128,81791.98,81250.13,0.4232,0.15816,2e-05,77.72852,280.8,1.2
2026-09-03T19:11:34Z,2026-10-30,57,98000.0,P,0.2085,0.214,0.2112,81791.98,81250.13,0.4232,-0.84184,2e-05,77.72852,0.0,0.0
2026-09-03T19:11:34Z,2026-10-30,57,100000.0,C,0.0105,0.0115,0.0108,81791.98,81250.13,0.43119999999999997,0.13574,2e-05,70.15211,1619.8,2.0
2026-09-03T19:11:34Z,2026-10-30,57,100000.0,P,0.2295,0.2375,0.2337,81791.98,81250.13,0.43119999999999997,-0.86426,2e-05,70.15211,0.3,0.0
2026-09-03T19:11:34Z,2026-10-30,57,102000.0,C,0.009,0.0095,0.0092,81791.98,81250.13,0.4393,0.11689,1e-05,63.20932,181.9,0.8
2026-09-03T19:11:34Z,2026-10-30,57,102000.0,P,0.2535,0.26,0.2565,81785.53,81250.13,0.4393,-0.8832,1e-05,63.17001,0.0,0.0
2026-09-03T19:11:34Z,2026-10-30,57,104000.0,C,0.0075,0.0085,0.0078,81791.98,81250.13,0.4472,0.10083,1e-05,56.83374,87.7,25.9
2026-09-03T19:11:34Z,2026-10-30,57,104000.0,P,0.2765,0.2835,0.2796,81791.98,81250.13,0.4472,-0.89917,1e-05,56.83374,0.0,0.0
2026-09-03T19:11:34Z,2026-10-30,57,105000.0,C,0.007,0.0075,0.0072,81791.98,81250.13,0.4507,0.0935,1e-05,53.76999,1133.3,0.2
2026-09-03T19:11:34Z,2026-10-30,57,105000.0,P,0.288,0.295,0.2912,81791.98,81250.13,0.4507,-0.9065,1e-05,53.76999,0.0,0.0
2026-09-03T19:11:34Z,2026-10-30,57,110000.0,C,0.0048,0.0055,0.0051,81791.98,81250.13,0.4729,0.06695,1e-05,41.75883,1050.5,19.3
2026-09-03T19:11:34Z,2026-10-30,57,110000.0,P,0.347,0.3545,0.3502,81791.98,81250.13,0.4729,-0.93305,1e-05,41.75883,0.0,0.0
2026-09-03T19:11:34Z,2026-11-27,85,58000.0,C,0.2975,0.3015,0.2995,82116.25,81250.13,0.4876,0.9451,1e-05,43.89584,0.0,0.0
2026-09-03T19:11:34Z,2026-11-27,85,58000.0,P,0.0055,0.0065,0.006,82116.25,81250.13,0.4876,-0.0549,1e-05,43.89584,6.6,1.8
2026-09-03T19:11:34Z,2026-11-27,85,60000.0,C,0.275,0.28,0.2767,82109.8,81250.13,0.4738,0.93188,1e-05,51.95495,0.1,0.0
2026-09-03T19:11:34Z,2026-11-27,85,60000.0,P,0.007,0.008,0.0075,82116.25,81250.13,0.4738,-0.06808,1e-05,51.93236,32.8,25.3
2026-09-03T19:11:34Z,2026-11-27,85,62000.0,C,0.2525,0.256,0.2542,82109.8,81250.13,0.46020000000000005,0.91608,1e-05,60.89977,0.0,0.0
2026-09-03T19:11:34Z,2026-11-27,85,62000.0,P,0.009,0.0095,0.0093,82109.8,81250.13,0.46020000000000005,-0.08392,1e-05,60.89977,6.0,0.0
2026-09-03T19:11:34Z,2026-11-27,85,64000.0,C,0.23,0.2355,0.232,82116.25,81250.13,0.4464,0.89752,1e-05,70.60088,0.0,0.0
2026-09-03T19:11:34Z,2026-11-27,85,64000.0,P,0.011,0.012,0.0115,82109.8,81250.13,0.4464,-0.10254,1e-05,70.62805,22.0,2.2
2026-09-03T19:11:34Z,2026-11-27,85,66000.0,C,0.2085,0.214,0.2106,82109.8,81250.13,0.4365,0.87385,1e-05,81.86285,0.0,0.0
2026-09-03T19:11:34Z,2026-11-27,85,66000.0,P,0.014,0.015,0.0145,82109.8,81250.13,0.4365,-0.12615,1e-05,81.86285,182.9,110.0
2026-09-03T19:11:34Z,2026-11-27,85,67000.0,C,0.198,0.2035,0.2,82116.25,81250.13,0.4299,0.86141,1e-05,87.35268,0.0,0.0
2026-09-03T19:11:34Z,2026-11-27,85,67000.0,P,0.0155,0.0165,0.0161,82109.8,81250.13,0.4299,-0.13867,1e-05,87.38186,19.6,16.3
2026-09-03T19:11:34Z,2026-11-27,85,68000.0,C,0.188,0.1915,0.1897,82116.25,81250.13,0.42590000000000006,0.84681,1e-05,93.43618,0.0,0.0
2026-09-03T19:11:34Z,2026-11-27,85,68000.0,P,0.0175,0.0185,0.018,82116.25,81250.13,0.42590000000000006,-0.15319,1e-05,93.43618,17.2,11.0
2026-09-03T19:11:34Z,2026-11-27,85,69000.0,C,0.178,0.183,0.1796,82109.8,81250.13,0.42100000000000004,0.83143,2e-05,99.45467,0.0,0.0
2026-09-03T19:11:34Z,2026-11-27,85,69000.0,P,0.0195,0.0205,0.0201,82116.25,81250.13,0.42100000000000004,-0.16848,2e-05,99.42531,10.9,0.0
2026-09-03T19:11:34Z,2026-11-27,85,70000.0,C,0.168,0.173,0.1699,82118.18,81250.13,0.4172,0.81478,2e-05,105.56668,4.1,2.0
2026-09-03T19:11:34Z,2026-11-27,85,70000.0,P,0.022,0.023,0.0224,82118.18,81250.13,0.4172,-0.18522,2e-05,105.5669,30.7,1.0
2026-09-03T19:11:34Z,2026-11-27,85,71000.0,C,0.1585,0.162,0.1603,82116.25,81250.13,0.41340000000000005,0.79692,2e-05,111.65432,0.1,0.0
2026-09-03T19:11:34Z,2026-11-27,85,71000.0,P,0.0245,0.0255,0.025,82116.25,81250.13,0.41340000000000005,-0.20308,2e-05,111.65432,4.5,0.0
2026-09-03T19:11:34Z,2026-11-27,85,72000.0,C,0.149,0.1545,0.1509,82118.18,81250.13,0.4092,0.77821,2e-05,117.55608,0.0,0.0
2026-09-03T19:11:34Z,2026-11-27,85,72000.0,P,0.0275,0.0285,0.0278,82118.18,81250.13,0.4092,-0.22179,2e-05,117.55608,7.4,0.2
2026-09-03T19:11:34Z,2026-11-27,85,73000.0,C,0.1405,0.144,0.142,82116.25,81250.13,0.4067,0.75774,2e-05,123.47883,0.0,0.0
2026-09-03T19:11:34Z,2026-11-27,85,73000.0,P,0.0305,0.0315,0.031,82118.18,81250.13,0.4067,-0.24222,2e-05,123.47137,17.1,0.6
2026-09-03T19:11:34Z,2026-11-27,85,74000.0,C,0.1315,0.1365,0.1332,82118.18,81250.13,0.4039,0.73655,2e-05,129.05486,0.0,0.0
2026-09-03T19:11:34Z,2026-11-27,85,74000.0,P,0.034,0.035,0.0345,82118.18,81250.13,0.4039,-0.26345,2e-05,129.05486,23.8,3.0
2026-09-03T19:11:34Z,2026-11-27,85,75000.0,C,0.1235,0.1265,0.1248,82116.25,81250.13,0.4012,0.7143,2e-05,134.3214,260.3,0.2
2026-09-03T19:11:34Z,2026-11-27,85,75000.0,P,0.038,0.0385,0.0382,82116.25,81250.13,0.4012,-0.2857,2e-05,134.3214,281.7,2.0
2026-09-03T19:11:34Z,2026-11-27,85,76000.0,C,0.1155,0.1185,0.1168,82116.25,81250.13,0.3995,0.69102,2e-05,139.21746,10.6,3.5
2026-09-03T19:11:34Z,2026-11-27,85,76000.0,P,0.042,0.043,0.0424,82116.25,81250.13,0.3995,-0.30898,2e-05,139.21746,42.9,3.5
2026-09-03T19:11:34Z,2026-11-27,85,77000.0,C,0.108,0.1105,0.1092,82116.25,81250.13,0.3981,0.66698,2e-05,143.63532,3.0,0.2
2026-09-03T19:11:34Z,2026-11-27,85,77000.0,P,0.0465,0.0475,0.0469,82118.18,81250.13,0.3981,-0.33298,2e-05,143.63109,26.9,1.3
2026-09-03T19:11:34Z,2026-11-27,85,78000.0,C,0.1005,0.105,0.1019,82116.25,81250.13,0.3969,0.64234,2e-05,147.50979,34.8,1.0
2026-09-03T19:11:34Z,2026-11-27,85,78000.0,P,0.0515,0.0525,0.0518,82116.25,81250.13,0.3969,-0.35766,2e-05,147.50979,56.3,3.8
2026-09-03T19:11:34Z,2026-11-27,85,79000.0,C,0.094,0.0965,0.095,82118.18,81250.13,0.39630000000000004,0.61728,2e-05,150.7957,48.2,0.0
2026-09-03T19:11:34Z,2026-11-27,85,79000.0,P,0.0565,0.0575,0.0571,82118.2,81250.13,0.39630000000000004,-0.38272,2e-05,150.79567,75.6,9.4
2026-09-03T19:11:34Z,2026-11-27,85,80000.0,C,0.088,0.089,0.0885,82118.2,81250.13,0.3957,0.5919,2e-05,153.45628,737.4,34.3
2026-09-03T19:11:34Z,2026-11-27,85,80000.0,P,0.062,0.0635,0.0627,82115.51,81250.13,0.3957,-0.40816,2e-05,153.45739,45.5,15.8
2026-09-03T19:11:34Z,2026-11-27,85,81000.0,C,0.0815,0.083,0.0823,82115.51,81250.13,0.3953,0.56632,3e-05,155.46957,26.3,23.7
2026-09-03T19:11:34Z,2026-11-27,85,81000.0,P,0.068,0.0695,0.0687,82115.51,81250.13,0.3953,-0.43368,3e-05,155.46957,3.3,0.5
2026-09-03T19:11:34Z,2026-11-27,85,82000.0,C,0.076,0.077,0.0764,82118.2,81250.13,0.39520000000000005,0.54089,3e-05,156.82951,28.8,10.0
2026-09-03T19:11:34Z,2026-11-27,85,82000.0,P,0.0745,0.0755,0.075,82118.2,81250.13,0.39520000000000005,-0.45911,3e-05,156.82951,20.4,1.8
2026-09-03T19:11:34Z,2026-11-27,85,83000.0,C,0.0705,0.0715,0.071,82115.51,81250.13,0.39549999999999996,0.51551,3e-05,157.5341,3.9,0.0
2026-09-03T19:11:34Z,2026-11-27,85,83000.0,P,0.081,0.0825,0.0817,82115.51,81250.13,0.39549999999999996,-0.48449,3e-05,157.5341,39.1,31.7
2026-09-03T19:11:34Z,2026-11-27,85,84000.0,C,0.0655,0.0665,0.0658,82115.51,81250.13,0.396,0.49051,3e-05,157.60857,24.9,23.4
2026-09-03T19:11:34Z,2026-11-27,85,84000.0,P,0.0885,0.0895,0.0888,82118.2,81250.13,0.396,-0.50943,3e-05,157.61437,0.6,3.4
2026-09-03T19:11:34Z,2026-11-27,85,85000.0,C,0.0605,0.0615,0.061,82118.2,81250.13,0.39640000000000003,0.46596,3e-05,157.08404,478.6,352.4
2026-09-03T19:11:34Z,2026-11-27,85,85000.0,P,0.0955,0.097,0.0961,82118.2,81250.13,0.39640000000000003,-0.53404,3e-05,157.08404,6.3,5.1
2026-09-03T19:11:34Z,2026-11-27,85,86000.0,C,0.056,0.057,0.0565,82118.2,81250.13,0.3971,0.44191,3e-05,155.98388,67.4,65.4
2026-09-03T19:11:34Z,2026-11-27,85,86000.0,P,0.1035,0.1045,0.1038,82118.2,81250.13,0.3971,-0.55809,3e-05,155.98388,29.2,30.9
2026-09-03T19:11:34Z,2026-11-27,85,87000.0,C,0.052,0.053,0.0524,82118.2,81250.13,0.3981,0.41852,2e-05,154.35885,8.8,6.7
2026-09-03T19:11:34Z,2026-11-27,85,87000.0,P,0.1115,0.1125,0.1118,82115.51,81250.13,0.3981,-0.58154,2e-05,154.34836,3.7,1.7
2026-09-03T19:11:34Z,2026-11-27,85,88000.0,C,0.048,0.049,0.0485,82118.2,81250.13,0.39890000000000003,0.39576,2e-05,152.24517,78.7,73.9
2026-09-03T19:11:34Z,2026-11-27,85,88000.0,P,0.1185,0.1215,0.1201,82115.51,81250.13,0.39890000000000003,-0.60431,2e-05,152.23331,0.0,0.0
2026-09-03T19:11:34Z,2026-11-27,85,89000.0,C,0.0445,0.0455,0.0449,82118.2,81250.13,0.4003,0.37394,2e-05,149.72031,29.3,4.6
2026-09-03T19:11:34Z,2026-11-27,85,89000.0,P,0.1265,0.13,0.1287,82115.49,81250.13,0.4003,-0.62613,2e-05,149.70719,0.0,0.0
2026-09-03T19:11:34Z,2026-11-27,85,90000.0,C,0.041,0.042,0.0415,82115.49,81250.13,0.4014,0.35272,2e-05,146.78326,27.2,0.3
2026-09-03T19:11:34Z,2026-11-27,85,90000.0,P,0.1345,0.139,0.1375,82115.49,81250.13,0.4014,-0.64728,2e-05,146.78326,0.3,0.0
2026-09-03T19:11:34Z,2026-11-27,85,91000.0,C,0.038,0.039,0.0384,82114.69,81250.13,0.40299999999999997,0.33256,2e-05,143.5529,70.3,59.3
2026-09-03T19:11:34Z,2026-11-27,85,91000.0,P,0.1455,0.148,0.1466,82115.49,81250.13,0.40299999999999997,-0.66742,2e-05,143.55735,0.0,0.0
2026-09-03T19:11:34Z,2026-11-27,85,92000.0,C,0.035,0.036,0.0356,82115.49,81250.13,0.4044,0.31323,2e-05,140.04406,52.1,45.6
2026-09-03T19:11:34Z,2026-11-27,85,92000.0,P,0.154,0.1575,0.1559,82114.69,81250.13,0.4044,-0.68678,2e-05,140.03928,2.1,0.0
2026-09-03T19:11:34Z,2026-11-27,85,93000.0,C,0.0325,0.0335,0.033,82115.49,81250.13,0.40619999999999995,0.29495,2e-05,136.33999,23.2,16.2
2026-09-03T19:11:34Z,2026-11-27,85,93000.0,P,0.1635,0.1675,0.1655,82114.69,81250.13,0.40619999999999995,-0.70506,2e-05,136.33499,0.0,0.0
2026-09-03T19:11:34Z,2026-11-27,85,94000.0,C,0.03,0.031,0.0305,82115.49,81250.13,0.4078,0.27739,2e-05,132.42145,48.2,16.7
2026-09-03T19:11:34Z,2026-11-27,85,94000.0,P,0.1735,0.1775,0.1752,82115.49,81250.13,0.4078,-0.72261,2e-05,132.42145,0.0,0.0
2026-09-03T19:11:34Z,2026-11-27,85,96000.0,C,0.026,0.027,0.0263,82114.69,81250.13,0.4125,0.24581,2e-05,124.44841,28.9,18.5
2026-09-03T19:11:34Z,2026-11-27,85,96000.0,P,0.1905,0.198,0.1954,82114.69,81250.13,0.4125,-0.75419,2e-05,124.44799,0.0,0.0
2026-09-03T19:11:34Z,2026-11-27,85,98000.0,C,0.022,0.023,0.0226,82115.49,81250.13,0.41600000000000004,0.21674,2e-05,116.00834,50.8,28.5
2026-09-03T19:11:34Z,2026-11-27,85,98000.0,P,0.211,0.2185,0.216,82114.69,81250.13,0.41600000000000004,-0.78327,2e-05,116.00278,0.0,0.0
2026-09-03T19:11:34Z,2026-11-27,85,100000.0,C,0.019,0.02,0.0195,82115.49,81250.13,0.4203,0.19134,2e-05,107.69961,70.0,15.4
2026-09-03T19:11:34Z,2026-11-27,85,100000.0,P,0.2345,0.24,0.2372,82114.69,81250.13,0.4203,-0.80868,2e-05,107.69403,0.0,0.0
2026-09-03T19:11:34Z,2026-11-27,85,102000.0,C,0.0165,0.0175,0.0169,82115.49,81250.13,0.42560000000000003,0.16944,2e-05,99.78843,86.4,56.8
2026-09-03T19:11:34Z,2026-11-27,85,102000.0,P,0.2535,0.262,0.259,82115.49,81250.13,0.42560000000000003,-0.83056,2e-05,99.78843,0.0,0.0
2026-09-03T19:11:34Z,2026-11-27,85,104000.0,C,0.0145,0.0155,0.0148,82115.49,81250.13,0.43119999999999997,0.1504,1e-05,92.30284,5.9,0.5
2026-09-03T19:11:34Z,2026-11-27,85,104000.0,P,0.2785,0.2845,0.2813,82112.32,81250.13,0.43119999999999997,-0.84964,1e-05,92.28353,0.0,0.0
2026-09-03T19:11:34Z,2026-11-27,85,105000.0,C,0.0135,0.0145,0.0138,82114.54,81250.13,0.4339,0.14168,1e-05,88.67047,7.4,0.6
2026-09-03T19:11:34Z,2026-11-27,85,105000.0,P,0.29,0.2955,0.2925,82112.32,81250.13,0.4339,-0.85835,1e-05,88.65576,0.0,0.0
2026-09-03T19:11:34Z,2026-11-27,85,106000.0,C,0.0125,0.0135,0.0129,82112.32,81250.13,0.4363,0.13326,1e-05,85.03538,14.4,0.4
2026-09-03T19:11:34Z,2026-11-27,85,106000.0,P,0.3005,0.307,0.3038,82112.32,81250.13,0.4363,-0.86674,1e-05,85.03538,0.0,0.0
2026-09-03T19:11:34Z,2026-11-27,85,108000.0,C,0.011,0.012,0.0113,82114.54,81250.13,0.442,0.11862,1e-05,78.40789,11.9,0.2
2026-09-03T19:11:34Z,2026-11-27,85,108000.0,P,0.3235,0.33,0.3266,82112.32,81250.13,0.442,-0.88141,1e-05,78.39399,0.0,0.0
2026-09-03T19:11:34Z,2026-11-27,85,110000.0,C,0.0095,0.0105,0.0099,82114.54,81250.13,0.44670000000000004,0.10521,1e-05,71.95863,8.3,6.0
2026-09-03T19:11:34Z,2026-11-27,85,110000.0,P,0.344,0.353,0.3495,82114.54,81250.13,0.44670000000000004,-0.89479,1e-05,71.95863,0.0,0.0
2026-09-03T19:11:34Z,2026-11-27,85,115000.0,C,0.007,0.008,0.0074,82114.54,81250.13,0.4618,0.08012,1e-05,58.81369,26.0,0.3
2026-09-03T19:11:34Z,2026-11-27,85,115000.0,P,0.405,0.4115,0.4079,82112.32,81250.13,0.4618,-0.9199,1e-05,58.80206,0.0,0.0
2026-09-03T19:11:34Z,2026-11-27,85,120000.0,C,0.005,0.006,0.0055,82114.54,81250.13,0.4739,0.06062,1e-05,47.45547,69.1,33.1
2026-09-03T19:11:34Z,2026-11-27,85,120000.0,P,0.464,0.4705,0.4669,82112.32,81250.13,0.4739,-0.93939,1e-05,47.44547,0.0,0.0
2026-09-03T19:11:34Z,2026-12-25,113,20000.0,C,0.7565,0.7585,0.7577,82421.22,81250.13,0.9623999999999999,0.99823,0.0,2.59195,4.2,0.0
2026-09-03T19:11:34Z,2026-12-25,113,20000.0,P,0.0003,0.0005,0.0003,82422.03,81250.13,0.9623999999999999,-0.00177,0.0,2.59184,620.4,85.0
2026-09-03T19:11:34Z,2026-12-25,113,30000.0,C,0.6355,0.6375,0.6369,82421.22,81250.13,0.7809,0.99458,0.0,7.11508,300.6,0.0
2026-09-03T19:11:34Z,2026-12-25,113,30000.0,P,0.0005,0.0015,0.0009,82422.03,81250.13,0.7809,-0.00542,0.0,7.11474,2122.5,22.8
2026-09-03T19:11:34Z,2026-12-25,113,35000.0,C,0.575,0.5775,0.5767,82421.22,81250.13,0.7123999999999999,0.99094,0.0,11.19207,87.8,0.0
2026-09-03T19:11:34Z,2026-12-25,113,35000.0,P,0.0011,0.0017,0.0014,82421.22,81250.13,0.7123999999999999,-0.00906,0.0,11.19207,2386.8,10.0
2026-09-03T19:11:34Z,2026-12-25,113,40000.0,C,0.5155,0.5175,0.5168,82421.22,81250.13,0.6523,0.98526,0.0,17.0711,250.9,0.0
2026-09-03T19:11:34Z,2026-12-25,113,40000.0,P,0.0019,0.0024,0.0021,82421.22,81250.13,0.6523,-0.01474,0.0,17.0711,4510.6,18.6
2026-09-03T19:11:34Z,2026-12-25,113,45000.0,C,0.455,0.458,0.4572,82421.22,81250.13,0.5928,0.97742,0.0,24.55614,54.3,0.0
2026-09-03T19:11:34Z,2026-12-25,113,45000.0,P,0.0029,0.0034,0.0031,82421.22,81250.13,0.5928,-0.02258,0.0,24.55614,2842.6,1.7
2026-09-03T19:11:34Z,2026-12-25,113,50000.0,C,0.396,0.3995,0.398,82421.22,81250.13,0.5413,0.9651,0.0,35.27991,260.7,0.6
2026-09-03T19:11:34Z,2026-12-25,113,50000.0,P,0.0044,0.0049,0.0046,82421.22,81250.13,0.5413,-0.0349,0.0,35.27991,2160.8,0.7
2026-09-03T19:11:34Z,2026-12-25,113,52000.0,C,0.3725,0.3785,0.3746,82421.22,81250.13,0.5229,0.95833,0.0,40.76823,0.1,0.0
2026-09-03T19:11:34Z,2026-12-25,113,52000.0,P,0.005,0.006,0.0055,82421.22,81250.13,0.5229,-0.04167,0.0,40.76823,542.5,1.1
2026-09-03T19:11:34Z,2026-12-25,113,54000.0,C,0.349,0.3555,0.3513,82422.03,81250.13,0.5052,0.95031,0.0,46.96867,33.1,0.0
2026-09-03T19:11:34Z,2026-12-25,113,54000.0,P,0.006,0.007,0.0065,82422.03,81250.13,0.5052,-0.04969,0.0,46.96867,1855.4,1.5
2026-09-03T19:11:34Z,2026-12-25,113,55000.0,C,0.3375,0.3435,0.3397,82421.22,81250.13,0.4959,0.94594,0.0,50.21789,44.9,0.0
2026-09-03T19:11:34Z,2026-12-25,113,55000.0,P,0.0065,0.0075,0.007,82421.22,81250.13,0.4959,-0.05406,0.0,50.21789,2657.6,32.6
2026-09-03T19:11:34Z,2026-12-25,113,56000.0,C,0.3255,0.3325,0.3284,82421.93,81250.13,0.4901,0.94018,1e-05,54.38951,41.5,0.0
2026-09-03T19:11:34Z,2026-12-25,113,56000.0,P,0.0075,0.008,0.0078,82421.93,81250.13,0.4901,-0.05982,1e-05,54.38951,509.6,1.5
2026-09-03T19:11:34Z,2026-12-25,113,58000.0,C,0.3035,0.3075,0.3058,82421.93,81250.13,0.4768,0.92783,1e-05,62.90795,40.3,0.0
2026-09-03T19:11:34Z,2026-12-25,113,58000.0,P,0.009,0.01,0.0095,82421.93,81250.13,0.4768,-0.07217,1e-05,62.90795,1843.5,12.2
2026-09-03T19:11:34Z,2026-12-25,113,60000.0,C,0.281,0.2855,0.2833,82421.93,81250.13,0.4619,0.91406,1e-05,71.80326,787.4,0.0
2026-09-03T19:11:34Z,2026-12-25,113,60000.0,P,0.011,0.0115,0.0113,82421.93,81250.13,0.4619,-0.08594,1e-05,71.80326,6313.4,7.2
2026-09-03T19:11:34Z,2026-12-25,113,62000.0,C,0.2585,0.264,0.2613,82421.93,81250.13,0.449,0.89738,1e-05,81.84555,247.1,0.0
2026-09-03T19:11:34Z,2026-12-25,113,62000.0,P,0.013,0.014,0.0136,82421.93,81250.13,0.449,-0.10262,1e-05,81.84555,1539.0,0.5
2026-09-03T19:11:34Z,2026-12-25,113,64000.0,C,0.238,0.2415,0.2401,82421.93,81250.13,0.439,0.8769,1e-05,93.20297,405.2,0.0
2026-09-03T19:11:34Z,2026-12-25,113,64000.0,P,0.016,0.017,0.0166,82421.93,81250.13,0.439,-0.1231,1e-05,93.20297,351.2,1.3
2026-09-03T19:11:34Z,2026-12-25,113,65000.0,C,0.2275,0.231,0.2297,82421.93,81250.13,0.4351,0.86516,1e-05,99.28555,944.0,67.4
2026-09-03T19:11:34Z,2026-12-25,113,65000.0,P,0.018,0.0185,0.0184,82421.29,81250.13,0.4351,-0.13485,1e-05,99.2883,826.3,5.0
2026-09-03T19:11:34Z,2026-12-25,113,66000.0,C,0.2165,0.222,0.2193,82421.93,81250.13,0.4293,0.85343,1e-05,105.06583,279.9,0.0
2026-09-03T19:11:34Z,2026-12-25,113,66000.0,P,0.0195,0.0205,0.0201,82421.93,81250.13,0.4293,-0.14657,1e-05,105.06583,342.5,10.2
2026-09-03T19:11:34Z,2026-12-25,113,68000.0,C,0.1975,0.202,0.1995,82421.93,81250.13,0.42210000000000003,0.82584,1e-05,117.61218,1033.6,0.0
2026-09-03T19:11:34Z,2026-12-25,113,68000.0,P,0.024,0.025,0.0246,82421.93,81250.13,0.42210000000000003,-0.17416,1e-05,117.61218,554.8,6.9
2026-09-03T19:11:34Z,2026-12-25,113,70000.0,C,0.1785,0.183,0.1806,82421.93,81250.13,0.41590000000000005,0.79469,1e-05,130.14618,1933.4,4.1
2026-09-03T19:11:34Z,2026-12-25,113,70000.0,P,0.0295,0.0305,0.0299,82421.93,81250.13,0.41590000000000005,-0.20531,1e-05,130.14618,1501.2,52.2
2026-09-03T19:11:34Z,2026-12-25,113,72000.0,C,0.1605,0.164,0.1626,82421.93,81250.13,0.41,0.76041,2e-05,142.13943,1273.5,2.5
2026-09-03T19:11:34Z,2026-12-25,113,72000.0,P,0.0355,0.0365,0.0361,82421.29,81250.13,0.41,-0.2396,2e-05,142.14176,614.4,28.9
2026-09-03T19:11:34Z,2026-12-25,113,74000.0,C,0.143,0.147,0.1457,82421.29,81250.13,0.4058,0.72272,2e-05,153.3247,138.9,0.0
2026-09-03T19:11:34Z,2026-12-25,113,74000.0,P,0.043,0.044,0.0435,82421.29,81250.13,0.4058,-0.27728,2e-05,153.3247,160.7,11.0
2026-09-03T19:11:34Z,2026-12-25,113,75000.0,C,0.1355,0.139,0.1377,82421.29,81250.13,0.40399999999999997,0.70292,2e-05,158.41558,1881.8,3.7
2026-09-03T19:11:34Z,2026-12-25,113,75000.0,P,0.047,0.048,0.0477,82421.93,81250.13,0.40399999999999997,-0.29707,2e-05,158.41389,1209.9,1.4
2026-09-03T19:11:34Z,2026-12-25,113,76000.0,C,0.1285,0.1315,0.13,82421.25,81250.13,0.4025,0.6825,2e-05,163.12173,409.9,1.3
2026-09-03T19:11:34Z,2026-12-25,113,76000.0,P,0.0515,0.0525,0.0521,82421.25,81250.13,0.4025,-0.3175,2e-05,163.12173,391.5,250.3
2026-09-03T19:11:34Z,2026-12-25,113,78000.0,C,0.114,0.1165,0.1155,82421.25,81250.13,0.40020000000000006,0.64029,2e-05,171.16714,1055.6,34.7
2026-09-03T19:11:34Z,2026-12-25,113,78000.0,P,0.0615,0.0625,0.0619,82421.25,81250.13,0.40020000000000006,-0.35971,2e-05,171.16714,1395.6,16.9
2026-09-03T19:11:34Z,2026-12-25,113,80000.0,C,0.1015,0.103,0.1023,82421.25,81250.13,0.3986,0.59692,2e-05,177.16117,8716.6,109.9
2026-09-03T19:11:34Z,2026-12-25,113,80000.0,P,0.0725,0.0735,0.0729,82421.25,81250.13,0.3986,-0.40308,2e-05,177.16117,1263.2,68.0
2026-09-03T19:11:34Z,2026-12-25,113,82000.0,C,0.0895,0.0905,0.0902,82421.25,81250.13,0.3972,0.5531,2e-05,180.95597,1261.6,57.2
2026-09-03T19:11:34Z,2026-12-25,113,82000.0,P,0.0845,0.086,0.0851,82421.95,81250.13,0.3972,-0.44688,2e-05,180.95657,231.7,50.0
2026-09-03T19:11:34Z,2026-12-25,113,84000.0,C,0.0785,0.08,0.0793,82421.25,81250.13,0.3969,0.50962,2e-05,182.52284,1326.7,5.6
2026-09-03T19:11:34Z,2026-12-25,113,84000.0,P,0.098,0.0995,0.0985,82421.25,81250.13,0.3969,-0.49038,2e-05,182.52284,67.1,3.8
2026-09-03T19:11:34Z,2026-12-25,113,85000.0,C,0.0735,0.075,0.0744,82421.25,81250.13,0.3971,0.48825,2e-05,182.49672,2214.9,161.6
2026-09-03T19:11:34Z,2026-12-25,113,85000.0,P,0.105,0.1065,0.1057,82421.25,81250.13,0.3971,-0.51175,2e-05,182.49672,583.1,108.0
2026-09-03T19:11:34Z,2026-12-25,113,86000.0,C,0.069,0.07,0.0698,82421.25,81250.13,0.39759999999999995,0.46728,2e-05,181.96137,325.4,29.3
2026-09-03T19:11:34Z,2026-12-25,113,86000.0,P,0.1125,0.114,0.1132,82421.25,81250.13,0.39759999999999995,-0.53272,2e-05,181.96137,54.3,6.9
2026-09-03T19:11:34Z,2026-12-25,113,88000.0,C,0.0605,0.0615,0.0611,82421.25,81250.13,0.3982,0.42636,2e-05,179.45627,3438.9,30.7
2026-09-03T19:11:34Z,2026-12-25,113,88000.0,P,0.1285,0.1295,0.1288,82421.25,81250.13,0.3982,-0.57364,2e-05,179.45627,4.5,0.0
2026-09-03T19:11:34Z,2026-12-25,113,90000.0,C,0.053,0.054,0.0536,82421.25,81250.13,0.3996,0.38763,2e-05,175.28434,3728.2,241.6
2026-09-03T19:11:34Z,2026-12-25,113,90000.0,P,0.144,0.1475,0.1455,82421.95,81250.13,0.3996,-0.61236,2e-05,175.28775,656.7,8.6
2026-09-03T19:11:34Z,2026-12-25,113,92000.0,C,0.0465,0.0475,0.0469,82421.25,81250.13,0.40149999999999997,0.35135,2e-05,169.75045,351.7,0.1
2026-09-03T19:11:34Z,2026-12-25,113,92000.0,P,0.1615,0.165,0.1632,82421.25,81250.13,0.40149999999999997,-0.64865,2e-05,169.75045,6.6,0.0
2026-09-03T19:11:34Z,2026-12-25,113,94000.0,C,0.0405,0.0415,0.0412,82415.54,81250.13,0.4039,0.31765,2e-05,163.14274,393.4,15.3
2026-09-03T19:11:34Z,2026-12-25,113,94000.0,P,0.1805,0.1835,0.1817,82415.54,81250.13,0.4039,-0.68235,2e-05,163.14299,5.3,0.0
2026-09-03T19:11:34Z,2026-12-25,113,95000.0,C,0.038,0.039,0.0385,82415.54,81250.13,0.40490000000000004,0.30166,2e-05,159.50617,1476.6,61.3
2026-09-03T19:11:34Z,2026-12-25,113,95000.0,P,0.1895,0.193,0.1911,82415.54,81250.13,0.40490000000000004,-0.69834,2e-05,159.50614,110.1,0.2
2026-09-03T19:11:34Z,2026-12-25,113,96000.0,C,0.0355,0.0365,0.0361,82415.54,81250.13,0.4065,0.28665,2e-05,155.78793,1480.8,19.0
2026-09-03T19:11:34Z,2026-12-25,113,96000.0,P,0.199,0.203,0.2009,82421.09,81250.13,0.4065,-0.71325,2e-05,155.82469,23.9,0.0
2026-09-03T19:11:34Z,2026-12-25,113,98000.0,C,0.031,0.0325,0.0318,82415.54,81250.13,0.4096,0.25856,2e-05,148.01102,339.5,32.2
2026-09-03T19:11:34Z,2026-12-25,113,98000.0,P,0.219,0.2235,0.2208,82415.54,81250.13,0.4096,-0.74144,2e-05,148.0111,1.2,0.0
2026-09-03T19:11:34Z,2026-12-25,113,100000.0,C,0.0275,0.0285,0.028,82415.54,81250.13,0.4128,0.23297,2e-05,139.95147,5995.7,71.3
2026-09-03T19:11:34Z,2026-12-25,113,100000.0,P,0.2365,0.2445,0.2413,82415.54,81250.13,0.4128,-0.76703,2e-05,139.95143,303.3,0.0
2026-09-03T19:11:34Z,2026-12-25,113,102000.0,C,0.024,0.025,0.0248,82415.54,81250.13,0.4171,0.21048,2e-05,132.06417,384.5,1.7
2026-09-03T19:11:34Z,2026-12-25,113,102000.0,P,0.2605,0.2655,0.2624,82415.54,81250.13,0.4171,-0.78952,2e-05,132.06325,7.8,0.0
2026-09-03T19:11:34Z,2026-12-25,113,104000.0,C,0.0215,0.0225,0.0219,82415.54,81250.13,0.42060000000000003,0.18965,1e-05,124.03977,89.7,0.1
2026-09-03T19:11:34Z,2026-12-25,113,104000.0,P,0.2815,0.287,0.2838,82415.54,81250.13,0.42060000000000003,-0.81035,1e-05,124.03977,0.1,0.0
2026-09-03T19:11:34Z,2026-12-25,113,105000.0,C,0.02,0.021,0.0206,82415.54,81250.13,0.42210000000000003,0.17977,1e-05,119.98272,914.2,10.0
2026-09-03T19:11:34Z,2026-12-25,113,105000.0,P,0.2925,0.298,0.2945,82415.54,81250.13,0.42210000000000003,-0.82023,1e-05,119.98272,109.4,0.0
2026-09-03T19:11:34Z,2026-12-25,113,106000.0,C,0.019,0.02,0.0195,82415.54,81250.13,0.4244,0.17105,1e-05,116.25852,745.5,56.2
2026-09-03T19:11:34Z,2026-12-25,113,106000.0,P,0.3,0.309,0.3055,82415.54,81250.13,0.4244,-0.82895,1e-05,116.25852,0.2,0.0
2026-09-03T19:11:34Z,2026-12-25,113,108000.0,C,0.017,0.018,0.0174,82415.54,81250.13,0.4293,0.15508,1e-05,109.08139,147.0,10.3
2026-09-03T19:11:34Z,2026-12-25,113,108000.0,P,0.3255,0.331,0.3278,82415.93,81250.13,0.4293,-0.84492,1e-05,109.0841,0.1,0.0
2026-09-03T19:11:34Z,2026-12-25,113,110000.0,C,0.015,0.016,0.0155,82422.7,81250.13,0.433,0.14004,1e-05,101.88457,2749.1,30.2
2026-09-03T19:11:34Z,2026-12-25,113,110000.0,P,0.3445,0.354,0.3501,82415.93,81250.13,0.433,-0.86003,1e-05,101.83861,55.7,0.0
2026-09-03T19:11:34Z,2026-12-25,113,115000.0,C,0.0115,0.0125,0.012,82422.7,81250.13,0.44549999999999995,0.1107,1e-05,86.44856,2331.9,1.8
2026-09-03T19:11:34Z,2026-12-25,113,115000.0,P,0.404,0.411,0.4072,82422.7,81250.13,0.44549999999999995,-0.8893,1e-05,86.44856,5.0,0.0
2026-09-03T19:11:34Z,2026-12-25,113,120000.0,C,0.009,0.01,0.0095,82422.7,81250.13,0.4585,0.0888,1e-05,73.58304,5828.4,27.0
2026-09-03T19:11:34Z,2026-12-25,113,120000.0,P,0.459,0.469,0.4654,82422.7,81250.13,0.4585,-0.9112,1e-05,73.58304,35.7,0.0
2026-09-03T19:11:34Z,2026-12-25,113,125000.0,C,0.007,0.008,0.0075,82422.7,81250.13,0.46990000000000004,0.07135,1e-05,62.3588,559.2,20.2
2026-09-03T19:11:34Z,2026-12-25,113,125000.0,P,0.5165,0.5295,0.5241,82422.7,81250.13,0.46990000000000004,-0.92865,1e-05,62.3588,9.1,0.0
2026-09-03T19:11:34Z,2026-12-25,113,130000.0,C,0.0055,0.006,0.0059,82422.7,81250.13,0.4794,0.05722,1e-05,52.5216,1560.4,17.0
2026-09-03T19:11:34Z,2026-12-25,113,130000.0,P,0.579,0.5875,0.5832,82422.7,81250.13,0.4794,-0.94278,1e-05,52.5216,54.0,0.0
2026-09-03T19:11:34Z,2026-12-25,113,135000.0,C,0.0048,0.0055,0.0051,82422.7,81250.13,0.4966,0.0493,0.0,46.67039,1360.3,3.0
2026-09-03T19:11:34Z,2026-12-25,113,135000.0,P,0.638,0.649,0.6431,82422.7,81250.13,0.4966,-0.9507,0.0,46.67039,0.7,0.0
2026-09-03T19:11:34Z,2026-12-25,113,140000.0,C,0.004,0.0045,0.0043,82415.93,81250.13,0.5077,0.04105,0.0,40.2763,1434.0,10.0
2026-09-03T19:11:34Z,2026-12-25,113,140000.0,P,0.692,0.709,0.7028,82422.7,81250.13,0.5077,-0.95892,0.0,40.30001,0.4,0.0
2026-09-03T19:11:34Z,2026-12-25,113,150000.0,C,0.003,0.0034,0.0032,82422.7,81250.13,0.5332,0.03043,0.0,31.51273,1688.1,6.4
2026-09-03T19:11:34Z,2026-12-25,113,150000.0,P,0.811,0.8295,0.8231,82415.93,81250.13,0.5332,-0.96959,0.0,31.49375,4.4,0.4
2026-09-03T19:11:34Z,2026-12-25,113,160000.0,C,0.0022,0.0027,0.0024,82422.7,81250.13,0.5555,0.02296,0.0,24.90142,1286.9,0.1
2026-09-03T19:11:34Z,2026-12-25,113,160000.0,P,0.931,0.9505,0.9436,82422.7,81250.13,0.5555,-0.97704,0.0,24.90142,0.1,0.0
2026-09-03T19:11:34Z,2026-12-25,113,170000.0,C,0.0017,0.0021,0.0019,82415.93,81250.13,0.5766,0.01781,0.0,20.07796,2394.1,0.0
2026-09-03T19:11:34Z,2026-12-25,113,170000.0,P,1.05,1.0755,1.0644,82422.41,81250.13,0.5766,-0.98218,0.0,20.09053,0.1,0.0
2026-09-03T19:11:34Z,2026-12-25,113,180000.0,C,0.0013,0.0016,0.0015,82422.41,81250.13,0.5962,0.01412,0.0,16.45544,934.5,0.2
2026-09-03T19:11:34Z,2026-12-25,113,180000.0,P,1.171,1.195,1.1854,82422.85,81250.13,0.5962,-0.98588,0.0,16.45611,0.1,0.0
2026-09-03T19:11:34Z,2026-12-25,113,190000.0,C,0.001,0.0013,0.0012,82422.41,81250.13,0.6128,0.01117,0.0,13.43356,1026.7,0.0
2026-09-03T19:11:34Z,2026-12-25,113,190000.0,P,1.2905,1.3205,1.3064,82422.41,81250.13,0.6128,-0.98883,0.0,13.43356,0.0,0.0
2026-09-03T19:11:34Z,2026-12-25,113,200000.0,C,0.0006,0.0011,0.0008,82422.85,81250.13,0.6184000000000001,0.00798,0.0,10.00941,969.3,0.0
2026-09-03T19:11:34Z,2026-12-25,113,200000.0,P,1.411,1.442,1.4273,82422.85,81250.13,0.6184000000000001,-0.99202,0.0,10.00941,0.0,0.0
2026-09-03T19:11:34Z,2026-12-25,113,210000.0,C,0.0005,0.0009,0.0007,82422.41,81250.13,0.6344,0.00659,0.0,8.45737,162.3,0.1
2026-09-03T19:11:34Z,2026-12-25,113,210000.0,P,1.5305,1.5645,1.5485,82422.85,81250.13,0.6344,-0.99341,0.0,8.45773,0.0,0.0
2026-09-03T19:11:34Z,2026-12-25,113,220000.0,C,0.0002,0.0008,0.0005,82422.85,81250.13,0.6437999999999999,0.00512,0.0,6.75812,254.0,0.0
2026-09-03T19:11:34Z,2026-12-25,113,220000.0,P,1.6505,1.6865,1.6697,82422.41,81250.13,0.6437999999999999,-0.99488,0.0,6.75783,0.0,0.0
2026-09-03T19:11:34Z,2026-12-25,113,230000.0,C,0.0003,0.0006,0.0005,82422.41,81250.13,0.6602,0.00445,0.0,5.96004,190.5,0.0
2026-09-03T19:11:34Z,2026-12-25,113,230000.0,P,1.771,1.804,1.791,82422.41,81250.13,0.6602,-0.99555,0.0,5.96004,0.0,0.0
2026-09-03T19:11:34Z,2026-12-25,113,240000.0,C,0.0002,0.0005,0.0003,82422.41,81250.13,0.6638,0.00331,0.0,4.57159,785.2,0.1
2026-09-03T19:11:34Z,2026-12-25,113,240000.0,P,1.8925,1.9295,1.9122,82422.41,81250.13,0.6638,-0.99669,0.0,4.57159,0.0,0.0
2026-09-03T19:11:34Z,2026-12-25,113,250000.0,C,0.0001,0.0005,0.0003,82422.41,81250.13,0.6733,0.00271,0.0,3.81969,1280.3,0.0
2026-09-03T19:11:34Z,2026-12-25,113,250000.0,P,2.0115,2.0525,2.0334,82422.41,81250.13,0.6733,-0.99729,0.0,3.81969,10.0,0.0
2026-09-03T19:11:34Z,2027-03-26,204,35000.0,C,0.581,0.5845,0.5829,83341.97,81250.13,0.5998,0.98465,0.0,24.0368,18.7,1.4
2026-09-03T19:11:34Z,2027-03-26,204,35000.0,P,0.0025,0.0032,0.0029,83341.5,81250.13,0.5998,-0.01535,0.0,24.03732,623.1,3.2
2026-09-03T19:11:34Z,2027-03-26,204,40000.0,C,0.5235,0.5265,0.5245,83341.5,81250.13,0.5594,0.97536,0.0,35.931,81.8,0.7
2026-09-03T19:11:34Z,2027-03-26,204,40000.0,P,0.0042,0.0049,0.0045,83341.5,81250.13,0.5594,-0.02464,0.0,35.931,1874.6,24.7
2026-09-03T19:11:34Z,2027-03-26,204,45000.0,C,0.465,0.469,0.4674,83341.55,81250.13,0.5291,0.96057,0.0,53.01274,3.3,0.0
2026-09-03T19:11:34Z,2027-03-26,204,45000.0,P,0.007,0.008,0.0073,83341.55,81250.13,0.5291,-0.03943,0.0,53.01274,263.4,0.2
2026-09-03T19:11:34Z,2027-03-26,204,50000.0,C,0.4095,0.4125,0.4111,83341.55,81250.13,0.49770000000000003,0.94069,0.0,73.46881,21.6,0.0
2026-09-03T19:11:34Z,2027-03-26,204,50000.0,P,0.0105,0.0115,0.011,83341.55,81250.13,0.49770000000000003,-0.05931,0.0,73.46881,2458.4,21.2
2026-09-03T19:11:34Z,2027-03-26,204,52000.0,C,0.386,0.391,0.3889,83341.55,81250.13,0.4849,0.93105,0.0,82.59229,5.3,0.0
2026-09-03T19:11:34Z,2027-03-26,204,52000.0,P,0.012,0.0135,0.0128,83341.55,81250.13,0.4849,-0.06895,0.0,82.59229,123.8,0.0
2026-09-03T19:11:34Z,2027-03-26,204,54000.0,C,0.364,0.369,0.3673,83341.5,81250.13,0.47600000000000003,0.91904,1e-05,93.35809,0.1,0.0
2026-09-03T19:11:34Z,2027-03-26,204,54000.0,P,0.0145,0.016,0.0152,83341.55,81250.13,0.47600000000000003,-0.08096,1e-05,93.35792,84.0,0.0
2026-09-03T19:11:34Z,2027-03-26,204,55000.0,C,0.3545,0.358,0.3565,83341.55,81250.13,0.4708,0.91276,1e-05,98.74434,28.6,0.1
2026-09-03T19:11:34Z,2027-03-26,204,55000.0,P,0.0155,0.0175,0.0164,83341.55,81250.13,0.4708,-0.08724,1e-05,98.74434,1258.1,8.0
2026-09-03T19:11:34Z,2027-03-26,204,56000.0,C,0.344,0.3475,0.3458,83341.55,81250.13,0.4658,0.90607,1e-05,104.31037,16.9,0.0
2026-09-03T19:11:34Z,2027-03-26,204,56000.0,P,0.017,0.0185,0.0178,83341.55,81250.13,0.4658,-0.09393,1e-05,104.31037,120.9,0.4
2026-09-03T19:11:34Z,2027-03-26,204,58000.0,C,0.323,0.3265,0.325,83341.55,81250.13,0.4575,0.89099,1e-05,116.26597,4.3,0.0
2026-09-03T19:11:34Z,2027-03-26,204,58000.0,P,0.02,0.022,0.0209,83341.55,81250.13,0.4575,-0.10901,1e-05,116.26597,135.0,0.1
2026-09-03T19:11:34Z,2027-03-26,204,60000.0,C,0.3025,0.306,0.3047,83341.55,81250.13,0.45020000000000004,0.87402,1e-05,128.80955,649.0,0.5
2026-09-03T19:11:34Z,2027-03-26,204,60000.0,P,0.0235,0.0255,0.0246,83341.55,81250.13,0.45020000000000004,-0.12598,1e-05,128.80955,802.2,0.1
2026-09-03T19:11:34Z,2027-03-26,204,62000.0,C,0.2825,0.2865,0.2847,83341.55,81250.13,0.44270000000000004,0.85544,1e-05,141.55408,60.7,0.0
2026-09-03T19:11:34Z,2027-03-26,204,62000.0,P,0.028,0.0295,0.0287,83341.55,81250.13,0.44270000000000004,-0.14456,1e-05,141.55408,260.1,0.0
2026-09-03T19:11:34Z,2027-03-26,204,64000.0,C,0.263,0.267,0.2656,83341.55,81250.13,0.4368,0.83463,1e-05,154.71362,137.8,2.0
2026-09-03T19:11:34Z,2027-03-26,204,64000.0,P,0.0325,0.0345,0.0335,83341.55,81250.13,0.4368,-0.16537,1e-05,154.71362,126.0,0.0
2026-09-03T19:11:34Z,2027-03-26,204,65000.0,C,0.254,0.2595,0.2562,83350.18,81250.13,0.4337,0.82376,1e-05,161.16076,366.9,0.0
2026-09-03T19:11:34Z,2027-03-26,204,65000.0,P,0.035,0.037,0.0361,83350.18,81250.13,0.4337,-0.17624,1e-05,161.16076,879.5,0.2
2026-09-03T19:11:34Z,2027-03-26,204,66000.0,C,0.2445,0.2485,0.2471,83350.18,81250.13,0.43119999999999997,0.81215,1e-05,167.72352,23.8,0.0
2026-09-03T19:11:34Z,2027-03-26,204,66000.0,P,0.038,0.04,0.039,83350.18,81250.13,0.43119999999999997,-0.18785,1e-05,167.72352,115.2,0.0
2026-09-03T19:11:34Z,2027-03-26,204,68000.0,C,0.227,0.231,0.2292,83350.18,81250.13,0.4261,0.78779,1e-05,180.48404,196.5,0.0
2026-09-03T19:11:34Z,2027-03-26,204,68000.0,P,0.044,0.046,0.0451,83350.18,81250.13,0.4261,-0.21221,1e-05,180.48383,290.8,0.0
2026-09-03T19:11:34Z,2027-03-26,204,70000.0,C,0.21,0.214,0.2122,83350.18,81250.13,0.42200000000000004,0.76162,1e-05,192.77781,797.8,0.0
2026-09-03T19:11:34Z,2027-03-26,204,70000.0,P,0.051,0.053,0.0521,83341.75,81250.13,0.42200000000000004,-0.23848,1e-05,192.80233,772.2,1.0
2026-09-03T19:11:34Z,2027-03-26,204,72000.0,C,0.194,0.1975,0.1962,83350.18,81250.13,0.4188,0.73383,1e-05,204.32182,95.2,0.0
2026-09-03T19:11:34Z,2027-03-26,204,72000.0,P,0.059,0.061,0.0601,83341.75,81250.13,0.4188,-0.26627,1e-05,204.34241,158.9,0.1
2026-09-03T19:11:34Z,2027-03-26,204,74000.0,C,0.179,0.1825,0.1808,83350.18,81250.13,0.4155,0.70493,1e-05,214.77847,76.8,0.0
2026-09-03T19:11:34Z,2027-03-26,204,74000.0,P,0.0675,0.0695,0.0687,83350.18,81250.13,0.4155,-0.29507,1e-05,214.77837,198.8,0.6
2026-09-03T19:11:34Z,2027-03-26,204,76000.0,C,0.165,0.168,0.1663,83350.18,81250.13,0.4128,0.67495,1e-05,224.02923,530.4,3.1
2026-09-03T19:11:34Z,2027-03-26,204,76000.0,P,0.0775,0.079,0.0782,83350.18,81250.13,0.4128,-0.32505,1e-05,224.02923,206.6,27.0
2026-09-03T19:11:34Z,2027-03-26,204,78000.0,C,0.1515,0.155,0.153,83350.18,81250.13,0.4117,0.64412,1e-05,231.92109,580.9,13.1
2026-09-03T19:11:34Z,2027-03-26,204,78000.0,P,0.088,0.09,0.0889,83350.18,81250.13,0.4117,-0.35588,1e-05,231.92109,249.2,6.5
2026-09-03T19:11:34Z,2027-03-26,204,80000.0,C,0.1395,0.142,0.1404,83350.18,81250.13,0.4103,0.61298,1e-05,238.28166,1061.6,10.0
2026-09-03T19:11:34Z,2027-03-26,204,80000.0,P,0.099,0.101,0.1003,83350.18,81250.13,0.4103,-0.38702,1e-05,238.28167,214.5,0.2
2026-09-03T19:11:34Z,2027-03-26,204,82000.0,C,0.1275,0.129,0.1284,83350.18,81250.13,0.4081,0.58159,2e-05,243.09467,1146.1,35.0
2026-09-03T19:11:34Z,2027-03-26,204,82000.0,P,0.111,0.1135,0.1123,83350.18,81250.13,0.4081,-0.41841,2e-05,243.09467,6.2,0.0
2026-09-03T19:11:34Z,2027-03-26,204,84000.0,C,0.117,0.119,0.1179,83357.88,81250.13,0.409,0.55076,2e-05,246.31677,263.2,0.7
2026-09-03T19:11:34Z,2027-03-26,204,84000.0,P,0.1245,0.127,0.1258,83350.5,81250.13,0.409,-0.44936,2e-05,246.30406,55.2,11.5
2026-09-03T19:11:34Z,2027-03-26,204,85000.0,C,0.1125,0.114,0.113,83357.88,81250.13,0.4094,0.53548,2e-05,247.34682,345.7,100.0
2026-09-03T19:11:34Z,2027-03-26,204,85000.0,P,0.131,0.1335,0.1329,83357.88,81250.13,0.4094,-0.46452,2e-05,247.34682,2.2,0.0
2026-09-03T19:11:34Z,2027-03-26,204,86000.0,C,0.1075,0.1095,0.1082,83357.88,81250.13,0.40950000000000003,0.52028,2e-05,248.00856,141.6,0.1
2026-09-03T19:11:34Z,2027-03-26,204,86000.0,P,0.138,0.1415,0.14,83357.88,81250.13,0.40950000000000003,-0.47972,2e-05,248.00856,1.7,0.0
2026-09-03T19:11:34Z,2027-03-26,204,88000.0,C,0.0985,0.1,0.099,83357.88,81250.13,0.4096,0.49034,2e-05,248.25654,77.0,0.0
2026-09-03T19:11:34Z,2027-03-26,204,88000.0,P,0.1525,0.1565,0.1549,83350.5,81250.13,0.4096,-0.50978,2e-05,248.23282,4.7,0.0
2026-09-03T19:11:34Z,2027-03-26,204,90000.0,C,0.09,0.0915,0.0905,83357.88,81250.13,0.41,0.46122,2e-05,247.15525,555.0,1.0
2026-09-03T19:11:34Z,2027-03-26,204,90000.0,P,0.168,0.172,0.1704,83350.5,81250.13,0.41,-0.53889,2e-05,247.1264,14.1,0.0
2026-09-03T19:11:34Z,2027-03-26,204,92000.0,C,0.082,0.084,0.0828,83357.88,81250.13,0.4107,0.43317,2e-05,244.83718,271.0,1.0
2026-09-03T19:11:34Z,2027-03-26,204,92000.0,P,0.1845,0.188,0.1867,83357.88,81250.13,0.4107,-0.56683,2e-05,244.83718,1.4,1.0
2026-09-03T19:11:34Z,2027-03-26,204,94000.0,C,0.075,0.077,0.0757,83357.88,81250.13,0.4115,0.40619,2e-05,241.43156,166.2,0.0
2026-09-03T19:11:34Z,2027-03-26,204,94000.0,P,0.201,0.205,0.2036,83357.88,81250.13,0.4115,-0.59381,2e-05,241.43156,9.1,0.0
2026-09-03T19:11:34Z,2027-03-26,204,95000.0,C,0.0715,0.0735,0.0724,83350.5,81250.13,0.4118,0.39294,2e-05,239.31146,545.1,5.0
2026-09-03T19:11:34Z,2027-03-26,204,95000.0,P,0.2095,0.214,0.2122,83350.5,81250.13,0.4118,-0.60706,2e-05,239.31146,0.4,0.0
2026-09-03T19:11:34Z,2027-03-26,204,96000.0,C,0.0685,0.0705,0.0693,83357.88,81250.13,0.4125,0.38044,1e-05,237.09146,141.6,1.9
2026-09-03T19:11:34Z,2027-03-26,204,96000.0,P,0.2185,0.223,0.2212,83357.88,81250.13,0.4125,-0.61956,1e-05,237.09146,1.6,0.0
2026-09-03T19:11:34Z,2027-03-26,204,98000.0,C,0.0625,0.0645,0.0633,83357.88,81250.13,0.41359999999999997,0.35585,1e-05,231.93587,115.0,1.2
2026-09-03T19:11:34Z,2027-03-26,204,98000.0,P,0.2365,0.241,0.2392,83357.88,81250.13,0.41359999999999997,-0.64415,1e-05,231.93587,0.2,0.0
2026-09-03T19:11:34Z,2027-03-26,204,100000.0,C,0.057,0.059,0.058,83357.42,81250.13,0.41479999999999995,0.33258,1e-05,226.12486,668.9,0.0
2026-09-03T19:11:34Z,2027-03-26,204,100000.0,P,0.255,0.26,0.2578,83357.9,81250.13,0.41479999999999995,-0.66742,1e-05,226.12798,12.3,0.0
2026-09-03T19:11:34Z,2027-03-26,204,102000.0,C,0.052,0.054,0.0531,83357.42,81250.13,0.4163,0.31073,1e-05,219.82817,127.5,0.0
2026-09-03T19:11:34Z,2027-03-26,204,102000.0,P,0.271,0.2795,0.277,83357.42,81250.13,0.4163,-0.68927,1e-05,219.82817,0.1,0.0
2026-09-03T19:11:34Z,2027-03-26,204,104000.0,C,0.048,0.0495,0.0487,83357.42,81250.13,0.4182,0.29033,1e-05,213.18471,115.2,0.0
2026-09-03T19:11:34Z,2027-03-26,204,104000.0,P,0.293,0.2995,0.2966,83357.42,81250.13,0.4182,-0.70967,1e-05,213.18471,0.1,0.0
2026-09-03T19:11:34Z,2027-03-26,204,105000.0,C,0.046,0.0475,0.0467,83357.42,81250.13,0.4189,0.28049,1e-05,209.71394,162.4,0.0
2026-09-03T19:11:34Z,2027-03-26,204,105000.0,P,0.3,0.3095,0.3065,83357.42,81250.13,0.4189,-0.71951,1e-05,209.71394,0.5,0.0
2026-09-03T19:11:34Z,2027-03-26,204,106000.0,C,0.044,0.0455,0.0447,83357.42,81250.13,0.42,0.27114,1e-05,206.24777,79.2,0.0
2026-09-03T19:11:34Z,2027-03-26,204,106000.0,P,0.312,0.3195,0.3166,83357.42,81250.13,0.42,-0.72886,1e-05,206.24777,0.1,0.0
2026-09-03T19:11:34Z,2027-03-26,204,108000.0,C,0.0405,0.042,0.0411,83357.9,81250.13,0.4217,0.253,1e-05,199.05769,68.4,0.0
2026-09-03T19:11:34Z,2027-03-26,204,108000.0,P,0.3335,0.341,0.3369,83357.42,81250.13,0.4217,-0.747,1e-05,199.05412,0.1,0.0
2026-09-03T19:11:34Z,2027-03-26,204,110000.0,C,0.037,0.039,0.0379,83357.42,81250.13,0.4241,0.23654,1e-05,191.9744,1134.0,0.0
2026-09-03T19:11:34Z,2027-03-26,204,110000.0,P,0.3505,0.3615,0.3577,83357.42,81250.13,0.4241,-0.76346,1e-05,191.9744,4.1,0.0
2026-09-03T19:11:34Z,2027-03-26,204,112000.0,C,0.034,0.036,0.0349,83357.42,81250.13,0.4263,0.22103,1e-05,184.8037,67.3,0.0
2026-09-03T19:11:34Z,2027-03-26,204,112000.0,P,0.372,0.383,0.3788,83357.42,81250.13,0.4263,-0.77897,1e-05,184.8037,0.1,0.0
2026-09-03T19:11:34Z,2027-03-26,204,115000.0,C,0.03,0.032,0.0309,83357.42,81250.13,0.42969999999999997,0.19976,1e-05,174.14031,807.9,0.0
2026-09-03T19:11:34Z,2027-03-26,204,115000.0,P,0.4035,0.416,0.4108,83357.42,81250.13,0.42969999999999997,-0.80024,1e-05,174.14031,2.2,0.0
2026-09-03T19:11:34Z,2027-03-26,204,120000.0,C,0.025,0.0265,0.0256,83357.42,81250.13,0.4363,0.16969,1e-05,157.33267,791.0,4.5
2026-09-03T19:11:34Z,2027-03-26,204,120000.0,P,0.457,0.4695,0.4655,83357.9,81250.13,0.4363,-0.83031,1e-05,157.33623,1.8,0.0
2026-09-03T19:11:34Z,2027-03-26,204,125000.0,C,0.021,0.022,0.0214,83353.56,81250.13,0.44310000000000005,0.14475,1e-05,141.70324,302.7,0.0
2026-09-03T19:11:34Z,2027-03-26,204,125000.0,P,0.5125,0.5255,0.5211,83353.56,81250.13,0.44310000000000005,-0.85525,1e-05,141.70324,0.1,0.0
2026-09-03T19:11:34Z,2027-03-26,204,130000.0,C,0.0175,0.0185,0.018,83353.56,81250.13,0.4499,0.12403,1e-05,127.43739,1134.6,0.0
2026-09-03T19:11:34Z,2027-03-26,204,130000.0,P,0.569,0.583,0.5777,83353.56,81250.13,0.4499,-0.87597,1e-05,127.43739,0.4,0.0
2026-09-03T19:11:34Z,2027-03-26,204,140000.0,C,0.0125,0.014,0.0132,83353.56,81250.13,0.4648,0.09333,1e-05,103.83258,909.4,0.2
2026-09-03T19:11:34Z,2027-03-26,204,140000.0,P,0.6815,0.7,0.6929,83353.56,81250.13,0.4648,-0.90667,1e-05,103.83258,1.3,0.2
2026-09-03T19:11:34Z,2027-03-26,204,150000.0,C,0.01,0.0105,0.0102,83353.56,81250.13,0.4818,0.07309,0.0,86.39351,1900.4,0.8
2026-09-03T19:11:34Z,2027-03-26,204,150000.0,P,0.7965,0.8145,0.8099,83357.51,81250.13,0.4818,-0.92689,0.0,86.41414,0.6,0.0
2026-09-03T19:11:34Z,2027-03-26,204,160000.0,C,0.0075,0.0085,0.0081,83353.56,81250.13,0.4972,0.05814,0.0,72.33718,1032.9,0.2
2026-09-03T19:11:34Z,2027-03-26,204,160000.0,P,0.914,0.936,0.9277,83357.51,81250.13,0.4972,-0.94185,0.0,72.35511,0.1,0.0
2026-09-03T19:11:34Z,2027-03-26,204,170000.0,C,0.006,0.007,0.0065,83353.56,81250.13,0.5121,0.04721,0.0,61.31253,402.1,0.2
2026-09-03T19:11:34Z,2027-03-26,204,170000.0,P,1.031,1.059,1.0461,83353.56,81250.13,0.5121,-0.95279,0.0,61.31253,0.2,0.0
2026-09-03T19:11:34Z,2027-03-26,204,180000.0,C,0.005,0.006,0.0054,83353.56,81250.13,0.5268,0.03919,0.0,52.75016,503.3,0.3
2026-09-03T19:11:34Z,2027-03-26,204,180000.0,P,1.1485,1.177,1.165,83353.56,81250.13,0.5268,-0.96081,0.0,52.75016,0.1,0.0
2026-09-03T19:11:34Z,2027-03-26,204,190000.0,C,0.0044,0.005,0.0048,83353.56,81250.13,0.5442,0.03404,0.0,47.00716,626.9,0.3
2026-09-03T19:11:34Z,2027-03-26,204,190000.0,P,1.2675,1.3005,1.2843,83353.56,81250.13,0.5442,-0.96596,0.0,47.00716,0.9,0.0
2026-09-03T19:11:34Z,2027-03-26,204,200000.0,C,0.0036,0.0048,0.004,83353.56,81250.13,0.5557,0.02859,0.0,40.69746,485.6,0.0
2026-09-03T19:11:34Z,2027-03-26,204,200000.0,P,1.385,1.421,1.4035,83353.56,81250.13,0.5557,-0.97141,0.0,40.69746,1.0,0.0
2026-09-03T19:11:34Z,2027-06-25,295,30000.0,C,0.6465,0.65,0.6485,84378.21,81250.13,0.6208,0.98354,0.0,31.0787,47.4,1.2
2026-09-03T19:11:34Z,2027-06-25,295,30000.0,P,0.0036,0.0046,0.004,84378.21,81250.13,0.6208,-0.01646,0.0,31.0787,331.2,0.0
2026-09-03T19:11:34Z,2027-06-25,295,40000.0,C,0.532,0.537,0.5349,84375.37,81250.13,0.5416,0.96225,0.0,62.3108,17.1,0.0
2026-09-03T19:11:34Z,2027-06-25,295,40000.0,P,0.0085,0.0095,0.0089,84378.21,81250.13,0.5416,-0.03775,0.0,62.30524,1212.3,0.7
2026-09-03T19:11:34Z,2027-06-25,295,45000.0,C,0.4775,0.481,0.4797,84378.21,81250.13,0.512,0.94484,0.0,84.51039,0.5,0.0
2026-09-03T19:11:34Z,2027-06-25,295,45000.0,P,0.0125,0.0135,0.013,84378.21,81250.13,0.512,-0.05516,0.0,84.51039,120.1,0.1
2026-09-03T19:11:34Z,2027-06-25,295,50000.0,C,0.423,0.4275,0.4262,84378.21,81250.13,0.48719999999999997,0.9214,0.0,111.18357,17.5,0.0
2026-09-03T19:11:34Z,2027-06-25,295,50000.0,P,0.018,0.0195,0.0188,84378.21,81250.13,0.48719999999999997,-0.0786,0.0,111.18357,402.1,0.2
2026-09-03T19:11:34Z,2027-06-25,295,52000.0,C,0.402,0.407,0.4055,84375.37,81250.13,0.4792,0.90983,0.0,123.25601,1.1,0.0
2026-09-03T19:11:34Z,2027-06-25,295,52000.0,P,0.021,0.0225,0.0217,84375.37,81250.13,0.4792,-0.09017,0.0,123.25601,41.3,10.0
2026-09-03T19:11:34Z,2027-06-25,295,54000.0,C,0.3815,0.3885,0.3851,84378.21,81250.13,0.4714,0.89719,1e-05,135.73778,0.9,0.0
2026-09-03T19:11:34Z,2027-06-25,295,54000.0,P,0.024,0.026,0.0251,84375.37,81250.13,0.4714,-0.10283,1e-05,135.74687,50.1,0.0
2026-09-03T19:11:34Z,2027-06-25,295,55000.0,C,0.373,0.3765,0.3751,84378.21,81250.13,0.4679,0.89035,1e-05,142.19848,2.9,0.0
2026-09-03T19:11:34Z,2027-06-25,295,55000.0,P,0.026,0.028,0.0269,84378.21,81250.13,0.4679,-0.10965,1e-05,142.19848,35.6,0.0
2026-09-03T19:11:34Z,2027-06-25,295,56000.0,C,0.3625,0.3665,0.3652,84378.21,81250.13,0.4644,0.88323,1e-05,148.72481,3.0,0.0
2026-09-03T19:11:34Z,2027-06-25,295,56000.0,P,0.028,0.0295,0.0289,84375.37,81250.13,0.4644,-0.11678,1e-05,148.7341,84.6,0.0
2026-09-03T19:11:34Z,2027-06-25,295,58000.0,C,0.3425,0.3475,0.3457,84378.21,81250.13,0.4578,0.86805,1e-05,162.00124,13.8,0.0
2026-09-03T19:11:34Z,2027-06-25,295,58000.0,P,0.032,0.034,0.0331,84375.1,81250.13,0.4578,-0.13197,1e-05,162.01126,91.9,0.0
2026-09-03T19:11:34Z,2027-06-25,295,60000.0,C,0.324,0.328,0.3269,84375.1,81250.13,0.4525,0.8513,1e-05,175.69473,960.3,12.7
2026-09-03T19:11:34Z,2027-06-25,295,60000.0,P,0.037,0.039,0.038,84374.88,81250.13,0.4525,-0.1487,1e-05,175.69545,196.1,1.1
2026-09-03T19:11:34Z,2027-06-25,295,62000.0,C,0.306,0.312,0.3085,84375.1,81250.13,0.44689999999999996,0.83354,1e-05,189.22343,117.0,0.0
2026-09-03T19:11:34Z,2027-06-25,295,62000.0,P,0.042,0.044,0.0433,84374.88,81250.13,0.44689999999999996,-0.16647,1e-05,189.22413,79.9,0.0
2026-09-03T19:11:34Z,2027-06-25,295,64000.0,C,0.2875,0.292,0.2908,84374.88,81250.13,0.4422,0.81445,1e-05,202.68779,35.7,0.0
2026-09-03T19:11:34Z,2027-06-25,295,64000.0,P,0.048,0.05,0.0492,84374.88,81250.13,0.4422,-0.18555,1e-05,202.68779,62.4,1.0
2026-09-03T19:11:34Z,2027-06-25,295,65000.0,C,0.279,0.2855,0.2822,84375.1,81250.13,0.44049999999999995,0.80433,1e-05,209.40611,1.4,0.1
2026-09-03T19:11:34Z,2027-06-25,295,65000.0,P,0.0515,0.0535,0.0525,84375.1,81250.13,0.44049999999999995,-0.19567,1e-05,209.40611,24.7,2.0
2026-09-03T19:11:34Z,2027-06-25,295,66000.0,C,0.2705,0.277,0.2737,84374.88,81250.13,0.43829999999999997,0.79408,1e-05,215.92587,25.7,0.0
2026-09-03T19:11:34Z,2027-06-25,295,66000.0,P,0.0545,0.057,0.0559,84374.88,81250.13,0.43829999999999997,-0.20592,1e-05,215.92587,35.9,0.0
2026-09-03T19:11:34Z,2027-06-25,295,68000.0,C,0.2545,0.2585,0.2573,84374.88,81250.13,0.4346,0.77274,1e-05,228.60344,10.8,0.0
2026-09-03T19:11:34Z,2027-06-25,295,68000.0,P,0.062,0.064,0.0631,84374.88,81250.13,0.4346,-0.22726,1e-05,228.60344,13.3,0.7
2026-09-03T19:11:34Z,2027-06-25,295,70000.0,C,0.2395,0.243,0.2415,84375.1,81250.13,0.4314,0.75039,1e-05,240.65413,195.5,0.0
2026-09-03T19:11:34Z,2027-06-25,295,70000.0,P,0.07,0.072,0.0711,84374.88,81250.13,0.4314,-0.24961,1e-05,240.65459,20.1,0.4
2026-09-03T19:11:34Z,2027-06-25,295,72000.0,C,0.2245,0.228,0.2264,84375.1,81250.13,0.42829999999999996,0.72729,1e-05,251.86022,89.7,0.0
2026-09-03T19:11:34Z,2027-06-25,295,72000.0,P,0.0785,0.0805,0.0797,84374.88,81250.13,0.42829999999999996,-0.27271,1e-05,251.86059,47.4,3.0
2026-09-03T19:11:34Z,2027-06-25,295,74000.0,C,0.2105,0.2135,0.2123,84374.88,81250.13,0.4266,0.70332,1e-05,262.19669,20.5,0.0
2026-09-03T19:11:34Z,2027-06-25,295,74000.0,P,0.088,0.0905,0.0893,84374.88,81250.13,0.4266,-0.29668,1e-05,262.19669,11.7,0.2
2026-09-03T19:11:34Z,2027-06-25,295,76000.0,C,0.197,0.1995,0.1986,84375.1,81250.13,0.4244,0.67897,1e-05,271.4108,22.4,0.1
2026-09-03T19:11:34Z,2027-06-25,295,76000.0,P,0.098,0.1005,0.0993,84374.78,81250.13,0.4244,-0.32103,1e-05,271.41101,74.3,0.7
2026-09-03T19:11:34Z,2027-06-25,295,78000.0,C,0.184,0.187,0.1858,84376.62,81250.13,0.4229,0.65424,1e-05,279.48812,52.2,20.0
2026-09-03T19:11:34Z,2027-06-25,295,78000.0,P,0.109,0.1115,0.1102,84374.78,81250.13,0.4229,-0.34578,1e-05,279.48839,104.6,2.1
2026-09-03T19:11:34Z,2027-06-25,295,80000.0,C,0.172,0.1745,0.1737,84376.62,81250.13,0.4216,0.6293,1e-05,286.35581,106.8,2.0
2026-09-03T19:11:34Z,2027-06-25,295,80000.0,P,0.1205,0.123,0.1218,84376.62,81250.13,0.4216,-0.3707,1e-05,286.35581,44.1,0.5
2026-09-03T19:11:34Z,2027-06-25,295,82000.0,C,0.161,0.1635,0.1622,84376.62,81250.13,0.4204,0.6043,1e-05,291.98624,81.1,0.2
2026-09-03T19:11:34Z,2027-06-25,295,82000.0,P,0.133,0.1355,0.134,84374.78,81250.13,0.4204,-0.39572,1e-05,291.98433,24.1,1.0
2026-09-03T19:11:34Z,2027-06-25,295,84000.0,C,0.15,0.1525,0.1514,84376.62,81250.13,0.41969999999999996,0.5794,1e-05,296.37094,18.9,0.0
2026-09-03T19:11:34Z,2027-06-25,295,84000.0,P,0.147,0.1485,0.1469,84374.78,81250.13,0.41969999999999996,-0.42062,1e-05,296.36791,6.5,5.4
2026-09-03T19:11:34Z,2027-06-25,295,85000.0,C,0.145,0.1475,0.1463,84376.62,81250.13,0.4192,0.56701,1e-05,298.10461,152.8,0.1
2026-09-03T19:11:34Z,2027-06-25,295,85000.0,P,0.1525,0.155,0.1536,84376.62,81250.13,0.4192,-0.43299,1e-05,298.10461,9.9,3.1
2026-09-03T19:11:34Z,2027-06-25,295,86000.0,C,0.14,0.1425,0.1413,84374.78,81250.13,0.419,0.55469,1e-05,299.52753,26.8,0.2
2026-09-03T19:11:34Z,2027-06-25,295,86000.0,P,0.159,0.162,0.1605,84376.62,81250.13,0.419,-0.44529,1e-05,299.53168,0.4,0.0
2026-09-03T19:11:34Z,2027-06-25,295,88000.0,C,0.131,0.133,0.1321,84374.78,81250.13,0.41950000000000004,0.5306,1e-05,301.4834,21.3,0.0
2026-09-03T19:11:34Z,2027-06-25,295,88000.0,P,0.1735,0.1765,0.1751,84374.78,81250.13,0.41950000000000004,-0.4694,1e-05,301.4834,4.7,0.0
2026-09-03T19:11:34Z,2027-06-25,295,90000.0,C,0.1225,0.1245,0.1234,84376.62,81250.13,0.41960000000000003,0.50691,1e-05,302.33454,715.0,134.8
2026-09-03T19:11:34Z,2027-06-25,295,90000.0,P,0.1885,0.1915,0.19,84376.62,81250.13,0.41960000000000003,-0.49309,1e-05,302.33454,0.5,0.0
2026-09-03T19:11:34Z,2027-06-25,295,92000.0,C,0.1145,0.116,0.1152,84374.78,81250.13,0.4199,0.48373,1e-05,302.12175,15.7,0.0
2026-09-03T19:11:34Z,2027-06-25,295,92000.0,P,0.204,0.2075,0.2055,84376.62,81250.13,0.4199,-0.51625,1e-05,302.12906,0.2,0.0
2026-09-03T19:11:34Z,2027-06-25,295,94000.0,C,0.1065,0.1085,0.1076,84377.83,81250.13,0.4202,0.46123,1e-05,300.95504,17.7,0.1
2026-09-03T19:11:34Z,2027-06-25,295,94000.0,P,0.22,0.2235,0.2216,84377.83,81250.13,0.4202,-0.53877,1e-05,300.95504,0.1,0.0
2026-09-03T19:11:34Z,2027-06-25,295,95000.0,C,0.103,0.105,0.1039,84376.69,81250.13,0.4205,0.45022,1e-05,300.02282,45.0,0.5
2026-09-03T19:11:34Z,2027-06-25,295,95000.0,P,0.2275,0.232,0.2299,84376.69,81250.13,0.4205,-0.54978,1e-05,300.02282,20.2,3.2
2026-09-03T19:11:34Z,2027-06-25,295,96000.0,C,0.0995,0.1015,0.1005,84377.83,81250.13,0.4208,0.43944,1e-05,298.89301,22.9,9.1
2026-09-03T19:11:34Z,2027-06-25,295,96000.0,P,0.236,0.2405,0.2382,84376.69,81250.13,0.4208,-0.56058,1e-05,298.88734,0.0,0.0
2026-09-03T19:11:34Z,2027-06-25,295,98000.0,C,0.093,0.095,0.0939,84376.69,81250.13,0.4215,0.41841,1e-05,296.03363,38.7,8.6
2026-09-03T19:11:34Z,2027-06-25,295,98000.0,P,0.2525,0.2575,0.2554,84377.83,81250.13,0.4215,-0.58158,1e-05,296.0398,0.0,0.0
2026-09-03T19:11:34Z,2027-06-25,295,100000.0,C,0.087,0.0885,0.0877,84376.69,81250.13,0.42219999999999996,0.39811,1e-05,292.46395,184.6,1.5
2026-09-03T19:11:34Z,2027-06-25,295,100000.0,P,0.27,0.275,0.2729,84376.69,81250.13,0.42219999999999996,-0.60189,1e-05,292.46395,1.4,0.0
2026-09-03T19:11:34Z,2027-06-25,295,102000.0,C,0.0815,0.083,0.082,84376.69,81250.13,0.4232,0.37869,1e-05,288.29107,16.4,0.0
2026-09-03T19:11:34Z,2027-06-25,295,102000.0,P,0.2885,0.2935,0.2909,84376.69,81250.13,0.4232,-0.62131,1e-05,288.29107,0.0,0.0
2026-09-03T19:11:34Z,2027-06-25,295,104000.0,C,0.076,0.0775,0.0767,84377.83,81250.13,0.4242,0.3601,1e-05,283.59462,12.6,0.0
2026-09-03T19:11:34Z,2027-06-25,295,104000.0,P,0.3065,0.312,0.3093,84377.83,81250.13,0.4242,-0.6399,1e-05,283.59462,0.0,0.0
2026-09-03T19:11:34Z,2027-06-25,295,105000.0,C,0.0735,0.075,0.0742,84377.83,81250.13,0.42469999999999997,0.3511,1e-05,281.07085,152.5,1.2
2026-09-03T19:11:34Z,2027-06-25,295,105000.0,P,0.316,0.321,0.3187,84377.83,81250.13,0.42469999999999997,-0.6489,1e-05,281.07085,0.1,0.0
2026-09-03T19:11:34Z,2027-06-25,295,106000.0,C,0.071,0.0725,0.0719,84376.69,81250.13,0.4254,0.34237,1e-05,278.45777,0.0,0.0
2026-09-03T19:11:34Z,2027-06-25,295,106000.0,P,0.325,0.331,0.3282,84376.69,81250.13,0.4254,-0.65763,1e-05,278.45777,0.0,0.0
2026-09-03T19:11:34Z,2027-06-25,295,108000.0,C,0.0665,0.068,0.0673,84377.83,81250.13,0.4265,0.32542,1e-05,272.94562,12.6,0.1
2026-09-03T19:11:34Z,2027-06-25,295,108000.0,P,0.3445,0.35,0.3473,84377.83,81250.13,0.4265,-0.67458,1e-05,272.94562,0.0,0.0
2026-09-03T19:11:34Z,2027-06-25,295,110000.0,C,0.0625,0.064,0.0632,84376.69,81250.13,0.428,0.30942,1e-05,267.18255,269.9,1.1
2026-09-03T19:11:34Z,2027-06-25,295,110000.0,P,0.3635,0.3695,0.3669,84380.09,81250.13,0.428,-0.69054,1e-05,267.20741,1.5,0.0
2026-09-03T19:11:34Z,2027-06-25,295,115000.0,C,0.053,0.055,0.054,84377.78,81250.13,0.4318,0.27281,1e-05,251.91404,38.0,0.1
2026-09-03T19:11:34Z,2027-06-25,295,115000.0,P,0.414,0.4205,0.417,84380.09,81250.13,0.4318,-0.72717,1e-05,251.93168,0.0,0.0
2026-09-03T19:11:34Z,2027-06-25,295,120000.0,C,0.0455,0.0475,0.0464,84377.78,81250.13,0.4359,0.24083,1e-05,236.07267,292.6,10.3
2026-09-03T19:11:34Z,2027-06-25,295,120000.0,P,0.465,0.472,0.4686,84377.78,81250.13,0.4359,-0.75917,1e-05,236.07267,0.1,0.0
2026-09-03T19:11:34Z,2027-06-25,295,125000.0,C,0.0395,0.041,0.0401,84377.78,81250.13,0.4404,0.2131,1e-05,220.33147,115.6,0.1
2026-09-03T19:11:34Z,2027-06-25,295,125000.0,P,0.5175,0.5255,0.5216,84380.09,81250.13,0.4404,-0.78688,1e-05,220.34964,0.0,0.0
2026-09-03T19:11:34Z,2027-06-25,295,130000.0,C,0.034,0.036,0.0349,84377.78,81250.13,0.44530000000000003,0.18931,1e-05,205.224,762.1,0.0
2026-09-03T19:11:34Z,2027-06-25,295,130000.0,P,0.5715,0.5795,0.5757,84377.78,81250.13,0.44530000000000003,-0.81069,1e-05,205.224,1.4,0.0
2026-09-03T19:11:34Z,2027-06-25,295,140000.0,C,0.0265,0.028,0.0272,84380.09,81250.13,0.45649999999999996,0.1516,1e-05,177.98683,387.6,25.1
2026-09-03T19:11:34Z,2027-06-25,295,140000.0,P,0.681,0.692,0.6865,84380.09,81250.13,0.45649999999999996,-0.8484,1e-05,177.98683,0.5,0.0
2026-09-03T19:11:34Z,2027-06-25,295,150000.0,C,0.021,0.0225,0.0217,84380.09,81250.13,0.4679,0.12334,1e-05,154.58523,218.0,20.1
2026-09-03T19:11:34Z,2027-06-25,295,150000.0,P,0.7935,0.804,0.7995,84377.78,81250.13,0.4679,-0.87667,1e-05,154.56933,0.1,0.0
2026-09-03T19:11:34Z,2027-06-25,295,160000.0,C,0.0165,0.018,0.0174,84380.09,81250.13,0.4779,0.10103,0.0,134.02221,553.5,0.0
2026-09-03T19:11:34Z,2027-06-25,295,160000.0,P,0.9085,0.919,0.9137,84380.09,81250.13,0.4779,-0.89897,0.0,134.02221,0.2,0.0
2026-09-03T19:11:34Z,2027-06-25,295,170000.0,C,0.0135,0.015,0.0143,84380.09,81250.13,0.48810000000000003,0.08404,0.0,116.94335,91.9,0.0
2026-09-03T19:11:34Z,2027-06-25,295,170000.0,P,1.0135,1.045,1.0291,84380.09,81250.13,0.48810000000000003,-0.91596,0.0,116.94335,14.7,0.0
2026-09-03T19:11:34Z,2027-06-25,295,180000.0,C,0.011,0.0125,0.0118,84377.78,81250.13,0.49700000000000005,0.07026,0.0,102.06603,42.6,1.0
2026-09-03T19:11:34Z,2027-06-25,295,180000.0,P,1.1285,1.1635,1.1451,84380.09,81250.13,0.49700000000000005,-0.92973,0.0,102.07805,0.0,0.0
2026-09-03T19:11:34Z,2027-06-25,295,190000.0,C,0.009,0.011,0.01,84380.08,81250.13,0.5071,0.0601,0.0,90.40791,48.4,0.6
2026-09-03T19:11:34Z,2027-06-25,295,190000.0,P,1.2445,1.2815,1.2618,84382.03,81250.13,0.5071,-0.9399,0.0,90.41713,0.5,0.0
2026-09-03T19:11:34Z,2027-06-25,295,200000.0,C,0.008,0.0095,0.0086,84382.03,81250.13,0.5172,0.05205,0.0,80.72323,26.6,10.2
2026-09-03T19:11:34Z,2027-06-25,295,200000.0,P,1.36,1.4,1.379,84380.08,81250.13,0.5172,-0.94795,0.0,80.71484,2.1,0.0
