snapshot_ts,expiry,days_to_expiry,strike,option_type,bid,ask,mark_price,forward_price,index_price,implied_vol,delta,gamma,vega,open_interest,volume_24h
2026-10-05T22:23:13Z,2026-10-06,1,75000.0,C,0.125,0.129,0.1271,85924.34,85926.11,0.6139,1.0,0.0,0.0,0.0,0.0
2026-10-05T22:23:13Z,2026-10-06,1,75000.0,P,0.0,0.0001,0.0,85924.34,85926.11,0.6139,0.0,0.0,0.0,0.0,0.0
2026-10-05T22:23:13Z,2026-10-06,1,76000.0,C,0.1135,0.1175,0.1155,85924.34,85926.11,0.6139,1.0,0.0,0.0,0.0,0.0
2026-10-05T22:23:13Z,2026-10-06,1,76000.0,P,0.0,0.0001,0.0,85924.34,85926.11,0.6139,0.0,0.0,0.0,3.6,0.0
2026-10-05T22:23:13Z,2026-10-06,1,77000.0,C,0.102,0.1055,0.1039,85924.34,85926.11,0.6139,1.0,0.0,1e-05,0.0,0.0
2026-10-05T22:23:13Z,2026-10-06,1,77000.0,P,0.0,0.0001,0.0,85924.34,85926.11,0.6139,0.0,0.0,1e-05,1.7,0.0
2026-10-05T22:23:13Z,2026-10-06,1,78000.0,C,0.09,0.094,0.0922,85924.01,85926.11,0.6139,1.0,0.0,0.00013,0.0,0.0
2026-10-05T22:23:13Z,2026-10-06,1,78000.0,P,0.0,0.0001,0.0,85924.34,85926.11,0.6139,0.0,0.0,0.00013,33.2,0.0
2026-10-05T22:23:13Z,2026-10-06,1,79000.0,C,0.0785,0.0825,0.0806,85924.34,85926.11,0.6139,0.99998,0.0,0.00215,0.0,0.0
2026-10-05T22:23:13Z,2026-10-06,1,79000.0,P,0.0,0.0001,0.0,85924.34,85926.11,0.6139,-2e-05,0.0,0.00215,17.8,14.0
2026-10-05T22:23:13Z,2026-10-06,1,80000.0,C,0.067,0.071,0.069,85924.34,85926.11,0.6139,0.99979,0.0,0.02294,0.0,0.0
2026-10-05T22:23:13Z,2026-10-06,1,80000.0,P,0.0,0.0001,0.0,85924.34,85926.11,0.6139,-0.00021,0.0,0.02294,131.1,0.8
2026-10-05T22:23:13Z,2026-10-06,1,81000.0,C,0.055,0.0595,0.0573,85924.01,85926.11,0.5515,0.9994,0.0,0.05992,0.0,0.0
2026-10-05T22:23:13Z,2026-10-06,1,81000.0,P,0.0,0.0001,0.0,85924.34,85926.11,0.5515,-0.0006,0.0,0.05988,32.4,28.6
2026-10-05T22:23:13Z,2026-10-06,1,81500.0,C,0.0495,0.0535,0.0515,85924.34,85926.11,0.5015999999999999,0.99929,0.0,0.07021,0.0,0.0
2026-10-05T22:23:13Z,2026-10-06,1,81500.0,P,0.0,0.0001,0.0,85924.34,85926.11,0.5015999999999999,-0.00071,0.0,0.07021,32.1,32.3
2026-10-05T22:23:13Z,2026-10-06,1,82000.0,C,0.0435,0.0475,0.0457,85924.34,85926.11,0.4556,0.99905,0.0,0.09177,0.0,0.0
2026-10-05T22:23:13Z,2026-10-06,1,82000.0,P,0.0,0.0001,0.0,85924.01,85926.11,0.4556,-0.00095,0.0,0.09184,8.3,5.6
2026-10-05T22:23:13Z,2026-10-06,1,82500.0,C,0.038,0.042,0.0399,85924.34,85926.11,0.4107,0.99863,0.0,0.12787,0.0,0.0
2026-10-05T22:23:13Z,2026-10-06,1,82500.0,P,0.0,0.0001,0.0,85924.34,85926.11,0.4107,-0.00137,0.0,0.12787,31.5,20.1
2026-10-05T22:23:13Z,2026-10-06,1,83000.0,C,0.032,0.036,0.034,85924.01,85926.11,0.3728,0.99752,1e-05,0.21952,0.0,0.0
2026-10-05T22:23:13Z,2026-10-06,1,83000.0,P,0.0,0.0001,0.0,85924.01,85926.11,0.3728,-0.00248,1e-05,0.21952,178.9,130.8
2026-10-05T22:23:13Z,2026-10-06,1,83500.0,C,0.026,0.0305,0.0283,85923.99,85926.11,0.36560000000000004,0.99107,2e-05,0.68698,0.0,0.0
2026-10-05T22:23:13Z,2026-10-06,1,83500.0,P,0.0,0.0002,0.0,85923.99,85926.11,0.36560000000000004,-0.00893,2e-05,0.68698,59.1,24.2
2026-10-05T22:23:13Z,2026-10-06,1,84000.0,C,0.0205,0.025,0.0225,85923.99,85926.11,0.3189,0.98416,4e-05,1.12994,0.1,0.1
2026-10-05T22:23:13Z,2026-10-06,1,84000.0,P,0.0,0.0002,0.0001,85923.99,85926.11,0.3189,-0.01584,4e-05,1.12994,518.1,538.4
2026-10-05T22:23:13Z,2026-10-06,1,84500.0,C,0.015,0.0185,0.0167,85924.01,85926.11,0.2879,0.96053,0.0001,2.42686,9.3,2.6
2026-10-05T22:23:13Z,2026-10-06,1,84500.0,P,0.0001,0.0002,0.0002,85924.01,85926.11,0.2879,-0.03947,0.0001,2.42686,134.4,199.1
2026-10-05T22:23:13Z,2026-10-06,1,85000.0,C,0.0095,0.0125,0.011,85923.99,85926.11,0.2245,0.92748,0.00022,3.9278,11.0,5.3
2026-10-05T22:23:13Z,2026-10-06,1,85000.0,P,0.0002,0.0003,0.0002,85923.99,85926.11,0.2245,-0.07252,0.00022,3.9278,180.4,248.2
2026-10-05T22:23:13Z,2026-10-06,1,85500.0,C,0.005,0.0065,0.0058,85924.01,85926.11,0.19649999999999998,0.77732,0.00053,8.48818,18.7,15.5
2026-10-05T22:23:13Z,2026-10-06,1,85500.0,P,0.0007,0.0008,0.0008,85923.99,85926.11,0.19649999999999998,-0.22269,0.00053,8.48841,216.5,277.0
2026-10-05T22:23:13Z,2026-10-06,1,86000.0,C,0.0022,0.0025,0.0024,85924.01,85926.11,0.2094,0.45067,0.00066,11.27062,101.9,118.4
2026-10-05T22:23:13Z,2026-10-06,1,86000.0,P,0.0028,0.0035,0.0032,85924.01,85926.11,0.2094,-0.54933,0.00066,11.27062,41.5,46.9
2026-10-05T22:23:13Z,2026-10-06,1,86500.0,C,0.0009,0.0011,0.001,85923.99,85926.11,0.2465,0.20784,0.00041,8.15499,246.0,261.0
2026-10-05T22:23:13Z,2026-10-06,1,86500.0,P,0.0055,0.0095,0.0077,85924.01,85926.11,0.2465,-0.79215,0.00041,8.15518,15.6,16.6
2026-10-05T22:23:13Z,2026-10-06,1,87000.0,C,0.0004,0.0006,0.0005,85923.99,85926.11,0.292,0.10003,0.00021,4.99738,147.7,180.3
2026-10-05T22:23:13Z,2026-10-06,1,87000.0,P,0.011,0.015,0.013,85924.01,85926.11,0.292,-0.89997,0.00021,4.99754,0.0,0.0
2026-10-05T22:23:13Z,2026-10-06,1,87500.0,C,0.0002,0.0003,0.0002,85924.01,85926.11,0.33270000000000005,0.05015,0.00011,2.94308,175.2,174.6
2026-10-05T22:23:13Z,2026-10-06,1,87500.0,P,0.017,0.02,0.0186,85924.01,85926.11,0.33270000000000005,-0.94985,0.00011,2.94308,27.0,0.0
2026-10-05T22:23:13Z,2026-10-06,1,88000.0,C,0.0001,0.0003,0.0002,85923.99,85926.11,0.3887,0.03234,7e-05,2.06153,153.1,176.7
2026-10-05T22:23:13Z,2026-10-06,1,88000.0,P,0.0225,0.026,0.0243,85924.01,85926.11,0.3887,-0.96766,7e-05,2.06128,14.0,14.0
2026-10-05T22:23:13Z,2026-10-06,1,88500.0,C,0.0,0.0002,0.0001,85924.01,85926.11,0.406,0.01428,3e-05,1.03373,87.0,128.7
2026-10-05T22:23:13Z,2026-10-06,1,88500.0,P,0.028,0.032,0.03,85924.01,85926.11,0.406,-0.98572,3e-05,1.03373,0.0,0.0
2026-10-05T22:23:13Z,2026-10-06,1,89000.0,C,0.0,0.0001,0.0,85924.01,85926.11,0.4299,0.0069,2e-05,0.54766,53.5,59.2
2026-10-05T22:23:13Z,2026-10-06,1,89000.0,P,0.0335,0.038,0.0358,85924.01,85926.11,0.4299,-0.9931,2e-05,0.54766,0.0,0.0
2026-10-05T22:23:13Z,2026-10-06,1,89500.0,C,0.0,0.0001,0.0,85923.99,85926.11,0.46,0.00382,1e-05,0.32346,37.1,17.2
2026-10-05T22:23:13Z,2026-10-06,1,89500.0,P,0.0395,0.044,0.0416,85923.99,85926.11,0.46,-0.99618,1e-05,0.32346,0.0,0.0
2026-10-05T22:23:13Z,2026-10-06,1,90000.0,C,0.0,0.0001,0.0,85924.01,85926.11,0.4631,0.00129,0.0,0.12142,127.2,105.7
2026-10-05T22:23:13Z,2026-10-06,1,90000.0,P,0.0455,0.0495,0.0474,85924.01,85926.11,0.4631,-0.99871,0.0,0.12142,0.0,0.0
2026-10-05T22:23:13Z,2026-10-06,1,91000.0,C,0.0,0.0001,0.0,85924.01,85926.11,0.47259999999999996,0.00013,0.0,0.01414,58.2,33.2
2026-10-05T22:23:13Z,2026-10-06,1,91000.0,P,0.057,0.0615,0.0591,85923.99,85926.11,0.47259999999999996,-0.99987,0.0,0.01414,0.0,0.0
2026-10-05T22:23:13Z,2026-10-06,1,92000.0,C,0.0,0.0001,0.0,85923.99,85926.11,0.5069,2e-05,0.0,0.003,17.2,8.0
2026-10-05T22:23:13Z,2026-10-06,1,92000.0,P,0.069,0.0725,0.0707,85924.01,85926.11,0.5069,-0.99998,0.0,0.003,7.8,0.0
2026-10-05T22:23:13Z,2026-10-06,1,93000.0,C,0.0,0.0001,0.0,85924.01,85926.11,0.5072,0.0,0.0,0.00018,1.0,0.0
2026-10-05T22:23:13Z,2026-10-06,1,93000.0,P,0.081,0.084,0.0824,85924.02,85926.11,0.5072,-1.0,0.0,0.00018,7.7,0.0
2026-10-05T22:23:13Z,2026-10-06,1,94000.0,C,0.0,0.0001,0.0,85924.02,85926.11,0.5072,0.0,0.0,1e-05,3.5,0.0
2026-10-05T22:23:13Z,2026-10-06,1,94000.0,P,0.0915,0.0965,0.094,85924.02,85926.11,0.5072,-1.0,0.0,1e-05,0.0,0.0
2026-10-05T22:23:13Z,2026-10-06,1,95000.0,C,0.0,0.0001,0.0,85923.99,85926.11,0.5072,0.0,0.0,0.0,30.1,0.0
2026-10-05T22:23:13Z,2026-10-06,1,95000.0,P,0.1035,0.108,0.1056,85923.99,85926.11,0.5072,-1.0,0.0,0.0,0.0,0.0
2026-10-05T22:23:13Z,2026-10-06,1,96000.0,C,0.0,0.0001,0.0,85923.99,85926.11,0.5072,0.0,0.0,0.0,0.1,0.0
2026-10-05T22:23:13Z,2026-10-06,1,96000.0,P,0.115,0.1195,0.1173,85923.99,85926.11,0.5072,-1.0,0.0,0.0,0.0,0.0
2026-10-05T22:23:13Z,2026-10-06,1,97000.0,C,0.0,0.0001,0.0,85923.99,85926.11,0.5072,0.0,0.0,0.0,0.0,0.0
2026-10-05T22:23:13Z,2026-10-06,1,97000.0,P,0.1265,0.1315,0.1289,85923.99,85926.11,0.5072,-1.0,0.0,0.0,0.0,0.0
2026-10-05T22:23:13Z,2026-10-07,2,75000.0,C,0.1255,0.129,0.1273,85941.33,85926.11,0.6135,0.99984,0.0,0.0323,0.0,0.0
2026-10-05T22:23:13Z,2026-10-07,2,75000.0,P,0.0,0.0001,0.0,85941.33,85926.11,0.6135,-0.00016,0.0,0.0323,1.5,1.5
2026-10-05T22:23:13Z,2026-10-07,2,76000.0,C,0.1135,0.1175,0.1157,85941.33,85926.11,0.6134000000000001,0.99943,0.0,0.10654,0.0,0.0
2026-10-05T22:23:13Z,2026-10-07,2,76000.0,P,0.0,0.0001,0.0,85941.33,85926.11,0.6134000000000001,-0.00057,0.0,0.10654,1.0,0.0
2026-10-05T22:23:13Z,2026-10-07,2,77000.0,C,0.102,0.106,0.1041,85941.33,85926.11,0.6103999999999999,0.99827,0.0,0.29534,0.0,0.0
2026-10-05T22:23:13Z,2026-10-07,2,77000.0,P,0.0,0.0001,0.0,85941.33,85926.11,0.6103999999999999,-0.00173,0.0,0.29534,0.1,0.0
2026-10-05T22:23:13Z,2026-10-07,2,78000.0,C,0.0905,0.0945,0.0924,85941.33,85926.11,0.547,0.998,0.0,0.33764,0.0,0.0
2026-10-05T22:23:13Z,2026-10-07,2,78000.0,P,0.0,0.0001,0.0,85941.29,85926.11,0.547,-0.002,0.0,0.33765,5.4,0.0
2026-10-05T22:23:13Z,2026-10-07,2,79000.0,C,0.079,0.0825,0.0808,85941.33,85926.11,0.48710000000000003,0.99749,0.0,0.41436,0.0,0.0
2026-10-05T22:23:13Z,2026-10-07,2,79000.0,P,0.0,0.0001,0.0,85941.33,85926.11,0.48710000000000003,-0.00251,0.0,0.41436,68.7,60.5
2026-10-05T22:23:13Z,2026-10-07,2,80000.0,C,0.067,0.071,0.0692,85941.33,85926.11,0.439,0.99595,1e-05,0.63788,0.0,0.0
2026-10-05T22:23:13Z,2026-10-07,2,80000.0,P,0.0,0.0001,0.0,85941.33,85926.11,0.439,-0.00405,1e-05,0.63788,1.7,1.6
2026-10-05T22:23:13Z,2026-10-07,2,81000.0,C,0.0555,0.0595,0.0576,85941.33,85926.11,0.40299999999999997,0.99145,1e-05,1.23662,0.0,0.0
2026-10-05T22:23:13Z,2026-10-07,2,81000.0,P,0.0,0.0001,0.0001,85941.29,85926.11,0.40299999999999997,-0.00855,1e-05,1.23667,9.6,15.2
2026-10-05T22:23:13Z,2026-10-07,2,81500.0,C,0.05,0.054,0.0518,85941.29,85926.11,0.3987,0.98463,2e-05,2.0586,0.0,0.0
2026-10-05T22:23:13Z,2026-10-07,2,81500.0,P,0.0,0.0002,0.0001,85941.33,85926.11,0.3987,-0.01537,2e-05,2.05852,3.6,4.7
2026-10-05T22:23:13Z,2026-10-07,2,82000.0,C,0.044,0.048,0.046,85941.33,85926.11,0.3636,0.98194,2e-05,2.36334,0.0,0.0
2026-10-05T22:23:13Z,2026-10-07,2,82000.0,P,0.0001,0.0002,0.0001,85941.33,85926.11,0.3636,-0.01806,2e-05,2.36334,6.4,2.4
2026-10-05T22:23:13Z,2026-10-07,2,82500.0,C,0.038,0.042,0.0402,85941.33,85926.11,0.33590000000000003,0.97584,3e-05,3.02367,0.0,0.0
2026-10-05T22:23:13Z,2026-10-07,2,82500.0,P,0.0001,0.0003,0.0002,85941.33,85926.11,0.33590000000000003,-0.02416,3e-05,3.02367,11.2,4.0
2026-10-05T22:23:13Z,2026-10-07,2,83000.0,C,0.0325,0.0365,0.0345,85941.33,85926.11,0.31129999999999997,0.96529,5e-05,4.08611,0.0,0.0
2026-10-05T22:23:13Z,2026-10-07,2,83000.0,P,0.0002,0.0003,0.0003,85941.33,85926.11,0.31129999999999997,-0.03471,5e-05,4.08611,24.0,20.8
2026-10-05T22:23:13Z,2026-10-07,2,83500.0,C,0.027,0.031,0.0288,85941.33,85926.11,0.2922,0.94531,7e-05,5.89602,0.0,0.0
2026-10-05T22:23:13Z,2026-10-07,2,83500.0,P,0.0003,0.0005,0.0004,85941.33,85926.11,0.2922,-0.05469,7e-05,5.89602,12.1,12.8
2026-10-05T22:23:13Z,2026-10-07,2,84000.0,C,0.0215,0.0255,0.0233,85941.29,85926.11,0.2788,0.90848,0.00011,8.75359,0.3,0.0
2026-10-05T22:23:13Z,2026-10-07,2,84000.0,P,0.0006,0.0008,0.0007,85941.33,85926.11,0.2788,-0.09152,0.00011,8.75328,25.7,21.5
2026-10-05T22:23:13Z,2026-10-07,2,84500.0,C,0.016,0.02,0.0181,85941.33,85926.11,0.2693,0.84669,0.00017,12.59434,4.4,0.6
2026-10-05T22:23:13Z,2026-10-07,2,84500.0,P,0.0012,0.0014,0.0013,85941.33,85926.11,0.2693,-0.15331,0.00017,12.59425,74.1,76.6
2026-10-05T22:23:13Z,2026-10-07,2,85000.0,C,0.0115,0.0145,0.0134,85941.33,85926.11,0.26539999999999997,0.75111,0.00022,16.87802,17.5,5.2
2026-10-05T22:23:13Z,2026-10-07,2,85000.0,P,0.0022,0.0026,0.0025,85941.33,85926.11,0.26539999999999997,-0.24889,0.00022,16.87802,39.3,40.2
2026-10-05T22:23:13Z,2026-10-07,2,85500.0,C,0.009,0.01,0.0095,85941.29,85926.11,0.2669,0.62539,0.00027,20.18118,2.0,0.1
2026-10-05T22:23:13Z,2026-10-07,2,85500.0,P,0.0041,0.0045,0.0043,85941.33,85926.11,0.2669,-0.3746,0.00027,20.18101,17.6,16.8
2026-10-05T22:23:13Z,2026-10-07,2,86000.0,C,0.006,0.007,0.0064,85941.33,85926.11,0.2741,0.48735,0.00027,21.22849,38.0,18.8
2026-10-05T22:23:13Z,2026-10-07,2,86000.0,P,0.0065,0.0075,0.0071,85941.33,85926.11,0.2741,-0.51265,0.00027,21.22849,29.8,30.0
2026-10-05T22:23:13Z,2026-10-07,2,86500.0,C,0.004,0.0044,0.0042,85941.33,85926.11,0.28190000000000004,0.35854,0.00025,19.88959,26.9,25.2
2026-10-05T22:23:13Z,2026-10-07,2,86500.0,P,0.01,0.0115,0.0107,85941.29,85926.11,0.28190000000000004,-0.64147,0.00025,19.88938,0.6,0.6
2026-10-05T22:23:13Z,2026-10-07,2,87000.0,C,0.0025,0.0029,0.0027,85941.33,85926.11,0.2938,0.25344,0.0002,17.04059,29.8,23.9
2026-10-05T22:23:13Z,2026-10-07,2,87000.0,P,0.0135,0.0165,0.0151,85941.29,85926.11,0.2938,-0.74657,0.0002,17.04026,0.0,0.0
2026-10-05T22:23:13Z,2026-10-07,2,87500.0,C,0.0016,0.0019,0.0018,85941.33,85926.11,0.3075,0.17518,0.00016,13.73242,23.3,18.6
2026-10-05T22:23:13Z,2026-10-07,2,87500.0,P,0.018,0.022,0.0199,85941.29,85926.11,0.3075,-0.82483,0.00016,13.7321,12.5,12.5
2026-10-05T22:23:13Z,2026-10-07,2,88000.0,C,0.001,0.0013,0.0012,85941.33,85926.11,0.3232,0.12051,0.00012,10.68151,54.4,68.1
2026-10-05T22:23:13Z,2026-10-07,2,88000.0,P,0.023,0.027,0.0251,85941.29,85926.11,0.3232,-0.8795,0.00012,10.68122,0.0,0.0
2026-10-05T22:23:13Z,2026-10-07,2,88500.0,C,0.0007,0.0009,0.0008,85941.33,85926.11,0.34020000000000006,0.08354,8e-05,8.17707,32.3,32.6
2026-10-05T22:23:13Z,2026-10-07,2,88500.0,P,0.0285,0.0325,0.0306,85941.33,85926.11,0.34020000000000006,-0.91646,8e-05,8.17707,0.0,0.0
2026-10-05T22:23:13Z,2026-10-07,2,89000.0,C,0.0005,0.0007,0.0006,85941.33,85926.11,0.359,0.0592,6e-05,6.27529,23.7,7.6
2026-10-05T22:23:13Z,2026-10-07,2,89000.0,P,0.034,0.0385,0.0362,85941.33,85926.11,0.359,-0.9408,6e-05,6.27529,0.0,0.0
2026-10-05T22:23:13Z,2026-10-07,2,90000.0,C,0.0002,0.0003,0.0003,85941.33,85926.11,0.3901,0.0289,3e-05,3.51161,67.8,66.4
2026-10-05T22:23:13Z,2026-10-07,2,90000.0,P,0.0455,0.05,0.0475,85941.33,85926.11,0.3901,-0.9711,3e-05,3.51161,0.0,0.0
2026-10-05T22:23:13Z,2026-10-07,2,91000.0,C,0.0001,0.0002,0.0002,85941.33,85926.11,0.43060000000000004,0.01655,2e-05,2.1936,6.5,6.1
2026-10-05T22:23:13Z,2026-10-07,2,91000.0,P,0.057,0.0615,0.059,85941.33,85926.11,0.43060000000000004,-0.98345,2e-05,2.1936,0.0,0.0
2026-10-05T22:23:13Z,2026-10-07,2,92000.0,C,0.0,0.0002,0.0001,85941.33,85926.11,0.4725,0.01036,1e-05,1.46362,18.2,18.2
2026-10-05T22:23:13Z,2026-10-07,2,92000.0,P,0.0685,0.073,0.0706,85941.33,85926.11,0.4725,-0.98964,1e-05,1.46362,0.0,0.0
2026-10-05T22:23:13Z,2026-10-07,2,93000.0,C,0.0,0.0002,0.0,85941.33,85926.11,0.4755,0.00385,0.0,0.60981,3.6,3.0
2026-10-05T22:23:13Z,2026-10-07,2,93000.0,P,0.08,0.0845,0.0822,85941.33,85926.11,0.4755,-0.99615,0.0,0.60981,0.0,0.0
2026-10-05T22:23:13Z,2026-10-07,2,94000.0,C,0.0,0.0001,0.0,85941.33,85926.11,0.4807,0.00137,0.0,0.23961,5.0,5.0
2026-10-05T22:23:13Z,2026-10-07,2,94000.0,P,0.0915,0.096,0.0938,85941.29,85926.11,0.4807,-0.99863,0.0,0.23959,0.0,0.0
2026-10-05T22:23:13Z,2026-10-08,3,75000.0,C,0.1255,0.1295,0.1275,85956.91,85926.11,0.6103000000000001,0.99728,0.0,0.5837,0.0,0.0
2026-10-05T22:23:13Z,2026-10-08,3,75000.0,P,0.0,0.0001,0.0,85956.91,85926.11,0.6103000000000001,-0.00272,0.0,0.5837,25.1,25.1
2026-10-05T22:23:13Z,2026-10-08,3,76000.0,C,0.114,0.1175,0.1159,85956.91,85926.11,0.5827,0.99571,0.0,0.8787,0.0,0.0
2026-10-05T22:23:13Z,2026-10-08,3,76000.0,P,0.0,0.0001,0.0001,85956.91,85926.11,0.5827,-0.00429,0.0,0.8787,7.2,0.2
2026-10-05T22:23:13Z,2026-10-08,3,77000.0,C,0.1025,0.106,0.1043,85956.91,85926.11,0.5321,0.99494,0.0,1.01852,0.0,0.0
2026-10-05T22:23:13Z,2026-10-08,3,77000.0,P,0.0,0.0001,0.0001,85956.91,85926.11,0.5321,-0.00506,0.0,1.01852,0.0,0.0
2026-10-05T22:23:13Z,2026-10-08,3,78000.0,C,0.0905,0.0945,0.0927,85956.91,85926.11,0.5033,0.9918,1e-05,1.56116,0.0,0.0
2026-10-05T22:23:13Z,2026-10-08,3,78000.0,P,0.0,0.0002,0.0001,85956.91,85926.11,0.5033,-0.0082,1e-05,1.56116,1.8,1.7
2026-10-05T22:23:13Z,2026-10-08,3,79000.0,C,0.079,0.083,0.0811,85956.91,85926.11,0.46020000000000005,0.9887,1e-05,2.0666,0.0,0.0
2026-10-05T22:23:13Z,2026-10-08,3,79000.0,P,0.0001,0.0002,0.0001,85956.91,85926.11,0.46020000000000005,-0.0113,1e-05,2.06656,6.3,2.3
2026-10-05T22:23:13Z,2026-10-08,3,80000.0,C,0.0675,0.0715,0.0695,85956.82,85926.11,0.423,0.98261,1e-05,2.99691,0.0,0.0
2026-10-05T22:23:13Z,2026-10-08,3,80000.0,P,0.0001,0.0003,0.0002,85956.91,85926.11,0.4229,-0.01739,1e-05,2.99605,1.4,2.1
2026-10-05T22:23:13Z,2026-10-08,3,81000.0,C,0.056,0.06,0.058,85956.82,85926.11,0.39020000000000005,0.9708,2e-05,4.63762,0.0,0.0
2026-10-05T22:23:13Z,2026-10-08,3,81000.0,P,0.0003,0.0004,0.0004,85956.91,85926.11,0.39020000000000005,-0.02919,2e-05,4.63713,54.0,4.0
2026-10-05T22:23:13Z,2026-10-08,3,82000.0,C,0.0445,0.0485,0.0467,85956.91,85926.11,0.3593,0.94863,4e-05,7.34653,0.0,0.0
2026-10-05T22:23:13Z,2026-10-08,3,82000.0,P,0.0006,0.0007,0.0006,85956.91,85926.11,0.3593,-0.05137,4e-05,7.34637,9.6,8.3
2026-10-05T22:23:13Z,2026-10-08,3,82500.0,C,0.039,0.043,0.041,85956.91,85926.11,0.33520000000000005,0.93619,5e-05,8.71303,0.0,0.0
2026-10-05T22:23:13Z,2026-10-08,3,82500.0,P,0.0006,0.0009,0.0008,85956.91,85926.11,0.33520000000000005,-0.06381,5e-05,8.71279,12.8,11.5
2026-10-05T22:23:13Z,2026-10-08,3,83000.0,C,0.0335,0.0375,0.0354,85956.91,85926.11,0.32030000000000003,0.91317,7e-05,11.02215,0.0,0.0
2026-10-05T22:23:13Z,2026-10-08,3,83000.0,P,0.0009,0.0012,0.001,85956.91,85926.11,0.32030000000000003,-0.08683,7e-05,11.0221,55.6,1.7
2026-10-05T22:23:13Z,2026-10-08,3,83500.0,C,0.028,0.032,0.0301,85956.91,85926.11,0.3078,0.87981,9e-05,13.96049,0.0,0.0
2026-10-05T22:23:13Z,2026-10-08,3,83500.0,P,0.0013,0.0016,0.0015,85956.91,85926.11,0.3078,-0.12018,9e-05,13.96014,1.5,1.2
2026-10-05T22:23:13Z,2026-10-08,3,84000.0,C,0.023,0.027,0.025,85956.91,85926.11,0.2985,0.83235,0.00012,17.48365,0.0,0.0
2026-10-05T22:23:13Z,2026-10-08,3,84000.0,P,0.002,0.0023,0.0022,85956.91,85926.11,0.2985,-0.16765,0.00012,17.48368,231.7,231.7
2026-10-05T22:23:13Z,2026-10-08,3,84500.0,C,0.0185,0.022,0.0202,85956.91,85926.11,0.2928,0.76784,0.00015,21.27823,0.7,0.7
2026-10-05T22:23:13Z,2026-10-08,3,84500.0,P,0.003,0.0034,0.0033,85957.08,85926.11,0.2928,-0.23212,0.00015,21.27617,75.0,77.2
2026-10-05T22:23:13Z,2026-10-08,3,85000.0,C,0.015,0.017,0.016,85957.14,85926.11,0.2909,0.68668,0.00017,24.70755,4.8,4.8
2026-10-05T22:23:13Z,2026-10-08,3,85000.0,P,0.0045,0.005,0.0048,85957.14,85926.11,0.2909,-0.31332,0.00017,24.70755,4.1,4.0
2026-10-05T22:23:13Z,2026-10-08,3,85500.0,C,0.012,0.0125,0.0123,85957.14,85926.11,0.2915,0.59381,0.00019,27.03828,0.9,0.9
2026-10-05T22:23:13Z,2026-10-08,3,85500.0,P,0.0065,0.0075,0.007,85957.14,85926.11,0.2915,-0.40619,0.00019,27.03828,39.0,39.0
2026-10-05T22:23:13Z,2026-10-08,3,86000.0,C,0.009,0.0095,0.0093,85957.14,85926.11,0.2952,0.49647,0.00019,27.80974,72.4,67.5
2026-10-05T22:23:13Z,2026-10-08,3,86000.0,P,0.0095,0.01,0.0098,85957.08,85926.11,0.2952,-0.50354,0.00019,27.80972,0.3,0.3
2026-10-05T22:23:13Z,2026-10-08,3,86500.0,C,0.0065,0.007,0.0069,85957.08,85926.11,0.3,0.4026,0.00019,26.97779,4.6,4.4
2026-10-05T22:23:13Z,2026-10-08,3,86500.0,P,0.0125,0.0135,0.0132,85957.14,85926.11,0.3,-0.59739,0.00019,26.978,202.1,202.1
2026-10-05T22:23:13Z,2026-10-08,3,87000.0,C,0.0048,0.0055,0.0051,85957.14,85926.11,0.3078,0.31898,0.00017,24.89633,202.6,200.4
2026-10-05T22:23:13Z,2026-10-08,3,87000.0,P,0.0165,0.018,0.0172,85957.14,85926.11,0.3078,-0.68102,0.00017,24.89633,0.1,0.1
2026-10-05T22:23:13Z,2026-10-08,3,87500.0,C,0.0035,0.0039,0.0037,85957.14,85926.11,0.3146,0.24684,0.00014,22.00309,1.1,1.1
2026-10-05T22:23:13Z,2026-10-08,3,87500.0,P,0.02,0.0235,0.0216,85957.14,85926.11,0.3146,-0.75316,0.00014,22.00309,0.0,0.0
2026-10-05T22:23:13Z,2026-10-08,3,88000.0,C,0.0025,0.0029,0.0027,85957.14,85926.11,0.3247,0.18975,0.00012,18.90202,39.9,39.9
2026-10-05T22:23:13Z,2026-10-08,3,88000.0,P,0.0245,0.0285,0.0265,85957.14,85926.11,0.3247,-0.81025,0.00012,18.90202,0.0,0.0
2026-10-05T22:23:13Z,2026-10-08,3,88500.0,C,0.0019,0.0022,0.002,85957.14,85926.11,0.33509999999999995,0.14478,0.0001,15.87225,2.9,2.9
2026-10-05T22:23:13Z,2026-10-08,3,88500.0,P,0.0295,0.0335,0.0316,85957.14,85926.11,0.33509999999999995,-0.85522,0.0001,15.87225,0.0,0.0
2026-10-05T22:23:13Z,2026-10-08,3,89000.0,C,0.0014,0.0016,0.0015,85957.14,85926.11,0.3472,0.111,8e-05,13.19382,281.9,263.5
2026-10-05T22:23:13Z,2026-10-08,3,89000.0,P,0.035,0.039,0.0369,85957.14,85926.11,0.3472,-0.889,8e-05,13.19382,0.0,0.0
2026-10-05T22:23:13Z,2026-10-08,3,89500.0,C,0.001,0.0013,0.0011,85957.14,85926.11,0.3586,0.0847,6e-05,10.81876,163.9,323.9
2026-10-05T22:23:13Z,2026-10-08,3,89500.0,P,0.0405,0.0445,0.0423,85957.14,85926.11,0.3586,-0.9153,6e-05,10.81876,0.0,0.0
2026-10-05T22:23:13Z,2026-10-08,3,90000.0,C,0.0007,0.001,0.0008,85957.08,85926.11,0.36939999999999995,0.06433,5e-05,8.76862,13.3,13.0
2026-10-05T22:23:13Z,2026-10-08,3,90000.0,P,0.046,0.05,0.0479,85957.14,85926.11,0.36939999999999995,-0.93566,5e-05,8.76894,0.1,0.1
2026-10-05T22:23:13Z,2026-10-08,3,91000.0,C,0.0004,0.0006,0.0005,85957.08,85926.11,0.3931,0.03815,3e-05,5.78044,3.4,3.3
2026-10-05T22:23:13Z,2026-10-08,3,91000.0,P,0.057,0.0615,0.0592,85957.08,85926.11,0.3931,-0.96185,3e-05,5.78044,0.0,0.0
2026-10-05T22:23:13Z,2026-10-08,3,92000.0,C,0.0002,0.0004,0.0003,85957.08,85926.11,0.4147,0.02257,2e-05,3.73923,65.6,13.2
2026-10-05T22:23:13Z,2026-10-08,3,92000.0,P,0.0685,0.073,0.0706,85957.14,85926.11,0.4147,-0.97742,2e-05,3.73939,0.0,0.0
2026-10-05T22:23:13Z,2026-10-08,3,93000.0,C,0.0001,0.0003,0.0002,85957.14,85926.11,0.4393,0.01417,1e-05,2.51364,7.7,4.9
2026-10-05T22:23:13Z,2026-10-08,3,93000.0,P,0.08,0.0845,0.0821,85957.14,85926.11,0.4393,-0.98583,1e-05,2.51364,0.0,0.0
2026-10-05T22:23:13Z,2026-10-08,3,94000.0,C,0.0,0.0002,0.0002,85957.14,85926.11,0.48109999999999997,0.01152,1e-05,2.10094,2.6,2.5
2026-10-05T22:23:13Z,2026-10-08,3,94000.0,P,0.0915,0.096,0.0937,85957.14,85926.11,0.48109999999999997,-0.98848,1e-05,2.10094,0.0,0.0
2026-10-05T22:23:13Z,2026-10-08,3,95000.0,C,0.0,0.0002,0.0001,85957.14,85926.11,0.4829,0.00563,0.0,1.12088,2.1,2.0
2026-10-05T22:23:13Z,2026-10-08,3,95000.0,P,0.103,0.1075,0.1053,85957.14,85926.11,0.4829,-0.99437,0.0,1.12088,0.0,0.0
2026-10-05T22:23:13Z,2026-10-08,3,96000.0,C,0.0,0.0002,0.0,85957.14,85926.11,0.48340000000000005,0.00256,0.0,0.55327,0.0,0.0
2026-10-05T22:23:13Z,2026-10-08,3,96000.0,P,0.1145,0.1195,0.1169,85957.14,85926.11,0.48340000000000005,-0.99744,0.0,0.55327,0.0,0.0
2026-10-05T22:23:13Z,2026-10-09,4,65000.0,C,0.2425,0.2455,0.2439,85970.87,85926.11,0.7494,0.99995,0.0,0.01638,0.7,0.0
2026-10-05T22:23:13Z,2026-10-09,4,65000.0,P,0.0,0.0001,0.0,85970.81,85926.11,0.7494,-5e-05,0.0,0.01638,261.5,0.0
2026-10-05T22:23:13Z,2026-10-09,4,68000.0,C,0.2075,0.2105,0.209,85970.87,85926.11,0.7444,0.99952,0.0,0.14308,1.9,0.0
2026-10-05T22:23:13Z,2026-10-09,4,68000.0,P,0.0,0.0001,0.0,85971.61,85926.11,0.7444,-0.00048,0.0,0.14303,802.0,0.0
2026-10-05T22:23:13Z,2026-10-09,4,70000.0,C,0.184,0.1875,0.1858,85970.97,85926.11,0.7440000000000001,0.99812,0.0,0.49751,0.2,0.0
2026-10-05T22:23:13Z,2026-10-09,4,70000.0,P,0.0,0.0001,0.0,85970.97,85926.11,0.7440000000000001,-0.00188,0.0,0.49751,133.1,16.1
2026-10-05T22:23:13Z,2026-10-09,4,72000.0,C,0.1605,0.1645,0.1626,85970.97,85926.11,0.6926000000000001,0.99639,0.0,0.89771,0.0,0.0
2026-10-05T22:23:13Z,2026-10-09,4,72000.0,P,0.0,0.0001,0.0001,85971.61,85926.11,0.6926000000000001,-0.00361,0.0,0.89745,135.0,7.8
2026-10-05T22:23:13Z,2026-10-09,4,73000.0,C,0.149,0.1525,0.151,85970.97,85926.11,0.6923,0.99345,0.0,1.5253,0.2,0.0
2026-10-05T22:23:13Z,2026-10-09,4,73000.0,P,0.0001,0.0002,0.0001,85970.97,85926.11,0.6923,-0.00655,0.0,1.5253,373.2,5.7
2026-10-05T22:23:13Z,2026-10-09,4,74000.0,C,0.1375,0.141,0.1394,85971.61,85926.11,0.6409,0.99295,0.0,1.62712,1.1,0.0
2026-10-05T22:23:13Z,2026-10-09,4,74000.0,P,0.0001,0.0002,0.0001,85971.61,85926.11,0.6409,-0.00705,0.0,1.62712,571.0,3.9
2026-10-05T22:23:13Z,2026-10-09,4,75000.0,C,0.126,0.1295,0.1278,85971.61,85926.11,0.5963,0.99182,0.0,1.85461,0.4,0.0
2026-10-05T22:23:13Z,2026-10-09,4,75000.0,P,0.0001,0.0002,0.0002,85970.97,85926.11,0.5963,-0.00818,0.0,1.85517,1622.8,127.2
2026-10-05T22:23:13Z,2026-10-09,4,76000.0,C,0.114,0.118,0.1162,85971.61,85926.11,0.5642,0.98901,1e-05,2.40065,50.2,0.0
2026-10-05T22:23:13Z,2026-10-09,4,76000.0,P,0.0001,0.0003,0.0002,85971.61,85926.11,0.5642,-0.01099,1e-05,2.40065,644.2,3.4
2026-10-05T22:23:13Z,2026-10-09,4,77000.0,C,0.1025,0.1065,0.1046,85971.61,85926.11,0.5245000000000001,0.98617,1e-05,2.93055,57.9,0.0
2026-10-05T22:23:13Z,2026-10-09,4,77000.0,P,0.0002,0.0003,0.0003,85970.97,85926.11,0.5245000000000001,-0.01384,1e-05,2.93147,227.3,9.2
2026-10-05T22:23:13Z,2026-10-09,4,78000.0,C,0.091,0.095,0.0931,85971.61,85926.11,0.49450000000000005,0.98043,1e-05,3.94526,28.2,0.0
2026-10-05T22:23:13Z,2026-10-09,4,78000.0,P,0.0003,0.0004,0.0003,85971.61,85926.11,0.49450000000000005,-0.01957,1e-05,3.94526,887.4,43.1
2026-10-05T22:23:13Z,2026-10-09,4,79000.0,C,0.0795,0.0835,0.0815,85971.61,85926.11,0.4481,0.97596,2e-05,4.69247,31.0,0.0
2026-10-05T22:23:13Z,2026-10-09,4,79000.0,P,0.0003,0.0004,0.0004,85971.61,85926.11,0.4481,-0.02404,2e-05,4.69247,510.7,208.6
2026-10-05T22:23:13Z,2026-10-09,4,80000.0,C,0.068,0.072,0.07,85971.61,85926.11,0.4152,0.96533,2e-05,6.36212,424.8,0.0
2026-10-05T22:23:13Z,2026-10-09,4,80000.0,P,0.0005,0.0006,0.0006,85971.61,85926.11,0.4152,-0.03467,2e-05,6.36212,1021.6,62.5
2026-10-05T22:23:13Z,2026-10-09,4,81000.0,C,0.0565,0.0605,0.0585,85971.61,85926.11,0.3746,0.95208,3e-05,8.27231,100.3,0.0
2026-10-05T22:23:13Z,2026-10-09,4,81000.0,P,0.0007,0.0008,0.0007,85970.97,85926.11,0.3746,-0.04794,3e-05,8.27509,1113.4,20.8
2026-10-05T22:23:13Z,2026-10-09,4,82000.0,C,0.046,0.0495,0.0474,85971.61,85926.11,0.3472,0.92336,5e-05,11.94242,292.0,8.0
2026-10-05T22:23:13Z,2026-10-09,4,82000.0,P,0.0011,0.0013,0.0012,85971.61,85926.11,0.3472,-0.07664,5e-05,11.94242,836.8,52.3
2026-10-05T22:23:13Z,2026-10-09,4,83000.0,C,0.0345,0.0385,0.0366,85971.61,85926.11,0.32420000000000004,0.87277,8e-05,17.29424,80.3,0.0
2026-10-05T22:23:13Z,2026-10-09,4,83000.0,P,0.0019,0.0021,0.002,85971.61,85926.11,0.32420000000000004,-0.12723,8e-05,17.29424,556.5,193.1
2026-10-05T22:23:13Z,2026-10-09,4,84000.0,C,0.0255,0.0285,0.0267,85971.61,85926.11,0.3131,0.78309,0.00011,24.3713,424.6,3.8
2026-10-05T22:23:13Z,2026-10-09,4,84000.0,P,0.0036,0.0038,0.0038,85971.61,85926.11,0.3131,-0.21691,0.00011,24.3713,287.0,98.8
2026-10-05T22:23:13Z,2026-10-09,4,84500.0,C,0.0215,0.023,0.0224,85970.97,85926.11,0.313,0.72117,0.00013,27.87717,0.0,0.0
2026-10-05T22:23:13Z,2026-10-09,4,84500.0,P,0.005,0.0055,0.0053,85971.61,85926.11,0.313,-0.27875,0.00013,27.87335,17.4,19.4
2026-10-05T22:23:13Z,2026-10-09,4,85000.0,C,0.0175,0.019,0.0184,85970.97,85926.11,0.31129999999999997,0.65285,0.00014,30.64492,548.2,37.3
2026-10-05T22:23:13Z,2026-10-09,4,85000.0,P,0.0065,0.0075,0.0071,85971.61,85926.11,0.31129999999999997,-0.34706,0.00014,30.64216,750.0,54.1
2026-10-05T22:23:13Z,2026-10-09,4,85500.0,C,0.0145,0.0155,0.015,85971.61,85926.11,0.3144,0.57787,0.00015,32.47303,4.2,4.2
2026-10-05T22:23:13Z,2026-10-09,4,85500.0,P,0.009,0.01,0.0095,85970.97,85926.11,0.3144,-0.42223,0.00015,32.47435,0.3,0.4
2026-10-05T22:23:13Z,2026-10-09,4,86000.0,C,0.0115,0.012,0.012,85971.67,85926.11,0.3157,0.50176,0.00015,33.10538,867.2,68.3
2026-10-05T22:23:13Z,2026-10-09,4,86000.0,P,0.012,0.0125,0.0123,85971.61,85926.11,0.3157,-0.49824,0.00015,33.10536,438.4,226.5
2026-10-05T22:23:13Z,2026-10-09,4,86500.0,C,0.009,0.01,0.0095,85970.97,85926.11,0.3206,0.42749,0.00015,32.55711,3.6,3.6
2026-10-05T22:23:13Z,2026-10-09,4,86500.0,P,0.015,0.016,0.0157,85971.61,85926.11,0.3206,-0.57241,0.00015,32.55878,0.0,0.0
2026-10-05T22:23:13Z,2026-10-09,4,87000.0,C,0.007,0.008,0.0075,85971.61,85926.11,0.3237,0.35757,0.00014,30.97274,656.5,196.2
2026-10-05T22:23:13Z,2026-10-09,4,87000.0,P,0.0185,0.02,0.0194,85971.61,85926.11,0.3237,-0.64243,0.00014,30.97274,148.5,29.0
2026-10-05T22:23:13Z,2026-10-09,4,87500.0,C,0.0055,0.006,0.0059,85970.97,85926.11,0.3307,0.29589,0.00013,28.67192,31.4,31.6
2026-10-05T22:23:13Z,2026-10-09,4,87500.0,P,0.0225,0.0245,0.0237,85970.97,85926.11,0.3307,-0.70411,0.00013,28.67192,0.0,0.0
2026-10-05T22:23:13Z,2026-10-09,4,88000.0,C,0.0044,0.0047,0.0046,85970.97,85926.11,0.33770000000000006,0.24218,0.00011,25.9245,487.2,115.9
2026-10-05T22:23:13Z,2026-10-09,4,88000.0,P,0.026,0.03,0.0282,85971.61,85926.11,0.33770000000000006,-0.75775,0.00011,25.92884,9.2,0.0
2026-10-05T22:23:13Z,2026-10-09,4,89000.0,C,0.0027,0.0029,0.0028,85970.97,85926.11,0.35350000000000004,0.15917,8e-05,20.12249,1101.9,724.6
2026-10-05T22:23:13Z,2026-10-09,4,89000.0,P,0.036,0.04,0.038,85970.97,85926.11,0.35350000000000004,-0.84083,8e-05,20.12249,5.1,0.0
2026-10-05T22:23:13Z,2026-10-09,4,90000.0,C,0.0017,0.0019,0.0017,85971.61,85926.11,0.3712,0.1038,6e-05,14.96432,2100.1,940.8
2026-10-05T22:23:13Z,2026-10-09,4,90000.0,P,0.0465,0.0505,0.0486,85971.61,85926.11,0.3712,-0.8962,6e-05,14.96432,2.3,0.0
2026-10-05T22:23:13Z,2026-10-09,4,92000.0,C,0.0006,0.0008,0.0007,85970.97,85926.11,0.40409999999999996,0.04287,3e-05,7.56354,981.1,59.8
2026-10-05T22:23:13Z,2026-10-09,4,92000.0,P,0.0685,0.073,0.0708,85971.61,85926.11,0.40409999999999996,-0.95712,3e-05,7.56608,0.0,0.0
2026-10-05T22:23:13Z,2026-10-09,4,94000.0,C,0.0002,0.0004,0.0003,85971.61,85926.11,0.4391,0.01853,1e-05,3.76503,478.9,7.0
2026-10-05T22:23:13Z,2026-10-09,4,94000.0,P,0.0915,0.096,0.0937,85971.61,85926.11,0.4391,-0.98147,1e-05,3.76503,0.0,0.0
2026-10-05T22:23:13Z,2026-10-09,4,95000.0,C,0.0001,0.0003,0.0002,85971.61,85926.11,0.4532,0.01188,1e-05,2.56947,1122.0,38.9
2026-10-05T22:23:13Z,2026-10-09,4,95000.0,P,0.103,0.1075,0.1052,85971.61,85926.11,0.4532,-0.98812,1e-05,2.56947,0.7,0.0
2026-10-05T22:23:13Z,2026-10-09,4,100000.0,C,0.0,0.0001,0.0,85971.61,85926.11,0.5355,0.00188,0.0,0.49648,328.0,0.0
2026-10-05T22:23:13Z,2026-10-09,4,100000.0,P,0.1605,0.1655,0.1632,85971.61,85926.11,0.5355,-0.99812,0.0,0.49648,10.8,0.0
2026-10-05T22:23:13Z,2026-10-16,11,70000.0,C,0.1855,0.189,0.187,86073.54,85926.11,0.5311,0.99063,0.0,3.65835,0.0,0.0
2026-10-05T22:23:13Z,2026-10-16,11,70000.0,P,0.0002,0.0004,0.0003,86074.23,85926.11,0.5311,-0.00937,0.0,3.65761,131.5,66.2
2026-10-05T22:23:13Z,2026-10-16,11,75000.0,C,0.1275,0.1315,0.1294,86073.54,85926.11,0.4328,0.97267,1e-05,9.14947,0.0,0.0
2026-10-05T22:23:13Z,2026-10-16,11,75000.0,P,0.0007,0.0008,0.0008,86074.23,85926.11,0.4328,-0.02733,1e-05,9.14762,140.0,31.6
2026-10-05T22:23:13Z,2026-10-16,11,76000.0,C,0.1165,0.12,0.118,86073.54,85926.11,0.41590000000000005,0.96471,1e-05,11.30459,0.0,0.0
2026-10-05T22:23:13Z,2026-10-16,11,76000.0,P,0.0009,0.0011,0.001,86073.54,85926.11,0.41590000000000005,-0.03529,1e-05,11.30459,553.2,1.0
2026-10-05T22:23:13Z,2026-10-16,11,78000.0,C,0.0935,0.0975,0.0955,86074.21,85926.11,0.3803,0.94139,2e-05,16.99256,0.1,0.0
2026-10-05T22:23:13Z,2026-10-16,11,78000.0,P,0.0015,0.0018,0.0017,86074.21,85926.11,0.3803,-0.05861,2e-05,16.99256,650.2,8.2
2026-10-05T22:23:13Z,2026-10-16,11,79000.0,C,0.0825,0.0865,0.0844,86074.21,85926.11,0.36460000000000004,0.92282,3e-05,21.02028,8.6,0.0
2026-10-05T22:23:13Z,2026-10-16,11,79000.0,P,0.0021,0.0022,0.0022,86073.95,85926.11,0.36460000000000004,-0.07718,3e-05,21.02168,329.3,143.1
2026-10-05T22:23:13Z,2026-10-16,11,80000.0,C,0.072,0.0755,0.0735,86074.21,85926.11,0.35119999999999996,0.89691,4e-05,26.07025,10.6,0.0
2026-10-05T22:23:13Z,2026-10-16,11,80000.0,P,0.0028,0.0031,0.003,86073.95,85926.11,0.35119999999999996,-0.1031,4e-05,26.07185,1334.5,101.8
2026-10-05T22:23:13Z,2026-10-16,11,81000.0,C,0.0615,0.065,0.0631,86074.21,85926.11,0.3403,0.86139,4e-05,32.1214,8.6,0.0
2026-10-05T22:23:13Z,2026-10-16,11,81000.0,P,0.0039,0.0044,0.0042,86074.21,85926.11,0.3403,-0.13861,4e-05,32.1214,125.4,14.2
2026-10-05T22:23:13Z,2026-10-16,11,82000.0,C,0.0515,0.055,0.0532,86073.95,85926.11,0.3319,0.8142,6e-05,38.88759,17.8,0.0
2026-10-05T22:23:13Z,2026-10-16,11,82000.0,P,0.0055,0.006,0.0058,86073.95,85926.11,0.3319,-0.1858,6e-05,38.88759,211.4,41.9
2026-10-05T22:23:13Z,2026-10-16,11,83000.0,C,0.0425,0.0455,0.044,86073.95,85926.11,0.3268,0.7539,7e-05,45.7864,39.2,0.0
2026-10-05T22:23:13Z,2026-10-16,11,83000.0,P,0.008,0.0085,0.0083,86074.21,85926.11,0.3268,-0.24608,7e-05,45.78482,489.1,12.5
2026-10-05T22:23:13Z,2026-10-16,11,84000.0,C,0.035,0.0365,0.0356,86074.21,85926.11,0.32289999999999996,0.68253,8e-05,51.78674,36.4,0.3
2026-10-05T22:23:13Z,2026-10-16,11,84000.0,P,0.011,0.012,0.0115,86074.21,85926.11,0.32289999999999996,-0.31747,8e-05,51.78674,106.8,23.0
2026-10-05T22:23:13Z,2026-10-16,11,85000.0,C,0.0275,0.029,0.0282,86073.95,85926.11,0.3204,0.60226,8e-05,56.05023,87.7,18.6
2026-10-05T22:23:13Z,2026-10-16,11,85000.0,P,0.0155,0.0165,0.0158,86073.95,85926.11,0.3204,-0.39774,8e-05,56.05023,50.6,8.5
2026-10-05T22:23:13Z,2026-10-16,11,86000.0,C,0.0215,0.0225,0.0221,86074.21,85926.11,0.322,0.51717,9e-05,57.91159,262.9,20.4
2026-10-05T22:23:13Z,2026-10-16,11,86000.0,P,0.0205,0.0215,0.0212,86074.21,85926.11,0.322,-0.48283,9e-05,57.91159,36.5,15.3
2026-10-05T22:23:13Z,2026-10-16,11,87000.0,C,0.0165,0.0175,0.017,86074.21,85926.11,0.3248,0.43341,8e-05,57.15589,517.6,22.5
2026-10-05T22:23:13Z,2026-10-16,11,87000.0,P,0.027,0.028,0.0278,86073.95,85926.11,0.3248,-0.56661,8e-05,57.15518,70.0,45.8
2026-10-05T22:23:13Z,2026-10-16,11,88000.0,C,0.0125,0.0135,0.0129,86073.82,85926.11,0.3273,0.3546,8e-05,54.07133,218.1,138.1
2026-10-05T22:23:13Z,2026-10-16,11,88000.0,P,0.0345,0.036,0.0352,86073.82,85926.11,0.3273,-0.6454,8e-05,54.07133,3.8,3.6
2026-10-05T22:23:13Z,2026-10-16,11,89000.0,C,0.0095,0.01,0.0097,86073.95,85926.11,0.332,0.28488,7e-05,49.31883,493.0,19.5
2026-10-05T22:23:13Z,2026-10-16,11,89000.0,P,0.042,0.0445,0.0437,86073.95,85926.11,0.332,-0.71512,7e-05,49.31883,7.7,0.0
2026-10-05T22:23:13Z,2026-10-16,11,90000.0,C,0.007,0.0075,0.0072,86073.82,85926.11,0.33630000000000004,0.22446,6e-05,43.51673,610.0,8.2
2026-10-05T22:23:13Z,2026-10-16,11,90000.0,P,0.051,0.0545,0.0528,86073.82,85926.11,0.33630000000000004,-0.77554,6e-05,43.51673,3.1,0.0
2026-10-05T22:23:13Z,2026-10-16,11,92000.0,C,0.0038,0.0043,0.004,86073.82,85926.11,0.35100000000000003,0.13694,4e-05,31.85596,608.3,30.8
2026-10-05T22:23:13Z,2026-10-16,11,92000.0,P,0.071,0.075,0.0729,86073.95,85926.11,0.35100000000000003,-0.86306,4e-05,31.8569,0.1,0.0
2026-10-05T22:23:13Z,2026-10-16,11,94000.0,C,0.0021,0.0024,0.0023,86073.95,85926.11,0.3667,0.08195,3e-05,21.99632,115.2,0.9
2026-10-05T22:23:13Z,2026-10-16,11,94000.0,P,0.092,0.097,0.0943,86073.95,85926.11,0.3667,-0.91805,3e-05,21.99632,0.0,0.0
2026-10-05T22:23:13Z,2026-10-16,11,95000.0,C,0.0016,0.0019,0.0017,86073.95,85926.11,0.3759,0.06383,2e-05,18.16494,286.9,1.2
2026-10-05T22:23:13Z,2026-10-16,11,95000.0,P,0.103,0.108,0.1054,86073.82,85926.11,0.3759,-0.93617,2e-05,18.16425,0.0,0.0
2026-10-05T22:23:13Z,2026-10-16,11,100000.0,C,0.0004,0.0007,0.0005,86073.95,85926.11,0.4266,0.02036,1e-05,7.14287,348.8,11.9
2026-10-05T22:23:13Z,2026-10-16,11,100000.0,P,0.16,0.1645,0.1623,86073.82,85926.11,0.4266,-0.97964,1e-05,7.14255,1.1,0.0
2026-10-05T22:23:13Z,2026-10-23,18,70000.0,C,0.187,0.1905,0.1886,86168.42,85926.11,0.49420000000000003,0.97613,1e-05,10.57563,0.0,0.0
2026-10-05T22:23:13Z,2026-10-23,18,70000.0,P,0.0009,0.0011,0.001,86168.42,85926.11,0.49420000000000003,-0.02387,1e-05,10.57563,42.8,8.2
2026-10-05T22:23:13Z,2026-10-23,18,73000.0,C,0.1525,0.156,0.1544,86168.42,85926.11,0.44310000000000005,0.96103,1e-05,15.87279,0.0,0.0
2026-10-05T22:23:13Z,2026-10-23,18,73000.0,P,0.0015,0.0017,0.0016,86168.42,85926.11,0.44310000000000005,-0.03897,1e-05,15.87279,2.7,0.3
2026-10-05T22:23:13Z,2026-10-23,18,75000.0,C,0.13,0.1335,0.1319,86168.42,85926.11,0.4129,0.94348,1e-05,21.38292,0.0,0.0
2026-10-05T22:23:13Z,2026-10-23,18,75000.0,P,0.0021,0.0024,0.0022,86168.32,85926.11,0.4129,-0.05652,1e-05,21.38334,10.3,6.3
2026-10-05T22:23:13Z,2026-10-23,18,76000.0,C,0.119,0.1225,0.1207,86168.42,85926.11,0.3979,0.93173,2e-05,24.77754,0.0,0.0
2026-10-05T22:23:13Z,2026-10-23,18,76000.0,P,0.0025,0.0027,0.0027,86168.32,85926.11,0.3979,-0.06827,2e-05,24.77801,4.5,2.7
2026-10-05T22:23:13Z,2026-10-23,18,78000.0,C,0.097,0.1005,0.0989,86168.42,85926.11,0.3725,0.89708,3e-05,33.7189,0.8,0.0
2026-10-05T22:23:13Z,2026-10-23,18,78000.0,P,0.0039,0.0043,0.0041,86168.42,85926.11,0.3725,-0.10292,3e-05,33.7189,519.8,10.7
2026-10-05T22:23:13Z,2026-10-23,18,79000.0,C,0.0865,0.09,0.0884,86168.42,85926.11,0.3632,0.87182,3e-05,39.4133,0.0,0.0
2026-10-05T22:23:13Z,2026-10-23,18,79000.0,P,0.005,0.0055,0.0053,86168.42,85926.11,0.3632,-0.12818,3e-05,39.4133,45.7,0.4
2026-10-05T22:23:13Z,2026-10-23,18,80000.0,C,0.0765,0.08,0.0781,86168.32,85926.11,0.35159999999999997,0.84278,4e-05,45.25391,0.0,0.0
2026-10-05T22:23:13Z,2026-10-23,18,80000.0,P,0.006,0.007,0.0066,86168.32,85926.11,0.35159999999999997,-0.15722,4e-05,45.25391,742.4,204.0
2026-10-05T22:23:13Z,2026-10-23,18,81000.0,C,0.0665,0.07,0.0684,86168.42,85926.11,0.3443,0.80521,4e-05,51.83809,0.0,0.0
2026-10-05T22:23:13Z,2026-10-23,18,81000.0,P,0.008,0.009,0.0084,86168.32,85926.11,0.3443,-0.19479,4e-05,51.83901,32.3,5.0
2026-10-05T22:23:13Z,2026-10-23,18,82000.0,C,0.0575,0.061,0.0591,86168.54,85926.11,0.33649999999999997,0.76166,5e-05,58.26735,0.0,0.0
2026-10-05T22:23:13Z,2026-10-23,18,82000.0,P,0.0105,0.011,0.0107,86168.32,85926.11,0.33649999999999997,-0.23835,5e-05,58.26864,33.4,0.6
2026-10-05T22:23:13Z,2026-10-23,18,83000.0,C,0.0495,0.052,0.0504,86168.54,85926.11,0.33140000000000003,0.71018,5e-05,64.38338,1.8,0.0
2026-10-05T22:23:13Z,2026-10-23,18,83000.0,P,0.013,0.014,0.0137,86168.32,85926.11,0.33140000000000003,-0.28984,5e-05,64.38447,216.4,200.7
2026-10-05T22:23:13Z,2026-10-23,18,84000.0,C,0.042,0.0435,0.0427,86168.54,85926.11,0.3292,0.65194,6e-05,69.54591,20.4,0.3
2026-10-05T22:23:13Z,2026-10-23,18,84000.0,P,0.017,0.018,0.0175,86168.32,85926.11,0.3292,-0.34807,6e-05,69.54669,15.2,0.7
2026-10-05T22:23:13Z,2026-10-23,18,85000.0,C,0.035,0.036,0.0356,86168.32,85926.11,0.327,0.58976,6e-05,73.14978,5.9,3.6
2026-10-05T22:23:13Z,2026-10-23,18,85000.0,P,0.0215,0.0225,0.022,86168.32,85926.11,0.327,-0.41024,6e-05,73.14978,21.6,1.5
2026-10-05T22:23:13Z,2026-10-23,18,86000.0,C,0.029,0.03,0.0292,86168.32,85926.11,0.3246,0.52513,7e-05,74.90866,28.5,8.4
2026-10-05T22:23:13Z,2026-10-23,18,86000.0,P,0.0265,0.0275,0.0273,86168.54,85926.11,0.3246,-0.47486,7e-05,74.90868,53.3,1.3
2026-10-05T22:23:13Z,2026-10-23,18,87000.0,C,0.0235,0.0245,0.0239,86168.54,85926.11,0.3258,0.46039,6e-05,74.68755,56.6,27.7
2026-10-05T22:23:13Z,2026-10-23,18,87000.0,P,0.033,0.034,0.0336,86168.32,85926.11,0.3258,-0.53962,6e-05,74.6871,2.3,0.0
2026-10-05T22:23:13Z,2026-10-23,18,88000.0,C,0.019,0.02,0.0193,86168.54,85926.11,0.3264,0.39763,6e-05,72.57268,36.4,1.2
2026-10-05T22:23:13Z,2026-10-23,18,88000.0,P,0.04,0.0415,0.0406,86168.32,85926.11,0.3264,-0.60239,6e-05,72.57182,0.0,0.0
2026-10-05T22:23:13Z,2026-10-23,18,89000.0,C,0.015,0.016,0.0154,86168.54,85926.11,0.32689999999999997,0.33823,6e-05,68.79905,263.9,205.6
2026-10-05T22:23:13Z,2026-10-23,18,89000.0,P,0.047,0.0495,0.0483,86168.32,85926.11,0.32689999999999997,-0.66178,6e-05,68.79785,0.0,0.0
2026-10-05T22:23:13Z,2026-10-23,18,90000.0,C,0.012,0.013,0.0124,86168.53,85926.11,0.3306,0.28549,5e-05,63.92549,76.2,17.9
2026-10-05T22:23:13Z,2026-10-23,18,90000.0,P,0.0555,0.0585,0.0568,86168.32,85926.11,0.3306,-0.71452,5e-05,63.92563,0.3,0.0
2026-10-05T22:23:13Z,2026-10-23,18,92000.0,C,0.0075,0.0085,0.0079,86168.32,85926.11,0.3394,0.19861,4e-05,52.4521,420.4,229.5
2026-10-05T22:23:13Z,2026-10-23,18,92000.0,P,0.0735,0.0775,0.0756,86168.32,85926.11,0.3394,-0.80139,4e-05,52.4521,0.0,0.0
2026-10-05T22:23:13Z,2026-10-23,18,94000.0,C,0.0049,0.0055,0.0052,86168.32,85926.11,0.3517,0.13686,3e-05,41.23376,98.6,49.8
2026-10-05T22:23:13Z,2026-10-23,18,94000.0,P,0.094,0.098,0.096,86168.32,85926.11,0.3517,-0.86314,3e-05,41.23376,0.2,0.0
2026-10-05T22:23:13Z,2026-10-23,18,95000.0,C,0.0039,0.0043,0.0041,86168.32,85926.11,0.35710000000000003,0.11266,3e-05,35.98743,6.6,0.3
2026-10-05T22:23:13Z,2026-10-23,18,95000.0,P,0.1045,0.109,0.1066,86168.54,85926.11,0.35710000000000003,-0.88733,3e-05,35.98895,0.0,0.0
2026-10-05T22:23:13Z,2026-10-23,18,96000.0,C,0.0032,0.0036,0.0034,86168.54,85926.11,0.3641,0.09351,2e-05,31.42964,0.9,0.3
2026-10-05T22:23:13Z,2026-10-23,18,96000.0,P,0.1155,0.12,0.1175,86168.32,85926.11,0.3641,-0.9065,2e-05,31.42823,0.2,0.0
2026-10-05T22:23:13Z,2026-10-23,18,100000.0,C,0.0015,0.0018,0.0016,86168.32,85926.11,0.3973,0.04718,1e-05,18.52335,204.5,0.5
2026-10-05T22:23:13Z,2026-10-23,18,100000.0,P,0.1595,0.1645,0.1622,86168.32,85926.11,0.3973,-0.95282,1e-05,18.52335,0.0,0.0
2026-10-05T22:23:13Z,2026-10-23,18,105000.0,C,0.0007,0.001,0.0008,86168.54,85926.11,0.4449,0.02352,1e-05,10.44645,35.3,4.2
2026-10-05T22:23:13Z,2026-10-23,18,105000.0,P,0.217,0.222,0.2194,86168.32,85926.11,0.4449,-0.97648,1e-05,10.44587,0.0,0.0
2026-10-05T22:23:13Z,2026-10-30,25,40000.0,C,0.535,0.5375,0.5365,86286.87,85926.11,0.9414,0.99948,0.0,0.40999,0.3,0.0
2026-10-05T22:23:13Z,2026-10-30,25,40000.0,P,0.0,0.0001,0.0,86286.87,85926.11,0.9414,-0.00052,0.0,0.40999,226.8,0.0
2026-10-05T22:23:13Z,2026-10-30,25,45000.0,C,0.4775,0.4795,0.4786,86286.87,85926.11,0.8668,0.99872,0.0,0.93953,0.9,0.0
2026-10-05T22:23:13Z,2026-10-30,25,45000.0,P,0.0,0.0001,0.0001,86286.87,85926.11,0.8668,-0.00128,0.0,0.93953,353.3,0.0
2026-10-05T22:23:13Z,2026-10-30,25,48000.0,C,0.4425,0.445,0.4439,86286.87,85926.11,0.8242,0.99787,0.0,1.49598,8.5,0.0
2026-10-05T22:23:13Z,2026-10-30,25,48000.0,P,0.0,0.0002,0.0001,86286.87,85926.11,0.8242,-0.00213,0.0,1.49598,195.5,1.5
2026-10-05T22:23:13Z,2026-10-30,25,50000.0,C,0.4195,0.422,0.4207,86286.87,85926.11,0.7723,0.99769,0.0,1.61187,1.1,0.0
2026-10-05T22:23:13Z,2026-10-30,25,50000.0,P,0.0001,0.0002,0.0001,86286.87,85926.11,0.7723,-0.00231,0.0,1.61187,428.8,1.0
2026-10-05T22:23:13Z,2026-10-30,25,52000.0,C,0.396,0.399,0.3975,86286.87,85926.11,0.7376999999999999,0.99702,0.0,2.02672,0.1,0.0
2026-10-05T22:23:13Z,2026-10-30,25,52000.0,P,0.0001,0.0003,0.0002,86286.87,85926.11,0.7376999999999999,-0.00298,0.0,2.02672,135.1,0.0
2026-10-05T22:23:13Z,2026-10-30,25,54000.0,C,0.373,0.3755,0.3744,86286.87,85926.11,0.7111,0.99587,0.0,2.72107,0.1,0.0
2026-10-05T22:23:13Z,2026-10-30,25,54000.0,P,0.0002,0.0003,0.0002,86286.87,85926.11,0.7111,-0.00413,0.0,2.72107,191.6,0.1
2026-10-05T22:23:13Z,2026-10-30,25,55000.0,C,0.3615,0.364,0.3629,86286.87,85926.11,0.6972,0.99518,0.0,3.12254,0.1,0.0
2026-10-05T22:23:13Z,2026-10-30,25,55000.0,P,0.0002,0.0004,0.0003,86286.87,85926.11,0.6972,-0.00482,0.0,3.12254,300.5,4.1
2026-10-05T22:23:13Z,2026-10-30,25,56000.0,C,0.35,0.3525,0.3514,86286.87,85926.11,0.6867,0.99419,0.0,3.68503,0.5,0.0
2026-10-05T22:23:13Z,2026-10-30,25,56000.0,P,0.0003,0.0004,0.0003,86286.87,85926.11,0.6867,-0.00581,0.0,3.68503,469.9,0.1
2026-10-05T22:23:13Z,2026-10-30,25,57000.0,C,0.3385,0.341,0.3398,86286.87,85926.11,0.6707,0.99339,0.0,4.13463,0.1,0.0
2026-10-05T22:23:13Z,2026-10-30,25,57000.0,P,0.0003,0.0005,0.0004,86286.87,85926.11,0.6707,-0.00661,0.0,4.13463,207.3,1.5
2026-10-05T22:23:13Z,2026-10-30,25,58000.0,C,0.3265,0.3295,0.3283,86286.87,85926.11,0.6563,0.99236,0.0,4.69425,0.0,0.0
2026-10-05T22:23:13Z,2026-10-30,25,58000.0,P,0.0004,0.0005,0.0005,86286.87,85926.11,0.6563,-0.00764,0.0,4.69425,328.2,1.4
2026-10-05T22:23:13Z,2026-10-30,25,59000.0,C,0.315,0.318,0.3167,86286.87,85926.11,0.6386,0.99145,0.0,5.18241,1.0,0.0
2026-10-05T22:23:13Z,2026-10-30,25,59000.0,P,0.0004,0.0006,0.0005,86286.87,85926.11,0.6386,-0.00855,0.0,5.18187,317.7,5.7
2026-10-05T22:23:13Z,2026-10-30,25,60000.0,C,0.3035,0.3065,0.3052,86286.87,85926.11,0.6246,0.99011,0.0,5.88795,13.7,0.0
2026-10-05T22:23:13Z,2026-10-30,25,60000.0,P,0.0005,0.0006,0.0006,86286.87,85926.11,0.6246,-0.00989,0.0,5.88795,1288.3,2.6
2026-10-05T22:23:13Z,2026-10-30,25,61000.0,C,0.292,0.295,0.2937,86286.87,85926.11,0.6103999999999999,0.98858,0.0,6.6731,17.7,0.0
2026-10-05T22:23:13Z,2026-10-30,25,61000.0,P,0.0006,0.0007,0.0007,86286.87,85926.11,0.6103999999999999,-0.01142,0.0,6.6731,279.1,1.0
2026-10-05T22:23:13Z,2026-10-30,25,62000.0,C,0.2805,0.2835,0.2822,86286.87,85926.11,0.597,0.98674,0.0,7.59649,13.5,0.0
2026-10-05T22:23:13Z,2026-10-30,25,62000.0,P,0.0007,0.0008,0.0008,86286.87,85926.11,0.597,-0.01326,0.0,7.59649,1258.5,8.0
2026-10-05T22:23:13Z,2026-10-30,25,63000.0,C,0.269,0.272,0.2707,86286.66,85926.11,0.5766,0.98553,0.0,8.18969,148.3,0.0
2026-10-05T22:23:13Z,2026-10-30,25,63000.0,P,0.0007,0.0009,0.0008,86286.87,85926.11,0.5766,-0.01447,0.0,8.18942,641.0,10.0
2026-10-05T22:23:13Z,2026-10-30,25,64000.0,C,0.2575,0.2605,0.2592,86286.66,85926.11,0.5611,0.9835,0.0,9.1681,421.9,5.0
2026-10-05T22:23:13Z,2026-10-30,25,64000.0,P,0.0008,0.001,0.0009,86286.87,85926.11,0.5611,-0.0165,0.0,9.1678,603.7,125.9
2026-10-05T22:23:13Z,2026-10-30,25,65000.0,C,0.246,0.249,0.2477,86286.87,85926.11,0.5445,0.98136,0.0,10.17634,416.9,10.5
2026-10-05T22:23:13Z,2026-10-30,25,65000.0,P,0.0009,0.0011,0.001,86286.87,85926.11,0.5445,-0.01864,0.0,10.17634,1771.2,545.3
2026-10-05T22:23:13Z,2026-10-30,25,66000.0,C,0.2345,0.238,0.2363,86285.57,85926.11,0.5336,0.97788,0.0,11.76461,79.8,0.0
2026-10-05T22:23:13Z,2026-10-30,25,66000.0,P,0.0011,0.0013,0.0012,86285.57,85926.11,0.5336,-0.02212,0.0,11.76461,538.7,0.1
2026-10-05T22:23:13Z,2026-10-30,25,67000.0,C,0.223,0.2265,0.2248,86285.57,85926.11,0.5156000000000001,0.97524,1e-05,12.93295,108.4,0.0
2026-10-05T22:23:13Z,2026-10-30,25,67000.0,P,0.0012,0.0014,0.0013,86285.57,85926.11,0.5156000000000001,-0.02476,1e-05,12.93295,688.5,0.6
2026-10-05T22:23:13Z,2026-10-30,25,68000.0,C,0.2115,0.215,0.2134,86285.57,85926.11,0.5022,0.97123,1e-05,14.66276,449.7,83.8
2026-10-05T22:23:13Z,2026-10-30,25,68000.0,P,0.0014,0.0016,0.0015,86285.57,85926.11,0.5022,-0.02877,1e-05,14.66276,1377.9,4.1
2026-10-05T22:23:13Z,2026-10-30,25,69000.0,C,0.2,0.2035,0.202,86285.57,85926.11,0.48710000000000003,0.96698,1e-05,16.43214,585.5,176.6
2026-10-05T22:23:13Z,2026-10-30,25,69000.0,P,0.0016,0.0018,0.0017,86285.57,85926.11,0.48710000000000003,-0.03302,1e-05,16.43214,1607.8,24.7
2026-10-05T22:23:13Z,2026-10-30,25,70000.0,C,0.189,0.1925,0.1908,86285.57,85926.11,0.4747,0.96126,1e-05,18.73074,3746.9,925.0
2026-10-05T22:23:13Z,2026-10-30,25,70000.0,P,0.0019,0.002,0.002,86286.84,85926.11,0.4747,-0.03873,1e-05,18.72705,2080.3,6.3
2026-10-05T22:23:13Z,2026-10-30,25,71000.0,C,0.1775,0.181,0.1795,86285.57,85926.11,0.46049999999999996,0.95517,1e-05,21.08303,939.4,250.0
2026-10-05T22:23:13Z,2026-10-30,25,71000.0,P,0.0022,0.0023,0.0023,86285.57,85926.11,0.46049999999999996,-0.04483,1e-05,21.08303,1392.5,15.4
2026-10-05T22:23:13Z,2026-10-30,25,72000.0,C,0.1665,0.1695,0.1682,86285.57,85926.11,0.4454,0.94839,1e-05,23.59661,645.1,526.2
2026-10-05T22:23:13Z,2026-10-30,25,72000.0,P,0.0025,0.0026,0.0026,86285.57,85926.11,0.4454,-0.05161,1e-05,23.59661,1049.2,9.2
2026-10-05T22:23:13Z,2026-10-30,25,73000.0,C,0.155,0.1585,0.157,86285.57,85926.11,0.4316,0.93991,1e-05,26.60514,573.5,74.0
2026-10-05T22:23:13Z,2026-10-30,25,73000.0,P,0.0029,0.0031,0.003,86285.57,85926.11,0.4316,-0.06009,1e-05,26.60514,1543.0,2.1
2026-10-05T22:23:13Z,2026-10-30,25,74000.0,C,0.144,0.1475,0.1459,86285.57,85926.11,0.4183,0.92981,1e-05,30.01759,615.7,40.0
2026-10-05T22:23:13Z,2026-10-30,25,74000.0,P,0.0033,0.0037,0.0035,86285.57,85926.11,0.4183,-0.07019,1e-05,30.01759,1315.8,10.3
2026-10-05T22:23:13Z,2026-10-30,25,75000.0,C,0.133,0.1365,0.1349,86285.44,85926.11,0.40630000000000005,0.91725,2e-05,34.02349,1166.1,0.0
2026-10-05T22:23:13Z,2026-10-30,25,75000.0,P,0.0039,0.0043,0.0041,86285.44,85926.11,0.40630000000000005,-0.08275,2e-05,34.02349,1836.9,55.2
2026-10-05T22:23:13Z,2026-10-30,25,76000.0,C,0.1225,0.1255,0.1243,86285.44,85926.11,0.39899999999999997,0.90007,2e-05,39.13282,495.5,0.0
2026-10-05T22:23:13Z,2026-10-30,25,76000.0,P,0.0047,0.0055,0.0051,86285.57,85926.11,0.39899999999999997,-0.09993,2e-05,39.13215,943.6,8.3
2026-10-05T22:23:13Z,2026-10-30,25,77000.0,C,0.1115,0.115,0.1136,86285.44,85926.11,0.3857,0.88327,2e-05,43.76442,205.7,5.0
2026-10-05T22:23:13Z,2026-10-30,25,77000.0,P,0.0055,0.0065,0.0059,86285.44,85926.11,0.3857,-0.11673,2e-05,43.76442,637.1,0.3
2026-10-05T22:23:13Z,2026-10-30,25,78000.0,C,0.1015,0.105,0.1031,86285.44,85926.11,0.37450000000000006,0.86237,3e-05,49.08102,487.0,5.0
2026-10-05T22:23:13Z,2026-10-30,25,78000.0,P,0.0065,0.0075,0.0071,86285.44,85926.11,0.37450000000000006,-0.13763,3e-05,49.08102,1247.5,11.5
2026-10-05T22:23:13Z,2026-10-30,25,79000.0,C,0.091,0.0945,0.093,86285.57,85926.11,0.3664,0.83613,3e-05,55.13345,268.9,0.0
2026-10-05T22:23:13Z,2026-10-30,25,79000.0,P,0.008,0.009,0.0086,86285.44,85926.11,0.3664,-0.16388,3e-05,55.13422,983.6,23.8
2026-10-05T22:23:13Z,2026-10-30,25,80000.0,C,0.0815,0.085,0.0834,86285.44,85926.11,0.35969999999999996,0.80501,3e-05,61.50653,1385.2,0.0
2026-10-05T22:23:13Z,2026-10-30,25,80000.0,P,0.01,0.011,0.0105,86285.44,85926.11,0.35969999999999996,-0.19499,3e-05,61.50653,2372.0,60.2
2026-10-05T22:23:13Z,2026-10-30,25,81000.0,C,0.073,0.075,0.0741,86285.44,85926.11,0.3533,0.76963,4e-05,67.80319,690.0,4.0
2026-10-05T22:23:13Z,2026-10-30,25,81000.0,P,0.0125,0.013,0.0128,86285.44,85926.11,0.3533,-0.23037,4e-05,67.80319,890.4,293.8
2026-10-05T22:23:13Z,2026-10-30,25,82000.0,C,0.0645,0.0665,0.0653,86285.44,85926.11,0.3481,0.72942,4e-05,73.84353,1332.6,0.0
2026-10-05T22:23:13Z,2026-10-30,25,82000.0,P,0.0155,0.016,0.0156,86285.44,85926.11,0.3481,-0.27058,4e-05,73.84353,509.2,63.2
2026-10-05T22:23:13Z,2026-10-30,25,83000.0,C,0.0565,0.058,0.0571,86285.44,85926.11,0.34380000000000005,0.68482,5e-05,79.27081,707.8,0.0
2026-10-05T22:23:13Z,2026-10-30,25,83000.0,P,0.0185,0.0195,0.019,86285.44,85926.11,0.34380000000000005,-0.31518,5e-05,79.27081,688.5,40.9
2026-10-05T22:23:13Z,2026-10-30,25,84000.0,C,0.049,0.0505,0.0495,86285.44,85926.11,0.3407,0.63636,5e-05,83.75016,1287.0,6.4
2026-10-05T22:23:13Z,2026-10-30,25,84000.0,P,0.0225,0.0235,0.023,86285.57,85926.11,0.3407,-0.36363,5e-05,83.74978,786.9,18.3
2026-10-05T22:23:13Z,2026-10-30,25,85000.0,C,0.0425,0.043,0.0427,86285.44,85926.11,0.3393,0.5851,5e-05,86.96844,2026.6,35.7
2026-10-05T22:23:13Z,2026-10-30,25,85000.0,P,0.027,0.028,0.0278,86285.44,85926.11,0.3393,-0.4149,5e-05,86.96844,821.1,124.1
2026-10-05T22:23:13Z,2026-10-30,25,86000.0,C,0.036,0.037,0.0364,86285.44,85926.11,0.3369,0.53252,5e-05,88.70547,1305.8,397.0
2026-10-05T22:23:13Z,2026-10-30,25,86000.0,P,0.0325,0.0335,0.033,86285.44,85926.11,0.3369,-0.46748,5e-05,88.70547,230.8,25.1
2026-10-05T22:23:13Z,2026-10-30,25,87000.0,C,0.0305,0.0315,0.0309,86285.44,85926.11,0.3367,0.47958,5e-05,88.8846,936.4,55.4
2026-10-05T22:23:13Z,2026-10-30,25,87000.0,P,0.0385,0.0395,0.0391,86285.57,85926.11,0.3367,-0.52042,5e-05,88.88481,457.2,12.3
2026-10-05T22:23:13Z,2026-10-30,25,88000.0,C,0.0255,0.0265,0.026,86285.44,85926.11,0.336,0.42737,5e-05,87.52199,1490.3,19.7
2026-10-05T22:23:13Z,2026-10-30,25,88000.0,P,0.045,0.046,0.0458,86285.44,85926.11,0.336,-0.57263,5e-05,87.52199,2414.1,46.0
2026-10-05T22:23:13Z,2026-10-30,25,89000.0,C,0.0215,0.022,0.0217,86285.44,85926.11,0.33659999999999995,0.37737,5e-05,84.7627,1218.4,73.6
2026-10-05T22:23:13Z,2026-10-30,25,89000.0,P,0.052,0.0535,0.0532,86285.44,85926.11,0.33659999999999995,-0.62263,5e-05,84.7627,22.8,10.8
2026-10-05T22:23:13Z,2026-10-30,25,90000.0,C,0.018,0.0185,0.018,86285.44,85926.11,0.3369,0.32986,5e-05,80.77886,14722.7,488.0
2026-10-05T22:23:13Z,2026-10-30,25,90000.0,P,0.0595,0.0615,0.0611,86285.44,85926.11,0.3369,-0.67014,5e-05,80.77886,44.8,2.2
2026-10-05T22:23:13Z,2026-10-30,25,91000.0,C,0.0145,0.0155,0.0149,86285.44,85926.11,0.3383,0.28619,5e-05,75.89045,2009.1,56.4
2026-10-05T22:23:13Z,2026-10-30,25,91000.0,P,0.068,0.0715,0.0696,86285.44,85926.11,0.3383,-0.71381,5e-05,75.89045,3.5,0.0
2026-10-05T22:23:13Z,2026-10-30,25,92000.0,C,0.012,0.013,0.0124,86285.44,85926.11,0.341,0.24721,4e-05,70.47045,2479.7,134.6
2026-10-05T22:23:13Z,2026-10-30,25,92000.0,P,0.077,0.0805,0.0786,86285.44,85926.11,0.341,-0.75279,4e-05,70.47045,2.6,0.0
2026-10-05T22:23:13Z,2026-10-30,25,93000.0,C,0.01,0.011,0.0104,86285.44,85926.11,0.3452,0.21329,4e-05,64.88357,714.7,56.7
2026-10-05T22:23:13Z,2026-10-30,25,93000.0,P,0.086,0.0905,0.0882,86285.44,85926.11,0.3452,-0.78671,4e-05,64.88357,2.2,0.2
2026-10-05T22:23:13Z,2026-10-30,25,94000.0,C,0.008,0.009,0.0085,86285.44,85926.11,0.3472,0.18167,3e-05,58.87968,1488.9,40.7
2026-10-05T22:23:13Z,2026-10-30,25,94000.0,P,0.096,0.1005,0.0979,86285.44,85926.11,0.3472,-0.81833,3e-05,58.87968,0.1,0.0
2026-10-05T22:23:13Z,2026-10-30,25,95000.0,C,0.007,0.0075,0.0072,86285.44,85926.11,0.353,0.1566,3e-05,53.52094,24398.5,386.2
2026-10-05T22:23:13Z,2026-10-30,25,95000.0,P,0.106,0.1105,0.1082,86285.44,85926.11,0.353,-0.8434,3e-05,53.52094,201.3,0.0
2026-10-05T22:23:13Z,2026-10-30,25,96000.0,C,0.0055,0.0065,0.006,86285.44,85926.11,0.3566,0.13327,3e-05,48.00964,1611.7,0.9
2026-10-05T22:23:13Z,2026-10-30,25,96000.0,P,0.1165,0.121,0.1185,86285.44,85926.11,0.3566,-0.86673,3e-05,48.00964,0.4,0.0
2026-10-05T22:23:13Z,2026-10-30,25,98000.0,C,0.0042,0.0046,0.0044,86285.44,85926.11,0.37079999999999996,0.10026,2e-05,39.22632,1051.7,104.4
2026-10-05T22:23:13Z,2026-10-30,25,98000.0,P,0.138,0.1425,0.1401,86285.44,85926.11,0.37079999999999996,-0.89974,2e-05,39.22632,27.0,0.0
2026-10-05T22:23:13Z,2026-10-30,25,100000.0,C,0.0031,0.0036,0.0033,86285.44,85926.11,0.38539999999999996,0.07626,2e-05,31.9848,13505.6,501.7
2026-10-05T22:23:13Z,2026-10-30,25,100000.0,P,0.16,0.165,0.1622,86285.44,85926.11,0.38539999999999996,-0.92374,2e-05,31.9848,1.3,0.0
2026-10-05T22:23:13Z,2026-10-30,25,102000.0,C,0.0023,0.0026,0.0025,86285.44,85926.11,0.3992,0.05826,1e-05,25.96769,333.1,2.4
2026-10-05T22:23:13Z,2026-10-30,25,102000.0,P,0.182,0.187,0.1846,86285.57,85926.11,0.3992,-0.94174,1e-05,25.96832,0.0,0.0
2026-10-05T22:23:13Z,2026-10-30,25,104000.0,C,0.0018,0.002,0.0019,86285.44,85926.11,0.41490000000000005,0.0458,1e-05,21.44941,283.7,20.6
2026-10-05T22:23:13Z,2026-10-30,25,104000.0,P,0.2045,0.21,0.2072,86285.44,85926.11,0.41490000000000005,-0.9542,1e-05,21.44941,0.0,0.0
2026-10-05T22:23:13Z,2026-10-30,25,105000.0,C,0.0016,0.0019,0.0018,86285.44,85926.11,0.42450000000000004,0.0415,1e-05,19.80613,1248.9,33.9
2026-10-05T22:23:13Z,2026-10-30,25,105000.0,P,0.216,0.221,0.2186,86285.44,85926.11,0.42450000000000004,-0.9585,1e-05,19.80613,0.3,0.0
2026-10-05T22:23:13Z,2026-10-30,25,106000.0,C,0.0014,0.0017,0.0016,86285.57,85926.11,0.4316,0.03689,1e-05,17.99578,144.1,1.5
2026-10-05T22:23:13Z,2026-10-30,25,106000.0,P,0.2275,0.2325,0.23,86285.57,85926.11,0.4316,-0.96311,1e-05,17.99578,0.0,0.0
2026-10-05T22:23:13Z,2026-10-30,25,110000.0,C,0.001,0.0013,0.0011,86285.44,85926.11,0.4677,0.02572,1e-05,13.35402,1259.4,4.6
2026-10-05T22:23:13Z,2026-10-30,25,110000.0,P,0.273,0.2785,0.276,86285.44,85926.11,0.4677,-0.97428,1e-05,13.35402,0.2,0.0
2026-10-05T22:23:13Z,2026-10-30,25,115000.0,C,0.0006,0.0008,0.0007,86285.44,85926.11,0.5038,0.01617,0.0,9.011,237.3,35.0
2026-10-05T22:23:13Z,2026-10-30,25,115000.0,P,0.3305,0.336,0.3335,86285.44,85926.11,0.5038,-0.98383,0.0,9.011,34.6,0.0
2026-10-05T22:23:13Z,2026-11-27,53,58000.0,C,0.331,0.334,0.3324,86621.68,85926.11,0.5621,0.97669,0.0,18.08832,1.9,0.0
2026-10-05T22:23:13Z,2026-11-27,53,58000.0,P,0.0018,0.0022,0.002,86621.68,85926.11,0.5621,-0.02331,0.0,18.08832,274.1,20.4
2026-10-05T22:23:13Z,2026-11-27,53,60000.0,C,0.308,0.3115,0.3098,86621.82,85926.11,0.539,0.9713,0.0,21.52741,0.8,0.0
2026-10-05T22:23:13Z,2026-11-27,53,60000.0,P,0.0024,0.0026,0.0024,86621.68,85926.11,0.539,-0.0287,0.0,21.5277,241.8,1.4
2026-10-05T22:23:13Z,2026-11-27,53,62000.0,C,0.2855,0.2885,0.2872,86621.82,85926.11,0.515,0.96497,0.0,25.38127,0.1,0.0
2026-10-05T22:23:13Z,2026-11-27,53,62000.0,P,0.0027,0.0031,0.0029,86621.82,85926.11,0.515,-0.03503,0.0,25.38127,374.6,1.2
2026-10-05T22:23:13Z,2026-11-27,53,64000.0,C,0.263,0.2665,0.2647,86621.68,85926.11,0.49200000000000005,0.95699,1e-05,29.9963,0.2,0.0
2026-10-05T22:23:13Z,2026-11-27,53,64000.0,P,0.0033,0.0037,0.0035,86621.68,85926.11,0.49200000000000005,-0.04301,1e-05,29.99578,53.6,1.5
2026-10-05T22:23:13Z,2026-11-27,53,66000.0,C,0.2405,0.244,0.2424,86621.68,85926.11,0.4711,0.94659,1e-05,35.67331,0.1,0.0
2026-10-05T22:23:13Z,2026-11-27,53,66000.0,P,0.0041,0.0045,0.0043,86621.68,85926.11,0.4711,-0.05341,1e-05,35.67331,195.1,20.0
2026-10-05T22:23:13Z,2026-11-27,53,67000.0,C,0.2295,0.233,0.2313,86621.63,85926.11,0.46049999999999996,0.94056,1e-05,38.81128,0.6,0.0
2026-10-05T22:23:13Z,2026-11-27,53,67000.0,P,0.0045,0.005,0.0048,86621.68,85926.11,0.46049999999999996,-0.05944,1e-05,38.8111,183.0,0.8
2026-10-05T22:23:13Z,2026-11-27,53,68000.0,C,0.2185,0.222,0.2203,86621.63,85926.11,0.4497,0.93393,1e-05,42.14283,0.0,0.0
2026-10-05T22:23:13Z,2026-11-27,53,68000.0,P,0.005,0.0055,0.0053,86621.68,85926.11,0.4497,-0.06607,1e-05,42.14264,182.2,0.0
2026-10-05T22:23:13Z,2026-11-27,53,69000.0,C,0.2075,0.211,0.2095,86621.68,85926.11,0.4432,0.92485,1e-05,46.52886,0.0,0.0
2026-10-05T22:23:13Z,2026-11-27,53,69000.0,P,0.006,0.0065,0.0061,86621.68,85926.11,0.4432,-0.07515,1e-05,46.52886,123.6,0.0
2026-10-05T22:23:13Z,2026-11-27,53,70000.0,C,0.197,0.2,0.1984,86621.63,85926.11,0.4296,0.91778,1e-05,49.80976,3.3,0.0
2026-10-05T22:23:13Z,2026-11-27,53,70000.0,P,0.006,0.007,0.0065,86621.68,85926.11,0.4296,-0.08222,1e-05,49.80954,231.9,0.3
2026-10-05T22:23:13Z,2026-11-27,53,71000.0,C,0.186,0.1895,0.1879,86621.68,85926.11,0.4239,0.90632,1e-05,54.90307,0.2,0.0
2026-10-05T22:23:13Z,2026-11-27,53,71000.0,P,0.007,0.008,0.0075,86621.68,85926.11,0.4239,-0.09368,1e-05,54.90307,28.7,0.0
2026-10-05T22:23:13Z,2026-11-27,53,72000.0,C,0.1755,0.179,0.1773,86621.63,85926.11,0.4164,0.89448,1e-05,59.89228,25.5,0.0
2026-10-05T22:23:13Z,2026-11-27,53,72000.0,P,0.008,0.009,0.0085,86621.63,85926.11,0.4164,-0.10552,1e-05,59.89228,84.9,0.1
2026-10-05T22:23:13Z,2026-11-27,53,73000.0,C,0.165,0.1685,0.1668,86621.68,85926.11,0.4073,0.88217,1e-05,64.81326,0.6,0.0
2026-10-05T22:23:13Z,2026-11-27,53,73000.0,P,0.009,0.01,0.0095,86621.63,85926.11,0.4073,-0.11783,1e-05,64.81351,64.4,0.1
2026-10-05T22:23:13Z,2026-11-27,53,74000.0,C,0.155,0.1585,0.1567,86621.63,85926.11,0.4017,0.8667,2e-05,70.64315,0.4,0.0
2026-10-05T22:23:13Z,2026-11-27,53,74000.0,P,0.0105,0.0115,0.0109,86621.63,85926.11,0.4017,-0.1333,2e-05,70.64315,108.2,0.8
2026-10-05T22:23:13Z,2026-11-27,53,75000.0,C,0.145,0.1485,0.1466,86621.68,85926.11,0.3953,0.85005,2e-05,76.50695,291.4,0.0
2026-10-05T22:23:13Z,2026-11-27,53,75000.0,P,0.012,0.013,0.0125,86621.63,85926.11,0.3953,-0.14995,2e-05,76.50735,1737.2,26.3
2026-10-05T22:23:13Z,2026-11-27,53,76000.0,C,0.135,0.1385,0.1367,86621.68,85926.11,0.38799999999999996,0.83232,2e-05,82.32304,27.5,0.0
2026-10-05T22:23:13Z,2026-11-27,53,76000.0,P,0.0135,0.0145,0.0141,86621.68,85926.11,0.38799999999999996,-0.16768,2e-05,82.32304,174.2,0.2
2026-10-05T22:23:13Z,2026-11-27,53,77000.0,C,0.1255,0.129,0.1272,86621.68,85926.11,0.38280000000000003,0.81172,2e-05,88.56585,80.4,2.0
2026-10-05T22:23:13Z,2026-11-27,53,77000.0,P,0.0155,0.0165,0.0161,86621.63,85926.11,0.38280000000000003,-0.18828,2e-05,88.56611,237.7,0.4
2026-10-05T22:23:13Z,2026-11-27,53,78000.0,C,0.117,0.119,0.1181,86621.68,85926.11,0.3799,0.78824,2e-05,95.05246,243.0,0.0
2026-10-05T22:23:13Z,2026-11-27,53,78000.0,P,0.018,0.019,0.0186,86621.68,85926.11,0.3799,-0.21176,2e-05,95.05246,715.7,58.6
2026-10-05T22:23:13Z,2026-11-27,53,79000.0,C,0.1085,0.11,0.1091,86621.63,85926.11,0.37479999999999997,0.76409,3e-05,101.07261,149.0,0.7
2026-10-05T22:23:13Z,2026-11-27,53,79000.0,P,0.0205,0.0215,0.0211,86621.68,85926.11,0.37479999999999997,-0.23591,3e-05,101.07237,161.0,15.1
2026-10-05T22:23:13Z,2026-11-27,53,80000.0,C,0.0995,0.1015,0.1005,86621.68,85926.11,0.3714,0.73743,3e-05,106.99862,1146.9,0.1
2026-10-05T22:23:13Z,2026-11-27,53,80000.0,P,0.0235,0.0245,0.0241,86621.63,85926.11,0.3714,-0.26258,3e-05,106.99884,279.9,13.1
2026-10-05T22:23:13Z,2026-11-27,53,81000.0,C,0.0915,0.0935,0.0925,86621.63,85926.11,0.369,0.70879,3e-05,112.56535,142.9,20.0
2026-10-05T22:23:13Z,2026-11-27,53,81000.0,P,0.027,0.028,0.0276,86621.63,85926.11,0.369,-0.29121,3e-05,112.56535,357.4,3.1
2026-10-05T22:23:13Z,2026-11-27,53,82000.0,C,0.084,0.0855,0.0845,86621.68,85926.11,0.3651,0.67923,3e-05,117.48746,149.8,0.0
2026-10-05T22:23:13Z,2026-11-27,53,82000.0,P,0.0305,0.0315,0.0311,86621.68,85926.11,0.3651,-0.32077,3e-05,117.48746,147.2,1.0
2026-10-05T22:23:13Z,2026-11-27,53,83000.0,C,0.0765,0.078,0.0771,86621.64,85926.11,0.3626,0.64785,3e-05,121.83642,102.4,0.0
2026-10-05T22:23:13Z,2026-11-27,53,83000.0,P,0.035,0.036,0.0353,86621.64,85926.11,0.3626,-0.35215,3e-05,121.83642,178.1,0.1
2026-10-05T22:23:13Z,2026-11-27,53,84000.0,C,0.0695,0.071,0.0701,86621.64,85926.11,0.3604,0.61537,3e-05,125.42065,82.9,0.3
2026-10-05T22:23:13Z,2026-11-27,53,84000.0,P,0.0395,0.0405,0.0398,86621.69,85926.11,0.3604,-0.38463,3e-05,125.42056,81.4,5.6
2026-10-05T22:23:13Z,2026-11-27,53,85000.0,C,0.0635,0.0645,0.0636,86621.69,85926.11,0.3594,0.58195,3e-05,128.16281,679.6,0.0
2026-10-05T22:23:13Z,2026-11-27,53,85000.0,P,0.0445,0.0455,0.0449,86621.69,85926.11,0.3594,-0.41805,3e-05,128.16281,324.7,5.3
2026-10-05T22:23:13Z,2026-11-27,53,86000.0,C,0.0575,0.0585,0.0576,86621.69,85926.11,0.35810000000000003,0.54813,3e-05,129.98117,176.1,3.8
2026-10-05T22:23:13Z,2026-11-27,53,86000.0,P,0.0495,0.0505,0.0504,86621.69,85926.11,0.35810000000000003,-0.45187,3e-05,129.98117,98.3,6.0
2026-10-05T22:23:13Z,2026-11-27,53,87000.0,C,0.0515,0.0525,0.052,86621.69,85926.11,0.3575,0.51418,3e-05,130.85238,209.9,9.5
2026-10-05T22:23:13Z,2026-11-27,53,87000.0,P,0.0555,0.0565,0.0563,86621.64,85926.11,0.3575,-0.48583,3e-05,130.85232,35.8,1.4
2026-10-05T22:23:13Z,2026-11-27,53,88000.0,C,0.0465,0.0475,0.0468,86621.69,85926.11,0.35710000000000003,0.48046,3e-05,130.77797,1092.2,4.6
2026-10-05T22:23:13Z,2026-11-27,53,88000.0,P,0.062,0.063,0.0627,86621.64,85926.11,0.35710000000000003,-0.51954,3e-05,130.77787,33.5,3.1
2026-10-05T22:23:13Z,2026-11-27,53,89000.0,C,0.0415,0.0425,0.0419,86621.69,85926.11,0.3564,0.44709,3e-05,129.78165,515.0,7.5
2026-10-05T22:23:13Z,2026-11-27,53,89000.0,P,0.0685,0.0695,0.0694,86621.69,85926.11,0.3564,-0.55291,3e-05,129.78165,45.6,6.8
2026-10-05T22:23:13Z,2026-11-27,53,90000.0,C,0.037,0.038,0.0376,86621.69,85926.11,0.3569,0.41476,3e-05,127.93502,3211.1,4.1
2026-10-05T22:23:13Z,2026-11-27,53,90000.0,P,0.0755,0.077,0.0766,86621.69,85926.11,0.3569,-0.58524,3e-05,127.93502,9.4,3.1
2026-10-05T22:23:13Z,2026-11-27,53,91000.0,C,0.033,0.034,0.0336,86621.69,85926.11,0.35710000000000003,0.3833,3e-05,125.29256,228.2,0.6
2026-10-05T22:23:13Z,2026-11-27,53,91000.0,P,0.083,0.085,0.0842,86621.64,85926.11,0.35710000000000003,-0.6167,3e-05,125.29225,0.2,0.1
2026-10-05T22:23:13Z,2026-11-27,53,92000.0,C,0.0295,0.0305,0.0299,86621.64,85926.11,0.3567,0.35269,3e-05,121.90397,457.4,1.7
2026-10-05T22:23:13Z,2026-11-27,53,92000.0,P,0.091,0.093,0.092,86619.8,85926.11,0.3567,-0.64737,3e-05,121.89414,2.1,0.0
2026-10-05T22:23:13Z,2026-11-27,53,93000.0,C,0.0265,0.027,0.0268,86621.64,85926.11,0.35840000000000005,0.32447,3e-05,118.04628,203.7,2.0
2026-10-05T22:23:13Z,2026-11-27,53,93000.0,P,0.0995,0.1015,0.1004,86619.8,85926.11,0.35840000000000005,-0.67559,3e-05,118.03537,0.0,0.0
2026-10-05T22:23:13Z,2026-11-27,53,94000.0,C,0.0235,0.0245,0.0239,86621.64,85926.11,0.3593,0.29726,3e-05,113.63888,459.6,0.0
2026-10-05T22:23:13Z,2026-11-27,53,94000.0,P,0.107,0.1105,0.1091,86621.64,85926.11,0.3593,-0.70274,3e-05,113.63888,3.0,0.1
2026-10-05T22:23:13Z,2026-11-27,53,95000.0,C,0.021,0.0215,0.0213,86621.64,85926.11,0.36090000000000005,0.27202,3e-05,108.92369,1088.3,0.1
2026-10-05T22:23:13Z,2026-11-27,53,95000.0,P,0.116,0.1195,0.118,86619.8,85926.11,0.36090000000000005,-0.72803,3e-05,108.91111,0.2,0.1
2026-10-05T22:23:13Z,2026-11-27,53,96000.0,C,0.0185,0.0195,0.0189,86619.8,85926.11,0.3618,0.24781,3e-05,103.80561,353.9,8.1
2026-10-05T22:23:13Z,2026-11-27,53,96000.0,P,0.125,0.129,0.1272,86619.8,85926.11,0.3618,-0.75219,3e-05,103.80561,0.0,0.0
2026-10-05T22:23:13Z,2026-11-27,53,97000.0,C,0.0165,0.0175,0.0169,86621.64,85926.11,0.3641,0.22625,3e-05,98.74153,140.3,13.9
2026-10-05T22:23:13Z,2026-11-27,53,97000.0,P,0.1345,0.1385,0.1367,86619.8,85926.11,0.3641,-0.7738,3e-05,98.72802,0.0,0.0
2026-10-05T22:23:13Z,2026-11-27,53,98000.0,C,0.0145,0.0155,0.0149,86621.64,85926.11,0.36479999999999996,0.205,2e-05,93.25243,774.0,39.0
2026-10-05T22:23:13Z,2026-11-27,53,98000.0,P,0.144,0.1485,0.1463,86619.8,85926.11,0.36479999999999996,-0.79504,2e-05,93.23864,0.0,0.0
2026-10-05T22:23:13Z,2026-11-27,53,99000.0,C,0.013,0.014,0.0134,86621.64,85926.11,0.36810000000000004,0.18725,2e-05,88.26725,40.7,9.6
2026-10-05T22:23:13Z,2026-11-27,53,99000.0,P,0.154,0.1585,0.1563,86621.64,85926.11,0.36810000000000004,-0.81275,2e-05,88.26725,0.0,0.0
2026-10-05T22:23:13Z,2026-11-27,53,100000.0,C,0.0115,0.0125,0.0119,86621.64,85926.11,0.36979999999999996,0.16983,2e-05,83.00129,487.8,7.0
2026-10-05T22:23:13Z,2026-11-27,53,100000.0,P,0.164,0.1685,0.1664,86619.8,85926.11,0.36979999999999996,-0.83021,2e-05,82.98751,26.1,0.0
2026-10-05T22:23:13Z,2026-11-27,53,102000.0,C,0.009,0.01,0.0094,86619.8,85926.11,0.3738,0.13933,2e-05,72.80972,404.2,12.4
2026-10-05T22:23:13Z,2026-11-27,53,102000.0,P,0.1845,0.1895,0.187,86619.8,85926.11,0.3738,-0.86067,2e-05,72.80972,5.0,0.0
2026-10-05T22:23:13Z,2026-11-27,53,104000.0,C,0.0075,0.008,0.0077,86619.8,85926.11,0.3811,0.11623,2e-05,64.1891,20.8,0.5
2026-10-05T22:23:13Z,2026-11-27,53,104000.0,P,0.206,0.211,0.2084,86619.8,85926.11,0.3811,-0.88377,2e-05,64.1891,0.0,0.0
2026-10-05T22:23:13Z,2026-11-27,53,105000.0,C,0.0065,0.0075,0.007,86619.8,85926.11,0.3843,0.10586,1e-05,60.03191,21.2,0.0
2026-10-05T22:23:13Z,2026-11-27,53,105000.0,P,0.2165,0.2215,0.2192,86619.8,85926.11,0.3843,-0.89414,1e-05,60.03191,3.9,0.0
2026-10-05T22:23:13Z,2026-11-27,53,106000.0,C,0.006,0.007,0.0064,86619.86,85926.11,0.38939999999999997,0.09769,1e-05,56.62047,29.5,0.0
2026-10-05T22:23:13Z,2026-11-27,53,106000.0,P,0.2275,0.2325,0.2301,86619.86,85926.11,0.38939999999999997,-0.90231,1e-05,56.62047,0.0,0.0
2026-10-05T22:23:13Z,2026-11-27,53,108000.0,C,0.005,0.0055,0.0052,86619.8,85926.11,0.39549999999999996,0.08117,1e-05,49.329,104.3,0.4
2026-10-05T22:23:13Z,2026-11-27,53,108000.0,P,0.2495,0.2545,0.252,86619.86,85926.11,0.39549999999999996,-0.91883,1e-05,49.32936,0.0,0.0
2026-10-05T22:23:13Z,2026-11-27,53,110000.0,C,0.0041,0.0045,0.0043,86619.8,85926.11,0.4019,0.0677,1e-05,42.94573,264.3,1.0
2026-10-05T22:23:13Z,2026-11-27,53,110000.0,P,0.2715,0.277,0.2742,86619.8,85926.11,0.4019,-0.9323,1e-05,42.94573,0.0,0.0
2026-10-05T22:23:13Z,2026-11-27,53,112000.0,C,0.0034,0.0038,0.0036,86619.8,85926.11,0.40950000000000003,0.05722,1e-05,37.66706,8.8,0.0
2026-10-05T22:23:13Z,2026-11-27,53,112000.0,P,0.294,0.299,0.2966,86619.8,85926.11,0.40950000000000003,-0.94278,1e-05,37.66706,0.0,0.0
2026-10-05T22:23:13Z,2026-11-27,53,115000.0,C,0.0026,0.003,0.0028,86619.8,85926.11,0.4213,0.045,1e-05,31.10787,45.4,0.5
2026-10-05T22:23:13Z,2026-11-27,53,115000.0,P,0.3275,0.3335,0.3304,86619.8,85926.11,0.4213,-0.955,1e-05,31.10787,0.2,0.0
2026-10-05T22:23:13Z,2026-11-27,53,120000.0,C,0.0017,0.0022,0.0019,86619.8,85926.11,0.4422,0.03131,0.0,23.13658,122.0,1.1
2026-10-05T22:23:13Z,2026-11-27,53,120000.0,P,0.384,0.3905,0.3873,86619.8,85926.11,0.4422,-0.96869,0.0,23.13658,9.9,0.0
2026-10-05T22:23:13Z,2026-12-25,81,20000.0,C,0.7695,0.771,0.7702,86967.14,85926.11,1.1158,0.99892,0.0,1.46975,5.1,0.0
2026-10-05T22:23:13Z,2026-12-25,81,20000.0,P,0.0001,0.0003,0.0002,86967.0,85926.11,1.1158,-0.00108,0.0,1.46974,934.2,7.2
2026-10-05T22:23:13Z,2026-12-25,81,30000.0,C,0.6545,0.6565,0.6555,86966.86,85926.11,0.9011,0.99681,0.0,3.94125,300.8,0.0
2026-10-05T22:23:13Z,2026-12-25,81,30000.0,P,0.0004,0.0006,0.0005,86967.0,85926.11,0.9011,-0.00319,0.0,3.94122,2229.2,4.7
2026-10-05T22:23:13Z,2026-12-25,81,35000.0,C,0.597,0.5995,0.5983,86966.86,85926.11,0.8222,0.99464,0.0,6.27979,87.9,0.0
2026-10-05T22:23:13Z,2026-12-25,81,35000.0,P,0.0006,0.0008,0.0007,86966.86,85926.11,0.8222,-0.00536,0.0,6.27979,2142.4,0.0
2026-10-05T22:23:13Z,2026-12-25,81,40000.0,C,0.5395,0.5425,0.5411,86966.86,85926.11,0.7448,0.99173,0.0,9.21379,253.2,0.0
2026-10-05T22:23:13Z,2026-12-25,81,40000.0,P,0.001,0.0011,0.0011,86966.86,85926.11,0.7448,-0.00827,0.0,9.21379,4960.4,0.0
2026-10-05T22:23:13Z,2026-12-25,81,45000.0,C,0.4825,0.485,0.484,86966.86,85926.11,0.6659,0.98822,0.0,12.54167,94.5,0.0
2026-10-05T22:23:13Z,2026-12-25,81,45000.0,P,0.0013,0.0016,0.0014,86966.86,85926.11,0.6659,-0.01178,0.0,12.54167,2812.3,0.3
2026-10-05T22:23:13Z,2026-12-25,81,50000.0,C,0.4255,0.4285,0.4271,86966.86,85926.11,0.6023,0.98211,0.0,17.97434,260.7,0.0
2026-10-05T22:23:13Z,2026-12-25,81,50000.0,P,0.0019,0.0022,0.002,86966.86,85926.11,0.6023,-0.01789,0.0,17.97434,2213.6,1.1
2026-10-05T22:23:13Z,2026-12-25,81,52000.0,C,0.4025,0.406,0.4044,86966.86,85926.11,0.5775,0.97898,0.0,20.6137,0.1,0.0
2026-10-05T22:23:13Z,2026-12-25,81,52000.0,P,0.0022,0.0024,0.0023,86966.86,85926.11,0.5775,-0.02102,0.0,20.6137,437.6,1.0
2026-10-05T22:23:13Z,2026-12-25,81,54000.0,C,0.38,0.3835,0.3818,86967.0,85926.11,0.5550999999999999,0.97497,0.0,23.87949,32.2,0.0
2026-10-05T22:23:13Z,2026-12-25,81,54000.0,P,0.0025,0.0028,0.0027,86967.0,85926.11,0.5550999999999999,-0.02503,0.0,23.87949,1909.4,2.3
2026-10-05T22:23:13Z,2026-12-25,81,55000.0,C,0.369,0.372,0.3705,86966.86,85926.11,0.5445,0.97262,0.0,25.7368,122.4,0.0
2026-10-05T22:23:13Z,2026-12-25,81,55000.0,P,0.0027,0.003,0.0029,86966.86,85926.11,0.5445,-0.02738,0.0,25.7368,3189.6,0.0
2026-10-05T22:23:13Z,2026-12-25,81,56000.0,C,0.3575,0.361,0.3593,86966.68,85926.11,0.5347,0.96991,0.0,27.84338,42.2,0.0
2026-10-05T22:23:13Z,2026-12-25,81,56000.0,P,0.003,0.0034,0.0032,86966.68,85926.11,0.5347,-0.03009,0.0,27.84338,520.5,0.3
2026-10-05T22:23:13Z,2026-12-25,81,58000.0,C,0.335,0.3385,0.3368,86966.68,85926.11,0.5136999999999999,0.96412,0.0,32.18671,40.3,0.0
2026-10-05T22:23:13Z,2026-12-25,81,58000.0,P,0.0035,0.004,0.0038,86966.68,85926.11,0.5136999999999999,-0.03588,0.0,32.18671,1826.3,0.4
2026-10-05T22:23:13Z,2026-12-25,81,60000.0,C,0.313,0.3165,0.3145,86966.68,85926.11,0.49340000000000006,0.95717,0.0,37.17579,784.1,0.0
2026-10-05T22:23:13Z,2026-12-25,81,60000.0,P,0.0042,0.0046,0.0044,86966.68,85926.11,0.49340000000000006,-0.04283,0.0,37.17579,6265.9,0.3
2026-10-05T22:23:13Z,2026-12-25,81,62000.0,C,0.291,0.294,0.2924,86966.68,85926.11,0.47509999999999997,0.94834,1e-05,43.20447,247.1,0.0
2026-10-05T22:23:13Z,2026-12-25,81,62000.0,P,0.005,0.0055,0.0053,86966.68,85926.11,0.47509999999999997,-0.05166,1e-05,43.20447,1549.2,0.1
2026-10-05T22:23:13Z,2026-12-25,81,64000.0,C,0.269,0.272,0.2706,86966.68,85926.11,0.4608,0.9365,1e-05,50.82383,404.8,0.0
2026-10-05T22:23:13Z,2026-12-25,81,64000.0,P,0.006,0.007,0.0065,86966.68,85926.11,0.4608,-0.0635,1e-05,50.82383,380.5,0.4
2026-10-05T22:23:13Z,2026-12-25,81,65000.0,C,0.258,0.2615,0.2596,86966.68,85926.11,0.4506,0.93089,1e-05,54.26794,916.8,0.0
2026-10-05T22:23:13Z,2026-12-25,81,65000.0,P,0.007,0.0075,0.007,86966.72,85926.11,0.4506,-0.06911,1e-05,54.26779,892.1,0.4
2026-10-05T22:23:13Z,2026-12-25,81,66000.0,C,0.2475,0.2505,0.2489,86966.68,85926.11,0.4435,0.92356,1e-05,58.62089,267.2,0.0
2026-10-05T22:23:13Z,2026-12-25,81,66000.0,P,0.0075,0.008,0.0078,86966.68,85926.11,0.4435,-0.07644,1e-05,58.62089,421.3,0.4
2026-10-05T22:23:13Z,2026-12-25,81,68000.0,C,0.226,0.2295,0.2276,86966.68,85926.11,0.4293,0.90688,1e-05,67.97943,1023.2,0.0
2026-10-05T22:23:13Z,2026-12-25,81,68000.0,P,0.0095,0.01,0.0095,86966.68,85926.11,0.4293,-0.09312,1e-05,67.97943,695.3,0.3
2026-10-05T22:23:13Z,2026-12-25,81,70000.0,C,0.2055,0.2085,0.2068,86966.68,85926.11,0.4158,0.88679,1e-05,78.34557,1884.8,0.1
2026-10-05T22:23:13Z,2026-12-25,81,70000.0,P,0.0115,0.012,0.0117,86966.68,85926.11,0.4158,-0.11321,1e-05,78.34557,2339.5,3.5
2026-10-05T22:23:13Z,2026-12-25,81,72000.0,C,0.185,0.1885,0.1866,86966.68,85926.11,0.4044,0.86214,1e-05,89.89961,1214.2,0.1
2026-10-05T22:23:13Z,2026-12-25,81,72000.0,P,0.014,0.015,0.0145,86966.72,85926.11,0.4044,-0.13786,1e-05,89.89942,858.7,4.6
2026-10-05T22:23:13Z,2026-12-25,81,74000.0,C,0.1655,0.169,0.1672,86966.72,85926.11,0.3954,0.83217,2e-05,102.43986,137.9,0.1
2026-10-05T22:23:13Z,2026-12-25,81,74000.0,P,0.018,0.0185,0.0181,86966.72,85926.11,0.3954,-0.16783,2e-05,102.43986,187.4,3.0
2026-10-05T22:23:13Z,2026-12-25,81,75000.0,C,0.156,0.16,0.1578,86966.72,85926.11,0.3909,0.81557,2e-05,108.74332,1924.8,0.2
2026-10-05T22:23:13Z,2026-12-25,81,75000.0,P,0.02,0.0205,0.0202,86966.68,85926.11,0.3909,-0.18443,2e-05,108.74351,1746.5,5.9
2026-10-05T22:23:13Z,2026-12-25,81,76000.0,C,0.147,0.1505,0.1487,86966.68,85926.11,0.3875,0.7973,2e-05,115.19212,480.4,0.0
2026-10-05T22:23:13Z,2026-12-25,81,76000.0,P,0.022,0.023,0.0226,86966.68,85926.11,0.3875,-0.2027,2e-05,115.19212,455.4,2.9
2026-10-05T22:23:13Z,2026-12-25,81,78000.0,C,0.1295,0.133,0.1312,86966.68,85926.11,0.3811,0.75735,2e-05,127.64555,1087.4,0.0
2026-10-05T22:23:13Z,2026-12-25,81,78000.0,P,0.0275,0.0285,0.0281,86966.72,85926.11,0.3811,-0.24265,2e-05,127.64538,1348.9,300.1
2026-10-05T22:23:13Z,2026-12-25,81,80000.0,C,0.114,0.116,0.115,86966.68,85926.11,0.3761,0.71269,2e-05,139.10519,8727.3,0.3
2026-10-05T22:23:13Z,2026-12-25,81,80000.0,P,0.0345,0.0355,0.0349,86966.68,85926.11,0.3761,-0.28731,2e-05,139.10519,2205.6,41.6
2026-10-05T22:23:13Z,2026-12-25,81,82000.0,C,0.099,0.101,0.0999,86966.72,85926.11,0.37170000000000003,0.66434,2e-05,148.81503,1321.7,0.0
2026-10-05T22:23:13Z,2026-12-25,81,82000.0,P,0.042,0.043,0.0428,86966.72,85926.11,0.37170000000000003,-0.33566,2e-05,148.81503,808.7,3.0
2026-10-05T22:23:13Z,2026-12-25,81,84000.0,C,0.0855,0.087,0.0862,86966.68,85926.11,0.3689,0.61296,3e-05,156.26228,1249.4,0.1
2026-10-05T22:23:13Z,2026-12-25,81,84000.0,P,0.0515,0.0525,0.0521,86966.68,85926.11,0.3689,-0.38704,3e-05,156.26228,159.3,1.9
2026-10-05T22:23:13Z,2026-12-25,81,85000.0,C,0.0795,0.0805,0.0799,86966.56,85926.11,0.3677,0.5866,3e-05,158.98147,3196.1,0.9
2026-10-05T22:23:13Z,2026-12-25,81,85000.0,P,0.0565,0.0575,0.0573,86966.68,85926.11,0.3677,-0.41339,3e-05,158.98141,595.2,0.0
2026-10-05T22:23:13Z,2026-12-25,81,86000.0,C,0.0735,0.0745,0.0739,86966.42,85926.11,0.3665,0.56,3e-05,160.98812,720.0,1.7
2026-10-05T22:23:13Z,2026-12-25,81,86000.0,P,0.062,0.063,0.0628,86966.42,85926.11,0.3665,-0.44,3e-05,160.98812,105.8,0.1
2026-10-05T22:23:13Z,2026-12-25,81,88000.0,C,0.0625,0.0635,0.0629,86966.42,85926.11,0.3649,0.50664,3e-05,162.81077,4247.9,235.1
2026-10-05T22:23:13Z,2026-12-25,81,88000.0,P,0.074,0.0755,0.0747,86966.42,85926.11,0.3649,-0.49336,3e-05,162.81077,145.2,2.9
2026-10-05T22:23:13Z,2026-12-25,81,90000.0,C,0.053,0.054,0.0533,86966.42,85926.11,0.36460000000000004,0.45429,3e-05,161.7633,3742.7,118.3
2026-10-05T22:23:13Z,2026-12-25,81,90000.0,P,0.0875,0.0885,0.0882,86966.43,85926.11,0.36460000000000004,-0.54571,3e-05,161.76333,653.0,4.2
2026-10-05T22:23:13Z,2026-12-25,81,92000.0,C,0.0445,0.0455,0.0449,86966.42,85926.11,0.3641,0.40366,3e-05,158.06219,745.5,47.6
2026-10-05T22:23:13Z,2026-12-25,81,92000.0,P,0.102,0.1035,0.1027,86966.42,85926.11,0.3641,-0.59634,3e-05,158.06219,23.4,3.7
2026-10-05T22:23:13Z,2026-12-25,81,94000.0,C,0.0375,0.038,0.0378,86966.42,85926.11,0.3651,0.35638,3e-05,152.16408,682.9,20.0
2026-10-05T22:23:13Z,2026-12-25,81,94000.0,P,0.1175,0.12,0.1187,86966.42,85926.11,0.3651,-0.64362,3e-05,152.16408,5.9,0.0
2026-10-05T22:23:13Z,2026-12-25,81,95000.0,C,0.034,0.035,0.0345,86966.42,85926.11,0.36479999999999996,0.33345,2e-05,148.428,1751.3,249.4
2026-10-05T22:23:13Z,2026-12-25,81,95000.0,P,0.125,0.128,0.1268,86966.42,85926.11,0.36479999999999996,-0.66655,2e-05,148.428,143.6,0.1
2026-10-05T22:23:13Z,2026-12-25,81,96000.0,C,0.031,0.032,0.0315,86966.42,85926.11,0.3653,0.31184,2e-05,144.36802,1521.4,26.5
2026-10-05T22:23:13Z,2026-12-25,81,96000.0,P,0.1335,0.137,0.1354,86966.43,85926.11,0.3653,-0.68816,2e-05,144.36808,50.8,0.0
2026-10-05T22:23:13Z,2026-12-25,81,98000.0,C,0.026,0.027,0.0264,86966.43,85926.11,0.36729999999999996,0.27204,2e-05,135.46397,983.1,461.9
2026-10-05T22:23:13Z,2026-12-25,81,98000.0,P,0.151,0.1555,0.1533,86966.42,85926.11,0.36729999999999996,-0.72796,2e-05,135.4639,3.7,0.2
2026-10-05T22:23:13Z,2026-12-25,81,100000.0,C,0.0215,0.0225,0.022,86966.43,85926.11,0.3689,0.23574,2e-05,125.64633,5834.1,38.2
2026-10-05T22:23:13Z,2026-12-25,81,100000.0,P,0.1695,0.174,0.1719,86966.3,85926.11,0.3689,-0.76426,2e-05,125.64534,303.0,0.4
2026-10-05T22:23:13Z,2026-12-25,81,102000.0,C,0.018,0.019,0.0184,86966.3,85926.11,0.37170000000000003,0.20418,2e-05,115.69342,497.4,2.5
2026-10-05T22:23:13Z,2026-12-25,81,102000.0,P,0.189,0.1935,0.1913,86966.3,85926.11,0.37170000000000003,-0.79582,2e-05,115.69342,7.8,0.0
2026-10-05T22:23:13Z,2026-12-25,81,104000.0,C,0.015,0.016,0.0155,86966.42,85926.11,0.3747,0.17637,2e-05,105.73497,174.6,1.7
2026-10-05T22:23:13Z,2026-12-25,81,104000.0,P,0.209,0.214,0.2113,86966.42,85926.11,0.3747,-0.82363,2e-05,105.73497,1.3,0.0
2026-10-05T22:23:13Z,2026-12-25,81,105000.0,C,0.014,0.015,0.0144,86966.42,85926.11,0.3784,0.16547,2e-05,101.50782,992.8,138.1
2026-10-05T22:23:13Z,2026-12-25,81,105000.0,P,0.2195,0.2245,0.2218,86966.42,85926.11,0.3784,-0.83453,2e-05,101.50782,107.5,0.0
2026-10-05T22:23:13Z,2026-12-25,81,106000.0,C,0.0125,0.0135,0.0131,86966.43,85926.11,0.3787,0.15275,2e-05,96.32225,496.6,11.5
2026-10-05T22:23:13Z,2026-12-25,81,106000.0,P,0.2295,0.2345,0.2319,86966.43,85926.11,0.3787,-0.84725,2e-05,96.32225,0.2,0.0
2026-10-05T22:23:13Z,2026-12-25,81,108000.0,C,0.0105,0.0115,0.011,86966.42,85926.11,0.382,0.13169,1e-05,87.11932,165.7,5.0
2026-10-05T22:23:13Z,2026-12-25,81,108000.0,P,0.2505,0.2555,0.2529,86966.3,85926.11,0.382,-0.86831,1e-05,87.11845,0.1,0.0
2026-10-05T22:23:13Z,2026-12-25,81,110000.0,C,0.009,0.0095,0.0094,86966.42,85926.11,0.3873,0.11477,1e-05,79.11104,2973.9,35.5
2026-10-05T22:23:13Z,2026-12-25,81,110000.0,P,0.2715,0.277,0.2743,86966.3,85926.11,0.3873,-0.88523,1e-05,79.11049,81.6,0.0
2026-10-05T22:23:13Z,2026-12-25,81,115000.0,C,0.006,0.0065,0.0065,86966.42,85926.11,0.3998,0.08147,1e-05,61.52002,2324.7,1.1
2026-10-05T22:23:13Z,2026-12-25,81,115000.0,P,0.326,0.3315,0.3288,86966.3,85926.11,0.3998,-0.91853,1e-05,61.51946,5.0,0.0
2026-10-05T22:23:13Z,2026-12-25,81,120000.0,C,0.0044,0.0049,0.0046,86966.42,85926.11,0.4138,0.05929,1e-05,48.17252,5798.6,1.1
2026-10-05T22:23:13Z,2026-12-25,81,120000.0,P,0.3815,0.3875,0.3844,86966.3,85926.11,0.4138,-0.94071,1e-05,48.1724,35.8,0.0
2026-10-05T22:23:13Z,2026-12-25,81,125000.0,C,0.0032,0.0037,0.0034,86966.42,85926.11,0.4288,0.04436,1e-05,38.24387,518.1,0.0
2026-10-05T22:23:13Z,2026-12-25,81,125000.0,P,0.438,0.444,0.4407,86966.42,85926.11,0.4288,-0.95564,1e-05,38.24387,9.3,0.0
2026-10-05T22:23:13Z,2026-12-25,81,130000.0,C,0.0024,0.0029,0.0026,86966.42,85926.11,0.4445,0.03417,0.0,30.92439,1572.0,0.0
2026-10-05T22:23:13Z,2026-12-25,81,130000.0,P,0.4945,0.501,0.4974,86966.23,85926.11,0.4445,-0.96583,0.0,30.92449,57.0,0.0
2026-10-05T22:23:13Z,2026-12-25,81,135000.0,C,0.0019,0.0023,0.0021,86966.23,85926.11,0.46009999999999995,0.0269,0.0,25.36093,1463.5,1.1
2026-10-05T22:23:13Z,2026-12-25,81,135000.0,P,0.551,0.558,0.5544,86966.23,85926.11,0.46009999999999995,-0.9731,0.0,25.36093,0.7,0.0
2026-10-05T22:23:13Z,2026-12-25,81,140000.0,C,0.0014,0.0018,0.0016,86966.17,85926.11,0.47200000000000003,0.02075,0.0,20.38621,1418.2,0.3
2026-10-05T22:23:13Z,2026-12-25,81,140000.0,P,0.608,0.615,0.6114,86966.23,85926.11,0.47200000000000003,-0.97925,0.0,20.38635,0.3,0.0
2026-10-05T22:23:13Z,2026-12-25,81,150000.0,C,0.0009,0.0013,0.0011,86966.23,85926.11,0.502,0.01404,0.0,14.60413,1769.4,32.1
2026-10-05T22:23:13Z,2026-12-25,81,150000.0,P,0.722,0.73,0.7259,86966.17,85926.11,0.502,-0.98596,0.0,14.60403,4.4,0.0
2026-10-05T22:23:13Z,2026-12-25,81,160000.0,C,0.0006,0.001,0.0008,86966.23,85926.11,0.5297,0.00995,0.0,10.83269,1406.9,0.0
2026-10-05T22:23:13Z,2026-12-25,81,160000.0,P,0.8365,0.845,0.8406,86966.23,85926.11,0.5297,-0.99005,0.0,10.83269,0.1,0.0
2026-10-05T22:23:13Z,2026-12-25,81,170000.0,C,0.0004,0.0008,0.0006,86966.17,85926.11,0.5532,0.00711,0.0,8.06061,2018.6,0.0
2026-10-05T22:23:13Z,2026-12-25,81,170000.0,P,0.951,0.96,0.9553,86966.23,85926.11,0.5532,-0.99289,0.0,8.06067,0.1,0.0
2026-10-05T22:23:13Z,2026-12-25,81,180000.0,C,0.0003,0.0006,0.0004,86966.23,85926.11,0.5761999999999999,0.00531,0.0,6.23026,935.8,0.0
2026-10-05T22:23:13Z,2026-12-25,81,180000.0,P,1.0635,1.0765,1.0702,86966.17,85926.11,0.5761999999999999,-0.99469,0.0,6.23022,0.1,0.0
2026-10-05T22:23:13Z,2026-12-25,81,190000.0,C,0.0002,0.0005,0.0003,86966.23,85926.11,0.596,0.00398,0.0,4.81153,1027.1,0.0
2026-10-05T22:23:13Z,2026-12-25,81,190000.0,P,1.178,1.192,1.1851,86966.23,85926.11,0.596,-0.99602,0.0,4.81153,0.0,0.0
2026-10-05T22:23:13Z,2026-12-25,81,200000.0,C,0.0002,0.0004,0.0003,86966.23,85926.11,0.6215999999999999,0.00338,0.0,4.15606,962.4,0.0
2026-10-05T22:23:13Z,2026-12-25,81,200000.0,P,1.292,1.3075,1.3,86966.23,85926.11,0.6215999999999999,-0.99662,0.0,4.15606,0.0,0.0
2026-10-05T22:23:13Z,2026-12-25,81,210000.0,C,0.0001,0.0004,0.0002,86966.13,85926.11,0.637,0.00256,0.0,3.23694,162.5,0.0
2026-10-05T22:23:13Z,2026-12-25,81,210000.0,P,1.4065,1.423,1.4149,86966.23,85926.11,0.637,-0.99744,0.0,3.23698,0.0,0.0
2026-10-05T22:23:13Z,2026-12-25,81,220000.0,C,0.0001,0.0004,0.0002,86966.23,85926.11,0.6631999999999999,0.00236,0.0,3.00291,252.9,0.0
2026-10-05T22:23:13Z,2026-12-25,81,220000.0,P,1.5205,1.5385,1.5299,86966.13,85926.11,0.6631999999999999,-0.99764,0.0,3.00288,0.0,0.0
2026-10-05T22:23:13Z,2026-12-25,81,230000.0,C,0.0001,0.0003,0.0001,86966.13,85926.11,0.6659999999999999,0.00156,0.0,2.06803,190.7,0.1
2026-10-05T22:23:13Z,2026-12-25,81,230000.0,P,1.635,1.654,1.6448,86966.13,85926.11,0.6659999999999999,-0.99844,0.0,2.06803,0.0,0.0
2026-10-05T22:23:13Z,2026-12-25,81,240000.0,C,0.0,0.0002,0.0001,86966.13,85926.11,0.6922,0.00153,0.0,2.02313,785.6,0.0
2026-10-05T22:23:13Z,2026-12-25,81,240000.0,P,1.749,1.7705,1.7598,86966.13,85926.11,0.6922,-0.99847,0.0,2.02313,0.0,0.0
2026-10-05T22:23:13Z,2026-12-25,81,250000.0,C,0.0,0.0002,0.0001,86966.13,85926.11,0.7123999999999999,0.00139,0.0,1.85939,1282.4,0.0
2026-10-05T22:23:13Z,2026-12-25,81,250000.0,P,1.863,1.886,1.8748,86966.13,85926.11,0.7123999999999999,-0.99861,0.0,1.85939,10.0,0.0
2026-10-05T22:23:13Z,2027-03-26,172,35000.0,C,0.6035,0.6055,0.6044,88080.92,85926.11,0.642,0.98977,0.0,16.41197,21.8,0.0
2026-10-05T22:23:13Z,2027-03-26,172,35000.0,P,0.0016,0.0021,0.0018,88080.82,85926.11,0.642,-0.01023,0.0,16.41205,616.4,6.8
2026-10-05T22:23:13Z,2027-03-26,172,40000.0,C,0.5475,0.55,0.5485,88080.82,85926.11,0.5934,0.98401,0.0,24.15363,82.1,0.0
2026-10-05T22:23:13Z,2027-03-26,172,40000.0,P,0.0026,0.0029,0.0027,88080.82,85926.11,0.5934,-0.01599,0.0,24.15363,1937.8,2.1
2026-10-05T22:23:13Z,2027-03-26,172,45000.0,C,0.492,0.4945,0.4931,88080.82,85926.11,0.5509000000000001,0.97546,0.0,34.73251,4.8,0.0
2026-10-05T22:23:13Z,2027-03-26,172,45000.0,P,0.0038,0.0043,0.004,88080.82,85926.11,0.5509000000000001,-0.02454,0.0,34.73251,252.9,0.9
2026-10-05T22:23:13Z,2027-03-26,172,50000.0,C,0.4365,0.44,0.4383,88080.82,85926.11,0.5142,0.96271,0.0,49.12018,21.6,0.0
2026-10-05T22:23:13Z,2027-03-26,172,50000.0,P,0.0055,0.0065,0.006,88080.82,85926.11,0.5142,-0.03729,0.0,49.12018,2330.1,0.2
2026-10-05T22:23:13Z,2027-03-26,172,52000.0,C,0.415,0.4185,0.4166,88080.69,85926.11,0.5001,0.95628,0.0,55.89318,6.0,0.0
2026-10-05T22:23:13Z,2027-03-26,172,52000.0,P,0.0065,0.0075,0.007,88080.69,85926.11,0.5001,-0.04372,0.0,55.89318,322.9,0.0
2026-10-05T22:23:13Z,2027-03-26,172,54000.0,C,0.3935,0.397,0.3949,88080.82,85926.11,0.48450000000000004,0.94946,0.0,62.79072,0.1,0.0
2026-10-05T22:23:13Z,2027-03-26,172,54000.0,P,0.0075,0.0085,0.008,88080.69,85926.11,0.48450000000000004,-0.05054,0.0,62.79109,85.5,0.0
2026-10-05T22:23:13Z,2027-03-26,172,55000.0,C,0.3825,0.3865,0.3841,88080.69,85926.11,0.4767,0.94574,0.0,66.43278,29.5,0.0
2026-10-05T22:23:13Z,2027-03-26,172,55000.0,P,0.008,0.009,0.0086,88080.69,85926.11,0.4767,-0.05426,0.0,66.43278,1159.8,1.1
2026-10-05T22:23:13Z,2027-03-26,172,56000.0,C,0.3715,0.3755,0.3737,88080.69,85926.11,0.473,0.94054,0.0,71.39271,14.4,0.0
2026-10-05T22:23:13Z,2027-03-26,172,56000.0,P,0.009,0.01,0.0094,88080.69,85926.11,0.473,-0.05946,0.0,71.39271,131.8,0.0
2026-10-05T22:23:13Z,2027-03-26,172,58000.0,C,0.3505,0.3545,0.3525,88080.69,85926.11,0.4607,0.93072,0.0,80.39772,4.3,0.0
2026-10-05T22:23:13Z,2027-03-26,172,58000.0,P,0.0105,0.0115,0.011,88080.69,85926.11,0.4607,-0.06928,0.0,80.39772,149.7,0.0
2026-10-05T22:23:13Z,2027-03-26,172,60000.0,C,0.3295,0.334,0.3314,88080.69,85926.11,0.44670000000000004,0.9203,1e-05,89.47798,647.9,0.0
2026-10-05T22:23:13Z,2027-03-26,172,60000.0,P,0.012,0.013,0.0126,88080.69,85926.11,0.44670000000000004,-0.0797,1e-05,89.47798,817.4,0.1
2026-10-05T22:23:13Z,2027-03-26,172,62000.0,C,0.309,0.3135,0.3111,88080.69,85926.11,0.4387,0.9063,1e-05,100.98293,51.3,0.0
2026-10-05T22:23:13Z,2027-03-26,172,62000.0,P,0.0145,0.0155,0.015,88080.69,85926.11,0.4387,-0.0937,1e-05,100.98293,443.1,0.3
2026-10-05T22:23:13Z,2027-03-26,172,64000.0,C,0.289,0.293,0.2909,88080.69,85926.11,0.4288,0.89136,1e-05,112.48428,137.9,0.0
2026-10-05T22:23:13Z,2027-03-26,172,64000.0,P,0.017,0.018,0.0175,88080.69,85926.11,0.4288,-0.10864,1e-05,112.48428,125.8,0.0
2026-10-05T22:23:13Z,2027-03-26,172,65000.0,C,0.279,0.283,0.281,88080.69,85926.11,0.42460000000000003,0.88294,1e-05,118.64689,229.7,0.0
2026-10-05T22:23:13Z,2027-03-26,172,65000.0,P,0.0185,0.0195,0.019,88080.69,85926.11,0.42460000000000003,-0.11706,1e-05,118.64689,893.7,1.0
2026-10-05T22:23:13Z,2027-03-26,172,66000.0,C,0.2695,0.2735,0.2712,88080.69,85926.11,0.42,0.87422,1e-05,124.79382,23.9,0.0
2026-10-05T22:23:13Z,2027-03-26,172,66000.0,P,0.02,0.021,0.0205,88080.69,85926.11,0.42,-0.12578,1e-05,124.79382,99.5,0.0
2026-10-05T22:23:13Z,2027-03-26,172,68000.0,C,0.2505,0.254,0.252,88080.99,85926.11,0.4121,0.85485,1e-05,137.66941,190.9,0.0
2026-10-05T22:23:13Z,2027-03-26,172,68000.0,P,0.0235,0.0245,0.024,88080.99,85926.11,0.4121,-0.14515,1e-05,137.66941,573.8,0.0
2026-10-05T22:23:13Z,2027-03-26,172,70000.0,C,0.2315,0.2355,0.2333,88080.99,85926.11,0.4045,0.83334,1e-05,150.80163,770.5,0.0
2026-10-05T22:23:13Z,2027-03-26,172,70000.0,P,0.0275,0.0285,0.0281,88080.69,85926.11,0.4045,-0.16666,1e-05,150.80291,566.0,55.4
2026-10-05T22:23:13Z,2027-03-26,172,72000.0,C,0.214,0.2175,0.2155,88080.99,85926.11,0.39890000000000003,0.80896,1e-05,164.34164,88.9,0.0
2026-10-05T22:23:13Z,2027-03-26,172,72000.0,P,0.0325,0.0335,0.033,88080.69,85926.11,0.39890000000000003,-0.19104,1e-05,164.34287,192.6,0.1
2026-10-05T22:23:13Z,2027-03-26,172,74000.0,C,0.1965,0.2,0.1983,88080.99,85926.11,0.3936,0.78252,1e-05,177.5401,66.8,0.0
2026-10-05T22:23:13Z,2027-03-26,172,74000.0,P,0.038,0.039,0.0385,88080.99,85926.11,0.3936,-0.21748,1e-05,177.5401,229.2,0.0
2026-10-05T22:23:13Z,2027-03-26,172,75000.0,C,0.1885,0.1915,0.19,88080.69,85926.11,0.3911,0.76847,1e-05,183.957,0.2,0.0
2026-10-05T22:23:13Z,2027-03-26,172,75000.0,P,0.041,0.042,0.0415,88080.99,85926.11,0.3911,-0.23152,1e-05,183.95592,31.1,10.0
2026-10-05T22:23:13Z,2027-03-26,172,76000.0,C,0.1805,0.1835,0.1819,88080.99,85926.11,0.3887,0.75397,1e-05,190.17615,541.7,0.0
2026-10-05T22:23:13Z,2027-03-26,172,76000.0,P,0.0445,0.0455,0.0447,88080.99,85926.11,0.3887,-0.24603,1e-05,190.17615,665.4,18.7
2026-10-05T22:23:13Z,2027-03-26,172,78000.0,C,0.165,0.167,0.1665,88080.99,85926.11,0.38520000000000004,0.72322,1e-05,202.03867,647.6,0.0
2026-10-05T22:23:13Z,2027-03-26,172,78000.0,P,0.0515,0.0525,0.052,88080.99,85926.11,0.38520000000000004,-0.27678,1e-05,202.03867,405.7,10.5
2026-10-05T22:23:13Z,2027-03-26,172,80000.0,C,0.151,0.1525,0.1518,88080.99,85926.11,0.382,0.69094,2e-05,212.65924,1107.0,7.0
2026-10-05T22:23:13Z,2027-03-26,172,80000.0,P,0.0595,0.0605,0.0601,88080.99,85926.11,0.382,-0.30906,2e-05,212.65924,398.0,50.0
2026-10-05T22:23:13Z,2027-03-26,172,82000.0,C,0.137,0.139,0.1381,88080.99,85926.11,0.37929999999999997,0.65733,2e-05,221.81942,1232.8,0.0
2026-10-05T22:23:13Z,2027-03-26,172,82000.0,P,0.0685,0.0695,0.069,88080.99,85926.11,0.37929999999999997,-0.34267,2e-05,221.81942,76.4,0.1
2026-10-05T22:23:13Z,2027-03-26,172,84000.0,C,0.1245,0.126,0.1253,88080.99,85926.11,0.3771,0.62278,2e-05,229.3015,331.0,0.0
2026-10-05T22:23:13Z,2027-03-26,172,84000.0,P,0.078,0.0795,0.0789,88080.69,85926.11,0.3771,-0.37723,2e-05,229.30166,428.8,1.4
2026-10-05T22:23:13Z,2027-03-26,172,85000.0,C,0.1185,0.12,0.1192,88080.99,85926.11,0.3763,0.60527,2e-05,232.36446,466.1,22.5
2026-10-05T22:23:13Z,2027-03-26,172,85000.0,P,0.0835,0.0845,0.0842,88080.99,85926.11,0.3763,-0.39473,2e-05,232.36446,58.9,26.4
2026-10-05T22:23:13Z,2027-03-26,172,86000.0,C,0.113,0.114,0.1134,88080.99,85926.11,0.37549999999999994,0.58768,2e-05,234.95789,367.6,4.0
2026-10-05T22:23:13Z,2027-03-26,172,86000.0,P,0.089,0.09,0.0898,88080.99,85926.11,0.37549999999999994,-0.41232,2e-05,234.95789,33.0,4.2
2026-10-05T22:23:13Z,2027-03-26,172,88000.0,C,0.102,0.103,0.1025,88080.69,85926.11,0.3743,0.55244,2e-05,238.71286,331.4,7.8
2026-10-05T22:23:13Z,2027-03-26,172,88000.0,P,0.1005,0.102,0.1016,88080.69,85926.11,0.3743,-0.44756,2e-05,238.71286,66.8,14.8
2026-10-05T22:23:13Z,2027-03-26,172,90000.0,C,0.0915,0.093,0.0924,88080.99,85926.11,0.3734,0.51743,2e-05,240.56729,899.2,139.5
2026-10-05T22:23:13Z,2027-03-26,172,90000.0,P,0.113,0.1145,0.1142,88080.69,85926.11,0.3734,-0.48258,2e-05,240.56661,44.5,0.0
2026-10-05T22:23:13Z,2027-03-26,172,92000.0,C,0.0825,0.0835,0.0831,88080.99,85926.11,0.37270000000000003,0.48296,2e-05,240.57746,420.0,0.5
2026-10-05T22:23:13Z,2027-03-26,172,92000.0,P,0.1265,0.128,0.1276,88080.99,85926.11,0.37270000000000003,-0.51704,2e-05,240.57746,16.7,0.0
2026-10-05T22:23:13Z,2027-03-26,172,94000.0,C,0.074,0.075,0.0748,88080.99,85926.11,0.3728,0.44952,2e-05,238.86707,186.8,2.0
2026-10-05T22:23:13Z,2027-03-26,172,94000.0,P,0.141,0.142,0.142,88080.99,85926.11,0.3728,-0.55048,2e-05,238.86707,22.2,2.8
2026-10-05T22:23:13Z,2027-03-26,172,95000.0,C,0.07,0.0715,0.071,88080.69,85926.11,0.3729,0.43324,2e-05,237.41714,459.5,0.2
2026-10-05T22:23:13Z,2027-03-26,172,95000.0,P,0.148,0.1495,0.1495,88080.69,85926.11,0.3729,-0.56676,2e-05,237.41714,7.7,0.8
2026-10-05T22:23:13Z,2027-03-26,172,96000.0,C,0.0665,0.067,0.0672,88080.99,85926.11,0.3728,0.41714,2e-05,235.58488,280.8,0.0
2026-10-05T22:23:13Z,2027-03-26,172,96000.0,P,0.156,0.157,0.1571,88081.14,85926.11,0.3728,-0.58286,2e-05,235.58519,5.2,0.8
2026-10-05T22:23:13Z,2027-03-26,172,98000.0,C,0.0595,0.061,0.0604,88081.14,85926.11,0.3734,0.38623,2e-05,230.93784,239.3,9.0
2026-10-05T22:23:13Z,2027-03-26,172,98000.0,P,0.17,0.175,0.173,88081.14,85926.11,0.3734,-0.61377,2e-05,230.93784,1.6,0.0
2026-10-05T22:23:13Z,2027-03-26,172,100000.0,C,0.0535,0.0545,0.0542,88081.14,85926.11,0.3741,0.35687,2e-05,225.12932,1308.4,17.0
2026-10-05T22:23:13Z,2027-03-26,172,100000.0,P,0.1865,0.192,0.1895,88080.87,85926.11,0.3741,-0.64313,2e-05,225.12765,12.7,0.0
2026-10-05T22:23:13Z,2027-03-26,172,102000.0,C,0.048,0.049,0.0487,88081.14,85926.11,0.37520000000000003,0.32922,2e-05,218.3823,113.5,0.6
2026-10-05T22:23:13Z,2027-03-26,172,102000.0,P,0.2035,0.209,0.2068,88081.14,85926.11,0.37520000000000003,-0.67078,2e-05,218.3823,0.1,0.0
2026-10-05T22:23:13Z,2027-03-26,172,104000.0,C,0.043,0.0445,0.0437,88081.14,85926.11,0.3763,0.30314,2e-05,210.8485,136.7,0.3
2026-10-05T22:23:13Z,2027-03-26,172,104000.0,P,0.2215,0.226,0.2245,88081.14,85926.11,0.3763,-0.69686,2e-05,210.8485,0.1,0.0
2026-10-05T22:23:13Z,2027-03-26,172,105000.0,C,0.041,0.042,0.0414,88081.14,85926.11,0.37670000000000003,0.29062,2e-05,206.81959,244.7,1.8
2026-10-05T22:23:13Z,2027-03-26,172,105000.0,P,0.2305,0.236,0.2335,88081.14,85926.11,0.37670000000000003,-0.70938,2e-05,206.81959,2.4,0.0
2026-10-05T22:23:13Z,2027-03-26,172,106000.0,C,0.0385,0.04,0.0393,88081.14,85926.11,0.3774,0.27872,1e-05,202.73077,93.5,0.0
2026-10-05T22:23:13Z,2027-03-26,172,106000.0,P,0.24,0.245,0.2427,88081.14,85926.11,0.3774,-0.72128,1e-05,202.73077,0.1,0.0
2026-10-05T22:23:13Z,2027-03-26,172,108000.0,C,0.035,0.036,0.0353,88080.87,85926.11,0.3789,0.25614,1e-05,194.26998,98.0,0.0
2026-10-05T22:23:13Z,2027-03-26,172,108000.0,P,0.2585,0.264,0.2615,88081.14,85926.11,0.3789,-0.74386,1e-05,194.27208,0.1,0.0
2026-10-05T22:23:13Z,2027-03-26,172,110000.0,C,0.0315,0.0325,0.0318,88081.14,85926.11,0.3807,0.23532,1e-05,185.62174,1226.4,0.0
2026-10-05T22:23:13Z,2027-03-26,172,110000.0,P,0.2775,0.283,0.2806,88081.14,85926.11,0.3807,-0.76468,1e-05,185.62174,5.1,0.0
2026-10-05T22:23:13Z,2027-03-26,172,112000.0,C,0.028,0.029,0.0287,88081.14,85926.11,0.3826,0.21619,1e-05,176.93043,99.3,0.0
2026-10-05T22:23:13Z,2027-03-26,172,112000.0,P,0.297,0.303,0.3002,88083.02,85926.11,0.3826,-0.78378,1e-05,176.94538,0.1,0.0
2026-10-05T22:23:13Z,2027-03-26,172,115000.0,C,0.024,0.025,0.0245,88083.02,85926.11,0.38539999999999996,0.19004,1e-05,163.81867,572.0,0.0
2026-10-05T22:23:13Z,2027-03-26,172,115000.0,P,0.327,0.333,0.3302,88083.02,85926.11,0.38539999999999996,-0.80996,1e-05,163.81867,3.0,0.0
2026-10-05T22:23:13Z,2027-03-26,172,120000.0,C,0.0185,0.0195,0.0191,88083.02,85926.11,0.3906,0.1535,1e-05,142.91192,835.9,0.0
2026-10-05T22:23:13Z,2027-03-26,172,120000.0,P,0.3785,0.3845,0.3815,88081.14,85926.11,0.3906,-0.84651,1e-05,142.89723,9.9,0.0
2026-10-05T22:23:13Z,2027-03-26,172,125000.0,C,0.0145,0.0155,0.0151,88083.02,85926.11,0.39740000000000003,0.12527,1e-05,124.44116,430.5,0.1
2026-10-05T22:23:13Z,2027-03-26,172,125000.0,P,0.431,0.4375,0.4343,88083.02,85926.11,0.39740000000000003,-0.87473,1e-05,124.44116,0.1,0.0
2026-10-05T22:23:13Z,2027-03-26,172,130000.0,C,0.0115,0.0125,0.0121,88083.02,85926.11,0.40380000000000005,0.10236,1e-05,107.74639,1193.3,0.0
2026-10-05T22:23:13Z,2027-03-26,172,130000.0,P,0.485,0.4915,0.488,88083.02,85926.11,0.40380000000000005,-0.89764,1e-05,107.74639,0.5,0.0
2026-10-05T22:23:13Z,2027-03-26,172,140000.0,C,0.008,0.0085,0.0081,88083.02,85926.11,0.4189,0.07069,1e-05,81.65383,903.4,0.0
2026-10-05T22:23:13Z,2027-03-26,172,140000.0,P,0.5945,0.601,0.5975,88083.02,85926.11,0.4189,-0.92931,1e-05,81.65383,10.9,0.0
2026-10-05T22:23:13Z,2027-03-26,172,150000.0,C,0.0055,0.006,0.0058,88083.02,85926.11,0.4366,0.05156,0.0,63.79848,1866.5,0.0
2026-10-05T22:23:13Z,2027-03-26,172,150000.0,P,0.705,0.7125,0.7088,88081.14,85926.11,0.4366,-0.94844,0.0,63.7897,0.6,0.0
2026-10-05T22:23:13Z,2027-03-26,172,160000.0,C,0.004,0.0044,0.0043,88083.02,85926.11,0.4521,0.03822,0.0,50.12071,1034.4,0.0
2026-10-05T22:23:13Z,2027-03-26,172,160000.0,P,0.8165,0.8245,0.8208,88081.14,85926.11,0.4521,-0.96179,0.0,50.11353,0.1,0.0
2026-10-05T22:23:13Z,2027-03-26,172,170000.0,C,0.0032,0.0036,0.0034,88083.02,85926.11,0.47090000000000004,0.0303,0.0,41.41199,1003.4,5.0
2026-10-05T22:23:13Z,2027-03-26,172,170000.0,P,0.929,0.9375,0.9334,88083.02,85926.11,0.47090000000000004,-0.9697,0.0,41.41199,0.4,0.0
2026-10-05T22:23:13Z,2027-03-26,172,180000.0,C,0.0024,0.0029,0.0027,88083.02,85926.11,0.4853,0.02371,0.0,33.73729,689.4,0.0
2026-10-05T22:23:13Z,2027-03-26,172,180000.0,P,1.0355,1.0595,1.0462,88083.02,85926.11,0.4853,-0.97629,0.0,33.73729,0.1,0.0
2026-10-05T22:23:13Z,2027-03-26,172,190000.0,C,0.002,0.0024,0.0022,88083.02,85926.11,0.5011,0.01936,0.0,28.42635,704.2,4.2
2026-10-05T22:23:13Z,2027-03-26,172,190000.0,P,1.147,1.17,1.1593,88083.02,85926.11,0.5011,-0.98064,0.0,28.42635,0.9,0.0
2026-10-05T22:23:13Z,2027-03-26,172,200000.0,C,0.0016,0.002,0.0018,88083.02,85926.11,0.5147999999999999,0.01585,0.0,23.96383,502.9,13.5
2026-10-05T22:23:13Z,2027-03-26,172,200000.0,P,1.2605,1.285,1.2724,88083.02,85926.11,0.5147999999999999,-0.98415,0.0,23.96383,1.0,0.0
2026-10-05T22:23:13Z,2027-06-25,263,30000.0,C,0.665,0.6675,0.6663,89278.26,85926.11,0.6314,0.98941,0.0,21.20288,87.4,0.0
2026-10-05T22:23:13Z,2027-06-25,263,30000.0,P,0.002,0.0027,0.0023,89278.26,85926.11,0.6314,-0.01059,0.0,21.20288,530.2,0.0
2026-10-05T22:23:13Z,2027-06-25,263,40000.0,C,0.5555,0.5585,0.5569,89280.26,85926.11,0.5429999999999999,0.97581,0.0,43.0377,24.1,0.0
2026-10-05T22:23:13Z,2027-06-25,263,40000.0,P,0.0046,0.005,0.005,89278.26,85926.11,0.5429999999999999,-0.02419,0.0,43.04087,1251.0,6.5
2026-10-05T22:23:13Z,2027-06-25,263,45000.0,C,0.5015,0.5045,0.503,89278.26,85926.11,0.5068,0.96479,0.0,58.77574,15.4,0.0
2026-10-05T22:23:13Z,2027-06-25,263,45000.0,P,0.0065,0.008,0.0071,89278.26,85926.11,0.5068,-0.03521,0.0,58.77574,161.6,1.1
2026-10-05T22:23:13Z,2027-06-25,263,50000.0,C,0.449,0.452,0.4505,89278.26,85926.11,0.48090000000000005,0.94798,0.0,80.57234,20.2,0.0
2026-10-05T22:23:13Z,2027-06-25,263,50000.0,P,0.01,0.011,0.0105,89278.26,85926.11,0.48090000000000005,-0.05202,0.0,80.57234,342.9,0.0
2026-10-05T22:23:13Z,2027-06-25,263,52000.0,C,0.4285,0.431,0.4298,89280.26,85926.11,0.47159999999999996,0.93965,0.0,90.59089,1.1,0.0
2026-10-05T22:23:13Z,2027-06-25,263,52000.0,P,0.0115,0.013,0.0123,89280.36,85926.11,0.47159999999999996,-0.06035,0.0,90.59048,51.1,1.0
2026-10-05T22:23:13Z,2027-06-25,263,54000.0,C,0.408,0.4105,0.4093,89280.26,85926.11,0.4617,0.93059,0.0,100.98045,1.0,0.0
2026-10-05T22:23:13Z,2027-06-25,263,54000.0,P,0.0135,0.015,0.0141,89280.36,85926.11,0.4617,-0.06941,0.0,100.98014,50.6,0.1
2026-10-05T22:23:13Z,2027-06-25,263,55000.0,C,0.3975,0.4005,0.3992,89280.26,85926.11,0.45770000000000005,0.92541,0.0,106.71243,3.7,0.0
2026-10-05T22:23:13Z,2027-06-25,263,55000.0,P,0.0145,0.016,0.0153,89280.26,85926.11,0.45770000000000005,-0.07459,0.0,106.71243,36.9,0.0
2026-10-05T22:23:13Z,2027-06-25,263,56000.0,C,0.3875,0.3905,0.389,89280.26,85926.11,0.4522,0.92046,0.0,112.0452,2.9,0.0
2026-10-05T22:23:13Z,2027-06-25,263,56000.0,P,0.0155,0.017,0.0163,89280.36,85926.11,0.4522,-0.07954,0.0,112.04486,85.5,0.0
2026-10-05T22:23:13Z,2027-06-25,263,58000.0,C,0.367,0.3705,0.3691,89280.26,85926.11,0.4439,0.90893,0.0,124.00868,13.8,0.0
2026-10-05T22:23:13Z,2027-06-25,263,58000.0,P,0.018,0.0195,0.0188,89280.26,85926.11,0.4439,-0.09107,0.0,124.00868,101.6,0.0
2026-10-05T22:23:13Z,2027-06-25,263,60000.0,C,0.348,0.351,0.3497,89280.26,85926.11,0.4371,0.89573,1e-05,136.95131,969.9,0.0
2026-10-05T22:23:13Z,2027-06-25,263,60000.0,P,0.021,0.0225,0.0218,89280.36,85926.11,0.4371,-0.10427,1e-05,136.95094,241.2,2.0
2026-10-05T22:23:13Z,2027-06-25,263,62000.0,C,0.329,0.3315,0.3303,89280.26,85926.11,0.4285,0.88207,1e-05,149.57811,122.9,5.0
2026-10-05T22:23:13Z,2027-06-25,263,62000.0,P,0.024,0.0255,0.0248,89280.36,85926.11,0.4285,-0.11793,1e-05,149.57773,115.8,0.0
2026-10-05T22:23:13Z,2027-06-25,263,64000.0,C,0.31,0.313,0.3119,89280.36,85926.11,0.4236,0.86574,1e-05,163.73916,33.5,0.0
2026-10-05T22:23:13Z,2027-06-25,263,64000.0,P,0.028,0.0295,0.0288,89280.36,85926.11,0.4236,-0.13426,1e-05,163.73916,64.1,0.0
2026-10-05T22:23:13Z,2027-06-25,263,65000.0,C,0.301,0.304,0.3027,89280.26,85926.11,0.4204,0.85739,1e-05,170.60771,9.1,0.0
2026-10-05T22:23:13Z,2027-06-25,263,65000.0,P,0.03,0.0315,0.0308,89280.26,85926.11,0.4204,-0.14261,1e-05,170.60771,51.4,0.0
2026-10-05T22:23:13Z,2027-06-25,263,66000.0,C,0.292,0.295,0.2935,89280.14,85926.11,0.4167,0.84891,1e-05,177.35267,25.6,0.0
2026-10-05T22:23:13Z,2027-06-25,263,66000.0,P,0.032,0.0335,0.0328,89280.14,85926.11,0.4167,-0.15109,1e-05,177.35267,66.7,0.0
2026-10-05T22:23:13Z,2027-06-25,263,68000.0,C,0.2745,0.277,0.2759,89280.14,85926.11,0.4114,0.83019,1e-05,191.42206,14.7,0.0
2026-10-05T22:23:13Z,2027-06-25,263,68000.0,P,0.0365,0.0385,0.0375,89280.14,85926.11,0.4114,-0.16981,1e-05,191.42206,24.6,0.0
2026-10-05T22:23:13Z,2027-06-25,263,70000.0,C,0.257,0.26,0.2588,89280.36,85926.11,0.4065,0.81008,1e-05,205.37065,207.3,0.0
2026-10-05T22:23:13Z,2027-06-25,263,70000.0,P,0.042,0.0435,0.0428,89280.14,85926.11,0.4065,-0.18993,1e-05,205.37144,148.0,0.0
2026-10-05T22:23:13Z,2027-06-25,263,72000.0,C,0.2405,0.2435,0.2423,89280.36,85926.11,0.4025,0.78843,1e-05,219.12356,87.2,0.0
2026-10-05T22:23:13Z,2027-06-25,263,72000.0,P,0.048,0.0495,0.0488,89280.14,85926.11,0.4025,-0.21158,1e-05,219.12429,54.4,0.0
2026-10-05T22:23:13Z,2027-06-25,263,74000.0,C,0.225,0.2275,0.2265,89280.14,85926.11,0.3986,0.76559,1e-05,232.30338,23.3,0.0
2026-10-05T22:23:13Z,2027-06-25,263,74000.0,P,0.0545,0.056,0.0554,89280.14,85926.11,0.3986,-0.23441,1e-05,232.30338,21.6,0.1
2026-10-05T22:23:13Z,2027-06-25,263,76000.0,C,0.21,0.2125,0.2114,89280.36,85926.11,0.39549999999999996,0.74148,1e-05,244.81863,73.2,0.0
2026-10-05T22:23:13Z,2027-06-25,263,76000.0,P,0.0615,0.0635,0.0627,89280.36,85926.11,0.39549999999999996,-0.25852,1e-05,244.81863,73.7,0.0
2026-10-05T22:23:13Z,2027-06-25,263,78000.0,C,0.1955,0.198,0.197,89280.14,85926.11,0.39270000000000005,0.71638,1e-05,256.40168,104.0,0.3
2026-10-05T22:23:13Z,2027-06-25,263,78000.0,P,0.0695,0.0715,0.0707,89280.36,85926.11,0.39270000000000005,-0.28361,1e-05,256.40123,106.6,0.1
2026-10-05T22:23:13Z,2027-06-25,263,80000.0,C,0.182,0.1845,0.1835,89280.14,85926.11,0.3909,0.69036,1e-05,266.92776,185.0,0.0
2026-10-05T22:23:13Z,2027-06-25,263,80000.0,P,0.0785,0.0805,0.0795,89280.14,85926.11,0.3909,-0.30964,1e-05,266.92776,55.4,0.1
2026-10-05T22:23:13Z,2027-06-25,263,82000.0,C,0.169,0.1715,0.1704,89280.14,85926.11,0.3887,0.6638,1e-05,276.16616,68.3,0.0
2026-10-05T22:23:13Z,2027-06-25,263,82000.0,P,0.0875,0.09,0.0889,89280.36,85926.11,0.3887,-0.33619,1e-05,276.16597,34.7,0.1
2026-10-05T22:23:13Z,2027-06-25,263,84000.0,C,0.157,0.159,0.1582,89280.14,85926.11,0.3872,0.63677,1e-05,284.06919,528.8,0.0
2026-10-05T22:23:13Z,2027-06-25,263,84000.0,P,0.098,0.1,0.0991,89280.36,85926.11,0.3872,-0.36323,1e-05,284.06914,507.5,0.0
2026-10-05T22:23:13Z,2027-06-25,263,85000.0,C,0.151,0.1535,0.1523,89280.14,85926.11,0.3862,0.62315,1e-05,287.49053,163.2,0.0
2026-10-05T22:23:13Z,2027-06-25,263,85000.0,P,0.103,0.1055,0.1044,89280.14,85926.11,0.3862,-0.37685,1e-05,287.49053,16.8,0.4
2026-10-05T22:23:13Z,2027-06-25,263,86000.0,C,0.1455,0.1475,0.1467,89280.36,85926.11,0.3857,0.60949,1e-05,290.55029,43.7,0.0
2026-10-05T22:23:13Z,2027-06-25,263,86000.0,P,0.109,0.111,0.11,89280.14,85926.11,0.3857,-0.39051,1e-05,290.55018,2.0,0.1
2026-10-05T22:23:13Z,2027-06-25,263,88000.0,C,0.135,0.137,0.136,89280.36,85926.11,0.3848,0.58216,1e-05,295.56953,52.4,0.0
2026-10-05T22:23:13Z,2027-06-25,263,88000.0,P,0.1205,0.123,0.1216,89280.36,85926.11,0.3848,-0.41784,1e-05,295.56953,30.7,0.0
2026-10-05T22:23:13Z,2027-06-25,263,90000.0,C,0.125,0.127,0.1258,89280.14,85926.11,0.3839,0.55491,1e-05,299.13007,749.8,0.0
2026-10-05T22:23:13Z,2027-06-25,263,90000.0,P,0.1325,0.135,0.1339,89280.14,85926.11,0.3839,-0.44509,1e-05,299.13007,87.4,0.1
2026-10-05T22:23:13Z,2027-06-25,263,92000.0,C,0.1155,0.1175,0.1164,89280.36,85926.11,0.3834,0.52799,1e-05,301.25266,45.2,30.0
2026-10-05T22:23:13Z,2027-06-25,263,92000.0,P,0.1455,0.148,0.1469,89280.14,85926.11,0.3834,-0.47201,1e-05,301.25208,0.3,0.0
2026-10-05T22:23:13Z,2027-06-25,263,94000.0,C,0.1065,0.1085,0.1077,89280.14,85926.11,0.3832,0.50157,1e-05,301.99312,29.7,0.0
2026-10-05T22:23:13Z,2027-06-25,263,94000.0,P,0.1585,0.162,0.1606,89280.14,85926.11,0.3832,-0.49843,1e-05,301.99312,0.1,0.0
2026-10-05T22:23:13Z,2027-06-25,263,95000.0,C,0.1025,0.1045,0.1034,89280.36,85926.11,0.3829,0.48845,1e-05,301.86957,58.2,0.0
2026-10-05T22:23:13Z,2027-06-25,263,95000.0,P,0.1655,0.169,0.1675,89280.36,85926.11,0.3829,-0.51155,1e-05,301.86957,40.2,0.0
2026-10-05T22:23:13Z,2027-06-25,263,96000.0,C,0.0985,0.1005,0.0994,89280.14,85926.11,0.38280000000000003,0.47555,1e-05,301.42809,151.6,0.0
2026-10-05T22:23:13Z,2027-06-25,263,96000.0,P,0.1735,0.176,0.1747,89280.36,85926.11,0.38280000000000003,-0.52445,1e-05,301.42897,0.1,0.0
2026-10-05T22:23:13Z,2027-06-25,263,98000.0,C,0.091,0.093,0.0919,89280.14,85926.11,0.3829,0.45038,1e-05,299.65691,112.0,0.0
2026-10-05T22:23:13Z,2027-06-25,263,98000.0,P,0.188,0.191,0.1896,89280.49,85926.11,0.3829,-0.54961,1e-05,299.65853,0.1,0.0
2026-10-05T22:23:13Z,2027-06-25,263,100000.0,C,0.084,0.086,0.0849,89280.14,85926.11,0.3831,0.42597,1e-05,296.78151,203.2,0.0
2026-10-05T22:23:13Z,2027-06-25,263,100000.0,P,0.203,0.2065,0.205,89280.14,85926.11,0.3831,-0.57403,1e-05,296.78151,2.4,0.0
2026-10-05T22:23:13Z,2027-06-25,263,102000.0,C,0.0775,0.0795,0.0784,89280.14,85926.11,0.3834,0.40239,1e-05,292.91106,53.1,0.0
2026-10-05T22:23:13Z,2027-06-25,263,102000.0,P,0.2185,0.2225,0.2209,89280.14,85926.11,0.3834,-0.59761,1e-05,292.91106,0.0,0.0
2026-10-05T22:23:13Z,2027-06-25,263,104000.0,C,0.0715,0.0735,0.0726,89280.49,85926.11,0.3843,0.38001,1e-05,288.23183,185.9,0.0
2026-10-05T22:23:13Z,2027-06-25,263,104000.0,P,0.235,0.239,0.2374,89280.49,85926.11,0.3843,-0.61999,1e-05,288.23183,0.0,0.0
2026-10-05T22:23:13Z,2027-06-25,263,105000.0,C,0.069,0.0705,0.0698,89280.49,85926.11,0.3846,0.36909,1e-05,285.58721,163.5,0.0
2026-10-05T22:23:13Z,2027-06-25,263,105000.0,P,0.2435,0.2475,0.2458,89280.49,85926.11,0.3846,-0.63091,1e-05,285.58721,2.1,0.0
2026-10-05T22:23:13Z,2027-06-25,263,106000.0,C,0.0665,0.068,0.0671,89280.49,85926.11,0.3851,0.35852,1e-05,282.80035,18.9,0.1
2026-10-05T22:23:13Z,2027-06-25,263,106000.0,P,0.252,0.257,0.2544,89280.14,85926.11,0.3851,-0.64149,1e-05,282.79801,0.0,0.0
2026-10-05T22:23:13Z,2027-06-25,263,108000.0,C,0.061,0.063,0.0621,89280.49,85926.11,0.3859,0.3379,1e-05,276.71121,35.2,0.0
2026-10-05T22:23:13Z,2027-06-25,263,108000.0,P,0.2695,0.274,0.2717,89280.49,85926.11,0.3859,-0.6621,1e-05,276.71121,0.2,0.0
2026-10-05T22:23:13Z,2027-06-25,263,110000.0,C,0.0565,0.058,0.0574,89280.14,85926.11,0.38659999999999994,0.31816,1e-05,270.0515,289.0,4.5
2026-10-05T22:23:13Z,2027-06-25,263,110000.0,P,0.2875,0.292,0.2894,89280.49,85926.11,0.38659999999999994,-0.68184,1e-05,270.05408,5.3,0.0
2026-10-05T22:23:13Z,2027-06-25,263,112000.0,C,0.0525,0.054,0.0532,89280.14,85926.11,0.38789999999999997,0.29983,1e-05,263.13052,0.0,0.0
2026-10-05T22:23:13Z,2027-06-25,263,112000.0,P,0.305,0.31,0.3077,89280.38,85926.11,0.38789999999999997,-0.70017,1e-05,263.13249,0.0,0.0
2026-10-05T22:23:13Z,2027-06-25,263,114000.0,C,0.0485,0.05,0.0492,89280.38,85926.11,0.38880000000000003,0.28208,1e-05,255.73425,6.0,0.0
2026-10-05T22:23:13Z,2027-06-25,263,114000.0,P,0.3235,0.3285,0.3261,89280.38,85926.11,0.38880000000000003,-0.71792,1e-05,255.73425,0.0,0.0
2026-10-05T22:23:13Z,2027-06-25,263,115000.0,C,0.0465,0.0485,0.0474,89280.49,85926.11,0.3895,0.2738,1e-05,252.04365,150.1,0.0
2026-10-05T22:23:13Z,2027-06-25,263,115000.0,P,0.333,0.338,0.3355,89280.38,85926.11,0.3895,-0.7262,1e-05,252.04277,1.0,0.0
2026-10-05T22:23:13Z,2027-06-25,263,116000.0,C,0.045,0.0465,0.0457,89280.38,85926.11,0.39030000000000004,0.26578,1e-05,248.31602,0.0,0.0
2026-10-05T22:23:13Z,2027-06-25,263,116000.0,P,0.3425,0.348,0.345,89280.38,85926.11,0.39030000000000004,-0.73422,1e-05,248.31617,0.0,0.0
2026-10-05T22:23:13Z,2027-06-25,263,120000.0,C,0.0385,0.04,0.0393,89280.49,85926.11,0.39280000000000004,0.23531,1e-05,232.79535,352.3,0.0
2026-10-05T22:23:13Z,2027-06-25,263,120000.0,P,0.3805,0.3865,0.3834,89280.38,85926.11,0.39280000000000004,-0.76469,1e-05,232.79426,0.9,0.0
2026-10-05T22:23:13Z,2027-06-25,263,125000.0,C,0.032,0.0335,0.0328,89280.49,85926.11,0.3967,0.20258,1e-05,213.56409,640.2,0.0
2026-10-05T22:23:13Z,2027-06-25,263,125000.0,P,0.43,0.436,0.4329,89280.38,85926.11,0.3967,-0.79742,1e-05,213.56318,0.0,0.0
2026-10-05T22:23:13Z,2027-06-25,263,130000.0,C,0.027,0.0285,0.0277,89280.49,85926.11,0.40159999999999996,0.17536,1e-05,195.39154,771.7,0.0
2026-10-05T22:23:13Z,2027-06-25,263,130000.0,P,0.4805,0.4875,0.4838,89280.38,85926.11,0.40159999999999996,-0.82464,1e-05,195.39067,3.9,0.0
2026-10-05T22:23:13Z,2027-06-25,263,135000.0,C,0.0225,0.0245,0.0233,89280.38,85926.11,0.4053,0.15118,1e-05,177.42464,12.8,0.0
2026-10-05T22:23:13Z,2027-06-25,263,135000.0,P,0.5325,0.539,0.5354,89280.38,85926.11,0.4053,-0.84882,1e-05,177.42464,0.0,0.0
2026-10-05T22:23:13Z,2027-06-25,263,140000.0,C,0.0195,0.021,0.0202,89280.38,85926.11,0.41159999999999997,0.13254,1e-05,162.29375,378.4,0.0
2026-10-05T22:23:13Z,2027-06-25,263,140000.0,P,0.5845,0.592,0.5883,89280.38,85926.11,0.41159999999999997,-0.86746,1e-05,162.29375,3.4,0.0
2026-10-05T22:23:13Z,2027-06-25,263,150000.0,C,0.014,0.0155,0.0147,89280.38,85926.11,0.4199,0.10036,1e-05,133.19833,219.3,0.0
2026-10-05T22:23:13Z,2027-06-25,263,150000.0,P,0.6915,0.699,0.6948,89280.49,85926.11,0.4199,-0.89964,1e-05,133.19909,1.1,0.0
2026-10-05T22:23:13Z,2027-06-25,263,160000.0,C,0.011,0.012,0.0115,89280.38,85926.11,0.4321,0.07942,0.0,111.91808,698.4,0.0
2026-10-05T22:23:13Z,2027-06-25,263,160000.0,P,0.8,0.808,0.8036,89280.38,85926.11,0.4321,-0.92058,0.0,111.91808,0.2,0.0
2026-10-05T22:23:13Z,2027-06-25,263,170000.0,C,0.0085,0.01,0.0091,89280.38,85926.11,0.44380000000000003,0.06382,0.0,94.6293,153.0,0.0
2026-10-05T22:23:13Z,2027-06-25,263,170000.0,P,0.9095,0.918,0.9132,89280.38,85926.11,0.44380000000000003,-0.93618,0.0,94.6293,15.1,0.1
2026-10-05T22:23:13Z,2027-06-25,263,180000.0,C,0.0065,0.008,0.0072,89280.49,85926.11,0.4532,0.05129,0.0,79.67046,66.7,0.0
2026-10-05T22:23:13Z,2027-06-25,263,180000.0,P,1.011,1.0415,1.0233,89280.38,85926.11,0.4532,-0.94871,0.0,79.66994,0.0,0.0
2026-10-05T22:23:13Z,2027-06-25,263,190000.0,C,0.0055,0.0065,0.006,89280.49,85926.11,0.4645,0.04267,0.0,68.73818,67.0,0.0
2026-10-05T22:23:13Z,2027-06-25,263,190000.0,P,1.12,1.1545,1.1341,89280.38,85926.11,0.4645,-0.95733,0.0,68.73773,0.6,0.0
2026-10-05T22:23:13Z,2027-06-25,263,200000.0,C,0.0045,0.0055,0.005,89280.38,85926.11,0.4746,0.03569,0.0,59.44308,234.4,0.1
2026-10-05T22:23:13Z,2027-06-25,263,200000.0,P,1.2305,1.2655,1.2451,89280.49,85926.11,0.4746,-0.96431,0.0,59.44348,2.1,0.0
2026-10-05T22:23:13Z,2027-09-24,354,50000.0,C,0.461,0.464,0.4626,90443.8,85926.11,0.46549999999999997,0.93612,0.0,111.32521,1.5,0.0
2026-10-05T22:23:13Z,2027-09-24,354,50000.0,P,0.0145,0.016,0.0154,90444.06,85926.11,0.46549999999999997,-0.06388,0.0,111.32461,738.5,5.6
2026-10-05T22:23:13Z,2027-09-24,354,60000.0,C,0.365,0.368,0.3666,90444.06,85926.11,0.4304,0.88117,1e-05,176.79943,0.0,0.0
2026-10-05T22:23:13Z,2027-09-24,354,60000.0,P,0.029,0.031,0.03,90444.06,85926.11,0.4304,-0.11883,1e-05,176.79943,18.6,0.2
2026-10-05T22:23:13Z,2027-09-24,354,65000.0,C,0.3205,0.324,0.3224,90444.06,85926.11,0.4175,0.84363,1e-05,213.29893,2.1,0.1
2026-10-05T22:23:13Z,2027-09-24,354,65000.0,P,0.04,0.042,0.0411,90443.8,85926.11,0.4175,-0.15637,1e-05,213.29982,3.2,0.0
2026-10-05T22:23:13Z,2027-09-24,354,70000.0,C,0.2795,0.283,0.2811,90443.8,85926.11,0.4071,0.79953,1e-05,249.50542,5.0,0.1
2026-10-05T22:23:13Z,2027-09-24,354,70000.0,P,0.054,0.056,0.0551,90443.8,85926.11,0.4071,-0.20047,1e-05,249.50542,3.6,1.0
2026-10-05T22:23:13Z,2027-09-24,354,72000.0,C,0.264,0.2675,0.2657,90443.8,85926.11,0.4039,0.78012,1e-05,263.42666,0.0,0.0
2026-10-05T22:23:13Z,2027-09-24,354,72000.0,P,0.0605,0.0625,0.0617,90443.8,85926.11,0.4039,-0.21988,1e-05,263.42666,2.1,0.0
2026-10-05T22:23:13Z,2027-09-24,354,74000.0,C,0.249,0.2525,0.2508,90443.8,85926.11,0.4011,0.75983,1e-05,276.7703,1.4,0.0
2026-10-05T22:23:13Z,2027-09-24,354,74000.0,P,0.0675,0.07,0.069,90443.8,85926.11,0.4011,-0.24017,1e-05,276.7703,25.1,0.0
2026-10-05T22:23:13Z,2027-09-24,354,76000.0,C,0.235,0.2385,0.2366,90444.06,85926.11,0.3987,0.7388,1e-05,289.3521,7.6,0.0
2026-10-05T22:23:13Z,2027-09-24,354,76000.0,P,0.0755,0.078,0.0769,90443.8,85926.11,0.3987,-0.2612,1e-05,289.35262,25.2,0.0
2026-10-05T22:23:13Z,2027-09-24,354,78000.0,C,0.221,0.2245,0.223,90444.06,85926.11,0.3967,0.71714,1e-05,301.05106,12.2,0.0
2026-10-05T22:23:13Z,2027-09-24,354,78000.0,P,0.084,0.0865,0.0854,90443.8,85926.11,0.3967,-0.28286,1e-05,301.05147,0.1,0.0
2026-10-05T22:23:13Z,2027-09-24,354,80000.0,C,0.208,0.2115,0.21,90443.8,85926.11,0.395,0.69498,1e-05,311.73805,16.5,0.0
2026-10-05T22:23:13Z,2027-09-24,354,80000.0,P,0.093,0.0955,0.0945,90443.8,85926.11,0.395,-0.30502,1e-05,311.73805,300.4,0.0
2026-10-05T22:23:13Z,2027-09-24,354,82000.0,C,0.196,0.1995,0.1976,90444.06,85926.11,0.3935,0.67246,1e-05,321.32316,0.3,0.0
2026-10-05T22:23:13Z,2027-09-24,354,82000.0,P,0.1025,0.1055,0.1043,90443.8,85926.11,0.3935,-0.32754,1e-05,321.3233,1.2,0.0
2026-10-05T22:23:13Z,2027-09-24,354,84000.0,C,0.184,0.1875,0.1859,90443.8,85926.11,0.3924,0.64969,1e-05,329.74303,502.4,0.0
2026-10-05T22:23:13Z,2027-09-24,354,84000.0,P,0.113,0.116,0.1147,90443.8,85926.11,0.3924,-0.35031,1e-05,329.74303,501.0,0.0
2026-10-05T22:23:13Z,2027-09-24,354,86000.0,C,0.1725,0.1765,0.1747,90443.8,85926.11,0.3912,0.62678,1e-05,336.95572,1.5,0.1
2026-10-05T22:23:13Z,2027-09-24,354,86000.0,P,0.124,0.127,0.1255,90443.8,85926.11,0.3912,-0.37322,1e-05,336.95572,4.4,0.0
2026-10-05T22:23:13Z,2027-09-24,354,88000.0,C,0.162,0.1655,0.1638,90443.8,85926.11,0.3896,0.60377,1e-05,342.95878,19.2,0.0
2026-10-05T22:23:13Z,2027-09-24,354,88000.0,P,0.1355,0.1385,0.1368,90443.8,85926.11,0.3896,-0.39623,1e-05,342.95878,1.3,0.0
2026-10-05T22:23:13Z,2027-09-24,354,90000.0,C,0.153,0.1555,0.1539,90443.8,85926.11,0.38909999999999995,0.58094,1e-05,347.70699,11.9,0.0
2026-10-05T22:23:13Z,2027-09-24,354,90000.0,P,0.1475,0.1505,0.149,90444.32,85926.11,0.38909999999999995,-0.41906,1e-05,347.70792,2.6,0.0
2026-10-05T22:23:13Z,2027-09-24,354,92000.0,C,0.1435,0.146,0.1445,90444.32,85926.11,0.3886,0.55827,1e-05,351.24615,1.1,0.0
2026-10-05T22:23:13Z,2027-09-24,354,92000.0,P,0.16,0.1635,0.1617,90444.32,85926.11,0.3886,-0.44173,1e-05,351.24615,0.0,0.0
2026-10-05T22:23:13Z,2027-09-24,354,94000.0,C,0.1345,0.137,0.1356,90444.32,85926.11,0.3884,0.53592,1e-05,353.60041,1.1,0.0
2026-10-05T22:23:13Z,2027-09-24,354,94000.0,P,0.173,0.1765,0.1749,90444.32,85926.11,0.3884,-0.46408,1e-05,353.60041,0.0,0.0
2026-10-05T22:23:13Z,2027-09-24,354,96000.0,C,0.126,0.1285,0.1272,90444.32,85926.11,0.3881,0.51388,1e-05,354.82593,0.4,0.0
2026-10-05T22:23:13Z,2027-09-24,354,96000.0,P,0.187,0.191,0.1887,90443.8,85926.11,0.3881,-0.48613,1e-05,354.82407,0.0,0.0
2026-10-05T22:23:13Z,2027-09-24,354,98000.0,C,0.1185,0.121,0.1195,90444.32,85926.11,0.3883,0.49246,1e-05,354.97727,0.5,0.0
2026-10-05T22:23:13Z,2027-09-24,354,98000.0,P,0.2005,0.2055,0.203,90444.32,85926.11,0.3883,-0.50754,1e-05,354.97727,0.0,0.0
2026-10-05T22:23:13Z,2027-09-24,354,100000.0,C,0.111,0.1135,0.112,90444.32,85926.11,0.3881,0.47129,1e-05,354.12106,11.7,0.3
2026-10-05T22:23:13Z,2027-09-24,354,100000.0,P,0.2155,0.2205,0.2177,90444.32,85926.11,0.3881,-0.52871,1e-05,354.12106,0.0,0.0
2026-10-05T22:23:13Z,2027-09-24,354,102000.0,C,0.104,0.1065,0.105,90443.8,85926.11,0.3881,0.45069,1e-05,352.3232,2.7,0.0
2026-10-05T22:23:13Z,2027-09-24,354,102000.0,P,0.2305,0.2355,0.2328,90443.8,85926.11,0.3881,-0.54931,1e-05,352.3232,0.0,0.0
2026-10-05T22:23:13Z,2027-09-24,354,104000.0,C,0.0975,0.1,0.0986,90443.8,85926.11,0.3885,0.43085,1e-05,349.6917,5.7,0.3
2026-10-05T22:23:13Z,2027-09-24,354,104000.0,P,0.246,0.2515,0.2485,90443.8,85926.11,0.3885,-0.56915,1e-05,349.6917,0.0,0.0
2026-10-05T22:23:13Z,2027-09-24,354,106000.0,C,0.0915,0.0935,0.0924,90444.32,85926.11,0.3885,0.41138,1e-05,346.24367,0.1,0.0
2026-10-05T22:23:13Z,2027-09-24,354,106000.0,P,0.262,0.2675,0.2644,90444.32,85926.11,0.3885,-0.58862,1e-05,346.24367,0.0,0.0
2026-10-05T22:23:13Z,2027-09-24,354,108000.0,C,0.086,0.088,0.0869,90444.32,85926.11,0.38939999999999997,0.39304,1e-05,342.20302,0.0,0.0
2026-10-05T22:23:13Z,2027-09-24,354,108000.0,P,0.2785,0.284,0.281,90444.36,85926.11,0.38939999999999997,-0.60696,1e-05,342.20328,0.0,0.0
2026-10-05T22:23:13Z,2027-09-24,354,110000.0,C,0.0805,0.0825,0.0815,90444.36,85926.11,0.3898,0.37502,1e-05,337.47306,200.6,0.0
2026-10-05T22:23:13Z,2027-09-24,354,110000.0,P,0.2945,0.3035,0.2978,90444.36,85926.11,0.3898,-0.62498,1e-05,337.47306,0.2,0.0
2026-10-05T22:23:13Z,2027-09-24,354,112000.0,C,0.076,0.0775,0.0766,90444.36,85926.11,0.39049999999999996,0.35788,1e-05,332.26625,0.0,0.0
2026-10-05T22:23:13Z,2027-09-24,354,112000.0,P,0.3125,0.318,0.315,90444.32,85926.11,0.39049999999999996,-0.64212,1e-05,332.26596,0.0,0.0
2026-10-05T22:23:13Z,2027-09-24,354,114000.0,C,0.071,0.073,0.0719,90444.36,85926.11,0.391,0.34118,1e-05,326.52041,0.0,0.0
2026-10-05T22:23:13Z,2027-09-24,354,114000.0,P,0.3295,0.3355,0.3324,90444.36,85926.11,0.391,-0.65882,1e-05,326.52041,0.0,0.0
2026-10-05T22:23:13Z,2027-09-24,354,116000.0,C,0.067,0.0685,0.0677,90444.32,85926.11,0.39189999999999997,0.32541,1e-05,320.47461,0.3,0.0
2026-10-05T22:23:13Z,2027-09-24,354,116000.0,P,0.343,0.3535,0.3502,90444.36,85926.11,0.39189999999999997,-0.67459,1e-05,320.47492,0.0,0.0
2026-10-05T22:23:13Z,2027-09-24,354,118000.0,C,0.063,0.0645,0.0637,90444.36,85926.11,0.39280000000000004,0.31032,1e-05,314.11337,0.1,0.0
2026-10-05T22:23:13Z,2027-09-24,354,118000.0,P,0.3655,0.372,0.3683,90444.36,85926.11,0.39280000000000004,-0.68968,1e-05,314.11337,0.0,0.0
2026-10-05T22:23:13Z,2027-09-24,354,120000.0,C,0.059,0.061,0.06,90444.36,85926.11,0.39399999999999996,0.29614,1e-05,307.61058,12.1,0.0
2026-10-05T22:23:13Z,2027-09-24,354,120000.0,P,0.384,0.3905,0.3868,90444.36,85926.11,0.39399999999999996,-0.70386,1e-05,307.61058,0.0,0.0
2026-10-05T22:23:13Z,2027-09-24,354,125000.0,C,0.051,0.0525,0.0517,90444.32,85926.11,0.39630000000000004,0.26278,1e-05,290.25317,3.9,0.0
2026-10-05T22:23:13Z,2027-09-24,354,125000.0,P,0.4305,0.4375,0.4338,90444.36,85926.11,0.39630000000000004,-0.73722,1e-05,290.2535,0.0,0.0
2026-10-05T22:23:13Z,2027-09-24,354,130000.0,C,0.044,0.046,0.045,90444.32,85926.11,0.40009999999999996,0.23431,1e-05,273.04138,43.3,0.0
2026-10-05T22:23:13Z,2027-09-24,354,130000.0,P,0.479,0.487,0.4824,90444.36,85926.11,0.40009999999999996,-0.76569,1e-05,273.04173,4.0,0.0
2026-10-05T22:23:13Z,2027-09-24,354,135000.0,C,0.0385,0.04,0.0392,90444.21,85926.11,0.4033,0.20872,1e-05,255.5671,100.0,0.0
2026-10-05T22:23:13Z,2027-09-24,354,135000.0,P,0.5285,0.536,0.5318,90444.08,85926.11,0.4033,-0.79128,1e-05,255.56598,0.0,0.0
2026-10-05T22:23:13Z,2027-09-24,354,140000.0,C,0.0335,0.035,0.0342,90444.21,85926.11,0.4064,0.18605,1e-05,238.39008,506.5,0.0
2026-10-05T22:23:13Z,2027-09-24,354,140000.0,P,0.5785,0.587,0.5821,90444.21,85926.11,0.4064,-0.81395,1e-05,238.39008,0.0,0.0
2026-10-05T22:23:13Z,2027-09-24,354,150000.0,C,0.026,0.0275,0.0267,90444.08,85926.11,0.4144,0.14991,1e-05,207.41923,23.9,0.0
2026-10-05T22:23:13Z,2027-09-24,354,150000.0,P,0.681,0.6905,0.6852,90444.08,85926.11,0.4144,-0.85009,1e-05,207.41923,0.0,0.0
2026-10-05T22:23:13Z,2027-09-24,354,160000.0,C,0.0205,0.022,0.0212,90444.08,85926.11,0.4224,0.12209,1e-05,180.20698,1.2,1.0
2026-10-05T22:23:13Z,2027-09-24,354,160000.0,P,0.786,0.7965,0.7903,90444.08,85926.11,0.4224,-0.87791,1e-05,180.20698,0.0,0.0
2026-10-05T22:23:13Z,2027-09-24,354,170000.0,C,0.0165,0.018,0.0172,90444.08,85926.11,0.43090000000000006,0.10091,0.0,157.21702,2.2,0.0
2026-10-05T22:23:13Z,2027-09-24,354,170000.0,P,0.8925,0.903,0.8968,90444.08,85926.11,0.43090000000000006,-0.89909,0.0,157.21702,4.3,0.0
2026-10-05T22:23:13Z,2027-09-24,354,180000.0,C,0.0135,0.015,0.0142,90444.08,85926.11,0.43939999999999996,0.0845,0.0,137.86963,51.8,0.6
2026-10-05T22:23:13Z,2027-09-24,354,180000.0,P,1.0,1.0225,1.0044,90444.08,85926.11,0.43939999999999996,-0.9155,0.0,137.86963,0.1,0.0
2026-10-05T22:23:13Z,2027-09-24,354,190000.0,C,0.011,0.0125,0.0117,90444.08,85926.11,0.4464,0.07074,0.0,120.46528,9.0,0.0
2026-10-05T22:23:13Z,2027-09-24,354,190000.0,P,1.096,1.133,1.1125,90444.08,85926.11,0.4464,-0.92926,0.0,120.46528,0.0,0.0
2026-10-05T22:23:13Z,2027-09-24,354,200000.0,C,0.0095,0.0105,0.0101,90444.08,85926.11,0.4556,0.06105,0.0,107.46494,29.5,0.0
2026-10-05T22:23:13Z,2027-09-24,354,200000.0,P,1.2025,1.2415,1.2214,90444.08,85926.11,0.4556,-0.93895,0.0,107.46494,0.0,0.0
2026-10-05T22:23:13Z,2027-09-24,354,210000.0,C,0.008,0.0095,0.0087,90444.21,85926.11,0.4643,0.05309,0.0,96.27067,20.6,0.0
2026-10-05T22:23:13Z,2027-09-24,354,210000.0,P,1.31,1.352,1.3306,90444.08,85926.11,0.4643,-0.94691,0.0,96.27005,0.0,0.0
2026-10-05T22:23:13Z,2027-09-24,354,220000.0,C,0.0065,0.008,0.0072,90444.08,85926.11,0.4683,0.04471,0.0,83.91071,19.9,0.9
2026-10-05T22:23:13Z,2027-09-24,354,220000.0,P,1.4185,1.463,1.4397,90441.52,85926.11,0.4683,-0.9553,0.0,83.89958,0.0,0.0
