snapshot_ts,expiry,days_to_expiry,strike,option_type,bid,ask,mark_price,forward_price,index_price,implied_vol,delta,gamma,vega,open_interest,volume_24h
2026-09-24T19:53:08Z,2026-09-25,1,30000.0,C,0.6445,0.646,0.645,84511.69,84470.7,1.3446,1.0,0.0,0.0,135.5,0.0
2026-09-24T19:53:08Z,2026-09-25,1,30000.0,P,0.0,0.0001,0.0,84513.9,84470.7,1.3446,0.0,0.0,0.0,2959.5,0.0
2026-09-24T19:53:08Z,2026-09-25,1,35000.0,C,0.585,0.5865,0.5859,84511.69,84470.7,1.3446,1.0,0.0,0.0,29.3,0.2
2026-09-24T19:53:08Z,2026-09-25,1,35000.0,P,0.0,0.0001,0.0,84513.9,84470.7,1.3446,0.0,0.0,0.0,1209.3,0.0
2026-09-24T19:53:08Z,2026-09-25,1,40000.0,C,0.526,0.5275,0.5267,84511.69,84470.7,1.3446,1.0,0.0,0.0,34.4,0.0
2026-09-24T19:53:08Z,2026-09-25,1,40000.0,P,0.0,0.0001,0.0,84511.69,84470.7,1.3446,0.0,0.0,0.0,2812.2,0.0
2026-09-24T19:53:08Z,2026-09-25,1,45000.0,C,0.4665,0.4685,0.4675,84511.69,84470.7,1.3446,1.0,0.0,0.0,164.9,0.0
2026-09-24T19:53:08Z,2026-09-25,1,45000.0,P,0.0,0.0001,0.0,84511.69,84470.7,1.3446,0.0,0.0,0.0,2166.8,0.0
2026-09-24T19:53:08Z,2026-09-25,1,50000.0,C,0.408,0.4095,0.4084,84511.69,84470.7,1.3446,1.0,0.0,0.0,30.1,0.0
2026-09-24T19:53:08Z,2026-09-25,1,50000.0,P,0.0,0.0001,0.0,84511.69,84470.7,1.3446,0.0,0.0,0.0,3812.0,0.0
2026-09-24T19:53:08Z,2026-09-25,1,52000.0,C,0.384,0.3855,0.3847,84513.9,84470.7,1.3446,1.0,0.0,0.0,75.2,75.0
2026-09-24T19:53:08Z,2026-09-25,1,52000.0,P,0.0,0.0001,0.0,84513.9,84470.7,1.3446,0.0,0.0,0.0,1209.3,0.0
2026-09-24T19:53:08Z,2026-09-25,1,54000.0,C,0.36,0.3625,0.3611,84513.9,84470.7,1.3446,1.0,0.0,0.0,4.4,0.0
2026-09-24T19:53:08Z,2026-09-25,1,54000.0,P,0.0,0.0001,0.0,84511.69,84470.7,1.3446,0.0,0.0,0.0,884.9,0.0
2026-09-24T19:53:08Z,2026-09-25,1,55000.0,C,0.3485,0.3505,0.3492,84513.9,84470.7,1.3446,1.0,0.0,0.0,73.7,32.1
2026-09-24T19:53:08Z,2026-09-25,1,55000.0,P,0.0,0.0001,0.0,84511.69,84470.7,1.3446,0.0,0.0,0.0,2983.3,0.1
2026-09-24T19:53:08Z,2026-09-25,1,56000.0,C,0.3365,0.3385,0.3374,84511.69,84470.7,1.3446,1.0,0.0,0.0,13.4,0.0
2026-09-24T19:53:08Z,2026-09-25,1,56000.0,P,0.0,0.0001,0.0,84511.69,84470.7,1.3446,0.0,0.0,0.0,1776.7,0.0
2026-09-24T19:53:08Z,2026-09-25,1,58000.0,C,0.313,0.315,0.3137,84511.69,84470.7,1.3446,1.0,0.0,0.0,291.1,169.5
2026-09-24T19:53:08Z,2026-09-25,1,58000.0,P,0.0,0.0001,0.0,84511.69,84470.7,1.3446,0.0,0.0,0.0,1367.5,0.0
2026-09-24T19:53:08Z,2026-09-25,1,60000.0,C,0.289,0.2915,0.2901,84511.69,84470.7,1.3446,1.0,0.0,0.0,386.4,360.0
2026-09-24T19:53:08Z,2026-09-25,1,60000.0,P,0.0,0.0001,0.0,84513.9,84470.7,1.3446,0.0,0.0,0.0,5571.2,0.1
2026-09-24T19:53:08Z,2026-09-25,1,62000.0,C,0.2655,0.267,0.2664,84513.9,84470.7,1.3437000000000001,1.0,0.0,0.0,132.6,339.5
2026-09-24T19:53:08Z,2026-09-25,1,62000.0,P,0.0,0.0001,0.0,84511.69,84470.7,1.3437000000000001,0.0,0.0,0.0,1536.9,0.0
2026-09-24T19:53:08Z,2026-09-25,1,64000.0,C,0.242,0.244,0.2427,84511.69,84470.7,1.3437000000000001,1.0,0.0,0.0,334.0,129.0
2026-09-24T19:53:08Z,2026-09-25,1,64000.0,P,0.0,0.0001,0.0,84511.69,84470.7,1.3437000000000001,0.0,0.0,0.0,1655.1,0.0
2026-09-24T19:53:08Z,2026-09-25,1,65000.0,C,0.23,0.232,0.2309,84511.69,84470.7,1.3412,1.0,0.0,1e-05,626.5,461.0
2026-09-24T19:53:08Z,2026-09-25,1,65000.0,P,0.0,0.0001,0.0,84511.69,84470.7,1.3412,0.0,0.0,1e-05,1103.8,0.2
2026-09-24T19:53:08Z,2026-09-25,1,66000.0,C,0.2185,0.2205,0.2191,84511.69,84470.7,1.2972,1.0,0.0,2e-05,787.2,223.7
2026-09-24T19:53:08Z,2026-09-25,1,66000.0,P,0.0,0.0001,0.0,84511.69,84470.7,1.2972,0.0,0.0,2e-05,1763.8,0.0
2026-09-24T19:53:08Z,2026-09-25,1,68000.0,C,0.1945,0.1965,0.1954,84513.9,84470.7,1.212,1.0,0.0,0.0001,454.2,251.7
2026-09-24T19:53:08Z,2026-09-25,1,68000.0,P,0.0,0.0001,0.0,84511.69,84470.7,1.212,0.0,0.0,0.0001,2561.0,15.2
2026-09-24T19:53:08Z,2026-09-25,1,70000.0,C,0.171,0.1725,0.1717,84511.69,84470.7,1.1996,0.99999,0.0,0.00153,8107.9,842.3
2026-09-24T19:53:08Z,2026-09-25,1,70000.0,P,0.0,0.0001,0.0,84513.9,84470.7,1.1996,-1e-05,0.0,0.00153,7682.4,46.1
2026-09-24T19:53:08Z,2026-09-25,1,72000.0,C,0.1475,0.1495,0.148,84511.58,84470.7,1.1979,0.99985,0.0,0.01798,2456.0,422.8
2026-09-24T19:53:08Z,2026-09-25,1,72000.0,P,0.0,0.0001,0.0,84513.9,84470.7,1.1979,-0.00015,0.0,0.01794,2696.9,59.0
2026-09-24T19:53:08Z,2026-09-25,1,73000.0,C,0.135,0.1375,0.1362,84513.9,84470.7,1.1976,0.99953,0.0,0.05232,23.0,5.0
2026-09-24T19:53:08Z,2026-09-25,1,73000.0,P,0.0,0.0001,0.0,84511.69,84470.7,1.1976,-0.00047,0.0,0.05242,1750.9,66.4
2026-09-24T19:53:08Z,2026-09-25,1,74000.0,C,0.1235,0.126,0.1244,84511.69,84470.7,1.1955,0.99869,0.0,0.13531,899.8,99.8
2026-09-24T19:53:08Z,2026-09-25,1,74000.0,P,0.0,0.0001,0.0,84511.53,84470.7,1.1955,-0.00131,0.0,0.13533,1871.5,182.4
2026-09-24T19:53:08Z,2026-09-25,1,75000.0,C,0.112,0.114,0.1126,84511.64,84470.7,1.0998999999999999,0.99836,0.0,0.16674,1884.7,223.3
2026-09-24T19:53:08Z,2026-09-25,1,75000.0,P,0.0,0.0002,0.0,84511.64,84470.7,1.0998999999999999,-0.00164,0.0,0.16674,4256.9,179.5
2026-09-24T19:53:08Z,2026-09-25,1,76000.0,C,0.1,0.1025,0.1008,84511.53,84470.7,1.0945,0.99571,0.0,0.39663,1422.1,733.0
2026-09-24T19:53:08Z,2026-09-25,1,76000.0,P,0.0,0.0002,0.0001,84511.53,84470.7,1.0945,-0.00429,0.0,0.39663,1368.3,25.0
2026-09-24T19:53:08Z,2026-09-25,1,77000.0,C,0.088,0.0905,0.089,84511.64,84470.7,1.0905,0.9897,1e-05,0.85923,408.6,101.9
2026-09-24T19:53:08Z,2026-09-25,1,77000.0,P,0.0001,0.0002,0.0001,84511.53,84470.7,1.0905,-0.0103,1e-05,0.85929,1249.1,88.7
2026-09-24T19:53:08Z,2026-09-25,1,78000.0,C,0.076,0.079,0.0772,84511.64,84470.7,0.9629000000000001,0.98799,1e-05,0.98207,2364.7,2056.9
2026-09-24T19:53:08Z,2026-09-25,1,78000.0,P,0.0,0.0002,0.0002,84511.64,84470.7,0.9629000000000001,-0.01201,1e-05,0.98207,2457.9,491.2
2026-09-24T19:53:08Z,2026-09-25,1,79000.0,C,0.0645,0.067,0.0654,84511.64,84470.7,0.8498,0.98421,1e-05,1.24366,2510.3,263.5
2026-09-24T19:53:08Z,2026-09-25,1,79000.0,P,0.0001,0.0003,0.0002,84511.64,84470.7,0.8498,-0.01579,1e-05,1.24366,2854.1,255.0
2026-09-24T19:53:08Z,2026-09-25,1,80000.0,C,0.053,0.0555,0.0537,84511.64,84470.7,0.7579,0.97503,2e-05,1.83516,3336.3,3816.1
2026-09-24T19:53:08Z,2026-09-25,1,80000.0,P,0.0002,0.0003,0.0003,84511.64,84470.7,0.7579,-0.02497,2e-05,1.83516,3751.0,1012.4
2026-09-24T19:53:08Z,2026-09-25,1,81000.0,C,0.041,0.043,0.0419,84511.64,84470.7,0.6378,0.96414,4e-05,2.47729,2873.5,398.1
2026-09-24T19:53:08Z,2026-09-25,1,81000.0,P,0.0003,0.0004,0.0003,84511.64,84470.7,0.6378,-0.03586,4e-05,2.47729,3459.6,2366.1
2026-09-24T19:53:08Z,2026-09-25,1,82000.0,C,0.0295,0.0315,0.0302,84511.53,84470.7,0.5168,0.94286,7e-05,3.60304,3991.0,311.0
2026-09-24T19:53:08Z,2026-09-25,1,82000.0,P,0.0004,0.0005,0.0005,84511.64,84470.7,0.5168,-0.05713,7e-05,3.60266,1976.9,1616.4
2026-09-24T19:53:08Z,2026-09-25,1,83000.0,C,0.018,0.0195,0.0187,84511.64,84470.7,0.3992,0.88934,0.00015,5.93561,1460.7,123.4
2026-09-24T19:53:08Z,2026-09-25,1,83000.0,P,0.0007,0.0009,0.0008,84511.53,84470.7,0.3992,-0.11068,0.00015,5.93624,1186.1,669.5
2026-09-24T19:53:08Z,2026-09-25,1,83500.0,C,0.0125,0.0145,0.0134,84511.64,84470.7,0.36729999999999996,0.81287,0.00023,8.4496,13.3,14.1
2026-09-24T19:53:08Z,2026-09-25,1,83500.0,P,0.0012,0.0015,0.0014,84511.64,84470.7,0.36729999999999996,-0.18713,0.00023,8.4496,100.1,177.1
2026-09-24T19:53:08Z,2026-09-25,1,84000.0,C,0.008,0.0095,0.0087,84511.59,84470.7,0.344,0.68474,0.00033,11.16928,2734.8,982.1
2026-09-24T19:53:08Z,2026-09-25,1,84000.0,P,0.0024,0.0028,0.0026,84514.92,84470.7,0.344,-0.31416,0.00033,11.15313,1663.1,694.4
2026-09-24T19:53:08Z,2026-09-25,1,84500.0,C,0.0047,0.0055,0.005,84514.92,84470.7,0.33270000000000005,0.50816,0.00038,12.53696,86.5,73.3
2026-09-24T19:53:08Z,2026-09-25,1,84500.0,P,0.0045,0.0055,0.0049,84514.92,84470.7,0.33270000000000005,-0.49184,0.00038,12.53696,71.5,62.9
2026-09-24T19:53:08Z,2026-09-25,1,85000.0,C,0.0024,0.0027,0.0025,84514.92,84470.7,0.327,0.32115,0.00035,11.25733,4321.8,2910.6
2026-09-24T19:53:08Z,2026-09-25,1,85000.0,P,0.0075,0.009,0.0083,84514.92,84470.7,0.327,-0.67885,0.00035,11.25733,1355.9,258.6
2026-09-24T19:53:08Z,2026-09-25,1,85500.0,C,0.0011,0.0013,0.0012,84514.92,84470.7,0.3332,0.17646,0.00025,8.14506,131.3,247.2
2026-09-24T19:53:08Z,2026-09-25,1,85500.0,P,0.012,0.0135,0.0129,84514.92,84470.7,0.3332,-0.82354,0.00025,8.14506,6.0,0.5
2026-09-24T19:53:08Z,2026-09-25,1,86000.0,C,0.0004,0.0006,0.0005,84511.59,84470.7,0.3435,0.08691,0.00015,4.97289,1684.6,723.9
2026-09-24T19:53:08Z,2026-09-25,1,86000.0,P,0.0165,0.0195,0.0181,84511.59,84470.7,0.3435,-0.91309,0.00015,4.97289,932.1,225.4
2026-09-24T19:53:08Z,2026-09-25,1,87000.0,C,0.0001,0.0003,0.0002,84514.92,84470.7,0.40490000000000004,0.02763,5e-05,1.99721,607.7,489.1
2026-09-24T19:53:08Z,2026-09-25,1,87000.0,P,0.028,0.031,0.0296,84511.59,84470.7,0.40490000000000004,-0.97254,5e-05,1.98713,343.8,0.0
2026-09-24T19:53:08Z,2026-09-25,1,88000.0,C,0.0,0.0002,0.0001,84514.92,84470.7,0.4648,0.00993,2e-05,0.83268,1424.2,54.4
2026-09-24T19:53:08Z,2026-09-25,1,88000.0,P,0.04,0.0425,0.0413,84514.92,84470.7,0.4648,-0.99007,2e-05,0.83268,7.1,0.0
2026-09-24T19:53:08Z,2026-09-25,1,89000.0,C,0.0,0.0001,0.0,84511.59,84470.7,0.5492,0.00582,1e-05,0.51988,281.7,32.7
2026-09-24T19:53:08Z,2026-09-25,1,89000.0,P,0.051,0.0545,0.0531,84511.59,84470.7,0.5492,-0.99418,1e-05,0.51988,0.0,0.0
2026-09-24T19:53:08Z,2026-09-25,1,90000.0,C,0.0,0.0001,0.0,84514.92,84470.7,0.6269,0.00362,1e-05,0.34088,7137.1,139.4
2026-09-24T19:53:08Z,2026-09-25,1,90000.0,P,0.063,0.066,0.065,84514.92,84470.7,0.6269,-0.99638,1e-05,0.34088,354.9,218.9
2026-09-24T19:53:08Z,2026-09-25,1,92000.0,C,0.0,0.0001,0.0,84511.59,84470.7,0.6364,0.00017,0.0,0.02101,1086.5,55.0
2026-09-24T19:53:08Z,2026-09-25,1,92000.0,P,0.0865,0.09,0.0886,84514.92,84470.7,0.6364,-0.99982,0.0,0.02114,7.6,0.0
2026-09-24T19:53:08Z,2026-09-25,1,94000.0,C,0.0,0.0001,0.0,84514.92,84470.7,0.7312000000000001,5e-05,0.0,0.0063,1146.0,8.8
2026-09-24T19:53:08Z,2026-09-25,1,94000.0,P,0.1095,0.1145,0.1123,84511.59,84470.7,0.7312000000000001,-0.99995,0.0,0.00626,1.9,0.0
2026-09-24T19:53:08Z,2026-09-25,1,95000.0,C,0.0,0.0001,0.0,84514.92,84470.7,0.7587999999999999,2e-05,0.0,0.00248,4948.3,3.2
2026-09-24T19:53:08Z,2026-09-25,1,95000.0,P,0.122,0.1255,0.1241,84517.48,84470.7,0.7587999999999999,-0.99998,0.0,0.00249,147.9,1.3
2026-09-24T19:53:08Z,2026-09-25,1,96000.0,C,0.0,0.0001,0.0,84515.04,84470.7,0.8128,1e-05,0.0,0.00185,2147.5,0.3
2026-09-24T19:53:08Z,2026-09-25,1,96000.0,P,0.1325,0.1375,0.1359,84515.04,84470.7,0.8128,-0.99999,0.0,0.00185,1.0,0.0
2026-09-24T19:53:08Z,2026-09-25,1,98000.0,C,0.0,0.0001,0.0,84515.04,84470.7,0.8223,0.0,0.0,0.00011,1025.1,0.1
2026-09-24T19:53:08Z,2026-09-25,1,98000.0,P,0.1565,0.1615,0.1596,84517.48,84470.7,0.8223,-1.0,0.0,0.00011,0.1,0.0
2026-09-24T19:53:08Z,2026-09-25,1,100000.0,C,0.0,0.0001,0.0,84517.48,84470.7,0.8231999999999999,0.0,0.0,0.0,6950.4,0.1
2026-09-24T19:53:08Z,2026-09-25,1,100000.0,P,0.181,0.1845,0.1832,84515.04,84470.7,0.8231999999999999,-1.0,0.0,0.0,283.5,47.7
2026-09-24T19:53:08Z,2026-09-25,1,102000.0,C,0.0,0.0001,0.0,84517.48,84470.7,0.8643000000000001,0.0,0.0,0.0,462.0,0.1
2026-09-24T19:53:08Z,2026-09-25,1,102000.0,P,0.2055,0.2085,0.2069,84517.48,84470.7,0.8643000000000001,-1.0,0.0,0.0,6.1,0.0
2026-09-24T19:53:08Z,2026-09-25,1,105000.0,C,0.0,0.0001,0.0,84517.48,84470.7,0.8663,0.0,0.0,0.0,1570.3,0.2
2026-09-24T19:53:08Z,2026-09-25,1,105000.0,P,0.2405,0.244,0.2424,84515.04,84470.7,0.8663,-1.0,0.0,0.0,91.9,18.4
2026-09-24T19:53:08Z,2026-09-25,1,110000.0,C,0.0,0.0001,0.0,84517.48,84470.7,0.9499,0.0,0.0,0.0,1468.5,0.2
2026-09-24T19:53:08Z,2026-09-25,1,110000.0,P,0.2995,0.303,0.3015,84517.48,84470.7,0.9499,-1.0,0.0,0.0,182.2,1.2
2026-09-24T19:53:08Z,2026-09-25,1,115000.0,C,0.0,0.0001,0.0,84515.04,84470.7,1.0463,0.0,0.0,0.0,2153.8,0.0
2026-09-24T19:53:08Z,2026-09-25,1,115000.0,P,0.359,0.3625,0.3607,84517.48,84470.7,1.0463,-1.0,0.0,0.0,79.2,14.8
2026-09-24T19:53:08Z,2026-09-25,1,120000.0,C,0.0,0.0001,0.0,84517.48,84470.7,1.0798999999999999,0.0,0.0,0.0,1351.5,0.0
2026-09-24T19:53:08Z,2026-09-25,1,120000.0,P,0.4175,0.4215,0.4199,84517.48,84470.7,1.0798999999999999,-1.0,0.0,0.0,173.7,84.9
2026-09-24T19:53:08Z,2026-09-25,1,125000.0,C,0.0,0.0001,0.0,84515.04,84470.7,1.0798999999999999,0.0,0.0,0.0,2384.7,0.0
2026-09-24T19:53:08Z,2026-09-25,1,125000.0,P,0.4765,0.481,0.479,84517.48,84470.7,1.0798999999999999,-1.0,0.0,0.0,20.3,0.1
2026-09-24T19:53:08Z,2026-09-25,1,130000.0,C,0.0,0.0001,0.0,84517.48,84470.7,1.0798999999999999,0.0,0.0,0.0,1509.0,0.0
2026-09-24T19:53:08Z,2026-09-25,1,130000.0,P,0.5335,0.54,0.5382,84517.48,84470.7,1.0798999999999999,-1.0,0.0,0.0,21.4,0.0
2026-09-24T19:53:08Z,2026-09-25,1,135000.0,C,0.0,0.0001,0.0,84517.48,84470.7,1.0798999999999999,0.0,0.0,0.0,493.0,0.0
2026-09-24T19:53:08Z,2026-09-25,1,135000.0,P,0.593,0.6,0.5974,84515.04,84470.7,1.0798999999999999,-1.0,0.0,0.0,11.5,0.0
2026-09-24T19:53:08Z,2026-09-25,1,140000.0,C,0.0,0.0001,0.0,84515.93,84470.7,1.0798999999999999,0.0,0.0,0.0,1208.1,0.0
2026-09-24T19:53:08Z,2026-09-25,1,140000.0,P,0.6525,0.659,0.6565,84515.93,84470.7,1.0798999999999999,-1.0,0.0,0.0,1.4,0.0
2026-09-24T19:53:08Z,2026-09-25,1,145000.0,C,0.0,0.0001,0.0,84517.67,84470.7,1.0798999999999999,0.0,0.0,0.0,519.2,0.0
2026-09-24T19:53:08Z,2026-09-25,1,145000.0,P,0.7115,0.7185,0.7156,84517.67,84470.7,1.0798999999999999,-1.0,0.0,0.0,4.4,0.0
2026-09-24T19:53:08Z,2026-09-25,1,150000.0,C,0.0,0.0001,0.0,84517.67,84470.7,1.0798999999999999,0.0,0.0,0.0,780.5,0.0
2026-09-24T19:53:08Z,2026-09-25,1,150000.0,P,0.771,0.777,0.7748,84515.93,84470.7,1.0798999999999999,-1.0,0.0,0.0,40.5,0.0
2026-09-24T19:53:08Z,2026-09-25,1,155000.0,C,0.0,0.0001,0.0,84517.67,84470.7,1.0798999999999999,0.0,0.0,0.0,378.0,0.0
2026-09-24T19:53:08Z,2026-09-25,1,155000.0,P,0.8295,0.8365,0.8339,84515.93,84470.7,1.0798999999999999,-1.0,0.0,0.0,0.1,0.0
2026-09-24T19:53:08Z,2026-09-25,1,160000.0,C,0.0,0.0001,0.0,84515.93,84470.7,1.0798999999999999,0.0,0.0,0.0,1498.4,0.0
2026-09-24T19:53:08Z,2026-09-25,1,160000.0,P,0.888,0.8955,0.8931,84515.93,84470.7,1.0798999999999999,-1.0,0.0,0.0,0.6,0.0
2026-09-24T19:53:08Z,2026-09-25,1,165000.0,C,0.0,0.0001,0.0,84515.93,84470.7,1.0798999999999999,0.0,0.0,0.0,266.6,0.0
2026-09-24T19:53:08Z,2026-09-25,1,165000.0,P,0.9465,0.955,0.9523,84515.93,84470.7,1.0798999999999999,-1.0,0.0,0.0,0.0,0.0
2026-09-24T19:53:08Z,2026-09-25,1,170000.0,C,0.0,0.0001,0.0,84517.67,84470.7,1.0798999999999999,0.0,0.0,0.0,444.9,0.0
2026-09-24T19:53:08Z,2026-09-25,1,170000.0,P,1.005,1.0155,1.0114,84515.93,84470.7,1.0798999999999999,-1.0,0.0,0.0,0.0,0.0
2026-09-24T19:53:08Z,2026-09-25,1,175000.0,C,0.0,0.0001,0.0,84515.93,84470.7,1.0798999999999999,0.0,0.0,0.0,1904.8,0.0
2026-09-24T19:53:08Z,2026-09-25,1,175000.0,P,1.064,1.0745,1.0706,84515.93,84470.7,1.0798999999999999,-1.0,0.0,0.0,0.2,0.0
2026-09-24T19:53:08Z,2026-09-25,1,180000.0,C,0.0,0.0001,0.0,84515.93,84470.7,1.0798999999999999,0.0,0.0,0.0,792.3,0.0
2026-09-24T19:53:08Z,2026-09-25,1,180000.0,P,1.1235,1.1335,1.1297,84515.93,84470.7,1.0798999999999999,-1.0,0.0,0.0,10.5,0.0
2026-09-24T19:53:08Z,2026-09-25,1,190000.0,C,0.0,0.0001,0.0,84517.67,84470.7,1.0798999999999999,0.0,0.0,0.0,762.1,0.0
2026-09-24T19:53:08Z,2026-09-25,1,190000.0,P,1.241,1.252,1.2481,84517.67,84470.7,1.0798999999999999,-1.0,0.0,0.0,0.0,0.0
2026-09-24T19:53:08Z,2026-09-25,1,200000.0,C,0.0,0.0001,0.0,84515.93,84470.7,1.0801,0.0,0.0,0.0,1018.5,0.0
2026-09-24T19:53:08Z,2026-09-25,1,200000.0,P,1.359,1.3715,1.3664,84515.93,84470.7,1.0801,-1.0,0.0,0.0,3.2,0.0
2026-09-24T19:53:08Z,2026-09-25,1,220000.0,C,0.0,0.0001,0.0,84517.67,84470.7,1.0852,0.0,0.0,0.0,241.9,0.0
2026-09-24T19:53:08Z,2026-09-25,1,220000.0,P,1.595,1.609,1.603,84517.67,84470.7,1.0852,-1.0,0.0,0.0,27.7,0.0
2026-09-24T19:53:08Z,2026-09-25,1,240000.0,C,0.0,0.0001,0.0,84515.93,84470.7,1.1554,0.0,0.0,0.0,211.9,0.0
2026-09-24T19:53:08Z,2026-09-25,1,240000.0,P,1.8305,1.846,1.8396,84515.93,84470.7,1.1554,-1.0,0.0,0.0,0.3,0.0
2026-09-24T19:53:08Z,2026-09-25,1,260000.0,C,0.0,0.0001,0.0,84515.93,84470.7,1.2309,0.0,0.0,0.0,293.3,0.0
2026-09-24T19:53:08Z,2026-09-25,1,260000.0,P,2.0665,2.083,2.0763,84515.93,84470.7,1.2309,-1.0,0.0,0.0,2.6,0.0
2026-09-24T19:53:08Z,2026-09-25,1,280000.0,C,0.0,0.0001,0.0,84517.67,84470.7,1.2987,0.0,0.0,0.0,76.1,0.0
2026-09-24T19:53:08Z,2026-09-25,1,280000.0,P,2.3025,2.3185,2.313,84518.9,84470.7,1.2987,-1.0,0.0,0.0,0.0,0.0
2026-09-24T19:53:08Z,2026-09-25,1,300000.0,C,0.0,0.0001,0.0,84516.17,84470.7,1.3629,0.0,0.0,0.0,196.3,0.0
2026-09-24T19:53:08Z,2026-09-25,1,300000.0,P,2.5375,2.5575,2.5496,84518.9,84470.7,1.3629,-1.0,0.0,0.0,0.0,0.0
2026-09-24T19:53:08Z,2026-09-25,1,320000.0,C,0.0,0.0001,0.0,84518.9,84470.7,1.4009,0.0,0.0,0.0,304.6,0.0
2026-09-24T19:53:08Z,2026-09-25,1,320000.0,P,2.7745,2.7945,2.7863,84518.9,84470.7,1.4009,-1.0,0.0,0.0,25.1,0.0
2026-09-24T19:53:08Z,2026-09-26,2,76000.0,C,0.0995,0.103,0.1011,84536.14,84470.7,0.7321,0.98893,1e-05,1.58101,0.0,0.0
2026-09-24T19:53:08Z,2026-09-26,2,76000.0,P,0.0001,0.0003,0.0002,84536.14,84470.7,0.7321,-0.01107,1e-05,1.58101,59.0,5.5
2026-09-24T19:53:08Z,2026-09-26,2,77000.0,C,0.0875,0.091,0.0894,84533.15,84470.7,0.6975,0.98242,1e-05,2.35489,0.0,0.0
2026-09-24T19:53:08Z,2026-09-26,2,77000.0,P,0.0002,0.0004,0.0003,84536.14,84470.7,0.6975,-0.01755,1e-05,2.35106,24.5,3.8
2026-09-24T19:53:08Z,2026-09-26,2,78000.0,C,0.076,0.0795,0.0776,84536.14,84470.7,0.6209,0.97924,1e-05,2.71231,0.0,0.0
2026-09-24T19:53:08Z,2026-09-26,2,78000.0,P,0.0002,0.0004,0.0003,84536.14,84470.7,0.6209,-0.02076,1e-05,2.71231,16.0,11.0
2026-09-24T19:53:08Z,2026-09-26,2,79000.0,C,0.064,0.0675,0.0659,84533.15,84470.7,0.5679,0.96958,2e-05,3.73558,0.0,0.0
2026-09-24T19:53:08Z,2026-09-26,2,79000.0,P,0.0003,0.0006,0.0004,84536.14,84470.7,0.5679,-0.03035,2e-05,3.72892,12.2,8.2
2026-09-24T19:53:08Z,2026-09-26,2,80000.0,C,0.0525,0.056,0.0542,84536.14,84470.7,0.4993,0.95876,3e-05,4.79478,0.0,0.0
2026-09-24T19:53:08Z,2026-09-26,2,80000.0,P,0.0005,0.0007,0.0005,84536.14,84470.7,0.4993,-0.04124,3e-05,4.79478,134.5,91.0
2026-09-24T19:53:08Z,2026-09-26,2,81000.0,C,0.041,0.0445,0.0427,84536.14,84470.7,0.44789999999999996,0.93323,5e-05,7.02714,0.2,0.2
2026-09-24T19:53:08Z,2026-09-26,2,81000.0,P,0.0007,0.001,0.0009,84536.14,84470.7,0.44789999999999996,-0.06677,5e-05,7.02714,88.5,50.7
2026-09-24T19:53:08Z,2026-09-26,2,81500.0,C,0.035,0.0385,0.037,84536.14,84470.7,0.4194,0.91491,7e-05,8.45318,0.0,0.0
2026-09-24T19:53:08Z,2026-09-26,2,81500.0,P,0.0009,0.0012,0.0011,84536.14,84470.7,0.4194,-0.08509,7e-05,8.45318,12.2,12.5
2026-09-24T19:53:08Z,2026-09-26,2,82000.0,C,0.0295,0.033,0.0314,84533.15,84470.7,0.3953,0.8871,9e-05,10.39831,0.1,0.1
2026-09-24T19:53:08Z,2026-09-26,2,82000.0,P,0.0012,0.0016,0.0014,84536.14,84470.7,0.3953,-0.11264,9e-05,10.38113,89.4,69.8
2026-09-24T19:53:08Z,2026-09-26,2,82500.0,C,0.024,0.0275,0.026,84533.15,84470.7,0.37439999999999996,0.84727,0.00012,12.80826,0.5,0.5
2026-09-24T19:53:08Z,2026-09-26,2,82500.0,P,0.0017,0.0021,0.0019,84536.14,84470.7,0.37439999999999996,-0.15238,0.00012,12.7894,40.2,40.1
2026-09-24T19:53:08Z,2026-09-26,2,83000.0,C,0.0195,0.0225,0.0209,84536.14,84470.7,0.3576,0.7911,0.00015,15.59539,6.6,12.1
2026-09-24T19:53:08Z,2026-09-26,2,83000.0,P,0.0025,0.003,0.0027,84536.31,84470.7,0.3576,-0.20887,0.00015,15.59431,822.2,646.7
2026-09-24T19:53:08Z,2026-09-26,2,83500.0,C,0.0155,0.017,0.0162,84536.3,84470.7,0.3433,0.71584,0.00018,18.4025,14.7,19.1
2026-09-24T19:53:08Z,2026-09-26,2,83500.0,P,0.0037,0.0042,0.004,84536.31,84470.7,0.3433,-0.28416,0.00018,18.40245,42.7,11.2
2026-09-24T19:53:08Z,2026-09-26,2,84000.0,C,0.0115,0.0125,0.0121,84536.31,84470.7,0.33409999999999995,0.62072,0.00021,20.65571,12.7,5.0
2026-09-24T19:53:08Z,2026-09-26,2,84000.0,P,0.005,0.006,0.0057,84536.3,84470.7,0.33409999999999995,-0.37928,0.00021,20.65574,97.5,53.5
2026-09-24T19:53:08Z,2026-09-26,2,84500.0,C,0.008,0.009,0.0086,84536.31,84470.7,0.3273,0.51234,0.00022,21.64448,25.8,19.0
2026-09-24T19:53:08Z,2026-09-26,2,84500.0,P,0.0075,0.0085,0.0082,84536.3,84470.7,0.3273,-0.48766,0.00022,21.64448,17.6,13.5
2026-09-24T19:53:08Z,2026-09-26,2,85000.0,C,0.0055,0.0065,0.0059,84536.3,84470.7,0.324,0.40032,0.00022,20.97527,249.7,237.1
2026-09-24T19:53:08Z,2026-09-26,2,85000.0,P,0.0105,0.012,0.0114,84536.3,84470.7,0.324,-0.59968,0.00022,20.97527,9.9,0.8
2026-09-24T19:53:08Z,2026-09-26,2,85500.0,C,0.0037,0.0041,0.0039,84536.3,84470.7,0.3259,0.2976,0.0002,18.80429,8.9,7.8
2026-09-24T19:53:08Z,2026-09-26,2,85500.0,P,0.0145,0.0165,0.0153,84536.31,84470.7,0.3259,-0.7024,0.0002,18.80435,16.2,0.0
2026-09-24T19:53:08Z,2026-09-26,2,86000.0,C,0.0023,0.0028,0.0025,84536.31,84470.7,0.3317,0.2132,0.00016,15.78305,43.3,32.0
2026-09-24T19:53:08Z,2026-09-26,2,86000.0,P,0.0185,0.0215,0.0199,84536.3,84470.7,0.3317,-0.7868,0.00016,15.78298,581.2,0.0
2026-09-24T19:53:08Z,2026-09-26,2,86500.0,C,0.0015,0.0019,0.0017,84536.31,84470.7,0.3422,0.15053,0.00013,12.68579,57.5,69.2
2026-09-24T19:53:08Z,2026-09-26,2,86500.0,P,0.0235,0.0265,0.025,84536.3,84470.7,0.3422,-0.84947,0.00013,12.68572,77.7,0.0
2026-09-24T19:53:08Z,2026-09-26,2,87000.0,C,0.001,0.0013,0.0011,84536.3,84470.7,0.3549,0.10577,9e-05,9.92229,65.2,34.1
2026-09-24T19:53:08Z,2026-09-26,2,87000.0,P,0.0285,0.032,0.0303,84536.3,84470.7,0.3549,-0.89423,9e-05,9.92229,1.4,0.0
2026-09-24T19:53:08Z,2026-09-26,2,87500.0,C,0.0007,0.0009,0.0008,84536.3,84470.7,0.3705,0.07544,7e-05,7.71817,43.0,6.6
2026-09-24T19:53:08Z,2026-09-26,2,87500.0,P,0.034,0.0375,0.0359,84536.3,84470.7,0.3705,-0.92456,7e-05,7.71817,2.5,0.0
2026-09-24T19:53:08Z,2026-09-26,2,88000.0,C,0.0005,0.0007,0.0006,84536.3,84470.7,0.3887,0.05518,5e-05,6.0541,29.7,3.2
2026-09-24T19:53:08Z,2026-09-26,2,88000.0,P,0.0395,0.0435,0.0416,84536.3,84470.7,0.3887,-0.94482,5e-05,6.0541,0.0,0.0
2026-09-24T19:53:08Z,2026-09-26,2,88500.0,C,0.0003,0.0005,0.0004,84536.3,84470.7,0.4023,0.03912,4e-05,4.59354,12.1,12.8
2026-09-24T19:53:08Z,2026-09-26,2,88500.0,P,0.0455,0.049,0.0473,84536.3,84470.7,0.4023,-0.96088,4e-05,4.59354,0.0,0.0
2026-09-24T19:53:08Z,2026-09-26,2,89000.0,C,0.0002,0.0004,0.0003,84536.3,84470.7,0.4218,0.02962,3e-05,3.65447,21.7,6.1
2026-09-24T19:53:08Z,2026-09-26,2,89000.0,P,0.051,0.0555,0.0531,84536.47,84470.7,0.4218,-0.97038,3e-05,3.65473,0.0,0.0
2026-09-24T19:53:08Z,2026-09-26,2,89500.0,C,0.0002,0.0003,0.0003,84536.47,84470.7,0.4526,0.02567,2e-05,3.24349,16.0,11.0
2026-09-24T19:53:08Z,2026-09-26,2,89500.0,P,0.057,0.061,0.059,84536.47,84470.7,0.4526,-0.97433,2e-05,3.24349,0.0,0.0
2026-09-24T19:53:08Z,2026-09-26,2,90000.0,C,0.0001,0.0003,0.0002,84536.3,84470.7,0.45990000000000003,0.0176,2e-05,2.35685,21.8,12.7
2026-09-24T19:53:08Z,2026-09-26,2,90000.0,P,0.0625,0.0665,0.0648,84536.47,84470.7,0.45990000000000003,-0.9824,2e-05,2.35719,0.0,0.0
2026-09-24T19:53:08Z,2026-09-26,2,91000.0,C,0.0001,0.0003,0.0002,84536.47,84470.7,0.5207,0.01438,1e-05,1.98177,39.3,36.3
2026-09-24T19:53:08Z,2026-09-26,2,91000.0,P,0.0745,0.0785,0.0766,84536.3,84470.7,0.5207,-0.98563,1e-05,1.9815,0.0,0.0
2026-09-24T19:53:08Z,2026-09-26,2,92000.0,C,0.0,0.0002,0.0001,84536.47,84470.7,0.5502,0.00872,1e-05,1.2831,17.4,13.8
2026-09-24T19:53:08Z,2026-09-26,2,92000.0,P,0.086,0.0905,0.0884,84536.47,84470.7,0.5502,-0.99128,1e-05,1.2831,0.0,0.0
2026-09-24T19:53:08Z,2026-09-26,2,93000.0,C,0.0,0.0002,0.0001,84536.3,84470.7,0.5878,0.00605,1e-05,0.92912,8.2,2.5
2026-09-24T19:53:08Z,2026-09-26,2,93000.0,P,0.098,0.1025,0.1002,84536.3,84470.7,0.5878,-0.99395,1e-05,0.92912,0.0,0.0
2026-09-24T19:53:08Z,2026-09-26,2,94000.0,C,0.0,0.0002,0.0001,84536.47,84470.7,0.6315,0.00471,0.0,0.74351,14.2,14.1
2026-09-24T19:53:08Z,2026-09-26,2,94000.0,P,0.1095,0.114,0.112,84536.3,84470.7,0.6315,-0.9953,0.0,0.74341,0.0,0.0
2026-09-24T19:53:08Z,2026-09-26,2,95000.0,C,0.0,0.0002,0.0001,84536.3,84470.7,0.6801999999999999,0.00403,0.0,0.64674,3.1,3.0
2026-09-24T19:53:08Z,2026-09-26,2,95000.0,P,0.1215,0.126,0.1238,84536.47,84470.7,0.6801999999999999,-0.99597,0.0,0.64683,0.0,0.0
2026-09-24T19:53:08Z,2026-09-26,2,96000.0,C,0.0,0.0001,0.0,84536.47,84470.7,0.7197,0.00318,0.0,0.52338,6.3,6.0
2026-09-24T19:53:08Z,2026-09-26,2,96000.0,P,0.133,0.138,0.1357,84536.47,84470.7,0.7197,-0.99682,0.0,0.52338,0.0,0.0
2026-09-24T19:53:08Z,2026-09-27,3,75000.0,C,0.1115,0.115,0.1131,84545.46,84470.7,0.6345000000000001,0.98943,1e-05,1.95836,0.0,0.0
2026-09-24T19:53:08Z,2026-09-27,3,75000.0,P,0.0001,0.0003,0.0002,84545.46,84470.7,0.6345000000000001,-0.01057,1e-05,1.95836,27.8,27.7
2026-09-24T19:53:08Z,2026-09-27,3,76000.0,C,0.0995,0.1035,0.1014,84545.46,84470.7,0.6058,0.98416,1e-05,2.77957,0.0,0.0
2026-09-24T19:53:08Z,2026-09-27,3,76000.0,P,0.0002,0.0004,0.0003,84545.46,84470.7,0.6058,-0.01584,1e-05,2.77957,28.3,24.6
2026-09-24T19:53:08Z,2026-09-27,3,77000.0,C,0.088,0.092,0.0896,84545.46,84470.7,0.5519,0.98066,1e-05,3.2957,0.0,0.0
2026-09-24T19:53:08Z,2026-09-27,3,77000.0,P,0.0002,0.0005,0.0003,84545.46,84470.7,0.5519,-0.01934,1e-05,3.2957,34.9,24.7
2026-09-24T19:53:08Z,2026-09-27,3,78000.0,C,0.076,0.0805,0.0778,84545.46,84470.7,0.5067,0.97385,2e-05,4.25031,0.0,0.0
2026-09-24T19:53:08Z,2026-09-27,3,78000.0,P,0.0003,0.0006,0.0004,84545.48,84470.7,0.5067,-0.02615,2e-05,4.2504,2.7,5.4
2026-09-24T19:53:08Z,2026-09-27,3,79000.0,C,0.0645,0.068,0.0662,84545.46,84470.7,0.46520000000000006,0.96245,3e-05,5.7328,0.0,0.0
2026-09-24T19:53:08Z,2026-09-27,3,79000.0,P,0.0005,0.0007,0.0006,84545.48,84470.7,0.46520000000000006,-0.03755,3e-05,5.73274,25.2,39.6
2026-09-24T19:53:08Z,2026-09-27,3,80000.0,C,0.0525,0.057,0.0545,84545.48,84470.7,0.4163,0.94733,4e-05,7.52823,1.9,0.0
2026-09-24T19:53:08Z,2026-09-27,3,80000.0,P,0.0007,0.0009,0.0008,84545.48,84470.7,0.4163,-0.05267,4e-05,7.52823,82.4,89.9
2026-09-24T19:53:08Z,2026-09-27,3,81000.0,C,0.041,0.0455,0.043,84545.48,84470.7,0.36619999999999997,0.92325,6e-05,10.08977,1.9,0.0
2026-09-24T19:53:08Z,2026-09-27,3,81000.0,P,0.0009,0.0012,0.0011,84545.48,84470.7,0.36619999999999997,-0.07675,6e-05,10.08977,55.4,45.3
2026-09-24T19:53:08Z,2026-09-27,3,81500.0,C,0.0355,0.04,0.0373,84545.46,84470.7,0.34509999999999996,0.9028,7e-05,12.03869,0.0,0.0
2026-09-24T19:53:08Z,2026-09-27,3,81500.0,P,0.0012,0.0015,0.0013,84545.48,84470.7,0.34509999999999996,-0.0972,7e-05,12.03856,166.4,167.2
2026-09-24T19:53:08Z,2026-09-27,3,82000.0,C,0.03,0.0345,0.0318,84545.48,84470.7,0.3261,0.8739,9e-05,14.50633,0.0,0.0
2026-09-24T19:53:08Z,2026-09-27,3,82000.0,P,0.0015,0.0019,0.0017,84545.48,84470.7,0.3261,-0.1261,9e-05,14.50633,23.4,17.6
2026-09-24T19:53:08Z,2026-09-27,3,82500.0,C,0.0245,0.029,0.0265,84545.48,84470.7,0.311,0.83234,0.00012,17.56659,0.0,0.0
2026-09-24T19:53:08Z,2026-09-27,3,82500.0,P,0.0021,0.0025,0.0023,84545.48,84470.7,0.311,-0.16766,0.00012,17.56659,13.0,8.5
2026-09-24T19:53:08Z,2026-09-27,3,83000.0,C,0.0205,0.0225,0.0215,84545.48,84470.7,0.298,0.7763,0.00014,20.93622,3.4,3.4
2026-09-24T19:53:08Z,2026-09-27,3,83000.0,P,0.003,0.0035,0.0032,84545.48,84470.7,0.298,-0.2237,0.00014,20.93622,82.6,82.0
2026-09-24T19:53:08Z,2026-09-27,3,83500.0,C,0.016,0.0175,0.0169,84545.48,84470.7,0.2883,0.70297,0.00017,24.24196,2.2,2.2
2026-09-24T19:53:08Z,2026-09-27,3,83500.0,P,0.0043,0.0048,0.0045,84545.48,84470.7,0.2883,-0.29703,0.00017,24.24196,59.3,57.4
2026-09-24T19:53:08Z,2026-09-27,3,84000.0,C,0.012,0.0135,0.0128,84545.48,84470.7,0.2801,0.6143,0.00019,26.78639,24.3,20.7
2026-09-24T19:53:08Z,2026-09-27,3,84000.0,P,0.006,0.007,0.0064,84545.48,84470.7,0.2801,-0.3857,0.00019,26.78639,24.5,23.9
2026-09-24T19:53:08Z,2026-09-27,3,84500.0,C,0.009,0.01,0.0094,84545.48,84470.7,0.2755,0.51396,0.00021,27.92415,8.7,8.9
2026-09-24T19:53:08Z,2026-09-27,3,84500.0,P,0.0085,0.0095,0.0088,84545.48,84470.7,0.2755,-0.48604,0.00021,27.92415,6.9,2.5
2026-09-24T19:53:08Z,2026-09-27,3,85000.0,C,0.0065,0.007,0.0067,84545.48,84470.7,0.275,0.41138,0.0002,27.24896,17.8,11.4
2026-09-24T19:53:08Z,2026-09-27,3,85000.0,P,0.012,0.0125,0.0121,84545.8,84470.7,0.275,-0.58856,0.0002,27.2501,3.8,7.4
2026-09-24T19:53:08Z,2026-09-27,3,85500.0,C,0.0044,0.0049,0.0047,84545.8,84470.7,0.2776,0.31688,0.00018,24.94328,62.7,62.6
2026-09-24T19:53:08Z,2026-09-27,3,85500.0,P,0.015,0.017,0.016,84545.8,84470.7,0.2776,-0.68312,0.00018,24.94328,0.6,0.2
2026-09-24T19:53:08Z,2026-09-27,3,86000.0,C,0.0029,0.0034,0.0031,84545.8,84470.7,0.2792,0.23397,0.00016,21.47093,209.7,55.5
2026-09-24T19:53:08Z,2026-09-27,3,86000.0,P,0.0185,0.022,0.0203,84545.8,84470.7,0.2792,-0.76603,0.00016,21.47093,78.6,75.0
2026-09-24T19:53:08Z,2026-09-27,3,86500.0,C,0.0019,0.0023,0.0021,84545.8,84470.7,0.2846,0.16917,0.00013,17.66812,19.9,20.6
2026-09-24T19:53:08Z,2026-09-27,3,86500.0,P,0.0235,0.027,0.0252,84545.8,84470.7,0.2846,-0.83083,0.00013,17.66812,0.0,0.0
2026-09-24T19:53:08Z,2026-09-27,3,87000.0,C,0.0013,0.0016,0.0014,84545.8,84470.7,0.2926,0.12132,0.0001,14.11924,20.5,20.5
2026-09-24T19:53:08Z,2026-09-27,3,87000.0,P,0.0275,0.0325,0.0305,84545.8,84470.7,0.2926,-0.87868,0.0001,14.11924,0.0,0.0
2026-09-24T19:53:08Z,2026-09-27,3,87500.0,C,0.0009,0.0012,0.001,84545.8,84470.7,0.3024,0.08713,7e-05,11.10266,7.5,7.4
2026-09-24T19:53:08Z,2026-09-27,3,87500.0,P,0.033,0.038,0.0359,84545.8,84470.7,0.3024,-0.91287,7e-05,11.10266,0.0,0.0
2026-09-24T19:53:08Z,2026-09-27,3,88000.0,C,0.0006,0.0009,0.0007,84545.8,84470.7,0.3147,0.06387,6e-05,8.75988,98.8,125.9
2026-09-24T19:53:08Z,2026-09-27,3,88000.0,P,0.0385,0.0435,0.0416,84545.8,84470.7,0.3147,-0.93613,6e-05,8.75988,0.0,0.0
2026-09-24T19:53:08Z,2026-09-27,3,88500.0,C,0.0004,0.0007,0.0005,84545.8,84470.7,0.3259,0.04655,4e-05,6.82148,10.2,12.2
2026-09-24T19:53:08Z,2026-09-27,3,88500.0,P,0.0455,0.0495,0.0473,84545.8,84470.7,0.3259,-0.95345,4e-05,6.82148,0.0,0.0
2026-09-24T19:53:08Z,2026-09-27,3,89000.0,C,0.0003,0.0005,0.0004,84545.8,84470.7,0.3414,0.03583,3e-05,5.51744,54.9,30.3
2026-09-24T19:53:08Z,2026-09-27,3,89000.0,P,0.0505,0.055,0.0531,84545.8,84470.7,0.3414,-0.96417,3e-05,5.51744,0.0,0.0
2026-09-24T19:53:08Z,2026-09-27,3,89500.0,C,0.0002,0.0004,0.0003,84545.8,84470.7,0.3544,0.0271,3e-05,4.3796,44.6,11.4
2026-09-24T19:53:08Z,2026-09-27,3,89500.0,P,0.0565,0.0605,0.0589,84545.8,84470.7,0.3544,-0.9729,3e-05,4.3796,0.0,0.0
2026-09-24T19:53:08Z,2026-09-27,3,90000.0,C,0.0001,0.0004,0.0003,84545.8,84470.7,0.37270000000000003,0.02225,2e-05,3.71112,10.4,0.7
2026-09-24T19:53:08Z,2026-09-27,3,90000.0,P,0.062,0.0665,0.0648,84545.8,84470.7,0.37270000000000003,-0.97775,2e-05,3.71112,0.2,0.0
2026-09-24T19:53:08Z,2026-09-27,3,91000.0,C,0.0001,0.0003,0.0002,84545.8,84470.7,0.4065,0.01509,1e-05,2.66546,4.9,2.5
2026-09-24T19:53:08Z,2026-09-27,3,91000.0,P,0.074,0.0785,0.0765,84545.8,84470.7,0.4065,-0.98491,1e-05,2.66546,0.0,0.0
2026-09-24T19:53:08Z,2026-09-27,3,92000.0,C,0.0,0.0002,0.0001,84546.84,84470.7,0.4303,0.00933,1e-05,1.75612,1.3,1.2
2026-09-24T19:53:08Z,2026-09-27,3,92000.0,P,0.0855,0.0905,0.0883,84546.84,84470.7,0.4303,-0.99067,1e-05,1.75612,0.0,0.0
2026-09-24T19:53:08Z,2026-09-27,3,93000.0,C,0.0,0.0002,0.0001,84546.84,84470.7,0.46299999999999997,0.00684,1e-05,1.33811,30.3,0.2
2026-09-24T19:53:08Z,2026-09-27,3,93000.0,P,0.097,0.102,0.1001,84546.84,84470.7,0.46299999999999997,-0.99316,1e-05,1.33811,0.0,0.0
2026-09-24T19:53:08Z,2026-09-27,3,94000.0,C,0.0,0.0002,0.0001,84546.84,84470.7,0.4991,0.0055,0.0,1.10258,0.2,0.1
2026-09-24T19:53:08Z,2026-09-27,3,94000.0,P,0.109,0.114,0.1119,84546.84,84470.7,0.4991,-0.9945,0.0,1.10258,0.0,0.0
2026-09-24T19:53:08Z,2026-09-27,3,95000.0,C,0.0,0.0001,0.0001,84546.84,84470.7,0.5399,0.00488,0.0,0.99111,1.0,0.0
2026-09-24T19:53:08Z,2026-09-27,3,95000.0,P,0.1205,0.126,0.1237,84546.84,84470.7,0.5399,-0.99512,0.0,0.99111,0.0,0.0
2026-09-24T19:53:08Z,2026-09-27,3,96000.0,C,0.0,0.0001,0.0001,84546.84,84470.7,0.5796,0.00437,0.0,0.89897,1.6,0.1
2026-09-24T19:53:08Z,2026-09-27,3,96000.0,P,0.1325,0.1375,0.1355,84546.84,84470.7,0.5796,-0.99563,0.0,0.89897,0.0,0.0
2026-09-24T19:53:08Z,2026-09-28,4,74000.0,C,0.1235,0.1265,0.1251,84556.94,84470.7,0.6219,0.98675,1e-05,2.82003,0.0,0.0
2026-09-24T19:53:08Z,2026-09-28,4,74000.0,P,0.0002,0.0004,0.0003,84557.89,84470.7,0.6219,-0.01325,1e-05,2.81891,12.1,12.1
2026-09-24T19:53:08Z,2026-09-28,4,75000.0,C,0.1115,0.115,0.1134,84557.89,84470.7,0.5879,0.98261,1e-05,3.56171,0.0,0.0
2026-09-24T19:53:08Z,2026-09-28,4,75000.0,P,0.0002,0.0004,0.0004,84557.89,84470.7,0.5879,-0.01739,1e-05,3.56171,15.0,15.0
2026-09-24T19:53:08Z,2026-09-28,4,76000.0,C,0.0995,0.103,0.1016,84557.89,84470.7,0.5371,0.97999,1e-05,4.01278,0.0,0.0
2026-09-24T19:53:08Z,2026-09-28,4,76000.0,P,0.0003,0.0005,0.0004,84556.94,84470.7,0.5371,-0.02002,1e-05,4.01449,1.0,1.0
2026-09-24T19:53:08Z,2026-09-28,4,77000.0,C,0.088,0.0915,0.0899,84556.94,84470.7,0.4984,0.97388,1e-05,5.02314,0.0,0.0
2026-09-24T19:53:08Z,2026-09-28,4,77000.0,P,0.0003,0.0006,0.0005,84556.94,84470.7,0.4984,-0.02612,1e-05,5.02314,0.0,0.0
2026-09-24T19:53:08Z,2026-09-28,4,78000.0,C,0.076,0.0795,0.0781,84556.94,84470.7,0.4522,0.96738,2e-05,6.04278,0.0,0.0
2026-09-24T19:53:08Z,2026-09-28,4,78000.0,P,0.0004,0.0007,0.0006,84556.94,84470.7,0.4522,-0.03262,2e-05,6.04278,0.2,0.2
2026-09-24T19:53:08Z,2026-09-28,4,79000.0,C,0.065,0.068,0.0665,84556.94,84470.7,0.41240000000000004,0.95565,3e-05,7.7623,0.0,0.0
2026-09-24T19:53:08Z,2026-09-28,4,79000.0,P,0.0006,0.0009,0.0007,84556.94,84470.7,0.41240000000000004,-0.04435,3e-05,7.7623,2.7,2.7
2026-09-24T19:53:08Z,2026-09-28,4,80000.0,C,0.053,0.0565,0.0548,84556.94,84470.7,0.3668,0.94052,4e-05,9.80334,0.0,900.0
2026-09-24T19:53:08Z,2026-09-28,4,80000.0,P,0.0008,0.001,0.0009,84556.94,84470.7,0.3668,-0.05948,4e-05,9.80334,15.4,933.7
2026-09-24T19:53:08Z,2026-09-28,4,80500.0,C,0.0475,0.051,0.0491,84556.94,84470.7,0.3502,0.92645,5e-05,11.55601,0.0,0.0
2026-09-24T19:53:08Z,2026-09-28,4,80500.0,P,0.001,0.0013,0.0011,84556.94,84470.7,0.3502,-0.07355,5e-05,11.55601,0.2,0.2
2026-09-24T19:53:08Z,2026-09-28,4,81000.0,C,0.042,0.045,0.0435,84557.89,84470.7,0.33490000000000003,0.90761,6e-05,13.71958,0.0,0.0
2026-09-24T19:53:08Z,2026-09-28,4,81000.0,P,0.0013,0.0015,0.0014,84556.94,84470.7,0.33490000000000003,-0.09245,6e-05,13.72566,13.4,13.4
2026-09-24T19:53:08Z,2026-09-28,4,81500.0,C,0.0365,0.0395,0.038,84557.89,84470.7,0.32020000000000004,0.88292,7e-05,16.28967,0.0,0.0
2026-09-24T19:53:08Z,2026-09-28,4,81500.0,P,0.0016,0.002,0.0018,84554.6,84470.7,0.32020000000000004,-0.11733,7e-05,16.31308,33.2,33.2
2026-09-24T19:53:08Z,2026-09-28,4,82000.0,C,0.031,0.034,0.0326,84557.89,84470.7,0.3079,0.84925,9e-05,19.3835,0.0,0.0
2026-09-24T19:53:08Z,2026-09-28,4,82000.0,P,0.0022,0.0026,0.0024,84557.89,84470.7,0.3079,-0.15075,9e-05,19.3835,2.8,2.8
2026-09-24T19:53:08Z,2026-09-28,4,82500.0,C,0.026,0.029,0.0275,84557.89,84470.7,0.2973,0.80522,0.00011,22.82957,0.0,0.0
2026-09-24T19:53:08Z,2026-09-28,4,82500.0,P,0.0029,0.0034,0.0032,84557.89,84470.7,0.2973,-0.19478,0.00011,22.82957,9.0,9.0
2026-09-24T19:53:08Z,2026-09-28,4,83000.0,C,0.0215,0.0235,0.0227,84557.89,84470.7,0.28800000000000003,0.74955,0.00013,26.35618,0.0,0.0
2026-09-24T19:53:08Z,2026-09-28,4,83000.0,P,0.004,0.0045,0.0043,84554.6,84470.7,0.28800000000000003,-0.25089,0.00013,26.3796,7.9,7.9
2026-09-24T19:53:08Z,2026-09-28,4,83500.0,C,0.0175,0.019,0.0183,84554.6,84470.7,0.281,0.68069,0.00015,29.60348,3.6,3.6
2026-09-24T19:53:08Z,2026-09-28,4,83500.0,P,0.0055,0.006,0.0058,84557.89,84470.7,0.281,-0.3188,0.00015,29.58496,0.0,0.0
2026-09-24T19:53:08Z,2026-09-28,4,84000.0,C,0.0135,0.0145,0.0142,84554.6,84470.7,0.27149999999999996,0.60283,0.00017,31.95076,200.5,216.7
2026-09-24T19:53:08Z,2026-09-28,4,84000.0,P,0.007,0.008,0.0076,84557.89,84470.7,0.27149999999999996,-0.39661,0.00017,31.93983,177.0,181.1
2026-09-24T19:53:08Z,2026-09-28,4,84500.0,C,0.0105,0.0115,0.0109,84557.89,84470.7,0.2708,0.51558,0.00018,33.03099,16.5,16.5
2026-09-24T19:53:08Z,2026-09-28,4,84500.0,P,0.0095,0.0105,0.0103,84557.89,84470.7,0.2708,-0.48442,0.00018,33.03099,0.0,0.0
2026-09-24T19:53:08Z,2026-09-28,4,85000.0,C,0.0075,0.0085,0.0082,84554.6,84470.7,0.2704,0.42661,0.00018,32.49397,160.4,160.4
2026-09-24T19:53:08Z,2026-09-28,4,85000.0,P,0.013,0.014,0.0134,84557.89,84470.7,0.2704,-0.57282,0.00018,32.50403,38.4,38.4
2026-09-24T19:53:08Z,2026-09-28,4,85500.0,C,0.0055,0.0065,0.006,84554.6,84470.7,0.27,0.34199,0.00016,30.42705,39.3,39.3
2026-09-24T19:53:08Z,2026-09-28,4,85500.0,P,0.0165,0.018,0.0171,84557.89,84470.7,0.27,-0.65747,0.00016,30.44642,0.0,0.0
2026-09-24T19:53:08Z,2026-09-28,4,86000.0,C,0.0041,0.0045,0.0043,84557.89,84470.7,0.2722,0.26737,0.00015,27.26296,266.4,271.6
2026-09-24T19:53:08Z,2026-09-28,4,86000.0,P,0.0205,0.0225,0.0214,84557.89,84470.7,0.2722,-0.73263,0.00015,27.26296,100.0,100.0
2026-09-24T19:53:08Z,2026-09-28,4,86500.0,C,0.0028,0.0033,0.003,84557.89,84470.7,0.275,0.20352,0.00012,23.44089,4.2,4.8
2026-09-24T19:53:08Z,2026-09-28,4,86500.0,P,0.0245,0.028,0.026,84557.89,84470.7,0.275,-0.79648,0.00012,23.44089,0.0,0.0
2026-09-24T19:53:08Z,2026-09-28,4,87000.0,C,0.002,0.0024,0.0022,84554.6,84470.7,0.28,0.15259,0.0001,19.54017,32.1,32.1
2026-09-24T19:53:08Z,2026-09-28,4,87000.0,P,0.0295,0.033,0.031,84554.6,84470.7,0.28,-0.8474,0.0001,19.54044,0.0,0.0
2026-09-24T19:53:08Z,2026-09-28,4,87500.0,C,0.0014,0.0017,0.0015,84554.6,84470.7,0.2858,0.1134,8e-05,15.9226,4.2,4.2
2026-09-24T19:53:08Z,2026-09-28,4,87500.0,P,0.0345,0.038,0.0363,84554.6,84470.7,0.2858,-0.8866,8e-05,15.9226,0.0,0.0
2026-09-24T19:53:08Z,2026-09-28,4,88000.0,C,0.001,0.0013,0.0011,84554.6,84470.7,0.2927,0.08408,6e-05,12.78852,2.5,2.5
2026-09-24T19:53:08Z,2026-09-28,4,88000.0,P,0.04,0.0435,0.0418,84555.04,84470.7,0.2927,-0.91589,6e-05,12.79178,0.0,0.0
2026-09-24T19:53:08Z,2026-09-28,4,89000.0,C,0.0005,0.0008,0.0006,84555.04,84470.7,0.3118,0.04832,4e-05,8.31526,0.0,0.0
2026-09-24T19:53:08Z,2026-09-28,4,89000.0,P,0.051,0.0555,0.0532,84555.04,84470.7,0.3118,-0.95168,4e-05,8.31526,0.0,0.0
2026-09-24T19:53:08Z,2026-09-28,4,90000.0,C,0.0003,0.0005,0.0004,84554.6,84470.7,0.3361,0.03017,2e-05,5.66419,2.6,2.6
2026-09-24T19:53:08Z,2026-09-28,4,90000.0,P,0.0625,0.0665,0.0648,84555.04,84470.7,0.3361,-0.96982,2e-05,5.6659,0.0,0.0
2026-09-24T19:53:08Z,2026-09-28,4,91000.0,C,0.0001,0.0003,0.0002,84557.89,84470.7,0.35700000000000004,0.0187,2e-05,3.78999,0.0,0.0
2026-09-24T19:53:08Z,2026-09-28,4,91000.0,P,0.074,0.078,0.0764,84555.04,84470.7,0.35700000000000004,-0.98135,2e-05,3.78107,0.0,0.0
2026-09-24T19:53:08Z,2026-09-28,4,92000.0,C,0.0001,0.0002,0.0002,84554.6,84470.7,0.3859,0.01347,1e-05,2.85939,0.5,0.5
2026-09-24T19:53:08Z,2026-09-28,4,92000.0,P,0.0865,0.0905,0.0882,84554.6,84470.7,0.3859,-0.98653,1e-05,2.85939,0.0,0.0
2026-09-24T19:53:08Z,2026-09-28,4,93000.0,C,0.0001,0.0002,0.0002,84554.6,84470.7,0.42229999999999995,0.0113,1e-05,2.457,0.0,0.0
2026-09-24T19:53:08Z,2026-09-28,4,93000.0,P,0.0975,0.102,0.1,84554.6,84470.7,0.42229999999999995,-0.9887,1e-05,2.457,0.0,0.0
2026-09-24T19:53:08Z,2026-09-28,4,94000.0,C,0.0,0.0002,0.0001,84554.6,84470.7,0.4484,0.00846,1e-05,1.90813,0.3,0.3
2026-09-24T19:53:08Z,2026-09-28,4,94000.0,P,0.109,0.114,0.1118,84554.6,84470.7,0.4484,-0.99154,1e-05,1.90813,0.0,0.0
2026-09-24T19:53:08Z,2026-10-02,8,65000.0,C,0.2305,0.2335,0.2318,84587.8,84470.7,0.7645000000000001,0.993,0.0,2.36237,0.8,0.0
2026-09-24T19:53:08Z,2026-10-02,8,65000.0,P,0.0002,0.0003,0.0003,84588.98,84470.7,0.7645000000000001,-0.00699,0.0,2.36167,705.6,13.1
2026-09-24T19:53:08Z,2026-10-02,8,70000.0,C,0.1715,0.1745,0.173,84588.98,84470.7,0.6241,0.98461,1e-05,4.69467,2.9,1.0
2026-09-24T19:53:08Z,2026-10-02,8,70000.0,P,0.0004,0.0006,0.0005,84588.98,84470.7,0.6241,-0.01539,1e-05,4.69467,1052.5,18.0
2026-09-24T19:53:08Z,2026-10-02,8,72000.0,C,0.148,0.151,0.1495,84587.8,84470.7,0.5658,0.97864,1e-05,6.20836,2.1,0.0
2026-09-24T19:53:08Z,2026-10-02,8,72000.0,P,0.0005,0.0007,0.0007,84588.98,84470.7,0.5658,-0.02135,1e-05,6.20628,243.9,6.9
2026-09-24T19:53:08Z,2026-10-02,8,73000.0,C,0.1365,0.1395,0.1378,84588.98,84470.7,0.5409,0.97373,1e-05,7.3904,0.8,0.0
2026-09-24T19:53:08Z,2026-10-02,8,73000.0,P,0.0006,0.0009,0.0008,84587.8,84470.7,0.5409,-0.02629,1e-05,7.39288,1126.9,39.0
2026-09-24T19:53:08Z,2026-10-02,8,74000.0,C,0.1245,0.128,0.1261,84587.8,84470.7,0.5102,0.96888,1e-05,8.50715,1.6,0.0
2026-09-24T19:53:08Z,2026-10-02,8,74000.0,P,0.0007,0.0011,0.0009,84587.8,84470.7,0.5102,-0.03112,1e-05,8.50715,1267.2,1.4
2026-09-24T19:53:08Z,2026-10-02,8,75000.0,C,0.113,0.116,0.1144,84588.98,84470.7,0.4799,0.96269,1e-05,9.8762,4.6,0.1
2026-09-24T19:53:08Z,2026-10-02,8,75000.0,P,0.0009,0.0012,0.0011,84588.98,84470.7,0.4799,-0.03731,1e-05,9.8762,425.2,33.6
2026-09-24T19:53:08Z,2026-10-02,8,76000.0,C,0.1015,0.1045,0.1028,84588.98,84470.7,0.45299999999999996,0.95359,2e-05,11.78502,40.8,0.1
2026-09-24T19:53:08Z,2026-10-02,8,76000.0,P,0.0011,0.0014,0.0013,84587.8,84470.7,0.45299999999999996,-0.04643,2e-05,11.78879,408.4,163.4
2026-09-24T19:53:08Z,2026-10-02,8,77000.0,C,0.09,0.093,0.0913,84587.8,84470.7,0.4304,0.93988,2e-05,14.47165,186.7,0.0
2026-09-24T19:53:08Z,2026-10-02,8,77000.0,P,0.0015,0.0018,0.0016,84587.8,84470.7,0.4304,-0.06012,2e-05,14.47165,228.4,0.1
2026-09-24T19:53:08Z,2026-10-02,8,78000.0,C,0.078,0.0815,0.08,84587.8,84470.7,0.4056,0.92266,3e-05,17.57597,302.5,0.0
2026-09-24T19:53:08Z,2026-10-02,8,78000.0,P,0.0019,0.002,0.0021,84587.8,84470.7,0.4056,-0.07734,3e-05,17.57597,1446.5,562.1
2026-09-24T19:53:08Z,2026-10-02,8,79000.0,C,0.0675,0.0705,0.0689,84587.8,84470.7,0.3868,0.89614,4e-05,21.88202,366.6,0.0
2026-09-24T19:53:08Z,2026-10-02,8,79000.0,P,0.0026,0.003,0.0028,84586.48,84470.7,0.3868,-0.10391,4e-05,21.88944,834.7,98.5
2026-09-24T19:53:08Z,2026-10-02,8,80000.0,C,0.0565,0.0595,0.0581,84586.48,84470.7,0.3691,0.85989,5e-05,27.01138,869.0,0.0
2026-09-24T19:53:08Z,2026-10-02,8,80000.0,P,0.0036,0.0041,0.0039,84587.8,84470.7,0.3691,-0.14005,5e-05,27.00321,1006.0,219.6
2026-09-24T19:53:08Z,2026-10-02,8,81000.0,C,0.0465,0.0495,0.0479,84587.8,84470.7,0.3558,0.8092,6e-05,32.99934,313.9,25.2
2026-09-24T19:53:08Z,2026-10-02,8,81000.0,P,0.005,0.006,0.0055,84587.8,84470.7,0.3558,-0.1908,6e-05,32.99934,281.5,129.6
2026-09-24T19:53:08Z,2026-10-02,8,82000.0,C,0.0375,0.0395,0.0384,84587.8,84470.7,0.34380000000000005,0.74376,8e-05,39.04676,1533.5,400.6
2026-09-24T19:53:08Z,2026-10-02,8,82000.0,P,0.0075,0.008,0.0078,84587.8,84470.7,0.34380000000000005,-0.25624,8e-05,39.04676,772.6,695.7
2026-09-24T19:53:08Z,2026-10-02,8,83000.0,C,0.029,0.0305,0.0298,84586.48,84470.7,0.33380000000000004,0.66258,9e-05,44.31161,658.1,5.3
2026-09-24T19:53:08Z,2026-10-02,8,83000.0,P,0.0105,0.011,0.011,84587.8,84470.7,0.33380000000000004,-0.3373,9e-05,44.30624,447.8,226.9
2026-09-24T19:53:08Z,2026-10-02,8,84000.0,C,0.022,0.023,0.0224,84586.48,84470.7,0.3282,0.56804,0.0001,47.6823,847.6,801.9
2026-09-24T19:53:08Z,2026-10-02,8,84000.0,P,0.015,0.016,0.0154,84586.48,84470.7,0.3282,-0.43196,0.0001,47.6823,620.5,522.9
2026-09-24T19:53:08Z,2026-10-02,8,85000.0,C,0.016,0.017,0.0163,84587.8,84470.7,0.32439999999999997,0.46762,0.0001,48.22914,1015.5,518.9
2026-09-24T19:53:08Z,2026-10-02,8,85000.0,P,0.0205,0.0215,0.0211,84587.8,84470.7,0.32439999999999997,-0.53238,0.0001,48.22914,837.0,618.2
2026-09-24T19:53:08Z,2026-10-02,8,86000.0,C,0.011,0.012,0.0114,84586.48,84470.7,0.32130000000000003,0.36819,0.0001,45.72205,878.0,44.8
2026-09-24T19:53:08Z,2026-10-02,8,86000.0,P,0.027,0.029,0.0281,84587.8,84470.7,0.32130000000000003,-0.63168,0.0001,45.72798,812.7,0.0
2026-09-24T19:53:08Z,2026-10-02,8,87000.0,C,0.0075,0.0085,0.0078,84586.48,84470.7,0.3224,0.27913,9e-05,40.76766,401.6,67.0
2026-09-24T19:53:08Z,2026-10-02,8,87000.0,P,0.035,0.037,0.0363,84587.8,84470.7,0.3224,-0.72075,9e-05,40.77635,12.1,0.0
2026-09-24T19:53:08Z,2026-10-02,8,88000.0,C,0.005,0.0055,0.0053,84586.59,84470.7,0.3258,0.20514,7e-05,34.47612,1517.8,724.9
2026-09-24T19:53:08Z,2026-10-02,8,88000.0,P,0.044,0.0475,0.0456,84586.59,84470.7,0.3258,-0.79486,7e-05,34.47612,413.7,0.0
2026-09-24T19:53:08Z,2026-10-02,8,89000.0,C,0.0033,0.0037,0.0035,84586.59,84470.7,0.32880000000000004,0.14567,6e-05,27.7301,71.6,22.1
2026-09-24T19:53:08Z,2026-10-02,8,89000.0,P,0.054,0.0575,0.0556,84586.59,84470.7,0.32880000000000004,-0.85433,6e-05,27.7301,3.0,0.0
2026-09-24T19:53:08Z,2026-10-02,8,90000.0,C,0.0021,0.0025,0.0023,84589.91,84470.7,0.3343,0.10217,4e-05,21.62309,748.0,75.5
2026-09-24T19:53:08Z,2026-10-02,8,90000.0,P,0.0645,0.068,0.0663,84586.59,84470.7,0.3343,-0.89797,4e-05,21.59977,3.2,0.0
2026-09-24T19:53:08Z,2026-10-02,8,92000.0,C,0.0009,0.0012,0.001,84589.91,84470.7,0.35090000000000005,0.0501,2e-05,12.52993,268.7,75.2
2026-09-24T19:53:08Z,2026-10-02,8,92000.0,P,0.0865,0.0905,0.0887,84589.91,84470.7,0.35090000000000005,-0.9499,2e-05,12.52993,0.0,0.0
2026-09-24T19:53:08Z,2026-10-02,8,95000.0,C,0.0003,0.0005,0.0004,84586.59,84470.7,0.38670000000000004,0.01941,1e-05,5.72442,648.7,217.5
2026-09-24T19:53:08Z,2026-10-02,8,95000.0,P,0.121,0.1255,0.1235,84589.91,84470.7,0.38670000000000004,-0.98056,1e-05,5.73302,0.2,0.0
2026-09-24T19:53:08Z,2026-10-02,8,100000.0,C,0.0001,0.0002,0.0001,84586.59,84470.7,0.45899999999999996,0.00603,0.0,2.07243,147.9,77.0
2026-09-24T19:53:08Z,2026-10-02,8,100000.0,P,0.18,0.184,0.1823,84589.91,84470.7,0.45899999999999996,-0.99396,0.0,2.07562,0.0,0.0
2026-09-24T19:53:08Z,2026-10-09,15,65000.0,C,0.2315,0.2345,0.2328,84657.56,84470.7,0.6146,0.98671,0.0,5.75637,0.7,0.0
2026-09-24T19:53:08Z,2026-10-09,15,65000.0,P,0.0005,0.0007,0.0006,84658.92,84470.7,0.6146,-0.01328,0.0,5.75479,226.9,0.0
2026-09-24T19:53:08Z,2026-10-09,15,68000.0,C,0.1965,0.199,0.1976,84657.56,84470.7,0.5461,0.98064,1e-05,7.94915,0.9,0.0
2026-09-24T19:53:08Z,2026-10-09,15,68000.0,P,0.0007,0.0009,0.0008,84657.56,84470.7,0.5461,-0.01936,1e-05,7.94915,460.6,0.3
2026-09-24T19:53:08Z,2026-10-09,15,70000.0,C,0.173,0.176,0.1742,84658.92,84470.7,0.5044,0.97389,1e-05,10.22968,0.0,0.0
2026-09-24T19:53:08Z,2026-10-09,15,70000.0,P,0.0009,0.001,0.001,84658.92,84470.7,0.5044,-0.02611,1e-05,10.22968,114.5,20.2
2026-09-24T19:53:08Z,2026-10-09,15,72000.0,C,0.1495,0.1525,0.1509,84658.92,84470.7,0.46520000000000006,0.9635,1e-05,13.49545,0.0,0.0
2026-09-24T19:53:08Z,2026-10-09,15,72000.0,P,0.0012,0.0016,0.0014,84657.56,84470.7,0.46520000000000006,-0.03651,1e-05,13.49943,61.0,0.0
2026-09-24T19:53:08Z,2026-10-09,15,73000.0,C,0.138,0.141,0.1394,84657.63,84470.7,0.447,0.9561,1e-05,15.68085,0.2,0.0
2026-09-24T19:53:08Z,2026-10-09,15,73000.0,P,0.0015,0.0018,0.0017,84657.63,84470.7,0.447,-0.0439,1e-05,15.68085,108.8,1.0
2026-09-24T19:53:08Z,2026-10-09,15,74000.0,C,0.1265,0.1295,0.1279,84660.95,84470.7,0.4305,0.94644,1e-05,18.38535,1.1,0.0
2026-09-24T19:53:08Z,2026-10-09,15,74000.0,P,0.0018,0.0022,0.002,84660.95,84470.7,0.4305,-0.05356,1e-05,18.38535,315.9,277.2
2026-09-24T19:53:08Z,2026-10-09,15,75000.0,C,0.115,0.118,0.1165,84660.95,84470.7,0.41409999999999997,0.93438,2e-05,21.55783,0.2,0.0
2026-09-24T19:53:08Z,2026-10-09,15,75000.0,P,0.0022,0.0027,0.0024,84657.63,84470.7,0.41409999999999997,-0.06568,2e-05,21.57245,1031.0,601.1
2026-09-24T19:53:08Z,2026-10-09,15,76000.0,C,0.1035,0.107,0.1053,84660.95,84470.7,0.3994,0.91852,2e-05,25.4389,50.1,0.0
2026-09-24T19:53:08Z,2026-10-09,15,76000.0,P,0.0028,0.0033,0.003,84660.95,84470.7,0.3994,-0.08148,2e-05,25.4389,884.7,500.0
2026-09-24T19:53:08Z,2026-10-09,15,77000.0,C,0.093,0.096,0.0943,84660.95,84470.7,0.3862,0.89802,3e-05,30.04492,57.9,0.0
2026-09-24T19:53:08Z,2026-10-09,15,77000.0,P,0.0036,0.0041,0.0039,84657.63,84470.7,0.3862,-0.10207,3e-05,30.06318,156.9,110.5
2026-09-24T19:53:08Z,2026-10-09,15,78000.0,C,0.082,0.085,0.0838,84660.95,84470.7,0.3785,0.86942,3e-05,35.81283,28.3,0.0
2026-09-24T19:53:08Z,2026-10-09,15,78000.0,P,0.0047,0.0055,0.0051,84660.95,84470.7,0.3785,-0.13058,3e-05,35.81283,933.6,27.7
2026-09-24T19:53:08Z,2026-10-09,15,79000.0,C,0.0715,0.0745,0.0733,84660.95,84470.7,0.36579999999999996,0.83782,4e-05,41.42794,14.4,0.0
2026-09-24T19:53:08Z,2026-10-09,15,79000.0,P,0.006,0.007,0.0065,84660.95,84470.7,0.36579999999999996,-0.16218,4e-05,41.42794,226.1,77.2
2026-09-24T19:53:08Z,2026-10-09,15,80000.0,C,0.0625,0.0645,0.0633,84660.95,84470.7,0.3549,0.79835,5e-05,47.48265,93.5,0.0
2026-09-24T19:53:08Z,2026-10-09,15,80000.0,P,0.008,0.0085,0.0083,84660.95,84470.7,0.3549,-0.20165,5e-05,47.48265,835.6,526.1
2026-09-24T19:53:08Z,2026-10-09,15,81000.0,C,0.053,0.055,0.0541,84660.95,84470.7,0.35009999999999997,0.74804,5e-05,53.85277,100.2,0.0
2026-09-24T19:53:08Z,2026-10-09,15,81000.0,P,0.0105,0.0115,0.0109,84657.63,84470.7,0.35009999999999997,-0.25214,5e-05,53.87087,79.7,51.5
2026-09-24T19:53:08Z,2026-10-09,15,82000.0,C,0.0445,0.046,0.0455,84660.95,84470.7,0.3436,0.69164,6e-05,59.40247,329.7,0.0
2026-09-24T19:53:08Z,2026-10-09,15,82000.0,P,0.0135,0.0145,0.0141,84660.95,84470.7,0.3436,-0.30836,6e-05,59.40247,178.5,4.0
2026-09-24T19:53:08Z,2026-10-09,15,83000.0,C,0.037,0.0385,0.0377,84660.95,84470.7,0.3397,0.62796,7e-05,63.83558,97.5,12.7
2026-09-24T19:53:08Z,2026-10-09,15,83000.0,P,0.0175,0.0185,0.0181,84660.95,84470.7,0.3397,-0.37204,7e-05,63.83558,288.2,52.0
2026-09-24T19:53:08Z,2026-10-09,15,84000.0,C,0.03,0.0315,0.0307,84660.55,84470.7,0.3369,0.5597,7e-05,66.57357,293.8,13.0
2026-09-24T19:53:08Z,2026-10-09,15,84000.0,P,0.0225,0.0235,0.023,84660.55,84470.7,0.3369,-0.4403,7e-05,66.57357,80.2,8.3
2026-09-24T19:53:08Z,2026-10-09,15,85000.0,C,0.024,0.025,0.0247,84660.55,84470.7,0.3346,0.48937,7e-05,67.30501,315.1,21.9
2026-09-24T19:53:08Z,2026-10-09,15,85000.0,P,0.028,0.029,0.0287,84660.55,84470.7,0.3346,-0.51063,7e-05,67.30501,616.4,5.8
2026-09-24T19:53:08Z,2026-10-09,15,86000.0,C,0.019,0.02,0.0196,84660.95,84470.7,0.3344,0.41993,7e-05,65.96845,542.3,2.0
2026-09-24T19:53:08Z,2026-10-09,15,86000.0,P,0.035,0.036,0.0355,84660.55,84470.7,0.3344,-0.5801,7e-05,65.9672,237.6,18.6
2026-09-24T19:53:08Z,2026-10-09,15,87000.0,C,0.015,0.0155,0.0152,84660.55,84470.7,0.3323,0.35259,7e-05,62.67864,551.2,155.2
2026-09-24T19:53:08Z,2026-10-09,15,87000.0,P,0.042,0.0435,0.0429,84660.55,84470.7,0.3323,-0.64741,7e-05,62.67864,102.5,0.0
2026-09-24T19:53:08Z,2026-10-09,15,88000.0,C,0.0115,0.0125,0.0117,84660.95,84470.7,0.3328,0.29117,6e-05,57.87969,341.7,79.1
2026-09-24T19:53:08Z,2026-10-09,15,88000.0,P,0.05,0.052,0.0512,84660.95,84470.7,0.3328,-0.70883,6e-05,57.87969,4.6,0.0
2026-09-24T19:53:08Z,2026-10-09,15,89000.0,C,0.0085,0.0095,0.009,84660.95,84470.7,0.3345,0.23691,5e-05,52.09553,63.0,22.7
2026-09-24T19:53:08Z,2026-10-09,15,89000.0,P,0.0585,0.062,0.0603,84660.95,84470.7,0.3345,-0.76309,5e-05,52.09553,1.0,0.0
2026-09-24T19:53:08Z,2026-10-09,15,90000.0,C,0.0065,0.0075,0.0068,84660.55,84470.7,0.33740000000000003,0.19057,5e-05,45.88288,978.7,114.5
2026-09-24T19:53:08Z,2026-10-09,15,90000.0,P,0.068,0.0715,0.0699,84660.55,84470.7,0.33740000000000003,-0.80943,5e-05,45.88288,0.0,0.0
2026-09-24T19:53:08Z,2026-10-09,15,92000.0,C,0.0037,0.004,0.0038,84660.95,84470.7,0.34259999999999996,0.11839,3e-05,33.44121,572.0,153.0
2026-09-24T19:53:08Z,2026-10-09,15,92000.0,P,0.0885,0.0925,0.0906,84660.55,84470.7,0.34259999999999996,-0.88162,3e-05,33.43832,0.0,0.0
2026-09-24T19:53:08Z,2026-10-09,15,94000.0,C,0.0021,0.0025,0.0023,84660.55,84470.7,0.3553,0.07465,2e-05,23.80581,266.7,7.7
2026-09-24T19:53:08Z,2026-10-09,15,94000.0,P,0.1105,0.1145,0.1127,84660.55,84470.7,0.3553,-0.92535,2e-05,23.80581,0.0,0.0
2026-09-24T19:53:08Z,2026-10-09,15,95000.0,C,0.0017,0.0018,0.0018,84660.55,84470.7,0.361,0.05878,2e-05,19.7836,475.6,10.2
2026-09-24T19:53:08Z,2026-10-09,15,95000.0,P,0.122,0.126,0.1239,84660.55,84470.7,0.361,-0.94122,2e-05,19.7836,0.6,0.0
2026-09-24T19:53:08Z,2026-10-09,15,100000.0,C,0.0005,0.0007,0.0006,84660.55,84470.7,0.4019,0.02075,1e-05,8.42896,126.2,10.9
2026-09-24T19:53:08Z,2026-10-09,15,100000.0,P,0.1795,0.184,0.1818,84660.55,84470.7,0.4019,-0.97925,1e-05,8.42896,3.8,0.0
2026-09-24T19:53:08Z,2026-10-16,22,70000.0,C,0.1745,0.1775,0.1759,84747.38,84470.7,0.46490000000000004,0.95999,1e-05,17.7312,0.0,0.0
2026-09-24T19:53:08Z,2026-10-16,22,70000.0,P,0.0017,0.0021,0.0019,84747.05,84470.7,0.46490000000000004,-0.04002,1e-05,17.73221,0.4,0.4
2026-09-24T19:53:08Z,2026-10-16,22,75000.0,C,0.118,0.121,0.1194,84747.38,84470.7,0.3969,0.90598,2e-05,34.50315,0.0,0.0
2026-09-24T19:53:08Z,2026-10-16,22,75000.0,P,0.0042,0.0046,0.0044,84747.05,84470.7,0.3969,-0.09403,2e-05,34.50486,0.7,0.7
2026-09-24T19:53:08Z,2026-10-16,22,76000.0,C,0.107,0.11,0.1087,84747.05,84470.7,0.3882,0.88556,2e-05,39.7906,0.0,0.0
2026-09-24T19:53:08Z,2026-10-16,22,76000.0,P,0.005,0.006,0.0055,84747.05,84470.7,0.3882,-0.11444,2e-05,39.7906,60.3,60.3
2026-09-24T19:53:08Z,2026-10-16,22,78000.0,C,0.0865,0.0895,0.0878,84747.05,84470.7,0.36950000000000005,0.83392,3e-05,51.27982,0.0,0.0
2026-09-24T19:53:08Z,2026-10-16,22,78000.0,P,0.008,0.0085,0.0083,84747.05,84470.7,0.36950000000000005,-0.16608,3e-05,51.27982,34.2,34.7
2026-09-24T19:53:08Z,2026-10-16,22,79000.0,C,0.0765,0.0795,0.0781,84747.05,84470.7,0.3628,0.79994,4e-05,57.59958,4.1,4.1
2026-09-24T19:53:08Z,2026-10-16,22,79000.0,P,0.01,0.0105,0.0103,84748.05,84470.7,0.3628,-0.20002,4e-05,57.59365,0.0,0.0
2026-09-24T19:53:08Z,2026-10-16,22,80000.0,C,0.068,0.0695,0.0688,84747.05,84470.7,0.3574,0.76046,4e-05,63.88187,9.5,9.5
2026-09-24T19:53:08Z,2026-10-16,22,80000.0,P,0.0125,0.0135,0.0128,84747.05,84470.7,0.3574,-0.23954,4e-05,63.88187,0.2,0.2
2026-09-24T19:53:08Z,2026-10-16,22,81000.0,C,0.059,0.061,0.06,84748.05,84470.7,0.35240000000000005,0.71618,5e-05,69.69964,0.0,0.0
2026-09-24T19:53:08Z,2026-10-16,22,81000.0,P,0.0155,0.0165,0.0158,84747.05,84470.7,0.35240000000000005,-0.28386,5e-05,69.70409,0.0,0.0
2026-09-24T19:53:08Z,2026-10-16,22,82000.0,C,0.051,0.0525,0.0518,84747.94,84470.7,0.3477,0.66742,5e-05,74.72885,12.6,12.6
2026-09-24T19:53:08Z,2026-10-16,22,82000.0,P,0.019,0.02,0.0194,84748.05,84470.7,0.3477,-0.33258,5e-05,74.72852,1.8,1.8
2026-09-24T19:53:08Z,2026-10-16,22,83000.0,C,0.0435,0.045,0.0444,84747.94,84470.7,0.3458,0.61419,5e-05,78.68063,3.6,3.6
2026-09-24T19:53:08Z,2026-10-16,22,83000.0,P,0.0235,0.0245,0.0238,84748.05,84470.7,0.3458,-0.38581,5e-05,78.68042,0.0,0.0
2026-09-24T19:53:08Z,2026-10-16,22,84000.0,C,0.0375,0.0385,0.0378,84748.05,84470.7,0.344,0.5588,6e-05,81.17266,1.8,2.0
2026-09-24T19:53:08Z,2026-10-16,22,84000.0,P,0.0285,0.0295,0.0289,84748.05,84470.7,0.344,-0.4412,6e-05,81.17266,0.1,0.1
2026-09-24T19:53:08Z,2026-10-16,22,85000.0,C,0.0315,0.0325,0.0317,84748.05,84470.7,0.3425,0.50234,6e-05,82.06429,0.3,0.3
2026-09-24T19:53:08Z,2026-10-16,22,85000.0,P,0.034,0.0355,0.0347,84748.05,84470.7,0.3425,-0.49766,6e-05,82.06429,0.0,0.0
2026-09-24T19:53:08Z,2026-10-16,22,86000.0,C,0.026,0.027,0.0264,84748.05,84470.7,0.3414,0.4461,6e-05,81.31557,0.0,0.0
2026-09-24T19:53:08Z,2026-10-16,22,86000.0,P,0.0405,0.042,0.0412,84748.05,84470.7,0.3414,-0.5539,6e-05,81.31557,0.0,0.0
2026-09-24T19:53:08Z,2026-10-16,22,87000.0,C,0.0215,0.0225,0.0218,84747.05,84470.7,0.3406,0.39125,5e-05,78.99627,2.1,2.1
2026-09-24T19:53:08Z,2026-10-16,22,87000.0,P,0.0475,0.049,0.0484,84748.05,84470.7,0.3406,-0.6087,5e-05,79.00042,16.7,16.7
2026-09-24T19:53:08Z,2026-10-16,22,88000.0,C,0.0175,0.0185,0.0178,84748.05,84470.7,0.34049999999999997,0.33935,5e-05,75.31859,3.6,3.6
2026-09-24T19:53:08Z,2026-10-16,22,88000.0,P,0.055,0.057,0.0562,84747.94,84470.7,0.34049999999999997,-0.66065,5e-05,75.31783,0.0,0.0
2026-09-24T19:53:08Z,2026-10-16,22,89000.0,C,0.014,0.015,0.0145,84748.84,84470.7,0.34119999999999995,0.2913,5e-05,70.56317,15.1,15.6
2026-09-24T19:53:08Z,2026-10-16,22,89000.0,P,0.0635,0.0655,0.0647,84748.84,84470.7,0.34119999999999995,-0.7087,5e-05,70.5632,0.0,0.0
2026-09-24T19:53:08Z,2026-10-16,22,90000.0,C,0.0115,0.012,0.0118,84748.84,84470.7,0.34259999999999996,0.2478,4e-05,65.063,26.2,40.9
2026-09-24T19:53:08Z,2026-10-16,22,90000.0,P,0.072,0.0755,0.0737,84748.84,84470.7,0.34259999999999996,-0.7522,4e-05,65.063,0.0,0.0
2026-09-24T19:53:08Z,2026-10-16,22,92000.0,C,0.007,0.008,0.0076,84748.84,84470.7,0.34619999999999995,0.17491,4e-05,53.01005,21.4,21.4
2026-09-24T19:53:08Z,2026-10-16,22,92000.0,P,0.0915,0.095,0.0932,84748.05,84470.7,0.34619999999999995,-0.82512,4e-05,53.00406,0.0,0.0
2026-09-24T19:53:08Z,2026-10-16,22,95000.0,C,0.0038,0.0043,0.004,84748.84,84470.7,0.3566,0.101,2e-05,36.36614,75.7,75.7
2026-09-24T19:53:08Z,2026-10-16,22,95000.0,P,0.123,0.127,0.125,84748.84,84470.7,0.3566,-0.899,2e-05,36.36614,0.0,0.0
2026-09-24T19:53:08Z,2026-10-16,22,100000.0,C,0.0013,0.0016,0.0015,84748.84,84470.7,0.3824,0.04126,1e-05,18.17863,2.0,2.0
2026-09-24T19:53:08Z,2026-10-16,22,100000.0,P,0.179,0.184,0.1815,84748.84,84470.7,0.3824,-0.95874,1e-05,18.17863,0.0,0.0
2026-09-24T19:53:08Z,2026-10-30,36,40000.0,C,0.5285,0.53,0.5291,84905.3,84470.7,0.887,0.99787,0.0,1.77449,0.3,0.0
2026-09-24T19:53:08Z,2026-10-30,36,40000.0,P,0.0002,0.0003,0.0002,84905.3,84470.7,0.887,-0.00213,0.0,1.77449,120.2,0.6
2026-09-24T19:53:08Z,2026-10-30,36,45000.0,C,0.469,0.4715,0.4703,84905.3,84470.7,0.8101999999999999,0.99584,0.0,3.24989,0.9,0.0
2026-09-24T19:53:08Z,2026-10-30,36,45000.0,P,0.0003,0.0004,0.0004,84905.3,84470.7,0.8101999999999999,-0.00416,0.0,3.24989,284.9,0.0
2026-09-24T19:53:08Z,2026-10-30,36,48000.0,C,0.434,0.436,0.4351,84905.3,84470.7,0.7624,0.99409,0.0,4.44425,8.5,0.0
2026-09-24T19:53:08Z,2026-10-30,36,48000.0,P,0.0004,0.0006,0.0005,84905.3,84470.7,0.7624,-0.00591,0.0,4.44425,196.8,0.2
2026-09-24T19:53:08Z,2026-10-30,36,50000.0,C,0.4105,0.413,0.4117,84905.3,84470.7,0.7292000000000001,0.9927,0.0,5.35625,1.1,0.0
2026-09-24T19:53:08Z,2026-10-30,36,50000.0,P,0.0005,0.0007,0.0006,84905.3,84470.7,0.7292000000000001,-0.0073,0.0,5.35625,431.7,1.0
2026-09-24T19:53:08Z,2026-10-30,36,52000.0,C,0.387,0.3895,0.3882,84905.3,84470.7,0.6957,0.99106,0.0,6.40074,0.1,0.0
2026-09-24T19:53:08Z,2026-10-30,36,52000.0,P,0.0006,0.0008,0.0007,84905.3,84470.7,0.6957,-0.00894,0.0,6.40074,125.8,0.1
2026-09-24T19:53:08Z,2026-10-30,36,54000.0,C,0.3635,0.366,0.3648,84905.3,84470.7,0.6591,0.9894,0.0,7.42556,0.1,0.0
2026-09-24T19:53:08Z,2026-10-30,36,54000.0,P,0.0007,0.0009,0.0008,84905.3,84470.7,0.6591,-0.0106,0.0,7.42556,189.7,9.1
2026-09-24T19:53:08Z,2026-10-30,36,55000.0,C,0.3515,0.3545,0.3531,84905.3,84470.7,0.6454000000000001,0.98801,0.0,8.26213,0.1,0.0
2026-09-24T19:53:08Z,2026-10-30,36,55000.0,P,0.0008,0.001,0.0009,84905.3,84470.7,0.6454000000000001,-0.01199,0.0,8.26213,327.5,6.1
2026-09-24T19:53:08Z,2026-10-30,36,56000.0,C,0.34,0.3425,0.3414,84905.3,84470.7,0.6305,0.98661,0.0,9.09339,0.5,0.0
2026-09-24T19:53:08Z,2026-10-30,36,56000.0,P,0.0009,0.0011,0.001,84906.13,84470.7,0.6305,-0.01339,0.0,9.09263,468.3,0.0
2026-09-24T19:53:08Z,2026-10-30,36,57000.0,C,0.3285,0.331,0.3297,84906.13,84470.7,0.6119,0.9855,0.0,9.73888,0.1,0.0
2026-09-24T19:53:08Z,2026-10-30,36,57000.0,P,0.0009,0.0012,0.001,84906.13,84470.7,0.6119,-0.0145,0.0,9.73888,206.3,2.4
2026-09-24T19:53:08Z,2026-10-30,36,58000.0,C,0.3165,0.319,0.318,84906.13,84470.7,0.5941,0.9842,0.0,10.48547,0.0,0.0
2026-09-24T19:53:08Z,2026-10-30,36,58000.0,P,0.001,0.0012,0.0011,84906.13,84470.7,0.5941,-0.0158,0.0,10.48547,336.2,2.0
2026-09-24T19:53:08Z,2026-10-30,36,59000.0,C,0.305,0.3075,0.3063,84906.13,84470.7,0.5805,0.98218,0.0,11.62534,1.0,0.0
2026-09-24T19:53:08Z,2026-10-30,36,59000.0,P,0.0011,0.0014,0.0012,84906.13,84470.7,0.5805,-0.01782,0.0,11.62534,113.2,0.5
2026-09-24T19:53:08Z,2026-10-30,36,60000.0,C,0.293,0.296,0.2947,84906.13,84470.7,0.5639,0.98041,0.0,12.59976,13.7,0.0
2026-09-24T19:53:08Z,2026-10-30,36,60000.0,P,0.0012,0.0015,0.0013,84906.13,84470.7,0.5639,-0.01959,0.0,12.59976,1311.4,0.4
2026-09-24T19:53:08Z,2026-10-30,36,61000.0,C,0.2815,0.2845,0.283,84906.13,84470.7,0.5476,0.97838,0.0,13.69494,7.7,0.0
2026-09-24T19:53:08Z,2026-10-30,36,61000.0,P,0.0013,0.0016,0.0015,84906.13,84470.7,0.5476,-0.02162,0.0,13.69494,274.4,0.0
2026-09-24T19:53:08Z,2026-10-30,36,62000.0,C,0.27,0.2725,0.2714,84906.13,84470.7,0.5354,0.97537,0.0,15.28694,13.5,0.0
2026-09-24T19:53:08Z,2026-10-30,36,62000.0,P,0.0015,0.0018,0.0016,84906.13,84470.7,0.5354,-0.02463,0.0,15.28694,1277.0,0.1
2026-09-24T19:53:08Z,2026-10-30,36,63000.0,C,0.2585,0.261,0.2598,84905.3,84470.7,0.52,0.97264,0.0,16.68813,150.7,9.0
2026-09-24T19:53:08Z,2026-10-30,36,63000.0,P,0.0016,0.002,0.0018,84906.13,84470.7,0.52,-0.02735,0.0,16.68636,662.0,0.0
2026-09-24T19:53:08Z,2026-10-30,36,64000.0,C,0.2465,0.2495,0.2482,84905.3,84470.7,0.5046,0.96958,1e-05,18.22785,416.6,162.5
2026-09-24T19:53:08Z,2026-10-30,36,64000.0,P,0.0018,0.0021,0.002,84906.13,84470.7,0.5046,-0.03042,1e-05,18.22591,581.1,1.3
2026-09-24T19:53:08Z,2026-10-30,36,65000.0,C,0.235,0.238,0.2366,84906.13,84470.7,0.491,0.9657,1e-05,20.12609,430.4,2.1
2026-09-24T19:53:08Z,2026-10-30,36,65000.0,P,0.002,0.0024,0.0022,84906.13,84470.7,0.491,-0.0343,1e-05,20.12609,650.1,0.3
2026-09-24T19:53:08Z,2026-10-30,36,66000.0,C,0.2235,0.2265,0.2251,84906.13,84470.7,0.4758,0.96178,1e-05,21.98744,81.0,1.0
2026-09-24T19:53:08Z,2026-10-30,36,66000.0,P,0.0022,0.0026,0.0024,84906.13,84470.7,0.4758,-0.03822,1e-05,21.98744,491.8,5.9
2026-09-24T19:53:08Z,2026-10-30,36,67000.0,C,0.212,0.215,0.2136,84906.13,84470.7,0.4642,0.95621,1e-05,24.55439,108.4,9.0
2026-09-24T19:53:08Z,2026-10-30,36,67000.0,P,0.0025,0.0029,0.0027,84906.13,84470.7,0.4642,-0.04379,1e-05,24.55439,583.1,16.3
2026-09-24T19:53:08Z,2026-10-30,36,68000.0,C,0.2005,0.2035,0.2021,84906.13,84470.7,0.4489,0.95113,1e-05,26.8176,514.8,9.0
2026-09-24T19:53:08Z,2026-10-30,36,68000.0,P,0.0028,0.0032,0.003,84906.13,84470.7,0.4489,-0.04887,1e-05,26.8176,1321.1,820.4
2026-09-24T19:53:08Z,2026-10-30,36,69000.0,C,0.1895,0.192,0.1907,84906.13,84470.7,0.4368,0.94418,1e-05,29.80301,640.6,9.0
2026-09-24T19:53:08Z,2026-10-30,36,69000.0,P,0.0032,0.0036,0.0034,84906.13,84470.7,0.4368,-0.05582,1e-05,29.80301,1097.6,204.1
2026-09-24T19:53:08Z,2026-10-30,36,70000.0,C,0.178,0.181,0.1795,84906.13,84470.7,0.4257,0.9358,1e-05,33.2555,1057.5,27.8
2026-09-24T19:53:08Z,2026-10-30,36,70000.0,P,0.0037,0.0041,0.0039,84906.21,84470.7,0.4257,-0.0642,1e-05,33.25503,1745.0,300.7
2026-09-24T19:53:08Z,2026-10-30,36,71000.0,C,0.167,0.17,0.1683,84906.13,84470.7,0.4152,0.92589,1e-05,37.1448,956.1,11.0
2026-09-24T19:53:08Z,2026-10-30,36,71000.0,P,0.0043,0.0048,0.0045,84906.13,84470.7,0.4152,-0.07411,1e-05,37.14463,759.7,3.8
2026-09-24T19:53:08Z,2026-10-30,36,72000.0,C,0.156,0.159,0.1572,84906.13,84470.7,0.4056,0.91411,1e-05,41.5294,992.6,75.0
2026-09-24T19:53:08Z,2026-10-30,36,72000.0,P,0.005,0.0055,0.0053,84906.13,84470.7,0.4056,-0.08589,1e-05,41.5294,1287.3,3.7
2026-09-24T19:53:08Z,2026-10-30,36,73000.0,C,0.145,0.148,0.1463,84906.13,84470.7,0.3954,0.90093,2e-05,46.15755,614.5,6.5
2026-09-24T19:53:08Z,2026-10-30,36,73000.0,P,0.0055,0.0065,0.0061,84906.13,84470.7,0.3954,-0.09907,2e-05,46.15755,380.4,4.4
2026-09-24T19:53:08Z,2026-10-30,36,74000.0,C,0.1345,0.1375,0.1357,84906.13,84470.7,0.38880000000000003,0.88382,2e-05,51.77471,722.4,30.5
2026-09-24T19:53:08Z,2026-10-30,36,74000.0,P,0.007,0.0075,0.0073,84906.13,84470.7,0.38880000000000003,-0.11618,2e-05,51.77471,412.1,7.4
2026-09-24T19:53:08Z,2026-10-30,36,75000.0,C,0.124,0.127,0.1252,84906.13,84470.7,0.3809,0.86516,2e-05,57.44988,1170.2,11.4
2026-09-24T19:53:08Z,2026-10-30,36,75000.0,P,0.008,0.009,0.0085,84906.13,84470.7,0.3809,-0.13484,2e-05,57.44988,860.9,72.1
2026-09-24T19:53:08Z,2026-10-30,36,76000.0,C,0.1135,0.1165,0.1151,84906.13,84470.7,0.37520000000000003,0.84267,2e-05,63.72429,558.6,0.8
2026-09-24T19:53:08Z,2026-10-30,36,76000.0,P,0.01,0.0105,0.0102,84906.13,84470.7,0.37520000000000003,-0.15733,2e-05,63.72429,722.4,101.4
2026-09-24T19:53:08Z,2026-10-30,36,77000.0,C,0.104,0.107,0.1053,84906.13,84470.7,0.3701,0.8171,3e-05,70.18406,219.2,0.0
2026-09-24T19:53:08Z,2026-10-30,36,77000.0,P,0.012,0.0125,0.0122,84906.13,84470.7,0.3701,-0.1829,3e-05,70.18406,392.7,7.6
2026-09-24T19:53:08Z,2026-10-30,36,78000.0,C,0.095,0.0965,0.0958,84906.13,84470.7,0.36590000000000006,0.78829,3e-05,76.68322,507.5,117.8
2026-09-24T19:53:08Z,2026-10-30,36,78000.0,P,0.014,0.015,0.0145,84906.13,84470.7,0.36590000000000006,-0.21171,3e-05,76.68322,1030.4,162.0
2026-09-24T19:53:08Z,2026-10-30,36,79000.0,C,0.086,0.0875,0.0867,84905.3,84470.7,0.3615,0.75671,3e-05,82.93331,289.0,1.5
2026-09-24T19:53:08Z,2026-10-30,36,79000.0,P,0.0165,0.0175,0.0172,84906.45,84470.7,0.3615,-0.24325,3e-05,82.92646,601.3,1.9
2026-09-24T19:53:08Z,2026-10-30,36,80000.0,C,0.077,0.079,0.0782,84906.45,84470.7,0.35869999999999996,0.72171,4e-05,88.87688,1396.0,19.8
2026-09-24T19:53:08Z,2026-10-30,36,80000.0,P,0.02,0.021,0.0204,84906.45,84470.7,0.35869999999999996,-0.27829,4e-05,88.87688,1385.4,38.9
2026-09-24T19:53:08Z,2026-10-30,36,81000.0,C,0.069,0.071,0.0701,84906.45,84470.7,0.3557,0.68439,4e-05,94.14861,695.5,35.7
2026-09-24T19:53:08Z,2026-10-30,36,81000.0,P,0.0235,0.0245,0.024,84906.45,84470.7,0.3557,-0.31561,4e-05,94.14861,321.5,11.7
2026-09-24T19:53:08Z,2026-10-30,36,82000.0,C,0.062,0.0635,0.0625,84906.45,84470.7,0.354,0.64455,4e-05,98.63155,1342.5,53.0
2026-09-24T19:53:08Z,2026-10-30,36,82000.0,P,0.0275,0.0285,0.0283,84906.45,84470.7,0.354,-0.35545,4e-05,98.63155,181.4,81.5
2026-09-24T19:53:08Z,2026-10-30,36,83000.0,C,0.0545,0.0565,0.0555,84906.45,84470.7,0.35240000000000005,0.60317,4e-05,102.09182,472.0,25.6
2026-09-24T19:53:08Z,2026-10-30,36,83000.0,P,0.0325,0.0335,0.033,84906.45,84470.7,0.35240000000000005,-0.39683,4e-05,102.09182,311.8,15.9
2026-09-24T19:53:08Z,2026-10-30,36,84000.0,C,0.0485,0.0495,0.049,84906.45,84470.7,0.3515,0.56069,4e-05,104.42003,1376.3,105.9
2026-09-24T19:53:08Z,2026-10-30,36,84000.0,P,0.0375,0.039,0.0384,84906.45,84470.7,0.3515,-0.43931,4e-05,104.42003,488.7,115.5
2026-09-24T19:53:08Z,2026-10-30,36,85000.0,C,0.0425,0.0435,0.0431,84906.45,84470.7,0.35090000000000005,0.51781,4e-05,105.53955,2689.7,127.0
2026-09-24T19:53:08Z,2026-10-30,36,85000.0,P,0.0435,0.0445,0.0442,84906.45,84470.7,0.35090000000000005,-0.48219,4e-05,105.53955,511.3,124.8
2026-09-24T19:53:08Z,2026-10-30,36,86000.0,C,0.037,0.0385,0.0377,84906.45,84470.7,0.3503,0.47509,4e-05,105.43877,1201.9,51.0
2026-09-24T19:53:08Z,2026-10-30,36,86000.0,P,0.05,0.051,0.0506,84906.45,84470.7,0.3503,-0.52491,4e-05,105.43877,175.2,0.5
2026-09-24T19:53:08Z,2026-10-30,36,87000.0,C,0.0325,0.0335,0.0328,84906.45,84470.7,0.3497,0.43299,4e-05,104.15101,917.4,64.4
2026-09-24T19:53:08Z,2026-10-30,36,87000.0,P,0.057,0.058,0.0575,84906.45,84470.7,0.3497,-0.56701,4e-05,104.15101,397.1,1.0
2026-09-24T19:53:08Z,2026-10-30,36,88000.0,C,0.028,0.029,0.0284,84906.45,84470.7,0.34950000000000003,0.39213,4e-05,101.75901,1389.6,12.2
2026-09-24T19:53:08Z,2026-10-30,36,88000.0,P,0.064,0.0655,0.0648,84906.45,84470.7,0.34950000000000003,-0.60787,4e-05,101.75901,2383.0,0.0
2026-09-24T19:53:08Z,2026-10-30,36,89000.0,C,0.024,0.025,0.0245,84906.45,84470.7,0.3494,0.35286,4e-05,98.37502,637.4,111.0
2026-09-24T19:53:08Z,2026-10-30,36,89000.0,P,0.0715,0.0735,0.0727,84906.45,84470.7,0.3494,-0.64714,4e-05,98.37502,11.1,0.0
2026-09-24T19:53:08Z,2026-10-30,36,90000.0,C,0.0205,0.0215,0.021,84906.45,84470.7,0.3497,0.31572,4e-05,94.16306,19637.1,4245.9
2026-09-24T19:53:08Z,2026-10-30,36,90000.0,P,0.08,0.082,0.081,84906.45,84470.7,0.3497,-0.68428,4e-05,94.16306,8.6,2.0
2026-09-24T19:53:08Z,2026-10-30,36,91000.0,C,0.0175,0.0185,0.018,84906.45,84470.7,0.3504,0.28113,4e-05,89.31649,1146.4,16.4
2026-09-24T19:53:08Z,2026-10-30,36,91000.0,P,0.0885,0.0915,0.0898,84912.62,84470.7,0.3504,-0.71864,4e-05,89.35616,3.5,0.0
2026-09-24T19:53:08Z,2026-10-30,36,92000.0,C,0.015,0.016,0.0155,84912.62,84470.7,0.3518,0.24962,3e-05,84.08879,1669.1,164.8
2026-09-24T19:53:08Z,2026-10-30,36,92000.0,P,0.0975,0.101,0.099,84912.62,84470.7,0.3518,-0.75038,3e-05,84.08879,1.6,0.0
2026-09-24T19:53:08Z,2026-10-30,36,93000.0,C,0.013,0.0135,0.0132,84912.62,84470.7,0.353,0.22028,3e-05,78.47073,125.6,16.2
2026-09-24T19:53:08Z,2026-10-30,36,93000.0,P,0.1065,0.1105,0.1085,84912.62,84470.7,0.353,-0.77972,3e-05,78.47067,1.0,0.0
2026-09-24T19:53:08Z,2026-10-30,36,94000.0,C,0.011,0.0115,0.0113,84912.62,84470.7,0.35479999999999995,0.19393,3e-05,72.77096,981.5,15.3
2026-09-24T19:53:08Z,2026-10-30,36,94000.0,P,0.1165,0.1205,0.1184,84912.62,84470.7,0.35479999999999995,-0.80607,3e-05,72.77087,0.1,0.0
2026-09-24T19:53:08Z,2026-10-30,36,95000.0,C,0.0095,0.01,0.0096,84912.62,84470.7,0.3564,0.16995,3e-05,67.00352,23294.8,16.9
2026-09-24T19:53:08Z,2026-10-30,36,95000.0,P,0.1265,0.131,0.1285,84912.62,84470.7,0.3564,-0.83005,3e-05,67.00313,201.2,1.0
2026-09-24T19:53:08Z,2026-10-30,36,96000.0,C,0.008,0.0085,0.0082,84912.62,84470.7,0.35850000000000004,0.14877,2e-05,61.40887,343.8,0.3
2026-09-24T19:53:08Z,2026-10-30,36,96000.0,P,0.137,0.141,0.1388,84912.62,84470.7,0.35850000000000004,-0.85123,2e-05,61.40927,0.1,0.0
2026-09-24T19:53:08Z,2026-10-30,36,98000.0,C,0.0055,0.0065,0.006,84912.62,84470.7,0.364,0.11392,2e-05,51.0607,403.9,0.8
2026-09-24T19:53:08Z,2026-10-30,36,98000.0,P,0.158,0.1625,0.1602,84912.62,84470.7,0.364,-0.88608,2e-05,51.06068,27.0,0.0
2026-09-24T19:53:08Z,2026-10-30,36,100000.0,C,0.0043,0.0047,0.0044,84912.62,84470.7,0.37079999999999996,0.08746,2e-05,42.09917,12858.8,8.6
2026-09-24T19:53:08Z,2026-10-30,36,100000.0,P,0.1805,0.1845,0.1822,84912.62,84470.7,0.37079999999999996,-0.91254,2e-05,42.09964,1.3,0.0
2026-09-24T19:53:08Z,2026-10-30,36,102000.0,C,0.0032,0.0035,0.0033,84912.62,84470.7,0.37799999999999995,0.06729,1e-05,34.49077,237.1,22.5
2026-09-24T19:53:08Z,2026-10-30,36,102000.0,P,0.2025,0.207,0.2047,84906.63,84470.7,0.37799999999999995,-0.93279,1e-05,34.45747,0.0,0.0
2026-09-24T19:53:08Z,2026-10-30,36,104000.0,C,0.0024,0.0027,0.0025,84912.62,84470.7,0.386,0.05218,1e-05,28.25727,159.7,41.0
2026-09-24T19:53:08Z,2026-10-30,36,104000.0,P,0.2255,0.23,0.2274,84912.62,84470.7,0.386,-0.94782,1e-05,28.25755,0.0,0.0
2026-09-24T19:53:08Z,2026-10-30,36,105000.0,C,0.0021,0.0023,0.0022,84912.62,84470.7,0.3893,0.04569,1e-05,25.41103,1158.5,0.2
2026-09-24T19:53:08Z,2026-10-30,36,105000.0,P,0.2365,0.2415,0.2388,84912.62,84470.7,0.3893,-0.95431,1e-05,25.41123,0.9,0.2
2026-09-24T19:53:08Z,2026-10-30,36,106000.0,C,0.0018,0.0021,0.0019,84906.63,84470.7,0.3946,0.04081,1e-05,23.19578,30.1,5.0
2026-09-24T19:53:08Z,2026-10-30,36,106000.0,P,0.248,0.253,0.2504,84912.76,84470.7,0.3946,-0.95914,1e-05,23.22116,0.0,0.0
2026-09-24T19:53:08Z,2026-10-30,36,110000.0,C,0.0012,0.0014,0.0013,84916.28,84470.7,0.4158,0.02674,1e-05,16.37356,1189.8,14.0
2026-09-24T19:53:08Z,2026-10-30,36,110000.0,P,0.2945,0.2995,0.2968,84916.28,84470.7,0.4158,-0.97326,1e-05,16.37356,0.2,0.2
2026-09-24T19:53:08Z,2026-10-30,36,115000.0,C,0.0007,0.0009,0.0008,84916.28,84470.7,0.4426,0.01668,0.0,10.98335,35.6,30.0
2026-09-24T19:53:08Z,2026-10-30,36,115000.0,P,0.353,0.358,0.3552,84916.28,84470.7,0.4426,-0.98332,0.0,10.98335,34.6,34.6
2026-09-24T19:53:08Z,2026-11-27,64,58000.0,C,0.321,0.3235,0.3223,85249.57,84470.7,0.5215,0.96991,0.0,24.25758,0.1,0.0
2026-09-24T19:53:08Z,2026-11-27,64,58000.0,P,0.0025,0.003,0.0027,85249.57,84470.7,0.5215,-0.03009,0.0,24.25758,47.3,1.4
2026-09-24T19:53:08Z,2026-11-27,64,60000.0,C,0.298,0.3005,0.2995,85246.05,84470.7,0.501,0.96288,0.0,28.83399,0.2,0.0
2026-09-24T19:53:08Z,2026-11-27,64,60000.0,P,0.0031,0.0036,0.0033,85253.31,84470.7,0.501,-0.03709,0.0,28.81547,229.0,22.1
2026-09-24T19:53:08Z,2026-11-27,64,62000.0,C,0.275,0.278,0.2767,85249.44,84470.7,0.478,0.95513,1e-05,33.62694,0.0,0.0
2026-09-24T19:53:08Z,2026-11-27,64,62000.0,P,0.0037,0.0042,0.004,85249.44,84470.7,0.478,-0.04487,1e-05,33.62694,327.0,1.0
2026-09-24T19:53:08Z,2026-11-27,64,64000.0,C,0.2525,0.2555,0.2543,85253.31,84470.7,0.4629,0.94315,1e-05,40.60596,0.0,0.0
2026-09-24T19:53:08Z,2026-11-27,64,64000.0,P,0.0046,0.0055,0.0051,85249.44,84470.7,0.4629,-0.05688,1e-05,40.61922,39.5,0.0
2026-09-24T19:53:08Z,2026-11-27,64,66000.0,C,0.23,0.233,0.2318,85249.44,84470.7,0.4403,0.93126,1e-05,47.07994,0.0,0.0
2026-09-24T19:53:08Z,2026-11-27,64,66000.0,P,0.0055,0.0065,0.006,85253.31,84470.7,0.4403,-0.06871,1e-05,47.0648,162.4,1.2
2026-09-24T19:53:08Z,2026-11-27,64,67000.0,C,0.2195,0.222,0.2208,85253.31,84470.7,0.4329,0.92285,1e-05,51.43393,0.5,0.0
2026-09-24T19:53:08Z,2026-11-27,64,67000.0,P,0.0065,0.007,0.0068,85249.44,84470.7,0.4329,-0.07719,1e-05,51.45001,62.4,0.1
2026-09-24T19:53:08Z,2026-11-27,64,68000.0,C,0.2085,0.2115,0.2098,85253.31,84470.7,0.4238,0.91425,1e-05,55.70047,0.0,0.0
2026-09-24T19:53:08Z,2026-11-27,64,68000.0,P,0.007,0.008,0.0075,85249.44,84470.7,0.4238,-0.08579,1e-05,55.7175,140.8,0.0
2026-09-24T19:53:08Z,2026-11-27,64,69000.0,C,0.1975,0.2005,0.1991,85249.44,84470.7,0.4174,0.9035,1e-05,60.79575,0.0,0.0
2026-09-24T19:53:08Z,2026-11-27,64,69000.0,P,0.008,0.009,0.0085,85249.44,84470.7,0.4174,-0.0965,1e-05,60.79575,101.3,1.1
2026-09-24T19:53:08Z,2026-11-27,64,70000.0,C,0.187,0.19,0.1886,85253.31,84470.7,0.41240000000000004,0.89105,1e-05,66.40809,3.1,2.5
2026-09-24T19:53:08Z,2026-11-27,64,70000.0,P,0.0095,0.01,0.0097,85249.44,84470.7,0.41240000000000004,-0.109,1e-05,66.42667,225.3,1.8
2026-09-24T19:53:08Z,2026-11-27,64,71000.0,C,0.1765,0.1795,0.1782,85249.44,84470.7,0.406,0.87794,1e-05,71.98842,0.2,0.0
2026-09-24T19:53:08Z,2026-11-27,64,71000.0,P,0.0105,0.0115,0.011,85249.44,84470.7,0.406,-0.12206,1e-05,71.98842,27.5,0.0
2026-09-24T19:53:08Z,2026-11-27,64,72000.0,C,0.1665,0.1695,0.1679,85253.31,84470.7,0.4006,0.86316,2e-05,77.92728,25.5,0.0
2026-09-24T19:53:08Z,2026-11-27,64,72000.0,P,0.012,0.013,0.0125,85253.31,84470.7,0.4006,-0.13684,2e-05,77.92728,79.0,4.2
2026-09-24T19:53:08Z,2026-11-27,64,73000.0,C,0.157,0.159,0.1579,85249.44,84470.7,0.39549999999999996,0.84678,2e-05,84.08665,0.4,0.0
2026-09-24T19:53:08Z,2026-11-27,64,73000.0,P,0.014,0.0145,0.0142,85253.31,84470.7,0.39549999999999996,-0.15315,2e-05,84.06681,49.6,0.0
2026-09-24T19:53:08Z,2026-11-27,64,74000.0,C,0.147,0.1495,0.1481,85253.31,84470.7,0.3911,0.82877,2e-05,90.4017,0.4,0.0
2026-09-24T19:53:08Z,2026-11-27,64,74000.0,P,0.016,0.0165,0.0162,85253.31,84470.7,0.3911,-0.17123,2e-05,90.4017,64.6,9.4
2026-09-24T19:53:08Z,2026-11-27,64,75000.0,C,0.1375,0.14,0.1387,85249.44,84470.7,0.3881,0.80847,2e-05,96.97071,270.3,1.0
2026-09-24T19:53:08Z,2026-11-27,64,75000.0,P,0.018,0.019,0.0185,85253.31,84470.7,0.3881,-0.19146,2e-05,96.95142,1720.2,0.6
2026-09-24T19:53:08Z,2026-11-27,64,76000.0,C,0.1285,0.1305,0.1295,85253.31,84470.7,0.38439999999999996,0.7872,2e-05,103.28315,27.2,0.0
2026-09-24T19:53:08Z,2026-11-27,64,76000.0,P,0.0205,0.0215,0.021,85253.31,84470.7,0.38439999999999996,-0.2128,2e-05,103.28315,59.3,5.0
2026-09-24T19:53:08Z,2026-11-27,64,77000.0,C,0.1195,0.1215,0.1207,85253.31,84470.7,0.3814,0.7641,2e-05,109.50751,73.4,0.0
2026-09-24T19:53:08Z,2026-11-27,64,77000.0,P,0.0235,0.0245,0.0238,85254.72,84470.7,0.3814,-0.23587,2e-05,109.50113,211.2,0.1
2026-09-24T19:53:08Z,2026-11-27,64,78000.0,C,0.111,0.113,0.1121,85253.31,84470.7,0.3788,0.7395,2e-05,115.46034,255.5,0.0
2026-09-24T19:53:08Z,2026-11-27,64,78000.0,P,0.0265,0.0275,0.027,85253.31,84470.7,0.3788,-0.2605,2e-05,115.46034,187.1,0.0
2026-09-24T19:53:08Z,2026-11-27,64,79000.0,C,0.103,0.105,0.1039,85254.72,84470.7,0.37670000000000003,0.71346,3e-05,121.04038,158.3,5.0
2026-09-24T19:53:08Z,2026-11-27,64,79000.0,P,0.03,0.031,0.0306,85253.31,84470.7,0.37670000000000003,-0.28658,3e-05,121.04555,166.0,4.2
2026-09-24T19:53:08Z,2026-11-27,64,80000.0,C,0.0955,0.097,0.0962,85253.31,84470.7,0.3751,0.68608,3e-05,126.13879,1146.5,4.4
2026-09-24T19:53:08Z,2026-11-27,64,80000.0,P,0.034,0.035,0.0345,85254.72,84470.7,0.3751,-0.31389,3e-05,126.13442,132.6,34.4
2026-09-24T19:53:08Z,2026-11-27,64,81000.0,C,0.088,0.0895,0.0887,85254.72,84470.7,0.37310000000000004,0.65791,3e-05,130.60308,162.9,0.1
2026-09-24T19:53:08Z,2026-11-27,64,81000.0,P,0.0385,0.039,0.0388,85254.72,84470.7,0.37310000000000004,-0.34209,3e-05,130.60308,47.6,0.4
2026-09-24T19:53:08Z,2026-11-27,64,82000.0,C,0.081,0.0825,0.0816,85253.31,84470.7,0.3721,0.62865,3e-05,134.42284,151.8,83.0
2026-09-24T19:53:08Z,2026-11-27,64,82000.0,P,0.043,0.044,0.0435,85254.72,84470.7,0.3721,-0.37131,3e-05,134.42036,108.4,2.6
2026-09-24T19:53:08Z,2026-11-27,64,83000.0,C,0.0745,0.0755,0.075,85254.72,84470.7,0.3714,0.59889,3e-05,137.48654,88.4,2.6
2026-09-24T19:53:08Z,2026-11-27,64,83000.0,P,0.048,0.049,0.0486,85254.72,84470.7,0.3714,-0.40111,3e-05,137.48654,177.2,2.5
2026-09-24T19:53:08Z,2026-11-27,64,84000.0,C,0.068,0.0695,0.0688,85254.72,84470.7,0.3704,0.56876,3e-05,139.75521,70.5,0.1
2026-09-24T19:53:08Z,2026-11-27,64,84000.0,P,0.0535,0.0545,0.0541,85254.72,84470.7,0.3704,-0.43124,3e-05,139.75521,23.0,10.3
2026-09-24T19:53:08Z,2026-11-27,64,85000.0,C,0.062,0.0635,0.0628,85254.72,84470.7,0.36950000000000005,0.53843,3e-05,141.20897,837.2,49.0
2026-09-24T19:53:08Z,2026-11-27,64,85000.0,P,0.0595,0.0605,0.0599,85254.72,84470.7,0.36950000000000005,-0.46157,3e-05,141.20897,118.6,95.1
2026-09-24T19:53:08Z,2026-11-27,64,86000.0,C,0.057,0.058,0.0574,85254.72,84470.7,0.36920000000000003,0.50817,3e-05,141.83787,219.1,26.5
2026-09-24T19:53:08Z,2026-11-27,64,86000.0,P,0.0655,0.0665,0.0661,85254.72,84470.7,0.36920000000000003,-0.49183,3e-05,141.83787,89.8,3.7
2026-09-24T19:53:08Z,2026-11-27,64,87000.0,C,0.0515,0.053,0.0523,85254.72,84470.7,0.36920000000000003,0.47822,3e-05,141.6562,108.8,0.5
2026-09-24T19:53:08Z,2026-11-27,64,87000.0,P,0.072,0.0735,0.0728,85254.76,84470.7,0.36920000000000003,-0.52177,3e-05,141.65629,4.6,0.0
2026-09-24T19:53:08Z,2026-11-27,64,88000.0,C,0.047,0.048,0.0476,85254.76,84470.7,0.3693,0.44879,3e-05,140.69735,1122.2,3.4
2026-09-24T19:53:08Z,2026-11-27,64,88000.0,P,0.079,0.0805,0.0798,85254.76,84470.7,0.3693,-0.55121,3e-05,140.69735,32.4,0.0
2026-09-24T19:53:08Z,2026-11-27,64,89000.0,C,0.0425,0.0435,0.0432,85254.76,84470.7,0.36939999999999995,0.41997,3e-05,139.00376,474.0,150.0
2026-09-24T19:53:08Z,2026-11-27,64,89000.0,P,0.0865,0.0875,0.0871,85254.76,84470.7,0.36939999999999995,-0.58003,3e-05,139.00376,16.5,5.2
2026-09-24T19:53:08Z,2026-11-27,64,90000.0,C,0.0385,0.0395,0.0391,85254.76,84470.7,0.3693,0.39181,3e-05,136.6185,766.0,31.8
2026-09-24T19:53:08Z,2026-11-27,64,90000.0,P,0.094,0.096,0.0948,85254.72,84470.7,0.3693,-0.60819,3e-05,136.61832,6.7,0.0
2026-09-24T19:53:08Z,2026-11-27,64,91000.0,C,0.035,0.036,0.0355,85254.76,84470.7,0.37,0.3649,3e-05,133.65343,103.9,0.4
2026-09-24T19:53:08Z,2026-11-27,64,91000.0,P,0.102,0.104,0.1029,85254.72,84470.7,0.37,-0.6351,3e-05,133.65323,0.0,0.0
2026-09-24T19:53:08Z,2026-11-27,64,92000.0,C,0.0315,0.0325,0.032,85254.76,84470.7,0.3703,0.33879,3e-05,130.12092,447.3,77.8
2026-09-24T19:53:08Z,2026-11-27,64,92000.0,P,0.11,0.1125,0.1112,85254.76,84470.7,0.3703,-0.66121,3e-05,130.12092,2.1,0.0
2026-09-24T19:53:08Z,2026-11-27,64,93000.0,C,0.0285,0.0295,0.029,85254.76,84470.7,0.3714,0.31427,3e-05,126.20067,56.9,2.6
2026-09-24T19:53:08Z,2026-11-27,64,93000.0,P,0.1185,0.121,0.1199,85254.76,84470.7,0.3714,-0.68573,3e-05,126.20067,0.0,0.0
2026-09-24T19:53:08Z,2026-11-27,64,94000.0,C,0.0255,0.0265,0.026,85254.72,84470.7,0.3713,0.29008,3e-05,121.74179,101.2,37.5
2026-09-24T19:53:08Z,2026-11-27,64,94000.0,P,0.127,0.1305,0.1286,85254.72,84470.7,0.3713,-0.70992,3e-05,121.74179,3.0,0.0
2026-09-24T19:53:08Z,2026-11-27,64,95000.0,C,0.023,0.024,0.0235,85254.72,84470.7,0.3726,0.26803,2e-05,117.14912,622.6,200.5
2026-09-24T19:53:08Z,2026-11-27,64,95000.0,P,0.136,0.1395,0.1378,85254.76,84470.7,0.3726,-0.73197,2e-05,117.14939,0.1,0.0
2026-09-24T19:53:08Z,2026-11-27,64,96000.0,C,0.0205,0.0215,0.0211,85254.76,84470.7,0.3729,0.24657,2e-05,112.17621,184.4,0.2
2026-09-24T19:53:08Z,2026-11-27,64,96000.0,P,0.1455,0.1495,0.1472,85254.76,84470.7,0.3729,-0.75343,2e-05,112.17621,0.0,0.0
2026-09-24T19:53:08Z,2026-11-27,64,97000.0,C,0.0185,0.0195,0.0191,85254.72,84470.7,0.3743,0.22705,2e-05,107.20047,9.7,0.5
2026-09-24T19:53:08Z,2026-11-27,64,97000.0,P,0.155,0.159,0.1568,85254.76,84470.7,0.3743,-0.77295,2e-05,107.20076,0.0,0.0
2026-09-24T19:53:08Z,2026-11-27,64,98000.0,C,0.017,0.0175,0.0172,85254.72,84470.7,0.37560000000000004,0.20868,2e-05,102.10681,687.4,15.2
2026-09-24T19:53:08Z,2026-11-27,64,98000.0,P,0.1645,0.169,0.1667,85254.76,84470.7,0.37560000000000004,-0.79132,2e-05,102.10711,0.0,0.0
2026-09-24T19:53:08Z,2026-11-27,64,99000.0,C,0.015,0.016,0.0155,85254.72,84470.7,0.3774,0.19195,2e-05,97.1062,0.5,0.0
2026-09-24T19:53:08Z,2026-11-27,64,99000.0,P,0.1745,0.179,0.1767,85254.72,84470.7,0.3774,-0.80805,2e-05,97.1062,0.0,0.0
2026-09-24T19:53:08Z,2026-11-27,64,100000.0,C,0.0135,0.0145,0.014,85254.72,84470.7,0.3791,0.17621,2e-05,92.06743,450.4,14.6
2026-09-24T19:53:08Z,2026-11-27,64,100000.0,P,0.185,0.189,0.187,85254.76,84470.7,0.3791,-0.82379,2e-05,92.06772,25.5,0.0
2026-09-24T19:53:08Z,2026-11-27,64,102000.0,C,0.011,0.012,0.0115,85254.72,84470.7,0.3835,0.14891,2e-05,82.51178,361.8,3.0
2026-09-24T19:53:08Z,2026-11-27,64,102000.0,P,0.206,0.21,0.2079,85254.72,84470.7,0.3835,-0.85109,2e-05,82.51178,2.0,0.0
2026-09-24T19:53:08Z,2026-11-27,64,104000.0,C,0.009,0.01,0.0094,85254.72,84470.7,0.38789999999999997,0.1256,1e-05,73.44847,16.0,0.0
2026-09-24T19:53:08Z,2026-11-27,64,104000.0,P,0.227,0.2315,0.2293,85254.72,84470.7,0.38789999999999997,-0.8744,1e-05,73.44847,0.0,0.0
2026-09-24T19:53:08Z,2026-11-27,64,105000.0,C,0.008,0.009,0.0085,85254.72,84470.7,0.3893,0.11475,1e-05,68.91995,21.2,2.0
2026-09-24T19:53:08Z,2026-11-27,64,105000.0,P,0.238,0.2425,0.2401,85254.72,84470.7,0.3893,-0.88525,1e-05,68.91995,3.3,3.1
2026-09-24T19:53:08Z,2026-11-27,64,106000.0,C,0.0075,0.008,0.0076,85254.76,84470.7,0.3906,0.10467,1e-05,64.51607,28.9,0.0
2026-09-24T19:53:08Z,2026-11-27,64,106000.0,P,0.249,0.2535,0.251,85254.76,84470.7,0.3906,-0.89533,1e-05,64.51607,0.0,0.0
2026-09-24T19:53:08Z,2026-11-27,64,108000.0,C,0.006,0.007,0.0064,85254.72,84470.7,0.39759999999999995,0.08963,1e-05,57.57144,97.7,0.0
2026-09-24T19:53:08Z,2026-11-27,64,108000.0,P,0.271,0.276,0.2732,85254.76,84470.7,0.39759999999999995,-0.91037,1e-05,57.57168,0.0,0.0
2026-09-24T19:53:08Z,2026-11-27,64,110000.0,C,0.005,0.0055,0.0053,85254.72,84470.7,0.4018,0.0754,1e-05,50.5435,249.3,5.0
2026-09-24T19:53:08Z,2026-11-27,64,110000.0,P,0.2935,0.298,0.2956,85254.72,84470.7,0.4018,-0.9246,1e-05,50.5435,0.0,0.0
2026-09-24T19:53:08Z,2026-11-27,64,112000.0,C,0.0042,0.0047,0.0045,85254.72,84470.7,0.4073,0.06413,1e-05,44.62006,1.0,1.0
2026-09-24T19:53:08Z,2026-11-27,64,112000.0,P,0.316,0.321,0.3182,85254.72,84470.7,0.4073,-0.93587,1e-05,44.62006,0.0,0.0
2026-09-24T19:53:08Z,2026-11-27,64,115000.0,C,0.0033,0.0037,0.0035,85254.72,84470.7,0.41659999999999997,0.05096,1e-05,37.23637,33.7,0.0
2026-09-24T19:53:08Z,2026-11-27,64,115000.0,P,0.35,0.3555,0.3524,85254.72,84470.7,0.41659999999999997,-0.94904,1e-05,37.23637,0.2,0.0
2026-09-24T19:53:08Z,2026-11-27,64,120000.0,C,0.0021,0.0026,0.0023,85254.72,84470.7,0.4311,0.03506,1e-05,27.51458,106.5,0.2
2026-09-24T19:53:08Z,2026-11-27,64,120000.0,P,0.4075,0.413,0.4099,85254.72,84470.7,0.4311,-0.96494,1e-05,27.51458,0.8,0.1
2026-09-24T19:53:08Z,2026-12-25,92,20000.0,C,0.766,0.767,0.7665,85561.84,84470.7,1.0585,0.99868,0.0,1.85678,4.9,0.0
2026-09-24T19:53:08Z,2026-12-25,92,20000.0,P,0.0002,0.0004,0.0002,85561.85,84470.7,1.0585,-0.00132,0.0,1.85678,905.8,0.2
2026-09-24T19:53:08Z,2026-12-25,92,30000.0,C,0.649,0.6505,0.65,85561.84,84470.7,0.8613,0.99592,0.0,5.16107,300.7,6.0
2026-09-24T19:53:08Z,2026-12-25,92,30000.0,P,0.0006,0.0007,0.0006,85561.85,84470.7,0.8613,-0.00408,0.0,5.16107,2148.5,48.4
2026-09-24T19:53:08Z,2026-12-25,92,35000.0,C,0.5905,0.5925,0.5918,85561.84,84470.7,0.769,0.99403,0.0,7.25048,87.8,0.0
2026-09-24T19:53:08Z,2026-12-25,92,35000.0,P,0.0006,0.001,0.0008,85561.84,84470.7,0.769,-0.00597,0.0,7.25048,2038.3,1527.9
2026-09-24T19:53:08Z,2026-12-25,92,40000.0,C,0.5325,0.5345,0.5339,85561.84,84470.7,0.7073,0.98994,0.0,11.47495,253.0,0.0
2026-09-24T19:53:08Z,2026-12-25,92,40000.0,P,0.0012,0.0014,0.0014,85561.84,84470.7,0.7073,-0.01006,0.0,11.47495,4861.9,1582.5
2026-09-24T19:53:08Z,2026-12-25,92,45000.0,C,0.4745,0.4765,0.4759,85561.84,84470.7,0.6325999999999999,0.98564,0.0,15.63051,94.5,0.0
2026-09-24T19:53:08Z,2026-12-25,92,45000.0,P,0.0016,0.0019,0.0018,85561.84,84470.7,0.6325999999999999,-0.01436,0.0,15.63051,2822.6,22.4
2026-09-24T19:53:08Z,2026-12-25,92,50000.0,C,0.4165,0.4195,0.4182,85561.84,84470.7,0.5735,0.97802,0.0,22.46876,260.7,0.2
2026-09-24T19:53:08Z,2026-12-25,92,50000.0,P,0.0024,0.0027,0.0026,85561.84,84470.7,0.5735,-0.02198,0.0,22.46876,2208.5,9.4
2026-09-24T19:53:08Z,2026-12-25,92,52000.0,C,0.3935,0.3965,0.3953,85561.84,84470.7,0.5537,0.97349,0.0,26.29691,0.1,0.0
2026-09-24T19:53:08Z,2026-12-25,92,52000.0,P,0.0029,0.0032,0.0031,85561.84,84470.7,0.5537,-0.02651,0.0,26.29691,431.3,8.2
2026-09-24T19:53:08Z,2026-12-25,92,54000.0,C,0.3705,0.3735,0.3725,85561.85,84470.7,0.5321,0.96862,0.0,30.25916,32.2,0.0
2026-09-24T19:53:08Z,2026-12-25,92,54000.0,P,0.0034,0.0037,0.0036,85561.85,84470.7,0.5321,-0.03138,0.0,30.25916,1868.1,8.6
2026-09-24T19:53:08Z,2026-12-25,92,55000.0,C,0.359,0.362,0.3611,85561.84,84470.7,0.522,0.96572,0.0,32.54128,122.3,7.8
2026-09-24T19:53:08Z,2026-12-25,92,55000.0,P,0.0037,0.004,0.0039,85561.84,84470.7,0.522,-0.03428,0.0,32.54128,3263.6,18.2
2026-09-24T19:53:08Z,2026-12-25,92,56000.0,C,0.348,0.351,0.3497,85561.84,84470.7,0.5114,0.96276,0.0,34.8305,42.2,0.0
2026-09-24T19:53:08Z,2026-12-25,92,56000.0,P,0.004,0.0043,0.0042,85561.84,84470.7,0.5114,-0.03724,0.0,34.8305,520.7,0.0
2026-09-24T19:53:08Z,2026-12-25,92,58000.0,C,0.325,0.3285,0.3273,85561.84,84470.7,0.4963,0.95438,0.0,41.05846,40.3,1.6
2026-09-24T19:53:08Z,2026-12-25,92,58000.0,P,0.005,0.0055,0.0051,85561.84,84470.7,0.4963,-0.04562,0.0,41.05846,1838.5,18.4
2026-09-24T19:53:08Z,2026-12-25,92,60000.0,C,0.303,0.3055,0.3047,85561.84,84470.7,0.4764,0.94598,1e-05,46.98276,784.0,8.9
2026-09-24T19:53:08Z,2026-12-25,92,60000.0,P,0.0055,0.0065,0.006,85561.36,84470.7,0.4764,-0.05402,1e-05,46.98431,6266.1,25.7
2026-09-24T19:53:08Z,2026-12-25,92,62000.0,C,0.281,0.2835,0.2824,85561.36,84470.7,0.457,0.936,1e-05,53.66631,247.1,2.7
2026-09-24T19:53:08Z,2026-12-25,92,62000.0,P,0.0065,0.0075,0.007,85561.36,84470.7,0.457,-0.064,1e-05,53.66631,1544.5,18.3
2026-09-24T19:53:08Z,2026-12-25,92,64000.0,C,0.259,0.262,0.2605,85561.36,84470.7,0.4425,0.9224,1e-05,62.23722,404.9,0.6
2026-09-24T19:53:08Z,2026-12-25,92,64000.0,P,0.008,0.009,0.0085,85561.36,84470.7,0.4425,-0.0776,1e-05,62.23722,390.3,3.7
2026-09-24T19:53:08Z,2026-12-25,92,65000.0,C,0.248,0.2515,0.2498,85561.36,84470.7,0.4371,0.91392,1e-05,67.29568,916.8,8.1
2026-09-24T19:53:08Z,2026-12-25,92,65000.0,P,0.009,0.01,0.0095,85561.43,84470.7,0.4371,-0.08608,1e-05,67.29539,800.7,13.7
2026-09-24T19:53:08Z,2026-12-25,92,66000.0,C,0.2375,0.2405,0.2391,85561.36,84470.7,0.43060000000000004,0.90522,1e-05,72.28626,279.7,5.9
2026-09-24T19:53:08Z,2026-12-25,92,66000.0,P,0.01,0.011,0.0105,85561.36,84470.7,0.43060000000000004,-0.09478,1e-05,72.28626,417.6,8.6
2026-09-24T19:53:08Z,2026-12-25,92,68000.0,C,0.2165,0.22,0.2182,85561.36,84470.7,0.41979999999999995,0.88454,1e-05,83.39194,1023.3,19.5
2026-09-24T19:53:08Z,2026-12-25,92,68000.0,P,0.0125,0.0135,0.013,85561.36,84470.7,0.41979999999999995,-0.11546,1e-05,83.39194,684.1,23.6
2026-09-24T19:53:08Z,2026-12-25,92,70000.0,C,0.1965,0.1995,0.1979,85561.36,84470.7,0.4092,0.8604,1e-05,95.16653,1891.0,5.0
2026-09-24T19:53:08Z,2026-12-25,92,70000.0,P,0.0155,0.0165,0.016,85561.36,84470.7,0.4092,-0.1396,1e-05,95.16653,1503.1,12.3
2026-09-24T19:53:08Z,2026-12-25,92,72000.0,C,0.177,0.18,0.1785,85561.36,84470.7,0.4021,0.83093,1e-05,108.02643,1214.2,6.0
2026-09-24T19:53:08Z,2026-12-25,92,72000.0,P,0.0195,0.0205,0.02,85561.43,84470.7,0.4021,-0.16907,1e-05,108.0261,917.9,5.7
2026-09-24T19:53:08Z,2026-12-25,92,74000.0,C,0.1585,0.1605,0.1598,85561.43,84470.7,0.3945,0.79779,2e-05,120.72855,137.9,0.1
2026-09-24T19:53:08Z,2026-12-25,92,74000.0,P,0.024,0.025,0.0247,85561.43,84470.7,0.3945,-0.20221,2e-05,120.72855,185.8,35.7
2026-09-24T19:53:08Z,2026-12-25,92,75000.0,C,0.15,0.1515,0.1509,85561.43,84470.7,0.3921,0.77914,2e-05,127.13118,1897.0,5.2
2026-09-24T19:53:08Z,2026-12-25,92,75000.0,P,0.027,0.028,0.0275,85561.36,84470.7,0.3921,-0.22086,2e-05,127.13148,1712.8,10.0
2026-09-24T19:53:08Z,2026-12-25,92,76000.0,C,0.141,0.143,0.1423,85561.36,84470.7,0.3895,0.75965,2e-05,133.2853,480.6,7.4
2026-09-24T19:53:08Z,2026-12-25,92,76000.0,P,0.03,0.031,0.0305,85561.36,84470.7,0.3895,-0.24035,2e-05,133.2853,472.2,15.0
2026-09-24T19:53:08Z,2026-12-25,92,78000.0,C,0.125,0.1265,0.126,85561.36,84470.7,0.3858,0.71754,2e-05,144.81948,1087.7,18.3
2026-09-24T19:53:08Z,2026-12-25,92,78000.0,P,0.037,0.038,0.0376,85561.23,84470.7,0.3858,-0.28246,2e-05,144.81991,1454.7,22.0
2026-09-24T19:53:08Z,2026-12-25,92,80000.0,C,0.11,0.1115,0.1108,85561.36,84470.7,0.3823,0.67249,2e-05,154.67215,8715.3,105.2
2026-09-24T19:53:08Z,2026-12-25,92,80000.0,P,0.045,0.0465,0.0458,85561.36,84470.7,0.3823,-0.32751,2e-05,154.67215,1673.2,71.6
2026-09-24T19:53:08Z,2026-12-25,92,82000.0,C,0.096,0.0975,0.0968,85561.43,84470.7,0.37979999999999997,0.625,2e-05,162.44763,1318.5,11.3
2026-09-24T19:53:08Z,2026-12-25,92,82000.0,P,0.0545,0.056,0.0552,85561.11,84470.7,0.37979999999999997,-0.375,2e-05,162.44801,784.1,3.3
2026-09-24T19:53:08Z,2026-12-25,92,84000.0,C,0.0835,0.0845,0.0842,85561.11,84470.7,0.3779,0.5761,2e-05,167.78834,1242.8,25.0
2026-09-24T19:53:08Z,2026-12-25,92,84000.0,P,0.0655,0.0665,0.0659,85561.36,84470.7,0.3779,-0.42389,2e-05,167.78833,132.5,7.3
2026-09-24T19:53:08Z,2026-12-25,92,85000.0,C,0.0775,0.079,0.0783,85561.11,84470.7,0.37729999999999997,0.55143,2e-05,169.48497,3038.8,33.8
2026-09-24T19:53:08Z,2026-12-25,92,85000.0,P,0.071,0.0725,0.0718,85561.36,84470.7,0.37729999999999997,-0.44856,2e-05,169.48513,556.8,2.1
2026-09-24T19:53:08Z,2026-12-25,92,86000.0,C,0.072,0.0735,0.0728,85561.11,84470.7,0.37670000000000003,0.52678,2e-05,170.52192,513.9,35.9
2026-09-24T19:53:08Z,2026-12-25,92,86000.0,P,0.0775,0.0785,0.0779,85561.23,84470.7,0.37670000000000003,-0.47321,2e-05,170.52208,77.2,0.5
2026-09-24T19:53:08Z,2026-12-25,92,88000.0,C,0.062,0.0635,0.0627,85561.36,84470.7,0.3763,0.47808,2e-05,170.64979,3835.4,29.7
2026-09-24T19:53:08Z,2026-12-25,92,88000.0,P,0.0905,0.092,0.0912,85561.36,84470.7,0.3763,-0.52192,2e-05,170.64979,140.7,27.8
2026-09-24T19:53:08Z,2026-12-25,92,90000.0,C,0.053,0.0545,0.0538,85561.11,84470.7,0.3763,0.43084,2e-05,168.33299,3802.0,38.6
2026-09-24T19:53:08Z,2026-12-25,92,90000.0,P,0.105,0.1065,0.1057,85561.43,84470.7,0.3763,-0.56915,2e-05,168.33422,605.1,3.1
2026-09-24T19:53:08Z,2026-12-25,92,92000.0,C,0.0455,0.0465,0.0461,85561.11,84470.7,0.377,0.38591,2e-05,163.87006,691.9,52.7
2026-09-24T19:53:08Z,2026-12-25,92,92000.0,P,0.12,0.1225,0.1213,85561.36,84470.7,0.377,-0.61408,2e-05,163.87132,16.6,0.0
2026-09-24T19:53:08Z,2026-12-25,92,94000.0,C,0.039,0.04,0.0393,85561.11,84470.7,0.3779,0.34366,2e-05,157.6091,632.4,5.7
2026-09-24T19:53:08Z,2026-12-25,92,94000.0,P,0.136,0.1395,0.1379,85561.36,84470.7,0.3779,-0.65634,2e-05,157.61035,5.3,3.8
2026-09-24T19:53:08Z,2026-12-25,92,95000.0,C,0.036,0.037,0.0363,85561.11,84470.7,0.3786,0.32374,2e-05,153.94138,1526.4,28.9
2026-09-24T19:53:08Z,2026-12-25,92,95000.0,P,0.145,0.148,0.1466,85561.36,84470.7,0.3786,-0.67626,2e-05,153.94276,142.6,2.5
2026-09-24T19:53:08Z,2026-12-25,92,96000.0,C,0.033,0.034,0.0335,85561.36,84470.7,0.37939999999999996,0.30465,2e-05,149.98291,1561.0,25.3
2026-09-24T19:53:08Z,2026-12-25,92,96000.0,P,0.1535,0.157,0.1555,85561.43,84470.7,0.37939999999999996,-0.69535,2e-05,149.98336,50.7,0.0
2026-09-24T19:53:08Z,2026-12-25,92,98000.0,C,0.028,0.029,0.0285,85561.43,84470.7,0.381,0.2689,2e-05,141.35969,364.0,25.3
2026-09-24T19:53:08Z,2026-12-25,92,98000.0,P,0.172,0.176,0.1739,85561.36,84470.7,0.381,-0.7311,2e-05,141.3592,2.1,0.3
2026-09-24T19:53:08Z,2026-12-25,92,100000.0,C,0.024,0.0245,0.0243,85561.43,84470.7,0.3829,0.23652,2e-05,132.11633,5996.5,84.9
2026-09-24T19:53:08Z,2026-12-25,92,100000.0,P,0.191,0.195,0.193,85560.34,84470.7,0.3829,-0.76351,2e-05,132.1079,304.2,4.1
2026-09-24T19:53:08Z,2026-12-25,92,102000.0,C,0.02,0.021,0.0206,85560.34,84470.7,0.3848,0.20727,2e-05,122.51459,503.1,18.8
2026-09-24T19:53:08Z,2026-12-25,92,102000.0,P,0.2105,0.215,0.2127,85560.34,84470.7,0.3848,-0.79273,2e-05,122.51459,7.8,0.0
2026-09-24T19:53:08Z,2026-12-25,92,104000.0,C,0.017,0.018,0.0175,85560.34,84470.7,0.3873,0.18152,2e-05,113.00642,157.6,1.0
2026-09-24T19:53:08Z,2026-12-25,92,104000.0,P,0.231,0.2355,0.233,85560.34,84470.7,0.3873,-0.81848,2e-05,113.00642,0.3,0.0
2026-09-24T19:53:08Z,2026-12-25,92,105000.0,C,0.016,0.0165,0.0163,85560.34,84470.7,0.3896,0.17057,2e-05,108.63875,950.4,6.3
2026-09-24T19:53:08Z,2026-12-25,92,105000.0,P,0.241,0.2455,0.2435,85560.34,84470.7,0.3896,-0.82943,2e-05,108.63875,109.5,0.0
2026-09-24T19:53:08Z,2026-12-25,92,106000.0,C,0.0145,0.0155,0.015,85561.11,84470.7,0.39049999999999996,0.15922,1e-05,103.90061,624.3,2.0
2026-09-24T19:53:08Z,2026-12-25,92,106000.0,P,0.2515,0.256,0.2539,85561.11,84470.7,0.39049999999999996,-0.84078,1e-05,103.90061,0.2,0.0
2026-09-24T19:53:08Z,2026-12-25,92,108000.0,C,0.0125,0.0135,0.013,85560.41,84470.7,0.39490000000000003,0.14024,1e-05,95.46317,210.7,11.2
2026-09-24T19:53:08Z,2026-12-25,92,108000.0,P,0.2725,0.2775,0.2752,85561.11,84470.7,0.39490000000000003,-0.85975,1e-05,95.46813,0.1,0.0
2026-09-24T19:53:08Z,2026-12-25,92,110000.0,C,0.0105,0.0115,0.011,85560.34,84470.7,0.39659999999999995,0.12182,1e-05,86.60729,2945.8,19.3
2026-09-24T19:53:08Z,2026-12-25,92,110000.0,P,0.294,0.299,0.2966,85561.11,84470.7,0.39659999999999995,-0.87817,1e-05,86.61264,82.4,0.0
2026-09-24T19:53:08Z,2026-12-25,92,115000.0,C,0.0075,0.008,0.0078,85560.34,84470.7,0.4077,0.08909,1e-05,69.04175,2363.5,6.8
2026-09-24T19:53:08Z,2026-12-25,92,115000.0,P,0.3495,0.3545,0.3518,85560.34,84470.7,0.4077,-0.91091,1e-05,69.04175,5.0,0.0
2026-09-24T19:53:08Z,2026-12-25,92,120000.0,C,0.005,0.006,0.0055,85560.34,84470.7,0.4175,0.06503,1e-05,54.33856,5781.8,22.2
2026-09-24T19:53:08Z,2026-12-25,92,120000.0,P,0.4055,0.411,0.408,85560.34,84470.7,0.4175,-0.93497,1e-05,54.33856,36.1,0.4
2026-09-24T19:53:08Z,2026-12-25,92,125000.0,C,0.0039,0.0043,0.0041,85560.34,84470.7,0.4307,0.04945,1e-05,43.79465,496.9,6.8
2026-09-24T19:53:08Z,2026-12-25,92,125000.0,P,0.4625,0.468,0.4651,85560.34,84470.7,0.4307,-0.95055,1e-05,43.79465,9.3,0.2
2026-09-24T19:53:08Z,2026-12-25,92,130000.0,C,0.0029,0.0034,0.0031,85560.34,84470.7,0.4432,0.03803,0.0,35.42826,1565.2,3.5
2026-09-24T19:53:08Z,2026-12-25,92,130000.0,P,0.52,0.526,0.5225,85560.34,84470.7,0.4432,-0.96197,0.0,35.42826,57.0,0.8
2026-09-24T19:53:08Z,2026-12-25,92,135000.0,C,0.0022,0.0027,0.0024,85560.34,84470.7,0.456,0.02984,0.0,29.01835,1427.0,3.9
2026-09-24T19:53:08Z,2026-12-25,92,135000.0,P,0.5775,0.5835,0.5803,85559.83,84470.7,0.456,-0.97016,0.0,29.01678,0.7,0.0
2026-09-24T19:53:08Z,2026-12-25,92,140000.0,C,0.0018,0.0022,0.002,85560.25,84470.7,0.4705,0.02428,0.0,24.43296,1418.7,16.2
2026-09-24T19:53:08Z,2026-12-25,92,140000.0,P,0.6355,0.642,0.6383,85559.83,84470.7,0.4705,-0.97572,0.0,24.43184,0.3,0.0
2026-09-24T19:53:08Z,2026-12-25,92,150000.0,C,0.0012,0.0015,0.0013,85559.83,84470.7,0.496,0.01632,0.0,17.4404,1710.4,5.6
2026-09-24T19:53:08Z,2026-12-25,92,150000.0,P,0.7515,0.7585,0.7545,85560.25,84470.7,0.496,-0.98368,0.0,17.44122,4.4,0.0
2026-09-24T19:53:08Z,2026-12-25,92,160000.0,C,0.0008,0.0011,0.001,85559.83,84470.7,0.5202,0.01151,0.0,12.90588,1280.8,11.0
2026-09-24T19:53:08Z,2026-12-25,92,160000.0,P,0.8675,0.875,0.871,85559.83,84470.7,0.5202,-0.98849,0.0,12.90588,0.1,0.0
2026-09-24T19:53:08Z,2026-12-25,92,170000.0,C,0.0006,0.0009,0.0007,85560.25,84470.7,0.5468999999999999,0.00888,0.0,10.29071,2019.4,1500.6
2026-09-24T19:53:08Z,2026-12-25,92,170000.0,P,0.984,0.992,0.9877,85559.83,84470.7,0.5468999999999999,-0.99112,0.0,10.29022,0.1,0.0
2026-09-24T19:53:08Z,2026-12-25,92,180000.0,C,0.0004,0.0008,0.0006,85559.83,84470.7,0.5683,0.00673,0.0,8.05885,934.3,4.7
2026-09-24T19:53:08Z,2026-12-25,92,180000.0,P,1.0975,1.111,1.1044,85560.25,84470.7,0.5683,-0.99327,0.0,8.05923,0.1,0.0
2026-09-24T19:53:08Z,2026-12-25,92,190000.0,C,0.0003,0.0007,0.0005,85559.83,84470.7,0.5911,0.00543,0.0,6.66106,1026.9,2.5
2026-09-24T19:53:08Z,2026-12-25,92,190000.0,P,1.2135,1.2285,1.2211,85559.83,84470.7,0.5911,-0.99457,0.0,6.66106,0.0,0.0
2026-09-24T19:53:08Z,2026-12-25,92,200000.0,C,0.0002,0.0005,0.0004,85560.25,84470.7,0.6065999999999999,0.0041,0.0,5.18898,961.2,9.7
2026-09-24T19:53:08Z,2026-12-25,92,200000.0,P,1.33,1.346,1.3379,85560.25,84470.7,0.6065999999999999,-0.9959,0.0,5.18898,0.0,0.0
2026-09-24T19:53:08Z,2026-12-25,92,210000.0,C,0.0002,0.0005,0.0003,85559.83,84470.7,0.6311,0.00364,0.0,4.66711,162.3,0.5
2026-09-24T19:53:08Z,2026-12-25,92,210000.0,P,1.446,1.4635,1.4547,85560.25,84470.7,0.6311,-0.99636,0.0,4.66732,0.0,0.0
2026-09-24T19:53:08Z,2026-12-25,92,220000.0,C,0.0001,0.0004,0.0002,85559.75,84470.7,0.6357,0.00249,0.0,3.31433,252.7,3.4
2026-09-24T19:53:08Z,2026-12-25,92,220000.0,P,1.562,1.581,1.5715,85560.41,84470.7,0.6357,-0.99751,0.0,3.31458,0.0,0.0
2026-09-24T19:53:08Z,2026-12-25,92,230000.0,C,0.0001,0.0004,0.0002,85560.41,84470.7,0.6602,0.00236,0.0,3.15068,190.6,5.0
2026-09-24T19:53:08Z,2026-12-25,92,230000.0,P,1.678,1.6985,1.6884,85560.41,84470.7,0.6602,-0.99764,0.0,3.15068,0.0,0.0
2026-09-24T19:53:08Z,2026-12-25,92,240000.0,C,0.0001,0.0004,0.0002,85560.41,84470.7,0.6849,0.00228,0.0,3.06194,785.7,6.9
2026-09-24T19:53:08Z,2026-12-25,92,240000.0,P,1.794,1.816,1.8053,85560.41,84470.7,0.6849,-0.99772,0.0,3.06194,0.0,0.0
2026-09-24T19:53:08Z,2026-12-25,92,250000.0,C,0.0001,0.0003,0.0002,85560.41,84470.7,0.7056,0.00213,0.0,2.87565,1281.8,12.0
2026-09-24T19:53:08Z,2026-12-25,92,250000.0,P,1.91,1.9335,1.9221,85560.41,84470.7,0.7056,-0.99787,0.0,2.87565,10.0,6.0
2026-09-24T19:53:08Z,2027-03-26,183,35000.0,C,0.597,0.5995,0.5983,86649.98,84470.7,0.6314,0.98789,0.0,19.29222,21.8,0.0
2026-09-24T19:53:08Z,2027-03-26,183,35000.0,P,0.0021,0.0025,0.0022,86650.87,84470.7,0.6314,-0.01211,0.0,19.29142,605.9,18.0
2026-09-24T19:53:08Z,2027-03-26,183,40000.0,C,0.54,0.5425,0.5415,86650.87,84470.7,0.5798,0.98171,0.0,27.49347,82.1,0.0
2026-09-24T19:53:08Z,2027-03-26,183,40000.0,P,0.003,0.0034,0.0031,86650.87,84470.7,0.5798,-0.01829,0.0,27.49347,1905.6,9.1
2026-09-24T19:53:08Z,2027-03-26,183,45000.0,C,0.4835,0.4865,0.4853,86650.87,84470.7,0.5378000000000001,0.97213,0.0,39.21423,4.8,0.0
2026-09-24T19:53:08Z,2027-03-26,183,45000.0,P,0.0044,0.0049,0.0047,86650.87,84470.7,0.5378000000000001,-0.02787,0.0,39.21423,251.5,7.7
2026-09-24T19:53:08Z,2027-03-26,183,50000.0,C,0.428,0.4315,0.43,86650.87,84470.7,0.5022,0.95783,0.0,55.11637,21.6,6.0
2026-09-24T19:53:08Z,2027-03-26,183,50000.0,P,0.0065,0.0075,0.007,86650.87,84470.7,0.5022,-0.04217,0.0,55.11637,2334.0,18.7
2026-09-24T19:53:08Z,2027-03-26,183,52000.0,C,0.406,0.4095,0.4079,86650.87,84470.7,0.4863,0.95123,0.0,61.95077,6.0,0.0
2026-09-24T19:53:08Z,2027-03-26,183,52000.0,P,0.0075,0.0085,0.008,86650.87,84470.7,0.4863,-0.04877,0.0,61.95077,122.0,4.1
2026-09-24T19:53:08Z,2027-03-26,183,54000.0,C,0.3845,0.3875,0.3863,86649.98,84470.7,0.4755,0.94234,0.0,70.74892,0.1,0.0
2026-09-24T19:53:08Z,2027-03-26,183,54000.0,P,0.009,0.01,0.0095,86650.87,84470.7,0.4755,-0.05766,0.0,70.74624,85.5,6.9
2026-09-24T19:53:08Z,2027-03-26,183,55000.0,C,0.3735,0.377,0.3757,86650.87,84470.7,0.47090000000000004,0.9372,0.0,75.63455,29.5,0.0
2026-09-24T19:53:08Z,2027-03-26,183,55000.0,P,0.01,0.011,0.0104,86650.87,84470.7,0.47090000000000004,-0.0628,0.0,75.63455,1263.1,4.5
2026-09-24T19:53:08Z,2027-03-26,183,56000.0,C,0.363,0.366,0.3647,86650.87,84470.7,0.46240000000000003,0.933,0.0,79.53379,14.4,0.0
2026-09-24T19:53:08Z,2027-03-26,183,56000.0,P,0.0105,0.0115,0.011,86650.87,84470.7,0.46240000000000003,-0.067,0.0,79.53379,132.0,0.2
2026-09-24T19:53:08Z,2027-03-26,183,58000.0,C,0.3415,0.345,0.3436,86650.87,84470.7,0.4525,0.92142,1e-05,89.86561,4.3,0.0
2026-09-24T19:53:08Z,2027-03-26,183,58000.0,P,0.0125,0.0135,0.013,86650.87,84470.7,0.4525,-0.07858,1e-05,89.86561,137.8,4.2
2026-09-24T19:53:08Z,2027-03-26,183,60000.0,C,0.321,0.3245,0.3229,86650.87,84470.7,0.4434,0.90809,1e-05,101.0648,647.9,0.1
2026-09-24T19:53:08Z,2027-03-26,183,60000.0,P,0.015,0.016,0.0154,86651.59,84470.7,0.4434,-0.09191,1e-05,101.06279,810.2,20.9
2026-09-24T19:53:08Z,2027-03-26,183,62000.0,C,0.3005,0.304,0.3025,86651.59,84470.7,0.434,0.89331,1e-05,112.7068,52.3,5.5
2026-09-24T19:53:08Z,2027-03-26,183,62000.0,P,0.0175,0.0185,0.018,86651.59,84470.7,0.434,-0.10669,1e-05,112.7068,241.8,8.0
2026-09-24T19:53:08Z,2027-03-26,183,64000.0,C,0.2805,0.284,0.2824,86651.59,84470.7,0.4249,0.87671,1e-05,124.92203,137.9,0.0
2026-09-24T19:53:08Z,2027-03-26,183,64000.0,P,0.0205,0.0215,0.021,86651.59,84470.7,0.4249,-0.12329,1e-05,124.92203,125.1,15.0
2026-09-24T19:53:08Z,2027-03-26,183,65000.0,C,0.271,0.2745,0.2728,86651.59,84470.7,0.42229999999999995,0.86696,1e-05,131.70119,229.7,1.9
2026-09-24T19:53:08Z,2027-03-26,183,65000.0,P,0.0225,0.0235,0.023,86651.59,84470.7,0.42229999999999995,-0.13304,1e-05,131.70119,864.9,25.4
2026-09-24T19:53:08Z,2027-03-26,183,66000.0,C,0.2615,0.265,0.2632,86651.44,84470.7,0.4189,0.85705,1e-05,138.31763,23.9,2.7
2026-09-24T19:53:08Z,2027-03-26,183,66000.0,P,0.0245,0.0255,0.0249,86651.59,84470.7,0.4189,-0.14295,1e-05,138.31651,100.4,34.0
2026-09-24T19:53:08Z,2027-03-26,183,68000.0,C,0.2425,0.246,0.2443,86651.59,84470.7,0.4119,0.83594,1e-05,151.53884,190.9,5.8
2026-09-24T19:53:08Z,2027-03-26,183,68000.0,P,0.0285,0.03,0.0291,86651.59,84470.7,0.4119,-0.16406,1e-05,151.53884,300.1,0.5
2026-09-24T19:53:08Z,2027-03-26,183,70000.0,C,0.2245,0.228,0.2263,86651.59,84470.7,0.40659999999999996,0.81219,1e-05,165.08956,771.0,5.2
2026-09-24T19:53:08Z,2027-03-26,183,70000.0,P,0.0335,0.035,0.0342,86650.87,84470.7,0.40659999999999996,-0.18782,1e-05,165.09241,493.9,250.6
2026-09-24T19:53:08Z,2027-03-26,183,72000.0,C,0.2075,0.21,0.209,86651.59,84470.7,0.4021,0.78631,1e-05,178.3986,88.9,6.1
2026-09-24T19:53:08Z,2027-03-26,183,72000.0,P,0.0395,0.0405,0.0399,86650.87,84470.7,0.4021,-0.2137,1e-05,178.40126,162.9,5.0
2026-09-24T19:53:08Z,2027-03-26,183,74000.0,C,0.191,0.1935,0.1925,86651.59,84470.7,0.3981,0.75848,1e-05,191.13694,66.8,2.4
2026-09-24T19:53:08Z,2027-03-26,183,74000.0,P,0.046,0.047,0.0465,86651.59,84470.7,0.3981,-0.24152,1e-05,191.13694,200.0,8.4
2026-09-24T19:53:08Z,2027-03-26,183,75000.0,C,0.183,0.1855,0.1846,86650.87,84470.7,0.39640000000000003,0.74387,1e-05,197.20718,0.0,0.0
2026-09-24T19:53:08Z,2027-03-26,183,75000.0,P,0.0495,0.0505,0.0501,86651.59,84470.7,0.39640000000000003,-0.25612,1e-05,197.20492,16.5,0.0
2026-09-24T19:53:08Z,2027-03-26,183,76000.0,C,0.1755,0.1775,0.1768,86651.59,84470.7,0.3947,0.72892,1e-05,203.00146,541.7,4.5
2026-09-24T19:53:08Z,2027-03-26,183,76000.0,P,0.0535,0.0545,0.0539,86651.87,84470.7,0.3947,-0.27108,1e-05,203.00071,572.1,38.6
2026-09-24T19:53:08Z,2027-03-26,183,78000.0,C,0.161,0.163,0.1621,86651.87,84470.7,0.3922,0.69776,1e-05,213.75617,647.6,13.8
2026-09-24T19:53:08Z,2027-03-26,183,78000.0,P,0.0615,0.063,0.0622,86651.87,84470.7,0.3922,-0.30224,1e-05,213.75617,343.6,14.0
2026-09-24T19:53:08Z,2027-03-26,183,80000.0,C,0.147,0.149,0.1483,86651.87,84470.7,0.39030000000000004,0.66546,2e-05,223.1045,1098.8,5.6
2026-09-24T19:53:08Z,2027-03-26,183,80000.0,P,0.071,0.072,0.0715,86651.87,84470.7,0.39030000000000004,-0.33454,2e-05,223.1045,226.7,0.4
2026-09-24T19:53:08Z,2027-03-26,183,82000.0,C,0.134,0.136,0.1353,86651.87,84470.7,0.3887,0.63239,2e-05,230.85682,1231.9,8.6
2026-09-24T19:53:08Z,2027-03-26,183,82000.0,P,0.081,0.0825,0.0817,86651.87,84470.7,0.3887,-0.36761,2e-05,230.85683,46.4,1.0
2026-09-24T19:53:08Z,2027-03-26,183,84000.0,C,0.1225,0.124,0.1233,86651.87,84470.7,0.3876,0.59888,2e-05,236.89606,283.9,5.0
2026-09-24T19:53:08Z,2027-03-26,183,84000.0,P,0.092,0.0935,0.0927,86651.59,84470.7,0.3876,-0.40113,2e-05,236.89599,375.6,0.0
2026-09-24T19:53:08Z,2027-03-26,183,85000.0,C,0.117,0.1185,0.1176,86651.87,84470.7,0.3871,0.58206,2e-05,239.25334,363.6,0.0
2026-09-24T19:53:08Z,2027-03-26,183,85000.0,P,0.098,0.0995,0.0986,86651.87,84470.7,0.3871,-0.41794,2e-05,239.25335,14.5,1.4
2026-09-24T19:53:08Z,2027-03-26,183,86000.0,C,0.1115,0.113,0.1121,86651.87,84470.7,0.38670000000000004,0.56526,2e-05,241.16487,356.6,6.0
2026-09-24T19:53:08Z,2027-03-26,183,86000.0,P,0.104,0.1055,0.1046,86651.87,84470.7,0.38670000000000004,-0.43474,2e-05,241.16488,27.4,0.5
2026-09-24T19:53:08Z,2027-03-26,183,88000.0,C,0.101,0.1025,0.1019,86651.59,84470.7,0.3864,0.53192,2e-05,243.65951,117.1,4.0
2026-09-24T19:53:08Z,2027-03-26,183,88000.0,P,0.117,0.118,0.1175,86651.59,84470.7,0.3864,-0.46808,2e-05,243.65951,63.9,7.0
2026-09-24T19:53:08Z,2027-03-26,183,90000.0,C,0.0915,0.093,0.0924,86651.87,84470.7,0.3861,0.49907,2e-05,244.44254,721.9,31.6
2026-09-24T19:53:08Z,2027-03-26,183,90000.0,P,0.1305,0.132,0.1311,86651.59,84470.7,0.3861,-0.50093,2e-05,244.44175,44.8,2.1
2026-09-24T19:53:08Z,2027-03-26,183,92000.0,C,0.083,0.0845,0.0838,86651.87,84470.7,0.38630000000000003,0.46707,2e-05,243.61014,417.8,87.8
2026-09-24T19:53:08Z,2027-03-26,183,92000.0,P,0.145,0.1465,0.1455,86651.87,84470.7,0.38630000000000003,-0.53293,2e-05,243.61014,3.9,1.4
2026-09-24T19:53:08Z,2027-03-26,183,94000.0,C,0.0755,0.0765,0.0759,86651.44,84470.7,0.3868,0.43609,2e-05,241.29888,183.1,4.8
2026-09-24T19:53:08Z,2027-03-26,183,94000.0,P,0.16,0.1615,0.1607,86651.44,84470.7,0.3868,-0.56391,2e-05,241.29888,24.4,16.6
2026-09-24T19:53:08Z,2027-03-26,183,95000.0,C,0.0715,0.073,0.0722,86651.44,84470.7,0.3868,0.42093,2e-05,239.62486,433.3,3.0
2026-09-24T19:53:08Z,2027-03-26,183,95000.0,P,0.168,0.1695,0.1685,86652.04,84470.7,0.3868,-0.57906,2e-05,239.62773,9.3,12.0
2026-09-24T19:53:08Z,2027-03-26,183,96000.0,C,0.068,0.0695,0.0687,86651.44,84470.7,0.3871,0.40618,2e-05,237.65029,163.4,1.1
2026-09-24T19:53:08Z,2027-03-26,183,96000.0,P,0.176,0.1775,0.1766,86651.44,84470.7,0.3871,-0.59382,2e-05,237.65029,4.4,0.0
2026-09-24T19:53:08Z,2027-03-26,183,98000.0,C,0.0615,0.063,0.0622,86651.44,84470.7,0.38789999999999997,0.37768,2e-05,232.85997,219.1,11.2
2026-09-24T19:53:08Z,2027-03-26,183,98000.0,P,0.191,0.195,0.1931,86651.44,84470.7,0.38789999999999997,-0.62232,2e-05,232.85997,1.6,0.1
2026-09-24T19:53:08Z,2027-03-26,183,100000.0,C,0.0555,0.057,0.0563,86651.44,84470.7,0.3889,0.35065,2e-05,227.10655,1271.8,20.7
2026-09-24T19:53:08Z,2027-03-26,183,100000.0,P,0.2085,0.212,0.2103,86652.04,84470.7,0.3889,-0.64934,2e-05,227.11031,12.7,0.0
2026-09-24T19:53:08Z,2027-03-26,183,102000.0,C,0.0505,0.0515,0.0509,86651.44,84470.7,0.3901,0.32517,2e-05,220.57687,113.6,13.9
2026-09-24T19:53:08Z,2027-03-26,183,102000.0,P,0.226,0.23,0.2281,86651.44,84470.7,0.3901,-0.67483,2e-05,220.57687,0.1,0.0
2026-09-24T19:53:08Z,2027-03-26,183,104000.0,C,0.0455,0.0465,0.0461,86651.44,84470.7,0.3911,0.301,1e-05,213.3602,132.6,0.1
2026-09-24T19:53:08Z,2027-03-26,183,104000.0,P,0.244,0.248,0.2463,86651.44,84470.7,0.3911,-0.699,1e-05,213.3602,0.1,0.0
2026-09-24T19:53:08Z,2027-03-26,183,105000.0,C,0.0435,0.0445,0.0439,86651.44,84470.7,0.3922,0.28985,1e-05,209.68674,262.5,0.4
2026-09-24T19:53:08Z,2027-03-26,183,105000.0,P,0.2535,0.258,0.2557,86651.44,84470.7,0.3922,-0.71015,1e-05,209.68674,2.4,2.0
2026-09-24T19:53:08Z,2027-03-26,183,106000.0,C,0.041,0.0425,0.0417,86651.44,84470.7,0.3926,0.27851,1e-05,205.72464,80.3,0.0
2026-09-24T19:53:08Z,2027-03-26,183,106000.0,P,0.263,0.2675,0.265,86651.44,84470.7,0.3926,-0.72149,1e-05,205.72464,0.1,0.0
2026-09-24T19:53:08Z,2027-03-26,183,108000.0,C,0.0375,0.0385,0.0379,86651.44,84470.7,0.3946,0.25789,1e-05,197.91072,94.6,0.7
2026-09-24T19:53:08Z,2027-03-26,183,108000.0,P,0.282,0.287,0.2843,86651.44,84470.7,0.3946,-0.74211,1e-05,197.91072,0.1,0.0
2026-09-24T19:53:08Z,2027-03-26,183,110000.0,C,0.034,0.035,0.0344,86651.44,84470.7,0.39630000000000004,0.23846,1e-05,189.80959,1179.1,19.7
2026-09-24T19:53:08Z,2027-03-26,183,110000.0,P,0.3015,0.307,0.3039,86650.92,84470.7,0.39630000000000004,-0.76155,1e-05,189.80558,5.1,1.4
2026-09-24T19:53:08Z,2027-03-26,183,112000.0,C,0.0305,0.0315,0.0312,86650.92,84470.7,0.3978,0.22016,1e-05,181.49649,89.8,7.6
2026-09-24T19:53:08Z,2027-03-26,183,112000.0,P,0.3215,0.327,0.3237,86650.92,84470.7,0.3978,-0.77984,1e-05,181.49649,0.1,0.0
2026-09-24T19:53:08Z,2027-03-26,183,115000.0,C,0.0265,0.0275,0.027,86650.92,84470.7,0.40049999999999997,0.19548,1e-05,169.18491,695.5,1.3
2026-09-24T19:53:08Z,2027-03-26,183,115000.0,P,0.3515,0.3575,0.3542,86650.92,84470.7,0.40049999999999997,-0.80452,1e-05,169.18491,3.0,1.3
2026-09-24T19:53:08Z,2027-03-26,183,120000.0,C,0.021,0.022,0.0215,86650.92,84470.7,0.406,0.16092,1e-05,149.64375,833.4,0.9
2026-09-24T19:53:08Z,2027-03-26,183,120000.0,P,0.4035,0.41,0.4064,86651.44,84470.7,0.406,-0.83907,1e-05,149.64775,9.9,0.0
2026-09-24T19:53:08Z,2027-03-26,183,125000.0,C,0.017,0.018,0.0175,86650.36,84470.7,0.4133,0.134,1e-05,132.35697,440.8,5.1
2026-09-24T19:53:08Z,2027-03-26,183,125000.0,P,0.457,0.464,0.46,86650.92,84470.7,0.4133,-0.86599,1e-05,132.36099,0.1,0.0
2026-09-24T19:53:08Z,2027-03-26,183,130000.0,C,0.014,0.015,0.0142,86650.92,84470.7,0.4199,0.11166,1e-05,116.45446,1200.6,34.7
2026-09-24T19:53:08Z,2027-03-26,183,130000.0,P,0.5115,0.5185,0.5145,86650.92,84470.7,0.4199,-0.88834,1e-05,116.45446,0.4,0.0
2026-09-24T19:53:08Z,2027-03-26,183,140000.0,C,0.0095,0.0105,0.01,86650.92,84470.7,0.43579999999999997,0.08037,1e-05,91.40582,912.5,3.3
2026-09-24T19:53:08Z,2027-03-26,183,140000.0,P,0.622,0.6305,0.6257,86650.92,84470.7,0.43579999999999997,-0.91963,1e-05,91.40582,10.9,0.0
2026-09-24T19:53:08Z,2027-03-26,183,150000.0,C,0.007,0.0075,0.0071,86650.92,84470.7,0.4499,0.0587,0.0,71.74621,1912.9,22.6
2026-09-24T19:53:08Z,2027-03-26,183,150000.0,P,0.734,0.7435,0.7382,86651.44,84470.7,0.4499,-0.9413,0.0,71.74876,0.6,0.0
2026-09-24T19:53:08Z,2027-03-26,183,160000.0,C,0.005,0.0055,0.0055,86650.92,84470.7,0.4669,0.04526,0.0,58.34764,1034.3,10.1
2026-09-24T19:53:08Z,2027-03-26,183,160000.0,P,0.8475,0.8575,0.8519,86651.44,84470.7,0.4669,-0.95474,0.0,58.34979,0.1,0.0
2026-09-24T19:53:08Z,2027-03-26,183,170000.0,C,0.0041,0.0045,0.0043,86650.92,84470.7,0.48310000000000003,0.03579,0.0,48.21795,996.9,9.5
2026-09-24T19:53:08Z,2027-03-26,183,170000.0,P,0.962,0.972,0.9662,86650.92,84470.7,0.48310000000000003,-0.96421,0.0,48.21795,0.2,0.0
2026-09-24T19:53:08Z,2027-03-26,183,180000.0,C,0.0033,0.0038,0.0035,86650.92,84470.7,0.4993,0.02909,0.0,40.64262,649.0,17.5
2026-09-24T19:53:08Z,2027-03-26,183,180000.0,P,1.067,1.094,1.0808,86650.92,84470.7,0.4993,-0.97091,0.0,40.64262,0.1,0.0
2026-09-24T19:53:08Z,2027-03-26,183,190000.0,C,0.0027,0.0032,0.0029,86650.98,84470.7,0.5145000000000001,0.02407,0.0,34.68479,669.4,21.1
2026-09-24T19:53:08Z,2027-03-26,183,190000.0,P,1.18,1.21,1.1956,86650.98,84470.7,0.5145000000000001,-0.97593,0.0,34.68479,0.9,0.0
2026-09-24T19:53:08Z,2027-03-26,183,200000.0,C,0.0021,0.0029,0.0025,86650.98,84470.7,0.529,0.02024,0.0,29.96445,483.6,0.2
2026-09-24T19:53:08Z,2027-03-26,183,200000.0,P,1.2935,1.325,1.3106,86650.98,84470.7,0.529,-0.97976,0.0,29.96445,1.0,1.0
2026-09-24T19:53:08Z,2027-06-25,274,30000.0,C,0.6595,0.6615,0.6607,87805.13,84470.7,0.613,0.98896,0.0,22.07674,87.2,0.0
2026-09-24T19:53:08Z,2027-06-25,274,30000.0,P,0.002,0.0028,0.0024,87805.13,84470.7,0.613,-0.01104,0.0,22.07674,334.3,15.5
2026-09-24T19:53:08Z,2027-06-25,274,40000.0,C,0.5485,0.551,0.5499,87805.03,84470.7,0.5323,0.97361,0.0,46.47383,19.1,0.0
2026-09-24T19:53:08Z,2027-06-25,274,40000.0,P,0.005,0.006,0.0055,87805.03,84470.7,0.5323,-0.02639,0.0,46.47383,1226.7,5.2
2026-09-24T19:53:08Z,2027-06-25,274,45000.0,C,0.494,0.497,0.4957,87805.03,84470.7,0.5021,0.9604,0.0,64.96074,5.5,5.2
2026-09-24T19:53:08Z,2027-06-25,274,45000.0,P,0.0075,0.009,0.0082,87805.13,84470.7,0.5021,-0.0396,0.0,64.96035,162.6,0.2
2026-09-24T19:53:08Z,2027-06-25,274,50000.0,C,0.441,0.4435,0.4425,87805.03,84470.7,0.47450000000000003,0.94253,0.0,87.53095,20.2,0.0
2026-09-24T19:53:08Z,2027-06-25,274,50000.0,P,0.0115,0.0125,0.0119,87805.13,84470.7,0.47450000000000003,-0.05747,0.0,87.53067,362.8,0.1
2026-09-24T19:53:08Z,2027-06-25,274,52000.0,C,0.42,0.4225,0.4216,87805.03,84470.7,0.4643,0.93376,0.0,97.78951,1.1,0.0
2026-09-24T19:53:08Z,2027-06-25,274,52000.0,P,0.013,0.0145,0.0138,87805.03,84470.7,0.4643,-0.06624,0.0,97.78951,55.0,0.6
2026-09-24T19:53:08Z,2027-06-25,274,54000.0,C,0.3995,0.402,0.4012,87805.13,84470.7,0.4568,0.92324,0.0,109.50951,1.0,0.0
2026-09-24T19:53:08Z,2027-06-25,274,54000.0,P,0.0155,0.017,0.0162,87805.03,84470.7,0.4568,-0.07676,0.0,109.50983,50.4,0.2
2026-09-24T19:53:08Z,2027-06-25,274,55000.0,C,0.3895,0.392,0.3909,87805.13,84470.7,0.4515,0.91807,0.0,115.04651,3.7,0.0
2026-09-24T19:53:08Z,2027-06-25,274,55000.0,P,0.0165,0.018,0.0172,87805.13,84470.7,0.4515,-0.08193,0.0,115.04651,36.7,0.7
2026-09-24T19:53:08Z,2027-06-25,274,56000.0,C,0.3795,0.382,0.381,87805.03,84470.7,0.4489,0.91177,0.0,121.61624,3.0,0.0
2026-09-24T19:53:08Z,2027-06-25,274,56000.0,P,0.018,0.0195,0.0187,87805.03,84470.7,0.4489,-0.08823,0.0,121.61624,85.3,0.3
2026-09-24T19:53:08Z,2027-06-25,274,58000.0,C,0.3595,0.362,0.3612,87805.13,84470.7,0.44179999999999997,0.89892,1e-05,134.43649,13.8,0.0
2026-09-24T19:53:08Z,2027-06-25,274,58000.0,P,0.021,0.0225,0.0217,87805.13,84470.7,0.44179999999999997,-0.10108,1e-05,134.43649,100.4,0.8
2026-09-24T19:53:08Z,2027-06-25,274,60000.0,C,0.34,0.3425,0.3417,87805.13,84470.7,0.4346,0.885,1e-05,147.53609,969.9,4.2
2026-09-24T19:53:08Z,2027-06-25,274,60000.0,P,0.0245,0.026,0.025,87804.28,84470.7,0.4346,-0.11501,1e-05,147.54011,242.9,6.1
2026-09-24T19:53:08Z,2027-06-25,274,62000.0,C,0.321,0.3235,0.3226,87805.03,84470.7,0.4279,0.86964,1e-05,161.09951,118.0,0.0
2026-09-24T19:53:08Z,2027-06-25,274,62000.0,P,0.028,0.0295,0.0288,87804.28,84470.7,0.4279,-0.13037,1e-05,161.10231,115.3,8.0
2026-09-24T19:53:08Z,2027-06-25,274,64000.0,C,0.3025,0.305,0.3043,87804.28,84470.7,0.4228,0.85244,1e-05,175.28506,33.5,3.7
2026-09-24T19:53:08Z,2027-06-25,274,64000.0,P,0.0325,0.034,0.0332,87804.28,84470.7,0.4228,-0.14756,1e-05,175.28485,63.9,0.2
2026-09-24T19:53:08Z,2027-06-25,274,65000.0,C,0.2935,0.296,0.2952,87805.03,84470.7,0.4202,0.84344,1e-05,182.31692,9.1,1.7
2026-09-24T19:53:08Z,2027-06-25,274,65000.0,P,0.0345,0.0365,0.0355,87805.03,84470.7,0.4202,-0.15656,1e-05,182.31692,45.3,7.0
2026-09-24T19:53:08Z,2027-06-25,274,66000.0,C,0.2845,0.2875,0.2864,87804.28,84470.7,0.4178,0.83399,1e-05,189.41779,25.6,0.2
2026-09-24T19:53:08Z,2027-06-25,274,66000.0,P,0.037,0.039,0.038,87804.28,84470.7,0.4178,-0.16601,1e-05,189.41792,66.7,0.1
2026-09-24T19:53:08Z,2027-06-25,274,68000.0,C,0.267,0.27,0.269,87804.28,84470.7,0.4132,0.81419,1e-05,203.43402,14.7,0.0
2026-09-24T19:53:08Z,2027-06-25,274,68000.0,P,0.0425,0.0445,0.0435,87804.28,84470.7,0.4132,-0.18581,1e-05,203.43397,19.8,0.0
2026-09-24T19:53:08Z,2027-06-25,274,70000.0,C,0.2505,0.253,0.2524,87805.03,84470.7,0.4094,0.79294,1e-05,217.2419,203.6,0.1
2026-09-24T19:53:08Z,2027-06-25,274,70000.0,P,0.0485,0.0505,0.0496,87804.28,84470.7,0.4094,-0.20707,1e-05,217.24432,146.0,95.0
2026-09-24T19:53:08Z,2027-06-25,274,72000.0,C,0.2345,0.2375,0.2363,87805.03,84470.7,0.40590000000000004,0.7705,1e-05,230.51248,87.7,1.4
2026-09-24T19:53:08Z,2027-06-25,274,72000.0,P,0.0555,0.0575,0.0563,87804.28,84470.7,0.40590000000000004,-0.22951,1e-05,230.51454,54.0,10.0
2026-09-24T19:53:08Z,2027-06-25,274,74000.0,C,0.2195,0.222,0.221,87804.28,84470.7,0.40299999999999997,0.74689,1e-05,243.11254,23.6,0.2
2026-09-24T19:53:08Z,2027-06-25,274,74000.0,P,0.063,0.065,0.0638,87804.28,84470.7,0.40299999999999997,-0.25311,1e-05,243.11254,25.2,10.1
2026-09-24T19:53:08Z,2027-06-25,274,76000.0,C,0.2045,0.2075,0.2064,87804.28,84470.7,0.4004,0.72235,1e-05,254.81034,73.7,5.1
2026-09-24T19:53:08Z,2027-06-25,274,76000.0,P,0.071,0.073,0.072,87805.03,84470.7,0.4004,-0.27765,1e-05,254.80879,73.1,0.6
2026-09-24T19:53:08Z,2027-06-25,274,78000.0,C,0.191,0.1935,0.1926,87804.28,84470.7,0.39840000000000003,0.69699,1e-05,265.45951,104.4,0.0
2026-09-24T19:53:08Z,2027-06-25,274,78000.0,P,0.08,0.082,0.0809,87804.28,84470.7,0.39840000000000003,-0.30301,1e-05,265.45956,106.5,0.2
2026-09-24T19:53:08Z,2027-06-25,274,80000.0,C,0.178,0.1805,0.1794,87804.28,84470.7,0.3967,0.67103,1e-05,274.91128,170.4,0.1
2026-09-24T19:53:08Z,2027-06-25,274,80000.0,P,0.0895,0.0915,0.0905,87804.8,84470.7,0.3967,-0.32896,1e-05,274.91081,55.3,0.0
2026-09-24T19:53:08Z,2027-06-25,274,82000.0,C,0.1655,0.168,0.1669,87804.8,84470.7,0.3951,0.64468,1e-05,283.0591,75.8,5.7
2026-09-24T19:53:08Z,2027-06-25,274,82000.0,P,0.1,0.102,0.1008,87804.22,84470.7,0.3951,-0.35533,1e-05,283.05926,25.7,0.0
2026-09-24T19:53:08Z,2027-06-25,274,84000.0,C,0.154,0.156,0.1552,87804.8,84470.7,0.39380000000000004,0.61806,1e-05,289.84708,29.4,0.2
2026-09-24T19:53:08Z,2027-06-25,274,84000.0,P,0.111,0.113,0.1118,87806.27,84470.7,0.39380000000000004,-0.38192,1e-05,289.84764,19.3,0.2
2026-09-24T19:53:08Z,2027-06-25,274,85000.0,C,0.1485,0.1505,0.1496,87804.8,84470.7,0.3933,0.60472,1e-05,292.71594,163.3,0.2
2026-09-24T19:53:08Z,2027-06-25,274,85000.0,P,0.1165,0.119,0.1176,87804.8,84470.7,0.3933,-0.39528,1e-05,292.71594,16.5,0.8
2026-09-24T19:53:08Z,2027-06-25,274,86000.0,C,0.143,0.1455,0.1442,87804.22,84470.7,0.39289999999999997,0.59138,1e-05,295.23257,43.9,2.0
2026-09-24T19:53:08Z,2027-06-25,274,86000.0,P,0.1225,0.1255,0.1236,87804.8,84470.7,0.39289999999999997,-0.40861,1e-05,295.23319,2.8,0.2
2026-09-24T19:53:08Z,2027-06-25,274,88000.0,C,0.1325,0.135,0.1339,87804.22,84470.7,0.3923,0.56483,1e-05,299.21002,33.4,0.8
2026-09-24T19:53:08Z,2027-06-25,274,88000.0,P,0.135,0.138,0.1361,87804.22,84470.7,0.3923,-0.43517,1e-05,299.21002,10.2,0.0
2026-09-24T19:53:08Z,2027-06-25,274,90000.0,C,0.123,0.1255,0.1243,87804.8,84470.7,0.392,0.53859,1e-05,301.80436,769.8,41.0
2026-09-24T19:53:08Z,2027-06-25,274,90000.0,P,0.148,0.151,0.1493,87804.8,84470.7,0.392,-0.46141,1e-05,301.80436,82.6,0.1
2026-09-24T19:53:08Z,2027-06-25,274,92000.0,C,0.1145,0.1165,0.1153,87804.22,84470.7,0.3918,0.51275,1e-05,303.06739,19.3,4.5
2026-09-24T19:53:08Z,2027-06-25,274,92000.0,P,0.162,0.1645,0.1631,87804.8,84470.7,0.3918,-0.48724,1e-05,303.0692,0.3,0.0
2026-09-24T19:53:08Z,2027-06-25,274,94000.0,C,0.106,0.108,0.107,87804.8,84470.7,0.392,0.48755,1e-05,303.07647,27.0,0.2
2026-09-24T19:53:08Z,2027-06-25,274,94000.0,P,0.1765,0.179,0.1775,87804.8,84470.7,0.392,-0.51245,1e-05,303.07647,0.1,0.0
2026-09-24T19:53:08Z,2027-06-25,274,95000.0,C,0.102,0.104,0.103,87804.22,84470.7,0.3921,0.47514,1e-05,302.6333,56.0,5.4
2026-09-24T19:53:08Z,2027-06-25,274,95000.0,P,0.1835,0.1865,0.185,87804.22,84470.7,0.3921,-0.52486,1e-05,302.6333,40.2,1.0
2026-09-24T19:53:08Z,2027-06-25,274,96000.0,C,0.098,0.1,0.0992,87806.27,84470.7,0.3922,0.46294,1e-05,301.92,151.5,0.0
2026-09-24T19:53:08Z,2027-06-25,274,96000.0,P,0.1915,0.1945,0.1925,87804.85,84470.7,0.3922,-0.53708,1e-05,301.91378,0.1,0.0
2026-09-24T19:53:08Z,2027-06-25,274,98000.0,C,0.091,0.093,0.092,87804.85,84470.7,0.3926,0.43905,1e-05,299.67907,119.0,0.0
2026-09-24T19:53:08Z,2027-06-25,274,98000.0,P,0.2065,0.21,0.2081,87806.27,84470.7,0.3926,-0.56093,1e-05,299.6861,0.1,0.0
2026-09-24T19:53:08Z,2027-06-25,274,100000.0,C,0.0845,0.086,0.0853,87806.27,84470.7,0.3931,0.41603,1e-05,296.48777,220.6,0.0
2026-09-24T19:53:08Z,2027-06-25,274,100000.0,P,0.2225,0.2265,0.2242,87804.85,84470.7,0.3931,-0.58399,1e-05,296.47999,2.2,0.0
2026-09-24T19:53:08Z,2027-06-25,274,102000.0,C,0.0785,0.08,0.0791,87804.85,84470.7,0.3936,0.39381,1e-05,292.4179,53.9,0.0
2026-09-24T19:53:08Z,2027-06-25,274,102000.0,P,0.2395,0.243,0.2408,87804.85,84470.7,0.3936,-0.60619,1e-05,292.4179,0.0,0.0
2026-09-24T19:53:08Z,2027-06-25,274,104000.0,C,0.0725,0.0745,0.0735,87806.27,84470.7,0.3947,0.37276,1e-05,287.67126,185.6,0.0
2026-09-24T19:53:08Z,2027-06-25,274,104000.0,P,0.256,0.26,0.258,87806.27,84470.7,0.3947,-0.62724,1e-05,287.67126,0.0,0.0
2026-09-24T19:53:08Z,2027-06-25,274,105000.0,C,0.07,0.0715,0.0709,87806.27,84470.7,0.39520000000000005,0.36254,1e-05,285.04663,163.5,0.1
2026-09-24T19:53:08Z,2027-06-25,274,105000.0,P,0.265,0.269,0.2667,87806.27,84470.7,0.39520000000000005,-0.63746,1e-05,285.04663,2.1,0.0
2026-09-24T19:53:08Z,2027-06-25,274,106000.0,C,0.0675,0.069,0.0682,87804.85,84470.7,0.39549999999999996,0.35236,1e-05,282.21573,18.7,0.0
2026-09-24T19:53:08Z,2027-06-25,274,106000.0,P,0.274,0.278,0.2754,87804.85,84470.7,0.39549999999999996,-0.64764,1e-05,282.21573,0.0,0.0
2026-09-24T19:53:08Z,2027-06-25,274,108000.0,C,0.0625,0.064,0.0634,87806.27,84470.7,0.39649999999999996,0.33308,1e-05,276.28314,35.2,0.0
2026-09-24T19:53:08Z,2027-06-25,274,108000.0,P,0.2905,0.2965,0.2934,87806.27,84470.7,0.39649999999999996,-0.66692,1e-05,276.28314,0.2,0.0
2026-09-24T19:53:08Z,2027-06-25,274,110000.0,C,0.058,0.0595,0.0589,87804.85,84470.7,0.39759999999999995,0.31465,1e-05,269.87637,293.8,14.5
2026-09-24T19:53:08Z,2027-06-25,274,110000.0,P,0.309,0.315,0.3117,87806.27,84470.7,0.39759999999999995,-0.68534,1e-05,269.88686,5.3,0.0
2026-09-24T19:53:08Z,2027-06-25,274,112000.0,C,0.054,0.0555,0.0548,87804.85,84470.7,0.39880000000000004,0.29725,1e-05,263.16836,0.0,0.0
2026-09-24T19:53:08Z,2027-06-25,274,112000.0,P,0.328,0.334,0.3303,87806.27,84470.7,0.39880000000000004,-0.70273,1e-05,263.17918,0.0,0.0
2026-09-24T19:53:08Z,2027-06-25,274,114000.0,C,0.05,0.0515,0.051,87806.3,84470.7,0.4,0.2807,1e-05,256.17349,6.0,0.0
2026-09-24T19:53:08Z,2027-06-25,274,114000.0,P,0.3465,0.353,0.3493,87806.3,84470.7,0.4,-0.7193,1e-05,256.17349,0.0,0.0
2026-09-24T19:53:08Z,2027-06-25,274,115000.0,C,0.0485,0.05,0.0493,87806.27,84470.7,0.401,0.27304,1e-05,252.7242,149.9,85.1
2026-09-24T19:53:08Z,2027-06-25,274,115000.0,P,0.356,0.363,0.359,87806.3,84470.7,0.401,-0.72696,1e-05,252.72444,0.0,0.0
2026-09-24T19:53:08Z,2027-06-25,274,116000.0,C,0.047,0.048,0.0475,87806.3,84470.7,0.4014,0.26512,1e-05,249.01608,0.0,0.0
2026-09-24T19:53:08Z,2027-06-25,274,116000.0,P,0.365,0.3755,0.3686,87806.3,84470.7,0.4014,-0.73488,1e-05,249.01608,0.0,0.0
2026-09-24T19:53:08Z,2027-06-25,274,120000.0,C,0.0405,0.042,0.0413,87806.27,84470.7,0.4044,0.23662,1e-05,234.46071,352.4,10.2
2026-09-24T19:53:08Z,2027-06-25,274,120000.0,P,0.405,0.415,0.408,87806.27,84470.7,0.4044,-0.76338,1e-05,234.46071,0.9,0.0
2026-09-24T19:53:08Z,2027-06-25,274,125000.0,C,0.034,0.0355,0.0348,87806.27,84470.7,0.4083,0.2054,1e-05,216.20998,640.0,1.1
2026-09-24T19:53:08Z,2027-06-25,274,125000.0,P,0.455,0.466,0.4585,87806.3,84470.7,0.4083,-0.7946,1e-05,216.21023,0.0,0.0
2026-09-24T19:53:08Z,2027-06-25,274,130000.0,C,0.029,0.0305,0.0297,87806.27,84470.7,0.413,0.17907,1e-05,198.79551,764.2,6.5
2026-09-24T19:53:08Z,2027-06-25,274,130000.0,P,0.5065,0.5185,0.5102,87806.27,84470.7,0.413,-0.82093,1e-05,198.79551,3.9,0.0
2026-09-24T19:53:08Z,2027-06-25,274,135000.0,C,0.0245,0.026,0.0252,87806.3,84470.7,0.4169,0.15588,1e-05,181.79357,0.5,0.2
2026-09-24T19:53:08Z,2027-06-25,274,135000.0,P,0.559,0.572,0.5627,87806.3,84470.7,0.4169,-0.84412,1e-05,181.79357,0.0,0.0
2026-09-24T19:53:08Z,2027-06-25,274,140000.0,C,0.021,0.022,0.0215,87806.3,84470.7,0.4204,0.13568,1e-05,165.59776,391.1,8.0
2026-09-24T19:53:08Z,2027-06-25,274,140000.0,P,0.612,0.626,0.6159,87806.3,84470.7,0.4204,-0.86432,1e-05,165.59776,3.4,0.0
2026-09-24T19:53:08Z,2027-06-25,274,150000.0,C,0.016,0.017,0.0165,87806.3,84470.7,0.43200000000000005,0.10658,1e-05,139.70846,225.3,17.3
2026-09-24T19:53:08Z,2027-06-25,274,150000.0,P,0.721,0.7345,0.7248,87806.27,84470.7,0.43200000000000005,-0.89342,1e-05,139.70825,1.1,0.0
2026-09-24T19:53:08Z,2027-06-25,274,160000.0,C,0.012,0.013,0.0125,87806.3,84470.7,0.44,0.08303,0.0,116.20972,698.3,8.7
2026-09-24T19:53:08Z,2027-06-25,274,160000.0,P,0.831,0.846,0.8347,87806.3,84470.7,0.44,-0.91697,0.0,116.20972,0.2,0.0
2026-09-24T19:53:08Z,2027-06-25,274,170000.0,C,0.0095,0.011,0.0102,87806.16,84470.7,0.4532,0.06841,0.0,100.2595,153.0,2.2
2026-09-24T19:53:08Z,2027-06-25,274,170000.0,P,0.942,0.958,0.9463,87806.16,84470.7,0.4532,-0.93159,0.0,100.2595,14.7,0.0
2026-09-24T19:53:08Z,2027-06-25,274,180000.0,C,0.008,0.009,0.0085,87806.3,84470.7,0.4654,0.05702,0.0,86.99576,66.8,1.3
2026-09-24T19:53:08Z,2027-06-25,274,180000.0,P,1.045,1.074,1.0585,87806.16,84470.7,0.4654,-0.94298,0.0,86.99508,0.0,0.0
2026-09-24T19:53:08Z,2027-06-25,274,190000.0,C,0.0065,0.0075,0.0071,87806.3,84470.7,0.47600000000000003,0.04772,0.0,75.5219,67.0,0.6
2026-09-24T19:53:08Z,2027-06-25,274,190000.0,P,1.1535,1.1845,1.1709,87806.16,84470.7,0.47600000000000003,-0.95228,0.0,75.52129,0.6,0.0
2026-09-24T19:53:08Z,2027-06-25,274,200000.0,C,0.0055,0.0065,0.006,87806.16,84470.7,0.4865,0.04059,0.0,66.27823,59.1,0.4
2026-09-24T19:53:08Z,2027-06-25,274,200000.0,P,1.2655,1.302,1.2838,87806.3,84470.7,0.4865,-0.95941,0.0,66.27877,2.1,0.0
2026-09-24T19:53:08Z,2027-09-24,365,50000.0,C,0.454,0.4575,0.4551,88935.32,84470.7,0.462,0.93031,0.0,118.92572,0.0,0.0
2026-09-24T19:53:08Z,2027-09-24,365,50000.0,P,0.0165,0.018,0.0173,88935.28,84470.7,0.462,-0.06969,0.0,118.92583,13.4,14.2
2026-09-24T19:53:08Z,2027-09-24,365,60000.0,C,0.358,0.3615,0.3593,88935.28,84470.7,0.4302,0.87084,1e-05,187.16415,0.0,0.0
2026-09-24T19:53:08Z,2027-09-24,365,60000.0,P,0.033,0.035,0.034,88935.28,84470.7,0.4302,-0.12916,1e-05,187.16415,17.0,17.5
2026-09-24T19:53:08Z,2027-09-24,365,65000.0,C,0.314,0.318,0.3156,88935.28,84470.7,0.4191,0.83097,1e-05,224.0725,0.5,0.5
2026-09-24T19:53:08Z,2027-09-24,365,65000.0,P,0.0455,0.0475,0.0465,88935.32,84470.7,0.4191,-0.16902,1e-05,224.07237,0.7,0.7
2026-09-24T19:53:08Z,2027-09-24,365,70000.0,C,0.2735,0.2775,0.2753,88935.32,84470.7,0.4108,0.78478,1e-05,259.83825,2.5,2.5
2026-09-24T19:53:08Z,2027-09-24,365,70000.0,P,0.0615,0.0635,0.0624,88935.32,84470.7,0.4108,-0.21522,1e-05,259.83818,2.5,2.5
2026-09-24T19:53:08Z,2027-09-24,365,72000.0,C,0.2585,0.2625,0.2603,88935.32,84470.7,0.4082,0.76478,1e-05,273.2523,0.0,0.0
2026-09-24T19:53:08Z,2027-09-24,365,72000.0,P,0.069,0.071,0.0699,88935.32,84470.7,0.4082,-0.23522,1e-05,273.25231,0.0,0.0
2026-09-24T19:53:08Z,2027-09-24,365,74000.0,C,0.244,0.248,0.2458,88935.32,84470.7,0.40590000000000004,0.7441,1e-05,285.91144,1.4,1.4
2026-09-24T19:53:08Z,2027-09-24,365,74000.0,P,0.0765,0.079,0.0779,88935.32,84470.7,0.40590000000000004,-0.2559,1e-05,285.91144,0.0,0.0
2026-09-24T19:53:08Z,2027-09-24,365,76000.0,C,0.2305,0.234,0.2319,88935.28,84470.7,0.4039,0.72282,1e-05,297.70348,4.3,4.3
2026-09-24T19:53:08Z,2027-09-24,365,76000.0,P,0.0855,0.088,0.0865,88935.32,84470.7,0.4039,-0.27718,1e-05,297.70348,0.5,0.5
2026-09-24T19:53:08Z,2027-09-24,365,78000.0,C,0.217,0.221,0.2187,88935.28,84470.7,0.4021,0.70105,1e-05,308.52219,1.0,1.0
2026-09-24T19:53:08Z,2027-09-24,365,78000.0,P,0.0945,0.097,0.0958,88935.32,84470.7,0.4021,-0.29895,1e-05,308.52215,0.0,0.0
2026-09-24T19:53:08Z,2027-09-24,365,80000.0,C,0.2045,0.208,0.2061,88935.32,84470.7,0.4007,0.6789,1e-05,318.28108,0.0,0.0
2026-09-24T19:53:08Z,2027-09-24,365,80000.0,P,0.1045,0.107,0.1057,88935.32,84470.7,0.4007,-0.3211,1e-05,318.28108,0.0,0.0
2026-09-24T19:53:08Z,2027-09-24,365,82000.0,C,0.1925,0.196,0.1941,88935.28,84470.7,0.3995,0.65652,1e-05,326.90812,0.0,0.0
2026-09-24T19:53:08Z,2027-09-24,365,82000.0,P,0.1145,0.1175,0.1162,88935.32,84470.7,0.3995,-0.34348,1e-05,326.90812,0.0,0.0
2026-09-24T19:53:08Z,2027-09-24,365,84000.0,C,0.1815,0.184,0.1827,88935.32,84470.7,0.39840000000000003,0.634,1e-05,334.36556,0.7,0.8
2026-09-24T19:53:08Z,2027-09-24,365,84000.0,P,0.126,0.129,0.1272,88935.32,84470.7,0.39840000000000003,-0.366,1e-05,334.36556,0.5,0.5
2026-09-24T19:53:08Z,2027-09-24,365,86000.0,C,0.1705,0.1735,0.1718,88935.32,84470.7,0.3973,0.61143,1e-05,340.63753,0.0,0.0
2026-09-24T19:53:08Z,2027-09-24,365,86000.0,P,0.1375,0.1405,0.1388,88935.32,84470.7,0.3973,-0.38857,1e-05,340.63753,0.2,0.2
2026-09-24T19:53:08Z,2027-09-24,365,88000.0,C,0.16,0.163,0.1615,88935.32,84470.7,0.39640000000000003,0.58892,1e-05,345.71633,1.7,1.7
2026-09-24T19:53:08Z,2027-09-24,365,88000.0,P,0.1495,0.152,0.151,88935.32,84470.7,0.39640000000000003,-0.41108,1e-05,345.71633,0.0,0.0
2026-09-24T19:53:08Z,2027-09-24,365,90000.0,C,0.1505,0.1535,0.1519,88935.28,84470.7,0.396,0.56662,1e-05,349.60452,5.1,5.1
2026-09-24T19:53:08Z,2027-09-24,365,90000.0,P,0.1625,0.166,0.1638,88935.32,84470.7,0.396,-0.43338,1e-05,349.60461,0.0,0.0
2026-09-24T19:53:08Z,2027-09-24,365,92000.0,C,0.1415,0.144,0.1427,88935.66,84470.7,0.3956,0.54458,1e-05,352.34473,0.0,0.0
2026-09-24T19:53:08Z,2027-09-24,365,92000.0,P,0.1755,0.179,0.1772,88935.32,84470.7,0.3956,-0.45542,1e-05,352.34378,0.0,0.0
2026-09-24T19:53:08Z,2027-09-24,365,94000.0,C,0.133,0.1355,0.1341,88935.66,84470.7,0.3953,0.52286,1e-05,353.97849,0.0,0.0
2026-09-24T19:53:08Z,2027-09-24,365,94000.0,P,0.189,0.193,0.1911,88935.32,84470.7,0.3953,-0.47714,1e-05,353.97737,0.0,0.0
2026-09-24T19:53:08Z,2027-09-24,365,96000.0,C,0.125,0.1275,0.126,88935.66,84470.7,0.3951,0.50151,1e-05,354.55835,0.0,0.0
2026-09-24T19:53:08Z,2027-09-24,365,96000.0,P,0.2035,0.2075,0.2054,88935.28,84470.7,0.3951,-0.4985,1e-05,354.55685,0.0,0.0
2026-09-24T19:53:08Z,2027-09-24,365,98000.0,C,0.117,0.1195,0.1184,88935.66,84470.7,0.395,0.48068,1e-05,354.14488,0.3,0.3
2026-09-24T19:53:08Z,2027-09-24,365,98000.0,P,0.2185,0.2225,0.2203,88935.32,84470.7,0.395,-0.51933,1e-05,354.14335,0.0,0.0
2026-09-24T19:53:08Z,2027-09-24,365,100000.0,C,0.11,0.1125,0.1113,88935.66,84470.7,0.3953,0.46047,1e-05,352.81852,0.2,0.2
2026-09-24T19:53:08Z,2027-09-24,365,100000.0,P,0.2335,0.238,0.2357,88935.32,84470.7,0.3953,-0.53954,1e-05,352.81678,0.0,0.0
2026-09-24T19:53:08Z,2027-09-24,365,102000.0,C,0.1035,0.106,0.1046,88935.66,84470.7,0.39549999999999996,0.44069,1e-05,350.63493,0.4,0.4
2026-09-24T19:53:08Z,2027-09-24,365,102000.0,P,0.2485,0.254,0.2515,88935.28,84470.7,0.39549999999999996,-0.55932,1e-05,350.63281,0.0,0.0
2026-09-24T19:53:08Z,2027-09-24,365,104000.0,C,0.097,0.0995,0.0983,88935.28,84470.7,0.39590000000000003,0.42161,1e-05,347.6931,0.0,0.0
2026-09-24T19:53:08Z,2027-09-24,365,104000.0,P,0.2645,0.2705,0.2677,88935.28,84470.7,0.39590000000000003,-0.57839,1e-05,347.6931,0.0,0.0
2026-09-24T19:53:08Z,2027-09-24,365,106000.0,C,0.0915,0.0935,0.0925,88935.32,84470.7,0.39640000000000003,0.4032,1e-05,344.06985,0.1,0.1
2026-09-24T19:53:08Z,2027-09-24,365,106000.0,P,0.281,0.287,0.2844,88935.32,84470.7,0.39640000000000003,-0.5968,1e-05,344.06985,0.0,0.0
2026-09-24T19:53:08Z,2027-09-24,365,108000.0,C,0.086,0.088,0.087,88936.13,84470.7,0.3969,0.38539,1e-05,339.8288,0.0,0.0
2026-09-24T19:53:08Z,2027-09-24,365,108000.0,P,0.298,0.304,0.3013,88935.32,84470.7,0.3969,-0.61462,1e-05,339.82328,0.0,0.0
2026-09-24T19:53:08Z,2027-09-24,365,110000.0,C,0.0805,0.083,0.0819,88936.13,84470.7,0.39759999999999995,0.36835,1e-05,335.07667,0.0,0.0
2026-09-24T19:53:08Z,2027-09-24,365,110000.0,P,0.3155,0.3285,0.3188,88935.32,84470.7,0.39759999999999995,-0.63166,1e-05,335.071,0.0,0.0
2026-09-24T19:53:08Z,2027-09-24,365,112000.0,C,0.076,0.078,0.0771,88936.13,84470.7,0.39840000000000003,0.35193,1e-05,329.85284,0.0,0.0
2026-09-24T19:53:08Z,2027-09-24,365,112000.0,P,0.333,0.346,0.3365,88935.28,84470.7,0.39840000000000003,-0.64807,1e-05,329.84703,0.0,0.0
2026-09-24T19:53:08Z,2027-09-24,365,114000.0,C,0.0715,0.074,0.0726,88936.13,84470.7,0.39909999999999995,0.33614,1e-05,324.21559,0.0,0.0
2026-09-24T19:53:08Z,2027-09-24,365,114000.0,P,0.3515,0.3645,0.3545,88935.32,84470.7,0.39909999999999995,-0.66387,1e-05,324.20997,0.0,0.0
2026-09-24T19:53:08Z,2027-09-24,365,116000.0,C,0.0675,0.07,0.0685,88936.13,84470.7,0.4,0.32108,1e-05,318.27848,0.0,0.0
2026-09-24T19:53:08Z,2027-09-24,365,116000.0,P,0.369,0.383,0.3728,88936.13,84470.7,0.4,-0.67892,1e-05,318.27848,0.0,0.0
2026-09-24T19:53:08Z,2027-09-24,365,118000.0,C,0.0635,0.066,0.0646,88936.13,84470.7,0.401,0.30672,1e-05,312.08672,0.0,0.0
2026-09-24T19:53:08Z,2027-09-24,365,118000.0,P,0.3875,0.4025,0.3914,88935.32,84470.7,0.401,-0.69329,1e-05,312.08075,0.0,0.0
2026-09-24T19:53:08Z,2027-09-24,365,120000.0,C,0.06,0.0625,0.0611,88936.13,84470.7,0.40240000000000004,0.29323,1e-05,305.80196,2.4,2.4
2026-09-24T19:53:08Z,2027-09-24,365,120000.0,P,0.407,0.422,0.4104,88935.32,84470.7,0.40240000000000004,-0.70677,1e-05,305.7957,0.0,0.0
2026-09-24T19:53:08Z,2027-09-24,365,125000.0,C,0.0525,0.0545,0.0535,88952.85,84470.7,0.40659999999999996,0.26304,1e-05,290.06265,0.0,0.0
2026-09-24T19:53:08Z,2027-09-24,365,125000.0,P,0.4545,0.4705,0.459,88936.13,84470.7,0.40659999999999996,-0.73711,1e-05,289.92308,0.0,0.0
2026-09-24T19:53:08Z,2027-09-24,365,130000.0,C,0.0455,0.0475,0.0463,88936.13,84470.7,0.4086,0.23408,1e-05,272.52364,0.2,0.2
2026-09-24T19:53:08Z,2027-09-24,365,130000.0,P,0.5035,0.521,0.5081,88935.66,84470.7,0.4086,-0.76593,1e-05,272.51954,0.0,0.0
2026-09-24T19:53:08Z,2027-09-24,365,135000.0,C,0.0395,0.042,0.0404,88936.13,84470.7,0.4113,0.20904,1e-05,255.45124,100.0,100.0
2026-09-24T19:53:08Z,2027-09-24,365,135000.0,P,0.5545,0.5725,0.5584,88935.32,84470.7,0.4113,-0.79097,1e-05,255.44353,0.0,0.0
2026-09-24T19:53:08Z,2027-09-24,365,140000.0,C,0.035,0.037,0.0358,88935.28,84470.7,0.4157,0.18821,1e-05,239.77378,4.5,4.5
2026-09-24T19:53:08Z,2027-09-24,365,140000.0,P,0.6055,0.6245,0.61,88935.28,84470.7,0.4157,-0.81179,1e-05,239.77378,0.0,0.0
2026-09-24T19:53:08Z,2027-09-24,365,150000.0,C,0.0275,0.0295,0.0283,88945.02,84470.7,0.4236,0.1532,1e-05,210.1667,0.0,0.0
2026-09-24T19:53:08Z,2027-09-24,365,150000.0,P,0.7095,0.73,0.7149,88945.02,84470.7,0.4236,-0.8468,1e-05,210.1667,0.0,0.0
2026-09-24T19:53:08Z,2027-09-24,365,160000.0,C,0.022,0.0235,0.0226,88945.02,84470.7,0.4313,0.12576,1e-05,183.74996,0.0,0.0
2026-09-24T19:53:08Z,2027-09-24,365,160000.0,P,0.817,0.8375,0.8217,88945.02,84470.7,0.4313,-0.87424,1e-05,183.74996,0.0,0.0
2026-09-24T19:53:08Z,2027-09-24,365,170000.0,C,0.0175,0.0195,0.0184,88945.02,84470.7,0.439,0.10431,0.0,160.8562,0.3,0.3
2026-09-24T19:53:08Z,2027-09-24,365,170000.0,P,0.925,0.947,0.9299,88945.02,84470.7,0.439,-0.89569,0.0,160.8562,0.0,0.0
2026-09-24T19:53:08Z,2027-09-24,365,180000.0,C,0.0145,0.016,0.0152,88945.02,84470.7,0.4465,0.08743,0.0,141.25813,5.6,5.6
2026-09-24T19:53:08Z,2027-09-24,365,180000.0,P,1.0245,1.0615,1.0391,88945.02,84470.7,0.4465,-0.91257,0.0,141.25813,0.0,0.0
2026-09-24T19:53:08Z,2027-09-24,365,190000.0,C,0.012,0.014,0.013,88945.02,84470.7,0.456,0.07522,0.0,126.10364,0.3,0.3
2026-09-24T19:53:08Z,2027-09-24,365,190000.0,P,1.1325,1.1685,1.1494,88945.02,84470.7,0.456,-0.92478,0.0,126.10364,0.0,0.0
2026-09-24T19:53:08Z,2027-09-24,365,200000.0,C,0.0105,0.012,0.0112,88945.02,84470.7,0.4647,0.06519,0.0,112.96002,10.4,10.4
2026-09-24T19:53:08Z,2027-09-24,365,200000.0,P,1.2375,1.2855,1.26,88945.02,84470.7,0.4647,-0.93481,0.0,112.96002,0.0,0.0
2026-09-24T19:53:08Z,2027-09-24,365,210000.0,C,0.009,0.01,0.0096,88936.13,84470.7,0.4722,0.0565,0.0,100.98563,4.6,4.6
2026-09-24T19:53:08Z,2027-09-24,365,210000.0,P,1.3515,1.3925,1.3709,88945.02,84470.7,0.4722,-0.94348,0.0,101.02963,0.0,0.0
2026-09-24T19:53:08Z,2027-09-24,365,220000.0,C,0.0075,0.009,0.0082,88936.13,84470.7,0.4782,0.04885,0.0,89.97292,4.7,4.7
2026-09-24T19:53:08Z,2027-09-24,365,220000.0,P,1.4625,1.5045,1.4819,88945.02,84470.7,0.4782,-0.95113,0.0,90.01308,0.0,0.0
