snapshot_ts,expiry,days_to_expiry,strike,option_type,bid,ask,mark_price,forward_price,index_price,implied_vol,delta,gamma,vega,open_interest,volume_24h
2026-09-23T19:33:40Z,2026-09-24,1,71000.0,C,0.1575,0.161,0.1594,84466.46,84454.46,1.0837999999999999,0.99999,0.0,0.00137,0.0,0.0
2026-09-23T19:33:40Z,2026-09-24,1,71000.0,P,0.0,0.0001,0.0,84466.46,84454.46,1.0837999999999999,-1e-05,0.0,0.00137,67.8,3.0
2026-09-23T19:33:40Z,2026-09-24,1,72000.0,C,0.1455,0.149,0.1476,84466.46,84454.46,1.0837999999999999,0.99996,0.0,0.00559,0.0,0.0
2026-09-23T19:33:40Z,2026-09-24,1,72000.0,P,0.0,0.0001,0.0,84466.46,84454.46,1.0837999999999999,-4e-05,0.0,0.00559,12.8,2.5
2026-09-23T19:33:40Z,2026-09-24,1,73000.0,C,0.134,0.1375,0.1358,84466.55,84454.46,1.0837999999999999,0.99984,0.0,0.01992,0.0,0.0
2026-09-23T19:33:40Z,2026-09-24,1,73000.0,P,0.0,0.0001,0.0,84466.28,84454.46,1.0837999999999999,-0.00016,0.0,0.01992,4.3,3.0
2026-09-23T19:33:40Z,2026-09-24,1,74000.0,C,0.122,0.1255,0.1239,84466.28,84454.46,1.0837999999999999,0.99944,0.0,0.06242,0.0,0.0
2026-09-23T19:33:40Z,2026-09-24,1,74000.0,P,0.0,0.0001,0.0,84466.46,84454.46,1.0837999999999999,-0.00056,0.0,0.06241,17.7,6.2
2026-09-23T19:33:40Z,2026-09-24,1,75000.0,C,0.11,0.1135,0.1121,84466.46,84454.46,1.0837999999999999,0.99831,0.0,0.17271,0.0,0.0
2026-09-23T19:33:40Z,2026-09-24,1,75000.0,P,0.0,0.0001,0.0,84466.28,84454.46,1.0837999999999999,-0.00169,0.0,0.17273,19.9,9.4
2026-09-23T19:33:40Z,2026-09-24,1,76000.0,C,0.098,0.102,0.1003,84466.28,84454.46,0.9893000000000001,0.99783,0.0,0.21722,0.0,0.0
2026-09-23T19:33:40Z,2026-09-24,1,76000.0,P,0.0,0.0001,0.0,84466.28,84454.46,0.9893000000000001,-0.00217,0.0,0.21722,49.1,6.9
2026-09-23T19:33:40Z,2026-09-24,1,77000.0,C,0.086,0.09,0.0884,84466.28,84454.46,0.8832,0.99743,0.0,0.25333,0.0,0.0
2026-09-23T19:33:40Z,2026-09-24,1,77000.0,P,0.0,0.0001,0.0,84466.28,84454.46,0.8832,-0.00257,0.0,0.25333,132.5,103.5
2026-09-23T19:33:40Z,2026-09-24,1,77500.0,C,0.0805,0.084,0.0825,84466.46,84454.46,0.8284,0.99723,0.0,0.27107,0.0,0.0
2026-09-23T19:33:40Z,2026-09-24,1,77500.0,P,0.0,0.0001,0.0,84466.28,84454.46,0.8284,-0.00277,0.0,0.27112,30.6,29.7
2026-09-23T19:33:40Z,2026-09-24,1,78000.0,C,0.0745,0.078,0.0766,84466.46,84454.46,0.8036,0.99593,0.0,0.38326,0.0,0.0
2026-09-23T19:33:40Z,2026-09-24,1,78000.0,P,0.0,0.0001,0.0,84466.46,84454.46,0.8036,-0.00407,0.0,0.38326,26.2,28.5
2026-09-23T19:33:40Z,2026-09-24,1,78500.0,C,0.0685,0.0725,0.0707,84466.28,84454.46,0.75,0.99543,1e-05,0.42476,0.0,0.0
2026-09-23T19:33:40Z,2026-09-24,1,78500.0,P,0.0,0.0002,0.0,84466.46,84454.46,0.75,-0.00457,1e-05,0.42467,75.5,77.1
2026-09-23T19:33:40Z,2026-09-24,1,79000.0,C,0.063,0.0665,0.0648,84466.46,84454.46,0.7392,0.99216,1e-05,0.68519,0.0,0.0
2026-09-23T19:33:40Z,2026-09-24,1,79000.0,P,0.0,0.0002,0.0001,84466.46,84454.46,0.7392,-0.00784,1e-05,0.68519,63.4,50.7
2026-09-23T19:33:40Z,2026-09-24,1,79500.0,C,0.0565,0.0605,0.0589,84466.28,84454.46,0.7094,0.98872,1e-05,0.94206,0.0,0.0
2026-09-23T19:33:40Z,2026-09-24,1,79500.0,P,0.0,0.0002,0.0001,84466.28,84454.46,0.7094,-0.01128,1e-05,0.94206,95.9,75.8
2026-09-23T19:33:40Z,2026-09-24,1,80000.0,C,0.0515,0.054,0.053,84466.61,84454.46,0.6472,0.98746,2e-05,1.03239,9.2,0.0
2026-09-23T19:33:40Z,2026-09-24,1,80000.0,P,0.0,0.0002,0.0001,84466.28,84454.46,0.6472,-0.01254,2e-05,1.03276,84.9,20.0
2026-09-23T19:33:40Z,2026-09-24,1,80500.0,C,0.0455,0.0485,0.0471,84466.61,84454.46,0.6075,0.98269,2e-05,1.3622,10.9,0.0
2026-09-23T19:33:40Z,2026-09-24,1,80500.0,P,0.0001,0.0002,0.0001,84466.61,84454.46,0.6075,-0.01731,2e-05,1.3622,46.3,44.8
2026-09-23T19:33:40Z,2026-09-24,1,81000.0,C,0.0395,0.0425,0.0412,84466.28,84454.46,0.5511,0.97874,3e-05,1.62233,12.4,0.0
2026-09-23T19:33:40Z,2026-09-24,1,81000.0,P,0.0001,0.0003,0.0002,84466.61,84454.46,0.5511,-0.02125,3e-05,1.62172,10.5,5.5
2026-09-23T19:33:40Z,2026-09-24,1,81500.0,C,0.0335,0.037,0.0353,84466.28,84454.46,0.5068,0.97007,4e-05,2.1612,3.6,0.0
2026-09-23T19:33:40Z,2026-09-24,1,81500.0,P,0.0002,0.0003,0.0002,84466.28,84454.46,0.5068,-0.02993,4e-05,2.1612,106.0,77.0
2026-09-23T19:33:40Z,2026-09-24,1,82000.0,C,0.0275,0.0315,0.0296,84466.28,84454.46,0.4754,0.9519,7e-05,3.18187,0.3,0.0
2026-09-23T19:33:40Z,2026-09-24,1,82000.0,P,0.0003,0.0004,0.0004,84466.61,84454.46,0.4754,-0.04808,7e-05,3.18073,538.8,558.8
2026-09-23T19:33:40Z,2026-09-24,1,82500.0,C,0.0225,0.025,0.0237,84466.61,84454.46,0.41609999999999997,0.93454,0.0001,4.0571,11.5,0.0
2026-09-23T19:33:40Z,2026-09-24,1,82500.0,P,0.0004,0.0006,0.0005,84466.28,84454.46,0.41609999999999997,-0.06549,0.0001,4.05861,72.6,60.0
2026-09-23T19:33:40Z,2026-09-24,1,83000.0,C,0.0165,0.0195,0.018,84466.61,84454.46,0.36219999999999997,0.90157,0.00015,5.52026,12.6,0.0
2026-09-23T19:33:40Z,2026-09-24,1,83000.0,P,0.0006,0.0008,0.0006,84466.61,84454.46,0.36219999999999997,-0.09843,0.00015,5.52026,193.7,210.8
2026-09-23T19:33:40Z,2026-09-24,1,83500.0,C,0.0105,0.014,0.0125,84466.61,84454.46,0.321,0.83089,0.00025,8.02551,7.7,5.4
2026-09-23T19:33:40Z,2026-09-24,1,83500.0,P,0.001,0.0012,0.0011,84466.28,84454.46,0.321,-0.16919,0.00025,8.02796,379.7,374.0
2026-09-23T19:33:40Z,2026-09-24,1,84000.0,C,0.007,0.0085,0.0077,84466.28,84454.46,0.2897,0.69592,0.00038,11.13157,33.6,31.2
2026-09-23T19:33:40Z,2026-09-24,1,84000.0,P,0.002,0.0022,0.0021,84465.26,84454.46,0.2897,-0.30447,0.00038,11.13772,337.6,360.9
2026-09-23T19:33:40Z,2026-09-24,1,84500.0,C,0.0037,0.004,0.0039,84465.26,84454.46,0.275,0.48623,0.00046,12.68736,136.2,136.8
2026-09-23T19:33:40Z,2026-09-24,1,84500.0,P,0.004,0.0045,0.0043,84466.61,84454.46,0.275,-0.51315,0.00046,12.68822,160.7,200.7
2026-09-23T19:33:40Z,2026-09-24,1,85000.0,C,0.0015,0.0018,0.0018,84465.26,84454.46,0.2772,0.27456,0.00038,10.60954,161.4,171.6
2026-09-23T19:33:40Z,2026-09-24,1,85000.0,P,0.0065,0.0105,0.0081,84465.26,84454.46,0.2772,-0.72544,0.00038,10.60954,619.4,730.5
2026-09-23T19:33:40Z,2026-09-24,1,85500.0,C,0.0006,0.0008,0.0008,84465.26,84454.46,0.297,0.13951,0.00023,7.06585,63.5,90.8
2026-09-23T19:33:40Z,2026-09-24,1,85500.0,P,0.0115,0.0145,0.013,84465.26,84454.46,0.297,-0.86049,0.00023,7.06585,51.2,25.5
2026-09-23T19:33:40Z,2026-09-24,1,86000.0,C,0.0003,0.0004,0.0004,84465.26,84454.46,0.3333,0.07665,0.00014,4.57999,252.5,239.3
2026-09-23T19:33:40Z,2026-09-24,1,86000.0,P,0.017,0.02,0.0186,84465.26,84454.46,0.3333,-0.92335,0.00014,4.57999,145.9,147.8
2026-09-23T19:33:40Z,2026-09-24,1,86500.0,C,0.0002,0.0003,0.0003,84466.61,84454.46,0.3778,0.04805,8e-05,3.17921,119.5,51.7
2026-09-23T19:33:40Z,2026-09-24,1,86500.0,P,0.023,0.026,0.0244,84465.26,84454.46,0.3778,-0.95206,8e-05,3.17322,55.9,54.0
2026-09-23T19:33:40Z,2026-09-24,1,87000.0,C,0.0001,0.0002,0.0001,84465.26,84454.46,0.4,0.02531,5e-05,1.87917,80.0,82.5
2026-09-23T19:33:40Z,2026-09-24,1,87000.0,P,0.029,0.032,0.0301,84465.26,84454.46,0.4,-0.97469,5e-05,1.87917,5.4,0.2
2026-09-23T19:33:40Z,2026-09-24,1,87500.0,C,0.0,0.0002,0.0002,84466.61,84454.46,0.4715,0.02399,4e-05,1.79681,61.6,45.2
2026-09-23T19:33:40Z,2026-09-24,1,87500.0,P,0.0345,0.039,0.0361,84466.61,84454.46,0.4715,-0.97601,4e-05,1.79681,1.4,1.4
2026-09-23T19:33:40Z,2026-09-24,1,88000.0,C,0.0,0.0001,0.0001,84466.61,84454.46,0.4878,0.01319,2e-05,1.07851,286.0,66.2
2026-09-23T19:33:40Z,2026-09-24,1,88000.0,P,0.04,0.044,0.0419,84465.26,84454.46,0.4878,-0.98684,2e-05,1.07641,3.5,0.0
2026-09-23T19:33:40Z,2026-09-24,1,88500.0,C,0.0,0.0001,0.0001,84466.61,84454.46,0.5235,0.00926,1e-05,0.79291,88.4,96.3
2026-09-23T19:33:40Z,2026-09-24,1,88500.0,P,0.046,0.0505,0.0478,84465.26,84454.46,0.5235,-0.99076,1e-05,0.79139,0.4,0.0
2026-09-23T19:33:40Z,2026-09-24,1,89000.0,C,0.0,0.0001,0.0,84465.26,84454.46,0.5622,0.00698,1e-05,0.6182,148.4,82.9
2026-09-23T19:33:40Z,2026-09-24,1,89000.0,P,0.052,0.0565,0.0537,84465.26,84454.46,0.5622,-0.99302,1e-05,0.6182,0.0,0.0
2026-09-23T19:33:40Z,2026-09-24,1,90000.0,C,0.0,0.0001,0.0,84465.26,84454.46,0.6063000000000001,0.00283,0.0,0.27591,275.5,242.1
2026-09-23T19:33:40Z,2026-09-24,1,90000.0,P,0.0635,0.0685,0.0655,84464.94,84454.46,0.6063000000000001,-0.99717,0.0,0.27578,0.0,0.0
2026-09-23T19:33:40Z,2026-09-24,1,91000.0,C,0.0,0.0001,0.0,84465.26,84454.46,0.6431999999999999,0.0011,0.0,0.11652,54.6,51.2
2026-09-23T19:33:40Z,2026-09-24,1,91000.0,P,0.0755,0.0795,0.0774,84465.26,84454.46,0.6431999999999999,-0.9989,0.0,0.11652,0.0,0.0
2026-09-23T19:33:40Z,2026-09-24,1,92000.0,C,0.0,0.0001,0.0,84465.26,84454.46,0.6433,0.00022,0.0,0.02647,19.6,17.8
2026-09-23T19:33:40Z,2026-09-24,1,92000.0,P,0.0875,0.0915,0.0892,84464.94,84454.46,0.6433,-0.99978,0.0,0.02646,0.0,0.0
2026-09-23T19:33:40Z,2026-09-24,1,93000.0,C,0.0,0.0001,0.0,84464.94,84454.46,0.6498999999999999,4e-05,0.0,0.00585,44.7,34.5
2026-09-23T19:33:40Z,2026-09-24,1,93000.0,P,0.099,0.104,0.101,84464.94,84454.46,0.6498999999999999,-0.99996,0.0,0.00585,0.0,0.0
2026-09-23T19:33:40Z,2026-09-24,1,94000.0,C,0.0,0.0001,0.0,84464.94,84454.46,0.6878,2e-05,0.0,0.00268,60.9,16.1
2026-09-23T19:33:40Z,2026-09-24,1,94000.0,P,0.111,0.1155,0.1129,84464.94,84454.46,0.6878,-0.99998,0.0,0.00268,0.0,0.0
2026-09-23T19:33:40Z,2026-09-24,1,95000.0,C,0.0,0.0001,0.0,84464.94,84454.46,0.7591,2e-05,0.0,0.00289,22.0,6.8
2026-09-23T19:33:40Z,2026-09-24,1,95000.0,P,0.123,0.1265,0.1247,84464.94,84454.46,0.7591,-0.99998,0.0,0.00289,0.0,0.0
2026-09-23T19:33:40Z,2026-09-25,2,30000.0,C,0.644,0.6455,0.645,84510.34,84454.46,1.3446,1.0,0.0,0.0,135.5,0.0
2026-09-23T19:33:40Z,2026-09-25,2,30000.0,P,0.0,0.0001,0.0,84510.65,84454.46,1.3446,0.0,0.0,0.0,2959.5,0.0
2026-09-23T19:33:40Z,2026-09-25,2,35000.0,C,0.585,0.5865,0.5859,84510.34,84454.46,1.3446,1.0,0.0,0.0,29.3,0.0
2026-09-23T19:33:40Z,2026-09-25,2,35000.0,P,0.0,0.0001,0.0,84510.65,84454.46,1.3446,0.0,0.0,0.0,1209.4,0.0
2026-09-23T19:33:40Z,2026-09-25,2,40000.0,C,0.526,0.5275,0.5267,84510.34,84454.46,1.3446,1.0,0.0,0.0,34.4,0.0
2026-09-23T19:33:40Z,2026-09-25,2,40000.0,P,0.0,0.0001,0.0,84510.34,84454.46,1.3446,0.0,0.0,0.0,2813.0,61.6
2026-09-23T19:33:40Z,2026-09-25,2,45000.0,C,0.4665,0.4685,0.4675,84510.34,84454.46,1.3446,1.0,0.0,0.0,164.9,0.0
2026-09-23T19:33:40Z,2026-09-25,2,45000.0,P,0.0,0.0001,0.0,84510.34,84454.46,1.3446,0.0,0.0,0.0,2166.8,60.5
2026-09-23T19:33:40Z,2026-09-25,2,50000.0,C,0.4075,0.409,0.4084,84510.34,84454.46,1.3446,1.0,0.0,0.0,30.1,0.0
2026-09-23T19:33:40Z,2026-09-25,2,50000.0,P,0.0,0.0001,0.0,84510.34,84454.46,1.3446,0.0,0.0,0.0,3812.0,15.1
2026-09-23T19:33:40Z,2026-09-25,2,52000.0,C,0.3835,0.3855,0.3847,84510.65,84454.46,1.3446,1.0,0.0,0.0,150.2,0.0
2026-09-23T19:33:40Z,2026-09-25,2,52000.0,P,0.0,0.0001,0.0,84510.65,84454.46,1.3446,0.0,0.0,0.0,1209.3,23.0
2026-09-23T19:33:40Z,2026-09-25,2,54000.0,C,0.3595,0.362,0.361,84510.45,84454.46,1.3446,1.0,0.0,3e-05,4.4,3.0
2026-09-23T19:33:40Z,2026-09-25,2,54000.0,P,0.0,0.0001,0.0,84510.02,84454.46,1.3446,0.0,0.0,3e-05,884.9,98.0
2026-09-23T19:33:40Z,2026-09-25,2,55000.0,C,0.348,0.35,0.3492,84510.45,84454.46,1.3446,1.0,0.0,8e-05,105.8,0.0
2026-09-23T19:33:40Z,2026-09-25,2,55000.0,P,0.0,0.0001,0.0,84510.02,84454.46,1.3446,0.0,0.0,8e-05,2983.3,38.0
2026-09-23T19:33:40Z,2026-09-25,2,56000.0,C,0.3365,0.338,0.3374,84510.02,84454.46,1.3446,1.0,0.0,0.00023,13.4,0.0
2026-09-23T19:33:40Z,2026-09-25,2,56000.0,P,0.0,0.0001,0.0,84510.02,84454.46,1.3446,0.0,0.0,0.00023,1776.7,33.0
2026-09-23T19:33:40Z,2026-09-25,2,58000.0,C,0.3125,0.3145,0.3137,84510.02,84454.46,1.3446,0.99999,0.0,0.00146,460.5,0.0
2026-09-23T19:33:40Z,2026-09-25,2,58000.0,P,0.0,0.0001,0.0,84510.02,84454.46,1.3446,-1e-05,0.0,0.00146,1367.5,63.0
2026-09-23T19:33:40Z,2026-09-25,2,60000.0,C,0.289,0.291,0.29,84510.02,84454.46,1.3446,0.99997,0.0,0.00749,746.4,89.4
2026-09-23T19:33:40Z,2026-09-25,2,60000.0,P,0.0,0.0001,0.0,84510.45,84454.46,1.3446,-3e-05,0.0,0.00748,5571.3,145.1
2026-09-23T19:33:40Z,2026-09-25,2,62000.0,C,0.265,0.2675,0.2664,84510.45,84454.46,1.3437000000000001,0.99985,0.0,0.03128,472.1,125.2
2026-09-23T19:33:40Z,2026-09-25,2,62000.0,P,0.0,0.0001,0.0,84510.02,84454.46,1.3437000000000001,-0.00015,0.0,0.03128,1536.9,158.6
2026-09-23T19:33:40Z,2026-09-25,2,64000.0,C,0.2415,0.2435,0.2427,84510.02,84454.46,1.3437000000000001,0.99943,0.0,0.11011,457.7,191.0
2026-09-23T19:33:40Z,2026-09-25,2,64000.0,P,0.0,0.0001,0.0,84510.02,84454.46,1.3437000000000001,-0.00057,0.0,0.11011,1655.1,98.0
2026-09-23T19:33:40Z,2026-09-25,2,65000.0,C,0.2295,0.232,0.2309,84510.02,84454.46,1.3412,0.99896,0.0,0.19064,1086.7,161.9
2026-09-23T19:33:40Z,2026-09-25,2,65000.0,P,0.0,0.0001,0.0,84510.02,84454.46,1.3412,-0.00104,0.0,0.19064,1103.8,177.2
2026-09-23T19:33:40Z,2026-09-25,2,66000.0,C,0.218,0.22,0.2191,84510.02,84454.46,1.2972,0.99864,0.0,0.24383,883.4,92.8
2026-09-23T19:33:40Z,2026-09-25,2,66000.0,P,0.0,0.0001,0.0,84510.02,84454.46,1.2972,-0.00136,0.0,0.24383,1763.8,116.7
2026-09-23T19:33:40Z,2026-09-25,2,68000.0,C,0.194,0.1965,0.1954,84510.45,84454.46,1.2119,0.9976,0.0,0.40753,690.7,183.9
2026-09-23T19:33:40Z,2026-09-25,2,68000.0,P,0.0,0.0001,0.0001,84510.02,84454.46,1.2119,-0.0024,0.0,0.40761,2561.0,222.0
2026-09-23T19:33:40Z,2026-09-25,2,70000.0,C,0.1705,0.173,0.1718,84509.44,84454.46,1.1120999999999999,0.99612,0.0,0.6282,8705.2,307.9
2026-09-23T19:33:40Z,2026-09-25,2,70000.0,P,0.0,0.0001,0.0001,84509.96,84454.46,1.1120999999999999,-0.00388,0.0,0.62806,7652.6,565.7
2026-09-23T19:33:40Z,2026-09-25,2,72000.0,C,0.147,0.149,0.1482,84509.44,84454.46,1.0173999999999999,0.99332,0.0,1.01847,2877.7,418.0
2026-09-23T19:33:40Z,2026-09-25,2,72000.0,P,0.0001,0.0002,0.0001,84509.96,84454.46,1.0173999999999999,-0.00667,0.0,1.01824,2672.4,178.0
2026-09-23T19:33:40Z,2026-09-25,2,73000.0,C,0.135,0.1375,0.1364,84509.96,84454.46,0.9592,0.99175,0.0,1.22739,23.0,25.2
2026-09-23T19:33:40Z,2026-09-25,2,73000.0,P,0.0001,0.0003,0.0002,84509.44,84454.46,0.9592,-0.00825,0.0,1.22768,1692.7,302.8
2026-09-23T19:33:40Z,2026-09-25,2,74000.0,C,0.123,0.1255,0.1246,84509.44,84454.46,0.9351999999999999,0.98719,1e-05,1.80084,967.4,311.5
2026-09-23T19:33:40Z,2026-09-25,2,74000.0,P,0.0002,0.0003,0.0003,84509.96,84454.46,0.9351999999999999,-0.0128,1e-05,1.80045,1905.4,132.8
2026-09-23T19:33:40Z,2026-09-25,2,75000.0,C,0.1115,0.114,0.1128,84509.44,84454.46,0.857,0.98565,1e-05,1.98646,2101.5,816.8
2026-09-23T19:33:40Z,2026-09-25,2,75000.0,P,0.0002,0.0004,0.0003,84509.44,84454.46,0.857,-0.01435,1e-05,1.98646,4256.5,401.1
2026-09-23T19:33:40Z,2026-09-25,2,76000.0,C,0.0995,0.102,0.1011,84509.96,84454.46,0.8079999999999999,0.98044,1e-05,2.58944,2156.6,242.4
2026-09-23T19:33:40Z,2026-09-25,2,76000.0,P,0.0003,0.0005,0.0004,84509.96,84454.46,0.8079999999999999,-0.01956,1e-05,2.58944,1374.2,31.4
2026-09-23T19:33:40Z,2026-09-25,2,77000.0,C,0.088,0.0905,0.0894,84509.44,84454.46,0.7581,0.97307,2e-05,3.38989,507.4,69.8
2026-09-23T19:33:40Z,2026-09-25,2,77000.0,P,0.0004,0.0006,0.0005,84509.96,84454.46,0.7581,-0.02692,2e-05,3.38909,1237.4,27.9
2026-09-23T19:33:40Z,2026-09-25,2,78000.0,C,0.0765,0.0785,0.0777,84509.44,84454.46,0.7029000000000001,0.96334,2e-05,4.37395,4374.6,334.1
2026-09-23T19:33:40Z,2026-09-25,2,78000.0,P,0.0005,0.0008,0.0007,84509.44,84454.46,0.7029000000000001,-0.03666,2e-05,4.37395,2513.4,235.1
2026-09-23T19:33:40Z,2026-09-25,2,79000.0,C,0.0645,0.067,0.0661,84509.44,84454.46,0.6503,0.94829,3e-05,5.77308,2773.8,47.7
2026-09-23T19:33:40Z,2026-09-25,2,79000.0,P,0.0008,0.001,0.0009,84509.44,84454.46,0.6503,-0.05171,3e-05,5.77308,2880.5,213.2
2026-09-23T19:33:40Z,2026-09-25,2,80000.0,C,0.0535,0.0555,0.0545,84509.44,84454.46,0.5820000000000001,0.93055,4e-05,7.27378,6229.9,68.9
2026-09-23T19:33:40Z,2026-09-25,2,80000.0,P,0.0011,0.0012,0.0012,84509.44,84454.46,0.5820000000000001,-0.06945,4e-05,7.27378,3902.5,2004.4
2026-09-23T19:33:40Z,2026-09-25,2,81000.0,C,0.042,0.0445,0.0431,84509.08,84454.46,0.5153,0.90195,6e-05,9.42827,3215.4,287.1
2026-09-23T19:33:40Z,2026-09-25,2,81000.0,P,0.0014,0.0017,0.0016,84509.08,84454.46,0.5153,-0.09805,6e-05,9.42827,1894.9,1145.6
2026-09-23T19:33:40Z,2026-09-25,2,82000.0,C,0.0305,0.033,0.0319,84509.46,84454.46,0.4474,0.85522,9e-05,12.40938,4248.3,217.6
2026-09-23T19:33:40Z,2026-09-25,2,82000.0,P,0.002,0.0024,0.0022,84509.08,84454.46,0.4474,-0.14482,9e-05,12.41138,1187.9,592.5
2026-09-23T19:33:40Z,2026-09-25,2,83000.0,C,0.0205,0.0225,0.0215,84509.08,84454.46,0.397,0.76318,0.00014,16.81959,1548.7,50.9
2026-09-23T19:33:40Z,2026-09-25,2,83000.0,P,0.0035,0.0038,0.0036,84509.08,84454.46,0.397,-0.23682,0.00014,16.81959,1164.4,442.0
2026-09-23T19:33:40Z,2026-09-25,2,83500.0,C,0.016,0.018,0.0169,84509.08,84454.46,0.3833,0.69086,0.00017,19.20403,0.0,0.0
2026-09-23T19:33:40Z,2026-09-25,2,83500.0,P,0.0046,0.005,0.005,84509.08,84454.46,0.3833,-0.30914,0.00017,19.20403,2.4,2.4
2026-09-23T19:33:40Z,2026-09-25,2,84000.0,C,0.012,0.0135,0.0127,84509.46,84454.46,0.3657,0.60573,0.00019,20.97455,3436.8,551.1
2026-09-23T19:33:40Z,2026-09-25,2,84000.0,P,0.0065,0.007,0.0067,84509.08,84454.46,0.3657,-0.39434,0.00019,20.97553,1560.1,352.9
2026-09-23T19:33:40Z,2026-09-25,2,84500.0,C,0.009,0.0095,0.0093,84509.08,84454.46,0.3602,0.50648,0.0002,21.7397,20.7,20.9
2026-09-23T19:33:40Z,2026-09-25,2,84500.0,P,0.0085,0.0095,0.0092,84509.08,84454.46,0.3602,-0.49352,0.0002,21.7397,10.1,10.1
2026-09-23T19:33:40Z,2026-09-25,2,85000.0,C,0.006,0.007,0.0065,84509.46,84454.46,0.35350000000000004,0.40421,0.0002,21.11288,6699.0,223.6
2026-09-23T19:33:40Z,2026-09-25,2,85000.0,P,0.012,0.013,0.0123,84509.08,84454.46,0.35350000000000004,-0.59586,0.0002,21.11178,1479.2,124.4
2026-09-23T19:33:40Z,2026-09-25,2,85500.0,C,0.0042,0.0046,0.0045,84509.08,84454.46,0.3543,0.30897,0.00018,19.19965,0.0,0.0
2026-09-23T19:33:40Z,2026-09-25,2,85500.0,P,0.015,0.017,0.0162,84509.08,84454.46,0.3543,-0.69103,0.00018,19.19965,5.5,5.5
2026-09-23T19:33:40Z,2026-09-25,2,86000.0,C,0.0028,0.0032,0.0031,84509.11,84454.46,0.36,0.22917,0.00015,16.51562,1914.7,514.6
2026-09-23T19:33:40Z,2026-09-25,2,86000.0,P,0.0195,0.0215,0.0207,84509.11,84454.46,0.36,-0.77083,0.00015,16.51562,957.1,184.7
2026-09-23T19:33:40Z,2026-09-25,2,87000.0,C,0.0013,0.0016,0.0015,84508.15,84454.46,0.3843,0.123,0.0001,11.09295,380.3,110.2
2026-09-23T19:33:40Z,2026-09-25,2,87000.0,P,0.0295,0.0325,0.031,84509.11,84454.46,0.3843,-0.87691,0.0001,11.09898,343.9,231.0
2026-09-23T19:33:40Z,2026-09-25,2,88000.0,C,0.0007,0.0009,0.0008,84508.15,84454.46,0.4194,0.06896,6e-05,7.23339,1450.3,399.3
2026-09-23T19:33:40Z,2026-09-25,2,88000.0,P,0.041,0.0435,0.0421,84509.11,84454.46,0.4194,-0.93099,6e-05,7.23798,7.1,0.3
2026-09-23T19:33:40Z,2026-09-25,2,89000.0,C,0.0004,0.0006,0.0005,84509.11,84454.46,0.4635,0.04298,4e-05,4.9781,258.2,311.2
2026-09-23T19:33:40Z,2026-09-25,2,89000.0,P,0.052,0.056,0.0537,84509.11,84454.46,0.4635,-0.95702,4e-05,4.9781,0.0,0.0
2026-09-23T19:33:40Z,2026-09-25,2,90000.0,C,0.0003,0.0004,0.0003,84508.15,84454.46,0.5069,0.02808,2e-05,3.51032,7222.1,1383.0
2026-09-23T19:33:40Z,2026-09-25,2,90000.0,P,0.064,0.067,0.0653,84508.15,84454.46,0.5069,-0.97192,2e-05,3.51032,558.8,1.2
2026-09-23T19:33:40Z,2026-09-25,2,92000.0,C,0.0001,0.0003,0.0002,84509.11,84454.46,0.5992999999999999,0.01471,1e-05,2.02905,1056.6,259.8
2026-09-23T19:33:40Z,2026-09-25,2,92000.0,P,0.0875,0.091,0.0888,84508.15,84454.46,0.5992999999999999,-0.98531,1e-05,2.02773,7.6,0.0
2026-09-23T19:33:40Z,2026-09-25,2,94000.0,C,0.0001,0.0002,0.0001,84508.15,84454.46,0.6939,0.00923,1e-05,1.3539,1146.2,286.8
2026-09-23T19:33:40Z,2026-09-25,2,94000.0,P,0.1105,0.115,0.1124,84509.11,84454.46,0.6939,-0.99077,1e-05,1.35472,1.9,0.0
2026-09-23T19:33:40Z,2026-09-25,2,95000.0,C,0.0,0.0002,0.0001,84508.15,84454.46,0.7614,0.00917,1e-05,1.34627,4949.5,181.1
2026-09-23T19:33:40Z,2026-09-25,2,95000.0,P,0.123,0.126,0.1243,84508.15,84454.46,0.7614,-0.99083,1e-05,1.34627,147.9,0.1
2026-09-23T19:33:40Z,2026-09-25,2,96000.0,C,0.0,0.0002,0.0001,84509.11,84454.46,0.8184,0.00844,1e-05,1.2524,2147.8,40.9
2026-09-23T19:33:40Z,2026-09-25,2,96000.0,P,0.134,0.1385,0.1361,84509.11,84454.46,0.8184,-0.99156,1e-05,1.2524,1.0,0.0
2026-09-23T19:33:40Z,2026-09-25,2,98000.0,C,0.0,0.0001,0.0,84509.11,84454.46,0.8223,0.00283,0.0,0.47369,1025.2,9.7
2026-09-23T19:33:40Z,2026-09-25,2,98000.0,P,0.158,0.162,0.1597,84508.15,84454.46,0.8223,-0.99717,0.0,0.4734,0.1,0.0
2026-09-23T19:33:40Z,2026-09-25,2,100000.0,C,0.0,0.0001,0.0,84507.79,84454.46,0.8231999999999999,0.00083,0.0,0.15504,6950.4,54.1
2026-09-23T19:33:40Z,2026-09-25,2,100000.0,P,0.182,0.1855,0.1833,84508.13,84454.46,0.8231999999999999,-0.99917,0.0,0.15508,331.2,0.0
2026-09-23T19:33:40Z,2026-09-25,2,102000.0,C,0.0,0.0001,0.0,84507.79,84454.46,0.8643000000000001,0.00041,0.0,0.08025,462.1,20.0
2026-09-23T19:33:40Z,2026-09-25,2,102000.0,P,0.2055,0.209,0.207,84507.79,84454.46,0.8643000000000001,-0.99959,0.0,0.08025,6.1,0.0
2026-09-23T19:33:40Z,2026-09-25,2,105000.0,C,0.0,0.0001,0.0,84507.79,84454.46,0.8663,6e-05,0.0,0.01273,1570.4,0.1
2026-09-23T19:33:40Z,2026-09-25,2,105000.0,P,0.241,0.2445,0.2425,84508.13,84454.46,0.8663,-0.99994,0.0,0.01274,105.2,0.2
2026-09-23T19:33:40Z,2026-09-25,2,110000.0,C,0.0,0.0001,0.0,84507.79,84454.46,0.9499,1e-05,0.0,0.00236,1468.6,0.0
2026-09-23T19:33:40Z,2026-09-25,2,110000.0,P,0.3,0.3035,0.3016,84507.79,84454.46,0.9499,-0.99999,0.0,0.00236,182.3,0.0
2026-09-23T19:33:40Z,2026-09-25,2,115000.0,C,0.0,0.0001,0.0,84508.13,84454.46,1.0463,0.0,0.0,0.00075,2153.8,0.0
2026-09-23T19:33:40Z,2026-09-25,2,115000.0,P,0.359,0.363,0.3608,84507.79,84454.46,1.0463,-1.0,0.0,0.00075,92.4,0.7
2026-09-23T19:33:40Z,2026-09-25,2,120000.0,C,0.0,0.0001,0.0,84507.79,84454.46,1.0798999999999999,0.0,0.0,8e-05,1351.5,0.0
2026-09-23T19:33:40Z,2026-09-25,2,120000.0,P,0.4185,0.422,0.42,84507.79,84454.46,1.0798999999999999,-1.0,0.0,8e-05,173.7,2.3
2026-09-23T19:33:40Z,2026-09-25,2,125000.0,C,0.0,0.0001,0.0,84508.13,84454.46,1.0798999999999999,0.0,0.0,0.0,2384.7,0.0
2026-09-23T19:33:40Z,2026-09-25,2,125000.0,P,0.4775,0.4815,0.4791,84507.79,84454.46,1.0798999999999999,-1.0,0.0,0.0,20.4,0.0
2026-09-23T19:33:40Z,2026-09-25,2,130000.0,C,0.0,0.0001,0.0,84507.79,84454.46,1.0798999999999999,0.0,0.0,0.0,1509.0,0.0
2026-09-23T19:33:40Z,2026-09-25,2,130000.0,P,0.535,0.5415,0.5383,84507.79,84454.46,1.0798999999999999,-1.0,0.0,0.0,21.4,0.0
2026-09-23T19:33:40Z,2026-09-25,2,135000.0,C,0.0,0.0001,0.0,84507.79,84454.46,1.0798999999999999,0.0,0.0,0.0,493.0,0.0
2026-09-23T19:33:40Z,2026-09-25,2,135000.0,P,0.595,0.6005,0.5975,84508.13,84454.46,1.0798999999999999,-1.0,0.0,0.0,11.5,0.0
2026-09-23T19:33:40Z,2026-09-25,2,140000.0,C,0.0,0.0001,0.0,84507.79,84454.46,1.0798999999999999,0.0,0.0,0.0,1208.1,0.0
2026-09-23T19:33:40Z,2026-09-25,2,140000.0,P,0.6535,0.66,0.6567,84507.41,84454.46,1.0798999999999999,-1.0,0.0,0.0,1.4,0.0
2026-09-23T19:33:40Z,2026-09-25,2,145000.0,C,0.0,0.0001,0.0,84507.86,84454.46,1.0798999999999999,0.0,0.0,0.0,519.2,0.0
2026-09-23T19:33:40Z,2026-09-25,2,145000.0,P,0.7125,0.719,0.7158,84507.86,84454.46,1.0798999999999999,-1.0,0.0,0.0,4.4,0.0
2026-09-23T19:33:40Z,2026-09-25,2,150000.0,C,0.0,0.0001,0.0,84507.86,84454.46,1.0798999999999999,0.0,0.0,0.0,780.5,0.0
2026-09-23T19:33:40Z,2026-09-25,2,150000.0,P,0.7715,0.7785,0.775,84507.41,84454.46,1.0798999999999999,-1.0,0.0,0.0,40.5,0.0
2026-09-23T19:33:40Z,2026-09-25,2,155000.0,C,0.0,0.0001,0.0,84507.86,84454.46,1.0798999999999999,0.0,0.0,0.0,378.0,0.0
2026-09-23T19:33:40Z,2026-09-25,2,155000.0,P,0.831,0.838,0.8342,84507.41,84454.46,1.0798999999999999,-1.0,0.0,0.0,0.1,0.0
2026-09-23T19:33:40Z,2026-09-25,2,160000.0,C,0.0,0.0001,0.0,84507.41,84454.46,1.0798999999999999,0.0,0.0,0.0,1498.4,0.0
2026-09-23T19:33:40Z,2026-09-25,2,160000.0,P,0.89,0.898,0.8933,84507.41,84454.46,1.0798999999999999,-1.0,0.0,0.0,0.6,0.0
2026-09-23T19:33:40Z,2026-09-25,2,165000.0,C,0.0,0.0001,0.0,84507.41,84454.46,1.0798999999999999,0.0,0.0,0.0,266.6,0.0
2026-09-23T19:33:40Z,2026-09-25,2,165000.0,P,0.9495,0.9565,0.9525,84507.41,84454.46,1.0798999999999999,-1.0,0.0,0.0,0.0,0.0
2026-09-23T19:33:40Z,2026-09-25,2,170000.0,C,0.0,0.0001,0.0,84507.86,84454.46,1.0798999999999999,0.0,0.0,0.0,444.9,0.0
2026-09-23T19:33:40Z,2026-09-25,2,170000.0,P,1.0085,1.0165,1.0116,84507.41,84454.46,1.0798999999999999,-1.0,0.0,0.0,0.0,0.0
2026-09-23T19:33:40Z,2026-09-25,2,175000.0,C,0.0,0.0001,0.0,84507.41,84454.46,1.0798999999999999,0.0,0.0,0.0,1904.8,0.0
2026-09-23T19:33:40Z,2026-09-25,2,175000.0,P,1.0675,1.076,1.0708,84507.41,84454.46,1.0798999999999999,-1.0,0.0,0.0,0.2,0.0
2026-09-23T19:33:40Z,2026-09-25,2,180000.0,C,0.0,0.0001,0.0,84507.41,84454.46,1.0798999999999999,0.0,0.0,0.0,792.3,0.0
2026-09-23T19:33:40Z,2026-09-25,2,180000.0,P,1.1255,1.1355,1.13,84507.41,84454.46,1.0798999999999999,-1.0,0.0,0.0,10.5,0.0
2026-09-23T19:33:40Z,2026-09-25,2,190000.0,C,0.0,0.0001,0.0,84507.86,84454.46,1.0798999999999999,0.0,0.0,0.0,762.1,0.0
2026-09-23T19:33:40Z,2026-09-25,2,190000.0,P,1.2435,1.254,1.2483,84507.86,84454.46,1.0798999999999999,-1.0,0.0,0.0,0.0,0.0
2026-09-23T19:33:40Z,2026-09-25,2,200000.0,C,0.0,0.0001,0.0,84507.41,84454.46,1.0801,0.0,0.0,0.0,1018.5,0.0
2026-09-23T19:33:40Z,2026-09-25,2,200000.0,P,1.362,1.373,1.3667,84509.11,84454.46,1.0801,-1.0,0.0,0.0,3.2,0.0
2026-09-23T19:33:40Z,2026-09-25,2,220000.0,C,0.0,0.0001,0.0,84507.5,84454.46,1.0852,0.0,0.0,0.0,241.9,0.0
2026-09-23T19:33:40Z,2026-09-25,2,220000.0,P,1.5985,1.6115,1.6033,84507.5,84454.46,1.0852,-1.0,0.0,0.0,27.7,0.0
2026-09-23T19:33:40Z,2026-09-25,2,240000.0,C,0.0,0.0001,0.0,84509.11,84454.46,1.1554,0.0,0.0,0.0,211.9,0.0
2026-09-23T19:33:40Z,2026-09-25,2,240000.0,P,1.8335,1.847,1.84,84509.11,84454.46,1.1554,-1.0,0.0,0.0,0.3,0.0
2026-09-23T19:33:40Z,2026-09-25,2,260000.0,C,0.0,0.0001,0.0,84509.11,84454.46,1.2309,0.0,0.0,0.0,293.3,0.0
2026-09-23T19:33:40Z,2026-09-25,2,260000.0,P,2.071,2.085,2.0767,84509.11,84454.46,1.2309,-1.0,0.0,0.0,2.6,0.0
2026-09-23T19:33:40Z,2026-09-25,2,280000.0,C,0.0,0.0001,0.0,84507.5,84454.46,1.2987,0.0,0.0,0.0,76.1,0.0
2026-09-23T19:33:40Z,2026-09-25,2,280000.0,P,2.3075,2.323,2.3133,84509.11,84454.46,1.2987,-1.0,0.0,0.0,0.0,0.0
2026-09-23T19:33:40Z,2026-09-25,2,300000.0,C,0.0,0.0001,0.0,84507.5,84454.46,1.3629,0.0,0.0,0.0,196.3,0.0
2026-09-23T19:33:40Z,2026-09-25,2,300000.0,P,2.542,2.562,2.55,84509.11,84454.46,1.3629,-1.0,0.0,0.0,0.0,0.0
2026-09-23T19:33:40Z,2026-09-25,2,320000.0,C,0.0,0.0001,0.0,84509.11,84454.46,1.4009,0.0,0.0,0.0,304.6,0.0
2026-09-23T19:33:40Z,2026-09-25,2,320000.0,P,2.777,2.7975,2.7867,84509.11,84454.46,1.4009,-1.0,0.0,0.0,25.1,0.0
2026-09-23T19:33:40Z,2026-09-26,3,76000.0,C,0.0995,0.103,0.1014,84519.4,84454.46,0.6703,0.97358,1e-05,4.29745,0.0,0.0
2026-09-23T19:33:40Z,2026-09-26,3,76000.0,P,0.0005,0.0007,0.0006,84519.4,84454.46,0.6703,-0.02642,1e-05,4.29745,55.4,59.4
2026-09-23T19:33:40Z,2026-09-26,3,77000.0,C,0.088,0.0915,0.0897,84519.5,84454.46,0.6246,0.96577,2e-05,5.32586,0.0,0.0
2026-09-23T19:33:40Z,2026-09-26,3,77000.0,P,0.0006,0.0009,0.0007,84521.94,84454.46,0.6246,-0.03419,2e-05,5.32062,20.7,37.2
2026-09-23T19:33:40Z,2026-09-26,3,78000.0,C,0.076,0.0795,0.078,84521.94,84454.46,0.5775,0.95525,2e-05,6.62413,0.0,0.0
2026-09-23T19:33:40Z,2026-09-26,3,78000.0,P,0.0008,0.001,0.0009,84519.5,84454.46,0.5775,-0.0448,2e-05,6.63071,9.9,6.9
2026-09-23T19:33:40Z,2026-09-26,3,79000.0,C,0.0645,0.068,0.0664,84519.5,84454.46,0.5264,0.94138,3e-05,8.21185,0.0,0.0
2026-09-23T19:33:40Z,2026-09-26,3,79000.0,P,0.001,0.0013,0.0011,84521.94,84454.46,0.5264,-0.05855,3e-05,8.20359,4.5,0.5
2026-09-23T19:33:40Z,2026-09-26,3,80000.0,C,0.053,0.0565,0.055,84521.94,84454.46,0.4807,0.91882,4e-05,10.55315,0.0,0.0
2026-09-23T19:33:40Z,2026-09-26,3,80000.0,P,0.0013,0.0017,0.0015,84521.94,84454.46,0.4807,-0.08118,4e-05,10.55315,83.6,89.2
2026-09-23T19:33:40Z,2026-09-26,3,81000.0,C,0.042,0.0455,0.0438,84521.94,84454.46,0.4387,0.88222,6e-05,13.85917,0.0,0.0
2026-09-23T19:33:40Z,2026-09-26,3,81000.0,P,0.0019,0.0024,0.0021,84521.94,84454.46,0.4387,-0.11778,6e-05,13.85917,68.7,54.1
2026-09-23T19:33:40Z,2026-09-26,3,81500.0,C,0.0365,0.04,0.0384,84521.94,84454.46,0.42119999999999996,0.85503,8e-05,15.99862,0.0,0.0
2026-09-23T19:33:40Z,2026-09-26,3,81500.0,P,0.0024,0.0029,0.0027,84519.5,84454.46,0.42119999999999996,-0.14516,8e-05,16.01213,0.0,0.0
2026-09-23T19:33:40Z,2026-09-26,3,82000.0,C,0.0315,0.035,0.0331,84519.5,84454.46,0.40409999999999996,0.82081,9e-05,18.36839,0.0,0.0
2026-09-23T19:33:40Z,2026-09-26,3,82000.0,P,0.0031,0.0035,0.0033,84521.94,84454.46,0.40409999999999996,-0.17896,9e-05,18.35441,32.7,24.8
2026-09-23T19:33:40Z,2026-09-26,3,82500.0,C,0.027,0.029,0.0281,84519.5,84454.46,0.39039999999999997,0.77697,0.00011,20.94914,0.0,0.0
2026-09-23T19:33:40Z,2026-09-26,3,82500.0,P,0.004,0.0045,0.0042,84521.94,84454.46,0.39039999999999997,-0.22276,0.00011,20.93553,21.6,17.7
2026-09-23T19:33:40Z,2026-09-26,3,83000.0,C,0.0225,0.0245,0.0234,84521.94,84454.46,0.3772,0.72427,0.00013,23.45519,0.0,0.0
2026-09-23T19:33:40Z,2026-09-26,3,83000.0,P,0.005,0.006,0.0054,84519.5,84454.46,0.3772,-0.27603,0.00013,23.46738,228.6,1.4
2026-09-23T19:33:40Z,2026-09-26,3,83500.0,C,0.018,0.02,0.0191,84521.94,84454.46,0.36939999999999995,0.65978,0.00014,25.72955,0.9,0.9
2026-09-23T19:33:40Z,2026-09-26,3,83500.0,P,0.0065,0.0075,0.0071,84519.5,84454.46,0.36939999999999995,-0.34057,0.00014,25.73877,37.0,27.8
2026-09-23T19:33:40Z,2026-09-26,3,84000.0,C,0.0145,0.016,0.0154,84522.0,84454.46,0.36579999999999996,0.58671,0.00015,27.34284,8.2,11.8
2026-09-23T19:33:40Z,2026-09-26,3,84000.0,P,0.0085,0.0095,0.0092,84523.39,84454.46,0.36579999999999996,-0.41308,0.00015,27.34005,89.3,83.5
2026-09-23T19:33:40Z,2026-09-26,3,84500.0,C,0.0115,0.0125,0.0119,84522.0,84454.46,0.35609999999999997,0.50941,0.00016,27.99917,15.2,15.2
2026-09-23T19:33:40Z,2026-09-26,3,84500.0,P,0.011,0.012,0.0117,84523.39,84454.46,0.35609999999999997,-0.49037,0.00016,27.99926,7.8,5.7
2026-09-23T19:33:40Z,2026-09-26,3,85000.0,C,0.0085,0.0095,0.0092,84523.39,84454.46,0.35509999999999997,0.43018,0.00016,27.57742,48.5,54.9
2026-09-23T19:33:40Z,2026-09-26,3,85000.0,P,0.0145,0.0155,0.0148,84523.39,84454.46,0.35509999999999997,-0.56982,0.00016,27.57742,9.1,6.1
2026-09-23T19:33:40Z,2026-09-26,3,85500.0,C,0.0065,0.007,0.0069,84523.39,84454.46,0.3529,0.35298,0.00015,26.08325,1.1,1.1
2026-09-23T19:33:40Z,2026-09-26,3,85500.0,P,0.0175,0.0195,0.0184,84522.0,84454.46,0.3529,-0.64723,0.00015,26.0773,16.2,8.3
2026-09-23T19:33:40Z,2026-09-26,3,86000.0,C,0.0048,0.0055,0.0052,84522.0,84454.46,0.3591,0.28558,0.00013,23.85708,15.8,15.8
2026-09-23T19:33:40Z,2026-09-26,3,86000.0,P,0.0215,0.0235,0.0227,84523.39,84454.46,0.3591,-0.71423,0.00013,23.86492,581.2,434.5
2026-09-23T19:33:40Z,2026-09-26,3,86500.0,C,0.0035,0.004,0.0038,84522.0,84454.46,0.3592,0.22349,0.00012,20.97443,18.9,14.7
2026-09-23T19:33:40Z,2026-09-26,3,86500.0,P,0.0255,0.029,0.0272,84523.39,84454.46,0.3592,-0.77635,0.00012,20.98357,77.7,80.8
2026-09-23T19:33:40Z,2026-09-26,3,87000.0,C,0.0025,0.0029,0.0028,84523.39,84454.46,0.3644,0.17387,0.0001,18.02227,32.1,38.1
2026-09-23T19:33:40Z,2026-09-26,3,87000.0,P,0.0305,0.034,0.0321,84523.39,84454.46,0.3644,-0.82613,0.0001,18.02227,1.4,1.4
2026-09-23T19:33:40Z,2026-09-26,3,87500.0,C,0.0019,0.0022,0.0021,84523.39,84454.46,0.3721,0.13471,8e-05,15.21978,39.5,39.7
2026-09-23T19:33:40Z,2026-09-26,3,87500.0,P,0.0355,0.0395,0.0373,84523.39,84454.46,0.3721,-0.86529,8e-05,15.21978,2.5,2.5
2026-09-23T19:33:40Z,2026-09-26,3,88000.0,C,0.0014,0.0017,0.0016,84523.39,84454.46,0.3809,0.10415,7e-05,12.69109,28.7,28.9
2026-09-23T19:33:40Z,2026-09-26,3,88000.0,P,0.041,0.0445,0.0427,84523.39,84454.46,0.3809,-0.89585,7e-05,12.69109,0.0,0.0
2026-09-23T19:33:40Z,2026-09-26,3,88500.0,C,0.001,0.0013,0.0012,84523.39,84454.46,0.3895,0.08002,5e-05,10.43929,4.5,6.1
2026-09-23T19:33:40Z,2026-09-26,3,88500.0,P,0.0465,0.0505,0.0482,84523.39,84454.46,0.3895,-0.91998,5e-05,10.43929,0.0,0.0
2026-09-23T19:33:40Z,2026-09-26,3,89000.0,C,0.0008,0.001,0.0009,84521.42,84454.46,0.4044,0.06422,4e-05,8.81865,19.1,22.6
2026-09-23T19:33:40Z,2026-09-26,3,89000.0,P,0.052,0.056,0.0539,84521.42,84454.46,0.4044,-0.93578,4e-05,8.81865,0.0,0.0
2026-09-23T19:33:40Z,2026-09-26,3,89500.0,C,0.0006,0.0008,0.0007,84521.42,84454.46,0.4164,0.05075,4e-05,7.32653,16.0,21.0
2026-09-23T19:33:40Z,2026-09-26,3,89500.0,P,0.058,0.062,0.0596,84521.42,84454.46,0.4164,-0.94925,4e-05,7.32653,0.0,0.0
2026-09-23T19:33:40Z,2026-09-26,3,90000.0,C,0.0005,0.0007,0.0006,84523.41,84454.46,0.4329,0.04201,3e-05,6.29466,14.4,15.6
2026-09-23T19:33:40Z,2026-09-26,3,90000.0,P,0.0635,0.0675,0.0654,84521.42,84454.46,0.4329,-0.95805,3e-05,6.28739,0.0,0.0
2026-09-23T19:33:40Z,2026-09-26,3,91000.0,C,0.0003,0.0005,0.0004,84521.42,84454.46,0.4612,0.02813,2e-05,4.52813,16.0,7.1
2026-09-23T19:33:40Z,2026-09-26,3,91000.0,P,0.075,0.0795,0.077,84523.41,84454.46,0.4612,-0.97183,2e-05,4.53355,0.0,0.0
2026-09-23T19:33:40Z,2026-09-26,3,92000.0,C,0.0002,0.0004,0.0003,84521.42,84454.46,0.49310000000000004,0.02021,1e-05,3.42908,4.3,4.0
2026-09-23T19:33:40Z,2026-09-26,3,92000.0,P,0.087,0.0905,0.0888,84521.42,84454.46,0.49310000000000004,-0.97979,1e-05,3.42908,0.0,0.0
2026-09-23T19:33:40Z,2026-09-26,3,93000.0,C,0.0001,0.0003,0.0002,84523.41,84454.46,0.5144,0.01337,1e-05,2.40706,8.3,2.2
2026-09-23T19:33:40Z,2026-09-26,3,93000.0,P,0.0985,0.103,0.1005,84523.41,84454.46,0.5144,-0.98663,1e-05,2.40706,0.0,0.0
2026-09-23T19:33:40Z,2026-09-26,3,94000.0,C,0.0001,0.0003,0.0002,84521.42,84454.46,0.5602,0.01187,1e-05,2.17246,0.2,4.4
2026-09-23T19:33:40Z,2026-09-26,3,94000.0,P,0.1105,0.115,0.1123,84523.41,84454.46,0.5602,-0.98811,1e-05,2.175,0.0,0.0
2026-09-23T19:33:40Z,2026-09-26,3,95000.0,C,0.0001,0.0002,0.0002,84523.41,84454.46,0.591,0.00924,1e-05,1.74655,0.2,0.1
2026-09-23T19:33:40Z,2026-09-26,3,95000.0,P,0.1225,0.126,0.1241,84521.42,84454.46,0.591,-0.99077,1e-05,1.74454,0.0,0.0
2026-09-23T19:33:40Z,2026-09-26,3,96000.0,C,0.0,0.0002,0.0002,84519.99,84454.46,0.6396999999999999,0.00888,1e-05,1.68668,2.0,1.9
2026-09-23T19:33:40Z,2026-09-26,3,96000.0,P,0.134,0.1385,0.136,84519.99,84454.46,0.6396999999999999,-0.99112,1e-05,1.68668,0.0,0.0
2026-09-23T19:33:40Z,2026-09-27,4,75000.0,C,0.1115,0.115,0.1133,84535.73,84454.46,0.6164000000000001,0.97768,1e-05,4.40974,0.0,0.0
2026-09-23T19:33:40Z,2026-09-27,4,75000.0,P,0.0004,0.0007,0.0005,84535.73,84454.46,0.6164000000000001,-0.02232,1e-05,4.40974,0.1,0.1
2026-09-23T19:33:40Z,2026-09-27,4,76000.0,C,0.0995,0.1035,0.1016,84534.32,84454.46,0.5753,0.97209,1e-05,5.31834,0.0,0.0
2026-09-23T19:33:40Z,2026-09-27,4,76000.0,P,0.0005,0.0008,0.0006,84534.32,84454.46,0.5753,-0.02791,1e-05,5.31834,3.7,3.7
2026-09-23T19:33:40Z,2026-09-27,4,77000.0,C,0.088,0.0915,0.0899,84534.32,84454.46,0.5347,0.96443,2e-05,6.49779,0.0,0.0
2026-09-23T19:33:40Z,2026-09-27,4,77000.0,P,0.0006,0.0009,0.0008,84534.32,84454.46,0.5347,-0.03557,2e-05,6.49779,10.2,10.2
2026-09-23T19:33:40Z,2026-09-27,4,78000.0,C,0.0765,0.08,0.0783,84534.32,84454.46,0.49560000000000004,0.9533,2e-05,8.10488,0.0,0.0
2026-09-23T19:33:40Z,2026-09-27,4,78000.0,P,0.0008,0.0012,0.001,84534.32,84454.46,0.49560000000000004,-0.0467,2e-05,8.10488,0.0,0.0
2026-09-23T19:33:40Z,2026-09-27,4,79000.0,C,0.064,0.0685,0.0667,84535.73,84454.46,0.4506,0.93979,3e-05,9.9129,0.0,0.0
2026-09-23T19:33:40Z,2026-09-27,4,79000.0,P,0.0011,0.0013,0.0012,84534.32,84454.46,0.4506,-0.06025,3e-05,9.91854,8.4,8.4
2026-09-23T19:33:40Z,2026-09-27,4,80000.0,C,0.0525,0.057,0.0552,84534.32,84454.46,0.41369999999999996,0.91586,4e-05,12.81626,1.9,1.9
2026-09-23T19:33:40Z,2026-09-27,4,80000.0,P,0.0014,0.0018,0.0016,84534.32,84454.46,0.41369999999999996,-0.08414,4e-05,12.81626,11.1,11.1
2026-09-23T19:33:40Z,2026-09-27,4,81000.0,C,0.0415,0.046,0.0441,84534.32,84454.46,0.37939999999999996,0.87806,6e-05,16.78992,1.9,1.9
2026-09-23T19:33:40Z,2026-09-27,4,81000.0,P,0.0021,0.0025,0.0023,84534.32,84454.46,0.37939999999999996,-0.12194,6e-05,16.78992,10.1,10.2
2026-09-23T19:33:40Z,2026-09-27,4,81500.0,C,0.036,0.041,0.0387,84535.73,84454.46,0.3642,0.85101,8e-05,19.26387,0.0,0.0
2026-09-23T19:33:40Z,2026-09-27,4,81500.0,P,0.0026,0.003,0.0028,84534.32,84454.46,0.3642,-0.1491,8e-05,19.2729,0.0,0.0
2026-09-23T19:33:40Z,2026-09-27,4,82000.0,C,0.0315,0.0355,0.0335,84534.32,84454.46,0.3518,0.81553,9e-05,22.11362,0.0,0.0
2026-09-23T19:33:40Z,2026-09-27,4,82000.0,P,0.0034,0.0037,0.0035,84534.32,84454.46,0.3518,-0.18447,9e-05,22.11362,5.8,5.8
2026-09-23T19:33:40Z,2026-09-27,4,82500.0,C,0.0275,0.0295,0.0286,84534.32,84454.46,0.3418,0.7712,0.00011,25.12678,0.0,0.0
2026-09-23T19:33:40Z,2026-09-27,4,82500.0,P,0.0043,0.0047,0.0045,84534.32,84454.46,0.3418,-0.2288,0.00011,25.12678,4.5,4.8
2026-09-23T19:33:40Z,2026-09-27,4,83000.0,C,0.023,0.025,0.024,84534.32,84454.46,0.3337,0.71751,0.00012,28.0567,0.0,0.0
2026-09-23T19:33:40Z,2026-09-27,4,83000.0,P,0.0055,0.0065,0.0058,84533.64,84454.46,0.3337,-0.28258,0.00012,28.06067,3.5,3.5
2026-09-23T19:33:40Z,2026-09-27,4,83500.0,C,0.019,0.0205,0.0196,84533.64,84454.46,0.3231,0.6568,0.00014,30.51731,0.0,0.0
2026-09-23T19:33:40Z,2026-09-27,4,83500.0,P,0.007,0.008,0.0074,84533.64,84454.46,0.3231,-0.3432,0.00014,30.51731,2.0,2.0
2026-09-23T19:33:40Z,2026-09-27,4,84000.0,C,0.015,0.0165,0.0159,84533.64,84454.46,0.3197,0.58607,0.00015,32.33529,3.6,3.6
2026-09-23T19:33:40Z,2026-09-27,4,84000.0,P,0.009,0.01,0.0096,84533.64,84454.46,0.3197,-0.41393,0.00015,32.33529,0.8,0.8
2026-09-23T19:33:40Z,2026-09-27,4,84500.0,C,0.012,0.013,0.0126,84533.64,84454.46,0.31620000000000004,0.51131,0.00015,33.09559,0.0,0.0
2026-09-23T19:33:40Z,2026-09-27,4,84500.0,P,0.0115,0.0125,0.0122,84533.64,84454.46,0.31620000000000004,-0.48869,0.00015,33.09559,4.5,4.5
2026-09-23T19:33:40Z,2026-09-27,4,85000.0,C,0.009,0.01,0.0098,84533.64,84454.46,0.3139,0.43521,0.00015,32.67123,6.5,6.5
2026-09-23T19:33:40Z,2026-09-27,4,85000.0,P,0.0145,0.016,0.0153,84533.64,84454.46,0.3139,-0.56479,0.00015,32.67123,3.6,3.6
2026-09-23T19:33:40Z,2026-09-27,4,85500.0,C,0.007,0.0075,0.0074,84533.64,84454.46,0.3115,0.36078,0.00014,31.07189,1.7,1.7
2026-09-23T19:33:40Z,2026-09-27,4,85500.0,P,0.018,0.02,0.0188,84533.64,84454.46,0.3115,-0.63922,0.00014,31.07189,0.6,0.6
2026-09-23T19:33:40Z,2026-09-27,4,86000.0,C,0.005,0.006,0.0056,84533.64,84454.46,0.31420000000000003,0.29387,0.00013,28.58424,154.2,154.2
2026-09-23T19:33:40Z,2026-09-27,4,86000.0,P,0.022,0.024,0.023,84533.64,84454.46,0.31420000000000003,-0.70613,0.00013,28.58424,3.6,3.6
2026-09-23T19:33:40Z,2026-09-27,4,86500.0,C,0.004,0.0044,0.0042,84533.64,84454.46,0.3172,0.23489,0.00012,25.49684,5.8,5.8
2026-09-23T19:33:40Z,2026-09-27,4,86500.0,P,0.0255,0.0305,0.0275,84533.64,84454.46,0.3172,-0.76511,0.00012,25.49684,0.0,0.0
2026-09-23T19:33:40Z,2026-09-27,4,87000.0,C,0.0029,0.0033,0.0032,84533.64,84454.46,0.3215,0.18531,0.0001,22.17563,0.0,0.0
2026-09-23T19:33:40Z,2026-09-27,4,87000.0,P,0.0305,0.0345,0.0323,84533.64,84454.46,0.3215,-0.81469,0.0001,22.17563,0.0,0.0
2026-09-23T19:33:40Z,2026-09-27,4,87500.0,C,0.0021,0.0025,0.0024,84534.27,84454.46,0.32789999999999997,0.14567,8e-05,18.97475,0.1,0.1
2026-09-23T19:33:40Z,2026-09-27,4,87500.0,P,0.0355,0.0405,0.0375,84534.27,84454.46,0.32789999999999997,-0.85433,8e-05,18.97475,0.0,0.0
2026-09-23T19:33:40Z,2026-09-27,4,88000.0,C,0.0016,0.0019,0.0018,84534.27,84454.46,0.3358,0.11463,7e-05,16.07228,0.6,0.6
2026-09-23T19:33:40Z,2026-09-27,4,88000.0,P,0.041,0.046,0.0428,84534.27,84454.46,0.3358,-0.88537,7e-05,16.07228,0.0,0.0
2026-09-23T19:33:40Z,2026-09-27,4,88500.0,C,0.0012,0.0015,0.0014,84534.27,84454.46,0.3447,0.09049,6e-05,13.53143,0.8,0.8
2026-09-23T19:33:40Z,2026-09-27,4,88500.0,P,0.0465,0.0515,0.0483,84534.27,84454.46,0.3447,-0.90951,6e-05,13.53143,0.0,0.0
2026-09-23T19:33:40Z,2026-09-27,4,89000.0,C,0.0009,0.0012,0.0011,84534.27,84454.46,0.35259999999999997,0.07078,5e-05,11.23887,26.3,26.3
2026-09-23T19:33:40Z,2026-09-27,4,89000.0,P,0.052,0.0565,0.0539,84534.27,84454.46,0.35259999999999997,-0.92922,5e-05,11.23887,0.0,0.0
2026-09-23T19:33:40Z,2026-09-27,4,89500.0,C,0.0007,0.0009,0.0008,84534.27,84454.46,0.3626,0.05639,4e-05,9.41548,35.1,35.1
2026-09-23T19:33:40Z,2026-09-27,4,89500.0,P,0.0575,0.062,0.0596,84534.27,84454.46,0.3626,-0.94361,4e-05,9.41548,0.0,0.0
2026-09-23T19:33:40Z,2026-09-27,4,90000.0,C,0.0006,0.0008,0.0007,84534.27,84454.46,0.376,0.0466,3e-05,8.0904,9.7,9.7
2026-09-23T19:33:40Z,2026-09-27,4,90000.0,P,0.0635,0.068,0.0654,84534.27,84454.46,0.376,-0.9534,3e-05,8.0904,0.2,0.2
2026-09-23T19:33:40Z,2026-09-27,4,91000.0,C,0.0004,0.0005,0.0005,84534.27,84454.46,0.3975,0.0308,2e-05,5.77181,2.4,2.4
2026-09-23T19:33:40Z,2026-09-27,4,91000.0,P,0.075,0.0795,0.077,84534.27,84454.46,0.3975,-0.9692,2e-05,5.77181,0.0,0.0
2026-09-23T19:33:40Z,2026-09-27,4,92000.0,C,0.0002,0.0004,0.0003,84534.27,84454.46,0.4194,0.02092,1e-05,4.17483,0.1,0.1
2026-09-23T19:33:40Z,2026-09-27,4,92000.0,P,0.087,0.0905,0.0886,84534.27,84454.46,0.4194,-0.97908,1e-05,4.17483,0.0,0.0
2026-09-23T19:33:40Z,2026-09-27,4,93000.0,C,0.0002,0.0003,0.0003,84534.27,84454.46,0.4545,0.01714,1e-05,3.52276,30.1,30.1
2026-09-23T19:33:40Z,2026-09-27,4,93000.0,P,0.0985,0.103,0.1004,84534.27,84454.46,0.4545,-0.98286,1e-05,3.52276,0.0,0.0
2026-09-23T19:33:40Z,2026-09-27,4,94000.0,C,0.0001,0.0003,0.0002,84534.27,84454.46,0.47350000000000003,0.01191,1e-05,2.57496,0.1,0.1
2026-09-23T19:33:40Z,2026-09-27,4,94000.0,P,0.1105,0.114,0.1122,84534.27,84454.46,0.47350000000000003,-0.98809,1e-05,2.57496,0.0,0.0
2026-09-23T19:33:40Z,2026-09-27,4,95000.0,C,0.0001,0.0002,0.0002,84533.88,84454.46,0.5029,0.00966,1e-05,2.1464,1.0,1.0
2026-09-23T19:33:40Z,2026-09-27,4,95000.0,P,0.122,0.1265,0.124,84533.88,84454.46,0.5029,-0.99034,1e-05,2.1464,0.0,0.0
2026-09-23T19:33:40Z,2026-09-27,4,96000.0,C,0.0001,0.0002,0.0002,84533.88,84454.46,0.5413,0.00897,1e-05,2.01119,1.5,1.5
2026-09-23T19:33:40Z,2026-09-27,4,96000.0,P,0.134,0.1385,0.1358,84533.88,84454.46,0.5413,-0.99103,1e-05,2.01119,0.0,0.0
2026-09-23T19:33:40Z,2026-10-02,9,65000.0,C,0.23,0.2335,0.2318,84583.84,84454.46,0.7252,0.9925,0.0,2.67491,0.8,0.0
2026-09-23T19:33:40Z,2026-10-02,9,65000.0,P,0.0002,0.0004,0.0003,84583.22,84454.46,0.7252,-0.0075,0.0,2.67532,702.1,18.1
2026-09-23T19:33:40Z,2026-10-02,9,70000.0,C,0.1715,0.1745,0.173,84583.22,84454.46,0.5984,0.98282,1e-05,5.49676,1.9,1.0
2026-09-23T19:33:40Z,2026-10-02,9,70000.0,P,0.0005,0.0007,0.0006,84583.22,84454.46,0.5984,-0.01718,1e-05,5.49676,1046.8,67.8
2026-09-23T19:33:40Z,2026-10-02,9,72000.0,C,0.148,0.1515,0.1496,84583.4,84454.46,0.5456,0.97581,1e-05,7.34561,2.1,0.0
2026-09-23T19:33:40Z,2026-10-02,9,72000.0,P,0.0007,0.0008,0.0008,84583.84,84454.46,0.5456,-0.02418,1e-05,7.34475,242.1,1.0
2026-09-23T19:33:40Z,2026-10-02,9,73000.0,C,0.136,0.1395,0.1379,84583.84,84454.46,0.5241,0.96991,1e-05,8.81439,0.8,0.0
2026-09-23T19:33:40Z,2026-10-02,9,73000.0,P,0.0008,0.0011,0.001,84583.4,84454.46,0.5241,-0.0301,1e-05,8.81542,1121.6,6.4
2026-09-23T19:33:40Z,2026-10-02,9,74000.0,C,0.1245,0.128,0.1263,84583.4,84454.46,0.5011,0.96283,1e-05,10.48956,1.6,0.0
2026-09-23T19:33:40Z,2026-10-02,9,74000.0,P,0.001,0.0013,0.0012,84583.4,84454.46,0.5011,-0.03717,1e-05,10.48956,1267.2,524.3
2026-09-23T19:33:40Z,2026-10-02,9,75000.0,C,0.1135,0.1165,0.1147,84583.84,84454.46,0.47659999999999997,0.9543,2e-05,12.40157,4.5,0.0
2026-09-23T19:33:40Z,2026-10-02,9,75000.0,P,0.0012,0.0016,0.0014,84583.84,84454.46,0.47659999999999997,-0.0457,2e-05,12.40157,452.4,40.4
2026-09-23T19:33:40Z,2026-10-02,9,76000.0,C,0.102,0.105,0.1032,84583.84,84454.46,0.4548,0.94238,2e-05,14.91053,40.7,0.0
2026-09-23T19:33:40Z,2026-10-02,9,76000.0,P,0.0016,0.002,0.0018,84583.84,84454.46,0.4548,-0.05762,2e-05,14.91053,351.7,8.6
2026-09-23T19:33:40Z,2026-10-02,9,77000.0,C,0.09,0.0935,0.0919,84583.84,84454.46,0.43229999999999996,0.92724,2e-05,17.87208,186.7,0.0
2026-09-23T19:33:40Z,2026-10-02,9,77000.0,P,0.002,0.0024,0.0022,84583.84,84454.46,0.43229999999999996,-0.07276,2e-05,17.87208,228.4,12.0
2026-09-23T19:33:40Z,2026-10-02,9,78000.0,C,0.079,0.0825,0.0806,84583.84,84454.46,0.4114,0.90674,3e-05,21.54455,302.5,20.0
2026-09-23T19:33:40Z,2026-10-02,9,78000.0,P,0.0027,0.003,0.0028,84583.84,84454.46,0.4114,-0.09326,3e-05,21.54455,917.6,563.9
2026-09-23T19:33:40Z,2026-10-02,9,79000.0,C,0.068,0.0715,0.0698,84583.84,84454.46,0.3947,0.87752,4e-05,26.22223,366.6,0.5
2026-09-23T19:33:40Z,2026-10-02,9,79000.0,P,0.0036,0.004,0.0037,84583.4,84454.46,0.3947,-0.12249,4e-05,26.22473,755.2,469.5
2026-09-23T19:33:40Z,2026-10-02,9,80000.0,C,0.0575,0.061,0.0593,84583.4,84454.46,0.38079999999999997,0.8381,5e-05,31.68256,869.0,0.0
2026-09-23T19:33:40Z,2026-10-02,9,80000.0,P,0.0049,0.0055,0.0051,84583.84,84454.46,0.38079999999999997,-0.16188,5e-05,31.67993,825.2,537.8
2026-09-23T19:33:40Z,2026-10-02,9,81000.0,C,0.0485,0.0505,0.0493,84583.84,84454.46,0.3666,0.78847,6e-05,37.39904,313.7,0.5
2026-09-23T19:33:40Z,2026-10-02,9,81000.0,P,0.0065,0.0075,0.0069,84583.34,84454.46,0.3666,-0.21157,6e-05,37.40223,240.1,53.7
2026-09-23T19:33:40Z,2026-10-02,9,82000.0,C,0.0395,0.041,0.04,84583.34,84454.46,0.35619999999999996,0.7248,7e-05,43.13038,1567.4,0.5
2026-09-23T19:33:40Z,2026-10-02,9,82000.0,P,0.009,0.01,0.0095,84583.34,84454.46,0.35619999999999996,-0.2752,7e-05,43.13038,237.0,247.7
2026-09-23T19:33:40Z,2026-10-02,9,83000.0,C,0.031,0.0325,0.0318,84583.71,84454.46,0.3505,0.64796,8e-05,47.96182,659.4,1.2
2026-09-23T19:33:40Z,2026-10-02,9,83000.0,P,0.0125,0.0135,0.0131,84583.71,84454.46,0.3505,-0.35204,8e-05,47.96182,349.8,109.8
2026-09-23T19:33:40Z,2026-10-02,9,84000.0,C,0.024,0.025,0.0248,84583.71,84454.46,0.3481,0.5623,9e-05,50.91911,1245.0,70.6
2026-09-23T19:33:40Z,2026-10-02,9,84000.0,P,0.017,0.018,0.0179,84583.71,84454.46,0.3481,-0.4377,9e-05,50.91911,412.7,19.4
2026-09-23T19:33:40Z,2026-10-02,9,85000.0,C,0.018,0.019,0.0187,84583.71,84454.46,0.3455,0.47344,9e-05,51.43474,899.2,12.3
2026-09-23T19:33:40Z,2026-10-02,9,85000.0,P,0.023,0.024,0.0237,84583.71,84454.46,0.3455,-0.52656,9e-05,51.43474,348.1,116.5
2026-09-23T19:33:40Z,2026-10-02,9,86000.0,C,0.013,0.014,0.0137,84583.71,84454.46,0.3421,0.38527,9e-05,49.40251,890.7,108.7
2026-09-23T19:33:40Z,2026-10-02,9,86000.0,P,0.0295,0.031,0.0304,84583.34,84454.46,0.3421,-0.61476,9e-05,49.40109,812.7,887.4
2026-09-23T19:33:40Z,2026-10-02,9,87000.0,C,0.0095,0.0105,0.0101,84583.71,84454.46,0.3461,0.3063,8e-05,45.34644,388.7,70.9
2026-09-23T19:33:40Z,2026-10-02,9,87000.0,P,0.0375,0.0395,0.0386,84583.34,84454.46,0.3461,-0.69373,8e-05,45.34434,12.1,7.7
2026-09-23T19:33:40Z,2026-10-02,9,88000.0,C,0.0065,0.0075,0.0071,84583.34,84454.46,0.34729999999999994,0.23579,7e-05,39.78154,1076.9,47.0
2026-09-23T19:33:40Z,2026-10-02,9,88000.0,P,0.046,0.049,0.0475,84583.34,84454.46,0.34729999999999994,-0.76421,7e-05,39.78154,413.7,13.0
2026-09-23T19:33:40Z,2026-10-02,9,89000.0,C,0.0049,0.0055,0.0052,84583.34,84454.46,0.35600000000000004,0.18175,6e-05,34.11214,53.7,28.8
2026-09-23T19:33:40Z,2026-10-02,9,89000.0,P,0.0555,0.059,0.0575,84583.34,84454.46,0.35600000000000004,-0.81825,6e-05,34.11214,3.0,1.0
2026-09-23T19:33:40Z,2026-10-02,9,90000.0,C,0.0034,0.0038,0.0037,84583.71,84454.46,0.3593,0.13495,5e-05,28.04731,757.7,140.5
2026-09-23T19:33:40Z,2026-10-02,9,90000.0,P,0.066,0.0695,0.0677,84583.71,84454.46,0.3593,-0.86505,5e-05,28.04698,3.2,3.1
2026-09-23T19:33:40Z,2026-10-02,9,92000.0,C,0.0017,0.002,0.0019,84584.05,84454.46,0.3761,0.07579,3e-05,18.43829,234.2,38.5
2026-09-23T19:33:40Z,2026-10-02,9,92000.0,P,0.0875,0.0915,0.0896,84584.05,84454.46,0.3761,-0.92421,3e-05,18.43829,0.0,0.0
2026-09-23T19:33:40Z,2026-10-02,9,95000.0,C,0.0007,0.0008,0.0008,84583.71,84454.46,0.4083,0.03358,1e-05,9.65015,507.8,18.5
2026-09-23T19:33:40Z,2026-10-02,9,95000.0,P,0.122,0.126,0.124,84584.05,84454.46,0.4083,-0.96642,1e-05,9.65132,0.2,0.1
2026-09-23T19:33:40Z,2026-10-02,9,100000.0,C,0.0002,0.0004,0.0003,84583.71,84454.46,0.4777,0.01199,1e-05,4.03171,135.9,135.1
2026-09-23T19:33:40Z,2026-10-02,9,100000.0,P,0.1805,0.185,0.1826,84584.05,84454.46,0.4777,-0.98801,1e-05,4.03222,0.0,0.0
2026-09-23T19:33:40Z,2026-10-09,16,65000.0,C,0.2315,0.2345,0.2328,84649.29,84454.46,0.6036,0.98553,0.0,6.40779,0.7,0.0
2026-09-23T19:33:40Z,2026-10-09,16,65000.0,P,0.0006,0.0008,0.0007,84648.93,84454.46,0.6036,-0.01447,0.0,6.40824,226.9,19.4
2026-09-23T19:33:40Z,2026-10-09,16,68000.0,C,0.196,0.1995,0.1976,84649.29,84454.46,0.5383,0.97875,1e-05,8.89572,0.9,0.0
2026-09-23T19:33:40Z,2026-10-09,16,68000.0,P,0.0008,0.0011,0.0009,84649.29,84454.46,0.5383,-0.02125,1e-05,8.89572,460.3,82.3
2026-09-23T19:33:40Z,2026-10-09,16,70000.0,C,0.1725,0.176,0.1743,84648.93,84454.46,0.5023,0.97038,1e-05,11.74948,0.0,0.0
2026-09-23T19:33:40Z,2026-10-09,16,70000.0,P,0.0011,0.0014,0.0012,84648.93,84454.46,0.5023,-0.02962,1e-05,11.74948,94.3,2.3
2026-09-23T19:33:40Z,2026-10-09,16,72000.0,C,0.1495,0.153,0.1511,84648.93,84454.46,0.4671,0.95806,1e-05,15.63032,0.0,0.0
2026-09-23T19:33:40Z,2026-10-09,16,72000.0,P,0.0016,0.0019,0.0017,84649.29,84454.46,0.4671,-0.04194,1e-05,15.62919,61.0,0.0
2026-09-23T19:33:40Z,2026-10-09,16,73000.0,C,0.138,0.1415,0.1396,84648.93,84454.46,0.4501,0.94966,1e-05,18.09993,0.2,0.0
2026-09-23T19:33:40Z,2026-10-09,16,73000.0,P,0.0019,0.0022,0.002,84648.93,84454.46,0.4501,-0.05034,1e-05,18.09993,108.2,0.0
2026-09-23T19:33:40Z,2026-10-09,16,74000.0,C,0.1265,0.13,0.1282,84649.29,84454.46,0.43420000000000003,0.939,2e-05,21.06119,1.1,0.0
2026-09-23T19:33:40Z,2026-10-09,16,74000.0,P,0.0023,0.0027,0.0024,84649.29,84454.46,0.43420000000000003,-0.061,2e-05,21.06119,43.2,19.9
2026-09-23T19:33:40Z,2026-10-09,16,75000.0,C,0.1155,0.1185,0.1169,84649.29,84454.46,0.41869999999999996,0.92579,2e-05,24.50719,0.2,0.0
2026-09-23T19:33:40Z,2026-10-09,16,75000.0,P,0.0028,0.0032,0.003,84649.29,84454.46,0.41869999999999996,-0.07421,2e-05,24.50719,430.0,10.5
2026-09-23T19:33:40Z,2026-10-09,16,76000.0,C,0.1045,0.1075,0.1059,84649.29,84454.46,0.40590000000000004,0.90817,2e-05,28.77087,50.1,0.0
2026-09-23T19:33:40Z,2026-10-09,16,76000.0,P,0.0035,0.0039,0.0037,84649.29,84454.46,0.40590000000000004,-0.09183,2e-05,28.77087,409.7,269.0
2026-09-23T19:33:40Z,2026-10-09,16,77000.0,C,0.0935,0.0965,0.095,84649.29,84454.46,0.3944,0.88595,3e-05,33.67841,57.9,0.0
2026-09-23T19:33:40Z,2026-10-09,16,77000.0,P,0.0045,0.0048,0.0047,84648.93,84454.46,0.3944,-0.11406,3e-05,33.68039,72.6,9.3
2026-09-23T19:33:40Z,2026-10-09,16,78000.0,C,0.083,0.086,0.0845,84648.86,84454.46,0.38380000000000003,0.85841,3e-05,39.14764,28.3,0.0
2026-09-23T19:33:40Z,2026-10-09,16,78000.0,P,0.0055,0.0065,0.0059,84648.86,84454.46,0.38380000000000003,-0.14159,3e-05,39.14764,906.3,726.0
2026-09-23T19:33:40Z,2026-10-09,16,79000.0,C,0.0725,0.076,0.0742,84648.86,84454.46,0.3728,0.82559,4e-05,44.89496,14.4,0.0
2026-09-23T19:33:40Z,2026-10-09,16,79000.0,P,0.007,0.008,0.0075,84648.86,84454.46,0.3728,-0.17441,4e-05,44.89496,187.1,82.4
2026-09-23T19:33:40Z,2026-10-09,16,80000.0,C,0.0635,0.0655,0.0645,84648.86,84454.46,0.36560000000000004,0.78437,5e-05,51.08569,93.5,0.1
2026-09-23T19:33:40Z,2026-10-09,16,80000.0,P,0.009,0.01,0.0096,84648.86,84454.46,0.36560000000000004,-0.21563,5e-05,51.08569,330.4,314.3
2026-09-23T19:33:40Z,2026-10-09,16,81000.0,C,0.0545,0.0565,0.0554,84648.86,84454.46,0.3592,0.73627,5e-05,57.02997,100.2,1.2
2026-09-23T19:33:40Z,2026-10-09,16,81000.0,P,0.012,0.0125,0.0123,84649.29,84454.46,0.3592,-0.26371,5e-05,57.02778,29.0,12.1
2026-09-23T19:33:40Z,2026-10-09,16,82000.0,C,0.046,0.048,0.047,84648.86,84454.46,0.3539,0.68159,6e-05,62.28695,329.7,50.1
2026-09-23T19:33:40Z,2026-10-09,16,82000.0,P,0.015,0.016,0.0157,84648.84,84454.46,0.3539,-0.31841,6e-05,62.28703,178.0,112.3
2026-09-23T19:33:40Z,2026-10-09,16,83000.0,C,0.0385,0.04,0.0393,84648.86,84454.46,0.3502,0.62116,6e-05,66.39459,92.6,0.0
2026-09-23T19:33:40Z,2026-10-09,16,83000.0,P,0.0195,0.02,0.0198,84648.84,84454.46,0.3502,-0.37884,6e-05,66.39464,274.0,1.6
2026-09-23T19:33:40Z,2026-10-09,16,84000.0,C,0.032,0.033,0.0325,84648.84,84454.46,0.3482,0.55689,6e-05,68.92203,291.4,0.4
2026-09-23T19:33:40Z,2026-10-09,16,84000.0,P,0.024,0.025,0.0249,84648.84,84454.46,0.3482,-0.44311,6e-05,68.92203,78.2,4.9
2026-09-23T19:33:40Z,2026-10-09,16,85000.0,C,0.026,0.027,0.0265,84648.84,84454.46,0.34590000000000004,0.49107,7e-05,69.61367,322.2,11.7
2026-09-23T19:33:40Z,2026-10-09,16,85000.0,P,0.03,0.031,0.0306,84648.84,84454.46,0.34590000000000004,-0.50893,7e-05,69.61367,616.4,308.7
2026-09-23T19:33:40Z,2026-10-09,16,86000.0,C,0.0205,0.0215,0.0212,84648.84,84454.46,0.34380000000000005,0.42545,7e-05,68.41178,542.3,257.8
2026-09-23T19:33:40Z,2026-10-09,16,86000.0,P,0.0365,0.0375,0.0372,84648.84,84454.46,0.34380000000000005,-0.57455,7e-05,68.41178,231.6,91.3
2026-09-23T19:33:40Z,2026-10-09,16,87000.0,C,0.0165,0.0175,0.0169,84648.86,84454.46,0.3443,0.36299,6e-05,65.48344,399.7,352.3
2026-09-23T19:33:40Z,2026-10-09,16,87000.0,P,0.0435,0.0455,0.0447,84648.86,84454.46,0.3443,-0.63701,6e-05,65.48344,102.5,14.6
2026-09-23T19:33:40Z,2026-10-09,16,88000.0,C,0.013,0.0135,0.0134,84648.95,84454.46,0.3452,0.30506,6e-05,61.14292,272.3,20.2
2026-09-23T19:33:40Z,2026-10-09,16,88000.0,P,0.0515,0.0535,0.0529,84648.84,84454.46,0.3452,-0.69495,6e-05,61.14227,4.6,11.6
2026-09-23T19:33:40Z,2026-10-09,16,89000.0,C,0.01,0.011,0.0104,84648.84,84454.46,0.34600000000000003,0.25242,5e-05,55.74749,65.0,29.1
2026-09-23T19:33:40Z,2026-10-09,16,89000.0,P,0.06,0.0635,0.0618,84648.84,84454.46,0.34600000000000003,-0.74758,5e-05,55.74749,1.0,0.0
2026-09-23T19:33:40Z,2026-10-09,16,90000.0,C,0.0075,0.0085,0.0081,84648.95,84454.46,0.34840000000000004,0.20687,5e-05,49.85955,951.5,364.3
2026-09-23T19:33:40Z,2026-10-09,16,90000.0,P,0.0695,0.073,0.0713,84648.95,84454.46,0.34840000000000004,-0.79313,5e-05,49.85955,0.0,0.0
2026-09-23T19:33:40Z,2026-10-09,16,92000.0,C,0.0047,0.0055,0.005,84648.95,84454.46,0.3578,0.13746,4e-05,38.36724,473.9,233.2
2026-09-23T19:33:40Z,2026-10-09,16,92000.0,P,0.0895,0.0935,0.0918,84648.95,84454.46,0.3578,-0.86254,4e-05,38.36724,0.0,0.0
2026-09-23T19:33:40Z,2026-10-09,16,94000.0,C,0.0028,0.0032,0.003,84648.95,84454.46,0.3678,0.08951,3e-05,28.22787,264.9,32.3
2026-09-23T19:33:40Z,2026-10-09,16,94000.0,P,0.1115,0.1155,0.1135,84648.95,84454.46,0.3678,-0.91049,3e-05,28.22787,0.0,0.0
2026-09-23T19:33:40Z,2026-10-09,16,95000.0,C,0.0022,0.0026,0.0024,84648.95,84454.46,0.3749,0.073,2e-05,24.20175,472.8,431.4
2026-09-23T19:33:40Z,2026-10-09,16,95000.0,P,0.123,0.1265,0.1247,84648.95,84454.46,0.3749,-0.927,2e-05,24.20175,0.6,0.0
2026-09-23T19:33:40Z,2026-10-09,16,100000.0,C,0.0009,0.0011,0.001,84648.95,84454.46,0.423,0.03093,1e-05,12.17911,120.6,89.4
2026-09-23T19:33:40Z,2026-10-09,16,100000.0,P,0.18,0.1845,0.1824,84648.95,84454.46,0.423,-0.96907,1e-05,12.17911,3.8,0.0
2026-09-23T19:33:40Z,2026-10-30,37,40000.0,C,0.528,0.5295,0.5291,84909.0,84454.46,0.8759,0.99785,0.0,1.8176,0.3,0.0
2026-09-23T19:33:40Z,2026-10-30,37,40000.0,P,0.0002,0.0003,0.0002,84909.0,84454.46,0.8759,-0.00215,0.0,1.8176,119.7,0.0
2026-09-23T19:33:40Z,2026-10-30,37,45000.0,C,0.469,0.4715,0.4703,84909.0,84454.46,0.79,0.99616,0.0,3.06736,0.9,0.0
2026-09-23T19:33:40Z,2026-10-30,37,45000.0,P,0.0002,0.0004,0.0003,84909.0,84454.46,0.79,-0.00384,0.0,3.06736,284.9,0.1
2026-09-23T19:33:40Z,2026-10-30,37,48000.0,C,0.434,0.436,0.4352,84909.0,84454.46,0.7489,0.99423,0.0,4.40806,8.5,0.0
2026-09-23T19:33:40Z,2026-10-30,37,48000.0,P,0.0004,0.0006,0.0005,84909.0,84454.46,0.7489,-0.00577,0.0,4.40806,196.8,0.0
2026-09-23T19:33:40Z,2026-10-30,37,50000.0,C,0.4105,0.4125,0.4117,84909.0,84454.46,0.7166,0.99285,0.0,5.33328,1.1,0.0
2026-09-23T19:33:40Z,2026-10-30,37,50000.0,P,0.0005,0.0007,0.0006,84909.0,84454.46,0.7166,-0.00715,0.0,5.33328,431.7,5.0
2026-09-23T19:33:40Z,2026-10-30,37,52000.0,C,0.387,0.3895,0.3883,84909.0,84454.46,0.6847,0.99116,0.0,6.42546,0.1,0.0
2026-09-23T19:33:40Z,2026-10-30,37,52000.0,P,0.0006,0.0008,0.0007,84909.0,84454.46,0.6847,-0.00884,0.0,6.42546,125.8,1.1
2026-09-23T19:33:40Z,2026-10-30,37,54000.0,C,0.3635,0.366,0.3649,84909.0,84454.46,0.6578,0.98868,0.0,7.97631,0.1,0.0
2026-09-23T19:33:40Z,2026-10-30,37,54000.0,P,0.0008,0.001,0.0009,84909.0,84454.46,0.6578,-0.01132,0.0,7.97631,189.7,0.0
2026-09-23T19:33:40Z,2026-10-30,37,55000.0,C,0.3515,0.354,0.3531,84909.0,84454.46,0.6369,0.98798,0.0,8.40239,0.1,0.0
2026-09-23T19:33:40Z,2026-10-30,37,55000.0,P,0.0008,0.0011,0.0009,84909.0,84454.46,0.6369,-0.01202,0.0,8.40239,323.4,0.3
2026-09-23T19:33:40Z,2026-10-30,37,56000.0,C,0.34,0.3425,0.3415,84909.0,84454.46,0.6246,0.98629,0.0,9.4114,0.5,0.0
2026-09-23T19:33:40Z,2026-10-30,37,56000.0,P,0.0009,0.0012,0.001,84909.0,84454.46,0.6246,-0.01371,0.0,9.4114,468.3,0.1
2026-09-23T19:33:40Z,2026-10-30,37,57000.0,C,0.3285,0.331,0.3298,84909.0,84454.46,0.6092,0.98479,0.0,10.29461,0.1,0.0
2026-09-23T19:33:40Z,2026-10-30,37,57000.0,P,0.001,0.0013,0.0011,84908.87,84454.46,0.6092,-0.01521,0.0,10.29516,206.3,0.1
2026-09-23T19:33:40Z,2026-10-30,37,58000.0,C,0.3165,0.319,0.3181,84908.87,84454.46,0.5926,0.98329,0.0,11.15824,0.0,0.0
2026-09-23T19:33:40Z,2026-10-30,37,58000.0,P,0.0011,0.0014,0.0012,84908.87,84454.46,0.5926,-0.01671,0.0,11.15824,334.2,0.0
2026-09-23T19:33:40Z,2026-10-30,37,59000.0,C,0.305,0.3075,0.3064,84908.87,84454.46,0.5755,0.98173,0.0,12.04319,1.0,0.0
2026-09-23T19:33:40Z,2026-10-30,37,59000.0,P,0.0012,0.0014,0.0013,84908.87,84454.46,0.5755,-0.01827,0.0,12.04319,112.7,10.6
2026-09-23T19:33:40Z,2026-10-30,37,60000.0,C,0.2935,0.296,0.2948,84908.87,84454.46,0.5638000000000001,0.97914,0.0,13.47569,13.7,0.0
2026-09-23T19:33:40Z,2026-10-30,37,60000.0,P,0.0013,0.0016,0.0015,84908.87,84454.46,0.5638000000000001,-0.02086,0.0,13.47569,1311.4,4.8
2026-09-23T19:33:40Z,2026-10-30,37,61000.0,C,0.2815,0.2845,0.2832,84908.87,84454.46,0.5494,0.9767,0.0,14.79763,7.7,0.0
2026-09-23T19:33:40Z,2026-10-30,37,61000.0,P,0.0015,0.0018,0.0016,84908.87,84454.46,0.5494,-0.0233,0.0,14.79763,274.4,0.5
2026-09-23T19:33:40Z,2026-10-30,37,62000.0,C,0.27,0.273,0.2715,84908.87,84454.46,0.5332,0.97434,0.0,16.04182,13.5,0.0
2026-09-23T19:33:40Z,2026-10-30,37,62000.0,P,0.0016,0.002,0.0017,84908.87,84454.46,0.5332,-0.02566,0.0,16.04182,1277.0,0.0
2026-09-23T19:33:40Z,2026-10-30,37,63000.0,C,0.2585,0.261,0.26,84909.0,84454.46,0.5197999999999999,0.97112,0.0,17.70448,150.7,2.5
2026-09-23T19:33:40Z,2026-10-30,37,63000.0,P,0.0018,0.0022,0.0019,84908.87,84454.46,0.5197999999999999,-0.02888,0.0,17.70477,662.0,0.0
2026-09-23T19:33:40Z,2026-10-30,37,64000.0,C,0.247,0.2495,0.2484,84909.0,84454.46,0.506,0.96757,1e-05,19.49057,416.6,0.0
2026-09-23T19:33:40Z,2026-10-30,37,64000.0,P,0.002,0.0024,0.0022,84908.87,84454.46,0.506,-0.03243,1e-05,19.49088,581.4,0.1
2026-09-23T19:33:40Z,2026-10-30,37,65000.0,C,0.2355,0.238,0.2369,84908.87,84454.46,0.4918,0.96371,1e-05,21.37885,430.4,0.0
2026-09-23T19:33:40Z,2026-10-30,37,65000.0,P,0.0022,0.0026,0.0024,84908.87,84454.46,0.4918,-0.03629,1e-05,21.37885,650.3,40.2
2026-09-23T19:33:40Z,2026-10-30,37,66000.0,C,0.224,0.2265,0.2254,84908.87,84454.46,0.4789,0.95896,1e-05,23.62933,81.0,0.0
2026-09-23T19:33:40Z,2026-10-30,37,66000.0,P,0.0027,0.0029,0.0027,84908.87,84454.46,0.4789,-0.04104,1e-05,23.62933,488.4,0.2
2026-09-23T19:33:40Z,2026-10-30,37,67000.0,C,0.2125,0.2155,0.2139,84908.15,84454.46,0.46549999999999997,0.95374,1e-05,26.0278,108.4,0.0
2026-09-23T19:33:40Z,2026-10-30,37,67000.0,P,0.0028,0.0032,0.003,84908.15,84454.46,0.46549999999999997,-0.04626,1e-05,26.0278,600.9,26.2
2026-09-23T19:33:40Z,2026-10-30,37,68000.0,C,0.201,0.204,0.2025,84908.15,84454.46,0.4536,0.94734,1e-05,28.86479,514.8,0.0
2026-09-23T19:33:40Z,2026-10-30,37,68000.0,P,0.0032,0.0036,0.0034,84908.15,84454.46,0.4536,-0.05266,1e-05,28.86479,1567.2,1.1
2026-09-23T19:33:40Z,2026-10-30,37,69000.0,C,0.1895,0.1925,0.1912,84908.15,84454.46,0.4416,0.94002,1e-05,31.9834,649.6,0.0
2026-09-23T19:33:40Z,2026-10-30,37,69000.0,P,0.0036,0.004,0.0038,84908.15,84454.46,0.4416,-0.05998,1e-05,31.9834,897.5,35.2
2026-09-23T19:33:40Z,2026-10-30,37,70000.0,C,0.1785,0.1815,0.1799,84908.15,84454.46,0.43079999999999996,0.93124,1e-05,35.5682,1060.3,1.1
2026-09-23T19:33:40Z,2026-10-30,37,70000.0,P,0.0042,0.0046,0.0044,84908.84,84454.46,0.43079999999999996,-0.06875,1e-05,35.56534,1623.5,55.2
2026-09-23T19:33:40Z,2026-10-30,37,71000.0,C,0.167,0.1705,0.1689,84908.15,84454.46,0.4227,0.91997,1e-05,39.93706,966.1,0.0
2026-09-23T19:33:40Z,2026-10-30,37,71000.0,P,0.0048,0.0055,0.0051,84908.15,84454.46,0.4227,-0.08003,1e-05,39.93706,758.0,120.4
2026-09-23T19:33:40Z,2026-10-30,37,72000.0,C,0.156,0.1595,0.1579,84908.15,84454.46,0.4125,0.90811,1e-05,44.29223,992.6,5.9
2026-09-23T19:33:40Z,2026-10-30,37,72000.0,P,0.0055,0.006,0.0059,84908.15,84454.46,0.4125,-0.09189,1e-05,44.29223,1286.5,13.7
2026-09-23T19:33:40Z,2026-10-30,37,73000.0,C,0.1455,0.1485,0.1471,84908.15,84454.46,0.4029,0.89426,2e-05,49.08582,609.5,0.0
2026-09-23T19:33:40Z,2026-10-30,37,73000.0,P,0.0065,0.007,0.0068,84908.15,84454.46,0.4029,-0.10574,2e-05,49.08582,380.1,121.0
2026-09-23T19:33:40Z,2026-10-30,37,74000.0,C,0.135,0.138,0.1364,84908.15,84454.46,0.39390000000000003,0.8782,2e-05,54.28909,722.4,0.0
2026-09-23T19:33:40Z,2026-10-30,37,74000.0,P,0.0075,0.0085,0.0079,84908.15,84454.46,0.39390000000000003,-0.1218,2e-05,54.28909,410.6,20.6
2026-09-23T19:33:40Z,2026-10-30,37,75000.0,C,0.1245,0.1275,0.1261,84908.15,84454.46,0.38770000000000004,0.85842,2e-05,60.23489,1175.6,1.2
2026-09-23T19:33:40Z,2026-10-30,37,75000.0,P,0.009,0.0095,0.0094,84908.15,84454.46,0.38770000000000004,-0.14158,2e-05,60.23489,818.7,46.6
2026-09-23T19:33:40Z,2026-10-30,37,76000.0,C,0.1145,0.1175,0.1158,84908.15,84454.46,0.3796,0.83721,2e-05,66.08601,558.6,0.0
2026-09-23T19:33:40Z,2026-10-30,37,76000.0,P,0.0105,0.0115,0.0109,84908.84,84454.46,0.3796,-0.16277,2e-05,66.08215,655.8,524.9
2026-09-23T19:33:40Z,2026-10-30,37,77000.0,C,0.1045,0.108,0.1061,84908.73,84454.46,0.3741,0.81204,3e-05,72.39832,219.2,5.0
2026-09-23T19:33:40Z,2026-10-30,37,77000.0,P,0.0125,0.0135,0.0129,84908.73,84454.46,0.3741,-0.18796,3e-05,72.39832,395.8,6.9
2026-09-23T19:33:40Z,2026-10-30,37,78000.0,C,0.0955,0.0975,0.0967,84908.73,84454.46,0.37,0.78337,3e-05,78.81832,512.7,11.4
2026-09-23T19:33:40Z,2026-10-30,37,78000.0,P,0.015,0.0155,0.0153,84908.73,84454.46,0.37,-0.21663,3e-05,78.81832,895.9,90.8
2026-09-23T19:33:40Z,2026-10-30,37,79000.0,C,0.0865,0.0885,0.0876,84908.14,84454.46,0.36450000000000005,0.75274,3e-05,84.84555,290.6,2.2
2026-09-23T19:33:40Z,2026-10-30,37,79000.0,P,0.0175,0.0185,0.018,84908.73,84454.46,0.36450000000000005,-0.24724,3e-05,84.84265,600.0,6.4
2026-09-23T19:33:40Z,2026-10-30,37,80000.0,C,0.078,0.08,0.0791,84908.73,84454.46,0.36219999999999997,0.71806,3e-05,90.7103,1385.1,0.9
2026-09-23T19:33:40Z,2026-10-30,37,80000.0,P,0.021,0.0215,0.0213,84908.15,84454.46,0.36219999999999997,-0.28197,3e-05,90.71287,1408.6,337.2
2026-09-23T19:33:40Z,2026-10-30,37,81000.0,C,0.07,0.0715,0.0709,84908.73,84454.46,0.35840000000000005,0.68169,4e-05,95.83079,699.0,5.1
2026-09-23T19:33:40Z,2026-10-30,37,81000.0,P,0.0245,0.0255,0.0249,84908.73,84454.46,0.35840000000000005,-0.31831,4e-05,95.83079,319.1,64.9
2026-09-23T19:33:40Z,2026-10-30,37,82000.0,C,0.0625,0.064,0.0635,84908.73,84454.46,0.35700000000000004,0.6425,4e-05,100.23466,1367.7,1.0
2026-09-23T19:33:40Z,2026-10-30,37,82000.0,P,0.0285,0.0295,0.0292,84908.73,84454.46,0.35700000000000004,-0.3575,4e-05,100.23466,136.0,86.8
2026-09-23T19:33:40Z,2026-10-30,37,83000.0,C,0.0555,0.057,0.0564,84908.73,84454.46,0.3547,0.60209,4e-05,103.61661,468.3,35.8
2026-09-23T19:33:40Z,2026-10-30,37,83000.0,P,0.0335,0.0345,0.0339,84908.73,84454.46,0.3547,-0.39791,4e-05,103.61661,322.0,60.9
2026-09-23T19:33:40Z,2026-10-30,37,84000.0,C,0.049,0.0505,0.0499,84908.73,84454.46,0.35350000000000004,0.56046,4e-05,105.91155,1413.7,25.4
2026-09-23T19:33:40Z,2026-10-30,37,84000.0,P,0.0385,0.0395,0.0392,84908.73,84454.46,0.35350000000000004,-0.43954,4e-05,105.91155,379.0,6.2
2026-09-23T19:33:40Z,2026-10-30,37,85000.0,C,0.0435,0.0445,0.0439,84908.73,84454.46,0.3518,0.51834,4e-05,107.03128,2660.1,5.5
2026-09-23T19:33:40Z,2026-10-30,37,85000.0,P,0.0445,0.0455,0.0449,84908.73,84454.46,0.3518,-0.48166,4e-05,107.03128,417.1,65.0
2026-09-23T19:33:40Z,2026-10-30,37,86000.0,C,0.038,0.039,0.0384,84908.73,84454.46,0.35100000000000003,0.47627,4e-05,106.95483,1152.4,12.8
2026-09-23T19:33:40Z,2026-10-30,37,86000.0,P,0.0505,0.0515,0.0513,84909.08,84454.46,0.35100000000000003,-0.52372,4e-05,106.95551,174.7,25.9
2026-09-23T19:33:40Z,2026-10-30,37,87000.0,C,0.033,0.034,0.0335,84909.08,84454.46,0.3506,0.43491,4e-05,105.71566,873.3,122.7
2026-09-23T19:33:40Z,2026-10-30,37,87000.0,P,0.0575,0.0585,0.0582,84908.78,84454.46,0.3506,-0.5651,4e-05,105.71474,397.1,6.3
2026-09-23T19:33:40Z,2026-10-30,37,88000.0,C,0.0285,0.0295,0.0291,84909.08,84454.46,0.35009999999999997,0.39452,4e-05,103.3775,1397.2,269.1
2026-09-23T19:33:40Z,2026-10-30,37,88000.0,P,0.0645,0.066,0.0655,84909.08,84454.46,0.35009999999999997,-0.60548,4e-05,103.3775,2383.0,70.6
2026-09-23T19:33:40Z,2026-10-30,37,89000.0,C,0.0245,0.0255,0.0251,84909.08,84454.46,0.34979999999999994,0.35569,4e-05,100.05645,708.3,40.1
2026-09-23T19:33:40Z,2026-10-30,37,89000.0,P,0.0725,0.074,0.0733,84909.08,84454.46,0.34979999999999994,-0.64431,4e-05,100.05645,11.1,7.8
2026-09-23T19:33:40Z,2026-10-30,37,90000.0,C,0.021,0.022,0.0216,84909.08,84454.46,0.34990000000000004,0.31893,4e-05,95.90932,15592.4,316.7
2026-09-23T19:33:40Z,2026-10-30,37,90000.0,P,0.0805,0.0825,0.0816,84909.08,84454.46,0.34990000000000004,-0.68107,4e-05,95.90932,6.6,1.2
2026-09-23T19:33:40Z,2026-10-30,37,91000.0,C,0.018,0.019,0.0186,84909.08,84454.46,0.3508,0.28475,4e-05,91.1419,1151.2,16.2
2026-09-23T19:33:40Z,2026-10-30,37,91000.0,P,0.0885,0.0925,0.0903,84909.08,84454.46,0.3508,-0.71525,4e-05,91.1419,3.5,0.0
2026-09-23T19:33:40Z,2026-10-30,37,92000.0,C,0.0155,0.0165,0.016,84909.08,84454.46,0.35229999999999995,0.25336,3e-05,85.95021,1573.5,28.8
2026-09-23T19:33:40Z,2026-10-30,37,92000.0,P,0.0975,0.1015,0.0995,84909.08,84454.46,0.35229999999999995,-0.74664,3e-05,85.95021,1.6,1.5
2026-09-23T19:33:40Z,2026-10-30,37,93000.0,C,0.0135,0.014,0.0137,84909.08,84454.46,0.353,0.22381,3e-05,80.30598,117.5,14.5
2026-09-23T19:33:40Z,2026-10-30,37,93000.0,P,0.1065,0.1115,0.109,84909.08,84454.46,0.353,-0.77619,3e-05,80.30598,1.0,1.0
2026-09-23T19:33:40Z,2026-10-30,37,94000.0,C,0.0115,0.012,0.0118,84909.08,84454.46,0.3556,0.19823,3e-05,74.78916,976.6,65.9
2026-09-23T19:33:40Z,2026-10-30,37,94000.0,P,0.1165,0.121,0.1189,84909.08,84454.46,0.3556,-0.80177,3e-05,74.78916,0.1,0.0
2026-09-23T19:33:40Z,2026-10-30,37,95000.0,C,0.0095,0.0105,0.0101,84909.08,84454.46,0.3576,0.17457,3e-05,69.12251,23294.5,354.2
2026-09-23T19:33:40Z,2026-10-30,37,95000.0,P,0.1265,0.1315,0.1289,84909.08,84454.46,0.3576,-0.82543,3e-05,69.12251,200.2,200.0
2026-09-23T19:33:40Z,2026-10-30,37,96000.0,C,0.0085,0.009,0.0086,84909.08,84454.46,0.359,0.15283,2e-05,63.40456,345.6,3.3
2026-09-23T19:33:40Z,2026-10-30,37,96000.0,P,0.137,0.1415,0.1392,84909.63,84454.46,0.359,-0.84715,2e-05,63.40822,0.1,0.0
2026-09-23T19:33:40Z,2026-10-30,37,98000.0,C,0.006,0.007,0.0065,84909.63,84454.46,0.3668,0.11942,2e-05,53.54182,404.5,59.9
2026-09-23T19:33:40Z,2026-10-30,37,98000.0,P,0.1585,0.163,0.1607,84909.63,84454.46,0.3668,-0.88058,2e-05,53.54182,27.0,2.0
2026-09-23T19:33:40Z,2026-10-30,37,100000.0,C,0.0046,0.005,0.0049,84909.63,84454.46,0.3735,0.09247,2e-05,44.49735,12851.0,186.8
2026-09-23T19:33:40Z,2026-10-30,37,100000.0,P,0.1805,0.185,0.1826,84909.63,84454.46,0.3735,-0.90753,2e-05,44.49735,1.3,0.0
2026-09-23T19:33:40Z,2026-10-30,37,102000.0,C,0.0035,0.0039,0.0037,84909.63,84454.46,0.3824,0.07273,1e-05,37.13413,237.1,10.5
2026-09-23T19:33:40Z,2026-10-30,37,102000.0,P,0.203,0.2075,0.205,84909.08,84454.46,0.3824,-0.92728,1e-05,37.131,0.0,0.0
2026-09-23T19:33:40Z,2026-10-30,37,104000.0,C,0.0027,0.003,0.0029,84909.63,84454.46,0.3918,0.05769,1e-05,31.02292,121.7,5.8
2026-09-23T19:33:40Z,2026-10-30,37,104000.0,P,0.2255,0.23,0.2278,84909.63,84454.46,0.3918,-0.94231,1e-05,31.02292,0.0,0.0
2026-09-23T19:33:40Z,2026-10-30,37,105000.0,C,0.0024,0.0027,0.0026,84909.63,84454.46,0.39549999999999996,0.05103,1e-05,28.15294,1158.5,20.2
2026-09-23T19:33:40Z,2026-10-30,37,105000.0,P,0.237,0.2415,0.2392,84909.63,84454.46,0.39549999999999996,-0.94897,1e-05,28.15294,0.7,0.0
2026-09-23T19:33:40Z,2026-10-30,37,106000.0,C,0.0021,0.0025,0.0023,84909.08,84454.46,0.4019,0.04633,1e-05,26.0605,25.1,15.1
2026-09-23T19:33:40Z,2026-10-30,37,106000.0,P,0.2485,0.253,0.2507,84909.08,84454.46,0.4019,-0.95367,1e-05,26.0605,0.0,0.0
2026-09-23T19:33:40Z,2026-10-30,37,110000.0,C,0.0014,0.0017,0.0016,84909.63,84454.46,0.4244,0.03134,1e-05,18.94605,1187.8,8.2
2026-09-23T19:33:40Z,2026-10-30,37,110000.0,P,0.2945,0.2995,0.2971,84909.63,84454.46,0.4244,-0.96866,1e-05,18.94605,0.0,0.0
2026-09-23T19:33:40Z,2026-10-30,37,115000.0,C,0.0009,0.0011,0.001,84909.63,84454.46,0.45189999999999997,0.02015,0.0,13.08425,47.6,4.2
2026-09-23T19:33:40Z,2026-10-30,37,115000.0,P,0.353,0.358,0.3554,84909.63,84454.46,0.45189999999999997,-0.97985,0.0,13.08425,0.0,0.0
2026-09-23T19:33:40Z,2026-11-27,65,58000.0,C,0.321,0.324,0.3227,85269.05,84454.46,0.5236,0.96861,0.0,25.32783,0.1,0.0
2026-09-23T19:33:40Z,2026-11-27,65,58000.0,P,0.0027,0.0032,0.0029,85269.05,84454.46,0.5236,-0.03139,0.0,25.32783,46.5,0.4
2026-09-23T19:33:40Z,2026-11-27,65,60000.0,C,0.298,0.301,0.2999,85269.32,84454.46,0.5023,0.96164,0.0,29.85862,0.2,0.0
2026-09-23T19:33:40Z,2026-11-27,65,60000.0,P,0.0033,0.0038,0.0035,85269.05,84454.46,0.5023,-0.03836,0.0,29.85932,212.1,1.1
2026-09-23T19:33:40Z,2026-11-27,65,62000.0,C,0.2755,0.2785,0.2772,85269.32,84454.46,0.4828,0.95269,1e-05,35.37341,0.0,0.0
2026-09-23T19:33:40Z,2026-11-27,65,62000.0,P,0.0041,0.0046,0.0043,85269.32,84454.46,0.4828,-0.04731,1e-05,35.37341,326.0,0.7
2026-09-23T19:33:40Z,2026-11-27,65,64000.0,C,0.253,0.256,0.2548,85269.05,84454.46,0.4664,0.94076,1e-05,42.28116,0.0,0.0
2026-09-23T19:33:40Z,2026-11-27,65,64000.0,P,0.005,0.006,0.0054,85269.32,84454.46,0.4664,-0.05924,1e-05,42.28022,39.5,1.1
2026-09-23T19:33:40Z,2026-11-27,65,66000.0,C,0.2305,0.234,0.2324,85269.32,84454.46,0.445,0.92821,1e-05,49.07666,0.0,0.0
2026-09-23T19:33:40Z,2026-11-27,65,66000.0,P,0.006,0.007,0.0064,85269.32,84454.46,0.445,-0.07179,1e-05,49.07666,162.1,1.2
2026-09-23T19:33:40Z,2026-11-27,65,67000.0,C,0.2195,0.223,0.2217,85269.05,84454.46,0.44060000000000005,0.91837,1e-05,54.11488,0.5,0.0
2026-09-23T19:33:40Z,2026-11-27,65,67000.0,P,0.007,0.008,0.0074,85269.32,84454.46,0.44060000000000005,-0.08163,1e-05,54.11376,62.4,3.6
2026-09-23T19:33:40Z,2026-11-27,65,68000.0,C,0.209,0.212,0.2109,85269.05,84454.46,0.43450000000000005,0.90827,1e-05,59.04612,0.0,0.0
2026-09-23T19:33:40Z,2026-11-27,65,68000.0,P,0.008,0.009,0.0084,85269.32,84454.46,0.43450000000000005,-0.09173,1e-05,59.04494,140.8,1.0
2026-09-23T19:33:40Z,2026-11-27,65,69000.0,C,0.198,0.2015,0.2002,85269.32,84454.46,0.4269,0.89785,1e-05,63.89848,0.0,0.0
2026-09-23T19:33:40Z,2026-11-27,65,69000.0,P,0.009,0.01,0.0094,85269.32,84454.46,0.4269,-0.10215,1e-05,63.89848,100.2,26.0
2026-09-23T19:33:40Z,2026-11-27,65,70000.0,C,0.1875,0.191,0.1895,85269.05,84454.46,0.4179,0.88702,1e-05,68.71187,3.7,1.4
2026-09-23T19:33:40Z,2026-11-27,65,70000.0,P,0.01,0.011,0.0104,85269.32,84454.46,0.4179,-0.11298,1e-05,68.71059,224.0,2.2
2026-09-23T19:33:40Z,2026-11-27,65,71000.0,C,0.177,0.1805,0.1792,85268.96,84454.46,0.41350000000000003,0.87291,1e-05,74.65567,0.2,0.1
2026-09-23T19:33:40Z,2026-11-27,65,71000.0,P,0.0115,0.0125,0.0119,85268.96,84454.46,0.41350000000000003,-0.12709,1e-05,74.65567,27.5,0.2
2026-09-23T19:33:40Z,2026-11-27,65,72000.0,C,0.167,0.1705,0.169,85268.87,84454.46,0.4073,0.85843,2e-05,80.39746,25.5,0.1
2026-09-23T19:33:40Z,2026-11-27,65,72000.0,P,0.013,0.014,0.0134,85268.87,84454.46,0.4073,-0.14157,2e-05,80.39746,74.9,0.3
2026-09-23T19:33:40Z,2026-11-27,65,73000.0,C,0.1575,0.16,0.1591,85268.96,84454.46,0.4025,0.84198,2e-05,86.5183,0.4,0.1
2026-09-23T19:33:40Z,2026-11-27,65,73000.0,P,0.0145,0.0155,0.0152,85268.87,84454.46,0.4025,-0.15802,2e-05,86.51875,49.6,4.4
2026-09-23T19:33:40Z,2026-11-27,65,74000.0,C,0.148,0.15,0.1493,85268.87,84454.46,0.3978,0.8241,2e-05,92.7138,0.4,0.0
2026-09-23T19:33:40Z,2026-11-27,65,74000.0,P,0.0165,0.0175,0.0172,85268.87,84454.46,0.3978,-0.1759,2e-05,92.7138,60.8,3.5
2026-09-23T19:33:40Z,2026-11-27,65,75000.0,C,0.1385,0.1405,0.1398,85268.96,84454.46,0.3933,0.80477,2e-05,98.91143,269.3,0.3
2026-09-23T19:33:40Z,2026-11-27,65,75000.0,P,0.019,0.02,0.0194,85268.96,84454.46,0.3933,-0.19523,2e-05,98.91143,1719.8,2.8
2026-09-23T19:33:40Z,2026-11-27,65,76000.0,C,0.1295,0.1315,0.1307,85268.96,84454.46,0.3895,0.78364,2e-05,105.13179,27.2,0.0
2026-09-23T19:33:40Z,2026-11-27,65,76000.0,P,0.0215,0.0225,0.0219,85268.87,84454.46,0.3895,-0.21636,2e-05,105.13221,62.4,5.5
2026-09-23T19:33:40Z,2026-11-27,65,77000.0,C,0.1205,0.1225,0.1218,85268.96,84454.46,0.38659999999999994,0.76077,2e-05,111.25211,73.4,0.0
2026-09-23T19:33:40Z,2026-11-27,65,77000.0,P,0.0245,0.0255,0.0249,85268.87,84454.46,0.38659999999999994,-0.23923,2e-05,111.25251,211.1,130.0
2026-09-23T19:33:40Z,2026-11-27,65,78000.0,C,0.112,0.114,0.1132,85268.96,84454.46,0.3829,0.73695,2e-05,116.98296,255.5,0.0
2026-09-23T19:33:40Z,2026-11-27,65,78000.0,P,0.0275,0.0285,0.0279,85268.96,84454.46,0.3829,-0.26305,2e-05,116.98296,187.1,4.2
2026-09-23T19:33:40Z,2026-11-27,65,79000.0,C,0.104,0.106,0.105,85268.87,84454.46,0.3803,0.71143,3e-05,122.43093,158.3,0.0
2026-09-23T19:33:40Z,2026-11-27,65,79000.0,P,0.031,0.032,0.0315,85268.87,84454.46,0.3803,-0.28857,3e-05,122.43093,167.9,0.1
2026-09-23T19:33:40Z,2026-11-27,65,80000.0,C,0.0965,0.098,0.0972,85268.96,84454.46,0.3784,0.68456,3e-05,127.42798,1146.5,0.3
2026-09-23T19:33:40Z,2026-11-27,65,80000.0,P,0.035,0.036,0.0354,85268.87,84454.46,0.3784,-0.31545,3e-05,127.42825,120.5,11.1
2026-09-23T19:33:40Z,2026-11-27,65,81000.0,C,0.089,0.0905,0.0899,85274.38,84454.46,0.37729999999999997,0.65671,3e-05,131.8462,162.9,0.0
2026-09-23T19:33:40Z,2026-11-27,65,81000.0,P,0.039,0.04,0.0398,85274.38,84454.46,0.37729999999999997,-0.34329,3e-05,131.8462,47.6,1.8
2026-09-23T19:33:40Z,2026-11-27,65,82000.0,C,0.0815,0.0835,0.0827,85274.38,84454.46,0.3751,0.62821,3e-05,135.57691,164.9,0.0
2026-09-23T19:33:40Z,2026-11-27,65,82000.0,P,0.044,0.045,0.0444,85274.38,84454.46,0.3751,-0.37179,3e-05,135.57691,108.4,30.8
2026-09-23T19:33:40Z,2026-11-27,65,83000.0,C,0.0755,0.0765,0.076,85274.38,84454.46,0.3736,0.59895,3e-05,138.60598,88.4,0.0
2026-09-23T19:33:40Z,2026-11-27,65,83000.0,P,0.049,0.05,0.0494,85274.38,84454.46,0.3736,-0.40105,3e-05,138.60598,177.1,1.1
2026-09-23T19:33:40Z,2026-11-27,65,84000.0,C,0.069,0.07,0.0697,85274.38,84454.46,0.3725,0.56924,3e-05,140.86865,70.5,25.0
2026-09-23T19:33:40Z,2026-11-27,65,84000.0,P,0.0545,0.0555,0.0548,85274.38,84454.46,0.3725,-0.43076,3e-05,140.86865,14.8,1.4
2026-09-23T19:33:40Z,2026-11-27,65,85000.0,C,0.063,0.0645,0.0637,85269.36,84454.46,0.3716,0.53918,3e-05,142.32997,791.6,25.4
2026-09-23T19:33:40Z,2026-11-27,65,85000.0,P,0.06,0.061,0.0606,85269.36,84454.46,0.3716,-0.46082,3e-05,142.32997,57.2,6.3
2026-09-23T19:33:40Z,2026-11-27,65,86000.0,C,0.0575,0.0585,0.0582,85274.38,84454.46,0.37070000000000003,0.5094,3e-05,142.9889,208.4,7.5
2026-09-23T19:33:40Z,2026-11-27,65,86000.0,P,0.066,0.0675,0.0668,85274.38,84454.46,0.37070000000000003,-0.4906,3e-05,142.9889,89.9,25.2
2026-09-23T19:33:40Z,2026-11-27,65,87000.0,C,0.0525,0.0535,0.053,85274.38,84454.46,0.37,0.47967,3e-05,142.84281,109.0,0.4
2026-09-23T19:33:40Z,2026-11-27,65,87000.0,P,0.0725,0.074,0.0733,85274.38,84454.46,0.37,-0.52033,3e-05,142.84281,4.6,0.2
2026-09-23T19:33:40Z,2026-11-27,65,88000.0,C,0.0475,0.0485,0.0482,85274.38,84454.46,0.36979999999999996,0.4504,3e-05,141.92157,1119.0,125.3
2026-09-23T19:33:40Z,2026-11-27,65,88000.0,P,0.0795,0.0805,0.0803,85274.38,84454.46,0.36979999999999996,-0.5496,3e-05,141.92157,32.4,6.2
2026-09-23T19:33:40Z,2026-11-27,65,89000.0,C,0.043,0.044,0.0437,85274.38,84454.46,0.36920000000000003,0.42157,3e-05,140.25585,574.0,100.1
2026-09-23T19:33:40Z,2026-11-27,65,89000.0,P,0.087,0.088,0.0875,85274.38,84454.46,0.36920000000000003,-0.57843,3e-05,140.25585,16.5,7.4
2026-09-23T19:33:40Z,2026-11-27,65,90000.0,C,0.039,0.04,0.0396,85274.38,84454.46,0.3689,0.39352,3e-05,137.90313,752.3,1.0
2026-09-23T19:33:40Z,2026-11-27,65,90000.0,P,0.0945,0.0965,0.095,85274.25,84454.46,0.3689,-0.60649,3e-05,137.90249,6.7,0.2
2026-09-23T19:33:40Z,2026-11-27,65,91000.0,C,0.035,0.0365,0.0357,85273.42,84454.46,0.36840000000000006,0.36609,3e-05,134.89198,103.8,25.9
2026-09-23T19:33:40Z,2026-11-27,65,91000.0,P,0.1025,0.1045,0.1029,85274.25,84454.46,0.36840000000000006,-0.63389,3e-05,134.8962,0.0,0.0
2026-09-23T19:33:40Z,2026-11-27,65,92000.0,C,0.0315,0.033,0.0323,85273.42,84454.46,0.36829999999999996,0.33984,3e-05,131.34044,375.8,122.7
2026-09-23T19:33:40Z,2026-11-27,65,92000.0,P,0.1105,0.1125,0.1111,85273.42,84454.46,0.36829999999999996,-0.66016,3e-05,131.34044,2.1,0.5
2026-09-23T19:33:40Z,2026-11-27,65,93000.0,C,0.0285,0.0295,0.0292,85273.42,84454.46,0.3693,0.31526,3e-05,127.40266,56.0,4.2
2026-09-23T19:33:40Z,2026-11-27,65,93000.0,P,0.119,0.1215,0.1198,85273.42,84454.46,0.3693,-0.68474,3e-05,127.40266,0.0,0.0
2026-09-23T19:33:40Z,2026-11-27,65,94000.0,C,0.0255,0.0265,0.0262,85273.42,84454.46,0.369,0.29097,3e-05,122.91319,82.7,0.7
2026-09-23T19:33:40Z,2026-11-27,65,94000.0,P,0.127,0.1305,0.1285,85274.25,84454.46,0.369,-0.70901,3e-05,122.91863,3.0,0.0
2026-09-23T19:33:40Z,2026-11-27,65,95000.0,C,0.023,0.024,0.0237,85274.25,84454.46,0.37020000000000003,0.26891,2e-05,118.30157,422.2,0.2
2026-09-23T19:33:40Z,2026-11-27,65,95000.0,P,0.136,0.14,0.1377,85273.42,84454.46,0.37020000000000003,-0.73112,2e-05,118.29586,0.1,0.0
2026-09-23T19:33:40Z,2026-11-27,65,96000.0,C,0.021,0.022,0.0213,85273.42,84454.46,0.3712,0.24788,2e-05,113.41323,184.3,2.7
2026-09-23T19:33:40Z,2026-11-27,65,96000.0,P,0.1455,0.149,0.1471,85273.42,84454.46,0.3712,-0.75212,2e-05,113.41323,0.0,0.0
2026-09-23T19:33:40Z,2026-11-27,65,97000.0,C,0.0185,0.0195,0.0192,85274.25,84454.46,0.37229999999999996,0.22815,2e-05,108.37215,9.7,9.1
2026-09-23T19:33:40Z,2026-11-27,65,97000.0,P,0.155,0.159,0.1567,85273.42,84454.46,0.37229999999999996,-0.77187,2e-05,108.36607,0.0,0.0
2026-09-23T19:33:40Z,2026-11-27,65,98000.0,C,0.017,0.018,0.0174,85274.25,84454.46,0.374,0.21011,2e-05,103.35787,675.2,3.2
2026-09-23T19:33:40Z,2026-11-27,65,98000.0,P,0.1645,0.1685,0.1666,85273.42,84454.46,0.374,-0.78991,2e-05,103.3517,0.0,0.0
2026-09-23T19:33:40Z,2026-11-27,65,99000.0,C,0.015,0.016,0.0157,85273.42,84454.46,0.3754,0.19301,2e-05,98.23005,0.5,0.0
2026-09-23T19:33:40Z,2026-11-27,65,99000.0,P,0.1745,0.179,0.1766,85273.42,84454.46,0.3754,-0.80699,2e-05,98.23005,0.0,0.0
2026-09-23T19:33:40Z,2026-11-27,65,100000.0,C,0.0135,0.0145,0.0141,85273.42,84454.46,0.3768,0.17713,2e-05,93.1259,439.4,214.1
2026-09-23T19:33:40Z,2026-11-27,65,100000.0,P,0.185,0.189,0.1868,85273.5,84454.46,0.3768,-0.82287,2e-05,93.1265,25.5,0.0
2026-09-23T19:33:40Z,2026-11-27,65,102000.0,C,0.011,0.012,0.0116,85273.42,84454.46,0.3812,0.14979,2e-05,83.51381,360.8,12.2
2026-09-23T19:33:40Z,2026-11-27,65,102000.0,P,0.206,0.21,0.2077,85273.42,84454.46,0.3812,-0.85021,2e-05,83.51381,2.0,2.0
2026-09-23T19:33:40Z,2026-11-27,65,104000.0,C,0.009,0.01,0.0096,85273.42,84454.46,0.3862,0.12682,2e-05,74.54836,16.0,0.0
2026-09-23T19:33:40Z,2026-11-27,65,104000.0,P,0.227,0.2315,0.2292,85273.42,84454.46,0.3862,-0.87318,2e-05,74.54836,0.0,0.0
2026-09-23T19:33:40Z,2026-11-27,65,105000.0,C,0.008,0.009,0.0086,85273.42,84454.46,0.38689999999999997,0.11549,1e-05,69.80136,20.7,0.4
2026-09-23T19:33:40Z,2026-11-27,65,105000.0,P,0.238,0.2425,0.2399,85273.42,84454.46,0.38689999999999997,-0.88451,1e-05,69.80136,0.2,0.2
2026-09-23T19:33:40Z,2026-11-27,65,106000.0,C,0.0075,0.008,0.0078,85273.5,84454.46,0.3899,0.10651,1e-05,65.86706,28.9,2.2
2026-09-23T19:33:40Z,2026-11-27,65,106000.0,P,0.249,0.2535,0.2509,85273.5,84454.46,0.3899,-0.89349,1e-05,65.86706,0.0,0.0
2026-09-23T19:33:40Z,2026-11-27,65,108000.0,C,0.006,0.007,0.0066,85273.42,84454.46,0.3957,0.09062,1e-05,58.51792,97.7,0.0
2026-09-23T19:33:40Z,2026-11-27,65,108000.0,P,0.271,0.2755,0.2731,85273.5,84454.46,0.3957,-0.90938,1e-05,58.51841,0.0,0.0
2026-09-23T19:33:40Z,2026-11-27,65,110000.0,C,0.005,0.006,0.0055,85273.42,84454.46,0.4022,0.07762,1e-05,52.09265,250.8,2.2
2026-09-23T19:33:40Z,2026-11-27,65,110000.0,P,0.2935,0.298,0.2955,85273.42,84454.46,0.4022,-0.92238,1e-05,52.09265,0.0,0.0
2026-09-23T19:33:40Z,2026-11-27,65,112000.0,C,0.0043,0.0048,0.0046,85273.42,84454.46,0.4065,0.06554,1e-05,45.74806,0.0,0.0
2026-09-23T19:33:40Z,2026-11-27,65,112000.0,P,0.316,0.321,0.318,85273.42,84454.46,0.4065,-0.93446,1e-05,45.74806,0.0,0.0
2026-09-23T19:33:40Z,2026-11-27,65,115000.0,C,0.0034,0.0038,0.0036,85273.5,84454.46,0.41619999999999996,0.05244,1e-05,38.40518,33.7,0.1
2026-09-23T19:33:40Z,2026-11-27,65,115000.0,P,0.35,0.355,0.3522,85273.5,84454.46,0.41619999999999996,-0.94756,1e-05,38.40518,0.2,0.0
2026-09-23T19:33:40Z,2026-11-27,65,120000.0,C,0.0023,0.0029,0.0026,85273.5,84454.46,0.4346,0.03769,1e-05,29.43174,106.3,3.5
2026-09-23T19:33:40Z,2026-11-27,65,120000.0,P,0.4075,0.413,0.4098,85273.5,84454.46,0.4346,-0.96231,1e-05,29.43174,0.7,0.1
2026-09-23T19:33:40Z,2026-12-25,93,20000.0,C,0.7655,0.767,0.7665,85587.54,84454.46,1.0436,0.99878,0.0,1.74658,4.9,0.2
2026-09-23T19:33:40Z,2026-12-25,93,20000.0,P,0.0001,0.0004,0.0002,85587.35,84454.46,1.0436,-0.00122,0.0,1.7466,905.8,6.5
2026-09-23T19:33:40Z,2026-12-25,93,30000.0,C,0.649,0.6505,0.65,85587.54,84454.46,0.8420000000000001,0.99637,0.0,4.6764,300.7,0.0
2026-09-23T19:33:40Z,2026-12-25,93,30000.0,P,0.0005,0.0007,0.0005,85587.35,84454.46,0.8420000000000001,-0.00363,0.0,4.67645,2148.5,3.1
2026-09-23T19:33:40Z,2026-12-25,93,35000.0,C,0.5905,0.5925,0.592,85587.54,84454.46,0.7742,0.9936,0.0,7.7625,87.8,0.0
2026-09-23T19:33:40Z,2026-12-25,93,35000.0,P,0.0007,0.001,0.0009,85587.54,84454.46,0.7742,-0.0064,0.0,7.7625,2442.6,0.4
2026-09-23T19:33:40Z,2026-12-25,93,40000.0,C,0.5325,0.5345,0.5341,85587.54,84454.46,0.7131000000000001,0.98923,0.0,12.25517,253.0,0.0
2026-09-23T19:33:40Z,2026-12-25,93,40000.0,P,0.0014,0.0015,0.0015,85587.54,84454.46,0.7131000000000001,-0.01077,0.0,12.25517,4642.7,3.3
2026-09-23T19:33:40Z,2026-12-25,93,45000.0,C,0.4745,0.477,0.4761,85587.54,84454.46,0.6351,0.98501,0.0,16.31048,94.5,0.0
2026-09-23T19:33:40Z,2026-12-25,93,45000.0,P,0.0019,0.0021,0.0019,85586.7,84454.46,0.6351,-0.01499,0.0,16.31156,2844.2,0.4
2026-09-23T19:33:40Z,2026-12-25,93,50000.0,C,0.417,0.4195,0.4185,85586.7,84454.46,0.5734,0.97758,0.0,22.97612,260.7,0.0
2026-09-23T19:33:40Z,2026-12-25,93,50000.0,P,0.0025,0.0028,0.0027,85586.7,84454.46,0.5734,-0.02242,0.0,22.97612,2217.9,6.9
2026-09-23T19:33:40Z,2026-12-25,93,52000.0,C,0.394,0.3965,0.3956,85586.7,84454.46,0.5529,0.97316,0.0,26.7276,0.1,0.0
2026-09-23T19:33:40Z,2026-12-25,93,52000.0,P,0.0029,0.0033,0.0032,85586.7,84454.46,0.5529,-0.02684,0.0,26.7276,439.2,1.1
2026-09-23T19:33:40Z,2026-12-25,93,54000.0,C,0.371,0.3735,0.3727,85587.37,84454.46,0.5311,0.96828,0.0,30.70035,32.2,0.0
2026-09-23T19:33:40Z,2026-12-25,93,54000.0,P,0.0034,0.0038,0.0037,85587.37,84454.46,0.5311,-0.03172,0.0,30.70035,1868.1,0.0
2026-09-23T19:33:40Z,2026-12-25,93,55000.0,C,0.3595,0.3625,0.3613,85586.7,84454.46,0.5203,0.96554,0.0,32.87261,124.9,0.0
2026-09-23T19:33:40Z,2026-12-25,93,55000.0,P,0.0037,0.0041,0.0039,85586.7,84454.46,0.5203,-0.03446,0.0,32.87261,3263.6,0.9
2026-09-23T19:33:40Z,2026-12-25,93,56000.0,C,0.348,0.351,0.35,85586.7,84454.46,0.5115999999999999,0.96209,0.0,35.54376,42.2,0.0
2026-09-23T19:33:40Z,2026-12-25,93,56000.0,P,0.0041,0.0045,0.0043,85586.7,84454.46,0.5115999999999999,-0.03791,0.0,35.54376,520.7,1.7
2026-09-23T19:33:40Z,2026-12-25,93,58000.0,C,0.3255,0.3285,0.3275,85586.7,84454.46,0.49450000000000005,0.95422,0.0,41.41054,40.3,0.0
2026-09-23T19:33:40Z,2026-12-25,93,58000.0,P,0.0049,0.0055,0.0052,85586.7,84454.46,0.49450000000000005,-0.04578,0.0,41.41054,1838.5,1.1
2026-09-23T19:33:40Z,2026-12-25,93,60000.0,C,0.3035,0.3065,0.3051,85586.7,84454.46,0.47700000000000004,0.94509,1e-05,47.87206,786.7,0.7
2026-09-23T19:33:40Z,2026-12-25,93,60000.0,P,0.006,0.0065,0.0061,85586.7,84454.46,0.47700000000000004,-0.05491,1e-05,47.87206,6255.2,17.7
2026-09-23T19:33:40Z,2026-12-25,93,62000.0,C,0.281,0.2845,0.283,85586.7,84454.46,0.4618,0.93358,1e-05,55.55793,247.1,0.0
2026-09-23T19:33:40Z,2026-12-25,93,62000.0,P,0.007,0.008,0.0074,85586.7,84454.46,0.4618,-0.06642,1e-05,55.55793,1549.8,3.2
2026-09-23T19:33:40Z,2026-12-25,93,64000.0,C,0.259,0.263,0.2612,85586.7,84454.46,0.44630000000000003,0.92013,1e-05,63.982,404.9,0.0
2026-09-23T19:33:40Z,2026-12-25,93,64000.0,P,0.0085,0.0095,0.0089,85586.7,84454.46,0.44630000000000003,-0.07987,1e-05,63.982,390.4,1.4
2026-09-23T19:33:40Z,2026-12-25,93,65000.0,C,0.2485,0.252,0.2505,85586.7,84454.46,0.4404,0.91178,1e-05,68.94132,916.8,1.6
2026-09-23T19:33:40Z,2026-12-25,93,65000.0,P,0.0095,0.0105,0.0099,85587.37,84454.46,0.4404,-0.08821,1e-05,68.93857,811.3,0.0
2026-09-23T19:33:40Z,2026-12-25,93,66000.0,C,0.2375,0.2415,0.2398,85586.7,84454.46,0.4336,0.90314,1e-05,73.87304,279.7,0.0
2026-09-23T19:33:40Z,2026-12-25,93,66000.0,P,0.0105,0.0115,0.0109,85586.7,84454.46,0.4336,-0.09686,1e-05,73.87304,426.2,4.1
2026-09-23T19:33:40Z,2026-12-25,93,68000.0,C,0.217,0.2205,0.2189,85586.7,84454.46,0.4226,0.88247,1e-05,84.9397,1031.4,0.0
2026-09-23T19:33:40Z,2026-12-25,93,68000.0,P,0.013,0.014,0.0135,85586.7,84454.46,0.4226,-0.11753,1e-05,84.9397,686.8,5.3
2026-09-23T19:33:40Z,2026-12-25,93,70000.0,C,0.1965,0.2005,0.199,85586.7,84454.46,0.4152,0.85684,1e-05,97.36681,1895.6,1.0
2026-09-23T19:33:40Z,2026-12-25,93,70000.0,P,0.0165,0.0175,0.0169,85586.7,84454.46,0.4152,-0.14316,1e-05,97.36681,1494.8,181.7
2026-09-23T19:33:40Z,2026-12-25,93,72000.0,C,0.177,0.181,0.1796,85586.7,84454.46,0.40700000000000003,0.82793,1e-05,109.88581,1214.2,0.1
2026-09-23T19:33:40Z,2026-12-25,93,72000.0,P,0.0205,0.0215,0.0208,85587.37,84454.46,0.40700000000000003,-0.17206,1e-05,109.8827,917.9,2.1
2026-09-23T19:33:40Z,2026-12-25,93,74000.0,C,0.16,0.1615,0.1609,85587.37,84454.46,0.3985,0.79541,2e-05,122.28345,138.0,0.0
2026-09-23T19:33:40Z,2026-12-25,93,74000.0,P,0.025,0.026,0.0255,85586.59,84454.46,0.3985,-0.2046,2e-05,122.28704,169.9,1.6
2026-09-23T19:33:40Z,2026-12-25,93,75000.0,C,0.151,0.1525,0.1521,85587.37,84454.46,0.3962,0.77689,2e-05,128.61369,1897.0,0.0
2026-09-23T19:33:40Z,2026-12-25,93,75000.0,P,0.028,0.029,0.0284,85586.59,84454.46,0.3962,-0.22312,2e-05,128.61751,1709.6,64.7
2026-09-23T19:33:40Z,2026-12-25,93,76000.0,C,0.1425,0.144,0.1434,85586.7,84454.46,0.3933,0.75772,2e-05,134.64388,480.9,0.0
2026-09-23T19:33:40Z,2026-12-25,93,76000.0,P,0.031,0.032,0.0314,85586.59,84454.46,0.3933,-0.24228,2e-05,134.64466,475.3,5.5
2026-09-23T19:33:40Z,2026-12-25,93,78000.0,C,0.126,0.1275,0.127,85586.65,84454.46,0.3886,0.71642,2e-05,145.94004,1088.9,7.1
2026-09-23T19:33:40Z,2026-12-25,93,78000.0,P,0.038,0.039,0.0383,85586.59,84454.46,0.3886,-0.28358,2e-05,145.94031,1436.5,4.2
2026-09-23T19:33:40Z,2026-12-25,93,80000.0,C,0.1105,0.1125,0.1117,85586.64,84454.46,0.3843,0.67206,2e-05,155.65467,8732.3,250.7
2026-09-23T19:33:40Z,2026-12-25,93,80000.0,P,0.046,0.047,0.0464,85586.51,84454.46,0.3843,-0.32794,2e-05,155.65498,1647.3,64.9
2026-09-23T19:33:40Z,2026-12-25,93,82000.0,C,0.0965,0.098,0.0977,85586.59,84454.46,0.3814,0.62512,2e-05,163.37784,1320.3,0.4
2026-09-23T19:33:40Z,2026-12-25,93,82000.0,P,0.055,0.0565,0.0558,85586.59,84454.46,0.3814,-0.37488,2e-05,163.37784,784.1,0.7
2026-09-23T19:33:40Z,2026-12-25,93,84000.0,C,0.084,0.0855,0.0849,85586.64,84454.46,0.3789,0.57671,2e-05,168.71534,1243.0,404.7
2026-09-23T19:33:40Z,2026-12-25,93,84000.0,P,0.066,0.067,0.0664,85586.64,84454.46,0.3789,-0.42329,2e-05,168.71534,131.6,3.2
2026-09-23T19:33:40Z,2026-12-25,93,85000.0,C,0.0785,0.0795,0.0791,85586.59,84454.46,0.3782,0.55224,2e-05,170.42688,3025.5,33.1
2026-09-23T19:33:40Z,2026-12-25,93,85000.0,P,0.0715,0.0725,0.0722,85586.51,84454.46,0.3782,-0.44776,2e-05,170.42683,556.9,20.6
2026-09-23T19:33:40Z,2026-12-25,93,86000.0,C,0.0725,0.074,0.0734,85586.51,84454.46,0.3772,0.52773,2e-05,171.48693,511.0,15.1
2026-09-23T19:33:40Z,2026-12-25,93,86000.0,P,0.0775,0.079,0.0783,85586.64,84454.46,0.3772,-0.47226,2e-05,171.4871,77.2,1.7
2026-09-23T19:33:40Z,2026-12-25,93,88000.0,C,0.0625,0.064,0.0632,85586.64,84454.46,0.3761,0.4792,2e-05,171.66897,3820.1,21.0
2026-09-23T19:33:40Z,2026-12-25,93,88000.0,P,0.091,0.092,0.0914,85586.64,84454.46,0.3761,-0.5208,2e-05,171.66897,150.4,4.9
2026-09-23T19:33:40Z,2026-12-25,93,90000.0,C,0.0535,0.0545,0.0542,85586.51,84454.46,0.37560000000000004,0.43199,2e-05,169.39826,3790.9,10.0
2026-09-23T19:33:40Z,2026-12-25,93,90000.0,P,0.105,0.1065,0.1058,85586.59,84454.46,0.37560000000000004,-0.56801,2e-05,169.39856,608.7,2.2
2026-09-23T19:33:40Z,2026-12-25,93,92000.0,C,0.046,0.047,0.0463,85586.51,84454.46,0.3757,0.38689,2e-05,164.94628,669.2,33.1
2026-09-23T19:33:40Z,2026-12-25,93,92000.0,P,0.1205,0.1225,0.1213,85586.64,84454.46,0.3757,-0.6131,2e-05,164.94691,16.6,1.4
2026-09-23T19:33:40Z,2026-12-25,93,94000.0,C,0.039,0.04,0.0396,85586.51,84454.46,0.3768,0.34476,2e-05,158.71738,632.9,174.2
2026-09-23T19:33:40Z,2026-12-25,93,94000.0,P,0.1365,0.1395,0.1379,85586.64,84454.46,0.3768,-0.65524,2e-05,158.71812,5.3,0.0
2026-09-23T19:33:40Z,2026-12-25,93,95000.0,C,0.036,0.037,0.0365,85586.51,84454.46,0.37729999999999997,0.32479,2e-05,155.04509,1525.7,30.4
2026-09-23T19:33:40Z,2026-12-25,93,95000.0,P,0.145,0.1485,0.1465,85587.72,84454.46,0.37729999999999997,-0.67518,2e-05,155.05247,142.5,3.1
2026-09-23T19:33:40Z,2026-12-25,93,96000.0,C,0.033,0.034,0.0337,85587.87,84454.46,0.37770000000000004,0.30552,2e-05,151.04928,1559.3,35.5
2026-09-23T19:33:40Z,2026-12-25,93,96000.0,P,0.154,0.1565,0.1554,85586.51,84454.46,0.37770000000000004,-0.69451,2e-05,151.04046,50.7,2.0
2026-09-23T19:33:40Z,2026-12-25,93,98000.0,C,0.028,0.029,0.0287,85587.87,84454.46,0.37929999999999997,0.26969,2e-05,142.39376,345.2,20.9
2026-09-23T19:33:40Z,2026-12-25,93,98000.0,P,0.1715,0.1755,0.1737,85587.72,84454.46,0.37929999999999997,-0.73031,2e-05,142.39271,1.8,0.1
2026-09-23T19:33:40Z,2026-12-25,93,100000.0,C,0.024,0.0245,0.0243,85587.87,84454.46,0.38049999999999995,0.2368,2e-05,132.9755,5960.0,120.9
2026-09-23T19:33:40Z,2026-12-25,93,100000.0,P,0.1905,0.195,0.1927,85587.72,84454.46,0.38049999999999995,-0.7632,2e-05,132.9744,303.1,0.0
2026-09-23T19:33:40Z,2026-12-25,93,102000.0,C,0.02,0.021,0.0206,85587.72,84454.46,0.3826,0.20767,2e-05,123.37348,512.7,4.3
2026-09-23T19:33:40Z,2026-12-25,93,102000.0,P,0.21,0.2145,0.2124,85587.72,84454.46,0.3826,-0.79233,2e-05,123.37348,7.8,0.0
2026-09-23T19:33:40Z,2026-12-25,93,104000.0,C,0.017,0.018,0.0176,85587.72,84454.46,0.38539999999999996,0.18214,2e-05,113.91055,157.4,42.7
2026-09-23T19:33:40Z,2026-12-25,93,104000.0,P,0.2305,0.235,0.2328,85587.72,84454.46,0.38539999999999996,-0.81786,2e-05,113.91055,0.3,0.0
2026-09-23T19:33:40Z,2026-12-25,93,105000.0,C,0.016,0.0165,0.0163,85587.72,84454.46,0.3871,0.17069,2e-05,109.32585,946.3,0.4
2026-09-23T19:33:40Z,2026-12-25,93,105000.0,P,0.2405,0.2455,0.2431,85587.72,84454.46,0.3871,-0.82931,2e-05,109.32585,109.5,0.0
2026-09-23T19:33:40Z,2026-12-25,93,106000.0,C,0.0145,0.0155,0.0151,85586.51,84454.46,0.38880000000000003,0.15985,1e-05,104.77824,624.1,2.5
2026-09-23T19:33:40Z,2026-12-25,93,106000.0,P,0.251,0.256,0.2536,85586.51,84454.46,0.38880000000000003,-0.84015,1e-05,104.77824,0.2,0.0
2026-09-23T19:33:40Z,2026-12-25,93,108000.0,C,0.0125,0.0135,0.0131,85587.72,84454.46,0.3932,0.141,1e-05,96.37179,210.7,0.2
2026-09-23T19:33:40Z,2026-12-25,93,108000.0,P,0.2725,0.277,0.275,85586.51,84454.46,0.3932,-0.85902,1e-05,96.36302,0.1,0.0
2026-09-23T19:33:40Z,2026-12-25,93,110000.0,C,0.0105,0.011,0.0111,85587.72,84454.46,0.39490000000000003,0.12245,1e-05,87.42976,2941.4,4.9
2026-09-23T19:33:40Z,2026-12-25,93,110000.0,P,0.294,0.299,0.2963,85586.51,84454.46,0.39490000000000003,-0.87757,1e-05,87.4213,82.4,0.0
2026-09-23T19:33:40Z,2026-12-25,93,115000.0,C,0.0075,0.0085,0.008,85587.72,84454.46,0.4086,0.09126,1e-05,70.69761,2363.4,13.3
2026-09-23T19:33:40Z,2026-12-25,93,115000.0,P,0.349,0.354,0.3517,85588.16,84454.46,0.4086,-0.90874,1e-05,70.69989,5.0,0.0
2026-09-23T19:33:40Z,2026-12-25,93,120000.0,C,0.005,0.006,0.0057,85588.16,84454.46,0.4182,0.06681,1e-05,55.81259,5780.8,1.0
2026-09-23T19:33:40Z,2026-12-25,93,120000.0,P,0.405,0.4105,0.4078,85588.16,84454.46,0.4182,-0.93319,1e-05,55.81259,35.8,0.0
2026-09-23T19:33:40Z,2026-12-25,93,125000.0,C,0.004,0.0044,0.0042,85588.16,84454.46,0.4304,0.05056,1e-05,44.83822,502.6,0.0
2026-09-23T19:33:40Z,2026-12-25,93,125000.0,P,0.462,0.4675,0.4647,85588.16,84454.46,0.4304,-0.94944,1e-05,44.83822,9.1,0.0
2026-09-23T19:33:40Z,2026-12-25,93,130000.0,C,0.003,0.0036,0.0033,85588.16,84454.46,0.4457,0.04001,0.0,37.14263,1568.7,5.1
2026-09-23T19:33:40Z,2026-12-25,93,130000.0,P,0.5195,0.5255,0.5223,85588.16,84454.46,0.4457,-0.95999,0.0,37.14263,57.0,0.0
2026-09-23T19:33:40Z,2026-12-25,93,135000.0,C,0.0026,0.0029,0.0028,85588.16,84454.46,0.46259999999999996,0.03286,0.0,31.61267,1425.0,4.0
2026-09-23T19:33:40Z,2026-12-25,93,135000.0,P,0.577,0.5835,0.5801,85588.16,84454.46,0.46259999999999996,-0.96714,0.0,31.61267,0.7,0.0
2026-09-23T19:33:40Z,2026-12-25,93,140000.0,C,0.0019,0.0024,0.0022,85587.87,84454.46,0.4732,0.02579,0.0,25.85087,1431.9,0.1
2026-09-23T19:33:40Z,2026-12-25,93,140000.0,P,0.635,0.6415,0.6379,85588.16,84454.46,0.4732,-0.97421,0.0,25.85167,0.3,0.0
2026-09-23T19:33:40Z,2026-12-25,93,150000.0,C,0.0012,0.0017,0.0015,85588.16,84454.46,0.49829999999999997,0.01738,0.0,18.51217,1710.6,0.5
2026-09-23T19:33:40Z,2026-12-25,93,150000.0,P,0.751,0.758,0.7541,85587.87,84454.46,0.49829999999999997,-0.98262,0.0,18.51158,4.4,0.0
2026-09-23T19:33:40Z,2026-12-25,93,160000.0,C,0.0008,0.0012,0.001,85588.16,84454.46,0.522,0.01226,0.0,13.71015,1291.8,2.0
2026-09-23T19:33:40Z,2026-12-25,93,160000.0,P,0.867,0.8745,0.8705,85588.16,84454.46,0.522,-0.98774,0.0,13.71015,0.1,0.0
2026-09-23T19:33:40Z,2026-12-25,93,170000.0,C,0.0006,0.0011,0.0008,85587.87,84454.46,0.5481,0.00941,0.0,10.89222,2394.8,0.0
2026-09-23T19:33:40Z,2026-12-25,93,170000.0,P,0.9835,0.9915,0.9871,85588.16,84454.46,0.5481,-0.99059,0.0,10.89257,0.1,0.0
2026-09-23T19:33:40Z,2026-12-25,93,180000.0,C,0.0004,0.0008,0.0006,85588.16,84454.46,0.5656,0.00679,0.0,8.17511,934.3,0.0
2026-09-23T19:33:40Z,2026-12-25,93,180000.0,P,1.097,1.111,1.1037,85587.87,84454.46,0.5656,-0.99321,0.0,8.17485,0.1,0.0
2026-09-23T19:33:40Z,2026-12-25,93,190000.0,C,0.0003,0.0007,0.0005,85588.21,84454.46,0.588,0.00545,0.0,6.7295,1027.1,0.0
2026-09-23T19:33:40Z,2026-12-25,93,190000.0,P,1.2135,1.2285,1.2204,85588.21,84454.46,0.588,-0.99455,0.0,6.7295,0.0,0.0
2026-09-23T19:33:40Z,2026-12-25,93,200000.0,C,0.0002,0.0006,0.0004,85588.28,84454.46,0.6043,0.00417,0.0,5.30019,968.9,2.0
2026-09-23T19:33:40Z,2026-12-25,93,200000.0,P,1.33,1.346,1.3371,85588.28,84454.46,0.6043,-0.99583,0.0,5.30019,0.0,0.0
2026-09-23T19:33:40Z,2026-12-25,93,210000.0,C,0.0002,0.0005,0.0003,85588.21,84454.46,0.6279,0.00367,0.0,4.72628,162.8,0.0
2026-09-23T19:33:40Z,2026-12-25,93,210000.0,P,1.445,1.4635,1.4539,85588.28,84454.46,0.6279,-0.99633,0.0,4.72632,0.0,0.0
2026-09-23T19:33:40Z,2026-12-25,93,220000.0,C,0.0002,0.0005,0.0003,85588.28,84454.46,0.6554000000000001,0.00351,0.0,4.53498,256.1,0.0
2026-09-23T19:33:40Z,2026-12-25,93,220000.0,P,1.562,1.581,1.5708,85588.21,84454.46,0.6554000000000001,-0.99649,0.0,4.53495,0.0,0.0
2026-09-23T19:33:40Z,2026-12-25,93,230000.0,C,0.0001,0.0004,0.0002,85588.21,84454.46,0.6568999999999999,0.00237,0.0,3.1911,190.6,1.5
2026-09-23T19:33:40Z,2026-12-25,93,230000.0,P,1.6775,1.6985,1.6875,85588.21,84454.46,0.6568999999999999,-0.99763,0.0,3.1911,0.0,0.0
2026-09-23T19:33:40Z,2026-12-25,93,240000.0,C,0.0001,0.0004,0.0002,85588.21,84454.46,0.6814,0.0023,0.0,3.10059,785.7,0.0
2026-09-23T19:33:40Z,2026-12-25,93,240000.0,P,1.7935,1.8165,1.8044,85588.21,84454.46,0.6814,-0.9977,0.0,3.10059,0.0,0.0
2026-09-23T19:33:40Z,2026-12-25,93,250000.0,C,0.0001,0.0003,0.0002,85588.21,84454.46,0.7026,0.00216,0.0,2.93215,1281.8,0.0
2026-09-23T19:33:40Z,2026-12-25,93,250000.0,P,1.9095,1.934,1.9212,85588.21,84454.46,0.7026,-0.99784,0.0,2.93215,10.0,0.0
2026-09-23T19:33:40Z,2027-03-26,184,35000.0,C,0.5965,0.599,0.5983,86672.68,84454.46,0.6262,0.98822,0.0,18.88541,21.8,0.0
2026-09-23T19:33:40Z,2027-03-26,184,35000.0,P,0.0022,0.0025,0.0021,86672.36,84454.46,0.6262,-0.01178,0.0,18.88578,606.0,2.5
2026-09-23T19:33:40Z,2027-03-26,184,40000.0,C,0.54,0.5425,0.5417,86672.36,84454.46,0.5809000000000001,0.98139,0.0,27.99421,82.1,0.0
2026-09-23T19:33:40Z,2027-03-26,184,40000.0,P,0.0031,0.0034,0.0032,86672.36,84454.46,0.5809000000000001,-0.01861,0.0,27.99421,1914.5,0.1
2026-09-23T19:33:40Z,2027-03-26,184,45000.0,C,0.483,0.486,0.4858,86672.36,84454.46,0.5444,0.9707,0.0,41.01046,4.8,0.0
2026-09-23T19:33:40Z,2027-03-26,184,45000.0,P,0.0046,0.0055,0.005,86672.36,84454.46,0.5444,-0.0293,0.0,41.01046,259.2,0.8
2026-09-23T19:33:40Z,2027-03-26,184,50000.0,C,0.428,0.432,0.4304,86672.36,84454.46,0.5057,0.95667,0.0,56.5019,21.6,0.0
2026-09-23T19:33:40Z,2027-03-26,184,50000.0,P,0.007,0.0075,0.0073,86672.36,84454.46,0.5057,-0.04333,0.0,56.5019,2352.5,3.4
2026-09-23T19:33:40Z,2027-03-26,184,52000.0,C,0.406,0.41,0.4085,86672.36,84454.46,0.4914,0.94954,0.0,63.84956,6.0,0.1
2026-09-23T19:33:40Z,2027-03-26,184,52000.0,P,0.008,0.009,0.0084,86672.36,84454.46,0.4914,-0.05046,0.0,63.84956,125.8,0.1
2026-09-23T19:33:40Z,2027-03-26,184,54000.0,C,0.384,0.3885,0.3869,86672.61,84454.46,0.4797,0.94074,0.0,72.4983,0.1,0.0
2026-09-23T19:33:40Z,2027-03-26,184,54000.0,P,0.0095,0.0105,0.0099,86672.36,84454.46,0.4797,-0.05926,0.0,72.49905,92.4,0.0
2026-09-23T19:33:40Z,2027-03-26,184,55000.0,C,0.373,0.3775,0.3763,86672.36,84454.46,0.47490000000000004,0.93562,0.0,77.34289,29.5,0.0
2026-09-23T19:33:40Z,2027-03-26,184,55000.0,P,0.01,0.011,0.0108,86672.36,84454.46,0.47490000000000004,-0.06438,0.0,77.34289,1267.4,1.0
2026-09-23T19:33:40Z,2027-03-26,184,56000.0,C,0.3625,0.367,0.3654,86672.36,84454.46,0.4667,0.93126,0.0,81.36756,14.4,0.0
2026-09-23T19:33:40Z,2027-03-26,184,56000.0,P,0.011,0.012,0.0115,86672.36,84454.46,0.4667,-0.06874,0.0,81.36756,131.9,0.1
2026-09-23T19:33:40Z,2027-03-26,184,58000.0,C,0.3405,0.346,0.3443,86672.36,84454.46,0.4562,0.91977,1e-05,91.56733,4.3,0.0
2026-09-23T19:33:40Z,2027-03-26,184,58000.0,P,0.013,0.014,0.0135,86672.36,84454.46,0.4562,-0.08023,1e-05,91.56733,142.0,0.0
2026-09-23T19:33:40Z,2027-03-26,184,60000.0,C,0.3205,0.325,0.3237,86672.36,84454.46,0.4471,0.90634,1e-05,102.78994,647.9,0.0
2026-09-23T19:33:40Z,2027-03-26,184,60000.0,P,0.0155,0.0165,0.0159,86672.09,84454.46,0.4471,-0.09366,1e-05,102.79135,808.2,0.2
2026-09-23T19:33:40Z,2027-03-26,184,62000.0,C,0.3,0.305,0.3033,86672.09,84454.46,0.4382,0.89131,1e-05,114.56902,52.3,0.0
2026-09-23T19:33:40Z,2027-03-26,184,62000.0,P,0.018,0.019,0.0187,86672.09,84454.46,0.4382,-0.10869,1e-05,114.56902,249.8,25.5
2026-09-23T19:33:40Z,2027-03-26,184,64000.0,C,0.28,0.285,0.2835,86672.09,84454.46,0.4301,0.87427,1e-05,127.02406,137.9,0.0
2026-09-23T19:33:40Z,2027-03-26,184,64000.0,P,0.0215,0.0225,0.0219,86672.09,84454.46,0.4301,-0.12573,1e-05,127.02406,129.3,0.0
2026-09-23T19:33:40Z,2027-03-26,184,65000.0,C,0.27,0.2755,0.2738,86672.09,84454.46,0.4268,0.8648,1e-05,133.56922,229.7,0.0
2026-09-23T19:33:40Z,2027-03-26,184,65000.0,P,0.023,0.0245,0.0238,86672.09,84454.46,0.4268,-0.1352,1e-05,133.56922,878.1,0.1
2026-09-23T19:33:40Z,2027-03-26,184,66000.0,C,0.2605,0.266,0.2642,86672.09,84454.46,0.42310000000000003,0.85501,1e-05,140.06577,23.9,0.0
2026-09-23T19:33:40Z,2027-03-26,184,66000.0,P,0.025,0.026,0.0257,86672.09,84454.46,0.42310000000000003,-0.14499,1e-05,140.06577,123.1,0.0
2026-09-23T19:33:40Z,2027-03-26,184,68000.0,C,0.241,0.247,0.2455,86672.09,84454.46,0.41659999999999997,0.83373,1e-05,153.31288,195.9,0.6
2026-09-23T19:33:40Z,2027-03-26,184,68000.0,P,0.0295,0.0305,0.0301,86672.09,84454.46,0.41659999999999997,-0.16627,1e-05,153.31288,300.6,5.3
2026-09-23T19:33:40Z,2027-03-26,184,70000.0,C,0.224,0.229,0.2276,86672.09,84454.46,0.4114,0.81009,1e-05,166.72681,776.0,5.9
2026-09-23T19:33:40Z,2027-03-26,184,70000.0,P,0.0345,0.036,0.0352,86672.09,84454.46,0.4114,-0.18991,1e-05,166.72681,743.9,42.4
2026-09-23T19:33:40Z,2027-03-26,184,72000.0,C,0.209,0.2115,0.2103,86672.09,84454.46,0.4064,0.78456,1e-05,179.78573,95.0,0.3
2026-09-23T19:33:40Z,2027-03-26,184,72000.0,P,0.0405,0.0415,0.041,86672.09,84454.46,0.4064,-0.21544,1e-05,179.78573,162.9,0.1
2026-09-23T19:33:40Z,2027-03-26,184,74000.0,C,0.193,0.195,0.1939,86672.09,84454.46,0.40240000000000004,0.75698,1e-05,192.35716,66.8,0.0
2026-09-23T19:33:40Z,2027-03-26,184,74000.0,P,0.047,0.0485,0.0476,86672.09,84454.46,0.40240000000000004,-0.24302,1e-05,192.35716,195.1,1.1
2026-09-23T19:33:40Z,2027-03-26,184,75000.0,C,0.185,0.187,0.186,86672.36,84454.46,0.4011,0.74242,1e-05,198.38547,0.0,0.0
2026-09-23T19:33:40Z,2027-03-26,184,75000.0,P,0.051,0.052,0.0514,86671.86,84454.46,0.4011,-0.25759,1e-05,198.38702,16.5,12.0
2026-09-23T19:33:40Z,2027-03-26,184,76000.0,C,0.177,0.1795,0.1783,86671.86,84454.46,0.39909999999999995,0.72767,1e-05,204.07625,546.2,0.0
2026-09-23T19:33:40Z,2027-03-26,184,76000.0,P,0.0545,0.056,0.0551,86671.86,84454.46,0.39909999999999995,-0.27233,1e-05,204.07625,550.1,11.2
2026-09-23T19:33:40Z,2027-03-26,184,78000.0,C,0.1625,0.1645,0.1636,86671.86,84454.46,0.39659999999999995,0.69688,1e-05,214.6781,647.6,0.0
2026-09-23T19:33:40Z,2027-03-26,184,78000.0,P,0.063,0.064,0.0635,86671.86,84454.46,0.39659999999999995,-0.30312,1e-05,214.6781,335.3,3.8
2026-09-23T19:33:40Z,2027-03-26,184,80000.0,C,0.1485,0.1505,0.1497,86671.86,84454.46,0.3942,0.66506,2e-05,223.88018,1098.8,0.1
2026-09-23T19:33:40Z,2027-03-26,184,80000.0,P,0.072,0.0735,0.0727,86671.86,84454.46,0.3942,-0.33494,2e-05,223.88018,226.6,1.5
2026-09-23T19:33:40Z,2027-03-26,184,82000.0,C,0.1355,0.1375,0.1368,86671.86,84454.46,0.3926,0.63241,2e-05,231.54707,1231.9,252.4
2026-09-23T19:33:40Z,2027-03-26,184,82000.0,P,0.0825,0.0835,0.0829,86671.86,84454.46,0.3926,-0.36759,2e-05,231.54707,45.4,9.0
2026-09-23T19:33:40Z,2027-03-26,184,84000.0,C,0.124,0.1255,0.1247,86671.86,84454.46,0.3911,0.59931,2e-05,237.54091,283.9,0.0
2026-09-23T19:33:40Z,2027-03-26,184,84000.0,P,0.0935,0.0945,0.0938,86672.01,84454.46,0.3911,-0.40068,2e-05,237.54094,375.6,0.1
2026-09-23T19:33:40Z,2027-03-26,184,85000.0,C,0.118,0.1195,0.119,86671.86,84454.46,0.3906,0.5827,2e-05,239.89087,363.6,0.0
2026-09-23T19:33:40Z,2027-03-26,184,85000.0,P,0.099,0.1005,0.0997,86671.86,84454.46,0.3906,-0.4173,2e-05,239.89087,13.8,0.0
2026-09-23T19:33:40Z,2027-03-26,184,86000.0,C,0.1125,0.114,0.1135,86671.86,84454.46,0.39,0.56608,2e-05,241.80639,356.6,0.2
2026-09-23T19:33:40Z,2027-03-26,184,86000.0,P,0.105,0.1065,0.1057,86671.86,84454.46,0.39,-0.43392,2e-05,241.80639,27.4,2.0
2026-09-23T19:33:40Z,2027-03-26,184,88000.0,C,0.1025,0.104,0.1031,86672.01,84454.46,0.3892,0.53303,2e-05,244.33728,117.1,20.0
2026-09-23T19:33:40Z,2027-03-26,184,88000.0,P,0.118,0.1195,0.1184,86672.01,84454.46,0.3892,-0.46697,2e-05,244.33728,56.9,20.1
2026-09-23T19:33:40Z,2027-03-26,184,90000.0,C,0.093,0.0945,0.0936,86671.86,84454.46,0.3889,0.50049,2e-05,245.17762,707.5,203.1
2026-09-23T19:33:40Z,2027-03-26,184,90000.0,P,0.1315,0.133,0.132,86672.01,84454.46,0.3889,-0.4995,2e-05,245.17804,43.8,10.0
2026-09-23T19:33:40Z,2027-03-26,184,92000.0,C,0.084,0.0855,0.0849,86671.86,84454.46,0.38880000000000003,0.46871,2e-05,244.42308,341.6,336.4
2026-09-23T19:33:40Z,2027-03-26,184,92000.0,P,0.146,0.1475,0.1464,86672.11,84454.46,0.38880000000000003,-0.53129,2e-05,244.42397,3.9,1.4
2026-09-23T19:33:40Z,2027-03-26,184,94000.0,C,0.076,0.0775,0.0769,86672.11,84454.46,0.389,0.43787,2e-05,242.19935,187.9,0.7
2026-09-23T19:33:40Z,2027-03-26,184,94000.0,P,0.161,0.1625,0.1615,86672.11,84454.46,0.389,-0.56213,2e-05,242.19935,15.3,2.8
2026-09-23T19:33:40Z,2027-03-26,184,95000.0,C,0.0725,0.074,0.0733,86672.11,84454.46,0.38939999999999997,0.42302,2e-05,240.59983,436.1,0.6
2026-09-23T19:33:40Z,2027-03-26,184,95000.0,P,0.169,0.1705,0.1694,86671.86,84454.46,0.38939999999999997,-0.57698,2e-05,240.59865,6.1,4.3
2026-09-23T19:33:40Z,2027-03-26,184,96000.0,C,0.069,0.0705,0.0697,86672.11,84454.46,0.3895,0.40826,2e-05,238.66651,163.4,5.2
2026-09-23T19:33:40Z,2027-03-26,184,96000.0,P,0.177,0.1785,0.1773,86672.11,84454.46,0.3895,-0.59174,2e-05,238.66651,4.4,0.0
2026-09-23T19:33:40Z,2027-03-26,184,98000.0,C,0.0625,0.0635,0.0631,86672.11,84454.46,0.39,0.37981,2e-05,233.96612,218.9,0.0
2026-09-23T19:33:40Z,2027-03-26,184,98000.0,P,0.1925,0.197,0.1938,86672.11,84454.46,0.39,-0.62019,2e-05,233.96612,1.6,1.4
2026-09-23T19:33:40Z,2027-03-26,184,100000.0,C,0.0565,0.0575,0.0571,86672.11,84454.46,0.3907,0.35278,2e-05,228.28745,1273.4,8.0
2026-09-23T19:33:40Z,2027-03-26,184,100000.0,P,0.2095,0.213,0.2109,86671.86,84454.46,0.3907,-0.64723,2e-05,228.2859,12.7,0.0
2026-09-23T19:33:40Z,2027-03-26,184,102000.0,C,0.051,0.0525,0.0517,86672.11,84454.46,0.3918,0.32738,1e-05,221.85199,127.5,0.1
2026-09-23T19:33:40Z,2027-03-26,184,102000.0,P,0.227,0.231,0.2286,86672.11,84454.46,0.3918,-0.67262,1e-05,221.85199,0.1,0.0
2026-09-23T19:33:40Z,2027-03-26,184,104000.0,C,0.046,0.0475,0.0468,86672.11,84454.46,0.39289999999999997,0.30333,1e-05,214.74595,132.6,0.0
2026-09-23T19:33:40Z,2027-03-26,184,104000.0,P,0.245,0.2495,0.2468,86672.11,84454.46,0.39289999999999997,-0.69667,1e-05,214.74595,0.1,0.0
2026-09-23T19:33:40Z,2027-03-26,184,105000.0,C,0.044,0.045,0.0446,86672.11,84454.46,0.3935,0.29185,1e-05,210.99623,262.9,0.1
2026-09-23T19:33:40Z,2027-03-26,184,105000.0,P,0.254,0.2595,0.256,86672.11,84454.46,0.3935,-0.70815,1e-05,210.99623,0.5,0.0
2026-09-23T19:33:40Z,2027-03-26,184,106000.0,C,0.042,0.043,0.0425,86672.11,84454.46,0.3945,0.28103,1e-05,207.24752,80.3,0.0
2026-09-23T19:33:40Z,2027-03-26,184,106000.0,P,0.263,0.268,0.2655,86672.11,84454.46,0.3945,-0.71897,1e-05,207.24752,0.1,0.0
2026-09-23T19:33:40Z,2027-03-26,184,108000.0,C,0.038,0.039,0.0385,86672.11,84454.46,0.39590000000000003,0.25998,1e-05,199.33746,94.6,0.2
2026-09-23T19:33:40Z,2027-03-26,184,108000.0,P,0.2825,0.288,0.2846,86671.88,84454.46,0.39590000000000003,-0.74002,1e-05,199.33572,0.1,0.0
2026-09-23T19:33:40Z,2027-03-26,184,110000.0,C,0.0345,0.0355,0.035,86671.88,84454.46,0.3975,0.24051,1e-05,191.27612,1168.6,12.5
2026-09-23T19:33:40Z,2027-03-26,184,110000.0,P,0.3015,0.307,0.3041,86671.88,84454.46,0.3975,-0.75949,1e-05,191.27612,4.1,0.0
2026-09-23T19:33:40Z,2027-03-26,184,112000.0,C,0.031,0.0325,0.0317,86671.88,84454.46,0.39899999999999997,0.22222,1e-05,183.0189,96.9,13.4
2026-09-23T19:33:40Z,2027-03-26,184,112000.0,P,0.3215,0.327,0.324,86671.88,84454.46,0.39899999999999997,-0.77778,1e-05,183.0189,0.1,0.0
2026-09-23T19:33:40Z,2027-03-26,184,115000.0,C,0.027,0.028,0.0276,86671.88,84454.46,0.4019,0.19769,1e-05,170.85716,696.3,0.5
2026-09-23T19:33:40Z,2027-03-26,184,115000.0,P,0.352,0.3575,0.3544,86671.88,84454.46,0.4019,-0.80231,1e-05,170.85716,2.2,0.0
2026-09-23T19:33:40Z,2027-03-26,184,120000.0,C,0.0215,0.0225,0.0221,86671.88,84454.46,0.4078,0.16342,1e-05,151.6049,833.7,1.8
2026-09-23T19:33:40Z,2027-03-26,184,120000.0,P,0.4035,0.41,0.4066,86672.11,84454.46,0.4078,-0.83658,1e-05,151.60666,9.9,0.0
2026-09-23T19:33:40Z,2027-03-26,184,125000.0,C,0.017,0.0185,0.0177,86671.88,84454.46,0.4131,0.13486,1e-05,133.33918,440.8,0.2
2026-09-23T19:33:40Z,2027-03-26,184,125000.0,P,0.457,0.4635,0.4599,86671.88,84454.46,0.4131,-0.86514,1e-05,133.33918,0.1,0.0
2026-09-23T19:33:40Z,2027-03-26,184,130000.0,C,0.014,0.015,0.0145,86671.88,84454.46,0.4207,0.11316,1e-05,117.92707,1184.0,3.0
2026-09-23T19:33:40Z,2027-03-26,184,130000.0,P,0.5115,0.5195,0.5144,86671.88,84454.46,0.4207,-0.88684,1e-05,117.92707,0.4,0.0
2026-09-23T19:33:40Z,2027-03-26,184,140000.0,C,0.0095,0.0105,0.01,86671.88,84454.46,0.435,0.0807,1e-05,91.97139,914.7,0.0
2026-09-23T19:33:40Z,2027-03-26,184,140000.0,P,0.622,0.6315,0.6253,86671.88,84454.46,0.435,-0.9193,1e-05,91.97139,10.9,0.0
2026-09-23T19:33:40Z,2027-03-26,184,150000.0,C,0.007,0.0075,0.0075,86671.88,84454.46,0.4525,0.06066,0.0,73.8371,1913.1,4.3
2026-09-23T19:33:40Z,2027-03-26,184,150000.0,P,0.7345,0.744,0.7381,86672.11,84454.46,0.4525,-0.93934,0.0,73.83825,0.6,0.0
2026-09-23T19:33:40Z,2027-03-26,184,160000.0,C,0.005,0.006,0.0055,86671.88,84454.46,0.4661,0.04553,0.0,58.80733,1042.8,0.0
2026-09-23T19:33:40Z,2027-03-26,184,160000.0,P,0.8475,0.859,0.8516,86672.11,84454.46,0.4661,-0.95447,0.0,58.80829,0.1,0.0
2026-09-23T19:33:40Z,2027-03-26,184,170000.0,C,0.0041,0.0047,0.0044,86671.81,84454.46,0.4833,0.03637,0.0,49.00075,996.6,3.5
2026-09-23T19:33:40Z,2027-03-26,184,170000.0,P,0.9615,0.974,0.9658,86671.81,84454.46,0.4833,-0.96363,0.0,49.00075,0.2,0.0
2026-09-23T19:33:40Z,2027-03-26,184,180000.0,C,0.0033,0.0039,0.0036,86671.81,84454.46,0.4996,0.02966,0.0,41.41968,649.2,10.1
2026-09-23T19:33:40Z,2027-03-26,184,180000.0,P,1.069,1.093,1.0804,86671.81,84454.46,0.4996,-0.97034,0.0,41.41968,0.1,0.0
2026-09-23T19:33:40Z,2027-03-26,184,190000.0,C,0.003,0.0033,0.0032,86671.81,84454.46,0.5188,0.02559,0.0,36.63145,685.5,3.2
2026-09-23T19:33:40Z,2027-03-26,184,190000.0,P,1.187,1.2085,1.1953,86671.81,84454.46,0.5188,-0.97441,0.0,36.63145,0.9,0.0
2026-09-23T19:33:40Z,2027-03-26,184,200000.0,C,0.0023,0.0028,0.0026,86671.81,84454.46,0.5297999999999999,0.02078,0.0,30.73938,483.8,16.1
2026-09-23T19:33:40Z,2027-03-26,184,200000.0,P,1.297,1.324,1.3101,86671.81,84454.46,0.5297999999999999,-0.97922,0.0,30.73938,1.0,0.0
2026-09-23T19:33:40Z,2027-06-25,275,30000.0,C,0.659,0.6615,0.6607,87787.16,84454.46,0.6123,0.98892,0.0,22.18856,87.2,1.0
2026-09-23T19:33:40Z,2027-06-25,275,30000.0,P,0.002,0.0029,0.0024,87787.16,84454.46,0.6123,-0.01108,0.0,22.18856,334.3,1.0
2026-09-23T19:33:40Z,2027-06-25,275,40000.0,C,0.5485,0.551,0.5501,87787.07,84454.46,0.5351,0.97294,0.0,47.54398,19.1,1.0
2026-09-23T19:33:40Z,2027-06-25,275,40000.0,P,0.005,0.0065,0.0057,87787.16,84454.46,0.5351,-0.02706,0.0,47.54382,1226.7,1.0
2026-09-23T19:33:40Z,2027-06-25,275,45000.0,C,0.4935,0.4965,0.496,87787.16,84454.46,0.5057,0.95934,0.0,66.48496,0.5,0.0
2026-09-23T19:33:40Z,2027-06-25,275,45000.0,P,0.008,0.009,0.0086,87787.16,84454.46,0.5057,-0.04066,0.0,66.48496,162.5,1.7
2026-09-23T19:33:40Z,2027-06-25,275,50000.0,C,0.4415,0.4435,0.4431,87787.16,84454.46,0.48090000000000005,0.94041,0.0,90.20956,20.2,3.0
2026-09-23T19:33:40Z,2027-06-25,275,50000.0,P,0.012,0.0135,0.0127,87787.16,84454.46,0.48090000000000005,-0.05959,0.0,90.20956,362.8,3.0
2026-09-23T19:33:40Z,2027-06-25,275,52000.0,C,0.4205,0.423,0.4223,87787.07,84454.46,0.47119999999999995,0.93133,0.0,100.72246,1.1,0.0
2026-09-23T19:33:40Z,2027-06-25,275,52000.0,P,0.014,0.0155,0.0147,87787.07,84454.46,0.47119999999999995,-0.06867,0.0,100.72246,55.1,0.5
2026-09-23T19:33:40Z,2027-06-25,275,54000.0,C,0.4,0.4025,0.4017,87787.16,84454.46,0.4612,0.92144,0.0,111.64146,1.0,0.0
2026-09-23T19:33:40Z,2027-06-25,275,54000.0,P,0.016,0.0175,0.0168,87787.07,84454.46,0.4612,-0.07856,0.0,111.64175,50.4,0.2
2026-09-23T19:33:40Z,2027-06-25,275,55000.0,C,0.39,0.3925,0.3917,87787.16,84454.46,0.4575,0.91572,0.0,117.71204,3.7,0.0
2026-09-23T19:33:40Z,2027-06-25,275,55000.0,P,0.0175,0.019,0.0182,87787.16,84454.46,0.4575,-0.08428,0.0,117.71204,36.6,0.5
2026-09-23T19:33:40Z,2027-06-25,275,56000.0,C,0.38,0.3825,0.3818,87787.16,84454.46,0.4545,0.90951,0.0,124.1345,3.0,0.0
2026-09-23T19:33:40Z,2027-06-25,275,56000.0,P,0.019,0.0205,0.0197,87787.07,84454.46,0.4545,-0.09049,0.0,124.13481,85.3,0.0
2026-09-23T19:33:40Z,2027-06-25,275,58000.0,C,0.36,0.363,0.362,87787.07,84454.46,0.44670000000000004,0.8968,1e-05,136.716,13.8,0.0
2026-09-23T19:33:40Z,2027-06-25,275,58000.0,P,0.022,0.0235,0.0227,87787.07,84454.46,0.44670000000000004,-0.10321,1e-05,136.7164,100.4,0.2
2026-09-23T19:33:40Z,2027-06-25,275,60000.0,C,0.3405,0.3435,0.3427,87787.07,84454.46,0.44020000000000004,0.88255,1e-05,150.00521,969.9,0.0
2026-09-23T19:33:40Z,2027-06-25,275,60000.0,P,0.0255,0.027,0.0261,87787.24,84454.46,0.44020000000000004,-0.11745,1e-05,150.0046,244.9,2.1
2026-09-23T19:33:40Z,2027-06-25,275,62000.0,C,0.322,0.3245,0.3239,87787.07,84454.46,0.43439999999999995,0.86684,1e-05,163.74445,118.0,0.0
2026-09-23T19:33:40Z,2027-06-25,275,62000.0,P,0.0295,0.031,0.0301,87787.24,84454.46,0.43439999999999995,-0.13316,1e-05,163.74383,115.3,0.0
2026-09-23T19:33:40Z,2027-06-25,275,64000.0,C,0.3035,0.3065,0.3056,87787.24,84454.46,0.429,0.84976,1e-05,177.69783,33.5,0.0
2026-09-23T19:33:40Z,2027-06-25,275,64000.0,P,0.034,0.0355,0.0346,87787.24,84454.46,0.429,-0.15024,1e-05,177.69783,63.9,0.5
2026-09-23T19:33:40Z,2027-06-25,275,65000.0,C,0.2945,0.2975,0.2966,87787.07,84454.46,0.4266,0.8407,1e-05,184.70984,7.4,0.0
2026-09-23T19:33:40Z,2027-06-25,275,65000.0,P,0.036,0.038,0.0371,87787.07,84454.46,0.4266,-0.1593,1e-05,184.70984,41.6,2.1
2026-09-23T19:33:40Z,2027-06-25,275,66000.0,C,0.2855,0.2885,0.2878,87787.24,84454.46,0.424,0.83137,1e-05,191.65476,25.6,0.0
2026-09-23T19:33:40Z,2027-06-25,275,66000.0,P,0.039,0.0405,0.0396,87787.24,84454.46,0.424,-0.16863,1e-05,191.65476,66.7,0.4
2026-09-23T19:33:40Z,2027-06-25,275,68000.0,C,0.2685,0.2715,0.2705,87787.24,84454.46,0.4192,0.81173,1e-05,205.4356,14.7,0.3
2026-09-23T19:33:40Z,2027-06-25,275,68000.0,P,0.0445,0.046,0.0451,87787.24,84454.46,0.4192,-0.18827,1e-05,205.4356,19.8,0.2
2026-09-23T19:33:40Z,2027-06-25,275,70000.0,C,0.252,0.2545,0.2539,87787.07,84454.46,0.4154,0.79065,1e-05,219.01758,203.6,2.0
2026-09-23T19:33:40Z,2027-06-25,275,70000.0,P,0.0505,0.052,0.0513,87787.24,84454.46,0.4154,-0.20935,1e-05,219.01705,61.0,1.5
2026-09-23T19:33:40Z,2027-06-25,275,72000.0,C,0.236,0.2385,0.238,87787.07,84454.46,0.4117,0.76845,1e-05,232.04184,87.7,0.0
2026-09-23T19:33:40Z,2027-06-25,275,72000.0,P,0.0575,0.059,0.0581,87787.24,84454.46,0.4117,-0.23155,1e-05,232.04136,50.1,0.0
2026-09-23T19:33:40Z,2027-06-25,275,74000.0,C,0.2205,0.2235,0.2228,87787.24,84454.46,0.4089,0.74509,1e-05,244.42538,23.7,0.4
2026-09-23T19:33:40Z,2027-06-25,275,74000.0,P,0.065,0.0665,0.0657,87787.24,84454.46,0.4089,-0.25491,1e-05,244.42538,19.6,0.5
2026-09-23T19:33:40Z,2027-06-25,275,76000.0,C,0.206,0.209,0.2082,87787.33,84454.46,0.4061,0.7209,1e-05,255.88119,73.8,0.4
2026-09-23T19:33:40Z,2027-06-25,275,76000.0,P,0.073,0.075,0.0739,87787.33,84454.46,0.4061,-0.2791,1e-05,255.88119,73.1,0.2
2026-09-23T19:33:40Z,2027-06-25,275,78000.0,C,0.1925,0.195,0.1943,87788.19,84454.46,0.4039,0.6959,1e-05,266.3284,104.4,0.1
2026-09-23T19:33:40Z,2027-06-25,275,78000.0,P,0.082,0.084,0.0828,87787.33,84454.46,0.4039,-0.30411,1e-05,266.32961,106.5,0.2
2026-09-23T19:33:40Z,2027-06-25,275,80000.0,C,0.179,0.182,0.1811,87788.19,84454.46,0.4018,0.67033,1e-05,275.60429,170.4,1.0
2026-09-23T19:33:40Z,2027-06-25,275,80000.0,P,0.0915,0.0935,0.0924,87788.19,84454.46,0.4018,-0.32967,1e-05,275.60429,55.3,0.0
2026-09-23T19:33:40Z,2027-06-25,275,82000.0,C,0.1665,0.1695,0.1687,87788.19,84454.46,0.40020000000000006,0.64433,1e-05,283.62742,76.4,0.0
2026-09-23T19:33:40Z,2027-06-25,275,82000.0,P,0.102,0.104,0.1028,87787.33,84454.46,0.40020000000000006,-0.35568,1e-05,283.62761,25.7,0.0
2026-09-23T19:33:40Z,2027-06-25,275,84000.0,C,0.155,0.1575,0.1567,87788.19,84454.46,0.39799999999999996,0.61805,1e-05,290.33102,29.4,0.1
2026-09-23T19:33:40Z,2027-06-25,275,84000.0,P,0.113,0.115,0.1136,87787.33,84454.46,0.39799999999999996,-0.38196,1e-05,290.33065,19.3,1.7
2026-09-23T19:33:40Z,2027-06-25,275,85000.0,C,0.15,0.152,0.1512,87788.19,84454.46,0.39759999999999995,0.60488,1e-05,293.16995,163.1,0.0
2026-09-23T19:33:40Z,2027-06-25,275,85000.0,P,0.1185,0.121,0.1194,87788.19,84454.46,0.39759999999999995,-0.39512,1e-05,293.16995,15.8,8.4
2026-09-23T19:33:40Z,2027-06-25,275,86000.0,C,0.1445,0.1465,0.1457,87787.33,84454.46,0.397,0.59169,1e-05,295.66718,42.9,0.2
2026-09-23T19:33:40Z,2027-06-25,275,86000.0,P,0.1245,0.127,0.1254,87788.19,84454.46,0.397,-0.4083,1e-05,295.66812,2.7,0.0
2026-09-23T19:33:40Z,2027-06-25,275,88000.0,C,0.1345,0.136,0.1353,87787.33,84454.46,0.396,0.5654,1e-05,299.63448,32.7,4.6
2026-09-23T19:33:40Z,2027-06-25,275,88000.0,P,0.137,0.14,0.1377,87787.33,84454.46,0.396,-0.4346,1e-05,299.63448,10.2,0.3
2026-09-23T19:33:40Z,2027-06-25,275,90000.0,C,0.125,0.1265,0.1258,87788.19,84454.46,0.396,0.53954,1e-05,302.23489,765.3,0.6
2026-09-23T19:33:40Z,2027-06-25,275,90000.0,P,0.15,0.153,0.151,87789.72,84454.46,0.396,-0.46044,1e-05,302.23863,82.5,20.1
2026-09-23T19:33:40Z,2027-06-25,275,92000.0,C,0.116,0.1175,0.1168,87788.19,84454.46,0.3957,0.51396,1e-05,303.54218,16.5,0.0
2026-09-23T19:33:40Z,2027-06-25,275,92000.0,P,0.164,0.167,0.1648,87789.72,84454.46,0.3957,-0.48602,1e-05,303.54693,0.3,0.0
2026-09-23T19:33:40Z,2027-06-25,275,94000.0,C,0.1075,0.1095,0.1085,87789.72,84454.46,0.3958,0.48904,1e-05,303.61894,26.8,3.0
2026-09-23T19:33:40Z,2027-06-25,275,94000.0,P,0.178,0.1815,0.1792,87789.72,84454.46,0.3958,-0.51096,1e-05,303.61894,0.1,0.0
2026-09-23T19:33:40Z,2027-06-25,275,95000.0,C,0.1035,0.1055,0.1045,87788.19,84454.46,0.3957,0.4767,1e-05,303.21,56.0,0.2
2026-09-23T19:33:40Z,2027-06-25,275,95000.0,P,0.1855,0.1885,0.1866,87788.19,84454.46,0.3957,-0.5233,1e-05,303.21,40.2,10.0
2026-09-23T19:33:40Z,2027-06-25,275,96000.0,C,0.0995,0.1015,0.1007,87789.72,84454.46,0.39590000000000003,0.46464,1e-05,302.53953,151.5,1.2
2026-09-23T19:33:40Z,2027-06-25,275,96000.0,P,0.193,0.196,0.1942,87788.19,84454.46,0.39590000000000003,-0.53538,1e-05,302.53289,0.1,0.0
2026-09-23T19:33:40Z,2027-06-25,275,98000.0,C,0.0925,0.0945,0.0933,87788.19,84454.46,0.3957,0.44075,1e-05,300.37269,119.0,0.0
2026-09-23T19:33:40Z,2027-06-25,275,98000.0,P,0.2085,0.212,0.2096,87789.72,84454.46,0.3957,-0.55923,1e-05,300.3802,0.1,0.0
2026-09-23T19:33:40Z,2027-06-25,275,100000.0,C,0.0855,0.0875,0.0866,87788.19,84454.46,0.39630000000000004,0.41795,1e-05,297.2809,220.6,2.0
2026-09-23T19:33:40Z,2027-06-25,275,100000.0,P,0.2245,0.2285,0.2257,87788.19,84454.46,0.39630000000000004,-0.58205,1e-05,297.2809,2.2,0.1
2026-09-23T19:33:40Z,2027-06-25,275,102000.0,C,0.0795,0.081,0.0802,87788.19,84454.46,0.39640000000000003,0.39567,1e-05,293.28222,53.9,0.0
2026-09-23T19:33:40Z,2027-06-25,275,102000.0,P,0.241,0.245,0.2421,87788.19,84454.46,0.39640000000000003,-0.60433,1e-05,293.28222,0.0,0.0
2026-09-23T19:33:40Z,2027-06-25,275,104000.0,C,0.0735,0.0755,0.0746,87789.72,84454.46,0.3973,0.37466,1e-05,288.61685,185.6,0.0
2026-09-23T19:33:40Z,2027-06-25,275,104000.0,P,0.258,0.262,0.2592,87789.72,84454.46,0.3973,-0.62534,1e-05,288.61685,0.0,0.0
2026-09-23T19:33:40Z,2027-06-25,275,105000.0,C,0.071,0.0725,0.0717,87789.72,84454.46,0.39740000000000003,0.36423,1e-05,285.96921,163.5,0.3
2026-09-23T19:33:40Z,2027-06-25,275,105000.0,P,0.2665,0.2705,0.2678,87789.72,84454.46,0.39740000000000003,-0.63577,1e-05,285.96921,2.1,2.0
2026-09-23T19:33:40Z,2027-06-25,275,106000.0,C,0.068,0.07,0.0692,87789.72,84454.46,0.3979,0.35429,1e-05,283.24286,18.7,0.0
2026-09-23T19:33:40Z,2027-06-25,275,106000.0,P,0.275,0.2795,0.2766,87789.72,84454.46,0.3979,-0.64571,1e-05,283.24286,0.0,0.0
2026-09-23T19:33:40Z,2027-06-25,275,108000.0,C,0.0635,0.065,0.0643,87791.25,84454.46,0.3987,0.33497,1e-05,277.36316,35.2,18.6
2026-09-23T19:33:40Z,2027-06-25,275,108000.0,P,0.293,0.2985,0.2945,87791.25,84454.46,0.3987,-0.66503,1e-05,277.36316,0.2,0.0
2026-09-23T19:33:40Z,2027-06-25,275,110000.0,C,0.0585,0.0605,0.0597,87789.72,84454.46,0.3996,0.31646,1e-05,270.99285,293.8,1.1
2026-09-23T19:33:40Z,2027-06-25,275,110000.0,P,0.311,0.3175,0.3127,87791.25,84454.46,0.3996,-0.68352,1e-05,271.00408,5.3,0.0
2026-09-23T19:33:40Z,2027-06-25,275,112000.0,C,0.0545,0.0565,0.0555,87789.72,84454.46,0.4007,0.29904,1e-05,264.3295,0.0,0.0
2026-09-23T19:33:40Z,2027-06-25,275,112000.0,P,0.3295,0.336,0.3313,87791.25,84454.46,0.4007,-0.70094,1e-05,264.3411,0.0,0.0
2026-09-23T19:33:40Z,2027-06-25,275,114000.0,C,0.051,0.0525,0.0517,87791.25,84454.46,0.402,0.28265,1e-05,257.4586,6.0,0.0
2026-09-23T19:33:40Z,2027-06-25,275,114000.0,P,0.3485,0.355,0.3503,87791.25,84454.46,0.402,-0.71735,1e-05,257.4586,0.0,0.0
2026-09-23T19:33:40Z,2027-06-25,275,115000.0,C,0.049,0.0505,0.0499,87789.72,84454.46,0.4025,0.27462,1e-05,253.86623,64.9,0.0
2026-09-23T19:33:40Z,2027-06-25,275,115000.0,P,0.358,0.365,0.3598,87791.25,84454.46,0.4025,-0.72537,1e-05,253.87824,0.0,0.0
2026-09-23T19:33:40Z,2027-06-25,275,116000.0,C,0.0475,0.049,0.0482,87791.25,84454.46,0.4033,0.26707,1e-05,250.365,0.0,0.0
2026-09-23T19:33:40Z,2027-06-25,275,116000.0,P,0.367,0.375,0.3696,87791.25,84454.46,0.4033,-0.73293,1e-05,250.365,0.0,0.0
2026-09-23T19:33:40Z,2027-06-25,275,120000.0,C,0.041,0.043,0.0419,87789.72,84454.46,0.406,0.23832,1e-05,235.77329,355.9,0.0
2026-09-23T19:33:40Z,2027-06-25,275,120000.0,P,0.4065,0.415,0.4088,87789.72,84454.46,0.406,-0.76168,1e-05,235.77329,0.9,0.0
2026-09-23T19:33:40Z,2027-06-25,275,125000.0,C,0.0345,0.0365,0.0354,87789.72,84454.46,0.40990000000000004,0.20712,1e-05,217.64189,640.1,2.0
2026-09-23T19:33:40Z,2027-06-25,275,125000.0,P,0.4565,0.466,0.4593,87791.25,84454.46,0.40990000000000004,-0.79287,1e-05,217.65439,0.0,0.0
2026-09-23T19:33:40Z,2027-06-25,275,130000.0,C,0.0295,0.031,0.0303,87789.72,84454.46,0.41509999999999997,0.18125,1e-05,200.64741,766.2,0.0
2026-09-23T19:33:40Z,2027-06-25,275,130000.0,P,0.508,0.518,0.5111,87789.72,84454.46,0.41509999999999997,-0.81875,1e-05,200.64741,3.9,0.0
2026-09-23T19:33:40Z,2027-06-25,275,135000.0,C,0.025,0.0265,0.0258,87789.74,84454.46,0.4191,0.15812,1e-05,183.81294,0.3,0.0
2026-09-23T19:33:40Z,2027-06-25,275,135000.0,P,0.5605,0.5725,0.5636,87789.74,84454.46,0.4191,-0.84188,1e-05,183.81294,0.0,0.0
2026-09-23T19:33:40Z,2027-06-25,275,140000.0,C,0.0215,0.023,0.0223,87789.74,84454.46,0.4241,0.13899,1e-05,168.62261,388.3,0.4
2026-09-23T19:33:40Z,2027-06-25,275,140000.0,P,0.614,0.6265,0.6171,87789.74,84454.46,0.4241,-0.86101,1e-05,168.62261,3.4,0.0
2026-09-23T19:33:40Z,2027-06-25,275,150000.0,C,0.016,0.0175,0.0168,87789.74,84454.46,0.43329999999999996,0.10792,1e-05,141.20659,219.7,0.4
2026-09-23T19:33:40Z,2027-06-25,275,150000.0,P,0.722,0.736,0.7255,87791.21,84454.46,0.43329999999999996,-0.89207,1e-05,141.21674,1.1,0.0
2026-09-23T19:33:40Z,2027-06-25,275,160000.0,C,0.0125,0.014,0.0133,87789.74,84454.46,0.44520000000000004,0.08668,0.0,120.21993,698.3,0.4
2026-09-23T19:33:40Z,2027-06-25,275,160000.0,P,0.832,0.848,0.8359,87789.74,84454.46,0.44520000000000004,-0.91332,0.0,120.21993,0.2,0.0
2026-09-23T19:33:40Z,2027-06-25,275,170000.0,C,0.01,0.0115,0.0107,87789.74,84454.46,0.45659999999999995,0.07066,0.0,102.9676,153.0,0.2
2026-09-23T19:33:40Z,2027-06-25,275,170000.0,P,0.9435,0.9595,0.9472,87789.74,84454.46,0.45659999999999995,-0.92934,0.0,102.9676,14.7,0.0
2026-09-23T19:33:40Z,2027-06-25,275,180000.0,C,0.008,0.0095,0.0088,87791.21,84454.46,0.46740000000000004,0.05838,0.0,88.7699,67.9,0.1
2026-09-23T19:33:40Z,2027-06-25,275,180000.0,P,1.049,1.074,1.0592,87789.74,84454.46,0.46740000000000004,-0.94162,0.0,88.76266,0.0,0.0
2026-09-23T19:33:40Z,2027-06-25,275,190000.0,C,0.007,0.008,0.0074,87791.21,84454.46,0.47950000000000004,0.04959,0.0,78.00794,67.6,0.3
2026-09-23T19:33:40Z,2027-06-25,275,190000.0,P,1.1605,1.196,1.1717,87789.74,84454.46,0.47950000000000004,-0.95042,0.0,78.00145,0.6,0.0
2026-09-23T19:33:40Z,2027-06-25,275,200000.0,C,0.0055,0.007,0.0062,87789.74,84454.46,0.4891,0.04192,0.0,68.14485,59.5,1.2
2026-09-23T19:33:40Z,2027-06-25,275,200000.0,P,1.2725,1.3105,1.2845,87791.21,84454.46,0.4891,-0.95808,0.0,68.15064,2.1,0.0
