snapshot_ts,expiry,days_to_expiry,strike,option_type,bid,ask,mark_price,forward_price,index_price,implied_vol,delta,gamma,vega,open_interest,volume_24h
2026-08-02T17:03:45Z,2026-08-03,1,57000.0,C,0.0645,0.127,0.0969,63117.92,63127.15,0.5897,0.99999,0.0,0.00154,0.0,0.0
2026-08-02T17:03:45Z,2026-08-03,1,57000.0,P,0.0,0.0001,0.0,63118.17,63127.15,0.5897,-1e-05,0.0,0.00154,12.8,0.0
2026-08-02T17:03:45Z,2026-08-03,1,58000.0,C,0.0475,0.112,0.0811,63117.73,63127.15,0.5858,0.99977,0.0,0.0221,0.0,0.0
2026-08-02T17:03:45Z,2026-08-03,1,58000.0,P,0.0,0.0001,0.0,63118.17,63127.15,0.5858,-0.00023,0.0,0.02208,30.2,0.4
2026-08-02T17:03:45Z,2026-08-03,1,59000.0,C,0.0315,0.098,0.0653,63118.17,63127.15,0.5683,0.99806,0.0,0.1609,0.0,0.0
2026-08-02T17:03:45Z,2026-08-03,1,59000.0,P,0.0,0.0001,0.0,63118.17,63127.15,0.5683,-0.00194,0.0,0.1609,57.4,29.3
2026-08-02T17:03:45Z,2026-08-03,1,60000.0,C,0.0155,0.082,0.0494,63117.73,63127.15,0.44270000000000004,0.99729,1e-05,0.21784,1.0,1.0
2026-08-02T17:03:45Z,2026-08-03,1,60000.0,P,0.0,0.0001,0.0,63117.73,63127.15,0.44270000000000004,-0.00271,1e-05,0.21784,137.5,49.0
2026-08-02T17:03:45Z,2026-08-03,1,61000.0,C,0.013,0.0665,0.0337,63117.73,63127.15,0.4139,0.97754,5e-05,1.39166,0.0,0.0
2026-08-02T17:03:45Z,2026-08-03,1,61000.0,P,0.0001,0.0002,0.0001,63118.17,63127.15,0.4139,-0.02243,5e-05,1.39053,200.8,181.2
2026-08-02T17:03:45Z,2026-08-03,1,61500.0,C,0.013,0.059,0.0259,63118.17,63127.15,0.3563,0.96187,9e-05,2.16003,0.0,0.0
2026-08-02T17:03:45Z,2026-08-03,1,61500.0,P,0.0001,0.0003,0.0002,63117.73,63127.15,0.3563,-0.03817,9e-05,2.16183,145.3,104.1
2026-08-02T17:03:45Z,2026-08-03,1,62000.0,C,0.0027,0.0515,0.0183,63118.17,63127.15,0.32280000000000003,0.91114,0.00019,4.19208,0.3,0.1
2026-08-02T17:03:45Z,2026-08-03,1,62000.0,P,0.0004,0.0007,0.0006,63117.73,63127.15,0.32280000000000003,-0.08895,0.00019,4.195,136.9,53.1
2026-08-02T17:03:45Z,2026-08-03,1,62500.0,C,0.0085,0.015,0.0112,63117.73,63127.15,0.2919,0.7945,0.00037,7.41513,8.2,2.2
2026-08-02T17:03:45Z,2026-08-03,1,62500.0,P,0.0011,0.0015,0.0014,63117.73,63127.15,0.2919,-0.2055,0.00037,7.41513,153.2,130.6
2026-08-02T17:03:45Z,2026-08-03,1,63000.0,C,0.005,0.0055,0.0054,63118.17,63127.15,0.2683,0.56934,0.00056,10.23915,30.6,36.8
2026-08-02T17:03:45Z,2026-08-03,1,63000.0,P,0.0032,0.0038,0.0035,63118.17,63127.15,0.2683,-0.43066,0.00056,10.23915,49.4,39.1
2026-08-02T17:03:45Z,2026-08-03,1,63500.0,C,0.0019,0.0023,0.0022,63117.73,63127.15,0.27649999999999997,0.30043,0.00048,9.06675,116.5,94.2
2026-08-02T17:03:45Z,2026-08-03,1,63500.0,P,0.0075,0.0085,0.0082,63117.73,63127.15,0.27649999999999997,-0.69957,0.00048,9.06675,29.0,1.9
2026-08-02T17:03:45Z,2026-08-03,1,64000.0,C,0.0005,0.0008,0.0006,63118.17,63127.15,0.2775,0.11407,0.00027,5.02936,59.8,82.3
2026-08-02T17:03:45Z,2026-08-03,1,64000.0,P,0.0105,0.0185,0.0146,63117.55,63127.15,0.2775,-0.88609,0.00027,5.02419,23.8,0.0
2026-08-02T17:03:45Z,2026-08-03,1,64500.0,C,0.0001,0.0003,0.0002,63117.73,63127.15,0.2868,0.03413,0.0001,1.97247,172.4,19.3
2026-08-02T17:03:45Z,2026-08-03,1,64500.0,P,0.017,0.0265,0.0221,63117.73,63127.15,0.2868,-0.96587,0.0001,1.97247,12.1,0.0
2026-08-02T17:03:45Z,2026-08-03,1,65000.0,C,0.0,0.0002,0.0,63117.73,63127.15,0.3018,0.00933,3e-05,0.65384,293.3,46.4
2026-08-02T17:03:45Z,2026-08-03,1,65000.0,P,0.0245,0.0345,0.0299,63117.73,63127.15,0.3018,-0.99067,3e-05,0.65384,13.3,0.0
2026-08-02T17:03:45Z,2026-08-03,1,65500.0,C,0.0,0.0001,0.0,63117.73,63127.15,0.315,0.00224,1e-05,0.18332,29.7,0.4
2026-08-02T17:03:45Z,2026-08-03,1,65500.0,P,0.0125,0.075,0.0377,63117.55,63127.15,0.315,-0.99776,1e-05,0.18321,1.0,0.0
2026-08-02T17:03:45Z,2026-08-03,1,66000.0,C,0.0,0.0001,0.0,63117.55,63127.15,0.3569,0.00125,0.0,0.10785,14.5,0.2
2026-08-02T17:03:45Z,2026-08-03,1,66000.0,P,0.013,0.084,0.0457,63117.55,63127.15,0.3569,-0.99875,0.0,0.10785,0.1,0.0
2026-08-02T17:03:45Z,2026-08-03,1,66500.0,C,0.0,0.0001,0.0,63117.73,63127.15,0.406,0.00095,0.0,0.08371,56.6,1.1
2026-08-02T17:03:45Z,2026-08-03,1,66500.0,P,0.018,0.0915,0.0536,63117.73,63127.15,0.406,-0.99905,0.0,0.08371,0.0,0.0
2026-08-02T17:03:45Z,2026-08-03,1,67000.0,C,0.0,0.0001,0.0,63117.55,63127.15,0.41850000000000004,0.00028,0.0,0.02747,64.7,0.0
2026-08-02T17:03:45Z,2026-08-03,1,67000.0,P,0.026,0.0995,0.0615,63117.73,63127.15,0.41850000000000004,-0.99971,0.0,0.02748,0.0,0.0
2026-08-02T17:03:45Z,2026-08-03,1,68000.0,C,0.0,0.0001,0.0,63117.55,63127.15,0.41850000000000004,1e-05,0.0,0.00099,42.4,0.0
2026-08-02T17:03:45Z,2026-08-03,1,68000.0,P,0.041,0.116,0.0773,63117.55,63127.15,0.41850000000000004,-0.99999,0.0,0.00099,0.3,0.0
2026-08-02T17:03:45Z,2026-08-03,1,69000.0,C,0.0,0.0001,0.0,63117.55,63127.15,0.41850000000000004,0.0,0.0,2e-05,38.0,0.0
2026-08-02T17:03:45Z,2026-08-03,1,69000.0,P,0.057,0.1325,0.0932,63117.73,63127.15,0.41850000000000004,-1.0,0.0,2e-05,0.0,0.0
2026-08-02T17:03:45Z,2026-08-03,1,70000.0,C,0.0,0.0001,0.0,63117.55,63127.15,0.41850000000000004,0.0,0.0,0.0,1.3,0.0
2026-08-02T17:03:45Z,2026-08-03,1,70000.0,P,0.0715,0.1495,0.109,63117.73,63127.15,0.41850000000000004,-1.0,0.0,0.0,0.0,0.0
2026-08-02T17:03:45Z,2026-08-03,1,71000.0,C,0.0,0.0001,0.0,63117.55,63127.15,0.41859999999999997,0.0,0.0,0.0,2.4,0.0
2026-08-02T17:03:45Z,2026-08-03,1,71000.0,P,0.087,0.166,0.1249,63117.73,63127.15,0.41859999999999997,-1.0,0.0,0.0,0.0,0.0
2026-08-02T17:03:45Z,2026-08-03,1,72000.0,C,0.0,0.0001,0.0,63117.55,63127.15,0.45280000000000004,0.0,0.0,0.0,6.5,0.0
2026-08-02T17:03:45Z,2026-08-03,1,72000.0,P,0.1025,0.181,0.1407,63117.55,63127.15,0.45280000000000004,-1.0,0.0,0.0,0.0,0.0
2026-08-02T17:03:45Z,2026-08-04,2,56000.0,C,0.0815,0.1445,0.1131,63134.8,63127.15,0.6615000000000001,0.99694,0.0,0.39207,0.0,0.0
2026-08-02T17:03:45Z,2026-08-04,2,56000.0,P,0.0,0.0001,0.0,63134.8,63127.15,0.6615000000000001,-0.00306,0.0,0.39207,7.2,3.1
2026-08-02T17:03:45Z,2026-08-04,2,57000.0,C,0.065,0.128,0.0972,63134.8,63127.15,0.5829,0.99598,0.0,0.50128,0.0,0.0
2026-08-02T17:03:45Z,2026-08-04,2,57000.0,P,0.0,0.0001,0.0,63134.8,63127.15,0.5829,-0.00402,0.0,0.50128,19.6,11.3
2026-08-02T17:03:45Z,2026-08-04,2,58000.0,C,0.048,0.1135,0.0814,63134.8,63127.15,0.5207999999999999,0.99307,1e-05,0.81336,0.0,0.0
2026-08-02T17:03:45Z,2026-08-04,2,58000.0,P,0.0,0.0002,0.0001,63134.8,63127.15,0.5207999999999999,-0.00693,1e-05,0.81336,54.7,0.1
2026-08-02T17:03:45Z,2026-08-04,2,59000.0,C,0.032,0.0985,0.0658,63134.8,63127.15,0.4987,0.98001,2e-05,2.03719,0.0,0.0
2026-08-02T17:03:45Z,2026-08-04,2,59000.0,P,0.0002,0.0003,0.0002,63134.8,63127.15,0.4987,-0.01999,2e-05,2.03719,24.0,3.4
2026-08-02T17:03:45Z,2026-08-04,2,60000.0,C,0.016,0.0825,0.0501,63134.8,63127.15,0.4244,0.96517,4e-05,3.23899,0.0,0.0
2026-08-02T17:03:45Z,2026-08-04,2,60000.0,P,0.0003,0.0004,0.0004,63134.8,63127.15,0.4244,-0.03483,4e-05,3.23899,30.9,6.2
2026-08-02T17:03:45Z,2026-08-04,2,61000.0,C,0.0125,0.0675,0.0347,63134.8,63127.15,0.3651,0.92296,9e-05,6.0808,0.0,0.0
2026-08-02T17:03:45Z,2026-08-04,2,61000.0,P,0.0007,0.001,0.0009,63134.8,63127.15,0.3651,-0.07704,9e-05,6.0808,111.3,34.6
2026-08-02T17:03:45Z,2026-08-04,2,61500.0,C,0.0125,0.06,0.0273,63134.8,63127.15,0.3425,0.87704,0.00014,8.56516,0.0,0.0
2026-08-02T17:03:45Z,2026-08-04,2,61500.0,P,0.0013,0.0015,0.0014,63134.8,63127.15,0.3425,-0.12296,0.00014,8.56516,237.8,65.2
2026-08-02T17:03:45Z,2026-08-04,2,62000.0,C,0.012,0.053,0.0204,63134.8,63127.15,0.3236,0.80278,0.0002,11.6845,0.0,0.0
2026-08-02T17:03:45Z,2026-08-04,2,62000.0,P,0.0022,0.0026,0.0024,63134.8,63127.15,0.3236,-0.19722,0.0002,11.6845,119.6,2.3
2026-08-02T17:03:45Z,2026-08-04,2,62500.0,C,0.0135,0.0155,0.0142,63135.22,63127.15,0.30820000000000003,0.6923,0.00027,14.80072,0.0,0.0
2026-08-02T17:03:45Z,2026-08-04,2,62500.0,P,0.0037,0.0044,0.0041,63134.8,63127.15,0.30820000000000003,-0.30781,0.00027,14.80303,15.4,10.1
2026-08-02T17:03:45Z,2026-08-04,2,63000.0,C,0.0085,0.01,0.0091,63134.15,63127.15,0.29969999999999997,0.54636,0.00031,16.67777,36.3,28.2
2026-08-02T17:03:45Z,2026-08-04,2,63000.0,P,0.0065,0.0075,0.0069,63134.15,63127.15,0.29969999999999997,-0.45364,0.00031,16.67777,13.9,11.7
2026-08-02T17:03:45Z,2026-08-04,2,63500.0,C,0.0048,0.0055,0.0053,63134.15,63127.15,0.2933,0.38756,0.00031,16.11986,26.1,7.3
2026-08-02T17:03:45Z,2026-08-04,2,63500.0,P,0.01,0.0115,0.0111,63134.15,63127.15,0.2933,-0.61244,0.00031,16.11986,17.7,0.0
2026-08-02T17:03:45Z,2026-08-04,2,64000.0,C,0.0024,0.0028,0.0026,63134.15,63127.15,0.2827,0.23784,0.00026,13.02007,22.6,16.7
2026-08-02T17:03:45Z,2026-08-04,2,64000.0,P,0.0021,0.0515,0.0163,63134.15,63127.15,0.2827,-0.76216,0.00026,13.02007,0.1,0.0
2026-08-02T17:03:45Z,2026-08-04,2,64500.0,C,0.001,0.0013,0.0012,63134.15,63127.15,0.2822,0.1296,0.00018,8.88468,53.1,9.6
2026-08-02T17:03:45Z,2026-08-04,2,64500.0,P,0.013,0.059,0.0228,63134.15,63127.15,0.2822,-0.8704,0.00018,8.88468,0.0,0.0
2026-08-02T17:03:45Z,2026-08-04,2,65000.0,C,0.0004,0.0006,0.0005,63134.15,63127.15,0.2858,0.06438,0.0001,5.29681,61.6,12.9
2026-08-02T17:03:45Z,2026-08-04,2,65000.0,P,0.0125,0.0665,0.0301,63134.15,63127.15,0.2858,-0.93562,0.0001,5.29681,0.4,0.0
2026-08-02T17:03:45Z,2026-08-04,2,65500.0,C,0.0002,0.0004,0.0003,63134.15,63127.15,0.3036,0.03535,6e-05,3.27904,28.4,0.5
2026-08-02T17:03:45Z,2026-08-04,2,65500.0,P,0.013,0.075,0.0377,63134.15,63127.15,0.3036,-0.96465,6e-05,3.27904,0.0,0.0
2026-08-02T17:03:45Z,2026-08-04,2,66000.0,C,0.0001,0.0002,0.0001,63134.15,63127.15,0.31739999999999996,0.01842,3e-05,1.9002,33.2,28.0
2026-08-02T17:03:45Z,2026-08-04,2,66000.0,P,0.0125,0.084,0.0455,63134.15,63127.15,0.31739999999999996,-0.98158,3e-05,1.9002,0.0,0.0
2026-08-02T17:03:45Z,2026-08-04,2,67000.0,C,0.0,0.0001,0.0,63134.15,63127.15,0.3538,0.00607,1e-05,0.72353,81.1,0.2
2026-08-02T17:03:45Z,2026-08-04,2,67000.0,P,0.026,0.0995,0.0613,63134.15,63127.15,0.3538,-0.99393,1e-05,0.72353,0.0,0.0
2026-08-02T17:03:45Z,2026-08-04,2,68000.0,C,0.0,0.0001,0.0,63134.15,63127.15,0.3599,0.00103,0.0,0.14504,48.8,0.0
2026-08-02T17:03:45Z,2026-08-04,2,68000.0,P,0.0405,0.1155,0.0771,63134.15,63127.15,0.3599,-0.99897,0.0,0.14504,0.0,0.0
2026-08-02T17:03:45Z,2026-08-04,2,69000.0,C,0.0,0.0001,0.0,63134.15,63127.15,0.3685,0.00016,0.0,0.02536,0.5,0.0
2026-08-02T17:03:45Z,2026-08-04,2,69000.0,P,0.0565,0.1325,0.0929,63134.15,63127.15,0.3685,-0.99984,0.0,0.02536,0.0,0.0
2026-08-02T17:03:45Z,2026-08-04,2,70000.0,C,0.0,0.0001,0.0,63133.84,63127.15,0.4163,0.00011,0.0,0.01747,0.0,0.0
2026-08-02T17:03:45Z,2026-08-04,2,70000.0,P,0.072,0.1485,0.1087,63133.84,63127.15,0.4163,-0.99989,0.0,0.01747,0.0,0.0
2026-08-02T17:03:45Z,2026-08-04,2,71000.0,C,0.0,0.0001,0.0,63133.84,63127.15,0.4274,2e-05,0.0,0.00366,0.0,0.0
2026-08-02T17:03:45Z,2026-08-04,2,71000.0,P,0.0865,0.1655,0.1246,63133.84,63127.15,0.4274,-0.99998,0.0,0.00366,0.0,0.0
2026-08-02T17:03:45Z,2026-08-05,3,56000.0,C,0.0815,0.1435,0.1132,63142.0,63127.15,0.5561,0.99492,0.0,0.78501,0.0,0.0
2026-08-02T17:03:45Z,2026-08-05,3,56000.0,P,0.0,0.0001,0.0001,63141.87,63127.15,0.5561,-0.00508,0.0,0.7851,4.3,2.4
2026-08-02T17:03:45Z,2026-08-05,3,57000.0,C,0.065,0.129,0.0974,63142.0,63127.15,0.5088,0.99168,1e-05,1.2147,0.0,0.0
2026-08-02T17:03:45Z,2026-08-05,3,57000.0,P,0.0,0.0002,0.0001,63142.0,63127.15,0.5088,-0.00832,1e-05,1.2147,15.5,0.1
2026-08-02T17:03:45Z,2026-08-05,3,58000.0,C,0.048,0.114,0.0817,63142.0,63127.15,0.4756,0.98331,2e-05,2.22133,0.0,0.0
2026-08-02T17:03:45Z,2026-08-05,3,58000.0,P,0.0002,0.0003,0.0002,63142.0,63127.15,0.4756,-0.01669,2e-05,2.22133,50.4,50.4
2026-08-02T17:03:45Z,2026-08-05,3,59000.0,C,0.0325,0.099,0.0661,63141.87,63127.15,0.4343,0.96868,3e-05,3.77403,0.0,0.0
2026-08-02T17:03:45Z,2026-08-05,3,59000.0,P,0.0004,0.0005,0.0005,63141.87,63127.15,0.4343,-0.03132,3e-05,3.77403,62.7,62.0
2026-08-02T17:03:45Z,2026-08-05,3,60000.0,C,0.018,0.084,0.0507,63141.87,63127.15,0.3954,0.93818,6e-05,6.52603,0.0,0.0
2026-08-02T17:03:45Z,2026-08-05,3,60000.0,P,0.0008,0.001,0.0009,63141.76,63127.15,0.3954,-0.06183,6e-05,6.52654,17.1,13.7
2026-08-02T17:03:45Z,2026-08-05,3,60500.0,C,0.011,0.0765,0.0432,63141.76,63127.15,0.37729999999999997,0.91187,8e-05,8.5561,0.0,0.0
2026-08-02T17:03:45Z,2026-08-05,3,60500.0,P,0.0011,0.0015,0.0013,63141.76,63127.15,0.37729999999999997,-0.08813,8e-05,8.5561,5.0,4.9
2026-08-02T17:03:45Z,2026-08-05,3,61000.0,C,0.006,0.069,0.0359,63141.87,63127.15,0.3628,0.87236,0.00011,11.1787,0.0,0.0
2026-08-02T17:03:45Z,2026-08-05,3,61000.0,P,0.0018,0.0022,0.002,63141.87,63127.15,0.3628,-0.12764,0.00011,11.1787,2.3,2.7
2026-08-02T17:03:45Z,2026-08-05,3,61500.0,C,0.0021,0.0625,0.029,63141.87,63127.15,0.3481,0.818,0.00014,14.14073,0.0,0.0
2026-08-02T17:03:45Z,2026-08-05,3,61500.0,P,0.003,0.0032,0.003,63141.76,63127.15,0.3481,-0.18201,0.00014,14.14147,12.3,10.0
2026-08-02T17:03:45Z,2026-08-05,3,62000.0,C,0.02,0.026,0.0224,63141.76,63127.15,0.33240000000000003,0.74595,0.00018,17.1518,0.0,0.0
2026-08-02T17:03:45Z,2026-08-05,3,62000.0,P,0.0041,0.0046,0.0044,63141.76,63127.15,0.33240000000000003,-0.25405,0.00018,17.1518,30.5,29.9
2026-08-02T17:03:45Z,2026-08-05,3,62500.0,C,0.016,0.0175,0.0166,63141.87,63127.15,0.3209,0.65145,0.00022,19.79327,0.2,0.2
2026-08-02T17:03:45Z,2026-08-05,3,62500.0,P,0.006,0.007,0.0065,63141.87,63127.15,0.3209,-0.34855,0.00022,19.79327,11.4,10.2
2026-08-02T17:03:45Z,2026-08-05,3,63000.0,C,0.011,0.0125,0.0117,63141.76,63127.15,0.3126,0.53906,0.00024,21.24841,11.0,10.9
2026-08-02T17:03:45Z,2026-08-05,3,63000.0,P,0.0085,0.01,0.0095,63141.87,63127.15,0.3126,-0.46091,0.00024,21.24831,18.6,8.5
2026-08-02T17:03:45Z,2026-08-05,3,63500.0,C,0.007,0.0085,0.0077,63141.87,63127.15,0.3031,0.4179,0.00024,20.89715,2.6,1.9
2026-08-02T17:03:45Z,2026-08-05,3,63500.0,P,0.0125,0.014,0.0134,63141.87,63127.15,0.3031,-0.5821,0.00024,20.89715,0.7,0.7
2026-08-02T17:03:45Z,2026-08-05,3,64000.0,C,0.0044,0.005,0.0048,63141.76,63127.15,0.2982,0.30101,0.00022,18.63643,2.0,1.0
2026-08-02T17:03:45Z,2026-08-05,3,64000.0,P,0.0002,0.0535,0.0184,63141.76,63127.15,0.2982,-0.69898,0.00022,18.63657,0.0,0.0
2026-08-02T17:03:45Z,2026-08-05,3,64500.0,C,0.0024,0.0029,0.0027,63141.76,63127.15,0.2909,0.19744,0.00018,14.86725,38.1,36.7
2026-08-02T17:03:45Z,2026-08-05,3,64500.0,P,0.0008,0.0605,0.0242,63141.76,63127.15,0.2909,-0.80256,0.00018,14.86725,0.0,0.0
2026-08-02T17:03:45Z,2026-08-05,3,65000.0,C,0.0012,0.0016,0.0015,63141.45,63127.15,0.29100000000000004,0.12221,0.00013,10.84423,28.0,22.0
2026-08-02T17:03:45Z,2026-08-05,3,65000.0,P,0.0027,0.068,0.0309,63141.76,63127.15,0.29100000000000004,-0.87775,0.00013,10.84693,0.0,0.0
2026-08-02T17:03:45Z,2026-08-05,3,65500.0,C,0.0006,0.0009,0.0008,63141.76,63127.15,0.2915,0.07051,9e-05,7.22641,76.3,71.0
2026-08-02T17:03:45Z,2026-08-05,3,65500.0,P,0.006,0.076,0.0381,63141.45,63127.15,0.2915,-0.92951,9e-05,7.22426,0.0,0.0
2026-08-02T17:03:45Z,2026-08-05,3,66000.0,C,0.0003,0.0005,0.0004,63141.76,63127.15,0.2948,0.03929,5e-05,4.54494,75.1,60.3
2026-08-02T17:03:45Z,2026-08-05,3,66000.0,P,0.0115,0.084,0.0457,63141.45,63127.15,0.2948,-0.96073,5e-05,4.54335,0.0,0.0
2026-08-02T17:03:45Z,2026-08-05,3,67000.0,C,0.0001,0.0002,0.0001,63141.45,63127.15,0.32049999999999995,0.01501,2e-05,2.02782,29.6,29.6
2026-08-02T17:03:45Z,2026-08-05,3,67000.0,P,0.025,0.1005,0.0612,63141.45,63127.15,0.32049999999999995,-0.98499,2e-05,2.02782,0.0,0.0
2026-08-02T17:03:45Z,2026-08-05,3,68000.0,C,0.0,0.0001,0.0001,63141.76,63127.15,0.35590000000000005,0.0073,1e-05,1.08188,1.1,0.8
2026-08-02T17:03:45Z,2026-08-05,3,68000.0,P,0.0405,0.116,0.077,63141.76,63127.15,0.35590000000000005,-0.9927,1e-05,1.08188,0.0,0.0
2026-08-02T17:03:45Z,2026-08-05,3,69000.0,C,0.0,0.0001,0.0,63141.76,63127.15,0.36829999999999996,0.00235,0.0,0.39291,0.0,0.0
2026-08-02T17:03:45Z,2026-08-05,3,69000.0,P,0.0565,0.132,0.0928,63141.45,63127.15,0.36829999999999996,-0.99765,0.0,0.39274,0.0,0.0
2026-08-02T17:03:45Z,2026-08-05,3,70000.0,C,0.0,0.0001,0.0,63141.45,63127.15,0.4053,0.00142,0.0,0.24846,0.0,0.0
2026-08-02T17:03:45Z,2026-08-05,3,70000.0,P,0.072,0.1495,0.1086,63141.45,63127.15,0.4053,-0.99858,0.0,0.24846,0.0,0.0
2026-08-02T17:03:45Z,2026-08-06,4,56000.0,C,0.081,0.144,0.1134,63152.85,63127.15,0.5174,0.99081,1e-05,1.55765,0.0,0.0
2026-08-02T17:03:45Z,2026-08-06,4,56000.0,P,0.0001,0.0002,0.0002,63152.43,63127.15,0.5174,-0.00919,1e-05,1.55811,0.0,0.0
2026-08-02T17:03:45Z,2026-08-06,4,57000.0,C,0.065,0.1295,0.0977,63152.85,63127.15,0.486,0.98388,1e-05,2.53404,0.0,0.0
2026-08-02T17:03:45Z,2026-08-06,4,57000.0,P,0.0002,0.0003,0.0003,63152.85,63127.15,0.486,-0.01612,1e-05,2.53404,0.0,0.0
2026-08-02T17:03:45Z,2026-08-06,4,58000.0,C,0.0485,0.1145,0.0821,63152.85,63127.15,0.4524,0.972,2e-05,4.04263,0.0,0.0
2026-08-02T17:03:45Z,2026-08-06,4,58000.0,P,0.0004,0.0006,0.0005,63152.85,63127.15,0.4524,-0.028,2e-05,4.04263,27.2,27.2
2026-08-02T17:03:45Z,2026-08-06,4,59000.0,C,0.0325,0.0995,0.0666,63152.43,63127.15,0.41619999999999996,0.95165,4e-05,6.31658,0.0,0.0
2026-08-02T17:03:45Z,2026-08-06,4,59000.0,P,0.0007,0.001,0.0008,63152.85,63127.15,0.41619999999999996,-0.04833,4e-05,6.31494,0.9,0.9
2026-08-02T17:03:45Z,2026-08-06,4,60000.0,C,0.0185,0.085,0.0515,63152.85,63127.15,0.3858,0.91179,7e-05,10.06475,0.0,0.0
2026-08-02T17:03:45Z,2026-08-06,4,60000.0,P,0.0014,0.0018,0.0016,63152.43,63127.15,0.3858,-0.08824,7e-05,10.06704,0.1,0.1
2026-08-02T17:03:45Z,2026-08-06,4,61000.0,C,0.0075,0.0715,0.0371,63152.85,63127.15,0.3563,0.8401,0.00011,15.30089,0.0,0.0
2026-08-02T17:03:45Z,2026-08-06,4,61000.0,P,0.0028,0.0033,0.003,63152.85,63127.15,0.3563,-0.1599,0.00011,15.30089,0.1,0.1
2026-08-02T17:03:45Z,2026-08-06,4,61500.0,C,0.0035,0.064,0.0304,63152.85,63127.15,0.3436,0.78582,0.00013,18.34172,0.0,0.0
2026-08-02T17:03:45Z,2026-08-06,4,61500.0,P,0.004,0.0045,0.0042,63152.85,63127.15,0.3436,-0.21418,0.00013,18.34172,8.4,8.4
2026-08-02T17:03:45Z,2026-08-06,4,62000.0,C,0.0016,0.0565,0.0242,63152.85,63127.15,0.3336,0.71599,0.00016,21.32316,0.0,0.0
2026-08-02T17:03:45Z,2026-08-06,4,62000.0,P,0.0055,0.0065,0.006,63152.85,63127.15,0.3336,-0.28401,0.00016,21.32316,2.0,2.0
2026-08-02T17:03:45Z,2026-08-06,4,62500.0,C,0.018,0.019,0.0186,63152.85,63127.15,0.3226,0.63285,0.00019,23.69348,0.0,0.0
2026-08-02T17:03:45Z,2026-08-06,4,62500.0,P,0.008,0.0085,0.0082,63152.85,63127.15,0.3226,-0.36715,0.00019,23.69348,0.0,0.0
2026-08-02T17:03:45Z,2026-08-06,4,63000.0,C,0.013,0.0145,0.0138,63152.85,63127.15,0.3164,0.5369,0.0002,24.99083,0.0,0.0
2026-08-02T17:03:45Z,2026-08-06,4,63000.0,P,0.0105,0.012,0.0114,63152.43,63127.15,0.3164,-0.46318,0.0002,24.99115,0.1,0.1
2026-08-02T17:03:45Z,2026-08-06,4,63500.0,C,0.009,0.01,0.0097,63152.43,63127.15,0.3084,0.43514,0.0002,24.76567,0.2,0.2
2026-08-02T17:03:45Z,2026-08-06,4,63500.0,P,0.0145,0.0155,0.0152,63152.43,63127.15,0.3084,-0.56486,0.0002,24.76567,0.0,0.0
2026-08-02T17:03:45Z,2026-08-06,4,64000.0,C,0.006,0.007,0.0065,63152.26,63127.15,0.3011,0.33376,0.00019,22.88621,2.2,2.2
2026-08-02T17:03:45Z,2026-08-06,4,64000.0,P,0.016,0.024,0.0199,63152.43,63127.15,0.3011,-0.66621,0.00019,22.88715,0.0,0.0
2026-08-02T17:03:45Z,2026-08-06,4,64500.0,C,0.004,0.0045,0.0042,63152.43,63127.15,0.2987,0.24362,0.00017,19.71699,2.5,2.5
2026-08-02T17:03:45Z,2026-08-06,4,64500.0,P,0.0019,0.0615,0.0256,63152.43,63127.15,0.2987,-0.75638,0.00017,19.71699,0.0,0.0
2026-08-02T17:03:45Z,2026-08-06,4,65000.0,C,0.0024,0.0029,0.0027,63152.43,63127.15,0.2985,0.16985,0.00013,15.91108,2.3,2.3
2026-08-02T17:03:45Z,2026-08-06,4,65000.0,P,0.0038,0.0685,0.0319,63152.43,63127.15,0.2985,-0.83015,0.00013,15.91108,0.0,0.0
2026-08-02T17:03:45Z,2026-08-06,4,65500.0,C,0.0014,0.0018,0.0016,63152.43,63127.15,0.2998,0.11371,0.0001,12.1136,11.4,11.4
2026-08-02T17:03:45Z,2026-08-06,4,65500.0,P,0.008,0.076,0.0388,63152.43,63127.15,0.2998,-0.88629,0.0001,12.1136,0.0,0.0
2026-08-02T17:03:45Z,2026-08-06,4,66000.0,C,0.0009,0.0012,0.001,63152.43,63127.15,0.3054,0.07569,7e-05,8.96806,30.0,30.2
2026-08-02T17:03:45Z,2026-08-06,4,66000.0,P,0.0125,0.084,0.0461,63152.43,63127.15,0.3054,-0.92431,7e-05,8.96806,0.0,0.0
2026-08-02T17:03:45Z,2026-08-06,4,67000.0,C,0.0003,0.0005,0.0004,63152.43,63127.15,0.3175,0.03188,4e-05,4.50142,0.5,0.5
2026-08-02T17:03:45Z,2026-08-06,4,67000.0,P,0.026,0.1,0.0613,63152.43,63127.15,0.3175,-0.96812,4e-05,4.50142,0.0,0.0
2026-08-02T17:03:45Z,2026-08-06,4,68000.0,C,0.0001,0.0003,0.0002,63152.43,63127.15,0.34020000000000006,0.01518,2e-05,2.40677,0.0,0.0
2026-08-02T17:03:45Z,2026-08-06,4,68000.0,P,0.0405,0.116,0.0769,63152.43,63127.15,0.34020000000000006,-0.98482,2e-05,2.40677,0.0,0.0
2026-08-02T17:03:45Z,2026-08-06,4,69000.0,C,0.0,0.0002,0.0001,63152.43,63127.15,0.3718,0.00883,1e-05,1.50394,0.0,0.0
2026-08-02T17:03:45Z,2026-08-06,4,69000.0,P,0.0555,0.1325,0.0927,63152.43,63127.15,0.3718,-0.99117,1e-05,1.50394,0.0,0.0
2026-08-02T17:03:45Z,2026-08-06,4,70000.0,C,0.0,0.0001,0.0001,63152.43,63127.15,0.4102,0.00623,1e-05,1.10569,0.5,0.5
2026-08-02T17:03:45Z,2026-08-06,4,70000.0,P,0.071,0.149,0.1085,63152.26,63127.15,0.4102,-0.99377,1e-05,1.10551,0.0,0.0
2026-08-02T17:03:45Z,2026-08-06,4,71000.0,C,0.0,0.0001,0.0,63152.26,63127.15,0.4232,0.00292,0.0,0.56119,0.0,0.0
2026-08-02T17:03:45Z,2026-08-06,4,71000.0,P,0.087,0.1655,0.1243,63152.26,63127.15,0.4232,-0.99708,0.0,0.56119,0.0,0.0
2026-08-02T17:03:45Z,2026-08-07,5,53000.0,C,0.157,0.165,0.1613,63178.11,63127.15,0.6455,0.99295,0.0,1.39393,0.0,0.0
2026-08-02T17:03:45Z,2026-08-07,5,53000.0,P,0.0001,0.0002,0.0002,63178.01,63127.15,0.6455,-0.00705,0.0,1.394,70.3,1.9
2026-08-02T17:03:45Z,2026-08-07,5,55000.0,C,0.1235,0.1335,0.1298,63178.11,63127.15,0.5743,0.98528,1e-05,2.64974,0.0,0.0
2026-08-02T17:03:45Z,2026-08-07,5,55000.0,P,0.0003,0.0004,0.0003,63178.11,63127.15,0.5743,-0.01472,1e-05,2.64974,255.0,0.8
2026-08-02T17:03:45Z,2026-08-07,5,58000.0,C,0.0755,0.087,0.0829,63178.01,63127.15,0.45530000000000004,0.95493,3e-05,6.74707,0.0,0.0
2026-08-02T17:03:45Z,2026-08-07,5,58000.0,P,0.0009,0.001,0.001,63178.11,63127.15,0.45530000000000004,-0.04506,3e-05,6.74673,1145.3,101.2
2026-08-02T17:03:45Z,2026-08-07,5,60000.0,C,0.0495,0.0565,0.0529,63178.11,63127.15,0.3933,0.88267,7e-05,13.99818,11.5,0.3
2026-08-02T17:03:45Z,2026-08-07,5,60000.0,P,0.0024,0.0028,0.0026,63178.11,63127.15,0.3933,-0.11733,7e-05,13.99818,1596.3,12.9
2026-08-02T17:03:45Z,2026-08-07,5,61000.0,C,0.0355,0.0415,0.039,63178.11,63127.15,0.36719999999999997,0.80778,0.0001,19.43088,42.6,8.0
2026-08-02T17:03:45Z,2026-08-07,5,61000.0,P,0.0043,0.0047,0.0045,63178.11,63127.15,0.36719999999999997,-0.19222,0.0001,19.43088,484.4,32.3
2026-08-02T17:03:45Z,2026-08-07,5,62000.0,C,0.0245,0.029,0.0265,63178.11,63127.15,0.34600000000000003,0.69249,0.00014,24.99397,158.3,0.1
2026-08-02T17:03:45Z,2026-08-07,5,62000.0,P,0.0075,0.008,0.0078,63178.11,63127.15,0.34600000000000003,-0.30751,0.00014,24.99397,1383.6,16.9
2026-08-02T17:03:45Z,2026-08-07,5,62500.0,C,0.02,0.0215,0.0209,63178.11,63127.15,0.33509999999999995,0.61984,0.00016,27.07368,0.0,0.0
2026-08-02T17:03:45Z,2026-08-07,5,62500.0,P,0.0095,0.011,0.0102,63178.11,63127.15,0.33509999999999995,-0.38016,0.00016,27.07368,19.5,2.9
2026-08-02T17:03:45Z,2026-08-07,5,63000.0,C,0.0155,0.0165,0.0161,63178.11,63127.15,0.3268,0.5379,0.00017,28.23513,107.7,27.0
2026-08-02T17:03:45Z,2026-08-07,5,63000.0,P,0.0125,0.014,0.0133,63178.01,63127.15,0.3268,-0.46212,0.00017,28.2352,173.2,15.4
2026-08-02T17:03:45Z,2026-08-07,5,63500.0,C,0.0115,0.0125,0.012,63178.01,63127.15,0.3196,0.45092,0.00017,28.14826,66.1,31.0
2026-08-02T17:03:45Z,2026-08-07,5,63500.0,P,0.0165,0.018,0.0171,63177.42,63127.15,0.3196,-0.54918,0.00017,28.1471,22.1,0.1
2026-08-02T17:03:45Z,2026-08-07,5,64000.0,C,0.008,0.009,0.0086,63177.42,63127.15,0.3127,0.36314,0.00017,26.67713,682.0,23.7
2026-08-02T17:03:45Z,2026-08-07,5,64000.0,P,0.021,0.0225,0.0216,63177.42,63127.15,0.3127,-0.63686,0.00017,26.67713,239.3,0.5
2026-08-02T17:03:45Z,2026-08-07,5,64500.0,C,0.0055,0.0065,0.006,63177.42,63127.15,0.3098,0.28199,0.00015,24.01436,36.6,28.8
2026-08-02T17:03:45Z,2026-08-07,5,64500.0,P,0.0245,0.06,0.0269,63177.42,63127.15,0.3098,-0.71801,0.00015,24.01436,1.0,0.0
2026-08-02T17:03:45Z,2026-08-07,5,65000.0,C,0.0037,0.0042,0.0041,63178.01,63127.15,0.3074,0.2105,0.00013,20.5184,225.1,16.6
2026-08-02T17:03:45Z,2026-08-07,5,65000.0,P,0.03,0.036,0.0329,63178.01,63127.15,0.3074,-0.7895,0.00013,20.5184,80.1,0.5
2026-08-02T17:03:45Z,2026-08-07,5,66000.0,C,0.0016,0.0021,0.0018,63178.01,63127.15,0.3121,0.10996,8e-05,13.36493,828.9,42.1
2026-08-02T17:03:45Z,2026-08-07,5,66000.0,P,0.042,0.0495,0.0465,63177.42,63127.15,0.3121,-0.89009,8e-05,13.36044,61.0,0.0
2026-08-02T17:03:45Z,2026-08-07,5,67000.0,C,0.0008,0.001,0.0008,63178.01,63127.15,0.3234,0.05525,5e-05,7.93694,1347.0,11.2
2026-08-02T17:03:45Z,2026-08-07,5,67000.0,P,0.0565,0.0645,0.0613,63178.01,63127.15,0.3234,-0.94475,5e-05,7.93694,54.4,0.0
2026-08-02T17:03:45Z,2026-08-07,5,68000.0,C,0.0004,0.0006,0.0005,63178.01,63127.15,0.3497,0.0322,3e-05,5.12977,1341.7,1.6
2026-08-02T17:03:45Z,2026-08-07,5,68000.0,P,0.072,0.1145,0.0768,63178.01,63127.15,0.3497,-0.9678,3e-05,5.12977,6.2,0.0
2026-08-02T17:03:45Z,2026-08-07,5,69000.0,C,0.0002,0.0003,0.0003,63178.01,63127.15,0.37270000000000003,0.01872,2e-05,3.25374,1350.6,2.4
2026-08-02T17:03:45Z,2026-08-07,5,69000.0,P,0.0875,0.13,0.0924,63178.01,63127.15,0.37270000000000003,-0.98128,2e-05,3.25374,3.3,0.0
2026-08-02T17:03:45Z,2026-08-07,5,70000.0,C,0.0002,0.0003,0.0002,63177.42,63127.15,0.4157,0.01504,1e-05,2.69905,6697.0,8.6
2026-08-02T17:03:45Z,2026-08-07,5,70000.0,P,0.1035,0.1435,0.1082,63178.01,63127.15,0.4157,-0.98495,1e-05,2.70025,0.4,0.0
2026-08-02T17:03:45Z,2026-08-07,5,71000.0,C,0.0001,0.0002,0.0001,63178.01,63127.15,0.4335,0.00893,1e-05,1.71604,1373.6,1.1
2026-08-02T17:03:45Z,2026-08-07,5,71000.0,P,0.119,0.1615,0.124,63178.01,63127.15,0.4335,-0.99107,1e-05,1.71604,0.0,0.0
2026-08-02T17:03:45Z,2026-08-07,5,72000.0,C,0.0001,0.0002,0.0001,63177.42,63127.15,0.4789,0.00822,1e-05,1.59679,5629.5,1.0
2026-08-02T17:03:45Z,2026-08-07,5,72000.0,P,0.1345,0.18,0.1398,63177.42,63127.15,0.4789,-0.99178,1e-05,1.59679,0.0,0.0
2026-08-02T17:03:45Z,2026-08-07,5,75000.0,C,0.0,0.0001,0.0,63177.42,63127.15,0.4946,0.00113,0.0,0.26765,2584.7,0.0
2026-08-02T17:03:45Z,2026-08-07,5,75000.0,P,0.1815,0.2265,0.1871,63176.95,63127.15,0.4946,-0.99887,0.0,0.26754,0.7,0.0
2026-08-02T17:03:45Z,2026-08-07,5,77000.0,C,0.0,0.0001,0.0,63177.42,63127.15,0.5289,0.00049,0.0,0.12471,1090.0,0.6
2026-08-02T17:03:45Z,2026-08-07,5,77000.0,P,0.2135,0.258,0.2188,63177.42,63127.15,0.5289,-0.99951,0.0,0.12471,0.0,0.0
2026-08-02T17:03:45Z,2026-08-07,5,80000.0,C,0.0,0.0001,0.0,63176.95,63127.15,0.5670000000000001,0.00012,0.0,0.03392,573.7,0.0
2026-08-02T17:03:45Z,2026-08-07,5,80000.0,P,0.2605,0.31,0.2663,63177.42,63127.15,0.5670000000000001,-0.99988,0.0,0.03394,0.1,0.0
2026-08-02T17:03:45Z,2026-08-14,12,50000.0,C,0.2055,0.212,0.2095,63219.4,63127.15,0.5845,0.98932,0.0,3.1854,0.0,0.0
2026-08-02T17:03:45Z,2026-08-14,12,50000.0,P,0.0004,0.0005,0.0004,63220.06,63127.15,0.5845,-0.01068,0.0,3.1847,143.3,137.6
2026-08-02T17:03:45Z,2026-08-14,12,52000.0,C,0.174,0.182,0.1781,63219.4,63127.15,0.5307999999999999,0.98257,1e-05,4.85752,0.0,0.0
2026-08-02T17:03:45Z,2026-08-14,12,52000.0,P,0.0006,0.0007,0.0006,63218.87,63127.15,0.5307999999999999,-0.01743,1e-05,4.85842,199.2,141.2
2026-08-02T17:03:45Z,2026-08-14,12,55000.0,C,0.1245,0.135,0.1313,63218.87,63127.15,0.4542,0.9607,2e-05,9.58236,0.0,0.0
2026-08-02T17:03:45Z,2026-08-14,12,55000.0,P,0.0012,0.0013,0.0013,63218.87,63127.15,0.4542,-0.0393,2e-05,9.58236,543.0,2.2
2026-08-02T17:03:45Z,2026-08-14,12,58000.0,C,0.079,0.09,0.0863,63218.87,63127.15,0.39770000000000005,0.89427,4e-05,20.61643,0.0,0.0
2026-08-02T17:03:45Z,2026-08-14,12,58000.0,P,0.0035,0.0039,0.0037,63218.87,63127.15,0.39770000000000005,-0.10573,4e-05,20.61643,1523.1,56.1
2026-08-02T17:03:45Z,2026-08-14,12,59000.0,C,0.065,0.0755,0.072,63219.26,63127.15,0.3796,0.85394,5e-05,25.83815,0.0,0.0
2026-08-02T17:03:45Z,2026-08-14,12,59000.0,P,0.005,0.0055,0.0052,63218.87,63127.15,0.3796,-0.14608,5e-05,25.84047,2.8,1.4
2026-08-02T17:03:45Z,2026-08-14,12,60000.0,C,0.053,0.062,0.0584,63218.87,63127.15,0.363,0.79929,7e-05,31.64975,0.0,0.0
2026-08-02T17:03:45Z,2026-08-14,12,60000.0,P,0.007,0.008,0.0075,63218.87,63127.15,0.363,-0.20071,7e-05,31.64975,1859.1,65.6
2026-08-02T17:03:45Z,2026-08-14,12,61000.0,C,0.0425,0.0485,0.0459,63218.87,63127.15,0.3503,0.72671,8e-05,37.52552,0.0,0.0
2026-08-02T17:03:45Z,2026-08-14,12,61000.0,P,0.0105,0.0115,0.0108,63218.87,63127.15,0.3503,-0.27329,8e-05,37.52552,264.0,2.3
2026-08-02T17:03:45Z,2026-08-14,12,62000.0,C,0.034,0.035,0.0346,63219.26,63127.15,0.33590000000000003,0.63865,0.0001,42.2587,4.0,0.1
2026-08-02T17:03:45Z,2026-08-14,12,62000.0,P,0.015,0.016,0.0153,63218.87,63127.15,0.33590000000000003,-0.36139,0.0001,42.25998,174.5,20.5
2026-08-02T17:03:45Z,2026-08-14,12,63000.0,C,0.024,0.0255,0.0248,63219.26,63127.15,0.3236,0.53548,0.00011,44.82661,41.7,0.0
2026-08-02T17:03:45Z,2026-08-14,12,63000.0,P,0.021,0.022,0.0213,63218.87,63127.15,0.3236,-0.46457,0.00011,44.82676,319.2,8.5
2026-08-02T17:03:45Z,2026-08-14,12,64000.0,C,0.0165,0.0175,0.0169,63218.87,63127.15,0.314,0.4242,0.00011,44.18955,143.5,2.0
2026-08-02T17:03:45Z,2026-08-14,12,64000.0,P,0.0285,0.03,0.0292,63219.26,63127.15,0.314,-0.57576,0.00011,44.19076,111.7,10.1
2026-08-02T17:03:45Z,2026-08-14,12,65000.0,C,0.0105,0.0115,0.0108,63219.26,63127.15,0.3053,0.31469,0.0001,40.05764,123.7,9.0
2026-08-02T17:03:45Z,2026-08-14,12,65000.0,P,0.0375,0.042,0.0389,63218.87,63127.15,0.3053,-0.68535,0.0001,40.05521,47.3,0.1
2026-08-02T17:03:45Z,2026-08-14,12,66000.0,C,0.006,0.007,0.0065,63219.26,63127.15,0.2994,0.218,9e-05,33.22719,491.2,189.8
2026-08-02T17:03:45Z,2026-08-14,12,66000.0,P,0.0485,0.054,0.0505,63218.87,63127.15,0.2994,-0.78204,9e-05,33.22399,3.2,0.0
2026-08-02T17:03:45Z,2026-08-14,12,67000.0,C,0.0035,0.004,0.0039,63218.87,63127.15,0.2994,0.14445,7e-05,25.64559,453.3,10.0
2026-08-02T17:03:45Z,2026-08-14,12,67000.0,P,0.0595,0.103,0.0637,63218.87,63127.15,0.2994,-0.85555,7e-05,25.64559,0.0,0.0
2026-08-02T17:03:45Z,2026-08-14,12,68000.0,C,0.0019,0.0023,0.0022,63217.94,63127.15,0.2994,0.09044,5e-05,18.38557,1114.0,0.5
2026-08-02T17:03:45Z,2026-08-14,12,68000.0,P,0.073,0.1165,0.0778,63217.94,63127.15,0.2994,-0.90956,5e-05,18.38557,0.0,0.0
2026-08-02T17:03:45Z,2026-08-14,12,70000.0,C,0.0006,0.0008,0.0008,63218.87,63127.15,0.3114,0.03548,2e-05,8.81502,1068.3,4.8
2026-08-02T17:03:45Z,2026-08-14,12,70000.0,P,0.103,0.1475,0.108,63217.94,63127.15,0.3114,-0.96454,2e-05,8.81068,0.0,0.0
2026-08-02T17:03:45Z,2026-08-14,12,72000.0,C,0.0004,0.0005,0.0004,63217.94,63127.15,0.3442,0.01842,1e-05,5.09399,1451.3,3.3
2026-08-02T17:03:45Z,2026-08-14,12,72000.0,P,0.134,0.178,0.1393,63218.87,63127.15,0.3442,-0.98156,1e-05,5.09662,0.0,0.0
2026-08-02T17:03:45Z,2026-08-14,12,75000.0,C,0.0001,0.0003,0.0002,63218.87,63127.15,0.3918,0.00799,0.0,2.46945,608.0,0.4
2026-08-02T17:03:45Z,2026-08-14,12,75000.0,P,0.181,0.2245,0.1865,63217.94,63127.15,0.3918,-0.99202,0.0,2.46816,0.0,0.0
2026-08-02T17:03:45Z,2026-08-14,12,80000.0,C,0.0001,0.0002,0.0001,63218.87,63127.15,0.5054,0.00516,0.0,1.67664,900.0,1.0
2026-08-02T17:03:45Z,2026-08-14,12,80000.0,P,0.26,0.3095,0.2656,63217.94,63127.15,0.5054,-0.99485,0.0,1.67591,0.0,0.0
2026-08-02T17:03:45Z,2026-08-21,19,53000.0,C,0.161,0.1675,0.1641,63258.56,63127.15,0.46869999999999995,0.95768,1e-05,12.88852,0.0,0.0
2026-08-02T17:03:45Z,2026-08-21,19,53000.0,P,0.0017,0.002,0.0019,63257.45,63127.15,0.46869999999999995,-0.04233,1e-05,12.89198,33.2,0.2
2026-08-02T17:03:45Z,2026-08-21,19,55000.0,C,0.1275,0.137,0.1337,63257.94,63127.15,0.43229999999999996,0.93077,2e-05,19.02209,0.0,0.0
2026-08-02T17:03:45Z,2026-08-21,19,55000.0,P,0.0029,0.0033,0.0031,63257.49,63127.15,0.43229999999999996,-0.06924,2e-05,19.02401,37.5,2.1
2026-08-02T17:03:45Z,2026-08-21,19,56000.0,C,0.113,0.1225,0.1188,63257.94,63127.15,0.4156,0.91072,3e-05,23.0648,0.0,0.0
2026-08-02T17:03:45Z,2026-08-21,19,56000.0,P,0.0038,0.0042,0.004,63257.94,63127.15,0.4156,-0.08928,3e-05,23.0648,3.9,3.5
2026-08-02T17:03:45Z,2026-08-21,19,58000.0,C,0.0835,0.0935,0.0901,63257.94,63127.15,0.3857,0.85075,4e-05,33.20354,0.0,0.0
2026-08-02T17:03:45Z,2026-08-21,19,58000.0,P,0.0065,0.0075,0.007,63257.94,63127.15,0.3857,-0.14925,4e-05,33.20354,261.2,0.5
2026-08-02T17:03:45Z,2026-08-21,19,59000.0,C,0.0735,0.0885,0.0763,63257.94,63127.15,0.3682,0.81041,5e-05,38.72193,0.0,0.0
2026-08-02T17:03:45Z,2026-08-21,19,59000.0,P,0.0085,0.0095,0.009,63257.94,63127.15,0.3682,-0.18959,5e-05,38.72193,101.7,0.6
2026-08-02T17:03:45Z,2026-08-21,19,60000.0,C,0.056,0.0675,0.0635,63257.94,63127.15,0.35619999999999996,0.75724,6e-05,44.69587,0.0,0.0
2026-08-02T17:03:45Z,2026-08-21,19,60000.0,P,0.0115,0.0125,0.012,63257.49,63127.15,0.35619999999999996,-0.24279,6e-05,44.69834,532.7,19.5
2026-08-02T17:03:45Z,2026-08-21,19,61000.0,C,0.049,0.0545,0.0517,63257.49,63127.15,0.34590000000000004,0.69293,7e-05,50.19913,1.0,0.0
2026-08-02T17:03:45Z,2026-08-21,19,61000.0,P,0.0155,0.0165,0.016,63257.94,63127.15,0.34590000000000004,-0.30704,7e-05,50.19719,56.1,0.0
2026-08-02T17:03:45Z,2026-08-21,19,62000.0,C,0.04,0.0415,0.0409,63257.94,63127.15,0.3348,0.6192,8e-05,54.43856,4.0,0.0
2026-08-02T17:03:45Z,2026-08-21,19,62000.0,P,0.0205,0.0215,0.021,63257.94,63127.15,0.3348,-0.3808,8e-05,54.43856,51.1,2.2
2026-08-02T17:03:45Z,2026-08-21,19,63000.0,C,0.0305,0.032,0.0314,63257.94,63127.15,0.3258,0.53678,9e-05,56.76018,5.1,0.0
2026-08-02T17:03:45Z,2026-08-21,19,63000.0,P,0.0265,0.028,0.0273,63257.94,63127.15,0.3258,-0.46322,9e-05,56.76018,64.0,1.2
2026-08-02T17:03:45Z,2026-08-21,19,64000.0,C,0.0225,0.0235,0.0232,63257.49,63127.15,0.31670000000000004,0.44932,9e-05,56.54166,42.4,3.4
2026-08-02T17:03:45Z,2026-08-21,19,64000.0,P,0.034,0.0355,0.0349,63257.94,63127.15,0.31670000000000004,-0.55064,9e-05,56.54278,27.5,0.1
2026-08-02T17:03:45Z,2026-08-21,19,65000.0,C,0.016,0.017,0.0165,63257.94,63127.15,0.3078,0.36093,9e-05,53.50317,41.3,7.1
2026-08-02T17:03:45Z,2026-08-21,19,65000.0,P,0.0425,0.0475,0.044,63257.94,63127.15,0.3078,-0.63907,9e-05,53.50317,10.8,0.0
2026-08-02T17:03:45Z,2026-08-21,19,66000.0,C,0.011,0.012,0.0113,63257.85,63127.15,0.3017,0.27805,8e-05,47.93493,312.7,80.8
2026-08-02T17:03:45Z,2026-08-21,19,66000.0,P,0.0525,0.0965,0.0546,63257.85,63127.15,0.3017,-0.72195,8e-05,47.93493,0.2,0.0
2026-08-02T17:03:45Z,2026-08-21,19,67000.0,C,0.007,0.008,0.0075,63257.85,63127.15,0.2968,0.20502,7e-05,40.59896,614.7,19.4
2026-08-02T17:03:45Z,2026-08-21,19,67000.0,P,0.064,0.109,0.0666,63257.36,63127.15,0.2968,-0.79502,7e-05,40.59479,10.2,0.0
2026-08-02T17:03:45Z,2026-08-21,19,68000.0,C,0.0046,0.005,0.005,63257.36,63127.15,0.2973,0.14845,5e-05,33.08457,1133.2,494.5
2026-08-02T17:03:45Z,2026-08-21,19,68000.0,P,0.0765,0.1225,0.08,63257.36,63127.15,0.2973,-0.85155,5e-05,33.08457,0.0,0.0
2026-08-02T17:03:45Z,2026-08-21,19,70000.0,C,0.0019,0.0022,0.0021,63257.36,63127.15,0.2988,0.07123,3e-05,19.44226,789.1,104.2
2026-08-02T17:03:45Z,2026-08-21,19,70000.0,P,0.1045,0.146,0.1086,63257.85,63127.15,0.2988,-0.92876,3e-05,19.44568,0.0,0.0
2026-08-02T17:03:45Z,2026-08-21,19,72000.0,C,0.0008,0.0011,0.0009,63257.36,63127.15,0.3098,0.03478,2e-05,10.98377,119.9,5.8
2026-08-02T17:03:45Z,2026-08-21,19,72000.0,P,0.134,0.1805,0.1391,63257.85,63127.15,0.3098,-0.96521,2e-05,10.98607,0.0,0.0
2026-08-02T17:03:45Z,2026-08-21,19,75000.0,C,0.0004,0.0005,0.0004,63257.36,63127.15,0.34659999999999996,0.01635,1e-05,5.82493,833.8,212.9
2026-08-02T17:03:45Z,2026-08-21,19,75000.0,P,0.181,0.2255,0.1861,63257.85,63127.15,0.34659999999999996,-0.98365,1e-05,5.82621,0.0,0.0
2026-08-02T17:03:45Z,2026-08-28,26,40000.0,C,0.366,0.3715,0.3685,63316.94,63127.15,0.6801999999999999,0.99584,0.0,2.06026,23.4,0.0
2026-08-02T17:03:45Z,2026-08-28,26,40000.0,P,0.0002,0.0003,0.0002,63316.94,63127.15,0.6801999999999999,-0.00416,0.0,2.06026,484.3,0.0
2026-08-02T17:03:45Z,2026-08-28,26,46000.0,C,0.2705,0.277,0.2743,63316.94,63127.15,0.5705,0.98572,0.0,6.09046,1.0,0.0
2026-08-02T17:03:45Z,2026-08-28,26,46000.0,P,0.0007,0.0008,0.0008,63316.35,63127.15,0.5705,-0.01428,0.0,6.09123,1261.2,353.1
2026-08-02T17:03:45Z,2026-08-28,26,48000.0,C,0.24,0.246,0.2432,63316.94,63127.15,0.5394,0.97774,1e-05,8.89147,37.5,0.0
2026-08-02T17:03:45Z,2026-08-28,26,48000.0,P,0.0011,0.0014,0.0012,63316.35,63127.15,0.5394,-0.02226,1e-05,8.89256,1263.5,14.9
2026-08-02T17:03:45Z,2026-08-28,26,50000.0,C,0.209,0.215,0.2122,63316.94,63127.15,0.5047,0.96658,1e-05,12.48103,51.0,0.0
2026-08-02T17:03:45Z,2026-08-28,26,50000.0,P,0.0017,0.0019,0.0018,63316.94,63127.15,0.5047,-0.03342,1e-05,12.48103,1332.7,0.1
2026-08-02T17:03:45Z,2026-08-28,26,52000.0,C,0.179,0.185,0.1815,63316.94,63127.15,0.47119999999999995,0.94947,1e-05,17.44704,51.0,0.0
2026-08-02T17:03:45Z,2026-08-28,26,52000.0,P,0.0026,0.003,0.0028,63316.94,63127.15,0.47119999999999995,-0.05053,1e-05,17.44704,1201.9,14.8
2026-08-02T17:03:45Z,2026-08-28,26,53000.0,C,0.162,0.1695,0.1663,63316.94,63127.15,0.4545,0.93786,2e-05,20.53803,10.9,0.0
2026-08-02T17:03:45Z,2026-08-28,26,53000.0,P,0.0032,0.0036,0.0034,63316.94,63127.15,0.4545,-0.06214,2e-05,20.53803,588.2,23.2
2026-08-02T17:03:45Z,2026-08-28,26,54000.0,C,0.1485,0.155,0.1515,63316.94,63127.15,0.4415,0.92206,2e-05,24.45115,11.2,0.0
2026-08-02T17:03:45Z,2026-08-28,26,54000.0,P,0.0043,0.0045,0.0043,63316.94,63127.15,0.4415,-0.07794,2e-05,24.45115,1417.7,38.7
2026-08-02T17:03:45Z,2026-08-28,26,55000.0,C,0.133,0.14,0.1368,63316.94,63127.15,0.4285,0.90269,2e-05,28.85914,11.8,0.0
2026-08-02T17:03:45Z,2026-08-28,26,55000.0,P,0.005,0.006,0.0055,63316.35,63127.15,0.4285,-0.09732,2e-05,28.8621,936.6,104.1
2026-08-02T17:03:45Z,2026-08-28,26,56000.0,C,0.1185,0.1255,0.1222,63316.94,63127.15,0.4107,0.88156,3e-05,33.24957,63.4,0.0
2026-08-02T17:03:45Z,2026-08-28,26,56000.0,P,0.006,0.007,0.0066,63316.94,63127.15,0.4107,-0.11844,3e-05,33.24957,1017.3,0.1
2026-08-02T17:03:45Z,2026-08-28,26,57000.0,C,0.1045,0.1115,0.1083,63316.94,63127.15,0.3997,0.85209,3e-05,38.74841,28.5,0.0
2026-08-02T17:03:45Z,2026-08-28,26,57000.0,P,0.008,0.009,0.0085,63316.94,63127.15,0.3997,-0.14791,3e-05,38.74841,537.9,27.3
2026-08-02T17:03:45Z,2026-08-28,26,58000.0,C,0.0905,0.0975,0.0945,63316.94,63127.15,0.3845,0.8191,4e-05,44.15781,155.1,0.0
2026-08-02T17:03:45Z,2026-08-28,26,58000.0,P,0.01,0.011,0.0105,63316.94,63127.15,0.3845,-0.1809,4e-05,44.15781,965.8,15.3
2026-08-02T17:03:45Z,2026-08-28,26,59000.0,C,0.0775,0.0845,0.0812,63316.94,63127.15,0.3696,0.77938,5e-05,49.75216,414.1,0.0
2026-08-02T17:03:45Z,2026-08-28,26,59000.0,P,0.0125,0.0135,0.013,63316.35,63127.15,0.3696,-0.22065,5e-05,49.7553,847.6,1.7
2026-08-02T17:03:45Z,2026-08-28,26,60000.0,C,0.0655,0.0715,0.0689,63316.35,63127.15,0.35969999999999996,0.72978,5e-05,55.49019,370.2,0.0
2026-08-02T17:03:45Z,2026-08-28,26,60000.0,P,0.0165,0.017,0.0166,63316.35,63127.15,0.35969999999999996,-0.27022,5e-05,55.49019,2020.6,48.1
2026-08-02T17:03:45Z,2026-08-28,26,61000.0,C,0.055,0.0595,0.0575,63316.35,63127.15,0.3506,0.67282,6e-05,60.54286,591.7,0.0
2026-08-02T17:03:45Z,2026-08-28,26,61000.0,P,0.0205,0.0215,0.021,63316.35,63127.15,0.3506,-0.32718,6e-05,60.54286,570.5,11.1
2026-08-02T17:03:45Z,2026-08-28,26,62000.0,C,0.046,0.048,0.047,63316.35,63127.15,0.34090000000000004,0.60941,7e-05,64.39217,896.0,1.2
2026-08-02T17:03:45Z,2026-08-28,26,62000.0,P,0.0255,0.027,0.0262,63316.35,63127.15,0.34090000000000004,-0.39059,7e-05,64.39217,821.4,19.9
2026-08-02T17:03:45Z,2026-08-28,26,63000.0,C,0.037,0.038,0.0375,63316.35,63127.15,0.33159999999999995,0.5402,7e-05,66.58484,963.6,99.3
2026-08-02T17:03:45Z,2026-08-28,26,63000.0,P,0.032,0.033,0.0325,63316.35,63127.15,0.33159999999999995,-0.4598,7e-05,66.58484,673.9,1.4
2026-08-02T17:03:45Z,2026-08-28,26,64000.0,C,0.029,0.03,0.0293,63316.35,63127.15,0.3239,0.46724,7e-05,66.69909,477.5,2.7
2026-08-02T17:03:45Z,2026-08-28,26,64000.0,P,0.0395,0.041,0.0401,63316.35,63127.15,0.3239,-0.53276,7e-05,66.69909,665.5,2.4
2026-08-02T17:03:45Z,2026-08-28,26,65000.0,C,0.022,0.023,0.0223,63316.35,63127.15,0.31679999999999997,0.39331,7e-05,64.51731,1262.7,6.7
2026-08-02T17:03:45Z,2026-08-28,26,65000.0,P,0.048,0.05,0.0489,63316.35,63127.15,0.31679999999999997,-0.60669,7e-05,64.51731,854.4,0.5
2026-08-02T17:03:45Z,2026-08-28,26,66000.0,C,0.016,0.017,0.0165,63316.35,63127.15,0.3106,0.32159,7e-05,60.1156,1335.3,25.7
2026-08-02T17:03:45Z,2026-08-28,26,66000.0,P,0.0565,0.0625,0.0589,63316.35,63127.15,0.3106,-0.67841,7e-05,60.1156,238.1,0.1
2026-08-02T17:03:45Z,2026-08-28,26,67000.0,C,0.0115,0.0125,0.012,63316.35,63127.15,0.3062,0.25579,6e-05,53.95478,1167.3,25.7
2026-08-02T17:03:45Z,2026-08-28,26,67000.0,P,0.067,0.0745,0.0702,63316.35,63127.15,0.3062,-0.74421,6e-05,53.95478,118.0,0.0
2026-08-02T17:03:45Z,2026-08-28,26,68000.0,C,0.008,0.009,0.0085,63316.35,63127.15,0.3025,0.19761,5e-05,46.6261,886.3,4.9
2026-08-02T17:03:45Z,2026-08-28,26,68000.0,P,0.079,0.0865,0.0825,63316.35,63127.15,0.3025,-0.80239,5e-05,46.6261,89.4,0.0
2026-08-02T17:03:45Z,2026-08-28,26,69000.0,C,0.0055,0.0065,0.0061,63316.35,63127.15,0.3025,0.15096,5e-05,39.281,742.6,4.1
2026-08-02T17:03:45Z,2026-08-28,26,69000.0,P,0.092,0.1005,0.0958,63316.16,63127.15,0.3025,-0.84904,5e-05,39.27938,49.4,0.0
2026-08-02T17:03:45Z,2026-08-28,26,70000.0,C,0.0042,0.0043,0.0042,63316.16,63127.15,0.30260000000000004,0.11283,4e-05,32.1235,1941.3,70.9
2026-08-02T17:03:45Z,2026-08-28,26,70000.0,P,0.1055,0.114,0.1098,63316.16,63127.15,0.30260000000000004,-0.88717,4e-05,32.1235,181.5,0.0
2026-08-02T17:03:45Z,2026-08-28,26,71000.0,C,0.0028,0.003,0.0029,63316.32,63127.15,0.3028,0.0826,3e-05,25.54931,1351.7,29.5
2026-08-02T17:03:45Z,2026-08-28,26,71000.0,P,0.1195,0.1695,0.1243,63316.16,63127.15,0.3028,-0.9174,3e-05,25.54817,11.5,0.0
2026-08-02T17:03:45Z,2026-08-28,26,72000.0,C,0.002,0.0022,0.002,63316.16,63127.15,0.305,0.06056,2e-05,20.13029,2948.5,94.4
2026-08-02T17:03:45Z,2026-08-28,26,72000.0,P,0.134,0.1435,0.1392,63316.16,63127.15,0.305,-0.93944,2e-05,20.13029,86.3,0.0
2026-08-02T17:03:45Z,2026-08-28,26,73000.0,C,0.0014,0.0015,0.0015,63316.16,63127.15,0.3115,0.04618,2e-05,16.23419,1800.2,1.9
2026-08-02T17:03:45Z,2026-08-28,26,73000.0,P,0.1495,0.1975,0.1545,63316.16,63127.15,0.3115,-0.95382,2e-05,16.23419,4.7,0.0
2026-08-02T17:03:45Z,2026-08-28,26,74000.0,C,0.0011,0.0012,0.0011,63316.16,63127.15,0.318,0.03526,1e-05,13.04094,1952.1,0.8
2026-08-02T17:03:45Z,2026-08-28,26,74000.0,P,0.1645,0.213,0.1699,63316.16,63127.15,0.318,-0.96474,1e-05,13.04094,3.3,0.0
2026-08-02T17:03:45Z,2026-08-28,26,75000.0,C,0.0009,0.001,0.0009,63316.16,63127.15,0.3296,0.02902,1e-05,11.10317,2970.2,0.6
2026-08-02T17:03:45Z,2026-08-28,26,75000.0,P,0.1805,0.1895,0.1855,63316.16,63127.15,0.3296,-0.97098,1e-05,11.10317,44.2,0.2
2026-08-02T17:03:45Z,2026-08-28,26,76000.0,C,0.0007,0.0008,0.0007,63316.16,63127.15,0.3379,0.02303,1e-05,9.15183,741.5,0.5
2026-08-02T17:03:45Z,2026-08-28,26,76000.0,P,0.1955,0.244,0.2011,63316.16,63127.15,0.3379,-0.97697,1e-05,9.15183,5.4,0.0
2026-08-02T17:03:45Z,2026-08-28,26,77000.0,C,0.0005,0.0007,0.0006,63316.16,63127.15,0.34600000000000003,0.01837,1e-05,7.55511,224.7,0.4
2026-08-02T17:03:45Z,2026-08-28,26,77000.0,P,0.211,0.2595,0.2167,63316.16,63127.15,0.34600000000000003,-0.98163,1e-05,7.55511,3.4,0.0
2026-08-02T17:03:45Z,2026-08-28,26,78000.0,C,0.0004,0.0006,0.0005,63316.16,63127.15,0.3557,0.01517,1e-05,6.41376,1411.4,0.3
2026-08-02T17:03:45Z,2026-08-28,26,78000.0,P,0.2265,0.2735,0.2324,63316.16,63127.15,0.3557,-0.98483,1e-05,6.41376,4.1,0.0
2026-08-02T17:03:45Z,2026-08-28,26,79000.0,C,0.0004,0.0005,0.0004,63316.16,63127.15,0.366,0.01274,1e-05,5.51887,643.6,0.9
2026-08-02T17:03:45Z,2026-08-28,26,79000.0,P,0.2425,0.2915,0.2481,63316.24,63127.15,0.366,-0.98726,1e-05,5.51905,0.7,0.0
2026-08-02T17:03:45Z,2026-08-28,26,80000.0,C,0.0003,0.0004,0.0004,63316.24,63127.15,0.3766,0.0109,0.0,4.81952,2172.6,0.0
2026-08-02T17:03:45Z,2026-08-28,26,80000.0,P,0.2575,0.2685,0.2639,63316.24,63127.15,0.3766,-0.9891,0.0,4.81952,29.5,0.2
2026-08-02T17:03:45Z,2026-08-28,26,81000.0,C,0.0003,0.0004,0.0003,63315.78,63127.15,0.39189999999999997,0.01016,0.0,4.53437,1454.4,0.0
2026-08-02T17:03:45Z,2026-08-28,26,81000.0,P,0.2735,0.3225,0.2796,63316.24,63127.15,0.39189999999999997,-0.98984,0.0,4.53512,0.1,0.0
2026-08-02T17:03:45Z,2026-08-28,26,82000.0,C,0.0003,0.0004,0.0003,63316.24,63127.15,0.4,0.0085,0.0,3.87843,1505.5,0.0
2026-08-02T17:03:45Z,2026-08-28,26,82000.0,P,0.289,0.3405,0.2954,63316.24,63127.15,0.4,-0.9915,0.0,3.87843,1.5,0.3
2026-08-02T17:03:45Z,2026-08-28,26,83000.0,C,0.0002,0.0003,0.0003,63316.24,63127.15,0.4153,0.00809,0.0,3.71206,472.8,0.0
2026-08-02T17:03:45Z,2026-08-28,26,83000.0,P,0.305,0.354,0.3112,63316.24,63127.15,0.4153,-0.99191,0.0,3.71206,0.1,0.0
2026-08-02T17:03:45Z,2026-08-28,26,84000.0,C,0.0002,0.0003,0.0002,63316.24,63127.15,0.424,0.00694,0.0,3.244,59.9,0.0
2026-08-02T17:03:45Z,2026-08-28,26,84000.0,P,0.3205,0.371,0.3269,63316.24,63127.15,0.424,-0.99306,0.0,3.244,0.8,0.0
2026-08-02T17:03:45Z,2026-08-28,26,85000.0,C,0.0002,0.0003,0.0002,63316.24,63127.15,0.43939999999999996,0.00672,0.0,3.15492,319.2,0.0
2026-08-02T17:03:45Z,2026-08-28,26,85000.0,P,0.336,0.3885,0.3427,63316.24,63127.15,0.43939999999999996,-0.99328,0.0,3.15492,0.7,0.0
2026-08-02T17:03:45Z,2026-08-28,26,86000.0,C,0.0002,0.0003,0.0002,63316.24,63127.15,0.4545,0.00652,0.0,3.07204,162.3,0.0
2026-08-02T17:03:45Z,2026-08-28,26,86000.0,P,0.352,0.4065,0.3585,63316.24,63127.15,0.4545,-0.99348,0.0,3.07204,0.0,0.0
2026-08-02T17:03:45Z,2026-08-28,26,88000.0,C,0.0001,0.0003,0.0002,63316.24,63127.15,0.46840000000000004,0.00479,0.0,2.33679,184.9,0.7
2026-08-02T17:03:45Z,2026-08-28,26,88000.0,P,0.3835,0.4365,0.39,63316.24,63127.15,0.46840000000000004,-0.99521,0.0,2.33679,0.0,0.0
2026-08-02T17:03:45Z,2026-08-28,26,90000.0,C,0.0001,0.0002,0.0002,63316.24,63127.15,0.49570000000000003,0.0045,0.0,2.2077,331.2,0.0
2026-08-02T17:03:45Z,2026-08-28,26,90000.0,P,0.415,0.47,0.4216,63316.24,63127.15,0.49570000000000003,-0.9955,0.0,2.2077,11.1,0.1
2026-08-02T17:03:45Z,2026-08-28,26,92000.0,C,0.0001,0.0002,0.0001,63316.24,63127.15,0.5115999999999999,0.00358,0.0,1.80113,60.9,0.0
2026-08-02T17:03:45Z,2026-08-28,26,92000.0,P,0.4465,0.504,0.4532,63315.78,63127.15,0.5115999999999999,-0.99642,0.0,1.80086,1.5,0.0
2026-08-02T17:03:45Z,2026-08-28,26,94000.0,C,0.0001,0.0002,0.0001,63315.78,63127.15,0.5375,0.00343,0.0,1.73047,199.3,0.9
2026-08-02T17:03:45Z,2026-08-28,26,94000.0,P,0.477,0.5355,0.4848,63316.06,63127.15,0.5375,-0.99657,0.0,1.73062,0.0,0.0
2026-08-02T17:03:45Z,2026-08-28,26,95000.0,C,0.0001,0.0002,0.0001,63315.78,63127.15,0.5502,0.00336,0.0,1.69855,27.3,0.0
2026-08-02T17:03:45Z,2026-08-28,26,95000.0,P,0.4935,0.553,0.5006,63315.78,63127.15,0.5502,-0.99664,0.0,1.69855,0.3,0.0
2026-08-02T17:03:45Z,2026-08-28,26,96000.0,C,0.0001,0.0002,0.0001,63315.78,63127.15,0.5627,0.00329,0.0,1.66832,23.6,0.0
2026-08-02T17:03:45Z,2026-08-28,26,96000.0,P,0.5085,0.5665,0.5163,63315.78,63127.15,0.5627,-0.99671,0.0,1.66832,0.2,0.0
2026-08-02T17:03:45Z,2026-08-28,26,98000.0,C,0.0001,0.0002,0.0001,63315.78,63127.15,0.5872999999999999,0.00317,0.0,1.61243,154.0,0.0
2026-08-02T17:03:45Z,2026-08-28,26,98000.0,P,0.5405,0.603,0.5479,63315.78,63127.15,0.5872999999999999,-0.99683,0.0,1.61243,0.0,0.0
2026-08-02T17:03:45Z,2026-08-28,26,100000.0,C,0.0001,0.0002,0.0001,63315.78,63127.15,0.6112,0.00306,0.0,1.56188,179.4,3.1
2026-08-02T17:03:45Z,2026-08-28,26,100000.0,P,0.5715,0.6355,0.5795,63315.78,63127.15,0.6112,-0.99694,0.0,1.56188,0.4,0.0
2026-08-02T17:03:45Z,2026-08-28,26,105000.0,C,0.0001,0.0002,0.0001,63315.78,63127.15,0.6342,0.00172,0.0,0.92496,169.0,0.0
2026-08-02T17:03:45Z,2026-08-28,26,105000.0,P,0.65,0.7165,0.6584,63315.78,63127.15,0.6342,-0.99828,0.0,0.92496,1.0,0.0
2026-08-02T17:03:45Z,2026-08-28,26,110000.0,C,0.0,0.0001,0.0,63315.78,63127.15,0.6575,0.00102,0.0,0.57686,105.0,0.0
2026-08-02T17:03:45Z,2026-08-28,26,110000.0,P,0.729,0.798,0.7374,63315.78,63127.15,0.6575,-0.99898,0.0,0.57686,0.2,0.0
2026-08-02T17:03:45Z,2026-09-25,54,30000.0,C,0.5275,0.5295,0.5286,63529.88,63127.15,0.8453,0.99339,0.0,4.50947,134.0,1.6
2026-08-02T17:03:45Z,2026-09-25,54,30000.0,P,0.0007,0.0008,0.0008,63529.6,63127.15,0.8453,-0.00661,0.0,4.5096,2352.0,51.8
2026-08-02T17:03:45Z,2026-09-25,54,35000.0,C,0.4485,0.452,0.4502,63529.88,63127.15,0.7228,0.989,0.0,7.05313,29.3,0.0
2026-08-02T17:03:45Z,2026-09-25,54,35000.0,P,0.001,0.0013,0.0011,63529.6,63127.15,0.7228,-0.011,0.0,7.05335,895.6,0.2
2026-08-02T17:03:45Z,2026-09-25,54,40000.0,C,0.369,0.3745,0.3724,63529.88,63127.15,0.6307,0.97906,0.0,12.25714,34.4,0.0
2026-08-02T17:03:45Z,2026-09-25,54,40000.0,P,0.0018,0.0021,0.002,63529.88,63127.15,0.6307,-0.02094,0.0,12.25714,2282.0,0.3
2026-08-02T17:03:45Z,2026-09-25,54,45000.0,C,0.293,0.298,0.2953,63529.88,63127.15,0.5447,0.96047,1e-05,20.78444,144.2,0.0
2026-08-02T17:03:45Z,2026-09-25,54,45000.0,P,0.0034,0.0038,0.0036,63529.88,63127.15,0.5447,-0.03953,1e-05,20.78444,2018.7,1.2
2026-08-02T17:03:45Z,2026-09-25,54,50000.0,C,0.2165,0.223,0.22,63529.88,63127.15,0.4731,0.92092,1e-05,35.88365,30.5,0.0
2026-08-02T17:03:45Z,2026-09-25,54,50000.0,P,0.0065,0.0075,0.007,63529.88,63127.15,0.4731,-0.07908,1e-05,35.88366,3707.6,36.4
2026-08-02T17:03:45Z,2026-09-25,54,52000.0,C,0.187,0.1935,0.191,63529.88,63127.15,0.45049999999999996,0.89363,2e-05,44.69436,75.0,0.0
2026-08-02T17:03:45Z,2026-09-25,54,52000.0,P,0.009,0.01,0.0095,63529.81,63127.15,0.45049999999999996,-0.10637,2e-05,44.69469,1236.7,5.6
2026-08-02T17:03:45Z,2026-09-25,54,54000.0,C,0.1535,0.1805,0.1625,63529.81,63127.15,0.42460000000000003,0.85993,2e-05,54.2163,7.2,0.0
2026-08-02T17:03:45Z,2026-09-25,54,54000.0,P,0.012,0.013,0.0125,63529.81,63127.15,0.42460000000000003,-0.14007,2e-05,54.2163,514.8,1.0
2026-08-02T17:03:45Z,2026-09-25,54,55000.0,C,0.145,0.1515,0.1489,63529.88,63127.15,0.4152,0.83781,2e-05,59.77525,84.7,0.6
2026-08-02T17:03:45Z,2026-09-25,54,55000.0,P,0.014,0.015,0.0147,63529.84,63127.15,0.4152,-0.16219,2e-05,59.77544,3338.4,5.3
2026-08-02T17:03:45Z,2026-09-25,54,56000.0,C,0.133,0.152,0.1357,63529.84,63127.15,0.406,0.81287,3e-05,65.46179,12.2,0.0
2026-08-02T17:03:45Z,2026-09-25,54,56000.0,P,0.0165,0.0175,0.0172,63529.84,63127.15,0.406,-0.18713,3e-05,65.46179,1291.8,0.9
2026-08-02T17:03:45Z,2026-09-25,54,58000.0,C,0.107,0.113,0.1106,63529.84,63127.15,0.3886,0.75362,3e-05,76.7791,460.8,0.0
2026-08-02T17:03:45Z,2026-09-25,54,58000.0,P,0.0235,0.024,0.0235,63529.84,63127.15,0.3886,-0.24638,3e-05,76.7791,901.8,3.5
2026-08-02T17:03:45Z,2026-09-25,54,60000.0,C,0.0865,0.0885,0.0876,63529.84,63127.15,0.3735,0.68113,4e-05,86.94956,933.3,0.0
2026-08-02T17:03:45Z,2026-09-25,54,60000.0,P,0.0315,0.0325,0.0321,63529.88,63127.15,0.3735,-0.31886,4e-05,86.94944,4497.9,3.6
2026-08-02T17:03:45Z,2026-09-25,54,62000.0,C,0.0665,0.068,0.0674,63529.88,63127.15,0.361,0.59691,4e-05,94.26328,680.1,0.0
2026-08-02T17:03:45Z,2026-09-25,54,62000.0,P,0.0425,0.044,0.0433,63529.84,63127.15,0.361,-0.40309,4e-05,94.26332,1088.2,8.6
2026-08-02T17:03:45Z,2026-09-25,54,64000.0,C,0.0495,0.0505,0.05,63529.84,63127.15,0.3493,0.50474,5e-05,97.13666,585.7,2.7
2026-08-02T17:03:45Z,2026-09-25,54,64000.0,P,0.057,0.058,0.0574,63529.84,63127.15,0.3493,-0.49526,5e-05,97.13666,608.0,1.1
2026-08-02T17:03:45Z,2026-09-25,54,65000.0,C,0.042,0.043,0.0425,63529.84,63127.15,0.3444,0.45727,5e-05,96.58579,810.9,0.0
2026-08-02T17:03:45Z,2026-09-25,54,65000.0,P,0.065,0.0665,0.0656,63529.84,63127.15,0.3444,-0.54273,5e-05,96.58579,644.3,0.5
2026-08-02T17:03:45Z,2026-09-25,54,66000.0,C,0.035,0.0365,0.0358,63529.84,63127.15,0.3403,0.4101,5e-05,94.66652,989.0,0.4
2026-08-02T17:03:45Z,2026-09-25,54,66000.0,P,0.072,0.078,0.0747,63529.84,63127.15,0.3403,-0.5899,5e-05,94.66652,854.1,0.0
2026-08-02T17:03:45Z,2026-09-25,54,68000.0,C,0.024,0.0255,0.0248,63530.59,63127.15,0.3328,0.31949,4e-05,87.02158,854.2,9.9
2026-08-02T17:03:45Z,2026-09-25,54,68000.0,P,0.0925,0.099,0.0951,63530.59,63127.15,0.3328,-0.68051,4e-05,87.02159,636.1,0.0
2026-08-02T17:03:45Z,2026-09-25,54,70000.0,C,0.016,0.017,0.0165,63530.59,63127.15,0.3268,0.23835,4e-05,75.41442,3628.8,112.1
2026-08-02T17:03:45Z,2026-09-25,54,70000.0,P,0.115,0.1235,0.1184,63529.81,63127.15,0.3268,-0.76168,4e-05,75.40827,1519.2,0.0
2026-08-02T17:03:45Z,2026-09-25,54,72000.0,C,0.0105,0.0115,0.0111,63530.59,63127.15,0.3268,0.17452,3e-05,62.65992,2650.4,7.4
2026-08-02T17:03:45Z,2026-09-25,54,72000.0,P,0.14,0.148,0.1444,63529.81,63127.15,0.3268,-0.82551,3e-05,62.6534,272.7,0.0
2026-08-02T17:03:45Z,2026-09-25,54,74000.0,C,0.007,0.008,0.0075,63530.59,63127.15,0.32909999999999995,0.12584,3e-05,50.36219,774.8,4.6
2026-08-02T17:03:45Z,2026-09-25,54,74000.0,P,0.167,0.178,0.1723,63529.81,63127.15,0.32909999999999995,-0.87418,3e-05,50.35595,110.7,0.0
2026-08-02T17:03:45Z,2026-09-25,54,75000.0,C,0.0055,0.0065,0.006,63530.59,63127.15,0.3292,0.10525,2e-05,44.35398,3501.9,8.0
2026-08-02T17:03:45Z,2026-09-25,54,75000.0,P,0.1815,0.1925,0.1866,63530.59,63127.15,0.3292,-0.89475,2e-05,44.35398,2967.4,0.0
2026-08-02T17:03:45Z,2026-09-25,54,76000.0,C,0.0046,0.0055,0.005,63529.81,63127.15,0.33240000000000003,0.08962,2e-05,39.41943,2281.0,1.8
2026-08-02T17:03:45Z,2026-09-25,54,76000.0,P,0.196,0.2055,0.2013,63529.81,63127.15,0.33240000000000003,-0.91038,2e-05,39.41943,599.6,0.0
2026-08-02T17:03:45Z,2026-09-25,54,78000.0,C,0.0032,0.0035,0.0033,63530.59,63127.15,0.3348,0.06241,2e-05,29.91419,4555.5,1.3
2026-08-02T17:03:45Z,2026-09-25,54,78000.0,P,0.2255,0.2355,0.2311,63530.59,63127.15,0.3348,-0.93759,2e-05,29.91419,629.4,0.0
2026-08-02T17:03:45Z,2026-09-25,54,80000.0,C,0.0021,0.0024,0.0023,63530.59,63127.15,0.3411,0.04478,1e-05,22.99029,3207.8,1.0
2026-08-02T17:03:45Z,2026-09-25,54,80000.0,P,0.2555,0.266,0.2615,63530.59,63127.15,0.3411,-0.95522,1e-05,22.99029,613.0,0.0
2026-08-02T17:03:45Z,2026-09-25,54,82000.0,C,0.0017,0.0019,0.0018,63529.81,63127.15,0.3544,0.03507,1e-05,18.84673,2517.4,0.0
2026-08-02T17:03:45Z,2026-09-25,54,82000.0,P,0.286,0.2965,0.2925,63530.59,63127.15,0.3544,-0.96492,1e-05,18.85005,194.1,0.0
2026-08-02T17:03:45Z,2026-09-25,54,84000.0,C,0.0013,0.0015,0.0014,63529.81,63127.15,0.36590000000000006,0.02734,1e-05,15.33609,1519.6,5.0
2026-08-02T17:03:45Z,2026-09-25,54,84000.0,P,0.3175,0.329,0.3236,63530.59,63127.15,0.36590000000000006,-0.97266,1e-05,15.33886,34.7,0.0
2026-08-02T17:03:45Z,2026-09-25,54,85000.0,C,0.001,0.0013,0.0011,63530.59,63127.15,0.36590000000000006,0.02244,1e-05,12.99671,1193.8,1.4
2026-08-02T17:03:45Z,2026-09-25,54,85000.0,P,0.3325,0.3445,0.3391,63529.82,63127.15,0.36590000000000006,-0.97756,1e-05,12.9943,453.7,0.0
2026-08-02T17:03:45Z,2026-09-25,54,86000.0,C,0.0009,0.0012,0.001,63530.59,63127.15,0.3716,0.01995,1e-05,11.76677,661.7,0.0
2026-08-02T17:03:45Z,2026-09-25,54,86000.0,P,0.348,0.4035,0.3547,63530.59,63127.15,0.3716,-0.98005,1e-05,11.76677,11.6,0.0
2026-08-02T17:03:45Z,2026-09-25,54,88000.0,C,0.0006,0.0009,0.0007,63529.82,63127.15,0.37920000000000004,0.01504,0.0,9.24138,654.8,0.0
2026-08-02T17:03:45Z,2026-09-25,54,88000.0,P,0.3795,0.435,0.3859,63530.59,63127.15,0.37920000000000004,-0.98496,0.0,9.24317,5.7,0.0
2026-08-02T17:03:45Z,2026-09-25,54,90000.0,C,0.0005,0.0007,0.0006,63529.82,63127.15,0.3933,0.01271,0.0,7.9934,3017.7,0.1
2026-08-02T17:03:45Z,2026-09-25,54,90000.0,P,0.4105,0.423,0.4173,63529.82,63127.15,0.3933,-0.98729,0.0,7.9934,586.7,0.0
2026-08-02T17:03:45Z,2026-09-25,54,92000.0,C,0.0004,0.0006,0.0005,63530.59,63127.15,0.4053,0.01057,0.0,6.809,490.0,0.0
2026-08-02T17:03:45Z,2026-09-25,54,92000.0,P,0.4415,0.5,0.4487,63529.82,63127.15,0.4053,-0.98944,0.0,6.80769,4.0,0.0
2026-08-02T17:03:45Z,2026-09-25,54,94000.0,C,0.0003,0.0005,0.0004,63529.82,63127.15,0.4146,0.00852,0.0,5.63872,169.0,0.0
2026-08-02T17:03:45Z,2026-09-25,54,94000.0,P,0.4725,0.4865,0.48,63530.59,63127.15,0.4146,-0.99148,0.0,5.63982,1.9,0.6
2026-08-02T17:03:45Z,2026-09-25,54,95000.0,C,0.0003,0.0005,0.0004,63529.82,63127.15,0.41979999999999995,0.00776,0.0,5.19441,1862.1,1.3
2026-08-02T17:03:45Z,2026-09-25,54,95000.0,P,0.488,0.5015,0.4958,63529.82,63127.15,0.41979999999999995,-0.99224,0.0,5.19441,147.6,0.0
2026-08-02T17:03:45Z,2026-09-25,54,96000.0,C,0.0003,0.0005,0.0004,63530.59,63127.15,0.429,0.00758,0.0,5.09254,306.9,0.0
2026-08-02T17:03:45Z,2026-09-25,54,96000.0,P,0.504,0.566,0.5115,63530.59,63127.15,0.429,-0.99242,0.0,5.09254,1.0,0.0
2026-08-02T17:03:45Z,2026-09-25,54,98000.0,C,0.0003,0.0004,0.0004,63530.59,63127.15,0.44689999999999996,0.00725,0.0,4.89292,346.7,0.1
2026-08-02T17:03:45Z,2026-09-25,54,98000.0,P,0.535,0.5965,0.543,63529.82,63127.15,0.44689999999999996,-0.99275,0.0,4.89202,0.1,0.0
2026-08-02T17:03:45Z,2026-09-25,54,100000.0,C,0.0003,0.0004,0.0003,63529.82,63127.15,0.4594,0.00642,0.0,4.39452,3632.0,0.2
2026-08-02T17:03:45Z,2026-09-25,54,100000.0,P,0.567,0.58,0.5744,63530.59,63127.15,0.4594,-0.99358,0.0,4.39532,365.9,0.0
2026-08-02T17:03:45Z,2026-09-25,54,102000.0,C,0.0002,0.0005,0.0003,63529.82,63127.15,0.4672,0.00531,0.0,3.71762,94.0,0.1
2026-08-02T17:03:45Z,2026-09-25,54,102000.0,P,0.5975,0.6635,0.6058,63529.82,63127.15,0.4672,-0.99469,0.0,3.71762,0.4,0.0
2026-08-02T17:03:45Z,2026-09-25,54,105000.0,C,0.0002,0.0005,0.0003,63529.82,63127.15,0.49200000000000005,0.00508,0.0,3.57119,1208.9,0.0
2026-08-02T17:03:45Z,2026-09-25,54,105000.0,P,0.645,0.66,0.6531,63530.59,63127.15,0.49200000000000005,-0.99492,0.0,3.57182,104.6,0.0
2026-08-02T17:03:45Z,2026-09-25,54,110000.0,C,0.0001,0.0003,0.0003,63529.82,63127.15,0.5286,0.00455,0.0,3.23873,1296.1,16.8
2026-08-02T17:03:45Z,2026-09-25,54,110000.0,P,0.723,0.7385,0.7317,63529.82,63127.15,0.5286,-0.99545,0.0,3.23873,116.1,0.0
2026-08-02T17:03:45Z,2026-09-25,54,115000.0,C,0.0002,0.0003,0.0002,63530.59,63127.15,0.5489999999999999,0.00331,0.0,2.43651,2175.5,0.0
2026-08-02T17:03:45Z,2026-09-25,54,115000.0,P,0.8015,0.817,0.8104,63529.82,63127.15,0.5489999999999999,-0.99669,0.0,2.4361,90.9,0.0
2026-08-02T17:03:45Z,2026-09-25,54,120000.0,C,0.0001,0.0004,0.0002,63529.82,63127.15,0.5774,0.00286,0.0,2.13684,1139.5,0.0
2026-08-02T17:03:45Z,2026-09-25,54,120000.0,P,0.879,0.8965,0.8891,63529.82,63127.15,0.5774,-0.99714,0.0,2.13684,172.5,0.0
2026-08-02T17:03:45Z,2026-09-25,54,125000.0,C,0.0001,0.0003,0.0002,63530.59,63127.15,0.6099,0.00273,0.0,2.0468,2323.7,0.0
2026-08-02T17:03:45Z,2026-09-25,54,125000.0,P,0.9575,1.0415,0.9678,63529.82,63127.15,0.6099,-0.99727,0.0,2.04648,21.8,0.0
2026-08-02T17:03:45Z,2026-09-25,54,130000.0,C,0.0001,0.0004,0.0002,63529.82,63127.15,0.6408,0.00261,0.0,1.96811,1431.6,0.0
2026-08-02T17:03:45Z,2026-09-25,54,130000.0,P,0.9775,1.123,1.0465,63529.82,63127.15,0.6408,-0.99739,0.0,1.96811,21.4,0.0
2026-08-02T17:03:45Z,2026-09-25,54,135000.0,C,0.0001,0.0003,0.0002,63529.82,63127.15,0.6703,0.00251,0.0,1.89938,274.3,0.0
2026-08-02T17:03:45Z,2026-09-25,54,135000.0,P,1.054,1.205,1.1252,63530.59,63127.15,0.6703,-0.99749,0.0,1.89966,11.5,0.0
2026-08-02T17:03:45Z,2026-09-25,54,140000.0,C,0.0,0.0002,0.0001,63529.82,63127.15,0.6762999999999999,0.00176,0.0,1.37268,1184.4,0.0
2026-08-02T17:03:45Z,2026-09-25,54,140000.0,P,1.1305,1.286,1.2038,63529.82,63127.15,0.6762999999999999,-0.99824,0.0,1.37268,1.4,0.0
2026-08-02T17:03:45Z,2026-09-25,54,145000.0,C,0.0,0.0002,0.0001,63530.59,63127.15,0.7053,0.00177,0.0,1.37821,493.2,0.0
2026-08-02T17:03:45Z,2026-09-25,54,145000.0,P,1.2065,1.368,1.2825,63530.59,63127.15,0.7053,-0.99823,0.0,1.37821,0.2,0.0
2026-08-02T17:03:45Z,2026-09-25,54,150000.0,C,0.0,0.0002,0.0001,63530.59,63127.15,0.7097,0.00125,0.0,1.00907,736.7,0.0
2026-08-02T17:03:45Z,2026-09-25,54,150000.0,P,1.282,1.449,1.3612,63529.82,63127.15,0.7097,-0.99875,0.0,1.00892,0.7,0.0
2026-08-02T17:03:45Z,2026-09-25,54,155000.0,C,0.0,0.0002,0.0001,63530.59,63127.15,0.7097,0.00084,0.0,0.6965,363.0,0.0
2026-08-02T17:03:45Z,2026-09-25,54,155000.0,P,1.3585,1.53,1.4399,63529.82,63127.15,0.7097,-0.99916,0.0,0.6964,0.1,0.0
2026-08-02T17:03:45Z,2026-09-25,54,160000.0,C,0.0,0.0002,0.0,63529.82,63127.15,0.7181000000000001,0.00064,0.0,0.54747,1444.3,0.0
2026-08-02T17:03:45Z,2026-09-25,54,160000.0,P,1.4345,1.6115,1.5185,63529.69,63127.15,0.7181000000000001,-0.99936,0.0,0.54746,0.6,0.0
2026-08-02T17:03:45Z,2026-09-25,54,165000.0,C,0.0,0.0002,0.0,63529.69,63127.15,0.7181000000000001,0.00043,0.0,0.37964,184.2,0.0
2026-08-02T17:03:45Z,2026-09-25,54,165000.0,P,1.5105,1.693,1.5972,63529.69,63127.15,0.7181000000000001,-0.99957,0.0,0.37964,0.0,0.0
2026-08-02T17:03:45Z,2026-09-25,54,170000.0,C,0.0,0.0002,0.0,63529.82,63127.15,0.7181000000000001,0.00029,0.0,0.26301,359.5,0.0
2026-08-02T17:03:45Z,2026-09-25,54,170000.0,P,1.5865,1.7745,1.6759,63529.69,63127.15,0.7181000000000001,-0.99971,0.0,0.263,0.0,0.0
2026-08-02T17:03:45Z,2026-09-25,54,175000.0,C,0.0,0.0002,0.0,63529.69,63127.15,0.7181000000000001,0.0002,0.0,0.18208,1355.3,0.0
2026-08-02T17:03:45Z,2026-09-25,54,175000.0,P,1.663,1.856,1.7546,63529.69,63127.15,0.7181000000000001,-0.9998,0.0,0.18208,0.2,0.0
2026-08-02T17:03:45Z,2026-09-25,54,180000.0,C,0.0,0.0002,0.0,63529.69,63127.15,0.7181000000000001,0.00013,0.0,0.12604,748.1,0.0
2026-08-02T17:03:45Z,2026-09-25,54,180000.0,P,1.739,1.937,1.8333,63529.69,63127.15,0.7181000000000001,-0.99987,0.0,0.12604,7.3,0.0
2026-08-02T17:03:45Z,2026-09-25,54,190000.0,C,0.0,0.0002,0.0,63529.82,63127.15,0.7299,8e-05,0.0,0.07783,772.5,0.0
2026-08-02T17:03:45Z,2026-09-25,54,190000.0,P,1.891,2.1005,1.9907,63529.82,63127.15,0.7299,-0.99992,0.0,0.07783,0.0,0.0
2026-08-02T17:03:45Z,2026-09-25,54,200000.0,C,0.0,0.0002,0.0,63529.69,63127.15,0.7299,4e-05,0.0,0.0383,1009.2,0.0
2026-08-02T17:03:45Z,2026-09-25,54,200000.0,P,2.043,2.2635,2.1481,63529.69,63127.15,0.7299,-0.99996,0.0,0.0383,0.1,0.0
2026-08-02T17:03:45Z,2026-09-25,54,220000.0,C,0.0,0.0002,0.0,63529.82,63127.15,0.7299,1e-05,0.0,0.00939,230.1,0.0
2026-08-02T17:03:45Z,2026-09-25,54,220000.0,P,2.3475,2.5895,2.4629,63529.82,63127.15,0.7299,-0.99999,0.0,0.00939,1.8,0.0
2026-08-02T17:03:45Z,2026-09-25,54,240000.0,C,0.0,0.0003,0.0,63529.69,63127.15,0.7503,0.0,0.0,0.0043,220.1,0.8
2026-08-02T17:03:45Z,2026-09-25,54,240000.0,P,2.6515,2.916,2.7778,63529.69,63127.15,0.7503,-1.0,0.0,0.0043,0.0,0.0
2026-08-02T17:03:45Z,2026-09-25,54,260000.0,C,0.0,0.0001,0.0,63529.69,63127.15,0.7883,0.0,0.0,0.00367,291.7,0.0
2026-08-02T17:03:45Z,2026-09-25,54,260000.0,P,2.9555,3.2425,3.0926,63529.69,63127.15,0.7883,-1.0,0.0,0.00367,0.0,0.0
2026-08-02T17:03:45Z,2026-09-25,54,280000.0,C,0.0,0.0001,0.0,63529.82,63127.15,0.8151,0.0,0.0,0.00257,91.7,0.0
2026-08-02T17:03:45Z,2026-09-25,54,280000.0,P,3.2605,3.569,3.4074,63530.05,63127.15,0.8151,-1.0,0.0,0.00257,0.0,0.0
2026-08-02T17:03:45Z,2026-09-25,54,300000.0,C,0.0,0.0001,0.0,63529.69,63127.15,0.8497,0.0,0.0,0.00243,192.1,0.0
2026-08-02T17:03:45Z,2026-09-25,54,300000.0,P,3.5645,3.8955,3.7222,63530.05,63127.15,0.8497,-1.0,0.0,0.00243,0.0,0.0
2026-08-02T17:03:45Z,2026-09-25,54,320000.0,C,0.0,0.0001,0.0,63530.05,63127.15,0.8542000000000001,0.0,0.0,0.00109,276.6,0.0
2026-08-02T17:03:45Z,2026-09-25,54,320000.0,P,3.869,4.2215,4.037,63530.05,63127.15,0.8542000000000001,-1.0,0.0,0.00109,25.1,0.0
2026-08-02T17:03:45Z,2026-10-30,89,48000.0,C,0.252,0.262,0.2582,63763.26,63127.15,0.47479999999999994,0.90835,1e-05,51.71351,0.1,0.0
2026-08-02T17:03:45Z,2026-10-30,89,48000.0,P,0.0105,0.0115,0.011,63763.26,63127.15,0.47479999999999994,-0.09165,1e-05,51.71351,107.9,2.2
2026-08-02T17:03:45Z,2026-10-30,89,50000.0,C,0.222,0.233,0.2299,63763.65,63127.15,0.45549999999999996,0.88407,1e-05,61.33418,0.1,0.0
2026-08-02T17:03:45Z,2026-10-30,89,50000.0,P,0.0135,0.0145,0.014,63763.65,63127.15,0.45549999999999996,-0.11593,1e-05,61.33418,60.3,5.5
2026-08-02T17:03:45Z,2026-10-30,89,52000.0,C,0.2005,0.219,0.2025,63763.65,63127.15,0.4387,0.8535,2e-05,72.1098,0.1,0.0
2026-08-02T17:03:45Z,2026-10-30,89,52000.0,P,0.0175,0.0185,0.018,63763.65,63127.15,0.4387,-0.1465,2e-05,72.1098,35.0,21.1
2026-08-02T17:03:45Z,2026-10-30,89,54000.0,C,0.167,0.179,0.1764,63763.65,63127.15,0.4243,0.81581,2e-05,83.63811,0.0,0.0
2026-08-02T17:03:45Z,2026-10-30,89,54000.0,P,0.023,0.024,0.0233,63763.65,63127.15,0.4243,-0.18419,2e-05,83.63811,6.3,0.7
2026-08-02T17:03:45Z,2026-10-30,89,55000.0,C,0.1535,0.166,0.1637,63763.65,63127.15,0.4169,0.7946,2e-05,89.37436,0.0,0.0
2026-08-02T17:03:45Z,2026-10-30,89,55000.0,P,0.0255,0.027,0.0263,63763.65,63127.15,0.4169,-0.2054,2e-05,89.37436,10.2,0.0
2026-08-02T17:03:45Z,2026-10-30,89,56000.0,C,0.141,0.154,0.1515,63763.65,63127.15,0.4106,0.77123,2e-05,95.1182,0.0,0.0
2026-08-02T17:03:45Z,2026-10-30,89,56000.0,P,0.029,0.0305,0.0298,63763.65,63127.15,0.4106,-0.22877,2e-05,95.1182,6.1,1.1
2026-08-02T17:03:45Z,2026-10-30,89,57000.0,C,0.13,0.142,0.1397,63763.65,63127.15,0.4044,0.74612,3e-05,100.65773,0.0,0.0
2026-08-02T17:03:45Z,2026-10-30,89,57000.0,P,0.033,0.0345,0.0337,63763.65,63127.15,0.4044,-0.25388,3e-05,100.65773,6.3,5.2
2026-08-02T17:03:45Z,2026-10-30,89,58000.0,C,0.1265,0.1305,0.1282,63763.65,63127.15,0.3978,0.71949,3e-05,105.85818,0.0,0.0
2026-08-02T17:03:45Z,2026-10-30,89,58000.0,P,0.037,0.0385,0.0379,63763.65,63127.15,0.3978,-0.28051,3e-05,105.85818,8.4,1.0
2026-08-02T17:03:45Z,2026-10-30,89,59000.0,C,0.116,0.1195,0.1175,63763.65,63127.15,0.39299999999999996,0.69069,3e-05,110.73754,1.0,0.0
2026-08-02T17:03:45Z,2026-10-30,89,59000.0,P,0.042,0.0435,0.0428,63763.65,63127.15,0.39299999999999996,-0.30931,3e-05,110.73754,0.5,0.0
2026-08-02T17:03:45Z,2026-10-30,89,60000.0,C,0.106,0.109,0.107,63763.65,63127.15,0.3876,0.66058,3e-05,115.04924,1.2,0.0
2026-08-02T17:03:45Z,2026-10-30,89,60000.0,P,0.0475,0.049,0.048,63763.65,63127.15,0.3876,-0.33942,3e-05,115.04924,19.4,0.1
2026-08-02T17:03:45Z,2026-10-30,89,61000.0,C,0.096,0.099,0.0971,63763.65,63127.15,0.3826,0.62904,3e-05,118.72996,1.0,1.0
2026-08-02T17:03:45Z,2026-10-30,89,61000.0,P,0.053,0.0545,0.0538,63763.65,63127.15,0.3826,-0.37096,3e-05,118.72996,11.3,1.2
2026-08-02T17:03:45Z,2026-10-30,89,62000.0,C,0.0875,0.089,0.0879,63763.65,63127.15,0.3787,0.59624,3e-05,121.68035,13.5,0.0
2026-08-02T17:03:45Z,2026-10-30,89,62000.0,P,0.0595,0.061,0.0603,63763.65,63127.15,0.3787,-0.40376,3e-05,121.68035,10.0,0.0
2026-08-02T17:03:45Z,2026-10-30,89,63000.0,C,0.0785,0.08,0.0793,63763.94,63127.15,0.3749,0.56262,3e-05,123.79857,109.0,0.0
2026-08-02T17:03:45Z,2026-10-30,89,63000.0,P,0.0665,0.068,0.0673,63763.98,63127.15,0.3749,-0.43738,3e-05,123.79858,57.5,3.8
2026-08-02T17:03:45Z,2026-10-30,89,64000.0,C,0.0705,0.072,0.0712,63763.94,63127.15,0.3714,0.52843,3e-05,125.02749,0.3,0.3
2026-08-02T17:03:45Z,2026-10-30,89,64000.0,P,0.074,0.0755,0.0749,63763.98,63127.15,0.3714,-0.47157,3e-05,125.02754,10.1,0.1
2026-08-02T17:03:45Z,2026-10-30,89,65000.0,C,0.063,0.0645,0.0637,63763.98,63127.15,0.36810000000000004,0.49396,3e-05,125.33162,82.0,5.9
2026-08-02T17:03:45Z,2026-10-30,89,65000.0,P,0.0825,0.084,0.0831,63763.98,63127.15,0.36810000000000004,-0.50604,3e-05,125.33162,62.8,0.0
2026-08-02T17:03:45Z,2026-10-30,89,66000.0,C,0.056,0.0575,0.0567,63763.98,63127.15,0.365,0.45949,3e-05,124.69916,1.2,0.0
2026-08-02T17:03:45Z,2026-10-30,89,66000.0,P,0.089,0.094,0.0918,63763.98,63127.15,0.365,-0.54051,3e-05,124.69916,1.9,0.0
2026-08-02T17:03:45Z,2026-10-30,89,67000.0,C,0.0495,0.051,0.0502,63763.98,63127.15,0.3617,0.42518,3e-05,123.13524,0.0,0.0
2026-08-02T17:03:45Z,2026-10-30,89,67000.0,P,0.0985,0.1035,0.101,63763.98,63127.15,0.3617,-0.57482,3e-05,123.13524,9.9,0.0
2026-08-02T17:03:45Z,2026-10-30,89,68000.0,C,0.0435,0.045,0.0444,63763.98,63127.15,0.3594,0.39181,3e-05,120.70786,20.0,0.0
2026-08-02T17:03:45Z,2026-10-30,89,68000.0,P,0.1085,0.114,0.1109,63763.98,63127.15,0.3594,-0.60819,3e-05,120.70786,2.1,0.0
2026-08-02T17:03:45Z,2026-10-30,89,69000.0,C,0.0385,0.04,0.0392,63763.98,63127.15,0.3575,0.35947,3e-05,117.4867,1.7,0.0
2026-08-02T17:03:45Z,2026-10-30,89,69000.0,P,0.118,0.1245,0.1213,63763.98,63127.15,0.3575,-0.64053,3e-05,117.4867,0.0,0.0
2026-08-02T17:03:45Z,2026-10-30,89,70000.0,C,0.0335,0.035,0.0342,63763.98,63127.15,0.35450000000000004,0.32752,3e-05,113.4397,38.3,0.1
2026-08-02T17:03:45Z,2026-10-30,89,70000.0,P,0.129,0.1355,0.1321,63763.94,63127.15,0.35450000000000004,-0.67248,3e-05,113.43945,11.3,0.0
2026-08-02T17:03:45Z,2026-10-30,89,71000.0,C,0.0295,0.031,0.0302,63763.98,63127.15,0.3542,0.29856,3e-05,109.00461,17.9,0.1
2026-08-02T17:03:45Z,2026-10-30,89,71000.0,P,0.14,0.198,0.1437,63763.98,63127.15,0.3542,-0.70144,3e-05,109.00461,0.0,0.0
2026-08-02T17:03:45Z,2026-10-30,89,72000.0,C,0.0255,0.027,0.0262,63763.98,63127.15,0.3519,0.26962,3e-05,103.81406,10.3,0.1
2026-08-02T17:03:45Z,2026-10-30,89,72000.0,P,0.152,0.208,0.1554,63763.98,63127.15,0.3519,-0.73038,3e-05,103.81406,0.0,0.0
2026-08-02T17:03:45Z,2026-10-30,89,73000.0,C,0.0225,0.0235,0.023,63763.98,63127.15,0.3514,0.24363,3e-05,98.4729,10.1,10.0
2026-08-02T17:03:45Z,2026-10-30,89,73000.0,P,0.1645,0.1715,0.1678,63763.98,63127.15,0.3514,-0.75637,3e-05,98.4729,0.0,0.0
2026-08-02T17:03:45Z,2026-10-30,89,74000.0,C,0.0195,0.0205,0.0201,63763.98,63127.15,0.3514,0.2197,3e-05,92.95818,5.0,0.0
2026-08-02T17:03:45Z,2026-10-30,89,74000.0,P,0.177,0.2355,0.1807,63763.98,63127.15,0.3514,-0.7803,3e-05,92.95818,0.0,0.0
2026-08-02T17:03:45Z,2026-10-30,89,75000.0,C,0.017,0.0175,0.0176,63763.98,63127.15,0.3514,0.19746,3e-05,87.28734,15.3,2.9
2026-08-02T17:03:45Z,2026-10-30,89,75000.0,P,0.1895,0.249,0.1938,63763.98,63127.15,0.3514,-0.80254,3e-05,87.28734,1.1,0.0
2026-08-02T17:03:45Z,2026-10-30,89,76000.0,C,0.0145,0.0155,0.0153,63763.98,63127.15,0.3514,0.1769,2e-05,81.54902,15.0,1.8
2026-08-02T17:03:45Z,2026-10-30,89,76000.0,P,0.2025,0.2625,0.2072,63763.94,63127.15,0.3514,-0.8231,2e-05,81.5487,0.0,0.0
2026-08-02T17:03:45Z,2026-10-30,89,78000.0,C,0.011,0.012,0.0115,63763.98,63127.15,0.3514,0.14071,2e-05,70.17209,15.0,3.0
2026-08-02T17:03:45Z,2026-10-30,89,78000.0,P,0.2295,0.2905,0.2348,63763.98,63127.15,0.3514,-0.85929,2e-05,70.17209,0.1,0.0
2026-08-02T17:03:45Z,2026-10-30,89,80000.0,C,0.008,0.009,0.0086,63763.98,63127.15,0.3514,0.1106,2e-05,59.31003,13.2,1.8
2026-08-02T17:03:45Z,2026-10-30,89,80000.0,P,0.258,0.319,0.2633,63763.98,63127.15,0.3514,-0.8894,2e-05,59.31003,0.5,0.0
2026-08-02T17:03:45Z,2026-10-30,89,82000.0,C,0.006,0.0065,0.0064,63763.98,63127.15,0.3522,0.08649,1e-05,49.53112,3.7,0.1
2026-08-02T17:03:45Z,2026-10-30,89,82000.0,P,0.2875,0.346,0.2925,63763.98,63127.15,0.3522,-0.91351,1e-05,49.53112,0.0,0.0
2026-08-02T17:03:45Z,2026-10-30,89,84000.0,C,0.0047,0.0055,0.0051,63763.98,63127.15,0.3575,0.06986,1e-05,42.12344,0.9,0.5
2026-08-02T17:03:45Z,2026-10-30,89,84000.0,P,0.317,0.374,0.3225,63763.94,63127.15,0.3575,-0.93014,1e-05,42.12319,0.0,0.0
2026-08-02T17:03:45Z,2026-10-30,89,85000.0,C,0.0041,0.0045,0.0044,63763.98,63127.15,0.3575,0.06131,1e-05,38.06395,2.4,1.0
2026-08-02T17:03:45Z,2026-10-30,89,85000.0,P,0.331,0.392,0.3374,63763.98,63127.15,0.3575,-0.93869,1e-05,38.06395,0.0,0.0
2026-08-02T17:03:45Z,2026-10-30,89,86000.0,C,0.0036,0.0041,0.0038,63764.26,63127.15,0.3593,0.05466,1e-05,34.7826,4.4,1.8
2026-08-02T17:03:45Z,2026-10-30,89,86000.0,P,0.3465,0.4075,0.3526,63763.98,63127.15,0.3593,-0.94534,1e-05,34.78099,0.1,0.0
2026-08-02T17:03:45Z,2026-10-30,89,88000.0,C,0.0028,0.003,0.0029,63763.98,63127.15,0.36219999999999997,0.0431,1e-05,28.76424,1.0,0.2
2026-08-02T17:03:45Z,2026-10-30,89,88000.0,P,0.377,0.437,0.383,63764.55,63127.15,0.36219999999999997,-0.95689,1e-05,28.767,0.0,0.0
2026-08-02T17:03:45Z,2026-10-30,89,90000.0,C,0.0022,0.0024,0.0023,63764.55,63127.15,0.36729999999999996,0.03488,1e-05,24.20955,30.1,0.0
2026-08-02T17:03:45Z,2026-10-30,89,90000.0,P,0.407,0.468,0.4138,63764.55,63127.15,0.36729999999999996,-0.96512,1e-05,24.20955,0.1,0.0
2026-08-02T17:03:45Z,2026-10-30,89,95000.0,C,0.0013,0.0015,0.0014,63764.55,63127.15,0.3835,0.02195,0.0,16.46013,16.9,5.2
2026-08-02T17:03:45Z,2026-10-30,89,95000.0,P,0.4845,0.545,0.4913,63764.55,63127.15,0.3835,-0.97805,0.0,16.46013,0.1,0.0
2026-08-02T17:03:45Z,2026-12-25,145,20000.0,C,0.6895,0.691,0.6902,64205.25,63127.15,0.865,0.99212,0.0,8.74407,2.7,0.0
2026-08-02T17:03:45Z,2026-12-25,145,20000.0,P,0.0016,0.0018,0.0017,64205.23,63127.15,0.865,-0.00788,0.0,8.74407,94.6,49.9
2026-08-02T17:03:45Z,2026-12-25,145,30000.0,C,0.5365,0.5385,0.5371,64205.25,63127.15,0.6801999999999999,0.97677,0.0,22.2044,289.4,0.0
2026-08-02T17:03:45Z,2026-12-25,145,30000.0,P,0.0041,0.0046,0.0043,64205.23,63127.15,0.6801999999999999,-0.02323,0.0,22.20442,2160.0,0.4
2026-08-02T17:03:45Z,2026-12-25,145,35000.0,C,0.4605,0.4635,0.4619,64205.25,63127.15,0.6132,0.96121,0.0,33.97025,77.7,0.0
2026-08-02T17:03:45Z,2026-12-25,145,35000.0,P,0.0065,0.007,0.007,64205.25,63127.15,0.6132,-0.03879,0.0,33.97025,2315.2,0.9
2026-08-02T17:03:45Z,2026-12-25,145,40000.0,C,0.3865,0.3895,0.388,64205.25,63127.15,0.5542,0.93711,1e-05,49.94343,250.9,0.0
2026-08-02T17:03:45Z,2026-12-25,145,40000.0,P,0.0105,0.011,0.011,64205.25,63127.15,0.5542,-0.06289,1e-05,49.94343,4180.5,31.1
2026-08-02T17:03:45Z,2026-12-25,145,45000.0,C,0.3145,0.318,0.3161,64205.25,63127.15,0.5007,0.90066,1e-05,70.58408,54.3,0.0
2026-08-02T17:03:45Z,2026-12-25,145,45000.0,P,0.0165,0.0175,0.017,64205.25,63127.15,0.5007,-0.09934,1e-05,70.58408,2919.4,2.9
2026-08-02T17:03:45Z,2026-12-25,145,50000.0,C,0.2465,0.2505,0.2487,64205.25,63127.15,0.461,0.84298,1e-05,97.13115,260.8,0.0
2026-08-02T17:03:45Z,2026-12-25,145,50000.0,P,0.027,0.028,0.0274,64205.25,63127.15,0.461,-0.15702,1e-05,97.13115,1830.2,3.6
2026-08-02T17:03:45Z,2026-12-25,145,52000.0,C,0.2215,0.225,0.2233,64205.25,63127.15,0.4481,0.81289,1e-05,108.64206,0.1,0.0
2026-08-02T17:03:45Z,2026-12-25,145,52000.0,P,0.0325,0.034,0.0332,64205.25,63127.15,0.4481,-0.18711,1e-05,108.64206,170.1,0.4
2026-08-02T17:03:45Z,2026-12-25,145,54000.0,C,0.197,0.2005,0.1992,64205.23,63127.15,0.4364,0.7786,2e-05,120.10082,33.1,0.0
2026-08-02T17:03:45Z,2026-12-25,145,54000.0,P,0.0395,0.041,0.0402,64205.23,63127.15,0.4364,-0.2214,2e-05,120.10082,1811.3,4.6
2026-08-02T17:03:45Z,2026-12-25,145,55000.0,C,0.1855,0.189,0.1876,64205.25,63127.15,0.4313,0.75983,2e-05,125.68721,43.5,0.6
2026-08-02T17:03:45Z,2026-12-25,145,55000.0,P,0.044,0.045,0.0443,64205.25,63127.15,0.4313,-0.24017,2e-05,125.68721,1100.3,0.1
2026-08-02T17:03:45Z,2026-12-25,145,56000.0,C,0.1745,0.178,0.1765,64205.25,63127.15,0.4268,0.73997,2e-05,131.09873,41.4,0.0
2026-08-02T17:03:45Z,2026-12-25,145,56000.0,P,0.048,0.0495,0.0487,64205.25,63127.15,0.4268,-0.26003,2e-05,131.09873,464.1,0.5
2026-08-02T17:03:45Z,2026-12-25,145,58000.0,C,0.153,0.1565,0.155,64205.25,63127.15,0.41700000000000004,0.69793,2e-05,140.95524,41.8,0.0
2026-08-02T17:03:45Z,2026-12-25,145,58000.0,P,0.0575,0.0595,0.0584,64205.25,63127.15,0.41700000000000004,-0.30207,2e-05,140.95524,2054.4,2.8
2026-08-02T17:03:45Z,2026-12-25,145,60000.0,C,0.1335,0.137,0.1353,64205.25,63127.15,0.4094,0.65237,2e-05,149.32503,785.9,0.1
2026-08-02T17:03:45Z,2026-12-25,145,60000.0,P,0.069,0.0705,0.0698,64205.25,63127.15,0.4094,-0.34763,2e-05,149.32503,6446.4,1.1
2026-08-02T17:03:45Z,2026-12-25,145,62000.0,C,0.1165,0.1185,0.1174,64205.25,63127.15,0.4033,0.60434,2e-05,155.68541,255.1,0.0
2026-08-02T17:03:45Z,2026-12-25,145,62000.0,P,0.082,0.084,0.083,64205.25,63127.15,0.4033,-0.39566,2e-05,155.68541,707.6,0.0
2026-08-02T17:03:45Z,2026-12-25,145,64000.0,C,0.1,0.1015,0.1011,64205.25,63127.15,0.39770000000000005,0.55487,2e-05,159.70496,420.0,0.0
2026-08-02T17:03:45Z,2026-12-25,145,64000.0,P,0.097,0.0985,0.0979,64205.25,63127.15,0.39770000000000005,-0.44513,2e-05,159.70496,270.8,0.2
2026-08-02T17:03:45Z,2026-12-25,145,65000.0,C,0.0925,0.094,0.0935,64205.25,63127.15,0.3951,0.52984,2e-05,160.7808,663.1,0.1
2026-08-02T17:03:45Z,2026-12-25,145,65000.0,P,0.105,0.1065,0.1059,64205.23,63127.15,0.3951,-0.47016,2e-05,160.78076,706.1,0.4
2026-08-02T17:03:45Z,2026-12-25,145,66000.0,C,0.0855,0.087,0.0864,64205.25,63127.15,0.39280000000000004,0.50483,3e-05,161.22037,261.8,0.0
2026-08-02T17:03:45Z,2026-12-25,145,66000.0,P,0.1135,0.116,0.1143,64205.25,63127.15,0.39280000000000004,-0.49517,3e-05,161.22037,366.6,0.5
2026-08-02T17:03:45Z,2026-12-25,145,68000.0,C,0.0725,0.074,0.0735,64205.25,63127.15,0.38909999999999995,0.45541,3e-05,160.22384,564.5,1.0
2026-08-02T17:03:45Z,2026-12-25,145,68000.0,P,0.13,0.1355,0.1326,64205.25,63127.15,0.38909999999999995,-0.54459,3e-05,160.22384,354.9,0.0
2026-08-02T17:03:45Z,2026-12-25,145,70000.0,C,0.0615,0.063,0.0623,64205.25,63127.15,0.3861,0.40749,2e-05,156.87805,1087.0,3.0
2026-08-02T17:03:45Z,2026-12-25,145,70000.0,P,0.1495,0.1555,0.1525,64205.25,63127.15,0.3861,-0.59251,2e-05,156.87805,1034.6,0.0
2026-08-02T17:03:45Z,2026-12-25,145,72000.0,C,0.0515,0.053,0.0523,64205.25,63127.15,0.3831,0.36145,2e-05,151.4078,1134.8,0.0
2026-08-02T17:03:45Z,2026-12-25,145,72000.0,P,0.171,0.1775,0.1737,64205.23,63127.15,0.3831,-0.63855,2e-05,151.40768,335.5,0.0
2026-08-02T17:03:45Z,2026-12-25,145,74000.0,C,0.043,0.0445,0.0439,64205.23,63127.15,0.38159999999999994,0.3188,2e-05,144.29958,146.2,0.5
2026-08-02T17:03:45Z,2026-12-25,145,74000.0,P,0.193,0.2035,0.1965,64205.23,63127.15,0.38159999999999994,-0.6812,2e-05,144.29958,106.0,0.0
2026-08-02T17:03:45Z,2026-12-25,145,75000.0,C,0.0395,0.0405,0.0402,64205.25,63127.15,0.381,0.29873,2e-05,140.24969,1773.3,25.3
2026-08-02T17:03:45Z,2026-12-25,145,75000.0,P,0.2045,0.213,0.2084,64205.22,63127.15,0.381,-0.70127,2e-05,140.24948,897.2,0.0
2026-08-02T17:03:45Z,2026-12-25,145,76000.0,C,0.036,0.0375,0.0368,64205.22,63127.15,0.38060000000000005,0.27952,2e-05,135.93351,388.7,2.0
2026-08-02T17:03:45Z,2026-12-25,145,76000.0,P,0.2165,0.2245,0.2205,64205.22,63127.15,0.38060000000000005,-0.72048,2e-05,135.93351,142.1,0.0
2026-08-02T17:03:45Z,2026-12-25,145,78000.0,C,0.0305,0.031,0.031,64205.22,63127.15,0.38079999999999997,0.24443,2e-05,126.89055,411.7,3.5
2026-08-02T17:03:45Z,2026-12-25,145,78000.0,P,0.2415,0.252,0.2458,64205.25,63127.15,0.38079999999999997,-0.75557,2e-05,126.89078,234.6,0.0
2026-08-02T17:03:45Z,2026-12-25,145,80000.0,C,0.0255,0.026,0.026,64205.22,63127.15,0.38130000000000003,0.21288,2e-05,117.40825,8025.9,69.5
2026-08-02T17:03:45Z,2026-12-25,145,80000.0,P,0.267,0.277,0.272,64205.22,63127.15,0.38130000000000003,-0.78712,2e-05,117.40825,951.8,0.0
2026-08-02T17:03:45Z,2026-12-25,145,82000.0,C,0.021,0.022,0.0217,64205.25,63127.15,0.38130000000000003,0.18423,2e-05,107.59965,494.8,2.4
2026-08-02T17:03:45Z,2026-12-25,145,82000.0,P,0.294,0.3045,0.2988,64205.25,63127.15,0.38130000000000003,-0.81577,2e-05,107.59965,158.8,0.0
2026-08-02T17:03:45Z,2026-12-25,145,84000.0,C,0.0175,0.0185,0.018,64205.22,63127.15,0.38130000000000003,0.15871,2e-05,97.81571,764.5,1.3
2026-08-02T17:03:45Z,2026-12-25,145,84000.0,P,0.3215,0.332,0.3263,64205.22,63127.15,0.38130000000000003,-0.84129,2e-05,97.81571,47.1,0.0
2026-08-02T17:03:45Z,2026-12-25,145,85000.0,C,0.016,0.017,0.0165,64205.25,63127.15,0.38170000000000004,0.14745,1e-05,93.15639,2240.8,0.1
2026-08-02T17:03:45Z,2026-12-25,145,85000.0,P,0.335,0.3465,0.3404,64205.22,63127.15,0.38170000000000004,-0.85255,1e-05,93.15616,548.4,0.0
2026-08-02T17:03:45Z,2026-12-25,145,86000.0,C,0.0145,0.0155,0.015,64205.22,63127.15,0.38170000000000004,0.13651,1e-05,88.42108,309.0,11.0
2026-08-02T17:03:45Z,2026-12-25,145,86000.0,P,0.349,0.359,0.3545,64205.22,63127.15,0.38170000000000004,-0.86349,1e-05,88.42108,23.4,0.0
2026-08-02T17:03:45Z,2026-12-25,145,88000.0,C,0.012,0.013,0.0125,64205.22,63127.15,0.3823,0.1171,1e-05,79.46275,2543.9,12.9
2026-08-02T17:03:45Z,2026-12-25,145,88000.0,P,0.378,0.4425,0.3831,64205.22,63127.15,0.3823,-0.8829,1e-05,79.46275,4.2,0.0
2026-08-02T17:03:45Z,2026-12-25,145,90000.0,C,0.01,0.011,0.0105,64205.22,63127.15,0.3839,0.10086,1e-05,71.37278,3099.9,1.3
2026-08-02T17:03:45Z,2026-12-25,145,90000.0,P,0.4065,0.421,0.4122,64205.25,63127.15,0.3839,-0.89914,1e-05,71.37299,590.6,0.0
2026-08-02T17:03:45Z,2026-12-25,145,92000.0,C,0.0085,0.009,0.009,64205.22,63127.15,0.3871,0.08777,1e-05,64.4177,251.8,0.3
2026-08-02T17:03:45Z,2026-12-25,145,92000.0,P,0.4365,0.502,0.4419,64205.22,63127.15,0.3871,-0.91223,1e-05,64.4177,4.6,0.0
2026-08-02T17:03:45Z,2026-12-25,145,94000.0,C,0.007,0.008,0.0075,64205.22,63127.15,0.3881,0.07515,1e-05,57.29476,115.2,0.1
2026-08-02T17:03:45Z,2026-12-25,145,94000.0,P,0.466,0.5315,0.4715,64205.22,63127.15,0.3881,-0.92485,1e-05,57.29476,5.3,0.0
2026-08-02T17:03:45Z,2026-12-25,145,95000.0,C,0.0065,0.0075,0.007,64205.22,63127.15,0.39030000000000004,0.07051,1e-05,54.56706,1298.3,0.0
2026-08-02T17:03:45Z,2026-12-25,145,95000.0,P,0.481,0.4935,0.4866,64205.22,63127.15,0.39030000000000004,-0.92949,1e-05,54.56706,85.9,0.0
2026-08-02T17:03:45Z,2026-12-25,145,96000.0,C,0.006,0.007,0.0065,64205.22,63127.15,0.392,0.06592,1e-05,51.80333,309.2,0.0
2026-08-02T17:03:45Z,2026-12-25,145,96000.0,P,0.496,0.564,0.5017,64205.25,63127.15,0.392,-0.93408,1e-05,51.8035,11.3,0.0
2026-08-02T17:03:45Z,2026-12-25,145,98000.0,C,0.005,0.006,0.0055,64205.25,63127.15,0.39380000000000004,0.05682,1e-05,46.12806,207.5,1.0
2026-08-02T17:03:45Z,2026-12-25,145,98000.0,P,0.5255,0.595,0.5318,64205.22,63127.15,0.39380000000000004,-0.94318,1e-05,46.1279,1.2,0.0
2026-08-02T17:03:45Z,2026-12-25,145,100000.0,C,0.0046,0.005,0.0048,64205.25,63127.15,0.3979,0.05009,1e-05,41.74517,3657.2,0.5
2026-08-02T17:03:45Z,2026-12-25,145,100000.0,P,0.5555,0.57,0.5623,64205.22,63127.15,0.3979,-0.94991,1e-05,41.74502,303.3,0.0
2026-08-02T17:03:45Z,2026-12-25,145,102000.0,C,0.004,0.0043,0.0041,64205.22,63127.15,0.4003,0.04353,1e-05,37.29501,214.0,0.1
2026-08-02T17:03:45Z,2026-12-25,145,102000.0,P,0.586,0.6565,0.5928,64205.22,63127.15,0.4003,-0.95647,1e-05,37.29501,7.8,0.0
2026-08-02T17:03:45Z,2026-12-25,145,104000.0,C,0.0035,0.0037,0.0036,64205.22,63127.15,0.4042,0.03849,1e-05,33.74976,85.1,0.5
2026-08-02T17:03:45Z,2026-12-25,145,104000.0,P,0.6165,0.6885,0.6234,64205.22,63127.15,0.4042,-0.96151,1e-05,33.74976,0.1,0.0
2026-08-02T17:03:45Z,2026-12-25,145,105000.0,C,0.0032,0.0036,0.0034,64205.22,63127.15,0.40659999999999996,0.03642,0.0,32.2611,833.8,0.5
2026-08-02T17:03:45Z,2026-12-25,145,105000.0,P,0.6315,0.648,0.6388,64205.22,63127.15,0.40659999999999996,-0.96358,0.0,32.2611,109.4,0.0
2026-08-02T17:03:45Z,2026-12-25,145,106000.0,C,0.003,0.0034,0.0032,64205.25,63127.15,0.4086,0.03435,0.0,30.74816,320.2,0.0
2026-08-02T17:03:45Z,2026-12-25,145,106000.0,P,0.6475,0.6615,0.6541,64205.25,63127.15,0.4086,-0.96565,0.0,30.74816,0.2,0.0
2026-08-02T17:03:45Z,2026-12-25,145,108000.0,C,0.0026,0.003,0.0028,64205.22,63127.15,0.41200000000000003,0.03034,0.0,27.75644,122.2,0.0
2026-08-02T17:03:45Z,2026-12-25,145,108000.0,P,0.6775,0.751,0.6849,64205.25,63127.15,0.41200000000000003,-0.96966,0.0,27.75655,0.1,0.0
2026-08-02T17:03:45Z,2026-12-25,145,110000.0,C,0.0023,0.0027,0.0025,64205.22,63127.15,0.4163,0.02719,0.0,25.34158,2640.1,0.0
2026-08-02T17:03:45Z,2026-12-25,145,110000.0,P,0.7085,0.7255,0.7158,64205.25,63127.15,0.4163,-0.97281,0.0,25.34168,54.2,0.0
2026-08-02T17:03:45Z,2026-12-25,145,115000.0,C,0.0017,0.0021,0.0019,64205.13,63127.15,0.4265,0.02084,0.0,20.261,2339.7,0.3
2026-08-02T17:03:45Z,2026-12-25,145,115000.0,P,0.7855,0.8615,0.793,64205.13,63127.15,0.4265,-0.97916,0.0,20.261,0.7,0.0
2026-08-02T17:03:45Z,2026-12-25,145,120000.0,C,0.0013,0.0015,0.0015,64205.13,63127.15,0.4372,0.01639,0.0,16.51046,6033.2,0.2
2026-08-02T17:03:45Z,2026-12-25,145,120000.0,P,0.863,0.8795,0.8705,64205.13,63127.15,0.4372,-0.98361,0.0,16.51046,35.6,0.0
2026-08-02T17:03:45Z,2026-12-25,145,125000.0,C,0.0011,0.0013,0.0012,64205.13,63127.15,0.4501,0.01356,0.0,14.03383,593.9,1.0
2026-08-02T17:03:45Z,2026-12-25,145,125000.0,P,0.94,1.024,0.9481,64205.13,63127.15,0.4501,-0.98644,0.0,14.03383,9.1,0.0
2026-08-02T17:03:45Z,2026-12-25,145,130000.0,C,0.0009,0.0012,0.001,64205.13,63127.15,0.4625,0.01138,0.0,12.05105,1571.3,1.0
2026-08-02T17:03:45Z,2026-12-25,145,130000.0,P,0.9575,1.1045,1.0258,64205.13,63127.15,0.4625,-0.98862,0.0,12.05105,52.1,0.0
2026-08-02T17:03:45Z,2026-12-25,145,135000.0,C,0.0007,0.001,0.0008,64205.13,63127.15,0.4715,0.00924,0.0,10.05659,1097.9,5.1
2026-08-02T17:03:45Z,2026-12-25,145,135000.0,P,1.033,1.184,1.1035,64205.13,63127.15,0.4715,-0.99076,0.0,10.05659,0.6,0.0
2026-08-02T17:03:45Z,2026-12-25,145,140000.0,C,0.0006,0.0009,0.0007,64205.22,63127.15,0.4794,0.0075,0.0,8.37305,1474.4,0.0
2026-08-02T17:03:45Z,2026-12-25,145,140000.0,P,1.108,1.265,1.1812,64205.13,63127.15,0.4794,-0.9925,0.0,8.37294,0.2,0.0
2026-08-02T17:03:45Z,2026-12-25,145,150000.0,C,0.0004,0.0008,0.0006,64205.13,63127.15,0.5062,0.00614,0.0,7.01731,1626.0,0.2
2026-08-02T17:03:45Z,2026-12-25,145,150000.0,P,1.2585,1.426,1.3368,64205.22,63127.15,0.5062,-0.99386,0.0,7.01739,2.0,0.0
2026-08-02T17:03:45Z,2026-12-25,145,160000.0,C,0.0003,0.0006,0.0004,64205.13,63127.15,0.5151,0.00397,0.0,4.76029,1224.0,0.0
2026-08-02T17:03:45Z,2026-12-25,145,160000.0,P,1.409,1.5865,1.4924,64205.13,63127.15,0.5151,-0.99603,0.0,4.76029,0.0,0.0
2026-08-02T17:03:45Z,2026-12-25,145,170000.0,C,0.0001,0.0005,0.0002,64205.22,63127.15,0.525,0.00271,0.0,3.36894,2384.5,0.0
2026-08-02T17:03:45Z,2026-12-25,145,170000.0,P,1.5595,1.7475,1.648,64205.13,63127.15,0.525,-0.99729,0.0,3.3689,0.0,0.0
2026-08-02T17:03:45Z,2026-12-25,145,180000.0,C,0.0001,0.0004,0.0002,64205.13,63127.15,0.5466,0.00237,0.0,2.99094,923.8,0.0
2026-08-02T17:03:45Z,2026-12-25,145,180000.0,P,1.71,1.9085,1.8037,64205.22,63127.15,0.5466,-0.99763,0.0,2.99098,0.0,0.0
2026-08-02T17:03:45Z,2026-12-25,145,190000.0,C,0.0,0.0003,0.0002,64205.13,63127.15,0.57,0.00222,0.0,2.81996,990.5,0.0
2026-08-02T17:03:45Z,2026-12-25,145,190000.0,P,1.8595,2.069,1.9595,64205.17,63127.15,0.57,-0.99778,0.0,2.81998,0.0,0.0
2026-08-02T17:03:45Z,2026-12-25,145,200000.0,C,0.0,0.0004,0.0002,64205.13,63127.15,0.5765,0.00159,0.0,2.08162,951.4,0.0
2026-08-02T17:03:45Z,2026-12-25,145,200000.0,P,2.011,2.231,2.1152,64205.13,63127.15,0.5765,-0.99841,0.0,2.08162,0.0,0.0
2026-08-02T17:03:45Z,2026-12-25,145,210000.0,C,0.0,0.0003,0.0001,64205.17,63127.15,0.5865,0.00124,0.0,1.65871,151.7,0.0
2026-08-02T17:03:45Z,2026-12-25,145,210000.0,P,2.1615,2.392,2.2709,64205.13,63127.15,0.5865,-0.99876,0.0,1.6587,0.0,0.0
2026-08-02T17:03:45Z,2026-12-25,145,220000.0,C,0.0,0.0003,0.0001,64205.13,63127.15,0.5949,0.00096,0.0,1.31425,252.8,0.0
2026-08-02T17:03:45Z,2026-12-25,145,220000.0,P,2.312,2.5535,2.4266,64205.17,63127.15,0.5949,-0.99904,0.0,1.31425,0.0,0.0
2026-08-02T17:03:45Z,2026-12-25,145,230000.0,C,0.0,0.0003,0.0001,64205.17,63127.15,0.6241,0.00114,0.0,1.53238,195.9,0.0
2026-08-02T17:03:45Z,2026-12-25,145,230000.0,P,2.463,2.7155,2.5824,64205.17,63127.15,0.6241,-0.99886,0.0,1.53238,0.0,0.0
2026-08-02T17:03:45Z,2026-12-25,145,240000.0,C,0.0,0.0003,0.0001,64205.17,63127.15,0.6253,0.00081,0.0,1.1175,874.4,0.0
2026-08-02T17:03:45Z,2026-12-25,145,240000.0,P,2.6135,2.8765,2.7381,64205.17,63127.15,0.6253,-0.99919,0.0,1.1175,0.0,0.0
2026-08-02T17:03:45Z,2026-12-25,145,250000.0,C,0.0,0.0003,0.0001,64205.17,63127.15,0.6295000000000001,0.00061,0.0,0.86771,1120.9,0.0
2026-08-02T17:03:45Z,2026-12-25,145,250000.0,P,2.764,3.0375,2.8938,64205.17,63127.15,0.6295000000000001,-0.99939,0.0,0.86771,10.0,0.0
2026-08-02T17:03:45Z,2027-03-26,236,35000.0,C,0.473,0.475,0.474,64876.87,63127.15,0.5694,0.94268,0.0,59.90803,5.0,0.0
2026-08-02T17:03:45Z,2027-03-26,236,35000.0,P,0.0135,0.014,0.0135,64876.91,63127.15,0.5694,-0.05732,0.0,59.90794,586.9,3.0
2026-08-02T17:03:45Z,2027-03-26,236,40000.0,C,0.4015,0.406,0.4039,64876.96,63127.15,0.5253,0.91259,1e-05,82.8284,81.3,0.0
2026-08-02T17:03:45Z,2027-03-26,236,40000.0,P,0.02,0.0205,0.0205,64876.96,63127.15,0.5253,-0.08741,1e-05,82.8284,1140.5,0.5
2026-08-02T17:03:45Z,2027-03-26,236,45000.0,C,0.3345,0.3385,0.3371,64876.96,63127.15,0.48960000000000004,0.87007,1e-05,110.22896,3.3,0.0
2026-08-02T17:03:45Z,2027-03-26,236,45000.0,P,0.03,0.0315,0.0308,64876.96,63127.15,0.48960000000000004,-0.12993,1e-05,110.22896,193.9,0.0
2026-08-02T17:03:45Z,2027-03-26,236,50000.0,C,0.2725,0.2765,0.2751,64876.96,63127.15,0.4612,0.8128,1e-05,140.16458,20.6,0.0
2026-08-02T17:03:45Z,2027-03-26,236,50000.0,P,0.045,0.0465,0.0458,64876.96,63127.15,0.4612,-0.1872,1e-05,140.16458,2077.8,0.4
2026-08-02T17:03:45Z,2027-03-26,236,52000.0,C,0.2495,0.2535,0.252,64876.96,63127.15,0.45189999999999997,0.7855,1e-05,152.10063,5.2,0.0
2026-08-02T17:03:45Z,2027-03-26,236,52000.0,P,0.0525,0.0545,0.0535,64876.96,63127.15,0.45189999999999997,-0.2145,1e-05,152.10063,111.9,0.0
2026-08-02T17:03:45Z,2027-03-26,236,54000.0,C,0.2275,0.2315,0.2301,64876.93,63127.15,0.4439,0.7558,1e-05,163.57621,0.1,0.0
2026-08-02T17:03:45Z,2027-03-26,236,54000.0,P,0.0615,0.0635,0.0624,64876.96,63127.15,0.4439,-0.2442,1e-05,163.57614,58.7,0.0
2026-08-02T17:03:45Z,2027-03-26,236,55000.0,C,0.217,0.221,0.2194,64876.96,63127.15,0.4399,0.74022,1e-05,169.00289,28.6,0.0
2026-08-02T17:03:45Z,2027-03-26,236,55000.0,P,0.066,0.0685,0.0672,64876.96,63127.15,0.4399,-0.25978,1e-05,169.00289,1353.8,1.0
2026-08-02T17:03:45Z,2027-03-26,236,56000.0,C,0.2065,0.2105,0.2092,64876.96,63127.15,0.4365,0.72404,1e-05,174.22705,16.9,0.0
2026-08-02T17:03:45Z,2027-03-26,236,56000.0,P,0.0715,0.0735,0.0724,64876.96,63127.15,0.4365,-0.27596,1e-05,174.22705,83.1,0.0
2026-08-02T17:03:45Z,2027-03-26,236,58000.0,C,0.187,0.191,0.1897,64876.96,63127.15,0.4303,0.69039,2e-05,183.79453,5.2,0.0
2026-08-02T17:03:45Z,2027-03-26,236,58000.0,P,0.0825,0.085,0.0837,64876.96,63127.15,0.4303,-0.30961,2e-05,183.79453,109.5,0.0
2026-08-02T17:03:45Z,2027-03-26,236,60000.0,C,0.1695,0.1725,0.1713,64876.96,63127.15,0.42450000000000004,0.6553,2e-05,191.98953,718.9,0.4
2026-08-02T17:03:45Z,2027-03-26,236,60000.0,P,0.095,0.0975,0.0961,64876.96,63127.15,0.42450000000000004,-0.3447,2e-05,191.98953,619.3,0.0
2026-08-02T17:03:45Z,2027-03-26,236,62000.0,C,0.153,0.155,0.1541,64876.96,63127.15,0.4192,0.61908,2e-05,198.61706,42.2,0.0
2026-08-02T17:03:45Z,2027-03-26,236,62000.0,P,0.109,0.111,0.1098,64876.96,63127.15,0.4192,-0.38092,2e-05,198.61706,254.2,0.1
2026-08-02T17:03:45Z,2027-03-26,236,64000.0,C,0.1375,0.1395,0.1384,64876.96,63127.15,0.415,0.5822,2e-05,203.52144,85.3,0.0
2026-08-02T17:03:45Z,2027-03-26,236,64000.0,P,0.124,0.127,0.1249,64876.96,63127.15,0.415,-0.4178,2e-05,203.52144,143.1,0.0
2026-08-02T17:03:45Z,2027-03-26,236,65000.0,C,0.13,0.132,0.131,64876.96,63127.15,0.413,0.56365,2e-05,205.29953,211.5,0.0
2026-08-02T17:03:45Z,2027-03-26,236,65000.0,P,0.132,0.135,0.1329,64876.96,63127.15,0.413,-0.43635,2e-05,205.29953,663.1,0.0
2026-08-02T17:03:45Z,2027-03-26,236,66000.0,C,0.123,0.125,0.1238,64877.53,63127.15,0.41100000000000003,0.54504,2e-05,206.62667,18.1,0.1
2026-08-02T17:03:45Z,2027-03-26,236,66000.0,P,0.14,0.143,0.1411,64877.53,63127.15,0.41100000000000003,-0.45496,2e-05,206.62667,124.9,0.0
2026-08-02T17:03:45Z,2027-03-26,236,68000.0,C,0.1095,0.1115,0.1106,64877.53,63127.15,0.408,0.50818,2e-05,207.90975,39.1,0.0
2026-08-02T17:03:45Z,2027-03-26,236,68000.0,P,0.1575,0.165,0.1587,64877.53,63127.15,0.408,-0.49182,2e-05,207.90975,65.1,0.0
2026-08-02T17:03:45Z,2027-03-26,236,70000.0,C,0.0975,0.0995,0.0985,64877.53,63127.15,0.405,0.47176,2e-05,207.43213,749.6,0.0
2026-08-02T17:03:45Z,2027-03-26,236,70000.0,P,0.176,0.184,0.1774,64877.22,63127.15,0.405,-0.52825,2e-05,207.43092,211.8,0.0
2026-08-02T17:03:45Z,2027-03-26,236,72000.0,C,0.0865,0.0885,0.0875,64877.53,63127.15,0.40240000000000004,0.43624,2e-05,205.29163,64.1,0.0
2026-08-02T17:03:45Z,2027-03-26,236,72000.0,P,0.1955,0.205,0.1973,64877.22,63127.15,0.40240000000000004,-0.56377,2e-05,205.29016,139.1,0.0
2026-08-02T17:03:45Z,2027-03-26,236,74000.0,C,0.0765,0.0785,0.0775,64877.53,63127.15,0.4,0.40179,2e-05,201.61952,50.0,0.0
2026-08-02T17:03:45Z,2027-03-26,236,74000.0,P,0.216,0.2255,0.2181,64877.53,63127.15,0.4,-0.59821,2e-05,201.61952,55.0,0.0
2026-08-02T17:03:45Z,2027-03-26,236,76000.0,C,0.0675,0.069,0.0684,64877.53,63127.15,0.3973,0.36843,2e-05,196.53945,288.0,7.0
2026-08-02T17:03:45Z,2027-03-26,236,76000.0,P,0.238,0.247,0.2398,64877.53,63127.15,0.3973,-0.63157,2e-05,196.53945,19.2,0.0
2026-08-02T17:03:45Z,2027-03-26,236,78000.0,C,0.06,0.0615,0.0607,64877.53,63127.15,0.3967,0.33774,2e-05,190.50663,387.6,10.0
2026-08-02T17:03:45Z,2027-03-26,236,78000.0,P,0.2605,0.271,0.2629,64877.53,63127.15,0.3967,-0.66226,2e-05,190.50663,182.4,0.0
2026-08-02T17:03:45Z,2027-03-26,236,80000.0,C,0.053,0.0545,0.0538,64877.53,63127.15,0.3961,0.30882,2e-05,183.59113,915.2,0.0
2026-08-02T17:03:45Z,2027-03-26,236,80000.0,P,0.284,0.295,0.2869,64877.53,63127.15,0.3961,-0.69118,2e-05,183.59113,139.2,0.0
2026-08-02T17:03:45Z,2027-03-26,236,82000.0,C,0.047,0.048,0.0476,64877.53,63127.15,0.3957,0.28171,2e-05,175.98577,674.8,2.0
2026-08-02T17:03:45Z,2027-03-26,236,82000.0,P,0.3085,0.3805,0.3115,64877.53,63127.15,0.3957,-0.71829,2e-05,175.98577,3.9,0.0
2026-08-02T17:03:45Z,2027-03-26,236,84000.0,C,0.0415,0.043,0.0423,64877.53,63127.15,0.3958,0.25682,2e-05,168.0059,242.5,2.0
2026-08-02T17:03:45Z,2027-03-26,236,84000.0,P,0.3335,0.3425,0.337,64877.22,63127.15,0.3958,-0.74318,2e-05,168.00345,55.1,0.0
2026-08-02T17:03:45Z,2027-03-26,236,85000.0,C,0.039,0.0405,0.0398,64878.24,63127.15,0.3958,0.24498,2e-05,163.86156,71.5,0.0
2026-08-02T17:03:45Z,2027-03-26,236,85000.0,P,0.3195,0.4075,0.3499,64878.24,63127.15,0.3958,-0.75502,2e-05,163.86156,0.9,0.0
2026-08-02T17:03:45Z,2027-03-26,236,86000.0,C,0.0365,0.0385,0.0376,64878.24,63127.15,0.3967,0.23425,1e-05,159.90296,122.1,0.0
2026-08-02T17:03:45Z,2027-03-26,236,86000.0,P,0.3325,0.383,0.3632,64878.24,63127.15,0.3967,-0.76575,1e-05,159.90296,1.8,0.0
2026-08-02T17:03:45Z,2027-03-26,236,88000.0,C,0.0325,0.034,0.0333,64877.78,63127.15,0.3968,0.21284,1e-05,151.41411,70.6,0.0
2026-08-02T17:03:45Z,2027-03-26,236,88000.0,P,0.386,0.4575,0.3898,64877.78,63127.15,0.3968,-0.78716,1e-05,151.41411,4.5,0.0
2026-08-02T17:03:45Z,2027-03-26,236,90000.0,C,0.029,0.0305,0.0297,64878.24,63127.15,0.3979,0.19383,1e-05,143.19368,506.9,0.0
2026-08-02T17:03:45Z,2027-03-26,236,90000.0,P,0.4125,0.4605,0.417,64877.78,63127.15,0.3979,-0.80617,1e-05,143.18992,14.1,0.0
2026-08-02T17:03:45Z,2027-03-26,236,92000.0,C,0.0255,0.027,0.0263,64878.24,63127.15,0.3979,0.17553,1e-05,134.62732,127.3,0.0
2026-08-02T17:03:45Z,2027-03-26,236,92000.0,P,0.44,0.516,0.4444,64878.24,63127.15,0.3979,-0.82447,1e-05,134.62732,0.6,0.0
2026-08-02T17:03:45Z,2027-03-26,236,94000.0,C,0.0225,0.024,0.0233,64878.24,63127.15,0.3982,0.15887,1e-05,126.24388,129.4,0.0
2026-08-02T17:03:45Z,2027-03-26,236,94000.0,P,0.4675,0.5435,0.4722,64878.24,63127.15,0.3982,-0.84113,1e-05,126.24388,9.1,0.0
2026-08-02T17:03:45Z,2027-03-26,236,95000.0,C,0.0215,0.023,0.0222,64877.78,63127.15,0.4,0.15243,1e-05,122.84234,319.4,0.0
2026-08-02T17:03:45Z,2027-03-26,236,95000.0,P,0.4815,0.558,0.4865,64877.78,63127.15,0.4,-0.84757,1e-05,122.84234,0.6,0.0
2026-08-02T17:03:45Z,2027-03-26,236,96000.0,C,0.02,0.0215,0.0209,64878.24,63127.15,0.4003,0.14511,1e-05,118.86887,124.9,0.0
2026-08-02T17:03:45Z,2027-03-26,236,96000.0,P,0.496,0.5715,0.5007,64878.24,63127.15,0.4003,-0.85489,1e-05,118.86887,1.6,0.0
2026-08-02T17:03:45Z,2027-03-26,236,98000.0,C,0.018,0.019,0.0186,64878.24,63127.15,0.4007,0.13129,1e-05,111.02799,95.6,0.0
2026-08-02T17:03:45Z,2027-03-26,236,98000.0,P,0.5245,0.599,0.5291,64878.24,63127.15,0.4007,-0.86871,1e-05,111.02799,0.2,0.0
2026-08-02T17:03:45Z,2027-03-26,236,100000.0,C,0.016,0.017,0.0165,64878.24,63127.15,0.4014,0.11891,1e-05,103.60728,556.2,0.1
2026-08-02T17:03:45Z,2027-03-26,236,100000.0,P,0.5255,0.5655,0.5579,64877.78,63127.15,0.4014,-0.88109,1e-05,103.60386,12.1,0.0
2026-08-02T17:03:45Z,2027-03-26,236,102000.0,C,0.0145,0.0155,0.015,64878.24,63127.15,0.40399999999999997,0.10903,1e-05,97.39305,105.8,0.0
2026-08-02T17:03:45Z,2027-03-26,236,102000.0,P,0.582,0.658,0.5872,64879.21,63127.15,0.40399999999999997,-0.89096,1e-05,97.40013,0.1,0.0
2026-08-02T17:03:45Z,2027-03-26,236,104000.0,C,0.0125,0.0135,0.0134,64879.21,63127.15,0.4054,0.09927,1e-05,90.99718,101.3,0.0
2026-08-02T17:03:45Z,2027-03-26,236,104000.0,P,0.585,0.676,0.6165,64879.21,63127.15,0.4054,-0.90073,1e-05,90.99718,0.1,0.0
2026-08-02T17:03:45Z,2027-03-26,236,105000.0,C,0.012,0.0125,0.0127,64879.21,63127.15,0.40549999999999997,0.09428,1e-05,87.61007,183.2,0.1
2026-08-02T17:03:45Z,2027-03-26,236,105000.0,P,0.626,0.7035,0.6311,64879.21,63127.15,0.40549999999999997,-0.90572,1e-05,87.61007,0.1,0.0
2026-08-02T17:03:45Z,2027-03-26,236,106000.0,C,0.0115,0.0125,0.012,64879.21,63127.15,0.4061,0.08991,1e-05,84.59049,42.7,0.1
2026-08-02T17:03:45Z,2027-03-26,236,106000.0,P,0.6405,0.6755,0.6458,64879.21,63127.15,0.4061,-0.91009,1e-05,84.59049,0.1,0.0
2026-08-02T17:03:45Z,2027-03-26,236,108000.0,C,0.01,0.011,0.0106,64878.46,63127.15,0.40619999999999995,0.08099,1e-05,78.22069,56.9,0.1
2026-08-02T17:03:45Z,2027-03-26,236,108000.0,P,0.6695,0.749,0.6753,64879.21,63127.15,0.40619999999999995,-0.919,1e-05,78.22547,0.1,0.0
2026-08-02T17:03:45Z,2027-03-26,236,110000.0,C,0.009,0.0095,0.0094,64879.21,63127.15,0.40619999999999995,0.07289,1e-05,72.19624,530.3,8.2
2026-08-02T17:03:45Z,2027-03-26,236,110000.0,P,0.6995,0.777,0.7049,64879.21,63127.15,0.40619999999999995,-0.92711,1e-05,72.19624,2.0,0.0
2026-08-02T17:03:45Z,2027-03-26,236,112000.0,C,0.008,0.009,0.0085,64879.21,63127.15,0.4081,0.06668,1e-05,67.41159,62.6,1.5
2026-08-02T17:03:45Z,2027-03-26,236,112000.0,P,0.7295,0.8075,0.7348,64879.21,63127.15,0.4081,-0.93332,1e-05,67.41159,0.1,0.0
2026-08-02T17:03:45Z,2027-03-26,236,115000.0,C,0.007,0.008,0.0075,64879.21,63127.15,0.4127,0.05931,1e-05,61.53561,761.7,0.0
2026-08-02T17:03:45Z,2027-03-26,236,115000.0,P,0.7455,0.8405,0.7801,64879.21,63127.15,0.4127,-0.94069,1e-05,61.53561,1.1,0.0
2026-08-02T17:03:45Z,2027-03-26,236,120000.0,C,0.0055,0.0065,0.006,64879.21,63127.15,0.4183,0.04829,0.0,52.28651,327.9,0.6
2026-08-02T17:03:45Z,2027-03-26,236,120000.0,P,0.849,0.933,0.8556,64878.46,63127.15,0.4183,-0.95172,0.0,52.28292,1.8,0.0
2026-08-02T17:03:45Z,2027-03-26,236,125000.0,C,0.0045,0.0055,0.005,64879.21,63127.15,0.426,0.04053,0.0,45.39933,123.5,0.0
2026-08-02T17:03:45Z,2027-03-26,236,125000.0,P,0.9245,1.0135,0.9317,64879.21,63127.15,0.426,-0.95947,0.0,45.39933,0.1,0.0
2026-08-02T17:03:45Z,2027-03-26,236,130000.0,C,0.0036,0.0043,0.0039,64879.21,63127.15,0.4294,0.03272,0.0,38.11136,1057.4,0.0
2026-08-02T17:03:45Z,2027-03-26,236,130000.0,P,0.954,1.0895,1.0077,64879.89,63127.15,0.4294,-0.96727,0.0,38.11392,0.3,0.0
2026-08-02T17:03:45Z,2027-03-26,236,140000.0,C,0.0026,0.0031,0.0028,64879.89,63127.15,0.4435,0.02385,0.0,29.28362,761.4,0.1
2026-08-02T17:03:45Z,2027-03-26,236,140000.0,P,1.0855,1.2485,1.1607,64879.89,63127.15,0.4435,-0.97615,0.0,29.28362,0.0,0.0
2026-08-02T17:03:45Z,2027-03-26,236,150000.0,C,0.002,0.0024,0.0021,64879.89,63127.15,0.4576,0.01806,0.0,23.13827,1899.6,0.1
2026-08-02T17:03:45Z,2027-03-26,236,150000.0,P,1.2355,1.4065,1.3142,64879.4,63127.15,0.4576,-0.98194,0.0,23.13709,0.5,0.0
2026-08-02T17:03:45Z,2027-03-26,236,160000.0,C,0.0015,0.0019,0.0016,64879.89,63127.15,0.47009999999999996,0.01387,0.0,18.44925,860.5,0.1
2026-08-02T17:03:45Z,2027-03-26,236,160000.0,P,1.383,1.565,1.4678,64879.4,63127.15,0.47009999999999996,-0.98613,0.0,18.4483,0.0,0.0
2026-08-02T17:03:45Z,2027-03-26,236,170000.0,C,0.0011,0.0015,0.0012,64879.89,63127.15,0.47979999999999995,0.01055,0.0,14.55644,249.3,0.2
2026-08-02T17:03:45Z,2027-03-26,236,170000.0,P,1.533,1.7235,1.6215,64879.89,63127.15,0.47979999999999995,-0.98945,0.0,14.55644,0.1,0.0
2026-08-02T17:03:45Z,2027-03-26,236,180000.0,C,0.0009,0.0014,0.0011,64879.89,63127.15,0.49570000000000003,0.00906,0.0,12.74609,641.5,0.0
2026-08-02T17:03:45Z,2027-03-26,236,180000.0,P,1.682,1.8825,1.7755,64879.89,63127.15,0.49570000000000003,-0.99094,0.0,12.74609,0.0,0.0
2026-08-02T17:03:45Z,2027-03-26,236,190000.0,C,0.0008,0.0012,0.0009,64879.89,63127.15,0.51,0.00782,0.0,11.20098,882.7,0.0
2026-08-02T17:03:45Z,2027-03-26,236,190000.0,P,1.8305,2.042,1.9295,64879.89,63127.15,0.51,-0.99218,0.0,11.20098,0.9,0.0
2026-08-02T17:03:45Z,2027-03-26,236,200000.0,C,0.0006,0.001,0.0007,64879.89,63127.15,0.5161,0.00608,0.0,8.96507,499.7,0.0
2026-08-02T17:03:45Z,2027-03-26,236,200000.0,P,1.98,2.201,2.0834,64879.89,63127.15,0.5161,-0.99392,0.0,8.96507,1.0,0.0
2026-08-02T17:03:45Z,2027-06-25,327,30000.0,C,0.555,0.5585,0.5572,65608.87,63127.15,0.6015999999999999,0.95149,0.0,62.48218,36.6,0.0
2026-08-02T17:03:45Z,2027-06-25,327,30000.0,P,0.0135,0.0155,0.0145,65608.87,63127.15,0.6015999999999999,-0.04851,0.0,62.48218,305.3,2.1
2026-08-02T17:03:45Z,2027-06-25,327,40000.0,C,0.4185,0.4225,0.4205,65609.27,63127.15,0.5152,0.896,1e-05,112.07606,17.0,0.0
2026-08-02T17:03:45Z,2027-06-25,327,40000.0,P,0.0295,0.0305,0.0302,65608.87,63127.15,0.5152,-0.104,1e-05,112.07714,486.6,0.3
2026-08-02T17:03:45Z,2027-06-25,327,45000.0,C,0.3555,0.3595,0.3581,65608.87,63127.15,0.48840000000000006,0.85247,1e-05,143.10759,0.6,0.0
2026-08-02T17:03:45Z,2027-06-25,327,45000.0,P,0.0425,0.0455,0.044,65609.27,63127.15,0.48840000000000006,-0.14752,1e-05,143.10649,235.7,0.0
2026-08-02T17:03:45Z,2027-06-25,327,50000.0,C,0.2975,0.3015,0.3004,65609.27,63127.15,0.46659999999999996,0.79849,1e-05,174.54144,17.0,0.0
2026-08-02T17:03:45Z,2027-06-25,327,50000.0,P,0.061,0.064,0.0625,65609.27,63127.15,0.46659999999999996,-0.20151,1e-05,174.54144,284.2,0.1
2026-08-02T17:03:45Z,2027-06-25,327,52000.0,C,0.276,0.28,0.2789,65609.19,63127.15,0.4592,0.77409,1e-05,186.56569,0.7,0.0
2026-08-02T17:03:45Z,2027-06-25,327,52000.0,P,0.07,0.073,0.0715,65609.19,63127.15,0.4592,-0.22591,1e-05,186.56569,18.3,0.0
2026-08-02T17:03:45Z,2027-06-25,327,54000.0,C,0.2555,0.2595,0.2584,65609.27,63127.15,0.4525,0.74823,1e-05,197.96182,0.7,0.0
2026-08-02T17:03:45Z,2027-06-25,327,54000.0,P,0.08,0.083,0.0814,65609.19,63127.15,0.4525,-0.25177,1e-05,197.96195,17.9,0.0
2026-08-02T17:03:45Z,2027-06-25,327,55000.0,C,0.246,0.2495,0.2485,65609.27,63127.15,0.4497,0.73478,1e-05,203.37347,0.4,0.0
2026-08-02T17:03:45Z,2027-06-25,327,55000.0,P,0.0855,0.0885,0.0869,65609.27,63127.15,0.4497,-0.26522,1e-05,203.37347,7.4,0.0
2026-08-02T17:03:45Z,2027-06-25,327,56000.0,C,0.2365,0.24,0.239,65609.27,63127.15,0.447,0.72105,1e-05,208.54308,2.0,0.0
2026-08-02T17:03:45Z,2027-06-25,327,56000.0,P,0.091,0.094,0.0925,65609.19,63127.15,0.447,-0.27895,1e-05,208.54317,41.6,0.0
2026-08-02T17:03:45Z,2027-06-25,327,58000.0,C,0.218,0.2215,0.2205,65609.27,63127.15,0.44179999999999997,0.69285,1e-05,218.07575,4.8,0.0
2026-08-02T17:03:45Z,2027-06-25,327,58000.0,P,0.103,0.106,0.1046,65609.27,63127.15,0.44179999999999997,-0.30715,1e-05,218.07575,15.5,0.0
2026-08-02T17:03:45Z,2027-06-25,327,60000.0,C,0.2005,0.204,0.2031,65609.27,63127.15,0.4371,0.66381,1e-05,226.42203,943.4,0.0
2026-08-02T17:03:45Z,2027-06-25,327,60000.0,P,0.116,0.119,0.1177,65609.19,63127.15,0.4371,-0.33619,1e-05,226.42204,74.6,1.0
2026-08-02T17:03:45Z,2027-06-25,327,62000.0,C,0.185,0.1875,0.1863,65609.27,63127.15,0.43170000000000003,0.6341,1e-05,233.47644,94.2,0.0
2026-08-02T17:03:45Z,2027-06-25,327,62000.0,P,0.1305,0.1335,0.1313,65609.19,63127.15,0.43170000000000003,-0.3659,1e-05,233.4764,37.9,0.0
2026-08-02T17:03:45Z,2027-06-25,327,64000.0,C,0.17,0.1725,0.1711,65609.19,63127.15,0.4282,0.60405,1e-05,239.13049,18.0,0.2
2026-08-02T17:03:45Z,2027-06-25,327,64000.0,P,0.1455,0.149,0.1466,65609.19,63127.15,0.4282,-0.39595,1e-05,239.13049,13.9,0.1
2026-08-02T17:03:45Z,2027-06-25,327,66000.0,C,0.1555,0.1585,0.1569,65609.19,63127.15,0.4252,0.57392,1e-05,243.3375,23.7,0.0
2026-08-02T17:03:45Z,2027-06-25,327,66000.0,P,0.162,0.165,0.1629,65609.19,63127.15,0.4252,-0.42608,1e-05,243.3375,31.5,0.0
2026-08-02T17:03:45Z,2027-06-25,327,68000.0,C,0.142,0.145,0.1436,65609.19,63127.15,0.42219999999999996,0.54382,2e-05,246.10495,9.8,0.0
2026-08-02T17:03:45Z,2027-06-25,327,68000.0,P,0.179,0.1825,0.18,65609.19,63127.15,0.42219999999999996,-0.45618,2e-05,246.10495,8.1,0.0
2026-08-02T17:03:45Z,2027-06-25,327,70000.0,C,0.13,0.1325,0.1313,65609.27,63127.15,0.41969999999999996,0.51411,2e-05,247.4457,186.4,0.0
2026-08-02T17:03:45Z,2027-06-25,327,70000.0,P,0.1965,0.202,0.1982,65609.19,63127.15,0.41969999999999996,-0.48589,2e-05,247.44543,9.5,0.0
2026-08-02T17:03:45Z,2027-06-25,327,72000.0,C,0.1185,0.121,0.12,65609.27,63127.15,0.41759999999999997,0.48494,2e-05,247.4242,13.9,0.0
2026-08-02T17:03:45Z,2027-06-25,327,72000.0,P,0.2155,0.221,0.2174,65609.19,63127.15,0.41759999999999997,-0.51506,2e-05,247.42387,1.3,0.0
2026-08-02T17:03:45Z,2027-06-25,327,74000.0,C,0.1085,0.1105,0.1095,65609.19,63127.15,0.4158,0.45647,2e-05,246.12479,13.0,0.3
2026-08-02T17:03:45Z,2027-06-25,327,74000.0,P,0.2355,0.2415,0.2374,65609.19,63127.15,0.4158,-0.54353,2e-05,246.12479,0.1,0.0
2026-08-02T17:03:45Z,2027-06-25,327,76000.0,C,0.0985,0.101,0.0998,65609.27,63127.15,0.414,0.42874,2e-05,243.63959,13.8,0.0
2026-08-02T17:03:45Z,2027-06-25,327,76000.0,P,0.256,0.2625,0.2582,65609.27,63127.15,0.414,-0.57126,2e-05,243.63959,0.2,0.0
2026-08-02T17:03:45Z,2027-06-25,327,78000.0,C,0.09,0.092,0.0909,65609.19,63127.15,0.41229999999999994,0.40185,2e-05,240.06816,9.0,0.0
2026-08-02T17:03:45Z,2027-06-25,327,78000.0,P,0.2775,0.284,0.2798,65609.27,63127.15,0.41229999999999994,-0.59815,2e-05,240.06864,0.4,0.0
2026-08-02T17:03:45Z,2027-06-25,327,80000.0,C,0.082,0.084,0.0829,65609.19,63127.15,0.4113,0.3763,1e-05,235.60087,63.6,0.0
2026-08-02T17:03:45Z,2027-06-25,327,80000.0,P,0.3,0.3075,0.3022,65609.19,63127.15,0.4113,-0.6237,1e-05,235.60087,0.5,0.0
2026-08-02T17:03:45Z,2027-06-25,327,82000.0,C,0.0745,0.0765,0.0754,65609.19,63127.15,0.41009999999999996,0.35168,1e-05,230.28541,23.4,0.0
2026-08-02T17:03:45Z,2027-06-25,327,82000.0,P,0.323,0.33,0.3253,65609.27,63127.15,0.41009999999999996,-0.64832,1e-05,230.28596,0.2,0.0
2026-08-02T17:03:45Z,2027-06-25,327,84000.0,C,0.0675,0.07,0.0688,65609.19,63127.15,0.4096,0.32849,1e-05,224.3508,2.2,0.1
2026-08-02T17:03:45Z,2027-06-25,327,84000.0,P,0.3465,0.3885,0.3491,65609.27,63127.15,0.4096,-0.67151,1e-05,224.35138,0.1,0.0
2026-08-02T17:03:45Z,2027-06-25,327,85000.0,C,0.0645,0.0665,0.0655,65609.19,63127.15,0.40880000000000005,0.31695,1e-05,221.0548,7.6,0.1
2026-08-02T17:03:45Z,2027-06-25,327,85000.0,P,0.3585,0.435,0.3611,65609.19,63127.15,0.40880000000000005,-0.68305,1e-05,221.0548,5.5,0.0
2026-08-02T17:03:45Z,2027-06-25,327,86000.0,C,0.0615,0.0635,0.0625,65609.27,63127.15,0.40850000000000003,0.30606,1e-05,217.73379,2.2,0.0
2026-08-02T17:03:45Z,2027-06-25,327,86000.0,P,0.34,0.395,0.3733,65609.19,63127.15,0.40850000000000003,-0.69394,1e-05,217.73314,0.1,0.0
2026-08-02T17:03:45Z,2027-06-25,327,88000.0,C,0.056,0.058,0.057,65609.27,63127.15,0.4082,0.28523,1e-05,210.79022,2.9,0.0
2026-08-02T17:03:45Z,2027-06-25,327,88000.0,P,0.3955,0.473,0.3983,65609.27,63127.15,0.4082,-0.71477,1e-05,210.79022,0.1,0.0
2026-08-02T17:03:45Z,2027-06-25,327,90000.0,C,0.051,0.053,0.052,65609.19,63127.15,0.408,0.26569,1e-05,203.55604,77.8,0.0
2026-08-02T17:03:45Z,2027-06-25,327,90000.0,P,0.4205,0.47,0.4238,65609.19,63127.15,0.408,-0.73431,1e-05,203.55604,0.4,0.0
2026-08-02T17:03:45Z,2027-06-25,327,92000.0,C,0.0465,0.049,0.0476,65609.27,63127.15,0.40869999999999995,0.24793,1e-05,196.35318,3.3,0.0
2026-08-02T17:03:45Z,2027-06-25,327,92000.0,P,0.4135,0.4695,0.4499,65609.19,63127.15,0.40869999999999995,-0.75207,1e-05,196.35276,0.1,0.0
2026-08-02T17:03:45Z,2027-06-25,327,95000.0,C,0.0405,0.0425,0.0416,65609.27,63127.15,0.4089,0.22255,1e-05,184.98441,16.8,0.0
2026-08-02T17:03:45Z,2027-06-25,327,95000.0,P,0.4535,0.5125,0.4895,65609.19,63127.15,0.4089,-0.77745,1e-05,184.9839,20.1,0.0
2026-08-02T17:03:45Z,2027-06-25,327,100000.0,C,0.032,0.0345,0.0332,65609.27,63127.15,0.4096,0.18568,1e-05,166.04774,64.1,0.0
2026-08-02T17:03:45Z,2027-06-25,327,100000.0,P,0.5535,0.638,0.5574,65609.27,63127.15,0.4096,-0.81432,1e-05,166.04774,0.1,0.0
2026-08-02T17:03:45Z,2027-06-25,327,105000.0,C,0.026,0.028,0.027,65609.19,63127.15,0.4121,0.15592,1e-05,148.47044,64.4,0.1
2026-08-02T17:03:45Z,2027-06-25,327,105000.0,P,0.623,0.709,0.6274,65609.19,63127.15,0.4121,-0.84408,1e-05,148.47044,0.1,0.0
2026-08-02T17:03:45Z,2027-06-25,327,110000.0,C,0.0205,0.023,0.0219,65609.27,63127.15,0.4142,0.13071,1e-05,131.79024,169.9,8.0
2026-08-02T17:03:45Z,2027-06-25,327,110000.0,P,0.6605,0.7185,0.6985,65609.19,63127.15,0.4142,-0.86929,1e-05,131.78879,0.3,0.0
2026-08-02T17:03:45Z,2027-06-25,327,120000.0,C,0.0135,0.0145,0.0142,65609.27,63127.15,0.41609999999999997,0.09062,1e-05,101.30487,107.1,0.2
2026-08-02T17:03:45Z,2027-06-25,327,120000.0,P,0.839,0.924,0.8433,65609.27,63127.15,0.41609999999999997,-0.90938,1e-05,101.30487,0.1,0.0
2026-08-02T17:03:45Z,2027-06-25,327,130000.0,C,0.0095,0.011,0.0102,65609.27,63127.15,0.4254,0.06708,0.0,80.63517,80.7,0.0
2026-08-02T17:03:45Z,2027-06-25,327,130000.0,P,0.9485,1.0805,0.9917,65609.19,63127.15,0.4254,-0.93292,0.0,80.63479,0.1,0.0
2026-08-02T17:03:45Z,2027-06-25,327,140000.0,C,0.0065,0.008,0.0072,65609.19,63127.15,0.43119999999999997,0.04904,0.0,63.02281,205.8,0.0
2026-08-02T17:03:45Z,2027-06-25,327,140000.0,P,1.0645,1.2335,1.1411,65609.19,63127.15,0.43119999999999997,-0.95096,0.0,63.02281,0.0,0.0
2026-08-02T17:03:45Z,2027-06-25,327,150000.0,C,0.0055,0.006,0.0055,65609.19,63127.15,0.4411,0.03812,0.0,51.4313,88.0,0.4
2026-08-02T17:03:45Z,2027-06-25,327,150000.0,P,1.2105,1.388,1.2918,65609.27,63127.15,0.4411,-0.96188,0.0,51.43163,0.0,0.0
2026-08-02T17:03:45Z,2027-06-25,327,160000.0,C,0.0037,0.0046,0.0041,65609.19,63127.15,0.4474,0.02908,0.0,41.14829,513.3,0.0
2026-08-02T17:03:45Z,2027-06-25,327,160000.0,P,1.358,1.543,1.4428,65609.19,63127.15,0.4474,-0.97092,0.0,41.14829,0.0,0.0
2026-08-02T17:03:45Z,2027-06-25,327,170000.0,C,0.0029,0.0037,0.0033,65609.19,63127.15,0.45630000000000004,0.02329,0.0,34.18001,18.9,0.0
2026-08-02T17:03:45Z,2027-06-25,327,170000.0,P,1.505,1.699,1.5944,65609.19,63127.15,0.45630000000000004,-0.97671,0.0,34.18001,14.6,0.0
