snapshot_ts,expiry,days_to_expiry,strike,option_type,bid,ask,mark_price,forward_price,index_price,implied_vol,delta,gamma,vega,open_interest,volume_24h
2026-10-10T19:53:59Z,2026-10-11,1,73000.0,C,0.1185,0.1225,0.1204,82991.52,82992.27,0.7441,1.0,0.0,0.00025,0.0,0.0
2026-10-10T19:53:59Z,2026-10-11,1,73000.0,P,0.0,0.0001,0.0,82991.16,82992.27,0.7441,0.0,0.0,0.00025,26.6,0.0
2026-10-10T19:53:59Z,2026-10-11,1,74000.0,C,0.1055,0.111,0.1083,82991.52,82992.27,0.67,1.0,0.0,0.00029,0.0,0.0
2026-10-10T19:53:59Z,2026-10-11,1,74000.0,P,0.0,0.0001,0.0,82991.16,82992.27,0.67,0.0,0.0,0.00029,13.9,0.0
2026-10-10T19:53:59Z,2026-10-11,1,75000.0,C,0.0935,0.099,0.0963,82991.16,82992.27,0.6109,1.0,0.0,0.00056,0.0,0.0
2026-10-10T19:53:59Z,2026-10-11,1,75000.0,P,0.0,0.0001,0.0,82991.52,82992.27,0.6109,0.0,0.0,0.00056,16.5,0.0
2026-10-10T19:53:59Z,2026-10-11,1,76000.0,C,0.0815,0.087,0.0842,82991.16,82992.27,0.6037,0.99996,0.0,0.00537,0.0,0.0
2026-10-10T19:53:59Z,2026-10-11,1,76000.0,P,0.0,0.0001,0.0,82991.16,82992.27,0.6037,-4e-05,0.0,0.00537,27.7,1.0
2026-10-10T19:53:59Z,2026-10-11,1,77000.0,C,0.0695,0.075,0.0722,82991.16,82992.27,0.5854,0.99972,0.0,0.03148,0.0,0.0
2026-10-10T19:53:59Z,2026-10-11,1,77000.0,P,0.0,0.0001,0.0,82991.16,82992.27,0.5854,-0.00028,0.0,0.03148,40.2,9.6
2026-10-10T19:53:59Z,2026-10-11,1,78000.0,C,0.0575,0.063,0.0601,82991.16,82992.27,0.49310000000000004,0.99966,0.0,0.03884,0.0,0.0
2026-10-10T19:53:59Z,2026-10-11,1,78000.0,P,0.0,0.0001,0.0,82991.16,82992.27,0.49310000000000004,-0.00034,0.0,0.03884,96.0,3.1
2026-10-10T19:53:59Z,2026-10-11,1,79000.0,C,0.0455,0.051,0.0481,82991.52,82992.27,0.4752,0.99744,1e-05,0.24425,0.0,0.0
2026-10-10T19:53:59Z,2026-10-11,1,79000.0,P,0.0,0.0001,0.0,82991.16,82992.27,0.4752,-0.00256,1e-05,0.24442,109.2,43.4
2026-10-10T19:53:59Z,2026-10-11,1,79500.0,C,0.0395,0.045,0.0421,82991.52,82992.27,0.45549999999999996,0.99457,1e-05,0.47968,0.0,0.0
2026-10-10T19:53:59Z,2026-10-11,1,79500.0,P,0.0,0.0001,0.0,82991.52,82992.27,0.45549999999999996,-0.00543,1e-05,0.47968,65.3,2.2
2026-10-10T19:53:59Z,2026-10-11,1,80000.0,C,0.0335,0.039,0.0361,82991.16,82992.27,0.4278,0.98974,2e-05,0.84078,0.0,0.0
2026-10-10T19:53:59Z,2026-10-11,1,80000.0,P,0.0,0.0001,0.0001,82991.52,82992.27,0.4278,-0.01025,2e-05,0.84025,613.0,20.5
2026-10-10T19:53:59Z,2026-10-11,1,80500.0,C,0.0285,0.0315,0.0301,82991.52,82992.27,0.3779,0.98527,3e-05,1.15023,34.6,0.0
2026-10-10T19:53:59Z,2026-10-11,1,80500.0,P,0.0,0.0002,0.0001,82991.52,82992.27,0.3779,-0.01473,3e-05,1.15023,492.2,21.7
2026-10-10T19:53:59Z,2026-10-11,1,81000.0,C,0.0225,0.0255,0.024,82991.16,82992.27,0.2949,0.98682,4e-05,1.04456,32.4,0.0
2026-10-10T19:53:59Z,2026-10-11,1,81000.0,P,0.0,0.0002,0.0001,82991.29,82992.27,0.2949,-0.01317,4e-05,1.04423,103.4,27.0
2026-10-10T19:53:59Z,2026-10-11,1,81500.0,C,0.0165,0.02,0.0182,82991.16,82992.27,0.28350000000000003,0.95782,0.0001,2.77459,14.8,0.0
2026-10-10T19:53:59Z,2026-10-11,1,81500.0,P,0.0001,0.0002,0.0002,82991.16,82992.27,0.28350000000000003,-0.04218,0.0001,2.77459,113.2,44.0
2026-10-10T19:53:59Z,2026-10-11,1,82000.0,C,0.011,0.014,0.0121,82991.16,82992.27,0.20559999999999998,0.94251,0.00018,3.55299,19.3,0.0
2026-10-10T19:53:59Z,2026-10-11,1,82000.0,P,0.0001,0.0003,0.0002,82991.29,82992.27,0.20559999999999998,-0.05747,0.00018,3.55185,237.1,26.0
2026-10-10T19:53:59Z,2026-10-11,1,82500.0,C,0.0055,0.0075,0.0064,82991.16,82992.27,0.1553,0.84876,0.00049,7.23104,57.1,11.2
2026-10-10T19:53:59Z,2026-10-11,1,82500.0,P,0.0003,0.0005,0.0005,82991.16,82992.27,0.1553,-0.1512,0.00049,7.22969,114.8,21.5
2026-10-10T19:53:59Z,2026-10-11,1,83000.0,C,0.0021,0.0024,0.0023,82991.16,82992.27,0.1565,0.49385,0.00083,12.30357,242.8,12.0
2026-10-10T19:53:59Z,2026-10-11,1,83000.0,P,0.0019,0.0025,0.0024,82991.29,82992.27,0.1565,-0.50604,0.00083,12.30364,32.1,11.1
2026-10-10T19:53:59Z,2026-10-11,1,83500.0,C,0.0005,0.0008,0.0006,82991.29,82992.27,0.17629999999999998,0.17641,0.00048,7.99134,91.3,25.2
2026-10-10T19:53:59Z,2026-10-11,1,83500.0,P,0.006,0.0075,0.0067,82991.16,82992.27,0.17629999999999998,-0.82365,0.00048,7.98955,24.9,0.1
2026-10-10T19:53:59Z,2026-10-11,1,84000.0,C,0.0001,0.0003,0.0002,82991.29,82992.27,0.2147,0.06548,0.00019,3.93331,134.6,52.8
2026-10-10T19:53:59Z,2026-10-11,1,84000.0,P,0.0095,0.0145,0.0124,82991.29,82992.27,0.2147,-0.93452,0.00019,3.93331,0.4,0.0
2026-10-10T19:53:59Z,2026-10-11,1,84500.0,C,0.0001,0.0002,0.0001,82991.29,82992.27,0.2664,0.03481,9e-05,2.37251,138.2,42.5
2026-10-10T19:53:59Z,2026-10-11,1,84500.0,P,0.0155,0.0205,0.0183,82991.29,82992.27,0.2664,-0.96519,9e-05,2.37251,0.7,0.4
2026-10-10T19:53:59Z,2026-10-11,1,85000.0,C,0.0,0.0001,0.0,82991.32,82992.27,0.2853,0.01222,4e-05,0.97851,68.8,4.5
2026-10-10T19:53:59Z,2026-10-11,1,85000.0,P,0.022,0.027,0.0242,82990.84,82992.27,0.2853,-0.9878,4e-05,0.97731,0.0,0.0
2026-10-10T19:53:59Z,2026-10-11,1,85500.0,C,0.0,0.0001,0.0,82990.84,82992.27,0.3357,0.00863,2e-05,0.72242,109.9,17.0
2026-10-10T19:53:59Z,2026-10-11,1,85500.0,P,0.028,0.033,0.0303,82991.32,82992.27,0.3357,-0.99136,2e-05,0.72322,0.1,0.1
2026-10-10T19:53:59Z,2026-10-11,1,86000.0,C,0.0,0.0001,0.0,82991.32,82992.27,0.35350000000000004,0.00343,1e-05,0.31796,91.9,0.0
2026-10-10T19:53:59Z,2026-10-11,1,86000.0,P,0.034,0.039,0.0363,82990.84,82992.27,0.35350000000000004,-0.99658,1e-05,0.31758,0.0,0.0
2026-10-10T19:53:59Z,2026-10-11,1,86500.0,C,0.0,0.0001,0.0,82991.32,82992.27,0.35350000000000004,0.00083,0.0,0.08748,66.3,0.0
2026-10-10T19:53:59Z,2026-10-11,1,86500.0,P,0.04,0.045,0.0423,82991.32,82992.27,0.35350000000000004,-0.99917,0.0,0.08748,0.0,0.0
2026-10-10T19:53:59Z,2026-10-11,1,87000.0,C,0.0,0.0001,0.0,82990.84,82992.27,0.35350000000000004,0.00017,0.0,0.01996,93.6,0.0
2026-10-10T19:53:59Z,2026-10-11,1,87000.0,P,0.046,0.051,0.0483,82991.32,82992.27,0.35350000000000004,-0.99983,0.0,0.01999,0.0,0.0
2026-10-10T19:53:59Z,2026-10-11,1,88000.0,C,0.0,0.0001,0.0,82990.84,82992.27,0.35359999999999997,0.0,0.0,0.00061,19.3,0.0
2026-10-10T19:53:59Z,2026-10-11,1,88000.0,P,0.058,0.063,0.0603,82990.84,82992.27,0.35359999999999997,-1.0,0.0,0.00061,0.0,0.0
2026-10-10T19:53:59Z,2026-10-11,1,89000.0,C,0.0,0.0001,0.0,82990.84,82992.27,0.3971,0.0,0.0,0.00017,24.9,0.0
2026-10-10T19:53:59Z,2026-10-11,1,89000.0,P,0.0695,0.0745,0.0724,82991.32,82992.27,0.3971,-1.0,0.0,0.00017,0.0,0.0
2026-10-10T19:53:59Z,2026-10-11,1,90000.0,C,0.0,0.0001,0.0,82991.32,82992.27,0.4526,0.0,0.0,0.00012,2.5,0.0
2026-10-10T19:53:59Z,2026-10-11,1,90000.0,P,0.0815,0.0865,0.0844,82991.32,82992.27,0.4526,-1.0,0.0,0.00012,0.0,0.0
2026-10-10T19:53:59Z,2026-10-11,1,91000.0,C,0.0,0.0001,0.0,82991.32,82992.27,0.4603,0.0,0.0,1e-05,2.4,0.0
2026-10-10T19:53:59Z,2026-10-11,1,91000.0,P,0.0935,0.0985,0.0965,82991.32,82992.27,0.4603,-1.0,0.0,1e-05,0.0,0.0
2026-10-10T19:53:59Z,2026-10-11,1,92000.0,C,0.0,0.0001,0.0,82991.32,82992.27,0.4603,0.0,0.0,0.0,0.0,0.0
2026-10-10T19:53:59Z,2026-10-11,1,92000.0,P,0.1055,0.112,0.1086,82990.84,82992.27,0.4603,-1.0,0.0,0.0,0.0,0.0
2026-10-10T19:53:59Z,2026-10-11,1,93000.0,C,0.0,0.0001,0.0,82990.84,82992.27,0.4603,0.0,0.0,0.0,0.0,0.0
2026-10-10T19:53:59Z,2026-10-11,1,93000.0,P,0.1175,0.123,0.1206,82990.49,82992.27,0.4603,-1.0,0.0,0.0,0.0,0.0
2026-10-10T19:53:59Z,2026-10-11,1,94000.0,C,0.0,0.0001,0.0,82990.84,82992.27,0.4603,0.0,0.0,0.0,0.0,0.0
2026-10-10T19:53:59Z,2026-10-11,1,94000.0,P,0.1295,0.135,0.1327,82990.84,82992.27,0.4603,-1.0,0.0,0.0,0.0,0.0
2026-10-10T19:53:59Z,2026-10-12,2,72000.0,C,0.13,0.1345,0.1326,83009.57,82992.27,0.6433,0.99974,0.0,0.05228,0.0,0.0
2026-10-10T19:53:59Z,2026-10-12,2,72000.0,P,0.0,0.0001,0.0,83009.57,82992.27,0.6433,-0.00026,0.0,0.05228,13.2,0.0
2026-10-10T19:53:59Z,2026-10-12,2,73000.0,C,0.118,0.1225,0.1206,83009.57,82992.27,0.6065999999999999,0.99955,0.0,0.08611,0.0,0.0
2026-10-10T19:53:59Z,2026-10-12,2,73000.0,P,0.0,0.0001,0.0,83009.57,82992.27,0.6065999999999999,-0.00045,0.0,0.08611,26.0,0.0
2026-10-10T19:53:59Z,2026-10-12,2,74000.0,C,0.106,0.1105,0.1086,83009.57,82992.27,0.6032,0.99859,0.0,0.24599,0.0,0.0
2026-10-10T19:53:59Z,2026-10-12,2,74000.0,P,0.0,0.0001,0.0,83009.57,82992.27,0.6032,-0.00141,0.0,0.24599,1.4,0.5
2026-10-10T19:53:59Z,2026-10-12,2,75000.0,C,0.094,0.099,0.0965,83009.57,82992.27,0.5461,0.9982,0.0,0.30627,0.0,0.0
2026-10-10T19:53:59Z,2026-10-12,2,75000.0,P,0.0,0.0001,0.0,83009.57,82992.27,0.5461,-0.0018,0.0,0.30627,1.3,2.0
2026-10-10T19:53:59Z,2026-10-12,2,76000.0,C,0.0815,0.087,0.0845,83009.57,82992.27,0.4874,0.99771,0.0,0.38203,0.0,0.0
2026-10-10T19:53:59Z,2026-10-12,2,76000.0,P,0.0,0.0001,0.0,83009.57,82992.27,0.4874,-0.00229,0.0,0.38203,0.7,0.1
2026-10-10T19:53:59Z,2026-10-12,2,77000.0,C,0.0695,0.075,0.0725,83009.57,82992.27,0.4758,0.99335,1e-05,0.9924,0.0,0.0
2026-10-10T19:53:59Z,2026-10-12,2,77000.0,P,0.0,0.0001,0.0001,83009.57,82992.27,0.4758,-0.00665,1e-05,0.9924,11.6,6.7
2026-10-10T19:53:59Z,2026-10-12,2,78000.0,C,0.0575,0.0625,0.0604,83009.57,82992.27,0.4204,0.98982,1e-05,1.44201,0.0,0.0
2026-10-10T19:53:59Z,2026-10-12,2,78000.0,P,0.0,0.0002,0.0001,83009.57,82992.27,0.4204,-0.01018,1e-05,1.44201,69.1,12.3
2026-10-10T19:53:59Z,2026-10-12,2,78500.0,C,0.0515,0.0565,0.0544,83009.57,82992.27,0.391,0.98739,2e-05,1.73756,0.0,0.0
2026-10-10T19:53:59Z,2026-10-12,2,78500.0,P,0.0,0.0002,0.0001,83009.57,82992.27,0.391,-0.01261,2e-05,1.73756,28.7,10.6
2026-10-10T19:53:59Z,2026-10-12,2,79000.0,C,0.0455,0.0505,0.0485,83009.23,82992.27,0.36579999999999996,0.98299,2e-05,2.24731,0.0,0.0
2026-10-10T19:53:59Z,2026-10-12,2,79000.0,P,0.0001,0.0002,0.0001,83009.23,82992.27,0.36579999999999996,-0.01701,2e-05,2.24731,53.8,12.4
2026-10-10T19:53:59Z,2026-10-12,2,79500.0,C,0.0395,0.0445,0.0425,83009.23,82992.27,0.3361,0.97792,3e-05,2.80578,0.0,0.0
2026-10-10T19:53:59Z,2026-10-12,2,79500.0,P,0.0001,0.0003,0.0002,83009.23,82992.27,0.3361,-0.02208,3e-05,2.80578,6.0,1.9
2026-10-10T19:53:59Z,2026-10-12,2,80000.0,C,0.035,0.038,0.0365,83009.23,82992.27,0.3114,0.96835,4e-05,3.79006,21.7,0.0
2026-10-10T19:53:59Z,2026-10-12,2,80000.0,P,0.0002,0.0003,0.0002,83009.23,82992.27,0.3114,-0.03165,4e-05,3.79006,103.8,2.5
2026-10-10T19:53:59Z,2026-10-12,2,80500.0,C,0.029,0.032,0.0305,83009.23,82992.27,0.2757,0.95933,6e-05,4.6542,40.5,0.0
2026-10-10T19:53:59Z,2026-10-12,2,80500.0,P,0.0002,0.0004,0.0003,83009.23,82992.27,0.2757,-0.04067,6e-05,4.6542,83.0,6.0
2026-10-10T19:53:59Z,2026-10-12,2,81000.0,C,0.023,0.0265,0.0247,83009.23,82992.27,0.252,0.93607,9e-05,6.66979,37.7,0.2
2026-10-10T19:53:59Z,2026-10-12,2,81000.0,P,0.0004,0.0005,0.0005,83009.23,82992.27,0.252,-0.06393,9e-05,6.66979,67.7,24.4
2026-10-10T19:53:59Z,2026-10-12,2,81500.0,C,0.017,0.0205,0.0189,83009.23,82992.27,0.2261,0.89826,0.00015,9.47032,28.7,0.0
2026-10-10T19:53:59Z,2026-10-12,2,81500.0,P,0.0006,0.0008,0.0007,83009.23,82992.27,0.2261,-0.10174,0.00015,9.47032,35.7,13.1
2026-10-10T19:53:59Z,2026-10-12,2,82000.0,C,0.0115,0.0155,0.0135,83009.23,82992.27,0.2089,0.82087,0.00023,13.94008,28.4,0.0
2026-10-10T19:53:59Z,2026-10-12,2,82000.0,P,0.0012,0.0014,0.0013,83009.23,82992.27,0.2089,-0.17913,0.00023,13.94008,26.5,19.1
2026-10-10T19:53:59Z,2026-10-12,2,82500.0,C,0.008,0.0095,0.0088,83009.23,82992.27,0.20129999999999998,0.6853,0.00033,18.92214,7.8,0.1
2026-10-10T19:53:59Z,2026-10-12,2,82500.0,P,0.0024,0.0027,0.0026,83009.23,82992.27,0.20129999999999998,-0.3147,0.00033,18.92214,15.4,1.3
2026-10-10T19:53:59Z,2026-10-12,2,83000.0,C,0.005,0.0055,0.0053,83009.23,82992.27,0.2047,0.506,0.00037,21.25636,110.1,14.9
2026-10-10T19:53:59Z,2026-10-12,2,83000.0,P,0.0047,0.0055,0.0052,83009.23,82992.27,0.2047,-0.494,0.00037,21.25636,36.2,2.0
2026-10-10T19:53:59Z,2026-10-12,2,83500.0,C,0.0028,0.0032,0.0029,83009.23,82992.27,0.2095,0.33302,0.00033,19.36825,90.6,1.5
2026-10-10T19:53:59Z,2026-10-12,2,83500.0,P,0.008,0.0095,0.0088,83009.87,82992.27,0.2095,-0.66677,0.00033,19.37328,21.0,0.0
2026-10-10T19:53:59Z,2026-10-12,2,84000.0,C,0.0015,0.0018,0.0016,83009.87,82992.27,0.2206,0.20322,0.00024,15.06193,141.6,9.0
2026-10-10T19:53:59Z,2026-10-12,2,84000.0,P,0.0125,0.0145,0.0135,83009.87,82992.27,0.2206,-0.79678,0.00024,15.06193,0.0,0.0
2026-10-10T19:53:59Z,2026-10-12,2,84500.0,C,0.0008,0.001,0.0009,83009.87,82992.27,0.2341,0.11974,0.00016,10.64363,353.1,19.8
2026-10-10T19:53:59Z,2026-10-12,2,84500.0,P,0.016,0.021,0.0188,83009.87,82992.27,0.2341,-0.88026,0.00016,10.64363,4.0,0.0
2026-10-10T19:53:59Z,2026-10-12,2,85000.0,C,0.0005,0.0006,0.0005,83009.87,82992.27,0.2504,0.07136,0.0001,7.26166,281.3,53.7
2026-10-10T19:53:59Z,2026-10-12,2,85000.0,P,0.023,0.0265,0.0245,83009.87,82992.27,0.2504,-0.92864,0.0001,7.26166,9.3,2.0
2026-10-10T19:53:59Z,2026-10-12,2,85500.0,C,0.0003,0.0004,0.0004,83009.87,82992.27,0.2755,0.04821,7e-05,5.3383,144.4,6.2
2026-10-10T19:53:59Z,2026-10-12,2,85500.0,P,0.028,0.0325,0.0304,83009.87,82992.27,0.2755,-0.95179,7e-05,5.3383,0.0,0.0
2026-10-10T19:53:59Z,2026-10-12,2,86000.0,C,0.0001,0.0003,0.0002,83009.87,82992.27,0.2824,0.026,4e-05,3.21851,118.0,10.9
2026-10-10T19:53:59Z,2026-10-12,2,86000.0,P,0.0335,0.0385,0.0362,83009.87,82992.27,0.2824,-0.974,4e-05,3.21851,0.0,0.0
2026-10-10T19:53:59Z,2026-10-12,2,87000.0,C,0.0,0.0002,0.0,83009.87,82992.27,0.3004,0.00765,1e-05,1.12318,54.5,1.7
2026-10-10T19:53:59Z,2026-10-12,2,87000.0,P,0.0455,0.0505,0.0481,83009.87,82992.27,0.3004,-0.99235,1e-05,1.12318,0.0,0.0
2026-10-10T19:53:59Z,2026-10-12,2,88000.0,C,0.0,0.0001,0.0,83009.87,82992.27,0.3207,0.00236,0.0,0.39236,94.5,0.4
2026-10-10T19:53:59Z,2026-10-12,2,88000.0,P,0.0575,0.0625,0.0601,83009.87,82992.27,0.3207,-0.99764,0.0,0.39236,0.0,0.0
2026-10-10T19:53:59Z,2026-10-12,2,89000.0,C,0.0,0.0001,0.0,83009.87,82992.27,0.3292,0.00051,0.0,0.09598,63.0,0.0
2026-10-10T19:53:59Z,2026-10-12,2,89000.0,P,0.07,0.0745,0.0722,83009.87,82992.27,0.3292,-0.99949,0.0,0.09598,0.0,0.0
2026-10-10T19:53:59Z,2026-10-12,2,90000.0,C,0.0,0.0001,0.0,83009.87,82992.27,0.37,0.00035,0.0,0.06739,0.3,0.0
2026-10-10T19:53:59Z,2026-10-12,2,90000.0,P,0.082,0.0865,0.0842,83009.87,82992.27,0.37,-0.99965,0.0,0.06739,0.0,0.0
2026-10-10T19:53:59Z,2026-10-12,2,91000.0,C,0.0,0.0001,0.0,83009.87,82992.27,0.4075,0.00023,0.0,0.04654,0.0,0.0
2026-10-10T19:53:59Z,2026-10-12,2,91000.0,P,0.094,0.0985,0.0963,83009.85,82992.27,0.4075,-0.99977,0.0,0.04654,0.0,0.0
2026-10-10T19:53:59Z,2026-10-12,2,92000.0,C,0.0,0.0001,0.0,83009.85,82992.27,0.4092,5e-05,0.0,0.01051,0.0,0.0
2026-10-10T19:53:59Z,2026-10-12,2,92000.0,P,0.106,0.1105,0.1083,83009.85,82992.27,0.4092,-0.99995,0.0,0.01051,0.0,0.0
2026-10-10T19:53:59Z,2026-10-13,3,73000.0,C,0.118,0.1235,0.1208,83021.57,82992.27,0.6039,0.99529,0.0,0.94242,0.0,0.0
2026-10-10T19:53:59Z,2026-10-13,3,73000.0,P,0.0,0.0001,0.0001,83020.62,82992.27,0.6039,-0.00471,0.0,0.94297,5.3,2.5
2026-10-10T19:53:59Z,2026-10-13,3,74000.0,C,0.106,0.1115,0.1087,83021.59,82992.27,0.5561,0.99414,0.0,1.14441,0.0,0.0
2026-10-10T19:53:59Z,2026-10-13,3,74000.0,P,0.0,0.0001,0.0001,83021.59,82992.27,0.5561,-0.00586,0.0,1.14441,8.2,0.2
2026-10-10T19:53:59Z,2026-10-13,3,75000.0,C,0.094,0.0995,0.0967,83020.62,82992.27,0.5216,0.99119,1e-05,1.64091,0.0,0.0
2026-10-10T19:53:59Z,2026-10-13,3,75000.0,P,0.0,0.0002,0.0001,83021.59,82992.27,0.5216,-0.00881,1e-05,1.63988,2.0,0.0
2026-10-10T19:53:59Z,2026-10-13,3,76000.0,C,0.082,0.0875,0.0847,83021.59,82992.27,0.4681,0.98924,1e-05,1.95403,0.0,0.0
2026-10-10T19:53:59Z,2026-10-13,3,76000.0,P,0.0001,0.0002,0.0001,83021.59,82992.27,0.4681,-0.01076,1e-05,1.95403,15.1,0.1
2026-10-10T19:53:59Z,2026-10-13,3,77000.0,C,0.07,0.0755,0.0727,83021.59,82992.27,0.4205,0.98534,1e-05,2.5534,0.0,0.0
2026-10-10T19:53:59Z,2026-10-13,3,77000.0,P,0.0001,0.0003,0.0002,83020.62,82992.27,0.4205,-0.01467,1e-05,2.55524,50.6,0.1
2026-10-10T19:53:59Z,2026-10-13,3,78000.0,C,0.058,0.063,0.0608,83021.59,82992.27,0.38409999999999994,0.97598,2e-05,3.88617,0.0,0.0
2026-10-10T19:53:59Z,2026-10-13,3,78000.0,P,0.0002,0.0004,0.0003,83021.59,82992.27,0.38409999999999994,-0.02402,2e-05,3.88617,0.4,0.1
2026-10-10T19:53:59Z,2026-10-13,3,79000.0,C,0.046,0.051,0.0489,83021.59,82992.27,0.34299999999999997,0.96096,4e-05,5.81009,0.0,0.0
2026-10-10T19:53:59Z,2026-10-13,3,79000.0,P,0.0004,0.0005,0.0005,83020.62,82992.27,0.34299999999999997,-0.03908,4e-05,5.81423,9.8,3.9
2026-10-10T19:53:59Z,2026-10-13,3,79500.0,C,0.0405,0.0455,0.043,83021.59,82992.27,0.32130000000000003,0.9497,5e-05,7.12604,0.0,0.0
2026-10-10T19:53:59Z,2026-10-13,3,79500.0,P,0.0005,0.0007,0.0006,83021.59,82992.27,0.32130000000000003,-0.0503,5e-05,7.12604,21.5,12.8
2026-10-10T19:53:59Z,2026-10-13,3,80000.0,C,0.034,0.0395,0.0372,83020.62,82992.27,0.3039,0.93121,6e-05,9.10978,0.0,0.0
2026-10-10T19:53:59Z,2026-10-13,3,80000.0,P,0.0007,0.0009,0.0008,83020.6,82992.27,0.3039,-0.06879,6e-05,9.11022,20.7,22.2
2026-10-10T19:53:59Z,2026-10-13,3,80500.0,C,0.0295,0.0345,0.0315,83020.6,82992.27,0.2893,0.90293,9e-05,11.80815,0.0,0.0
2026-10-10T19:53:59Z,2026-10-13,3,80500.0,P,0.001,0.0012,0.0011,83020.24,82992.27,0.2893,-0.0971,9e-05,11.81087,20.2,14.6
2026-10-10T19:53:59Z,2026-10-13,3,81000.0,C,0.0225,0.029,0.0259,83020.24,82992.27,0.2733,0.86427,0.00012,14.98533,0.0,0.0
2026-10-10T19:53:59Z,2026-10-13,3,81000.0,P,0.0015,0.0017,0.0016,83020.24,82992.27,0.2733,-0.13573,0.00012,14.98533,32.3,12.1
2026-10-10T19:53:59Z,2026-10-13,3,81500.0,C,0.02,0.022,0.0207,83020.6,82992.27,0.2607,0.80697,0.00015,18.84253,0.0,0.0
2026-10-10T19:53:59Z,2026-10-13,3,81500.0,P,0.0022,0.0024,0.0023,83020.6,82992.27,0.2607,-0.19303,0.00015,18.84253,11.3,10.7
2026-10-10T19:53:59Z,2026-10-13,3,82000.0,C,0.015,0.017,0.0158,83020.24,82992.27,0.25120000000000003,0.72732,0.00019,22.84913,0.0,0.0
2026-10-10T19:53:59Z,2026-10-13,3,82000.0,P,0.0033,0.0037,0.0035,83020.24,82992.27,0.25120000000000003,-0.27268,0.00019,22.84904,19.1,0.1
2026-10-10T19:53:59Z,2026-10-13,3,82500.0,C,0.011,0.0125,0.0116,83020.24,82992.27,0.24559999999999998,0.62519,0.00022,26.07133,0.0,0.0
2026-10-10T19:53:59Z,2026-10-13,3,82500.0,P,0.005,0.0055,0.0053,83020.24,82992.27,0.24559999999999998,-0.37481,0.00022,26.07133,77.4,76.7
2026-10-10T19:53:59Z,2026-10-13,3,83000.0,C,0.008,0.0085,0.0081,83020.6,82992.27,0.242,0.50894,0.00024,27.42661,1.6,1.0
2026-10-10T19:53:59Z,2026-10-13,3,83000.0,P,0.0075,0.008,0.0079,83020.24,82992.27,0.242,-0.49115,0.00024,27.42662,6.7,1.8
2026-10-10T19:53:59Z,2026-10-13,3,83500.0,C,0.0055,0.006,0.0056,83020.24,82992.27,0.24480000000000002,0.39203,0.00023,26.42244,5.3,2.9
2026-10-10T19:53:59Z,2026-10-13,3,83500.0,P,0.0105,0.012,0.0113,83020.6,82992.27,0.24480000000000002,-0.60789,0.00023,26.42411,0.0,0.0
2026-10-10T19:53:59Z,2026-10-13,3,84000.0,C,0.0034,0.0038,0.0036,83020.24,82992.27,0.24559999999999998,0.28548,0.0002,23.36456,7.9,3.1
2026-10-10T19:53:59Z,2026-10-13,3,84000.0,P,0.014,0.016,0.0154,83020.6,82992.27,0.24559999999999998,-0.71445,0.0002,23.36748,1.0,0.0
2026-10-10T19:53:59Z,2026-10-13,3,84500.0,C,0.0021,0.0024,0.0023,83020.24,82992.27,0.2491,0.19877,0.00016,19.18004,40.6,2.0
2026-10-10T19:53:59Z,2026-10-13,3,84500.0,P,0.019,0.021,0.0201,83020.6,82992.27,0.2491,-0.80118,0.00016,19.18354,0.0,0.0
2026-10-10T19:53:59Z,2026-10-13,3,85000.0,C,0.0013,0.0015,0.0014,83020.6,82992.27,0.2532,0.13284,0.00012,14.76585,13.5,7.1
2026-10-10T19:53:59Z,2026-10-13,3,85000.0,P,0.0225,0.0275,0.0252,83020.55,82992.27,0.2532,-0.86716,0.00012,14.76555,0.0,0.0
2026-10-10T19:53:59Z,2026-10-13,3,85500.0,C,0.0008,0.0009,0.0008,83020.24,82992.27,0.2589,0.08664,9e-05,10.85488,19.5,17.7
2026-10-10T19:53:59Z,2026-10-13,3,85500.0,P,0.028,0.033,0.0307,83020.55,82992.27,0.2589,-0.91333,9e-05,10.85749,0.0,0.0
2026-10-10T19:53:59Z,2026-10-13,3,86000.0,C,0.0005,0.0006,0.0005,83020.24,82992.27,0.26780000000000004,0.05722,6e-05,7.8918,23.3,21.8
2026-10-10T19:53:59Z,2026-10-13,3,86000.0,P,0.0335,0.04,0.0364,83020.55,82992.27,0.26780000000000004,-0.94276,6e-05,7.89393,0.0,0.0
2026-10-10T19:53:59Z,2026-10-13,3,87000.0,C,0.0002,0.0004,0.0003,83020.24,82992.27,0.2983,0.02988,3e-05,4.66387,7.2,1.3
2026-10-10T19:53:59Z,2026-10-13,3,87000.0,P,0.0455,0.0505,0.0482,83020.55,82992.27,0.2983,-0.97011,3e-05,4.66521,0.0,0.0
2026-10-10T19:53:59Z,2026-10-13,3,88000.0,C,0.0001,0.0002,0.0001,83020.24,82992.27,0.3222,0.01502,2e-05,2.60786,50.9,50.4
2026-10-10T19:53:59Z,2026-10-13,3,88000.0,P,0.0575,0.0625,0.0601,83020.24,82992.27,0.3222,-0.98498,2e-05,2.60786,0.0,0.0
2026-10-10T19:53:59Z,2026-10-13,3,89000.0,C,0.0,0.0002,0.0001,83020.24,82992.27,0.33899999999999997,0.00689,1e-05,1.32134,1.8,0.4
2026-10-10T19:53:59Z,2026-10-13,3,89000.0,P,0.07,0.0755,0.0721,83020.24,82992.27,0.33899999999999997,-0.99311,1e-05,1.32134,0.0,0.0
2026-10-10T19:53:59Z,2026-10-13,3,90000.0,C,0.0,0.0001,0.0,83020.24,82992.27,0.3686,0.00429,0.0,0.86672,2.8,0.0
2026-10-10T19:53:59Z,2026-10-13,3,90000.0,P,0.082,0.0875,0.0841,83020.55,82992.27,0.3686,-0.99571,0.0,0.86701,0.0,0.0
2026-10-10T19:53:59Z,2026-10-13,3,91000.0,C,0.0,0.0001,0.0,83020.24,82992.27,0.37560000000000004,0.00167,0.0,0.37006,1.1,0.0
2026-10-10T19:53:59Z,2026-10-13,3,91000.0,P,0.094,0.0985,0.0961,83020.24,82992.27,0.37560000000000004,-0.99833,0.0,0.37006,0.0,0.0
2026-10-10T19:53:59Z,2026-10-13,3,92000.0,C,0.0,0.0001,0.0,83020.55,82992.27,0.40759999999999996,0.00124,0.0,0.28261,11.2,0.0
2026-10-10T19:53:59Z,2026-10-13,3,92000.0,P,0.106,0.1105,0.1082,83020.24,82992.27,0.40759999999999996,-0.99876,0.0,0.28252,0.0,0.0
2026-10-10T19:53:59Z,2026-10-13,3,93000.0,C,0.0,0.0001,0.0,83020.24,82992.27,0.44380000000000003,0.00107,0.0,0.24664,0.0,0.0
2026-10-10T19:53:59Z,2026-10-13,3,93000.0,P,0.118,0.1225,0.1202,83020.69,82992.27,0.44380000000000003,-0.99893,0.0,0.24675,0.0,0.0
2026-10-10T19:53:59Z,2026-10-14,4,73000.0,C,0.1185,0.123,0.1211,83038.61,82992.27,0.5908,0.98792,1e-05,2.55577,0.0,0.0
2026-10-10T19:53:59Z,2026-10-14,4,73000.0,P,0.0002,0.0003,0.0002,83038.62,82992.27,0.5908,-0.01208,1e-05,2.55576,0.1,0.1
2026-10-10T19:53:59Z,2026-10-14,4,74000.0,C,0.1065,0.111,0.1091,83038.61,82992.27,0.5483,0.98507,1e-05,3.06847,0.0,0.0
2026-10-10T19:53:59Z,2026-10-14,4,74000.0,P,0.0002,0.0004,0.0003,83038.62,82992.27,0.5483,-0.01493,1e-05,3.06845,0.2,0.2
2026-10-10T19:53:59Z,2026-10-14,4,75000.0,C,0.0945,0.099,0.0972,83038.61,82992.27,0.5065999999999999,0.98106,1e-05,3.76157,0.0,0.0
2026-10-10T19:53:59Z,2026-10-14,4,75000.0,P,0.0003,0.0004,0.0003,83038.62,82992.27,0.5065999999999999,-0.01894,1e-05,3.76154,14.3,14.3
2026-10-10T19:53:59Z,2026-10-14,4,76000.0,C,0.0825,0.088,0.0852,83038.61,82992.27,0.4686,0.97454,2e-05,4.82835,0.0,0.0
2026-10-10T19:53:59Z,2026-10-14,4,76000.0,P,0.0004,0.0005,0.0004,83038.62,82992.27,0.4686,-0.02546,2e-05,4.8283,8.0,8.0
2026-10-10T19:53:59Z,2026-10-14,4,77000.0,C,0.0705,0.076,0.0732,83038.5,82992.27,0.4219,0.96764,2e-05,5.89376,0.0,0.0
2026-10-10T19:53:59Z,2026-10-14,4,77000.0,P,0.0005,0.0006,0.0005,83038.62,82992.27,0.4219,-0.03236,2e-05,5.89362,0.1,0.1
2026-10-10T19:53:59Z,2026-10-14,4,78000.0,C,0.0585,0.0635,0.0614,83038.61,82992.27,0.381,0.95502,3e-05,7.70996,0.0,0.0
2026-10-10T19:53:59Z,2026-10-14,4,78000.0,P,0.0006,0.0008,0.0007,83038.62,82992.27,0.381,-0.04498,3e-05,7.70987,0.1,0.1
2026-10-10T19:53:59Z,2026-10-14,4,79000.0,C,0.0465,0.052,0.0496,83038.61,82992.27,0.3436,0.93291,5e-05,10.57267,0.0,0.0
2026-10-10T19:53:59Z,2026-10-14,4,79000.0,P,0.0009,0.0011,0.001,83038.62,82992.27,0.3436,-0.06709,5e-05,10.57253,0.1,0.1
2026-10-10T19:53:59Z,2026-10-14,4,79500.0,C,0.0415,0.047,0.0439,83038.61,82992.27,0.3295,0.9139,6e-05,12.78346,0.0,0.0
2026-10-10T19:53:59Z,2026-10-14,4,79500.0,P,0.0012,0.0014,0.0013,83038.62,82992.27,0.3295,-0.0861,6e-05,12.78343,0.0,0.0
2026-10-10T19:53:59Z,2026-10-14,4,80000.0,C,0.035,0.041,0.0382,83038.61,82992.27,0.3143,0.88992,7e-05,15.30704,0.0,0.0
2026-10-10T19:53:59Z,2026-10-14,4,80000.0,P,0.0015,0.0018,0.0017,83038.62,82992.27,0.3143,-0.11008,7e-05,15.30688,0.9,0.9
2026-10-10T19:53:59Z,2026-10-14,4,80500.0,C,0.0295,0.0355,0.0327,83038.61,82992.27,0.2983,0.85927,9e-05,18.17346,0.0,0.0
2026-10-10T19:53:59Z,2026-10-14,4,80500.0,P,0.0019,0.0023,0.0021,83038.62,82992.27,0.2983,-0.14073,9e-05,18.17319,0.1,0.1
2026-10-10T19:53:59Z,2026-10-14,4,81000.0,C,0.0255,0.0305,0.0275,83038.61,82992.27,0.2888,0.81392,0.00011,21.79684,0.0,0.0
2026-10-10T19:53:59Z,2026-10-14,4,81000.0,P,0.0027,0.0031,0.0029,83038.62,82992.27,0.2888,-0.18608,0.00011,21.79665,10.1,10.1
2026-10-10T19:53:59Z,2026-10-14,4,81500.0,C,0.022,0.0235,0.0225,83038.61,82992.27,0.2792,0.75723,0.00014,25.45167,0.0,0.0
2026-10-10T19:53:59Z,2026-10-14,4,81500.0,P,0.0037,0.0042,0.004,83038.62,82992.27,0.2792,-0.24277,0.00014,25.45151,0.4,0.4
2026-10-10T19:53:59Z,2026-10-14,4,82000.0,C,0.0175,0.019,0.018,83038.61,82992.27,0.27390000000000003,0.68522,0.00016,28.89443,0.0,0.0
2026-10-10T19:53:59Z,2026-10-14,4,82000.0,P,0.005,0.006,0.0055,83038.62,82992.27,0.27390000000000003,-0.31478,0.00016,28.89432,1.1,1.1
2026-10-10T19:53:59Z,2026-10-14,4,82500.0,C,0.0135,0.015,0.014,83038.61,82992.27,0.26890000000000003,0.60264,0.00018,31.37878,0.0,0.0
2026-10-10T19:53:59Z,2026-10-14,4,82500.0,P,0.007,0.008,0.0076,83038.62,82992.27,0.26890000000000003,-0.39736,0.00018,31.37873,1.0,1.0
2026-10-10T19:53:59Z,2026-10-14,4,83000.0,C,0.01,0.011,0.0105,83038.62,82992.27,0.2632,0.51234,0.00019,32.44355,1.2,1.2
2026-10-10T19:53:59Z,2026-10-14,4,83000.0,P,0.0095,0.0105,0.0101,83038.62,82992.27,0.2632,-0.48766,0.00019,32.44355,1.0,1.0
2026-10-10T19:53:59Z,2026-10-14,4,83500.0,C,0.007,0.008,0.0076,83038.62,82992.27,0.2577,0.41808,0.00019,31.77231,0.5,0.5
2026-10-10T19:53:59Z,2026-10-14,4,83500.0,P,0.0125,0.014,0.0131,83038.62,82992.27,0.2577,-0.58192,0.00019,31.77231,0.0,0.0
2026-10-10T19:53:59Z,2026-10-14,4,84000.0,C,0.005,0.006,0.0054,83038.62,82992.27,0.2595,0.32999,0.00017,29.46517,2.6,2.6
2026-10-10T19:53:59Z,2026-10-14,4,84000.0,P,0.016,0.018,0.017,83038.61,82992.27,0.2595,-0.67001,0.00017,29.46504,0.0,0.0
2026-10-10T19:53:59Z,2026-10-14,4,84500.0,C,0.0035,0.004,0.0037,83038.62,82992.27,0.259,0.24991,0.00015,25.85034,0.9,0.9
2026-10-10T19:53:59Z,2026-10-14,4,84500.0,P,0.0205,0.0225,0.0213,83038.5,82992.27,0.259,-0.75011,0.00015,25.84927,0.0,0.0
2026-10-10T19:53:59Z,2026-10-14,4,85000.0,C,0.0023,0.0028,0.0025,83038.62,82992.27,0.2614,0.18445,0.00013,21.67831,1.2,1.2
2026-10-10T19:53:59Z,2026-10-14,4,85000.0,P,0.025,0.027,0.0262,83038.5,82992.27,0.2614,-0.81556,0.00013,21.67719,0.0,0.0
2026-10-10T19:53:59Z,2026-10-14,4,85500.0,C,0.0016,0.0019,0.0018,83038.62,82992.27,0.2667,0.13463,0.0001,17.63192,0.2,0.2
2026-10-10T19:53:59Z,2026-10-14,4,85500.0,P,0.0285,0.035,0.0314,83038.61,82992.27,0.2667,-0.86537,0.0001,17.6319,0.0,0.0
2026-10-10T19:53:59Z,2026-10-14,4,86000.0,C,0.001,0.0014,0.0012,83038.62,82992.27,0.2724,0.09688,8e-05,13.95118,102.6,102.6
2026-10-10T19:53:59Z,2026-10-14,4,86000.0,P,0.0345,0.0405,0.0369,83038.5,82992.27,0.2724,-0.90313,8e-05,13.95029,0.0,0.0
2026-10-10T19:53:59Z,2026-10-14,4,87000.0,C,0.0005,0.0007,0.0006,83038.62,82992.27,0.2872,0.05028,4e-05,8.42869,0.1,0.1
2026-10-10T19:53:59Z,2026-10-14,4,87000.0,P,0.0455,0.0505,0.0483,83038.5,82992.27,0.2872,-0.94973,4e-05,8.42781,0.0,0.0
2026-10-10T19:53:59Z,2026-10-14,4,88000.0,C,0.0002,0.0004,0.0003,83038.62,82992.27,0.3016,0.02563,2e-05,4.85578,0.0,0.0
2026-10-10T19:53:59Z,2026-10-14,4,88000.0,P,0.057,0.0635,0.06,83038.5,82992.27,0.3016,-0.97437,2e-05,4.8552,0.0,0.0
2026-10-10T19:53:59Z,2026-10-14,4,89000.0,C,0.0001,0.0002,0.0002,83038.62,82992.27,0.3262,0.01566,1e-05,3.19725,0.0,0.0
2026-10-10T19:53:59Z,2026-10-14,4,89000.0,P,0.069,0.074,0.072,83038.61,82992.27,0.3262,-0.98434,1e-05,3.19713,0.0,0.0
2026-10-10T19:53:59Z,2026-10-14,4,90000.0,C,0.0001,0.0002,0.0001,83038.61,82992.27,0.3267,0.00623,1e-05,1.43001,0.1,0.1
2026-10-10T19:53:59Z,2026-10-14,4,90000.0,P,0.081,0.086,0.0839,83038.5,82992.27,0.3267,-0.99377,1e-05,1.42986,0.0,0.0
2026-10-10T19:53:59Z,2026-10-14,4,91000.0,C,0.0,0.0002,0.0001,83038.5,82992.27,0.3776,0.00702,1e-05,1.58952,0.0,0.0
2026-10-10T19:53:59Z,2026-10-14,4,91000.0,P,0.093,0.098,0.096,83038.61,82992.27,0.3776,-0.99298,1e-05,1.58966,0.0,0.0
2026-10-10T19:53:59Z,2026-10-14,4,92000.0,C,0.0,0.0001,0.0001,83038.5,82992.27,0.39549999999999996,0.00433,0.0,1.03383,0.0,0.0
2026-10-10T19:53:59Z,2026-10-14,4,92000.0,P,0.105,0.11,0.108,83038.5,82992.27,0.39549999999999996,-0.99567,0.0,1.03383,0.0,0.0
2026-10-10T19:53:59Z,2026-10-16,6,70000.0,C,0.155,0.1595,0.1576,83071.83,82992.27,0.6052000000000001,0.99038,0.0,2.62913,0.2,0.0
2026-10-10T19:53:59Z,2026-10-16,6,70000.0,P,0.0002,0.0003,0.0002,83071.73,82992.27,0.6052000000000001,-0.00962,0.0,2.62923,187.9,6.9
2026-10-10T19:53:59Z,2026-10-16,6,75000.0,C,0.0955,0.1,0.0981,83071.83,82992.27,0.47590000000000005,0.96233,2e-05,8.37126,0.2,0.0
2026-10-10T19:53:59Z,2026-10-16,6,75000.0,P,0.0008,0.001,0.0009,83071.73,82992.27,0.47590000000000005,-0.03767,2e-05,8.37156,335.3,12.9
2026-10-10T19:53:59Z,2026-10-16,6,76000.0,C,0.0835,0.0885,0.0863,83071.83,82992.27,0.44520000000000004,0.95101,2e-05,10.3519,0.0,0.0
2026-10-10T19:53:59Z,2026-10-16,6,76000.0,P,0.0011,0.0012,0.0011,83071.83,82992.27,0.44520000000000004,-0.04899,2e-05,10.3519,1234.8,2.0
2026-10-10T19:53:59Z,2026-10-16,6,78000.0,C,0.0605,0.065,0.063,83071.83,82992.27,0.3856,0.91213,4e-05,16.27249,2.4,0.0
2026-10-10T19:53:59Z,2026-10-16,6,78000.0,P,0.0018,0.0021,0.002,83071.83,82992.27,0.3856,-0.08787,4e-05,16.27249,1975.9,48.5
2026-10-10T19:53:59Z,2026-10-16,6,79000.0,C,0.049,0.054,0.0518,83071.83,82992.27,0.3601,0.87673,6e-05,20.79628,11.6,0.0
2026-10-10T19:53:59Z,2026-10-16,6,79000.0,P,0.0026,0.0029,0.0028,83071.73,82992.27,0.3601,-0.12328,6e-05,20.79692,678.3,43.1
2026-10-10T19:53:59Z,2026-10-16,6,80000.0,C,0.0385,0.0435,0.0411,83071.83,82992.27,0.34,0.82211,8e-05,26.57003,14.2,0.0
2026-10-10T19:53:59Z,2026-10-16,6,80000.0,P,0.004,0.0043,0.0041,83071.73,82992.27,0.34,-0.1779,8e-05,26.57085,2262.0,23.2
2026-10-10T19:53:59Z,2026-10-16,6,81000.0,C,0.0305,0.0325,0.0312,83071.83,82992.27,0.3249,0.74311,0.0001,32.88344,86.7,0.0
2026-10-10T19:53:59Z,2026-10-16,6,81000.0,P,0.006,0.0065,0.0063,83071.83,82992.27,0.3249,-0.25689,0.0001,32.88344,513.0,6.9
2026-10-10T19:53:59Z,2026-10-16,6,82000.0,C,0.0215,0.0235,0.0225,83071.73,82992.27,0.3116,0.63999,0.00012,38.16486,53.9,0.0
2026-10-10T19:53:59Z,2026-10-16,6,82000.0,P,0.0095,0.01,0.0096,83071.73,82992.27,0.3116,-0.36001,0.00012,38.16486,351.5,6.8
2026-10-10T19:53:59Z,2026-10-16,6,83000.0,C,0.015,0.0155,0.0153,83071.73,82992.27,0.3044,0.51667,0.00013,40.66149,599.0,7.0
2026-10-10T19:53:59Z,2026-10-16,6,83000.0,P,0.014,0.015,0.0145,83071.83,82992.27,0.3044,-0.48332,0.00013,40.66148,922.2,5.5
2026-10-10T19:53:59Z,2026-10-16,6,84000.0,C,0.0095,0.01,0.0097,83071.83,82992.27,0.2963,0.38699,0.00013,39.05321,207.8,21.7
2026-10-10T19:53:59Z,2026-10-16,6,84000.0,P,0.02,0.0215,0.0209,83071.83,82992.27,0.2963,-0.61301,0.00013,39.05321,267.5,2.0
2026-10-10T19:53:59Z,2026-10-16,6,85000.0,C,0.0055,0.0065,0.0059,83071.73,82992.27,0.2969,0.27054,0.00011,33.76363,633.2,51.9
2026-10-10T19:53:59Z,2026-10-16,6,85000.0,P,0.028,0.03,0.0291,83071.73,82992.27,0.2969,-0.72946,0.00011,33.76363,51.6,0.2
2026-10-10T19:53:59Z,2026-10-16,6,86000.0,C,0.0033,0.0036,0.0034,83071.83,82992.27,0.2961,0.17505,9e-05,26.30132,380.7,85.3
2026-10-10T19:53:59Z,2026-10-16,6,86000.0,P,0.037,0.04,0.0386,83071.83,82992.27,0.2961,-0.82495,9e-05,26.30132,124.6,3.5
2026-10-10T19:53:59Z,2026-10-16,6,87000.0,C,0.0019,0.0021,0.0019,83071.73,82992.27,0.302,0.10985,6e-05,19.16284,740.8,3.4
2026-10-10T19:53:59Z,2026-10-16,6,87000.0,P,0.047,0.052,0.0492,83071.83,82992.27,0.302,-0.89015,6e-05,19.16344,85.6,0.0
2026-10-10T19:53:59Z,2026-10-16,6,88000.0,C,0.001,0.0012,0.0011,83071.73,82992.27,0.30829999999999996,0.06637,4e-05,13.14482,263.1,11.4
2026-10-10T19:53:59Z,2026-10-16,6,88000.0,P,0.058,0.0635,0.0604,83071.73,82992.27,0.30829999999999996,-0.93363,4e-05,13.14482,17.3,0.0
2026-10-10T19:53:59Z,2026-10-16,6,89000.0,C,0.0006,0.0007,0.0006,83071.83,82992.27,0.319,0.04095,3e-05,8.95965,498.3,26.5
2026-10-10T19:53:59Z,2026-10-16,6,89000.0,P,0.0695,0.075,0.072,83071.83,82992.27,0.319,-0.95905,3e-05,8.95965,7.6,0.0
2026-10-10T19:53:59Z,2026-10-16,6,90000.0,C,0.0003,0.0005,0.0004,83071.73,82992.27,0.3308,0.02549,2e-05,6.0604,1092.8,0.5
2026-10-10T19:53:59Z,2026-10-16,6,90000.0,P,0.081,0.086,0.0838,83071.73,82992.27,0.3308,-0.97451,2e-05,6.0604,3.1,0.0
2026-10-10T19:53:59Z,2026-10-16,6,92000.0,C,0.0001,0.0002,0.0001,83071.73,82992.27,0.353,0.00981,1e-05,2.67458,623.7,5.8
2026-10-10T19:53:59Z,2026-10-16,6,92000.0,P,0.1045,0.11,0.1076,83071.83,82992.27,0.353,-0.99019,1e-05,2.67475,0.1,0.0
2026-10-10T19:53:59Z,2026-10-16,6,94000.0,C,0.0,0.0001,0.0001,83071.83,82992.27,0.3908,0.00537,0.0,1.57199,122.9,2.4
2026-10-10T19:53:59Z,2026-10-16,6,94000.0,P,0.129,0.134,0.1316,83071.83,82992.27,0.3908,-0.99463,0.0,1.57199,0.0,0.0
2026-10-10T19:53:59Z,2026-10-16,6,95000.0,C,0.0,0.0001,0.0001,83071.83,82992.27,0.4181,0.00483,0.0,1.43092,313.4,0.0
2026-10-10T19:53:59Z,2026-10-16,6,95000.0,P,0.141,0.146,0.1437,83071.73,82992.27,0.4181,-0.99517,0.0,1.43083,0.1,0.0
2026-10-10T19:53:59Z,2026-10-16,6,100000.0,C,0.0,0.0001,0.0,83071.83,82992.27,0.47479999999999994,0.00081,0.0,0.28376,361.3,0.0
2026-10-10T19:53:59Z,2026-10-16,6,100000.0,P,0.201,0.207,0.2038,83071.73,82992.27,0.47479999999999994,-0.99919,0.0,0.28374,1.1,0.0
2026-10-10T19:53:59Z,2026-10-23,13,70000.0,C,0.157,0.1615,0.1593,83163.03,82992.27,0.5014,0.97148,1e-05,10.04349,0.0,0.0
2026-10-10T19:53:59Z,2026-10-23,13,70000.0,P,0.001,0.0011,0.0011,83163.03,82992.27,0.5014,-0.02852,1e-05,10.04349,419.7,5.5
2026-10-10T19:53:59Z,2026-10-23,13,73000.0,C,0.1215,0.126,0.1241,83163.03,82992.27,0.4456,0.94757,2e-05,16.48493,0.0,0.0
2026-10-10T19:53:59Z,2026-10-23,13,73000.0,P,0.0018,0.0019,0.0019,83163.03,82992.27,0.4456,-0.05243,2e-05,16.48493,27.9,0.4
2026-10-10T19:53:59Z,2026-10-23,13,74000.0,C,0.11,0.1145,0.1125,83162.88,82992.27,0.4278,0.93499,2e-05,19.51852,0.0,0.0
2026-10-10T19:53:59Z,2026-10-23,13,74000.0,P,0.0022,0.0024,0.0023,83163.03,82992.27,0.4278,-0.065,2e-05,19.51788,500.4,0.4
2026-10-10T19:53:59Z,2026-10-23,13,75000.0,C,0.0985,0.1035,0.101,83163.03,82992.27,0.4093,0.91949,2e-05,22.9943,0.0,0.0
2026-10-10T19:53:59Z,2026-10-23,13,75000.0,P,0.0027,0.0029,0.0029,83162.88,82992.27,0.4093,-0.08052,2e-05,22.99503,369.8,6.5
2026-10-10T19:53:59Z,2026-10-23,13,76000.0,C,0.0875,0.092,0.0896,83163.03,82992.27,0.38880000000000003,0.90103,3e-05,26.80925,0.0,0.0
2026-10-10T19:53:59Z,2026-10-23,13,76000.0,P,0.0034,0.0035,0.0035,83162.88,82992.27,0.38880000000000003,-0.09897,3e-05,26.81007,41.9,3.6
2026-10-10T19:53:59Z,2026-10-23,13,78000.0,C,0.0655,0.0705,0.0678,83163.03,82992.27,0.35960000000000003,0.84043,4e-05,37.38666,1.8,0.0
2026-10-10T19:53:59Z,2026-10-23,13,78000.0,P,0.0055,0.006,0.0058,83163.03,82992.27,0.35960000000000003,-0.15957,4e-05,37.38666,1291.1,13.5
2026-10-10T19:53:59Z,2026-10-23,13,79000.0,C,0.055,0.06,0.0576,83163.03,82992.27,0.3469,0.79729,5e-05,43.44197,0.0,0.0
2026-10-10T19:53:59Z,2026-10-23,13,79000.0,P,0.007,0.008,0.0075,83163.03,82992.27,0.3469,-0.20271,5e-05,43.44197,109.1,2.1
2026-10-10T19:53:59Z,2026-10-23,13,80000.0,C,0.047,0.0495,0.048,83162.88,82992.27,0.33640000000000003,0.74338,6e-05,49.59064,1.2,0.0
2026-10-10T19:53:59Z,2026-10-23,13,80000.0,P,0.0095,0.0105,0.0099,83162.88,82992.27,0.33640000000000003,-0.25662,6e-05,49.59064,809.8,37.9
2026-10-10T19:53:59Z,2026-10-23,13,81000.0,C,0.0385,0.04,0.0391,83163.03,82992.27,0.3272,0.67917,7e-05,55.10492,12.1,0.1
2026-10-10T19:53:59Z,2026-10-23,13,81000.0,P,0.0125,0.0135,0.0131,83162.98,82992.27,0.3272,-0.32083,7e-05,55.10496,122.7,0.7
2026-10-10T19:53:59Z,2026-10-23,13,82000.0,C,0.0305,0.032,0.0312,83162.88,82992.27,0.3206,0.60526,8e-05,59.25734,217.9,50.0
2026-10-10T19:53:59Z,2026-10-23,13,82000.0,P,0.017,0.0175,0.0172,83162.98,82992.27,0.3206,-0.39473,8e-05,59.25716,571.8,396.7
2026-10-10T19:53:59Z,2026-10-23,13,83000.0,C,0.024,0.025,0.0243,83162.88,82992.27,0.31670000000000004,0.52502,8e-05,61.28658,324.8,20.2
2026-10-10T19:53:59Z,2026-10-23,13,83000.0,P,0.022,0.023,0.0224,83162.98,82992.27,0.31670000000000004,-0.47497,8e-05,61.28657,496.1,1.0
2026-10-10T19:53:59Z,2026-10-23,13,84000.0,C,0.018,0.019,0.0185,83162.98,82992.27,0.3123,0.44261,8e-05,60.77085,553.6,327.9
2026-10-10T19:53:59Z,2026-10-23,13,84000.0,P,0.028,0.029,0.0285,83162.98,82992.27,0.3123,-0.55739,8e-05,60.77085,35.8,0.0
2026-10-10T19:53:59Z,2026-10-23,13,85000.0,C,0.0135,0.0145,0.0139,83162.98,82992.27,0.3126,0.36366,8e-05,57.78565,390.9,6.3
2026-10-10T19:53:59Z,2026-10-23,13,85000.0,P,0.035,0.037,0.036,83163.03,82992.27,0.3126,-0.63634,8e-05,57.78574,30.7,0.0
2026-10-10T19:53:59Z,2026-10-23,13,86000.0,C,0.01,0.0105,0.0102,83162.98,82992.27,0.31170000000000003,0.29025,7e-05,52.71054,108.1,1.8
2026-10-10T19:53:59Z,2026-10-23,13,86000.0,P,0.043,0.046,0.0443,83162.88,82992.27,0.31170000000000003,-0.70976,7e-05,52.70957,69.6,0.0
2026-10-10T19:53:59Z,2026-10-23,13,87000.0,C,0.007,0.0075,0.0072,83162.91,82992.27,0.3098,0.22421,6e-05,46.07214,270.4,25.3
2026-10-10T19:53:59Z,2026-10-23,13,87000.0,P,0.052,0.055,0.0534,83163.03,82992.27,0.3098,-0.77578,6e-05,46.07286,2.3,0.0
2026-10-10T19:53:59Z,2026-10-23,13,88000.0,C,0.005,0.0055,0.0052,83162.91,82992.27,0.3135,0.17227,5e-05,39.28361,160.5,6.4
2026-10-10T19:53:59Z,2026-10-23,13,88000.0,P,0.0605,0.0665,0.0634,83163.03,82992.27,0.3135,-0.82772,5e-05,39.28418,0.0,0.0
2026-10-10T19:53:59Z,2026-10-23,13,89000.0,C,0.0036,0.0039,0.0038,83162.1,82992.27,0.318,0.13068,4e-05,32.68001,372.4,9.8
2026-10-10T19:53:59Z,2026-10-23,13,89000.0,P,0.0715,0.077,0.0739,83162.98,82992.27,0.318,-0.86928,4e-05,32.68696,0.0,0.0
2026-10-10T19:53:59Z,2026-10-23,13,90000.0,C,0.0025,0.0028,0.0027,83162.98,82992.27,0.3223,0.09775,3e-05,26.56698,496.6,2.5
2026-10-10T19:53:59Z,2026-10-23,13,90000.0,P,0.0825,0.088,0.0849,83162.98,82992.27,0.3223,-0.90225,3e-05,26.56698,0.3,0.0
2026-10-10T19:53:59Z,2026-10-23,13,92000.0,C,0.0013,0.0015,0.0014,83162.98,82992.27,0.33380000000000004,0.05438,2e-05,16.9691,435.3,3.1
2026-10-10T19:53:59Z,2026-10-23,13,92000.0,P,0.105,0.111,0.1077,83162.98,82992.27,0.33380000000000004,-0.94562,2e-05,16.9691,0.0,0.0
2026-10-10T19:53:59Z,2026-10-23,13,94000.0,C,0.0007,0.0008,0.0007,83162.98,82992.27,0.34369999999999995,0.02912,1e-05,10.21873,131.5,2.9
2026-10-10T19:53:59Z,2026-10-23,13,94000.0,P,0.128,0.1345,0.131,83162.98,82992.27,0.34369999999999995,-0.97088,1e-05,10.21873,0.2,0.0
2026-10-10T19:53:59Z,2026-10-23,13,95000.0,C,0.0005,0.0007,0.0005,83162.98,82992.27,0.3539,0.02283,1e-05,8.3341,36.4,1.0
2026-10-10T19:53:59Z,2026-10-23,13,95000.0,P,0.14,0.1455,0.1429,83162.1,82992.27,0.3539,-0.97718,1e-05,8.33132,0.1,0.0
2026-10-10T19:53:59Z,2026-10-23,13,96000.0,C,0.0003,0.0004,0.0004,83162.98,82992.27,0.35850000000000004,0.01659,1e-05,6.35457,27.1,5.6
2026-10-10T19:53:59Z,2026-10-23,13,96000.0,P,0.152,0.158,0.1547,83162.98,82992.27,0.35850000000000004,-0.98341,1e-05,6.35457,0.2,0.0
2026-10-10T19:53:59Z,2026-10-23,13,100000.0,C,0.0001,0.0003,0.0001,83162.98,82992.27,0.3934,0.00629,0.0,2.7293,361.8,0.1
2026-10-10T19:53:59Z,2026-10-23,13,100000.0,P,0.1995,0.206,0.2026,83162.98,82992.27,0.3934,-0.99371,0.0,2.7293,0.0,0.0
2026-10-10T19:53:59Z,2026-10-23,13,105000.0,C,0.0,0.0001,0.0001,83162.1,82992.27,0.45,0.00291,0.0,1.36971,59.7,0.0
2026-10-10T19:53:59Z,2026-10-23,13,105000.0,P,0.2595,0.2655,0.2627,83161.74,82992.27,0.45,-0.99709,0.0,1.36951,0.0,0.0
2026-10-10T19:53:59Z,2026-10-30,20,40000.0,C,0.5185,0.5205,0.5196,83267.61,82992.27,0.9414,0.99975,0.0,0.18133,0.3,0.0
2026-10-10T19:53:59Z,2026-10-30,20,40000.0,P,0.0,0.0001,0.0,83267.61,82992.27,0.9414,-0.00025,0.0,0.18133,226.8,0.0
2026-10-10T19:53:59Z,2026-10-30,20,45000.0,C,0.458,0.461,0.4596,83267.61,82992.27,0.8475,0.9994,0.0,0.40464,0.9,0.0
2026-10-10T19:53:59Z,2026-10-30,20,45000.0,P,0.0,0.0001,0.0,83267.61,82992.27,0.8475,-0.0006,0.0,0.40464,353.7,0.0
2026-10-10T19:53:59Z,2026-10-30,20,48000.0,C,0.422,0.425,0.4236,83267.61,82992.27,0.7803,0.99917,0.0,0.54795,8.5,0.0
2026-10-10T19:53:59Z,2026-10-30,20,48000.0,P,0.0,0.0001,0.0,83267.61,82992.27,0.7803,-0.00083,0.0,0.54795,196.8,0.0
2026-10-10T19:53:59Z,2026-10-30,20,50000.0,C,0.398,0.4015,0.3996,83267.61,82992.27,0.7332,0.99901,0.0,0.64092,1.1,0.0
2026-10-10T19:53:59Z,2026-10-30,20,50000.0,P,0.0,0.0001,0.0,83267.61,82992.27,0.7332,-0.00099,0.0,0.64092,501.8,0.0
2026-10-10T19:53:59Z,2026-10-30,20,52000.0,C,0.3735,0.377,0.3756,83267.61,82992.27,0.7012999999999999,0.99858,0.0,0.89143,0.1,0.0
2026-10-10T19:53:59Z,2026-10-30,20,52000.0,P,0.0,0.0001,0.0001,83267.61,82992.27,0.7012999999999999,-0.00142,0.0,0.89143,164.7,0.0
2026-10-10T19:53:59Z,2026-10-30,20,54000.0,C,0.3495,0.3535,0.3516,83267.61,82992.27,0.695,0.99725,0.0,1.62848,0.1,0.0
2026-10-10T19:53:59Z,2026-10-30,20,54000.0,P,0.0,0.0002,0.0001,83267.61,82992.27,0.695,-0.00275,0.0,1.62848,193.0,30.0
2026-10-10T19:53:59Z,2026-10-30,20,55000.0,C,0.3375,0.3415,0.3396,83267.61,82992.27,0.6703,0.99706,0.0,1.73037,0.1,0.0
2026-10-10T19:53:59Z,2026-10-30,20,55000.0,P,0.0001,0.0002,0.0001,83267.61,82992.27,0.6703,-0.00294,0.0,1.73037,312.9,0.0
2026-10-10T19:53:59Z,2026-10-30,20,56000.0,C,0.3255,0.3295,0.3276,83265.57,82992.27,0.6556000000000001,0.99646,0.0,2.04334,0.5,0.0
2026-10-10T19:53:59Z,2026-10-30,20,56000.0,P,0.0001,0.0002,0.0002,83265.57,82992.27,0.6556000000000001,-0.00354,0.0,2.04334,487.9,0.0
2026-10-10T19:53:59Z,2026-10-30,20,57000.0,C,0.3135,0.3175,0.3157,83265.57,82992.27,0.6374,0.99592,0.0,2.31925,0.1,0.0
2026-10-10T19:53:59Z,2026-10-30,20,57000.0,P,0.0001,0.0003,0.0002,83265.57,82992.27,0.6374,-0.00408,0.0,2.31925,213.8,0.0
2026-10-10T19:53:59Z,2026-10-30,20,58000.0,C,0.302,0.3055,0.3037,83265.57,82992.27,0.6364,0.99432,0.0,3.11639,0.0,0.0
2026-10-10T19:53:59Z,2026-10-30,20,58000.0,P,0.0002,0.0003,0.0003,83265.57,82992.27,0.6364,-0.00568,0.0,3.11639,355.6,0.0
2026-10-10T19:53:59Z,2026-10-30,20,59000.0,C,0.29,0.2935,0.2917,83265.57,82992.27,0.6114999999999999,0.99393,0.0,3.30829,1.0,0.0
2026-10-10T19:53:59Z,2026-10-30,20,59000.0,P,0.0002,0.0004,0.0003,83265.57,82992.27,0.6114999999999999,-0.00607,0.0,3.30829,309.7,2.0
2026-10-10T19:53:59Z,2026-10-30,20,60000.0,C,0.278,0.2815,0.2798,83265.57,82992.27,0.607,0.99193,0.0,4.25241,13.7,0.0
2026-10-10T19:53:59Z,2026-10-30,20,60000.0,P,0.0003,0.0005,0.0004,83265.57,82992.27,0.607,-0.00807,0.0,4.25241,1485.2,0.0
2026-10-10T19:53:59Z,2026-10-30,20,61000.0,C,0.266,0.27,0.2679,83265.57,82992.27,0.5972999999999999,0.9899,0.0,5.17406,17.7,0.0
2026-10-10T19:53:59Z,2026-10-30,20,61000.0,P,0.0004,0.0006,0.0005,83265.57,82992.27,0.5972999999999999,-0.0101,0.0,5.17406,297.3,0.0
2026-10-10T19:53:59Z,2026-10-30,20,62000.0,C,0.254,0.258,0.256,83265.57,82992.27,0.5846,0.98776,0.0,6.11392,13.5,0.0
2026-10-10T19:53:59Z,2026-10-30,20,62000.0,P,0.0006,0.0007,0.0006,83265.57,82992.27,0.5846,-0.01224,0.0,6.11392,1363.1,9.2
2026-10-10T19:53:59Z,2026-10-30,20,63000.0,C,0.242,0.246,0.2441,83267.61,82992.27,0.5692,0.98558,0.0,7.04535,144.3,0.0
2026-10-10T19:53:59Z,2026-10-30,20,63000.0,P,0.0007,0.0008,0.0007,83265.57,82992.27,0.5692,-0.01442,0.0,7.04804,1274.5,6.3
2026-10-10T19:53:59Z,2026-10-30,20,64000.0,C,0.23,0.2345,0.2322,83267.61,82992.27,0.5566,0.98256,0.0,8.2944,416.9,0.0
2026-10-10T19:53:59Z,2026-10-30,20,64000.0,P,0.0008,0.0009,0.0008,83265.57,82992.27,0.5566,-0.01745,0.0,8.29753,1274.4,33.1
2026-10-10T19:53:59Z,2026-10-30,20,65000.0,C,0.2185,0.2225,0.2204,83265.57,82992.27,0.5424,0.97922,0.0,9.62659,391.9,0.0
2026-10-10T19:53:59Z,2026-10-30,20,65000.0,P,0.0009,0.0011,0.001,83265.57,82992.27,0.5424,-0.02078,0.0,9.62659,2256.3,90.0
2026-10-10T19:53:59Z,2026-10-30,20,66000.0,C,0.2065,0.2105,0.2086,83265.32,82992.27,0.5292,0.97504,1e-05,11.23491,79.8,0.0
2026-10-10T19:53:59Z,2026-10-30,20,66000.0,P,0.0011,0.0013,0.0012,83265.32,82992.27,0.5292,-0.02496,1e-05,11.23491,665.6,0.0
2026-10-10T19:53:59Z,2026-10-30,20,67000.0,C,0.1945,0.199,0.1968,83265.32,82992.27,0.5162,0.97001,1e-05,13.09379,108.4,0.0
2026-10-10T19:53:59Z,2026-10-30,20,67000.0,P,0.0013,0.0015,0.0014,83265.32,82992.27,0.5162,-0.02999,1e-05,13.09379,735.7,0.0
2026-10-10T19:53:59Z,2026-10-30,20,68000.0,C,0.183,0.187,0.1851,83265.32,82992.27,0.5033,0.96397,1e-05,15.22918,449.7,0.1
2026-10-10T19:53:59Z,2026-10-30,20,68000.0,P,0.0017,0.0018,0.0017,83265.32,82992.27,0.5033,-0.03603,1e-05,15.22918,1486.9,0.1
2026-10-10T19:53:59Z,2026-10-30,20,69000.0,C,0.171,0.1755,0.1734,83265.32,82992.27,0.48950000000000005,0.95706,1e-05,17.56914,585.5,0.0
2026-10-10T19:53:59Z,2026-10-30,20,69000.0,P,0.002,0.0021,0.0021,83265.32,82992.27,0.48950000000000005,-0.04294,1e-05,17.56914,2309.2,12.2
2026-10-10T19:53:59Z,2026-10-30,20,70000.0,C,0.1595,0.164,0.1617,83265.32,82992.27,0.47240000000000004,0.94989,1e-05,19.88703,3746.9,0.0
2026-10-10T19:53:59Z,2026-10-30,20,70000.0,P,0.0023,0.0025,0.0024,83265.57,82992.27,0.47240000000000004,-0.05011,1e-05,19.88619,3212.1,6.2
2026-10-10T19:53:59Z,2026-10-30,20,71000.0,C,0.148,0.152,0.1501,83265.32,82992.27,0.45770000000000005,0.94052,1e-05,22.77196,939.4,0.0
2026-10-10T19:53:59Z,2026-10-30,20,71000.0,P,0.0027,0.0029,0.0028,83265.32,82992.27,0.45770000000000005,-0.05948,1e-05,22.77196,2515.5,6.1
2026-10-10T19:53:59Z,2026-10-30,20,72000.0,C,0.136,0.1405,0.1386,83265.32,82992.27,0.4403,0.93045,2e-05,25.71586,645.1,0.0
2026-10-10T19:53:59Z,2026-10-30,20,72000.0,P,0.0031,0.0034,0.0033,83265.32,82992.27,0.4403,-0.06955,2e-05,25.71586,2531.4,11.0
2026-10-10T19:53:59Z,2026-10-30,20,73000.0,C,0.125,0.1295,0.1271,83265.32,82992.27,0.4244,0.91776,2e-05,29.21806,573.5,0.3
2026-10-10T19:53:59Z,2026-10-30,20,73000.0,P,0.0037,0.004,0.0038,83265.32,82992.27,0.4244,-0.08224,2e-05,29.21806,2231.4,0.1
2026-10-10T19:53:59Z,2026-10-30,20,74000.0,C,0.113,0.1185,0.1158,83265.32,82992.27,0.40950000000000003,0.90206,2e-05,33.26789,615.7,0.0
2026-10-10T19:53:59Z,2026-10-30,20,74000.0,P,0.0045,0.0047,0.0045,83265.32,82992.27,0.40950000000000003,-0.09794,2e-05,33.26789,1268.0,50.1
2026-10-10T19:53:59Z,2026-10-30,20,75000.0,C,0.1025,0.107,0.1048,83265.32,82992.27,0.39640000000000003,0.88233,3e-05,37.97331,1174.7,0.0
2026-10-10T19:53:59Z,2026-10-30,20,75000.0,P,0.005,0.006,0.0055,83265.32,82992.27,0.39640000000000003,-0.11767,3e-05,37.97331,1951.6,5.3
2026-10-10T19:53:59Z,2026-10-30,20,76000.0,C,0.0915,0.0965,0.0938,83265.26,82992.27,0.38060000000000005,0.86028,3e-05,42.78264,514.5,0.0
2026-10-10T19:53:59Z,2026-10-30,20,76000.0,P,0.006,0.007,0.0065,83265.32,82992.27,0.38060000000000005,-0.13972,3e-05,42.7823,974.3,1.2
2026-10-10T19:53:59Z,2026-10-30,20,77000.0,C,0.081,0.086,0.0835,83265.26,82992.27,0.374,0.82843,4e-05,48.9947,205.7,0.0
2026-10-10T19:53:59Z,2026-10-30,20,77000.0,P,0.008,0.0085,0.0083,83265.26,82992.27,0.374,-0.17157,4e-05,48.9947,1261.9,2.5
2026-10-10T19:53:59Z,2026-10-30,20,78000.0,C,0.072,0.0745,0.0731,83265.26,82992.27,0.3582,0.79681,4e-05,54.39907,484.1,0.4
2026-10-10T19:53:59Z,2026-10-30,20,78000.0,P,0.0095,0.01,0.0098,83265.26,82992.27,0.3582,-0.20319,4e-05,54.39907,2471.5,30.6
2026-10-10T19:53:59Z,2026-10-30,20,79000.0,C,0.0625,0.0645,0.0635,83265.32,82992.27,0.3508,0.75461,5e-05,60.56009,263.5,0.0
2026-10-10T19:53:59Z,2026-10-30,20,79000.0,P,0.012,0.0125,0.0123,83265.26,82992.27,0.3508,-0.24539,5e-05,60.56042,1653.7,15.2
2026-10-10T19:53:59Z,2026-10-30,20,80000.0,C,0.054,0.0555,0.0545,83265.26,82992.27,0.3439,0.70642,5e-05,66.26404,1431.3,0.0
2026-10-10T19:53:59Z,2026-10-30,20,80000.0,P,0.015,0.0155,0.0153,83265.26,82992.27,0.3439,-0.29358,5e-05,66.26404,2790.9,18.3
2026-10-10T19:53:59Z,2026-10-30,20,81000.0,C,0.0455,0.047,0.0462,83265.26,82992.27,0.33799999999999997,0.6525,6e-05,71.10634,798.2,0.2
2026-10-10T19:53:59Z,2026-10-30,20,81000.0,P,0.0185,0.0195,0.019,83265.26,82992.27,0.33799999999999997,-0.3475,6e-05,71.10634,797.7,0.0
2026-10-10T19:53:59Z,2026-10-30,20,82000.0,C,0.038,0.0395,0.0387,83265.26,82992.27,0.3335,0.59375,6e-05,74.65772,1616.3,203.3
2026-10-10T19:53:59Z,2026-10-30,20,82000.0,P,0.023,0.0235,0.0235,83265.26,82992.27,0.3335,-0.40625,6e-05,74.65772,774.1,64.9
2026-10-10T19:53:59Z,2026-10-30,20,83000.0,C,0.0315,0.0325,0.0317,83265.26,82992.27,0.3273,0.53188,6e-05,76.54226,750.4,10.8
2026-10-10T19:53:59Z,2026-10-30,20,83000.0,P,0.028,0.0285,0.0286,83265.26,82992.27,0.3273,-0.46812,6e-05,76.54226,832.7,2.2
2026-10-10T19:53:59Z,2026-10-30,20,84000.0,C,0.0255,0.0265,0.0259,83265.26,82992.27,0.3256,0.46848,6e-05,76.54778,1399.6,3.7
2026-10-10T19:53:59Z,2026-10-30,20,84000.0,P,0.034,0.035,0.0348,83265.32,82992.27,0.3256,-0.53152,6e-05,76.5479,868.8,151.1
2026-10-10T19:53:59Z,2026-10-30,20,85000.0,C,0.021,0.0215,0.0209,83265.26,82992.27,0.3245,0.40617,6e-05,74.65373,2245.0,6.2
2026-10-10T19:53:59Z,2026-10-30,20,85000.0,P,0.041,0.042,0.0418,83265.26,82992.27,0.3245,-0.59383,6e-05,74.65373,890.2,0.0
2026-10-10T19:53:59Z,2026-10-30,20,86000.0,C,0.0165,0.0175,0.0169,83265.4,82992.27,0.32630000000000003,0.34803,6e-05,71.14656,1520.4,20.1
2026-10-10T19:53:59Z,2026-10-30,20,86000.0,P,0.0485,0.0505,0.0498,83265.4,82992.27,0.32630000000000003,-0.65197,6e-05,71.14656,446.5,0.0
2026-10-10T19:53:59Z,2026-10-30,20,87000.0,C,0.013,0.0135,0.0133,83265.4,82992.27,0.3257,0.29282,5e-05,66.18396,821.4,108.6
2026-10-10T19:53:59Z,2026-10-30,20,87000.0,P,0.057,0.059,0.0582,83265.26,82992.27,0.3257,-0.70719,5e-05,66.18304,429.3,1.8
2026-10-10T19:53:59Z,2026-10-30,20,88000.0,C,0.01,0.011,0.0105,83265.4,82992.27,0.3261,0.24325,5e-05,60.27502,1724.3,8.3
2026-10-10T19:53:59Z,2026-10-30,20,88000.0,P,0.0645,0.07,0.0673,83265.4,82992.27,0.3261,-0.75675,5e-05,60.27502,924.8,0.0
2026-10-10T19:53:59Z,2026-10-30,20,89000.0,C,0.008,0.0085,0.0082,83265.4,82992.27,0.3285,0.20069,4e-05,53.99799,856.0,12.2
2026-10-10T19:53:59Z,2026-10-30,20,89000.0,P,0.074,0.08,0.0771,83265.4,82992.27,0.3285,-0.79931,4e-05,53.99799,22.8,0.0
2026-10-10T19:53:59Z,2026-10-30,20,90000.0,C,0.006,0.0065,0.0063,83265.4,82992.27,0.3285,0.16201,4e-05,47.21605,15159.0,8.0
2026-10-10T19:53:59Z,2026-10-30,20,90000.0,P,0.084,0.09,0.0872,83265.4,82992.27,0.3285,-0.83799,4e-05,47.21605,45.6,0.0
2026-10-10T19:53:59Z,2026-10-30,20,91000.0,C,0.0047,0.0055,0.0051,83265.4,82992.27,0.335,0.13386,3e-05,41.54697,1684.8,0.1
2026-10-10T19:53:59Z,2026-10-30,20,91000.0,P,0.095,0.101,0.0979,83265.4,82992.27,0.335,-0.86614,3e-05,41.54697,3.5,0.0
2026-10-10T19:53:59Z,2026-10-30,20,92000.0,C,0.0036,0.0039,0.0038,83265.4,82992.27,0.33509999999999995,0.10585,3e-05,35.20498,2242.5,50.4
2026-10-10T19:53:59Z,2026-10-30,20,92000.0,P,0.1055,0.112,0.1087,83265.4,82992.27,0.33509999999999995,-0.89415,3e-05,35.20498,2.6,0.0
2026-10-10T19:53:59Z,2026-10-30,20,93000.0,C,0.0028,0.0031,0.0029,83265.4,82992.27,0.3369,0.08365,2e-05,29.59308,772.0,1.9
2026-10-10T19:53:59Z,2026-10-30,20,93000.0,P,0.117,0.123,0.1198,83265.24,82992.27,0.3369,-0.91635,2e-05,29.59225,2.2,0.0
2026-10-10T19:53:59Z,2026-10-30,20,94000.0,C,0.0022,0.0024,0.0022,83265.24,82992.27,0.3407,0.06678,2e-05,24.92153,1555.4,0.6
2026-10-10T19:53:59Z,2026-10-30,20,94000.0,P,0.1285,0.1345,0.1312,83265.24,82992.27,0.3407,-0.93322,2e-05,24.92153,0.1,0.0
2026-10-10T19:53:59Z,2026-10-30,20,95000.0,C,0.0017,0.0018,0.0017,83265.24,82992.27,0.34369999999999995,0.05266,2e-05,20.68845,25030.3,12.4
2026-10-10T19:53:59Z,2026-10-30,20,95000.0,P,0.1395,0.146,0.1426,83265.24,82992.27,0.34369999999999995,-0.94734,2e-05,20.68845,201.3,0.0
2026-10-10T19:53:59Z,2026-10-30,20,96000.0,C,0.0013,0.0014,0.0013,83265.24,82992.27,0.3461,0.04105,1e-05,16.93948,1850.8,2.0
2026-10-10T19:53:59Z,2026-10-30,20,96000.0,P,0.151,0.157,0.1542,83265.24,82992.27,0.3461,-0.95895,1e-05,16.93948,0.4,0.0
2026-10-10T19:53:59Z,2026-10-30,20,98000.0,C,0.0007,0.0008,0.0007,83265.24,82992.27,0.35200000000000004,0.02491,1e-05,11.21387,2002.5,37.9
2026-10-10T19:53:59Z,2026-10-30,20,98000.0,P,0.1745,0.1805,0.1777,83265.24,82992.27,0.35200000000000004,-0.97509,1e-05,11.21387,27.0,0.0
2026-10-10T19:53:59Z,2026-10-30,20,100000.0,C,0.0004,0.0005,0.0004,83265.24,82992.27,0.3601,0.01545,1e-05,7.47479,14562.0,6.1
2026-10-10T19:53:59Z,2026-10-30,20,100000.0,P,0.1985,0.2045,0.2014,83265.24,82992.27,0.3601,-0.98455,1e-05,7.47479,1.3,0.0
2026-10-10T19:53:59Z,2026-10-30,20,102000.0,C,0.0003,0.0004,0.0003,83265.24,82992.27,0.3763,0.01103,0.0,5.58807,596.1,0.5
2026-10-10T19:53:59Z,2026-10-30,20,102000.0,P,0.222,0.228,0.2253,83265.44,82992.27,0.3763,-0.98897,0.0,5.58844,0.0,0.0
2026-10-10T19:53:59Z,2026-10-30,20,104000.0,C,0.0002,0.0003,0.0002,83265.24,82992.27,0.3897,0.00769,0.0,4.07423,489.7,0.0
2026-10-10T19:53:59Z,2026-10-30,20,104000.0,P,0.246,0.252,0.2492,83265.24,82992.27,0.3897,-0.99231,0.0,4.07423,0.0,0.0
2026-10-10T19:53:59Z,2026-10-30,20,105000.0,C,0.0001,0.0003,0.0002,83265.24,82992.27,0.3945,0.00625,0.0,3.39293,2338.2,0.1
2026-10-10T19:53:59Z,2026-10-30,20,105000.0,P,0.258,0.264,0.2612,83265.24,82992.27,0.3945,-0.99375,0.0,3.39293,0.3,0.0
2026-10-10T19:53:59Z,2026-10-30,20,106000.0,C,0.0001,0.0002,0.0001,83265.44,82992.27,0.3986,0.00503,0.0,2.79893,592.2,1.0
2026-10-10T19:53:59Z,2026-10-30,20,106000.0,P,0.27,0.276,0.2732,83265.44,82992.27,0.3986,-0.99497,0.0,2.79893,0.0,0.0
2026-10-10T19:53:59Z,2026-10-30,20,110000.0,C,0.0,0.0002,0.0001,83265.24,82992.27,0.4338,0.0032,0.0,1.86589,1352.7,30.1
2026-10-10T19:53:59Z,2026-10-30,20,110000.0,P,0.318,0.325,0.3212,83265.13,82992.27,0.4338,-0.9968,0.0,1.86582,0.2,0.0
2026-10-10T19:53:59Z,2026-10-30,20,115000.0,C,0.0,0.0001,0.0001,83265.13,82992.27,0.4877,0.00249,0.0,1.4906,378.3,0.0
2026-10-10T19:53:59Z,2026-10-30,20,115000.0,P,0.378,0.3845,0.3812,83265.13,82992.27,0.4877,-0.99751,0.0,1.4906,34.6,0.0
2026-10-10T19:53:59Z,2026-11-27,48,58000.0,C,0.3065,0.3105,0.3087,83606.69,82992.27,0.5648,0.97106,0.0,19.92103,1.9,0.0
2026-10-10T19:53:59Z,2026-11-27,48,58000.0,P,0.0022,0.0027,0.0024,83606.69,82992.27,0.5648,-0.02894,0.0,19.92103,328.2,26.5
2026-10-10T19:53:59Z,2026-11-27,48,60000.0,C,0.283,0.2875,0.2853,83606.53,82992.27,0.5387,0.96441,0.0,23.62697,0.8,0.0
2026-10-10T19:53:59Z,2026-11-27,48,60000.0,P,0.0027,0.0032,0.0029,83606.38,82992.27,0.5387,-0.03559,0.0,23.62732,263.3,1.0
2026-10-10T19:53:59Z,2026-11-27,48,62000.0,C,0.2595,0.2645,0.2619,83606.53,82992.27,0.5113,0.95665,1e-05,27.74012,0.1,0.0
2026-10-10T19:53:59Z,2026-11-27,48,62000.0,P,0.0033,0.0037,0.0035,83606.53,82992.27,0.5113,-0.04335,1e-05,27.74012,378.7,0.0
2026-10-10T19:53:59Z,2026-11-27,48,64000.0,C,0.2365,0.2415,0.2388,83606.38,82992.27,0.4876,0.94598,1e-05,33.07955,0.2,0.0
2026-10-10T19:53:59Z,2026-11-27,48,64000.0,P,0.0041,0.0045,0.0043,83606.53,82992.27,0.4876,-0.05402,1e-05,33.07906,58.6,0.5
2026-10-10T19:53:59Z,2026-11-27,48,66000.0,C,0.2135,0.2185,0.216,83606.53,82992.27,0.4658,0.93203,1e-05,39.5879,0.1,0.0
2026-10-10T19:53:59Z,2026-11-27,48,66000.0,P,0.005,0.0055,0.0054,83606.53,82992.27,0.4658,-0.06797,1e-05,39.5879,201.6,0.1
2026-10-10T19:53:59Z,2026-11-27,48,67000.0,C,0.2025,0.2075,0.2046,83606.38,82992.27,0.4548,0.92389,1e-05,43.17682,0.6,0.0
2026-10-10T19:53:59Z,2026-11-27,48,67000.0,P,0.0055,0.0065,0.006,83606.53,82992.27,0.4548,-0.07611,1e-05,43.17622,281.7,0.1
2026-10-10T19:53:59Z,2026-11-27,48,68000.0,C,0.191,0.196,0.1934,83606.38,82992.27,0.445,0.91425,1e-05,47.24543,0.0,0.0
2026-10-10T19:53:59Z,2026-11-27,48,68000.0,P,0.0065,0.007,0.0068,83606.53,82992.27,0.445,-0.08575,1e-05,47.2448,248.3,0.1
2026-10-10T19:53:59Z,2026-11-27,48,69000.0,C,0.18,0.185,0.1822,83606.53,82992.27,0.4334,0.90427,1e-05,51.26694,0.0,0.0
2026-10-10T19:53:59Z,2026-11-27,48,69000.0,P,0.007,0.008,0.0075,83606.53,82992.27,0.4334,-0.09573,1e-05,51.26694,130.5,0.4
2026-10-10T19:53:59Z,2026-11-27,48,70000.0,C,0.169,0.1745,0.1713,83606.38,82992.27,0.4244,0.8919,1e-05,56.00944,3.3,0.0
2026-10-10T19:53:59Z,2026-11-27,48,70000.0,P,0.008,0.009,0.0085,83606.53,82992.27,0.4244,-0.1081,1e-05,56.00873,247.6,0.2
2026-10-10T19:53:59Z,2026-11-27,48,71000.0,C,0.1585,0.1635,0.1606,83606.53,82992.27,0.41729999999999995,0.87718,2e-05,61.32915,0.2,0.0
2026-10-10T19:53:59Z,2026-11-27,48,71000.0,P,0.0095,0.01,0.0098,83606.53,82992.27,0.41729999999999995,-0.12282,2e-05,61.32915,38.4,0.8
2026-10-10T19:53:59Z,2026-11-27,48,72000.0,C,0.147,0.153,0.1498,83606.38,82992.27,0.4078,0.86202,2e-05,66.47262,38.0,0.0
2026-10-10T19:53:59Z,2026-11-27,48,72000.0,P,0.0105,0.0115,0.011,83606.38,82992.27,0.4078,-0.13798,2e-05,66.47262,128.4,0.9
2026-10-10T19:53:59Z,2026-11-27,48,73000.0,C,0.1375,0.143,0.1397,83606.38,82992.27,0.40270000000000006,0.8429,2e-05,72.5132,0.6,0.0
2026-10-10T19:53:59Z,2026-11-27,48,73000.0,P,0.0125,0.013,0.0128,83605.58,82992.27,0.40270000000000006,-0.15712,2e-05,72.51731,102.2,0.2
2026-10-10T19:53:59Z,2026-11-27,48,74000.0,C,0.127,0.132,0.1294,83605.58,82992.27,0.3948,0.82333,2e-05,78.21879,0.4,0.0
2026-10-10T19:53:59Z,2026-11-27,48,74000.0,P,0.014,0.015,0.0145,83605.58,82992.27,0.3948,-0.17667,2e-05,78.21879,117.8,0.1
2026-10-10T19:53:59Z,2026-11-27,48,75000.0,C,0.1165,0.122,0.1199,83606.38,82992.27,0.39149999999999996,0.79946,2e-05,84.57796,288.8,0.0
2026-10-10T19:53:59Z,2026-11-27,48,75000.0,P,0.0165,0.017,0.017,83606.38,82992.27,0.39149999999999996,-0.20054,2e-05,84.57796,2203.5,45.2
2026-10-10T19:53:59Z,2026-11-27,48,76000.0,C,0.1095,0.1115,0.1104,83606.38,82992.27,0.38630000000000003,0.77464,3e-05,90.5419,27.5,0.0
2026-10-10T19:53:59Z,2026-11-27,48,76000.0,P,0.019,0.0195,0.0195,83606.38,82992.27,0.38630000000000003,-0.22536,3e-05,90.5419,176.7,0.2
2026-10-10T19:53:59Z,2026-11-27,48,77000.0,C,0.1005,0.1025,0.1014,83606.38,82992.27,0.3823,0.74724,3e-05,96.40591,79.5,0.0
2026-10-10T19:53:59Z,2026-11-27,48,77000.0,P,0.022,0.0225,0.0224,83605.58,82992.27,0.3823,-0.25278,3e-05,96.40944,345.3,45.6
2026-10-10T19:53:59Z,2026-11-27,48,78000.0,C,0.092,0.0935,0.0926,83606.38,82992.27,0.3771,0.71846,3e-05,101.80089,243.3,0.0
2026-10-10T19:53:59Z,2026-11-27,48,78000.0,P,0.0255,0.026,0.0255,83606.38,82992.27,0.3771,-0.28154,3e-05,101.80089,418.8,0.0
2026-10-10T19:53:59Z,2026-11-27,48,79000.0,C,0.0835,0.085,0.0845,83605.58,82992.27,0.3746,0.6868,3e-05,106.88177,134.0,0.0
2026-10-10T19:53:59Z,2026-11-27,48,79000.0,P,0.029,0.0295,0.0294,83606.38,82992.27,0.3746,-0.31317,3e-05,106.87911,194.6,0.1
2026-10-10T19:53:59Z,2026-11-27,48,80000.0,C,0.076,0.0775,0.0766,83606.38,82992.27,0.3714,0.65399,3e-05,111.24923,1146.9,0.0
2026-10-10T19:53:59Z,2026-11-27,48,80000.0,P,0.033,0.0335,0.0335,83605.74,82992.27,0.3713,-0.34603,3e-05,111.25087,564.8,13.4
2026-10-10T19:53:59Z,2026-11-27,48,81000.0,C,0.0685,0.07,0.0692,83605.74,82992.27,0.36840000000000006,0.61969,3e-05,114.87044,310.0,0.0
2026-10-10T19:53:59Z,2026-11-27,48,81000.0,P,0.038,0.0385,0.038,83605.74,82992.27,0.36840000000000006,-0.38031,3e-05,114.87044,567.2,0.0
2026-10-10T19:53:59Z,2026-11-27,48,82000.0,C,0.062,0.063,0.0623,83605.58,82992.27,0.3664,0.58426,4e-05,117.63365,119.1,0.1
2026-10-10T19:53:59Z,2026-11-27,48,82000.0,P,0.043,0.0435,0.0431,83605.58,82992.27,0.3664,-0.41574,4e-05,117.63365,166.7,1.5
2026-10-10T19:53:59Z,2026-11-27,48,83000.0,C,0.0555,0.0565,0.0559,83605.74,82992.27,0.3644,0.54817,4e-05,119.4494,110.5,0.0
2026-10-10T19:53:59Z,2026-11-27,48,83000.0,P,0.0485,0.049,0.0487,83605.74,82992.27,0.3644,-0.45183,4e-05,119.4494,183.1,0.0
2026-10-10T19:53:59Z,2026-11-27,48,84000.0,C,0.0495,0.0505,0.0499,83605.74,82992.27,0.3625,0.51174,4e-05,120.27561,105.4,1.2
2026-10-10T19:53:59Z,2026-11-27,48,84000.0,P,0.0545,0.0555,0.0547,83605.58,82992.27,0.3625,-0.48827,4e-05,120.27543,86.9,0.1
2026-10-10T19:53:59Z,2026-11-27,48,85000.0,C,0.044,0.045,0.0446,83605.58,82992.27,0.36210000000000003,0.47556,4e-05,120.10168,685.4,0.2
2026-10-10T19:53:59Z,2026-11-27,48,85000.0,P,0.061,0.062,0.0613,83605.58,82992.27,0.36210000000000003,-0.52444,4e-05,120.10168,314.3,0.0
2026-10-10T19:53:59Z,2026-11-27,48,86000.0,C,0.039,0.04,0.0398,83605.58,82992.27,0.36229999999999996,0.44011,4e-05,118.969,212.7,24.8
2026-10-10T19:53:59Z,2026-11-27,48,86000.0,P,0.068,0.069,0.0684,83605.58,82992.27,0.36229999999999996,-0.55989,4e-05,118.969,317.4,0.2
2026-10-10T19:53:59Z,2026-11-27,48,87000.0,C,0.0345,0.0355,0.0351,83605.58,82992.27,0.3611,0.40501,4e-05,116.89988,431.2,3.0
2026-10-10T19:53:59Z,2026-11-27,48,87000.0,P,0.0755,0.0765,0.0757,83605.74,82992.27,0.3611,-0.59499,4e-05,116.90052,32.8,0.0
2026-10-10T19:53:59Z,2026-11-27,48,88000.0,C,0.0305,0.0315,0.031,83605.58,82992.27,0.3602,0.37097,3e-05,113.97806,1351.6,2.0
2026-10-10T19:53:59Z,2026-11-27,48,88000.0,P,0.0825,0.0845,0.0835,83605.74,82992.27,0.3602,-0.62902,3e-05,113.97883,35.8,0.0
2026-10-10T19:53:59Z,2026-11-27,48,89000.0,C,0.027,0.0275,0.0274,83605.58,82992.27,0.36119999999999997,0.33921,3e-05,110.41671,538.2,2.1
2026-10-10T19:53:59Z,2026-11-27,48,89000.0,P,0.091,0.093,0.0919,83605.58,82992.27,0.36119999999999997,-0.66079,3e-05,110.41671,48.6,0.0
2026-10-10T19:53:59Z,2026-11-27,48,90000.0,C,0.0235,0.0245,0.024,83605.58,82992.27,0.3603,0.30781,3e-05,106.07859,3230.6,1.0
2026-10-10T19:53:59Z,2026-11-27,48,90000.0,P,0.0975,0.104,0.1004,83605.58,82992.27,0.3603,-0.69219,3e-05,106.07859,9.6,0.0
2026-10-10T19:53:59Z,2026-11-27,48,91000.0,C,0.0205,0.0215,0.021,83605.46,82992.27,0.3603,0.27862,3e-05,101.28659,227.9,0.0
2026-10-10T19:53:59Z,2026-11-27,48,91000.0,P,0.1065,0.1135,0.1094,83605.58,82992.27,0.3603,-0.72138,3e-05,101.28732,0.2,0.0
2026-10-10T19:53:59Z,2026-11-27,48,92000.0,C,0.018,0.019,0.0185,83605.58,82992.27,0.3618,0.25213,3e-05,96.27701,464.6,0.0
2026-10-10T19:53:59Z,2026-11-27,48,92000.0,P,0.115,0.122,0.1189,83605.74,82992.27,0.3618,-0.74787,3e-05,96.27814,2.1,0.0
2026-10-10T19:53:59Z,2026-11-27,48,93000.0,C,0.016,0.0165,0.0163,83605.58,82992.27,0.3635,0.22766,3e-05,91.06139,231.1,1.0
2026-10-10T19:53:59Z,2026-11-27,48,93000.0,P,0.1245,0.1325,0.1286,83605.74,82992.27,0.3635,-0.77233,3e-05,91.06255,50.0,0.0
2026-10-10T19:53:59Z,2026-11-27,48,94000.0,C,0.014,0.0145,0.0142,83605.58,82992.27,0.3641,0.20427,3e-05,85.51471,599.1,0.0
2026-10-10T19:53:59Z,2026-11-27,48,94000.0,P,0.1345,0.1425,0.1385,83605.58,82992.27,0.3641,-0.79573,3e-05,85.51471,4.0,0.0
2026-10-10T19:53:59Z,2026-11-27,48,95000.0,C,0.012,0.013,0.0125,83605.58,82992.27,0.36619999999999997,0.18379,2e-05,80.18249,1102.6,0.4
2026-10-10T19:53:59Z,2026-11-27,48,95000.0,P,0.145,0.152,0.1487,83605.74,82992.27,0.36619999999999997,-0.81621,2e-05,80.18369,0.1,0.0
2026-10-10T19:53:59Z,2026-11-27,48,96000.0,C,0.0105,0.0115,0.011,83605.74,82992.27,0.36840000000000006,0.16512,2e-05,74.906,363.7,0.4
2026-10-10T19:53:59Z,2026-11-27,48,96000.0,P,0.1555,0.1625,0.1592,83605.74,82992.27,0.36840000000000006,-0.83488,2e-05,74.906,0.0,0.0
2026-10-10T19:53:59Z,2026-11-27,48,97000.0,C,0.009,0.01,0.0095,83605.58,82992.27,0.36869999999999997,0.14667,2e-05,69.2754,323.3,0.1
2026-10-10T19:53:59Z,2026-11-27,48,97000.0,P,0.166,0.1735,0.1697,83605.74,82992.27,0.36869999999999997,-0.85333,2e-05,69.27658,0.0,0.0
2026-10-10T19:53:59Z,2026-11-27,48,98000.0,C,0.008,0.009,0.0085,83605.58,82992.27,0.37270000000000003,0.13256,2e-05,64.6715,855.7,6.2
2026-10-10T19:53:59Z,2026-11-27,48,98000.0,P,0.177,0.1845,0.1806,83605.74,82992.27,0.37270000000000003,-0.86743,2e-05,64.67265,0.0,0.0
2026-10-10T19:53:59Z,2026-11-27,48,99000.0,C,0.007,0.008,0.0075,83605.58,82992.27,0.3753,0.11886,2e-05,59.9288,46.4,0.2
2026-10-10T19:53:59Z,2026-11-27,48,99000.0,P,0.1875,0.1955,0.1916,83605.58,82992.27,0.3753,-0.88114,2e-05,59.9288,0.0,0.0
2026-10-10T19:53:59Z,2026-11-27,48,100000.0,C,0.006,0.0065,0.0064,83605.58,82992.27,0.3753,0.10476,2e-05,54.75252,579.7,50.1
2026-10-10T19:53:59Z,2026-11-27,48,100000.0,P,0.199,0.2065,0.2025,83605.91,82992.27,0.3753,-0.89524,2e-05,54.75511,26.1,0.0
2026-10-10T19:53:59Z,2026-11-27,48,102000.0,C,0.0048,0.0055,0.0051,83605.46,82992.27,0.3832,0.08543,1e-05,47.11377,541.4,0.1
2026-10-10T19:53:59Z,2026-11-27,48,102000.0,P,0.2215,0.229,0.2251,83605.46,82992.27,0.3832,-0.91457,1e-05,47.11377,5.0,0.0
2026-10-10T19:53:59Z,2026-11-27,48,104000.0,C,0.0038,0.0041,0.004,83605.46,82992.27,0.38770000000000004,0.06802,1e-05,39.6111,69.8,0.0
2026-10-10T19:53:59Z,2026-11-27,48,104000.0,P,0.244,0.252,0.2479,83605.46,82992.27,0.38770000000000004,-0.93198,1e-05,39.6111,0.0,0.0
2026-10-10T19:53:59Z,2026-11-27,48,105000.0,C,0.0034,0.0037,0.0036,83605.46,82992.27,0.3914,0.06141,1e-05,36.58953,32.0,1.5
2026-10-10T19:53:59Z,2026-11-27,48,105000.0,P,0.2555,0.2635,0.2594,83605.46,82992.27,0.3914,-0.93859,1e-05,36.58953,3.9,0.0
2026-10-10T19:53:59Z,2026-11-27,48,106000.0,C,0.003,0.0033,0.0032,83605.91,82992.27,0.3944,0.05514,1e-05,33.62105,31.3,0.8
2026-10-10T19:53:59Z,2026-11-27,48,106000.0,P,0.267,0.275,0.271,83605.91,82992.27,0.3944,-0.94486,1e-05,33.62105,0.0,0.0
2026-10-10T19:53:59Z,2026-11-27,48,108000.0,C,0.0023,0.0025,0.0025,83605.46,82992.27,0.3997,0.04424,1e-05,28.20161,104.8,0.0
2026-10-10T19:53:59Z,2026-11-27,48,108000.0,P,0.29,0.2985,0.2943,83605.91,82992.27,0.3997,-0.95575,1e-05,28.20355,0.0,0.0
2026-10-10T19:53:59Z,2026-11-27,48,110000.0,C,0.0018,0.0022,0.002,83605.46,82992.27,0.4064,0.03608,1e-05,23.89168,357.6,0.0
2026-10-10T19:53:59Z,2026-11-27,48,110000.0,P,0.3135,0.3225,0.3177,83605.46,82992.27,0.4064,-0.96392,1e-05,23.89168,0.0,0.0
2026-10-10T19:53:59Z,2026-11-27,48,112000.0,C,0.0014,0.0016,0.0016,83605.46,82992.27,0.41350000000000003,0.02968,1e-05,20.34161,10.5,0.4
2026-10-10T19:53:59Z,2026-11-27,48,112000.0,P,0.337,0.3455,0.3412,83605.46,82992.27,0.41350000000000003,-0.97032,1e-05,20.34161,0.0,0.0
2026-10-10T19:53:59Z,2026-11-27,48,115000.0,C,0.001,0.0014,0.0012,83605.91,82992.27,0.4228,0.02202,0.0,15.84068,67.7,1.0
2026-10-10T19:53:59Z,2026-11-27,48,115000.0,P,0.3725,0.3815,0.3767,83605.91,82992.27,0.4228,-0.97798,0.0,15.84068,0.2,0.0
2026-10-10T19:53:59Z,2026-11-27,48,120000.0,C,0.0008,0.0009,0.0009,83605.91,82992.27,0.4487,0.01572,0.0,11.89084,122.9,0.0
2026-10-10T19:53:59Z,2026-11-27,48,120000.0,P,0.4315,0.441,0.4362,83605.74,82992.27,0.4487,-0.98428,0.0,11.89054,8.8,0.0
2026-10-10T19:53:59Z,2026-12-25,76,20000.0,C,0.761,0.7625,0.7618,83916.24,82992.27,1.1231,0.9989,0.0,1.39761,5.1,0.0
2026-10-10T19:53:59Z,2026-12-25,76,20000.0,P,0.0001,0.0003,0.0002,83916.34,82992.27,1.1231,-0.0011,0.0,1.3976,945.3,0.0
2026-10-10T19:53:59Z,2026-12-25,76,30000.0,C,0.642,0.644,0.6429,83916.24,82992.27,0.8925,0.9969,0.0,3.59672,300.8,0.0
2026-10-10T19:53:59Z,2026-12-25,76,30000.0,P,0.0003,0.0005,0.0004,83916.34,82992.27,0.8925,-0.0031,0.0,3.5967,2298.2,1.2
2026-10-10T19:53:59Z,2026-12-25,76,35000.0,C,0.5825,0.5845,0.5837,83916.24,82992.27,0.8243,0.99413,0.0,6.36431,87.9,0.0
2026-10-10T19:53:59Z,2026-12-25,76,35000.0,P,0.0007,0.0008,0.0008,83916.24,82992.27,0.8243,-0.00587,0.0,6.36431,2149.6,0.2
2026-10-10T19:53:59Z,2026-12-25,76,40000.0,C,0.5235,0.5255,0.5246,83916.24,82992.27,0.7517,0.99031,0.0,9.8965,253.2,0.0
2026-10-10T19:53:59Z,2026-12-25,76,40000.0,P,0.0012,0.0013,0.0013,83916.24,82992.27,0.7517,-0.00969,0.0,9.8965,4997.8,0.6
2026-10-10T19:53:59Z,2026-12-25,76,45000.0,C,0.4635,0.4675,0.4655,83916.24,82992.27,0.6725,0.98575,0.0,13.83228,94.5,0.0
2026-10-10T19:53:59Z,2026-12-25,76,45000.0,P,0.0016,0.0017,0.0017,83916.24,82992.27,0.6725,-0.01425,0.0,13.83228,2731.8,0.1
2026-10-10T19:53:59Z,2026-12-25,76,50000.0,C,0.4045,0.409,0.4067,83916.24,82992.27,0.607,0.97798,0.0,20.04857,259.8,0.0
2026-10-10T19:53:59Z,2026-12-25,76,50000.0,P,0.0023,0.0026,0.0025,83916.24,82992.27,0.607,-0.02202,0.0,20.04857,2222.2,0.2
2026-10-10T19:53:59Z,2026-12-25,76,52000.0,C,0.3815,0.385,0.3832,83916.24,82992.27,0.5802,0.97415,0.0,22.94176,0.1,0.0
2026-10-10T19:53:59Z,2026-12-25,76,52000.0,P,0.0026,0.003,0.0028,83916.24,82992.27,0.5802,-0.02585,0.0,22.94176,439.3,0.1
2026-10-10T19:53:59Z,2026-12-25,76,54000.0,C,0.3575,0.362,0.3598,83916.34,82992.27,0.5569,0.96906,0.0,26.63934,32.2,0.0
2026-10-10T19:53:59Z,2026-12-25,76,54000.0,P,0.0031,0.0033,0.0033,83916.34,82992.27,0.5569,-0.03094,0.0,26.63934,1916.1,1.3
2026-10-10T19:53:59Z,2026-12-25,76,55000.0,C,0.346,0.3505,0.3482,83916.61,82992.27,0.5462,0.966,0.0,28.79601,127.4,0.0
2026-10-10T19:53:59Z,2026-12-25,76,55000.0,P,0.0034,0.0038,0.0036,83916.61,82992.27,0.5462,-0.034,0.0,28.79601,3189.9,0.0
2026-10-10T19:53:59Z,2026-12-25,76,56000.0,C,0.3345,0.339,0.3366,83916.61,82992.27,0.5347999999999999,0.96282,0.0,30.98787,42.2,0.0
2026-10-10T19:53:59Z,2026-12-25,76,56000.0,P,0.0039,0.0041,0.004,83916.61,82992.27,0.5347999999999999,-0.03718,0.0,30.98787,622.2,0.0
2026-10-10T19:53:59Z,2026-12-25,76,58000.0,C,0.311,0.316,0.3135,83916.61,82992.27,0.5127,0.95551,0.0,35.84733,40.3,0.0
2026-10-10T19:53:59Z,2026-12-25,76,58000.0,P,0.0044,0.0049,0.0047,83916.61,82992.27,0.5127,-0.04449,0.0,35.84733,1823.1,0.0
2026-10-10T19:53:59Z,2026-12-25,76,60000.0,C,0.2885,0.293,0.2905,83916.61,82992.27,0.4914,0.94662,1e-05,41.46559,784.1,0.0
2026-10-10T19:53:59Z,2026-12-25,76,60000.0,P,0.005,0.006,0.0055,83916.61,82992.27,0.4914,-0.05338,1e-05,41.46559,6688.4,15.0
2026-10-10T19:53:59Z,2026-12-25,76,62000.0,C,0.266,0.2705,0.2677,83916.61,82992.27,0.4704,0.93595,1e-05,47.84263,247.1,0.0
2026-10-10T19:53:59Z,2026-12-25,76,62000.0,P,0.006,0.007,0.0065,83916.61,82992.27,0.4704,-0.06405,1e-05,47.84263,1557.6,0.0
2026-10-10T19:53:59Z,2026-12-25,76,64000.0,C,0.243,0.2485,0.2453,83916.61,82992.27,0.4546,0.92131,1e-05,56.03846,404.8,0.0
2026-10-10T19:53:59Z,2026-12-25,76,64000.0,P,0.0075,0.0085,0.008,83916.61,82992.27,0.4546,-0.07869,1e-05,56.03846,376.4,0.0
2026-10-10T19:53:59Z,2026-12-25,76,65000.0,C,0.2315,0.2375,0.2342,83916.61,82992.27,0.4451,0.91355,1e-05,60.14888,916.8,0.0
2026-10-10T19:53:59Z,2026-12-25,76,65000.0,P,0.0085,0.009,0.0088,83916.41,82992.27,0.4451,-0.08645,1e-05,60.14971,834.8,5.5
2026-10-10T19:53:59Z,2026-12-25,76,66000.0,C,0.2205,0.2265,0.2233,83916.61,82992.27,0.43810000000000004,0.90406,1e-05,64.97839,267.2,0.0
2026-10-10T19:53:59Z,2026-12-25,76,66000.0,P,0.0095,0.01,0.0098,83916.61,82992.27,0.43810000000000004,-0.09594,1e-05,64.97839,401.4,0.0
2026-10-10T19:53:59Z,2026-12-25,76,68000.0,C,0.199,0.205,0.2017,83916.61,82992.27,0.42310000000000003,0.8828,1e-05,75.08407,1023.2,0.0
2026-10-10T19:53:59Z,2026-12-25,76,68000.0,P,0.0115,0.0125,0.012,83916.61,82992.27,0.42310000000000003,-0.1172,1e-05,75.08407,738.6,5.2
2026-10-10T19:53:59Z,2026-12-25,76,70000.0,C,0.1785,0.1835,0.1809,83916.61,82992.27,0.4111,0.85617,1e-05,86.51744,1884.7,0.0
2026-10-10T19:53:59Z,2026-12-25,76,70000.0,P,0.0145,0.0155,0.015,83916.61,82992.27,0.4111,-0.14383,1e-05,86.51744,2727.3,27.8
2026-10-10T19:53:59Z,2026-12-25,76,72000.0,C,0.1585,0.1635,0.1609,83916.61,82992.27,0.40159999999999996,0.82379,2e-05,98.81568,1201.7,0.0
2026-10-10T19:53:59Z,2026-12-25,76,72000.0,P,0.0185,0.019,0.0189,83916.41,82992.27,0.40159999999999996,-0.17621,2e-05,98.81664,782.8,176.4
2026-10-10T19:53:59Z,2026-12-25,76,74000.0,C,0.14,0.1445,0.1417,83916.41,82992.27,0.3912,0.78693,2e-05,110.93654,137.7,0.0
2026-10-10T19:53:59Z,2026-12-25,76,74000.0,P,0.023,0.024,0.0235,83916.41,82992.27,0.3912,-0.21307,2e-05,110.93654,320.5,26.1
2026-10-10T19:53:59Z,2026-12-25,76,75000.0,C,0.13,0.1355,0.1328,83916.41,82992.27,0.3887,0.76541,2e-05,117.17463,1925.5,0.0
2026-10-10T19:53:59Z,2026-12-25,76,75000.0,P,0.026,0.027,0.0265,83916.61,82992.27,0.3887,-0.23459,2e-05,117.17377,2466.3,31.2
2026-10-10T19:53:59Z,2026-12-25,76,76000.0,C,0.123,0.125,0.1239,83916.61,82992.27,0.38439999999999996,0.7435,2e-05,122.93295,476.7,0.0
2026-10-10T19:53:59Z,2026-12-25,76,76000.0,P,0.029,0.03,0.0296,83916.61,82992.27,0.38439999999999996,-0.2565,2e-05,122.93295,439.2,0.0
2026-10-10T19:53:59Z,2026-12-25,76,78000.0,C,0.107,0.1085,0.1076,83916.61,82992.27,0.38020000000000004,0.69471,2e-05,133.74634,1636.3,0.5
2026-10-10T19:53:59Z,2026-12-25,76,78000.0,P,0.0365,0.0375,0.0371,83916.41,82992.27,0.38020000000000004,-0.30529,2e-05,133.74696,1349.4,1.0
2026-10-10T19:53:59Z,2026-12-25,76,80000.0,C,0.0915,0.0935,0.0923,83916.61,82992.27,0.37479999999999997,0.64268,3e-05,142.41927,8639.3,0.0
2026-10-10T19:53:59Z,2026-12-25,76,80000.0,P,0.045,0.046,0.0456,83916.61,82992.27,0.37479999999999997,-0.35732,3e-05,142.41927,2365.6,31.1
2026-10-10T19:53:59Z,2026-12-25,76,82000.0,C,0.078,0.079,0.0785,83916.41,82992.27,0.3709,0.58757,3e-05,148.58061,1319.4,0.0
2026-10-10T19:53:59Z,2026-12-25,76,82000.0,P,0.0555,0.056,0.0557,83916.41,82992.27,0.3709,-0.41243,3e-05,148.58061,881.4,2.0
2026-10-10T19:53:59Z,2026-12-25,76,84000.0,C,0.066,0.067,0.0665,83916.61,82992.27,0.3696,0.53115,3e-05,151.79966,1275.5,0.0
2026-10-10T19:53:59Z,2026-12-25,76,84000.0,P,0.0665,0.068,0.0675,83916.68,82992.27,0.3696,-0.46885,3e-05,151.79972,265.3,0.0
2026-10-10T19:53:59Z,2026-12-25,76,85000.0,C,0.0605,0.0615,0.061,83916.83,82992.27,0.3688,0.50295,3e-05,152.26016,3486.8,0.0
2026-10-10T19:53:59Z,2026-12-25,76,85000.0,P,0.073,0.074,0.0739,83916.68,82992.27,0.3688,-0.49705,3e-05,152.2599,608.6,0.0
2026-10-10T19:53:59Z,2026-12-25,76,86000.0,C,0.0555,0.056,0.0556,83916.68,82992.27,0.36700000000000005,0.4747,3e-05,151.95765,1023.4,0.0
2026-10-10T19:53:59Z,2026-12-25,76,86000.0,P,0.08,0.081,0.0805,83916.68,82992.27,0.36700000000000005,-0.5253,3e-05,151.95765,108.9,0.0
2026-10-10T19:53:59Z,2026-12-25,76,88000.0,C,0.0465,0.047,0.0465,83916.68,82992.27,0.3671,0.4203,3e-05,149.21548,4636.6,15.5
2026-10-10T19:53:59Z,2026-12-25,76,88000.0,P,0.0945,0.0955,0.0952,83916.68,82992.27,0.3671,-0.5797,3e-05,149.21548,153.8,0.0
2026-10-10T19:53:59Z,2026-12-25,76,90000.0,C,0.0385,0.039,0.0387,83916.68,82992.27,0.3675,0.36879,3e-05,143.95193,3982.3,100.0
2026-10-10T19:53:59Z,2026-12-25,76,90000.0,P,0.108,0.114,0.1112,83916.83,82992.27,0.3675,-0.63121,3e-05,143.9527,652.3,0.0
2026-10-10T19:53:59Z,2026-12-25,76,92000.0,C,0.0315,0.0325,0.0319,83916.68,82992.27,0.3676,0.32047,3e-05,136.57204,811.4,2.0
2026-10-10T19:53:59Z,2026-12-25,76,92000.0,P,0.125,0.1325,0.1283,83916.68,82992.27,0.3676,-0.67953,3e-05,136.57204,23.4,0.0
2026-10-10T19:53:59Z,2026-12-25,76,94000.0,C,0.026,0.027,0.0265,83916.68,82992.27,0.36950000000000005,0.27723,2e-05,127.85756,744.6,1.0
2026-10-10T19:53:59Z,2026-12-25,76,94000.0,P,0.143,0.15,0.1466,83916.68,82992.27,0.36950000000000005,-0.72277,2e-05,127.85756,5.9,0.0
2026-10-10T19:53:59Z,2026-12-25,76,95000.0,C,0.0235,0.0245,0.024,83916.68,82992.27,0.3699,0.25683,2e-05,123.01709,2336.8,0.2
2026-10-10T19:53:59Z,2026-12-25,76,95000.0,P,0.1525,0.1595,0.156,83916.68,82992.27,0.3699,-0.74317,2e-05,123.01709,144.0,0.0
2026-10-10T19:53:59Z,2026-12-25,76,96000.0,C,0.0215,0.022,0.0217,83916.68,82992.27,0.3709,0.23791,2e-05,118.08374,1508.2,5.8
2026-10-10T19:53:59Z,2026-12-25,76,96000.0,P,0.1625,0.1695,0.1657,83916.83,82992.27,0.3709,-0.76209,2e-05,118.08484,51.0,0.0
2026-10-10T19:53:59Z,2026-12-25,76,98000.0,C,0.0175,0.0185,0.018,83916.83,82992.27,0.3736,0.20378,2e-05,108.05894,986.9,1.1
2026-10-10T19:53:59Z,2026-12-25,76,98000.0,P,0.181,0.1895,0.1858,83916.68,82992.27,0.3736,-0.79622,2e-05,108.0578,4.4,0.1
2026-10-10T19:53:59Z,2026-12-25,76,100000.0,C,0.0145,0.0155,0.0149,83916.83,82992.27,0.377,0.17439,2e-05,98.16566,5883.0,2.0
2026-10-10T19:53:59Z,2026-12-25,76,100000.0,P,0.202,0.2105,0.2066,83916.56,82992.27,0.377,-0.82562,2e-05,98.16317,303.1,0.0
2026-10-10T19:53:59Z,2026-12-25,76,102000.0,C,0.012,0.0125,0.0121,83916.56,82992.27,0.37770000000000004,0.14686,2e-05,87.7396,544.7,0.3
2026-10-10T19:53:59Z,2026-12-25,76,102000.0,P,0.2225,0.2315,0.2276,83916.56,82992.27,0.37770000000000004,-0.85314,2e-05,87.7396,7.8,0.0
2026-10-10T19:53:59Z,2026-12-25,76,104000.0,C,0.01,0.0105,0.0101,83916.56,82992.27,0.3822,0.12563,1e-05,78.84199,175.8,0.1
2026-10-10T19:53:59Z,2026-12-25,76,104000.0,P,0.2455,0.254,0.2494,83916.56,82992.27,0.3822,-0.87437,1e-05,78.84199,0.3,0.0
2026-10-10T19:53:59Z,2026-12-25,76,105000.0,C,0.009,0.0095,0.0092,83916.56,82992.27,0.38439999999999996,0.11614,1e-05,74.60309,1061.6,0.1
2026-10-10T19:53:59Z,2026-12-25,76,105000.0,P,0.256,0.2645,0.2605,83916.56,82992.27,0.38439999999999996,-0.88386,1e-05,74.60309,107.5,0.0
2026-10-10T19:53:59Z,2026-12-25,76,106000.0,C,0.008,0.009,0.0085,83916.71,82992.27,0.387,0.10763,1e-05,70.65057,614.3,0.0
2026-10-10T19:53:59Z,2026-12-25,76,106000.0,P,0.267,0.276,0.2716,83916.71,82992.27,0.387,-0.89237,1e-05,70.65057,0.2,0.0
2026-10-10T19:53:59Z,2026-12-25,76,108000.0,C,0.0065,0.0075,0.007,83916.56,82992.27,0.3896,0.09088,1e-05,62.43038,166.1,0.7
2026-10-10T19:53:59Z,2026-12-25,76,108000.0,P,0.29,0.2985,0.294,83916.71,82992.27,0.3896,-0.90911,1e-05,62.43133,0.1,0.0
2026-10-10T19:53:59Z,2026-12-25,76,110000.0,C,0.006,0.0065,0.006,83916.56,82992.27,0.39640000000000003,0.0791,1e-05,56.25973,2968.3,0.8
2026-10-10T19:53:59Z,2026-12-25,76,110000.0,P,0.312,0.321,0.3168,83916.71,82992.27,0.39640000000000003,-0.92089,1e-05,56.26062,81.6,0.0
2026-10-10T19:53:59Z,2026-12-25,76,115000.0,C,0.004,0.0042,0.0041,83916.56,82992.27,0.4102,0.05528,1e-05,42.62624,2325.2,0.0
2026-10-10T19:53:59Z,2026-12-25,76,115000.0,P,0.3695,0.3795,0.3745,83916.56,82992.27,0.4102,-0.94472,1e-05,42.62624,5.0,0.0
2026-10-10T19:53:59Z,2026-12-25,76,120000.0,C,0.0025,0.003,0.0027,83916.56,82992.27,0.42090000000000005,0.03814,1e-05,31.63851,5956.0,0.0
2026-10-10T19:53:59Z,2026-12-25,76,120000.0,P,0.4275,0.4375,0.4327,83916.56,82992.27,0.42090000000000005,-0.96186,1e-05,31.63851,35.9,0.0
2026-10-10T19:53:59Z,2026-12-25,76,125000.0,C,0.0018,0.0022,0.002,83916.56,82992.27,0.43579999999999997,0.02797,0.0,24.49966,520.9,0.0
2026-10-10T19:53:59Z,2026-12-25,76,125000.0,P,0.4865,0.4965,0.4916,83916.56,82992.27,0.43579999999999997,-0.97203,0.0,24.49966,9.3,0.0
2026-10-10T19:53:59Z,2026-12-25,76,130000.0,C,0.0013,0.0014,0.0014,83916.56,82992.27,0.4483,0.02045,0.0,18.82994,1569.6,0.0
2026-10-10T19:53:59Z,2026-12-25,76,130000.0,P,0.5465,0.5565,0.5506,83916.56,82992.27,0.4483,-0.97955,0.0,18.82994,57.0,0.0
2026-10-10T19:53:59Z,2026-12-25,76,135000.0,C,0.001,0.0013,0.0011,83916.56,82992.27,0.46520000000000006,0.01612,0.0,15.37481,1525.7,3.0
2026-10-10T19:53:59Z,2026-12-25,76,135000.0,P,0.603,0.615,0.6099,83916.56,82992.27,0.46520000000000006,-0.98388,0.0,15.37481,0.7,0.0
2026-10-10T19:53:59Z,2026-12-25,76,140000.0,C,0.0007,0.001,0.0008,83916.71,82992.27,0.4757,0.01199,0.0,11.9099,1419.4,0.5
2026-10-10T19:53:59Z,2026-12-25,76,140000.0,P,0.663,0.675,0.6692,83916.56,82992.27,0.4757,-0.98801,0.0,11.90966,0.3,0.0
2026-10-10T19:53:59Z,2026-12-25,76,150000.0,C,0.0004,0.0007,0.0005,83916.56,82992.27,0.4993,0.00726,0.0,7.67749,1771.7,0.0
2026-10-10T19:53:59Z,2026-12-25,76,150000.0,P,0.7815,0.794,0.788,83916.71,82992.27,0.4993,-0.99274,0.0,7.67765,4.4,0.0
2026-10-10T19:53:59Z,2026-12-25,76,160000.0,C,0.0003,0.0004,0.0003,83916.56,82992.27,0.5257999999999999,0.00495,0.0,5.47234,1393.6,0.0
2026-10-10T19:53:59Z,2026-12-25,76,160000.0,P,0.8995,0.913,0.907,83916.56,82992.27,0.5257999999999999,-0.99505,0.0,5.47234,0.1,0.0
2026-10-10T19:53:59Z,2026-12-25,76,170000.0,C,0.0002,0.0004,0.0003,83916.71,82992.27,0.5511,0.00356,0.0,4.07397,2018.6,5.0
2026-10-10T19:53:59Z,2026-12-25,76,170000.0,P,1.017,1.0345,1.0261,83916.56,82992.27,0.5511,-0.99644,0.0,4.07389,0.1,0.0
2026-10-10T19:53:59Z,2026-12-25,76,180000.0,C,0.0001,0.0003,0.0002,83916.56,82992.27,0.5767,0.00273,0.0,3.21115,941.1,0.1
2026-10-10T19:53:59Z,2026-12-25,76,180000.0,P,1.1355,1.1545,1.1452,83916.71,82992.27,0.5767,-0.99727,0.0,3.21122,0.1,0.0
2026-10-10T19:53:59Z,2026-12-25,76,190000.0,C,0.0001,0.0003,0.0002,83916.56,82992.27,0.6063000000000001,0.00236,0.0,2.81061,1025.9,0.0
2026-10-10T19:53:59Z,2026-12-25,76,190000.0,P,1.254,1.274,1.2643,83916.56,82992.27,0.6063000000000001,-0.99764,0.0,2.81061,0.0,0.0
2026-10-10T19:53:59Z,2026-12-25,76,200000.0,C,0.0001,0.0002,0.0002,83916.62,82992.27,0.6333,0.00205,0.0,2.46952,962.4,0.0
2026-10-10T19:53:59Z,2026-12-25,76,200000.0,P,1.3725,1.394,1.3835,83916.62,82992.27,0.6333,-0.99795,0.0,2.46952,0.0,0.0
2026-10-10T19:53:59Z,2026-12-25,76,210000.0,C,0.0001,0.0002,0.0001,83916.67,82992.27,0.6583,0.00178,0.0,2.18184,162.5,0.0
2026-10-10T19:53:59Z,2026-12-25,76,210000.0,P,1.491,1.5135,1.5026,83916.62,82992.27,0.6583,-0.99822,0.0,2.18182,0.0,0.0
2026-10-10T19:53:59Z,2026-12-25,76,220000.0,C,0.0001,0.0002,0.0001,83916.62,82992.27,0.6876000000000001,0.00172,0.0,2.10876,252.8,0.0
2026-10-10T19:53:59Z,2026-12-25,76,220000.0,P,1.6095,1.6335,1.6218,83916.67,82992.27,0.6876000000000001,-0.99828,0.0,2.10877,0.0,0.0
2026-10-10T19:53:59Z,2026-12-25,76,230000.0,C,0.0001,0.0002,0.0001,83916.67,82992.27,0.7154,0.00166,0.0,2.04448,191.0,0.0
2026-10-10T19:53:59Z,2026-12-25,76,230000.0,P,1.728,1.753,1.741,83916.67,82992.27,0.7154,-0.99834,0.0,2.04448,0.0,0.0
2026-10-10T19:53:59Z,2026-12-25,76,240000.0,C,0.0001,0.0002,0.0001,83916.67,82992.27,0.7418,0.00161,0.0,1.98739,780.5,0.0
2026-10-10T19:53:59Z,2026-12-25,76,240000.0,P,1.8455,1.873,1.8601,83916.67,82992.27,0.7418,-0.99839,0.0,1.98739,0.0,0.0
2026-10-10T19:53:59Z,2026-12-25,76,250000.0,C,0.0,0.0002,0.0001,83916.67,82992.27,0.7521,0.00126,0.0,1.59113,1282.4,0.0
2026-10-10T19:53:59Z,2026-12-25,76,250000.0,P,1.965,1.993,1.9793,83916.67,82992.27,0.7521,-0.99874,0.0,1.59113,10.0,0.0
2026-10-10T19:53:59Z,2027-03-26,167,35000.0,C,0.5895,0.5915,0.5903,85007.25,82992.27,0.6423000000000001,0.98817,0.0,17.71624,21.8,0.0
2026-10-10T19:53:59Z,2027-03-26,167,35000.0,P,0.002,0.0022,0.0021,85007.3,82992.27,0.6423000000000001,-0.01183,0.0,17.7162,618.9,0.1
2026-10-10T19:53:59Z,2027-03-26,167,40000.0,C,0.5315,0.5335,0.5325,85007.3,82992.27,0.5912,0.98159,0.0,25.91213,82.1,0.0
2026-10-10T19:53:59Z,2027-03-26,167,40000.0,P,0.0029,0.0032,0.0031,85007.3,82992.27,0.5912,-0.01841,0.0,25.91213,1954.2,1.7
2026-10-10T19:53:59Z,2027-03-26,167,45000.0,C,0.474,0.4765,0.4755,85007.3,82992.27,0.552,0.97079,0.0,38.21123,4.8,0.0
2026-10-10T19:53:59Z,2027-03-26,167,45000.0,P,0.0045,0.005,0.0048,85007.3,82992.27,0.552,-0.02921,0.0,38.21123,254.0,0.6
2026-10-10T19:53:59Z,2027-03-26,167,50000.0,C,0.4165,0.4215,0.4189,85007.3,82992.27,0.512,0.95614,0.0,53.30845,21.6,0.0
2026-10-10T19:53:59Z,2027-03-26,167,50000.0,P,0.007,0.0075,0.0071,85007.3,82992.27,0.512,-0.04386,0.0,53.30845,2331.0,0.0
2026-10-10T19:53:59Z,2027-03-26,167,52000.0,C,0.394,0.399,0.3968,85007.3,82992.27,0.5004,0.94774,0.0,61.33679,6.0,0.0
2026-10-10T19:53:59Z,2027-03-26,167,52000.0,P,0.008,0.009,0.0085,85007.3,82992.27,0.5004,-0.05226,0.0,61.33679,323.6,0.1
2026-10-10T19:53:59Z,2027-03-26,167,54000.0,C,0.372,0.377,0.3743,85007.25,82992.27,0.4814,0.94041,0.0,68.03025,0.1,0.0
2026-10-10T19:53:59Z,2027-03-26,167,54000.0,P,0.009,0.01,0.0095,85007.3,82992.27,0.4814,-0.05959,0.0,68.0301,78.7,0.0
2026-10-10T19:53:59Z,2027-03-26,167,55000.0,C,0.3605,0.366,0.3636,85007.3,82992.27,0.4782,0.93443,0.0,73.29078,29.5,0.0
2026-10-10T19:53:59Z,2027-03-26,167,55000.0,P,0.0105,0.011,0.0106,85007.3,82992.27,0.4782,-0.06557,0.0,73.29078,1160.5,0.0
2026-10-10T19:53:59Z,2027-03-26,167,56000.0,C,0.349,0.355,0.3527,85007.3,82992.27,0.47259999999999996,0.92883,1e-05,78.0812,14.4,0.0
2026-10-10T19:53:59Z,2027-03-26,167,56000.0,P,0.011,0.012,0.0115,85007.3,82992.27,0.47259999999999996,-0.07117,1e-05,78.0812,132.1,0.0
2026-10-10T19:53:59Z,2027-03-26,167,58000.0,C,0.328,0.3335,0.3312,85007.06,82992.27,0.4607,0.91683,1e-05,87.89038,4.3,0.0
2026-10-10T19:53:59Z,2027-03-26,167,58000.0,P,0.013,0.014,0.0135,85007.06,82992.27,0.4607,-0.08317,1e-05,87.89038,150.9,0.0
2026-10-10T19:53:59Z,2027-03-26,167,60000.0,C,0.3065,0.3125,0.3097,85007.06,82992.27,0.447,0.90402,1e-05,97.77543,647.9,0.0
2026-10-10T19:53:59Z,2027-03-26,167,60000.0,P,0.015,0.016,0.0155,85007.06,82992.27,0.447,-0.09598,1e-05,97.77543,968.2,0.0
2026-10-10T19:53:59Z,2027-03-26,167,62000.0,C,0.2855,0.292,0.289,85007.06,82992.27,0.43810000000000004,0.88771,1e-05,109.5626,51.3,0.0
2026-10-10T19:53:59Z,2027-03-26,167,62000.0,P,0.018,0.019,0.0184,85007.06,82992.27,0.43810000000000004,-0.11229,1e-05,109.5626,444.4,0.0
2026-10-10T19:53:59Z,2027-03-26,167,64000.0,C,0.266,0.2715,0.2686,85007.06,82992.27,0.42829999999999996,0.86991,1e-05,121.51622,137.9,0.0
2026-10-10T19:53:59Z,2027-03-26,167,64000.0,P,0.021,0.022,0.0215,85007.06,82992.27,0.42829999999999996,-0.13009,1e-05,121.51622,124.7,0.1
2026-10-10T19:53:59Z,2027-03-26,167,65000.0,C,0.256,0.2615,0.2588,85007.06,82992.27,0.4244,0.85981,1e-05,127.91128,229.7,0.0
2026-10-10T19:53:59Z,2027-03-26,167,65000.0,P,0.023,0.024,0.0234,85007.06,82992.27,0.4244,-0.14019,1e-05,127.91128,897.5,0.0
2026-10-10T19:53:59Z,2027-03-26,167,66000.0,C,0.246,0.252,0.2489,85007.06,82992.27,0.4199,0.84946,1e-05,134.18487,23.9,0.0
2026-10-10T19:53:59Z,2027-03-26,167,66000.0,P,0.025,0.026,0.0253,85007.06,82992.27,0.4199,-0.15054,1e-05,134.18487,98.4,0.0
2026-10-10T19:53:59Z,2027-03-26,167,68000.0,C,0.227,0.233,0.2296,85007.06,82992.27,0.4114,0.82697,1e-05,146.93662,191.1,0.0
2026-10-10T19:53:59Z,2027-03-26,167,68000.0,P,0.029,0.03,0.0295,85007.06,82992.27,0.4114,-0.17303,1e-05,146.93662,581.1,1.0
2026-10-10T19:53:59Z,2027-03-26,167,70000.0,C,0.208,0.2145,0.2113,85007.06,82992.27,0.4056,0.80121,1e-05,160.15203,770.5,0.0
2026-10-10T19:53:59Z,2027-03-26,167,70000.0,P,0.0345,0.0355,0.0348,85007.31,82992.27,0.4056,-0.19879,1e-05,160.15105,530.8,0.0
2026-10-10T19:53:59Z,2027-03-26,167,72000.0,C,0.191,0.1965,0.1938,85007.06,82992.27,0.40020000000000006,0.77322,1e-05,172.96243,89.1,0.1
2026-10-10T19:53:59Z,2027-03-26,167,72000.0,P,0.04,0.0415,0.0408,85007.08,82992.27,0.40020000000000006,-0.22678,1e-05,172.9623,599.8,0.0
2026-10-10T19:53:59Z,2027-03-26,167,74000.0,C,0.176,0.178,0.1768,85007.13,82992.27,0.3943,0.7434,1e-05,184.96726,66.8,0.0
2026-10-10T19:53:59Z,2027-03-26,167,74000.0,P,0.047,0.048,0.0474,85007.13,82992.27,0.3943,-0.2566,1e-05,184.96726,228.8,1.5
2026-10-10T19:53:59Z,2027-03-26,167,75000.0,C,0.168,0.17,0.169,85007.08,82992.27,0.3931,0.72725,1e-05,190.79826,1.7,0.0
2026-10-10T19:53:59Z,2027-03-26,167,75000.0,P,0.0505,0.052,0.0513,85007.13,82992.27,0.3931,-0.27275,1e-05,190.79812,51.3,0.6
2026-10-10T19:53:59Z,2027-03-26,167,76000.0,C,0.16,0.1625,0.1611,85007.13,82992.27,0.3907,0.71104,2e-05,196.20194,541.7,0.0
2026-10-10T19:53:59Z,2027-03-26,167,76000.0,P,0.0545,0.0555,0.0552,85007.13,82992.27,0.3907,-0.28896,2e-05,196.20194,724.9,7.5
2026-10-10T19:53:59Z,2027-03-26,167,78000.0,C,0.1455,0.1475,0.1463,85007.13,82992.27,0.3872,0.67714,2e-05,206.08267,647.6,0.0
2026-10-10T19:53:59Z,2027-03-26,167,78000.0,P,0.063,0.0645,0.0638,85007.13,82992.27,0.3872,-0.32286,2e-05,206.08267,462.8,9.4
2026-10-10T19:53:59Z,2027-03-26,167,80000.0,C,0.1315,0.1335,0.1327,85007.13,82992.27,0.3856,0.64182,2e-05,214.42049,1562.0,0.0
2026-10-10T19:53:59Z,2027-03-26,167,80000.0,P,0.073,0.0745,0.0738,85007.13,82992.27,0.3856,-0.35818,2e-05,214.42049,423.2,0.0
2026-10-10T19:53:59Z,2027-03-26,167,82000.0,C,0.119,0.1205,0.1197,85007.13,82992.27,0.38280000000000003,0.60587,2e-05,220.93634,1248.6,1.3
2026-10-10T19:53:59Z,2027-03-26,167,82000.0,P,0.0835,0.085,0.0843,85007.13,82992.27,0.38280000000000003,-0.39413,2e-05,220.93634,77.5,0.0
2026-10-10T19:53:59Z,2027-03-26,167,84000.0,C,0.107,0.109,0.1081,85007.13,82992.27,0.3822,0.56955,2e-05,225.5605,331.3,1.4
2026-10-10T19:53:59Z,2027-03-26,167,84000.0,P,0.0955,0.097,0.0963,85007.08,82992.27,0.3822,-0.43045,2e-05,225.56046,427.7,0.0
2026-10-10T19:53:59Z,2027-03-26,167,85000.0,C,0.102,0.103,0.1028,85007.13,82992.27,0.3824,0.5515,2e-05,227.1388,648.1,0.0
2026-10-10T19:53:59Z,2027-03-26,167,85000.0,P,0.1015,0.103,0.1027,85007.13,82992.27,0.3824,-0.4485,2e-05,227.1388,60.4,3.4
2026-10-10T19:53:59Z,2027-03-26,167,86000.0,C,0.0965,0.098,0.0972,85007.13,82992.27,0.38079999999999997,0.53324,2e-05,228.25447,599.6,0.0
2026-10-10T19:53:59Z,2027-03-26,167,86000.0,P,0.108,0.1095,0.1089,85007.13,82992.27,0.38079999999999997,-0.46676,2e-05,228.25447,38.1,1.4
2026-10-10T19:53:59Z,2027-03-26,167,88000.0,C,0.0865,0.088,0.0872,85007.08,82992.27,0.37979999999999997,0.49735,2e-05,229.04497,399.4,0.0
2026-10-10T19:53:59Z,2027-03-26,167,88000.0,P,0.1215,0.123,0.1224,85007.14,82992.27,0.37979999999999997,-0.50265,2e-05,229.04514,69.2,0.0
2026-10-10T19:53:59Z,2027-03-26,167,90000.0,C,0.0775,0.079,0.0782,85007.29,82992.27,0.3795,0.46234,2e-05,228.0295,951.3,44.1
2026-10-10T19:53:59Z,2027-03-26,167,90000.0,P,0.136,0.1375,0.1369,85007.14,82992.27,0.3795,-0.53766,2e-05,228.02895,44.7,1.4
2026-10-10T19:53:59Z,2027-03-26,167,92000.0,C,0.069,0.0705,0.0698,85007.29,82992.27,0.3787,0.42811,2e-05,225.32108,419.8,0.0
2026-10-10T19:53:59Z,2027-03-26,167,92000.0,P,0.1515,0.153,0.1521,85007.29,82992.27,0.3787,-0.57189,2e-05,225.32108,20.9,0.0
2026-10-10T19:53:59Z,2027-03-26,167,94000.0,C,0.0615,0.063,0.0624,85007.29,82992.27,0.379,0.39554,2e-05,221.15352,212.5,0.0
2026-10-10T19:53:59Z,2027-03-26,167,94000.0,P,0.165,0.172,0.1682,85007.29,82992.27,0.379,-0.60446,2e-05,221.15352,18.8,0.0
2026-10-10T19:53:59Z,2027-03-26,167,95000.0,C,0.0585,0.0595,0.0591,85007.14,82992.27,0.37929999999999997,0.37989,2e-05,218.58943,460.7,0.1
2026-10-10T19:53:59Z,2027-03-26,167,95000.0,P,0.173,0.1805,0.1766,85007.14,82992.27,0.37929999999999997,-0.62011,2e-05,218.58943,10.3,0.0
2026-10-10T19:53:59Z,2027-03-26,167,96000.0,C,0.055,0.0565,0.0557,85007.29,82992.27,0.379,0.36426,2e-05,215.66082,260.7,0.0
2026-10-10T19:53:59Z,2027-03-26,167,96000.0,P,0.182,0.189,0.185,85007.29,82992.27,0.379,-0.63574,2e-05,215.66082,6.8,0.0
2026-10-10T19:53:59Z,2027-03-26,167,98000.0,C,0.049,0.0505,0.0497,85007.29,82992.27,0.3795,0.33478,2e-05,209.1147,247.2,0.0
2026-10-10T19:53:59Z,2027-03-26,167,98000.0,P,0.199,0.2065,0.2025,85007.29,82992.27,0.3795,-0.66522,2e-05,209.1147,1.6,0.0
2026-10-10T19:53:59Z,2027-03-26,167,100000.0,C,0.0435,0.045,0.0442,85007.29,82992.27,0.3797,0.3067,2e-05,201.60562,1352.1,69.0
2026-10-10T19:53:59Z,2027-03-26,167,100000.0,P,0.217,0.225,0.2206,85007.14,82992.27,0.3797,-0.6933,2e-05,201.60456,13.0,0.0
2026-10-10T19:53:59Z,2027-03-26,167,102000.0,C,0.039,0.0405,0.0397,85007.29,82992.27,0.38170000000000004,0.28165,2e-05,193.82054,114.4,0.0
2026-10-10T19:53:59Z,2027-03-26,167,102000.0,P,0.236,0.2435,0.2396,85007.29,82992.27,0.38170000000000004,-0.71835,2e-05,193.82054,0.1,0.0
2026-10-10T19:53:59Z,2027-03-26,167,104000.0,C,0.0345,0.036,0.0353,85007.29,82992.27,0.3822,0.25714,1e-05,185.16934,136.7,0.0
2026-10-10T19:53:59Z,2027-03-26,167,104000.0,P,0.2555,0.2635,0.2587,85007.29,82992.27,0.3822,-0.74286,1e-05,185.16934,3.9,0.0
2026-10-10T19:53:59Z,2027-03-26,167,105000.0,C,0.033,0.034,0.0334,85007.29,82992.27,0.3831,0.24602,1e-05,180.89486,244.2,0.0
2026-10-10T19:53:59Z,2027-03-26,167,105000.0,P,0.265,0.273,0.2686,85007.29,82992.27,0.3831,-0.75398,1e-05,180.89486,2.8,0.0
2026-10-10T19:53:59Z,2027-03-26,167,106000.0,C,0.031,0.0325,0.0317,85007.29,82992.27,0.3843,0.23563,1e-05,176.69455,94.5,0.0
2026-10-10T19:53:59Z,2027-03-26,167,106000.0,P,0.275,0.2835,0.2787,85007.29,82992.27,0.3843,-0.76437,1e-05,176.69455,0.1,0.0
2026-10-10T19:53:59Z,2027-03-26,167,108000.0,C,0.0275,0.029,0.0282,85007.14,82992.27,0.3851,0.21469,1e-05,167.61753,97.8,0.0
2026-10-10T19:53:59Z,2027-03-26,167,108000.0,P,0.295,0.3035,0.2987,85007.29,82992.27,0.3851,-0.78531,1e-05,167.61872,0.1,0.0
2026-10-10T19:53:59Z,2027-03-26,167,110000.0,C,0.025,0.026,0.0253,85007.29,82992.27,0.3872,0.19632,1e-05,158.94609,1464.4,0.0
2026-10-10T19:53:59Z,2027-03-26,167,110000.0,P,0.3155,0.3245,0.3193,85007.29,82992.27,0.3872,-0.80368,1e-05,158.94609,5.1,0.0
2026-10-10T19:53:59Z,2027-03-26,167,112000.0,C,0.022,0.0235,0.0227,85007.29,82992.27,0.389,0.17927,1e-05,150.2717,99.3,0.0
2026-10-10T19:53:59Z,2027-03-26,167,112000.0,P,0.3365,0.3455,0.3403,85007.29,82992.27,0.389,-0.82073,1e-05,150.2717,0.1,0.0
2026-10-10T19:53:59Z,2027-03-26,167,115000.0,C,0.019,0.02,0.0195,85007.29,82992.27,0.39280000000000004,0.1571,1e-05,138.03107,580.6,0.0
2026-10-10T19:53:59Z,2027-03-26,167,115000.0,P,0.3675,0.3775,0.3723,85007.29,82992.27,0.39280000000000004,-0.8429,1e-05,138.03107,3.0,0.0
2026-10-10T19:53:59Z,2027-03-26,167,120000.0,C,0.0145,0.0155,0.015,85007.29,82992.27,0.3979,0.12536,1e-05,118.4291,834.6,0.0
2026-10-10T19:53:59Z,2027-03-26,167,120000.0,P,0.4215,0.4325,0.4266,85007.14,82992.27,0.3979,-0.87464,1e-05,118.428,9.9,0.0
2026-10-10T19:53:59Z,2027-03-26,167,125000.0,C,0.0115,0.0125,0.012,85007.29,82992.27,0.40619999999999995,0.10239,1e-05,102.50837,433.7,0.0
2026-10-10T19:53:59Z,2027-03-26,167,125000.0,P,0.477,0.488,0.4824,85007.29,82992.27,0.40619999999999995,-0.89761,1e-05,102.50837,0.1,0.0
2026-10-10T19:53:59Z,2027-03-26,167,130000.0,C,0.009,0.0095,0.0093,85007.4,82992.27,0.4113,0.08219,1e-05,87.11752,1232.8,0.0
2026-10-10T19:53:59Z,2027-03-26,167,130000.0,P,0.533,0.545,0.5386,85007.4,82992.27,0.4113,-0.91781,1e-05,87.11752,0.5,0.0
2026-10-10T19:53:59Z,2027-03-26,167,140000.0,C,0.006,0.007,0.0065,85007.4,82992.27,0.4301,0.05795,0.0,66.54977,975.2,0.0
2026-10-10T19:53:59Z,2027-03-26,167,140000.0,P,0.6465,0.66,0.6534,85007.4,82992.27,0.4301,-0.94205,0.0,66.54977,10.9,0.0
2026-10-10T19:53:59Z,2027-03-26,167,150000.0,C,0.0045,0.0048,0.0045,85007.4,82992.27,0.44520000000000004,0.0411,0.0,50.57683,1864.7,0.0
2026-10-10T19:53:59Z,2027-03-26,167,150000.0,P,0.7615,0.776,0.7691,85007.3,82992.27,0.44520000000000004,-0.9589,0.0,50.57643,0.6,0.0
2026-10-10T19:53:59Z,2027-03-26,167,160000.0,C,0.003,0.0036,0.0033,85007.4,82992.27,0.4606,0.03025,0.0,39.33138,1034.7,0.0
2026-10-10T19:53:59Z,2027-03-26,167,160000.0,P,0.8775,0.893,0.8855,85007.3,82992.27,0.4606,-0.96975,0.0,39.33105,0.1,0.0
2026-10-10T19:53:59Z,2027-03-26,167,170000.0,C,0.0026,0.0029,0.0027,85007.4,82992.27,0.4826,0.02481,0.0,33.34265,1021.9,1.1
2026-10-10T19:53:59Z,2027-03-26,167,170000.0,P,0.9935,1.014,1.0026,85007.4,82992.27,0.4826,-0.97519,0.0,33.34265,0.4,0.0
2026-10-10T19:53:59Z,2027-03-26,167,180000.0,C,0.0018,0.0023,0.002,85007.4,82992.27,0.4938,0.01865,0.0,26.19662,691.4,0.0
2026-10-10T19:53:59Z,2027-03-26,167,180000.0,P,1.1095,1.132,1.1195,85007.4,82992.27,0.4938,-0.98135,0.0,26.19662,0.1,0.0
2026-10-10T19:53:59Z,2027-03-26,167,190000.0,C,0.0017,0.0019,0.0017,85007.4,82992.27,0.5126,0.01577,0.0,22.69988,730.7,1.8
2026-10-10T19:53:59Z,2027-03-26,167,190000.0,P,1.226,1.25,1.2369,85007.4,82992.27,0.5126,-0.98423,0.0,22.69988,0.9,0.0
2026-10-10T19:53:59Z,2027-03-26,167,200000.0,C,0.0012,0.0016,0.0014,85007.4,82992.27,0.5242,0.01257,0.0,18.663,504.6,2.4
2026-10-10T19:53:59Z,2027-03-26,167,200000.0,P,1.3425,1.368,1.3541,85007.4,82992.27,0.5242,-0.98743,0.0,18.663,1.0,0.0
2026-10-10T19:53:59Z,2027-06-25,258,30000.0,C,0.6535,0.6555,0.6545,86186.85,82992.27,0.6291,0.98813,0.0,22.39886,87.4,0.0
2026-10-10T19:53:59Z,2027-06-25,258,30000.0,P,0.0024,0.0028,0.0026,86186.85,82992.27,0.6291,-0.01187,0.0,22.39886,530.7,7.5
2026-10-10T19:53:59Z,2027-06-25,258,40000.0,C,0.5405,0.543,0.5419,86187.8,82992.27,0.5464,0.97143,0.0,47.30338,24.1,0.0
2026-10-10T19:53:59Z,2027-06-25,258,40000.0,P,0.0055,0.0065,0.006,86186.85,82992.27,0.5464,-0.02857,0.0,47.30502,1251.1,0.0
2026-10-10T19:53:59Z,2027-06-25,258,45000.0,C,0.485,0.488,0.4866,86186.85,82992.27,0.5121,0.95782,0.0,65.1195,15.4,0.0
2026-10-10T19:53:59Z,2027-06-25,258,45000.0,P,0.008,0.0095,0.0087,86186.85,82992.27,0.5121,-0.04218,0.0,65.1195,161.7,0.0
2026-10-10T19:53:59Z,2027-06-25,258,50000.0,C,0.43,0.4345,0.4326,86186.85,82992.27,0.48369999999999996,0.93862,0.0,87.78039,20.2,0.0
2026-10-10T19:53:59Z,2027-06-25,258,50000.0,P,0.012,0.0135,0.0127,86186.85,82992.27,0.48369999999999996,-0.06138,0.0,87.78039,343.9,0.0
2026-10-10T19:53:59Z,2027-06-25,258,52000.0,C,0.4085,0.4135,0.4114,86187.8,82992.27,0.4732,0.92923,0.0,98.02263,1.1,0.0
2026-10-10T19:53:59Z,2027-06-25,258,52000.0,P,0.014,0.015,0.0147,86187.8,82992.27,0.4732,-0.07077,0.0,98.02263,52.4,0.0
2026-10-10T19:53:59Z,2027-06-25,258,54000.0,C,0.388,0.3925,0.3902,86186.85,82992.27,0.4612,0.91933,0.0,108.29981,1.0,0.0
2026-10-10T19:53:59Z,2027-06-25,258,54000.0,P,0.016,0.0175,0.0167,86187.8,82992.27,0.4612,-0.08066,0.0,108.29669,50.6,0.0
2026-10-10T19:53:59Z,2027-06-25,258,55000.0,C,0.3775,0.3815,0.3801,86186.85,82992.27,0.45840000000000003,0.91294,0.0,114.68707,3.7,0.0
2026-10-10T19:53:59Z,2027-06-25,258,55000.0,P,0.0175,0.019,0.0182,86186.85,82992.27,0.45840000000000003,-0.08706,0.0,114.68707,37.0,0.0
2026-10-10T19:53:59Z,2027-06-25,258,56000.0,C,0.367,0.372,0.3695,86187.8,82992.27,0.4515,0.90766,1e-05,119.81245,2.9,0.0
2026-10-10T19:53:59Z,2027-06-25,258,56000.0,P,0.0185,0.02,0.0193,86187.47,82992.27,0.4515,-0.09234,1e-05,119.81359,85.6,0.0
2026-10-10T19:53:59Z,2027-06-25,258,58000.0,C,0.3475,0.3505,0.3493,86187.8,82992.27,0.44329999999999997,0.89435,1e-05,132.22458,13.8,0.0
2026-10-10T19:53:59Z,2027-06-25,258,58000.0,P,0.0215,0.023,0.0223,86187.8,82992.27,0.44329999999999997,-0.10565,1e-05,132.22458,101.6,0.0
2026-10-10T19:53:59Z,2027-06-25,258,60000.0,C,0.328,0.331,0.3296,86187.8,82992.27,0.4362,0.87936,1e-05,145.36073,969.8,0.0
2026-10-10T19:53:59Z,2027-06-25,258,60000.0,P,0.025,0.0265,0.0258,86187.47,82992.27,0.4362,-0.12065,1e-05,145.36195,241.4,0.0
2026-10-10T19:53:59Z,2027-06-25,258,62000.0,C,0.309,0.3115,0.3104,86187.8,82992.27,0.42979999999999996,0.8628,1e-05,158.92836,123.0,0.0
2026-10-10T19:53:59Z,2027-06-25,258,62000.0,P,0.029,0.0305,0.0298,86187.47,82992.27,0.42979999999999996,-0.13721,1e-05,158.92959,115.8,0.0
2026-10-10T19:53:59Z,2027-06-25,258,64000.0,C,0.29,0.2925,0.2917,86187.47,82992.27,0.4238,0.84474,1e-05,172.69145,33.8,0.0
2026-10-10T19:53:59Z,2027-06-25,258,64000.0,P,0.0335,0.035,0.0343,86187.47,82992.27,0.4238,-0.15526,1e-05,172.69145,63.9,0.0
2026-10-10T19:53:59Z,2027-06-25,258,65000.0,C,0.281,0.2835,0.2826,86187.8,82992.27,0.4211,0.83509,1e-05,179.63812,9.0,0.0
2026-10-10T19:53:59Z,2027-06-25,258,65000.0,P,0.036,0.0375,0.0367,86187.8,82992.27,0.4211,-0.16491,1e-05,179.63812,38.2,0.0
2026-10-10T19:53:59Z,2027-06-25,258,66000.0,C,0.272,0.2745,0.2735,86187.47,82992.27,0.418,0.82526,1e-05,186.43199,25.7,0.0
2026-10-10T19:53:59Z,2027-06-25,258,66000.0,P,0.0385,0.04,0.0393,86187.47,82992.27,0.418,-0.17474,1e-05,186.43199,63.5,0.0
2026-10-10T19:53:59Z,2027-06-25,258,68000.0,C,0.254,0.2565,0.2558,86187.47,82992.27,0.41240000000000004,0.80441,1e-05,199.95493,14.8,0.0
2026-10-10T19:53:59Z,2027-06-25,258,68000.0,P,0.044,0.0455,0.0448,86187.47,82992.27,0.41240000000000004,-0.19559,1e-05,199.95493,22.6,0.0
2026-10-10T19:53:59Z,2027-06-25,258,70000.0,C,0.237,0.2395,0.2386,86187.8,82992.27,0.4068,0.78223,1e-05,213.0983,207.3,0.0
2026-10-10T19:53:59Z,2027-06-25,258,70000.0,P,0.05,0.0515,0.0508,86187.47,82992.27,0.4068,-0.21778,1e-05,213.09934,139.5,0.0
2026-10-10T19:53:59Z,2027-06-25,258,72000.0,C,0.221,0.2235,0.2224,86187.8,82992.27,0.4029,0.75827,1e-05,225.93021,87.4,0.0
2026-10-10T19:53:59Z,2027-06-25,258,72000.0,P,0.057,0.0585,0.0578,86187.47,82992.27,0.4029,-0.24174,1e-05,225.93113,54.5,0.0
2026-10-10T19:53:59Z,2027-06-25,258,74000.0,C,0.2055,0.208,0.2069,86187.47,82992.27,0.3994,0.73309,1e-05,237.97878,23.4,0.0
2026-10-10T19:53:59Z,2027-06-25,258,74000.0,P,0.0645,0.0665,0.0655,86187.47,82992.27,0.3994,-0.26691,1e-05,237.97878,21.6,0.0
2026-10-10T19:53:59Z,2027-06-25,258,76000.0,C,0.1905,0.193,0.1922,86187.8,82992.27,0.39649999999999996,0.70686,1e-05,249.04849,73.2,0.0
2026-10-10T19:53:59Z,2027-06-25,258,76000.0,P,0.073,0.075,0.074,86187.8,82992.27,0.39649999999999996,-0.29314,1e-05,249.04849,73.7,0.0
2026-10-10T19:53:59Z,2027-06-25,258,78000.0,C,0.1765,0.179,0.178,86187.47,82992.27,0.3931,0.67989,1e-05,258.91685,104.2,0.1
2026-10-10T19:53:59Z,2027-06-25,258,78000.0,P,0.082,0.0835,0.083,86187.8,82992.27,0.3931,-0.3201,1e-05,258.91644,106.5,0.0
2026-10-10T19:53:59Z,2027-06-25,258,80000.0,C,0.164,0.166,0.1649,86187.47,82992.27,0.39130000000000004,0.6521,1e-05,267.54832,183.3,0.0
2026-10-10T19:53:59Z,2027-06-25,258,80000.0,P,0.092,0.0945,0.0932,86187.47,82992.27,0.39130000000000004,-0.3479,1e-05,267.54832,241.8,0.0
2026-10-10T19:53:59Z,2027-06-25,258,82000.0,C,0.1515,0.1535,0.1525,86187.47,82992.27,0.38939999999999997,0.62393,1e-05,274.75244,68.3,0.0
2026-10-10T19:53:59Z,2027-06-25,258,82000.0,P,0.103,0.105,0.1039,86187.8,82992.27,0.38939999999999997,-0.37607,1e-05,274.75247,54.4,0.0
2026-10-10T19:53:59Z,2027-06-25,258,84000.0,C,0.1395,0.142,0.1409,86187.47,82992.27,0.38799999999999996,0.59554,1e-05,280.47933,556.3,0.0
2026-10-10T19:53:59Z,2027-06-25,258,84000.0,P,0.1145,0.117,0.1155,86187.8,82992.27,0.38799999999999996,-0.40445,1e-05,280.4796,507.5,0.0
2026-10-10T19:53:59Z,2027-06-25,258,85000.0,C,0.134,0.1365,0.1353,86187.47,82992.27,0.3873,0.58133,1e-05,282.77913,163.0,0.0
2026-10-10T19:53:59Z,2027-06-25,258,85000.0,P,0.1205,0.123,0.1215,86187.47,82992.27,0.3873,-0.41867,1e-05,282.77913,17.3,0.5
2026-10-10T19:53:59Z,2027-06-25,258,86000.0,C,0.129,0.131,0.1299,86187.8,82992.27,0.38670000000000004,0.56714,1e-05,284.70273,42.8,0.0
2026-10-10T19:53:59Z,2027-06-25,258,86000.0,P,0.127,0.129,0.1278,86187.47,82992.27,0.38670000000000004,-0.43286,1e-05,284.70221,2.0,0.0
2026-10-10T19:53:59Z,2027-06-25,258,88000.0,C,0.1185,0.121,0.1199,86187.8,82992.27,0.3859,0.53899,1e-05,287.42223,57.9,0.1
2026-10-10T19:53:59Z,2027-06-25,258,88000.0,P,0.14,0.1425,0.1409,86187.8,82992.27,0.3859,-0.46101,1e-05,287.42223,30.4,0.0
2026-10-10T19:53:59Z,2027-06-25,258,90000.0,C,0.1095,0.1115,0.1104,86187.47,82992.27,0.38530000000000003,0.51119,1e-05,288.68786,796.3,0.0
2026-10-10T19:53:59Z,2027-06-25,258,90000.0,P,0.1535,0.156,0.1547,86187.47,82992.27,0.38530000000000003,-0.48881,1e-05,288.68786,87.1,0.0
2026-10-10T19:53:59Z,2027-06-25,258,92000.0,C,0.1005,0.1025,0.1015,86187.8,82992.27,0.3843,0.48372,1e-05,288.56198,45.2,0.0
2026-10-10T19:53:59Z,2027-06-25,258,92000.0,P,0.1675,0.1705,0.1689,86187.47,82992.27,0.3843,-0.51629,1e-05,288.56073,0.3,0.0
2026-10-10T19:53:59Z,2027-06-25,258,94000.0,C,0.0925,0.0945,0.0935,86187.47,82992.27,0.3843,0.45724,1e-05,287.14085,30.1,0.0
2026-10-10T19:53:59Z,2027-06-25,258,94000.0,P,0.1825,0.186,0.1841,86187.47,82992.27,0.3843,-0.54276,1e-05,287.14085,0.1,0.0
2026-10-10T19:53:59Z,2027-06-25,258,95000.0,C,0.089,0.0905,0.0897,86187.8,82992.27,0.38420000000000004,0.44423,1e-05,285.97569,57.8,0.0
2026-10-10T19:53:59Z,2027-06-25,258,95000.0,P,0.1905,0.1935,0.1919,86187.8,82992.27,0.38420000000000004,-0.55577,1e-05,285.97569,40.2,0.0
2026-10-10T19:53:59Z,2027-06-25,258,96000.0,C,0.085,0.087,0.086,86187.47,82992.27,0.38420000000000004,0.43142,1e-05,284.52406,151.5,0.0
2026-10-10T19:53:59Z,2027-06-25,258,96000.0,P,0.1985,0.2015,0.1998,86187.8,82992.27,0.38420000000000004,-0.56857,1e-05,284.52573,0.1,0.0
2026-10-10T19:53:59Z,2027-06-25,258,98000.0,C,0.078,0.08,0.079,86187.8,82992.27,0.384,0.40637,1e-05,280.81122,154.7,0.1
2026-10-10T19:53:59Z,2027-06-25,258,98000.0,P,0.2145,0.218,0.216,86187.47,82992.27,0.384,-0.59364,1e-05,280.80936,0.1,0.0
2026-10-10T19:53:59Z,2027-06-25,258,100000.0,C,0.072,0.0735,0.0727,86187.8,82992.27,0.3845,0.38254,1e-05,276.19234,162.7,0.0
2026-10-10T19:53:59Z,2027-06-25,258,100000.0,P,0.231,0.235,0.233,86187.8,82992.27,0.3845,-0.61746,1e-05,276.19234,2.5,0.0
2026-10-10T19:53:59Z,2027-06-25,258,102000.0,C,0.066,0.0675,0.0667,86187.8,82992.27,0.3845,0.3594,1e-05,270.67432,53.1,0.0
2026-10-10T19:53:59Z,2027-06-25,258,102000.0,P,0.2475,0.2555,0.2502,86187.8,82992.27,0.3845,-0.6406,1e-05,270.67432,0.0,0.0
2026-10-10T19:53:59Z,2027-06-25,258,104000.0,C,0.0605,0.062,0.0613,86187.47,82992.27,0.3847,0.3373,1e-05,264.43843,185.9,0.0
2026-10-10T19:53:59Z,2027-06-25,258,104000.0,P,0.2645,0.2735,0.2679,86187.11,82992.27,0.3847,-0.6627,1e-05,264.43579,0.0,0.0
2026-10-10T19:53:59Z,2027-06-25,258,105000.0,C,0.058,0.0595,0.0588,86187.11,82992.27,0.385,0.32679,1e-05,261.13225,163.5,0.0
2026-10-10T19:53:59Z,2027-06-25,258,105000.0,P,0.274,0.2825,0.277,86187.11,82992.27,0.385,-0.67321,1e-05,261.13225,2.1,0.0
2026-10-10T19:53:59Z,2027-06-25,258,106000.0,C,0.056,0.0575,0.0567,86187.57,82992.27,0.38659999999999994,0.31742,1e-05,258.00032,42.3,30.0
2026-10-10T19:53:59Z,2027-06-25,258,106000.0,P,0.2825,0.292,0.2866,86187.57,82992.27,0.38659999999999994,-0.68258,1e-05,258.00032,0.0,0.0
2026-10-10T19:53:59Z,2027-06-25,258,108000.0,C,0.0515,0.0525,0.052,86187.11,82992.27,0.38670000000000004,0.29727,1e-05,250.65553,35.2,0.0
2026-10-10T19:53:59Z,2027-06-25,258,108000.0,P,0.302,0.3105,0.3051,86187.11,82992.27,0.38670000000000004,-0.70273,1e-05,250.65553,0.2,0.0
2026-10-10T19:53:59Z,2027-06-25,258,110000.0,C,0.047,0.048,0.0477,86187.57,82992.27,0.38689999999999997,0.27818,1e-05,242.91452,289.7,0.0
2026-10-10T19:53:59Z,2027-06-25,258,110000.0,P,0.321,0.3295,0.324,86187.11,82992.27,0.38689999999999997,-0.72183,1e-05,242.91087,5.3,0.0
2026-10-10T19:53:59Z,2027-06-25,258,112000.0,C,0.0435,0.045,0.0442,86187.57,82992.27,0.38880000000000003,0.26147,1e-05,235.49608,0.0,0.0
2026-10-10T19:53:59Z,2027-06-25,258,112000.0,P,0.3405,0.3495,0.3437,86187.11,82992.27,0.38880000000000003,-0.73854,1e-05,235.49236,0.0,0.0
2026-10-10T19:53:59Z,2027-06-25,258,114000.0,C,0.0405,0.0415,0.041,86187.11,82992.27,0.3906,0.24562,1e-05,227.88432,6.0,0.0
2026-10-10T19:53:59Z,2027-06-25,258,114000.0,P,0.36,0.3695,0.3637,86187.11,82992.27,0.3906,-0.75438,1e-05,227.88432,0.0,0.0
2026-10-10T19:53:59Z,2027-06-25,258,115000.0,C,0.0385,0.04,0.0392,86187.57,82992.27,0.3907,0.23735,1e-05,223.6843,150.1,0.0
2026-10-10T19:53:59Z,2027-06-25,258,115000.0,P,0.37,0.3795,0.3735,86187.11,82992.27,0.3907,-0.76265,1e-05,223.68051,1.0,0.0
2026-10-10T19:53:59Z,2027-06-25,258,116000.0,C,0.037,0.0385,0.0377,86187.11,82992.27,0.3914,0.22988,1e-05,219.7518,9.9,0.0
2026-10-10T19:53:59Z,2027-06-25,258,116000.0,P,0.38,0.39,0.3836,86187.11,82992.27,0.3914,-0.77012,1e-05,219.7518,0.0,0.0
2026-10-10T19:53:59Z,2027-06-25,258,120000.0,C,0.0315,0.033,0.0322,86187.57,82992.27,0.39399999999999996,0.20194,1e-05,203.8451,302.1,0.0
2026-10-10T19:53:59Z,2027-06-25,258,120000.0,P,0.4205,0.4305,0.4245,86187.57,82992.27,0.39399999999999996,-0.79806,1e-05,203.8451,0.9,0.0
2026-10-10T19:53:59Z,2027-06-25,258,125000.0,C,0.0265,0.0275,0.027,86187.57,82992.27,0.3993,0.17336,1e-05,185.49475,641.2,60.0
2026-10-10T19:53:59Z,2027-06-25,258,125000.0,P,0.472,0.4835,0.4773,86186.56,82992.27,0.3993,-0.82665,1e-05,185.48654,0.0,0.0
2026-10-10T19:53:59Z,2027-06-25,258,130000.0,C,0.0225,0.0235,0.0228,86187.11,82992.27,0.4047,0.14937,1e-05,168.31522,765.7,0.0
2026-10-10T19:53:59Z,2027-06-25,258,130000.0,P,0.526,0.538,0.5311,86187.11,82992.27,0.4047,-0.85063,1e-05,168.31522,3.9,0.0
2026-10-10T19:53:59Z,2027-06-25,258,135000.0,C,0.0185,0.02,0.0192,86186.56,82992.27,0.40950000000000003,0.12867,1e-05,152.05373,24.4,0.0
2026-10-10T19:53:59Z,2027-06-25,258,135000.0,P,0.5795,0.593,0.5856,86186.56,82992.27,0.40950000000000003,-0.87133,1e-05,152.05373,0.0,0.0
2026-10-10T19:53:59Z,2027-06-25,258,140000.0,C,0.016,0.017,0.0163,86186.56,82992.27,0.4143,0.11121,1e-05,137.19286,378.3,0.0
2026-10-10T19:53:59Z,2027-06-25,258,140000.0,P,0.635,0.648,0.6407,86186.56,82992.27,0.4143,-0.88879,1e-05,137.19286,3.4,0.0
2026-10-10T19:53:59Z,2027-06-25,258,150000.0,C,0.012,0.0125,0.012,86186.56,82992.27,0.4244,0.08436,1e-05,112.01026,218.9,0.0
2026-10-10T19:53:59Z,2027-06-25,258,150000.0,P,0.746,0.7605,0.7524,86187.11,82992.27,0.4244,-0.91564,1e-05,112.0137,1.1,0.0
2026-10-10T19:53:59Z,2027-06-25,258,160000.0,C,0.0085,0.01,0.0092,86186.56,82992.27,0.43579999999999997,0.06591,0.0,92.78167,703.6,0.0
2026-10-10T19:53:59Z,2027-06-25,258,160000.0,P,0.859,0.874,0.8656,86186.56,82992.27,0.43579999999999997,-0.93409,0.0,92.78167,0.2,0.0
2026-10-10T19:53:59Z,2027-06-25,258,170000.0,C,0.0065,0.008,0.0072,86186.56,82992.27,0.44670000000000004,0.05229,0.0,77.36457,153.0,0.0
2026-10-10T19:53:59Z,2027-06-25,258,170000.0,P,0.973,0.9895,0.9797,86186.56,82992.27,0.44670000000000004,-0.94771,0.0,77.36457,15.2,0.0
2026-10-10T19:53:59Z,2027-06-25,258,180000.0,C,0.0055,0.0065,0.0059,86187.11,82992.27,0.4583,0.04265,0.0,65.71075,66.7,0.0
2026-10-10T19:53:59Z,2027-06-25,258,180000.0,P,1.082,1.11,1.0943,86186.56,82992.27,0.4583,-0.95735,0.0,65.70843,0.0,0.0
2026-10-10T19:53:59Z,2027-06-25,258,190000.0,C,0.0044,0.0055,0.0049,86187.11,82992.27,0.47090000000000004,0.03587,0.0,57.06923,67.0,0.0
2026-10-10T19:53:59Z,2027-06-25,258,190000.0,P,1.196,1.226,1.2094,86186.56,82992.27,0.47090000000000004,-0.96414,0.0,57.06723,0.6,0.0
2026-10-10T19:53:59Z,2027-06-25,258,200000.0,C,0.0037,0.0044,0.004,86186.56,82992.27,0.48,0.02961,0.0,48.72315,234.4,0.0
2026-10-10T19:53:59Z,2027-06-25,258,200000.0,P,1.3105,1.3425,1.3246,86187.11,82992.27,0.48,-0.97039,0.0,48.7249,2.1,0.0
2026-10-10T19:53:59Z,2027-09-24,349,50000.0,C,0.443,0.447,0.4455,87302.21,82992.27,0.4672,0.92636,0.0,119.07619,1.6,0.0
2026-10-10T19:53:59Z,2027-09-24,349,50000.0,P,0.0175,0.0185,0.0182,87302.21,82992.27,0.4672,-0.07364,0.0,119.07619,740.4,0.0
2026-10-10T19:53:59Z,2027-09-24,349,60000.0,C,0.346,0.3495,0.3477,87302.21,82992.27,0.4301,0.86487,1e-05,185.34069,0.0,0.0
2026-10-10T19:53:59Z,2027-09-24,349,60000.0,P,0.034,0.036,0.035,87302.21,82992.27,0.4301,-0.13513,1e-05,185.34069,22.0,0.0
2026-10-10T19:53:59Z,2027-09-24,349,65000.0,C,0.3015,0.305,0.3033,87302.21,82992.27,0.4175,0.82305,1e-05,221.45076,2.1,0.0
2026-10-10T19:53:59Z,2027-09-24,349,65000.0,P,0.047,0.0485,0.0478,87302.78,82992.27,0.4175,-0.17695,1e-05,221.44892,4.9,0.0
2026-10-10T19:53:59Z,2027-09-24,349,70000.0,C,0.2605,0.264,0.2622,87302.78,82992.27,0.40759999999999996,0.7745,1e-05,256.16768,9.1,0.0
2026-10-10T19:53:59Z,2027-09-24,349,70000.0,P,0.063,0.065,0.064,87302.78,82992.27,0.40759999999999996,-0.2255,1e-05,256.16768,8.3,0.0
2026-10-10T19:53:59Z,2027-09-24,349,72000.0,C,0.2455,0.2485,0.247,87302.78,82992.27,0.4048,0.75333,1e-05,269.15622,0.0,0.0
2026-10-10T19:53:59Z,2027-09-24,349,72000.0,P,0.0705,0.0725,0.0718,87302.78,82992.27,0.4048,-0.24667,1e-05,269.15622,22.1,0.0
2026-10-10T19:53:59Z,2027-09-24,349,74000.0,C,0.231,0.234,0.2324,87302.78,82992.27,0.4021,0.73146,1e-05,281.30069,1.4,0.0
2026-10-10T19:53:59Z,2027-09-24,349,74000.0,P,0.079,0.081,0.08,87302.78,82992.27,0.4021,-0.26854,1e-05,281.30069,25.1,0.0
2026-10-10T19:53:59Z,2027-09-24,349,76000.0,C,0.217,0.22,0.2185,87302.21,82992.27,0.4,0.70889,1e-05,292.53174,7.8,0.0
2026-10-10T19:53:59Z,2027-09-24,349,76000.0,P,0.088,0.09,0.0891,87302.78,82992.27,0.4,-0.29111,1e-05,292.53097,25.6,0.1
2026-10-10T19:53:59Z,2027-09-24,349,78000.0,C,0.2035,0.2065,0.2053,87302.21,82992.27,0.3982,0.68584,1e-05,302.69318,17.2,4.1
2026-10-10T19:53:59Z,2027-09-24,349,78000.0,P,0.0975,0.1,0.0988,87302.78,82992.27,0.3982,-0.31415,1e-05,302.6927,0.1,0.0
2026-10-10T19:53:59Z,2027-09-24,349,80000.0,C,0.191,0.194,0.1926,87302.78,82992.27,0.39630000000000004,0.66247,1e-05,311.69873,34.5,0.1
2026-10-10T19:53:59Z,2027-09-24,349,80000.0,P,0.1075,0.11,0.109,87302.78,82992.27,0.39630000000000004,-0.33753,1e-05,311.69873,337.7,2.0
2026-10-10T19:53:59Z,2027-09-24,349,82000.0,C,0.179,0.182,0.1807,87302.21,82992.27,0.3951,0.63883,1e-05,319.50395,32.8,0.0
2026-10-10T19:53:59Z,2027-09-24,349,82000.0,P,0.1185,0.121,0.12,87302.78,82992.27,0.3951,-0.36117,1e-05,319.50412,3.7,4.0
2026-10-10T19:53:59Z,2027-09-24,349,84000.0,C,0.1675,0.1705,0.1693,87302.78,82992.27,0.3936,0.61507,1e-05,326.06802,502.6,0.0
2026-10-10T19:53:59Z,2027-09-24,349,84000.0,P,0.13,0.133,0.1314,87302.78,82992.27,0.3936,-0.38493,1e-05,326.06802,501.1,0.0
2026-10-10T19:53:59Z,2027-09-24,349,86000.0,C,0.157,0.1595,0.1583,87302.78,82992.27,0.392,0.59125,1e-05,331.38379,2.8,0.0
2026-10-10T19:53:59Z,2027-09-24,349,86000.0,P,0.1425,0.145,0.1434,87302.78,82992.27,0.392,-0.40875,1e-05,331.38379,4.7,0.2
2026-10-10T19:53:59Z,2027-09-24,349,88000.0,C,0.147,0.1495,0.1483,87302.78,82992.27,0.3914,0.56766,1e-05,335.41921,19.2,0.2
2026-10-10T19:53:59Z,2027-09-24,349,88000.0,P,0.155,0.158,0.1563,87302.78,82992.27,0.3914,-0.43234,1e-05,335.41921,1.3,0.0
2026-10-10T19:53:59Z,2027-09-24,349,90000.0,C,0.1375,0.14,0.1388,87302.21,82992.27,0.3908,0.54429,1e-05,338.22469,15.0,0.0
2026-10-10T19:53:59Z,2027-09-24,349,90000.0,P,0.1685,0.1715,0.1697,87302.78,82992.27,0.3908,-0.45571,1e-05,338.22626,2.8,0.0
2026-10-10T19:53:59Z,2027-09-24,349,92000.0,C,0.1285,0.131,0.1298,87302.78,82992.27,0.39030000000000004,0.52124,1e-05,339.84382,28.1,0.0
2026-10-10T19:53:59Z,2027-09-24,349,92000.0,P,0.1825,0.1855,0.1836,87302.78,82992.27,0.39030000000000004,-0.47876,1e-05,339.84382,0.0,0.0
2026-10-10T19:53:59Z,2027-09-24,349,94000.0,C,0.1205,0.1225,0.1216,87302.78,82992.27,0.39030000000000004,0.49877,1e-05,340.32448,1.1,0.0
2026-10-10T19:53:59Z,2027-09-24,349,94000.0,P,0.197,0.2,0.1983,87302.78,82992.27,0.39030000000000004,-0.50123,1e-05,340.32448,0.0,0.0
2026-10-10T19:53:59Z,2027-09-24,349,96000.0,C,0.1125,0.115,0.1137,87302.78,82992.27,0.3901,0.47666,1e-05,339.74369,1.4,0.0
2026-10-10T19:53:59Z,2027-09-24,349,96000.0,P,0.212,0.2155,0.2133,87302.21,82992.27,0.3901,-0.52334,1e-05,339.74113,0.0,0.0
2026-10-10T19:53:59Z,2027-09-24,349,98000.0,C,0.1055,0.1075,0.1065,87302.78,82992.27,0.39049999999999996,0.45535,1e-05,338.1923,0.6,0.0
2026-10-10T19:53:59Z,2027-09-24,349,98000.0,P,0.2265,0.231,0.229,87302.78,82992.27,0.39049999999999996,-0.54465,1e-05,338.1923,0.0,0.0
2026-10-10T19:53:59Z,2027-09-24,349,100000.0,C,0.0985,0.1005,0.0996,87302.78,82992.27,0.39039999999999997,0.4344,1e-05,335.71457,87.8,0.0
2026-10-10T19:53:59Z,2027-09-24,349,100000.0,P,0.242,0.2475,0.245,87302.78,82992.27,0.39039999999999997,-0.5656,1e-05,335.71457,0.0,0.0
2026-10-10T19:53:59Z,2027-09-24,349,102000.0,C,0.0925,0.0945,0.0932,87302.21,82992.27,0.3908,0.41428,1e-05,332.43652,6.8,0.0
2026-10-10T19:53:59Z,2027-09-24,349,102000.0,P,0.2585,0.264,0.2616,87302.21,82992.27,0.3908,-0.58572,1e-05,332.43652,0.0,0.0
2026-10-10T19:53:59Z,2027-09-24,349,104000.0,C,0.086,0.0885,0.0872,87302.21,82992.27,0.391,0.39471,1e-05,328.40113,5.7,0.0
2026-10-10T19:53:59Z,2027-09-24,349,104000.0,P,0.274,0.2845,0.2785,87302.21,82992.27,0.391,-0.60529,1e-05,328.40113,0.0,0.0
2026-10-10T19:53:59Z,2027-09-24,349,106000.0,C,0.0805,0.0825,0.0816,87302.78,82992.27,0.39130000000000004,0.37587,1e-05,323.71553,14.1,14.0
2026-10-10T19:53:59Z,2027-09-24,349,106000.0,P,0.2915,0.302,0.2958,87302.78,82992.27,0.39130000000000004,-0.62413,1e-05,323.71553,0.0,0.0
2026-10-10T19:53:59Z,2027-09-24,349,108000.0,C,0.0755,0.0775,0.0765,87302.21,82992.27,0.392,0.35796,1e-05,318.51801,0.0,0.0
2026-10-10T19:53:59Z,2027-09-24,349,108000.0,P,0.309,0.32,0.3135,87302.78,82992.27,0.392,-0.64203,1e-05,318.52206,0.0,0.0
2026-10-10T19:53:59Z,2027-09-24,349,110000.0,C,0.0705,0.0725,0.0716,87302.78,82992.27,0.3925,0.34059,1e-05,312.78284,200.9,0.0
2026-10-10T19:53:59Z,2027-09-24,349,110000.0,P,0.327,0.338,0.3316,87302.78,82992.27,0.3925,-0.65941,1e-05,312.78284,0.2,0.0
2026-10-10T19:53:59Z,2027-09-24,349,112000.0,C,0.066,0.068,0.0671,87302.78,82992.27,0.3931,0.32399,1e-05,306.64156,0.0,0.0
2026-10-10T19:53:59Z,2027-09-24,349,112000.0,P,0.345,0.357,0.35,87302.21,82992.27,0.3931,-0.67601,1e-05,306.63718,0.0,0.0
2026-10-10T19:53:59Z,2027-09-24,349,114000.0,C,0.062,0.064,0.063,87302.78,82992.27,0.39409999999999995,0.30841,1e-05,300.28294,0.0,0.0
2026-10-10T19:53:59Z,2027-09-24,349,114000.0,P,0.364,0.376,0.3688,87302.78,82992.27,0.39409999999999995,-0.69159,1e-05,300.28294,0.0,0.0
2026-10-10T19:53:59Z,2027-09-24,349,115000.0,C,0.06,0.062,0.061,87302.78,82992.27,0.3944,0.30075,1e-05,296.94275,0.0,0.0
2026-10-10T19:53:59Z,2027-09-24,349,115000.0,P,0.373,0.3855,0.3782,87302.78,82992.27,0.3944,-0.69925,1e-05,296.94275,0.0,0.0
2026-10-10T19:53:59Z,2027-09-24,349,116000.0,C,0.058,0.06,0.059,87302.21,82992.27,0.3946,0.29311,1e-05,293.4633,2.3,0.0
2026-10-10T19:53:59Z,2027-09-24,349,116000.0,P,0.383,0.395,0.3877,87302.78,82992.27,0.3946,-0.70689,1e-05,293.46792,0.0,0.0
2026-10-10T19:53:59Z,2027-09-24,349,118000.0,C,0.0545,0.0565,0.0555,87302.69,82992.27,0.3958,0.27908,1e-05,286.70283,0.1,0.0
2026-10-10T19:53:59Z,2027-09-24,349,118000.0,P,0.4025,0.4145,0.4071,87302.69,82992.27,0.3958,-0.72092,1e-05,286.70283,0.0,0.0
2026-10-10T19:53:59Z,2027-09-24,349,120000.0,C,0.051,0.053,0.052,87302.69,82992.27,0.39640000000000003,0.26512,1e-05,279.4828,12.7,0.0
2026-10-10T19:53:59Z,2027-09-24,349,120000.0,P,0.4215,0.434,0.4265,87302.69,82992.27,0.39640000000000003,-0.73488,1e-05,279.4828,0.0,0.0
2026-10-10T19:53:59Z,2027-09-24,349,125000.0,C,0.0445,0.046,0.0451,87302.78,82992.27,0.4007,0.23544,1e-05,262.42196,82.3,28.0
2026-10-10T19:53:59Z,2027-09-24,349,125000.0,P,0.471,0.4845,0.4769,87302.69,82992.27,0.4007,-0.76456,1e-05,262.42119,0.0,0.0
2026-10-10T19:53:59Z,2027-09-24,349,130000.0,C,0.038,0.0395,0.0387,87302.78,82992.27,0.40299999999999997,0.20781,1e-05,244.34244,46.3,0.0
2026-10-10T19:53:59Z,2027-09-24,349,130000.0,P,0.5225,0.5355,0.5278,87302.69,82992.27,0.40299999999999997,-0.79219,1e-05,244.34167,4.0,0.0
2026-10-10T19:53:59Z,2027-09-24,349,135000.0,C,0.033,0.0345,0.0337,87302.78,82992.27,0.4069,0.18469,1e-05,227.47217,100.1,0.0
2026-10-10T19:53:59Z,2027-09-24,349,135000.0,P,0.574,0.588,0.5801,87302.69,82992.27,0.4069,-0.81531,1e-05,227.47141,0.0,0.0
2026-10-10T19:53:59Z,2027-09-24,349,140000.0,C,0.0285,0.03,0.0295,87302.78,82992.27,0.4106,0.16438,1e-05,211.24653,508.7,0.0
2026-10-10T19:53:59Z,2027-09-24,349,140000.0,P,0.627,0.6415,0.6331,87302.78,82992.27,0.4106,-0.83562,1e-05,211.24653,0.0,0.0
2026-10-10T19:53:59Z,2027-09-24,349,150000.0,C,0.022,0.0235,0.0227,87302.69,82992.27,0.4179,0.13105,1e-05,181.46576,27.7,0.0
2026-10-10T19:53:59Z,2027-09-24,349,150000.0,P,0.734,0.75,0.7409,87302.69,82992.27,0.4179,-0.86895,1e-05,181.46576,0.0,0.0
2026-10-10T19:53:59Z,2027-09-24,349,160000.0,C,0.017,0.0185,0.0177,87302.69,82992.27,0.42460000000000003,0.10515,1e-05,155.27545,3.1,0.0
2026-10-10T19:53:59Z,2027-09-24,349,160000.0,P,0.8435,0.8605,0.8504,87302.69,82992.27,0.42460000000000003,-0.89485,1e-05,155.27545,0.0,0.0
2026-10-10T19:53:59Z,2027-09-24,349,170000.0,C,0.0135,0.015,0.0142,87302.69,82992.27,0.4325,0.08603,0.0,133.94948,4.2,0.0
2026-10-10T19:53:59Z,2027-09-24,349,170000.0,P,0.954,0.9715,0.9615,87302.69,82992.27,0.4325,-0.91397,0.0,133.94948,4.3,0.0
2026-10-10T19:53:59Z,2027-09-24,349,180000.0,C,0.011,0.0125,0.0117,87302.69,82992.27,0.4413,0.07179,0.0,116.78379,53.2,0.0
2026-10-10T19:53:59Z,2027-09-24,349,180000.0,P,1.059,1.0925,1.0735,87302.69,82992.27,0.4413,-0.92821,0.0,116.78379,0.1,0.0
2026-10-10T19:53:59Z,2027-09-24,349,190000.0,C,0.009,0.0105,0.0097,87302.72,82992.27,0.44909999999999994,0.06024,0.0,101.94372,10.7,0.0
2026-10-10T19:53:59Z,2027-09-24,349,190000.0,P,1.1705,1.206,1.1861,87302.72,82992.27,0.44909999999999994,-0.93976,0.0,101.94372,0.0,0.0
2026-10-10T19:53:59Z,2027-09-24,349,200000.0,C,0.008,0.009,0.0085,87302.72,82992.27,0.4597,0.05255,0.0,91.53126,30.0,0.0
2026-10-10T19:53:59Z,2027-09-24,349,200000.0,P,1.282,1.3205,1.2994,87302.72,82992.27,0.4597,-0.94745,0.0,91.53126,0.0,0.0
2026-10-10T19:53:59Z,2027-09-24,349,210000.0,C,0.0065,0.008,0.0072,87302.69,82992.27,0.4671,0.04507,0.0,80.95497,20.6,0.0
2026-10-10T19:53:59Z,2027-09-24,349,210000.0,P,1.3945,1.435,1.4126,87302.72,82992.27,0.4671,-0.95493,0.0,80.9551,0.0,0.0
2026-10-10T19:53:59Z,2027-09-24,349,220000.0,C,0.006,0.007,0.0065,87302.69,82992.27,0.47759999999999997,0.0403,0.0,73.96168,42.0,0.0
2026-10-10T19:53:59Z,2027-09-24,349,220000.0,P,1.5065,1.55,1.5265,87302.72,82992.27,0.47759999999999997,-0.9597,0.0,73.9618,0.0,0.0
