snapshot_ts,expiry,days_to_expiry,strike,option_type,bid,ask,mark_price,forward_price,index_price,implied_vol,delta,gamma,vega,open_interest,volume_24h
2026-09-28T21:41:51Z,2026-09-29,1,74000.0,C,0.1105,0.1145,0.1125,83378.48,83371.53,0.7563,1.0,0.0,0.00027,0.0,0.0
2026-09-28T21:41:51Z,2026-09-29,1,74000.0,P,0.0,0.0001,0.0,83378.14,83371.53,0.7563,0.0,0.0,0.00027,27.0,0.0
2026-09-28T21:41:51Z,2026-09-29,1,75000.0,C,0.0985,0.1025,0.1005,83378.48,83371.53,0.7519,0.99998,0.0,0.00234,0.0,0.0
2026-09-28T21:41:51Z,2026-09-29,1,75000.0,P,0.0,0.0001,0.0,83378.48,83371.53,0.7519,-2e-05,0.0,0.00234,25.1,15.0
2026-09-28T21:41:51Z,2026-09-29,1,76000.0,C,0.0865,0.0905,0.0885,83378.48,83371.53,0.7509999999999999,0.99985,0.0,0.01681,0.0,0.0
2026-09-28T21:41:51Z,2026-09-29,1,76000.0,P,0.0,0.0001,0.0,83378.48,83371.53,0.7509999999999999,-0.00015,0.0,0.01681,4.2,4.2
2026-09-28T21:41:51Z,2026-09-29,1,77000.0,C,0.0745,0.0785,0.0765,83378.48,83371.53,0.7253000000000001,0.99934,0.0,0.06549,0.0,0.0
2026-09-28T21:41:51Z,2026-09-29,1,77000.0,P,0.0,0.0001,0.0,83378.48,83371.53,0.7253000000000001,-0.00066,0.0,0.06549,47.5,45.4
2026-09-28T21:41:51Z,2026-09-29,1,78000.0,C,0.0625,0.0665,0.0645,83378.48,83371.53,0.6531999999999999,0.9986,0.0,0.13115,0.0,0.0
2026-09-28T21:41:51Z,2026-09-29,1,78000.0,P,0.0,0.0001,0.0,83378.48,83371.53,0.6531999999999999,-0.0014,0.0,0.13115,29.2,19.6
2026-09-28T21:41:51Z,2026-09-29,1,79000.0,C,0.0505,0.0545,0.0525,83378.48,83371.53,0.5577000000000001,0.99767,0.0,0.20784,0.0,0.0
2026-09-28T21:41:51Z,2026-09-29,1,79000.0,P,0.0,0.0001,0.0,83378.48,83371.53,0.5577000000000001,-0.00233,0.0,0.20784,51.6,14.6
2026-09-28T21:41:51Z,2026-09-29,1,80000.0,C,0.0385,0.0425,0.0406,83378.14,83371.53,0.5247999999999999,0.98948,2e-05,0.79615,0.0,0.0
2026-09-28T21:41:51Z,2026-09-29,1,80000.0,P,0.0,0.0002,0.0001,83378.48,83371.53,0.5247999999999999,-0.01051,2e-05,0.79574,30.1,31.8
2026-09-28T21:41:51Z,2026-09-29,1,81000.0,C,0.0265,0.0305,0.0287,83378.48,83371.53,0.4546,0.96888,5e-05,2.00529,0.0,0.0
2026-09-28T21:41:51Z,2026-09-29,1,81000.0,P,0.0002,0.0003,0.0002,83378.14,83371.53,0.4546,-0.03114,5e-05,2.00626,156.7,166.8
2026-09-28T21:41:51Z,2026-09-29,1,81500.0,C,0.0205,0.025,0.0228,83378.14,83371.53,0.4115,0.94757,9e-05,3.06202,0.0,0.0
2026-09-28T21:41:51Z,2026-09-29,1,81500.0,P,0.0003,0.0004,0.0003,83378.48,83371.53,0.4115,-0.0524,9e-05,3.0606,305.6,396.9
2026-09-28T21:41:51Z,2026-09-29,1,82000.0,C,0.015,0.019,0.017,83378.48,83371.53,0.3607,0.91212,0.00015,4.56128,0.0,0.0
2026-09-28T21:41:51Z,2026-09-29,1,82000.0,P,0.0004,0.0006,0.0005,83378.48,83371.53,0.3607,-0.08788,0.00015,4.56128,164.9,192.9
2026-09-28T21:41:51Z,2026-09-29,1,82500.0,C,0.0095,0.0135,0.0114,83378.09,83371.53,0.3015,0.84832,0.00027,6.71576,1.6,1.1
2026-09-28T21:41:51Z,2026-09-29,1,82500.0,P,0.0007,0.0009,0.0008,83378.09,83371.53,0.3015,-0.15168,0.00027,6.71576,50.3,71.9
2026-09-28T21:41:51Z,2026-09-29,1,83000.0,C,0.0055,0.007,0.0062,83378.09,83371.53,0.2551,0.69982,0.00048,9.94332,26.2,27.6
2026-09-28T21:41:51Z,2026-09-29,1,83000.0,P,0.0015,0.0018,0.0017,83378.09,83371.53,0.2551,-0.30018,0.00048,9.94332,390.5,314.2
2026-09-28T21:41:51Z,2026-09-29,1,83500.0,C,0.0024,0.0028,0.0026,83378.09,83371.53,0.2364,0.43007,0.00058,11.23019,323.8,800.9
2026-09-28T21:41:51Z,2026-09-29,1,83500.0,P,0.0036,0.0042,0.004,83378.09,83371.53,0.2364,-0.56993,0.00058,11.23019,161.6,198.7
2026-09-28T21:41:51Z,2026-09-29,1,84000.0,C,0.0008,0.0009,0.0008,83378.09,83371.53,0.23800000000000002,0.18232,0.00039,7.5625,243.7,328.2
2026-09-28T21:41:51Z,2026-09-29,1,84000.0,P,0.0065,0.01,0.0083,83378.09,83371.53,0.23800000000000002,-0.81768,0.00039,7.5625,70.7,75.5
2026-09-28T21:41:51Z,2026-09-29,1,84500.0,C,0.0002,0.0004,0.0003,83378.09,83371.53,0.259,0.06676,0.00017,3.70091,384.5,663.9
2026-09-28T21:41:51Z,2026-09-29,1,84500.0,P,0.012,0.015,0.0137,83378.09,83371.53,0.259,-0.93324,0.00017,3.70091,25.8,0.7
2026-09-28T21:41:51Z,2026-09-29,1,85000.0,C,0.0001,0.0002,0.0001,83378.09,83371.53,0.3018,0.03171,8e-05,2.03682,655.7,710.9
2026-09-28T21:41:51Z,2026-09-29,1,85000.0,P,0.018,0.021,0.0196,83378.09,83371.53,0.3018,-0.96829,8e-05,2.03682,12.4,5.5
2026-09-28T21:41:51Z,2026-09-29,1,85500.0,C,0.0,0.0002,0.0001,83378.09,83371.53,0.3328,0.01404,4e-05,1.02282,193.7,134.1
2026-09-28T21:41:51Z,2026-09-29,1,85500.0,P,0.0235,0.0275,0.0255,83378.09,83371.53,0.3328,-0.98596,4e-05,1.02282,0.0,0.0
2026-09-28T21:41:51Z,2026-09-29,1,86000.0,C,0.0,0.0001,0.0,83378.48,83371.53,0.33990000000000004,0.00402,1e-05,0.34009,297.7,44.8
2026-09-28T21:41:51Z,2026-09-29,1,86000.0,P,0.03,0.033,0.0315,83378.09,83371.53,0.33990000000000004,-0.99599,1e-05,0.33973,300.0,0.0
2026-09-28T21:41:51Z,2026-09-29,1,86500.0,C,0.0,0.0001,0.0,83377.64,83371.53,0.3439,0.00093,0.0,0.09015,71.0,31.2
2026-09-28T21:41:51Z,2026-09-29,1,86500.0,P,0.0355,0.04,0.0374,83377.64,83371.53,0.3439,-0.99907,0.0,0.09015,0.0,0.0
2026-09-28T21:41:51Z,2026-09-29,1,87000.0,C,0.0,0.0001,0.0,83378.09,83371.53,0.386,0.00067,0.0,0.06689,242.9,163.6
2026-09-28T21:41:51Z,2026-09-29,1,87000.0,P,0.041,0.046,0.0434,83377.64,83371.53,0.386,-0.99933,0.0,0.06681,0.0,0.0
2026-09-28T21:41:51Z,2026-09-29,1,87500.0,C,0.0,0.0001,0.0,83377.64,83371.53,0.4325,0.00058,0.0,0.0587,73.1,70.9
2026-09-28T21:41:51Z,2026-09-29,1,87500.0,P,0.047,0.052,0.0494,83377.64,83371.53,0.4325,-0.99942,0.0,0.0587,0.0,0.0
2026-09-28T21:41:51Z,2026-09-29,1,88000.0,C,0.0,0.0001,0.0,83377.64,83371.53,0.4817,0.00056,0.0,0.05647,33.7,28.0
2026-09-28T21:41:51Z,2026-09-29,1,88000.0,P,0.053,0.058,0.0554,83377.64,83371.53,0.4817,-0.99944,0.0,0.05647,0.0,0.0
2026-09-28T21:41:51Z,2026-09-29,1,89000.0,C,0.0,0.0001,0.0,83377.64,83371.53,0.489,5e-05,0.0,0.00606,103.1,33.2
2026-09-28T21:41:51Z,2026-09-29,1,89000.0,P,0.0655,0.07,0.0674,83377.64,83371.53,0.489,-0.99995,0.0,0.00606,0.0,0.0
2026-09-28T21:41:51Z,2026-09-29,1,90000.0,C,0.0,0.0001,0.0,83377.64,83371.53,0.5372,2e-05,0.0,0.00217,27.2,1.0
2026-09-28T21:41:51Z,2026-09-29,1,90000.0,P,0.077,0.082,0.0794,83377.64,83371.53,0.5372,-0.99998,0.0,0.00217,0.0,0.0
2026-09-28T21:41:51Z,2026-09-29,1,91000.0,C,0.0,0.0001,0.0,83377.64,83371.53,0.583,1e-05,0.0,0.00083,36.6,0.1
2026-09-28T21:41:51Z,2026-09-29,1,91000.0,P,0.089,0.094,0.0914,83377.64,83371.53,0.583,-0.99999,0.0,0.00083,0.0,0.0
2026-09-28T21:41:51Z,2026-09-29,1,92000.0,C,0.0,0.0001,0.0,83377.64,83371.53,0.6332,0.0,0.0,0.00041,2.0,2.0
2026-09-28T21:41:51Z,2026-09-29,1,92000.0,P,0.101,0.106,0.1034,83377.64,83371.53,0.6332,-1.0,0.0,0.00041,0.0,0.0
2026-09-28T21:41:51Z,2026-09-29,1,93000.0,C,0.0,0.0001,0.0,83377.64,83371.53,0.6973999999999999,0.0,0.0,0.00036,0.1,0.0
2026-09-28T21:41:51Z,2026-09-29,1,93000.0,P,0.113,0.118,0.1154,83378.09,83371.53,0.6973999999999999,-1.0,0.0,0.00036,0.0,0.0
2026-09-28T21:41:51Z,2026-09-29,1,94000.0,C,0.0,0.0001,0.0,83377.64,83371.53,0.7495,0.0,0.0,0.00023,121.7,49.3
2026-09-28T21:41:51Z,2026-09-29,1,94000.0,P,0.125,0.13,0.1274,83377.64,83371.53,0.7495,-1.0,0.0,0.00023,0.0,0.0
2026-09-28T21:41:51Z,2026-09-29,1,95000.0,C,0.0,0.0001,0.0,83378.24,83371.53,0.7814,0.0,0.0,9e-05,101.8,0.0
2026-09-28T21:41:51Z,2026-09-29,1,95000.0,P,0.137,0.142,0.1394,83378.24,83371.53,0.7814,-1.0,0.0,9e-05,0.0,0.0
2026-09-28T21:41:51Z,2026-09-30,2,74000.0,C,0.1105,0.1145,0.1126,83386.66,83371.53,0.7162000000000001,0.9964,0.0,0.56295,0.0,0.0
2026-09-28T21:41:51Z,2026-09-30,2,74000.0,P,0.0,0.0001,0.0001,83386.66,83371.53,0.7162000000000001,-0.0036,0.0,0.56295,7.7,4.8
2026-09-28T21:41:51Z,2026-09-30,2,75000.0,C,0.0985,0.1025,0.1006,83387.25,83371.53,0.6606000000000001,0.99514,0.0,0.73622,0.0,0.0
2026-09-28T21:41:51Z,2026-09-30,2,75000.0,P,0.0,0.0001,0.0001,83386.66,83371.53,0.6606000000000001,-0.00487,0.0,0.73654,2.4,2.0
2026-09-28T21:41:51Z,2026-09-30,2,76000.0,C,0.0865,0.0905,0.0887,83386.66,83371.53,0.5858,0.99459,1e-05,0.80903,0.0,0.0
2026-09-28T21:41:51Z,2026-09-30,2,76000.0,P,0.0,0.0001,0.0001,83387.25,83371.53,0.5858,-0.00541,1e-05,0.80864,13.3,5.1
2026-09-28T21:41:51Z,2026-09-30,2,77000.0,C,0.0745,0.0785,0.0767,83386.66,83371.53,0.5224,0.99294,1e-05,1.02513,0.0,0.0
2026-09-28T21:41:51Z,2026-09-30,2,77000.0,P,0.0,0.0002,0.0001,83386.66,83371.53,0.5224,-0.00706,1e-05,1.02513,9.1,5.9
2026-09-28T21:41:51Z,2026-09-30,2,78000.0,C,0.0625,0.067,0.0648,83386.66,83371.53,0.48719999999999997,0.9863,1e-05,1.82728,0.0,0.0
2026-09-28T21:41:51Z,2026-09-30,2,78000.0,P,0.0001,0.0002,0.0001,83386.66,83371.53,0.48719999999999997,-0.0137,1e-05,1.82728,33.1,41.1
2026-09-28T21:41:51Z,2026-09-30,2,79000.0,C,0.0505,0.0555,0.0529,83386.66,83371.53,0.44079999999999997,0.97576,2e-05,2.97174,0.0,0.0
2026-09-28T21:41:51Z,2026-09-30,2,79000.0,P,0.0002,0.0003,0.0003,83387.25,83371.53,0.44079999999999997,-0.02423,2e-05,2.97025,64.6,86.4
2026-09-28T21:41:51Z,2026-09-30,2,80000.0,C,0.039,0.043,0.041,83386.66,83371.53,0.38,0.96041,4e-05,4.4589,0.0,0.0
2026-09-28T21:41:51Z,2026-09-30,2,80000.0,P,0.0003,0.0004,0.0004,83386.66,83371.53,0.38,-0.03959,4e-05,4.4589,130.7,125.9
2026-09-28T21:41:51Z,2026-09-30,2,80500.0,C,0.033,0.0375,0.0352,83386.66,83371.53,0.36700000000000005,0.93891,6e-05,6.30384,0.0,0.0
2026-09-28T21:41:51Z,2026-09-30,2,80500.0,P,0.0005,0.0007,0.0006,83386.66,83371.53,0.36700000000000005,-0.06109,6e-05,6.30384,0.6,0.6
2026-09-28T21:41:51Z,2026-09-30,2,81000.0,C,0.0275,0.0315,0.0295,83387.25,83371.53,0.3442,0.91301,9e-05,8.26107,0.5,0.5
2026-09-28T21:41:51Z,2026-09-30,2,81000.0,P,0.0008,0.001,0.0009,83387.25,83371.53,0.3442,-0.08699,9e-05,8.2613,103.6,66.3
2026-09-28T21:41:51Z,2026-09-30,2,81500.0,C,0.022,0.0265,0.0239,83387.25,83371.53,0.32289999999999996,0.87351,0.00012,10.83047,0.0,0.0
2026-09-28T21:41:51Z,2026-09-30,2,81500.0,P,0.0011,0.0014,0.0013,83387.25,83371.53,0.32289999999999996,-0.12649,0.00012,10.83047,241.9,298.1
2026-09-28T21:41:51Z,2026-09-30,2,82000.0,C,0.0165,0.0215,0.0186,83387.25,83371.53,0.3037,0.81387,0.00017,13.98085,0.0,0.0
2026-09-28T21:41:51Z,2026-09-30,2,82000.0,P,0.0018,0.002,0.002,83387.25,83371.53,0.3037,-0.18613,0.00017,13.98085,427.3,430.3
2026-09-28T21:41:51Z,2026-09-30,2,82500.0,C,0.012,0.0155,0.0137,83387.25,83371.53,0.2908,0.72475,0.00022,17.41839,7.3,7.3
2026-09-28T21:41:51Z,2026-09-30,2,82500.0,P,0.0029,0.0033,0.0031,83387.69,83371.53,0.2908,-0.27515,0.00022,17.41547,34.2,36.6
2026-09-28T21:41:51Z,2026-09-30,2,83000.0,C,0.009,0.0105,0.0096,83387.25,83371.53,0.284,0.60675,0.00026,20.06665,7.6,13.4
2026-09-28T21:41:51Z,2026-09-30,2,83000.0,P,0.0047,0.0055,0.005,83387.69,83371.53,0.284,-0.39314,0.00026,20.06514,231.8,232.0
2026-09-28T21:41:51Z,2026-09-30,2,83500.0,C,0.006,0.0065,0.0063,83387.25,83371.53,0.2796,0.47271,0.00027,20.76762,22.0,22.2
2026-09-28T21:41:51Z,2026-09-30,2,83500.0,P,0.007,0.008,0.0077,83387.69,83371.53,0.2796,-0.52717,0.00027,20.76815,37.6,8.7
2026-09-28T21:41:51Z,2026-09-30,2,84000.0,C,0.0038,0.004,0.0039,83387.25,83371.53,0.2775,0.3398,0.00025,19.11458,234.8,63.5
2026-09-28T21:41:51Z,2026-09-30,2,84000.0,P,0.0105,0.012,0.0112,83387.69,83371.53,0.2775,-0.66009,0.00025,19.11708,899.6,1536.3
2026-09-28T21:41:51Z,2026-09-30,2,84500.0,C,0.0022,0.0024,0.0023,83387.69,83371.53,0.281,0.2282,0.00021,15.77456,44.1,34.6
2026-09-28T21:41:51Z,2026-09-30,2,84500.0,P,0.014,0.017,0.0157,83387.25,83371.53,0.281,-0.77189,0.00021,15.77095,6.8,0.0
2026-09-28T21:41:51Z,2026-09-30,2,85000.0,C,0.0012,0.0015,0.0013,83387.25,83371.53,0.28859999999999997,0.14645,0.00015,11.97238,599.7,268.2
2026-09-28T21:41:51Z,2026-09-30,2,85000.0,P,0.019,0.0225,0.0207,83387.69,83371.53,0.28859999999999997,-0.85349,0.00015,11.9761,400.0,465.5
2026-09-28T21:41:51Z,2026-09-30,2,85500.0,C,0.0007,0.001,0.0008,83390.64,83371.53,0.3009,0.09388,0.00011,8.74291,352.4,69.1
2026-09-28T21:41:51Z,2026-09-30,2,85500.0,P,0.0245,0.028,0.0262,83390.64,83371.53,0.3009,-0.90612,0.00011,8.74291,10.0,10.0
2026-09-28T21:41:51Z,2026-09-30,2,86000.0,C,0.0004,0.0006,0.0005,83387.69,83371.53,0.3135,0.05906,7e-05,6.1393,307.9,356.0
2026-09-28T21:41:51Z,2026-09-30,2,86000.0,P,0.029,0.034,0.0318,83390.64,83371.53,0.3135,-0.94073,7e-05,6.15683,0.0,0.0
2026-09-28T21:41:51Z,2026-09-30,2,86500.0,C,0.0003,0.0005,0.0004,83387.69,83371.53,0.3393,0.04313,5e-05,4.77994,99.9,96.7
2026-09-28T21:41:51Z,2026-09-30,2,86500.0,P,0.0355,0.04,0.0377,83387.69,83371.53,0.3393,-0.95687,5e-05,4.77994,0.0,0.0
2026-09-28T21:41:51Z,2026-09-30,2,87000.0,C,0.0002,0.0004,0.0003,83387.69,83371.53,0.3617,0.03127,4e-05,3.67473,414.6,409.2
2026-09-28T21:41:51Z,2026-09-30,2,87000.0,P,0.041,0.046,0.0436,83387.69,83371.53,0.3617,-0.96873,4e-05,3.67473,0.0,0.0
2026-09-28T21:41:51Z,2026-09-30,2,87500.0,C,0.0001,0.0002,0.0002,83387.69,83371.53,0.3663,0.01837,2e-05,2.35008,5.9,5.9
2026-09-28T21:41:51Z,2026-09-30,2,87500.0,P,0.047,0.052,0.0495,83387.69,83371.53,0.3663,-0.98163,2e-05,2.35008,0.0,0.0
2026-09-28T21:41:51Z,2026-09-30,2,88000.0,C,0.0001,0.0002,0.0001,83390.64,83371.53,0.39659999999999995,0.01556,2e-05,2.03987,66.3,26.5
2026-09-28T21:41:51Z,2026-09-30,2,88000.0,P,0.053,0.058,0.0555,83390.64,83371.53,0.39659999999999995,-0.98444,2e-05,2.03987,0.0,0.0
2026-09-28T21:41:51Z,2026-09-30,2,89000.0,C,0.0,0.0002,0.0001,83387.69,83371.53,0.4537,0.0113,1e-05,1.54741,74.0,71.7
2026-09-28T21:41:51Z,2026-09-30,2,89000.0,P,0.065,0.07,0.0674,83387.69,83371.53,0.4537,-0.9887,1e-05,1.54741,0.0,0.0
2026-09-28T21:41:51Z,2026-09-30,2,90000.0,C,0.0,0.0002,0.0001,83387.69,83371.53,0.4763,0.00546,1e-05,0.81552,3.4,3.1
2026-09-28T21:41:51Z,2026-09-30,2,90000.0,P,0.077,0.082,0.0794,83387.69,83371.53,0.4763,-0.99454,1e-05,0.81552,0.0,0.0
2026-09-28T21:41:51Z,2026-09-30,2,91000.0,C,0.0,0.0001,0.0,83387.69,83371.53,0.5029,0.00289,0.0,0.46134,0.2,0.1
2026-09-28T21:41:51Z,2026-09-30,2,91000.0,P,0.089,0.094,0.0913,83387.69,83371.53,0.5029,-0.99711,0.0,0.46134,0.0,0.0
2026-09-28T21:41:51Z,2026-09-30,2,92000.0,C,0.0,0.0001,0.0,83387.69,83371.53,0.5088,0.00107,0.0,0.18636,2.1,0.2
2026-09-28T21:41:51Z,2026-09-30,2,92000.0,P,0.1005,0.106,0.1033,83390.64,83371.53,0.5088,-0.99893,0.0,0.187,0.0,0.0
2026-09-28T21:41:51Z,2026-09-30,2,93000.0,C,0.0,0.0001,0.0,83390.64,83371.53,0.5224,0.00045,0.0,0.08414,0.0,0.0
2026-09-28T21:41:51Z,2026-09-30,2,93000.0,P,0.113,0.1175,0.1153,83390.64,83371.53,0.5224,-0.99955,0.0,0.08414,0.0,0.0
2026-09-28T21:41:51Z,2026-09-30,2,94000.0,C,0.0,0.0001,0.0,83394.82,83371.53,0.5593,0.00033,0.0,0.06363,5.0,0.0
2026-09-28T21:41:51Z,2026-09-30,2,94000.0,P,0.125,0.1295,0.1273,83390.64,83371.53,0.5593,-0.99967,0.0,0.06332,0.0,0.0
2026-09-28T21:41:51Z,2026-10-01,3,74000.0,C,0.111,0.1145,0.1128,83400.09,83371.53,0.6345000000000001,0.99026,1e-05,1.77222,0.0,0.0
2026-09-28T21:41:51Z,2026-10-01,3,74000.0,P,0.0001,0.0003,0.0002,83400.09,83371.53,0.6345000000000001,-0.00974,1e-05,1.77222,0.0,0.0
2026-09-28T21:41:51Z,2026-10-01,3,75000.0,C,0.099,0.1025,0.1009,83400.09,83371.53,0.5765,0.98872,1e-05,2.01354,0.0,0.0
2026-09-28T21:41:51Z,2026-10-01,3,75000.0,P,0.0001,0.0003,0.0002,83400.09,83371.53,0.5765,-0.01128,1e-05,2.01354,33.2,30.4
2026-09-28T21:41:51Z,2026-10-01,3,76000.0,C,0.087,0.091,0.089,83400.09,83371.53,0.5447,0.98271,1e-05,2.91064,0.0,0.0
2026-09-28T21:41:51Z,2026-10-01,3,76000.0,P,0.0002,0.0004,0.0003,83400.09,83371.53,0.5447,-0.01729,1e-05,2.91064,0.1,0.1
2026-09-28T21:41:51Z,2026-10-01,3,77000.0,C,0.075,0.079,0.0771,83400.09,83371.53,0.5046,0.97501,2e-05,3.97452,0.0,0.0
2026-09-28T21:41:51Z,2026-10-01,3,77000.0,P,0.0003,0.0005,0.0004,83400.09,83371.53,0.5046,-0.02499,2e-05,3.97452,1.2,0.0
2026-09-28T21:41:51Z,2026-10-01,3,78000.0,C,0.063,0.067,0.0652,83395.92,83371.53,0.45399999999999996,0.96597,2e-05,5.1366,0.0,0.0
2026-09-28T21:41:51Z,2026-10-01,3,78000.0,P,0.0004,0.0006,0.0005,83395.92,83371.53,0.45399999999999996,-0.03403,2e-05,5.1366,4.1,1.9
2026-09-28T21:41:51Z,2026-10-01,3,79000.0,C,0.0515,0.0555,0.0535,83395.92,83371.53,0.4169,0.94621,4e-05,7.43673,0.0,0.0
2026-09-28T21:41:51Z,2026-10-01,3,79000.0,P,0.0007,0.0008,0.0008,83395.92,83371.53,0.4169,-0.05379,4e-05,7.43673,8.0,2.2
2026-09-28T21:41:51Z,2026-10-01,3,80000.0,C,0.04,0.044,0.0419,83400.09,83371.53,0.3765,0.91476,6e-05,10.60973,0.0,0.0
2026-09-28T21:41:51Z,2026-10-01,3,80000.0,P,0.0011,0.0013,0.0012,83400.09,83371.53,0.3765,-0.08524,6e-05,10.60973,8.6,9.2
2026-09-28T21:41:51Z,2026-10-01,3,80500.0,C,0.0345,0.0385,0.0364,83395.92,83371.53,0.36219999999999997,0.88701,8e-05,13.04042,0.0,0.0
2026-09-28T21:41:51Z,2026-10-01,3,80500.0,P,0.0015,0.0018,0.0016,83395.92,83371.53,0.36219999999999997,-0.11299,8e-05,13.04042,7.3,7.3
2026-09-28T21:41:51Z,2026-10-01,3,81000.0,C,0.029,0.033,0.031,83400.09,83371.53,0.34840000000000004,0.85119,0.0001,15.77954,0.0,0.0
2026-09-28T21:41:51Z,2026-10-01,3,81000.0,P,0.002,0.0024,0.0022,83395.92,83371.53,0.34840000000000004,-0.14922,0.0001,15.80767,44.7,24.6
2026-09-28T21:41:51Z,2026-10-01,3,81500.0,C,0.024,0.0275,0.0258,83395.92,83371.53,0.3389,0.80113,0.00012,18.98233,0.0,0.0
2026-09-28T21:41:51Z,2026-10-01,3,81500.0,P,0.0029,0.0033,0.0031,83400.09,83371.53,0.3389,-0.19837,0.00012,18.95423,47.2,38.4
2026-09-28T21:41:51Z,2026-10-01,3,82000.0,C,0.019,0.023,0.0211,83400.09,83371.53,0.331,0.73907,0.00014,22.10949,0.0,0.0
2026-09-28T21:41:51Z,2026-10-01,3,82000.0,P,0.0041,0.0045,0.0043,83400.09,83371.53,0.331,-0.26093,0.00014,22.10949,14.0,14.0
2026-09-28T21:41:51Z,2026-10-01,3,82500.0,C,0.016,0.0175,0.0168,83400.09,83371.53,0.32630000000000003,0.66309,0.00016,24.84219,0.0,0.0
2026-09-28T21:41:51Z,2026-10-01,3,82500.0,P,0.0055,0.0065,0.006,83400.09,83371.53,0.32630000000000003,-0.33691,0.00016,24.84219,1.3,0.3
2026-09-28T21:41:51Z,2026-10-01,3,83000.0,C,0.0125,0.0135,0.0131,83400.09,83371.53,0.3247,0.57722,0.00018,26.633,15.5,16.0
2026-09-28T21:41:51Z,2026-10-01,3,83000.0,P,0.008,0.0085,0.0083,83395.92,83371.53,0.3247,-0.42352,0.00018,26.64142,23.8,3.2
2026-09-28T21:41:51Z,2026-10-01,3,83500.0,C,0.0095,0.0105,0.0099,83400.09,83371.53,0.32280000000000003,0.48712,0.00018,27.12891,17.4,17.8
2026-09-28T21:41:51Z,2026-10-01,3,83500.0,P,0.0105,0.0115,0.0111,83400.09,83371.53,0.32280000000000003,-0.51288,0.00018,27.12891,18.3,7.4
2026-09-28T21:41:51Z,2026-10-01,3,84000.0,C,0.007,0.0075,0.0073,83400.09,83371.53,0.32170000000000004,0.39744,0.00018,26.24113,53.8,54.8
2026-09-28T21:41:51Z,2026-10-01,3,84000.0,P,0.0135,0.015,0.0145,83400.09,83371.53,0.32170000000000004,-0.60256,0.00018,26.24113,12.3,12.2
2026-09-28T21:41:51Z,2026-10-01,3,84500.0,C,0.005,0.0055,0.0053,83400.04,83371.53,0.32420000000000004,0.31481,0.00016,24.1634,4.0,2.0
2026-09-28T21:41:51Z,2026-10-01,3,84500.0,P,0.017,0.02,0.0185,83400.09,83371.53,0.32420000000000004,-0.68518,0.00016,24.16368,6.3,0.0
2026-09-28T21:41:51Z,2026-10-01,3,85000.0,C,0.0036,0.004,0.0038,83400.04,83371.53,0.3276,0.24268,0.00014,21.27888,25.0,7.4
2026-09-28T21:41:51Z,2026-10-01,3,85000.0,P,0.021,0.025,0.023,83400.09,83371.53,0.3276,-0.75732,0.00014,21.27923,0.0,0.0
2026-09-28T21:41:51Z,2026-10-01,3,85500.0,C,0.0025,0.0029,0.0027,83400.04,83371.53,0.33270000000000005,0.18336,0.00012,18.06097,4.5,3.5
2026-09-28T21:41:51Z,2026-10-01,3,85500.0,P,0.026,0.03,0.0279,83400.04,83371.53,0.33270000000000005,-0.81664,0.00012,18.06097,0.0,0.0
2026-09-28T21:41:51Z,2026-10-01,3,86000.0,C,0.0018,0.0021,0.0019,83400.09,83371.53,0.3396,0.1369,9e-05,14.91436,89.3,81.3
2026-09-28T21:41:51Z,2026-10-01,3,86000.0,P,0.031,0.0355,0.0331,83400.04,83371.53,0.3396,-0.8631,9e-05,14.914,0.0,0.0
2026-09-28T21:41:51Z,2026-10-01,3,86500.0,C,0.0012,0.0015,0.0013,83400.04,83371.53,0.3467,0.10095,7e-05,12.02322,5.8,7.0
2026-09-28T21:41:51Z,2026-10-01,3,86500.0,P,0.0365,0.041,0.0385,83400.04,83371.53,0.3467,-0.89905,7e-05,12.02322,0.0,0.0
2026-09-28T21:41:51Z,2026-10-01,3,87000.0,C,0.0009,0.0011,0.001,83400.04,83371.53,0.35719999999999996,0.07553,6e-05,9.68297,20.2,22.7
2026-09-28T21:41:51Z,2026-10-01,3,87000.0,P,0.042,0.0465,0.0441,83400.04,83371.53,0.35719999999999996,-0.92447,6e-05,9.68297,0.0,0.0
2026-09-28T21:41:51Z,2026-10-01,3,87500.0,C,0.0006,0.0008,0.0007,83400.04,83371.53,0.3665,0.05591,5e-05,7.66738,2.5,2.7
2026-09-28T21:41:51Z,2026-10-01,3,87500.0,P,0.048,0.0525,0.0499,83400.04,83371.53,0.3665,-0.94409,5e-05,7.66738,0.0,0.0
2026-09-28T21:41:51Z,2026-10-01,3,88000.0,C,0.0004,0.0006,0.0005,83400.09,83371.53,0.37450000000000006,0.04076,3e-05,5.95335,13.6,12.4
2026-09-28T21:41:51Z,2026-10-01,3,88000.0,P,0.0535,0.058,0.0557,83400.04,83371.53,0.37450000000000006,-0.95924,3e-05,5.95314,0.0,0.0
2026-09-28T21:41:51Z,2026-10-01,3,89000.0,C,0.0002,0.0004,0.0003,83400.04,83371.53,0.39880000000000004,0.02377,2e-05,3.81168,24.8,6.4
2026-09-28T21:41:51Z,2026-10-01,3,89000.0,P,0.0655,0.07,0.0674,83400.04,83371.53,0.39880000000000004,-0.97623,2e-05,3.81168,0.0,0.0
2026-09-28T21:41:51Z,2026-10-01,3,90000.0,C,0.0001,0.0003,0.0002,83400.04,83371.53,0.4244,0.01454,1e-05,2.50859,62.6,61.6
2026-09-28T21:41:51Z,2026-10-01,3,90000.0,P,0.077,0.0815,0.0793,83400.04,83371.53,0.4244,-0.98546,1e-05,2.50859,0.0,0.0
2026-09-28T21:41:51Z,2026-10-01,3,91000.0,C,0.0001,0.0002,0.0001,83400.09,83371.53,0.46240000000000003,0.01093,1e-05,1.95936,22.0,22.0
2026-09-28T21:41:51Z,2026-10-01,3,91000.0,P,0.089,0.0935,0.0913,83400.04,83371.53,0.46240000000000003,-0.98907,1e-05,1.95929,0.0,0.0
2026-09-28T21:41:51Z,2026-10-01,3,92000.0,C,0.0,0.0002,0.0001,83400.04,83371.53,0.4839,0.00683,1e-05,1.29695,0.3,0.2
2026-09-28T21:41:51Z,2026-10-01,3,92000.0,P,0.101,0.1055,0.1032,83400.04,83371.53,0.4839,-0.99317,1e-05,1.29695,0.0,0.0
2026-09-28T21:41:51Z,2026-10-01,3,93000.0,C,0.0,0.0002,0.0001,83400.04,83371.53,0.519,0.00536,0.0,1.04599,0.3,0.1
2026-09-28T21:41:51Z,2026-10-01,3,93000.0,P,0.113,0.1175,0.1152,83400.04,83371.53,0.519,-0.99464,0.0,1.04599,0.0,0.0
2026-09-28T21:41:51Z,2026-10-01,3,94000.0,C,0.0,0.0001,0.0,83400.04,83371.53,0.5246,0.00277,0.0,0.57872,1.0,0.0
2026-09-28T21:41:51Z,2026-10-01,3,94000.0,P,0.125,0.1295,0.1271,83400.04,83371.53,0.5246,-0.99723,0.0,0.57872,0.0,0.0
2026-09-28T21:41:51Z,2026-10-01,3,95000.0,C,0.0,0.0001,0.0,83400.04,83371.53,0.5257000000000001,0.00128,0.0,0.28798,0.0,0.0
2026-09-28T21:41:51Z,2026-10-01,3,95000.0,P,0.137,0.1415,0.1391,83400.09,83371.53,0.5257000000000001,-0.99872,0.0,0.288,0.0,0.0
2026-09-28T21:41:51Z,2026-10-02,4,65000.0,C,0.219,0.2225,0.2208,83417.1,83371.53,0.7356999999999999,0.9998,0.0,0.06259,0.8,0.0
2026-09-28T21:41:51Z,2026-10-02,4,65000.0,P,0.0,0.0001,0.0,83417.21,83371.53,0.7356999999999999,-0.0002,0.0,0.06259,705.9,0.0
2026-09-28T21:41:51Z,2026-10-02,4,70000.0,C,0.159,0.1625,0.1609,83417.21,83371.53,0.7056999999999999,0.99531,0.0,1.10407,3.5,0.0
2026-09-28T21:41:51Z,2026-10-02,4,70000.0,P,0.0,0.0002,0.0001,83417.21,83371.53,0.7056999999999999,-0.00469,0.0,1.10407,959.7,127.8
2026-09-28T21:41:51Z,2026-10-02,4,72000.0,C,0.135,0.139,0.137,83417.1,83371.53,0.6281,0.99282,0.0,1.61174,2.6,0.0
2026-09-28T21:41:51Z,2026-10-02,4,72000.0,P,0.0001,0.0002,0.0001,83417.21,83371.53,0.6281,-0.00718,0.0,1.61165,243.9,5.0
2026-09-28T21:41:51Z,2026-10-02,4,73000.0,C,0.123,0.127,0.1251,83417.21,83371.53,0.5922999999999999,0.99067,1e-05,2.02891,0.8,0.0
2026-09-28T21:41:51Z,2026-10-02,4,73000.0,P,0.0001,0.0003,0.0002,83417.1,83371.53,0.5922999999999999,-0.00933,1e-05,2.02902,1127.9,12.0
2026-09-28T21:41:51Z,2026-10-02,4,74000.0,C,0.111,0.115,0.1131,83417.1,83371.53,0.5392,0.98978,1e-05,2.19682,1.7,0.0
2026-09-28T21:41:51Z,2026-10-02,4,74000.0,P,0.0001,0.0003,0.0002,83417.1,83371.53,0.5392,-0.01022,1e-05,2.19682,1263.2,8.1
2026-09-28T21:41:51Z,2026-10-02,4,75000.0,C,0.099,0.103,0.1012,83417.05,83371.53,0.5065,0.98577,1e-05,2.9256,4.7,0.0
2026-09-28T21:41:51Z,2026-10-02,4,75000.0,P,0.0002,0.0003,0.0003,83417.1,83371.53,0.5065,-0.01423,1e-05,2.92552,414.1,5.2
2026-09-28T21:41:51Z,2026-10-02,4,76000.0,C,0.088,0.091,0.0893,83417.1,83371.53,0.4814,0.97826,1e-05,4.20104,40.8,0.0
2026-09-28T21:41:51Z,2026-10-02,4,76000.0,P,0.0003,0.0004,0.0004,83417.1,83371.53,0.4814,-0.02174,1e-05,4.20104,402.2,9.9
2026-09-28T21:41:51Z,2026-10-02,4,77000.0,C,0.076,0.0795,0.0774,83417.1,83371.53,0.44329999999999997,0.97026,2e-05,5.46214,186.7,0.0
2026-09-28T21:41:51Z,2026-10-02,4,77000.0,P,0.0004,0.0006,0.0005,83417.1,83371.53,0.44329999999999997,-0.02974,2e-05,5.46214,358.2,229.0
2026-09-28T21:41:51Z,2026-10-02,4,78000.0,C,0.0635,0.067,0.0657,83417.05,83371.53,0.4192,0.9528,3e-05,7.96348,452.1,0.0
2026-09-28T21:41:51Z,2026-10-02,4,78000.0,P,0.0007,0.0009,0.0008,83417.1,83371.53,0.4192,-0.0472,3e-05,7.96328,1567.6,118.3
2026-09-28T21:41:51Z,2026-10-02,4,79000.0,C,0.052,0.0555,0.0542,83417.05,83371.53,0.391,0.92709,4e-05,11.20126,366.6,0.0
2026-09-28T21:41:51Z,2026-10-02,4,79000.0,P,0.0011,0.0014,0.0012,83417.05,83371.53,0.391,-0.07291,4e-05,11.20126,897.5,79.2
2026-09-28T21:41:51Z,2026-10-02,4,80000.0,C,0.0415,0.0445,0.0431,83417.05,83371.53,0.3701,0.88175,7e-05,16.00768,870.0,2.0
2026-09-28T21:41:51Z,2026-10-02,4,80000.0,P,0.0019,0.0023,0.0021,83417.1,83371.53,0.3701,-0.11825,7e-05,16.00737,1310.7,662.6
2026-09-28T21:41:51Z,2026-10-02,4,81000.0,C,0.0305,0.0335,0.0327,83417.1,83371.53,0.35450000000000004,0.80865,0.0001,22.03679,312.7,0.1
2026-09-28T21:41:51Z,2026-10-02,4,81000.0,P,0.0034,0.0039,0.0037,83417.1,83371.53,0.35450000000000004,-0.19135,0.0001,22.03679,224.5,53.1
2026-09-28T21:41:51Z,2026-10-02,4,81500.0,C,0.026,0.0295,0.0279,83417.05,83371.53,0.3497,0.75894,0.00011,25.19575,0.2,0.2
2026-09-28T21:41:51Z,2026-10-02,4,81500.0,P,0.0046,0.0055,0.0049,83417.05,83371.53,0.3497,-0.24106,0.00011,25.19575,22.7,22.7
2026-09-28T21:41:51Z,2026-10-02,4,82000.0,C,0.022,0.0245,0.0233,83417.1,83371.53,0.3408,0.70374,0.00013,27.9523,1432.5,100.0
2026-09-28T21:41:51Z,2026-10-02,4,82000.0,P,0.006,0.0065,0.0063,83417.1,83371.53,0.3408,-0.29626,0.00013,27.9523,1648.0,617.5
2026-09-28T21:41:51Z,2026-10-02,4,82500.0,C,0.0185,0.02,0.0192,83417.05,83371.53,0.33640000000000003,0.63884,0.00014,30.28236,0.0,0.0
2026-09-28T21:41:51Z,2026-10-02,4,82500.0,P,0.008,0.0085,0.0082,83417.05,83371.53,0.33640000000000003,-0.36116,0.00014,30.28236,20.3,20.3
2026-09-28T21:41:51Z,2026-10-02,4,83000.0,C,0.015,0.016,0.0156,83417.05,83371.53,0.3369,0.56742,0.00014,31.7945,654.4,8.1
2026-09-28T21:41:51Z,2026-10-02,4,83000.0,P,0.01,0.011,0.0106,83417.05,83371.53,0.3369,-0.43258,0.00014,31.79448,610.5,193.8
2026-09-28T21:41:51Z,2026-10-02,4,83500.0,C,0.012,0.013,0.0125,83417.25,83371.53,0.3345,0.49427,0.00015,32.25292,15.7,15.7
2026-09-28T21:41:51Z,2026-10-02,4,83500.0,P,0.013,0.014,0.0134,83417.25,83371.53,0.3345,-0.50573,0.00015,32.25292,3.6,7.2
2026-09-28T21:41:51Z,2026-10-02,4,84000.0,C,0.0095,0.01,0.0098,83417.25,83371.53,0.33509999999999995,0.42149,0.00014,31.62955,855.2,21.1
2026-09-28T21:41:51Z,2026-10-02,4,84000.0,P,0.016,0.017,0.0168,83417.25,83371.53,0.33509999999999995,-0.57851,0.00014,31.62955,632.8,524.5
2026-09-28T21:41:51Z,2026-10-02,4,84500.0,C,0.0075,0.008,0.0077,83417.05,83371.53,0.3395,0.35365,0.00014,30.06056,13.3,13.3
2026-09-28T21:41:51Z,2026-10-02,4,84500.0,P,0.02,0.0215,0.0207,83417.05,83371.53,0.3395,-0.64635,0.00014,30.06056,0.1,0.1
2026-09-28T21:41:51Z,2026-10-02,4,85000.0,C,0.0055,0.0065,0.0059,83417.25,83371.53,0.3419,0.29094,0.00012,27.7186,1114.5,232.0
2026-09-28T21:41:51Z,2026-10-02,4,85000.0,P,0.024,0.027,0.0249,83417.05,83371.53,0.3419,-0.70909,0.00012,27.71743,849.8,389.6
2026-09-28T21:41:51Z,2026-10-02,4,85500.0,C,0.0044,0.0048,0.0046,83417.25,83371.53,0.34740000000000004,0.23714,0.00011,24.97103,5.0,5.0
2026-09-28T21:41:51Z,2026-10-02,4,85500.0,P,0.0275,0.032,0.0296,83417.05,83371.53,0.34740000000000004,-0.76288,0.00011,24.9697,0.0,0.0
2026-09-28T21:41:51Z,2026-10-02,4,86000.0,C,0.0033,0.0037,0.0035,83417.25,83371.53,0.35119999999999996,0.18976,0.0001,21.92429,1123.6,503.6
2026-09-28T21:41:51Z,2026-10-02,4,86000.0,P,0.033,0.036,0.0345,83417.05,83371.53,0.35119999999999996,-0.81026,0.0001,21.92288,1153.4,256.5
2026-09-28T21:41:51Z,2026-10-02,4,87000.0,C,0.0018,0.0022,0.002,83417.25,83371.53,0.3624,0.11909,7e-05,16.08801,819.7,357.3
2026-09-28T21:41:51Z,2026-10-02,4,87000.0,P,0.043,0.047,0.045,83417.25,83371.53,0.3624,-0.88091,7e-05,16.08782,11.7,1.7
2026-09-28T21:41:51Z,2026-10-02,4,88000.0,C,0.001,0.0013,0.0011,83417.25,83371.53,0.3737,0.07236,5e-05,11.13562,1736.0,101.4
2026-09-28T21:41:51Z,2026-10-02,4,88000.0,P,0.054,0.0585,0.0561,83417.25,83371.53,0.3737,-0.92764,5e-05,11.13562,413.7,0.0
2026-09-28T21:41:51Z,2026-10-02,4,89000.0,C,0.0006,0.0008,0.0007,83417.25,83371.53,0.3885,0.04441,3e-05,7.58268,210.8,49.1
2026-09-28T21:41:51Z,2026-10-02,4,89000.0,P,0.0655,0.07,0.0676,83417.25,83371.53,0.3885,-0.95559,3e-05,7.58268,4.1,0.0
2026-09-28T21:41:51Z,2026-10-02,4,90000.0,C,0.0003,0.0005,0.0004,83417.26,83371.53,0.4,0.02621,2e-05,4.91607,861.8,41.8
2026-09-28T21:41:51Z,2026-10-02,4,90000.0,P,0.077,0.082,0.0793,83417.25,83371.53,0.4,-0.97379,2e-05,4.91604,3.2,0.0
2026-09-28T21:41:51Z,2026-10-02,4,92000.0,C,0.0001,0.0002,0.0001,83417.26,83371.53,0.4314,0.01014,1e-05,2.18044,310.4,15.6
2026-09-28T21:41:51Z,2026-10-02,4,92000.0,P,0.101,0.1055,0.103,83417.26,83371.53,0.4314,-0.98986,1e-05,2.18044,0.0,0.0
2026-09-28T21:41:51Z,2026-10-02,4,95000.0,C,0.0,0.0001,0.0001,83417.25,83371.53,0.5082,0.00446,0.0,1.05667,654.7,39.1
2026-09-28T21:41:51Z,2026-10-02,4,95000.0,P,0.1365,0.1415,0.1389,83417.26,83371.53,0.5082,-0.99554,0.0,1.05668,0.2,0.0
2026-09-28T21:41:51Z,2026-10-02,4,100000.0,C,0.0,0.0001,0.0,83417.25,83371.53,0.6315999999999999,0.00169,0.0,0.43983,228.8,0.0
2026-09-28T21:41:51Z,2026-10-02,4,100000.0,P,0.1965,0.2015,0.1988,83417.26,83371.53,0.6315999999999999,-0.99831,0.0,0.43983,0.0,0.0
2026-09-28T21:41:51Z,2026-10-09,11,65000.0,C,0.22,0.223,0.2217,83491.42,83371.53,0.6156,0.99302,0.0,2.74483,0.7,0.0
2026-09-28T21:41:51Z,2026-10-09,11,65000.0,P,0.0002,0.0003,0.0002,83491.35,83371.53,0.6156,-0.00698,0.0,2.74488,229.1,1.5
2026-09-28T21:41:51Z,2026-10-09,11,68000.0,C,0.184,0.1875,0.1859,83491.42,83371.53,0.54,0.98911,0.0,4.05205,0.9,0.0
2026-09-28T21:41:51Z,2026-10-09,11,68000.0,P,0.0003,0.0004,0.0004,83491.42,83371.53,0.54,-0.01089,0.0,4.05205,457.5,3.2
2026-09-28T21:41:51Z,2026-10-09,11,70000.0,C,0.16,0.164,0.1621,83491.35,83371.53,0.5038,0.98266,1e-05,6.05256,0.0,0.0
2026-09-28T21:41:51Z,2026-10-09,11,70000.0,P,0.0005,0.0006,0.0005,83491.35,83371.53,0.5038,-0.01734,1e-05,6.05256,128.4,6.0
2026-09-28T21:41:51Z,2026-10-09,11,72000.0,C,0.1365,0.14,0.1384,83491.35,83371.53,0.4607,0.97385,1e-05,8.56576,0.0,0.0
2026-09-28T21:41:51Z,2026-10-09,11,72000.0,P,0.0007,0.0008,0.0008,83491.42,83371.53,0.4607,-0.02615,1e-05,8.56559,95.5,29.5
2026-09-28T21:41:51Z,2026-10-09,11,73000.0,C,0.1245,0.1285,0.1267,83491.35,83371.53,0.4421,0.96669,1e-05,10.46971,0.2,0.0
2026-09-28T21:41:51Z,2026-10-09,11,73000.0,P,0.0009,0.0011,0.001,83491.35,83371.53,0.4421,-0.03331,1e-05,10.46971,199.6,48.0
2026-09-28T21:41:51Z,2026-10-09,11,74000.0,C,0.1125,0.1165,0.1149,83491.42,83371.53,0.42219999999999996,0.9579,2e-05,12.67818,1.1,0.0
2026-09-28T21:41:51Z,2026-10-09,11,74000.0,P,0.0011,0.0014,0.0013,83491.42,83371.53,0.42219999999999996,-0.0421,2e-05,12.67818,513.0,1.0
2026-09-28T21:41:51Z,2026-10-09,11,75000.0,C,0.101,0.105,0.1033,83491.42,83371.53,0.406,0.94487,2e-05,15.72804,0.2,0.0
2026-09-28T21:41:51Z,2026-10-09,11,75000.0,P,0.0015,0.0018,0.0016,83491.35,83371.53,0.406,-0.05513,2e-05,15.72833,1229.3,1.6
2026-09-28T21:41:51Z,2026-10-09,11,76000.0,C,0.0895,0.0935,0.0919,83491.39,83371.53,0.3895,0.92797,2e-05,19.37056,50.1,0.0
2026-09-28T21:41:51Z,2026-10-09,11,76000.0,P,0.002,0.0023,0.0022,83491.39,83371.53,0.3895,-0.07203,2e-05,19.37056,907.5,14.2
2026-09-28T21:41:51Z,2026-10-09,11,77000.0,C,0.0785,0.0825,0.0807,83491.39,83371.53,0.3753,0.90449,3e-05,23.94815,57.9,0.0
2026-09-28T21:41:51Z,2026-10-09,11,77000.0,P,0.0027,0.003,0.0029,83491.42,83371.53,0.3753,-0.09551,3e-05,23.94798,158.9,5.1
2026-09-28T21:41:51Z,2026-10-09,11,78000.0,C,0.0675,0.0715,0.0698,83491.39,83371.53,0.3639,0.8722,4e-05,29.50364,28.3,0.0
2026-09-28T21:41:51Z,2026-10-09,11,78000.0,P,0.0038,0.0042,0.004,83491.39,83371.53,0.3639,-0.1278,4e-05,29.50364,990.0,58.1
2026-09-28T21:41:51Z,2026-10-09,11,79000.0,C,0.057,0.061,0.0593,83491.39,83371.53,0.3525,0.83091,5e-05,35.5906,14.4,0.0
2026-09-28T21:41:51Z,2026-10-09,11,79000.0,P,0.005,0.006,0.0055,83491.39,83371.53,0.3525,-0.16909,5e-05,35.5906,265.1,30.4
2026-09-28T21:41:51Z,2026-10-09,11,80000.0,C,0.048,0.0505,0.0497,83491.39,83371.53,0.34840000000000004,0.77482,6e-05,42.34605,91.8,0.2
2026-09-28T21:41:51Z,2026-10-09,11,80000.0,P,0.0075,0.0085,0.0079,83491.39,83371.53,0.34840000000000004,-0.22518,6e-05,42.34605,880.3,57.6
2026-09-28T21:41:51Z,2026-10-09,11,81000.0,C,0.0395,0.0415,0.0408,83491.39,83371.53,0.3436,0.70908,7e-05,48.38142,100.3,0.0
2026-09-28T21:41:51Z,2026-10-09,11,81000.0,P,0.0105,0.0115,0.0109,83491.42,83371.53,0.3436,-0.29092,7e-05,48.38127,87.1,5.6
2026-09-28T21:41:51Z,2026-10-09,11,82000.0,C,0.032,0.0335,0.0327,83491.39,83371.53,0.3392,0.6342,8e-05,53.08624,315.0,7.7
2026-09-28T21:41:51Z,2026-10-09,11,82000.0,P,0.0145,0.0155,0.0148,83491.39,83371.53,0.3392,-0.3658,8e-05,53.08624,180.5,3.7
2026-09-28T21:41:51Z,2026-10-09,11,83000.0,C,0.025,0.026,0.0258,83491.39,83371.53,0.3385,0.55242,8e-05,55.81613,98.5,0.6
2026-09-28T21:41:51Z,2026-10-09,11,83000.0,P,0.0195,0.0205,0.0199,83491.39,83371.53,0.3385,-0.44758,8e-05,55.81613,303.8,13.3
2026-09-28T21:41:51Z,2026-10-09,11,84000.0,C,0.019,0.02,0.0199,83491.39,83371.53,0.33659999999999995,0.46881,8e-05,56.13061,314.4,8.3
2026-09-28T21:41:51Z,2026-10-09,11,84000.0,P,0.0255,0.0265,0.0259,83491.39,83371.53,0.33659999999999995,-0.53119,8e-05,56.13061,109.6,4.8
2026-09-28T21:41:51Z,2026-10-09,11,85000.0,C,0.0145,0.0155,0.0149,83493.09,83371.53,0.3356,0.38707,8e-05,54.03263,345.1,45.6
2026-09-28T21:41:51Z,2026-10-09,11,85000.0,P,0.0325,0.034,0.033,83493.09,83371.53,0.3356,-0.61293,8e-05,54.03259,618.8,0.4
2026-09-28T21:41:51Z,2026-10-09,11,86000.0,C,0.0105,0.0115,0.011,83491.39,83371.53,0.3348,0.3104,7e-05,49.81745,569.6,24.1
2026-09-28T21:41:51Z,2026-10-09,11,86000.0,P,0.0405,0.0425,0.041,83493.09,83371.53,0.3348,-0.68948,7e-05,49.82733,237.6,0.0
2026-09-28T21:41:51Z,2026-10-09,11,87000.0,C,0.0075,0.0085,0.008,83493.09,83371.53,0.3371,0.24395,7e-05,44.26511,830.2,330.8
2026-09-28T21:41:51Z,2026-10-09,11,87000.0,P,0.0485,0.052,0.05,83493.09,83371.53,0.3371,-0.75605,7e-05,44.26511,102.4,0.0
2026-09-28T21:41:51Z,2026-10-09,11,88000.0,C,0.0055,0.006,0.0057,83493.09,83371.53,0.3394,0.18732,6e-05,37.9648,390.2,56.8
2026-09-28T21:41:51Z,2026-10-09,11,88000.0,P,0.058,0.062,0.0597,83491.39,83371.53,0.3394,-0.81277,6e-05,37.95206,4.6,0.4
2026-09-28T21:41:51Z,2026-10-09,11,89000.0,C,0.0039,0.0043,0.0041,83491.39,83371.53,0.34259999999999996,0.14134,5e-05,31.61593,103.4,33.1
2026-09-28T21:41:51Z,2026-10-09,11,89000.0,P,0.0685,0.0725,0.0701,83491.39,83371.53,0.34259999999999996,-0.85866,5e-05,31.61593,1.0,0.0
2026-09-28T21:41:51Z,2026-10-09,11,90000.0,C,0.0028,0.0031,0.0029,83493.09,83371.53,0.3471,0.10573,4e-05,25.79133,1509.7,5.0
2026-09-28T21:41:51Z,2026-10-09,11,90000.0,P,0.079,0.0835,0.0809,83493.09,83371.53,0.3471,-0.89427,4e-05,25.79133,0.3,0.0
2026-09-28T21:41:51Z,2026-10-09,11,92000.0,C,0.0013,0.0016,0.0014,83491.39,83371.53,0.35609999999999997,0.05683,2e-05,16.10992,809.6,305.0
2026-09-28T21:41:51Z,2026-10-09,11,92000.0,P,0.1015,0.106,0.1033,83493.09,83371.53,0.35609999999999997,-0.94313,2e-05,16.11887,0.0,0.0
2026-09-28T21:41:51Z,2026-10-09,11,94000.0,C,0.0006,0.0008,0.0007,83493.09,83371.53,0.3652,0.02944,1e-05,9.45469,270.1,12.6
2026-09-28T21:41:51Z,2026-10-09,11,94000.0,P,0.1245,0.1295,0.1266,83493.09,83371.53,0.3652,-0.97056,1e-05,9.45469,0.0,0.0
2026-09-28T21:41:51Z,2026-10-09,11,95000.0,C,0.0004,0.0005,0.0005,83493.09,83371.53,0.3688,0.02067,1e-05,7.02615,1060.8,779.1
2026-09-28T21:41:51Z,2026-10-09,11,95000.0,P,0.1365,0.141,0.1383,83493.09,83371.53,0.3688,-0.97933,1e-05,7.02615,0.6,0.0
2026-09-28T21:41:51Z,2026-10-09,11,100000.0,C,0.0001,0.0002,0.0001,83493.09,83371.53,0.4217,0.00629,0.0,2.50276,162.4,10.0
2026-09-28T21:41:51Z,2026-10-09,11,100000.0,P,0.1955,0.2005,0.1979,83492.86,83371.53,0.4217,-0.99371,0.0,2.50256,3.8,0.0
2026-09-28T21:41:51Z,2026-10-16,18,70000.0,C,0.1615,0.1655,0.1638,83575.75,83371.53,0.4547,0.96663,1e-05,13.56794,0.0,0.0
2026-09-28T21:41:51Z,2026-10-16,18,70000.0,P,0.0012,0.0015,0.0014,83575.6,83371.53,0.4547,-0.03337,1e-05,13.56837,45.2,31.8
2026-09-28T21:41:51Z,2026-10-16,18,75000.0,C,0.104,0.108,0.1062,83575.75,83371.53,0.3825,0.9094,2e-05,29.8036,0.0,0.0
2026-09-28T21:41:51Z,2026-10-16,18,75000.0,P,0.0035,0.0038,0.0036,83575.6,83371.53,0.3825,-0.0906,2e-05,29.8044,50.7,38.3
2026-09-28T21:41:51Z,2026-10-16,18,76000.0,C,0.093,0.097,0.0953,83575.75,83371.53,0.3721,0.88672,3e-05,35.07079,0.0,0.0
2026-09-28T21:41:51Z,2026-10-16,18,76000.0,P,0.0045,0.0047,0.0046,83575.75,83371.53,0.3721,-0.11328,3e-05,35.07079,90.2,26.7
2026-09-28T21:41:51Z,2026-10-16,18,78000.0,C,0.0725,0.076,0.0745,83575.75,83371.53,0.3568,0.8224,4e-05,47.51925,0.0,0.0
2026-09-28T21:41:51Z,2026-10-16,18,78000.0,P,0.0075,0.008,0.0078,83575.75,83371.53,0.3568,-0.1776,4e-05,47.51925,542.7,503.0
2026-09-28T21:41:51Z,2026-10-16,18,79000.0,C,0.0635,0.066,0.0648,83575.75,83371.53,0.35200000000000004,0.77948,5e-05,54.14899,8.6,0.0
2026-09-28T21:41:51Z,2026-10-16,18,79000.0,P,0.01,0.0105,0.0101,83575.6,83371.53,0.35200000000000004,-0.22053,5e-05,54.14987,31.6,22.7
2026-09-28T21:41:51Z,2026-10-16,18,80000.0,C,0.0545,0.0565,0.0559,83575.75,83371.53,0.34840000000000004,0.72987,5e-05,60.40007,9.5,0.0
2026-09-28T21:41:51Z,2026-10-16,18,80000.0,P,0.013,0.0135,0.0131,83575.75,83371.53,0.34840000000000004,-0.27013,5e-05,60.40007,77.5,72.8
2026-09-28T21:41:51Z,2026-10-16,18,81000.0,C,0.0465,0.048,0.0475,83575.75,83371.53,0.3448,0.67477,6e-05,65.75019,0.6,0.6
2026-09-28T21:41:51Z,2026-10-16,18,81000.0,P,0.0165,0.017,0.0167,83575.6,83371.53,0.3448,-0.32524,6e-05,65.75078,3.9,1.1
2026-09-28T21:41:51Z,2026-10-16,18,82000.0,C,0.039,0.0405,0.04,83575.08,83371.53,0.3427,0.61466,6e-05,69.82766,14.6,5.3
2026-09-28T21:41:51Z,2026-10-16,18,82000.0,P,0.021,0.0215,0.0211,83575.08,83371.53,0.3427,-0.38534,6e-05,69.82766,57.9,58.7
2026-09-28T21:41:51Z,2026-10-16,18,83000.0,C,0.0325,0.0335,0.0333,83575.08,83371.53,0.3422,0.55161,6e-05,72.24782,16.7,13.0
2026-09-28T21:41:51Z,2026-10-16,18,83000.0,P,0.026,0.027,0.0264,83575.08,83371.53,0.3422,-0.44839,6e-05,72.24782,412.8,307.0
2026-09-28T21:41:51Z,2026-10-16,18,84000.0,C,0.0265,0.0275,0.0273,83575.57,83371.53,0.3403,0.48766,6e-05,72.82385,11.9,9.8
2026-09-28T21:41:51Z,2026-10-16,18,84000.0,P,0.032,0.033,0.0323,83575.08,83371.53,0.3403,-0.51237,6e-05,72.82324,77.9,1.1
2026-09-28T21:41:51Z,2026-10-16,18,85000.0,C,0.0215,0.0225,0.0221,83575.08,83371.53,0.33899999999999997,0.4242,6e-05,71.53922,80.3,0.5
2026-09-28T21:41:51Z,2026-10-16,18,85000.0,P,0.0385,0.0395,0.0391,83575.08,83371.53,0.33899999999999997,-0.5758,6e-05,71.53922,1.8,0.0
2026-09-28T21:41:51Z,2026-10-16,18,86000.0,C,0.017,0.018,0.0177,83575.08,83371.53,0.33899999999999997,0.3635,6e-05,68.55071,109.1,8.4
2026-09-28T21:41:51Z,2026-10-16,18,86000.0,P,0.046,0.0475,0.0467,83575.57,83371.53,0.33899999999999997,-0.63647,6e-05,68.55301,0.0,0.0
2026-09-28T21:41:51Z,2026-10-16,18,87000.0,C,0.0135,0.0145,0.014,83575.57,83371.53,0.33909999999999996,0.30681,6e-05,64.13942,163.7,38.4
2026-09-28T21:41:51Z,2026-10-16,18,87000.0,P,0.054,0.0565,0.055,83575.57,83371.53,0.33909999999999996,-0.69319,6e-05,64.13942,16.7,0.0
2026-09-28T21:41:51Z,2026-10-16,18,88000.0,C,0.0105,0.0115,0.011,83575.08,83371.53,0.34020000000000006,0.25565,5e-05,58.72142,59.8,20.0
2026-09-28T21:41:51Z,2026-10-16,18,88000.0,P,0.0625,0.066,0.0639,83575.08,83371.53,0.34020000000000006,-0.74435,5e-05,58.72142,0.0,0.0
2026-09-28T21:41:51Z,2026-10-16,18,89000.0,C,0.008,0.009,0.0086,83575.57,83371.53,0.34259999999999996,0.21114,5e-05,52.80217,354.6,4.3
2026-09-28T21:41:51Z,2026-10-16,18,89000.0,P,0.072,0.076,0.0736,83575.57,83371.53,0.34259999999999996,-0.78886,5e-05,52.80217,6.6,0.0
2026-09-28T21:41:51Z,2026-10-16,18,90000.0,C,0.0065,0.007,0.0068,83575.08,83371.53,0.34600000000000003,0.17312,4e-05,46.75556,78.8,7.6
2026-09-28T21:41:51Z,2026-10-16,18,90000.0,P,0.082,0.086,0.0837,83575.08,83371.53,0.34600000000000003,-0.82688,4e-05,46.75556,0.0,0.0
2026-09-28T21:41:51Z,2026-10-16,18,92000.0,C,0.0039,0.0043,0.0041,83575.08,83371.53,0.35259999999999997,0.11353,3e-05,35.12501,27.7,7.9
2026-09-28T21:41:51Z,2026-10-16,18,92000.0,P,0.103,0.1075,0.1049,83575.57,83371.53,0.35259999999999997,-0.88646,3e-05,35.12845,0.1,0.0
2026-09-28T21:41:51Z,2026-10-16,18,94000.0,C,0.0024,0.0027,0.0025,83575.08,83371.53,0.3619,0.07394,2e-05,25.57227,0.3,0.0
2026-09-28T21:41:51Z,2026-10-16,18,94000.0,P,0.1255,0.13,0.1273,83575.57,83371.53,0.3619,-0.92605,2e-05,25.57554,0.0,0.0
2026-09-28T21:41:51Z,2026-10-16,18,95000.0,C,0.0018,0.0021,0.002,83575.57,83371.53,0.3671,0.05973,2e-05,21.67897,104.1,11.1
2026-09-28T21:41:51Z,2026-10-16,18,95000.0,P,0.1365,0.1415,0.1387,83575.08,83371.53,0.3671,-0.94028,2e-05,21.67638,0.0,0.0
2026-09-28T21:41:51Z,2026-10-16,18,100000.0,C,0.0006,0.0008,0.0007,83575.57,83371.53,0.39880000000000004,0.02193,1e-05,9.56145,14.4,0.2
2026-09-28T21:41:51Z,2026-10-16,18,100000.0,P,0.195,0.2,0.1972,83575.08,83371.53,0.39880000000000004,-0.97807,1e-05,9.5601,1.0,1.0
2026-09-28T21:41:51Z,2026-10-30,32,40000.0,C,0.521,0.5235,0.5224,83735.38,83371.53,0.8554999999999999,0.99892,0.0,0.88515,0.3,0.0
2026-09-28T21:41:51Z,2026-10-30,32,40000.0,P,0.0,0.0001,0.0001,83735.38,83371.53,0.8554999999999999,-0.00108,0.0,0.88515,211.3,0.1
2026-09-28T21:41:51Z,2026-10-30,32,45000.0,C,0.461,0.464,0.4627,83735.38,83371.53,0.7675,0.99795,0.0,1.59428,0.9,0.0
2026-09-28T21:41:51Z,2026-10-30,32,45000.0,P,0.0001,0.0002,0.0001,83735.38,83371.53,0.7675,-0.00205,0.0,1.59428,290.7,0.0
2026-09-28T21:41:51Z,2026-10-30,32,48000.0,C,0.4255,0.428,0.427,83735.38,83371.53,0.7103,0.99723,0.0,2.09071,8.5,0.0
2026-09-28T21:41:51Z,2026-10-30,32,48000.0,P,0.0001,0.0003,0.0002,83735.61,83371.53,0.7103,-0.00277,0.0,2.09052,201.3,7.3
2026-09-28T21:41:51Z,2026-10-30,32,50000.0,C,0.4015,0.4045,0.4032,83735.61,83371.53,0.6951999999999999,0.99573,0.0,3.08832,1.1,0.0
2026-09-28T21:41:51Z,2026-10-30,32,50000.0,P,0.0002,0.0004,0.0003,83735.61,83371.53,0.6951999999999999,-0.00427,0.0,3.08832,431.1,0.5
2026-09-28T21:41:51Z,2026-10-30,32,52000.0,C,0.3775,0.3805,0.3794,83735.61,83371.53,0.6675,0.9943,0.0,3.99173,0.1,0.0
2026-09-28T21:41:51Z,2026-10-30,32,52000.0,P,0.0003,0.0005,0.0004,83735.61,83371.53,0.6675,-0.0057,0.0,3.99173,125.5,0.2
2026-09-28T21:41:51Z,2026-10-30,32,54000.0,C,0.354,0.357,0.3556,83735.61,83371.53,0.6385000000000001,0.99256,0.0,5.05545,0.1,0.0
2026-09-28T21:41:51Z,2026-10-30,32,54000.0,P,0.0004,0.0006,0.0005,83735.61,83371.53,0.6385000000000001,-0.00744,0.0,5.05545,188.1,0.1
2026-09-28T21:41:51Z,2026-10-30,32,55000.0,C,0.342,0.345,0.3437,83735.61,83371.53,0.6202000000000001,0.99182,0.0,5.4942,0.1,0.0
2026-09-28T21:41:51Z,2026-10-30,32,55000.0,P,0.0005,0.0006,0.0005,83735.61,83371.53,0.6202000000000001,-0.00818,0.0,5.4942,325.5,7.0
2026-09-28T21:41:51Z,2026-10-30,32,56000.0,C,0.33,0.333,0.3318,83735.61,83371.53,0.6065999999999999,0.99059,0.0,6.20762,0.5,0.0
2026-09-28T21:41:51Z,2026-10-30,32,56000.0,P,0.0005,0.0007,0.0006,83735.61,83371.53,0.6065999999999999,-0.00941,0.0,6.20762,467.3,3.5
2026-09-28T21:41:51Z,2026-10-30,32,57000.0,C,0.318,0.3215,0.32,83735.61,83371.53,0.5931000000000001,0.98919,0.0,7.0096,0.1,0.0
2026-09-28T21:41:51Z,2026-10-30,32,57000.0,P,0.0006,0.0007,0.0007,83735.61,83371.53,0.5931000000000001,-0.01081,0.0,7.0096,206.2,0.0
2026-09-28T21:41:51Z,2026-10-30,32,58000.0,C,0.3065,0.3095,0.3081,83735.61,83371.53,0.5727,0.98837,0.0,7.47055,0.0,0.0
2026-09-28T21:41:51Z,2026-10-30,32,58000.0,P,0.0006,0.0009,0.0007,83735.61,83371.53,0.5727,-0.01163,0.0,7.47055,335.4,0.0
2026-09-28T21:41:51Z,2026-10-30,32,59000.0,C,0.2945,0.2975,0.2962,83735.61,83371.53,0.5582,0.98677,0.0,8.34969,1.0,0.0
2026-09-28T21:41:51Z,2026-10-30,32,59000.0,P,0.0007,0.0009,0.0008,83735.61,83371.53,0.5582,-0.01323,0.0,8.34969,303.6,0.0
2026-09-28T21:41:51Z,2026-10-30,32,60000.0,C,0.2825,0.2855,0.2844,83735.61,83371.53,0.5473,0.98445,0.0,9.59824,13.7,0.0
2026-09-28T21:41:51Z,2026-10-30,32,60000.0,P,0.0008,0.0011,0.0009,83735.61,83371.53,0.5473,-0.01555,0.0,9.59824,1287.9,9.1
2026-09-28T21:41:51Z,2026-10-30,32,61000.0,C,0.2705,0.274,0.2726,83735.61,83371.53,0.5323,0.9824,0.0,10.66984,7.7,0.0
2026-09-28T21:41:51Z,2026-10-30,32,61000.0,P,0.0009,0.0012,0.001,83735.61,83371.53,0.5323,-0.0176,0.0,10.66984,274.2,0.1
2026-09-28T21:41:51Z,2026-10-30,32,62000.0,C,0.259,0.262,0.2608,83735.61,83371.53,0.5196999999999999,0.97966,0.0,12.06586,13.5,0.0
2026-09-28T21:41:51Z,2026-10-30,32,62000.0,P,0.0011,0.0013,0.0012,83735.61,83371.53,0.5196999999999999,-0.02034,0.0,12.06586,1262.9,20.0
2026-09-28T21:41:51Z,2026-10-30,32,63000.0,C,0.247,0.2505,0.249,83735.38,83371.53,0.5047,0.977,0.0,13.38951,148.3,0.0
2026-09-28T21:41:51Z,2026-10-30,32,63000.0,P,0.0012,0.0015,0.0013,83735.61,83371.53,0.5047,-0.023,0.0,13.38905,650.5,0.2
2026-09-28T21:41:51Z,2026-10-30,32,64000.0,C,0.235,0.2385,0.2372,83735.38,83371.53,0.4927,0.97329,1e-05,15.17809,422.1,11.7
2026-09-28T21:41:51Z,2026-10-30,32,64000.0,P,0.0015,0.0017,0.0015,83735.61,83371.53,0.4927,-0.02671,1e-05,15.17757,565.9,134.5
2026-09-28T21:41:51Z,2026-10-30,32,65000.0,C,0.2235,0.227,0.2254,83735.61,83371.53,0.47490000000000004,0.97043,1e-05,16.52047,430.4,0.0
2026-09-28T21:41:51Z,2026-10-30,32,65000.0,P,0.0015,0.0019,0.0017,83735.61,83371.53,0.47490000000000004,-0.02957,1e-05,16.52047,657.2,5.7
2026-09-28T21:41:51Z,2026-10-30,32,66000.0,C,0.2115,0.215,0.2137,83735.61,83371.53,0.46240000000000003,0.96576,1e-05,18.64659,80.9,0.0
2026-09-28T21:41:51Z,2026-10-30,32,66000.0,P,0.0018,0.0021,0.0019,83735.61,83371.53,0.46240000000000003,-0.03424,1e-05,18.64659,506.1,0.2
2026-09-28T21:41:51Z,2026-10-30,32,67000.0,C,0.2,0.2035,0.2021,83735.61,83371.53,0.44939999999999997,0.96052,1e-05,20.95139,108.4,0.5
2026-09-28T21:41:51Z,2026-10-30,32,67000.0,P,0.002,0.0024,0.0022,83735.61,83371.53,0.44939999999999997,-0.03948,1e-05,20.95139,686.8,310.9
2026-09-28T21:41:51Z,2026-10-30,32,68000.0,C,0.1885,0.192,0.1904,83735.61,83371.53,0.4359,0.95462,1e-05,23.45001,514.8,0.0
2026-09-28T21:41:51Z,2026-10-30,32,68000.0,P,0.0023,0.0027,0.0025,83735.61,83371.53,0.4359,-0.04538,1e-05,23.45001,1351.2,43.1
2026-09-28T21:41:51Z,2026-10-30,32,69000.0,C,0.177,0.1805,0.1789,83735.61,83371.53,0.424,0.94715,1e-05,26.48258,640.5,0.4
2026-09-28T21:41:51Z,2026-10-30,32,69000.0,P,0.0027,0.0031,0.0029,83735.61,83371.53,0.424,-0.05285,1e-05,26.48258,1526.7,603.5
2026-09-28T21:41:51Z,2026-10-30,32,70000.0,C,0.1655,0.169,0.1674,83735.61,83371.53,0.413,0.93812,1e-05,29.98591,5871.2,350.0
2026-09-28T21:41:51Z,2026-10-30,32,70000.0,P,0.0032,0.0036,0.0034,83735.38,83371.53,0.413,-0.06189,1e-05,29.98687,2030.8,349.9
2026-09-28T21:41:51Z,2026-10-30,32,71000.0,C,0.154,0.1575,0.1561,83735.61,83371.53,0.4025,0.92729,1e-05,33.96754,956.1,0.0
2026-09-28T21:41:51Z,2026-10-30,32,71000.0,P,0.0038,0.0042,0.004,83735.61,83371.53,0.4025,-0.07271,1e-05,33.96754,802.6,40.6
2026-09-28T21:41:51Z,2026-10-30,32,72000.0,C,0.143,0.1465,0.1449,83735.61,83371.53,0.3935,0.91395,2e-05,38.58935,993.2,0.0
2026-09-28T21:41:51Z,2026-10-30,32,72000.0,P,0.0046,0.005,0.0048,83735.61,83371.53,0.3935,-0.08605,2e-05,38.58935,1121.8,212.5
2026-09-28T21:41:51Z,2026-10-30,32,73000.0,C,0.132,0.1355,0.134,83735.61,83371.53,0.38549999999999995,0.89788,2e-05,43.78542,613.3,2.0
2026-09-28T21:41:51Z,2026-10-30,32,73000.0,P,0.0055,0.006,0.0058,83735.61,83371.53,0.38549999999999995,-0.10212,2e-05,43.78533,925.1,517.8
2026-09-28T21:41:51Z,2026-10-30,32,74000.0,C,0.1215,0.125,0.1233,83735.61,83371.53,0.3788,0.87853,2e-05,49.5768,723.9,2.0
2026-09-28T21:41:51Z,2026-10-30,32,74000.0,P,0.0065,0.0075,0.007,83735.61,83371.53,0.3788,-0.12147,2e-05,49.5768,976.7,141.0
2026-09-28T21:41:51Z,2026-10-30,32,75000.0,C,0.111,0.1145,0.1128,83735.61,83371.53,0.37229999999999996,0.85612,2e-05,55.71314,1168.1,0.4
2026-09-28T21:41:51Z,2026-10-30,32,75000.0,P,0.008,0.009,0.0085,83735.61,83371.53,0.37229999999999996,-0.14388,2e-05,55.71314,862.4,128.8
2026-09-28T21:41:51Z,2026-10-30,32,76000.0,C,0.1005,0.1045,0.1026,83735.61,83371.53,0.3664,0.83028,3e-05,62.11412,558.6,0.0
2026-09-28T21:41:51Z,2026-10-30,32,76000.0,P,0.01,0.0105,0.0103,83735.38,83371.53,0.3664,-0.16973,3e-05,62.11547,806.1,125.1
2026-09-28T21:41:51Z,2026-10-30,32,77000.0,C,0.091,0.0945,0.0929,83735.61,83371.53,0.36229999999999996,0.80008,3e-05,68.7747,218.5,0.2
2026-09-28T21:41:51Z,2026-10-30,32,77000.0,P,0.012,0.0125,0.0125,83735.61,83371.53,0.36229999999999996,-0.19992,3e-05,68.7747,412.5,5.7
2026-09-28T21:41:51Z,2026-10-30,32,78000.0,C,0.082,0.085,0.0836,83735.61,83371.53,0.35810000000000003,0.76665,3e-05,75.21452,507.4,3.2
2026-09-28T21:41:51Z,2026-10-30,32,78000.0,P,0.015,0.0155,0.0151,83735.61,83371.53,0.35810000000000003,-0.23336,3e-05,75.21518,1056.2,33.4
2026-09-28T21:41:51Z,2026-10-30,32,79000.0,C,0.074,0.076,0.0748,83735.38,83371.53,0.3556,0.72907,4e-05,81.3844,289.4,0.3
2026-09-28T21:41:51Z,2026-10-30,32,79000.0,P,0.018,0.0185,0.0183,83735.61,83371.53,0.3556,-0.27093,4e-05,81.38332,637.3,59.3
2026-09-28T21:41:51Z,2026-10-30,32,80000.0,C,0.066,0.0675,0.0666,83735.61,83371.53,0.35359999999999997,0.68853,4e-05,86.8652,1397.3,0.1
2026-09-28T21:41:51Z,2026-10-30,32,80000.0,P,0.0215,0.0225,0.022,83735.51,83371.53,0.35359999999999997,-0.31148,4e-05,86.86559,1497.5,373.3
2026-09-28T21:41:51Z,2026-10-30,32,81000.0,C,0.058,0.0595,0.0588,83735.51,83371.53,0.35109999999999997,0.64575,4e-05,91.4085,695.4,0.0
2026-09-28T21:41:51Z,2026-10-30,32,81000.0,P,0.026,0.0265,0.0262,83735.51,83371.53,0.35109999999999997,-0.35425,4e-05,91.4085,344.0,43.8
2026-09-28T21:41:51Z,2026-10-30,32,82000.0,C,0.051,0.0525,0.0518,83735.51,83371.53,0.3503,0.60069,4e-05,94.88669,1329.7,0.2
2026-09-28T21:41:51Z,2026-10-30,32,82000.0,P,0.0305,0.0315,0.031,83735.51,83371.53,0.3503,-0.39931,4e-05,94.88669,186.3,1.5
2026-09-28T21:41:51Z,2026-10-30,32,83000.0,C,0.0445,0.0455,0.0453,83735.51,83371.53,0.3497,0.5546,5e-05,97.10619,703.1,377.4
2026-09-28T21:41:51Z,2026-10-30,32,83000.0,P,0.036,0.037,0.0365,83735.51,83371.53,0.3497,-0.4454,5e-05,97.10619,610.6,528.7
2026-09-28T21:41:51Z,2026-10-30,32,84000.0,C,0.039,0.04,0.0394,83735.51,83371.53,0.3494,0.50818,5e-05,98.00505,1274.0,41.2
2026-09-28T21:41:51Z,2026-10-30,32,84000.0,P,0.042,0.043,0.0425,83735.51,83371.53,0.3494,-0.49182,5e-05,98.00505,608.0,20.6
2026-09-28T21:41:51Z,2026-10-30,32,85000.0,C,0.0335,0.0345,0.0341,83735.51,83371.53,0.3493,0.46216,5e-05,97.58444,2436.7,357.0
2026-09-28T21:41:51Z,2026-10-30,32,85000.0,P,0.0485,0.0495,0.0492,83735.51,83371.53,0.3493,-0.53784,5e-05,97.58444,618.3,22.9
2026-09-28T21:41:51Z,2026-10-30,32,86000.0,C,0.029,0.0295,0.0293,83735.51,83371.53,0.3497,0.41734,5e-05,95.91385,1220.3,68.7
2026-09-28T21:41:51Z,2026-10-30,32,86000.0,P,0.056,0.057,0.0564,83735.51,83371.53,0.3497,-0.58266,5e-05,95.91385,175.2,0.0
2026-09-28T21:41:51Z,2026-10-30,32,87000.0,C,0.0245,0.0255,0.025,83735.51,83371.53,0.3492,0.37372,4e-05,93.07272,950.6,124.9
2026-09-28T21:41:51Z,2026-10-30,32,87000.0,P,0.063,0.0655,0.064,83735.5,83371.53,0.3492,-0.62628,4e-05,93.07268,397.1,0.0
2026-09-28T21:41:51Z,2026-10-30,32,88000.0,C,0.021,0.0215,0.0214,83735.51,83371.53,0.3505,0.33306,4e-05,89.3126,1435.6,29.4
2026-09-28T21:41:51Z,2026-10-30,32,88000.0,P,0.071,0.074,0.0723,83735.51,83371.53,0.3505,-0.66694,4e-05,89.3126,2383.0,0.0
2026-09-28T21:41:51Z,2026-10-30,32,89000.0,C,0.0175,0.0185,0.0181,83736.13,83371.53,0.3507,0.29429,4e-05,84.68642,647.0,0.9
2026-09-28T21:41:51Z,2026-10-30,32,89000.0,P,0.0795,0.083,0.081,83736.13,83371.53,0.3507,-0.70571,4e-05,84.68642,11.2,0.0
2026-09-28T21:41:51Z,2026-10-30,32,90000.0,C,0.015,0.016,0.0155,83736.13,83371.53,0.3533,0.25978,4e-05,79.66614,20207.9,793.6
2026-09-28T21:41:51Z,2026-10-30,32,90000.0,P,0.0885,0.092,0.0903,83736.13,83371.53,0.3533,-0.74022,4e-05,79.66614,17.9,0.0
2026-09-28T21:41:51Z,2026-10-30,32,91000.0,C,0.0125,0.0135,0.013,83736.13,83371.53,0.3538,0.22678,3e-05,74.02266,1442.7,5.1
2026-09-28T21:41:51Z,2026-10-30,32,91000.0,P,0.098,0.102,0.0997,83736.13,83371.53,0.3538,-0.77322,3e-05,74.02266,3.5,0.0
2026-09-28T21:41:51Z,2026-10-30,32,92000.0,C,0.0105,0.0115,0.011,83736.13,83371.53,0.35600000000000004,0.19798,3e-05,68.37195,1703.3,4.2
2026-09-28T21:41:51Z,2026-10-30,32,92000.0,P,0.108,0.112,0.1097,83736.13,83371.53,0.35600000000000004,-0.80202,3e-05,68.37195,2.6,1.0
2026-09-28T21:41:51Z,2026-10-30,32,93000.0,C,0.009,0.0095,0.0092,83736.13,83371.53,0.3578,0.17182,3e-05,62.60333,535.7,444.8
2026-09-28T21:41:51Z,2026-10-30,32,93000.0,P,0.118,0.1225,0.1199,83736.13,83371.53,0.3578,-0.82818,3e-05,62.60333,2.0,1.0
2026-09-28T21:41:51Z,2026-10-30,32,94000.0,C,0.0075,0.008,0.0077,83736.13,83371.53,0.35960000000000003,0.1485,3e-05,56.9074,1018.5,3.0
2026-09-28T21:41:51Z,2026-10-30,32,94000.0,P,0.1285,0.133,0.1303,83736.13,83371.53,0.35960000000000003,-0.8515,3e-05,56.9074,0.1,0.0
2026-09-28T21:41:51Z,2026-10-30,32,95000.0,C,0.006,0.007,0.0065,83736.13,83371.53,0.3617,0.12795,2e-05,51.41064,23350.7,132.6
2026-09-28T21:41:51Z,2026-10-30,32,95000.0,P,0.139,0.1435,0.141,83736.13,83371.53,0.3617,-0.87205,2e-05,51.41064,201.2,0.0
2026-09-28T21:41:51Z,2026-10-30,32,96000.0,C,0.005,0.006,0.0055,83736.13,83371.53,0.36479999999999996,0.1106,2e-05,46.3843,402.8,5.9
2026-09-28T21:41:51Z,2026-10-30,32,96000.0,P,0.15,0.1545,0.1519,83736.13,83371.53,0.36479999999999996,-0.8894,2e-05,46.3843,0.1,0.0
2026-09-28T21:41:51Z,2026-10-30,32,98000.0,C,0.0037,0.0042,0.004,83736.13,83371.53,0.3721,0.08289,2e-05,37.51939,399.1,6.3
2026-09-28T21:41:51Z,2026-10-30,32,98000.0,P,0.1725,0.177,0.1743,83736.13,83371.53,0.3721,-0.91711,2e-05,37.51939,27.0,0.0
2026-09-28T21:41:51Z,2026-10-30,32,100000.0,C,0.0027,0.0031,0.0029,83736.13,83371.53,0.3801,0.06229,1e-05,30.13905,12950.7,143.8
2026-09-28T21:41:51Z,2026-10-30,32,100000.0,P,0.195,0.2,0.1971,83736.13,83371.53,0.3801,-0.93771,1e-05,30.13905,1.3,0.0
2026-09-28T21:41:51Z,2026-10-30,32,102000.0,C,0.002,0.0023,0.0022,83736.13,83371.53,0.3892,0.04743,1e-05,24.29587,341.7,103.4
2026-09-28T21:41:51Z,2026-10-30,32,102000.0,P,0.218,0.223,0.2203,83735.51,83371.53,0.3892,-0.95258,1e-05,24.29306,0.0,0.0
2026-09-28T21:41:51Z,2026-10-30,32,104000.0,C,0.0015,0.0018,0.0016,83736.13,83371.53,0.39909999999999995,0.03657,1e-05,19.68143,161.0,0.0
2026-09-28T21:41:51Z,2026-10-30,32,104000.0,P,0.2415,0.2465,0.2436,83736.13,83371.53,0.39909999999999995,-0.96343,1e-05,19.68143,0.0,0.0
2026-09-28T21:41:51Z,2026-10-30,32,105000.0,C,0.0013,0.0016,0.0014,83736.13,83371.53,0.4042,0.03227,1e-05,17.75754,1193.7,137.2
2026-09-28T21:41:51Z,2026-10-30,32,105000.0,P,0.253,0.2585,0.2554,83736.13,83371.53,0.4042,-0.96773,1e-05,17.75754,0.9,0.0
2026-09-28T21:41:51Z,2026-10-30,32,106000.0,C,0.0011,0.0013,0.0012,83735.51,83371.53,0.4057,0.02736,1e-05,15.48593,36.3,5.2
2026-09-28T21:41:51Z,2026-10-30,32,106000.0,P,0.2645,0.27,0.2671,83735.51,83371.53,0.4057,-0.97264,1e-05,15.48593,0.0,0.0
2026-09-28T21:41:51Z,2026-10-30,32,110000.0,C,0.0007,0.0009,0.0008,83736.13,83371.53,0.4305,0.01801,0.0,10.88416,1197.7,3.0
2026-09-28T21:41:51Z,2026-10-30,32,110000.0,P,0.312,0.3175,0.3145,83736.13,83371.53,0.4305,-0.98199,0.0,10.88416,0.2,0.0
2026-09-28T21:41:51Z,2026-10-30,32,115000.0,C,0.0004,0.0006,0.0005,83736.13,83371.53,0.45909999999999995,0.01108,0.0,7.15887,67.1,30.1
2026-09-28T21:41:51Z,2026-10-30,32,115000.0,P,0.3715,0.377,0.3739,83736.13,83371.53,0.45909999999999995,-0.98892,0.0,7.15887,34.6,0.0
2026-09-28T21:41:51Z,2026-11-27,60,58000.0,C,0.311,0.314,0.3127,84099.76,83371.53,0.5099,0.97185,0.0,21.89942,1.3,0.7
2026-09-28T21:41:51Z,2026-11-27,60,58000.0,P,0.0022,0.0026,0.0024,84099.76,83371.53,0.5099,-0.02815,0.0,21.89942,264.6,216.1
2026-09-28T21:41:51Z,2026-11-27,60,60000.0,C,0.2875,0.291,0.2894,84099.13,83371.53,0.48590000000000005,0.96563,0.0,25.83517,0.6,0.3
2026-09-28T21:41:51Z,2026-11-27,60,60000.0,P,0.0027,0.0031,0.0029,84099.76,83371.53,0.48590000000000005,-0.03437,0.0,25.83357,230.0,0.9
2026-09-28T21:41:51Z,2026-11-27,60,62000.0,C,0.2645,0.268,0.2663,84099.13,83371.53,0.4647,0.95725,1e-05,30.86441,0.1,0.0
2026-09-28T21:41:51Z,2026-11-27,60,62000.0,P,0.0033,0.0037,0.0035,84099.13,83371.53,0.4647,-0.04275,1e-05,30.86441,344.7,22.0
2026-09-28T21:41:51Z,2026-11-27,60,64000.0,C,0.242,0.245,0.2435,84099.76,83371.53,0.44770000000000004,0.94544,1e-05,37.51267,0.2,0.1
2026-09-28T21:41:51Z,2026-11-27,60,64000.0,P,0.0043,0.0047,0.0045,84099.13,83371.53,0.44770000000000004,-0.05457,1e-05,37.51488,41.5,0.8
2026-09-28T21:41:51Z,2026-11-27,60,66000.0,C,0.2195,0.2225,0.221,84099.13,83371.53,0.4315,0.93041,1e-05,45.35834,0.1,0.1
2026-09-28T21:41:51Z,2026-11-27,60,66000.0,P,0.0055,0.006,0.0057,84099.13,83371.53,0.4315,-0.06959,1e-05,45.35834,174.3,50.0
2026-09-28T21:41:51Z,2026-11-27,60,67000.0,C,0.208,0.2115,0.2098,84099.76,83371.53,0.4238,0.92142,1e-05,49.76905,0.6,0.6
2026-09-28T21:41:51Z,2026-11-27,60,67000.0,P,0.006,0.007,0.0065,84099.13,83371.53,0.4238,-0.07858,1e-05,49.77177,131.8,101.0
2026-09-28T21:41:51Z,2026-11-27,60,68000.0,C,0.197,0.2005,0.1989,84099.76,83371.53,0.4181,0.91051,1e-05,54.87349,0.0,0.0
2026-09-28T21:41:51Z,2026-11-27,60,68000.0,P,0.007,0.008,0.0075,84099.13,83371.53,0.4181,-0.08949,1e-05,54.87636,185.7,52.0
2026-09-28T21:41:51Z,2026-11-27,60,69000.0,C,0.1865,0.1895,0.1881,84099.13,83371.53,0.4108,0.89914,1e-05,59.9289,0.0,0.0
2026-09-28T21:41:51Z,2026-11-27,60,69000.0,P,0.008,0.009,0.0085,84099.13,83371.53,0.4108,-0.10086,1e-05,59.9289,117.0,16.3
2026-09-28T21:41:51Z,2026-11-27,60,70000.0,C,0.1755,0.179,0.1772,84099.76,83371.53,0.4029,0.88689,1e-05,65.0961,3.3,0.0
2026-09-28T21:41:51Z,2026-11-27,60,70000.0,P,0.0095,0.01,0.0096,84099.76,83371.53,0.4029,-0.11312,1e-05,65.09779,224.4,1.8
2026-09-28T21:41:51Z,2026-11-27,60,71000.0,C,0.165,0.1685,0.1668,84099.76,83371.53,0.3978,0.87186,2e-05,71.07503,0.2,0.0
2026-09-28T21:41:51Z,2026-11-27,60,71000.0,P,0.0105,0.0115,0.011,84099.76,83371.53,0.3978,-0.12814,2e-05,71.07503,28.5,0.8
2026-09-28T21:41:51Z,2026-11-27,60,72000.0,C,0.155,0.158,0.1566,84099.39,83371.53,0.3934,0.85493,2e-05,77.37052,25.5,0.0
2026-09-28T21:41:51Z,2026-11-27,60,72000.0,P,0.0125,0.013,0.0127,84099.39,83371.53,0.3934,-0.14507,2e-05,77.37052,86.1,4.1
2026-09-28T21:41:51Z,2026-11-27,60,73000.0,C,0.145,0.148,0.1465,84099.76,83371.53,0.3883,0.83689,2e-05,83.6097,0.6,0.3
2026-09-28T21:41:51Z,2026-11-27,60,73000.0,P,0.014,0.015,0.0145,84099.39,83371.53,0.3883,-0.16311,2e-05,83.61164,61.0,0.3
2026-09-28T21:41:51Z,2026-11-27,60,74000.0,C,0.1355,0.1385,0.137,84099.39,83371.53,0.3861,0.81571,2e-05,90.36693,0.4,0.0
2026-09-28T21:41:51Z,2026-11-27,60,74000.0,P,0.0165,0.0175,0.0169,84099.39,83371.53,0.3861,-0.18429,2e-05,90.36693,107.9,30.2
2026-09-28T21:41:51Z,2026-11-27,60,75000.0,C,0.126,0.129,0.1276,84099.76,83371.53,0.3825,0.79362,2e-05,96.80145,295.7,2.3
2026-09-28T21:41:51Z,2026-11-27,60,75000.0,P,0.019,0.02,0.0194,84099.39,83371.53,0.3825,-0.20638,2e-05,96.80363,1721.0,1.4
2026-09-28T21:41:51Z,2026-11-27,60,76000.0,C,0.117,0.12,0.1184,84099.76,83371.53,0.3786,0.77015,2e-05,103.00473,27.5,0.3
2026-09-28T21:41:51Z,2026-11-27,60,76000.0,P,0.0215,0.0225,0.022,84099.76,83371.53,0.3786,-0.22985,2e-05,103.00473,75.0,11.0
2026-09-28T21:41:51Z,2026-11-27,60,77000.0,C,0.109,0.1105,0.1097,84099.76,83371.53,0.37670000000000003,0.74418,3e-05,109.152,74.1,0.2
2026-09-28T21:41:51Z,2026-11-27,60,77000.0,P,0.025,0.026,0.0253,84099.39,83371.53,0.37670000000000003,-0.25583,3e-05,109.1539,231.9,20.2
2026-09-28T21:41:51Z,2026-11-27,60,78000.0,C,0.1005,0.1025,0.1014,84099.76,83371.53,0.375,0.71676,3e-05,114.86929,255.7,2.5
2026-09-28T21:41:51Z,2026-11-27,60,78000.0,P,0.0285,0.0295,0.0289,84099.39,83371.53,0.375,-0.28325,3e-05,114.87081,190.2,0.0
2026-09-28T21:41:51Z,2026-11-27,60,79000.0,C,0.093,0.0945,0.0935,84099.86,83371.53,0.3732,0.6882,3e-05,120.02258,153.1,0.2
2026-09-28T21:41:51Z,2026-11-27,60,79000.0,P,0.0325,0.0335,0.0328,84099.39,83371.53,0.3732,-0.31182,3e-05,120.0241,169.0,0.0
2026-09-28T21:41:51Z,2026-11-27,60,80000.0,C,0.0855,0.087,0.0858,84099.39,83371.53,0.3712,0.65855,3e-05,124.54287,1146.5,0.4
2026-09-28T21:41:51Z,2026-11-27,60,80000.0,P,0.0365,0.0375,0.0371,84099.86,83371.53,0.3712,-0.34144,3e-05,124.54167,178.9,18.1
2026-09-28T21:41:51Z,2026-11-27,60,81000.0,C,0.0785,0.0795,0.0788,84099.86,83371.53,0.37070000000000003,0.62773,3e-05,128.38185,163.1,0.2
2026-09-28T21:41:51Z,2026-11-27,60,81000.0,P,0.0415,0.0425,0.0419,84099.86,83371.53,0.37070000000000003,-0.37227,3e-05,128.38187,47.2,0.1
2026-09-28T21:41:51Z,2026-11-27,60,82000.0,C,0.0715,0.0725,0.0721,84099.39,83371.53,0.36979999999999996,0.59639,3e-05,131.40941,149.9,10.7
2026-09-28T21:41:51Z,2026-11-27,60,82000.0,P,0.0465,0.0475,0.0471,84099.39,83371.53,0.36979999999999996,-0.40361,3e-05,131.40941,116.8,0.3
2026-09-28T21:41:51Z,2026-11-27,60,83000.0,C,0.0655,0.0665,0.0658,84099.86,83371.53,0.3697,0.56468,3e-05,133.59832,94.3,14.0
2026-09-28T21:41:51Z,2026-11-27,60,83000.0,P,0.052,0.053,0.0528,84099.86,83371.53,0.3697,-0.43532,3e-05,133.59832,177.4,0.3
2026-09-28T21:41:51Z,2026-11-27,60,84000.0,C,0.0595,0.0605,0.0599,84099.86,83371.53,0.36920000000000003,0.53286,3e-05,134.92169,81.5,11.5
2026-09-28T21:41:51Z,2026-11-27,60,84000.0,P,0.058,0.0595,0.0588,84099.86,83371.53,0.36920000000000003,-0.46714,3e-05,134.92169,24.1,1.0
2026-09-28T21:41:51Z,2026-11-27,60,85000.0,C,0.054,0.055,0.0545,84099.39,83371.53,0.369,0.50116,3e-05,135.37999,835.3,22.8
2026-09-28T21:41:51Z,2026-11-27,60,85000.0,P,0.0645,0.0655,0.0652,84099.86,83371.53,0.369,-0.49883,3e-05,135.38073,118.8,0.0
2026-09-28T21:41:51Z,2026-11-27,60,86000.0,C,0.049,0.05,0.0494,84099.86,83371.53,0.3693,0.46994,3e-05,134.9967,192.0,25.2
2026-09-28T21:41:51Z,2026-11-27,60,86000.0,P,0.0715,0.0725,0.072,84099.39,83371.53,0.3693,-0.53008,3e-05,134.99556,95.3,0.1
2026-09-28T21:41:51Z,2026-11-27,60,87000.0,C,0.044,0.045,0.0447,84099.86,83371.53,0.3691,0.43914,3e-05,133.80291,183.7,124.7
2026-09-28T21:41:51Z,2026-11-27,60,87000.0,P,0.0785,0.0795,0.0792,84099.86,83371.53,0.3691,-0.56086,3e-05,133.80295,9.8,11.4
2026-09-28T21:41:51Z,2026-11-27,60,88000.0,C,0.04,0.0405,0.0404,84099.86,83371.53,0.3696,0.4093,3e-05,131.86732,1125.0,17.8
2026-09-28T21:41:51Z,2026-11-27,60,88000.0,P,0.086,0.087,0.0868,84100.09,83371.53,0.3696,-0.59069,3e-05,131.86823,35.1,2.8
2026-09-28T21:41:51Z,2026-11-27,60,89000.0,C,0.036,0.037,0.0364,84100.09,83371.53,0.3699,0.38027,3e-05,129.23796,444.2,1.0
2026-09-28T21:41:51Z,2026-11-27,60,89000.0,P,0.0935,0.096,0.0947,84099.9,83371.53,0.3699,-0.61974,3e-05,129.23704,14.1,1.7
2026-09-28T21:41:51Z,2026-11-27,60,90000.0,C,0.0325,0.033,0.0328,84100.09,83371.53,0.37020000000000003,0.35225,3e-05,125.98788,777.4,2.9
2026-09-28T21:41:51Z,2026-11-27,60,90000.0,P,0.102,0.104,0.1029,84099.9,83371.53,0.37020000000000003,-0.64775,3e-05,125.98697,6.7,0.0
2026-09-28T21:41:51Z,2026-11-27,60,91000.0,C,0.029,0.03,0.0294,84099.9,83371.53,0.37070000000000003,0.32548,3e-05,122.21118,208.0,105.7
2026-09-28T21:41:51Z,2026-11-27,60,91000.0,P,0.1095,0.113,0.1115,84099.9,83371.53,0.37070000000000003,-0.67452,3e-05,122.21118,0.0,0.0
2026-09-28T21:41:51Z,2026-11-27,60,92000.0,C,0.026,0.027,0.0264,84099.9,83371.53,0.3715,0.30014,3e-05,118.01424,439.4,10.4
2026-09-28T21:41:51Z,2026-11-27,60,92000.0,P,0.119,0.1215,0.1204,84100.09,83371.53,0.3715,-0.69986,3e-05,118.01544,2.1,0.0
2026-09-28T21:41:51Z,2026-11-27,60,93000.0,C,0.023,0.024,0.0237,84100.09,83371.53,0.3718,0.27577,3e-05,113.38782,56.3,3.0
2026-09-28T21:41:51Z,2026-11-27,60,93000.0,P,0.1275,0.131,0.1295,84100.09,83371.53,0.3718,-0.72423,3e-05,113.38808,0.0,0.0
2026-09-28T21:41:51Z,2026-11-27,60,94000.0,C,0.021,0.0215,0.0212,84100.09,83371.53,0.3729,0.25326,3e-05,108.57806,97.0,0.1
2026-09-28T21:41:51Z,2026-11-27,60,94000.0,P,0.137,0.141,0.1389,84099.9,83371.53,0.3729,-0.74675,3e-05,108.57667,3.0,0.0
2026-09-28T21:41:51Z,2026-11-27,60,95000.0,C,0.0185,0.0195,0.019,84099.9,83371.53,0.3738,0.2319,2e-05,103.51829,623.8,0.0
2026-09-28T21:41:51Z,2026-11-27,60,95000.0,P,0.1465,0.1505,0.1486,84100.09,83371.53,0.3738,-0.76809,2e-05,103.51966,0.1,0.0
2026-09-28T21:41:51Z,2026-11-27,60,96000.0,C,0.0165,0.0175,0.017,84100.09,83371.53,0.375,0.21214,2e-05,98.38423,214.8,0.0
2026-09-28T21:41:51Z,2026-11-27,60,96000.0,P,0.1565,0.1605,0.1585,84100.09,83371.53,0.375,-0.78786,2e-05,98.38423,0.0,0.0
2026-09-28T21:41:51Z,2026-11-27,60,97000.0,C,0.015,0.0155,0.0153,84099.9,83371.53,0.37689999999999996,0.19425,2e-05,93.34364,30.3,20.5
2026-09-28T21:41:51Z,2026-11-27,60,97000.0,P,0.1665,0.171,0.1686,84100.09,83371.53,0.37689999999999996,-0.80574,2e-05,93.34505,0.0,0.0
2026-09-28T21:41:51Z,2026-11-27,60,98000.0,C,0.013,0.014,0.0136,84099.9,83371.53,0.3779,0.17696,2e-05,88.09602,699.7,9.0
2026-09-28T21:41:51Z,2026-11-27,60,98000.0,P,0.1765,0.181,0.1789,84100.82,83371.53,0.3779,-0.82302,2e-05,88.10237,0.0,0.0
2026-09-28T21:41:51Z,2026-11-27,60,99000.0,C,0.012,0.0125,0.0123,84100.09,83371.53,0.3803,0.16202,2e-05,83.24815,11.2,2.3
2026-09-28T21:41:51Z,2026-11-27,60,99000.0,P,0.187,0.1915,0.1894,84100.82,83371.53,0.3803,-0.83796,2e-05,83.25352,0.0,0.0
2026-09-28T21:41:51Z,2026-11-27,60,100000.0,C,0.0105,0.0115,0.011,84100.09,83371.53,0.38189999999999996,0.14764,2e-05,78.29012,454.6,13.2
2026-09-28T21:41:51Z,2026-11-27,60,100000.0,P,0.198,0.2025,0.2,84100.82,83371.53,0.38189999999999996,-0.85234,2e-05,78.29542,26.1,0.0
2026-09-28T21:41:51Z,2026-11-27,60,102000.0,C,0.0085,0.0095,0.009,84100.09,83371.53,0.3872,0.12367,2e-05,69.33538,362.1,63.2
2026-09-28T21:41:51Z,2026-11-27,60,102000.0,P,0.2195,0.224,0.2218,84100.82,83371.53,0.3872,-0.87632,2e-05,69.34043,2.0,1.0
2026-09-28T21:41:51Z,2026-11-27,60,104000.0,C,0.007,0.0075,0.0072,84100.09,83371.53,0.3912,0.10264,1e-05,60.69613,16.5,0.1
2026-09-28T21:41:51Z,2026-11-27,60,104000.0,P,0.2415,0.2465,0.2439,84100.09,83371.53,0.3912,-0.89736,1e-05,60.69613,0.0,0.0
2026-09-28T21:41:51Z,2026-11-27,60,105000.0,C,0.006,0.007,0.0065,84100.09,83371.53,0.39289999999999997,0.09327,1e-05,56.58318,20.2,0.3
2026-09-28T21:41:51Z,2026-11-27,60,105000.0,P,0.2525,0.2575,0.255,84100.82,83371.53,0.39289999999999997,-0.90672,1e-05,56.58776,3.3,0.0
2026-09-28T21:41:51Z,2026-11-27,60,106000.0,C,0.0055,0.0065,0.006,84100.82,83371.53,0.3972,0.08629,1e-05,53.406,29.4,0.0
2026-09-28T21:41:51Z,2026-11-27,60,106000.0,P,0.264,0.269,0.2664,84100.82,83371.53,0.3972,-0.91371,1e-05,53.406,0.0,0.0
2026-09-28T21:41:51Z,2026-11-27,60,108000.0,C,0.0046,0.0055,0.005,84100.09,83371.53,0.4046,0.07347,1e-05,47.28686,102.7,0.0
2026-09-28T21:41:51Z,2026-11-27,60,108000.0,P,0.2865,0.292,0.2892,84100.82,83371.53,0.4046,-0.92652,1e-05,47.29092,0.0,0.0
2026-09-28T21:41:51Z,2026-11-27,60,110000.0,C,0.0038,0.0043,0.004,84100.09,83371.53,0.4075,0.06049,1e-05,40.6852,250.2,10.1
2026-09-28T21:41:51Z,2026-11-27,60,110000.0,P,0.3095,0.315,0.312,84100.09,83371.53,0.4075,-0.93951,1e-05,40.6852,0.0,0.0
2026-09-28T21:41:51Z,2026-11-27,60,112000.0,C,0.0031,0.0036,0.0033,84100.09,83371.53,0.4127,0.05083,1e-05,35.45899,8.1,0.0
2026-09-28T21:41:51Z,2026-11-27,60,112000.0,P,0.3325,0.338,0.3351,84100.82,83371.53,0.4127,-0.94917,1e-05,35.46242,0.0,0.0
2026-09-28T21:41:51Z,2026-11-27,60,115000.0,C,0.0024,0.0028,0.0026,84100.82,83371.53,0.4224,0.04,1e-05,29.24257,36.6,0.2
2026-09-28T21:41:51Z,2026-11-27,60,115000.0,P,0.3675,0.373,0.37,84100.82,83371.53,0.4224,-0.96,1e-05,29.24257,0.2,0.0
2026-09-28T21:41:51Z,2026-11-27,60,120000.0,C,0.0015,0.002,0.0017,84100.82,83371.53,0.4379,0.02721,0.0,21.29269,118.1,1.3
2026-09-28T21:41:51Z,2026-11-27,60,120000.0,P,0.426,0.432,0.4286,84100.82,83371.53,0.4379,-0.97279,0.0,21.29269,9.9,9.1
2026-09-28T21:41:51Z,2026-12-25,88,20000.0,C,0.7625,0.7645,0.7634,84427.58,83371.53,1.0901,0.99849,0.0,2.02655,4.9,0.0
2026-09-28T21:41:51Z,2026-12-25,88,20000.0,P,0.0002,0.0003,0.0003,84426.74,83371.53,1.0901,-0.00151,0.0,2.02664,933.0,0.0
2026-09-28T21:41:51Z,2026-12-25,88,30000.0,C,0.644,0.646,0.6454,84427.58,83371.53,0.8819,0.99551,0.0,5.42413,300.7,0.0
2026-09-28T21:41:51Z,2026-12-25,88,30000.0,P,0.0005,0.0014,0.0007,84426.74,83371.53,0.8819,-0.00449,0.0,5.4244,2197.4,9.6
2026-09-28T21:41:51Z,2026-12-25,88,35000.0,C,0.585,0.587,0.5863,84427.58,83371.53,0.7756000000000001,0.99396,0.0,7.07097,87.8,0.0
2026-09-28T21:41:51Z,2026-12-25,88,35000.0,P,0.0006,0.001,0.0008,84427.58,83371.53,0.7756000000000001,-0.00604,0.0,7.07097,2139.3,12.8
2026-09-28T21:41:51Z,2026-12-25,88,40000.0,C,0.526,0.5285,0.5274,84427.58,83371.53,0.6988,0.99074,0.0,10.2927,253.0,0.0
2026-09-28T21:41:51Z,2026-12-25,88,40000.0,P,0.001,0.0012,0.0012,84427.58,83371.53,0.6988,-0.00926,0.0,10.2927,4953.6,5.0
2026-09-28T21:41:51Z,2026-12-25,88,45000.0,C,0.4665,0.4695,0.4684,84427.58,83371.53,0.6115999999999999,0.98783,0.0,13.06131,94.5,0.0
2026-09-28T21:41:51Z,2026-12-25,88,45000.0,P,0.0013,0.0015,0.0014,84427.58,83371.53,0.6115999999999999,-0.01217,0.0,13.06131,2811.0,0.9
2026-09-28T21:41:51Z,2026-12-25,88,50000.0,C,0.408,0.4115,0.4099,84427.58,83371.53,0.5549000000000001,0.98052,0.0,19.56332,260.7,0.0
2026-09-28T21:41:51Z,2026-12-25,88,50000.0,P,0.0019,0.0022,0.0021,84427.58,83371.53,0.5549000000000001,-0.01948,0.0,19.56332,2211.9,8.2
2026-09-28T21:41:51Z,2026-12-25,88,52000.0,C,0.3845,0.388,0.3866,84427.58,83371.53,0.5335,0.97651,0.0,22.91499,0.1,0.0
2026-09-28T21:41:51Z,2026-12-25,88,52000.0,P,0.0023,0.0026,0.0025,84427.58,83371.53,0.5335,-0.02349,0.0,22.91499,434.7,3.1
2026-09-28T21:41:51Z,2026-12-25,88,54000.0,C,0.3615,0.365,0.3634,84426.74,83371.53,0.5136999999999999,0.97149,0.0,26.94882,32.2,0.0
2026-09-28T21:41:51Z,2026-12-25,88,54000.0,P,0.0028,0.0031,0.003,84426.74,83371.53,0.5136999999999999,-0.02851,0.0,26.94882,1903.2,0.2
2026-09-28T21:41:51Z,2026-12-25,88,55000.0,C,0.35,0.353,0.3519,84427.58,83371.53,0.506,0.96816,0.0,29.53581,122.3,0.0
2026-09-28T21:41:51Z,2026-12-25,88,55000.0,P,0.0032,0.0034,0.0034,84427.58,83371.53,0.506,-0.03184,0.0,29.53581,3193.3,52.1
2026-09-28T21:41:51Z,2026-12-25,88,56000.0,C,0.3385,0.342,0.3404,84427.58,83371.53,0.49570000000000003,0.96513,0.0,31.82801,42.2,0.0
2026-09-28T21:41:51Z,2026-12-25,88,56000.0,P,0.0034,0.0038,0.0037,84427.58,83371.53,0.49570000000000003,-0.03487,0.0,31.82801,520.5,0.1
2026-09-28T21:41:51Z,2026-12-25,88,58000.0,C,0.3155,0.319,0.3174,84427.58,83371.53,0.4775,0.9576,0.0,37.32824,40.3,0.0
2026-09-28T21:41:51Z,2026-12-25,88,58000.0,P,0.0042,0.0045,0.0044,84427.58,83371.53,0.4775,-0.0424,0.0,37.32824,1837.8,14.3
2026-09-28T21:41:51Z,2026-12-25,88,60000.0,C,0.2925,0.296,0.2948,84427.58,83371.53,0.4633,0.94736,1e-05,44.39807,784.0,0.0
2026-09-28T21:41:51Z,2026-12-25,88,60000.0,P,0.005,0.006,0.0055,84427.58,83371.53,0.4633,-0.05264,1e-05,44.39807,6264.0,13.0
2026-09-28T21:41:51Z,2026-12-25,88,62000.0,C,0.27,0.2735,0.2721,84427.58,83371.53,0.4443,0.93682,1e-05,51.24717,247.1,0.0
2026-09-28T21:41:51Z,2026-12-25,88,62000.0,P,0.006,0.007,0.0065,84427.58,83371.53,0.4443,-0.06318,1e-05,51.24717,1549.4,7.0
2026-09-28T21:41:51Z,2026-12-25,88,64000.0,C,0.248,0.2515,0.2501,84427.58,83371.53,0.4318,0.9217,1e-05,60.44008,404.9,0.0
2026-09-28T21:41:51Z,2026-12-25,88,64000.0,P,0.008,0.0085,0.0082,84427.58,83371.53,0.4318,-0.0783,1e-05,60.44008,390.0,0.0
2026-09-28T21:41:51Z,2026-12-25,88,65000.0,C,0.237,0.2405,0.2391,84427.58,83371.53,0.42450000000000004,0.91349,1e-05,65.15329,916.8,0.0
2026-09-28T21:41:51Z,2026-12-25,88,65000.0,P,0.0085,0.0095,0.009,84426.74,83371.53,0.42450000000000004,-0.08652,1e-05,65.15689,806.3,3.0
2026-09-28T21:41:51Z,2026-12-25,88,66000.0,C,0.2265,0.23,0.2284,84427.58,83371.53,0.4194,0.90358,1e-05,70.60826,279.7,0.0
2026-09-28T21:41:51Z,2026-12-25,88,66000.0,P,0.01,0.0105,0.0102,84427.58,83371.53,0.4194,-0.09642,1e-05,70.60826,419.0,6.4
2026-09-28T21:41:51Z,2026-12-25,88,68000.0,C,0.2055,0.209,0.2075,84427.58,83371.53,0.41119999999999995,0.88017,1e-05,82.57484,1023.2,0.0
2026-09-28T21:41:51Z,2026-12-25,88,68000.0,P,0.0125,0.0135,0.013,84427.58,83371.53,0.41119999999999995,-0.11983,1e-05,82.57484,699.2,39.7
2026-09-28T21:41:51Z,2026-12-25,88,70000.0,C,0.185,0.1885,0.1869,84427.58,83371.53,0.39990000000000003,0.85434,1e-05,94.46507,1887.8,1.1
2026-09-28T21:41:51Z,2026-12-25,88,70000.0,P,0.0155,0.0165,0.016,84427.58,83371.53,0.39990000000000003,-0.14566,1e-05,94.46507,1926.6,5.4
2026-09-28T21:41:51Z,2026-12-25,88,72000.0,C,0.1655,0.169,0.1677,84427.58,83371.53,0.3946,0.8215,2e-05,107.85634,1214.2,0.0
2026-09-28T21:41:51Z,2026-12-25,88,72000.0,P,0.02,0.021,0.0205,84426.74,83371.53,0.3946,-0.17851,2e-05,107.86038,924.4,0.2
2026-09-28T21:41:51Z,2026-12-25,88,74000.0,C,0.147,0.1505,0.149,84426.74,83371.53,0.38770000000000004,0.7851,2e-05,120.6997,137.9,0.3
2026-09-28T21:41:51Z,2026-12-25,88,74000.0,P,0.025,0.026,0.0255,84426.74,83371.53,0.38770000000000004,-0.2149,2e-05,120.6997,186.7,25.4
2026-09-28T21:41:51Z,2026-12-25,88,75000.0,C,0.138,0.1415,0.1402,84426.74,83371.53,0.38520000000000004,0.76495,2e-05,126.99188,1924.7,4.5
2026-09-28T21:41:51Z,2026-12-25,88,75000.0,P,0.028,0.029,0.0286,84427.58,83371.53,0.38520000000000004,-0.23503,2e-05,126.98831,1732.6,9.6
2026-09-28T21:41:51Z,2026-12-25,88,76000.0,C,0.13,0.133,0.1318,84427.58,83371.53,0.38380000000000003,0.74337,2e-05,133.12768,480.6,0.2
2026-09-28T21:41:51Z,2026-12-25,88,76000.0,P,0.0315,0.0325,0.032,84427.48,83371.53,0.38380000000000003,-0.25664,2e-05,133.12808,469.9,2.6
2026-09-28T21:41:51Z,2026-12-25,88,78000.0,C,0.1145,0.1165,0.1157,84427.48,83371.53,0.38,0.69802,2e-05,144.09466,1087.4,0.2
2026-09-28T21:41:51Z,2026-12-25,88,78000.0,P,0.039,0.04,0.0396,84427.48,83371.53,0.38,-0.30198,2e-05,144.09458,1456.6,1.8
2026-09-28T21:41:51Z,2026-12-25,88,80000.0,C,0.1,0.102,0.1009,84427.58,83371.53,0.3775,0.64949,2e-05,153.13137,8717.1,1.1
2026-09-28T21:41:51Z,2026-12-25,88,80000.0,P,0.048,0.049,0.0485,84427.48,83371.53,0.3775,-0.35051,2e-05,153.13161,1729.3,53.7
2026-09-28T21:41:51Z,2026-12-25,88,82000.0,C,0.0865,0.0875,0.0874,84426.74,83371.53,0.3751,0.59896,2e-05,159.74521,1321.6,4.5
2026-09-28T21:41:51Z,2026-12-25,88,82000.0,P,0.058,0.059,0.0586,84427.48,83371.53,0.3751,-0.40102,2e-05,159.74467,785.9,2.8
2026-09-28T21:41:51Z,2026-12-25,88,84000.0,C,0.0745,0.0755,0.0752,84427.48,83371.53,0.3734,0.54742,3e-05,163.67908,1254.2,3.6
2026-09-28T21:41:51Z,2026-12-25,88,84000.0,P,0.0695,0.0705,0.0701,84427.58,83371.53,0.3734,-0.45258,3e-05,163.67914,146.3,1.2
2026-09-28T21:41:51Z,2026-12-25,88,85000.0,C,0.069,0.07,0.0696,84427.48,83371.53,0.37270000000000003,0.52159,3e-05,164.60356,3147.0,159.2
2026-09-28T21:41:51Z,2026-12-25,88,85000.0,P,0.076,0.077,0.0764,84427.58,83371.53,0.37270000000000003,-0.47841,3e-05,164.6037,556.8,4.6
2026-09-28T21:41:51Z,2026-12-25,88,86000.0,C,0.0635,0.0645,0.0643,84427.58,83371.53,0.3722,0.49593,3e-05,164.83654,504.9,8.9
2026-09-28T21:41:51Z,2026-12-25,88,86000.0,P,0.0825,0.0835,0.0829,84427.58,83371.53,0.3722,-0.50407,3e-05,164.83654,77.0,1.8
2026-09-28T21:41:51Z,2026-12-25,88,88000.0,C,0.054,0.055,0.0548,84427.58,83371.53,0.37170000000000003,0.44558,3e-05,163.30892,3882.2,45.3
2026-09-28T21:41:51Z,2026-12-25,88,88000.0,P,0.0965,0.0975,0.0971,84427.58,83371.53,0.37170000000000003,-0.55442,3e-05,163.30892,143.6,8.0
2026-09-28T21:41:51Z,2026-12-25,88,90000.0,C,0.046,0.047,0.0465,84427.48,83371.53,0.37189999999999995,0.39735,3e-05,159.35796,3791.5,127.8
2026-09-28T21:41:51Z,2026-12-25,88,90000.0,P,0.111,0.114,0.1125,84426.74,83371.53,0.37189999999999995,-0.60267,3e-05,159.35448,605.8,0.9
2026-09-28T21:41:51Z,2026-12-25,88,92000.0,C,0.0385,0.0395,0.0393,84427.58,83371.53,0.3725,0.35199,2e-05,153.36547,777.0,23.2
2026-09-28T21:41:51Z,2026-12-25,88,92000.0,P,0.1275,0.1305,0.129,84427.58,83371.53,0.3725,-0.64801,2e-05,153.36547,19.6,4.0
2026-09-28T21:41:51Z,2026-12-25,88,94000.0,C,0.0325,0.0335,0.0331,84427.58,83371.53,0.3732,0.30969,2e-05,145.71341,624.5,20.6
2026-09-28T21:41:51Z,2026-12-25,88,94000.0,P,0.145,0.1485,0.1465,84427.58,83371.53,0.3732,-0.69031,2e-05,145.71341,5.9,0.0
2026-09-28T21:41:51Z,2026-12-25,88,95000.0,C,0.03,0.031,0.0304,84427.58,83371.53,0.37439999999999996,0.2904,2e-05,141.53233,1537.4,47.6
2026-09-28T21:41:51Z,2026-12-25,88,95000.0,P,0.154,0.158,0.1557,84427.58,83371.53,0.37439999999999996,-0.7096,2e-05,141.53233,143.0,0.2
2026-09-28T21:41:51Z,2026-12-25,88,96000.0,C,0.0275,0.0285,0.0279,84427.48,83371.53,0.3753,0.27173,2e-05,137.06118,1578.0,15.4
2026-09-28T21:41:51Z,2026-12-25,88,96000.0,P,0.1635,0.1675,0.165,84426.74,83371.53,0.3753,-0.72828,2e-05,137.05565,50.8,0.0
2026-09-28T21:41:51Z,2026-12-25,88,98000.0,C,0.023,0.024,0.0235,84426.74,83371.53,0.37670000000000003,0.23685,2e-05,127.52657,454.1,124.1
2026-09-28T21:41:51Z,2026-12-25,88,98000.0,P,0.1825,0.187,0.1842,84427.58,83371.53,0.37670000000000003,-0.76314,2e-05,127.53277,2.6,0.2
2026-09-28T21:41:51Z,2026-12-25,88,100000.0,C,0.0195,0.02,0.0199,84427.48,83371.53,0.3801,0.20696,2e-05,118.06645,6012.9,109.2
2026-09-28T21:41:51Z,2026-12-25,88,100000.0,P,0.2025,0.207,0.2044,84427.58,83371.53,0.3801,-0.79304,2e-05,118.06789,302.9,0.0
2026-09-28T21:41:51Z,2026-12-25,88,102000.0,C,0.016,0.017,0.0167,84427.58,83371.53,0.38170000000000004,0.17909,2e-05,108.08008,490.9,21.5
2026-09-28T21:41:51Z,2026-12-25,88,102000.0,P,0.223,0.2275,0.2248,84427.58,83371.53,0.38170000000000004,-0.82091,2e-05,108.08008,7.8,5.6
2026-09-28T21:41:51Z,2026-12-25,88,104000.0,C,0.0135,0.0145,0.014,84427.58,83371.53,0.38380000000000003,0.15482,2e-05,98.38818,169.3,1.0
2026-09-28T21:41:51Z,2026-12-25,88,104000.0,P,0.244,0.2485,0.2458,84427.58,83371.53,0.38380000000000003,-0.84518,2e-05,98.38818,0.3,0.0
2026-09-28T21:41:51Z,2026-12-25,88,105000.0,C,0.0125,0.0135,0.013,84427.58,83371.53,0.38630000000000003,0.14483,1e-05,94.10375,994.5,0.1
2026-09-28T21:41:51Z,2026-12-25,88,105000.0,P,0.2545,0.2595,0.2566,84427.58,83371.53,0.38630000000000003,-0.85517,1e-05,94.10375,107.5,0.0
2026-09-28T21:41:51Z,2026-12-25,88,106000.0,C,0.0115,0.0125,0.012,84426.74,83371.53,0.3881,0.13504,1e-05,89.73126,615.0,0.0
2026-09-28T21:41:51Z,2026-12-25,88,106000.0,P,0.265,0.2705,0.2675,84426.74,83371.53,0.3881,-0.86496,1e-05,89.73126,0.2,0.0
2026-09-28T21:41:51Z,2026-12-25,88,108000.0,C,0.0095,0.0105,0.01,84427.48,83371.53,0.3901,0.1162,1e-05,80.79781,195.0,0.0
2026-09-28T21:41:51Z,2026-12-25,88,108000.0,P,0.287,0.292,0.2892,84426.74,83371.53,0.3901,-0.88381,1e-05,80.79354,0.1,0.0
2026-09-28T21:41:51Z,2026-12-25,88,110000.0,C,0.008,0.009,0.0085,84427.58,83371.53,0.3935,0.10069,1e-05,72.88046,2961.8,24.0
2026-09-28T21:41:51Z,2026-12-25,88,110000.0,P,0.309,0.3145,0.3114,84426.74,83371.53,0.3935,-0.89932,1e-05,72.87492,81.6,0.0
2026-09-28T21:41:51Z,2026-12-25,88,115000.0,C,0.0055,0.0065,0.006,84427.58,83371.53,0.4061,0.07274,1e-05,57.14098,2306.0,2.3
2026-09-28T21:41:51Z,2026-12-25,88,115000.0,P,0.3655,0.3715,0.3681,84427.58,83371.53,0.4061,-0.92726,1e-05,57.14098,5.0,0.0
2026-09-28T21:41:51Z,2026-12-25,88,120000.0,C,0.0042,0.0044,0.0042,84427.58,83371.53,0.41759999999999997,0.05281,1e-05,44.50762,5781.9,1.9
2026-09-28T21:41:51Z,2026-12-25,88,120000.0,P,0.423,0.429,0.4256,84427.58,83371.53,0.41759999999999997,-0.94719,1e-05,44.50762,35.8,0.0
2026-09-28T21:41:51Z,2026-12-25,88,125000.0,C,0.003,0.0033,0.0031,84427.58,83371.53,0.4304,0.03942,0.0,35.18347,516.6,4.9
2026-09-28T21:41:51Z,2026-12-25,88,125000.0,P,0.481,0.4875,0.4837,84427.58,83371.53,0.4304,-0.96058,0.0,35.18347,9.3,0.0
2026-09-28T21:41:51Z,2026-12-25,88,130000.0,C,0.0021,0.0026,0.0023,84427.58,83371.53,0.44310000000000005,0.02993,0.0,28.05914,1569.1,6.6
2026-09-28T21:41:51Z,2026-12-25,88,130000.0,P,0.5395,0.546,0.5421,84427.58,83371.53,0.44310000000000005,-0.97007,0.0,28.05914,57.0,0.0
2026-09-28T21:41:51Z,2026-12-25,88,135000.0,C,0.0019,0.0021,0.0019,84427.58,83371.53,0.4607,0.02446,0.0,23.71536,1430.1,14.0
2026-09-28T21:41:51Z,2026-12-25,88,135000.0,P,0.598,0.605,0.601,84427.58,83371.53,0.4607,-0.97554,0.0,23.71536,0.7,0.0
2026-09-28T21:41:51Z,2026-12-25,88,140000.0,C,0.0013,0.0017,0.0015,84426.74,83371.53,0.4718,0.019,0.0,19.15343,1418.3,0.0
2026-09-28T21:41:51Z,2026-12-25,88,140000.0,P,0.657,0.664,0.6597,84427.58,83371.53,0.4718,-0.981,0.0,19.15533,0.3,0.0
2026-09-28T21:41:51Z,2026-12-25,88,150000.0,C,0.0008,0.0012,0.001,84427.58,83371.53,0.4987,0.01278,0.0,13.6331,1715.5,0.0
2026-09-28T21:41:51Z,2026-12-25,88,150000.0,P,0.7745,0.782,0.7777,84428.11,83371.53,0.4987,-0.98722,0.0,13.63353,4.4,0.0
2026-09-28T21:41:51Z,2026-12-25,88,160000.0,C,0.0006,0.001,0.0007,84428.42,83371.53,0.5241,0.00904,0.0,10.0848,1280.8,1.9
2026-09-28T21:41:51Z,2026-12-25,88,160000.0,P,0.8925,0.9005,0.8958,84428.42,83371.53,0.5241,-0.99096,0.0,10.0848,0.1,0.0
2026-09-28T21:41:51Z,2026-12-25,88,170000.0,C,0.0005,0.0007,0.0006,84428.11,83371.53,0.5565,0.00748,0.0,8.53508,2018.4,0.0
2026-09-28T21:41:51Z,2026-12-25,88,170000.0,P,1.0075,1.02,1.0142,84428.42,83371.53,0.5565,-0.99252,0.0,8.53539,0.1,0.0
2026-09-28T21:41:51Z,2026-12-25,88,180000.0,C,0.0004,0.0007,0.0005,84428.42,83371.53,0.5825,0.00598,0.0,7.0077,934.3,0.0
2026-09-28T21:41:51Z,2026-12-25,88,180000.0,P,1.126,1.1395,1.1325,84428.11,83371.53,0.5825,-0.99402,0.0,7.00745,0.1,0.0
2026-09-28T21:41:51Z,2026-12-25,88,190000.0,C,0.0003,0.0006,0.0004,84428.42,83371.53,0.6087,0.00503,0.0,6.0055,1026.9,0.0
2026-09-28T21:41:51Z,2026-12-25,88,190000.0,P,1.243,1.2585,1.2509,84428.42,83371.53,0.6087,-0.99497,0.0,6.0055,0.0,0.0
2026-09-28T21:41:51Z,2026-12-25,88,200000.0,C,0.0002,0.0005,0.0003,84428.11,83371.53,0.628,0.004,0.0,4.89505,961.3,0.0
2026-09-28T21:41:51Z,2026-12-25,88,200000.0,P,1.3605,1.3775,1.3692,84428.11,83371.53,0.628,-0.996,0.0,4.89505,0.0,0.0
2026-09-28T21:41:51Z,2026-12-25,88,210000.0,C,0.0002,0.0004,0.0003,84428.42,83371.53,0.6397999999999999,0.00295,0.0,3.72037,162.4,0.0
2026-09-28T21:41:51Z,2026-12-25,88,210000.0,P,1.4785,1.4965,1.4876,84428.11,83371.53,0.6397999999999999,-0.99705,0.0,3.72023,0.0,0.0
2026-09-28T21:41:51Z,2026-12-25,88,220000.0,C,0.0001,0.0006,0.0002,84428.11,83371.53,0.6656,0.00274,0.0,3.48542,252.8,0.0
2026-09-28T21:41:51Z,2026-12-25,88,220000.0,P,1.596,1.6155,1.606,84428.42,83371.53,0.6656,-0.99726,0.0,3.48555,0.0,0.0
2026-09-28T21:41:51Z,2026-12-25,88,230000.0,C,0.0001,0.0005,0.0002,84428.42,83371.53,0.6857,0.00241,0.0,3.10563,190.6,0.0
2026-09-28T21:41:51Z,2026-12-25,88,230000.0,P,1.7135,1.7345,1.7244,84428.42,83371.53,0.6857,-0.99759,0.0,3.10563,0.0,0.0
2026-09-28T21:41:51Z,2026-12-25,88,240000.0,C,0.0001,0.0003,0.0002,84428.42,83371.53,0.6986,0.00196,0.0,2.57046,784.8,0.0
2026-09-28T21:41:51Z,2026-12-25,88,240000.0,P,1.831,1.854,1.8428,84429.3,83371.53,0.6986,-0.99804,0.0,2.57073,0.0,0.0
2026-09-28T21:41:51Z,2026-12-25,88,250000.0,C,0.0001,0.0002,0.0002,84429.3,83371.53,0.7218000000000001,0.00189,0.0,2.4864,1281.4,0.0
2026-09-28T21:41:51Z,2026-12-25,88,250000.0,P,1.949,1.9735,1.9613,84429.3,83371.53,0.7218000000000001,-0.99811,0.0,2.4864,10.0,0.0
2026-09-28T21:41:51Z,2027-03-26,179,35000.0,C,0.591,0.5935,0.5923,85482.68,83371.53,0.611,0.98939,0.0,16.77997,21.8,0.0
2026-09-28T21:41:51Z,2027-03-26,179,35000.0,P,0.0018,0.0019,0.0018,85483.43,83371.53,0.611,-0.01061,0.0,16.77932,604.5,1.9
2026-09-28T21:41:51Z,2027-03-26,179,40000.0,C,0.5335,0.5365,0.5348,85483.43,83371.53,0.5640999999999999,0.98311,0.0,25.05871,82.1,0.0
2026-09-28T21:41:51Z,2027-03-26,179,40000.0,P,0.0026,0.003,0.0027,85483.43,83371.53,0.5640999999999999,-0.01689,0.0,25.05871,1907.2,3.3
2026-09-28T21:41:51Z,2027-03-26,179,45000.0,C,0.4765,0.4795,0.4779,85483.43,83371.53,0.5252,0.97325,0.0,36.96146,4.8,0.0
2026-09-28T21:41:51Z,2027-03-26,179,45000.0,P,0.004,0.0046,0.0043,85483.43,83371.53,0.5252,-0.02675,0.0,36.96146,251.6,0.9
2026-09-28T21:41:51Z,2027-03-26,179,50000.0,C,0.42,0.423,0.4216,85483.43,83371.53,0.48950000000000005,0.95892,0.0,52.6345,21.6,0.0
2026-09-28T21:41:51Z,2027-03-26,179,50000.0,P,0.006,0.007,0.0065,85483.43,83371.53,0.48950000000000005,-0.04108,0.0,52.6345,2333.9,0.1
2026-09-28T21:41:51Z,2027-03-26,179,52000.0,C,0.3975,0.401,0.3992,85483.43,83371.53,0.4742,0.95206,0.0,59.60539,6.0,0.0
2026-09-28T21:41:51Z,2027-03-26,179,52000.0,P,0.007,0.008,0.0075,85483.43,83371.53,0.4742,-0.04794,0.0,59.60539,122.3,0.1
2026-09-28T21:41:51Z,2027-03-26,179,54000.0,C,0.3755,0.379,0.3773,85482.68,83371.53,0.4635,0.94286,0.0,68.51385,0.1,0.0
2026-09-28T21:41:51Z,2027-03-26,179,54000.0,P,0.0085,0.0095,0.009,85483.43,83371.53,0.4635,-0.05713,0.0,68.51152,85.5,0.0
2026-09-28T21:41:51Z,2027-03-26,179,55000.0,C,0.3645,0.368,0.3665,85483.43,83371.53,0.45909999999999995,0.93753,0.0,73.47966,29.5,0.0
2026-09-28T21:41:51Z,2027-03-26,179,55000.0,P,0.0095,0.0105,0.0099,85483.43,83371.53,0.45909999999999995,-0.06247,0.0,73.47966,1263.2,0.1
2026-09-28T21:41:51Z,2027-03-26,179,56000.0,C,0.3535,0.357,0.3554,85483.17,83371.53,0.451,0.93305,0.0,77.53759,14.4,0.0
2026-09-28T21:41:51Z,2027-03-26,179,56000.0,P,0.0105,0.011,0.0105,85483.17,83371.53,0.451,-0.06695,0.0,77.53759,131.7,0.5
2026-09-28T21:41:51Z,2027-03-26,179,58000.0,C,0.3325,0.336,0.334,85483.17,83371.53,0.441,0.92104,1e-05,87.97676,4.3,0.0
2026-09-28T21:41:51Z,2027-03-26,179,58000.0,P,0.0125,0.013,0.0125,85483.17,83371.53,0.441,-0.07896,1e-05,87.97676,137.9,0.4
2026-09-28T21:41:51Z,2027-03-26,179,60000.0,C,0.311,0.315,0.3131,85483.17,83371.53,0.4329,0.90673,1e-05,99.65568,647.9,0.0
2026-09-28T21:41:51Z,2027-03-26,179,60000.0,P,0.0145,0.0155,0.015,85483.17,83371.53,0.4329,-0.09327,1e-05,99.65568,815.2,0.2
2026-09-28T21:41:51Z,2027-03-26,179,62000.0,C,0.2905,0.2945,0.2925,85483.17,83371.53,0.4238,0.89103,1e-05,111.62722,52.3,0.0
2026-09-28T21:41:51Z,2027-03-26,179,62000.0,P,0.0175,0.0185,0.0178,85483.17,83371.53,0.4238,-0.10897,1e-05,111.62722,263.9,43.7
2026-09-28T21:41:51Z,2027-03-26,179,64000.0,C,0.2705,0.2745,0.2723,85483.17,83371.53,0.41609999999999997,0.87292,1e-05,124.45529,137.9,0.0
2026-09-28T21:41:51Z,2027-03-26,179,64000.0,P,0.0205,0.0215,0.021,85483.17,83371.53,0.41609999999999997,-0.12708,1e-05,124.45529,124.8,9.3
2026-09-28T21:41:51Z,2027-03-26,179,65000.0,C,0.2605,0.264,0.2626,85483.17,83371.53,0.4132,0.86271,1e-05,131.26939,229.7,0.0
2026-09-28T21:41:51Z,2027-03-26,179,65000.0,P,0.0225,0.0235,0.023,85483.17,83371.53,0.4132,-0.13729,1e-05,131.26939,891.9,5.4
2026-09-28T21:41:51Z,2027-03-26,179,66000.0,C,0.251,0.255,0.2529,85483.17,83371.53,0.40990000000000004,0.85219,1e-05,137.99229,23.9,0.0
2026-09-28T21:41:51Z,2027-03-26,179,66000.0,P,0.0245,0.0255,0.025,85483.17,83371.53,0.40990000000000004,-0.14781,1e-05,137.99229,96.8,7.1
2026-09-28T21:41:51Z,2027-03-26,179,68000.0,C,0.232,0.236,0.2341,85483.17,83371.53,0.40399999999999997,0.82927,1e-05,151.6626,190.9,0.0
2026-09-28T21:41:51Z,2027-03-26,179,68000.0,P,0.029,0.03,0.0296,85483.17,83371.53,0.40399999999999997,-0.17073,1e-05,151.6626,551.0,6.2
2026-09-28T21:41:51Z,2027-03-26,179,70000.0,C,0.214,0.2175,0.2161,85483.17,83371.53,0.3993,0.80383,1e-05,165.38467,771.1,0.0
2026-09-28T21:41:51Z,2027-03-26,179,70000.0,P,0.0345,0.0355,0.0349,85483.43,83371.53,0.3993,-0.19617,1e-05,165.38363,493.0,0.0
2026-09-28T21:41:51Z,2027-03-26,179,72000.0,C,0.197,0.201,0.1987,85483.17,83371.53,0.3947,0.77637,1e-05,178.62936,88.9,0.1
2026-09-28T21:41:51Z,2027-03-26,179,72000.0,P,0.0405,0.0415,0.041,85483.43,83371.53,0.3947,-0.22362,1e-05,178.62841,187.9,1.0
2026-09-28T21:41:51Z,2027-03-26,179,74000.0,C,0.1805,0.184,0.1823,85483.17,83371.53,0.3912,0.74672,1e-05,191.23965,66.8,0.0
2026-09-28T21:41:51Z,2027-03-26,179,74000.0,P,0.0475,0.0485,0.048,85483.17,83371.53,0.3912,-0.25328,1e-05,191.23965,200.0,0.0
2026-09-28T21:41:51Z,2027-03-26,179,75000.0,C,0.1725,0.176,0.1744,85483.18,83371.53,0.3896,0.7312,1e-05,197.17705,0.0,0.0
2026-09-28T21:41:51Z,2027-03-26,179,75000.0,P,0.0515,0.0525,0.0518,85483.17,83371.53,0.3896,-0.2688,1e-05,197.17708,17.5,0.0
2026-09-28T21:41:51Z,2027-03-26,179,76000.0,C,0.1655,0.1685,0.1667,85483.17,83371.53,0.38780000000000003,0.71541,1e-05,202.77411,541.7,0.0
2026-09-28T21:41:51Z,2027-03-26,179,76000.0,P,0.0555,0.0565,0.0557,85483.17,83371.53,0.38780000000000003,-0.28459,1e-05,202.77411,601.9,24.8
2026-09-28T21:41:51Z,2027-03-26,179,78000.0,C,0.151,0.1535,0.1522,85483.17,83371.53,0.3858,0.68243,2e-05,213.05161,647.6,0.0
2026-09-28T21:41:51Z,2027-03-26,179,78000.0,P,0.064,0.065,0.0646,85483.17,83371.53,0.3858,-0.31757,2e-05,213.05161,348.6,8.2
2026-09-28T21:41:51Z,2027-03-26,179,80000.0,C,0.1375,0.1395,0.1386,85483.17,83371.53,0.38420000000000004,0.64843,2e-05,221.73867,1098.8,0.0
2026-09-28T21:41:51Z,2027-03-26,179,80000.0,P,0.074,0.075,0.0745,85483.17,83371.53,0.38420000000000004,-0.35157,2e-05,221.73867,227.2,0.2
2026-09-28T21:41:51Z,2027-03-26,179,82000.0,C,0.125,0.127,0.1259,85483.17,83371.53,0.38270000000000004,0.61381,2e-05,228.66951,1226.4,0.0
2026-09-28T21:41:51Z,2027-03-26,179,82000.0,P,0.0845,0.0855,0.0851,85483.17,83371.53,0.38270000000000004,-0.38619,2e-05,228.66951,58.4,11.1
2026-09-28T21:41:51Z,2027-03-26,179,84000.0,C,0.1135,0.1145,0.1142,85483.17,83371.53,0.382,0.5789,2e-05,233.76031,286.1,0.0
2026-09-28T21:41:51Z,2027-03-26,179,84000.0,P,0.0965,0.0975,0.0969,85483.18,83371.53,0.382,-0.4211,2e-05,233.76032,410.4,0.0
2026-09-28T21:41:51Z,2027-03-26,179,85000.0,C,0.108,0.109,0.1088,85483.17,83371.53,0.382,0.5615,2e-05,235.60031,463.6,100.0
2026-09-28T21:41:51Z,2027-03-26,179,85000.0,P,0.1025,0.104,0.1031,85483.17,83371.53,0.382,-0.4385,2e-05,235.60031,14.5,0.0
2026-09-28T21:41:51Z,2027-03-26,179,86000.0,C,0.1025,0.104,0.1034,85483.17,83371.53,0.38130000000000003,0.54407,2e-05,236.98235,363.8,0.2
2026-09-28T21:41:51Z,2027-03-26,179,86000.0,P,0.109,0.1105,0.1094,85483.17,83371.53,0.38130000000000003,-0.45593,2e-05,236.98235,28.4,0.0
2026-09-28T21:41:51Z,2027-03-26,179,88000.0,C,0.0925,0.094,0.0934,85483.18,83371.53,0.381,0.50968,2e-05,238.36877,117.6,0.0
2026-09-28T21:41:51Z,2027-03-26,179,88000.0,P,0.1225,0.124,0.1229,85483.17,83371.53,0.381,-0.49032,2e-05,238.36874,63.9,1.4
2026-09-28T21:41:51Z,2027-03-26,179,90000.0,C,0.0835,0.085,0.0844,85484.02,83371.53,0.381,0.47606,2e-05,238.01191,721.5,2.0
2026-09-28T21:41:51Z,2027-03-26,179,90000.0,P,0.1365,0.138,0.1372,85483.17,83371.53,0.381,-0.52395,2e-05,238.00901,45.0,1.4
2026-09-28T21:41:51Z,2027-03-26,179,92000.0,C,0.0755,0.0765,0.0761,85484.02,83371.53,0.3812,0.44341,2e-05,236.03825,417.9,0.1
2026-09-28T21:41:51Z,2027-03-26,179,92000.0,P,0.152,0.1535,0.1523,85484.02,83371.53,0.3812,-0.55659,2e-05,236.03825,7.0,2.8
2026-09-28T21:41:51Z,2027-03-26,179,94000.0,C,0.068,0.069,0.0686,85484.02,83371.53,0.3818,0.41204,2e-05,232.62134,183.3,0.1
2026-09-28T21:41:51Z,2027-03-26,179,94000.0,P,0.1675,0.169,0.1682,85484.02,83371.53,0.3818,-0.58796,2e-05,232.62134,21.6,2.8
2026-09-28T21:41:51Z,2027-03-26,179,95000.0,C,0.0645,0.0655,0.0651,85484.02,83371.53,0.382,0.39681,2e-05,230.41967,438.0,5.4
2026-09-28T21:41:51Z,2027-03-26,179,95000.0,P,0.1745,0.178,0.1764,85483.17,83371.53,0.382,-0.6032,2e-05,230.41514,9.3,0.0
2026-09-28T21:41:51Z,2027-03-26,179,96000.0,C,0.061,0.062,0.0617,85484.02,83371.53,0.3821,0.38181,2e-05,227.89907,168.0,1.5
2026-09-28T21:41:51Z,2027-03-26,179,96000.0,P,0.183,0.1865,0.1847,85484.02,83371.53,0.3821,-0.61819,2e-05,227.89907,4.4,0.0
2026-09-28T21:41:51Z,2027-03-26,179,98000.0,C,0.055,0.056,0.0556,85484.02,83371.53,0.38299999999999995,0.35334,2e-05,222.14252,213.0,2.9
2026-09-28T21:41:51Z,2027-03-26,179,98000.0,P,0.2,0.2035,0.202,85484.02,83371.53,0.38299999999999995,-0.64666,2e-05,222.14252,1.6,0.0
2026-09-28T21:41:51Z,2027-03-26,179,100000.0,C,0.0495,0.0505,0.05,85484.02,83371.53,0.384,0.32638,2e-05,215.48672,1288.2,1.6
2026-09-28T21:41:51Z,2027-03-26,179,100000.0,P,0.2185,0.2215,0.2198,85483.17,83371.53,0.384,-0.67364,2e-05,215.48099,12.7,0.0
2026-09-28T21:41:51Z,2027-03-26,179,102000.0,C,0.0445,0.0455,0.045,85484.02,83371.53,0.3851,0.30103,2e-05,208.13113,113.7,0.1
2026-09-28T21:41:51Z,2027-03-26,179,102000.0,P,0.2365,0.24,0.2382,85483.09,83371.53,0.3851,-0.69899,2e-05,208.12446,0.1,0.0
2026-09-28T21:41:51Z,2027-03-26,179,104000.0,C,0.04,0.041,0.0405,85483.09,83371.53,0.38630000000000003,0.2773,1e-05,200.24368,136.9,1.4
2026-09-28T21:41:51Z,2027-03-26,179,104000.0,P,0.255,0.2595,0.2571,85483.09,83371.53,0.38630000000000003,-0.7227,1e-05,200.24368,0.1,0.0
2026-09-28T21:41:51Z,2027-03-26,179,105000.0,C,0.038,0.039,0.0385,85483.09,83371.53,0.3871,0.26614,1e-05,196.19333,245.0,7.5
2026-09-28T21:41:51Z,2027-03-26,179,105000.0,P,0.2645,0.2695,0.2668,85483.09,83371.53,0.3871,-0.73386,1e-05,196.19333,2.4,0.0
2026-09-28T21:41:51Z,2027-03-26,179,106000.0,C,0.036,0.037,0.0365,85483.09,83371.53,0.38770000000000004,0.25527,1e-05,192.02558,93.5,9.0
2026-09-28T21:41:51Z,2027-03-26,179,106000.0,P,0.274,0.2795,0.2765,85483.09,83371.53,0.38770000000000004,-0.74473,1e-05,192.02558,0.1,0.0
2026-09-28T21:41:51Z,2027-03-26,179,108000.0,C,0.0325,0.0335,0.033,85484.02,83371.53,0.3895,0.23507,1e-05,183.69859,98.0,20.0
2026-09-28T21:41:51Z,2027-03-26,179,108000.0,P,0.2935,0.2995,0.2964,85483.09,83371.53,0.3895,-0.76494,1e-05,183.69129,0.1,0.0
2026-09-28T21:41:51Z,2027-03-26,179,110000.0,C,0.029,0.03,0.0297,85483.09,83371.53,0.391,0.216,1e-05,175.10769,1193.6,21.5
2026-09-28T21:41:51Z,2027-03-26,179,110000.0,P,0.314,0.3195,0.3165,85483.09,83371.53,0.391,-0.784,1e-05,175.10769,5.1,0.0
2026-09-28T21:41:51Z,2027-03-26,179,112000.0,C,0.0265,0.0275,0.0269,85483.09,83371.53,0.3931,0.19892,1e-05,166.77993,99.2,0.0
2026-09-28T21:41:51Z,2027-03-26,179,112000.0,P,0.3345,0.3405,0.3371,85483.09,83371.53,0.3931,-0.80108,1e-05,166.77993,0.1,0.0
2026-09-28T21:41:51Z,2027-03-26,179,115000.0,C,0.0225,0.024,0.0233,85483.09,83371.53,0.3967,0.17603,1e-05,154.64226,695.7,0.0
2026-09-28T21:41:51Z,2027-03-26,179,115000.0,P,0.3655,0.372,0.3686,85483.09,83371.53,0.3967,-0.82397,1e-05,154.64226,3.0,0.0
2026-09-28T21:41:51Z,2027-03-26,179,120000.0,C,0.018,0.019,0.0184,85483.09,83371.53,0.4025,0.14354,1e-05,135.29809,836.9,9.1
2026-09-28T21:41:51Z,2027-03-26,179,120000.0,P,0.419,0.4255,0.4222,85484.02,83371.53,0.4025,-0.85645,1e-05,135.30513,9.9,0.0
2026-09-28T21:41:51Z,2027-03-26,179,125000.0,C,0.014,0.015,0.0145,85483.09,83371.53,0.4077,0.11693,1e-05,117.38981,423.9,6.0
2026-09-28T21:41:51Z,2027-03-26,179,125000.0,P,0.4735,0.4805,0.4768,85483.09,83371.53,0.4077,-0.88307,1e-05,117.38981,0.1,0.0
2026-09-28T21:41:51Z,2027-03-26,179,130000.0,C,0.0115,0.012,0.0117,85483.09,83371.53,0.4143,0.09639,1e-05,102.10105,1192.0,9.0
2026-09-28T21:41:51Z,2027-03-26,179,130000.0,P,0.529,0.536,0.5325,85483.55,83371.53,0.4143,-0.90361,1e-05,102.10487,0.5,0.0
2026-09-28T21:41:51Z,2027-03-26,179,140000.0,C,0.0075,0.0085,0.008,85483.55,83371.53,0.4293,0.06764,1e-05,78.15326,898.3,11.0
2026-09-28T21:41:51Z,2027-03-26,179,140000.0,P,0.642,0.6495,0.6457,85483.55,83371.53,0.4293,-0.93236,1e-05,78.15326,10.9,0.0
2026-09-28T21:41:51Z,2027-03-26,179,150000.0,C,0.005,0.006,0.0056,85483.55,83371.53,0.44380000000000003,0.04875,0.0,60.40435,1863.8,4.2
2026-09-28T21:41:51Z,2027-03-26,179,150000.0,P,0.756,0.7645,0.7604,85483.09,83371.53,0.44380000000000003,-0.95126,0.0,60.40229,0.6,0.0
2026-09-28T21:41:51Z,2027-03-26,179,160000.0,C,0.004,0.0044,0.0043,85483.55,83371.53,0.461,0.03723,0.0,48.58114,1034.3,0.0
2026-09-28T21:41:51Z,2027-03-26,179,160000.0,P,0.8715,0.8805,0.876,85483.09,83371.53,0.461,-0.96277,0.0,48.57943,0.1,0.0
2026-09-28T21:41:51Z,2027-03-26,179,170000.0,C,0.0031,0.0036,0.0034,85483.55,83371.53,0.47840000000000005,0.02951,0.0,40.11538,1002.4,4.4
2026-09-28T21:41:51Z,2027-03-26,179,170000.0,P,0.9875,1.001,0.9921,85483.55,83371.53,0.47840000000000005,-0.97049,0.0,40.11538,0.3,0.1
2026-09-28T21:41:51Z,2027-03-26,179,180000.0,C,0.0024,0.003,0.0027,85483.55,83371.53,0.4935,0.02354,0.0,33.2145,649.0,0.0
2026-09-28T21:41:51Z,2027-03-26,179,180000.0,P,1.0945,1.12,1.1084,85483.55,83371.53,0.4935,-0.97646,0.0,33.2145,0.1,0.0
2026-09-28T21:41:51Z,2027-03-26,179,190000.0,C,0.002,0.0025,0.0022,85483.55,83371.53,0.5088,0.01935,0.0,28.14226,679.4,1.0
2026-09-28T21:41:51Z,2027-03-26,179,190000.0,P,1.209,1.2345,1.2249,85483.55,83371.53,0.5088,-0.98065,0.0,28.14226,0.9,0.0
2026-09-28T21:41:51Z,2027-03-26,179,200000.0,C,0.0016,0.0021,0.0018,85483.55,83371.53,0.5217,0.01586,0.0,23.74374,483.5,0.1
2026-09-28T21:41:51Z,2027-03-26,179,200000.0,P,1.325,1.3535,1.3415,85483.55,83371.53,0.5217,-0.98414,0.0,23.74374,1.0,0.0
2026-09-28T21:41:51Z,2027-06-25,270,30000.0,C,0.6545,0.6575,0.6563,86664.05,83371.53,0.6112,0.98877,0.0,21.9495,87.2,0.0
2026-09-28T21:41:51Z,2027-06-25,270,30000.0,P,0.0021,0.0029,0.0024,86664.05,83371.53,0.6112,-0.01123,0.0,21.9495,440.7,0.2
2026-09-28T21:41:51Z,2027-06-25,270,40000.0,C,0.542,0.5455,0.544,86664.49,83371.53,0.5287,0.97315,0.0,46.19048,19.1,0.0
2026-09-28T21:41:51Z,2027-06-25,270,40000.0,P,0.005,0.0065,0.0055,86664.05,83371.53,0.5287,-0.02685,0.0,46.19124,1195.6,11.5
2026-09-28T21:41:51Z,2027-06-25,270,45000.0,C,0.487,0.4905,0.4889,86664.05,83371.53,0.49700000000000005,0.95981,0.0,64.41509,10.5,0.0
2026-09-28T21:41:51Z,2027-06-25,270,45000.0,P,0.0075,0.009,0.0082,86664.05,83371.53,0.49700000000000005,-0.04019,0.0,64.41509,162.6,2.0
2026-09-28T21:41:51Z,2027-06-25,270,50000.0,C,0.433,0.4365,0.4352,86664.05,83371.53,0.47090000000000004,0.94082,0.0,87.74169,20.2,0.0
2026-09-28T21:41:51Z,2027-06-25,270,50000.0,P,0.0115,0.013,0.0121,86664.05,83371.53,0.47090000000000004,-0.05918,0.0,87.74169,342.9,2.7
2026-09-28T21:41:51Z,2027-06-25,270,52000.0,C,0.412,0.4155,0.4141,86664.49,83371.53,0.46149999999999997,0.93143,0.0,98.40069,1.1,0.0
2026-09-28T21:41:51Z,2027-06-25,270,52000.0,P,0.0135,0.015,0.0141,86664.49,83371.53,0.46149999999999997,-0.06857,0.0,98.40069,46.0,8.0
2026-09-28T21:41:51Z,2027-06-25,270,54000.0,C,0.391,0.3945,0.3931,86664.05,83371.53,0.4508,0.92146,0.0,109.16035,1.0,0.0
2026-09-28T21:41:51Z,2027-06-25,270,54000.0,P,0.0155,0.017,0.0162,86664.49,83371.53,0.4508,-0.07854,0.0,109.15888,50.5,0.1
2026-09-28T21:41:51Z,2027-06-25,270,55000.0,C,0.381,0.384,0.3829,86664.05,83371.53,0.4473,0.91548,0.0,115.37712,3.7,0.0
2026-09-28T21:41:51Z,2027-06-25,270,55000.0,P,0.017,0.0185,0.0176,86664.05,83371.53,0.4473,-0.08452,0.0,115.37712,36.9,0.1
2026-09-28T21:41:51Z,2027-06-25,270,56000.0,C,0.3705,0.374,0.3726,86664.05,83371.53,0.44229999999999997,0.90974,0.0,121.17017,2.9,0.0
2026-09-28T21:41:51Z,2027-06-25,270,56000.0,P,0.018,0.0195,0.0188,86663.9,83371.53,0.44229999999999997,-0.09026,0.0,121.17055,85.4,0.0
2026-09-28T21:41:51Z,2027-06-25,270,58000.0,C,0.3505,0.354,0.3526,86664.49,83371.53,0.4349,0.89645,1e-05,134.03817,13.8,0.0
2026-09-28T21:41:51Z,2027-06-25,270,58000.0,P,0.021,0.0225,0.0218,86664.49,83371.53,0.4349,-0.10355,1e-05,134.03817,100.6,0.2
2026-09-28T21:41:51Z,2027-06-25,270,60000.0,C,0.3305,0.3345,0.3331,86664.49,83371.53,0.4294,0.88124,1e-05,147.85788,969.9,0.0
2026-09-28T21:41:51Z,2027-06-25,270,60000.0,P,0.0245,0.0265,0.0255,86663.9,83371.53,0.4294,-0.11876,1e-05,147.8601,242.8,0.5
2026-09-28T21:41:51Z,2027-06-25,270,62000.0,C,0.3115,0.3155,0.3141,86664.49,83371.53,0.4235,0.86486,1e-05,161.78132,117.9,0.1
2026-09-28T21:41:51Z,2027-06-25,270,62000.0,P,0.0285,0.0305,0.0295,86663.9,83371.53,0.4235,-0.13515,1e-05,161.78356,115.3,0.0
2026-09-28T21:41:51Z,2027-06-25,270,64000.0,C,0.293,0.296,0.2955,86663.9,83371.53,0.418,0.847,1e-05,175.90497,33.5,0.0
2026-09-28T21:41:51Z,2027-06-25,270,64000.0,P,0.033,0.035,0.034,86663.9,83371.53,0.418,-0.153,1e-05,175.90497,64.0,0.0
2026-09-28T21:41:51Z,2027-06-25,270,65000.0,C,0.2845,0.287,0.2865,86664.49,83371.53,0.4157,0.83745,1e-05,183.04182,9.1,0.0
2026-09-28T21:41:51Z,2027-06-25,270,65000.0,P,0.0355,0.0375,0.0365,86664.49,83371.53,0.4157,-0.16255,1e-05,183.04182,45.3,0.5
2026-09-28T21:41:51Z,2027-06-25,270,66000.0,C,0.275,0.278,0.2774,86663.9,83371.53,0.4128,0.82774,1e-05,190.01741,25.6,0.1
2026-09-28T21:41:51Z,2027-06-25,270,66000.0,P,0.038,0.0395,0.039,86663.9,83371.53,0.4128,-0.17226,1e-05,190.01741,66.7,0.1
2026-09-28T21:41:51Z,2027-06-25,270,68000.0,C,0.2585,0.261,0.2601,86663.9,83371.53,0.4086,0.80685,1e-05,204.10281,14.7,0.0
2026-09-28T21:41:51Z,2027-06-25,270,68000.0,P,0.044,0.0455,0.0447,86663.9,83371.53,0.4086,-0.19315,1e-05,204.10281,19.8,0.0
2026-09-28T21:41:51Z,2027-06-25,270,70000.0,C,0.2415,0.244,0.2434,86664.49,83371.53,0.4047,0.78467,1e-05,217.75321,203.6,0.1
2026-09-28T21:41:51Z,2027-06-25,270,70000.0,P,0.0505,0.052,0.0511,86663.9,83371.53,0.4047,-0.21533,1e-05,217.75508,148.1,0.4
2026-09-28T21:41:51Z,2027-06-25,270,72000.0,C,0.2255,0.228,0.2274,86664.49,83371.53,0.40159999999999996,0.76109,1e-05,230.89597,87.2,0.0
2026-09-28T21:41:51Z,2027-06-25,270,72000.0,P,0.057,0.059,0.0582,86663.9,83371.53,0.40159999999999996,-0.23891,1e-05,230.89764,54.0,0.0
2026-09-28T21:41:51Z,2027-06-25,270,74000.0,C,0.2105,0.213,0.2121,86663.9,83371.53,0.3986,0.73648,1e-05,243.19064,23.4,0.2
2026-09-28T21:41:51Z,2027-06-25,270,74000.0,P,0.065,0.067,0.066,86664.57,83371.53,0.3986,-0.26352,1e-05,243.18907,25.3,0.0
2026-09-28T21:41:51Z,2027-06-25,270,76000.0,C,0.1955,0.198,0.1976,86664.57,83371.53,0.39640000000000003,0.71085,1e-05,254.52547,73.2,0.0
2026-09-28T21:41:51Z,2027-06-25,270,76000.0,P,0.0735,0.0755,0.0746,86663.9,83371.53,0.39640000000000003,-0.28916,1e-05,254.52671,73.6,0.5
2026-09-28T21:41:51Z,2027-06-25,270,78000.0,C,0.182,0.1845,0.1838,86664.57,83371.53,0.3943,0.6845,1e-05,264.68462,104.4,0.4
2026-09-28T21:41:51Z,2027-06-25,270,78000.0,P,0.083,0.085,0.0839,86663.9,83371.53,0.3943,-0.31551,1e-05,264.68547,106.5,0.2
2026-09-28T21:41:51Z,2027-06-25,270,80000.0,C,0.169,0.1715,0.1708,86664.57,83371.53,0.3926,0.65759,1e-05,273.56041,169.8,0.2
2026-09-28T21:41:51Z,2027-06-25,270,80000.0,P,0.093,0.095,0.0939,86664.57,83371.53,0.3926,-0.34241,1e-05,273.56041,55.3,1.1
2026-09-28T21:41:51Z,2027-06-25,270,82000.0,C,0.157,0.159,0.1583,86664.57,83371.53,0.3906,0.6303,1e-05,281.05891,70.8,0.0
2026-09-28T21:41:51Z,2027-06-25,270,82000.0,P,0.1035,0.106,0.1045,86663.9,83371.53,0.3906,-0.36971,1e-05,281.05889,25.9,0.1
2026-09-28T21:41:51Z,2027-06-25,270,84000.0,C,0.1455,0.1475,0.1467,86664.57,83371.53,0.3892,0.60279,1e-05,287.13236,29.3,0.0
2026-09-28T21:41:51Z,2027-06-25,270,84000.0,P,0.1155,0.1175,0.1159,86663.9,83371.53,0.3892,-0.39722,1e-05,287.13187,19.4,0.0
2026-09-28T21:41:51Z,2027-06-25,270,85000.0,C,0.1405,0.142,0.1412,86664.57,83371.53,0.3889,0.58906,1e-05,289.61607,163.6,0.1
2026-09-28T21:41:51Z,2027-06-25,270,85000.0,P,0.1215,0.1235,0.122,86664.57,83371.53,0.3889,-0.41094,1e-05,289.61607,16.5,0.0
2026-09-28T21:41:51Z,2027-06-25,270,86000.0,C,0.135,0.1365,0.136,86664.57,83371.53,0.3889,0.57538,1e-05,291.72967,45.6,0.6
2026-09-28T21:41:51Z,2027-06-25,270,86000.0,P,0.1275,0.13,0.1284,86664.57,83371.53,0.3889,-0.42462,1e-05,291.72967,2.9,0.1
2026-09-28T21:41:51Z,2027-06-25,270,88000.0,C,0.125,0.1265,0.1259,86663.9,83371.53,0.3881,0.54809,1e-05,294.88539,32.4,0.0
2026-09-28T21:41:51Z,2027-06-25,270,88000.0,P,0.1405,0.143,0.1413,86663.9,83371.53,0.3881,-0.45191,1e-05,294.88539,10.0,0.0
2026-09-28T21:41:51Z,2027-06-25,270,90000.0,C,0.1155,0.117,0.1165,86664.55,83371.53,0.38780000000000003,0.52123,1e-05,296.62741,769.1,0.6
2026-09-28T21:41:51Z,2027-06-25,270,90000.0,P,0.1545,0.1565,0.155,86664.57,83371.53,0.38780000000000003,-0.47877,1e-05,296.62745,86.7,0.0
2026-09-28T21:41:51Z,2027-06-25,270,92000.0,C,0.107,0.1085,0.1077,86663.9,83371.53,0.3875,0.4948,1e-05,297.02072,19.4,0.1
2026-09-28T21:41:51Z,2027-06-25,270,92000.0,P,0.1685,0.171,0.1692,86664.57,83371.53,0.3875,-0.50519,1e-05,297.02311,0.3,0.0
2026-09-28T21:41:51Z,2027-06-25,270,94000.0,C,0.0985,0.1005,0.0995,86664.57,83371.53,0.3876,0.46911,1e-05,296.15742,29.7,0.1
2026-09-28T21:41:51Z,2027-06-25,270,94000.0,P,0.1835,0.186,0.1842,86664.57,83371.53,0.3876,-0.53089,1e-05,296.15742,0.1,0.0
2026-09-28T21:41:51Z,2027-06-25,270,95000.0,C,0.095,0.0965,0.0957,86663.9,83371.53,0.3875,0.45644,1e-05,295.27344,57.4,0.0
2026-09-28T21:41:51Z,2027-06-25,270,95000.0,P,0.191,0.194,0.1918,86663.9,83371.53,0.3875,-0.54356,1e-05,295.27344,40.2,0.0
2026-09-28T21:41:51Z,2027-06-25,270,96000.0,C,0.091,0.0925,0.0919,86664.57,83371.53,0.3875,0.44401,1e-05,294.11769,151.5,0.0
2026-09-28T21:41:51Z,2027-06-25,270,96000.0,P,0.1985,0.2015,0.1997,86663.9,83371.53,0.3875,-0.556,1e-05,294.11446,0.1,0.0
2026-09-28T21:41:51Z,2027-06-25,270,98000.0,C,0.084,0.086,0.085,86663.9,83371.53,0.38789999999999997,0.41987,1e-05,291.03361,118.4,0.0
2026-09-28T21:41:51Z,2027-06-25,270,98000.0,P,0.2145,0.218,0.2158,86664.57,83371.53,0.38789999999999997,-0.58012,1e-05,291.03722,0.1,0.0
2026-09-28T21:41:51Z,2027-06-25,270,100000.0,C,0.078,0.0795,0.0786,86663.9,83371.53,0.3885,0.39668,1e-05,287.02672,202.0,0.0
2026-09-28T21:41:51Z,2027-06-25,270,100000.0,P,0.231,0.2355,0.2325,86663.9,83371.53,0.3885,-0.60332,1e-05,287.02672,2.3,0.0
2026-09-28T21:41:51Z,2027-06-25,270,102000.0,C,0.072,0.0735,0.0727,86663.9,83371.53,0.38939999999999997,0.37457,1e-05,282.24008,53.1,0.0
2026-09-28T21:41:51Z,2027-06-25,270,102000.0,P,0.248,0.253,0.2497,86663.9,83371.53,0.38939999999999997,-0.62543,1e-05,282.24008,0.0,0.0
2026-09-28T21:41:51Z,2027-06-25,270,104000.0,C,0.0665,0.0685,0.0673,86664.57,83371.53,0.39030000000000004,0.35342,1e-05,276.7638,185.9,0.0
2026-09-28T21:41:51Z,2027-06-25,270,104000.0,P,0.2655,0.2705,0.2674,86664.57,83371.53,0.39030000000000004,-0.64658,1e-05,276.7638,0.0,0.0
2026-09-28T21:41:51Z,2027-06-25,270,105000.0,C,0.0635,0.0655,0.0646,86664.16,83371.53,0.39039999999999997,0.3429,1e-05,273.70594,163.5,0.0
2026-09-28T21:41:51Z,2027-06-25,270,105000.0,P,0.275,0.28,0.2762,86664.16,83371.53,0.39039999999999997,-0.6571,1e-05,273.70594,2.1,0.0
2026-09-28T21:41:51Z,2027-06-25,270,106000.0,C,0.0615,0.0635,0.0623,86664.55,83371.53,0.3912,0.33321,1e-05,270.69209,18.7,0.0
2026-09-28T21:41:51Z,2027-06-25,270,106000.0,P,0.284,0.2885,0.2854,86664.55,83371.53,0.3912,-0.66679,1e-05,270.69209,0.0,0.0
2026-09-28T21:41:51Z,2027-06-25,270,108000.0,C,0.0565,0.058,0.0575,86664.16,83371.53,0.39149999999999996,0.31344,1e-05,263.94433,35.2,0.0
2026-09-28T21:41:51Z,2027-06-25,270,108000.0,P,0.3015,0.3075,0.3037,86664.16,83371.53,0.39149999999999996,-0.68656,1e-05,263.94433,0.2,0.0
2026-09-28T21:41:51Z,2027-06-25,270,110000.0,C,0.0525,0.054,0.0533,86664.55,83371.53,0.39289999999999997,0.29548,1e-05,257.10084,293.3,0.2
2026-09-28T21:41:51Z,2027-06-25,270,110000.0,P,0.3205,0.3265,0.3226,86664.16,83371.53,0.39289999999999997,-0.70453,1e-05,257.09784,5.3,0.0
2026-09-28T21:41:51Z,2027-06-25,270,112000.0,C,0.0485,0.05,0.0493,86664.55,83371.53,0.3937,0.27791,1e-05,249.73443,0.0,0.0
2026-09-28T21:41:51Z,2027-06-25,270,112000.0,P,0.3395,0.346,0.3417,86664.16,83371.53,0.3937,-0.72209,1e-05,249.73135,0.0,0.0
2026-09-28T21:41:51Z,2027-06-25,270,114000.0,C,0.045,0.047,0.0459,86664.16,83371.53,0.39549999999999996,0.26208,1e-05,242.5113,6.0,0.0
2026-09-28T21:41:51Z,2027-06-25,270,114000.0,P,0.359,0.3655,0.3613,86664.16,83371.53,0.39549999999999996,-0.73792,1e-05,242.5113,0.0,0.0
2026-09-28T21:41:51Z,2027-06-25,270,115000.0,C,0.0435,0.045,0.0442,86664.55,83371.53,0.3962,0.2544,1e-05,238.79807,149.9,0.0
2026-09-28T21:41:51Z,2027-06-25,270,115000.0,P,0.3685,0.3755,0.3712,86664.16,83371.53,0.3962,-0.74561,1e-05,238.79491,1.0,0.0
2026-09-28T21:41:51Z,2027-06-25,270,116000.0,C,0.042,0.043,0.0426,86664.16,83371.53,0.3969,0.24681,1e-05,234.99754,0.0,0.0
2026-09-28T21:41:51Z,2027-06-25,270,116000.0,P,0.3785,0.3855,0.3811,86664.16,83371.53,0.3969,-0.75319,1e-05,234.99754,0.0,0.0
2026-09-28T21:41:51Z,2027-06-25,270,120000.0,C,0.036,0.038,0.0369,86664.55,83371.53,0.4,0.21916,1e-05,219.98545,352.3,0.6
2026-09-28T21:41:51Z,2027-06-25,270,120000.0,P,0.4195,0.426,0.4216,86664.55,83371.53,0.4,-0.78084,1e-05,219.98545,0.9,0.0
2026-09-28T21:41:51Z,2027-06-25,270,125000.0,C,0.0305,0.032,0.0311,86664.55,83371.53,0.405,0.18976,1e-05,201.90028,640.0,0.0
2026-09-28T21:41:51Z,2027-06-25,270,125000.0,P,0.471,0.478,0.4735,86664.16,83371.53,0.405,-0.81024,1e-05,201.89708,0.0,0.0
2026-09-28T21:41:51Z,2027-06-25,270,130000.0,C,0.0255,0.0275,0.0263,86664.16,83371.53,0.4094,0.16432,1e-05,184.33361,772.7,0.1
2026-09-28T21:41:51Z,2027-06-25,270,130000.0,P,0.5235,0.531,0.5264,86664.16,83371.53,0.4094,-0.83568,1e-05,184.33361,3.9,0.0
2026-09-28T21:41:51Z,2027-06-25,270,135000.0,C,0.022,0.023,0.0225,86664.03,83371.53,0.4144,0.143,1e-05,168.1216,0.5,0.0
2026-09-28T21:41:51Z,2027-06-25,270,135000.0,P,0.577,0.585,0.5802,86664.03,83371.53,0.4144,-0.857,1e-05,168.1216,0.0,0.0
2026-09-28T21:41:51Z,2027-06-25,270,140000.0,C,0.0185,0.02,0.0192,86664.03,83371.53,0.41869999999999996,0.12436,1e-05,152.72877,378.4,12.0
2026-09-28T21:41:51Z,2027-06-25,270,140000.0,P,0.631,0.64,0.6346,86664.03,83371.53,0.41869999999999996,-0.87564,1e-05,152.72877,3.4,0.0
2026-09-28T21:41:51Z,2027-06-25,270,150000.0,C,0.014,0.015,0.0146,86664.03,83371.53,0.4302,0.0969,1e-05,127.69061,219.3,4.0
2026-09-28T21:41:51Z,2027-06-25,270,150000.0,P,0.742,0.751,0.7454,86664.16,83371.53,0.4302,-0.9031,1e-05,127.69148,1.1,0.0
2026-09-28T21:41:51Z,2027-06-25,270,160000.0,C,0.0105,0.012,0.0112,86664.03,83371.53,0.43979999999999997,0.07584,0.0,106.29945,698.4,0.1
2026-09-28T21:41:51Z,2027-06-25,270,160000.0,P,0.854,0.8635,0.8574,86664.03,83371.53,0.43979999999999997,-0.92416,0.0,106.29945,0.2,0.0
2026-09-28T21:41:51Z,2027-06-25,270,170000.0,C,0.008,0.0095,0.0087,86664.03,83371.53,0.4495,0.06038,0.0,89.13651,153.0,0.0
2026-09-28T21:41:51Z,2027-06-25,270,170000.0,P,0.9665,0.977,0.9703,86664.03,83371.53,0.4495,-0.93962,0.0,89.13651,14.7,0.0
2026-09-28T21:41:51Z,2027-06-25,270,180000.0,C,0.0065,0.008,0.0072,86664.16,83371.53,0.4611,0.04978,0.0,76.52709,66.7,0.0
2026-09-28T21:41:51Z,2027-06-25,270,180000.0,P,1.0675,1.097,1.0841,86664.03,83371.53,0.4611,-0.95022,0.0,76.52649,0.0,0.0
2026-09-28T21:41:51Z,2027-06-25,270,190000.0,C,0.0055,0.007,0.0061,86664.16,83371.53,0.47409999999999997,0.04238,0.0,67.24327,67.0,0.0
2026-09-28T21:41:51Z,2027-06-25,270,190000.0,P,1.1805,1.2115,1.1985,86664.03,83371.53,0.47409999999999997,-0.95762,0.0,67.24274,0.6,0.0
2026-09-28T21:41:51Z,2027-06-25,270,200000.0,C,0.0046,0.006,0.0052,86664.03,83371.53,0.48460000000000003,0.03589,0.0,58.7269,184.1,40.0
2026-09-28T21:41:51Z,2027-06-25,270,200000.0,P,1.294,1.3285,1.3129,86664.16,83371.53,0.48460000000000003,-0.96411,0.0,58.72737,2.1,0.0
2026-09-28T21:41:51Z,2027-09-24,361,50000.0,C,0.445,0.4495,0.4477,87783.12,83371.53,0.456,0.92905,0.0,118.34657,1.5,0.0
2026-09-28T21:41:51Z,2027-09-24,361,50000.0,P,0.0165,0.018,0.0173,87783.02,83371.53,0.456,-0.07095,0.0,118.34687,33.6,8.2
2026-09-28T21:41:51Z,2027-09-24,361,60000.0,C,0.348,0.3525,0.3509,87783.02,83371.53,0.42460000000000003,0.86709,1e-05,187.37127,0.0,0.0
2026-09-28T21:41:51Z,2027-09-24,361,60000.0,P,0.0335,0.0355,0.0344,87783.02,83371.53,0.42460000000000003,-0.13291,1e-05,187.37127,17.7,0.8
2026-09-28T21:41:51Z,2027-09-24,361,65000.0,C,0.305,0.3085,0.3068,87783.02,83371.53,0.4132,0.82566,1e-05,224.32035,0.5,0.0
2026-09-28T21:41:51Z,2027-09-24,361,65000.0,P,0.046,0.048,0.0472,87783.12,83371.53,0.4132,-0.17434,1e-05,224.32003,2.0,0.4
2026-09-28T21:41:51Z,2027-09-24,361,70000.0,C,0.2645,0.2685,0.2664,87783.12,83371.53,0.4052,0.77742,1e-05,260.01692,3.4,0.7
2026-09-28T21:41:51Z,2027-09-24,361,70000.0,P,0.0625,0.065,0.0638,87783.12,83371.53,0.4052,-0.22258,1e-05,260.01692,3.1,0.4
2026-09-28T21:41:51Z,2027-09-24,361,72000.0,C,0.2495,0.253,0.2515,87783.12,83371.53,0.40340000000000004,0.75642,1e-05,273.36616,0.0,0.0
2026-09-28T21:41:51Z,2027-09-24,361,72000.0,P,0.0705,0.073,0.0717,87783.12,83371.53,0.40340000000000004,-0.24358,1e-05,273.36616,1.0,0.0
2026-09-28T21:41:51Z,2027-09-24,361,74000.0,C,0.235,0.2385,0.2369,87783.12,83371.53,0.4008,0.735,1e-05,285.72187,1.4,0.0
2026-09-28T21:41:51Z,2027-09-24,361,74000.0,P,0.0785,0.081,0.0799,87783.12,83371.53,0.4008,-0.265,1e-05,285.72187,0.0,0.0
2026-09-28T21:41:51Z,2027-09-24,361,76000.0,C,0.2215,0.225,0.2232,87783.12,83371.53,0.3992,0.71284,1e-05,297.21806,7.4,0.1
2026-09-28T21:41:51Z,2027-09-24,361,76000.0,P,0.0875,0.09,0.089,87783.12,83371.53,0.3992,-0.28716,1e-05,297.21806,0.5,0.0
2026-09-28T21:41:51Z,2027-09-24,361,78000.0,C,0.2085,0.212,0.2102,87783.12,83371.53,0.3981,0.69023,1e-05,307.64933,11.8,0.2
2026-09-28T21:41:51Z,2027-09-24,361,78000.0,P,0.0975,0.1,0.0988,87783.12,83371.53,0.3981,-0.30977,1e-05,307.64933,0.0,0.0
2026-09-28T21:41:51Z,2027-09-24,361,80000.0,C,0.196,0.1995,0.1977,87783.12,83371.53,0.39659999999999995,0.66736,1e-05,316.91373,11.7,0.2
2026-09-28T21:41:51Z,2027-09-24,361,80000.0,P,0.1075,0.1105,0.109,87783.12,83371.53,0.39659999999999995,-0.33264,1e-05,316.91373,0.2,0.2
2026-09-28T21:41:51Z,2027-09-24,361,82000.0,C,0.184,0.1875,0.1859,87783.12,83371.53,0.3956,0.64428,1e-05,324.99003,0.2,0.2
2026-09-28T21:41:51Z,2027-09-24,361,82000.0,P,0.1185,0.1215,0.12,87783.23,83371.53,0.3956,-0.35572,1e-05,324.99005,0.5,0.2
2026-09-28T21:41:51Z,2027-09-24,361,84000.0,C,0.173,0.176,0.1747,87783.12,83371.53,0.3948,0.62113,1e-05,331.83724,1.5,0.0
2026-09-28T21:41:51Z,2027-09-24,361,84000.0,P,0.13,0.133,0.1316,87783.23,83371.53,0.3948,-0.37887,1e-05,331.83735,0.9,0.0
2026-09-28T21:41:51Z,2027-09-24,361,86000.0,C,0.1625,0.1655,0.164,87783.12,83371.53,0.39409999999999995,0.59802,1e-05,337.44623,0.0,0.0
2026-09-28T21:41:51Z,2027-09-24,361,86000.0,P,0.142,0.145,0.1437,87783.12,83371.53,0.39409999999999995,-0.40198,1e-05,337.44623,0.7,0.0
2026-09-28T21:41:51Z,2027-09-24,361,88000.0,C,0.1525,0.1555,0.154,87783.12,83371.53,0.3937,0.57506,1e-05,341.82542,11.0,1.6
2026-09-28T21:41:51Z,2027-09-24,361,88000.0,P,0.155,0.158,0.1565,87783.12,83371.53,0.3937,-0.42494,1e-05,341.82542,0.9,0.0
2026-09-28T21:41:51Z,2027-09-24,361,90000.0,C,0.143,0.146,0.1445,87783.02,83371.53,0.3931,0.5523,1e-05,345.00874,8.4,1.0
2026-09-28T21:41:51Z,2027-09-24,361,90000.0,P,0.168,0.1715,0.1698,87783.12,83371.53,0.3931,-0.4477,1e-05,345.009,1.0,1.0
2026-09-28T21:41:51Z,2027-09-24,361,92000.0,C,0.134,0.137,0.1355,87783.12,83371.53,0.39270000000000005,0.52986,1e-05,347.02883,1.0,1.0
2026-09-28T21:41:51Z,2027-09-24,361,92000.0,P,0.181,0.1855,0.1836,87783.12,83371.53,0.39270000000000005,-0.47014,1e-05,347.02883,0.0,0.0
2026-09-28T21:41:51Z,2027-09-24,361,94000.0,C,0.1255,0.1285,0.127,87783.12,83371.53,0.3923,0.50775,1e-05,347.93834,1.1,1.0
2026-09-28T21:41:51Z,2027-09-24,361,94000.0,P,0.1955,0.2,0.1979,87783.12,83371.53,0.3923,-0.49225,1e-05,347.93834,0.0,0.0
2026-09-28T21:41:51Z,2027-09-24,361,96000.0,C,0.1175,0.1205,0.1192,87783.12,83371.53,0.3924,0.48625,1e-05,347.79726,0.2,0.1
2026-09-28T21:41:51Z,2027-09-24,361,96000.0,P,0.21,0.215,0.2128,87783.02,83371.53,0.3924,-0.51375,1e-05,347.79683,0.0,0.0
2026-09-28T21:41:51Z,2027-09-24,361,98000.0,C,0.1105,0.113,0.1118,87783.12,83371.53,0.3925,0.46521,1e-05,346.68021,0.3,0.0
2026-09-28T21:41:51Z,2027-09-24,361,98000.0,P,0.2255,0.2305,0.2282,87783.23,83371.53,0.3925,-0.53478,1e-05,346.68073,0.0,0.0
2026-09-28T21:41:51Z,2027-09-24,361,100000.0,C,0.1035,0.106,0.1048,87783.12,83371.53,0.3925,0.4447,1e-05,344.65577,0.9,0.1
2026-09-28T21:41:51Z,2027-09-24,361,100000.0,P,0.241,0.2465,0.244,87783.12,83371.53,0.3925,-0.5553,1e-05,344.65577,0.0,0.0
2026-09-28T21:41:51Z,2027-09-24,361,102000.0,C,0.097,0.1,0.0984,87783.02,83371.53,0.39299999999999996,0.42499,1e-05,341.83314,2.1,0.0
2026-09-28T21:41:51Z,2027-09-24,361,102000.0,P,0.2575,0.263,0.2603,87783.02,83371.53,0.39299999999999996,-0.57501,1e-05,341.83314,0.0,0.0
2026-09-28T21:41:51Z,2027-09-24,361,104000.0,C,0.091,0.0935,0.0922,87783.02,83371.53,0.3931,0.40569,1e-05,338.23375,5.1,0.0
2026-09-28T21:41:51Z,2027-09-24,361,104000.0,P,0.274,0.283,0.277,87783.02,83371.53,0.3931,-0.59431,1e-05,338.23375,0.0,0.0
2026-09-28T21:41:51Z,2027-09-24,361,106000.0,C,0.085,0.088,0.0866,87783.12,83371.53,0.3937,0.38731,1e-05,334.02737,0.1,0.0
2026-09-28T21:41:51Z,2027-09-24,361,106000.0,P,0.2895,0.3,0.2941,87783.12,83371.53,0.3937,-0.61269,1e-05,334.02737,0.0,0.0
2026-09-28T21:41:51Z,2027-09-24,361,108000.0,C,0.08,0.0825,0.0812,87783.02,83371.53,0.39399999999999996,0.36935,1e-05,329.17124,0.0,0.0
2026-09-28T21:41:51Z,2027-09-24,361,108000.0,P,0.3085,0.318,0.3115,87783.12,83371.53,0.39399999999999996,-0.63065,1e-05,329.17193,0.0,0.0
2026-09-28T21:41:51Z,2027-09-24,361,110000.0,C,0.075,0.0775,0.0763,87783.12,83371.53,0.3947,0.35229,1e-05,323.87001,0.2,0.0
2026-09-28T21:41:51Z,2027-09-24,361,110000.0,P,0.3215,0.336,0.3294,87783.12,83371.53,0.3947,-0.64771,1e-05,323.87001,0.0,0.0
2026-09-28T21:41:51Z,2027-09-24,361,112000.0,C,0.0705,0.073,0.0717,87783.12,83371.53,0.3954,0.33597,1e-05,318.15546,0.0,0.0
2026-09-28T21:41:51Z,2027-09-24,361,112000.0,P,0.3395,0.3545,0.3476,87783.02,83371.53,0.3954,-0.66403,1e-05,318.1547,0.0,0.0
2026-09-28T21:41:51Z,2027-09-24,361,114000.0,C,0.0665,0.069,0.0677,87783.12,83371.53,0.3969,0.32085,1e-05,312.29443,0.0,0.0
2026-09-28T21:41:51Z,2027-09-24,361,114000.0,P,0.358,0.373,0.3663,87783.12,83371.53,0.3969,-0.67915,1e-05,312.29443,0.0,0.0
2026-09-28T21:41:51Z,2027-09-24,361,116000.0,C,0.0625,0.065,0.0637,87783.45,83371.53,0.3978,0.30593,1e-05,305.96956,0.1,0.1
2026-09-28T21:41:51Z,2027-09-24,361,116000.0,P,0.379,0.392,0.3851,87783.4,83371.53,0.3978,-0.69407,1e-05,305.96916,0.0,0.0
2026-09-28T21:41:51Z,2027-09-24,361,118000.0,C,0.0585,0.061,0.0598,87783.4,83371.53,0.3982,0.29126,1e-05,299.20612,0.1,0.0
2026-09-28T21:41:51Z,2027-09-24,361,118000.0,P,0.398,0.411,0.404,87783.4,83371.53,0.3982,-0.70874,1e-05,299.20612,0.0,0.0
2026-09-28T21:41:51Z,2027-09-24,361,120000.0,C,0.055,0.0575,0.0564,87783.4,83371.53,0.3995,0.27792,1e-05,292.58177,4.3,2.4
2026-09-28T21:41:51Z,2027-09-24,361,120000.0,P,0.419,0.4305,0.4234,87783.4,83371.53,0.3995,-0.72208,1e-05,292.58177,0.1,0.0
2026-09-28T21:41:51Z,2027-09-24,361,125000.0,C,0.0475,0.05,0.0487,87783.45,83371.53,0.40240000000000004,0.24697,1e-05,275.40684,3.1,1.0
2026-09-28T21:41:51Z,2027-09-24,361,125000.0,P,0.468,0.48,0.4727,87783.4,83371.53,0.40240000000000004,-0.75303,1e-05,275.40641,0.0,0.0
2026-09-28T21:41:51Z,2027-09-24,361,130000.0,C,0.0415,0.0435,0.0424,87783.45,83371.53,0.4058,0.22003,1e-05,258.31006,43.3,0.5
2026-09-28T21:41:51Z,2027-09-24,361,130000.0,P,0.512,0.531,0.5234,87783.4,83371.53,0.4058,-0.77997,1e-05,258.30964,4.0,0.0
2026-09-28T21:41:51Z,2027-09-24,361,135000.0,C,0.036,0.038,0.0369,87783.45,83371.53,0.40880000000000005,0.19589,1e-05,241.17256,100.0,0.0
2026-09-28T21:41:51Z,2027-09-24,361,135000.0,P,0.5635,0.582,0.5748,87783.4,83371.53,0.40880000000000005,-0.80411,1e-05,241.17214,0.0,0.0
2026-09-28T21:41:51Z,2027-09-24,361,140000.0,C,0.0315,0.0335,0.0324,87783.45,83371.53,0.4125,0.1752,1e-05,225.02457,6.4,0.0
2026-09-28T21:41:51Z,2027-09-24,361,140000.0,P,0.619,0.635,0.6273,87783.45,83371.53,0.4125,-0.8248,1e-05,225.02457,0.0,0.0
2026-09-28T21:41:51Z,2027-09-24,361,150000.0,C,0.0245,0.0265,0.0254,87783.4,83371.53,0.4203,0.1414,1e-05,195.47096,23.6,0.0
2026-09-28T21:41:51Z,2027-09-24,361,150000.0,P,0.721,0.7425,0.7341,87783.4,83371.53,0.4203,-0.8586,1e-05,195.47096,0.0,0.0
2026-09-28T21:41:51Z,2027-09-24,361,160000.0,C,0.0195,0.021,0.0202,87783.4,83371.53,0.42810000000000004,0.11536,1e-05,169.6931,0.0,0.0
2026-09-28T21:41:51Z,2027-09-24,361,160000.0,P,0.8295,0.8515,0.8429,87783.4,83371.53,0.42810000000000004,-0.88464,1e-05,169.6931,0.0,0.0
2026-09-28T21:41:51Z,2027-09-24,361,170000.0,C,0.0155,0.0175,0.0164,87783.4,83371.53,0.4359,0.09523,0.0,147.6987,0.7,0.1
2026-09-28T21:41:51Z,2027-09-24,361,170000.0,P,0.9465,0.963,0.953,87783.4,83371.53,0.4359,-0.90477,0.0,147.6987,4.3,0.0
2026-09-28T21:41:51Z,2027-09-24,361,180000.0,C,0.0125,0.014,0.0132,87783.49,83371.53,0.442,0.07847,0.0,127.79702,5.6,0.0
2026-09-28T21:41:51Z,2027-09-24,361,180000.0,P,1.046,1.0835,1.0637,87783.49,83371.53,0.442,-0.92153,0.0,127.79702,0.1,0.1
2026-09-28T21:41:51Z,2027-09-24,361,190000.0,C,0.0105,0.012,0.0112,87783.49,83371.53,0.4511,0.06702,0.0,113.25772,0.9,0.0
2026-09-28T21:41:51Z,2027-09-24,361,190000.0,P,1.156,1.197,1.1756,87783.49,83371.53,0.4511,-0.93298,0.0,113.25772,0.0,0.0
2026-09-28T21:41:51Z,2027-09-24,361,200000.0,C,0.009,0.01,0.0095,87783.49,83371.53,0.45880000000000004,0.05728,0.0,100.20005,25.9,15.0
2026-09-28T21:41:51Z,2027-09-24,361,200000.0,P,1.267,1.3045,1.2878,87783.49,83371.53,0.45880000000000004,-0.94272,0.0,100.20005,0.0,0.0
2026-09-28T21:41:51Z,2027-09-24,361,210000.0,C,0.0075,0.009,0.0082,87783.4,83371.53,0.4673,0.04986,0.0,89.76687,17.2,1.5
2026-09-28T21:41:51Z,2027-09-24,361,210000.0,P,1.379,1.424,1.4005,87783.49,83371.53,0.4673,-0.95014,0.0,89.76729,0.0,0.0
2026-09-28T21:41:51Z,2027-09-24,361,220000.0,C,0.0065,0.008,0.0072,87783.4,83371.53,0.4757,0.04391,0.0,81.0659,13.2,0.0
2026-09-28T21:41:51Z,2027-09-24,361,220000.0,P,1.49,1.5355,1.5134,87783.49,83371.53,0.4757,-0.95609,0.0,81.06629,0.0,0.0
