snapshot_ts,expiry,days_to_expiry,strike,option_type,bid,ask,mark_price,forward_price,index_price,implied_vol,delta,gamma,vega,open_interest,volume_24h
2026-08-26T16:50:04Z,2026-08-27,1,67000.0,C,0.14,0.145,0.1419,78079.76,78084.65,0.9737,0.99993,0.0,0.00957,0.0,0.0
2026-08-26T16:50:04Z,2026-08-27,1,67000.0,P,0.0,0.0001,0.0,78079.76,78084.65,0.9737,-7e-05,0.0,0.00957,10.7,0.0
2026-08-26T16:50:04Z,2026-08-27,1,68000.0,C,0.1265,0.1325,0.1291,78079.71,78084.65,0.9714,0.99971,0.0,0.03491,0.0,0.0
2026-08-26T16:50:04Z,2026-08-27,1,68000.0,P,0.0,0.0001,0.0,78079.76,78084.65,0.9714,-0.00029,0.0,0.0349,52.0,0.0
2026-08-26T16:50:04Z,2026-08-27,1,69000.0,C,0.1145,0.1195,0.1163,78079.76,78084.65,0.9465,0.99921,0.0,0.08835,0.0,0.0
2026-08-26T16:50:04Z,2026-08-27,1,69000.0,P,0.0,0.0001,0.0,78079.76,78084.65,0.9465,-0.00079,0.0,0.08835,83.7,25.0
2026-08-26T16:50:04Z,2026-08-27,1,70000.0,C,0.1015,0.107,0.1035,78079.71,78084.65,0.8581,0.99896,0.0,0.11387,0.0,0.0
2026-08-26T16:50:04Z,2026-08-27,1,70000.0,P,0.0,0.0001,0.0,78079.76,78084.65,0.8581,-0.00104,0.0,0.11386,95.7,0.1
2026-08-26T16:50:04Z,2026-08-27,1,71000.0,C,0.088,0.094,0.0907,78079.76,78084.65,0.7762,0.99846,0.0,0.1627,0.0,0.0
2026-08-26T16:50:04Z,2026-08-27,1,71000.0,P,0.0,0.0001,0.0,78079.76,78084.65,0.7762,-0.00154,0.0,0.1627,89.1,1.1
2026-08-26T16:50:04Z,2026-08-27,1,72000.0,C,0.076,0.081,0.0779,78079.76,78084.65,0.7178,0.99682,0.0,0.31288,0.0,0.0
2026-08-26T16:50:04Z,2026-08-27,1,72000.0,P,0.0,0.0001,0.0,78079.76,78084.65,0.7178,-0.00318,0.0,0.31288,70.5,27.5
2026-08-26T16:50:04Z,2026-08-27,1,73000.0,C,0.063,0.0685,0.0651,78079.76,78084.65,0.667,0.99261,1e-05,0.66418,0.0,0.0
2026-08-26T16:50:04Z,2026-08-27,1,73000.0,P,0.0,0.0001,0.0001,78079.76,78084.65,0.667,-0.00739,1e-05,0.66418,23.7,9.1
2026-08-26T16:50:04Z,2026-08-27,1,73500.0,C,0.0565,0.062,0.0587,78079.76,78084.65,0.6114999999999999,0.99154,1e-05,0.7483,0.8,0.0
2026-08-26T16:50:04Z,2026-08-27,1,73500.0,P,0.0,0.0002,0.0001,78079.76,78084.65,0.6114999999999999,-0.00846,1e-05,0.7483,14.9,1.2
2026-08-26T16:50:04Z,2026-08-27,1,74000.0,C,0.0495,0.056,0.0523,78079.76,78084.65,0.5529999999999999,0.99046,1e-05,0.83122,0.0,0.0
2026-08-26T16:50:04Z,2026-08-27,1,74000.0,P,0.0,0.0002,0.0001,78079.76,78084.65,0.5529999999999999,-0.00954,1e-05,0.83122,83.8,13.9
2026-08-26T16:50:04Z,2026-08-27,1,74500.0,C,0.044,0.0495,0.0459,78079.76,78084.65,0.5051,0.98757,2e-05,1.04596,0.0,0.0
2026-08-26T16:50:04Z,2026-08-27,1,74500.0,P,0.0,0.0003,0.0001,78079.76,78084.65,0.5051,-0.01243,2e-05,1.04596,17.6,16.3
2026-08-26T16:50:04Z,2026-08-27,1,75000.0,C,0.0375,0.043,0.0395,78079.76,78084.65,0.44229999999999997,0.98594,2e-05,1.16344,0.0,0.0
2026-08-26T16:50:04Z,2026-08-27,1,75000.0,P,0.0,0.0001,0.0001,78079.76,78084.65,0.44229999999999997,-0.01406,2e-05,1.16344,49.2,20.2
2026-08-26T16:50:04Z,2026-08-27,1,75500.0,C,0.031,0.0365,0.0332,78079.76,78084.65,0.4117,0.97557,4e-05,1.86225,0.0,0.0
2026-08-26T16:50:04Z,2026-08-27,1,75500.0,P,0.0001,0.0003,0.0002,78079.76,78084.65,0.4117,-0.02443,4e-05,1.86225,22.2,12.2
2026-08-26T16:50:04Z,2026-08-27,1,76000.0,C,0.025,0.0305,0.0269,78079.76,78084.65,0.3822,0.95598,8e-05,3.02556,0.8,0.0
2026-08-26T16:50:04Z,2026-08-27,1,76000.0,P,0.0002,0.0005,0.0003,78079.76,78084.65,0.3822,-0.04402,8e-05,3.02556,110.7,40.9
2026-08-26T16:50:04Z,2026-08-27,1,76500.0,C,0.0185,0.024,0.0208,78079.76,78084.65,0.3555,0.91759,0.00013,4.93937,0.0,0.0
2026-08-26T16:50:04Z,2026-08-27,1,76500.0,P,0.0004,0.0007,0.0006,78079.76,78084.65,0.3555,-0.08241,0.00013,4.93937,58.6,49.3
2026-08-26T16:50:04Z,2026-08-27,1,77000.0,C,0.014,0.017,0.015,78079.76,78084.65,0.33880000000000005,0.84013,0.00022,7.90077,20.0,0.0
2026-08-26T16:50:04Z,2026-08-27,1,77000.0,P,0.001,0.0013,0.0012,78079.76,78084.65,0.33880000000000005,-0.15987,0.00022,7.90077,97.1,136.2
2026-08-26T16:50:04Z,2026-08-27,1,77500.0,C,0.0095,0.011,0.01,78079.76,78084.65,0.3309,0.70824,0.00032,11.15257,17.6,0.1
2026-08-26T16:50:04Z,2026-08-27,1,77500.0,P,0.0022,0.0027,0.0025,78079.76,78084.65,0.3309,-0.29176,0.00032,11.15257,98.5,73.6
2026-08-26T16:50:04Z,2026-08-27,1,78000.0,C,0.0055,0.0065,0.0061,78079.76,78084.65,0.3368,0.53185,0.00036,12.91975,54.5,3.6
2026-08-26T16:50:04Z,2026-08-27,1,78000.0,P,0.0046,0.0055,0.0051,78079.76,78084.65,0.3368,-0.46815,0.00036,12.91975,131.9,146.6
2026-08-26T16:50:04Z,2026-08-27,1,78500.0,C,0.0031,0.0036,0.0034,78079.74,78084.65,0.34,0.35482,0.00034,12.09307,56.7,4.0
2026-08-26T16:50:04Z,2026-08-27,1,78500.0,P,0.008,0.009,0.0088,78079.74,78084.65,0.34,-0.64518,0.00034,12.09307,80.2,68.4
2026-08-26T16:50:04Z,2026-08-27,1,79000.0,C,0.0015,0.002,0.0018,78079.74,78084.65,0.3532,0.21481,0.00025,9.48786,184.5,100.6
2026-08-26T16:50:04Z,2026-08-27,1,79000.0,P,0.012,0.0145,0.0136,78079.74,78084.65,0.3532,-0.78519,0.00025,9.48786,33.2,31.3
2026-08-26T16:50:04Z,2026-08-27,1,79500.0,C,0.0008,0.0011,0.0009,78079.74,78084.65,0.3729,0.12425,0.00017,6.65973,184.6,163.1
2026-08-26T16:50:04Z,2026-08-27,1,79500.0,P,0.016,0.0215,0.0191,78079.74,78084.65,0.3729,-0.87575,0.00017,6.65973,3.3,0.1
2026-08-26T16:50:04Z,2026-08-27,1,80000.0,C,0.0004,0.0006,0.0005,78079.74,78084.65,0.3942,0.07036,0.00011,4.37922,91.2,45.1
2026-08-26T16:50:04Z,2026-08-27,1,80000.0,P,0.0215,0.0275,0.0251,78079.74,78084.65,0.3942,-0.92964,0.00011,4.37922,2.1,0.0
2026-08-26T16:50:04Z,2026-08-27,1,80500.0,C,0.0002,0.0004,0.0003,78079.74,78084.65,0.41759999999999997,0.04022,6e-05,2.81221,66.6,56.7
2026-08-26T16:50:04Z,2026-08-27,1,80500.0,P,0.0275,0.0335,0.0313,78079.74,78084.65,0.41759999999999997,-0.95978,6e-05,2.81221,0.2,0.0
2026-08-26T16:50:04Z,2026-08-27,1,81000.0,C,0.0001,0.0003,0.0002,78079.74,78084.65,0.447,0.02471,4e-05,1.8801,126.8,120.4
2026-08-26T16:50:04Z,2026-08-27,1,81000.0,P,0.034,0.04,0.0376,78079.76,78084.65,0.447,-0.97529,4e-05,1.88016,0.0,0.0
2026-08-26T16:50:04Z,2026-08-27,1,81500.0,C,0.0,0.0002,0.0001,78079.74,78084.65,0.4763,0.01565,3e-05,1.27591,135.4,113.6
2026-08-26T16:50:04Z,2026-08-27,1,81500.0,P,0.04,0.0465,0.0439,78079.74,78084.65,0.4763,-0.98435,3e-05,1.27591,0.0,0.0
2026-08-26T16:50:04Z,2026-08-27,1,82000.0,C,0.0,0.0001,0.0001,78079.74,78084.65,0.535,0.01427,2e-05,1.17887,305.0,301.8
2026-08-26T16:50:04Z,2026-08-27,1,82000.0,P,0.0465,0.0535,0.0503,78079.74,78084.65,0.535,-0.98573,2e-05,1.17887,0.0,0.0
2026-08-26T16:50:04Z,2026-08-27,1,82500.0,C,0.0,0.0001,0.0001,78079.64,78084.65,0.5792,0.01151,2e-05,0.97904,50.9,50.1
2026-08-26T16:50:04Z,2026-08-27,1,82500.0,P,0.053,0.059,0.0567,78079.74,78084.65,0.5792,-0.98848,2e-05,0.97916,0.0,0.0
2026-08-26T16:50:04Z,2026-08-27,1,83000.0,C,0.0,0.0001,0.0001,78079.64,78084.65,0.6146,0.00873,1e-05,0.769,128.8,42.2
2026-08-26T16:50:04Z,2026-08-27,1,83000.0,P,0.0615,0.0645,0.0631,78079.64,78084.65,0.6146,-0.99127,1e-05,0.769,10.0,0.0
2026-08-26T16:50:04Z,2026-08-27,1,84000.0,C,0.0,0.0001,0.0001,78079.64,78084.65,0.705,0.00663,1e-05,0.60306,39.0,38.2
2026-08-26T16:50:04Z,2026-08-27,1,84000.0,P,0.072,0.079,0.0759,78079.64,78084.65,0.705,-0.99337,1e-05,0.60306,0.0,0.0
2026-08-26T16:50:04Z,2026-08-27,1,85000.0,C,0.0,0.0001,0.0,78079.64,78084.65,0.7061,0.00202,0.0,0.20747,45.5,5.9
2026-08-26T16:50:04Z,2026-08-27,1,85000.0,P,0.085,0.092,0.0886,78079.64,78084.65,0.7061,-0.99798,0.0,0.20747,0.0,0.0
2026-08-26T16:50:04Z,2026-08-27,1,86000.0,C,0.0,0.0001,0.0,78079.74,78084.65,0.7064,0.00053,0.0,0.06131,68.4,35.3
2026-08-26T16:50:04Z,2026-08-27,1,86000.0,P,0.0975,0.104,0.1014,78079.64,78084.65,0.7064,-0.99947,0.0,0.0613,0.0,0.0
2026-08-26T16:50:04Z,2026-08-27,1,87000.0,C,0.0,0.0001,0.0,78079.64,78084.65,0.7099,0.00013,0.0,0.01672,10.2,0.5
2026-08-26T16:50:04Z,2026-08-27,1,87000.0,P,0.1105,0.1175,0.1142,78079.64,78084.65,0.7099,-0.99987,0.0,0.01672,0.0,0.0
2026-08-26T16:50:04Z,2026-08-27,1,88000.0,C,0.0,0.0001,0.0,78079.64,78084.65,0.7099,3e-05,0.0,0.00378,2.0,0.0
2026-08-26T16:50:04Z,2026-08-27,1,88000.0,P,0.123,0.13,0.1271,78079.64,78084.65,0.7099,-0.99997,0.0,0.00378,0.0,0.0
2026-08-26T16:50:04Z,2026-08-28,2,40000.0,C,0.487,0.4885,0.4879,78107.53,78084.65,1.7279,1.0,0.0,0.0,23.9,0.2
2026-08-26T16:50:04Z,2026-08-28,2,40000.0,P,0.0,0.0001,0.0,78107.43,78084.65,1.7279,0.0,0.0,0.0,728.2,0.0
2026-08-26T16:50:04Z,2026-08-28,2,46000.0,C,0.4095,0.413,0.4111,78107.43,78084.65,1.7278,1.0,0.0,0.00044,2.1,0.0
2026-08-26T16:50:04Z,2026-08-28,2,46000.0,P,0.0,0.0001,0.0,78107.53,78084.65,1.7278,0.0,0.0,0.00044,1450.0,0.0
2026-08-26T16:50:04Z,2026-08-28,2,48000.0,C,0.3845,0.3865,0.3855,78107.43,78084.65,1.7272999999999998,0.99999,0.0,0.00226,37.8,0.0
2026-08-26T16:50:04Z,2026-08-28,2,48000.0,P,0.0,0.0001,0.0,78107.53,78084.65,1.7272999999999998,-1e-05,0.0,0.00226,1239.9,0.0
2026-08-26T16:50:04Z,2026-08-28,2,50000.0,C,0.359,0.361,0.3599,78107.43,78084.65,1.6569,0.99998,0.0,0.00503,51.0,0.0
2026-08-26T16:50:04Z,2026-08-28,2,50000.0,P,0.0,0.0001,0.0,78107.43,78084.65,1.6569,-2e-05,0.0,0.00503,2163.2,0.1
2026-08-26T16:50:04Z,2026-08-28,2,52000.0,C,0.3335,0.3355,0.3343,78107.43,78084.65,1.6513,0.99991,0.0,0.01912,51.0,0.0
2026-08-26T16:50:04Z,2026-08-28,2,52000.0,P,0.0,0.0001,0.0,78107.37,78084.65,1.6513,-9e-05,0.0,0.01912,1145.9,0.0
2026-08-26T16:50:04Z,2026-08-28,2,53000.0,C,0.3205,0.3225,0.3215,78107.51,78084.65,1.6511000000000002,0.99982,0.0,0.03588,5.1,0.0
2026-08-26T16:50:04Z,2026-08-28,2,53000.0,P,0.0,0.0001,0.0,78107.37,78084.65,1.6511000000000002,-0.00018,0.0,0.03588,1023.8,136.5
2026-08-26T16:50:04Z,2026-08-28,2,54000.0,C,0.3075,0.3095,0.3087,78107.51,78084.65,1.6416,0.99968,0.0,0.06064,9.9,0.0
2026-08-26T16:50:04Z,2026-08-28,2,54000.0,P,0.0,0.0001,0.0,78107.51,78084.65,1.6416,-0.00032,0.0,0.06064,1733.0,0.0
2026-08-26T16:50:04Z,2026-08-28,2,55000.0,C,0.295,0.297,0.2959,78107.51,78084.65,1.6200999999999999,0.9995,0.0,0.09238,7.7,0.0
2026-08-26T16:50:04Z,2026-08-28,2,55000.0,P,0.0,0.0001,0.0,78107.51,78084.65,1.6200999999999999,-0.0005,0.0,0.09238,952.8,0.1
2026-08-26T16:50:04Z,2026-08-28,2,56000.0,C,0.282,0.284,0.2831,78107.51,78084.65,1.5726,0.99935,0.0,0.11797,63.3,0.0
2026-08-26T16:50:04Z,2026-08-28,2,56000.0,P,0.0,0.0001,0.0,78107.51,78084.65,1.5726,-0.00065,0.0,0.11797,1337.9,121.1
2026-08-26T16:50:04Z,2026-08-28,2,57000.0,C,0.2695,0.2715,0.2703,78107.51,78084.65,1.5018,0.99928,0.0,0.12962,28.5,0.0
2026-08-26T16:50:04Z,2026-08-28,2,57000.0,P,0.0,0.0001,0.0,78107.51,78084.65,1.5018,-0.00072,0.0,0.12962,1138.6,0.0
2026-08-26T16:50:04Z,2026-08-28,2,58000.0,C,0.2565,0.2585,0.2575,78107.51,78084.65,1.4856,0.99884,0.0,0.20137,155.0,0.0
2026-08-26T16:50:04Z,2026-08-28,2,58000.0,P,0.0,0.0001,0.0,78107.51,78084.65,1.4856,-0.00116,0.0,0.20137,1233.4,3.9
2026-08-26T16:50:04Z,2026-08-28,2,59000.0,C,0.2435,0.246,0.2447,78107.51,78084.65,1.4356,0.99851,0.0,0.25266,213.0,0.0
2026-08-26T16:50:04Z,2026-08-28,2,59000.0,P,0.0,0.0001,0.0,78107.51,78084.65,1.4356,-0.00149,0.0,0.25266,1064.7,96.0
2026-08-26T16:50:04Z,2026-08-28,2,60000.0,C,0.231,0.233,0.2319,78107.51,78084.65,1.3773,0.99819,0.0,0.30205,424.2,0.0
2026-08-26T16:50:04Z,2026-08-28,2,60000.0,P,0.0,0.0001,0.0,78107.34,78084.65,1.3773,-0.00181,0.0,0.30207,2445.1,161.1
2026-08-26T16:50:04Z,2026-08-28,2,61000.0,C,0.218,0.22,0.2191,78107.34,78084.65,1.3026,0.99802,0.0,0.32762,611.6,0.0
2026-08-26T16:50:04Z,2026-08-28,2,61000.0,P,0.0,0.0001,0.0001,78107.44,78084.65,1.3026,-0.00198,0.0,0.32761,1486.1,73.1
2026-08-26T16:50:04Z,2026-08-28,2,62000.0,C,0.205,0.2075,0.2063,78107.34,78084.65,1.2716,0.9971,0.0,0.46355,841.4,12.0
2026-08-26T16:50:04Z,2026-08-28,2,62000.0,P,0.0,0.0001,0.0001,78107.34,78084.65,1.2716,-0.0029,0.0,0.46355,1211.8,26.0
2026-08-26T16:50:04Z,2026-08-28,2,63000.0,C,0.1925,0.1945,0.1936,78107.34,78084.65,1.2684,0.99501,0.0,0.75339,949.6,10.0
2026-08-26T16:50:04Z,2026-08-28,2,63000.0,P,0.0001,0.0002,0.0001,78107.34,78084.65,1.2684,-0.00499,0.0,0.75339,1012.4,244.2
2026-08-26T16:50:04Z,2026-08-28,2,64000.0,C,0.1795,0.182,0.1808,78107.34,78084.65,1.1843000000000001,0.99469,0.0,0.79637,762.8,0.0
2026-08-26T16:50:04Z,2026-08-28,2,64000.0,P,0.0001,0.0002,0.0001,78107.34,78084.65,1.1843000000000001,-0.00531,0.0,0.79637,1133.1,40.0
2026-08-26T16:50:04Z,2026-08-28,2,65000.0,C,0.167,0.1695,0.168,78107.34,78084.65,1.101,0.99433,0.0,0.84441,1357.4,15.0
2026-08-26T16:50:04Z,2026-08-28,2,65000.0,P,0.0001,0.0002,0.0001,78107.34,78084.65,1.101,-0.00567,0.0,0.84441,2155.1,48.2
2026-08-26T16:50:04Z,2026-08-28,2,66000.0,C,0.154,0.1565,0.1551,78107.34,78084.65,1.0184,0.99392,0.0,0.89858,1243.6,11.0
2026-08-26T16:50:04Z,2026-08-28,2,66000.0,P,0.0,0.0002,0.0001,78107.34,78084.65,1.0184,-0.00608,0.0,0.89858,636.2,115.1
2026-08-26T16:50:04Z,2026-08-28,2,67000.0,C,0.1415,0.1435,0.1424,78107.34,78084.65,0.9492,0.99283,0.0,1.03976,1780.0,8.0
2026-08-26T16:50:04Z,2026-08-28,2,67000.0,P,0.0,0.0003,0.0002,78107.34,78084.65,0.9492,-0.00717,0.0,1.03976,738.1,226.6
2026-08-26T16:50:04Z,2026-08-28,2,68000.0,C,0.1285,0.131,0.1296,78107.34,78084.65,0.8787,0.99153,1e-05,1.20401,1519.9,21.1
2026-08-26T16:50:04Z,2026-08-28,2,68000.0,P,0.0001,0.0002,0.0002,78107.34,78084.65,0.8787,-0.00847,1e-05,1.20401,1080.7,13.6
2026-08-26T16:50:04Z,2026-08-28,2,69000.0,C,0.1155,0.118,0.1168,78107.41,78084.65,0.7972,0.99068,1e-05,1.3092,2434.7,14.2
2026-08-26T16:50:04Z,2026-08-28,2,69000.0,P,0.0001,0.0003,0.0002,78107.41,78084.65,0.7972,-0.00932,1e-05,1.3092,1131.2,70.1
2026-08-26T16:50:04Z,2026-08-28,2,70000.0,C,0.103,0.1055,0.104,78107.41,78084.65,0.715,0.98972,1e-05,1.42553,2610.4,10.3
2026-08-26T16:50:04Z,2026-08-28,2,70000.0,P,0.0001,0.0003,0.0002,78107.41,78084.65,0.715,-0.01028,1e-05,1.42553,2377.7,330.7
2026-08-26T16:50:04Z,2026-08-28,2,71000.0,C,0.09,0.0925,0.0912,78107.41,78084.65,0.6334000000000001,0.98851,1e-05,1.57081,1561.3,90.9
2026-08-26T16:50:04Z,2026-08-28,2,71000.0,P,0.0001,0.0003,0.0002,78107.41,78084.65,0.6334000000000001,-0.01149,1e-05,1.57081,502.6,41.9
2026-08-26T16:50:04Z,2026-08-28,2,72000.0,C,0.077,0.08,0.0784,78107.41,78084.65,0.5711999999999999,0.98426,1e-05,2.06157,2843.3,61.6
2026-08-26T16:50:04Z,2026-08-28,2,72000.0,P,0.0002,0.0003,0.0002,78107.41,78084.65,0.5711999999999999,-0.01574,1e-05,2.06157,1423.7,29.2
2026-08-26T16:50:04Z,2026-08-28,2,73000.0,C,0.0645,0.067,0.0656,78107.41,78084.65,0.49920000000000003,0.97946,2e-05,2.586,2034.0,1.2
2026-08-26T16:50:04Z,2026-08-28,2,73000.0,P,0.0002,0.0003,0.0003,78107.41,78084.65,0.49920000000000003,-0.02054,2e-05,2.586,651.4,41.5
2026-08-26T16:50:04Z,2026-08-28,2,74000.0,C,0.0515,0.0545,0.053,78107.41,78084.65,0.44770000000000004,0.96559,3e-05,3.97984,2461.1,3.5
2026-08-26T16:50:04Z,2026-08-28,2,74000.0,P,0.0004,0.0005,0.0004,78108.77,78084.65,0.44770000000000004,-0.03437,3e-05,3.97611,575.9,80.1
2026-08-26T16:50:04Z,2026-08-28,2,75000.0,C,0.0395,0.0425,0.0405,78107.41,78084.65,0.39759999999999995,0.93825,6e-05,6.36305,2837.6,325.3
2026-08-26T16:50:04Z,2026-08-28,2,75000.0,P,0.0007,0.0009,0.0007,78108.77,78084.65,0.39759999999999995,-0.06167,6e-05,6.35667,1031.3,171.0
2026-08-26T16:50:04Z,2026-08-28,2,75500.0,C,0.032,0.037,0.0344,78107.41,78084.65,0.3789,0.91195,8e-05,8.34401,0.0,0.0
2026-08-26T16:50:04Z,2026-08-28,2,75500.0,P,0.001,0.0012,0.001,78108.77,78084.65,0.3789,-0.08794,8e-05,8.33647,109.4,18.2
2026-08-26T16:50:04Z,2026-08-28,2,76000.0,C,0.0275,0.0305,0.0286,78107.41,78084.65,0.3664,0.8705,0.00011,11.01894,1188.2,65.3
2026-08-26T16:50:04Z,2026-08-28,2,76000.0,P,0.0015,0.0018,0.0016,78108.77,78084.65,0.3664,-0.12935,0.00011,11.01026,903.4,820.3
2026-08-26T16:50:04Z,2026-08-28,2,76500.0,C,0.022,0.0245,0.0231,78109.14,78084.65,0.3578,0.81113,0.00014,14.12119,0.0,0.0
2026-08-26T16:50:04Z,2026-08-28,2,76500.0,P,0.0024,0.0026,0.0025,78118.0,78084.65,0.3578,-0.18759,0.00014,14.0637,153.9,14.6
2026-08-26T16:50:04Z,2026-08-28,2,77000.0,C,0.017,0.019,0.0181,78109.14,78084.65,0.3517,0.73233,0.00018,17.19424,662.7,12.1
2026-08-26T16:50:04Z,2026-08-28,2,77000.0,P,0.0038,0.004,0.0039,78109.14,78084.65,0.3517,-0.26767,0.00018,17.19424,353.8,49.6
2026-08-26T16:50:04Z,2026-08-28,2,77500.0,C,0.013,0.0145,0.0137,78109.14,78084.65,0.3505,0.63525,0.00021,19.62701,17.8,0.0
2026-08-26T16:50:04Z,2026-08-28,2,77500.0,P,0.0055,0.006,0.0059,78109.14,78084.65,0.3505,-0.36475,0.00021,19.62701,49.6,16.5
2026-08-26T16:50:04Z,2026-08-28,2,78000.0,C,0.0095,0.0105,0.01,78109.14,78084.65,0.35,0.52848,0.00022,20.78308,1740.9,117.2
2026-08-26T16:50:04Z,2026-08-28,2,78000.0,P,0.008,0.009,0.0087,78109.14,78084.65,0.35,-0.47152,0.00022,20.78308,372.3,121.4
2026-08-26T16:50:04Z,2026-08-28,2,78500.0,C,0.0065,0.0075,0.007,78109.14,78084.65,0.3488,0.41981,0.00021,20.41382,61.2,1.3
2026-08-26T16:50:04Z,2026-08-28,2,78500.0,P,0.0115,0.0125,0.0121,78109.14,78084.65,0.3488,-0.58019,0.00021,20.41382,73.6,53.9
2026-08-26T16:50:04Z,2026-08-28,2,79000.0,C,0.0046,0.0055,0.005,78109.14,78084.65,0.359,0.32263,0.00019,18.74117,1112.9,136.4
2026-08-26T16:50:04Z,2026-08-28,2,79000.0,P,0.015,0.017,0.0164,78109.14,78084.65,0.359,-0.67737,0.00019,18.74117,147.9,8.6
2026-08-26T16:50:04Z,2026-08-28,2,79500.0,C,0.0031,0.0037,0.0034,78109.14,78084.65,0.3663,0.23937,0.00016,16.21324,101.0,21.5
2026-08-26T16:50:04Z,2026-08-28,2,79500.0,P,0.02,0.022,0.0212,78109.14,78084.65,0.3663,-0.76063,0.00016,16.21324,225.3,67.7
2026-08-26T16:50:04Z,2026-08-28,2,80000.0,C,0.0021,0.0026,0.0024,78118.0,78084.65,0.3791,0.17708,0.00013,13.56603,1814.2,109.0
2026-08-26T16:50:04Z,2026-08-28,2,80000.0,P,0.0245,0.028,0.0266,78109.14,78084.65,0.3791,-0.82408,0.00013,13.50823,69.9,1.5
2026-08-26T16:50:04Z,2026-08-28,2,80500.0,C,0.0014,0.0018,0.0016,78109.14,78084.65,0.38780000000000003,0.12515,0.0001,10.76032,37.0,7.6
2026-08-26T16:50:04Z,2026-08-28,2,80500.0,P,0.0305,0.0335,0.0322,78109.14,78084.65,0.38780000000000003,-0.87485,0.0001,10.76032,28.9,0.0
2026-08-26T16:50:04Z,2026-08-28,2,81000.0,C,0.0009,0.0013,0.0011,78121.77,78084.65,0.4003,0.0904,8e-05,8.51073,1432.4,98.1
2026-08-26T16:50:04Z,2026-08-28,2,81000.0,P,0.0365,0.0395,0.0381,78118.07,78084.65,0.4003,-0.90989,8e-05,8.49019,8.1,0.0
2026-08-26T16:50:04Z,2026-08-28,2,81500.0,C,0.0006,0.0009,0.0008,78121.77,78084.65,0.41409999999999997,0.06486,6e-05,6.61224,167.3,142.9
2026-08-26T16:50:04Z,2026-08-28,2,81500.0,P,0.041,0.0465,0.0442,78118.07,78084.65,0.41409999999999997,-0.93536,6e-05,6.5948,0.5,0.0
2026-08-26T16:50:04Z,2026-08-28,2,82000.0,C,0.0005,0.0007,0.0006,78121.77,78084.65,0.4388,0.05087,5e-05,5.46208,1152.4,302.9
2026-08-26T16:50:04Z,2026-08-28,2,82000.0,P,0.047,0.0525,0.0504,78118.07,78084.65,0.4388,-0.9493,5e-05,5.44741,2.5,0.0
2026-08-26T16:50:04Z,2026-08-28,2,82500.0,C,0.0003,0.0005,0.0004,78121.77,78084.65,0.447,0.0352,3e-05,4.05507,106.4,91.8
2026-08-26T16:50:04Z,2026-08-28,2,82500.0,P,0.0535,0.059,0.0566,78118.07,78084.65,0.447,-0.96492,3e-05,4.04326,0.0,0.0
2026-08-26T16:50:04Z,2026-08-28,2,83000.0,C,0.0002,0.0004,0.0003,78121.77,78084.65,0.4576,0.02475,2e-05,3.02742,699.2,80.9
2026-08-26T16:50:04Z,2026-08-28,2,83000.0,P,0.0595,0.0655,0.0629,78118.07,78084.65,0.4576,-0.97534,2e-05,3.01808,1.1,0.0
2026-08-26T16:50:04Z,2026-08-28,2,84000.0,C,0.0001,0.0002,0.0002,78118.07,78084.65,0.49060000000000004,0.01402,1e-05,1.86674,340.0,58.8
2026-08-26T16:50:04Z,2026-08-28,2,84000.0,P,0.074,0.077,0.0756,78118.07,78084.65,0.49060000000000004,-0.98598,1e-05,1.86674,8.5,0.0
2026-08-26T16:50:04Z,2026-08-28,2,85000.0,C,0.0001,0.0002,0.0002,78118.07,78084.65,0.5563,0.01219,1e-05,1.65407,1035.6,48.4
2026-08-26T16:50:04Z,2026-08-28,2,85000.0,P,0.0865,0.09,0.0884,78118.07,78084.65,0.5563,-0.98781,1e-05,1.65407,30.7,0.0
2026-08-26T16:50:04Z,2026-08-28,2,86000.0,C,0.0,0.0001,0.0001,78118.07,78084.65,0.5700999999999999,0.00616,1e-05,0.90926,538.6,91.4
2026-08-26T16:50:04Z,2026-08-28,2,86000.0,P,0.0975,0.104,0.1011,78118.07,78084.65,0.5700999999999999,-0.99384,1e-05,0.90926,0.0,0.0
2026-08-26T16:50:04Z,2026-08-28,2,88000.0,C,0.0,0.0001,0.0,78118.07,78084.65,0.6286,0.00246,0.0,0.39899,865.9,13.4
2026-08-26T16:50:04Z,2026-08-28,2,88000.0,P,0.123,0.1295,0.1267,78118.07,78084.65,0.6286,-0.99754,0.0,0.39899,0.0,0.0
2026-08-26T16:50:04Z,2026-08-28,2,90000.0,C,0.0,0.0001,0.0,78121.75,78084.65,0.6762,0.00094,0.0,0.1665,1473.8,42.2
2026-08-26T16:50:04Z,2026-08-28,2,90000.0,P,0.1505,0.1535,0.1521,78121.75,78084.65,0.6762,-0.99906,0.0,0.1665,11.1,0.0
2026-08-26T16:50:04Z,2026-08-28,2,92000.0,C,0.0,0.0001,0.0,78121.75,78084.65,0.7187,0.00036,0.0,0.06919,508.7,126.2
2026-08-26T16:50:04Z,2026-08-28,2,92000.0,P,0.1745,0.1805,0.1777,78121.75,78084.65,0.7187,-0.99964,0.0,0.06919,0.5,0.0
2026-08-26T16:50:04Z,2026-08-28,2,94000.0,C,0.0,0.0001,0.0,78121.75,78084.65,0.7598999999999999,0.00015,0.0,0.03017,285.7,0.0
2026-08-26T16:50:04Z,2026-08-28,2,94000.0,P,0.2,0.206,0.2033,78121.09,78084.65,0.7598999999999999,-0.99985,0.0,0.03016,0.0,0.0
2026-08-26T16:50:04Z,2026-08-28,2,95000.0,C,0.0,0.0001,0.0,78121.75,78084.65,0.7976000000000001,0.00014,0.0,0.02756,155.6,0.0
2026-08-26T16:50:04Z,2026-08-28,2,95000.0,P,0.2125,0.219,0.2161,78121.75,78084.65,0.7976000000000001,-0.99986,0.0,0.02756,0.3,0.0
2026-08-26T16:50:04Z,2026-08-28,2,96000.0,C,0.0,0.0001,0.0,78121.75,78084.65,0.8062,7e-05,0.0,0.0155,153.6,0.0
2026-08-26T16:50:04Z,2026-08-28,2,96000.0,P,0.2255,0.232,0.2289,78121.75,78084.65,0.8062,-0.99993,0.0,0.0155,0.1,0.0
2026-08-26T16:50:04Z,2026-08-28,2,98000.0,C,0.0,0.0001,0.0,78121.75,78084.65,0.8093,2e-05,0.0,0.00361,226.1,0.0
2026-08-26T16:50:04Z,2026-08-28,2,98000.0,P,0.251,0.258,0.2545,78121.75,78084.65,0.8093,-0.99998,0.0,0.00361,0.0,0.0
2026-08-26T16:50:04Z,2026-08-28,2,100000.0,C,0.0,0.0001,0.0,78121.75,78084.65,0.8331999999999999,1e-05,0.0,0.00128,211.6,0.0
2026-08-26T16:50:04Z,2026-08-28,2,100000.0,P,0.2765,0.283,0.2801,78121.75,78084.65,0.8331999999999999,-0.99999,0.0,0.00128,0.5,0.0
2026-08-26T16:50:04Z,2026-08-28,2,105000.0,C,0.0,0.0001,0.0,78121.75,78084.65,0.8405,0.0,0.0,2e-05,335.4,0.0
2026-08-26T16:50:04Z,2026-08-28,2,105000.0,P,0.3405,0.3475,0.3441,78121.75,78084.65,0.8405,-1.0,0.0,2e-05,0.3,0.0
2026-08-26T16:50:04Z,2026-08-28,2,110000.0,C,0.0,0.0001,0.0,78121.75,78084.65,0.9091,0.0,0.0,0.0,317.5,0.0
2026-08-26T16:50:04Z,2026-08-28,2,110000.0,P,0.404,0.4115,0.4081,78121.75,78084.65,0.9091,-1.0,0.0,0.0,0.2,0.0
2026-08-26T16:50:04Z,2026-08-29,3,70000.0,C,0.102,0.1075,0.1042,78125.5,78084.65,0.6006,0.98532,1e-05,2.46571,0.0,0.0
2026-08-26T16:50:04Z,2026-08-29,3,70000.0,P,0.0002,0.0004,0.0003,78126.44,78084.65,0.6006,-0.01467,1e-05,2.4647,20.8,0.1
2026-08-26T16:50:04Z,2026-08-29,3,71000.0,C,0.0895,0.095,0.0916,78126.44,78084.65,0.5592,0.97923,1e-05,3.31648,0.0,0.0
2026-08-26T16:50:04Z,2026-08-29,3,71000.0,P,0.0003,0.0005,0.0004,78126.44,78084.65,0.5592,-0.02077,1e-05,3.31648,38.1,1.8
2026-08-26T16:50:04Z,2026-08-29,3,72000.0,C,0.0765,0.082,0.0789,78124.92,78084.65,0.517,0.97007,2e-05,4.50581,0.0,0.0
2026-08-26T16:50:04Z,2026-08-29,3,72000.0,P,0.0005,0.0007,0.0005,78126.44,78084.65,0.517,-0.0299,2e-05,4.50214,40.7,0.4
2026-08-26T16:50:04Z,2026-08-29,3,73000.0,C,0.064,0.07,0.0664,78126.44,78084.65,0.4868,0.95179,3e-05,6.64538,0.0,0.0
2026-08-26T16:50:04Z,2026-08-29,3,73000.0,P,0.0008,0.001,0.0008,78126.44,78084.65,0.4868,-0.04821,3e-05,6.64538,53.0,52.7
2026-08-26T16:50:04Z,2026-08-29,3,74000.0,C,0.0515,0.0575,0.0542,78124.92,78084.65,0.45439999999999997,0.92292,5e-05,9.58825,0.0,0.0
2026-08-26T16:50:04Z,2026-08-29,3,74000.0,P,0.0013,0.0016,0.0014,78126.44,78084.65,0.45439999999999997,-0.077,5e-05,9.58155,9.7,8.9
2026-08-26T16:50:04Z,2026-08-29,3,75000.0,C,0.04,0.0455,0.0424,78126.44,78084.65,0.4301,0.87211,7e-05,13.87581,0.0,0.4
2026-08-26T16:50:04Z,2026-08-29,3,75000.0,P,0.0023,0.0027,0.0024,78126.44,78084.65,0.4301,-0.12789,7e-05,13.87581,121.4,134.4
2026-08-26T16:50:04Z,2026-08-29,3,76000.0,C,0.0305,0.0325,0.0315,78126.44,78084.65,0.4138,0.789,0.00011,19.17339,0.0,0.0
2026-08-26T16:50:04Z,2026-08-29,3,76000.0,P,0.0041,0.0046,0.0043,78126.44,78084.65,0.4138,-0.211,0.00011,19.17339,37.6,34.2
2026-08-26T16:50:04Z,2026-08-29,3,76500.0,C,0.0255,0.0275,0.0265,78126.44,78084.65,0.40700000000000003,0.73434,0.00012,21.75761,0.0,0.0
2026-08-26T16:50:04Z,2026-08-29,3,76500.0,P,0.0055,0.006,0.0057,78126.44,78084.65,0.40700000000000003,-0.26566,0.00012,21.75761,7.5,6.5
2026-08-26T16:50:04Z,2026-08-29,3,77000.0,C,0.021,0.023,0.022,78126.44,78084.65,0.40369999999999995,0.67032,0.00014,24.01646,0.0,0.0
2026-08-26T16:50:04Z,2026-08-29,3,77000.0,P,0.007,0.008,0.0076,78126.44,78084.65,0.40369999999999995,-0.32968,0.00014,24.01646,41.8,36.6
2026-08-26T16:50:04Z,2026-08-29,3,77500.0,C,0.017,0.0185,0.018,78126.44,78084.65,0.4036,0.5995,0.00014,25.6392,0.0,0.0
2026-08-26T16:50:04Z,2026-08-29,3,77500.0,P,0.0095,0.0105,0.01,78130.37,78084.65,0.4036,-0.39993,0.00014,25.63098,51.7,51.8
2026-08-26T16:50:04Z,2026-08-29,3,78000.0,C,0.014,0.015,0.0143,78130.37,78084.65,0.3995,0.52639,0.00015,26.41013,0.9,0.9
2026-08-26T16:50:04Z,2026-08-29,3,78000.0,P,0.012,0.0135,0.0127,78130.37,78084.65,0.3995,-0.47361,0.00015,26.41013,23.3,6.5
2026-08-26T16:50:04Z,2026-08-29,3,78500.0,C,0.011,0.012,0.0113,78130.37,78084.65,0.39990000000000003,0.45145,0.00015,26.2718,0.2,0.2
2026-08-26T16:50:04Z,2026-08-29,3,78500.0,P,0.0155,0.0165,0.0161,78126.97,78084.65,0.39990000000000003,-0.54906,0.00015,26.26653,13.2,2.4
2026-08-26T16:50:04Z,2026-08-29,3,79000.0,C,0.0085,0.0095,0.0089,78126.97,78084.65,0.4042,0.37957,0.00014,25.25163,2.2,2.2
2026-08-26T16:50:04Z,2026-08-29,3,79000.0,P,0.019,0.021,0.0201,78130.37,78084.65,0.4042,-0.61995,0.00014,25.26253,39.0,10.0
2026-08-26T16:50:04Z,2026-08-29,3,79500.0,C,0.0065,0.0075,0.0069,78130.37,78084.65,0.4079,0.31404,0.00013,23.5377,3.7,1.0
2026-08-26T16:50:04Z,2026-08-29,3,79500.0,P,0.0235,0.0255,0.0245,78130.37,78084.65,0.4079,-0.68596,0.00013,23.5377,65.0,25.0
2026-08-26T16:50:04Z,2026-08-29,3,80000.0,C,0.005,0.0055,0.0054,78126.97,78084.65,0.41590000000000005,0.25682,0.00012,21.38267,88.3,48.8
2026-08-26T16:50:04Z,2026-08-29,3,80000.0,P,0.028,0.0305,0.0294,78126.97,78084.65,0.41590000000000005,-0.74318,0.00012,21.38267,51.0,0.0
2026-08-26T16:50:04Z,2026-08-29,3,80500.0,C,0.0038,0.0043,0.004,78126.97,78084.65,0.41979999999999995,0.20564,0.0001,18.88452,29.4,6.7
2026-08-26T16:50:04Z,2026-08-29,3,80500.0,P,0.0315,0.037,0.0345,78126.97,78084.65,0.41979999999999995,-0.79436,0.0001,18.88452,0.0,0.0
2026-08-26T16:50:04Z,2026-08-29,3,81000.0,C,0.0028,0.0033,0.0031,78126.97,78084.65,0.4274,0.1643,9e-05,16.42296,93.4,9.9
2026-08-26T16:50:04Z,2026-08-29,3,81000.0,P,0.0365,0.0425,0.0399,78126.97,78084.65,0.4274,-0.8357,9e-05,16.42296,0.0,0.0
2026-08-26T16:50:04Z,2026-08-29,3,81500.0,C,0.0021,0.0026,0.0024,78130.44,78084.65,0.4362,0.13105,7e-05,14.11373,91.5,3.0
2026-08-26T16:50:04Z,2026-08-29,3,81500.0,P,0.042,0.0485,0.0456,78129.82,78084.65,0.4362,-0.86899,7e-05,14.11023,0.0,0.0
2026-08-26T16:50:04Z,2026-08-29,3,82000.0,C,0.0016,0.002,0.0018,78130.44,78084.65,0.44549999999999995,0.10406,6e-05,11.98546,32.6,15.3
2026-08-26T16:50:04Z,2026-08-29,3,82000.0,P,0.048,0.054,0.0514,78129.82,78084.65,0.44549999999999995,-0.89598,6e-05,11.9822,0.0,0.0
2026-08-26T16:50:04Z,2026-08-29,3,82500.0,C,0.0013,0.0016,0.0014,78129.82,78084.65,0.456,0.08283,5e-05,10.12531,18.5,6.6
2026-08-26T16:50:04Z,2026-08-29,3,82500.0,P,0.0535,0.06,0.0574,78129.82,78084.65,0.456,-0.91717,5e-05,10.12531,0.0,0.0
2026-08-26T16:50:04Z,2026-08-29,3,83000.0,C,0.001,0.0013,0.0011,78129.82,78084.65,0.4669,0.06613,4e-05,8.52521,134.2,119.1
2026-08-26T16:50:04Z,2026-08-29,3,83000.0,P,0.06,0.066,0.0635,78130.44,78084.65,0.4669,-0.93385,4e-05,8.52784,0.0,0.0
2026-08-26T16:50:04Z,2026-08-29,3,84000.0,C,0.0006,0.0008,0.0007,78130.44,78084.65,0.4902,0.04276,3e-05,6.03463,40.9,35.9
2026-08-26T16:50:04Z,2026-08-29,3,84000.0,P,0.072,0.0785,0.0759,78129.82,78084.65,0.4902,-0.95726,3e-05,6.03261,0.0,0.0
2026-08-26T16:50:04Z,2026-08-29,3,85000.0,C,0.0004,0.0005,0.0004,78129.82,78084.65,0.5101,0.02718,2e-05,4.15869,7.8,5.5
2026-08-26T16:50:04Z,2026-08-29,3,85000.0,P,0.0845,0.091,0.0884,78129.82,78084.65,0.5101,-0.97282,2e-05,4.15869,0.0,0.0
2026-08-26T16:50:04Z,2026-08-29,3,86000.0,C,0.0002,0.0004,0.0003,78129.82,78084.65,0.5384,0.01893,1e-05,3.06593,26.3,1.1
2026-08-26T16:50:04Z,2026-08-29,3,86000.0,P,0.0975,0.104,0.1011,78129.82,78084.65,0.5384,-0.98107,1e-05,3.06593,0.0,0.0
2026-08-26T16:50:04Z,2026-08-29,3,87000.0,C,0.0001,0.0003,0.0002,78130.44,78084.65,0.5596,0.01258,1e-05,2.15821,26.7,27.2
2026-08-26T16:50:04Z,2026-08-29,3,87000.0,P,0.11,0.1165,0.1138,78129.82,78084.65,0.5596,-0.98743,1e-05,2.15738,0.0,0.0
2026-08-26T16:50:04Z,2026-08-29,3,88000.0,C,0.0001,0.0003,0.0002,78129.82,78084.65,0.5929,0.00971,1e-05,1.72265,365.6,366.3
2026-08-26T16:50:04Z,2026-08-29,3,88000.0,P,0.123,0.1295,0.1265,78129.56,78084.65,0.593,-0.99029,1e-05,1.72265,0.0,0.0
2026-08-26T16:50:04Z,2026-08-29,3,89000.0,C,0.0,0.0002,0.0001,78129.56,78084.65,0.6294,0.00796,1e-05,1.44851,5.9,4.1
2026-08-26T16:50:04Z,2026-08-29,3,89000.0,P,0.1355,0.1425,0.1393,78129.56,78084.65,0.6294,-0.99204,1e-05,1.44851,0.0,0.0
2026-08-26T16:50:04Z,2026-08-30,4,69000.0,C,0.115,0.1205,0.1171,78140.82,78084.65,0.5398,0.99029,1e-05,2.02465,0.0,0.0
2026-08-26T16:50:04Z,2026-08-30,4,69000.0,P,0.0001,0.0003,0.0002,78140.82,78084.65,0.5398,-0.00971,1e-05,2.02465,0.1,0.1
2026-08-26T16:50:04Z,2026-08-30,4,70000.0,C,0.102,0.107,0.1045,78140.44,78084.65,0.5141,0.98502,1e-05,2.94819,0.0,0.0
2026-08-26T16:50:04Z,2026-08-30,4,70000.0,P,0.0002,0.0004,0.0003,78140.44,78084.65,0.5141,-0.01498,1e-05,2.94819,2.0,2.0
2026-08-26T16:50:04Z,2026-08-30,4,71000.0,C,0.0895,0.095,0.0918,78140.44,78084.65,0.4805,0.97847,1e-05,4.01773,0.0,0.0
2026-08-26T16:50:04Z,2026-08-30,4,71000.0,P,0.0003,0.0005,0.0004,78140.44,78084.65,0.4805,-0.02153,1e-05,4.01773,0.0,0.0
2026-08-26T16:50:04Z,2026-08-30,4,72000.0,C,0.0765,0.0825,0.0792,78140.44,78084.65,0.4482,0.96806,2e-05,5.58544,0.0,0.0
2026-08-26T16:50:04Z,2026-08-30,4,72000.0,P,0.0005,0.0007,0.0006,78140.44,78084.65,0.4482,-0.03194,2e-05,5.58544,6.3,6.3
2026-08-26T16:50:04Z,2026-08-30,4,73000.0,C,0.064,0.07,0.0667,78140.44,78084.65,0.41969999999999996,0.95017,3e-05,8.01772,0.0,0.0
2026-08-26T16:50:04Z,2026-08-30,4,73000.0,P,0.0008,0.001,0.0009,78140.44,78084.65,0.41969999999999996,-0.04983,3e-05,8.01772,0.1,0.1
2026-08-26T16:50:04Z,2026-08-30,4,74000.0,C,0.052,0.058,0.0545,78140.44,78084.65,0.3972,0.9183,5e-05,11.77375,0.0,0.0
2026-08-26T16:50:04Z,2026-08-30,4,74000.0,P,0.0014,0.0017,0.0015,78140.44,78084.65,0.3972,-0.0817,5e-05,11.77375,0.0,0.0
2026-08-26T16:50:04Z,2026-08-30,4,75000.0,C,0.04,0.046,0.0429,78140.44,78084.65,0.38130000000000003,0.86381,7e-05,17.02606,0.0,0.0
2026-08-26T16:50:04Z,2026-08-30,4,75000.0,P,0.0024,0.0029,0.0027,78140.44,78084.65,0.38130000000000003,-0.13619,7e-05,17.02596,10.1,10.6
2026-08-26T16:50:04Z,2026-08-30,4,75500.0,C,0.0345,0.0405,0.0374,78140.44,78084.65,0.37549999999999994,0.82549,9e-05,20.05726,0.0,0.0
2026-08-26T16:50:04Z,2026-08-30,4,75500.0,P,0.0033,0.0038,0.0036,78140.44,78084.65,0.37549999999999994,-0.17451,9e-05,20.05726,0.0,0.0
2026-08-26T16:50:04Z,2026-08-30,4,76000.0,C,0.0305,0.034,0.0322,78140.44,78084.65,0.3729,0.77797,0.0001,23.20146,0.0,0.0
2026-08-26T16:50:04Z,2026-08-30,4,76000.0,P,0.0045,0.005,0.0048,78140.44,78084.65,0.3729,-0.22203,0.0001,23.20146,5.7,5.7
2026-08-26T16:50:04Z,2026-08-30,4,76500.0,C,0.0255,0.0295,0.0274,78140.44,78084.65,0.36829999999999996,0.72437,0.00012,26.03803,0.0,0.0
2026-08-26T16:50:04Z,2026-08-30,4,76500.0,P,0.006,0.0065,0.0064,78140.96,78084.65,0.36829999999999996,-0.27557,0.00012,26.03524,3.0,3.0
2026-08-26T16:50:04Z,2026-08-30,4,77000.0,C,0.021,0.025,0.023,78140.96,78084.65,0.36729999999999996,0.66268,0.00013,28.4738,0.1,0.1
2026-08-26T16:50:04Z,2026-08-30,4,77000.0,P,0.008,0.0085,0.0084,78140.96,78084.65,0.36729999999999996,-0.33732,0.00013,28.4738,19.5,19.5
2026-08-26T16:50:04Z,2026-08-30,4,77500.0,C,0.018,0.0195,0.019,78140.96,78084.65,0.3666,0.5962,0.00014,30.18793,0.0,0.0
2026-08-26T16:50:04Z,2026-08-30,4,77500.0,P,0.0105,0.011,0.0108,78140.96,78084.65,0.3666,-0.4038,0.00014,30.18793,3.5,3.7
2026-08-26T16:50:04Z,2026-08-30,4,78000.0,C,0.0145,0.016,0.0154,78140.96,78084.65,0.36460000000000004,0.52704,0.00014,31.02509,0.0,0.0
2026-08-26T16:50:04Z,2026-08-30,4,78000.0,P,0.013,0.014,0.0136,78140.96,78084.65,0.36460000000000004,-0.47296,0.00014,31.02509,4.2,4.2
2026-08-26T16:50:04Z,2026-08-30,4,78500.0,C,0.012,0.013,0.0125,78140.96,78084.65,0.3689,0.45773,0.00014,30.9218,25.0,33.0
2026-08-26T16:50:04Z,2026-08-30,4,78500.0,P,0.0165,0.0175,0.0171,78140.96,78084.65,0.3689,-0.54227,0.00014,30.9218,41.1,49.1
2026-08-26T16:50:04Z,2026-08-30,4,79000.0,C,0.0095,0.0105,0.01,78140.96,78084.65,0.3712,0.39097,0.00013,29.92787,8.8,8.9
2026-08-26T16:50:04Z,2026-08-30,4,79000.0,P,0.02,0.022,0.021,78140.96,78084.65,0.3712,-0.60903,0.00013,29.92787,8.0,8.0
2026-08-26T16:50:04Z,2026-08-30,4,79500.0,C,0.0075,0.0085,0.0079,78140.96,78084.65,0.3753,0.32931,0.00012,28.20495,39.2,39.2
2026-08-26T16:50:04Z,2026-08-30,4,79500.0,P,0.023,0.027,0.0253,78140.96,78084.65,0.3753,-0.67069,0.00012,28.20495,0.0,0.0
2026-08-26T16:50:04Z,2026-08-30,4,80000.0,C,0.006,0.007,0.0063,78140.96,78084.65,0.381,0.27439,0.00011,25.98047,1.0,1.0
2026-08-26T16:50:04Z,2026-08-30,4,80000.0,P,0.028,0.0325,0.0301,78140.96,78084.65,0.381,-0.72561,0.00011,25.98047,0.0,0.0
2026-08-26T16:50:04Z,2026-08-30,4,80500.0,C,0.0046,0.0055,0.005,78140.96,78084.65,0.3892,0.22764,0.0001,23.53196,1.2,1.2
2026-08-26T16:50:04Z,2026-08-30,4,80500.0,P,0.032,0.038,0.0352,78140.96,78084.65,0.3892,-0.77236,0.0001,23.53196,0.0,0.0
2026-08-26T16:50:04Z,2026-08-30,4,81000.0,C,0.0036,0.0041,0.0039,78140.96,78084.65,0.39390000000000003,0.18541,9e-05,20.8353,1.6,1.6
2026-08-26T16:50:04Z,2026-08-30,4,81000.0,P,0.037,0.0435,0.0405,78140.96,78084.65,0.39390000000000003,-0.81459,9e-05,20.8353,0.0,0.0
2026-08-26T16:50:04Z,2026-08-30,4,81500.0,C,0.0028,0.0033,0.0031,78135.77,78084.65,0.4011,0.15069,7e-05,18.2287,4.5,4.5
2026-08-26T16:50:04Z,2026-08-30,4,81500.0,P,0.0425,0.049,0.0461,78135.77,78084.65,0.4011,-0.84931,7e-05,18.2287,0.0,0.0
2026-08-26T16:50:04Z,2026-08-30,4,82000.0,C,0.0022,0.0026,0.0024,78135.77,78084.65,0.4083,0.12207,6e-05,15.77999,5.5,5.6
2026-08-26T16:50:04Z,2026-08-30,4,82000.0,P,0.048,0.055,0.0518,78135.77,78084.65,0.4083,-0.87793,6e-05,15.77999,0.0,0.0
2026-08-26T16:50:04Z,2026-08-30,4,83000.0,C,0.0013,0.0016,0.0015,78135.77,78084.65,0.4249,0.08019,4e-05,11.60864,10.9,10.9
2026-08-26T16:50:04Z,2026-08-30,4,83000.0,P,0.06,0.067,0.0637,78135.77,78084.65,0.4249,-0.91981,4e-05,11.60864,0.0,0.0
2026-08-26T16:50:04Z,2026-08-30,4,84000.0,C,0.0008,0.0011,0.001,78135.77,78084.65,0.4413,0.05242,3e-05,8.34683,3.6,3.6
2026-08-26T16:50:04Z,2026-08-30,4,84000.0,P,0.0725,0.0795,0.0759,78135.77,78084.65,0.4413,-0.94758,3e-05,8.34683,0.0,0.0
2026-08-26T16:50:04Z,2026-08-30,4,85000.0,C,0.0005,0.0007,0.0006,78135.77,78084.65,0.45990000000000003,0.03494,2e-05,6.01454,1.5,1.5
2026-08-26T16:50:04Z,2026-08-30,4,85000.0,P,0.0845,0.092,0.0884,78135.77,78084.65,0.45990000000000003,-0.96506,2e-05,6.01454,0.0,0.0
2026-08-26T16:50:04Z,2026-08-30,4,86000.0,C,0.0003,0.0005,0.0004,78135.77,78084.65,0.4782,0.02349,1e-05,4.32347,0.8,0.8
2026-08-26T16:50:04Z,2026-08-30,4,86000.0,P,0.097,0.105,0.101,78135.77,78084.65,0.4782,-0.97651,1e-05,4.32347,0.0,0.0
2026-08-26T16:50:04Z,2026-08-30,4,87000.0,C,0.0002,0.0004,0.0003,78135.77,78084.65,0.49520000000000003,0.01576,1e-05,3.07894,2.1,2.1
2026-08-26T16:50:04Z,2026-08-30,4,87000.0,P,0.1095,0.117,0.1137,78135.77,78084.65,0.49520000000000003,-0.98424,1e-05,3.07894,0.0,0.0
2026-08-26T16:50:04Z,2026-08-30,4,88000.0,C,0.0001,0.0003,0.0002,78135.77,78084.65,0.516,0.01119,1e-05,2.29115,0.2,0.2
2026-08-26T16:50:04Z,2026-08-30,4,88000.0,P,0.1225,0.129,0.1264,78135.77,78084.65,0.516,-0.98881,1e-05,2.29115,0.0,0.0
2026-08-26T16:50:04Z,2026-09-04,9,53000.0,C,0.3205,0.324,0.3221,78167.26,78084.65,0.9306,0.99734,0.0,0.98758,0.0,0.0
2026-08-26T16:50:04Z,2026-09-04,9,53000.0,P,0.0001,0.0002,0.0001,78173.36,78084.65,0.9306,-0.00266,0.0,0.98616,125.6,0.0
2026-08-26T16:50:04Z,2026-09-04,9,55000.0,C,0.2945,0.2985,0.2966,78173.36,78084.65,0.8664000000000001,0.99659,0.0,1.23417,0.0,0.0
2026-08-26T16:50:04Z,2026-09-04,9,55000.0,P,0.0001,0.0003,0.0001,78167.26,78084.65,0.8664000000000001,-0.00342,0.0,1.23604,190.4,10.0
2026-08-26T16:50:04Z,2026-09-04,9,58000.0,C,0.2565,0.2605,0.2583,78167.26,78084.65,0.7944,0.99386,0.0,2.08668,0.0,0.0
2026-08-26T16:50:04Z,2026-09-04,9,58000.0,P,0.0002,0.0003,0.0003,78173.36,78084.65,0.7944,-0.00613,0.0,2.08351,343.3,0.0
2026-08-26T16:50:04Z,2026-09-04,9,60000.0,C,0.2305,0.235,0.2328,78173.36,78084.65,0.7243999999999999,0.99246,0.0,2.50016,0.4,0.0
2026-08-26T16:50:04Z,2026-09-04,9,60000.0,P,0.0002,0.0004,0.0003,78173.36,78084.65,0.7243999999999999,-0.00754,0.0,2.50016,1044.1,0.2
2026-08-26T16:50:04Z,2026-09-04,9,61000.0,C,0.218,0.222,0.22,78167.26,78084.65,0.7048000000000001,0.99041,0.0,3.08889,5.5,0.0
2026-08-26T16:50:04Z,2026-09-04,9,61000.0,P,0.0003,0.0005,0.0004,78167.26,78084.65,0.7048000000000001,-0.00959,0.0,3.08889,145.1,0.1
2026-08-26T16:50:04Z,2026-09-04,9,62000.0,C,0.205,0.2095,0.2072,78169.77,78084.65,0.6678000000000001,0.9895,0.0,3.34417,2.4,0.0
2026-08-26T16:50:04Z,2026-09-04,9,62000.0,P,0.0003,0.0005,0.0004,78169.77,78084.65,0.6678000000000001,-0.0105,0.0,3.34417,553.2,7.4
2026-08-26T16:50:04Z,2026-09-04,9,63000.0,C,0.1925,0.197,0.1945,78167.28,78084.65,0.6456999999999999,0.98686,0.0,4.0603,86.7,0.0
2026-08-26T16:50:04Z,2026-09-04,9,63000.0,P,0.0004,0.0006,0.0005,78169.77,78084.65,0.6456999999999999,-0.01312,0.0,4.05754,651.1,0.0
2026-08-26T16:50:04Z,2026-09-04,9,64000.0,C,0.1795,0.184,0.1817,78169.77,78084.65,0.6067,0.98575,0.0,4.35632,265.0,0.0
2026-08-26T16:50:04Z,2026-09-04,9,64000.0,P,0.0004,0.0006,0.0005,78167.28,78084.65,0.6067,-0.01426,0.0,4.35944,259.9,0.0
2026-08-26T16:50:04Z,2026-09-04,9,65000.0,C,0.167,0.1715,0.169,78169.77,78084.65,0.5793,0.9828,1e-05,5.11862,296.4,2.0
2026-08-26T16:50:04Z,2026-09-04,9,65000.0,P,0.0005,0.0007,0.0006,78169.77,78084.65,0.5793,-0.0172,1e-05,5.11862,390.5,0.5
2026-08-26T16:50:04Z,2026-09-04,9,66000.0,C,0.154,0.1585,0.1563,78169.77,78084.65,0.5501,0.97946,1e-05,5.95458,454.0,12.0
2026-08-26T16:50:04Z,2026-09-04,9,66000.0,P,0.0006,0.0007,0.0007,78169.77,78084.65,0.5501,-0.02054,1e-05,5.95458,242.5,8.6
2026-08-26T16:50:04Z,2026-09-04,9,67000.0,C,0.1415,0.146,0.1437,78169.77,78084.65,0.5276,0.97387,1e-05,7.29176,979.6,0.0
2026-08-26T16:50:04Z,2026-09-04,9,67000.0,P,0.0007,0.001,0.0008,78169.77,78084.65,0.5276,-0.02613,1e-05,7.29176,96.6,6.4
2026-08-26T16:50:04Z,2026-09-04,9,68000.0,C,0.129,0.1335,0.1311,78169.77,78084.65,0.501,0.96766,1e-05,8.70364,917.7,1.2
2026-08-26T16:50:04Z,2026-09-04,9,68000.0,P,0.0009,0.0012,0.001,78167.28,78084.65,0.501,-0.03237,1e-05,8.71001,215.6,2.2
2026-08-26T16:50:04Z,2026-09-04,9,69000.0,C,0.1165,0.121,0.1185,78169.77,78084.65,0.4779,0.95859,2e-05,10.65357,402.0,0.0
2026-08-26T16:50:04Z,2026-09-04,9,69000.0,P,0.0012,0.0014,0.0013,78169.77,78084.65,0.4779,-0.04141,2e-05,10.65357,132.1,5.0
2026-08-26T16:50:04Z,2026-09-04,9,70000.0,C,0.104,0.1085,0.1061,78169.77,78084.65,0.4561,0.94619,2e-05,13.14404,765.3,0.0
2026-08-26T16:50:04Z,2026-09-04,9,70000.0,P,0.0015,0.0018,0.0016,78169.77,78084.65,0.4561,-0.05381,2e-05,13.14404,613.3,30.2
2026-08-26T16:50:04Z,2026-09-04,9,71000.0,C,0.0915,0.0965,0.0939,78169.77,78084.65,0.43770000000000003,0.92827,3e-05,16.44616,931.4,0.0
2026-08-26T16:50:04Z,2026-09-04,9,71000.0,P,0.002,0.0024,0.0022,78162.14,78084.65,0.43770000000000003,-0.07193,3e-05,16.47941,101.9,10.8
2026-08-26T16:50:04Z,2026-09-04,9,72000.0,C,0.0795,0.0845,0.082,78169.78,78084.65,0.42210000000000003,0.90306,3e-05,20.62222,613.1,0.0
2026-08-26T16:50:04Z,2026-09-04,9,72000.0,P,0.0028,0.0033,0.003,78162.14,78084.65,0.42210000000000003,-0.0972,3e-05,20.66056,363.6,92.3
2026-08-26T16:50:04Z,2026-09-04,9,73000.0,C,0.068,0.073,0.0704,78162.14,78084.65,0.4092,0.86808,4e-05,25.68698,584.5,0.0
2026-08-26T16:50:04Z,2026-09-04,9,73000.0,P,0.0041,0.0044,0.0043,78162.14,78084.65,0.4092,-0.13192,4e-05,25.68698,51.1,5.6
2026-08-26T16:50:04Z,2026-09-04,9,74000.0,C,0.057,0.0615,0.0594,78169.78,78084.65,0.3987,0.82245,5e-05,31.27216,811.7,0.0
2026-08-26T16:50:04Z,2026-09-04,9,74000.0,P,0.0055,0.0065,0.0061,78162.14,78084.65,0.3987,-0.17796,5e-05,31.3152,693.3,629.7
2026-08-26T16:50:04Z,2026-09-04,9,75000.0,C,0.0485,0.0505,0.0492,78169.78,78084.65,0.39280000000000004,0.76283,7e-05,37.12883,557.2,1.6
2026-08-26T16:50:04Z,2026-09-04,9,75000.0,P,0.0085,0.009,0.0087,78162.14,78084.65,0.39280000000000004,-0.23767,7e-05,37.16815,565.1,47.1
2026-08-26T16:50:04Z,2026-09-04,9,76000.0,C,0.039,0.041,0.0399,78162.14,78084.65,0.3876,0.69163,8e-05,42.30834,186.7,0.0
2026-08-26T16:50:04Z,2026-09-04,9,76000.0,P,0.0115,0.0125,0.0121,78162.14,78084.65,0.3876,-0.30837,8e-05,42.30834,123.8,23.4
2026-08-26T16:50:04Z,2026-09-04,9,77000.0,C,0.031,0.0325,0.0318,78162.14,78084.65,0.3872,0.61077,8e-05,46.09239,95.7,0.0
2026-08-26T16:50:04Z,2026-09-04,9,77000.0,P,0.0165,0.0175,0.0168,78169.78,78084.65,0.3872,-0.3886,8e-05,46.07556,263.8,16.4
2026-08-26T16:50:04Z,2026-09-04,9,78000.0,C,0.0245,0.0255,0.0249,78162.14,78084.65,0.3886,0.52576,9e-05,47.85281,209.6,2.7
2026-08-26T16:50:04Z,2026-09-04,9,78000.0,P,0.022,0.023,0.0227,78162.14,78084.65,0.3886,-0.47424,9e-05,47.85281,345.7,120.0
2026-08-26T16:50:04Z,2026-09-04,9,79000.0,C,0.0185,0.0195,0.0193,78162.14,78084.65,0.39270000000000005,0.44182,8e-05,47.44192,141.8,54.3
2026-08-26T16:50:04Z,2026-09-04,9,79000.0,P,0.029,0.0305,0.03,78167.04,78084.65,0.39270000000000005,-0.55777,8e-05,47.45209,36.3,10.0
2026-08-26T16:50:04Z,2026-09-04,9,80000.0,C,0.014,0.015,0.0147,78162.13,78084.65,0.3986,0.36372,8e-05,45.12682,1037.7,53.8
2026-08-26T16:50:04Z,2026-09-04,9,80000.0,P,0.0375,0.0385,0.0382,78167.04,78084.65,0.3986,-0.6359,8e-05,45.14575,93.6,0.1
2026-08-26T16:50:04Z,2026-09-04,9,81000.0,C,0.0105,0.0115,0.0112,78167.04,78084.65,0.4046,0.29423,7e-05,41.42608,276.2,97.7
2026-08-26T16:50:04Z,2026-09-04,9,81000.0,P,0.046,0.048,0.0475,78167.04,78084.65,0.4046,-0.70577,7e-05,41.42608,55.5,0.0
2026-08-26T16:50:04Z,2026-09-04,9,82000.0,C,0.008,0.009,0.0084,78167.04,78084.65,0.41259999999999997,0.23495,6e-05,36.93559,3314.6,1346.5
2026-08-26T16:50:04Z,2026-09-04,9,82000.0,P,0.055,0.0595,0.0575,78167.04,78084.65,0.41259999999999997,-0.76505,6e-05,36.93559,0.2,0.0
2026-08-26T16:50:04Z,2026-09-04,9,83000.0,C,0.006,0.0065,0.0064,78167.04,78084.65,0.42200000000000004,0.18617,5e-05,32.21281,5.2,5.2
2026-08-26T16:50:04Z,2026-09-04,9,83000.0,P,0.0655,0.0705,0.0683,78167.04,78084.65,0.42200000000000004,-0.81383,5e-05,32.21281,0.0,0.0
2026-08-26T16:50:04Z,2026-09-04,9,84000.0,C,0.0046,0.0055,0.0049,78167.04,78084.65,0.4339,0.14796,4e-05,27.77275,403.8,4.0
2026-08-26T16:50:04Z,2026-09-04,9,84000.0,P,0.0765,0.082,0.0796,78167.04,78084.65,0.4339,-0.85204,4e-05,27.77275,0.0,0.0
2026-08-26T16:50:04Z,2026-09-04,9,85000.0,C,0.0034,0.0039,0.0037,78167.04,78084.65,0.4428,0.11574,4e-05,23.43945,517.5,265.9
2026-08-26T16:50:04Z,2026-09-04,9,85000.0,P,0.088,0.0935,0.0912,78167.04,78084.65,0.4428,-0.88426,4e-05,23.43945,60.1,0.0
2026-08-26T16:50:04Z,2026-09-04,9,86000.0,C,0.0026,0.0031,0.0029,78167.04,78084.65,0.45399999999999996,0.09129,3e-05,19.72806,28.4,24.5
2026-08-26T16:50:04Z,2026-09-04,9,86000.0,P,0.1,0.1055,0.1032,78167.04,78084.65,0.45399999999999996,-0.90871,3e-05,19.72806,0.0,0.0
2026-08-26T16:50:04Z,2026-09-04,9,88000.0,C,0.0016,0.0019,0.0018,78167.04,78084.65,0.4788,0.05791,2e-05,13.92718,66.9,7.4
2026-08-26T16:50:04Z,2026-09-04,9,88000.0,P,0.1245,0.1305,0.1276,78162.13,78084.65,0.4788,-0.94219,2e-05,13.90762,0.0,0.0
2026-08-26T16:50:04Z,2026-09-04,9,90000.0,C,0.001,0.0011,0.0011,78167.04,78084.65,0.5029,0.03721,1e-05,9.7667,280.8,67.9
2026-08-26T16:50:04Z,2026-09-04,9,90000.0,P,0.149,0.1555,0.1526,78167.04,78084.65,0.5029,-0.96279,1e-05,9.7667,7.4,0.0
2026-08-26T16:50:04Z,2026-09-11,16,60000.0,C,0.2315,0.2355,0.2335,78210.61,78084.65,0.5929,0.98685,0.0,5.47188,0.0,0.0
2026-08-26T16:50:04Z,2026-09-11,16,60000.0,P,0.0005,0.0007,0.0006,78205.38,78084.65,0.5929,-0.01317,0.0,5.47814,63.7,0.0
2026-08-26T16:50:04Z,2026-09-11,16,64000.0,C,0.1805,0.185,0.1828,78205.38,78084.65,0.5086999999999999,0.97482,1e-05,9.51648,0.0,0.0
2026-08-26T16:50:04Z,2026-09-11,16,64000.0,P,0.001,0.0012,0.001,78210.61,78084.65,0.5086999999999999,-0.02514,1e-05,9.50529,78.3,55.0
2026-08-26T16:50:04Z,2026-09-11,16,65000.0,C,0.168,0.1725,0.1702,78205.38,78084.65,0.49079999999999996,0.96939,1e-05,11.19883,0.0,0.0
2026-08-26T16:50:04Z,2026-09-11,16,65000.0,P,0.0011,0.0014,0.0012,78210.61,78084.65,0.49079999999999996,-0.03057,1e-05,11.18578,36.1,502.0
2026-08-26T16:50:04Z,2026-09-11,16,66000.0,C,0.1555,0.16,0.1576,78205.38,78084.65,0.4721,0.96293,1e-05,13.10821,0.1,0.0
2026-08-26T16:50:04Z,2026-09-11,16,66000.0,P,0.0013,0.0017,0.0015,78210.61,78084.65,0.4721,-0.03701,1e-05,13.09307,258.6,0.1
2026-08-26T16:50:04Z,2026-09-11,16,67000.0,C,0.143,0.1475,0.1452,78210.61,78084.65,0.45649999999999996,0.954,1e-05,15.61408,0.0,0.0
2026-08-26T16:50:04Z,2026-09-11,16,67000.0,P,0.0017,0.0021,0.0019,78210.61,78084.65,0.45649999999999996,-0.046,1e-05,15.61408,85.5,50.7
2026-08-26T16:50:04Z,2026-09-11,16,68000.0,C,0.1305,0.1355,0.1329,78205.38,78084.65,0.4416,0.94247,2e-05,18.65395,1.1,0.0
2026-08-26T16:50:04Z,2026-09-11,16,68000.0,P,0.0022,0.0025,0.0023,78210.61,78084.65,0.4416,-0.05745,2e-05,18.63369,513.8,2.0
2026-08-26T16:50:04Z,2026-09-11,16,69000.0,C,0.1185,0.1235,0.1207,78213.42,78084.65,0.4282,0.92767,2e-05,22.28564,1.2,0.0
2026-08-26T16:50:04Z,2026-09-11,16,69000.0,P,0.0028,0.0031,0.003,78213.42,78084.65,0.4282,-0.07233,2e-05,22.28564,563.3,503.0
2026-08-26T16:50:04Z,2026-09-11,16,70000.0,C,0.1065,0.1115,0.1088,78210.61,78084.65,0.4172,0.90789,2e-05,26.73977,285.5,30.0
2026-08-26T16:50:04Z,2026-09-11,16,70000.0,P,0.0038,0.004,0.0038,78213.42,78084.65,0.4172,-0.09204,2e-05,26.72596,113.9,17.6
2026-08-26T16:50:04Z,2026-09-11,16,71000.0,C,0.095,0.0995,0.0972,78213.42,78084.65,0.4092,0.882,3e-05,31.99651,32.8,31.2
2026-08-26T16:50:04Z,2026-09-11,16,71000.0,P,0.0049,0.0055,0.0051,78210.61,78084.65,0.4092,-0.11808,3e-05,32.01145,351.4,0.3
2026-08-26T16:50:04Z,2026-09-11,16,72000.0,C,0.084,0.0885,0.0859,78210.61,78084.65,0.3983,0.85201,4e-05,37.39936,148.0,0.0
2026-08-26T16:50:04Z,2026-09-11,16,72000.0,P,0.0065,0.007,0.0065,78210.61,78084.65,0.3983,-0.14799,4e-05,37.39936,102.6,20.6
2026-08-26T16:50:04Z,2026-09-11,16,73000.0,C,0.0735,0.0775,0.0752,78210.61,78084.65,0.3926,0.81305,4e-05,43.48626,14.1,0.0
2026-08-26T16:50:04Z,2026-09-11,16,73000.0,P,0.0085,0.009,0.0087,78213.42,78084.65,0.3926,-0.18684,4e-05,43.47073,75.5,42.9
2026-08-26T16:50:04Z,2026-09-11,16,74000.0,C,0.0645,0.0665,0.0652,78213.42,78084.65,0.3876,0.76745,5e-05,49.452,14.4,0.0
2026-08-26T16:50:04Z,2026-09-11,16,74000.0,P,0.011,0.0115,0.0114,78213.42,78084.65,0.3876,-0.23255,5e-05,49.45209,131.2,10.7
2026-08-26T16:50:04Z,2026-09-11,16,75000.0,C,0.055,0.057,0.0557,78213.42,78084.65,0.3837,0.71499,5e-05,54.95233,73.9,0.0
2026-08-26T16:50:04Z,2026-09-11,16,75000.0,P,0.0145,0.015,0.0147,78210.61,78084.65,0.3837,-0.28516,5e-05,54.96448,319.0,16.9
2026-08-26T16:50:04Z,2026-09-11,16,76000.0,C,0.0465,0.0485,0.0473,78213.42,78084.65,0.3825,0.65624,6e-05,59.55552,112.8,2.0
2026-08-26T16:50:04Z,2026-09-11,16,76000.0,P,0.0185,0.0195,0.019,78213.42,78084.65,0.3825,-0.34376,6e-05,59.55552,132.7,13.3
2026-08-26T16:50:04Z,2026-09-11,16,77000.0,C,0.039,0.0405,0.0396,78213.42,78084.65,0.38189999999999996,0.5938,6e-05,62.77974,114.3,8.0
2026-08-26T16:50:04Z,2026-09-11,16,77000.0,P,0.0235,0.0245,0.0242,78213.42,78084.65,0.38189999999999996,-0.4062,6e-05,62.77977,39.2,8.4
2026-08-26T16:50:04Z,2026-09-11,16,78000.0,C,0.032,0.0335,0.0329,78210.61,78084.65,0.38299999999999995,0.52936,6e-05,64.39585,640.8,417.9
2026-08-26T16:50:04Z,2026-09-11,16,78000.0,P,0.0295,0.0305,0.0302,78212.22,78084.65,0.38299999999999995,-0.47054,6e-05,64.39595,57.5,0.3
2026-08-26T16:50:04Z,2026-09-11,16,79000.0,C,0.0265,0.0275,0.0272,78212.22,78084.65,0.3856,0.46586,6e-05,64.33545,9.3,5.5
2026-08-26T16:50:04Z,2026-09-11,16,79000.0,P,0.0365,0.038,0.0373,78212.22,78084.65,0.3856,-0.53414,6e-05,64.33545,26.8,0.3
2026-08-26T16:50:04Z,2026-09-11,16,80000.0,C,0.0215,0.0225,0.0223,78213.48,78084.65,0.3886,0.40491,6e-05,62.73011,446.9,10.7
2026-08-26T16:50:04Z,2026-09-11,16,80000.0,P,0.044,0.046,0.0452,78212.22,78084.65,0.3886,-0.59517,6e-05,62.72608,54.9,1.1
2026-08-26T16:50:04Z,2026-09-11,16,81000.0,C,0.0175,0.0185,0.0181,78212.22,78084.65,0.3918,0.34774,6e-05,59.81005,127.3,10.7
2026-08-26T16:50:04Z,2026-09-11,16,81000.0,P,0.0525,0.0545,0.0538,78212.22,78084.65,0.3918,-0.65226,6e-05,59.81005,28.5,0.0
2026-08-26T16:50:04Z,2026-09-11,16,82000.0,C,0.014,0.015,0.0147,78212.22,78084.65,0.3968,0.29637,5e-05,55.96544,503.2,56.7
2026-08-26T16:50:04Z,2026-09-11,16,82000.0,P,0.062,0.064,0.0632,78212.22,78084.65,0.3968,-0.70363,5e-05,55.96544,4.4,0.0
2026-08-26T16:50:04Z,2026-09-11,16,83000.0,C,0.0115,0.0125,0.0119,78212.22,78084.65,0.4018,0.25047,5e-05,51.48634,270.1,19.4
2026-08-26T16:50:04Z,2026-09-11,16,83000.0,P,0.0705,0.075,0.0732,78212.22,78084.65,0.4018,-0.74953,5e-05,51.48621,0.0,0.0
2026-08-26T16:50:04Z,2026-09-11,16,84000.0,C,0.009,0.01,0.0096,78212.22,78084.65,0.4069,0.21021,4e-05,46.67459,517.5,57.6
2026-08-26T16:50:04Z,2026-09-11,16,84000.0,P,0.081,0.086,0.0836,78213.48,78084.65,0.4069,-0.78974,4e-05,46.68291,1.6,0.0
2026-08-26T16:50:04Z,2026-09-11,16,85000.0,C,0.007,0.008,0.0078,78212.22,78084.65,0.4122,0.17543,4e-05,41.78839,162.9,20.8
2026-08-26T16:50:04Z,2026-09-11,16,85000.0,P,0.092,0.097,0.0946,78212.22,78084.65,0.4122,-0.82457,4e-05,41.78839,30.3,0.0
2026-08-26T16:50:04Z,2026-09-11,16,86000.0,C,0.006,0.0065,0.0063,78212.22,78084.65,0.41950000000000004,0.14687,3e-05,37.20989,185.6,11.2
2026-08-26T16:50:04Z,2026-09-11,16,86000.0,P,0.103,0.1085,0.1059,78213.48,78084.65,0.41950000000000004,-0.85309,3e-05,37.21774,0.0,0.0
2026-08-26T16:50:04Z,2026-09-11,16,88000.0,C,0.004,0.0045,0.0043,78212.22,78084.65,0.435,0.10298,3e-05,29.02007,340.2,42.1
2026-08-26T16:50:04Z,2026-09-11,16,88000.0,P,0.1265,0.132,0.1294,78212.63,78084.65,0.435,-0.89701,3e-05,29.02214,0.0,0.0
2026-08-26T16:50:04Z,2026-09-11,16,90000.0,C,0.0027,0.0031,0.0029,78212.63,78084.65,0.4515,0.07275,2e-05,22.38499,750.3,239.8
2026-08-26T16:50:04Z,2026-09-11,16,90000.0,P,0.15,0.1565,0.1536,78218.84,78084.65,0.4515,-0.92713,2e-05,22.41446,0.0,0.0
2026-08-26T16:50:04Z,2026-09-11,16,95000.0,C,0.0012,0.0014,0.0013,78218.84,78084.65,0.49950000000000006,0.03372,1e-05,12.12954,173.5,50.4
2026-08-26T16:50:04Z,2026-09-11,16,95000.0,P,0.212,0.219,0.2159,78212.63,78084.65,0.49950000000000006,-0.96634,1e-05,12.11155,0.1,0.0
2026-08-26T16:50:04Z,2026-09-25,30,30000.0,C,0.616,0.6185,0.6171,78335.96,78084.65,1.1494,0.99901,0.0,0.74194,134.0,0.0
2026-08-26T16:50:04Z,2026-09-25,30,30000.0,P,0.0,0.0001,0.0001,78329.75,78084.65,1.1494,-0.00099,0.0,0.74244,2559.6,12.2
2026-08-26T16:50:04Z,2026-09-25,30,35000.0,C,0.552,0.555,0.5533,78336.54,78084.65,1.0073999999999999,0.99841,0.0,1.14702,29.3,0.0
2026-08-26T16:50:04Z,2026-09-25,30,35000.0,P,0.0001,0.0002,0.0001,78329.75,78084.65,1.0073999999999999,-0.00159,0.0,1.14792,957.0,2.2
2026-08-26T16:50:04Z,2026-09-25,30,40000.0,C,0.488,0.4915,0.4897,78336.54,78084.65,0.9154000000000001,0.99661,0.0,2.28001,34.4,0.0
2026-08-26T16:50:04Z,2026-09-25,30,40000.0,P,0.0002,0.0003,0.0003,78336.54,78084.65,0.9154000000000001,-0.00339,0.0,2.28001,2609.4,13.2
2026-08-26T16:50:04Z,2026-09-25,30,45000.0,C,0.4245,0.4275,0.426,78336.54,78084.65,0.8131,0.99394,0.0,3.82809,224.9,0.0
2026-08-26T16:50:04Z,2026-09-25,30,45000.0,P,0.0004,0.0006,0.0005,78336.54,78084.65,0.8131,-0.00606,0.0,3.82809,2184.8,0.1
2026-08-26T16:50:04Z,2026-09-25,30,50000.0,C,0.3605,0.364,0.3625,78336.54,78084.65,0.7143,0.98949,0.0,6.21109,30.4,0.0
2026-08-26T16:50:04Z,2026-09-25,30,50000.0,P,0.0007,0.0008,0.0008,78336.54,78084.65,0.7143,-0.01051,0.0,6.21109,3631.7,21.4
2026-08-26T16:50:04Z,2026-09-25,30,52000.0,C,0.335,0.339,0.3371,78336.01,78084.65,0.6698000000000001,0.98753,0.0,7.2056,150.0,0.0
2026-08-26T16:50:04Z,2026-09-25,30,52000.0,P,0.0008,0.0009,0.0009,78336.01,78084.65,0.6698000000000001,-0.01247,0.0,7.2056,1217.4,38.8
2026-08-26T16:50:04Z,2026-09-25,30,54000.0,C,0.3095,0.3135,0.3117,78336.01,78084.65,0.6331,0.98433,0.0,8.77771,7.4,0.0
2026-08-26T16:50:04Z,2026-09-25,30,54000.0,P,0.001,0.0012,0.0011,78336.54,78084.65,0.6331,-0.01567,0.0,8.77706,669.5,37.6
2026-08-26T16:50:04Z,2026-09-25,30,55000.0,C,0.297,0.301,0.2991,78336.01,78084.65,0.6137,0.98257,0.0,9.61322,143.7,0.0
2026-08-26T16:50:04Z,2026-09-25,30,55000.0,P,0.0011,0.0013,0.0012,78336.54,78084.65,0.6137,-0.01743,0.0,9.6125,3098.4,30.4
2026-08-26T16:50:04Z,2026-09-25,30,56000.0,C,0.2845,0.288,0.2865,78336.54,78084.65,0.5985,0.98,0.0,10.80682,13.4,0.0
2026-08-26T16:50:04Z,2026-09-25,30,56000.0,P,0.0013,0.0014,0.0013,78336.54,78084.65,0.5985,-0.02,0.0,10.80682,1493.5,19.1
2026-08-26T16:50:04Z,2026-09-25,30,58000.0,C,0.259,0.263,0.2611,78336.54,78084.65,0.5582,0.97555,0.0,12.80416,460.7,0.0
2026-08-26T16:50:04Z,2026-09-25,30,58000.0,P,0.0016,0.0017,0.0015,78336.54,78084.65,0.5582,-0.02445,0.0,12.80416,1326.2,20.3
2026-08-26T16:50:04Z,2026-09-25,30,60000.0,C,0.234,0.238,0.236,78336.54,78084.65,0.5253,0.96831,1e-05,15.89253,839.0,0.0
2026-08-26T16:50:04Z,2026-09-25,30,60000.0,P,0.0018,0.0021,0.002,78336.44,78084.65,0.5253,-0.03169,1e-05,15.89269,4825.8,1.0
2026-08-26T16:50:04Z,2026-09-25,30,62000.0,C,0.2085,0.2135,0.2111,78324.57,78084.65,0.49479999999999996,0.95804,1e-05,19.99377,597.3,0.0
2026-08-26T16:50:04Z,2026-09-25,30,62000.0,P,0.0024,0.0027,0.0025,78324.57,78084.65,0.49479999999999996,-0.04196,1e-05,19.99377,1126.9,44.7
2026-08-26T16:50:04Z,2026-09-25,30,64000.0,C,0.184,0.1885,0.1864,78324.57,78084.65,0.4672,0.9434,1e-05,25.3951,683.0,1.9
2026-08-26T16:50:04Z,2026-09-25,30,64000.0,P,0.0032,0.0036,0.0034,78324.57,78084.65,0.4672,-0.0566,1e-05,25.3951,937.3,1.8
2026-08-26T16:50:04Z,2026-09-25,30,65000.0,C,0.172,0.1765,0.1743,78324.57,78084.65,0.4572,0.93274,1e-05,29.05457,1283.7,1.5
2026-08-26T16:50:04Z,2026-09-25,30,65000.0,P,0.004,0.0042,0.004,78324.57,78084.65,0.4572,-0.06726,1e-05,29.05457,1591.5,8.1
2026-08-26T16:50:04Z,2026-09-25,30,66000.0,C,0.16,0.1645,0.1622,78324.57,78084.65,0.4434,0.92194,1e-05,32.56689,972.2,0.6
2026-08-26T16:50:04Z,2026-09-25,30,66000.0,P,0.0045,0.0049,0.0047,78324.57,78084.65,0.4434,-0.07806,1e-05,32.56689,1672.7,15.6
2026-08-26T16:50:04Z,2026-09-25,30,68000.0,C,0.1365,0.141,0.1386,78336.44,78084.65,0.42340000000000005,0.89125,2e-05,41.62713,901.6,5.9
2026-08-26T16:50:04Z,2026-09-25,30,68000.0,P,0.0065,0.007,0.0067,78324.57,78084.65,0.42340000000000005,-0.10899,2e-05,41.6853,1807.7,354.0
2026-08-26T16:50:04Z,2026-09-25,30,70000.0,C,0.114,0.118,0.1161,78324.57,78084.65,0.4077,0.8474,3e-05,52.63197,11027.8,7.2
2026-08-26T16:50:04Z,2026-09-25,30,70000.0,P,0.0095,0.01,0.0097,78324.57,78084.65,0.4077,-0.1526,3e-05,52.63197,5861.5,897.2
2026-08-26T16:50:04Z,2026-09-25,30,72000.0,C,0.094,0.096,0.0952,78324.57,78084.65,0.39659999999999995,0.78858,3e-05,64.57115,3337.1,6.9
2026-08-26T16:50:04Z,2026-09-25,30,72000.0,P,0.014,0.0145,0.0143,78324.57,78084.65,0.39659999999999995,-0.21142,3e-05,64.57115,866.2,11.9
2026-08-26T16:50:04Z,2026-09-25,30,73000.0,C,0.084,0.086,0.0854,78336.44,78084.65,0.3923,0.75399,4e-05,70.32197,41.0,0.0
2026-08-26T16:50:04Z,2026-09-25,30,73000.0,P,0.017,0.0175,0.0173,78324.57,78084.65,0.3923,-0.24644,4e-05,70.37678,325.1,207.4
2026-08-26T16:50:04Z,2026-09-25,30,74000.0,C,0.075,0.077,0.0762,78324.57,78084.65,0.3886,0.71509,4e-05,75.75394,1568.3,3.5
2026-08-26T16:50:04Z,2026-09-25,30,74000.0,P,0.0205,0.0215,0.0208,78313.31,78084.65,0.3886,-0.28535,4e-05,75.7988,349.0,101.8
2026-08-26T16:50:04Z,2026-09-25,30,75000.0,C,0.0665,0.068,0.0674,78313.31,78084.65,0.386,0.67293,4e-05,80.51795,3484.0,1.7
2026-08-26T16:50:04Z,2026-09-25,30,75000.0,P,0.0245,0.0255,0.025,78313.31,78084.65,0.386,-0.32707,4e-05,80.51795,3729.5,2.7
2026-08-26T16:50:04Z,2026-09-25,30,76000.0,C,0.0585,0.06,0.0595,78313.31,78084.65,0.38420000000000004,0.6288,4e-05,84.33786,2906.5,0.5
2026-08-26T16:50:04Z,2026-09-25,30,76000.0,P,0.0295,0.0305,0.0298,78313.31,78084.65,0.38420000000000004,-0.3712,4e-05,84.33786,1016.4,61.0
2026-08-26T16:50:04Z,2026-09-25,30,77000.0,C,0.051,0.0525,0.0522,78313.31,78084.65,0.3832,0.58296,5e-05,87.08648,185.0,0.1
2026-08-26T16:50:04Z,2026-09-25,30,77000.0,P,0.035,0.036,0.0352,78313.31,78084.65,0.3832,-0.41704,5e-05,87.08648,637.5,318.0
2026-08-26T16:50:04Z,2026-09-25,30,78000.0,C,0.045,0.046,0.0455,78313.31,78084.65,0.3831,0.53637,5e-05,88.64803,5878.2,1246.8
2026-08-26T16:50:04Z,2026-09-25,30,78000.0,P,0.041,0.042,0.0414,78313.31,78084.65,0.3831,-0.46363,5e-05,88.64803,1425.8,507.3
2026-08-26T16:50:04Z,2026-09-25,30,79000.0,C,0.039,0.04,0.0397,78313.31,78084.65,0.3846,0.49008,5e-05,88.99076,188.8,133.2
2026-08-26T16:50:04Z,2026-09-25,30,79000.0,P,0.0475,0.049,0.0483,78313.31,78084.65,0.3846,-0.50992,5e-05,88.99076,215.6,165.6
2026-08-26T16:50:04Z,2026-09-25,30,80000.0,C,0.0335,0.035,0.0345,78313.31,78084.65,0.3861,0.44485,5e-05,88.1662,3740.2,92.1
2026-08-26T16:50:04Z,2026-09-25,30,80000.0,P,0.055,0.056,0.0558,78313.31,78084.65,0.3861,-0.55515,5e-05,88.1662,805.2,13.4
2026-08-26T16:50:04Z,2026-09-25,30,81000.0,C,0.029,0.03,0.0298,78313.31,78084.65,0.3881,0.40139,4e-05,86.28491,159.8,68.8
2026-08-26T16:50:04Z,2026-09-25,30,81000.0,P,0.063,0.0645,0.064,78313.31,78084.65,0.3881,-0.59861,4e-05,86.28491,101.5,0.0
2026-08-26T16:50:04Z,2026-09-25,30,82000.0,C,0.025,0.026,0.0257,78313.31,78084.65,0.39030000000000004,0.36016,4e-05,83.49188,4878.3,1490.3
2026-08-26T16:50:04Z,2026-09-25,30,82000.0,P,0.0715,0.0735,0.0726,78313.31,78084.65,0.39030000000000004,-0.63984,4e-05,83.49188,222.5,5.6
2026-08-26T16:50:04Z,2026-09-25,30,83000.0,C,0.0215,0.0225,0.0221,78313.31,78084.65,0.3925,0.32141,4e-05,79.9428,208.5,12.4
2026-08-26T16:50:04Z,2026-09-25,30,83000.0,P,0.0805,0.083,0.0819,78312.83,78084.65,0.3925,-0.67861,4e-05,79.94021,0.0,0.0
2026-08-26T16:50:04Z,2026-09-25,30,84000.0,C,0.0185,0.019,0.0189,78312.83,78084.65,0.3951,0.28552,4e-05,75.82029,3422.9,64.0
2026-08-26T16:50:04Z,2026-09-25,30,84000.0,P,0.0885,0.0935,0.0915,78307.89,78084.65,0.3951,-0.71467,4e-05,75.79142,34.7,0.0
2026-08-26T16:50:04Z,2026-09-25,30,85000.0,C,0.0155,0.0165,0.0162,78312.83,78084.65,0.39759999999999995,0.25247,4e-05,71.27718,4152.8,2083.0
2026-08-26T16:50:04Z,2026-09-25,30,85000.0,P,0.0985,0.1035,0.1016,78307.89,78084.65,0.39759999999999995,-0.7477,4e-05,71.24622,453.9,0.0
2026-08-26T16:50:04Z,2026-09-25,30,86000.0,C,0.0135,0.0145,0.0139,78312.83,78084.65,0.4012,0.22303,3e-05,66.58704,1377.1,152.9
2026-08-26T16:50:04Z,2026-09-25,30,86000.0,P,0.109,0.1145,0.1121,78312.83,78084.65,0.4012,-0.77697,3e-05,66.58704,11.6,0.0
2026-08-26T16:50:04Z,2026-09-25,30,88000.0,C,0.01,0.0105,0.0103,78307.89,78084.65,0.4093,0.173,3e-05,57.096,1161.4,151.4
2026-08-26T16:50:04Z,2026-09-25,30,88000.0,P,0.1305,0.1365,0.134,78312.83,78084.65,0.4093,-0.82686,3e-05,57.13004,5.7,0.0
2026-08-26T16:50:04Z,2026-09-25,30,90000.0,C,0.0075,0.008,0.0077,78307.89,78084.65,0.4183,0.13391,2e-05,48.17583,6591.0,2191.3
2026-08-26T16:50:04Z,2026-09-25,30,90000.0,P,0.1535,0.1595,0.1569,78307.89,78084.65,0.4183,-0.86609,2e-05,48.17583,579.1,1.1
2026-08-26T16:50:04Z,2026-09-25,30,92000.0,C,0.0055,0.006,0.0058,78312.83,78084.65,0.4292,0.10455,2e-05,40.44733,894.0,30.5
2026-08-26T16:50:04Z,2026-09-25,30,92000.0,P,0.177,0.183,0.1806,78307.89,78084.65,0.4292,-0.89555,2e-05,40.41857,4.3,0.0
2026-08-26T16:50:04Z,2026-09-25,30,94000.0,C,0.0044,0.0046,0.0045,78307.89,78084.65,0.441,0.08213,2e-05,33.83559,360.3,39.8
2026-08-26T16:50:04Z,2026-09-25,30,94000.0,P,0.201,0.2075,0.2048,78312.83,78084.65,0.441,-0.91779,2e-05,33.86136,1.9,0.0
2026-08-26T16:50:04Z,2026-09-25,30,95000.0,C,0.0039,0.0041,0.0039,78307.89,78084.65,0.44689999999999996,0.07299,1e-05,30.93315,3787.4,2035.1
2026-08-26T16:50:04Z,2026-09-25,30,95000.0,P,0.213,0.2195,0.217,78307.89,78084.65,0.44689999999999996,-0.92701,1e-05,30.93435,147.6,0.0
2026-08-26T16:50:04Z,2026-09-25,30,96000.0,C,0.0034,0.0036,0.0035,78312.83,78084.65,0.45280000000000004,0.06504,1e-05,28.30619,340.8,75.9
2026-08-26T16:50:04Z,2026-09-25,30,96000.0,P,0.2255,0.232,0.2294,78307.73,78084.65,0.45280000000000004,-0.93502,1e-05,28.2817,1.0,0.0
2026-08-26T16:50:04Z,2026-09-25,30,98000.0,C,0.0026,0.0029,0.0027,78318.62,78084.65,0.46490000000000004,0.05195,1e-05,23.7272,378.4,10.6
2026-08-26T16:50:04Z,2026-09-25,30,98000.0,P,0.25,0.2575,0.2542,78318.62,78084.65,0.46490000000000004,-0.94805,1e-05,23.7272,0.1,0.0
2026-08-26T16:50:04Z,2026-09-25,30,100000.0,C,0.002,0.0024,0.0022,78318.62,78084.65,0.4779,0.04211,1e-05,20.04855,7374.3,2075.2
2026-08-26T16:50:04Z,2026-09-25,30,100000.0,P,0.275,0.282,0.2792,78307.73,78084.65,0.4779,-0.95798,1e-05,20.01044,336.6,0.0
2026-08-26T16:50:04Z,2026-09-25,30,102000.0,C,0.0016,0.002,0.0018,78318.62,78084.65,0.49079999999999996,0.03445,1e-05,17.01952,146.3,15.1
2026-08-26T16:50:04Z,2026-09-25,30,102000.0,P,0.3,0.3075,0.3044,78318.62,78084.65,0.49079999999999996,-0.96555,1e-05,17.01952,0.4,0.0
2026-08-26T16:50:04Z,2026-09-25,30,105000.0,C,0.0011,0.0015,0.0013,78318.62,78084.65,0.5078,0.02536,1e-05,13.20008,1163.5,1.0
2026-08-26T16:50:04Z,2026-09-25,30,105000.0,P,0.338,0.3455,0.3422,78307.73,78084.65,0.5078,-0.97469,1e-05,13.17348,105.2,0.0
2026-08-26T16:50:04Z,2026-09-25,30,110000.0,C,0.0007,0.001,0.0009,78318.62,78084.65,0.5392,0.01641,0.0,9.12884,1350.0,1.1
2026-08-26T16:50:04Z,2026-09-25,30,110000.0,P,0.401,0.4085,0.4056,78318.62,78084.65,0.5392,-0.98359,0.0,9.12884,215.6,0.0
2026-08-26T16:50:04Z,2026-09-25,30,115000.0,C,0.0004,0.0007,0.0006,78307.73,78084.65,0.5690999999999999,0.01105,0.0,6.48672,2147.1,23.3
2026-08-26T16:50:04Z,2026-09-25,30,115000.0,P,0.464,0.472,0.4691,78318.62,78084.65,0.5690999999999999,-0.98893,0.0,6.50036,93.7,0.5
2026-08-26T16:50:04Z,2026-09-25,30,120000.0,C,0.0003,0.0005,0.0004,78318.62,78084.65,0.6007,0.00803,0.0,4.90759,1227.1,0.5
2026-08-26T16:50:04Z,2026-09-25,30,120000.0,P,0.5275,0.5355,0.5328,78318.62,78084.65,0.6007,-0.99197,0.0,4.90759,174.5,0.0
2026-08-26T16:50:04Z,2026-09-25,30,125000.0,C,0.0003,0.0005,0.0003,78318.62,78084.65,0.6324000000000001,0.00613,0.0,3.86554,2325.7,7.0
2026-08-26T16:50:04Z,2026-09-25,30,125000.0,P,0.5905,0.5995,0.5966,78318.62,78084.65,0.6324000000000001,-0.99387,0.0,3.86554,21.8,0.0
2026-08-26T16:50:04Z,2026-09-25,30,130000.0,C,0.0002,0.0005,0.0003,78318.62,78084.65,0.6759999999999999,0.00563,0.0,3.58414,1426.1,0.5
2026-08-26T16:50:04Z,2026-09-25,30,130000.0,P,0.656,0.664,0.6604,78318.62,78084.65,0.6759999999999999,-0.99437,0.0,3.58414,21.4,0.0
2026-08-26T16:50:04Z,2026-09-25,30,135000.0,C,0.0001,0.0004,0.0003,78322.48,78084.65,0.7106,0.00483,0.0,3.12705,291.4,2.0
2026-08-26T16:50:04Z,2026-09-25,30,135000.0,P,0.718,0.7285,0.724,78318.63,78084.65,0.7106,-0.99518,0.0,3.12493,11.5,0.0
2026-08-26T16:50:04Z,2026-09-25,30,140000.0,C,0.0001,0.0003,0.0002,78322.48,78084.65,0.7403,0.00405,0.0,2.67141,1216.5,0.0
2026-08-26T16:50:04Z,2026-09-25,30,140000.0,P,0.7825,0.7925,0.7878,78322.48,78084.65,0.7403,-0.99595,0.0,2.67141,1.4,0.1
2026-08-26T16:50:04Z,2026-09-25,30,145000.0,C,0.0002,0.0003,0.0002,78318.63,78084.65,0.763,0.00322,0.0,2.17548,476.9,0.0
2026-08-26T16:50:04Z,2026-09-25,30,145000.0,P,0.845,0.8565,0.8516,78318.63,78084.65,0.763,-0.99678,0.0,2.17548,0.2,0.1
2026-08-26T16:50:04Z,2026-09-25,30,150000.0,C,0.0001,0.0002,0.0002,78318.63,78084.65,0.7909999999999999,0.0028,0.0,1.91645,738.0,0.1
2026-08-26T16:50:04Z,2026-09-25,30,150000.0,P,0.9095,0.9195,0.9154,78322.48,78084.65,0.7909999999999999,-0.9972,0.0,1.91771,4.5,0.0
2026-08-26T16:50:04Z,2026-09-25,30,155000.0,C,0.0001,0.0002,0.0001,78318.63,78084.65,0.8109000000000001,0.00226,0.0,1.58157,351.8,0.0
2026-08-26T16:50:04Z,2026-09-25,30,155000.0,P,0.972,0.984,0.9792,78322.48,78084.65,0.8109000000000001,-0.99774,0.0,1.58261,0.1,0.0
2026-08-26T16:50:04Z,2026-09-25,30,160000.0,C,0.0001,0.0002,0.0001,78322.48,78084.65,0.8440000000000001,0.00218,0.0,1.53264,1448.3,10.0
2026-08-26T16:50:04Z,2026-09-25,30,160000.0,P,1.0345,1.048,1.0431,78322.48,78084.65,0.8440000000000001,-0.99782,0.0,1.53264,0.6,0.0
2026-08-26T16:50:04Z,2026-09-25,30,165000.0,C,0.0001,0.0002,0.0001,78322.48,78084.65,0.8759999999999999,0.00211,0.0,1.48779,185.9,0.2
2026-08-26T16:50:04Z,2026-09-25,30,165000.0,P,1.098,1.112,1.1069,78322.48,78084.65,0.8759999999999999,-0.99789,0.0,1.48779,0.0,0.0
2026-08-26T16:50:04Z,2026-09-25,30,170000.0,C,0.0001,0.0002,0.0001,78318.63,78084.65,0.9068,0.00205,0.0,1.4464,395.1,0.0
2026-08-26T16:50:04Z,2026-09-25,30,170000.0,P,1.162,1.176,1.1708,78322.48,78084.65,0.9068,-0.99795,0.0,1.44726,0.0,0.0
2026-08-26T16:50:04Z,2026-09-25,30,175000.0,C,0.0001,0.0002,0.0001,78322.48,78084.65,0.9366,0.00199,0.0,1.41043,1849.7,184.1
2026-08-26T16:50:04Z,2026-09-25,30,175000.0,P,1.226,1.24,1.2345,78324.65,78084.65,0.9366,-0.99801,0.0,1.41087,3.3,0.0
2026-08-26T16:50:04Z,2026-09-25,30,180000.0,C,0.0,0.0001,0.0001,78324.65,78084.65,0.9368000000000001,0.00142,0.0,1.03743,782.3,0.0
2026-08-26T16:50:04Z,2026-09-25,30,180000.0,P,1.2895,1.3075,1.2983,78324.65,78084.65,0.9368000000000001,-0.99858,0.0,1.03743,10.5,0.0
2026-08-26T16:50:04Z,2026-09-25,30,190000.0,C,0.0,0.0001,0.0,78322.48,78084.65,0.9386,0.00074,0.0,0.56702,765.2,0.0
2026-08-26T16:50:04Z,2026-09-25,30,190000.0,P,1.417,1.434,1.4259,78324.65,78084.65,0.9386,-0.99926,0.0,0.56722,0.0,0.0
2026-08-26T16:50:04Z,2026-09-25,30,200000.0,C,0.0,0.0001,0.0,78324.65,78084.65,0.9823999999999999,0.00067,0.0,0.51661,1026.3,0.0
2026-08-26T16:50:04Z,2026-09-25,30,200000.0,P,1.5435,1.5605,1.5536,78324.65,78084.65,0.9823999999999999,-0.99933,0.0,0.51661,0.1,0.0
2026-08-26T16:50:04Z,2026-09-25,30,220000.0,C,0.0,0.0001,0.0,78322.48,78084.65,1.0735999999999999,0.00063,0.0,0.49376,242.0,0.0
2026-08-26T16:50:04Z,2026-09-25,30,220000.0,P,1.7985,1.8205,1.8089,78322.48,78084.65,1.0735999999999999,-0.99937,0.0,0.49376,1.8,0.0
2026-08-26T16:50:04Z,2026-09-25,30,240000.0,C,0.0,0.0001,0.0,78324.65,78084.65,1.156,0.00061,0.0,0.47513,211.9,0.0
2026-08-26T16:50:04Z,2026-09-25,30,240000.0,P,2.0525,2.0765,2.0643,78324.65,78084.65,1.156,-0.99939,0.0,0.47513,0.0,0.0
2026-08-26T16:50:04Z,2026-09-25,30,260000.0,C,0.0,0.0001,0.0001,78324.65,78084.65,1.2309,0.00059,0.0,0.45902,293.3,0.0
2026-08-26T16:50:04Z,2026-09-25,30,260000.0,P,2.305,2.3345,2.3197,78324.65,78084.65,1.2309,-0.99941,0.0,0.45902,0.0,0.0
2026-08-26T16:50:04Z,2026-09-25,30,280000.0,C,0.0,0.0001,0.0001,78322.48,78084.65,1.2987,0.00056,0.0,0.44124,76.1,0.0
2026-08-26T16:50:04Z,2026-09-25,30,280000.0,P,2.56,2.5905,2.575,78324.65,78084.65,1.2987,-0.99944,0.0,0.44135,0.0,0.0
2026-08-26T16:50:04Z,2026-09-25,30,300000.0,C,0.0,0.0001,0.0001,78322.48,78084.65,1.3629,0.00055,0.0,0.43228,196.3,0.0
2026-08-26T16:50:04Z,2026-09-25,30,300000.0,P,2.814,2.8445,2.8304,78324.65,78084.65,1.3629,-0.99945,0.0,0.43239,0.0,0.0
2026-08-26T16:50:04Z,2026-09-25,30,320000.0,C,0.0,0.0001,0.0,78324.65,78084.65,1.4015,0.00044,0.0,0.35386,304.6,0.0
2026-08-26T16:50:04Z,2026-09-25,30,320000.0,P,3.068,3.1005,3.0857,78324.65,78084.65,1.4015,-0.99956,0.0,0.35386,25.1,0.0
2026-08-26T16:50:04Z,2026-10-30,65,40000.0,C,0.491,0.494,0.4925,78693.55,78084.65,0.7137,0.99188,0.0,7.35481,0.1,0.0
2026-08-26T16:50:04Z,2026-10-30,65,40000.0,P,0.0008,0.0011,0.0009,78693.55,78084.65,0.7137,-0.00812,0.0,7.35481,76.6,3.2
2026-08-26T16:50:04Z,2026-10-30,65,45000.0,C,0.428,0.4315,0.4295,78693.55,78084.65,0.6412,0.98632,0.0,11.58353,0.1,0.0
2026-08-26T16:50:04Z,2026-10-30,65,45000.0,P,0.0012,0.0017,0.0014,78693.55,78084.65,0.6412,-0.01368,0.0,11.58353,109.0,3.0
2026-08-26T16:50:04Z,2026-10-30,65,48000.0,C,0.39,0.394,0.3918,78693.55,78084.65,0.6002000000000001,0.9814,0.0,15.07224,0.1,0.0
2026-08-26T16:50:04Z,2026-10-30,65,48000.0,P,0.0016,0.0022,0.0019,78693.55,78084.65,0.6002000000000001,-0.0186,0.0,15.07224,158.2,22.4
2026-08-26T16:50:04Z,2026-10-30,65,50000.0,C,0.365,0.369,0.3668,78693.55,78084.65,0.5747,0.97705,0.0,18.01341,0.1,0.0
2026-08-26T16:50:04Z,2026-10-30,65,50000.0,P,0.002,0.0026,0.0023,78693.55,78084.65,0.5747,-0.02295,0.0,18.01341,360.2,5.3
2026-08-26T16:50:04Z,2026-10-30,65,52000.0,C,0.34,0.344,0.3419,78693.55,78084.65,0.5496,0.97175,0.0,21.43571,0.1,0.0
2026-08-26T16:50:04Z,2026-10-30,65,52000.0,P,0.0024,0.0031,0.0027,78693.55,78084.65,0.5496,-0.02825,0.0,21.43571,101.2,0.0
2026-08-26T16:50:04Z,2026-10-30,65,54000.0,C,0.315,0.319,0.3171,78693.55,78084.65,0.527,0.96477,0.0,25.72546,0.1,0.0
2026-08-26T16:50:04Z,2026-10-30,65,54000.0,P,0.0031,0.0037,0.0034,78693.55,78084.65,0.527,-0.03523,0.0,25.72546,187.1,8.7
2026-08-26T16:50:04Z,2026-10-30,65,55000.0,C,0.303,0.307,0.3048,78693.55,78084.65,0.5164,0.96056,0.0,28.21158,0.1,0.0
2026-08-26T16:50:04Z,2026-10-30,65,55000.0,P,0.0035,0.004,0.0037,78693.55,78084.65,0.5164,-0.03944,0.0,28.21158,304.7,2.0
2026-08-26T16:50:04Z,2026-10-30,65,56000.0,C,0.2905,0.2945,0.2925,78693.55,78084.65,0.5055,0.95596,1e-05,30.84607,0.0,0.0
2026-08-26T16:50:04Z,2026-10-30,65,56000.0,P,0.0039,0.0044,0.0042,78696.57,78084.65,0.5055,-0.04402,1e-05,30.83765,470.0,0.0
2026-08-26T16:50:04Z,2026-10-30,65,57000.0,C,0.2785,0.2825,0.2803,78696.57,78084.65,0.49520000000000003,0.95075,1e-05,33.74493,0.1,0.0
2026-08-26T16:50:04Z,2026-10-30,65,57000.0,P,0.0044,0.0049,0.0046,78696.57,78084.65,0.49520000000000003,-0.04925,1e-05,33.74493,204.9,0.1
2026-08-26T16:50:04Z,2026-10-30,65,58000.0,C,0.266,0.2705,0.2682,78696.57,78084.65,0.48719999999999997,0.94419,1e-05,37.26412,0.0,0.0
2026-08-26T16:50:04Z,2026-10-30,65,58000.0,P,0.0049,0.0055,0.0053,78696.57,78084.65,0.48719999999999997,-0.05581,1e-05,37.26412,148.2,1.3
2026-08-26T16:50:04Z,2026-10-30,65,59000.0,C,0.254,0.258,0.2562,78696.57,78084.65,0.4781,0.93729,1e-05,40.83224,1.1,0.0
2026-08-26T16:50:04Z,2026-10-30,65,59000.0,P,0.0055,0.0065,0.0059,78696.57,78084.65,0.4781,-0.06271,1e-05,40.83224,79.7,0.1
2026-08-26T16:50:04Z,2026-10-30,65,60000.0,C,0.242,0.246,0.244,78696.57,78084.65,0.4648,0.93119,1e-05,43.88005,14.5,0.0
2026-08-26T16:50:04Z,2026-10-30,65,60000.0,P,0.006,0.007,0.0064,78696.57,78084.65,0.4648,-0.06881,1e-05,43.88005,1415.1,5.9
2026-08-26T16:50:04Z,2026-10-30,65,61000.0,C,0.2305,0.2345,0.2323,78696.57,78084.65,0.45899999999999996,0.92152,1e-05,48.52382,7.7,0.0
2026-08-26T16:50:04Z,2026-10-30,65,61000.0,P,0.007,0.008,0.0074,78696.57,78084.65,0.45899999999999996,-0.07848,1e-05,48.52382,326.6,25.1
2026-08-26T16:50:04Z,2026-10-30,65,62000.0,C,0.218,0.2225,0.2205,78696.57,78084.65,0.4512,0.91165,1e-05,53.04032,13.5,0.0
2026-08-26T16:50:04Z,2026-10-30,65,62000.0,P,0.008,0.009,0.0084,78696.57,78084.65,0.4512,-0.08835,1e-05,53.04032,1134.4,25.8
2026-08-26T16:50:04Z,2026-10-30,65,63000.0,C,0.2065,0.211,0.2088,78693.74,78084.65,0.44229999999999997,0.90116,1e-05,57.62265,153.2,0.1
2026-08-26T16:50:04Z,2026-10-30,65,63000.0,P,0.009,0.01,0.0094,78696.57,78084.65,0.44229999999999997,-0.09881,1e-05,57.61038,514.4,30.0
2026-08-26T16:50:04Z,2026-10-30,65,64000.0,C,0.195,0.1995,0.1974,78693.74,78084.65,0.43560000000000004,0.88861,1e-05,62.8312,422.0,1.3
2026-08-26T16:50:04Z,2026-10-30,65,64000.0,P,0.01,0.011,0.0107,78696.57,78084.65,0.43560000000000004,-0.11136,1e-05,62.81843,624.7,13.6
2026-08-26T16:50:04Z,2026-10-30,65,65000.0,C,0.184,0.188,0.1863,78696.57,78084.65,0.4304,0.87415,1e-05,68.49118,435.0,10.4
2026-08-26T16:50:04Z,2026-10-30,65,65000.0,P,0.012,0.0125,0.0123,78696.51,78084.65,0.4304,-0.12585,1e-05,68.4913,485.3,13.1
2026-08-26T16:50:04Z,2026-10-30,65,66000.0,C,0.173,0.177,0.1752,78696.51,78084.65,0.4228,0.85947,2e-05,73.89512,90.1,0.1
2026-08-26T16:50:04Z,2026-10-30,65,66000.0,P,0.0135,0.0145,0.0138,78696.51,78084.65,0.4228,-0.14053,2e-05,73.89512,143.0,25.3
2026-08-26T16:50:04Z,2026-10-30,65,67000.0,C,0.162,0.1665,0.1644,78696.51,78084.65,0.41729999999999995,0.84232,2e-05,79.80697,108.4,25.0
2026-08-26T16:50:04Z,2026-10-30,65,67000.0,P,0.015,0.016,0.0158,78696.51,78084.65,0.41729999999999995,-0.15768,2e-05,79.80697,216.3,3.0
2026-08-26T16:50:04Z,2026-10-30,65,68000.0,C,0.152,0.156,0.1539,78696.51,78084.65,0.4125,0.8234,2e-05,85.85657,50.3,0.0
2026-08-26T16:50:04Z,2026-10-30,65,68000.0,P,0.0175,0.0185,0.018,78696.51,78084.65,0.4125,-0.1766,2e-05,85.85657,350.5,316.3
2026-08-26T16:50:04Z,2026-10-30,65,69000.0,C,0.1415,0.146,0.1437,78696.51,78084.65,0.4083,0.8027,2e-05,91.95468,111.1,15.0
2026-08-26T16:50:04Z,2026-10-30,65,69000.0,P,0.02,0.021,0.0205,78696.51,78084.65,0.4083,-0.1973,2e-05,91.95468,176.4,15.7
2026-08-26T16:50:04Z,2026-10-30,65,70000.0,C,0.1325,0.135,0.1338,78696.51,78084.65,0.4042,0.78038,2e-05,97.95447,702.1,35.0
2026-08-26T16:50:04Z,2026-10-30,65,70000.0,P,0.0225,0.024,0.0233,78696.6,78084.65,0.4042,-0.21961,2e-05,97.95408,343.6,58.2
2026-08-26T16:50:04Z,2026-10-30,65,71000.0,C,0.123,0.1255,0.1244,78696.51,78084.65,0.4012,0.75619,2e-05,103.83123,277.5,1.0
2026-08-26T16:50:04Z,2026-10-30,65,71000.0,P,0.026,0.027,0.0266,78696.51,78084.65,0.4012,-0.24381,2e-05,103.83123,42.8,0.0
2026-08-26T16:50:04Z,2026-10-30,65,72000.0,C,0.114,0.1165,0.1152,78696.51,78084.65,0.39799999999999996,0.73066,3e-05,109.36125,267.4,0.0
2026-08-26T16:50:04Z,2026-10-30,65,72000.0,P,0.0295,0.0305,0.0301,78696.51,78084.65,0.39799999999999996,-0.26934,3e-05,109.36125,65.9,0.0
2026-08-26T16:50:04Z,2026-10-30,65,73000.0,C,0.1055,0.1075,0.1065,78696.51,78084.65,0.3953,0.70362,3e-05,114.50437,196.9,0.0
2026-08-26T16:50:04Z,2026-10-30,65,73000.0,P,0.0335,0.0345,0.0341,78696.51,78084.65,0.3953,-0.29638,3e-05,114.50437,32.2,2.0
2026-08-26T16:50:04Z,2026-10-30,65,74000.0,C,0.097,0.099,0.0982,78696.51,78084.65,0.3932,0.67531,3e-05,119.14071,193.0,0.1
2026-08-26T16:50:04Z,2026-10-30,65,74000.0,P,0.0375,0.039,0.0385,78696.75,78084.65,0.3932,-0.32468,3e-05,119.13994,171.5,0.2
2026-08-26T16:50:04Z,2026-10-30,65,75000.0,C,0.089,0.091,0.0903,78696.75,78084.65,0.39149999999999996,0.64595,3e-05,123.16859,1051.4,0.1
2026-08-26T16:50:04Z,2026-10-30,65,75000.0,P,0.0425,0.0435,0.0433,78696.75,78084.65,0.39149999999999996,-0.35405,3e-05,123.16859,303.9,302.0
2026-08-26T16:50:04Z,2026-10-30,65,76000.0,C,0.0815,0.0835,0.0828,78696.75,78084.65,0.3898,0.61585,3e-05,126.50191,197.1,0.0
2026-08-26T16:50:04Z,2026-10-30,65,76000.0,P,0.0475,0.049,0.0486,78696.56,78084.65,0.3898,-0.38416,3e-05,126.50215,40.2,2.0
2026-08-26T16:50:04Z,2026-10-30,65,77000.0,C,0.075,0.0765,0.0759,78696.75,78084.65,0.389,0.58511,3e-05,129.09354,82.0,30.0
2026-08-26T16:50:04Z,2026-10-30,65,77000.0,P,0.0535,0.0545,0.0543,78696.75,78084.65,0.389,-0.41489,3e-05,129.09354,71.4,0.0
2026-08-26T16:50:04Z,2026-10-30,65,78000.0,C,0.0685,0.07,0.0693,78696.75,78084.65,0.3881,0.55413,3e-05,130.89375,377.4,135.3
2026-08-26T16:50:04Z,2026-10-30,65,78000.0,P,0.0595,0.061,0.0605,78696.75,78084.65,0.3881,-0.44587,3e-05,130.89375,431.5,0.0
2026-08-26T16:50:04Z,2026-10-30,65,79000.0,C,0.0625,0.0635,0.0633,78696.56,78084.65,0.3882,0.52318,3e-05,131.88849,98.8,1.6
2026-08-26T16:50:04Z,2026-10-30,65,79000.0,P,0.066,0.068,0.0672,78696.75,78084.65,0.3882,-0.47682,3e-05,131.88869,35.7,0.5
2026-08-26T16:50:04Z,2026-10-30,65,80000.0,C,0.0565,0.058,0.0577,78696.75,78084.65,0.3881,0.49245,3e-05,132.08818,822.0,78.7
2026-08-26T16:50:04Z,2026-10-30,65,80000.0,P,0.073,0.075,0.0742,78696.75,78084.65,0.3881,-0.50755,3e-05,132.08818,146.3,0.8
2026-08-26T16:50:04Z,2026-10-30,65,81000.0,C,0.0515,0.053,0.0525,78696.75,78084.65,0.3883,0.46221,3e-05,131.51867,86.7,2.0
2026-08-26T16:50:04Z,2026-10-30,65,81000.0,P,0.0805,0.0825,0.0817,78696.75,78084.65,0.3883,-0.53779,3e-05,131.51867,21.3,0.0
2026-08-26T16:50:04Z,2026-10-30,65,82000.0,C,0.0465,0.048,0.0476,78696.75,78084.65,0.3886,0.43263,3e-05,130.22368,1180.2,0.0
2026-08-26T16:50:04Z,2026-10-30,65,82000.0,P,0.088,0.09,0.0896,78696.75,78084.65,0.3886,-0.56737,3e-05,130.22368,37.1,0.1
2026-08-26T16:50:04Z,2026-10-30,65,83000.0,C,0.0425,0.0435,0.0432,78696.75,78084.65,0.38939999999999997,0.40403,3e-05,128.27034,77.5,0.2
2026-08-26T16:50:04Z,2026-10-30,65,83000.0,P,0.0965,0.0985,0.0979,78696.31,78084.65,0.38939999999999997,-0.59599,3e-05,128.26846,0.0,0.0
2026-08-26T16:50:04Z,2026-10-30,65,84000.0,C,0.0385,0.0395,0.0392,78696.31,78084.65,0.39039999999999997,0.37643,3e-05,125.72165,580.3,0.1
2026-08-26T16:50:04Z,2026-10-30,65,84000.0,P,0.105,0.1075,0.1066,78696.73,78084.65,0.39039999999999997,-0.62356,3e-05,125.7236,0.7,0.0
2026-08-26T16:50:04Z,2026-10-30,65,85000.0,C,0.035,0.036,0.0356,78696.31,78084.65,0.3917,0.35008,3e-05,122.66925,1732.0,312.0
2026-08-26T16:50:04Z,2026-10-30,65,85000.0,P,0.114,0.1165,0.1157,78696.31,78084.65,0.3917,-0.64992,3e-05,122.66925,0.3,0.0
2026-08-26T16:50:04Z,2026-10-30,65,86000.0,C,0.0315,0.0325,0.0323,78696.31,78084.65,0.3933,0.32511,3e-05,119.20379,687.1,402.9
2026-08-26T16:50:04Z,2026-10-30,65,86000.0,P,0.1225,0.128,0.1251,78696.31,78084.65,0.3933,-0.67489,3e-05,119.20379,13.6,0.0
2026-08-26T16:50:04Z,2026-10-30,65,87000.0,C,0.0285,0.0295,0.0293,78696.31,78084.65,0.3951,0.30144,3e-05,115.388,25.6,0.0
2026-08-26T16:50:04Z,2026-10-30,65,87000.0,P,0.132,0.139,0.1348,78696.73,78084.65,0.3951,-0.69855,3e-05,115.39055,10.2,0.0
2026-08-26T16:50:04Z,2026-10-30,65,88000.0,C,0.0255,0.027,0.0265,78696.31,78084.65,0.3969,0.27908,3e-05,111.29607,90.2,0.4
2026-08-26T16:50:04Z,2026-10-30,65,88000.0,P,0.142,0.148,0.1447,78696.31,78084.65,0.3969,-0.72092,3e-05,111.29607,8.0,0.0
2026-08-26T16:50:04Z,2026-10-30,65,89000.0,C,0.0235,0.0245,0.0241,78696.31,78084.65,0.39890000000000003,0.25813,2e-05,107.01501,26.0,25.5
2026-08-26T16:50:04Z,2026-10-30,65,89000.0,P,0.152,0.1595,0.155,78696.31,78084.65,0.39890000000000003,-0.74187,2e-05,107.01501,5.0,0.0
2026-08-26T16:50:04Z,2026-10-30,65,90000.0,C,0.021,0.022,0.0218,78696.31,78084.65,0.4007,0.23835,2e-05,102.55873,1335.0,440.9
2026-08-26T16:50:04Z,2026-10-30,65,90000.0,P,0.1625,0.17,0.1654,78696.31,78084.65,0.4007,-0.76165,2e-05,102.55873,5.6,0.0
2026-08-26T16:50:04Z,2026-10-30,65,91000.0,C,0.0195,0.02,0.0198,78696.31,78084.65,0.4032,0.22027,2e-05,98.1206,12.4,1.1
2026-08-26T16:50:04Z,2026-10-30,65,91000.0,P,0.173,0.179,0.1761,78696.31,78084.65,0.4032,-0.77973,2e-05,98.1206,0.0,0.0
2026-08-26T16:50:04Z,2026-10-30,65,92000.0,C,0.0175,0.0185,0.0181,78696.31,78084.65,0.40619999999999995,0.20374,2e-05,93.74454,493.6,400.0
2026-08-26T16:50:04Z,2026-10-30,65,92000.0,P,0.184,0.19,0.1871,78696.31,78084.65,0.40619999999999995,-0.79626,2e-05,93.74454,0.0,0.0
2026-08-26T16:50:04Z,2026-10-30,65,94000.0,C,0.0145,0.0155,0.0151,78696.31,78084.65,0.4125,0.17436,2e-05,85.16637,259.1,12.7
2026-08-26T16:50:04Z,2026-10-30,65,94000.0,P,0.206,0.2125,0.2095,78698.15,78084.65,0.4125,-0.8256,2e-05,85.17885,0.0,0.0
2026-08-26T16:50:04Z,2026-10-30,65,95000.0,C,0.013,0.014,0.0137,78698.15,78084.65,0.4146,0.16062,2e-05,80.77969,1487.4,31.6
2026-08-26T16:50:04Z,2026-10-30,65,95000.0,P,0.2175,0.224,0.2208,78698.15,78084.65,0.4146,-0.83938,2e-05,80.77969,0.4,0.0
2026-08-26T16:50:04Z,2026-10-30,65,96000.0,C,0.012,0.013,0.0126,78698.15,78084.65,0.4188,0.1493,2e-05,76.97183,69.5,31.2
2026-08-26T16:50:04Z,2026-10-30,65,96000.0,P,0.229,0.2355,0.2325,78698.15,78084.65,0.4188,-0.8507,2e-05,76.97183,0.0,0.0
2026-08-26T16:50:04Z,2026-10-30,65,98000.0,C,0.01,0.011,0.0106,78698.15,78084.65,0.4253,0.12792,1e-05,69.27616,155.2,2.6
2026-08-26T16:50:04Z,2026-10-30,65,98000.0,P,0.2525,0.259,0.2559,78698.15,78084.65,0.4253,-0.87208,1e-05,69.27616,0.0,0.0
2026-08-26T16:50:04Z,2026-10-30,65,100000.0,C,0.0085,0.0095,0.0092,78698.15,78084.65,0.43479999999999996,0.11166,1e-05,62.94083,1444.8,301.2
2026-08-26T16:50:04Z,2026-10-30,65,100000.0,P,0.276,0.283,0.2799,78698.15,78084.65,0.43479999999999996,-0.88834,1e-05,62.94083,0.0,0.0
2026-08-26T16:50:04Z,2026-10-30,65,102000.0,C,0.007,0.008,0.0076,78698.15,78084.65,0.43829999999999997,0.09444,1e-05,55.73006,176.1,6.0
2026-08-26T16:50:04Z,2026-10-30,65,102000.0,P,0.3,0.3075,0.3037,78696.3,78084.65,0.43829999999999997,-0.90558,1e-05,55.71942,0.0,0.0
2026-08-26T16:50:04Z,2026-10-30,65,104000.0,C,0.006,0.007,0.0066,78698.15,78084.65,0.44659999999999994,0.08237,1e-05,50.32892,33.0,34.5
2026-08-26T16:50:04Z,2026-10-30,65,104000.0,P,0.3245,0.332,0.3281,78698.15,78084.65,0.44659999999999994,-0.91763,1e-05,50.32892,0.0,0.0
2026-08-26T16:50:04Z,2026-10-30,65,105000.0,C,0.0055,0.0065,0.006,78698.15,78084.65,0.4498,0.07652,1e-05,47.59897,543.7,250.0
2026-08-26T16:50:04Z,2026-10-30,65,105000.0,P,0.3365,0.344,0.3403,78698.15,78084.65,0.4498,-0.92348,1e-05,47.59897,0.0,0.0
2026-08-26T16:50:04Z,2026-10-30,65,110000.0,C,0.004,0.0046,0.0043,78698.15,78084.65,0.4698,0.05536,1e-05,37.02771,615.5,20.2
2026-08-26T16:50:04Z,2026-10-30,65,110000.0,P,0.398,0.4055,0.4021,78704.74,78084.65,0.4698,-0.9446,1e-05,37.05555,0.0,0.0
2026-08-26T16:50:04Z,2026-12-25,121,20000.0,C,0.7475,0.75,0.7484,79336.98,78084.65,0.9499,0.99742,0.0,3.64741,2.9,0.0
2026-08-26T16:50:04Z,2026-12-25,121,20000.0,P,0.0004,0.0006,0.0005,79335.13,78084.65,0.9499,-0.00258,0.0,3.64776,323.1,11.2
2026-08-26T16:50:04Z,2026-12-25,121,30000.0,C,0.6215,0.6245,0.623,79336.98,78084.65,0.7589,0.9928,0.0,9.10941,300.6,0.0
2026-08-26T16:50:04Z,2026-12-25,121,30000.0,P,0.001,0.0014,0.0012,79335.13,78084.65,0.7589,-0.0072,0.0,9.11039,2135.7,0.1
2026-08-26T16:50:04Z,2026-12-25,121,35000.0,C,0.559,0.562,0.5606,79336.98,78084.65,0.6870999999999999,0.98838,0.0,13.85834,77.8,0.0
2026-08-26T16:50:04Z,2026-12-25,121,35000.0,P,0.0016,0.0021,0.0018,79336.98,78084.65,0.6870999999999999,-0.01162,0.0,13.85834,2386.2,2.8
2026-08-26T16:50:04Z,2026-12-25,121,40000.0,C,0.4965,0.5005,0.4988,79336.98,78084.65,0.6347,0.98026,0.0,21.83743,250.9,0.0
2026-08-26T16:50:04Z,2026-12-25,121,40000.0,P,0.0028,0.0034,0.003,79336.98,78084.65,0.6347,-0.01974,0.0,21.83743,4492.3,10.7
2026-08-26T16:50:04Z,2026-12-25,121,45000.0,C,0.435,0.4385,0.437,79336.98,78084.65,0.5707,0.97078,0.0,30.36598,54.3,0.0
2026-08-26T16:50:04Z,2026-12-25,121,45000.0,P,0.0038,0.0045,0.0042,79336.98,78084.65,0.5707,-0.02922,0.0,30.36598,2839.8,0.2
2026-08-26T16:50:04Z,2026-12-25,121,50000.0,C,0.374,0.378,0.3763,79336.98,78084.65,0.5264,0.95323,0.0,44.59142,260.8,0.0
2026-08-26T16:50:04Z,2026-12-25,121,50000.0,P,0.0065,0.007,0.0066,79336.98,78084.65,0.5264,-0.04677,0.0,44.59142,2192.9,3.5
2026-08-26T16:50:04Z,2026-12-25,121,52000.0,C,0.35,0.354,0.3525,79343.77,78084.65,0.5101,0.94379,0.0,51.61924,0.1,0.0
2026-08-26T16:50:04Z,2026-12-25,121,52000.0,P,0.0075,0.008,0.0079,79343.77,78084.65,0.5101,-0.05621,0.0,51.61924,540.4,3.2
2026-08-26T16:50:04Z,2026-12-25,121,54000.0,C,0.326,0.3305,0.3288,79336.98,78084.65,0.494,0.93275,1e-05,59.37685,33.1,0.0
2026-08-26T16:50:04Z,2026-12-25,121,54000.0,P,0.009,0.01,0.0094,79336.98,78084.65,0.494,-0.06725,1e-05,59.37685,1849.5,32.0
2026-08-26T16:50:04Z,2026-12-25,121,55000.0,C,0.3145,0.3185,0.3171,79343.77,78084.65,0.4876,0.92613,1e-05,63.8272,44.9,0.0
2026-08-26T16:50:04Z,2026-12-25,121,55000.0,P,0.01,0.011,0.0104,79343.77,78084.65,0.4876,-0.07387,1e-05,63.8272,2505.9,2.4
2026-08-26T16:50:04Z,2026-12-25,121,56000.0,C,0.303,0.307,0.3055,79343.77,78084.65,0.4804,0.91919,1e-05,68.33056,41.5,0.0
2026-08-26T16:50:04Z,2026-12-25,121,56000.0,P,0.011,0.012,0.0114,79343.77,78084.65,0.4804,-0.08081,1e-05,68.33056,488.1,0.0
2026-08-26T16:50:04Z,2026-12-25,121,58000.0,C,0.2805,0.2845,0.2828,79343.77,78084.65,0.4685,0.90288,1e-05,78.35448,40.3,0.0
2026-08-26T16:50:04Z,2026-12-25,121,58000.0,P,0.013,0.0145,0.0138,79343.77,78084.65,0.4685,-0.09712,1e-05,78.35448,1974.2,6.2
2026-08-26T16:50:04Z,2026-12-25,121,60000.0,C,0.2585,0.2625,0.2605,79343.77,78084.65,0.4575,0.88378,1e-05,89.20464,797.9,0.0
2026-08-26T16:50:04Z,2026-12-25,121,60000.0,P,0.016,0.0175,0.0168,79343.77,78084.65,0.4575,-0.11622,1e-05,89.20464,6502.4,2.4
2026-08-26T16:50:04Z,2026-12-25,121,62000.0,C,0.237,0.241,0.2389,79343.77,78084.65,0.4474,0.8616,1e-05,100.73329,247.1,0.0
2026-08-26T16:50:04Z,2026-12-25,121,62000.0,P,0.02,0.021,0.0204,79343.77,78084.65,0.4474,-0.1384,1e-05,100.73329,1560.0,12.2
2026-08-26T16:50:04Z,2026-12-25,121,64000.0,C,0.2155,0.22,0.2181,79343.77,78084.65,0.4393,0.83578,1e-05,112.88287,405.2,0.2
2026-08-26T16:50:04Z,2026-12-25,121,64000.0,P,0.024,0.025,0.0248,79343.77,78084.65,0.4393,-0.16422,1e-05,112.88287,345.7,0.5
2026-08-26T16:50:04Z,2026-12-25,121,65000.0,C,0.206,0.21,0.208,79343.77,78084.65,0.43560000000000004,0.8216,1e-05,119.02037,952.1,0.0
2026-08-26T16:50:04Z,2026-12-25,121,65000.0,P,0.0265,0.028,0.0273,79336.98,78084.65,0.43560000000000004,-0.17849,1e-05,119.04766,845.0,1.0
2026-08-26T16:50:04Z,2026-12-25,121,66000.0,C,0.195,0.2,0.1982,79346.67,78084.65,0.43200000000000005,0.80667,1e-05,125.10864,279.9,0.0
2026-08-26T16:50:04Z,2026-12-25,121,66000.0,P,0.0295,0.0305,0.03,79346.67,78084.65,0.43200000000000005,-0.19333,1e-05,125.10864,375.9,0.0
2026-08-26T16:50:04Z,2026-12-25,121,68000.0,C,0.178,0.1805,0.1793,79346.67,78084.65,0.4264,0.774,2e-05,137.14899,1033.7,2.0
2026-08-26T16:50:04Z,2026-12-25,121,68000.0,P,0.0355,0.037,0.0364,79346.67,78084.65,0.4264,-0.226,2e-05,137.14899,555.8,1.4
2026-08-26T16:50:04Z,2026-12-25,121,70000.0,C,0.1605,0.1625,0.1613,79346.67,78084.65,0.42119999999999996,0.73847,2e-05,148.40725,1948.0,0.8
2026-08-26T16:50:04Z,2026-12-25,121,70000.0,P,0.0425,0.044,0.0436,79346.67,78084.65,0.42119999999999996,-0.26153,2e-05,148.40725,1250.2,6.2
2026-08-26T16:50:04Z,2026-12-25,121,72000.0,C,0.1435,0.1455,0.1446,79346.67,78084.65,0.4172,0.70021,2e-05,158.55092,1272.0,0.1
2026-08-26T16:50:04Z,2026-12-25,121,72000.0,P,0.051,0.0525,0.0521,79346.67,78084.65,0.4172,-0.29979,2e-05,158.55092,351.9,12.6
2026-08-26T16:50:04Z,2026-12-25,121,74000.0,C,0.128,0.13,0.1291,79343.95,78084.65,0.414,0.65981,2e-05,167.16906,145.5,0.0
2026-08-26T16:50:04Z,2026-12-25,121,74000.0,P,0.061,0.062,0.0618,79346.67,78084.65,0.414,-0.34013,2e-05,167.16488,143.6,0.0
2026-08-26T16:50:04Z,2026-12-25,121,75000.0,C,0.1205,0.1225,0.1218,79343.95,78084.65,0.4129,0.63904,2e-05,170.80642,1952.7,4.0
2026-08-26T16:50:04Z,2026-12-25,121,75000.0,P,0.066,0.0675,0.0671,79346.67,78084.65,0.4129,-0.36091,2e-05,170.8035,1008.3,10.6
2026-08-26T16:50:04Z,2026-12-25,121,76000.0,C,0.114,0.1155,0.1148,79346.67,78084.65,0.4119,0.61806,2e-05,173.9517,413.1,34.2
2026-08-26T16:50:04Z,2026-12-25,121,76000.0,P,0.0715,0.073,0.0727,79346.67,78084.65,0.4119,-0.38194,2e-05,173.9517,186.3,0.5
2026-08-26T16:50:04Z,2026-12-25,121,78000.0,C,0.101,0.1025,0.1018,79346.67,78084.65,0.4106,0.57556,2e-05,178.70574,1073.6,1.8
2026-08-26T16:50:04Z,2026-12-25,121,78000.0,P,0.084,0.0855,0.085,79343.95,78084.65,0.4106,-0.4245,2e-05,178.70456,593.9,250.5
2026-08-26T16:50:04Z,2026-12-25,121,80000.0,C,0.089,0.0905,0.0901,79346.67,78084.65,0.40990000000000004,0.53309,2e-05,181.35309,8846.5,65.4
2026-08-26T16:50:04Z,2026-12-25,121,80000.0,P,0.097,0.099,0.0984,79346.67,78084.65,0.40990000000000004,-0.46691,2e-05,181.35309,1118.3,35.8
2026-08-26T16:50:04Z,2026-12-25,121,82000.0,C,0.0785,0.08,0.0794,79346.93,78084.65,0.40909999999999996,0.49112,2e-05,181.93491,1234.3,7.1
2026-08-26T16:50:04Z,2026-12-25,121,82000.0,P,0.1115,0.1135,0.1128,79346.93,78084.65,0.40909999999999996,-0.50888,2e-05,181.93491,174.7,1.4
2026-08-26T16:50:04Z,2026-12-25,121,84000.0,C,0.069,0.0705,0.0698,79350.48,78084.65,0.4092,0.45047,2e-05,180.58384,1205.7,50.6
2026-08-26T16:50:04Z,2026-12-25,121,84000.0,P,0.127,0.129,0.1285,79350.48,78084.65,0.4092,-0.54953,2e-05,180.58384,50.0,4.5
2026-08-26T16:50:04Z,2026-12-25,121,85000.0,C,0.0645,0.066,0.0656,79350.48,78084.65,0.40979999999999994,0.43089,2e-05,179.25053,1984.9,601.0
2026-08-26T16:50:04Z,2026-12-25,121,85000.0,P,0.1355,0.1375,0.1369,79350.48,78084.65,0.40979999999999994,-0.56911,2e-05,179.25063,542.3,0.0
2026-08-26T16:50:04Z,2026-12-25,121,86000.0,C,0.0605,0.062,0.0615,79350.48,78084.65,0.41009999999999996,0.4116,2e-05,177.50215,343.7,68.0
2026-08-26T16:50:04Z,2026-12-25,121,86000.0,P,0.144,0.146,0.1453,79350.48,78084.65,0.41009999999999996,-0.5884,2e-05,177.50206,40.4,15.0
2026-08-26T16:50:04Z,2026-12-25,121,88000.0,C,0.053,0.0545,0.054,79350.48,78084.65,0.41119999999999995,0.37469,2e-05,172.93492,3166.5,83.8
2026-08-26T16:50:04Z,2026-12-25,121,88000.0,P,0.1605,0.169,0.1631,79350.48,78084.65,0.41119999999999995,-0.62531,2e-05,172.93492,4.5,0.0
2026-08-26T16:50:04Z,2026-12-25,121,90000.0,C,0.0465,0.048,0.0475,79350.48,78084.65,0.4129,0.3402,2e-05,167.18486,4349.1,659.3
2026-08-26T16:50:04Z,2026-12-25,121,90000.0,P,0.1795,0.183,0.1818,79346.93,78084.65,0.4129,-0.65987,2e-05,167.16439,639.6,25.3
2026-08-26T16:50:04Z,2026-12-25,121,92000.0,C,0.041,0.042,0.0416,79350.48,78084.65,0.4144,0.30793,2e-05,160.46547,323.3,53.0
2026-08-26T16:50:04Z,2026-12-25,121,92000.0,P,0.198,0.206,0.2011,79350.48,78084.65,0.4144,-0.69207,2e-05,160.46547,6.6,0.0
2026-08-26T16:50:04Z,2026-12-25,121,94000.0,C,0.036,0.037,0.0367,79350.48,78084.65,0.4169,0.2786,2e-05,153.18654,167.0,0.1
2026-08-26T16:50:04Z,2026-12-25,121,94000.0,P,0.218,0.226,0.2214,79350.48,78084.65,0.4169,-0.7214,2e-05,153.18654,5.3,0.0
2026-08-26T16:50:04Z,2026-12-25,121,95000.0,C,0.0335,0.035,0.0345,79350.48,78084.65,0.41859999999999997,0.2651,2e-05,149.44551,1439.1,34.1
2026-08-26T16:50:04Z,2026-12-25,121,95000.0,P,0.2285,0.235,0.2318,79350.48,78084.65,0.41859999999999997,-0.7349,2e-05,149.44551,89.3,1.5
2026-08-26T16:50:04Z,2026-12-25,121,96000.0,C,0.0315,0.033,0.0324,79355.9,78084.65,0.4201,0.25218,2e-05,145.63879,1406.1,17.0
2026-08-26T16:50:04Z,2026-12-25,121,96000.0,P,0.239,0.247,0.2423,79350.48,78084.65,0.4201,-0.74791,2e-05,145.60134,11.3,0.0
2026-08-26T16:50:04Z,2026-12-25,121,98000.0,C,0.028,0.029,0.0286,79350.48,78084.65,0.4228,0.22756,2e-05,137.68959,286.4,34.6
2026-08-26T16:50:04Z,2026-12-25,121,98000.0,P,0.2605,0.2675,0.2637,79355.9,78084.65,0.4228,-0.77236,2e-05,137.72789,1.2,0.0
2026-08-26T16:50:04Z,2026-12-25,121,100000.0,C,0.0245,0.026,0.0254,79350.48,78084.65,0.4264,0.20585,1e-05,129.9317,6112.7,67.2
2026-08-26T16:50:04Z,2026-12-25,121,100000.0,P,0.282,0.2895,0.2857,79355.9,78084.65,0.4264,-0.79407,1e-05,129.97029,303.3,0.0
2026-08-26T16:50:04Z,2026-12-25,121,102000.0,C,0.022,0.023,0.0225,79355.9,78084.65,0.42979999999999996,0.18612,1e-05,122.23143,374.0,0.0
2026-08-26T16:50:04Z,2026-12-25,121,102000.0,P,0.3045,0.3135,0.308,79355.9,78084.65,0.42979999999999996,-0.81388,1e-05,122.23143,7.8,0.0
2026-08-26T16:50:04Z,2026-12-25,121,104000.0,C,0.0195,0.0205,0.0201,79355.9,78084.65,0.4338,0.16861,1e-05,114.84033,89.8,0.0
2026-08-26T16:50:04Z,2026-12-25,121,104000.0,P,0.327,0.3345,0.3308,79355.9,78084.65,0.4338,-0.83139,1e-05,114.84033,0.1,0.0
2026-08-26T16:50:04Z,2026-12-25,121,105000.0,C,0.018,0.0195,0.019,79355.9,78084.65,0.43579999999999997,0.16048,1e-05,111.21752,905.3,0.4
2026-08-26T16:50:04Z,2026-12-25,121,105000.0,P,0.339,0.346,0.3423,79355.9,78084.65,0.43579999999999997,-0.83952,1e-05,111.21752,109.4,0.0
2026-08-26T16:50:04Z,2026-12-25,121,106000.0,C,0.017,0.0185,0.018,79350.48,78084.65,0.4378,0.15279,1e-05,107.6709,692.9,0.6
2026-08-26T16:50:04Z,2026-12-25,121,106000.0,P,0.3505,0.3575,0.3539,79350.48,78084.65,0.4378,-0.84721,1e-05,107.6709,0.2,0.0
2026-08-26T16:50:04Z,2026-12-25,121,108000.0,C,0.0155,0.0165,0.0161,79355.9,78084.65,0.4424,0.13907,1e-05,101.08039,132.9,0.7
2026-08-26T16:50:04Z,2026-12-25,121,108000.0,P,0.373,0.3815,0.3773,79350.48,78084.65,0.4424,-0.86099,1e-05,101.04405,0.1,0.0
2026-08-26T16:50:04Z,2026-12-25,121,110000.0,C,0.014,0.015,0.0146,79355.9,78084.65,0.4471,0.12677,1e-05,94.83802,2751.2,7.4
2026-08-26T16:50:04Z,2026-12-25,121,110000.0,P,0.3965,0.4075,0.4009,79350.48,78084.65,0.4471,-0.87328,1e-05,94.80278,54.2,0.0
2026-08-26T16:50:04Z,2026-12-25,121,115000.0,C,0.0105,0.012,0.0113,79357.08,78084.65,0.4578,0.10061,1e-05,80.41917,2273.5,24.9
2026-08-26T16:50:04Z,2026-12-25,121,115000.0,P,0.4565,0.468,0.4606,79357.08,78084.65,0.4578,-0.89939,1e-05,80.41917,5.0,0.0
2026-08-26T16:50:04Z,2026-12-25,121,120000.0,C,0.0085,0.0095,0.0091,79357.08,78084.65,0.4707,0.08184,1e-05,68.99588,5819.7,171.4
2026-08-26T16:50:04Z,2026-12-25,121,120000.0,P,0.517,0.526,0.5214,79357.08,78084.65,0.4707,-0.91816,1e-05,68.99588,35.7,0.0
2026-08-26T16:50:04Z,2026-12-25,121,125000.0,C,0.007,0.008,0.0075,79357.08,78084.65,0.4841,0.06766,1e-05,59.66932,600.0,15.6
2026-08-26T16:50:04Z,2026-12-25,121,125000.0,P,0.5775,0.587,0.5827,79357.08,78084.65,0.4841,-0.93234,1e-05,59.66932,9.1,0.1
2026-08-26T16:50:04Z,2026-12-25,121,130000.0,C,0.0055,0.0065,0.006,79357.08,78084.65,0.4946,0.05551,0.0,51.12187,1548.8,0.2
2026-08-26T16:50:04Z,2026-12-25,121,130000.0,P,0.639,0.6485,0.6443,79357.08,78084.65,0.4946,-0.94449,0.0,51.12187,54.0,0.0
2026-08-26T16:50:04Z,2026-12-25,121,135000.0,C,0.005,0.0055,0.0053,79357.08,78084.65,0.5104,0.04805,0.0,45.5764,1309.2,1.0
2026-08-26T16:50:04Z,2026-12-25,121,135000.0,P,0.702,0.7115,0.7066,79357.08,78084.65,0.5104,-0.95195,0.0,45.5764,0.7,0.0
2026-08-26T16:50:04Z,2026-12-25,121,140000.0,C,0.0041,0.0047,0.0044,79355.89,78084.65,0.5213,0.04052,0.0,39.7305,1424.1,0.5
2026-08-26T16:50:04Z,2026-12-25,121,140000.0,P,0.763,0.7735,0.7687,79357.08,78084.65,0.5213,-0.95947,0.0,39.73456,0.4,0.1
2026-08-26T16:50:04Z,2026-12-25,121,150000.0,C,0.0031,0.0034,0.0033,79357.08,78084.65,0.5443,0.03018,0.0,31.19189,1753.5,55.9
2026-08-26T16:50:04Z,2026-12-25,121,150000.0,P,0.8885,0.899,0.8936,79355.89,78084.65,0.5443,-0.96983,0.0,31.18861,3.1,0.5
2026-08-26T16:50:04Z,2026-12-25,121,160000.0,C,0.0024,0.0028,0.0026,79357.08,78084.65,0.568,0.02362,0.0,25.42132,1260.8,0.0
2026-08-26T16:50:04Z,2026-12-25,121,160000.0,P,1.008,1.034,1.019,79357.08,78084.65,0.568,-0.97638,0.0,25.42132,0.1,0.0
2026-08-26T16:50:04Z,2026-12-25,121,170000.0,C,0.0021,0.0023,0.0022,79355.89,78084.65,0.5946,0.0198,0.0,21.90101,2380.5,11.2
2026-08-26T16:50:04Z,2026-12-25,121,170000.0,P,1.1335,1.156,1.1446,79357.08,78084.65,0.5946,-0.9802,0.0,21.90332,0.1,0.0
2026-08-26T16:50:04Z,2026-12-25,121,180000.0,C,0.0015,0.002,0.0018,79357.08,78084.65,0.6114999999999999,0.01562,0.0,17.88699,932.5,0.0
2026-08-26T16:50:04Z,2026-12-25,121,180000.0,P,1.259,1.2815,1.27,79357.13,78084.65,0.6114999999999999,-0.98438,0.0,17.88685,0.1,0.0
2026-08-26T16:50:04Z,2026-12-25,121,190000.0,C,0.0013,0.0017,0.0015,79358.1,78084.65,0.6309,0.01301,0.0,15.28406,1026.3,0.2
2026-08-26T16:50:04Z,2026-12-25,121,190000.0,P,1.383,1.4075,1.3958,79358.1,78084.65,0.6309,-0.98699,0.0,15.28406,0.0,0.0
2026-08-26T16:50:04Z,2026-12-25,121,200000.0,C,0.0011,0.0015,0.0012,79357.13,78084.65,0.648,0.01086,0.0,13.07045,969.3,0.0
2026-08-26T16:50:04Z,2026-12-25,121,200000.0,P,1.5085,1.535,1.5215,79357.13,78084.65,0.648,-0.98914,0.0,13.07045,0.0,0.0
2026-08-26T16:50:04Z,2026-12-25,121,210000.0,C,0.0007,0.0013,0.001,79358.1,78084.65,0.6627,0.00905,0.0,11.13898,163.0,0.0
2026-08-26T16:50:04Z,2026-12-25,121,210000.0,P,1.6305,1.661,1.6473,79357.13,78084.65,0.6627,-0.99095,0.0,11.138,0.0,0.0
2026-08-26T16:50:04Z,2026-12-25,121,220000.0,C,0.0006,0.0013,0.0009,79357.13,78084.65,0.6814,0.00804,0.0,10.04084,253.6,6.8
2026-08-26T16:50:04Z,2026-12-25,121,220000.0,P,1.7555,1.7885,1.7733,79358.1,78084.65,0.6814,-0.99196,0.0,10.04172,0.0,0.0
2026-08-26T16:50:04Z,2026-12-25,121,230000.0,C,0.0005,0.0012,0.0008,79358.1,78084.65,0.6977,0.0071,0.0,8.99773,190.4,30.0
2026-08-26T16:50:04Z,2026-12-25,121,230000.0,P,1.884,1.9155,1.8992,79358.1,78084.65,0.6977,-0.9929,0.0,8.99773,0.0,0.0
2026-08-26T16:50:04Z,2026-12-25,121,240000.0,C,0.0004,0.0011,0.0007,79358.1,78084.65,0.7112,0.00617,0.0,7.95251,786.1,7.0
2026-08-26T16:50:04Z,2026-12-25,121,240000.0,P,2.0085,2.043,2.0251,79358.1,78084.65,0.7112,-0.99383,0.0,7.95251,0.0,0.0
2026-08-26T16:50:04Z,2026-12-25,121,250000.0,C,0.0004,0.001,0.0006,79358.1,78084.65,0.7234999999999999,0.00537,0.0,7.02968,1278.5,14.0
2026-08-26T16:50:04Z,2026-12-25,121,250000.0,P,2.1335,2.1695,2.151,79358.1,78084.65,0.7234999999999999,-0.99463,0.0,7.02968,10.0,0.0
2026-08-26T16:50:04Z,2027-03-26,212,35000.0,C,0.5655,0.569,0.5676,80247.14,78084.65,0.5921,0.98058,0.0,28.85434,9.4,0.2
2026-08-26T16:50:04Z,2027-03-26,212,35000.0,P,0.0034,0.0043,0.0038,80245.51,78084.65,0.5921,-0.01942,0.0,28.85644,674.2,105.1
2026-08-26T16:50:04Z,2027-03-26,212,40000.0,C,0.5055,0.5095,0.5074,80245.51,78084.65,0.5502,0.96934,0.0,42.33231,81.3,0.0
2026-08-26T16:50:04Z,2027-03-26,212,40000.0,P,0.0055,0.006,0.0058,80245.51,78084.65,0.5502,-0.03066,0.0,42.33231,1808.6,42.2
2026-08-26T16:50:04Z,2027-03-26,212,45000.0,C,0.4465,0.4505,0.4485,80245.51,78084.65,0.5185,0.95179,0.0,61.21456,3.3,0.0
2026-08-26T16:50:04Z,2027-03-26,212,45000.0,P,0.009,0.01,0.0093,80245.51,78084.65,0.5185,-0.04821,0.0,61.21456,262.7,0.0
2026-08-26T16:50:04Z,2027-03-26,212,50000.0,C,0.388,0.393,0.3911,80245.51,78084.65,0.4901,0.92705,0.0,84.68099,20.6,0.0
2026-08-26T16:50:04Z,2027-03-26,212,50000.0,P,0.0135,0.015,0.0142,80245.51,78084.65,0.4901,-0.07295,0.0,84.68099,2352.4,0.0
2026-08-26T16:50:04Z,2027-03-26,212,52000.0,C,0.3655,0.371,0.3688,80245.51,78084.65,0.4802,0.91454,1e-05,95.46677,5.3,0.0
2026-08-26T16:50:04Z,2027-03-26,212,52000.0,P,0.016,0.0175,0.0168,80245.51,78084.65,0.4802,-0.08546,1e-05,95.46677,123.8,0.0
2026-08-26T16:50:04Z,2027-03-26,212,54000.0,C,0.3435,0.35,0.347,80247.14,78084.65,0.47200000000000003,0.90004,1e-05,107.20315,0.1,0.0
2026-08-26T16:50:04Z,2027-03-26,212,54000.0,P,0.019,0.021,0.0199,80245.51,78084.65,0.47200000000000003,-0.09997,1e-05,107.20874,84.0,0.1
2026-08-26T16:50:04Z,2027-03-26,212,55000.0,C,0.334,0.3385,0.3362,80245.51,78084.65,0.4677,0.8923,1e-05,113.16011,28.6,0.0
2026-08-26T16:50:04Z,2027-03-26,212,55000.0,P,0.021,0.0225,0.0216,80245.51,78084.65,0.4677,-0.1077,1e-05,113.16011,1256.2,0.0
2026-08-26T16:50:04Z,2027-03-26,212,56000.0,C,0.3205,0.328,0.3256,80245.51,78084.65,0.46380000000000005,0.88399,1e-05,119.34552,16.9,0.0
2026-08-26T16:50:04Z,2027-03-26,212,56000.0,P,0.0225,0.024,0.0235,80245.51,78084.65,0.46380000000000005,-0.11601,1e-05,119.34552,121.4,0.0
2026-08-26T16:50:04Z,2027-03-26,212,58000.0,C,0.302,0.3075,0.3048,80245.51,78084.65,0.4562,0.86613,1e-05,131.90226,4.3,0.0
2026-08-26T16:50:04Z,2027-03-26,212,58000.0,P,0.0265,0.0285,0.0276,80246.18,78084.65,0.4562,-0.13386,1e-05,131.89964,134.7,0.0
2026-08-26T16:50:04Z,2027-03-26,212,60000.0,C,0.2795,0.2875,0.2846,80246.18,78084.65,0.4496,0.84625,1e-05,144.8247,649.0,0.0
2026-08-26T16:50:04Z,2027-03-26,212,60000.0,P,0.0315,0.033,0.0323,80246.18,78084.65,0.4496,-0.15375,1e-05,144.8247,801.8,6.8
2026-08-26T16:50:04Z,2027-03-26,212,62000.0,C,0.26,0.2685,0.2652,80246.18,78084.65,0.444,0.82433,1e-05,157.89212,60.7,0.0
2026-08-26T16:50:04Z,2027-03-26,212,62000.0,P,0.037,0.0385,0.0378,80246.18,78084.65,0.444,-0.17567,1e-05,157.89212,297.3,0.0
2026-08-26T16:50:04Z,2027-03-26,212,64000.0,C,0.2415,0.2485,0.2465,80246.18,78084.65,0.439,0.80063,1e-05,170.74374,143.9,0.0
2026-08-26T16:50:04Z,2027-03-26,212,64000.0,P,0.043,0.045,0.044,80246.18,78084.65,0.439,-0.19937,1e-05,170.74374,126.0,0.0
2026-08-26T16:50:04Z,2027-03-26,212,65000.0,C,0.236,0.2385,0.2374,80246.18,78084.65,0.43670000000000003,0.78813,1e-05,177.01947,366.9,0.0
2026-08-26T16:50:04Z,2027-03-26,212,65000.0,P,0.0465,0.048,0.0474,80246.18,78084.65,0.43670000000000003,-0.21187,1e-05,177.01947,643.3,16.0
2026-08-26T16:50:04Z,2027-03-26,212,66000.0,C,0.227,0.2295,0.2286,80246.18,78084.65,0.4346,0.77518,1e-05,183.17439,23.9,0.0
2026-08-26T16:50:04Z,2027-03-26,212,66000.0,P,0.05,0.052,0.051,80246.18,78084.65,0.4346,-0.22482,1e-05,183.17439,106.9,1.4
2026-08-26T16:50:04Z,2027-03-26,212,68000.0,C,0.21,0.2125,0.2115,80246.18,78084.65,0.43079999999999996,0.7482,1e-05,194.91046,196.6,0.0
2026-08-26T16:50:04Z,2027-03-26,212,68000.0,P,0.058,0.0595,0.0589,80246.18,78084.65,0.43079999999999996,-0.2518,1e-05,194.91046,292.9,10.0
2026-08-26T16:50:04Z,2027-03-26,212,70000.0,C,0.1935,0.1965,0.1952,80246.18,78084.65,0.42729999999999996,0.71989,1e-05,205.72921,798.0,0.1
2026-08-26T16:50:04Z,2027-03-26,212,70000.0,P,0.0665,0.0685,0.0675,80245.5,78084.65,0.42729999999999996,-0.28012,1e-05,205.73058,503.8,0.1
2026-08-26T16:50:04Z,2027-03-26,212,72000.0,C,0.1785,0.181,0.1799,80246.18,78084.65,0.4244,0.69044,1e-05,215.43595,95.3,0.0
2026-08-26T16:50:04Z,2027-03-26,212,72000.0,P,0.076,0.078,0.0771,80245.5,78084.65,0.4244,-0.30957,1e-05,215.43694,151.6,28.6
2026-08-26T16:50:04Z,2027-03-26,212,74000.0,C,0.164,0.1665,0.1655,80246.18,78084.65,0.42219999999999996,0.66013,1e-05,223.85802,73.2,0.0
2026-08-26T16:50:04Z,2027-03-26,212,74000.0,P,0.0865,0.0885,0.0876,80246.18,78084.65,0.42219999999999996,-0.33987,1e-05,223.85802,155.4,0.0
2026-08-26T16:50:04Z,2027-03-26,212,76000.0,C,0.1505,0.153,0.152,80244.51,78084.65,0.4203,0.62924,1e-05,230.85866,528.4,0.0
2026-08-26T16:50:04Z,2027-03-26,212,76000.0,P,0.098,0.1,0.0991,80244.51,78084.65,0.4203,-0.37076,1e-05,230.85866,78.6,34.0
2026-08-26T16:50:04Z,2027-03-26,212,78000.0,C,0.138,0.1405,0.1394,80244.51,78084.65,0.4188,0.59809,2e-05,236.35698,564.0,4.0
2026-08-26T16:50:04Z,2027-03-26,212,78000.0,P,0.11,0.112,0.1114,80244.51,78084.65,0.4188,-0.40191,2e-05,236.35698,206.8,29.0
2026-08-26T16:50:04Z,2027-03-26,212,80000.0,C,0.1265,0.1285,0.1278,80244.51,78084.65,0.4181,0.56701,2e-05,240.31716,965.6,0.0
2026-08-26T16:50:04Z,2027-03-26,212,80000.0,P,0.1235,0.1255,0.1247,80244.51,78084.65,0.4181,-0.43299,2e-05,240.31716,203.8,0.1
2026-08-26T16:50:04Z,2027-03-26,212,82000.0,C,0.116,0.118,0.117,80244.51,78084.65,0.4175,0.5362,2e-05,242.75917,1070.1,16.0
2026-08-26T16:50:04Z,2027-03-26,212,82000.0,P,0.1375,0.14,0.1389,80244.51,78084.65,0.4175,-0.4638,2e-05,242.75917,4.2,0.0
2026-08-26T16:50:04Z,2027-03-26,212,84000.0,C,0.106,0.108,0.1072,80244.51,78084.65,0.41759999999999997,0.50605,2e-05,243.7356,263.2,0.0
2026-08-26T16:50:04Z,2027-03-26,212,84000.0,P,0.1525,0.155,0.154,80246.16,78084.65,0.41759999999999997,-0.49393,2e-05,243.74037,55.2,0.0
2026-08-26T16:50:04Z,2027-03-26,212,85000.0,C,0.1015,0.1035,0.1025,80244.51,78084.65,0.4175,0.49117,2e-05,243.70392,328.2,0.0
2026-08-26T16:50:04Z,2027-03-26,212,85000.0,P,0.16,0.163,0.1618,80244.51,78084.65,0.4175,-0.50883,2e-05,243.70392,1.0,0.0
2026-08-26T16:50:04Z,2027-03-26,212,86000.0,C,0.097,0.099,0.0981,80244.51,78084.65,0.4178,0.47662,2e-05,243.34474,133.6,0.1
2026-08-26T16:50:04Z,2027-03-26,212,86000.0,P,0.1685,0.171,0.1698,80244.51,78084.65,0.4178,-0.52338,2e-05,243.34474,1.7,0.0
2026-08-26T16:50:04Z,2027-03-26,212,88000.0,C,0.0885,0.0905,0.0898,80246.16,78084.65,0.4181,0.44808,2e-05,241.70161,77.0,0.1
2026-08-26T16:50:04Z,2027-03-26,212,88000.0,P,0.1845,0.1875,0.1864,80246.16,78084.65,0.4181,-0.55192,2e-05,241.70161,4.7,0.0
2026-08-26T16:50:04Z,2027-03-26,212,90000.0,C,0.081,0.083,0.0822,80244.51,78084.65,0.4189,0.42068,2e-05,238.92982,475.7,2.4
2026-08-26T16:50:04Z,2027-03-26,212,90000.0,P,0.202,0.2055,0.2037,80244.44,78084.65,0.4189,-0.57932,2e-05,238.92937,14.1,0.0
2026-08-26T16:50:04Z,2027-03-26,212,92000.0,C,0.074,0.076,0.0752,80244.6,78084.65,0.41979999999999995,0.39439,2e-05,235.17172,275.3,2.3
2026-08-26T16:50:04Z,2027-03-26,212,92000.0,P,0.2185,0.224,0.2217,80244.6,78084.65,0.41979999999999995,-0.60561,2e-05,235.17172,0.6,0.0
2026-08-26T16:50:04Z,2027-03-26,212,94000.0,C,0.0675,0.0695,0.0689,80244.6,78084.65,0.42100000000000004,0.36944,1e-05,230.59147,131.9,0.0
2026-08-26T16:50:04Z,2027-03-26,212,94000.0,P,0.237,0.2425,0.2403,80244.6,78084.65,0.42100000000000004,-0.63056,1e-05,230.59147,9.1,0.0
2026-08-26T16:50:04Z,2027-03-26,212,95000.0,C,0.0645,0.0665,0.0659,80244.6,78084.65,0.4216,0.35744,1e-05,228.02954,498.1,0.0
2026-08-26T16:50:04Z,2027-03-26,212,95000.0,P,0.246,0.26,0.2498,80244.6,78084.65,0.4216,-0.64256,1e-05,228.02954,0.4,0.0
2026-08-26T16:50:04Z,2027-03-26,212,96000.0,C,0.062,0.064,0.0631,80244.6,78084.65,0.4224,0.34582,1e-05,225.32515,149.7,0.0
2026-08-26T16:50:04Z,2027-03-26,212,96000.0,P,0.2545,0.268,0.2594,80244.6,78084.65,0.4224,-0.65418,1e-05,225.32515,1.6,0.0
2026-08-26T16:50:04Z,2027-03-26,212,98000.0,C,0.057,0.0585,0.0579,80244.6,78084.65,0.4238,0.32346,1e-05,219.48825,83.4,1.1
2026-08-26T16:50:04Z,2027-03-26,212,98000.0,P,0.275,0.288,0.2791,80244.6,78084.65,0.4238,-0.67654,1e-05,219.48825,0.2,0.0
2026-08-26T16:50:04Z,2027-03-26,212,100000.0,C,0.052,0.054,0.0532,80244.6,78084.65,0.4257,0.30263,1e-05,213.28453,662.7,17.0
2026-08-26T16:50:04Z,2027-03-26,212,100000.0,P,0.295,0.308,0.2994,80244.44,78084.65,0.4257,-0.69738,1e-05,213.28343,12.1,0.0
2026-08-26T16:50:04Z,2027-03-26,212,102000.0,C,0.0475,0.0495,0.0488,80244.6,78084.65,0.4274,0.28287,1e-05,206.70142,127.2,0.0
2026-08-26T16:50:04Z,2027-03-26,212,102000.0,P,0.3155,0.3295,0.3199,80244.6,78084.65,0.4274,-0.71713,1e-05,206.70142,0.1,0.0
2026-08-26T16:50:04Z,2027-03-26,212,104000.0,C,0.044,0.0455,0.045,80244.6,78084.65,0.42950000000000005,0.26453,1e-05,199.9569,114.9,0.0
2026-08-26T16:50:04Z,2027-03-26,212,104000.0,P,0.334,0.347,0.341,80244.6,78084.65,0.42950000000000005,-0.73547,1e-05,199.9569,0.1,0.0
2026-08-26T16:50:04Z,2027-03-26,212,105000.0,C,0.042,0.044,0.0432,80244.6,78084.65,0.4307,0.25596,1e-05,196.59134,164.2,0.0
2026-08-26T16:50:04Z,2027-03-26,212,105000.0,P,0.347,0.3585,0.3517,80245.08,78084.65,0.4307,-0.74404,1e-05,196.59438,0.5,0.0
2026-08-26T16:50:04Z,2027-03-26,212,106000.0,C,0.0405,0.042,0.0414,80245.08,78084.65,0.4316,0.2474,1e-05,193.09391,78.5,0.0
2026-08-26T16:50:04Z,2027-03-26,212,106000.0,P,0.3555,0.372,0.3624,80245.08,78084.65,0.4316,-0.7526,1e-05,193.09391,0.1,0.0
2026-08-26T16:50:04Z,2027-03-26,212,108000.0,C,0.0375,0.0395,0.0383,80244.6,78084.65,0.4343,0.2318,1e-05,186.34464,65.8,0.0
2026-08-26T16:50:04Z,2027-03-26,212,108000.0,P,0.379,0.3965,0.3842,80245.08,78084.65,0.4343,-0.7682,1e-05,186.34822,0.1,0.0
2026-08-26T16:50:04Z,2027-03-26,212,110000.0,C,0.0345,0.0365,0.0354,80245.08,78084.65,0.4366,0.21695,1e-05,179.47078,1126.2,7.0
2026-08-26T16:50:04Z,2027-03-26,212,110000.0,P,0.402,0.417,0.4062,80245.08,78084.65,0.4366,-0.78305,1e-05,179.47078,4.5,0.0
2026-08-26T16:50:04Z,2027-03-26,212,112000.0,C,0.032,0.0335,0.0328,80245.08,78084.65,0.43920000000000003,0.20334,1e-05,172.76886,65.2,0.0
2026-08-26T16:50:04Z,2027-03-26,212,112000.0,P,0.422,0.438,0.4285,80245.08,78084.65,0.43920000000000003,-0.79666,1e-05,172.76886,0.1,0.0
2026-08-26T16:50:04Z,2027-03-26,212,115000.0,C,0.0285,0.03,0.0293,80245.08,78084.65,0.44310000000000005,0.18461,1e-05,162.88549,808.3,5.9
2026-08-26T16:50:04Z,2027-03-26,212,115000.0,P,0.457,0.4745,0.4624,80245.08,78084.65,0.44310000000000005,-0.81539,1e-05,162.88549,2.2,0.0
2026-08-26T16:50:04Z,2027-03-26,212,120000.0,C,0.024,0.0255,0.0246,80245.08,78084.65,0.45030000000000003,0.15817,1e-05,147.55135,795.3,10.0
2026-08-26T16:50:04Z,2027-03-26,212,120000.0,P,0.5145,0.5255,0.52,80245.08,78084.65,0.45030000000000003,-0.84183,1e-05,147.55135,1.8,0.0
2026-08-26T16:50:04Z,2027-03-26,212,125000.0,C,0.02,0.0215,0.0208,80245.08,78084.65,0.4575,0.13607,1e-05,133.38468,301.5,13.0
2026-08-26T16:50:04Z,2027-03-26,212,125000.0,P,0.5715,0.592,0.5785,80245.08,78084.65,0.4575,-0.86393,1e-05,133.38468,0.1,0.0
2026-08-26T16:50:04Z,2027-03-26,212,130000.0,C,0.017,0.0185,0.0178,80245.08,78084.65,0.4653,0.11808,1e-05,120.84749,1102.6,29.3
2026-08-26T16:50:04Z,2027-03-26,212,130000.0,P,0.6305,0.648,0.6378,80245.08,78084.65,0.4653,-0.88192,1e-05,120.84749,0.4,0.0
2026-08-26T16:50:04Z,2027-03-26,212,140000.0,C,0.013,0.0145,0.0134,80245.08,78084.65,0.4814,0.09094,1e-05,99.99098,803.7,43.4
2026-08-26T16:50:04Z,2027-03-26,212,140000.0,P,0.753,0.7755,0.7581,80245.08,78084.65,0.4814,-0.90906,1e-05,99.99098,0.1,0.0
2026-08-26T16:50:04Z,2027-03-26,212,150000.0,C,0.01,0.0115,0.0105,80244.85,78084.65,0.4978,0.07204,0.0,83.87242,1899.1,0.6
2026-08-26T16:50:04Z,2027-03-26,212,150000.0,P,0.87,0.8965,0.8798,80244.85,78084.65,0.4978,-0.92796,0.0,83.87242,0.6,0.0
2026-08-26T16:50:04Z,2027-03-26,212,160000.0,C,0.008,0.0095,0.0085,80244.85,78084.65,0.5135000000000001,0.0583,0.0,71.16077,872.3,0.2
2026-08-26T16:50:04Z,2027-03-26,212,160000.0,P,0.9895,1.022,1.0024,80245.06,78084.65,0.5135000000000001,-0.9417,0.0,71.16171,0.1,0.0
2026-08-26T16:50:04Z,2027-03-26,212,170000.0,C,0.0065,0.0075,0.0071,80244.85,78084.65,0.5304,0.04876,0.0,61.76567,390.0,15.6
2026-08-26T16:50:04Z,2027-03-26,212,170000.0,P,1.1095,1.1415,1.1256,80244.85,78084.65,0.5304,-0.95124,0.0,61.76567,0.2,0.0
2026-08-26T16:50:04Z,2027-03-26,212,180000.0,C,0.0055,0.0065,0.0058,80244.85,78084.65,0.5428999999999999,0.04027,0.0,52.94729,503.1,0.1
2026-08-26T16:50:04Z,2027-03-26,212,180000.0,P,1.2335,1.2675,1.249,80244.85,78084.65,0.5428999999999999,-0.95973,0.0,52.94729,0.1,0.0
2026-08-26T16:50:04Z,2027-03-26,212,190000.0,C,0.005,0.006,0.0054,80244.85,78084.65,0.5631,0.03627,0.0,48.60888,591.9,6.0
2026-08-26T16:50:04Z,2027-03-26,212,190000.0,P,1.357,1.397,1.3731,80244.85,78084.65,0.5631,-0.96373,0.0,48.60888,0.9,0.0
2026-08-26T16:50:04Z,2027-03-26,212,200000.0,C,0.0037,0.0048,0.0043,80244.85,78084.65,0.5700999999999999,0.02961,0.0,41.13035,485.4,2.3
2026-08-26T16:50:04Z,2027-03-26,212,200000.0,P,1.48,1.5165,1.4967,80244.85,78084.65,0.5700999999999999,-0.97039,0.0,41.13035,1.0,0.0
2026-08-26T16:50:04Z,2027-06-25,303,30000.0,C,0.6325,0.6365,0.6352,81255.44,78084.65,0.6012,0.98186,0.0,32.96359,39.3,0.0
2026-08-26T16:50:04Z,2027-06-25,303,30000.0,P,0.0038,0.0049,0.0044,81255.44,78084.65,0.6012,-0.01814,0.0,32.96359,330.5,138.7
2026-08-26T16:50:04Z,2027-06-25,303,40000.0,C,0.515,0.52,0.5184,81254.95,78084.65,0.5327000000000001,0.95578,0.0,69.15391,17.0,0.0
2026-08-26T16:50:04Z,2027-06-25,303,40000.0,P,0.01,0.0115,0.0107,81255.44,78084.65,0.5327000000000001,-0.04422,0.0,69.15286,1204.8,2.3
2026-08-26T16:50:04Z,2027-06-25,303,45000.0,C,0.46,0.463,0.4619,81255.44,78084.65,0.5042,0.93534,0.0,93.43272,0.5,0.0
2026-08-26T16:50:04Z,2027-06-25,303,45000.0,P,0.015,0.0165,0.0157,81255.44,78084.65,0.5042,-0.06466,0.0,93.43272,160.0,2.1
2026-08-26T16:50:04Z,2027-06-25,303,50000.0,C,0.4055,0.409,0.4075,81255.44,78084.65,0.4814,0.90774,0.0,122.38315,17.5,0.0
2026-08-26T16:50:04Z,2027-06-25,303,50000.0,P,0.022,0.024,0.0229,81255.44,78084.65,0.4814,-0.09226,0.0,122.38315,347.3,21.3
2026-08-26T16:50:04Z,2027-06-25,303,52000.0,C,0.3845,0.388,0.3866,81254.95,78084.65,0.4738,0.89441,1e-05,135.07952,1.1,0.0
2026-08-26T16:50:04Z,2027-06-25,303,52000.0,P,0.0255,0.0275,0.0265,81254.95,78084.65,0.4738,-0.10559,1e-05,135.07952,31.2,20.0
2026-08-26T16:50:04Z,2027-06-25,303,54000.0,C,0.364,0.3675,0.3662,81255.44,78084.65,0.46740000000000004,0.87959,1e-05,148.35873,0.9,0.0
2026-08-26T16:50:04Z,2027-06-25,303,54000.0,P,0.03,0.0315,0.0307,81254.95,78084.65,0.46740000000000004,-0.12041,1e-05,148.3603,21.2,0.0
2026-08-26T16:50:04Z,2027-06-25,303,55000.0,C,0.354,0.3575,0.356,81255.44,78084.65,0.46380000000000005,0.87187,1e-05,154.95157,2.9,0.0
2026-08-26T16:50:04Z,2027-06-25,303,55000.0,P,0.032,0.034,0.0329,81255.44,78084.65,0.46380000000000005,-0.12813,1e-05,154.95157,35.6,20.9
2026-08-26T16:50:04Z,2027-06-25,303,56000.0,C,0.344,0.3475,0.3462,81255.44,78084.65,0.4611,0.86358,1e-05,161.79847,3.0,0.0
2026-08-26T16:50:04Z,2027-06-25,303,56000.0,P,0.0345,0.0365,0.0354,81255.18,78084.65,0.4611,-0.13642,1e-05,161.79957,84.6,0.0
2026-08-26T16:50:04Z,2027-06-25,303,58000.0,C,0.325,0.328,0.327,81254.94,78084.65,0.4561,0.84602,1e-05,175.53563,13.8,0.0
2026-08-26T16:50:04Z,2027-06-25,303,58000.0,P,0.0395,0.042,0.0408,81254.94,78084.65,0.4561,-0.15398,1e-05,175.53563,91.9,28.0
2026-08-26T16:50:04Z,2027-06-25,303,60000.0,C,0.306,0.3095,0.3082,81254.94,78084.65,0.451,0.82735,1e-05,189.08589,943.9,0.0
2026-08-26T16:50:04Z,2027-06-25,303,60000.0,P,0.0455,0.0475,0.0466,81255.18,78084.65,0.451,-0.17264,1e-05,189.08517,194.8,2.0
2026-08-26T16:50:04Z,2027-06-25,303,62000.0,C,0.288,0.2915,0.2902,81254.94,78084.65,0.44659999999999994,0.80741,1e-05,202.4534,116.9,0.0
2026-08-26T16:50:04Z,2027-06-25,303,62000.0,P,0.052,0.054,0.0532,81255.18,78084.65,0.44659999999999994,-0.19259,1e-05,202.45272,80.0,0.0
2026-08-26T16:50:04Z,2027-06-25,303,64000.0,C,0.2705,0.274,0.2728,81255.18,78084.65,0.4428,0.7863,1e-05,215.42498,53.1,0.1
2026-08-26T16:50:04Z,2027-06-25,303,64000.0,P,0.0595,0.0615,0.0605,81255.18,78084.65,0.4428,-0.2137,1e-05,215.42498,61.7,0.2
2026-08-26T16:50:04Z,2027-06-25,303,65000.0,C,0.2625,0.2655,0.2644,81254.94,78084.65,0.441,0.77536,1e-05,221.69858,1.0,0.0
2026-08-26T16:50:04Z,2027-06-25,303,65000.0,P,0.0635,0.065,0.0644,81254.94,78084.65,0.441,-0.22464,1e-05,221.69858,23.1,10.5
2026-08-26T16:50:04Z,2027-06-25,303,66000.0,C,0.254,0.257,0.2562,81255.18,78084.65,0.4395,0.76414,1e-05,227.824,25.6,1.7
2026-08-26T16:50:04Z,2027-06-25,303,66000.0,P,0.0675,0.0695,0.0685,81255.18,78084.65,0.4395,-0.23586,1e-05,227.824,31.0,1.7
2026-08-26T16:50:04Z,2027-06-25,303,68000.0,C,0.238,0.241,0.2403,81255.18,78084.65,0.4364,0.74113,1e-05,239.45083,11.1,0.1
2026-08-26T16:50:04Z,2027-06-25,303,68000.0,P,0.076,0.078,0.0771,81255.18,78084.65,0.4364,-0.25887,1e-05,239.45083,13.2,0.0
2026-08-26T16:50:04Z,2027-06-25,303,70000.0,C,0.223,0.226,0.2251,81254.94,78084.65,0.4338,0.71734,1e-05,250.20069,194.3,0.0
2026-08-26T16:50:04Z,2027-06-25,303,70000.0,P,0.0855,0.0875,0.0866,81255.18,78084.65,0.4338,-0.28266,1e-05,250.20036,15.3,4.5
2026-08-26T16:50:04Z,2027-06-25,303,72000.0,C,0.2085,0.2115,0.2107,81254.94,78084.65,0.43170000000000003,0.69293,1e-05,259.93981,89.7,0.0
2026-08-26T16:50:04Z,2027-06-25,303,72000.0,P,0.0955,0.0975,0.0968,81255.18,78084.65,0.43170000000000003,-0.30707,1e-05,259.93959,14.9,3.0
2026-08-26T16:50:04Z,2027-06-25,303,74000.0,C,0.195,0.198,0.197,81256.93,78084.65,0.42969999999999997,0.66812,1e-05,268.56045,20.5,0.0
2026-08-26T16:50:04Z,2027-06-25,303,74000.0,P,0.1065,0.1085,0.1077,81256.93,78084.65,0.42969999999999997,-0.33188,1e-05,268.56045,10.9,0.1
2026-08-26T16:50:04Z,2027-06-25,303,76000.0,C,0.182,0.185,0.184,81255.26,78084.65,0.4279,0.64297,1e-05,276.00486,22.4,0.0
2026-08-26T16:50:04Z,2027-06-25,303,76000.0,P,0.118,0.1205,0.1193,81255.26,78084.65,0.4279,-0.35703,1e-05,276.00486,74.2,0.0
2026-08-26T16:50:04Z,2027-06-25,303,78000.0,C,0.1705,0.1725,0.1716,81256.93,78084.65,0.42619999999999997,0.61771,1e-05,282.23313,31.5,0.1
2026-08-26T16:50:04Z,2027-06-25,303,78000.0,P,0.1305,0.133,0.1316,81255.26,78084.65,0.42619999999999997,-0.38231,1e-05,282.23181,104.5,0.1
2026-08-26T16:50:04Z,2027-06-25,303,80000.0,C,0.159,0.161,0.1601,81256.93,78084.65,0.4251,0.59243,1e-05,287.21705,103.5,1.0
2026-08-26T16:50:04Z,2027-06-25,303,80000.0,P,0.1435,0.145,0.1447,81256.93,78084.65,0.4251,-0.40757,1e-05,287.21705,57.6,0.0
2026-08-26T16:50:04Z,2027-06-25,303,82000.0,C,0.148,0.15,0.1494,81256.93,78084.65,0.42460000000000003,0.5674,1e-05,290.95301,80.0,5.8
2026-08-26T16:50:04Z,2027-06-25,303,82000.0,P,0.1575,0.16,0.1586,81255.26,78084.65,0.42460000000000003,-0.43262,1e-05,290.94965,21.9,0.0
2026-08-26T16:50:04Z,2027-06-25,303,84000.0,C,0.138,0.14,0.1392,81256.93,78084.65,0.4236,0.54251,1e-05,293.49858,13.1,1.0
2026-08-26T16:50:04Z,2027-06-25,303,84000.0,P,0.172,0.175,0.173,81255.26,78084.65,0.4236,-0.45751,1e-05,293.49421,7.5,0.0
2026-08-26T16:50:04Z,2027-06-25,303,85000.0,C,0.1335,0.1355,0.1345,81256.93,78084.65,0.42369999999999997,0.53036,1e-05,294.32066,143.3,0.0
2026-08-26T16:50:04Z,2027-06-25,303,85000.0,P,0.1795,0.1825,0.1806,81256.93,78084.65,0.42369999999999997,-0.46964,1e-05,294.32066,6.8,0.0
2026-08-26T16:50:04Z,2027-06-25,303,86000.0,C,0.129,0.131,0.1299,81255.26,78084.65,0.4236,0.51824,1e-05,294.86118,8.1,0.0
2026-08-26T16:50:04Z,2027-06-25,303,86000.0,P,0.187,0.1905,0.1883,81256.93,78084.65,0.4236,-0.48174,1e-05,294.86652,0.2,0.0
2026-08-26T16:50:04Z,2027-06-25,303,88000.0,C,0.1205,0.122,0.1214,81255.26,78084.65,0.4244,0.49476,1e-05,295.14436,21.3,0.1
2026-08-26T16:50:04Z,2027-06-25,303,88000.0,P,0.203,0.206,0.2044,81255.26,78084.65,0.4244,-0.50524,1e-05,295.14436,4.7,0.0
2026-08-26T16:50:04Z,2027-06-25,303,90000.0,C,0.112,0.114,0.1132,81256.93,78084.65,0.42460000000000003,0.47168,1e-05,294.43174,572.3,1.2
2026-08-26T16:50:04Z,2027-06-25,303,90000.0,P,0.2195,0.223,0.2209,81254.71,78084.65,0.42460000000000003,-0.52835,1e-05,294.42219,0.5,0.0
2026-08-26T16:50:04Z,2027-06-25,303,92000.0,C,0.1045,0.1065,0.1058,81256.95,78084.65,0.4252,0.44943,1e-05,292.80169,15.7,0.1
2026-08-26T16:50:04Z,2027-06-25,303,92000.0,P,0.236,0.24,0.238,81254.71,78084.65,0.4252,-0.55059,1e-05,292.79096,0.2,0.0
2026-08-26T16:50:04Z,2027-06-25,303,94000.0,C,0.0975,0.0995,0.0987,81254.71,78084.65,0.42579999999999996,0.42781,1e-05,290.32197,3.9,0.0
2026-08-26T16:50:04Z,2027-06-25,303,94000.0,P,0.2535,0.258,0.2556,81254.71,78084.65,0.42579999999999996,-0.57219,1e-05,290.32197,0.1,0.0
2026-08-26T16:50:04Z,2027-06-25,303,95000.0,C,0.094,0.096,0.0955,81256.95,78084.65,0.42619999999999997,0.4174,1e-05,288.8267,35.0,0.0
2026-08-26T16:50:04Z,2027-06-25,303,95000.0,P,0.2625,0.267,0.2646,81256.95,78084.65,0.42619999999999997,-0.5826,1e-05,288.8267,20.2,0.0
2026-08-26T16:50:04Z,2027-06-25,303,96000.0,C,0.091,0.093,0.0922,81254.71,78084.65,0.4265,0.40702,1e-05,287.11448,14.1,0.1
2026-08-26T16:50:04Z,2027-06-25,303,96000.0,P,0.2715,0.276,0.2737,81256.95,78084.65,0.4265,-0.59295,1e-05,287.12719,0.0,0.0
2026-08-26T16:50:04Z,2027-06-25,303,98000.0,C,0.085,0.087,0.0862,81256.95,78084.65,0.4274,0.38714,1e-05,283.28422,4.5,0.3
2026-08-26T16:50:04Z,2027-06-25,303,98000.0,P,0.29,0.295,0.2923,81254.71,78084.65,0.4274,-0.61289,1e-05,283.27065,0.0,0.0
2026-08-26T16:50:04Z,2027-06-25,303,100000.0,C,0.0795,0.0815,0.0807,81256.95,78084.65,0.4286,0.3682,1e-05,278.916,181.9,1.8
2026-08-26T16:50:04Z,2027-06-25,303,100000.0,P,0.3065,0.324,0.3114,81256.95,78084.65,0.4286,-0.6318,1e-05,278.916,1.3,0.3
2026-08-26T16:50:04Z,2027-06-25,303,102000.0,C,0.074,0.0765,0.0756,81254.71,78084.65,0.43,0.3501,1e-05,274.07874,8.3,0.2
2026-08-26T16:50:04Z,2027-06-25,303,102000.0,P,0.326,0.34,0.3309,81256.95,78084.65,0.43,-0.64987,1e-05,274.09373,0.0,0.0
2026-08-26T16:50:04Z,2027-06-25,303,104000.0,C,0.0695,0.0715,0.0707,81254.71,78084.65,0.4311,0.3327,1e-05,268.81796,12.6,7.6
2026-08-26T16:50:04Z,2027-06-25,303,104000.0,P,0.3465,0.3605,0.3506,81254.71,78084.65,0.4311,-0.6673,1e-05,268.81796,0.0,0.0
2026-08-26T16:50:04Z,2027-06-25,303,105000.0,C,0.067,0.0695,0.0685,81254.72,78084.65,0.43189999999999995,0.32448,1e-05,266.11598,150.1,0.4
2026-08-26T16:50:04Z,2027-06-25,303,105000.0,P,0.3565,0.3715,0.3607,81254.72,78084.65,0.43189999999999995,-0.67552,1e-05,266.11598,0.1,0.0
2026-08-26T16:50:04Z,2027-06-25,303,106000.0,C,0.065,0.067,0.0663,81254.7,78084.65,0.4326,0.31634,1e-05,263.30717,0.0,0.0
2026-08-26T16:50:04Z,2027-06-25,303,106000.0,P,0.366,0.381,0.3708,81254.7,78084.65,0.4326,-0.68366,1e-05,263.30717,0.0,0.0
2026-08-26T16:50:04Z,2027-06-25,303,108000.0,C,0.061,0.063,0.0623,81254.72,78084.65,0.43420000000000003,0.3008,1e-05,257.55991,12.5,8.5
2026-08-26T16:50:04Z,2027-06-25,303,108000.0,P,0.386,0.402,0.3914,81254.72,78084.65,0.43420000000000003,-0.6992,1e-05,257.55991,0.0,0.0
2026-08-26T16:50:04Z,2027-06-25,303,110000.0,C,0.0575,0.0595,0.0586,81254.7,78084.65,0.4359,0.28618,1e-05,251.68458,268.7,13.2
2026-08-26T16:50:04Z,2027-06-25,303,110000.0,P,0.4075,0.423,0.4123,81254.72,78084.65,0.4359,-0.71382,1e-05,251.68473,0.5,0.0
2026-08-26T16:50:04Z,2027-06-25,303,115000.0,C,0.049,0.051,0.0503,81254.7,78084.65,0.44020000000000004,0.25263,1e-05,236.41981,36.4,18.1
2026-08-26T16:50:04Z,2027-06-25,303,115000.0,P,0.4595,0.478,0.4655,81254.72,78084.65,0.44020000000000004,-0.74737,1e-05,236.41996,0.0,0.0
2026-08-26T16:50:04Z,2027-06-25,303,120000.0,C,0.0425,0.0445,0.044,81254.7,78084.65,0.4468,0.22512,1e-05,221.96518,284.4,8.0
2026-08-26T16:50:04Z,2027-06-25,303,120000.0,P,0.5145,0.5335,0.5208,81254.7,78084.65,0.4468,-0.77488,1e-05,221.96518,0.1,0.0
2026-08-26T16:50:04Z,2027-06-25,303,125000.0,C,0.037,0.039,0.0381,81254.7,78084.65,0.4509,0.19937,1e-05,206.74377,129.9,53.8
2026-08-26T16:50:04Z,2027-06-25,303,125000.0,P,0.5695,0.5895,0.5764,81254.72,78084.65,0.4509,-0.80063,1e-05,206.74392,0.0,0.0
2026-08-26T16:50:04Z,2027-06-25,303,130000.0,C,0.0325,0.034,0.0335,81254.7,78084.65,0.45649999999999996,0.17809,1e-05,192.84425,788.0,84.1
2026-08-26T16:50:04Z,2027-06-25,303,130000.0,P,0.6225,0.6425,0.6333,81254.7,78084.65,0.45649999999999996,-0.82191,1e-05,192.84425,1.4,0.0
2026-08-26T16:50:04Z,2027-06-25,303,140000.0,C,0.0255,0.027,0.0263,81254.72,78084.65,0.46799999999999997,0.14374,1e-05,167.6494,361.3,173.2
2026-08-26T16:50:04Z,2027-06-25,303,140000.0,P,0.74,0.7645,0.7493,81254.72,78084.65,0.46799999999999997,-0.85626,1e-05,167.6494,0.5,0.0
2026-08-26T16:50:04Z,2027-06-25,303,150000.0,C,0.0205,0.022,0.0213,81254.72,78084.65,0.4802,0.11836,1e-05,146.57064,223.9,110.2
2026-08-26T16:50:04Z,2027-06-25,303,150000.0,P,0.86,0.889,0.8674,81254.73,78084.65,0.4802,-0.88164,1e-05,146.57013,0.1,0.0
2026-08-26T16:50:04Z,2027-06-25,303,160000.0,C,0.0165,0.0185,0.0176,81254.84,78084.65,0.49229999999999996,0.099,0.0,128.89707,543.4,26.5
2026-08-26T16:50:04Z,2027-06-25,303,160000.0,P,0.9725,1.0105,0.9868,81254.84,78084.65,0.49229999999999996,-0.901,0.0,128.89707,0.1,0.0
2026-08-26T16:50:04Z,2027-06-25,303,170000.0,C,0.014,0.016,0.015,81254.84,78084.65,0.5049,0.08444,0.0,114.56693,89.9,59.0
2026-08-26T16:50:04Z,2027-06-25,303,170000.0,P,1.092,1.1255,1.1071,81254.84,78084.65,0.5049,-0.91556,0.0,114.56693,14.7,0.0
2026-08-26T16:50:04Z,2027-06-25,303,180000.0,C,0.0115,0.0135,0.0126,81254.84,78084.65,0.5145000000000001,0.07168,0.0,101.16489,32.7,12.6
2026-08-26T16:50:04Z,2027-06-25,303,180000.0,P,1.2095,1.2475,1.2278,81254.84,78084.65,0.5145000000000001,-0.92832,0.0,101.16489,0.0,0.0
2026-08-26T16:50:04Z,2027-06-25,303,190000.0,C,0.01,0.011,0.0104,81254.73,78084.65,0.5216,0.06046,0.0,88.6671,46.6,32.8
2026-08-26T16:50:04Z,2027-06-25,303,190000.0,P,1.331,1.373,1.3488,81254.84,78084.65,0.5216,-0.93954,0.0,88.66761,0.0,0.0
2026-08-26T16:50:04Z,2027-06-25,303,200000.0,C,0.0085,0.01,0.0095,81254.84,78084.65,0.5354,0.05438,0.0,81.57288,9.4,9.1
2026-08-26T16:50:04Z,2027-06-25,303,200000.0,P,1.448,1.5045,1.4709,81254.73,78084.65,0.5354,-0.94562,0.0,81.57241,0.0,0.0
