snapshot_ts,expiry,days_to_expiry,strike,option_type,bid,ask,mark_price,forward_price,index_price,implied_vol,delta,gamma,vega,open_interest,volume_24h
2026-08-08T16:37:42Z,2026-08-09,1,57000.0,C,0.0915,0.152,0.1229,64988.82,65001.45,0.5389,1.0,0.0,0.0,0.0,0.0
2026-08-08T16:37:42Z,2026-08-09,1,57000.0,P,0.0,0.0001,0.0,64988.82,65001.45,0.5389,0.0,0.0,0.0,30.0,0.0
2026-08-08T16:37:42Z,2026-08-09,1,58000.0,C,0.0765,0.1375,0.1075,64988.82,65001.45,0.5129,1.0,0.0,1e-05,0.0,0.0
2026-08-08T16:37:42Z,2026-08-09,1,58000.0,P,0.0,0.0001,0.0,64989.67,65001.45,0.5129,0.0,0.0,1e-05,194.9,0.0
2026-08-08T16:37:42Z,2026-08-09,1,59000.0,C,0.06,0.123,0.0921,64988.82,65001.45,0.4429,1.0,0.0,1e-05,0.0,0.0
2026-08-08T16:37:42Z,2026-08-09,1,59000.0,P,0.0,0.0001,0.0,64988.82,65001.45,0.4429,0.0,0.0,1e-05,38.2,0.0
2026-08-08T16:37:42Z,2026-08-09,1,60000.0,C,0.0435,0.1085,0.0767,64988.82,65001.45,0.4152,1.0,0.0,0.00027,0.0,0.0
2026-08-08T16:37:42Z,2026-08-09,1,60000.0,P,0.0,0.0001,0.0,64988.82,65001.45,0.4152,0.0,0.0,0.00027,23.1,0.0
2026-08-08T16:37:42Z,2026-08-09,1,61000.0,C,0.0285,0.0935,0.0613,64989.67,65001.45,0.37829999999999997,0.99997,0.0,0.00356,0.0,0.0
2026-08-08T16:37:42Z,2026-08-09,1,61000.0,P,0.0,0.0001,0.0,64988.82,65001.45,0.37829999999999997,-3e-05,0.0,0.00357,31.7,0.0
2026-08-08T16:37:42Z,2026-08-09,1,62000.0,C,0.013,0.078,0.0459,64988.82,65001.45,0.3297,0.99968,0.0,0.03175,0.0,0.0
2026-08-08T16:37:42Z,2026-08-09,1,62000.0,P,0.0,0.0001,0.0,64989.67,65001.45,0.3297,-0.00032,0.0,0.03165,74.2,30.8
2026-08-08T16:37:42Z,2026-08-09,1,62500.0,C,0.013,0.0715,0.0382,64989.67,65001.45,0.2991,0.99911,0.0,0.08232,0.0,0.0
2026-08-08T16:37:42Z,2026-08-09,1,62500.0,P,0.0,0.0001,0.0,64989.67,65001.45,0.2991,-0.00089,0.0,0.08232,133.7,41.1
2026-08-08T16:37:42Z,2026-08-09,1,63000.0,C,0.013,0.064,0.0305,64988.82,65001.45,0.299,0.99358,2e-05,0.49163,0.0,0.0
2026-08-08T16:37:42Z,2026-08-09,1,63000.0,P,0.0,0.0002,0.0,64988.82,65001.45,0.299,-0.00642,2e-05,0.49163,60.8,32.6
2026-08-08T16:37:42Z,2026-08-09,1,63500.0,C,0.013,0.057,0.023,64988.82,65001.45,0.28850000000000003,0.97281,8e-05,1.70663,0.0,0.0
2026-08-08T16:37:42Z,2026-08-09,1,63500.0,P,0.0001,0.0002,0.0001,64988.82,65001.45,0.28850000000000003,-0.02719,8e-05,1.70663,71.6,40.9
2026-08-08T16:37:42Z,2026-08-09,1,64000.0,C,0.0115,0.0195,0.0153,64988.82,65001.45,0.22260000000000002,0.95044,0.00017,2.78772,0.1,0.0
2026-08-08T16:37:42Z,2026-08-09,1,64000.0,P,0.0001,0.0003,0.0002,64988.82,65001.45,0.22260000000000002,-0.04956,0.00017,2.78772,91.6,47.8
2026-08-08T16:37:42Z,2026-08-09,1,64500.0,C,0.007,0.009,0.008,64989.67,65001.45,0.16149999999999998,0.86895,0.00048,5.79018,39.8,25.3
2026-08-08T16:37:42Z,2026-08-09,1,64500.0,P,0.0002,0.0006,0.0005,64989.67,65001.45,0.16149999999999998,-0.13105,0.00048,5.79018,271.7,279.8
2026-08-08T16:37:42Z,2026-08-09,1,65000.0,C,0.002,0.0026,0.0022,64989.67,65001.45,0.13570000000000002,0.48998,0.00108,10.85563,292.9,363.0
2026-08-08T16:37:42Z,2026-08-09,1,65000.0,P,0.0019,0.0026,0.0024,64989.67,65001.45,0.13570000000000002,-0.51002,0.00108,10.85563,31.4,24.1
2026-08-08T16:37:42Z,2026-08-09,1,65500.0,C,0.0003,0.0006,0.0005,64989.67,65001.45,0.16920000000000002,0.13556,0.00047,5.92669,263.3,169.2
2026-08-08T16:37:42Z,2026-08-09,1,65500.0,P,0.0035,0.044,0.0084,64989.67,65001.45,0.16920000000000002,-0.86444,0.00047,5.92669,0.2,0.2
2026-08-08T16:37:42Z,2026-08-09,1,66000.0,C,0.0001,0.0003,0.0002,64989.75,65001.45,0.22039999999999998,0.04785,0.00017,2.71052,331.7,130.9
2026-08-08T16:37:42Z,2026-08-09,1,66000.0,P,0.01,0.052,0.0158,64989.67,65001.45,0.22039999999999998,-0.95216,0.00017,2.70992,0.0,0.0
2026-08-08T16:37:42Z,2026-08-09,1,66500.0,C,0.0001,0.0003,0.0001,64989.67,65001.45,0.2914,0.0303,9e-05,1.86763,92.0,48.7
2026-08-08T16:37:42Z,2026-08-09,1,66500.0,P,0.013,0.0605,0.0234,64989.75,65001.45,0.2914,-0.96969,9e-05,1.86799,0.0,0.0
2026-08-08T16:37:42Z,2026-08-09,1,67000.0,C,0.0,0.0001,0.0,64989.67,65001.45,0.2955,0.00704,2e-05,0.5329,74.0,20.5
2026-08-08T16:37:42Z,2026-08-09,1,67000.0,P,0.013,0.068,0.031,64989.67,65001.45,0.2955,-0.99296,2e-05,0.5329,0.1,0.3
2026-08-08T16:37:42Z,2026-08-09,1,68000.0,C,0.0,0.0001,0.0,64989.67,65001.45,0.2955,0.00013,0.0,0.01377,44.1,0.0
2026-08-08T16:37:42Z,2026-08-09,1,68000.0,P,0.013,0.084,0.0464,64989.67,65001.45,0.2955,-0.99987,0.0,0.01377,0.0,0.0
2026-08-08T16:37:42Z,2026-08-09,1,69000.0,C,0.0,0.0001,0.0,64989.67,65001.45,0.35200000000000004,3e-05,0.0,0.00293,15.5,0.0
2026-08-08T16:37:42Z,2026-08-09,1,69000.0,P,0.0255,0.1,0.0617,64989.75,65001.45,0.35200000000000004,-0.99997,0.0,0.00293,0.0,0.0
2026-08-08T16:37:42Z,2026-08-09,1,70000.0,C,0.0,0.0001,0.0,64989.88,65001.45,0.4266,2e-05,0.0,0.00199,3.2,0.2
2026-08-08T16:37:42Z,2026-08-09,1,70000.0,P,0.0405,0.116,0.0771,64989.75,65001.45,0.4266,-0.99998,0.0,0.00199,0.0,0.0
2026-08-08T16:37:42Z,2026-08-09,1,71000.0,C,0.0,0.0001,0.0,64989.75,65001.45,0.4278,0.0,0.0,6e-05,0.3,0.0
2026-08-08T16:37:42Z,2026-08-09,1,71000.0,P,0.056,0.132,0.0925,64989.75,65001.45,0.4278,-1.0,0.0,6e-05,0.0,0.0
2026-08-08T16:37:42Z,2026-08-09,1,72000.0,C,0.0,0.0001,0.0,64989.75,65001.45,0.4278,0.0,0.0,0.0,0.0,0.0
2026-08-08T16:37:42Z,2026-08-09,1,72000.0,P,0.071,0.148,0.1079,64989.75,65001.45,0.4278,-1.0,0.0,0.0,0.0,0.0
2026-08-08T16:37:42Z,2026-08-10,2,57000.0,C,0.0915,0.1525,0.123,64994.55,65001.45,0.4827,0.99998,0.0,0.00435,0.0,0.0
2026-08-08T16:37:42Z,2026-08-10,2,57000.0,P,0.0,0.0001,0.0,64994.4,65001.45,0.4827,-2e-05,0.0,0.00435,0.0,0.0
2026-08-08T16:37:42Z,2026-08-10,2,58000.0,C,0.0755,0.1375,0.1076,64994.55,65001.45,0.48229999999999995,0.9998,0.0,0.0333,0.0,0.0
2026-08-08T16:37:42Z,2026-08-10,2,58000.0,P,0.0,0.0001,0.0,64994.55,65001.45,0.48229999999999995,-0.0002,0.0,0.0333,11.5,0.4
2026-08-08T16:37:42Z,2026-08-10,2,59000.0,C,0.06,0.1235,0.0922,64994.55,65001.45,0.4457,0.99943,0.0,0.08742,0.0,0.0
2026-08-08T16:37:42Z,2026-08-10,2,59000.0,P,0.0,0.0001,0.0,64994.55,65001.45,0.4457,-0.00057,0.0,0.08742,67.8,0.0
2026-08-08T16:37:42Z,2026-08-10,2,60000.0,C,0.0435,0.1085,0.0768,64994.55,65001.45,0.38189999999999996,0.99914,0.0,0.12726,0.0,0.0
2026-08-08T16:37:42Z,2026-08-10,2,60000.0,P,0.0,0.0001,0.0,64994.55,65001.45,0.38189999999999996,-0.00086,0.0,0.12726,9.4,1.0
2026-08-08T16:37:42Z,2026-08-10,2,61000.0,C,0.0275,0.093,0.0615,64994.55,65001.45,0.3734,0.99456,1e-05,0.67885,0.0,0.0
2026-08-08T16:37:42Z,2026-08-10,2,61000.0,P,0.0,0.0001,0.0,64994.55,65001.45,0.3734,-0.00544,1e-05,0.67885,15.2,4.0
2026-08-08T16:37:42Z,2026-08-10,2,62000.0,C,0.013,0.079,0.0462,64994.55,65001.45,0.3282,0.98442,3e-05,1.70456,0.0,0.0
2026-08-08T16:37:42Z,2026-08-10,2,62000.0,P,0.0001,0.0002,0.0001,64994.55,65001.45,0.3282,-0.01558,3e-05,1.70456,115.8,2.1
2026-08-08T16:37:42Z,2026-08-10,2,62500.0,C,0.013,0.0725,0.0386,64994.55,65001.45,0.31370000000000003,0.96938,5e-05,3.01566,0.0,0.0
2026-08-08T16:37:42Z,2026-08-10,2,62500.0,P,0.0002,0.0003,0.0003,64994.4,65001.45,0.31370000000000003,-0.03063,5e-05,3.01627,41.2,5.5
2026-08-08T16:37:42Z,2026-08-10,2,63000.0,C,0.013,0.0635,0.031,64994.4,65001.45,0.2776,0.9539,8e-05,4.21088,0.0,0.0
2026-08-08T16:37:42Z,2026-08-10,2,63000.0,P,0.0003,0.0004,0.0004,64994.55,65001.45,0.2776,-0.04609,8e-05,4.21001,568.2,1.4
2026-08-08T16:37:42Z,2026-08-10,2,63500.0,C,0.013,0.056,0.0235,64994.4,65001.45,0.23809999999999998,0.92861,0.00013,5.93894,0.0,0.0
2026-08-08T16:37:42Z,2026-08-10,2,63500.0,P,0.0004,0.0006,0.0005,64994.55,65001.45,0.23809999999999998,-0.07137,0.00013,5.9377,84.2,67.8
2026-08-08T16:37:42Z,2026-08-10,2,64000.0,C,0.013,0.02,0.0163,64994.55,65001.45,0.2101,0.86477,0.00024,9.47113,0.1,0.0
2026-08-08T16:37:42Z,2026-08-10,2,64000.0,P,0.0008,0.001,0.001,64994.55,65001.45,0.2101,-0.13523,0.00024,9.47113,19.7,21.7
2026-08-08T16:37:42Z,2026-08-10,2,64500.0,C,0.009,0.0105,0.0098,64994.55,65001.45,0.1942,0.72348,0.0004,14.57763,40.6,4.1
2026-08-08T16:37:42Z,2026-08-10,2,64500.0,P,0.002,0.0025,0.0022,64994.55,65001.45,0.1942,-0.27652,0.0004,14.57763,34.7,14.8
2026-08-08T16:37:42Z,2026-08-10,2,65000.0,C,0.0047,0.0055,0.0051,64994.55,65001.45,0.1907,0.49993,0.00048,17.38198,169.4,103.3
2026-08-08T16:37:42Z,2026-08-10,2,65000.0,P,0.0048,0.0055,0.0051,64994.55,65001.45,0.1907,-0.50007,0.00048,17.38198,50.4,48.6
2026-08-08T16:37:42Z,2026-08-10,2,65500.0,C,0.002,0.0025,0.0022,64994.55,65001.45,0.19440000000000002,0.27829,0.0004,14.62315,51.8,27.9
2026-08-08T16:37:42Z,2026-08-10,2,65500.0,P,0.0023,0.0455,0.01,64994.55,65001.45,0.19440000000000002,-0.72171,0.0004,14.62315,1.3,0.0
2026-08-08T16:37:42Z,2026-08-10,2,66000.0,C,0.0008,0.0011,0.0009,64994.55,65001.45,0.2052,0.13375,0.00024,9.39959,244.1,52.0
2026-08-08T16:37:42Z,2026-08-10,2,66000.0,P,0.01,0.053,0.0164,64994.4,65001.45,0.2052,-0.86629,0.00024,9.39782,0.0,0.0
2026-08-08T16:37:42Z,2026-08-10,2,66500.0,C,0.0004,0.0006,0.0005,64994.4,65001.45,0.2298,0.06957,0.00013,5.82234,67.9,68.8
2026-08-08T16:37:42Z,2026-08-10,2,66500.0,P,0.013,0.0605,0.0236,64994.55,65001.45,0.2298,-0.93041,0.00013,5.82365,0.0,0.0
2026-08-08T16:37:42Z,2026-08-10,2,67000.0,C,0.0002,0.0004,0.0003,64994.55,65001.45,0.2577,0.04001,8e-05,3.75537,542.4,1.7
2026-08-08T16:37:42Z,2026-08-10,2,67000.0,P,0.0125,0.0685,0.0311,64994.55,65001.45,0.2577,-0.95999,8e-05,3.75537,0.0,0.0
2026-08-08T16:37:42Z,2026-08-10,2,68000.0,C,0.0001,0.0002,0.0001,64994.55,65001.45,0.3197,0.01792,3e-05,1.92126,5.7,7.2
2026-08-08T16:37:42Z,2026-08-10,2,68000.0,P,0.013,0.0845,0.0464,64994.55,65001.45,0.3197,-0.98208,3e-05,1.92149,0.0,0.0
2026-08-08T16:37:42Z,2026-08-10,2,69000.0,C,0.0,0.0001,0.0,64994.81,65001.45,0.3197,0.00272,1e-05,0.36526,6.0,0.0
2026-08-08T16:37:42Z,2026-08-10,2,69000.0,P,0.026,0.1,0.0616,64994.81,65001.45,0.3197,-0.99728,1e-05,0.36526,0.0,0.0
2026-08-08T16:37:42Z,2026-08-10,2,70000.0,C,0.0,0.0001,0.0,64994.81,65001.45,0.34369999999999995,0.00067,0.0,0.10124,35.0,0.0
2026-08-08T16:37:42Z,2026-08-10,2,70000.0,P,0.0405,0.116,0.077,64994.81,65001.45,0.34369999999999995,-0.99933,0.0,0.10124,0.0,0.0
2026-08-08T16:37:42Z,2026-08-10,2,71000.0,C,0.0,0.0001,0.0,64994.55,65001.45,0.363,0.00015,0.0,0.02488,30.4,0.4
2026-08-08T16:37:42Z,2026-08-10,2,71000.0,P,0.056,0.132,0.0924,64994.81,65001.45,0.363,-0.99985,0.0,0.02489,0.0,0.0
2026-08-08T16:37:42Z,2026-08-10,2,72000.0,C,0.0,0.0001,0.0,64994.81,65001.45,0.4053,9e-05,0.0,0.01515,0.0,0.0
2026-08-08T16:37:42Z,2026-08-10,2,72000.0,P,0.0705,0.148,0.1078,64994.81,65001.45,0.4053,-0.99991,0.0,0.01515,0.0,0.0
2026-08-08T16:37:42Z,2026-08-11,3,57000.0,C,0.0915,0.1525,0.1231,65003.05,65001.45,0.4861,0.99931,0.0,0.13232,0.0,0.0
2026-08-08T16:37:42Z,2026-08-11,3,57000.0,P,0.0,0.0001,0.0,65003.05,65001.45,0.4861,-0.00069,0.0,0.13232,2.1,0.0
2026-08-08T16:37:42Z,2026-08-11,3,58000.0,C,0.076,0.138,0.1077,65002.84,65001.45,0.4485,0.99868,0.0,0.2399,0.0,0.0
2026-08-08T16:37:42Z,2026-08-11,3,58000.0,P,0.0,0.0001,0.0,65002.84,65001.45,0.4485,-0.00132,0.0,0.2399,20.8,15.0
2026-08-08T16:37:42Z,2026-08-11,3,59000.0,C,0.06,0.124,0.0924,65003.05,65001.45,0.4316,0.99607,0.0,0.6442,0.0,0.0
2026-08-08T16:37:42Z,2026-08-11,3,59000.0,P,0.0,0.0001,0.0,65003.05,65001.45,0.4316,-0.00393,0.0,0.6442,6.9,2.2
2026-08-08T16:37:42Z,2026-08-11,3,60000.0,C,0.0435,0.109,0.0771,65002.84,65001.45,0.4189,0.98827,1e-05,1.69275,0.0,0.0
2026-08-08T16:37:42Z,2026-08-11,3,60000.0,P,0.0001,0.0002,0.0001,65003.05,65001.45,0.4189,-0.01173,1e-05,1.69241,0.2,0.1
2026-08-08T16:37:42Z,2026-08-11,3,61000.0,C,0.0285,0.0935,0.0618,65002.84,65001.45,0.3546,0.9831,2e-05,2.31877,0.0,0.0
2026-08-08T16:37:42Z,2026-08-11,3,61000.0,P,0.0001,0.0003,0.0002,65002.84,65001.45,0.3546,-0.0169,2e-05,2.31877,9.4,1.1
2026-08-08T16:37:42Z,2026-08-11,3,62000.0,C,0.013,0.0795,0.0466,65003.05,65001.45,0.31379999999999997,0.96293,5e-05,4.4776,0.0,0.0
2026-08-08T16:37:42Z,2026-08-11,3,62000.0,P,0.0003,0.0005,0.0004,65003.05,65001.45,0.31379999999999997,-0.03707,5e-05,4.4776,12.2,7.5
2026-08-08T16:37:42Z,2026-08-11,3,62500.0,C,0.007,0.0715,0.0391,65002.84,65001.45,0.293,0.94387,7e-05,6.24922,0.0,0.0
2026-08-08T16:37:42Z,2026-08-11,3,62500.0,P,0.0005,0.0007,0.0006,65002.84,65001.45,0.293,-0.05613,7e-05,6.24922,23.0,0.8
2026-08-08T16:37:42Z,2026-08-11,3,63000.0,C,0.0027,0.0655,0.0317,65003.05,65001.45,0.268,0.91693,0.0001,8.45568,0.0,0.0
2026-08-08T16:37:42Z,2026-08-11,3,63000.0,P,0.0007,0.001,0.0009,65003.22,65001.45,0.268,-0.08305,0.0001,8.45459,31.7,3.4
2026-08-08T16:37:42Z,2026-08-11,3,63500.0,C,0.0006,0.058,0.0246,65003.22,65001.45,0.2522,0.8647,0.00016,12.02183,0.0,0.0
2026-08-08T16:37:42Z,2026-08-11,3,63500.0,P,0.0013,0.0016,0.0015,65003.22,65001.45,0.2522,-0.1353,0.00016,12.02174,27.8,25.5
2026-08-08T16:37:42Z,2026-08-11,3,64000.0,C,0.0002,0.0515,0.0179,65003.22,65001.45,0.2366,0.78319,0.00022,16.23268,0.0,0.0
2026-08-08T16:37:42Z,2026-08-11,3,64000.0,P,0.0023,0.0027,0.0025,65003.22,65001.45,0.2366,-0.21681,0.00022,16.23268,14.5,14.5
2026-08-08T16:37:42Z,2026-08-11,3,64500.0,C,0.0115,0.013,0.0121,65003.05,65001.45,0.22640000000000002,0.66024,0.00029,20.25179,0.0,0.0
2026-08-08T16:37:42Z,2026-08-11,3,64500.0,P,0.0041,0.0048,0.0044,65003.22,65001.45,0.22640000000000002,-0.33971,0.00029,20.25075,27.6,23.9
2026-08-08T16:37:42Z,2026-08-11,3,65000.0,C,0.007,0.008,0.0074,65003.05,65001.45,0.21780000000000002,0.50471,0.00033,22.05423,42.4,3.6
2026-08-08T16:37:42Z,2026-08-11,3,65000.0,P,0.007,0.008,0.0074,65003.22,65001.45,0.21780000000000002,-0.49524,0.00033,22.05425,3.5,2.6
2026-08-08T16:37:42Z,2026-08-11,3,65500.0,C,0.0039,0.0045,0.0042,65003.22,65001.45,0.2173,0.34361,0.00031,20.33857,85.5,52.7
2026-08-08T16:37:42Z,2026-08-11,3,65500.0,P,0.011,0.012,0.0118,65003.05,65001.45,0.2173,-0.65644,0.00031,20.33736,0.0,0.0
2026-08-08T16:37:42Z,2026-08-11,3,66000.0,C,0.0019,0.0024,0.0022,65003.22,65001.45,0.2182,0.20875,0.00024,15.87734,27.3,7.7
2026-08-08T16:37:42Z,2026-08-11,3,66000.0,P,0.0001,0.0535,0.0175,65003.05,65001.45,0.2182,-0.79129,0.00024,15.87557,0.1,0.1
2026-08-08T16:37:42Z,2026-08-11,3,66500.0,C,0.001,0.0013,0.0011,65003.22,65001.45,0.2238,0.11767,0.00016,10.90749,40.0,5.5
2026-08-08T16:37:42Z,2026-08-11,3,66500.0,P,0.0004,0.0615,0.0241,65003.05,65001.45,0.2238,-0.88236,0.00016,10.9052,0.0,0.0
2026-08-08T16:37:42Z,2026-08-11,3,67000.0,C,0.0005,0.0007,0.0006,65003.22,65001.45,0.2352,0.06651,0.0001,7.13609,100.8,21.8
2026-08-08T16:37:42Z,2026-08-11,3,67000.0,P,0.0022,0.069,0.0313,65004.93,65001.45,0.2352,-0.93331,0.0001,7.1506,0.2,0.2
2026-08-08T16:37:42Z,2026-08-11,3,67500.0,C,0.0002,0.0004,0.0003,65004.93,65001.45,0.2426,0.03473,6e-05,4.24493,1.4,2.6
2026-08-08T16:37:42Z,2026-08-11,3,67500.0,P,0.006,0.0755,0.0387,65004.93,65001.45,0.2426,-0.96527,6e-05,4.24493,0.0,0.0
2026-08-08T16:37:42Z,2026-08-11,3,68000.0,C,0.0001,0.0003,0.0002,65004.93,65001.45,0.2608,0.02171,4e-05,2.86936,32.3,0.6
2026-08-08T16:37:42Z,2026-08-11,3,68000.0,P,0.0115,0.0845,0.0463,65003.22,65001.45,0.2608,-0.97835,4e-05,2.86242,0.0,0.0
2026-08-08T16:37:42Z,2026-08-11,3,69000.0,C,0.0,0.0002,0.0,65003.22,65001.45,0.2731,0.00527,1e-05,0.83765,42.2,0.0
2026-08-08T16:37:42Z,2026-08-11,3,69000.0,P,0.026,0.1,0.0615,65004.93,65001.45,0.2731,-0.99471,1e-05,0.8401,0.0,0.0
2026-08-08T16:37:42Z,2026-08-11,3,70000.0,C,0.0,0.0001,0.0,65003.22,65001.45,0.2959,0.00169,0.0,0.30122,0.0,0.0
2026-08-08T16:37:42Z,2026-08-11,3,70000.0,P,0.041,0.116,0.0769,65004.93,65001.45,0.2959,-0.9983,0.0,0.30215,0.0,0.0
2026-08-08T16:37:42Z,2026-08-11,3,71000.0,C,0.0,0.0001,0.0,65004.93,65001.45,0.3454,0.0014,0.0,0.25398,0.0,0.0
2026-08-08T16:37:42Z,2026-08-11,3,71000.0,P,0.0555,0.132,0.0923,65004.93,65001.45,0.3454,-0.9986,0.0,0.25398,0.0,0.0
2026-08-08T16:37:42Z,2026-08-11,3,72000.0,C,0.0,0.0001,0.0,65004.93,65001.45,0.36560000000000004,0.00053,0.0,0.10453,0.0,0.0
2026-08-08T16:37:42Z,2026-08-11,3,72000.0,P,0.0705,0.148,0.1076,65004.93,65001.45,0.36560000000000004,-0.99947,0.0,0.10453,0.0,0.0
2026-08-08T16:37:42Z,2026-08-12,4,58000.0,C,0.0755,0.1385,0.1079,65010.55,65001.45,0.42710000000000004,0.9965,0.0,0.68296,0.0,0.0
2026-08-08T16:37:42Z,2026-08-12,4,58000.0,P,0.0,0.0001,0.0,65010.55,65001.45,0.42710000000000004,-0.0035,0.0,0.68296,0.0,0.0
2026-08-08T16:37:42Z,2026-08-12,4,59000.0,C,0.0595,0.1235,0.0926,65012.26,65001.45,0.4017,0.99263,1e-05,1.32324,0.0,0.0
2026-08-08T16:37:42Z,2026-08-12,4,59000.0,P,0.0,0.0001,0.0001,65012.07,65001.45,0.4017,-0.00737,1e-05,1.32348,6.0,6.0
2026-08-08T16:37:42Z,2026-08-12,4,60000.0,C,0.0445,0.1095,0.0772,65012.26,65001.45,0.35729999999999995,0.98829,1e-05,1.98525,0.0,0.0
2026-08-08T16:37:42Z,2026-08-12,4,60000.0,P,0.0001,0.0002,0.0001,65012.07,65001.45,0.35729999999999995,-0.01171,1e-05,1.98561,8.1,8.1
2026-08-08T16:37:42Z,2026-08-12,4,61000.0,C,0.029,0.0945,0.062,65012.26,65001.45,0.3345,0.97279,3e-05,4.07254,0.0,0.0
2026-08-08T16:37:42Z,2026-08-12,4,61000.0,P,0.0003,0.0004,0.0004,65012.26,65001.45,0.3345,-0.02721,3e-05,4.07254,5.0,6.6
2026-08-08T16:37:42Z,2026-08-12,4,62000.0,C,0.014,0.0795,0.0471,65012.07,65001.45,0.3066,0.94116,6e-05,7.61671,0.0,0.0
2026-08-08T16:37:42Z,2026-08-12,4,62000.0,P,0.0007,0.0009,0.0008,65012.07,65001.45,0.3066,-0.05884,6e-05,7.61671,4.6,4.6
2026-08-08T16:37:42Z,2026-08-12,4,62500.0,C,0.0085,0.0725,0.0398,65012.26,65001.45,0.2933,0.91313,8e-05,10.2692,0.0,0.0
2026-08-08T16:37:42Z,2026-08-12,4,62500.0,P,0.001,0.0014,0.0012,65012.26,65001.45,0.2933,-0.08687,8e-05,10.2692,5.6,5.6
2026-08-08T16:37:42Z,2026-08-12,4,63000.0,C,0.0042,0.066,0.0327,65012.26,65001.45,0.27940000000000004,0.87305,0.00011,13.51026,10.0,10.0
2026-08-08T16:37:42Z,2026-08-12,4,63000.0,P,0.0016,0.002,0.0018,65012.26,65001.45,0.27940000000000004,-0.12695,0.00011,13.51026,6.2,6.3
2026-08-08T16:37:42Z,2026-08-12,4,63500.0,C,0.0015,0.0595,0.026,65012.26,65001.45,0.2668,0.81505,0.00015,17.32791,0.0,0.0
2026-08-08T16:37:42Z,2026-08-12,4,63500.0,P,0.0025,0.003,0.0027,65012.07,65001.45,0.2668,-0.18498,0.00015,17.32962,97.0,97.0
2026-08-08T16:37:42Z,2026-08-12,4,64000.0,C,0.0004,0.053,0.0197,65012.07,65001.45,0.25579999999999997,0.73466,0.0002,21.27985,0.0,0.0
2026-08-08T16:37:42Z,2026-08-12,4,64000.0,P,0.0039,0.0045,0.0042,65012.07,65001.45,0.25579999999999997,-0.26534,0.0002,21.27985,21.4,21.4
2026-08-08T16:37:42Z,2026-08-12,4,64500.0,C,0.0135,0.015,0.0142,65012.26,65001.45,0.24710000000000001,0.63039,0.00024,24.50558,0.0,0.0
2026-08-08T16:37:42Z,2026-08-12,4,64500.0,P,0.006,0.007,0.0064,65012.07,65001.45,0.24710000000000001,-0.36966,0.00024,24.50654,2.0,2.0
2026-08-08T16:37:42Z,2026-08-12,4,65000.0,C,0.009,0.01,0.0095,65012.26,65001.45,0.237,0.5079,0.00026,25.8965,0.0,0.0
2026-08-08T16:37:42Z,2026-08-12,4,65000.0,P,0.009,0.01,0.0094,65012.26,65001.45,0.237,-0.4921,0.00026,25.8965,0.0,0.0
2026-08-08T16:37:42Z,2026-08-12,4,65500.0,C,0.0055,0.0065,0.0062,65012.07,65001.45,0.23800000000000002,0.38105,0.00025,24.74146,11.5,11.5
2026-08-08T16:37:42Z,2026-08-12,4,65500.0,P,0.013,0.0145,0.0138,65012.34,65001.45,0.23800000000000002,-0.61888,0.00025,24.74287,0.0,0.0
2026-08-08T16:37:42Z,2026-08-12,4,66000.0,C,0.0035,0.004,0.0038,65012.07,65001.45,0.23620000000000002,0.26516,0.00021,21.27249,76.8,77.2
2026-08-08T16:37:42Z,2026-08-12,4,66000.0,P,0.0004,0.056,0.019,65012.07,65001.45,0.23620000000000002,-0.73484,0.00021,21.27249,0.0,0.0
2026-08-08T16:37:42Z,2026-08-12,4,66500.0,C,0.002,0.0024,0.0022,65012.34,65001.45,0.23829999999999998,0.17391,0.00017,16.66993,29.2,29.6
2026-08-08T16:37:42Z,2026-08-12,4,66500.0,P,0.0012,0.062,0.0251,65012.34,65001.45,0.23829999999999998,-0.82609,0.00017,16.66993,0.0,0.0
2026-08-08T16:37:42Z,2026-08-12,4,67000.0,C,0.0011,0.0013,0.0012,65012.34,65001.45,0.23929999999999998,0.10602,0.00012,11.88842,19.2,19.6
2026-08-08T16:37:42Z,2026-08-12,4,67000.0,P,0.0033,0.07,0.0318,65012.07,65001.45,0.23929999999999998,-0.89401,0.00012,11.88579,0.0,0.0
2026-08-08T16:37:42Z,2026-08-12,4,67500.0,C,0.0006,0.0009,0.0008,65012.34,65001.45,0.2514,0.06905,8e-05,8.62604,30.4,30.4
2026-08-08T16:37:42Z,2026-08-12,4,67500.0,P,0.0075,0.0775,0.039,65012.07,65001.45,0.2514,-0.93097,8e-05,8.62389,0.0,0.0
2026-08-08T16:37:42Z,2026-08-12,4,68000.0,C,0.0004,0.0006,0.0005,65012.07,65001.45,0.2636,0.04514,6e-05,6.16896,0.4,0.4
2026-08-08T16:37:42Z,2026-08-12,4,68000.0,P,0.013,0.085,0.0465,65012.07,65001.45,0.2636,-0.95486,6e-05,6.16896,0.0,0.0
2026-08-08T16:37:42Z,2026-08-12,4,69000.0,C,0.0002,0.0003,0.0002,65012.07,65001.45,0.2945,0.02223,3e-05,3.4381,0.0,0.0
2026-08-08T16:37:42Z,2026-08-12,4,69000.0,P,0.0265,0.1,0.0616,65012.07,65001.45,0.2945,-0.97777,3e-05,3.4381,0.0,0.0
2026-08-08T16:37:42Z,2026-08-12,4,70000.0,C,0.0001,0.0002,0.0001,65012.07,65001.45,0.32789999999999997,0.0125,2e-05,2.10146,1.5,1.5
2026-08-08T16:37:42Z,2026-08-12,4,70000.0,P,0.0405,0.1165,0.0769,65012.34,65001.45,0.32789999999999997,-0.98749,2e-05,2.10207,0.0,0.0
2026-08-08T16:37:42Z,2026-08-12,4,71000.0,C,0.0,0.0001,0.0,65012.34,65001.45,0.32789999999999997,0.00375,1e-05,0.72561,0.0,0.0
2026-08-08T16:37:42Z,2026-08-12,4,71000.0,P,0.0555,0.132,0.0922,65012.07,65001.45,0.32789999999999997,-0.99625,1e-05,0.72536,0.0,0.0
2026-08-08T16:37:42Z,2026-08-12,4,72000.0,C,0.0,0.0001,0.0001,65012.07,65001.45,0.39020000000000005,0.00466,1e-05,0.88084,0.0,0.0
2026-08-08T16:37:42Z,2026-08-12,4,72000.0,P,0.0705,0.1485,0.1076,65012.34,65001.45,0.39020000000000005,-0.99534,1e-05,0.88109,0.0,0.0
2026-08-08T16:37:42Z,2026-08-14,6,50000.0,C,0.229,0.2375,0.2311,65030.39,65001.45,0.6234000000000001,0.9997,0.0,0.08982,0.0,0.0
2026-08-08T16:37:42Z,2026-08-14,6,50000.0,P,0.0,0.0001,0.0,65030.52,65001.45,0.6234000000000001,-0.0003,0.0,0.08981,156.5,0.0
2026-08-08T16:37:42Z,2026-08-14,6,52000.0,C,0.198,0.2035,0.2004,65030.39,65001.45,0.6033,0.99873,0.0,0.33797,0.0,0.0
2026-08-08T16:37:42Z,2026-08-14,6,52000.0,P,0.0,0.0001,0.0,65030.39,65001.45,0.6033,-0.00127,0.0,0.33797,238.8,10.4
2026-08-08T16:37:42Z,2026-08-14,6,55000.0,C,0.152,0.1575,0.1544,65030.39,65001.45,0.5489,0.9936,0.0,1.45606,0.0,0.0
2026-08-08T16:37:42Z,2026-08-14,6,55000.0,P,0.0001,0.0002,0.0001,65030.39,65001.45,0.5489,-0.0064,0.0,1.45606,505.4,0.5
2026-08-08T16:37:42Z,2026-08-14,6,58000.0,C,0.106,0.112,0.1085,65030.39,65001.45,0.4415,0.98267,1e-05,3.46532,0.0,0.0
2026-08-08T16:37:42Z,2026-08-14,6,58000.0,P,0.0003,0.0004,0.0003,65030.39,65001.45,0.4415,-0.01733,1e-05,3.46532,1654.3,12.7
2026-08-08T16:37:42Z,2026-08-14,6,59000.0,C,0.0905,0.0965,0.0931,65030.52,65001.45,0.392,0.97839,2e-05,4.17879,0.0,0.0
2026-08-08T16:37:42Z,2026-08-14,6,59000.0,P,0.0003,0.0005,0.0004,65030.39,65001.45,0.392,-0.02161,2e-05,4.17913,306.4,10.0
2026-08-08T16:37:42Z,2026-08-14,6,60000.0,C,0.0755,0.102,0.078,65030.39,65001.45,0.35950000000000004,0.96592,3e-05,6.11191,1.0,0.0
2026-08-08T16:37:42Z,2026-08-14,6,60000.0,P,0.0006,0.0007,0.0006,65030.39,65001.45,0.35950000000000004,-0.03408,3e-05,6.11191,2454.7,52.4
2026-08-08T16:37:42Z,2026-08-14,6,61000.0,C,0.0605,0.0915,0.063,65030.39,65001.45,0.3297,0.94314,4e-05,9.23234,14.0,0.0
2026-08-08T16:37:42Z,2026-08-14,6,61000.0,P,0.0009,0.0011,0.001,65030.39,65001.45,0.3297,-0.05686,4e-05,9.23234,320.0,20.4
2026-08-08T16:37:42Z,2026-08-14,6,62000.0,C,0.046,0.051,0.0485,65030.52,65001.45,0.306,0.89856,7e-05,14.33557,18.6,0.0
2026-08-08T16:37:42Z,2026-08-14,6,62000.0,P,0.0017,0.0021,0.0019,65030.06,65001.45,0.3061,-0.10147,7e-05,14.33909,1614.6,7.2
2026-08-08T16:37:42Z,2026-08-14,6,63000.0,C,0.0325,0.0375,0.0348,65030.34,65001.45,0.2868,0.81794,0.00011,21.3636,54.3,0.1
2026-08-08T16:37:42Z,2026-08-14,6,63000.0,P,0.0034,0.0038,0.0036,65030.06,65001.45,0.2868,-0.18209,0.00011,21.36585,402.2,32.5
2026-08-08T16:37:42Z,2026-08-14,6,64000.0,C,0.022,0.0235,0.0229,65030.06,65001.45,0.27449999999999997,0.68618,0.00016,28.67091,223.9,1.7
2026-08-08T16:37:42Z,2026-08-14,6,64000.0,P,0.0065,0.0075,0.007,65030.34,65001.45,0.27449999999999997,-0.31378,0.00016,28.66928,394.1,7.7
2026-08-08T16:37:42Z,2026-08-14,6,65000.0,C,0.013,0.014,0.0134,65030.34,65001.45,0.2651,0.51222,0.00019,32.23488,613.6,13.5
2026-08-08T16:37:42Z,2026-08-14,6,65000.0,P,0.0125,0.0135,0.0129,65030.06,65001.45,0.2651,-0.48783,0.00019,32.23487,96.8,11.2
2026-08-08T16:37:42Z,2026-08-14,6,66000.0,C,0.0065,0.0075,0.0069,65030.34,65001.45,0.2614,0.33026,0.00017,29.28477,815.3,32.8
2026-08-08T16:37:42Z,2026-08-14,6,66000.0,P,0.021,0.0225,0.0218,65030.06,65001.45,0.2614,-0.66979,0.00017,29.28294,13.7,2.0
2026-08-08T16:37:42Z,2026-08-14,6,67000.0,C,0.0029,0.0034,0.0032,65030.06,65001.45,0.25989999999999996,0.18204,0.00013,21.36245,744.1,38.8
2026-08-08T16:37:42Z,2026-08-14,6,67000.0,P,0.03,0.036,0.0334,65030.06,65001.45,0.25989999999999996,-0.81796,0.00013,21.36245,5.4,0.0
2026-08-08T16:37:42Z,2026-08-14,6,68000.0,C,0.0013,0.0016,0.0014,65030.06,65001.45,0.2676,0.09241,8e-05,13.38733,2661.5,5.1
2026-08-08T16:37:42Z,2026-08-14,6,68000.0,P,0.0435,0.0505,0.0471,65030.06,65001.45,0.2676,-0.90759,8e-05,13.38733,7.3,0.0
2026-08-08T16:37:42Z,2026-08-14,6,70000.0,C,0.0003,0.0005,0.0004,65030.34,65001.45,0.3046,0.02705,3e-05,5.04672,1647.1,53.4
2026-08-08T16:37:42Z,2026-08-14,6,70000.0,P,0.0725,0.086,0.0768,65030.06,65001.45,0.3046,-0.97296,3e-05,5.0456,3.6,0.0
2026-08-08T16:37:42Z,2026-08-14,6,72000.0,C,0.0001,0.0002,0.0001,65030.06,65001.45,0.3492,0.01007,1e-05,2.167,1470.4,4.7
2026-08-08T16:37:42Z,2026-08-14,6,72000.0,P,0.1035,0.111,0.1073,65030.34,65001.45,0.3492,-0.98993,1e-05,2.16751,0.0,0.0
2026-08-08T16:37:42Z,2026-08-14,6,75000.0,C,0.0,0.0001,0.0,65030.34,65001.45,0.4003,0.00225,0.0,0.5697,628.7,3.0
2026-08-08T16:37:42Z,2026-08-14,6,75000.0,P,0.149,0.157,0.1533,65030.06,65001.45,0.4003,-0.99775,0.0,0.56956,0.4,0.0
2026-08-08T16:37:42Z,2026-08-14,6,80000.0,C,0.0,0.0001,0.0,65030.34,65001.45,0.5126,0.00064,0.0,0.18113,905.1,0.0
2026-08-08T16:37:42Z,2026-08-14,6,80000.0,P,0.225,0.235,0.2302,65030.21,65001.45,0.5126,-0.99936,0.0,0.18112,0.1,0.0
2026-08-08T16:37:42Z,2026-08-21,13,53000.0,C,0.1835,0.2075,0.1858,65076.52,65001.45,0.4692,0.99168,0.0,2.74677,0.0,0.0
2026-08-08T16:37:42Z,2026-08-21,13,53000.0,P,0.0002,0.0003,0.0002,65076.74,65001.45,0.4692,-0.00832,0.0,2.74653,59.3,6.5
2026-08-08T16:37:42Z,2026-08-21,13,55000.0,C,0.153,0.1845,0.1553,65076.52,65001.45,0.43189999999999995,0.98355,1e-05,4.96431,0.0,0.0
2026-08-08T16:37:42Z,2026-08-21,13,55000.0,P,0.0004,0.0006,0.0005,65076.52,65001.45,0.43189999999999995,-0.01645,1e-05,4.96431,64.3,2.0
2026-08-08T16:37:42Z,2026-08-21,13,56000.0,C,0.1375,0.164,0.1401,65076.74,65001.45,0.4048,0.9789,1e-05,6.1354,0.0,0.0
2026-08-08T16:37:42Z,2026-08-21,13,56000.0,P,0.0005,0.0008,0.0006,65076.74,65001.45,0.4048,-0.0211,1e-05,6.1354,20.4,0.1
2026-08-08T16:37:42Z,2026-08-21,13,58000.0,C,0.1075,0.1135,0.11,65076.74,65001.45,0.3689,0.95648,2e-05,11.17373,0.0,0.0
2026-08-08T16:37:42Z,2026-08-21,13,58000.0,P,0.0011,0.0014,0.0013,65076.74,65001.45,0.3689,-0.04352,2e-05,11.17373,814.7,27.7
2026-08-08T16:37:42Z,2026-08-21,13,59000.0,C,0.0925,0.0985,0.0952,65076.74,65001.45,0.3527,0.93653,3e-05,15.07301,0.0,0.0
2026-08-08T16:37:42Z,2026-08-21,13,59000.0,P,0.0017,0.002,0.0019,65076.74,65001.45,0.3527,-0.06347,3e-05,15.07301,133.7,15.8
2026-08-08T16:37:42Z,2026-08-21,13,60000.0,C,0.078,0.1105,0.0807,65076.74,65001.45,0.33490000000000003,0.90895,4e-05,19.83554,0.0,0.0
2026-08-08T16:37:42Z,2026-08-21,13,60000.0,P,0.0025,0.0029,0.0027,65076.52,65001.45,0.33490000000000003,-0.09105,4e-05,19.83691,596.7,32.6
2026-08-08T16:37:42Z,2026-08-21,13,61000.0,C,0.0345,0.1005,0.0667,65076.52,65001.45,0.3193,0.86833,6e-05,25.84529,2.0,0.0
2026-08-08T16:37:42Z,2026-08-21,13,61000.0,P,0.0038,0.0043,0.004,65076.74,65001.45,0.3193,-0.13165,6e-05,25.84374,423.9,35.7
2026-08-08T16:37:42Z,2026-08-21,13,62000.0,C,0.051,0.0555,0.0533,65076.74,65001.45,0.3045,0.81136,7e-05,32.71793,26.1,0.0
2026-08-08T16:37:42Z,2026-08-21,13,62000.0,P,0.0055,0.0065,0.006,65076.74,65001.45,0.3045,-0.18864,7e-05,32.71793,216.1,24.4
2026-08-08T16:37:42Z,2026-08-21,13,63000.0,C,0.039,0.044,0.0411,65076.74,65001.45,0.2942,0.7323,9e-05,39.871,16.5,0.0
2026-08-08T16:37:42Z,2026-08-21,13,63000.0,P,0.009,0.01,0.0092,65076.74,65001.45,0.2942,-0.2677,9e-05,39.871,86.7,0.5
2026-08-08T16:37:42Z,2026-08-21,13,64000.0,C,0.0295,0.0315,0.0304,65076.52,65001.45,0.2861,0.63304,0.00011,45.60125,44.1,0.0
2026-08-08T16:37:42Z,2026-08-21,13,64000.0,P,0.0135,0.0145,0.0138,65076.74,65001.45,0.2861,-0.36694,0.00011,45.60042,105.8,37.9
2026-08-08T16:37:42Z,2026-08-21,13,65000.0,C,0.021,0.022,0.0213,65076.74,65001.45,0.2788,0.51941,0.00012,48.25619,250.4,28.1
2026-08-08T16:37:42Z,2026-08-21,13,65000.0,P,0.0195,0.0205,0.0201,65076.74,65001.45,0.2788,-0.48059,0.00012,48.25619,93.7,2.5
2026-08-08T16:37:42Z,2026-08-21,13,66000.0,C,0.0135,0.0145,0.014,65076.52,65001.45,0.272,0.40011,0.00012,46.79087,383.6,3.2
2026-08-08T16:37:42Z,2026-08-21,13,66000.0,P,0.0275,0.029,0.0282,65076.52,65001.45,0.272,-0.59989,0.00012,46.79087,6.9,3.3
2026-08-08T16:37:42Z,2026-08-21,13,67000.0,C,0.0085,0.0095,0.0088,65076.52,65001.45,0.26890000000000003,0.28873,0.0001,41.36888,1082.3,5.1
2026-08-08T16:37:42Z,2026-08-21,13,67000.0,P,0.0365,0.0545,0.0384,65076.74,65001.45,0.26890000000000003,-0.71125,0.0001,41.37057,10.2,0.0
2026-08-08T16:37:42Z,2026-08-21,13,68000.0,C,0.005,0.0055,0.0053,65076.74,65001.45,0.26789999999999997,0.19592,9e-05,33.4851,1797.1,146.2
2026-08-08T16:37:42Z,2026-08-21,13,68000.0,P,0.047,0.055,0.0502,65076.74,65001.45,0.26789999999999997,-0.80408,9e-05,33.4851,0.0,0.0
2026-08-08T16:37:42Z,2026-08-21,13,69000.0,C,0.0029,0.0034,0.0031,65076.52,65001.45,0.2702,0.12728,6e-05,25.24624,581.7,135.1
2026-08-08T16:37:42Z,2026-08-21,13,69000.0,P,0.0595,0.0665,0.0634,65076.52,65001.45,0.2702,-0.87272,6e-05,25.24624,0.0,0.0
2026-08-08T16:37:42Z,2026-08-21,13,70000.0,C,0.0016,0.002,0.0018,65076.74,65001.45,0.2748,0.08071,4e-05,18.1252,1393.3,0.7
2026-08-08T16:37:42Z,2026-08-21,13,70000.0,P,0.074,0.0805,0.0775,65076.52,65001.45,0.2748,-0.9193,4e-05,18.12346,0.0,0.0
2026-08-08T16:37:42Z,2026-08-21,13,72000.0,C,0.0006,0.0009,0.0007,65076.74,65001.45,0.2939,0.03431,2e-05,9.20541,178.9,23.6
2026-08-08T16:37:42Z,2026-08-21,13,72000.0,P,0.103,0.111,0.1071,65076.52,65001.45,0.2939,-0.9657,2e-05,9.20435,0.0,0.0
2026-08-08T16:37:42Z,2026-08-21,13,75000.0,C,0.0002,0.0004,0.0003,65076.74,65001.45,0.3387,0.0132,1e-05,4.10862,1511.9,15.0
2026-08-08T16:37:42Z,2026-08-21,13,75000.0,P,0.1485,0.157,0.1528,65076.52,65001.45,0.3387,-0.9868,1e-05,4.10812,0.0,0.0
2026-08-08T16:37:42Z,2026-08-28,20,40000.0,C,0.3845,0.4075,0.386,65143.29,65001.45,0.6936,0.99907,0.0,0.47598,23.4,0.0
2026-08-08T16:37:42Z,2026-08-28,20,40000.0,P,0.0,0.0001,0.0,65143.29,65001.45,0.6936,-0.00093,0.0,0.47598,750.3,1.2
2026-08-08T16:37:42Z,2026-08-28,20,46000.0,C,0.292,0.297,0.2941,65143.29,65001.45,0.6039,0.99467,0.0,2.31107,1.0,0.0
2026-08-08T16:37:42Z,2026-08-28,20,46000.0,P,0.0002,0.0003,0.0002,65143.29,65001.45,0.6039,-0.00533,0.0,2.31107,1737.6,50.2
2026-08-08T16:37:42Z,2026-08-28,20,48000.0,C,0.2615,0.2665,0.2635,65143.29,65001.45,0.5597,0.99218,0.0,3.24621,37.5,0.0
2026-08-08T16:37:42Z,2026-08-28,20,48000.0,P,0.0003,0.0004,0.0003,65143.29,65001.45,0.5597,-0.00782,0.0,3.24621,1637.8,0.0
2026-08-08T16:37:42Z,2026-08-28,20,50000.0,C,0.231,0.236,0.233,65143.29,65001.45,0.5234000000000001,0.98745,0.0,4.90787,51.0,0.0
2026-08-08T16:37:42Z,2026-08-28,20,50000.0,P,0.0005,0.0006,0.0006,65143.29,65001.45,0.5234000000000001,-0.01255,0.0,4.90787,2860.1,0.2
2026-08-08T16:37:42Z,2026-08-28,20,52000.0,C,0.2,0.2055,0.2026,65143.29,65001.45,0.4808,0.98107,1e-05,6.98337,51.0,0.0
2026-08-08T16:37:42Z,2026-08-28,20,52000.0,P,0.0007,0.0009,0.0008,65143.29,65001.45,0.4808,-0.01893,1e-05,6.98337,1303.3,0.1
2026-08-08T16:37:42Z,2026-08-28,20,53000.0,C,0.1855,0.19,0.1874,65143.29,65001.45,0.4621,0.97604,1e-05,8.52162,10.9,0.0
2026-08-08T16:37:42Z,2026-08-28,20,53000.0,P,0.0009,0.0011,0.001,65143.29,65001.45,0.4621,-0.02396,1e-05,8.52162,807.1,121.3
2026-08-08T16:37:42Z,2026-08-28,20,54000.0,C,0.17,0.1755,0.1723,65143.29,65001.45,0.44299999999999995,0.96974,1e-05,10.35516,12.2,0.0
2026-08-08T16:37:42Z,2026-08-28,20,54000.0,P,0.0011,0.0014,0.0013,65143.29,65001.45,0.44299999999999995,-0.03026,1e-05,10.35516,1492.5,0.0
2026-08-08T16:37:42Z,2026-08-28,20,55000.0,C,0.155,0.1605,0.1573,65143.29,65001.45,0.4232,0.9619,1e-05,12.51588,11.8,0.0
2026-08-08T16:37:42Z,2026-08-28,20,55000.0,P,0.0014,0.0017,0.0016,65143.29,65001.45,0.4232,-0.0381,1e-05,12.51588,1161.3,0.5
2026-08-08T16:37:42Z,2026-08-28,20,56000.0,C,0.1405,0.1455,0.1424,65143.29,65001.45,0.40590000000000004,0.95088,2e-05,15.36503,63.4,0.0
2026-08-08T16:37:42Z,2026-08-28,20,56000.0,P,0.0019,0.0021,0.002,65143.29,65001.45,0.40590000000000004,-0.04912,2e-05,15.36503,1082.2,23.1
2026-08-08T16:37:42Z,2026-08-28,20,57000.0,C,0.1255,0.1305,0.1276,65143.29,65001.45,0.3898,0.93598,2e-05,18.93463,28.5,0.0
2026-08-08T16:37:42Z,2026-08-28,20,57000.0,P,0.0025,0.0028,0.0026,65143.46,65001.45,0.3898,-0.06401,2e-05,18.93356,1017.4,1.0
2026-08-08T16:37:42Z,2026-08-28,20,58000.0,C,0.111,0.116,0.1131,65143.29,65001.45,0.3736,0.91673,3e-05,23.15328,155.1,0.0
2026-08-08T16:37:42Z,2026-08-28,20,58000.0,P,0.0032,0.0036,0.0034,65143.46,65001.45,0.3736,-0.08326,3e-05,23.15205,1007.2,48.7
2026-08-08T16:37:42Z,2026-08-28,20,59000.0,C,0.096,0.102,0.0988,65143.29,65001.45,0.3582,0.89136,3e-05,28.16169,214.3,0.0
2026-08-08T16:37:42Z,2026-08-28,20,59000.0,P,0.0043,0.0047,0.0045,65143.46,65001.45,0.3582,-0.10863,3e-05,28.16058,831.1,25.3
2026-08-08T16:37:42Z,2026-08-28,20,60000.0,C,0.083,0.0875,0.085,65143.29,65001.45,0.3442,0.8577,4e-05,34.00811,435.9,0.0
2026-08-08T16:37:42Z,2026-08-28,20,60000.0,P,0.0055,0.0065,0.006,65143.46,65001.45,0.3442,-0.14229,4e-05,34.00652,1602.0,55.9
2026-08-08T16:37:42Z,2026-08-28,20,61000.0,C,0.07,0.074,0.0717,65143.29,65001.45,0.3306,0.81468,5e-05,40.37988,610.9,0.0
2026-08-08T16:37:42Z,2026-08-28,20,61000.0,P,0.008,0.0085,0.0081,65143.46,65001.45,0.3306,-0.18533,5e-05,40.38023,818.7,11.8
2026-08-08T16:37:42Z,2026-08-28,20,62000.0,C,0.0575,0.0615,0.0593,65143.29,65001.45,0.32159999999999994,0.7581,6e-05,47.17816,902.2,0.0
2026-08-08T16:37:42Z,2026-08-28,20,62000.0,P,0.011,0.0115,0.0111,65143.46,65001.45,0.32159999999999994,-0.24188,6e-05,47.17676,1273.7,19.4
2026-08-08T16:37:42Z,2026-08-28,20,63000.0,C,0.046,0.0495,0.0479,65143.29,65001.45,0.3135,0.69021,7e-05,53.29551,982.3,1.0
2026-08-08T16:37:42Z,2026-08-28,20,63000.0,P,0.0145,0.0155,0.015,65143.46,65001.45,0.3135,-0.30978,7e-05,53.29456,666.0,2.8
2026-08-08T16:37:42Z,2026-08-28,20,64000.0,C,0.037,0.0385,0.0376,65143.29,65001.45,0.3042,0.61263,8e-05,57.86592,531.8,0.3
2026-08-08T16:37:42Z,2026-08-28,20,64000.0,P,0.0195,0.0205,0.02,65143.46,65001.45,0.3043,-0.38736,8e-05,57.86567,860.3,53.0
2026-08-08T16:37:42Z,2026-08-28,20,65000.0,C,0.0285,0.0295,0.0288,65143.46,65001.45,0.2992,0.5265,9e-05,60.15184,1392.3,10.4
2026-08-08T16:37:42Z,2026-08-28,20,65000.0,P,0.026,0.027,0.0266,65143.46,65001.45,0.2992,-0.4735,9e-05,60.15184,844.1,3.6
2026-08-08T16:37:42Z,2026-08-28,20,66000.0,C,0.021,0.022,0.0214,65143.46,65001.45,0.2953,0.43785,9e-05,59.55183,841.1,1.0
2026-08-08T16:37:42Z,2026-08-28,20,66000.0,P,0.034,0.035,0.0346,65143.29,65001.45,0.2953,-0.56217,9e-05,59.55128,219.9,0.1
2026-08-08T16:37:42Z,2026-08-28,20,67000.0,C,0.015,0.016,0.0154,65143.46,65001.45,0.2915,0.35133,8e-05,56.04872,1277.3,16.7
2026-08-08T16:37:42Z,2026-08-28,20,67000.0,P,0.042,0.045,0.0439,65143.29,65001.45,0.2915,-0.64869,8e-05,56.04755,60.8,0.0
2026-08-08T16:37:42Z,2026-08-28,20,68000.0,C,0.0105,0.0115,0.0109,65143.46,65001.45,0.2896,0.27252,8e-05,50.19655,1204.0,7.8
2026-08-08T16:37:42Z,2026-08-28,20,68000.0,P,0.0515,0.057,0.0547,65143.29,65001.45,0.2896,-0.7275,8e-05,50.19424,84.3,0.2
2026-08-08T16:37:42Z,2026-08-28,20,69000.0,C,0.007,0.008,0.0074,65143.46,65001.45,0.28859999999999997,0.20447,7e-05,42.86891,916.6,4.7
2026-08-08T16:37:42Z,2026-08-28,20,69000.0,P,0.064,0.0685,0.0666,65143.29,65001.45,0.28859999999999997,-0.79554,7e-05,42.8668,49.4,0.5
2026-08-08T16:37:42Z,2026-08-28,20,70000.0,C,0.0047,0.005,0.005,65143.46,65001.45,0.28800000000000003,0.14848,5e-05,34.99431,2290.8,26.0
2026-08-08T16:37:42Z,2026-08-28,20,70000.0,P,0.076,0.082,0.0795,65143.29,65001.45,0.28800000000000003,-0.85153,5e-05,34.99229,181.5,0.0
2026-08-08T16:37:42Z,2026-08-28,20,71000.0,C,0.0031,0.0034,0.0033,65143.42,65001.45,0.2891,0.10557,4e-05,27.58613,1467.1,4.6
2026-08-08T16:37:42Z,2026-08-28,20,71000.0,P,0.0895,0.0965,0.0932,65143.29,65001.45,0.289,-0.89444,4e-05,27.58392,11.5,0.0
2026-08-08T16:37:42Z,2026-08-28,20,72000.0,C,0.002,0.0024,0.0022,65143.42,65001.45,0.2921,0.07452,3e-05,21.28678,3019.9,11.8
2026-08-08T16:37:42Z,2026-08-28,20,72000.0,P,0.1035,0.111,0.1074,65143.29,65001.45,0.2921,-0.92548,3e-05,21.28605,86.3,0.0
2026-08-08T16:37:42Z,2026-08-28,20,73000.0,C,0.0014,0.0017,0.0015,65143.46,65001.45,0.2978,0.05328,2e-05,16.39341,1747.5,14.1
2026-08-08T16:37:42Z,2026-08-28,20,73000.0,P,0.118,0.129,0.1221,65143.29,65001.45,0.2978,-0.94673,2e-05,16.39086,5.1,0.0
2026-08-08T16:37:42Z,2026-08-28,20,74000.0,C,0.001,0.0012,0.0011,65143.29,65001.45,0.3059,0.0391,2e-05,12.78294,1897.8,0.1
2026-08-08T16:37:42Z,2026-08-28,20,74000.0,P,0.1335,0.1465,0.137,65143.29,65001.45,0.3059,-0.9609,2e-05,12.78294,3.3,0.0
2026-08-08T16:37:42Z,2026-08-28,20,75000.0,C,0.0007,0.0008,0.0008,65143.29,65001.45,0.3132,0.02853,1e-05,9.86189,2421.5,0.2
2026-08-08T16:37:42Z,2026-08-28,20,75000.0,P,0.1475,0.1555,0.1521,65143.29,65001.45,0.3132,-0.97147,1e-05,9.86189,44.2,0.0
2026-08-08T16:37:42Z,2026-08-28,20,76000.0,C,0.0005,0.0007,0.0006,65143.29,65001.45,0.3231,0.02173,1e-05,7.84891,919.2,0.0
2026-08-08T16:37:42Z,2026-08-28,20,76000.0,P,0.163,0.1705,0.1672,65143.29,65001.45,0.3231,-0.97827,1e-05,7.84891,5.4,0.0
2026-08-08T16:37:42Z,2026-08-28,20,77000.0,C,0.0004,0.0006,0.0005,65143.29,65001.45,0.3345,0.01716,1e-05,6.42189,220.2,0.0
2026-08-08T16:37:42Z,2026-08-28,20,77000.0,P,0.1785,0.1865,0.1825,65143.29,65001.45,0.3345,-0.98284,1e-05,6.42189,3.4,0.0
2026-08-08T16:37:42Z,2026-08-28,20,78000.0,C,0.0003,0.0005,0.0004,65143.29,65001.45,0.3471,0.01402,1e-05,5.40023,1332.4,66.0
2026-08-08T16:37:42Z,2026-08-28,20,78000.0,P,0.1935,0.2015,0.1977,65143.29,65001.45,0.3471,-0.98598,1e-05,5.40023,4.1,0.0
2026-08-08T16:37:42Z,2026-08-28,20,79000.0,C,0.0002,0.0004,0.0003,65143.29,65001.45,0.3538,0.01048,1e-05,4.19555,662.2,109.1
2026-08-08T16:37:42Z,2026-08-28,20,79000.0,P,0.2085,0.2165,0.213,65143.29,65001.45,0.3538,-0.98952,1e-05,4.19555,0.7,0.0
2026-08-08T16:37:42Z,2026-08-28,20,80000.0,C,0.0002,0.0003,0.0002,65143.29,65001.45,0.3666,0.00882,0.0,3.60801,2144.6,0.0
2026-08-08T16:37:42Z,2026-08-28,20,80000.0,P,0.2235,0.232,0.2283,65143.29,65001.45,0.3666,-0.99118,0.0,3.60801,29.5,0.0
2026-08-08T16:37:42Z,2026-08-28,20,81000.0,C,0.0002,0.0003,0.0002,65143.29,65001.45,0.3858,0.00843,0.0,3.46759,1451.2,0.1
2026-08-08T16:37:42Z,2026-08-28,20,81000.0,P,0.239,0.247,0.2436,65143.29,65001.45,0.3858,-0.99157,0.0,3.46759,0.1,0.0
2026-08-08T16:37:42Z,2026-08-28,20,82000.0,C,0.0002,0.0003,0.0002,65143.29,65001.45,0.4032,0.00789,0.0,3.2737,1506.4,0.1
2026-08-08T16:37:42Z,2026-08-28,20,82000.0,P,0.2545,0.263,0.259,65143.29,65001.45,0.4032,-0.99211,0.0,3.2737,1.5,0.0
2026-08-08T16:37:42Z,2026-08-28,20,83000.0,C,0.0001,0.0003,0.0002,65143.29,65001.45,0.40840000000000004,0.00604,0.0,2.58351,533.8,60.0
2026-08-08T16:37:42Z,2026-08-28,20,83000.0,P,0.269,0.298,0.2743,65143.29,65001.45,0.40840000000000004,-0.99396,0.0,2.58351,0.1,0.0
2026-08-08T16:37:42Z,2026-08-28,20,84000.0,C,0.0001,0.0002,0.0002,65143.29,65001.45,0.4255,0.00576,0.0,2.47716,60.2,0.0
2026-08-08T16:37:42Z,2026-08-28,20,84000.0,P,0.2845,0.317,0.2896,65143.29,65001.45,0.4255,-0.99424,0.0,2.47716,0.8,0.0
2026-08-08T16:37:42Z,2026-08-28,20,85000.0,C,0.0001,0.0002,0.0001,65143.46,65001.45,0.43270000000000003,0.00465,0.0,2.04955,319.2,0.2
2026-08-08T16:37:42Z,2026-08-28,20,85000.0,P,0.3,0.309,0.305,65143.29,65001.45,0.43270000000000003,-0.99535,0.0,2.0493,0.8,0.0
2026-08-08T16:37:42Z,2026-08-28,20,86000.0,C,0.0001,0.0002,0.0001,65143.29,65001.45,0.44939999999999997,0.0045,0.0,1.98859,190.4,0.0
2026-08-08T16:37:42Z,2026-08-28,20,86000.0,P,0.3155,0.3245,0.3203,65143.29,65001.45,0.44939999999999997,-0.9955,0.0,1.98859,0.0,0.0
2026-08-08T16:37:42Z,2026-08-28,20,88000.0,C,0.0001,0.0002,0.0001,65143.42,65001.45,0.48210000000000003,0.00423,0.0,1.88118,184.8,0.0
2026-08-08T16:37:42Z,2026-08-28,20,88000.0,P,0.3455,0.3585,0.351,65143.42,65001.45,0.48210000000000003,-0.99577,0.0,1.88118,0.0,0.0
2026-08-08T16:37:42Z,2026-08-28,20,90000.0,C,0.0001,0.0002,0.0001,65143.42,65001.45,0.5138,0.004,0.0,1.78854,329.8,0.0
2026-08-08T16:37:42Z,2026-08-28,20,90000.0,P,0.376,0.3915,0.3817,65143.42,65001.45,0.5138,-0.996,0.0,1.78854,11.1,0.0
2026-08-08T16:37:42Z,2026-08-28,20,92000.0,C,0.0001,0.0002,0.0001,65143.42,65001.45,0.5445,0.0038,0.0,1.70789,66.7,2.4
2026-08-08T16:37:42Z,2026-08-28,20,92000.0,P,0.4065,0.4165,0.4124,65143.42,65001.45,0.5445,-0.9962,0.0,1.70789,1.5,0.0
2026-08-08T16:37:42Z,2026-08-28,20,94000.0,C,0.0,0.0001,0.0001,65143.42,65001.45,0.5518,0.00255,0.0,1.19289,220.6,0.1
2026-08-08T16:37:42Z,2026-08-28,20,94000.0,P,0.4375,0.4485,0.4431,65143.32,65001.45,0.5518,-0.99745,0.0,1.19284,0.0,0.0
2026-08-08T16:37:42Z,2026-08-28,20,95000.0,C,0.0,0.0002,0.0001,65143.42,65001.45,0.5615,0.00232,0.0,1.09532,58.3,0.0
2026-08-08T16:37:42Z,2026-08-28,20,95000.0,P,0.453,0.463,0.4584,65143.42,65001.45,0.5615,-0.99768,0.0,1.09532,0.3,0.0
2026-08-08T16:37:42Z,2026-08-28,20,96000.0,C,0.0,0.0001,0.0001,65143.42,65001.45,0.5661,0.00194,0.0,0.93284,25.7,0.0
2026-08-08T16:37:42Z,2026-08-28,20,96000.0,P,0.4675,0.4785,0.4737,65143.42,65001.45,0.5661,-0.99806,0.0,0.93284,0.2,0.0
2026-08-08T16:37:42Z,2026-08-28,20,98000.0,C,0.0,0.0001,0.0001,65143.42,65001.45,0.5866,0.00168,0.0,0.81661,161.0,0.0
2026-08-08T16:37:42Z,2026-08-28,20,98000.0,P,0.4985,0.5095,0.5044,65143.42,65001.45,0.5866,-0.99832,0.0,0.81661,0.0,0.0
2026-08-08T16:37:42Z,2026-08-28,20,100000.0,C,0.0,0.0001,0.0,65143.42,65001.45,0.5975,0.00125,0.0,0.62468,189.9,0.0
2026-08-08T16:37:42Z,2026-08-28,20,100000.0,P,0.529,0.54,0.5351,65143.42,65001.45,0.5975,-0.99875,0.0,0.62468,0.5,0.0
2026-08-08T16:37:42Z,2026-08-28,20,105000.0,C,0.0,0.0001,0.0,65143.42,65001.45,0.6336999999999999,0.00075,0.0,0.39125,169.2,0.0
2026-08-08T16:37:42Z,2026-08-28,20,105000.0,P,0.605,0.622,0.6119,65143.42,65001.45,0.6336999999999999,-0.99925,0.0,0.39125,1.0,0.0
2026-08-08T16:37:42Z,2026-08-28,20,110000.0,C,0.0,0.0001,0.0,65143.42,65001.45,0.6575,0.00039,0.0,0.21426,105.0,0.0
2026-08-08T16:37:42Z,2026-08-28,20,110000.0,P,0.6815,0.694,0.6886,65143.3,65001.45,0.6575,-0.99961,0.0,0.21425,0.2,0.0
2026-08-08T16:37:42Z,2026-09-25,48,30000.0,C,0.5405,0.5425,0.5414,65359.38,65001.45,0.8551000000000001,0.99627,0.0,2.63033,134.0,0.0
2026-08-08T16:37:42Z,2026-09-25,48,30000.0,P,0.0003,0.0004,0.0004,65359.42,65001.45,0.8551000000000001,-0.00373,0.0,2.63032,2586.6,5.1
2026-08-08T16:37:42Z,2026-09-25,48,35000.0,C,0.464,0.467,0.4652,65359.38,65001.45,0.7502,0.99265,0.0,4.8011,29.3,0.0
2026-08-08T16:37:42Z,2026-09-25,48,35000.0,P,0.0006,0.0009,0.0007,65359.42,65001.45,0.7502,-0.00735,0.0,4.80108,896.3,0.3
2026-08-08T16:37:42Z,2026-09-25,48,40000.0,C,0.3875,0.391,0.3892,65359.38,65001.45,0.6489,0.98651,0.0,8.16052,34.4,0.0
2026-08-08T16:37:42Z,2026-09-25,48,40000.0,P,0.0011,0.0012,0.0012,65359.38,65001.45,0.6489,-0.01349,0.0,8.16052,2309.6,4.7
2026-08-08T16:37:42Z,2026-09-25,48,45000.0,C,0.3115,0.3155,0.3136,65359.38,65001.45,0.5576,0.97462,0.0,13.97608,224.8,0.0
2026-08-08T16:37:42Z,2026-09-25,48,45000.0,P,0.0019,0.0021,0.0021,65359.38,65001.45,0.5576,-0.02538,0.0,13.97608,2175.8,2.4
2026-08-08T16:37:42Z,2026-09-25,48,50000.0,C,0.237,0.2415,0.2391,65359.38,65001.45,0.48310000000000003,0.94759,1e-05,25.28095,30.5,0.0
2026-08-08T16:37:42Z,2026-09-25,48,50000.0,P,0.004,0.0041,0.0041,65359.98,65001.45,0.48310000000000003,-0.0524,1e-05,25.27896,3734.7,8.3
2026-08-08T16:37:42Z,2026-09-25,48,52000.0,C,0.2075,0.2125,0.21,65359.4,65001.45,0.4575,0.92868,1e-05,32.16418,75.0,0.0
2026-08-08T16:37:42Z,2026-09-25,48,52000.0,P,0.0055,0.006,0.0056,65359.4,65001.45,0.4575,-0.07132,1e-05,32.16418,1236.5,37.8
2026-08-08T16:37:42Z,2026-09-25,48,54000.0,C,0.179,0.1895,0.1813,65359.4,65001.45,0.431,0.90386,2e-05,40.26244,7.2,0.0
2026-08-08T16:37:42Z,2026-09-25,48,54000.0,P,0.007,0.008,0.0075,65359.98,65001.45,0.431,-0.09613,2e-05,40.2598,599.8,0.7
2026-08-08T16:37:42Z,2026-09-25,48,55000.0,C,0.1645,0.17,0.167,65359.4,65001.45,0.41509999999999997,0.88984,2e-05,44.44625,143.7,0.0
2026-08-08T16:37:42Z,2026-09-25,48,55000.0,P,0.008,0.009,0.0085,65359.98,65001.45,0.41509999999999997,-0.11015,2e-05,44.44342,2604.8,30.9
2026-08-08T16:37:42Z,2026-09-25,48,56000.0,C,0.151,0.156,0.1532,65359.98,65001.45,0.4039,0.8712,2e-05,49.63355,12.2,0.0
2026-08-08T16:37:42Z,2026-09-25,48,56000.0,P,0.01,0.0105,0.01,65359.98,65001.45,0.4039,-0.1288,2e-05,49.63355,1295.4,1.1
2026-08-08T16:37:42Z,2026-09-25,48,58000.0,C,0.1245,0.1295,0.127,65359.98,65001.45,0.38770000000000004,0.82201,3e-05,61.52508,460.8,0.0
2026-08-08T16:37:42Z,2026-09-25,48,58000.0,P,0.014,0.015,0.0144,65359.98,65001.45,0.38770000000000004,-0.17799,3e-05,61.52508,1208.2,6.9
2026-08-08T16:37:42Z,2026-09-25,48,60000.0,C,0.1005,0.104,0.1024,65359.98,65001.45,0.3714,0.75951,4e-05,73.48758,852.4,0.0
2026-08-08T16:37:42Z,2026-09-25,48,60000.0,P,0.02,0.021,0.0204,65359.4,65001.45,0.3714,-0.24051,4e-05,73.49035,4676.0,150.5
2026-08-08T16:37:42Z,2026-09-25,48,62000.0,C,0.079,0.082,0.0798,65359.4,65001.45,0.3557,0.68255,4e-05,84.15898,680.5,0.0
2026-08-08T16:37:42Z,2026-09-25,48,62000.0,P,0.028,0.029,0.0284,65359.98,65001.45,0.3557,-0.31743,4e-05,84.15697,1144.7,3.3
2026-08-08T16:37:42Z,2026-09-25,48,64000.0,C,0.06,0.0615,0.0604,65359.98,65001.45,0.3456,0.59128,5e-05,91.72602,594.0,0.0
2026-08-08T16:37:42Z,2026-09-25,48,64000.0,P,0.039,0.04,0.0396,65359.98,65001.45,0.3456,-0.40872,5e-05,91.72602,636.1,25.0
2026-08-08T16:37:42Z,2026-09-25,48,65000.0,C,0.0515,0.0525,0.052,65359.98,65001.45,0.3422,0.5424,5e-05,93.66995,1299.5,4.1
2026-08-08T16:37:42Z,2026-09-25,48,65000.0,P,0.046,0.047,0.0465,65359.98,65001.45,0.3422,-0.4576,5e-05,93.66995,658.6,0.3
2026-08-08T16:37:42Z,2026-09-25,48,66000.0,C,0.0435,0.045,0.0442,65360.35,65001.45,0.33799999999999997,0.49254,5e-05,94.1866,1015.1,0.4
2026-08-08T16:37:42Z,2026-09-25,48,66000.0,P,0.0535,0.0545,0.054,65360.35,65001.45,0.33799999999999997,-0.50746,5e-05,94.1866,873.1,0.5
2026-08-08T16:37:42Z,2026-09-25,48,68000.0,C,0.0305,0.032,0.0313,65360.35,65001.45,0.3325,0.39374,5e-05,90.84142,809.7,0.5
2026-08-08T16:37:42Z,2026-09-25,48,68000.0,P,0.0705,0.0725,0.0717,65360.35,65001.45,0.3325,-0.60626,5e-05,90.84142,633.9,0.0
2026-08-08T16:37:42Z,2026-09-25,48,70000.0,C,0.021,0.022,0.0214,65360.35,65001.45,0.3284,0.30202,4e-05,82.34966,6371.9,3.0
2026-08-08T16:37:42Z,2026-09-25,48,70000.0,P,0.0895,0.094,0.0924,65359.98,65001.45,0.3284,-0.698,4e-05,82.34716,1514.7,0.8
2026-08-08T16:37:42Z,2026-09-25,48,72000.0,C,0.0145,0.015,0.0145,65360.35,65001.45,0.3284,0.22475,4e-05,70.77497,2762.0,9.5
2026-08-08T16:37:42Z,2026-09-25,48,72000.0,P,0.1125,0.1185,0.1161,65359.98,65001.45,0.3284,-0.77526,4e-05,70.77202,274.7,0.0
2026-08-08T16:37:42Z,2026-09-25,48,74000.0,C,0.009,0.01,0.0096,65360.35,65001.45,0.3284,0.16177,3e-05,57.8686,845.8,5.4
2026-08-08T16:37:42Z,2026-09-25,48,74000.0,P,0.138,0.1445,0.1418,65359.98,65001.45,0.3284,-0.83824,3e-05,57.86555,110.7,0.0
2026-08-08T16:37:42Z,2026-09-25,48,75000.0,C,0.0075,0.008,0.0077,65360.35,65001.45,0.3284,0.1356,3e-05,51.42413,3521.7,0.6
2026-08-08T16:37:42Z,2026-09-25,48,75000.0,P,0.152,0.158,0.1552,65360.35,65001.45,0.3284,-0.8644,3e-05,51.42413,2967.4,0.0
2026-08-08T16:37:42Z,2026-09-25,48,76000.0,C,0.006,0.0065,0.0064,65359.98,65001.45,0.3312,0.11495,2e-05,45.81935,2583.1,0.6
2026-08-08T16:37:42Z,2026-09-25,48,76000.0,P,0.165,0.172,0.1692,65359.98,65001.45,0.3312,-0.88505,2e-05,45.81935,599.6,0.0
2026-08-08T16:37:42Z,2026-09-25,48,78000.0,C,0.0041,0.0043,0.0042,65360.35,65001.45,0.335,0.08071,2e-05,35.34129,4755.8,11.1
2026-08-08T16:37:42Z,2026-09-25,48,78000.0,P,0.193,0.2005,0.1976,65360.35,65001.45,0.335,-0.91929,2e-05,35.34129,629.3,0.0
2026-08-08T16:37:42Z,2026-09-25,48,80000.0,C,0.0027,0.0029,0.0028,65360.51,65001.45,0.33899999999999997,0.056,1e-05,26.64591,3218.8,1.1
2026-08-08T16:37:42Z,2026-09-25,48,80000.0,P,0.222,0.23,0.2268,65360.51,65001.45,0.33899999999999997,-0.944,1e-05,26.64591,612.6,0.0
2026-08-08T16:37:42Z,2026-09-25,48,82000.0,C,0.002,0.0023,0.0021,65360.35,65001.45,0.3527,0.04305,1e-05,21.59834,2537.9,3.5
2026-08-08T16:37:42Z,2026-09-25,48,82000.0,P,0.2515,0.26,0.2567,65360.51,65001.45,0.3527,-0.95694,1e-05,21.59911,194.1,0.0
2026-08-08T16:37:42Z,2026-09-25,48,84000.0,C,0.0015,0.0017,0.0016,65360.35,65001.45,0.36329999999999996,0.03243,1e-05,17.13548,1665.8,1.2
2026-08-08T16:37:42Z,2026-09-25,48,84000.0,P,0.2815,0.29,0.2868,65360.51,65001.45,0.36329999999999996,-0.96757,1e-05,17.13611,34.7,0.0
2026-08-08T16:37:42Z,2026-09-25,48,85000.0,C,0.0013,0.0015,0.0013,65360.35,65001.45,0.3671,0.02775,1e-05,15.05777,1199.0,0.1
2026-08-08T16:37:42Z,2026-09-25,48,85000.0,P,0.2965,0.306,0.3018,65360.51,65001.45,0.3671,-0.97225,1e-05,15.05834,453.0,0.0
2026-08-08T16:37:42Z,2026-09-25,48,86000.0,C,0.0011,0.0012,0.0011,65360.35,65001.45,0.369,0.02319,1e-05,12.95786,873.8,1.2
2026-08-08T16:37:42Z,2026-09-25,48,86000.0,P,0.3115,0.328,0.3169,65360.35,65001.45,0.369,-0.97681,1e-05,12.95786,11.6,0.0
2026-08-08T16:37:42Z,2026-09-25,48,88000.0,C,0.0008,0.001,0.0009,65360.51,65001.45,0.38420000000000004,0.01906,1e-05,10.97533,655.6,0.1
2026-08-08T16:37:42Z,2026-09-25,48,88000.0,P,0.3415,0.352,0.3473,65360.35,65001.45,0.38420000000000004,-0.98094,1e-05,10.9749,5.7,0.0
2026-08-08T16:37:42Z,2026-09-25,48,90000.0,C,0.0006,0.0008,0.0007,65360.51,65001.45,0.3957,0.01515,0.0,9.0197,3018.7,0.0
2026-08-08T16:37:42Z,2026-09-25,48,90000.0,P,0.3725,0.3815,0.3777,65360.51,65001.45,0.3957,-0.98485,0.0,9.0197,586.2,0.0
2026-08-08T16:37:42Z,2026-09-25,48,92000.0,C,0.0004,0.0007,0.0005,65360.35,65001.45,0.4017,0.01121,0.0,6.94973,489.9,0.0
2026-08-08T16:37:42Z,2026-09-25,48,92000.0,P,0.4025,0.4125,0.4081,65360.51,65001.45,0.4017,-0.98879,0.0,6.95001,4.0,0.0
2026-08-08T16:37:42Z,2026-09-25,48,94000.0,C,0.0004,0.0006,0.0005,65360.51,65001.45,0.4228,0.01064,0.0,6.6456,169.0,0.0
2026-08-08T16:37:42Z,2026-09-25,48,94000.0,P,0.433,0.443,0.4387,65360.35,65001.45,0.4228,-0.98936,0.0,6.64534,1.9,0.0
2026-08-08T16:37:42Z,2026-09-25,48,95000.0,C,0.0003,0.0005,0.0004,65360.51,65001.45,0.4229,0.00887,0.0,5.66741,1862.7,0.0
2026-08-08T16:37:42Z,2026-09-25,48,95000.0,P,0.4475,0.4585,0.4539,65360.51,65001.45,0.4229,-0.99113,0.0,5.66741,147.6,0.0
2026-08-08T16:37:42Z,2026-09-25,48,96000.0,C,0.0003,0.0005,0.0004,65360.52,65001.45,0.4278,0.00797,0.0,5.16149,306.4,0.0
2026-08-08T16:37:42Z,2026-09-25,48,96000.0,P,0.463,0.474,0.4692,65360.52,65001.45,0.4278,-0.99203,0.0,5.16149,1.0,0.0
2026-08-08T16:37:42Z,2026-09-25,48,98000.0,C,0.0003,0.0005,0.0004,65360.52,65001.45,0.4475,0.00767,0.0,4.98675,344.1,0.1
2026-08-08T16:37:42Z,2026-09-25,48,98000.0,P,0.4935,0.509,0.4998,65360.48,65001.45,0.4475,-0.99233,0.0,4.9867,0.1,0.0
2026-08-08T16:37:42Z,2026-09-25,48,100000.0,C,0.0002,0.0006,0.0003,65360.48,65001.45,0.4573,0.00637,0.0,4.2314,3631.1,0.0
2026-08-08T16:37:42Z,2026-09-25,48,100000.0,P,0.5235,0.535,0.5303,65360.52,65001.45,0.4573,-0.99363,0.0,4.23144,431.5,0.0
2026-08-08T16:37:42Z,2026-09-25,48,102000.0,C,0.0002,0.0005,0.0003,65360.48,65001.45,0.4758,0.00615,0.0,4.10422,91.3,0.0
2026-08-08T16:37:42Z,2026-09-25,48,102000.0,P,0.5545,0.5655,0.5609,65360.48,65001.45,0.4758,-0.99385,0.0,4.10422,0.4,0.0
2026-08-08T16:37:42Z,2026-09-25,48,105000.0,C,0.0001,0.0005,0.0002,65360.48,65001.45,0.4874,0.00461,0.0,3.17473,1206.6,0.0
2026-08-08T16:37:42Z,2026-09-25,48,105000.0,P,0.5995,0.6115,0.6067,65360.52,65001.45,0.4874,-0.99539,0.0,3.17476,104.6,0.0
2026-08-08T16:37:42Z,2026-09-25,48,110000.0,C,0.0001,0.0003,0.0002,65360.48,65001.45,0.5138,0.00335,0.0,2.38325,1293.7,20.5
2026-08-08T16:37:42Z,2026-09-25,48,110000.0,P,0.676,0.6885,0.6832,65360.48,65001.45,0.5138,-0.99665,0.0,2.38325,116.1,0.0
2026-08-08T16:37:42Z,2026-09-25,48,115000.0,C,0.0001,0.0003,0.0002,65360.52,65001.45,0.5519,0.00313,0.0,2.24441,2175.9,0.0
2026-08-08T16:37:42Z,2026-09-25,48,115000.0,P,0.7525,0.7645,0.7597,65360.48,65001.45,0.5519,-0.99687,0.0,2.24439,92.4,0.0
2026-08-08T16:37:42Z,2026-09-25,48,120000.0,C,0.0001,0.0003,0.0002,65360.48,65001.45,0.5882999999999999,0.00296,0.0,2.13399,1138.6,0.0
2026-08-08T16:37:42Z,2026-09-25,48,120000.0,P,0.828,0.8415,0.8362,65360.48,65001.45,0.5882999999999999,-0.99704,0.0,2.13399,174.5,0.0
2026-08-08T16:37:42Z,2026-09-25,48,125000.0,C,0.0001,0.0003,0.0002,65360.52,65001.45,0.6229,0.00281,0.0,2.0399,2323.7,0.0
2026-08-08T16:37:42Z,2026-09-25,48,125000.0,P,0.9045,0.919,0.9126,65360.28,65001.45,0.6229,-0.99719,0.0,2.03981,21.8,0.0
2026-08-08T16:37:42Z,2026-09-25,48,130000.0,C,0.0,0.0002,0.0001,65360.48,65001.45,0.6346,0.00196,0.0,1.47002,1431.9,0.1
2026-08-08T16:37:42Z,2026-09-25,48,130000.0,P,0.9805,1.063,0.9891,65360.28,65001.45,0.6346,-0.99804,0.0,1.46996,21.4,0.0
2026-08-08T16:37:42Z,2026-09-25,48,135000.0,C,0.0,0.0002,0.0001,65360.28,65001.45,0.6678000000000001,0.00195,0.0,1.46496,271.9,0.0
2026-08-08T16:37:42Z,2026-09-25,48,135000.0,P,0.9965,1.1415,1.0656,65360.48,65001.45,0.6678000000000001,-0.99805,0.0,1.46502,11.5,0.0
2026-08-08T16:37:42Z,2026-09-25,48,140000.0,C,0.0,0.0001,0.0001,65360.28,65001.45,0.6972,0.00188,0.0,1.41269,1184.4,0.0
2026-08-08T16:37:42Z,2026-09-25,48,140000.0,P,1.07,1.2215,1.1421,65360.28,65001.45,0.6972,-0.99812,0.0,1.41269,1.4,0.0
2026-08-08T16:37:42Z,2026-09-25,48,145000.0,C,0.0,0.0001,0.0001,65360.48,65001.45,0.6992,0.00123,0.0,0.96203,493.3,0.0
2026-08-08T16:37:42Z,2026-09-25,48,145000.0,P,1.144,1.3005,1.2185,65360.48,65001.45,0.6992,-0.99877,0.0,0.96203,0.2,0.0
2026-08-08T16:37:42Z,2026-09-25,48,150000.0,C,0.0,0.0001,0.0001,65360.48,65001.45,0.7256999999999999,0.00119,0.0,0.93441,736.8,0.0
2026-08-08T16:37:42Z,2026-09-25,48,150000.0,P,1.217,1.3795,1.295,65360.28,65001.45,0.7256999999999999,-0.99881,0.0,0.93437,0.7,0.0
2026-08-08T16:37:42Z,2026-09-25,48,155000.0,C,0.0,0.0002,0.0001,65360.48,65001.45,0.7511,0.00116,0.0,0.90923,363.1,0.0
2026-08-08T16:37:42Z,2026-09-25,48,155000.0,P,1.2915,1.4585,1.3715,65360.28,65001.45,0.7511,-0.99884,0.0,0.9092,0.1,0.0
2026-08-08T16:37:42Z,2026-09-25,48,160000.0,C,0.0,0.0002,0.0001,65360.28,65001.45,0.7532,0.00081,0.0,0.65176,1444.3,0.0
2026-08-08T16:37:42Z,2026-09-25,48,160000.0,P,1.366,1.5375,1.448,65360.28,65001.45,0.7532,-0.99919,0.0,0.65176,0.6,0.0
2026-08-08T16:37:42Z,2026-09-25,48,165000.0,C,0.0,0.0002,0.0,65360.28,65001.45,0.7532,0.00054,0.0,0.45334,184.2,0.0
2026-08-08T16:37:42Z,2026-09-25,48,165000.0,P,1.4395,1.6175,1.5245,65360.28,65001.45,0.7532,-0.99946,0.0,0.45334,0.0,0.0
2026-08-08T16:37:42Z,2026-09-25,48,170000.0,C,0.0,0.0002,0.0,65360.48,65001.45,0.7532,0.00037,0.0,0.3149,359.5,0.0
2026-08-08T16:37:42Z,2026-09-25,48,170000.0,P,1.514,1.696,1.601,65360.42,65001.45,0.7532,-0.99963,0.0,0.3149,0.0,0.0
2026-08-08T16:37:42Z,2026-09-25,48,175000.0,C,0.0,0.0002,0.0,65360.42,65001.45,0.7532,0.00025,0.0,0.21852,1355.3,0.0
2026-08-08T16:37:42Z,2026-09-25,48,175000.0,P,1.5875,1.7755,1.6775,65360.42,65001.45,0.7532,-0.99975,0.0,0.21852,0.2,0.0
2026-08-08T16:37:42Z,2026-09-25,48,180000.0,C,0.0,0.0002,0.0,65360.42,65001.45,0.7532,0.00017,0.0,0.15155,748.1,0.0
2026-08-08T16:37:42Z,2026-09-25,48,180000.0,P,1.6605,1.854,1.754,65360.42,65001.45,0.7532,-0.99983,0.0,0.15155,7.3,0.0
2026-08-08T16:37:42Z,2026-09-25,48,190000.0,C,0.0,0.0002,0.0,65360.28,65001.45,0.7537999999999999,8e-05,0.0,0.07371,772.5,0.0
2026-08-08T16:37:42Z,2026-09-25,48,190000.0,P,1.8095,2.013,1.907,65360.28,65001.45,0.7537999999999999,-0.99992,0.0,0.07371,0.0,0.0
2026-08-08T16:37:42Z,2026-09-25,48,200000.0,C,0.0,0.0002,0.0,65360.42,65001.45,0.7537999999999999,4e-05,0.0,0.03552,1009.2,0.0
2026-08-08T16:37:42Z,2026-09-25,48,200000.0,P,1.9575,2.1715,2.06,65360.42,65001.45,0.7537999999999999,-0.99996,0.0,0.03552,0.1,0.0
2026-08-08T16:37:42Z,2026-09-25,48,220000.0,C,0.0,0.0002,0.0,65360.28,65001.45,0.7537999999999999,1e-05,0.0,0.00832,230.1,0.0
2026-08-08T16:37:42Z,2026-09-25,48,220000.0,P,2.253,2.4885,2.3659,65360.28,65001.45,0.7537999999999999,-0.99999,0.0,0.00832,1.8,0.0
2026-08-08T16:37:42Z,2026-09-25,48,240000.0,C,0.0,0.0001,0.0,65360.42,65001.45,0.7551000000000001,0.0,0.0,0.00207,220.1,0.0
2026-08-08T16:37:42Z,2026-09-25,48,240000.0,P,2.549,2.8055,2.6719,65360.42,65001.45,0.7551000000000001,-1.0,0.0,0.00207,0.0,0.0
2026-08-08T16:37:42Z,2026-09-25,48,260000.0,C,0.0,0.0001,0.0,65360.42,65001.45,0.7883,0.0,0.0,0.00146,292.0,0.0
2026-08-08T16:37:42Z,2026-09-25,48,260000.0,P,2.8435,3.123,2.9779,65360.42,65001.45,0.7883,-1.0,0.0,0.00146,0.0,0.0
2026-08-08T16:37:42Z,2026-09-25,48,280000.0,C,0.0,0.0001,0.0,65360.28,65001.45,0.8151,0.0,0.0,0.00097,91.7,0.0
2026-08-08T16:37:42Z,2026-09-25,48,280000.0,P,3.14,3.44,3.2839,65360.42,65001.45,0.8151,-1.0,0.0,0.00097,0.0,0.0
2026-08-08T16:37:42Z,2026-09-25,48,300000.0,C,0.0,0.0001,0.0,65360.28,65001.45,0.8497,0.0,0.0,0.00089,192.1,0.0
2026-08-08T16:37:42Z,2026-09-25,48,300000.0,P,3.435,3.757,3.5899,65360.42,65001.45,0.8497,-1.0,0.0,0.00089,0.0,0.0
2026-08-08T16:37:42Z,2026-09-25,48,320000.0,C,0.0,0.0001,0.0,65360.42,65001.45,0.8542000000000001,0.0,0.0,0.00036,276.6,0.0
2026-08-08T16:37:42Z,2026-09-25,48,320000.0,P,3.7315,4.0745,3.8959,65360.53,65001.45,0.8542000000000001,-1.0,0.0,0.00036,25.1,0.0
2026-08-08T16:37:42Z,2026-10-30,83,40000.0,C,0.393,0.3965,0.3941,65633.16,65001.45,0.5936,0.97092,0.0,20.70581,0.0,0.0
2026-08-08T16:37:42Z,2026-10-30,83,40000.0,P,0.0033,0.0036,0.0035,65633.16,65001.45,0.5936,-0.02908,0.0,20.70581,7.1,0.9
2026-08-08T16:37:42Z,2026-10-30,83,45000.0,C,0.3185,0.3225,0.3201,65633.16,65001.45,0.5225,0.94975,1e-05,32.3357,0.0,0.0
2026-08-08T16:37:42Z,2026-10-30,83,45000.0,P,0.0055,0.006,0.0058,65633.16,65001.45,0.5225,-0.05025,1e-05,32.3357,34.9,2.7
2026-08-08T16:37:42Z,2026-10-30,83,48000.0,C,0.275,0.2795,0.2767,65633.16,65001.45,0.4861,0.929,1e-05,42.39069,0.1,0.0
2026-08-08T16:37:42Z,2026-10-30,83,48000.0,P,0.0075,0.0085,0.008,65633.16,65001.45,0.4861,-0.071,1e-05,42.39069,155.0,6.4
2026-08-08T16:37:42Z,2026-10-30,83,50000.0,C,0.2465,0.251,0.2485,65633.16,65001.45,0.467,0.90912,1e-05,51.08141,0.1,0.0
2026-08-08T16:37:42Z,2026-10-30,83,50000.0,P,0.01,0.011,0.0103,65633.16,65001.45,0.467,-0.09088,1e-05,51.08141,68.7,0.0
2026-08-08T16:37:42Z,2026-10-30,83,52000.0,C,0.219,0.231,0.2207,65633.16,65001.45,0.44630000000000003,0.88544,1e-05,60.45479,0.1,0.0
2026-08-08T16:37:42Z,2026-10-30,83,52000.0,P,0.0125,0.0135,0.013,65633.16,65001.45,0.44630000000000003,-0.11456,1e-05,60.45479,40.0,0.0
2026-08-08T16:37:42Z,2026-10-30,83,54000.0,C,0.192,0.1965,0.194,65633.16,65001.45,0.4294,0.85476,2e-05,71.2582,0.0,0.0
2026-08-08T16:37:42Z,2026-10-30,83,54000.0,P,0.016,0.0175,0.0168,65633.16,65001.45,0.4294,-0.14524,2e-05,71.2582,31.8,1.8
2026-08-08T16:37:42Z,2026-10-30,83,55000.0,C,0.179,0.19,0.1809,65633.16,65001.45,0.4207,0.8372,2e-05,76.85116,0.0,0.0
2026-08-08T16:37:42Z,2026-10-30,83,55000.0,P,0.0185,0.0195,0.0189,65633.16,65001.45,0.4207,-0.1628,2e-05,76.85116,57.7,0.2
2026-08-08T16:37:42Z,2026-10-30,83,56000.0,C,0.1665,0.1705,0.1683,65633.16,65001.45,0.41340000000000005,0.81736,2e-05,82.69692,0.0,0.0
2026-08-08T16:37:42Z,2026-10-30,83,56000.0,P,0.021,0.022,0.0215,65633.16,65001.45,0.41340000000000005,-0.18264,2e-05,82.69692,31.7,25.4
2026-08-08T16:37:42Z,2026-10-30,83,57000.0,C,0.1545,0.158,0.1559,65633.16,65001.45,0.4061,0.79574,2e-05,88.541,0.0,0.0
2026-08-08T16:37:42Z,2026-10-30,83,57000.0,P,0.024,0.025,0.0244,65633.16,65001.45,0.4061,-0.20426,2e-05,88.541,64.3,28.1
2026-08-08T16:37:42Z,2026-10-30,83,58000.0,C,0.1425,0.1465,0.1441,65633.16,65001.45,0.4003,0.77169,2e-05,94.43903,0.0,0.0
2026-08-08T16:37:42Z,2026-10-30,83,58000.0,P,0.027,0.0285,0.0278,65633.15,65001.45,0.4003,-0.22831,2e-05,94.43902,17.9,0.0
2026-08-08T16:37:42Z,2026-10-30,83,59000.0,C,0.131,0.1465,0.1326,65633.15,65001.45,0.3943,0.7459,3e-05,100.09677,1.0,0.0
2026-08-08T16:37:42Z,2026-10-30,83,59000.0,P,0.031,0.032,0.0315,65633.15,65001.45,0.3943,-0.2541,3e-05,100.09677,23.0,0.0
2026-08-08T16:37:42Z,2026-10-30,83,60000.0,C,0.1205,0.124,0.1216,65633.15,65001.45,0.3892,0.71809,3e-05,105.4742,5.6,0.0
2026-08-08T16:37:42Z,2026-10-30,83,60000.0,P,0.035,0.0365,0.0358,65633.15,65001.45,0.3892,-0.28191,3e-05,105.4742,37.9,3.0
2026-08-08T16:37:42Z,2026-10-30,83,61000.0,C,0.1105,0.113,0.111,65633.15,65001.45,0.3839,0.68868,3e-05,110.38104,1.2,0.0
2026-08-08T16:37:42Z,2026-10-30,83,61000.0,P,0.04,0.041,0.0405,65633.15,65001.45,0.3839,-0.31132,3e-05,110.38104,102.8,0.0
2026-08-08T16:37:42Z,2026-10-30,83,62000.0,C,0.1005,0.103,0.1012,65633.15,65001.45,0.3803,0.65733,3e-05,114.77047,13.5,0.0
2026-08-08T16:37:42Z,2026-10-30,83,62000.0,P,0.0455,0.0465,0.0458,65633.15,65001.45,0.3803,-0.34267,3e-05,114.77047,22.9,0.0
2026-08-08T16:37:42Z,2026-10-30,83,63000.0,C,0.091,0.0935,0.0917,65633.16,65001.45,0.376,0.62488,3e-05,118.43478,117.3,0.0
2026-08-08T16:37:42Z,2026-10-30,83,63000.0,P,0.051,0.052,0.0516,65633.15,65001.45,0.376,-0.37512,3e-05,118.4348,294.8,7.0
2026-08-08T16:37:42Z,2026-10-30,83,64000.0,C,0.0825,0.084,0.0828,65633.16,65001.45,0.3722,0.59128,3e-05,121.31454,417.8,0.0
2026-08-08T16:37:42Z,2026-10-30,83,64000.0,P,0.0575,0.0585,0.0579,65633.15,65001.45,0.3722,-0.40872,3e-05,121.31454,197.3,1.3
2026-08-08T16:37:42Z,2026-10-30,83,65000.0,C,0.0745,0.0755,0.0748,65633.15,65001.45,0.3703,0.5569,3e-05,123.32055,305.4,5.2
2026-08-08T16:37:42Z,2026-10-30,83,65000.0,P,0.0645,0.0655,0.0651,65633.15,65001.45,0.3703,-0.4431,3e-05,123.32055,235.3,0.1
2026-08-08T16:37:42Z,2026-10-30,83,66000.0,C,0.0675,0.0685,0.0679,65633.15,65001.45,0.3718,0.52271,3e-05,124.38794,136.6,20.0
2026-08-08T16:37:42Z,2026-10-30,83,66000.0,P,0.072,0.0735,0.0735,65633.15,65001.45,0.3718,-0.47729,3e-05,124.38794,46.6,15.0
2026-08-08T16:37:42Z,2026-10-30,83,67000.0,C,0.0595,0.061,0.0603,65633.15,65001.45,0.3668,0.4877,3e-05,124.53065,20.4,0.0
2026-08-08T16:37:42Z,2026-10-30,83,67000.0,P,0.08,0.0815,0.0812,65633.15,65001.45,0.3668,-0.5123,3e-05,124.53065,12.1,0.0
2026-08-08T16:37:42Z,2026-10-30,83,68000.0,C,0.053,0.0545,0.0538,65632.69,65001.45,0.36479999999999996,0.45329,3e-05,123.73388,65.6,0.0
2026-08-08T16:37:42Z,2026-10-30,83,68000.0,P,0.088,0.0905,0.0899,65632.69,65001.45,0.36479999999999996,-0.54671,3e-05,123.73388,2.1,0.0
2026-08-08T16:37:42Z,2026-10-30,83,69000.0,C,0.047,0.0485,0.0478,65632.69,65001.45,0.3628,0.41938,3e-05,122.03632,35.5,0.0
2026-08-08T16:37:42Z,2026-10-30,83,69000.0,P,0.0965,0.1,0.0991,65632.69,65001.45,0.3628,-0.58062,3e-05,122.03632,0.0,0.0
2026-08-08T16:37:42Z,2026-10-30,83,70000.0,C,0.042,0.043,0.0425,65632.69,65001.45,0.36200000000000004,0.38674,3e-05,119.53372,115.0,0.0
2026-08-08T16:37:42Z,2026-10-30,83,70000.0,P,0.1065,0.11,0.1091,65633.15,65001.45,0.36200000000000004,-0.61324,3e-05,119.53596,11.3,0.0
2026-08-08T16:37:42Z,2026-10-30,83,71000.0,C,0.037,0.038,0.0376,65632.69,65001.45,0.3604,0.3547,3e-05,116.23078,229.5,0.0
2026-08-08T16:37:42Z,2026-10-30,83,71000.0,P,0.1165,0.1205,0.1193,65632.69,65001.45,0.3604,-0.6453,3e-05,116.23078,0.0,0.0
2026-08-08T16:37:42Z,2026-10-30,83,72000.0,C,0.0325,0.0335,0.033,65632.69,65001.45,0.3589,0.32391,3e-05,112.24641,199.3,1.0
2026-08-08T16:37:42Z,2026-10-30,83,72000.0,P,0.1215,0.1825,0.1301,65632.69,65001.45,0.3589,-0.67609,3e-05,112.24641,5.1,0.0
2026-08-08T16:37:42Z,2026-10-30,83,73000.0,C,0.0285,0.0295,0.029,65632.69,65001.45,0.3578,0.29469,3e-05,107.70206,29.8,2.0
2026-08-08T16:37:42Z,2026-10-30,83,73000.0,P,0.1385,0.1435,0.1413,65632.69,65001.45,0.3578,-0.70531,3e-05,107.70206,0.0,0.0
2026-08-08T16:37:42Z,2026-10-30,83,74000.0,C,0.025,0.026,0.0255,65632.69,65001.45,0.35719999999999996,0.26727,3e-05,102.73363,112.0,0.0
2026-08-08T16:37:42Z,2026-10-30,83,74000.0,P,0.1495,0.155,0.1529,65632.69,65001.45,0.35719999999999996,-0.73273,3e-05,102.73363,0.0,0.0
2026-08-08T16:37:42Z,2026-10-30,83,75000.0,C,0.022,0.023,0.0225,65632.69,65001.45,0.3578,0.2424,3e-05,97.61122,95.6,14.3
2026-08-08T16:37:42Z,2026-10-30,83,75000.0,P,0.162,0.1675,0.1652,65632.69,65001.45,0.3578,-0.7576,3e-05,97.61122,1.1,0.0
2026-08-08T16:37:42Z,2026-10-30,83,76000.0,C,0.019,0.02,0.0197,65632.69,65001.45,0.3578,0.21875,3e-05,92.16766,98.0,69.8
2026-08-08T16:37:42Z,2026-10-30,83,76000.0,P,0.1745,0.2035,0.1776,65632.69,65001.45,0.3578,-0.78125,3e-05,92.16775,0.0,0.0
2026-08-08T16:37:42Z,2026-10-30,83,78000.0,C,0.0145,0.0155,0.015,65632.9,65001.45,0.3578,0.17645,2e-05,80.92482,180.2,21.5
2026-08-08T16:37:42Z,2026-10-30,83,78000.0,P,0.2,0.226,0.2034,65632.9,65001.45,0.3578,-0.82355,2e-05,80.92482,0.1,0.0
2026-08-08T16:37:42Z,2026-10-30,83,80000.0,C,0.0115,0.012,0.0115,65632.9,65001.45,0.3591,0.14161,2e-05,70.05158,180.4,54.6
2026-08-08T16:37:42Z,2026-10-30,83,80000.0,P,0.226,0.233,0.2304,65632.9,65001.45,0.3591,-0.85839,2e-05,70.05158,0.5,0.0
2026-08-08T16:37:42Z,2026-10-30,83,82000.0,C,0.0085,0.0095,0.009,65632.9,65001.45,0.363,0.11456,2e-05,60.45277,8.9,0.2
2026-08-08T16:37:42Z,2026-10-30,83,82000.0,P,0.254,0.262,0.2583,65632.9,65001.45,0.363,-0.88544,2e-05,60.45277,0.0,0.0
2026-08-08T16:37:42Z,2026-10-30,83,84000.0,C,0.0065,0.0075,0.007,65632.9,65001.45,0.3664,0.0921,1e-05,51.59097,25.1,0.1
2026-08-08T16:37:42Z,2026-10-30,83,84000.0,P,0.282,0.3045,0.2868,65632.69,65001.45,0.3664,-0.9079,1e-05,51.58955,0.0,0.0
2026-08-08T16:37:42Z,2026-10-30,83,85000.0,C,0.0055,0.006,0.006,65632.9,65001.45,0.3664,0.08139,1e-05,47.03606,5.9,0.4
2026-08-08T16:37:42Z,2026-10-30,83,85000.0,P,0.296,0.305,0.3011,65632.9,65001.45,0.3664,-0.91861,1e-05,47.03606,0.0,0.0
2026-08-08T16:37:42Z,2026-10-30,83,86000.0,C,0.005,0.006,0.0055,65632.9,65001.45,0.37060000000000004,0.07433,1e-05,43.9056,8.6,0.4
2026-08-08T16:37:42Z,2026-10-30,83,86000.0,P,0.3105,0.3195,0.3158,65632.9,65001.45,0.37060000000000004,-0.92567,1e-05,43.9056,0.1,0.0
2026-08-08T16:37:42Z,2026-10-30,83,88000.0,C,0.0039,0.0044,0.0041,65632.9,65001.45,0.3718,0.05828,1e-05,36.36515,4.1,0.0
2026-08-08T16:37:42Z,2026-10-30,83,88000.0,P,0.3395,0.364,0.3449,65632.9,65001.45,0.3718,-0.94172,1e-05,36.36515,0.0,0.0
2026-08-08T16:37:42Z,2026-10-30,83,90000.0,C,0.0031,0.0035,0.0033,65632.9,65001.45,0.3774,0.04759,1e-05,30.96453,27.7,0.1
2026-08-08T16:37:42Z,2026-10-30,83,90000.0,P,0.369,0.3785,0.3746,65632.9,65001.45,0.3774,-0.95241,1e-05,30.96453,0.1,0.0
2026-08-08T16:37:42Z,2026-10-30,83,95000.0,C,0.0018,0.0019,0.0019,65632.9,65001.45,0.3899,0.0287,1e-05,20.48142,24.4,0.1
2026-08-08T16:37:42Z,2026-10-30,83,95000.0,P,0.4435,0.454,0.4494,65633.07,65001.45,0.3899,-0.9713,1e-05,20.48187,0.1,0.0
2026-08-08T16:37:42Z,2026-12-25,139,20000.0,C,0.698,0.7,0.6987,66088.78,65001.45,0.8703,0.99373,0.0,7.19873,2.7,0.0
2026-08-08T16:37:42Z,2026-12-25,139,20000.0,P,0.0011,0.0015,0.0013,66088.68,65001.45,0.8703,-0.00627,0.0,7.19877,106.2,0.1
2026-08-08T16:37:42Z,2026-12-25,139,30000.0,C,0.549,0.5515,0.5498,66088.78,65001.45,0.6977,0.97991,0.0,19.79968,291.0,0.0
2026-08-08T16:37:42Z,2026-12-25,139,30000.0,P,0.0035,0.0039,0.0037,66088.68,65001.45,0.6977,-0.02009,0.0,19.79979,2136.4,0.0
2026-08-08T16:37:42Z,2026-12-25,139,35000.0,C,0.4755,0.4775,0.4763,66088.78,65001.45,0.6297999999999999,0.96651,0.0,30.3543,77.8,0.0
2026-08-08T16:37:42Z,2026-12-25,139,35000.0,P,0.0055,0.006,0.0059,66088.78,65001.45,0.6297999999999999,-0.03349,0.0,30.3543,2332.7,1.2
2026-08-08T16:37:42Z,2026-12-25,139,40000.0,C,0.4025,0.4055,0.4042,66088.78,65001.45,0.5724,0.94518,0.0,45.19592,250.9,0.0
2026-08-08T16:37:42Z,2026-12-25,139,40000.0,P,0.009,0.0095,0.0095,66088.78,65001.45,0.5724,-0.05482,0.0,45.19592,4338.4,5.7
2026-08-08T16:37:42Z,2026-12-25,139,45000.0,C,0.3315,0.3355,0.3331,66088.78,65001.45,0.5125,0.9154,1e-05,63.15463,54.3,0.0
2026-08-08T16:37:42Z,2026-12-25,139,45000.0,P,0.0135,0.014,0.014,66088.78,65001.45,0.5125,-0.0846,1e-05,63.15463,2907.6,1.8
2026-08-08T16:37:42Z,2026-12-25,139,50000.0,C,0.264,0.268,0.2658,66088.78,65001.45,0.4697,0.86618,1e-05,87.90256,260.8,0.0
2026-08-08T16:37:42Z,2026-12-25,139,50000.0,P,0.022,0.0225,0.0223,66088.78,65001.45,0.4697,-0.13382,1e-05,87.90256,1941.5,52.1
2026-08-08T16:37:42Z,2026-12-25,139,52000.0,C,0.238,0.2475,0.24,66088.78,65001.45,0.45380000000000004,0.84064,1e-05,98.84493,0.1,0.0
2026-08-08T16:37:42Z,2026-12-25,139,52000.0,P,0.026,0.027,0.0268,66088.78,65001.45,0.45380000000000004,-0.15936,1e-05,98.84493,414.9,202.4
2026-08-08T16:37:42Z,2026-12-25,139,54000.0,C,0.214,0.2175,0.2153,66088.78,65001.45,0.44060000000000005,0.81049,2e-05,110.35328,33.1,0.0
2026-08-08T16:37:42Z,2026-12-25,139,54000.0,P,0.032,0.033,0.0324,66088.78,65001.45,0.44060000000000005,-0.18951,2e-05,110.35328,1808.2,13.4
2026-08-08T16:37:42Z,2026-12-25,139,55000.0,C,0.202,0.2055,0.2036,66088.84,65001.45,0.4357,0.79338,2e-05,116.26892,44.9,0.0
2026-08-08T16:37:42Z,2026-12-25,139,55000.0,P,0.035,0.036,0.0358,66088.84,65001.45,0.4357,-0.20662,2e-05,116.26892,1058.8,0.2
2026-08-08T16:37:42Z,2026-12-25,139,56000.0,C,0.1905,0.194,0.1919,66088.84,65001.45,0.4299,0.77568,2e-05,121.94972,41.4,0.0
2026-08-08T16:37:42Z,2026-12-25,139,56000.0,P,0.0385,0.04,0.0393,66088.84,65001.45,0.4299,-0.22432,2e-05,121.94972,462.3,0.5
2026-08-08T16:37:42Z,2026-12-25,139,58000.0,C,0.1685,0.172,0.1701,66088.84,65001.45,0.4215,0.73646,2e-05,133.03638,41.8,0.0
2026-08-08T16:37:42Z,2026-12-25,139,58000.0,P,0.047,0.0485,0.0477,66088.84,65001.45,0.4215,-0.26354,2e-05,133.03638,2135.5,2.0
2026-08-08T16:37:42Z,2026-12-25,139,60000.0,C,0.1485,0.1515,0.1495,66088.84,65001.45,0.4127,0.69398,2e-05,142.88365,787.0,0.0
2026-08-08T16:37:42Z,2026-12-25,139,60000.0,P,0.0565,0.058,0.0573,66088.84,65001.45,0.4127,-0.30602,2e-05,142.88365,6441.4,0.5
2026-08-08T16:37:42Z,2026-12-25,139,62000.0,C,0.1295,0.1325,0.1306,66088.84,65001.45,0.40630000000000005,0.64812,2e-05,151.16157,255.1,0.0
2026-08-08T16:37:42Z,2026-12-25,139,62000.0,P,0.068,0.0695,0.0687,66088.84,65001.45,0.40630000000000005,-0.35188,2e-05,151.16157,957.4,0.0
2026-08-08T16:37:42Z,2026-12-25,139,64000.0,C,0.1125,0.1145,0.1134,66088.84,65001.45,0.4011,0.60007,2e-05,157.35468,420.5,0.3
2026-08-08T16:37:42Z,2026-12-25,139,64000.0,P,0.081,0.0825,0.0818,66088.84,65001.45,0.4011,-0.39993,2e-05,157.35468,268.8,0.0
2026-08-08T16:37:42Z,2026-12-25,139,65000.0,C,0.105,0.1065,0.1055,66088.84,65001.45,0.39899999999999997,0.57554,2e-05,159.57159,843.5,0.0
2026-08-08T16:37:42Z,2026-12-25,139,65000.0,P,0.088,0.09,0.089,66088.78,65001.45,0.39899999999999997,-0.42446,2e-05,159.57156,742.1,0.1
2026-08-08T16:37:42Z,2026-12-25,139,66000.0,C,0.097,0.099,0.098,66088.84,65001.45,0.3969,0.55085,2e-05,161.17181,263.5,0.0
2026-08-08T16:37:42Z,2026-12-25,139,66000.0,P,0.0955,0.0975,0.0966,66088.84,65001.45,0.3969,-0.44915,2e-05,161.17181,363.7,0.0
2026-08-08T16:37:42Z,2026-12-25,139,68000.0,C,0.0835,0.085,0.0842,66088.84,65001.45,0.3937,0.50153,2e-05,162.49248,675.9,0.0
2026-08-08T16:37:42Z,2026-12-25,139,68000.0,P,0.1115,0.1135,0.1131,66088.84,65001.45,0.3937,-0.49847,2e-05,162.49248,455.9,0.0
2026-08-08T16:37:42Z,2026-12-25,139,70000.0,C,0.071,0.072,0.0717,66088.84,65001.45,0.39,0.45263,2e-05,161.34662,1569.2,0.0
2026-08-08T16:37:42Z,2026-12-25,139,70000.0,P,0.1295,0.1315,0.1309,66088.84,65001.45,0.39,-0.54737,2e-05,161.34662,1004.7,0.0
2026-08-08T16:37:42Z,2026-12-25,139,72000.0,C,0.06,0.0615,0.0609,66088.84,65001.45,0.3875,0.40544,2e-05,157.90788,1137.8,0.0
2026-08-08T16:37:42Z,2026-12-25,139,72000.0,P,0.1475,0.1515,0.1503,66088.78,65001.45,0.3875,-0.59456,2e-05,157.90764,330.5,0.0
2026-08-08T16:37:42Z,2026-12-25,139,74000.0,C,0.051,0.052,0.0517,66088.84,65001.45,0.3865,0.3611,2e-05,152.5416,146.7,0.0
2026-08-08T16:37:42Z,2026-12-25,139,74000.0,P,0.168,0.173,0.1714,66088.78,65001.45,0.3865,-0.63891,2e-05,152.54121,106.0,0.0
2026-08-08T16:37:42Z,2026-12-25,139,75000.0,C,0.047,0.048,0.0475,66088.84,65001.45,0.3861,0.33997,2e-05,149.23818,1917.0,0.1
2026-08-08T16:37:42Z,2026-12-25,139,75000.0,P,0.1785,0.184,0.1824,66088.84,65001.45,0.3861,-0.66003,2e-05,149.23827,896.2,0.2
2026-08-08T16:37:42Z,2026-12-25,139,76000.0,C,0.043,0.044,0.0437,66088.84,65001.45,0.3857,0.31952,2e-05,145.56773,382.9,0.0
2026-08-08T16:37:42Z,2026-12-25,139,76000.0,P,0.1895,0.195,0.1937,66088.84,65001.45,0.3857,-0.68048,2e-05,145.56767,142.1,0.0
2026-08-08T16:37:42Z,2026-12-25,139,78000.0,C,0.036,0.037,0.0368,66088.84,65001.45,0.3849,0.281,2e-05,137.34813,423.6,1.2
2026-08-08T16:37:42Z,2026-12-25,139,78000.0,P,0.213,0.2195,0.217,66088.78,65001.45,0.3849,-0.719,2e-05,137.34776,234.6,0.0
2026-08-08T16:37:42Z,2026-12-25,139,80000.0,C,0.031,0.0315,0.0314,66088.84,65001.45,0.3872,0.24788,2e-05,128.84977,8221.1,19.8
2026-08-08T16:37:42Z,2026-12-25,139,80000.0,P,0.237,0.244,0.2419,66088.84,65001.45,0.3872,-0.75212,2e-05,128.84972,951.8,0.0
2026-08-08T16:37:42Z,2026-12-25,139,82000.0,C,0.0255,0.026,0.0264,66088.84,65001.45,0.3872,0.21633,2e-05,119.43976,530.3,19.8
2026-08-08T16:37:42Z,2026-12-25,139,82000.0,P,0.262,0.2695,0.2671,66088.78,65001.45,0.3872,-0.78367,2e-05,119.43923,158.8,0.0
2026-08-08T16:37:42Z,2026-12-25,139,84000.0,C,0.021,0.022,0.0221,66088.84,65001.45,0.3872,0.18791,2e-05,109.78033,768.6,0.7
2026-08-08T16:37:42Z,2026-12-25,139,84000.0,P,0.2875,0.2955,0.2931,66088.84,65001.45,0.3872,-0.81209,2e-05,109.78033,47.1,0.0
2026-08-08T16:37:42Z,2026-12-25,139,85000.0,C,0.0195,0.02,0.0202,66088.84,65001.45,0.3872,0.17484,2e-05,104.93419,2232.6,1.1
2026-08-08T16:37:42Z,2026-12-25,139,85000.0,P,0.301,0.309,0.3064,66088.84,65001.45,0.3872,-0.82516,2e-05,104.93412,548.4,0.0
2026-08-08T16:37:42Z,2026-12-25,139,86000.0,C,0.018,0.0185,0.0185,66088.84,65001.45,0.3872,0.1625,2e-05,100.11271,325.1,5.1
2026-08-08T16:37:42Z,2026-12-25,139,86000.0,P,0.3145,0.3485,0.3197,66088.84,65001.45,0.3872,-0.8375,2e-05,100.11263,23.4,0.0
2026-08-08T16:37:42Z,2026-12-25,139,88000.0,C,0.015,0.0155,0.0154,66088.84,65001.45,0.3872,0.13995,1e-05,90.63504,2596.3,1.1
2026-08-08T16:37:42Z,2026-12-25,139,88000.0,P,0.3415,0.35,0.3469,66088.84,65001.45,0.3872,-0.86005,1e-05,90.63496,4.2,0.0
2026-08-08T16:37:42Z,2026-12-25,139,90000.0,C,0.0125,0.0135,0.013,66088.84,65001.45,0.38880000000000003,0.12119,1e-05,82.0487,3304.6,2.1
2026-08-08T16:37:42Z,2026-12-25,139,90000.0,P,0.3695,0.378,0.3748,66088.78,65001.45,0.38880000000000003,-0.87881,1e-05,82.04812,590.6,0.0
2026-08-08T16:37:42Z,2026-12-25,139,92000.0,C,0.0105,0.0115,0.011,66088.84,65001.45,0.3907,0.10501,1e-05,74.06842,253.8,1.0
2026-08-08T16:37:42Z,2026-12-25,139,92000.0,P,0.3975,0.429,0.403,66088.84,65001.45,0.3907,-0.89499,1e-05,74.06829,4.6,0.0
2026-08-08T16:37:42Z,2026-12-25,139,94000.0,C,0.009,0.0095,0.0095,66088.84,65001.45,0.3943,0.09204,1e-05,67.25294,117.5,0.0
2026-08-08T16:37:42Z,2026-12-25,139,94000.0,P,0.4265,0.435,0.4318,66088.84,65001.45,0.3943,-0.90796,1e-05,67.25294,5.3,0.0
2026-08-08T16:37:42Z,2026-12-25,139,95000.0,C,0.008,0.009,0.0087,66088.84,65001.45,0.39520000000000005,0.08562,1e-05,63.7299,1304.7,0.0
2026-08-08T16:37:42Z,2026-12-25,139,95000.0,P,0.441,0.4495,0.4462,66088.84,65001.45,0.39520000000000005,-0.91438,1e-05,63.7299,85.9,0.0
2026-08-08T16:37:42Z,2026-12-25,139,96000.0,C,0.008,0.0085,0.0081,66088.84,65001.45,0.397,0.08026,1e-05,60.69963,1311.6,0.5
2026-08-08T16:37:42Z,2026-12-25,139,96000.0,P,0.4555,0.464,0.4607,66088.78,65001.45,0.397,-0.91974,1e-05,60.69926,11.3,0.0
2026-08-08T16:37:42Z,2026-12-25,139,98000.0,C,0.0065,0.007,0.007,66088.78,65001.45,0.39990000000000003,0.0701,1e-05,54.74665,210.1,0.0
2026-08-08T16:37:42Z,2026-12-25,139,98000.0,P,0.484,0.4935,0.4898,66088.67,65001.45,0.39990000000000003,-0.9299,1e-05,54.74636,1.2,0.0
2026-08-08T16:37:42Z,2026-12-25,139,100000.0,C,0.0055,0.006,0.006,66088.84,65001.45,0.40240000000000004,0.06105,1e-05,49.18063,3651.9,0.1
2026-08-08T16:37:42Z,2026-12-25,139,100000.0,P,0.513,0.5225,0.5191,66088.67,65001.45,0.40240000000000004,-0.93896,1e-05,49.17971,303.3,0.0
2026-08-08T16:37:42Z,2026-12-25,139,102000.0,C,0.0049,0.0055,0.0051,66088.67,65001.45,0.405,0.05328,1e-05,44.18497,214.3,0.0
2026-08-08T16:37:42Z,2026-12-25,139,102000.0,P,0.5425,0.553,0.5485,66088.67,65001.45,0.405,-0.94672,1e-05,44.18497,7.8,0.0
2026-08-08T16:37:42Z,2026-12-25,139,104000.0,C,0.0041,0.0046,0.0044,66088.67,65001.45,0.4069,0.04624,1e-05,39.46342,86.0,0.0
2026-08-08T16:37:42Z,2026-12-25,139,104000.0,P,0.5725,0.5825,0.578,66088.67,65001.45,0.4069,-0.95376,1e-05,39.46342,0.1,0.0
2026-08-08T16:37:42Z,2026-12-25,139,105000.0,C,0.0038,0.0044,0.0041,66088.67,65001.45,0.4086,0.04339,1e-05,37.49123,834.3,0.0
2026-08-08T16:37:42Z,2026-12-25,139,105000.0,P,0.587,0.5965,0.5929,66088.67,65001.45,0.4086,-0.95661,1e-05,37.49123,109.4,0.0
2026-08-08T16:37:42Z,2026-12-25,139,106000.0,C,0.0035,0.0041,0.0038,66088.84,65001.45,0.4097,0.0405,1e-05,35.45484,320.2,0.0
2026-08-08T16:37:42Z,2026-12-25,139,106000.0,P,0.6015,0.6125,0.6077,66088.84,65001.45,0.4097,-0.9595,1e-05,35.45484,0.2,0.0
2026-08-08T16:37:42Z,2026-12-25,139,108000.0,C,0.0031,0.0037,0.0034,66088.67,65001.45,0.4142,0.03621,0.0,32.3611,123.1,0.0
2026-08-08T16:37:42Z,2026-12-25,139,108000.0,P,0.631,0.642,0.6375,66088.84,65001.45,0.4142,-0.96379,0.0,32.36177,0.1,0.0
2026-08-08T16:37:42Z,2026-12-25,139,110000.0,C,0.0027,0.0033,0.003,66088.67,65001.45,0.4177,0.03212,0.0,29.32398,2640.1,0.0
2026-08-08T16:37:42Z,2026-12-25,139,110000.0,P,0.6605,0.6715,0.6674,66088.84,65001.45,0.4177,-0.96788,0.0,29.32424,54.2,0.0
2026-08-08T16:37:42Z,2026-12-25,139,115000.0,C,0.0019,0.0024,0.0021,66088.67,65001.45,0.4252,0.02368,0.0,22.747,2339.9,0.0
2026-08-08T16:37:42Z,2026-12-25,139,115000.0,P,0.7355,0.7475,0.7422,66088.65,65001.45,0.4252,-0.97632,0.0,22.74701,0.7,0.0
2026-08-08T16:37:42Z,2026-12-25,139,120000.0,C,0.0015,0.0019,0.0017,66088.65,65001.45,0.43700000000000006,0.01876,0.0,18.67871,6033.2,0.0
2026-08-08T16:37:42Z,2026-12-25,139,120000.0,P,0.8105,0.8225,0.8174,66088.65,65001.45,0.43700000000000006,-0.98124,0.0,18.67871,35.6,0.0
2026-08-08T16:37:42Z,2026-12-25,139,125000.0,C,0.0011,0.0015,0.0013,66088.65,65001.45,0.4454,0.01446,0.0,14.94637,594.9,0.1
2026-08-08T16:37:42Z,2026-12-25,139,125000.0,P,0.8855,0.931,0.8927,66088.65,65001.45,0.4454,-0.98554,0.0,14.94637,9.1,0.0
2026-08-08T16:37:42Z,2026-12-25,139,130000.0,C,0.0009,0.0012,0.0011,66088.65,65001.45,0.4581,0.01206,0.0,12.77893,1576.3,2.2
2026-08-08T16:37:42Z,2026-12-25,139,130000.0,P,0.96,0.9735,0.9681,66088.65,65001.45,0.4581,-0.98794,0.0,12.77893,54.8,0.2
2026-08-08T16:37:42Z,2026-12-25,139,135000.0,C,0.0008,0.0011,0.001,66088.65,65001.45,0.4722,0.01047,0.0,11.30182,1109.8,2.0
2026-08-08T16:37:42Z,2026-12-25,139,135000.0,P,0.9745,1.1225,1.0437,66088.65,65001.45,0.4722,-0.98953,0.0,11.30182,0.6,0.0
2026-08-08T16:37:42Z,2026-12-25,139,140000.0,C,0.0006,0.001,0.0007,66088.67,65001.45,0.4771,0.00807,0.0,8.99374,1475.0,0.1
2026-08-08T16:37:42Z,2026-12-25,139,140000.0,P,1.0475,1.2,1.1191,66088.65,65001.45,0.4771,-0.99193,0.0,8.99372,0.2,0.0
2026-08-08T16:37:42Z,2026-12-25,139,150000.0,C,0.0004,0.0007,0.0005,66088.65,65001.45,0.4989,0.006,0.0,6.92836,1626.2,0.0
2026-08-08T16:37:42Z,2026-12-25,139,150000.0,P,1.1935,1.356,1.2702,66088.67,65001.45,0.4989,-0.994,0.0,6.92838,2.0,0.0
2026-08-08T16:37:42Z,2026-12-25,139,160000.0,C,0.0002,0.0006,0.0004,66088.65,65001.45,0.5108,0.00401,0.0,4.83933,1224.0,0.0
2026-08-08T16:37:42Z,2026-12-25,139,160000.0,P,1.34,1.512,1.4213,66088.65,65001.45,0.5108,-0.99599,0.0,4.83933,0.0,0.0
2026-08-08T16:37:42Z,2026-12-25,139,170000.0,C,0.0001,0.0006,0.0003,66088.67,65001.45,0.5266,0.00299,0.0,3.71496,2384.5,0.0
2026-08-08T16:37:42Z,2026-12-25,139,170000.0,P,1.486,1.6685,1.5726,66088.65,65001.45,0.5266,-0.99701,0.0,3.71495,0.0,0.0
2026-08-08T16:37:42Z,2026-12-25,139,180000.0,C,0.0001,0.0006,0.0003,66088.65,65001.45,0.5540999999999999,0.00286,0.0,3.57079,923.8,0.0
2026-08-08T16:37:42Z,2026-12-25,139,180000.0,P,1.632,1.8255,1.7239,66088.62,65001.45,0.5540999999999999,-0.99714,0.0,3.57079,0.0,0.0
2026-08-08T16:37:42Z,2026-12-25,139,190000.0,C,0.0001,0.0003,0.0002,66087.8,65001.45,0.5668,0.0022,0.0,2.81002,990.7,0.0
2026-08-08T16:37:42Z,2026-12-25,139,190000.0,P,1.7785,1.982,1.8751,66087.8,65001.45,0.5668,-0.9978,0.0,2.81002,0.0,0.0
2026-08-08T16:37:42Z,2026-12-25,139,200000.0,C,0.0,0.0003,0.0002,66088.62,65001.45,0.5820000000000001,0.00182,0.0,2.36895,951.5,0.0
2026-08-08T16:37:42Z,2026-12-25,139,200000.0,P,1.9245,2.1385,2.0264,66088.62,65001.45,0.5820000000000001,-0.99818,0.0,2.36895,0.0,0.0
2026-08-08T16:37:42Z,2026-12-25,139,210000.0,C,0.0,0.0002,0.0001,66087.8,65001.45,0.5820000000000001,0.00117,0.0,1.58012,151.7,0.0
2026-08-08T16:37:42Z,2026-12-25,139,210000.0,P,2.071,2.2945,2.1777,66088.62,65001.45,0.5820000000000001,-0.99883,0.0,1.5803,0.0,0.0
2026-08-08T16:37:42Z,2026-12-25,139,220000.0,C,0.0,0.0002,0.0001,66088.62,65001.45,0.5949,0.00098,0.0,1.34415,252.8,0.0
2026-08-08T16:37:42Z,2026-12-25,139,220000.0,P,2.217,2.4515,2.329,66087.8,65001.45,0.5949,-0.99902,0.0,1.34399,0.0,0.0
2026-08-08T16:37:42Z,2026-12-25,139,230000.0,C,0.0,0.0003,0.0001,66087.8,65001.45,0.6241,0.00114,0.0,1.55237,195.9,0.0
2026-08-08T16:37:42Z,2026-12-25,139,230000.0,P,2.3635,2.6085,2.4803,66087.8,65001.45,0.6241,-0.99886,0.0,1.55237,0.0,0.0
2026-08-08T16:37:42Z,2026-12-25,139,240000.0,C,0.0,0.0004,0.0001,66087.8,65001.45,0.6253,0.00081,0.0,1.124,874.4,0.0
2026-08-08T16:37:42Z,2026-12-25,139,240000.0,P,2.5095,2.765,2.6316,66087.8,65001.45,0.6253,-0.99919,0.0,1.124,0.0,0.0
2026-08-08T16:37:42Z,2026-12-25,139,250000.0,C,0.0,0.0003,0.0001,66087.8,65001.45,0.6295000000000001,0.00061,0.0,0.86638,1120.9,0.0
2026-08-08T16:37:42Z,2026-12-25,139,250000.0,P,2.6555,2.9215,2.7829,66087.8,65001.45,0.6295000000000001,-0.99939,0.0,0.86638,10.0,0.0
2026-08-08T16:37:42Z,2027-03-26,230,35000.0,C,0.487,0.4885,0.4874,66778.26,65001.45,0.5756,0.94983,0.0,54.78002,5.9,0.0
2026-08-08T16:37:42Z,2027-03-26,230,35000.0,P,0.011,0.012,0.0115,66777.44,65001.45,0.5756,-0.05018,0.0,54.78177,574.6,12.8
2026-08-08T16:37:42Z,2027-03-26,230,40000.0,C,0.417,0.4205,0.4185,66777.44,65001.45,0.532,0.923,1e-05,76.49536,81.3,0.0
2026-08-08T16:37:42Z,2027-03-26,230,40000.0,P,0.017,0.018,0.0175,66777.44,65001.45,0.532,-0.077,1e-05,76.49536,1132.2,0.0
2026-08-08T16:37:42Z,2027-03-26,230,45000.0,C,0.3505,0.354,0.3522,66777.44,65001.45,0.49340000000000006,0.88573,1e-05,102.34408,3.3,0.0
2026-08-08T16:37:42Z,2027-03-26,230,45000.0,P,0.0255,0.0265,0.026,66776.78,65001.45,0.49340000000000006,-0.11427,1e-05,102.34612,225.9,0.1
2026-08-08T16:37:42Z,2027-03-26,230,50000.0,C,0.288,0.292,0.29,66776.78,65001.45,0.4637,0.8341,1e-05,131.94444,20.6,0.0
2026-08-08T16:37:42Z,2027-03-26,230,50000.0,P,0.038,0.0395,0.0388,66776.78,65001.45,0.4637,-0.1659,1e-05,131.94444,2052.2,0.0
2026-08-08T16:37:42Z,2027-03-26,230,52000.0,C,0.2645,0.2685,0.2666,66776.78,65001.45,0.4535,0.80926,1e-05,144.07464,5.2,0.0
2026-08-08T16:37:42Z,2027-03-26,230,52000.0,P,0.0445,0.046,0.0453,66776.78,65001.45,0.4535,-0.19074,1e-05,144.07464,117.8,0.0
2026-08-08T16:37:42Z,2027-03-26,230,54000.0,C,0.2425,0.2465,0.2442,66777.44,65001.45,0.44439999999999996,0.78194,1e-05,156.03457,0.1,0.0
2026-08-08T16:37:42Z,2027-03-26,230,54000.0,P,0.052,0.0535,0.0528,66776.78,65001.45,0.44439999999999996,-0.21807,1e-05,156.03643,58.7,0.0
2026-08-08T16:37:42Z,2027-03-26,230,55000.0,C,0.2315,0.2355,0.2335,66776.78,65001.45,0.44079999999999997,0.76723,1e-05,161.91046,28.6,0.0
2026-08-08T16:37:42Z,2027-03-26,230,55000.0,P,0.0565,0.0575,0.0571,66776.78,65001.45,0.44079999999999997,-0.23277,1e-05,161.91046,1353.8,0.0
2026-08-08T16:37:42Z,2027-03-26,230,56000.0,C,0.2215,0.225,0.2231,66776.78,65001.45,0.43770000000000003,0.75192,1e-05,167.62602,16.9,0.0
2026-08-08T16:37:42Z,2027-03-26,230,56000.0,P,0.061,0.0625,0.0617,66776.78,65001.45,0.43770000000000003,-0.24808,1e-05,167.62602,83.2,0.0
2026-08-08T16:37:42Z,2027-03-26,230,58000.0,C,0.201,0.2055,0.2028,66776.78,65001.45,0.43,0.72028,1e-05,178.21112,5.2,0.0
2026-08-08T16:37:42Z,2027-03-26,230,58000.0,P,0.071,0.0715,0.0713,66776.78,65001.45,0.43,-0.27972,1e-05,178.21112,109.5,0.1
2026-08-08T16:37:42Z,2027-03-26,230,60000.0,C,0.1825,0.1865,0.1841,66776.78,65001.45,0.4251,0.6865,2e-05,187.77229,718.8,0.2
2026-08-08T16:37:42Z,2027-03-26,230,60000.0,P,0.082,0.0835,0.0826,66776.78,65001.45,0.4251,-0.3135,2e-05,187.77229,613.1,0.4
2026-08-08T16:37:42Z,2027-03-26,230,62000.0,C,0.166,0.168,0.1667,66776.78,65001.45,0.4208,0.65146,2e-05,195.88921,42.2,0.0
2026-08-08T16:37:42Z,2027-03-26,230,62000.0,P,0.094,0.096,0.0951,66777.86,65001.45,0.4208,-0.34852,2e-05,195.88871,244.2,0.0
2026-08-08T16:37:42Z,2027-03-26,230,64000.0,C,0.1495,0.152,0.1502,66777.86,65001.45,0.41600000000000004,0.61553,2e-05,202.38696,135.2,0.0
2026-08-08T16:37:42Z,2027-03-26,230,64000.0,P,0.1075,0.1095,0.1086,66777.86,65001.45,0.41600000000000004,-0.38447,2e-05,202.38696,133.1,0.0
2026-08-08T16:37:42Z,2027-03-26,230,65000.0,C,0.1415,0.144,0.1428,66777.86,65001.45,0.4153,0.5974,2e-05,204.98097,314.4,0.0
2026-08-08T16:37:42Z,2027-03-26,230,65000.0,P,0.1145,0.117,0.1162,66777.86,65001.45,0.4153,-0.4026,2e-05,204.98097,650.6,0.0
2026-08-08T16:37:42Z,2027-03-26,230,66000.0,C,0.134,0.1365,0.1353,66777.86,65001.45,0.413,0.57909,2e-05,207.14363,17.4,0.1
2026-08-08T16:37:42Z,2027-03-26,230,66000.0,P,0.122,0.1245,0.1236,66777.86,65001.45,0.413,-0.42091,2e-05,207.14363,123.9,0.0
2026-08-08T16:37:42Z,2027-03-26,230,68000.0,C,0.12,0.1225,0.1214,66777.86,65001.45,0.40990000000000004,0.54251,2e-05,210.10917,97.9,0.0
2026-08-08T16:37:42Z,2027-03-26,230,68000.0,P,0.138,0.1405,0.1397,66777.86,65001.45,0.40990000000000004,-0.45749,2e-05,210.10917,75.7,0.0
2026-08-08T16:37:42Z,2027-03-26,230,70000.0,C,0.1075,0.1095,0.1086,66777.86,65001.45,0.4072,0.50621,2e-05,211.28443,749.9,0.0
2026-08-08T16:37:42Z,2027-03-26,230,70000.0,P,0.155,0.158,0.1569,66776.78,65001.45,0.4072,-0.49381,2e-05,211.28118,211.8,0.0
2026-08-08T16:37:42Z,2027-03-26,230,72000.0,C,0.0965,0.098,0.0971,66777.86,65001.45,0.40490000000000004,0.47056,2e-05,210.73431,68.1,0.0
2026-08-08T16:37:42Z,2027-03-26,230,72000.0,P,0.1725,0.1775,0.1753,66776.78,65001.45,0.40490000000000004,-0.52946,2e-05,210.73012,139.1,0.0
2026-08-08T16:37:42Z,2027-03-26,230,74000.0,C,0.086,0.0875,0.0864,66777.86,65001.45,0.40259999999999996,0.43571,2e-05,208.55996,50.1,0.0
2026-08-08T16:37:42Z,2027-03-26,230,74000.0,P,0.192,0.197,0.1946,66777.86,65001.45,0.40259999999999996,-0.56429,2e-05,208.55996,54.0,0.0
2026-08-08T16:37:42Z,2027-03-26,230,76000.0,C,0.0765,0.077,0.0766,66777.86,65001.45,0.39990000000000003,0.40161,2e-05,204.85068,375.4,3.1
2026-08-08T16:37:42Z,2027-03-26,230,76000.0,P,0.213,0.2175,0.2147,66777.86,65001.45,0.39990000000000003,-0.59839,2e-05,204.85068,19.2,0.0
2026-08-08T16:37:42Z,2027-03-26,230,78000.0,C,0.068,0.0685,0.068,66777.86,65001.45,0.39840000000000003,0.36938,2e-05,199.88056,427.9,3.0
2026-08-08T16:37:42Z,2027-03-26,230,78000.0,P,0.2335,0.239,0.2361,66777.86,65001.45,0.39840000000000003,-0.63062,2e-05,199.88056,183.0,0.0
2026-08-08T16:37:42Z,2027-03-26,230,80000.0,C,0.0605,0.062,0.061,66777.96,65001.45,0.3994,0.34022,2e-05,194.12634,918.9,0.0
2026-08-08T16:37:42Z,2027-03-26,230,80000.0,P,0.256,0.2615,0.259,66777.96,65001.45,0.3994,-0.65978,2e-05,194.12634,139.2,0.0
2026-08-08T16:37:42Z,2027-03-26,230,82000.0,C,0.0535,0.054,0.0539,66777.96,65001.45,0.39770000000000005,0.31093,2e-05,187.11068,697.0,0.3
2026-08-08T16:37:42Z,2027-03-26,230,82000.0,P,0.279,0.3145,0.2818,66777.96,65001.45,0.39770000000000005,-0.68907,2e-05,187.11068,3.9,0.0
2026-08-08T16:37:42Z,2027-03-26,230,84000.0,C,0.0475,0.049,0.0482,66777.96,65001.45,0.39880000000000004,0.28528,2e-05,179.91019,266.3,0.0
2026-08-08T16:37:42Z,2027-03-26,230,84000.0,P,0.303,0.3085,0.3061,66777.86,65001.45,0.39880000000000004,-0.71472,2e-05,179.90944,55.1,0.0
2026-08-08T16:37:42Z,2027-03-26,230,85000.0,C,0.045,0.0465,0.0455,66777.96,65001.45,0.3992,0.273,2e-05,176.101,94.1,0.0
2026-08-08T16:37:42Z,2027-03-26,230,85000.0,P,0.315,0.321,0.3184,66777.96,65001.45,0.3992,-0.727,2e-05,176.101,0.9,0.0
2026-08-08T16:37:42Z,2027-03-26,230,86000.0,C,0.042,0.0435,0.043,66777.96,65001.45,0.3993,0.26093,2e-05,172.1253,125.1,5.0
2026-08-08T16:37:42Z,2027-03-26,230,86000.0,P,0.3275,0.3635,0.3308,66777.96,65001.45,0.3993,-0.73907,2e-05,172.1253,1.8,0.0
2026-08-08T16:37:42Z,2027-03-26,230,88000.0,C,0.0375,0.039,0.0382,66777.86,65001.45,0.3994,0.23802,1e-05,163.9177,70.9,0.0
2026-08-08T16:37:42Z,2027-03-26,230,88000.0,P,0.3525,0.39,0.356,66777.86,65001.45,0.3994,-0.76198,1e-05,163.9177,4.5,0.0
2026-08-08T16:37:42Z,2027-03-26,230,90000.0,C,0.0335,0.0345,0.034,66777.96,65001.45,0.39990000000000003,0.21703,1e-05,155.61051,507.9,0.0
2026-08-08T16:37:42Z,2027-03-26,230,90000.0,P,0.378,0.3845,0.3818,66777.86,65001.45,0.39990000000000003,-0.78297,1e-05,155.60971,14.1,0.0
2026-08-08T16:37:42Z,2027-03-26,230,92000.0,C,0.0295,0.031,0.0303,66777.96,65001.45,0.4003,0.19755,1e-05,147.18927,127.4,0.1
2026-08-08T16:37:42Z,2027-03-26,230,92000.0,P,0.4045,0.4375,0.408,66777.96,65001.45,0.4003,-0.80245,1e-05,147.18927,0.6,0.0
2026-08-08T16:37:42Z,2027-03-26,230,94000.0,C,0.026,0.0275,0.0268,66777.96,65001.45,0.4003,0.17927,1e-05,138.63192,145.2,0.0
2026-08-08T16:37:42Z,2027-03-26,230,94000.0,P,0.431,0.4665,0.4345,66777.96,65001.45,0.4003,-0.82073,1e-05,138.63192,9.1,0.0
2026-08-08T16:37:42Z,2027-03-26,230,95000.0,C,0.0245,0.026,0.0253,66777.86,65001.45,0.4003,0.1707,1e-05,134.39044,344.4,0.0
2026-08-08T16:37:42Z,2027-03-26,230,95000.0,P,0.4435,0.484,0.4479,66777.86,65001.45,0.4003,-0.8293,1e-05,134.39044,0.6,0.0
2026-08-08T16:37:42Z,2027-03-26,230,96000.0,C,0.023,0.0245,0.0239,66778.02,65001.45,0.401,0.16304,1e-05,130.46682,132.9,0.0
2026-08-08T16:37:42Z,2027-03-26,230,96000.0,P,0.457,0.4975,0.4615,66778.02,65001.45,0.401,-0.83696,1e-05,130.46682,1.6,0.0
2026-08-08T16:37:42Z,2027-03-26,230,98000.0,C,0.0205,0.022,0.0213,66778.02,65001.45,0.4017,0.14814,1e-05,122.47493,102.6,0.0
2026-08-08T16:37:42Z,2027-03-26,230,98000.0,P,0.485,0.5215,0.4889,66778.02,65001.45,0.4017,-0.85186,1e-05,122.47493,0.2,0.0
2026-08-08T16:37:42Z,2027-03-26,230,100000.0,C,0.0185,0.02,0.0192,66778.02,65001.45,0.40380000000000005,0.13555,1e-05,115.32595,559.8,0.9
2026-08-08T16:37:42Z,2027-03-26,230,100000.0,P,0.5125,0.52,0.5167,66777.96,65001.45,0.40380000000000005,-0.86445,1e-05,115.32549,12.1,0.0
2026-08-08T16:37:42Z,2027-03-26,230,102000.0,C,0.0165,0.018,0.0172,66778.02,65001.45,0.4048,0.12328,1e-05,107.98332,105.8,0.0
2026-08-08T16:37:42Z,2027-03-26,230,102000.0,P,0.54,0.5745,0.5447,66778.02,65001.45,0.4048,-0.87672,1e-05,107.98332,0.1,0.0
2026-08-08T16:37:42Z,2027-03-26,230,104000.0,C,0.0145,0.016,0.0152,66778.02,65001.45,0.405,0.11152,1e-05,100.58066,101.4,0.0
2026-08-08T16:37:42Z,2027-03-26,230,104000.0,P,0.5675,0.5765,0.5727,66778.02,65001.45,0.405,-0.88848,1e-05,100.58066,0.1,0.0
2026-08-08T16:37:42Z,2027-03-26,230,105000.0,C,0.014,0.015,0.0144,66778.02,65001.45,0.4052,0.10614,1e-05,97.07225,183.3,0.0
2026-08-08T16:37:42Z,2027-03-26,230,105000.0,P,0.5825,0.5905,0.5868,66778.02,65001.45,0.4052,-0.89386,1e-05,97.07225,0.4,0.0
2026-08-08T16:37:42Z,2027-03-26,230,106000.0,C,0.013,0.0145,0.0137,66778.02,65001.45,0.4065,0.10175,1e-05,94.13863,43.6,0.1
2026-08-08T16:37:42Z,2027-03-26,230,106000.0,P,0.596,0.605,0.6011,66778.02,65001.45,0.4065,-0.89825,1e-05,94.13863,0.1,0.0
2026-08-08T16:37:42Z,2027-03-26,230,108000.0,C,0.0115,0.013,0.0122,66777.96,65001.45,0.4071,0.09216,1e-05,87.54046,57.3,0.0
2026-08-08T16:37:42Z,2027-03-26,230,108000.0,P,0.6245,0.6335,0.6296,66778.02,65001.45,0.4071,-0.90784,1e-05,87.54086,0.1,0.0
2026-08-08T16:37:42Z,2027-03-26,230,110000.0,C,0.0105,0.012,0.0112,66778.02,65001.45,0.4103,0.08519,1e-05,82.56353,531.9,0.3
2026-08-08T16:37:42Z,2027-03-26,230,110000.0,P,0.653,0.663,0.6585,66778.02,65001.45,0.4103,-0.91481,1e-05,82.56353,3.9,0.5
2026-08-08T16:37:42Z,2027-03-26,230,112000.0,C,0.0095,0.0105,0.01,66778.02,65001.45,0.4105,0.07703,1e-05,76.5179,62.7,0.0
2026-08-08T16:37:42Z,2027-03-26,230,112000.0,P,0.6815,0.692,0.6872,66778.02,65001.45,0.4105,-0.92297,1e-05,76.5179,0.1,0.0
2026-08-08T16:37:42Z,2027-03-26,230,115000.0,C,0.008,0.009,0.0085,66778.02,65001.45,0.4119,0.06678,1e-05,68.58412,761.7,0.0
2026-08-08T16:37:42Z,2027-03-26,230,115000.0,P,0.7245,0.735,0.7306,66778.02,65001.45,0.4119,-0.93322,1e-05,68.58412,1.2,0.0
2026-08-08T16:37:42Z,2027-03-26,230,120000.0,C,0.0065,0.0075,0.007,66778.02,65001.45,0.42,0.05559,1e-05,59.41714,328.1,0.5
2026-08-08T16:37:42Z,2027-03-26,230,120000.0,P,0.798,0.809,0.804,66777.96,65001.45,0.42,-0.94441,1e-05,59.41684,1.8,0.0
2026-08-08T16:37:42Z,2027-03-26,230,125000.0,C,0.005,0.0055,0.0055,66778.02,65001.45,0.4232,0.04456,0.0,49.81503,125.5,0.0
2026-08-08T16:37:42Z,2027-03-26,230,125000.0,P,0.871,0.909,0.8774,66778.02,65001.45,0.4232,-0.95544,0.0,49.81503,0.1,0.0
2026-08-08T16:37:42Z,2027-03-26,230,130000.0,C,0.0042,0.0045,0.0043,66778.02,65001.45,0.42710000000000004,0.03618,0.0,42.05364,1066.1,0.1
2026-08-08T16:37:42Z,2027-03-26,230,130000.0,P,0.9445,1.0325,0.9511,66778.02,65001.45,0.42710000000000004,-0.96382,0.0,42.05364,0.3,0.0
2026-08-08T16:37:42Z,2027-03-26,230,140000.0,C,0.0029,0.0034,0.0031,66778.02,65001.45,0.44189999999999996,0.0264,0.0,32.4033,761.4,0.0
2026-08-08T16:37:42Z,2027-03-26,230,140000.0,P,1.0265,1.185,1.0997,66778.02,65001.45,0.44189999999999996,-0.9736,0.0,32.4033,0.0,0.0
2026-08-08T16:37:42Z,2027-03-26,230,150000.0,C,0.0021,0.0025,0.0023,66778.02,65001.45,0.4556,0.01977,0.0,25.39734,1902.2,0.4
2026-08-08T16:37:42Z,2027-03-26,230,150000.0,P,1.1715,1.338,1.2486,66777.96,65001.45,0.4556,-0.98023,0.0,25.39718,0.5,0.0
2026-08-08T16:37:42Z,2027-03-26,230,160000.0,C,0.0016,0.002,0.0017,66778.02,65001.45,0.4669,0.01485,0.0,19.88815,860.6,0.1
2026-08-08T16:37:42Z,2027-03-26,230,160000.0,P,1.316,1.491,1.3978,66777.96,65001.45,0.4669,-0.98515,0.0,19.88802,0.0,0.0
2026-08-08T16:37:42Z,2027-03-26,230,170000.0,C,0.0012,0.0016,0.0013,66778.02,65001.45,0.4781,0.01147,0.0,15.90413,249.9,0.0
2026-08-08T16:37:42Z,2027-03-26,230,170000.0,P,1.4595,1.645,1.5471,66777.93,65001.45,0.4781,-0.98853,0.0,15.90405,0.1,0.0
2026-08-08T16:37:42Z,2027-03-26,230,180000.0,C,0.0009,0.0014,0.0011,66777.93,65001.45,0.4928,0.00961,0.0,13.62912,641.6,0.0
2026-08-08T16:37:42Z,2027-03-26,230,180000.0,P,1.605,1.8005,1.6966,66777.93,65001.45,0.4928,-0.99039,0.0,13.62912,0.0,0.0
2026-08-08T16:37:42Z,2027-03-26,230,190000.0,C,0.0007,0.0012,0.0009,66777.93,65001.45,0.504,0.00786,0.0,11.4269,882.8,0.0
2026-08-08T16:37:42Z,2027-03-26,230,190000.0,P,1.749,1.955,1.8462,66777.93,65001.45,0.504,-0.99214,0.0,11.4269,0.9,0.0
2026-08-08T16:37:42Z,2027-03-26,230,200000.0,C,0.0006,0.001,0.0008,66777.93,65001.45,0.5155,0.0066,0.0,9.80293,502.7,0.0
2026-08-08T16:37:42Z,2027-03-26,230,200000.0,P,1.8945,2.1095,1.9958,66777.93,65001.45,0.5155,-0.9934,0.0,9.80293,1.0,0.0
2026-08-08T16:37:42Z,2027-06-25,321,30000.0,C,0.5665,0.57,0.568,67498.08,65001.45,0.6037,0.95691,0.0,57.90026,37.0,0.0
2026-08-08T16:37:42Z,2027-06-25,321,30000.0,P,0.012,0.0125,0.0125,67498.08,65001.45,0.6037,-0.04309,0.0,57.90026,308.0,0.0
2026-08-08T16:37:42Z,2027-06-25,321,40000.0,C,0.432,0.436,0.4341,67498.09,65001.45,0.5207,0.90593,1e-05,106.15361,17.0,0.0
2026-08-08T16:37:42Z,2027-06-25,321,40000.0,P,0.026,0.027,0.0267,67498.08,65001.45,0.5207,-0.09407,1e-05,106.15364,505.7,0.6
2026-08-08T16:37:42Z,2027-06-25,321,45000.0,C,0.3695,0.3735,0.3715,67498.08,65001.45,0.48969999999999997,0.8671,1e-05,135.88663,0.6,0.0
2026-08-08T16:37:42Z,2027-06-25,321,45000.0,P,0.0375,0.039,0.0382,67498.08,65001.45,0.48969999999999997,-0.1329,1e-05,135.88663,247.6,0.0
2026-08-08T16:37:42Z,2027-06-25,321,50000.0,C,0.312,0.316,0.3137,67498.08,65001.45,0.467,0.81711,1e-05,167.66821,17.1,0.1
2026-08-08T16:37:42Z,2027-06-25,321,50000.0,P,0.0535,0.0555,0.0544,67498.08,65001.45,0.467,-0.18289,1e-05,167.66821,285.1,0.0
2026-08-08T16:37:42Z,2027-06-25,321,52000.0,C,0.29,0.294,0.2919,67498.09,65001.45,0.4592,0.79425,1e-05,180.13795,1.1,0.0
2026-08-08T16:37:42Z,2027-06-25,321,52000.0,P,0.061,0.0635,0.0623,67498.09,65001.45,0.4592,-0.20575,1e-05,180.13795,17.7,0.0
2026-08-08T16:37:42Z,2027-06-25,321,54000.0,C,0.271,0.2735,0.2713,67498.08,65001.45,0.45299999999999996,0.76969,1e-05,192.24497,0.7,0.0
2026-08-08T16:37:42Z,2027-06-25,321,54000.0,P,0.07,0.0725,0.0713,67498.09,65001.45,0.45299999999999996,-0.23031,1e-05,192.24495,20.2,0.0
2026-08-08T16:37:42Z,2027-06-25,321,55000.0,C,0.261,0.2635,0.2615,67498.08,65001.45,0.4506,0.7568,1e-05,198.08999,0.9,0.0
2026-08-08T16:37:42Z,2027-06-25,321,55000.0,P,0.075,0.0775,0.0763,67498.08,65001.45,0.4506,-0.2432,1e-05,198.08999,8.8,1.0
2026-08-08T16:37:42Z,2027-06-25,321,56000.0,C,0.25,0.2535,0.2517,67498.08,65001.45,0.4475,0.74375,1e-05,203.66312,2.0,0.0
2026-08-08T16:37:42Z,2027-06-25,321,56000.0,P,0.08,0.0825,0.0813,67498.09,65001.45,0.4475,-0.25624,1e-05,203.6631,41.6,0.0
2026-08-08T16:37:42Z,2027-06-25,321,58000.0,C,0.2315,0.2345,0.2329,67498.08,65001.45,0.4422,0.71672,1e-05,214.15815,5.1,0.0
2026-08-08T16:37:42Z,2027-06-25,321,58000.0,P,0.091,0.0935,0.0922,67498.08,65001.45,0.4422,-0.28328,1e-05,214.15815,15.0,0.0
2026-08-08T16:37:42Z,2027-06-25,321,60000.0,C,0.214,0.2165,0.2152,67498.16,65001.45,0.4378,0.68869,1e-05,223.59885,943.4,0.0
2026-08-08T16:37:42Z,2027-06-25,321,60000.0,P,0.1025,0.1055,0.1042,67498.5,65001.45,0.4378,-0.3113,1e-05,223.59862,75.7,0.0
2026-08-08T16:37:42Z,2027-06-25,321,62000.0,C,0.197,0.2,0.1984,67498.16,65001.45,0.43329999999999996,0.65993,1e-05,231.82284,94.3,0.0
2026-08-08T16:37:42Z,2027-06-25,321,62000.0,P,0.1155,0.118,0.117,67498.5,65001.45,0.43329999999999996,-0.34006,1e-05,231.82282,34.8,0.0
2026-08-08T16:37:42Z,2027-06-25,321,64000.0,C,0.1815,0.185,0.1827,67498.5,65001.45,0.42969999999999997,0.63063,1e-05,238.73345,18.6,0.0
2026-08-08T16:37:42Z,2027-06-25,321,64000.0,P,0.1295,0.132,0.1309,67498.5,65001.45,0.42969999999999997,-0.36937,1e-05,238.73345,13.6,0.3
2026-08-08T16:37:42Z,2027-06-25,321,66000.0,C,0.1675,0.1695,0.1685,67498.5,65001.45,0.4278,0.60121,1e-05,244.22123,27.1,0.4
2026-08-08T16:37:42Z,2027-06-25,321,66000.0,P,0.144,0.1475,0.1463,67498.5,65001.45,0.4278,-0.39879,1e-05,244.22123,35.1,0.0
2026-08-08T16:37:42Z,2027-06-25,321,68000.0,C,0.1525,0.1565,0.1544,67498.5,65001.45,0.4239,0.57143,1e-05,248.33003,9.9,0.4
2026-08-08T16:37:42Z,2027-06-25,321,68000.0,P,0.1595,0.163,0.1618,67498.5,65001.45,0.4239,-0.42857,1e-05,248.33003,8.7,0.0
2026-08-08T16:37:42Z,2027-06-25,321,70000.0,C,0.14,0.1435,0.1417,67498.16,65001.45,0.4218,0.54206,1e-05,250.98185,186.5,0.0
2026-08-08T16:37:42Z,2027-06-25,321,70000.0,P,0.1765,0.18,0.1788,67498.5,65001.45,0.4218,-0.45794,1e-05,250.98277,9.7,0.2
2026-08-08T16:37:42Z,2027-06-25,321,72000.0,C,0.128,0.1315,0.1298,67498.16,65001.45,0.4194,0.51288,2e-05,252.25403,24.8,0.0
2026-08-08T16:37:42Z,2027-06-25,321,72000.0,P,0.1935,0.198,0.1965,67498.5,65001.45,0.4194,-0.48711,2e-05,252.2552,1.3,0.0
2026-08-08T16:37:42Z,2027-06-25,321,74000.0,C,0.1175,0.1205,0.1191,67498.5,65001.45,0.4182,0.4846,2e-05,252.19889,13.3,0.0
2026-08-08T16:37:42Z,2027-06-25,321,74000.0,P,0.212,0.2165,0.2154,67498.5,65001.45,0.4182,-0.5154,2e-05,252.19889,0.1,0.0
2026-08-08T16:37:42Z,2027-06-25,321,76000.0,C,0.1075,0.11,0.1088,67498.16,65001.45,0.41619999999999996,0.45658,2e-05,250.88935,23.6,5.0
2026-08-08T16:37:42Z,2027-06-25,321,76000.0,P,0.2315,0.2365,0.2348,67498.16,65001.45,0.41619999999999996,-0.54342,2e-05,250.88935,9.2,0.0
2026-08-08T16:37:42Z,2027-06-25,321,78000.0,C,0.098,0.101,0.0995,67498.5,65001.45,0.41479999999999995,0.42951,1e-05,248.43729,9.9,0.4
2026-08-08T16:37:42Z,2027-06-25,321,78000.0,P,0.252,0.257,0.2551,67498.54,65001.45,0.41479999999999995,-0.57048,1e-05,248.43751,0.4,0.0
2026-08-08T16:37:42Z,2027-06-25,321,80000.0,C,0.0895,0.0925,0.0909,67498.91,65001.45,0.41350000000000003,0.40338,1e-05,244.95028,68.6,0.0
2026-08-08T16:37:42Z,2027-06-25,321,80000.0,P,0.273,0.278,0.2761,67498.91,65001.45,0.41350000000000003,-0.59662,1e-05,244.95028,8.5,0.0
2026-08-08T16:37:42Z,2027-06-25,321,82000.0,C,0.0815,0.0845,0.083,67498.91,65001.45,0.4125,0.37825,1e-05,240.54171,62.0,0.0
2026-08-08T16:37:42Z,2027-06-25,321,82000.0,P,0.2945,0.3,0.2979,67498.54,65001.45,0.4125,-0.62176,1e-05,240.53934,0.2,0.0
2026-08-08T16:37:42Z,2027-06-25,321,84000.0,C,0.0745,0.0775,0.0759,67498.91,65001.45,0.4119,0.3544,1e-05,235.38621,2.7,0.0
2026-08-08T16:37:42Z,2027-06-25,321,84000.0,P,0.317,0.3225,0.3204,67498.54,65001.45,0.4119,-0.64561,1e-05,235.38367,0.1,0.0
2026-08-08T16:37:42Z,2027-06-25,321,85000.0,C,0.071,0.074,0.0725,67498.91,65001.45,0.4114,0.34273,1e-05,232.51435,8.1,0.0
2026-08-08T16:37:42Z,2027-06-25,321,85000.0,P,0.3285,0.334,0.3318,67498.91,65001.45,0.4114,-0.65727,1e-05,232.51435,6.8,0.0
2026-08-08T16:37:42Z,2027-06-25,321,86000.0,C,0.068,0.0705,0.0694,67498.54,65001.45,0.4115,0.33166,1e-05,229.56951,2.7,0.0
2026-08-08T16:37:42Z,2027-06-25,321,86000.0,P,0.34,0.3455,0.3435,67498.91,65001.45,0.4115,-0.66833,1e-05,229.57219,0.1,0.0
2026-08-08T16:37:42Z,2027-06-25,321,88000.0,C,0.062,0.0645,0.0634,67498.54,65001.45,0.41100000000000003,0.30999,1e-05,223.18712,2.9,0.0
2026-08-08T16:37:42Z,2027-06-25,321,88000.0,P,0.3635,0.3695,0.3672,67498.54,65001.45,0.41100000000000003,-0.69001,1e-05,223.18712,0.1,0.0
2026-08-08T16:37:42Z,2027-06-25,321,90000.0,C,0.0565,0.0595,0.058,67498.91,65001.45,0.4107,0.28951,1e-05,216.38462,76.5,0.0
2026-08-08T16:37:42Z,2027-06-25,321,90000.0,P,0.388,0.4325,0.3913,67498.91,65001.45,0.4107,-0.71049,1e-05,216.38462,0.5,0.0
2026-08-08T16:37:42Z,2027-06-25,321,92000.0,C,0.052,0.0545,0.0531,67498.54,65001.45,0.41090000000000004,0.27039,1e-05,209.33085,3.5,0.0
2026-08-08T16:37:42Z,2027-06-25,321,92000.0,P,0.4125,0.454,0.4161,67499.05,65001.45,0.41090000000000004,-0.7296,1e-05,209.33491,0.1,0.0
2026-08-08T16:37:42Z,2027-06-25,321,95000.0,C,0.045,0.0475,0.0464,67498.91,65001.45,0.4108,0.24348,1e-05,198.21547,27.0,0.0
2026-08-08T16:37:42Z,2027-06-25,321,95000.0,P,0.4495,0.457,0.4538,67498.91,65001.45,0.4108,-0.75652,1e-05,198.21547,20.1,0.0
2026-08-08T16:37:42Z,2027-06-25,321,100000.0,C,0.036,0.0385,0.0372,67498.91,65001.45,0.4114,0.20428,1e-05,179.37455,89.6,0.0
2026-08-08T16:37:42Z,2027-06-25,321,100000.0,P,0.5145,0.522,0.5188,67498.91,65001.45,0.4114,-0.79572,1e-05,179.37455,0.1,0.0
2026-08-08T16:37:42Z,2027-06-25,321,105000.0,C,0.029,0.031,0.03,67499.05,65001.45,0.41229999999999994,0.17103,1e-05,160.7135,98.0,0.0
2026-08-08T16:37:42Z,2027-06-25,321,105000.0,P,0.581,0.6255,0.5856,67499.05,65001.45,0.41229999999999994,-0.82897,1e-05,160.7135,0.1,0.0
2026-08-08T16:37:42Z,2027-06-25,321,110000.0,C,0.0235,0.025,0.0244,67498.91,65001.45,0.4147,0.14406,1e-05,143.56215,227.6,0.0
2026-08-08T16:37:42Z,2027-06-25,321,110000.0,P,0.649,0.6895,0.6541,67499.05,65001.45,0.4147,-0.85594,1e-05,143.56326,0.3,0.0
2026-08-08T16:37:42Z,2027-06-25,321,120000.0,C,0.0155,0.0175,0.0164,67498.91,65001.45,0.4194,0.10251,1e-05,113.05127,97.3,0.0
2026-08-08T16:37:42Z,2027-06-25,321,120000.0,P,0.788,0.7985,0.7943,67498.91,65001.45,0.4194,-0.89749,1e-05,113.05127,0.1,0.0
2026-08-08T16:37:42Z,2027-06-25,321,130000.0,C,0.0105,0.0115,0.0112,67498.91,65001.45,0.4238,0.07333,1e-05,88.02957,82.2,0.5
2026-08-08T16:37:42Z,2027-06-25,321,130000.0,P,0.931,1.0245,0.9372,67498.91,65001.45,0.4238,-0.92667,1e-05,88.02957,1.3,0.0
2026-08-08T16:37:42Z,2027-06-25,321,140000.0,C,0.0075,0.009,0.0082,67499.05,65001.45,0.4326,0.05517,0.0,70.54943,214.4,2.6
2026-08-08T16:37:42Z,2027-06-25,321,140000.0,P,1.0075,1.1735,1.0823,67499.05,65001.45,0.4326,-0.94483,0.0,70.54943,0.0,0.0
2026-08-08T16:37:42Z,2027-06-25,321,150000.0,C,0.0055,0.0065,0.006,67499.05,65001.45,0.4388,0.04128,0.0,55.92983,89.2,0.0
2026-08-08T16:37:42Z,2027-06-25,321,150000.0,P,1.1485,1.3225,1.2282,67498.91,65001.45,0.4388,-0.95872,0.0,55.92922,0.0,0.0
2026-08-08T16:37:42Z,2027-06-25,321,160000.0,C,0.0041,0.0049,0.0045,67499.05,65001.45,0.4456,0.03161,0.0,44.94659,513.6,0.0
2026-08-08T16:37:42Z,2027-06-25,321,160000.0,P,1.292,1.473,1.3749,67499.05,65001.45,0.4456,-0.96839,0.0,44.94659,0.0,0.0
2026-08-08T16:37:42Z,2027-06-25,321,170000.0,C,0.0033,0.0043,0.0038,67499.05,65001.45,0.4585,0.02652,0.0,38.8417,24.0,0.2
2026-08-08T16:37:42Z,2027-06-25,321,170000.0,P,1.435,1.625,1.5223,67498.94,65001.45,0.4585,-0.97348,0.0,38.84143,14.6,0.0
