snapshot_ts,expiry,days_to_expiry,strike,option_type,bid,ask,mark_price,forward_price,index_price,implied_vol,delta,gamma,vega,open_interest,volume_24h
2026-09-09T19:09:15Z,2026-09-10,1,71000.0,C,0.092,0.0965,0.0941,78369.03,78367.99,0.8767,0.99845,0.0,0.15083,0.0,0.0
2026-09-09T19:09:15Z,2026-09-10,1,71000.0,P,0.0,0.0001,0.0,78369.03,78367.99,0.8767,-0.00155,0.0,0.15083,27.0,12.0
2026-09-09T19:09:15Z,2026-09-10,1,72000.0,C,0.079,0.0835,0.0814,78369.03,78367.99,0.8194,0.9967,0.0,0.29902,0.0,0.0
2026-09-09T19:09:15Z,2026-09-10,1,72000.0,P,0.0,0.0001,0.0,78377.62,78367.99,0.8194,-0.00326,0.0,0.29623,73.6,14.2
2026-09-09T19:09:15Z,2026-09-10,1,73000.0,C,0.0665,0.071,0.0687,78369.03,78367.99,0.7336,0.99446,1e-05,0.47574,0.0,0.0
2026-09-09T19:09:15Z,2026-09-10,1,73000.0,P,0.0,0.0001,0.0,78361.45,78367.99,0.7336,-0.0056,1e-05,0.47987,51.5,16.8
2026-09-09T19:09:15Z,2026-09-10,1,74000.0,C,0.0535,0.058,0.0559,78361.45,78367.99,0.6295000000000001,0.99151,1e-05,0.69282,0.0,0.0
2026-09-09T19:09:15Z,2026-09-10,1,74000.0,P,0.0,0.0002,0.0001,78361.45,78367.99,0.6295000000000001,-0.00849,1e-05,0.69282,23.8,14.2
2026-09-09T19:09:15Z,2026-09-10,1,75000.0,C,0.041,0.046,0.0433,78361.45,78367.99,0.5622,0.97967,3e-05,1.47359,0.0,0.0
2026-09-09T19:09:15Z,2026-09-10,1,75000.0,P,0.0,0.0002,0.0002,78361.45,78367.99,0.5622,-0.02033,3e-05,1.47359,55.7,25.8
2026-09-09T19:09:15Z,2026-09-10,1,76000.0,C,0.028,0.033,0.0305,78361.45,78367.99,0.4263,0.97011,5e-05,2.03596,0.9,0.9
2026-09-09T19:09:15Z,2026-09-10,1,76000.0,P,0.0001,0.0003,0.0002,78361.45,78367.99,0.4263,-0.02989,5e-05,2.03596,189.2,23.0
2026-09-09T19:09:15Z,2026-09-10,1,76500.0,C,0.022,0.027,0.0242,78361.45,78367.99,0.38130000000000003,0.95088,9e-05,3.05177,0.0,0.0
2026-09-09T19:09:15Z,2026-09-10,1,76500.0,P,0.0002,0.0004,0.0003,78361.45,78367.99,0.38130000000000003,-0.04912,9e-05,3.05177,43.4,47.9
2026-09-09T19:09:15Z,2026-09-10,1,77000.0,C,0.0155,0.02,0.018,78361.45,78367.99,0.31829999999999997,0.92562,0.00015,4.2217,0.0,0.0
2026-09-09T19:09:15Z,2026-09-10,1,77000.0,P,0.0003,0.0005,0.0004,78361.45,78367.99,0.31829999999999997,-0.07438,0.00015,4.2217,55.4,60.9
2026-09-09T19:09:15Z,2026-09-10,1,77500.0,C,0.0105,0.0135,0.0121,78361.45,78367.99,0.29510000000000003,0.83735,0.00028,7.38118,25.0,25.0
2026-09-09T19:09:15Z,2026-09-10,1,77500.0,P,0.0008,0.0011,0.0009,78361.45,78367.99,0.29510000000000003,-0.16265,0.00028,7.38118,231.3,275.5
2026-09-09T19:09:15Z,2026-09-10,1,78000.0,C,0.0065,0.0075,0.0072,78368.52,78367.99,0.2862,0.66842,0.00042,10.89078,3.0,0.0
2026-09-09T19:09:15Z,2026-09-10,1,78000.0,P,0.0021,0.0026,0.0024,78360.99,78367.99,0.2862,-0.33477,0.00042,10.93092,88.4,69.1
2026-09-09T19:09:15Z,2026-09-10,1,78500.0,C,0.0034,0.0038,0.0037,78360.99,78367.99,0.2925,0.43936,0.00045,11.8346,166.5,70.5
2026-09-09T19:09:15Z,2026-09-10,1,78500.0,P,0.005,0.0055,0.0053,78361.45,78367.99,0.2926,-0.56043,0.00045,11.83563,117.0,174.2
2026-09-09T19:09:15Z,2026-09-10,1,79000.0,C,0.0015,0.0018,0.0018,78360.99,78367.99,0.30879999999999996,0.24803,0.00034,9.49707,96.7,85.9
2026-09-09T19:09:15Z,2026-09-10,1,79000.0,P,0.008,0.0115,0.0097,78361.45,78367.99,0.30879999999999996,-0.75181,0.00034,9.50039,98.6,110.4
2026-09-09T19:09:15Z,2026-09-10,1,79500.0,C,0.0007,0.001,0.0008,78360.99,78367.99,0.3319,0.12946,0.00021,6.33054,133.5,177.0
2026-09-09T19:09:15Z,2026-09-10,1,79500.0,P,0.0135,0.017,0.0152,78361.45,78367.99,0.3319,-0.87045,0.00021,6.3338,114.1,144.5
2026-09-09T19:09:15Z,2026-09-10,1,80000.0,C,0.0003,0.0005,0.0004,78358.01,78367.99,0.3649,0.06985,0.00012,4.02306,94.6,106.7
2026-09-09T19:09:15Z,2026-09-10,1,80000.0,P,0.02,0.023,0.0213,78358.01,78367.99,0.3649,-0.93015,0.00012,4.02306,46.3,45.0
2026-09-09T19:09:15Z,2026-09-10,1,80500.0,C,0.0003,0.0004,0.0003,78358.01,78367.99,0.4143,0.04534,8e-05,2.86193,427.5,419.7
2026-09-09T19:09:15Z,2026-09-10,1,80500.0,P,0.025,0.0295,0.0275,78358.01,78367.99,0.4143,-0.95466,8e-05,2.86193,0.0,0.0
2026-09-09T19:09:15Z,2026-09-10,1,81000.0,C,0.0001,0.0003,0.0002,78358.01,78367.99,0.4393,0.02485,4e-05,1.74528,316.9,442.3
2026-09-09T19:09:15Z,2026-09-10,1,81000.0,P,0.031,0.036,0.0337,78358.01,78367.99,0.4393,-0.97515,4e-05,1.74528,0.0,0.0
2026-09-09T19:09:15Z,2026-09-10,1,81500.0,C,0.0001,0.0002,0.0001,78358.01,78367.99,0.4901,0.01852,3e-05,1.3614,68.9,74.2
2026-09-09T19:09:15Z,2026-09-10,1,81500.0,P,0.037,0.042,0.0401,78358.01,78367.99,0.4901,-0.98148,3e-05,1.3614,0.0,0.0
2026-09-09T19:09:15Z,2026-09-10,1,82000.0,C,0.0,0.0001,0.0001,78358.01,78367.99,0.4903,0.00797,1e-05,0.65593,49.5,25.1
2026-09-09T19:09:15Z,2026-09-10,1,82000.0,P,0.044,0.049,0.0464,78358.01,78367.99,0.4903,-0.99203,1e-05,0.65593,0.0,0.0
2026-09-09T19:09:15Z,2026-09-10,1,82500.0,C,0.0,0.0001,0.0,78358.01,78367.99,0.5008,0.00372,1e-05,0.33348,29.6,27.7
2026-09-09T19:09:15Z,2026-09-10,1,82500.0,P,0.0495,0.055,0.0527,78358.01,78367.99,0.5008,-0.99628,1e-05,0.33348,0.0,0.0
2026-09-09T19:09:15Z,2026-09-10,1,83000.0,C,0.0,0.0001,0.0,78358.01,78367.99,0.5523,0.00336,1e-05,0.30436,69.6,67.8
2026-09-09T19:09:15Z,2026-09-10,1,83000.0,P,0.0565,0.0615,0.0591,78360.99,78367.99,0.5523,-0.99662,1e-05,0.30585,0.0,0.0
2026-09-09T19:09:15Z,2026-09-10,1,84000.0,C,0.0,0.0001,0.0,78358.01,78367.99,0.6402,0.00238,0.0,0.22238,261.6,70.7
2026-09-09T19:09:15Z,2026-09-10,1,84000.0,P,0.0695,0.074,0.0719,78360.99,78367.99,0.6402,-0.99761,0.0,0.22336,0.0,0.0
2026-09-09T19:09:15Z,2026-09-10,1,85000.0,C,0.0,0.0001,0.0,78358.01,78367.99,0.6999,0.00126,0.0,0.12446,65.5,70.6
2026-09-09T19:09:15Z,2026-09-10,1,85000.0,P,0.0815,0.087,0.0846,78358.01,78367.99,0.6999,-0.99874,0.0,0.12446,0.0,0.0
2026-09-09T19:09:15Z,2026-09-10,1,86000.0,C,0.0,0.0001,0.0,78358.01,78367.99,0.7006999999999999,0.00028,0.0,0.03072,17.9,7.9
2026-09-09T19:09:15Z,2026-09-10,1,86000.0,P,0.094,0.0995,0.0974,78358.01,78367.99,0.7006999999999999,-0.99972,0.0,0.03072,0.0,0.0
2026-09-09T19:09:15Z,2026-09-10,1,87000.0,C,0.0,0.0001,0.0,78358.01,78367.99,0.7006999999999999,5e-05,0.0,0.00632,21.5,20.0
2026-09-09T19:09:15Z,2026-09-10,1,87000.0,P,0.1075,0.1125,0.1101,78358.01,78367.99,0.7006999999999999,-0.99995,0.0,0.00632,0.0,0.0
2026-09-09T19:09:15Z,2026-09-10,1,88000.0,C,0.0,0.0001,0.0,78358.01,78367.99,0.7006999999999999,1e-05,0.0,0.0011,3.1,0.0
2026-09-09T19:09:15Z,2026-09-10,1,88000.0,P,0.1195,0.1255,0.1229,78358.01,78367.99,0.7006999999999999,-0.99999,0.0,0.0011,0.0,0.0
2026-09-09T19:09:15Z,2026-09-10,1,89000.0,C,0.0,0.0001,0.0,78358.01,78367.99,0.7006999999999999,0.0,0.0,0.00016,0.2,0.0
2026-09-09T19:09:15Z,2026-09-10,1,89000.0,P,0.1325,0.1385,0.1358,78358.01,78367.99,0.7006999999999999,-1.0,0.0,0.00016,0.0,0.0
2026-09-09T19:09:15Z,2026-09-11,2,60000.0,C,0.2325,0.2365,0.2345,78370.3,78367.99,0.7565999999999999,1.0,0.0,1e-05,0.0,0.0
2026-09-09T19:09:15Z,2026-09-11,2,60000.0,P,0.0,0.0001,0.0,78371.76,78367.99,0.7565999999999999,0.0,0.0,1e-05,97.7,0.4
2026-09-09T19:09:15Z,2026-09-11,2,64000.0,C,0.1815,0.1855,0.1834,78371.76,78367.99,0.74,0.99999,0.0,0.00248,0.0,0.0
2026-09-09T19:09:15Z,2026-09-11,2,64000.0,P,0.0,0.0001,0.0,78370.3,78367.99,0.74,-1e-05,0.0,0.00248,77.9,0.0
2026-09-09T19:09:15Z,2026-09-11,2,65000.0,C,0.1685,0.173,0.1707,78371.76,78367.99,0.7398,0.99996,0.0,0.00923,0.0,0.0
2026-09-09T19:09:15Z,2026-09-11,2,65000.0,P,0.0,0.0001,0.0,78371.76,78367.99,0.7398,-4e-05,0.0,0.00923,46.8,0.0
2026-09-09T19:09:15Z,2026-09-11,2,66000.0,C,0.156,0.16,0.1579,78371.76,78367.99,0.7199,0.99989,0.0,0.02137,0.1,0.0
2026-09-09T19:09:15Z,2026-09-11,2,66000.0,P,0.0,0.0001,0.0,78371.76,78367.99,0.7199,-0.00011,0.0,0.02137,365.1,0.0
2026-09-09T19:09:15Z,2026-09-11,2,67000.0,C,0.143,0.1475,0.1451,78370.3,78367.99,0.7081000000000001,0.9997,0.0,0.05537,0.2,0.0
2026-09-09T19:09:15Z,2026-09-11,2,67000.0,P,0.0,0.0001,0.0,78370.3,78367.99,0.7081000000000001,-0.0003,0.0,0.05537,411.9,0.0
2026-09-09T19:09:15Z,2026-09-11,2,68000.0,C,0.1305,0.1345,0.1324,78371.76,78367.99,0.6759999999999999,0.99944,0.0,0.09996,3.1,0.0
2026-09-09T19:09:15Z,2026-09-11,2,68000.0,P,0.0,0.0001,0.0,78371.76,78367.99,0.6759999999999999,-0.00056,0.0,0.09996,883.9,0.2
2026-09-09T19:09:15Z,2026-09-11,2,69000.0,C,0.1175,0.122,0.1196,78370.3,78367.99,0.6695,0.99843,0.0,0.25805,3.8,0.0
2026-09-09T19:09:15Z,2026-09-11,2,69000.0,P,0.0,0.0001,0.0,78370.3,78367.99,0.6695,-0.00157,0.0,0.25805,646.1,7.0
2026-09-09T19:09:15Z,2026-09-11,2,70000.0,C,0.1055,0.108,0.1069,78370.21,78367.99,0.6695,0.99564,0.0,0.65011,286.9,0.0
2026-09-09T19:09:15Z,2026-09-11,2,70000.0,P,0.0,0.0001,0.0001,78370.21,78367.99,0.6695,-0.00436,0.0,0.65011,803.4,3.8
2026-09-09T19:09:15Z,2026-09-11,2,71000.0,C,0.093,0.0955,0.0942,78370.43,78367.99,0.6388,0.99191,1e-05,1.12563,62.9,37.4
2026-09-09T19:09:15Z,2026-09-11,2,71000.0,P,0.0,0.0002,0.0001,78370.21,78367.99,0.6388,-0.0081,1e-05,1.12581,377.2,68.3
2026-09-09T19:09:15Z,2026-09-11,2,72000.0,C,0.08,0.083,0.0815,78370.21,78367.99,0.5861,0.98775,1e-05,1.61608,180.3,32.5
2026-09-09T19:09:15Z,2026-09-11,2,72000.0,P,0.0001,0.0003,0.0002,78370.21,78367.99,0.5861,-0.01225,1e-05,1.61608,610.6,11.2
2026-09-09T19:09:15Z,2026-09-11,2,73000.0,C,0.0675,0.07,0.0688,78370.43,78367.99,0.5443,0.97874,2e-05,2.59195,17.0,0.0
2026-09-09T19:09:15Z,2026-09-11,2,73000.0,P,0.0002,0.0004,0.0003,78370.43,78367.99,0.5443,-0.02126,2e-05,2.59186,1081.0,118.9
2026-09-09T19:09:15Z,2026-09-11,2,74000.0,C,0.0545,0.0575,0.0562,78370.21,78367.99,0.48310000000000003,0.96761,3e-05,3.68494,15.3,0.0
2026-09-09T19:09:15Z,2026-09-11,2,74000.0,P,0.0003,0.0005,0.0004,78370.43,78367.99,0.48310000000000003,-0.03238,3e-05,3.68434,940.0,90.0
2026-09-09T19:09:15Z,2026-09-11,2,75000.0,C,0.0425,0.045,0.0437,78370.43,78367.99,0.4289,0.94456,5e-05,5.68988,94.3,14.1
2026-09-09T19:09:15Z,2026-09-11,2,75000.0,P,0.0005,0.0008,0.0007,78370.21,78367.99,0.4289,-0.05545,5e-05,5.69078,983.4,223.7
2026-09-09T19:09:15Z,2026-09-11,2,76000.0,C,0.0305,0.033,0.0316,78370.21,78367.99,0.3922,0.88879,0.0001,9.63321,103.9,0.0
2026-09-09T19:09:15Z,2026-09-11,2,76000.0,P,0.0012,0.0015,0.0014,78370.21,78367.99,0.3922,-0.11121,0.0001,9.63321,1283.5,400.9
2026-09-09T19:09:15Z,2026-09-11,2,77000.0,C,0.0185,0.022,0.0204,78370.43,78367.99,0.3568,0.78051,0.00016,15.03048,125.4,1.4
2026-09-09T19:09:15Z,2026-09-11,2,77000.0,P,0.0028,0.0032,0.0029,78370.43,78367.99,0.3568,-0.21949,0.00016,15.03048,545.8,119.5
2026-09-09T19:09:15Z,2026-09-11,2,77500.0,C,0.0145,0.0165,0.0156,78370.43,78367.99,0.34729999999999994,0.69395,0.0002,17.83184,16.0,0.0
2026-09-09T19:09:15Z,2026-09-11,2,77500.0,P,0.0043,0.0047,0.0045,78370.21,78367.99,0.34729999999999994,-0.3061,0.0002,17.83291,28.0,19.3
2026-09-09T19:09:15Z,2026-09-11,2,78000.0,C,0.011,0.012,0.0115,78370.21,78367.99,0.3457,0.58799,0.00022,19.78284,965.9,9.2
2026-09-09T19:09:15Z,2026-09-11,2,78000.0,P,0.0065,0.007,0.0068,78370.21,78367.99,0.3457,-0.41201,0.00022,19.78284,574.8,118.4
2026-09-09T19:09:15Z,2026-09-11,2,78500.0,C,0.008,0.0085,0.0083,78370.21,78367.99,0.35109999999999997,0.47557,0.00022,20.2401,68.6,5.8
2026-09-09T19:09:15Z,2026-09-11,2,78500.0,P,0.0095,0.0105,0.0099,78370.43,78367.99,0.35109999999999997,-0.52438,0.00022,20.24031,127.9,67.8
2026-09-09T19:09:15Z,2026-09-11,2,79000.0,C,0.0055,0.0065,0.0058,78370.21,78367.99,0.35700000000000004,0.36916,0.00021,19.17755,446.7,32.2
2026-09-09T19:09:15Z,2026-09-11,2,79000.0,P,0.013,0.0145,0.0138,78370.43,78367.99,0.35700000000000004,-0.63079,0.00021,19.17838,359.0,22.1
2026-09-09T19:09:15Z,2026-09-11,2,79500.0,C,0.0038,0.0043,0.004,78370.35,78367.99,0.3654,0.27691,0.00018,17.0182,70.5,3.4
2026-09-09T19:09:15Z,2026-09-11,2,79500.0,P,0.0165,0.02,0.0184,78370.21,78367.99,0.3654,-0.72312,0.00018,17.01741,45.4,34.5
2026-09-09T19:09:15Z,2026-09-11,2,80000.0,C,0.0026,0.003,0.0027,78370.35,78367.99,0.3765,0.20307,0.00015,14.3609,997.8,560.1
2026-09-09T19:09:15Z,2026-09-11,2,80000.0,P,0.0215,0.025,0.0235,78370.21,78367.99,0.3765,-0.79695,0.00015,14.36,286.8,7.1
2026-09-09T19:09:15Z,2026-09-11,2,80500.0,C,0.0018,0.0021,0.0019,78370.35,78367.99,0.392,0.14874,0.00012,11.78484,252.4,39.7
2026-09-09T19:09:15Z,2026-09-11,2,80500.0,P,0.027,0.031,0.0291,78370.35,78367.99,0.392,-0.85126,0.00012,11.78484,0.0,0.0
2026-09-09T19:09:15Z,2026-09-11,2,81000.0,C,0.0013,0.0015,0.0014,78370.35,78367.99,0.4078,0.10848,9e-05,9.46254,4429.0,417.7
2026-09-09T19:09:15Z,2026-09-11,2,81000.0,P,0.0335,0.0365,0.0349,78370.35,78367.99,0.4078,-0.89152,9e-05,9.46254,163.7,0.1
2026-09-09T19:09:15Z,2026-09-11,2,82000.0,C,0.0006,0.0009,0.0007,78370.21,78367.99,0.4456,0.0603,5e-05,6.07896,1782.1,57.5
2026-09-09T19:09:15Z,2026-09-11,2,82000.0,P,0.0455,0.0485,0.0471,78370.21,78367.99,0.4456,-0.9397,5e-05,6.07896,66.1,0.0
2026-09-09T19:09:15Z,2026-09-11,2,83000.0,C,0.0005,0.0006,0.0005,78370.35,78367.99,0.5023,0.04047,3e-05,4.42167,433.0,40.4
2026-09-09T19:09:15Z,2026-09-11,2,83000.0,P,0.058,0.061,0.0596,78370.35,78367.99,0.5023,-0.95953,3e-05,4.42167,13.9,0.0
2026-09-09T19:09:15Z,2026-09-11,2,84000.0,C,0.0002,0.0004,0.0003,78370.35,78367.99,0.5379999999999999,0.02437,2e-05,2.90826,1432.0,126.2
2026-09-09T19:09:15Z,2026-09-11,2,84000.0,P,0.0695,0.0745,0.0722,78370.35,78367.99,0.5379999999999999,-0.97563,2e-05,2.90826,2.9,0.1
2026-09-09T19:09:15Z,2026-09-11,2,85000.0,C,0.0001,0.0003,0.0002,78370.35,78367.99,0.5732,0.01517,1e-05,1.94323,782.7,16.8
2026-09-09T19:09:15Z,2026-09-11,2,85000.0,P,0.0835,0.0865,0.0848,78370.21,78367.99,0.5732,-0.98484,1e-05,1.94303,32.4,0.0
2026-09-09T19:09:15Z,2026-09-11,2,86000.0,C,0.0,0.0002,0.0001,78370.21,78367.99,0.6032,0.00926,1e-05,1.26628,1511.3,74.8
2026-09-09T19:09:15Z,2026-09-11,2,86000.0,P,0.0945,0.1,0.0975,78370.35,78367.99,0.6032,-0.99074,1e-05,1.26642,1.4,0.0
2026-09-09T19:09:15Z,2026-09-11,2,88000.0,C,0.0,0.0002,0.0001,78370.35,78367.99,0.6661,0.0039,0.0,0.58833,1333.3,150.2
2026-09-09T19:09:15Z,2026-09-11,2,88000.0,P,0.12,0.1255,0.1229,78370.35,78367.99,0.6661,-0.9961,0.0,0.58833,0.0,0.0
2026-09-09T19:09:15Z,2026-09-11,2,90000.0,C,0.0,0.0002,0.0,78370.35,78367.99,0.6678000000000001,0.00075,0.0,0.13206,1464.5,26.4
2026-09-09T19:09:15Z,2026-09-11,2,90000.0,P,0.1455,0.151,0.1484,78370.21,78367.99,0.6678000000000001,-0.99925,0.0,0.13204,0.1,0.0
2026-09-09T19:09:15Z,2026-09-11,2,95000.0,C,0.0,0.0001,0.0,78370.21,78367.99,0.6678000000000001,0.0,0.0,0.00115,633.4,49.3
2026-09-09T19:09:15Z,2026-09-11,2,95000.0,P,0.209,0.215,0.2122,78370.35,78367.99,0.6678000000000001,-1.0,0.0,0.00115,0.1,0.0
2026-09-09T19:09:15Z,2026-09-12,3,69000.0,C,0.118,0.1225,0.1199,78380.91,78367.99,0.6611,0.99039,1e-05,1.68213,0.0,0.0
2026-09-09T19:09:15Z,2026-09-12,3,69000.0,P,0.0001,0.0003,0.0002,78380.9,78367.99,0.6611,-0.00961,1e-05,1.68213,7.8,2.1
2026-09-09T19:09:15Z,2026-09-12,3,70000.0,C,0.1055,0.1095,0.1072,78380.9,78367.99,0.6275,0.98568,1e-05,2.3778,0.0,0.0
2026-09-09T19:09:15Z,2026-09-12,3,70000.0,P,0.0002,0.0004,0.0003,78380.9,78367.99,0.6275,-0.01432,1e-05,2.3778,11.0,10.2
2026-09-09T19:09:15Z,2026-09-12,3,71000.0,C,0.0925,0.097,0.0945,78380.9,78367.99,0.583,0.98029,1e-05,3.1235,0.0,0.0
2026-09-09T19:09:15Z,2026-09-12,3,71000.0,P,0.0003,0.0005,0.0004,78380.9,78367.99,0.583,-0.01971,1e-05,3.1235,7.8,1.1
2026-09-09T19:09:15Z,2026-09-12,3,72000.0,C,0.08,0.0845,0.0819,78380.9,78367.99,0.5396,0.97198,2e-05,4.20026,0.0,0.0
2026-09-09T19:09:15Z,2026-09-12,3,72000.0,P,0.0004,0.0006,0.0005,78380.9,78367.99,0.5396,-0.02802,2e-05,4.20026,51.3,52.8
2026-09-09T19:09:15Z,2026-09-12,3,73000.0,C,0.0675,0.072,0.0694,78380.9,78367.99,0.5021,0.95734,3e-05,5.93106,0.0,0.0
2026-09-09T19:09:15Z,2026-09-12,3,73000.0,P,0.0007,0.0009,0.0007,78380.9,78367.99,0.5021,-0.04266,3e-05,5.93106,40.6,40.5
2026-09-09T19:09:15Z,2026-09-12,3,74000.0,C,0.055,0.0595,0.0571,78380.9,78367.99,0.4685,0.93222,4e-05,8.55616,0.0,0.0
2026-09-09T19:09:15Z,2026-09-12,3,74000.0,P,0.0011,0.0014,0.0012,78380.9,78367.99,0.4685,-0.06778,4e-05,8.55616,33.3,32.1
2026-09-09T19:09:15Z,2026-09-12,3,75000.0,C,0.0435,0.0475,0.0452,78380.9,78367.99,0.4412,0.88828,7e-05,12.42133,0.0,0.0
2026-09-09T19:09:15Z,2026-09-12,3,75000.0,P,0.0019,0.0023,0.002,78380.9,78367.99,0.4412,-0.11172,7e-05,12.42133,17.9,5.8
2026-09-09T19:09:15Z,2026-09-12,3,75500.0,C,0.038,0.041,0.0394,78380.9,78367.99,0.43,0.85607,8e-05,14.81526,10.0,10.0
2026-09-09T19:09:15Z,2026-09-12,3,75500.0,P,0.0026,0.003,0.0027,78380.9,78367.99,0.43,-0.14393,8e-05,14.81526,4.4,4.0
2026-09-09T19:09:15Z,2026-09-12,3,76000.0,C,0.0325,0.0365,0.034,78380.9,78367.99,0.4229,0.81404,0.0001,17.49371,0.0,0.0
2026-09-09T19:09:15Z,2026-09-12,3,76000.0,P,0.0035,0.0039,0.0036,78380.9,78367.99,0.4229,-0.18596,0.0001,17.49371,55.9,54.3
2026-09-09T19:09:15Z,2026-09-12,3,76500.0,C,0.027,0.031,0.029,78380.9,78367.99,0.42090000000000005,0.76115,0.00011,20.25508,0.0,0.0
2026-09-09T19:09:15Z,2026-09-12,3,76500.0,P,0.0047,0.0055,0.005,78380.9,78367.99,0.42090000000000005,-0.23885,0.00011,20.25508,138.0,130.0
2026-09-09T19:09:15Z,2026-09-12,3,77000.0,C,0.023,0.026,0.0242,78380.9,78367.99,0.4131,0.70316,0.00013,22.60415,0.0,0.0
2026-09-09T19:09:15Z,2026-09-12,3,77000.0,P,0.006,0.007,0.0066,78380.9,78367.99,0.4131,-0.29684,0.00013,22.60415,6.5,6.1
2026-09-09T19:09:15Z,2026-09-12,3,77500.0,C,0.019,0.0205,0.0199,78380.9,78367.99,0.4103,0.63595,0.00014,24.5332,0.0,0.0
2026-09-09T19:09:15Z,2026-09-12,3,77500.0,P,0.0085,0.009,0.0087,78380.9,78367.99,0.4103,-0.36405,0.00014,24.5332,9.0,6.6
2026-09-09T19:09:15Z,2026-09-12,3,78000.0,C,0.016,0.0165,0.0163,78380.9,78367.99,0.4152,0.56281,0.00015,25.73782,0.1,0.0
2026-09-09T19:09:15Z,2026-09-12,3,78000.0,P,0.011,0.012,0.0115,78380.9,78367.99,0.4152,-0.43719,0.00015,25.73782,149.7,85.0
2026-09-09T19:09:15Z,2026-09-12,3,78500.0,C,0.0125,0.0135,0.0131,78384.18,78367.99,0.41609999999999997,0.48994,0.00015,26.05425,103.2,34.5
2026-09-09T19:09:15Z,2026-09-12,3,78500.0,P,0.014,0.015,0.0146,78384.18,78367.99,0.41609999999999997,-0.51006,0.00015,26.05425,71.7,63.2
2026-09-09T19:09:15Z,2026-09-12,3,79000.0,C,0.01,0.011,0.0105,78384.18,78367.99,0.42100000000000004,0.4186,0.00014,25.51809,231.1,77.9
2026-09-09T19:09:15Z,2026-09-12,3,79000.0,P,0.0175,0.019,0.0184,78384.18,78367.99,0.42100000000000004,-0.5814,0.00014,25.51809,43.8,23.6
2026-09-09T19:09:15Z,2026-09-12,3,79500.0,C,0.008,0.0085,0.0083,78384.18,78367.99,0.42619999999999997,0.35191,0.00013,24.24553,52.1,43.1
2026-09-09T19:09:15Z,2026-09-12,3,79500.0,P,0.0215,0.024,0.0225,78384.18,78367.99,0.42619999999999997,-0.64809,0.00013,24.24553,44.4,37.1
2026-09-09T19:09:15Z,2026-09-12,3,80000.0,C,0.0065,0.007,0.0066,78384.18,78367.99,0.43670000000000003,0.29375,0.00012,22.49651,536.6,610.1
2026-09-09T19:09:15Z,2026-09-12,3,80000.0,P,0.0255,0.0285,0.0273,78384.18,78367.99,0.43670000000000003,-0.70625,0.00012,22.49651,37.7,37.7
2026-09-09T19:09:15Z,2026-09-12,3,80500.0,C,0.005,0.0055,0.0051,78384.18,78367.99,0.44270000000000004,0.2409,0.00011,20.35073,399.0,238.5
2026-09-09T19:09:15Z,2026-09-12,3,80500.0,P,0.03,0.034,0.0322,78384.18,78367.99,0.44270000000000004,-0.7591,0.00011,20.35073,0.0,0.0
2026-09-09T19:09:15Z,2026-09-12,3,81000.0,C,0.004,0.0041,0.0041,78384.18,78367.99,0.4523,0.19712,9e-05,18.13048,5033.7,698.1
2026-09-09T19:09:15Z,2026-09-12,3,81000.0,P,0.0355,0.0395,0.0375,78384.18,78367.99,0.4523,-0.80288,9e-05,18.13048,25.0,0.0
2026-09-09T19:09:15Z,2026-09-12,3,81500.0,C,0.0031,0.0033,0.0032,78384.18,78367.99,0.4619,0.1603,8e-05,15.91485,176.7,101.6
2026-09-09T19:09:15Z,2026-09-12,3,81500.0,P,0.0405,0.045,0.043,78384.18,78367.99,0.4619,-0.8397,8e-05,15.91485,0.0,0.0
2026-09-09T19:09:15Z,2026-09-12,3,82000.0,C,0.0024,0.0026,0.0025,78384.18,78367.99,0.4719,0.12987,7e-05,13.81058,47.6,38.0
2026-09-09T19:09:15Z,2026-09-12,3,82000.0,P,0.046,0.051,0.0487,78384.18,78367.99,0.4719,-0.87013,7e-05,13.81058,0.0,0.0
2026-09-09T19:09:15Z,2026-09-12,3,83000.0,C,0.0015,0.0017,0.0016,78384.18,78367.99,0.49560000000000004,0.0862,5e-05,10.27268,54.8,44.7
2026-09-09T19:09:15Z,2026-09-12,3,83000.0,P,0.058,0.0625,0.0605,78384.18,78367.99,0.49560000000000004,-0.9138,5e-05,10.27268,0.0,0.0
2026-09-09T19:09:15Z,2026-09-12,3,84000.0,C,0.0009,0.0012,0.001,78384.18,78367.99,0.5183,0.05701,3e-05,7.47627,15.8,5.2
2026-09-09T19:09:15Z,2026-09-12,3,84000.0,P,0.07,0.075,0.0727,78384.18,78367.99,0.5183,-0.94299,3e-05,7.47627,0.0,0.0
2026-09-09T19:09:15Z,2026-09-12,3,85000.0,C,0.0006,0.0008,0.0007,78384.18,78367.99,0.5449,0.03906,2e-05,5.52212,33.3,7.2
2026-09-09T19:09:15Z,2026-09-12,3,85000.0,P,0.082,0.0875,0.0851,78384.18,78367.99,0.5449,-0.96094,2e-05,5.52212,0.0,0.0
2026-09-09T19:09:15Z,2026-09-12,3,86000.0,C,0.0004,0.0006,0.0005,78384.18,78367.99,0.5729,0.02755,2e-05,4.14084,1.0,0.7
2026-09-09T19:09:15Z,2026-09-12,3,86000.0,P,0.0945,0.1,0.0977,78386.16,78367.99,0.5729,-0.97242,2e-05,4.14513,0.0,0.0
2026-09-09T19:09:15Z,2026-09-12,3,87000.0,C,0.0002,0.0004,0.0003,78386.16,78367.99,0.5921,0.01839,1e-05,2.94562,39.0,37.0
2026-09-09T19:09:15Z,2026-09-12,3,87000.0,P,0.107,0.113,0.1103,78386.16,78367.99,0.5921,-0.98161,1e-05,2.94562,0.0,0.0
2026-09-09T19:09:15Z,2026-09-12,3,88000.0,C,0.0002,0.0003,0.0002,78386.16,78367.99,0.6156,0.0129,1e-05,2.17197,18.2,17.1
2026-09-09T19:09:15Z,2026-09-12,3,88000.0,P,0.12,0.1255,0.1229,78386.16,78367.99,0.6156,-0.9871,1e-05,2.17197,0.0,0.0
2026-09-09T19:09:15Z,2026-09-13,4,70000.0,C,0.105,0.11,0.1074,78393.89,78367.99,0.5492,0.98309,1e-05,3.23763,0.0,0.0
2026-09-09T19:09:15Z,2026-09-13,4,70000.0,P,0.0002,0.0005,0.0003,78393.89,78367.99,0.5492,-0.01691,1e-05,3.23763,13.5,13.5
2026-09-09T19:09:15Z,2026-09-13,4,71000.0,C,0.0925,0.0975,0.0947,78391.97,78367.99,0.5157,0.97597,1e-05,4.36245,0.0,0.0
2026-09-09T19:09:15Z,2026-09-13,4,71000.0,P,0.0003,0.0007,0.0005,78393.89,78367.99,0.5157,-0.02401,1e-05,4.35849,3.0,3.0
2026-09-09T19:09:15Z,2026-09-13,4,72000.0,C,0.0805,0.085,0.0822,78393.89,78367.99,0.48340000000000005,0.96502,2e-05,5.95821,0.0,0.0
2026-09-09T19:09:15Z,2026-09-13,4,72000.0,P,0.0005,0.0009,0.0007,78391.97,78367.99,0.48340000000000005,-0.03502,2e-05,5.96363,4.1,4.1
2026-09-09T19:09:15Z,2026-09-13,4,73000.0,C,0.068,0.0725,0.0697,78391.97,78367.99,0.45130000000000003,0.94809,3e-05,8.19767,0.0,0.0
2026-09-09T19:09:15Z,2026-09-13,4,73000.0,P,0.0008,0.0012,0.001,78393.89,78367.99,0.45130000000000003,-0.05185,3e-05,8.19052,4.1,4.1
2026-09-09T19:09:15Z,2026-09-13,4,74000.0,C,0.0555,0.06,0.0575,78391.97,78367.99,0.41979999999999995,0.92164,5e-05,11.29092,0.0,0.0
2026-09-09T19:09:15Z,2026-09-13,4,74000.0,P,0.0013,0.0017,0.0015,78391.97,78367.99,0.41979999999999995,-0.07836,5e-05,11.29092,1.6,1.6
2026-09-09T19:09:15Z,2026-09-13,4,75000.0,C,0.0435,0.048,0.0457,78391.97,78367.99,0.39770000000000005,0.87483,7e-05,15.89666,0.0,0.0
2026-09-09T19:09:15Z,2026-09-13,4,75000.0,P,0.0023,0.0027,0.0025,78391.97,78367.99,0.39770000000000005,-0.12517,7e-05,15.89666,0.4,0.4
2026-09-09T19:09:15Z,2026-09-13,4,76000.0,C,0.0325,0.037,0.0347,78391.97,78367.99,0.38189999999999996,0.80046,9e-05,21.5698,0.0,0.0
2026-09-09T19:09:15Z,2026-09-13,4,76000.0,P,0.004,0.0045,0.0043,78391.97,78367.99,0.38189999999999996,-0.19954,9e-05,21.5698,1.2,1.2
2026-09-09T19:09:15Z,2026-09-13,4,76500.0,C,0.0275,0.032,0.0297,78391.97,78367.99,0.3764,0.75112,0.00011,24.45832,0.0,0.0
2026-09-09T19:09:15Z,2026-09-13,4,76500.0,P,0.005,0.006,0.0056,78393.89,78367.99,0.3764,-0.24866,0.00011,24.44777,0.4,0.4
2026-09-09T19:09:15Z,2026-09-13,4,77000.0,C,0.023,0.0275,0.0251,78391.97,78367.99,0.3746,0.69303,0.00012,27.10176,0.0,0.0
2026-09-09T19:09:15Z,2026-09-13,4,77000.0,P,0.007,0.008,0.0074,78393.52,78367.99,0.3746,-0.30679,0.00012,27.09507,0.3,0.3
2026-09-09T19:09:15Z,2026-09-13,4,77500.0,C,0.02,0.0215,0.0209,78394.01,78367.99,0.3721,0.62986,0.00013,29.13445,0.0,0.0
2026-09-09T19:09:15Z,2026-09-13,4,77500.0,P,0.009,0.01,0.0095,78393.52,78367.99,0.3721,-0.37021,0.00013,29.13592,0.2,0.2
2026-09-09T19:09:15Z,2026-09-13,4,78000.0,C,0.017,0.0175,0.0173,78394.01,78367.99,0.3753,0.56155,0.00014,30.41284,0.0,0.0
2026-09-09T19:09:15Z,2026-09-13,4,78000.0,P,0.0115,0.0125,0.0123,78394.01,78367.99,0.3753,-0.43845,0.00014,30.41284,0.9,0.9
2026-09-09T19:09:15Z,2026-09-13,4,78500.0,C,0.0135,0.0145,0.014,78393.52,78367.99,0.3734,0.4926,0.00014,30.77438,8.0,8.0
2026-09-09T19:09:15Z,2026-09-13,4,78500.0,P,0.015,0.016,0.0154,78394.01,78367.99,0.3734,-0.50734,0.00014,30.77467,1.2,1.7
2026-09-09T19:09:15Z,2026-09-13,4,79000.0,C,0.011,0.012,0.0114,78394.01,78367.99,0.38060000000000005,0.4259,0.00013,30.2474,1.1,1.1
2026-09-09T19:09:15Z,2026-09-13,4,79000.0,P,0.0185,0.0195,0.0192,78393.52,78367.99,0.38060000000000005,-0.57416,0.00013,30.24627,0.6,0.6
2026-09-09T19:09:15Z,2026-09-13,4,79500.0,C,0.009,0.0095,0.0092,78393.52,78367.99,0.386,0.36318,0.00013,28.95139,4.1,4.2
2026-09-09T19:09:15Z,2026-09-13,4,79500.0,P,0.022,0.0245,0.0234,78394.01,78367.99,0.386,-0.63675,0.00013,28.95324,3.6,3.6
2026-09-09T19:09:15Z,2026-09-13,4,80000.0,C,0.007,0.008,0.0074,78394.01,78367.99,0.3926,0.30662,0.00012,27.08867,4.8,4.8
2026-09-09T19:09:15Z,2026-09-13,4,80000.0,P,0.025,0.03,0.0279,78394.01,78367.99,0.3926,-0.69338,0.00012,27.08867,0.0,0.0
2026-09-09T19:09:15Z,2026-09-13,4,80500.0,C,0.0055,0.0065,0.0059,78393.52,78367.99,0.3995,0.2563,0.0001,24.84031,12.1,12.1
2026-09-09T19:09:15Z,2026-09-13,4,80500.0,P,0.03,0.035,0.0328,78393.52,78367.99,0.3995,-0.7437,0.0001,24.84031,0.0,0.0
2026-09-09T19:09:15Z,2026-09-13,4,81000.0,C,0.0046,0.0049,0.0048,78394.01,78367.99,0.40909999999999996,0.21417,9e-05,22.49305,0.0,0.0
2026-09-09T19:09:15Z,2026-09-13,4,81000.0,P,0.0355,0.0405,0.0381,78394.01,78367.99,0.40909999999999996,-0.78583,9e-05,22.49305,0.0,0.0
2026-09-09T19:09:15Z,2026-09-13,4,81500.0,C,0.0037,0.004,0.0038,78394.01,78367.99,0.4154,0.1762,8e-05,19.97459,25.4,25.4
2026-09-09T19:09:15Z,2026-09-13,4,81500.0,P,0.0405,0.0455,0.0435,78394.01,78367.99,0.4154,-0.8238,8e-05,19.97459,0.0,0.0
2026-09-09T19:09:15Z,2026-09-13,4,82000.0,C,0.003,0.0032,0.0031,78393.52,78367.99,0.42619999999999997,0.14658,7e-05,17.71348,170.3,170.3
2026-09-09T19:09:15Z,2026-09-13,4,82000.0,P,0.0465,0.0515,0.0491,78394.01,78367.99,0.42619999999999997,-0.85339,7e-05,17.71636,0.0,0.0
2026-09-09T19:09:15Z,2026-09-13,4,82500.0,C,0.0023,0.0026,0.0024,78394.01,78367.99,0.43189999999999995,0.11905,6e-05,15.34759,0.0,0.0
2026-09-09T19:09:15Z,2026-09-13,4,82500.0,P,0.052,0.057,0.0548,78394.01,78367.99,0.43189999999999995,-0.88095,6e-05,15.34759,0.0,0.0
2026-09-09T19:09:15Z,2026-09-13,4,83000.0,C,0.0018,0.0021,0.002,78394.01,78367.99,0.4404,0.09758,5e-05,13.29993,8.3,8.3
2026-09-09T19:09:15Z,2026-09-13,4,83000.0,P,0.058,0.0625,0.0607,78393.57,78367.99,0.4404,-0.90244,5e-05,13.29756,0.0,0.0
2026-09-09T19:09:15Z,2026-09-13,4,84000.0,C,0.0012,0.0014,0.0013,78393.57,78367.99,0.45890000000000003,0.06593,4e-05,9.89088,1.4,1.4
2026-09-09T19:09:15Z,2026-09-13,4,84000.0,P,0.07,0.0755,0.0728,78393.57,78367.99,0.45890000000000003,-0.93407,4e-05,9.89088,0.0,0.0
2026-09-09T19:09:15Z,2026-09-13,4,85000.0,C,0.0008,0.001,0.0009,78393.57,78367.99,0.4805,0.04579,3e-05,7.41644,6.9,9.0
2026-09-09T19:09:15Z,2026-09-13,4,85000.0,P,0.0825,0.088,0.0851,78393.57,78367.99,0.4805,-0.95421,3e-05,7.41644,0.0,0.0
2026-09-09T19:09:15Z,2026-09-13,4,86000.0,C,0.0005,0.0008,0.0006,78393.57,78367.99,0.49770000000000003,0.03103,2e-05,5.39812,23.5,23.5
2026-09-09T19:09:15Z,2026-09-13,4,86000.0,P,0.095,0.1005,0.0976,78393.57,78367.99,0.49770000000000003,-0.96897,2e-05,5.39812,0.0,0.0
2026-09-09T19:09:15Z,2026-09-13,4,87000.0,C,0.0003,0.0006,0.0004,78393.57,78367.99,0.5185,0.0219,1e-05,4.03428,23.8,23.8
2026-09-09T19:09:15Z,2026-09-13,4,87000.0,P,0.1075,0.113,0.1102,78393.96,78367.99,0.5185,-0.97809,1e-05,4.0351,0.0,0.0
2026-09-09T19:09:15Z,2026-09-13,4,88000.0,C,0.0002,0.0005,0.0003,78393.96,78367.99,0.5444,0.01656,1e-05,3.18078,0.0,0.0
2026-09-09T19:09:15Z,2026-09-13,4,88000.0,P,0.12,0.1255,0.1228,78393.57,78367.99,0.5444,-0.98344,1e-05,3.18014,0.0,0.0
2026-09-09T19:09:15Z,2026-09-13,4,89000.0,C,0.0001,0.0004,0.0002,78393.57,78367.99,0.5581,0.01123,1e-05,2.27433,0.6,0.6
2026-09-09T19:09:15Z,2026-09-13,4,89000.0,P,0.1325,0.1385,0.1355,78393.57,78367.99,0.5581,-0.98877,1e-05,2.27433,0.0,0.0
2026-09-09T19:09:15Z,2026-09-18,9,65000.0,C,0.17,0.174,0.1717,78428.99,78367.99,0.5926,0.9829,1e-05,5.08133,0.0,0.0
2026-09-09T19:09:15Z,2026-09-18,9,65000.0,P,0.0005,0.0007,0.0006,78428.5,78367.99,0.5926,-0.0171,1e-05,5.08204,182.6,2.2
2026-09-09T19:09:15Z,2026-09-18,9,68000.0,C,0.132,0.1365,0.134,78428.52,78367.99,0.5222,0.96612,1e-05,9.02271,3.0,0.0
2026-09-09T19:09:15Z,2026-09-18,9,68000.0,P,0.001,0.0012,0.0011,78428.52,78367.99,0.5222,-0.03388,1e-05,9.02271,149.2,43.5
2026-09-09T19:09:15Z,2026-09-18,9,69000.0,C,0.1195,0.124,0.1217,78428.52,78367.99,0.507,0.95456,2e-05,11.45764,0.0,0.0
2026-09-09T19:09:15Z,2026-09-18,9,69000.0,P,0.0013,0.0017,0.0015,78428.52,78367.99,0.507,-0.04544,2e-05,11.45764,31.9,0.8
2026-09-09T19:09:15Z,2026-09-18,9,70000.0,C,0.107,0.1115,0.1095,78428.93,78367.99,0.48979999999999996,0.94009,2e-05,14.27001,0.0,0.0
2026-09-09T19:09:15Z,2026-09-18,9,70000.0,P,0.0018,0.0022,0.002,78428.52,78367.99,0.48979999999999996,-0.05992,2e-05,14.27144,523.2,450.1
2026-09-09T19:09:15Z,2026-09-18,9,72000.0,C,0.0835,0.0875,0.0854,78428.52,78367.99,0.4523,0.89813,3e-05,21.33427,0.1,0.0
2026-09-09T19:09:15Z,2026-09-18,9,72000.0,P,0.0033,0.0037,0.0034,78428.91,78367.99,0.4523,-0.10186,3e-05,21.33242,2057.2,351.9
2026-09-09T19:09:15Z,2026-09-18,9,74000.0,C,0.061,0.0645,0.0628,78428.91,78367.99,0.424,0.82352,5e-05,31.08194,23.2,0.0
2026-09-09T19:09:15Z,2026-09-18,9,74000.0,P,0.006,0.007,0.0064,78428.52,78367.99,0.424,-0.1765,5e-05,31.084,1351.9,81.8
2026-09-09T19:09:15Z,2026-09-18,9,75000.0,C,0.0505,0.054,0.0525,78428.91,78367.99,0.4156,0.76889,6e-05,36.5157,41.8,10.0
2026-09-09T19:09:15Z,2026-09-18,9,75000.0,P,0.0085,0.0095,0.0088,78428.52,78367.99,0.4156,-0.23113,6e-05,36.51762,616.8,155.0
2026-09-09T19:09:15Z,2026-09-18,9,76000.0,C,0.0415,0.045,0.043,78428.91,78367.99,0.40700000000000003,0.70423,7e-05,41.43082,19.0,0.0
2026-09-09T19:09:15Z,2026-09-18,9,76000.0,P,0.0115,0.0125,0.012,78428.91,78367.99,0.40700000000000003,-0.29577,7e-05,41.43082,470.8,301.1
2026-09-09T19:09:15Z,2026-09-18,9,77000.0,C,0.0335,0.035,0.0345,78428.91,78367.99,0.40299999999999997,0.62898,8e-05,45.3236,56.9,0.2
2026-09-09T19:09:15Z,2026-09-18,9,77000.0,P,0.016,0.017,0.0163,78428.52,78367.99,0.40299999999999997,-0.37105,8e-05,45.32457,486.3,40.0
2026-09-09T19:09:15Z,2026-09-18,9,78000.0,C,0.027,0.0275,0.0273,78428.52,78367.99,0.4017,0.54772,8e-05,47.50374,98.5,3.6
2026-09-09T19:09:15Z,2026-09-18,9,78000.0,P,0.0215,0.022,0.0218,78428.52,78367.99,0.4017,-0.45228,8e-05,47.50374,277.3,1.8
2026-09-09T19:09:15Z,2026-09-18,9,79000.0,C,0.0205,0.0215,0.0211,78428.91,78367.99,0.4018,0.4652,8e-05,47.66453,427.6,70.5
2026-09-09T19:09:15Z,2026-09-18,9,79000.0,P,0.028,0.029,0.0284,78428.91,78367.99,0.4018,-0.5348,8e-05,47.66453,270.2,21.2
2026-09-09T19:09:15Z,2026-09-18,9,80000.0,C,0.016,0.0165,0.0162,78428.52,78367.99,0.40509999999999996,0.38619,8e-05,45.88619,671.8,139.1
2026-09-09T19:09:15Z,2026-09-18,9,80000.0,P,0.0355,0.037,0.0362,78428.93,78367.99,0.40509999999999996,-0.61377,8e-05,45.88757,136.6,23.2
2026-09-09T19:09:15Z,2026-09-18,9,81000.0,C,0.012,0.0125,0.0122,78429.39,78367.99,0.4077,0.31343,7e-05,42.51399,755.6,154.0
2026-09-09T19:09:15Z,2026-09-18,9,81000.0,P,0.0435,0.046,0.045,78429.39,78367.99,0.4077,-0.68657,7e-05,42.51406,36.9,4.1
2026-09-09T19:09:15Z,2026-09-18,9,82000.0,C,0.009,0.0095,0.0092,78429.39,78367.99,0.41409999999999997,0.25096,6e-05,38.18996,1352.7,64.9
2026-09-09T19:09:15Z,2026-09-18,9,82000.0,P,0.0525,0.0565,0.0547,78428.93,78367.99,0.41409999999999997,-0.74907,6e-05,38.18736,28.8,2.0
2026-09-09T19:09:15Z,2026-09-18,9,83000.0,C,0.0065,0.0075,0.0069,78429.39,78367.99,0.42090000000000005,0.19825,6e-05,33.39992,558.3,7.5
2026-09-09T19:09:15Z,2026-09-18,9,83000.0,P,0.063,0.067,0.0652,78429.39,78367.99,0.42090000000000005,-0.80175,6e-05,33.39992,0.0,0.0
2026-09-09T19:09:15Z,2026-09-18,9,84000.0,C,0.005,0.0055,0.0052,78429.39,78367.99,0.4294,0.15571,5e-05,28.66513,566.3,47.6
2026-09-09T19:09:15Z,2026-09-18,9,84000.0,P,0.074,0.0785,0.0762,78429.39,78367.99,0.4294,-0.84429,5e-05,28.66513,0.1,0.0
2026-09-09T19:09:15Z,2026-09-18,9,85000.0,C,0.0038,0.0041,0.0039,78428.93,78367.99,0.4385,0.12172,4e-05,24.23255,913.3,4.5
2026-09-09T19:09:15Z,2026-09-18,9,85000.0,P,0.0855,0.09,0.0877,78429.39,78367.99,0.4385,-0.87827,4e-05,24.23517,1.2,0.0
2026-09-09T19:09:15Z,2026-09-18,9,86000.0,C,0.0028,0.0032,0.003,78429.39,78367.99,0.4486,0.09526,3e-05,20.31222,674.3,28.1
2026-09-09T19:09:15Z,2026-09-18,9,86000.0,P,0.097,0.102,0.0995,78429.39,78367.99,0.4486,-0.90474,3e-05,20.31234,0.0,0.0
2026-09-09T19:09:15Z,2026-09-18,9,88000.0,C,0.0017,0.002,0.0018,78429.39,78367.99,0.47409999999999997,0.06035,2e-05,14.35205,615.1,219.4
2026-09-09T19:09:15Z,2026-09-18,9,88000.0,P,0.1215,0.1265,0.1239,78429.39,78367.99,0.47409999999999997,-0.93965,2e-05,14.35216,0.0,0.0
2026-09-09T19:09:15Z,2026-09-18,9,90000.0,C,0.0011,0.0013,0.0012,78429.39,78367.99,0.5051,0.04066,1e-05,10.47384,728.8,20.6
2026-09-09T19:09:15Z,2026-09-18,9,90000.0,P,0.146,0.1515,0.1488,78429.39,78367.99,0.5051,-0.95934,1e-05,10.47382,0.0,0.0
2026-09-09T19:09:15Z,2026-09-18,9,95000.0,C,0.0004,0.0006,0.0005,78428.93,78367.99,0.5720000000000001,0.01588,1e-05,4.76871,153.8,7.8
2026-09-09T19:09:15Z,2026-09-18,9,95000.0,P,0.2085,0.215,0.2118,78429.39,78367.99,0.5720000000000001,-0.98412,1e-05,4.76957,0.0,0.0
2026-09-09T19:09:15Z,2026-09-25,16,30000.0,C,0.617,0.619,0.6178,78484.58,78367.99,1.2395,0.99995,0.0,0.0336,135.5,0.0
2026-09-09T19:09:15Z,2026-09-25,16,30000.0,P,0.0,0.0001,0.0,78484.58,78367.99,1.2395,-5e-05,0.0,0.0336,2959.5,0.0
2026-09-09T19:09:15Z,2026-09-25,16,35000.0,C,0.553,0.5555,0.5541,78484.35,78367.99,1.0855,0.9999,0.0,0.06431,29.3,0.0
2026-09-09T19:09:15Z,2026-09-25,16,35000.0,P,0.0,0.0001,0.0,78484.58,78367.99,1.0855,-0.0001,0.0,0.06431,1200.7,0.0
2026-09-09T19:09:15Z,2026-09-25,16,40000.0,C,0.489,0.492,0.4904,78484.35,78367.99,1.0499,0.99936,0.0,0.36204,34.4,0.0
2026-09-09T19:09:15Z,2026-09-25,16,40000.0,P,0.0,0.0001,0.0,78484.35,78367.99,1.0499,-0.00064,0.0,0.36204,2816.9,0.1
2026-09-09T19:09:15Z,2026-09-25,16,45000.0,C,0.425,0.4285,0.4267,78484.35,78367.99,0.8865999999999999,0.99913,0.0,0.478,224.9,0.0
2026-09-09T19:09:15Z,2026-09-25,16,45000.0,P,0.0,0.0001,0.0,78484.35,78367.99,0.8865999999999999,-0.00087,0.0,0.478,2175.4,4.2
2026-09-09T19:09:15Z,2026-09-25,16,50000.0,C,0.3615,0.3645,0.3631,78484.35,78367.99,0.8031999999999999,0.99747,0.0,1.26811,30.1,0.0
2026-09-09T19:09:15Z,2026-09-25,16,50000.0,P,0.0,0.0002,0.0001,78484.35,78367.99,0.8031999999999999,-0.00253,0.0,1.26811,3756.7,4.6
2026-09-09T19:09:15Z,2026-09-25,16,52000.0,C,0.336,0.3395,0.3376,78484.58,78367.99,0.7606,0.99655,0.0,1.67811,150.2,0.0
2026-09-09T19:09:15Z,2026-09-25,16,52000.0,P,0.0001,0.0002,0.0002,78484.58,78367.99,0.7606,-0.00345,0.0,1.67811,1201.5,0.0
2026-09-09T19:09:15Z,2026-09-25,16,54000.0,C,0.3105,0.314,0.3121,78484.58,78367.99,0.7006,0.99608,0.0,1.88182,7.4,0.0
2026-09-09T19:09:15Z,2026-09-25,16,54000.0,P,0.0001,0.0004,0.0002,78484.35,78367.99,0.7006,-0.00392,0.0,1.88192,771.9,5.3
2026-09-09T19:09:15Z,2026-09-25,16,55000.0,C,0.2975,0.3015,0.2994,78484.58,78367.99,0.6715000000000001,0.9958,0.0,2.00272,143.7,0.0
2026-09-09T19:09:15Z,2026-09-25,16,55000.0,P,0.0001,0.0003,0.0002,78484.35,78367.99,0.6715000000000001,-0.0042,0.0,2.00283,3074.8,1.1
2026-09-09T19:09:15Z,2026-09-25,16,56000.0,C,0.285,0.2885,0.2868,78484.35,78367.99,0.6678000000000001,0.99411,0.0,2.707,13.4,0.0
2026-09-09T19:09:15Z,2026-09-25,16,56000.0,P,0.0002,0.0004,0.0003,78484.35,78367.99,0.6678000000000001,-0.00589,0.0,2.707,1702.2,13.0
2026-09-09T19:09:15Z,2026-09-25,16,58000.0,C,0.2595,0.263,0.2614,78484.35,78367.99,0.6297999999999999,0.99164,0.0,3.68899,460.7,0.0
2026-09-09T19:09:15Z,2026-09-25,16,58000.0,P,0.0003,0.0005,0.0004,78484.35,78367.99,0.6297999999999999,-0.00836,0.0,3.68899,1336.4,2.2
2026-09-09T19:09:15Z,2026-09-25,16,60000.0,C,0.2345,0.2385,0.236,78484.35,78367.99,0.5807,0.98932,0.0,4.57155,836.6,0.2
2026-09-09T19:09:15Z,2026-09-25,16,60000.0,P,0.0004,0.0005,0.0005,78484.58,78367.99,0.5807,-0.01068,0.0,4.5713,5335.2,16.9
2026-09-09T19:09:15Z,2026-09-25,16,62000.0,C,0.209,0.2125,0.2108,78484.58,78367.99,0.5611999999999999,0.98187,0.0,7.211,597.4,0.0
2026-09-09T19:09:15Z,2026-09-25,16,62000.0,P,0.0008,0.0009,0.0008,78484.35,78367.99,0.5611999999999999,-0.01813,0.0,7.21136,1420.1,7.2
2026-09-09T19:09:15Z,2026-09-25,16,64000.0,C,0.184,0.188,0.1857,78484.35,78367.99,0.5283,0.97297,1e-05,10.10052,646.9,15.1
2026-09-09T19:09:15Z,2026-09-25,16,64000.0,P,0.0012,0.0013,0.0012,78484.35,78367.99,0.5283,-0.02703,1e-05,10.10052,1227.5,6.1
2026-09-09T19:09:15Z,2026-09-25,16,65000.0,C,0.1715,0.175,0.1732,78484.56,78367.99,0.5088,0.96772,1e-05,11.70574,1267.2,8.4
2026-09-09T19:09:15Z,2026-09-25,16,65000.0,P,0.0013,0.0014,0.0014,78484.56,78367.99,0.5088,-0.03228,1e-05,11.70574,985.8,18.0
2026-09-09T19:09:15Z,2026-09-25,16,66000.0,C,0.159,0.163,0.1608,78484.56,78367.99,0.4943,0.95992,1e-05,13.97552,970.0,0.0
2026-09-09T19:09:15Z,2026-09-25,16,66000.0,P,0.0017,0.0019,0.0017,78484.56,78367.99,0.4943,-0.04008,1e-05,13.97552,1600.5,2.1
2026-09-09T19:09:15Z,2026-09-25,16,68000.0,C,0.1345,0.1385,0.1361,78484.35,78367.99,0.4612,0.93997,2e-05,19.29588,888.3,0.0
2026-09-09T19:09:15Z,2026-09-25,16,68000.0,P,0.0025,0.0028,0.0026,78484.56,78367.99,0.4612,-0.06003,2e-05,19.29509,1858.6,32.8
2026-09-09T19:09:15Z,2026-09-25,16,70000.0,C,0.1105,0.114,0.1121,78484.56,78367.99,0.4315,0.90817,2e-05,26.69041,10959.7,0.4
2026-09-09T19:09:15Z,2026-09-25,16,70000.0,P,0.0038,0.0042,0.0039,78484.56,78367.99,0.4315,-0.09183,2e-05,26.69011,8828.9,134.8
2026-09-09T19:09:15Z,2026-09-25,16,72000.0,C,0.087,0.091,0.0891,78484.56,78367.99,0.40869999999999995,0.85653,3e-05,36.64238,3313.6,0.3
2026-09-09T19:09:15Z,2026-09-25,16,72000.0,P,0.006,0.007,0.0064,78484.35,78367.99,0.40869999999999995,-0.14348,3e-05,36.64352,2426.1,227.1
2026-09-09T19:09:15Z,2026-09-25,16,73000.0,C,0.0765,0.08,0.0781,78484.35,78367.99,0.39909999999999995,0.82149,4e-05,42.26578,41.0,0.0
2026-09-09T19:09:15Z,2026-09-25,16,73000.0,P,0.008,0.009,0.0083,78484.56,78367.99,0.39909999999999995,-0.1785,4e-05,42.26462,772.5,7.7
2026-09-09T19:09:15Z,2026-09-25,16,74000.0,C,0.066,0.07,0.0679,78484.56,78367.99,0.3931,0.77816,5e-05,48.17289,1466.8,0.1
2026-09-09T19:09:15Z,2026-09-25,16,74000.0,P,0.0105,0.0115,0.0108,78484.56,78367.99,0.3931,-0.22184,5e-05,48.17289,680.6,0.0
2026-09-09T19:09:15Z,2026-09-25,16,75000.0,C,0.0565,0.06,0.0583,78484.56,78367.99,0.38780000000000003,0.72827,5e-05,53.70918,3307.7,0.1
2026-09-09T19:09:15Z,2026-09-25,16,75000.0,P,0.0135,0.0145,0.0139,78484.56,78367.99,0.38780000000000003,-0.27173,5e-05,53.70918,4604.8,28.0
2026-09-09T19:09:15Z,2026-09-25,16,76000.0,C,0.0485,0.051,0.0494,78484.35,78367.99,0.3839,0.6721,6e-05,58.48849,2855.4,0.2
2026-09-09T19:09:15Z,2026-09-25,16,76000.0,P,0.0175,0.0185,0.0178,78484.35,78367.99,0.3839,-0.3279,6e-05,58.48849,975.1,15.1
2026-09-09T19:09:15Z,2026-09-25,16,77000.0,C,0.0405,0.042,0.0414,78484.56,78367.99,0.3803,0.61128,6e-05,62.06714,293.6,0.3
2026-09-09T19:09:15Z,2026-09-25,16,77000.0,P,0.022,0.023,0.0224,78484.35,78367.99,0.3803,-0.38874,6e-05,62.06758,1081.5,27.5
2026-09-09T19:09:15Z,2026-09-25,16,78000.0,C,0.034,0.035,0.0343,78484.56,78367.99,0.37979999999999997,0.54705,6e-05,64.14674,5365.9,5.1
2026-09-09T19:09:15Z,2026-09-25,16,78000.0,P,0.0275,0.0285,0.0282,78484.56,78367.99,0.37979999999999997,-0.45295,6e-05,64.14674,2647.8,128.4
2026-09-09T19:09:15Z,2026-09-25,16,79000.0,C,0.028,0.029,0.0283,78484.56,78367.99,0.3815,0.48253,6e-05,64.5346,2360.5,70.5
2026-09-09T19:09:15Z,2026-09-25,16,79000.0,P,0.0345,0.0355,0.0349,78484.56,78367.99,0.3815,-0.51747,6e-05,64.5346,1156.4,111.7
2026-09-09T19:09:15Z,2026-09-25,16,80000.0,C,0.023,0.0235,0.0232,78484.56,78367.99,0.3839,0.42,6e-05,63.29337,6683.2,410.6
2026-09-09T19:09:15Z,2026-09-25,16,80000.0,P,0.042,0.043,0.0425,78484.56,78367.99,0.3839,-0.58,6e-05,63.29337,1567.6,28.5
2026-09-09T19:09:15Z,2026-09-25,16,81000.0,C,0.0185,0.0195,0.0189,78484.58,78367.99,0.3875,0.36144,6e-05,60.65984,2854.1,253.4
2026-09-09T19:09:15Z,2026-09-25,16,81000.0,P,0.05,0.0525,0.0509,78484.56,78367.99,0.3875,-0.63857,6e-05,60.65958,593.1,25.5
2026-09-09T19:09:15Z,2026-09-25,16,82000.0,C,0.015,0.016,0.0154,78484.35,78367.99,0.39280000000000004,0.30846,6e-05,57.00014,6926.5,283.5
2026-09-09T19:09:15Z,2026-09-25,16,82000.0,P,0.0585,0.0615,0.0602,78484.56,78367.99,0.39280000000000004,-0.69152,6e-05,57.00123,458.6,0.5
2026-09-09T19:09:15Z,2026-09-25,16,83000.0,C,0.012,0.013,0.0124,78484.56,78367.99,0.39740000000000003,0.26069,5e-05,52.59263,1479.6,325.2
2026-09-09T19:09:15Z,2026-09-25,16,83000.0,P,0.068,0.072,0.0699,78484.35,78367.99,0.39740000000000003,-0.73932,5e-05,52.59139,20.3,0.0
2026-09-09T19:09:15Z,2026-09-25,16,84000.0,C,0.0095,0.0105,0.01,78484.35,78367.99,0.4022,0.21858,5e-05,47.76516,4974.5,722.4
2026-09-09T19:09:15Z,2026-09-25,16,84000.0,P,0.078,0.0825,0.0803,78484.56,78367.99,0.4022,-0.78141,5e-05,47.76648,47.4,0.0
2026-09-09T19:09:15Z,2026-09-25,16,85000.0,C,0.0075,0.0085,0.008,78484.35,78367.99,0.40740000000000004,0.18227,4e-05,42.82247,9099.2,107.8
2026-09-09T19:09:15Z,2026-09-25,16,85000.0,P,0.089,0.0935,0.091,78484.56,78367.99,0.40740000000000004,-0.81772,4e-05,42.82382,454.8,0.0
2026-09-09T19:09:15Z,2026-09-25,16,86000.0,C,0.0065,0.007,0.0065,78484.56,78367.99,0.4143,0.15216,4e-05,38.11459,2187.6,412.2
2026-09-09T19:09:15Z,2026-09-25,16,86000.0,P,0.1,0.1045,0.1023,78484.35,78367.99,0.4143,-0.84784,4e-05,38.11328,11.7,0.0
2026-09-09T19:09:15Z,2026-09-25,16,87000.0,C,0.005,0.006,0.0054,78484.56,78367.99,0.424,0.12842,3e-05,33.9639,13.4,3.5
2026-09-09T19:09:15Z,2026-09-25,16,87000.0,P,0.1115,0.1165,0.1139,78484.35,78367.99,0.424,-0.87159,3e-05,33.96263,1.6,1.6
2026-09-09T19:09:15Z,2026-09-25,16,88000.0,C,0.0044,0.0046,0.0044,78484.56,78367.99,0.4302,0.10658,3e-05,29.76268,1551.8,33.1
2026-09-09T19:09:15Z,2026-09-25,16,88000.0,P,0.123,0.128,0.1256,78484.35,78367.99,0.4302,-0.89342,3e-05,29.76148,5.8,0.0
2026-09-09T19:09:15Z,2026-09-25,16,90000.0,C,0.0028,0.0032,0.003,78484.58,78367.99,0.44670000000000004,0.07499,2e-05,22.91899,8728.0,92.9
2026-09-09T19:09:15Z,2026-09-25,16,90000.0,P,0.1475,0.1525,0.1497,78484.56,78367.99,0.44670000000000004,-0.92501,2e-05,22.91872,579.9,0.1
2026-09-09T19:09:15Z,2026-09-25,16,92000.0,C,0.002,0.0023,0.0021,78484.35,78367.99,0.466,0.0543,1e-05,17.82937,1273.5,12.4
2026-09-09T19:09:15Z,2026-09-25,16,92000.0,P,0.171,0.177,0.1743,78484.56,78367.99,0.466,-0.9457,1e-05,17.83022,7.7,0.0
2026-09-09T19:09:15Z,2026-09-25,16,94000.0,C,0.0014,0.0018,0.0016,78484.56,78367.99,0.4866,0.04034,1e-05,14.04948,870.2,20.4
2026-09-09T19:09:15Z,2026-09-25,16,94000.0,P,0.1965,0.202,0.1993,78484.35,78367.99,0.4866,-0.95966,1e-05,14.04879,1.9,0.0
2026-09-09T19:09:15Z,2026-09-25,16,95000.0,C,0.0012,0.0016,0.0014,78484.32,78367.99,0.4972,0.0351,1e-05,12.54189,5503.1,2.8
2026-09-09T19:09:15Z,2026-09-25,16,95000.0,P,0.209,0.2145,0.2118,78484.32,78367.99,0.4972,-0.9649,1e-05,12.54189,147.6,0.0
2026-09-09T19:09:15Z,2026-09-25,16,96000.0,C,0.0011,0.0014,0.0012,78484.35,78367.99,0.508,0.03076,1e-05,11.24921,1815.7,1.7
2026-09-09T19:09:15Z,2026-09-25,16,96000.0,P,0.2215,0.227,0.2244,78484.32,78367.99,0.508,-0.96924,1e-05,11.24897,1.0,0.0
2026-09-09T19:09:15Z,2026-09-25,16,98000.0,C,0.0008,0.0011,0.0009,78484.58,78367.99,0.5279,0.02361,1e-05,9.01935,1131.5,2.2
2026-09-09T19:09:15Z,2026-09-25,16,98000.0,P,0.246,0.2525,0.2496,78484.32,78367.99,0.5279,-0.97639,1e-05,9.01878,0.1,0.0
2026-09-09T19:09:15Z,2026-09-25,16,100000.0,C,0.0006,0.0008,0.0007,78484.32,78367.99,0.5476,0.01839,1e-05,7.30046,7211.3,32.0
2026-09-09T19:09:15Z,2026-09-25,16,100000.0,P,0.272,0.278,0.2749,78484.58,78367.99,0.5476,-0.98161,1e-05,7.30093,336.1,0.0
2026-09-09T19:09:15Z,2026-09-25,16,102000.0,C,0.0004,0.0007,0.0005,78484.32,78367.99,0.5608,0.01364,0.0,5.65178,200.1,3.0
2026-09-09T19:09:15Z,2026-09-25,16,102000.0,P,0.297,0.303,0.3002,78484.32,78367.99,0.5608,-0.98636,0.0,5.65178,0.4,0.0
2026-09-09T19:09:15Z,2026-09-25,16,105000.0,C,0.0003,0.0005,0.0004,78484.32,78367.99,0.5886,0.00975,0.0,4.21931,1538.2,20.0
2026-09-09T19:09:15Z,2026-09-25,16,105000.0,P,0.335,0.3415,0.3382,78484.58,78367.99,0.5886,-0.99025,0.0,4.21959,105.1,0.0
2026-09-09T19:09:15Z,2026-09-25,16,110000.0,C,0.0001,0.0003,0.0002,78484.32,78367.99,0.6138,0.00463,0.0,2.18565,1524.8,8.3
2026-09-09T19:09:15Z,2026-09-25,16,110000.0,P,0.3985,0.405,0.4017,78484.35,78367.99,0.6138,-0.99537,0.0,2.18572,215.7,0.0
2026-09-09T19:09:15Z,2026-09-25,16,115000.0,C,0.0001,0.0002,0.0002,78484.58,78367.99,0.6823999999999999,0.00411,0.0,1.96364,2160.9,1.0
2026-09-09T19:09:15Z,2026-09-25,16,115000.0,P,0.462,0.4685,0.4654,78484.32,78367.99,0.6823999999999999,-0.99589,0.0,1.96351,93.5,0.0
2026-09-09T19:09:15Z,2026-09-25,16,120000.0,C,0.0001,0.0002,0.0001,78484.32,78367.99,0.7345999999999999,0.00321,0.0,1.57356,1331.6,1.0
2026-09-09T19:09:15Z,2026-09-25,16,120000.0,P,0.5245,0.532,0.5291,78484.32,78367.99,0.7345999999999999,-0.99679,0.0,1.57356,174.5,0.0
2026-09-09T19:09:15Z,2026-09-25,16,125000.0,C,0.0,0.0002,0.0001,78484.58,78367.99,0.7601,0.00193,0.0,0.99354,2355.6,0.0
2026-09-09T19:09:15Z,2026-09-25,16,125000.0,P,0.589,0.5965,0.5928,78484.32,78367.99,0.7601,-0.99807,0.0,0.99348,21.5,0.0
2026-09-09T19:09:15Z,2026-09-25,16,130000.0,C,0.0,0.0002,0.0001,78484.32,78367.99,0.7992,0.00145,0.0,0.76578,1453.2,0.0
2026-09-09T19:09:15Z,2026-09-25,16,130000.0,P,0.6525,0.6595,0.6564,78484.32,78367.99,0.7992,-0.99855,0.0,0.76578,21.4,0.0
2026-09-09T19:09:15Z,2026-09-25,16,135000.0,C,0.0,0.0002,0.0,78485.25,78367.99,0.7992,0.00067,0.0,0.37737,493.0,0.0
2026-09-09T19:09:15Z,2026-09-25,16,135000.0,P,0.716,0.7235,0.7201,78485.36,78367.99,0.7992,-0.99933,0.0,0.37728,11.5,0.0
2026-09-09T19:09:15Z,2026-09-25,16,140000.0,C,0.0,0.0002,0.0,78485.25,78367.99,0.7992,0.0003,0.0,0.18157,1208.2,2.0
2026-09-09T19:09:15Z,2026-09-25,16,140000.0,P,0.7795,0.7875,0.7838,78485.36,78367.99,0.7992,-0.9997,0.0,0.18152,1.4,0.0
2026-09-09T19:09:15Z,2026-09-25,16,145000.0,C,0.0,0.0001,0.0,78484.35,78367.99,0.8137000000000001,0.00018,0.0,0.10937,490.3,0.0
2026-09-09T19:09:15Z,2026-09-25,16,145000.0,P,0.843,0.8515,0.8475,78485.36,78367.99,0.8137000000000001,-0.99982,0.0,0.10936,0.2,0.0
2026-09-09T19:09:15Z,2026-09-25,16,150000.0,C,0.0,0.0001,0.0,78484.35,78367.99,0.8395999999999999,0.00013,0.0,0.08177,759.3,62.2
2026-09-09T19:09:15Z,2026-09-25,16,150000.0,P,0.9065,0.915,0.9112,78485.36,78367.99,0.8395999999999999,-0.99987,0.0,0.08177,40.5,39.9
2026-09-09T19:09:15Z,2026-09-25,16,155000.0,C,0.0,0.0001,0.0,78484.35,78367.99,0.8402,6e-05,0.0,0.0407,378.0,0.0
2026-09-09T19:09:15Z,2026-09-25,16,155000.0,P,0.969,0.979,0.9749,78485.36,78367.99,0.8402,-0.99994,0.0,0.0407,0.1,0.0
2026-09-09T19:09:15Z,2026-09-25,16,160000.0,C,0.0,0.0001,0.0,78485.25,78367.99,0.8422,3e-05,0.0,0.02062,1498.4,0.0
2026-09-09T19:09:15Z,2026-09-25,16,160000.0,P,1.0325,1.043,1.0386,78485.25,78367.99,0.8422,-0.99997,0.0,0.02062,0.6,0.0
2026-09-09T19:09:15Z,2026-09-25,16,165000.0,C,0.0,0.0001,0.0,78485.25,78367.99,0.8525,2e-05,0.0,0.01243,266.6,0.0
2026-09-09T19:09:15Z,2026-09-25,16,165000.0,P,1.096,1.107,1.1023,78485.25,78367.99,0.8525,-0.99998,0.0,0.01243,0.0,0.0
2026-09-09T19:09:15Z,2026-09-25,16,170000.0,C,0.0,0.0001,0.0,78484.35,78367.99,0.8693000000000001,1e-05,0.0,0.00877,444.9,0.0
2026-09-09T19:09:15Z,2026-09-25,16,170000.0,P,1.16,1.1715,1.166,78485.25,78367.99,0.8693000000000001,-0.99999,0.0,0.00877,0.0,0.0
2026-09-09T19:09:15Z,2026-09-25,16,175000.0,C,0.0,0.0001,0.0,78485.25,78367.99,0.89,1e-05,0.0,0.00694,1904.8,0.0
2026-09-09T19:09:15Z,2026-09-25,16,175000.0,P,1.223,1.236,1.2297,78485.25,78367.99,0.89,-0.99999,0.0,0.00694,0.2,0.0
2026-09-09T19:09:15Z,2026-09-25,16,180000.0,C,0.0,0.0001,0.0,78485.25,78367.99,0.9181999999999999,1e-05,0.0,0.0066,792.3,0.0
2026-09-09T19:09:15Z,2026-09-25,16,180000.0,P,1.2875,1.3,1.2935,78485.36,78367.99,0.9181999999999999,-0.99999,0.0,0.0066,10.5,0.0
2026-09-09T19:09:15Z,2026-09-25,16,190000.0,C,0.0,0.0001,0.0,78484.35,78367.99,0.9384999999999999,0.0,0.0,0.00296,762.1,0.0
2026-09-09T19:09:15Z,2026-09-25,16,190000.0,P,1.4145,1.4265,1.4209,78484.35,78367.99,0.9384999999999999,-1.0,0.0,0.00296,0.0,0.0
2026-09-09T19:09:15Z,2026-09-25,16,200000.0,C,0.0,0.0001,0.0,78485.25,78367.99,0.9823999999999999,0.0,0.0,0.00243,1018.5,0.0
2026-09-09T19:09:15Z,2026-09-25,16,200000.0,P,1.541,1.5555,1.5483,78485.25,78367.99,0.9823999999999999,-1.0,0.0,0.00243,3.2,0.0
2026-09-09T19:09:15Z,2026-09-25,16,220000.0,C,0.0,0.0001,0.0,78484.35,78367.99,1.0735999999999999,0.0,0.0,0.00213,241.9,0.0
2026-09-09T19:09:15Z,2026-09-25,16,220000.0,P,1.794,1.8095,1.8031,78485.36,78367.99,1.0735999999999999,-1.0,0.0,0.00213,27.7,0.0
2026-09-09T19:09:15Z,2026-09-25,16,240000.0,C,0.0,0.0001,0.0,78496.14,78367.99,1.156,0.0,0.0,0.00191,211.9,0.0
2026-09-09T19:09:15Z,2026-09-25,16,240000.0,P,2.0485,2.0665,2.0579,78496.14,78367.99,1.156,-1.0,0.0,0.00191,0.0,0.0
2026-09-09T19:09:15Z,2026-09-25,16,260000.0,C,0.0,0.0001,0.0,78496.14,78367.99,1.2309,0.0,0.0,0.00172,293.3,0.0
2026-09-09T19:09:15Z,2026-09-25,16,260000.0,P,2.302,2.321,2.3128,78496.14,78367.99,1.2309,-1.0,0.0,0.00172,0.0,0.0
2026-09-09T19:09:15Z,2026-09-25,16,280000.0,C,0.0,0.0001,0.0,78485.36,78367.99,1.2987,0.0,0.0,0.00154,76.1,0.0
2026-09-09T19:09:15Z,2026-09-25,16,280000.0,P,2.556,2.578,2.5676,78496.14,78367.99,1.2987,-1.0,0.0,0.00155,0.0,0.0
2026-09-09T19:09:15Z,2026-09-25,16,300000.0,C,0.0,0.0001,0.0,78485.36,78367.99,1.3629,0.0,0.0,0.00144,196.3,0.0
2026-09-09T19:09:15Z,2026-09-25,16,300000.0,P,2.8125,2.832,2.8224,78496.14,78367.99,1.3629,-1.0,0.0,0.00144,0.0,0.0
2026-09-09T19:09:15Z,2026-09-25,16,320000.0,C,0.0,0.0001,0.0,78496.14,78367.99,1.4015,0.0,0.0,0.00096,304.6,0.0
2026-09-09T19:09:15Z,2026-09-25,16,320000.0,P,3.0625,3.0905,3.0772,78496.14,78367.99,1.4015,-1.0,0.0,0.00096,25.1,0.0
2026-09-09T19:09:15Z,2026-10-30,51,40000.0,C,0.492,0.4945,0.493,78834.38,78367.99,0.7548999999999999,0.9947,0.0,4.46385,0.1,0.0
2026-09-09T19:09:15Z,2026-10-30,51,40000.0,P,0.0004,0.0007,0.0005,78834.38,78367.99,0.7548999999999999,-0.0053,0.0,4.46385,78.5,1.2
2026-09-09T19:09:15Z,2026-10-30,51,45000.0,C,0.4285,0.4315,0.43,78834.38,78367.99,0.6827,0.99021,0.0,7.67456,0.1,0.0
2026-09-09T19:09:15Z,2026-10-30,51,45000.0,P,0.0008,0.0011,0.0009,78834.38,78367.99,0.6827,-0.00979,0.0,7.67456,220.9,1.0
2026-09-09T19:09:15Z,2026-10-30,51,48000.0,C,0.391,0.394,0.3924,78834.38,78367.99,0.6494,0.98515,0.0,11.01402,0.1,0.0
2026-09-09T19:09:15Z,2026-10-30,51,48000.0,P,0.0012,0.0016,0.0014,78834.38,78367.99,0.6494,-0.01485,0.0,11.01402,195.8,1.1
2026-09-09T19:09:15Z,2026-10-30,51,50000.0,C,0.366,0.369,0.3673,78834.38,78367.99,0.6211,0.9815,0.0,13.29072,0.1,0.0
2026-09-09T19:09:15Z,2026-10-30,51,50000.0,P,0.0015,0.0019,0.0017,78834.38,78367.99,0.6211,-0.0185,0.0,13.29072,331.2,1.0
2026-09-09T19:09:15Z,2026-10-30,51,52000.0,C,0.3405,0.344,0.3423,78834.38,78367.99,0.5920000000000001,0.97721,0.0,15.86331,0.1,0.0
2026-09-09T19:09:15Z,2026-10-30,51,52000.0,P,0.0018,0.0023,0.002,78834.38,78367.99,0.5920000000000001,-0.02279,0.0,15.86331,122.6,0.1
2026-09-09T19:09:15Z,2026-10-30,51,54000.0,C,0.3155,0.319,0.3174,78834.38,78367.99,0.5631,0.97197,0.0,18.86355,0.1,0.0
2026-09-09T19:09:15Z,2026-10-30,51,54000.0,P,0.0022,0.0027,0.0024,78834.38,78367.99,0.5631,-0.02803,0.0,18.86355,190.7,0.0
2026-09-09T19:09:15Z,2026-10-30,51,55000.0,C,0.303,0.307,0.3049,78834.38,78367.99,0.5499,0.96868,0.0,20.68246,0.1,0.0
2026-09-09T19:09:15Z,2026-10-30,51,55000.0,P,0.0025,0.0029,0.0027,78834.38,78367.99,0.5499,-0.03132,0.0,20.68246,311.1,0.0
2026-09-09T19:09:15Z,2026-10-30,51,56000.0,C,0.2905,0.2945,0.2925,78834.38,78367.99,0.5352,0.9654,0.0,22.45504,0.0,0.0
2026-09-09T19:09:15Z,2026-10-30,51,56000.0,P,0.0027,0.003,0.0029,78834.38,78367.99,0.5352,-0.0346,0.0,22.45504,463.9,0.0
2026-09-09T19:09:15Z,2026-10-30,51,57000.0,C,0.278,0.282,0.2801,78839.98,78367.99,0.5222,0.96135,1e-05,24.58252,0.1,0.0
2026-09-09T19:09:15Z,2026-10-30,51,57000.0,P,0.003,0.0035,0.0033,78839.98,78367.99,0.5222,-0.03865,1e-05,24.58252,209.6,1.0
2026-09-09T19:09:15Z,2026-10-30,51,58000.0,C,0.266,0.27,0.2678,78839.98,78367.99,0.5092,0.95683,1e-05,26.88976,0.0,0.0
2026-09-09T19:09:15Z,2026-10-30,51,58000.0,P,0.0034,0.0038,0.0036,78839.98,78367.99,0.5092,-0.04317,1e-05,26.88976,329.4,0.0
2026-09-09T19:09:15Z,2026-10-30,51,59000.0,C,0.2535,0.2575,0.2555,78839.98,78367.99,0.49670000000000003,0.95165,1e-05,29.45673,1.0,0.0
2026-09-09T19:09:15Z,2026-10-30,51,59000.0,P,0.0038,0.0042,0.004,78839.98,78367.99,0.49670000000000003,-0.04835,1e-05,29.45673,84.7,0.0
2026-09-09T19:09:15Z,2026-10-30,51,60000.0,C,0.2415,0.2455,0.2432,78839.98,78367.99,0.48340000000000005,0.9461,1e-05,32.11481,16.3,0.2
2026-09-09T19:09:15Z,2026-10-30,51,60000.0,P,0.0042,0.0046,0.0044,78839.98,78367.99,0.48340000000000005,-0.0539,1e-05,32.11481,1541.3,49.9
2026-09-09T19:09:15Z,2026-10-30,51,61000.0,C,0.2295,0.233,0.2313,78839.98,78367.99,0.4764,0.93771,1e-05,35.98216,7.7,0.0
2026-09-09T19:09:15Z,2026-10-30,51,61000.0,P,0.0048,0.0055,0.0051,78839.98,78367.99,0.4764,-0.06229,1e-05,35.98216,267.7,12.1
2026-09-09T19:09:15Z,2026-10-30,51,62000.0,C,0.2175,0.221,0.219,78839.98,78367.99,0.4604,0.93168,1e-05,38.65806,13.5,0.0
2026-09-09T19:09:15Z,2026-10-30,51,62000.0,P,0.005,0.006,0.0055,78839.98,78367.99,0.4604,-0.06832,1e-05,38.65806,1212.4,28.2
2026-09-09T19:09:15Z,2026-10-30,51,63000.0,C,0.2055,0.209,0.2071,78834.65,78367.99,0.4515,0.92199,1e-05,42.78443,153.2,0.0
2026-09-09T19:09:15Z,2026-10-30,51,63000.0,P,0.006,0.007,0.0063,78839.98,78367.99,0.4515,-0.07795,1e-05,42.7629,596.5,1.0
2026-09-09T19:09:15Z,2026-10-30,51,64000.0,C,0.1935,0.1975,0.1951,78834.65,78367.99,0.43920000000000003,0.91268,1e-05,46.57426,416.8,0.0
2026-09-09T19:09:15Z,2026-10-30,51,64000.0,P,0.0065,0.0075,0.0071,78839.98,78367.99,0.43920000000000003,-0.08725,1e-05,46.55125,640.7,0.1
2026-09-09T19:09:15Z,2026-10-30,51,65000.0,C,0.182,0.1855,0.1834,78839.98,78367.99,0.4302,0.90075,1e-05,51.20112,434.5,0.2
2026-09-09T19:09:15Z,2026-10-30,51,65000.0,P,0.0075,0.0085,0.0081,78839.98,78367.99,0.4302,-0.09925,1e-05,51.20112,547.4,0.3
2026-09-09T19:09:15Z,2026-10-30,51,66000.0,C,0.1705,0.174,0.172,78839.98,78367.99,0.42340000000000005,0.88632,2e-05,56.47559,89.5,0.0
2026-09-09T19:09:15Z,2026-10-30,51,66000.0,P,0.009,0.01,0.0094,78839.98,78367.99,0.42340000000000005,-0.11368,2e-05,56.47559,160.5,2.5
2026-09-09T19:09:15Z,2026-10-30,51,67000.0,C,0.159,0.163,0.1607,78839.98,78367.99,0.4147,0.87111,2e-05,61.68986,108.4,0.0
2026-09-09T19:09:15Z,2026-10-30,51,67000.0,P,0.0105,0.011,0.0107,78839.98,78367.99,0.4147,-0.12889,2e-05,61.68986,414.8,1.6
2026-09-09T19:09:15Z,2026-10-30,51,68000.0,C,0.148,0.152,0.1497,78839.98,78367.99,0.408,0.8532,2e-05,67.41896,518.8,0.0
2026-09-09T19:09:15Z,2026-10-30,51,68000.0,P,0.012,0.013,0.0123,78837.92,78367.99,0.408,-0.14684,2e-05,67.43003,1519.6,1.0
2026-09-09T19:09:15Z,2026-10-30,51,69000.0,C,0.1375,0.141,0.1389,78837.92,78367.99,0.40130000000000005,0.83332,2e-05,73.29707,685.1,0.0
2026-09-09T19:09:15Z,2026-10-30,51,69000.0,P,0.014,0.0145,0.0142,78837.92,78367.99,0.40130000000000005,-0.16668,2e-05,73.29707,295.6,3.6
2026-09-09T19:09:15Z,2026-10-30,51,70000.0,C,0.127,0.1305,0.1285,78837.92,78367.99,0.39590000000000003,0.81078,2e-05,79.40358,1099.6,0.0
2026-09-09T19:09:15Z,2026-10-30,51,70000.0,P,0.016,0.017,0.0165,78839.85,78367.99,0.39590000000000003,-0.18918,2e-05,79.3939,879.0,155.6
2026-09-09T19:09:15Z,2026-10-30,51,71000.0,C,0.117,0.1205,0.1184,78837.92,78367.99,0.3908,0.78605,3e-05,85.46962,977.5,0.0
2026-09-09T19:09:15Z,2026-10-30,51,71000.0,P,0.0185,0.0195,0.019,78837.92,78367.99,0.3908,-0.21395,3e-05,85.46962,123.2,5.7
2026-09-09T19:09:15Z,2026-10-30,51,72000.0,C,0.1075,0.1105,0.1087,78837.92,78367.99,0.38659999999999994,0.75886,3e-05,91.43013,468.1,0.0
2026-09-09T19:09:15Z,2026-10-30,51,72000.0,P,0.0215,0.0225,0.022,78837.92,78367.99,0.38659999999999994,-0.24114,3e-05,91.43013,410.2,41.6
2026-09-09T19:09:15Z,2026-10-30,51,73000.0,C,0.098,0.1015,0.0995,78837.92,78367.99,0.3834,0.72927,3e-05,97.12596,634.0,0.0
2026-09-09T19:09:15Z,2026-10-30,51,73000.0,P,0.025,0.026,0.0255,78837.92,78367.99,0.3834,-0.27073,3e-05,97.12596,197.2,153.2
2026-09-09T19:09:15Z,2026-10-30,51,74000.0,C,0.09,0.092,0.0908,78837.92,78367.99,0.3809,0.69768,3e-05,102.34948,252.5,0.1
2026-09-09T19:09:15Z,2026-10-30,51,74000.0,P,0.029,0.03,0.0294,78837.92,78367.99,0.3809,-0.30232,3e-05,102.34954,254.5,3.3
2026-09-09T19:09:15Z,2026-10-30,51,75000.0,C,0.0815,0.084,0.0826,78837.92,78367.99,0.37920000000000004,0.66431,3e-05,106.95682,1172.2,0.1
2026-09-09T19:09:15Z,2026-10-30,51,75000.0,P,0.0335,0.0345,0.0339,78837.92,78367.99,0.37920000000000004,-0.33569,3e-05,106.95682,658.2,2.6
2026-09-09T19:09:15Z,2026-10-30,51,76000.0,C,0.074,0.076,0.0749,78837.92,78367.99,0.3778,0.62971,3e-05,110.78702,356.0,0.0
2026-09-09T19:09:15Z,2026-10-30,51,76000.0,P,0.0385,0.0395,0.0389,78839.85,78367.99,0.3778,-0.37022,3e-05,110.78334,305.5,200.1
2026-09-09T19:09:15Z,2026-10-30,51,77000.0,C,0.067,0.0685,0.0677,78837.92,78367.99,0.3774,0.59414,4e-05,113.7556,116.0,0.0
2026-09-09T19:09:15Z,2026-10-30,51,77000.0,P,0.044,0.045,0.0445,78837.92,78367.99,0.3774,-0.40586,4e-05,113.7556,141.8,0.0
2026-09-09T19:09:15Z,2026-10-30,51,78000.0,C,0.0605,0.0615,0.061,78837.92,78367.99,0.3768,0.55816,4e-05,115.78306,467.4,4.3
2026-09-09T19:09:15Z,2026-10-30,51,78000.0,P,0.05,0.051,0.0505,78837.92,78367.99,0.3768,-0.44184,4e-05,115.78306,543.6,41.5
2026-09-09T19:09:15Z,2026-10-30,51,79000.0,C,0.0545,0.0555,0.0549,78839.85,78367.99,0.3768,0.52218,4e-05,116.85105,200.2,1.1
2026-09-09T19:09:15Z,2026-10-30,51,79000.0,P,0.0565,0.0575,0.057,78837.92,78367.99,0.3768,-0.47789,4e-05,116.84933,537.8,26.0
2026-09-09T19:09:15Z,2026-10-30,51,80000.0,C,0.049,0.05,0.0493,78837.92,78367.99,0.3774,0.48645,4e-05,116.96158,1275.3,180.2
2026-09-09T19:09:15Z,2026-10-30,51,80000.0,P,0.0635,0.0645,0.0641,78836.48,78367.99,0.3774,-0.5136,4e-05,116.95893,960.4,5.3
2026-09-09T19:09:15Z,2026-10-30,51,81000.0,C,0.0435,0.045,0.0442,78836.48,78367.99,0.37799999999999995,0.4514,4e-05,116.15744,419.8,127.0
2026-09-09T19:09:15Z,2026-10-30,51,81000.0,P,0.071,0.072,0.0716,78836.48,78367.99,0.37799999999999995,-0.5486,4e-05,116.15744,167.0,0.0
2026-09-09T19:09:15Z,2026-10-30,51,82000.0,C,0.039,0.04,0.0396,78836.48,78367.99,0.37929999999999997,0.41754,4e-05,114.51784,1148.0,40.9
2026-09-09T19:09:15Z,2026-10-30,51,82000.0,P,0.079,0.08,0.0796,78836.48,78367.99,0.37929999999999997,-0.58246,4e-05,114.51784,45.0,0.0
2026-09-09T19:09:15Z,2026-10-30,51,83000.0,C,0.035,0.036,0.0354,78836.48,78367.99,0.3812,0.38519,3e-05,112.1469,227.0,0.7
2026-09-09T19:09:15Z,2026-10-30,51,83000.0,P,0.0865,0.0895,0.0882,78836.48,78367.99,0.3812,-0.61481,3e-05,112.1469,103.9,3.0
2026-09-09T19:09:15Z,2026-10-30,51,84000.0,C,0.031,0.032,0.0316,78836.48,78367.99,0.3824,0.35395,3e-05,109.09425,1087.3,27.9
2026-09-09T19:09:15Z,2026-10-30,51,84000.0,P,0.0955,0.0985,0.097,78836.48,78367.99,0.3824,-0.64605,3e-05,109.09421,14.3,0.0
2026-09-09T19:09:15Z,2026-10-30,51,85000.0,C,0.0275,0.0285,0.0282,78836.48,78367.99,0.3843,0.32461,3e-05,105.52602,2151.7,2.0
2026-09-09T19:09:15Z,2026-10-30,51,85000.0,P,0.1045,0.108,0.1063,78836.48,78367.99,0.3843,-0.67539,3e-05,105.52619,105.7,0.2
2026-09-09T19:09:15Z,2026-10-30,51,86000.0,C,0.0245,0.0255,0.0251,78836.48,78367.99,0.38659999999999994,0.29715,3e-05,101.55068,708.7,18.3
2026-09-09T19:09:15Z,2026-10-30,51,86000.0,P,0.114,0.1175,0.116,78836.48,78367.99,0.38659999999999994,-0.70285,3e-05,101.55087,98.5,0.0
2026-09-09T19:09:15Z,2026-10-30,51,87000.0,C,0.022,0.023,0.0225,78836.48,78367.99,0.3892,0.27163,3e-05,97.28464,115.5,4.8
2026-09-09T19:09:15Z,2026-10-30,51,87000.0,P,0.124,0.128,0.126,78837.92,78367.99,0.3892,-0.72833,3e-05,97.29388,29.0,0.0
2026-09-09T19:09:15Z,2026-10-30,51,88000.0,C,0.0195,0.0205,0.02,78836.48,78367.99,0.3914,0.24758,3e-05,92.73506,574.5,11.3
2026-09-09T19:09:15Z,2026-10-30,51,88000.0,P,0.1335,0.1385,0.1362,78836.3,78367.99,0.3914,-0.75243,3e-05,92.73388,8.1,0.0
2026-09-09T19:09:15Z,2026-10-30,51,89000.0,C,0.0175,0.0185,0.0179,78836.48,78367.99,0.395,0.22613,3e-05,88.22758,119.9,0.9
2026-09-09T19:09:15Z,2026-10-30,51,89000.0,P,0.144,0.149,0.1468,78836.3,78367.99,0.395,-0.77387,3e-05,88.22653,5.0,0.0
2026-09-09T19:09:15Z,2026-10-30,51,90000.0,C,0.0155,0.0165,0.016,78836.48,78367.99,0.3973,0.20556,2e-05,83.481,2744.1,60.6
2026-09-09T19:09:15Z,2026-10-30,51,90000.0,P,0.155,0.16,0.1575,78836.48,78367.99,0.3973,-0.79444,2e-05,83.481,5.9,0.0
2026-09-09T19:09:15Z,2026-10-30,51,91000.0,C,0.014,0.015,0.0144,78836.48,78367.99,0.40159999999999996,0.18797,2e-05,79.07867,46.4,11.8
2026-09-09T19:09:15Z,2026-10-30,51,91000.0,P,0.166,0.171,0.1686,78836.48,78367.99,0.40159999999999996,-0.81203,2e-05,79.07867,0.2,0.0
2026-09-09T19:09:15Z,2026-10-30,51,92000.0,C,0.0125,0.0135,0.0129,78836.48,78367.99,0.40490000000000004,0.17117,2e-05,74.55724,1075.0,1.6
2026-09-09T19:09:15Z,2026-10-30,51,92000.0,P,0.177,0.182,0.1798,78836.48,78367.99,0.40490000000000004,-0.82883,2e-05,74.55724,0.1,0.0
2026-09-09T19:09:15Z,2026-10-30,51,94000.0,C,0.01,0.011,0.0104,78835.69,78367.99,0.41200000000000003,0.1421,2e-05,65.95206,428.4,0.4
2026-09-09T19:09:15Z,2026-10-30,51,94000.0,P,0.2,0.205,0.2027,78835.69,78367.99,0.41200000000000003,-0.8579,2e-05,65.95206,0.0,0.0
2026-09-09T19:09:15Z,2026-10-30,51,95000.0,C,0.009,0.01,0.0094,78835.69,78367.99,0.41609999999999997,0.12982,2e-05,61.99571,2093.6,0.0
2026-09-09T19:09:15Z,2026-10-30,51,95000.0,P,0.2115,0.217,0.2144,78835.69,78367.99,0.41609999999999997,-0.87018,2e-05,61.99571,0.4,0.0
2026-09-09T19:09:15Z,2026-10-30,51,96000.0,C,0.008,0.009,0.0085,78835.69,78367.99,0.4193,0.11811,2e-05,58.02441,212.5,0.4
2026-09-09T19:09:15Z,2026-10-30,51,96000.0,P,0.223,0.2285,0.2262,78835.69,78367.99,0.4193,-0.88189,2e-05,58.02441,0.1,0.0
2026-09-09T19:09:15Z,2026-10-30,51,98000.0,C,0.0065,0.0075,0.007,78835.69,78367.99,0.4278,0.09895,1e-05,51.0833,299.0,17.5
2026-09-09T19:09:15Z,2026-10-30,51,98000.0,P,0.247,0.2525,0.25,78835.69,78367.99,0.4278,-0.90105,1e-05,51.0833,0.0,0.0
2026-09-09T19:09:15Z,2026-10-30,51,100000.0,C,0.0055,0.006,0.0058,78835.69,78367.99,0.4362,0.0832,1e-05,44.91929,1708.5,7.7
2026-09-09T19:09:15Z,2026-10-30,51,100000.0,P,0.271,0.277,0.2742,78835.69,78367.99,0.4362,-0.9168,1e-05,44.91929,0.3,0.0
2026-09-09T19:09:15Z,2026-10-30,51,102000.0,C,0.0046,0.005,0.0049,78835.69,78367.99,0.4454,0.07059,1e-05,39.6401,198.4,0.1
2026-09-09T19:09:15Z,2026-10-30,51,102000.0,P,0.2955,0.3015,0.2987,78836.3,78367.99,0.4454,-0.92941,1e-05,39.64313,0.0,0.0
2026-09-09T19:09:15Z,2026-10-30,51,104000.0,C,0.0038,0.0042,0.004,78835.69,78367.99,0.4526,0.0593,1e-05,34.62534,89.6,10.8
2026-09-09T19:09:15Z,2026-10-30,51,104000.0,P,0.32,0.326,0.3232,78835.69,78367.99,0.4526,-0.9407,1e-05,34.62534,0.0,0.0
2026-09-09T19:09:15Z,2026-10-30,51,105000.0,C,0.0035,0.0039,0.0037,78835.69,78367.99,0.4571,0.05479,1e-05,32.53169,1149.8,6.9
2026-09-09T19:09:15Z,2026-10-30,51,105000.0,P,0.332,0.3385,0.3356,78835.69,78367.99,0.4571,-0.94521,1e-05,32.53169,0.6,0.0
2026-09-09T19:09:15Z,2026-10-30,51,110000.0,C,0.0025,0.0027,0.0026,78835.69,78367.99,0.4818,0.03847,1e-05,24.49059,1044.4,7.8
2026-09-09T19:09:15Z,2026-10-30,51,110000.0,P,0.3945,0.401,0.3979,78835.69,78367.99,0.4818,-0.96153,1e-05,24.49059,0.0,0.0
2026-09-09T19:09:15Z,2026-11-27,79,58000.0,C,0.272,0.276,0.2742,79139.73,78367.99,0.48009999999999997,0.93408,1e-05,47.05329,0.0,0.0
2026-09-09T19:09:15Z,2026-11-27,79,58000.0,P,0.0065,0.0075,0.007,79139.73,78367.99,0.48009999999999997,-0.06592,1e-05,47.05329,14.3,0.2
2026-09-09T19:09:15Z,2026-11-27,79,60000.0,C,0.2485,0.2525,0.2504,79140.34,78367.99,0.461,0.9195,1e-05,54.8319,0.1,0.1
2026-09-09T19:09:15Z,2026-11-27,79,60000.0,P,0.008,0.009,0.0085,79139.73,78367.99,0.461,-0.0805,1e-05,54.83425,55.2,0.0
2026-09-09T19:09:15Z,2026-11-27,79,62000.0,C,0.2255,0.2295,0.2273,79139.6,78367.99,0.4472,0.89977,1e-05,64.53034,0.0,0.0
2026-09-09T19:09:15Z,2026-11-27,79,62000.0,P,0.0105,0.011,0.0108,79139.73,78367.99,0.4472,-0.10022,1e-05,64.52988,108.1,1.0
2026-09-09T19:09:15Z,2026-11-27,79,64000.0,C,0.203,0.207,0.2049,79139.6,78367.99,0.4343,0.8759,1e-05,75.18704,0.0,0.0
2026-09-09T19:09:15Z,2026-11-27,79,64000.0,P,0.013,0.014,0.0136,79139.73,78367.99,0.4343,-0.1241,1e-05,75.18645,29.4,0.1
2026-09-09T19:09:15Z,2026-11-27,79,66000.0,C,0.181,0.185,0.1831,79139.73,78367.99,0.4226,0.84713,2e-05,86.67598,0.0,0.0
2026-09-09T19:09:15Z,2026-11-27,79,66000.0,P,0.017,0.0175,0.0171,79139.73,78367.99,0.4226,-0.15287,2e-05,86.67598,185.8,0.1
2026-09-09T19:09:15Z,2026-11-27,79,67000.0,C,0.1705,0.1745,0.1725,79139.6,78367.99,0.41659999999999997,0.83107,2e-05,92.52028,0.0,0.0
2026-09-09T19:09:15Z,2026-11-27,79,67000.0,P,0.0185,0.0195,0.0191,79139.73,78367.99,0.41659999999999997,-0.16893,2e-05,92.51968,20.1,0.0
2026-09-09T19:09:15Z,2026-11-27,79,68000.0,C,0.1605,0.1645,0.1624,79139.6,78367.99,0.4129,0.81268,2e-05,98.74844,0.0,0.0
2026-09-09T19:09:15Z,2026-11-27,79,68000.0,P,0.021,0.022,0.0216,79139.73,78367.99,0.4129,-0.18732,2e-05,98.74785,39.9,0.5
2026-09-09T19:09:15Z,2026-11-27,79,69000.0,C,0.1505,0.1545,0.1523,79139.73,78367.99,0.4081,0.7936,2e-05,104.72334,0.0,0.0
2026-09-09T19:09:15Z,2026-11-27,79,69000.0,P,0.0235,0.0245,0.0242,79139.73,78367.99,0.4081,-0.2064,2e-05,104.72334,24.7,0.0
2026-09-09T19:09:15Z,2026-11-27,79,70000.0,C,0.141,0.1445,0.1426,79139.6,78367.99,0.4043,0.77279,2e-05,110.70587,4.2,0.0
2026-09-09T19:09:15Z,2026-11-27,79,70000.0,P,0.0265,0.0275,0.0271,79139.73,78367.99,0.4043,-0.22721,2e-05,110.70533,47.5,0.0
2026-09-09T19:09:15Z,2026-11-27,79,71000.0,C,0.1315,0.1355,0.1334,79139.6,78367.99,0.4019,0.75029,2e-05,116.58247,0.1,0.0
2026-09-09T19:09:15Z,2026-11-27,79,71000.0,P,0.03,0.031,0.0306,79139.73,78367.99,0.4019,-0.24971,2e-05,116.58208,20.3,0.4
2026-09-09T19:09:15Z,2026-11-27,79,72000.0,C,0.1225,0.1265,0.1244,79139.6,78367.99,0.3987,0.72699,2e-05,122.05129,0.0,0.0
2026-09-09T19:09:15Z,2026-11-27,79,72000.0,P,0.0335,0.0345,0.0342,79139.6,78367.99,0.3987,-0.27302,2e-05,122.0515,30.6,1.8
2026-09-09T19:09:15Z,2026-11-27,79,73000.0,C,0.1145,0.1175,0.1159,79139.6,78367.99,0.39649999999999996,0.70231,2e-05,127.18935,0.0,0.0
2026-09-09T19:09:15Z,2026-11-27,79,73000.0,P,0.0375,0.0385,0.0383,79139.6,78367.99,0.39649999999999996,-0.29769,2e-05,127.18957,17.5,0.2
2026-09-09T19:09:15Z,2026-11-27,79,74000.0,C,0.1065,0.109,0.1077,79139.6,78367.99,0.3946,0.67666,2e-05,131.84477,0.0,0.0
2026-09-09T19:09:15Z,2026-11-27,79,74000.0,P,0.042,0.043,0.0428,79139.6,78367.99,0.3946,-0.32334,2e-05,131.84477,39.2,2.0
2026-09-09T19:09:15Z,2026-11-27,79,75000.0,C,0.0985,0.1015,0.1,79139.73,78367.99,0.3934,0.65012,3e-05,135.95449,260.6,0.0
2026-09-09T19:09:15Z,2026-11-27,79,75000.0,P,0.0475,0.048,0.0477,79139.6,78367.99,0.3934,-0.34988,3e-05,135.95472,282.1,0.0
2026-09-09T19:09:15Z,2026-11-27,79,76000.0,C,0.0915,0.094,0.0926,79139.6,78367.99,0.3923,0.62302,3e-05,139.43013,10.6,0.0
2026-09-09T19:09:15Z,2026-11-27,79,76000.0,P,0.0525,0.0535,0.053,79139.6,78367.99,0.3923,-0.37698,3e-05,139.43013,53.2,0.0
2026-09-09T19:09:15Z,2026-11-27,79,77000.0,C,0.085,0.0865,0.0856,79139.6,78367.99,0.3912,0.59552,3e-05,142.23147,24.9,0.0
2026-09-09T19:09:15Z,2026-11-27,79,77000.0,P,0.058,0.059,0.0586,79139.66,78367.99,0.3912,-0.40448,3e-05,142.23143,28.5,0.1
2026-09-09T19:09:15Z,2026-11-27,79,78000.0,C,0.0785,0.08,0.0792,79139.6,78367.99,0.3909,0.56775,3e-05,144.33255,35.3,0.0
2026-09-09T19:09:15Z,2026-11-27,79,78000.0,P,0.064,0.0655,0.0648,79139.6,78367.99,0.3909,-0.43225,3e-05,144.33255,91.9,29.0
2026-09-09T19:09:15Z,2026-11-27,79,79000.0,C,0.0725,0.0735,0.073,79139.66,78367.99,0.3908,0.53998,3e-05,145.71375,105.4,2.0
2026-09-09T19:09:15Z,2026-11-27,79,79000.0,P,0.0705,0.072,0.0713,79139.6,78367.99,0.3908,-0.46002,3e-05,145.7137,93.8,2.0
2026-09-09T19:09:15Z,2026-11-27,79,80000.0,C,0.067,0.068,0.0675,79139.6,78367.99,0.3918,0.51251,3e-05,146.37769,906.9,62.8
2026-09-09T19:09:15Z,2026-11-27,79,80000.0,P,0.0775,0.0785,0.0784,79139.66,78367.99,0.3918,-0.48749,3e-05,146.37778,91.3,34.0
2026-09-09T19:09:15Z,2026-11-27,79,81000.0,C,0.0615,0.0625,0.062,79139.66,78367.99,0.3911,0.4851,3e-05,146.34764,114.0,0.1
2026-09-09T19:09:15Z,2026-11-27,79,81000.0,P,0.085,0.086,0.0855,79139.66,78367.99,0.3911,-0.5149,3e-05,146.34764,31.2,1.9
2026-09-09T19:09:15Z,2026-11-27,79,82000.0,C,0.0565,0.0575,0.057,79139.6,78367.99,0.39149999999999996,0.4583,3e-05,145.64904,65.4,4.6
2026-09-09T19:09:15Z,2026-11-27,79,82000.0,P,0.0925,0.0935,0.0931,79139.6,78367.99,0.39149999999999996,-0.5417,3e-05,145.64904,36.1,10.1
2026-09-09T19:09:15Z,2026-11-27,79,83000.0,C,0.052,0.053,0.0523,79139.66,78367.99,0.392,0.43212,3e-05,144.32459,27.4,0.5
2026-09-09T19:09:15Z,2026-11-27,79,83000.0,P,0.1005,0.1015,0.1011,79139.66,78367.99,0.392,-0.56788,3e-05,144.32459,43.3,1.9
2026-09-09T19:09:15Z,2026-11-27,79,84000.0,C,0.0475,0.0485,0.048,79139.66,78367.99,0.3926,0.40661,3e-05,142.41887,26.7,0.5
2026-09-09T19:09:15Z,2026-11-27,79,84000.0,P,0.1085,0.11,0.1094,79139.6,78367.99,0.3926,-0.59339,3e-05,142.41862,4.5,0.0
2026-09-09T19:09:15Z,2026-11-27,79,85000.0,C,0.0435,0.0445,0.044,79139.6,78367.99,0.3933,0.38197,3e-05,139.9924,529.9,1.4
2026-09-09T19:09:15Z,2026-11-27,79,85000.0,P,0.1165,0.1195,0.1181,79139.6,78367.99,0.3933,-0.61803,3e-05,139.9924,23.4,12.4
2026-09-09T19:09:15Z,2026-11-27,79,86000.0,C,0.04,0.041,0.0405,79139.6,78367.99,0.3948,0.35855,3e-05,137.14452,153.3,0.2
2026-09-09T19:09:15Z,2026-11-27,79,86000.0,P,0.1255,0.128,0.1272,79139.6,78367.99,0.3948,-0.64145,3e-05,137.14452,30.2,0.0
2026-09-09T19:09:15Z,2026-11-27,79,87000.0,C,0.0365,0.0375,0.037,79139.6,78367.99,0.39549999999999996,0.33561,3e-05,133.83277,60.0,0.1
2026-09-09T19:09:15Z,2026-11-27,79,87000.0,P,0.1345,0.138,0.1363,79139.66,78367.99,0.39549999999999996,-0.66439,3e-05,133.83311,3.7,0.0
2026-09-09T19:09:15Z,2026-11-27,79,88000.0,C,0.0335,0.0345,0.034,79139.66,78367.99,0.3973,0.31428,2e-05,130.27802,79.0,2.2
2026-09-09T19:09:15Z,2026-11-27,79,88000.0,P,0.144,0.1475,0.146,79139.41,78367.99,0.3973,-0.68573,2e-05,130.27652,0.0,0.0
2026-09-09T19:09:15Z,2026-11-27,79,89000.0,C,0.0305,0.0315,0.031,79139.66,78367.99,0.3979,0.29324,2e-05,126.31102,180.3,1.9
2026-09-09T19:09:15Z,2026-11-27,79,89000.0,P,0.1535,0.1575,0.1556,79139.66,78367.99,0.3979,-0.70676,2e-05,126.31102,0.0,0.0
2026-09-09T19:09:15Z,2026-11-27,79,90000.0,C,0.028,0.029,0.0285,79139.41,78367.99,0.4,0.27412,2e-05,122.29475,28.1,0.5
2026-09-09T19:09:15Z,2026-11-27,79,90000.0,P,0.1635,0.1675,0.1658,79139.66,78367.99,0.4,-0.72588,2e-05,122.29644,0.3,0.0
2026-09-09T19:09:15Z,2026-11-27,79,91000.0,C,0.0255,0.0265,0.026,79139.66,78367.99,0.40090000000000003,0.25528,2e-05,117.94457,68.8,24.4
2026-09-09T19:09:15Z,2026-11-27,79,91000.0,P,0.1735,0.178,0.1759,79139.31,78367.99,0.40090000000000003,-0.74473,2e-05,117.94209,0.0,0.0
2026-09-09T19:09:15Z,2026-11-27,79,92000.0,C,0.0235,0.0245,0.024,79139.66,78367.99,0.4035,0.2386,2e-05,113.75521,67.6,4.5
2026-09-09T19:09:15Z,2026-11-27,79,92000.0,P,0.184,0.1885,0.1865,79139.41,78367.99,0.4035,-0.76141,2e-05,113.75348,2.1,0.0
2026-09-09T19:09:15Z,2026-11-27,79,93000.0,C,0.0215,0.0225,0.022,79139.31,78367.99,0.4053,0.22227,2e-05,109.33325,45.5,7.5
2026-09-09T19:09:15Z,2026-11-27,79,93000.0,P,0.1945,0.1995,0.1971,79139.41,78367.99,0.4053,-0.77773,2e-05,109.33395,2.0,0.0
2026-09-09T19:09:15Z,2026-11-27,79,94000.0,C,0.0195,0.0205,0.0201,79139.31,78367.99,0.40659999999999996,0.20668,2e-05,104.80615,60.5,1.1
2026-09-09T19:09:15Z,2026-11-27,79,94000.0,P,0.205,0.21,0.2079,79139.66,78367.99,0.40659999999999996,-0.79331,2e-05,104.80905,0.0,0.0
2026-09-09T19:09:15Z,2026-11-27,79,95000.0,C,0.018,0.019,0.0186,79139.66,78367.99,0.4093,0.19292,2e-05,100.55226,45.0,0.1
2026-09-09T19:09:15Z,2026-11-27,79,95000.0,P,0.216,0.221,0.219,79139.41,78367.99,0.4093,-0.80708,2e-05,100.55049,0.0,0.0
2026-09-09T19:09:15Z,2026-11-27,79,96000.0,C,0.0165,0.0175,0.017,79139.41,78367.99,0.4111,0.17948,2e-05,96.14914,36.2,2.1
2026-09-09T19:09:15Z,2026-11-27,79,96000.0,P,0.2275,0.2325,0.2301,79139.41,78367.99,0.4111,-0.82052,2e-05,96.14914,0.0,0.0
2026-09-09T19:09:15Z,2026-11-27,79,98000.0,C,0.014,0.015,0.0145,79139.66,78367.99,0.41619999999999996,0.15608,2e-05,87.87657,52.5,2.0
2026-09-09T19:09:15Z,2026-11-27,79,98000.0,P,0.25,0.2555,0.2528,79139.41,78367.99,0.41619999999999996,-0.84392,2e-05,87.87483,0.0,0.0
2026-09-09T19:09:15Z,2026-11-27,79,100000.0,C,0.012,0.013,0.0124,79139.66,78367.99,0.42210000000000003,0.13634,1e-05,80.24404,104.6,1.2
2026-09-09T19:09:15Z,2026-11-27,79,100000.0,P,0.273,0.2785,0.276,79139.31,78367.99,0.42210000000000003,-0.86366,1e-05,80.24199,0.0,0.0
2026-09-09T19:09:15Z,2026-11-27,79,102000.0,C,0.01,0.011,0.0105,79139.66,78367.99,0.4261,0.11801,1e-05,72.5736,95.6,0.1
2026-09-09T19:09:15Z,2026-11-27,79,102000.0,P,0.2965,0.302,0.2994,79139.31,78367.99,0.4261,-0.88199,1e-05,72.57109,0.0,0.0
2026-09-09T19:09:15Z,2026-11-27,79,104000.0,C,0.0085,0.0095,0.0091,79139.66,78367.99,0.4315,0.10296,1e-05,65.80664,11.1,0.4
2026-09-09T19:09:15Z,2026-11-27,79,104000.0,P,0.32,0.326,0.3232,79139.31,78367.99,0.4315,-0.89705,1e-05,65.80411,0.0,0.0
2026-09-09T19:09:15Z,2026-11-27,79,105000.0,C,0.008,0.009,0.0085,79139.31,78367.99,0.4351,0.09681,1e-05,62.91058,18.6,0.2
2026-09-09T19:09:15Z,2026-11-27,79,105000.0,P,0.332,0.338,0.3352,79139.31,78367.99,0.4351,-0.90319,1e-05,62.91058,0.0,0.0
2026-09-09T19:09:15Z,2026-11-27,79,106000.0,C,0.0075,0.0085,0.008,79138.66,78367.99,0.4389,0.09114,1e-05,60.17042,15.6,0.0
2026-09-09T19:09:15Z,2026-11-27,79,106000.0,P,0.344,0.35,0.3474,79138.66,78367.99,0.4389,-0.90886,1e-05,60.17015,0.0,0.0
2026-09-09T19:09:15Z,2026-11-27,79,108000.0,C,0.0065,0.0075,0.007,79139.31,78367.99,0.44520000000000004,0.08043,1e-05,54.79446,12.3,0.0
2026-09-09T19:09:15Z,2026-11-27,79,108000.0,P,0.3685,0.3745,0.3716,79138.66,78367.99,0.44520000000000004,-0.91958,1e-05,54.79095,0.0,0.0
2026-09-09T19:09:15Z,2026-11-27,79,110000.0,C,0.0055,0.0065,0.006,79139.31,78367.99,0.4496,0.07017,1e-05,49.38115,69.8,0.1
2026-09-09T19:09:15Z,2026-11-27,79,110000.0,P,0.3925,0.399,0.3959,79139.31,78367.99,0.4496,-0.92983,1e-05,49.38115,0.0,0.0
2026-09-09T19:09:15Z,2026-11-27,79,115000.0,C,0.0041,0.0047,0.0044,79138.66,78367.99,0.46649999999999997,0.05274,1e-05,39.50146,32.8,6.0
2026-09-09T19:09:15Z,2026-11-27,79,115000.0,P,0.454,0.461,0.4576,79139.31,78367.99,0.46649999999999997,-0.94725,1e-05,39.50474,0.0,0.0
2026-09-09T19:09:15Z,2026-11-27,79,120000.0,C,0.0031,0.0036,0.0034,79139.31,78367.99,0.4828,0.04032,0.0,31.84186,97.9,10.9
2026-09-09T19:09:15Z,2026-11-27,79,120000.0,P,0.516,0.5235,0.5197,79139.31,78367.99,0.4828,-0.95968,0.0,31.84186,0.0,0.0
2026-09-09T19:09:15Z,2026-12-25,107,20000.0,C,0.748,0.7495,0.7487,79448.33,78367.99,0.9953,0.9977,0.0,3.0871,4.9,0.0
2026-09-09T19:09:15Z,2026-12-25,107,20000.0,P,0.0003,0.0006,0.0004,79448.98,78367.99,0.9953,-0.0023,0.0,3.08699,641.1,0.0
2026-09-09T19:09:15Z,2026-12-25,107,30000.0,C,0.6225,0.624,0.6233,79448.33,78367.99,0.7828,0.99404,0.0,7.25954,300.7,0.3
2026-09-09T19:09:15Z,2026-12-25,107,30000.0,P,0.0007,0.0013,0.0009,79448.98,78367.99,0.7828,-0.00596,0.0,7.25925,2122.6,0.3
2026-09-09T19:09:15Z,2026-12-25,107,35000.0,C,0.56,0.562,0.5611,79448.33,78367.99,0.7190000000000001,0.9894,0.0,12.03205,87.8,0.0
2026-09-09T19:09:15Z,2026-12-25,107,35000.0,P,0.0014,0.0018,0.0016,79448.33,78367.99,0.7190000000000001,-0.0106,0.0,12.03205,2398.6,4.6
2026-09-09T19:09:15Z,2026-12-25,107,40000.0,C,0.498,0.5,0.499,79448.33,78367.99,0.6563,0.98268,0.0,18.38701,250.9,0.0
2026-09-09T19:09:15Z,2026-12-25,107,40000.0,P,0.0023,0.0027,0.0025,79448.33,78367.99,0.6563,-0.01732,0.0,18.38701,4516.0,5.9
2026-09-09T19:09:15Z,2026-12-25,107,45000.0,C,0.4355,0.4385,0.4372,79448.33,78367.99,0.5932,0.97344,0.0,26.39018,54.3,0.0
2026-09-09T19:09:15Z,2026-12-25,107,45000.0,P,0.0034,0.0039,0.0036,79448.33,78367.99,0.5932,-0.02656,0.0,26.39018,2850.7,0.0
2026-09-09T19:09:15Z,2026-12-25,107,50000.0,C,0.374,0.3775,0.376,79448.33,78367.99,0.5376,0.95904,0.0,37.70423,260.7,0.0
2026-09-09T19:09:15Z,2026-12-25,107,50000.0,P,0.005,0.0055,0.0054,79448.33,78367.99,0.5376,-0.04096,0.0,37.70423,2144.0,0.0
2026-09-09T19:09:15Z,2026-12-25,107,52000.0,C,0.3495,0.3535,0.352,79448.0,78367.99,0.5204,0.95034,0.0,44.03128,0.1,0.0
2026-09-09T19:09:15Z,2026-12-25,107,52000.0,P,0.006,0.007,0.0065,79448.0,78367.99,0.5204,-0.04966,0.0,44.03128,458.6,0.0
2026-09-09T19:09:15Z,2026-12-25,107,54000.0,C,0.3255,0.3295,0.328,79448.3,78367.99,0.502,0.94055,1e-05,50.76066,33.1,0.0
2026-09-09T19:09:15Z,2026-12-25,107,54000.0,P,0.0075,0.008,0.0077,79448.3,78367.99,0.502,-0.05945,1e-05,50.76066,1864.4,0.0
2026-09-09T19:09:15Z,2026-12-25,107,55000.0,C,0.314,0.3175,0.3162,79448.0,78367.99,0.49420000000000003,0.9346,1e-05,54.68053,44.9,0.0
2026-09-09T19:09:15Z,2026-12-25,107,55000.0,P,0.008,0.009,0.0085,79448.0,78367.99,0.49420000000000003,-0.0654,1e-05,54.68053,2677.5,0.1
2026-09-09T19:09:15Z,2026-12-25,107,56000.0,C,0.3025,0.306,0.3044,79448.0,78367.99,0.4849,0.92869,1e-05,58.45885,41.5,0.0
2026-09-09T19:09:15Z,2026-12-25,107,56000.0,P,0.009,0.0095,0.0092,79448.0,78367.99,0.4849,-0.07131,1e-05,58.45885,514.5,0.0
2026-09-09T19:09:15Z,2026-12-25,107,58000.0,C,0.279,0.2825,0.281,79448.0,78367.99,0.4686,0.91459,1e-05,67.03316,40.3,0.0
2026-09-09T19:09:15Z,2026-12-25,107,58000.0,P,0.0105,0.0115,0.011,79448.0,78367.99,0.4686,-0.08541,1e-05,67.03316,1834.3,0.1
2026-09-09T19:09:15Z,2026-12-25,107,60000.0,C,0.256,0.26,0.2583,79448.0,78367.99,0.45630000000000004,0.89654,1e-05,77.21673,787.4,0.0
2026-09-09T19:09:15Z,2026-12-25,107,60000.0,P,0.013,0.014,0.0135,79448.0,78367.99,0.45630000000000004,-0.10346,1e-05,77.21673,6247.1,0.4
2026-09-09T19:09:15Z,2026-12-25,107,62000.0,C,0.234,0.238,0.2361,79448.0,78367.99,0.44420000000000004,0.87559,1e-05,88.06762,247.1,0.0
2026-09-09T19:09:15Z,2026-12-25,107,62000.0,P,0.016,0.017,0.0165,79448.0,78367.99,0.44420000000000004,-0.12441,1e-05,88.06762,1540.1,1.9
2026-09-09T19:09:15Z,2026-12-25,107,64000.0,C,0.2125,0.2165,0.2145,79448.86,78367.99,0.4328,0.8512,1e-05,99.54241,405.0,0.0
2026-09-09T19:09:15Z,2026-12-25,107,64000.0,P,0.0195,0.0205,0.0201,79448.0,78367.99,0.4328,-0.14881,1e-05,99.54651,366.5,0.0
2026-09-09T19:09:15Z,2026-12-25,107,65000.0,C,0.202,0.206,0.2039,79448.0,78367.99,0.42729999999999996,0.83765,1e-05,105.43353,920.8,0.0
2026-09-09T19:09:15Z,2026-12-25,107,65000.0,P,0.0215,0.0225,0.0221,79448.3,78367.99,0.42729999999999996,-0.16235,1e-05,105.43223,792.5,0.5
2026-09-09T19:09:15Z,2026-12-25,107,66000.0,C,0.192,0.1955,0.1938,79448.0,78367.99,0.4239,0.82233,1e-05,111.70661,279.7,0.0
2026-09-09T19:09:15Z,2026-12-25,107,66000.0,P,0.024,0.025,0.0246,79448.0,78367.99,0.4239,-0.17767,1e-05,111.70661,423.2,0.0
2026-09-09T19:09:15Z,2026-12-25,107,68000.0,C,0.172,0.176,0.1742,79448.0,78367.99,0.4164,0.78934,2e-05,123.92933,1031.5,0.0
2026-09-09T19:09:15Z,2026-12-25,107,68000.0,P,0.0295,0.0305,0.03,79448.0,78367.99,0.4164,-0.21066,2e-05,123.92933,558.8,13.7
2026-09-09T19:09:15Z,2026-12-25,107,70000.0,C,0.1535,0.157,0.1555,79446.95,78367.99,0.41,0.75248,2e-05,135.67268,1923.5,0.0
2026-09-09T19:09:15Z,2026-12-25,107,70000.0,P,0.036,0.037,0.0366,79446.95,78367.99,0.41,-0.24752,2e-05,135.67268,1485.7,4.2
2026-09-09T19:09:15Z,2026-12-25,107,72000.0,C,0.136,0.1395,0.1382,79446.95,78367.99,0.4056,0.71182,2e-05,146.48812,1271.4,0.0
2026-09-09T19:09:15Z,2026-12-25,107,72000.0,P,0.044,0.045,0.0445,79447.97,78367.99,0.4056,-0.28816,2e-05,146.48521,793.9,29.1
2026-09-09T19:09:15Z,2026-12-25,107,74000.0,C,0.1205,0.1235,0.1222,79447.97,78367.99,0.4018,0.66851,2e-05,155.72157,138.9,0.0
2026-09-09T19:09:15Z,2026-12-25,107,74000.0,P,0.053,0.054,0.0536,79447.97,78367.99,0.4018,-0.33149,2e-05,155.72157,163.4,1.5
2026-09-09T19:09:15Z,2026-12-25,107,75000.0,C,0.1135,0.1155,0.1146,79447.97,78367.99,0.40020000000000006,0.64601,2e-05,159.63382,1870.8,10.0
2026-09-09T19:09:15Z,2026-12-25,107,75000.0,P,0.058,0.059,0.0586,79446.95,78367.99,0.40020000000000006,-0.35401,2e-05,159.63532,1270.4,0.1
2026-09-09T19:09:15Z,2026-12-25,107,76000.0,C,0.1065,0.108,0.1074,79446.99,78367.99,0.39899999999999997,0.62307,2e-05,163.01931,410.0,0.0
2026-09-09T19:09:15Z,2026-12-25,107,76000.0,P,0.0635,0.0645,0.064,79446.95,78367.99,0.39899999999999997,-0.37693,2e-05,163.01935,387.7,0.2
2026-09-09T19:09:15Z,2026-12-25,107,78000.0,C,0.0935,0.0945,0.0941,79446.95,78367.99,0.39740000000000003,0.5765,2e-05,168.07433,1048.4,0.0
2026-09-09T19:09:15Z,2026-12-25,107,78000.0,P,0.075,0.0765,0.0759,79447.97,78367.99,0.39740000000000003,-0.42347,2e-05,168.07454,1405.3,1.3
2026-09-09T19:09:15Z,2026-12-25,107,80000.0,C,0.082,0.0825,0.0823,79446.95,78367.99,0.3972,0.52988,2e-05,170.75214,8885.5,103.1
2026-09-09T19:09:15Z,2026-12-25,107,80000.0,P,0.0885,0.0895,0.0893,79446.95,78367.99,0.3972,-0.47012,2e-05,170.75214,1281.5,0.0
2026-09-09T19:09:15Z,2026-12-25,107,82000.0,C,0.071,0.072,0.0714,79447.97,78367.99,0.39590000000000003,0.48369,2e-05,171.0917,1303.4,52.9
2026-09-09T19:09:15Z,2026-12-25,107,82000.0,P,0.1025,0.104,0.1035,79447.97,78367.99,0.39590000000000003,-0.51631,2e-05,171.0917,256.1,0.0
2026-09-09T19:09:15Z,2026-12-25,107,84000.0,C,0.0615,0.0625,0.0619,79446.95,78367.99,0.39590000000000003,0.43896,2e-05,169.22434,1344.0,31.2
2026-09-09T19:09:15Z,2026-12-25,107,84000.0,P,0.1185,0.1195,0.1192,79446.95,78367.99,0.39590000000000003,-0.56104,2e-05,169.22434,83.8,3.8
2026-09-09T19:09:15Z,2026-12-25,107,85000.0,C,0.057,0.058,0.0576,79446.99,78367.99,0.396,0.41729,2e-05,167.53912,2213.7,0.2
2026-09-09T19:09:15Z,2026-12-25,107,85000.0,P,0.1265,0.128,0.1274,79448.86,78367.99,0.396,-0.58267,2e-05,167.54691,579.3,16.8
2026-09-09T19:09:15Z,2026-12-25,107,86000.0,C,0.053,0.054,0.0535,79448.86,78367.99,0.39630000000000004,0.39628,2e-05,165.41614,324.6,1.4
2026-09-09T19:09:15Z,2026-12-25,107,86000.0,P,0.134,0.137,0.136,79448.86,78367.99,0.39630000000000004,-0.60372,2e-05,165.41614,66.3,14.0
2026-09-09T19:09:15Z,2026-12-25,107,88000.0,C,0.0455,0.047,0.0463,79448.86,78367.99,0.39759999999999995,0.35626,2e-05,159.9971,3463.5,30.9
2026-09-09T19:09:15Z,2026-12-25,107,88000.0,P,0.152,0.1555,0.1539,79448.86,78367.99,0.39759999999999995,-0.64374,2e-05,159.9971,7.5,0.0
2026-09-09T19:09:15Z,2026-12-25,107,90000.0,C,0.0395,0.0405,0.04,79448.86,78367.99,0.3993,0.3191,2e-05,153.31495,3783.5,51.5
2026-09-09T19:09:15Z,2026-12-25,107,90000.0,P,0.171,0.1745,0.1728,79446.99,78367.99,0.3993,-0.68094,2e-05,153.30347,655.0,0.1
2026-09-09T19:09:15Z,2026-12-25,107,92000.0,C,0.034,0.035,0.0346,79448.86,78367.99,0.40130000000000005,0.28494,2e-05,145.70917,379.3,0.0
2026-09-09T19:09:15Z,2026-12-25,107,92000.0,P,0.1905,0.1945,0.1925,79448.86,78367.99,0.40130000000000005,-0.71506,2e-05,145.70917,6.6,0.0
2026-09-09T19:09:15Z,2026-12-25,107,94000.0,C,0.0295,0.0305,0.03,79448.86,78367.99,0.4044,0.25443,2e-05,137.66815,393.5,3.0
2026-09-09T19:09:15Z,2026-12-25,107,94000.0,P,0.2105,0.2155,0.2132,79448.86,78367.99,0.4044,-0.74557,2e-05,137.66815,5.3,0.0
2026-09-09T19:09:15Z,2026-12-25,107,95000.0,C,0.0275,0.0285,0.0279,79448.86,78367.99,0.4057,0.24007,2e-05,133.45771,1481.0,0.2
2026-09-09T19:09:15Z,2026-12-25,107,95000.0,P,0.221,0.226,0.2237,79448.86,78367.99,0.4057,-0.75993,2e-05,133.45771,111.4,0.2
2026-09-09T19:09:15Z,2026-12-25,107,96000.0,C,0.0255,0.0265,0.026,79448.86,78367.99,0.4073,0.22664,2e-05,129.26181,1500.9,3.5
2026-09-09T19:09:15Z,2026-12-25,107,96000.0,P,0.232,0.237,0.2344,79446.99,78367.99,0.4073,-0.77339,2e-05,129.24839,23.9,0.0
2026-09-09T19:09:15Z,2026-12-25,107,98000.0,C,0.022,0.023,0.0226,79446.99,78367.99,0.4102,0.20152,2e-05,120.71233,343.9,5.7
2026-09-09T19:09:15Z,2026-12-25,107,98000.0,P,0.2535,0.259,0.2561,79448.86,78367.99,0.4102,-0.79845,2e-05,120.72589,1.2,0.0
2026-09-09T19:09:15Z,2026-12-25,107,100000.0,C,0.019,0.02,0.0197,79446.99,78367.99,0.414,0.17961,1e-05,112.47214,6027.5,0.5
2026-09-09T19:09:15Z,2026-12-25,107,100000.0,P,0.2755,0.2815,0.2784,79448.86,78367.99,0.414,-0.82036,1e-05,112.48564,303.2,0.1
2026-09-09T19:09:15Z,2026-12-25,107,102000.0,C,0.0165,0.0175,0.0172,79448.86,78367.99,0.4177,0.16001,1e-05,104.44189,383.9,0.0
2026-09-09T19:09:15Z,2026-12-25,107,102000.0,P,0.2985,0.304,0.3011,79448.5,78367.99,0.4177,-0.83999,1e-05,104.4383,7.8,0.0
2026-09-09T19:09:15Z,2026-12-25,107,104000.0,C,0.0145,0.0155,0.0151,79448.5,78367.99,0.4217,0.14278,1e-05,96.81656,95.6,5.0
2026-09-09T19:09:15Z,2026-12-25,107,104000.0,P,0.3215,0.3275,0.3242,79448.5,78367.99,0.4217,-0.85722,1e-05,96.81656,0.3,0.0
2026-09-09T19:09:15Z,2026-12-25,107,105000.0,C,0.0135,0.0145,0.0142,79448.5,78367.99,0.42369999999999997,0.13486,1e-05,93.12815,914.3,0.0
2026-09-09T19:09:15Z,2026-12-25,107,105000.0,P,0.333,0.339,0.3358,79448.5,78367.99,0.42369999999999997,-0.86514,1e-05,93.12815,109.4,0.0
2026-09-09T19:09:15Z,2026-12-25,107,106000.0,C,0.013,0.014,0.0134,79448.84,78367.99,0.42719999999999997,0.12843,1e-05,90.04118,778.7,4.5
2026-09-09T19:09:15Z,2026-12-25,107,106000.0,P,0.345,0.351,0.3477,79448.84,78367.99,0.42719999999999997,-0.87157,1e-05,90.04118,0.2,0.0
2026-09-09T19:09:15Z,2026-12-25,107,108000.0,C,0.0115,0.0125,0.0119,79448.5,78367.99,0.4322,0.11541,1e-05,83.52618,151.9,1.8
2026-09-09T19:09:15Z,2026-12-25,107,108000.0,P,0.368,0.375,0.3713,79448.84,78367.99,0.4322,-0.88458,1e-05,83.52837,0.1,0.0
2026-09-09T19:09:15Z,2026-12-25,107,110000.0,C,0.01,0.011,0.0105,79448.5,78367.99,0.4357,0.10298,1e-05,76.95825,2759.9,7.3
2026-09-09T19:09:15Z,2026-12-25,107,110000.0,P,0.392,0.3985,0.3951,79448.84,78367.99,0.4357,-0.89701,1e-05,76.96035,55.6,0.0
2026-09-09T19:09:15Z,2026-12-25,107,115000.0,C,0.0075,0.0085,0.008,79446.36,78367.99,0.4483,0.07984,1e-05,63.7138,2332.6,11.8
2026-09-09T19:09:15Z,2026-12-25,107,115000.0,P,0.4525,0.459,0.4555,79448.5,78367.99,0.4483,-0.92014,1e-05,63.72532,5.0,0.0
2026-09-09T19:09:15Z,2026-12-25,107,120000.0,C,0.006,0.0065,0.0063,79448.5,78367.99,0.4625,0.06357,1e-05,53.48797,5805.9,33.5
2026-09-09T19:09:15Z,2026-12-25,107,120000.0,P,0.5135,0.5205,0.5167,79448.5,78367.99,0.4625,-0.93643,1e-05,53.48797,35.7,0.0
2026-09-09T19:09:15Z,2026-12-25,107,125000.0,C,0.0048,0.0055,0.0051,79448.5,78367.99,0.4779,0.05195,1e-05,45.63575,573.1,0.0
2026-09-09T19:09:15Z,2026-12-25,107,125000.0,P,0.575,0.5825,0.5785,79448.5,78367.99,0.4779,-0.94805,1e-05,45.63575,9.1,0.0
2026-09-09T19:09:15Z,2026-12-25,107,130000.0,C,0.0039,0.0044,0.0041,79448.5,78367.99,0.49,0.04203,0.0,38.5008,1566.9,0.0
2026-09-09T19:09:15Z,2026-12-25,107,130000.0,P,0.637,0.6445,0.6404,79448.5,78367.99,0.49,-0.95797,0.0,38.5008,54.0,0.0
2026-09-09T19:09:15Z,2026-12-25,107,135000.0,C,0.0033,0.0036,0.0034,79448.5,78367.99,0.5038,0.03502,0.0,33.18243,1381.0,4.8
2026-09-09T19:09:15Z,2026-12-25,107,135000.0,P,0.6985,0.707,0.7027,79448.5,78367.99,0.5038,-0.96498,0.0,33.18243,0.7,0.0
2026-09-09T19:09:15Z,2026-12-25,107,140000.0,C,0.0026,0.0031,0.0028,79448.84,78367.99,0.5153,0.029,0.0,28.39307,1436.9,2.0
2026-09-09T19:09:15Z,2026-12-25,107,140000.0,P,0.761,0.7695,0.765,79448.5,78367.99,0.5153,-0.971,0.0,28.39212,0.3,0.1
2026-09-09T19:09:15Z,2026-12-25,107,150000.0,C,0.0019,0.0023,0.0021,79448.5,78367.99,0.5409,0.02125,0.0,21.87664,1696.0,1.4
2026-09-09T19:09:15Z,2026-12-25,107,150000.0,P,0.886,0.895,0.8901,79448.5,78367.99,0.5409,-0.97875,0.0,21.87662,4.4,0.0
2026-09-09T19:09:15Z,2026-12-25,107,160000.0,C,0.0014,0.0017,0.0016,79448.49,78367.99,0.564,0.01596,0.0,17.14636,1291.8,0.0
2026-09-09T19:09:15Z,2026-12-25,107,160000.0,P,1.0055,1.0225,1.0155,79448.5,78367.99,0.564,-0.98404,0.0,17.14626,0.1,0.0
2026-09-09T19:09:15Z,2026-12-25,107,170000.0,C,0.001,0.0013,0.0012,79448.84,78367.99,0.5826,0.01193,0.0,13.33891,2393.8,8.0
2026-09-09T19:09:15Z,2026-12-25,107,170000.0,P,1.1315,1.1515,1.141,79448.5,78367.99,0.5826,-0.98807,0.0,13.33845,0.1,0.0
2026-09-09T19:09:15Z,2026-12-25,107,180000.0,C,0.0008,0.0011,0.0009,79448.5,78367.99,0.5992999999999999,0.00903,0.0,10.4657,934.5,0.0
2026-09-09T19:09:15Z,2026-12-25,107,180000.0,P,1.255,1.276,1.2666,79448.84,78367.99,0.5992999999999999,-0.99097,0.0,10.46608,0.1,0.0
2026-09-09T19:09:15Z,2026-12-25,107,190000.0,C,0.0006,0.0011,0.0008,79448.5,78367.99,0.621,0.00753,0.0,8.9202,1026.7,0.0
2026-09-09T19:09:15Z,2026-12-25,107,190000.0,P,1.38,1.404,1.3923,79448.5,78367.99,0.621,-0.99247,0.0,8.9202,0.0,0.0
2026-09-09T19:09:15Z,2026-12-25,107,200000.0,C,0.0005,0.0008,0.0007,79448.84,78367.99,0.642,0.00642,0.0,7.74864,969.5,0.0
2026-09-09T19:09:15Z,2026-12-25,107,200000.0,P,1.5065,1.5305,1.5181,79448.84,78367.99,0.642,-0.99358,0.0,7.74864,0.0,0.0
2026-09-09T19:09:15Z,2026-12-25,107,210000.0,C,0.0003,0.0007,0.0005,79448.5,78367.99,0.6522,0.0049,0.0,6.09934,162.3,0.0
2026-09-09T19:09:15Z,2026-12-25,107,210000.0,P,1.6325,1.656,1.6438,79448.84,78367.99,0.6522,-0.9951,0.0,6.09956,0.0,0.0
2026-09-09T19:09:15Z,2026-12-25,107,220000.0,C,0.0002,0.0006,0.0004,79448.84,78367.99,0.6618,0.00379,0.0,4.84873,255.6,0.0
2026-09-09T19:09:15Z,2026-12-25,107,220000.0,P,1.7555,1.7825,1.7695,79448.5,78367.99,0.6618,-0.99621,0.0,4.84856,0.0,0.0
2026-09-09T19:09:15Z,2026-12-25,107,230000.0,C,0.0002,0.0005,0.0003,79448.5,78367.99,0.6770999999999999,0.00324,0.0,4.20522,190.5,0.0
2026-09-09T19:09:15Z,2026-12-25,107,230000.0,P,1.8805,1.9095,1.8953,79446.36,78367.99,0.6770999999999999,-0.99676,0.0,4.20405,0.0,0.0
2026-09-09T19:09:15Z,2026-12-25,107,240000.0,C,0.0001,0.0004,0.0002,79446.36,78367.99,0.6816,0.00241,0.0,3.22647,785.2,0.0
2026-09-09T19:09:15Z,2026-12-25,107,240000.0,P,2.0085,2.035,2.0211,79446.36,78367.99,0.6816,-0.99759,0.0,3.22647,0.0,0.0
2026-09-09T19:09:15Z,2026-12-25,107,250000.0,C,0.0001,0.0004,0.0002,79446.36,78367.99,0.6956,0.0021,0.0,2.84618,1281.3,0.0
2026-09-09T19:09:15Z,2026-12-25,107,250000.0,P,2.1315,2.163,2.1469,79446.36,78367.99,0.6956,-0.9979,0.0,2.84618,10.0,0.0
2026-09-09T19:09:15Z,2027-03-26,198,35000.0,C,0.567,0.569,0.5681,80383.14,78367.99,0.6079,0.98137,0.0,26.95977,21.8,0.1
2026-09-09T19:09:15Z,2027-03-26,198,35000.0,P,0.0033,0.0038,0.0036,80381.01,78367.99,0.6079,-0.01864,0.0,26.96239,624.0,0.0
2026-09-09T19:09:15Z,2027-03-26,198,40000.0,C,0.5065,0.509,0.5077,80381.01,78367.99,0.5594,0.9714,0.0,38.67329,82.1,0.0
2026-09-09T19:09:15Z,2027-03-26,198,40000.0,P,0.005,0.0055,0.0053,80381.01,78367.99,0.5594,-0.0286,0.0,38.67329,1895.3,4.1
2026-09-09T19:09:15Z,2027-03-26,198,45000.0,C,0.4455,0.4505,0.4485,80381.01,78367.99,0.5252,0.95493,0.0,56.12308,3.3,0.0
2026-09-09T19:09:15Z,2027-03-26,198,45000.0,P,0.008,0.009,0.0083,80381.01,78367.99,0.5252,-0.04507,0.0,56.12308,259.4,0.0
2026-09-09T19:09:15Z,2027-03-26,198,50000.0,C,0.3885,0.392,0.3904,80381.01,78367.99,0.49060000000000004,0.93265,0.0,77.07066,21.6,0.0
2026-09-09T19:09:15Z,2027-03-26,198,50000.0,P,0.0115,0.013,0.0124,80381.01,78367.99,0.49060000000000004,-0.06735,0.0,77.07066,2458.2,1.9
2026-09-09T19:09:15Z,2027-03-26,198,52000.0,C,0.3645,0.369,0.3676,80381.01,78367.99,0.47850000000000004,0.92122,1e-05,86.89042,5.3,0.0
2026-09-09T19:09:15Z,2027-03-26,198,52000.0,P,0.014,0.015,0.0145,80381.01,78367.99,0.47850000000000004,-0.07878,1e-05,86.89067,123.9,0.5
2026-09-09T19:09:15Z,2027-03-26,198,54000.0,C,0.3435,0.347,0.3454,80383.14,78367.99,0.4683,0.90773,1e-05,97.81738,0.1,0.0
2026-09-09T19:09:15Z,2027-03-26,198,54000.0,P,0.0165,0.018,0.0172,80377.58,78367.99,0.4683,-0.0923,1e-05,97.83686,91.8,0.1
2026-09-09T19:09:15Z,2027-03-26,198,55000.0,C,0.3325,0.336,0.3344,80377.58,78367.99,0.4631,0.90044,1e-05,103.43726,28.6,0.0
2026-09-09T19:09:15Z,2027-03-26,198,55000.0,P,0.018,0.0195,0.0186,80377.58,78367.99,0.4631,-0.09956,1e-05,103.43726,1257.7,0.0
2026-09-09T19:09:15Z,2027-03-26,198,56000.0,C,0.3215,0.325,0.3236,80377.58,78367.99,0.4586,0.8925,1e-05,109.36235,16.9,0.0
2026-09-09T19:09:15Z,2027-03-26,198,56000.0,P,0.0195,0.021,0.0202,80377.58,78367.99,0.4586,-0.1075,1e-05,109.36235,123.0,0.0
2026-09-09T19:09:15Z,2027-03-26,198,58000.0,C,0.3,0.304,0.3022,80377.58,78367.99,0.4495,0.87534,1e-05,121.49098,4.3,0.0
2026-09-09T19:09:15Z,2027-03-26,198,58000.0,P,0.023,0.0245,0.0238,80377.58,78367.99,0.4495,-0.12466,1e-05,121.49098,136.1,0.0
2026-09-09T19:09:15Z,2027-03-26,198,60000.0,C,0.2795,0.283,0.2816,80377.58,78367.99,0.442,0.85584,1e-05,134.24387,649.0,0.0
2026-09-09T19:09:15Z,2027-03-26,198,60000.0,P,0.0275,0.0285,0.028,80377.58,78367.99,0.442,-0.14416,1e-05,134.24387,816.1,0.0
2026-09-09T19:09:15Z,2027-03-26,198,62000.0,C,0.2595,0.2635,0.2616,80377.28,78367.99,0.4354,0.83413,1e-05,147.28322,56.2,0.0
2026-09-09T19:09:15Z,2027-03-26,198,62000.0,P,0.0325,0.0335,0.0329,80377.58,78367.99,0.4354,-0.16587,1e-05,147.28181,263.1,0.0
2026-09-09T19:09:15Z,2027-03-26,198,64000.0,C,0.24,0.244,0.2423,80377.58,78367.99,0.4292,0.81042,1e-05,160.23961,137.8,0.0
2026-09-09T19:09:15Z,2027-03-26,198,64000.0,P,0.038,0.039,0.0385,80377.58,78367.99,0.4292,-0.18958,1e-05,160.23958,130.2,0.0
2026-09-09T19:09:15Z,2027-03-26,198,65000.0,C,0.2305,0.2345,0.2329,80377.58,78367.99,0.42619999999999997,0.79787,1e-05,166.59641,366.9,0.0
2026-09-09T19:09:15Z,2027-03-26,198,65000.0,P,0.041,0.042,0.0416,80377.58,78367.99,0.42619999999999997,-0.20213,1e-05,166.59641,879.6,0.1
2026-09-09T19:09:15Z,2027-03-26,198,66000.0,C,0.2205,0.2255,0.2238,80377.58,78367.99,0.42369999999999997,0.78469,1e-05,172.91691,23.8,0.0
2026-09-09T19:09:15Z,2027-03-26,198,66000.0,P,0.0445,0.0455,0.0449,80377.58,78367.99,0.42369999999999997,-0.21531,1e-05,172.91691,110.2,0.0
2026-09-09T19:09:15Z,2027-03-26,198,68000.0,C,0.204,0.2075,0.2062,80377.58,78367.99,0.4193,0.75691,1e-05,185.10134,196.5,0.0
2026-09-09T19:09:15Z,2027-03-26,198,68000.0,P,0.0515,0.053,0.0522,80377.58,78367.99,0.4193,-0.24309,1e-05,185.10134,290.8,0.0
2026-09-09T19:09:15Z,2027-03-26,198,70000.0,C,0.1875,0.191,0.1894,80377.58,78367.99,0.415,0.72756,1e-05,196.38932,797.8,0.0
2026-09-09T19:09:15Z,2027-03-26,198,70000.0,P,0.0595,0.061,0.0602,80377.58,78367.99,0.415,-0.27244,1e-05,196.38932,772.8,0.0
2026-09-09T19:09:15Z,2027-03-26,198,72000.0,C,0.172,0.1745,0.1735,80377.28,78367.99,0.4114,0.69672,1e-05,206.59884,95.2,0.0
2026-09-09T19:09:15Z,2027-03-26,198,72000.0,P,0.0685,0.07,0.0693,80377.58,78367.99,0.4114,-0.30328,1e-05,206.5983,159.3,0.0
2026-09-09T19:09:15Z,2027-03-26,198,74000.0,C,0.157,0.16,0.1586,80377.28,78367.99,0.4083,0.66473,2e-05,215.48674,66.8,0.0
2026-09-09T19:09:15Z,2027-03-26,198,74000.0,P,0.0785,0.08,0.0792,80377.28,78367.99,0.4083,-0.33527,2e-05,215.48674,197.2,0.1
2026-09-09T19:09:15Z,2027-03-26,198,76000.0,C,0.1435,0.146,0.1448,80377.28,78367.99,0.4061,0.63187,2e-05,222.88707,530.6,0.0
2026-09-09T19:09:15Z,2027-03-26,198,76000.0,P,0.0895,0.091,0.0903,80377.28,78367.99,0.4061,-0.36813,2e-05,222.88707,250.2,12.0
2026-09-09T19:09:15Z,2027-03-26,198,78000.0,C,0.1305,0.133,0.1319,80377.28,78367.99,0.4043,0.59857,2e-05,228.65682,587.9,2.1
2026-09-09T19:09:15Z,2027-03-26,198,78000.0,P,0.1015,0.103,0.1023,80377.28,78367.99,0.4043,-0.40143,2e-05,228.65682,270.3,9.0
2026-09-09T19:09:15Z,2027-03-26,198,80000.0,C,0.119,0.121,0.12,80377.28,78367.99,0.4032,0.5652,2e-05,232.73713,1089.2,0.0
2026-09-09T19:09:15Z,2027-03-26,198,80000.0,P,0.1145,0.116,0.1153,80377.28,78367.99,0.4032,-0.4348,2e-05,232.73713,214.5,0.0
2026-09-09T19:09:15Z,2027-03-26,198,82000.0,C,0.108,0.11,0.1091,80377.28,78367.99,0.40259999999999996,0.53212,2e-05,235.13004,1188.3,20.2
2026-09-09T19:09:15Z,2027-03-26,198,82000.0,P,0.1285,0.13,0.1292,80377.28,78367.99,0.40259999999999996,-0.46788,2e-05,235.13004,6.9,0.0
2026-09-09T19:09:15Z,2027-03-26,198,84000.0,C,0.098,0.1,0.0991,80377.28,78367.99,0.40240000000000004,0.49963,2e-05,235.89486,263.2,0.0
2026-09-09T19:09:15Z,2027-03-26,198,84000.0,P,0.1435,0.1455,0.1441,80377.58,78367.99,0.40240000000000004,-0.50036,2e-05,235.89574,55.2,0.0
2026-09-09T19:09:15Z,2027-03-26,198,85000.0,C,0.0935,0.0955,0.0945,80377.28,78367.99,0.40270000000000006,0.4838,2e-05,235.70043,345.7,0.0
2026-09-09T19:09:15Z,2027-03-26,198,85000.0,P,0.151,0.153,0.152,80377.28,78367.99,0.40270000000000006,-0.5162,2e-05,235.70043,3.9,0.1
2026-09-09T19:09:15Z,2027-03-26,198,86000.0,C,0.089,0.091,0.0901,80377.28,78367.99,0.4029,0.46813,2e-05,235.14207,141.7,0.0
2026-09-09T19:09:15Z,2027-03-26,198,86000.0,P,0.1585,0.161,0.16,80377.28,78367.99,0.4029,-0.53187,2e-05,235.14207,3.1,0.0
2026-09-09T19:09:15Z,2027-03-26,198,88000.0,C,0.081,0.0825,0.0818,80377.58,78367.99,0.4032,0.43758,2e-05,233.00248,77.2,0.0
2026-09-09T19:09:15Z,2027-03-26,198,88000.0,P,0.175,0.1785,0.1766,80377.58,78367.99,0.4032,-0.56242,2e-05,233.00248,4.7,0.0
2026-09-09T19:09:15Z,2027-03-26,198,90000.0,C,0.073,0.075,0.0742,80377.28,78367.99,0.40380000000000005,0.40824,2e-05,229.62766,555.3,0.0
2026-09-09T19:09:15Z,2027-03-26,198,90000.0,P,0.192,0.196,0.1939,80377.58,78367.99,0.40380000000000005,-0.59175,2e-05,229.62919,24.1,10.0
2026-09-09T19:09:15Z,2027-03-26,198,92000.0,C,0.0665,0.0685,0.0674,80377.28,78367.99,0.40509999999999996,0.38049,2e-05,225.22882,261.2,0.0
2026-09-09T19:09:15Z,2027-03-26,198,92000.0,P,0.21,0.2145,0.212,80377.28,78367.99,0.40509999999999996,-0.61951,2e-05,225.22882,1.4,0.0
2026-09-09T19:09:15Z,2027-03-26,198,94000.0,C,0.06,0.062,0.0612,80377.28,78367.99,0.406,0.35389,2e-05,219.89069,166.5,0.0
2026-09-09T19:09:15Z,2027-03-26,198,94000.0,P,0.2285,0.233,0.2306,80377.28,78367.99,0.406,-0.64611,2e-05,219.89069,9.7,0.0
2026-09-09T19:09:15Z,2027-03-26,198,95000.0,C,0.0575,0.059,0.0584,80377.58,78367.99,0.4069,0.34139,2e-05,216.99811,569.2,0.2
2026-09-09T19:09:15Z,2027-03-26,198,95000.0,P,0.2385,0.243,0.2402,80377.58,78367.99,0.4069,-0.65861,2e-05,216.99811,0.4,0.0
2026-09-09T19:09:15Z,2027-03-26,198,96000.0,C,0.055,0.0565,0.0557,80377.28,78367.99,0.40759999999999996,0.32911,2e-05,213.90778,141.6,2.3
2026-09-09T19:09:15Z,2027-03-26,198,96000.0,P,0.248,0.2525,0.25,80377.28,78367.99,0.40759999999999996,-0.67089,2e-05,213.90778,1.6,0.0
2026-09-09T19:09:15Z,2027-03-26,198,98000.0,C,0.0495,0.0515,0.0506,80377.28,78367.99,0.409,0.30559,1e-05,207.29763,115.2,0.1
2026-09-09T19:09:15Z,2027-03-26,198,98000.0,P,0.268,0.2725,0.2698,80377.28,78367.99,0.409,-0.69441,1e-05,207.29763,0.2,0.0
2026-09-09T19:09:15Z,2027-03-26,198,100000.0,C,0.0455,0.047,0.0461,80377.28,78367.99,0.41090000000000004,0.28381,1e-05,200.34729,669.1,0.0
2026-09-09T19:09:15Z,2027-03-26,198,100000.0,P,0.2875,0.2935,0.2901,80377.28,78367.99,0.41090000000000004,-0.71619,1e-05,200.34729,12.3,0.0
2026-09-09T19:09:15Z,2027-03-26,198,102000.0,C,0.041,0.0425,0.0419,80377.28,78367.99,0.41229999999999994,0.26314,1e-05,192.98202,127.5,0.0
2026-09-09T19:09:15Z,2027-03-26,198,102000.0,P,0.308,0.314,0.3108,80377.28,78367.99,0.41229999999999994,-0.73686,1e-05,192.98202,0.1,0.0
2026-09-09T19:09:15Z,2027-03-26,198,104000.0,C,0.0375,0.039,0.0382,80377.28,78367.99,0.4144,0.24421,1e-05,185.56223,115.2,0.0
2026-09-09T19:09:15Z,2027-03-26,198,104000.0,P,0.329,0.3355,0.332,80377.28,78367.99,0.4144,-0.75579,1e-05,185.56223,0.1,0.0
2026-09-09T19:09:15Z,2027-03-26,198,105000.0,C,0.0355,0.037,0.0364,80377.13,78367.99,0.4152,0.23509,1e-05,181.74704,162.5,0.0
2026-09-09T19:09:15Z,2027-03-26,198,105000.0,P,0.3395,0.346,0.3428,80377.19,78367.99,0.4152,-0.76491,1e-05,181.74749,0.5,0.0
2026-09-09T19:09:15Z,2027-03-26,198,106000.0,C,0.034,0.0355,0.0348,80377.19,78367.99,0.41619999999999996,0.22643,1e-05,177.97526,79.2,0.0
2026-09-09T19:09:15Z,2027-03-26,198,106000.0,P,0.3505,0.357,0.3536,80377.19,78367.99,0.41619999999999996,-0.77357,1e-05,177.97526,0.1,0.0
2026-09-09T19:09:15Z,2027-03-26,198,108000.0,C,0.031,0.0325,0.0318,80377.28,78367.99,0.4183,0.21012,1e-05,170.47003,68.6,0.0
2026-09-09T19:09:15Z,2027-03-26,198,108000.0,P,0.372,0.379,0.3755,80377.19,78367.99,0.4183,-0.78988,1e-05,170.46933,0.1,0.0
2026-09-09T19:09:15Z,2027-03-26,198,110000.0,C,0.0285,0.03,0.0292,80377.19,78367.99,0.42090000000000005,0.19534,1e-05,163.19865,1157.6,0.0
2026-09-09T19:09:15Z,2027-03-26,198,110000.0,P,0.3945,0.4015,0.3977,80377.19,78367.99,0.42090000000000005,-0.80466,1e-05,163.19865,4.1,0.0
2026-09-09T19:09:15Z,2027-03-26,198,112000.0,C,0.026,0.0275,0.0267,80379.5,78367.99,0.423,0.18129,1e-05,155.85903,67.3,0.0
2026-09-09T19:09:15Z,2027-03-26,198,112000.0,P,0.4165,0.424,0.4202,80377.19,78367.99,0.423,-0.81873,1e-05,155.84131,0.1,0.0
2026-09-09T19:09:15Z,2027-03-26,198,115000.0,C,0.023,0.0245,0.0237,80377.19,78367.99,0.4274,0.16303,1e-05,145.63888,807.8,0.0
2026-09-09T19:09:15Z,2027-03-26,198,115000.0,P,0.4505,0.458,0.4544,80377.19,78367.99,0.4274,-0.83697,1e-05,145.63888,2.2,0.0
2026-09-09T19:09:15Z,2027-03-26,198,120000.0,C,0.0185,0.02,0.0193,80377.19,78367.99,0.4336,0.13638,1e-05,129.27963,790.9,0.0
2026-09-09T19:09:15Z,2027-03-26,198,120000.0,P,0.5085,0.516,0.5122,80377.28,78367.99,0.4336,-0.86362,1e-05,129.28027,9.8,0.0
2026-09-09T19:09:15Z,2027-03-26,198,125000.0,C,0.0155,0.0165,0.016,80377.19,78367.99,0.4412,0.1154,1e-05,115.05566,303.1,0.5
2026-09-09T19:09:15Z,2027-03-26,198,125000.0,P,0.567,0.5755,0.5712,80377.19,78367.99,0.4412,-0.8846,1e-05,115.05566,0.1,0.0
2026-09-09T19:09:15Z,2027-03-26,198,130000.0,C,0.013,0.014,0.0135,80377.19,78367.99,0.449,0.09843,1e-05,102.57855,1142.8,6.5
2026-09-09T19:09:15Z,2027-03-26,198,130000.0,P,0.627,0.635,0.6308,80377.13,78367.99,0.449,-0.90157,1e-05,102.57817,0.4,0.0
2026-09-09T19:09:15Z,2027-03-26,198,140000.0,C,0.0095,0.0105,0.01,80377.19,78367.99,0.466,0.07392,1e-05,82.78416,910.7,5.5
2026-09-09T19:09:15Z,2027-03-26,198,140000.0,P,0.747,0.756,0.7517,80377.19,78367.99,0.466,-0.92608,1e-05,82.78416,10.9,0.0
2026-09-09T19:09:15Z,2027-03-26,198,150000.0,C,0.0075,0.008,0.0075,80377.19,78367.99,0.4818,0.05671,0.0,67.38854,1904.3,0.6
2026-09-09T19:09:15Z,2027-03-26,198,150000.0,P,0.8635,0.8785,0.8737,80377.28,78367.99,0.4818,-0.94329,0.0,67.38895,0.6,0.0
2026-09-09T19:09:15Z,2027-03-26,198,160000.0,C,0.0055,0.0065,0.006,80379.48,78367.99,0.4982,0.04501,0.0,56.06391,1034.4,0.1
2026-09-09T19:09:15Z,2027-03-26,198,160000.0,P,0.981,1.0065,0.9966,80377.13,78367.99,0.4982,-0.95499,0.0,56.05469,0.1,0.0
2026-09-09T19:09:15Z,2027-03-26,198,170000.0,C,0.0046,0.0055,0.005,80379.48,78367.99,0.5169,0.03758,0.0,48.42541,658.8,7.1
2026-09-09T19:09:15Z,2027-03-26,198,170000.0,P,1.108,1.131,1.12,80379.48,78367.99,0.5169,-0.96242,0.0,48.42541,0.2,0.0
2026-09-09T19:09:15Z,2027-03-26,198,180000.0,C,0.0036,0.0043,0.004,80379.48,78367.99,0.5283,0.03005,0.0,40.28798,503.3,0.0
2026-09-09T19:09:15Z,2027-03-26,198,180000.0,P,1.2245,1.256,1.2434,80379.48,78367.99,0.5283,-0.96995,0.0,40.28798,0.1,0.0
2026-09-09T19:09:15Z,2027-03-26,198,190000.0,C,0.0032,0.0037,0.0035,80379.48,78367.99,0.5449,0.02586,0.0,35.55123,636.0,9.0
2026-09-09T19:09:15Z,2027-03-26,198,190000.0,P,1.3535,1.3795,1.3673,80379.48,78367.99,0.5449,-0.97414,0.0,35.55123,0.9,0.0
2026-09-09T19:09:15Z,2027-03-26,198,200000.0,C,0.0024,0.0031,0.0028,80379.48,78367.99,0.5547,0.0212,0.0,30.07835,485.6,0.0
2026-09-09T19:09:15Z,2027-03-26,198,200000.0,P,1.4765,1.508,1.4911,80379.48,78367.99,0.5547,-0.9788,0.0,30.07835,1.0,0.0
2026-09-09T19:09:15Z,2027-06-25,289,30000.0,C,0.6345,0.637,0.6358,81379.57,78367.99,0.6177,0.98176,0.0,32.39162,86.2,0.8
2026-09-09T19:09:15Z,2027-06-25,289,30000.0,P,0.0039,0.0049,0.0044,81381.92,78367.99,0.6177,-0.01824,0.0,32.38859,342.3,1.6
2026-09-09T19:09:15Z,2027-06-25,289,40000.0,C,0.517,0.5195,0.5182,81381.91,78367.99,0.5355,0.95817,0.0,64.65185,17.5,0.3
2026-09-09T19:09:15Z,2027-06-25,289,40000.0,P,0.009,0.0105,0.0098,81381.92,78367.99,0.5355,-0.04183,0.0,64.65183,1227.0,0.9
2026-09-09T19:09:15Z,2027-06-25,289,45000.0,C,0.46,0.4625,0.4613,81381.92,78367.99,0.504,0.93897,0.0,87.35002,0.5,0.0
2026-09-09T19:09:15Z,2027-06-25,289,45000.0,P,0.0135,0.0145,0.0142,81381.92,78367.99,0.504,-0.06103,0.0,87.35002,121.8,0.0
2026-09-09T19:09:15Z,2027-06-25,289,50000.0,C,0.404,0.4085,0.4064,81381.92,78367.99,0.4799,0.91229,0.0,115.26588,17.5,0.0
2026-09-09T19:09:15Z,2027-06-25,289,50000.0,P,0.02,0.0215,0.0208,81381.92,78367.99,0.4799,-0.08771,0.0,115.26588,402.3,0.0
2026-09-09T19:09:15Z,2027-06-25,289,52000.0,C,0.3825,0.387,0.3852,81381.91,78367.99,0.4721,0.89921,1e-05,127.72119,1.1,0.0
2026-09-09T19:09:15Z,2027-06-25,289,52000.0,P,0.0235,0.025,0.0242,81381.91,78367.99,0.4721,-0.10079,1e-05,127.72119,53.9,13.6
2026-09-09T19:09:15Z,2027-06-25,289,54000.0,C,0.361,0.366,0.3643,81381.92,78367.99,0.46340000000000003,0.88522,1e-05,140.25173,0.9,0.0
2026-09-09T19:09:15Z,2027-06-25,289,54000.0,P,0.027,0.0285,0.0278,81381.91,78367.99,0.46340000000000003,-0.11478,1e-05,140.25176,50.1,0.1
2026-09-09T19:09:15Z,2027-06-25,289,55000.0,C,0.352,0.356,0.354,81381.92,78367.99,0.4595,0.87766,1e-05,146.72167,2.9,0.0
2026-09-09T19:09:15Z,2027-06-25,289,55000.0,P,0.029,0.0305,0.0298,81381.92,78367.99,0.4595,-0.12234,1e-05,146.72167,35.9,0.0
2026-09-09T19:09:15Z,2027-06-25,289,56000.0,C,0.3405,0.346,0.3441,81381.92,78367.99,0.4568,0.86937,1e-05,153.58406,3.0,0.0
2026-09-09T19:09:15Z,2027-06-25,289,56000.0,P,0.0315,0.033,0.0322,81381.91,78367.99,0.4568,-0.13063,1e-05,153.5841,84.7,0.0
2026-09-09T19:09:15Z,2027-06-25,289,58000.0,C,0.322,0.326,0.3242,81381.92,78367.99,0.4497,0.85245,1e-05,166.85799,13.8,0.0
2026-09-09T19:09:15Z,2027-06-25,289,58000.0,P,0.036,0.0375,0.0369,81381.92,78367.99,0.4497,-0.14755,1e-05,166.85799,91.9,0.0
2026-09-09T19:09:15Z,2027-06-25,289,60000.0,C,0.3015,0.307,0.3051,81381.92,78367.99,0.44420000000000004,0.83378,1e-05,180.4737,966.2,6.2
2026-09-09T19:09:15Z,2027-06-25,289,60000.0,P,0.0415,0.043,0.0424,81381.91,78367.99,0.44420000000000004,-0.16622,1e-05,180.47374,196.5,0.0
2026-09-09T19:09:15Z,2027-06-25,289,62000.0,C,0.2845,0.2885,0.2866,81381.92,78367.99,0.4391,0.81379,1e-05,193.92593,117.0,0.0
2026-09-09T19:09:15Z,2027-06-25,289,62000.0,P,0.0475,0.0495,0.0484,81381.64,78367.99,0.4391,-0.18621,1e-05,193.92689,115.3,1.1
2026-09-09T19:09:15Z,2027-06-25,289,64000.0,C,0.2665,0.2725,0.2689,81381.64,78367.99,0.4349,0.79237,1e-05,207.14225,33.5,0.0
2026-09-09T19:09:15Z,2027-06-25,289,64000.0,P,0.0545,0.056,0.0553,81381.64,78367.99,0.4349,-0.20763,1e-05,207.14225,62.4,0.1
2026-09-09T19:09:15Z,2027-06-25,289,65000.0,C,0.258,0.262,0.2602,81381.91,78367.99,0.4328,0.78128,1e-05,213.52908,1.7,0.0
2026-09-09T19:09:15Z,2027-06-25,289,65000.0,P,0.058,0.06,0.0589,81381.91,78367.99,0.4328,-0.21872,1e-05,213.52908,24.8,0.1
2026-09-09T19:09:15Z,2027-06-25,289,66000.0,C,0.2495,0.2535,0.2518,81381.64,78367.99,0.431,0.76983,1e-05,219.79966,25.6,0.0
2026-09-09T19:09:15Z,2027-06-25,289,66000.0,P,0.062,0.0635,0.0628,81381.64,78367.99,0.431,-0.23017,1e-05,219.79966,46.5,0.0
2026-09-09T19:09:15Z,2027-06-25,289,68000.0,C,0.2335,0.2375,0.2355,81381.64,78367.99,0.4274,0.74624,1e-05,231.75008,10.8,0.0
2026-09-09T19:09:15Z,2027-06-25,289,68000.0,P,0.07,0.072,0.071,81381.53,78367.99,0.4274,-0.25376,1e-05,231.75028,13.6,0.0
2026-09-09T19:09:15Z,2027-06-25,289,70000.0,C,0.218,0.222,0.2199,81381.91,78367.99,0.4244,0.72171,1e-05,242.84688,195.5,0.0
2026-09-09T19:09:15Z,2027-06-25,289,70000.0,P,0.079,0.081,0.0801,81381.64,78367.99,0.4244,-0.27829,1e-05,242.84733,20.4,0.0
2026-09-09T19:09:15Z,2027-06-25,289,72000.0,C,0.2035,0.2065,0.2053,81381.91,78367.99,0.42219999999999996,0.69637,1e-05,252.94431,89.9,0.2
2026-09-09T19:09:15Z,2027-06-25,289,72000.0,P,0.089,0.091,0.09,81381.64,78367.99,0.42219999999999996,-0.30364,1e-05,252.94462,47.6,0.0
2026-09-09T19:09:15Z,2027-06-25,289,74000.0,C,0.1895,0.1925,0.1911,81381.64,78367.99,0.4194,0.67055,1e-05,261.86244,20.2,0.0
2026-09-09T19:09:15Z,2027-06-25,289,74000.0,P,0.0995,0.101,0.1003,81381.64,78367.99,0.4194,-0.32945,1e-05,261.86244,12.2,0.0
2026-09-09T19:09:15Z,2027-06-25,289,76000.0,C,0.176,0.179,0.1778,81381.91,78367.99,0.4175,0.64428,1e-05,269.57271,22.6,0.0
2026-09-09T19:09:15Z,2027-06-25,289,76000.0,P,0.111,0.1125,0.1117,81381.91,78367.99,0.4175,-0.35572,1e-05,269.57271,74.6,0.1
2026-09-09T19:09:15Z,2027-06-25,289,78000.0,C,0.164,0.1665,0.1654,81381.64,78367.99,0.41590000000000005,0.61778,1e-05,275.98742,54.2,0.6
2026-09-09T19:09:15Z,2027-06-25,289,78000.0,P,0.123,0.1245,0.1238,81381.91,78367.99,0.41590000000000005,-0.38221,1e-05,275.9876,104.6,0.0
2026-09-09T19:09:15Z,2027-06-25,289,80000.0,C,0.1525,0.155,0.1537,81381.64,78367.99,0.41479999999999995,0.59127,1e-05,281.07352,110.7,6.5
2026-09-09T19:09:15Z,2027-06-25,289,80000.0,P,0.136,0.1375,0.1367,81381.64,78367.99,0.41479999999999995,-0.40873,1e-05,281.07352,49.3,0.4
2026-09-09T19:09:15Z,2027-06-25,289,82000.0,C,0.1415,0.1435,0.1427,81381.53,78367.99,0.41369999999999996,0.56486,1e-05,284.83777,81.4,3.9
2026-09-09T19:09:15Z,2027-06-25,289,82000.0,P,0.1495,0.1515,0.1503,81381.64,78367.99,0.41369999999999996,-0.43514,1e-05,284.83799,23.5,0.0
2026-09-09T19:09:15Z,2027-06-25,289,84000.0,C,0.1315,0.1335,0.1325,81381.53,78367.99,0.413,0.53878,1e-05,287.29612,28.1,0.1
2026-09-09T19:09:15Z,2027-06-25,289,84000.0,P,0.1635,0.166,0.1647,81381.64,78367.99,0.413,-0.46121,1e-05,287.2964,6.5,0.0
2026-09-09T19:09:15Z,2027-06-25,289,85000.0,C,0.1265,0.1285,0.1276,81381.53,78367.99,0.41259999999999997,0.52584,1e-05,288.05547,152.8,0.0
2026-09-09T19:09:15Z,2027-06-25,289,85000.0,P,0.171,0.1735,0.172,81381.53,78367.99,0.41259999999999997,-0.47416,1e-05,288.05547,10.7,0.0
2026-09-09T19:09:15Z,2027-06-25,289,86000.0,C,0.122,0.124,0.123,81381.64,78367.99,0.41259999999999997,0.51314,1e-05,288.50514,27.4,0.0
2026-09-09T19:09:15Z,2027-06-25,289,86000.0,P,0.1785,0.182,0.1797,81381.53,78367.99,0.41259999999999997,-0.48686,1e-05,288.50478,1.4,0.0
2026-09-09T19:09:15Z,2027-06-25,289,88000.0,C,0.113,0.115,0.114,81381.64,78367.99,0.4122,0.488,1e-05,288.53114,21.3,0.0
2026-09-09T19:09:15Z,2027-06-25,289,88000.0,P,0.194,0.197,0.1954,81381.64,78367.99,0.4122,-0.512,1e-05,288.53114,4.7,0.0
2026-09-09T19:09:15Z,2027-06-25,289,90000.0,C,0.1055,0.107,0.1059,81381.53,78367.99,0.4125,0.46372,1e-05,287.46713,766.0,30.0
2026-09-09T19:09:15Z,2027-06-25,289,90000.0,P,0.2105,0.2135,0.2118,81381.53,78367.99,0.4125,-0.53628,1e-05,287.46713,50.5,0.0
2026-09-09T19:09:15Z,2027-06-25,289,92000.0,C,0.0975,0.0995,0.0984,81381.64,78367.99,0.4128,0.44015,1e-05,285.40768,15.7,0.0
2026-09-09T19:09:15Z,2027-06-25,289,92000.0,P,0.227,0.231,0.2288,81381.53,78367.99,0.4128,-0.55985,1e-05,285.40713,0.2,0.0
2026-09-09T19:09:15Z,2027-06-25,289,94000.0,C,0.0905,0.092,0.0914,81381.53,78367.99,0.41340000000000005,0.41745,1e-05,282.4587,20.8,3.1
2026-09-09T19:09:15Z,2027-06-25,289,94000.0,P,0.2445,0.249,0.2464,81381.53,78367.99,0.41340000000000005,-0.58255,1e-05,282.4587,0.1,0.0
2026-09-09T19:09:15Z,2027-06-25,289,95000.0,C,0.087,0.089,0.088,81381.64,78367.99,0.41350000000000003,0.40632,1e-05,280.66586,56.9,0.0
2026-09-09T19:09:15Z,2027-06-25,289,95000.0,P,0.2535,0.258,0.2553,81381.64,78367.99,0.41350000000000003,-0.59368,1e-05,280.66586,20.2,0.0
2026-09-09T19:09:15Z,2027-06-25,289,96000.0,C,0.084,0.086,0.0849,81381.53,78367.99,0.41409999999999997,0.39565,1e-05,278.72862,32.2,0.0
2026-09-09T19:09:15Z,2027-06-25,289,96000.0,P,0.2625,0.267,0.2645,81381.64,78367.99,0.41409999999999997,-0.60435,1e-05,278.72927,0.0,0.0
2026-09-09T19:09:15Z,2027-06-25,289,98000.0,C,0.078,0.08,0.0789,81381.64,78367.99,0.415,0.37481,1e-05,274.32878,62.9,0.9
2026-09-09T19:09:15Z,2027-06-25,289,98000.0,P,0.281,0.286,0.2831,81381.53,78367.99,0.415,-0.62519,1e-05,274.32809,0.1,0.0
2026-09-09T19:09:15Z,2027-06-25,289,100000.0,C,0.0725,0.074,0.0734,81381.53,78367.99,0.4157,0.35474,1e-05,269.30895,206.0,2.0
2026-09-09T19:09:15Z,2027-06-25,289,100000.0,P,0.3,0.305,0.3021,81381.64,78367.99,0.4157,-0.64525,1e-05,269.30968,1.5,0.1
2026-09-09T19:09:15Z,2027-06-25,289,102000.0,C,0.0675,0.069,0.0682,81381.64,78367.99,0.4167,0.33568,1e-05,263.81541,31.3,5.0
2026-09-09T19:09:15Z,2027-06-25,289,102000.0,P,0.319,0.325,0.3216,81381.64,78367.99,0.4167,-0.66432,1e-05,263.81541,0.0,0.0
2026-09-09T19:09:15Z,2027-06-25,289,104000.0,C,0.0625,0.0645,0.0636,81381.53,78367.99,0.4179,0.31765,1e-05,257.95322,26.5,18.4
2026-09-09T19:09:15Z,2027-06-25,289,104000.0,P,0.339,0.345,0.3415,81381.53,78367.99,0.4179,-0.68235,1e-05,257.95322,0.0,0.0
2026-09-09T19:09:15Z,2027-06-25,289,105000.0,C,0.0605,0.062,0.0613,81381.53,78367.99,0.4182,0.30878,1e-05,254.8298,157.0,4.5
2026-09-09T19:09:15Z,2027-06-25,289,105000.0,P,0.349,0.355,0.3515,81381.53,78367.99,0.4182,-0.69122,1e-05,254.8298,0.1,0.0
2026-09-09T19:09:15Z,2027-06-25,289,106000.0,C,0.0585,0.06,0.0592,81381.64,78367.99,0.419,0.30043,1e-05,251.74323,9.2,9.2
2026-09-09T19:09:15Z,2027-06-25,289,106000.0,P,0.359,0.3645,0.3617,81381.64,78367.99,0.419,-0.69957,1e-05,251.74323,0.0,0.0
2026-09-09T19:09:15Z,2027-06-25,289,108000.0,C,0.0545,0.056,0.0552,81381.53,78367.99,0.4203,0.28417,1e-05,245.30772,12.7,0.0
2026-09-09T19:09:15Z,2027-06-25,289,108000.0,P,0.3795,0.386,0.3823,81381.53,78367.99,0.4203,-0.71583,1e-05,245.30772,0.2,0.2
2026-09-09T19:09:15Z,2027-06-25,289,110000.0,C,0.0505,0.0525,0.0515,81381.64,78367.99,0.4217,0.26891,1e-05,238.76107,269.6,1.0
2026-09-09T19:09:15Z,2027-06-25,289,110000.0,P,0.4,0.407,0.4032,81381.53,78367.99,0.4217,-0.73109,1e-05,238.76022,4.3,0.0
2026-09-09T19:09:15Z,2027-06-25,289,115000.0,C,0.0425,0.0445,0.0436,81381.64,78367.99,0.4257,0.23443,1e-05,222.05384,38.2,0.0
2026-09-09T19:09:15Z,2027-06-25,289,115000.0,P,0.453,0.461,0.4567,81381.53,78367.99,0.4257,-0.76557,1e-05,222.05297,0.0,0.0
2026-09-09T19:09:15Z,2027-06-25,289,120000.0,C,0.0365,0.038,0.0372,81381.64,78367.99,0.4303,0.20506,1e-05,205.61963,331.6,38.8
2026-09-09T19:09:15Z,2027-06-25,289,120000.0,P,0.508,0.5165,0.5117,81381.53,78367.99,0.4303,-0.79494,1e-05,205.61876,0.9,0.0
2026-09-09T19:09:15Z,2027-06-25,289,125000.0,C,0.031,0.0325,0.0319,81381.68,78367.99,0.4349,0.17972,1e-05,189.68105,115.6,0.0
2026-09-09T19:09:15Z,2027-06-25,289,125000.0,P,0.564,0.573,0.5678,81381.03,78367.99,0.4349,-0.82028,1e-05,189.67594,0.0,0.0
2026-09-09T19:09:15Z,2027-06-25,289,130000.0,C,0.027,0.0285,0.0277,81381.68,78367.99,0.4407,0.15881,1e-05,175.19752,771.2,9.3
2026-09-09T19:09:15Z,2027-06-25,289,130000.0,P,0.621,0.6305,0.6251,81381.68,78367.99,0.4407,-0.84119,1e-05,175.19752,3.9,0.0
2026-09-09T19:09:15Z,2027-06-25,289,140000.0,C,0.0205,0.022,0.0212,81379.68,78367.99,0.45159999999999995,0.125,1e-05,148.94354,387.7,0.0
2026-09-09T19:09:15Z,2027-06-25,289,140000.0,P,0.737,0.747,0.7415,81381.03,78367.99,0.45159999999999995,-0.87499,1e-05,148.95237,3.4,0.0
2026-09-09T19:09:15Z,2027-06-25,289,150000.0,C,0.016,0.0175,0.0167,81381.03,78367.99,0.4631,0.10043,1e-05,127.38458,217.7,0.0
2026-09-09T19:09:15Z,2027-06-25,289,150000.0,P,0.855,0.866,0.8599,81381.68,78367.99,0.4631,-0.89956,1e-05,127.38876,1.1,0.0
2026-09-09T19:09:15Z,2027-06-25,289,160000.0,C,0.013,0.0145,0.0137,81381.03,78367.99,0.4764,0.08311,0.0,110.71127,553.4,0.1
2026-09-09T19:09:15Z,2027-06-25,289,160000.0,P,0.9745,0.986,0.9797,81381.03,78367.99,0.4764,-0.91689,0.0,110.71127,0.2,0.0
2026-09-09T19:09:15Z,2027-06-25,289,170000.0,C,0.0105,0.012,0.0112,81381.03,78367.99,0.4869,0.06877,0.0,95.83117,161.9,70.0
2026-09-09T19:09:15Z,2027-06-25,289,170000.0,P,1.0805,1.113,1.1001,81381.03,78367.99,0.4869,-0.93123,0.0,95.83117,14.7,0.0
2026-09-09T19:09:15Z,2027-06-25,289,180000.0,C,0.009,0.01,0.0095,81381.68,78367.99,0.4991,0.05854,0.0,84.54674,47.1,0.0
2026-09-09T19:09:15Z,2027-06-25,289,180000.0,P,1.2015,1.2385,1.2213,81381.03,78367.99,0.4991,-0.94146,0.0,84.54368,0.0,0.0
2026-09-09T19:09:15Z,2027-06-25,289,190000.0,C,0.0075,0.009,0.0081,81381.68,78367.99,0.5103,0.05032,0.0,75.01004,48.9,0.0
2026-09-09T19:09:15Z,2027-06-25,289,190000.0,P,1.3215,1.3605,1.3428,81381.03,78367.99,0.5103,-0.94968,0.0,75.00728,0.6,0.0
2026-09-09T19:09:15Z,2027-06-25,289,200000.0,C,0.0065,0.0075,0.007,81381.03,78367.99,0.5207,0.04358,0.0,66.83539,27.7,0.0
2026-09-09T19:09:15Z,2027-06-25,289,200000.0,P,1.441,1.485,1.4646,81381.68,78367.99,0.5207,-0.95642,0.0,66.8379,2.1,0.0
