snapshot_ts,expiry,days_to_expiry,strike,option_type,bid,ask,mark_price,forward_price,index_price,implied_vol,delta,gamma,vega,open_interest,volume_24h
2026-09-20T18:34:12Z,2026-09-21,1,68000.0,C,0.1615,0.1645,0.1629,81235.8,81236.53,0.6159,1.0,0.0,0.0,0.0,0.0
2026-09-20T18:34:12Z,2026-09-21,1,68000.0,P,0.0,0.0001,0.0,81235.8,81236.53,0.6159,0.0,0.0,0.0,0.5,0.0
2026-09-20T18:34:12Z,2026-09-21,1,69000.0,C,0.149,0.1525,0.1506,81236.5,81236.53,0.6157,1.0,0.0,0.0,0.0,0.0
2026-09-20T18:34:12Z,2026-09-21,1,69000.0,P,0.0,0.0001,0.0,81235.8,81236.53,0.6157,0.0,0.0,0.0,0.0,0.0
2026-09-20T18:34:12Z,2026-09-21,1,70000.0,C,0.1365,0.14,0.1383,81235.8,81236.53,0.6157,1.0,0.0,0.0,0.0,0.0
2026-09-20T18:34:12Z,2026-09-21,1,70000.0,P,0.0,0.0001,0.0,81235.8,81236.53,0.6157,0.0,0.0,0.0,22.1,0.0
2026-09-20T18:34:12Z,2026-09-21,1,71000.0,C,0.1245,0.128,0.126,81236.5,81236.53,0.6157,1.0,0.0,0.0,0.0,0.0
2026-09-20T18:34:12Z,2026-09-21,1,71000.0,P,0.0,0.0001,0.0,81235.8,81236.53,0.6157,0.0,0.0,0.0,62.0,0.0
2026-09-20T18:34:12Z,2026-09-21,1,72000.0,C,0.112,0.1155,0.1137,81235.8,81236.53,0.6157,1.0,0.0,4e-05,0.0,0.0
2026-09-20T18:34:12Z,2026-09-21,1,72000.0,P,0.0,0.0001,0.0,81235.8,81236.53,0.6157,0.0,0.0,4e-05,28.7,0.0
2026-09-20T18:34:12Z,2026-09-21,1,73000.0,C,0.1,0.1035,0.1014,81235.8,81236.53,0.6156,1.0,0.0,0.00065,0.0,0.0
2026-09-20T18:34:12Z,2026-09-21,1,73000.0,P,0.0,0.0001,0.0,81236.5,81236.53,0.6156,0.0,0.0,0.00065,23.2,0.0
2026-09-20T18:34:12Z,2026-09-21,1,73500.0,C,0.094,0.0965,0.0952,81236.5,81236.53,0.6156,0.99998,0.0,0.00219,8.8,0.0
2026-09-20T18:34:12Z,2026-09-21,1,73500.0,P,0.0,0.0001,0.0,81235.8,81236.53,0.6156,-2e-05,0.0,0.00219,31.0,0.0
2026-09-20T18:34:12Z,2026-09-21,1,74000.0,C,0.0875,0.091,0.0891,81236.5,81236.53,0.6156,0.99995,0.0,0.00677,0.0,0.0
2026-09-20T18:34:12Z,2026-09-21,1,74000.0,P,0.0,0.0001,0.0,81235.8,81236.53,0.6156,-5e-05,0.0,0.00678,39.5,15.0
2026-09-20T18:34:12Z,2026-09-21,1,74500.0,C,0.081,0.085,0.0829,81234.19,81236.53,0.6156,0.99984,0.0,0.01935,0.0,0.0
2026-09-20T18:34:12Z,2026-09-21,1,74500.0,P,0.0,0.0001,0.0,81234.19,81236.53,0.6156,-0.00016,0.0,0.01935,5.5,0.0
2026-09-20T18:34:12Z,2026-09-21,1,75000.0,C,0.0755,0.079,0.0768,81234.19,81236.53,0.6154999999999999,0.99956,0.0,0.05049,0.0,0.0
2026-09-20T18:34:12Z,2026-09-21,1,75000.0,P,0.0,0.0001,0.0,81235.74,81236.53,0.6154999999999999,-0.00044,0.0,0.05035,15.8,2.5
2026-09-20T18:34:12Z,2026-09-21,1,75500.0,C,0.0685,0.073,0.0706,81234.19,81236.53,0.6154999999999999,0.99885,0.0,0.12148,0.0,0.0
2026-09-20T18:34:12Z,2026-09-21,1,75500.0,P,0.0,0.0001,0.0,81234.19,81236.53,0.6154999999999999,-0.00115,0.0,0.12148,20.9,1.1
2026-09-20T18:34:12Z,2026-09-21,1,76000.0,C,0.063,0.067,0.0645,81234.19,81236.53,0.6154999999999999,0.99724,0.0,0.26969,3.6,0.0
2026-09-20T18:34:12Z,2026-09-21,1,76000.0,P,0.0,0.0001,0.0,81235.74,81236.53,0.6154999999999999,-0.00275,0.0,0.2691,36.9,3.1
2026-09-20T18:34:12Z,2026-09-21,1,76500.0,C,0.057,0.061,0.0583,81235.74,81236.53,0.6154999999999999,0.99386,1e-05,0.55191,4.7,0.0
2026-09-20T18:34:12Z,2026-09-21,1,76500.0,P,0.0,0.0001,0.0,81235.74,81236.53,0.6154999999999999,-0.00614,1e-05,0.55191,27.3,4.8
2026-09-20T18:34:12Z,2026-09-21,1,77000.0,C,0.051,0.054,0.0522,81234.19,81236.53,0.6077,0.98813,2e-05,0.98399,13.0,0.0
2026-09-20T18:34:12Z,2026-09-21,1,77000.0,P,0.0,0.0002,0.0001,81234.19,81236.53,0.6077,-0.01187,2e-05,0.98399,13.4,8.3
2026-09-20T18:34:12Z,2026-09-21,1,77500.0,C,0.0445,0.0475,0.0461,81234.19,81236.53,0.5586,0.9847,2e-05,1.22554,18.2,0.0
2026-09-20T18:34:12Z,2026-09-21,1,77500.0,P,0.0,0.0002,0.0001,81235.74,81236.53,0.5586,-0.01527,2e-05,1.22326,40.6,1.2
2026-09-20T18:34:12Z,2026-09-21,1,78000.0,C,0.0385,0.0415,0.04,81235.74,81236.53,0.5122,0.97915,3e-05,1.59552,32.5,0.0
2026-09-20T18:34:12Z,2026-09-21,1,78000.0,P,0.0001,0.0002,0.0002,81234.19,81236.53,0.5122,-0.0209,3e-05,1.59859,72.5,65.3
2026-09-20T18:34:12Z,2026-09-21,1,78500.0,C,0.0325,0.0355,0.0339,81235.74,81236.53,0.4593,0.97217,4e-05,2.03341,5.7,0.0
2026-09-20T18:34:12Z,2026-09-21,1,78500.0,P,0.0001,0.0003,0.0002,81234.19,81236.53,0.4593,-0.0279,4e-05,2.0375,128.0,148.2
2026-09-20T18:34:12Z,2026-09-21,1,79000.0,C,0.0265,0.0295,0.0278,81235.74,81236.53,0.41600000000000004,0.95741,7e-05,2.88429,24.6,0.2
2026-09-20T18:34:12Z,2026-09-21,1,79000.0,P,0.0002,0.0004,0.0003,81232.75,81236.53,0.41600000000000004,-0.0428,7e-05,2.89547,125.9,141.1
2026-09-20T18:34:12Z,2026-09-21,1,79500.0,C,0.02,0.0235,0.0217,81232.75,81236.53,0.3607,0.93743,0.00011,3.91571,25.6,3.5
2026-09-20T18:34:12Z,2026-09-21,1,79500.0,P,0.0003,0.0005,0.0004,81232.75,81236.53,0.3607,-0.06257,0.00011,3.91571,263.7,176.6
2026-09-20T18:34:12Z,2026-09-21,1,80000.0,C,0.0145,0.018,0.0158,81234.19,81236.53,0.31579999999999997,0.89326,0.00018,5.85365,29.5,10.1
2026-09-20T18:34:12Z,2026-09-21,1,80000.0,P,0.0005,0.0008,0.0006,81234.19,81236.53,0.31579999999999997,-0.10674,0.00018,5.85365,158.5,64.8
2026-09-20T18:34:12Z,2026-09-21,1,80500.0,C,0.0085,0.0125,0.0104,81232.75,81236.53,0.2916,0.7879,0.00031,9.22146,36.1,7.6
2026-09-20T18:34:12Z,2026-09-21,1,80500.0,P,0.0014,0.0016,0.0014,81232.75,81236.53,0.2916,-0.2121,0.00031,9.22146,210.5,87.2
2026-09-20T18:34:12Z,2026-09-21,1,81000.0,C,0.0055,0.0065,0.006,81234.19,81236.53,0.2799,0.606,0.00043,12.24017,145.3,47.4
2026-09-20T18:34:12Z,2026-09-21,1,81000.0,P,0.0028,0.0034,0.0031,81232.75,81236.53,0.2799,-0.39463,0.00043,12.24526,12.2,3.1
2026-09-20T18:34:12Z,2026-09-21,1,81500.0,C,0.0029,0.0034,0.0031,81232.75,81236.53,0.2917,0.38905,0.00041,12.19657,91.7,57.2
2026-09-20T18:34:12Z,2026-09-21,1,81500.0,P,0.0055,0.007,0.0064,81232.75,81236.53,0.2917,-0.61095,0.00041,12.19657,6.2,4.6
2026-09-20T18:34:12Z,2026-09-21,1,82000.0,C,0.0014,0.0016,0.0015,81232.75,81236.53,0.3071,0.21896,0.0003,9.39322,330.4,97.2
2026-09-20T18:34:12Z,2026-09-21,1,82000.0,P,0.0095,0.0115,0.0109,81232.75,81236.53,0.3071,-0.78104,0.0003,9.39322,82.0,2.1
2026-09-20T18:34:12Z,2026-09-21,1,82500.0,C,0.0007,0.001,0.0008,81232.75,81236.53,0.34369999999999995,0.12647,0.00019,6.60182,128.3,33.9
2026-09-20T18:34:12Z,2026-09-21,1,82500.0,P,0.014,0.0185,0.0164,81232.75,81236.53,0.34369999999999995,-0.87353,0.00019,6.60182,0.0,0.0
2026-09-20T18:34:12Z,2026-09-21,1,83000.0,C,0.0004,0.0006,0.0005,81232.75,81236.53,0.3797,0.07495,0.00012,4.50079,537.1,78.8
2026-09-20T18:34:12Z,2026-09-21,1,83000.0,P,0.02,0.024,0.0223,81232.76,81236.53,0.3797,-0.92505,0.00012,4.50084,0.1,0.0
2026-09-20T18:34:12Z,2026-09-21,1,83500.0,C,0.0002,0.0004,0.0003,81232.75,81236.53,0.408,0.04317,7e-05,2.91617,46.0,12.8
2026-09-20T18:34:12Z,2026-09-21,1,83500.0,P,0.0255,0.0305,0.0282,81232.75,81236.53,0.408,-0.95683,7e-05,2.91617,0.0,0.0
2026-09-20T18:34:12Z,2026-09-21,1,84000.0,C,0.0001,0.0002,0.0002,81232.76,81236.53,0.4395,0.02633,4e-05,1.94175,78.8,8.8
2026-09-20T18:34:12Z,2026-09-21,1,84000.0,P,0.0315,0.0365,0.0342,81232.76,81236.53,0.4395,-0.97367,4e-05,1.94175,0.0,0.0
2026-09-20T18:34:12Z,2026-09-21,1,85000.0,C,0.0,0.0001,0.0001,81232.76,81236.53,0.5007,0.01066,2e-05,0.89605,62.7,33.4
2026-09-20T18:34:12Z,2026-09-21,1,85000.0,P,0.0435,0.0485,0.0464,81232.75,81236.53,0.5007,-0.98935,2e-05,0.89603,0.0,0.0
2026-09-20T18:34:12Z,2026-09-21,1,86000.0,C,0.0,0.0001,0.0,81232.76,81236.53,0.5025999999999999,0.00194,0.0,0.19608,63.4,32.1
2026-09-20T18:34:12Z,2026-09-21,1,86000.0,P,0.056,0.061,0.0587,81232.76,81236.53,0.5025999999999999,-0.99806,0.0,0.19608,0.0,0.0
2026-09-20T18:34:12Z,2026-09-21,1,87000.0,C,0.0,0.0001,0.0,81232.76,81236.53,0.5038,0.00026,0.0,0.03116,0.4,0.0
2026-09-20T18:34:12Z,2026-09-21,1,87000.0,P,0.069,0.073,0.071,81232.75,81236.53,0.5038,-0.99974,0.0,0.03116,0.0,0.0
2026-09-20T18:34:12Z,2026-09-21,1,88000.0,C,0.0,0.0001,0.0,81232.76,81236.53,0.5038,3e-05,0.0,0.00354,0.7,0.0
2026-09-20T18:34:12Z,2026-09-21,1,88000.0,P,0.0805,0.085,0.0833,81232.76,81236.53,0.5038,-0.99997,0.0,0.00354,0.0,0.0
2026-09-20T18:34:12Z,2026-09-21,1,89000.0,C,0.0,0.0001,0.0,81232.75,81236.53,0.5159,0.0,0.0,0.00049,1.9,0.0
2026-09-20T18:34:12Z,2026-09-21,1,89000.0,P,0.093,0.098,0.0956,81232.75,81236.53,0.5159,-1.0,0.0,0.00049,0.0,0.0
2026-09-20T18:34:12Z,2026-09-22,2,69000.0,C,0.149,0.153,0.1508,81247.32,81236.53,0.7105,0.9998,0.0,0.04008,0.0,0.0
2026-09-20T18:34:12Z,2026-09-22,2,69000.0,P,0.0,0.0001,0.0,81247.32,81236.53,0.7105,-0.0002,0.0,0.04008,3.0,3.0
2026-09-20T18:34:12Z,2026-09-22,2,70000.0,C,0.137,0.1405,0.1385,81247.3,81236.53,0.7105,0.99938,0.0,0.11444,0.0,0.0
2026-09-20T18:34:12Z,2026-09-22,2,70000.0,P,0.0,0.0001,0.0,81247.32,81236.53,0.7105,-0.00062,0.0,0.11444,0.0,0.0
2026-09-20T18:34:12Z,2026-09-22,2,71000.0,C,0.1245,0.1285,0.1262,81247.32,81236.53,0.7082999999999999,0.99833,0.0,0.28568,0.0,0.0
2026-09-20T18:34:12Z,2026-09-22,2,71000.0,P,0.0,0.0002,0.0,81247.3,81236.53,0.7082999999999999,-0.00167,0.0,0.28569,25.3,0.1
2026-09-20T18:34:12Z,2026-09-22,2,72000.0,C,0.112,0.116,0.1139,81247.32,81236.53,0.7056,0.99589,0.0,0.64493,0.0,0.0
2026-09-20T18:34:12Z,2026-09-22,2,72000.0,P,0.0,0.0002,0.0001,81247.32,81236.53,0.7056,-0.00411,0.0,0.64493,60.7,0.0
2026-09-20T18:34:12Z,2026-09-22,2,73000.0,C,0.1,0.104,0.1017,81247.3,81236.53,0.7056,0.99046,1e-05,1.35901,0.0,0.0
2026-09-20T18:34:12Z,2026-09-22,2,73000.0,P,0.0001,0.0003,0.0002,81247.3,81236.53,0.7056,-0.00954,1e-05,1.35901,93.4,0.0
2026-09-20T18:34:12Z,2026-09-22,2,74000.0,C,0.088,0.092,0.0894,81247.32,81236.53,0.655,0.98622,1e-05,1.8694,0.0,0.0
2026-09-20T18:34:12Z,2026-09-22,2,74000.0,P,0.0001,0.0004,0.0002,81247.32,81236.53,0.655,-0.01378,1e-05,1.8694,7.7,0.0
2026-09-20T18:34:12Z,2026-09-22,2,75000.0,C,0.0755,0.0795,0.0772,81247.32,81236.53,0.6117,0.97835,2e-05,2.74997,0.0,0.0
2026-09-20T18:34:12Z,2026-09-22,2,75000.0,P,0.0002,0.0005,0.0003,81247.32,81236.53,0.6117,-0.02165,2e-05,2.74997,4.2,0.4
2026-09-20T18:34:12Z,2026-09-22,2,75500.0,C,0.0695,0.0735,0.0711,81247.32,81236.53,0.5803,0.9746,2e-05,3.14576,0.0,0.0
2026-09-20T18:34:12Z,2026-09-22,2,75500.0,P,0.0003,0.0005,0.0004,81248.04,81236.53,0.5803,-0.02539,2e-05,3.14436,1.1,1.0
2026-09-20T18:34:12Z,2026-09-22,2,76000.0,C,0.0635,0.0675,0.065,81248.04,81236.53,0.5504,0.96953,2e-05,3.66052,0.0,0.0
2026-09-20T18:34:12Z,2026-09-22,2,76000.0,P,0.0003,0.0006,0.0004,81248.04,81236.53,0.5504,-0.03047,2e-05,3.66052,2.6,1.1
2026-09-20T18:34:12Z,2026-09-22,2,76500.0,C,0.057,0.0615,0.0589,81247.32,81236.53,0.5162,0.96417,3e-05,4.18366,0.0,0.0
2026-09-20T18:34:12Z,2026-09-22,2,76500.0,P,0.0004,0.0006,0.0005,81247.32,81236.53,0.5162,-0.03583,3e-05,4.18366,15.1,4.8
2026-09-20T18:34:12Z,2026-09-22,2,77000.0,C,0.051,0.055,0.0529,81247.32,81236.53,0.4867,0.95577,4e-05,4.96461,0.0,0.0
2026-09-20T18:34:12Z,2026-09-22,2,77000.0,P,0.0005,0.0007,0.0006,81248.04,81236.53,0.4867,-0.0442,4e-05,4.9623,7.5,1.2
2026-09-20T18:34:12Z,2026-09-22,2,77500.0,C,0.0445,0.0495,0.0469,81247.32,81236.53,0.4631,0.94237,5e-05,6.1302,0.0,0.0
2026-09-20T18:34:12Z,2026-09-22,2,77500.0,P,0.0007,0.0008,0.0008,81247.32,81236.53,0.4631,-0.05763,5e-05,6.1302,14.9,20.3
2026-09-20T18:34:12Z,2026-09-22,2,78000.0,C,0.0395,0.0425,0.0409,81248.04,81236.53,0.4346,0.9265,6e-05,7.40327,48.7,0.0
2026-09-20T18:34:12Z,2026-09-22,2,78000.0,P,0.0009,0.0011,0.0009,81247.32,81236.53,0.4346,-0.07355,6e-05,7.40655,21.3,4.0
2026-09-20T18:34:12Z,2026-09-22,2,78500.0,C,0.0335,0.0365,0.035,81247.32,81236.53,0.4064,0.90459,8e-05,9.00554,9.6,0.0
2026-09-20T18:34:12Z,2026-09-22,2,78500.0,P,0.0011,0.0013,0.0012,81247.32,81236.53,0.4064,-0.09541,8e-05,9.00554,42.2,34.1
2026-09-20T18:34:12Z,2026-09-22,2,79000.0,C,0.0275,0.0315,0.0292,81247.32,81236.53,0.3787,0.87397,0.0001,10.99602,4.2,0.0
2026-09-20T18:34:12Z,2026-09-22,2,79000.0,P,0.0014,0.0017,0.0016,81247.98,81236.53,0.3787,-0.12596,0.0001,10.99185,156.4,151.6
2026-09-20T18:34:12Z,2026-09-22,2,79500.0,C,0.022,0.025,0.0236,81248.1,81236.53,0.35200000000000004,0.83068,0.00014,13.40573,21.5,0.0
2026-09-20T18:34:12Z,2026-09-22,2,79500.0,P,0.0019,0.0022,0.0021,81247.98,81236.53,0.35200000000000004,-0.16934,0.00014,13.40653,16.2,12.1
2026-09-20T18:34:12Z,2026-09-22,2,80000.0,C,0.0175,0.0195,0.0184,81247.98,81236.53,0.33240000000000003,0.76521,0.00017,16.31335,41.3,5.5
2026-09-20T18:34:12Z,2026-09-22,2,80000.0,P,0.0028,0.0032,0.003,81248.1,81236.53,0.33240000000000003,-0.23477,0.00017,16.31257,52.1,11.8
2026-09-20T18:34:12Z,2026-09-22,2,80500.0,C,0.013,0.015,0.0137,81247.98,81236.53,0.32030000000000003,0.67442,0.00021,19.12963,31.9,1.0
2026-09-20T18:34:12Z,2026-09-22,2,80500.0,P,0.0043,0.0047,0.0045,81248.1,81236.53,0.32030000000000003,-0.32556,0.00021,19.12905,3.3,1.3
2026-09-20T18:34:12Z,2026-09-22,2,81000.0,C,0.0095,0.0105,0.0098,81248.1,81236.53,0.315,0.5631,0.00024,20.92296,27.1,12.8
2026-09-20T18:34:12Z,2026-09-22,2,81000.0,P,0.0065,0.007,0.0068,81247.98,81236.53,0.315,-0.43693,0.00024,20.92316,34.6,0.9
2026-09-20T18:34:12Z,2026-09-22,2,81500.0,C,0.0065,0.0075,0.0069,81248.1,81236.53,0.31989999999999996,0.44529,0.00023,20.98894,34.5,3.4
2026-09-20T18:34:12Z,2026-09-22,2,81500.0,P,0.0095,0.0105,0.01,81247.98,81236.53,0.31989999999999996,-0.55474,0.00023,20.9887,1.5,0.6
2026-09-20T18:34:12Z,2026-09-22,2,82000.0,C,0.0045,0.0049,0.0046,81248.1,81236.53,0.3237,0.33552,0.00021,19.36113,175.0,4.9
2026-09-20T18:34:12Z,2026-09-22,2,82000.0,P,0.013,0.0145,0.0139,81248.1,81236.53,0.3237,-0.66448,0.00021,19.36113,30.0,0.0
2026-09-20T18:34:12Z,2026-09-22,2,82500.0,C,0.003,0.0033,0.0031,81248.1,81236.53,0.33340000000000003,0.2449,0.00018,16.69287,164.1,9.0
2026-09-20T18:34:12Z,2026-09-22,2,82500.0,P,0.0165,0.021,0.0185,81248.1,81236.53,0.33340000000000003,-0.7551,0.00018,16.69287,0.0,0.0
2026-09-20T18:34:12Z,2026-09-22,2,83000.0,C,0.002,0.0024,0.0021,81247.98,81236.53,0.34729999999999994,0.17663,0.00014,13.77166,248.8,67.1
2026-09-20T18:34:12Z,2026-09-22,2,83000.0,P,0.021,0.0255,0.0237,81248.1,81236.53,0.34729999999999994,-0.82335,0.00014,13.77251,0.0,0.0
2026-09-20T18:34:12Z,2026-09-22,2,83500.0,C,0.0013,0.0016,0.0015,81247.98,81236.53,0.36090000000000005,0.12566,0.00011,10.97319,25.7,7.0
2026-09-20T18:34:12Z,2026-09-22,2,83500.0,P,0.0265,0.031,0.0292,81247.98,81236.53,0.36090000000000005,-0.87434,0.00011,10.97319,0.0,0.0
2026-09-20T18:34:12Z,2026-09-22,2,84000.0,C,0.0009,0.0011,0.001,81247.98,81236.53,0.37579999999999997,0.0895,8e-05,8.58941,19.9,7.5
2026-09-20T18:34:12Z,2026-09-22,2,84000.0,P,0.032,0.037,0.0349,81248.1,81236.53,0.37579999999999997,-0.91049,8e-05,8.59012,0.0,0.0
2026-09-20T18:34:12Z,2026-09-22,2,85000.0,C,0.0004,0.0007,0.0005,81248.1,81236.53,0.40979999999999994,0.0473,5e-05,5.24,58.9,39.9
2026-09-20T18:34:12Z,2026-09-22,2,85000.0,P,0.0445,0.049,0.0467,81247.98,81236.53,0.40979999999999994,-0.9527,5e-05,5.23951,0.1,0.0
2026-09-20T18:34:12Z,2026-09-22,2,86000.0,C,0.0002,0.0004,0.0003,81247.98,81236.53,0.44329999999999997,0.02578,3e-05,3.18466,68.2,31.9
2026-09-20T18:34:12Z,2026-09-22,2,86000.0,P,0.056,0.0605,0.0588,81247.98,81236.53,0.44329999999999997,-0.97422,3e-05,3.18466,0.0,0.0
2026-09-20T18:34:12Z,2026-09-22,2,87000.0,C,0.0001,0.0002,0.0002,81248.1,81236.53,0.47450000000000003,0.01428,1e-05,1.92782,5.3,5.7
2026-09-20T18:34:12Z,2026-09-22,2,87000.0,P,0.068,0.0725,0.071,81247.98,81236.53,0.47450000000000003,-0.98572,1e-05,1.92762,0.0,0.0
2026-09-20T18:34:12Z,2026-09-22,2,88000.0,C,0.0,0.0002,0.0001,81248.1,81236.53,0.5184000000000001,0.00967,1e-05,1.37526,2.3,1.9
2026-09-20T18:34:12Z,2026-09-22,2,88000.0,P,0.0805,0.0855,0.0832,81248.1,81236.53,0.5184000000000001,-0.99033,1e-05,1.37526,0.0,0.0
2026-09-20T18:34:12Z,2026-09-22,2,89000.0,C,0.0,0.0001,0.0001,81247.98,81236.53,0.5650999999999999,0.00717,1e-05,1.05774,2.7,1.0
2026-09-20T18:34:12Z,2026-09-22,2,89000.0,P,0.0925,0.097,0.0955,81247.98,81236.53,0.5650999999999999,-0.99283,1e-05,1.05774,0.0,0.0
2026-09-20T18:34:12Z,2026-09-22,2,90000.0,C,0.0,0.0001,0.0001,81247.98,81236.53,0.6103000000000001,0.00547,0.0,0.83234,12.0,8.8
2026-09-20T18:34:12Z,2026-09-22,2,90000.0,P,0.105,0.1095,0.1078,81247.98,81236.53,0.6103000000000001,-0.99453,0.0,0.83234,0.0,0.0
2026-09-20T18:34:12Z,2026-09-23,3,72000.0,C,0.1125,0.1165,0.1143,81262.36,81236.53,0.6672,0.98588,1e-05,2.44647,0.0,0.0
2026-09-20T18:34:12Z,2026-09-23,3,72000.0,P,0.0002,0.0004,0.0003,81262.36,81236.53,0.6672,-0.01412,1e-05,2.44647,0.9,0.6
2026-09-20T18:34:12Z,2026-09-23,3,73000.0,C,0.1,0.1045,0.102,81262.36,81236.53,0.6187,0.98193,1e-05,3.02301,0.0,0.0
2026-09-20T18:34:12Z,2026-09-23,3,73000.0,P,0.0003,0.0004,0.0003,81262.36,81236.53,0.6187,-0.01807,1e-05,3.02301,5.5,1.5
2026-09-20T18:34:12Z,2026-09-23,3,74000.0,C,0.088,0.0925,0.0898,81262.36,81236.53,0.5625,0.97783,1e-05,3.59531,0.0,0.0
2026-09-20T18:34:12Z,2026-09-23,3,74000.0,P,0.0003,0.0005,0.0004,81262.36,81236.53,0.5625,-0.02217,1e-05,3.59531,1.1,1.0
2026-09-20T18:34:12Z,2026-09-23,3,75000.0,C,0.076,0.08,0.0775,81262.36,81236.53,0.5111,0.97096,2e-05,4.50768,0.0,0.0
2026-09-20T18:34:12Z,2026-09-23,3,75000.0,P,0.0004,0.0006,0.0005,81262.36,81236.53,0.5111,-0.02904,2e-05,4.50768,3.6,0.2
2026-09-20T18:34:12Z,2026-09-23,3,76000.0,C,0.0635,0.068,0.0654,81262.36,81236.53,0.4635,0.95944,3e-05,5.9307,0.0,0.0
2026-09-20T18:34:12Z,2026-09-23,3,76000.0,P,0.0006,0.0008,0.0006,81262.36,81236.53,0.4635,-0.04056,3e-05,5.9307,5.1,0.0
2026-09-20T18:34:12Z,2026-09-23,3,77000.0,C,0.052,0.056,0.0533,81262.23,81236.53,0.41450000000000004,0.94172,4e-05,7.92417,0.0,0.0
2026-09-20T18:34:12Z,2026-09-23,3,77000.0,P,0.0008,0.001,0.0009,81262.36,81236.53,0.41450000000000004,-0.05828,4e-05,7.92361,3.0,3.0
2026-09-20T18:34:12Z,2026-09-23,3,77500.0,C,0.0455,0.0505,0.0474,81262.36,81236.53,0.3937,0.92709,5e-05,9.42749,0.0,0.0
2026-09-20T18:34:12Z,2026-09-23,3,77500.0,P,0.001,0.0012,0.0011,81262.36,81236.53,0.3937,-0.07292,5e-05,9.42799,1.5,1.5
2026-09-20T18:34:12Z,2026-09-23,3,78000.0,C,0.04,0.044,0.0415,81262.36,81236.53,0.3739,0.90727,7e-05,11.29889,0.0,0.0
2026-09-20T18:34:12Z,2026-09-23,3,78000.0,P,0.0013,0.0015,0.0014,81262.36,81236.53,0.3739,-0.09273,7e-05,11.29889,6.0,5.9
2026-09-20T18:34:12Z,2026-09-23,3,78500.0,C,0.0335,0.038,0.0358,81262.5,81236.53,0.35869999999999996,0.87829,8e-05,13.7491,0.0,0.0
2026-09-20T18:34:12Z,2026-09-23,3,78500.0,P,0.0017,0.002,0.0018,81262.37,81236.53,0.35869999999999996,-0.12172,8e-05,13.74994,9.9,8.3
2026-09-20T18:34:12Z,2026-09-23,3,79000.0,C,0.028,0.0325,0.0303,81262.5,81236.53,0.3443,0.83981,0.0001,16.57083,0.0,0.0
2026-09-20T18:34:12Z,2026-09-23,3,79000.0,P,0.0023,0.0026,0.0025,81262.5,81236.53,0.3443,-0.16019,0.0001,16.57083,1.4,0.0
2026-09-20T18:34:12Z,2026-09-23,3,79500.0,C,0.024,0.0265,0.0251,81262.5,81236.53,0.3333,0.78803,0.00013,19.72002,0.0,0.0
2026-09-20T18:34:12Z,2026-09-23,3,79500.0,P,0.0032,0.0036,0.0034,81262.37,81236.53,0.3333,-0.21198,0.00013,19.7209,56.2,56.2
2026-09-20T18:34:12Z,2026-09-23,3,80000.0,C,0.0195,0.0215,0.0204,81262.37,81236.53,0.3284,0.7201,0.00015,22.90393,0.0,0.0
2026-09-20T18:34:12Z,2026-09-23,3,80000.0,P,0.0046,0.005,0.0048,81262.37,81236.53,0.3284,-0.2799,0.00015,22.90393,14.5,3.0
2026-09-20T18:34:12Z,2026-09-23,3,80500.0,C,0.0155,0.017,0.0161,81262.5,81236.53,0.3225,0.64152,0.00017,25.4221,0.2,0.2
2026-09-20T18:34:12Z,2026-09-23,3,80500.0,P,0.0065,0.007,0.0067,81262.5,81236.53,0.3225,-0.35848,0.00017,25.4221,0.2,0.0
2026-09-20T18:34:12Z,2026-09-23,3,81000.0,C,0.012,0.013,0.0124,81262.5,81236.53,0.3225,0.55303,0.00018,26.90857,2.3,1.5
2026-09-20T18:34:12Z,2026-09-23,3,81000.0,P,0.0085,0.0095,0.0092,81262.5,81236.53,0.3225,-0.44697,0.00018,26.90857,2.9,2.9
2026-09-20T18:34:12Z,2026-09-23,3,81500.0,C,0.009,0.01,0.0095,81262.5,81236.53,0.3268,0.46297,0.00018,27.03171,1.6,0.7
2026-09-20T18:34:12Z,2026-09-23,3,81500.0,P,0.0115,0.013,0.0125,81262.5,81236.53,0.3268,-0.53703,0.00018,27.03171,35.1,0.1
2026-09-20T18:34:12Z,2026-09-23,3,82000.0,C,0.007,0.0075,0.0072,81262.37,81236.53,0.3326,0.3781,0.00017,25.87122,12.3,11.8
2026-09-20T18:34:12Z,2026-09-23,3,82000.0,P,0.0155,0.017,0.0163,81262.37,81236.53,0.3326,-0.6219,0.00017,25.87122,0.0,0.0
2026-09-20T18:34:12Z,2026-09-23,3,82500.0,C,0.005,0.0055,0.0054,81262.5,81236.53,0.34049999999999997,0.303,0.00015,23.76735,0.6,0.6
2026-09-20T18:34:12Z,2026-09-23,3,82500.0,P,0.0195,0.0215,0.0206,81263.0,81236.53,0.34049999999999997,-0.69693,0.00015,23.76992,0.0,0.0
2026-09-20T18:34:12Z,2026-09-23,3,83000.0,C,0.0039,0.0042,0.004,81263.0,81236.53,0.3483,0.23867,0.00013,21.09152,2.5,2.5
2026-09-20T18:34:12Z,2026-09-23,3,83000.0,P,0.0225,0.0275,0.0254,81263.0,81236.53,0.3483,-0.76133,0.00013,21.09152,0.0,0.0
2026-09-20T18:34:12Z,2026-09-23,3,83500.0,C,0.0029,0.0032,0.003,81262.5,81236.53,0.35840000000000005,0.18672,0.00011,18.26932,12.3,3.9
2026-09-20T18:34:12Z,2026-09-23,3,83500.0,P,0.0275,0.0325,0.0306,81263.0,81236.53,0.35840000000000005,-0.81323,0.00011,18.27277,0.0,0.0
2026-09-20T18:34:12Z,2026-09-23,3,84000.0,C,0.0021,0.0025,0.0023,81262.5,81236.53,0.36950000000000005,0.14562,9e-05,15.55514,3.5,3.2
2026-09-20T18:34:12Z,2026-09-23,3,84000.0,P,0.0335,0.038,0.036,81263.0,81236.53,0.36950000000000005,-0.85433,9e-05,15.5585,0.0,0.0
2026-09-20T18:34:12Z,2026-09-23,3,84500.0,C,0.0016,0.0019,0.0017,81263.0,81236.53,0.3809,0.11338,7e-05,13.0764,0.5,0.5
2026-09-20T18:34:12Z,2026-09-23,3,84500.0,P,0.039,0.044,0.0416,81263.0,81236.53,0.3809,-0.88662,7e-05,13.0764,0.0,0.0
2026-09-20T18:34:12Z,2026-09-23,3,85000.0,C,0.0012,0.0014,0.0013,81263.0,81236.53,0.3924,0.08822,6e-05,10.88784,0.3,0.3
2026-09-20T18:34:12Z,2026-09-23,3,85000.0,P,0.045,0.049,0.0473,81262.5,81236.53,0.3924,-0.91181,6e-05,10.88502,0.0,0.0
2026-09-20T18:34:12Z,2026-09-23,3,86000.0,C,0.0007,0.0009,0.0008,81262.5,81236.53,0.41659999999999997,0.05405,4e-05,7.46613,0.6,0.3
2026-09-20T18:34:12Z,2026-09-23,3,86000.0,P,0.056,0.061,0.0591,81263.0,81236.53,0.41659999999999997,-0.94594,4e-05,7.46829,0.0,0.0
2026-09-20T18:34:12Z,2026-09-23,3,87000.0,C,0.0004,0.0005,0.0005,81263.0,81236.53,0.43799999999999994,0.03276,2e-05,4.98055,1.3,1.8
2026-09-20T18:34:12Z,2026-09-23,3,87000.0,P,0.068,0.073,0.0711,81263.0,81236.53,0.43799999999999994,-0.96724,2e-05,4.98055,0.0,0.0
2026-09-20T18:34:12Z,2026-09-23,3,88000.0,C,0.0002,0.0004,0.0003,81263.0,81236.53,0.4621,0.02073,2e-05,3.39633,0.2,0.1
2026-09-20T18:34:12Z,2026-09-23,3,88000.0,P,0.081,0.0855,0.0832,81262.5,81236.53,0.4621,-0.97928,2e-05,3.39521,0.0,0.0
2026-09-20T18:34:12Z,2026-09-23,3,89000.0,C,0.0001,0.0003,0.0002,81263.0,81236.53,0.4844,0.01316,1e-05,2.30201,0.9,1.6
2026-09-20T18:34:12Z,2026-09-23,3,89000.0,P,0.0925,0.097,0.0954,81263.22,81236.53,0.4844,-0.98684,1e-05,2.30232,0.0,0.0
2026-09-20T18:34:12Z,2026-09-23,3,90000.0,C,0.0,0.0002,0.0001,81263.22,81236.53,0.5211,0.01022,1e-05,1.84869,2.4,2.3
2026-09-20T18:34:12Z,2026-09-23,3,90000.0,P,0.1045,0.11,0.1077,81263.0,81236.53,0.5211,-0.98978,1e-05,1.84842,0.0,0.0
2026-09-20T18:34:12Z,2026-09-23,3,91000.0,C,0.0,0.0002,0.0001,81263.22,81236.53,0.5554,0.00798,1e-05,1.48906,1.2,0.1
2026-09-20T18:34:12Z,2026-09-23,3,91000.0,P,0.117,0.1215,0.1199,81263.22,81236.53,0.5554,-0.99202,1e-05,1.48906,0.0,0.0
2026-09-20T18:34:12Z,2026-09-24,4,71000.0,C,0.125,0.129,0.1266,81269.68,81236.53,0.6228,0.98704,1e-05,2.67979,0.0,0.0
2026-09-20T18:34:12Z,2026-09-24,4,71000.0,P,0.0002,0.0004,0.0003,81269.68,81236.53,0.6228,-0.01296,1e-05,2.67979,3.1,3.1
2026-09-20T18:34:12Z,2026-09-24,4,72000.0,C,0.1125,0.117,0.1144,81269.68,81236.53,0.5904,0.98241,1e-05,3.4837,0.0,0.0
2026-09-20T18:34:12Z,2026-09-24,4,72000.0,P,0.0003,0.0005,0.0004,81269.68,81236.53,0.5904,-0.01759,1e-05,3.4837,1.2,1.2
2026-09-20T18:34:12Z,2026-09-24,4,73000.0,C,0.1005,0.1045,0.1022,81270.11,81236.53,0.5497,0.97747,1e-05,4.29834,0.0,0.0
2026-09-20T18:34:12Z,2026-09-24,4,73000.0,P,0.0004,0.0006,0.0005,81270.26,81236.53,0.5497,-0.02253,1e-05,4.29838,0.1,0.1
2026-09-20T18:34:12Z,2026-09-24,4,74000.0,C,0.0885,0.0925,0.09,81270.26,81236.53,0.507,0.97106,2e-05,5.29987,0.0,0.0
2026-09-20T18:34:12Z,2026-09-24,4,74000.0,P,0.0005,0.0007,0.0006,81270.11,81236.53,0.507,-0.02894,2e-05,5.30023,6.1,6.1
2026-09-20T18:34:12Z,2026-09-24,4,75000.0,C,0.0765,0.0805,0.0779,81270.11,81236.53,0.4656,0.96156,2e-05,6.6957,0.0,0.0
2026-09-20T18:34:12Z,2026-09-24,4,75000.0,P,0.0006,0.0009,0.0007,81270.26,81236.53,0.4656,-0.03844,2e-05,6.69523,0.2,0.2
2026-09-20T18:34:12Z,2026-09-24,4,76000.0,C,0.0645,0.0685,0.0658,81270.26,81236.53,0.4257,0.94694,3e-05,8.67803,0.0,0.0
2026-09-20T18:34:12Z,2026-09-24,4,76000.0,P,0.0009,0.0012,0.001,81270.26,81236.53,0.4257,-0.05306,3e-05,8.67803,0.3,0.4
2026-09-20T18:34:12Z,2026-09-24,4,77000.0,C,0.052,0.057,0.0539,81270.26,81236.53,0.3914,0.92159,5e-05,11.75194,0.0,0.0
2026-09-20T18:34:12Z,2026-09-24,4,77000.0,P,0.0013,0.0016,0.0014,81270.26,81236.53,0.3914,-0.07841,5e-05,11.75194,0.1,0.1
2026-09-20T18:34:12Z,2026-09-24,4,77500.0,C,0.046,0.0505,0.0481,81270.11,81236.53,0.37670000000000003,0.90243,6e-05,13.83348,0.0,0.0
2026-09-20T18:34:12Z,2026-09-24,4,77500.0,P,0.0016,0.002,0.0017,81270.26,81236.53,0.37670000000000003,-0.09756,6e-05,13.83261,0.1,0.1
2026-09-20T18:34:12Z,2026-09-24,4,78000.0,C,0.041,0.045,0.0425,81270.11,81236.53,0.3638,0.87717,7e-05,16.32055,0.0,0.0
2026-09-20T18:34:12Z,2026-09-24,4,78000.0,P,0.002,0.0025,0.0022,81270.11,81236.53,0.3638,-0.12283,7e-05,16.32055,0.1,0.1
2026-09-20T18:34:12Z,2026-09-24,4,78500.0,C,0.035,0.0395,0.0369,81270.26,81236.53,0.35200000000000004,0.84493,8e-05,19.13021,0.0,0.0
2026-09-20T18:34:12Z,2026-09-24,4,78500.0,P,0.0027,0.0031,0.0029,81270.11,81236.53,0.35200000000000004,-0.15508,8e-05,19.1312,0.1,0.1
2026-09-20T18:34:12Z,2026-09-24,4,79000.0,C,0.0295,0.0345,0.0317,81270.11,81236.53,0.34299999999999997,0.80326,0.0001,22.24737,0.0,0.0
2026-09-20T18:34:12Z,2026-09-24,4,79000.0,P,0.0036,0.0041,0.0038,81270.11,81236.53,0.34299999999999997,-0.19674,0.0001,22.24737,0.2,0.2
2026-09-20T18:34:12Z,2026-09-24,4,79500.0,C,0.026,0.028,0.0268,81270.26,81236.53,0.3378,0.75077,0.00012,25.46288,0.0,0.0
2026-09-20T18:34:12Z,2026-09-24,4,79500.0,P,0.0046,0.0055,0.005,81269.59,81236.53,0.3378,-0.24931,0.00012,25.46695,0.1,0.1
2026-09-20T18:34:12Z,2026-09-24,4,80000.0,C,0.0215,0.0235,0.0222,81269.59,81236.53,0.3298,0.69137,0.00013,28.25982,9.2,9.2
2026-09-20T18:34:12Z,2026-09-24,4,80000.0,P,0.006,0.007,0.0066,81270.26,81236.53,0.3298,-0.30854,0.00013,28.25648,0.2,0.2
2026-09-20T18:34:12Z,2026-09-24,4,80500.0,C,0.0175,0.019,0.0181,81269.59,81236.53,0.32659999999999995,0.62213,0.00014,30.50602,10.9,10.9
2026-09-20T18:34:12Z,2026-09-24,4,80500.0,P,0.008,0.009,0.0086,81269.59,81236.53,0.32659999999999995,-0.37787,0.00014,30.50602,0.0,0.0
2026-09-20T18:34:12Z,2026-09-24,4,81000.0,C,0.014,0.0155,0.0145,81270.26,81236.53,0.3258,0.54761,0.00015,31.7904,12.4,12.4
2026-09-20T18:34:12Z,2026-09-24,4,81000.0,P,0.0105,0.012,0.0112,81269.59,81236.53,0.3258,-0.45249,0.00015,31.79111,0.0,0.0
2026-09-20T18:34:12Z,2026-09-24,4,81500.0,C,0.0115,0.012,0.0117,81270.26,81236.53,0.3307,0.47206,0.00015,31.94011,0.0,0.0
2026-09-20T18:34:12Z,2026-09-24,4,81500.0,P,0.014,0.015,0.0145,81270.26,81236.53,0.3307,-0.52794,0.00015,31.94011,0.2,0.2
2026-09-20T18:34:12Z,2026-09-24,4,82000.0,C,0.009,0.0095,0.0093,81270.26,81236.53,0.3356,0.40009,0.00014,31.00918,0.0,0.0
2026-09-20T18:34:12Z,2026-09-24,4,82000.0,P,0.0175,0.019,0.0183,81269.59,81236.53,0.3356,-0.60001,0.00014,31.00697,0.0,0.0
2026-09-20T18:34:12Z,2026-09-24,4,82500.0,C,0.007,0.0075,0.0073,81269.59,81236.53,0.34130000000000005,0.33395,0.00013,29.20318,0.0,0.0
2026-09-20T18:34:12Z,2026-09-24,4,82500.0,P,0.0215,0.023,0.0224,81270.26,81236.53,0.34130000000000005,-0.66596,0.00013,29.20648,0.0,0.0
2026-09-20T18:34:12Z,2026-09-24,4,83000.0,C,0.0055,0.006,0.0058,81269.59,81236.53,0.34850000000000003,0.27595,0.00012,26.8256,0.6,0.6
2026-09-20T18:34:12Z,2026-09-24,4,83000.0,P,0.026,0.028,0.027,81269.59,81236.53,0.34850000000000003,-0.72405,0.00012,26.8256,0.0,0.0
2026-09-20T18:34:12Z,2026-09-24,4,83500.0,C,0.0043,0.0047,0.0045,81269.59,81236.53,0.35619999999999996,0.226,0.00011,24.1312,0.2,0.2
2026-09-20T18:34:12Z,2026-09-24,4,83500.0,P,0.029,0.0335,0.032,81270.26,81236.53,0.35619999999999996,-0.77392,0.00011,24.13571,0.0,0.0
2026-09-20T18:34:12Z,2026-09-24,4,84000.0,C,0.0036,0.0038,0.0036,81269.59,81236.53,0.3661,0.18512,9e-05,21.43173,0.3,0.3
2026-09-20T18:34:12Z,2026-09-24,4,84000.0,P,0.034,0.0395,0.0372,81268.01,81236.53,0.3661,-0.81503,9e-05,21.42098,0.0,0.0
2026-09-20T18:34:12Z,2026-09-24,4,85000.0,C,0.0021,0.0024,0.0022,81268.01,81236.53,0.3837,0.12182,7e-05,16.22513,0.3,0.3
2026-09-20T18:34:12Z,2026-09-24,4,85000.0,P,0.0455,0.0505,0.0481,81268.01,81236.53,0.3837,-0.87818,7e-05,16.22513,0.0,0.0
2026-09-20T18:34:12Z,2026-09-24,4,86000.0,C,0.0013,0.0016,0.0014,81268.01,81236.53,0.40130000000000005,0.07953,5e-05,11.87884,0.3,0.3
2026-09-20T18:34:12Z,2026-09-24,4,86000.0,P,0.0565,0.062,0.0596,81268.01,81236.53,0.40130000000000005,-0.92047,5e-05,11.87884,0.0,0.0
2026-09-20T18:34:12Z,2026-09-24,4,87000.0,C,0.0008,0.001,0.0009,81268.01,81236.53,0.4168,0.05101,3e-05,8.40985,0.4,0.4
2026-09-20T18:34:12Z,2026-09-24,4,87000.0,P,0.069,0.0735,0.0714,81268.01,81236.53,0.4168,-0.94899,3e-05,8.40985,0.0,0.0
2026-09-20T18:34:12Z,2026-09-24,4,88000.0,C,0.0005,0.0007,0.0006,81269.59,81236.53,0.435,0.03357,2e-05,5.99287,0.3,0.3
2026-09-20T18:34:12Z,2026-09-24,4,88000.0,P,0.0805,0.0855,0.0834,81268.01,81236.53,0.435,-0.96646,2e-05,5.98779,0.0,0.0
2026-09-20T18:34:12Z,2026-09-24,4,89000.0,C,0.0003,0.0004,0.0004,81268.01,81236.53,0.4547,0.02267,1e-05,4.32064,30.1,31.1
2026-09-20T18:34:12Z,2026-09-24,4,89000.0,P,0.0925,0.098,0.0955,81269.59,81236.53,0.4547,-0.97731,1e-05,4.32425,0.0,0.0
2026-09-20T18:34:12Z,2026-09-24,4,90000.0,C,0.0002,0.0003,0.0002,81269.59,81236.53,0.4629,0.01358,1e-05,2.78964,30.0,30.0
2026-09-20T18:34:12Z,2026-09-24,4,90000.0,P,0.1045,0.1095,0.1076,81268.01,81236.53,0.4629,-0.98644,1e-05,2.78697,0.0,0.0
2026-09-20T18:34:12Z,2026-09-25,5,30000.0,C,0.63,0.632,0.631,81293.14,81236.53,1.2395,1.0,0.0,0.0,135.5,0.0
2026-09-20T18:34:12Z,2026-09-25,5,30000.0,P,0.0,0.0001,0.0,81294.87,81236.53,1.2395,0.0,0.0,0.0,2959.5,0.0
2026-09-20T18:34:12Z,2026-09-25,5,35000.0,C,0.5685,0.57,0.5695,81293.14,81236.53,1.0855,1.0,0.0,0.0,29.3,0.0
2026-09-20T18:34:12Z,2026-09-25,5,35000.0,P,0.0,0.0001,0.0,81293.14,81236.53,1.0855,0.0,0.0,0.0,1209.4,0.0
2026-09-20T18:34:12Z,2026-09-25,5,40000.0,C,0.507,0.509,0.508,81293.41,81236.53,1.0505,1.0,0.0,0.0,34.4,0.0
2026-09-20T18:34:12Z,2026-09-25,5,40000.0,P,0.0,0.0001,0.0,81293.41,81236.53,1.0505,0.0,0.0,0.0,2819.0,0.0
2026-09-20T18:34:12Z,2026-09-25,5,45000.0,C,0.4455,0.4475,0.4465,81293.41,81236.53,1.0182,1.0,0.0,4e-05,164.9,0.0
2026-09-20T18:34:12Z,2026-09-25,5,45000.0,P,0.0,0.0001,0.0,81293.41,81236.53,1.0182,0.0,0.0,4e-05,2172.5,0.0
2026-09-20T18:34:12Z,2026-09-25,5,50000.0,C,0.3835,0.3865,0.385,81293.41,81236.53,0.9351,1.0,0.0,0.00057,30.1,0.0
2026-09-20T18:34:12Z,2026-09-25,5,50000.0,P,0.0,0.0001,0.0,81293.41,81236.53,0.9351,0.0,0.0,0.00057,3819.0,1.0
2026-09-20T18:34:12Z,2026-09-25,5,52000.0,C,0.359,0.362,0.3604,81293.14,81236.53,0.9004000000000001,1.0,0.0,0.00152,150.2,0.0
2026-09-20T18:34:12Z,2026-09-25,5,52000.0,P,0.0,0.0001,0.0,81293.14,81236.53,0.9004000000000001,0.0,0.0,0.00152,1209.3,0.0
2026-09-20T18:34:12Z,2026-09-25,5,54000.0,C,0.3345,0.337,0.3358,81293.14,81236.53,0.8592,0.99999,0.0,0.00339,7.4,0.0
2026-09-20T18:34:12Z,2026-09-25,5,54000.0,P,0.0,0.0001,0.0,81293.41,81236.53,0.8592,-1e-05,0.0,0.00339,896.5,0.0
2026-09-20T18:34:12Z,2026-09-25,5,55000.0,C,0.322,0.325,0.3235,81293.14,81236.53,0.8592,0.99998,0.0,0.00757,105.8,50.0
2026-09-20T18:34:12Z,2026-09-25,5,55000.0,P,0.0,0.0001,0.0,81293.41,81236.53,0.8592,-2e-05,0.0,0.00757,3013.3,0.0
2026-09-20T18:34:12Z,2026-09-25,5,56000.0,C,0.3095,0.3125,0.3112,81293.41,81236.53,0.8592,0.99996,0.0,0.0161,13.4,0.0
2026-09-20T18:34:12Z,2026-09-25,5,56000.0,P,0.0,0.0001,0.0,81293.41,81236.53,0.8592,-4e-05,0.0,0.0161,1775.8,0.0
2026-09-20T18:34:12Z,2026-09-25,5,58000.0,C,0.285,0.288,0.2866,81293.41,81236.53,0.8592,0.99982,0.0,0.06331,460.6,0.0
2026-09-20T18:34:12Z,2026-09-25,5,58000.0,P,0.0,0.0001,0.0,81293.41,81236.53,0.8592,-0.00018,0.0,0.06331,1416.0,0.0
2026-09-20T18:34:12Z,2026-09-25,5,60000.0,C,0.2605,0.2635,0.262,81293.41,81236.53,0.8592,0.99934,0.0,0.20931,832.6,0.0
2026-09-20T18:34:12Z,2026-09-25,5,60000.0,P,0.0,0.0001,0.0,81293.41,81236.53,0.8592,-0.00066,0.0,0.20931,5587.4,0.0
2026-09-20T18:34:12Z,2026-09-25,5,62000.0,C,0.236,0.239,0.2374,81293.41,81236.53,0.8158,0.99872,0.0,0.38279,597.2,0.0
2026-09-20T18:34:12Z,2026-09-25,5,62000.0,P,0.0,0.0001,0.0,81293.08,81236.53,0.8158,-0.00128,0.0,0.38284,1516.1,1.0
2026-09-20T18:34:12Z,2026-09-25,5,64000.0,C,0.2115,0.2145,0.2128,81293.08,81236.53,0.7404000000000001,0.99831,0.0,0.49336,642.8,0.0
2026-09-20T18:34:12Z,2026-09-25,5,64000.0,P,0.0,0.0001,0.0,81293.08,81236.53,0.7404000000000001,-0.00169,0.0,0.49336,1449.0,4.6
2026-09-20T18:34:12Z,2026-09-25,5,65000.0,C,0.199,0.2025,0.2005,81293.08,81236.53,0.7390000000000001,0.99701,0.0,0.82759,1248.6,0.0
2026-09-20T18:34:12Z,2026-09-25,5,65000.0,P,0.0,0.0002,0.0001,81293.08,81236.53,0.7390000000000001,-0.00299,0.0,0.82759,1166.4,44.9
2026-09-20T18:34:12Z,2026-09-25,5,66000.0,C,0.1865,0.19,0.1883,81293.08,81236.53,0.7383,0.99487,0.0,1.34434,968.1,0.0
2026-09-20T18:34:12Z,2026-09-25,5,66000.0,P,0.0001,0.0002,0.0001,81293.08,81236.53,0.7383,-0.00513,0.0,1.34434,1750.8,0.2
2026-09-20T18:34:12Z,2026-09-25,5,68000.0,C,0.162,0.1655,0.1637,81293.41,81236.53,0.6631,0.99278,0.0,1.81905,873.3,0.0
2026-09-20T18:34:12Z,2026-09-25,5,68000.0,P,0.0001,0.0003,0.0002,81293.08,81236.53,0.6631,-0.00722,0.0,1.81928,2417.1,1.9
2026-09-20T18:34:12Z,2026-09-25,5,70000.0,C,0.1375,0.1415,0.1392,81293.08,81236.53,0.6091,0.98716,1e-05,3.00852,10916.2,0.0
2026-09-20T18:34:12Z,2026-09-25,5,70000.0,P,0.0002,0.0004,0.0003,81293.41,81236.53,0.6091,-0.01283,1e-05,3.00814,8609.0,12.4
2026-09-20T18:34:12Z,2026-09-25,5,72000.0,C,0.113,0.1175,0.1148,81293.08,81236.53,0.5439,0.97869,1e-05,4.64236,3285.9,0.0
2026-09-20T18:34:12Z,2026-09-25,5,72000.0,P,0.0005,0.0006,0.0005,81293.41,81236.53,0.5439,-0.02131,1e-05,4.64175,2941.4,0.1
2026-09-20T18:34:12Z,2026-09-25,5,73000.0,C,0.101,0.105,0.1026,81293.41,81236.53,0.5101,0.97232,1e-05,5.78215,52.2,0.0
2026-09-20T18:34:12Z,2026-09-25,5,73000.0,P,0.0006,0.0007,0.0006,81293.08,81236.53,0.5101,-0.02768,1e-05,5.78291,1639.5,2.7
2026-09-20T18:34:12Z,2026-09-25,5,74000.0,C,0.089,0.0925,0.0905,81293.27,81236.53,0.4788,0.96273,2e-05,7.39158,1434.3,2.0
2026-09-20T18:34:12Z,2026-09-25,5,74000.0,P,0.0007,0.0009,0.0008,81293.08,81236.53,0.4788,-0.03727,2e-05,7.39214,2137.7,0.8
2026-09-20T18:34:12Z,2026-09-25,5,75000.0,C,0.0765,0.081,0.0785,81293.27,81236.53,0.446,0.94963,3e-05,9.42688,2940.6,2.1
2026-09-20T18:34:12Z,2026-09-25,5,75000.0,P,0.001,0.0012,0.0011,81293.27,81236.53,0.446,-0.05037,3e-05,9.42688,4275.2,17.3
2026-09-20T18:34:12Z,2026-09-25,5,76000.0,C,0.0645,0.0695,0.0665,81293.08,81236.53,0.41259999999999997,0.93098,4e-05,12.06862,2511.7,0.1
2026-09-20T18:34:12Z,2026-09-25,5,76000.0,P,0.0013,0.0016,0.0014,81293.08,81236.53,0.41259999999999997,-0.06902,4e-05,12.06862,1485.3,5.3
2026-09-20T18:34:12Z,2026-09-25,5,77000.0,C,0.0525,0.057,0.0549,81293.27,81236.53,0.3849,0.90019,5e-05,15.92369,617.6,0.6
2026-09-20T18:34:12Z,2026-09-25,5,77000.0,P,0.0019,0.0023,0.0021,81293.08,81236.53,0.3849,-0.09982,5e-05,15.92476,1311.7,19.6
2026-09-20T18:34:12Z,2026-09-25,5,78000.0,C,0.0415,0.046,0.0437,81293.27,81236.53,0.3619,0.85144,7e-05,21.04865,4749.5,0.2
2026-09-20T18:34:12Z,2026-09-25,5,78000.0,P,0.0031,0.0033,0.0032,81293.27,81236.53,0.3619,-0.14856,7e-05,21.04865,2416.7,22.4
2026-09-20T18:34:12Z,2026-09-25,5,79000.0,C,0.0325,0.0345,0.0334,81293.27,81236.53,0.3489,0.77436,9e-05,27.29454,2651.8,1.4
2026-09-20T18:34:12Z,2026-09-25,5,79000.0,P,0.005,0.0055,0.0052,81293.27,81236.53,0.3489,-0.22564,9e-05,27.29454,1169.6,74.5
2026-09-20T18:34:12Z,2026-09-25,5,80000.0,C,0.023,0.025,0.0243,81293.27,81236.53,0.3403,0.67028,0.00012,32.89413,6480.8,69.4
2026-09-20T18:34:12Z,2026-09-25,5,80000.0,P,0.008,0.009,0.0084,81293.27,81236.53,0.3403,-0.32972,0.00012,32.89413,1621.6,98.0
2026-09-20T18:34:12Z,2026-09-25,5,81000.0,C,0.0165,0.0175,0.0169,81293.27,81236.53,0.33799999999999997,0.5456,0.00013,36.01125,3524.6,272.4
2026-09-20T18:34:12Z,2026-09-25,5,81000.0,P,0.013,0.014,0.0133,81293.27,81236.53,0.33799999999999997,-0.4544,0.00013,36.01126,643.3,20.9
2026-09-20T18:34:12Z,2026-09-25,5,82000.0,C,0.011,0.012,0.0114,81293.08,81236.53,0.3418,0.41779,0.00013,35.47585,6899.0,27.5
2026-09-20T18:34:12Z,2026-09-25,5,82000.0,P,0.0195,0.0205,0.02,81292.51,81236.53,0.3418,-0.58228,0.00013,35.47429,829.7,2.1
2026-09-20T18:34:12Z,2026-09-25,5,83000.0,C,0.007,0.008,0.0074,81292.51,81236.53,0.3494,0.30407,0.00011,31.7833,1607.5,26.2
2026-09-20T18:34:12Z,2026-09-25,5,83000.0,P,0.0275,0.0295,0.0284,81293.27,81236.53,0.3494,-0.69584,0.00011,31.7875,474.8,0.0
2026-09-20T18:34:12Z,2026-09-25,5,84000.0,C,0.0047,0.005,0.0049,81292.51,81236.53,0.3626,0.2153,9e-05,26.56962,3815.5,11.0
2026-09-20T18:34:12Z,2026-09-25,5,84000.0,P,0.036,0.0405,0.0382,81292.51,81236.53,0.3626,-0.7847,9e-05,26.56971,37.1,12.5
2026-09-20T18:34:12Z,2026-09-25,5,85000.0,C,0.003,0.0034,0.0031,81293.27,81236.53,0.3747,0.14833,7e-05,21.02708,9944.0,274.3
2026-09-20T18:34:12Z,2026-09-25,5,85000.0,P,0.046,0.0515,0.0487,81292.51,81236.53,0.3747,-0.85172,7e-05,21.02199,451.8,17.2
2026-09-20T18:34:12Z,2026-09-25,5,86000.0,C,0.0019,0.0022,0.0021,81293.27,81236.53,0.38880000000000003,0.1014,5e-05,16.10824,2732.3,10.0
2026-09-20T18:34:12Z,2026-09-25,5,86000.0,P,0.0575,0.0625,0.06,81293.27,81236.53,0.38880000000000003,-0.8986,5e-05,16.10824,11.8,0.1
2026-09-20T18:34:12Z,2026-09-25,5,87000.0,C,0.0012,0.0015,0.0013,81292.51,81236.53,0.4032,0.069,4e-05,12.06509,166.1,15.5
2026-09-20T18:34:12Z,2026-09-25,5,87000.0,P,0.0685,0.074,0.0716,81293.27,81236.53,0.4032,-0.93097,4e-05,12.06891,8.8,0.0
2026-09-20T18:34:12Z,2026-09-25,5,88000.0,C,0.0007,0.001,0.0009,81292.51,81236.53,0.4144,0.04563,3e-05,8.70954,1627.5,5.2
2026-09-20T18:34:12Z,2026-09-25,5,88000.0,P,0.0805,0.0855,0.0834,81293.27,81236.53,0.4144,-0.95435,3e-05,8.71259,6.2,0.0
2026-09-20T18:34:12Z,2026-09-25,5,90000.0,C,0.0003,0.0005,0.0004,81292.51,81236.53,0.4485,0.02249,1e-05,4.85788,9554.3,60.7
2026-09-20T18:34:12Z,2026-09-25,5,90000.0,P,0.1045,0.11,0.1075,81292.51,81236.53,0.4485,-0.97751,1e-05,4.85788,579.5,4.1
2026-09-20T18:34:12Z,2026-09-25,5,92000.0,C,0.0001,0.0003,0.0002,81293.27,81236.53,0.4775,0.01096,1e-05,2.6239,1256.3,0.9
2026-09-20T18:34:12Z,2026-09-25,5,92000.0,P,0.129,0.1345,0.1319,81292.51,81236.53,0.4775,-0.98904,1e-05,2.62283,7.6,0.0
2026-09-20T18:34:12Z,2026-09-25,5,94000.0,C,0.0001,0.0002,0.0002,81292.51,81236.53,0.5381,0.00854,0.0,2.10973,930.1,6.3
2026-09-20T18:34:12Z,2026-09-25,5,94000.0,P,0.1535,0.159,0.1565,81292.51,81236.53,0.5381,-0.99146,0.0,2.10973,1.9,0.0
2026-09-20T18:34:12Z,2026-09-25,5,95000.0,C,0.0,0.0001,0.0002,81292.38,81236.53,0.5653,0.00746,0.0,1.8723,5411.9,10.8
2026-09-20T18:34:12Z,2026-09-25,5,95000.0,P,0.1655,0.171,0.1688,81292.38,81236.53,0.5653,-0.99254,0.0,1.8723,147.4,0.0
2026-09-20T18:34:12Z,2026-09-25,5,96000.0,C,0.0,0.0001,0.0001,81292.51,81236.53,0.5653,0.00466,0.0,1.23377,2153.9,4.4
2026-09-20T18:34:12Z,2026-09-25,5,96000.0,P,0.178,0.1835,0.181,81292.51,81236.53,0.5653,-0.99534,0.0,1.23377,1.0,0.0
2026-09-20T18:34:12Z,2026-09-25,5,98000.0,C,0.0,0.0002,0.0001,81292.51,81236.53,0.6241,0.00409,0.0,1.09767,1132.0,2.9
2026-09-20T18:34:12Z,2026-09-25,5,98000.0,P,0.2025,0.208,0.2056,81292.38,81236.53,0.6241,-0.99591,0.0,1.09761,0.1,0.0
2026-09-20T18:34:12Z,2026-09-25,5,100000.0,C,0.0,0.0001,0.0001,81292.38,81236.53,0.6837000000000001,0.00377,0.0,1.02034,7193.7,1.9
2026-09-20T18:34:12Z,2026-09-25,5,100000.0,P,0.227,0.233,0.2302,81292.51,81236.53,0.6837000000000001,-0.99623,0.0,1.0204,336.1,0.0
2026-09-20T18:34:12Z,2026-09-25,5,102000.0,C,0.0,0.0001,0.0001,81292.38,81236.53,0.7056,0.00227,0.0,0.64647,365.7,0.0
2026-09-20T18:34:12Z,2026-09-25,5,102000.0,P,0.2515,0.2575,0.2548,81292.38,81236.53,0.7056,-0.99773,0.0,0.64647,6.1,0.0
2026-09-20T18:34:12Z,2026-09-25,5,105000.0,C,0.0,0.0001,0.0,81292.38,81236.53,0.7461,0.00123,0.0,0.37106,1454.2,0.0
2026-09-20T18:34:12Z,2026-09-25,5,105000.0,P,0.2885,0.294,0.2916,81292.51,81236.53,0.7461,-0.99877,0.0,0.37109,105.1,0.0
2026-09-20T18:34:12Z,2026-09-25,5,110000.0,C,0.0,0.0001,0.0,81292.38,81236.53,0.7974,0.00041,0.0,0.13307,1466.1,0.0
2026-09-20T18:34:12Z,2026-09-25,5,110000.0,P,0.35,0.356,0.3531,81292.38,81236.53,0.7974,-0.99959,0.0,0.13307,183.8,35.0
2026-09-20T18:34:12Z,2026-09-25,5,115000.0,C,0.0,0.0001,0.0,81292.51,81236.53,0.8217,0.0001,0.0,0.0344,2156.0,0.0
2026-09-20T18:34:12Z,2026-09-25,5,115000.0,P,0.4115,0.4175,0.4146,81292.38,81236.53,0.8217,-0.9999,0.0,0.0344,93.2,0.0
2026-09-20T18:34:12Z,2026-09-25,5,120000.0,C,0.0,0.0001,0.0,81292.38,81236.53,0.8225,1e-05,0.0,0.00557,1355.5,0.0
2026-09-20T18:34:12Z,2026-09-25,5,120000.0,P,0.473,0.479,0.4761,81292.38,81236.53,0.8225,-0.99999,0.0,0.00557,174.5,0.0
2026-09-20T18:34:12Z,2026-09-25,5,125000.0,C,0.0,0.0001,0.0,81292.51,81236.53,0.8225,0.0,0.0,0.00079,2385.7,0.0
2026-09-20T18:34:12Z,2026-09-25,5,125000.0,P,0.5345,0.541,0.5376,81292.38,81236.53,0.8225,-1.0,0.0,0.00079,21.4,0.0
2026-09-20T18:34:12Z,2026-09-25,5,130000.0,C,0.0,0.0001,0.0,81292.38,81236.53,0.8226,0.0,0.0,0.0001,1509.2,0.0
2026-09-20T18:34:12Z,2026-09-25,5,130000.0,P,0.595,0.603,0.5991,81292.38,81236.53,0.8226,-1.0,0.0,0.0001,21.4,0.0
2026-09-20T18:34:12Z,2026-09-25,5,135000.0,C,0.0,0.0001,0.0,81292.38,81236.53,0.8226,0.0,0.0,1e-05,493.0,0.0
2026-09-20T18:34:12Z,2026-09-25,5,135000.0,P,0.656,0.6645,0.6607,81292.51,81236.53,0.8226,-1.0,0.0,1e-05,11.5,0.0
2026-09-20T18:34:12Z,2026-09-25,5,140000.0,C,0.0,0.0001,0.0,81292.38,81236.53,0.8226,0.0,0.0,0.0,1208.2,0.0
2026-09-20T18:34:12Z,2026-09-25,5,140000.0,P,0.7175,0.7265,0.7222,81292.38,81236.53,0.8226,-1.0,0.0,0.0,1.4,0.0
2026-09-20T18:34:12Z,2026-09-25,5,145000.0,C,0.0,0.0001,0.0,81292.51,81236.53,0.8234,0.0,0.0,0.0,519.2,0.0
2026-09-20T18:34:12Z,2026-09-25,5,145000.0,P,0.7785,0.788,0.7837,81292.51,81236.53,0.8234,-1.0,0.0,0.0,4.4,0.0
2026-09-20T18:34:12Z,2026-09-25,5,150000.0,C,0.0,0.0001,0.0,81292.51,81236.53,0.8397,0.0,0.0,0.0,780.5,0.0
2026-09-20T18:34:12Z,2026-09-25,5,150000.0,P,0.8405,0.8495,0.8452,81292.38,81236.53,0.8397,-1.0,0.0,0.0,40.5,0.0
2026-09-20T18:34:12Z,2026-09-25,5,155000.0,C,0.0,0.0001,0.0,81292.51,81236.53,0.8403,0.0,0.0,0.0,378.0,0.0
2026-09-20T18:34:12Z,2026-09-25,5,155000.0,P,0.9015,0.91,0.9067,81292.38,81236.53,0.8403,-1.0,0.0,0.0,0.1,0.0
2026-09-20T18:34:12Z,2026-09-25,5,160000.0,C,0.0,0.0001,0.0,81292.38,81236.53,0.8422,0.0,0.0,0.0,1498.4,0.0
2026-09-20T18:34:12Z,2026-09-25,5,160000.0,P,0.9635,0.972,0.9682,81292.38,81236.53,0.8422,-1.0,0.0,0.0,0.6,0.0
2026-09-20T18:34:12Z,2026-09-25,5,165000.0,C,0.0,0.0001,0.0,81292.38,81236.53,0.8525,0.0,0.0,0.0,266.6,0.0
2026-09-20T18:34:12Z,2026-09-25,5,165000.0,P,1.0245,1.034,1.0297,81290.3,81236.53,0.8525,-1.0,0.0,0.0,0.0,0.0
2026-09-20T18:34:12Z,2026-09-25,5,170000.0,C,0.0,0.0001,0.0,81292.38,81236.53,0.8693000000000001,0.0,0.0,0.0,444.9,0.0
2026-09-20T18:34:12Z,2026-09-25,5,170000.0,P,1.086,1.096,1.0912,81290.3,81236.53,0.8693000000000001,-1.0,0.0,0.0,0.0,0.0
2026-09-20T18:34:12Z,2026-09-25,5,175000.0,C,0.0,0.0001,0.0,81290.3,81236.53,0.8896,0.0,0.0,0.0,1904.8,0.0
2026-09-20T18:34:12Z,2026-09-25,5,175000.0,P,1.148,1.1575,1.1527,81290.3,81236.53,0.8896,-1.0,0.0,0.0,0.2,0.0
2026-09-20T18:34:12Z,2026-09-25,5,180000.0,C,0.0,0.0001,0.0,81290.3,81236.53,0.9181999999999999,0.0,0.0,0.0,792.3,0.0
2026-09-20T18:34:12Z,2026-09-25,5,180000.0,P,1.2085,1.219,1.2142,81290.3,81236.53,0.9181999999999999,-1.0,0.0,0.0,10.5,0.0
2026-09-20T18:34:12Z,2026-09-25,5,190000.0,C,0.0,0.0001,0.0,81292.38,81236.53,0.9384999999999999,0.0,0.0,0.0,762.1,0.0
2026-09-20T18:34:12Z,2026-09-25,5,190000.0,P,1.3305,1.3425,1.3372,81292.38,81236.53,0.9384999999999999,-1.0,0.0,0.0,0.0,0.0
2026-09-20T18:34:12Z,2026-09-25,5,200000.0,C,0.0,0.0001,0.0,81290.3,81236.53,0.9823999999999999,0.0,0.0,0.0,1018.5,0.0
2026-09-20T18:34:12Z,2026-09-25,5,200000.0,P,1.4535,1.4655,1.4603,81290.3,81236.53,0.9823999999999999,-1.0,0.0,0.0,3.2,0.0
2026-09-20T18:34:12Z,2026-09-25,5,220000.0,C,0.0,0.0001,0.0,81292.38,81236.53,1.0735999999999999,0.0,0.0,0.0,241.9,0.0
2026-09-20T18:34:12Z,2026-09-25,5,220000.0,P,1.6995,1.7115,1.7063,81292.38,81236.53,1.0735999999999999,-1.0,0.0,0.0,27.7,0.0
2026-09-20T18:34:12Z,2026-09-25,5,240000.0,C,0.0,0.0001,0.0,81290.3,81236.53,1.156,0.0,0.0,0.0,211.9,0.0
2026-09-20T18:34:12Z,2026-09-25,5,240000.0,P,1.9435,1.96,1.9523,81290.3,81236.53,1.156,-1.0,0.0,0.0,0.0,0.0
2026-09-20T18:34:12Z,2026-09-25,5,260000.0,C,0.0,0.0001,0.0,81290.3,81236.53,1.2309,0.0,0.0,0.0,293.3,0.0
2026-09-20T18:34:12Z,2026-09-25,5,260000.0,P,2.1895,2.2055,2.1983,81286.46,81236.53,1.2309,-1.0,0.0,0.0,0.0,0.0
2026-09-20T18:34:12Z,2026-09-25,5,280000.0,C,0.0,0.0001,0.0,81290.04,81236.53,1.2987,0.0,0.0,0.0,76.1,0.0
2026-09-20T18:34:12Z,2026-09-25,5,280000.0,P,2.436,2.4525,2.4444,81286.46,81236.53,1.2987,-1.0,0.0,0.0,0.0,0.0
2026-09-20T18:34:12Z,2026-09-25,5,300000.0,C,0.0,0.0001,0.0,81290.04,81236.53,1.3629,0.0,0.0,0.0,196.3,0.0
2026-09-20T18:34:12Z,2026-09-25,5,300000.0,P,2.6795,2.699,2.6904,81286.46,81236.53,1.3629,-1.0,0.0,0.0,0.0,0.0
2026-09-20T18:34:12Z,2026-09-25,5,320000.0,C,0.0,0.0001,0.0,81286.46,81236.53,1.4009,0.0,0.0,0.0,304.6,0.0
2026-09-20T18:34:12Z,2026-09-25,5,320000.0,P,2.9235,2.946,2.9364,81286.46,81236.53,1.4009,-1.0,0.0,0.0,25.1,0.0
2026-09-20T18:34:12Z,2026-10-02,12,65000.0,C,0.2,0.2035,0.2015,81361.39,81236.53,0.5481,0.99063,0.0,3.64662,0.0,0.0
2026-09-20T18:34:12Z,2026-10-02,12,65000.0,P,0.0003,0.0004,0.0003,81364.97,81236.53,0.5481,-0.00936,0.0,3.64292,546.6,2.4
2026-09-20T18:34:12Z,2026-10-02,12,70000.0,C,0.139,0.143,0.1405,81364.97,81236.53,0.442,0.97453,1e-05,8.59645,1.0,0.0
2026-09-20T18:34:12Z,2026-10-02,12,70000.0,P,0.0007,0.0008,0.0008,81364.97,81236.53,0.442,-0.02547,1e-05,8.59645,944.2,25.7
2026-09-20T18:34:12Z,2026-10-02,12,72000.0,C,0.115,0.119,0.1166,81361.39,81236.53,0.4165,0.95411,2e-05,13.94126,0.6,0.0
2026-09-20T18:34:12Z,2026-10-02,12,72000.0,P,0.0013,0.0016,0.0014,81364.97,81236.53,0.4165,-0.04583,2e-05,13.92792,203.6,1.1
2026-09-20T18:34:12Z,2026-10-02,12,73000.0,C,0.1025,0.1075,0.1047,81364.97,81236.53,0.3997,0.94069,2e-05,17.09162,0.0,0.0
2026-09-20T18:34:12Z,2026-10-02,12,73000.0,P,0.0017,0.0021,0.0019,81361.39,81236.53,0.3997,-0.05938,2e-05,17.10737,395.5,48.7
2026-09-20T18:34:12Z,2026-10-02,12,74000.0,C,0.0915,0.0955,0.093,81361.39,81236.53,0.3859,0.9215,3e-05,21.21932,0.7,0.0
2026-09-20T18:34:12Z,2026-10-02,12,74000.0,P,0.0023,0.0027,0.0025,81361.39,81236.53,0.3859,-0.0785,3e-05,21.2194,700.9,0.2
2026-09-20T18:34:12Z,2026-10-02,12,75000.0,C,0.08,0.0845,0.0816,81361.39,81236.53,0.3732,0.896,3e-05,26.14533,3.6,0.0
2026-09-20T18:34:12Z,2026-10-02,12,75000.0,P,0.0032,0.0036,0.0034,81361.39,81236.53,0.3732,-0.104,3e-05,26.14533,420.1,36.0
2026-09-20T18:34:12Z,2026-10-02,12,76000.0,C,0.069,0.0735,0.0706,81361.39,81236.53,0.3629,0.86167,4e-05,31.9649,49.7,0.0
2026-09-20T18:34:12Z,2026-10-02,12,76000.0,P,0.0044,0.0049,0.0047,81361.39,81236.53,0.3629,-0.13833,4e-05,31.9649,345.3,15.5
2026-09-20T18:34:12Z,2026-10-02,12,77000.0,C,0.0585,0.063,0.0601,81361.39,81236.53,0.3549,0.81697,5e-05,38.39157,187.2,0.0
2026-09-20T18:34:12Z,2026-10-02,12,77000.0,P,0.006,0.007,0.0065,81361.39,81236.53,0.3549,-0.18303,5e-05,38.39157,135.6,0.0
2026-09-20T18:34:12Z,2026-10-02,12,78000.0,C,0.049,0.051,0.0503,81361.39,81236.53,0.3486,0.7615,6e-05,44.85707,329.6,0.0
2026-09-20T18:34:12Z,2026-10-02,12,78000.0,P,0.0085,0.0095,0.009,81361.39,81236.53,0.3486,-0.2385,6e-05,44.85707,168.8,28.0
2026-09-20T18:34:12Z,2026-10-02,12,79000.0,C,0.0405,0.042,0.0412,81361.39,81236.53,0.3425,0.69626,7e-05,50.62308,367.6,25.0
2026-09-20T18:34:12Z,2026-10-02,12,79000.0,P,0.012,0.0125,0.0122,81354.77,81236.53,0.3425,-0.30421,7e-05,50.65369,148.4,0.7
2026-09-20T18:34:12Z,2026-10-02,12,80000.0,C,0.0325,0.034,0.0333,81354.77,81236.53,0.34090000000000004,0.62065,8e-05,55.09573,868.8,17.9
2026-09-20T18:34:12Z,2026-10-02,12,80000.0,P,0.016,0.017,0.0165,81361.39,81236.53,0.34090000000000004,-0.37884,8e-05,55.07746,17.4,4.4
2026-09-20T18:34:12Z,2026-10-02,12,81000.0,C,0.026,0.027,0.0264,81354.77,81236.53,0.33990000000000004,0.54082,8e-05,57.45477,316.1,2.6
2026-09-20T18:34:12Z,2026-10-02,12,81000.0,P,0.0215,0.0225,0.0219,81361.39,81236.53,0.33990000000000004,-0.45865,8e-05,57.45147,84.2,54.5
2026-09-20T18:34:12Z,2026-10-02,12,82000.0,C,0.02,0.021,0.0206,81354.77,81236.53,0.34049999999999997,0.46014,8e-05,57.4688,1739.3,51.0
2026-09-20T18:34:12Z,2026-10-02,12,82000.0,P,0.028,0.029,0.0284,81361.39,81236.53,0.34049999999999997,-0.53933,8e-05,57.48115,22.7,0.0
2026-09-20T18:34:12Z,2026-10-02,12,83000.0,C,0.0155,0.0165,0.0159,81354.77,81236.53,0.3433,0.38315,8e-05,55.26173,117.8,18.3
2026-09-20T18:34:12Z,2026-10-02,12,83000.0,P,0.035,0.037,0.0359,81361.39,81236.53,0.3433,-0.61634,8e-05,55.28806,21.2,0.0
2026-09-20T18:34:12Z,2026-10-02,12,84000.0,C,0.0115,0.0125,0.012,81361.39,81236.53,0.3447,0.31221,7e-05,51.23782,1316.2,79.7
2026-09-20T18:34:12Z,2026-10-02,12,84000.0,P,0.0435,0.0455,0.0443,81354.77,81236.53,0.3447,-0.68826,7e-05,51.20034,0.1,0.0
2026-09-20T18:34:12Z,2026-10-02,12,85000.0,C,0.0085,0.0095,0.009,81354.69,81236.53,0.3489,0.24989,6e-05,45.99616,742.0,49.5
2026-09-20T18:34:12Z,2026-10-02,12,85000.0,P,0.0515,0.057,0.0537,81354.69,81236.53,0.3489,-0.75011,6e-05,45.99616,0.0,0.0
2026-09-20T18:34:12Z,2026-10-02,12,86000.0,C,0.0065,0.007,0.0067,81355.11,81236.53,0.35369999999999996,0.19748,5e-05,40.22363,344.6,100.1
2026-09-20T18:34:12Z,2026-10-02,12,86000.0,P,0.0615,0.0665,0.0637,81354.69,81236.53,0.35369999999999996,-0.80254,5e-05,40.22062,0.0,0.0
2026-09-20T18:34:12Z,2026-10-02,12,88000.0,C,0.0037,0.0041,0.0039,81355.11,81236.53,0.36939999999999995,0.1227,4e-05,29.41759,42.0,30.1
2026-09-20T18:34:12Z,2026-10-02,12,88000.0,P,0.0825,0.0875,0.0855,81354.69,81236.53,0.36939999999999995,-0.87732,4e-05,29.41463,0.0,0.0
2026-09-20T18:34:12Z,2026-10-02,12,90000.0,C,0.0022,0.0025,0.0023,81355.11,81236.53,0.3884,0.07686,3e-05,20.88062,76.7,8.7
2026-09-20T18:34:12Z,2026-10-02,12,90000.0,P,0.106,0.1105,0.1085,81354.69,81236.53,0.3884,-0.92315,3e-05,20.8781,0.1,0.0
2026-09-20T18:34:12Z,2026-10-02,12,95000.0,C,0.0006,0.0007,0.0007,81354.69,81236.53,0.4303,0.02347,1e-05,8.02504,393.8,3.8
2026-09-20T18:34:12Z,2026-10-02,12,95000.0,P,0.165,0.171,0.1683,81355.11,81236.53,0.4303,-0.97652,1e-05,8.02616,0.1,0.0
2026-09-20T18:34:12Z,2026-10-09,19,65000.0,C,0.201,0.205,0.2026,81422.28,81236.53,0.5031,0.97944,1e-05,9.10078,0.0,0.0
2026-09-20T18:34:12Z,2026-10-09,19,65000.0,P,0.0008,0.001,0.0009,81422.29,81236.53,0.5031,-0.02056,1e-05,9.1008,11.6,0.5
2026-09-20T18:34:12Z,2026-10-09,19,68000.0,C,0.165,0.169,0.1663,81422.87,81236.53,0.4508,0.96584,1e-05,13.90721,0.0,0.0
2026-09-20T18:34:12Z,2026-10-09,19,68000.0,P,0.0013,0.0015,0.0014,81422.87,81236.53,0.4508,-0.03416,1e-05,13.90721,15.2,0.0
2026-09-20T18:34:12Z,2026-10-09,19,70000.0,C,0.141,0.145,0.1423,81422.29,81236.53,0.41969999999999996,0.94996,1e-05,18.94801,0.0,0.0
2026-09-20T18:34:12Z,2026-10-09,19,70000.0,P,0.0019,0.0022,0.0021,81422.29,81236.53,0.41969999999999996,-0.05004,1e-05,18.94801,84.3,5.5
2026-09-20T18:34:12Z,2026-10-09,19,72000.0,C,0.1175,0.1215,0.1188,81422.29,81236.53,0.3922,0.92432,2e-05,26.17019,0.0,0.0
2026-09-20T18:34:12Z,2026-10-09,19,72000.0,P,0.0029,0.0033,0.0031,81422.87,81236.53,0.3922,-0.07567,2e-05,26.16735,61.9,3.5
2026-09-20T18:34:12Z,2026-10-09,19,73000.0,C,0.106,0.1105,0.1074,81422.29,81236.53,0.38049999999999995,0.90586,2e-05,30.82539,0.2,0.1
2026-09-20T18:34:12Z,2026-10-09,19,73000.0,P,0.0037,0.0041,0.0039,81422.29,81236.53,0.38049999999999995,-0.09414,2e-05,30.82539,102.9,31.5
2026-09-20T18:34:12Z,2026-10-09,19,74000.0,C,0.094,0.099,0.0963,81422.87,81236.53,0.3732,0.8806,3e-05,36.59838,0.2,0.1
2026-09-20T18:34:12Z,2026-10-09,19,74000.0,P,0.0047,0.0055,0.0051,81422.87,81236.53,0.3732,-0.1194,3e-05,36.59838,35.2,1.9
2026-09-20T18:34:12Z,2026-10-09,19,75000.0,C,0.083,0.0875,0.0854,81422.87,81236.53,0.3629,0.85197,3e-05,42.43206,0.1,0.0
2026-09-20T18:34:12Z,2026-10-09,19,75000.0,P,0.006,0.007,0.0065,81422.29,81236.53,0.3629,-0.14805,3e-05,42.43562,200.9,112.3
2026-09-20T18:34:12Z,2026-10-09,19,76000.0,C,0.072,0.078,0.0749,81422.87,81236.53,0.3546,0.81644,4e-05,48.7705,50.1,0.0
2026-09-20T18:34:12Z,2026-10-09,19,76000.0,P,0.008,0.0085,0.0083,81422.87,81236.53,0.3546,-0.18356,4e-05,48.7705,80.9,26.7
2026-09-20T18:34:12Z,2026-10-09,19,77000.0,C,0.064,0.066,0.065,81422.87,81236.53,0.348,0.77367,5e-05,55.24805,57.8,0.0
2026-09-20T18:34:12Z,2026-10-09,19,77000.0,P,0.01,0.011,0.0107,81422.29,81236.53,0.348,-0.22635,5e-05,55.25142,27.1,3.6
2026-09-20T18:34:12Z,2026-10-09,19,78000.0,C,0.055,0.057,0.0558,81424.53,81236.53,0.3431,0.72378,5e-05,61.39717,26.7,0.1
2026-09-20T18:34:12Z,2026-10-09,19,78000.0,P,0.0135,0.014,0.0137,81424.53,81236.53,0.3431,-0.27622,5e-05,61.39717,24.0,6.5
2026-09-20T18:34:12Z,2026-10-09,19,79000.0,C,0.0465,0.0485,0.0474,81424.53,81236.53,0.34119999999999995,0.66691,6e-05,66.73977,14.5,8.4
2026-09-20T18:34:12Z,2026-10-09,19,79000.0,P,0.017,0.018,0.0177,81424.53,81236.53,0.34119999999999995,-0.33309,6e-05,66.73977,47.2,2.6
2026-09-20T18:34:12Z,2026-10-09,19,80000.0,C,0.039,0.0405,0.0397,81424.53,81236.53,0.3382,0.60626,6e-05,70.6342,92.7,37.1
2026-09-20T18:34:12Z,2026-10-09,19,80000.0,P,0.0215,0.0225,0.0222,81424.53,81236.53,0.3382,-0.39374,6e-05,70.6342,14.1,0.2
2026-09-20T18:34:12Z,2026-10-09,19,81000.0,C,0.0325,0.0335,0.0329,81424.53,81236.53,0.33740000000000003,0.54251,6e-05,72.83198,100.1,13.4
2026-09-20T18:34:12Z,2026-10-09,19,81000.0,P,0.027,0.028,0.0277,81422.9,81236.53,0.33740000000000003,-0.4576,6e-05,72.83256,10.7,1.8
2026-09-20T18:34:12Z,2026-10-09,19,82000.0,C,0.0265,0.0275,0.027,81424.53,81236.53,0.3371,0.47822,6e-05,73.13892,284.8,15.2
2026-09-20T18:34:12Z,2026-10-09,19,82000.0,P,0.0335,0.0345,0.0341,81424.53,81236.53,0.3371,-0.52178,6e-05,73.13892,11.0,5.1
2026-09-20T18:34:12Z,2026-10-09,19,83000.0,C,0.0215,0.0225,0.0219,81424.53,81236.53,0.3369,0.41518,6e-05,71.5862,101.1,70.5
2026-09-20T18:34:12Z,2026-10-09,19,83000.0,P,0.0405,0.0415,0.0413,81424.53,81236.53,0.3369,-0.58482,6e-05,71.5862,19.2,0.0
2026-09-20T18:34:12Z,2026-10-09,19,84000.0,C,0.017,0.018,0.0175,81424.53,81236.53,0.33649999999999997,0.35478,6e-05,68.34011,192.7,13.3
2026-09-20T18:34:12Z,2026-10-09,19,84000.0,P,0.048,0.05,0.0491,81424.53,81236.53,0.33649999999999997,-0.64522,6e-05,68.34011,0.0,0.0
2026-09-20T18:34:12Z,2026-10-09,19,85000.0,C,0.0135,0.0145,0.0139,81424.53,81236.53,0.33759999999999996,0.29927,6e-05,63.76788,545.4,58.3
2026-09-20T18:34:12Z,2026-10-09,19,85000.0,P,0.0565,0.0585,0.0578,81424.53,81236.53,0.33759999999999996,-0.70073,6e-05,63.7677,1.0,1.0
2026-09-20T18:34:12Z,2026-10-09,19,86000.0,C,0.0105,0.0115,0.011,81422.9,81236.53,0.3396,0.24957,5e-05,58.29167,571.2,344.4
2026-09-20T18:34:12Z,2026-10-09,19,86000.0,P,0.0645,0.0705,0.0672,81424.53,81236.53,0.3396,-0.75034,5e-05,58.30313,0.0,0.0
2026-09-20T18:34:12Z,2026-10-09,19,88000.0,C,0.0065,0.007,0.0067,81422.9,81236.53,0.3446,0.16834,4e-05,46.16942,73.6,28.2
2026-09-20T18:34:12Z,2026-10-09,19,88000.0,P,0.0845,0.0905,0.0875,81424.53,81236.53,0.3446,-0.83159,4e-05,46.18185,0.0,0.0
2026-09-20T18:34:12Z,2026-10-09,19,90000.0,C,0.004,0.0044,0.0042,81422.32,81236.53,0.3546,0.11263,3e-05,35.11311,371.7,311.5
2026-09-20T18:34:12Z,2026-10-09,19,90000.0,P,0.1065,0.1125,0.1096,81422.32,81236.53,0.3546,-0.88737,3e-05,35.11311,0.0,0.0
2026-09-20T18:34:12Z,2026-10-09,19,95000.0,C,0.0013,0.0015,0.0015,81422.32,81236.53,0.3871,0.04242,1e-05,16.59199,2.2,1.2
2026-09-20T18:34:12Z,2026-10-09,19,95000.0,P,0.1645,0.1705,0.1682,81422.32,81236.53,0.3871,-0.95758,1e-05,16.59199,0.0,0.0
2026-09-20T18:34:12Z,2026-10-30,40,40000.0,C,0.51,0.5115,0.5106,81688.03,81236.53,0.8190999999999999,0.9973,0.0,2.23457,0.3,0.0
2026-09-20T18:34:12Z,2026-10-30,40,40000.0,P,0.0002,0.0003,0.0002,81685.82,81236.53,0.8190999999999999,-0.0027,0.0,2.23528,83.8,0.0
2026-09-20T18:34:12Z,2026-10-30,40,45000.0,C,0.448,0.451,0.4495,81685.82,81236.53,0.7331,0.99522,0.0,3.73858,0.1,0.0
2026-09-20T18:34:12Z,2026-10-30,40,45000.0,P,0.0003,0.0005,0.0004,81685.82,81236.53,0.7331,-0.00478,0.0,3.73858,218.3,0.0
2026-09-20T18:34:12Z,2026-10-30,40,48000.0,C,0.4115,0.4145,0.413,81685.82,81236.53,0.6929000000000001,0.99276,0.0,5.40099,8.5,0.0
2026-09-20T18:34:12Z,2026-10-30,40,48000.0,P,0.0005,0.0007,0.0006,81685.82,81236.53,0.6929000000000001,-0.00724,0.0,5.40099,196.0,0.0
2026-09-20T18:34:12Z,2026-10-30,40,50000.0,C,0.387,0.3905,0.3886,81685.82,81236.53,0.659,0.99113,0.0,6.45477,1.1,0.0
2026-09-20T18:34:12Z,2026-10-30,40,50000.0,P,0.0006,0.0008,0.0007,81685.82,81236.53,0.659,-0.00887,0.0,6.45477,436.7,0.1
2026-09-20T18:34:12Z,2026-10-30,40,52000.0,C,0.363,0.366,0.3642,81685.82,81236.53,0.6252,0.98919,0.0,7.6682,0.1,0.0
2026-09-20T18:34:12Z,2026-10-30,40,52000.0,P,0.0007,0.0009,0.0008,81685.82,81236.53,0.6252,-0.01081,0.0,7.6682,127.7,5.0
2026-09-20T18:34:12Z,2026-10-30,40,54000.0,C,0.3385,0.342,0.3399,81685.82,81236.53,0.5954999999999999,0.98643,0.0,9.34441,0.1,0.0
2026-09-20T18:34:12Z,2026-10-30,40,54000.0,P,0.0009,0.0011,0.001,81685.82,81236.53,0.5954999999999999,-0.01357,0.0,9.34441,189.8,0.0
2026-09-20T18:34:12Z,2026-10-30,40,55000.0,C,0.3255,0.33,0.3278,81685.82,81236.53,0.5806,0.9848,0.0,10.29818,0.1,0.0
2026-09-20T18:34:12Z,2026-10-30,40,55000.0,P,0.001,0.0012,0.0011,81685.82,81236.53,0.5806,-0.0152,0.0,10.29818,325.0,1.5
2026-09-20T18:34:12Z,2026-10-30,40,56000.0,C,0.3135,0.3175,0.3157,81685.82,81236.53,0.5668,0.98285,0.0,11.42489,0.5,0.0
2026-09-20T18:34:12Z,2026-10-30,40,56000.0,P,0.0011,0.0014,0.0012,81685.82,81236.53,0.5668,-0.01715,0.0,11.42489,466.2,0.0
2026-09-20T18:34:12Z,2026-10-30,40,57000.0,C,0.302,0.3055,0.3036,81685.82,81236.53,0.5511,0.98096,0.0,12.49028,0.1,0.0
2026-09-20T18:34:12Z,2026-10-30,40,57000.0,P,0.0012,0.0015,0.0013,81685.82,81236.53,0.5511,-0.01904,0.0,12.49028,205.7,0.0
2026-09-20T18:34:12Z,2026-10-30,40,58000.0,C,0.2895,0.2935,0.2914,81685.82,81236.53,0.5346,0.979,0.0,13.5689,0.0,0.0
2026-09-20T18:34:12Z,2026-10-30,40,58000.0,P,0.0013,0.0016,0.0015,81685.82,81236.53,0.5346,-0.021,0.0,13.5689,336.1,0.0
2026-09-20T18:34:12Z,2026-10-30,40,59000.0,C,0.277,0.2815,0.2793,81685.82,81236.53,0.5209,0.97631,0.0,15.02194,1.0,0.0
2026-09-20T18:34:12Z,2026-10-30,40,59000.0,P,0.0015,0.0018,0.0016,81685.82,81236.53,0.5209,-0.02369,0.0,15.02194,102.6,0.0
2026-09-20T18:34:12Z,2026-10-30,40,60000.0,C,0.266,0.2695,0.2673,81685.82,81236.53,0.507,0.97332,0.0,16.59764,16.4,3.0
2026-09-20T18:34:12Z,2026-10-30,40,60000.0,P,0.0016,0.002,0.0018,81685.82,81236.53,0.507,-0.02668,0.0,16.59764,1383.6,0.0
2026-09-20T18:34:12Z,2026-10-30,40,61000.0,C,0.254,0.258,0.2552,81685.82,81236.53,0.493,0.96996,1e-05,18.31999,7.7,0.0
2026-09-20T18:34:12Z,2026-10-30,40,61000.0,P,0.0018,0.0022,0.002,81685.82,81236.53,0.493,-0.03004,1e-05,18.31999,278.1,0.1
2026-09-20T18:34:12Z,2026-10-30,40,62000.0,C,0.2415,0.2455,0.2433,81685.82,81236.53,0.4804,0.96581,1e-05,20.38417,13.5,0.0
2026-09-20T18:34:12Z,2026-10-30,40,62000.0,P,0.0021,0.0024,0.0023,81685.82,81236.53,0.4804,-0.03419,1e-05,20.38417,1309.6,0.0
2026-09-20T18:34:12Z,2026-10-30,40,63000.0,C,0.2295,0.2335,0.2313,81688.03,81236.53,0.46619999999999995,0.96157,1e-05,22.43137,153.2,0.0
2026-09-20T18:34:12Z,2026-10-30,40,63000.0,P,0.0023,0.0027,0.0025,81685.82,81236.53,0.46619999999999995,-0.03844,1e-05,22.43776,678.5,0.0
2026-09-20T18:34:12Z,2026-10-30,40,64000.0,C,0.218,0.2215,0.2193,81688.03,81236.53,0.4535,0.95627,1e-05,24.9072,416.7,0.0
2026-09-20T18:34:12Z,2026-10-30,40,64000.0,P,0.0026,0.003,0.0028,81685.82,81236.53,0.4535,-0.04374,1e-05,24.91424,647.1,0.5
2026-09-20T18:34:12Z,2026-10-30,40,65000.0,C,0.2055,0.21,0.2076,81685.82,81236.53,0.4454,0.94863,1e-05,28.3382,430.4,0.0
2026-09-20T18:34:12Z,2026-10-30,40,65000.0,P,0.0033,0.0034,0.0033,81685.82,81236.53,0.4454,-0.05137,1e-05,28.3382,628.6,0.1
2026-09-20T18:34:12Z,2026-10-30,40,66000.0,C,0.1935,0.198,0.1957,81685.82,81236.53,0.4307,0.94235,1e-05,31.04595,87.5,2.0
2026-09-20T18:34:12Z,2026-10-30,40,66000.0,P,0.0036,0.0039,0.0037,81685.82,81236.53,0.4307,-0.05765,1e-05,31.04595,474.9,2.0
2026-09-20T18:34:12Z,2026-10-30,40,67000.0,C,0.182,0.1865,0.1841,81685.82,81236.53,0.4204,0.93335,1e-05,34.7677,108.4,0.0
2026-09-20T18:34:12Z,2026-10-30,40,67000.0,P,0.0041,0.0044,0.0043,81685.82,81236.53,0.4204,-0.06665,1e-05,34.7677,630.4,0.1
2026-09-20T18:34:12Z,2026-10-30,40,68000.0,C,0.17,0.175,0.1727,81685.82,81236.53,0.414,0.92126,1e-05,39.50018,514.8,0.0
2026-09-20T18:34:12Z,2026-10-30,40,68000.0,P,0.0048,0.0055,0.0051,81685.82,81236.53,0.414,-0.07874,1e-05,39.50018,1567.2,10.5
2026-09-20T18:34:12Z,2026-10-30,40,69000.0,C,0.158,0.164,0.1611,81685.96,81236.53,0.40090000000000003,0.91067,1e-05,43.42746,649.6,0.0
2026-09-20T18:34:12Z,2026-10-30,40,69000.0,P,0.0055,0.006,0.0058,81685.96,81236.53,0.40090000000000003,-0.08933,1e-05,43.42746,571.8,10.9
2026-09-20T18:34:12Z,2026-10-30,40,70000.0,C,0.1475,0.1525,0.1498,81685.96,81236.53,0.3923,0.89616,2e-05,48.50857,1062.3,0.1
2026-09-20T18:34:12Z,2026-10-30,40,70000.0,P,0.0065,0.007,0.0068,81685.82,81236.53,0.3923,-0.10385,2e-05,48.50929,1133.7,22.0
2026-09-20T18:34:12Z,2026-10-30,40,71000.0,C,0.1365,0.1415,0.1388,81685.96,81236.53,0.3848,0.879,2e-05,54.11152,966.1,0.0
2026-09-20T18:34:12Z,2026-10-30,40,71000.0,P,0.0075,0.0085,0.008,81685.96,81236.53,0.3848,-0.121,2e-05,54.11152,687.0,0.6
2026-09-20T18:34:12Z,2026-10-30,40,72000.0,C,0.1255,0.131,0.128,81685.96,81236.53,0.37810000000000005,0.8591,2e-05,60.11636,478.7,0.0
2026-09-20T18:34:12Z,2026-10-30,40,72000.0,P,0.009,0.01,0.0095,81685.96,81236.53,0.37810000000000005,-0.1409,2e-05,60.11636,800.6,1.9
2026-09-20T18:34:12Z,2026-10-30,40,73000.0,C,0.115,0.1205,0.1174,81685.96,81236.53,0.3696,0.83761,2e-05,66.06803,609.0,0.0
2026-09-20T18:34:12Z,2026-10-30,40,73000.0,P,0.0105,0.0115,0.011,81685.96,81236.53,0.3696,-0.16239,2e-05,66.06803,419.7,25.9
2026-09-20T18:34:12Z,2026-10-30,40,74000.0,C,0.1045,0.1105,0.1072,81685.96,81236.53,0.36369999999999997,0.81198,3e-05,72.50655,394.8,0.0
2026-09-20T18:34:12Z,2026-10-30,40,74000.0,P,0.0125,0.0135,0.0131,81685.96,81236.53,0.36369999999999997,-0.18802,3e-05,72.50655,382.1,16.4
2026-09-20T18:34:12Z,2026-10-30,40,75000.0,C,0.097,0.099,0.0974,81685.96,81236.53,0.3591,0.78271,3e-05,79.05916,1176.9,0.0
2026-09-20T18:34:12Z,2026-10-30,40,75000.0,P,0.015,0.016,0.0156,81685.96,81236.53,0.3591,-0.21729,3e-05,79.05916,984.5,2.2
2026-09-20T18:34:12Z,2026-10-30,40,76000.0,C,0.0875,0.0895,0.0882,81685.96,81236.53,0.3558,0.75003,3e-05,85.45098,487.3,0.0
2026-09-20T18:34:12Z,2026-10-30,40,76000.0,P,0.018,0.019,0.0185,81685.96,81236.53,0.3558,-0.24997,3e-05,85.4509,461.9,0.1
2026-09-20T18:34:12Z,2026-10-30,40,77000.0,C,0.0785,0.0805,0.0793,81686.31,81236.53,0.35229999999999995,0.71479,4e-05,91.33083,219.9,0.0
2026-09-20T18:34:12Z,2026-10-30,40,77000.0,P,0.0215,0.0225,0.0219,81686.31,81236.53,0.35229999999999995,-0.28521,4e-05,91.33083,251.7,0.2
2026-09-20T18:34:12Z,2026-10-30,40,78000.0,C,0.0705,0.072,0.0709,81686.31,81236.53,0.34909999999999997,0.67699,4e-05,96.54462,512.1,1.1
2026-09-20T18:34:12Z,2026-10-30,40,78000.0,P,0.0255,0.0265,0.0258,81686.31,81236.53,0.34909999999999997,-0.32301,4e-05,96.54478,669.3,0.7
2026-09-20T18:34:12Z,2026-10-30,40,79000.0,C,0.0625,0.0645,0.0631,81685.96,81236.53,0.3468,0.63681,4e-05,100.91164,269.2,0.0
2026-09-20T18:34:12Z,2026-10-30,40,79000.0,P,0.0295,0.0305,0.0302,81686.31,81236.53,0.3468,-0.36317,4e-05,100.91074,556.4,0.1
2026-09-20T18:34:12Z,2026-10-30,40,80000.0,C,0.0555,0.0565,0.0559,81686.31,81236.53,0.3454,0.59496,4e-05,104.23051,1394.1,1.7
2026-09-20T18:34:12Z,2026-10-30,40,80000.0,P,0.035,0.036,0.0353,81686.31,81236.53,0.3454,-0.40504,4e-05,104.23051,1067.0,1.4
2026-09-20T18:34:12Z,2026-10-30,40,81000.0,C,0.049,0.05,0.0494,81686.31,81236.53,0.3446,0.55215,4e-05,106.36623,698.7,1.6
2026-09-20T18:34:12Z,2026-10-30,40,81000.0,P,0.0405,0.0415,0.041,81686.31,81236.53,0.3446,-0.44785,4e-05,106.36623,189.1,0.8
2026-09-20T18:34:12Z,2026-10-30,40,82000.0,C,0.043,0.044,0.0433,81686.31,81236.53,0.34380000000000005,0.50907,4e-05,107.25648,1274.0,1.6
2026-09-20T18:34:12Z,2026-10-30,40,82000.0,P,0.0465,0.0475,0.0472,81686.31,81236.53,0.34380000000000005,-0.49093,4e-05,107.25648,68.7,0.3
2026-09-20T18:34:12Z,2026-10-30,40,83000.0,C,0.0375,0.0385,0.0378,81686.31,81236.53,0.3431,0.46621,4e-05,106.89924,662.1,3.1
2026-09-20T18:34:12Z,2026-10-30,40,83000.0,P,0.0535,0.0545,0.0539,81686.31,81236.53,0.3431,-0.53379,4e-05,106.89924,104.7,1.6
2026-09-20T18:34:12Z,2026-10-30,40,84000.0,C,0.0325,0.0335,0.0328,81686.31,81236.53,0.3425,0.42414,4e-05,105.33872,1511.0,30.6
2026-09-20T18:34:12Z,2026-10-30,40,84000.0,P,0.0605,0.0615,0.0612,81685.96,81236.53,0.3425,-0.57587,4e-05,105.33751,41.6,0.0
2026-09-20T18:34:12Z,2026-10-30,40,85000.0,C,0.028,0.029,0.0284,81686.31,81236.53,0.3423,0.38342,4e-05,102.66993,2243.3,1.9
2026-09-20T18:34:12Z,2026-10-30,40,85000.0,P,0.068,0.07,0.069,81686.31,81236.53,0.3423,-0.61658,4e-05,102.66986,132.6,0.3
2026-09-20T18:34:12Z,2026-10-30,40,86000.0,C,0.024,0.025,0.0244,81686.31,81236.53,0.3422,0.34441,4e-05,99.01787,883.3,5.2
2026-09-20T18:34:12Z,2026-10-30,40,86000.0,P,0.076,0.078,0.0772,81686.41,81236.53,0.3422,-0.65558,4e-05,99.0185,98.5,0.0
2026-09-20T18:34:12Z,2026-10-30,40,87000.0,C,0.0205,0.0215,0.0209,81686.41,81236.53,0.34240000000000004,0.3076,4e-05,94.55221,863.4,9.4
2026-09-20T18:34:12Z,2026-10-30,40,87000.0,P,0.0845,0.087,0.086,81686.31,81236.53,0.34240000000000004,-0.6924,4e-05,94.55158,29.1,0.0
2026-09-20T18:34:12Z,2026-10-30,40,88000.0,C,0.0175,0.0185,0.018,81686.41,81236.53,0.34340000000000004,0.27357,4e-05,89.50147,1201.5,1.2
2026-09-20T18:34:12Z,2026-10-30,40,88000.0,P,0.0915,0.0985,0.0953,81686.41,81236.53,0.34340000000000004,-0.72643,4e-05,89.50147,8.1,0.0
2026-09-20T18:34:12Z,2026-10-30,40,89000.0,C,0.015,0.016,0.0154,81686.41,81236.53,0.3452,0.24264,3e-05,84.09961,625.2,20.0
2026-09-20T18:34:12Z,2026-10-30,40,89000.0,P,0.1015,0.108,0.105,81686.41,81236.53,0.3452,-0.75736,3e-05,84.09961,5.0,0.0
2026-09-20T18:34:12Z,2026-10-30,40,90000.0,C,0.0125,0.0135,0.0131,81686.41,81236.53,0.3456,0.21335,3e-05,78.22478,3137.9,3.3
2026-09-20T18:34:12Z,2026-10-30,40,90000.0,P,0.112,0.118,0.1149,81686.41,81236.53,0.3456,-0.78665,3e-05,78.22478,6.9,0.0
2026-09-20T18:34:12Z,2026-10-30,40,91000.0,C,0.0105,0.0115,0.0111,81686.41,81236.53,0.34619999999999995,0.18665,3e-05,72.1794,151.3,22.0
2026-09-20T18:34:12Z,2026-10-30,40,91000.0,P,0.1215,0.1285,0.1251,81686.41,81236.53,0.34619999999999995,-0.81335,3e-05,72.17951,0.2,0.0
2026-09-20T18:34:12Z,2026-10-30,40,92000.0,C,0.009,0.01,0.0095,81686.41,81236.53,0.349,0.16421,3e-05,66.54786,1183.4,12.3
2026-09-20T18:34:12Z,2026-10-30,40,92000.0,P,0.1315,0.14,0.1358,81686.41,81236.53,0.349,-0.83579,3e-05,66.54786,0.1,0.0
2026-09-20T18:34:12Z,2026-10-30,40,94000.0,C,0.0065,0.0075,0.007,81686.41,81236.53,0.35479999999999995,0.12639,2e-05,55.78718,481.0,12.0
2026-09-20T18:34:12Z,2026-10-30,40,94000.0,P,0.154,0.161,0.1577,81686.41,81236.53,0.35479999999999995,-0.87361,2e-05,55.78718,0.1,0.0
2026-09-20T18:34:12Z,2026-10-30,40,95000.0,C,0.0055,0.0065,0.006,81687.86,81236.53,0.3576,0.11056,2e-05,50.75327,1347.7,2.7
2026-09-20T18:34:12Z,2026-10-30,40,95000.0,P,0.165,0.1725,0.169,81687.86,81236.53,0.3576,-0.88944,2e-05,50.75327,0.3,0.0
2026-09-20T18:34:12Z,2026-10-30,40,96000.0,C,0.0049,0.0055,0.0052,81687.86,81236.53,0.3617,0.09747,2e-05,46.31937,235.5,2.9
2026-09-20T18:34:12Z,2026-10-30,40,96000.0,P,0.177,0.1845,0.1804,81687.86,81236.53,0.3617,-0.90253,2e-05,46.31937,0.1,0.0
2026-09-20T18:34:12Z,2026-10-30,40,98000.0,C,0.0037,0.0041,0.0039,81687.86,81236.53,0.36840000000000006,0.07486,1e-05,38.01383,307.4,6.3
2026-09-20T18:34:12Z,2026-10-30,40,98000.0,P,0.2,0.206,0.2036,81687.86,81236.53,0.36840000000000006,-0.92514,1e-05,38.01383,0.0,0.0
2026-09-20T18:34:12Z,2026-10-30,40,100000.0,C,0.0028,0.003,0.0029,81687.86,81236.53,0.37579999999999997,0.05784,1e-05,31.1285,1998.6,12.7
2026-09-20T18:34:12Z,2026-10-30,40,100000.0,P,0.2235,0.2295,0.2271,81687.86,81236.53,0.37579999999999997,-0.94216,1e-05,31.1285,0.4,0.0
2026-09-20T18:34:12Z,2026-10-30,40,102000.0,C,0.0021,0.0025,0.0023,81687.86,81236.53,0.3849,0.04557,1e-05,25.752,224.9,0.0
2026-09-20T18:34:12Z,2026-10-30,40,102000.0,P,0.2475,0.2545,0.2509,81686.41,81236.53,0.3849,-0.95444,1e-05,25.74544,0.0,0.0
2026-09-20T18:34:12Z,2026-10-30,40,104000.0,C,0.0015,0.0018,0.0017,81687.86,81236.53,0.39,0.03464,1e-05,20.60464,121.0,0.0
2026-09-20T18:34:12Z,2026-10-30,40,104000.0,P,0.27,0.278,0.2748,81687.86,81236.53,0.39,-0.96536,1e-05,20.60464,0.0,0.0
2026-09-20T18:34:12Z,2026-10-30,40,105000.0,C,0.0015,0.0017,0.0016,81687.86,81236.53,0.39890000000000003,0.03243,1e-05,19.51536,1144.0,1.0
2026-09-20T18:34:12Z,2026-10-30,40,105000.0,P,0.282,0.29,0.287,81687.86,81236.53,0.39890000000000003,-0.96757,1e-05,19.51536,0.6,0.0
2026-09-20T18:34:12Z,2026-10-30,40,110000.0,C,0.0008,0.001,0.0009,81687.86,81236.53,0.41969999999999996,0.01854,0.0,12.20992,1037.6,10.2
2026-09-20T18:34:12Z,2026-10-30,40,110000.0,P,0.343,0.3515,0.3475,81687.86,81236.53,0.41969999999999996,-0.98146,0.0,12.20992,0.0,0.0
2026-09-20T18:34:12Z,2026-11-27,68,58000.0,C,0.2935,0.299,0.2964,82005.75,81236.53,0.4891,0.96003,0.0,30.38559,0.1,0.0
2026-09-20T18:34:12Z,2026-11-27,68,58000.0,P,0.0034,0.0039,0.0037,82005.75,81236.53,0.4891,-0.03997,0.0,30.38559,41.2,0.0
2026-09-20T18:34:12Z,2026-11-27,68,60000.0,C,0.27,0.2755,0.2728,82005.58,81236.53,0.4693,0.95038,1e-05,36.1671,0.2,0.0
2026-09-20T18:34:12Z,2026-11-27,68,60000.0,P,0.0043,0.0047,0.0045,82005.75,81236.53,0.4693,-0.04962,1e-05,36.16656,208.9,1.1
2026-09-20T18:34:12Z,2026-11-27,68,62000.0,C,0.2465,0.2525,0.2495,82005.58,81236.53,0.45020000000000004,0.93831,1e-05,42.95104,0.0,0.0
2026-09-20T18:34:12Z,2026-11-27,68,62000.0,P,0.0055,0.006,0.0056,82005.58,81236.53,0.45020000000000004,-0.06169,1e-05,42.95104,323.6,0.0
2026-09-20T18:34:12Z,2026-11-27,68,64000.0,C,0.2235,0.23,0.2266,82005.75,81236.53,0.4334,0.92262,1e-05,51.14526,0.0,0.0
2026-09-20T18:34:12Z,2026-11-27,68,64000.0,P,0.0065,0.0075,0.007,82005.58,81236.53,0.4334,-0.07738,1e-05,51.14596,36.7,0.0
2026-09-20T18:34:12Z,2026-11-27,68,66000.0,C,0.202,0.2075,0.2042,82005.58,81236.53,0.4194,0.9021,1e-05,60.96555,0.0,0.0
2026-09-20T18:34:12Z,2026-11-27,68,66000.0,P,0.0085,0.0095,0.009,82005.58,81236.53,0.4194,-0.0979,1e-05,60.96555,160.4,2.5
2026-09-20T18:34:12Z,2026-11-27,68,67000.0,C,0.191,0.196,0.1931,82005.75,81236.53,0.41240000000000004,0.89025,1e-05,66.23389,0.5,0.0
2026-09-20T18:34:12Z,2026-11-27,68,67000.0,P,0.01,0.0105,0.0102,82005.58,81236.53,0.41240000000000004,-0.10976,1e-05,66.23471,57.1,0.0
2026-09-20T18:34:12Z,2026-11-27,68,68000.0,C,0.18,0.185,0.1823,82005.75,81236.53,0.406,0.87686,1e-05,71.8707,0.0,0.0
2026-09-20T18:34:12Z,2026-11-27,68,68000.0,P,0.011,0.012,0.0115,82005.58,81236.53,0.406,-0.12315,1e-05,71.87154,141.0,1.8
2026-09-20T18:34:12Z,2026-11-27,68,69000.0,C,0.1675,0.1745,0.1716,82005.99,81236.53,0.4,0.86206,2e-05,77.73946,0.0,0.0
2026-09-20T18:34:12Z,2026-11-27,68,69000.0,P,0.0125,0.0135,0.013,82005.99,81236.53,0.4,-0.13794,2e-05,77.73946,80.0,11.8
2026-09-20T18:34:12Z,2026-11-27,68,70000.0,C,0.1605,0.163,0.1614,82008.64,81236.53,0.39640000000000003,0.84462,2e-05,84.20851,6.6,0.1
2026-09-20T18:34:12Z,2026-11-27,68,70000.0,P,0.0145,0.0155,0.015,82005.99,81236.53,0.39640000000000003,-0.15542,2e-05,84.22196,231.7,0.4
2026-09-20T18:34:12Z,2026-11-27,68,71000.0,C,0.1505,0.1525,0.1512,82005.99,81236.53,0.3912,0.82648,2e-05,90.45759,0.1,0.0
2026-09-20T18:34:12Z,2026-11-27,68,71000.0,P,0.0165,0.0175,0.017,82005.99,81236.53,0.3912,-0.17352,2e-05,90.45759,27.7,0.0
2026-09-20T18:34:12Z,2026-11-27,68,72000.0,C,0.1405,0.143,0.1412,82008.64,81236.53,0.3856,0.80719,2e-05,96.60974,25.3,0.0
2026-09-20T18:34:12Z,2026-11-27,68,72000.0,P,0.0185,0.0195,0.0192,82008.64,81236.53,0.3856,-0.19281,2e-05,96.60974,69.3,0.5
2026-09-20T18:34:12Z,2026-11-27,68,73000.0,C,0.131,0.133,0.1318,82005.99,81236.53,0.38299999999999995,0.78477,2e-05,103.15286,0.3,0.0
2026-09-20T18:34:12Z,2026-11-27,68,73000.0,P,0.0215,0.0225,0.0219,82008.64,81236.53,0.38299999999999995,-0.21518,2e-05,103.14024,41.8,17.1
2026-09-20T18:34:12Z,2026-11-27,68,74000.0,C,0.122,0.124,0.1224,82008.64,81236.53,0.3787,0.7618,2e-05,109.23172,0.4,0.0
2026-09-20T18:34:12Z,2026-11-27,68,74000.0,P,0.0245,0.0255,0.0248,82008.64,81236.53,0.3787,-0.2382,2e-05,109.23172,58.5,2.9
2026-09-20T18:34:12Z,2026-11-27,68,75000.0,C,0.113,0.115,0.1135,82008.64,81236.53,0.37560000000000004,0.73683,2e-05,115.15743,268.6,0.0
2026-09-20T18:34:12Z,2026-11-27,68,75000.0,P,0.0275,0.0285,0.0281,82005.99,81236.53,0.37560000000000004,-0.26324,2e-05,115.1683,691.2,5.0
2026-09-20T18:34:12Z,2026-11-27,68,76000.0,C,0.1045,0.1065,0.1049,82005.99,81236.53,0.3725,0.71046,3e-05,120.67854,39.2,0.0
2026-09-20T18:34:12Z,2026-11-27,68,76000.0,P,0.031,0.032,0.0317,82005.99,81236.53,0.3725,-0.28954,3e-05,120.67854,55.5,1.0
2026-09-20T18:34:12Z,2026-11-27,68,77000.0,C,0.0965,0.098,0.0969,82005.99,81236.53,0.37060000000000004,0.68251,3e-05,125.75113,73.4,0.0
2026-09-20T18:34:12Z,2026-11-27,68,77000.0,P,0.0355,0.0365,0.0358,82008.64,81236.53,0.37060000000000004,-0.31742,3e-05,125.74309,112.9,0.0
2026-09-20T18:34:12Z,2026-11-27,68,78000.0,C,0.0885,0.0905,0.0891,82005.99,81236.53,0.36869999999999997,0.6536,3e-05,130.18544,277.1,0.0
2026-09-20T18:34:12Z,2026-11-27,68,78000.0,P,0.0395,0.041,0.0403,82005.99,81236.53,0.36869999999999997,-0.3464,3e-05,130.18544,187.8,0.0
2026-09-20T18:34:12Z,2026-11-27,68,79000.0,C,0.081,0.083,0.0818,82010.2,81236.53,0.36719999999999997,0.62389,3e-05,133.91501,160.8,0.0
2026-09-20T18:34:12Z,2026-11-27,68,79000.0,P,0.0445,0.0455,0.0452,82008.76,81236.53,0.36719999999999997,-0.37615,3e-05,133.91736,166.9,0.0
2026-09-20T18:34:12Z,2026-11-27,68,80000.0,C,0.0745,0.0755,0.0749,82008.76,81236.53,0.36579999999999996,0.59339,3e-05,136.88126,1154.6,5.7
2026-09-20T18:34:12Z,2026-11-27,68,80000.0,P,0.05,0.051,0.0505,82010.2,81236.53,0.36579999999999996,-0.40657,3e-05,136.88005,109.7,0.5
2026-09-20T18:34:12Z,2026-11-27,68,81000.0,C,0.068,0.069,0.0685,82010.2,81236.53,0.36460000000000004,0.56255,3e-05,139.02416,165.6,4.4
2026-09-20T18:34:12Z,2026-11-27,68,81000.0,P,0.0555,0.0565,0.0562,82010.2,81236.53,0.36460000000000004,-0.43745,3e-05,139.02416,37.7,0.1
2026-09-20T18:34:12Z,2026-11-27,68,82000.0,C,0.062,0.063,0.0624,82008.76,81236.53,0.36369999999999997,0.53145,3e-05,140.31792,165.9,2.4
2026-09-20T18:34:12Z,2026-11-27,68,82000.0,P,0.0615,0.063,0.0623,82008.76,81236.53,0.36369999999999997,-0.46855,3e-05,140.31792,56.5,0.0
2026-09-20T18:34:12Z,2026-11-27,68,83000.0,C,0.056,0.0575,0.0567,82010.2,81236.53,0.3629,0.5005,3e-05,140.75793,86.6,2.4
2026-09-20T18:34:12Z,2026-11-27,68,83000.0,P,0.068,0.0695,0.0689,82010.2,81236.53,0.3629,-0.4995,3e-05,140.75793,48.5,0.0
2026-09-20T18:34:12Z,2026-11-27,68,84000.0,C,0.051,0.052,0.0515,82010.2,81236.53,0.3624,0.4698,3e-05,140.35446,68.5,0.1
2026-09-20T18:34:12Z,2026-11-27,68,84000.0,P,0.075,0.0765,0.0758,82008.76,81236.53,0.3624,-0.53025,3e-05,140.35079,6.3,1.1
2026-09-20T18:34:12Z,2026-11-27,68,85000.0,C,0.046,0.047,0.0466,82008.76,81236.53,0.36200000000000004,0.43952,3e-05,139.13509,623.8,0.1
2026-09-20T18:34:12Z,2026-11-27,68,85000.0,P,0.0825,0.0835,0.0831,82008.76,81236.53,0.36200000000000004,-0.56048,3e-05,139.13509,26.2,2.5
2026-09-20T18:34:12Z,2026-11-27,68,86000.0,C,0.0415,0.0425,0.0421,82008.76,81236.53,0.3618,0.41004,3e-05,137.16157,180.7,0.5
2026-09-20T18:34:12Z,2026-11-27,68,86000.0,P,0.09,0.0915,0.0908,82008.76,81236.53,0.3618,-0.58996,3e-05,137.16157,30.2,0.0
2026-09-20T18:34:12Z,2026-11-27,68,87000.0,C,0.0375,0.0385,0.038,82010.26,81236.53,0.3616,0.38137,3e-05,134.48827,85.1,0.2
2026-09-20T18:34:12Z,2026-11-27,68,87000.0,P,0.0975,0.1,0.0989,82008.25,81236.53,0.3616,-0.61869,3e-05,134.47858,3.7,0.0
2026-09-20T18:34:12Z,2026-11-27,68,88000.0,C,0.034,0.035,0.0343,82010.26,81236.53,0.36219999999999997,0.35405,3e-05,131.22952,339.7,1.0
2026-09-20T18:34:12Z,2026-11-27,68,88000.0,P,0.106,0.1085,0.1074,82008.25,81236.53,0.36219999999999997,-0.64601,3e-05,131.21858,0.1,0.1
2026-09-20T18:34:12Z,2026-11-27,68,89000.0,C,0.0305,0.0315,0.0309,82010.26,81236.53,0.3625,0.32765,3e-05,127.40816,205.7,0.2
2026-09-20T18:34:12Z,2026-11-27,68,89000.0,P,0.1145,0.1175,0.1161,82010.26,81236.53,0.3625,-0.67235,3e-05,127.40816,0.1,0.0
2026-09-20T18:34:12Z,2026-11-27,68,90000.0,C,0.027,0.0285,0.0277,82010.26,81236.53,0.3626,0.30223,3e-05,123.08616,142.9,0.0
2026-09-20T18:34:12Z,2026-11-27,68,90000.0,P,0.1235,0.1265,0.1251,82010.26,81236.53,0.3626,-0.69777,3e-05,123.08616,0.5,0.0
2026-09-20T18:34:12Z,2026-11-27,68,91000.0,C,0.0245,0.0255,0.0249,82010.26,81236.53,0.3636,0.2787,3e-05,118.5015,96.6,1.5
2026-09-20T18:34:12Z,2026-11-27,68,91000.0,P,0.131,0.14,0.1346,82010.26,81236.53,0.3636,-0.7213,3e-05,118.5015,0.0,0.0
2026-09-20T18:34:12Z,2026-11-27,68,92000.0,C,0.022,0.023,0.0224,82010.26,81236.53,0.36460000000000004,0.25645,3e-05,113.63279,73.3,0.0
2026-09-20T18:34:12Z,2026-11-27,68,92000.0,P,0.1405,0.148,0.1442,82008.25,81236.53,0.36460000000000004,-0.7436,3e-05,113.61839,2.1,0.0
2026-09-20T18:34:12Z,2026-11-27,68,93000.0,C,0.0195,0.0205,0.02,82010.26,81236.53,0.3649,0.23498,2e-05,108.41931,47.2,0.0
2026-09-20T18:34:12Z,2026-11-27,68,93000.0,P,0.1505,0.1585,0.154,82008.25,81236.53,0.3649,-0.76507,2e-05,108.40442,2.0,0.0
2026-09-20T18:34:12Z,2026-11-27,68,94000.0,C,0.0175,0.0185,0.018,82010.26,81236.53,0.3664,0.21568,2e-05,103.28329,81.4,0.5
2026-09-20T18:34:12Z,2026-11-27,68,94000.0,P,0.1595,0.1685,0.1642,82010.26,81236.53,0.3664,-0.78432,2e-05,103.28329,3.0,3.0
2026-09-20T18:34:12Z,2026-11-27,68,95000.0,C,0.0155,0.0165,0.0161,82010.26,81236.53,0.3669,0.19695,2e-05,97.86667,53.2,0.0
2026-09-20T18:34:12Z,2026-11-27,68,95000.0,P,0.17,0.179,0.1745,82008.25,81236.53,0.3669,-0.80309,2e-05,97.85132,0.0,0.0
2026-09-20T18:34:12Z,2026-11-27,68,96000.0,C,0.014,0.015,0.0145,82007.21,81236.53,0.3691,0.18074,2e-05,92.81612,192.0,2.0
2026-09-20T18:34:12Z,2026-11-27,68,96000.0,P,0.181,0.1895,0.1851,82007.21,81236.53,0.3691,-0.81926,2e-05,92.81612,0.0,0.0
2026-09-20T18:34:12Z,2026-11-27,68,98000.0,C,0.0115,0.0125,0.0118,82008.25,81236.53,0.3734,0.15182,2e-05,82.92742,364.3,6.8
2026-09-20T18:34:12Z,2026-11-27,68,98000.0,P,0.2025,0.211,0.2068,82007.21,81236.53,0.3734,-0.84819,2e-05,82.91963,0.0,0.0
2026-09-20T18:34:12Z,2026-11-27,68,100000.0,C,0.009,0.01,0.0095,82008.25,81236.53,0.3763,0.12625,2e-05,73.13447,223.1,0.0
2026-09-20T18:34:12Z,2026-11-27,68,100000.0,P,0.224,0.233,0.2289,82007.21,81236.53,0.3763,-0.87377,2e-05,73.12698,0.0,0.0
2026-09-20T18:34:12Z,2026-11-27,68,102000.0,C,0.0075,0.0085,0.0078,82008.25,81236.53,0.3809,0.10575,1e-05,64.48518,130.5,1.0
2026-09-20T18:34:12Z,2026-11-27,68,102000.0,P,0.247,0.2555,0.2515,82008.25,81236.53,0.3809,-0.89425,1e-05,64.48518,0.0,0.0
2026-09-20T18:34:12Z,2026-11-27,68,104000.0,C,0.006,0.007,0.0064,82008.25,81236.53,0.3865,0.08924,1e-05,56.93365,14.1,1.5
2026-09-20T18:34:12Z,2026-11-27,68,104000.0,P,0.27,0.279,0.2746,82008.25,81236.53,0.3865,-0.91076,1e-05,56.93365,0.0,0.0
2026-09-20T18:34:12Z,2026-11-27,68,105000.0,C,0.0055,0.0065,0.0059,82008.25,81236.53,0.3893,0.08197,1e-05,53.42539,20.2,1.5
2026-09-20T18:34:12Z,2026-11-27,68,105000.0,P,0.2815,0.29,0.2862,82008.25,81236.53,0.3893,-0.91803,1e-05,53.42539,0.0,0.0
2026-09-20T18:34:12Z,2026-11-27,68,106000.0,C,0.005,0.0055,0.0054,82007.21,81236.53,0.3924,0.07554,1e-05,50.21697,27.1,1.5
2026-09-20T18:34:12Z,2026-11-27,68,106000.0,P,0.293,0.302,0.2979,82007.21,81236.53,0.3924,-0.92446,1e-05,50.21697,0.0,0.0
2026-09-20T18:34:12Z,2026-11-27,68,108000.0,C,0.0042,0.0047,0.0044,82008.25,81236.53,0.39659999999999995,0.06324,1e-05,43.79062,87.7,73.5
2026-09-20T18:34:12Z,2026-11-27,68,108000.0,P,0.3165,0.326,0.3213,82007.21,81236.53,0.39659999999999995,-0.93677,1e-05,43.78509,0.0,0.0
2026-09-20T18:34:12Z,2026-11-27,68,110000.0,C,0.0035,0.0039,0.0037,82008.25,81236.53,0.4025,0.0538,1e-05,38.57061,120.1,50.0
2026-09-20T18:34:12Z,2026-11-27,68,110000.0,P,0.341,0.35,0.345,82007.24,81236.53,0.4025,-0.94621,1e-05,38.56572,0.0,0.0
2026-09-20T18:34:12Z,2026-11-27,68,115000.0,C,0.0022,0.0028,0.0025,82007.24,81236.53,0.41850000000000004,0.03688,1e-05,28.45608,32.5,0.0
2026-09-20T18:34:12Z,2026-11-27,68,115000.0,P,0.4005,0.41,0.4048,82007.24,81236.53,0.41850000000000004,-0.96312,1e-05,28.45608,0.2,0.0
2026-09-20T18:34:12Z,2026-11-27,68,120000.0,C,0.0015,0.002,0.0017,82007.24,81236.53,0.4349,0.02613,0.0,21.3966,104.5,0.0
2026-09-20T18:34:12Z,2026-11-27,68,120000.0,P,0.4595,0.47,0.465,82007.24,81236.53,0.4349,-0.97387,0.0,21.3966,0.5,0.0
2026-09-20T18:34:12Z,2026-12-25,96,20000.0,C,0.7565,0.758,0.7575,82354.13,81236.53,1.0403,0.99828,0.0,2.33167,4.9,0.0
2026-09-20T18:34:12Z,2026-12-25,96,20000.0,P,0.0002,0.0004,0.0003,82354.06,81236.53,1.0403,-0.00172,0.0,2.33168,898.8,0.0
2026-09-20T18:34:12Z,2026-12-25,96,30000.0,C,0.6355,0.637,0.6364,82354.13,81236.53,0.8233,0.99544,0.0,5.60843,300.7,0.0
2026-09-20T18:34:12Z,2026-12-25,96,30000.0,P,0.0006,0.0008,0.0007,82354.06,81236.53,0.8233,-0.00456,0.0,5.60846,2148.5,0.0
2026-09-20T18:34:12Z,2026-12-25,96,35000.0,C,0.575,0.577,0.5761,82354.13,81236.53,0.7437999999999999,0.99263,0.0,8.59521,87.8,0.0
2026-09-20T18:34:12Z,2026-12-25,96,35000.0,P,0.0009,0.0011,0.001,82354.13,81236.53,0.7437999999999999,-0.00737,0.0,8.59521,2440.7,0.0
2026-09-20T18:34:12Z,2026-12-25,96,40000.0,C,0.515,0.5165,0.516,82354.13,81236.53,0.6809999999999999,0.98767,0.0,13.47626,250.9,0.0
2026-09-20T18:34:12Z,2026-12-25,96,40000.0,P,0.0016,0.0017,0.0017,82354.13,81236.53,0.6809999999999999,-0.01233,0.0,13.47626,4631.6,1.2
2026-09-20T18:34:12Z,2026-12-25,96,45000.0,C,0.454,0.458,0.4558,82354.13,81236.53,0.6074,0.98214,0.0,18.53043,94.5,0.0
2026-09-20T18:34:12Z,2026-12-25,96,45000.0,P,0.002,0.0024,0.0022,82354.13,81236.53,0.6074,-0.01786,0.0,18.53043,2844.5,0.4
2026-09-20T18:34:12Z,2026-12-25,96,50000.0,C,0.3945,0.3985,0.3961,82354.13,81236.53,0.5483,0.9725,0.0,26.66925,260.7,0.0
2026-09-20T18:34:12Z,2026-12-25,96,50000.0,P,0.003,0.0035,0.0033,82354.13,81236.53,0.5483,-0.0275,0.0,26.66925,2218.6,50.1
2026-09-20T18:34:12Z,2026-12-25,96,52000.0,C,0.3705,0.375,0.3724,82354.13,81236.53,0.5271,0.96708,0.0,30.95765,0.1,0.0
2026-09-20T18:34:12Z,2026-12-25,96,52000.0,P,0.0036,0.004,0.0038,82354.13,81236.53,0.5271,-0.03292,0.0,30.95765,439.3,0.4
2026-09-20T18:34:12Z,2026-12-25,96,54000.0,C,0.3455,0.3515,0.3489,82354.06,81236.53,0.5071,0.96047,0.0,35.96424,33.1,0.0
2026-09-20T18:34:12Z,2026-12-25,96,54000.0,P,0.0043,0.0047,0.0046,82354.18,81236.53,0.5071,-0.03953,0.0,35.96391,1868.0,0.1
2026-09-20T18:34:12Z,2026-12-25,96,55000.0,C,0.335,0.34,0.3373,82354.01,81236.53,0.502,0.95545,0.0,39.621,124.9,50.0
2026-09-20T18:34:12Z,2026-12-25,96,55000.0,P,0.0049,0.005,0.0052,82354.01,81236.53,0.502,-0.04455,0.0,39.621,3261.5,2.0
2026-09-20T18:34:12Z,2026-12-25,96,56000.0,C,0.3225,0.3285,0.3255,82354.01,81236.53,0.4891,0.95215,0.0,41.9566,41.5,0.0
2026-09-20T18:34:12Z,2026-12-25,96,56000.0,P,0.005,0.0055,0.0055,82354.01,81236.53,0.4891,-0.04785,0.0,41.9566,520.4,0.2
2026-09-20T18:34:12Z,2026-12-25,96,58000.0,C,0.2985,0.3055,0.3022,82354.01,81236.53,0.4703,0.94264,1e-05,48.45667,40.3,0.0
2026-09-20T18:34:12Z,2026-12-25,96,58000.0,P,0.006,0.007,0.0065,82354.01,81236.53,0.4703,-0.05736,1e-05,48.45667,1835.4,0.0
2026-09-20T18:34:12Z,2026-12-25,96,60000.0,C,0.2755,0.282,0.2794,82354.01,81236.53,0.4561,0.9297,1e-05,56.76201,786.8,0.0
2026-09-20T18:34:12Z,2026-12-25,96,60000.0,P,0.0075,0.0085,0.008,82354.01,81236.53,0.4561,-0.0703,1e-05,56.76201,6250.7,11.7
2026-09-20T18:34:12Z,2026-12-25,96,62000.0,C,0.2545,0.2595,0.257,82354.01,81236.53,0.44229999999999997,0.91428,1e-05,65.98666,247.1,0.0
2026-09-20T18:34:12Z,2026-12-25,96,62000.0,P,0.0095,0.01,0.0098,82354.01,81236.53,0.44229999999999997,-0.08572,1e-05,65.98666,1549.6,0.0
2026-09-20T18:34:12Z,2026-12-25,96,64000.0,C,0.232,0.2375,0.2349,82354.01,81236.53,0.4289,0.89594,1e-05,76.12555,404.9,0.0
2026-09-20T18:34:12Z,2026-12-25,96,64000.0,P,0.0115,0.0125,0.012,82354.01,81236.53,0.4289,-0.10406,1e-05,76.12555,389.0,0.2
2026-09-20T18:34:12Z,2026-12-25,96,65000.0,C,0.2205,0.227,0.2241,82354.01,81236.53,0.424,0.8848,1e-05,81.88964,920.1,0.0
2026-09-20T18:34:12Z,2026-12-25,96,65000.0,P,0.013,0.014,0.0134,82354.18,81236.53,0.424,-0.11519,1e-05,81.88888,808.3,0.9
2026-09-20T18:34:12Z,2026-12-25,96,66000.0,C,0.21,0.2165,0.2134,82354.01,81236.53,0.4178,0.87335,1e-05,87.54098,279.7,0.0
2026-09-20T18:34:12Z,2026-12-25,96,66000.0,P,0.0145,0.0155,0.0148,82354.01,81236.53,0.4178,-0.12665,1e-05,87.54098,427.5,0.2
2026-09-20T18:34:12Z,2026-12-25,96,68000.0,C,0.189,0.196,0.1927,82354.01,81236.53,0.4079,0.84663,1e-05,99.712,1031.5,0.0
2026-09-20T18:34:12Z,2026-12-25,96,68000.0,P,0.018,0.019,0.0184,82355.46,81236.53,0.4079,-0.15336,1e-05,99.70557,604.2,0.8
2026-09-20T18:34:12Z,2026-12-25,96,70000.0,C,0.168,0.1765,0.1726,82355.46,81236.53,0.39840000000000003,0.81575,2e-05,112.19711,1922.9,0.0
2026-09-20T18:34:12Z,2026-12-25,96,70000.0,P,0.022,0.023,0.0226,82355.46,81236.53,0.39840000000000003,-0.18425,2e-05,112.19711,1456.5,2.5
2026-09-20T18:34:12Z,2026-12-25,96,72000.0,C,0.153,0.155,0.1538,82355.46,81236.53,0.39159999999999995,0.77958,2e-05,124.90631,1238.2,0.0
2026-09-20T18:34:12Z,2026-12-25,96,72000.0,P,0.0275,0.0285,0.0281,82354.01,81236.53,0.39159999999999995,-0.22044,2e-05,124.91257,888.4,3.7
2026-09-20T18:34:12Z,2026-12-25,96,74000.0,C,0.1355,0.1375,0.136,82354.01,81236.53,0.3858,0.73908,2e-05,136.9299,139.0,0.0
2026-09-20T18:34:12Z,2026-12-25,96,74000.0,P,0.034,0.035,0.0346,82354.01,81236.53,0.3858,-0.26092,2e-05,136.9299,166.4,1.9
2026-09-20T18:34:12Z,2026-12-25,96,75000.0,C,0.127,0.129,0.1276,82354.01,81236.53,0.3835,0.71729,2e-05,142.50752,1898.5,0.0
2026-09-20T18:34:12Z,2026-12-25,96,75000.0,P,0.0375,0.039,0.0383,82355.46,81236.53,0.3835,-0.28268,2e-05,142.50268,1279.0,6.3
2026-09-20T18:34:12Z,2026-12-25,96,76000.0,C,0.1185,0.1205,0.1195,82355.46,81236.53,0.3812,0.69472,2e-05,147.66386,481.5,0.0
2026-09-20T18:34:12Z,2026-12-25,96,76000.0,P,0.0415,0.043,0.0423,82355.46,81236.53,0.3812,-0.30528,2e-05,147.66386,437.6,2.0
2026-09-20T18:34:12Z,2026-12-25,96,78000.0,C,0.1035,0.1055,0.1043,82355.46,81236.53,0.3775,0.64724,2e-05,156.5252,1080.4,0.0
2026-09-20T18:34:12Z,2026-12-25,96,78000.0,P,0.0505,0.052,0.0514,82354.01,81236.53,0.3775,-0.35279,2e-05,156.52783,1429.9,0.0
2026-09-20T18:34:12Z,2026-12-25,96,80000.0,C,0.09,0.091,0.0905,82355.46,81236.53,0.3749,0.59762,2e-05,163.05113,9038.2,3.4
2026-09-20T18:34:12Z,2026-12-25,96,80000.0,P,0.061,0.0625,0.0619,82355.46,81236.53,0.3749,-0.40238,2e-05,163.05113,1253.0,0.1
2026-09-20T18:34:12Z,2026-12-25,96,82000.0,C,0.0775,0.0785,0.0779,82354.01,81236.53,0.3725,0.54693,3e-05,166.94214,1310.0,2.8
2026-09-20T18:34:12Z,2026-12-25,96,82000.0,P,0.073,0.074,0.0736,82354.01,81236.53,0.3725,-0.45307,3e-05,166.94214,261.6,2.5
2026-09-20T18:34:12Z,2026-12-25,96,84000.0,C,0.066,0.0675,0.0668,82355.67,81236.53,0.371,0.49631,3e-05,168.10261,1441.2,0.6
2026-09-20T18:34:12Z,2026-12-25,96,84000.0,P,0.086,0.0875,0.0868,82355.67,81236.53,0.371,-0.50369,3e-05,168.10261,81.3,0.0
2026-09-20T18:34:12Z,2026-12-25,96,85000.0,C,0.061,0.0625,0.0617,82355.46,81236.53,0.3705,0.47133,3e-05,167.67496,3033.7,0.0
2026-09-20T18:34:12Z,2026-12-25,96,85000.0,P,0.093,0.0945,0.0939,82355.67,81236.53,0.3705,-0.52867,3e-05,167.67555,581.8,0.2
2026-09-20T18:34:12Z,2026-12-25,96,86000.0,C,0.0565,0.0575,0.057,82355.67,81236.53,0.3704,0.44681,3e-05,166.61347,311.3,2.1
2026-09-20T18:34:12Z,2026-12-25,96,86000.0,P,0.1005,0.102,0.1013,82355.67,81236.53,0.3704,-0.55319,3e-05,166.61347,67.3,0.0
2026-09-20T18:34:12Z,2026-12-25,96,88000.0,C,0.048,0.049,0.0483,82355.67,81236.53,0.36950000000000005,0.39894,2e-05,162.68706,3765.9,6.1
2026-09-20T18:34:12Z,2026-12-25,96,88000.0,P,0.1155,0.118,0.1169,82355.67,81236.53,0.36950000000000005,-0.60106,2e-05,162.68706,17.5,0.0
2026-09-20T18:34:12Z,2026-12-25,96,90000.0,C,0.0405,0.0415,0.0409,82355.67,81236.53,0.36979999999999996,0.35399,2e-05,156.7214,3800.9,3.1
2026-09-20T18:34:12Z,2026-12-25,96,90000.0,P,0.1325,0.135,0.1338,82355.46,81236.53,0.36979999999999996,-0.64601,2e-05,156.72016,659.1,0.1
2026-09-20T18:34:12Z,2026-12-25,96,92000.0,C,0.034,0.0355,0.0346,82355.67,81236.53,0.3705,0.3123,2e-05,149.14022,426.4,0.7
2026-09-20T18:34:12Z,2026-12-25,96,92000.0,P,0.147,0.156,0.1517,82355.67,81236.53,0.3705,-0.6877,2e-05,149.14022,6.6,0.0
2026-09-20T18:34:12Z,2026-12-25,96,94000.0,C,0.029,0.03,0.0292,82355.67,81236.53,0.3718,0.27423,2e-05,140.41123,424.2,0.6
2026-09-20T18:34:12Z,2026-12-25,96,94000.0,P,0.1665,0.177,0.1706,82355.67,81236.53,0.3718,-0.72577,2e-05,140.41123,5.3,0.0
2026-09-20T18:34:12Z,2026-12-25,96,95000.0,C,0.0265,0.0275,0.0268,82355.67,81236.53,0.3725,0.25651,2e-05,135.72988,1508.3,5.4
2026-09-20T18:34:12Z,2026-12-25,96,95000.0,P,0.176,0.187,0.1804,82355.67,81236.53,0.3725,-0.74349,2e-05,135.72988,113.2,0.2
2026-09-20T18:34:12Z,2026-12-25,96,96000.0,C,0.024,0.025,0.0245,82355.67,81236.53,0.3729,0.23945,2e-05,130.83417,1537.8,0.7
2026-09-20T18:34:12Z,2026-12-25,96,96000.0,P,0.1865,0.1945,0.1902,82355.46,81236.53,0.3729,-0.76056,2e-05,130.8326,23.9,0.0
2026-09-20T18:34:12Z,2026-12-25,96,98000.0,C,0.0205,0.0215,0.0207,82355.67,81236.53,0.37520000000000003,0.20901,2e-05,121.10731,337.9,0.1
2026-09-20T18:34:12Z,2026-12-25,96,98000.0,P,0.2055,0.215,0.2107,82356.22,81236.53,0.37520000000000003,-0.79098,2e-05,121.11153,1.2,0.0
2026-09-20T18:34:12Z,2026-12-25,96,100000.0,C,0.017,0.018,0.0175,82355.67,81236.53,0.3774,0.18175,2e-05,111.2464,5815.2,6.1
2026-09-20T18:34:12Z,2026-12-25,96,100000.0,P,0.2265,0.2365,0.2317,82356.22,81236.53,0.3774,-0.81824,2e-05,111.25064,303.2,0.0
2026-09-20T18:34:12Z,2026-12-25,96,102000.0,C,0.0145,0.0155,0.0149,82356.22,81236.53,0.38079999999999997,0.15858,2e-05,101.93111,430.5,0.7
2026-09-20T18:34:12Z,2026-12-25,96,102000.0,P,0.248,0.2605,0.2534,82356.22,81236.53,0.38079999999999997,-0.84142,2e-05,101.93111,7.8,0.0
2026-09-20T18:34:12Z,2026-12-25,96,104000.0,C,0.012,0.0125,0.0125,82356.22,81236.53,0.3826,0.13694,1e-05,92.38857,98.6,6.2
2026-09-20T18:34:12Z,2026-12-25,96,104000.0,P,0.271,0.28,0.2753,82356.22,81236.53,0.3826,-0.86306,1e-05,92.38857,0.3,0.0
2026-09-20T18:34:12Z,2026-12-25,96,105000.0,C,0.011,0.012,0.0115,82356.22,81236.53,0.384,0.12755,1e-05,87.97581,922.5,0.4
2026-09-20T18:34:12Z,2026-12-25,96,105000.0,P,0.2815,0.2915,0.2865,82356.22,81236.53,0.384,-0.87245,1e-05,87.97581,109.5,0.0
2026-09-20T18:34:12Z,2026-12-25,96,106000.0,C,0.0105,0.0115,0.0107,82355.67,81236.53,0.386,0.1192,1e-05,83.89719,610.3,0.4
2026-09-20T18:34:12Z,2026-12-25,96,106000.0,P,0.293,0.305,0.2978,82355.67,81236.53,0.386,-0.8808,1e-05,83.89719,0.2,0.0
2026-09-20T18:34:12Z,2026-12-25,96,108000.0,C,0.0085,0.0095,0.009,82356.22,81236.53,0.3885,0.10307,1e-05,75.60113,166.8,0.0
2026-09-20T18:34:12Z,2026-12-25,96,108000.0,P,0.315,0.325,0.3204,82355.67,81236.53,0.3885,-0.89693,1e-05,75.59741,0.1,0.0
2026-09-20T18:34:12Z,2026-12-25,96,110000.0,C,0.0075,0.0085,0.008,82356.22,81236.53,0.3956,0.09196,1e-05,69.53038,2765.6,5.0
2026-09-20T18:34:12Z,2026-12-25,96,110000.0,P,0.3375,0.3485,0.3437,82355.67,81236.53,0.3956,-0.90805,1e-05,69.52687,82.4,0.0
2026-09-20T18:34:12Z,2026-12-25,96,115000.0,C,0.005,0.0055,0.0055,82356.22,81236.53,0.4044,0.06549,1e-05,53.73978,2291.3,0.3
2026-09-20T18:34:12Z,2026-12-25,96,115000.0,P,0.396,0.4085,0.4019,82356.22,81236.53,0.4044,-0.93451,1e-05,53.73978,5.0,0.0
2026-09-20T18:34:12Z,2026-12-25,96,120000.0,C,0.0038,0.0043,0.004,82355.41,81236.53,0.4174,0.04886,1e-05,42.66947,5779.2,0.0
2026-09-20T18:34:12Z,2026-12-25,96,120000.0,P,0.4555,0.4665,0.4611,82355.41,81236.53,0.4174,-0.95114,1e-05,42.66947,35.7,0.0
2026-09-20T18:34:12Z,2026-12-25,96,125000.0,C,0.0027,0.0033,0.003,82355.41,81236.53,0.4299,0.03698,0.0,34.06072,503.1,0.0
2026-09-20T18:34:12Z,2026-12-25,96,125000.0,P,0.5145,0.5265,0.5208,82355.41,81236.53,0.4299,-0.96302,0.0,34.06072,9.1,0.0
2026-09-20T18:34:12Z,2026-12-25,96,130000.0,C,0.0021,0.0027,0.0024,82355.41,81236.53,0.4449,0.0293,0.0,28.11174,1560.8,0.0
2026-09-20T18:34:12Z,2026-12-25,96,130000.0,P,0.574,0.588,0.5809,82355.41,81236.53,0.4449,-0.9707,0.0,28.11174,54.0,30.0
2026-09-20T18:34:12Z,2026-12-25,96,135000.0,C,0.0017,0.0022,0.002,82355.41,81236.53,0.4607,0.02392,0.0,23.72974,1402.7,7.5
2026-09-20T18:34:12Z,2026-12-25,96,135000.0,P,0.635,0.6475,0.6412,82355.41,81236.53,0.4607,-0.97608,0.0,23.72974,0.7,0.0
2026-09-20T18:34:12Z,2026-12-25,96,140000.0,C,0.0013,0.0018,0.0016,82356.22,81236.53,0.4729,0.01914,0.0,19.65597,1431.9,0.0
2026-09-20T18:34:12Z,2026-12-25,96,140000.0,P,0.694,0.708,0.7015,82355.41,81236.53,0.4729,-0.98086,0.0,19.65413,0.3,0.0
2026-09-20T18:34:12Z,2026-12-25,96,150000.0,C,0.0009,0.0013,0.0011,82355.41,81236.53,0.5018,0.01367,0.0,14.72765,1705.5,0.0
2026-09-20T18:34:12Z,2026-12-25,96,150000.0,P,0.815,0.8305,0.8225,82356.22,81236.53,0.5018,-0.98633,0.0,14.72904,4.4,0.0
2026-09-20T18:34:12Z,2026-12-25,96,160000.0,C,0.0006,0.0011,0.0008,82355.41,81236.53,0.5259,0.00982,0.0,11.05019,1291.8,0.0
2026-09-20T18:34:12Z,2026-12-25,96,160000.0,P,0.9355,0.95,0.9436,82355.41,81236.53,0.5259,-0.99018,0.0,11.05019,0.1,0.0
2026-09-20T18:34:12Z,2026-12-25,96,170000.0,C,0.0006,0.0009,0.0007,82356.22,81236.53,0.5594,0.00845,0.0,9.68922,2394.8,0.0
2026-09-20T18:34:12Z,2026-12-25,96,170000.0,P,1.0555,1.073,1.065,82355.41,81236.53,0.5594,-0.99155,0.0,9.68833,0.1,0.0
2026-09-20T18:34:12Z,2026-12-25,96,180000.0,C,0.0003,0.0007,0.0005,82355.41,81236.53,0.5721,0.00579,0.0,6.94012,934.3,0.0
2026-09-20T18:34:12Z,2026-12-25,96,180000.0,P,1.177,1.195,1.1861,82356.22,81236.53,0.5721,-0.99421,0.0,6.94077,0.1,0.0
2026-09-20T18:34:12Z,2026-12-25,96,190000.0,C,0.0003,0.0006,0.0004,82353.98,81236.53,0.5962,0.00483,0.0,5.90899,1027.1,0.0
2026-09-20T18:34:12Z,2026-12-25,96,190000.0,P,1.297,1.316,1.3075,82353.98,81236.53,0.5962,-0.99517,0.0,5.90899,0.0,0.0
2026-09-20T18:34:12Z,2026-12-25,96,200000.0,C,0.0002,0.0005,0.0003,82355.38,81236.53,0.6118,0.0037,0.0,4.65765,968.8,0.0
2026-09-20T18:34:12Z,2026-12-25,96,200000.0,P,1.4195,1.4385,1.4288,82355.38,81236.53,0.6118,-0.9963,0.0,4.65765,0.0,0.0
2026-09-20T18:34:12Z,2026-12-25,96,210000.0,C,0.0001,0.0005,0.0002,82353.98,81236.53,0.624,0.00278,0.0,3.60267,162.8,0.0
2026-09-20T18:34:12Z,2026-12-25,96,210000.0,P,1.5405,1.5585,1.5501,82355.38,81236.53,0.624,-0.99722,0.0,3.60326,0.0,0.0
2026-09-20T18:34:12Z,2026-12-25,96,220000.0,C,0.0001,0.0004,0.0002,82355.38,81236.53,0.6435,0.0024,0.0,3.15521,256.1,0.0
2026-09-20T18:34:12Z,2026-12-25,96,220000.0,P,1.6585,1.6815,1.6715,82353.98,81236.53,0.6435,-0.9976,0.0,3.1547,0.0,0.0
2026-09-20T18:34:12Z,2026-12-25,96,230000.0,C,0.0001,0.0004,0.0002,82353.98,81236.53,0.6687000000000001,0.00232,0.0,3.06139,190.6,0.0
2026-09-20T18:34:12Z,2026-12-25,96,230000.0,P,1.782,1.805,1.793,82353.98,81236.53,0.6687000000000001,-0.99768,0.0,3.06139,0.0,0.0
2026-09-20T18:34:12Z,2026-12-25,96,240000.0,C,0.0001,0.0004,0.0002,82353.98,81236.53,0.6918000000000001,0.00222,0.0,2.93985,785.7,0.0
2026-09-20T18:34:12Z,2026-12-25,96,240000.0,P,1.9005,1.925,1.9144,82353.98,81236.53,0.6918000000000001,-0.99778,0.0,2.93985,0.0,0.0
2026-09-20T18:34:12Z,2026-12-25,96,250000.0,C,0.0001,0.0003,0.0002,82353.98,81236.53,0.705,0.00188,0.0,2.52194,1281.8,0.0
2026-09-20T18:34:12Z,2026-12-25,96,250000.0,P,2.02,2.047,2.0358,82353.98,81236.53,0.705,-0.99812,0.0,2.52194,10.0,0.0
2026-09-20T18:34:12Z,2027-03-26,187,35000.0,C,0.5815,0.5835,0.5825,83345.55,81236.53,0.6103999999999999,0.98632,0.0,20.83876,21.8,0.0
2026-09-20T18:34:12Z,2027-03-26,187,35000.0,P,0.0021,0.0027,0.0024,83346.22,81236.53,0.6103999999999999,-0.01367,0.0,20.83808,624.0,0.0
2026-09-20T18:34:12Z,2027-03-26,187,40000.0,C,0.523,0.525,0.5239,83346.22,81236.53,0.5653,0.97823,0.0,30.99559,82.1,0.0
2026-09-20T18:34:12Z,2027-03-26,187,40000.0,P,0.0035,0.0041,0.0038,83346.22,81236.53,0.5653,-0.02177,0.0,30.99559,1914.3,0.1
2026-09-20T18:34:12Z,2027-03-26,187,45000.0,C,0.4635,0.469,0.4661,83346.22,81236.53,0.5297999999999999,0.96536,0.0,45.65348,3.3,0.0
2026-09-20T18:34:12Z,2027-03-26,187,45000.0,P,0.0055,0.0065,0.006,83346.22,81236.53,0.5297999999999999,-0.03464,0.0,45.65348,260.0,0.1
2026-09-20T18:34:12Z,2027-03-26,187,50000.0,C,0.4055,0.412,0.4091,83346.22,81236.53,0.4946,0.94758,0.0,63.81303,21.6,0.0
2026-09-20T18:34:12Z,2027-03-26,187,50000.0,P,0.0085,0.0095,0.009,83346.22,81236.53,0.4946,-0.05242,0.0,63.81303,2452.0,0.4
2026-09-20T18:34:12Z,2027-03-26,187,52000.0,C,0.384,0.3895,0.3867,83346.22,81236.53,0.4818,0.93844,0.0,72.41753,5.3,0.0
2026-09-20T18:34:12Z,2027-03-26,187,52000.0,P,0.01,0.011,0.0106,83346.22,81236.53,0.4818,-0.06156,0.0,72.41753,125.7,0.0
2026-09-20T18:34:12Z,2027-03-26,187,54000.0,C,0.3605,0.3685,0.3646,83345.55,81236.53,0.4708,0.92753,0.0,82.15984,0.1,0.0
2026-09-20T18:34:12Z,2027-03-26,187,54000.0,P,0.012,0.013,0.0125,83346.22,81236.53,0.4708,-0.07246,0.0,82.15764,92.4,0.5
2026-09-20T18:34:12Z,2027-03-26,187,55000.0,C,0.3495,0.3575,0.3537,83346.22,81236.53,0.4656,0.92149,1e-05,87.33694,29.6,0.0
2026-09-20T18:34:12Z,2027-03-26,187,55000.0,P,0.013,0.014,0.0136,83346.22,81236.53,0.4656,-0.07851,1e-05,87.33694,1259.7,0.2
2026-09-20T18:34:12Z,2027-03-26,187,56000.0,C,0.3385,0.3475,0.3428,83346.22,81236.53,0.4594,0.91544,1e-05,92.36417,16.9,0.0
2026-09-20T18:34:12Z,2027-03-26,187,56000.0,P,0.014,0.015,0.0146,83346.22,81236.53,0.4594,-0.08456,1e-05,92.36417,132.0,0.0
2026-09-20T18:34:12Z,2027-03-26,187,58000.0,C,0.316,0.3255,0.3213,83345.9,81236.53,0.44909999999999994,0.90144,1e-05,103.46919,4.3,0.0
2026-09-20T18:34:12Z,2027-03-26,187,58000.0,P,0.0165,0.018,0.0172,83345.9,81236.53,0.44909999999999994,-0.09856,1e-05,103.46919,142.1,0.0
2026-09-20T18:34:12Z,2027-03-26,187,60000.0,C,0.2945,0.3055,0.3004,83345.9,81236.53,0.4401,0.88528,1e-05,115.46122,646.9,1.0
2026-09-20T18:34:12Z,2027-03-26,187,60000.0,P,0.0195,0.021,0.0203,83345.9,81236.53,0.4401,-0.11472,1e-05,115.46122,808.9,10.0
2026-09-20T18:34:12Z,2027-03-26,187,62000.0,C,0.274,0.285,0.2799,83345.9,81236.53,0.4314,0.86723,1e-05,127.89704,52.3,0.0
2026-09-20T18:34:12Z,2027-03-26,187,62000.0,P,0.023,0.0245,0.0238,83345.9,81236.53,0.4314,-0.13277,1e-05,127.89704,234.6,0.0
2026-09-20T18:34:12Z,2027-03-26,187,64000.0,C,0.254,0.265,0.26,83345.9,81236.53,0.4235,0.84701,1e-05,140.76687,137.8,0.0
2026-09-20T18:34:12Z,2027-03-26,187,64000.0,P,0.027,0.0285,0.0278,83345.9,81236.53,0.4235,-0.15299,1e-05,140.76687,128.4,0.0
2026-09-20T18:34:12Z,2027-03-26,187,65000.0,C,0.245,0.2525,0.2503,83345.9,81236.53,0.4203,0.83588,1e-05,147.39823,366.7,0.0
2026-09-20T18:34:12Z,2027-03-26,187,65000.0,P,0.0295,0.031,0.0302,83345.9,81236.53,0.4203,-0.16412,1e-05,147.39823,886.0,0.0
2026-09-20T18:34:12Z,2027-03-26,187,66000.0,C,0.2355,0.243,0.2407,83345.9,81236.53,0.4164,0.82449,1e-05,153.88248,23.9,0.0
2026-09-20T18:34:12Z,2027-03-26,187,66000.0,P,0.0315,0.0335,0.0326,83345.9,81236.53,0.4164,-0.17551,1e-05,153.88248,120.9,0.0
2026-09-20T18:34:12Z,2027-03-26,187,68000.0,C,0.221,0.2235,0.2222,83345.9,81236.53,0.4105,0.79959,1e-05,167.02272,196.5,0.0
2026-09-20T18:34:12Z,2027-03-26,187,68000.0,P,0.037,0.039,0.0381,83345.9,81236.53,0.4105,-0.20041,1e-05,167.02272,294.8,0.0
2026-09-20T18:34:12Z,2027-03-26,187,70000.0,C,0.203,0.2055,0.2045,83345.9,81236.53,0.40509999999999996,0.77257,1e-05,179.79303,799.8,0.0
2026-09-20T18:34:12Z,2027-03-26,187,70000.0,P,0.0435,0.045,0.0443,83346.3,81236.53,0.40509999999999996,-0.22742,1e-05,179.79167,709.1,0.0
2026-09-20T18:34:12Z,2027-03-26,187,72000.0,C,0.1865,0.189,0.1877,83345.99,81236.53,0.401,0.74338,1e-05,191.97099,95.3,0.0
2026-09-20T18:34:12Z,2027-03-26,187,72000.0,P,0.0505,0.0525,0.0516,83345.9,81236.53,0.401,-0.25662,1e-05,191.97125,162.3,0.2
2026-09-20T18:34:12Z,2027-03-26,187,74000.0,C,0.1705,0.173,0.1717,83345.99,81236.53,0.397,0.71258,1e-05,203.10874,66.8,0.0
2026-09-20T18:34:12Z,2027-03-26,187,74000.0,P,0.0585,0.0605,0.0596,83345.99,81236.53,0.397,-0.28742,1e-05,203.10867,196.2,0.0
2026-09-20T18:34:12Z,2027-03-26,187,76000.0,C,0.1555,0.158,0.1567,83345.99,81236.53,0.3937,0.6803,2e-05,213.00281,546.2,0.0
2026-09-20T18:34:12Z,2027-03-26,187,76000.0,P,0.0675,0.0695,0.0686,83345.99,81236.53,0.3937,-0.3197,2e-05,213.00278,538.3,4.0
2026-09-20T18:34:12Z,2027-03-26,187,78000.0,C,0.1415,0.144,0.1427,83345.99,81236.53,0.3912,0.64686,2e-05,221.41992,647.9,0.0
2026-09-20T18:34:12Z,2027-03-26,187,78000.0,P,0.0775,0.0795,0.0786,83345.99,81236.53,0.3912,-0.35314,2e-05,221.41992,330.1,0.0
2026-09-20T18:34:12Z,2027-03-26,187,80000.0,C,0.1285,0.131,0.1297,83345.99,81236.53,0.3893,0.61271,2e-05,228.16427,1098.8,1.5
2026-09-20T18:34:12Z,2027-03-26,187,80000.0,P,0.0885,0.0905,0.0895,83345.99,81236.53,0.3893,-0.38729,2e-05,228.16427,224.6,0.1
2026-09-20T18:34:12Z,2027-03-26,187,82000.0,C,0.1165,0.1185,0.1176,83345.99,81236.53,0.3876,0.57821,2e-05,233.13261,1296.8,3.2
2026-09-20T18:34:12Z,2027-03-26,187,82000.0,P,0.1005,0.1025,0.1014,83345.99,81236.53,0.3876,-0.42179,2e-05,233.13261,26.7,0.0
2026-09-20T18:34:12Z,2027-03-26,187,84000.0,C,0.1055,0.1075,0.1064,83345.99,81236.53,0.3865,0.54375,2e-05,236.28388,264.2,0.0
2026-09-20T18:34:12Z,2027-03-26,187,84000.0,P,0.113,0.1155,0.1143,83345.9,81236.53,0.3865,-0.45625,2e-05,236.28372,55.5,0.0
2026-09-20T18:34:12Z,2027-03-26,187,85000.0,C,0.1,0.1025,0.1013,83345.99,81236.53,0.3862,0.52667,2e-05,237.18347,412.7,0.0
2026-09-20T18:34:12Z,2027-03-26,187,85000.0,P,0.12,0.1225,0.1211,83345.99,81236.53,0.3862,-0.47333,2e-05,237.18347,8.8,0.0
2026-09-20T18:34:12Z,2027-03-26,187,86000.0,C,0.095,0.0975,0.0963,83345.99,81236.53,0.386,0.50972,2e-05,237.64435,142.2,0.0
2026-09-20T18:34:12Z,2027-03-26,187,86000.0,P,0.1265,0.1295,0.1281,83345.99,81236.53,0.386,-0.49028,2e-05,237.64435,3.1,0.0
2026-09-20T18:34:12Z,2027-03-26,187,88000.0,C,0.086,0.088,0.087,83345.9,81236.53,0.3857,0.47639,2e-05,237.29834,81.3,0.0
2026-09-20T18:34:12Z,2027-03-26,187,88000.0,P,0.1415,0.1445,0.1428,83345.99,81236.53,0.3857,-0.52361,2e-05,237.29866,4.7,0.0
2026-09-20T18:34:12Z,2027-03-26,187,90000.0,C,0.0775,0.0795,0.0785,83346.06,81236.53,0.3856,0.44404,2e-05,235.37226,583.8,0.0
2026-09-20T18:34:12Z,2027-03-26,187,90000.0,P,0.157,0.16,0.1583,83345.99,81236.53,0.3856,-0.55597,2e-05,235.37197,25.0,0.1
2026-09-20T18:34:12Z,2027-03-26,187,92000.0,C,0.07,0.072,0.0708,83346.06,81236.53,0.386,0.41292,2e-05,232.02976,276.3,0.0
2026-09-20T18:34:12Z,2027-03-26,187,92000.0,P,0.173,0.176,0.1746,83346.06,81236.53,0.386,-0.58708,2e-05,232.02976,1.4,0.0
2026-09-20T18:34:12Z,2027-03-26,187,94000.0,C,0.063,0.0645,0.0638,83346.06,81236.53,0.3864,0.38313,2e-05,227.44031,182.5,0.0
2026-09-20T18:34:12Z,2027-03-26,187,94000.0,P,0.1865,0.201,0.1916,83346.06,81236.53,0.3864,-0.61687,2e-05,227.44031,9.7,0.0
2026-09-20T18:34:12Z,2027-03-26,187,95000.0,C,0.0595,0.0615,0.0605,83345.99,81236.53,0.38670000000000004,0.36873,2e-05,224.72602,525.5,0.0
2026-09-20T18:34:12Z,2027-03-26,187,95000.0,P,0.195,0.21,0.2004,83345.99,81236.53,0.38670000000000004,-0.63127,2e-05,224.72602,0.5,0.0
2026-09-20T18:34:12Z,2027-03-26,187,96000.0,C,0.0565,0.0585,0.0575,83346.06,81236.53,0.387,0.35476,2e-05,221.78223,161.7,5.0
2026-09-20T18:34:12Z,2027-03-26,187,96000.0,P,0.204,0.217,0.2093,83346.06,81236.53,0.387,-0.64524,2e-05,221.78223,1.6,0.0
2026-09-20T18:34:12Z,2027-03-26,187,98000.0,C,0.051,0.0525,0.0518,83346.06,81236.53,0.38789999999999997,0.328,2e-05,215.26364,137.7,5.1
2026-09-20T18:34:12Z,2027-03-26,187,98000.0,P,0.2205,0.2355,0.2276,83346.06,81236.53,0.38789999999999997,-0.672,2e-05,215.26359,0.2,0.0
2026-09-20T18:34:12Z,2027-03-26,187,100000.0,C,0.0465,0.0475,0.0468,83346.06,81236.53,0.3896,0.30334,2e-05,208.21284,901.0,2.4
2026-09-20T18:34:12Z,2027-03-26,187,100000.0,P,0.2385,0.256,0.2466,83345.99,81236.53,0.3896,-0.69666,2e-05,208.21234,12.3,0.0
2026-09-20T18:34:12Z,2027-03-26,187,102000.0,C,0.0415,0.043,0.0421,83346.06,81236.53,0.39020000000000005,0.27941,1e-05,200.37564,127.4,1.6
2026-09-20T18:34:12Z,2027-03-26,187,102000.0,P,0.258,0.274,0.2659,83346.06,81236.53,0.39020000000000005,-0.72059,1e-05,200.37564,0.1,0.0
2026-09-20T18:34:12Z,2027-03-26,187,104000.0,C,0.037,0.039,0.038,83347.23,81236.53,0.39149999999999996,0.25754,1e-05,192.33054,110.0,0.0
2026-09-20T18:34:12Z,2027-03-26,187,104000.0,P,0.2785,0.294,0.2858,83347.23,81236.53,0.39149999999999996,-0.74246,1e-05,192.33054,0.1,0.0
2026-09-20T18:34:12Z,2027-03-26,187,105000.0,C,0.0355,0.037,0.0361,83347.23,81236.53,0.3926,0.24744,1e-05,188.31862,246.2,0.0
2026-09-20T18:34:12Z,2027-03-26,187,105000.0,P,0.289,0.306,0.296,83347.23,81236.53,0.3926,-0.75256,1e-05,188.31862,0.5,0.0
2026-09-20T18:34:12Z,2027-03-26,187,106000.0,C,0.0335,0.035,0.0344,83347.23,81236.53,0.3933,0.23748,1e-05,184.17598,77.4,0.3
2026-09-20T18:34:12Z,2027-03-26,187,106000.0,P,0.2985,0.3165,0.3062,83347.23,81236.53,0.3933,-0.76252,1e-05,184.17598,0.1,0.0
2026-09-20T18:34:12Z,2027-03-26,187,108000.0,C,0.03,0.032,0.0311,83346.06,81236.53,0.395,0.21877,1e-05,175.86283,68.4,0.0
2026-09-20T18:34:12Z,2027-03-26,187,108000.0,P,0.3195,0.3375,0.3269,83347.23,81236.53,0.395,-0.78122,1e-05,175.87209,0.1,0.0
2026-09-20T18:34:12Z,2027-03-26,187,110000.0,C,0.0275,0.029,0.0282,83347.23,81236.53,0.3973,0.20189,1e-05,167.76428,1159.1,0.0
2026-09-20T18:34:12Z,2027-03-26,187,110000.0,P,0.341,0.3565,0.348,83347.23,81236.53,0.3973,-0.79811,1e-05,167.76428,4.1,0.0
2026-09-20T18:34:12Z,2027-03-26,187,112000.0,C,0.0245,0.0265,0.0255,83347.23,81236.53,0.39899999999999997,0.18586,1e-05,159.5146,77.5,0.0
2026-09-20T18:34:12Z,2027-03-26,187,112000.0,P,0.3625,0.379,0.3693,83347.23,81236.53,0.39899999999999997,-0.81414,1e-05,159.5146,0.1,0.0
2026-09-20T18:34:12Z,2027-03-26,187,115000.0,C,0.0215,0.023,0.0222,83347.23,81236.53,0.4028,0.16502,1e-05,147.92807,712.9,0.0
2026-09-20T18:34:12Z,2027-03-26,187,115000.0,P,0.394,0.412,0.402,83347.23,81236.53,0.4028,-0.83498,1e-05,147.92807,2.2,0.0
2026-09-20T18:34:12Z,2027-03-26,187,120000.0,C,0.017,0.0185,0.0177,83347.23,81236.53,0.40880000000000005,0.13549,1e-05,129.69525,778.7,0.0
2026-09-20T18:34:12Z,2027-03-26,187,120000.0,P,0.45,0.4685,0.4575,83346.06,81236.53,0.40880000000000005,-0.86452,1e-05,129.68657,9.9,0.0
2026-09-20T18:34:12Z,2027-03-26,187,125000.0,C,0.0135,0.015,0.0143,83347.23,81236.53,0.41509999999999997,0.11176,1e-05,113.3237,323.0,0.0
2026-09-20T18:34:12Z,2027-03-26,187,125000.0,P,0.5055,0.5255,0.514,83347.23,81236.53,0.41509999999999997,-0.88824,1e-05,113.3237,0.1,0.0
2026-09-20T18:34:12Z,2027-03-26,187,130000.0,C,0.011,0.012,0.0115,83346.39,81236.53,0.42119999999999996,0.09248,1e-05,98.72949,1162.7,0.0
2026-09-20T18:34:12Z,2027-03-26,187,130000.0,P,0.562,0.579,0.5713,83346.39,81236.53,0.42119999999999996,-0.90752,1e-05,98.72949,0.4,0.0
2026-09-20T18:34:12Z,2027-03-26,187,140000.0,C,0.008,0.009,0.0085,83346.39,81236.53,0.441,0.06847,1e-05,78.65372,909.6,0.0
2026-09-20T18:34:12Z,2027-03-26,187,140000.0,P,0.678,0.701,0.6882,83346.39,81236.53,0.441,-0.93153,1e-05,78.65372,10.9,0.0
2026-09-20T18:34:12Z,2027-03-26,187,150000.0,C,0.0055,0.006,0.006,83346.39,81236.53,0.4539,0.04961,0.0,61.07613,1912.6,0.0
2026-09-20T18:34:12Z,2027-03-26,187,150000.0,P,0.7955,0.8145,0.8057,83347.23,81236.53,0.4539,-0.95038,0.0,61.07988,0.6,0.0
2026-09-20T18:34:12Z,2027-03-26,187,160000.0,C,0.0045,0.005,0.0049,83346.39,81236.53,0.47619999999999996,0.04044,0.0,51.80643,1042.8,0.1
2026-09-20T18:34:12Z,2027-03-26,187,160000.0,P,0.913,0.939,0.9247,83347.23,81236.53,0.47619999999999996,-0.95956,0.0,51.80963,0.1,0.0
2026-09-20T18:34:12Z,2027-03-26,187,170000.0,C,0.0036,0.0041,0.0038,83346.39,81236.53,0.4901,0.03152,0.0,42.23263,876.5,2.0
2026-09-20T18:34:12Z,2027-03-26,187,170000.0,P,1.032,1.0595,1.0435,83346.39,81236.53,0.4901,-0.96848,0.0,42.23263,0.2,0.0
2026-09-20T18:34:12Z,2027-03-26,187,180000.0,C,0.003,0.0035,0.0032,83346.39,81236.53,0.5073,0.02608,0.0,36.08203,659.3,0.0
2026-09-20T18:34:12Z,2027-03-26,187,180000.0,P,1.1495,1.1795,1.1629,83346.39,81236.53,0.5073,-0.97392,0.0,36.08203,0.1,0.0
2026-09-20T18:34:12Z,2027-03-26,187,190000.0,C,0.0025,0.003,0.0027,83346.39,81236.53,0.5233,0.02193,0.0,31.19273,658.2,3.1
2026-09-20T18:34:12Z,2027-03-26,187,190000.0,P,1.2695,1.3005,1.2824,83346.39,81236.53,0.5233,-0.97807,0.0,31.19273,0.9,0.0
2026-09-20T18:34:12Z,2027-03-26,187,200000.0,C,0.0021,0.0027,0.0024,83346.39,81236.53,0.54,0.01904,0.0,27.66533,495.3,1.7
2026-09-20T18:34:12Z,2027-03-26,187,200000.0,P,1.387,1.4195,1.402,83346.39,81236.53,0.54,-0.98096,0.0,27.66533,1.0,0.0
2026-09-20T18:34:12Z,2027-06-25,278,30000.0,C,0.6465,0.649,0.6478,84367.34,81236.53,0.6197,0.9855,0.0,27.05483,86.2,0.0
2026-09-20T18:34:12Z,2027-06-25,278,30000.0,P,0.003,0.0035,0.0033,84367.34,81236.53,0.6197,-0.0145,0.0,27.05483,342.4,0.0
2026-09-20T18:34:12Z,2027-06-25,278,40000.0,C,0.5315,0.5345,0.5334,84366.5,81236.53,0.5376,0.96611,0.0,55.36765,19.2,0.0
2026-09-20T18:34:12Z,2027-06-25,278,40000.0,P,0.007,0.008,0.0075,84367.34,81236.53,0.5376,-0.03389,0.0,55.36606,1226.7,0.5
2026-09-20T18:34:12Z,2027-06-25,278,45000.0,C,0.4765,0.4785,0.4773,84367.34,81236.53,0.503,0.95077,0.0,74.94911,0.5,0.0
2026-09-20T18:34:12Z,2027-06-25,278,45000.0,P,0.01,0.0115,0.0107,84367.34,81236.53,0.503,-0.04923,0.0,74.94911,123.7,1.1
2026-09-20T18:34:12Z,2027-06-25,278,50000.0,C,0.4215,0.424,0.4231,84367.34,81236.53,0.4772,0.92856,0.0,100.33759,18.3,0.0
2026-09-20T18:34:12Z,2027-06-25,278,50000.0,P,0.015,0.0165,0.0157,84367.34,81236.53,0.4772,-0.07144,0.0,100.33759,401.3,0.0
2026-09-20T18:34:12Z,2027-06-25,278,52000.0,C,0.4,0.403,0.4019,84366.5,81236.53,0.4679,0.91773,0.0,111.70736,1.1,0.0
2026-09-20T18:34:12Z,2027-06-25,278,52000.0,P,0.0175,0.019,0.0182,84366.5,81236.53,0.4679,-0.08227,0.0,111.70736,54.6,0.0
2026-09-20T18:34:12Z,2027-06-25,278,54000.0,C,0.3795,0.382,0.381,84367.34,81236.53,0.45899999999999996,0.90572,0.0,123.65403,1.0,0.0
2026-09-20T18:34:12Z,2027-06-25,278,54000.0,P,0.02,0.022,0.0211,84366.5,81236.53,0.45899999999999996,-0.09429,0.0,123.65684,50.1,0.0
2026-09-20T18:34:12Z,2027-06-25,278,55000.0,C,0.369,0.372,0.3708,84367.34,81236.53,0.4556,0.89894,1e-05,130.11353,2.9,0.0
2026-09-20T18:34:12Z,2027-06-25,278,55000.0,P,0.022,0.0235,0.0227,84367.34,81236.53,0.4556,-0.10106,1e-05,130.11353,36.1,0.0
2026-09-20T18:34:12Z,2027-06-25,278,56000.0,C,0.359,0.362,0.3607,84367.34,81236.53,0.4517,0.89205,1e-05,136.48382,3.0,0.0
2026-09-20T18:34:12Z,2027-06-25,278,56000.0,P,0.0235,0.0255,0.0244,84366.5,81236.53,0.4517,-0.10796,1e-05,136.48673,84.8,0.0
2026-09-20T18:34:12Z,2027-06-25,278,58000.0,C,0.339,0.342,0.3406,84366.5,81236.53,0.44380000000000003,0.87733,1e-05,149.46537,13.8,0.0
2026-09-20T18:34:12Z,2027-06-25,278,58000.0,P,0.027,0.029,0.0281,84366.5,81236.53,0.44380000000000003,-0.12267,1e-05,149.46537,100.7,0.1
2026-09-20T18:34:12Z,2027-06-25,278,60000.0,C,0.3195,0.3225,0.3213,84366.5,81236.53,0.43810000000000004,0.86064,1e-05,163.24031,969.9,0.0
2026-09-20T18:34:12Z,2027-06-25,278,60000.0,P,0.0315,0.0335,0.0325,84366.96,81236.53,0.43810000000000004,-0.13936,1e-05,163.23867,198.9,0.1
2026-09-20T18:34:12Z,2027-06-25,278,62000.0,C,0.3005,0.3035,0.3023,84366.5,81236.53,0.4316,0.84294,1e-05,176.84414,118.0,0.0
2026-09-20T18:34:12Z,2027-06-25,278,62000.0,P,0.036,0.038,0.0372,84366.96,81236.53,0.4316,-0.15706,1e-05,176.84252,115.3,0.0
2026-09-20T18:34:12Z,2027-06-25,278,64000.0,C,0.282,0.285,0.284,84366.96,81236.53,0.4264,0.82353,1e-05,190.65091,33.5,0.0
2026-09-20T18:34:12Z,2027-06-25,278,64000.0,P,0.0415,0.0435,0.0426,84366.96,81236.53,0.4264,-0.17647,1e-05,190.65091,62.8,0.0
2026-09-20T18:34:12Z,2027-06-25,278,65000.0,C,0.273,0.276,0.2751,84366.5,81236.53,0.4242,0.81326,1e-05,197.52105,4.1,0.0
2026-09-20T18:34:12Z,2027-06-25,278,65000.0,P,0.0445,0.0465,0.0456,84366.5,81236.53,0.4242,-0.18674,1e-05,197.52105,38.8,0.0
2026-09-20T18:34:12Z,2027-06-25,278,66000.0,C,0.2645,0.2675,0.2663,84366.96,81236.53,0.4215,0.80282,1e-05,204.2117,25.6,0.0
2026-09-20T18:34:12Z,2027-06-25,278,66000.0,P,0.0475,0.0495,0.0486,84366.96,81236.53,0.4215,-0.19718,1e-05,204.2117,66.6,0.0
2026-09-20T18:34:12Z,2027-06-25,278,68000.0,C,0.2475,0.2505,0.2493,84366.96,81236.53,0.41759999999999997,0.78063,1e-05,217.48013,12.6,0.3
2026-09-20T18:34:12Z,2027-06-25,278,68000.0,P,0.054,0.0565,0.0554,84366.96,81236.53,0.41759999999999997,-0.21937,1e-05,217.48013,20.0,0.0
2026-09-20T18:34:12Z,2027-06-25,278,70000.0,C,0.2315,0.234,0.2331,84366.5,81236.53,0.4139,0.7573,1e-05,230.10224,200.5,1.3
2026-09-20T18:34:12Z,2027-06-25,278,70000.0,P,0.0615,0.064,0.0628,84366.96,81236.53,0.4139,-0.24269,1e-05,230.10107,57.9,0.0
2026-09-20T18:34:12Z,2027-06-25,278,72000.0,C,0.2155,0.2185,0.2175,84366.5,81236.53,0.4105,0.73295,1e-05,241.9151,87.7,0.0
2026-09-20T18:34:12Z,2027-06-25,278,72000.0,P,0.0695,0.072,0.0709,84367.46,81236.53,0.4105,-0.26704,1e-05,241.91298,48.7,0.0
2026-09-20T18:34:12Z,2027-06-25,278,74000.0,C,0.201,0.2035,0.2027,84367.46,81236.53,0.4078,0.70764,1e-05,252.79252,20.6,0.5
2026-09-20T18:34:12Z,2027-06-25,278,74000.0,P,0.0785,0.081,0.0798,84367.46,81236.53,0.4078,-0.29236,1e-05,252.79252,15.9,0.0
2026-09-20T18:34:12Z,2027-06-25,278,76000.0,C,0.187,0.1895,0.1886,84366.95,81236.53,0.40509999999999996,0.68163,1e-05,262.53099,73.9,0.1
2026-09-20T18:34:12Z,2027-06-25,278,76000.0,P,0.088,0.0905,0.0894,84366.95,81236.53,0.40509999999999996,-0.31837,1e-05,262.53099,75.2,0.0
2026-09-20T18:34:12Z,2027-06-25,278,78000.0,C,0.174,0.1765,0.1753,84367.46,81236.53,0.4031,0.65505,1e-05,271.04771,104.4,0.0
2026-09-20T18:34:12Z,2027-06-25,278,78000.0,P,0.0985,0.101,0.0998,84366.95,81236.53,0.4031,-0.34495,1e-05,271.04793,105.9,0.7
2026-09-20T18:34:12Z,2027-06-25,278,80000.0,C,0.1615,0.164,0.1626,84367.46,81236.53,0.40090000000000003,0.62811,1e-05,278.23935,171.3,3.0
2026-09-20T18:34:12Z,2027-06-25,278,80000.0,P,0.1095,0.1125,0.1109,84367.46,81236.53,0.40090000000000003,-0.37189,1e-05,278.23935,55.3,7.5
2026-09-20T18:34:12Z,2027-06-25,278,82000.0,C,0.1495,0.152,0.1507,84367.46,81236.53,0.3993,0.60096,1e-05,284.0561,76.4,2.0
2026-09-20T18:34:12Z,2027-06-25,278,82000.0,P,0.1215,0.1245,0.1227,84366.95,81236.53,0.3993,-0.39905,1e-05,284.05564,28.7,0.0
2026-09-20T18:34:12Z,2027-06-25,278,84000.0,C,0.1385,0.141,0.1397,84367.46,81236.53,0.3981,0.57384,1e-05,288.46314,29.3,0.1
2026-09-20T18:34:12Z,2027-06-25,278,84000.0,P,0.134,0.1375,0.1354,84366.95,81236.53,0.3981,-0.42616,1e-05,288.46233,17.7,1.0
2026-09-20T18:34:12Z,2027-06-25,278,85000.0,C,0.1335,0.136,0.1345,84367.46,81236.53,0.3979,0.56039,1e-05,290.13619,161.6,0.0
2026-09-20T18:34:12Z,2027-06-25,278,85000.0,P,0.1405,0.144,0.142,84367.46,81236.53,0.3979,-0.43961,1e-05,290.13619,11.3,0.0
2026-09-20T18:34:12Z,2027-06-25,278,86000.0,C,0.128,0.131,0.1295,84367.46,81236.53,0.39759999999999995,0.54699,1e-05,291.46681,38.1,1.0
2026-09-20T18:34:12Z,2027-06-25,278,86000.0,P,0.1475,0.1505,0.1488,84367.46,81236.53,0.39759999999999995,-0.45301,1e-05,291.46684,1.4,0.0
2026-09-20T18:34:12Z,2027-06-25,278,88000.0,C,0.1185,0.121,0.1198,84366.95,81236.53,0.3968,0.52042,1e-05,293.11929,28.6,0.0
2026-09-20T18:34:12Z,2027-06-25,278,88000.0,P,0.1615,0.165,0.1629,84367.46,81236.53,0.3968,-0.47958,1e-05,293.12081,4.7,0.1
2026-09-20T18:34:12Z,2027-06-25,278,90000.0,C,0.1095,0.111,0.1105,84366.97,81236.53,0.3954,0.49401,1e-05,293.47075,766.0,0.0
2026-09-20T18:34:12Z,2027-06-25,278,90000.0,P,0.176,0.18,0.1773,84366.97,81236.53,0.3954,-0.50599,1e-05,293.47075,50.6,0.0
2026-09-20T18:34:12Z,2027-06-25,278,92000.0,C,0.1015,0.104,0.1026,84367.46,81236.53,0.39649999999999996,0.46905,1e-05,292.622,16.5,0.0
2026-09-20T18:34:12Z,2027-06-25,278,92000.0,P,0.1915,0.1955,0.1931,84366.97,81236.53,0.39649999999999996,-0.53095,1e-05,292.61992,0.2,0.0
2026-09-20T18:34:12Z,2027-06-25,278,94000.0,C,0.0935,0.0965,0.095,84366.97,81236.53,0.3967,0.4445,1e-05,290.65856,27.0,0.0
2026-09-20T18:34:12Z,2027-06-25,278,94000.0,P,0.2075,0.2115,0.2092,84366.97,81236.53,0.3967,-0.5555,1e-05,290.65856,0.1,0.0
2026-09-20T18:34:12Z,2027-06-25,278,95000.0,C,0.09,0.0925,0.0913,84367.46,81236.53,0.39649999999999996,0.43235,1e-05,289.27556,55.9,0.0
2026-09-20T18:34:12Z,2027-06-25,278,95000.0,P,0.2155,0.22,0.2173,84367.46,81236.53,0.39649999999999996,-0.56765,1e-05,289.27556,20.2,0.0
2026-09-20T18:34:12Z,2027-06-25,278,96000.0,C,0.0865,0.089,0.0879,84366.97,81236.53,0.3968,0.42061,1e-05,287.67232,39.5,0.0
2026-09-20T18:34:12Z,2027-06-25,278,96000.0,P,0.224,0.2285,0.2258,84367.46,81236.53,0.3968,-0.57939,1e-05,287.67496,0.1,0.0
2026-09-20T18:34:12Z,2027-06-25,278,98000.0,C,0.08,0.0825,0.0813,84367.46,81236.53,0.3971,0.39766,1e-05,283.79482,81.1,0.0
2026-09-20T18:34:12Z,2027-06-25,278,98000.0,P,0.241,0.2455,0.2429,84366.97,81236.53,0.3971,-0.60234,1e-05,283.79194,0.1,0.0
2026-09-20T18:34:12Z,2027-06-25,278,100000.0,C,0.074,0.0765,0.0753,84367.46,81236.53,0.39770000000000005,0.37572,1e-05,279.1463,212.4,1.3
2026-09-20T18:34:12Z,2027-06-25,278,100000.0,P,0.2585,0.2635,0.2606,84367.46,81236.53,0.39770000000000005,-0.62428,1e-05,279.1463,1.6,0.0
2026-09-20T18:34:12Z,2027-06-25,278,102000.0,C,0.0685,0.071,0.0697,84367.46,81236.53,0.3985,0.35482,1e-05,273.84932,46.3,0.0
2026-09-20T18:34:12Z,2027-06-25,278,102000.0,P,0.277,0.2815,0.2787,84367.46,81236.53,0.3985,-0.64518,1e-05,273.84932,0.0,0.0
2026-09-20T18:34:12Z,2027-06-25,278,104000.0,C,0.0635,0.066,0.0647,84366.87,81236.53,0.3996,0.33498,1e-05,268.02037,26.5,0.0
2026-09-20T18:34:12Z,2027-06-25,278,104000.0,P,0.288,0.3085,0.2974,84366.87,81236.53,0.3996,-0.66502,1e-05,268.02037,0.0,0.0
2026-09-20T18:34:12Z,2027-06-25,278,105000.0,C,0.061,0.0635,0.0622,84366.87,81236.53,0.39990000000000003,0.32524,1e-05,264.87184,160.6,0.0
2026-09-20T18:34:12Z,2027-06-25,278,105000.0,P,0.2975,0.3175,0.3068,84366.87,81236.53,0.39990000000000003,-0.67476,1e-05,264.87184,0.1,0.0
2026-09-20T18:34:12Z,2027-06-25,278,106000.0,C,0.059,0.061,0.0599,84366.96,81236.53,0.4003,0.31586,1e-05,261.65218,18.7,0.1
2026-09-20T18:34:12Z,2027-06-25,278,106000.0,P,0.3095,0.328,0.3163,84366.96,81236.53,0.4003,-0.68414,1e-05,261.65218,0.0,0.0
2026-09-20T18:34:12Z,2027-06-25,278,108000.0,C,0.0545,0.0565,0.0555,84366.87,81236.53,0.40130000000000005,0.2978,1e-05,254.94607,23.4,0.0
2026-09-20T18:34:12Z,2027-06-25,278,108000.0,P,0.3265,0.3475,0.3357,84366.87,81236.53,0.40130000000000005,-0.7022,1e-05,254.94607,0.2,0.0
2026-09-20T18:34:12Z,2027-06-25,278,110000.0,C,0.0505,0.0525,0.0515,84366.96,81236.53,0.4023,0.28068,1e-05,247.94721,265.7,0.0
2026-09-20T18:34:12Z,2027-06-25,278,110000.0,P,0.3465,0.3665,0.3554,84366.87,81236.53,0.4023,-0.71932,1e-05,247.9465,5.3,0.0
2026-09-20T18:34:12Z,2027-06-25,278,115000.0,C,0.042,0.044,0.043,84366.96,81236.53,0.4058,0.24249,1e-05,229.99805,59.9,0.0
2026-09-20T18:34:12Z,2027-06-25,278,115000.0,P,0.3955,0.419,0.4061,84366.87,81236.53,0.4058,-0.75751,1e-05,229.99732,0.0,0.0
2026-09-20T18:34:12Z,2027-06-25,278,120000.0,C,0.035,0.037,0.036,84366.96,81236.53,0.4094,0.20945,1e-05,211.70311,354.3,0.0
2026-09-20T18:34:12Z,2027-06-25,278,120000.0,P,0.4495,0.472,0.4584,84366.96,81236.53,0.4094,-0.79055,1e-05,211.70311,0.9,0.0
2026-09-20T18:34:12Z,2027-06-25,278,125000.0,C,0.0295,0.0315,0.0305,84366.96,81236.53,0.414,0.1818,1e-05,194.25475,116.9,0.0
2026-09-20T18:34:12Z,2027-06-25,278,125000.0,P,0.5005,0.5235,0.5121,84366.87,81236.53,0.414,-0.8182,1e-05,194.25402,0.0,0.0
2026-09-20T18:34:12Z,2027-06-25,278,130000.0,C,0.025,0.027,0.026,84366.96,81236.53,0.41859999999999997,0.15821,1e-05,177.68885,784.9,0.0
2026-09-20T18:34:12Z,2027-06-25,278,130000.0,P,0.555,0.5815,0.5668,84366.9,81236.53,0.41859999999999997,-0.84179,1e-05,177.68858,3.9,0.0
2026-09-20T18:34:12Z,2027-06-25,278,140000.0,C,0.0185,0.02,0.0193,84367.36,81236.53,0.42869999999999997,0.12142,1e-05,148.39344,388.4,0.0
2026-09-20T18:34:12Z,2027-06-25,278,140000.0,P,0.6655,0.6915,0.6787,84367.36,81236.53,0.42869999999999997,-0.87858,1e-05,148.39344,3.4,0.0
2026-09-20T18:34:12Z,2027-06-25,278,150000.0,C,0.014,0.015,0.0147,84367.36,81236.53,0.4395,0.09515,1e-05,124.4893,219.6,0.0
2026-09-20T18:34:12Z,2027-06-25,278,150000.0,P,0.78,0.8065,0.7927,84366.9,81236.53,0.4395,-0.90486,1e-05,124.4863,1.1,0.0
2026-09-20T18:34:12Z,2027-06-25,278,160000.0,C,0.011,0.0125,0.0116,84367.36,81236.53,0.4509,0.07618,0.0,105.39122,575.2,0.0
2026-09-20T18:34:12Z,2027-06-25,278,160000.0,P,0.893,0.9255,0.9081,84367.36,81236.53,0.4509,-0.92382,0.0,105.39122,0.2,0.0
2026-09-20T18:34:12Z,2027-06-25,278,170000.0,C,0.0085,0.01,0.0092,84367.36,81236.53,0.4608,0.06148,0.0,89.32967,153.2,0.0
2026-09-20T18:34:12Z,2027-06-25,278,170000.0,P,1.01,1.04,1.0242,84367.36,81236.53,0.4608,-0.93852,0.0,89.32967,14.7,0.0
2026-09-20T18:34:12Z,2027-06-25,278,180000.0,C,0.007,0.0085,0.0077,84366.9,81236.53,0.4733,0.0516,0.0,77.80676,48.2,0.0
2026-09-20T18:34:12Z,2027-06-25,278,180000.0,P,1.1235,1.158,1.1413,84367.36,81236.53,0.4733,-0.9484,0.0,77.80886,0.0,0.0
2026-09-20T18:34:12Z,2027-06-25,278,190000.0,C,0.006,0.007,0.0064,84366.9,81236.53,0.48369999999999996,0.04328,0.0,67.57262,60.0,0.0
2026-09-20T18:34:12Z,2027-06-25,278,190000.0,P,1.2395,1.2765,1.2585,84367.36,81236.53,0.48369999999999996,-0.95672,0.0,67.57448,0.6,0.0
2026-09-20T18:34:12Z,2027-06-25,278,200000.0,C,0.005,0.006,0.0055,84367.36,81236.53,0.4941,0.03689,0.0,59.34669,56.5,20.1
2026-09-20T18:34:12Z,2027-06-25,278,200000.0,P,1.356,1.4,1.3761,84366.9,81236.53,0.4941,-0.96311,0.0,59.34502,2.1,0.0
