snapshot_ts,expiry,days_to_expiry,strike,option_type,bid,ask,mark_price,forward_price,index_price,implied_vol,delta,gamma,vega,open_interest,volume_24h
2026-09-25T19:54:56Z,2026-09-26,1,76000.0,C,0.0935,0.097,0.0951,83983.63,84001.12,0.7676999999999999,0.99978,0.0,0.02558,0.0,0.0
2026-09-25T19:54:56Z,2026-09-26,1,76000.0,P,0.0,0.0001,0.0,83984.42,84001.12,0.7676999999999999,-0.00022,0.0,0.02555,72.1,56.4
2026-09-25T19:54:56Z,2026-09-26,1,77000.0,C,0.0815,0.0855,0.0832,83983.75,84001.12,0.6922,0.99965,0.0,0.0398,0.0,0.0
2026-09-25T19:54:56Z,2026-09-26,1,77000.0,P,0.0,0.0001,0.0,83984.42,84001.12,0.6922,-0.00035,0.0,0.03976,43.6,19.6
2026-09-25T19:54:56Z,2026-09-26,1,78000.0,C,0.0695,0.0735,0.0713,83984.42,84001.12,0.6305,0.99923,0.0,0.08222,0.0,0.0
2026-09-25T19:54:56Z,2026-09-26,1,78000.0,P,0.0,0.0001,0.0,83983.75,84001.12,0.6305,-0.00077,0.0,0.08231,21.5,6.0
2026-09-25T19:54:56Z,2026-09-26,1,79000.0,C,0.0575,0.0615,0.0594,83983.75,84001.12,0.5589,0.99845,0.0,0.15685,0.0,0.0
2026-09-25T19:54:56Z,2026-09-26,1,79000.0,P,0.0,0.0001,0.0,83984.42,84001.12,0.5589,-0.00155,0.0,0.15667,82.1,74.3
2026-09-25T19:54:56Z,2026-09-26,1,80000.0,C,0.0455,0.0495,0.0475,83984.42,84001.12,0.5013000000000001,0.9956,1e-05,0.40213,0.0,0.0
2026-09-25T19:54:56Z,2026-09-26,1,80000.0,P,0.0,0.0001,0.0,83984.42,84001.12,0.5013000000000001,-0.0044,1e-05,0.40213,146.3,23.5
2026-09-25T19:54:56Z,2026-09-26,1,81000.0,C,0.0335,0.0375,0.0356,83984.42,84001.12,0.3803,0.9949,1e-05,0.45926,0.1,0.2
2026-09-25T19:54:56Z,2026-09-26,1,81000.0,P,0.0,0.0001,0.0,83984.42,84001.12,0.3803,-0.0051,1e-05,0.45926,97.3,46.0
2026-09-25T19:54:56Z,2026-09-26,1,81500.0,C,0.0275,0.032,0.0296,83984.42,84001.12,0.3422,0.99108,2e-05,0.75193,0.0,0.0
2026-09-25T19:54:56Z,2026-09-26,1,81500.0,P,0.0,0.0001,0.0,83983.75,84001.12,0.3422,-0.00893,2e-05,0.75304,32.6,27.0
2026-09-25T19:54:56Z,2026-09-26,1,82000.0,C,0.0215,0.026,0.0238,83983.75,84001.12,0.34130000000000005,0.97076,6e-05,2.07747,0.1,0.0
2026-09-25T19:54:56Z,2026-09-26,1,82000.0,P,0.0001,0.0002,0.0001,83984.42,84001.12,0.34130000000000005,-0.0292,6e-05,2.07501,121.5,73.0
2026-09-25T19:54:56Z,2026-09-26,1,82500.0,C,0.0155,0.02,0.0178,83983.75,84001.12,0.2683,0.96359,0.0001,2.48965,0.5,0.5
2026-09-25T19:54:56Z,2026-09-26,1,82500.0,P,0.0001,0.0002,0.0001,83984.42,84001.12,0.2683,-0.03635,0.0001,2.4861,71.2,76.6
2026-09-25T19:54:56Z,2026-09-26,1,83000.0,C,0.0105,0.0135,0.0119,83984.42,84001.12,0.2025,0.94198,0.00018,3.6192,8.8,2.8
2026-09-25T19:54:56Z,2026-09-26,1,83000.0,P,0.0001,0.0003,0.0002,83983.75,84001.12,0.2025,-0.05814,0.00018,3.62521,828.1,141.5
2026-09-25T19:54:56Z,2026-09-26,1,83500.0,C,0.0055,0.007,0.0062,83984.42,84001.12,0.149,0.85273,0.0005,7.18373,26.1,11.4
2026-09-25T19:54:56Z,2026-09-26,1,83500.0,P,0.0003,0.0005,0.0004,83984.52,84001.12,0.149,-0.14721,0.0005,7.18178,154.8,184.6
2026-09-25T19:54:56Z,2026-09-26,1,84000.0,C,0.0019,0.0024,0.0019,83984.52,84001.12,0.13470000000000001,0.4863,0.00095,12.43639,237.1,403.5
2026-09-25T19:54:56Z,2026-09-26,1,84000.0,P,0.0018,0.0022,0.0021,83985.01,84001.12,0.13470000000000001,-0.51324,0.00095,12.43695,269.8,224.2
2026-09-25T19:54:56Z,2026-09-26,1,84500.0,C,0.0004,0.0007,0.0005,83984.52,84001.12,0.1689,0.16546,0.00047,7.75687,103.7,105.5
2026-09-25T19:54:56Z,2026-09-26,1,84500.0,P,0.005,0.008,0.0067,83985.01,84001.12,0.1689,-0.83431,0.00047,7.76393,76.2,74.1
2026-09-25T19:54:56Z,2026-09-26,1,85000.0,C,0.0002,0.0003,0.0002,83985.01,84001.12,0.217,0.0686,0.0002,4.12321,375.3,248.3
2026-09-25T19:54:56Z,2026-09-26,1,85000.0,P,0.0105,0.0135,0.0123,83985.01,84001.12,0.217,-0.9314,0.0002,4.12321,11.9,5.3
2026-09-25T19:54:56Z,2026-09-26,1,85500.0,C,0.0001,0.0003,0.0002,83985.01,84001.12,0.27390000000000003,0.03984,0.0001,2.679,139.5,158.0
2026-09-25T19:54:56Z,2026-09-26,1,85500.0,P,0.0165,0.0195,0.0182,83984.52,84001.12,0.27390000000000003,-0.96021,0.0001,2.67629,16.2,0.2
2026-09-25T19:54:56Z,2026-09-26,1,86000.0,C,0.0001,0.0002,0.0001,83984.52,84001.12,0.33509999999999995,0.02878,6e-05,2.05056,781.1,825.1
2026-09-25T19:54:56Z,2026-09-26,1,86000.0,P,0.0225,0.0255,0.0241,83985.01,84001.12,0.33509999999999995,-0.97119,6e-05,2.0524,531.2,200.0
2026-09-25T19:54:56Z,2026-09-26,1,86500.0,C,0.0,0.0002,0.0001,83984.52,84001.12,0.3958,0.02274,4e-05,1.68368,248.9,278.6
2026-09-25T19:54:56Z,2026-09-26,1,86500.0,P,0.0285,0.0315,0.0301,83985.01,84001.12,0.3958,-0.97723,4e-05,1.68502,77.7,0.0
2026-09-25T19:54:56Z,2026-09-26,1,87000.0,C,0.0,0.0001,0.0001,83985.01,84001.12,0.42950000000000005,0.0138,3e-05,1.0995,646.4,741.7
2026-09-25T19:54:56Z,2026-09-26,1,87000.0,P,0.0335,0.038,0.036,83985.01,84001.12,0.42950000000000005,-0.9862,3e-05,1.0995,1.4,0.0
2026-09-25T19:54:56Z,2026-09-26,1,87500.0,C,0.0,0.0001,0.0001,83985.01,84001.12,0.46990000000000004,0.00962,2e-05,0.8039,164.0,147.0
2026-09-25T19:54:56Z,2026-09-26,1,87500.0,P,0.0395,0.044,0.0419,83985.01,84001.12,0.46990000000000004,-0.99038,2e-05,0.8039,2.5,0.0
2026-09-25T19:54:56Z,2026-09-26,1,88000.0,C,0.0,0.0001,0.0,83985.01,84001.12,0.49700000000000005,0.00586,1e-05,0.51901,206.0,198.7
2026-09-25T19:54:56Z,2026-09-26,1,88000.0,P,0.0455,0.05,0.0479,83985.01,84001.12,0.49700000000000005,-0.99414,1e-05,0.51901,0.0,0.0
2026-09-25T19:54:56Z,2026-09-26,1,88500.0,C,0.0,0.0001,0.0,83985.01,84001.12,0.5256000000000001,0.00376,1e-05,0.34962,86.1,109.3
2026-09-25T19:54:56Z,2026-09-26,1,88500.0,P,0.0515,0.056,0.0538,83985.01,84001.12,0.5256000000000001,-0.99624,1e-05,0.34962,0.0,0.0
2026-09-25T19:54:56Z,2026-09-26,1,89000.0,C,0.0,0.0001,0.0,83985.01,84001.12,0.5446,0.00213,0.0,0.20984,189.1,189.9
2026-09-25T19:54:56Z,2026-09-26,1,89000.0,P,0.0575,0.062,0.0597,83985.01,84001.12,0.5446,-0.99787,0.0,0.20984,0.0,0.0
2026-09-25T19:54:56Z,2026-09-26,1,89500.0,C,0.0,0.0001,0.0,83985.01,84001.12,0.5524,0.001,0.0,0.10518,69.4,55.7
2026-09-25T19:54:56Z,2026-09-26,1,89500.0,P,0.063,0.068,0.0657,83985.01,84001.12,0.5524,-0.999,0.0,0.10518,0.0,0.0
2026-09-25T19:54:56Z,2026-09-26,1,90000.0,C,0.0,0.0001,0.0,83985.09,84001.12,0.5683,0.00054,0.0,0.05991,39.5,18.0
2026-09-25T19:54:56Z,2026-09-26,1,90000.0,P,0.069,0.074,0.0716,83985.01,84001.12,0.5683,-0.99946,0.0,0.0599,0.0,0.0
2026-09-25T19:54:56Z,2026-09-26,1,91000.0,C,0.0,0.0001,0.0,83985.01,84001.12,0.6335999999999999,0.00034,0.0,0.0388,72.6,33.5
2026-09-25T19:54:56Z,2026-09-26,1,91000.0,P,0.081,0.086,0.0835,83985.09,84001.12,0.6335999999999999,-0.99966,0.0,0.03881,0.0,0.0
2026-09-25T19:54:56Z,2026-09-26,1,92000.0,C,0.0,0.0001,0.0,83985.01,84001.12,0.6349,6e-05,0.0,0.00741,17.4,0.0
2026-09-25T19:54:56Z,2026-09-26,1,92000.0,P,0.093,0.0975,0.0954,83985.01,84001.12,0.6349,-0.99994,0.0,0.00741,0.0,0.0
2026-09-25T19:54:56Z,2026-09-26,1,93000.0,C,0.0,0.0001,0.0,83985.09,84001.12,0.6363,1e-05,0.0,0.00119,8.2,0.0
2026-09-25T19:54:56Z,2026-09-26,1,93000.0,P,0.105,0.1095,0.1073,83985.09,84001.12,0.6363,-0.99999,0.0,0.00119,0.0,0.0
2026-09-25T19:54:56Z,2026-09-26,1,94000.0,C,0.0,0.0001,0.0,83985.01,84001.12,0.6389,0.0,0.0,0.00017,14.2,0.0
2026-09-25T19:54:56Z,2026-09-26,1,94000.0,P,0.1165,0.1215,0.1193,83985.09,84001.12,0.6389,-1.0,0.0,0.00017,0.0,0.0
2026-09-25T19:54:56Z,2026-09-26,1,95000.0,C,0.0,0.0001,0.0,83985.09,84001.12,0.6801999999999999,0.0,0.0,9e-05,3.1,0.0
2026-09-25T19:54:56Z,2026-09-26,1,95000.0,P,0.1285,0.1335,0.1312,83985.01,84001.12,0.6801999999999999,-1.0,0.0,9e-05,0.0,0.0
2026-09-25T19:54:56Z,2026-09-26,1,96000.0,C,0.0,0.0001,0.0,83985.01,84001.12,0.7197,0.0,0.0,5e-05,6.3,0.0
2026-09-25T19:54:56Z,2026-09-26,1,96000.0,P,0.1405,0.1455,0.1431,83985.01,84001.12,0.7197,-1.0,0.0,5e-05,0.0,0.0
2026-09-25T19:54:56Z,2026-09-27,2,75000.0,C,0.1055,0.109,0.1072,84002.34,84001.12,0.6232,0.99784,0.0,0.36617,0.0,0.0
2026-09-25T19:54:56Z,2026-09-27,2,75000.0,P,0.0,0.0001,0.0,84002.34,84001.12,0.6232,-0.00216,0.0,0.36617,50.8,26.0
2026-09-25T19:54:56Z,2026-09-27,2,76000.0,C,0.0935,0.0975,0.0953,84002.34,84001.12,0.5552,0.99765,0.0,0.39516,0.0,0.0
2026-09-25T19:54:56Z,2026-09-27,2,76000.0,P,0.0,0.0001,0.0,84002.34,84001.12,0.5552,-0.00235,0.0,0.39516,29.9,2.5
2026-09-25T19:54:56Z,2026-09-27,2,77000.0,C,0.082,0.0855,0.0834,84002.34,84001.12,0.5114,0.99619,0.0,0.61142,0.0,0.0
2026-09-25T19:54:56Z,2026-09-27,2,77000.0,P,0.0,0.0001,0.0,84002.34,84001.12,0.5114,-0.00381,0.0,0.61142,37.2,15.0
2026-09-25T19:54:56Z,2026-09-27,2,78000.0,C,0.07,0.0735,0.0715,84002.34,84001.12,0.45899999999999996,0.99432,1e-05,0.87315,0.0,0.0
2026-09-25T19:54:56Z,2026-09-27,2,78000.0,P,0.0,0.0001,0.0001,84002.34,84001.12,0.45899999999999996,-0.00568,1e-05,0.87315,77.1,75.4
2026-09-25T19:54:56Z,2026-09-27,2,79000.0,C,0.0575,0.0615,0.0596,84001.96,84001.12,0.39390000000000003,0.99268,1e-05,1.09294,0.0,0.0
2026-09-25T19:54:56Z,2026-09-27,2,79000.0,P,0.0,0.0001,0.0001,84002.34,84001.12,0.39390000000000003,-0.00732,1e-05,1.09246,25.3,19.7
2026-09-25T19:54:56Z,2026-09-27,2,80000.0,C,0.0455,0.05,0.0477,84002.34,84001.12,0.3396,0.98781,2e-05,1.70745,1.9,0.0
2026-09-25T19:54:56Z,2026-09-27,2,80000.0,P,0.0,0.0002,0.0001,84002.34,84001.12,0.3396,-0.01219,2e-05,1.70745,72.7,53.7
2026-09-25T19:54:56Z,2026-09-27,2,81000.0,C,0.034,0.038,0.0359,84002.34,84001.12,0.27399999999999997,0.98115,3e-05,2.48208,3.0,1.1
2026-09-25T19:54:56Z,2026-09-27,2,81000.0,P,0.0,0.0002,0.0001,84002.34,84001.12,0.27399999999999997,-0.01885,3e-05,2.48208,100.1,67.3
2026-09-25T19:54:56Z,2026-09-27,2,81500.0,C,0.028,0.032,0.0299,84001.96,84001.12,0.2407,0.97529,4e-05,3.12066,0.0,0.0
2026-09-25T19:54:56Z,2026-09-27,2,81500.0,P,0.0001,0.0002,0.0001,84002.34,84001.12,0.2407,-0.0247,4e-05,3.11888,218.8,64.0
2026-09-25T19:54:56Z,2026-09-27,2,82000.0,C,0.0225,0.026,0.024,84004.86,84001.12,0.1998,0.97065,6e-05,3.60235,0.0,0.0
2026-09-25T19:54:56Z,2026-09-27,2,82000.0,P,0.0001,0.0002,0.0001,84004.86,84001.12,0.1998,-0.02935,6e-05,3.60235,68.5,82.6
2026-09-25T19:54:56Z,2026-09-27,2,82500.0,C,0.016,0.02,0.0181,84004.86,84001.12,0.1681,0.95364,0.00011,5.23384,4.6,4.6
2026-09-25T19:54:56Z,2026-09-27,2,82500.0,P,0.0001,0.0003,0.0002,84004.86,84001.12,0.1681,-0.04636,0.00011,5.23384,60.9,89.4
2026-09-25T19:54:56Z,2026-09-27,2,83000.0,C,0.0105,0.015,0.0123,84004.86,84001.12,0.1422,0.90705,0.00022,8.96726,3.4,0.0
2026-09-25T19:54:56Z,2026-09-27,2,83000.0,P,0.0003,0.0005,0.0004,84004.86,84001.12,0.1422,-0.09295,0.00022,8.96726,106.2,44.5
2026-09-25T19:54:56Z,2026-09-27,2,83500.0,C,0.0042,0.0095,0.007,84004.86,84001.12,0.1225,0.77959,0.00045,15.981,4.1,2.3
2026-09-25T19:54:56Z,2026-09-27,2,83500.0,P,0.0008,0.0011,0.001,84004.86,84001.12,0.1225,-0.22041,0.00045,15.981,218.2,165.2
2026-09-25T19:54:56Z,2026-09-27,2,84000.0,C,0.0029,0.0035,0.0031,84005.02,84001.12,0.1223,0.5046,0.00061,21.50739,100.9,83.2
2026-09-25T19:54:56Z,2026-09-27,2,84000.0,P,0.0027,0.0033,0.0031,84004.86,84001.12,0.1223,-0.49549,0.00061,21.50741,76.5,61.8
2026-09-25T19:54:56Z,2026-09-27,2,84500.0,C,0.001,0.0014,0.0012,84004.86,84001.12,0.13140000000000002,0.24426,0.00044,16.92114,268.7,296.1
2026-09-25T19:54:56Z,2026-09-27,2,84500.0,P,0.006,0.0075,0.0071,84004.86,84001.12,0.13140000000000002,-0.75574,0.00044,16.92114,9.0,5.0
2026-09-25T19:54:56Z,2026-09-27,2,85000.0,C,0.0004,0.0006,0.0005,84004.86,84001.12,0.1476,0.10773,0.00023,9.98723,32.7,17.0
2026-09-25T19:54:56Z,2026-09-27,2,85000.0,P,0.0105,0.014,0.0124,84004.86,84001.12,0.1476,-0.89227,0.00023,9.98723,11.9,8.1
2026-09-25T19:54:56Z,2026-09-27,2,85500.0,C,0.0002,0.0004,0.0003,84004.86,84001.12,0.17559999999999998,0.05938,0.00012,6.37002,113.2,113.0
2026-09-25T19:54:56Z,2026-09-27,2,85500.0,P,0.0155,0.02,0.0181,84004.86,84001.12,0.17559999999999998,-0.94062,0.00012,6.37002,4.8,4.6
2026-09-25T19:54:56Z,2026-09-27,2,86000.0,C,0.0001,0.0003,0.0002,84004.86,84001.12,0.20199999999999999,0.03559,7e-05,4.22325,243.8,66.3
2026-09-25T19:54:56Z,2026-09-27,2,86000.0,P,0.0225,0.0255,0.024,84004.86,84001.12,0.20199999999999999,-0.96441,7e-05,4.22325,78.6,75.0
2026-09-25T19:54:56Z,2026-09-27,2,86500.0,C,0.0001,0.0003,0.0002,84004.86,84001.12,0.2418,0.03019,5e-05,3.68729,75.1,90.6
2026-09-25T19:54:56Z,2026-09-27,2,86500.0,P,0.0275,0.0315,0.0299,84005.95,84001.12,0.2418,-0.96976,5e-05,3.69323,0.0,0.0
2026-09-25T19:54:56Z,2026-09-27,2,87000.0,C,0.0,0.0002,0.0002,84005.95,84001.12,0.27449999999999997,0.02392,4e-05,3.03683,645.8,729.9
2026-09-25T19:54:56Z,2026-09-27,2,87000.0,P,0.033,0.038,0.0358,84005.95,84001.12,0.27449999999999997,-0.97608,4e-05,3.03683,0.0,0.0
2026-09-25T19:54:56Z,2026-09-27,2,87500.0,C,0.0,0.0002,0.0001,84005.95,84001.12,0.2958,0.01631,3e-05,2.19373,27.9,24.9
2026-09-25T19:54:56Z,2026-09-27,2,87500.0,P,0.0395,0.0435,0.0417,84005.95,84001.12,0.2958,-0.98369,3e-05,2.19373,0.0,0.0
2026-09-25T19:54:56Z,2026-09-27,2,88000.0,C,0.0,0.0002,0.0001,84005.95,84001.12,0.3387,0.01676,2e-05,2.24539,169.9,91.1
2026-09-25T19:54:56Z,2026-09-27,2,88000.0,P,0.0455,0.0495,0.0477,84005.95,84001.12,0.3387,-0.98324,2e-05,2.24539,0.0,0.0
2026-09-25T19:54:56Z,2026-09-27,2,88500.0,C,0.0,0.0002,0.0001,84005.95,84001.12,0.37229999999999996,0.01504,2e-05,2.04618,47.7,40.3
2026-09-25T19:54:56Z,2026-09-27,2,88500.0,P,0.051,0.0555,0.0537,84005.95,84001.12,0.37229999999999996,-0.98496,2e-05,2.04618,0.0,0.0
2026-09-25T19:54:56Z,2026-09-27,2,89000.0,C,0.0,0.0002,0.0001,84005.95,84001.12,0.392,0.01121,1e-05,1.58758,627.4,632.3
2026-09-25T19:54:56Z,2026-09-27,2,89000.0,P,0.057,0.0615,0.0596,84005.95,84001.12,0.392,-0.98879,1e-05,1.58758,0.0,0.0
2026-09-25T19:54:56Z,2026-09-27,2,89500.0,C,0.0,0.0001,0.0001,84005.95,84001.12,0.40149999999999997,0.00724,1e-05,1.08183,45.8,1.2
2026-09-25T19:54:56Z,2026-09-27,2,89500.0,P,0.063,0.0675,0.0655,84005.95,84001.12,0.40149999999999997,-0.99276,1e-05,1.08183,0.0,0.0
2026-09-25T19:54:56Z,2026-09-27,2,90000.0,C,0.0,0.0001,0.0,84005.95,84001.12,0.4042,0.0041,1e-05,0.65241,89.0,79.8
2026-09-25T19:54:56Z,2026-09-27,2,90000.0,P,0.069,0.073,0.0714,84005.95,84001.12,0.4042,-0.9959,1e-05,0.65241,0.2,0.0
2026-09-25T19:54:56Z,2026-09-27,2,91000.0,C,0.0,0.0001,0.0,84005.95,84001.12,0.4267,0.00183,0.0,0.31517,13.2,9.5
2026-09-25T19:54:56Z,2026-09-27,2,91000.0,P,0.0805,0.085,0.0833,84006.99,84001.12,0.4267,-0.99817,0.0,0.31559,0.0,0.0
2026-09-25T19:54:56Z,2026-09-27,2,92000.0,C,0.0,0.0001,0.0,84006.99,84001.12,0.45840000000000003,0.00105,0.0,0.19043,1.4,0.1
2026-09-25T19:54:56Z,2026-09-27,2,92000.0,P,0.0925,0.0975,0.0952,84006.99,84001.12,0.45840000000000003,-0.99895,0.0,0.19043,0.0,0.0
2026-09-25T19:54:56Z,2026-09-27,2,93000.0,C,0.0,0.0001,0.0,84006.99,84001.12,0.469,0.00038,0.0,0.07508,30.3,0.0
2026-09-25T19:54:56Z,2026-09-27,2,93000.0,P,0.1045,0.1095,0.1071,84006.99,84001.12,0.469,-0.99962,0.0,0.07508,0.0,0.0
2026-09-25T19:54:56Z,2026-09-27,2,94000.0,C,0.0,0.0001,0.0,84006.99,84001.12,0.4991,0.00024,0.0,0.0483,0.2,0.0
2026-09-25T19:54:56Z,2026-09-27,2,94000.0,P,0.1165,0.1215,0.119,84006.99,84001.12,0.4991,-0.99976,0.0,0.0483,0.0,0.0
2026-09-25T19:54:56Z,2026-09-27,2,95000.0,C,0.0,0.0001,0.0,84006.99,84001.12,0.5399,0.00021,0.0,0.04205,1.0,0.0
2026-09-25T19:54:56Z,2026-09-27,2,95000.0,P,0.1285,0.133,0.1309,84006.99,84001.12,0.5399,-0.99979,0.0,0.04205,0.0,0.0
2026-09-25T19:54:56Z,2026-09-27,2,96000.0,C,0.0,0.0001,0.0,84006.99,84001.12,0.5796,0.00018,0.0,0.03693,150.0,148.6
2026-09-25T19:54:56Z,2026-09-27,2,96000.0,P,0.1405,0.145,0.1428,84006.99,84001.12,0.5796,-0.99982,0.0,0.03693,0.0,0.0
2026-09-25T19:54:56Z,2026-09-28,3,74000.0,C,0.1175,0.121,0.1193,84025.43,84001.12,0.5891,0.99571,0.0,0.877,0.0,0.0
2026-09-25T19:54:56Z,2026-09-28,3,74000.0,P,0.0,0.0001,0.0001,84026.33,84001.12,0.5891,-0.00428,0.0,0.8765,28.0,16.9
2026-09-25T19:54:56Z,2026-09-28,3,75000.0,C,0.106,0.1095,0.1074,84026.33,84001.12,0.5393,0.99487,0.0,1.02988,0.0,0.0
2026-09-25T19:54:56Z,2026-09-28,3,75000.0,P,0.0,0.0001,0.0001,84026.33,84001.12,0.5393,-0.00513,0.0,1.02988,16.2,1.2
2026-09-25T19:54:56Z,2026-09-28,3,76000.0,C,0.0935,0.0975,0.0956,84026.33,84001.12,0.5005,0.99272,1e-05,1.40445,0.0,0.0
2026-09-25T19:54:56Z,2026-09-28,3,76000.0,P,0.0,0.0002,0.0001,84025.43,84001.12,0.5005,-0.00729,1e-05,1.40532,2.0,1.0
2026-09-25T19:54:56Z,2026-09-28,3,77000.0,C,0.082,0.0855,0.0837,84025.43,84001.12,0.446,0.9914,1e-05,1.62538,0.0,0.0
2026-09-25T19:54:56Z,2026-09-28,3,77000.0,P,0.0001,0.0002,0.0001,84025.43,84001.12,0.446,-0.0086,1e-05,1.62538,0.0,0.0
2026-09-25T19:54:56Z,2026-09-28,3,78000.0,C,0.0695,0.074,0.0718,84025.43,84001.12,0.40259999999999996,0.98773,1e-05,2.21554,0.0,0.0
2026-09-25T19:54:56Z,2026-09-28,3,78000.0,P,0.0001,0.0002,0.0001,84026.33,84001.12,0.40259999999999996,-0.01226,1e-05,2.21397,0.2,0.0
2026-09-25T19:54:56Z,2026-09-28,3,79000.0,C,0.058,0.062,0.06,84025.43,84001.12,0.3538,0.98297,2e-05,2.93815,0.0,0.0
2026-09-25T19:54:56Z,2026-09-28,3,79000.0,P,0.0001,0.0003,0.0002,84026.33,84001.12,0.3538,-0.01701,2e-05,2.93592,5.7,3.0
2026-09-25T19:54:56Z,2026-09-28,3,80000.0,C,0.046,0.05,0.0481,84026.33,84001.12,0.29410000000000003,0.97874,2e-05,3.54836,0.0,0.0
2026-09-25T19:54:56Z,2026-09-28,3,80000.0,P,0.0001,0.0003,0.0002,84026.33,84001.12,0.29410000000000003,-0.02126,2e-05,3.54836,42.0,38.3
2026-09-25T19:54:56Z,2026-09-28,3,80500.0,C,0.04,0.0445,0.0422,84026.33,84001.12,0.2803,0.96846,4e-05,4.93568,0.0,0.0
2026-09-25T19:54:56Z,2026-09-28,3,80500.0,P,0.0002,0.0004,0.0003,84026.33,84001.12,0.2803,-0.03154,4e-05,4.93568,31.5,31.7
2026-09-25T19:54:56Z,2026-09-28,3,81000.0,C,0.0345,0.0385,0.0363,84026.84,84001.12,0.2465,0.96466,5e-05,5.42056,0.0,0.0
2026-09-25T19:54:56Z,2026-09-28,3,81000.0,P,0.0002,0.0004,0.0003,84026.33,84001.12,0.2465,-0.03537,5e-05,5.42344,25.5,27.3
2026-09-25T19:54:56Z,2026-09-28,3,81500.0,C,0.0285,0.0325,0.0304,84026.33,84001.12,0.22519999999999998,0.95014,7e-05,7.16094,0.0,0.0
2026-09-25T19:54:56Z,2026-09-28,3,81500.0,P,0.0003,0.0005,0.0004,84026.33,84001.12,0.22519999999999998,-0.04986,7e-05,7.16094,42.5,26.9
2026-09-25T19:54:56Z,2026-09-28,3,82000.0,C,0.0225,0.0265,0.0246,84026.33,84001.12,0.1985,0.9323,9e-05,9.10603,0.0,0.0
2026-09-25T19:54:56Z,2026-09-28,3,82000.0,P,0.0004,0.0005,0.0005,84026.33,84001.12,0.1985,-0.0677,9e-05,9.10603,79.6,84.3
2026-09-25T19:54:56Z,2026-09-28,3,82500.0,C,0.017,0.0215,0.0189,84026.33,84001.12,0.1815,0.89009,0.00015,13.0776,1.9,1.9
2026-09-25T19:54:56Z,2026-09-28,3,82500.0,P,0.0007,0.0009,0.0008,84026.33,84001.12,0.1815,-0.10991,0.00015,13.0776,132.7,124.7
2026-09-25T19:54:56Z,2026-09-28,3,83000.0,C,0.0115,0.0165,0.0136,84026.33,84001.12,0.16820000000000002,0.81299,0.00023,18.70005,5.0,5.0
2026-09-25T19:54:56Z,2026-09-28,3,83000.0,P,0.0013,0.0016,0.0014,84026.33,84001.12,0.16820000000000002,-0.18701,0.00023,18.70005,188.8,186.9
2026-09-25T19:54:56Z,2026-09-28,3,83500.0,C,0.0085,0.01,0.009,84026.84,84001.12,0.1607,0.6841,0.00032,24.75087,20.5,20.5
2026-09-25T19:54:56Z,2026-09-28,3,83500.0,P,0.0025,0.0029,0.0027,84026.33,84001.12,0.1607,-0.31606,0.00032,24.75612,135.2,149.3
2026-09-25T19:54:56Z,2026-09-28,3,84000.0,C,0.005,0.006,0.0055,84026.33,84001.12,0.1623,0.51198,0.00035,27.74946,332.4,191.6
2026-09-25T19:54:56Z,2026-09-28,3,84000.0,P,0.0048,0.0055,0.0052,84026.09,84001.12,0.1623,-0.4881,0.00035,27.74956,226.0,52.1
2026-09-25T19:54:56Z,2026-09-28,3,84500.0,C,0.0028,0.0032,0.0031,84026.09,84001.12,0.1634,0.34135,0.00032,25.53669,115.1,116.6
2026-09-25T19:54:56Z,2026-09-28,3,84500.0,P,0.008,0.0095,0.0087,84026.95,84001.12,0.1634,-0.65837,0.00032,25.54484,10.9,11.5
2026-09-25T19:54:56Z,2026-09-28,3,85000.0,C,0.0015,0.0018,0.0017,84026.09,84001.12,0.171,0.20987,0.00024,20.04829,293.2,147.7
2026-09-25T19:54:56Z,2026-09-28,3,85000.0,P,0.0115,0.0155,0.0133,84026.95,84001.12,0.171,-0.78992,0.00024,20.06019,43.5,2.7
2026-09-25T19:54:56Z,2026-09-28,3,85500.0,C,0.0008,0.0011,0.0009,84026.09,84001.12,0.1825,0.12651,0.00016,14.44559,53.6,19.3
2026-09-25T19:54:56Z,2026-09-28,3,85500.0,P,0.0165,0.021,0.0185,84026.95,84001.12,0.1825,-0.87335,0.00016,14.45693,3.1,3.1
2026-09-25T19:54:56Z,2026-09-28,3,86000.0,C,0.0005,0.0006,0.0006,84026.95,84001.12,0.1955,0.07699,0.00011,10.04934,473.7,222.8
2026-09-25T19:54:56Z,2026-09-28,3,86000.0,P,0.022,0.0265,0.0241,84026.95,84001.12,0.1955,-0.92301,0.00011,10.04934,200.0,100.0
2026-09-25T19:54:56Z,2026-09-28,3,86500.0,C,0.0003,0.0004,0.0004,84026.95,84001.12,0.2146,0.05228,7e-05,7.43641,63.6,90.6
2026-09-25T19:54:56Z,2026-09-28,3,86500.0,P,0.0275,0.032,0.0298,84026.95,84001.12,0.2146,-0.94772,7e-05,7.43641,0.0,0.0
2026-09-25T19:54:56Z,2026-09-28,3,87000.0,C,0.0002,0.0004,0.0003,84026.09,84001.12,0.2346,0.03753,5e-05,5.69311,61.8,34.9
2026-09-25T19:54:56Z,2026-09-28,3,87000.0,P,0.0335,0.038,0.0357,84026.95,84001.12,0.2346,-0.96243,5e-05,5.6985,0.0,0.0
2026-09-25T19:54:56Z,2026-09-28,3,87500.0,C,0.0002,0.0004,0.0003,84026.95,84001.12,0.26539999999999997,0.03351,4e-05,5.18774,79.5,107.8
2026-09-25T19:54:56Z,2026-09-28,3,87500.0,P,0.0395,0.044,0.0416,84026.95,84001.12,0.26539999999999997,-0.96649,4e-05,5.18774,0.0,0.0
2026-09-25T19:54:56Z,2026-09-28,3,88000.0,C,0.0001,0.0003,0.0002,84026.95,84001.12,0.2748,0.02177,3e-05,3.61948,8.8,6.5
2026-09-25T19:54:56Z,2026-09-28,3,88000.0,P,0.045,0.0495,0.0475,84026.09,84001.12,0.2748,-0.97826,3e-05,3.61616,0.0,0.0
2026-09-25T19:54:56Z,2026-09-28,3,89000.0,C,0.0001,0.0003,0.0002,84026.09,84001.12,0.33030000000000004,0.01838,2e-05,3.13521,0.6,0.6
2026-09-25T19:54:56Z,2026-09-28,3,89000.0,P,0.057,0.0615,0.0594,84026.09,84001.12,0.33030000000000004,-0.98162,2e-05,3.13521,0.0,0.0
2026-09-25T19:54:56Z,2026-09-28,3,90000.0,C,0.0001,0.0003,0.0002,84026.95,84001.12,0.38,0.01514,1e-05,2.65691,2.7,1.6
2026-09-25T19:54:56Z,2026-09-28,3,90000.0,P,0.069,0.0735,0.0713,84025.37,84001.12,0.38,-0.98488,1e-05,2.65373,0.0,0.0
2026-09-25T19:54:56Z,2026-09-28,3,91000.0,C,0.0001,0.0002,0.0001,84026.09,84001.12,0.4238,0.01209,1e-05,2.18834,0.5,0.5
2026-09-25T19:54:56Z,2026-09-28,3,91000.0,P,0.0805,0.0855,0.0831,84026.09,84001.12,0.4238,-0.98791,1e-05,2.18834,0.0,0.0
2026-09-25T19:54:56Z,2026-09-28,3,92000.0,C,0.0001,0.0002,0.0001,84026.09,84001.12,0.47259999999999996,0.01081,1e-05,1.98512,0.7,0.2
2026-09-25T19:54:56Z,2026-09-28,3,92000.0,P,0.0925,0.0975,0.095,84026.09,84001.12,0.47259999999999996,-0.98919,1e-05,1.98512,0.0,0.0
2026-09-25T19:54:56Z,2026-09-28,3,93000.0,C,0.0001,0.0002,0.0001,84026.09,84001.12,0.521,0.0099,1e-05,1.83848,35.0,35.0
2026-09-25T19:54:56Z,2026-09-28,3,93000.0,P,0.1045,0.109,0.1069,84026.09,84001.12,0.521,-0.9901,1e-05,1.83848,0.0,0.0
2026-09-25T19:54:56Z,2026-09-28,3,94000.0,C,0.0,0.0002,0.0001,84026.09,84001.12,0.5498,0.00733,1e-05,1.41251,108.5,108.2
2026-09-25T19:54:56Z,2026-09-28,3,94000.0,P,0.1165,0.121,0.1188,84026.09,84001.12,0.5498,-0.99267,1e-05,1.41251,0.0,0.0
2026-09-25T19:54:56Z,2026-09-29,4,74000.0,C,0.118,0.1215,0.1196,84042.21,84001.12,0.545,0.99202,0.0,1.80001,0.0,0.0
2026-09-25T19:54:56Z,2026-09-29,4,74000.0,P,0.0001,0.0002,0.0001,84042.21,84001.12,0.545,-0.00798,0.0,1.80003,0.0,0.0
2026-09-25T19:54:56Z,2026-09-29,4,75000.0,C,0.1055,0.11,0.1078,84043.23,84001.12,0.5081,0.9896,1e-05,2.27024,0.0,0.0
2026-09-25T19:54:56Z,2026-09-29,4,75000.0,P,0.0001,0.0002,0.0002,84043.23,84001.12,0.5081,-0.0104,1e-05,2.27024,0.0,0.0
2026-09-25T19:54:56Z,2026-09-29,4,76000.0,C,0.094,0.098,0.0959,84043.23,84001.12,0.4567,0.98842,1e-05,2.49285,0.0,0.0
2026-09-25T19:54:56Z,2026-09-29,4,76000.0,P,0.0001,0.0003,0.0002,84043.23,84001.12,0.4567,-0.01158,1e-05,2.49285,0.0,0.0
2026-09-25T19:54:56Z,2026-09-29,4,77000.0,C,0.082,0.086,0.084,84043.23,84001.12,0.42219999999999996,0.98368,1e-05,3.35171,0.0,0.0
2026-09-25T19:54:56Z,2026-09-29,4,77000.0,P,0.0002,0.0003,0.0002,84043.23,84001.12,0.42219999999999996,-0.01632,1e-05,3.35171,0.1,0.1
2026-09-25T19:54:56Z,2026-09-29,4,78000.0,C,0.07,0.074,0.0722,84043.23,84001.12,0.3774,0.97916,2e-05,4.12761,0.0,0.0
2026-09-25T19:54:56Z,2026-09-29,4,78000.0,P,0.0002,0.0004,0.0003,84043.23,84001.12,0.3774,-0.02084,2e-05,4.12761,10.1,10.1
2026-09-25T19:54:56Z,2026-09-29,4,79000.0,C,0.0585,0.0625,0.0604,84043.23,84001.12,0.33880000000000005,0.97001,2e-05,5.60171,0.0,0.0
2026-09-25T19:54:56Z,2026-09-29,4,79000.0,P,0.0002,0.0005,0.0004,84043.23,84001.12,0.33880000000000005,-0.02999,2e-05,5.60171,7.0,7.0
2026-09-25T19:54:56Z,2026-09-29,4,80000.0,C,0.0465,0.051,0.0486,84042.21,84001.12,0.2933,0.95819,4e-05,7.35475,0.0,0.0
2026-09-25T19:54:56Z,2026-09-29,4,80000.0,P,0.0004,0.0006,0.0005,84043.23,84001.12,0.2933,-0.04177,4e-05,7.34946,5.4,5.4
2026-09-25T19:54:56Z,2026-09-29,4,81000.0,C,0.035,0.039,0.0371,84043.23,84001.12,0.262,0.92645,6e-05,11.48263,0.0,0.0
2026-09-25T19:54:56Z,2026-09-29,4,81000.0,P,0.0007,0.0009,0.0009,84042.21,84001.12,0.262,-0.07361,6e-05,11.49036,42.7,42.7
2026-09-25T19:54:56Z,2026-09-29,4,81500.0,C,0.0295,0.0335,0.0315,84042.21,84001.12,0.2498,0.8975,9e-05,14.71298,0.0,0.0
2026-09-25T19:54:56Z,2026-09-29,4,81500.0,P,0.0011,0.0013,0.0012,84043.23,84001.12,0.2498,-0.10242,9e-05,14.70391,32.3,32.3
2026-09-25T19:54:56Z,2026-09-29,4,82000.0,C,0.024,0.0285,0.0261,84043.23,84001.12,0.2401,0.85498,0.00012,18.76881,0.0,0.0
2026-09-25T19:54:56Z,2026-09-29,4,82000.0,P,0.0016,0.0019,0.0018,84043.23,84001.12,0.2401,-0.14502,0.00012,18.76881,0.2,0.2
2026-09-25T19:54:56Z,2026-09-29,4,82500.0,C,0.0195,0.0225,0.021,84043.23,84001.12,0.2339,0.79397,0.00015,23.4645,0.5,0.5
2026-09-25T19:54:56Z,2026-09-29,4,82500.0,P,0.0025,0.0028,0.0027,84042.73,84001.12,0.2339,-0.20611,0.00015,23.46931,8.7,8.8
2026-09-25T19:54:56Z,2026-09-29,4,83000.0,C,0.015,0.017,0.0165,84042.73,84001.12,0.22920000000000001,0.7147,0.00018,27.96796,0.0,0.0
2026-09-25T19:54:56Z,2026-09-29,4,83000.0,P,0.0038,0.0042,0.004,84042.73,84001.12,0.22920000000000001,-0.2853,0.00018,27.96796,102.0,102.0
2026-09-25T19:54:56Z,2026-09-29,4,83500.0,C,0.012,0.013,0.0125,84042.73,84001.12,0.22769999999999999,0.61851,0.0002,31.388,4.0,8.0
2026-09-25T19:54:56Z,2026-09-29,4,83500.0,P,0.0055,0.0065,0.006,84042.73,84001.12,0.22769999999999999,-0.38149,0.0002,31.388,18.4,18.4
2026-09-25T19:54:56Z,2026-09-29,4,84000.0,C,0.0085,0.0095,0.0091,84042.73,84001.12,0.2261,0.51357,0.00021,32.8293,2.6,2.6
2026-09-25T19:54:56Z,2026-09-29,4,84000.0,P,0.008,0.009,0.0086,84042.73,84001.12,0.2261,-0.48643,0.00021,32.8293,28.2,28.3
2026-09-25T19:54:56Z,2026-09-29,4,84500.0,C,0.006,0.007,0.0065,84042.73,84001.12,0.2293,0.40893,0.00021,31.9887,3.6,3.6
2026-09-25T19:54:56Z,2026-09-29,4,84500.0,P,0.0115,0.0125,0.012,84042.73,84001.12,0.2293,-0.59107,0.00021,31.9887,15.1,15.1
2026-09-25T19:54:56Z,2026-09-29,4,85000.0,C,0.0042,0.0046,0.0044,84042.73,84001.12,0.2291,0.31088,0.00019,29.08419,2.8,2.8
2026-09-25T19:54:56Z,2026-09-29,4,85000.0,P,0.0145,0.017,0.0158,84042.73,84001.12,0.2291,-0.68912,0.00019,29.08419,6.4,6.4
2026-09-25T19:54:56Z,2026-09-29,4,85500.0,C,0.0028,0.0031,0.003,84042.73,84001.12,0.2327,0.22882,0.00016,24.93022,16.0,16.0
2026-09-25T19:54:56Z,2026-09-29,4,85500.0,P,0.0185,0.023,0.0203,84042.73,84001.12,0.2327,-0.77118,0.00016,24.93022,0.0,0.0
2026-09-25T19:54:56Z,2026-09-29,4,86000.0,C,0.0018,0.0022,0.002,84043.28,84001.12,0.2377,0.16432,0.00013,20.38496,255.5,287.5
2026-09-25T19:54:56Z,2026-09-29,4,86000.0,P,0.023,0.028,0.0253,84042.73,84001.12,0.2377,-0.83575,0.00013,20.37923,300.0,312.5
2026-09-25T19:54:56Z,2026-09-29,4,86500.0,C,0.0012,0.0015,0.0013,84042.73,84001.12,0.24420000000000003,0.11649,0.0001,16.12922,4.8,4.8
2026-09-25T19:54:56Z,2026-09-29,4,86500.0,P,0.0285,0.033,0.0306,84042.73,84001.12,0.24420000000000003,-0.88351,0.0001,16.12922,0.0,0.0
2026-09-25T19:54:56Z,2026-09-29,4,87000.0,C,0.0008,0.001,0.0009,84043.28,84001.12,0.2523,0.08279,7e-05,12.56217,0.1,0.1
2026-09-25T19:54:56Z,2026-09-29,4,87000.0,P,0.034,0.0385,0.0361,84042.73,84001.12,0.2523,-0.91725,7e-05,12.55747,0.0,0.0
2026-09-25T19:54:56Z,2026-09-29,4,87500.0,C,0.0006,0.0008,0.0007,84041.34,84001.12,0.26539999999999997,0.062,6e-05,10.06318,0.0,0.0
2026-09-25T19:54:56Z,2026-09-29,4,87500.0,P,0.0395,0.044,0.0418,84041.34,84001.12,0.26539999999999997,-0.938,6e-05,10.06318,0.0,0.0
2026-09-25T19:54:56Z,2026-09-29,4,88000.0,C,0.0004,0.0006,0.0005,84041.34,84001.12,0.2747,0.04486,4e-05,7.78515,7.9,7.9
2026-09-25T19:54:56Z,2026-09-29,4,88000.0,P,0.0455,0.05,0.0476,84041.34,84001.12,0.2747,-0.95514,4e-05,7.78515,0.0,0.0
2026-09-25T19:54:56Z,2026-09-29,4,89000.0,C,0.0002,0.0004,0.0003,84041.34,84001.12,0.2992,0.02611,2e-05,4.99024,75.9,75.9
2026-09-25T19:54:56Z,2026-09-29,4,89000.0,P,0.057,0.0615,0.0593,84041.34,84001.12,0.2992,-0.97389,2e-05,4.99024,0.0,0.0
2026-09-25T19:54:56Z,2026-09-29,4,90000.0,C,0.0002,0.0003,0.0003,84041.34,84001.12,0.33990000000000004,0.02065,2e-05,4.09538,17.7,17.8
2026-09-25T19:54:56Z,2026-09-29,4,90000.0,P,0.0685,0.0735,0.0711,84041.34,84001.12,0.33990000000000004,-0.97935,2e-05,4.09538,0.0,0.0
2026-09-25T19:54:56Z,2026-09-29,4,91000.0,C,0.0001,0.0003,0.0002,84041.34,84001.12,0.36810000000000004,0.01435,1e-05,3.00158,0.1,0.1
2026-09-25T19:54:56Z,2026-09-29,4,91000.0,P,0.0805,0.085,0.083,84041.34,84001.12,0.36810000000000004,-0.98565,1e-05,3.00158,0.0,0.0
2026-09-25T19:54:56Z,2026-09-29,4,92000.0,C,0.0001,0.0003,0.0002,84041.34,84001.12,0.4111,0.013,1e-05,2.75609,0.0,0.0
2026-09-25T19:54:56Z,2026-09-29,4,92000.0,P,0.0925,0.097,0.0949,84041.34,84001.12,0.4111,-0.987,1e-05,2.75609,0.0,0.0
2026-09-25T19:54:56Z,2026-09-29,4,93000.0,C,0.0001,0.0002,0.0001,84041.34,84001.12,0.44,0.00995,1e-05,2.18562,0.1,0.1
2026-09-25T19:54:56Z,2026-09-29,4,93000.0,P,0.104,0.109,0.1067,84042.73,84001.12,0.44,-0.99004,1e-05,2.18761,0.0,0.0
2026-09-25T19:54:56Z,2026-09-29,4,94000.0,C,0.0001,0.0002,0.0001,84041.34,84001.12,0.4799,0.00917,1e-05,2.03524,21.0,21.0
2026-09-25T19:54:56Z,2026-09-29,4,94000.0,P,0.116,0.121,0.1186,84042.73,84001.12,0.4799,-0.99082,1e-05,2.03697,0.0,0.0
2026-09-25T19:54:56Z,2026-09-29,4,95000.0,C,0.0001,0.0002,0.0001,84041.34,84001.12,0.5191,0.00855,1e-05,1.91346,1.0,1.0
2026-09-25T19:54:56Z,2026-09-29,4,95000.0,P,0.128,0.133,0.1305,84041.26,84001.12,0.5191,-0.99145,1e-05,1.9134,0.0,0.0
2026-09-25T19:54:56Z,2026-10-02,7,65000.0,C,0.2255,0.229,0.227,84074.99,84001.12,0.7178,0.99687,0.0,1.06807,0.8,0.0
2026-09-25T19:54:56Z,2026-10-02,7,65000.0,P,0.0,0.0002,0.0001,84075.03,84001.12,0.7178,-0.00313,0.0,1.06806,705.9,5.3
2026-09-25T19:54:56Z,2026-10-02,7,70000.0,C,0.166,0.1695,0.1677,84075.03,84001.12,0.5978,0.99025,0.0,2.92574,3.5,0.6
2026-09-25T19:54:56Z,2026-10-02,7,70000.0,P,0.0002,0.0004,0.0003,84075.03,84001.12,0.5978,-0.00975,0.0,2.92574,1054.5,2.0
2026-09-25T19:54:56Z,2026-10-02,7,72000.0,C,0.1425,0.146,0.144,84074.99,84001.12,0.5341,0.98645,1e-05,3.89258,2.6,0.5
2026-09-25T19:54:56Z,2026-10-02,7,72000.0,P,0.0003,0.0004,0.0003,84075.03,84001.12,0.5341,-0.01355,1e-05,3.89252,243.9,2.2
2026-09-25T19:54:56Z,2026-10-02,7,73000.0,C,0.1305,0.134,0.1321,84075.03,84001.12,0.4978,0.98458,1e-05,4.35302,0.8,0.0
2026-09-25T19:54:56Z,2026-10-02,7,73000.0,P,0.0003,0.0004,0.0004,84074.99,84001.12,0.4978,-0.01542,1e-05,4.35309,1127.9,3.0
2026-09-25T19:54:56Z,2026-10-02,7,74000.0,C,0.1185,0.122,0.1203,84074.99,84001.12,0.46880000000000005,0.98082,1e-05,5.24347,1.7,0.1
2026-09-25T19:54:56Z,2026-10-02,7,74000.0,P,0.0004,0.0005,0.0004,84074.99,84001.12,0.46880000000000005,-0.01918,1e-05,5.24347,1270.6,21.4
2026-09-25T19:54:56Z,2026-10-02,7,75000.0,C,0.1065,0.1105,0.1085,84075.03,84001.12,0.4395,0.97593,1e-05,6.35297,4.7,0.1
2026-09-25T19:54:56Z,2026-10-02,7,75000.0,P,0.0005,0.0006,0.0005,84075.03,84001.12,0.4395,-0.02407,1e-05,6.35297,419.1,7.4
2026-09-25T19:54:56Z,2026-10-02,7,76000.0,C,0.095,0.0985,0.0967,84075.03,84001.12,0.41350000000000003,0.96835,2e-05,7.98175,40.8,0.0
2026-09-25T19:54:56Z,2026-10-02,7,76000.0,P,0.0006,0.0008,0.0007,84075.03,84001.12,0.41350000000000003,-0.03165,2e-05,7.98175,410.2,7.8
2026-09-25T19:54:56Z,2026-10-02,7,77000.0,C,0.0835,0.087,0.085,84075.03,84001.12,0.3846,0.9589,2e-05,9.88714,186.7,0.0
2026-09-25T19:54:56Z,2026-10-02,7,77000.0,P,0.0008,0.001,0.0009,84075.03,84001.12,0.3846,-0.0411,2e-05,9.88714,231.3,6.0
2026-09-25T19:54:56Z,2026-10-02,7,78000.0,C,0.0715,0.0755,0.0734,84075.03,84001.12,0.36,0.94348,3e-05,12.75529,303.5,1.8
2026-09-25T19:54:56Z,2026-10-02,7,78000.0,P,0.0011,0.0013,0.0012,84074.99,84001.12,0.36,-0.05652,3e-05,12.75569,1526.6,113.1
2026-09-25T19:54:56Z,2026-10-02,7,79000.0,C,0.0605,0.064,0.062,84074.99,84001.12,0.3385,0.91931,4e-05,16.7927,366.8,1.9
2026-09-25T19:54:56Z,2026-10-02,7,79000.0,P,0.0016,0.0018,0.0017,84075.23,84001.12,0.3385,-0.08068,4e-05,16.79126,864.2,141.9
2026-09-25T19:54:56Z,2026-10-02,7,80000.0,C,0.0495,0.053,0.051,84075.23,84001.12,0.32020000000000004,0.88174,6e-05,22.21899,869.0,0.0
2026-09-25T19:54:56Z,2026-10-02,7,80000.0,P,0.0025,0.0027,0.0025,84074.99,84001.12,0.32020000000000004,-0.11827,6e-05,22.22069,1078.2,200.1
2026-09-25T19:54:56Z,2026-10-02,7,81000.0,C,0.039,0.0425,0.0406,84074.99,84001.12,0.3095,0.8219,8e-05,29.25186,314.4,27.3
2026-09-25T19:54:56Z,2026-10-02,7,81000.0,P,0.0039,0.0042,0.0041,84074.99,84001.12,0.3095,-0.1781,8e-05,29.25186,259.7,55.0
2026-09-25T19:54:56Z,2026-10-02,7,82000.0,C,0.03,0.032,0.0312,84074.99,84001.12,0.3019,0.73901,0.0001,36.47329,1532.5,1.0
2026-09-25T19:54:56Z,2026-10-02,7,82000.0,P,0.006,0.007,0.0065,84074.99,84001.12,0.3019,-0.26099,0.0001,36.47329,1260.7,549.8
2026-09-25T19:54:56Z,2026-10-02,7,83000.0,C,0.022,0.0235,0.0229,84075.23,84001.12,0.29600000000000004,0.63514,0.00011,42.17778,652.3,40.2
2026-09-25T19:54:56Z,2026-10-02,7,83000.0,P,0.0095,0.0105,0.0101,84074.99,84001.12,0.29600000000000004,-0.36489,0.00011,42.17871,473.1,100.3
2026-09-25T19:54:56Z,2026-10-02,7,84000.0,C,0.0155,0.0165,0.0161,84074.99,84001.12,0.2932,0.5169,0.00012,44.73148,879.2,267.8
2026-09-25T19:54:56Z,2026-10-02,7,84000.0,P,0.0145,0.0155,0.0152,84075.23,84001.12,0.2932,-0.48307,0.00012,44.73147,937.2,496.8
2026-09-25T19:54:56Z,2026-10-02,7,85000.0,C,0.0105,0.011,0.0109,84075.23,84001.12,0.29510000000000003,0.39818,0.00012,43.30557,1077.3,346.6
2026-09-25T19:54:56Z,2026-10-02,7,85000.0,P,0.021,0.0225,0.0219,84074.99,84001.12,0.29510000000000003,-0.60185,0.00012,43.30464,845.4,13.1
2026-09-25T19:54:56Z,2026-10-02,7,86000.0,C,0.0065,0.007,0.007,84075.23,84001.12,0.2945,0.28907,0.0001,38.35757,847.4,184.7
2026-09-25T19:54:56Z,2026-10-02,7,86000.0,P,0.0285,0.031,0.0299,84075.2,84001.12,0.2945,-0.71093,0.0001,38.35741,912.8,100.1
2026-09-25T19:54:56Z,2026-10-02,7,87000.0,C,0.0042,0.0045,0.0044,84075.16,84001.12,0.29760000000000003,0.20017,8e-05,31.43479,564.0,333.0
2026-09-25T19:54:56Z,2026-10-02,7,87000.0,P,0.037,0.041,0.0391,84075.2,84001.12,0.29760000000000003,-0.79983,8e-05,31.43512,12.0,3.9
2026-09-25T19:54:56Z,2026-10-02,7,88000.0,C,0.0025,0.0028,0.0027,84075.2,84001.12,0.30269999999999997,0.13373,6e-05,24.20814,1720.6,790.4
2026-09-25T19:54:56Z,2026-10-02,7,88000.0,P,0.0475,0.051,0.0494,84075.2,84001.12,0.30269999999999997,-0.86627,6e-05,24.20814,413.7,0.9
2026-09-25T19:54:56Z,2026-10-02,7,89000.0,C,0.0015,0.0018,0.0016,84075.2,84001.12,0.3097,0.08751,5e-05,17.84725,223.1,161.9
2026-09-25T19:54:56Z,2026-10-02,7,89000.0,P,0.058,0.062,0.0602,84075.2,84001.12,0.3097,-0.91249,5e-05,17.84725,4.1,1.1
2026-09-25T19:54:56Z,2026-10-02,7,90000.0,C,0.001,0.0011,0.001,84075.16,84001.12,0.3173,0.05632,3e-05,12.71961,861.9,241.4
2026-09-25T19:54:56Z,2026-10-02,7,90000.0,P,0.0695,0.0735,0.0715,84075.2,84001.12,0.3173,-0.94368,3e-05,12.71984,3.2,0.0
2026-09-25T19:54:56Z,2026-10-02,7,92000.0,C,0.0004,0.0005,0.0005,84075.16,84001.12,0.3448,0.02656,2e-05,6.89904,269.9,6.4
2026-09-25T19:54:56Z,2026-10-02,7,92000.0,P,0.0925,0.097,0.0947,84075.16,84001.12,0.3448,-0.97344,2e-05,6.89904,0.0,0.0
2026-09-25T19:54:56Z,2026-10-02,7,95000.0,C,0.0001,0.0003,0.0002,84075.2,84001.12,0.3958,0.01113,1e-05,3.28238,651.5,19.1
2026-09-25T19:54:56Z,2026-10-02,7,95000.0,P,0.128,0.1325,0.1301,84075.16,84001.12,0.3958,-0.98887,1e-05,3.28231,0.2,0.0
2026-09-25T19:54:56Z,2026-10-02,7,100000.0,C,0.0001,0.0002,0.0001,84075.2,84001.12,0.5164,0.00653,0.0,2.05754,170.8,83.3
2026-09-25T19:54:56Z,2026-10-02,7,100000.0,P,0.187,0.192,0.1896,84075.16,84001.12,0.5164,-0.99347,0.0,2.0575,0.0,0.0
2026-09-25T19:54:56Z,2026-10-09,14,65000.0,C,0.2265,0.2295,0.2279,84143.97,84001.12,0.5808,0.99102,0.0,3.92505,0.7,0.0
2026-09-25T19:54:56Z,2026-10-09,14,65000.0,P,0.0003,0.0004,0.0003,84144.01,84001.12,0.5808,-0.00898,0.0,3.92501,226.9,25.1
2026-09-25T19:54:56Z,2026-10-09,14,68000.0,C,0.191,0.194,0.1924,84143.97,84001.12,0.5141,0.98623,0.0,5.6951,0.9,0.0
2026-09-25T19:54:56Z,2026-10-09,14,68000.0,P,0.0004,0.0006,0.0005,84143.97,84001.12,0.5141,-0.01377,0.0,5.6951,460.6,0.0
2026-09-25T19:54:56Z,2026-10-09,14,70000.0,C,0.167,0.1705,0.1688,84144.01,84001.12,0.47369999999999995,0.98055,1e-05,7.65224,0.0,0.0
2026-09-25T19:54:56Z,2026-10-09,14,70000.0,P,0.0006,0.0007,0.0007,84143.97,84001.12,0.47369999999999995,-0.01945,1e-05,7.65232,123.2,8.7
2026-09-25T19:54:56Z,2026-10-09,14,72000.0,C,0.1435,0.147,0.1453,84144.01,84001.12,0.43939999999999996,0.97037,1e-05,10.89931,0.0,0.0
2026-09-25T19:54:56Z,2026-10-09,14,72000.0,P,0.0009,0.0011,0.001,84143.97,84001.12,0.43939999999999996,-0.02963,1e-05,10.89942,60.2,3.9
2026-09-25T19:54:56Z,2026-10-09,14,73000.0,C,0.132,0.1355,0.1336,84144.01,84001.12,0.42060000000000003,0.96381,1e-05,12.8522,0.2,0.0
2026-09-25T19:54:56Z,2026-10-09,14,73000.0,P,0.0011,0.0013,0.0012,84143.97,84001.12,0.42060000000000003,-0.03619,1e-05,12.85233,199.5,90.7
2026-09-25T19:54:56Z,2026-10-09,14,74000.0,C,0.12,0.124,0.122,84143.97,84001.12,0.402,0.95542,1e-05,15.22408,1.1,0.0
2026-09-25T19:54:56Z,2026-10-09,14,74000.0,P,0.0014,0.0016,0.0015,84143.97,84001.12,0.402,-0.04458,1e-05,15.22408,512.0,200.2
2026-09-25T19:54:56Z,2026-10-09,14,75000.0,C,0.109,0.1125,0.1105,84143.88,84001.12,0.38689999999999997,0.94331,2e-05,18.43954,0.2,0.0
2026-09-25T19:54:56Z,2026-10-09,14,75000.0,P,0.0017,0.002,0.0019,84143.82,84001.12,0.38689999999999997,-0.05669,2e-05,18.43981,1232.5,307.2
2026-09-25T19:54:56Z,2026-10-09,14,76000.0,C,0.0975,0.101,0.0992,84143.88,84001.12,0.373,0.92711,2e-05,22.41564,50.1,0.0
2026-09-25T19:54:56Z,2026-10-09,14,76000.0,P,0.0022,0.0026,0.0024,84143.82,84001.12,0.373,-0.07289,2e-05,22.41595,884.7,0.4
2026-09-25T19:54:56Z,2026-10-09,14,77000.0,C,0.0865,0.09,0.088,84143.88,84001.12,0.3593,0.90628,3e-05,27.0818,57.9,0.0
2026-09-25T19:54:56Z,2026-10-09,14,77000.0,P,0.0029,0.0033,0.0031,84143.82,84001.12,0.3593,-0.09372,3e-05,27.08214,158.7,3.1
2026-09-25T19:54:56Z,2026-10-09,14,78000.0,C,0.0755,0.079,0.0772,84143.88,84001.12,0.3483,0.87803,4e-05,32.74814,28.3,0.0
2026-09-25T19:54:56Z,2026-10-09,14,78000.0,P,0.004,0.0043,0.0042,84143.82,84001.12,0.3483,-0.12197,4e-05,32.74852,936.5,4.8
2026-09-25T19:54:56Z,2026-10-09,14,79000.0,C,0.065,0.0685,0.0667,84143.88,84001.12,0.33770000000000006,0.84221,4e-05,39.02144,14.4,0.1
2026-09-25T19:54:56Z,2026-10-09,14,79000.0,P,0.0055,0.006,0.0055,84143.82,84001.12,0.33770000000000006,-0.15779,4e-05,39.02185,229.4,8.4
2026-09-25T19:54:56Z,2026-10-09,14,80000.0,C,0.0555,0.058,0.0568,84143.88,84001.12,0.3308,0.79544,5e-05,45.92583,91.5,2.0
2026-09-25T19:54:56Z,2026-10-09,14,80000.0,P,0.007,0.008,0.0075,84143.82,84001.12,0.3308,-0.20457,5e-05,45.92622,842.6,10.4
2026-09-25T19:54:56Z,2026-10-09,14,81000.0,C,0.0465,0.049,0.0476,84143.88,84001.12,0.3251,0.73896,6e-05,52.60449,100.3,0.1
2026-09-25T19:54:56Z,2026-10-09,14,81000.0,P,0.0095,0.0105,0.0102,84143.82,84001.12,0.3251,-0.26104,6e-05,52.60483,85.7,10.7
2026-09-25T19:54:56Z,2026-10-09,14,82000.0,C,0.0385,0.04,0.0392,84143.88,84001.12,0.3218,0.67289,7e-05,58.40439,315.6,22.0
2026-09-25T19:54:56Z,2026-10-09,14,82000.0,P,0.0135,0.014,0.0137,84143.82,84001.12,0.3218,-0.32712,7e-05,58.40465,184.0,38.8
2026-09-25T19:54:56Z,2026-10-09,14,83000.0,C,0.031,0.0325,0.0317,84143.88,84001.12,0.3189,0.60018,7e-05,62.52017,98.5,2.2
2026-09-25T19:54:56Z,2026-10-09,14,83000.0,P,0.0175,0.0185,0.0181,84143.88,84001.12,0.3189,-0.39982,7e-05,62.52017,294.9,24.2
2026-09-25T19:54:56Z,2026-10-09,14,84000.0,C,0.0245,0.0255,0.0251,84143.82,84001.12,0.316,0.52334,8e-05,64.45618,318.9,39.9
2026-09-25T19:54:56Z,2026-10-09,14,84000.0,P,0.023,0.024,0.0234,84143.9,84001.12,0.316,-0.47665,8e-05,64.45618,108.2,31.8
2026-09-25T19:54:56Z,2026-10-09,14,85000.0,C,0.019,0.02,0.0196,84143.82,84001.12,0.3153,0.44566,8e-05,63.96682,357.5,66.2
2026-09-25T19:54:56Z,2026-10-09,14,85000.0,P,0.029,0.0305,0.0297,84143.82,84001.12,0.3153,-0.55434,8e-05,63.96682,620.6,13.8
2026-09-25T19:54:56Z,2026-10-09,14,86000.0,C,0.0145,0.0155,0.015,84143.82,84001.12,0.3151,0.37081,7e-05,61.15075,547.0,41.7
2026-09-25T19:54:56Z,2026-10-09,14,86000.0,P,0.0365,0.038,0.037,84143.9,84001.12,0.3151,-0.62919,7e-05,61.15112,237.6,0.0
2026-09-25T19:54:56Z,2026-10-09,14,87000.0,C,0.011,0.0115,0.0114,84143.9,84001.12,0.3173,0.3028,7e-05,56.5077,475.4,463.1
2026-09-25T19:54:56Z,2026-10-09,14,87000.0,P,0.0445,0.0465,0.0453,84143.9,84001.12,0.3173,-0.6972,7e-05,56.5077,102.5,0.0
2026-09-25T19:54:56Z,2026-10-09,14,88000.0,C,0.008,0.009,0.0085,84143.9,84001.12,0.3185,0.24172,6e-05,50.50864,344.1,8.4
2026-09-25T19:54:56Z,2026-10-09,14,88000.0,P,0.052,0.056,0.0543,84143.82,84001.12,0.3185,-0.75829,6e-05,50.50805,4.6,0.0
2026-09-25T19:54:56Z,2026-10-09,14,89000.0,C,0.006,0.0065,0.0062,84143.82,84001.12,0.3204,0.18952,5e-05,43.85032,73.1,15.9
2026-09-25T19:54:56Z,2026-10-09,14,89000.0,P,0.062,0.066,0.064,84143.82,84001.12,0.3204,-0.81048,5e-05,43.85032,1.0,0.0
2026-09-25T19:54:56Z,2026-10-09,14,90000.0,C,0.0044,0.0049,0.0046,84143.9,84001.12,0.3249,0.14795,4e-05,37.39102,1266.3,288.3
2026-09-25T19:54:56Z,2026-10-09,14,90000.0,P,0.072,0.076,0.0742,84143.9,84001.12,0.3249,-0.85205,4e-05,37.39102,0.3,0.3
2026-09-25T19:54:56Z,2026-10-09,14,92000.0,C,0.0024,0.0028,0.0026,84143.82,84001.12,0.33549999999999996,0.08834,3e-05,25.92131,599.0,392.9
2026-09-25T19:54:56Z,2026-10-09,14,92000.0,P,0.094,0.098,0.0959,84143.9,84001.12,0.33549999999999996,-0.91165,3e-05,25.92185,0.0,0.0
2026-09-25T19:54:56Z,2026-10-09,14,94000.0,C,0.0013,0.0016,0.0015,84143.9,84001.12,0.34850000000000003,0.05274,2e-05,17.41642,268.9,3.0
2026-09-25T19:54:56Z,2026-10-09,14,94000.0,P,0.1165,0.1205,0.1186,84143.9,84001.12,0.34850000000000003,-0.94726,2e-05,17.41642,0.0,0.0
2026-09-25T19:54:56Z,2026-10-09,14,95000.0,C,0.001,0.0012,0.0011,84143.9,84001.12,0.35619999999999996,0.04121,2e-05,14.28733,482.9,24.0
2026-09-25T19:54:56Z,2026-10-09,14,95000.0,P,0.128,0.1325,0.1301,84143.9,84001.12,0.35619999999999996,-0.95879,2e-05,14.28733,0.6,0.0
2026-09-25T19:54:56Z,2026-10-09,14,100000.0,C,0.0003,0.0005,0.0004,84143.65,84001.12,0.4042,0.01457,1e-05,5.97867,154.1,31.4
2026-09-25T19:54:56Z,2026-10-09,14,100000.0,P,0.1865,0.1915,0.1888,84143.65,84001.12,0.4042,-0.98543,1e-05,5.97867,3.8,0.0
2026-09-25T19:54:56Z,2026-10-16,21,70000.0,C,0.1685,0.172,0.1703,84225.54,84001.12,0.43979999999999997,0.96616,1e-05,15.00401,0.0,0.0
2026-09-25T19:54:56Z,2026-10-16,21,70000.0,P,0.0013,0.0016,0.0014,84225.37,84001.12,0.43979999999999997,-0.03384,1e-05,15.00451,2.6,2.2
2026-09-25T19:54:56Z,2026-10-16,21,75000.0,C,0.1115,0.115,0.1132,84225.54,84001.12,0.373,0.91254,2e-05,31.73309,0.0,0.0
2026-09-25T19:54:56Z,2026-10-16,21,75000.0,P,0.0035,0.0039,0.0037,84225.37,84001.12,0.373,-0.08746,2e-05,31.734,17.5,17.6
2026-09-25T19:54:56Z,2026-10-16,21,76000.0,C,0.1005,0.104,0.1023,84225.54,84001.12,0.36310000000000003,0.89196,3e-05,37.05353,0.0,0.0
2026-09-25T19:54:56Z,2026-10-16,21,76000.0,P,0.0044,0.0048,0.0046,84225.54,84001.12,0.36310000000000003,-0.10804,3e-05,37.05353,63.3,3.0
2026-09-25T19:54:56Z,2026-10-16,21,78000.0,C,0.08,0.083,0.0814,84225.54,84001.12,0.34729999999999994,0.83501,4e-05,49.55192,0.0,0.0
2026-09-25T19:54:56Z,2026-10-16,21,78000.0,P,0.007,0.008,0.0075,84225.54,84001.12,0.34729999999999994,-0.16499,4e-05,49.55192,38.3,4.8
2026-09-25T19:54:56Z,2026-10-16,21,79000.0,C,0.07,0.0735,0.0715,84225.54,84001.12,0.3407,0.79776,4e-05,56.26107,8.6,4.5
2026-09-25T19:54:56Z,2026-10-16,21,79000.0,P,0.009,0.01,0.0095,84225.37,84001.12,0.3407,-0.20224,4e-05,56.26213,14.0,14.0
2026-09-25T19:54:56Z,2026-10-16,21,80000.0,C,0.061,0.0635,0.0624,84225.54,84001.12,0.3372,0.75299,5e-05,63.03061,9.5,0.0
2026-09-25T19:54:56Z,2026-10-16,21,80000.0,P,0.012,0.0125,0.0122,84225.54,84001.12,0.3372,-0.24701,5e-05,63.03061,2.6,2.7
2026-09-25T19:54:56Z,2026-10-16,21,81000.0,C,0.0525,0.055,0.0538,84225.54,84001.12,0.3336,0.70314,5e-05,69.07549,0.0,0.0
2026-09-25T19:54:56Z,2026-10-16,21,81000.0,P,0.015,0.016,0.0155,84225.2,84001.12,0.3336,-0.29687,5e-05,69.07712,0.0,0.0
2026-09-25T19:54:56Z,2026-10-16,21,82000.0,C,0.045,0.0465,0.0459,84225.37,84001.12,0.33130000000000004,0.64814,6e-05,74.0821,12.9,0.3
2026-09-25T19:54:56Z,2026-10-16,21,82000.0,P,0.019,0.02,0.0195,84225.37,84001.12,0.33130000000000004,-0.35186,6e-05,74.0821,2.0,0.2
2026-09-25T19:54:56Z,2026-10-16,21,83000.0,C,0.038,0.039,0.0386,84225.2,84001.12,0.3282,0.58989,6e-05,77.60755,9.1,13.3
2026-09-25T19:54:56Z,2026-10-16,21,83000.0,P,0.0235,0.0245,0.0241,84225.2,84001.12,0.3282,-0.41011,6e-05,77.60755,106.8,106.9
2026-09-25T19:54:56Z,2026-10-16,21,84000.0,C,0.0315,0.0325,0.0322,84225.2,84001.12,0.3272,0.52922,6e-05,79.42417,2.3,8.3
2026-09-25T19:54:56Z,2026-10-16,21,84000.0,P,0.029,0.03,0.0296,84225.2,84001.12,0.3272,-0.47078,6e-05,79.42417,50.6,50.6
2026-09-25T19:54:56Z,2026-10-16,21,85000.0,C,0.026,0.027,0.0267,84225.2,84001.12,0.3268,0.46832,6e-05,79.38665,80.0,80.2
2026-09-25T19:54:56Z,2026-10-16,21,85000.0,P,0.0355,0.0365,0.0359,84225.2,84001.12,0.3268,-0.53168,6e-05,79.38665,1.8,1.8
2026-09-25T19:54:56Z,2026-10-16,21,86000.0,C,0.021,0.022,0.0218,84225.54,84001.12,0.3268,0.40886,6e-05,77.55099,100.6,100.6
2026-09-25T19:54:56Z,2026-10-16,21,86000.0,P,0.0425,0.0435,0.0429,84225.2,84001.12,0.3268,-0.59116,6e-05,77.54963,0.0,0.0
2026-09-25T19:54:56Z,2026-10-16,21,87000.0,C,0.017,0.018,0.0176,84225.2,84001.12,0.3261,0.35172,6e-05,74.07127,109.2,107.6
2026-09-25T19:54:56Z,2026-10-16,21,87000.0,P,0.0495,0.0515,0.0505,84225.37,84001.12,0.3261,-0.64827,6e-05,74.07223,16.7,0.0
2026-09-25T19:54:56Z,2026-10-16,21,88000.0,C,0.0135,0.0145,0.0141,84225.37,84001.12,0.3264,0.29875,5e-05,69.27558,27.7,24.1
2026-09-25T19:54:56Z,2026-10-16,21,88000.0,P,0.0575,0.0605,0.0589,84225.37,84001.12,0.3264,-0.70125,5e-05,69.27558,0.0,0.0
2026-09-25T19:54:56Z,2026-10-16,21,89000.0,C,0.011,0.0115,0.0113,84225.54,84001.12,0.3286,0.25173,5e-05,63.66735,323.4,308.5
2026-09-25T19:54:56Z,2026-10-16,21,89000.0,P,0.066,0.07,0.068,84225.54,84001.12,0.3286,-0.74827,5e-05,63.66735,6.6,6.6
2026-09-25T19:54:56Z,2026-10-16,21,90000.0,C,0.0085,0.0095,0.009,84225.19,84001.12,0.3308,0.20994,4e-05,57.52233,56.0,32.1
2026-09-25T19:54:56Z,2026-10-16,21,90000.0,P,0.0755,0.0795,0.0775,84225.19,84001.12,0.3308,-0.79006,4e-05,57.52233,0.0,0.0
2026-09-25T19:54:56Z,2026-10-16,21,92000.0,C,0.005,0.006,0.0056,84225.19,84001.12,0.33490000000000003,0.14174,3e-05,44.80452,26.0,7.7
2026-09-25T19:54:56Z,2026-10-16,21,92000.0,P,0.096,0.1,0.0979,84224.96,84001.12,0.33490000000000003,-0.85827,3e-05,44.80274,0.0,0.0
2026-09-25T19:54:56Z,2026-10-16,21,94000.0,C,0.0033,0.0037,0.0035,84225.19,84001.12,0.344,0.09577,2e-05,33.94198,0.2,0.2
2026-09-25T19:54:56Z,2026-10-16,21,94000.0,P,0.1175,0.122,0.1196,84224.96,84001.12,0.344,-0.90423,2e-05,33.9404,0.0,0.0
2026-09-25T19:54:56Z,2026-10-16,21,95000.0,C,0.0026,0.003,0.0028,84224.96,84001.12,0.3479,0.07801,2e-05,29.11673,93.0,18.3
2026-09-25T19:54:56Z,2026-10-16,21,95000.0,P,0.1285,0.133,0.1307,84225.19,84001.12,0.3479,-0.92198,2e-05,29.11818,0.0,0.0
2026-09-25T19:54:56Z,2026-10-16,21,100000.0,C,0.0009,0.0011,0.001,84224.96,84001.12,0.3785,0.03082,1e-05,13.88781,13.4,11.4
2026-09-25T19:54:56Z,2026-10-16,21,100000.0,P,0.186,0.191,0.1883,84225.19,84001.12,0.3785,-0.96918,1e-05,13.88864,0.0,0.0
2026-09-25T19:54:56Z,2026-10-30,35,40000.0,C,0.5255,0.527,0.5261,84373.22,84001.12,0.87,0.99827,0.0,1.43991,0.3,0.0
2026-09-25T19:54:56Z,2026-10-30,35,40000.0,P,0.0001,0.0002,0.0001,84373.22,84001.12,0.87,-0.00173,0.0,1.43991,120.3,0.3
2026-09-25T19:54:56Z,2026-10-30,35,45000.0,C,0.4655,0.468,0.4669,84373.36,84001.12,0.7827,0.99686,0.0,2.47524,0.9,0.0
2026-09-25T19:54:56Z,2026-10-30,35,45000.0,P,0.0002,0.0003,0.0002,84373.22,84001.12,0.7827,-0.00314,0.0,2.47529,285.8,1.0
2026-09-25T19:54:56Z,2026-10-30,35,48000.0,C,0.43,0.433,0.4314,84373.36,84001.12,0.7358,0.99543,0.0,3.46478,8.5,0.0
2026-09-25T19:54:56Z,2026-10-30,35,48000.0,P,0.0003,0.0004,0.0003,84373.22,84001.12,0.7358,-0.00457,0.0,3.46484,196.8,0.3
2026-09-25T19:54:56Z,2026-10-30,35,50000.0,C,0.4065,0.4095,0.4078,84373.22,84001.12,0.6965,0.99462,0.0,4.00299,1.1,0.0
2026-09-25T19:54:56Z,2026-10-30,35,50000.0,P,0.0003,0.0005,0.0004,84373.22,84001.12,0.6965,-0.00538,0.0,4.00299,431.6,0.1
2026-09-25T19:54:56Z,2026-10-30,35,52000.0,C,0.383,0.386,0.3842,84373.22,84001.12,0.6673,0.99308,0.0,5.00123,0.1,0.0
2026-09-25T19:54:56Z,2026-10-30,35,52000.0,P,0.0004,0.0006,0.0005,84373.22,84001.12,0.6673,-0.00692,0.0,5.00123,125.7,1.2
2026-09-25T19:54:56Z,2026-10-30,35,54000.0,C,0.359,0.362,0.3606,84373.22,84001.12,0.6351,0.99142,0.0,6.04754,0.1,0.0
2026-09-25T19:54:56Z,2026-10-30,35,54000.0,P,0.0005,0.0007,0.0006,84373.22,84001.12,0.6351,-0.00858,0.0,6.04754,188.1,1.6
2026-09-25T19:54:56Z,2026-10-30,35,55000.0,C,0.3475,0.3505,0.3488,84373.36,84001.12,0.6244,0.98996,0.0,6.93635,0.1,0.0
2026-09-25T19:54:56Z,2026-10-30,35,55000.0,P,0.0006,0.0008,0.0007,84373.22,84001.12,0.6244,-0.01004,0.0,6.93648,329.0,3.5
2026-09-25T19:54:56Z,2026-10-30,35,56000.0,C,0.3355,0.3385,0.337,84373.22,84001.12,0.6011,0.98957,0.0,7.17371,0.5,0.0
2026-09-25T19:54:56Z,2026-10-30,35,56000.0,P,0.0006,0.0008,0.0007,84373.22,84001.12,0.6011,-0.01043,0.0,7.17371,468.8,1.2
2026-09-25T19:54:56Z,2026-10-30,35,57000.0,C,0.324,0.327,0.3252,84373.22,84001.12,0.5887,0.98801,0.0,8.09768,0.1,0.0
2026-09-25T19:54:56Z,2026-10-30,35,57000.0,P,0.0007,0.0009,0.0008,84373.22,84001.12,0.5887,-0.01199,0.0,8.09768,206.3,0.0
2026-09-25T19:54:56Z,2026-10-30,35,58000.0,C,0.312,0.315,0.3135,84377.4,84001.12,0.5752,0.98638,0.0,9.04007,0.0,0.0
2026-09-25T19:54:56Z,2026-10-30,35,58000.0,P,0.0008,0.001,0.0009,84377.4,84001.12,0.5752,-0.01362,0.0,9.04007,336.2,0.0
2026-09-25T19:54:56Z,2026-10-30,35,59000.0,C,0.3,0.3035,0.3017,84377.4,84001.12,0.5600999999999999,0.98476,0.0,9.95977,1.0,0.0
2026-09-25T19:54:56Z,2026-10-30,35,59000.0,P,0.0009,0.0011,0.001,84377.4,84001.12,0.5600999999999999,-0.01524,0.0,9.95977,300.2,187.0
2026-09-25T19:54:56Z,2026-10-30,35,60000.0,C,0.2885,0.2915,0.2899,84377.4,84001.12,0.5428999999999999,0.98325,0.0,10.7985,13.7,0.0
2026-09-25T19:54:56Z,2026-10-30,35,60000.0,P,0.0009,0.0012,0.0011,84377.4,84001.12,0.5428999999999999,-0.01675,0.0,10.7985,1296.1,17.1
2026-09-25T19:54:56Z,2026-10-30,35,61000.0,C,0.2765,0.28,0.2782,84377.4,84001.12,0.5296,0.98095,0.0,12.0512,7.7,0.0
2026-09-25T19:54:56Z,2026-10-30,35,61000.0,P,0.0011,0.0013,0.0012,84377.4,84001.12,0.5296,-0.01905,0.0,12.0512,274.4,0.8
2026-09-25T19:54:56Z,2026-10-30,35,62000.0,C,0.265,0.268,0.2665,84377.4,84001.12,0.5121,0.97913,0.0,13.02125,13.5,0.0
2026-09-25T19:54:56Z,2026-10-30,35,62000.0,P,0.0012,0.0014,0.0013,84377.4,84001.12,0.5121,-0.02087,0.0,13.02125,1259.0,18.0
2026-09-25T19:54:56Z,2026-10-30,35,63000.0,C,0.2535,0.2565,0.2547,84373.36,84001.12,0.4963,0.97675,0.0,14.2669,148.3,9.0
2026-09-25T19:54:56Z,2026-10-30,35,63000.0,P,0.0013,0.0015,0.0014,84377.4,84001.12,0.4963,-0.02324,0.0,14.25867,650.4,12.0
2026-09-25T19:54:56Z,2026-10-30,35,64000.0,C,0.2415,0.245,0.243,84373.36,84001.12,0.4814,0.97389,0.0,15.72383,416.6,0.0
2026-09-25T19:54:56Z,2026-10-30,35,64000.0,P,0.0014,0.0017,0.0015,84377.4,84001.12,0.4814,-0.02609,0.0,15.71471,581.1,1.4
2026-09-25T19:54:56Z,2026-10-30,35,65000.0,C,0.23,0.233,0.2314,84377.4,84001.12,0.46840000000000004,0.97021,1e-05,17.55049,430.4,0.0
2026-09-25T19:54:56Z,2026-10-30,35,65000.0,P,0.0017,0.0019,0.0017,84377.4,84001.12,0.46840000000000004,-0.02979,1e-05,17.55049,655.1,10.2
2026-09-25T19:54:56Z,2026-10-30,35,66000.0,C,0.218,0.2215,0.2197,84379.29,84001.12,0.45409999999999995,0.96634,1e-05,19.41221,80.9,0.1
2026-09-25T19:54:56Z,2026-10-30,35,66000.0,P,0.0018,0.0021,0.0019,84379.29,84001.12,0.45409999999999995,-0.03366,1e-05,19.41221,489.7,2.1
2026-09-25T19:54:56Z,2026-10-30,35,67000.0,C,0.2065,0.21,0.2082,84379.29,84001.12,0.44270000000000004,0.961,1e-05,21.9023,108.4,0.0
2026-09-25T19:54:56Z,2026-10-30,35,67000.0,P,0.0021,0.0024,0.0022,84379.29,84001.12,0.44270000000000004,-0.039,1e-05,21.9023,583.1,2.4
2026-09-25T19:54:56Z,2026-10-30,35,68000.0,C,0.195,0.1985,0.1966,84379.29,84001.12,0.4303,0.9552,1e-05,24.50051,514.8,2.0
2026-09-25T19:54:56Z,2026-10-30,35,68000.0,P,0.0024,0.0027,0.0026,84379.29,84001.12,0.4303,-0.0448,1e-05,24.50051,1321.1,610.3
2026-09-25T19:54:56Z,2026-10-30,35,69000.0,C,0.1835,0.187,0.1852,84379.29,84001.12,0.41869999999999996,0.94818,1e-05,27.52937,640.6,0.0
2026-09-25T19:54:56Z,2026-10-30,35,69000.0,P,0.0028,0.0031,0.0029,84379.29,84001.12,0.41869999999999996,-0.05182,1e-05,27.52937,1198.6,101.0
2026-09-25T19:54:56Z,2026-10-30,35,70000.0,C,0.1725,0.1755,0.1738,84379.29,84001.12,0.40850000000000003,0.93946,1e-05,31.12208,5768.9,4711.4
2026-09-25T19:54:56Z,2026-10-30,35,70000.0,P,0.0033,0.0036,0.0034,84377.58,84001.12,0.40850000000000003,-0.06056,1e-05,31.12923,1799.3,134.0
2026-09-25T19:54:56Z,2026-10-30,35,71000.0,C,0.161,0.1645,0.1626,84379.29,84001.12,0.3987,0.92916,1e-05,35.15563,956.1,0.0
2026-09-25T19:54:56Z,2026-10-30,35,71000.0,P,0.0039,0.0042,0.004,84379.43,84001.12,0.3987,-0.07084,1e-05,35.15498,776.1,20.8
2026-09-25T19:54:56Z,2026-10-30,35,72000.0,C,0.15,0.1535,0.1514,84379.29,84001.12,0.38909999999999995,0.91711,2e-05,39.61516,993.2,3.0
2026-09-25T19:54:56Z,2026-10-30,35,72000.0,P,0.0046,0.0049,0.0048,84379.29,84001.12,0.38909999999999995,-0.08289,2e-05,39.61516,1288.3,92.1
2026-09-25T19:54:56Z,2026-10-30,35,73000.0,C,0.139,0.1425,0.1405,84379.29,84001.12,0.382,0.90186,2e-05,44.9101,613.8,9.0
2026-09-25T19:54:56Z,2026-10-30,35,73000.0,P,0.0055,0.006,0.0057,84379.29,84001.12,0.382,-0.09814,2e-05,44.9101,473.8,102.3
2026-09-25T19:54:56Z,2026-10-30,35,74000.0,C,0.1285,0.1315,0.1297,84379.29,84001.12,0.3732,0.88521,2e-05,50.29152,724.4,6.0
2026-09-25T19:54:56Z,2026-10-30,35,74000.0,P,0.0065,0.007,0.0068,84379.29,84001.12,0.3732,-0.11479,2e-05,50.29152,1002.8,711.0
2026-09-25T19:54:56Z,2026-10-30,35,75000.0,C,0.118,0.121,0.1192,84379.29,84001.12,0.3667,0.86465,2e-05,56.4276,1169.2,4.4
2026-09-25T19:54:56Z,2026-10-30,35,75000.0,P,0.0075,0.0085,0.0081,84379.43,84001.12,0.3667,-0.13535,2e-05,56.42678,881.5,150.6
2026-09-25T19:54:56Z,2026-10-30,35,76000.0,C,0.1075,0.111,0.1092,84381.74,84001.12,0.3625,0.83997,3e-05,63.13159,558.6,0.0
2026-09-25T19:54:56Z,2026-10-30,35,76000.0,P,0.0095,0.0105,0.0099,84379.43,84001.12,0.3625,-0.16009,3e-05,63.14528,785.4,283.7
2026-09-25T19:54:56Z,2026-10-30,35,77000.0,C,0.098,0.101,0.0994,84381.74,84001.12,0.3583,0.81223,3e-05,69.89317,218.7,2.5
2026-09-25T19:54:56Z,2026-10-30,35,77000.0,P,0.0115,0.0125,0.012,84381.74,84001.12,0.3583,-0.18777,3e-05,69.89317,405.6,23.9
2026-09-25T19:54:56Z,2026-10-30,35,78000.0,C,0.0885,0.0915,0.09,84381.74,84001.12,0.354,0.78139,3e-05,76.53762,507.4,1.8
2026-09-25T19:54:56Z,2026-10-30,35,78000.0,P,0.014,0.015,0.0144,84381.74,84001.12,0.354,-0.21861,3e-05,76.53762,1041.7,38.6
2026-09-25T19:54:56Z,2026-10-30,35,79000.0,C,0.0795,0.0825,0.0809,84379.43,84001.12,0.34950000000000003,0.74752,4e-05,82.8719,289.0,0.5
2026-09-25T19:54:56Z,2026-10-30,35,79000.0,P,0.017,0.0175,0.0172,84381.81,84001.12,0.34950000000000003,-0.25239,4e-05,82.85974,618.0,17.1
2026-09-25T19:54:56Z,2026-10-30,35,80000.0,C,0.071,0.074,0.0724,84381.74,84001.12,0.3467,0.71006,4e-05,88.79827,1397.4,2.6
2026-09-25T19:54:56Z,2026-10-30,35,80000.0,P,0.02,0.021,0.0205,84381.81,84001.12,0.3467,-0.28994,4e-05,88.79796,1397.1,34.2
2026-09-25T19:54:56Z,2026-10-30,35,81000.0,C,0.064,0.0655,0.0645,84381.74,84001.12,0.34509999999999996,0.6695,4e-05,94.01174,695.5,0.2
2026-09-25T19:54:56Z,2026-10-30,35,81000.0,P,0.024,0.025,0.0245,84381.81,84001.12,0.34509999999999996,-0.33049,4e-05,94.0115,326.3,7.1
2026-09-25T19:54:56Z,2026-10-30,35,82000.0,C,0.0565,0.058,0.0572,84381.74,84001.12,0.34380000000000005,0.62692,4e-05,98.21733,1342.3,0.4
2026-09-25T19:54:56Z,2026-10-30,35,82000.0,P,0.0285,0.0295,0.029,84381.81,84001.12,0.34380000000000005,-0.37307,4e-05,98.21717,186.1,20.9
2026-09-25T19:54:56Z,2026-10-30,35,83000.0,C,0.0495,0.051,0.0503,84381.81,84001.12,0.3425,0.58295,4e-05,101.25565,448.5,54.2
2026-09-25T19:54:56Z,2026-10-30,35,83000.0,P,0.0335,0.0345,0.034,84381.81,84001.12,0.3425,-0.41705,4e-05,101.25565,314.9,7.6
2026-09-25T19:54:56Z,2026-10-30,35,84000.0,C,0.0435,0.0445,0.044,84381.81,84001.12,0.3414,0.53812,4e-05,103.0281,1293.1,282.4
2026-09-25T19:54:56Z,2026-10-30,35,84000.0,P,0.039,0.04,0.0396,84379.43,84001.12,0.3414,-0.46199,4e-05,103.02784,605.9,136.8
2026-09-25T19:54:56Z,2026-10-30,35,85000.0,C,0.038,0.039,0.0384,84381.81,84001.12,0.34119999999999995,0.49316,5e-05,103.48564,2655.7,218.3
2026-09-25T19:54:56Z,2026-10-30,35,85000.0,P,0.045,0.0465,0.0458,84381.78,84001.12,0.34119999999999995,-0.50684,5e-05,103.4856,617.2,108.8
2026-09-25T19:54:56Z,2026-10-30,35,86000.0,C,0.0325,0.0335,0.0333,84381.73,84001.12,0.34090000000000004,0.44875,4e-05,102.64561,1199.9,13.0
2026-09-25T19:54:56Z,2026-10-30,35,86000.0,P,0.052,0.053,0.0525,84381.73,84001.12,0.34090000000000004,-0.55125,4e-05,102.64561,175.2,9.1
2026-09-25T19:54:56Z,2026-10-30,35,87000.0,C,0.028,0.029,0.0286,84381.73,84001.12,0.3398,0.40508,4e-05,100.55701,918.4,5.3
2026-09-25T19:54:56Z,2026-10-30,35,87000.0,P,0.059,0.0605,0.0596,84381.78,84001.12,0.3398,-0.59492,4e-05,100.55721,397.1,3.2
2026-09-25T19:54:56Z,2026-10-30,35,88000.0,C,0.024,0.025,0.0245,84381.78,84001.12,0.34,0.36341,4e-05,97.37362,1416.8,35.2
2026-09-25T19:54:56Z,2026-10-30,35,88000.0,P,0.066,0.069,0.0674,84381.78,84001.12,0.34,-0.63659,4e-05,97.37362,2383.0,0.1
2026-09-25T19:54:56Z,2026-10-30,35,89000.0,C,0.0205,0.0215,0.021,84381.78,84001.12,0.34090000000000004,0.32418,4e-05,93.27831,642.7,31.3
2026-09-25T19:54:56Z,2026-10-30,35,89000.0,P,0.0745,0.0775,0.0757,84381.78,84001.12,0.34090000000000004,-0.67582,4e-05,93.27831,11.2,0.1
2026-09-25T19:54:56Z,2026-10-30,35,90000.0,C,0.0175,0.0185,0.0178,84381.73,84001.12,0.3414,0.28718,4e-05,88.3982,19652.0,378.2
2026-09-25T19:54:56Z,2026-10-30,35,90000.0,P,0.0825,0.0865,0.0845,84381.78,84001.12,0.3414,-0.71282,4e-05,88.39853,17.9,9.3
2026-09-25T19:54:56Z,2026-10-30,35,91000.0,C,0.0145,0.0155,0.015,84381.73,84001.12,0.341,0.25215,4e-05,82.81786,1447.6,305.1
2026-09-25T19:54:56Z,2026-10-30,35,91000.0,P,0.0915,0.0955,0.0935,84381.78,84001.12,0.341,-0.74785,4e-05,82.81822,3.5,0.0
2026-09-25T19:54:56Z,2026-10-30,35,92000.0,C,0.0125,0.013,0.0128,84381.78,84001.12,0.3429,0.22146,3e-05,77.11016,1702.3,80.8
2026-09-25T19:54:56Z,2026-10-30,35,92000.0,P,0.101,0.105,0.1031,84381.78,84001.12,0.3429,-0.77854,3e-05,77.11016,1.6,0.0
2026-09-25T19:54:56Z,2026-10-30,35,93000.0,C,0.0105,0.0115,0.0109,84381.78,84001.12,0.3453,0.19412,3e-05,71.33323,132.2,7.4
2026-09-25T19:54:56Z,2026-10-30,35,93000.0,P,0.111,0.115,0.113,84381.78,84001.12,0.3453,-0.80588,3e-05,71.33323,1.0,0.0
2026-09-25T19:54:56Z,2026-10-30,35,94000.0,C,0.009,0.0095,0.0091,84381.78,84001.12,0.34630000000000005,0.16842,3e-05,65.25842,995.0,33.3
2026-09-25T19:54:56Z,2026-10-30,35,94000.0,P,0.121,0.1255,0.1231,84381.06,84001.12,0.34630000000000005,-0.8316,3e-05,65.25306,0.1,0.0
2026-09-25T19:54:56Z,2026-10-30,35,95000.0,C,0.0075,0.008,0.0078,84381.06,84001.12,0.3493,0.14687,3e-05,59.64228,23299.7,63.3
2026-09-25T19:54:56Z,2026-10-30,35,95000.0,P,0.131,0.136,0.1336,84381.06,84001.12,0.3493,-0.85313,3e-05,59.64228,201.2,0.0
2026-09-25T19:54:56Z,2026-10-30,35,96000.0,C,0.0065,0.007,0.0065,84381.06,84001.12,0.35119999999999996,0.12697,2e-05,53.99164,384.5,51.9
2026-09-25T19:54:56Z,2026-10-30,35,96000.0,P,0.142,0.1465,0.1442,84381.06,84001.12,0.35119999999999996,-0.87303,2e-05,53.99164,0.1,0.0
2026-09-25T19:54:56Z,2026-10-30,35,98000.0,C,0.0047,0.0055,0.0048,84381.06,84001.12,0.35979999999999995,0.09726,2e-05,44.6129,404.2,2.8
2026-09-25T19:54:56Z,2026-10-30,35,98000.0,P,0.164,0.1685,0.1662,84381.06,84001.12,0.35979999999999995,-0.90274,2e-05,44.6129,27.0,0.0
2026-09-25T19:54:56Z,2026-10-30,35,100000.0,C,0.0035,0.0038,0.0036,84381.06,84001.12,0.36829999999999996,0.07451,1e-05,36.53956,12889.7,123.5
2026-09-25T19:54:56Z,2026-10-30,35,100000.0,P,0.1865,0.191,0.1887,84381.06,84001.12,0.36829999999999996,-0.92549,1e-05,36.53956,1.3,0.0
2026-09-25T19:54:56Z,2026-10-30,35,102000.0,C,0.0025,0.0029,0.0027,84381.06,84001.12,0.3765,0.05704,1e-05,29.70139,239.5,4.3
2026-09-25T19:54:56Z,2026-10-30,35,102000.0,P,0.209,0.214,0.2115,84381.73,84001.12,0.3765,-0.94295,1e-05,29.70484,0.0,0.0
2026-09-25T19:54:56Z,2026-10-30,35,104000.0,C,0.002,0.0023,0.0021,84381.06,84001.12,0.3883,0.04539,1e-05,24.76396,159.7,0.0
2026-09-25T19:54:56Z,2026-10-30,35,104000.0,P,0.232,0.237,0.2346,84381.06,84001.12,0.3883,-0.95461,1e-05,24.76396,0.0,0.0
2026-09-25T19:54:56Z,2026-10-30,35,105000.0,C,0.0017,0.0021,0.0019,84381.06,84001.12,0.3933,0.04027,1e-05,22.48101,1161.8,3.3
2026-09-25T19:54:56Z,2026-10-30,35,105000.0,P,0.2435,0.2485,0.2462,84381.06,84001.12,0.3933,-0.95973,1e-05,22.48101,0.9,0.0
2026-09-25T19:54:56Z,2026-10-30,35,106000.0,C,0.0015,0.0019,0.0017,84381.73,84001.12,0.3993,0.03622,1e-05,20.61953,30.1,0.0
2026-09-25T19:54:56Z,2026-10-30,35,106000.0,P,0.2555,0.2605,0.2579,84381.73,84001.12,0.3993,-0.96378,1e-05,20.61953,0.0,0.0
2026-09-25T19:54:56Z,2026-10-30,35,110000.0,C,0.001,0.0013,0.0011,84381.06,84001.12,0.42219999999999996,0.02398,1e-05,14.64228,1194.2,29.6
2026-09-25T19:54:56Z,2026-10-30,35,110000.0,P,0.302,0.3075,0.3047,84381.06,84001.12,0.42219999999999996,-0.97602,1e-05,14.64228,0.2,0.0
2026-09-25T19:54:56Z,2026-10-30,35,115000.0,C,0.0006,0.0008,0.0007,84381.08,84001.12,0.449,0.01486,0.0,9.74786,36.9,1.3
2026-09-25T19:54:56Z,2026-10-30,35,115000.0,P,0.361,0.3665,0.3635,84381.06,84001.12,0.449,-0.98514,0.0,9.74783,34.6,0.0
2026-09-25T19:54:56Z,2026-11-27,63,58000.0,C,0.3165,0.3195,0.3179,84715.27,84001.12,0.51,0.97133,0.0,22.97481,0.1,0.0
2026-09-25T19:54:56Z,2026-11-27,63,58000.0,P,0.0023,0.0028,0.0025,84715.27,84001.12,0.51,-0.02867,0.0,22.97481,55.5,12.2
2026-09-25T19:54:56Z,2026-11-27,63,60000.0,C,0.2935,0.2965,0.2948,84715.94,84001.12,0.4886,0.96465,0.0,27.31276,0.2,0.0
2026-09-25T19:54:56Z,2026-11-27,63,60000.0,P,0.0028,0.0033,0.0031,84715.27,84001.12,0.4886,-0.03536,0.0,27.31447,229.2,1.2
2026-09-25T19:54:56Z,2026-11-27,63,62000.0,C,0.2705,0.2735,0.2719,84715.94,84001.12,0.46880000000000005,0.95602,1e-05,32.62069,0.0,0.0
2026-09-25T19:54:56Z,2026-11-27,63,62000.0,P,0.0035,0.004,0.0038,84715.94,84001.12,0.46880000000000005,-0.04398,1e-05,32.62069,329.9,3.1
2026-09-25T19:54:56Z,2026-11-27,63,64000.0,C,0.2475,0.251,0.2492,84715.27,84001.12,0.4498,0.94514,1e-05,38.91911,0.0,0.0
2026-09-25T19:54:56Z,2026-11-27,63,64000.0,P,0.0044,0.0049,0.0047,84715.94,84001.12,0.4498,-0.05486,1e-05,38.91677,40.0,0.5
2026-09-25T19:54:56Z,2026-11-27,63,66000.0,C,0.2255,0.2285,0.2269,84715.94,84001.12,0.4351,0.93011,1e-05,47.01423,0.0,0.0
2026-09-25T19:54:56Z,2026-11-27,63,66000.0,P,0.0055,0.0065,0.006,84715.94,84001.12,0.4351,-0.06989,1e-05,47.01423,162.4,0.0
2026-09-25T19:54:56Z,2026-11-27,63,67000.0,C,0.214,0.2175,0.2156,84715.27,84001.12,0.4232,0.92325,1e-05,50.50265,0.5,0.0
2026-09-25T19:54:56Z,2026-11-27,63,67000.0,P,0.006,0.007,0.0065,84715.94,84001.12,0.4232,-0.07674,1e-05,50.4998,65.7,3.3
2026-09-25T19:54:56Z,2026-11-27,63,68000.0,C,0.2035,0.2065,0.2048,84715.11,84001.12,0.4182,0.91255,1e-05,55.72241,0.0,0.0
2026-09-25T19:54:56Z,2026-11-27,63,68000.0,P,0.0075,0.008,0.0075,84715.26,84001.12,0.4182,-0.08745,1e-05,55.72174,140.8,0.2
2026-09-25T19:54:56Z,2026-11-27,63,69000.0,C,0.1925,0.196,0.194,84715.26,84001.12,0.4111,0.90167,1e-05,60.77182,0.0,0.0
2026-09-25T19:54:56Z,2026-11-27,63,69000.0,P,0.008,0.009,0.0085,84715.26,84001.12,0.4111,-0.09833,1e-05,60.77182,101.3,0.0
2026-09-25T19:54:56Z,2026-11-27,63,70000.0,C,0.182,0.185,0.1834,84715.11,84001.12,0.406,0.88869,1e-05,66.48176,3.3,0.2
2026-09-25T19:54:56Z,2026-11-27,63,70000.0,P,0.0095,0.01,0.0097,84715.26,84001.12,0.406,-0.11131,1e-05,66.48102,225.5,1.6
2026-09-25T19:54:56Z,2026-11-27,63,71000.0,C,0.1715,0.1745,0.1729,84715.26,84001.12,0.39899999999999997,0.87537,1e-05,72.01489,0.2,0.0
2026-09-25T19:54:56Z,2026-11-27,63,71000.0,P,0.0105,0.0115,0.011,84715.26,84001.12,0.39899999999999997,-0.12463,1e-05,72.01489,28.1,1.0
2026-09-25T19:54:56Z,2026-11-27,63,72000.0,C,0.161,0.1645,0.1626,84715.11,84001.12,0.3933,0.86006,2e-05,78.00585,25.5,0.0
2026-09-25T19:54:56Z,2026-11-27,63,72000.0,P,0.012,0.013,0.0125,84715.11,84001.12,0.3933,-0.13994,2e-05,78.00585,81.5,5.6
2026-09-25T19:54:56Z,2026-11-27,63,73000.0,C,0.151,0.1545,0.1528,84715.26,84001.12,0.3907,0.84167,2e-05,84.71253,0.6,0.2
2026-09-25T19:54:56Z,2026-11-27,63,73000.0,P,0.014,0.015,0.0145,84715.11,84001.12,0.3907,-0.15833,2e-05,84.71331,60.4,11.1
2026-09-25T19:54:56Z,2026-11-27,63,74000.0,C,0.1415,0.1445,0.143,84715.11,84001.12,0.386,0.8229,2e-05,91.05296,0.4,0.0
2026-09-25T19:54:56Z,2026-11-27,63,74000.0,P,0.016,0.017,0.0165,84715.11,84001.12,0.386,-0.1771,2e-05,91.05296,77.1,31.2
2026-09-25T19:54:56Z,2026-11-27,63,75000.0,C,0.132,0.1355,0.1336,84715.26,84001.12,0.3834,0.80154,2e-05,97.68815,294.0,31.2
2026-09-25T19:54:56Z,2026-11-27,63,75000.0,P,0.0185,0.0195,0.0189,84715.11,84001.12,0.3834,-0.19846,2e-05,97.6889,1720.6,0.5
2026-09-25T19:54:56Z,2026-11-27,63,76000.0,C,0.123,0.126,0.1244,84715.26,84001.12,0.3791,0.77947,2e-05,103.94234,27.2,0.0
2026-09-25T19:54:56Z,2026-11-27,63,76000.0,P,0.021,0.022,0.0215,84715.26,84001.12,0.3791,-0.22053,2e-05,103.94234,72.3,14.9
2026-09-25T19:54:56Z,2026-11-27,63,77000.0,C,0.114,0.117,0.1156,84715.11,84001.12,0.3764,0.75518,2e-05,110.16107,74.1,7.8
2026-09-25T19:54:56Z,2026-11-27,63,77000.0,P,0.024,0.025,0.0245,84714.77,84001.12,0.3764,-0.24483,2e-05,110.16259,212.1,1.2
2026-09-25T19:54:56Z,2026-11-27,63,78000.0,C,0.1055,0.1085,0.1072,84715.11,84001.12,0.3749,0.72906,3e-05,116.11455,255.5,0.0
2026-09-25T19:54:56Z,2026-11-27,63,78000.0,P,0.0275,0.0285,0.0279,84714.77,84001.12,0.3749,-0.27095,3e-05,116.11592,190.1,3.8
2026-09-25T19:54:56Z,2026-11-27,63,79000.0,C,0.098,0.1,0.099,84714.77,84001.12,0.3718,0.70226,3e-05,121.46911,153.1,31.7
2026-09-25T19:54:56Z,2026-11-27,63,79000.0,P,0.031,0.032,0.0315,84714.77,84001.12,0.3718,-0.29774,3e-05,121.46911,166.0,3.2
2026-09-25T19:54:56Z,2026-11-27,63,80000.0,C,0.0905,0.092,0.0913,84715.11,84001.12,0.3705,0.67372,3e-05,126.37565,1146.5,0.6
2026-09-25T19:54:56Z,2026-11-27,63,80000.0,P,0.0355,0.036,0.0357,84714.77,84001.12,0.3705,-0.32629,3e-05,126.37663,138.3,16.3
2026-09-25T19:54:56Z,2026-11-27,63,81000.0,C,0.083,0.085,0.084,84714.77,84001.12,0.3688,0.64435,3e-05,130.59581,162.9,0.0
2026-09-25T19:54:56Z,2026-11-27,63,81000.0,P,0.0395,0.0405,0.0401,84714.77,84001.12,0.3688,-0.35565,3e-05,130.59581,47.6,0.0
2026-09-25T19:54:56Z,2026-11-27,63,82000.0,C,0.0765,0.078,0.0771,84715.11,84001.12,0.368,0.61411,3e-05,134.09332,151.8,0.0
2026-09-25T19:54:56Z,2026-11-27,63,82000.0,P,0.0445,0.0455,0.0451,84714.77,84001.12,0.368,-0.3859,3e-05,134.09381,116.4,8.0
2026-09-25T19:54:56Z,2026-11-27,63,83000.0,C,0.07,0.071,0.0706,84714.77,84001.12,0.36729999999999996,0.58338,3e-05,136.78855,88.3,6.0
2026-09-25T19:54:56Z,2026-11-27,63,83000.0,P,0.05,0.051,0.0504,84714.77,84001.12,0.36729999999999996,-0.41662,3e-05,136.78855,177.2,0.0
2026-09-25T19:54:56Z,2026-11-27,63,84000.0,C,0.064,0.065,0.0645,84714.77,84001.12,0.3666,0.55239,3e-05,138.64623,70.5,1.6
2026-09-25T19:54:56Z,2026-11-27,63,84000.0,P,0.0555,0.0565,0.0561,84714.77,84001.12,0.3666,-0.44761,3e-05,138.64623,23.0,0.0
2026-09-25T19:54:56Z,2026-11-27,63,85000.0,C,0.058,0.059,0.0588,84714.77,84001.12,0.3657,0.52132,3e-05,139.65431,838.3,1.5
2026-09-25T19:54:56Z,2026-11-27,63,85000.0,P,0.0615,0.063,0.0621,84715.11,84001.12,0.3657,-0.47867,3e-05,139.65467,118.8,3.4
2026-09-25T19:54:56Z,2026-11-27,63,86000.0,C,0.053,0.054,0.0535,84714.77,84001.12,0.36579999999999996,0.49051,3e-05,139.81444,217.5,1.6
2026-09-25T19:54:56Z,2026-11-27,63,86000.0,P,0.068,0.0695,0.0687,84715.11,84001.12,0.36579999999999996,-0.50948,3e-05,139.81509,95.2,8.1
2026-09-25T19:54:56Z,2026-11-27,63,87000.0,C,0.048,0.049,0.0486,84712.41,84001.12,0.3657,0.46001,3e-05,139.14704,108.8,6.3
2026-09-25T19:54:56Z,2026-11-27,63,87000.0,P,0.075,0.076,0.0756,84712.41,84001.12,0.3657,-0.53999,3e-05,139.14704,4.6,0.0
2026-09-25T19:54:56Z,2026-11-27,63,88000.0,C,0.0435,0.0445,0.044,84712.41,84001.12,0.36579999999999996,0.43021,3e-05,137.70477,1110.0,18.3
2026-09-25T19:54:56Z,2026-11-27,63,88000.0,P,0.082,0.0835,0.0828,84712.41,84001.12,0.36579999999999996,-0.56979,3e-05,137.70477,35.1,2.7
2026-09-25T19:54:56Z,2026-11-27,63,89000.0,C,0.0395,0.04,0.0399,84712.41,84001.12,0.3663,0.40132,3e-05,135.54968,443.1,75.0
2026-09-25T19:54:56Z,2026-11-27,63,89000.0,P,0.09,0.091,0.0905,84714.72,84001.12,0.3663,-0.59861,3e-05,135.55947,13.9,6.4
2026-09-25T19:54:56Z,2026-11-27,63,90000.0,C,0.0355,0.0365,0.036,84714.72,84001.12,0.3663,0.37315,3e-05,132.72267,774.1,8.1
2026-09-25T19:54:56Z,2026-11-27,63,90000.0,P,0.0975,0.0995,0.0984,84712.41,84001.12,0.3663,-0.62692,3e-05,132.71132,6.7,0.0
2026-09-25T19:54:56Z,2026-11-27,63,91000.0,C,0.032,0.033,0.0325,84712.41,84001.12,0.3667,0.34608,3e-05,129.30734,108.5,9.1
2026-09-25T19:54:56Z,2026-11-27,63,91000.0,P,0.105,0.108,0.1067,84712.41,84001.12,0.3667,-0.65392,3e-05,129.30734,0.0,0.0
2026-09-25T19:54:56Z,2026-11-27,63,92000.0,C,0.0285,0.0295,0.0293,84712.41,84001.12,0.3674,0.32031,3e-05,125.41279,447.3,20.6
2026-09-25T19:54:56Z,2026-11-27,63,92000.0,P,0.1135,0.1165,0.1153,84712.41,84001.12,0.3674,-0.67969,3e-05,125.41279,2.1,0.0
2026-09-25T19:54:56Z,2026-11-27,63,93000.0,C,0.026,0.027,0.0264,84712.41,84001.12,0.36840000000000006,0.29595,3e-05,121.13165,57.2,1.6
2026-09-25T19:54:56Z,2026-11-27,63,93000.0,P,0.122,0.126,0.1242,84712.41,84001.12,0.36840000000000006,-0.70405,3e-05,121.13165,0.0,0.0
2026-09-25T19:54:56Z,2026-11-27,63,94000.0,C,0.023,0.024,0.0236,84714.72,84001.12,0.36810000000000004,0.27208,3e-05,116.35633,96.9,7.8
2026-09-25T19:54:56Z,2026-11-27,63,94000.0,P,0.131,0.135,0.1332,84714.72,84001.12,0.36810000000000004,-0.72792,3e-05,116.35633,3.0,0.0
2026-09-25T19:54:56Z,2026-11-27,63,95000.0,C,0.021,0.022,0.0213,84712.41,84001.12,0.3704,0.25106,2e-05,111.64666,623.8,2.0
2026-09-25T19:54:56Z,2026-11-27,63,95000.0,P,0.1405,0.1445,0.1428,84710.0,84001.12,0.3704,-0.749,2e-05,111.62989,0.1,0.0
2026-09-25T19:54:56Z,2026-11-27,63,96000.0,C,0.0185,0.0195,0.019,84710.0,84001.12,0.3701,0.22954,2e-05,106.32103,214.7,105.0
2026-09-25T19:54:56Z,2026-11-27,63,96000.0,P,0.15,0.154,0.1522,84710.0,84001.12,0.3701,-0.77046,2e-05,106.32103,0.0,0.0
2026-09-25T19:54:56Z,2026-11-27,63,97000.0,C,0.0165,0.0175,0.017,84712.32,84001.12,0.3711,0.21035,2e-05,101.12849,9.8,0.1
2026-09-25T19:54:56Z,2026-11-27,63,97000.0,P,0.1595,0.164,0.1621,84710.0,84001.12,0.3711,-0.7897,2e-05,101.1112,0.0,0.0
2026-09-25T19:54:56Z,2026-11-27,63,98000.0,C,0.015,0.016,0.0155,84712.32,84001.12,0.37420000000000003,0.19389,2e-05,96.31462,695.0,12.9
2026-09-25T19:54:56Z,2026-11-27,63,98000.0,P,0.17,0.1745,0.1723,84710.0,84001.12,0.37420000000000003,-0.80616,2e-05,96.29727,0.0,0.0
2026-09-25T19:54:56Z,2026-11-27,63,99000.0,C,0.0135,0.0145,0.0139,84712.32,84001.12,0.376,0.17777,2e-05,91.26443,8.8,8.3
2026-09-25T19:54:56Z,2026-11-27,63,99000.0,P,0.18,0.1845,0.1826,84712.32,84001.12,0.376,-0.82223,2e-05,91.26443,0.0,0.0
2026-09-25T19:54:56Z,2026-11-27,63,100000.0,C,0.012,0.013,0.0125,84712.32,84001.12,0.3772,0.16238,2e-05,86.11971,450.7,0.4
2026-09-25T19:54:56Z,2026-11-27,63,100000.0,P,0.1905,0.195,0.193,84710.0,84001.12,0.3772,-0.83766,2e-05,86.10248,26.1,0.6
2026-09-25T19:54:56Z,2026-11-27,63,102000.0,C,0.0095,0.0105,0.01,84712.32,84001.12,0.3795,0.13479,2e-05,76.02894,364.5,5.8
2026-09-25T19:54:56Z,2026-11-27,63,102000.0,P,0.2115,0.2165,0.2141,84712.32,84001.12,0.3795,-0.86521,2e-05,76.02894,2.0,0.0
2026-09-25T19:54:56Z,2026-11-27,63,104000.0,C,0.008,0.0085,0.0082,84712.32,84001.12,0.3846,0.11324,1e-05,67.30125,16.0,0.0
2026-09-25T19:54:56Z,2026-11-27,63,104000.0,P,0.2335,0.2385,0.2359,84712.32,84001.12,0.3846,-0.88676,1e-05,67.30125,0.0,0.0
2026-09-25T19:54:56Z,2026-11-27,63,105000.0,C,0.007,0.008,0.0075,84712.32,84001.12,0.38789999999999997,0.10434,1e-05,63.45171,21.2,0.2
2026-09-25T19:54:56Z,2026-11-27,63,105000.0,P,0.2445,0.249,0.247,84712.32,84001.12,0.38789999999999997,-0.89566,1e-05,63.45171,3.3,0.0
2026-09-25T19:54:56Z,2026-11-27,63,106000.0,C,0.0065,0.007,0.0067,84710.0,84001.12,0.3898,0.0952,1e-05,59.33923,29.4,0.5
2026-09-25T19:54:56Z,2026-11-27,63,106000.0,P,0.2555,0.2605,0.258,84710.0,84001.12,0.3898,-0.9048,1e-05,59.33923,0.0,0.0
2026-09-25T19:54:56Z,2026-11-27,63,108000.0,C,0.005,0.006,0.0055,84709.91,84001.12,0.3937,0.07935,1e-05,51.79378,97.7,0.1
2026-09-25T19:54:56Z,2026-11-27,63,108000.0,P,0.278,0.283,0.2804,84709.6,84001.12,0.3937,-0.92065,1e-05,51.79195,0.0,0.0
2026-09-25T19:54:56Z,2026-11-27,63,110000.0,C,0.0045,0.0049,0.0047,84709.91,84001.12,0.4012,0.06806,1e-05,46.05931,249.2,0.2
2026-09-25T19:54:56Z,2026-11-27,63,110000.0,P,0.3005,0.3055,0.3032,84709.91,84001.12,0.4012,-0.93194,1e-05,46.05931,0.0,0.0
2026-09-25T19:54:56Z,2026-11-27,63,112000.0,C,0.0037,0.0042,0.0039,84709.91,84001.12,0.4073,0.05792,1e-05,40.6148,1.3,0.3
2026-09-25T19:54:56Z,2026-11-27,63,112000.0,P,0.3235,0.3285,0.3261,84709.91,84001.12,0.4073,-0.94208,1e-05,40.6148,0.0,0.0
2026-09-25T19:54:56Z,2026-11-27,63,115000.0,C,0.0029,0.0033,0.0031,84709.91,84001.12,0.4172,0.04607,1e-05,33.8608,35.6,2.1
2026-09-25T19:54:56Z,2026-11-27,63,115000.0,P,0.358,0.3635,0.3607,84709.91,84001.12,0.4172,-0.95393,1e-05,33.8608,0.2,0.0
2026-09-25T19:54:56Z,2026-11-27,63,120000.0,C,0.0019,0.0024,0.0022,84709.91,84001.12,0.4349,0.03251,0.0,25.4906,116.4,17.5
2026-09-25T19:54:56Z,2026-11-27,63,120000.0,P,0.416,0.4215,0.4188,84709.91,84001.12,0.4349,-0.96749,0.0,25.4906,0.8,0.0
2026-09-25T19:54:56Z,2026-12-25,91,20000.0,C,0.7645,0.7655,0.7651,85028.43,84001.12,1.0845,0.99841,0.0,2.17745,4.9,0.0
2026-09-25T19:54:56Z,2026-12-25,91,20000.0,P,0.0002,0.0004,0.0003,85028.74,84001.12,1.0845,-0.00159,0.0,2.17741,932.8,27.9
2026-09-25T19:54:56Z,2026-12-25,91,30000.0,C,0.647,0.6485,0.6478,85028.43,84001.12,0.8618000000000001,0.99588,0.0,5.14953,300.7,0.0
2026-09-25T19:54:56Z,2026-12-25,91,30000.0,P,0.0005,0.0008,0.0006,85028.74,84001.12,0.8618000000000001,-0.00412,0.0,5.14944,2188.8,40.3
2026-09-25T19:54:56Z,2026-12-25,91,35000.0,C,0.5885,0.59,0.5893,85028.43,84001.12,0.782,0.99332,0.0,7.91191,87.8,0.0
2026-09-25T19:54:56Z,2026-12-25,91,35000.0,P,0.0007,0.0011,0.001,85028.43,84001.12,0.782,-0.00668,0.0,7.91191,2123.1,94.8
2026-09-25T19:54:56Z,2026-12-25,91,40000.0,C,0.53,0.532,0.531,85028.43,84001.12,0.7109000000000001,0.98948,0.0,11.79222,253.0,0.0
2026-09-25T19:54:56Z,2026-12-25,91,40000.0,P,0.0012,0.0015,0.0014,85028.43,84001.12,0.7109000000000001,-0.01052,0.0,11.79222,4934.7,73.3
2026-09-25T19:54:56Z,2026-12-25,91,45000.0,C,0.471,0.4735,0.4725,85028.43,84001.12,0.6286999999999999,0.98571,0.0,15.38111,94.5,0.0
2026-09-25T19:54:56Z,2026-12-25,91,45000.0,P,0.0015,0.0019,0.0018,85027.74,84001.12,0.6286999999999999,-0.01429,0.0,15.38166,2813.0,9.8
2026-09-25T19:54:56Z,2026-12-25,91,50000.0,C,0.413,0.416,0.4144,85027.74,84001.12,0.5659000000000001,0.97857,0.0,21.73501,260.7,0.0
2026-09-25T19:54:56Z,2026-12-25,91,50000.0,P,0.0022,0.0026,0.0025,85027.74,84001.12,0.5659000000000001,-0.02143,0.0,21.73501,2209.1,1.0
2026-09-25T19:54:56Z,2026-12-25,91,52000.0,C,0.3895,0.393,0.3913,85027.74,84001.12,0.5434,0.97457,0.0,25.10322,0.1,0.0
2026-09-25T19:54:56Z,2026-12-25,91,52000.0,P,0.0026,0.003,0.0029,85027.74,84001.12,0.5434,-0.02543,0.0,25.10322,431.4,0.2
2026-09-25T19:54:56Z,2026-12-25,91,54000.0,C,0.3665,0.37,0.3683,85028.42,84001.12,0.5225,0.96962,0.0,29.11431,32.2,0.0
2026-09-25T19:54:56Z,2026-12-25,91,54000.0,P,0.0031,0.0035,0.0034,85028.42,84001.12,0.5225,-0.03038,0.0,29.11431,1868.3,0.3
2026-09-25T19:54:56Z,2026-12-25,91,55000.0,C,0.355,0.3585,0.3569,85027.74,84001.12,0.5134000000000001,0.96652,0.0,31.54162,122.3,0.0
2026-09-25T19:54:56Z,2026-12-25,91,55000.0,P,0.0036,0.0038,0.0037,85027.74,84001.12,0.5134000000000001,-0.03348,0.0,31.54162,3248.3,26.8
2026-09-25T19:54:56Z,2026-12-25,91,56000.0,C,0.3435,0.347,0.3454,85027.74,84001.12,0.502,0.96372,0.0,33.69221,42.2,0.0
2026-09-25T19:54:56Z,2026-12-25,91,56000.0,P,0.0037,0.0041,0.004,85027.74,84001.12,0.502,-0.03628,0.0,33.69221,520.8,0.1
2026-09-25T19:54:56Z,2026-12-25,91,58000.0,C,0.321,0.3245,0.3226,85027.74,84001.12,0.48369999999999996,0.95623,0.0,39.24566,40.3,0.0
2026-09-25T19:54:56Z,2026-12-25,91,58000.0,P,0.0045,0.005,0.0047,85027.74,84001.12,0.48369999999999996,-0.04377,0.0,39.24566,1832.6,18.0
2026-09-25T19:54:56Z,2026-12-25,91,60000.0,C,0.2985,0.3015,0.3,85027.74,84001.12,0.4667,0.947,1e-05,45.73896,784.0,1.0
2026-09-25T19:54:56Z,2026-12-25,91,60000.0,P,0.0055,0.006,0.0057,85027.74,84001.12,0.4667,-0.053,1e-05,45.73896,6265.2,1.1
2026-09-25T19:54:56Z,2026-12-25,91,62000.0,C,0.276,0.2795,0.2778,85027.74,84001.12,0.4521,0.93518,1e-05,53.57022,247.1,0.0
2026-09-25T19:54:56Z,2026-12-25,91,62000.0,P,0.0065,0.0075,0.007,85027.74,84001.12,0.4521,-0.06482,1e-05,53.57022,1543.9,1.6
2026-09-25T19:54:56Z,2026-12-25,91,64000.0,C,0.2545,0.2575,0.2558,85027.74,84001.12,0.4375,0.92118,1e-05,62.24229,404.9,0.0
2026-09-25T19:54:56Z,2026-12-25,91,64000.0,P,0.008,0.009,0.0085,85027.74,84001.12,0.4375,-0.07882,1e-05,62.24229,389.9,0.4
2026-09-25T19:54:56Z,2026-12-25,91,65000.0,C,0.2435,0.2465,0.245,85028.77,84001.12,0.43189999999999995,0.91253,1e-05,67.31132,916.8,0.0
2026-09-25T19:54:56Z,2026-12-25,91,65000.0,P,0.009,0.01,0.0095,85027.73,84001.12,0.43189999999999995,-0.08748,1e-05,67.31569,800.7,2.0
2026-09-25T19:54:56Z,2026-12-25,91,66000.0,C,0.233,0.236,0.2343,85028.77,84001.12,0.4251,0.90363,1e-05,72.31925,279.7,0.2
2026-09-25T19:54:56Z,2026-12-25,91,66000.0,P,0.01,0.011,0.0105,85028.77,84001.12,0.4251,-0.09637,1e-05,72.31925,417.7,0.1
2026-09-25T19:54:56Z,2026-12-25,91,68000.0,C,0.212,0.215,0.2133,85028.77,84001.12,0.4139,0.88247,1e-05,83.46172,1023.3,0.0
2026-09-25T19:54:56Z,2026-12-25,91,68000.0,P,0.0125,0.0135,0.013,85028.77,84001.12,0.4139,-0.11753,1e-05,83.46172,684.5,0.8
2026-09-25T19:54:56Z,2026-12-25,91,70000.0,C,0.1915,0.1945,0.1927,85028.77,84001.12,0.4028,0.85771,1e-05,95.28291,1890.0,2.8
2026-09-25T19:54:56Z,2026-12-25,91,70000.0,P,0.0155,0.0165,0.016,85028.77,84001.12,0.4028,-0.14229,1e-05,95.28291,1924.4,472.6
2026-09-25T19:54:56Z,2026-12-25,91,72000.0,C,0.172,0.175,0.1732,85028.77,84001.12,0.395,0.82739,2e-05,108.19313,1214.2,0.0
2026-09-25T19:54:56Z,2026-12-25,91,72000.0,P,0.0195,0.0205,0.02,85028.69,84001.12,0.395,-0.17261,2e-05,108.19351,925.5,15.7
2026-09-25T19:54:56Z,2026-12-25,91,74000.0,C,0.153,0.1565,0.1547,85027.73,84001.12,0.389,0.79218,2e-05,121.27628,137.9,0.0
2026-09-25T19:54:56Z,2026-12-25,91,74000.0,P,0.0245,0.0255,0.025,85028.69,84001.12,0.389,-0.20781,2e-05,121.27189,181.8,6.0
2026-09-25T19:54:56Z,2026-12-25,91,75000.0,C,0.144,0.1475,0.1459,85027.73,84001.12,0.3871,0.7726,2e-05,127.74584,1925.0,28.0
2026-09-25T19:54:56Z,2026-12-25,91,75000.0,P,0.0275,0.0285,0.028,85028.69,84001.12,0.3871,-0.22738,2e-05,127.74169,1736.8,103.7
2026-09-25T19:54:56Z,2026-12-25,91,76000.0,C,0.1355,0.139,0.1372,85028.77,84001.12,0.384,0.75258,2e-05,133.80627,480.6,0.0
2026-09-25T19:54:56Z,2026-12-25,91,76000.0,P,0.0305,0.0315,0.0311,85028.69,84001.12,0.384,-0.24742,2e-05,133.80659,472.2,0.1
2026-09-25T19:54:56Z,2026-12-25,91,78000.0,C,0.119,0.1225,0.1212,85028.77,84001.12,0.38130000000000003,0.70863,2e-05,145.25198,1087.4,0.3
2026-09-25T19:54:56Z,2026-12-25,91,78000.0,P,0.038,0.039,0.0385,85027.73,84001.12,0.38130000000000003,-0.29139,2e-05,145.25535,1455.4,0.7
2026-09-25T19:54:56Z,2026-12-25,91,80000.0,C,0.105,0.107,0.1062,85031.65,84001.12,0.37829999999999997,0.66203,2e-05,154.78678,8717.3,3.1
2026-09-25T19:54:56Z,2026-12-25,91,80000.0,P,0.0465,0.0475,0.047,85031.75,84001.12,0.37829999999999997,-0.33797,2e-05,154.78655,1681.9,15.5
2026-09-25T19:54:56Z,2026-12-25,91,82000.0,C,0.091,0.093,0.0923,85028.69,84001.12,0.3754,0.61313,2e-05,162.07491,1318.5,0.0
2026-09-25T19:54:56Z,2026-12-25,91,82000.0,P,0.056,0.057,0.0567,85031.75,84001.12,0.3754,-0.3868,2e-05,162.07177,784.4,0.3
2026-09-25T19:54:56Z,2026-12-25,91,84000.0,C,0.079,0.0805,0.0799,85031.65,84001.12,0.3736,0.56302,2e-05,166.80628,1255.3,12.9
2026-09-25T19:54:56Z,2026-12-25,91,84000.0,P,0.067,0.0685,0.0678,85031.65,84001.12,0.3736,-0.43698,2e-05,166.80628,145.0,13.2
2026-09-25T19:54:56Z,2026-12-25,91,85000.0,C,0.0735,0.0745,0.0742,85028.69,84001.12,0.37310000000000004,0.53772,3e-05,168.15672,3089.3,77.8
2026-09-25T19:54:56Z,2026-12-25,91,85000.0,P,0.073,0.0745,0.0738,85031.65,84001.12,0.37310000000000004,-0.4622,3e-05,168.15959,554.9,3.7
2026-09-25T19:54:56Z,2026-12-25,91,86000.0,C,0.068,0.0695,0.0688,85031.75,84001.12,0.3726,0.51267,3e-05,168.83343,507.3,41.2
2026-09-25T19:54:56Z,2026-12-25,91,86000.0,P,0.0795,0.0805,0.0802,85031.65,84001.12,0.3726,-0.48734,3e-05,168.83326,77.2,0.0
2026-09-25T19:54:56Z,2026-12-25,91,88000.0,C,0.0585,0.0595,0.059,85031.65,84001.12,0.3724,0.46321,3e-05,168.1996,3838.5,3.1
2026-09-25T19:54:56Z,2026-12-25,91,88000.0,P,0.093,0.0945,0.0939,85031.65,84001.12,0.3724,-0.53679,3e-05,168.1996,142.1,2.8
2026-09-25T19:54:56Z,2026-12-25,91,90000.0,C,0.0495,0.051,0.0503,85031.75,84001.12,0.3725,0.4155,2e-05,165.1152,3797.7,33.0
2026-09-25T19:54:56Z,2026-12-25,91,90000.0,P,0.108,0.1095,0.1088,85028.69,84001.12,0.3725,-0.58457,2e-05,165.10242,606.6,1.6
2026-09-25T19:54:56Z,2026-12-25,91,92000.0,C,0.0425,0.0435,0.0429,85031.75,84001.12,0.37329999999999997,0.37038,2e-05,159.92233,781.9,100.0
2026-09-25T19:54:56Z,2026-12-25,91,92000.0,P,0.1235,0.1265,0.1249,85031.65,84001.12,0.37329999999999997,-0.62962,2e-05,159.9218,16.6,0.0
2026-09-25T19:54:56Z,2026-12-25,91,94000.0,C,0.036,0.037,0.0365,85031.75,84001.12,0.37450000000000006,0.32835,2e-05,153.03045,633.0,4.5
2026-09-25T19:54:56Z,2026-12-25,91,94000.0,P,0.14,0.1435,0.142,85031.65,84001.12,0.37450000000000006,-0.67165,2e-05,153.02984,5.9,0.6
2026-09-25T19:54:56Z,2026-12-25,91,95000.0,C,0.033,0.034,0.0335,85033.27,84001.12,0.3747,0.30827,2e-05,149.01604,1526.6,5.4
2026-09-25T19:54:56Z,2026-12-25,91,95000.0,P,0.15,0.1525,0.1507,85033.27,84001.12,0.3747,-0.69173,2e-05,149.01604,142.7,0.1
2026-09-25T19:54:56Z,2026-12-25,91,96000.0,C,0.0305,0.0315,0.0309,85033.27,84001.12,0.376,0.28968,2e-05,144.86411,1567.6,88.6
2026-09-25T19:54:56Z,2026-12-25,91,96000.0,P,0.1575,0.162,0.1599,85031.75,84001.12,0.376,-0.71035,2e-05,144.85386,50.8,0.5
2026-09-25T19:54:56Z,2026-12-25,91,98000.0,C,0.0255,0.0265,0.026,85033.27,84001.12,0.3765,0.25356,2e-05,135.56048,355.7,18.9
2026-09-25T19:54:56Z,2026-12-25,91,98000.0,P,0.1765,0.1805,0.1785,85033.27,84001.12,0.3765,-0.74644,2e-05,135.56048,2.1,0.0
2026-09-25T19:54:56Z,2026-12-25,91,100000.0,C,0.0215,0.022,0.022,85031.75,84001.12,0.3785,0.22178,2e-05,125.94995,6000.3,128.4
2026-09-25T19:54:56Z,2026-12-25,91,100000.0,P,0.196,0.2005,0.198,85033.27,84001.12,0.3785,-0.77819,2e-05,125.96135,302.9,1.4
2026-09-25T19:54:56Z,2026-12-25,91,102000.0,C,0.018,0.019,0.0186,85033.27,84001.12,0.3804,0.19335,2e-05,116.13681,503.8,1.1
2026-09-25T19:54:56Z,2026-12-25,91,102000.0,P,0.216,0.2205,0.2181,85033.27,84001.12,0.3804,-0.80665,2e-05,116.13681,7.8,0.0
2026-09-25T19:54:56Z,2026-12-25,91,104000.0,C,0.0155,0.0165,0.016,85033.27,84001.12,0.3851,0.17,2e-05,107.14848,165.6,30.9
2026-09-25T19:54:56Z,2026-12-25,91,104000.0,P,0.2365,0.2415,0.2391,85033.27,84001.12,0.3851,-0.83,2e-05,107.14848,0.3,0.0
2026-09-25T19:54:56Z,2026-12-25,91,105000.0,C,0.014,0.015,0.0146,85033.27,84001.12,0.3851,0.15772,1e-05,102.05862,994.2,100.0
2026-09-25T19:54:56Z,2026-12-25,91,105000.0,P,0.247,0.252,0.2494,85033.27,84001.12,0.3851,-0.84228,1e-05,102.05862,107.5,2.0
2026-09-25T19:54:56Z,2026-12-25,91,106000.0,C,0.013,0.014,0.0135,85031.75,84001.12,0.387,0.14746,1e-05,97.60316,614.3,10.5
2026-09-25T19:54:56Z,2026-12-25,91,106000.0,P,0.2575,0.2625,0.2601,85031.75,84001.12,0.387,-0.85254,1e-05,97.60316,0.2,0.0
2026-09-25T19:54:56Z,2026-12-25,91,108000.0,C,0.011,0.012,0.0115,85033.27,84001.12,0.39020000000000005,0.12856,1e-05,88.88596,195.0,37.0
2026-09-25T19:54:56Z,2026-12-25,91,108000.0,P,0.279,0.284,0.2816,85031.75,84001.12,0.39020000000000005,-0.87146,1e-05,88.87511,0.1,0.0
2026-09-25T19:54:56Z,2026-12-25,91,110000.0,C,0.0095,0.0105,0.01,85033.27,84001.12,0.3954,0.1133,1e-05,81.31821,2978.4,121.4
2026-09-25T19:54:56Z,2026-12-25,91,110000.0,P,0.301,0.306,0.3036,85031.75,84001.12,0.3954,-0.88672,1e-05,81.30783,81.6,2.2
2026-09-25T19:54:56Z,2026-12-25,91,115000.0,C,0.0065,0.0075,0.007,85032.56,84001.12,0.40630000000000005,0.0821,1e-05,64.1909,2306.1,108.5
2026-09-25T19:54:56Z,2026-12-25,91,115000.0,P,0.3565,0.362,0.3594,85032.56,84001.12,0.40630000000000005,-0.9179,1e-05,64.1909,5.0,0.0
2026-09-25T19:54:56Z,2026-12-25,91,120000.0,C,0.0048,0.0055,0.0051,85032.56,84001.12,0.42,0.06149,1e-05,51.41311,5781.8,0.2
2026-09-25T19:54:56Z,2026-12-25,91,120000.0,P,0.4135,0.419,0.4164,85032.56,84001.12,0.42,-0.93851,1e-05,51.41311,35.8,1.0
2026-09-25T19:54:56Z,2026-12-25,91,125000.0,C,0.0035,0.004,0.0038,85032.56,84001.12,0.43119999999999997,0.04579,1e-05,40.70015,496.9,0.0
2026-09-25T19:54:56Z,2026-12-25,91,125000.0,P,0.471,0.477,0.4738,85032.56,84001.12,0.43119999999999997,-0.95421,1e-05,40.70015,9.3,5.4
2026-09-25T19:54:56Z,2026-12-25,91,130000.0,C,0.0027,0.0032,0.0029,85032.56,84001.12,0.4456,0.03576,0.0,33.29549,1562.3,6.9
2026-09-25T19:54:56Z,2026-12-25,91,130000.0,P,0.5285,0.535,0.5317,85032.56,84001.12,0.4456,-0.96424,0.0,33.29549,57.0,0.0
2026-09-25T19:54:56Z,2026-12-25,91,135000.0,C,0.0022,0.0025,0.0024,85032.56,84001.12,0.4612,0.02887,0.0,27.90383,1424.9,7.6
2026-09-25T19:54:56Z,2026-12-25,91,135000.0,P,0.587,0.5935,0.59,85032.56,84001.12,0.4612,-0.97113,0.0,27.90383,0.7,0.0
2026-09-25T19:54:56Z,2026-12-25,91,140000.0,C,0.0016,0.0021,0.0018,85033.41,84001.12,0.4727,0.02271,0.0,22.8253,1418.4,2.4
2026-09-25T19:54:56Z,2026-12-25,91,140000.0,P,0.645,0.652,0.6483,85032.56,84001.12,0.4727,-0.97729,0.0,22.82313,0.3,0.0
2026-09-25T19:54:56Z,2026-12-25,91,150000.0,C,0.0011,0.0015,0.0013,85032.56,84001.12,0.5004,0.01565,0.0,16.62993,1710.3,0.1
2026-09-25T19:54:56Z,2026-12-25,91,150000.0,P,0.762,0.769,0.7653,85033.41,84001.12,0.5004,-0.98435,0.0,16.63153,4.4,0.0
2026-09-25T19:54:56Z,2026-12-25,91,160000.0,C,0.0008,0.0012,0.001,85032.56,84001.12,0.5288,0.01164,0.0,12.87768,1280.8,0.0
2026-09-25T19:54:56Z,2026-12-25,91,160000.0,P,0.879,0.8865,0.8826,85032.56,84001.12,0.5288,-0.98836,0.0,12.87768,0.1,0.0
2026-09-25T19:54:56Z,2026-12-25,91,170000.0,C,0.0006,0.0009,0.0007,85033.41,84001.12,0.5532,0.00872,0.0,10.01213,2018.4,1.0
2026-09-25T19:54:56Z,2026-12-25,91,170000.0,P,0.996,1.0095,1.0,85033.17,84001.12,0.5532,-0.99128,0.0,10.01185,0.1,0.0
2026-09-25T19:54:56Z,2026-12-25,91,180000.0,C,0.0004,0.0007,0.0005,85033.17,84001.12,0.5684,0.00607,0.0,7.27278,934.3,0.0
2026-09-25T19:54:56Z,2026-12-25,91,180000.0,P,1.1085,1.128,1.1173,85032.53,84001.12,0.5684,-0.99393,0.0,7.27224,0.1,0.0
2026-09-25T19:54:56Z,2026-12-25,91,190000.0,C,0.0003,0.0006,0.0004,85033.17,84001.12,0.5906,0.00485,0.0,5.95366,1026.9,0.0
2026-09-25T19:54:56Z,2026-12-25,91,190000.0,P,1.2255,1.2445,1.2349,85033.17,84001.12,0.5906,-0.99515,0.0,5.95366,0.0,0.0
2026-09-25T19:54:56Z,2026-12-25,91,200000.0,C,0.0002,0.0005,0.0003,85032.53,84001.12,0.6087,0.00379,0.0,4.77821,961.2,0.0
2026-09-25T19:54:56Z,2026-12-25,91,200000.0,P,1.344,1.365,1.3524,85032.53,84001.12,0.6087,-0.99621,0.0,4.77821,0.0,0.0
2026-09-25T19:54:56Z,2026-12-25,91,210000.0,C,0.0002,0.0005,0.0003,85033.17,84001.12,0.6341,0.00341,0.0,4.34781,162.3,0.0
2026-09-25T19:54:56Z,2026-12-25,91,210000.0,P,1.4585,1.482,1.4699,85032.53,84001.12,0.6341,-0.99659,0.0,4.34749,0.0,0.0
2026-09-25T19:54:56Z,2026-12-25,91,220000.0,C,0.0001,0.0004,0.0002,85032.53,84001.12,0.6414,0.00243,0.0,3.20021,252.7,0.0
2026-09-25T19:54:56Z,2026-12-25,91,220000.0,P,1.5765,1.6015,1.5875,85033.17,84001.12,0.6414,-0.99757,0.0,3.20045,0.0,0.0
2026-09-25T19:54:56Z,2026-12-25,91,230000.0,C,0.0001,0.0004,0.0002,85033.17,84001.12,0.6675,0.00235,0.0,3.10191,190.5,0.1
2026-09-25T19:54:56Z,2026-12-25,91,230000.0,P,1.692,1.719,1.7051,85033.17,84001.12,0.6675,-0.99765,0.0,3.10191,0.0,0.0
2026-09-25T19:54:56Z,2026-12-25,91,240000.0,C,0.0001,0.0004,0.0002,85033.17,84001.12,0.6923,0.00227,0.0,3.01508,784.7,2.0
2026-09-25T19:54:56Z,2026-12-25,91,240000.0,P,1.8085,1.837,1.8227,85033.17,84001.12,0.6923,-0.99773,0.0,3.01508,0.0,0.0
2026-09-25T19:54:56Z,2026-12-25,91,250000.0,C,0.0001,0.0002,0.0002,85033.17,84001.12,0.7056,0.0019,0.0,2.56547,1281.8,0.0
2026-09-25T19:54:56Z,2026-12-25,91,250000.0,P,1.929,1.9555,1.9402,85033.17,84001.12,0.7056,-0.9981,0.0,2.56547,10.0,0.0
2026-09-25T19:54:56Z,2027-03-26,182,35000.0,C,0.5945,0.5965,0.5957,86066.86,84001.12,0.6382,0.98694,0.0,20.4032,21.8,0.0
2026-09-25T19:54:56Z,2027-03-26,182,35000.0,P,0.0022,0.0026,0.0024,86067.5,84001.12,0.6382,-0.01306,0.0,20.4026,605.4,0.5
2026-09-25T19:54:56Z,2027-03-26,182,40000.0,C,0.5375,0.5395,0.5384,86067.5,84001.12,0.5775,0.98147,0.0,27.5381,82.1,0.0
2026-09-25T19:54:56Z,2027-03-26,182,40000.0,P,0.0031,0.0034,0.0032,86067.3,84001.12,0.5775,-0.01853,0.0,27.53851,1905.4,0.3
2026-09-25T19:54:56Z,2027-03-26,182,45000.0,C,0.4805,0.4825,0.4818,86067.3,84001.12,0.5328,0.97217,0.0,38.79608,4.8,0.0
2026-09-25T19:54:56Z,2027-03-26,182,45000.0,P,0.0043,0.0049,0.0046,86067.3,84001.12,0.5328,-0.02783,0.0,38.79608,251.5,0.0
2026-09-25T19:54:56Z,2027-03-26,182,50000.0,C,0.4245,0.4275,0.426,86067.3,84001.12,0.4976,0.95759,0.0,54.84366,21.6,0.0
2026-09-25T19:54:56Z,2027-03-26,182,50000.0,P,0.0065,0.0075,0.0069,86067.3,84001.12,0.4976,-0.04241,0.0,54.84366,2334.0,0.0
2026-09-25T19:54:56Z,2027-03-26,182,52000.0,C,0.402,0.4055,0.4038,86067.3,84001.12,0.48219999999999996,0.95072,0.0,61.87007,6.0,0.0
2026-09-25T19:54:56Z,2027-03-26,182,52000.0,P,0.0075,0.0085,0.008,86067.3,84001.12,0.48219999999999996,-0.04928,0.0,61.87007,122.2,0.2
2026-09-25T19:54:56Z,2027-03-26,182,54000.0,C,0.3805,0.3835,0.382,86067.5,84001.12,0.4706,0.94187,0.0,70.52369,0.1,0.0
2026-09-25T19:54:56Z,2027-03-26,182,54000.0,P,0.009,0.01,0.0094,86067.3,84001.12,0.4706,-0.05813,0.0,70.5243,85.5,0.0
2026-09-25T19:54:56Z,2027-03-26,182,55000.0,C,0.3695,0.373,0.371,86067.3,84001.12,0.462,0.9379,0.0,74.27192,29.5,0.0
2026-09-25T19:54:56Z,2027-03-26,182,55000.0,P,0.01,0.0105,0.01,86067.3,84001.12,0.462,-0.0621,0.0,74.27192,1263.1,0.0
2026-09-25T19:54:56Z,2027-03-26,182,56000.0,C,0.3585,0.362,0.3603,86067.3,84001.12,0.4578,0.93224,0.0,79.46911,14.4,0.0
2026-09-25T19:54:56Z,2027-03-26,182,56000.0,P,0.0105,0.0115,0.011,86067.3,84001.12,0.4578,-0.06776,0.0,79.46911,131.9,0.1
2026-09-25T19:54:56Z,2027-03-26,182,58000.0,C,0.337,0.3405,0.3391,86067.3,84001.12,0.4476,0.92046,1e-05,89.83483,4.3,0.0
2026-09-25T19:54:56Z,2027-03-26,182,58000.0,P,0.0125,0.0135,0.013,86067.3,84001.12,0.4476,-0.07954,1e-05,89.83483,137.8,0.0
2026-09-25T19:54:56Z,2027-03-26,182,60000.0,C,0.316,0.32,0.3181,86067.3,84001.12,0.4372,0.90732,1e-05,100.72724,647.9,0.0
2026-09-25T19:54:56Z,2027-03-26,182,60000.0,P,0.015,0.016,0.0152,86067.3,84001.12,0.4372,-0.09268,1e-05,100.72724,810.2,0.0
2026-09-25T19:54:56Z,2027-03-26,182,62000.0,C,0.2955,0.2995,0.2976,86067.3,84001.12,0.4286,0.89184,1e-05,112.74813,52.3,0.0
2026-09-25T19:54:56Z,2027-03-26,182,62000.0,P,0.0175,0.0185,0.018,86067.2,84001.12,0.4286,-0.10816,1e-05,112.74858,241.8,0.0
2026-09-25T19:54:56Z,2027-03-26,182,64000.0,C,0.2755,0.2795,0.2774,86067.2,84001.12,0.4194,0.87483,1e-05,125.05727,137.9,0.0
2026-09-25T19:54:56Z,2027-03-26,182,64000.0,P,0.0205,0.0215,0.021,86067.2,84001.12,0.4194,-0.12517,1e-05,125.05727,125.1,0.0
2026-09-25T19:54:56Z,2027-03-26,182,65000.0,C,0.266,0.2695,0.2678,86067.2,84001.12,0.4167,0.86485,1e-05,131.87333,229.7,0.0
2026-09-25T19:54:56Z,2027-03-26,182,65000.0,P,0.0225,0.0235,0.023,86067.2,84001.12,0.4167,-0.13515,1e-05,131.87333,891.9,52.0
2026-09-25T19:54:56Z,2027-03-26,182,66000.0,C,0.256,0.26,0.2581,86067.2,84001.12,0.41340000000000005,0.8546,1e-05,138.59017,23.9,0.0
2026-09-25T19:54:56Z,2027-03-26,182,66000.0,P,0.0245,0.0255,0.025,86067.2,84001.12,0.41340000000000005,-0.1454,1e-05,138.59017,100.4,1.0
2026-09-25T19:54:56Z,2027-03-26,182,68000.0,C,0.2375,0.241,0.2394,86067.2,84001.12,0.40759999999999996,0.83233,1e-05,152.23064,190.9,0.0
2026-09-25T19:54:56Z,2027-03-26,182,68000.0,P,0.029,0.03,0.0295,86067.2,84001.12,0.40759999999999996,-0.16767,1e-05,152.23064,550.8,251.3
2026-09-25T19:54:56Z,2027-03-26,182,70000.0,C,0.2195,0.223,0.2212,86067.2,84001.12,0.40149999999999997,0.80822,1e-05,165.64108,771.0,0.0
2026-09-25T19:54:56Z,2027-03-26,182,70000.0,P,0.034,0.035,0.0345,86067.23,84001.12,0.40149999999999997,-0.19178,1e-05,165.64096,493.9,0.0
2026-09-25T19:54:56Z,2027-03-26,182,72000.0,C,0.202,0.206,0.2039,86067.2,84001.12,0.3972,0.7815,1e-05,179.00201,88.9,0.0
2026-09-25T19:54:56Z,2027-03-26,182,72000.0,P,0.04,0.041,0.0404,86067.2,84001.12,0.3972,-0.2185,1e-05,179.00201,186.9,24.0
2026-09-25T19:54:56Z,2027-03-26,182,74000.0,C,0.186,0.1895,0.1874,86067.2,84001.12,0.3932,0.75283,1e-05,191.70071,66.8,0.0
2026-09-25T19:54:56Z,2027-03-26,182,74000.0,P,0.0465,0.048,0.0472,86067.2,84001.12,0.3932,-0.24717,1e-05,191.70071,200.0,0.1
2026-09-25T19:54:56Z,2027-03-26,182,75000.0,C,0.178,0.1815,0.1794,86067.23,84001.12,0.39130000000000004,0.73786,1e-05,197.69545,0.0,0.0
2026-09-25T19:54:56Z,2027-03-26,182,75000.0,P,0.05,0.0515,0.0508,86067.2,84001.12,0.39130000000000004,-0.26214,1e-05,197.69554,16.6,0.1
2026-09-25T19:54:56Z,2027-03-26,182,76000.0,C,0.17,0.1735,0.1717,86067.2,84001.12,0.3898,0.7224,1e-05,203.44918,541.7,0.0
2026-09-25T19:54:56Z,2027-03-26,182,76000.0,P,0.054,0.0555,0.0547,86067.2,84001.12,0.3898,-0.2776,1e-05,203.44918,575.2,15.8
2026-09-25T19:54:56Z,2027-03-26,182,78000.0,C,0.156,0.158,0.157,86067.2,84001.12,0.3873,0.69037,2e-05,214.00578,647.6,0.0
2026-09-25T19:54:56Z,2027-03-26,182,78000.0,P,0.0625,0.064,0.0633,86067.38,84001.12,0.3873,-0.30962,1e-05,214.0054,344.6,13.5
2026-09-25T19:54:56Z,2027-03-26,182,80000.0,C,0.1425,0.144,0.1433,86067.38,84001.12,0.38539999999999996,0.65721,2e-05,223.07477,1098.8,0.0
2026-09-25T19:54:56Z,2027-03-26,182,80000.0,P,0.072,0.0735,0.0728,86067.38,84001.12,0.38539999999999996,-0.34279,2e-05,223.07477,227.0,1.1
2026-09-25T19:54:56Z,2027-03-26,182,82000.0,C,0.1295,0.1315,0.1305,86067.38,84001.12,0.38409999999999994,0.6233,2e-05,230.46886,1226.4,37.5
2026-09-25T19:54:56Z,2027-03-26,182,82000.0,P,0.0825,0.084,0.0832,86067.38,84001.12,0.38409999999999994,-0.3767,2e-05,230.46886,47.4,1.0
2026-09-25T19:54:56Z,2027-03-26,182,84000.0,C,0.1175,0.119,0.1185,86067.38,84001.12,0.3829,0.58903,2e-05,236.07274,285.9,4.4
2026-09-25T19:54:56Z,2027-03-26,182,84000.0,P,0.094,0.095,0.0945,86067.2,84001.12,0.3829,-0.41097,2e-05,236.07266,410.4,34.8
2026-09-25T19:54:56Z,2027-03-26,182,85000.0,C,0.112,0.1135,0.1129,86067.38,84001.12,0.3825,0.57187,2e-05,238.1877,363.6,4.8
2026-09-25T19:54:56Z,2027-03-26,182,85000.0,P,0.1,0.101,0.1005,86067.38,84001.12,0.3825,-0.42813,2e-05,238.1877,14.5,0.0
2026-09-25T19:54:56Z,2027-03-26,182,86000.0,C,0.1065,0.108,0.1075,86067.38,84001.12,0.3821,0.55473,2e-05,239.84536,363.9,13.5
2026-09-25T19:54:56Z,2027-03-26,182,86000.0,P,0.106,0.1075,0.1067,86067.38,84001.12,0.3821,-0.44527,2e-05,239.84536,28.4,1.0
2026-09-25T19:54:56Z,2027-03-26,182,88000.0,C,0.0965,0.098,0.0974,86067.2,84001.12,0.38159999999999994,0.52075,2e-05,241.79937,117.1,1.4
2026-09-25T19:54:56Z,2027-03-26,182,88000.0,P,0.119,0.1205,0.1198,86067.2,84001.12,0.38159999999999994,-0.47925,2e-05,241.79937,63.9,0.1
2026-09-25T19:54:56Z,2027-03-26,182,90000.0,C,0.0875,0.0885,0.0881,86067.38,84001.12,0.3815,0.48739,2e-05,242.00645,721.5,2.9
2026-09-25T19:54:56Z,2027-03-26,182,90000.0,P,0.133,0.1345,0.1338,86067.2,84001.12,0.3815,-0.51261,2e-05,242.00588,44.8,0.0
2026-09-25T19:54:56Z,2027-03-26,182,92000.0,C,0.079,0.08,0.0796,86067.38,84001.12,0.38170000000000004,0.45498,2e-05,240.58408,417.8,1.4
2026-09-25T19:54:56Z,2027-03-26,182,92000.0,P,0.148,0.1495,0.1486,86067.38,84001.12,0.38170000000000004,-0.54502,2e-05,240.58408,5.6,2.8
2026-09-25T19:54:56Z,2027-03-26,182,94000.0,C,0.071,0.0725,0.0718,86068.04,84001.12,0.38170000000000004,0.42353,2e-05,237.66674,184.1,2.4
2026-09-25T19:54:56Z,2027-03-26,182,94000.0,P,0.1635,0.165,0.164,86068.04,84001.12,0.38170000000000004,-0.57647,2e-05,237.66674,24.4,0.0
2026-09-25T19:54:56Z,2027-03-26,182,95000.0,C,0.0675,0.069,0.0683,86068.04,84001.12,0.3822,0.40844,2e-05,235.72369,433.3,0.0
2026-09-25T19:54:56Z,2027-03-26,182,95000.0,P,0.1715,0.173,0.1721,86067.38,84001.12,0.3822,-0.59157,2e-05,235.72033,9.3,2.3
2026-09-25T19:54:56Z,2027-03-26,182,96000.0,C,0.064,0.0655,0.0648,86068.04,84001.12,0.3823,0.39344,2e-05,233.4403,166.5,8.6
2026-09-25T19:54:56Z,2027-03-26,182,96000.0,P,0.1785,0.182,0.1802,86068.04,84001.12,0.3823,-0.60656,2e-05,233.4403,4.4,1.4
2026-09-25T19:54:56Z,2027-03-26,182,98000.0,C,0.058,0.059,0.0585,86068.04,84001.12,0.3831,0.36488,2e-05,228.10561,214.8,6.8
2026-09-25T19:54:56Z,2027-03-26,182,98000.0,P,0.195,0.199,0.1971,86068.04,84001.12,0.3831,-0.63512,2e-05,228.10561,1.6,0.0
2026-09-25T19:54:56Z,2027-03-26,182,100000.0,C,0.052,0.0535,0.0528,86068.04,84001.12,0.38420000000000004,0.33784,2e-05,221.83965,1286.2,21.0
2026-09-25T19:54:56Z,2027-03-26,182,100000.0,P,0.2125,0.2165,0.2147,86067.38,84001.12,0.38420000000000004,-0.66217,2e-05,221.83532,12.7,0.0
2026-09-25T19:54:56Z,2027-03-26,182,102000.0,C,0.047,0.048,0.0476,86068.04,84001.12,0.38530000000000003,0.31231,2e-05,214.81203,113.6,0.0
2026-09-25T19:54:56Z,2027-03-26,182,102000.0,P,0.2305,0.235,0.2328,86068.04,84001.12,0.38530000000000003,-0.68769,2e-05,214.81203,0.1,0.0
2026-09-25T19:54:56Z,2027-03-26,182,104000.0,C,0.0425,0.0435,0.043,86068.04,84001.12,0.38659999999999994,0.28843,1e-05,207.22292,136.9,4.3
2026-09-25T19:54:56Z,2027-03-26,182,104000.0,P,0.249,0.2545,0.2514,86068.04,84001.12,0.38659999999999994,-0.71157,1e-05,207.22292,0.1,0.0
2026-09-25T19:54:56Z,2027-03-26,182,105000.0,C,0.04,0.0415,0.0408,86068.04,84001.12,0.387,0.27692,1e-05,203.20724,246.0,26.6
2026-09-25T19:54:56Z,2027-03-26,182,105000.0,P,0.2585,0.264,0.2608,86068.04,84001.12,0.387,-0.72308,1e-05,203.20724,2.4,0.0
2026-09-25T19:54:56Z,2027-03-26,182,106000.0,C,0.038,0.0395,0.0388,86068.04,84001.12,0.38789999999999997,0.26604,1e-05,199.19231,83.6,4.5
2026-09-25T19:54:56Z,2027-03-26,182,106000.0,P,0.268,0.2735,0.2704,86068.04,84001.12,0.38789999999999997,-0.73396,1e-05,199.19231,0.1,0.0
2026-09-25T19:54:56Z,2027-03-26,182,108000.0,C,0.0345,0.0355,0.0351,86068.04,84001.12,0.3895,0.24538,1e-05,190.95377,97.5,2.9
2026-09-25T19:54:56Z,2027-03-26,182,108000.0,P,0.2875,0.293,0.2899,86068.04,84001.12,0.3895,-0.75462,1e-05,190.95377,0.1,0.0
2026-09-25T19:54:56Z,2027-03-26,182,110000.0,C,0.031,0.0325,0.0318,86068.56,84001.12,0.3914,0.22639,1e-05,182.6602,1178.1,114.0
2026-09-25T19:54:56Z,2027-03-26,182,110000.0,P,0.307,0.313,0.3099,86068.56,84001.12,0.3914,-0.77361,1e-05,182.6602,5.1,0.0
2026-09-25T19:54:56Z,2027-03-26,182,112000.0,C,0.028,0.0295,0.0288,86068.56,84001.12,0.3933,0.20868,1e-05,174.26987,99.2,9.4
2026-09-25T19:54:56Z,2027-03-26,182,112000.0,P,0.3275,0.3335,0.3301,86068.56,84001.12,0.3933,-0.79132,1e-05,174.26987,0.1,0.0
2026-09-25T19:54:56Z,2027-03-26,182,115000.0,C,0.0245,0.0255,0.025,86068.56,84001.12,0.3967,0.18509,1e-05,162.0571,695.5,0.0
2026-09-25T19:54:56Z,2027-03-26,182,115000.0,P,0.358,0.3645,0.3611,86068.56,84001.12,0.3967,-0.81491,1e-05,162.0571,3.0,0.0
2026-09-25T19:54:56Z,2027-03-26,182,120000.0,C,0.019,0.0205,0.0198,86068.56,84001.12,0.40270000000000006,0.15188,1e-05,142.68912,840.9,85.0
2026-09-25T19:54:56Z,2027-03-26,182,120000.0,P,0.411,0.4175,0.4141,86068.04,84001.12,0.40270000000000006,-0.84813,1e-05,142.68513,9.9,0.0
2026-09-25T19:54:56Z,2027-03-26,182,125000.0,C,0.0155,0.0165,0.016,86068.56,84001.12,0.4096,0.12558,1e-05,125.34466,424.0,55.4
2026-09-25T19:54:56Z,2027-03-26,182,125000.0,P,0.465,0.4715,0.4684,86068.56,84001.12,0.4096,-0.87442,1e-05,125.34466,0.1,0.0
2026-09-25T19:54:56Z,2027-03-26,182,130000.0,C,0.0125,0.0135,0.013,86068.56,84001.12,0.4164,0.10426,1e-05,109.7962,1189.2,15.4
2026-09-25T19:54:56Z,2027-03-26,182,130000.0,P,0.52,0.527,0.5234,86068.56,84001.12,0.4164,-0.89574,1e-05,109.7962,0.5,0.2
2026-09-25T19:54:56Z,2027-03-26,182,140000.0,C,0.0085,0.0095,0.009,86068.56,84001.12,0.4318,0.07416,1e-05,85.1833,905.3,17.2
2026-09-25T19:54:56Z,2027-03-26,182,140000.0,P,0.6315,0.639,0.6356,86068.56,84001.12,0.4318,-0.92584,1e-05,85.1833,10.9,0.0
2026-09-25T19:54:56Z,2027-03-26,182,150000.0,C,0.006,0.007,0.0065,86068.56,84001.12,0.4473,0.05444,0.0,66.97098,1868.8,94.2
2026-09-25T19:54:56Z,2027-03-26,182,150000.0,P,0.745,0.753,0.7493,86068.04,84001.12,0.4473,-0.94556,0.0,66.96852,0.6,0.0
2026-09-25T19:54:56Z,2027-03-26,182,160000.0,C,0.0048,0.0055,0.0051,86068.56,84001.12,0.4667,0.04279,0.0,55.23599,1034.3,0.0
2026-09-25T19:54:56Z,2027-03-26,182,160000.0,P,0.8595,0.868,0.8641,86068.04,84001.12,0.4667,-0.95721,0.0,55.23392,0.1,0.0
2026-09-25T19:54:56Z,2027-03-26,182,170000.0,C,0.004,0.0043,0.0041,86068.56,84001.12,0.4851,0.03446,0.0,46.3032,998.4,1.5
2026-09-25T19:54:56Z,2027-03-26,182,170000.0,P,0.9745,0.9835,0.9793,86068.87,84001.12,0.4851,-0.96554,0.0,46.30462,0.2,0.0
2026-09-25T19:54:56Z,2027-03-26,182,180000.0,C,0.003,0.0036,0.0033,86068.87,84001.12,0.4993,0.02746,0.0,38.36245,649.0,0.0
2026-09-25T19:54:56Z,2027-03-26,182,180000.0,P,1.083,1.1095,1.0947,86068.87,84001.12,0.4993,-0.97254,0.0,38.36245,0.1,0.0
2026-09-25T19:54:56Z,2027-03-26,182,190000.0,C,0.0027,0.0031,0.0029,86068.87,84001.12,0.5188,0.02376,0.0,33.98618,671.4,2.0
2026-09-25T19:54:56Z,2027-03-26,182,190000.0,P,1.1995,1.2255,1.2105,86068.87,84001.12,0.5188,-0.97624,0.0,33.98618,0.9,0.0
2026-09-25T19:54:56Z,2027-03-26,182,200000.0,C,0.002,0.0025,0.0023,86068.87,84001.12,0.5276,0.01876,0.0,27.8285,483.5,0.1
2026-09-25T19:54:56Z,2027-03-26,182,200000.0,P,1.3125,1.342,1.326,86068.87,84001.12,0.5276,-0.98124,0.0,27.8285,1.0,0.0
2026-09-25T19:54:56Z,2027-06-25,273,30000.0,C,0.6575,0.6595,0.6587,87193.76,84001.12,0.623,0.98781,0.0,23.8558,87.2,0.0
2026-09-25T19:54:56Z,2027-06-25,273,30000.0,P,0.0024,0.0031,0.0027,87193.76,84001.12,0.623,-0.01219,0.0,23.8558,334.3,0.0
2026-09-25T19:54:56Z,2027-06-25,273,40000.0,C,0.5455,0.548,0.547,87194.07,84001.12,0.5334,0.97266,0.0,47.46004,19.1,0.0
2026-09-25T19:54:56Z,2027-06-25,273,40000.0,P,0.005,0.0065,0.0057,87193.76,84001.12,0.5334,-0.02735,0.0,47.46057,1218.0,11.9
2026-09-25T19:54:56Z,2027-06-25,273,45000.0,C,0.4905,0.4935,0.4921,87193.76,84001.12,0.4987,0.95999,0.0,64.93802,10.5,5.0
2026-09-25T19:54:56Z,2027-06-25,273,45000.0,P,0.0075,0.009,0.0082,87193.76,84001.12,0.4987,-0.04001,0.0,64.93802,162.6,0.2
2026-09-25T19:54:56Z,2027-06-25,273,50000.0,C,0.4365,0.4405,0.4388,87193.76,84001.12,0.47350000000000003,0.94108,0.0,88.48214,20.2,0.2
2026-09-25T19:54:56Z,2027-06-25,273,50000.0,P,0.0115,0.013,0.0122,87193.76,84001.12,0.47350000000000003,-0.05892,0.0,88.48214,344.0,28.2
2026-09-25T19:54:56Z,2027-06-25,273,52000.0,C,0.4155,0.4195,0.4179,87194.07,84001.12,0.46409999999999996,0.93181,0.0,99.13307,1.1,0.0
2026-09-25T19:54:56Z,2027-06-25,273,52000.0,P,0.0135,0.015,0.0142,87194.07,84001.12,0.46409999999999996,-0.06819,0.0,99.13307,53.0,2.0
2026-09-25T19:54:56Z,2027-06-25,273,54000.0,C,0.3945,0.399,0.3969,87193.76,84001.12,0.4531,0.92215,0.0,109.71183,1.0,0.0
2026-09-25T19:54:56Z,2027-06-25,273,54000.0,P,0.0155,0.017,0.0162,87194.07,84001.12,0.4531,-0.07784,0.0,109.7108,50.4,0.0
2026-09-25T19:54:56Z,2027-06-25,273,55000.0,C,0.3845,0.3885,0.387,87193.76,84001.12,0.4508,0.91587,0.0,116.33207,3.7,0.0
2026-09-25T19:54:56Z,2027-06-25,273,55000.0,P,0.017,0.0185,0.0177,87193.76,84001.12,0.4508,-0.08413,0.0,116.33207,36.8,0.1
2026-09-25T19:54:56Z,2027-06-25,273,56000.0,C,0.3745,0.3785,0.3766,87193.76,84001.12,0.4448,0.91056,0.0,121.77332,3.0,0.0
2026-09-25T19:54:56Z,2027-06-25,273,56000.0,P,0.018,0.0195,0.0188,87194.07,84001.12,0.4448,-0.08943,0.0,121.77224,85.3,0.0
2026-09-25T19:54:56Z,2027-06-25,273,58000.0,C,0.3545,0.3585,0.3566,87193.76,84001.12,0.4375,0.89751,1e-05,134.61148,13.8,0.0
2026-09-25T19:54:56Z,2027-06-25,273,58000.0,P,0.021,0.0225,0.0218,87194.04,84001.12,0.4375,-0.10249,1e-05,134.61013,100.4,0.1
2026-09-25T19:54:56Z,2027-06-25,273,60000.0,C,0.3345,0.339,0.3371,87194.04,84001.12,0.43079999999999996,0.88304,1e-05,147.99842,969.9,0.0
2026-09-25T19:54:56Z,2027-06-25,273,60000.0,P,0.0245,0.026,0.0252,87193.07,84001.12,0.43079999999999996,-0.11696,1e-05,148.00204,242.5,0.6
2026-09-25T19:54:56Z,2027-06-25,273,62000.0,C,0.316,0.32,0.3182,87194.04,84001.12,0.4252,0.86689,1e-05,162.00017,118.0,0.0
2026-09-25T19:54:56Z,2027-06-25,273,62000.0,P,0.0285,0.03,0.0292,87193.07,84001.12,0.4252,-0.13312,1e-05,162.00383,115.3,0.0
2026-09-25T19:54:56Z,2027-06-25,273,64000.0,C,0.2975,0.3005,0.2993,87193.07,84001.12,0.4181,0.85003,1e-05,175.6351,33.5,0.0
2026-09-25T19:54:56Z,2027-06-25,273,64000.0,P,0.0325,0.034,0.0333,87193.07,84001.12,0.4181,-0.14997,1e-05,175.6351,63.9,0.0
2026-09-25T19:54:56Z,2027-06-25,273,65000.0,C,0.288,0.292,0.2903,87194.04,84001.12,0.4158,0.84068,1e-05,182.80282,9.1,0.0
2026-09-25T19:54:56Z,2027-06-25,273,65000.0,P,0.035,0.0365,0.0358,87194.04,84001.12,0.4158,-0.15932,1e-05,182.80282,45.3,0.0
2026-09-25T19:54:56Z,2027-06-25,273,66000.0,C,0.2795,0.2825,0.2814,87193.07,84001.12,0.4132,0.8311,1e-05,189.85875,25.6,0.0
2026-09-25T19:54:56Z,2027-06-25,273,66000.0,P,0.0375,0.039,0.0383,87193.07,84001.12,0.4132,-0.1689,1e-05,189.85875,66.7,0.0
2026-09-25T19:54:56Z,2027-06-25,273,68000.0,C,0.2625,0.2655,0.2643,87193.07,84001.12,0.40990000000000004,0.8103,1e-05,204.24513,14.7,0.0
2026-09-25T19:54:56Z,2027-06-25,273,68000.0,P,0.043,0.045,0.0442,87193.07,84001.12,0.40990000000000004,-0.1897,1e-05,204.24513,19.8,0.0
2026-09-25T19:54:56Z,2027-06-25,273,70000.0,C,0.246,0.2485,0.2474,87194.04,84001.12,0.4054,0.78876,1e-05,217.88122,203.6,0.0
2026-09-25T19:54:56Z,2027-06-25,273,70000.0,P,0.0495,0.051,0.0502,87193.07,84001.12,0.4054,-0.21125,1e-05,217.88434,147.9,2.1
2026-09-25T19:54:56Z,2027-06-25,273,72000.0,C,0.2295,0.2325,0.2315,87194.04,84001.12,0.40240000000000004,0.76563,1e-05,231.1752,87.2,1.0
2026-09-25T19:54:56Z,2027-06-25,273,72000.0,P,0.0565,0.058,0.0572,87193.07,84001.12,0.40240000000000004,-0.23438,1e-05,231.17799,54.1,0.3
2026-09-25T19:54:56Z,2027-06-25,273,74000.0,C,0.2145,0.2175,0.2163,87191.81,84001.12,0.39990000000000003,0.74135,1e-05,243.71384,23.6,0.0
2026-09-25T19:54:56Z,2027-06-25,273,74000.0,P,0.064,0.066,0.065,87191.81,84001.12,0.39990000000000003,-0.25865,1e-05,243.71384,25.2,0.0
2026-09-25T19:54:56Z,2027-06-25,273,76000.0,C,0.2,0.203,0.2018,87192.97,84001.12,0.39770000000000005,0.71622,1e-05,255.25107,73.2,1.0
2026-09-25T19:54:56Z,2027-06-25,273,76000.0,P,0.0725,0.0745,0.0734,87192.97,84001.12,0.39770000000000005,-0.28378,1e-05,255.25107,73.1,0.1
2026-09-25T19:54:56Z,2027-06-25,273,78000.0,C,0.1865,0.189,0.1879,87191.81,84001.12,0.39549999999999996,0.69036,1e-05,265.65293,104.4,0.0
2026-09-25T19:54:56Z,2027-06-25,273,78000.0,P,0.0815,0.0835,0.0825,87192.97,84001.12,0.39549999999999996,-0.30963,1e-05,265.65132,106.5,0.0
2026-09-25T19:54:56Z,2027-06-25,273,80000.0,C,0.1735,0.1755,0.1749,87191.81,84001.12,0.39390000000000003,0.66389,1e-05,274.82116,170.0,0.4
2026-09-25T19:54:56Z,2027-06-25,273,80000.0,P,0.091,0.0935,0.0924,87191.81,84001.12,0.39390000000000003,-0.33611,1e-05,274.82116,55.3,0.0
2026-09-25T19:54:56Z,2027-06-25,273,82000.0,C,0.161,0.1635,0.1624,87191.81,84001.12,0.3921,0.63706,1e-05,282.63953,75.8,0.0
2026-09-25T19:54:56Z,2027-06-25,273,82000.0,P,0.1015,0.104,0.1029,87192.97,84001.12,0.3921,-0.36293,1e-05,282.6394,25.8,0.1
2026-09-25T19:54:56Z,2027-06-25,273,84000.0,C,0.1495,0.1515,0.1507,87191.81,84001.12,0.3908,0.60998,1e-05,289.06029,29.3,0.1
2026-09-25T19:54:56Z,2027-06-25,273,84000.0,P,0.113,0.1155,0.1141,87192.97,84001.12,0.3908,-0.39,1e-05,289.06095,19.3,0.0
2026-09-25T19:54:56Z,2027-06-25,273,85000.0,C,0.144,0.146,0.1451,87191.81,84001.12,0.3901,0.59641,1e-05,291.73549,163.4,0.1
2026-09-25T19:54:56Z,2027-06-25,273,85000.0,P,0.119,0.1215,0.12,87191.81,84001.12,0.3901,-0.40359,1e-05,291.73549,16.5,0.2
2026-09-25T19:54:56Z,2027-06-25,273,86000.0,C,0.1385,0.141,0.1398,87192.97,84001.12,0.3897,0.58289,1e-05,294.04875,44.9,1.0
2026-09-25T19:54:56Z,2027-06-25,273,86000.0,P,0.125,0.1275,0.1261,87191.81,84001.12,0.3897,-0.41713,1e-05,294.04727,2.9,0.1
2026-09-25T19:54:56Z,2027-06-25,273,88000.0,C,0.1285,0.1305,0.1296,87192.97,84001.12,0.3892,0.55596,1e-05,297.59768,33.4,0.6
2026-09-25T19:54:56Z,2027-06-25,273,88000.0,P,0.1375,0.1405,0.1388,87192.97,84001.12,0.3892,-0.44404,1e-05,297.59768,10.1,0.1
2026-09-25T19:54:56Z,2027-06-25,273,90000.0,C,0.119,0.121,0.12,87191.81,84001.12,0.38880000000000003,0.52934,1e-05,299.74266,769.7,0.2
2026-09-25T19:54:56Z,2027-06-25,273,90000.0,P,0.151,0.154,0.1522,87191.83,84001.12,0.38880000000000003,-0.47066,1e-05,299.74271,86.7,13.1
2026-09-25T19:54:56Z,2027-06-25,273,92000.0,C,0.11,0.1125,0.1112,87191.74,84001.12,0.3887,0.50324,1e-05,300.54541,19.3,0.0
2026-09-25T19:54:56Z,2027-06-25,273,92000.0,P,0.165,0.168,0.1663,87191.83,84001.12,0.3887,-0.49676,1e-05,300.54571,0.3,0.0
2026-09-25T19:54:56Z,2027-06-25,273,94000.0,C,0.102,0.104,0.103,87191.83,84001.12,0.3889,0.47777,1e-05,300.08873,29.6,3.3
2026-09-25T19:54:56Z,2027-06-25,273,94000.0,P,0.1795,0.183,0.1811,87191.83,84001.12,0.3889,-0.52223,1e-05,300.08873,0.1,0.0
2026-09-25T19:54:56Z,2027-06-25,273,95000.0,C,0.098,0.1,0.0991,87191.74,84001.12,0.38880000000000003,0.4652,1e-05,299.4108,57.4,12.8
2026-09-25T19:54:56Z,2027-06-25,273,95000.0,P,0.1875,0.1905,0.1886,87191.74,84001.12,0.38880000000000003,-0.5348,1e-05,299.4108,40.2,0.0
2026-09-25T19:54:56Z,2027-06-25,273,96000.0,C,0.0945,0.0965,0.0954,87191.83,84001.12,0.3893,0.45305,1e-05,298.4723,151.5,0.0
2026-09-25T19:54:56Z,2027-06-25,273,96000.0,P,0.195,0.1985,0.1964,87191.74,84001.12,0.3893,-0.54695,1e-05,298.47188,0.1,0.0
2026-09-25T19:54:56Z,2027-06-25,273,98000.0,C,0.0875,0.0895,0.0883,87191.74,84001.12,0.3896,0.42902,1e-05,295.786,118.4,1.5
2026-09-25T19:54:56Z,2027-06-25,273,98000.0,P,0.211,0.2145,0.2123,87191.83,84001.12,0.3896,-0.57098,1e-05,295.78647,0.1,0.0
2026-09-25T19:54:56Z,2027-06-25,273,100000.0,C,0.081,0.0825,0.0818,87191.74,84001.12,0.39,0.40582,1e-05,292.14125,203.8,39.6
2026-09-25T19:54:56Z,2027-06-25,273,100000.0,P,0.227,0.231,0.2286,87191.74,84001.12,0.39,-0.59418,1e-05,292.14125,2.2,0.0
2026-09-25T19:54:56Z,2027-06-25,273,102000.0,C,0.075,0.0765,0.0757,87191.74,84001.12,0.39049999999999996,0.38352,1e-05,287.65236,53.1,4.0
2026-09-25T19:54:56Z,2027-06-25,273,102000.0,P,0.2435,0.248,0.2455,87191.74,84001.12,0.39049999999999996,-0.61648,1e-05,287.65236,0.0,0.0
2026-09-25T19:54:56Z,2027-06-25,273,104000.0,C,0.069,0.071,0.0701,87191.83,84001.12,0.3912,0.3622,1e-05,282.44166,185.8,4.2
2026-09-25T19:54:56Z,2027-06-25,273,104000.0,P,0.261,0.2655,0.2628,87191.83,84001.12,0.3912,-0.6378,1e-05,282.44166,0.0,0.0
2026-09-25T19:54:56Z,2027-06-25,273,105000.0,C,0.0665,0.0685,0.0675,87191.83,84001.12,0.3918,0.35209,1e-05,279.65506,163.5,0.0
2026-09-25T19:54:56Z,2027-06-25,273,105000.0,P,0.2695,0.2745,0.2717,87191.83,84001.12,0.3918,-0.64791,1e-05,279.65506,2.1,0.0
2026-09-25T19:54:56Z,2027-06-25,273,106000.0,C,0.064,0.066,0.065,87191.83,84001.12,0.3923,0.34211,1e-05,276.69658,18.7,0.0
2026-09-25T19:54:56Z,2027-06-25,273,106000.0,P,0.2785,0.2835,0.2807,87191.83,84001.12,0.3923,-0.65789,1e-05,276.69658,0.0,0.0
2026-09-25T19:54:56Z,2027-06-25,273,108000.0,C,0.0595,0.0615,0.0603,87191.76,84001.12,0.3934,0.32285,1e-05,270.41427,35.2,0.0
2026-09-25T19:54:56Z,2027-06-25,273,108000.0,P,0.2965,0.302,0.2989,87191.76,84001.12,0.3934,-0.67715,1e-05,270.41427,0.2,0.0
2026-09-25T19:54:56Z,2027-06-25,273,110000.0,C,0.055,0.057,0.056,87191.83,84001.12,0.3947,0.30471,1e-05,263.78147,293.3,0.6
2026-09-25T19:54:56Z,2027-06-25,273,110000.0,P,0.3155,0.3205,0.3176,87191.76,84001.12,0.3947,-0.69529,1e-05,263.78094,5.3,0.0
2026-09-25T19:54:56Z,2027-06-25,273,112000.0,C,0.051,0.053,0.052,87191.83,84001.12,0.39590000000000003,0.28744,1e-05,256.81061,0.0,0.0
2026-09-25T19:54:56Z,2027-06-25,273,112000.0,P,0.3335,0.34,0.3365,87191.76,84001.12,0.39590000000000003,-0.71256,1e-05,256.81006,0.0,0.0
2026-09-25T19:54:56Z,2027-06-25,273,114000.0,C,0.0475,0.0495,0.0483,87191.76,84001.12,0.3972,0.27106,1e-05,249.58962,6.0,0.0
2026-09-25T19:54:56Z,2027-06-25,273,114000.0,P,0.353,0.3595,0.3558,87191.76,84001.12,0.3972,-0.72894,1e-05,249.58962,0.0,0.0
2026-09-25T19:54:56Z,2027-06-25,273,115000.0,C,0.046,0.0475,0.0468,87191.83,84001.12,0.39840000000000003,0.26364,1e-05,246.1216,149.9,0.0
2026-09-25T19:54:56Z,2027-06-25,273,115000.0,P,0.3625,0.3695,0.3657,87191.76,84001.12,0.39840000000000003,-0.73636,1e-05,246.12104,1.0,1.0
2026-09-25T19:54:56Z,2027-06-25,273,116000.0,C,0.044,0.046,0.0451,87191.76,84001.12,0.39890000000000003,0.25594,1e-05,242.38128,0.0,0.0
2026-09-25T19:54:56Z,2027-06-25,273,116000.0,P,0.3725,0.379,0.3754,87191.76,84001.12,0.39890000000000003,-0.74406,1e-05,242.38128,0.0,0.0
2026-09-25T19:54:56Z,2027-06-25,273,120000.0,C,0.0385,0.04,0.0393,87191.83,84001.12,0.4025,0.22831,1e-05,227.81702,352.4,0.1
2026-09-25T19:54:56Z,2027-06-25,273,120000.0,P,0.412,0.4195,0.4155,87191.83,84001.12,0.4025,-0.77169,1e-05,227.81702,0.9,0.0
2026-09-25T19:54:56Z,2027-06-25,273,125000.0,C,0.0325,0.034,0.0333,87191.83,84001.12,0.40740000000000004,0.1984,1e-05,209.8992,640.0,0.0
2026-09-25T19:54:56Z,2027-06-25,273,125000.0,P,0.4635,0.471,0.4669,87192.48,84001.12,0.40740000000000004,-0.8016,1e-05,209.90453,0.0,0.0
2026-09-25T19:54:56Z,2027-06-25,273,130000.0,C,0.0275,0.029,0.0282,87191.76,84001.12,0.41200000000000003,0.17255,1e-05,192.47028,764.2,0.7
2026-09-25T19:54:56Z,2027-06-25,273,130000.0,P,0.5155,0.5235,0.5192,87191.76,84001.12,0.41200000000000003,-0.82745,1e-05,192.47028,3.9,0.0
2026-09-25T19:54:56Z,2027-06-25,273,135000.0,C,0.0235,0.025,0.0242,87192.48,84001.12,0.4172,0.15093,1e-05,176.37991,0.5,0.0
2026-09-25T19:54:56Z,2027-06-25,273,135000.0,P,0.5685,0.577,0.5726,87192.48,84001.12,0.4172,-0.84907,1e-05,176.37991,0.0,0.0
2026-09-25T19:54:56Z,2027-06-25,273,140000.0,C,0.02,0.0215,0.0208,87192.48,84001.12,0.4218,0.13197,1e-05,161.03609,369.5,52.2
2026-09-25T19:54:56Z,2027-06-25,273,140000.0,P,0.623,0.6315,0.6265,87192.48,84001.12,0.4218,-0.86803,1e-05,161.03609,3.4,0.0
2026-09-25T19:54:56Z,2027-06-25,273,150000.0,C,0.0155,0.017,0.0161,87192.48,84001.12,0.43439999999999995,0.10426,1e-05,136.2921,223.3,6.0
2026-09-25T19:54:56Z,2027-06-25,273,150000.0,P,0.7325,0.7415,0.7365,87191.76,84001.12,0.43439999999999995,-0.89574,1e-05,136.2872,1.1,0.0
2026-09-25T19:54:56Z,2027-06-25,273,160000.0,C,0.012,0.013,0.0125,87192.48,84001.12,0.4445,0.08251,0.0,114.64164,698.3,0.6
2026-09-25T19:54:56Z,2027-06-25,273,160000.0,P,0.843,0.853,0.8475,87192.48,84001.12,0.4445,-0.91749,0.0,114.64164,0.2,0.0
2026-09-25T19:54:56Z,2027-06-25,273,170000.0,C,0.0095,0.011,0.0102,87192.48,84001.12,0.45770000000000005,0.06802,0.0,98.94567,153.0,0.1
2026-09-25T19:54:56Z,2027-06-25,273,170000.0,P,0.9555,0.966,0.96,87192.48,84001.12,0.45770000000000005,-0.93198,0.0,98.94567,14.7,0.0
2026-09-25T19:54:56Z,2027-06-25,273,180000.0,C,0.0075,0.009,0.0082,87191.76,84001.12,0.4671,0.05543,0.0,84.32833,66.7,0.1
2026-09-25T19:54:56Z,2027-06-25,273,180000.0,P,1.0575,1.0935,1.0726,87192.48,84001.12,0.4671,-0.94456,0.0,84.33178,0.0,0.0
2026-09-25T19:54:56Z,2027-06-25,273,190000.0,C,0.006,0.0075,0.0068,87191.76,84001.12,0.4772,0.04619,0.0,72.9214,67.0,0.1
2026-09-25T19:54:56Z,2027-06-25,273,190000.0,P,1.174,1.2085,1.1859,87192.48,84001.12,0.4772,-0.95381,0.0,72.92446,0.6,0.0
2026-09-25T19:54:56Z,2027-06-25,273,200000.0,C,0.005,0.0065,0.0057,87192.48,84001.12,0.48719999999999997,0.03905,0.0,63.66229,59.1,1.2
2026-09-25T19:54:56Z,2027-06-25,273,200000.0,P,1.2845,1.3145,1.2995,87191.76,84001.12,0.48719999999999997,-0.96095,0.0,63.65956,2.1,0.0
2026-09-25T19:54:56Z,2027-09-24,364,50000.0,C,0.448,0.453,0.4512,88291.21,84001.12,0.4593,0.92918,0.0,119.36547,0.0,0.0
2026-09-25T19:54:56Z,2027-09-24,364,50000.0,P,0.0165,0.0185,0.0175,88290.48,84001.12,0.4593,-0.07082,0.0,119.36765,29.2,17.2
2026-09-25T19:54:56Z,2027-09-24,364,60000.0,C,0.3515,0.3565,0.3544,88290.48,84001.12,0.4252,0.8692,1e-05,187.18729,0.0,0.0
2026-09-25T19:54:56Z,2027-09-24,364,60000.0,P,0.033,0.035,0.034,88290.48,84001.12,0.4252,-0.1308,1e-05,187.18729,17.2,1.3
2026-09-25T19:54:56Z,2027-09-24,364,65000.0,C,0.3085,0.313,0.3106,88290.48,84001.12,0.41479999999999995,0.82812,1e-05,224.53976,0.5,0.0
2026-09-25T19:54:56Z,2027-09-24,364,65000.0,P,0.046,0.048,0.0468,88290.88,84001.12,0.41479999999999995,-0.17188,1e-05,224.53879,1.0,0.3
2026-09-25T19:54:56Z,2027-09-24,364,70000.0,C,0.268,0.2725,0.27,88290.88,84001.12,0.406,0.78099,1e-05,260.20884,2.6,0.1
2026-09-25T19:54:56Z,2027-09-24,364,70000.0,P,0.0615,0.064,0.0629,88290.88,84001.12,0.406,-0.21901,1e-05,260.20884,2.7,0.2
2026-09-25T19:54:56Z,2027-09-24,364,72000.0,C,0.2535,0.2575,0.2552,88290.88,84001.12,0.40409999999999996,0.76034,1e-05,273.69503,0.0,0.0
2026-09-25T19:54:56Z,2027-09-24,364,72000.0,P,0.0695,0.072,0.0707,88290.88,84001.12,0.40409999999999996,-0.23966,1e-05,273.69506,1.0,1.0
2026-09-25T19:54:56Z,2027-09-24,364,74000.0,C,0.2395,0.243,0.2405,88290.88,84001.12,0.4014,0.73927,1e-05,286.21203,1.4,0.0
2026-09-25T19:54:56Z,2027-09-24,364,74000.0,P,0.077,0.08,0.0787,88290.88,84001.12,0.4014,-0.26073,1e-05,286.21203,0.0,0.0
2026-09-25T19:54:56Z,2027-09-24,364,76000.0,C,0.226,0.229,0.2269,88291.21,84001.12,0.4,0.7174,1e-05,297.92527,4.3,0.0
2026-09-25T19:54:56Z,2027-09-24,364,76000.0,P,0.086,0.089,0.0877,88290.88,84001.12,0.4,-0.2826,1e-05,297.92576,0.5,0.0
2026-09-25T19:54:56Z,2027-09-24,364,78000.0,C,0.212,0.216,0.2137,88291.21,84001.12,0.3982,0.69517,1e-05,308.55528,11.6,10.6
2026-09-25T19:54:56Z,2027-09-24,364,78000.0,P,0.0955,0.0985,0.0971,88290.88,84001.12,0.3982,-0.30484,1e-05,308.55561,0.0,0.0
2026-09-25T19:54:56Z,2027-09-24,364,80000.0,C,0.1995,0.203,0.2011,88290.88,84001.12,0.3968,0.67257,1e-05,318.08443,0.0,0.0
2026-09-25T19:54:56Z,2027-09-24,364,80000.0,P,0.106,0.1085,0.1072,88290.88,84001.12,0.3968,-0.32743,1e-05,318.08443,0.0,0.0
2026-09-25T19:54:56Z,2027-09-24,364,82000.0,C,0.1875,0.1915,0.1893,88291.21,84001.12,0.396,0.64975,1e-05,326.44279,0.0,0.0
2026-09-25T19:54:56Z,2027-09-24,364,82000.0,P,0.1165,0.1195,0.118,88290.88,84001.12,0.396,-0.35025,1e-05,326.44276,0.1,0.1
2026-09-25T19:54:56Z,2027-09-24,364,84000.0,C,0.1765,0.18,0.1781,88290.88,84001.12,0.3953,0.62686,1e-05,333.58186,1.2,0.5
2026-09-25T19:54:56Z,2027-09-24,364,84000.0,P,0.1275,0.131,0.1295,88290.88,84001.12,0.3953,-0.37314,1e-05,333.58186,0.7,0.7
2026-09-25T19:54:56Z,2027-09-24,364,86000.0,C,0.166,0.1685,0.1674,88290.88,84001.12,0.3946,0.60397,1e-05,339.50047,0.0,0.0
2026-09-25T19:54:56Z,2027-09-24,364,86000.0,P,0.1395,0.143,0.1414,88290.88,84001.12,0.3946,-0.39603,1e-05,339.50047,0.7,0.6
2026-09-25T19:54:56Z,2027-09-24,364,88000.0,C,0.156,0.1585,0.1571,88290.88,84001.12,0.3936,0.58114,1e-05,344.21048,9.4,8.9
2026-09-25T19:54:56Z,2027-09-24,364,88000.0,P,0.152,0.1555,0.1538,88289.03,84001.12,0.3936,-0.41888,1e-05,344.20701,0.5,0.5
2026-09-25T19:54:56Z,2027-09-24,364,90000.0,C,0.1465,0.149,0.1477,88290.88,84001.12,0.3935,0.55864,1e-05,347.70261,6.4,1.3
2026-09-25T19:54:56Z,2027-09-24,364,90000.0,P,0.165,0.1685,0.167,88289.03,84001.12,0.3935,-0.44138,1e-05,347.69806,0.0,0.0
2026-09-25T19:54:56Z,2027-09-24,364,92000.0,C,0.1375,0.1395,0.1387,88289.03,84001.12,0.3932,0.53635,1e-05,350.03885,0.0,0.0
2026-09-25T19:54:56Z,2027-09-24,364,92000.0,P,0.1785,0.1825,0.1807,88289.03,84001.12,0.3932,-0.46365,1e-05,350.03885,0.0,0.0
2026-09-25T19:54:56Z,2027-09-24,364,94000.0,C,0.129,0.131,0.1302,88289.03,84001.12,0.3931,0.51449,1e-05,351.26719,0.0,0.0
2026-09-25T19:54:56Z,2027-09-24,364,94000.0,P,0.1925,0.197,0.1949,88289.03,84001.12,0.3931,-0.48551,1e-05,351.26719,0.0,0.0
2026-09-25T19:54:56Z,2027-09-24,364,96000.0,C,0.121,0.123,0.1222,88289.03,84001.12,0.39299999999999996,0.49306,1e-05,351.44597,0.1,0.1
2026-09-25T19:54:56Z,2027-09-24,364,96000.0,P,0.207,0.212,0.2095,88290.88,84001.12,0.39299999999999996,-0.50692,1e-05,351.45366,0.0,0.0
2026-09-25T19:54:56Z,2027-09-24,364,98000.0,C,0.1135,0.1155,0.1148,88289.03,84001.12,0.3931,0.47214,1e-05,350.64176,0.3,0.0
2026-09-25T19:54:56Z,2027-09-24,364,98000.0,P,0.2225,0.227,0.2247,88289.03,84001.12,0.3931,-0.52786,1e-05,350.64176,0.0,0.0
2026-09-25T19:54:56Z,2027-09-24,364,100000.0,C,0.1065,0.1085,0.1077,88289.03,84001.12,0.3933,0.4518,1e-05,348.93057,0.5,0.3
2026-09-25T19:54:56Z,2027-09-24,364,100000.0,P,0.238,0.2435,0.2404,88289.03,84001.12,0.3933,-0.5482,1e-05,348.93057,0.0,0.0
2026-09-25T19:54:56Z,2027-09-24,364,102000.0,C,0.1,0.102,0.1012,88290.88,84001.12,0.3936,0.43211,1e-05,346.404,1.5,1.1
2026-09-25T19:54:56Z,2027-09-24,364,102000.0,P,0.254,0.2595,0.2565,88290.88,84001.12,0.3936,-0.56789,1e-05,346.404,0.0,0.0
2026-09-25T19:54:56Z,2027-09-24,364,104000.0,C,0.094,0.096,0.0952,88289.03,84001.12,0.3943,0.41315,1e-05,343.13623,0.0,0.0
2026-09-25T19:54:56Z,2027-09-24,364,104000.0,P,0.2695,0.278,0.2731,88290.88,84001.12,0.3943,-0.58683,1e-05,343.14743,0.0,0.0
2026-09-25T19:54:56Z,2027-09-24,364,106000.0,C,0.088,0.09,0.0893,88289.03,84001.12,0.3946,0.39457,1e-05,339.15267,0.1,0.0
2026-09-25T19:54:56Z,2027-09-24,364,106000.0,P,0.2865,0.295,0.2899,88289.03,84001.12,0.3946,-0.60543,1e-05,339.15267,0.0,0.0
2026-09-25T19:54:56Z,2027-09-24,364,108000.0,C,0.083,0.085,0.084,88288.82,84001.12,0.3953,0.37691,1e-05,334.63288,0.0,0.0
2026-09-25T19:54:56Z,2027-09-24,364,108000.0,P,0.3035,0.3125,0.3072,88282.97,84001.12,0.3953,-0.62315,1e-05,334.59308,0.0,0.0
2026-09-25T19:54:56Z,2027-09-24,364,110000.0,C,0.078,0.08,0.079,88282.97,84001.12,0.3961,0.35988,1e-05,329.56705,0.2,0.2
2026-09-25T19:54:56Z,2027-09-24,364,110000.0,P,0.3215,0.3305,0.3249,88282.97,84001.12,0.3961,-0.64012,1e-05,329.56705,0.0,0.0
2026-09-25T19:54:56Z,2027-09-24,364,112000.0,C,0.0735,0.0755,0.0745,88282.97,84001.12,0.3972,0.34381,1e-05,324.18093,0.0,0.0
2026-09-25T19:54:56Z,2027-09-24,364,112000.0,P,0.3395,0.3485,0.343,88288.82,84001.12,0.3972,-0.65613,1e-05,324.2242,0.0,0.0
2026-09-25T19:54:56Z,2027-09-24,364,114000.0,C,0.069,0.071,0.0701,88282.97,84001.12,0.3979,0.32802,1e-05,318.28825,0.0,0.0
2026-09-25T19:54:56Z,2027-09-24,364,114000.0,P,0.3575,0.3665,0.3613,88282.97,84001.12,0.3979,-0.67198,1e-05,318.28825,0.0,0.0
2026-09-25T19:54:56Z,2027-09-24,364,116000.0,C,0.065,0.067,0.066,88288.82,84001.12,0.39890000000000003,0.31322,1e-05,312.23065,0.0,0.0
2026-09-25T19:54:56Z,2027-09-24,364,116000.0,P,0.3755,0.386,0.3799,88282.97,84001.12,0.39890000000000003,-0.68684,1e-05,312.18466,0.0,0.0
2026-09-25T19:54:56Z,2027-09-24,364,118000.0,C,0.0615,0.063,0.0623,88282.97,84001.12,0.40009999999999996,0.29911,1e-05,305.91146,0.1,0.1
2026-09-25T19:54:56Z,2027-09-24,364,118000.0,P,0.3945,0.405,0.3988,88282.97,84001.12,0.40009999999999996,-0.70089,1e-05,305.91146,0.0,0.0
2026-09-25T19:54:56Z,2027-09-24,364,120000.0,C,0.058,0.06,0.0589,88282.97,84001.12,0.40130000000000005,0.28566,1e-05,299.43681,4.1,1.9
2026-09-25T19:54:56Z,2027-09-24,364,120000.0,P,0.4135,0.4245,0.418,88282.97,84001.12,0.40130000000000005,-0.71434,1e-05,299.43681,0.1,0.1
2026-09-25T19:54:56Z,2027-09-24,364,125000.0,C,0.05,0.052,0.051,88288.82,84001.12,0.40409999999999996,0.25448,1e-05,282.61949,2.0,2.0
2026-09-25T19:54:56Z,2027-09-24,364,125000.0,P,0.4625,0.473,0.4668,88282.97,84001.12,0.40409999999999996,-0.74557,1e-05,282.5701,0.0,0.0
2026-09-25T19:54:56Z,2027-09-24,364,130000.0,C,0.0435,0.0455,0.0445,88288.82,84001.12,0.40759999999999996,0.22726,1e-05,265.74279,43.3,43.3
2026-09-25T19:54:56Z,2027-09-24,364,130000.0,P,0.512,0.5235,0.5169,88281.82,84001.12,0.40759999999999996,-0.7728,1e-05,265.68295,4.0,4.0
2026-09-25T19:54:56Z,2027-09-24,364,135000.0,C,0.038,0.04,0.039,88282.97,84001.12,0.41119999999999995,0.20328,1e-05,249.06408,100.0,0.1
2026-09-25T19:54:56Z,2027-09-24,364,135000.0,P,0.5635,0.5755,0.5681,88281.82,84001.12,0.41119999999999995,-0.79673,1e-05,249.05428,0.0,0.0
2026-09-25T19:54:56Z,2027-09-24,364,140000.0,C,0.0335,0.0355,0.0344,88282.97,84001.12,0.4152,0.18253,1e-05,233.20625,5.4,0.9
2026-09-25T19:54:56Z,2027-09-24,364,140000.0,P,0.615,0.628,0.6201,88282.97,84001.12,0.4152,-0.81747,1e-05,233.20625,0.0,0.0
2026-09-25T19:54:56Z,2027-09-24,364,150000.0,C,0.0265,0.028,0.0272,88281.82,84001.12,0.42369999999999997,0.1486,1e-05,204.13514,23.6,23.6
2026-09-25T19:54:56Z,2027-09-24,364,150000.0,P,0.7205,0.7345,0.7262,88281.82,84001.12,0.42369999999999997,-0.8514,1e-05,204.13514,0.0,0.0
2026-09-25T19:54:56Z,2027-09-24,364,160000.0,C,0.021,0.0225,0.0217,88281.82,84001.12,0.4311,0.12162,1e-05,177.91029,0.0,0.0
2026-09-25T19:54:56Z,2027-09-24,364,160000.0,P,0.8285,0.8435,0.834,88281.82,84001.12,0.4311,-0.87838,1e-05,177.91029,0.0,0.0
2026-09-25T19:54:56Z,2027-09-24,364,170000.0,C,0.017,0.0185,0.0178,88281.82,84001.12,0.4397,0.10132,0.0,156.10047,0.7,0.4
2026-09-25T19:54:56Z,2027-09-24,364,170000.0,P,0.9375,0.9535,0.9433,88281.82,84001.12,0.4397,-0.89868,0.0,156.10047,4.3,4.3
2026-09-25T19:54:56Z,2027-09-24,364,180000.0,C,0.0145,0.015,0.015,88281.82,84001.12,0.44920000000000004,0.0861,0.0,138.41854,5.6,0.2
2026-09-25T19:54:56Z,2027-09-24,364,180000.0,P,1.0395,1.0765,1.0537,88281.82,84001.12,0.44920000000000004,-0.9139,0.0,138.41854,0.0,0.0
2026-09-25T19:54:56Z,2027-09-24,364,190000.0,C,0.012,0.0135,0.0127,88281.82,84001.12,0.4581,0.07381,0.0,123.1956,0.9,0.6
2026-09-25T19:54:56Z,2027-09-24,364,190000.0,P,1.148,1.1875,1.1648,88281.82,84001.12,0.4581,-0.92619,0.0,123.1956,0.0,0.0
2026-09-25T19:54:56Z,2027-09-24,364,200000.0,C,0.0105,0.011,0.011,88281.82,84001.12,0.4669,0.064,0.0,110.3707,10.8,0.5
2026-09-25T19:54:56Z,2027-09-24,364,200000.0,P,1.257,1.304,1.2763,88281.82,84001.12,0.4669,-0.936,0.0,110.3707,0.0,0.0
2026-09-25T19:54:56Z,2027-09-24,364,210000.0,C,0.009,0.01,0.0095,88282.97,84001.12,0.47479999999999994,0.05568,0.0,98.96003,15.7,11.1
2026-09-25T19:54:56Z,2027-09-24,364,210000.0,P,1.3675,1.4175,1.388,88281.82,84001.12,0.47479999999999994,-0.94432,0.0,98.95441,0.0,0.0
2026-09-25T19:54:56Z,2027-09-24,364,220000.0,C,0.0075,0.009,0.0082,88281.82,84001.12,0.4818,0.04861,0.0,88.83332,12.7,8.0
2026-09-25T19:54:56Z,2027-09-24,364,220000.0,P,1.4775,1.532,1.5002,88282.06,84001.12,0.4818,-0.95139,0.0,88.8344,0.0,0.0
