snapshot_ts,expiry,days_to_expiry,strike,option_type,bid,ask,mark_price,forward_price,index_price,implied_vol,delta,gamma,vega,open_interest,volume_24h
2026-08-07T16:56:38Z,2026-08-08,1,56000.0,C,0.105,0.1655,0.1357,64794.72,64807.84,0.618,1.0,0.0,0.0,0.0,0.0
2026-08-07T16:56:38Z,2026-08-08,1,56000.0,P,0.0,0.0001,0.0,64794.72,64807.84,0.618,0.0,0.0,0.0,31.4,0.0
2026-08-07T16:56:38Z,2026-08-08,1,57000.0,C,0.089,0.1495,0.1203,64794.72,64807.84,0.5667,1.0,0.0,0.0,0.0,0.0
2026-08-07T16:56:38Z,2026-08-08,1,57000.0,P,0.0,0.0001,0.0,64794.72,64807.84,0.5667,0.0,0.0,0.0,5.5,0.0
2026-08-07T16:56:38Z,2026-08-08,1,58000.0,C,0.073,0.1355,0.1049,64796.3,64807.84,0.5573,1.0,0.0,0.0001,0.0,0.0
2026-08-07T16:56:38Z,2026-08-08,1,58000.0,P,0.0,0.0001,0.0,64794.72,64807.84,0.5573,0.0,0.0,0.0001,88.0,0.0
2026-08-07T16:56:38Z,2026-08-08,1,59000.0,C,0.0565,0.12,0.0894,64794.72,64807.84,0.5079,1.0,0.0,0.00051,0.0,0.0
2026-08-07T16:56:38Z,2026-08-08,1,59000.0,P,0.0,0.0001,0.0,64794.72,64807.84,0.5079,0.0,0.0,0.00051,89.0,0.0
2026-08-07T16:56:38Z,2026-08-08,1,60000.0,C,0.041,0.106,0.074,64794.72,64807.84,0.4483,0.99998,0.0,0.00198,0.0,0.0
2026-08-07T16:56:38Z,2026-08-08,1,60000.0,P,0.0,0.0001,0.0,64794.72,64807.84,0.4483,-2e-05,0.0,0.00198,38.7,0.0
2026-08-07T16:56:38Z,2026-08-08,1,61000.0,C,0.025,0.09,0.0586,64796.3,64807.84,0.44799999999999995,0.99944,0.0,0.0527,0.0,0.0
2026-08-07T16:56:38Z,2026-08-08,1,61000.0,P,0.0,0.0001,0.0,64794.72,64807.84,0.44799999999999995,-0.00056,0.0,0.05293,49.8,30.6
2026-08-07T16:56:38Z,2026-08-08,1,61500.0,C,0.0175,0.0835,0.0509,64796.3,64807.84,0.44799999999999995,0.99761,1e-05,0.20039,0.0,0.0
2026-08-07T16:56:38Z,2026-08-08,1,61500.0,P,0.0,0.0001,0.0,64794.72,64807.84,0.44799999999999995,-0.0024,1e-05,0.20113,30.6,4.5
2026-08-07T16:56:38Z,2026-08-08,1,62000.0,C,0.0125,0.076,0.0432,64794.72,64807.84,0.44670000000000004,0.99158,2e-05,0.61547,0.0,0.0
2026-08-07T16:56:38Z,2026-08-08,1,62000.0,P,0.0,0.0001,0.0001,64794.72,64807.84,0.44670000000000004,-0.00842,2e-05,0.61547,61.1,47.8
2026-08-07T16:56:38Z,2026-08-08,1,62500.0,C,0.0125,0.068,0.0355,64794.72,64807.84,0.4132,0.98273,4e-05,1.14775,0.0,0.0
2026-08-07T16:56:38Z,2026-08-08,1,62500.0,P,0.0,0.0002,0.0001,64794.72,64807.84,0.4132,-0.01727,4e-05,1.14775,63.8,45.6
2026-08-07T16:56:38Z,2026-08-08,1,63000.0,C,0.0265,0.029,0.0278,64796.3,64807.84,0.3568,0.97182,7e-05,1.73492,25.0,0.0
2026-08-07T16:56:38Z,2026-08-08,1,63000.0,P,0.0001,0.0002,0.0002,64797.1,64807.84,0.3568,-0.02812,7e-05,1.73195,85.8,79.4
2026-08-07T16:56:38Z,2026-08-08,1,63500.0,C,0.0185,0.0215,0.0202,64797.1,64807.84,0.2877,0.95557,0.00012,2.51983,30.8,4.0
2026-08-07T16:56:38Z,2026-08-08,1,63500.0,P,0.0001,0.0003,0.0002,64797.1,64807.84,0.2877,-0.04443,0.00012,2.51983,85.9,62.4
2026-08-07T16:56:38Z,2026-08-08,1,64000.0,C,0.011,0.0145,0.0128,64796.63,64807.84,0.2429,0.89136,0.00029,5.00534,14.4,11.1
2026-08-07T16:56:38Z,2026-08-08,1,64000.0,P,0.0004,0.0006,0.0005,64797.1,64807.84,0.2429,-0.10851,0.00029,5.00093,139.3,141.5
2026-08-07T16:56:38Z,2026-08-08,1,64500.0,C,0.0055,0.007,0.0062,64797.1,64807.84,0.20809999999999998,0.70442,0.00062,9.27525,183.2,19.1
2026-08-07T16:56:38Z,2026-08-08,1,64500.0,P,0.0014,0.0017,0.0016,64797.1,64807.84,0.20809999999999998,-0.29558,0.00062,9.27525,90.8,56.2
2026-08-07T16:56:38Z,2026-08-08,1,65000.0,C,0.0018,0.0023,0.0021,64797.1,64807.84,0.20579999999999998,0.35855,0.00068,10.034,353.1,351.7
2026-08-07T16:56:38Z,2026-08-08,1,65000.0,P,0.0043,0.0055,0.0052,64797.1,64807.84,0.20579999999999998,-0.64145,0.00068,10.034,327.5,330.8
2026-08-07T16:56:38Z,2026-08-08,1,65500.0,C,0.0003,0.0006,0.0005,64797.1,64807.84,0.212,0.11061,0.00033,5.07033,149.6,132.3
2026-08-07T16:56:38Z,2026-08-08,1,65500.0,P,0.008,0.016,0.0113,64796.63,64807.84,0.212,-0.88955,0.00033,5.06517,2.2,2.0
2026-08-07T16:56:38Z,2026-08-08,1,66000.0,C,0.0001,0.0002,0.0001,64797.1,64807.84,0.2445,0.03514,0.00012,2.08209,124.9,89.1
2026-08-07T16:56:38Z,2026-08-08,1,66000.0,P,0.01,0.0545,0.0187,64797.1,64807.84,0.2445,-0.96486,0.00012,2.08209,0.0,0.0
2026-08-07T16:56:38Z,2026-08-08,1,66500.0,C,0.0,0.0002,0.0001,64796.63,64807.84,0.2977,0.018,6e-05,1.18907,80.6,85.3
2026-08-07T16:56:38Z,2026-08-08,1,66500.0,P,0.013,0.0635,0.0264,64796.63,64807.84,0.2977,-0.982,6e-05,1.18907,0.0,0.0
2026-08-07T16:56:38Z,2026-08-08,1,67000.0,C,0.0,0.0001,0.0,64797.1,64807.84,0.3337,0.00797,2e-05,0.58675,88.1,68.4
2026-08-07T16:56:38Z,2026-08-08,1,67000.0,P,0.0125,0.0715,0.0341,64797.1,64807.84,0.3337,-0.99203,2e-05,0.58675,0.0,0.0
2026-08-07T16:56:38Z,2026-08-08,1,68000.0,C,0.0,0.0001,0.0,64796.63,64807.84,0.3887,0.00141,0.0,0.12379,135.4,21.0
2026-08-07T16:56:38Z,2026-08-08,1,68000.0,P,0.014,0.0875,0.0495,64796.63,64807.84,0.3887,-0.99859,0.0,0.12379,0.0,0.1
2026-08-07T16:56:38Z,2026-08-08,1,69000.0,C,0.0,0.0001,0.0,64796.63,64807.84,0.39030000000000004,5e-05,0.0,0.00584,37.0,0.1
2026-08-07T16:56:38Z,2026-08-08,1,69000.0,P,0.029,0.1025,0.0649,64796.63,64807.84,0.39030000000000004,-0.99995,0.0,0.00584,0.0,0.0
2026-08-07T16:56:38Z,2026-08-08,1,70000.0,C,0.0,0.0001,0.0,64796.63,64807.84,0.426,1e-05,0.0,0.00078,0.4,0.0
2026-08-07T16:56:38Z,2026-08-08,1,70000.0,P,0.044,0.119,0.0803,64796.63,64807.84,0.426,-0.99999,0.0,0.00078,0.0,0.0
2026-08-07T16:56:38Z,2026-08-08,1,71000.0,C,0.0,0.0001,0.0,64796.63,64807.84,0.47869999999999996,0.0,0.0,0.00028,2.2,0.0
2026-08-07T16:56:38Z,2026-08-08,1,71000.0,P,0.059,0.135,0.0958,64796.63,64807.84,0.47869999999999996,-1.0,0.0,0.00028,0.0,0.0
2026-08-07T16:56:38Z,2026-08-09,2,57000.0,C,0.089,0.15,0.1204,64800.75,64807.84,0.5389,0.99983,0.0,0.02817,0.0,0.0
2026-08-07T16:56:38Z,2026-08-09,2,57000.0,P,0.0,0.0001,0.0,64801.47,64807.84,0.5389,-0.00017,0.0,0.02814,30.0,0.0
2026-08-07T16:56:38Z,2026-08-09,2,58000.0,C,0.0735,0.135,0.1049,64800.75,64807.84,0.5129,0.99943,0.0,0.08638,0.0,0.0
2026-08-07T16:56:38Z,2026-08-09,2,58000.0,P,0.0,0.0001,0.0,64801.22,64807.84,0.5129,-0.00057,0.0,0.08632,194.9,0.0
2026-08-07T16:56:38Z,2026-08-09,2,59000.0,C,0.057,0.1205,0.0895,64800.75,64807.84,0.4429,0.99928,0.0,0.10777,0.0,0.0
2026-08-07T16:56:38Z,2026-08-09,2,59000.0,P,0.0,0.0001,0.0,64800.75,64807.84,0.4429,-0.00072,0.0,0.10777,38.2,0.0
2026-08-07T16:56:38Z,2026-08-09,2,60000.0,C,0.041,0.1055,0.0741,64800.75,64807.84,0.4152,0.99737,0.0,0.35163,0.0,0.0
2026-08-07T16:56:38Z,2026-08-09,2,60000.0,P,0.0,0.0001,0.0,64800.75,64807.84,0.4152,-0.00263,0.0,0.35163,23.1,4.0
2026-08-07T16:56:38Z,2026-08-09,2,61000.0,C,0.025,0.0905,0.0587,64802.06,64807.84,0.39549999999999996,0.98936,2e-05,1.21771,0.0,0.0
2026-08-07T16:56:38Z,2026-08-09,2,61000.0,P,0.0,0.0001,0.0001,64801.47,64807.84,0.39549999999999996,-0.01065,2e-05,1.21866,31.7,45.0
2026-08-07T16:56:38Z,2026-08-09,2,62000.0,C,0.0125,0.076,0.0434,64802.06,64807.84,0.3235,0.98017,3e-05,2.07942,0.0,0.0
2026-08-07T16:56:38Z,2026-08-09,2,62000.0,P,0.0001,0.0002,0.0002,64802.06,64807.84,0.3235,-0.01983,3e-05,2.07942,44.2,33.9
2026-08-07T16:56:38Z,2026-08-09,2,62500.0,C,0.0125,0.0685,0.0357,64802.06,64807.84,0.2847,0.97209,5e-05,2.77264,0.0,0.0
2026-08-07T16:56:38Z,2026-08-09,2,62500.0,P,0.0001,0.0003,0.0002,64802.06,64807.84,0.2847,-0.02791,5e-05,2.77264,92.6,13.7
2026-08-07T16:56:38Z,2026-08-09,2,63000.0,C,0.013,0.0615,0.0281,64801.47,64807.84,0.2525,0.95362,9e-05,4.2017,0.0,0.0
2026-08-07T16:56:38Z,2026-08-09,2,63000.0,P,0.0002,0.0004,0.0003,64802.52,64807.84,0.2525,-0.04629,9e-05,4.19498,34.6,32.1
2026-08-07T16:56:38Z,2026-08-09,2,63500.0,C,0.013,0.054,0.0206,64801.47,64807.84,0.21960000000000002,0.91791,0.00016,6.55861,0.0,0.0
2026-08-07T16:56:38Z,2026-08-09,2,63500.0,P,0.0004,0.0006,0.0006,64801.47,64807.84,0.21960000000000002,-0.08209,0.00016,6.55861,47.9,41.2
2026-08-07T16:56:38Z,2026-08-09,2,64000.0,C,0.011,0.017,0.0134,64801.47,64807.84,0.18989999999999999,0.83838,0.0003,10.59631,0.1,0.0
2026-08-07T16:56:38Z,2026-08-09,2,64000.0,P,0.0009,0.0012,0.0011,64801.47,64807.84,0.18989999999999999,-0.16162,0.0003,10.59631,53.8,33.5
2026-08-07T16:56:38Z,2026-08-09,2,64500.0,C,0.0065,0.008,0.0072,64801.47,64807.84,0.171,0.66059,0.00049,15.84247,16.1,4.1
2026-08-07T16:56:38Z,2026-08-09,2,64500.0,P,0.0023,0.0028,0.0026,64802.52,64807.84,0.171,-0.33889,0.00049,15.83341,33.3,32.0
2026-08-07T16:56:38Z,2026-08-09,2,65000.0,C,0.0028,0.0033,0.0031,64802.52,64807.84,0.16829999999999998,0.39546,0.00053,16.66474,45.1,13.9
2026-08-07T16:56:38Z,2026-08-09,2,65000.0,P,0.0055,0.0065,0.0062,64801.47,64807.84,0.16829999999999998,-0.60509,0.00053,16.65808,12.9,15.6
2026-08-07T16:56:38Z,2026-08-09,2,65500.0,C,0.0009,0.0012,0.001,64802.52,64807.84,0.16820000000000002,0.17159,0.00035,11.01433,135.3,89.9
2026-08-07T16:56:38Z,2026-08-09,2,65500.0,P,0.006,0.0485,0.0118,64801.47,64807.84,0.16820000000000002,-0.82877,0.00035,10.99908,0.1,0.1
2026-08-07T16:56:38Z,2026-08-09,2,66000.0,C,0.0003,0.0005,0.0004,64802.52,64807.84,0.18420000000000003,0.06909,0.00017,5.75117,402.1,123.2
2026-08-07T16:56:38Z,2026-08-09,2,66000.0,P,0.005,0.056,0.0189,64801.47,64807.84,0.18420000000000003,-0.93108,0.00017,5.73985,0.0,0.0
2026-08-07T16:56:38Z,2026-08-09,2,66500.0,C,0.0001,0.0003,0.0002,64801.47,64807.84,0.205,0.02982,8e-05,2.92933,50.6,41.6
2026-08-07T16:56:38Z,2026-08-09,2,66500.0,P,0.013,0.0635,0.0264,64802.06,64807.84,0.205,-0.97013,8e-05,2.93303,0.0,0.0
2026-08-07T16:56:38Z,2026-08-09,2,67000.0,C,0.0001,0.0002,0.0001,64801.47,64807.84,0.24359999999999998,0.02052,5e-05,2.14113,54.4,4.1
2026-08-07T16:56:38Z,2026-08-09,2,67000.0,P,0.013,0.0715,0.0341,64801.47,64807.84,0.24359999999999998,-0.97948,5e-05,2.14113,0.3,0.3
2026-08-07T16:56:38Z,2026-08-09,2,68000.0,C,0.0,0.0001,0.0,64802.52,64807.84,0.2699,0.00386,1e-05,0.49695,44.1,2.3
2026-08-07T16:56:38Z,2026-08-09,2,68000.0,P,0.0145,0.087,0.0494,64802.52,64807.84,0.2699,-0.99614,1e-05,0.49695,0.0,0.0
2026-08-07T16:56:38Z,2026-08-09,2,69000.0,C,0.0,0.0001,0.0,64802.52,64807.84,0.35200000000000004,0.00392,1e-05,0.50375,15.5,15.4
2026-08-07T16:56:38Z,2026-08-09,2,69000.0,P,0.029,0.103,0.0648,64804.04,64807.84,0.35200000000000004,-0.99607,1e-05,0.5051,0.0,0.0
2026-08-07T16:56:38Z,2026-08-09,2,70000.0,C,0.0,0.0001,0.0,64804.04,64807.84,0.4266,0.00353,1e-05,0.45842,3.3,0.0
2026-08-07T16:56:38Z,2026-08-09,2,70000.0,P,0.044,0.1195,0.0803,64802.52,64807.84,0.4266,-0.99648,1e-05,0.45739,0.0,0.0
2026-08-07T16:56:38Z,2026-08-09,2,71000.0,C,0.0,0.0001,0.0,64802.52,64807.84,0.4278,0.00073,0.0,0.10863,0.3,0.0
2026-08-07T16:56:38Z,2026-08-09,2,71000.0,P,0.059,0.1355,0.0957,64802.52,64807.84,0.4278,-0.99927,0.0,0.10863,0.0,0.0
2026-08-07T16:56:38Z,2026-08-09,2,72000.0,C,0.0,0.0001,0.0,64802.52,64807.84,0.4278,0.00012,0.0,0.02027,0.0,0.0
2026-08-07T16:56:38Z,2026-08-09,2,72000.0,P,0.073,0.151,0.1111,64802.52,64807.84,0.4278,-0.99988,0.0,0.02027,0.0,0.0
2026-08-07T16:56:38Z,2026-08-10,3,57000.0,C,0.089,0.1505,0.1205,64808.88,64807.84,0.4827,0.9992,0.0,0.15077,0.0,0.0
2026-08-07T16:56:38Z,2026-08-10,3,57000.0,P,0.0,0.0001,0.0,64806.93,64807.84,0.4827,-0.0008,0.0,0.15111,0.0,0.0
2026-08-07T16:56:38Z,2026-08-10,3,58000.0,C,0.073,0.136,0.1051,64808.88,64807.84,0.48229999999999995,0.99686,0.0,0.52364,0.0,0.0
2026-08-07T16:56:38Z,2026-08-10,3,58000.0,P,0.0,0.0001,0.0,64808.88,64807.84,0.48229999999999995,-0.00314,0.0,0.52364,11.1,10.0
2026-08-07T16:56:38Z,2026-08-10,3,59000.0,C,0.057,0.121,0.0897,64808.88,64807.84,0.4533,0.99308,1e-05,1.06087,0.0,0.0
2026-08-07T16:56:38Z,2026-08-10,3,59000.0,P,0.0,0.0001,0.0001,64809.92,64807.84,0.4533,-0.00691,1e-05,1.0598,67.8,12.9
2026-08-07T16:56:38Z,2026-08-10,3,60000.0,C,0.041,0.106,0.0743,64809.92,64807.84,0.3885,0.99077,1e-05,1.36679,0.0,0.0
2026-08-07T16:56:38Z,2026-08-10,3,60000.0,P,0.0,0.0001,0.0001,64809.92,64807.84,0.3885,-0.00923,1e-05,1.36679,9.4,7.3
2026-08-07T16:56:38Z,2026-08-10,3,61000.0,C,0.025,0.091,0.0589,64809.92,64807.84,0.3328,0.9846,2e-05,2.12979,0.0,0.0
2026-08-07T16:56:38Z,2026-08-10,3,61000.0,P,0.0001,0.0002,0.0002,64809.92,64807.84,0.3328,-0.0154,2e-05,2.12979,11.2,7.8
2026-08-07T16:56:38Z,2026-08-10,3,62000.0,C,0.0105,0.076,0.0436,64809.92,64807.84,0.2787,0.97037,4e-05,3.7026,0.0,0.0
2026-08-07T16:56:38Z,2026-08-10,3,62000.0,P,0.0002,0.0003,0.0003,64809.92,64807.84,0.2787,-0.02963,4e-05,3.7026,114.0,116.9
2026-08-07T16:56:38Z,2026-08-10,3,62500.0,C,0.0045,0.0685,0.0361,64809.92,64807.84,0.2572,0.95296,7e-05,5.40057,0.0,0.0
2026-08-07T16:56:38Z,2026-08-10,3,62500.0,P,0.0003,0.0005,0.0004,64808.88,64807.84,0.2572,-0.04711,7e-05,5.40713,39.8,37.9
2026-08-07T16:56:38Z,2026-08-10,3,63000.0,C,0.025,0.061,0.0286,64808.88,64807.84,0.2343,0.9242,0.00011,7.84595,0.0,0.0
2026-08-07T16:56:38Z,2026-08-10,3,63000.0,P,0.0006,0.0008,0.0007,64809.92,64807.84,0.2343,-0.07568,0.00011,7.83699,567.1,46.0
2026-08-07T16:56:38Z,2026-08-10,3,63500.0,C,0.018,0.0465,0.0214,64808.88,64807.84,0.2158,0.86941,0.00018,11.66801,0.0,0.0
2026-08-07T16:56:38Z,2026-08-10,3,63500.0,P,0.0011,0.0013,0.0012,64809.92,64807.84,0.2158,-0.13041,0.00018,11.6567,50.2,48.6
2026-08-07T16:56:38Z,2026-08-10,3,64000.0,C,0.013,0.017,0.0148,64809.92,64807.84,0.20129999999999998,0.77181,0.00027,16.62188,0.1,0.0
2026-08-07T16:56:38Z,2026-08-10,3,64000.0,P,0.002,0.0025,0.0023,64809.92,64807.84,0.20129999999999998,-0.22819,0.00027,16.62188,6.5,6.5
2026-08-07T16:56:38Z,2026-08-10,3,64500.0,C,0.0085,0.01,0.0091,64809.92,64807.84,0.18969999999999998,0.62016,0.00037,20.93258,36.5,36.6
2026-08-07T16:56:38Z,2026-08-10,3,64500.0,P,0.004,0.0045,0.0043,64809.92,64807.84,0.18969999999999998,-0.37984,0.00037,20.93258,21.9,25.9
2026-08-07T16:56:38Z,2026-08-10,3,65000.0,C,0.0049,0.0055,0.005,64809.92,64807.84,0.18780000000000002,0.4302,0.00038,21.59861,83.8,57.1
2026-08-07T16:56:38Z,2026-08-10,3,65000.0,P,0.007,0.0085,0.0079,64809.92,64807.84,0.18780000000000002,-0.5698,0.00038,21.59861,8.0,9.0
2026-08-07T16:56:38Z,2026-08-10,3,65500.0,C,0.002,0.0025,0.0022,64809.92,64807.84,0.1812,0.24785,0.00032,17.39246,26.3,27.2
2026-08-07T16:56:38Z,2026-08-10,3,65500.0,P,0.01,0.015,0.0129,64809.92,64807.84,0.1812,-0.75215,0.00032,17.39246,1.3,1.8
2026-08-07T16:56:38Z,2026-08-10,3,66000.0,C,0.0008,0.0011,0.0009,64809.92,64807.84,0.182,0.1208,0.0002,11.0506,208.1,19.4
2026-08-07T16:56:38Z,2026-08-10,3,66000.0,P,0.016,0.0545,0.0193,64808.88,64807.84,0.182,-0.87941,0.0002,11.03697,0.0,0.0
2026-08-07T16:56:38Z,2026-08-10,3,66500.0,C,0.0003,0.0005,0.0004,64808.88,64807.84,0.1924,0.05822,0.00011,6.39648,25.8,28.4
2026-08-07T16:56:38Z,2026-08-10,3,66500.0,P,0.0005,0.0635,0.0265,64811.4,64807.84,0.1924,-0.94151,0.00011,6.42047,0.0,0.0
2026-08-07T16:56:38Z,2026-08-10,3,67000.0,C,0.0002,0.0003,0.0002,64811.4,64807.84,0.21100000000000002,0.03243,6e-05,3.99004,541.4,1.6
2026-08-07T16:56:38Z,2026-08-10,3,67000.0,P,0.003,0.072,0.034,64811.4,64807.84,0.21100000000000002,-0.96757,6e-05,3.99004,0.0,0.0
2026-08-07T16:56:38Z,2026-08-10,3,68000.0,C,0.0001,0.0002,0.0001,64811.4,64807.84,0.2627,0.01604,3e-05,2.20527,2.3,1.9
2026-08-07T16:56:38Z,2026-08-10,3,68000.0,P,0.0135,0.0875,0.0493,64810.17,64807.84,0.2627,-0.984,3e-05,2.20121,0.0,0.0
2026-08-07T16:56:38Z,2026-08-10,3,69000.0,C,0.0,0.0001,0.0,64811.4,64807.84,0.2829,0.0047,1e-05,0.7529,6.0,4.0
2026-08-07T16:56:38Z,2026-08-10,3,69000.0,P,0.029,0.1025,0.0647,64811.4,64807.84,0.2829,-0.9953,1e-05,0.7529,0.0,0.0
2026-08-07T16:56:38Z,2026-08-10,3,70000.0,C,0.0,0.0001,0.0,64811.4,64807.84,0.34369999999999995,0.00432,1e-05,0.69723,35.0,4.0
2026-08-07T16:56:38Z,2026-08-10,3,70000.0,P,0.044,0.1195,0.0801,64811.4,64807.84,0.34369999999999995,-0.99568,1e-05,0.69723,0.0,0.0
2026-08-07T16:56:38Z,2026-08-10,3,71000.0,C,0.0,0.0001,0.0,64810.17,64807.84,0.363,0.00161,0.0,0.28592,30.0,0.0
2026-08-07T16:56:38Z,2026-08-10,3,71000.0,P,0.058,0.1345,0.0955,64811.4,64807.84,0.363,-0.99839,0.0,0.28644,0.0,0.0
2026-08-07T16:56:38Z,2026-08-10,3,72000.0,C,0.0,0.0001,0.0,64811.4,64807.84,0.4053,0.00118,0.0,0.21476,0.0,0.0
2026-08-07T16:56:38Z,2026-08-10,3,72000.0,P,0.0735,0.1515,0.111,64811.4,64807.84,0.4053,-0.99882,0.0,0.21476,0.0,0.0
2026-08-07T16:56:38Z,2026-08-11,4,57000.0,C,0.089,0.151,0.1206,64816.68,64807.84,0.4861,0.99628,0.0,0.71724,0.0,0.0
2026-08-07T16:56:38Z,2026-08-11,4,57000.0,P,0.0,0.0001,0.0001,64816.68,64807.84,0.4861,-0.00372,0.0,0.71724,2.1,2.1
2026-08-07T16:56:38Z,2026-08-11,4,58000.0,C,0.073,0.136,0.1052,64815.12,64807.84,0.4523,0.99355,1e-05,1.17138,0.0,0.0
2026-08-07T16:56:38Z,2026-08-11,4,58000.0,P,0.0,0.0001,0.0001,64815.12,64807.84,0.4523,-0.00645,1e-05,1.17138,5.8,5.8
2026-08-07T16:56:38Z,2026-08-11,4,59000.0,C,0.057,0.122,0.0899,64816.68,64807.84,0.41359999999999997,0.98931,1e-05,1.8257,0.0,0.0
2026-08-07T16:56:38Z,2026-08-11,4,59000.0,P,0.0001,0.0002,0.0002,64816.68,64807.84,0.41359999999999997,-0.01069,1e-05,1.8257,4.7,4.7
2026-08-07T16:56:38Z,2026-08-11,4,60000.0,C,0.041,0.106,0.0744,64815.12,64807.84,0.34909999999999997,0.98732,1e-05,2.11653,0.0,0.0
2026-08-07T16:56:38Z,2026-08-11,4,60000.0,P,0.0001,0.0002,0.0002,64816.68,64807.84,0.34909999999999997,-0.01266,1e-05,2.11331,0.1,0.1
2026-08-07T16:56:38Z,2026-08-11,4,61000.0,C,0.0255,0.0915,0.0592,64815.12,64807.84,0.31489999999999996,0.97432,3e-05,3.86239,0.0,0.0
2026-08-07T16:56:38Z,2026-08-11,4,61000.0,P,0.0002,0.0004,0.0003,64815.12,64807.84,0.31489999999999996,-0.02568,3e-05,3.86239,8.4,8.4
2026-08-07T16:56:38Z,2026-08-11,4,62000.0,C,0.0185,0.0705,0.0441,64816.68,64807.84,0.2851,0.94265,6e-05,7.4285,0.0,0.0
2026-08-07T16:56:38Z,2026-08-11,4,62000.0,P,0.0006,0.0008,0.0007,64816.68,64807.84,0.2851,-0.05735,6e-05,7.4285,5.5,5.6
2026-08-07T16:56:38Z,2026-08-11,4,62500.0,C,0.033,0.0485,0.0367,64815.12,64807.84,0.2657,0.91718,9e-05,9.86014,0.0,0.0
2026-08-07T16:56:38Z,2026-08-11,4,62500.0,P,0.0009,0.0011,0.001,64815.12,64807.84,0.2657,-0.08282,9e-05,9.86014,22.7,22.7
2026-08-07T16:56:38Z,2026-08-11,4,63000.0,C,0.026,0.052,0.0296,64816.68,64807.84,0.251,0.87461,0.00013,13.32959,0.0,0.0
2026-08-07T16:56:38Z,2026-08-11,4,63000.0,P,0.0014,0.0018,0.0016,64816.68,64807.84,0.251,-0.12539,0.00013,13.32959,31.4,31.4
2026-08-07T16:56:38Z,2026-08-11,4,63500.0,C,0.0195,0.039,0.0228,64816.68,64807.84,0.2376,0.81012,0.00018,17.52695,0.0,0.0
2026-08-07T16:56:38Z,2026-08-11,4,63500.0,P,0.0022,0.0028,0.0025,64816.98,64807.84,0.2376,-0.18983,0.00018,17.52397,4.8,4.8
2026-08-07T16:56:38Z,2026-08-11,4,64000.0,C,0.0022,0.0185,0.0166,64816.98,64807.84,0.2263,0.71683,0.00023,21.86859,0.0,0.0
2026-08-07T16:56:38Z,2026-08-11,4,64000.0,P,0.0037,0.0043,0.004,64816.98,64807.84,0.2263,-0.28317,0.00023,21.86859,0.5,0.5
2026-08-07T16:56:38Z,2026-08-11,4,64500.0,C,0.011,0.012,0.0114,64816.98,64807.84,0.22,0.59272,0.00027,25.07758,0.0,0.0
2026-08-07T16:56:38Z,2026-08-11,4,64500.0,P,0.006,0.007,0.0065,64816.98,64807.84,0.22,-0.40728,0.00027,25.07758,3.7,3.7
2026-08-07T16:56:38Z,2026-08-11,4,65000.0,C,0.0065,0.0075,0.0071,64816.98,64807.84,0.21309999999999998,0.45141,0.00029,25.58547,39.3,39.3
2026-08-07T16:56:38Z,2026-08-11,4,65000.0,P,0.0095,0.0105,0.01,64816.98,64807.84,0.21309999999999998,-0.54859,0.00029,25.58547,0.9,0.9
2026-08-07T16:56:38Z,2026-08-11,4,65500.0,C,0.0037,0.0043,0.004,64816.98,64807.84,0.2069,0.30928,0.00026,22.77205,48.2,48.2
2026-08-07T16:56:38Z,2026-08-11,4,65500.0,P,0.0125,0.0475,0.0146,64816.95,64807.84,0.2069,-0.69073,0.00026,22.77179,0.0,0.0
2026-08-07T16:56:38Z,2026-08-11,4,66000.0,C,0.0019,0.0021,0.0021,64816.98,64807.84,0.20350000000000001,0.18899,0.00021,17.47632,20.1,20.2
2026-08-07T16:56:38Z,2026-08-11,4,66000.0,P,0.0175,0.0485,0.0204,64816.95,64807.84,0.20350000000000001,-0.81102,0.00021,17.47596,0.0,0.0
2026-08-07T16:56:38Z,2026-08-11,4,66500.0,C,0.0009,0.0012,0.001,64816.98,64807.84,0.2039,0.10544,0.00014,11.78433,35.4,35.4
2026-08-07T16:56:38Z,2026-08-11,4,66500.0,P,0.0235,0.0405,0.027,64816.95,64807.84,0.2039,-0.89457,0.00014,11.78399,0.0,0.0
2026-08-07T16:56:38Z,2026-08-11,4,67000.0,C,0.0004,0.0006,0.0005,64816.98,64807.84,0.20559999999999998,0.05414,8e-05,7.09877,99.5,99.5
2026-08-07T16:56:38Z,2026-08-11,4,67000.0,P,0.004,0.0735,0.0342,64816.98,64807.84,0.20559999999999998,-0.94586,8e-05,7.09877,0.0,0.0
2026-08-07T16:56:38Z,2026-08-11,4,67500.0,C,0.0002,0.0004,0.0003,64816.98,64807.84,0.21739999999999998,0.03139,5e-05,4.56495,0.0,0.0
2026-08-07T16:56:38Z,2026-08-11,4,67500.0,P,0.0085,0.0805,0.0417,64816.98,64807.84,0.21739999999999998,-0.96861,5e-05,4.56495,0.0,0.0
2026-08-07T16:56:38Z,2026-08-11,4,68000.0,C,0.0001,0.0002,0.0001,64816.98,64807.84,0.2241,0.01639,3e-05,2.64037,31.7,31.7
2026-08-07T16:56:38Z,2026-08-11,4,68000.0,P,0.0145,0.088,0.0493,64816.95,64807.84,0.2241,-0.98361,3e-05,2.64026,0.0,0.0
2026-08-07T16:56:38Z,2026-08-11,4,69000.0,C,0.0,0.0001,0.0,64816.98,64807.84,0.2438,0.00522,1e-05,0.97105,42.2,42.2
2026-08-07T16:56:38Z,2026-08-11,4,69000.0,P,0.029,0.1035,0.0646,64816.98,64807.84,0.2438,-0.99478,1e-05,0.97105,0.0,0.0
2026-08-07T16:56:38Z,2026-08-11,4,70000.0,C,0.0,0.0001,0.0,64816.98,64807.84,0.2949,0.00463,1e-05,0.87195,0.0,0.0
2026-08-07T16:56:38Z,2026-08-11,4,70000.0,P,0.043,0.119,0.08,64816.98,64807.84,0.2949,-0.99537,1e-05,0.87195,0.0,0.0
2026-08-07T16:56:38Z,2026-08-11,4,71000.0,C,0.0,0.0001,0.0,64816.98,64807.84,0.3454,0.00428,1e-05,0.81409,0.0,0.0
2026-08-07T16:56:38Z,2026-08-11,4,71000.0,P,0.059,0.1355,0.0954,64815.74,64807.84,0.3454,-0.99572,1e-05,0.81289,0.0,0.0
2026-08-07T16:56:38Z,2026-08-11,4,72000.0,C,0.0,0.0001,0.0,64815.74,64807.84,0.36560000000000004,0.00208,0.0,0.42375,0.0,0.0
2026-08-07T16:56:38Z,2026-08-11,4,72000.0,P,0.0735,0.1515,0.1108,64815.74,64807.84,0.36560000000000004,-0.99792,0.0,0.42375,0.0,0.0
2026-08-07T16:56:38Z,2026-08-14,7,50000.0,C,0.2265,0.246,0.2289,64837.99,64807.84,0.6234000000000001,0.99914,0.0,0.25544,0.0,0.0
2026-08-07T16:56:38Z,2026-08-14,7,50000.0,P,0.0,0.0001,0.0,64838.0,64807.84,0.6234000000000001,-0.00086,0.0,0.25544,156.5,3.1
2026-08-07T16:56:38Z,2026-08-14,7,52000.0,C,0.195,0.201,0.1981,64837.99,64807.84,0.6033,0.99707,0.0,0.78334,0.0,0.0
2026-08-07T16:56:38Z,2026-08-14,7,52000.0,P,0.0,0.0001,0.0001,64838.0,64807.84,0.6033,-0.00293,0.0,0.78334,228.4,2.3
2026-08-07T16:56:38Z,2026-08-14,7,55000.0,C,0.1485,0.1545,0.1519,64837.99,64807.84,0.5141,0.99202,0.0,1.91012,0.0,0.0
2026-08-07T16:56:38Z,2026-08-14,7,55000.0,P,0.0001,0.0003,0.0002,64838.0,64807.84,0.5141,-0.00798,0.0,1.91011,504.9,44.3
2026-08-07T16:56:38Z,2026-08-14,7,58000.0,C,0.1025,0.109,0.1059,64837.99,64807.84,0.4075,0.98016,1e-05,4.20139,0.0,0.0
2026-08-07T16:56:38Z,2026-08-14,7,58000.0,P,0.0003,0.0005,0.0004,64837.99,64807.84,0.4075,-0.01984,1e-05,4.20139,1652.8,33.6
2026-08-07T16:56:38Z,2026-08-14,7,59000.0,C,0.0875,0.094,0.0906,64839.17,64807.84,0.3759,0.97054,2e-05,5.85613,0.0,0.0
2026-08-07T16:56:38Z,2026-08-14,7,59000.0,P,0.0005,0.0007,0.0006,64837.99,64807.84,0.3759,-0.02949,2e-05,5.86,296.4,214.4
2026-08-07T16:56:38Z,2026-08-14,7,60000.0,C,0.072,0.079,0.0755,64837.99,64807.84,0.34509999999999996,0.95457,3e-05,8.3442,1.0,0.0
2026-08-07T16:56:38Z,2026-08-14,7,60000.0,P,0.0008,0.0009,0.0009,64838.0,64807.84,0.34509999999999996,-0.04543,3e-05,8.34416,2402.3,521.3
2026-08-07T16:56:38Z,2026-08-14,7,61000.0,C,0.0585,0.063,0.0607,64837.99,64807.84,0.32299999999999995,0.92272,5e-05,12.65227,14.0,6.0
2026-08-07T16:56:38Z,2026-08-14,7,61000.0,P,0.0014,0.0016,0.0015,64838.0,64807.84,0.32299999999999995,-0.07728,5e-05,12.6522,309.1,26.4
2026-08-07T16:56:38Z,2026-08-14,7,62000.0,C,0.0445,0.0485,0.0465,64839.17,64807.84,0.3013,0.8693,8e-05,18.55129,18.6,12.0
2026-08-07T16:56:38Z,2026-08-14,7,62000.0,P,0.0025,0.0029,0.0027,64837.99,64807.84,0.3013,-0.1308,8e-05,18.56029,1610.0,1384.8
2026-08-07T16:56:38Z,2026-08-14,7,63000.0,C,0.032,0.0355,0.0332,64839.17,64807.84,0.2826,0.78075,0.00012,25.81859,54.4,4.0
2026-08-07T16:56:38Z,2026-08-14,7,63000.0,P,0.0046,0.0055,0.0049,64838.0,64807.84,0.2826,-0.2194,0.00012,25.82805,383.4,58.9
2026-08-07T16:56:38Z,2026-08-14,7,64000.0,C,0.021,0.0225,0.0218,64837.99,64807.84,0.2699,0.64649,0.00016,32.47727,224.3,46.8
2026-08-07T16:56:38Z,2026-08-14,7,64000.0,P,0.0085,0.0095,0.0089,64838.0,64807.84,0.2699,-0.35351,0.00016,32.47722,396.1,132.0
2026-08-07T16:56:38Z,2026-08-14,7,65000.0,C,0.0125,0.0135,0.0128,64837.99,64807.84,0.2597,0.47854,0.00018,34.80372,616.0,116.0
2026-08-07T16:56:38Z,2026-08-14,7,65000.0,P,0.0145,0.0155,0.0153,64838.0,64807.84,0.2597,-0.52145,0.00018,34.80373,91.5,38.7
2026-08-07T16:56:38Z,2026-08-14,7,66000.0,C,0.006,0.007,0.0065,64837.04,64807.84,0.25129999999999997,0.30568,0.00016,30.63255,842.8,300.5
2026-08-07T16:56:38Z,2026-08-14,7,66000.0,P,0.0225,0.0255,0.0244,64837.04,64807.84,0.25129999999999997,-0.69432,0.00016,30.63255,11.7,9.8
2026-08-07T16:56:38Z,2026-08-14,7,67000.0,C,0.0027,0.0031,0.0029,64837.04,64807.84,0.2464,0.16561,0.00012,21.73898,708.5,121.2
2026-08-07T16:56:38Z,2026-08-14,7,67000.0,P,0.034,0.0385,0.0362,64837.04,64807.84,0.2464,-0.83439,0.00012,21.73898,5.4,5.3
2026-08-07T16:56:38Z,2026-08-14,7,68000.0,C,0.0011,0.0014,0.0012,64837.04,64807.84,0.2495,0.08075,7e-05,13.0802,2661.6,1254.6
2026-08-07T16:56:38Z,2026-08-14,7,68000.0,P,0.0475,0.0525,0.05,64837.04,64807.84,0.2495,-0.91925,7e-05,13.0802,7.3,7.1
2026-08-07T16:56:38Z,2026-08-14,7,70000.0,C,0.0003,0.0004,0.0003,64837.04,64807.84,0.2829,0.02327,2e-05,4.80683,1624.4,709.4
2026-08-07T16:56:38Z,2026-08-14,7,70000.0,P,0.076,0.117,0.0799,64837.04,64807.84,0.2829,-0.97673,2e-05,4.80683,3.6,3.5
2026-08-07T16:56:38Z,2026-08-14,7,72000.0,C,0.0001,0.0002,0.0001,64837.04,64807.84,0.3271,0.00925,1e-05,2.17408,1465.9,37.8
2026-08-07T16:56:38Z,2026-08-14,7,72000.0,P,0.106,0.145,0.1106,64838.0,64807.84,0.3271,-0.99075,1e-05,2.17584,0.0,0.0
2026-08-07T16:56:38Z,2026-08-14,7,75000.0,C,0.0,0.0001,0.0001,64838.0,64807.84,0.4003,0.00377,0.0,0.98149,626.7,2.6
2026-08-07T16:56:38Z,2026-08-14,7,75000.0,P,0.152,0.19,0.1568,64837.04,64807.84,0.4003,-0.99623,0.0,0.98076,0.4,0.2
2026-08-07T16:56:38Z,2026-08-14,7,80000.0,C,0.0,0.0001,0.0,64838.0,64807.84,0.5126,0.00132,0.0,0.37831,905.1,0.0
2026-08-07T16:56:38Z,2026-08-14,7,80000.0,P,0.2295,0.274,0.2338,64837.04,64807.84,0.5126,-0.99868,0.0,0.37806,0.1,0.0
2026-08-07T16:56:38Z,2026-08-21,14,53000.0,C,0.181,0.1865,0.1836,64887.44,64807.84,0.4753,0.98775,1e-05,3.98583,0.0,0.0
2026-08-07T16:56:38Z,2026-08-21,14,53000.0,P,0.0003,0.0005,0.0004,64886.57,64807.84,0.4753,-0.01225,1e-05,3.98709,64.4,10.2
2026-08-07T16:56:38Z,2026-08-21,14,55000.0,C,0.1505,0.1565,0.1531,64887.44,64807.84,0.43270000000000003,0.97827,1e-05,6.51159,0.0,0.0
2026-08-07T16:56:38Z,2026-08-21,14,55000.0,P,0.0006,0.0007,0.0007,64886.57,64807.84,0.43270000000000003,-0.02174,1e-05,6.51362,67.7,9.6
2026-08-07T16:56:38Z,2026-08-21,14,56000.0,C,0.135,0.141,0.1379,64886.57,64807.84,0.41159999999999997,0.97074,1e-05,8.35661,0.0,0.0
2026-08-07T16:56:38Z,2026-08-21,14,56000.0,P,0.0008,0.001,0.0009,64886.57,64807.84,0.41159999999999997,-0.02926,1e-05,8.35661,20.3,0.0
2026-08-07T16:56:38Z,2026-08-21,14,58000.0,C,0.106,0.11,0.108,64886.57,64807.84,0.375,0.94347,2e-05,14.25153,0.0,0.0
2026-08-07T16:56:38Z,2026-08-21,14,58000.0,P,0.0016,0.0019,0.0018,64886.57,64807.84,0.375,-0.05653,2e-05,14.25153,792.1,512.1
2026-08-07T16:56:38Z,2026-08-21,14,59000.0,C,0.091,0.0955,0.0933,64886.57,64807.84,0.3574,0.92101,3e-05,18.46129,0.0,0.0
2026-08-07T16:56:38Z,2026-08-21,14,59000.0,P,0.0023,0.0027,0.0025,64886.57,64807.84,0.3574,-0.07899,3e-05,18.46129,120.0,8.8
2026-08-07T16:56:38Z,2026-08-21,14,60000.0,C,0.077,0.081,0.0789,64886.57,64807.84,0.3398,0.88975,4e-05,23.61306,0.0,0.0
2026-08-07T16:56:38Z,2026-08-21,14,60000.0,P,0.0034,0.0038,0.0036,64886.57,64807.84,0.3398,-0.11025,4e-05,23.61306,579.6,54.5
2026-08-07T16:56:38Z,2026-08-21,14,61000.0,C,0.063,0.067,0.0652,64887.44,64807.84,0.3267,0.84379,6e-05,30.02951,2.0,0.0
2026-08-07T16:56:38Z,2026-08-21,14,61000.0,P,0.005,0.0055,0.0053,64886.57,64807.84,0.3267,-0.15626,6e-05,30.03555,403.8,26.0
2026-08-07T16:56:38Z,2026-08-21,14,62000.0,C,0.0505,0.054,0.0522,64886.45,64807.84,0.312,0.78378,7e-05,36.75383,26.1,0.0
2026-08-07T16:56:38Z,2026-08-21,14,62000.0,P,0.007,0.008,0.0077,64886.45,64807.84,0.312,-0.21622,7e-05,36.75345,193.2,82.6
2026-08-07T16:56:38Z,2026-08-21,14,63000.0,C,0.0385,0.0415,0.0402,64886.45,64807.84,0.2989,0.7053,9e-05,43.23845,16.5,0.0
2026-08-07T16:56:38Z,2026-08-21,14,63000.0,P,0.0105,0.0115,0.0111,64886.45,64807.84,0.2989,-0.2947,9e-05,43.23838,86.2,11.5
2026-08-07T16:56:38Z,2026-08-21,14,64000.0,C,0.029,0.0305,0.0296,64886.66,64807.84,0.2888,0.60814,0.00011,48.16842,44.1,0.3
2026-08-07T16:56:38Z,2026-08-21,14,64000.0,P,0.0155,0.0165,0.0159,64886.45,64807.84,0.2888,-0.39189,0.00011,48.16904,71.9,20.8
2026-08-07T16:56:38Z,2026-08-21,14,65000.0,C,0.02,0.021,0.0206,64886.45,64807.84,0.2787,0.49779,0.00011,50.0164,242.2,57.4
2026-08-07T16:56:38Z,2026-08-21,14,65000.0,P,0.022,0.023,0.0224,64886.45,64807.84,0.2787,-0.50221,0.00011,50.0164,98.0,69.0
2026-08-07T16:56:38Z,2026-08-21,14,66000.0,C,0.013,0.014,0.0136,64886.45,64807.84,0.2708,0.38245,0.00011,47.83,382.9,3.9
2026-08-07T16:56:38Z,2026-08-21,14,66000.0,P,0.03,0.0315,0.0307,64886.66,64807.84,0.2708,-0.61752,0.00011,47.83108,3.9,1.9
2026-08-07T16:56:38Z,2026-08-21,14,67000.0,C,0.008,0.009,0.0084,64886.45,64807.84,0.26539999999999997,0.27448,0.0001,41.79454,1092.1,199.9
2026-08-07T16:56:38Z,2026-08-21,14,67000.0,P,0.039,0.0425,0.041,64886.45,64807.84,0.26539999999999997,-0.72553,0.0001,41.79443,10.2,0.0
2026-08-07T16:56:38Z,2026-08-21,14,68000.0,C,0.0048,0.0055,0.005,64886.45,64807.84,0.2635,0.1854,8e-05,33.51134,1760.7,65.1
2026-08-07T16:56:38Z,2026-08-21,14,68000.0,P,0.0505,0.055,0.053,64886.45,64807.84,0.2635,-0.8146,8e-05,33.51091,0.0,0.0
2026-08-07T16:56:38Z,2026-08-21,14,69000.0,C,0.0027,0.0031,0.0029,64886.45,64807.84,0.2636,0.11869,6e-05,24.88659,474.6,48.4
2026-08-07T16:56:38Z,2026-08-21,14,69000.0,P,0.0635,0.0685,0.0663,64886.66,64807.84,0.2636,-0.8813,6e-05,24.88801,0.0,0.0
2026-08-07T16:56:38Z,2026-08-21,14,70000.0,C,0.0015,0.0018,0.0016,64886.45,64807.84,0.2646,0.07243,4e-05,17.28,1392.8,50.6
2026-08-07T16:56:38Z,2026-08-21,14,70000.0,P,0.0775,0.083,0.0804,64886.66,64807.84,0.2646,-0.92757,4e-05,17.28132,0.0,0.0
2026-08-07T16:56:38Z,2026-08-21,14,72000.0,C,0.0006,0.0008,0.0007,64886.45,64807.84,0.28550000000000003,0.03159,2e-05,8.90238,163.0,1.4
2026-08-07T16:56:38Z,2026-08-21,14,72000.0,P,0.106,0.1495,0.1103,64886.66,64807.84,0.28550000000000003,-0.96841,2e-05,8.90292,0.0,0.0
2026-08-07T16:56:38Z,2026-08-21,14,75000.0,C,0.0003,0.0004,0.0003,64886.45,64807.84,0.3392,0.01473,1e-05,4.67452,1501.9,5.4
2026-08-07T16:56:38Z,2026-08-21,14,75000.0,P,0.1515,0.191,0.1562,64886.66,64807.84,0.3392,-0.98527,1e-05,4.6748,0.0,0.0
2026-08-07T16:56:38Z,2026-08-28,21,40000.0,C,0.383,0.3865,0.3842,64949.77,64807.84,0.6936,0.99875,0.0,0.63985,23.4,0.0
2026-08-07T16:56:38Z,2026-08-28,21,40000.0,P,0.0,0.0001,0.0001,64949.77,64807.84,0.6936,-0.00125,0.0,0.63985,749.2,9.1
2026-08-07T16:56:38Z,2026-08-28,21,46000.0,C,0.2895,0.2945,0.292,64949.77,64807.84,0.5858,0.99456,0.0,2.40581,1.0,0.0
2026-08-07T16:56:38Z,2026-08-28,21,46000.0,P,0.0002,0.0003,0.0003,64949.56,64807.84,0.5858,-0.00544,0.0,2.40587,1731.8,30.0
2026-08-07T16:56:38Z,2026-08-28,21,48000.0,C,0.259,0.264,0.2614,64949.77,64807.84,0.5505,0.99125,0.0,3.66064,37.5,0.0
2026-08-07T16:56:38Z,2026-08-28,21,48000.0,P,0.0003,0.0005,0.0004,64949.44,64807.84,0.5505,-0.00875,0.0,3.66087,1637.8,26.2
2026-08-07T16:56:38Z,2026-08-28,21,50000.0,C,0.229,0.2335,0.2308,64949.44,64807.84,0.5188,0.98547,0.0,5.68824,51.0,0.0
2026-08-07T16:56:38Z,2026-08-28,21,50000.0,P,0.0006,0.0007,0.0007,64949.44,64807.84,0.5188,-0.01453,0.0,5.68824,2860.3,541.1
2026-08-07T16:56:38Z,2026-08-28,21,52000.0,C,0.198,0.2035,0.2004,64949.44,64807.84,0.4818,0.97717,1e-05,8.36069,51.0,0.0
2026-08-07T16:56:38Z,2026-08-28,21,52000.0,P,0.0009,0.0011,0.001,64949.38,64807.84,0.4818,-0.02283,1e-05,8.36082,1303.2,22.9
2026-08-07T16:56:38Z,2026-08-28,21,53000.0,C,0.1825,0.1875,0.1853,64949.44,64807.84,0.46380000000000005,0.97122,1e-05,10.15,10.9,0.0
2026-08-07T16:56:38Z,2026-08-28,21,53000.0,P,0.0012,0.0013,0.0013,64949.44,64807.84,0.46380000000000005,-0.02878,1e-05,10.15,687.3,235.1
2026-08-07T16:56:38Z,2026-08-28,21,54000.0,C,0.168,0.173,0.1702,64949.44,64807.84,0.4484,0.96288,1e-05,12.51918,12.2,0.0
2026-08-07T16:56:38Z,2026-08-28,21,54000.0,P,0.0015,0.0016,0.0016,64949.44,64807.84,0.4484,-0.03712,1e-05,12.51918,1492.5,53.1
2026-08-07T16:56:38Z,2026-08-28,21,55000.0,C,0.153,0.1575,0.1553,64949.44,64807.84,0.43060000000000004,0.95307,1e-05,15.13712,11.8,0.0
2026-08-07T16:56:38Z,2026-08-28,21,55000.0,P,0.0019,0.0021,0.0021,64949.44,64807.84,0.43060000000000004,-0.04693,1e-05,15.13712,1161.9,132.9
2026-08-07T16:56:38Z,2026-08-28,21,56000.0,C,0.1385,0.1425,0.1404,64949.44,64807.84,0.4132,0.94043,2e-05,18.28936,63.4,0.0
2026-08-07T16:56:38Z,2026-08-28,21,56000.0,P,0.0025,0.0027,0.0026,64949.44,64807.84,0.4132,-0.05957,2e-05,18.28936,1082.3,3.4
2026-08-07T16:56:38Z,2026-08-28,21,57000.0,C,0.124,0.1275,0.1257,64949.44,64807.84,0.3954,0.92448,2e-05,21.97103,28.5,0.0
2026-08-07T16:56:38Z,2026-08-28,21,57000.0,P,0.0031,0.0035,0.0033,64949.38,64807.84,0.3954,-0.07552,2e-05,21.97132,1017.4,3.0
2026-08-07T16:56:38Z,2026-08-28,21,58000.0,C,0.1095,0.113,0.1113,64949.44,64807.84,0.3796,0.90308,3e-05,26.48419,155.1,0.0
2026-08-07T16:56:38Z,2026-08-28,21,58000.0,P,0.004,0.0044,0.0043,64949.38,64807.84,0.3796,-0.09693,3e-05,26.48452,971.1,42.4
2026-08-07T16:56:38Z,2026-08-28,21,59000.0,C,0.095,0.099,0.0972,64949.44,64807.84,0.3651,0.87498,4e-05,31.78826,214.3,0.0
2026-08-07T16:56:38Z,2026-08-28,21,59000.0,P,0.005,0.006,0.0056,64949.44,64807.84,0.3651,-0.12502,4e-05,31.78826,824.7,8.7
2026-08-07T16:56:38Z,2026-08-28,21,60000.0,C,0.0815,0.0855,0.0835,64949.44,64807.84,0.3493,0.84041,5e-05,37.5046,435.9,65.3
2026-08-07T16:56:38Z,2026-08-28,21,60000.0,P,0.007,0.0075,0.0072,64949.38,64807.84,0.3493,-0.15959,5e-05,37.50498,1632.2,317.3
2026-08-07T16:56:38Z,2026-08-28,21,61000.0,C,0.069,0.072,0.0703,64949.44,64807.84,0.3344,0.79644,5e-05,43.68512,610.9,0.0
2026-08-07T16:56:38Z,2026-08-28,21,61000.0,P,0.009,0.0095,0.0094,64949.44,64807.84,0.3344,-0.20356,5e-05,43.68512,810.4,179.4
2026-08-07T16:56:38Z,2026-08-28,21,62000.0,C,0.0565,0.06,0.0582,64949.44,64807.84,0.32539999999999997,0.73876,6e-05,50.2051,902.2,5.1
2026-08-07T16:56:38Z,2026-08-28,21,62000.0,P,0.012,0.013,0.0127,64949.15,64807.84,0.32539999999999997,-0.26126,6e-05,50.20641,1255.0,480.3
2026-08-07T16:56:38Z,2026-08-28,21,63000.0,C,0.046,0.0475,0.0469,64949.38,64807.84,0.31579999999999997,0.67126,7e-05,55.82963,981.3,2.7
2026-08-07T16:56:38Z,2026-08-28,21,63000.0,P,0.0165,0.0175,0.0169,64949.15,64807.84,0.31579999999999997,-0.32875,7e-05,55.8306,665.2,5.1
2026-08-07T16:56:38Z,2026-08-28,21,64000.0,C,0.0365,0.0375,0.0369,64949.15,64807.84,0.3081,0.59392,8e-05,59.88149,532.0,2.0
2026-08-07T16:56:38Z,2026-08-28,21,64000.0,P,0.0215,0.0225,0.0223,64949.15,64807.84,0.3081,-0.40608,8e-05,59.88149,810.3,34.0
2026-08-07T16:56:38Z,2026-08-28,21,65000.0,C,0.028,0.029,0.0283,64949.15,64807.84,0.30210000000000004,0.50997,9e-05,61.57724,1391.8,251.8
2026-08-07T16:56:38Z,2026-08-28,21,65000.0,P,0.0285,0.0295,0.029,64949.15,64807.84,0.30210000000000004,-0.49003,9e-05,61.57724,844.6,79.7
2026-08-07T16:56:38Z,2026-08-28,21,66000.0,C,0.0205,0.0215,0.021,64949.15,64807.84,0.2962,0.42357,9e-05,60.46266,840.6,71.3
2026-08-07T16:56:38Z,2026-08-28,21,66000.0,P,0.0365,0.0375,0.0371,64949.38,64807.84,0.2962,-0.57641,9e-05,60.46345,219.9,51.2
2026-08-07T16:56:38Z,2026-08-28,21,67000.0,C,0.015,0.0155,0.0151,64949.15,64807.84,0.2914,0.33939,8e-05,56.53496,1261.0,413.1
2026-08-07T16:56:38Z,2026-08-28,21,67000.0,P,0.0455,0.0475,0.0466,64949.38,64807.84,0.2914,-0.66059,8e-05,56.53636,60.8,0.2
2026-08-07T16:56:38Z,2026-08-28,21,68000.0,C,0.01,0.011,0.0106,64949.15,64807.84,0.28850000000000003,0.2627,7e-05,50.34861,1214.0,386.8
2026-08-07T16:56:38Z,2026-08-28,21,68000.0,P,0.0555,0.059,0.0575,64949.38,64807.84,0.28850000000000003,-0.73728,7e-05,50.35044,84.3,0.0
2026-08-07T16:56:38Z,2026-08-28,21,69000.0,C,0.007,0.0075,0.0073,64949.15,64807.84,0.2873,0.19715,6e-05,42.85362,917.4,78.5
2026-08-07T16:56:38Z,2026-08-28,21,69000.0,P,0.067,0.0715,0.0696,64949.38,64807.84,0.2873,-0.80283,6e-05,42.85567,49.4,0.0
2026-08-07T16:56:38Z,2026-08-28,21,70000.0,C,0.0047,0.0055,0.005,64949.15,64807.84,0.2889,0.14547,5e-05,35.26844,2289.6,387.7
2026-08-07T16:56:38Z,2026-08-28,21,70000.0,P,0.08,0.085,0.0827,64949.38,64807.84,0.2889,-0.85451,5e-05,35.27049,181.5,0.0
2026-08-07T16:56:38Z,2026-08-28,21,71000.0,C,0.0033,0.0035,0.0033,64949.15,64807.84,0.289,0.10347,4e-05,27.77877,1464.7,17.7
2026-08-07T16:56:38Z,2026-08-28,21,71000.0,P,0.094,0.099,0.0964,64949.38,64807.84,0.289,-0.89652,4e-05,27.78018,11.5,0.0
2026-08-07T16:56:38Z,2026-08-28,21,72000.0,C,0.002,0.0024,0.0022,64949.15,64807.84,0.29109999999999997,0.07285,3e-05,21.3761,3030.5,20.4
2026-08-07T16:56:38Z,2026-08-28,21,72000.0,P,0.108,0.1135,0.1107,64949.38,64807.84,0.29109999999999997,-0.92714,3e-05,21.37767,86.3,0.0
2026-08-07T16:56:38Z,2026-08-28,21,73000.0,C,0.0014,0.0017,0.0015,64949.15,64807.84,0.2961,0.05211,2e-05,16.45708,1735.1,4.8
2026-08-07T16:56:38Z,2026-08-28,21,73000.0,P,0.1215,0.167,0.1254,64949.38,64807.84,0.2961,-0.94788,2e-05,16.45849,5.1,1.8
2026-08-07T16:56:38Z,2026-08-28,21,74000.0,C,0.001,0.0012,0.0011,64949.15,64807.84,0.3029,0.03788,2e-05,12.72782,1897.8,3.8
2026-08-07T16:56:38Z,2026-08-28,21,74000.0,P,0.137,0.181,0.1404,64949.15,64807.84,0.3029,-0.96212,2e-05,12.72827,3.3,0.0
2026-08-07T16:56:38Z,2026-08-28,21,75000.0,C,0.0007,0.0009,0.0008,64948.91,64807.84,0.3106,0.02796,1e-05,9.90892,2421.3,10.8
2026-08-07T16:56:38Z,2026-08-28,21,75000.0,P,0.152,0.1595,0.1555,64949.15,64807.84,0.3106,-0.97203,1e-05,9.90991,44.2,0.0
2026-08-07T16:56:38Z,2026-08-28,21,76000.0,C,0.0005,0.0007,0.0006,64948.91,64807.84,0.3193,0.02107,1e-05,7.81233,919.2,0.3
2026-08-07T16:56:38Z,2026-08-28,21,76000.0,P,0.167,0.1735,0.1707,64949.15,64807.84,0.3193,-0.97893,1e-05,7.81314,5.4,0.0
2026-08-07T16:56:38Z,2026-08-28,21,77000.0,C,0.0004,0.0006,0.0005,64948.91,64807.84,0.3323,0.0172,1e-05,6.57639,227.1,38.0
2026-08-07T16:56:38Z,2026-08-28,21,77000.0,P,0.182,0.189,0.186,64949.15,64807.84,0.3323,-0.98279,1e-05,6.57706,3.4,0.0
2026-08-07T16:56:38Z,2026-08-28,21,78000.0,C,0.0003,0.0005,0.0004,64948.91,64807.84,0.34259999999999996,0.01363,1e-05,5.38573,1271.3,90.0
2026-08-07T16:56:38Z,2026-08-28,21,78000.0,P,0.197,0.2415,0.2013,64949.15,64807.84,0.34259999999999996,-0.98636,1e-05,5.38629,4.1,0.0
2026-08-07T16:56:38Z,2026-08-28,21,79000.0,C,0.0003,0.0004,0.0003,64948.91,64807.84,0.3494,0.01027,1e-05,4.21022,668.8,3.3
2026-08-07T16:56:38Z,2026-08-28,21,79000.0,P,0.212,0.2515,0.2166,64949.15,64807.84,0.3494,-0.98973,1e-05,4.21067,0.7,0.0
2026-08-07T16:56:38Z,2026-08-28,21,80000.0,C,0.0002,0.0003,0.0002,64948.91,64807.84,0.3614,0.00859,0.0,3.60165,2144.6,16.5
2026-08-07T16:56:38Z,2026-08-28,21,80000.0,P,0.2275,0.2365,0.232,64949.15,64807.84,0.3614,-0.99141,0.0,3.60203,29.5,0.0
2026-08-07T16:56:38Z,2026-08-28,21,81000.0,C,0.0002,0.0003,0.0002,64948.91,64807.84,0.3801,0.00822,0.0,3.46679,1451.3,0.1
2026-08-07T16:56:38Z,2026-08-28,21,81000.0,P,0.243,0.287,0.2474,64949.15,64807.84,0.3801,-0.99178,0.0,3.46702,0.1,0.0
2026-08-07T16:56:38Z,2026-08-28,21,82000.0,C,0.0002,0.0003,0.0002,64948.91,64807.84,0.3956,0.00751,0.0,3.19959,1506.4,0.0
2026-08-07T16:56:38Z,2026-08-28,21,82000.0,P,0.2585,0.3,0.2627,64949.15,64807.84,0.3956,-0.99249,0.0,3.19991,1.5,0.0
2026-08-07T16:56:38Z,2026-08-28,21,83000.0,C,0.0001,0.0003,0.0002,64948.91,64807.84,0.4019,0.00589,0.0,2.58158,473.8,0.0
2026-08-07T16:56:38Z,2026-08-28,21,83000.0,P,0.273,0.318,0.2781,64949.15,64807.84,0.4019,-0.99411,0.0,2.58185,0.1,0.0
2026-08-07T16:56:38Z,2026-08-28,21,84000.0,C,0.0001,0.0002,0.0001,64948.91,64807.84,0.4106,0.00485,0.0,2.17298,60.2,1.7
2026-08-07T16:56:38Z,2026-08-28,21,84000.0,P,0.289,0.334,0.2935,64949.15,64807.84,0.4106,-0.99515,0.0,2.1732,0.8,0.0
2026-08-07T16:56:38Z,2026-08-28,21,85000.0,C,0.0001,0.0002,0.0001,64949.15,64807.84,0.4255,0.00454,0.0,2.04774,319.2,0.5
2026-08-07T16:56:38Z,2026-08-28,21,85000.0,P,0.3035,0.312,0.3088,64949.15,64807.84,0.4255,-0.99546,0.0,2.04774,0.8,0.0
2026-08-07T16:56:38Z,2026-08-28,21,86000.0,C,0.0001,0.0002,0.0001,64949.15,64807.84,0.44179999999999997,0.00439,0.0,1.98844,190.4,0.6
2026-08-07T16:56:38Z,2026-08-28,21,86000.0,P,0.319,0.3635,0.3242,64949.15,64807.84,0.44179999999999997,-0.99561,0.0,1.98844,0.0,0.0
2026-08-07T16:56:38Z,2026-08-28,21,88000.0,C,0.0001,0.0002,0.0001,64948.91,64807.84,0.47369999999999995,0.00413,0.0,1.88332,184.8,0.0
2026-08-07T16:56:38Z,2026-08-28,21,88000.0,P,0.35,0.3585,0.355,64948.91,64807.84,0.47369999999999995,-0.99587,0.0,1.88332,0.0,0.0
2026-08-07T16:56:38Z,2026-08-28,21,90000.0,C,0.0001,0.0002,0.0001,64948.91,64807.84,0.5046,0.00391,0.0,1.79271,329.8,0.3
2026-08-07T16:56:38Z,2026-08-28,21,90000.0,P,0.381,0.39,0.3858,64948.91,64807.84,0.5046,-0.99609,0.0,1.79271,11.1,0.0
2026-08-07T16:56:38Z,2026-08-28,21,92000.0,C,0.0001,0.0002,0.0001,64948.91,64807.84,0.5345,0.00372,0.0,1.71363,66.7,3.0
2026-08-07T16:56:38Z,2026-08-28,21,92000.0,P,0.4115,0.4635,0.4166,64949.18,64807.84,0.5345,-0.99628,0.0,1.71385,1.5,0.0
2026-08-07T16:56:38Z,2026-08-28,21,94000.0,C,0.0,0.0002,0.0001,64948.91,64807.84,0.5542,0.00307,0.0,1.44315,220.7,5.0
2026-08-07T16:56:38Z,2026-08-28,21,94000.0,P,0.442,0.4965,0.4474,64949.18,64807.84,0.5542,-0.99693,0.0,1.44328,0.0,0.0
2026-08-07T16:56:38Z,2026-08-28,21,95000.0,C,0.0,0.0002,0.0001,64948.91,64807.84,0.5589,0.00259,0.0,1.23718,58.3,6.0
2026-08-07T16:56:38Z,2026-08-28,21,95000.0,P,0.4575,0.5055,0.4628,64948.91,64807.84,0.5589,-0.99741,0.0,1.23718,0.3,0.0
2026-08-07T16:56:38Z,2026-08-28,21,96000.0,C,0.0,0.0001,0.0001,64948.91,64807.84,0.5656,0.00226,0.0,1.09532,25.7,0.0
2026-08-07T16:56:38Z,2026-08-28,21,96000.0,P,0.472,0.5235,0.4782,64948.91,64807.84,0.5656,-0.99774,0.0,1.09532,0.2,0.0
2026-08-07T16:56:38Z,2026-08-28,21,98000.0,C,0.0,0.0001,0.0001,64948.91,64807.84,0.5866,0.00199,0.0,0.9731,161.0,0.0
2026-08-07T16:56:38Z,2026-08-28,21,98000.0,P,0.5035,0.557,0.5089,64948.91,64807.84,0.5866,-0.99801,0.0,0.9731,0.0,0.0
2026-08-07T16:56:38Z,2026-08-28,21,100000.0,C,0.0,0.0001,0.0001,64948.91,64807.84,0.5975,0.0015,0.0,0.75381,189.9,0.0
2026-08-07T16:56:38Z,2026-08-28,21,100000.0,P,0.534,0.591,0.5397,64948.91,64807.84,0.5975,-0.9985,0.0,0.75381,0.5,0.0
2026-08-07T16:56:38Z,2026-08-28,21,105000.0,C,0.0,0.0001,0.0,64948.91,64807.84,0.6336999999999999,0.00092,0.0,0.48367,169.2,0.0
2026-08-07T16:56:38Z,2026-08-28,21,105000.0,P,0.6105,0.671,0.6167,64948.91,64807.84,0.6336999999999999,-0.99908,0.0,0.48367,1.0,0.0
2026-08-07T16:56:38Z,2026-08-28,21,110000.0,C,0.0,0.0001,0.0,64948.91,64807.84,0.6575,0.0005,0.0,0.27258,105.0,0.0
2026-08-07T16:56:38Z,2026-08-28,21,110000.0,P,0.687,0.751,0.6936,64948.91,64807.84,0.6575,-0.9995,0.0,0.27258,0.2,0.0
2026-08-07T16:56:38Z,2026-09-25,49,30000.0,C,0.5395,0.541,0.5402,65164.9,64807.84,0.8785,0.99505,0.0,3.40767,134.0,0.0
2026-08-07T16:56:38Z,2026-09-25,49,30000.0,P,0.0005,0.0006,0.0006,65165.49,64807.84,0.8785,-0.00495,0.0,3.40745,2585.1,1.2
2026-08-07T16:56:38Z,2026-09-25,49,35000.0,C,0.4625,0.4655,0.4637,65164.9,64807.84,0.7481,0.99209,0.0,5.16481,29.3,0.0
2026-08-07T16:56:38Z,2026-09-25,49,35000.0,P,0.0006,0.001,0.0008,65165.49,64807.84,0.7481,-0.00791,0.0,5.16444,896.3,13.6
2026-08-07T16:56:38Z,2026-09-25,49,40000.0,C,0.386,0.389,0.3875,65164.9,64807.84,0.6507999999999999,0.98512,0.0,8.943,34.4,0.0
2026-08-07T16:56:38Z,2026-09-25,49,40000.0,P,0.0012,0.0014,0.0014,65164.9,64807.84,0.6507999999999999,-0.01488,0.0,8.943,2309.4,111.3
2026-08-07T16:56:38Z,2026-09-25,49,45000.0,C,0.31,0.314,0.3118,65164.9,64807.84,0.561,0.97197,0.0,15.29532,224.8,80.6
2026-08-07T16:56:38Z,2026-09-25,49,45000.0,P,0.0022,0.0024,0.0024,65164.71,64807.84,0.561,-0.02803,0.0,15.2955,2174.4,21.1
2026-08-07T16:56:38Z,2026-09-25,49,50000.0,C,0.235,0.239,0.2372,65164.71,64807.84,0.4818,0.94456,1e-05,26.62598,30.5,0.0
2026-08-07T16:56:38Z,2026-09-25,49,50000.0,P,0.0042,0.0044,0.0044,65164.71,64807.84,0.4818,-0.05544,1e-05,26.62598,3731.5,184.5
2026-08-07T16:56:38Z,2026-09-25,49,52000.0,C,0.206,0.2095,0.2078,65164.92,64807.84,0.4526,0.92629,1e-05,33.22592,75.0,0.0
2026-08-07T16:56:38Z,2026-09-25,49,52000.0,P,0.0055,0.006,0.0058,65164.92,64807.84,0.4526,-0.07371,1e-05,33.22592,1245.1,17.1
2026-08-07T16:56:38Z,2026-09-25,49,54000.0,C,0.1775,0.181,0.1793,65164.92,64807.84,0.4291,0.89941,2e-05,41.92093,7.2,0.0
2026-08-07T16:56:38Z,2026-09-25,49,54000.0,P,0.0075,0.008,0.008,65164.71,64807.84,0.4291,-0.10059,2e-05,41.92189,600.3,78.3
2026-08-07T16:56:38Z,2026-09-25,49,55000.0,C,0.1635,0.167,0.1651,65164.92,64807.84,0.41450000000000004,0.88428,2e-05,46.3733,143.7,60.0
2026-08-07T16:56:38Z,2026-09-25,49,55000.0,P,0.0085,0.0095,0.0091,65164.71,64807.84,0.41450000000000004,-0.11573,2e-05,46.37433,2609.1,3.9
2026-08-07T16:56:38Z,2026-09-25,49,56000.0,C,0.1495,0.1535,0.1514,65164.71,64807.84,0.40409999999999996,0.86462,2e-05,51.74067,12.2,0.0
2026-08-07T16:56:38Z,2026-09-25,49,56000.0,P,0.0105,0.011,0.0108,65164.71,64807.84,0.40409999999999996,-0.13538,2e-05,51.74067,1295.1,16.3
2026-08-07T16:56:38Z,2026-09-25,49,58000.0,C,0.123,0.127,0.125,65164.71,64807.84,0.3846,0.81594,3e-05,63.28869,460.8,0.0
2026-08-07T16:56:38Z,2026-09-25,49,58000.0,P,0.0145,0.015,0.0151,65164.71,64807.84,0.3846,-0.18406,3e-05,63.28869,1205.8,7.7
2026-08-07T16:56:38Z,2026-09-25,49,60000.0,C,0.099,0.102,0.1005,65164.71,64807.84,0.36840000000000006,0.75216,4e-05,75.23535,852.4,5.0
2026-08-07T16:56:38Z,2026-09-25,49,60000.0,P,0.021,0.0215,0.0212,65164.92,64807.84,0.36840000000000006,-0.24783,4e-05,75.23437,4675.9,148.9
2026-08-07T16:56:38Z,2026-09-25,49,62000.0,C,0.0775,0.0795,0.0783,65164.92,64807.84,0.3546,0.67341,4e-05,85.77717,680.5,0.0
2026-08-07T16:56:38Z,2026-09-25,49,62000.0,P,0.029,0.03,0.0297,65164.71,64807.84,0.3546,-0.3266,4e-05,85.77785,1144.7,53.3
2026-08-07T16:56:38Z,2026-09-25,49,64000.0,C,0.0585,0.06,0.0593,65164.71,64807.84,0.3455,0.58163,5e-05,92.89522,594.0,12.5
2026-08-07T16:56:38Z,2026-09-25,49,64000.0,P,0.0405,0.042,0.0414,65164.71,64807.84,0.3455,-0.41837,5e-05,92.89522,634.2,8.9
2026-08-07T16:56:38Z,2026-09-25,49,65000.0,C,0.0505,0.0515,0.0509,65164.71,64807.84,0.34159999999999996,0.53293,5e-05,94.56539,1299.5,100.9
2026-08-07T16:56:38Z,2026-09-25,49,65000.0,P,0.0475,0.049,0.0484,65164.71,64807.84,0.34159999999999996,-0.46707,5e-05,94.56539,658.5,36.7
2026-08-07T16:56:38Z,2026-09-25,49,66000.0,C,0.0425,0.044,0.0433,65164.71,64807.84,0.3375,0.48333,5e-05,94.80597,1015.1,32.8
2026-08-07T16:56:38Z,2026-09-25,49,66000.0,P,0.0555,0.0565,0.0561,65164.71,64807.84,0.3375,-0.51667,5e-05,94.80597,872.9,1.3
2026-08-07T16:56:38Z,2026-09-25,49,68000.0,C,0.03,0.031,0.0305,65164.92,64807.84,0.33140000000000003,0.38529,5e-05,90.93925,809.7,25.8
2026-08-07T16:56:38Z,2026-09-25,49,68000.0,P,0.072,0.075,0.074,65165.47,64807.84,0.33140000000000003,-0.61468,5e-05,90.94185,633.9,0.0
2026-08-07T16:56:38Z,2026-09-25,49,70000.0,C,0.0205,0.0215,0.0208,65165.47,64807.84,0.32689999999999997,0.29457,4e-05,82.01245,6371.1,66.0
2026-08-07T16:56:38Z,2026-09-25,49,70000.0,P,0.0935,0.097,0.095,65164.72,64807.84,0.32689999999999997,-0.70546,4e-05,82.00723,1514.2,0.1
2026-08-07T16:56:38Z,2026-09-25,49,72000.0,C,0.014,0.0145,0.0141,65165.47,64807.84,0.3264,0.21843,4e-05,70.13715,2754.9,244.8
2026-08-07T16:56:38Z,2026-09-25,49,72000.0,P,0.1165,0.121,0.119,65164.72,64807.84,0.3264,-0.7816,4e-05,70.13107,274.7,0.0
2026-08-07T16:56:38Z,2026-09-25,49,74000.0,C,0.009,0.0095,0.0093,65165.47,64807.84,0.3272,0.15748,3e-05,57.27414,841.3,205.2
2026-08-07T16:56:38Z,2026-09-25,49,74000.0,P,0.142,0.1475,0.1449,65164.72,64807.84,0.3272,-0.84254,3e-05,57.26793,110.7,0.0
2026-08-07T16:56:38Z,2026-09-25,49,75000.0,C,0.007,0.008,0.0075,65165.47,64807.84,0.3273,0.13201,3e-05,50.85213,3521.6,22.9
2026-08-07T16:56:38Z,2026-09-25,49,75000.0,P,0.1555,0.161,0.1585,65165.47,64807.84,0.3273,-0.86799,3e-05,50.85213,2967.5,0.2
2026-08-07T16:56:38Z,2026-09-25,49,76000.0,C,0.0055,0.0065,0.006,65164.72,64807.84,0.3273,0.10975,2e-05,44.65239,2582.5,303.3
2026-08-07T16:56:38Z,2026-09-25,49,76000.0,P,0.1695,0.175,0.1723,65164.72,64807.84,0.3273,-0.89025,2e-05,44.65239,599.6,0.0
2026-08-07T16:56:38Z,2026-09-25,49,78000.0,C,0.004,0.0043,0.0041,65165.47,64807.84,0.3331,0.0781,2e-05,34.72366,4744.7,306.8
2026-08-07T16:56:38Z,2026-09-25,49,78000.0,P,0.198,0.204,0.2011,65165.47,64807.84,0.3331,-0.9219,2e-05,34.72366,629.3,0.0
2026-08-07T16:56:38Z,2026-09-25,49,80000.0,C,0.0027,0.003,0.0028,65165.47,64807.84,0.34020000000000006,0.05598,1e-05,26.8309,3217.7,9.9
2026-08-07T16:56:38Z,2026-09-25,49,80000.0,P,0.226,0.2345,0.2305,65165.47,64807.84,0.34020000000000006,-0.94402,1e-05,26.8309,612.6,0.0
2026-08-07T16:56:38Z,2026-09-25,49,82000.0,C,0.0021,0.0023,0.0022,65164.72,64807.84,0.35340000000000005,0.04299,1e-05,21.73059,2534.6,7.3
2026-08-07T16:56:38Z,2026-09-25,49,82000.0,P,0.2555,0.2645,0.2605,65165.47,64807.84,0.35340000000000005,-0.957,1e-05,21.73417,194.1,0.0
2026-08-07T16:56:38Z,2026-09-25,49,84000.0,C,0.0015,0.0017,0.0016,65164.72,64807.84,0.36219999999999997,0.03186,1e-05,17.00943,1664.6,82.5
2026-08-07T16:56:38Z,2026-09-25,49,84000.0,P,0.2855,0.2945,0.2906,65165.47,64807.84,0.36219999999999997,-0.96814,1e-05,17.01237,34.7,0.0
2026-08-07T16:56:38Z,2026-09-25,49,85000.0,C,0.0012,0.0015,0.0013,65164.72,64807.84,0.36560000000000004,0.02714,1e-05,14.88808,1198.9,5.3
2026-08-07T16:56:38Z,2026-09-25,49,85000.0,P,0.301,0.31,0.3057,65165.47,64807.84,0.36560000000000004,-0.97286,1e-05,14.89073,453.0,0.0
2026-08-07T16:56:38Z,2026-09-25,49,86000.0,C,0.0012,0.0014,0.0013,65164.72,64807.84,0.37670000000000003,0.02564,1e-05,14.20002,872.6,276.2
2026-08-07T16:56:38Z,2026-09-25,49,86000.0,P,0.316,0.3665,0.321,65164.72,64807.84,0.37670000000000003,-0.97436,1e-05,14.20002,11.6,0.0
2026-08-07T16:56:38Z,2026-09-25,49,88000.0,C,0.0007,0.001,0.0009,65165.47,64807.84,0.3797,0.01795,0.0,10.50223,655.6,0.8
2026-08-07T16:56:38Z,2026-09-25,49,88000.0,P,0.3455,0.3955,0.3513,65165.46,64807.84,0.3797,-0.98206,0.0,10.50188,5.7,0.0
2026-08-07T16:56:38Z,2026-09-25,49,90000.0,C,0.0006,0.0008,0.0007,65165.02,64807.84,0.3937,0.01481,0.0,8.90721,3018.7,0.8
2026-08-07T16:56:38Z,2026-09-25,49,90000.0,P,0.3765,0.3865,0.3818,65165.02,64807.84,0.3937,-0.98519,0.0,8.90721,586.2,0.0
2026-08-07T16:56:38Z,2026-09-25,49,92000.0,C,0.0004,0.0006,0.0005,65165.46,64807.84,0.3998,0.011,0.0,6.8867,489.9,0.3
2026-08-07T16:56:38Z,2026-09-25,49,92000.0,P,0.398,0.444,0.4123,65165.02,64807.84,0.3998,-0.989,0.0,6.88592,4.0,0.0
2026-08-07T16:56:38Z,2026-09-25,49,94000.0,C,0.0004,0.0006,0.0004,65165.02,64807.84,0.41259999999999997,0.0092,0.0,5.89427,169.0,0.0
2026-08-07T16:56:38Z,2026-09-25,49,94000.0,P,0.4375,0.4525,0.4429,65165.46,64807.84,0.41259999999999997,-0.9908,0.0,5.89493,1.9,0.0
2026-08-07T16:56:38Z,2026-09-25,49,95000.0,C,0.0003,0.0005,0.0004,65165.02,64807.84,0.4203,0.00864,0.0,5.58091,1862.7,0.2
2026-08-07T16:56:38Z,2026-09-25,49,95000.0,P,0.452,0.4625,0.4582,65165.02,64807.84,0.4203,-0.99136,0.0,5.58091,147.6,0.0
2026-08-07T16:56:38Z,2026-09-25,49,96000.0,C,0.0003,0.0005,0.0004,65165.46,64807.84,0.4257,0.00785,0.0,5.12648,306.4,0.3
2026-08-07T16:56:38Z,2026-09-25,49,96000.0,P,0.468,0.4775,0.4736,65165.46,64807.84,0.4257,-0.99215,0.0,5.12648,1.0,0.0
2026-08-07T16:56:38Z,2026-09-25,49,98000.0,C,0.0003,0.0004,0.0004,65165.46,64807.84,0.4449,0.00752,0.0,4.93828,344.0,0.3
2026-08-07T16:56:38Z,2026-09-25,49,98000.0,P,0.4985,0.509,0.5042,65165.02,64807.84,0.4449,-0.99248,0.0,4.93775,0.1,0.0
2026-08-07T16:56:38Z,2026-09-25,49,100000.0,C,0.0002,0.0005,0.0003,65165.02,64807.84,0.4497,0.00575,0.0,3.89572,3631.1,0.0
2026-08-07T16:56:38Z,2026-09-25,49,100000.0,P,0.5285,0.5395,0.5348,65165.46,64807.84,0.4497,-0.99425,0.0,3.89615,431.5,68.0
2026-08-07T16:56:38Z,2026-09-25,49,102000.0,C,0.0002,0.0005,0.0003,65165.02,64807.84,0.4678,0.00556,0.0,3.77999,91.3,0.0
2026-08-07T16:56:38Z,2026-09-25,49,102000.0,P,0.559,0.6175,0.5655,65165.02,64807.84,0.4678,-0.99444,0.0,3.77999,0.4,0.0
2026-08-07T16:56:38Z,2026-09-25,49,105000.0,C,0.0001,0.0004,0.0002,65165.02,64807.84,0.478,0.00406,0.0,2.85583,1206.6,0.5
2026-08-07T16:56:38Z,2026-09-25,49,105000.0,P,0.605,0.6165,0.6115,65165.46,64807.84,0.478,-0.99594,0.0,2.85614,104.6,0.0
2026-08-07T16:56:38Z,2026-09-25,49,110000.0,C,0.0001,0.0003,0.0002,65165.02,64807.84,0.5138,0.00349,0.0,2.49274,1293.7,24.0
2026-08-07T16:56:38Z,2026-09-25,49,110000.0,P,0.6815,0.6935,0.6882,65165.02,64807.84,0.5138,-0.99651,0.0,2.49274,116.1,0.0
2026-08-07T16:56:38Z,2026-09-25,49,115000.0,C,0.0001,0.0003,0.0002,65165.46,64807.84,0.5483,0.00309,0.0,2.23413,2175.9,0.2
2026-08-07T16:56:38Z,2026-09-25,49,115000.0,P,0.757,0.7705,0.7649,65165.02,64807.84,0.5483,-0.99691,0.0,2.2339,92.4,0.0
2026-08-07T16:56:38Z,2026-09-25,49,120000.0,C,0.0001,0.0002,0.0002,65165.02,64807.84,0.5838,0.0029,0.0,2.10983,1138.6,0.1
2026-08-07T16:56:38Z,2026-09-25,49,120000.0,P,0.8335,0.848,0.8416,65165.02,64807.84,0.5838,-0.9971,0.0,2.10983,174.5,0.0
2026-08-07T16:56:38Z,2026-09-25,49,125000.0,C,0.0001,0.0003,0.0001,65165.0,64807.84,0.6061,0.0023,0.0,1.71073,2323.7,0.0
2026-08-07T16:56:38Z,2026-09-25,49,125000.0,P,0.8885,0.925,0.9183,65163.44,64807.84,0.6061,-0.9977,0.0,1.71016,21.8,0.0
2026-08-07T16:56:38Z,2026-09-25,49,130000.0,C,0.0001,0.0002,0.0001,65163.44,64807.84,0.6346,0.00208,0.0,1.56263,1431.8,0.0
2026-08-07T16:56:38Z,2026-09-25,49,130000.0,P,0.987,1.069,0.9951,65163.44,64807.84,0.6346,-0.99792,0.0,1.56263,21.4,0.0
2026-08-07T16:56:38Z,2026-09-25,49,135000.0,C,0.0,0.0002,0.0001,65163.44,64807.84,0.6678000000000001,0.00208,0.0,1.56085,271.9,0.1
2026-08-07T16:56:38Z,2026-09-25,49,135000.0,P,1.002,1.1485,1.0718,65165.0,64807.84,0.6678000000000001,-0.99792,0.0,1.56133,11.5,0.0
2026-08-07T16:56:38Z,2026-09-25,49,140000.0,C,0.0,0.0001,0.0001,65163.44,64807.84,0.6972,0.002,0.0,1.50881,1184.4,0.1
2026-08-07T16:56:38Z,2026-09-25,49,140000.0,P,1.076,1.228,1.1485,65163.44,64807.84,0.6972,-0.998,0.0,1.50881,1.4,0.0
2026-08-07T16:56:38Z,2026-09-25,49,145000.0,C,0.0,0.0001,0.0001,65165.0,64807.84,0.6992,0.00132,0.0,1.03471,493.3,0.1
2026-08-07T16:56:38Z,2026-09-25,49,145000.0,P,1.15,1.307,1.2252,65165.0,64807.84,0.6992,-0.99868,0.0,1.03471,0.2,0.0
2026-08-07T16:56:38Z,2026-09-25,49,150000.0,C,0.0,0.0001,0.0001,65165.0,64807.84,0.7256999999999999,0.00128,0.0,1.0071,736.8,0.1
2026-08-07T16:56:38Z,2026-09-25,49,150000.0,P,1.2245,1.387,1.3019,65163.44,64807.84,0.7256999999999999,-0.99872,0.0,1.0068,0.7,0.0
2026-08-07T16:56:38Z,2026-09-25,49,155000.0,C,0.0,0.0002,0.0001,65165.0,64807.84,0.7511,0.00125,0.0,0.98185,363.1,0.1
2026-08-07T16:56:38Z,2026-09-25,49,155000.0,P,1.2985,1.4665,1.3787,65163.44,64807.84,0.7511,-0.99875,0.0,0.98157,0.1,0.0
2026-08-07T16:56:38Z,2026-09-25,49,160000.0,C,0.0,0.0002,0.0001,65163.44,64807.84,0.7532,0.00087,0.0,0.70788,1444.3,0.0
2026-08-07T16:56:38Z,2026-09-25,49,160000.0,P,1.373,1.5455,1.4554,65163.44,64807.84,0.7532,-0.99913,0.0,0.70788,0.6,0.0
2026-08-07T16:56:38Z,2026-09-25,49,165000.0,C,0.0,0.0002,0.0,65163.44,64807.84,0.7532,0.00059,0.0,0.49556,184.2,0.0
2026-08-07T16:56:38Z,2026-09-25,49,165000.0,P,1.4465,1.6245,1.5321,65163.44,64807.84,0.7532,-0.99941,0.0,0.49556,0.0,0.0
2026-08-07T16:56:38Z,2026-09-25,49,170000.0,C,0.0,0.0002,0.0,65165.0,64807.84,0.7532,0.0004,0.0,0.34657,359.5,0.0
2026-08-07T16:56:38Z,2026-09-25,49,170000.0,P,1.521,1.704,1.6088,65163.44,64807.84,0.7532,-0.9996,0.0,0.34646,0.0,0.0
2026-08-07T16:56:38Z,2026-09-25,49,175000.0,C,0.0,0.0002,0.0,65163.44,64807.84,0.7532,0.00027,0.0,0.242,1355.3,0.0
2026-08-07T16:56:38Z,2026-09-25,49,175000.0,P,1.595,1.7835,1.6855,65163.44,64807.84,0.7532,-0.99973,0.0,0.242,0.2,0.0
2026-08-07T16:56:38Z,2026-09-25,49,180000.0,C,0.0,0.0002,0.0,65163.44,64807.84,0.7532,0.00019,0.0,0.16895,748.1,0.0
2026-08-07T16:56:38Z,2026-09-25,49,180000.0,P,1.6695,1.863,1.7622,65163.44,64807.84,0.7532,-0.99981,0.0,0.16895,7.3,0.0
2026-08-07T16:56:38Z,2026-09-25,49,190000.0,C,0.0,0.0002,0.0,65163.43,64807.84,0.7537999999999999,9e-05,0.0,0.08326,772.5,0.0
2026-08-07T16:56:38Z,2026-09-25,49,190000.0,P,1.8175,2.0215,1.9158,65163.43,64807.84,0.7537999999999999,-0.99991,0.0,0.08326,0.0,0.0
2026-08-07T16:56:38Z,2026-09-25,49,200000.0,C,0.0,0.0002,0.0,65163.44,64807.84,0.7537999999999999,4e-05,0.0,0.04065,1009.2,0.0
2026-08-07T16:56:38Z,2026-09-25,49,200000.0,P,1.9655,2.1805,2.0692,65163.44,64807.84,0.7537999999999999,-0.99996,0.0,0.04065,0.1,0.0
2026-08-07T16:56:38Z,2026-09-25,49,220000.0,C,0.0,0.0002,0.0,65163.43,64807.84,0.7537999999999999,1e-05,0.0,0.00978,230.1,0.0
2026-08-07T16:56:38Z,2026-09-25,49,220000.0,P,2.263,2.4985,2.3761,65163.43,64807.84,0.7537999999999999,-0.99999,0.0,0.00978,1.8,0.0
2026-08-07T16:56:38Z,2026-09-25,49,240000.0,C,0.0,0.0002,0.0,65163.44,64807.84,0.7551000000000001,0.0,0.0,0.00249,220.1,0.2
2026-08-07T16:56:38Z,2026-09-25,49,240000.0,P,2.559,2.8165,2.683,65163.44,64807.84,0.7551000000000001,-1.0,0.0,0.00249,0.0,0.0
2026-08-07T16:56:38Z,2026-09-25,49,260000.0,C,0.0,0.0001,0.0,65163.44,64807.84,0.7883,0.0,0.0,0.00178,292.0,0.3
2026-08-07T16:56:38Z,2026-09-25,49,260000.0,P,2.8555,3.1345,2.99,65163.44,64807.84,0.7883,-1.0,0.0,0.00178,0.0,0.0
2026-08-07T16:56:38Z,2026-09-25,49,280000.0,C,0.0,0.0001,0.0,65163.43,64807.84,0.8151,0.0,0.0,0.00119,91.7,0.0
2026-08-07T16:56:38Z,2026-09-25,49,280000.0,P,3.152,3.4525,3.2969,65163.44,64807.84,0.8151,-1.0,0.0,0.00119,0.0,0.0
2026-08-07T16:56:38Z,2026-09-25,49,300000.0,C,0.0,0.0001,0.0,65163.43,64807.84,0.8497,0.0,0.0,0.0011,192.1,0.0
2026-08-07T16:56:38Z,2026-09-25,49,300000.0,P,3.4485,3.7705,3.6038,65163.44,64807.84,0.8497,-1.0,0.0,0.0011,0.0,0.0
2026-08-07T16:56:38Z,2026-09-25,49,320000.0,C,0.0,0.0001,0.0,65163.44,64807.84,0.8542000000000001,0.0,0.0,0.00046,276.6,0.0
2026-08-07T16:56:38Z,2026-09-25,49,320000.0,P,3.745,4.0885,3.9107,65163.44,64807.84,0.8542000000000001,-1.0,0.0,0.00046,25.1,0.0
2026-08-07T16:56:38Z,2026-10-30,84,40000.0,C,0.391,0.3945,0.3925,65438.95,64807.84,0.5937,0.96956,0.0,21.57358,0.0,0.0
2026-08-07T16:56:38Z,2026-10-30,84,40000.0,P,0.0035,0.0039,0.0037,65438.95,64807.84,0.5937,-0.03044,0.0,21.57358,6.2,0.9
2026-08-07T16:56:38Z,2026-10-30,84,45000.0,C,0.3165,0.321,0.3184,65438.95,64807.84,0.5219,0.9478,1e-05,33.42916,0.0,0.0
2026-08-07T16:56:38Z,2026-10-30,84,45000.0,P,0.0055,0.0065,0.0061,65438.95,64807.84,0.5219,-0.0522,1e-05,33.42916,32.2,31.0
2026-08-07T16:56:38Z,2026-10-30,84,48000.0,C,0.2735,0.2775,0.2751,65438.95,64807.84,0.48810000000000003,0.92555,1e-05,44.09048,0.1,0.0
2026-08-07T16:56:38Z,2026-10-30,84,48000.0,P,0.008,0.009,0.0086,65438.95,64807.84,0.48810000000000003,-0.07445,1e-05,44.09048,152.1,20.4
2026-08-07T16:56:38Z,2026-10-30,84,50000.0,C,0.245,0.249,0.2465,65438.95,64807.84,0.4643,0.9069,1e-05,52.15726,0.1,0.0
2026-08-07T16:56:38Z,2026-10-30,84,50000.0,P,0.01,0.011,0.0106,65438.95,64807.84,0.4643,-0.0931,1e-05,52.15726,68.7,3.6
2026-08-07T16:56:38Z,2026-10-30,84,52000.0,C,0.217,0.2215,0.219,65438.95,64807.84,0.4459,0.88174,1e-05,62.01681,0.1,0.0
2026-08-07T16:56:38Z,2026-10-30,84,52000.0,P,0.013,0.014,0.0136,65438.95,64807.84,0.4459,-0.11826,1e-05,62.01681,40.0,2.0
2026-08-07T16:56:38Z,2026-10-30,84,54000.0,C,0.1905,0.1945,0.1924,65438.95,64807.84,0.4296,0.85017,2e-05,72.97626,0.0,0.0
2026-08-07T16:56:38Z,2026-10-30,84,54000.0,P,0.017,0.018,0.0176,65438.95,64807.84,0.4296,-0.14983,2e-05,72.97626,30.2,17.4
2026-08-07T16:56:38Z,2026-10-30,84,55000.0,C,0.1775,0.181,0.1792,65436.02,64807.84,0.42,0.83268,2e-05,78.45457,0.0,0.0
2026-08-07T16:56:38Z,2026-10-30,84,55000.0,P,0.019,0.02,0.0197,65436.02,64807.84,0.42,-0.16732,2e-05,78.45457,57.5,18.9
2026-08-07T16:56:38Z,2026-10-30,84,56000.0,C,0.165,0.169,0.1667,65436.02,64807.84,0.41369999999999996,0.81201,2e-05,84.44187,0.0,0.0
2026-08-07T16:56:38Z,2026-10-30,84,56000.0,P,0.022,0.023,0.0225,65436.02,64807.84,0.41369999999999996,-0.18799,2e-05,84.44187,31.5,0.3
2026-08-07T16:56:38Z,2026-10-30,84,57000.0,C,0.1525,0.156,0.1545,65436.02,64807.84,0.4069,0.78989,2e-05,90.29792,0.0,0.0
2026-08-07T16:56:38Z,2026-10-30,84,57000.0,P,0.025,0.026,0.0255,65436.02,64807.84,0.4069,-0.21011,2e-05,90.29792,61.7,9.5
2026-08-07T16:56:38Z,2026-10-30,84,58000.0,C,0.141,0.1445,0.1426,65436.02,64807.84,0.40049999999999997,0.7658,2e-05,96.0701,0.0,0.0
2026-08-07T16:56:38Z,2026-10-30,84,58000.0,P,0.0285,0.0295,0.0289,65436.02,64807.84,0.40049999999999997,-0.2342,2e-05,96.0701,17.9,2.6
2026-08-07T16:56:38Z,2026-10-30,84,59000.0,C,0.1295,0.133,0.1312,65436.02,64807.84,0.3945,0.73978,3e-05,101.64137,1.0,0.0
2026-08-07T16:56:38Z,2026-10-30,84,59000.0,P,0.032,0.0335,0.0328,65436.02,64807.84,0.3945,-0.26022,3e-05,101.64137,23.0,0.2
2026-08-07T16:56:38Z,2026-10-30,84,60000.0,C,0.1185,0.122,0.1203,65436.02,64807.84,0.3893,0.71177,3e-05,106.90709,5.6,3.1
2026-08-07T16:56:38Z,2026-10-30,84,60000.0,P,0.0365,0.0375,0.0371,65436.02,64807.84,0.3893,-0.28823,3e-05,106.90709,37.9,0.2
2026-08-07T16:56:38Z,2026-10-30,84,61000.0,C,0.109,0.1115,0.1098,65436.02,64807.84,0.38420000000000004,0.68212,3e-05,111.69677,1.2,0.0
2026-08-07T16:56:38Z,2026-10-30,84,61000.0,P,0.0415,0.0425,0.042,65436.02,64807.84,0.38420000000000004,-0.31788,3e-05,111.69677,102.8,0.9
2026-08-07T16:56:38Z,2026-10-30,84,62000.0,C,0.099,0.1015,0.0999,65436.02,64807.84,0.37979999999999997,0.65084,3e-05,115.91318,13.5,0.0
2026-08-07T16:56:38Z,2026-10-30,84,62000.0,P,0.0465,0.048,0.0473,65436.02,64807.84,0.37979999999999997,-0.34916,3e-05,115.91318,22.9,0.0
2026-08-07T16:56:38Z,2026-10-30,84,63000.0,C,0.09,0.092,0.0905,65439.02,64807.84,0.3759,0.61832,3e-05,119.42362,117.3,0.0
2026-08-07T16:56:38Z,2026-10-30,84,63000.0,P,0.0525,0.0535,0.0533,65436.02,64807.84,0.3759,-0.38178,3e-05,119.4273,287.8,3.0
2026-08-07T16:56:38Z,2026-10-30,84,64000.0,C,0.081,0.0825,0.0818,65436.02,64807.84,0.3725,0.58457,3e-05,122.1369,417.8,0.0
2026-08-07T16:56:38Z,2026-10-30,84,64000.0,P,0.059,0.0605,0.0598,65436.02,64807.84,0.3725,-0.41543,3e-05,122.1369,196.0,5.0
2026-08-07T16:56:38Z,2026-10-30,84,65000.0,C,0.073,0.0745,0.0737,65436.02,64807.84,0.36979999999999996,0.55024,3e-05,123.96279,305.4,18.1
2026-08-07T16:56:38Z,2026-10-30,84,65000.0,P,0.0665,0.0675,0.067,65436.02,64807.84,0.36979999999999996,-0.44976,3e-05,123.96279,235.2,51.4
2026-08-07T16:56:38Z,2026-10-30,84,66000.0,C,0.0655,0.067,0.0661,65436.02,64807.84,0.36719999999999997,0.51557,3e-05,124.85986,119.6,0.3
2026-08-07T16:56:38Z,2026-10-30,84,66000.0,P,0.074,0.0755,0.0747,65436.02,64807.84,0.36719999999999997,-0.48443,3e-05,124.85986,31.6,0.0
2026-08-07T16:56:38Z,2026-10-30,84,67000.0,C,0.0585,0.06,0.0592,65436.02,64807.84,0.365,0.48092,3e-05,124.81217,20.4,0.0
2026-08-07T16:56:38Z,2026-10-30,84,67000.0,P,0.082,0.0835,0.083,65433.89,64807.84,0.365,-0.51915,3e-05,124.807,12.1,1.0
2026-08-07T16:56:38Z,2026-10-30,84,68000.0,C,0.052,0.0535,0.0526,65433.89,64807.84,0.3626,0.44638,3e-05,123.82062,65.6,0.0
2026-08-07T16:56:38Z,2026-10-30,84,68000.0,P,0.09,0.0925,0.0918,65433.89,64807.84,0.3626,-0.55362,3e-05,123.82062,2.1,0.0
2026-08-07T16:56:38Z,2026-10-30,84,69000.0,C,0.046,0.0475,0.0467,65433.89,64807.84,0.3608,0.41256,3e-05,121.93789,35.5,0.0
2026-08-07T16:56:38Z,2026-10-30,84,69000.0,P,0.1,0.102,0.1012,65433.89,64807.84,0.3608,-0.58744,3e-05,121.93789,0.0,0.0
2026-08-07T16:56:38Z,2026-10-30,84,70000.0,C,0.0405,0.042,0.0414,65433.89,64807.84,0.3591,0.37961,3e-05,119.21759,115.0,0.1
2026-08-07T16:56:38Z,2026-10-30,84,70000.0,P,0.109,0.112,0.1111,65435.9,64807.84,0.3591,-0.62032,3e-05,119.22778,11.3,1.0
2026-08-07T16:56:38Z,2026-10-30,84,71000.0,C,0.036,0.037,0.0365,65433.89,64807.84,0.3578,0.34788,3e-05,115.75288,229.5,100.0
2026-08-07T16:56:38Z,2026-10-30,84,71000.0,P,0.1195,0.1225,0.1216,65433.89,64807.84,0.3578,-0.65212,3e-05,115.75288,0.0,0.0
2026-08-07T16:56:38Z,2026-10-30,84,72000.0,C,0.0315,0.0325,0.0321,65433.89,64807.84,0.3565,0.3174,3e-05,111.62146,199.3,0.2
2026-08-07T16:56:38Z,2026-10-30,84,72000.0,P,0.131,0.1335,0.1325,65433.89,64807.84,0.3565,-0.6826,3e-05,111.62146,5.1,0.0
2026-08-07T16:56:38Z,2026-10-30,84,73000.0,C,0.0275,0.029,0.0282,65433.89,64807.84,0.3556,0.28848,3e-05,106.94797,28.8,1.5
2026-08-07T16:56:38Z,2026-10-30,84,73000.0,P,0.1415,0.146,0.1438,65433.89,64807.84,0.3556,-0.71152,3e-05,106.94797,0.0,0.0
2026-08-07T16:56:38Z,2026-10-30,84,74000.0,C,0.024,0.0255,0.0247,65433.89,64807.84,0.355,0.2614,3e-05,101.87345,112.0,0.0
2026-08-07T16:56:38Z,2026-10-30,84,74000.0,P,0.153,0.1575,0.1556,65433.89,64807.84,0.355,-0.7386,3e-05,101.87345,0.0,0.0
2026-08-07T16:56:38Z,2026-10-30,84,75000.0,C,0.021,0.022,0.0217,65433.89,64807.84,0.3549,0.23626,3e-05,96.53261,81.7,3.1
2026-08-07T16:56:38Z,2026-10-30,84,75000.0,P,0.165,0.17,0.1679,65433.89,64807.84,0.3549,-0.76374,3e-05,96.53261,1.1,0.0
2026-08-07T16:56:38Z,2026-10-30,84,76000.0,C,0.0185,0.0195,0.019,65433.89,64807.84,0.35509999999999997,0.21313,3e-05,91.05097,29.9,3.0
2026-08-07T16:56:38Z,2026-10-30,84,76000.0,P,0.178,0.1825,0.1805,65435.9,64807.84,0.35509999999999997,-0.78682,3e-05,91.06686,0.0,0.0
2026-08-07T16:56:38Z,2026-10-30,84,78000.0,C,0.014,0.015,0.0145,65433.89,64807.84,0.3552,0.17153,2e-05,79.71336,160.0,3.7
2026-08-07T16:56:38Z,2026-10-30,84,78000.0,P,0.2035,0.209,0.2065,65433.89,64807.84,0.3552,-0.82847,2e-05,79.71336,0.1,0.0
2026-08-07T16:56:38Z,2026-10-30,84,80000.0,C,0.0105,0.0115,0.0109,65433.89,64807.84,0.3554,0.13645,2e-05,68.50054,139.6,0.9
2026-08-07T16:56:38Z,2026-10-30,84,80000.0,P,0.2305,0.236,0.2335,65433.89,64807.84,0.3554,-0.86355,2e-05,68.50054,0.5,0.0
2026-08-07T16:56:38Z,2026-10-30,84,82000.0,C,0.008,0.009,0.0084,65434.11,64807.84,0.358,0.10907,2e-05,58.53745,8.7,1.5
2026-08-07T16:56:38Z,2026-10-30,84,82000.0,P,0.258,0.2645,0.2616,65434.11,64807.84,0.358,-0.89093,2e-05,58.53745,0.0,0.0
2026-08-07T16:56:38Z,2026-10-30,84,84000.0,C,0.006,0.007,0.0064,65434.11,64807.84,0.3602,0.08654,1e-05,49.39663,25.0,0.5
2026-08-07T16:56:38Z,2026-10-30,84,84000.0,P,0.2865,0.293,0.2902,65433.89,64807.84,0.3602,-0.91346,1e-05,49.39515,0.0,0.0
2026-08-07T16:56:38Z,2026-10-30,84,85000.0,C,0.005,0.006,0.0055,65434.11,64807.84,0.3604,0.07634,1e-05,44.93729,5.6,0.5
2026-08-07T16:56:38Z,2026-10-30,84,85000.0,P,0.301,0.3075,0.3046,65434.11,64807.84,0.3604,-0.92366,1e-05,44.93729,0.0,0.0
2026-08-07T16:56:38Z,2026-10-30,84,86000.0,C,0.0047,0.0055,0.0051,65434.11,64807.84,0.3654,0.07009,1e-05,42.09571,8.2,0.1
2026-08-07T16:56:38Z,2026-10-30,84,86000.0,P,0.3155,0.3225,0.3194,65434.11,64807.84,0.3654,-0.92991,1e-05,42.09571,0.1,0.0
2026-08-07T16:56:38Z,2026-10-30,84,88000.0,C,0.0037,0.0041,0.0039,65434.11,64807.84,0.3675,0.0552,1e-05,34.94084,4.1,0.5
2026-08-07T16:56:38Z,2026-10-30,84,88000.0,P,0.344,0.3975,0.3487,65434.11,64807.84,0.3675,-0.9448,1e-05,34.94084,0.0,0.0
2026-08-07T16:56:38Z,2026-10-30,84,90000.0,C,0.0029,0.0033,0.0031,65434.11,64807.84,0.37229999999999996,0.0446,1e-05,29.4736,27.6,7.6
2026-08-07T16:56:38Z,2026-10-30,84,90000.0,P,0.373,0.3895,0.3785,65434.11,64807.84,0.37229999999999996,-0.9554,1e-05,29.4736,0.1,0.0
2026-08-07T16:56:38Z,2026-10-30,84,95000.0,C,0.0017,0.002,0.0018,65434.11,64807.84,0.38689999999999997,0.02738,1e-05,19.75192,24.3,2.5
2026-08-07T16:56:38Z,2026-10-30,84,95000.0,P,0.448,0.507,0.4537,65434.11,64807.84,0.38689999999999997,-0.97262,1e-05,19.75192,0.1,0.0
2026-08-07T16:56:38Z,2026-12-25,140,20000.0,C,0.697,0.699,0.6978,65897.92,64807.84,0.8682,0.99359,0.0,7.34435,2.7,0.0
2026-08-07T16:56:38Z,2026-12-25,140,20000.0,P,0.0011,0.0016,0.0013,65897.73,64807.84,0.8682,-0.00641,0.0,7.34443,106.1,0.0
2026-08-07T16:56:38Z,2026-12-25,140,30000.0,C,0.5475,0.5495,0.5485,65897.92,64807.84,0.6957,0.97952,0.0,20.13535,291.0,0.0
2026-08-07T16:56:38Z,2026-12-25,140,30000.0,P,0.0036,0.0039,0.0038,65897.73,64807.84,0.6957,-0.02048,0.0,20.13557,2136.4,0.3
2026-08-07T16:56:38Z,2026-12-25,140,35000.0,C,0.474,0.476,0.4749,65897.92,64807.84,0.6271,0.96602,0.0,30.73423,77.8,0.0
2026-08-07T16:56:38Z,2026-12-25,140,35000.0,P,0.0055,0.006,0.006,65897.92,64807.84,0.6271,-0.03398,0.0,30.73423,2333.1,6.6
2026-08-07T16:56:38Z,2026-12-25,140,40000.0,C,0.401,0.404,0.4024,65897.92,64807.84,0.5669,0.94509,0.0,45.27826,250.9,0.0
2026-08-07T16:56:38Z,2026-12-25,140,40000.0,P,0.009,0.0095,0.0094,65897.92,64807.84,0.5669,-0.05491,0.0,45.27826,4334.9,15.3
2026-08-07T16:56:38Z,2026-12-25,140,45000.0,C,0.33,0.333,0.3316,65897.92,64807.84,0.5131,0.9132,1e-05,64.42452,54.3,0.0
2026-08-07T16:56:38Z,2026-12-25,140,45000.0,P,0.014,0.0145,0.0145,65897.92,64807.84,0.5131,-0.0868,1e-05,64.42452,2907.5,1.2
2026-08-07T16:56:38Z,2026-12-25,140,50000.0,C,0.2625,0.2655,0.2639,65897.92,64807.84,0.4671,0.86436,1e-05,88.77877,260.8,0.0
2026-08-07T16:56:38Z,2026-12-25,140,50000.0,P,0.022,0.023,0.0226,65897.92,64807.84,0.4671,-0.13564,1e-05,88.77877,1897.5,14.7
2026-08-07T16:56:38Z,2026-12-25,140,52000.0,C,0.2365,0.24,0.2382,65897.92,64807.84,0.452,0.83818,1e-05,99.90338,0.1,0.0
2026-08-07T16:56:38Z,2026-12-25,140,52000.0,P,0.0265,0.0275,0.0273,65897.92,64807.84,0.452,-0.16182,1e-05,99.90338,251.8,80.5
2026-08-07T16:56:38Z,2026-12-25,140,54000.0,C,0.212,0.2155,0.2136,65897.73,64807.84,0.43939999999999996,0.80746,2e-05,111.50665,33.1,0.0
2026-08-07T16:56:38Z,2026-12-25,140,54000.0,P,0.0325,0.0335,0.0331,65897.92,64807.84,0.43939999999999996,-0.19254,2e-05,111.50595,1807.8,101.0
2026-08-07T16:56:38Z,2026-12-25,140,55000.0,C,0.2005,0.2035,0.2018,65897.92,64807.84,0.4338,0.79043,2e-05,117.32277,44.9,0.0
2026-08-07T16:56:38Z,2026-12-25,140,55000.0,P,0.036,0.037,0.0364,65897.92,64807.84,0.4338,-0.20957,2e-05,117.32277,1058.8,0.4
2026-08-07T16:56:38Z,2026-12-25,140,56000.0,C,0.189,0.192,0.1903,65898.04,64807.84,0.42840000000000006,0.77238,2e-05,123.03877,41.4,0.0
2026-08-07T16:56:38Z,2026-12-25,140,56000.0,P,0.0395,0.0405,0.0401,65897.92,64807.84,0.42840000000000006,-0.22762,2e-05,123.03925,462.3,0.3
2026-08-07T16:56:38Z,2026-12-25,140,58000.0,C,0.167,0.17,0.1683,65898.04,64807.84,0.4193,0.73302,2e-05,134.00364,41.8,0.0
2026-08-07T16:56:38Z,2026-12-25,140,58000.0,P,0.048,0.049,0.0485,65897.92,64807.84,0.4193,-0.26698,2e-05,134.00407,2137.5,0.4
2026-08-07T16:56:38Z,2026-12-25,140,60000.0,C,0.147,0.1495,0.1479,65897.92,64807.84,0.41119999999999995,0.69,2e-05,143.79161,787.0,0.1
2026-08-07T16:56:38Z,2026-12-25,140,60000.0,P,0.0575,0.059,0.0584,65897.92,64807.84,0.41119999999999995,-0.31,2e-05,143.79161,6443.4,6.9
2026-08-07T16:56:38Z,2026-12-25,140,62000.0,C,0.128,0.131,0.1291,65897.92,64807.84,0.4048,0.64382,2e-05,151.91514,255.1,0.0
2026-08-07T16:56:38Z,2026-12-25,140,62000.0,P,0.069,0.0705,0.0699,65898.98,64807.84,0.4048,-0.35615,2e-05,151.9139,957.4,281.2
2026-08-07T16:56:38Z,2026-12-25,140,64000.0,C,0.1115,0.113,0.112,65897.92,64807.84,0.3998,0.59554,2e-05,157.91451,420.5,9.9
2026-08-07T16:56:38Z,2026-12-25,140,64000.0,P,0.0825,0.084,0.0832,65897.92,64807.84,0.3998,-0.40446,2e-05,157.91451,268.8,8.1
2026-08-07T16:56:38Z,2026-12-25,140,65000.0,C,0.1035,0.105,0.1042,65897.92,64807.84,0.39770000000000005,0.57094,2e-05,160.02246,843.5,2.0
2026-08-07T16:56:38Z,2026-12-25,140,65000.0,P,0.0895,0.091,0.0906,65898.04,64807.84,0.39770000000000005,-0.42906,2e-05,160.02254,742.1,0.0
2026-08-07T16:56:38Z,2026-12-25,140,66000.0,C,0.096,0.0975,0.0967,65898.04,64807.84,0.39549999999999996,0.54617,2e-05,161.51002,268.7,20.1
2026-08-07T16:56:38Z,2026-12-25,140,66000.0,P,0.097,0.0985,0.0982,65898.04,64807.84,0.39549999999999996,-0.45383,2e-05,161.51002,363.7,0.0
2026-08-07T16:56:38Z,2026-12-25,140,68000.0,C,0.082,0.0835,0.0829,65897.92,64807.84,0.3918,0.49665,2e-05,162.59413,678.5,126.5
2026-08-07T16:56:38Z,2026-12-25,140,68000.0,P,0.1135,0.1155,0.1148,65897.92,64807.84,0.3918,-0.50335,2e-05,162.59413,455.9,100.0
2026-08-07T16:56:38Z,2026-12-25,140,70000.0,C,0.07,0.071,0.0706,65898.14,64807.84,0.3887,0.44792,2e-05,161.21275,1569.2,63.3
2026-08-07T16:56:38Z,2026-12-25,140,70000.0,P,0.1315,0.1335,0.1329,65897.92,64807.84,0.3887,-0.55209,2e-05,161.21188,1004.7,30.1
2026-08-07T16:56:38Z,2026-12-25,140,72000.0,C,0.0595,0.0605,0.0599,65898.14,64807.84,0.3861,0.40076,2e-05,157.54293,1137.8,0.8
2026-08-07T16:56:38Z,2026-12-25,140,72000.0,P,0.151,0.1535,0.1525,65897.73,64807.84,0.3861,-0.59925,2e-05,157.54081,330.5,0.0
2026-08-07T16:56:38Z,2026-12-25,140,74000.0,C,0.05,0.051,0.0506,65898.14,64807.84,0.3843,0.35606,2e-05,151.89827,146.7,0.6
2026-08-07T16:56:38Z,2026-12-25,140,74000.0,P,0.172,0.1745,0.1735,65897.73,64807.84,0.3843,-0.64395,2e-05,151.89563,106.0,0.0
2026-08-07T16:56:38Z,2026-12-25,140,75000.0,C,0.046,0.047,0.0465,65898.14,64807.84,0.384,0.33509,2e-05,148.50205,1916.9,5.7
2026-08-07T16:56:38Z,2026-12-25,140,75000.0,P,0.183,0.186,0.1847,65897.92,64807.84,0.384,-0.66492,2e-05,148.50029,896.2,0.0
2026-08-07T16:56:38Z,2026-12-25,140,76000.0,C,0.042,0.043,0.0427,65897.92,64807.84,0.3835,0.31465,2e-05,144.71726,382.9,2.0
2026-08-07T16:56:38Z,2026-12-25,140,76000.0,P,0.194,0.1975,0.196,65897.92,64807.84,0.3835,-0.68535,2e-05,144.71726,142.1,0.0
2026-08-07T16:56:38Z,2026-12-25,140,78000.0,C,0.0355,0.0365,0.0359,65897.92,64807.84,0.3829,0.27639,2e-05,136.33364,422.6,2.9
2026-08-07T16:56:38Z,2026-12-25,140,78000.0,P,0.2175,0.2215,0.2196,65897.73,64807.84,0.3829,-0.72362,2e-05,136.33226,234.6,0.0
2026-08-07T16:56:38Z,2026-12-25,140,80000.0,C,0.0305,0.031,0.0306,65898.14,64807.84,0.3846,0.24317,2e-05,127.61062,8203.1,36.6
2026-08-07T16:56:38Z,2026-12-25,140,80000.0,P,0.242,0.247,0.2446,65897.92,64807.84,0.3846,-0.75684,2e-05,127.60805,951.8,0.0
2026-08-07T16:56:38Z,2026-12-25,140,82000.0,C,0.025,0.0255,0.0256,65897.92,64807.84,0.3847,0.21187,2e-05,118.07695,510.5,1.4
2026-08-07T16:56:38Z,2026-12-25,140,82000.0,P,0.2665,0.2725,0.27,65897.73,64807.84,0.3847,-0.78813,2e-05,118.07546,158.8,0.0
2026-08-07T16:56:38Z,2026-12-25,140,84000.0,C,0.021,0.0215,0.0214,65898.14,64807.84,0.3847,0.18374,2e-05,108.33291,768.6,0.4
2026-08-07T16:56:38Z,2026-12-25,140,84000.0,P,0.293,0.2985,0.2961,65897.92,64807.84,0.3847,-0.81627,2e-05,108.32999,47.1,0.0
2026-08-07T16:56:38Z,2026-12-25,140,85000.0,C,0.019,0.0195,0.0196,65897.92,64807.84,0.3847,0.17084,2e-05,103.46548,2233.1,0.2
2026-08-07T16:56:38Z,2026-12-25,140,85000.0,P,0.306,0.312,0.3095,65898.98,64807.84,0.3847,-0.82914,2e-05,103.47558,548.4,0.0
2026-08-07T16:56:38Z,2026-12-25,140,86000.0,C,0.0175,0.018,0.0179,65898.98,64807.84,0.3847,0.15869,2e-05,98.63574,320.3,0.3
2026-08-07T16:56:38Z,2026-12-25,140,86000.0,P,0.3195,0.3255,0.3229,65898.98,64807.84,0.3847,-0.84131,2e-05,98.63574,23.4,0.0
2026-08-07T16:56:38Z,2026-12-25,140,88000.0,C,0.0145,0.015,0.0149,65898.98,64807.84,0.3848,0.13653,1e-05,89.18126,2595.2,7.3
2026-08-07T16:56:38Z,2026-12-25,140,88000.0,P,0.347,0.353,0.3503,65898.98,64807.84,0.3848,-0.86347,1e-05,89.18126,4.2,0.0
2026-08-07T16:56:38Z,2026-12-25,140,90000.0,C,0.012,0.013,0.0125,65898.98,64807.84,0.3858,0.11762,1e-05,80.38601,3304.6,4.3
2026-08-07T16:56:38Z,2026-12-25,140,90000.0,P,0.3745,0.381,0.3782,65898.28,64807.84,0.3858,-0.88239,1e-05,80.38091,590.6,0.0
2026-08-07T16:56:38Z,2026-12-25,140,92000.0,C,0.01,0.011,0.0105,65898.98,64807.84,0.38780000000000003,0.1018,1e-05,72.46801,252.9,0.0
2026-08-07T16:56:38Z,2026-12-25,140,92000.0,P,0.403,0.41,0.4066,65898.98,64807.84,0.38780000000000003,-0.8982,1e-05,72.46801,4.6,0.0
2026-08-07T16:56:38Z,2026-12-25,140,94000.0,C,0.0085,0.0095,0.0089,65898.98,64807.84,0.3898,0.08808,1e-05,65.13274,117.5,0.1
2026-08-07T16:56:38Z,2026-12-25,140,94000.0,P,0.4315,0.4385,0.4354,65898.98,64807.84,0.3898,-0.91192,1e-05,65.13274,5.3,0.0
2026-08-07T16:56:38Z,2026-12-25,140,95000.0,C,0.008,0.0085,0.0084,65898.98,64807.84,0.39289999999999997,0.08326,1e-05,62.44646,1309.6,10.0
2026-08-07T16:56:38Z,2026-12-25,140,95000.0,P,0.446,0.4535,0.45,65898.98,64807.84,0.39289999999999997,-0.91674,1e-05,62.44646,85.9,0.0
2026-08-07T16:56:38Z,2026-12-25,140,96000.0,C,0.0075,0.008,0.0077,65898.98,64807.84,0.3934,0.07712,1e-05,58.93577,1311.1,1.1
2026-08-07T16:56:38Z,2026-12-25,140,96000.0,P,0.4605,0.468,0.4645,65898.28,64807.84,0.3934,-0.92288,1e-05,58.93148,11.3,0.0
2026-08-07T16:56:38Z,2026-12-25,140,98000.0,C,0.006,0.007,0.0064,65898.28,64807.84,0.3943,0.06611,1e-05,52.35981,210.1,0.0
2026-08-07T16:56:38Z,2026-12-25,140,98000.0,P,0.4895,0.497,0.4936,65898.98,64807.84,0.3943,-0.93389,1e-05,52.3638,1.2,0.0
2026-08-07T16:56:38Z,2026-12-25,140,100000.0,C,0.0055,0.006,0.0057,65898.98,64807.84,0.3995,0.05887,1e-05,47.8359,3651.9,3.6
2026-08-07T16:56:38Z,2026-12-25,140,100000.0,P,0.5175,0.5275,0.5232,65898.98,64807.84,0.3995,-0.94113,1e-05,47.8359,303.3,0.0
2026-08-07T16:56:38Z,2026-12-25,140,102000.0,C,0.0047,0.005,0.005,65899.78,64807.84,0.4042,0.05238,1e-05,43.62395,214.3,0.1
2026-08-07T16:56:38Z,2026-12-25,140,102000.0,P,0.53,0.557,0.5529,65899.78,64807.84,0.4042,-0.94762,1e-05,43.62395,7.8,0.0
2026-08-07T16:56:38Z,2026-12-25,140,104000.0,C,0.004,0.0044,0.0043,65899.92,64807.84,0.40590000000000004,0.04534,1e-05,38.86612,86.0,0.2
2026-08-07T16:56:38Z,2026-12-25,140,104000.0,P,0.559,0.586,0.5825,65899.78,64807.84,0.40590000000000004,-0.95466,1e-05,38.86587,0.1,0.0
2026-08-07T16:56:38Z,2026-12-25,140,105000.0,C,0.0038,0.0043,0.004,65899.78,64807.84,0.4078,0.04263,1e-05,36.98403,834.3,1.4
2026-08-07T16:56:38Z,2026-12-25,140,105000.0,P,0.591,0.6015,0.5974,65899.78,64807.84,0.4078,-0.95737,1e-05,36.98403,109.4,0.0
2026-08-07T16:56:38Z,2026-12-25,140,106000.0,C,0.0035,0.004,0.0037,65899.78,64807.84,0.40880000000000005,0.03977,1e-05,34.95694,320.2,0.0
2026-08-07T16:56:38Z,2026-12-25,140,106000.0,P,0.586,0.659,0.6122,65899.1,64807.84,0.40880000000000005,-0.96024,1e-05,34.95408,0.2,0.0
2026-08-07T16:56:38Z,2026-12-25,140,108000.0,C,0.003,0.0035,0.0032,65899.78,64807.84,0.4121,0.03509,0.0,31.56395,123.1,1.9
2026-08-07T16:56:38Z,2026-12-25,140,108000.0,P,0.636,0.703,0.6421,65899.1,64807.84,0.4121,-0.96491,0.0,31.56131,0.1,0.0
2026-08-07T16:56:38Z,2026-12-25,140,110000.0,C,0.0027,0.0031,0.0028,65899.78,64807.84,0.4154,0.03105,0.0,28.53699,2640.1,0.0
2026-08-07T16:56:38Z,2026-12-25,140,110000.0,P,0.666,0.6765,0.6721,65899.1,64807.84,0.4154,-0.96895,0.0,28.53455,54.2,0.0
2026-08-07T16:56:38Z,2026-12-25,140,115000.0,C,0.0019,0.0023,0.0021,65899.78,64807.84,0.4243,0.02325,0.0,22.41651,2339.9,0.5
2026-08-07T16:56:38Z,2026-12-25,140,115000.0,P,0.722,0.7515,0.7472,65899.78,64807.84,0.4243,-0.97675,0.0,22.41651,0.7,0.0
2026-08-07T16:56:38Z,2026-12-25,140,120000.0,C,0.0014,0.0018,0.0016,65899.78,64807.84,0.43329999999999996,0.01775,0.0,17.82863,6033.2,0.0
2026-08-07T16:56:38Z,2026-12-25,140,120000.0,P,0.816,0.8285,0.8225,65899.78,64807.84,0.43329999999999996,-0.98225,0.0,17.82863,35.6,0.0
2026-08-07T16:56:38Z,2026-12-25,140,125000.0,C,0.0011,0.0015,0.0013,65899.78,64807.84,0.4451,0.01433,0.0,14.8431,594.9,0.5
2026-08-07T16:56:38Z,2026-12-25,140,125000.0,P,0.8905,0.964,0.8981,65899.78,64807.84,0.4451,-0.98567,0.0,14.8431,9.1,0.0
2026-08-07T16:56:38Z,2026-12-25,140,130000.0,C,0.0009,0.0013,0.0011,65899.78,64807.84,0.4579,0.01199,0.0,12.72547,1574.7,0.6
2026-08-07T16:56:38Z,2026-12-25,140,130000.0,P,0.9705,0.977,0.9738,65899.78,64807.84,0.4579,-0.98801,0.0,12.72547,54.6,0.6
2026-08-07T16:56:38Z,2026-12-25,140,135000.0,C,0.0008,0.0011,0.0009,65899.82,64807.84,0.47200000000000003,0.01042,0.0,11.26111,1107.8,0.0
2026-08-07T16:56:38Z,2026-12-25,140,135000.0,P,0.9795,1.128,1.0495,65899.82,64807.84,0.47200000000000003,-0.98958,0.0,11.26111,0.6,0.0
2026-08-07T16:56:38Z,2026-12-25,140,140000.0,C,0.0007,0.001,0.0007,65899.87,64807.84,0.47700000000000004,0.00806,0.0,8.98957,1475.0,0.0
2026-08-07T16:56:38Z,2026-12-25,140,140000.0,P,1.053,1.206,1.1252,65899.82,64807.84,0.47700000000000004,-0.99194,0.0,8.98951,0.2,0.0
2026-08-07T16:56:38Z,2026-12-25,140,150000.0,C,0.0004,0.0008,0.0006,65899.82,64807.84,0.501,0.00622,0.0,7.15826,1626.2,0.0
2026-08-07T16:56:38Z,2026-12-25,140,150000.0,P,1.1995,1.363,1.2768,65899.87,64807.84,0.501,-0.99378,0.0,7.1583,2.0,0.0
2026-08-07T16:56:38Z,2026-12-25,140,160000.0,C,0.0002,0.0006,0.0004,65899.82,64807.84,0.51,0.00397,0.0,4.80157,1224.0,0.0
2026-08-07T16:56:38Z,2026-12-25,140,160000.0,P,1.346,1.519,1.4283,65899.82,64807.84,0.51,-0.99603,0.0,4.80157,0.0,0.0
2026-08-07T16:56:38Z,2026-12-25,140,170000.0,C,0.0001,0.0005,0.0002,65899.87,64807.84,0.5207,0.00271,0.0,3.39748,2384.5,0.0
2026-08-07T16:56:38Z,2026-12-25,140,170000.0,P,1.4925,1.675,1.5799,65899.82,64807.84,0.5207,-0.99729,0.0,3.39745,0.0,0.0
2026-08-07T16:56:38Z,2026-12-25,140,180000.0,C,0.0001,0.0005,0.0002,65899.82,64807.84,0.5478999999999999,0.00259,0.0,3.26604,923.8,0.0
2026-08-07T16:56:38Z,2026-12-25,140,180000.0,P,1.639,1.8325,1.7317,65899.87,64807.84,0.5478999999999999,-0.99741,0.0,3.26606,0.0,0.0
2026-08-07T16:56:38Z,2026-12-25,140,190000.0,C,0.0001,0.0003,0.0002,65899.82,64807.84,0.5666,0.00221,0.0,2.82826,990.7,0.0
2026-08-07T16:56:38Z,2026-12-25,140,190000.0,P,1.786,1.99,1.8834,65899.82,64807.84,0.5666,-0.99779,0.0,2.82826,0.0,0.0
2026-08-07T16:56:38Z,2026-12-25,140,200000.0,C,0.0,0.0003,0.0002,65899.87,64807.84,0.5820000000000001,0.00184,0.0,2.39565,951.5,0.0
2026-08-07T16:56:38Z,2026-12-25,140,200000.0,P,1.9325,2.147,2.0351,65899.87,64807.84,0.5820000000000001,-0.99816,0.0,2.39565,0.0,0.0
2026-08-07T16:56:38Z,2026-12-25,140,210000.0,C,0.0,0.0002,0.0001,65899.82,64807.84,0.5820000000000001,0.00118,0.0,1.60123,151.7,0.0
2026-08-07T16:56:38Z,2026-12-25,140,210000.0,P,2.079,2.3035,2.1868,65899.87,64807.84,0.5820000000000001,-0.99882,0.0,1.60124,0.0,0.0
2026-08-07T16:56:38Z,2026-12-25,140,220000.0,C,0.0,0.0002,0.0001,65899.87,64807.84,0.5949,0.00099,0.0,1.36389,252.8,0.0
2026-08-07T16:56:38Z,2026-12-25,140,220000.0,P,2.2255,2.4605,2.3385,65899.82,64807.84,0.5949,-0.99901,0.0,1.36388,0.0,0.0
2026-08-07T16:56:38Z,2026-12-25,140,230000.0,C,0.0,0.0003,0.0001,65899.92,64807.84,0.6241,0.00116,0.0,1.57628,195.9,0.0
2026-08-07T16:56:38Z,2026-12-25,140,230000.0,P,2.372,2.618,2.4903,65899.92,64807.84,0.6241,-0.99884,0.0,1.57628,0.0,0.0
2026-08-07T16:56:38Z,2026-12-25,140,240000.0,C,0.0,0.0003,0.0001,65899.92,64807.84,0.6253,0.00082,0.0,1.14326,874.4,0.0
2026-08-07T16:56:38Z,2026-12-25,140,240000.0,P,2.519,2.775,2.642,65899.92,64807.84,0.6253,-0.99918,0.0,1.14326,0.0,0.0
2026-08-07T16:56:38Z,2026-12-25,140,250000.0,C,0.0,0.0004,0.0001,65899.92,64807.84,0.6295000000000001,0.00062,0.0,0.88259,1120.9,0.0
2026-08-07T16:56:38Z,2026-12-25,140,250000.0,P,2.665,2.932,2.7937,65899.92,64807.84,0.6295000000000001,-0.99938,0.0,0.88259,10.0,0.0
2026-08-07T16:56:38Z,2027-03-26,231,35000.0,C,0.4855,0.488,0.4864,66589.07,64807.84,0.5787,0.94826,0.0,56.10085,5.9,0.2
2026-08-07T16:56:38Z,2027-03-26,231,35000.0,P,0.0115,0.0125,0.0121,66589.05,64807.84,0.5787,-0.05174,0.0,56.1009,594.9,10.8
2026-08-07T16:56:38Z,2027-03-26,231,40000.0,C,0.415,0.419,0.4169,66589.05,64807.84,0.5294,0.92242,1e-05,76.88176,81.3,0.0
2026-08-07T16:56:38Z,2027-03-26,231,40000.0,P,0.017,0.018,0.0176,66589.05,64807.84,0.5294,-0.07758,1e-05,76.88176,1142.3,37.3
2026-08-07T16:56:38Z,2027-03-26,231,45000.0,C,0.349,0.3525,0.3506,66589.05,64807.84,0.4921,0.88443,1e-05,103.0998,3.3,0.0
2026-08-07T16:56:38Z,2027-03-26,231,45000.0,P,0.0255,0.027,0.0264,66590.53,64807.84,0.4921,-0.11555,1e-05,103.09409,225.9,0.0
2026-08-07T16:56:38Z,2027-03-26,231,50000.0,C,0.2865,0.2905,0.2884,66589.08,64807.84,0.4625,0.83227,1e-05,132.79004,20.6,0.0
2026-08-07T16:56:38Z,2027-03-26,231,50000.0,P,0.0385,0.04,0.0393,66589.08,64807.84,0.4625,-0.16773,1e-05,132.79004,2052.2,1.0
2026-08-07T16:56:38Z,2027-03-26,231,52000.0,C,0.263,0.267,0.265,66589.08,64807.84,0.4524,0.80715,1e-05,144.95345,5.2,0.0
2026-08-07T16:56:38Z,2027-03-26,231,52000.0,P,0.045,0.0465,0.046,66589.08,64807.84,0.4524,-0.19285,1e-05,144.95345,117.8,0.1
2026-08-07T16:56:38Z,2027-03-26,231,54000.0,C,0.241,0.245,0.2428,66589.05,64807.84,0.4443,0.77932,1e-05,157.00321,0.1,0.0
2026-08-07T16:56:38Z,2027-03-26,231,54000.0,P,0.053,0.0545,0.0538,66589.08,64807.84,0.4443,-0.22068,1e-05,157.00312,58.7,0.1
2026-08-07T16:56:38Z,2027-03-26,231,55000.0,C,0.2305,0.234,0.2321,66589.08,64807.84,0.44049999999999995,0.7646,1e-05,162.81066,28.6,0.0
2026-08-07T16:56:38Z,2027-03-26,231,55000.0,P,0.057,0.059,0.0581,66589.08,64807.84,0.44049999999999995,-0.2354,1e-05,162.81066,1353.8,0.2
2026-08-07T16:56:38Z,2027-03-26,231,56000.0,C,0.22,0.2235,0.2216,66589.08,64807.84,0.4368,0.74933,1e-05,168.44006,16.9,0.0
2026-08-07T16:56:38Z,2027-03-26,231,56000.0,P,0.0615,0.0635,0.0626,66589.08,64807.84,0.4368,-0.25067,1e-05,168.44006,83.2,0.0
2026-08-07T16:56:38Z,2027-03-26,231,58000.0,C,0.2,0.2035,0.2016,66589.08,64807.84,0.4303,0.71727,1e-05,179.01425,5.2,0.0
2026-08-07T16:56:38Z,2027-03-26,231,58000.0,P,0.0715,0.0735,0.0726,66589.08,64807.84,0.4303,-0.28273,1e-05,179.01425,109.5,0.0
2026-08-07T16:56:38Z,2027-03-26,231,60000.0,C,0.1815,0.185,0.1828,66589.08,64807.84,0.42460000000000003,0.68348,2e-05,188.41639,718.8,0.0
2026-08-07T16:56:38Z,2027-03-26,231,60000.0,P,0.083,0.085,0.0839,66589.08,64807.84,0.42460000000000003,-0.31652,2e-05,188.41639,613.1,0.0
2026-08-07T16:56:38Z,2027-03-26,231,62000.0,C,0.164,0.167,0.1652,66589.08,64807.84,0.41950000000000004,0.64835,2e-05,196.39157,42.2,0.0
2026-08-07T16:56:38Z,2027-03-26,231,62000.0,P,0.0955,0.097,0.0963,66589.08,64807.84,0.41950000000000004,-0.35165,2e-05,196.39157,244.2,0.0
2026-08-07T16:56:38Z,2027-03-26,231,64000.0,C,0.148,0.1505,0.1488,66589.08,64807.84,0.41490000000000005,0.61224,2e-05,202.752,135.2,0.0
2026-08-07T16:56:38Z,2027-03-26,231,64000.0,P,0.109,0.1105,0.1099,66589.08,64807.84,0.41490000000000005,-0.38776,2e-05,202.752,133.1,0.0
2026-08-07T16:56:38Z,2027-03-26,231,65000.0,C,0.14,0.1425,0.1411,66589.94,64807.84,0.4129,0.59396,2e-05,205.28356,314.4,107.0
2026-08-07T16:56:38Z,2027-03-26,231,65000.0,P,0.116,0.118,0.1172,66589.94,64807.84,0.4129,-0.40604,2e-05,205.28356,650.6,0.1
2026-08-07T16:56:38Z,2027-03-26,231,66000.0,C,0.133,0.135,0.1337,66589.94,64807.84,0.4113,0.57561,2e-05,207.36358,17.5,0.2
2026-08-07T16:56:38Z,2027-03-26,231,66000.0,P,0.1235,0.126,0.1249,66589.94,64807.84,0.4113,-0.42439,2e-05,207.36358,123.9,0.0
2026-08-07T16:56:38Z,2027-03-26,231,68000.0,C,0.1195,0.121,0.1199,66589.94,64807.84,0.4083,0.53891,2e-05,210.16233,97.9,1.0
2026-08-07T16:56:38Z,2027-03-26,231,68000.0,P,0.14,0.142,0.1411,66589.94,64807.84,0.4083,-0.46109,2e-05,210.16233,75.7,0.0
2026-08-07T16:56:38Z,2027-03-26,231,70000.0,C,0.107,0.108,0.1074,66589.94,64807.84,0.4058,0.50257,2e-05,211.16329,749.9,1.3
2026-08-07T16:56:38Z,2027-03-26,231,70000.0,P,0.1575,0.159,0.1586,66589.11,64807.84,0.4058,-0.49745,2e-05,211.16071,211.8,0.0
2026-08-07T16:56:38Z,2027-03-26,231,72000.0,C,0.0955,0.0965,0.0959,66589.94,64807.84,0.40380000000000005,0.467,2e-05,210.44463,68.1,0.0
2026-08-07T16:56:38Z,2027-03-26,231,72000.0,P,0.1755,0.178,0.1772,66589.11,64807.84,0.40380000000000005,-0.53302,2e-05,210.44133,139.1,0.0
2026-08-07T16:56:38Z,2027-03-26,231,74000.0,C,0.085,0.086,0.0854,66589.94,64807.84,0.40149999999999997,0.43209,2e-05,208.10093,50.1,0.0
2026-08-07T16:56:38Z,2027-03-26,231,74000.0,P,0.195,0.198,0.1967,66589.94,64807.84,0.40149999999999997,-0.56791,2e-05,208.10093,54.0,0.0
2026-08-07T16:56:38Z,2027-03-26,231,76000.0,C,0.0755,0.0765,0.0759,66589.94,64807.84,0.3997,0.39852,2e-05,204.29792,373.2,13.1
2026-08-07T16:56:38Z,2027-03-26,231,76000.0,P,0.2155,0.2185,0.2172,66589.94,64807.84,0.3997,-0.60148,2e-05,204.29792,19.2,0.0
2026-08-07T16:56:38Z,2027-03-26,231,78000.0,C,0.067,0.068,0.0674,66589.94,64807.84,0.3983,0.36649,2e-05,199.2294,424.9,9.1
2026-08-07T16:56:38Z,2027-03-26,231,78000.0,P,0.236,0.2405,0.2388,66589.94,64807.84,0.3983,-0.63351,2e-05,199.2294,183.0,0.0
2026-08-07T16:56:38Z,2027-03-26,231,80000.0,C,0.0595,0.061,0.06,66589.94,64807.84,0.39799999999999996,0.3366,2e-05,193.19656,918.9,0.5
2026-08-07T16:56:38Z,2027-03-26,231,80000.0,P,0.259,0.263,0.2614,66589.94,64807.84,0.39799999999999996,-0.6634,2e-05,193.19656,139.2,0.1
2026-08-07T16:56:38Z,2027-03-26,231,82000.0,C,0.053,0.0535,0.0533,66590.53,64807.84,0.39740000000000003,0.3082,2e-05,186.2672,696.7,13.0
2026-08-07T16:56:38Z,2027-03-26,231,82000.0,P,0.282,0.2865,0.2847,66590.53,64807.84,0.39740000000000003,-0.6918,2e-05,186.2672,3.9,0.0
2026-08-07T16:56:38Z,2027-03-26,231,84000.0,C,0.047,0.048,0.0474,66590.53,64807.84,0.3975,0.28197,2e-05,178.78745,266.3,0.3
2026-08-07T16:56:38Z,2027-03-26,231,84000.0,P,0.306,0.3115,0.3089,66589.99,64807.84,0.3975,-0.71804,2e-05,178.78336,55.1,0.0
2026-08-07T16:56:38Z,2027-03-26,231,85000.0,C,0.044,0.0455,0.0447,66590.53,64807.84,0.39740000000000003,0.26937,2e-05,174.81454,94.1,0.0
2026-08-07T16:56:38Z,2027-03-26,231,85000.0,P,0.317,0.3235,0.3212,66590.53,64807.84,0.39740000000000003,-0.73063,2e-05,174.81454,0.9,0.0
2026-08-07T16:56:38Z,2027-03-26,231,86000.0,C,0.0415,0.0425,0.0421,66590.53,64807.84,0.3975,0.25734,2e-05,170.78222,122.2,0.2
2026-08-07T16:56:38Z,2027-03-26,231,86000.0,P,0.33,0.336,0.3336,66590.53,64807.84,0.3975,-0.74266,2e-05,170.78222,1.8,0.0
2026-08-07T16:56:38Z,2027-03-26,231,88000.0,C,0.037,0.038,0.0374,66589.99,64807.84,0.39759999999999995,0.23448,1e-05,162.46111,70.9,0.1
2026-08-07T16:56:38Z,2027-03-26,231,88000.0,P,0.3555,0.3615,0.3589,66589.99,64807.84,0.39759999999999995,-0.76552,1e-05,162.46111,4.5,0.0
2026-08-07T16:56:38Z,2027-03-26,231,90000.0,C,0.0325,0.034,0.0332,66590.53,64807.84,0.39770000000000005,0.21335,1e-05,153.97174,507.9,1.0
2026-08-07T16:56:38Z,2027-03-26,231,90000.0,P,0.381,0.3875,0.3848,66589.99,64807.84,0.39770000000000005,-0.78666,1e-05,153.96735,14.1,0.0
2026-08-07T16:56:38Z,2027-03-26,231,92000.0,C,0.029,0.0305,0.0296,66590.64,64807.84,0.3985,0.19436,1e-05,145.64577,127.3,0.7
2026-08-07T16:56:38Z,2027-03-26,231,92000.0,P,0.4075,0.414,0.4112,66590.53,64807.84,0.3985,-0.80565,1e-05,145.64471,0.6,0.0
2026-08-07T16:56:38Z,2027-03-26,231,94000.0,C,0.0255,0.027,0.0262,66590.53,64807.84,0.3986,0.17625,1e-05,137.06508,145.2,0.0
2026-08-07T16:56:38Z,2027-03-26,231,94000.0,P,0.434,0.441,0.4379,66590.53,64807.84,0.3986,-0.82375,1e-05,137.06508,9.1,0.0
2026-08-07T16:56:38Z,2027-03-26,231,95000.0,C,0.024,0.0255,0.0247,66589.99,64807.84,0.3986,0.16774,1e-05,132.79854,344.4,0.1
2026-08-07T16:56:38Z,2027-03-26,231,95000.0,P,0.4475,0.4545,0.4513,66589.99,64807.84,0.3986,-0.83226,1e-05,132.79854,0.6,0.0
2026-08-07T16:56:38Z,2027-03-26,231,96000.0,C,0.0225,0.024,0.0233,66590.53,64807.84,0.39890000000000003,0.15989,1e-05,128.73454,132.9,0.0
2026-08-07T16:56:38Z,2027-03-26,231,96000.0,P,0.461,0.468,0.465,66590.53,64807.84,0.39890000000000003,-0.84011,1e-05,128.73454,1.6,0.0
2026-08-07T16:56:38Z,2027-03-26,231,98000.0,C,0.02,0.0215,0.0207,66590.53,64807.84,0.3993,0.14486,1e-05,120.56722,102.6,0.0
2026-08-07T16:56:38Z,2027-03-26,231,98000.0,P,0.4885,0.496,0.4924,66590.66,64807.84,0.3993,-0.85514,1e-05,120.56865,0.2,0.0
2026-08-07T16:56:38Z,2027-03-26,231,100000.0,C,0.018,0.0195,0.0187,66590.66,64807.84,0.4021,0.13299,1e-05,113.74558,559.8,1.1
2026-08-07T16:56:38Z,2027-03-26,231,100000.0,P,0.516,0.524,0.5205,66590.53,64807.84,0.4021,-0.86701,1e-05,113.74459,12.1,0.0
2026-08-07T16:56:38Z,2027-03-26,231,102000.0,C,0.016,0.0175,0.0166,66590.66,64807.84,0.4025,0.12041,1e-05,106.14021,105.8,0.0
2026-08-07T16:56:38Z,2027-03-26,231,102000.0,P,0.5435,0.552,0.5484,66590.66,64807.84,0.4025,-0.87959,1e-05,106.14021,0.1,0.0
2026-08-07T16:56:38Z,2027-03-26,231,104000.0,C,0.014,0.0155,0.0147,66590.66,64807.84,0.4025,0.10868,1e-05,98.67417,101.4,0.0
2026-08-07T16:56:38Z,2027-03-26,231,104000.0,P,0.572,0.58,0.5766,66590.66,64807.84,0.4025,-0.89132,1e-05,98.67417,0.1,0.0
2026-08-07T16:56:38Z,2027-03-26,231,105000.0,C,0.0135,0.015,0.0142,66590.66,64807.84,0.4046,0.1047,1e-05,96.04778,183.3,0.1
2026-08-07T16:56:38Z,2027-03-26,231,105000.0,P,0.586,0.5945,0.591,66590.66,64807.84,0.4046,-0.8953,1e-05,96.04778,0.4,0.1
2026-08-07T16:56:38Z,2027-03-26,231,106000.0,C,0.0125,0.014,0.0133,66590.66,64807.84,0.4046,0.09945,1e-05,92.52354,43.5,0.0
2026-08-07T16:56:38Z,2027-03-26,231,106000.0,P,0.6,0.6085,0.6052,66590.66,64807.84,0.4046,-0.90055,1e-05,92.52354,0.1,0.0
2026-08-07T16:56:38Z,2027-03-26,231,108000.0,C,0.0115,0.0125,0.0119,66590.53,64807.84,0.4056,0.09035,1e-05,86.20586,57.3,0.0
2026-08-07T16:56:38Z,2027-03-26,231,108000.0,P,0.6285,0.6375,0.6338,66590.66,64807.84,0.4056,-0.90965,1e-05,86.20673,0.1,0.0
2026-08-07T16:56:38Z,2027-03-26,231,110000.0,C,0.01,0.0115,0.0107,66590.66,64807.84,0.40659999999999996,0.08206,1e-05,80.21789,531.9,2.4
2026-08-07T16:56:38Z,2027-03-26,231,110000.0,P,0.658,0.666,0.6626,66590.66,64807.84,0.40659999999999996,-0.91794,1e-05,80.21789,3.5,0.5
2026-08-07T16:56:38Z,2027-03-26,231,112000.0,C,0.009,0.0105,0.0097,66590.66,64807.84,0.4086,0.07517,1e-05,75.05586,62.7,0.0
2026-08-07T16:56:38Z,2027-03-26,231,112000.0,P,0.686,0.6955,0.6916,66590.66,64807.84,0.4086,-0.92483,1e-05,75.05586,0.1,0.0
2026-08-07T16:56:38Z,2027-03-26,231,115000.0,C,0.008,0.009,0.0084,66590.66,64807.84,0.41229999999999994,0.06637,1e-05,68.20684,761.7,0.0
2026-08-07T16:56:38Z,2027-03-26,231,115000.0,P,0.7295,0.7395,0.7354,66590.66,64807.84,0.41229999999999994,-0.93363,1e-05,68.20684,1.2,0.0
2026-08-07T16:56:38Z,2027-03-26,231,120000.0,C,0.006,0.007,0.0064,66590.66,64807.84,0.41450000000000004,0.05232,0.0,56.60145,327.9,0.9
2026-08-07T16:56:38Z,2027-03-26,231,120000.0,P,0.8025,0.8145,0.8085,66590.67,64807.84,0.41450000000000004,-0.94768,0.0,56.60191,1.8,0.0
2026-08-07T16:56:38Z,2027-03-26,231,125000.0,C,0.005,0.006,0.0055,66590.64,64807.84,0.42369999999999997,0.04442,0.0,49.64881,125.5,0.0
2026-08-07T16:56:38Z,2027-03-26,231,125000.0,P,0.876,0.894,0.8826,66590.64,64807.84,0.42369999999999997,-0.95558,0.0,49.64881,0.1,0.0
2026-08-07T16:56:38Z,2027-03-26,231,130000.0,C,0.0041,0.0045,0.0043,66590.64,64807.84,0.4265,0.03563,0.0,41.50008,1066.0,6.7
2026-08-07T16:56:38Z,2027-03-26,231,130000.0,P,0.921,1.037,0.9565,66590.64,64807.84,0.4265,-0.96437,0.0,41.50008,0.3,0.0
2026-08-07T16:56:38Z,2027-03-26,231,140000.0,C,0.0027,0.0033,0.003,66590.64,64807.84,0.4388,0.02524,0.0,31.18301,761.4,0.5
2026-08-07T16:56:38Z,2027-03-26,231,140000.0,P,1.032,1.19,1.1054,66590.64,64807.84,0.4388,-0.97476,0.0,31.18301,0.0,0.0
2026-08-07T16:56:38Z,2027-03-26,231,150000.0,C,0.0021,0.0025,0.0022,66590.64,64807.84,0.4531,0.01901,0.0,24.54583,1902.2,2.2
2026-08-07T16:56:38Z,2027-03-26,231,150000.0,P,1.177,1.344,1.2548,66590.67,64807.84,0.4531,-0.98099,0.0,24.5459,0.5,0.0
2026-08-07T16:56:38Z,2027-03-26,231,160000.0,C,0.0015,0.0019,0.0016,66590.64,64807.84,0.46340000000000003,0.01407,0.0,18.96753,860.5,0.1
2026-08-07T16:56:38Z,2027-03-26,231,160000.0,P,1.322,1.4975,1.4044,66590.67,64807.84,0.46340000000000003,-0.98593,0.0,18.96759,0.0,0.0
2026-08-07T16:56:38Z,2027-03-26,231,170000.0,C,0.0011,0.0015,0.0012,66590.64,64807.84,0.4736,0.01069,0.0,14.94999,249.9,0.1
2026-08-07T16:56:38Z,2027-03-26,231,170000.0,P,1.4665,1.652,1.5542,66590.64,64807.84,0.4736,-0.98931,0.0,14.94999,0.1,0.0
2026-08-07T16:56:38Z,2027-03-26,231,180000.0,C,0.0009,0.0013,0.001,66590.64,64807.84,0.4877,0.00886,0.0,12.68811,641.6,0.0
2026-08-07T16:56:38Z,2027-03-26,231,180000.0,P,1.612,1.8075,1.7041,66590.64,64807.84,0.4877,-0.99114,0.0,12.68811,0.0,0.0
2026-08-07T16:56:38Z,2027-03-26,231,190000.0,C,0.0007,0.0011,0.0009,66590.64,64807.84,0.5015999999999999,0.00755,0.0,11.02177,882.8,0.6
2026-08-07T16:56:38Z,2027-03-26,231,190000.0,P,1.7565,1.9625,1.8542,66590.64,64807.84,0.5015999999999999,-0.99245,0.0,11.02177,0.9,0.0
2026-08-07T16:56:38Z,2027-03-26,231,200000.0,C,0.0006,0.001,0.0008,66590.64,64807.84,0.5153,0.00656,0.0,9.74509,502.7,0.0
2026-08-07T16:56:38Z,2027-03-26,231,200000.0,P,1.902,2.1175,2.0042,66590.64,64807.84,0.5153,-0.99344,0.0,9.74509,1.0,0.0
2026-08-07T16:56:38Z,2027-06-25,322,30000.0,C,0.5655,0.5685,0.567,67310.74,64807.84,0.603,0.95644,0.0,58.3453,37.0,0.1
2026-08-07T16:56:38Z,2027-06-25,322,30000.0,P,0.012,0.013,0.0127,67310.74,64807.84,0.603,-0.04356,0.0,58.3453,308.0,0.0
2026-08-07T16:56:38Z,2027-06-25,322,40000.0,C,0.431,0.4345,0.4325,67310.72,64807.84,0.5182,0.90542,1e-05,106.44643,17.0,0.0
2026-08-07T16:56:38Z,2027-06-25,322,40000.0,P,0.026,0.027,0.0268,67310.53,64807.84,0.5182,-0.09458,1e-05,106.44665,505.2,10.7
2026-08-07T16:56:38Z,2027-06-25,322,45000.0,C,0.368,0.372,0.3701,67310.72,64807.84,0.4888,0.86584,1e-05,136.60119,0.6,0.0
2026-08-07T16:56:38Z,2027-06-25,322,45000.0,P,0.0375,0.0395,0.0386,67309.97,64807.84,0.4888,-0.13417,1e-05,136.60278,247.6,10.0
2026-08-07T16:56:38Z,2027-06-25,322,50000.0,C,0.31,0.314,0.312,67310.72,64807.84,0.4653,0.81569,1e-05,168.26897,17.1,0.0
2026-08-07T16:56:38Z,2027-06-25,322,50000.0,P,0.054,0.056,0.0548,67310.53,64807.84,0.4653,-0.18431,1e-05,168.26948,285.1,0.6
2026-08-07T16:56:38Z,2027-06-25,322,52000.0,C,0.2885,0.2925,0.2904,67310.53,64807.84,0.45799999999999996,0.79253,1e-05,180.80497,1.1,0.0
2026-08-07T16:56:38Z,2027-06-25,322,52000.0,P,0.062,0.064,0.0629,67310.53,64807.84,0.45799999999999996,-0.20747,1e-05,180.80497,17.7,2.0
2026-08-07T16:56:38Z,2027-06-25,322,54000.0,C,0.268,0.2715,0.2696,67310.72,64807.84,0.45130000000000003,0.76789,1e-05,192.84261,0.7,0.0
2026-08-07T16:56:38Z,2027-06-25,322,54000.0,P,0.071,0.073,0.0719,67310.53,64807.84,0.45130000000000003,-0.23212,1e-05,192.84301,20.2,0.0
2026-08-07T16:56:38Z,2027-06-25,322,55000.0,C,0.258,0.2615,0.2596,67310.72,64807.84,0.4482,0.75504,1e-05,198.61496,0.9,0.0
2026-08-07T16:56:38Z,2027-06-25,322,55000.0,P,0.0755,0.078,0.0767,67310.53,64807.84,0.4482,-0.24496,1e-05,198.61532,7.8,0.4
2026-08-07T16:56:38Z,2027-06-25,322,56000.0,C,0.2485,0.252,0.2499,67310.72,64807.84,0.44530000000000003,0.74187,1e-05,204.18718,2.0,0.0
2026-08-07T16:56:38Z,2027-06-25,322,56000.0,P,0.081,0.083,0.0818,67310.53,64807.84,0.44530000000000003,-0.25813,1e-05,204.1875,41.6,0.0
2026-08-07T16:56:38Z,2027-06-25,322,58000.0,C,0.2295,0.233,0.2309,67310.72,64807.84,0.4396,0.71468,1e-05,214.627,5.1,0.0
2026-08-07T16:56:38Z,2027-06-25,322,58000.0,P,0.0915,0.0935,0.0926,67310.53,64807.84,0.4396,-0.28532,1e-05,214.62723,15.0,1.1
2026-08-07T16:56:38Z,2027-06-25,322,60000.0,C,0.2115,0.2155,0.2131,67310.72,64807.84,0.43479999999999996,0.68644,1e-05,224.01704,943.4,0.0
2026-08-07T16:56:38Z,2027-06-25,322,60000.0,P,0.1035,0.1055,0.1045,67310.53,64807.84,0.43479999999999996,-0.31356,1e-05,224.01716,75.7,1.1
2026-08-07T16:56:38Z,2027-06-25,322,62000.0,C,0.195,0.1985,0.1963,67310.72,64807.84,0.4302,0.65742,1e-05,232.18335,94.3,0.0
2026-08-07T16:56:38Z,2027-06-25,322,62000.0,P,0.1165,0.1185,0.1174,67310.53,64807.84,0.4302,-0.34258,1e-05,232.18336,34.8,0.0
2026-08-07T16:56:38Z,2027-06-25,322,64000.0,C,0.179,0.182,0.1804,67310.53,64807.84,0.42619999999999997,0.62782,1e-05,239.01869,18.6,0.1
2026-08-07T16:56:38Z,2027-06-25,322,64000.0,P,0.1305,0.1325,0.1313,67309.97,64807.84,0.42619999999999997,-0.37218,1e-05,239.01832,13.5,0.0
2026-08-07T16:56:38Z,2027-06-25,322,66000.0,C,0.1645,0.1675,0.1656,67309.97,64807.84,0.4225,0.59788,1e-05,244.44365,27.1,3.4
2026-08-07T16:56:38Z,2027-06-25,322,66000.0,P,0.1445,0.1475,0.1461,67309.97,64807.84,0.4225,-0.40212,1e-05,244.44366,35.1,3.3
2026-08-07T16:56:38Z,2027-06-25,322,68000.0,C,0.1505,0.154,0.1515,67309.97,64807.84,0.41869999999999996,0.56773,1e-05,248.42778,9.9,0.2
2026-08-07T16:56:38Z,2027-06-25,322,68000.0,P,0.16,0.1635,0.1618,67309.97,64807.84,0.41869999999999996,-0.43227,1e-05,248.42778,8.7,0.7
2026-08-07T16:56:38Z,2027-06-25,322,70000.0,C,0.138,0.141,0.1394,67309.97,64807.84,0.418,0.53836,2e-05,250.90289,186.5,0.2
2026-08-07T16:56:38Z,2027-06-25,322,70000.0,P,0.1765,0.1805,0.1794,67309.97,64807.84,0.418,-0.46164,2e-05,250.90289,9.5,0.0
2026-08-07T16:56:38Z,2027-06-25,322,72000.0,C,0.1265,0.129,0.1275,67309.97,64807.84,0.4155,0.50892,2e-05,252.006,24.9,0.2
2026-08-07T16:56:38Z,2027-06-25,322,72000.0,P,0.195,0.198,0.1972,67309.97,64807.84,0.4155,-0.49109,2e-05,252.006,1.3,0.0
2026-08-07T16:56:38Z,2027-06-25,322,74000.0,C,0.116,0.118,0.1169,67309.97,64807.84,0.41450000000000004,0.48045,2e-05,251.76617,13.3,0.0
2026-08-07T16:56:38Z,2027-06-25,322,74000.0,P,0.2135,0.2175,0.2163,67309.97,64807.84,0.41450000000000004,-0.51955,2e-05,251.76617,0.1,0.0
2026-08-07T16:56:38Z,2027-06-25,322,76000.0,C,0.1055,0.108,0.1069,67309.97,64807.84,0.413,0.45248,2e-05,250.27869,18.6,0.0
2026-08-07T16:56:38Z,2027-06-25,322,76000.0,P,0.2325,0.237,0.236,67309.97,64807.84,0.413,-0.54752,2e-05,250.27872,9.2,9.0
2026-08-07T16:56:38Z,2027-06-25,322,78000.0,C,0.0965,0.0985,0.0976,67309.97,64807.84,0.4115,0.42525,2e-05,247.63102,9.5,0.5
2026-08-07T16:56:38Z,2027-06-25,322,78000.0,P,0.2535,0.2585,0.2564,67309.97,64807.84,0.4115,-0.57475,2e-05,247.63102,0.4,0.0
2026-08-07T16:56:38Z,2027-06-25,322,80000.0,C,0.088,0.09,0.0892,67309.97,64807.84,0.4106,0.39923,1e-05,243.98338,68.6,0.1
2026-08-07T16:56:38Z,2027-06-25,322,80000.0,P,0.274,0.2795,0.2778,67309.97,64807.84,0.4106,-0.60077,1e-05,243.98338,8.5,8.0
2026-08-07T16:56:38Z,2027-06-25,322,82000.0,C,0.0805,0.0825,0.0815,67309.97,64807.84,0.40990000000000004,0.37421,1e-05,239.43311,62.0,0.0
2026-08-07T16:56:38Z,2027-06-25,322,82000.0,P,0.296,0.302,0.2998,67309.97,64807.84,0.40990000000000004,-0.62579,1e-05,239.43311,0.2,0.0
2026-08-07T16:56:38Z,2027-06-25,322,84000.0,C,0.073,0.0755,0.0744,67309.97,64807.84,0.409,0.35013,1e-05,234.06512,2.7,0.0
2026-08-07T16:56:38Z,2027-06-25,322,84000.0,P,0.318,0.325,0.3223,67309.97,64807.84,0.409,-0.64987,1e-05,234.06512,0.1,0.0
2026-08-07T16:56:38Z,2027-06-25,322,85000.0,C,0.07,0.0725,0.0711,67309.82,64807.84,0.40869999999999995,0.33859,1e-05,231.14349,8.1,0.0
2026-08-07T16:56:38Z,2027-06-25,322,85000.0,P,0.33,0.3365,0.3339,67309.82,64807.84,0.40869999999999995,-0.66141,1e-05,231.14349,6.8,0.0
2026-08-07T16:56:38Z,2027-06-25,322,86000.0,C,0.0665,0.069,0.0679,67309.97,64807.84,0.40840000000000004,0.32729,1e-05,228.06044,2.7,0.0
2026-08-07T16:56:38Z,2027-06-25,322,86000.0,P,0.341,0.348,0.3455,67309.82,64807.84,0.40840000000000004,-0.67272,1e-05,228.05934,0.1,0.0
2026-08-07T16:56:38Z,2027-06-25,322,88000.0,C,0.061,0.063,0.062,67309.97,64807.84,0.4081,0.30566,1e-05,221.53326,2.9,0.0
2026-08-07T16:56:38Z,2027-06-25,322,88000.0,P,0.3655,0.372,0.3693,67309.97,64807.84,0.4081,-0.69434,1e-05,221.53326,0.1,0.0
2026-08-07T16:56:38Z,2027-06-25,322,90000.0,C,0.0555,0.058,0.0566,67309.82,64807.84,0.4079,0.28525,1e-05,214.60011,76.5,0.6
2026-08-07T16:56:38Z,2027-06-25,322,90000.0,P,0.3895,0.3965,0.3937,67309.82,64807.84,0.4079,-0.71475,1e-05,214.60011,0.5,0.0
2026-08-07T16:56:38Z,2027-06-25,322,92000.0,C,0.0505,0.053,0.0517,67309.97,64807.84,0.4078,0.26598,1e-05,207.34573,3.5,0.0
2026-08-07T16:56:38Z,2027-06-25,322,92000.0,P,0.4145,0.4215,0.4185,67309.82,64807.84,0.4078,-0.73402,1e-05,207.34452,0.1,0.0
2026-08-07T16:56:38Z,2027-06-25,322,95000.0,C,0.044,0.0465,0.0452,67309.81,64807.84,0.408,0.23939,1e-05,196.15118,27.0,10.0
2026-08-07T16:56:38Z,2027-06-25,322,95000.0,P,0.4525,0.4595,0.4566,67309.97,64807.84,0.408,-0.76061,1e-05,196.15231,20.1,0.0
2026-08-07T16:56:38Z,2027-06-25,322,100000.0,C,0.035,0.0375,0.0363,67309.97,64807.84,0.4089,0.20061,1e-05,177.21858,89.6,5.2
2026-08-07T16:56:38Z,2027-06-25,322,100000.0,P,0.5175,0.5255,0.5219,67309.97,64807.84,0.4089,-0.79939,1e-05,177.21858,0.1,0.0
2026-08-07T16:56:38Z,2027-06-25,322,105000.0,C,0.028,0.0305,0.0292,67309.82,64807.84,0.4103,0.16802,1e-05,158.69352,98.0,1.5
2026-08-07T16:56:38Z,2027-06-25,322,105000.0,P,0.5845,0.5925,0.5892,67309.82,64807.84,0.4103,-0.83198,1e-05,158.69352,0.1,0.0
2026-08-07T16:56:38Z,2027-06-25,322,110000.0,C,0.0225,0.025,0.0236,67309.97,64807.84,0.41159999999999997,0.14051,1e-05,140.9819,227.6,17.0
2026-08-07T16:56:38Z,2027-06-25,322,110000.0,P,0.653,0.6615,0.6578,67309.82,64807.84,0.41159999999999997,-0.85949,1e-05,140.98071,0.3,0.0
2026-08-07T16:56:38Z,2027-06-25,322,120000.0,C,0.015,0.017,0.0159,67309.97,64807.84,0.41700000000000004,0.10003,1e-05,110.90885,97.3,0.2
2026-08-07T16:56:38Z,2027-06-25,322,120000.0,P,0.7925,0.803,0.7987,67309.97,64807.84,0.41700000000000004,-0.89997,1e-05,110.90885,0.1,0.0
2026-08-07T16:56:38Z,2027-06-25,322,130000.0,C,0.01,0.012,0.011,67310.37,64807.84,0.423,0.07225,1e-05,86.92531,82.0,3.4
2026-08-07T16:56:38Z,2027-06-25,322,130000.0,P,0.9355,0.947,0.9424,67309.83,64807.84,0.423,-0.92775,1e-05,86.92205,1.3,0.0
2026-08-07T16:56:38Z,2027-06-25,322,140000.0,C,0.007,0.0085,0.0077,67310.37,64807.84,0.428,0.05244,0.0,67.67949,214.4,6.6
2026-08-07T16:56:38Z,2027-06-25,322,140000.0,P,1.013,1.1785,1.0876,67310.37,64807.84,0.428,-0.94756,0.0,67.67949,0.0,0.0
2026-08-07T16:56:38Z,2027-06-25,322,150000.0,C,0.005,0.0065,0.0057,67310.37,64807.84,0.43579999999999997,0.03968,0.0,54.09762,89.2,0.0
2026-08-07T16:56:38Z,2027-06-25,322,150000.0,P,1.1555,1.3285,1.2342,67310.37,64807.84,0.43579999999999997,-0.96032,0.0,54.09797,0.0,0.0
2026-08-07T16:56:38Z,2027-06-25,322,160000.0,C,0.004,0.0049,0.0044,67310.37,64807.84,0.44530000000000003,0.03127,0.0,44.49335,513.6,0.0
2026-08-07T16:56:38Z,2027-06-25,322,160000.0,P,1.2985,1.4795,1.3815,67310.37,64807.84,0.44530000000000003,-0.96873,0.0,44.49335,0.0,0.0
2026-08-07T16:56:38Z,2027-06-25,322,170000.0,C,0.0031,0.004,0.0035,67310.37,64807.84,0.4546,0.02513,0.0,37.09175,23.9,3.7
2026-08-07T16:56:38Z,2027-06-25,322,170000.0,P,1.441,1.6315,1.5292,67310.37,64807.84,0.4546,-0.97487,0.0,37.09174,14.6,0.0
